Synthetic Geomagnetic Indices DtOutput=   60.00   SizeKpWindow(Mins)=0180
it year mo dy hr mn sc msc Kp K_12 K_13 K_14 K_15 K_16 K_17 K_18 K_19 K_20 K_21 K_22 K_23 K_00 K_01 K_02 K_03 K_04 K_05 K_06 K_07 K_08 K_09 K_10 K_11 AL AU AE AO 
0001500 2024 05 10 13 00 00 000 0.00 0 0 0 0 0 0 0 0 0 0 0 0 0 0 0 0 0 0 0 0 0 0 0 0    -23.99     24.94     48.93      0.48
0004627 2024 05 10 13 01 00 012 0.00 0 0 0 0 0 0 0 0 0 0 0 0 0 0 0 0 0 0 0 0 0 0 0 0    -31.32     56.76     88.08     12.72
0007752 2024 05 10 13 02 00 018 0.00 0 0 0 0 0 0 0 0 0 0 0 0 0 0 0 0 0 0 0 0 0 0 0 0    -31.79     59.67     91.46     13.94
0010876 2024 05 10 13 03 00 011 0.67 0 1 1 1 1 1 1 1 1 1 1 1 1 1 0 0 0 0 0 1 1 1 0 0    -30.91     53.91     84.81     11.50
0014000 2024 05 10 13 04 00 010 1.00 1 1 1 1 1 1 1 1 2 2 2 1 1 1 1 1 1 1 1 1 1 1 1 0    -28.25     52.46     80.71     12.11
0017124 2024 05 10 13 05 00 014 1.33 1 1 1 1 1 1 1 2 2 2 2 2 1 1 1 1 1 1 1 1 1 1 1 0    -28.52     53.82     82.34     12.65
0020247 2024 05 10 13 06 00 001 1.33 1 1 1 2 2 1 1 2 2 2 2 2 2 1 1 1 1 1 1 2 2 1 1 0    -32.10     55.99     88.09     11.94
0023371 2024 05 10 13 07 00 011 1.67 1 1 2 2 2 2 2 2 2 2 2 2 2 2 1 1 1 1 2 2 2 2 1 0    -33.61     58.51     92.12     12.45
0026494 2024 05 10 13 08 00 004 1.67 1 1 2 2 2 2 2 2 2 2 2 2 2 2 1 1 1 2 2 2 2 2 1 0    -34.83     60.36     95.19     12.76
0029617 2024 05 10 13 09 00 000 1.67 1 1 2 2 2 2 2 2 2 2 2 2 2 2 1 1 2 2 2 2 2 2 1 1    -36.54     61.62     98.17     12.54
0032741 2024 05 10 13 10 00 000 1.67 1 1 2 2 2 2 2 2 2 2 2 2 2 2 1 1 2 2 2 2 2 2 1 1    -38.21     63.25    101.46     12.52
0035864 2024 05 10 13 11 00 000 1.67 1 1 2 2 2 2 2 2 2 2 2 2 2 2 1 1 2 2 2 2 2 2 1 1    -40.56     63.90    104.46     11.67
0038987 2024 05 10 13 12 00 002 1.67 1 1 2 2 2 2 2 2 2 2 2 2 2 2 2 1 2 2 2 2 2 2 1 1    -42.05     67.06    109.12     12.50
0042111 2024 05 10 13 13 00 015 1.67 1 1 2 2 2 2 2 2 2 2 2 2 2 2 2 1 2 2 2 2 2 2 1 1    -45.19     67.94    113.12     11.37
0045236 2024 05 10 13 14 00 004 1.67 1 1 2 2 2 2 2 2 2 2 2 2 2 2 2 1 2 2 2 2 2 2 1 1    -55.19     68.15    123.33      6.48
0048364 2024 05 10 13 15 00 007 2.00 1 1 2 2 2 2 2 2 3 3 2 2 2 2 2 2 2 2 2 2 2 2 1 1    -49.20     77.97    127.17     14.38
0051495 2024 05 10 13 16 00 017 2.33 1 2 2 3 2 2 3 3 3 3 3 2 2 2 2 2 2 2 3 3 2 2 1 1    -53.21     82.74    135.95     14.77
0054627 2024 05 10 13 17 00 018 2.33 1 2 2 3 2 2 3 3 3 3 3 3 2 2 2 2 2 3 3 3 2 2 1 1    -68.45     85.25    153.70      8.40
0057760 2024 05 10 13 18 00 000 2.33 1 2 2 3 2 2 3 3 3 3 3 3 2 2 2 2 2 3 3 3 3 2 1 1    -89.26     88.04    177.31     -0.61
0060900 2024 05 10 13 19 00 018 2.33 1 2 2 3 2 2 3 3 3 3 3 3 2 2 2 2 2 3 3 3 3 2 1 1   -120.08     91.79    211.88    -14.14
0064044 2024 05 10 13 20 00 000 2.33 1 2 2 3 3 2 3 3 3 3 3 3 2 2 2 2 3 3 3 3 3 2 1 1   -147.73     87.11    234.84    -30.31
0067189 2024 05 10 13 21 00 000 2.67 2 2 3 3 3 2 3 3 3 3 3 3 2 2 2 2 3 3 3 3 3 2 1 1   -169.85     83.99    253.84    -42.93
0070332 2024 05 10 13 22 00 004 2.67 2 2 3 3 3 2 3 3 3 3 3 3 2 2 2 2 3 3 3 3 3 2 1 1   -162.82     86.85    249.67    -37.98
0073474 2024 05 10 13 23 00 004 2.67 2 2 3 3 3 2 3 3 3 3 3 3 2 2 2 2 3 3 3 3 3 2 1 1   -167.10     88.67    255.77    -39.22
0076616 2024 05 10 13 24 00 016 2.67 2 2 3 3 3 2 3 3 3 3 3 3 2 2 2 2 3 3 3 3 3 2 1 1   -168.69     87.56    256.25    -40.57
0079754 2024 05 10 13 25 00 003 2.67 2 2 3 3 3 2 3 3 3 3 3 3 2 2 2 2 3 3 3 3 3 2 1 1   -163.60     89.19    252.78    -37.21
0082892 2024 05 10 13 26 00 010 2.67 2 2 3 3 3 2 3 3 3 3 3 3 2 2 2 2 3 3 3 3 3 2 1 1   -165.88     87.72    253.60    -39.08
0086031 2024 05 10 13 27 00 004 2.67 2 2 3 3 3 2 3 3 3 3 3 3 2 2 2 2 3 3 3 3 3 2 1 1   -161.50     85.78    247.28    -37.86
0089170 2024 05 10 13 28 00 007 2.67 2 2 3 3 3 2 3 3 3 3 3 3 2 2 2 2 3 3 3 3 3 2 1 1   -156.90     85.03    241.93    -35.94
0092310 2024 05 10 13 29 00 016 2.67 2 2 3 3 3 2 3 3 3 3 3 3 2 2 2 2 3 3 3 3 3 2 1 1   -153.02     83.80    236.82    -34.61
0095449 2024 05 10 13 30 00 000 2.67 2 2 3 3 3 2 3 3 3 3 3 3 2 2 2 2 3 3 3 3 3 2 1 1   -146.34     82.58    228.92    -31.88
0098587 2024 05 10 13 31 00 013 2.67 2 2 3 3 3 2 3 3 3 3 3 3 2 2 2 2 3 3 3 3 3 2 1 1   -139.85     83.40    223.25    -28.22
0101724 2024 05 10 13 32 00 002 2.67 2 2 3 3 3 2 3 3 3 3 3 3 2 2 2 2 3 3 3 3 3 2 1 1   -133.45     82.63    216.08    -25.41
0104863 2024 05 10 13 33 00 018 2.67 2 2 3 3 3 2 3 3 3 3 3 3 2 2 2 2 3 3 3 3 3 2 1 1   -123.43     82.08    205.51    -20.68
0108001 2024 05 10 13 34 00 009 2.67 2 2 3 3 3 2 3 3 3 3 3 3 2 2 2 2 3 3 3 3 3 2 1 1   -119.22     80.51    199.73    -19.36
0111140 2024 05 10 13 35 00 010 2.67 2 2 3 3 3 2 3 3 3 3 3 3 2 2 2 2 3 3 3 3 3 2 1 1   -116.70     79.58    196.28    -18.56
0114279 2024 05 10 13 36 00 009 2.67 2 2 3 3 3 2 3 3 3 3 3 3 2 2 2 2 3 3 3 3 3 2 1 1   -110.30     78.27    188.57    -16.02
0117416 2024 05 10 13 37 00 016 2.67 2 2 3 3 3 3 3 3 3 3 3 3 2 2 2 2 3 3 3 3 3 2 1 1   -107.91     78.94    186.85    -14.49
0120553 2024 05 10 13 38 00 012 2.67 2 2 3 3 3 3 3 3 3 3 3 3 2 2 2 2 3 3 3 3 3 2 1 1   -106.01     81.29    187.30    -12.36
0123691 2024 05 10 13 39 00 003 2.67 2 2 3 3 3 3 3 3 3 3 3 3 2 2 2 2 3 3 3 3 3 2 1 1   -101.40     81.25    182.65    -10.07
0126828 2024 05 10 13 40 00 000 2.67 2 2 3 3 3 3 3 3 3 3 3 3 2 2 2 2 3 3 3 3 3 2 1 1    -96.51     77.69    174.21     -9.41
0129966 2024 05 10 13 41 00 012 2.67 2 2 3 3 3 3 3 3 3 3 3 3 2 2 2 2 3 3 3 3 3 2 1 1    -94.64     78.01    172.64     -8.31
0133106 2024 05 10 13 42 00 002 2.67 2 2 3 3 3 3 3 3 3 3 3 3 2 2 2 2 3 3 3 3 3 2 1 1    -91.31     80.60    171.91     -5.35
0136247 2024 05 10 13 43 00 005 2.67 2 2 3 3 3 3 3 3 3 3 3 3 2 2 2 2 3 3 3 3 3 2 2 1    -88.70     80.10    168.80     -4.30
0139386 2024 05 10 13 44 00 014 2.67 2 2 3 3 3 3 3 3 3 3 3 3 2 2 2 2 3 3 3 3 3 2 2 1    -86.62     78.49    165.10     -4.07
0142525 2024 05 10 13 45 00 006 2.67 2 2 3 3 3 3 3 3 3 3 3 3 2 2 2 2 3 3 3 3 3 2 2 2    -85.15     78.27    163.42     -3.44
0145666 2024 05 10 13 46 00 001 2.67 2 2 3 3 3 3 3 3 3 3 3 3 2 2 2 2 3 3 3 3 3 2 2 2    -84.25     81.41    165.66     -1.42
0148808 2024 05 10 13 47 00 006 2.67 2 2 3 3 3 3 3 3 3 3 3 3 2 2 2 2 3 3 3 3 3 2 2 2    -83.78     83.25    167.03     -0.26
0151949 2024 05 10 13 48 00 005 2.67 2 2 3 3 3 3 3 3 3 3 3 3 2 2 2 2 3 3 3 3 3 2 2 2    -83.88     83.68    167.55     -0.10
0155089 2024 05 10 13 49 00 001 2.67 2 2 3 3 3 3 3 3 3 3 3 3 2 2 2 2 3 3 3 3 3 2 2 2    -82.02     81.02    163.04     -0.50
0158230 2024 05 10 13 50 00 000 2.67 2 2 3 3 3 3 3 3 3 3 3 3 2 2 2 2 3 3 3 3 3 2 2 2    -80.24     78.81    159.06     -0.72
0161373 2024 05 10 13 51 00 015 2.67 2 2 3 3 3 3 3 3 3 3 3 3 2 3 3 2 3 3 3 3 3 2 2 2    -76.50     76.27    152.77     -0.12
0164516 2024 05 10 13 52 00 013 2.67 2 2 3 3 3 3 3 3 3 3 3 3 2 3 3 2 3 3 3 3 3 2 2 2    -73.32     76.98    150.30      1.83
0167659 2024 05 10 13 53 00 016 2.67 2 2 3 3 3 3 3 3 3 3 3 3 2 3 3 2 3 3 3 3 3 2 2 2    -68.66     77.52    146.17      4.43
0170802 2024 05 10 13 54 00 013 2.67 2 2 3 3 3 3 3 3 3 3 3 3 2 3 3 2 3 3 3 3 3 2 2 2    -67.00     80.95    147.95      6.98
0173946 2024 05 10 13 55 00 016 2.67 2 2 3 3 3 3 3 3 3 3 3 3 2 3 3 2 3 3 3 3 3 2 2 2    -68.63     84.16    152.79      7.76
0177089 2024 05 10 13 56 00 015 2.67 2 2 3 3 3 3 3 3 3 3 3 3 2 3 3 2 3 3 3 3 3 2 2 2    -66.06     83.03    149.09      8.49
0180232 2024 05 10 13 57 00 004 2.67 2 2 3 3 3 3 3 3 3 3 3 3 2 3 3 2 3 3 3 3 3 2 2 2    -63.89     83.04    146.93      9.57
0183379 2024 05 10 13 58 00 005 2.67 2 2 3 3 3 3 3 3 3 3 3 3 2 3 3 2 3 3 3 3 3 2 2 2    -63.61     82.89    146.50      9.64
0186526 2024 05 10 13 59 00 011 2.67 2 2 3 3 3 3 3 3 3 3 3 3 3 3 3 2 3 3 3 3 3 2 2 2    -62.64     83.61    146.25     10.48
0189672 2024 05 10 14 00 00 000 2.67 2 2 3 3 3 3 3 3 3 3 3 3 3 3 3 2 3 3 3 3 3 2 2 2    -65.32     84.82    150.14      9.75
0192820 2024 05 10 14 01 00 004 2.67 2 2 3 3 3 3 3 3 3 3 3 3 3 3 3 3 3 3 3 3 3 2 2 2    -86.78     79.94    166.71     -3.42
0195968 2024 05 10 14 02 00 003 2.67 2 2 3 3 3 3 3 3 3 3 3 3 3 3 3 3 3 3 3 3 3 2 2 2    -89.28     87.30    176.58     -0.99
0199116 2024 05 10 14 03 00 011 2.67 2 2 3 3 3 3 3 3 3 3 3 3 3 3 3 3 3 3 3 3 3 2 2 2    -96.53     93.54    190.07     -1.50
0202262 2024 05 10 14 04 00 004 2.67 2 2 3 3 3 3 3 3 3 3 3 3 3 3 3 3 3 3 3 3 3 2 2 2    -92.00     97.11    189.11      2.56
0205408 2024 05 10 14 05 00 012 2.67 2 2 3 3 3 3 3 3 3 3 3 3 3 3 3 3 3 3 3 3 3 2 2 2    -89.12     94.60    183.72      2.74
0208555 2024 05 10 14 06 00 004 2.67 2 2 3 3 3 3 3 3 3 3 3 3 3 3 3 3 3 3 3 3 3 2 2 2    -89.53     97.97    187.51      4.22
0211701 2024 05 10 14 07 00 001 2.67 2 2 3 3 3 3 3 3 3 3 3 3 3 3 3 3 3 3 3 3 3 2 2 2    -89.88     98.60    188.47      4.36
0214846 2024 05 10 14 08 00 012 2.67 2 2 3 3 3 3 3 3 3 3 3 3 3 3 3 3 3 3 3 3 3 2 2 2    -90.04     93.79    183.82      1.87
0217993 2024 05 10 14 09 00 011 2.67 2 2 3 3 3 3 3 3 3 3 3 3 3 3 3 3 3 3 3 3 3 2 2 2    -83.79     91.74    175.54      3.97
0221141 2024 05 10 14 10 00 000 2.67 2 2 3 3 3 3 3 3 3 3 3 3 3 3 3 3 3 3 3 3 3 2 2 2    -81.72     88.28    170.00      3.28
0224289 2024 05 10 14 11 00 000 2.67 2 2 3 3 3 3 3 3 3 3 3 3 3 3 3 3 3 3 3 3 3 2 2 2    -79.08     90.34    169.42      5.63
0227437 2024 05 10 14 12 00 001 2.67 2 2 3 3 3 3 3 3 3 3 3 3 3 3 3 3 3 3 3 3 3 2 2 2    -79.38     93.12    172.50      6.87
0230585 2024 05 10 14 13 00 006 3.00 2 3 3 3 3 3 3 3 3 3 3 3 3 3 3 3 3 3 3 3 3 2 2 2    -86.44     99.83    186.27      6.69
0233733 2024 05 10 14 14 00 018 3.00 2 3 3 3 3 3 3 3 3 3 3 3 3 3 3 3 3 3 3 3 3 2 2 2    -93.42    100.51    193.93      3.55
0236879 2024 05 10 14 15 00 014 3.00 2 3 3 3 3 3 3 3 3 3 3 3 3 3 3 3 3 3 3 3 3 2 2 2    -98.06     97.19    195.25     -0.44
0240025 2024 05 10 14 16 00 001 3.00 2 3 3 3 3 3 3 3 3 3 3 3 3 3 3 3 3 3 3 3 3 2 2 2   -100.78    107.26    208.04      3.24
0243172 2024 05 10 14 17 00 003 3.00 2 3 3 3 3 3 3 3 3 3 3 3 3 3 3 3 3 3 3 3 3 2 2 2   -104.30    116.88    221.18      6.29
0246316 2024 05 10 14 18 00 003 3.00 2 3 3 3 3 3 3 3 3 3 3 3 3 3 3 3 3 3 3 3 3 2 2 2   -105.23    116.06    221.28      5.42
0249459 2024 05 10 14 19 00 003 3.00 2 3 3 3 3 3 3 3 3 3 3 3 3 3 3 3 3 3 3 3 3 2 2 2   -101.54    112.39    213.93      5.43
0252603 2024 05 10 14 20 00 000 3.00 2 3 3 3 3 3 3 3 3 3 3 3 3 3 3 3 3 3 3 3 3 2 2 2    -94.46    106.49    200.95      6.01
0255750 2024 05 10 14 21 00 002 3.00 2 3 3 3 3 3 3 3 3 3 3 3 3 3 3 3 3 3 3 3 3 2 2 2    -90.12    101.47    191.58      5.68
0258897 2024 05 10 14 22 00 014 3.00 2 3 3 3 3 3 3 3 3 3 3 3 3 3 3 3 3 3 3 3 3 2 2 2    -87.26     99.27    186.52      6.01
0262042 2024 05 10 14 23 00 019 3.00 3 3 3 3 3 3 3 3 3 3 3 3 3 3 3 3 3 3 3 3 3 3 3 2    -83.65     99.19    182.84      7.77
0265188 2024 05 10 14 24 00 011 3.00 3 3 3 3 3 3 3 3 3 3 3 3 3 3 3 3 3 3 3 3 3 3 3 3    -78.41     96.30    174.71      8.94
0268336 2024 05 10 14 25 00 006 3.00 3 3 3 3 3 3 3 3 3 3 3 3 3 3 3 3 3 3 3 3 3 3 3 3    -73.58     94.92    168.50     10.67
0271487 2024 05 10 14 26 00 003 3.00 3 3 3 3 3 3 3 3 3 3 3 3 3 3 3 3 3 3 3 3 3 3 3 3    -69.94     90.94    160.89     10.50
0274638 2024 05 10 14 27 00 000 3.00 3 3 3 3 3 3 3 3 3 3 3 3 3 3 3 3 3 3 3 3 3 3 3 3    -61.89     89.17    151.06     13.64
0277784 2024 05 10 14 28 00 006 3.00 3 3 3 3 3 3 3 3 3 3 3 3 3 3 3 3 3 3 3 3 3 3 3 3    -59.11     95.18    154.29     18.04
0280924 2024 05 10 14 29 00 004 3.00 3 3 3 3 3 3 3 3 3 3 3 3 3 3 3 3 3 3 3 3 3 3 3 3    -56.74     95.97    152.71     19.61
0284062 2024 05 10 14 30 00 000 3.33 3 3 3 3 3 3 3 4 4 4 4 4 3 3 3 3 3 3 3 3 3 3 3 3    -51.26     92.65    143.91     20.70
0287191 2024 05 10 14 31 00 012 3.33 3 3 3 3 3 3 3 4 4 4 4 4 3 3 3 3 3 3 3 3 3 3 3 3    -46.74     88.95    135.69     21.11
0290319 2024 05 10 14 32 00 010 3.33 3 3 3 3 3 3 3 4 4 4 4 4 4 3 3 3 3 3 3 4 3 3 3 3    -42.09     86.59    128.68     22.25
0293448 2024 05 10 14 33 00 008 3.33 3 3 3 3 3 3 4 4 4 4 4 4 4 3 3 3 3 3 3 4 4 3 3 3    -32.94     82.43    115.36     24.75
0296576 2024 05 10 14 34 00 000 3.33 3 3 3 3 3 3 4 4 4 4 4 4 4 3 3 3 3 3 4 4 4 3 3 3    -25.54     77.51    103.05     25.98
0299704 2024 05 10 14 35 00 004 3.33 3 3 3 3 3 3 4 4 4 4 4 4 4 3 3 3 3 3 4 4 4 3 3 3    -17.26     74.18     91.44     28.46
0302832 2024 05 10 14 36 00 010 3.33 3 3 3 3 3 3 4 4 4 4 4 4 4 3 3 3 3 3 4 4 4 3 3 3     -4.82     74.75     79.57     34.97
0305959 2024 05 10 14 37 00 008 3.33 3 3 3 3 3 3 4 4 4 4 4 4 4 3 3 3 3 3 4 4 4 3 3 3      1.01     75.69     74.68     38.35
0309087 2024 05 10 14 38 00 009 3.33 3 3 3 3 3 3 4 4 4 4 4 4 4 3 3 3 3 3 4 4 4 3 3 3      5.87     74.87     69.01     40.37
0312216 2024 05 10 14 39 00 002 3.33 3 3 3 3 3 3 4 4 4 4 4 4 4 3 3 3 3 3 4 4 4 3 3 3     -0.91     72.88     73.78     35.99
0315348 2024 05 10 14 40 00 000 3.33 3 3 3 3 3 3 4 4 4 4 4 4 4 3 3 3 3 3 4 4 4 3 3 3    -11.76     77.09     88.85     32.67
0318480 2024 05 10 14 41 00 004 3.33 3 3 3 3 3 3 4 4 4 4 4 4 4 3 3 3 3 3 4 4 4 3 3 3    -16.87     81.19     98.07     32.16
0321611 2024 05 10 14 42 00 004 3.33 3 3 3 3 3 3 4 4 4 4 4 4 4 3 3 3 3 3 4 4 4 3 3 3    -17.60     82.39     99.98     32.40
0324741 2024 05 10 14 43 00 002 3.33 3 3 3 3 3 3 4 4 4 4 4 4 4 3 3 3 3 3 4 4 4 3 3 3    -20.13     79.98    100.11     29.92
0327869 2024 05 10 14 44 00 016 3.33 3 3 3 3 3 3 4 4 4 4 4 4 4 3 3 3 3 3 4 4 4 3 3 3    -17.68     77.29     94.96     29.80
0330994 2024 05 10 14 45 00 018 3.33 3 3 3 3 3 3 4 4 4 4 4 4 4 3 3 3 3 3 4 4 4 3 3 3    -18.26     73.16     91.43     27.45
0334118 2024 05 10 14 46 00 009 3.33 3 3 3 3 3 3 4 4 4 4 4 4 4 3 3 3 3 3 4 4 4 3 3 3    -28.65     68.15     96.80     19.75
0337242 2024 05 10 14 47 00 002 3.33 3 3 3 3 3 3 4 4 4 4 4 4 4 3 3 3 3 3 4 4 4 3 3 3    -34.55     84.60    119.15     25.02
0340373 2024 05 10 14 48 00 009 3.33 3 3 3 3 3 3 4 4 4 4 4 4 4 3 3 3 3 3 4 4 4 3 3 3    -43.00     89.96    132.96     23.48
0343507 2024 05 10 14 49 00 017 3.33 3 3 3 3 3 3 4 4 4 4 4 4 4 3 3 3 3 3 4 4 4 3 3 3    -50.42     97.49    147.91     23.53
0346641 2024 05 10 14 50 00 000 3.33 3 3 3 3 3 3 4 4 4 4 4 4 4 3 3 3 3 3 4 4 4 3 3 3    -54.46    103.47    157.93     24.50
0349779 2024 05 10 14 51 00 015 3.33 3 3 3 3 3 3 4 4 4 4 4 4 4 3 3 3 3 3 4 4 4 3 3 3    -55.66    101.11    156.77     22.72
0352917 2024 05 10 14 52 00 005 3.33 3 3 3 3 3 3 4 4 4 4 4 4 4 3 3 3 3 3 4 4 4 3 3 3    -30.36    111.58    141.94     40.61
0356056 2024 05 10 14 53 00 006 3.33 3 3 3 3 3 3 4 4 4 4 4 4 4 3 3 3 3 3 4 4 4 3 3 3    -35.38    116.47    151.86     40.55
0359196 2024 05 10 14 54 00 004 3.33 3 3 3 3 3 3 4 4 4 4 4 4 4 3 3 3 3 3 4 4 4 3 3 3    -40.72    114.12    154.84     36.70
0362335 2024 05 10 14 55 00 011 3.33 3 3 3 3 3 3 4 4 4 4 4 4 4 3 3 3 4 3 4 4 4 3 3 3    -44.40    117.99    162.39     36.80
0365474 2024 05 10 14 56 00 013 3.33 3 3 3 3 3 3 4 4 4 4 4 4 4 3 3 3 4 3 4 4 4 3 3 3    -60.13    108.88    169.02     24.37
0368613 2024 05 10 14 57 00 017 3.33 3 3 3 3 3 3 4 4 4 4 4 4 4 3 3 3 4 3 4 4 4 3 3 3    -64.25    108.86    173.11     22.31
0371752 2024 05 10 14 58 00 011 3.33 3 3 3 3 3 3 4 4 4 4 4 4 4 3 3 3 4 3 4 4 4 3 3 3    -64.17    109.60    173.78     22.72
0374890 2024 05 10 14 59 00 012 3.33 3 3 3 3 3 3 4 4 4 4 4 4 4 3 3 3 4 3 4 4 4 3 3 3    -67.40    111.15    178.56     21.87
0378029 2024 05 10 15 00 00 000 3.33 3 3 3 3 3 3 4 4 4 4 4 4 4 3 3 3 4 3 4 4 4 3 3 3    -64.51    110.47    174.98     22.98
0381170 2024 05 10 15 01 00 016 3.67 3 3 3 3 3 3 4 4 4 4 4 4 4 3 3 4 4 3 4 4 4 3 3 3    -50.68    122.20    172.89     35.76
0384307 2024 05 10 15 02 00 009 3.67 3 3 3 3 3 3 4 4 4 4 4 4 4 3 3 4 4 3 4 4 4 3 3 3    -71.89    111.26    183.15     19.68
0387446 2024 05 10 15 03 00 015 3.67 3 3 3 3 3 3 4 4 4 4 4 4 4 3 3 4 4 3 4 4 4 3 3 3    -70.45    110.69    181.15     20.12
0390587 2024 05 10 15 04 00 016 3.67 3 3 3 3 3 3 4 4 4 4 4 4 4 3 3 4 4 3 4 4 4 3 3 3    -71.96    106.87    178.83     17.46
0393723 2024 05 10 15 05 00 018 3.67 3 3 3 3 3 3 4 4 4 4 4 4 4 3 3 4 4 3 4 4 4 3 3 3    -83.90    105.03    188.93     10.56
0396861 2024 05 10 15 06 00 016 3.67 3 3 3 3 3 3 4 4 4 4 4 4 4 4 3 4 4 3 4 4 4 3 3 3    -84.65    102.12    186.77      8.73
0400001 2024 05 10 15 07 00 017 3.67 3 3 3 3 3 3 4 4 4 4 4 4 4 4 3 4 4 3 4 4 4 3 3 3    -84.19    106.08    190.27     10.95
0403137 2024 05 10 15 08 00 003 3.67 3 3 3 3 3 3 4 4 4 4 4 4 4 4 3 4 4 3 4 4 4 3 3 3    -90.89    104.94    195.83      7.02
0406273 2024 05 10 15 09 00 001 3.67 3 3 3 3 3 3 4 4 4 4 4 4 4 4 3 4 4 3 4 4 4 3 3 3    -91.29    103.19    194.48      5.95
0409410 2024 05 10 15 10 00 000 3.67 3 3 3 3 3 3 4 4 4 4 4 4 4 4 3 4 4 3 4 4 4 3 3 3    -88.43    103.10    191.53      7.33
0412547 2024 05 10 15 11 00 015 3.67 3 3 3 3 3 3 4 4 4 4 4 4 4 4 3 4 4 3 4 4 4 4 3 3    -80.19    102.46    182.65     11.14
0415682 2024 05 10 15 12 00 003 3.67 3 3 3 3 3 3 4 4 4 4 4 4 4 4 3 4 4 3 4 4 4 4 3 3    -76.42     98.47    174.89     11.03
0418817 2024 05 10 15 13 00 003 3.67 3 3 3 3 3 3 4 4 4 4 4 4 4 4 3 4 4 3 4 4 4 4 3 3    -71.18     96.13    167.31     12.48
0421951 2024 05 10 15 14 00 001 3.67 3 3 3 3 3 3 4 4 4 4 4 4 4 4 3 4 4 3 4 4 4 4 3 3    -69.08     92.16    161.24     11.54
0425084 2024 05 10 15 15 00 007 3.67 3 3 3 3 3 3 4 4 4 4 4 4 4 4 3 4 4 3 4 4 4 4 3 3    -68.12     92.63    160.75     12.26
0428216 2024 05 10 15 16 00 012 3.67 3 3 3 3 3 3 4 4 4 4 4 4 4 4 3 4 4 3 4 4 4 4 3 3    -67.36     89.72    157.08     11.18
0431347 2024 05 10 15 17 00 003 3.67 3 3 3 3 3 3 4 4 4 4 4 4 4 4 3 4 4 3 4 4 4 4 3 3    -61.61     89.11    150.72     13.75
0434478 2024 05 10 15 18 00 011 3.67 3 3 3 3 3 3 4 4 4 4 4 4 4 4 3 4 4 3 4 4 4 4 3 3    -60.43     87.11    147.53     13.34
0437607 2024 05 10 15 19 00 010 3.67 3 3 3 3 3 3 4 4 4 4 4 4 4 4 3 4 4 3 4 4 4 4 3 3    -57.49     85.40    142.89     13.96
0440735 2024 05 10 15 20 00 000 3.67 3 3 3 3 3 3 4 4 4 4 4 4 4 4 3 4 4 3 4 4 4 4 3 3    -53.79     83.07    136.86     14.64
0443864 2024 05 10 15 21 00 015 3.67 3 3 3 3 3 3 4 4 4 4 4 4 4 4 3 4 4 3 4 4 4 4 3 3    -56.23     81.29    137.52     12.53
0446990 2024 05 10 15 22 00 000 3.67 3 3 3 3 3 3 4 4 4 4 4 4 4 4 3 4 4 3 4 4 4 4 3 3    -62.02     80.91    142.93      9.44
0450115 2024 05 10 15 23 00 005 3.67 3 3 3 3 3 3 4 4 4 4 4 4 4 4 3 4 4 3 4 4 4 4 3 3    -67.93     79.57    147.51      5.82
0453244 2024 05 10 15 24 00 008 3.67 3 3 3 3 3 3 4 4 4 4 4 4 4 4 3 4 4 3 4 4 4 4 3 3    -68.56     83.23    151.79      7.33
0456373 2024 05 10 15 25 00 002 3.67 3 3 3 3 3 3 4 4 4 4 4 4 4 4 3 4 4 3 4 4 4 4 3 3    -68.27     81.65    149.91      6.69
0459502 2024 05 10 15 26 00 000 3.67 3 3 3 3 3 3 4 4 4 4 4 4 4 4 3 4 4 3 4 4 4 4 3 3    -66.88     82.07    148.95      7.59
0462632 2024 05 10 15 27 00 001 3.67 3 3 3 3 3 3 4 4 4 4 4 4 4 4 3 4 4 3 4 4 4 4 3 3    -68.26     80.47    148.73      6.11
0465762 2024 05 10 15 28 00 007 3.67 3 3 3 3 3 3 4 4 4 4 4 4 4 4 3 4 4 3 4 4 4 4 3 3    -69.52     79.24    148.76      4.86
0468892 2024 05 10 15 29 00 008 3.67 3 3 3 3 3 3 4 4 4 4 4 4 4 4 3 4 4 3 4 4 4 4 3 3    -71.11     78.67    149.78      3.78
0472020 2024 05 10 15 30 00 000 3.67 3 3 3 3 3 3 4 4 4 4 4 4 4 4 3 4 4 3 4 4 4 4 3 3    -68.06     79.29    147.35      5.61
0475152 2024 05 10 15 31 00 014 3.67 3 3 3 3 3 3 4 4 4 4 4 4 4 4 3 4 4 3 4 4 4 4 3 3    -67.25     74.96    142.21      3.85
0478283 2024 05 10 15 32 00 013 3.67 3 3 3 3 3 3 4 4 4 4 4 4 4 4 3 4 4 3 4 4 4 4 3 3    -65.28     74.65    139.93      4.68
0481412 2024 05 10 15 33 00 013 3.67 3 3 3 3 3 3 4 4 4 4 4 4 4 4 3 4 4 3 4 4 4 4 3 3    -63.53     69.39    132.93      2.93
0484543 2024 05 10 15 34 00 004 3.67 3 3 3 3 3 3 4 4 4 4 4 4 4 4 3 4 4 3 4 4 4 4 3 3    -65.87     68.04    133.91      1.08
0487674 2024 05 10 15 35 00 013 3.67 3 3 3 3 3 3 4 4 4 4 4 4 4 4 3 4 4 3 4 4 4 4 3 3    -66.52     69.95    136.47      1.72
0490803 2024 05 10 15 36 00 000 3.67 3 3 3 3 3 3 4 4 4 4 4 4 4 4 3 4 4 3 4 4 4 4 3 3    -66.50     68.09    134.59      0.80
0493936 2024 05 10 15 37 00 017 3.67 3 3 3 3 3 3 4 4 4 4 4 4 4 4 3 4 4 3 4 4 4 4 3 3    -62.97     62.37    125.34     -0.30
0497068 2024 05 10 15 38 00 010 3.67 3 3 3 3 3 3 4 4 4 4 4 4 4 4 3 4 4 3 4 4 4 4 3 3    -62.17     62.68    124.85      0.26
0500196 2024 05 10 15 39 00 010 3.67 3 3 3 3 3 3 4 4 4 4 4 4 4 4 3 4 4 3 4 4 4 4 3 3    -60.09     66.36    126.44      3.14
0503324 2024 05 10 15 40 00 000 3.67 3 3 3 3 3 3 4 4 4 4 4 4 4 4 3 4 4 3 4 4 4 4 3 3    -57.17     67.26    124.43      5.04
0506455 2024 05 10 15 41 00 000 3.67 3 3 3 3 3 3 4 4 4 4 4 4 4 4 3 4 4 3 4 4 4 4 3 3    -54.17     66.32    120.50      6.08
0509584 2024 05 10 15 42 00 005 3.67 3 3 3 3 3 3 4 4 4 4 4 4 4 4 3 4 4 3 4 4 4 4 3 3    -54.02     63.16    117.18      4.57
0512713 2024 05 10 15 43 00 016 3.67 3 3 3 3 3 3 4 4 4 4 4 4 4 4 3 4 4 3 4 4 4 4 3 3    -55.37     61.29    116.65      2.96
0515841 2024 05 10 15 44 00 009 3.67 3 3 3 3 3 3 4 4 4 4 4 4 4 4 3 4 4 3 4 4 4 4 3 3    -57.22     63.77    120.99      3.27
0518970 2024 05 10 15 45 00 007 3.67 3 3 3 3 3 3 4 4 4 4 4 4 4 4 3 4 4 3 4 4 4 4 3 3    -57.94     66.24    124.18      4.15
0522100 2024 05 10 15 46 00 015 3.67 3 3 3 3 3 3 4 4 4 4 4 4 4 4 3 4 4 3 4 4 4 4 3 3    -57.56     67.27    124.83      4.85
0525231 2024 05 10 15 47 00 018 3.67 3 3 3 3 3 3 4 4 4 4 4 4 4 4 3 4 4 3 4 4 4 4 3 3    -56.03     67.74    123.77      5.86
0528361 2024 05 10 15 48 00 001 3.67 3 3 3 3 3 3 4 4 4 4 4 4 4 4 3 4 4 3 4 4 4 4 3 3    -53.29     68.76    122.06      7.74
0531494 2024 05 10 15 49 00 015 3.67 3 3 3 3 3 3 4 4 4 4 4 4 4 4 3 4 4 3 4 4 4 4 3 3    -50.37     68.85    119.22      9.24
0534627 2024 05 10 15 50 00 000 3.67 3 3 3 3 3 3 4 4 4 4 4 4 4 4 3 4 4 3 4 4 4 4 3 3    -48.58     66.95    115.52      9.18
0537762 2024 05 10 15 51 00 017 3.67 3 3 3 3 3 3 4 4 4 4 4 4 4 4 3 4 4 3 4 4 4 4 3 3    -47.59     67.95    115.54     10.18
0540897 2024 05 10 15 52 00 017 3.67 3 3 3 3 3 3 4 4 4 4 4 4 4 4 3 4 4 3 4 4 4 4 3 3    -45.92     69.39    115.31     11.73
0544033 2024 05 10 15 53 00 005 3.67 3 3 3 3 3 3 4 4 4 4 4 4 4 4 3 4 4 3 4 4 4 4 3 3    -43.89     69.87    113.75     12.99
0547171 2024 05 10 15 54 00 005 3.67 3 3 3 3 3 4 4 4 4 4 4 4 4 4 3 4 4 3 4 4 4 4 3 3    -37.23     71.85    109.08     17.31
0550310 2024 05 10 15 55 00 005 3.67 3 3 3 3 3 4 4 4 4 4 4 4 4 4 3 4 4 3 4 4 4 4 3 3    -35.49     68.51    104.01     16.51
0553450 2024 05 10 15 56 00 004 3.67 3 3 3 3 3 4 4 4 4 4 4 4 4 4 3 4 4 3 4 4 4 4 3 3    -31.14     71.41    102.56     20.13
0556590 2024 05 10 15 57 00 012 3.67 3 3 3 3 3 4 4 4 4 4 4 4 4 4 3 4 4 3 4 4 4 4 3 3    -27.81     72.56    100.37     22.37
0559730 2024 05 10 15 58 00 008 3.67 3 3 3 3 3 4 4 4 4 4 4 4 4 4 3 4 4 3 4 4 4 4 3 3    -23.97     74.03     98.00     25.03
0562870 2024 05 10 15 59 00 012 3.67 3 3 3 3 3 4 4 4 4 4 4 4 4 4 3 4 4 3 4 4 4 4 3 3    -28.61     72.10    100.71     21.75
0566009 2024 05 10 16 00 00 000 3.67 3 3 3 3 3 4 4 4 4 4 4 4 4 4 3 4 4 3 4 4 4 4 3 3    -27.10     71.12     98.22     22.01
0569149 2024 05 10 16 01 00 012 3.67 3 3 3 3 3 4 4 4 4 4 4 4 4 4 3 4 4 3 4 4 4 4 3 3    -25.82     71.63     97.45     22.90
0572288 2024 05 10 16 02 00 015 3.67 3 3 3 3 3 4 4 4 4 4 4 4 4 4 3 3 3 3 4 4 4 4 3 3    -26.02     71.00     97.02     22.49
0575427 2024 05 10 16 03 00 016 3.67 3 3 3 3 3 4 4 4 4 4 4 4 4 4 3 3 3 3 4 4 4 4 3 3    -26.32     72.39     98.71     23.03
0578566 2024 05 10 16 04 00 017 3.67 3 3 3 3 3 4 4 4 4 4 4 4 4 4 3 3 3 3 4 4 4 4 3 3    -16.60     78.34     94.94     30.87
0581705 2024 05 10 16 05 00 015 3.67 3 3 3 3 3 4 4 4 4 4 4 4 4 4 3 3 3 3 4 4 4 4 3 3    -14.38     79.22     93.60     32.42
0584844 2024 05 10 16 06 00 011 3.67 3 3 3 3 3 4 4 4 4 4 4 4 4 4 4 3 3 3 4 4 4 4 3 3    -11.18     81.56     92.75     35.19
0587983 2024 05 10 16 07 00 015 3.67 3 3 3 3 3 4 4 4 4 4 4 4 4 4 4 3 3 3 4 4 4 4 3 3    -27.15     78.59    105.74     25.72
0591122 2024 05 10 16 08 00 010 3.67 3 3 3 3 3 4 4 4 4 4 4 4 4 4 4 3 3 3 4 4 4 4 3 3    -30.90     79.65    110.55     24.38
0594262 2024 05 10 16 09 00 016 3.67 3 3 3 3 3 4 4 4 4 4 4 4 4 4 4 3 3 3 4 4 4 4 3 3    -31.56     82.33    113.89     25.39
0597402 2024 05 10 16 10 00 000 3.67 3 3 3 3 3 4 4 4 4 4 4 4 4 4 4 3 3 3 4 4 4 4 3 3    -31.04     82.70    113.74     25.83
0600543 2024 05 10 16 11 00 010 3.67 3 3 3 3 3 4 4 4 4 4 4 4 4 4 4 3 3 3 4 4 4 4 3 3    -23.64     82.98    106.62     29.67
0603684 2024 05 10 16 12 00 015 3.67 3 3 3 3 3 4 4 4 4 4 4 4 4 4 4 3 3 3 4 4 4 4 3 3    -16.42     80.79     97.21     32.19
0606825 2024 05 10 16 13 00 014 3.67 3 3 3 3 3 4 4 4 4 4 4 4 4 4 4 3 3 3 4 4 4 4 3 3     -4.43     79.03     83.46     37.30
0609965 2024 05 10 16 14 00 005 3.67 3 3 3 3 3 4 4 4 4 4 4 4 4 4 4 3 3 3 4 4 4 4 3 3     -1.54     77.69     79.24     38.07
0613106 2024 05 10 16 15 00 017 3.67 3 3 3 3 3 4 4 4 4 4 4 4 4 4 4 3 3 3 4 4 4 4 3 3    -15.53     81.96     97.49     33.21
0616247 2024 05 10 16 16 00 014 3.67 3 3 3 3 3 4 4 4 4 4 4 4 4 4 4 3 3 3 4 4 4 4 3 3     -9.32     82.72     92.03     36.70
0619390 2024 05 10 16 17 00 018 3.67 3 3 3 3 3 4 4 4 4 4 4 4 4 4 4 3 3 3 4 4 4 4 3 3      3.56     80.47     76.91     42.02
0622534 2024 05 10 16 18 00 011 3.67 3 3 3 3 3 4 4 4 4 4 4 4 4 4 4 3 3 3 4 4 4 4 3 3     12.35     78.17     65.82     45.26
0625679 2024 05 10 16 19 00 002 3.67 3 3 3 3 3 4 4 4 4 4 4 4 4 4 4 3 3 3 4 4 4 4 3 3      9.77     76.12     66.36     42.95
0628825 2024 05 10 16 20 00 000 3.67 3 3 3 3 3 4 4 4 4 4 4 4 4 4 4 3 3 3 4 4 4 4 3 3      0.41     74.28     73.87     37.34
0631970 2024 05 10 16 21 00 018 3.67 3 3 3 3 3 4 4 4 4 4 4 4 4 4 4 3 3 3 4 4 4 4 3 3      1.88     82.31     80.42     42.09
0635113 2024 05 10 16 22 00 007 3.67 3 3 3 3 3 4 4 4 4 4 4 4 4 4 4 3 3 3 4 4 4 4 3 3    -11.15     86.51     97.66     37.68
0638257 2024 05 10 16 23 00 013 3.67 3 3 3 3 3 4 4 4 4 4 4 4 4 4 4 3 3 3 4 4 4 4 3 3    -31.51     95.34    126.85     31.91
0641400 2024 05 10 16 24 00 004 3.67 3 3 3 3 3 4 4 4 4 4 4 4 4 4 4 3 3 3 4 4 4 4 3 3    -42.94     94.30    137.25     25.68
0644547 2024 05 10 16 25 00 017 3.67 3 3 3 3 3 4 4 4 4 4 4 4 4 4 4 3 3 3 4 4 4 4 3 3    -38.78     90.79    129.57     26.00
0647694 2024 05 10 16 26 00 018 3.67 3 3 3 3 3 4 4 4 4 4 4 4 4 4 4 3 3 3 4 4 4 3 3 3    -34.63     94.52    129.15     29.95
0650839 2024 05 10 16 27 00 002 3.67 3 3 3 3 3 4 4 4 4 4 4 4 4 4 4 3 3 3 4 4 4 3 3 3    -22.79     92.32    115.11     34.76
0653984 2024 05 10 16 28 00 018 3.67 3 3 3 3 3 4 4 4 4 4 4 4 4 4 4 3 3 3 3 4 4 3 3 3     -6.02     88.75     94.76     41.36
0657126 2024 05 10 16 29 00 008 3.33 3 3 3 3 3 4 4 4 4 4 4 4 4 4 3 3 3 3 3 4 3 3 3 3     -1.70     81.88     83.58     40.09
0660268 2024 05 10 16 30 00 000 3.33 3 3 3 3 3 4 4 4 4 4 4 4 4 4 3 3 3 3 3 4 3 3 3 3     -3.24     81.49     84.73     39.13
0663410 2024 05 10 16 31 00 010 3.33 3 3 3 3 3 4 4 4 4 4 4 4 4 4 3 3 3 3 3 3 3 3 3 3     -6.01     86.17     92.18     40.08
0666552 2024 05 10 16 32 00 011 3.33 3 3 3 3 3 4 4 4 4 4 4 4 4 4 3 3 3 3 3 3 3 3 3 3     -3.21     85.92     89.13     41.35
0669694 2024 05 10 16 33 00 011 3.33 3 3 3 3 3 4 4 4 4 4 4 4 4 4 3 3 3 3 3 3 3 3 3 3      6.31     80.58     74.27     43.44
0672836 2024 05 10 16 34 00 009 3.33 3 3 3 3 3 4 4 4 4 4 4 4 4 4 3 3 3 3 3 3 3 3 3 3      4.65     80.43     75.78     42.54
0675978 2024 05 10 16 35 00 003 3.33 3 3 3 3 3 4 4 4 4 4 4 4 4 4 3 3 3 3 3 3 3 3 3 3      2.38     84.59     82.21     43.48
0679121 2024 05 10 16 36 00 007 3.33 3 3 3 3 3 4 4 4 4 4 4 4 3 4 3 3 3 3 3 3 3 3 3 3     -3.85     83.34     87.20     39.74
0682265 2024 05 10 16 37 00 007 3.33 3 3 3 3 3 4 4 4 4 4 4 4 3 3 3 3 3 3 3 3 3 3 3 3      0.84     84.76     83.92     42.80
0685410 2024 05 10 16 38 00 013 3.33 3 3 3 3 3 4 4 4 4 4 4 4 3 3 3 3 3 3 3 3 3 3 3 3     -0.19     80.60     80.78     40.20
0688554 2024 05 10 16 39 00 005 3.33 3 3 3 3 3 4 4 4 4 4 4 4 3 3 3 3 3 3 3 3 3 3 3 3      2.83     81.61     78.78     42.22
0691698 2024 05 10 16 40 00 000 3.33 3 3 3 3 3 4 4 4 4 4 4 4 3 3 3 3 3 3 3 3 3 3 3 3      4.88     79.45     74.57     42.16
0694842 2024 05 10 16 41 00 017 3.33 3 3 3 3 3 4 4 4 4 4 4 4 3 3 3 3 3 3 3 3 3 3 3 3      5.59     78.46     72.86     42.02
0697984 2024 05 10 16 42 00 005 3.33 3 3 3 3 3 4 4 4 4 4 4 4 3 3 3 3 3 3 3 3 3 3 3 3      4.10     79.87     75.77     41.98
0701126 2024 05 10 16 43 00 007 3.33 3 3 3 3 3 4 4 4 4 4 4 4 3 3 3 3 3 3 3 3 3 3 3 3      5.54     83.53     78.00     44.53
0704269 2024 05 10 16 44 00 018 3.33 3 3 3 3 3 4 4 4 4 4 4 4 3 3 3 3 3 3 3 3 3 3 3 3      7.38     83.98     76.60     45.68
0707411 2024 05 10 16 45 00 006 3.33 3 3 3 3 3 4 4 4 4 4 4 4 3 3 3 3 3 3 3 3 3 3 3 3      8.77     82.21     73.44     45.49
0710552 2024 05 10 16 46 00 005 3.33 3 3 3 3 3 4 4 4 4 4 4 4 3 3 3 3 3 3 3 3 3 3 3 3      8.55     85.20     76.65     46.87
0713693 2024 05 10 16 47 00 005 3.33 3 3 3 3 3 4 4 4 4 4 4 4 3 3 3 3 3 3 3 3 3 3 3 3      9.03     85.10     76.07     47.07
0716836 2024 05 10 16 48 00 014 3.33 3 3 3 3 3 4 4 4 4 4 4 4 3 3 3 3 3 3 3 3 3 3 3 3     11.80     88.28     76.48     50.04
0719979 2024 05 10 16 49 00 013 3.33 3 3 3 3 3 4 4 4 4 4 4 4 3 3 3 3 3 3 3 3 3 3 3 3     10.06     84.02     73.97     47.04
0723118 2024 05 10 16 50 00 000 3.33 3 3 3 3 3 4 4 4 4 4 4 4 3 3 3 3 3 3 3 3 3 3 3 3     10.54     86.35     75.81     48.45
0726259 2024 05 10 16 51 00 012 3.33 3 3 3 3 3 4 4 4 4 4 4 4 3 3 3 3 3 3 3 3 3 3 3 3     13.66     93.77     80.10     53.71
0729399 2024 05 10 16 52 00 017 3.33 3 3 3 3 3 4 4 4 4 4 4 4 3 3 3 3 3 3 3 3 3 3 3 3     13.85     89.42     75.58     51.63
0732536 2024 05 10 16 53 00 007 3.33 3 3 3 3 3 4 4 4 4 4 4 4 3 3 3 3 3 3 3 3 3 3 3 3     12.49     91.69     79.19     52.09
0735675 2024 05 10 16 54 00 009 3.33 3 3 3 3 3 4 4 4 4 4 4 4 3 3 3 3 3 3 3 3 3 3 3 3     13.74     94.26     80.52     54.00
0738816 2024 05 10 16 55 00 014 3.33 3 3 3 3 3 4 4 4 4 4 4 4 3 3 3 3 3 3 3 3 3 3 3 3     15.04     89.37     74.33     52.21
0741956 2024 05 10 16 56 00 004 3.33 3 3 3 3 3 4 4 4 4 4 4 4 3 3 3 3 3 3 3 3 3 3 3 3     13.95     89.63     75.68     51.79
0745095 2024 05 10 16 57 00 000 3.33 3 3 3 3 4 4 4 4 4 4 4 4 3 3 3 3 3 3 3 3 3 3 3 3     14.57     88.97     74.40     51.77
0748234 2024 05 10 16 58 00 016 3.33 3 3 3 3 4 4 4 4 4 4 4 4 3 3 3 3 3 3 3 3 3 3 3 3     15.66     91.61     75.96     53.63
0751371 2024 05 10 16 59 00 005 3.33 3 3 3 3 4 4 4 4 4 4 4 4 3 3 3 3 3 3 3 3 3 3 3 3     16.36     88.33     71.96     52.35
0754507 2024 05 10 17 00 00 000 3.33 3 3 3 3 4 4 4 4 4 4 4 4 3 3 3 3 3 3 3 3 3 3 3 3     13.01     88.66     75.65     50.84
0003148 2024 05 10 17 01 00 012 3.67 3 3 3 4 4 5 5 5 4 4 4 4 3 3 3 3 3 4 3 3 3 3 3 3      7.15     86.60     79.45     46.87
0006284 2024 05 10 17 02 00 010 3.67 3 3 3 4 4 5 5 5 5 4 4 4 3 3 3 3 3 4 3 3 3 3 3 3     -2.86     90.65     93.51     43.89
0009418 2024 05 10 17 03 00 004 3.67 3 3 3 4 4 5 5 5 5 4 4 4 3 3 3 3 3 4 3 3 3 3 3 3      4.99     79.47     74.47     42.23
0012550 2024 05 10 17 04 00 012 3.67 3 3 3 4 4 5 5 5 5 4 4 4 3 3 3 3 3 4 3 3 3 3 3 3     11.37     66.79     55.42     39.08
0015684 2024 05 10 17 05 00 007 3.67 3 3 3 4 4 5 5 5 5 4 4 4 3 3 3 3 3 4 3 3 3 3 3 3     10.57     68.39     57.82     39.48
0018819 2024 05 10 17 06 00 000 3.67 3 3 3 4 4 5 5 5 5 4 4 4 3 3 3 3 3 4 3 3 3 3 3 3     10.15     68.63     58.48     39.39
0021954 2024 05 10 17 07 00 017 3.67 3 3 3 4 4 5 5 5 5 4 4 4 3 3 3 3 3 4 3 3 3 3 3 3      8.08     67.12     59.04     37.60
0025087 2024 05 10 17 08 00 000 3.67 3 3 3 4 4 5 5 5 5 4 4 4 3 3 3 3 3 4 3 3 3 3 3 3      8.12     64.28     56.15     36.20
0028221 2024 05 10 17 09 00 002 3.67 3 3 4 4 4 5 5 5 5 4 4 4 3 3 3 3 4 4 4 3 3 3 3 3      7.29     61.19     53.90     34.24
0031355 2024 05 10 17 10 00 002 3.67 3 3 4 4 5 5 5 5 5 4 4 4 3 3 3 3 4 4 4 3 3 3 3 3     -9.78     71.05     80.83     30.63
0034489 2024 05 10 17 11 00 004 4.33 4 4 4 5 5 5 5 5 5 5 4 4 3 3 3 4 4 4 4 4 4 4 4 4    -33.23     85.63    118.86     26.20
0037624 2024 05 10 17 12 00 006 4.33 4 4 4 5 5 5 5 5 5 5 4 4 3 3 3 4 4 4 4 4 4 4 4 4   -107.04    133.70    240.74     13.33
0040755 2024 05 10 17 13 00 011 4.33 4 4 4 5 5 5 5 5 5 5 4 4 4 4 4 4 4 4 4 4 4 4 4 4    -59.64    216.44    276.08     78.40
0043895 2024 05 10 17 14 00 018 4.67 4 4 5 5 5 6 6 6 6 5 5 5 5 5 4 4 4 4 4 4 4 4 4 4    -24.39    234.60    258.99    105.11
0047030 2024 05 10 17 15 00 016 4.67 4 4 5 5 5 6 6 6 6 5 5 5 5 5 4 4 4 4 4 4 4 4 4 4    -14.66    202.32    216.99     93.83
0050161 2024 05 10 17 16 00 003 4.67 4 4 5 5 5 6 6 6 6 5 5 5 5 5 4 4 4 4 4 4 4 4 4 4     -5.79    153.06    158.84     73.63
0053296 2024 05 10 17 17 00 003 4.67 5 5 5 5 5 6 6 6 6 5 5 5 5 5 4 4 4 4 4 4 4 4 4 4     17.12    134.83    117.70     75.97
0056442 2024 05 10 17 18 00 009 5.00 5 5 5 5 6 6 6 6 6 5 5 5 5 5 4 5 5 5 5 5 4 4 4 4     35.82    197.25    161.44    116.53
0059591 2024 05 10 17 19 00 004 5.33 5 5 5 5 6 6 6 6 6 5 5 5 5 5 5 5 6 6 5 5 5 4 5 5     22.00    291.68    269.68    156.84
0062739 2024 05 10 17 20 00 000 5.33 5 5 5 6 6 6 6 6 6 5 5 5 5 5 5 5 6 6 6 5 5 5 5 5    -41.52    399.88    441.40    179.18
0065882 2024 05 10 17 21 00 009 5.33 5 5 5 6 6 6 6 6 6 5 5 5 5 5 5 5 6 6 6 5 5 5 5 5    -56.84    385.10    441.94    164.13
0069022 2024 05 10 17 22 00 003 5.33 5 5 5 6 6 6 6 6 6 5 5 5 5 5 5 5 6 6 6 5 5 5 5 5    -58.96    345.42    404.38    143.23
0072166 2024 05 10 17 23 00 012 5.67 6 6 6 6 7 7 7 6 6 5 5 5 5 5 5 5 6 6 6 5 5 6 6 6   -108.88    348.91    457.79    120.02
0075310 2024 05 10 17 24 00 004 6.00 7 6 7 7 7 7 7 7 6 6 5 5 5 5 5 6 6 6 6 5 6 6 6 6   -226.29    320.94    547.23     47.33
0078452 2024 05 10 17 25 00 014 6.33 7 6 7 7 8 8 7 7 7 6 5 5 5 5 6 6 7 7 6 6 6 6 6 7   -308.44    306.25    614.69     -1.09
0081589 2024 05 10 17 26 00 016 6.67 7 7 7 8 8 8 8 7 7 6 5 5 5 5 6 6 7 7 6 6 6 7 6 7   -361.60    274.79    636.39    -43.41
0084723 2024 05 10 17 27 00 016 6.67 7 7 7 8 8 8 8 7 7 6 5 5 6 5 6 7 7 7 6 6 6 7 7 7   -391.87    261.30    653.17    -65.28
0087854 2024 05 10 17 28 00 011 6.67 7 7 8 8 8 8 8 7 7 6 5 5 6 5 6 7 7 7 6 6 6 7 7 7   -442.96    294.44    737.41    -74.26
0090981 2024 05 10 17 29 00 008 6.67 7 7 8 8 8 8 8 7 7 6 5 5 6 5 6 7 7 7 6 6 6 7 7 7   -485.85    259.35    745.21   -113.25
0094103 2024 05 10 17 30 00 004 6.67 7 7 8 8 8 8 8 7 7 6 5 5 6 6 6 7 7 7 6 6 7 7 7 7   -442.72    229.30    672.02   -106.71
0097225 2024 05 10 17 31 00 017 7.00 7 7 8 8 8 8 8 7 7 6 6 6 7 6 6 7 7 7 6 7 7 7 8 8   -420.92    322.32    743.24    -49.30
0100352 2024 05 10 17 32 00 017 7.33 8 8 8 8 9 8 8 8 7 6 6 6 7 7 7 7 7 7 7 7 7 7 8 8   -376.00    448.50    824.50     36.25
0103481 2024 05 10 17 33 00 011 7.33 8 8 8 9 9 8 8 8 7 6 6 6 7 8 7 7 7 7 7 7 7 7 8 8   -341.73    565.42    907.14    111.84
0106609 2024 05 10 17 34 00 012 7.33 8 8 8 9 9 8 8 8 7 6 6 6 7 8 8 7 7 7 7 7 7 7 8 8   -385.26    635.83   1021.09    125.28
0109739 2024 05 10 17 35 00 001 7.67 8 8 8 9 9 8 8 8 7 6 6 7 8 8 8 7 7 7 7 7 7 7 8 8   -504.74    688.63   1193.37     91.95
0112874 2024 05 10 17 36 00 018 7.67 8 8 8 9 9 8 8 8 7 6 6 7 8 8 8 7 7 7 7 7 7 7 8 8   -395.19    744.13   1139.32    174.47
0116011 2024 05 10 17 37 00 018 7.67 8 8 8 9 9 8 8 8 7 6 7 7 8 8 8 7 7 7 7 7 7 7 8 8   -329.19    670.48    999.67    170.65
0119150 2024 05 10 17 38 00 006 7.67 8 8 8 9 9 8 8 8 7 6 7 7 8 9 8 7 7 7 7 7 7 7 8 8   -335.95    557.82    893.78    110.94
0122292 2024 05 10 17 39 00 012 7.67 8 8 8 9 9 8 8 8 7 6 7 7 8 9 9 8 7 7 7 7 7 7 8 8   -363.22    476.09    839.31     56.44
0125435 2024 05 10 17 40 00 003 7.67 8 8 8 9 9 8 8 8 7 6 7 7 8 9 9 8 8 7 7 7 7 7 8 8   -377.87    413.73    791.60     17.93
0128581 2024 05 10 17 41 00 017 7.67 8 8 8 9 9 8 8 8 7 6 7 7 8 9 9 8 8 7 7 7 7 7 8 8   -386.33    399.89    786.22      6.78
0131727 2024 05 10 17 42 00 005 7.67 8 8 8 9 9 8 8 8 7 6 7 7 8 9 9 9 8 7 7 7 7 7 8 8   -372.82    406.29    779.10     16.74
0134875 2024 05 10 17 43 00 005 8.00 8 8 8 9 9 8 8 8 7 6 7 8 9 9 9 9 8 8 7 7 7 7 8 8   -372.60    336.00    708.61    -18.30
0138026 2024 05 10 17 44 00 015 8.00 8 8 8 9 9 8 8 8 7 6 7 8 9 9 9 9 8 8 7 7 7 7 8 8   -359.05    306.64    665.69    -26.21
0141179 2024 05 10 17 45 00 018 8.00 8 8 8 9 9 8 8 8 7 6 7 8 9 9 9 9 8 8 7 7 7 7 8 8   -385.64    322.01    707.65    -31.81
0144333 2024 05 10 17 46 00 016 8.00 8 8 8 9 9 8 8 8 7 6 7 8 9 9 9 9 8 8 7 7 7 7 8 8   -456.57    250.23    706.80   -103.17
0147488 2024 05 10 17 47 00 009 8.00 8 8 8 9 9 8 8 8 7 6 7 8 9 9 9 9 8 8 7 7 7 7 8 8   -379.00    204.10    583.09    -87.45
0150644 2024 05 10 17 48 00 002 8.00 8 8 8 9 9 8 8 8 7 7 7 8 9 9 9 9 8 8 7 7 7 7 8 8   -461.42    229.68    691.10   -115.87
0153801 2024 05 10 17 49 00 006 8.00 8 8 8 9 9 8 8 8 7 7 7 8 9 9 9 9 8 8 7 7 7 7 8 8   -425.62    310.90    736.53    -57.36
0156959 2024 05 10 17 50 00 000 8.00 8 8 8 9 9 8 8 8 7 7 7 8 9 9 9 9 8 8 7 7 7 7 8 8   -330.45    405.74    736.19     37.64
0160119 2024 05 10 17 51 00 006 8.00 8 8 8 9 9 8 8 8 7 7 7 8 9 9 9 9 9 8 7 7 7 7 8 8   -290.59    428.47    719.06     68.94
0163280 2024 05 10 17 52 00 011 8.00 8 8 8 9 9 8 8 8 7 7 7 8 9 9 9 9 9 8 7 7 7 7 8 8   -406.47    423.29    829.76      8.41
0166441 2024 05 10 17 53 00 001 8.00 8 8 8 9 9 8 8 8 7 8 8 9 9 9 9 9 9 8 7 7 7 7 8 8   -497.64    443.27    940.91    -27.19
0169604 2024 05 10 17 54 00 007 8.00 8 8 8 9 9 8 8 8 7 8 8 9 9 9 9 9 9 8 7 7 7 7 8 8   -496.42    443.67    940.09    -26.38
0172768 2024 05 10 17 55 00 004 8.00 8 8 8 9 9 8 8 8 7 8 8 9 9 9 9 9 9 8 7 7 7 7 8 8   -432.16    465.79    897.95     16.82
0175934 2024 05 10 17 56 00 007 8.00 8 8 8 9 9 8 8 8 7 8 8 9 9 9 9 9 9 8 7 7 7 7 8 8   -406.70    514.43    921.12     53.86
0179101 2024 05 10 17 57 00 008 8.33 8 8 8 9 9 8 8 8 7 8 8 9 9 9 9 9 9 8 7 7 7 8 8 8   -426.76    637.45   1064.20    105.34
0182268 2024 05 10 17 58 00 009 8.33 8 8 8 9 9 8 8 8 7 8 8 9 9 9 9 9 9 8 7 7 7 8 8 8   -450.75    635.48   1086.24     92.37
0185436 2024 05 10 17 59 00 013 8.33 8 8 8 9 9 8 8 8 8 8 9 9 9 9 9 9 9 8 7 7 7 8 8 8   -483.79    623.80   1107.59     70.00
0188605 2024 05 10 18 00 00 000 8.33 8 8 8 9 9 8 8 8 8 8 9 9 9 9 9 9 9 8 7 7 7 8 8 8   -465.86    565.60   1031.46     49.87
0191775 2024 05 10 18 01 00 010 8.33 8 8 8 9 9 9 8 8 8 8 9 9 9 9 9 9 9 8 7 7 7 8 8 8   -437.48    531.81    969.29     47.16
0194944 2024 05 10 18 02 00 017 8.33 8 8 8 9 9 9 8 8 8 8 9 9 9 9 9 9 9 8 7 7 7 8 8 8   -478.55    494.99    973.54      8.22
0198112 2024 05 10 18 03 00 008 8.33 8 8 8 9 9 9 8 8 8 8 9 9 9 9 9 9 9 8 7 7 7 8 8 8   -431.79    419.31    851.10     -6.24
0201281 2024 05 10 18 04 00 006 8.33 8 8 8 9 9 9 8 8 8 8 9 9 9 9 9 9 9 9 8 7 7 8 8 8   -391.08    343.93    735.01    -23.57
0204450 2024 05 10 18 05 00 004 8.33 8 8 8 9 9 9 8 8 8 8 9 9 9 9 9 9 9 9 8 7 7 8 8 8   -391.25    280.22    671.47    -55.52
0207619 2024 05 10 18 06 00 010 8.33 8 8 8 9 9 9 8 8 8 8 9 9 9 9 9 9 9 9 8 7 7 8 8 8   -414.85    323.73    738.58    -45.56
0210789 2024 05 10 18 07 00 014 8.33 8 8 8 9 9 9 8 8 8 8 9 9 9 9 9 9 9 9 8 7 7 8 8 8   -456.77    334.96    791.74    -60.91
0213960 2024 05 10 18 08 00 006 8.33 8 8 8 9 9 9 8 8 8 8 9 9 9 9 9 9 9 9 8 7 7 8 8 8   -545.01    246.54    791.55   -149.24
0217132 2024 05 10 18 09 00 001 8.33 8 8 8 9 9 9 8 8 8 8 9 9 9 9 9 9 9 9 8 7 7 8 8 8   -544.24    236.63    780.86   -153.80
0220305 2024 05 10 18 10 00 008 8.33 8 8 8 9 9 9 8 8 8 8 9 9 9 9 9 9 9 9 9 8 7 8 8 8   -452.42    207.94    660.36   -122.24
0223478 2024 05 10 18 11 00 012 8.67 8 8 8 9 9 9 8 8 8 8 9 9 9 9 9 9 9 9 9 8 8 8 8 8   -469.13    303.14    772.27    -83.00
0226650 2024 05 10 18 12 00 002 8.67 8 8 8 9 9 9 8 8 8 8 9 9 9 9 9 9 9 9 9 8 8 8 8 8   -474.07    386.98    861.05    -43.54
0229822 2024 05 10 18 13 00 007 8.67 8 8 8 9 9 9 8 8 8 8 9 9 9 9 9 9 9 9 9 8 8 8 8 8   -517.20    479.75    996.94    -18.72
0232993 2024 05 10 18 14 00 004 8.67 8 8 8 9 9 9 8 8 8 8 9 9 9 9 9 9 9 9 9 8 8 8 8 8   -596.29    549.78   1146.07    -23.26
0236165 2024 05 10 18 15 00 006 8.67 8 8 8 9 9 9 8 8 8 8 9 9 9 9 9 9 9 9 9 8 8 8 8 8   -596.08    594.68   1190.76     -0.70
0239337 2024 05 10 18 16 00 005 8.67 8 8 8 9 9 9 8 8 8 9 9 9 9 9 9 9 9 9 9 8 8 8 8 8   -687.47    667.21   1354.67    -10.13
0242509 2024 05 10 18 17 00 006 8.67 8 8 8 9 9 9 8 8 8 9 9 9 9 9 9 9 9 9 9 8 8 8 8 8   -720.83    706.92   1427.75     -6.96
0245681 2024 05 10 18 18 00 007 8.67 8 8 8 9 9 9 8 8 8 9 9 9 9 9 9 9 9 9 9 8 8 8 8 8   -745.33    758.26   1503.59      6.47
0248852 2024 05 10 18 19 00 018 8.67 8 8 8 9 9 9 8 8 8 9 9 9 9 9 9 9 9 9 9 8 8 8 8 8   -738.48    873.49   1611.97     67.50
0252020 2024 05 10 18 20 00 009 8.67 8 8 8 9 9 9 8 8 8 9 9 9 9 9 9 9 9 9 9 8 8 8 8 8   -725.87    910.20   1636.07     92.17
0255189 2024 05 10 18 21 00 000 8.67 8 8 8 9 9 9 8 8 8 9 9 9 9 9 9 9 9 9 9 8 8 8 8 8   -720.57    904.97   1625.55     92.20
0258359 2024 05 10 18 22 00 002 8.67 8 8 8 9 9 9 8 8 8 9 9 9 9 9 9 9 9 9 9 8 8 8 8 8   -712.82    857.76   1570.58     72.47
0261529 2024 05 10 18 23 00 008 8.67 8 8 8 9 9 9 8 8 8 9 9 9 9 9 9 9 9 9 9 8 8 8 8 8   -673.25    791.69   1464.94     59.22
0264698 2024 05 10 18 24 00 009 8.67 8 8 8 9 9 9 8 8 8 9 9 9 9 9 9 9 9 9 9 8 8 8 8 8   -576.62    718.07   1294.68     70.72
0267866 2024 05 10 18 25 00 012 8.67 8 8 8 9 9 9 8 8 8 9 9 9 9 9 9 9 9 9 9 8 8 8 8 8   -505.56    668.99   1174.56     81.72
0271034 2024 05 10 18 26 00 017 8.67 8 8 8 9 9 9 8 8 8 9 9 9 9 9 9 9 9 9 9 8 8 8 8 8   -574.54    663.11   1237.66     44.29
0274200 2024 05 10 18 27 00 002 8.67 8 8 8 9 9 9 8 8 8 9 9 9 9 9 9 9 9 9 9 8 8 8 8 8   -522.73    613.63   1136.36     45.45
0277364 2024 05 10 18 28 00 002 8.67 8 8 8 9 9 9 8 8 8 9 9 9 9 9 9 9 9 9 9 9 8 8 8 8   -516.83    532.66   1049.49      7.91
0280526 2024 05 10 18 29 00 006 8.67 8 8 8 9 9 9 8 8 8 9 9 9 9 9 9 9 9 9 9 9 8 8 8 8   -526.41    498.62   1025.03    -13.89
0283688 2024 05 10 18 30 00 010 8.67 8 8 8 9 9 9 8 8 8 9 9 9 9 9 9 9 9 9 9 9 8 8 8 8   -500.51    465.46    965.97    -17.53
0286849 2024 05 10 18 31 00 016 8.67 8 8 8 9 9 9 8 9 8 9 9 9 9 9 9 9 9 9 9 9 8 8 8 8   -454.41    400.61    855.02    -26.90
0290009 2024 05 10 18 32 00 001 8.67 8 8 8 9 9 9 8 9 8 9 9 9 9 9 9 9 9 9 9 9 9 8 8 8   -466.48    418.67    885.15    -23.90
0293167 2024 05 10 18 33 00 003 8.67 8 8 8 9 9 9 8 9 8 9 9 9 9 9 9 9 9 9 9 9 9 8 8 8   -456.09    465.12    921.21      4.51
0296324 2024 05 10 18 34 00 011 8.67 8 8 8 9 9 9 8 9 8 9 9 9 9 9 9 9 9 9 9 9 9 8 8 8   -424.54    539.48    964.01     57.47
0299478 2024 05 10 18 35 00 016 8.67 8 8 8 9 9 9 8 9 8 9 9 9 9 9 9 9 9 9 9 9 9 8 8 8   -448.17    618.34   1066.50     85.08
0302628 2024 05 10 18 36 00 008 8.67 8 8 8 9 9 9 8 9 8 9 9 9 9 9 9 9 9 9 9 9 9 8 8 8   -403.34    477.33    880.67     36.99
0305774 2024 05 10 18 37 00 001 8.67 8 8 8 9 9 9 8 9 8 9 9 9 9 9 9 9 9 9 9 9 9 8 8 8   -403.04    432.76    835.79     14.86
0308917 2024 05 10 18 38 00 013 8.67 8 8 8 9 9 9 8 9 8 9 9 9 9 9 9 9 9 9 9 9 9 8 8 8   -415.84    376.06    791.90    -19.89
0312056 2024 05 10 18 39 00 002 8.67 8 8 8 9 9 9 8 9 8 9 9 9 9 9 9 9 9 9 9 9 9 8 8 8   -400.41    282.87    683.28    -58.77
0315195 2024 05 10 18 40 00 004 8.67 8 8 8 9 9 9 8 9 8 9 9 9 9 9 9 9 9 9 9 9 9 8 8 8   -360.31    411.49    771.80     25.59
0318336 2024 05 10 18 41 00 017 8.67 8 8 8 9 9 9 8 9 8 9 9 9 9 9 9 9 9 9 9 9 9 8 8 8   -305.54    548.15    853.69    121.30
0321476 2024 05 10 18 42 00 001 8.67 8 8 8 9 9 9 8 9 8 9 9 9 9 9 9 9 9 9 9 9 9 8 8 8   -321.75    590.50    912.25    134.38
0324618 2024 05 10 18 43 00 015 8.67 8 8 9 9 9 9 8 9 8 9 9 9 9 9 9 9 9 9 9 9 9 8 8 8   -313.46    656.48    969.94    171.51
0327760 2024 05 10 18 44 00 000 8.67 8 9 9 9 9 9 8 9 8 9 9 9 9 9 9 9 9 9 9 9 9 8 8 8   -385.31    687.42   1072.73    151.06
0330907 2024 05 10 18 45 00 017 8.67 8 9 9 9 9 9 8 9 8 9 9 9 9 9 9 9 9 9 9 9 9 8 8 8   -446.85    726.11   1172.96    139.63
0334056 2024 05 10 18 46 00 002 8.67 9 9 9 9 9 9 8 9 8 9 9 9 9 9 9 9 9 9 9 9 9 8 8 8   -480.54    763.02   1243.56    141.24
0337209 2024 05 10 18 47 00 014 8.67 9 9 9 9 9 9 8 9 8 9 9 9 9 9 9 9 9 9 9 9 9 8 8 8   -483.33    780.32   1263.65    148.50
0340362 2024 05 10 18 48 00 006 8.67 9 9 9 9 9 9 8 9 8 9 9 9 9 9 9 9 9 9 9 9 9 8 8 8   -470.78    791.21   1261.98    160.22
0343514 2024 05 10 18 49 00 000 8.67 9 9 9 9 9 9 8 9 8 9 9 9 9 9 9 9 9 9 9 9 9 8 8 8   -485.77    794.22   1280.00    154.22
0346668 2024 05 10 18 50 00 011 8.67 9 9 9 9 9 9 8 9 8 9 9 9 9 9 9 9 9 9 9 9 9 8 8 8   -498.99    827.21   1326.20    164.11
0349824 2024 05 10 18 51 00 001 8.67 9 9 9 9 9 9 8 9 8 9 9 9 9 9 9 9 9 9 9 9 9 8 8 8   -490.32    833.60   1323.92    171.64
0352982 2024 05 10 18 52 00 013 8.67 9 9 9 9 9 9 8 9 8 9 9 9 9 9 9 9 9 9 9 9 9 8 8 8   -538.60    880.52   1419.12    170.96
0356138 2024 05 10 18 53 00 016 9.00 9 9 9 9 9 9 8 9 9 9 9 9 9 9 9 9 9 9 9 9 9 8 8 8   -683.35    992.64   1675.98    154.65
0359290 2024 05 10 18 54 00 018 9.00 9 9 9 9 9 9 8 9 9 9 9 9 9 9 9 9 9 9 9 9 9 8 8 9   -826.83   1121.74   1948.57    147.46
0362435 2024 05 10 18 55 00 011 9.00 9 9 9 9 9 9 8 9 9 9 9 9 9 9 9 9 9 9 9 9 9 8 8 9   -828.48   1199.85   2028.33    185.69
0365578 2024 05 10 18 56 00 011 9.00 9 9 9 9 9 9 8 9 9 9 9 9 9 9 9 9 9 9 9 9 9 9 8 9   -796.26   1275.12   2071.39    239.43
0368719 2024 05 10 18 57 00 009 9.00 9 9 9 9 9 9 8 9 9 9 9 9 9 9 9 9 9 9 9 9 9 9 8 9   -805.50   1328.28   2133.77    261.39
0371855 2024 05 10 18 58 00 016 9.00 9 9 9 9 9 9 8 9 9 9 9 9 9 9 9 9 9 9 9 9 9 9 9 9   -720.29   1352.65   2072.95    316.18
0374984 2024 05 10 18 59 00 010 9.00 9 9 9 9 9 9 8 9 9 9 9 9 9 9 9 9 9 9 9 9 9 9 9 9   -702.18   1351.03   2053.21    324.42
0378108 2024 05 10 19 00 00 000 9.00 9 9 9 9 9 9 8 9 9 9 9 9 9 9 9 9 9 9 9 9 9 9 9 9   -799.24   1482.14   2281.37    341.45
0381228 2024 05 10 19 01 00 017 9.00 9 9 9 9 9 9 8 9 9 9 9 9 9 9 9 9 9 9 9 9 9 9 9 9   -772.47   1411.09   2183.56    319.31
0384343 2024 05 10 19 02 00 011 9.00 9 9 9 9 9 9 8 9 9 9 9 9 9 9 9 9 9 9 9 9 9 9 9 9   -701.42   1292.74   1994.16    295.66
0387460 2024 05 10 19 03 00 009 9.00 9 9 9 9 9 9 8 9 9 9 9 9 9 9 9 9 9 9 9 9 9 9 9 9   -701.68   1211.63   1913.31    254.97
0390581 2024 05 10 19 04 00 003 9.00 9 9 9 9 9 9 8 9 9 9 9 9 9 9 9 9 9 9 9 9 9 9 9 9   -664.16   1142.64   1806.81    239.24
0393704 2024 05 10 19 05 00 008 9.00 9 9 9 9 9 9 8 9 9 9 9 9 9 9 9 9 9 9 9 9 9 9 9 9   -589.56   1012.73   1602.30    211.59
0396828 2024 05 10 19 06 00 009 9.00 9 9 9 9 9 9 8 9 9 9 9 9 9 9 9 9 9 9 9 9 9 9 9 9   -561.87    843.40   1405.27    140.76
0399954 2024 05 10 19 07 00 003 9.00 9 9 9 9 9 9 8 9 9 9 9 9 9 9 9 9 9 9 9 9 9 9 9 9   -509.81    746.64   1256.44    118.42
0403081 2024 05 10 19 08 00 005 9.00 9 9 9 9 9 9 8 9 9 9 9 9 9 9 9 9 9 9 9 9 9 9 9 9   -462.68    671.45   1134.13    104.39
0406209 2024 05 10 19 09 00 018 9.00 9 9 9 9 9 9 8 9 9 9 9 9 9 9 9 9 9 9 9 9 9 9 9 9   -475.75    575.73   1051.48     49.99
0409333 2024 05 10 19 10 00 009 9.00 9 9 9 9 9 9 8 9 9 9 9 9 9 9 9 9 9 9 9 9 9 9 9 9   -506.96    487.52    994.48     -9.72
0412457 2024 05 10 19 11 00 011 9.00 9 9 9 9 9 9 8 9 9 9 9 9 9 9 9 9 9 9 9 9 9 9 9 9   -484.05    397.98    882.03    -43.04
0415581 2024 05 10 19 12 00 006 9.00 9 9 9 9 9 9 8 9 9 9 9 9 9 9 9 9 9 9 9 9 9 9 9 9   -447.37    291.48    738.85    -77.95
0418706 2024 05 10 19 13 00 003 9.00 9 9 9 9 9 9 8 9 9 9 9 9 9 9 9 9 9 9 9 9 9 9 9 9   -437.70    208.39    646.09   -114.65
0421829 2024 05 10 19 14 00 002 9.00 9 9 9 9 9 9 8 9 9 9 9 9 9 9 9 9 9 9 9 9 9 9 9 9   -438.65    138.58    577.23   -150.03
0424952 2024 05 10 19 15 00 010 9.00 9 9 9 9 9 9 8 9 9 9 9 9 9 9 9 9 9 9 9 9 9 9 9 9   -454.21     69.71    523.92   -192.25
0428074 2024 05 10 19 16 00 001 9.00 9 9 9 9 9 9 8 9 9 9 9 9 9 9 9 9 9 9 9 9 9 9 9 9   -579.92     -4.04    575.88   -291.98
0431198 2024 05 10 19 17 00 014 9.00 9 9 9 9 9 9 8 9 9 9 9 9 9 9 9 9 9 9 9 9 9 9 9 9   -616.82   -102.74    514.08   -359.78
0434324 2024 05 10 19 18 00 009 9.00 9 9 9 9 9 9 8 9 9 9 9 9 9 9 9 9 9 9 9 9 9 9 9 9   -607.10   -140.81    466.29   -373.96
0437452 2024 05 10 19 19 00 001 9.00 9 9 9 9 9 9 8 9 9 9 9 9 9 9 9 9 9 9 9 9 9 9 9 9   -688.40   -141.39    547.02   -414.89
0440581 2024 05 10 19 20 00 007 9.00 9 9 9 9 9 9 8 9 9 9 9 9 9 9 9 9 9 9 9 9 9 9 9 9   -770.43    -73.32    697.12   -421.87
0443710 2024 05 10 19 21 00 002 9.00 9 9 9 9 9 9 8 9 9 9 9 9 9 9 9 9 9 9 9 9 9 9 9 9   -804.12    -87.18    716.94   -445.65
0446841 2024 05 10 19 22 00 004 9.00 9 9 9 9 9 9 8 9 9 9 9 9 9 9 9 9 9 9 9 9 9 9 9 9   -875.64    -79.20    796.44   -477.42
0449971 2024 05 10 19 23 00 007 9.00 9 9 9 9 9 9 8 9 9 9 9 9 9 9 9 9 9 9 9 9 9 9 9 9   -944.49   -137.24    807.25   -540.87
0453104 2024 05 10 19 24 00 003 9.00 9 9 9 9 9 9 8 9 9 9 9 9 9 9 9 9 9 9 9 9 9 9 9 9   -956.79   -125.00    831.79   -540.90
0456239 2024 05 10 19 25 00 010 9.00 9 9 9 9 9 9 8 9 9 9 9 9 9 9 9 9 9 9 9 9 9 9 9 9   -903.44    -39.55    863.89   -471.50
0459376 2024 05 10 19 26 00 015 9.00 9 9 9 9 9 9 8 9 9 9 9 9 9 9 9 9 9 9 9 9 9 9 9 9   -897.34     50.10    947.45   -423.62
0462513 2024 05 10 19 27 00 016 9.00 9 9 9 9 9 9 8 9 9 9 9 9 9 9 9 9 9 9 9 9 9 9 9 9   -946.79    -17.90    928.90   -482.35
0465649 2024 05 10 19 28 00 009 9.00 9 9 9 9 9 9 8 9 9 9 9 9 9 9 9 9 9 9 9 9 9 9 9 9   -974.54    -38.81    935.73   -506.67
0468783 2024 05 10 19 29 00 002 9.00 9 9 9 9 9 9 8 9 9 9 9 9 9 9 9 9 9 9 9 9 9 9 9 9   -966.61    -41.10    925.51   -503.86
0471917 2024 05 10 19 30 00 008 9.00 9 9 9 9 9 9 8 9 9 9 9 9 9 9 9 9 9 9 9 9 9 9 9 9   -946.78    -40.33    906.45   -493.55
0475052 2024 05 10 19 31 00 002 9.00 9 9 9 9 9 9 8 9 9 9 9 9 9 9 9 9 9 9 9 9 9 9 9 9   -935.95     50.72    986.67   -442.62
0478189 2024 05 10 19 32 00 017 9.00 9 9 9 9 9 9 8 9 9 9 9 9 9 9 9 9 9 9 9 9 9 9 9 9   -930.70     93.08   1023.78   -418.81
0481324 2024 05 10 19 33 00 009 9.00 9 9 9 9 9 9 8 9 9 9 9 9 9 9 9 9 9 9 9 9 9 9 9 9   -895.77    108.70   1004.47   -393.53
0484459 2024 05 10 19 34 00 003 9.00 9 9 9 9 9 9 8 9 9 9 9 9 9 9 9 9 9 9 9 9 9 9 9 9   -871.73     47.17    918.90   -412.28
0487594 2024 05 10 19 35 00 008 9.00 9 9 9 9 9 9 8 9 9 9 9 9 9 9 9 9 9 9 9 9 9 9 9 9   -869.05     10.81    879.86   -429.12
0490728 2024 05 10 19 36 00 002 9.00 9 9 9 9 9 9 8 9 9 9 9 9 9 9 9 9 9 9 9 9 9 9 9 9   -845.12      0.29    845.40   -422.41
0493864 2024 05 10 19 37 00 014 9.00 9 9 9 9 9 9 8 9 9 9 9 9 9 9 9 9 9 9 9 9 9 9 9 9   -833.75     42.44    876.19   -395.65
0496999 2024 05 10 19 38 00 014 9.00 9 9 9 9 9 9 8 9 9 9 9 9 9 9 9 9 9 9 9 9 9 9 9 9   -824.82     71.13    895.95   -376.84
0500132 2024 05 10 19 39 00 000 9.00 9 9 9 9 9 9 8 9 9 9 9 9 9 9 9 9 9 9 9 9 9 9 9 9   -844.74    118.03    962.77   -363.36
0503266 2024 05 10 19 40 00 003 9.00 9 9 9 9 9 9 8 9 9 9 9 9 9 9 9 9 9 9 9 9 9 9 9 9   -831.25    164.17    995.42   -333.54
0506401 2024 05 10 19 41 00 015 9.00 9 9 9 9 9 9 8 9 9 9 9 9 9 9 9 9 9 9 9 9 9 9 9 9   -847.49    133.16    980.65   -357.16
0509535 2024 05 10 19 42 00 015 9.00 9 9 9 9 9 9 8 9 9 9 9 9 9 9 9 9 9 9 9 9 9 9 9 9   -892.24     95.14    987.38   -398.55
0512668 2024 05 10 19 43 00 001 9.00 9 9 9 9 9 9 8 9 9 9 9 9 9 9 9 9 9 9 9 9 9 9 9 9   -953.68     62.99   1016.67   -445.34
0515802 2024 05 10 19 44 00 015 9.00 9 9 9 9 9 9 9 9 9 9 9 9 9 9 9 9 9 9 9 9 9 9 9 9  -1104.34    154.13   1258.47   -475.11
0518934 2024 05 10 19 45 00 014 9.00 9 9 9 9 9 9 9 9 9 9 9 9 9 9 9 9 9 9 9 9 9 9 9 9  -1064.17    211.46   1275.63   -426.36
0522065 2024 05 10 19 46 00 011 9.00 9 9 9 9 9 9 9 9 9 9 9 9 9 9 9 9 9 9 9 9 9 9 9 9   -949.95    199.92   1149.87   -375.02
0525196 2024 05 10 19 47 00 011 9.00 9 9 9 9 9 9 9 9 9 9 9 9 9 9 9 9 9 9 9 9 9 9 9 9   -940.09    193.93   1134.01   -373.08
0528328 2024 05 10 19 48 00 016 9.00 9 9 9 9 9 9 9 9 9 9 9 9 9 9 9 9 9 9 9 9 9 9 9 9   -916.51    164.49   1081.00   -376.01
0531459 2024 05 10 19 49 00 013 9.00 9 9 9 9 9 9 9 9 9 9 9 9 9 9 9 9 9 9 9 9 9 9 9 9   -877.96    165.94   1043.90   -356.01
0534590 2024 05 10 19 50 00 007 9.00 9 9 9 9 9 9 9 9 9 9 9 9 9 9 9 9 9 9 9 9 9 9 9 9   -834.91    146.63    981.54   -344.14
0537722 2024 05 10 19 51 00 013 9.00 9 9 9 9 9 9 9 9 9 9 9 9 9 9 9 9 9 9 9 9 9 9 9 9   -694.59    154.50    849.09   -270.05
0540854 2024 05 10 19 52 00 005 9.00 9 9 9 9 9 9 9 9 9 9 9 9 9 9 9 9 9 9 9 9 9 9 9 9   -610.58    171.72    782.29   -219.43
0543986 2024 05 10 19 53 00 004 9.00 9 9 9 9 9 9 9 9 9 9 9 9 9 9 9 9 9 9 9 9 9 9 9 9   -600.55    242.66    843.21   -178.94
0547116 2024 05 10 19 54 00 013 9.00 9 9 9 9 9 9 9 9 9 9 9 9 9 9 9 9 9 9 9 9 9 9 9 9   -600.14    229.32    829.46   -185.41
0550245 2024 05 10 19 55 00 018 9.00 9 9 9 9 9 9 9 9 9 9 9 9 9 9 9 9 9 9 9 9 9 9 9 9   -628.29    138.62    766.91   -244.83
0553372 2024 05 10 19 56 00 009 9.00 9 9 9 9 9 9 9 9 9 9 9 9 9 9 9 9 9 9 9 9 9 9 9 9   -621.25     96.48    717.74   -262.38
0556498 2024 05 10 19 57 00 007 9.00 9 9 9 9 9 9 9 9 9 9 9 9 9 9 9 9 9 9 9 9 9 9 9 9   -650.50     92.03    742.52   -279.24
0559623 2024 05 10 19 58 00 004 9.00 9 9 9 9 9 9 9 9 9 9 9 9 9 9 9 9 9 9 9 9 9 9 9 9   -662.18    102.33    764.50   -279.92
0562749 2024 05 10 19 59 00 011 9.00 9 9 9 9 9 9 9 9 9 9 9 9 9 9 9 9 9 9 9 9 9 9 9 9   -776.73     67.94    844.67   -354.40
0565876 2024 05 10 20 00 00 000 9.00 9 9 9 9 9 9 9 9 9 9 9 9 9 9 9 9 9 9 9 9 9 9 9 9   -662.22    113.86    776.09   -274.18
0569005 2024 05 10 20 01 00 015 9.00 9 9 9 9 9 9 9 9 9 9 9 9 9 9 9 9 9 9 9 9 9 9 9 9   -511.98    125.77    637.75   -193.10
0572133 2024 05 10 20 02 00 010 9.00 9 9 9 9 9 9 9 9 9 9 9 9 9 9 9 9 9 9 9 9 9 9 9 9   -491.70    139.89    631.58   -175.91
0575259 2024 05 10 20 03 00 011 9.00 9 9 9 9 9 9 9 9 9 9 9 9 9 9 9 9 9 9 9 9 9 9 9 9   -502.62    184.75    687.38   -158.94
0578384 2024 05 10 20 04 00 002 9.00 9 9 9 9 9 9 9 9 9 9 9 9 9 9 9 9 9 9 9 9 9 9 9 9   -552.21    246.97    799.18   -152.62
0581508 2024 05 10 20 05 00 005 9.00 9 9 9 9 9 9 9 9 9 9 9 9 9 9 9 9 9 9 9 9 9 9 9 9   -530.65    291.79    822.44   -119.43
0584632 2024 05 10 20 06 00 015 9.00 9 9 9 9 9 9 9 9 9 9 9 9 9 9 9 9 9 9 9 9 9 9 9 9   -586.59    268.59    855.17   -159.00
0587757 2024 05 10 20 07 00 002 9.00 9 9 9 9 9 9 9 9 9 9 9 9 9 9 9 9 9 9 9 9 9 9 9 9   -580.18    215.97    796.15   -182.11
0590885 2024 05 10 20 08 00 005 9.00 9 9 9 9 9 9 9 9 9 9 9 9 9 9 9 9 9 9 9 9 9 9 9 9   -477.66    212.14    689.81   -132.76
0594011 2024 05 10 20 09 00 007 9.00 9 9 9 9 9 9 9 9 9 9 9 9 9 9 9 9 9 9 9 9 9 9 9 9   -432.50    253.53    686.03    -89.48
0597137 2024 05 10 20 10 00 017 9.00 9 9 9 9 9 9 9 9 9 9 9 9 9 9 9 9 9 9 9 9 9 9 9 9   -398.16    310.76    708.92    -43.70
0600257 2024 05 10 20 11 00 008 9.00 9 9 9 9 9 9 9 9 9 9 9 9 9 9 9 9 9 9 9 9 9 9 9 9   -503.27    416.56    919.83    -43.35
0603378 2024 05 10 20 12 00 018 9.00 9 9 9 9 9 9 9 9 9 9 9 9 9 9 9 9 9 9 9 9 9 9 9 9   -619.15    440.84   1060.00    -89.15
0606499 2024 05 10 20 13 00 005 9.00 9 9 9 9 9 9 9 9 9 9 9 9 9 9 9 9 9 9 9 9 9 9 9 9   -668.98    553.39   1222.37    -57.80
0609621 2024 05 10 20 14 00 008 9.00 9 9 9 9 9 9 9 9 9 9 9 9 9 9 9 9 9 9 9 9 9 9 9 9   -610.55    586.35   1196.90    -12.10
0612743 2024 05 10 20 15 00 018 9.00 9 9 9 9 9 9 9 9 9 9 9 9 9 9 9 9 9 9 9 9 9 9 9 9   -583.86    672.24   1256.10     44.19
0615859 2024 05 10 20 16 00 002 9.00 9 9 9 9 9 9 9 9 9 9 9 9 9 9 9 9 9 9 9 9 9 9 9 9   -530.07    686.34   1216.41     78.14
0618975 2024 05 10 20 17 00 003 9.00 9 9 9 9 9 9 9 9 9 9 9 9 9 9 9 9 9 9 9 9 9 9 9 9   -523.78    658.01   1181.80     67.11
0622093 2024 05 10 20 18 00 018 9.00 9 9 9 9 9 9 9 9 9 9 9 9 9 9 9 9 9 9 9 9 9 9 9 9   -561.28    677.34   1238.61     58.03
0625213 2024 05 10 20 19 00 012 9.00 9 9 9 9 9 9 9 9 9 9 9 9 9 9 9 9 9 9 9 9 9 9 9 9   -543.19    674.48   1217.67     65.65
0628332 2024 05 10 20 20 00 001 9.00 9 9 9 9 9 9 9 9 9 9 9 9 9 9 9 9 9 9 9 9 9 9 9 9   -555.60    744.07   1299.66     94.24
0631448 2024 05 10 20 21 00 002 9.00 9 9 9 9 9 9 9 9 9 9 9 9 9 9 9 9 9 9 9 9 9 9 9 9   -512.66    811.36   1324.02    149.35
0634564 2024 05 10 20 22 00 006 9.00 9 9 9 9 9 9 9 9 9 9 9 9 9 9 9 9 9 9 9 9 9 9 9 9   -506.57    888.47   1395.04    190.95
0637681 2024 05 10 20 23 00 010 9.00 9 9 9 9 9 9 9 9 9 9 9 9 9 9 9 9 9 9 9 9 9 9 9 9   -525.80   1001.62   1527.42    237.91
0640798 2024 05 10 20 24 00 017 9.00 9 9 9 9 9 9 9 9 9 9 9 9 9 9 9 9 9 9 9 9 9 9 9 9   -518.72   1095.67   1614.39    288.47
0643914 2024 05 10 20 25 00 005 9.00 9 9 9 9 9 9 9 9 9 9 9 9 9 9 9 9 9 9 9 9 9 9 9 9   -458.00   1147.74   1605.74    344.87
0647031 2024 05 10 20 26 00 015 9.00 9 9 9 9 9 9 9 9 9 9 9 9 9 9 9 9 9 9 9 9 9 9 9 9   -419.48   1180.39   1599.87    380.46
0650147 2024 05 10 20 27 00 014 9.00 9 9 9 9 9 9 9 9 9 9 9 9 9 9 9 9 9 9 9 9 9 9 9 9   -375.64   1217.62   1593.25    420.99
0653261 2024 05 10 20 28 00 013 9.00 9 9 9 9 9 9 9 9 9 9 9 9 9 9 9 9 9 9 9 9 9 9 9 9   -417.70   1282.75   1700.45    432.52
0656377 2024 05 10 20 29 00 009 9.00 9 9 9 9 9 9 9 9 9 9 9 9 9 9 9 9 9 9 9 9 9 9 9 9   -453.41   1231.45   1684.87    389.02
0659495 2024 05 10 20 30 00 009 9.00 9 9 9 9 9 9 9 9 9 9 9 9 9 9 9 9 9 9 9 9 9 9 9 9   -481.19   1201.33   1682.53    360.07
0662613 2024 05 10 20 31 00 003 9.00 9 9 9 9 9 9 9 9 9 9 9 9 9 9 9 9 9 9 9 9 9 9 9 9   -454.26   1206.54   1660.80    376.14
0665731 2024 05 10 20 32 00 000 9.00 9 9 9 9 9 9 9 9 9 9 9 9 9 9 9 9 9 9 9 9 9 9 9 9   -567.63   1195.50   1763.12    313.94
0668851 2024 05 10 20 33 00 006 9.00 9 9 9 9 9 9 9 9 9 9 9 9 9 9 9 9 9 9 9 9 9 9 9 9   -582.35   1145.49   1727.85    281.57
0671972 2024 05 10 20 34 00 008 9.00 9 9 9 9 9 9 9 9 9 9 9 9 9 9 9 9 9 9 9 9 9 9 9 9   -531.88   1105.29   1637.16    286.71
0675093 2024 05 10 20 35 00 006 9.00 9 9 9 9 9 9 9 9 9 9 9 9 9 9 9 9 9 9 9 9 9 9 9 9   -507.31   1007.47   1514.78    250.08
0678216 2024 05 10 20 36 00 013 9.00 9 9 9 9 9 9 9 9 9 9 9 9 9 9 9 9 9 9 9 9 9 9 9 9   -450.56   1037.18   1487.74    293.31
0681337 2024 05 10 20 37 00 001 9.00 9 9 9 9 9 9 9 9 9 9 9 9 9 9 9 9 9 9 9 9 9 9 9 9   -388.39   1139.17   1527.56    375.39
0684458 2024 05 10 20 38 00 012 9.00 9 9 9 9 9 9 9 9 9 9 9 9 9 9 9 9 9 9 9 9 9 9 9 9   -253.32   1176.07   1429.39    461.37
0687579 2024 05 10 20 39 00 003 9.00 9 9 9 9 9 9 9 9 9 9 9 9 9 9 9 9 9 9 9 9 9 9 9 9   -194.27   1098.76   1293.04    452.24
0690702 2024 05 10 20 40 00 012 9.00 9 9 9 9 9 9 9 9 9 9 9 9 9 9 9 9 9 9 9 9 9 9 9 9   -139.31    988.74   1128.05    424.72
0693822 2024 05 10 20 41 00 018 9.00 9 9 9 9 9 9 9 9 9 9 9 9 9 9 9 9 9 9 9 9 9 9 9 9   -170.30    917.29   1087.59    373.49
0696943 2024 05 10 20 42 00 003 9.00 9 9 9 9 9 9 9 9 9 9 9 9 9 9 9 9 9 9 9 9 9 9 9 9   -164.75    904.07   1068.82    369.66
0700065 2024 05 10 20 43 00 017 9.00 9 9 9 9 9 9 9 9 9 9 9 9 9 9 9 9 9 9 9 9 9 9 9 9   -185.89    926.56   1112.44    370.34
0703186 2024 05 10 20 44 00 004 9.00 9 9 9 9 9 9 9 9 9 9 9 9 9 9 9 9 9 9 9 9 9 9 9 9   -230.99    949.00   1179.99    359.00
0706308 2024 05 10 20 45 00 009 9.00 9 9 9 9 9 9 9 9 9 9 9 9 9 9 9 9 9 9 9 9 9 9 9 9   -263.67    945.13   1208.80    340.73
0709430 2024 05 10 20 46 00 014 9.00 9 9 9 9 9 9 9 9 9 9 9 9 9 9 9 9 9 9 9 9 9 9 9 9   -294.21    943.50   1237.71    324.64
0712552 2024 05 10 20 47 00 009 9.00 9 9 9 9 9 9 9 9 9 9 9 9 9 9 9 9 9 9 9 9 9 9 9 9   -330.96    910.80   1241.76    289.92
0715675 2024 05 10 20 48 00 012 9.00 9 9 9 9 9 9 9 9 9 9 9 9 9 9 9 9 9 9 9 9 9 9 9 9   -349.76    887.60   1237.35    268.92
0718796 2024 05 10 20 49 00 000 9.00 9 9 9 9 9 9 9 9 9 9 9 9 9 9 9 9 9 9 9 9 9 9 9 9   -326.48    843.16   1169.64    258.34
0721918 2024 05 10 20 50 00 017 9.00 9 9 9 9 9 9 9 9 9 9 9 9 9 9 9 9 9 9 9 9 9 9 9 9   -351.89    772.89   1124.78    210.50
0725040 2024 05 10 20 51 00 018 9.00 9 9 9 9 9 9 9 9 9 9 9 9 9 9 9 9 9 9 9 9 9 9 9 9   -357.86    762.04   1119.90    202.09
0728162 2024 05 10 20 52 00 005 9.00 9 9 9 9 9 9 9 9 9 9 9 9 9 9 9 9 9 9 9 9 9 9 9 9   -386.02    785.83   1171.85    199.90
0731285 2024 05 10 20 53 00 012 9.00 9 9 9 9 9 9 9 9 9 9 9 9 9 9 9 9 9 9 9 9 9 9 9 9   -422.43    783.34   1205.77    180.46
0734407 2024 05 10 20 54 00 001 9.00 9 9 9 9 9 9 9 9 9 9 9 9 9 9 9 9 9 9 9 9 9 9 9 9   -458.97    775.68   1234.65    158.36
0737530 2024 05 10 20 55 00 014 9.00 9 9 9 9 9 9 9 9 9 9 9 9 9 9 9 9 9 9 9 9 9 9 9 9   -424.52    741.87   1166.39    158.68
0740651 2024 05 10 20 56 00 003 9.00 9 9 9 9 9 9 9 9 9 9 9 9 9 9 9 9 9 9 9 9 9 9 9 9   -421.26    743.17   1164.43    160.96
0743773 2024 05 10 20 57 00 017 9.00 9 9 9 9 9 9 9 9 9 9 9 9 9 9 9 9 9 9 9 9 9 9 9 9   -491.46    730.18   1221.64    119.36
0746894 2024 05 10 20 58 00 014 9.00 9 9 9 9 9 9 9 9 9 9 9 9 9 9 9 9 9 9 9 9 9 9 9 9   -547.32    736.23   1283.55     94.46
0750014 2024 05 10 20 59 00 009 9.00 9 9 9 9 9 9 9 9 9 9 9 9 9 9 9 9 9 9 9 9 9 9 9 9   -543.17    729.48   1272.65     93.15
0753134 2024 05 10 21 00 00 000 9.00 9 9 9 9 9 9 9 9 9 9 9 9 9 9 9 9 9 9 9 9 9 9 9 9   -495.38    692.72   1188.10     98.67
0756255 2024 05 10 21 01 00 004 9.00 9 9 9 9 9 9 9 9 9 9 9 9 9 9 9 9 9 9 9 9 9 9 9 9   -537.94    652.92   1190.86     57.49
0759377 2024 05 10 21 02 00 003 9.00 9 9 9 9 9 9 9 9 9 9 9 9 9 9 9 9 9 9 9 9 9 9 9 9   -553.00    602.25   1155.25     24.63
0762501 2024 05 10 21 03 00 009 9.00 9 9 9 9 9 9 9 9 9 9 9 9 9 9 9 9 9 9 9 9 9 9 9 9   -544.66    578.64   1123.30     16.99
0765626 2024 05 10 21 04 00 009 9.00 9 9 9 9 9 9 9 9 9 9 9 9 9 9 9 9 9 9 9 9 9 9 9 9   -501.79    555.25   1057.04     26.73
0768750 2024 05 10 21 05 00 011 9.00 9 9 9 9 9 9 9 9 9 9 9 9 9 9 9 9 9 9 9 9 9 9 9 9   -527.04    562.24   1089.29     17.60
0771874 2024 05 10 21 06 00 002 9.00 9 9 9 9 9 9 9 9 9 9 9 9 9 9 9 9 9 9 9 9 9 9 9 9   -508.09    604.93   1113.02     48.42
0774999 2024 05 10 21 07 00 018 9.00 9 9 9 9 9 9 9 9 9 9 9 9 9 9 9 9 9 9 9 9 9 9 9 9   -477.53    637.91   1115.44     80.19
0778123 2024 05 10 21 08 00 002 9.00 9 9 9 9 9 9 9 9 9 9 9 9 9 9 9 9 9 9 9 9 9 9 9 9   -453.42    631.26   1084.69     88.92
0781251 2024 05 10 21 09 00 008 9.00 9 9 9 9 9 9 9 9 9 9 9 9 9 9 9 9 9 9 9 9 9 9 9 9   -466.58    618.87   1085.46     76.14
0784380 2024 05 10 21 10 00 017 9.00 9 9 9 9 9 9 9 9 9 9 9 9 9 9 9 9 9 9 9 9 9 9 9 9   -472.10    600.97   1073.07     64.44
0787508 2024 05 10 21 11 00 003 9.00 9 9 9 9 9 9 9 9 9 9 9 9 9 9 9 9 9 9 9 9 9 9 9 9   -477.80    578.18   1055.99     50.19
0790637 2024 05 10 21 12 00 005 9.00 9 9 9 9 9 9 9 9 9 9 9 9 9 9 9 9 9 9 9 9 9 9 9 9   -450.69    523.70    974.39     36.50
0793767 2024 05 10 21 13 00 015 9.00 9 9 9 9 9 9 9 9 9 9 9 9 9 9 9 9 9 9 9 9 9 9 9 9   -421.16    492.92    914.07     35.88
0796896 2024 05 10 21 14 00 015 9.00 9 9 9 9 9 9 9 9 9 9 9 9 9 9 9 9 9 9 9 9 9 9 9 9   -415.08    533.20    948.28     59.06
0800024 2024 05 10 21 15 00 008 9.00 9 9 9 9 9 9 9 9 9 9 9 9 9 9 9 9 9 9 9 9 9 9 9 9   -385.68    578.09    963.77     96.20
0803151 2024 05 10 21 16 00 010 9.00 9 9 9 9 9 9 9 9 9 9 9 9 9 9 9 9 9 9 9 9 9 9 9 9   -432.18    591.00   1023.18     79.41
0806278 2024 05 10 21 17 00 018 9.00 9 9 9 9 9 9 9 9 9 9 9 9 9 9 9 9 9 9 9 9 9 9 9 9   -509.22    613.82   1123.04     52.30
0809405 2024 05 10 21 18 00 007 9.00 9 9 9 9 9 9 9 9 9 9 9 9 9 9 9 9 9 9 9 9 9 9 9 9   -569.10    628.43   1197.53     29.67
0812533 2024 05 10 21 19 00 004 9.00 9 9 9 9 9 9 9 9 9 9 9 9 9 9 9 9 9 9 9 9 9 9 9 9   -526.81    668.05   1194.85     70.62
0815662 2024 05 10 21 20 00 012 9.00 9 9 9 9 9 9 9 9 9 9 9 9 9 9 9 9 9 9 9 9 9 9 9 9   -514.78    698.27   1213.05     91.75
0818789 2024 05 10 21 21 00 012 9.00 9 9 9 9 9 9 9 9 9 9 9 9 9 9 9 9 9 9 9 9 9 9 9 9   -666.11    721.42   1387.53     27.65
0821916 2024 05 10 21 22 00 015 9.00 9 9 9 9 9 9 9 9 9 9 9 9 9 9 9 9 9 9 9 9 9 9 9 9   -702.94    735.58   1438.52     16.32
0825043 2024 05 10 21 23 00 002 9.00 9 9 9 9 9 9 9 9 9 9 9 9 9 9 9 9 9 9 9 9 9 9 9 9   -556.82    772.54   1329.35    107.86
0828170 2024 05 10 21 24 00 004 9.00 9 9 9 9 9 9 9 9 9 9 9 9 9 9 9 9 9 9 9 9 9 9 9 9   -581.55    812.23   1393.79    115.34
0831298 2024 05 10 21 25 00 014 9.00 9 9 9 9 9 9 9 9 9 9 9 9 9 9 9 9 9 9 9 9 9 9 9 9   -637.48    872.33   1509.80    117.43
0834422 2024 05 10 21 26 00 000 9.00 9 9 9 9 9 9 9 9 9 9 9 9 9 9 9 9 9 9 9 9 9 9 9 9   -761.29    979.18   1740.46    108.94
0837542 2024 05 10 21 27 00 000 9.00 9 9 9 9 9 9 9 9 9 9 9 9 9 9 9 9 9 9 9 9 9 9 9 9   -866.59   1023.58   1890.18     78.50
0840662 2024 05 10 21 28 00 013 9.00 9 9 9 9 9 9 9 9 9 9 9 9 9 9 9 9 9 9 9 9 9 9 9 9   -860.78   1014.18   1874.96     76.70
0843781 2024 05 10 21 29 00 012 9.00 9 9 9 9 9 9 9 9 9 9 9 9 9 9 9 9 9 9 9 9 9 9 9 9   -896.48    959.25   1855.73     31.38
0846901 2024 05 10 21 30 00 013 9.00 9 9 9 9 9 9 9 9 9 9 9 9 9 9 9 9 9 9 9 9 9 9 9 9   -906.42    882.66   1789.08    -11.88
0850019 2024 05 10 21 31 00 011 9.00 9 9 9 9 9 9 9 9 9 9 9 9 9 9 9 9 9 9 9 9 9 9 9 9   -877.89    893.74   1771.63      7.92
0853137 2024 05 10 21 32 00 016 9.00 9 9 9 9 9 9 9 9 9 9 9 9 9 9 9 9 9 9 9 9 9 9 9 9   -826.16    943.69   1769.84     58.77
0856252 2024 05 10 21 33 00 000 9.00 9 9 9 9 9 9 9 9 9 9 9 9 9 9 9 9 9 9 9 9 9 9 9 9   -770.70   1046.98   1817.68    138.14
0859368 2024 05 10 21 34 00 018 9.00 9 9 9 9 9 9 9 9 9 9 9 9 9 9 9 9 9 9 9 9 9 9 9 9   -716.23   1050.39   1766.63    167.08
0862479 2024 05 10 21 35 00 005 9.00 9 9 9 9 9 9 9 9 9 9 9 9 9 9 9 9 9 9 9 9 9 9 9 9   -752.11   1044.68   1796.79    146.29
0865587 2024 05 10 21 36 00 007 9.00 9 9 9 9 9 9 9 9 9 9 9 9 9 9 9 9 9 9 9 9 9 9 9 9   -821.81   1073.41   1895.22    125.80
0868696 2024 05 10 21 37 00 010 9.00 9 9 9 9 9 9 9 9 9 9 9 9 9 9 9 9 9 9 9 9 9 9 9 9   -788.55   1145.48   1934.04    178.46
0871806 2024 05 10 21 38 00 015 9.00 9 9 9 9 9 9 9 9 9 9 9 9 9 9 9 9 9 9 9 9 9 9 9 9   -897.97   1254.23   2152.20    178.13
0874918 2024 05 10 21 39 00 015 9.00 9 9 9 9 9 9 9 9 9 9 9 9 9 9 9 9 9 9 9 9 9 9 9 9   -869.34   1309.64   2178.98    220.15
0878028 2024 05 10 21 40 00 018 9.00 9 9 9 9 9 9 9 9 9 9 9 9 9 9 9 9 9 9 9 9 9 9 9 9   -878.30   1327.33   2205.63    224.52
0881137 2024 05 10 21 41 00 012 9.00 9 9 9 9 9 9 9 9 9 9 9 9 9 9 9 9 9 9 9 9 9 9 9 9   -829.82   1345.41   2175.22    257.79
0884245 2024 05 10 21 42 00 016 9.00 9 9 9 9 9 9 9 9 9 9 9 9 9 9 9 9 9 9 9 9 9 9 9 9   -878.17   1320.23   2198.40    221.03
0887354 2024 05 10 21 43 00 015 9.00 9 9 9 9 9 9 9 9 9 9 9 9 9 9 9 9 9 9 9 9 9 9 9 9   -849.22   1275.42   2124.64    213.10
0890466 2024 05 10 21 44 00 002 9.00 9 9 9 9 9 9 9 9 9 9 9 9 9 9 9 9 9 9 9 9 9 9 9 9   -749.39   1203.99   1953.39    227.30
0893585 2024 05 10 21 45 00 017 9.00 9 9 9 9 9 9 9 9 9 9 9 9 9 9 9 9 9 9 9 9 9 9 9 9   -534.21   1135.25   1669.46    300.52
0896697 2024 05 10 21 46 00 015 9.00 9 9 9 9 9 9 9 9 9 9 9 9 9 9 9 9 9 9 9 9 9 9 9 9   -630.83   1108.04   1738.87    238.61
0899803 2024 05 10 21 47 00 005 9.00 9 9 9 9 9 9 9 9 9 9 9 9 9 9 9 9 9 9 9 9 9 9 9 9   -668.85   1049.47   1718.32    190.31
0902911 2024 05 10 21 48 00 005 9.00 9 9 9 9 9 9 9 9 9 9 9 9 9 9 9 9 9 9 9 9 9 9 9 9   -622.58    886.15   1508.73    131.79
0906029 2024 05 10 21 49 00 005 9.00 9 9 9 9 9 9 9 9 9 9 9 9 9 9 9 9 9 9 9 9 9 9 9 9   -518.36    700.77   1219.13     91.21
0909149 2024 05 10 21 50 00 005 9.00 9 9 9 9 9 9 9 9 9 9 9 9 9 9 9 9 9 9 9 9 9 9 9 9   -483.21    724.25   1207.46    120.52
0912267 2024 05 10 21 51 00 005 9.00 9 9 9 9 9 9 9 9 9 9 9 9 9 9 9 9 9 9 9 9 9 9 9 9   -423.54    698.91   1122.45    137.69
0915389 2024 05 10 21 52 00 008 9.00 9 9 9 9 9 9 9 9 9 9 9 9 9 9 9 9 9 9 9 9 9 9 9 9   -481.70    690.07   1171.78    104.18
0918512 2024 05 10 21 53 00 006 9.00 9 9 9 9 9 9 9 9 9 9 9 9 9 9 9 9 9 9 9 9 9 9 9 9   -446.94    649.29   1096.23    101.18
0921640 2024 05 10 21 54 00 013 9.00 9 9 9 9 9 9 9 9 9 9 9 9 9 9 9 9 9 9 9 9 9 9 9 9   -450.69    598.04   1048.73     73.68
0924773 2024 05 10 21 55 00 004 9.00 9 9 9 9 9 9 9 9 9 9 9 9 9 9 9 9 9 9 9 9 9 9 9 9   -446.27    547.84    994.11     50.78
0927912 2024 05 10 21 56 00 012 9.00 9 9 9 9 9 9 9 9 9 9 9 9 9 9 9 9 9 9 9 9 9 9 9 9   -496.04    501.22    997.27      2.59
0931056 2024 05 10 21 57 00 009 9.00 9 9 9 9 9 9 9 9 9 9 9 9 9 9 9 9 9 9 9 9 9 9 9 9   -492.22    461.93    954.15    -15.14
0934201 2024 05 10 21 58 00 000 9.00 9 9 9 9 9 9 9 9 9 9 9 9 9 9 9 9 9 9 9 9 9 9 9 9   -456.71    454.74    911.45     -0.98
0937348 2024 05 10 21 59 00 009 9.00 9 9 9 9 9 9 9 9 9 9 9 9 9 9 9 9 9 9 9 9 9 9 9 9   -453.71    486.64    940.35     16.47
0940492 2024 05 10 22 00 00 000 9.00 9 9 9 9 9 9 9 9 9 9 9 9 9 9 9 9 9 9 9 9 9 9 9 9   -495.20    526.89   1022.10     15.85
0943635 2024 05 10 22 01 00 000 9.00 9 9 9 9 9 9 9 9 9 9 9 9 9 9 9 9 9 9 9 9 9 9 9 9   -499.45    507.79   1007.24      4.17
0946778 2024 05 10 22 02 00 011 9.00 9 9 9 9 9 9 9 9 9 9 9 9 9 9 9 9 9 9 9 9 9 9 9 9   -489.33    474.51    963.83     -7.41
0949917 2024 05 10 22 03 00 002 9.00 9 9 9 9 9 9 9 9 9 9 9 9 9 9 9 9 9 9 9 9 9 9 9 9   -480.40    445.45    925.85    -17.47
0953061 2024 05 10 22 04 00 009 9.00 9 9 9 9 9 9 9 9 9 9 9 9 9 9 9 9 9 9 9 9 9 9 9 9   -452.39    419.88    872.27    -16.25
0956204 2024 05 10 22 05 00 001 9.00 9 9 9 9 9 9 9 9 9 9 9 9 9 9 9 9 9 9 9 9 9 9 9 9   -333.40    421.93    755.33     44.26
0959347 2024 05 10 22 06 00 001 9.00 9 9 9 9 9 9 9 9 9 9 9 9 9 9 9 9 9 9 9 9 9 9 9 9   -563.77    458.67   1022.44    -52.55
0962495 2024 05 10 22 07 00 014 9.00 9 9 9 9 9 9 9 9 9 9 9 9 9 9 9 9 9 9 9 9 9 9 9 9   -769.28    504.73   1274.01   -132.27
0965641 2024 05 10 22 08 00 000 9.00 9 9 9 9 9 9 9 9 9 9 9 9 9 9 9 9 9 9 9 9 9 9 9 9   -578.97    617.27   1196.24     19.15
0968791 2024 05 10 22 09 00 016 9.00 9 9 9 9 9 9 9 9 9 9 9 9 9 9 9 9 9 9 9 9 9 9 9 9   -689.27    749.80   1439.07     30.27
0971943 2024 05 10 22 10 00 010 9.00 9 9 9 9 9 9 9 9 9 9 9 9 9 9 9 9 9 9 9 9 9 9 9 9   -744.70    843.56   1588.26     49.43
0975094 2024 05 10 22 11 00 008 9.00 9 9 9 9 9 9 9 9 9 9 9 9 9 9 9 9 9 9 9 9 9 9 9 9   -643.95    905.37   1549.32    130.71
0978240 2024 05 10 22 12 00 004 9.00 9 9 9 9 9 9 9 9 9 9 9 9 9 9 9 9 9 9 9 9 9 9 9 9   -744.00    962.42   1706.42    109.21
0981377 2024 05 10 22 13 00 003 9.00 9 9 9 9 9 9 9 9 9 9 9 9 9 9 9 9 9 9 9 9 9 9 9 9   -848.18   1014.53   1862.71     83.17
0984502 2024 05 10 22 14 00 010 9.00 9 9 9 9 9 9 9 9 9 9 9 9 9 9 9 9 9 9 9 9 9 9 9 9   -852.59   1046.28   1898.87     96.85
0987624 2024 05 10 22 15 00 008 9.00 9 9 9 9 9 9 9 9 9 9 9 9 9 9 9 9 9 9 9 9 9 9 9 9   -804.37   1037.30   1841.67    116.46
0990745 2024 05 10 22 16 00 004 9.00 9 9 9 9 9 9 9 9 9 9 9 9 9 9 9 9 9 9 9 9 9 9 9 9   -745.22   1044.58   1789.80    149.68
0993868 2024 05 10 22 17 00 004 9.00 9 9 9 9 9 9 9 9 9 9 9 9 9 9 9 9 9 9 9 9 9 9 9 9   -740.24   1102.50   1842.75    181.13
0996991 2024 05 10 22 18 00 006 9.00 9 9 9 9 9 9 9 9 9 9 9 9 9 9 9 9 9 9 9 9 9 9 9 9   -720.39   1195.29   1915.68    237.45
1000110 2024 05 10 22 19 00 010 9.00 9 9 9 9 9 9 9 9 9 9 9 9 9 9 9 9 9 9 9 9 9 9 9 9   -779.13   1261.19   2040.32    241.03
1003224 2024 05 10 22 20 00 006 9.00 9 9 9 9 9 9 9 9 9 9 9 9 9 9 9 9 9 9 9 9 9 9 9 9   -878.47   1293.17   2171.64    207.35
1006340 2024 05 10 22 21 00 018 9.00 9 9 9 9 9 9 9 9 9 9 9 9 9 9 9 9 9 9 9 9 9 9 9 9   -934.61   1335.16   2269.77    200.27
1009460 2024 05 10 22 22 00 000 9.00 9 9 9 9 9 9 9 9 9 9 9 9 9 9 9 9 9 9 9 9 9 9 9 9   -822.38   1283.58   2105.96    230.60
1012586 2024 05 10 22 23 00 015 9.00 9 9 9 9 9 9 9 9 9 9 9 9 9 9 9 9 9 9 9 9 9 9 9 9   -749.50   1288.03   2037.53    269.26
1015710 2024 05 10 22 24 00 000 9.00 9 9 9 9 9 9 9 9 9 9 9 9 9 9 9 9 9 9 9 9 9 9 9 9   -674.99   1266.02   1941.01    295.52
1018833 2024 05 10 22 25 00 016 9.00 9 9 9 9 9 9 9 9 9 9 9 9 9 9 9 9 9 9 9 9 9 9 9 9   -688.13   1221.61   1909.74    266.74
1021952 2024 05 10 22 26 00 006 9.00 9 9 9 9 9 9 9 9 9 9 9 9 9 9 9 9 9 9 9 9 9 9 9 9   -804.87   1152.32   1957.20    173.72
1025071 2024 05 10 22 27 00 004 9.00 9 9 9 9 9 9 9 9 9 9 9 9 9 9 9 9 9 9 9 9 9 9 9 9   -781.75   1082.73   1864.48    150.49
1028192 2024 05 10 22 28 00 001 9.00 9 9 9 9 9 9 9 9 9 9 9 9 9 9 9 9 9 9 9 9 9 9 9 9   -636.99   1085.68   1722.67    224.34
1031311 2024 05 10 22 29 00 012 9.00 9 9 9 9 9 9 9 9 9 9 9 9 9 9 9 9 9 9 9 9 9 9 9 9   -652.89   1079.15   1732.04    213.13
1034426 2024 05 10 22 30 00 011 9.00 9 9 9 9 9 9 9 9 9 9 9 9 9 9 9 9 9 9 9 9 9 9 9 9   -635.42   1178.83   1814.25    271.70
1037538 2024 05 10 22 31 00 013 9.00 9 9 9 9 9 9 9 9 9 9 9 9 9 9 9 9 9 9 9 9 9 9 9 9   -786.32   1299.49   2085.80    256.58
1040652 2024 05 10 22 32 00 015 9.00 9 9 9 9 9 9 9 9 9 9 9 9 9 9 9 9 9 9 9 9 9 9 9 9   -826.35   1330.45   2156.80    252.05
1043766 2024 05 10 22 33 00 003 9.00 9 9 9 9 9 9 9 9 9 9 9 9 9 9 9 9 9 9 9 9 9 9 9 9   -726.63   1327.71   2054.34    300.54
1046887 2024 05 10 22 34 00 006 9.00 9 9 9 9 9 9 9 9 9 9 9 9 9 9 9 9 9 9 9 9 9 9 9 9   -760.40   1343.91   2104.31    291.75
1050010 2024 05 10 22 35 00 015 9.00 9 9 9 9 9 9 9 9 9 9 9 9 9 9 9 9 9 9 9 9 9 9 9 9   -727.87   1354.24   2082.11    313.18
1053127 2024 05 10 22 36 00 018 9.00 9 9 9 9 9 9 9 9 9 9 9 9 9 9 9 9 9 9 9 9 9 9 9 9   -823.52   1252.24   2075.76    214.36
1056242 2024 05 10 22 37 00 011 9.00 9 9 9 9 9 9 9 9 9 9 9 9 9 9 9 9 9 9 9 9 9 9 9 9   -936.46   1164.51   2100.97    114.02
1059356 2024 05 10 22 38 00 003 9.00 9 9 9 9 9 9 9 9 9 9 9 9 9 9 9 9 9 9 9 9 9 9 9 9   -927.58   1268.52   2196.10    170.47
1062465 2024 05 10 22 39 00 011 9.00 9 9 9 9 9 9 9 9 9 9 9 9 9 9 9 9 9 9 9 9 9 9 9 9   -968.78   1321.14   2289.92    176.18
1065569 2024 05 10 22 40 00 018 9.00 9 9 9 9 9 9 9 9 9 9 9 9 9 9 9 9 9 9 9 9 9 9 9 9   -937.12   1083.51   2020.63     73.20
1068667 2024 05 10 22 41 00 000 9.00 9 9 9 9 9 9 9 9 9 9 9 9 9 9 9 9 9 9 9 9 9 9 9 9   -769.34    680.98   1450.32    -44.18
1071767 2024 05 10 22 42 00 018 9.00 9 9 9 9 9 9 9 9 9 9 9 9 9 9 9 9 9 9 9 9 9 9 9 9   -761.94    354.38   1116.32   -203.78
1074869 2024 05 10 22 43 00 008 9.00 9 9 9 9 9 9 9 9 9 9 9 9 9 9 9 9 9 9 9 9 9 9 9 9   -658.70    610.10   1268.80    -24.30
1077970 2024 05 10 22 44 00 015 9.00 9 9 9 9 9 9 9 9 9 9 9 9 9 9 9 9 9 9 9 9 9 9 9 9   -595.57    867.84   1463.42    136.14
1081082 2024 05 10 22 45 00 013 9.00 9 9 9 9 9 9 9 9 9 9 9 9 9 9 9 9 9 9 9 9 9 9 9 9  -1002.93   1096.15   2099.07     46.61
1084191 2024 05 10 22 46 00 000 9.00 9 9 9 9 9 9 9 9 9 9 9 9 9 9 9 9 9 9 9 9 9 9 9 9   -850.25   1241.65   2091.90    195.70
1087294 2024 05 10 22 47 00 018 9.00 9 9 9 9 9 9 9 9 9 9 9 9 9 9 9 9 9 9 9 9 9 9 9 9   -613.59   1307.30   1920.89    346.85
1090382 2024 05 10 22 48 00 009 9.00 9 9 9 9 9 9 9 9 9 9 9 9 9 9 9 9 9 9 9 9 9 9 9 9   -412.33   1347.52   1759.85    467.59
1093467 2024 05 10 22 49 00 001 9.00 9 9 9 9 9 9 9 9 9 9 9 9 9 9 9 9 9 9 9 9 9 9 9 9   -117.22   1388.19   1505.40    635.49
1096560 2024 05 10 22 50 00 005 9.00 9 9 9 9 9 9 9 9 9 9 9 9 9 9 9 9 9 9 9 9 9 9 9 9   -151.39   1410.63   1562.02    629.62
1099659 2024 05 10 22 51 00 001 9.00 9 9 9 9 9 9 9 9 9 9 9 9 9 9 9 9 9 9 9 9 9 9 9 9   -107.45   1427.50   1534.95    660.03
1102764 2024 05 10 22 52 00 005 9.00 9 9 9 9 9 9 9 9 9 9 9 9 9 9 9 9 9 9 9 9 9 9 9 9    -18.98   1451.94   1470.92    716.48
1105873 2024 05 10 22 53 00 005 9.00 9 9 9 9 9 9 9 9 9 9 9 9 9 9 9 9 9 9 9 9 9 9 9 9    104.44   1524.35   1419.92    814.40
1108986 2024 05 10 22 54 00 015 9.00 9 9 9 9 9 9 9 9 9 9 9 9 9 9 9 9 9 9 9 9 9 9 9 9    181.53   1578.29   1396.77    879.91
1112099 2024 05 10 22 55 00 009 9.00 9 9 9 9 9 9 9 9 9 9 9 9 9 9 9 9 9 9 9 9 9 9 9 9    209.11   1675.21   1466.10    942.16
1115209 2024 05 10 22 56 00 009 9.00 9 9 9 9 9 9 9 9 9 9 9 9 9 9 9 9 9 9 9 9 9 9 9 9    242.24   1760.68   1518.44   1001.46
1118310 2024 05 10 22 57 00 000 9.00 9 9 9 9 9 9 9 9 9 9 9 9 9 9 9 9 9 9 9 9 9 9 9 9    219.33   1717.19   1497.86    968.26
1121406 2024 05 10 22 58 00 001 9.00 9 9 9 9 9 9 9 9 9 9 9 9 9 9 9 9 9 9 9 9 9 9 9 9    315.21   1839.98   1524.77   1077.59
1124500 2024 05 10 22 59 00 001 9.00 9 9 9 9 9 9 9 9 9 9 9 9 9 9 9 9 9 9 9 9 9 9 9 9    298.62   1796.40   1497.78   1047.51
1127605 2024 05 10 23 00 00 000 9.00 9 9 9 9 9 9 9 9 9 9 9 9 9 9 9 9 9 9 9 9 9 9 9 9    257.28   1805.10   1547.83   1031.19
1130724 2024 05 10 23 01 00 006 9.00 9 9 9 9 9 9 9 9 9 9 9 9 9 9 9 9 9 9 9 9 9 9 9 9    232.74   1830.37   1597.64   1031.56
1133849 2024 05 10 23 02 00 000 9.00 9 9 9 9 9 9 9 9 9 9 9 9 9 9 9 9 9 9 9 9 9 9 9 9    153.01   1820.57   1667.56    986.79
1136975 2024 05 10 23 03 00 015 9.00 9 9 9 9 9 9 9 9 9 9 9 9 9 9 9 9 9 9 9 9 9 9 9 9    116.02   1794.27   1678.25    955.14
1140098 2024 05 10 23 04 00 005 9.00 9 9 9 9 9 9 9 9 9 9 9 9 9 9 9 9 9 9 9 9 9 9 9 9     70.79   1839.04   1768.25    954.91
1143219 2024 05 10 23 05 00 016 9.00 9 9 9 9 9 9 9 9 9 9 9 9 9 9 9 9 9 9 9 9 9 9 9 9     79.50   1848.03   1768.52    963.77
1146340 2024 05 10 23 06 00 013 9.00 9 9 9 9 9 9 9 9 9 9 9 9 9 9 9 9 9 9 9 9 9 9 9 9    -71.20   1818.58   1889.79    873.69
1149462 2024 05 10 23 07 00 000 9.00 9 9 9 9 9 9 9 9 9 9 9 9 9 9 9 9 9 9 9 9 9 9 9 9   -293.02   1824.82   2117.84    765.90
1152585 2024 05 10 23 08 00 008 9.00 9 9 9 9 9 9 9 9 9 9 9 9 9 9 9 9 9 9 9 9 9 9 9 9   -258.37   1893.09   2151.47    817.36
1155708 2024 05 10 23 09 00 012 9.00 9 9 9 9 9 9 9 9 9 9 9 9 9 9 9 9 9 9 9 9 9 9 9 9   -151.63   1959.37   2111.00    903.87
1158828 2024 05 10 23 10 00 002 9.00 9 9 9 9 9 9 9 9 9 9 9 9 9 9 9 9 9 9 9 9 9 9 9 9     51.28   2003.13   1951.85   1027.21
1161947 2024 05 10 23 11 00 007 9.00 9 9 9 9 9 9 9 9 9 9 9 9 9 9 9 9 9 9 9 9 9 9 9 9     -8.36   2028.91   2037.28   1010.28
1165065 2024 05 10 23 12 00 008 9.00 9 9 9 9 9 9 9 9 9 9 9 9 9 9 9 9 9 9 9 9 9 9 9 9    -31.20   1989.76   2020.96    979.28
1168183 2024 05 10 23 13 00 002 9.00 9 9 9 9 9 9 9 9 9 9 9 9 9 9 9 9 9 9 9 9 9 9 9 9    -18.72   1811.05   1829.77    896.17
1171302 2024 05 10 23 14 00 003 9.00 9 9 9 9 9 9 9 9 9 9 9 9 9 9 9 9 9 9 9 9 9 9 9 9    -22.16   1667.21   1689.36    822.53
1174424 2024 05 10 23 15 00 015 9.00 9 9 9 9 9 9 9 9 9 9 9 9 9 9 9 9 9 9 9 9 9 9 9 9    -71.85   1548.78   1620.64    738.46
1177549 2024 05 10 23 16 00 014 9.00 9 9 9 9 9 9 9 9 9 9 9 9 9 9 9 9 9 9 9 9 9 9 9 9   -170.86   1522.23   1693.10    675.68
1180670 2024 05 10 23 17 00 007 9.00 9 9 9 9 9 9 9 9 9 9 9 9 9 9 9 9 9 9 9 9 9 9 9 9   -102.80   1659.98   1762.77    778.59
1183787 2024 05 10 23 18 00 018 9.00 9 9 9 9 9 9 9 9 9 9 9 9 9 9 9 9 9 9 9 9 9 9 9 9     -6.28   1771.86   1778.14    882.79
1186899 2024 05 10 23 19 00 012 9.00 9 9 9 9 9 9 9 9 9 9 9 9 9 9 9 9 9 9 9 9 9 9 9 9     55.37   1842.98   1787.61    949.18
1190006 2024 05 10 23 20 00 013 9.00 9 9 9 9 9 9 9 9 9 9 9 9 9 9 9 9 9 9 9 9 9 9 9 9     57.80   1771.77   1713.97    914.78
1193111 2024 05 10 23 21 00 017 9.00 9 9 9 9 9 9 9 9 9 9 9 9 9 9 9 9 9 9 9 9 9 9 9 9     28.85   1653.46   1624.61    841.16
1196215 2024 05 10 23 22 00 012 9.00 9 9 9 9 9 9 9 9 9 9 9 9 9 9 9 9 9 9 9 9 9 9 9 9   -134.20   1645.41   1779.61    755.61
1199324 2024 05 10 23 23 00 016 9.00 9 9 9 9 9 9 9 9 9 9 9 9 9 9 9 9 9 9 9 9 9 9 9 9    -27.38   1692.28   1719.67    832.45
1202440 2024 05 10 23 24 00 010 9.00 9 9 9 9 9 9 9 9 9 9 9 9 9 9 9 9 9 9 9 9 9 9 9 9     92.27   1707.09   1614.83    899.68
1205555 2024 05 10 23 25 00 013 9.00 9 9 9 9 9 9 9 9 9 9 9 9 9 9 9 9 9 9 9 9 9 9 9 9    107.95   1730.47   1622.51    919.21
1208673 2024 05 10 23 26 00 001 9.00 9 9 9 9 9 9 9 9 9 9 9 9 9 9 9 9 9 9 9 9 9 9 9 9    102.38   1744.38   1642.00    923.38
1211796 2024 05 10 23 27 00 012 9.00 9 9 9 9 9 9 9 9 9 9 9 9 9 9 9 9 9 9 9 9 9 9 9 9    -26.53   1768.92   1795.44    871.20
1214919 2024 05 10 23 28 00 015 9.00 9 9 9 9 9 9 9 9 9 9 9 9 9 9 9 9 9 9 9 9 9 9 9 9   -264.86   1715.71   1980.57    725.43
1218039 2024 05 10 23 29 00 011 9.00 9 9 9 9 9 9 9 9 9 9 9 9 9 9 9 9 9 9 9 9 9 9 9 9    -73.81   1760.69   1834.49    843.44
1221156 2024 05 10 23 30 00 013 9.00 9 9 9 9 9 9 9 9 9 9 9 9 9 9 9 9 9 9 9 9 9 9 9 9     16.77   1775.35   1758.58    896.06
1224268 2024 05 10 23 31 00 014 9.00 9 9 9 9 9 9 9 9 9 9 9 9 9 9 9 9 9 9 9 9 9 9 9 9     24.77   1787.30   1762.54    906.04
1227374 2024 05 10 23 32 00 016 9.00 9 9 9 9 9 9 9 9 9 9 9 9 9 9 9 9 9 9 9 9 9 9 9 9     40.44   1789.89   1749.44    915.17
1230478 2024 05 10 23 33 00 014 9.00 9 9 9 9 9 9 9 9 9 9 9 9 9 9 9 9 9 9 9 9 9 9 9 9    145.94   1710.58   1564.64    928.26
1233584 2024 05 10 23 34 00 012 9.00 9 9 9 9 9 9 9 9 9 9 9 9 9 9 9 9 9 9 9 9 9 9 9 9     66.08   1696.54   1630.46    881.31
1236696 2024 05 10 23 35 00 008 9.00 9 9 9 9 9 9 9 9 9 9 9 9 9 9 9 9 9 9 9 9 9 9 9 9      4.30   1631.78   1627.48    818.04
1239813 2024 05 10 23 36 00 007 9.00 9 9 9 9 9 9 9 9 9 9 9 9 9 9 9 9 9 9 9 9 9 9 9 9     77.96   1557.60   1479.64    817.78
1242927 2024 05 10 23 37 00 009 9.00 9 9 9 9 9 9 9 9 9 9 9 9 9 9 9 9 9 9 9 9 9 9 9 9     45.12   1522.73   1477.61    783.93
1246034 2024 05 10 23 38 00 019 9.00 9 9 9 9 9 9 9 9 9 9 9 9 9 9 9 9 9 9 9 9 9 9 9 9     55.34   1549.55   1494.22    802.44
1249135 2024 05 10 23 39 00 007 9.00 9 9 9 9 9 9 9 9 9 9 9 9 9 9 9 9 9 9 9 9 9 9 9 9      7.62   1532.71   1525.09    770.16
1252227 2024 05 10 23 40 00 000 9.00 9 9 9 9 9 9 9 9 9 9 9 9 9 9 9 9 9 9 9 9 9 9 9 9   -159.08   1527.61   1686.69    684.27
1255316 2024 05 10 23 41 00 007 9.00 9 9 9 9 9 9 9 9 9 9 9 9 9 9 9 9 9 9 9 9 9 9 9 9   -103.29   1540.93   1644.21    718.82
1258409 2024 05 10 23 42 00 007 9.00 9 9 9 9 9 9 9 9 9 9 9 9 9 9 9 9 9 9 9 9 9 9 9 9   -125.42   1529.84   1655.26    702.21
1261506 2024 05 10 23 43 00 002 9.00 9 9 9 9 9 9 9 9 9 9 9 9 9 9 9 9 9 9 9 9 9 9 9 9   -161.49   1520.83   1682.32    679.67
1264606 2024 05 10 23 44 00 016 9.00 9 9 9 9 9 9 9 9 9 9 9 9 9 9 9 9 9 9 9 9 9 9 9 9   -251.92   1565.61   1817.54    656.85
1267701 2024 05 10 23 45 00 011 9.00 9 9 9 9 9 9 9 9 9 9 9 9 9 9 9 9 9 9 9 9 9 9 9 9   -263.75   1646.28   1910.03    691.26
1270789 2024 05 10 23 46 00 007 9.00 9 9 9 9 9 9 9 9 9 9 9 9 9 9 9 9 9 9 9 9 9 9 9 9   -227.40   1628.77   1856.17    700.69
1273878 2024 05 10 23 47 00 006 9.00 9 9 9 9 9 9 9 9 9 9 9 9 9 9 9 9 9 9 9 9 9 9 9 9   -127.33   1572.84   1700.17    722.75
1276969 2024 05 10 23 48 00 012 9.00 9 9 9 9 9 9 9 9 9 9 9 9 9 9 9 9 9 9 9 9 9 9 9 9   -133.25   1514.21   1647.46    690.48
1280060 2024 05 10 23 49 00 011 9.00 9 9 9 9 9 9 9 9 9 9 9 9 9 9 9 9 9 9 9 9 9 9 9 9   -126.56   1487.46   1614.02    680.45
1283146 2024 05 10 23 50 00 016 9.00 9 9 9 9 9 9 9 9 9 9 9 9 9 9 9 9 9 9 9 9 9 9 9 9   -163.98   1343.63   1507.60    589.82
1286229 2024 05 10 23 51 00 001 9.00 9 9 9 9 9 9 9 9 9 9 9 9 9 9 9 9 9 9 9 9 9 9 9 9   -282.68   1235.15   1517.83    476.23
1289316 2024 05 10 23 52 00 014 9.00 9 9 9 9 9 9 9 9 9 9 9 9 9 9 9 9 9 9 9 9 9 9 9 9   -309.02   1197.96   1506.98    444.47
1292411 2024 05 10 23 53 00 005 9.00 9 9 9 9 9 9 9 9 9 9 9 9 9 9 9 9 9 9 9 9 9 9 9 9   -296.32   1217.96   1514.28    460.82
1295507 2024 05 10 23 54 00 017 9.00 9 9 9 9 9 9 9 9 9 9 9 9 9 9 9 9 9 9 9 9 9 9 9 9   -286.09   1220.84   1506.92    467.38
1298601 2024 05 10 23 55 00 015 9.00 9 9 9 9 9 9 9 9 9 9 9 9 9 9 9 9 9 9 9 9 9 9 9 9   -282.35   1231.09   1513.43    474.37
1301699 2024 05 10 23 56 00 001 9.00 9 9 9 9 9 9 9 9 9 9 9 9 9 9 9 9 9 9 9 9 9 9 9 9   -363.05   1257.92   1620.97    447.43
1304800 2024 05 10 23 57 00 006 9.00 9 9 9 9 9 9 9 9 9 9 9 9 9 9 9 9 9 9 9 9 9 9 9 9   -292.51   1256.11   1548.62    481.80
1307901 2024 05 10 23 58 00 019 9.00 9 9 9 9 9 9 9 9 9 9 9 9 9 9 9 9 9 9 9 9 9 9 9 9   -165.26   1213.32   1378.58    524.03
1311009 2024 05 10 23 59 00 006 9.00 9 9 9 9 9 9 9 9 9 9 9 9 9 9 9 9 9 9 9 9 9 9 9 9   -184.82   1188.53   1373.35    501.85
1314122 2024 05 11 00 00 00 000 9.00 9 9 9 9 9 9 9 9 9 9 9 9 9 9 9 9 9 9 9 9 9 9 9 9   -218.48   1170.56   1389.04    476.04
1317236 2024 05 11 00 01 00 010 9.00 9 9 9 9 9 9 9 9 9 9 9 9 9 9 9 9 9 9 9 9 9 9 9 9   -267.40   1120.28   1387.68    426.44
1320349 2024 05 11 00 02 00 018 9.00 9 9 9 9 9 9 9 9 9 9 9 9 9 9 9 9 9 9 9 9 9 9 9 9   -267.57   1056.68   1324.24    394.56
1323461 2024 05 11 00 03 00 002 9.00 9 9 9 9 9 9 9 9 9 9 9 9 9 9 9 9 9 9 9 9 9 9 9 9   -271.02   1025.56   1296.58    377.27
1326576 2024 05 11 00 04 00 009 9.00 9 9 9 9 9 9 9 9 9 9 9 9 9 9 9 9 9 9 9 9 9 9 9 9   -193.91    987.94   1181.85    397.02
1329697 2024 05 11 00 05 00 000 9.00 9 9 9 9 9 9 9 9 9 9 9 9 9 9 9 9 9 9 9 9 9 9 9 9   -271.30    911.11   1182.41    319.91
1332821 2024 05 11 00 06 00 010 9.00 9 9 9 9 9 9 9 9 9 9 9 9 9 9 9 9 9 9 9 9 9 9 9 9   -307.04    837.62   1144.66    265.29
1335941 2024 05 11 00 07 00 014 9.00 9 9 9 9 9 9 9 9 9 9 9 9 9 9 9 9 9 9 9 9 9 9 9 9   -338.52    823.49   1162.01    242.48
1339065 2024 05 11 00 08 00 003 9.00 9 9 9 9 9 9 9 9 9 9 9 9 9 9 9 9 9 9 9 9 9 9 9 9   -288.91    810.43   1099.34    260.76
1342195 2024 05 11 00 09 00 002 9.00 9 9 9 9 9 9 9 9 9 9 9 9 9 9 9 9 9 9 9 9 9 9 9 9   -245.20    831.62   1076.82    293.21
1345326 2024 05 11 00 10 00 005 9.00 9 9 9 9 9 9 9 9 9 9 9 9 9 9 9 9 9 9 9 9 9 9 9 9   -207.18    859.05   1066.23    325.94
1348460 2024 05 11 00 11 00 015 9.00 9 9 9 9 9 9 9 9 9 9 9 9 9 9 9 9 9 9 9 9 9 9 9 9   -220.60    877.17   1097.77    328.29
1351594 2024 05 11 00 12 00 017 9.00 9 9 9 9 9 9 9 9 9 9 9 9 9 9 9 9 9 9 9 9 9 9 9 9   -195.48    885.52   1081.00    345.02
1354726 2024 05 11 00 13 00 003 9.00 9 9 9 9 9 9 9 9 9 9 9 9 9 9 9 9 9 9 9 9 9 9 9 9   -282.27    851.61   1133.88    284.67
1357857 2024 05 11 00 14 00 011 9.00 9 9 9 9 9 9 9 9 9 9 9 9 9 9 9 9 9 9 9 9 9 9 9 9   -285.31    833.10   1118.41    273.89
1360979 2024 05 11 00 15 00 009 9.00 9 9 9 9 9 9 9 9 9 9 9 9 9 9 9 9 9 9 9 9 9 9 9 9   -309.74    817.16   1126.89    253.71
1364096 2024 05 11 00 16 00 019 9.00 9 9 9 9 9 9 9 9 9 9 9 9 9 9 9 9 9 9 9 9 9 9 9 9   -715.97    834.56   1550.53     59.29
1367216 2024 05 11 00 17 00 014 9.00 9 9 9 9 9 9 9 9 9 9 9 9 9 9 9 9 9 9 9 9 9 9 9 9   -699.80    904.90   1604.70    102.55
1370335 2024 05 11 00 18 00 008 9.00 9 9 9 9 9 9 9 9 9 9 9 9 9 9 9 9 9 9 9 9 9 9 9 9   -610.83    972.99   1583.83    181.08
1373451 2024 05 11 00 19 00 000 9.00 9 9 9 9 9 9 9 9 9 9 9 9 9 9 9 9 9 9 9 9 9 9 9 9   -632.55   1011.66   1644.21    189.55
1376567 2024 05 11 00 20 00 003 9.00 9 9 9 9 9 9 9 9 9 9 9 9 9 9 9 9 9 9 9 9 9 9 9 9   -647.54    982.60   1630.14    167.53
1379680 2024 05 11 00 21 00 014 9.00 9 9 9 9 9 9 9 9 9 9 9 9 9 9 9 9 9 9 9 9 9 9 9 9   -537.60    977.31   1514.91    219.86
1382782 2024 05 11 00 22 00 012 9.00 9 9 9 9 9 9 9 9 9 9 9 9 9 9 9 9 9 9 9 9 9 9 9 9   -642.77   1004.43   1647.20    180.83
1385875 2024 05 11 00 23 00 005 9.00 9 9 9 9 9 9 9 9 9 9 9 9 9 9 9 9 9 9 9 9 9 9 9 9   -823.10   1048.16   1871.26    112.53
1388972 2024 05 11 00 24 00 007 9.00 9 9 9 9 9 9 9 9 9 9 9 9 9 9 9 9 9 9 9 9 9 9 9 9   -671.11   1111.17   1782.29    220.03
1392072 2024 05 11 00 25 00 005 9.00 9 9 9 9 9 9 9 9 9 9 9 9 9 9 9 9 9 9 9 9 9 9 9 9   -733.51   1166.78   1900.30    216.63
1395180 2024 05 11 00 26 00 013 9.00 9 9 9 9 9 9 9 9 9 9 9 9 9 9 9 9 9 9 9 9 9 9 9 9   -769.60   1169.70   1939.30    200.05
1398280 2024 05 11 00 27 00 007 9.00 9 9 9 9 9 9 9 9 9 9 9 9 9 9 9 9 9 9 9 9 9 9 9 9   -646.79   1109.00   1755.79    231.10
1401372 2024 05 11 00 28 00 008 9.00 9 9 9 9 9 9 9 9 9 9 9 9 9 9 9 9 9 9 9 9 9 9 9 9   -685.49   1167.38   1852.87    240.95
1404458 2024 05 11 00 29 00 009 9.00 9 9 9 9 9 9 9 9 9 9 9 9 9 9 9 9 9 9 9 9 9 9 9 9   -760.30   1287.27   2047.57    263.48
1407536 2024 05 11 00 30 00 015 9.00 9 9 9 9 9 9 9 9 9 9 9 9 9 9 9 9 9 9 9 9 9 9 9 9   -948.16   1224.99   2173.15    138.41
1410608 2024 05 11 00 31 00 015 9.00 9 9 9 9 9 9 9 9 9 9 9 9 9 9 9 9 9 9 9 9 9 9 9 9  -1153.43   1175.77   2329.21     11.17
1413683 2024 05 11 00 32 00 014 9.00 9 9 9 9 9 9 9 9 9 9 9 9 9 9 9 9 9 9 9 9 9 9 9 9  -1158.14   1113.13   2271.27    -22.51
1416759 2024 05 11 00 33 00 013 9.00 9 9 9 9 9 9 9 9 9 9 9 9 9 9 9 9 9 9 9 9 9 9 9 9  -1164.69   1150.31   2315.00     -7.19
1419836 2024 05 11 00 34 00 000 9.00 9 9 9 9 9 9 9 9 9 9 9 9 9 9 9 9 9 9 9 9 9 9 9 9  -1199.18   1089.03   2288.21    -55.08
1422908 2024 05 11 00 35 00 011 9.00 9 9 9 9 9 9 9 9 9 9 9 9 9 9 9 9 9 9 9 9 9 9 9 9  -1095.79   1025.96   2121.75    -34.91
1425981 2024 05 11 00 36 00 007 9.00 9 9 9 9 9 9 9 9 9 9 9 9 9 9 9 9 9 9 9 9 9 9 9 9   -940.34   1068.18   2008.52     63.92
1429057 2024 05 11 00 37 00 003 9.00 9 9 9 9 9 9 9 9 9 9 9 9 9 9 9 9 9 9 9 9 9 9 9 9   -754.51   1027.47   1781.99    136.48
1432134 2024 05 11 00 38 00 018 9.00 9 9 9 9 9 9 9 9 9 9 9 9 9 9 9 9 9 9 9 9 9 9 9 9   -627.87   1136.71   1764.59    254.42
1435212 2024 05 11 00 39 00 013 9.00 9 9 9 9 9 9 9 9 9 9 9 9 9 9 9 9 9 9 9 9 9 9 9 9   -603.07   1185.00   1788.07    290.96
1438294 2024 05 11 00 40 00 008 9.00 9 9 9 9 9 9 9 9 9 9 9 9 9 9 9 9 9 9 9 9 9 9 9 9   -558.50   1127.50   1686.01    284.50
1441379 2024 05 11 00 41 00 015 9.00 9 9 9 9 9 9 9 9 9 9 9 9 9 9 9 9 9 9 9 9 9 9 9 9   -605.50   1030.96   1636.45    212.73
1444463 2024 05 11 00 42 00 001 9.00 9 9 9 9 9 9 9 9 9 9 9 9 9 9 9 9 9 9 9 9 9 9 9 9   -514.82    919.22   1434.05    202.20
1447551 2024 05 11 00 43 00 011 9.00 9 9 9 9 9 9 9 9 9 9 9 9 9 9 9 9 9 9 9 9 9 9 9 9   -523.16    971.82   1494.98    224.33
1450639 2024 05 11 00 44 00 004 9.00 9 9 9 9 9 9 9 9 9 9 9 9 9 9 9 9 9 9 9 9 9 9 9 9   -591.64   1035.09   1626.73    221.72
1453726 2024 05 11 00 45 00 007 9.00 9 9 9 9 9 9 9 9 9 9 9 9 9 9 9 9 9 9 9 9 9 9 9 9   -542.87   1031.31   1574.19    244.22
1456811 2024 05 11 00 46 00 010 9.00 9 9 9 9 9 9 9 9 9 9 9 9 9 9 9 9 9 9 9 9 9 9 9 9   -578.24   1040.04   1618.28    230.90
1459895 2024 05 11 00 47 00 006 9.00 9 9 9 9 9 9 9 9 9 9 9 9 9 9 9 9 9 9 9 9 9 9 9 9   -634.26   1000.43   1634.69    183.08
1462983 2024 05 11 00 48 00 015 9.00 9 9 9 9 9 9 9 9 9 9 9 9 9 9 9 9 9 9 9 9 9 9 9 9   -591.05    917.49   1508.54    163.22
1466076 2024 05 11 00 49 00 013 9.00 9 9 9 9 9 9 9 9 9 9 9 9 9 9 9 9 9 9 9 9 9 9 9 9   -609.49    935.19   1544.68    162.85
1469167 2024 05 11 00 50 00 009 9.00 9 9 9 9 9 9 9 9 9 9 9 9 9 9 9 9 9 9 9 9 9 9 9 9   -770.37   1016.30   1786.67    122.97
1472257 2024 05 11 00 51 00 009 9.00 9 9 9 9 9 9 9 9 9 9 9 9 9 9 9 9 9 9 9 9 9 9 9 9   -760.00   1062.93   1822.93    151.46
1475344 2024 05 11 00 52 00 000 9.00 9 9 9 9 9 9 9 9 9 9 9 9 9 9 9 9 9 9 9 9 9 9 9 9   -691.77   1125.94   1817.71    217.09
1478428 2024 05 11 00 53 00 010 9.00 9 9 9 9 9 9 9 9 9 9 9 9 9 9 9 9 9 9 9 9 9 9 9 9   -695.87   1089.74   1785.60    196.93
1481508 2024 05 11 00 54 00 013 9.00 9 9 9 9 9 9 9 9 9 9 9 9 9 9 9 9 9 9 9 9 9 9 9 9   -761.46   1142.39   1903.85    190.46
1484585 2024 05 11 00 55 00 000 9.00 9 9 9 9 9 9 9 9 9 9 9 9 9 9 9 9 9 9 9 9 9 9 9 9   -761.30   1184.77   1946.08    211.74
1487668 2024 05 11 00 56 00 001 9.00 9 9 9 9 9 9 9 9 9 9 9 9 9 9 9 9 9 9 9 9 9 9 9 9   -809.07   1189.80   1998.87    190.37
1490753 2024 05 11 00 57 00 004 9.00 9 9 9 9 9 9 9 9 9 9 9 9 9 9 9 9 9 9 9 9 9 9 9 9   -683.77   1083.24   1767.01    199.74
1493838 2024 05 11 00 58 00 005 9.00 9 9 9 9 9 9 9 9 9 9 9 9 9 9 9 9 9 9 9 9 9 9 9 9   -599.58    951.08   1550.66    175.75
1496922 2024 05 11 00 59 00 018 9.00 9 9 9 9 9 9 9 9 9 9 9 9 9 9 9 9 9 9 9 9 9 9 9 9   -557.35    867.81   1425.16    155.23
1500004 2024 05 11 01 00 00 000 9.00 9 9 9 9 9 9 9 9 9 9 9 9 9 9 9 9 9 9 9 9 9 9 9 9   -586.14    836.84   1422.98    125.35
1503086 2024 05 11 01 01 00 014 9.00 9 9 9 9 9 9 9 9 9 9 9 9 9 9 9 9 9 9 9 9 9 9 9 9   -608.67    819.51   1428.18    105.42
1506165 2024 05 11 01 02 00 019 9.00 9 9 9 9 9 9 9 9 9 9 9 9 9 9 9 9 9 9 9 9 9 9 9 9   -535.25    732.50   1267.75     98.62
1509246 2024 05 11 01 03 00 011 9.00 9 9 9 9 9 9 9 9 9 9 9 9 9 9 9 9 9 9 9 9 9 9 9 9   -522.38    651.28   1173.65     64.45
1512334 2024 05 11 01 04 00 017 9.00 9 9 9 9 9 9 9 9 9 9 9 9 9 9 9 9 9 9 9 9 9 9 9 9   -552.30    741.15   1293.45     94.42
1515424 2024 05 11 01 05 00 015 9.00 9 9 9 9 9 9 9 9 9 9 9 9 9 9 9 9 9 9 9 9 9 9 9 9   -635.77    668.47   1304.24     16.35
1518509 2024 05 11 01 06 00 005 9.00 9 9 9 9 9 9 9 9 9 9 9 9 9 9 9 9 9 9 9 9 9 9 9 9   -851.12    681.39   1532.50    -84.86
1521598 2024 05 11 01 07 00 018 9.00 9 9 9 9 9 9 9 9 9 9 9 9 9 9 9 9 9 9 9 9 9 9 9 9   -839.31    763.19   1602.50    -38.06
1524689 2024 05 11 01 08 00 010 9.00 9 9 9 9 9 9 9 9 9 9 9 9 9 9 9 9 9 9 9 9 9 9 9 9   -896.85    831.38   1728.22    -32.73
1527776 2024 05 11 01 09 00 004 9.00 9 9 9 9 9 9 9 9 9 9 9 9 9 9 9 9 9 9 9 9 9 9 9 9   -784.70    968.93   1753.63     92.11
1530863 2024 05 11 01 10 00 018 9.00 9 9 9 9 9 9 9 9 9 9 9 9 9 9 9 9 9 9 9 9 9 9 9 9   -948.28    998.38   1946.66     25.05
1533948 2024 05 11 01 11 00 001 9.00 9 9 9 9 9 9 9 9 9 9 9 9 9 9 9 9 9 9 9 9 9 9 9 9   -999.46   1033.96   2033.42     17.25
1537032 2024 05 11 01 12 00 008 9.00 9 9 9 9 9 9 9 9 9 9 9 9 9 9 9 9 9 9 9 9 9 9 9 9   -796.40   1048.30   1844.70    125.95
1540115 2024 05 11 01 13 00 009 9.00 9 9 9 9 9 9 9 9 9 9 9 9 9 9 9 9 9 9 9 9 9 9 9 9   -790.99   1046.02   1837.00    127.51
1543196 2024 05 11 01 14 00 005 9.00 9 9 9 9 9 9 9 9 9 9 9 9 9 9 9 9 9 9 9 9 9 9 9 9   -758.52    984.69   1743.21    113.09
1546275 2024 05 11 01 15 00 005 9.00 9 9 9 9 9 9 9 9 9 9 9 9 9 9 9 9 9 9 9 9 9 9 9 9   -669.46    998.27   1667.73    164.41
1549355 2024 05 11 01 16 00 012 9.00 9 9 9 9 9 9 9 9 9 9 9 9 9 9 9 9 9 9 9 9 9 9 9 9   -659.63   1025.64   1685.27    183.01
1552439 2024 05 11 01 17 00 010 9.00 9 9 9 9 9 9 9 9 9 9 9 9 9 9 9 9 9 9 9 9 9 9 9 9   -837.25    953.85   1791.10     58.30
1555522 2024 05 11 01 18 00 002 9.00 9 9 9 9 9 9 9 9 9 9 9 9 9 9 9 9 9 9 9 9 9 9 9 9   -991.92    943.42   1935.34    -24.25
1558609 2024 05 11 01 19 00 008 9.00 9 9 9 9 9 9 9 9 9 9 9 9 9 9 9 9 9 9 9 9 9 9 9 9   -940.07    965.12   1905.19     12.53
1561698 2024 05 11 01 20 00 008 9.00 9 9 9 9 9 9 9 9 9 9 9 9 9 9 9 9 9 9 9 9 9 9 9 9   -915.31    906.90   1822.20     -4.20
1564786 2024 05 11 01 21 00 018 9.00 9 9 9 9 9 9 9 9 9 9 9 9 9 9 9 9 9 9 9 9 9 9 9 9   -587.74    946.43   1534.17    179.34
1567875 2024 05 11 01 22 00 010 9.00 9 9 9 9 9 9 9 9 9 9 9 9 9 9 9 9 9 9 9 9 9 9 9 9   -678.96    891.15   1570.10    106.10
1570965 2024 05 11 01 23 00 011 9.00 9 9 9 9 9 9 9 9 9 9 9 9 9 9 9 9 9 9 9 9 9 9 9 9   -771.98    897.30   1669.28     62.66
1574058 2024 05 11 01 24 00 005 9.00 9 9 9 9 9 9 9 9 9 9 9 9 9 9 9 9 9 9 9 9 9 9 9 9   -865.95    970.80   1836.75     52.43
1577147 2024 05 11 01 25 00 017 9.00 9 9 9 9 9 9 9 9 9 9 9 9 9 9 9 9 9 9 9 9 9 9 9 9   -821.20    990.72   1811.92     84.76
1580233 2024 05 11 01 26 00 019 9.00 9 9 9 9 9 9 9 9 9 9 9 9 9 9 9 9 9 9 9 9 9 9 9 9   -727.93   1017.15   1745.07    144.61
1583317 2024 05 11 01 27 00 003 9.00 9 9 9 9 9 9 9 9 9 9 9 9 9 9 9 9 9 9 9 9 9 9 9 9   -864.47   1126.23   1990.69    130.88
1586403 2024 05 11 01 28 00 010 9.00 9 9 9 9 9 9 9 9 9 9 9 9 9 9 9 9 9 9 9 9 9 9 9 9   -865.37   1129.37   1994.74    132.00
1589490 2024 05 11 01 29 00 016 9.00 9 9 9 9 9 9 9 9 9 9 9 9 9 9 9 9 9 9 9 9 9 9 9 9   -703.92   1160.76   1864.69    228.42
1592580 2024 05 11 01 30 00 011 9.00 9 9 9 9 9 9 9 9 9 9 9 9 9 9 9 9 9 9 9 9 9 9 9 9   -774.86   1181.08   1955.93    203.11
1595669 2024 05 11 01 31 00 018 9.00 9 9 9 9 9 9 9 9 9 9 9 9 9 9 9 9 9 9 9 9 9 9 9 9   -735.06   1167.32   1902.38    216.13
1598759 2024 05 11 01 32 00 003 9.00 9 9 9 9 9 9 9 9 9 9 9 9 9 9 9 9 9 9 9 9 9 9 9 9   -663.18   1058.54   1721.72    197.68
1601851 2024 05 11 01 33 00 002 9.00 9 9 9 9 9 9 9 9 9 9 9 9 9 9 9 9 9 9 9 9 9 9 9 9   -645.93   1022.97   1668.91    188.52
1604939 2024 05 11 01 34 00 005 9.00 9 9 9 9 9 9 9 9 9 9 9 9 9 9 9 9 9 9 9 9 9 9 9 9   -559.05   1096.45   1655.50    268.70
1608023 2024 05 11 01 35 00 018 9.00 9 9 9 9 9 9 9 9 9 9 9 9 9 9 9 9 9 9 9 9 9 9 9 9   -617.09   1199.90   1816.99    291.40
1611103 2024 05 11 01 36 00 005 9.00 9 9 9 9 9 9 9 9 9 9 9 9 9 9 9 9 9 9 9 9 9 9 9 9   -745.24   1343.34   2088.58    299.05
1614183 2024 05 11 01 37 00 019 9.00 9 9 9 9 9 9 9 9 9 9 9 9 9 9 9 9 9 9 9 9 9 9 9 9   -848.53   1354.40   2202.92    252.93
1617262 2024 05 11 01 38 00 008 9.00 9 9 9 9 9 9 9 9 9 9 9 9 9 9 9 9 9 9 9 9 9 9 9 9   -860.52   1328.00   2188.53    233.74
1620342 2024 05 11 01 39 00 000 9.00 9 9 9 9 9 9 9 9 9 9 9 9 9 9 9 9 9 9 9 9 9 9 9 9   -459.48   1384.68   1844.17    462.60
1623418 2024 05 11 01 40 00 001 9.00 9 9 9 9 9 9 9 9 9 9 9 9 9 9 9 9 9 9 9 9 9 9 9 9   -410.41   1394.85   1805.26    492.22
1626495 2024 05 11 01 41 00 015 9.00 9 9 9 9 9 9 9 9 9 9 9 9 9 9 9 9 9 9 9 9 9 9 9 9   -430.75   1402.81   1833.56    486.03
1629570 2024 05 11 01 42 00 015 9.00 9 9 9 9 9 9 9 9 9 9 9 9 9 9 9 9 9 9 9 9 9 9 9 9   -386.51   1409.93   1796.44    511.71
1632642 2024 05 11 01 43 00 007 9.00 9 9 9 9 9 9 9 9 9 9 9 9 9 9 9 9 9 9 9 9 9 9 9 9   -373.74   1323.77   1697.51    475.01
1635717 2024 05 11 01 44 00 012 9.00 9 9 9 9 9 9 9 9 9 9 9 9 9 9 9 9 9 9 9 9 9 9 9 9   -635.62   1256.48   1892.10    310.43
1638791 2024 05 11 01 45 00 002 9.00 9 9 9 9 9 9 9 9 9 9 9 9 9 9 9 9 9 9 9 9 9 9 9 9   -942.87   1209.63   2152.50    133.38
1641862 2024 05 11 01 46 00 014 9.00 9 9 9 9 9 9 9 9 9 9 9 9 9 9 9 9 9 9 9 9 9 9 9 9   -921.79   1166.60   2088.39    122.40
1644926 2024 05 11 01 47 00 005 9.00 9 9 9 9 9 9 9 9 9 9 9 9 9 9 9 9 9 9 9 9 9 9 9 9   -561.25   1131.35   1692.60    285.05
1647990 2024 05 11 01 48 00 005 9.00 9 9 9 9 9 9 9 9 9 9 9 9 9 9 9 9 9 9 9 9 9 9 9 9   -522.99   1092.87   1615.87    284.94
1651055 2024 05 11 01 49 00 001 9.00 9 9 9 9 9 9 9 9 9 9 9 9 9 9 9 9 9 9 9 9 9 9 9 9   -472.34   1035.61   1507.95    281.63
1654118 2024 05 11 01 50 00 000 9.00 9 9 9 9 9 9 9 9 9 9 9 9 9 9 9 9 9 9 9 9 9 9 9 9   -533.55    981.08   1514.63    223.76
1657177 2024 05 11 01 51 00 007 9.00 9 9 9 9 9 9 9 9 9 9 9 9 9 9 9 9 9 9 9 9 9 9 9 9   -490.41    920.40   1410.81    215.00
1660238 2024 05 11 01 52 00 003 9.00 9 9 9 9 9 9 9 9 9 9 9 9 9 9 9 9 9 9 9 9 9 9 9 9   -461.57    907.12   1368.69    222.78
1663307 2024 05 11 01 53 00 009 9.00 9 9 9 9 9 9 9 9 9 9 9 9 9 9 9 9 9 9 9 9 9 9 9 9   -490.10    910.17   1400.27    210.03
1666385 2024 05 11 01 54 00 005 9.00 9 9 9 9 9 9 9 9 9 9 9 9 9 9 9 9 9 9 9 9 9 9 9 9   -621.21    894.68   1515.89    136.74
1669470 2024 05 11 01 55 00 000 9.00 9 9 9 9 9 9 9 9 9 9 9 9 9 9 9 9 9 9 9 9 9 9 9 9   -605.03    807.97   1413.00    101.47
1672554 2024 05 11 01 56 00 013 9.00 9 9 9 9 9 9 9 9 9 9 9 9 9 9 9 9 9 9 9 9 9 9 9 9   -631.29    857.17   1488.46    112.94
1675637 2024 05 11 01 57 00 019 9.00 9 9 9 9 9 9 9 9 9 9 9 9 9 9 9 9 9 9 9 9 9 9 9 9   -726.27    865.73   1592.00     69.73
1678718 2024 05 11 01 58 00 003 9.00 9 9 9 9 9 9 9 9 9 9 9 9 9 9 9 9 9 9 9 9 9 9 9 9  -1076.08    657.11   1733.19   -209.49
1681803 2024 05 11 01 59 00 001 9.00 9 9 9 9 9 9 9 9 9 9 9 9 9 9 9 9 9 9 9 9 9 9 9 9   -993.05    688.86   1681.91   -152.10
1684893 2024 05 11 02 00 00 000 9.00 9 9 9 9 9 9 9 9 9 9 9 9 9 9 9 9 9 9 9 9 9 9 9 9   -722.33    723.07   1445.40      0.37
1687983 2024 05 11 02 01 00 003 9.00 9 9 9 9 9 9 9 9 9 9 9 9 9 9 9 9 9 9 9 9 9 9 9 9   -751.06    769.15   1520.21      9.05
1691076 2024 05 11 02 02 00 000 9.00 9 9 9 9 9 9 9 9 9 9 9 9 9 9 9 9 9 9 9 9 9 9 9 9   -747.54    883.16   1630.70     67.81
1694177 2024 05 11 02 03 00 005 9.00 9 9 9 9 9 9 9 9 9 9 9 9 9 9 9 9 9 9 9 9 9 9 9 9   -819.60   1037.83   1857.43    109.11
1697280 2024 05 11 02 04 00 002 9.00 9 9 9 9 9 9 9 9 9 9 9 9 9 9 9 9 9 9 9 9 9 9 9 9   -912.29   1043.90   1956.19     65.81
1700383 2024 05 11 02 05 00 011 9.00 9 9 9 9 9 9 9 9 9 9 9 9 9 9 9 9 9 9 9 9 9 9 9 9   -835.17    985.22   1820.39     75.03
1703486 2024 05 11 02 06 00 015 9.00 9 9 9 9 9 9 9 9 9 9 9 9 9 9 9 9 9 9 9 9 9 9 9 9   -692.05    935.22   1627.27    121.59
1706587 2024 05 11 02 07 00 017 9.00 9 9 9 9 9 9 9 9 9 9 9 9 9 9 9 9 9 9 9 9 9 9 9 9   -712.11    851.52   1563.63     69.70
1709687 2024 05 11 02 08 00 007 9.00 9 9 9 9 9 9 9 9 9 9 9 9 9 9 9 9 9 9 9 9 9 9 9 9   -705.64    693.53   1399.16     -6.06
1712786 2024 05 11 02 09 00 012 9.00 9 9 9 9 9 9 9 9 9 9 9 9 9 9 9 9 9 9 9 9 9 9 9 9   -525.63    603.60   1129.23     38.98
1715889 2024 05 11 02 10 00 002 9.00 9 9 9 9 9 9 9 9 9 9 9 9 9 9 9 9 9 9 9 9 9 9 9 9   -495.76    574.43   1070.19     39.33
1718999 2024 05 11 02 11 00 017 9.00 9 9 9 9 9 9 9 9 9 9 9 9 9 9 9 9 9 9 9 9 9 9 9 9   -563.25    531.22   1094.47    -16.02
1722115 2024 05 11 02 12 00 017 9.00 9 9 9 9 9 9 9 9 9 9 9 9 9 9 9 9 9 9 9 9 9 9 9 9   -544.49    492.90   1037.39    -25.79
1725236 2024 05 11 02 13 00 005 9.00 9 9 9 9 9 9 9 9 9 9 9 9 9 9 9 9 9 9 9 9 9 9 9 9   -510.07    598.27   1108.34     44.10
1728357 2024 05 11 02 14 00 008 9.00 9 9 9 9 9 9 9 9 9 9 9 9 9 9 9 9 9 9 9 9 9 9 9 9   -455.16    747.33   1202.49    146.09
1731472 2024 05 11 02 15 00 015 9.00 9 9 9 9 9 9 9 9 9 9 9 9 9 9 9 9 9 9 9 9 9 9 9 9   -377.12    825.89   1203.01    224.38
1734582 2024 05 11 02 16 00 004 9.00 9 9 9 9 9 9 9 9 9 9 9 9 9 9 9 9 9 9 9 9 9 9 9 9   -366.94    871.40   1238.35    252.23
1737695 2024 05 11 02 17 00 004 9.00 9 9 9 9 9 9 9 9 9 9 9 9 9 9 9 9 9 9 9 9 9 9 9 9   -368.12    879.54   1247.66    255.71
1740812 2024 05 11 02 18 00 017 9.00 9 9 9 9 9 9 9 9 9 9 9 9 9 9 9 9 9 9 9 9 9 9 9 9   -388.16    877.51   1265.66    244.67
1743929 2024 05 11 02 19 00 004 9.00 9 9 9 9 9 9 9 9 9 9 9 9 9 9 9 9 9 9 9 9 9 9 9 9   -463.39    913.64   1377.03    225.13
1747046 2024 05 11 02 20 00 010 9.00 9 9 9 9 9 9 9 9 9 9 9 9 9 9 9 9 9 9 9 9 9 9 9 9   -604.33    953.17   1557.50    174.42
1750163 2024 05 11 02 21 00 015 9.00 9 9 9 9 9 9 9 9 9 9 9 9 9 9 9 9 9 9 9 9 9 9 9 9   -496.43    952.89   1449.33    228.23
1753280 2024 05 11 02 22 00 009 9.00 9 9 9 9 9 9 9 9 9 9 9 9 9 9 9 9 9 9 9 9 9 9 9 9   -421.52    953.31   1374.83    265.90
1756398 2024 05 11 02 23 00 007 9.00 9 9 9 9 9 9 9 9 9 9 9 9 9 9 9 9 9 9 9 9 9 9 9 9   -372.71    959.58   1332.29    293.43
1759516 2024 05 11 02 24 00 013 9.00 9 9 9 9 9 9 9 9 9 9 9 9 9 9 9 9 9 9 9 9 9 9 9 9   -361.38    973.63   1335.01    306.13
1762632 2024 05 11 02 25 00 000 9.00 9 9 9 9 9 9 9 9 9 9 9 9 9 9 9 9 9 9 9 9 9 9 9 9   -454.20   1015.85   1470.06    280.83
1765748 2024 05 11 02 26 00 005 9.00 9 9 9 9 9 9 9 9 9 9 9 9 9 9 9 9 9 9 9 9 9 9 9 9   -590.34    995.00   1585.34    202.33
1768864 2024 05 11 02 27 00 009 9.00 9 9 9 9 9 9 9 9 9 9 9 9 9 9 9 9 9 9 9 9 9 9 9 9   -562.44    956.62   1519.07    197.09
1771981 2024 05 11 02 28 00 011 9.00 9 9 9 9 9 9 9 9 9 9 9 9 9 9 9 9 9 9 9 9 9 9 9 9   -475.69    971.29   1446.98    247.80
1775096 2024 05 11 02 29 00 001 9.00 9 9 9 9 9 9 9 9 9 9 9 9 9 9 9 9 9 9 9 9 9 9 9 9   -466.44   1023.76   1490.20    278.66
1778209 2024 05 11 02 30 00 016 9.00 9 9 9 9 9 9 9 9 9 9 9 9 9 9 9 9 9 9 9 9 9 9 9 9   -403.14   1047.72   1450.86    322.29
1781319 2024 05 11 02 31 00 015 9.00 9 9 9 9 9 9 9 9 9 9 9 9 9 9 9 9 9 9 9 9 9 9 9 9   -367.24   1097.91   1465.15    365.33
1784429 2024 05 11 02 32 00 014 9.00 9 9 9 9 9 9 9 9 9 9 9 9 9 9 9 9 9 9 9 9 9 9 9 9   -374.18   1125.65   1499.84    375.74
1787540 2024 05 11 02 33 00 011 9.00 9 9 9 9 9 9 9 9 9 9 9 9 9 9 9 9 9 9 9 9 9 9 9 9   -414.10   1110.60   1524.70    348.25
1790654 2024 05 11 02 34 00 013 9.00 9 9 9 9 9 9 9 9 9 9 9 9 9 9 9 9 9 9 9 9 9 9 9 9   -433.47   1086.11   1519.58    326.32
1793768 2024 05 11 02 35 00 004 9.00 9 9 9 9 9 9 9 9 9 9 9 9 9 9 9 9 9 9 9 9 9 9 9 9   -442.84   1073.64   1516.48    315.40
1796885 2024 05 11 02 36 00 012 9.00 9 9 9 9 9 9 9 9 9 9 9 9 9 9 9 9 9 9 9 9 9 9 9 9   -555.20   1051.72   1606.92    248.26
1799999 2024 05 11 02 37 00 015 9.00 9 9 9 9 9 9 9 9 9 9 9 9 9 9 9 9 9 9 9 9 9 9 9 9   -741.41    944.63   1686.04    101.61
1803114 2024 05 11 02 38 00 016 9.00 9 9 9 9 9 9 9 9 9 9 9 9 9 9 9 9 9 9 9 9 9 9 9 9   -639.09    915.80   1554.89    138.36
1806227 2024 05 11 02 39 00 001 9.00 9 9 9 9 9 9 9 9 9 9 9 9 9 9 9 9 9 9 9 9 9 9 9 9   -433.49    843.47   1276.96    204.99
1809338 2024 05 11 02 40 00 015 9.00 9 9 9 9 9 9 9 9 9 9 9 9 9 9 9 9 9 9 9 9 9 9 9 9   -533.09    836.98   1370.08    151.94
1812441 2024 05 11 02 41 00 000 9.00 9 9 9 9 9 9 9 9 9 9 9 9 9 9 9 9 9 9 9 9 9 9 9 9   -448.16    758.60   1206.76    155.22
1815536 2024 05 11 02 42 00 009 9.00 9 9 9 9 9 9 9 9 9 9 9 9 9 9 9 9 9 9 9 9 9 9 9 9   -471.27    800.06   1271.33    164.40
1818626 2024 05 11 02 43 00 005 9.00 9 9 9 9 9 9 9 9 9 9 9 9 9 9 9 9 9 9 9 9 9 9 9 9   -481.50    849.28   1330.78    183.89
1821722 2024 05 11 02 44 00 012 9.00 9 9 9 9 9 9 9 9 9 9 9 9 9 9 9 9 9 9 9 9 9 9 9 9   -780.46    948.90   1729.36     84.22
1824822 2024 05 11 02 45 00 001 9.00 9 9 9 9 9 9 9 9 9 9 9 9 9 9 9 9 9 9 9 9 9 9 9 9   -947.25   1074.85   2022.10     63.80
1827926 2024 05 11 02 46 00 015 9.00 9 9 9 9 9 9 9 9 9 9 9 9 9 9 9 9 9 9 9 9 9 9 9 9   -533.88    963.07   1496.95    214.60
1831027 2024 05 11 02 47 00 011 9.00 9 9 9 9 9 9 9 9 9 9 9 9 9 9 9 9 9 9 9 9 9 9 9 9   -509.81    910.29   1420.10    200.24
1834125 2024 05 11 02 48 00 006 9.00 9 9 9 9 9 9 9 9 9 9 9 9 9 9 9 9 9 9 9 9 9 9 9 9   -530.38    922.60   1452.98    196.11
1837216 2024 05 11 02 49 00 001 9.00 9 9 9 9 9 9 9 9 9 9 9 9 9 9 9 9 9 9 9 9 9 9 9 9   -472.64    977.01   1449.66    252.19
1840305 2024 05 11 02 50 00 000 9.00 9 9 9 9 9 9 9 9 9 9 9 9 9 9 9 9 9 9 9 9 9 9 9 9   -523.33    842.43   1365.76    159.55
1843395 2024 05 11 02 51 00 009 9.00 9 9 9 9 9 9 9 9 9 9 9 9 9 9 9 9 9 9 9 9 9 9 9 9   -634.23    840.85   1475.08    103.31
1846487 2024 05 11 02 52 00 003 9.00 9 9 9 9 9 9 9 9 9 9 9 9 9 9 9 9 9 9 9 9 9 9 9 9   -621.79    891.06   1512.85    134.63
1849586 2024 05 11 02 53 00 018 9.00 9 9 9 9 9 9 9 9 9 9 9 9 9 9 9 9 9 9 9 9 9 9 9 9   -632.91    943.47   1576.38    155.28
1852686 2024 05 11 02 54 00 003 9.00 9 9 9 9 9 9 9 9 9 9 9 9 9 9 9 9 9 9 9 9 9 9 9 9   -531.03    876.25   1407.28    172.61
1855785 2024 05 11 02 55 00 013 9.00 9 9 9 9 9 9 9 9 9 9 9 9 9 9 9 9 9 9 9 9 9 9 9 9   -366.67    815.45   1182.11    224.39
1858879 2024 05 11 02 56 00 000 9.00 9 9 9 9 9 9 9 9 9 9 9 9 9 9 9 9 9 9 9 9 9 9 9 9   -484.37    872.81   1357.18    194.22
1861979 2024 05 11 02 57 00 006 9.00 9 9 9 9 9 9 9 9 9 9 9 9 9 9 9 9 9 9 9 9 9 9 9 9   -635.51    811.30   1446.82     87.89
1865079 2024 05 11 02 58 00 001 9.00 9 9 9 9 9 9 9 9 9 9 9 9 9 9 9 9 9 9 9 9 9 9 9 9   -380.49    742.63   1123.11    181.07
1868180 2024 05 11 02 59 00 004 9.00 9 9 9 9 9 9 9 9 9 9 9 9 9 9 9 9 9 9 9 9 9 9 9 9   -357.73    687.97   1045.70    165.12
1871287 2024 05 11 03 00 00 000 9.00 9 9 9 9 9 9 9 9 9 9 9 9 9 9 9 9 9 9 9 9 9 9 9 9   -202.63    726.88    929.51    262.12
1874396 2024 05 11 03 01 00 018 9.00 9 9 9 9 9 9 9 9 9 9 9 9 9 9 9 9 9 9 9 9 9 9 9 9   -458.25    747.76   1206.01    144.75
1877505 2024 05 11 03 02 00 014 9.00 9 9 9 9 9 9 9 9 9 9 9 9 9 9 9 9 9 9 9 9 9 9 9 9   -588.71    816.21   1404.92    113.75
1880614 2024 05 11 03 03 00 016 9.00 9 9 9 9 9 9 9 9 9 9 9 9 9 9 9 9 9 9 9 9 9 9 9 9   -497.34    859.16   1356.50    180.91
1883723 2024 05 11 03 04 00 018 9.00 9 9 9 9 9 9 9 9 9 9 9 9 9 9 9 9 9 9 9 9 9 9 9 9   -363.18    748.45   1111.63    192.63
1886832 2024 05 11 03 05 00 017 9.00 9 9 9 9 9 9 9 9 9 9 9 9 9 9 9 9 9 9 9 9 9 9 9 9   -229.09    764.41    993.50    267.66
1889943 2024 05 11 03 06 00 013 9.00 9 9 9 9 9 9 9 9 9 9 9 9 9 9 9 9 9 9 9 9 9 9 9 9   -152.96    766.16    919.12    306.60
1893055 2024 05 11 03 07 00 007 9.00 9 9 9 9 9 9 9 9 9 9 9 9 9 9 9 9 9 9 9 9 9 9 9 9   -195.89    748.76    944.65    276.44
1896164 2024 05 11 03 08 00 004 9.00 9 9 9 9 9 9 9 9 9 9 9 9 9 9 9 9 9 9 9 9 9 9 9 9   -280.48    673.43    953.91    196.48
1899276 2024 05 11 03 09 00 016 9.00 9 9 9 9 9 9 9 9 9 9 9 9 9 9 9 9 9 9 9 9 9 9 9 9   -260.40    620.82    881.22    180.21
1902392 2024 05 11 03 10 00 006 9.00 9 9 9 9 9 9 9 9 9 9 9 9 9 9 9 9 9 9 9 9 9 9 9 9   -207.48    563.22    770.69    177.87
1905513 2024 05 11 03 11 00 011 9.00 9 9 9 9 9 9 9 9 9 9 9 9 9 9 9 9 9 9 9 9 9 9 9 9   -175.02    489.08    664.10    157.03
1908637 2024 05 11 03 12 00 018 9.00 9 9 9 9 9 9 9 9 9 9 9 9 9 9 9 9 9 9 9 9 9 9 9 9   -196.13    453.59    649.72    128.73
1911760 2024 05 11 03 13 00 004 9.00 9 9 9 9 9 9 9 9 9 9 9 9 9 9 9 9 9 9 9 9 9 9 9 9   -229.87    436.29    666.16    103.21
1914883 2024 05 11 03 14 00 002 9.00 9 9 9 9 9 9 9 9 9 9 9 9 9 9 9 9 9 9 9 9 9 9 9 9   -300.69    454.75    755.44     77.03
1918006 2024 05 11 03 15 00 017 9.00 9 9 9 9 9 9 9 9 9 9 9 9 9 9 9 9 9 9 9 9 9 9 9 9   -296.98    510.32    807.30    106.67
1921129 2024 05 11 03 16 00 012 9.00 9 9 9 9 9 9 9 9 9 9 9 9 9 9 9 9 9 9 9 9 9 9 9 9   -269.58    551.51    821.09    140.96
1924255 2024 05 11 03 17 00 016 9.00 9 9 9 9 9 9 9 9 9 9 9 9 9 9 9 9 9 9 9 9 9 9 9 9   -331.20    622.98    954.18    145.89
1927381 2024 05 11 03 18 00 017 9.00 9 9 9 9 9 9 9 9 9 9 9 9 9 9 9 9 9 9 9 9 9 9 9 9   -358.17    658.82   1016.99    150.33
1930507 2024 05 11 03 19 00 002 9.00 9 9 9 9 9 9 9 9 9 9 9 9 9 9 9 9 9 9 9 9 9 9 9 9   -383.13    620.21   1003.33    118.54
1933636 2024 05 11 03 20 00 012 9.00 9 9 9 9 9 9 9 9 9 9 9 9 9 9 9 9 9 9 9 9 9 9 9 9   -305.96    547.40    853.36    120.72
1936766 2024 05 11 03 21 00 015 9.00 9 9 9 9 9 9 9 9 9 9 9 9 9 9 9 9 9 9 9 9 9 9 9 9   -228.27    484.22    712.49    127.98
1939897 2024 05 11 03 22 00 007 9.00 9 9 9 9 9 9 9 9 9 9 9 9 9 9 9 9 9 9 9 9 9 9 9 9   -235.39    501.69    737.09    133.15
1943029 2024 05 11 03 23 00 017 9.00 9 9 9 9 9 9 9 9 9 9 9 9 9 9 9 9 9 9 9 9 9 9 9 9   -370.39    528.35    898.74     78.98
1946160 2024 05 11 03 24 00 007 9.00 9 9 9 9 9 9 9 9 9 9 9 9 9 9 9 9 9 9 9 9 9 9 9 9   -499.33    575.25   1074.58     37.96
1949291 2024 05 11 03 25 00 017 9.00 9 9 9 9 9 9 9 9 9 9 9 9 9 9 9 9 9 9 9 9 9 9 9 9   -446.21    615.58   1061.79     84.69
1952422 2024 05 11 03 26 00 018 9.00 9 9 9 9 9 9 9 9 9 9 9 9 9 9 9 9 9 9 9 9 9 9 9 9   -393.56    623.72   1017.27    115.08
1955553 2024 05 11 03 27 00 004 9.00 9 9 9 9 9 9 9 9 9 9 9 9 9 9 9 9 9 9 9 9 9 9 9 9   -355.21    563.56    918.77    104.18
1958685 2024 05 11 03 28 00 012 9.00 9 9 9 9 9 9 9 9 9 9 9 9 9 9 9 9 9 9 9 9 9 9 9 9   -378.03    552.60    930.63     87.29
1961816 2024 05 11 03 29 00 012 9.00 9 9 9 9 9 9 9 9 9 9 9 9 9 9 9 9 9 9 9 9 9 9 9 9   -386.41    528.75    915.16     71.17
1964946 2024 05 11 03 30 00 014 9.00 9 9 9 9 9 9 9 9 9 9 9 9 9 9 9 9 9 9 9 9 9 9 9 9   -408.02    546.81    954.83     69.40
1968076 2024 05 11 03 31 00 013 9.00 9 9 9 9 9 9 9 9 9 9 9 9 9 9 9 9 9 9 9 9 9 9 9 9   -408.47    544.28    952.75     67.91
1971206 2024 05 11 03 32 00 001 9.00 9 9 9 9 9 9 9 9 9 9 9 9 9 9 9 9 9 9 9 9 9 9 9 9   -408.36    594.25   1002.61     92.95
1974337 2024 05 11 03 33 00 009 9.00 9 9 9 9 9 9 9 9 9 9 9 9 9 9 9 9 9 9 9 9 9 9 9 9   -425.38    654.30   1079.68    114.46
1977467 2024 05 11 03 34 00 008 9.00 9 9 9 9 9 9 9 9 9 9 9 9 9 9 9 9 9 9 9 9 9 9 9 9   -466.95    692.09   1159.05    112.57
1980599 2024 05 11 03 35 00 004 9.00 9 9 9 9 9 9 9 9 9 9 9 9 9 9 9 9 9 9 9 9 9 9 9 9   -428.75    720.05   1148.80    145.65
1983730 2024 05 11 03 36 00 003 9.00 9 9 9 9 9 9 9 9 9 9 9 9 9 9 9 9 9 9 9 9 9 9 9 9   -435.78    732.67   1168.46    148.44
1986861 2024 05 11 03 37 00 011 9.00 9 9 9 9 9 9 9 9 9 9 9 9 9 9 9 9 9 9 9 9 9 9 9 9   -488.11    736.00   1224.11    123.94
1989994 2024 05 11 03 38 00 009 9.00 9 9 9 9 9 9 9 9 9 9 9 9 9 9 9 9 9 9 9 9 9 9 9 9   -535.95    745.17   1281.12    104.61
1993127 2024 05 11 03 39 00 002 9.00 9 9 9 9 9 9 9 9 9 9 9 9 9 9 9 9 9 9 9 9 9 9 9 9   -498.00    754.46   1252.45    128.23
1996258 2024 05 11 03 40 00 018 9.00 9 9 9 9 9 9 9 9 9 9 9 9 9 9 9 9 9 9 9 9 9 9 9 9   -531.48    715.28   1246.75     91.90
1999389 2024 05 11 03 41 00 015 9.00 9 9 9 9 9 9 9 9 9 9 9 9 9 9 9 9 9 9 9 9 9 9 9 9   -586.95    733.95   1320.90     73.50
2002520 2024 05 11 03 42 00 018 9.00 9 9 9 9 9 9 9 9 9 9 9 9 9 9 9 9 9 9 9 9 9 9 9 9   -623.51    735.67   1359.18     56.08
2005651 2024 05 11 03 43 00 008 9.00 9 9 9 9 9 9 9 9 9 9 9 9 9 9 9 9 9 9 9 9 9 9 9 9   -625.36    701.31   1326.67     37.98
2008785 2024 05 11 03 44 00 013 9.00 9 9 9 9 9 9 9 9 9 9 9 9 9 9 9 9 9 9 9 9 9 9 9 9   -538.50    669.10   1207.60     65.30
2011920 2024 05 11 03 45 00 016 9.00 9 9 9 9 9 9 9 9 9 9 9 9 9 9 9 9 9 9 9 9 9 9 9 9   -483.27    668.13   1151.41     92.43
2015058 2024 05 11 03 46 00 013 9.00 9 9 9 9 9 9 9 9 9 9 9 9 9 9 9 9 9 9 9 9 9 9 9 9   -470.06    687.12   1157.19    108.53
2018195 2024 05 11 03 47 00 009 9.00 9 9 9 9 9 9 9 9 9 9 9 9 9 9 9 9 9 9 9 9 9 9 9 9   -427.72    702.38   1130.10    137.33
2021332 2024 05 11 03 48 00 001 9.00 9 9 9 9 9 9 9 9 9 9 9 9 9 9 9 9 9 9 9 9 9 9 9 9   -403.88    693.50   1097.38    144.81
2024469 2024 05 11 03 49 00 007 9.00 9 9 9 9 9 9 9 9 9 9 9 9 9 9 9 9 9 9 9 9 9 9 9 9   -443.48    721.87   1165.35    139.19
2027604 2024 05 11 03 50 00 001 9.00 9 9 9 9 9 9 9 9 9 9 9 9 9 9 9 9 9 9 9 9 9 9 9 9   -490.17    736.16   1226.33    123.00
2030738 2024 05 11 03 51 00 004 9.00 9 9 9 9 9 9 9 9 9 9 9 9 9 9 9 9 9 9 9 9 9 9 9 9   -488.88    741.83   1230.71    126.48
2033872 2024 05 11 03 52 00 017 9.00 9 9 9 9 9 9 9 9 9 9 9 9 9 9 9 9 9 9 9 9 9 9 9 9   -459.40    763.37   1222.77    151.98
2037006 2024 05 11 03 53 00 011 9.00 9 9 9 9 9 9 9 9 9 9 9 9 9 9 9 9 9 9 9 9 9 9 9 9   -507.32    779.19   1286.51    135.94
2040141 2024 05 11 03 54 00 014 9.00 9 9 9 9 9 9 9 9 9 9 9 9 9 9 9 9 9 9 9 9 9 9 9 9   -538.00    786.30   1324.31    124.15
2043276 2024 05 11 03 55 00 017 9.00 9 9 9 9 9 9 9 9 9 9 9 9 9 9 9 9 9 9 9 9 9 9 9 9   -585.66    756.11   1341.77     85.23
2046411 2024 05 11 03 56 00 006 9.00 9 9 9 9 9 9 9 9 9 9 9 9 9 9 9 9 9 9 9 9 9 9 9 9   -581.62    717.05   1298.67     67.72
2049547 2024 05 11 03 57 00 009 9.00 9 9 9 9 9 9 9 9 9 9 9 9 9 9 9 9 9 9 9 9 9 9 9 9   -465.03    725.35   1190.38    130.16
2052683 2024 05 11 03 58 00 016 9.00 9 9 9 9 9 9 9 9 9 9 9 9 9 9 9 9 9 9 9 9 9 9 9 9   -435.15    755.20   1190.35    160.02
2055819 2024 05 11 03 59 00 001 9.00 9 9 9 9 9 9 9 9 9 9 9 9 9 9 9 9 9 9 9 9 9 9 9 9   -403.10    777.85   1180.95    187.37
2058957 2024 05 11 04 00 00 000 9.00 9 9 9 9 9 9 9 9 9 9 9 9 9 9 9 9 9 9 9 9 9 9 9 9   -420.37    773.71   1194.07    176.67
2062094 2024 05 11 04 01 00 004 9.00 9 9 9 9 9 9 9 9 9 9 9 9 9 9 9 9 9 9 9 9 9 9 9 9   -515.31    797.89   1313.21    141.29
2065231 2024 05 11 04 02 00 004 9.00 9 9 9 9 9 9 9 9 9 9 9 9 9 9 9 9 9 9 9 9 9 9 9 9   -536.46    787.84   1324.30    125.69
2068369 2024 05 11 04 03 00 008 9.00 9 9 9 9 9 9 9 9 9 9 9 9 9 9 9 9 9 9 9 9 9 9 9 9   -520.06    764.71   1284.77    122.33
2071507 2024 05 11 04 04 00 015 9.00 9 9 9 9 9 9 9 9 9 9 9 9 9 9 9 9 9 9 9 9 9 9 9 9   -575.97    745.83   1321.80     84.93
2074644 2024 05 11 04 05 00 013 9.00 9 9 9 9 9 9 9 9 9 9 9 9 9 9 9 9 9 9 9 9 9 9 9 9   -541.57    719.72   1261.29     89.07
2077781 2024 05 11 04 06 00 005 9.00 9 9 9 9 9 9 9 9 9 9 9 9 9 9 9 9 9 9 9 9 9 9 9 9   -530.62    708.45   1239.08     88.91
2080919 2024 05 11 04 07 00 011 9.00 9 9 9 9 9 9 9 9 9 9 9 9 9 9 9 9 9 9 9 9 9 9 9 9   -510.00    691.69   1201.68     90.85
2084056 2024 05 11 04 08 00 006 9.00 9 9 9 9 9 9 9 9 9 9 9 9 9 9 9 9 9 9 9 9 9 9 9 9   -503.17    684.90   1188.07     90.87
2087193 2024 05 11 04 09 00 009 9.00 9 9 9 9 9 9 9 9 9 9 9 9 9 9 9 9 9 9 9 9 9 9 9 9   -457.72    675.50   1133.22    108.89
2090330 2024 05 11 04 10 00 015 9.00 9 9 9 9 9 9 9 9 9 9 9 9 9 9 9 9 9 9 9 9 9 9 9 9   -378.26    666.45   1044.70    144.09
2093465 2024 05 11 04 11 00 009 9.00 9 9 9 9 9 9 9 9 9 9 9 9 9 9 9 9 9 9 9 9 9 9 9 9   -377.70    693.59   1071.29    157.95
2096600 2024 05 11 04 12 00 011 9.00 9 9 9 9 9 9 9 9 9 9 9 9 9 9 9 9 9 9 9 9 9 9 9 9   -473.68    742.04   1215.73    134.18
2099734 2024 05 11 04 13 00 002 9.00 9 9 9 9 9 9 9 9 9 9 9 9 9 9 9 9 9 9 9 9 9 9 9 9   -530.21    722.07   1252.28     95.93
2102868 2024 05 11 04 14 00 010 9.00 9 9 9 9 9 9 9 9 9 9 9 9 9 9 9 9 9 9 9 9 9 9 9 9   -539.14    707.12   1246.26     83.99
2106001 2024 05 11 04 15 00 011 9.00 9 9 9 9 9 9 9 9 9 9 9 9 9 9 9 9 9 9 9 9 9 9 9 9   -469.99    730.44   1200.43    130.23
2109134 2024 05 11 04 16 00 003 9.00 9 9 9 9 9 9 9 9 9 9 9 9 9 9 9 9 9 9 9 9 9 9 9 9   -383.90    758.62   1142.52    187.36
2112268 2024 05 11 04 17 00 005 9.00 9 9 9 9 9 9 9 9 9 9 9 9 9 9 9 9 9 9 9 9 9 9 9 9   -363.49    772.23   1135.72    204.37
2115401 2024 05 11 04 18 00 004 9.00 9 9 9 9 9 9 9 9 9 9 9 9 9 9 9 9 9 9 9 9 9 9 9 9   -358.84    761.74   1120.58    201.45
2118535 2024 05 11 04 19 00 016 9.00 9 9 9 9 9 9 9 9 9 9 9 9 9 9 9 9 9 9 9 9 9 9 9 9   -412.50    761.01   1173.51    174.26
2121668 2024 05 11 04 20 00 001 9.00 9 9 9 9 9 9 9 9 9 9 9 9 9 9 9 9 9 9 9 9 9 9 9 9   -498.80    762.37   1261.17    131.79
2124802 2024 05 11 04 21 00 016 9.00 9 9 9 9 9 9 9 9 9 9 9 9 9 9 9 9 9 9 9 9 9 9 9 9   -568.16    754.95   1323.11     93.39
2127936 2024 05 11 04 22 00 013 9.00 9 9 9 9 9 9 9 9 9 9 9 9 9 9 9 9 9 9 9 9 9 9 9 9   -537.43    715.88   1253.31     89.23
2131070 2024 05 11 04 23 00 007 9.00 9 9 9 9 9 9 9 9 9 9 9 9 9 9 9 9 9 9 9 9 9 9 9 9   -479.95    688.62   1168.57    104.33
2134202 2024 05 11 04 24 00 012 9.00 9 9 9 9 9 9 9 9 9 9 9 9 9 9 9 9 9 9 9 9 9 9 9 9   -484.68    666.40   1151.07     90.86
2137332 2024 05 11 04 25 00 013 9.00 9 9 9 9 9 9 9 9 9 9 9 9 9 9 9 9 9 9 9 9 9 9 9 9   -519.67    637.36   1157.02     58.85
2140460 2024 05 11 04 26 00 001 9.00 9 9 9 9 9 9 9 9 9 9 9 9 9 9 9 9 9 9 9 9 9 9 9 9   -572.72    680.32   1253.04     53.80
2143587 2024 05 11 04 27 00 005 9.00 9 9 9 9 9 9 9 9 9 9 9 9 9 9 9 9 9 9 9 9 9 9 9 9   -533.56    733.72   1267.28    100.08
2146714 2024 05 11 04 28 00 007 9.00 9 9 9 9 9 9 9 9 9 9 9 9 9 9 9 9 9 9 9 9 9 9 9 9   -597.14    606.33   1203.47      4.60
2149843 2024 05 11 04 29 00 001 9.00 9 9 9 9 9 9 9 9 9 9 9 9 9 9 9 9 9 9 9 9 9 9 9 9   -566.99    523.28   1090.27    -21.85
2152973 2024 05 11 04 30 00 008 9.00 9 9 9 9 9 9 9 9 9 9 9 9 9 9 9 9 9 9 9 9 9 9 9 9   -583.09    473.03   1056.12    -55.03
2156102 2024 05 11 04 31 00 018 9.00 9 9 9 9 9 9 9 9 9 9 9 9 9 9 9 9 9 9 9 9 9 9 9 9   -578.27    400.93    979.20    -88.67
2159232 2024 05 11 04 32 00 015 9.00 9 9 9 9 9 9 9 9 9 9 9 9 9 9 9 9 9 9 9 9 9 9 9 9   -720.44    327.25   1047.69   -196.59
2162363 2024 05 11 04 33 00 007 9.00 9 9 9 9 9 9 9 9 9 9 9 9 9 9 9 9 9 9 9 9 9 9 9 9   -797.60    273.54   1071.14   -262.03
2165496 2024 05 11 04 34 00 015 9.00 9 9 9 9 9 9 9 9 9 9 9 9 9 9 9 9 9 9 9 9 9 9 9 9   -807.48    356.59   1164.07   -225.44
2168627 2024 05 11 04 35 00 010 9.00 9 9 9 9 9 9 9 9 9 9 9 9 9 9 9 9 9 9 9 9 9 9 9 9   -658.94    548.86   1207.80    -55.04
2171754 2024 05 11 04 36 00 006 9.00 9 9 9 9 9 9 9 9 9 9 9 9 9 9 9 9 9 9 9 9 9 9 9 9   -807.12    627.40   1434.52    -89.86
2174880 2024 05 11 04 37 00 008 9.00 9 9 9 9 9 9 9 9 9 9 9 9 9 9 9 9 9 9 9 9 9 9 9 9   -570.20    620.45   1190.65     25.13
2178004 2024 05 11 04 38 00 002 9.00 9 9 9 9 9 9 9 9 9 9 9 9 9 9 9 9 9 9 9 9 9 9 9 9   -696.43    578.17   1274.60    -59.13
2181131 2024 05 11 04 39 00 015 9.00 9 9 9 9 9 9 9 9 9 9 9 9 9 9 9 9 9 9 9 9 9 9 9 9   -562.77    481.81   1044.58    -40.48
2184260 2024 05 11 04 40 00 011 9.00 9 9 9 9 9 9 9 9 9 9 9 9 9 9 9 9 9 9 9 9 9 9 9 9   -785.15    425.63   1210.78   -179.76
2187390 2024 05 11 04 41 00 010 9.00 9 9 9 9 9 9 9 9 9 9 9 9 9 9 9 9 9 9 9 9 9 9 9 9   -688.02    293.53    981.56   -197.24
2190520 2024 05 11 04 42 00 007 9.00 9 9 9 9 9 9 9 9 9 9 9 9 9 9 9 9 9 9 9 9 9 9 9 9   -642.45    152.92    795.36   -244.76
2193652 2024 05 11 04 43 00 015 9.00 9 9 9 9 9 9 9 9 9 9 9 9 9 9 9 9 9 9 9 9 9 9 9 9   -741.62    171.41    913.03   -285.11
2196785 2024 05 11 04 44 00 009 9.00 9 9 9 9 9 9 9 9 9 9 9 9 9 9 9 9 9 9 9 9 9 9 9 9   -371.76    147.53    519.29   -112.11
2199909 2024 05 11 04 45 00 016 9.00 9 9 9 9 9 9 9 9 9 9 9 9 9 9 9 9 9 9 9 9 9 9 9 9   -554.06    275.14    829.21   -139.46
2203023 2024 05 11 04 46 00 010 9.00 9 9 9 9 9 9 9 9 9 9 9 9 9 9 9 9 9 9 9 9 9 9 9 9   -654.30    159.79    814.09   -247.25
2206142 2024 05 11 04 47 00 006 9.00 9 9 9 9 9 9 9 9 9 9 9 9 9 9 9 9 9 9 9 9 9 9 9 9   -500.62    188.33    688.96   -156.14
2209270 2024 05 11 04 48 00 014 9.00 9 9 9 9 9 9 9 9 9 9 9 9 9 9 9 9 9 9 9 9 9 9 9 9   -478.55    181.51    660.06   -148.52
2212402 2024 05 11 04 49 00 013 9.00 9 9 9 9 9 9 9 9 9 9 9 9 9 9 9 9 9 9 9 9 9 9 9 9   -531.51    186.65    718.15   -172.43
2215530 2024 05 11 04 50 00 007 9.00 9 9 9 9 9 9 9 9 9 9 9 9 9 9 9 9 9 9 9 9 9 9 9 9   -536.97    223.22    760.19   -156.87
2218658 2024 05 11 04 51 00 001 9.00 9 9 9 9 9 9 9 9 9 9 9 9 9 9 9 9 9 9 9 9 9 9 9 9   -520.26    198.49    718.74   -160.88
2221785 2024 05 11 04 52 00 004 9.00 9 9 9 9 9 9 9 9 9 9 9 9 9 9 9 9 9 9 9 9 9 9 9 9   -644.54    150.63    795.17   -246.96
2224913 2024 05 11 04 53 00 008 9.00 9 9 9 9 9 9 9 9 9 9 9 9 9 9 9 9 9 9 9 9 9 9 9 9   -616.78     48.53    665.31   -284.13
2228041 2024 05 11 04 54 00 005 9.00 9 9 9 9 9 9 9 9 9 9 9 9 9 9 9 9 9 9 9 9 9 9 9 9   -627.61     -4.59    623.02   -316.10
2231171 2024 05 11 04 55 00 006 9.00 9 9 9 9 9 9 9 9 9 9 9 9 9 9 9 9 9 9 9 9 9 9 9 9   -596.03     40.53    636.56   -277.75
2234302 2024 05 11 04 56 00 015 9.00 9 9 9 9 9 9 9 9 9 9 9 9 9 9 9 9 9 9 9 9 9 9 9 9   -676.82     38.25    715.07   -319.28
2237432 2024 05 11 04 57 00 002 9.00 9 9 9 9 9 9 9 9 9 9 9 9 9 9 9 9 9 9 9 9 9 9 9 9   -722.70     54.21    776.91   -334.24
2240562 2024 05 11 04 58 00 000 9.00 9 9 9 9 9 9 9 9 9 9 9 9 9 9 9 9 9 9 9 9 9 9 9 9   -745.15    124.64    869.78   -310.25
2243690 2024 05 11 04 59 00 011 9.00 9 9 9 9 9 9 9 9 9 9 9 9 9 9 9 9 9 9 9 9 9 9 9 9   -777.22    173.83    951.05   -301.70
2246816 2024 05 11 05 00 00 000 9.00 9 9 9 9 9 9 9 9 9 9 9 9 9 9 9 9 9 9 9 9 9 9 9 9   -803.32     80.49    883.80   -361.42
2249944 2024 05 11 05 01 00 003 9.00 9 9 9 9 9 9 9 9 9 9 9 9 8 9 9 9 9 9 9 9 9 9 9 9   -829.60     65.56    895.17   -382.02
2253074 2024 05 11 05 02 00 014 9.00 9 9 9 9 9 9 9 9 9 9 9 9 8 9 9 9 9 9 9 9 9 9 9 9   -833.98    126.29    960.27   -353.84
2256203 2024 05 11 05 03 00 008 9.00 9 9 9 9 9 9 9 9 9 9 9 8 8 9 9 9 9 9 9 9 9 9 9 9   -843.06    120.78    963.84   -361.14
2259332 2024 05 11 05 04 00 009 9.00 9 9 9 9 9 9 9 9 9 9 9 8 8 9 9 9 9 9 9 9 9 9 9 9   -861.11    106.72    967.82   -377.19
2262460 2024 05 11 05 05 00 012 9.00 9 9 9 9 9 9 9 9 9 9 9 8 8 9 9 9 9 9 9 9 9 9 9 9   -881.73     81.02    962.75   -400.35
2265588 2024 05 11 05 06 00 015 9.00 9 9 9 9 9 9 9 9 9 9 9 8 8 9 9 9 9 9 9 9 9 9 9 9   -882.94     61.92    944.85   -410.51
2268716 2024 05 11 05 07 00 000 9.00 9 9 9 9 9 9 9 9 9 9 9 8 8 9 9 9 9 9 9 9 9 9 9 9   -898.19     47.30    945.48   -425.44
2271846 2024 05 11 05 08 00 000 9.00 9 9 9 9 9 9 9 9 9 9 9 8 8 9 9 9 9 9 9 9 9 9 9 9   -913.75     77.87    991.63   -417.94
2274977 2024 05 11 05 09 00 018 9.00 9 9 9 9 9 9 9 9 9 9 9 8 8 9 9 9 9 9 9 9 9 9 9 9   -948.25     93.56   1041.81   -427.35
2278107 2024 05 11 05 10 00 014 9.00 9 9 9 9 9 9 9 9 9 9 9 8 8 9 9 9 9 9 9 9 9 9 9 9   -943.88    102.30   1046.18   -420.79
2281236 2024 05 11 05 11 00 014 9.00 9 9 9 9 9 9 9 9 9 9 9 8 8 9 9 9 9 9 9 9 9 9 9 9   -940.71    103.48   1044.20   -418.61
2284364 2024 05 11 05 12 00 009 9.00 9 9 9 9 9 9 9 9 9 9 9 8 8 9 9 9 9 9 9 9 9 9 9 9   -951.09     63.48   1014.56   -443.80
2287493 2024 05 11 05 13 00 015 9.00 9 9 9 9 9 9 9 9 9 9 9 8 8 9 9 9 9 9 9 9 9 9 9 9   -918.18     17.35    935.53   -450.41
2290622 2024 05 11 05 14 00 008 9.00 9 9 9 9 9 9 9 9 9 9 9 8 8 9 9 9 9 9 9 9 9 9 9 9   -934.70     38.15    972.84   -448.27
2293752 2024 05 11 05 15 00 000 9.00 9 9 9 9 9 9 9 9 9 9 9 8 8 9 9 9 9 9 9 9 9 9 9 9   -939.80    -18.67    921.12   -479.24
2296883 2024 05 11 05 16 00 008 9.00 9 9 9 9 9 9 9 9 9 9 9 8 8 9 9 9 9 9 9 9 9 9 9 9   -916.51    -49.59    866.92   -483.05
2300014 2024 05 11 05 17 00 013 9.00 9 9 9 9 9 9 9 9 9 9 9 8 8 9 9 9 9 9 9 9 9 9 9 9   -934.89    -58.97    875.92   -496.93
2303145 2024 05 11 05 18 00 018 9.00 9 9 9 9 9 9 9 9 9 9 9 9 8 9 9 9 9 9 9 9 9 9 9 9   -912.41    -25.99    886.42   -469.20
2306275 2024 05 11 05 19 00 009 9.00 9 9 9 9 9 9 9 9 9 9 9 9 8 9 9 9 9 9 9 9 9 9 9 9   -857.49    -41.93    815.56   -449.71
2309405 2024 05 11 05 20 00 002 9.00 9 9 9 9 9 9 9 9 9 9 9 9 8 9 9 9 9 9 9 9 9 9 9 9   -918.63    -87.73    830.90   -503.18
2312536 2024 05 11 05 21 00 012 9.00 9 9 9 9 9 9 9 9 9 9 9 9 8 9 9 9 9 9 9 9 9 9 9 9   -912.18    -88.28    823.90   -500.23
2315665 2024 05 11 05 22 00 002 9.00 9 9 9 9 9 9 9 9 9 9 9 9 8 9 9 9 9 9 9 9 9 9 9 9   -947.72    -89.23    858.49   -518.48
2318794 2024 05 11 05 23 00 001 9.00 9 9 9 9 9 9 9 9 9 9 9 9 8 9 9 9 9 9 9 9 9 9 9 9   -899.54   -118.08    781.46   -508.81
2321922 2024 05 11 05 24 00 013 9.00 9 9 9 9 9 9 9 9 9 9 9 9 8 9 9 9 9 9 9 9 9 9 9 9   -869.51   -198.65    670.85   -534.08
2325049 2024 05 11 05 25 00 011 9.00 9 9 9 9 9 9 9 9 9 9 9 9 8 9 9 9 9 9 9 9 9 9 9 9   -772.87   -152.25    620.63   -462.56
2328177 2024 05 11 05 26 00 012 9.00 9 9 9 9 9 9 9 9 9 9 9 9 8 9 9 9 9 9 9 9 9 9 9 9   -758.15   -129.48    628.67   -443.82
2331307 2024 05 11 05 27 00 016 9.00 9 9 9 9 9 9 9 9 9 9 9 9 8 9 9 9 9 9 9 9 9 9 9 9   -776.33    -62.49    713.84   -419.41
2334438 2024 05 11 05 28 00 009 9.00 9 9 9 9 9 9 9 9 9 9 9 9 8 9 9 9 9 9 9 9 9 9 9 9   -766.34     71.25    837.59   -347.55
2337571 2024 05 11 05 29 00 017 9.00 9 9 9 9 9 9 9 9 9 9 9 9 8 9 9 9 9 9 9 9 9 9 9 9   -814.35    -38.88    775.48   -426.61
2340703 2024 05 11 05 30 00 017 9.00 9 9 9 9 9 9 9 9 9 9 9 9 8 9 9 9 9 9 9 9 9 9 9 9   -842.39    -37.43    804.96   -439.91
2343836 2024 05 11 05 31 00 015 9.00 9 9 9 9 9 9 9 9 9 9 9 9 8 9 9 9 9 9 9 9 9 9 9 9   -841.47      7.75    849.22   -416.86
2346969 2024 05 11 05 32 00 006 9.00 9 9 9 9 9 9 9 9 9 9 9 9 8 9 9 9 9 9 9 9 9 9 9 9   -830.54    -45.25    785.29   -437.90
2350103 2024 05 11 05 33 00 006 9.00 9 9 9 9 9 9 9 9 9 9 9 9 8 9 9 9 9 9 9 9 9 9 9 9   -837.70     11.36    849.06   -413.17
2353239 2024 05 11 05 34 00 009 9.00 9 9 9 9 9 9 9 9 9 9 9 9 8 9 9 9 9 9 9 9 9 9 9 9   -817.61   -118.30    699.31   -467.95
2356376 2024 05 11 05 35 00 016 9.00 9 9 9 9 9 9 9 9 9 9 9 9 8 9 9 9 9 9 9 9 9 9 9 9   -817.18   -195.71    621.47   -506.45
2359513 2024 05 11 05 36 00 018 9.00 9 9 9 9 9 9 9 9 9 9 9 9 8 9 9 9 9 9 8 9 9 9 9 9   -789.86   -237.48    552.38   -513.67
2362649 2024 05 11 05 37 00 013 9.00 9 9 9 9 9 9 9 9 9 9 9 9 8 9 9 9 9 9 8 9 9 9 9 9   -773.60   -146.34    627.26   -459.97
2365785 2024 05 11 05 38 00 018 9.00 9 9 9 9 9 9 9 9 9 9 9 9 8 9 9 9 9 9 8 9 9 9 9 9   -768.52   -158.28    610.25   -463.40
2368920 2024 05 11 05 39 00 006 9.00 9 9 9 9 9 9 9 9 9 9 9 9 8 9 9 9 9 9 8 9 9 9 9 9   -773.32   -216.60    556.72   -494.96
2372056 2024 05 11 05 40 00 009 9.00 9 9 9 9 9 9 9 9 9 9 9 9 8 9 9 9 9 9 9 9 9 9 9 9   -776.69   -209.87    566.82   -493.28
2375192 2024 05 11 05 41 00 014 9.00 9 9 9 9 9 9 9 9 9 9 9 9 8 9 9 9 9 9 8 9 9 9 9 9   -757.55   -183.19    574.36   -470.37
2378328 2024 05 11 05 42 00 017 9.00 9 9 9 9 9 9 9 9 9 9 9 9 8 9 9 9 9 9 8 9 9 9 9 9   -717.40    -90.48    626.92   -403.94
2381463 2024 05 11 05 43 00 012 9.00 9 9 9 9 9 9 9 9 9 9 9 9 8 9 9 9 9 9 8 9 9 9 9 9   -672.43    -73.48    598.95   -372.96
2384596 2024 05 11 05 44 00 014 9.00 9 9 9 9 9 9 9 9 9 9 9 9 8 9 9 9 9 9 8 9 9 9 9 9   -659.48    -42.36    617.12   -350.92
2387729 2024 05 11 05 45 00 011 9.00 9 9 9 9 9 9 9 9 9 9 9 9 8 9 9 9 9 9 8 9 9 9 9 9   -669.19     79.77    748.95   -294.71
2390864 2024 05 11 05 46 00 012 9.00 9 9 9 9 9 9 9 9 9 9 9 9 8 8 9 9 9 8 8 9 9 9 9 9   -647.57    103.51    751.08   -272.03
2393998 2024 05 11 05 47 00 010 8.67 9 9 9 9 9 9 9 9 9 9 9 9 8 8 9 9 9 8 8 9 9 9 8 9   -636.49    125.28    761.77   -255.60
2397132 2024 05 11 05 48 00 011 8.67 9 9 9 9 9 9 9 9 9 9 9 9 8 8 9 9 9 8 8 9 9 9 8 9   -621.12     95.56    716.67   -262.78
2400268 2024 05 11 05 49 00 017 8.67 9 9 9 9 9 9 9 9 9 9 9 9 8 8 9 9 9 8 8 9 9 9 8 9   -639.36     50.49    689.85   -294.43
2403403 2024 05 11 05 50 00 012 8.67 9 9 9 9 9 9 9 9 9 9 9 9 8 8 9 9 8 8 8 9 9 9 8 9   -651.39     18.16    669.55   -316.62
2406539 2024 05 11 05 51 00 003 8.67 9 9 9 9 9 9 9 9 9 9 9 9 8 8 9 9 8 8 8 9 9 9 8 9   -639.90     28.96    668.86   -305.47
2409676 2024 05 11 05 52 00 002 8.67 9 9 9 9 9 9 9 9 9 9 9 9 8 8 9 9 8 8 8 9 9 9 8 9   -600.39     94.46    694.85   -252.96
2412812 2024 05 11 05 53 00 005 8.67 9 9 9 9 9 9 9 9 9 9 9 9 8 8 9 9 8 8 8 9 9 9 8 9   -545.34    102.55    647.89   -221.40
2415947 2024 05 11 05 54 00 010 8.67 9 9 9 9 9 9 9 9 9 9 9 9 8 8 9 9 8 8 8 9 9 9 8 9   -554.91    142.43    697.34   -206.24
2419083 2024 05 11 05 55 00 004 8.67 9 9 9 9 9 9 9 9 9 9 9 9 8 8 9 9 8 8 8 9 9 9 9 9   -539.83    177.79    717.62   -181.02
2422219 2024 05 11 05 56 00 014 8.67 9 9 9 9 9 9 9 9 9 9 9 9 8 8 9 9 8 8 8 9 9 9 9 9   -544.93    204.41    749.34   -170.26
2425351 2024 05 11 05 57 00 004 8.67 9 9 9 9 9 9 9 9 9 9 9 9 8 8 9 9 8 8 8 9 9 8 9 9   -572.37    157.91    730.28   -207.23
2428481 2024 05 11 05 58 00 002 8.67 9 9 9 9 9 9 9 9 9 9 9 9 8 8 8 8 8 8 8 9 9 8 9 9   -577.69     27.26    604.95   -275.22
2431611 2024 05 11 05 59 00 001 8.67 9 9 9 9 9 9 9 9 9 9 9 9 8 8 8 8 8 8 8 9 9 8 9 9   -567.68     22.24    589.92   -272.72
2434741 2024 05 11 06 00 00 000 8.67 9 9 9 9 9 9 9 9 9 9 9 9 8 8 8 8 8 8 8 9 9 8 9 9   -604.88    122.66    727.54   -241.11
2437872 2024 05 11 06 01 00 016 8.67 9 9 9 9 9 9 9 9 9 9 9 9 8 8 8 8 8 8 8 9 9 8 9 9   -626.56    145.54    772.10   -240.51
2441003 2024 05 11 06 02 00 015 8.67 9 9 9 9 9 9 9 9 9 9 9 9 8 8 8 8 8 8 8 9 9 9 9 9   -666.60    -17.31    649.28   -341.95
2444134 2024 05 11 06 03 00 003 8.67 9 9 9 9 9 9 9 9 9 9 9 9 8 8 8 8 8 8 8 9 9 9 9 9   -733.40    -62.59    670.81   -398.00
2447268 2024 05 11 06 04 00 000 8.67 9 9 9 9 9 9 9 9 9 9 9 9 8 8 8 8 8 8 8 9 9 9 9 9   -768.56    -50.95    717.62   -409.75
2450402 2024 05 11 06 05 00 002 8.67 9 9 9 9 9 9 9 9 9 9 9 9 8 8 8 8 8 8 8 9 9 9 9 9   -784.35     69.08    853.43   -357.63
2453535 2024 05 11 06 06 00 003 8.67 9 9 9 9 9 9 9 9 9 9 9 9 8 8 8 8 8 8 8 9 9 9 9 9   -750.75    144.97    895.72   -302.89
2456670 2024 05 11 06 07 00 003 8.67 9 9 9 9 9 9 9 9 9 9 9 9 8 8 8 8 8 8 8 9 9 9 9 9   -686.67    157.11    843.78   -264.78
2459806 2024 05 11 06 08 00 013 8.67 9 9 9 9 9 9 9 9 9 9 9 9 8 8 8 8 8 8 8 9 9 9 9 9   -669.62    161.80    831.42   -253.91
2462941 2024 05 11 06 09 00 017 8.67 9 9 9 9 9 9 9 9 9 9 9 9 8 8 8 8 8 8 8 9 9 9 9 9   -692.33    126.83    819.16   -282.75
2466076 2024 05 11 06 10 00 011 8.67 9 9 9 9 9 9 9 9 9 9 9 9 8 8 8 8 8 8 8 9 9 9 9 9   -733.02    125.43    858.45   -303.80
2469211 2024 05 11 06 11 00 010 8.67 9 9 9 9 9 9 9 9 9 9 9 9 8 8 8 8 8 8 8 9 9 9 9 9   -725.77    140.45    866.22   -292.66
2472346 2024 05 11 06 12 00 014 8.67 9 9 9 9 9 9 9 9 9 9 9 9 8 8 8 8 8 8 8 9 9 9 9 9   -708.30    180.19    888.49   -264.06
2475480 2024 05 11 06 13 00 008 8.67 9 9 9 9 9 9 9 9 9 9 9 9 8 8 8 8 8 8 8 9 9 9 9 9   -696.48    218.45    914.93   -239.01
2478614 2024 05 11 06 14 00 001 8.67 9 9 9 9 9 9 9 9 9 9 9 9 8 8 8 8 8 8 8 9 9 9 9 9   -701.76    285.63    987.39   -208.06
2481749 2024 05 11 06 15 00 006 8.67 9 9 9 9 9 9 9 9 9 9 9 9 8 8 8 8 8 8 8 9 9 9 9 9   -686.68    326.73   1013.41   -179.98
2484883 2024 05 11 06 16 00 013 8.67 9 9 9 9 9 9 9 9 9 9 9 9 8 8 8 8 8 8 8 9 9 9 9 9   -667.34    341.30   1008.64   -163.02
2488016 2024 05 11 06 17 00 018 8.67 9 9 9 9 9 9 9 9 9 9 9 9 8 8 8 8 8 8 8 9 9 9 9 9   -658.00    301.45    959.45   -178.27
2491149 2024 05 11 06 18 00 010 8.67 9 9 9 9 9 9 9 9 9 9 9 9 8 8 8 8 8 8 8 9 9 9 9 9   -620.35    262.73    883.08   -178.81
2494283 2024 05 11 06 19 00 010 8.67 9 9 9 9 9 9 9 9 9 9 9 9 8 8 8 8 8 8 8 9 9 9 9 9   -622.75    212.20    834.95   -205.27
2497417 2024 05 11 06 20 00 009 8.67 9 9 9 9 9 9 9 9 9 9 9 9 8 8 8 8 8 8 8 9 9 9 9 9   -587.85    217.69    805.55   -185.08
2500552 2024 05 11 06 21 00 016 8.67 9 9 9 9 9 9 9 9 9 9 9 9 8 8 8 8 8 8 8 9 9 9 9 9   -559.92    215.38    775.30   -172.27
2503687 2024 05 11 06 22 00 002 8.67 9 9 9 9 9 9 9 9 9 9 9 9 8 8 8 8 8 8 8 9 9 9 9 9   -566.73    186.12    752.84   -190.31
2506824 2024 05 11 06 23 00 015 8.67 9 9 9 9 9 9 9 9 9 9 9 9 8 8 8 8 8 8 8 9 9 9 9 9   -505.07    148.70    653.77   -178.18
2509956 2024 05 11 06 24 00 013 8.67 9 9 9 9 9 9 9 9 9 9 9 9 8 8 8 8 8 8 8 9 9 9 9 9   -414.62    120.36    534.98   -147.13
2513089 2024 05 11 06 25 00 015 8.67 9 9 9 9 9 9 9 9 9 9 9 9 8 8 8 8 8 8 8 9 9 9 9 9   -322.17    132.48    454.65    -94.84
2516222 2024 05 11 06 26 00 017 8.67 9 9 9 9 9 9 9 9 9 9 9 9 8 8 8 8 8 8 8 9 9 9 9 9   -288.85    196.02    484.88    -46.42
2519353 2024 05 11 06 27 00 015 8.67 9 9 9 9 9 9 9 9 9 9 9 9 8 8 8 8 8 8 8 9 9 9 9 9   -315.29    300.84    616.13     -7.23
2522486 2024 05 11 06 28 00 018 9.00 9 9 9 9 9 9 9 9 9 9 9 9 9 9 9 9 8 8 8 9 9 9 9 9   -227.27    307.65    534.93     40.19
2525617 2024 05 11 06 29 00 003 9.00 9 9 9 9 9 9 9 9 9 9 9 9 9 9 9 9 9 8 8 9 9 9 9 9   -246.77    299.44    546.21     26.34
2528748 2024 05 11 06 30 00 003 9.00 9 9 9 9 9 9 9 9 9 9 9 9 9 9 9 9 9 9 8 9 9 9 9 9   -295.53    308.32    603.85      6.39
2531879 2024 05 11 06 31 00 009 9.00 9 9 9 9 9 9 9 9 9 9 9 9 9 9 9 9 9 9 8 9 9 9 9 9   -337.90    337.37    675.27     -0.27
2535011 2024 05 11 06 32 00 018 9.00 9 9 9 9 9 9 9 9 9 9 9 9 9 9 9 9 9 9 8 9 9 9 9 9   -355.72    361.66    717.39      2.97
2538143 2024 05 11 06 33 00 007 9.00 9 9 9 9 9 9 9 9 9 9 9 9 9 9 9 9 9 9 8 9 9 9 9 9   -383.77    388.22    771.99      2.22
2541277 2024 05 11 06 34 00 015 9.00 9 9 9 9 9 9 9 9 9 9 9 9 9 9 9 9 9 9 8 9 9 9 9 9   -399.48    435.81    835.29     18.16
2544410 2024 05 11 06 35 00 000 9.00 9 9 9 9 9 9 9 9 9 9 9 9 9 9 9 9 9 9 8 9 9 9 9 9   -424.85    461.91    886.76     18.53
2547544 2024 05 11 06 36 00 005 9.00 9 9 9 9 9 9 9 9 9 9 9 9 9 9 9 9 9 9 8 9 9 9 9 9   -479.59    490.08    969.67      5.25
2550678 2024 05 11 06 37 00 010 9.00 9 9 9 9 9 9 9 9 9 9 9 9 9 9 9 9 9 9 8 9 9 9 9 9   -511.85    499.40   1011.25     -6.23
2553811 2024 05 11 06 38 00 000 9.00 9 9 9 9 9 9 9 9 9 9 9 9 9 9 9 9 9 9 8 9 9 9 9 9   -519.84    487.77   1007.61    -16.04
2556945 2024 05 11 06 39 00 016 9.00 9 9 9 9 9 9 9 9 9 9 9 9 9 9 9 9 9 9 8 9 9 9 9 9   -503.21    482.85    986.06    -10.18
2560077 2024 05 11 06 40 00 000 9.00 9 9 9 9 9 9 9 9 9 9 9 9 9 9 9 9 9 9 8 9 9 9 9 9   -475.56    514.42    989.97     19.43
2563210 2024 05 11 06 41 00 014 9.00 9 9 9 9 9 9 9 9 9 9 9 9 9 9 9 9 9 9 8 9 9 9 9 9   -469.59    543.22   1012.81     36.82
2566342 2024 05 11 06 42 00 017 9.00 9 9 9 9 9 9 9 9 9 9 9 9 9 9 9 9 9 9 8 9 9 9 9 9   -473.28    545.70   1018.98     36.21
2569474 2024 05 11 06 43 00 011 9.00 9 9 9 9 9 9 9 9 9 9 9 9 9 9 9 9 9 9 8 9 9 9 9 9   -541.12    520.74   1061.87    -10.19
2572607 2024 05 11 06 44 00 011 9.00 9 9 9 9 9 9 9 9 9 9 9 9 9 9 9 9 9 9 8 9 9 9 9 9   -553.96    497.18   1051.14    -28.39
2575739 2024 05 11 06 45 00 018 9.00 9 9 9 9 9 9 9 9 9 9 9 9 9 9 9 9 9 9 9 9 9 9 9 9   -550.84    496.22   1047.06    -27.31
2578868 2024 05 11 06 46 00 002 9.00 9 9 9 9 9 9 9 9 9 9 9 9 9 9 9 9 9 9 9 9 9 9 9 9   -569.00    526.29   1095.28    -21.35
2581997 2024 05 11 06 47 00 008 9.00 9 9 9 9 9 9 9 9 9 9 9 9 9 9 9 9 9 9 9 9 9 9 9 9   -547.57    580.09   1127.66     16.26
2585126 2024 05 11 06 48 00 006 9.00 9 9 9 9 9 9 9 9 9 9 9 9 9 9 9 9 9 9 9 9 9 9 9 9   -541.22    629.54   1170.76     44.16
2588256 2024 05 11 06 49 00 005 9.00 9 9 9 9 9 9 9 9 9 9 9 9 9 9 9 9 9 9 9 9 9 9 9 9   -512.94    681.05   1193.99     84.05
2591385 2024 05 11 06 50 00 003 9.00 9 9 9 9 9 9 9 9 9 9 9 9 9 9 9 9 9 9 9 9 9 9 9 9   -399.15    666.86   1066.01    133.85
2594513 2024 05 11 06 51 00 016 9.00 9 9 9 9 9 9 9 9 9 9 9 9 9 9 9 9 9 9 9 9 9 9 9 9   -484.29    619.64   1103.93     67.67
2597639 2024 05 11 06 52 00 002 9.00 9 9 9 9 9 9 9 9 9 9 9 9 9 9 9 9 9 9 9 9 9 9 9 9   -380.26    684.20   1064.46    151.97
2600766 2024 05 11 06 53 00 004 9.00 9 9 9 9 9 9 9 9 9 9 9 9 9 9 9 9 9 9 9 9 9 9 9 9   -344.52    741.83   1086.35    198.66
2603893 2024 05 11 06 54 00 014 9.00 9 9 9 9 9 9 9 9 9 9 9 9 9 9 9 9 9 9 9 9 9 9 9 9   -306.32    735.20   1041.52    214.44
2607020 2024 05 11 06 55 00 016 9.00 9 9 9 9 9 9 9 9 9 9 9 9 9 9 9 9 9 9 9 9 9 9 9 9   -475.79    747.04   1222.83    135.63
2610146 2024 05 11 06 56 00 003 9.00 9 9 9 9 9 9 9 9 9 9 9 9 9 9 9 9 9 9 9 9 9 9 9 9   -403.70    817.75   1221.45    207.02
2613272 2024 05 11 06 57 00 015 9.00 9 9 9 9 9 9 9 9 9 9 9 9 9 9 9 9 9 9 9 9 9 9 9 9   -276.06    764.26   1040.32    244.10
2616397 2024 05 11 06 58 00 008 9.00 9 9 9 9 9 9 9 9 9 9 9 9 9 9 9 9 9 9 9 9 9 9 9 9   -528.28    614.38   1142.66     43.05
2619526 2024 05 11 06 59 00 018 9.00 9 9 9 9 9 9 9 9 9 9 9 9 9 9 9 9 9 9 9 9 9 9 9 9   -652.36    699.71   1352.07     23.67
2622652 2024 05 11 07 00 00 000 9.00 9 9 9 9 9 9 9 9 9 9 9 9 9 9 9 9 9 9 9 9 9 9 9 9   -667.68    738.51   1406.18     35.41
2625773 2024 05 11 07 01 00 003 9.00 9 9 9 9 9 9 9 9 9 9 9 9 9 9 9 9 9 9 9 9 9 9 9 9   -707.39    781.50   1488.88     37.05
2628884 2024 05 11 07 02 00 002 9.00 9 9 9 9 9 9 9 9 9 9 9 9 9 9 9 9 9 9 9 9 9 9 9 9   -579.38    817.17   1396.55    118.89
2631991 2024 05 11 07 03 00 007 9.00 9 9 9 9 9 9 9 9 9 9 9 9 9 9 9 9 9 9 9 9 9 9 9 9   -557.14   1012.49   1569.63    227.68
2635102 2024 05 11 07 04 00 006 9.00 9 9 9 9 9 9 9 9 9 9 9 9 9 9 9 9 9 9 9 9 9 9 9 9   -558.40   1000.94   1559.34    221.27
2638219 2024 05 11 07 05 00 007 9.00 9 9 9 9 9 9 9 9 9 9 9 9 9 9 9 9 9 9 9 9 9 9 9 9   -646.84   1017.05   1663.89    185.11
2641336 2024 05 11 07 06 00 012 9.00 9 9 9 9 9 9 9 9 9 9 9 9 9 9 9 9 9 9 9 9 9 9 9 9   -707.59   1027.25   1734.84    159.83
2644451 2024 05 11 07 07 00 014 9.00 9 9 9 9 9 9 9 9 9 9 9 9 9 9 9 9 9 9 9 9 9 9 9 9   -489.70   1083.11   1572.81    296.71
2647568 2024 05 11 07 08 00 008 9.00 9 9 9 9 9 9 9 9 9 9 9 9 9 9 9 9 9 9 9 9 9 9 9 9   -639.94    985.38   1625.32    172.72
2650685 2024 05 11 07 09 00 012 9.00 9 9 9 9 9 9 9 9 9 9 9 9 9 9 9 9 9 9 9 9 9 9 9 9   -702.89    897.62   1600.51     97.37
2653802 2024 05 11 07 10 00 010 9.00 9 9 9 9 9 9 9 9 9 9 9 9 9 9 9 9 9 9 9 9 9 9 9 9   -491.71    880.40   1372.11    194.35
2656916 2024 05 11 07 11 00 002 9.00 9 9 9 9 9 9 9 9 9 9 9 9 9 9 9 9 9 9 9 9 9 9 9 9   -355.68    959.65   1315.33    301.99
2660030 2024 05 11 07 12 00 009 9.00 9 9 9 9 9 9 9 9 9 9 9 9 9 9 9 9 9 9 9 9 9 9 9 9   -291.99    948.61   1240.60    328.31
2663138 2024 05 11 07 13 00 001 9.00 9 9 9 9 9 9 9 9 9 9 9 9 9 9 9 9 9 9 9 9 9 9 9 9   -374.33    957.22   1331.54    291.45
2666249 2024 05 11 07 14 00 015 9.00 9 9 9 9 9 9 9 9 9 9 9 9 9 9 9 9 9 9 9 9 9 9 9 9   -433.29    877.59   1310.88    222.15
2669364 2024 05 11 07 15 00 005 9.00 9 9 9 9 9 9 9 9 9 9 9 9 9 9 9 9 9 9 9 9 9 9 9 9   -495.67    830.10   1325.78    167.21
2672481 2024 05 11 07 16 00 004 9.00 9 9 9 9 9 9 9 9 9 9 9 9 9 9 9 9 9 9 9 9 9 9 9 9   -537.46    852.06   1389.52    157.30
2675600 2024 05 11 07 17 00 008 9.00 9 9 9 9 9 9 9 9 9 9 9 9 9 9 9 9 9 9 9 9 9 9 9 9   -437.04    890.78   1327.82    226.87
2678716 2024 05 11 07 18 00 003 9.00 9 9 9 9 9 9 9 9 9 9 9 9 9 9 9 9 9 9 9 9 9 9 9 9   -245.84    887.23   1133.08    320.69
2681831 2024 05 11 07 19 00 001 9.00 9 9 9 9 9 9 9 9 9 9 9 9 9 9 9 9 9 9 9 9 9 9 9 9   -198.00    917.85   1115.85    359.92
2684940 2024 05 11 07 20 00 014 9.00 9 9 9 9 9 9 9 9 9 9 9 9 9 9 9 9 9 9 9 9 9 9 9 9   -472.58    963.92   1436.50    245.67
2688045 2024 05 11 07 21 00 010 9.00 9 9 9 9 9 9 9 9 9 9 9 9 9 9 9 9 9 9 9 9 9 9 9 9   -500.80    954.67   1455.47    226.94
2691153 2024 05 11 07 22 00 005 9.00 9 9 9 9 9 9 9 9 9 9 9 9 9 9 9 9 9 9 9 9 9 9 9 9   -437.40    997.31   1434.71    279.96
2694265 2024 05 11 07 23 00 005 9.00 9 9 9 9 9 9 9 9 9 9 9 9 9 9 9 9 9 9 9 9 9 9 9 9   -758.14    947.10   1705.24     94.48
2697378 2024 05 11 07 24 00 004 9.00 9 9 9 9 9 9 9 9 9 9 9 9 9 9 9 9 9 9 9 9 9 9 9 9  -1019.12    898.37   1917.48    -60.37
2700492 2024 05 11 07 25 00 008 9.00 9 9 9 9 9 9 9 9 9 9 9 9 9 9 9 9 9 9 9 9 9 9 9 9   -970.63    983.68   1954.31      6.53
2703606 2024 05 11 07 26 00 018 9.00 9 9 9 9 9 9 9 9 9 9 9 9 9 9 9 9 9 9 9 9 9 9 9 9   -769.00   1003.66   1772.66    117.33
2706718 2024 05 11 07 27 00 012 9.00 9 9 9 9 9 9 9 9 9 9 9 9 9 9 9 9 9 9 9 9 9 9 9 9   -723.11    947.47   1670.57    112.18
2709830 2024 05 11 07 28 00 018 9.00 9 9 9 9 9 9 9 9 9 9 9 9 9 9 9 9 9 9 9 9 9 9 9 9   -625.99    947.76   1573.75    160.89
2712936 2024 05 11 07 29 00 009 9.00 9 9 9 9 9 9 9 9 9 9 9 9 9 9 9 9 9 9 9 9 9 9 9 9   -625.82    899.45   1525.27    136.81
2716040 2024 05 11 07 30 00 016 9.00 9 9 9 9 9 9 9 9 9 9 9 9 9 9 9 9 9 9 9 9 9 9 9 9   -640.18    907.40   1547.58    133.61
2719156 2024 05 11 07 31 00 017 9.00 9 9 9 9 9 9 9 9 9 9 9 9 9 9 9 9 9 9 9 9 9 9 9 9   -658.63    923.24   1581.87    132.31
2722278 2024 05 11 07 32 00 005 9.00 9 9 9 9 9 9 9 9 9 9 9 9 9 9 9 9 9 9 9 9 9 9 9 9   -819.84    966.76   1786.61     73.46
2725397 2024 05 11 07 33 00 012 9.00 9 9 9 9 9 9 9 9 9 9 9 9 9 9 9 9 9 9 9 9 9 9 9 9   -823.00    971.12   1794.12     74.06
2728508 2024 05 11 07 34 00 007 9.00 9 9 9 9 9 9 9 9 9 9 9 9 9 9 9 9 9 9 9 9 9 9 9 9   -502.95   1024.42   1527.37    260.73
2731611 2024 05 11 07 35 00 013 9.00 9 9 9 9 9 9 9 9 9 9 9 9 9 9 9 9 9 9 9 9 9 9 9 9   -593.64   1123.67   1717.31    265.01
2734720 2024 05 11 07 36 00 012 9.00 9 9 9 9 9 9 9 9 9 9 9 9 9 9 9 9 9 9 9 9 9 9 9 9   -563.46   1189.43   1752.90    312.99
2737827 2024 05 11 07 37 00 016 9.00 9 9 9 9 9 9 9 9 9 9 9 9 9 9 9 9 9 9 9 9 9 9 9 9   -668.13   1275.60   1943.72    303.73
2740934 2024 05 11 07 38 00 011 9.00 9 9 9 9 9 9 9 9 9 9 9 9 9 9 9 9 9 9 9 9 9 9 9 9   -529.40   1389.89   1919.29    430.24
2744041 2024 05 11 07 39 00 015 9.00 9 9 9 9 9 9 9 9 9 9 9 9 9 9 9 9 9 9 9 9 9 9 9 9   -432.40   1330.97   1763.38    449.29
2747147 2024 05 11 07 40 00 002 9.00 9 9 9 9 9 9 9 9 9 9 9 9 9 9 9 9 9 9 9 9 9 9 9 9   -520.46   1279.32   1799.78    379.43
2750256 2024 05 11 07 41 00 002 9.00 9 9 9 9 9 9 9 9 9 9 9 9 9 9 9 9 9 9 9 9 9 9 9 9   -542.88   1173.24   1716.12    315.18
2753370 2024 05 11 07 42 00 011 9.00 9 9 9 9 9 9 9 9 9 9 9 9 9 9 9 9 9 9 9 9 9 9 9 9   -537.82   1146.77   1684.59    304.47
2756488 2024 05 11 07 43 00 005 9.00 9 9 9 9 9 9 9 9 9 9 9 9 9 9 9 9 9 9 9 9 9 9 9 9   -500.63   1128.08   1628.71    313.72
2759608 2024 05 11 07 44 00 001 9.00 9 9 9 9 9 9 9 9 9 9 9 9 9 9 9 9 9 9 9 9 9 9 9 9   -446.76   1137.06   1583.82    345.15
2762727 2024 05 11 07 45 00 016 9.00 9 9 9 9 9 9 9 9 9 9 9 9 9 9 9 9 9 9 9 9 9 9 9 9   -460.87   1106.61   1567.48    322.87
2765843 2024 05 11 07 46 00 007 9.00 9 9 9 9 9 9 9 9 9 9 9 9 9 9 9 9 9 9 9 9 9 9 9 9   -452.39   1136.06   1588.45    341.84
2768955 2024 05 11 07 47 00 018 9.00 9 9 9 9 9 9 9 9 9 9 9 9 9 9 9 9 9 9 9 9 9 9 9 9   -457.14   1126.80   1583.95    334.83
2772062 2024 05 11 07 48 00 004 9.00 9 9 9 9 9 9 9 9 9 9 9 9 9 9 9 9 9 9 9 9 9 9 9 9   -434.33   1155.14   1589.47    360.41
2775172 2024 05 11 07 49 00 017 9.00 9 9 9 9 9 9 9 9 9 9 9 9 9 9 9 9 9 9 9 9 9 9 9 9   -463.85   1281.21   1745.06    408.68
2778288 2024 05 11 07 50 00 000 9.00 9 9 9 9 9 9 9 9 9 9 9 9 9 9 9 9 9 9 9 9 9 9 9 9   -404.88   1428.56   1833.43    511.84
2781407 2024 05 11 07 51 00 017 9.00 9 9 9 9 9 9 9 9 9 9 9 9 9 9 9 9 9 9 9 9 9 9 9 9   -323.55   1535.17   1858.71    605.81
2784517 2024 05 11 07 52 00 013 9.00 9 9 9 9 9 9 9 9 9 9 9 9 9 9 9 9 9 9 9 9 9 9 9 9   -200.48   1622.16   1822.64    710.84
2787622 2024 05 11 07 53 00 007 9.00 9 9 9 9 9 9 9 9 9 9 9 9 9 9 9 9 9 9 9 9 9 9 9 9   -232.22   1556.53   1788.75    662.16
2790732 2024 05 11 07 54 00 013 9.00 9 9 9 9 9 9 9 9 9 9 9 9 9 9 9 9 9 9 9 9 9 9 9 9   -273.35   1434.22   1707.57    580.43
2793844 2024 05 11 07 55 00 000 9.00 9 9 9 9 9 9 9 9 9 9 9 9 9 9 9 9 9 9 9 9 9 9 9 9   -336.71   1336.79   1673.50    500.04
2796956 2024 05 11 07 56 00 015 9.00 9 9 9 9 9 9 9 9 9 9 9 9 9 9 9 9 9 9 9 9 9 9 9 9   -288.72   1275.16   1563.88    493.22
2800059 2024 05 11 07 57 00 004 9.00 9 9 9 9 9 9 9 9 9 9 9 9 9 9 9 9 9 9 9 9 9 9 9 9   -273.42   1217.73   1491.15    472.16
2803165 2024 05 11 07 58 00 018 9.00 9 9 9 9 9 9 9 9 9 9 9 9 9 9 9 9 9 9 9 9 9 9 9 9   -287.96   1183.38   1471.35    447.71
2806275 2024 05 11 07 59 00 012 9.00 9 9 9 9 9 9 9 9 9 9 9 9 9 9 9 9 9 9 9 9 9 9 9 9   -223.10   1186.71   1409.81    481.80
2809392 2024 05 11 08 00 00 000 9.00 9 9 9 9 9 9 9 9 9 9 9 9 9 9 9 9 9 9 9 9 9 9 9 9   -116.02   1278.20   1394.21    581.09
2812512 2024 05 11 08 01 00 006 9.00 9 9 9 9 9 9 9 9 9 9 9 9 9 9 9 9 9 9 9 9 9 9 9 9    -99.19   1270.80   1369.99    585.81
2815631 2024 05 11 08 02 00 013 9.00 9 9 9 9 9 9 9 9 9 9 9 9 9 9 9 9 9 9 9 9 9 9 9 9   -137.82   1093.53   1231.35    477.85
2818749 2024 05 11 08 03 00 010 9.00 9 9 9 9 9 9 9 9 9 9 9 9 9 9 9 9 9 9 9 9 9 9 9 9   -108.57    948.27   1056.83    419.85
2821867 2024 05 11 08 04 00 007 9.00 9 9 9 9 9 9 9 9 9 9 9 9 9 9 9 9 9 9 9 9 9 9 9 9    -85.61    913.47    999.08    413.93
2824984 2024 05 11 08 05 00 015 9.00 9 9 9 9 9 9 9 9 9 9 9 9 9 9 9 9 9 9 9 9 9 9 9 9   -108.96    931.17   1040.12    411.11
2828101 2024 05 11 08 06 00 018 9.00 9 9 9 9 9 9 9 9 9 9 9 9 9 9 9 9 9 9 9 9 9 9 9 9     24.34    883.17    858.83    453.75
2831219 2024 05 11 08 07 00 001 9.00 9 9 9 9 9 9 9 9 9 9 9 9 9 9 9 9 9 9 9 9 9 9 9 9     16.46    874.87    858.40    445.66
2834340 2024 05 11 08 08 00 004 9.00 9 9 9 9 9 9 9 9 9 9 9 9 9 9 9 9 9 9 9 9 9 9 9 9    139.10    828.19    689.09    483.64
2837463 2024 05 11 08 09 00 000 9.00 9 9 9 9 9 9 9 9 9 9 9 9 9 9 9 9 9 9 9 9 9 9 9 9    187.82    846.66    658.84    517.24
2840588 2024 05 11 08 10 00 008 9.00 9 9 9 9 9 9 9 9 9 9 9 9 9 9 9 9 9 9 9 9 9 9 9 9    178.10    966.50    788.40    572.30
2843713 2024 05 11 08 11 00 009 9.00 9 9 9 9 9 9 9 9 9 9 9 9 9 9 9 9 9 9 9 9 9 9 9 9    157.12   1075.18    918.06    616.15
2846838 2024 05 11 08 12 00 010 9.00 9 9 9 9 9 9 9 9 9 9 9 9 9 9 9 9 9 9 9 9 9 9 9 9    172.42   1184.44   1012.01    678.43
2849965 2024 05 11 08 13 00 017 9.00 9 9 9 9 9 9 9 9 9 9 9 9 9 9 9 9 9 9 9 9 9 9 9 9     19.29   1172.14   1152.84    595.71
2853091 2024 05 11 08 14 00 009 9.00 9 9 9 9 9 9 9 9 9 9 9 9 9 9 9 9 9 9 9 9 9 9 9 9      4.67   1083.21   1078.54    543.94
2856221 2024 05 11 08 15 00 011 9.00 9 9 9 9 9 9 9 9 9 9 9 9 9 9 9 9 9 9 9 9 9 9 9 9   -128.14   1007.28   1135.42    439.57
2859352 2024 05 11 08 16 00 007 9.00 9 9 9 9 9 9 9 9 9 9 9 9 9 9 9 9 9 9 9 9 9 9 9 9   -289.68    938.44   1228.12    324.38
2862485 2024 05 11 08 17 00 013 9.00 9 9 9 9 9 9 9 9 9 9 9 9 9 9 9 9 9 9 9 9 9 9 9 9   -275.53    840.27   1115.81    282.37
2865617 2024 05 11 08 18 00 016 9.00 9 9 9 9 9 9 9 9 9 9 9 9 9 9 9 9 9 9 9 9 9 9 9 9   -338.00    736.06   1074.06    199.03
2868749 2024 05 11 08 19 00 006 9.00 9 9 9 9 9 9 9 9 9 9 9 9 9 9 9 9 9 9 9 9 9 9 9 9   -346.79    655.83   1002.62    154.52
2871883 2024 05 11 08 20 00 014 9.00 9 9 9 9 9 9 9 9 9 9 9 9 9 9 9 9 9 9 9 9 9 9 9 9   -322.14    610.06    932.20    143.96
2875017 2024 05 11 08 21 00 015 9.00 9 9 9 9 9 9 9 9 9 9 9 9 9 9 9 9 9 9 9 9 9 9 9 9   -341.00    584.38    925.37    121.69
2878151 2024 05 11 08 22 00 014 9.00 9 9 9 9 9 9 9 9 9 9 9 9 9 9 9 9 9 9 9 9 9 9 9 9   -389.43    583.69    973.13     97.13
2881285 2024 05 11 08 23 00 009 9.00 9 9 9 9 9 9 9 9 9 9 9 9 9 9 9 9 9 9 9 9 9 9 9 9   -486.91    584.86   1071.77     48.97
2884420 2024 05 11 08 24 00 015 9.00 9 9 9 9 9 9 9 9 9 9 9 9 9 9 9 9 9 9 9 9 9 9 9 9   -508.18    677.76   1185.94     84.79
2887554 2024 05 11 08 25 00 004 9.00 9 9 9 9 9 9 9 9 9 9 9 9 9 9 9 9 9 9 9 9 9 9 9 9   -590.04    758.90   1348.94     84.43
2890688 2024 05 11 08 26 00 014 9.00 9 9 9 9 9 9 9 9 9 9 9 9 9 9 9 9 9 9 9 9 9 9 9 9   -615.90    835.55   1451.45    109.83
2893820 2024 05 11 08 27 00 002 9.00 9 9 9 9 9 9 9 9 9 9 9 9 9 9 9 9 9 9 9 9 9 9 9 9   -591.41   1113.85   1705.26    261.22
2896953 2024 05 11 08 28 00 014 9.00 9 9 9 9 9 9 9 9 9 9 9 9 9 9 9 9 9 9 9 9 9 9 9 9   -675.92   1261.77   1937.69    292.93
2900082 2024 05 11 08 29 00 002 9.00 9 9 9 9 9 9 9 9 9 9 9 9 9 9 9 9 9 9 9 9 9 9 9 9   -697.45    982.43   1679.88    142.49
2903214 2024 05 11 08 30 00 003 9.00 9 9 9 9 9 9 9 9 9 9 9 9 9 9 9 9 9 9 9 9 9 9 9 9   -175.07    901.70   1076.78    363.32
2906349 2024 05 11 08 31 00 009 9.00 9 9 9 9 9 9 9 9 9 9 9 9 9 9 9 9 9 9 9 9 9 9 9 9     50.32    870.62    820.30    460.47
2909481 2024 05 11 08 32 00 005 9.00 9 9 9 9 9 9 9 9 9 9 9 9 9 9 9 9 9 9 9 9 9 9 9 9     -9.56   1031.23   1040.79    510.84
2912608 2024 05 11 08 33 00 008 9.00 9 9 9 9 9 9 9 9 9 9 9 9 9 9 9 9 9 9 9 9 9 9 9 9     76.54   1199.85   1123.31    638.20
2915737 2024 05 11 08 34 00 009 9.00 9 9 9 9 9 9 9 9 9 9 9 9 9 9 9 9 9 9 9 9 9 9 9 9    167.19   1266.27   1099.08    716.73
2918863 2024 05 11 08 35 00 002 9.00 9 9 9 9 9 9 9 9 9 9 9 9 9 9 9 9 9 9 9 9 9 9 9 9     51.51   1280.73   1229.23    666.12
2921988 2024 05 11 08 36 00 001 9.00 9 9 9 9 9 9 9 9 9 9 9 9 9 9 9 9 9 9 9 9 9 9 9 9     26.75   1360.74   1333.99    693.75
2925112 2024 05 11 08 37 00 006 9.00 9 9 9 9 9 9 9 9 9 9 9 9 9 9 9 9 9 9 9 9 9 9 9 9     32.22   1376.85   1344.62    704.54
2928236 2024 05 11 08 38 00 002 9.00 9 9 9 9 9 9 9 9 9 9 9 9 9 9 9 9 9 9 9 9 9 9 9 9    -40.04   1289.96   1329.99    624.96
2931362 2024 05 11 08 39 00 002 9.00 9 9 9 9 9 9 9 9 9 9 9 9 9 9 9 9 9 9 9 9 9 9 9 9   -106.05   1135.22   1241.27    514.59
2934489 2024 05 11 08 40 00 004 9.00 9 9 9 9 9 9 9 9 9 9 9 9 9 9 9 9 9 9 9 9 9 9 9 9   -100.77    991.55   1092.32    445.39
2937617 2024 05 11 08 41 00 001 9.00 9 9 9 9 9 9 9 9 9 9 9 9 9 9 9 9 9 9 9 9 9 9 9 9    -88.18    970.80   1058.98    441.31
2940747 2024 05 11 08 42 00 015 9.00 9 9 9 9 9 9 9 9 9 9 9 9 9 9 9 9 9 9 9 9 9 9 9 9   -165.15    952.05   1117.20    393.45
2943877 2024 05 11 08 43 00 005 9.00 9 9 9 9 9 9 9 9 9 9 9 9 9 9 9 9 9 9 9 9 9 9 9 9   -112.45    674.68    787.13    281.11
2947011 2024 05 11 08 44 00 002 9.00 9 9 9 9 9 9 9 9 9 9 9 9 9 9 9 9 9 9 9 9 9 9 9 9   -170.93    625.36    796.29    227.21
2950147 2024 05 11 08 45 00 006 9.00 9 9 9 9 9 9 9 9 9 9 9 9 9 9 9 9 9 9 9 9 9 9 9 9   -268.95    484.35    753.30    107.70
2953285 2024 05 11 08 46 00 017 9.00 9 9 9 9 9 9 9 9 9 9 9 9 9 9 9 9 9 9 9 9 9 9 9 9   -317.21    433.98    751.19     58.39
2956422 2024 05 11 08 47 00 000 9.00 9 9 9 9 9 9 9 9 9 9 9 9 9 9 9 9 9 9 9 9 9 9 9 9   -306.27    444.56    750.83     69.14
2959561 2024 05 11 08 48 00 017 9.00 9 9 9 9 9 9 9 9 9 9 9 9 9 9 9 9 9 9 9 9 9 9 9 9   -377.32    538.09    915.42     80.38
2962698 2024 05 11 08 49 00 012 9.00 9 9 9 9 9 9 9 9 9 9 9 9 9 9 9 9 9 9 9 9 9 9 9 9   -413.74    713.76   1127.49    150.01
2965834 2024 05 11 08 50 00 009 9.00 9 9 9 9 9 9 9 9 9 9 9 9 9 9 9 9 9 9 9 9 9 9 9 9   -436.82    785.84   1222.67    174.51
2968968 2024 05 11 08 51 00 012 9.00 9 9 9 9 9 9 9 9 9 9 9 9 9 9 9 9 9 9 9 9 9 9 9 9   -362.10    762.88   1124.98    200.39
2972100 2024 05 11 08 52 00 011 9.00 9 9 9 9 9 9 9 9 9 9 9 9 9 9 9 9 9 9 9 9 9 9 9 9   -189.15    679.29    868.43    245.07
2975232 2024 05 11 08 53 00 014 9.00 9 9 9 9 9 9 9 9 9 9 9 9 9 9 9 9 9 9 9 9 9 9 9 9   -320.19    660.27    980.47    170.04
2978364 2024 05 11 08 54 00 004 9.00 9 9 9 9 9 9 9 9 9 9 9 9 9 9 9 9 9 9 9 9 9 9 9 9   -247.62    692.73    940.35    222.56
2981497 2024 05 11 08 55 00 006 9.00 9 9 9 9 9 9 9 9 9 9 9 9 9 9 9 9 9 9 9 9 9 9 9 9   -303.81    806.94   1110.75    251.56
2984631 2024 05 11 08 56 00 004 9.00 9 9 9 9 9 9 9 9 9 9 9 9 9 9 9 9 9 9 9 9 9 9 9 9   -265.53    781.92   1047.45    258.20
2987766 2024 05 11 08 57 00 005 9.00 9 9 9 9 9 9 9 9 9 9 9 9 9 9 9 9 9 9 9 9 9 9 9 9   -311.40    771.43   1082.83    230.02
2990899 2024 05 11 08 58 00 002 9.00 9 9 9 9 9 9 9 9 9 9 9 9 9 9 9 9 9 9 9 9 9 9 9 9   -324.17    774.59   1098.76    225.21
2994032 2024 05 11 08 59 00 011 9.00 9 9 9 9 9 9 9 9 9 9 9 9 9 9 9 9 9 9 9 9 9 9 9 9   -331.47    736.76   1068.24    202.65
2997158 2024 05 11 09 00 00 000 9.00 9 9 9 9 9 9 9 9 9 9 9 9 9 9 9 9 9 9 9 9 9 9 9 9   -339.07    676.91   1015.98    168.92
3000272 2024 05 11 09 01 00 014 9.00 9 9 9 9 9 9 9 9 9 9 9 9 9 9 9 9 9 9 9 9 9 9 9 9   -403.42    636.43   1039.85    116.51
3003379 2024 05 11 09 02 00 017 9.00 9 9 9 9 9 9 9 9 9 9 9 9 9 9 9 9 9 9 9 9 9 9 9 9   -403.82    590.43    994.25     93.31
3006487 2024 05 11 09 03 00 010 9.00 9 9 9 9 9 9 9 9 9 9 9 9 9 9 9 9 9 9 9 9 9 9 9 9   -405.16    546.36    951.52     70.60
3009596 2024 05 11 09 04 00 008 9.00 9 9 9 9 9 9 9 9 9 9 9 9 9 9 9 9 9 9 9 9 9 9 9 9   -397.37    517.28    914.65     59.95
3012704 2024 05 11 09 05 00 015 9.00 9 9 9 9 9 9 9 9 9 9 9 9 9 9 9 9 9 9 9 9 9 9 9 9   -443.67    523.19    966.86     39.76
3015806 2024 05 11 09 06 00 011 9.00 9 9 9 9 9 9 9 9 9 9 9 9 9 9 9 9 9 9 9 9 9 9 9 9   -455.77    542.91    998.67     43.57
3018905 2024 05 11 09 07 00 011 9.00 9 9 9 9 9 9 9 9 9 9 9 9 9 9 9 9 9 9 9 9 9 9 9 9   -485.87    545.10   1030.96     29.61
3022008 2024 05 11 09 08 00 000 9.00 9 9 9 9 9 9 9 9 9 9 9 9 9 9 9 9 9 9 9 9 9 9 9 9   -459.14    548.09   1007.23     44.47
3025118 2024 05 11 09 09 00 004 9.00 9 9 9 9 9 9 9 9 9 9 9 9 9 9 9 9 9 9 9 9 9 9 9 9   -452.45    563.49   1015.93     55.52
3028231 2024 05 11 09 10 00 013 9.00 9 9 9 9 9 9 9 9 9 9 9 9 9 9 9 9 9 9 9 9 9 9 9 9   -430.53    611.91   1042.44     90.69
3031349 2024 05 11 09 11 00 011 9.00 9 9 9 9 9 9 9 9 9 9 9 9 9 9 9 9 9 9 9 9 9 9 9 9   -387.15    603.67    990.82    108.26
3034467 2024 05 11 09 12 00 018 9.00 9 9 9 9 9 9 9 9 9 9 9 9 9 9 9 9 9 9 9 9 9 9 9 9   -523.95    643.19   1167.14     59.62
3037583 2024 05 11 09 13 00 001 9.00 9 9 9 9 9 9 9 9 9 9 9 9 9 9 9 9 9 9 9 9 9 9 9 9   -528.91    622.21   1151.12     46.65
3040702 2024 05 11 09 14 00 009 9.00 9 9 9 9 9 9 9 9 9 9 9 9 9 9 9 9 9 9 9 9 9 9 9 9   -364.63    649.93   1014.56    142.65
3043824 2024 05 11 09 15 00 018 9.00 9 9 9 9 9 9 9 9 9 9 9 9 9 9 9 9 9 9 9 9 9 9 9 9   -226.05    667.00    893.05    220.48
3046948 2024 05 11 09 16 00 007 9.00 9 9 9 9 9 9 9 9 9 9 9 9 9 9 9 9 9 9 9 9 9 9 9 9   -150.83    666.85    817.68    258.01
3050077 2024 05 11 09 17 00 004 9.00 9 9 9 9 9 9 9 9 9 9 9 9 9 9 9 9 9 9 9 9 9 9 9 9   -200.90    700.08    900.98    249.59
3053209 2024 05 11 09 18 00 004 9.00 9 9 9 9 9 9 9 9 9 9 9 9 9 9 9 9 9 9 9 9 9 9 9 9   -215.53    647.31    862.85    215.89
3056340 2024 05 11 09 19 00 012 9.00 9 9 9 9 9 9 9 9 9 9 9 9 9 9 9 9 9 9 9 9 9 9 9 9   -257.88    604.77    862.65    173.45
3059468 2024 05 11 09 20 00 002 9.00 9 9 9 9 9 9 9 9 9 9 9 9 9 9 9 9 9 9 9 9 9 9 9 9   -291.35    616.25    907.60    162.45
3062600 2024 05 11 09 21 00 010 9.00 9 9 9 9 9 9 9 9 9 9 9 9 9 9 9 9 9 9 9 9 9 9 9 9   -314.24    633.36    947.60    159.56
3065734 2024 05 11 09 22 00 014 9.00 9 9 9 9 9 9 9 9 9 9 9 9 9 9 9 9 9 9 9 9 9 9 9 9   -306.23    614.29    920.51    154.03
3068869 2024 05 11 09 23 00 008 9.00 9 9 9 9 9 9 9 9 9 9 9 9 9 9 9 9 9 9 9 9 9 9 9 9   -311.23    676.53    987.76    182.65
3072005 2024 05 11 09 24 00 016 9.00 9 9 9 9 9 9 9 9 9 9 9 9 9 9 9 9 9 9 9 9 9 9 9 9   -335.79    644.30    980.09    154.25
3075140 2024 05 11 09 25 00 007 9.00 9 9 9 9 9 9 9 9 9 9 9 9 9 9 9 9 9 9 9 9 9 9 9 9   -330.05    547.04    877.09    108.49
3078277 2024 05 11 09 26 00 004 9.00 9 9 9 9 9 9 9 9 9 9 9 9 9 9 9 9 9 9 9 9 9 9 9 9   -359.40    480.41    839.82     60.51
3081417 2024 05 11 09 27 00 001 9.00 9 9 9 9 9 9 9 9 9 9 9 9 9 9 9 9 9 9 9 9 9 9 9 9   -283.13    537.06    820.19    126.96
3084559 2024 05 11 09 28 00 002 9.00 9 9 9 9 9 9 9 9 9 9 9 9 9 9 9 9 9 9 9 9 9 9 9 9   -294.07    567.27    861.34    136.60
3087702 2024 05 11 09 29 00 016 9.00 9 9 9 9 9 9 9 9 9 9 9 9 9 9 9 9 9 9 9 9 9 9 9 9   -261.38    645.34    906.73    191.98
3090845 2024 05 11 09 30 00 010 9.00 9 9 9 9 9 9 9 9 9 9 9 9 9 9 9 9 9 9 9 9 9 9 9 9   -331.25    758.80   1090.06    213.77
3093990 2024 05 11 09 31 00 012 9.00 9 9 9 9 9 9 9 9 9 9 9 9 9 9 9 9 9 9 9 9 9 9 9 9   -212.17    652.39    864.56    220.11
3097135 2024 05 11 09 32 00 002 9.00 9 9 9 9 9 9 9 9 9 9 9 9 9 9 9 9 9 9 9 9 9 9 9 9   -282.56    617.95    900.50    167.70
3100285 2024 05 11 09 33 00 014 9.00 9 9 9 9 9 9 9 9 9 9 9 9 9 9 9 9 9 9 9 9 9 9 9 9   -328.02    653.95    981.97    162.97
3103437 2024 05 11 09 34 00 003 9.00 9 9 9 9 9 9 9 9 9 9 9 9 9 9 9 9 9 9 9 9 9 9 9 9   -369.30    586.22    955.52    108.46
3106593 2024 05 11 09 35 00 008 9.00 9 9 9 9 9 9 9 9 9 9 9 9 9 9 9 9 9 9 9 9 9 9 9 9   -350.55    613.44    963.99    131.44
3109751 2024 05 11 09 36 00 011 9.00 9 9 9 9 9 9 9 9 9 9 9 9 9 9 9 9 9 9 9 9 9 9 9 9   -358.70    632.12    990.83    136.71
3112910 2024 05 11 09 37 00 008 9.00 9 9 9 9 9 9 9 9 9 9 9 9 9 9 9 9 9 9 9 9 9 9 9 9   -339.55    613.66    953.20    137.06
3116069 2024 05 11 09 38 00 015 9.00 9 9 9 9 9 9 9 9 9 9 9 9 9 9 9 9 9 9 9 9 9 9 9 9   -350.66    563.45    914.11    106.40
3119229 2024 05 11 09 39 00 015 9.00 9 9 9 9 9 9 9 9 9 9 9 9 9 9 9 9 9 9 9 9 9 9 9 9   -341.27    539.36    880.63     99.05
3122389 2024 05 11 09 40 00 009 9.00 9 9 9 9 9 9 9 9 9 9 9 9 9 9 9 9 9 9 9 9 9 9 9 9   -325.11    527.31    852.42    101.10
3125549 2024 05 11 09 41 00 007 9.00 9 9 9 9 9 9 9 9 9 9 9 9 9 9 9 9 9 9 9 9 9 9 9 9   -328.88    526.56    855.44     98.84
3128710 2024 05 11 09 42 00 008 9.00 9 9 9 9 9 9 9 9 9 9 9 9 9 9 9 9 9 9 9 9 9 9 9 9   -345.93    545.15    891.08     99.61
3131872 2024 05 11 09 43 00 006 9.00 9 9 9 9 9 9 9 9 9 9 9 9 9 9 9 9 9 9 9 9 9 9 9 9   -349.47    561.01    910.48    105.77
3135034 2024 05 11 09 44 00 014 9.00 9 9 9 9 9 9 9 9 9 9 9 9 9 9 9 9 9 9 9 9 9 9 9 9   -337.57    585.74    923.31    124.08
3138195 2024 05 11 09 45 00 000 9.00 9 9 9 9 9 9 9 9 9 9 9 9 9 9 9 9 9 9 9 9 9 9 9 9   -339.91    609.73    949.64    134.91
3141357 2024 05 11 09 46 00 011 9.00 9 9 9 9 9 9 9 9 9 9 9 9 9 9 9 9 9 9 9 9 9 9 9 9   -324.17    626.22    950.39    151.03
3144518 2024 05 11 09 47 00 010 9.00 9 9 9 9 9 9 9 9 9 9 9 9 9 9 9 9 9 9 9 9 9 9 9 9   -333.85    625.03    958.88    145.59
3147676 2024 05 11 09 48 00 017 9.00 9 9 9 9 9 9 9 9 9 9 9 9 9 9 9 9 9 9 9 9 9 9 9 9   -300.32    610.32    910.63    155.00
3150830 2024 05 11 09 49 00 014 9.00 9 9 9 9 9 9 9 9 9 9 9 9 9 9 9 9 9 9 9 9 9 9 9 9   -223.21    631.97    855.18    204.38
3153982 2024 05 11 09 50 00 008 9.00 9 9 9 9 9 9 9 9 9 9 9 9 9 9 9 9 9 9 9 9 9 9 9 9   -211.97    668.96    880.93    228.50
3157134 2024 05 11 09 51 00 001 9.00 9 9 9 9 9 9 9 9 9 9 9 9 9 9 9 9 9 9 9 9 9 9 9 9   -345.40    667.08   1012.49    160.84
3160285 2024 05 11 09 52 00 002 9.00 9 9 9 9 9 9 9 9 9 9 9 9 9 9 9 9 9 9 9 9 9 9 9 9   -219.56    658.62    878.18    219.53
3163434 2024 05 11 09 53 00 004 9.00 9 9 9 9 9 9 9 9 9 9 9 9 9 9 9 9 9 9 9 9 9 9 9 9   -238.19    636.42    874.62    199.12
3166582 2024 05 11 09 54 00 014 9.00 9 9 9 9 9 9 9 9 9 9 9 9 9 9 9 9 9 9 9 9 9 9 9 9   -256.34    618.09    874.43    180.87
3169732 2024 05 11 09 55 00 018 9.00 9 9 9 9 9 9 9 9 9 9 9 9 9 9 9 9 9 9 9 9 9 9 9 9   -246.47    610.52    856.99    182.02
3172883 2024 05 11 09 56 00 012 9.00 9 9 9 9 9 9 9 9 9 9 9 9 9 9 9 9 9 9 9 9 9 9 9 9   -233.60    601.38    834.98    183.89
3176035 2024 05 11 09 57 00 008 9.00 9 9 9 9 9 9 9 9 9 9 9 9 9 9 9 9 9 9 9 9 9 9 9 9   -254.18    631.49    885.67    188.66
3179188 2024 05 11 09 58 00 012 9.00 9 9 9 9 9 9 9 9 9 9 9 9 9 9 9 9 9 9 9 9 9 9 9 9   -243.32    640.22    883.54    198.45
3182337 2024 05 11 09 59 00 004 9.00 9 9 9 9 9 9 9 9 9 9 9 9 9 9 9 9 9 9 9 9 9 9 9 9   -219.06    613.43    832.49    197.18
3185486 2024 05 11 10 00 00 000 9.00 9 9 9 9 9 9 9 9 9 9 9 9 9 9 9 9 9 9 9 9 9 9 9 9   -200.78    562.68    763.46    180.95
3188634 2024 05 11 10 01 00 000 9.00 9 9 9 9 9 9 9 9 9 9 9 9 9 9 9 9 9 9 9 9 9 9 9 9   -221.86    528.97    750.83    153.56
3191783 2024 05 11 10 02 00 014 9.00 9 9 9 9 9 9 9 9 9 9 9 9 9 9 9 9 9 9 9 9 9 9 9 9   -238.23    562.99    801.22    162.38
3194932 2024 05 11 10 03 00 012 9.00 9 9 9 9 9 9 9 9 9 8 9 9 9 9 9 9 9 9 9 9 9 9 9 9   -203.81    571.64    775.45    183.91
3198080 2024 05 11 10 04 00 017 9.00 9 9 9 9 9 9 9 9 9 8 9 9 9 9 9 9 9 9 9 9 9 9 9 9   -171.01    529.98    700.99    179.49
3201227 2024 05 11 10 05 00 008 9.00 9 9 9 9 9 9 9 9 8 8 9 9 9 9 9 9 9 9 9 9 9 9 9 9   -151.68    487.72    639.40    168.02
3204378 2024 05 11 10 06 00 001 9.00 9 9 9 9 9 8 9 8 8 8 9 9 9 9 9 9 9 9 9 9 9 9 9 9   -168.93    459.21    628.14    145.14
3207535 2024 05 11 10 07 00 006 9.00 9 9 9 9 9 8 9 8 8 8 9 9 9 9 9 9 9 9 9 9 9 9 9 9   -189.40    468.69    658.09    139.65
3210695 2024 05 11 10 08 00 004 9.00 9 9 9 9 9 8 9 8 8 8 9 9 9 9 9 9 9 9 9 9 9 9 9 9   -229.12    445.84    674.96    108.36
3213858 2024 05 11 10 09 00 013 8.67 9 9 9 9 9 8 8 8 8 8 9 9 9 9 9 9 9 9 9 9 9 9 9 9   -226.75    457.22    683.97    115.24
3217021 2024 05 11 10 10 00 011 8.67 9 9 9 9 9 8 8 8 8 8 9 9 9 9 9 9 9 9 9 9 9 9 9 9   -241.01    452.61    693.62    105.80
3220184 2024 05 11 10 11 00 015 8.67 9 9 9 9 9 8 8 8 8 8 9 9 9 9 9 9 9 9 9 9 9 9 9 9   -245.02    443.12    688.15     99.05
3223346 2024 05 11 10 12 00 015 8.67 9 9 9 9 9 8 8 8 8 8 9 9 9 9 9 9 9 9 9 9 9 9 9 9   -272.21    419.12    691.33     73.45
3226507 2024 05 11 10 13 00 018 8.67 9 9 9 9 9 8 8 8 8 8 9 9 9 9 9 9 9 9 9 9 9 9 9 9   -374.68    419.40    794.07     22.36
3229666 2024 05 11 10 14 00 018 8.67 9 9 9 9 9 8 8 8 8 8 9 9 9 9 9 9 9 9 9 9 9 9 9 9   -433.52    433.87    867.38      0.17
3232823 2024 05 11 10 15 00 005 8.67 9 9 9 9 9 8 8 8 8 8 9 9 9 9 9 9 9 9 9 9 9 9 9 9   -366.36    455.68    822.04     44.66
3235980 2024 05 11 10 16 00 013 8.67 9 9 9 9 9 8 8 8 8 8 9 9 9 9 9 9 9 9 9 9 9 9 9 9   -302.71    494.11    796.81     95.70
3239135 2024 05 11 10 17 00 004 8.67 9 9 9 9 9 8 8 8 8 8 9 9 9 9 9 9 9 9 9 9 9 9 9 9   -283.61    526.89    810.50    121.64
3242286 2024 05 11 10 18 00 015 8.67 9 9 9 9 9 8 8 8 8 8 9 9 9 9 9 9 9 9 9 9 9 9 9 9   -278.72    541.72    820.45    131.50
3245430 2024 05 11 10 19 00 003 8.67 9 9 9 9 9 8 8 8 8 8 9 9 9 9 9 9 9 9 9 9 9 9 9 9   -306.42    539.70    846.13    116.64
3248571 2024 05 11 10 20 00 000 8.67 9 9 9 9 9 8 8 8 8 8 9 9 9 9 9 9 9 9 9 9 9 9 9 9   -365.60    555.92    921.52     95.16
3251712 2024 05 11 10 21 00 018 8.67 9 9 9 9 9 8 8 8 8 8 9 9 9 9 9 9 9 9 9 9 9 9 9 9   -444.54    553.97    998.51     54.72
3254853 2024 05 11 10 22 00 001 8.67 9 9 9 9 9 8 8 8 8 8 9 9 9 9 9 9 9 9 9 9 9 9 9 9   -489.79    557.20   1046.99     33.71
3257997 2024 05 11 10 23 00 005 8.67 9 9 9 9 9 8 8 8 8 8 9 9 9 9 9 9 9 9 9 9 9 9 9 9   -401.54    563.25    964.79     80.86
3261143 2024 05 11 10 24 00 010 8.67 9 9 9 9 9 8 8 8 8 8 9 9 9 9 9 9 9 9 9 9 9 9 9 9   -441.49    535.34    976.83     46.92
3264288 2024 05 11 10 25 00 005 8.67 9 9 9 9 9 8 8 8 8 8 9 9 9 9 9 9 9 9 9 9 9 9 9 9   -503.73    508.77   1012.50      2.52
3267427 2024 05 11 10 26 00 015 8.67 9 9 9 9 9 8 8 8 8 8 9 9 9 9 9 9 9 9 9 9 9 9 9 9   -541.38    503.63   1045.01    -18.87
3270559 2024 05 11 10 27 00 000 8.67 9 9 9 9 9 8 8 8 8 8 9 9 9 9 9 9 9 9 9 9 9 9 9 9   -503.52    547.54   1051.07     22.01
3273693 2024 05 11 10 28 00 004 8.67 9 9 9 9 9 8 8 8 8 8 9 9 9 9 9 9 9 9 9 9 9 9 9 9   -386.09    600.39    986.48    107.15
3276827 2024 05 11 10 29 00 011 8.67 9 9 9 9 9 8 8 8 8 8 9 9 9 9 9 9 9 9 9 9 9 9 9 9   -258.08    631.00    889.08    186.46
3279959 2024 05 11 10 30 00 017 8.67 9 9 9 9 9 8 8 8 8 8 9 9 9 9 9 9 9 9 9 9 9 9 9 9   -145.35    663.12    808.46    258.89
3283089 2024 05 11 10 31 00 011 8.67 9 9 9 9 9 8 8 8 8 8 9 9 9 9 9 9 9 9 9 9 9 9 9 9    -93.28    672.22    765.50    289.47
3286220 2024 05 11 10 32 00 004 8.67 9 9 9 9 9 8 8 8 8 8 9 9 9 9 9 9 9 9 9 9 9 9 9 9   -111.30    688.25    799.55    288.47
3289351 2024 05 11 10 33 00 011 8.67 9 9 9 9 9 8 8 8 8 8 9 9 9 9 9 9 9 9 9 9 9 9 9 9   -136.27    651.87    788.14    257.80
3292481 2024 05 11 10 34 00 007 8.67 9 9 9 9 9 8 8 8 8 8 9 9 9 9 9 9 9 9 9 9 9 9 9 9   -221.42    669.64    891.05    224.11
3295613 2024 05 11 10 35 00 005 8.67 9 9 9 9 9 8 8 8 8 8 9 9 9 9 9 9 9 9 9 9 9 9 9 9   -169.09    669.80    838.89    250.36
3298746 2024 05 11 10 36 00 014 8.67 9 9 9 9 9 8 8 8 8 8 9 9 9 9 9 9 9 9 9 9 9 9 9 9   -146.98    641.46    788.44    247.24
3301878 2024 05 11 10 37 00 005 8.67 9 9 9 9 9 8 8 8 8 8 9 9 9 9 9 9 9 9 9 9 9 9 9 9   -114.47    597.09    711.57    241.31
3305011 2024 05 11 10 38 00 003 8.67 9 9 9 9 9 8 8 8 8 8 9 9 9 9 9 9 9 9 9 9 9 9 9 9   -117.72    540.22    657.94    211.25
3308144 2024 05 11 10 39 00 001 8.67 9 9 9 9 9 8 8 8 8 8 9 9 9 9 9 9 9 9 9 9 9 9 9 9   -131.52    488.95    620.47    178.71
3311277 2024 05 11 10 40 00 019 8.67 9 9 9 9 9 8 8 8 8 8 8 9 9 9 9 9 9 9 9 9 9 9 9 9   -128.79    466.58    595.37    168.90
3314408 2024 05 11 10 41 00 003 8.67 9 9 9 9 9 8 8 8 8 8 8 9 9 9 9 9 9 9 9 9 9 9 9 9   -152.21    416.99    569.20    132.39
3317542 2024 05 11 10 42 00 019 8.67 9 9 9 9 9 8 8 8 8 8 8 9 9 9 9 9 9 9 9 9 9 9 9 9   -156.53    384.91    541.44    114.19
3320677 2024 05 11 10 43 00 017 8.67 9 9 9 9 9 8 8 8 8 8 8 9 9 9 9 9 9 9 9 9 9 9 9 9   -165.67    348.03    513.69     91.18
3323813 2024 05 11 10 44 00 014 8.67 9 9 9 9 9 8 8 8 8 8 8 9 9 9 9 9 9 9 9 9 9 9 9 9   -184.59    279.83    464.42     47.62
3326949 2024 05 11 10 45 00 015 8.67 9 9 9 9 9 8 8 8 8 8 8 9 9 9 9 9 9 9 9 9 9 9 9 9   -193.41    239.04    432.46     22.81
3330085 2024 05 11 10 46 00 018 8.67 9 9 9 9 9 8 8 8 8 8 8 9 9 9 9 9 9 9 9 9 9 9 9 9   -164.11    187.50    351.60     11.69
3333221 2024 05 11 10 47 00 014 8.67 9 9 9 9 9 8 8 8 8 8 8 9 9 9 9 9 9 9 9 9 9 9 9 9   -148.50    148.58    297.07      0.04
3336357 2024 05 11 10 48 00 008 8.67 9 9 9 9 9 8 8 8 8 8 8 9 9 9 9 9 9 9 9 9 9 9 9 9   -127.61    132.59    260.20      2.49
3339492 2024 05 11 10 49 00 005 8.67 9 9 9 9 9 8 8 8 8 8 8 9 9 9 9 9 9 9 9 9 9 9 9 9    -78.94    119.25    198.18     20.15
3342628 2024 05 11 10 50 00 019 8.67 9 9 9 9 9 8 8 8 8 8 8 9 9 9 9 9 9 9 9 9 9 9 9 9    -58.25    135.29    193.54     38.52
3345763 2024 05 11 10 51 00 018 8.67 9 9 9 9 9 8 8 8 8 8 8 9 9 9 9 9 9 9 9 9 9 9 9 9    -60.87    202.45    263.32     70.79
3348897 2024 05 11 10 52 00 018 8.67 9 9 9 9 9 8 8 8 8 8 8 9 9 9 9 9 9 9 9 9 9 9 9 9    -87.05    240.92    327.97     76.93
3352030 2024 05 11 10 53 00 015 8.67 9 9 9 9 9 8 8 8 8 8 8 9 9 9 9 9 9 9 9 9 9 9 9 9   -125.78    258.17    383.95     66.20
3355163 2024 05 11 10 54 00 011 8.67 9 9 9 9 9 8 8 8 8 8 8 9 9 9 9 9 9 9 9 9 9 9 9 9   -228.24    263.14    491.38     17.45
3358295 2024 05 11 10 55 00 006 8.67 9 9 9 9 9 8 8 8 8 8 8 9 9 9 9 9 9 9 9 9 9 9 9 9   -300.17    271.15    571.33    -14.51
3361426 2024 05 11 10 56 00 007 8.67 9 9 9 9 9 8 8 8 8 8 8 9 9 9 9 9 9 9 9 9 9 9 9 9   -324.89    257.17    582.05    -33.86
3364556 2024 05 11 10 57 00 010 8.67 9 9 9 9 9 8 8 8 8 8 8 9 9 9 9 9 9 9 9 9 9 9 9 9   -280.14    247.71    527.85    -16.22
3367685 2024 05 11 10 58 00 000 8.67 9 9 9 9 9 8 8 8 8 8 8 9 9 9 9 9 9 9 9 9 9 9 9 9   -300.25    285.41    585.66     -7.42
3370815 2024 05 11 10 59 00 014 8.67 9 9 9 9 9 8 8 8 8 8 8 9 9 9 9 9 9 9 9 9 9 9 9 9   -367.53    393.83    761.36     13.15
3373944 2024 05 11 11 00 00 000 8.67 9 9 9 9 9 8 8 8 8 8 8 9 9 9 9 9 9 9 9 9 9 9 9 9   -429.86    493.93    923.79     32.04
3377073 2024 05 11 11 01 00 004 8.67 9 9 9 9 9 8 8 8 8 8 8 9 9 9 9 9 9 9 9 9 9 9 9 9   -410.02    588.08    998.11     89.03
3380202 2024 05 11 11 02 00 008 8.67 9 9 9 9 9 8 8 8 8 8 8 9 9 9 9 9 9 9 9 9 9 9 9 9   -422.61    675.41   1098.02    126.40
3383331 2024 05 11 11 03 00 015 8.67 9 9 9 9 9 8 8 8 8 8 8 9 9 9 9 9 9 9 9 9 9 9 9 9   -303.07    744.84   1047.91    220.89
3386459 2024 05 11 11 04 00 004 8.67 9 9 9 9 9 8 8 8 8 8 8 9 9 9 9 9 9 9 9 9 9 9 9 9   -328.92    773.67   1102.59    222.38
3389587 2024 05 11 11 05 00 001 8.67 9 9 9 9 9 8 8 8 8 8 8 9 9 9 9 9 9 9 9 9 9 9 9 9   -324.45    762.84   1087.29    219.20
3392715 2024 05 11 11 06 00 001 8.67 9 9 9 9 9 8 8 8 8 8 8 9 9 9 9 9 9 9 9 9 9 9 9 9   -337.28    752.63   1089.91    207.68
3395845 2024 05 11 11 07 00 010 8.67 9 9 9 9 9 8 8 8 8 8 8 9 9 9 9 9 9 9 9 9 9 9 9 9   -360.40    792.41   1152.82    216.00
3398976 2024 05 11 11 08 00 011 8.67 9 9 9 9 9 8 8 8 8 8 8 9 9 9 9 9 9 9 9 9 9 9 9 9   -442.21    765.12   1207.33    161.46
3402107 2024 05 11 11 09 00 002 8.67 9 9 9 9 9 8 8 8 8 8 8 9 9 9 9 9 9 9 9 9 9 9 9 9   -409.26    765.67   1174.92    178.20
3405240 2024 05 11 11 10 00 012 8.67 9 9 9 9 9 8 8 8 8 8 8 8 9 9 9 9 9 9 9 9 9 9 9 9   -303.24    733.19   1036.43    214.97
3408373 2024 05 11 11 11 00 001 8.67 9 9 9 9 9 8 8 8 8 8 8 8 9 9 9 9 9 9 9 9 9 9 9 9   -146.69    711.90    858.60    282.61
3411508 2024 05 11 11 12 00 013 8.67 9 9 9 9 9 8 8 8 8 8 8 8 9 9 9 9 9 9 9 9 9 9 9 9   -148.30    683.46    831.76    267.58
3414643 2024 05 11 11 13 00 010 8.67 9 9 9 9 9 8 8 8 8 8 8 8 9 9 9 9 9 9 9 9 9 9 9 9   -126.52    684.51    811.03    279.00
3417779 2024 05 11 11 14 00 014 8.67 9 9 9 9 9 8 8 8 8 8 8 8 9 9 9 9 9 9 9 9 9 9 9 9   -107.80    678.85    786.65    285.53
3420916 2024 05 11 11 15 00 017 8.67 9 9 9 9 9 8 8 8 8 8 8 8 9 9 9 9 9 9 9 9 9 9 9 9   -101.15    668.86    770.02    283.85
3424053 2024 05 11 11 16 00 011 8.67 9 9 9 9 9 8 8 8 7 8 8 8 9 9 9 9 9 9 9 9 9 9 9 9    -84.71    660.55    745.26    287.92
3427190 2024 05 11 11 17 00 003 8.67 9 9 9 9 9 8 8 8 7 8 8 8 9 9 9 9 9 9 9 9 9 9 9 9    -52.04    657.65    709.69    302.81
3430327 2024 05 11 11 18 00 002 8.67 9 9 9 9 9 8 8 8 7 8 8 8 9 9 9 9 9 9 9 9 9 9 9 9   -128.30    649.50    777.80    260.60
3433464 2024 05 11 11 19 00 008 8.67 9 9 9 9 9 8 8 8 7 8 8 8 9 9 9 9 9 9 9 9 9 9 9 9   -139.04    658.90    797.94    259.93
3436600 2024 05 11 11 20 00 006 8.67 9 9 9 9 9 7 8 7 7 8 8 8 9 9 9 9 9 9 9 9 9 9 9 9   -189.80    651.04    840.84    230.62
3439735 2024 05 11 11 21 00 000 8.67 9 9 9 9 9 7 8 7 7 8 8 8 9 9 9 9 9 9 9 9 9 9 9 9   -138.85    647.26    786.11    254.20
3442870 2024 05 11 11 22 00 013 8.67 9 9 9 9 9 7 8 7 7 8 8 8 9 9 9 9 9 9 9 9 9 9 9 9    -66.90    677.12    744.02    305.11
3446003 2024 05 11 11 23 00 005 8.67 9 9 9 9 9 7 8 7 7 8 8 8 9 9 9 9 9 9 9 9 9 9 9 9    -46.43    761.17    807.60    357.37
3449136 2024 05 11 11 24 00 010 8.67 9 9 9 9 9 7 8 7 7 8 8 8 9 9 9 9 9 9 9 9 9 9 9 9    -22.18    778.71    800.89    378.27
3452267 2024 05 11 11 25 00 003 8.67 9 9 9 9 9 7 8 7 7 8 8 8 9 9 9 9 9 9 9 9 9 9 9 9    -11.52    802.01    813.53    395.25
3455397 2024 05 11 11 26 00 003 8.67 9 9 9 9 9 7 8 7 7 8 8 8 9 9 9 9 9 9 9 9 9 9 9 9    -49.31    786.73    836.03    368.71
3458526 2024 05 11 11 27 00 017 8.67 9 9 9 9 9 7 8 7 7 8 8 8 9 9 9 9 9 9 9 9 9 9 9 9   -100.68    753.66    854.34    326.49
3461653 2024 05 11 11 28 00 015 8.67 9 9 9 9 9 7 8 7 7 8 8 8 9 9 9 9 9 9 9 9 9 9 9 9   -170.58    751.34    921.92    290.38
3464780 2024 05 11 11 29 00 000 8.67 9 9 9 9 9 7 8 7 7 8 8 8 9 9 9 9 9 9 9 9 9 9 9 9   -347.15    775.40   1122.55    214.13
3467909 2024 05 11 11 30 00 011 8.67 9 9 9 9 9 7 8 7 7 8 8 8 9 9 9 9 9 9 9 9 9 9 9 9   -295.77    794.07   1089.84    249.15
3471037 2024 05 11 11 31 00 007 8.67 9 9 9 9 9 7 8 7 7 8 8 8 9 9 9 9 9 9 9 9 9 9 9 9   -229.82    765.28    995.09    267.73
3474164 2024 05 11 11 32 00 001 8.67 9 9 9 9 9 7 8 7 8 8 8 8 9 9 9 9 9 9 9 9 9 9 9 9   -356.09    701.01   1057.10    172.46
3477291 2024 05 11 11 33 00 002 8.67 9 9 9 9 9 7 8 7 8 8 8 8 9 9 9 9 9 9 9 9 9 9 9 9   -357.88    540.74    898.62     91.43
3480418 2024 05 11 11 34 00 009 8.67 9 9 9 9 9 7 8 7 8 8 8 8 9 9 9 9 9 9 9 9 9 9 9 9   -288.55    521.24    809.78    116.35
3483546 2024 05 11 11 35 00 005 8.67 9 9 9 9 9 7 7 7 8 8 8 8 9 9 9 9 9 9 9 9 9 9 9 9   -254.63    645.79    900.42    195.58
3486676 2024 05 11 11 36 00 018 8.67 9 9 9 9 9 7 7 7 8 8 8 8 9 9 9 9 9 9 9 9 9 9 9 9   -228.17    711.46    939.63    241.65
3489806 2024 05 11 11 37 00 007 8.67 9 9 9 9 8 7 7 7 8 8 8 8 9 9 9 9 9 9 9 9 9 9 9 9   -182.66    584.34    767.00    200.84
3492938 2024 05 11 11 38 00 000 8.67 9 9 9 9 8 7 7 7 8 8 8 8 9 9 9 9 9 9 9 9 9 9 9 9    -64.64    587.21    651.84    261.29
3496074 2024 05 11 11 39 00 004 8.33 9 9 9 9 8 7 7 7 8 8 8 8 9 9 9 9 9 8 8 9 9 9 9 9    -26.35    617.75    644.10    295.70
3499211 2024 05 11 11 40 00 015 8.33 9 9 9 9 8 7 7 7 8 8 8 8 9 9 9 9 9 8 8 9 9 9 9 9    -48.93    618.30    667.23    284.68
3502349 2024 05 11 11 41 00 004 8.33 9 9 9 9 8 7 7 7 8 8 8 8 9 9 9 9 9 8 8 9 9 9 9 9    -14.56    533.99    548.55    259.71
3505489 2024 05 11 11 42 00 007 8.33 9 9 9 9 8 7 7 7 8 8 8 8 9 9 9 9 9 8 8 9 9 9 9 9    -35.89    485.32    521.21    224.71
3508628 2024 05 11 11 43 00 007 8.33 9 9 9 9 8 7 7 7 8 8 8 8 9 9 9 9 9 8 8 9 9 9 9 9      2.68    441.85    439.17    222.27
3511767 2024 05 11 11 44 00 001 8.67 9 9 9 9 8 7 7 7 8 8 8 9 9 9 9 9 9 8 8 9 9 9 9 9     -6.75    438.18    444.93    215.71
3514907 2024 05 11 11 45 00 000 8.67 9 9 9 9 8 7 7 7 8 8 8 9 9 9 9 9 9 8 8 9 9 9 9 9    -18.49    527.20    545.69    254.35
3518048 2024 05 11 11 46 00 008 8.67 9 9 9 9 8 7 7 7 8 8 8 9 9 9 9 9 9 8 8 9 9 9 9 9    -14.70    587.96    602.66    286.63
3521188 2024 05 11 11 47 00 013 8.67 9 9 9 9 8 7 7 7 8 8 8 9 9 9 9 9 9 8 8 9 9 9 9 9    -50.56    487.65    538.21    218.55
3524326 2024 05 11 11 48 00 007 8.67 9 9 9 9 8 7 7 7 8 8 8 9 9 9 9 9 9 8 8 9 9 9 9 9     -2.20    502.60    504.80    250.20
3527460 2024 05 11 11 49 00 018 8.33 9 9 9 9 8 7 7 7 8 8 8 9 9 9 9 9 8 8 8 9 9 9 9 9    -30.86    483.11    513.97    226.12
3530589 2024 05 11 11 50 00 011 8.33 9 9 9 9 8 7 7 7 8 8 8 9 9 9 9 9 8 8 8 9 9 9 9 9      0.71    440.26    439.55    220.48
3533716 2024 05 11 11 51 00 007 8.33 9 9 9 9 8 7 7 7 8 8 8 9 9 9 9 9 8 8 8 9 9 9 9 9     -9.60    367.09    376.69    178.75
3536840 2024 05 11 11 52 00 003 8.33 9 9 9 9 8 7 7 7 8 8 8 9 9 9 9 9 8 8 8 9 9 9 9 9    -30.18    291.76    321.94    130.79
3539972 2024 05 11 11 53 00 018 8.33 9 9 9 9 8 7 7 7 8 8 8 9 9 9 9 9 7 8 8 9 9 9 9 9    -61.11    217.23    278.34     78.06
3543110 2024 05 11 11 54 00 015 8.33 9 9 9 9 8 7 7 7 8 8 8 9 9 9 9 9 7 8 8 9 9 9 9 9   -136.46    258.24    394.70     60.89
3546249 2024 05 11 11 55 00 006 8.33 9 9 9 9 8 7 7 7 8 8 8 9 9 9 9 9 7 8 8 9 9 9 9 9   -161.77    252.08    413.85     45.16
3549385 2024 05 11 11 56 00 013 8.33 9 9 9 9 8 7 7 7 8 8 8 9 9 9 9 9 7 8 8 9 9 9 9 9   -156.53    279.15    435.68     61.31
3552519 2024 05 11 11 57 00 008 8.33 9 9 9 9 8 7 7 7 8 8 8 9 9 9 9 9 7 8 8 9 9 9 9 9   -165.21    286.13    451.34     60.46
3555654 2024 05 11 11 58 00 008 8.33 9 9 9 9 8 7 7 7 8 8 8 9 9 9 9 9 7 8 8 9 9 9 9 9   -189.33    264.19    453.52     37.43
3558790 2024 05 11 11 59 00 008 8.33 9 9 9 9 8 7 7 7 8 8 8 9 9 9 9 9 7 8 8 9 9 9 9 9   -224.61    287.52    512.14     31.46
3561926 2024 05 11 12 00 00 000 8.33 9 9 9 9 8 7 7 7 8 8 8 9 9 9 9 9 7 8 8 9 9 9 9 9   -267.78    292.55    560.33     12.39
3565063 2024 05 11 12 01 00 008 8.33 9 9 9 9 8 7 7 7 8 8 8 9 9 9 9 9 7 8 8 9 9 9 9 9   -182.73    262.75    445.48     40.01
3568202 2024 05 11 12 02 00 017 8.33 9 9 9 9 8 7 7 7 8 8 8 9 9 9 9 9 7 8 8 9 9 9 9 9   -113.51    307.54    421.05     97.02
3571342 2024 05 11 12 03 00 019 8.33 9 9 9 9 8 7 7 7 8 8 8 9 9 9 9 9 7 8 8 9 9 9 9 9    -88.86    334.44    423.30    122.79
3574481 2024 05 11 12 04 00 009 8.33 9 9 9 9 8 7 7 7 8 8 8 9 9 9 9 9 7 8 8 9 9 9 9 9   -101.55    371.52    473.07    134.98
3577619 2024 05 11 12 05 00 000 8.33 9 9 9 9 8 7 7 7 8 8 8 9 9 9 9 9 8 8 8 9 9 9 9 9   -122.80    400.77    523.57    138.98
3580757 2024 05 11 12 06 00 018 8.33 9 9 9 9 8 7 7 7 8 8 8 9 9 9 9 9 8 8 8 9 9 9 9 9   -140.23    450.06    590.29    154.92
3583893 2024 05 11 12 07 00 015 8.33 9 9 9 9 8 7 7 7 8 8 8 9 9 9 9 9 8 8 8 9 9 9 9 9   -175.77    513.97    689.74    169.10
3587028 2024 05 11 12 08 00 002 8.33 9 9 9 9 8 7 7 7 8 8 8 9 9 9 9 9 8 8 8 9 9 9 9 9   -218.43    475.50    693.93    128.54
3590164 2024 05 11 12 09 00 008 8.33 9 9 9 9 8 7 7 7 8 8 8 9 9 9 9 9 8 8 8 9 9 9 9 9   -222.41    397.25    619.66     87.42
3593301 2024 05 11 12 10 00 006 8.33 9 9 9 9 8 7 7 7 8 8 8 9 9 9 9 9 8 8 8 9 9 9 9 9   -205.06    427.84    632.90    111.39
3596438 2024 05 11 12 11 00 017 8.33 9 9 9 9 8 7 7 7 8 8 8 9 9 9 9 9 8 8 8 9 9 9 9 9   -199.56    519.01    718.58    159.72
3599573 2024 05 11 12 12 00 016 8.33 9 9 9 9 8 7 7 7 8 8 8 9 9 9 9 9 8 8 8 9 9 9 9 9   -262.37    612.49    874.86    175.06
3602707 2024 05 11 12 13 00 016 8.33 9 9 9 9 8 7 7 7 8 8 8 9 9 9 9 9 8 8 8 9 9 9 9 9   -275.67    695.16    970.83    209.74
3605840 2024 05 11 12 14 00 005 8.33 9 9 9 9 8 7 7 7 8 8 8 9 9 9 9 9 8 8 8 9 9 9 9 9   -287.56    760.56   1048.11    236.50
3608973 2024 05 11 12 15 00 007 8.33 9 9 9 9 8 7 7 7 8 8 8 9 9 9 9 9 8 8 8 9 9 9 9 9   -214.08    843.13   1057.20    314.53
3612105 2024 05 11 12 16 00 008 8.33 9 9 9 9 8 7 7 7 8 8 8 9 9 9 9 8 8 8 8 9 9 9 9 9   -181.27    838.57   1019.84    328.65
3615237 2024 05 11 12 17 00 007 8.33 9 9 9 9 8 7 7 7 8 8 8 9 9 9 9 8 8 8 8 9 9 9 9 9   -134.55    825.60    960.15    345.53
3618371 2024 05 11 12 18 00 007 8.33 9 9 9 9 8 7 7 7 8 8 8 8 9 9 9 8 8 8 8 9 9 9 9 9   -107.59    839.17    946.76    365.79
3621505 2024 05 11 12 19 00 012 8.33 9 9 9 9 8 7 7 7 8 8 8 8 9 9 9 8 8 8 8 9 9 9 9 9    -91.12    820.07    911.19    364.47
3624638 2024 05 11 12 20 00 014 8.33 9 9 9 9 8 7 7 7 8 8 8 8 9 9 8 8 8 8 8 9 9 9 9 9    -30.52    750.53    781.05    360.00
3627771 2024 05 11 12 21 00 003 8.33 9 9 9 9 8 7 7 7 8 8 8 8 9 9 8 8 8 8 8 9 9 9 9 9     13.95    670.67    656.72    342.31
3630907 2024 05 11 12 22 00 017 8.33 9 9 9 9 8 7 7 7 8 8 8 8 9 9 8 8 8 8 8 9 9 9 9 9     36.03    600.58    564.55    318.31
3634043 2024 05 11 12 23 00 004 8.33 9 9 9 9 8 7 7 7 8 8 8 8 9 9 8 8 8 8 8 9 9 9 9 9     76.44    587.90    511.46    332.17
3637181 2024 05 11 12 24 00 017 8.33 9 9 9 9 8 7 7 7 8 8 8 8 9 9 8 8 8 8 8 9 9 9 9 9     62.44    591.75    529.31    327.10
3640318 2024 05 11 12 25 00 009 8.33 9 9 9 9 8 7 7 7 8 8 8 8 9 9 8 8 8 8 8 9 9 9 9 9     61.03    595.57    534.54    328.30
3643455 2024 05 11 12 26 00 002 8.33 9 9 9 9 8 7 7 7 8 8 8 8 9 9 8 8 8 8 8 9 9 9 9 9     25.33    627.52    602.19    326.43
3646592 2024 05 11 12 27 00 000 8.33 9 9 9 9 8 7 7 7 8 8 8 8 9 9 8 8 8 8 8 9 9 9 9 9    -40.65    672.19    712.84    315.77
3649729 2024 05 11 12 28 00 004 8.33 9 9 9 9 8 7 7 7 8 8 8 8 9 9 8 8 8 8 8 9 9 9 9 9    -53.04    669.05    722.08    308.01
3652866 2024 05 11 12 29 00 006 8.33 9 9 9 9 8 7 7 7 8 8 8 8 9 9 8 8 8 8 8 9 9 9 9 9    -70.29    721.32    791.61    325.52
3656003 2024 05 11 12 30 00 013 8.33 9 9 9 9 8 7 7 7 8 8 8 8 9 9 8 8 8 8 8 9 9 9 9 9   -129.68    728.31    857.99    299.31
3659139 2024 05 11 12 31 00 016 8.33 9 9 9 9 8 7 7 7 8 8 8 8 8 8 8 8 8 8 8 9 9 9 9 9   -188.00    681.22    869.22    246.61
3662275 2024 05 11 12 32 00 009 8.33 9 9 9 9 8 7 7 7 8 8 8 8 8 8 8 8 8 8 8 9 9 9 9 9   -216.84    758.31    975.15    270.73
3665411 2024 05 11 12 33 00 009 8.33 9 9 9 9 8 7 7 7 8 8 8 8 8 8 8 8 8 8 8 9 9 9 9 9   -223.84    921.34   1145.18    348.75
3668545 2024 05 11 12 34 00 009 8.33 9 9 9 9 8 8 7 8 8 8 9 9 8 8 8 8 8 8 8 9 9 9 9 9   -130.67   1087.37   1218.04    478.35
3671676 2024 05 11 12 35 00 006 8.33 9 9 9 9 8 8 8 8 8 8 9 9 8 8 8 8 8 8 8 9 9 9 9 9   -105.49    955.23   1060.73    424.87
3674806 2024 05 11 12 36 00 005 8.33 9 9 9 9 8 8 8 8 8 8 9 9 8 8 8 8 8 8 8 9 9 9 9 9   -159.96    892.94   1052.90    366.49
3677938 2024 05 11 12 37 00 014 8.33 9 9 9 9 8 8 8 8 8 8 9 9 8 8 8 8 8 8 8 9 9 9 9 9    -87.76    864.98    952.74    388.61
3681070 2024 05 11 12 38 00 018 8.33 9 9 9 9 8 8 8 8 8 8 9 9 8 8 8 8 8 8 8 9 9 9 9 9    -22.57    857.38    879.95    417.41
3684201 2024 05 11 12 39 00 004 8.33 9 9 9 9 8 8 8 8 8 8 9 9 8 8 8 8 8 8 8 9 9 9 9 9    -82.65    809.99    892.64    363.67
3687333 2024 05 11 12 40 00 018 8.33 9 9 9 9 8 8 8 8 8 8 9 9 8 8 8 8 8 8 8 9 9 9 9 9    -53.62    749.35    802.97    347.86
3690463 2024 05 11 12 41 00 018 8.33 9 9 9 9 8 8 8 8 8 8 9 9 8 8 8 8 8 8 8 9 9 9 9 9    -74.95    634.04    708.99    279.55
3693595 2024 05 11 12 42 00 007 8.33 9 9 9 9 8 8 8 8 8 8 9 9 8 8 8 8 8 8 8 9 9 9 9 9   -216.41    630.26    846.67    206.92
3696728 2024 05 11 12 43 00 013 8.33 9 9 9 9 8 8 8 8 8 8 9 9 8 8 8 8 8 8 8 9 9 9 9 9   -226.06    675.65    901.71    224.80
3699859 2024 05 11 12 44 00 006 8.33 9 9 9 9 8 8 8 8 8 8 9 9 8 8 8 8 8 8 8 9 9 9 9 9   -301.36    758.62   1059.98    228.63
3702991 2024 05 11 12 45 00 000 8.33 9 9 9 9 8 8 8 8 8 8 9 9 8 8 8 8 8 8 8 9 9 9 9 9   -275.96    780.72   1056.68    252.38
3706120 2024 05 11 12 46 00 001 8.33 9 9 9 9 8 8 8 8 8 8 9 9 8 8 8 8 8 8 8 9 9 9 9 9   -443.47    785.41   1228.88    170.97
3709250 2024 05 11 12 47 00 008 8.67 9 9 9 9 8 8 8 8 8 8 9 9 8 8 8 8 9 9 8 9 9 9 9 9   -429.94    804.60   1234.54    187.33
3712380 2024 05 11 12 48 00 000 8.67 9 9 9 9 8 8 8 8 8 8 9 9 8 8 8 8 9 9 9 9 9 9 9 9   -460.09    761.80   1221.89    150.85
3715511 2024 05 11 12 49 00 006 8.67 9 9 9 9 8 8 8 8 8 8 9 9 8 8 8 8 9 9 9 9 9 9 9 9   -319.03    702.00   1021.03    191.49
3718643 2024 05 11 12 50 00 017 8.67 9 9 9 9 8 8 8 8 8 8 9 9 8 8 8 8 9 9 9 9 9 9 9 9   -281.50    680.61    962.10    199.56
3721776 2024 05 11 12 51 00 003 8.67 9 9 9 9 8 8 8 8 8 8 9 9 8 8 8 8 9 9 9 9 9 9 9 9   -224.66    631.50    856.16    203.42
3724913 2024 05 11 12 52 00 016 8.67 9 9 9 9 8 8 8 8 8 8 9 9 8 8 8 8 9 9 9 9 9 9 9 9   -146.94    578.57    725.51    215.81
3728048 2024 05 11 12 53 00 004 8.67 9 9 9 9 8 8 8 8 8 8 9 9 8 8 8 8 9 9 9 9 9 9 9 9   -185.33    575.03    760.36    194.85
3731182 2024 05 11 12 54 00 006 8.67 9 9 9 9 8 8 8 8 8 8 9 9 8 8 9 8 9 9 9 9 9 9 9 9   -106.42    605.49    711.91    249.54
3734314 2024 05 11 12 55 00 015 8.67 9 9 9 9 8 8 8 8 8 8 9 9 8 8 9 8 9 9 9 9 9 9 9 9   -147.16    650.53    797.69    251.68
3737440 2024 05 11 12 56 00 013 8.67 9 9 9 9 8 8 8 8 8 8 9 9 8 8 9 8 9 9 9 9 9 9 9 9   -190.19    658.85    849.04    234.33
3740565 2024 05 11 12 57 00 014 8.67 9 9 9 9 8 8 8 8 8 8 9 9 8 8 9 8 9 9 9 9 9 9 9 9   -361.73    634.30    996.03    136.28
3743694 2024 05 11 12 58 00 016 8.67 9 9 9 9 8 8 8 8 8 8 9 9 8 8 9 8 9 9 9 9 9 9 9 9   -369.24    653.96   1023.20    142.36
3746826 2024 05 11 12 59 00 013 8.67 9 9 9 9 8 8 8 8 8 8 9 9 8 8 9 8 9 9 9 9 9 9 9 9   -348.98    638.54    987.52    144.78
3749959 2024 05 11 13 00 00 000 8.67 9 9 9 9 8 8 8 8 8 9 9 9 8 8 9 8 9 9 9 9 9 9 9 9   -350.79    616.42    967.21    132.81
3753091 2024 05 11 13 01 00 008 8.67 9 9 9 9 8 8 8 8 8 9 9 9 8 8 9 8 9 9 9 9 9 9 9 9   -280.20    531.88    812.08    125.84
3756223 2024 05 11 13 02 00 010 8.67 9 9 9 8 8 8 8 8 8 9 9 9 8 8 9 8 9 9 9 9 9 9 9 9   -327.97    538.03    866.00    105.03
3759355 2024 05 11 13 03 00 007 8.67 9 9 9 8 8 8 8 8 8 9 9 9 8 8 9 8 9 9 9 9 9 9 9 9   -258.18    595.19    853.37    168.50
3762486 2024 05 11 13 04 00 006 8.67 9 9 8 8 8 8 8 8 8 9 9 9 8 8 9 8 9 9 9 9 9 9 9 8   -213.71    596.21    809.93    191.25
3765616 2024 05 11 13 05 00 007 8.67 9 9 8 8 8 8 8 8 8 9 9 9 8 8 9 9 9 9 9 9 9 9 9 8   -176.93    561.82    738.75    192.44
3768745 2024 05 11 13 06 00 005 8.67 9 8 8 8 8 8 8 8 8 9 9 9 8 8 9 9 9 9 9 9 9 9 9 8   -161.06    557.97    719.03    198.45
3771876 2024 05 11 13 07 00 014 8.67 9 8 8 8 8 8 8 8 8 9 9 9 8 8 9 9 9 9 9 9 9 9 9 8   -127.20    593.82    721.01    233.31
3775003 2024 05 11 13 08 00 001 8.67 9 8 8 8 8 8 8 8 8 9 9 9 8 8 9 9 9 9 9 9 9 9 9 8   -127.77    595.42    723.20    233.82
3778128 2024 05 11 13 09 00 000 8.67 9 8 8 8 8 8 8 8 8 9 9 9 8 8 9 9 9 9 9 9 9 9 9 8   -147.58    581.38    728.97    216.90
3781255 2024 05 11 13 10 00 005 8.67 9 8 8 8 8 8 8 8 8 9 9 9 8 8 9 9 9 9 9 9 9 9 9 8   -147.17    556.12    703.29    204.48
3784384 2024 05 11 13 11 00 015 8.67 9 8 8 8 8 8 8 8 8 9 9 9 8 8 9 9 9 9 9 9 9 9 9 8   -162.89    544.90    707.79    191.00
3787512 2024 05 11 13 12 00 002 8.67 9 8 8 8 8 8 8 8 8 9 9 9 8 8 9 9 9 9 9 9 9 9 9 8   -194.82    581.82    776.64    193.50
3790642 2024 05 11 13 13 00 016 8.67 9 8 8 8 8 8 8 8 8 9 9 9 8 8 9 9 9 9 9 9 9 9 9 8   -229.90    602.26    832.17    186.18
3793770 2024 05 11 13 14 00 000 8.67 9 8 8 8 8 8 8 8 8 9 9 9 8 8 9 9 9 9 9 9 9 9 9 8   -231.21    618.02    849.24    193.40
3796898 2024 05 11 13 15 00 013 8.67 9 8 8 8 8 8 8 8 9 9 9 9 8 8 9 9 9 9 9 9 9 9 9 8   -243.64    681.84    925.48    219.10
3800024 2024 05 11 13 16 00 007 8.67 9 8 8 8 8 8 8 8 9 9 9 9 8 8 9 9 9 9 9 9 9 9 9 8   -273.85    691.56    965.42    208.85
3803148 2024 05 11 13 17 00 015 8.67 9 8 8 8 8 8 8 8 9 9 9 9 8 8 9 9 9 9 9 9 9 9 9 8   -270.47    639.86    910.33    184.70
3806272 2024 05 11 13 18 00 017 8.67 9 8 8 8 8 8 8 8 9 9 9 9 8 8 9 9 9 9 9 9 9 9 9 8   -261.14    611.94    873.08    175.40
3809396 2024 05 11 13 19 00 004 8.67 9 8 8 8 8 8 8 8 9 9 9 9 8 8 9 9 9 9 9 9 9 9 9 8   -266.85    596.41    863.26    164.78
3812521 2024 05 11 13 20 00 007 8.67 8 8 8 8 8 8 8 8 9 9 9 9 8 8 9 9 9 9 9 9 9 9 9 8   -309.35    594.66    904.01    142.65
3815647 2024 05 11 13 21 00 017 8.67 8 8 8 8 8 8 8 8 9 9 9 9 8 8 9 9 9 9 9 9 9 9 9 8   -349.91    604.38    954.28    127.24
3818772 2024 05 11 13 22 00 015 8.67 8 8 8 8 8 8 8 8 9 9 9 9 8 8 9 9 9 9 9 9 9 9 9 8   -317.80    593.40    911.20    137.80
3821898 2024 05 11 13 23 00 004 8.67 8 8 8 8 8 8 8 8 9 9 9 9 8 8 9 9 9 9 9 9 9 9 9 8   -279.43    578.68    858.10    149.62
3825026 2024 05 11 13 24 00 007 8.67 8 8 8 8 8 8 8 8 9 9 9 9 8 8 9 9 9 9 9 9 9 9 9 8   -246.07    589.79    835.86    171.86
3828153 2024 05 11 13 25 00 004 8.67 8 8 8 8 8 8 8 8 9 9 9 9 8 8 9 9 9 9 9 9 9 9 9 8   -257.84    637.90    895.74    190.03
3831279 2024 05 11 13 26 00 002 8.67 8 8 8 8 8 8 8 8 9 9 9 9 8 8 9 9 9 9 9 9 9 9 9 8   -301.70    638.08    939.78    168.19
3834405 2024 05 11 13 27 00 009 8.67 8 8 8 8 8 8 8 8 9 9 9 9 8 8 9 9 9 9 9 9 9 9 9 8   -331.95    648.71    980.66    158.38
3837530 2024 05 11 13 28 00 006 8.67 8 8 8 8 8 8 8 8 9 9 9 9 8 8 9 9 9 9 9 9 9 9 9 8   -326.86    628.63    955.49    150.89
3840655 2024 05 11 13 29 00 013 8.67 8 8 8 8 8 8 8 8 9 9 9 9 8 8 9 9 9 9 9 9 9 9 9 8   -331.65    625.13    956.78    146.74
3843779 2024 05 11 13 30 00 003 8.67 8 8 8 8 8 8 8 8 9 9 9 9 8 8 9 9 9 9 9 9 9 9 9 8   -355.69    581.99    937.68    113.15
3846905 2024 05 11 13 31 00 000 8.67 8 8 8 8 8 8 8 8 9 9 9 9 8 8 9 9 9 9 9 9 9 9 9 8   -366.51    579.82    946.33    106.66
3850031 2024 05 11 13 32 00 003 8.67 8 8 8 8 8 8 8 8 9 9 9 9 8 9 9 9 9 9 9 9 9 9 9 8   -337.05    580.81    917.86    121.88
3853158 2024 05 11 13 33 00 010 8.67 8 8 8 8 8 8 8 8 9 9 9 9 8 9 9 9 9 9 9 9 9 9 9 8   -306.47    556.50    862.97    125.02
3856285 2024 05 11 13 34 00 008 8.67 8 8 8 8 8 8 8 8 9 9 9 9 8 9 9 9 9 9 9 9 9 9 9 8   -284.92    554.09    839.01    134.59
3859412 2024 05 11 13 35 00 003 8.67 8 8 8 8 8 8 8 8 9 9 9 9 8 9 9 9 9 9 9 9 9 9 9 8   -250.03    544.81    794.84    147.39
3862540 2024 05 11 13 36 00 016 8.67 8 8 8 8 8 8 8 8 9 9 9 9 8 9 9 9 9 9 9 9 9 9 9 8   -234.08    557.46    791.55    161.69
3865667 2024 05 11 13 37 00 014 8.67 8 8 8 8 8 8 8 9 9 9 9 9 8 9 9 9 9 9 9 9 9 9 9 8   -242.26    587.07    829.33    172.40
3868794 2024 05 11 13 38 00 008 8.67 8 8 8 8 8 8 8 9 9 9 9 9 8 9 9 9 9 9 9 9 9 9 9 8   -275.84    579.87    855.71    152.01
3871921 2024 05 11 13 39 00 011 8.67 8 8 8 8 8 8 8 9 9 9 9 9 8 9 9 9 9 9 9 9 9 9 9 8   -300.23    607.43    907.66    153.60
3875047 2024 05 11 13 40 00 002 8.67 8 8 8 8 8 8 8 9 9 9 9 9 8 9 9 9 9 9 9 9 9 9 9 8   -315.74    656.31    972.05    170.29
3878173 2024 05 11 13 41 00 011 8.67 8 8 8 8 8 8 8 9 9 9 9 9 8 9 9 9 9 9 9 9 9 9 9 8   -319.53    646.02    965.55    163.24
3881299 2024 05 11 13 42 00 014 8.67 8 8 8 8 8 8 8 9 9 9 9 9 8 9 8 9 9 9 9 9 9 9 9 8   -326.86    647.61    974.47    160.38
3884424 2024 05 11 13 43 00 003 8.67 8 8 8 8 8 8 8 9 9 9 9 9 8 9 8 9 9 9 9 9 9 9 9 8   -341.68    663.27   1004.95    160.79
3887551 2024 05 11 13 44 00 006 8.67 8 8 8 8 8 8 9 9 9 9 9 9 8 9 8 9 9 9 9 9 9 9 9 8   -366.97    666.84   1033.81    149.94
3890678 2024 05 11 13 45 00 012 8.67 8 8 8 8 8 8 9 9 9 9 9 9 8 9 8 9 9 9 9 9 9 9 9 8   -391.25    688.42   1079.67    148.58
3893805 2024 05 11 13 46 00 006 8.67 8 8 8 8 8 8 9 9 9 9 9 9 8 9 8 9 9 9 9 9 9 9 9 8   -375.70    688.40   1064.11    156.35
3896932 2024 05 11 13 47 00 005 8.67 8 8 8 8 8 8 9 9 9 9 9 9 8 9 8 9 9 9 9 9 9 9 9 8   -333.06    641.19    974.25    154.07
3900060 2024 05 11 13 48 00 015 8.67 8 8 8 8 8 8 9 9 9 9 9 9 8 9 8 9 9 9 9 9 9 9 9 8   -302.85    601.89    904.74    149.52
3903189 2024 05 11 13 49 00 005 8.67 8 8 8 8 8 8 9 9 9 9 9 9 8 9 8 9 9 9 9 9 9 9 9 8   -271.82    598.41    870.23    163.30
3906319 2024 05 11 13 50 00 016 8.67 8 8 8 8 8 8 9 9 9 9 9 9 8 9 8 9 9 9 9 9 9 9 9 8   -245.11    600.43    845.54    177.66
3909447 2024 05 11 13 51 00 001 8.67 8 8 8 8 8 8 9 9 9 9 9 9 8 9 8 9 9 9 9 9 9 9 9 8   -264.42    636.62    901.04    186.10
3912576 2024 05 11 13 52 00 001 8.67 8 8 8 8 8 8 9 9 9 9 9 9 8 9 8 9 9 9 9 9 9 9 9 8   -321.15    725.98   1047.13    202.41
3915704 2024 05 11 13 53 00 006 8.67 8 8 8 8 8 8 9 9 9 9 9 9 8 9 8 9 9 9 9 9 9 9 9 8   -371.13    750.60   1121.73    189.74
3918829 2024 05 11 13 54 00 005 8.67 8 8 8 8 8 8 9 9 9 9 9 9 8 9 9 9 9 9 9 9 9 9 9 8   -388.29    711.45   1099.74    161.58
3921954 2024 05 11 13 55 00 009 8.67 8 8 8 8 8 8 9 9 9 9 9 9 8 9 9 9 9 9 9 9 9 9 9 8   -352.18    641.81    993.99    144.81
3925080 2024 05 11 13 56 00 007 8.67 8 8 8 8 8 8 9 9 9 9 9 9 8 9 9 9 9 9 9 9 9 9 9 8   -362.50    662.69   1025.19    150.09
3928207 2024 05 11 13 57 00 004 8.67 7 8 8 8 8 8 9 9 9 9 9 9 8 9 9 9 9 9 9 9 9 9 9 8   -408.90    701.68   1110.58    146.39
3931335 2024 05 11 13 58 00 012 8.67 7 8 7 8 8 8 9 9 9 9 9 9 8 9 9 9 9 9 9 9 9 9 9 8   -406.56    675.89   1082.45    134.67
3934462 2024 05 11 13 59 00 000 8.67 7 8 7 8 8 8 9 9 9 9 9 9 8 9 9 9 9 9 9 9 9 9 9 8   -330.16    637.99    968.16    153.91
3937591 2024 05 11 14 00 00 000 8.67 7 7 7 8 8 8 9 9 9 9 9 9 8 9 9 9 9 9 9 9 9 9 9 8   -259.98    583.81    843.79    161.92
3940720 2024 05 11 14 01 00 009 8.67 7 7 7 8 8 8 9 9 9 9 9 9 8 9 9 9 9 9 9 9 9 9 9 8   -220.10    640.84    860.94    210.37
3943849 2024 05 11 14 02 00 017 8.67 7 7 7 8 8 8 9 9 9 9 9 9 8 9 9 9 9 9 9 9 9 9 9 8   -185.82    644.79    830.61    229.48
3946978 2024 05 11 14 03 00 018 8.67 7 7 7 8 8 8 9 9 9 9 9 9 8 9 9 9 9 9 9 9 9 9 9 8   -171.79    624.24    796.02    226.22
3950107 2024 05 11 14 04 00 003 8.67 7 7 7 8 8 8 8 9 9 9 9 9 8 9 9 9 9 9 9 9 9 9 9 8   -157.05    609.15    766.20    226.05
3953238 2024 05 11 14 05 00 004 8.67 7 7 7 8 8 8 8 9 9 9 9 9 8 9 9 9 9 9 9 9 9 9 9 8   -188.15    605.12    793.27    208.48
3956368 2024 05 11 14 06 00 000 8.67 7 7 7 8 8 8 8 9 9 9 9 9 8 9 9 9 9 9 9 9 9 9 9 8   -133.89    555.28    689.17    210.69
3959499 2024 05 11 14 07 00 001 8.67 7 7 7 8 8 8 8 9 9 9 9 9 8 9 9 9 9 9 9 9 9 9 9 8   -171.60    589.72    761.31    209.06
3962631 2024 05 11 14 08 00 008 8.67 7 7 7 8 8 8 8 9 9 9 9 9 8 9 9 9 9 9 9 9 9 9 9 8   -200.85    607.90    808.74    203.53
3965763 2024 05 11 14 09 00 016 8.67 7 7 8 8 8 8 8 9 9 9 9 9 8 9 9 9 9 9 9 9 9 9 9 8   -251.61    620.22    871.83    184.30
3968893 2024 05 11 14 10 00 003 8.67 7 7 8 8 8 8 8 9 9 9 9 9 8 9 9 9 9 9 9 9 9 9 9 8   -289.58    611.36    900.94    160.89
3972023 2024 05 11 14 11 00 001 8.67 7 7 8 8 8 8 8 9 9 9 9 9 8 9 9 9 9 9 9 9 9 9 9 8   -288.53    602.31    890.84    156.89
3975155 2024 05 11 14 12 00 010 8.67 7 7 8 8 8 8 8 9 9 9 9 9 8 9 9 9 9 9 9 9 9 9 9 8   -204.57    589.76    794.32    192.60
3978288 2024 05 11 14 13 00 018 8.67 7 7 8 8 8 8 8 9 9 9 9 9 9 9 9 9 9 9 9 9 9 9 9 8   -225.73    610.16    835.89    192.21
3981421 2024 05 11 14 14 00 002 8.67 7 7 8 8 8 8 8 9 9 9 9 9 9 9 9 8 9 9 9 9 9 9 9 8   -197.98    590.94    788.92    196.48
3984555 2024 05 11 14 15 00 014 8.67 7 7 8 8 8 8 8 9 9 9 9 9 9 9 9 8 9 9 9 9 9 9 9 8   -206.37    598.43    804.80    196.03
3987687 2024 05 11 14 16 00 017 8.67 7 7 8 8 8 8 8 9 9 9 9 9 9 9 9 8 9 9 9 9 9 9 9 8   -193.64    612.60    806.24    209.48
3990818 2024 05 11 14 17 00 005 8.67 7 7 8 8 8 8 9 9 9 9 9 9 9 9 9 8 8 9 8 9 9 9 9 8   -175.91    641.42    817.33    232.75
3993950 2024 05 11 14 18 00 014 8.67 7 7 8 8 8 8 9 9 9 9 9 9 9 9 9 8 8 9 8 9 9 9 9 8   -216.57    679.95    896.52    231.69
3997079 2024 05 11 14 19 00 001 8.67 7 7 8 8 8 8 9 9 9 9 9 9 9 9 9 8 8 9 8 9 9 9 9 8   -248.91    633.78    882.69    192.44
4000210 2024 05 11 14 20 00 014 8.33 7 7 8 8 8 8 9 9 9 9 9 9 9 9 9 8 8 8 8 9 9 9 9 8   -214.00    582.41    796.41    184.20
4003341 2024 05 11 14 21 00 009 8.33 7 7 8 8 8 8 9 9 9 9 9 9 9 9 9 8 8 8 8 9 9 9 9 8   -174.36    564.01    738.37    194.82
4006473 2024 05 11 14 22 00 003 8.33 7 7 8 8 8 8 9 9 9 9 9 9 9 9 9 8 8 8 8 9 9 9 9 8   -224.82    548.72    773.54    161.95
4009607 2024 05 11 14 23 00 018 8.33 7 7 8 8 8 8 9 9 9 9 9 9 9 9 9 8 8 8 8 9 9 9 9 8   -221.00    534.07    755.07    156.54
4012740 2024 05 11 14 24 00 006 8.33 7 7 8 8 8 8 9 9 9 9 9 9 9 9 9 8 8 8 8 9 9 9 9 8   -236.41    527.37    763.78    145.48
4015874 2024 05 11 14 25 00 012 8.33 7 7 8 8 8 8 9 9 9 9 9 9 9 9 9 8 8 8 8 9 9 9 9 8   -226.99    540.82    767.81    156.92
4019008 2024 05 11 14 26 00 012 8.33 7 7 8 8 8 8 9 9 9 9 9 9 9 9 9 8 8 8 8 9 9 9 9 8   -237.53    557.29    794.82    159.88
4022142 2024 05 11 14 27 00 001 8.67 7 7 8 8 8 9 9 9 9 9 9 9 9 9 9 8 8 8 8 9 9 9 9 8   -246.68    577.38    824.06    165.35
4025276 2024 05 11 14 28 00 002 8.67 7 7 8 8 8 9 9 9 9 9 9 9 9 9 9 8 8 8 8 9 9 9 9 8   -268.99    606.66    875.64    168.84
4028410 2024 05 11 14 29 00 013 8.67 7 7 8 8 8 9 9 9 9 9 9 9 9 9 9 8 8 8 8 9 9 9 9 8   -272.72    624.07    896.80    175.67
4031543 2024 05 11 14 30 00 016 8.67 7 7 8 8 8 9 9 9 9 9 9 9 9 9 9 8 8 8 8 9 9 9 9 8   -263.64    624.09    887.73    180.22
4034674 2024 05 11 14 31 00 003 8.67 7 7 8 8 8 9 9 9 9 9 9 9 9 9 9 8 8 8 8 9 9 9 9 8   -259.01    606.47    865.48    173.73
4037807 2024 05 11 14 32 00 013 8.67 7 7 8 8 8 9 9 9 9 9 9 9 9 9 9 8 8 8 8 9 9 9 9 8   -252.81    585.37    838.17    166.28
4040940 2024 05 11 14 33 00 014 8.67 7 7 8 8 8 9 9 9 9 9 9 9 9 9 9 8 8 8 8 9 9 9 9 8   -249.96    571.45    821.41    160.75
4044073 2024 05 11 14 34 00 002 8.67 7 7 8 8 8 9 9 9 9 9 9 9 9 9 9 8 8 8 8 9 9 9 9 8   -231.56    572.69    804.25    170.56
4047208 2024 05 11 14 35 00 012 8.33 7 7 8 8 8 8 9 9 9 9 9 9 9 9 9 8 8 8 8 9 9 9 9 8   -232.64    559.31    791.96    163.34
4050343 2024 05 11 14 36 00 012 8.33 7 7 7 7 8 8 9 9 9 9 9 9 9 9 9 8 8 8 8 9 9 9 9 8   -251.58    552.48    804.05    150.45
4053478 2024 05 11 14 37 00 018 8.33 7 7 7 7 8 8 9 9 9 9 9 9 9 9 9 8 8 8 8 9 9 9 9 8   -280.56    571.96    852.52    145.70
4056612 2024 05 11 14 38 00 017 8.33 7 7 7 7 8 8 9 9 9 9 9 9 9 9 9 8 8 8 8 9 9 9 9 8   -292.80    600.73    893.53    153.96
4059745 2024 05 11 14 39 00 015 8.33 7 7 7 7 8 8 9 9 9 9 9 9 9 9 9 8 8 8 8 9 9 9 9 8   -314.33    608.26    922.59    146.96
4062879 2024 05 11 14 40 00 003 8.33 7 7 7 7 8 8 9 9 9 9 9 9 9 9 9 8 8 8 8 9 9 9 9 8   -323.93    609.83    933.76    142.95
4066015 2024 05 11 14 41 00 006 8.33 7 7 7 7 8 8 9 9 9 9 9 9 9 9 9 8 8 8 8 9 9 9 9 8   -309.49    624.06    933.56    157.29
4069149 2024 05 11 14 42 00 001 8.33 7 7 7 7 8 8 9 9 9 9 9 9 9 9 9 8 8 8 8 9 9 9 9 8   -296.49    655.81    952.30    179.66
4072282 2024 05 11 14 43 00 015 8.33 7 7 7 7 8 8 9 9 9 9 9 9 9 9 9 9 8 8 8 9 9 9 9 8   -296.71    676.21    972.91    189.75
4075414 2024 05 11 14 44 00 018 8.33 7 7 7 7 8 8 9 9 9 9 9 9 9 9 9 9 8 8 8 9 9 9 9 8   -302.70    651.19    953.89    174.24
4078546 2024 05 11 14 45 00 016 8.33 7 7 7 7 8 8 9 9 9 9 9 9 9 9 9 9 8 8 8 9 9 9 9 8   -292.78    622.77    915.55    165.00
4081678 2024 05 11 14 46 00 015 8.33 7 7 7 7 8 8 9 9 9 9 9 9 9 9 9 9 8 8 8 9 9 9 9 8   -257.09    612.86    869.95    177.89
4084809 2024 05 11 14 47 00 002 8.33 7 7 7 7 8 8 8 9 9 9 9 9 9 9 9 9 8 8 8 9 9 9 9 8   -241.24    616.36    857.60    187.56
4087943 2024 05 11 14 48 00 017 8.33 7 7 7 7 8 8 8 9 9 9 9 9 9 9 9 9 8 8 8 8 9 9 9 8   -269.50    618.31    887.81    174.41
4091076 2024 05 11 14 49 00 006 8.33 7 7 7 7 8 8 8 9 9 9 9 9 9 9 9 9 8 8 8 8 9 9 9 8   -293.82    603.08    896.90    154.63
4094208 2024 05 11 14 50 00 011 8.33 7 7 7 7 8 8 8 9 9 9 9 9 9 9 9 9 8 8 8 8 9 9 9 8   -311.88    585.36    897.24    136.74
4097338 2024 05 11 14 51 00 001 8.33 7 7 7 7 8 8 8 9 9 9 9 9 9 9 9 9 8 8 8 8 9 9 9 8   -304.43    556.23    860.67    125.90
4100470 2024 05 11 14 52 00 010 8.33 7 7 7 7 8 8 8 9 9 9 8 9 9 9 9 9 8 8 8 8 9 9 9 8   -290.60    537.14    827.74    123.27
4103603 2024 05 11 14 53 00 008 8.33 7 7 7 7 8 8 8 9 9 9 8 9 9 9 9 9 8 8 8 8 9 9 9 8   -310.87    552.09    862.96    120.61
4106736 2024 05 11 14 54 00 002 8.33 7 7 7 8 8 8 8 9 9 9 8 9 9 9 9 9 8 8 8 8 9 9 9 8   -310.95    537.02    847.97    113.03
4109867 2024 05 11 14 55 00 003 8.33 7 7 7 8 8 8 8 9 9 9 8 9 9 9 9 9 8 8 8 8 9 9 9 8   -304.51    503.37    807.89     99.43
4112998 2024 05 11 14 56 00 016 8.33 7 7 7 8 8 8 8 9 9 9 8 9 9 9 9 9 9 8 8 8 9 9 9 8   -307.06    519.51    826.57    106.22
4116128 2024 05 11 14 57 00 017 8.33 7 7 7 8 8 8 9 9 9 9 8 9 9 9 9 9 9 9 8 8 9 9 9 8   -351.83    555.43    907.26    101.80
4119255 2024 05 11 14 58 00 006 8.33 7 7 7 8 8 8 9 9 9 9 8 9 9 9 9 9 9 9 8 8 9 9 9 8   -394.98    568.91    963.89     86.96
4122385 2024 05 11 14 59 00 014 8.67 7 7 7 8 8 8 9 9 9 9 8 9 9 9 9 9 9 9 9 8 9 9 9 8   -420.41    659.30   1079.71    119.44
4125513 2024 05 11 15 00 00 000 8.67 7 7 7 8 8 8 9 9 9 9 8 9 9 9 9 9 9 9 9 9 9 9 9 8   -481.39    671.85   1153.24     95.23
4128640 2024 05 11 15 01 00 010 8.67 7 7 7 8 8 8 9 9 9 9 8 9 9 9 9 9 9 9 9 9 9 9 9 8   -493.11    649.38   1142.49     78.13
4131766 2024 05 11 15 02 00 009 8.67 7 7 7 8 8 8 9 9 9 9 8 9 9 9 9 9 9 9 9 9 9 9 9 8   -363.02    599.51    962.52    118.25
4134892 2024 05 11 15 03 00 018 8.67 7 7 7 8 8 8 9 9 9 9 8 9 9 9 9 9 9 9 9 9 9 9 9 8   -245.88    553.66    799.54    153.89
4138017 2024 05 11 15 04 00 009 8.67 7 7 7 8 8 8 9 9 9 8 8 9 9 9 9 9 9 9 9 9 9 9 9 8   -242.46    535.21    777.67    146.37
4141145 2024 05 11 15 05 00 007 8.67 7 7 7 8 8 8 9 9 9 8 8 9 9 9 9 9 9 9 9 9 9 9 9 8   -241.28    550.47    791.75    154.59
4144273 2024 05 11 15 06 00 009 8.67 7 7 7 8 8 8 9 9 9 8 8 9 9 9 9 9 9 9 9 9 9 9 9 8   -258.32    545.35    803.67    143.51
4147399 2024 05 11 15 07 00 015 8.67 7 7 7 8 8 8 9 9 9 8 8 9 9 9 9 9 9 9 9 9 9 9 9 8   -247.91    521.99    769.90    137.04
4150523 2024 05 11 15 08 00 000 8.67 7 7 7 8 8 8 9 9 9 8 8 9 9 9 9 9 9 9 9 9 9 9 9 8   -247.37    496.54    743.91    124.58
4153649 2024 05 11 15 09 00 006 8.67 7 7 7 8 8 8 9 9 9 8 8 9 9 9 9 9 9 9 9 9 9 9 9 8   -244.35    498.26    742.61    126.95
4156775 2024 05 11 15 10 00 010 8.33 7 7 7 7 8 8 9 9 9 8 8 9 9 9 9 9 9 9 9 9 9 9 9 8   -202.04    492.62    694.66    145.29
4159903 2024 05 11 15 11 00 018 8.33 7 7 7 7 8 8 9 9 9 8 8 9 9 9 9 9 9 9 9 9 9 9 9 8   -234.64    505.84    740.48    135.60
4163031 2024 05 11 15 12 00 013 8.33 7 7 7 7 8 8 9 9 9 8 8 9 9 9 9 9 9 9 9 9 9 9 9 8   -252.02    454.14    706.16    101.06
4166160 2024 05 11 15 13 00 001 8.67 7 7 7 7 8 8 9 9 9 8 9 9 9 9 9 9 9 9 9 9 9 9 9 8   -231.16    453.79    684.95    111.31
4169290 2024 05 11 15 14 00 001 8.67 7 7 7 7 8 8 9 9 9 8 9 9 9 9 9 9 9 9 9 9 9 9 9 8   -184.16    449.22    633.38    132.53
4172421 2024 05 11 15 15 00 003 8.67 7 7 7 7 8 8 9 9 9 8 9 9 9 9 9 9 9 9 9 9 9 9 9 8   -190.44    463.28    653.72    136.42
4175554 2024 05 11 15 16 00 009 8.67 7 7 7 7 8 8 9 9 9 8 9 9 9 9 9 9 9 9 9 9 9 9 9 8   -148.36    487.80    636.16    169.72
4178685 2024 05 11 15 17 00 001 8.67 7 7 7 7 8 8 9 9 9 8 9 9 9 9 9 9 9 9 9 9 9 9 9 8   -156.92    462.51    619.43    152.79
4181817 2024 05 11 15 18 00 007 8.67 7 7 7 7 8 8 9 9 9 8 9 9 9 9 9 9 9 9 9 9 9 9 9 8   -221.71    435.70    657.41    107.00
4184951 2024 05 11 15 19 00 017 8.67 7 7 7 7 8 8 9 9 9 8 9 9 9 9 9 9 9 9 9 9 9 9 9 8   -273.14    411.52    684.66     69.19
4188085 2024 05 11 15 20 00 016 8.67 7 7 7 7 8 8 9 9 9 8 9 9 9 9 9 9 9 9 9 9 9 9 9 8   -227.54    380.85    608.39     76.65
4191220 2024 05 11 15 21 00 013 8.67 7 7 7 7 8 8 9 9 9 9 9 9 9 9 9 9 9 9 9 9 9 9 9 8   -274.70    360.03    634.73     42.67
4194356 2024 05 11 15 22 00 017 8.67 7 7 7 7 8 8 9 9 9 9 9 9 9 9 9 9 9 9 9 9 9 9 9 8   -221.62    340.90    562.52     59.64
4197490 2024 05 11 15 23 00 005 8.67 7 7 7 7 8 8 9 9 9 9 9 9 9 9 9 9 9 9 9 9 9 9 9 8   -189.49    331.40    520.89     70.95
4200624 2024 05 11 15 24 00 009 8.67 7 7 7 7 8 8 9 9 9 9 9 9 9 9 9 9 9 9 9 9 9 9 9 8   -204.09    295.13    499.22     45.52
4203758 2024 05 11 15 25 00 005 8.67 7 7 7 7 8 8 9 9 9 9 9 9 9 9 9 9 9 9 9 9 9 9 9 8   -229.92    285.79    515.71     27.93
4206893 2024 05 11 15 26 00 011 8.67 7 7 7 7 8 8 9 9 9 9 9 9 9 9 9 9 9 9 9 9 9 9 9 8   -217.06    291.00    508.06     36.97
4210029 2024 05 11 15 27 00 015 8.67 7 7 7 7 8 8 9 9 9 9 9 9 9 9 9 9 9 9 9 9 9 9 9 8   -223.07    286.03    509.10     31.48
4213166 2024 05 11 15 28 00 002 8.67 7 7 7 7 8 8 9 9 9 9 9 9 9 9 9 9 9 9 9 9 9 9 9 8   -229.92    275.55    505.47     22.82
4216306 2024 05 11 15 29 00 006 8.67 7 7 7 7 8 8 9 9 9 9 9 9 9 9 9 9 9 9 9 9 9 9 9 8   -236.80    273.79    510.60     18.50
4219447 2024 05 11 15 30 00 009 8.67 7 7 7 7 8 8 9 9 9 9 9 9 9 9 9 9 9 9 9 9 9 9 9 8   -243.16    274.48    517.64     15.66
4222588 2024 05 11 15 31 00 002 8.67 7 7 7 7 8 8 9 9 9 9 9 9 9 9 9 9 9 9 9 9 9 9 9 8   -175.75    260.76    436.52     42.50
4225729 2024 05 11 15 32 00 006 8.33 7 7 7 7 8 8 8 8 9 9 9 9 9 9 9 9 9 9 9 9 9 9 9 8   -161.99    246.95    408.95     42.48
4228871 2024 05 11 15 33 00 010 8.67 8 7 7 7 8 8 8 8 9 9 9 9 9 9 9 9 9 9 9 9 9 9 9 8   -161.11    228.44    389.55     33.67
4232013 2024 05 11 15 34 00 001 8.33 8 7 7 7 8 8 8 8 9 9 9 9 9 9 9 9 9 9 8 9 8 8 9 8   -164.50    199.92    364.42     17.71
4235156 2024 05 11 15 35 00 000 8.33 8 7 7 7 8 8 8 8 9 9 9 9 9 9 9 9 9 9 8 9 8 8 9 8   -183.74    174.85    358.59     -4.44
4238300 2024 05 11 15 36 00 014 8.33 8 8 7 7 8 8 8 8 9 9 9 9 9 9 9 9 9 9 8 9 8 8 9 8   -167.81    156.20    324.00     -5.80
4241442 2024 05 11 15 37 00 007 8.33 8 8 8 7 8 8 8 8 9 9 9 9 9 9 9 9 9 9 8 9 8 8 9 8   -155.88    133.45    289.33    -11.22
4244584 2024 05 11 15 38 00 012 8.33 8 8 8 7 8 8 8 8 9 9 9 9 9 9 9 9 8 8 8 8 8 8 9 8   -144.88    131.13    276.01     -6.87
4247725 2024 05 11 15 39 00 008 8.33 8 8 8 7 8 8 8 8 9 9 9 9 9 9 9 9 8 8 8 8 8 8 9 8   -153.15    114.66    267.81    -19.24
4250866 2024 05 11 15 40 00 000 8.33 8 8 8 7 8 8 8 8 9 9 9 9 9 9 9 9 8 8 8 8 8 8 9 8   -159.81     98.05    257.86    -30.88
4254008 2024 05 11 15 41 00 001 8.33 8 8 8 7 8 8 8 8 9 9 9 9 9 9 9 9 8 8 8 8 8 8 9 8   -162.35    105.56    267.92    -28.40
4257150 2024 05 11 15 42 00 006 8.33 8 8 8 7 8 8 8 8 9 9 9 9 9 9 9 9 8 8 8 8 8 8 9 8   -162.48    143.19    305.67     -9.64
4260291 2024 05 11 15 43 00 003 8.33 8 8 8 7 8 8 8 8 9 9 9 9 9 9 9 8 8 8 8 8 8 8 9 8   -152.06    177.05    329.11     12.50
4263432 2024 05 11 15 44 00 007 8.33 8 8 8 7 8 8 8 8 9 9 9 9 9 9 9 8 8 8 8 8 8 8 9 8   -149.54    209.74    359.27     30.10
4266573 2024 05 11 15 45 00 002 8.33 8 8 8 7 8 8 8 8 9 9 9 9 9 9 9 8 8 8 8 8 8 8 9 8   -154.90    241.80    396.71     43.45
4269715 2024 05 11 15 46 00 015 8.33 8 8 8 7 8 8 8 8 9 9 9 9 9 9 9 8 8 8 8 8 8 8 9 8   -195.49    269.06    464.54     36.79
4272855 2024 05 11 15 47 00 000 8.33 8 8 8 7 8 8 8 8 9 9 9 9 9 9 9 8 8 8 8 8 8 8 9 8   -223.70    293.39    517.08     34.85
4275995 2024 05 11 15 48 00 005 8.33 8 8 8 7 8 8 8 8 9 9 9 9 9 9 9 8 8 8 8 8 8 8 9 8   -220.79    316.31    537.10     47.76
4279134 2024 05 11 15 49 00 003 8.33 8 8 8 7 8 8 8 8 9 9 9 9 9 9 9 8 8 8 8 8 8 8 9 8   -183.12    327.81    510.92     72.35
4282273 2024 05 11 15 50 00 011 8.33 8 8 8 7 8 8 8 8 9 9 9 9 9 9 9 8 8 8 8 8 8 8 9 8   -173.03    335.48    508.51     81.22
4285411 2024 05 11 15 51 00 000 8.33 8 8 8 7 8 8 8 8 9 9 9 9 9 9 9 8 8 8 8 8 8 8 9 8   -181.02    314.02    495.04     66.50
4288551 2024 05 11 15 52 00 008 8.33 8 8 8 7 8 8 8 8 9 9 9 9 9 9 9 8 8 8 8 8 8 8 9 8   -154.94    279.97    434.91     62.52
4291692 2024 05 11 15 53 00 013 8.33 8 8 8 7 8 8 8 8 9 9 9 9 9 9 9 8 8 8 8 8 8 8 9 8   -182.55    251.17    433.71     34.31
4294833 2024 05 11 15 54 00 008 8.33 8 8 8 7 8 8 8 8 9 9 9 9 9 9 9 8 8 8 8 8 8 8 9 8   -169.51    232.27    401.77     31.38
4297974 2024 05 11 15 55 00 002 8.33 8 8 8 7 8 8 8 8 9 9 9 9 9 9 9 8 8 8 8 8 8 8 9 8   -147.16    260.94    408.10     56.89
4301115 2024 05 11 15 56 00 012 8.33 8 8 8 7 7 8 8 8 9 9 9 9 9 9 9 8 8 8 8 8 8 8 9 8   -160.41    271.71    432.12     55.65
4304255 2024 05 11 15 57 00 018 8.33 8 8 8 7 7 8 8 8 9 9 9 9 9 9 9 8 8 8 8 8 8 8 9 8   -191.96    270.21    462.17     39.12
4307395 2024 05 11 15 58 00 008 8.33 8 8 8 7 7 7 8 8 9 9 9 9 9 9 9 8 8 8 8 8 8 8 9 8   -225.65    284.13    509.79     29.24
4310536 2024 05 11 15 59 00 007 8.33 8 8 8 7 7 7 8 8 9 9 9 9 9 9 9 8 8 8 8 8 8 8 9 8   -232.29    311.45    543.74     39.58
4313676 2024 05 11 16 00 00 000 8.33 8 8 8 7 7 7 8 8 9 9 9 9 9 9 8 8 8 8 8 8 8 8 9 8   -198.03    313.79    511.82     57.88
4316816 2024 05 11 16 01 00 001 8.33 8 8 8 7 7 7 8 8 9 9 9 9 9 9 8 8 8 8 8 8 8 8 9 8   -155.15    317.65    472.80     81.25
4319956 2024 05 11 16 02 00 003 8.00 8 8 8 7 7 7 8 8 9 9 9 9 8 9 8 8 8 8 8 8 8 8 9 8   -150.57    347.58    498.14     98.50
4323096 2024 05 11 16 03 00 013 8.00 8 8 8 7 7 7 8 8 9 9 9 9 8 9 8 8 8 8 8 8 8 8 9 8   -143.55    352.72    496.26    104.59
4326235 2024 05 11 16 04 00 017 8.00 8 8 8 7 7 7 8 8 9 9 9 9 9 8 8 8 8 8 8 8 8 8 9 8   -141.64    350.21    491.85    104.28
4329374 2024 05 11 16 05 00 015 8.00 8 8 8 7 7 7 8 8 9 9 9 9 9 8 8 8 8 8 8 8 8 8 9 8   -152.26    331.01    483.27     89.38
4332514 2024 05 11 16 06 00 018 8.00 8 8 8 7 7 7 8 8 9 9 9 9 9 8 8 8 8 8 8 8 8 8 9 8   -210.90    327.28    538.18     58.19
4335654 2024 05 11 16 07 00 012 8.00 8 8 8 7 7 7 8 8 9 9 9 9 9 8 8 8 8 8 8 8 8 8 9 8   -207.89    317.69    525.58     54.90
4338794 2024 05 11 16 08 00 010 8.00 8 8 8 7 7 7 8 8 9 9 9 9 9 8 8 8 8 8 8 8 8 8 9 8   -186.85    290.81    477.66     51.98
4341934 2024 05 11 16 09 00 016 8.00 8 8 8 7 7 7 8 8 9 9 9 9 9 8 8 8 8 8 8 8 8 8 9 8   -186.75    265.70    452.45     39.48
4345074 2024 05 11 16 10 00 014 8.00 8 8 8 7 7 7 8 8 9 9 9 9 9 8 8 8 8 8 8 8 8 8 9 8   -183.72    258.19    441.91     37.24
4348214 2024 05 11 16 11 00 013 8.00 8 8 8 7 7 7 8 8 9 9 9 9 9 8 8 8 8 8 8 8 8 8 9 8   -195.25    259.67    454.91     32.21
4351354 2024 05 11 16 12 00 017 8.00 8 8 8 7 7 7 8 8 9 9 9 9 9 8 8 8 8 8 8 8 8 8 9 8   -189.33    250.61    439.94     30.64
4354494 2024 05 11 16 13 00 018 8.00 8 8 8 7 7 7 8 8 9 9 9 9 9 8 8 8 8 8 8 8 8 8 9 8   -166.30    240.81    407.11     37.25
4357634 2024 05 11 16 14 00 015 8.00 8 8 8 7 7 7 8 8 9 9 9 9 9 8 8 8 8 8 8 8 8 8 9 8   -154.69    224.64    379.34     34.98
4360774 2024 05 11 16 15 00 013 8.33 8 8 8 8 7 7 8 8 9 9 9 9 9 8 8 8 8 8 8 8 8 8 9 9   -161.68    217.97    379.64     28.15
4363914 2024 05 11 16 16 00 017 8.33 8 8 8 8 7 7 8 8 9 9 9 9 9 8 8 8 8 8 8 8 8 8 9 9   -164.25    179.12    343.37      7.43
4367053 2024 05 11 16 17 00 011 8.33 9 8 8 8 7 7 8 8 9 9 9 9 9 8 8 8 8 8 8 8 8 8 9 9   -169.49    161.20    330.68     -4.15
4370192 2024 05 11 16 18 00 010 8.33 9 8 8 8 7 7 8 8 9 9 9 9 9 8 8 8 8 8 8 8 8 8 9 9   -184.19    170.41    354.60     -6.89
4373331 2024 05 11 16 19 00 013 8.33 9 8 8 8 7 7 8 8 9 9 9 9 9 8 8 8 8 8 8 8 8 8 9 9   -183.73    186.93    370.67      1.60
4376469 2024 05 11 16 20 00 010 8.33 9 8 8 8 7 7 8 8 9 9 9 9 9 8 8 8 8 8 8 8 8 8 9 9   -167.05    200.99    368.03     16.97
4379606 2024 05 11 16 21 00 017 8.33 9 8 8 8 7 7 8 8 9 9 9 9 9 8 8 8 8 8 8 8 8 8 9 9   -186.90    182.86    369.76     -2.02
4382742 2024 05 11 16 22 00 009 8.33 9 8 8 8 7 7 8 8 9 9 9 9 9 8 8 8 8 8 8 8 8 8 9 9   -192.74    157.98    350.72    -17.38
4385880 2024 05 11 16 23 00 013 8.33 9 8 8 8 7 7 8 9 9 9 9 9 9 8 8 8 8 8 8 8 8 8 9 9   -172.88    132.26    305.15    -20.31
4389017 2024 05 11 16 24 00 001 8.33 9 8 8 8 7 7 8 9 9 9 9 9 9 8 8 8 8 8 8 8 8 8 9 9   -182.39    125.05    307.43    -28.67
4392156 2024 05 11 16 25 00 003 8.33 9 8 8 8 7 7 8 9 9 9 9 9 9 8 8 8 8 8 8 8 8 8 9 9   -176.62    117.87    294.49    -29.37
4395297 2024 05 11 16 26 00 017 8.33 9 8 8 8 7 7 8 9 9 9 9 9 9 8 8 8 8 8 8 8 8 8 9 9   -187.02    107.02    294.04    -40.00
4398438 2024 05 11 16 27 00 018 8.33 9 8 8 8 7 7 8 9 9 9 9 9 9 8 8 8 8 8 8 8 8 8 9 9   -198.25     84.00    282.25    -57.13
4401579 2024 05 11 16 28 00 001 8.33 9 8 8 8 7 7 8 9 9 9 9 9 9 8 8 8 8 8 8 8 8 8 9 9   -232.72     68.33    301.05    -82.20
4404721 2024 05 11 16 29 00 005 8.33 9 8 8 8 7 7 8 9 9 9 9 9 8 8 8 8 8 8 8 8 8 8 9 9   -250.48     62.77    313.25    -93.86
4407862 2024 05 11 16 30 00 014 8.33 9 8 8 8 7 7 8 9 9 9 9 9 8 8 8 8 8 8 8 8 8 8 9 9   -248.28     52.54    300.82    -97.87
4411002 2024 05 11 16 31 00 006 8.33 9 8 8 8 7 7 8 9 9 9 9 8 8 8 8 8 8 8 8 8 8 8 9 9   -228.63     43.95    272.59    -92.34
4414144 2024 05 11 16 32 00 004 8.33 9 8 8 8 7 7 8 9 9 9 9 8 8 8 8 8 8 8 8 8 8 8 9 9   -240.39     30.81    271.20   -104.79
4417287 2024 05 11 16 33 00 005 8.33 9 8 8 8 7 7 8 9 9 9 9 8 8 8 8 8 8 8 8 8 8 8 9 9   -289.02     17.54    306.56   -135.74
4420431 2024 05 11 16 34 00 015 8.33 9 8 8 7 7 7 8 9 9 9 9 8 8 8 8 8 8 8 8 8 8 8 9 9   -315.01     15.03    330.04   -149.99
4423574 2024 05 11 16 35 00 011 8.33 9 8 8 7 7 7 8 9 9 9 9 8 8 8 8 8 8 8 8 8 8 8 9 9   -318.12     42.27    360.39   -137.92
4426717 2024 05 11 16 36 00 017 8.33 9 8 8 7 7 7 8 9 9 9 9 8 8 8 8 8 8 8 8 8 8 8 9 9   -334.59     10.12    344.71   -162.24
4429859 2024 05 11 16 37 00 001 8.33 9 8 8 7 7 7 8 9 9 9 9 8 8 8 8 8 8 8 8 8 9 9 9 9   -351.38      6.90    358.28   -172.24
4433003 2024 05 11 16 38 00 013 8.33 9 8 8 7 7 7 8 9 9 9 9 8 8 8 8 8 8 8 8 8 9 9 9 9   -382.49     15.10    397.59   -183.70
4436146 2024 05 11 16 39 00 006 8.33 9 8 8 7 7 7 8 9 9 9 9 8 8 8 8 8 8 8 8 8 9 9 9 9   -406.09     15.47    421.56   -195.31
4439289 2024 05 11 16 40 00 004 8.33 9 8 8 7 7 7 8 9 9 9 9 8 8 8 8 8 8 8 8 8 9 9 9 9   -446.18     17.73    463.91   -214.22
4442432 2024 05 11 16 41 00 011 8.33 9 8 8 7 7 7 8 9 9 9 9 8 8 8 8 8 8 8 8 8 9 9 9 9   -464.26     27.28    491.54   -218.49
4445575 2024 05 11 16 42 00 009 8.33 9 8 8 7 7 7 8 9 9 9 9 8 8 8 8 8 8 8 8 8 9 9 9 9   -479.48     23.75    503.23   -227.86
4448719 2024 05 11 16 43 00 015 8.33 9 8 8 7 7 7 9 9 9 9 9 8 8 8 8 8 8 8 8 8 9 9 9 9   -487.59     12.04    499.63   -237.78
4451863 2024 05 11 16 44 00 014 8.33 9 8 8 7 7 7 9 9 9 9 9 8 8 8 7 8 8 8 8 8 9 9 9 9   -462.26      8.17    470.43   -227.05
4455007 2024 05 11 16 45 00 009 8.33 9 8 8 7 7 7 9 9 9 9 9 8 8 8 7 8 8 8 8 8 9 9 9 9   -423.00     -8.16    414.84   -215.58
4458150 2024 05 11 16 46 00 004 8.33 9 8 8 7 7 7 9 9 9 9 9 8 8 8 7 8 8 8 8 8 9 9 9 9   -379.12    -15.38    363.74   -197.25
4461293 2024 05 11 16 47 00 000 8.33 9 8 8 7 7 7 9 9 9 9 9 8 8 8 7 8 8 8 8 8 9 9 9 9   -358.27    -16.94    341.33   -187.60
4464437 2024 05 11 16 48 00 005 8.33 9 8 8 7 7 7 9 9 9 9 9 8 8 8 7 8 8 8 8 8 9 9 9 9   -388.39    -15.16    373.23   -201.77
4467584 2024 05 11 16 49 00 004 8.33 9 8 8 7 7 7 9 9 9 9 9 8 8 8 7 8 8 8 8 8 9 9 9 9   -409.18     -0.72    408.46   -204.95
4470737 2024 05 11 16 50 00 005 8.33 9 8 8 7 7 8 9 9 9 9 9 8 8 8 7 8 8 8 8 8 9 9 9 9   -432.26     10.35    442.61   -210.96
4473892 2024 05 11 16 51 00 008 8.33 9 8 8 7 7 8 9 9 9 9 9 8 8 8 7 8 8 8 8 8 9 9 9 9   -458.45     12.91    471.35   -222.77
4477046 2024 05 11 16 52 00 017 8.33 9 8 8 7 7 8 9 9 9 9 9 8 8 8 7 8 8 8 8 9 9 9 9 9   -479.52     19.34    498.86   -230.09
4480195 2024 05 11 16 53 00 005 8.33 9 8 8 7 7 8 9 9 9 9 9 8 8 8 7 8 8 8 8 9 9 9 9 9   -501.38     27.29    528.67   -237.05
4483342 2024 05 11 16 54 00 015 8.33 9 8 8 7 7 8 9 9 9 9 9 8 8 8 7 8 8 8 8 9 9 9 9 9   -515.55     30.04    545.59   -242.76
4486489 2024 05 11 16 55 00 011 8.33 8 8 8 7 7 8 9 9 9 9 9 8 8 8 7 8 8 8 8 9 9 9 9 9   -510.29     33.01    543.30   -238.64
4489638 2024 05 11 16 56 00 006 8.33 8 8 8 7 7 8 9 9 9 9 9 8 8 8 7 8 8 8 8 9 9 9 9 9   -496.70     21.25    517.95   -237.73
4492789 2024 05 11 16 57 00 014 8.33 8 8 8 7 7 8 9 9 9 9 9 8 8 8 7 8 8 8 8 9 9 9 9 9   -480.15      3.30    483.45   -238.43
4495937 2024 05 11 16 58 00 002 8.33 8 8 8 7 7 8 9 9 9 9 9 8 8 8 7 8 8 8 8 9 9 9 9 9   -461.07     -6.67    454.40   -233.87
4499084 2024 05 11 16 59 00 010 8.33 8 8 7 7 7 8 9 9 9 9 9 8 8 8 7 8 8 8 8 9 9 9 9 9   -420.01    -15.89    404.13   -217.95
4502230 2024 05 11 17 00 00 000 8.33 8 8 7 7 7 8 9 9 9 9 9 8 8 8 7 8 8 8 8 9 9 9 9 9   -398.17    -20.48    377.68   -209.32
