cluster2 Created 2024-10-23 22:17:12.059863
Year Mo Dy Hr Mn Sc Msc X Y Z

#COORD
GSM

#START
2024      5     10     06     00     30    000   8.37 -12.55   3.45
2024      5     10     06     01     30    000   8.37 -12.56   3.47
2024      5     10     06     02     30    000   8.37 -12.57   3.48
2024      5     10     06     03     30    000   8.37 -12.58   3.50
2024      5     10     06     04     30    000   8.37 -12.59   3.51
2024      5     10     06     05     30    000   8.38 -12.60   3.53
2024      5     10     06     06     30    000   8.38 -12.61   3.55
2024      5     10     06     07     30    000   8.38 -12.62   3.56
2024      5     10     06     08     30    000   8.38 -12.63   3.58
2024      5     10     06     09     30    000   8.38 -12.64   3.60
2024      5     10     06     10     30    000   8.39 -12.65   3.61
2024      5     10     06     11     30    000   8.39 -12.66   3.63
2024      5     10     06     12     30    000   8.39 -12.67   3.64
2024      5     10     06     13     30    000   8.39 -12.68   3.66
2024      5     10     06     14     30    000   8.39 -12.69   3.68
2024      5     10     06     15     30    000   8.40 -12.70   3.69
2024      5     10     06     16     30    000   8.40 -12.71   3.71
2024      5     10     06     17     30    000   8.40 -12.72   3.73
2024      5     10     06     18     30    000   8.40 -12.73   3.74
2024      5     10     06     19     30    000   8.40 -12.74   3.76
2024      5     10     06     20     30    000   8.41 -12.75   3.77
2024      5     10     06     21     30    000   8.41 -12.76   3.79
2024      5     10     06     22     30    000   8.41 -12.77   3.81
2024      5     10     06     23     30    000   8.41 -12.78   3.82
2024      5     10     06     24     30    000   8.41 -12.79   3.84
2024      5     10     06     25     30    000   8.42 -12.80   3.86
2024      5     10     06     26     30    000   8.42 -12.81   3.87
2024      5     10     06     27     30    000   8.42 -12.82   3.89
2024      5     10     06     28     30    000   8.42 -12.83   3.90
2024      5     10     06     29     30    000   8.42 -12.84   3.92
2024      5     10     06     30     30    000   8.43 -12.85   3.94
2024      5     10     06     31     30    000   8.43 -12.86   3.95
2024      5     10     06     32     30    000   8.43 -12.87   3.97
2024      5     10     06     33     30    000   8.43 -12.88   3.99
2024      5     10     06     34     30    000   8.43 -12.89   4.00
2024      5     10     06     35     30    000   8.43 -12.90   4.02
2024      5     10     06     36     30    000   8.44 -12.91   4.03
2024      5     10     06     37     30    000   8.44 -12.92   4.05
2024      5     10     06     38     30    000   8.44 -12.93   4.07
2024      5     10     06     39     30    000   8.44 -12.94   4.08
2024      5     10     06     40     30    000   8.44 -12.95   4.10
2024      5     10     06     41     30    000   8.44 -12.96   4.11
2024      5     10     06     42     30    000   8.45 -12.97   4.13
2024      5     10     06     43     30    000   8.45 -12.98   4.15
2024      5     10     06     44     30    000   8.45 -12.99   4.16
2024      5     10     06     45     30    000   8.45 -13.00   4.18
2024      5     10     06     46     30    000   8.45 -13.00   4.19
2024      5     10     06     47     30    000   8.45 -13.01   4.21
2024      5     10     06     48     30    000   8.46 -13.02   4.23
2024      5     10     06     49     30    000   8.46 -13.03   4.24
2024      5     10     06     50     30    000   8.46 -13.04   4.26
2024      5     10     06     51     30    000   8.46 -13.05   4.27
2024      5     10     06     52     30    000   8.46 -13.06   4.29
2024      5     10     06     53     30    000   8.46 -13.07   4.31
2024      5     10     06     54     30    000   8.47 -13.08   4.32
2024      5     10     06     55     30    000   8.47 -13.09   4.34
2024      5     10     06     56     30    000   8.47 -13.10   4.35
2024      5     10     06     57     30    000   8.47 -13.10   4.37
2024      5     10     06     58     30    000   8.47 -13.11   4.39
2024      5     10     06     59     30    000   8.47 -13.12   4.40
2024      5     10     07     00     30    000   8.47 -13.13   4.42
2024      5     10     07     01     30    000   8.48 -13.14   4.43
2024      5     10     07     02     30    000   8.48 -13.15   4.45
2024      5     10     07     03     30    000   8.48 -13.16   4.47
2024      5     10     07     04     30    000   8.48 -13.17   4.48
2024      5     10     07     05     30    000   8.48 -13.18   4.50
2024      5     10     07     06     30    000   8.48 -13.18   4.51
2024      5     10     07     07     30    000   8.48 -13.19   4.53
2024      5     10     07     08     30    000   8.49 -13.20   4.54
2024      5     10     07     09     30    000   8.49 -13.21   4.56
2024      5     10     07     10     30    000   8.49 -13.22   4.58
2024      5     10     07     11     30    000   8.49 -13.23   4.59
2024      5     10     07     12     30    000   8.49 -13.24   4.61
2024      5     10     07     13     30    000   8.49 -13.25   4.62
2024      5     10     07     14     30    000   8.49 -13.25   4.64
2024      5     10     07     15     30    000   8.49 -13.26   4.65
2024      5     10     07     16     30    000   8.50 -13.27   4.67
2024      5     10     07     17     30    000   8.50 -13.28   4.69
2024      5     10     07     18     30    000   8.50 -13.29   4.70
2024      5     10     07     19     30    000   8.50 -13.30   4.72
2024      5     10     07     20     30    000   8.50 -13.30   4.73
2024      5     10     07     21     30    000   8.50 -13.31   4.75
2024      5     10     07     22     30    000   8.50 -13.32   4.76
2024      5     10     07     23     30    000   8.50 -13.33   4.78
2024      5     10     07     24     30    000   8.51 -13.34   4.79
2024      5     10     07     25     30    000   8.51 -13.35   4.81
2024      5     10     07     26     30    000   8.51 -13.36   4.82
2024      5     10     07     27     30    000   8.51 -13.36   4.84
2024      5     10     07     28     30    000   8.51 -13.37   4.86
2024      5     10     07     29     30    000   8.51 -13.38   4.87
2024      5     10     07     30     30    000   8.51 -13.39   4.89
2024      5     10     07     31     30    000   8.51 -13.40   4.90
2024      5     10     07     32     30    000   8.52 -13.40   4.92
2024      5     10     07     33     30    000   8.52 -13.41   4.93
2024      5     10     07     34     30    000   8.52 -13.42   4.95
2024      5     10     07     35     30    000   8.52 -13.43   4.96
2024      5     10     07     36     30    000   8.52 -13.44   4.98
2024      5     10     07     37     30    000   8.52 -13.45   4.99
2024      5     10     07     38     30    000   8.52 -13.45   5.01
2024      5     10     07     39     30    000   8.52 -13.46   5.02
2024      5     10     07     40     30    000   8.52 -13.47   5.04
2024      5     10     07     41     30    000   8.52 -13.48   5.05
2024      5     10     07     42     30    000   8.53 -13.49   5.07
2024      5     10     07     43     30    000   8.53 -13.49   5.08
2024      5     10     07     44     30    000   8.53 -13.50   5.10
2024      5     10     07     45     30    000   8.53 -13.51   5.11
2024      5     10     07     46     30    000   8.53 -13.52   5.13
2024      5     10     07     47     30    000   8.53 -13.53   5.14
2024      5     10     07     48     30    000   8.53 -13.53   5.16
2024      5     10     07     49     30    000   8.53 -13.54   5.17
2024      5     10     07     50     30    000   8.53 -13.55   5.19
2024      5     10     07     51     30    000   8.53 -13.56   5.20
2024      5     10     07     52     30    000   8.54 -13.56   5.22
2024      5     10     07     53     30    000   8.54 -13.57   5.23
2024      5     10     07     54     30    000   8.54 -13.58   5.25
2024      5     10     07     55     30    000   8.54 -13.59   5.26
2024      5     10     07     56     30    000   8.54 -13.60   5.28
2024      5     10     07     57     30    000   8.54 -13.60   5.29
2024      5     10     07     58     30    000   8.54 -13.61   5.31
2024      5     10     07     59     30    000   8.54 -13.62   5.32
2024      5     10     08     00     30    000   8.54 -13.63   5.34
2024      5     10     08     01     30    000   8.54 -13.63   5.35
2024      5     10     08     02     30    000   8.54 -13.64   5.37
2024      5     10     08     03     30    000   8.54 -13.65   5.38
2024      5     10     08     04     30    000   8.55 -13.66   5.40
2024      5     10     08     05     30    000   8.55 -13.67   5.41
2024      5     10     08     06     30    000   8.55 -13.67   5.42
2024      5     10     08     07     30    000   8.55 -13.68   5.44
2024      5     10     08     08     30    000   8.55 -13.69   5.45
2024      5     10     08     09     30    000   8.55 -13.70   5.47
2024      5     10     08     10     30    000   8.55 -13.70   5.48
2024      5     10     08     11     30    000   8.55 -13.71   5.50
2024      5     10     08     12     30    000   8.55 -13.72   5.51
2024      5     10     08     13     30    000   8.55 -13.73   5.53
2024      5     10     08     14     30    000   8.55 -13.73   5.54
2024      5     10     08     15     30    000   8.55 -13.74   5.55
2024      5     10     08     16     30    000   8.55 -13.75   5.57
2024      5     10     08     17     30    000   8.55 -13.76   5.58
2024      5     10     08     18     30    000   8.56 -13.76   5.60
2024      5     10     08     19     30    000   8.56 -13.77   5.61
2024      5     10     08     20     30    000   8.56 -13.78   5.62
2024      5     10     08     21     30    000   8.56 -13.79   5.64
2024      5     10     08     22     30    000   8.56 -13.79   5.65
2024      5     10     08     23     30    000   8.56 -13.80   5.67
2024      5     10     08     24     30    000   8.56 -13.81   5.68
2024      5     10     08     25     30    000   8.56 -13.82   5.69
2024      5     10     08     26     30    000   8.56 -13.82   5.71
2024      5     10     08     27     30    000   8.56 -13.83   5.72
2024      5     10     08     28     30    000   8.56 -13.84   5.74
2024      5     10     08     29     30    000   8.56 -13.84   5.75
2024      5     10     08     30     30    000   8.56 -13.85   5.76
2024      5     10     08     31     30    000   8.56 -13.86   5.78
2024      5     10     08     32     30    000   8.56 -13.87   5.79
2024      5     10     08     33     30    000   8.56 -13.87   5.81
2024      5     10     08     34     30    000   8.56 -13.88   5.82
2024      5     10     08     35     30    000   8.57 -13.89   5.83
2024      5     10     08     36     30    000   8.57 -13.90   5.85
2024      5     10     08     37     30    000   8.57 -13.90   5.86
2024      5     10     08     38     30    000   8.57 -13.91   5.87
2024      5     10     08     39     30    000   8.57 -13.92   5.89
2024      5     10     08     40     30    000   8.57 -13.92   5.90
2024      5     10     08     41     30    000   8.57 -13.93   5.91
2024      5     10     08     42     30    000   8.57 -13.94   5.93
2024      5     10     08     43     30    000   8.57 -13.95   5.94
2024      5     10     08     44     30    000   8.57 -13.95   5.95
2024      5     10     08     45     30    000   8.57 -13.96   5.97
2024      5     10     08     46     30    000   8.57 -13.97   5.98
2024      5     10     08     47     30    000   8.57 -13.97   5.99
2024      5     10     08     48     30    000   8.57 -13.98   6.01
2024      5     10     08     49     30    000   8.57 -13.99   6.02
2024      5     10     08     50     30    000   8.57 -14.00   6.03
2024      5     10     08     51     30    000   8.57 -14.00   6.05
2024      5     10     08     52     30    000   8.57 -14.01   6.06
2024      5     10     08     53     30    000   8.57 -14.02   6.07
2024      5     10     08     54     30    000   8.57 -14.02   6.09
2024      5     10     08     55     30    000   8.57 -14.03   6.10
2024      5     10     08     56     30    000   8.57 -14.04   6.11
2024      5     10     08     57     30    000   8.57 -14.05   6.12
2024      5     10     08     58     30    000   8.57 -14.05   6.14
2024      5     10     08     59     30    000   8.57 -14.06   6.15
2024      5     10     09     00     30    000   8.57 -14.07   6.16
2024      5     10     09     01     30    000   8.57 -14.07   6.18
2024      5     10     09     02     30    000   8.57 -14.08   6.19
2024      5     10     09     03     30    000   8.58 -14.09   6.20
2024      5     10     09     04     30    000   8.58 -14.10   6.21
2024      5     10     09     05     30    000   8.58 -14.10   6.23
2024      5     10     09     06     30    000   8.58 -14.11   6.24
2024      5     10     09     07     30    000   8.58 -14.12   6.25
2024      5     10     09     08     30    000   8.58 -14.12   6.26
2024      5     10     09     09     30    000   8.58 -14.13   6.28
2024      5     10     09     10     30    000   8.58 -14.14   6.29
2024      5     10     09     11     30    000   8.58 -14.14   6.30
2024      5     10     09     12     30    000   8.58 -14.15   6.31
2024      5     10     09     13     30    000   8.58 -14.16   6.33
2024      5     10     09     14     30    000   8.58 -14.17   6.34
2024      5     10     09     15     30    000   8.58 -14.17   6.35
2024      5     10     09     16     30    000   8.58 -14.18   6.36
2024      5     10     09     17     30    000   8.58 -14.19   6.37
2024      5     10     09     18     30    000   8.58 -14.19   6.39
2024      5     10     09     19     30    000   8.58 -14.20   6.40
2024      5     10     09     20     30    000   8.58 -14.21   6.41
2024      5     10     09     21     30    000   8.58 -14.22   6.42
2024      5     10     09     22     30    000   8.58 -14.22   6.43
2024      5     10     09     23     30    000   8.58 -14.23   6.45
2024      5     10     09     24     30    000   8.58 -14.24   6.46
2024      5     10     09     25     30    000   8.58 -14.24   6.47
2024      5     10     09     26     30    000   8.58 -14.25   6.48
2024      5     10     09     27     30    000   8.58 -14.26   6.49
2024      5     10     09     28     30    000   8.58 -14.26   6.50
2024      5     10     09     29     30    000   8.58 -14.27   6.52
2024      5     10     09     30     30    000   8.58 -14.28   6.53
2024      5     10     09     31     30    000   8.58 -14.29   6.54
2024      5     10     09     32     30    000   8.58 -14.29   6.55
2024      5     10     09     33     30    000   8.58 -14.30   6.56
2024      5     10     09     34     30    000   8.58 -14.31   6.57
2024      5     10     09     35     30    000   8.58 -14.31   6.58
2024      5     10     09     36     30    000   8.58 -14.32   6.60
2024      5     10     09     37     30    000   8.58 -14.33   6.61
2024      5     10     09     38     30    000   8.58 -14.33   6.62
2024      5     10     09     39     30    000   8.58 -14.34   6.63
2024      5     10     09     40     30    000   8.58 -14.35   6.64
2024      5     10     09     41     30    000   8.58 -14.35   6.65
2024      5     10     09     42     30    000   8.58 -14.36   6.66
2024      5     10     09     43     30    000   8.58 -14.37   6.67
2024      5     10     09     44     30    000   8.58 -14.38   6.69
2024      5     10     09     45     30    000   8.58 -14.38   6.70
2024      5     10     09     46     30    000   8.58 -14.39   6.71
2024      5     10     09     47     30    000   8.58 -14.40   6.72
2024      5     10     09     48     30    000   8.58 -14.40   6.73
2024      5     10     09     49     30    000   8.58 -14.41   6.74
2024      5     10     09     50     30    000   8.58 -14.42   6.75
2024      5     10     09     51     30    000   8.58 -14.42   6.76
2024      5     10     09     52     30    000   8.58 -14.43   6.77
2024      5     10     09     53     30    000   8.58 -14.44   6.78
2024      5     10     09     54     30    000   8.58 -14.45   6.79
2024      5     10     09     55     30    000   8.58 -14.45   6.80
2024      5     10     09     56     30    000   8.58 -14.46   6.81
2024      5     10     09     57     30    000   8.57 -14.47   6.82
2024      5     10     09     58     30    000   8.57 -14.47   6.83
2024      5     10     09     59     30    000   8.57 -14.48   6.84
2024      5     10     10     00     30    000   8.57 -14.49   6.85
2024      5     10     10     01     30    000   8.57 -14.49   6.86
2024      5     10     10     02     30    000   8.57 -14.50   6.88
2024      5     10     10     03     30    000   8.57 -14.51   6.89
2024      5     10     10     04     30    000   8.57 -14.52   6.90
2024      5     10     10     05     30    000   8.57 -14.52   6.91
2024      5     10     10     06     30    000   8.57 -14.53   6.92
2024      5     10     10     07     30    000   8.57 -14.54   6.93
2024      5     10     10     08     30    000   8.57 -14.54   6.94
2024      5     10     10     09     30    000   8.57 -14.55   6.95
2024      5     10     10     10     30    000   8.57 -14.56   6.95
2024      5     10     10     11     30    000   8.57 -14.57   6.96
2024      5     10     10     12     30    000   8.57 -14.57   6.97
2024      5     10     10     13     30    000   8.57 -14.58   6.98
2024      5     10     10     14     30    000   8.57 -14.59   6.99
2024      5     10     10     15     30    000   8.57 -14.59   7.00
2024      5     10     10     16     30    000   8.57 -14.60   7.01
2024      5     10     10     17     30    000   8.57 -14.61   7.02
2024      5     10     10     18     30    000   8.57 -14.62   7.03
2024      5     10     10     19     30    000   8.57 -14.62   7.04
2024      5     10     10     20     30    000   8.57 -14.63   7.05
2024      5     10     10     21     30    000   8.57 -14.64   7.06
2024      5     10     10     22     30    000   8.57 -14.64   7.07
2024      5     10     10     23     30    000   8.57 -14.65   7.08
2024      5     10     10     24     30    000   8.57 -14.66   7.09
2024      5     10     10     25     30    000   8.57 -14.67   7.10
2024      5     10     10     26     30    000   8.56 -14.67   7.10
2024      5     10     10     27     30    000   8.56 -14.68   7.11
2024      5     10     10     28     30    000   8.56 -14.69   7.12
2024      5     10     10     29     30    000   8.56 -14.69   7.13
2024      5     10     10     30     30    000   8.56 -14.70   7.14
2024      5     10     10     31     30    000   8.56 -14.71   7.15
2024      5     10     10     32     30    000   8.56 -14.72   7.16
2024      5     10     10     33     30    000   8.56 -14.72   7.17
2024      5     10     10     34     30    000   8.56 -14.73   7.18
2024      5     10     10     35     30    000   8.56 -14.74   7.18
2024      5     10     10     36     30    000   8.56 -14.74   7.19
2024      5     10     10     37     30    000   8.56 -14.75   7.20
2024      5     10     10     38     30    000   8.56 -14.76   7.21
2024      5     10     10     39     30    000   8.56 -14.77   7.22
2024      5     10     10     40     30    000   8.56 -14.77   7.23
2024      5     10     10     41     30    000   8.56 -14.78   7.23
2024      5     10     10     42     30    000   8.56 -14.79   7.24
2024      5     10     10     43     30    000   8.56 -14.80   7.25
2024      5     10     10     44     30    000   8.56 -14.80   7.26
2024      5     10     10     45     30    000   8.55 -14.81   7.27
2024      5     10     10     46     30    000   8.55 -14.82   7.27
2024      5     10     10     47     30    000   8.55 -14.82   7.28
2024      5     10     10     48     30    000   8.55 -14.83   7.29
2024      5     10     10     49     30    000   8.55 -14.84   7.30
2024      5     10     10     50     30    000   8.55 -14.85   7.31
2024      5     10     10     51     30    000   8.55 -14.85   7.31
2024      5     10     10     52     30    000   8.55 -14.86   7.32
2024      5     10     10     53     30    000   8.55 -14.87   7.33
2024      5     10     10     54     30    000   8.55 -14.88   7.34
2024      5     10     10     55     30    000   8.55 -14.88   7.34
2024      5     10     10     56     30    000   8.55 -14.89   7.35
2024      5     10     10     57     30    000   8.55 -14.90   7.36
2024      5     10     10     58     30    000   8.55 -14.91   7.37
2024      5     10     10     59     30    000   8.55 -14.91   7.37
2024      5     10     11     00     30    000   8.54 -14.92   7.38
2024      5     10     11     01     30    000   8.54 -14.93   7.39
2024      5     10     11     02     30    000   8.54 -14.94   7.40
2024      5     10     11     03     30    000   8.54 -14.94   7.40
2024      5     10     11     04     30    000   8.54 -14.95   7.41
2024      5     10     11     05     30    000   8.54 -14.96   7.42
2024      5     10     11     06     30    000   8.54 -14.97   7.42
2024      5     10     11     07     30    000   8.54 -14.97   7.43
2024      5     10     11     08     30    000   8.54 -14.98   7.44
2024      5     10     11     09     30    000   8.54 -14.99   7.44
2024      5     10     11     10     30    000   8.54 -15.00   7.45
2024      5     10     11     11     30    000   8.54 -15.00   7.46
2024      5     10     11     12     30    000   8.54 -15.01   7.46
2024      5     10     11     13     30    000   8.54 -15.02   7.47
2024      5     10     11     14     30    000   8.53 -15.03   7.48
2024      5     10     11     15     30    000   8.53 -15.03   7.48
2024      5     10     11     16     30    000   8.53 -15.04   7.49
2024      5     10     11     17     30    000   8.53 -15.05   7.50
2024      5     10     11     18     30    000   8.53 -15.06   7.50
2024      5     10     11     19     30    000   8.53 -15.06   7.51
2024      5     10     11     20     30    000   8.53 -15.07   7.51
2024      5     10     11     21     30    000   8.53 -15.08   7.52
2024      5     10     11     22     30    000   8.53 -15.09   7.53
2024      5     10     11     23     30    000   8.53 -15.10   7.53
2024      5     10     11     24     30    000   8.53 -15.10   7.54
2024      5     10     11     25     30    000   8.52 -15.11   7.54
2024      5     10     11     26     30    000   8.52 -15.12   7.55
2024      5     10     11     27     30    000   8.52 -15.13   7.56
2024      5     10     11     28     30    000   8.52 -15.13   7.56
2024      5     10     11     29     30    000   8.52 -15.14   7.57
2024      5     10     11     30     30    000   8.52 -15.15   7.57
2024      5     10     11     31     30    000   8.52 -15.16   7.58
2024      5     10     11     32     30    000   8.52 -15.17   7.58
2024      5     10     11     33     30    000   8.52 -15.17   7.59
2024      5     10     11     34     30    000   8.52 -15.18   7.60
2024      5     10     11     35     30    000   8.52 -15.19   7.60
2024      5     10     11     36     30    000   8.51 -15.20   7.61
2024      5     10     11     37     30    000   8.51 -15.21   7.61
2024      5     10     11     38     30    000   8.51 -15.21   7.62
2024      5     10     11     39     30    000   8.51 -15.22   7.62
2024      5     10     11     40     30    000   8.51 -15.23   7.63
2024      5     10     11     41     30    000   8.51 -15.24   7.63
2024      5     10     11     42     30    000   8.51 -15.24   7.64
2024      5     10     11     43     30    000   8.51 -15.25   7.64
2024      5     10     11     44     30    000   8.51 -15.26   7.65
2024      5     10     11     45     30    000   8.51 -15.27   7.65
2024      5     10     11     46     30    000   8.50 -15.28   7.66
2024      5     10     11     47     30    000   8.50 -15.28   7.66
2024      5     10     11     48     30    000   8.50 -15.29   7.66
2024      5     10     11     49     30    000   8.50 -15.30   7.67
2024      5     10     11     50     30    000   8.50 -15.31   7.67
2024      5     10     11     51     30    000   8.50 -15.32   7.68
2024      5     10     11     52     30    000   8.50 -15.33   7.68
2024      5     10     11     53     30    000   8.50 -15.33   7.69
2024      5     10     11     54     30    000   8.50 -15.34   7.69
2024      5     10     11     55     30    000   8.49 -15.35   7.70
2024      5     10     11     56     30    000   8.49 -15.36   7.70
2024      5     10     11     57     30    000   8.49 -15.37   7.70
2024      5     10     11     58     30    000   8.49 -15.37   7.71
2024      5     10     11     59     30    000   8.49 -15.38   7.71
2024      5     10     12     00     30    000   8.49 -15.39   7.72
2024      5     10     12     01     30    000   8.49 -15.40   7.72
2024      5     10     12     02     30    000   8.49 -15.41   7.72
2024      5     10     12     03     30    000   8.49 -15.42   7.73
2024      5     10     12     04     30    000   8.48 -15.42   7.73
2024      5     10     12     05     30    000   8.48 -15.43   7.73
2024      5     10     12     06     30    000   8.48 -15.44   7.74
2024      5     10     12     07     30    000   8.48 -15.45   7.74
2024      5     10     12     08     30    000   8.48 -15.46   7.74
2024      5     10     12     09     30    000   8.48 -15.47   7.75
2024      5     10     12     10     30    000   8.48 -15.47   7.75
2024      5     10     12     11     30    000   8.48 -15.48   7.75
2024      5     10     12     12     30    000   8.47 -15.49   7.76
2024      5     10     12     13     30    000   8.47 -15.50   7.76
2024      5     10     12     14     30    000   8.47 -15.51   7.76
2024      5     10     12     15     30    000   8.47 -15.52   7.77
2024      5     10     12     16     30    000   8.47 -15.52   7.77
2024      5     10     12     17     30    000   8.47 -15.53   7.77
2024      5     10     12     18     30    000   8.47 -15.54   7.78
2024      5     10     12     19     30    000   8.47 -15.55   7.78
2024      5     10     12     20     30    000   8.46 -15.56   7.78
2024      5     10     12     21     30    000   8.46 -15.57   7.78
2024      5     10     12     22     30    000   8.46 -15.58   7.79
2024      5     10     12     23     30    000   8.46 -15.58   7.79
2024      5     10     12     24     30    000   8.46 -15.59   7.79
2024      5     10     12     25     30    000   8.46 -15.60   7.79
2024      5     10     12     26     30    000   8.46 -15.61   7.80
2024      5     10     12     27     30    000   8.46 -15.62   7.80
2024      5     10     12     28     30    000   8.45 -15.63   7.80
2024      5     10     12     29     30    000   8.45 -15.64   7.80
2024      5     10     12     30     30    000   8.45 -15.65   7.81
2024      5     10     12     31     30    000   8.45 -15.65   7.81
2024      5     10     12     32     30    000   8.45 -15.66   7.81
2024      5     10     12     33     30    000   8.45 -15.67   7.81
2024      5     10     12     34     30    000   8.45 -15.68   7.81
2024      5     10     12     35     30    000   8.44 -15.69   7.81
2024      5     10     12     36     30    000   8.44 -15.70   7.82
2024      5     10     12     37     30    000   8.44 -15.71   7.82
2024      5     10     12     38     30    000   8.44 -15.72   7.82
2024      5     10     12     39     30    000   8.44 -15.72   7.82
2024      5     10     12     40     30    000   8.44 -15.73   7.82
2024      5     10     12     41     30    000   8.44 -15.74   7.82
2024      5     10     12     42     30    000   8.44 -15.75   7.83
2024      5     10     12     43     30    000   8.43 -15.76   7.83
2024      5     10     12     44     30    000   8.43 -15.77   7.83
2024      5     10     12     45     30    000   8.43 -15.78   7.83
2024      5     10     12     46     30    000   8.43 -15.79   7.83
2024      5     10     12     47     30    000   8.43 -15.79   7.83
2024      5     10     12     48     30    000   8.43 -15.80   7.83
2024      5     10     12     49     30    000   8.43 -15.81   7.83
2024      5     10     12     50     30    000   8.42 -15.82   7.84
2024      5     10     12     51     30    000   8.42 -15.83   7.84
2024      5     10     12     52     30    000   8.42 -15.84   7.84
2024      5     10     12     53     30    000   8.42 -15.85   7.84
2024      5     10     12     54     30    000   8.42 -15.86   7.84
2024      5     10     12     55     30    000   8.42 -15.87   7.84
2024      5     10     12     56     30    000   8.41 -15.88   7.84
2024      5     10     12     57     30    000   8.41 -15.89   7.84
2024      5     10     12     58     30    000   8.41 -15.89   7.84
2024      5     10     12     59     30    000   8.41 -15.90   7.84
2024      5     10     13     00     30    000   8.41 -15.91   7.84
2024      5     10     13     01     30    000   8.41 -15.92   7.84
2024      5     10     13     02     30    000   8.41 -15.93   7.84
2024      5     10     13     03     30    000   8.40 -15.94   7.84
2024      5     10     13     04     30    000   8.40 -15.95   7.84
2024      5     10     13     05     30    000   8.40 -15.96   7.84
2024      5     10     13     06     30    000   8.40 -15.97   7.84
2024      5     10     13     07     30    000   8.40 -15.98   7.84
2024      5     10     13     08     30    000   8.40 -15.99   7.84
2024      5     10     13     09     30    000   8.39 -16.00   7.84
2024      5     10     13     10     30    000   8.39 -16.00   7.84
2024      5     10     13     11     30    000   8.39 -16.01   7.84
2024      5     10     13     12     30    000   8.39 -16.02   7.84
2024      5     10     13     13     30    000   8.39 -16.03   7.84
2024      5     10     13     14     30    000   8.39 -16.04   7.84
2024      5     10     13     15     30    000   8.38 -16.05   7.84
2024      5     10     13     16     30    000   8.38 -16.06   7.84
2024      5     10     13     17     30    000   8.38 -16.07   7.84
2024      5     10     13     18     30    000   8.38 -16.08   7.84
2024      5     10     13     19     30    000   8.38 -16.09   7.84
2024      5     10     13     20     30    000   8.38 -16.10   7.84
2024      5     10     13     21     30    000   8.38 -16.11   7.84
2024      5     10     13     22     30    000   8.37 -16.12   7.83
2024      5     10     13     23     30    000   8.37 -16.13   7.83
2024      5     10     13     24     30    000   8.37 -16.14   7.83
2024      5     10     13     25     30    000   8.37 -16.15   7.83
2024      5     10     13     26     30    000   8.37 -16.15   7.83
2024      5     10     13     27     30    000   8.36 -16.16   7.83
2024      5     10     13     28     30    000   8.36 -16.17   7.83
2024      5     10     13     29     30    000   8.36 -16.18   7.83
2024      5     10     13     30     30    000   8.36 -16.19   7.83
2024      5     10     13     31     30    000   8.36 -16.20   7.82
2024      5     10     13     32     30    000   8.36 -16.21   7.82
2024      5     10     13     33     30    000   8.35 -16.22   7.82
2024      5     10     13     34     30    000   8.35 -16.23   7.82
2024      5     10     13     35     30    000   8.35 -16.24   7.82
2024      5     10     13     36     30    000   8.35 -16.25   7.82
2024      5     10     13     37     30    000   8.35 -16.26   7.81
2024      5     10     13     38     30    000   8.35 -16.27   7.81
2024      5     10     13     39     30    000   8.34 -16.28   7.81
2024      5     10     13     40     30    000   8.34 -16.29   7.81
2024      5     10     13     41     30    000   8.34 -16.30   7.81
2024      5     10     13     42     30    000   8.34 -16.31   7.80
2024      5     10     13     43     30    000   8.34 -16.32   7.80
2024      5     10     13     44     30    000   8.34 -16.33   7.80
2024      5     10     13     45     30    000   8.33 -16.34   7.80
2024      5     10     13     46     30    000   8.33 -16.35   7.79
2024      5     10     13     47     30    000   8.33 -16.36   7.79
2024      5     10     13     48     30    000   8.33 -16.37   7.79
2024      5     10     13     49     30    000   8.33 -16.38   7.79
2024      5     10     13     50     30    000   8.32 -16.39   7.78
2024      5     10     13     51     30    000   8.32 -16.40   7.78
2024      5     10     13     52     30    000   8.32 -16.41   7.78
2024      5     10     13     53     30    000   8.32 -16.42   7.78
2024      5     10     13     54     30    000   8.32 -16.43   7.77
2024      5     10     13     55     30    000   8.31 -16.44   7.77
2024      5     10     13     56     30    000   8.31 -16.44   7.77
2024      5     10     13     57     30    000   8.31 -16.45   7.77
2024      5     10     13     58     30    000   8.31 -16.46   7.76
2024      5     10     13     59     30    000   8.31 -16.47   7.76
2024      5     10     14     00     30    000   8.31 -16.48   7.76
2024      5     10     14     01     30    000   8.30 -16.49   7.75
2024      5     10     14     02     30    000   8.30 -16.50   7.75
2024      5     10     14     03     30    000   8.30 -16.51   7.75
2024      5     10     14     04     30    000   8.30 -16.52   7.74
2024      5     10     14     05     30    000   8.30 -16.53   7.74
2024      5     10     14     06     30    000   8.29 -16.54   7.74
2024      5     10     14     07     30    000   8.29 -16.55   7.73
2024      5     10     14     08     30    000   8.29 -16.56   7.73
2024      5     10     14     09     30    000   8.29 -16.57   7.73
2024      5     10     14     10     30    000   8.29 -16.58   7.72
2024      5     10     14     11     30    000   8.28 -16.59   7.72
2024      5     10     14     12     30    000   8.28 -16.60   7.71
2024      5     10     14     13     30    000   8.28 -16.61   7.71
2024      5     10     14     14     30    000   8.28 -16.62   7.71
2024      5     10     14     15     30    000   8.28 -16.63   7.70
2024      5     10     14     16     30    000   8.27 -16.64   7.70
2024      5     10     14     17     30    000   8.27 -16.65   7.69
2024      5     10     14     18     30    000   8.27 -16.66   7.69
2024      5     10     14     19     30    000   8.27 -16.67   7.69
2024      5     10     14     20     30    000   8.27 -16.68   7.68
2024      5     10     14     21     30    000   8.26 -16.69   7.68
2024      5     10     14     22     30    000   8.26 -16.70   7.67
2024      5     10     14     23     30    000   8.26 -16.71   7.67
2024      5     10     14     24     30    000   8.26 -16.72   7.66
2024      5     10     14     25     30    000   8.26 -16.73   7.66
2024      5     10     14     26     30    000   8.25 -16.74   7.66
2024      5     10     14     27     30    000   8.25 -16.75   7.65
2024      5     10     14     28     30    000   8.25 -16.76   7.65
2024      5     10     14     29     30    000   8.25 -16.77   7.64
2024      5     10     14     30     30    000   8.25 -16.78   7.64
2024      5     10     14     31     30    000   8.24 -16.79   7.63
2024      5     10     14     32     30    000   8.24 -16.80   7.63
2024      5     10     14     33     30    000   8.24 -16.82   7.62
2024      5     10     14     34     30    000   8.24 -16.83   7.62
2024      5     10     14     35     30    000   8.24 -16.84   7.61
2024      5     10     14     36     30    000   8.23 -16.85   7.61
2024      5     10     14     37     30    000   8.23 -16.86   7.60
2024      5     10     14     38     30    000   8.23 -16.87   7.60
2024      5     10     14     39     30    000   8.23 -16.88   7.59
2024      5     10     14     40     30    000   8.22 -16.89   7.59
2024      5     10     14     41     30    000   8.22 -16.90   7.58
2024      5     10     14     42     30    000   8.22 -16.91   7.58
2024      5     10     14     43     30    000   8.22 -16.92   7.57
2024      5     10     14     44     30    000   8.22 -16.93   7.57
2024      5     10     14     45     30    000   8.21 -16.94   7.56
2024      5     10     14     46     30    000   8.21 -16.95   7.55
2024      5     10     14     47     30    000   8.21 -16.96   7.55
2024      5     10     14     48     30    000   8.21 -16.97   7.54
2024      5     10     14     49     30    000   8.21 -16.98   7.54
2024      5     10     14     50     30    000   8.20 -16.99   7.53
2024      5     10     14     51     30    000   8.20 -17.00   7.53
2024      5     10     14     52     30    000   8.20 -17.01   7.52
2024      5     10     14     53     30    000   8.20 -17.02   7.51
2024      5     10     14     54     30    000   8.19 -17.03   7.51
2024      5     10     14     55     30    000   8.19 -17.04   7.50
2024      5     10     14     56     30    000   8.19 -17.05   7.50
2024      5     10     14     57     30    000   8.19 -17.06   7.49
2024      5     10     14     58     30    000   8.19 -17.07   7.48
2024      5     10     14     59     30    000   8.18 -17.08   7.48
2024      5     10     15     00     30    000   8.18 -17.09   7.47
2024      5     10     15     01     30    000   8.18 -17.10   7.47
2024      5     10     15     02     30    000   8.18 -17.11   7.46
2024      5     10     15     03     30    000   8.17 -17.12   7.45
2024      5     10     15     04     30    000   8.17 -17.13   7.45
2024      5     10     15     05     30    000   8.17 -17.14   7.44
2024      5     10     15     06     30    000   8.17 -17.15   7.43
2024      5     10     15     07     30    000   8.17 -17.16   7.43
2024      5     10     15     08     30    000   8.16 -17.17   7.42
2024      5     10     15     09     30    000   8.16 -17.18   7.41
2024      5     10     15     10     30    000   8.16 -17.19   7.41
2024      5     10     15     11     30    000   8.16 -17.20   7.40
2024      5     10     15     12     30    000   8.15 -17.21   7.39
2024      5     10     15     13     30    000   8.15 -17.22   7.39
2024      5     10     15     14     30    000   8.15 -17.23   7.38
2024      5     10     15     15     30    000   8.15 -17.24   7.37
2024      5     10     15     16     30    000   8.14 -17.25   7.37
2024      5     10     15     17     30    000   8.14 -17.26   7.36
2024      5     10     15     18     30    000   8.14 -17.27   7.35
2024      5     10     15     19     30    000   8.14 -17.29   7.34
2024      5     10     15     20     30    000   8.14 -17.30   7.34
2024      5     10     15     21     30    000   8.13 -17.31   7.33
2024      5     10     15     22     30    000   8.13 -17.32   7.32
2024      5     10     15     23     30    000   8.13 -17.33   7.32
2024      5     10     15     24     30    000   8.13 -17.34   7.31
2024      5     10     15     25     30    000   8.12 -17.35   7.30
2024      5     10     15     26     30    000   8.12 -17.36   7.29
2024      5     10     15     27     30    000   8.12 -17.37   7.29
2024      5     10     15     28     30    000   8.12 -17.38   7.28
2024      5     10     15     29     30    000   8.11 -17.39   7.27
2024      5     10     15     30     30    000   8.11 -17.40   7.26
2024      5     10     15     31     30    000   8.11 -17.41   7.26
2024      5     10     15     32     30    000   8.11 -17.42   7.25
2024      5     10     15     33     30    000   8.10 -17.43   7.24
2024      5     10     15     34     30    000   8.10 -17.44   7.23
2024      5     10     15     35     30    000   8.10 -17.45   7.23
2024      5     10     15     36     30    000   8.10 -17.46   7.22
2024      5     10     15     37     30    000   8.09 -17.47   7.21
2024      5     10     15     38     30    000   8.09 -17.48   7.20
2024      5     10     15     39     30    000   8.09 -17.49   7.20
2024      5     10     15     40     30    000   8.09 -17.50   7.19
2024      5     10     15     41     30    000   8.09 -17.51   7.18
2024      5     10     15     42     30    000   8.08 -17.52   7.17
2024      5     10     15     43     30    000   8.08 -17.53   7.16
2024      5     10     15     44     30    000   8.08 -17.54   7.16
2024      5     10     15     45     30    000   8.08 -17.55   7.15
2024      5     10     15     46     30    000   8.07 -17.56   7.14
2024      5     10     15     47     30    000   8.07 -17.57   7.13
2024      5     10     15     48     30    000   8.07 -17.58   7.12
2024      5     10     15     49     30    000   8.07 -17.59   7.11
2024      5     10     15     50     30    000   8.06 -17.60   7.11
2024      5     10     15     51     30    000   8.06 -17.61   7.10
2024      5     10     15     52     30    000   8.06 -17.62   7.09
2024      5     10     15     53     30    000   8.06 -17.63   7.08
2024      5     10     15     54     30    000   8.05 -17.64   7.07
2024      5     10     15     55     30    000   8.05 -17.65   7.06
2024      5     10     15     56     30    000   8.05 -17.66   7.06
2024      5     10     15     57     30    000   8.05 -17.67   7.05
2024      5     10     15     58     30    000   8.04 -17.68   7.04
2024      5     10     15     59     30    000   8.04 -17.69   7.03
2024      5     10     16     00     30    000   8.04 -17.70   7.02
2024      5     10     16     01     30    000   8.03 -17.71   7.01
2024      5     10     16     02     30    000   8.03 -17.72   7.01
2024      5     10     16     03     30    000   8.03 -17.73   7.00
2024      5     10     16     04     30    000   8.03 -17.74   6.99
2024      5     10     16     05     30    000   8.02 -17.75   6.98
2024      5     10     16     06     30    000   8.02 -17.76   6.97
2024      5     10     16     07     30    000   8.02 -17.77   6.96
2024      5     10     16     08     30    000   8.02 -17.78   6.95
2024      5     10     16     09     30    000   8.01 -17.79   6.94
2024      5     10     16     10     30    000   8.01 -17.80   6.94
2024      5     10     16     11     30    000   8.01 -17.81   6.93
2024      5     10     16     12     30    000   8.01 -17.82   6.92
2024      5     10     16     13     30    000   8.00 -17.83   6.91
2024      5     10     16     14     30    000   8.00 -17.84   6.90
2024      5     10     16     15     30    000   8.00 -17.85   6.89
2024      5     10     16     16     30    000   8.00 -17.86   6.88
2024      5     10     16     17     30    000   7.99 -17.87   6.87
2024      5     10     16     18     30    000   7.99 -17.88   6.86
2024      5     10     16     19     30    000   7.99 -17.89   6.85
2024      5     10     16     20     30    000   7.99 -17.90   6.85
2024      5     10     16     21     30    000   7.98 -17.91   6.84
2024      5     10     16     22     30    000   7.98 -17.92   6.83
2024      5     10     16     23     30    000   7.98 -17.93   6.82
2024      5     10     16     24     30    000   7.97 -17.94   6.81
2024      5     10     16     25     30    000   7.97 -17.95   6.80
2024      5     10     16     26     30    000   7.97 -17.96   6.79
2024      5     10     16     27     30    000   7.97 -17.97   6.78
2024      5     10     16     28     30    000   7.96 -17.98   6.77
2024      5     10     16     29     30    000   7.96 -17.99   6.76
2024      5     10     16     30     30    000   7.96 -18.00   6.75
2024      5     10     16     31     30    000   7.96 -18.01   6.74
2024      5     10     16     32     30    000   7.95 -18.02   6.73
2024      5     10     16     33     30    000   7.95 -18.03   6.72
2024      5     10     16     34     30    000   7.95 -18.04   6.72
2024      5     10     16     35     30    000   7.94 -18.05   6.71
2024      5     10     16     36     30    000   7.94 -18.06   6.70
2024      5     10     16     37     30    000   7.94 -18.07   6.69
2024      5     10     16     38     30    000   7.94 -18.08   6.68
2024      5     10     16     39     30    000   7.93 -18.09   6.67
2024      5     10     16     40     30    000   7.93 -18.10   6.66
2024      5     10     16     41     30    000   7.93 -18.11   6.65
2024      5     10     16     42     30    000   7.93 -18.11   6.64
2024      5     10     16     43     30    000   7.92 -18.12   6.63
2024      5     10     16     44     30    000   7.92 -18.13   6.62
2024      5     10     16     45     30    000   7.92 -18.14   6.61
2024      5     10     16     46     30    000   7.91 -18.15   6.60
2024      5     10     16     47     30    000   7.91 -18.16   6.59
2024      5     10     16     48     30    000   7.91 -18.17   6.58
2024      5     10     16     49     30    000   7.91 -18.18   6.57
2024      5     10     16     50     30    000   7.90 -18.19   6.56
2024      5     10     16     51     30    000   7.90 -18.20   6.55
2024      5     10     16     52     30    000   7.90 -18.21   6.54
2024      5     10     16     53     30    000   7.89 -18.22   6.53
2024      5     10     16     54     30    000   7.89 -18.23   6.52
2024      5     10     16     55     30    000   7.89 -18.24   6.51
2024      5     10     16     56     30    000   7.89 -18.25   6.50
2024      5     10     16     57     30    000   7.88 -18.26   6.49
2024      5     10     16     58     30    000   7.88 -18.27   6.48
2024      5     10     16     59     30    000   7.88 -18.28   6.47
2024      5     10     17     00     30    000   7.87 -18.28   6.46
2024      5     10     17     01     30    000   7.87 -18.29   6.46
2024      5     10     17     02     30    000   7.87 -18.30   6.45
2024      5     10     17     03     30    000   7.87 -18.31   6.44
2024      5     10     17     04     30    000   7.86 -18.32   6.43
2024      5     10     17     05     30    000   7.86 -18.33   6.42
2024      5     10     17     06     30    000   7.86 -18.34   6.41
2024      5     10     17     07     30    000   7.85 -18.35   6.40
2024      5     10     17     08     30    000   7.85 -18.36   6.39
2024      5     10     17     09     30    000   7.85 -18.37   6.38
2024      5     10     17     10     30    000   7.85 -18.38   6.37
2024      5     10     17     11     30    000   7.84 -18.39   6.36
2024      5     10     17     12     30    000   7.84 -18.39   6.35
2024      5     10     17     13     30    000   7.84 -18.40   6.34
2024      5     10     17     14     30    000   7.83 -18.41   6.33
2024      5     10     17     15     30    000   7.83 -18.42   6.32
2024      5     10     17     16     30    000   7.83 -18.43   6.31
2024      5     10     17     17     30    000   7.83 -18.44   6.30
2024      5     10     17     18     30    000   7.82 -18.45   6.29
2024      5     10     17     19     30    000   7.82 -18.46   6.28
2024      5     10     17     20     30    000   7.82 -18.47   6.27
2024      5     10     17     21     30    000   7.81 -18.48   6.26
2024      5     10     17     22     30    000   7.81 -18.48   6.25
2024      5     10     17     23     30    000   7.81 -18.49   6.24
2024      5     10     17     24     30    000   7.81 -18.50   6.23
2024      5     10     17     25     30    000   7.80 -18.51   6.22
2024      5     10     17     26     30    000   7.80 -18.52   6.21
2024      5     10     17     27     30    000   7.80 -18.53   6.20
2024      5     10     17     28     30    000   7.79 -18.54   6.19
2024      5     10     17     29     30    000   7.79 -18.55   6.18
2024      5     10     17     30     30    000   7.79 -18.55   6.17
2024      5     10     17     31     30    000   7.78 -18.56   6.16
2024      5     10     17     32     30    000   7.78 -18.57   6.15
2024      5     10     17     33     30    000   7.78 -18.58   6.14
2024      5     10     17     34     30    000   7.78 -18.59   6.13
2024      5     10     17     35     30    000   7.77 -18.60   6.12
2024      5     10     17     36     30    000   7.77 -18.61   6.11
2024      5     10     17     37     30    000   7.77 -18.62   6.10
2024      5     10     17     38     30    000   7.76 -18.62   6.09
2024      5     10     17     39     30    000   7.76 -18.63   6.08
2024      5     10     17     40     30    000   7.76 -18.64   6.07
2024      5     10     17     41     30    000   7.75 -18.65   6.06
2024      5     10     17     42     30    000   7.75 -18.66   6.05
2024      5     10     17     43     30    000   7.75 -18.67   6.04
2024      5     10     17     44     30    000   7.74 -18.67   6.03
2024      5     10     17     45     30    000   7.74 -18.68   6.02
2024      5     10     17     46     30    000   7.74 -18.69   6.01
2024      5     10     17     47     30    000   7.74 -18.70   6.00
2024      5     10     17     48     30    000   7.73 -18.71   5.99
2024      5     10     17     49     30    000   7.73 -18.72   5.98
2024      5     10     17     50     30    000   7.73 -18.73   5.97
2024      5     10     17     51     30    000   7.72 -18.73   5.96
2024      5     10     17     52     30    000   7.72 -18.74   5.95
2024      5     10     17     53     30    000   7.72 -18.75   5.94
2024      5     10     17     54     30    000   7.71 -18.76   5.93
2024      5     10     17     55     30    000   7.71 -18.77   5.92
2024      5     10     17     56     30    000   7.71 -18.77   5.91
2024      5     10     17     57     30    000   7.70 -18.78   5.90
2024      5     10     17     58     30    000   7.70 -18.79   5.89
2024      5     10     17     59     30    000   7.70 -18.80   5.88
2024      5     10     18     00     30    000   7.70 -18.81   5.87
2024      5     10     18     01     30    000   7.69 -18.82   5.86
2024      5     10     18     02     30    000   7.69 -18.82   5.85
2024      5     10     18     03     30    000   7.69 -18.83   5.84
2024      5     10     18     04     30    000   7.68 -18.84   5.83
2024      5     10     18     05     30    000   7.68 -18.85   5.82
2024      5     10     18     06     30    000   7.68 -18.86   5.81
2024      5     10     18     07     30    000   7.67 -18.86   5.80
2024      5     10     18     08     30    000   7.67 -18.87   5.79
2024      5     10     18     09     30    000   7.67 -18.88   5.79
2024      5     10     18     10     30    000   7.66 -18.89   5.78
2024      5     10     18     11     30    000   7.66 -18.89   5.77
2024      5     10     18     12     30    000   7.66 -18.90   5.76
2024      5     10     18     13     30    000   7.65 -18.91   5.75
2024      5     10     18     14     30    000   7.65 -18.92   5.74
2024      5     10     18     15     30    000   7.65 -18.93   5.73
2024      5     10     18     16     30    000   7.64 -18.93   5.72
2024      5     10     18     17     30    000   7.64 -18.94   5.71
2024      5     10     18     18     30    000   7.64 -18.95   5.70
2024      5     10     18     19     30    000   7.63 -18.96   5.69
2024      5     10     18     20     30    000   7.63 -18.96   5.68
2024      5     10     18     21     30    000   7.63 -18.97   5.67
2024      5     10     18     22     30    000   7.63 -18.98   5.66
2024      5     10     18     23     30    000   7.62 -18.99   5.65
2024      5     10     18     24     30    000   7.62 -18.99   5.64
2024      5     10     18     25     30    000   7.62 -19.00   5.63
2024      5     10     18     26     30    000   7.61 -19.01   5.62
2024      5     10     18     27     30    000   7.61 -19.02   5.62
2024      5     10     18     28     30    000   7.61 -19.02   5.61
2024      5     10     18     29     30    000   7.60 -19.03   5.60
2024      5     10     18     30     30    000   7.60 -19.04   5.59
2024      5     10     18     31     30    000   7.60 -19.05   5.58
2024      5     10     18     32     30    000   7.59 -19.05   5.57
2024      5     10     18     33     30    000   7.59 -19.06   5.56
2024      5     10     18     34     30    000   7.59 -19.07   5.55
2024      5     10     18     35     30    000   7.58 -19.08   5.54
2024      5     10     18     36     30    000   7.58 -19.08   5.53
2024      5     10     18     37     30    000   7.58 -19.09   5.52
2024      5     10     18     38     30    000   7.57 -19.10   5.51
2024      5     10     18     39     30    000   7.57 -19.10   5.51
2024      5     10     18     40     30    000   7.57 -19.11   5.50
2024      5     10     18     41     30    000   7.56 -19.12   5.49
2024      5     10     18     42     30    000   7.56 -19.13   5.48
2024      5     10     18     43     30    000   7.56 -19.13   5.47
2024      5     10     18     44     30    000   7.55 -19.14   5.46
2024      5     10     18     45     30    000   7.55 -19.15   5.45
2024      5     10     18     46     30    000   7.55 -19.15   5.44
2024      5     10     18     47     30    000   7.54 -19.16   5.43
2024      5     10     18     48     30    000   7.54 -19.17   5.43
2024      5     10     18     49     30    000   7.54 -19.17   5.42
2024      5     10     18     50     30    000   7.53 -19.18   5.41
2024      5     10     18     51     30    000   7.53 -19.19   5.40
2024      5     10     18     52     30    000   7.53 -19.19   5.39
2024      5     10     18     53     30    000   7.52 -19.20   5.38
2024      5     10     18     54     30    000   7.52 -19.21   5.37
2024      5     10     18     55     30    000   7.52 -19.21   5.37
2024      5     10     18     56     30    000   7.51 -19.22   5.36
2024      5     10     18     57     30    000   7.51 -19.23   5.35
2024      5     10     18     58     30    000   7.51 -19.23   5.34
2024      5     10     18     59     30    000   7.50 -19.24   5.33
2024      5     10     19     00     30    000   7.50 -19.25   5.32
2024      5     10     19     01     30    000   7.50 -19.25   5.31
2024      5     10     19     02     30    000   7.49 -19.26   5.31
2024      5     10     19     03     30    000   7.49 -19.27   5.30
2024      5     10     19     04     30    000   7.49 -19.27   5.29
2024      5     10     19     05     30    000   7.48 -19.28   5.28
2024      5     10     19     06     30    000   7.48 -19.29   5.27
2024      5     10     19     07     30    000   7.47 -19.29   5.27
2024      5     10     19     08     30    000   7.47 -19.30   5.26
2024      5     10     19     09     30    000   7.47 -19.31   5.25
2024      5     10     19     10     30    000   7.46 -19.31   5.24
2024      5     10     19     11     30    000   7.46 -19.32   5.23
2024      5     10     19     12     30    000   7.46 -19.33   5.22
2024      5     10     19     13     30    000   7.45 -19.33   5.22
2024      5     10     19     14     30    000   7.45 -19.34   5.21
2024      5     10     19     15     30    000   7.45 -19.34   5.20
2024      5     10     19     16     30    000   7.44 -19.35   5.19
2024      5     10     19     17     30    000   7.44 -19.36   5.19
2024      5     10     19     18     30    000   7.44 -19.36   5.18
2024      5     10     19     19     30    000   7.43 -19.37   5.17
2024      5     10     19     20     30    000   7.43 -19.38   5.16
2024      5     10     19     21     30    000   7.43 -19.38   5.15
2024      5     10     19     22     30    000   7.42 -19.39   5.15
2024      5     10     19     23     30    000   7.42 -19.39   5.14
2024      5     10     19     24     30    000   7.42 -19.40   5.13
2024      5     10     19     25     30    000   7.41 -19.41   5.12
2024      5     10     19     26     30    000   7.41 -19.41   5.12
2024      5     10     19     27     30    000   7.41 -19.42   5.11
2024      5     10     19     28     30    000   7.40 -19.42   5.10
2024      5     10     19     29     30    000   7.40 -19.43   5.10
2024      5     10     19     30     30    000   7.39 -19.43   5.09
2024      5     10     19     31     30    000   7.39 -19.44   5.08
2024      5     10     19     32     30    000   7.39 -19.45   5.07
2024      5     10     19     33     30    000   7.38 -19.45   5.07
2024      5     10     19     34     30    000   7.38 -19.46   5.06
2024      5     10     19     35     30    000   7.38 -19.46   5.05
2024      5     10     19     36     30    000   7.37 -19.47   5.05
2024      5     10     19     37     30    000   7.37 -19.47   5.04
2024      5     10     19     38     30    000   7.37 -19.48   5.03
2024      5     10     19     39     30    000   7.36 -19.49   5.02
2024      5     10     19     40     30    000   7.36 -19.49   5.02
2024      5     10     19     41     30    000   7.36 -19.50   5.01
2024      5     10     19     42     30    000   7.35 -19.50   5.00
2024      5     10     19     43     30    000   7.35 -19.51   5.00
2024      5     10     19     44     30    000   7.35 -19.51   4.99
2024      5     10     19     45     30    000   7.34 -19.52   4.98
2024      5     10     19     46     30    000   7.34 -19.52   4.98
2024      5     10     19     47     30    000   7.33 -19.53   4.97
2024      5     10     19     48     30    000   7.33 -19.54   4.96
2024      5     10     19     49     30    000   7.33 -19.54   4.96
2024      5     10     19     50     30    000   7.32 -19.55   4.95
2024      5     10     19     51     30    000   7.32 -19.55   4.94
2024      5     10     19     52     30    000   7.32 -19.56   4.94
2024      5     10     19     53     30    000   7.31 -19.56   4.93
2024      5     10     19     54     30    000   7.31 -19.57   4.93
2024      5     10     19     55     30    000   7.31 -19.57   4.92
2024      5     10     19     56     30    000   7.30 -19.58   4.91
2024      5     10     19     57     30    000   7.30 -19.58   4.91
2024      5     10     19     58     30    000   7.29 -19.59   4.90
2024      5     10     19     59     30    000   7.29 -19.59   4.90
2024      5     10     20     00     30    000   7.29 -19.60   4.89
2024      5     10     20     01     30    000   7.28 -19.60   4.88
2024      5     10     20     02     30    000   7.28 -19.61   4.88
2024      5     10     20     03     30    000   7.28 -19.61   4.87
2024      5     10     20     04     30    000   7.27 -19.62   4.87
2024      5     10     20     05     30    000   7.27 -19.62   4.86
2024      5     10     20     06     30    000   7.27 -19.63   4.86
2024      5     10     20     07     30    000   7.26 -19.63   4.85
2024      5     10     20     08     30    000   7.26 -19.64   4.84
2024      5     10     20     09     30    000   7.25 -19.64   4.84
2024      5     10     20     10     30    000   7.25 -19.65   4.83
2024      5     10     20     11     30    000   7.25 -19.65   4.83
2024      5     10     20     12     30    000   7.24 -19.66   4.82
2024      5     10     20     13     30    000   7.24 -19.66   4.82
2024      5     10     20     14     30    000   7.24 -19.67   4.81
2024      5     10     20     15     30    000   7.23 -19.67   4.81
2024      5     10     20     16     30    000   7.23 -19.68   4.80
2024      5     10     20     17     30    000   7.22 -19.68   4.80
2024      5     10     20     18     30    000   7.22 -19.68   4.79
2024      5     10     20     19     30    000   7.22 -19.69   4.79
2024      5     10     20     20     30    000   7.21 -19.69   4.78
2024      5     10     20     21     30    000   7.21 -19.70   4.78
2024      5     10     20     22     30    000   7.21 -19.70   4.77
2024      5     10     20     23     30    000   7.20 -19.71   4.77
2024      5     10     20     24     30    000   7.20 -19.71   4.76
2024      5     10     20     25     30    000   7.19 -19.72   4.76
2024      5     10     20     26     30    000   7.19 -19.72   4.75
2024      5     10     20     27     30    000   7.19 -19.73   4.75
2024      5     10     20     28     30    000   7.18 -19.73   4.74
2024      5     10     20     29     30    000   7.18 -19.73   4.74
2024      5     10     20     30     30    000   7.18 -19.74   4.73
2024      5     10     20     31     30    000   7.17 -19.74   4.73
2024      5     10     20     32     30    000   7.17 -19.75   4.73
2024      5     10     20     33     30    000   7.16 -19.75   4.72
2024      5     10     20     34     30    000   7.16 -19.75   4.72
2024      5     10     20     35     30    000   7.16 -19.76   4.71
2024      5     10     20     36     30    000   7.15 -19.76   4.71
2024      5     10     20     37     30    000   7.15 -19.77   4.71
2024      5     10     20     38     30    000   7.15 -19.77   4.70
2024      5     10     20     39     30    000   7.14 -19.78   4.70
2024      5     10     20     40     30    000   7.14 -19.78   4.69
2024      5     10     20     41     30    000   7.13 -19.78   4.69
2024      5     10     20     42     30    000   7.13 -19.79   4.69
2024      5     10     20     43     30    000   7.13 -19.79   4.68
2024      5     10     20     44     30    000   7.12 -19.80   4.68
2024      5     10     20     45     30    000   7.12 -19.80   4.68
2024      5     10     20     46     30    000   7.11 -19.80   4.67
2024      5     10     20     47     30    000   7.11 -19.81   4.67
2024      5     10     20     48     30    000   7.11 -19.81   4.66
2024      5     10     20     49     30    000   7.10 -19.81   4.66
2024      5     10     20     50     30    000   7.10 -19.82   4.66
2024      5     10     20     51     30    000   7.10 -19.82   4.65
2024      5     10     20     52     30    000   7.09 -19.83   4.65
2024      5     10     20     53     30    000   7.09 -19.83   4.65
2024      5     10     20     54     30    000   7.08 -19.83   4.65
2024      5     10     20     55     30    000   7.08 -19.84   4.64
2024      5     10     20     56     30    000   7.08 -19.84   4.64
2024      5     10     20     57     30    000   7.07 -19.84   4.64
2024      5     10     20     58     30    000   7.07 -19.85   4.63
2024      5     10     20     59     30    000   7.06 -19.85   4.63
2024      5     10     21     00     30    000   7.06 -19.85   4.63
2024      5     10     21     01     30    000   7.06 -19.86   4.63
2024      5     10     21     02     30    000   7.05 -19.86   4.62
2024      5     10     21     03     30    000   7.05 -19.87   4.62
2024      5     10     21     04     30    000   7.04 -19.87   4.62
2024      5     10     21     05     30    000   7.04 -19.87   4.62
2024      5     10     21     06     30    000   7.04 -19.88   4.61
2024      5     10     21     07     30    000   7.03 -19.88   4.61
2024      5     10     21     08     30    000   7.03 -19.88   4.61
2024      5     10     21     09     30    000   7.03 -19.89   4.61
2024      5     10     21     10     30    000   7.02 -19.89   4.60
2024      5     10     21     11     30    000   7.02 -19.89   4.60
2024      5     10     21     12     30    000   7.01 -19.90   4.60
2024      5     10     21     13     30    000   7.01 -19.90   4.60
2024      5     10     21     14     30    000   7.01 -19.90   4.60
2024      5     10     21     15     30    000   7.00 -19.90   4.59
2024      5     10     21     16     30    000   7.00 -19.91   4.59
2024      5     10     21     17     30    000   6.99 -19.91   4.59
2024      5     10     21     18     30    000   6.99 -19.91   4.59
2024      5     10     21     19     30    000   6.99 -19.92   4.59
2024      5     10     21     20     30    000   6.98 -19.92   4.59
2024      5     10     21     21     30    000   6.98 -19.92   4.58
2024      5     10     21     22     30    000   6.97 -19.93   4.58
2024      5     10     21     23     30    000   6.97 -19.93   4.58
2024      5     10     21     24     30    000   6.97 -19.93   4.58
2024      5     10     21     25     30    000   6.96 -19.94   4.58
2024      5     10     21     26     30    000   6.96 -19.94   4.58
2024      5     10     21     27     30    000   6.95 -19.94   4.58
2024      5     10     21     28     30    000   6.95 -19.94   4.58
2024      5     10     21     29     30    000   6.95 -19.95   4.57
2024      5     10     21     30     30    000   6.94 -19.95   4.57
2024      5     10     21     31     30    000   6.94 -19.95   4.57
2024      5     10     21     32     30    000   6.93 -19.95   4.57
2024      5     10     21     33     30    000   6.93 -19.96   4.57
2024      5     10     21     34     30    000   6.93 -19.96   4.57
2024      5     10     21     35     30    000   6.92 -19.96   4.57
2024      5     10     21     36     30    000   6.92 -19.97   4.57
2024      5     10     21     37     30    000   6.91 -19.97   4.57
2024      5     10     21     38     30    000   6.91 -19.97   4.57
2024      5     10     21     39     30    000   6.91 -19.97   4.57
2024      5     10     21     40     30    000   6.90 -19.98   4.57
2024      5     10     21     41     30    000   6.90 -19.98   4.57
2024      5     10     21     42     30    000   6.89 -19.98   4.57
2024      5     10     21     43     30    000   6.89 -19.98   4.57
2024      5     10     21     44     30    000   6.89 -19.99   4.57
2024      5     10     21     45     30    000   6.88 -19.99   4.57
2024      5     10     21     46     30    000   6.88 -19.99   4.57
2024      5     10     21     47     30    000   6.87 -19.99   4.57
2024      5     10     21     48     30    000   6.87 -19.99   4.57
2024      5     10     21     49     30    000   6.86 -20.00   4.57
2024      5     10     21     50     30    000   6.86 -20.00   4.57
2024      5     10     21     51     30    000   6.86 -20.00   4.57
2024      5     10     21     52     30    000   6.85 -20.00   4.57
2024      5     10     21     53     30    000   6.85 -20.01   4.57
2024      5     10     21     54     30    000   6.84 -20.01   4.57
2024      5     10     21     55     30    000   6.84 -20.01   4.57
2024      5     10     21     56     30    000   6.84 -20.01   4.57
2024      5     10     21     57     30    000   6.83 -20.01   4.57
2024      5     10     21     58     30    000   6.83 -20.02   4.57
2024      5     10     21     59     30    000   6.82 -20.02   4.57
2024      5     10     22     00     30    000   6.82 -20.02   4.57
2024      5     10     22     01     30    000   6.82 -20.02   4.57
2024      5     10     22     02     30    000   6.81 -20.02   4.57
2024      5     10     22     03     30    000   6.81 -20.03   4.58
2024      5     10     22     04     30    000   6.80 -20.03   4.58
2024      5     10     22     05     30    000   6.80 -20.03   4.58
2024      5     10     22     06     30    000   6.79 -20.03   4.58
2024      5     10     22     07     30    000   6.79 -20.03   4.58
2024      5     10     22     08     30    000   6.79 -20.04   4.58
2024      5     10     22     09     30    000   6.78 -20.04   4.58
2024      5     10     22     10     30    000   6.78 -20.04   4.58
2024      5     10     22     11     30    000   6.77 -20.04   4.59
2024      5     10     22     12     30    000   6.77 -20.04   4.59
2024      5     10     22     13     30    000   6.77 -20.04   4.59
2024      5     10     22     14     30    000   6.76 -20.05   4.59
2024      5     10     22     15     30    000   6.76 -20.05   4.59
2024      5     10     22     16     30    000   6.75 -20.05   4.59
2024      5     10     22     17     30    000   6.75 -20.05   4.60
2024      5     10     22     18     30    000   6.74 -20.05   4.60
2024      5     10     22     19     30    000   6.74 -20.05   4.60
2024      5     10     22     20     30    000   6.74 -20.06   4.60
2024      5     10     22     21     30    000   6.73 -20.06   4.60
2024      5     10     22     22     30    000   6.73 -20.06   4.61
2024      5     10     22     23     30    000   6.72 -20.06   4.61
2024      5     10     22     24     30    000   6.72 -20.06   4.61
2024      5     10     22     25     30    000   6.72 -20.06   4.61
2024      5     10     22     26     30    000   6.71 -20.06   4.62
2024      5     10     22     27     30    000   6.71 -20.07   4.62
2024      5     10     22     28     30    000   6.70 -20.07   4.62
2024      5     10     22     29     30    000   6.70 -20.07   4.62
2024      5     10     22     30     30    000   6.69 -20.07   4.63
2024      5     10     22     31     30    000   6.69 -20.07   4.63
2024      5     10     22     32     30    000   6.69 -20.07   4.63
2024      5     10     22     33     30    000   6.68 -20.07   4.63
2024      5     10     22     34     30    000   6.68 -20.07   4.64
2024      5     10     22     35     30    000   6.67 -20.08   4.64
2024      5     10     22     36     30    000   6.67 -20.08   4.64
2024      5     10     22     37     30    000   6.66 -20.08   4.65
2024      5     10     22     38     30    000   6.66 -20.08   4.65
2024      5     10     22     39     30    000   6.66 -20.08   4.65
2024      5     10     22     40     30    000   6.65 -20.08   4.66
2024      5     10     22     41     30    000   6.65 -20.08   4.66
2024      5     10     22     42     30    000   6.64 -20.08   4.66
2024      5     10     22     43     30    000   6.64 -20.08   4.67
2024      5     10     22     44     30    000   6.63 -20.08   4.67
2024      5     10     22     45     30    000   6.63 -20.08   4.67
2024      5     10     22     46     30    000   6.63 -20.09   4.68
2024      5     10     22     47     30    000   6.62 -20.09   4.68
2024      5     10     22     48     30    000   6.62 -20.09   4.69
2024      5     10     22     49     30    000   6.61 -20.09   4.69
2024      5     10     22     50     30    000   6.61 -20.09   4.69
2024      5     10     22     51     30    000   6.60 -20.09   4.70
2024      5     10     22     52     30    000   6.60 -20.09   4.70
2024      5     10     22     53     30    000   6.60 -20.09   4.71
2024      5     10     22     54     30    000   6.59 -20.09   4.71
2024      5     10     22     55     30    000   6.59 -20.09   4.71
2024      5     10     22     56     30    000   6.58 -20.09   4.72
2024      5     10     22     57     30    000   6.58 -20.09   4.72
2024      5     10     22     58     30    000   6.57 -20.09   4.73
2024      5     10     22     59     30    000   6.57 -20.09   4.73
2024      5     10     23     00     30    000   6.57 -20.09   4.74
2024      5     10     23     01     30    000   6.56 -20.10   4.74
2024      5     10     23     02     30    000   6.56 -20.10   4.74
2024      5     10     23     03     30    000   6.55 -20.10   4.75
2024      5     10     23     04     30    000   6.55 -20.10   4.75
2024      5     10     23     05     30    000   6.54 -20.10   4.76
2024      5     10     23     06     30    000   6.54 -20.10   4.76
2024      5     10     23     07     30    000   6.53 -20.10   4.77
2024      5     10     23     08     30    000   6.53 -20.10   4.77
2024      5     10     23     09     30    000   6.53 -20.10   4.78
2024      5     10     23     10     30    000   6.52 -20.10   4.78
2024      5     10     23     11     30    000   6.52 -20.10   4.79
2024      5     10     23     12     30    000   6.51 -20.10   4.79
2024      5     10     23     13     30    000   6.51 -20.10   4.80
2024      5     10     23     14     30    000   6.50 -20.10   4.81
2024      5     10     23     15     30    000   6.50 -20.10   4.81
2024      5     10     23     16     30    000   6.50 -20.10   4.82
2024      5     10     23     17     30    000   6.49 -20.10   4.82
2024      5     10     23     18     30    000   6.49 -20.10   4.83
2024      5     10     23     19     30    000   6.48 -20.10   4.83
2024      5     10     23     20     30    000   6.48 -20.10   4.84
2024      5     10     23     21     30    000   6.47 -20.10   4.84
2024      5     10     23     22     30    000   6.47 -20.10   4.85
2024      5     10     23     23     30    000   6.46 -20.10   4.86
2024      5     10     23     24     30    000   6.46 -20.10   4.86
2024      5     10     23     25     30    000   6.46 -20.10   4.87
2024      5     10     23     26     30    000   6.45 -20.10   4.87
2024      5     10     23     27     30    000   6.45 -20.10   4.88
2024      5     10     23     28     30    000   6.44 -20.10   4.89
2024      5     10     23     29     30    000   6.44 -20.10   4.89
2024      5     10     23     30     30    000   6.43 -20.10   4.90
2024      5     10     23     31     30    000   6.43 -20.10   4.90
2024      5     10     23     32     30    000   6.42 -20.10   4.91
2024      5     10     23     33     30    000   6.42 -20.10   4.92
2024      5     10     23     34     30    000   6.42 -20.09   4.92
2024      5     10     23     35     30    000   6.41 -20.09   4.93
2024      5     10     23     36     30    000   6.41 -20.09   4.94
2024      5     10     23     37     30    000   6.40 -20.09   4.94
2024      5     10     23     38     30    000   6.40 -20.09   4.95
2024      5     10     23     39     30    000   6.39 -20.09   4.96
2024      5     10     23     40     30    000   6.39 -20.09   4.96
2024      5     10     23     41     30    000   6.38 -20.09   4.97
2024      5     10     23     42     30    000   6.38 -20.09   4.98
2024      5     10     23     43     30    000   6.38 -20.09   4.99
2024      5     10     23     44     30    000   6.37 -20.09   4.99
2024      5     10     23     45     30    000   6.37 -20.09   5.00
2024      5     10     23     46     30    000   6.36 -20.09   5.01
2024      5     10     23     47     30    000   6.36 -20.09   5.01
2024      5     10     23     48     30    000   6.35 -20.09   5.02
2024      5     10     23     49     30    000   6.35 -20.09   5.03
2024      5     10     23     50     30    000   6.34 -20.08   5.04
2024      5     10     23     51     30    000   6.34 -20.08   5.04
2024      5     10     23     52     30    000   6.33 -20.08   5.05
2024      5     10     23     53     30    000   6.33 -20.08   5.06
2024      5     10     23     54     30    000   6.33 -20.08   5.07
2024      5     10     23     55     30    000   6.32 -20.08   5.07
2024      5     10     23     56     30    000   6.32 -20.08   5.08
2024      5     10     23     57     30    000   6.31 -20.08   5.09
2024      5     10     23     58     30    000   6.31 -20.08   5.10
2024      5     10     23     59     30    000   6.30 -20.07   5.10
2024      5     11     00     00     30    000   6.30 -20.07   5.11
2024      5     11     00     01     30    000   6.29 -20.07   5.12
2024      5     11     00     02     30    000   6.29 -20.07   5.13
2024      5     11     00     03     30    000   6.28 -20.07   5.14
2024      5     11     00     04     30    000   6.28 -20.07   5.15
2024      5     11     00     05     30    000   6.28 -20.07   5.15
2024      5     11     00     06     30    000   6.27 -20.07   5.16
2024      5     11     00     07     30    000   6.27 -20.06   5.17
2024      5     11     00     08     30    000   6.26 -20.06   5.18
2024      5     11     00     09     30    000   6.26 -20.06   5.19
2024      5     11     00     10     30    000   6.25 -20.06   5.19
2024      5     11     00     11     30    000   6.25 -20.06   5.20
2024      5     11     00     12     30    000   6.24 -20.06   5.21
2024      5     11     00     13     30    000   6.24 -20.06   5.22
2024      5     11     00     14     30    000   6.23 -20.05   5.23
2024      5     11     00     15     30    000   6.23 -20.05   5.24
2024      5     11     00     16     30    000   6.22 -20.05   5.25
2024      5     11     00     17     30    000   6.22 -20.05   5.26
2024      5     11     00     18     30    000   6.22 -20.05   5.26
2024      5     11     00     19     30    000   6.21 -20.05   5.27
2024      5     11     00     20     30    000   6.21 -20.04   5.28
2024      5     11     00     21     30    000   6.20 -20.04   5.29
2024      5     11     00     22     30    000   6.20 -20.04   5.30
2024      5     11     00     23     30    000   6.19 -20.04   5.31
2024      5     11     00     24     30    000   6.19 -20.04   5.32
2024      5     11     00     25     30    000   6.18 -20.04   5.33
2024      5     11     00     26     30    000   6.18 -20.03   5.34
2024      5     11     00     27     30    000   6.17 -20.03   5.35
2024      5     11     00     28     30    000   6.17 -20.03   5.36
2024      5     11     00     29     30    000   6.16 -20.03   5.37
2024      5     11     00     30     30    000   6.16 -20.03   5.37
2024      5     11     00     31     30    000   6.16 -20.02   5.38
2024      5     11     00     32     30    000   6.15 -20.02   5.39
2024      5     11     00     33     30    000   6.15 -20.02   5.40
2024      5     11     00     34     30    000   6.14 -20.02   5.41
2024      5     11     00     35     30    000   6.14 -20.02   5.42
2024      5     11     00     36     30    000   6.13 -20.01   5.43
2024      5     11     00     37     30    000   6.13 -20.01   5.44
2024      5     11     00     38     30    000   6.12 -20.01   5.45
2024      5     11     00     39     30    000   6.12 -20.01   5.46
2024      5     11     00     40     30    000   6.11 -20.00   5.47
2024      5     11     00     41     30    000   6.11 -20.00   5.48
2024      5     11     00     42     30    000   6.10 -20.00   5.49
2024      5     11     00     43     30    000   6.10 -20.00   5.50
2024      5     11     00     44     30    000   6.09 -19.99   5.51
2024      5     11     00     45     30    000   6.09 -19.99   5.52
2024      5     11     00     46     30    000   6.09 -19.99   5.53
2024      5     11     00     47     30    000   6.08 -19.99   5.54
2024      5     11     00     48     30    000   6.08 -19.98   5.55
2024      5     11     00     49     30    000   6.07 -19.98   5.56
2024      5     11     00     50     30    000   6.07 -19.98   5.57
2024      5     11     00     51     30    000   6.06 -19.98   5.58
2024      5     11     00     52     30    000   6.06 -19.97   5.60
2024      5     11     00     53     30    000   6.05 -19.97   5.61
2024      5     11     00     54     30    000   6.05 -19.97   5.62
2024      5     11     00     55     30    000   6.04 -19.97   5.63
2024      5     11     00     56     30    000   6.04 -19.96   5.64
2024      5     11     00     57     30    000   6.03 -19.96   5.65
2024      5     11     00     58     30    000   6.03 -19.96   5.66
2024      5     11     00     59     30    000   6.02 -19.95   5.67
2024      5     11     01     00     30    000   6.02 -19.95   5.68
2024      5     11     01     01     30    000   6.01 -19.95   5.69
2024      5     11     01     02     30    000   6.01 -19.95   5.70
2024      5     11     01     03     30    000   6.00 -19.94   5.71
2024      5     11     01     04     30    000   6.00 -19.94   5.72
2024      5     11     01     05     30    000   5.99 -19.94   5.74
2024      5     11     01     06     30    000   5.99 -19.93   5.75
2024      5     11     01     07     30    000   5.99 -19.93   5.76
2024      5     11     01     08     30    000   5.98 -19.93   5.77
2024      5     11     01     09     30    000   5.98 -19.92   5.78
2024      5     11     01     10     30    000   5.97 -19.92   5.79
2024      5     11     01     11     30    000   5.97 -19.92   5.80
2024      5     11     01     12     30    000   5.96 -19.91   5.81
2024      5     11     01     13     30    000   5.96 -19.91   5.83
2024      5     11     01     14     30    000   5.95 -19.91   5.84
2024      5     11     01     15     30    000   5.95 -19.90   5.85
2024      5     11     01     16     30    000   5.94 -19.90   5.86
2024      5     11     01     17     30    000   5.94 -19.90   5.87
2024      5     11     01     18     30    000   5.93 -19.89   5.88
2024      5     11     01     19     30    000   5.93 -19.89   5.90
2024      5     11     01     20     30    000   5.92 -19.89   5.91
2024      5     11     01     21     30    000   5.92 -19.88   5.92
2024      5     11     01     22     30    000   5.91 -19.88   5.93
2024      5     11     01     23     30    000   5.91 -19.88   5.94
2024      5     11     01     24     30    000   5.90 -19.87   5.95
2024      5     11     01     25     30    000   5.90 -19.87   5.97
2024      5     11     01     26     30    000   5.89 -19.86   5.98
2024      5     11     01     27     30    000   5.89 -19.86   5.99
2024      5     11     01     28     30    000   5.88 -19.86   6.00
2024      5     11     01     29     30    000   5.88 -19.85   6.01
2024      5     11     01     30     30    000   5.87 -19.85   6.03
2024      5     11     01     31     30    000   5.87 -19.85   6.04
2024      5     11     01     32     30    000   5.86 -19.84   6.05
2024      5     11     01     33     30    000   5.86 -19.84   6.06
2024      5     11     01     34     30    000   5.86 -19.83   6.07
2024      5     11     01     35     30    000   5.85 -19.83   6.09
2024      5     11     01     36     30    000   5.85 -19.83   6.10
2024      5     11     01     37     30    000   5.84 -19.82   6.11
2024      5     11     01     38     30    000   5.84 -19.82   6.12
2024      5     11     01     39     30    000   5.83 -19.81   6.14
2024      5     11     01     40     30    000   5.83 -19.81   6.15
2024      5     11     01     41     30    000   5.82 -19.80   6.16
2024      5     11     01     42     30    000   5.82 -19.80   6.17
2024      5     11     01     43     30    000   5.81 -19.80   6.19
2024      5     11     01     44     30    000   5.81 -19.79   6.20
2024      5     11     01     45     30    000   5.80 -19.79   6.21
2024      5     11     01     46     30    000   5.80 -19.78   6.22
2024      5     11     01     47     30    000   5.79 -19.78   6.24
2024      5     11     01     48     30    000   5.79 -19.77   6.25
2024      5     11     01     49     30    000   5.78 -19.77   6.26
2024      5     11     01     50     30    000   5.78 -19.77   6.28
2024      5     11     01     51     30    000   5.77 -19.76   6.29
2024      5     11     01     52     30    000   5.77 -19.76   6.30
2024      5     11     01     53     30    000   5.76 -19.75   6.31
2024      5     11     01     54     30    000   5.76 -19.75   6.33
2024      5     11     01     55     30    000   5.75 -19.74   6.34
2024      5     11     01     56     30    000   5.75 -19.74   6.35
2024      5     11     01     57     30    000   5.74 -19.73   6.37
2024      5     11     01     58     30    000   5.74 -19.73   6.38
2024      5     11     01     59     30    000   5.73 -19.72   6.39
2024      5     11     02     00     30    000   5.73 -19.72   6.40
2024      5     11     02     01     30    000   5.72 -19.71   6.42
2024      5     11     02     02     30    000   5.72 -19.71   6.43
2024      5     11     02     03     30    000   5.71 -19.70   6.44
2024      5     11     02     04     30    000   5.71 -19.70   6.46
2024      5     11     02     05     30    000   5.70 -19.70   6.47
2024      5     11     02     06     30    000   5.70 -19.69   6.48
2024      5     11     02     07     30    000   5.69 -19.69   6.50
2024      5     11     02     08     30    000   5.69 -19.68   6.51
2024      5     11     02     09     30    000   5.68 -19.67   6.52
2024      5     11     02     10     30    000   5.68 -19.67   6.54
2024      5     11     02     11     30    000   5.67 -19.66   6.55
2024      5     11     02     12     30    000   5.67 -19.66   6.56
2024      5     11     02     13     30    000   5.66 -19.65   6.58
2024      5     11     02     14     30    000   5.66 -19.65   6.59
2024      5     11     02     15     30    000   5.65 -19.64   6.60
2024      5     11     02     16     30    000   5.65 -19.64   6.62
2024      5     11     02     17     30    000   5.64 -19.63   6.63
2024      5     11     02     18     30    000   5.64 -19.63   6.65
2024      5     11     02     19     30    000   5.63 -19.62   6.66
2024      5     11     02     20     30    000   5.63 -19.62   6.67
2024      5     11     02     21     30    000   5.62 -19.61   6.69
2024      5     11     02     22     30    000   5.62 -19.61   6.70
2024      5     11     02     23     30    000   5.61 -19.60   6.71
2024      5     11     02     24     30    000   5.61 -19.60   6.73
2024      5     11     02     25     30    000   5.60 -19.59   6.74
2024      5     11     02     26     30    000   5.60 -19.58   6.75
2024      5     11     02     27     30    000   5.59 -19.58   6.77
2024      5     11     02     28     30    000   5.59 -19.57   6.78
2024      5     11     02     29     30    000   5.58 -19.57   6.80
2024      5     11     02     30     30    000   5.58 -19.56   6.81
2024      5     11     02     31     30    000   5.57 -19.56   6.82
2024      5     11     02     32     30    000   5.57 -19.55   6.84
2024      5     11     02     33     30    000   5.56 -19.54   6.85
2024      5     11     02     34     30    000   5.56 -19.54   6.87
2024      5     11     02     35     30    000   5.55 -19.53   6.88
2024      5     11     02     36     30    000   5.55 -19.53   6.89
2024      5     11     02     37     30    000   5.54 -19.52   6.91
2024      5     11     02     38     30    000   5.54 -19.51   6.92
2024      5     11     02     39     30    000   5.53 -19.51   6.94
2024      5     11     02     40     30    000   5.53 -19.50   6.95
2024      5     11     02     41     30    000   5.52 -19.50   6.96
2024      5     11     02     42     30    000   5.52 -19.49   6.98
2024      5     11     02     43     30    000   5.51 -19.48   6.99
2024      5     11     02     44     30    000   5.51 -19.48   7.01
2024      5     11     02     45     30    000   5.50 -19.47   7.02
2024      5     11     02     46     30    000   5.50 -19.47   7.04
2024      5     11     02     47     30    000   5.49 -19.46   7.05
2024      5     11     02     48     30    000   5.49 -19.45   7.06
2024      5     11     02     49     30    000   5.48 -19.45   7.08
2024      5     11     02     50     30    000   5.48 -19.44   7.09
2024      5     11     02     51     30    000   5.47 -19.43   7.11
2024      5     11     02     52     30    000   5.47 -19.43   7.12
2024      5     11     02     53     30    000   5.46 -19.42   7.14
2024      5     11     02     54     30    000   5.46 -19.41   7.15
2024      5     11     02     55     30    000   5.45 -19.41   7.16
2024      5     11     02     56     30    000   5.45 -19.40   7.18
2024      5     11     02     57     30    000   5.44 -19.39   7.19
2024      5     11     02     58     30    000   5.44 -19.39   7.21
2024      5     11     02     59     30    000   5.43 -19.38   7.22
2024      5     11     03     00     30    000   5.42 -19.37   7.24
2024      5     11     03     01     30    000   5.42 -19.37   7.25
2024      5     11     03     02     30    000   5.41 -19.36   7.26
2024      5     11     03     03     30    000   5.41 -19.35   7.28
2024      5     11     03     04     30    000   5.40 -19.35   7.29
2024      5     11     03     05     30    000   5.40 -19.34   7.31
2024      5     11     03     06     30    000   5.39 -19.33   7.32
2024      5     11     03     07     30    000   5.39 -19.33   7.34
2024      5     11     03     08     30    000   5.38 -19.32   7.35
2024      5     11     03     09     30    000   5.38 -19.31   7.37
2024      5     11     03     10     30    000   5.37 -19.31   7.38
2024      5     11     03     11     30    000   5.37 -19.30   7.40
2024      5     11     03     12     30    000   5.36 -19.29   7.41
2024      5     11     03     13     30    000   5.36 -19.29   7.42
2024      5     11     03     14     30    000   5.35 -19.28   7.44
2024      5     11     03     15     30    000   5.35 -19.27   7.45
2024      5     11     03     16     30    000   5.34 -19.26   7.47
2024      5     11     03     17     30    000   5.34 -19.26   7.48
2024      5     11     03     18     30    000   5.33 -19.25   7.50
2024      5     11     03     19     30    000   5.33 -19.24   7.51
2024      5     11     03     20     30    000   5.32 -19.24   7.53
2024      5     11     03     21     30    000   5.32 -19.23   7.54
2024      5     11     03     22     30    000   5.31 -19.22   7.56
2024      5     11     03     23     30    000   5.31 -19.21   7.57
2024      5     11     03     24     30    000   5.30 -19.21   7.59
2024      5     11     03     25     30    000   5.30 -19.20   7.60
2024      5     11     03     26     30    000   5.29 -19.19   7.62
2024      5     11     03     27     30    000   5.29 -19.18   7.63
2024      5     11     03     28     30    000   5.28 -19.18   7.65
2024      5     11     03     29     30    000   5.27 -19.17   7.66
2024      5     11     03     30     30    000   5.27 -19.16   7.67
2024      5     11     03     31     30    000   5.26 -19.15   7.69
2024      5     11     03     32     30    000   5.26 -19.15   7.70
2024      5     11     03     33     30    000   5.25 -19.14   7.72
2024      5     11     03     34     30    000   5.25 -19.13   7.73
2024      5     11     03     35     30    000   5.24 -19.12   7.75
2024      5     11     03     36     30    000   5.24 -19.11   7.76
2024      5     11     03     37     30    000   5.23 -19.11   7.78
2024      5     11     03     38     30    000   5.23 -19.10   7.79
2024      5     11     03     39     30    000   5.22 -19.09   7.81
2024      5     11     03     40     30    000   5.22 -19.08   7.82
2024      5     11     03     41     30    000   5.21 -19.08   7.84
2024      5     11     03     42     30    000   5.21 -19.07   7.85
2024      5     11     03     43     30    000   5.20 -19.06   7.87
2024      5     11     03     44     30    000   5.20 -19.05   7.88
2024      5     11     03     45     30    000   5.19 -19.04   7.90
2024      5     11     03     46     30    000   5.19 -19.04   7.91
2024      5     11     03     47     30    000   5.18 -19.03   7.93
2024      5     11     03     48     30    000   5.17 -19.02   7.94
2024      5     11     03     49     30    000   5.17 -19.01   7.96
2024      5     11     03     50     30    000   5.16 -19.00   7.97
2024      5     11     03     51     30    000   5.16 -19.00   7.99
2024      5     11     03     52     30    000   5.15 -18.99   8.00
2024      5     11     03     53     30    000   5.15 -18.98   8.02
2024      5     11     03     54     30    000   5.14 -18.97   8.03
2024      5     11     03     55     30    000   5.14 -18.96   8.05
2024      5     11     03     56     30    000   5.13 -18.95   8.06
2024      5     11     03     57     30    000   5.13 -18.95   8.07
2024      5     11     03     58     30    000   5.12 -18.94   8.09
2024      5     11     03     59     30    000   5.12 -18.93   8.10
2024      5     11     04     00     30    000   5.11 -18.92   8.12
2024      5     11     04     01     30    000   5.11 -18.91   8.13
2024      5     11     04     02     30    000   5.10 -18.90   8.15
2024      5     11     04     03     30    000   5.10 -18.89   8.16
2024      5     11     04     04     30    000   5.09 -18.89   8.18
2024      5     11     04     05     30    000   5.08 -18.88   8.19
2024      5     11     04     06     30    000   5.08 -18.87   8.21
2024      5     11     04     07     30    000   5.07 -18.86   8.22
2024      5     11     04     08     30    000   5.07 -18.85   8.24
2024      5     11     04     09     30    000   5.06 -18.84   8.25
2024      5     11     04     10     30    000   5.06 -18.83   8.27
2024      5     11     04     11     30    000   5.05 -18.83   8.28
2024      5     11     04     12     30    000   5.05 -18.82   8.30
2024      5     11     04     13     30    000   5.04 -18.81   8.31
2024      5     11     04     14     30    000   5.04 -18.80   8.33
2024      5     11     04     15     30    000   5.03 -18.79   8.34
2024      5     11     04     16     30    000   5.03 -18.78   8.36
2024      5     11     04     17     30    000   5.02 -18.77   8.37
2024      5     11     04     18     30    000   5.02 -18.76   8.39
2024      5     11     04     19     30    000   5.01 -18.76   8.40
2024      5     11     04     20     30    000   5.00 -18.75   8.42
2024      5     11     04     21     30    000   5.00 -18.74   8.43
2024      5     11     04     22     30    000   4.99 -18.73   8.44
2024      5     11     04     23     30    000   4.99 -18.72   8.46
2024      5     11     04     24     30    000   4.98 -18.71   8.47
2024      5     11     04     25     30    000   4.98 -18.70   8.49
2024      5     11     04     26     30    000   4.97 -18.69   8.50
2024      5     11     04     27     30    000   4.97 -18.68   8.52
2024      5     11     04     28     30    000   4.96 -18.67   8.53
2024      5     11     04     29     30    000   4.96 -18.66   8.55
2024      5     11     04     30     30    000   4.95 -18.66   8.56
2024      5     11     04     31     30    000   4.95 -18.65   8.58
2024      5     11     04     32     30    000   4.94 -18.64   8.59
2024      5     11     04     33     30    000   4.93 -18.63   8.61
2024      5     11     04     34     30    000   4.93 -18.62   8.62
2024      5     11     04     35     30    000   4.92 -18.61   8.64
2024      5     11     04     36     30    000   4.92 -18.60   8.65
2024      5     11     04     37     30    000   4.91 -18.59   8.66
2024      5     11     04     38     30    000   4.91 -18.58   8.68
2024      5     11     04     39     30    000   4.90 -18.57   8.69
2024      5     11     04     40     30    000   4.90 -18.56   8.71
2024      5     11     04     41     30    000   4.89 -18.55   8.72
2024      5     11     04     42     30    000   4.89 -18.54   8.74
2024      5     11     04     43     30    000   4.88 -18.53   8.75
2024      5     11     04     44     30    000   4.87 -18.52   8.77
2024      5     11     04     45     30    000   4.87 -18.51   8.78
2024      5     11     04     46     30    000   4.86 -18.51   8.80
2024      5     11     04     47     30    000   4.86 -18.50   8.81
2024      5     11     04     48     30    000   4.85 -18.49   8.82
2024      5     11     04     49     30    000   4.85 -18.48   8.84
2024      5     11     04     50     30    000   4.84 -18.47   8.85
2024      5     11     04     51     30    000   4.84 -18.46   8.87
2024      5     11     04     52     30    000   4.83 -18.45   8.88
2024      5     11     04     53     30    000   4.83 -18.44   8.90
2024      5     11     04     54     30    000   4.82 -18.43   8.91
2024      5     11     04     55     30    000   4.81 -18.42   8.92
2024      5     11     04     56     30    000   4.81 -18.41   8.94
2024      5     11     04     57     30    000   4.80 -18.40   8.95
2024      5     11     04     58     30    000   4.80 -18.39   8.97
2024      5     11     04     59     30    000   4.79 -18.38   8.98
2024      5     11     05     00     30    000   4.79 -18.37   9.00
2024      5     11     05     01     30    000   4.78 -18.36   9.01
2024      5     11     05     02     30    000   4.78 -18.35   9.02
2024      5     11     05     03     30    000   4.77 -18.34   9.04
2024      5     11     05     04     30    000   4.77 -18.33   9.05
2024      5     11     05     05     30    000   4.76 -18.32   9.07
2024      5     11     05     06     30    000   4.75 -18.31   9.08
2024      5     11     05     07     30    000   4.75 -18.30   9.10
2024      5     11     05     08     30    000   4.74 -18.29   9.11
2024      5     11     05     09     30    000   4.74 -18.28   9.12
2024      5     11     05     10     30    000   4.73 -18.27   9.14
2024      5     11     05     11     30    000   4.73 -18.26   9.15
2024      5     11     05     12     30    000   4.72 -18.25   9.17
2024      5     11     05     13     30    000   4.72 -18.24   9.18
2024      5     11     05     14     30    000   4.71 -18.23   9.19
2024      5     11     05     15     30    000   4.70 -18.22   9.21
2024      5     11     05     16     30    000   4.70 -18.21   9.22
2024      5     11     05     17     30    000   4.69 -18.20   9.24
2024      5     11     05     18     30    000   4.69 -18.19   9.25
2024      5     11     05     19     30    000   4.68 -18.18   9.26
2024      5     11     05     20     30    000   4.68 -18.17   9.28
2024      5     11     05     21     30    000   4.67 -18.16   9.29
2024      5     11     05     22     30    000   4.67 -18.15   9.30
2024      5     11     05     23     30    000   4.66 -18.14   9.32
2024      5     11     05     24     30    000   4.66 -18.13   9.33
2024      5     11     05     25     30    000   4.65 -18.12   9.35
2024      5     11     05     26     30    000   4.64 -18.11   9.36
2024      5     11     05     27     30    000   4.64 -18.10   9.37
2024      5     11     05     28     30    000   4.63 -18.08   9.39
2024      5     11     05     29     30    000   4.63 -18.07   9.40
2024      5     11     05     30     30    000   4.62 -18.06   9.41
2024      5     11     05     31     30    000   4.62 -18.05   9.43
2024      5     11     05     32     30    000   4.61 -18.04   9.44
2024      5     11     05     33     30    000   4.60 -18.03   9.45
2024      5     11     05     34     30    000   4.60 -18.02   9.47
2024      5     11     05     35     30    000   4.59 -18.01   9.48
2024      5     11     05     36     30    000   4.59 -18.00   9.50
2024      5     11     05     37     30    000   4.58 -17.99   9.51
2024      5     11     05     38     30    000   4.58 -17.98   9.52
2024      5     11     05     39     30    000   4.57 -17.97   9.54
2024      5     11     05     40     30    000   4.57 -17.96   9.55
2024      5     11     05     41     30    000   4.56 -17.95   9.56
2024      5     11     05     42     30    000   4.55 -17.94   9.58
2024      5     11     05     43     30    000   4.55 -17.93   9.59
2024      5     11     05     44     30    000   4.54 -17.92   9.60
2024      5     11     05     45     30    000   4.54 -17.91   9.62
2024      5     11     05     46     30    000   4.53 -17.89   9.63
2024      5     11     05     47     30    000   4.53 -17.88   9.64
2024      5     11     05     48     30    000   4.52 -17.87   9.65
2024      5     11     05     49     30    000   4.52 -17.86   9.67
2024      5     11     05     50     30    000   4.51 -17.85   9.68
2024      5     11     05     51     30    000   4.50 -17.84   9.69
2024      5     11     05     52     30    000   4.50 -17.83   9.71
2024      5     11     05     53     30    000   4.49 -17.82   9.72
2024      5     11     05     54     30    000   4.49 -17.81   9.73
2024      5     11     05     55     30    000   4.48 -17.80   9.75
2024      5     11     05     56     30    000   4.48 -17.79   9.76
2024      5     11     05     57     30    000   4.47 -17.78   9.77
2024      5     11     05     58     30    000   4.46 -17.77   9.78
2024      5     11     05     59     30    000   4.46 -17.75   9.80
2024      5     11     06     00     30    000   4.45 -17.74   9.81
2024      5     11     06     01     30    000   4.45 -17.73   9.82
2024      5     11     06     02     30    000   4.44 -17.72   9.83
2024      5     11     06     03     30    000   4.44 -17.71   9.85
2024      5     11     06     04     30    000   4.43 -17.70   9.86
2024      5     11     06     05     30    000   4.43 -17.69   9.87
2024      5     11     06     06     30    000   4.42 -17.68   9.89
2024      5     11     06     07     30    000   4.41 -17.67   9.90
2024      5     11     06     08     30    000   4.41 -17.66   9.91
2024      5     11     06     09     30    000   4.40 -17.65   9.92
2024      5     11     06     10     30    000   4.40 -17.64   9.94
2024      5     11     06     11     30    000   4.39 -17.62   9.95
2024      5     11     06     12     30    000   4.39 -17.61   9.96
2024      5     11     06     13     30    000   4.38 -17.60   9.97
2024      5     11     06     14     30    000   4.37 -17.59   9.98
2024      5     11     06     15     30    000   4.37 -17.58  10.00
2024      5     11     06     16     30    000   4.36 -17.57  10.01
2024      5     11     06     17     30    000   4.36 -17.56  10.02
2024      5     11     06     18     30    000   4.35 -17.55  10.03
2024      5     11     06     19     30    000   4.35 -17.54  10.05
2024      5     11     06     20     30    000   4.34 -17.52  10.06
2024      5     11     06     21     30    000   4.33 -17.51  10.07
2024      5     11     06     22     30    000   4.33 -17.50  10.08
2024      5     11     06     23     30    000   4.32 -17.49  10.09
2024      5     11     06     24     30    000   4.32 -17.48  10.11
2024      5     11     06     25     30    000   4.31 -17.47  10.12
2024      5     11     06     26     30    000   4.31 -17.46  10.13
2024      5     11     06     27     30    000   4.30 -17.45  10.14
2024      5     11     06     28     30    000   4.29 -17.44  10.15
2024      5     11     06     29     30    000   4.29 -17.43  10.16
2024      5     11     06     30     30    000   4.28 -17.41  10.18
2024      5     11     06     31     30    000   4.28 -17.40  10.19
2024      5     11     06     32     30    000   4.27 -17.39  10.20
2024      5     11     06     33     30    000   4.27 -17.38  10.21
2024      5     11     06     34     30    000   4.26 -17.37  10.22
2024      5     11     06     35     30    000   4.25 -17.36  10.23
2024      5     11     06     36     30    000   4.25 -17.35  10.25
2024      5     11     06     37     30    000   4.24 -17.34  10.26
2024      5     11     06     38     30    000   4.24 -17.32  10.27
2024      5     11     06     39     30    000   4.23 -17.31  10.28
2024      5     11     06     40     30    000   4.23 -17.30  10.29
2024      5     11     06     41     30    000   4.22 -17.29  10.30
2024      5     11     06     42     30    000   4.21 -17.28  10.31
2024      5     11     06     43     30    000   4.21 -17.27  10.32
2024      5     11     06     44     30    000   4.20 -17.26  10.34
2024      5     11     06     45     30    000   4.20 -17.25  10.35
2024      5     11     06     46     30    000   4.19 -17.24  10.36
2024      5     11     06     47     30    000   4.19 -17.22  10.37
2024      5     11     06     48     30    000   4.18 -17.21  10.38
2024      5     11     06     49     30    000   4.17 -17.20  10.39
2024      5     11     06     50     30    000   4.17 -17.19  10.40
2024      5     11     06     51     30    000   4.16 -17.18  10.41
2024      5     11     06     52     30    000   4.16 -17.17  10.42
2024      5     11     06     53     30    000   4.15 -17.16  10.43
2024      5     11     06     54     30    000   4.14 -17.15  10.45
2024      5     11     06     55     30    000   4.14 -17.13  10.46
2024      5     11     06     56     30    000   4.13 -17.12  10.47
2024      5     11     06     57     30    000   4.13 -17.11  10.48
2024      5     11     06     58     30    000   4.12 -17.10  10.49
2024      5     11     06     59     30    000   4.12 -17.09  10.50
2024      5     11     07     00     30    000   4.11 -17.08  10.51
2024      5     11     07     01     30    000   4.10 -17.07  10.52
2024      5     11     07     02     30    000   4.10 -17.06  10.53
2024      5     11     07     03     30    000   4.09 -17.04  10.54
2024      5     11     07     04     30    000   4.09 -17.03  10.55
2024      5     11     07     05     30    000   4.08 -17.02  10.56
2024      5     11     07     06     30    000   4.08 -17.01  10.57
2024      5     11     07     07     30    000   4.07 -17.00  10.58
2024      5     11     07     08     30    000   4.06 -16.99  10.59
2024      5     11     07     09     30    000   4.06 -16.98  10.60
2024      5     11     07     10     30    000   4.05 -16.97  10.61
2024      5     11     07     11     30    000   4.05 -16.95  10.62
2024      5     11     07     12     30    000   4.04 -16.94  10.63
2024      5     11     07     13     30    000   4.03 -16.93  10.64
2024      5     11     07     14     30    000   4.03 -16.92  10.65
2024      5     11     07     15     30    000   4.02 -16.91  10.66
2024      5     11     07     16     30    000   4.02 -16.90  10.67
2024      5     11     07     17     30    000   4.01 -16.89  10.68
2024      5     11     07     18     30    000   4.01 -16.88  10.69
2024      5     11     07     19     30    000   4.00 -16.86  10.70
2024      5     11     07     20     30    000   3.99 -16.85  10.71
2024      5     11     07     21     30    000   3.99 -16.84  10.72
2024      5     11     07     22     30    000   3.98 -16.83  10.73
2024      5     11     07     23     30    000   3.98 -16.82  10.74
2024      5     11     07     24     30    000   3.97 -16.81  10.75
2024      5     11     07     25     30    000   3.96 -16.80  10.76
2024      5     11     07     26     30    000   3.96 -16.79  10.77
2024      5     11     07     27     30    000   3.95 -16.77  10.78
2024      5     11     07     28     30    000   3.95 -16.76  10.79
2024      5     11     07     29     30    000   3.94 -16.75  10.79
2024      5     11     07     30     30    000   3.93 -16.74  10.80
2024      5     11     07     31     30    000   3.93 -16.73  10.81
2024      5     11     07     32     30    000   3.92 -16.72  10.82
2024      5     11     07     33     30    000   3.92 -16.71  10.83
2024      5     11     07     34     30    000   3.91 -16.70  10.84
2024      5     11     07     35     30    000   3.91 -16.68  10.85
2024      5     11     07     36     30    000   3.90 -16.67  10.86
2024      5     11     07     37     30    000   3.89 -16.66  10.87
2024      5     11     07     38     30    000   3.89 -16.65  10.87
2024      5     11     07     39     30    000   3.88 -16.64  10.88
2024      5     11     07     40     30    000   3.88 -16.63  10.89
2024      5     11     07     41     30    000   3.87 -16.62  10.90
2024      5     11     07     42     30    000   3.86 -16.61  10.91
2024      5     11     07     43     30    000   3.86 -16.60  10.92
2024      5     11     07     44     30    000   3.85 -16.58  10.93
2024      5     11     07     45     30    000   3.85 -16.57  10.93
2024      5     11     07     46     30    000   3.84 -16.56  10.94
2024      5     11     07     47     30    000   3.83 -16.55  10.95
2024      5     11     07     48     30    000   3.83 -16.54  10.96
2024      5     11     07     49     30    000   3.82 -16.53  10.97
2024      5     11     07     50     30    000   3.82 -16.52  10.98
2024      5     11     07     51     30    000   3.81 -16.51  10.98
2024      5     11     07     52     30    000   3.80 -16.49  10.99
2024      5     11     07     53     30    000   3.80 -16.48  11.00
2024      5     11     07     54     30    000   3.79 -16.47  11.01
2024      5     11     07     55     30    000   3.79 -16.46  11.02
2024      5     11     07     56     30    000   3.78 -16.45  11.02
2024      5     11     07     57     30    000   3.78 -16.44  11.03
2024      5     11     07     58     30    000   3.77 -16.43  11.04
2024      5     11     07     59     30    000   3.76 -16.42  11.05
2024      5     11     08     00     30    000   3.76 -16.41  11.06
2024      5     11     08     01     30    000   3.75 -16.40  11.06
2024      5     11     08     02     30    000   3.75 -16.38  11.07
2024      5     11     08     03     30    000   3.74 -16.37  11.08
2024      5     11     08     04     30    000   3.73 -16.36  11.09
2024      5     11     08     05     30    000   3.73 -16.35  11.09
2024      5     11     08     06     30    000   3.72 -16.34  11.10
2024      5     11     08     07     30    000   3.72 -16.33  11.11
2024      5     11     08     08     30    000   3.71 -16.32  11.11
2024      5     11     08     09     30    000   3.70 -16.31  11.12
2024      5     11     08     10     30    000   3.70 -16.30  11.13
2024      5     11     08     11     30    000   3.69 -16.29  11.14
2024      5     11     08     12     30    000   3.69 -16.27  11.14
2024      5     11     08     13     30    000   3.68 -16.26  11.15
2024      5     11     08     14     30    000   3.67 -16.25  11.16
2024      5     11     08     15     30    000   3.67 -16.24  11.16
2024      5     11     08     16     30    000   3.66 -16.23  11.17
2024      5     11     08     17     30    000   3.66 -16.22  11.18
2024      5     11     08     18     30    000   3.65 -16.21  11.18
2024      5     11     08     19     30    000   3.64 -16.20  11.19
2024      5     11     08     20     30    000   3.64 -16.19  11.20
2024      5     11     08     21     30    000   3.63 -16.18  11.20
2024      5     11     08     22     30    000   3.63 -16.17  11.21
2024      5     11     08     23     30    000   3.62 -16.16  11.22
2024      5     11     08     24     30    000   3.61 -16.14  11.22
2024      5     11     08     25     30    000   3.61 -16.13  11.23
2024      5     11     08     26     30    000   3.60 -16.12  11.24
2024      5     11     08     27     30    000   3.60 -16.11  11.24
2024      5     11     08     28     30    000   3.59 -16.10  11.25
2024      5     11     08     29     30    000   3.58 -16.09  11.26
2024      5     11     08     30     30    000   3.58 -16.08  11.26
2024      5     11     08     31     30    000   3.57 -16.07  11.27
2024      5     11     08     32     30    000   3.57 -16.06  11.27
2024      5     11     08     33     30    000   3.56 -16.05  11.28
2024      5     11     08     34     30    000   3.55 -16.04  11.29
2024      5     11     08     35     30    000   3.55 -16.03  11.29
2024      5     11     08     36     30    000   3.54 -16.02  11.30
2024      5     11     08     37     30    000   3.54 -16.01  11.30
2024      5     11     08     38     30    000   3.53 -15.99  11.31
2024      5     11     08     39     30    000   3.52 -15.98  11.31
2024      5     11     08     40     30    000   3.52 -15.97  11.32
2024      5     11     08     41     30    000   3.51 -15.96  11.33
2024      5     11     08     42     30    000   3.51 -15.95  11.33
2024      5     11     08     43     30    000   3.50 -15.94  11.34
2024      5     11     08     44     30    000   3.49 -15.93  11.34
2024      5     11     08     45     30    000   3.49 -15.92  11.35
2024      5     11     08     46     30    000   3.48 -15.91  11.35
2024      5     11     08     47     30    000   3.47 -15.90  11.36
2024      5     11     08     48     30    000   3.47 -15.89  11.36
2024      5     11     08     49     30    000   3.46 -15.88  11.37
2024      5     11     08     50     30    000   3.46 -15.87  11.37
2024      5     11     08     51     30    000   3.45 -15.86  11.38
2024      5     11     08     52     30    000   3.44 -15.85  11.38
2024      5     11     08     53     30    000   3.44 -15.84  11.39
2024      5     11     08     54     30    000   3.43 -15.83  11.39
2024      5     11     08     55     30    000   3.43 -15.82  11.40
2024      5     11     08     56     30    000   3.42 -15.81  11.40
2024      5     11     08     57     30    000   3.41 -15.80  11.41
2024      5     11     08     58     30    000   3.41 -15.79  11.41
2024      5     11     08     59     30    000   3.40 -15.78  11.42
2024      5     11     09     00     30    000   3.40 -15.77  11.42
2024      5     11     09     01     30    000   3.39 -15.76  11.43
2024      5     11     09     02     30    000   3.38 -15.75  11.43
2024      5     11     09     03     30    000   3.38 -15.73  11.43
2024      5     11     09     04     30    000   3.37 -15.72  11.44
2024      5     11     09     05     30    000   3.37 -15.71  11.44
2024      5     11     09     06     30    000   3.36 -15.70  11.45
2024      5     11     09     07     30    000   3.35 -15.69  11.45
2024      5     11     09     08     30    000   3.35 -15.68  11.45
2024      5     11     09     09     30    000   3.34 -15.67  11.46
2024      5     11     09     10     30    000   3.33 -15.66  11.46
2024      5     11     09     11     30    000   3.33 -15.65  11.47
2024      5     11     09     12     30    000   3.32 -15.64  11.47
2024      5     11     09     13     30    000   3.32 -15.63  11.47
2024      5     11     09     14     30    000   3.31 -15.62  11.48
2024      5     11     09     15     30    000   3.30 -15.61  11.48
2024      5     11     09     16     30    000   3.30 -15.60  11.49
2024      5     11     09     17     30    000   3.29 -15.59  11.49
2024      5     11     09     18     30    000   3.29 -15.58  11.49
2024      5     11     09     19     30    000   3.28 -15.57  11.50
2024      5     11     09     20     30    000   3.27 -15.56  11.50
2024      5     11     09     21     30    000   3.27 -15.55  11.50
2024      5     11     09     22     30    000   3.26 -15.54  11.51
2024      5     11     09     23     30    000   3.25 -15.53  11.51
2024      5     11     09     24     30    000   3.25 -15.52  11.51
2024      5     11     09     25     30    000   3.24 -15.52  11.52
2024      5     11     09     26     30    000   3.24 -15.51  11.52
2024      5     11     09     27     30    000   3.23 -15.50  11.52
2024      5     11     09     28     30    000   3.22 -15.49  11.52
2024      5     11     09     29     30    000   3.22 -15.48  11.53
2024      5     11     09     30     30    000   3.21 -15.47  11.53
2024      5     11     09     31     30    000   3.21 -15.46  11.53
2024      5     11     09     32     30    000   3.20 -15.45  11.54
2024      5     11     09     33     30    000   3.19 -15.44  11.54
2024      5     11     09     34     30    000   3.19 -15.43  11.54
2024      5     11     09     35     30    000   3.18 -15.42  11.54
2024      5     11     09     36     30    000   3.17 -15.41  11.55
2024      5     11     09     37     30    000   3.17 -15.40  11.55
2024      5     11     09     38     30    000   3.16 -15.39  11.55
2024      5     11     09     39     30    000   3.16 -15.38  11.55
2024      5     11     09     40     30    000   3.15 -15.37  11.56
2024      5     11     09     41     30    000   3.14 -15.36  11.56
2024      5     11     09     42     30    000   3.14 -15.35  11.56
2024      5     11     09     43     30    000   3.13 -15.34  11.56
2024      5     11     09     44     30    000   3.13 -15.33  11.56
2024      5     11     09     45     30    000   3.12 -15.32  11.57
2024      5     11     09     46     30    000   3.11 -15.31  11.57
2024      5     11     09     47     30    000   3.11 -15.30  11.57
2024      5     11     09     48     30    000   3.10 -15.30  11.57
2024      5     11     09     49     30    000   3.09 -15.29  11.57
2024      5     11     09     50     30    000   3.09 -15.28  11.57
2024      5     11     09     51     30    000   3.08 -15.27  11.58
2024      5     11     09     52     30    000   3.08 -15.26  11.58
2024      5     11     09     53     30    000   3.07 -15.25  11.58
2024      5     11     09     54     30    000   3.06 -15.24  11.58
2024      5     11     09     55     30    000   3.06 -15.23  11.58
2024      5     11     09     56     30    000   3.05 -15.22  11.58
2024      5     11     09     57     30    000   3.04 -15.21  11.59
2024      5     11     09     58     30    000   3.04 -15.20  11.59
2024      5     11     09     59     30    000   3.03 -15.19  11.59
2024      5     11     10     00     30    000   3.03 -15.19  11.59
2024      5     11     10     01     30    000   3.02 -15.18  11.59
2024      5     11     10     02     30    000   3.01 -15.17  11.59
2024      5     11     10     03     30    000   3.01 -15.16  11.59
2024      5     11     10     04     30    000   3.00 -15.15  11.59
2024      5     11     10     05     30    000   2.99 -15.14  11.59
2024      5     11     10     06     30    000   2.99 -15.13  11.59
2024      5     11     10     07     30    000   2.98 -15.12  11.60
2024      5     11     10     08     30    000   2.98 -15.11  11.60
2024      5     11     10     09     30    000   2.97 -15.10  11.60
2024      5     11     10     10     30    000   2.96 -15.10  11.60
2024      5     11     10     11     30    000   2.96 -15.09  11.60
2024      5     11     10     12     30    000   2.95 -15.08  11.60
2024      5     11     10     13     30    000   2.94 -15.07  11.60
2024      5     11     10     14     30    000   2.94 -15.06  11.60
2024      5     11     10     15     30    000   2.93 -15.05  11.60
2024      5     11     10     16     30    000   2.93 -15.04  11.60
2024      5     11     10     17     30    000   2.92 -15.03  11.60
2024      5     11     10     18     30    000   2.91 -15.03  11.60
2024      5     11     10     19     30    000   2.91 -15.02  11.60
2024      5     11     10     20     30    000   2.90 -15.01  11.60
2024      5     11     10     21     30    000   2.89 -15.00  11.60
2024      5     11     10     22     30    000   2.89 -14.99  11.60
2024      5     11     10     23     30    000   2.88 -14.98  11.60
2024      5     11     10     24     30    000   2.88 -14.97  11.60
2024      5     11     10     25     30    000   2.87 -14.97  11.60
2024      5     11     10     26     30    000   2.86 -14.96  11.60
2024      5     11     10     27     30    000   2.86 -14.95  11.60
2024      5     11     10     28     30    000   2.85 -14.94  11.60
2024      5     11     10     29     30    000   2.84 -14.93  11.60
2024      5     11     10     30     30    000   2.84 -14.92  11.60
2024      5     11     10     31     30    000   2.83 -14.92  11.60
2024      5     11     10     32     30    000   2.83 -14.91  11.60
2024      5     11     10     33     30    000   2.82 -14.90  11.59
2024      5     11     10     34     30    000   2.81 -14.89  11.59
2024      5     11     10     35     30    000   2.81 -14.88  11.59
2024      5     11     10     36     30    000   2.80 -14.87  11.59
2024      5     11     10     37     30    000   2.79 -14.87  11.59
2024      5     11     10     38     30    000   2.79 -14.86  11.59
2024      5     11     10     39     30    000   2.78 -14.85  11.59
2024      5     11     10     40     30    000   2.78 -14.84  11.59
2024      5     11     10     41     30    000   2.77 -14.83  11.59
2024      5     11     10     42     30    000   2.76 -14.83  11.59
2024      5     11     10     43     30    000   2.76 -14.82  11.58
2024      5     11     10     44     30    000   2.75 -14.81  11.58
2024      5     11     10     45     30    000   2.74 -14.80  11.58
2024      5     11     10     46     30    000   2.74 -14.79  11.58
2024      5     11     10     47     30    000   2.73 -14.79  11.58
2024      5     11     10     48     30    000   2.72 -14.78  11.58
2024      5     11     10     49     30    000   2.72 -14.77  11.58
2024      5     11     10     50     30    000   2.71 -14.76  11.57
2024      5     11     10     51     30    000   2.71 -14.75  11.57
2024      5     11     10     52     30    000   2.70 -14.75  11.57
2024      5     11     10     53     30    000   2.69 -14.74  11.57
2024      5     11     10     54     30    000   2.69 -14.73  11.57
2024      5     11     10     55     30    000   2.68 -14.72  11.56
2024      5     11     10     56     30    000   2.67 -14.72  11.56
2024      5     11     10     57     30    000   2.67 -14.71  11.56
2024      5     11     10     58     30    000   2.66 -14.70  11.56
2024      5     11     10     59     30    000   2.65 -14.69  11.56
2024      5     11     11     00     30    000   2.65 -14.68  11.55
2024      5     11     11     01     30    000   2.64 -14.68  11.55
2024      5     11     11     02     30    000   2.64 -14.67  11.55
2024      5     11     11     03     30    000   2.63 -14.66  11.55
2024      5     11     11     04     30    000   2.62 -14.65  11.54
2024      5     11     11     05     30    000   2.62 -14.65  11.54
2024      5     11     11     06     30    000   2.61 -14.64  11.54
2024      5     11     11     07     30    000   2.60 -14.63  11.54
2024      5     11     11     08     30    000   2.60 -14.62  11.53
2024      5     11     11     09     30    000   2.59 -14.62  11.53
2024      5     11     11     10     30    000   2.58 -14.61  11.53
2024      5     11     11     11     30    000   2.58 -14.60  11.53
2024      5     11     11     12     30    000   2.57 -14.60  11.52
2024      5     11     11     13     30    000   2.57 -14.59  11.52
2024      5     11     11     14     30    000   2.56 -14.58  11.52
2024      5     11     11     15     30    000   2.55 -14.57  11.51
2024      5     11     11     16     30    000   2.55 -14.57  11.51
2024      5     11     11     17     30    000   2.54 -14.56  11.51
2024      5     11     11     18     30    000   2.53 -14.55  11.50
2024      5     11     11     19     30    000   2.53 -14.54  11.50
2024      5     11     11     20     30    000   2.52 -14.54  11.50
2024      5     11     11     21     30    000   2.51 -14.53  11.49
2024      5     11     11     22     30    000   2.51 -14.52  11.49
2024      5     11     11     23     30    000   2.50 -14.52  11.49
2024      5     11     11     24     30    000   2.50 -14.51  11.48
2024      5     11     11     25     30    000   2.49 -14.50  11.48
2024      5     11     11     26     30    000   2.48 -14.50  11.48
2024      5     11     11     27     30    000   2.48 -14.49  11.47
2024      5     11     11     28     30    000   2.47 -14.48  11.47
2024      5     11     11     29     30    000   2.46 -14.47  11.46
2024      5     11     11     30     30    000   2.46 -14.47  11.46
2024      5     11     11     31     30    000   2.45 -14.46  11.46
2024      5     11     11     32     30    000   2.44 -14.45  11.45
2024      5     11     11     33     30    000   2.44 -14.45  11.45
2024      5     11     11     34     30    000   2.43 -14.44  11.44
2024      5     11     11     35     30    000   2.42 -14.43  11.44
2024      5     11     11     36     30    000   2.42 -14.43  11.44
2024      5     11     11     37     30    000   2.41 -14.42  11.43
2024      5     11     11     38     30    000   2.41 -14.41  11.43
2024      5     11     11     39     30    000   2.40 -14.41  11.42
2024      5     11     11     40     30    000   2.39 -14.40  11.42
2024      5     11     11     41     30    000   2.39 -14.39  11.41
2024      5     11     11     42     30    000   2.38 -14.39  11.41
2024      5     11     11     43     30    000   2.37 -14.38  11.40
2024      5     11     11     44     30    000   2.37 -14.37  11.40
2024      5     11     11     45     30    000   2.36 -14.37  11.39
2024      5     11     11     46     30    000   2.35 -14.36  11.39
2024      5     11     11     47     30    000   2.35 -14.35  11.39
2024      5     11     11     48     30    000   2.34 -14.35  11.38
2024      5     11     11     49     30    000   2.33 -14.34  11.38
2024      5     11     11     50     30    000   2.33 -14.33  11.37
2024      5     11     11     51     30    000   2.32 -14.33  11.37
2024      5     11     11     52     30    000   2.32 -14.32  11.36
2024      5     11     11     53     30    000   2.31 -14.31  11.35
2024      5     11     11     54     30    000   2.30 -14.31  11.35
2024      5     11     11     55     30    000   2.30 -14.30  11.34
2024      5     11     11     56     30    000   2.29 -14.30  11.34
2024      5     11     11     57     30    000   2.28 -14.29  11.33
2024      5     11     11     58     30    000   2.28 -14.28  11.33
2024      5     11     11     59     30    000   2.27 -14.28  11.32
2024      5     11     12     00     30    000   2.26 -14.27  11.32
2024      5     11     12     01     30    000   2.26 -14.26  11.31
2024      5     11     12     02     30    000   2.25 -14.26  11.31
2024      5     11     12     03     30    000   2.24 -14.25  11.30
2024      5     11     12     04     30    000   2.24 -14.25  11.29
2024      5     11     12     05     30    000   2.23 -14.24  11.29
2024      5     11     12     06     30    000   2.22 -14.23  11.28
2024      5     11     12     07     30    000   2.22 -14.23  11.28
2024      5     11     12     08     30    000   2.21 -14.22  11.27
2024      5     11     12     09     30    000   2.21 -14.22  11.27
2024      5     11     12     10     30    000   2.20 -14.21  11.26
2024      5     11     12     11     30    000   2.19 -14.20  11.25
2024      5     11     12     12     30    000   2.19 -14.20  11.25
2024      5     11     12     13     30    000   2.18 -14.19  11.24
2024      5     11     12     14     30    000   2.17 -14.19  11.23
2024      5     11     12     15     30    000   2.17 -14.18  11.23
2024      5     11     12     16     30    000   2.16 -14.17  11.22
2024      5     11     12     17     30    000   2.15 -14.17  11.22
2024      5     11     12     18     30    000   2.15 -14.16  11.21
2024      5     11     12     19     30    000   2.14 -14.16  11.20
2024      5     11     12     20     30    000   2.13 -14.15  11.20
2024      5     11     12     21     30    000   2.13 -14.14  11.19
2024      5     11     12     22     30    000   2.12 -14.14  11.18
2024      5     11     12     23     30    000   2.11 -14.13  11.18
2024      5     11     12     24     30    000   2.11 -14.13  11.17
2024      5     11     12     25     30    000   2.10 -14.12  11.16
2024      5     11     12     26     30    000   2.09 -14.12  11.15
2024      5     11     12     27     30    000   2.09 -14.11  11.15
2024      5     11     12     28     30    000   2.08 -14.10  11.14
2024      5     11     12     29     30    000   2.08 -14.10  11.13
2024      5     11     12     30     30    000   2.07 -14.09  11.13
2024      5     11     12     31     30    000   2.06 -14.09  11.12
2024      5     11     12     32     30    000   2.06 -14.08  11.11
2024      5     11     12     33     30    000   2.05 -14.08  11.11
2024      5     11     12     34     30    000   2.04 -14.07  11.10
2024      5     11     12     35     30    000   2.04 -14.07  11.09
2024      5     11     12     36     30    000   2.03 -14.06  11.08
2024      5     11     12     37     30    000   2.02 -14.05  11.08
2024      5     11     12     38     30    000   2.02 -14.05  11.07
2024      5     11     12     39     30    000   2.01 -14.04  11.06
2024      5     11     12     40     30    000   2.00 -14.04  11.05
2024      5     11     12     41     30    000   2.00 -14.03  11.05
2024      5     11     12     42     30    000   1.99 -14.03  11.04
2024      5     11     12     43     30    000   1.98 -14.02  11.03
2024      5     11     12     44     30    000   1.98 -14.02  11.02
2024      5     11     12     45     30    000   1.97 -14.01  11.01
2024      5     11     12     46     30    000   1.96 -14.01  11.01
2024      5     11     12     47     30    000   1.96 -14.00  11.00
2024      5     11     12     48     30    000   1.95 -14.00  10.99
2024      5     11     12     49     30    000   1.94 -13.99  10.98
2024      5     11     12     50     30    000   1.94 -13.99  10.97
2024      5     11     12     51     30    000   1.93 -13.98  10.97
2024      5     11     12     52     30    000   1.92 -13.97  10.96
2024      5     11     12     53     30    000   1.92 -13.97  10.95
2024      5     11     12     54     30    000   1.91 -13.96  10.94
2024      5     11     12     55     30    000   1.90 -13.96  10.93
2024      5     11     12     56     30    000   1.90 -13.95  10.93
2024      5     11     12     57     30    000   1.89 -13.95  10.92
2024      5     11     12     58     30    000   1.89 -13.94  10.91
2024      5     11     12     59     30    000   1.88 -13.94  10.90
2024      5     11     13     00     30    000   1.87 -13.93  10.89
2024      5     11     13     01     30    000   1.87 -13.93  10.88
2024      5     11     13     02     30    000   1.86 -13.92  10.87
2024      5     11     13     03     30    000   1.85 -13.92  10.87
2024      5     11     13     04     30    000   1.85 -13.91  10.86
2024      5     11     13     05     30    000   1.84 -13.91  10.85
2024      5     11     13     06     30    000   1.83 -13.90  10.84
2024      5     11     13     07     30    000   1.83 -13.90  10.83
2024      5     11     13     08     30    000   1.82 -13.89  10.82
2024      5     11     13     09     30    000   1.81 -13.89  10.81
2024      5     11     13     10     30    000   1.81 -13.88  10.80
2024      5     11     13     11     30    000   1.80 -13.88  10.79
2024      5     11     13     12     30    000   1.79 -13.87  10.78
2024      5     11     13     13     30    000   1.79 -13.87  10.78
2024      5     11     13     14     30    000   1.78 -13.86  10.77
2024      5     11     13     15     30    000   1.77 -13.86  10.76
2024      5     11     13     16     30    000   1.77 -13.85  10.75
2024      5     11     13     17     30    000   1.76 -13.85  10.74
2024      5     11     13     18     30    000   1.75 -13.84  10.73
2024      5     11     13     19     30    000   1.75 -13.84  10.72
2024      5     11     13     20     30    000   1.74 -13.83  10.71
2024      5     11     13     21     30    000   1.73 -13.83  10.70
2024      5     11     13     22     30    000   1.73 -13.82  10.69
2024      5     11     13     23     30    000   1.72 -13.82  10.68
2024      5     11     13     24     30    000   1.71 -13.81  10.67
2024      5     11     13     25     30    000   1.71 -13.81  10.66
2024      5     11     13     26     30    000   1.70 -13.80  10.65
2024      5     11     13     27     30    000   1.69 -13.80  10.64
2024      5     11     13     28     30    000   1.69 -13.79  10.63
2024      5     11     13     29     30    000   1.68 -13.79  10.62
2024      5     11     13     30     30    000   1.67 -13.79  10.61
2024      5     11     13     31     30    000   1.67 -13.78  10.60
2024      5     11     13     32     30    000   1.66 -13.78  10.59
2024      5     11     13     33     30    000   1.65 -13.77  10.58
2024      5     11     13     34     30    000   1.65 -13.77  10.57
2024      5     11     13     35     30    000   1.64 -13.76  10.56
2024      5     11     13     36     30    000   1.63 -13.76  10.55
2024      5     11     13     37     30    000   1.63 -13.75  10.54
2024      5     11     13     38     30    000   1.62 -13.75  10.53
2024      5     11     13     39     30    000   1.61 -13.74  10.52
2024      5     11     13     40     30    000   1.61 -13.74  10.51
2024      5     11     13     41     30    000   1.60 -13.73  10.50
2024      5     11     13     42     30    000   1.59 -13.73  10.49
2024      5     11     13     43     30    000   1.59 -13.72  10.48
2024      5     11     13     44     30    000   1.58 -13.72  10.47
2024      5     11     13     45     30    000   1.57 -13.71  10.46
2024      5     11     13     46     30    000   1.57 -13.71  10.45
2024      5     11     13     47     30    000   1.56 -13.71  10.44
2024      5     11     13     48     30    000   1.55 -13.70  10.43
2024      5     11     13     49     30    000   1.55 -13.70  10.42
2024      5     11     13     50     30    000   1.54 -13.69  10.41
2024      5     11     13     51     30    000   1.53 -13.69  10.40
2024      5     11     13     52     30    000   1.53 -13.68  10.38
2024      5     11     13     53     30    000   1.52 -13.68  10.37
2024      5     11     13     54     30    000   1.51 -13.67  10.36
2024      5     11     13     55     30    000   1.51 -13.67  10.35
2024      5     11     13     56     30    000   1.50 -13.66  10.34
2024      5     11     13     57     30    000   1.49 -13.66  10.33
2024      5     11     13     58     30    000   1.49 -13.66  10.32
2024      5     11     13     59     30    000   1.48 -13.65  10.31
2024      5     11     14     00     30    000   1.47 -13.65  10.30
2024      5     11     14     01     30    000   1.47 -13.64  10.29
2024      5     11     14     02     30    000   1.46 -13.64  10.27
2024      5     11     14     03     30    000   1.45 -13.63  10.26
2024      5     11     14     04     30    000   1.45 -13.63  10.25
2024      5     11     14     05     30    000   1.44 -13.62  10.24
2024      5     11     14     06     30    000   1.43 -13.62  10.23
2024      5     11     14     07     30    000   1.43 -13.61  10.22
2024      5     11     14     08     30    000   1.42 -13.61  10.21
2024      5     11     14     09     30    000   1.41 -13.60  10.19
2024      5     11     14     10     30    000   1.41 -13.60  10.18
2024      5     11     14     11     30    000   1.40 -13.60  10.17
2024      5     11     14     12     30    000   1.39 -13.59  10.16
2024      5     11     14     13     30    000   1.39 -13.59  10.15
2024      5     11     14     14     30    000   1.38 -13.58  10.14
2024      5     11     14     15     30    000   1.37 -13.58  10.12
2024      5     11     14     16     30    000   1.37 -13.57  10.11
2024      5     11     14     17     30    000   1.36 -13.57  10.10
2024      5     11     14     18     30    000   1.35 -13.56  10.09
2024      5     11     14     19     30    000   1.35 -13.56  10.08
2024      5     11     14     20     30    000   1.34 -13.55  10.07
2024      5     11     14     21     30    000   1.33 -13.55  10.05
2024      5     11     14     22     30    000   1.33 -13.55  10.04
2024      5     11     14     23     30    000   1.32 -13.54  10.03
2024      5     11     14     24     30    000   1.31 -13.54  10.02
2024      5     11     14     25     30    000   1.31 -13.53  10.01
2024      5     11     14     26     30    000   1.30 -13.53   9.99
2024      5     11     14     27     30    000   1.29 -13.52   9.98
2024      5     11     14     28     30    000   1.29 -13.52   9.97
2024      5     11     14     29     30    000   1.28 -13.51   9.96
2024      5     11     14     30     30    000   1.27 -13.51   9.95
2024      5     11     14     31     30    000   1.27 -13.50   9.93
2024      5     11     14     32     30    000   1.26 -13.50   9.92
2024      5     11     14     33     30    000   1.25 -13.50   9.91
2024      5     11     14     34     30    000   1.25 -13.49   9.90
2024      5     11     14     35     30    000   1.24 -13.49   9.88
2024      5     11     14     36     30    000   1.23 -13.48   9.87
2024      5     11     14     37     30    000   1.23 -13.48   9.86
2024      5     11     14     38     30    000   1.22 -13.47   9.85
2024      5     11     14     39     30    000   1.21 -13.47   9.83
2024      5     11     14     40     30    000   1.21 -13.46   9.82
2024      5     11     14     41     30    000   1.20 -13.46   9.81
2024      5     11     14     42     30    000   1.19 -13.45   9.80
2024      5     11     14     43     30    000   1.19 -13.45   9.78
2024      5     11     14     44     30    000   1.18 -13.44   9.77
2024      5     11     14     45     30    000   1.17 -13.44   9.76
2024      5     11     14     46     30    000   1.17 -13.43   9.75
2024      5     11     14     47     30    000   1.16 -13.43   9.73
2024      5     11     14     48     30    000   1.15 -13.43   9.72
2024      5     11     14     49     30    000   1.15 -13.42   9.71
2024      5     11     14     50     30    000   1.14 -13.42   9.70
2024      5     11     14     51     30    000   1.13 -13.41   9.68
2024      5     11     14     52     30    000   1.13 -13.41   9.67
2024      5     11     14     53     30    000   1.12 -13.40   9.66
2024      5     11     14     54     30    000   1.11 -13.40   9.64
2024      5     11     14     55     30    000   1.11 -13.39   9.63
2024      5     11     14     56     30    000   1.10 -13.39   9.62
2024      5     11     14     57     30    000   1.09 -13.38   9.60
2024      5     11     14     58     30    000   1.09 -13.38   9.59
2024      5     11     14     59     30    000   1.08 -13.37   9.58
2024      5     11     15     00     30    000   1.07 -13.37   9.57
2024      5     11     15     01     30    000   1.07 -13.36   9.55
2024      5     11     15     02     30    000   1.06 -13.36   9.54
2024      5     11     15     03     30    000   1.05 -13.35   9.53
2024      5     11     15     04     30    000   1.05 -13.35   9.51
2024      5     11     15     05     30    000   1.04 -13.34   9.50
2024      5     11     15     06     30    000   1.03 -13.34   9.49
2024      5     11     15     07     30    000   1.03 -13.33   9.47
2024      5     11     15     08     30    000   1.02 -13.33   9.46
2024      5     11     15     09     30    000   1.01 -13.32   9.45
2024      5     11     15     10     30    000   1.00 -13.32   9.43
2024      5     11     15     11     30    000   1.00 -13.32   9.42
2024      5     11     15     12     30    000   0.99 -13.31   9.41
2024      5     11     15     13     30    000   0.98 -13.31   9.39
2024      5     11     15     14     30    000   0.98 -13.30   9.38
2024      5     11     15     15     30    000   0.97 -13.30   9.37
2024      5     11     15     16     30    000   0.96 -13.29   9.35
2024      5     11     15     17     30    000   0.96 -13.29   9.34
2024      5     11     15     18     30    000   0.95 -13.28   9.33
2024      5     11     15     19     30    000   0.94 -13.28   9.31
2024      5     11     15     20     30    000   0.94 -13.27   9.30
2024      5     11     15     21     30    000   0.93 -13.26   9.29
2024      5     11     15     22     30    000   0.92 -13.26   9.27
2024      5     11     15     23     30    000   0.92 -13.25   9.26
2024      5     11     15     24     30    000   0.91 -13.25   9.25
2024      5     11     15     25     30    000   0.90 -13.24   9.23
2024      5     11     15     26     30    000   0.90 -13.24   9.22
2024      5     11     15     27     30    000   0.89 -13.23   9.20
2024      5     11     15     28     30    000   0.88 -13.23   9.19
2024      5     11     15     29     30    000   0.88 -13.22   9.18
2024      5     11     15     30     30    000   0.87 -13.22   9.16
2024      5     11     15     31     30    000   0.86 -13.21   9.15
2024      5     11     15     32     30    000   0.86 -13.21   9.14
2024      5     11     15     33     30    000   0.85 -13.20   9.12
2024      5     11     15     34     30    000   0.84 -13.20   9.11
2024      5     11     15     35     30    000   0.84 -13.19   9.09
2024      5     11     15     36     30    000   0.83 -13.19   9.08
2024      5     11     15     37     30    000   0.82 -13.18   9.07
2024      5     11     15     38     30    000   0.82 -13.18   9.05
2024      5     11     15     39     30    000   0.81 -13.17   9.04
2024      5     11     15     40     30    000   0.80 -13.16   9.03
2024      5     11     15     41     30    000   0.79 -13.16   9.01
2024      5     11     15     42     30    000   0.79 -13.15   9.00
2024      5     11     15     43     30    000   0.78 -13.15   8.98
2024      5     11     15     44     30    000   0.77 -13.14   8.97
2024      5     11     15     45     30    000   0.77 -13.14   8.96
2024      5     11     15     46     30    000   0.76 -13.13   8.94
2024      5     11     15     47     30    000   0.75 -13.13   8.93
2024      5     11     15     48     30    000   0.75 -13.12   8.91
2024      5     11     15     49     30    000   0.74 -13.12   8.90
2024      5     11     15     50     30    000   0.73 -13.11   8.89
2024      5     11     15     51     30    000   0.73 -13.10   8.87
2024      5     11     15     52     30    000   0.72 -13.10   8.86
2024      5     11     15     53     30    000   0.71 -13.09   8.84
2024      5     11     15     54     30    000   0.71 -13.09   8.83
2024      5     11     15     55     30    000   0.70 -13.08   8.82
2024      5     11     15     56     30    000   0.69 -13.08   8.80
2024      5     11     15     57     30    000   0.69 -13.07   8.79
2024      5     11     15     58     30    000   0.68 -13.06   8.77
2024      5     11     15     59     30    000   0.67 -13.06   8.76
2024      5     11     16     00     30    000   0.67 -13.05   8.75
2024      5     11     16     01     30    000   0.66 -13.05   8.73
2024      5     11     16     02     30    000   0.65 -13.04   8.72
2024      5     11     16     03     30    000   0.65 -13.03   8.70
2024      5     11     16     04     30    000   0.64 -13.03   8.69
2024      5     11     16     05     30    000   0.63 -13.02   8.67
2024      5     11     16     06     30    000   0.63 -13.02   8.66
2024      5     11     16     07     30    000   0.62 -13.01   8.65
2024      5     11     16     08     30    000   0.61 -13.00   8.63
2024      5     11     16     09     30    000   0.60 -13.00   8.62
2024      5     11     16     10     30    000   0.60 -12.99   8.60
2024      5     11     16     11     30    000   0.59 -12.99   8.59
2024      5     11     16     12     30    000   0.58 -12.98   8.58
2024      5     11     16     13     30    000   0.58 -12.97   8.56
2024      5     11     16     14     30    000   0.57 -12.97   8.55
2024      5     11     16     15     30    000   0.56 -12.96   8.53
2024      5     11     16     16     30    000   0.56 -12.95   8.52
2024      5     11     16     17     30    000   0.55 -12.95   8.50
2024      5     11     16     18     30    000   0.54 -12.94   8.49
2024      5     11     16     19     30    000   0.54 -12.93   8.48
2024      5     11     16     20     30    000   0.53 -12.93   8.46
2024      5     11     16     21     30    000   0.52 -12.92   8.45
2024      5     11     16     22     30    000   0.52 -12.92   8.43
2024      5     11     16     23     30    000   0.51 -12.91   8.42
2024      5     11     16     24     30    000   0.50 -12.90   8.40
2024      5     11     16     25     30    000   0.50 -12.90   8.39
2024      5     11     16     26     30    000   0.49 -12.89   8.38
2024      5     11     16     27     30    000   0.48 -12.88   8.36
2024      5     11     16     28     30    000   0.48 -12.88   8.35
2024      5     11     16     29     30    000   0.47 -12.87   8.33
2024      5     11     16     30     30    000   0.46 -12.86   8.32
2024      5     11     16     31     30    000   0.45 -12.86   8.30
2024      5     11     16     32     30    000   0.45 -12.85   8.29
2024      5     11     16     33     30    000   0.44 -12.84   8.28
2024      5     11     16     34     30    000   0.43 -12.84   8.26
2024      5     11     16     35     30    000   0.43 -12.83   8.25
2024      5     11     16     36     30    000   0.42 -12.82   8.23
2024      5     11     16     37     30    000   0.41 -12.81   8.22
2024      5     11     16     38     30    000   0.41 -12.81   8.20
2024      5     11     16     39     30    000   0.40 -12.80   8.19
2024      5     11     16     40     30    000   0.39 -12.79   8.18
2024      5     11     16     41     30    000   0.39 -12.79   8.16
2024      5     11     16     42     30    000   0.38 -12.78   8.15
2024      5     11     16     43     30    000   0.37 -12.77   8.13
2024      5     11     16     44     30    000   0.37 -12.76   8.12
2024      5     11     16     45     30    000   0.36 -12.76   8.10
2024      5     11     16     46     30    000   0.35 -12.75   8.09
2024      5     11     16     47     30    000   0.35 -12.74   8.08
2024      5     11     16     48     30    000   0.34 -12.74   8.06
2024      5     11     16     49     30    000   0.33 -12.73   8.05
2024      5     11     16     50     30    000   0.33 -12.72   8.03
2024      5     11     16     51     30    000   0.32 -12.71   8.02
2024      5     11     16     52     30    000   0.31 -12.71   8.01
2024      5     11     16     53     30    000   0.30 -12.70   7.99
2024      5     11     16     54     30    000   0.30 -12.69   7.98
2024      5     11     16     55     30    000   0.29 -12.68   7.96
2024      5     11     16     56     30    000   0.28 -12.68   7.95
2024      5     11     16     57     30    000   0.28 -12.67   7.93
2024      5     11     16     58     30    000   0.27 -12.66   7.92
2024      5     11     16     59     30    000   0.26 -12.65   7.91
2024      5     11     17     00     30    000   0.26 -12.64   7.89
2024      5     11     17     01     30    000   0.25 -12.64   7.88
2024      5     11     17     02     30    000   0.24 -12.63   7.86
2024      5     11     17     03     30    000   0.24 -12.62   7.85
2024      5     11     17     04     30    000   0.23 -12.61   7.83
2024      5     11     17     05     30    000   0.22 -12.60   7.82
2024      5     11     17     06     30    000   0.22 -12.60   7.81
2024      5     11     17     07     30    000   0.21 -12.59   7.79
2024      5     11     17     08     30    000   0.20 -12.58   7.78
2024      5     11     17     09     30    000   0.20 -12.57   7.76
2024      5     11     17     10     30    000   0.19 -12.56   7.75
2024      5     11     17     11     30    000   0.18 -12.56   7.74
2024      5     11     17     12     30    000   0.18 -12.55   7.72
2024      5     11     17     13     30    000   0.17 -12.54   7.71
2024      5     11     17     14     30    000   0.16 -12.53   7.69
2024      5     11     17     15     30    000   0.15 -12.52   7.68
2024      5     11     17     16     30    000   0.15 -12.51   7.67
2024      5     11     17     17     30    000   0.14 -12.51   7.65
2024      5     11     17     18     30    000   0.13 -12.50   7.64
2024      5     11     17     19     30    000   0.13 -12.49   7.62
2024      5     11     17     20     30    000   0.12 -12.48   7.61
2024      5     11     17     21     30    000   0.11 -12.47   7.60
2024      5     11     17     22     30    000   0.11 -12.46   7.58
2024      5     11     17     23     30    000   0.10 -12.45   7.57
2024      5     11     17     24     30    000   0.09 -12.45   7.55
2024      5     11     17     25     30    000   0.09 -12.44   7.54
2024      5     11     17     26     30    000   0.08 -12.43   7.53
2024      5     11     17     27     30    000   0.07 -12.42   7.51
2024      5     11     17     28     30    000   0.07 -12.41   7.50
2024      5     11     17     29     30    000   0.06 -12.40   7.48
2024      5     11     17     30     30    000   0.05 -12.39   7.47
2024      5     11     17     31     30    000   0.05 -12.38   7.46
2024      5     11     17     32     30    000   0.04 -12.37   7.44
2024      5     11     17     33     30    000   0.03 -12.37   7.43
2024      5     11     17     34     30    000   0.03 -12.36   7.41
2024      5     11     17     35     30    000   0.02 -12.35   7.40
2024      5     11     17     36     30    000   0.01 -12.34   7.39
2024      5     11     17     37     30    000   0.00 -12.33   7.37
2024      5     11     17     38     30    000  -0.00 -12.32   7.36
2024      5     11     17     39     30    000  -0.01 -12.31   7.35
2024      5     11     17     40     30    000  -0.02 -12.30   7.33
2024      5     11     17     41     30    000  -0.02 -12.29   7.32
2024      5     11     17     42     30    000  -0.03 -12.28   7.30
2024      5     11     17     43     30    000  -0.04 -12.27   7.29
2024      5     11     17     44     30    000  -0.04 -12.26   7.28
2024      5     11     17     45     30    000  -0.05 -12.25   7.26
2024      5     11     17     46     30    000  -0.06 -12.24   7.25
2024      5     11     17     47     30    000  -0.06 -12.23   7.24
2024      5     11     17     48     30    000  -0.07 -12.22   7.22
2024      5     11     17     49     30    000  -0.08 -12.21   7.21
2024      5     11     17     50     30    000  -0.08 -12.20   7.20
2024      5     11     17     51     30    000  -0.09 -12.19   7.18
2024      5     11     17     52     30    000  -0.10 -12.18   7.17
2024      5     11     17     53     30    000  -0.10 -12.17   7.16
2024      5     11     17     54     30    000  -0.11 -12.16   7.14
2024      5     11     17     55     30    000  -0.12 -12.15   7.13
2024      5     11     17     56     30    000  -0.12 -12.14   7.12
2024      5     11     17     57     30    000  -0.13 -12.13   7.10
2024      5     11     17     58     30    000  -0.14 -12.12   7.09
2024      5     11     17     59     30    000  -0.15 -12.11   7.07
2024      5     11     18     00     30    000  -0.15 -12.10   7.06
2024      5     11     18     01     30    000  -0.16 -12.09   7.05
2024      5     11     18     02     30    000  -0.17 -12.08   7.03
2024      5     11     18     03     30    000  -0.17 -12.07   7.02
2024      5     11     18     04     30    000  -0.18 -12.06   7.01
2024      5     11     18     05     30    000  -0.19 -12.05   7.00
2024      5     11     18     06     30    000  -0.19 -12.04   6.98
2024      5     11     18     07     30    000  -0.20 -12.03   6.97
2024      5     11     18     08     30    000  -0.21 -12.02   6.96
2024      5     11     18     09     30    000  -0.21 -12.01   6.94
2024      5     11     18     10     30    000  -0.22 -12.00   6.93
2024      5     11     18     11     30    000  -0.23 -11.99   6.92
2024      5     11     18     12     30    000  -0.23 -11.97   6.90
2024      5     11     18     13     30    000  -0.24 -11.96   6.89
2024      5     11     18     14     30    000  -0.25 -11.95   6.88
2024      5     11     18     15     30    000  -0.25 -11.94   6.86
2024      5     11     18     16     30    000  -0.26 -11.93   6.85
2024      5     11     18     17     30    000  -0.27 -11.92   6.84
2024      5     11     18     18     30    000  -0.27 -11.91   6.82
2024      5     11     18     19     30    000  -0.28 -11.90   6.81
2024      5     11     18     20     30    000  -0.29 -11.89   6.80
2024      5     11     18     21     30    000  -0.29 -11.87   6.79
2024      5     11     18     22     30    000  -0.30 -11.86   6.77
2024      5     11     18     23     30    000  -0.31 -11.85   6.76
2024      5     11     18     24     30    000  -0.32 -11.84   6.75
2024      5     11     18     25     30    000  -0.32 -11.83   6.73
2024      5     11     18     26     30    000  -0.33 -11.82   6.72
2024      5     11     18     27     30    000  -0.34 -11.80   6.71
2024      5     11     18     28     30    000  -0.34 -11.79   6.70
2024      5     11     18     29     30    000  -0.35 -11.78   6.68
2024      5     11     18     30     30    000  -0.36 -11.77   6.67
2024      5     11     18     31     30    000  -0.36 -11.76   6.66
2024      5     11     18     32     30    000  -0.37 -11.75   6.65
2024      5     11     18     33     30    000  -0.38 -11.73   6.63
2024      5     11     18     34     30    000  -0.38 -11.72   6.62
2024      5     11     18     35     30    000  -0.39 -11.71   6.61
2024      5     11     18     36     30    000  -0.40 -11.70   6.60
2024      5     11     18     37     30    000  -0.40 -11.69   6.58
2024      5     11     18     38     30    000  -0.41 -11.67   6.57
2024      5     11     18     39     30    000  -0.42 -11.66   6.56
2024      5     11     18     40     30    000  -0.42 -11.65   6.55
2024      5     11     18     41     30    000  -0.43 -11.64   6.53
2024      5     11     18     42     30    000  -0.44 -11.62   6.52
2024      5     11     18     43     30    000  -0.44 -11.61   6.51
2024      5     11     18     44     30    000  -0.45 -11.60   6.50
2024      5     11     18     45     30    000  -0.46 -11.59   6.48
2024      5     11     18     46     30    000  -0.46 -11.57   6.47
2024      5     11     18     47     30    000  -0.47 -11.56   6.46
2024      5     11     18     48     30    000  -0.48 -11.55   6.45
2024      5     11     18     49     30    000  -0.48 -11.54   6.44
2024      5     11     18     50     30    000  -0.49 -11.52   6.42
2024      5     11     18     51     30    000  -0.50 -11.51   6.41
2024      5     11     18     52     30    000  -0.50 -11.50   6.40
2024      5     11     18     53     30    000  -0.51 -11.48   6.39
2024      5     11     18     54     30    000  -0.52 -11.47   6.38
2024      5     11     18     55     30    000  -0.53 -11.46   6.36
2024      5     11     18     56     30    000  -0.53 -11.45   6.35
2024      5     11     18     57     30    000  -0.54 -11.43   6.34
2024      5     11     18     58     30    000  -0.55 -11.42   6.33
2024      5     11     18     59     30    000  -0.55 -11.41   6.32
2024      5     11     19     00     30    000  -0.56 -11.39   6.30
2024      5     11     19     01     30    000  -0.57 -11.38   6.29
2024      5     11     19     02     30    000  -0.57 -11.37   6.28
2024      5     11     19     03     30    000  -0.58 -11.35   6.27
2024      5     11     19     04     30    000  -0.59 -11.34   6.26
2024      5     11     19     05     30    000  -0.59 -11.32   6.24
2024      5     11     19     06     30    000  -0.60 -11.31   6.23
2024      5     11     19     07     30    000  -0.61 -11.30   6.22
2024      5     11     19     08     30    000  -0.61 -11.28   6.21
2024      5     11     19     09     30    000  -0.62 -11.27   6.20
2024      5     11     19     10     30    000  -0.63 -11.26   6.19
2024      5     11     19     11     30    000  -0.63 -11.24   6.18
2024      5     11     19     12     30    000  -0.64 -11.23   6.16
2024      5     11     19     13     30    000  -0.65 -11.21   6.15
2024      5     11     19     14     30    000  -0.65 -11.20   6.14
2024      5     11     19     15     30    000  -0.66 -11.19   6.13
2024      5     11     19     16     30    000  -0.67 -11.17   6.12
2024      5     11     19     17     30    000  -0.67 -11.16   6.11
2024      5     11     19     18     30    000  -0.68 -11.14   6.10
2024      5     11     19     19     30    000  -0.69 -11.13   6.08
2024      5     11     19     20     30    000  -0.69 -11.11   6.07
2024      5     11     19     21     30    000  -0.70 -11.10   6.06
2024      5     11     19     22     30    000  -0.71 -11.09   6.05
2024      5     11     19     23     30    000  -0.71 -11.07   6.04
2024      5     11     19     24     30    000  -0.72 -11.06   6.03
2024      5     11     19     25     30    000  -0.73 -11.04   6.02
2024      5     11     19     26     30    000  -0.73 -11.03   6.01
2024      5     11     19     27     30    000  -0.74 -11.01   5.99
2024      5     11     19     28     30    000  -0.75 -11.00   5.98
2024      5     11     19     29     30    000  -0.75 -10.98   5.97
2024      5     11     19     30     30    000  -0.76 -10.97   5.96
2024      5     11     19     31     30    000  -0.77 -10.95   5.95
2024      5     11     19     32     30    000  -0.77 -10.94   5.94
2024      5     11     19     33     30    000  -0.78 -10.92   5.93
2024      5     11     19     34     30    000  -0.79 -10.91   5.92
2024      5     11     19     35     30    000  -0.79 -10.89   5.91
2024      5     11     19     36     30    000  -0.80 -10.88   5.90
2024      5     11     19     37     30    000  -0.81 -10.86   5.89
2024      5     11     19     38     30    000  -0.81 -10.85   5.87
2024      5     11     19     39     30    000  -0.82 -10.83   5.86
2024      5     11     19     40     30    000  -0.83 -10.81   5.85
2024      5     11     19     41     30    000  -0.83 -10.80   5.84
2024      5     11     19     42     30    000  -0.84 -10.78   5.83
2024      5     11     19     43     30    000  -0.85 -10.77   5.82
2024      5     11     19     44     30    000  -0.85 -10.75   5.81
2024      5     11     19     45     30    000  -0.86 -10.74   5.80
2024      5     11     19     46     30    000  -0.87 -10.72   5.79
2024      5     11     19     47     30    000  -0.87 -10.70   5.78
2024      5     11     19     48     30    000  -0.88 -10.69   5.77
2024      5     11     19     49     30    000  -0.89 -10.67   5.76
2024      5     11     19     50     30    000  -0.89 -10.66   5.75
2024      5     11     19     51     30    000  -0.90 -10.64   5.74
2024      5     11     19     52     30    000  -0.91 -10.62   5.73
2024      5     11     19     53     30    000  -0.91 -10.61   5.72
2024      5     11     19     54     30    000  -0.92 -10.59   5.71
2024      5     11     19     55     30    000  -0.93 -10.58   5.70
2024      5     11     19     56     30    000  -0.93 -10.56   5.69
2024      5     11     19     57     30    000  -0.94 -10.54   5.68
2024      5     11     19     58     30    000  -0.95 -10.53   5.67
2024      5     11     19     59     30    000  -0.95 -10.51   5.66
2024      5     11     20     00     30    000  -0.96 -10.49   5.65
2024      5     11     20     01     30    000  -0.97 -10.48   5.64
2024      5     11     20     02     30    000  -0.97 -10.46   5.63
2024      5     11     20     03     30    000  -0.98 -10.44   5.62
2024      5     11     20     04     30    000  -0.99 -10.43   5.61
2024      5     11     20     05     30    000  -0.99 -10.41   5.60
2024      5     11     20     06     30    000  -1.00 -10.39   5.59
2024      5     11     20     07     30    000  -1.01 -10.37   5.58
2024      5     11     20     08     30    000  -1.01 -10.36   5.57
2024      5     11     20     09     30    000  -1.02 -10.34   5.56
2024      5     11     20     10     30    000  -1.03 -10.32   5.55
2024      5     11     20     11     30    000  -1.03 -10.31   5.54
2024      5     11     20     12     30    000  -1.04 -10.29   5.53
2024      5     11     20     13     30    000  -1.04 -10.27   5.52
2024      5     11     20     14     30    000  -1.05 -10.25   5.51
2024      5     11     20     15     30    000  -1.06 -10.24   5.50
2024      5     11     20     16     30    000  -1.06 -10.22   5.49
2024      5     11     20     17     30    000  -1.07 -10.20   5.48
2024      5     11     20     18     30    000  -1.08 -10.18   5.47
2024      5     11     20     19     30    000  -1.08 -10.17   5.46
2024      5     11     20     20     30    000  -1.09 -10.15   5.45
2024      5     11     20     21     30    000  -1.10 -10.13   5.44
2024      5     11     20     22     30    000  -1.10 -10.11   5.43
2024      5     11     20     23     30    000  -1.11 -10.09   5.42
2024      5     11     20     24     30    000  -1.12 -10.08   5.41
2024      5     11     20     25     30    000  -1.12 -10.06   5.40
2024      5     11     20     26     30    000  -1.13 -10.04   5.39
2024      5     11     20     27     30    000  -1.14 -10.02   5.38
2024      5     11     20     28     30    000  -1.14 -10.00   5.37
2024      5     11     20     29     30    000  -1.15  -9.99   5.36
2024      5     11     20     30     30    000  -1.16  -9.97   5.35
2024      5     11     20     31     30    000  -1.16  -9.95   5.35
2024      5     11     20     32     30    000  -1.17  -9.93   5.34
2024      5     11     20     33     30    000  -1.17  -9.91   5.33
2024      5     11     20     34     30    000  -1.18  -9.89   5.32
2024      5     11     20     35     30    000  -1.19  -9.87   5.31
2024      5     11     20     36     30    000  -1.19  -9.86   5.30
2024      5     11     20     37     30    000  -1.20  -9.84   5.29
2024      5     11     20     38     30    000  -1.21  -9.82   5.28
2024      5     11     20     39     30    000  -1.21  -9.80   5.27
2024      5     11     20     40     30    000  -1.22  -9.78   5.26
2024      5     11     20     41     30    000  -1.23  -9.76   5.25
2024      5     11     20     42     30    000  -1.23  -9.74   5.24
2024      5     11     20     43     30    000  -1.24  -9.72   5.24
2024      5     11     20     44     30    000  -1.25  -9.70   5.23
2024      5     11     20     45     30    000  -1.25  -9.68   5.22
2024      5     11     20     46     30    000  -1.26  -9.66   5.21
2024      5     11     20     47     30    000  -1.26  -9.65   5.20
2024      5     11     20     48     30    000  -1.27  -9.63   5.19
2024      5     11     20     49     30    000  -1.28  -9.61   5.18
2024      5     11     20     50     30    000  -1.28  -9.59   5.17
2024      5     11     20     51     30    000  -1.29  -9.57   5.16
2024      5     11     20     52     30    000  -1.30  -9.55   5.16
2024      5     11     20     53     30    000  -1.30  -9.53   5.15
2024      5     11     20     54     30    000  -1.31  -9.51   5.14
2024      5     11     20     55     30    000  -1.32  -9.49   5.13
2024      5     11     20     56     30    000  -1.32  -9.47   5.12
2024      5     11     20     57     30    000  -1.33  -9.45   5.11
2024      5     11     20     58     30    000  -1.33  -9.43   5.10
2024      5     11     20     59     30    000  -1.34  -9.41   5.09
2024      5     11     21     00     30    000  -1.35  -9.39   5.09
2024      5     11     21     01     30    000  -1.35  -9.37   5.08
2024      5     11     21     02     30    000  -1.36  -9.35   5.07
2024      5     11     21     03     30    000  -1.37  -9.33   5.06
2024      5     11     21     04     30    000  -1.37  -9.31   5.05
2024      5     11     21     05     30    000  -1.38  -9.29   5.04
2024      5     11     21     06     30    000  -1.38  -9.26   5.03
2024      5     11     21     07     30    000  -1.39  -9.24   5.03
2024      5     11     21     08     30    000  -1.40  -9.22   5.02
2024      5     11     21     09     30    000  -1.40  -9.20   5.01
2024      5     11     21     10     30    000  -1.41  -9.18   5.00
2024      5     11     21     11     30    000  -1.42  -9.16   4.99
2024      5     11     21     12     30    000  -1.42  -9.14   4.98
2024      5     11     21     13     30    000  -1.43  -9.12   4.98
2024      5     11     21     14     30    000  -1.43  -9.10   4.97
2024      5     11     21     15     30    000  -1.44  -9.08   4.96
2024      5     11     21     16     30    000  -1.45  -9.06   4.95
2024      5     11     21     17     30    000  -1.45  -9.03   4.94
2024      5     11     21     18     30    000  -1.46  -9.01   4.93
2024      5     11     21     19     30    000  -1.47  -8.99   4.93
2024      5     11     21     20     30    000  -1.47  -8.97   4.92
2024      5     11     21     21     30    000  -1.48  -8.95   4.91
2024      5     11     21     22     30    000  -1.48  -8.93   4.90
2024      5     11     21     23     30    000  -1.49  -8.91   4.89
2024      5     11     21     24     30    000  -1.50  -8.88   4.88
2024      5     11     21     25     30    000  -1.50  -8.86   4.88
2024      5     11     21     26     30    000  -1.51  -8.84   4.87
2024      5     11     21     27     30    000  -1.51  -8.82   4.86
2024      5     11     21     28     30    000  -1.52  -8.80   4.85
2024      5     11     21     29     30    000  -1.53  -8.77   4.84
2024      5     11     21     30     30    000  -1.53  -8.75   4.83
2024      5     11     21     31     30    000  -1.54  -8.73   4.83
2024      5     11     21     32     30    000  -1.54  -8.71   4.82
2024      5     11     21     33     30    000  -1.55  -8.68   4.81
2024      5     11     21     34     30    000  -1.56  -8.66   4.80
2024      5     11     21     35     30    000  -1.56  -8.64   4.79
2024      5     11     21     36     30    000  -1.57  -8.62   4.79
2024      5     11     21     37     30    000  -1.58  -8.59   4.78
2024      5     11     21     38     30    000  -1.58  -8.57   4.77
2024      5     11     21     39     30    000  -1.59  -8.55   4.76
2024      5     11     21     40     30    000  -1.59  -8.53   4.75
2024      5     11     21     41     30    000  -1.60  -8.50   4.75
2024      5     11     21     42     30    000  -1.60  -8.48   4.74
2024      5     11     21     43     30    000  -1.61  -8.46   4.73
2024      5     11     21     44     30    000  -1.62  -8.43   4.72
2024      5     11     21     45     30    000  -1.62  -8.41   4.71
2024      5     11     21     46     30    000  -1.63  -8.39   4.70
2024      5     11     21     47     30    000  -1.63  -8.37   4.70
2024      5     11     21     48     30    000  -1.64  -8.34   4.69
2024      5     11     21     49     30    000  -1.65  -8.32   4.68
2024      5     11     21     50     30    000  -1.65  -8.30   4.67
2024      5     11     21     51     30    000  -1.66  -8.27   4.66
2024      5     11     21     52     30    000  -1.66  -8.25   4.66
2024      5     11     21     53     30    000  -1.67  -8.22   4.65
2024      5     11     21     54     30    000  -1.68  -8.20   4.64
2024      5     11     21     55     30    000  -1.68  -8.18   4.63
2024      5     11     21     56     30    000  -1.69  -8.15   4.62
2024      5     11     21     57     30    000  -1.69  -8.13   4.62
2024      5     11     21     58     30    000  -1.70  -8.11   4.61
2024      5     11     21     59     30    000  -1.70  -8.08   4.60
2024      5     11     22     00     30    000  -1.71  -8.06   4.59
2024      5     11     22     01     30    000  -1.72  -8.03   4.58
2024      5     11     22     02     30    000  -1.72  -8.01   4.58
2024      5     11     22     03     30    000  -1.73  -7.98   4.57
2024      5     11     22     04     30    000  -1.73  -7.96   4.56
2024      5     11     22     05     30    000  -1.74  -7.94   4.55
2024      5     11     22     06     30    000  -1.75  -7.91   4.54
2024      5     11     22     07     30    000  -1.75  -7.89   4.54
2024      5     11     22     08     30    000  -1.76  -7.86   4.53
2024      5     11     22     09     30    000  -1.76  -7.84   4.52
2024      5     11     22     10     30    000  -1.77  -7.81   4.51
2024      5     11     22     11     30    000  -1.77  -7.79   4.50
2024      5     11     22     12     30    000  -1.78  -7.76   4.50
2024      5     11     22     13     30    000  -1.78  -7.74   4.49
2024      5     11     22     14     30    000  -1.79  -7.71   4.48
2024      5     11     22     15     30    000  -1.80  -7.69   4.47
2024      5     11     22     16     30    000  -1.80  -7.66   4.46
2024      5     11     22     17     30    000  -1.81  -7.64   4.46
2024      5     11     22     18     30    000  -1.81  -7.61   4.45
2024      5     11     22     19     30    000  -1.82  -7.58   4.44
2024      5     11     22     20     30    000  -1.82  -7.56   4.43
2024      5     11     22     21     30    000  -1.83  -7.53   4.42
2024      5     11     22     22     30    000  -1.83  -7.51   4.42
2024      5     11     22     23     30    000  -1.84  -7.48   4.41
2024      5     11     22     24     30    000  -1.85  -7.46   4.40
2024      5     11     22     25     30    000  -1.85  -7.43   4.39
2024      5     11     22     26     30    000  -1.86  -7.40   4.38
2024      5     11     22     27     30    000  -1.86  -7.38   4.38
2024      5     11     22     28     30    000  -1.87  -7.35   4.37
2024      5     11     22     29     30    000  -1.87  -7.33   4.36
2024      5     11     22     30     30    000  -1.88  -7.30   4.35
2024      5     11     22     31     30    000  -1.88  -7.27   4.34
2024      5     11     22     32     30    000  -1.89  -7.25   4.34
2024      5     11     22     33     30    000  -1.89  -7.22   4.33
2024      5     11     22     34     30    000  -1.90  -7.19   4.32
2024      5     11     22     35     30    000  -1.90  -7.17   4.31
2024      5     11     22     36     30    000  -1.91  -7.14   4.30
2024      5     11     22     37     30    000  -1.92  -7.11   4.29
2024      5     11     22     38     30    000  -1.92  -7.09   4.29
2024      5     11     22     39     30    000  -1.93  -7.06   4.28
2024      5     11     22     40     30    000  -1.93  -7.03   4.27
2024      5     11     22     41     30    000  -1.94  -7.00   4.26
2024      5     11     22     42     30    000  -1.94  -6.98   4.25
2024      5     11     22     43     30    000  -1.95  -6.95   4.24
2024      5     11     22     44     30    000  -1.95  -6.92   4.24
2024      5     11     22     45     30    000  -1.96  -6.90   4.23
2024      5     11     22     46     30    000  -1.96  -6.87   4.22
2024      5     11     22     47     30    000  -1.97  -6.84   4.21
2024      5     11     22     48     30    000  -1.97  -6.81   4.20
2024      5     11     22     49     30    000  -1.98  -6.78   4.19
2024      5     11     22     50     30    000  -1.98  -6.76   4.19
2024      5     11     22     51     30    000  -1.99  -6.73   4.18
2024      5     11     22     52     30    000  -1.99  -6.70   4.17
2024      5     11     22     53     30    000  -2.00  -6.67   4.16
2024      5     11     22     54     30    000  -2.00  -6.64   4.15
2024      5     11     22     55     30    000  -2.01  -6.62   4.14
2024      5     11     22     56     30    000  -2.01  -6.59   4.13
2024      5     11     22     57     30    000  -2.02  -6.56   4.12
2024      5     11     22     58     30    000  -2.02  -6.53   4.12
2024      5     11     22     59     30    000  -2.03  -6.50   4.11
2024      5     11     23     00     30    000  -2.03  -6.47   4.10
2024      5     11     23     01     30    000  -2.04  -6.45   4.09
2024      5     11     23     02     30    000  -2.04  -6.42   4.08
2024      5     11     23     03     30    000  -2.04  -6.39   4.07
2024      5     11     23     04     30    000  -2.05  -6.36   4.06
2024      5     11     23     05     30    000  -2.05  -6.33   4.05
2024      5     11     23     06     30    000  -2.06  -6.30   4.05
2024      5     11     23     07     30    000  -2.06  -6.27   4.04
2024      5     11     23     08     30    000  -2.07  -6.24   4.03
2024      5     11     23     09     30    000  -2.07  -6.21   4.02
2024      5     11     23     10     30    000  -2.08  -6.18   4.01
2024      5     11     23     11     30    000  -2.08  -6.15   4.00
2024      5     11     23     12     30    000  -2.09  -6.12   3.99
2024      5     11     23     13     30    000  -2.09  -6.09   3.98
2024      5     11     23     14     30    000  -2.09  -6.06   3.97
2024      5     11     23     15     30    000  -2.10  -6.03   3.96
2024      5     11     23     16     30    000  -2.10  -6.00   3.95
2024      5     11     23     17     30    000  -2.11  -5.97   3.94
2024      5     11     23     18     30    000  -2.11  -5.94   3.93
2024      5     11     23     19     30    000  -2.12  -5.91   3.93
2024      5     11     23     20     30    000  -2.12  -5.88   3.92
2024      5     11     23     21     30    000  -2.13  -5.85   3.91
2024      5     11     23     22     30    000  -2.13  -5.82   3.90
2024      5     11     23     23     30    000  -2.13  -5.79   3.89
2024      5     11     23     24     30    000  -2.14  -5.76   3.88
2024      5     11     23     25     30    000  -2.14  -5.73   3.87
2024      5     11     23     26     30    000  -2.15  -5.70   3.86
2024      5     11     23     27     30    000  -2.15  -5.67   3.85
2024      5     11     23     28     30    000  -2.15  -5.64   3.84
2024      5     11     23     29     30    000  -2.16  -5.60   3.83
2024      5     11     23     30     30    000  -2.16  -5.57   3.82
2024      5     11     23     31     30    000  -2.17  -5.54   3.81
2024      5     11     23     32     30    000  -2.17  -5.51   3.80
2024      5     11     23     33     30    000  -2.17  -5.48   3.79
2024      5     11     23     34     30    000  -2.18  -5.45   3.78
2024      5     11     23     35     30    000  -2.18  -5.41   3.77
2024      5     11     23     36     30    000  -2.18  -5.38   3.76
2024      5     11     23     37     30    000  -2.19  -5.35   3.75
2024      5     11     23     38     30    000  -2.19  -5.32   3.74
2024      5     11     23     39     30    000  -2.20  -5.29   3.73
2024      5     11     23     40     30    000  -2.20  -5.25   3.71
2024      5     11     23     41     30    000  -2.20  -5.22   3.70
2024      5     11     23     42     30    000  -2.21  -5.19   3.69
2024      5     11     23     43     30    000  -2.21  -5.16   3.68
2024      5     11     23     44     30    000  -2.21  -5.12   3.67
2024      5     11     23     45     30    000  -2.22  -5.09   3.66
2024      5     11     23     46     30    000  -2.22  -5.06   3.65
2024      5     11     23     47     30    000  -2.22  -5.03   3.64
2024      5     11     23     48     30    000  -2.23  -4.99   3.63
2024      5     11     23     49     30    000  -2.23  -4.96   3.62
2024      5     11     23     50     30    000  -2.23  -4.93   3.61
2024      5     11     23     51     30    000  -2.24  -4.89   3.59
2024      5     11     23     52     30    000  -2.24  -4.86   3.58
2024      5     11     23     53     30    000  -2.24  -4.83   3.57
2024      5     11     23     54     30    000  -2.24  -4.79   3.56
2024      5     11     23     55     30    000  -2.25  -4.76   3.55
2024      5     11     23     56     30    000  -2.25  -4.72   3.54
2024      5     11     23     57     30    000  -2.25  -4.69   3.52
2024      5     11     23     58     30    000  -2.26  -4.66   3.51
2024      5     11     23     59     30    000  -2.26  -4.62   3.50
2024      5     12     00     00     30    000  -2.26  -4.59   3.49
2024      5     12     00     01     30    000  -2.26  -4.55   3.48
2024      5     12     00     02     30    000  -2.27  -4.52   3.46
2024      5     12     00     03     30    000  -2.27  -4.48   3.45
2024      5     12     00     04     30    000  -2.27  -4.45   3.44
2024      5     12     00     05     30    000  -2.27  -4.41   3.43
2024      5     12     00     06     30    000  -2.28  -4.38   3.41
2024      5     12     00     07     30    000  -2.28  -4.34   3.40
2024      5     12     00     08     30    000  -2.28  -4.31   3.39
2024      5     12     00     09     30    000  -2.28  -4.27   3.38
2024      5     12     00     10     30    000  -2.29  -4.24   3.36
2024      5     12     00     11     30    000  -2.29  -4.20   3.35
2024      5     12     00     12     30    000  -2.29  -4.17   3.34
2024      5     12     00     13     30    000  -2.29  -4.13   3.32
2024      5     12     00     14     30    000  -2.29  -4.09   3.31
2024      5     12     00     15     30    000  -2.29  -4.06   3.30
2024      5     12     00     16     30    000  -2.30  -4.02   3.28
2024      5     12     00     17     30    000  -2.30  -3.98   3.27
2024      5     12     00     18     30    000  -2.30  -3.95   3.25
2024      5     12     00     19     30    000  -2.30  -3.91   3.24
2024      5     12     00     20     30    000  -2.30  -3.87   3.23
2024      5     12     00     21     30    000  -2.30  -3.84   3.21
2024      5     12     00     22     30    000  -2.31  -3.80   3.20
2024      5     12     00     23     30    000  -2.31  -3.76   3.18
2024      5     12     00     24     30    000  -2.31  -3.73   3.17
2024      5     12     00     25     30    000  -2.31  -3.69   3.15
2024      5     12     00     26     30    000  -2.31  -3.65   3.14
2024      5     12     00     27     30    000  -2.31  -3.61   3.12
2024      5     12     00     28     30    000  -2.31  -3.58   3.11
2024      5     12     00     29     30    000  -2.31  -3.54   3.09
2024      5     12     00     30     30    000  -2.31  -3.50   3.08
2024      5     12     00     31     30    000  -2.31  -3.46   3.06
2024      5     12     00     32     30    000  -2.31  -3.42   3.05
2024      5     12     00     33     30    000  -2.31  -3.39   3.03
2024      5     12     00     34     30    000  -2.31  -3.35   3.02
2024      5     12     00     35     30    000  -2.31  -3.31   3.00
2024      5     12     00     36     30    000  -2.31  -3.27   2.98
2024      5     12     00     37     30    000  -2.31  -3.23   2.97
2024      5     12     00     38     30    000  -2.31  -3.19   2.95
2024      5     12     00     39     30    000  -2.31  -3.15   2.93
2024      5     12     00     40     30    000  -2.31  -3.11   2.92
2024      5     12     00     41     30    000  -2.31  -3.07   2.90
2024      5     12     00     42     30    000  -2.31  -3.03   2.88
2024      5     12     00     43     30    000  -2.31  -2.99   2.87
2024      5     12     00     44     30    000  -2.31  -2.95   2.85
2024      5     12     00     45     30    000  -2.31  -2.91   2.83
2024      5     12     00     46     30    000  -2.31  -2.87   2.81
2024      5     12     00     47     30    000  -2.31  -2.83   2.80
2024      5     12     00     48     30    000  -2.30  -2.79   2.78
2024      5     12     00     49     30    000  -2.30  -2.75   2.76
2024      5     12     00     50     30    000  -2.30  -2.71   2.74
2024      5     12     00     51     30    000  -2.30  -2.67   2.72
2024      5     12     00     52     30    000  -2.30  -2.63   2.70
2024      5     12     00     53     30    000  -2.30  -2.59   2.68
2024      5     12     00     54     30    000  -2.29  -2.54   2.66
2024      5     12     00     55     30    000  -2.29  -2.50   2.64
2024      5     12     00     56     30    000  -2.29  -2.46   2.62
2024      5     12     00     57     30    000  -2.29  -2.42   2.60
2024      5     12     00     58     30    000  -2.28  -2.38   2.58
2024      5     12     00     59     30    000  -2.28  -2.33   2.56
2024      5     12     01     00     30    000  -2.28  -2.29   2.54
2024      5     12     01     01     30    000  -2.27  -2.25   2.52
2024      5     12     01     02     30    000  -2.27  -2.21   2.50
2024      5     12     01     03     30    000  -2.27  -2.16   2.48
2024      5     12     01     04     30    000  -2.26  -2.12   2.46
2024      5     12     01     05     30    000  -2.26  -2.08   2.44
2024      5     12     01     06     30    000  -2.25  -2.03   2.41
2024      5     12     01     07     30    000  -2.25  -1.99   2.39
2024      5     12     01     08     30    000  -2.24  -1.94   2.37
2024      5     12     01     09     30    000  -2.24  -1.90   2.35
2024      5     12     01     10     30    000  -2.23  -1.86   2.32
2024      5     12     01     11     30    000  -2.23  -1.81   2.30
2024      5     12     01     12     30    000  -2.22  -1.77   2.27
2024      5     12     01     13     30    000  -2.22  -1.72   2.25
2024      5     12     01     14     30    000  -2.21  -1.68   2.23
2024      5     12     01     15     30    000  -2.20  -1.63   2.20
2024      5     12     01     16     30    000  -2.20  -1.59   2.18
2024      5     12     01     17     30    000  -2.19  -1.54   2.15
2024      5     12     01     18     30    000  -2.18  -1.49   2.13
2024      5     12     01     19     30    000  -2.17  -1.45   2.10
2024      5     12     01     20     30    000  -2.16  -1.40   2.07
2024      5     12     01     21     30    000  -2.16  -1.36   2.05
2024      5     12     01     22     30    000  -2.15  -1.31   2.02
2024      5     12     01     23     30    000  -2.14  -1.26   1.99
2024      5     12     01     24     30    000  -2.13  -1.22   1.96
2024      5     12     01     25     30    000  -2.12  -1.17   1.94
2024      5     12     01     26     30    000  -2.11  -1.12   1.91
2024      5     12     01     27     30    000  -2.10  -1.07   1.88
2024      5     12     01     28     30    000  -2.09  -1.03   1.85
2024      5     12     01     29     30    000  -2.08  -0.98   1.82
2024      5     12     01     30     30    000  -2.06  -0.93   1.79
2024      5     12     01     31     30    000  -2.05  -0.88   1.76
2024      5     12     01     32     30    000  -2.04  -0.83   1.73
2024      5     12     01     33     30    000  -2.02  -0.78   1.69
2024      5     12     01     34     30    000  -2.01  -0.73   1.66
2024      5     12     01     35     30    000  -2.00  -0.69   1.63
2024      5     12     01     36     30    000  -1.98  -0.64   1.60
2024      5     12     01     37     30    000  -1.96  -0.59   1.56
2024      5     12     01     38     30    000  -1.95  -0.54   1.53
2024      5     12     01     39     30    000  -1.93  -0.49   1.49
2024      5     12     01     40     30    000  -1.91  -0.44   1.46
2024      5     12     01     41     30    000  -1.89  -0.39   1.42
2024      5     12     01     42     30    000  -1.87  -0.34   1.38
2024      5     12     01     43     30    000  -1.85  -0.29   1.35
2024      5     12     01     44     30    000  -1.83  -0.24   1.31
2024      5     12     01     45     30    000  -1.81  -0.19   1.27
2024      5     12     01     46     30    000  -1.79  -0.14   1.23
2024      5     12     01     47     30    000  -1.77  -0.09   1.19
2024      5     12     01     48     30    000  -1.74  -0.03   1.15
2024      5     12     01     49     30    000  -1.71   0.02   1.11
2024      5     12     01     50     30    000  -1.69   0.07   1.06
2024      5     12     01     51     30    000  -1.66   0.12   1.02
2024      5     12     01     52     30    000  -1.63   0.17   0.98
2024      5     12     01     53     30    000  -1.60   0.22   0.93
2024      5     12     01     54     30    000  -1.57   0.27   0.89
2024      5     12     01     55     30    000  -1.53   0.32   0.84
2024      5     12     01     56     30    000  -1.50   0.36   0.79
2024      5     12     01     57     30    000  -1.46   0.41   0.74
2024      5     12     01     58     30    000  -1.42   0.46   0.69
2024      5     12     01     59     30    000  -1.38   0.51   0.64
2024      5     12     02     00     30    000  -1.34   0.56   0.59
2024      5     12     02     01     30    000  -1.30   0.60   0.54
2024      5     12     02     02     30    000  -1.25   0.65   0.49
2024      5     12     02     03     30    000  -1.21   0.69   0.43
2024      5     12     02     04     30    000  -1.16   0.73   0.38
2024      5     12     02     05     30    000  -1.10   0.77   0.32
2024      5     12     02     06     30    000  -1.05   0.81   0.27
2024      5     12     02     07     30    000  -0.99   0.85   0.21
2024      5     12     02     08     30    000  -0.93   0.89   0.15
2024      5     12     02     09     30    000  -0.87   0.92   0.10
2024      5     12     02     10     30    000  -0.81   0.95   0.04
2024      5     12     02     11     30    000  -0.74   0.98  -0.02
2024      5     12     02     12     30    000  -0.67   1.00  -0.08
2024      5     12     02     13     30    000  -0.60   1.02  -0.14
2024      5     12     02     14     30    000  -0.53   1.04  -0.19
2024      5     12     02     15     30    000  -0.45   1.06  -0.25
2024      5     12     02     16     30    000  -0.38   1.07  -0.31
2024      5     12     02     17     30    000  -0.30   1.07  -0.36
2024      5     12     02     18     30    000  -0.22   1.08  -0.42
2024      5     12     02     19     30    000  -0.14   1.08  -0.47
2024      5     12     02     20     30    000  -0.06   1.07  -0.52
2024      5     12     02     21     30    000   0.02   1.07  -0.57
2024      5     12     02     22     30    000   0.10   1.05  -0.62
2024      5     12     02     23     30    000   0.18   1.04  -0.66
2024      5     12     02     24     30    000   0.25   1.02  -0.70
2024      5     12     02     25     30    000   0.33   1.00  -0.75
2024      5     12     02     26     30    000   0.41   0.98  -0.79
2024      5     12     02     27     30    000   0.49   0.96  -0.82
2024      5     12     02     28     30    000   0.56   0.93  -0.86
2024      5     12     02     29     30    000   0.64   0.90  -0.89
2024      5     12     02     30     30    000   0.71   0.87  -0.92
2024      5     12     02     31     30    000   0.78   0.83  -0.96
2024      5     12     02     32     30    000   0.85   0.80  -0.98
2024      5     12     02     33     30    000   0.92   0.77  -1.01
2024      5     12     02     34     30    000   0.99   0.73  -1.04
2024      5     12     02     35     30    000   1.05   0.69  -1.06
2024      5     12     02     36     30    000   1.12   0.65  -1.08
2024      5     12     02     37     30    000   1.18   0.61  -1.11
2024      5     12     02     38     30    000   1.24   0.57  -1.13
2024      5     12     02     39     30    000   1.31   0.53  -1.15
2024      5     12     02     40     30    000   1.37   0.49  -1.16
2024      5     12     02     41     30    000   1.42   0.45  -1.18
2024      5     12     02     42     30    000   1.48   0.41  -1.20
2024      5     12     02     43     30    000   1.54   0.37  -1.21
2024      5     12     02     44     30    000   1.59   0.32  -1.23
2024      5     12     02     45     30    000   1.65   0.28  -1.24
2024      5     12     02     46     30    000   1.70   0.24  -1.25
2024      5     12     02     47     30    000   1.75   0.19  -1.27
2024      5     12     02     48     30    000   1.81   0.15  -1.28
2024      5     12     02     49     30    000   1.86   0.11  -1.29
2024      5     12     02     50     30    000   1.91   0.06  -1.30
2024      5     12     02     51     30    000   1.96   0.02  -1.31
2024      5     12     02     52     30    000   2.00  -0.02  -1.31
2024      5     12     02     53     30    000   2.05  -0.07  -1.32
2024      5     12     02     54     30    000   2.10  -0.11  -1.33
2024      5     12     02     55     30    000   2.14  -0.15  -1.34
2024      5     12     02     56     30    000   2.19  -0.20  -1.34
2024      5     12     02     57     30    000   2.23  -0.24  -1.35
2024      5     12     02     58     30    000   2.27  -0.28  -1.35
2024      5     12     02     59     30    000   2.32  -0.33  -1.36
2024      5     12     03     00     30    000   2.36  -0.37  -1.36
2024      5     12     03     01     30    000   2.40  -0.41  -1.37
2024      5     12     03     02     30    000   2.44  -0.46  -1.37
2024      5     12     03     03     30    000   2.48  -0.50  -1.37
2024      5     12     03     04     30    000   2.52  -0.54  -1.38
2024      5     12     03     05     30    000   2.56  -0.58  -1.38
2024      5     12     03     06     30    000   2.60  -0.63  -1.38
2024      5     12     03     07     30    000   2.64  -0.67  -1.38
2024      5     12     03     08     30    000   2.68  -0.71  -1.38
2024      5     12     03     09     30    000   2.71  -0.75  -1.39
2024      5     12     03     10     30    000   2.75  -0.79  -1.39
2024      5     12     03     11     30    000   2.79  -0.84  -1.39
2024      5     12     03     12     30    000   2.82  -0.88  -1.39
2024      5     12     03     13     30    000   2.86  -0.92  -1.39
2024      5     12     03     14     30    000   2.89  -0.96  -1.39
2024      5     12     03     15     30    000   2.93  -1.00  -1.39
2024      5     12     03     16     30    000   2.96  -1.04  -1.39
2024      5     12     03     17     30    000   2.99  -1.08  -1.38
2024      5     12     03     18     30    000   3.03  -1.13  -1.38
2024      5     12     03     19     30    000   3.06  -1.17  -1.38
2024      5     12     03     20     30    000   3.09  -1.21  -1.38
2024      5     12     03     21     30    000   3.12  -1.25  -1.38
2024      5     12     03     22     30    000   3.16  -1.29  -1.38
2024      5     12     03     23     30    000   3.19  -1.33  -1.37
2024      5     12     03     24     30    000   3.22  -1.37  -1.37
2024      5     12     03     25     30    000   3.25  -1.41  -1.37
2024      5     12     03     26     30    000   3.28  -1.45  -1.37
2024      5     12     03     27     30    000   3.31  -1.49  -1.36
2024      5     12     03     28     30    000   3.34  -1.53  -1.36
2024      5     12     03     29     30    000   3.37  -1.57  -1.36
2024      5     12     03     30     30    000   3.40  -1.60  -1.35
2024      5     12     03     31     30    000   3.42  -1.64  -1.35
2024      5     12     03     32     30    000   3.45  -1.68  -1.34
2024      5     12     03     33     30    000   3.48  -1.72  -1.34
2024      5     12     03     34     30    000   3.51  -1.76  -1.34
2024      5     12     03     35     30    000   3.54  -1.80  -1.33
2024      5     12     03     36     30    000   3.56  -1.84  -1.33
2024      5     12     03     37     30    000   3.59  -1.87  -1.32
2024      5     12     03     38     30    000   3.62  -1.91  -1.32
2024      5     12     03     39     30    000   3.64  -1.95  -1.31
2024      5     12     03     40     30    000   3.67  -1.99  -1.31
2024      5     12     03     41     30    000   3.70  -2.03  -1.30
2024      5     12     03     42     30    000   3.72  -2.06  -1.30
2024      5     12     03     43     30    000   3.75  -2.10  -1.29
2024      5     12     03     44     30    000   3.77  -2.14  -1.28
2024      5     12     03     45     30    000   3.80  -2.17  -1.28
2024      5     12     03     46     30    000   3.82  -2.21  -1.27
2024      5     12     03     47     30    000   3.85  -2.25  -1.27
2024      5     12     03     48     30    000   3.87  -2.29  -1.26
2024      5     12     03     49     30    000   3.90  -2.32  -1.25
2024      5     12     03     50     30    000   3.92  -2.36  -1.25
2024      5     12     03     51     30    000   3.94  -2.39  -1.24
2024      5     12     03     52     30    000   3.97  -2.43  -1.23
2024      5     12     03     53     30    000   3.99  -2.47  -1.23
2024      5     12     03     54     30    000   4.01  -2.50  -1.22
2024      5     12     03     55     30    000   4.04  -2.54  -1.21
2024      5     12     03     56     30    000   4.06  -2.57  -1.21
2024      5     12     03     57     30    000   4.08  -2.61  -1.20
2024      5     12     03     58     30    000   4.11  -2.64  -1.19
2024      5     12     03     59     30    000   4.13  -2.68  -1.18
2024      5     12     04     00     30    000   4.15  -2.72  -1.18
2024      5     12     04     01     30    000   4.17  -2.75  -1.17
2024      5     12     04     02     30    000   4.19  -2.79  -1.16
2024      5     12     04     03     30    000   4.22  -2.82  -1.15
2024      5     12     04     04     30    000   4.24  -2.85  -1.14
2024      5     12     04     05     30    000   4.26  -2.89  -1.14
2024      5     12     04     06     30    000   4.28  -2.92  -1.13
2024      5     12     04     07     30    000   4.30  -2.96  -1.12
2024      5     12     04     08     30    000   4.32  -2.99  -1.11
2024      5     12     04     09     30    000   4.34  -3.03  -1.10
2024      5     12     04     10     30    000   4.36  -3.06  -1.09
2024      5     12     04     11     30    000   4.38  -3.09  -1.09
2024      5     12     04     12     30    000   4.40  -3.13  -1.08
2024      5     12     04     13     30    000   4.42  -3.16  -1.07
2024      5     12     04     14     30    000   4.44  -3.19  -1.06
2024      5     12     04     15     30    000   4.46  -3.23  -1.05
2024      5     12     04     16     30    000   4.48  -3.26  -1.04
2024      5     12     04     17     30    000   4.50  -3.29  -1.03
2024      5     12     04     18     30    000   4.52  -3.33  -1.02
2024      5     12     04     19     30    000   4.54  -3.36  -1.01
2024      5     12     04     20     30    000   4.56  -3.39  -1.00
2024      5     12     04     21     30    000   4.58  -3.43  -1.00
2024      5     12     04     22     30    000   4.60  -3.46  -0.99
2024      5     12     04     23     30    000   4.62  -3.49  -0.98
2024      5     12     04     24     30    000   4.63  -3.52  -0.97
2024      5     12     04     25     30    000   4.65  -3.56  -0.96
2024      5     12     04     26     30    000   4.67  -3.59  -0.95
2024      5     12     04     27     30    000   4.69  -3.62  -0.94
2024      5     12     04     28     30    000   4.71  -3.65  -0.93
2024      5     12     04     29     30    000   4.73  -3.68  -0.92
2024      5     12     04     30     30    000   4.74  -3.72  -0.91
2024      5     12     04     31     30    000   4.76  -3.75  -0.90
2024      5     12     04     32     30    000   4.78  -3.78  -0.89
2024      5     12     04     33     30    000   4.80  -3.81  -0.88
2024      5     12     04     34     30    000   4.81  -3.84  -0.87
2024      5     12     04     35     30    000   4.83  -3.87  -0.86
2024      5     12     04     36     30    000   4.85  -3.90  -0.85
2024      5     12     04     37     30    000   4.86  -3.94  -0.84
2024      5     12     04     38     30    000   4.88  -3.97  -0.82
2024      5     12     04     39     30    000   4.90  -4.00  -0.81
2024      5     12     04     40     30    000   4.91  -4.03  -0.80
2024      5     12     04     41     30    000   4.93  -4.06  -0.79
2024      5     12     04     42     30    000   4.95  -4.09  -0.78
2024      5     12     04     43     30    000   4.96  -4.12  -0.77
2024      5     12     04     44     30    000   4.98  -4.15  -0.76
2024      5     12     04     45     30    000   5.00  -4.18  -0.75
2024      5     12     04     46     30    000   5.01  -4.21  -0.74
2024      5     12     04     47     30    000   5.03  -4.24  -0.73
2024      5     12     04     48     30    000   5.04  -4.27  -0.72
2024      5     12     04     49     30    000   5.06  -4.30  -0.70
2024      5     12     04     50     30    000   5.08  -4.33  -0.69
2024      5     12     04     51     30    000   5.09  -4.36  -0.68
2024      5     12     04     52     30    000   5.11  -4.39  -0.67
2024      5     12     04     53     30    000   5.12  -4.42  -0.66
2024      5     12     04     54     30    000   5.14  -4.45  -0.65
2024      5     12     04     55     30    000   5.15  -4.48  -0.64
2024      5     12     04     56     30    000   5.17  -4.51  -0.62
2024      5     12     04     57     30    000   5.18  -4.54  -0.61
2024      5     12     04     58     30    000   5.20  -4.57  -0.60
2024      5     12     04     59     30    000   5.21  -4.59  -0.59
2024      5     12     05     00     30    000   5.23  -4.62  -0.58
2024      5     12     05     01     30    000   5.24  -4.65  -0.57
2024      5     12     05     02     30    000   5.26  -4.68  -0.55
2024      5     12     05     03     30    000   5.27  -4.71  -0.54
2024      5     12     05     04     30    000   5.29  -4.74  -0.53
2024      5     12     05     05     30    000   5.30  -4.77  -0.52
2024      5     12     05     06     30    000   5.32  -4.80  -0.51
2024      5     12     05     07     30    000   5.33  -4.82  -0.49
2024      5     12     05     08     30    000   5.34  -4.85  -0.48
2024      5     12     05     09     30    000   5.36  -4.88  -0.47
2024      5     12     05     10     30    000   5.37  -4.91  -0.46
2024      5     12     05     11     30    000   5.39  -4.94  -0.45
2024      5     12     05     12     30    000   5.40  -4.96  -0.43
2024      5     12     05     13     30    000   5.41  -4.99  -0.42
2024      5     12     05     14     30    000   5.43  -5.02  -0.41
2024      5     12     05     15     30    000   5.44  -5.05  -0.40
2024      5     12     05     16     30    000   5.45  -5.07  -0.38
2024      5     12     05     17     30    000   5.47  -5.10  -0.37
2024      5     12     05     18     30    000   5.48  -5.13  -0.36
2024      5     12     05     19     30    000   5.49  -5.16  -0.35
2024      5     12     05     20     30    000   5.51  -5.18  -0.33
2024      5     12     05     21     30    000   5.52  -5.21  -0.32
2024      5     12     05     22     30    000   5.53  -5.24  -0.31
2024      5     12     05     23     30    000   5.55  -5.26  -0.29
2024      5     12     05     24     30    000   5.56  -5.29  -0.28
2024      5     12     05     25     30    000   5.57  -5.32  -0.27
2024      5     12     05     26     30    000   5.59  -5.35  -0.26
2024      5     12     05     27     30    000   5.60  -5.37  -0.24
2024      5     12     05     28     30    000   5.61  -5.40  -0.23
2024      5     12     05     29     30    000   5.62  -5.43  -0.22
2024      5     12     05     30     30    000   5.64  -5.45  -0.20
2024      5     12     05     31     30    000   5.65  -5.48  -0.19
2024      5     12     05     32     30    000   5.66  -5.50  -0.18
2024      5     12     05     33     30    000   5.67  -5.53  -0.16
2024      5     12     05     34     30    000   5.69  -5.56  -0.15
2024      5     12     05     35     30    000   5.70  -5.58  -0.14
2024      5     12     05     36     30    000   5.71  -5.61  -0.12
2024      5     12     05     37     30    000   5.72  -5.63  -0.11
2024      5     12     05     38     30    000   5.73  -5.66  -0.10
2024      5     12     05     39     30    000   5.75  -5.69  -0.08
2024      5     12     05     40     30    000   5.76  -5.71  -0.07
2024      5     12     05     41     30    000   5.77  -5.74  -0.06
2024      5     12     05     42     30    000   5.78  -5.76  -0.04
2024      5     12     05     43     30    000   5.79  -5.79  -0.03
2024      5     12     05     44     30    000   5.81  -5.81  -0.02
2024      5     12     05     45     30    000   5.82  -5.84  -0.00
2024      5     12     05     46     30    000   5.83  -5.86   0.01
2024      5     12     05     47     30    000   5.84  -5.89   0.02
2024      5     12     05     48     30    000   5.85  -5.91   0.04
2024      5     12     05     49     30    000   5.86  -5.94   0.05
2024      5     12     05     50     30    000   5.87  -5.96   0.06
2024      5     12     05     51     30    000   5.89  -5.99   0.08
2024      5     12     05     52     30    000   5.90  -6.01   0.09
2024      5     12     05     53     30    000   5.91  -6.04   0.11
2024      5     12     05     54     30    000   5.92  -6.06   0.12
2024      5     12     05     55     30    000   5.93  -6.09   0.13
2024      5     12     05     56     30    000   5.94  -6.11   0.15
2024      5     12     05     57     30    000   5.95  -6.14   0.16
2024      5     12     05     58     30    000   5.96  -6.16   0.18
2024      5     12     05     59     30    000   5.97  -6.18   0.19
2024      5     12     06     00     30    000   5.99  -6.21   0.20
2024      5     12     06     01     30    000   6.00  -6.23   0.22
2024      5     12     06     02     30    000   6.01  -6.26   0.23
2024      5     12     06     03     30    000   6.02  -6.28   0.25
2024      5     12     06     04     30    000   6.03  -6.30   0.26
2024      5     12     06     05     30    000   6.04  -6.33   0.27
2024      5     12     06     06     30    000   6.05  -6.35   0.29
2024      5     12     06     07     30    000   6.06  -6.38   0.30
2024      5     12     06     08     30    000   6.07  -6.40   0.32
2024      5     12     06     09     30    000   6.08  -6.42   0.33
2024      5     12     06     10     30    000   6.09  -6.45   0.34
2024      5     12     06     11     30    000   6.10  -6.47   0.36
2024      5     12     06     12     30    000   6.11  -6.49   0.37
2024      5     12     06     13     30    000   6.12  -6.52   0.39
2024      5     12     06     14     30    000   6.13  -6.54   0.40
2024      5     12     06     15     30    000   6.14  -6.56   0.42
2024      5     12     06     16     30    000   6.15  -6.59   0.43
2024      5     12     06     17     30    000   6.16  -6.61   0.44
2024      5     12     06     18     30    000   6.17  -6.63   0.46
2024      5     12     06     19     30    000   6.18  -6.66   0.47
2024      5     12     06     20     30    000   6.19  -6.68   0.49
2024      5     12     06     21     30    000   6.20  -6.70   0.50
2024      5     12     06     22     30    000   6.21  -6.72   0.52
2024      5     12     06     23     30    000   6.22  -6.75   0.53
2024      5     12     06     24     30    000   6.23  -6.77   0.55
2024      5     12     06     25     30    000   6.24  -6.79   0.56
2024      5     12     06     26     30    000   6.25  -6.81   0.58
2024      5     12     06     27     30    000   6.26  -6.84   0.59
2024      5     12     06     28     30    000   6.27  -6.86   0.60
2024      5     12     06     29     30    000   6.28  -6.88   0.62
2024      5     12     06     30     30    000   6.29  -6.90   0.63
2024      5     12     06     31     30    000   6.30  -6.93   0.65
2024      5     12     06     32     30    000   6.31  -6.95   0.66
2024      5     12     06     33     30    000   6.31  -6.97   0.68
2024      5     12     06     34     30    000   6.32  -6.99   0.69
2024      5     12     06     35     30    000   6.33  -7.01   0.71
2024      5     12     06     36     30    000   6.34  -7.04   0.72
2024      5     12     06     37     30    000   6.35  -7.06   0.74
2024      5     12     06     38     30    000   6.36  -7.08   0.75
2024      5     12     06     39     30    000   6.37  -7.10   0.77
2024      5     12     06     40     30    000   6.38  -7.12   0.78
2024      5     12     06     41     30    000   6.39  -7.14   0.80
2024      5     12     06     42     30    000   6.40  -7.16   0.81
2024      5     12     06     43     30    000   6.40  -7.19   0.82
2024      5     12     06     44     30    000   6.41  -7.21   0.84
2024      5     12     06     45     30    000   6.42  -7.23   0.85
2024      5     12     06     46     30    000   6.43  -7.25   0.87
2024      5     12     06     47     30    000   6.44  -7.27   0.88
2024      5     12     06     48     30    000   6.45  -7.29   0.90
2024      5     12     06     49     30    000   6.46  -7.31   0.91
2024      5     12     06     50     30    000   6.47  -7.33   0.93
2024      5     12     06     51     30    000   6.47  -7.36   0.94
2024      5     12     06     52     30    000   6.48  -7.38   0.96
2024      5     12     06     53     30    000   6.49  -7.40   0.97
2024      5     12     06     54     30    000   6.50  -7.42   0.99
2024      5     12     06     55     30    000   6.51  -7.44   1.00
2024      5     12     06     56     30    000   6.52  -7.46   1.02
2024      5     12     06     57     30    000   6.52  -7.48   1.03
2024      5     12     06     58     30    000   6.53  -7.50   1.05
2024      5     12     06     59     30    000   6.54  -7.52   1.06
2024      5     12     07     00     30    000   6.55  -7.54   1.08
2024      5     12     07     01     30    000   6.56  -7.56   1.09
2024      5     12     07     02     30    000   6.57  -7.58   1.11
2024      5     12     07     03     30    000   6.57  -7.60   1.12
2024      5     12     07     04     30    000   6.58  -7.62   1.14
2024      5     12     07     05     30    000   6.59  -7.64   1.15
2024      5     12     07     06     30    000   6.60  -7.66   1.17
2024      5     12     07     07     30    000   6.61  -7.68   1.18
2024      5     12     07     08     30    000   6.61  -7.70   1.20
2024      5     12     07     09     30    000   6.62  -7.72   1.21
2024      5     12     07     10     30    000   6.63  -7.74   1.23
2024      5     12     07     11     30    000   6.64  -7.76   1.24
2024      5     12     07     12     30    000   6.64  -7.78   1.26
2024      5     12     07     13     30    000   6.65  -7.80   1.27
2024      5     12     07     14     30    000   6.66  -7.82   1.29
2024      5     12     07     15     30    000   6.67  -7.84   1.30
2024      5     12     07     16     30    000   6.68  -7.86   1.32
2024      5     12     07     17     30    000   6.68  -7.88   1.33
2024      5     12     07     18     30    000   6.69  -7.90   1.35
2024      5     12     07     19     30    000   6.70  -7.92   1.36
2024      5     12     07     20     30    000   6.71  -7.94   1.38
2024      5     12     07     21     30    000   6.71  -7.96   1.39
2024      5     12     07     22     30    000   6.72  -7.98   1.41
2024      5     12     07     23     30    000   6.73  -8.00   1.42
2024      5     12     07     24     30    000   6.74  -8.02   1.44
2024      5     12     07     25     30    000   6.74  -8.04   1.45
2024      5     12     07     26     30    000   6.75  -8.06   1.47
2024      5     12     07     27     30    000   6.76  -8.07   1.48
2024      5     12     07     28     30    000   6.76  -8.09   1.50
2024      5     12     07     29     30    000   6.77  -8.11   1.51
2024      5     12     07     30     30    000   6.78  -8.13   1.53
2024      5     12     07     31     30    000   6.79  -8.15   1.54
2024      5     12     07     32     30    000   6.79  -8.17   1.56
2024      5     12     07     33     30    000   6.80  -8.19   1.58
2024      5     12     07     34     30    000   6.81  -8.21   1.59
2024      5     12     07     35     30    000   6.81  -8.23   1.61
2024      5     12     07     36     30    000   6.82  -8.24   1.62
2024      5     12     07     37     30    000   6.83  -8.26   1.64
2024      5     12     07     38     30    000   6.84  -8.28   1.65
2024      5     12     07     39     30    000   6.84  -8.30   1.67
2024      5     12     07     40     30    000   6.85  -8.32   1.68
2024      5     12     07     41     30    000   6.86  -8.34   1.70
2024      5     12     07     42     30    000   6.86  -8.35   1.71
2024      5     12     07     43     30    000   6.87  -8.37   1.73
2024      5     12     07     44     30    000   6.88  -8.39   1.74
2024      5     12     07     45     30    000   6.88  -8.41   1.76
2024      5     12     07     46     30    000   6.89  -8.43   1.77
2024      5     12     07     47     30    000   6.90  -8.45   1.79
2024      5     12     07     48     30    000   6.90  -8.46   1.80
2024      5     12     07     49     30    000   6.91  -8.48   1.82
2024      5     12     07     50     30    000   6.92  -8.50   1.83
2024      5     12     07     51     30    000   6.92  -8.52   1.85
2024      5     12     07     52     30    000   6.93  -8.54   1.86
2024      5     12     07     53     30    000   6.94  -8.55   1.88
2024      5     12     07     54     30    000   6.94  -8.57   1.89
2024      5     12     07     55     30    000   6.95  -8.59   1.91
2024      5     12     07     56     30    000   6.95  -8.61   1.92
2024      5     12     07     57     30    000   6.96  -8.62   1.94
2024      5     12     07     58     30    000   6.97  -8.64   1.95
2024      5     12     07     59     30    000   6.97  -8.66   1.97
2024      5     12     08     00     30    000   6.98  -8.68   1.98
2024      5     12     08     01     30    000   6.99  -8.70   2.00
2024      5     12     08     02     30    000   6.99  -8.71   2.01
2024      5     12     08     03     30    000   7.00  -8.73   2.03
2024      5     12     08     04     30    000   7.01  -8.75   2.04
2024      5     12     08     05     30    000   7.01  -8.77   2.06
2024      5     12     08     06     30    000   7.02  -8.78   2.07
2024      5     12     08     07     30    000   7.02  -8.80   2.09
2024      5     12     08     08     30    000   7.03  -8.82   2.10
2024      5     12     08     09     30    000   7.04  -8.83   2.12
2024      5     12     08     10     30    000   7.04  -8.85   2.13
2024      5     12     08     11     30    000   7.05  -8.87   2.14
2024      5     12     08     12     30    000   7.05  -8.89   2.16
2024      5     12     08     13     30    000   7.06  -8.90   2.17
2024      5     12     08     14     30    000   7.07  -8.92   2.19
2024      5     12     08     15     30    000   7.07  -8.94   2.20
2024      5     12     08     16     30    000   7.08  -8.95   2.22
2024      5     12     08     17     30    000   7.08  -8.97   2.23
2024      5     12     08     18     30    000   7.09  -8.99   2.25
2024      5     12     08     19     30    000   7.10  -9.00   2.26
2024      5     12     08     20     30    000   7.10  -9.02   2.28
2024      5     12     08     21     30    000   7.11  -9.04   2.29
2024      5     12     08     22     30    000   7.11  -9.05   2.31
2024      5     12     08     23     30    000   7.12  -9.07   2.32
2024      5     12     08     24     30    000   7.12  -9.09   2.34
2024      5     12     08     25     30    000   7.13  -9.10   2.35
2024      5     12     08     26     30    000   7.14  -9.12   2.37
2024      5     12     08     27     30    000   7.14  -9.14   2.38
2024      5     12     08     28     30    000   7.15  -9.15   2.40
2024      5     12     08     29     30    000   7.15  -9.17   2.41
2024      5     12     08     30     30    000   7.16  -9.19   2.42
2024      5     12     08     31     30    000   7.16  -9.20   2.44
2024      5     12     08     32     30    000   7.17  -9.22   2.45
2024      5     12     08     33     30    000   7.17  -9.24   2.47
2024      5     12     08     34     30    000   7.18  -9.25   2.48
2024      5     12     08     35     30    000   7.18  -9.27   2.50
2024      5     12     08     36     30    000   7.19  -9.28   2.51
2024      5     12     08     37     30    000   7.20  -9.30   2.53
2024      5     12     08     38     30    000   7.20  -9.32   2.54
2024      5     12     08     39     30    000   7.21  -9.33   2.56
2024      5     12     08     40     30    000   7.21  -9.35   2.57
2024      5     12     08     41     30    000   7.22  -9.37   2.58
2024      5     12     08     42     30    000   7.22  -9.38   2.60
2024      5     12     08     43     30    000   7.23  -9.40   2.61
2024      5     12     08     44     30    000   7.23  -9.41   2.63
2024      5     12     08     45     30    000   7.24  -9.43   2.64
2024      5     12     08     46     30    000   7.24  -9.44   2.66
2024      5     12     08     47     30    000   7.25  -9.46   2.67
2024      5     12     08     48     30    000   7.25  -9.48   2.68
2024      5     12     08     49     30    000   7.26  -9.49   2.70
2024      5     12     08     50     30    000   7.26  -9.51   2.71
2024      5     12     08     51     30    000   7.27  -9.52   2.73
2024      5     12     08     52     30    000   7.27  -9.54   2.74
2024      5     12     08     53     30    000   7.28  -9.56   2.76
2024      5     12     08     54     30    000   7.28  -9.57   2.77
2024      5     12     08     55     30    000   7.29  -9.59   2.78
2024      5     12     08     56     30    000   7.29  -9.60   2.80
2024      5     12     08     57     30    000   7.30  -9.62   2.81
2024      5     12     08     58     30    000   7.30  -9.63   2.83
2024      5     12     08     59     30    000   7.31  -9.65   2.84
2024      5     12     09     00     30    000   7.31  -9.66   2.85
2024      5     12     09     01     30    000   7.32  -9.68   2.87
2024      5     12     09     02     30    000   7.32  -9.69   2.88
2024      5     12     09     03     30    000   7.33  -9.71   2.90
2024      5     12     09     04     30    000   7.33  -9.73   2.91
2024      5     12     09     05     30    000   7.34  -9.74   2.92
2024      5     12     09     06     30    000   7.34  -9.76   2.94
2024      5     12     09     07     30    000   7.35  -9.77   2.95
2024      5     12     09     08     30    000   7.35  -9.79   2.97
2024      5     12     09     09     30    000   7.36  -9.80   2.98
2024      5     12     09     10     30    000   7.36  -9.82   2.99
2024      5     12     09     11     30    000   7.37  -9.83   3.01
2024      5     12     09     12     30    000   7.37  -9.85   3.02
2024      5     12     09     13     30    000   7.37  -9.86   3.04
2024      5     12     09     14     30    000   7.38  -9.88   3.05
2024      5     12     09     15     30    000   7.38  -9.89   3.06
2024      5     12     09     16     30    000   7.39  -9.91   3.08
2024      5     12     09     17     30    000   7.39  -9.92   3.09
2024      5     12     09     18     30    000   7.40  -9.94   3.10
2024      5     12     09     19     30    000   7.40  -9.95   3.12
2024      5     12     09     20     30    000   7.41  -9.97   3.13
2024      5     12     09     21     30    000   7.41  -9.98   3.14
2024      5     12     09     22     30    000   7.41 -10.00   3.16
2024      5     12     09     23     30    000   7.42 -10.01   3.17
2024      5     12     09     24     30    000   7.42 -10.03   3.18
2024      5     12     09     25     30    000   7.43 -10.04   3.20
2024      5     12     09     26     30    000   7.43 -10.06   3.21
2024      5     12     09     27     30    000   7.44 -10.07   3.22
2024      5     12     09     28     30    000   7.44 -10.09   3.24
2024      5     12     09     29     30    000   7.44 -10.10   3.25
2024      5     12     09     30     30    000   7.45 -10.12   3.26
2024      5     12     09     31     30    000   7.45 -10.13   3.28
2024      5     12     09     32     30    000   7.46 -10.14   3.29
2024      5     12     09     33     30    000   7.46 -10.16   3.30
2024      5     12     09     34     30    000   7.47 -10.17   3.32
2024      5     12     09     35     30    000   7.47 -10.19   3.33
2024      5     12     09     36     30    000   7.47 -10.20   3.34
2024      5     12     09     37     30    000   7.48 -10.22   3.36
2024      5     12     09     38     30    000   7.48 -10.23   3.37
2024      5     12     09     39     30    000   7.49 -10.25   3.38
2024      5     12     09     40     30    000   7.49 -10.26   3.40
2024      5     12     09     41     30    000   7.49 -10.28   3.41
2024      5     12     09     42     30    000   7.50 -10.29   3.42
2024      5     12     09     43     30    000   7.50 -10.30   3.43
2024      5     12     09     44     30    000   7.51 -10.32   3.45
2024      5     12     09     45     30    000   7.51 -10.33   3.46
2024      5     12     09     46     30    000   7.51 -10.35   3.47
2024      5     12     09     47     30    000   7.52 -10.36   3.49
2024      5     12     09     48     30    000   7.52 -10.38   3.50
2024      5     12     09     49     30    000   7.53 -10.39   3.51
2024      5     12     09     50     30    000   7.53 -10.40   3.52
2024      5     12     09     51     30    000   7.53 -10.42   3.54
2024      5     12     09     52     30    000   7.54 -10.43   3.55
2024      5     12     09     53     30    000   7.54 -10.45   3.56
2024      5     12     09     54     30    000   7.55 -10.46   3.57
2024      5     12     09     55     30    000   7.55 -10.48   3.59
2024      5     12     09     56     30    000   7.55 -10.49   3.60
2024      5     12     09     57     30    000   7.56 -10.50   3.61
2024      5     12     09     58     30    000   7.56 -10.52   3.62
2024      5     12     09     59     30    000   7.56 -10.53   3.64
2024      5     12     10     00     30    000   7.57 -10.55   3.65
2024      5     12     10     01     30    000   7.57 -10.56   3.66
2024      5     12     10     02     30    000   7.58 -10.57   3.67
2024      5     12     10     03     30    000   7.58 -10.59   3.69
2024      5     12     10     04     30    000   7.58 -10.60   3.70
2024      5     12     10     05     30    000   7.59 -10.62   3.71
2024      5     12     10     06     30    000   7.59 -10.63   3.72
2024      5     12     10     07     30    000   7.59 -10.64   3.73
2024      5     12     10     08     30    000   7.60 -10.66   3.75
2024      5     12     10     09     30    000   7.60 -10.67   3.76
2024      5     12     10     10     30    000   7.60 -10.69   3.77
2024      5     12     10     11     30    000   7.61 -10.70   3.78
2024      5     12     10     12     30    000   7.61 -10.71   3.79
2024      5     12     10     13     30    000   7.61 -10.73   3.81
2024      5     12     10     14     30    000   7.62 -10.74   3.82
2024      5     12     10     15     30    000   7.62 -10.75   3.83
2024      5     12     10     16     30    000   7.62 -10.77   3.84
2024      5     12     10     17     30    000   7.63 -10.78   3.85
2024      5     12     10     18     30    000   7.63 -10.80   3.87
2024      5     12     10     19     30    000   7.64 -10.81   3.88
2024      5     12     10     20     30    000   7.64 -10.82   3.89
2024      5     12     10     21     30    000   7.64 -10.84   3.90
2024      5     12     10     22     30    000   7.65 -10.85   3.91
2024      5     12     10     23     30    000   7.65 -10.86   3.92
2024      5     12     10     24     30    000   7.65 -10.88   3.93
2024      5     12     10     25     30    000   7.65 -10.89   3.95
2024      5     12     10     26     30    000   7.66 -10.91   3.96
2024      5     12     10     27     30    000   7.66 -10.92   3.97
2024      5     12     10     28     30    000   7.66 -10.93   3.98
2024      5     12     10     29     30    000   7.67 -10.95   3.99
2024      5     12     10     30     30    000   7.67 -10.96   4.00
2024      5     12     10     31     30    000   7.67 -10.97   4.01
2024      5     12     10     32     30    000   7.68 -10.99   4.03
2024      5     12     10     33     30    000   7.68 -11.00   4.04
2024      5     12     10     34     30    000   7.68 -11.01   4.05
2024      5     12     10     35     30    000   7.69 -11.03   4.06
2024      5     12     10     36     30    000   7.69 -11.04   4.07
2024      5     12     10     37     30    000   7.69 -11.06   4.08
2024      5     12     10     38     30    000   7.70 -11.07   4.09
2024      5     12     10     39     30    000   7.70 -11.08   4.10
2024      5     12     10     40     30    000   7.70 -11.10   4.11
2024      5     12     10     41     30    000   7.71 -11.11   4.12
2024      5     12     10     42     30    000   7.71 -11.12   4.13
2024      5     12     10     43     30    000   7.71 -11.14   4.15
2024      5     12     10     44     30    000   7.71 -11.15   4.16
2024      5     12     10     45     30    000   7.72 -11.16   4.17
2024      5     12     10     46     30    000   7.72 -11.18   4.18
2024      5     12     10     47     30    000   7.72 -11.19   4.19
2024      5     12     10     48     30    000   7.73 -11.20   4.20
2024      5     12     10     49     30    000   7.73 -11.22   4.21
2024      5     12     10     50     30    000   7.73 -11.23   4.22
2024      5     12     10     51     30    000   7.73 -11.24   4.23
2024      5     12     10     52     30    000   7.74 -11.26   4.24
2024      5     12     10     53     30    000   7.74 -11.27   4.25
2024      5     12     10     54     30    000   7.74 -11.28   4.26
2024      5     12     10     55     30    000   7.75 -11.30   4.27
2024      5     12     10     56     30    000   7.75 -11.31   4.28
2024      5     12     10     57     30    000   7.75 -11.32   4.29
2024      5     12     10     58     30    000   7.75 -11.34   4.30
2024      5     12     10     59     30    000   7.76 -11.35   4.31
2024      5     12     11     00     30    000   7.76 -11.36   4.32
2024      5     12     11     01     30    000   7.76 -11.38   4.33
2024      5     12     11     02     30    000   7.77 -11.39   4.34
2024      5     12     11     03     30    000   7.77 -11.40   4.35
2024      5     12     11     04     30    000   7.77 -11.42   4.36
2024      5     12     11     05     30    000   7.77 -11.43   4.37
2024      5     12     11     06     30    000   7.78 -11.44   4.38
2024      5     12     11     07     30    000   7.78 -11.46   4.39
2024      5     12     11     08     30    000   7.78 -11.47   4.40
2024      5     12     11     09     30    000   7.78 -11.48   4.41
2024      5     12     11     10     30    000   7.79 -11.50   4.42
2024      5     12     11     11     30    000   7.79 -11.51   4.43
2024      5     12     11     12     30    000   7.79 -11.52   4.44
2024      5     12     11     13     30    000   7.79 -11.54   4.45
2024      5     12     11     14     30    000   7.80 -11.55   4.46
2024      5     12     11     15     30    000   7.80 -11.56   4.47
2024      5     12     11     16     30    000   7.80 -11.58   4.48
2024      5     12     11     17     30    000   7.80 -11.59   4.48
2024      5     12     11     18     30    000   7.81 -11.60   4.49
2024      5     12     11     19     30    000   7.81 -11.62   4.50
2024      5     12     11     20     30    000   7.81 -11.63   4.51
2024      5     12     11     21     30    000   7.81 -11.64   4.52
2024      5     12     11     22     30    000   7.82 -11.66   4.53
2024      5     12     11     23     30    000   7.82 -11.67   4.54
2024      5     12     11     24     30    000   7.82 -11.68   4.55
2024      5     12     11     25     30    000   7.82 -11.70   4.56
2024      5     12     11     26     30    000   7.83 -11.71   4.57
2024      5     12     11     27     30    000   7.83 -11.72   4.57
2024      5     12     11     28     30    000   7.83 -11.74   4.58
2024      5     12     11     29     30    000   7.83 -11.75   4.59
2024      5     12     11     30     30    000   7.84 -11.76   4.60
2024      5     12     11     31     30    000   7.84 -11.78   4.61
2024      5     12     11     32     30    000   7.84 -11.79   4.62
2024      5     12     11     33     30    000   7.84 -11.80   4.63
2024      5     12     11     34     30    000   7.84 -11.82   4.63
2024      5     12     11     35     30    000   7.85 -11.83   4.64
2024      5     12     11     36     30    000   7.85 -11.84   4.65
2024      5     12     11     37     30    000   7.85 -11.85   4.66
2024      5     12     11     38     30    000   7.85 -11.87   4.67
2024      5     12     11     39     30    000   7.86 -11.88   4.68
2024      5     12     11     40     30    000   7.86 -11.89   4.68
2024      5     12     11     41     30    000   7.86 -11.91   4.69
2024      5     12     11     42     30    000   7.86 -11.92   4.70
2024      5     12     11     43     30    000   7.86 -11.93   4.71
2024      5     12     11     44     30    000   7.87 -11.95   4.72
2024      5     12     11     45     30    000   7.87 -11.96   4.72
2024      5     12     11     46     30    000   7.87 -11.97   4.73
2024      5     12     11     47     30    000   7.87 -11.99   4.74
2024      5     12     11     48     30    000   7.87 -12.00   4.75
2024      5     12     11     49     30    000   7.88 -12.01   4.75
2024      5     12     11     50     30    000   7.88 -12.03   4.76
2024      5     12     11     51     30    000   7.88 -12.04   4.77
2024      5     12     11     52     30    000   7.88 -12.05   4.78
2024      5     12     11     53     30    000   7.89 -12.07   4.78
2024      5     12     11     54     30    000   7.89 -12.08   4.79
2024      5     12     11     55     30    000   7.89 -12.09   4.80
2024      5     12     11     56     30    000   7.89 -12.10   4.81
2024      5     12     11     57     30    000   7.89 -12.12   4.81
2024      5     12     11     58     30    000   7.89 -12.13   4.82
2024      5     12     11     59     30    000   7.90 -12.14   4.83
2024      5     12     12     00     30    000   7.90 -12.16   4.84
2024      5     12     12     01     30    000   7.90 -12.17   4.84
2024      5     12     12     02     30    000   7.90 -12.18   4.85
2024      5     12     12     03     30    000   7.90 -12.20   4.86
2024      5     12     12     04     30    000   7.91 -12.21   4.86
2024      5     12     12     05     30    000   7.91 -12.22   4.87
2024      5     12     12     06     30    000   7.91 -12.24   4.88
2024      5     12     12     07     30    000   7.91 -12.25   4.88
2024      5     12     12     08     30    000   7.91 -12.26   4.89
2024      5     12     12     09     30    000   7.92 -12.28   4.90
2024      5     12     12     10     30    000   7.92 -12.29   4.90
2024      5     12     12     11     30    000   7.92 -12.30   4.91
2024      5     12     12     12     30    000   7.92 -12.31   4.92
2024      5     12     12     13     30    000   7.92 -12.33   4.92
2024      5     12     12     14     30    000   7.92 -12.34   4.93
2024      5     12     12     15     30    000   7.93 -12.35   4.94
2024      5     12     12     16     30    000   7.93 -12.37   4.94
2024      5     12     12     17     30    000   7.93 -12.38   4.95
2024      5     12     12     18     30    000   7.93 -12.39   4.96
2024      5     12     12     19     30    000   7.93 -12.41   4.96
2024      5     12     12     20     30    000   7.93 -12.42   4.97
2024      5     12     12     21     30    000   7.94 -12.43   4.97
2024      5     12     12     22     30    000   7.94 -12.45   4.98
2024      5     12     12     23     30    000   7.94 -12.46   4.99
2024      5     12     12     24     30    000   7.94 -12.47   4.99
2024      5     12     12     25     30    000   7.94 -12.49   5.00
2024      5     12     12     26     30    000   7.94 -12.50   5.00
2024      5     12     12     27     30    000   7.95 -12.51   5.01
2024      5     12     12     28     30    000   7.95 -12.53   5.01
2024      5     12     12     29     30    000   7.95 -12.54   5.02
2024      5     12     12     30     30    000   7.95 -12.55   5.03
2024      5     12     12     31     30    000   7.95 -12.56   5.03
2024      5     12     12     32     30    000   7.95 -12.58   5.04
2024      5     12     12     33     30    000   7.96 -12.59   5.04
2024      5     12     12     34     30    000   7.96 -12.60   5.05
2024      5     12     12     35     30    000   7.96 -12.62   5.05
2024      5     12     12     36     30    000   7.96 -12.63   5.06
2024      5     12     12     37     30    000   7.96 -12.64   5.06
2024      5     12     12     38     30    000   7.96 -12.66   5.07
2024      5     12     12     39     30    000   7.96 -12.67   5.07
2024      5     12     12     40     30    000   7.97 -12.68   5.08
2024      5     12     12     41     30    000   7.97 -12.70   5.08
2024      5     12     12     42     30    000   7.97 -12.71   5.09
2024      5     12     12     43     30    000   7.97 -12.72   5.09
2024      5     12     12     44     30    000   7.97 -12.74   5.10
2024      5     12     12     45     30    000   7.97 -12.75   5.10
2024      5     12     12     46     30    000   7.97 -12.76   5.11
2024      5     12     12     47     30    000   7.98 -12.78   5.11
2024      5     12     12     48     30    000   7.98 -12.79   5.12
2024      5     12     12     49     30    000   7.98 -12.80   5.12
2024      5     12     12     50     30    000   7.98 -12.82   5.12
2024      5     12     12     51     30    000   7.98 -12.83   5.13
2024      5     12     12     52     30    000   7.98 -12.84   5.13
2024      5     12     12     53     30    000   7.98 -12.85   5.14
2024      5     12     12     54     30    000   7.99 -12.87   5.14
2024      5     12     12     55     30    000   7.99 -12.88   5.15
2024      5     12     12     56     30    000   7.99 -12.89   5.15
2024      5     12     12     57     30    000   7.99 -12.91   5.15
2024      5     12     12     58     30    000   7.99 -12.92   5.16
2024      5     12     12     59     30    000   7.99 -12.93   5.16
2024      5     12     13     00     30    000   7.99 -12.95   5.17
2024      5     12     13     01     30    000   7.99 -12.96   5.17
2024      5     12     13     02     30    000   7.99 -12.97   5.17
2024      5     12     13     03     30    000   8.00 -12.99   5.18
2024      5     12     13     04     30    000   8.00 -13.00   5.18
2024      5     12     13     05     30    000   8.00 -13.01   5.19
2024      5     12     13     06     30    000   8.00 -13.03   5.19
2024      5     12     13     07     30    000   8.00 -13.04   5.19
2024      5     12     13     08     30    000   8.00 -13.05   5.20
2024      5     12     13     09     30    000   8.00 -13.07   5.20
2024      5     12     13     10     30    000   8.00 -13.08   5.20
2024      5     12     13     11     30    000   8.01 -13.09   5.21
2024      5     12     13     12     30    000   8.01 -13.11   5.21
2024      5     12     13     13     30    000   8.01 -13.12   5.21
2024      5     12     13     14     30    000   8.01 -13.13   5.22
2024      5     12     13     15     30    000   8.01 -13.15   5.22
2024      5     12     13     16     30    000   8.01 -13.16   5.22
2024      5     12     13     17     30    000   8.01 -13.17   5.22
2024      5     12     13     18     30    000   8.01 -13.19   5.23
2024      5     12     13     19     30    000   8.01 -13.20   5.23
2024      5     12     13     20     30    000   8.01 -13.21   5.23
2024      5     12     13     21     30    000   8.02 -13.23   5.24
2024      5     12     13     22     30    000   8.02 -13.24   5.24
2024      5     12     13     23     30    000   8.02 -13.25   5.24
2024      5     12     13     24     30    000   8.02 -13.27   5.24
2024      5     12     13     25     30    000   8.02 -13.28   5.25
2024      5     12     13     26     30    000   8.02 -13.29   5.25
2024      5     12     13     27     30    000   8.02 -13.31   5.25
2024      5     12     13     28     30    000   8.02 -13.32   5.25
2024      5     12     13     29     30    000   8.02 -13.33   5.26
2024      5     12     13     30     30    000   8.02 -13.35   5.26
2024      5     12     13     31     30    000   8.03 -13.36   5.26
2024      5     12     13     32     30    000   8.03 -13.37   5.26
2024      5     12     13     33     30    000   8.03 -13.39   5.26
2024      5     12     13     34     30    000   8.03 -13.40   5.27
2024      5     12     13     35     30    000   8.03 -13.41   5.27
2024      5     12     13     36     30    000   8.03 -13.43   5.27
2024      5     12     13     37     30    000   8.03 -13.44   5.27
2024      5     12     13     38     30    000   8.03 -13.45   5.27
2024      5     12     13     39     30    000   8.03 -13.47   5.28
2024      5     12     13     40     30    000   8.03 -13.48   5.28
2024      5     12     13     41     30    000   8.03 -13.49   5.28
2024      5     12     13     42     30    000   8.03 -13.51   5.28
2024      5     12     13     43     30    000   8.04 -13.52   5.28
2024      5     12     13     44     30    000   8.04 -13.53   5.28
2024      5     12     13     45     30    000   8.04 -13.55   5.28
2024      5     12     13     46     30    000   8.04 -13.56   5.29
2024      5     12     13     47     30    000   8.04 -13.57   5.29
2024      5     12     13     48     30    000   8.04 -13.59   5.29
2024      5     12     13     49     30    000   8.04 -13.60   5.29
2024      5     12     13     50     30    000   8.04 -13.61   5.29
2024      5     12     13     51     30    000   8.04 -13.63   5.29
2024      5     12     13     52     30    000   8.04 -13.64   5.29
2024      5     12     13     53     30    000   8.04 -13.65   5.29
2024      5     12     13     54     30    000   8.04 -13.67   5.30
2024      5     12     13     55     30    000   8.04 -13.68   5.30
2024      5     12     13     56     30    000   8.04 -13.69   5.30
2024      5     12     13     57     30    000   8.04 -13.71   5.30
2024      5     12     13     58     30    000   8.05 -13.72   5.30
2024      5     12     13     59     30    000   8.05 -13.73   5.30
2024      5     12     14     00     30    000   8.05 -13.75   5.30
2024      5     12     14     01     30    000   8.05 -13.76   5.30
2024      5     12     14     02     30    000   8.05 -13.77   5.30
2024      5     12     14     03     30    000   8.05 -13.79   5.30
2024      5     12     14     04     30    000   8.05 -13.80   5.30
2024      5     12     14     05     30    000   8.05 -13.82   5.30
2024      5     12     14     06     30    000   8.05 -13.83   5.30
2024      5     12     14     07     30    000   8.05 -13.84   5.30
2024      5     12     14     08     30    000   8.05 -13.86   5.30
2024      5     12     14     09     30    000   8.05 -13.87   5.30
2024      5     12     14     10     30    000   8.05 -13.88   5.30
2024      5     12     14     11     30    000   8.05 -13.90   5.30
2024      5     12     14     12     30    000   8.05 -13.91   5.30
2024      5     12     14     13     30    000   8.05 -13.92   5.30
2024      5     12     14     14     30    000   8.05 -13.94   5.30
2024      5     12     14     15     30    000   8.05 -13.95   5.30
2024      5     12     14     16     30    000   8.06 -13.96   5.30
2024      5     12     14     17     30    000   8.06 -13.98   5.30
2024      5     12     14     18     30    000   8.06 -13.99   5.30
2024      5     12     14     19     30    000   8.06 -14.00   5.30
2024      5     12     14     20     30    000   8.06 -14.02   5.30
2024      5     12     14     21     30    000   8.06 -14.03   5.30
2024      5     12     14     22     30    000   8.06 -14.04   5.30
2024      5     12     14     23     30    000   8.06 -14.06   5.30
2024      5     12     14     24     30    000   8.06 -14.07   5.30
2024      5     12     14     25     30    000   8.06 -14.08   5.30
2024      5     12     14     26     30    000   8.06 -14.10   5.30
2024      5     12     14     27     30    000   8.06 -14.11   5.29
2024      5     12     14     28     30    000   8.06 -14.12   5.29
2024      5     12     14     29     30    000   8.06 -14.14   5.29
2024      5     12     14     30     30    000   8.06 -14.15   5.29
2024      5     12     14     31     30    000   8.06 -14.17   5.29
2024      5     12     14     32     30    000   8.06 -14.18   5.29
2024      5     12     14     33     30    000   8.06 -14.19   5.29
2024      5     12     14     34     30    000   8.06 -14.21   5.29
2024      5     12     14     35     30    000   8.06 -14.22   5.29
2024      5     12     14     36     30    000   8.06 -14.23   5.28
2024      5     12     14     37     30    000   8.06 -14.25   5.28
2024      5     12     14     38     30    000   8.06 -14.26   5.28
2024      5     12     14     39     30    000   8.06 -14.27   5.28
2024      5     12     14     40     30    000   8.06 -14.29   5.28
2024      5     12     14     41     30    000   8.06 -14.30   5.28
2024      5     12     14     42     30    000   8.06 -14.31   5.28
2024      5     12     14     43     30    000   8.06 -14.33   5.27
2024      5     12     14     44     30    000   8.06 -14.34   5.27
2024      5     12     14     45     30    000   8.06 -14.35   5.27
2024      5     12     14     46     30    000   8.06 -14.37   5.27
2024      5     12     14     47     30    000   8.06 -14.38   5.27
2024      5     12     14     48     30    000   8.06 -14.39   5.26
2024      5     12     14     49     30    000   8.07 -14.41   5.26
2024      5     12     14     50     30    000   8.07 -14.42   5.26
2024      5     12     14     51     30    000   8.07 -14.43   5.26
2024      5     12     14     52     30    000   8.07 -14.45   5.26
2024      5     12     14     53     30    000   8.07 -14.46   5.25
2024      5     12     14     54     30    000   8.07 -14.47   5.25
2024      5     12     14     55     30    000   8.07 -14.49   5.25
2024      5     12     14     56     30    000   8.07 -14.50   5.25
2024      5     12     14     57     30    000   8.07 -14.52   5.25
2024      5     12     14     58     30    000   8.07 -14.53   5.24
2024      5     12     14     59     30    000   8.07 -14.54   5.24
2024      5     12     15     00     30    000   8.07 -14.56   5.24
2024      5     12     15     01     30    000   8.07 -14.57   5.24
2024      5     12     15     02     30    000   8.07 -14.58   5.23
2024      5     12     15     03     30    000   8.07 -14.60   5.23
2024      5     12     15     04     30    000   8.07 -14.61   5.23
2024      5     12     15     05     30    000   8.07 -14.62   5.22
2024      5     12     15     06     30    000   8.07 -14.64   5.22
2024      5     12     15     07     30    000   8.07 -14.65   5.22
2024      5     12     15     08     30    000   8.07 -14.66   5.22
2024      5     12     15     09     30    000   8.07 -14.68   5.21
2024      5     12     15     10     30    000   8.07 -14.69   5.21
2024      5     12     15     11     30    000   8.07 -14.70   5.21
2024      5     12     15     12     30    000   8.07 -14.72   5.20
2024      5     12     15     13     30    000   8.07 -14.73   5.20
2024      5     12     15     14     30    000   8.07 -14.74   5.20
2024      5     12     15     15     30    000   8.07 -14.76   5.19
2024      5     12     15     16     30    000   8.07 -14.77   5.19
2024      5     12     15     17     30    000   8.07 -14.78   5.19
2024      5     12     15     18     30    000   8.07 -14.80   5.18
2024      5     12     15     19     30    000   8.07 -14.81   5.18
2024      5     12     15     20     30    000   8.07 -14.82   5.18
2024      5     12     15     21     30    000   8.07 -14.84   5.17
2024      5     12     15     22     30    000   8.07 -14.85   5.17
2024      5     12     15     23     30    000   8.07 -14.86   5.17
2024      5     12     15     24     30    000   8.06 -14.88   5.16
2024      5     12     15     25     30    000   8.06 -14.89   5.16
2024      5     12     15     26     30    000   8.06 -14.90   5.16
2024      5     12     15     27     30    000   8.06 -14.92   5.15
2024      5     12     15     28     30    000   8.06 -14.93   5.15
2024      5     12     15     29     30    000   8.06 -14.94   5.14
2024      5     12     15     30     30    000   8.06 -14.96   5.14
2024      5     12     15     31     30    000   8.06 -14.97   5.14
2024      5     12     15     32     30    000   8.06 -14.98   5.13
2024      5     12     15     33     30    000   8.06 -15.00   5.13
2024      5     12     15     34     30    000   8.06 -15.01   5.12
2024      5     12     15     35     30    000   8.06 -15.02   5.12
2024      5     12     15     36     30    000   8.06 -15.04   5.12
2024      5     12     15     37     30    000   8.06 -15.05   5.11
2024      5     12     15     38     30    000   8.06 -15.06   5.11
2024      5     12     15     39     30    000   8.06 -15.08   5.10
2024      5     12     15     40     30    000   8.06 -15.09   5.10
2024      5     12     15     41     30    000   8.06 -15.10   5.10
2024      5     12     15     42     30    000   8.06 -15.12   5.09
2024      5     12     15     43     30    000   8.06 -15.13   5.09
2024      5     12     15     44     30    000   8.06 -15.14   5.08
2024      5     12     15     45     30    000   8.06 -15.16   5.08
2024      5     12     15     46     30    000   8.06 -15.17   5.07
2024      5     12     15     47     30    000   8.06 -15.18   5.07
2024      5     12     15     48     30    000   8.06 -15.20   5.06
2024      5     12     15     49     30    000   8.06 -15.21   5.06
2024      5     12     15     50     30    000   8.06 -15.22   5.05
2024      5     12     15     51     30    000   8.06 -15.24   5.05
2024      5     12     15     52     30    000   8.06 -15.25   5.04
2024      5     12     15     53     30    000   8.06 -15.26   5.04
2024      5     12     15     54     30    000   8.06 -15.27   5.04
2024      5     12     15     55     30    000   8.06 -15.29   5.03
2024      5     12     15     56     30    000   8.06 -15.30   5.03
2024      5     12     15     57     30    000   8.06 -15.31   5.02
2024      5     12     15     58     30    000   8.06 -15.33   5.02
2024      5     12     15     59     30    000   8.05 -15.34   5.01
2024      5     12     16     00     30    000   8.05 -15.35   5.01
2024      5     12     16     01     30    000   8.05 -15.37   5.00
2024      5     12     16     02     30    000   8.05 -15.38   5.00
2024      5     12     16     03     30    000   8.05 -15.39   4.99
2024      5     12     16     04     30    000   8.05 -15.41   4.99
2024      5     12     16     05     30    000   8.05 -15.42   4.98
2024      5     12     16     06     30    000   8.05 -15.43   4.97
2024      5     12     16     07     30    000   8.05 -15.45   4.97
2024      5     12     16     08     30    000   8.05 -15.46   4.96
2024      5     12     16     09     30    000   8.05 -15.47   4.96
2024      5     12     16     10     30    000   8.05 -15.48   4.95
2024      5     12     16     11     30    000   8.05 -15.50   4.95
2024      5     12     16     12     30    000   8.05 -15.51   4.94
2024      5     12     16     13     30    000   8.05 -15.52   4.94
2024      5     12     16     14     30    000   8.05 -15.54   4.93
2024      5     12     16     15     30    000   8.05 -15.55   4.93
2024      5     12     16     16     30    000   8.05 -15.56   4.92
2024      5     12     16     17     30    000   8.05 -15.57   4.91
2024      5     12     16     18     30    000   8.05 -15.59   4.91
2024      5     12     16     19     30    000   8.04 -15.60   4.90
2024      5     12     16     20     30    000   8.04 -15.61   4.90
2024      5     12     16     21     30    000   8.04 -15.63   4.89
2024      5     12     16     22     30    000   8.04 -15.64   4.89
2024      5     12     16     23     30    000   8.04 -15.65   4.88
2024      5     12     16     24     30    000   8.04 -15.67   4.87
2024      5     12     16     25     30    000   8.04 -15.68   4.87
2024      5     12     16     26     30    000   8.04 -15.69   4.86
2024      5     12     16     27     30    000   8.04 -15.70   4.86
2024      5     12     16     28     30    000   8.04 -15.72   4.85
2024      5     12     16     29     30    000   8.04 -15.73   4.85
2024      5     12     16     30     30    000   8.04 -15.74   4.84
2024      5     12     16     31     30    000   8.04 -15.75   4.83
2024      5     12     16     32     30    000   8.04 -15.77   4.83
2024      5     12     16     33     30    000   8.04 -15.78   4.82
2024      5     12     16     34     30    000   8.04 -15.79   4.82
2024      5     12     16     35     30    000   8.03 -15.81   4.81
2024      5     12     16     36     30    000   8.03 -15.82   4.80
2024      5     12     16     37     30    000   8.03 -15.83   4.80
2024      5     12     16     38     30    000   8.03 -15.84   4.79
2024      5     12     16     39     30    000   8.03 -15.86   4.78
2024      5     12     16     40     30    000   8.03 -15.87   4.78
2024      5     12     16     41     30    000   8.03 -15.88   4.77
2024      5     12     16     42     30    000   8.03 -15.89   4.77
2024      5     12     16     43     30    000   8.03 -15.91   4.76
2024      5     12     16     44     30    000   8.03 -15.92   4.75
2024      5     12     16     45     30    000   8.03 -15.93   4.75
2024      5     12     16     46     30    000   8.03 -15.94   4.74
2024      5     12     16     47     30    000   8.03 -15.96   4.73
2024      5     12     16     48     30    000   8.02 -15.97   4.73
2024      5     12     16     49     30    000   8.02 -15.98   4.72
2024      5     12     16     50     30    000   8.02 -16.00   4.71
2024      5     12     16     51     30    000   8.02 -16.01   4.71
2024      5     12     16     52     30    000   8.02 -16.02   4.70
2024      5     12     16     53     30    000   8.02 -16.03   4.70
2024      5     12     16     54     30    000   8.02 -16.04   4.69
2024      5     12     16     55     30    000   8.02 -16.06   4.68
2024      5     12     16     56     30    000   8.02 -16.07   4.68
2024      5     12     16     57     30    000   8.02 -16.08   4.67
2024      5     12     16     58     30    000   8.02 -16.09   4.66
2024      5     12     16     59     30    000   8.02 -16.11   4.66
2024      5     12     17     00     30    000   8.01 -16.12   4.65
2024      5     12     17     01     30    000   8.01 -16.13   4.64
2024      5     12     17     02     30    000   8.01 -16.14   4.64
2024      5     12     17     03     30    000   8.01 -16.16   4.63
2024      5     12     17     04     30    000   8.01 -16.17   4.62
2024      5     12     17     05     30    000   8.01 -16.18   4.62
2024      5     12     17     06     30    000   8.01 -16.19   4.61
2024      5     12     17     07     30    000   8.01 -16.21   4.60
2024      5     12     17     08     30    000   8.01 -16.22   4.60
2024      5     12     17     09     30    000   8.01 -16.23   4.59
2024      5     12     17     10     30    000   8.01 -16.24   4.58
2024      5     12     17     11     30    000   8.00 -16.25   4.58
2024      5     12     17     12     30    000   8.00 -16.27   4.57
2024      5     12     17     13     30    000   8.00 -16.28   4.56
2024      5     12     17     14     30    000   8.00 -16.29   4.56
2024      5     12     17     15     30    000   8.00 -16.30   4.55
2024      5     12     17     16     30    000   8.00 -16.31   4.54
2024      5     12     17     17     30    000   8.00 -16.33   4.53
2024      5     12     17     18     30    000   8.00 -16.34   4.53
2024      5     12     17     19     30    000   8.00 -16.35   4.52
2024      5     12     17     20     30    000   8.00 -16.36   4.51
2024      5     12     17     21     30    000   7.99 -16.38   4.51
2024      5     12     17     22     30    000   7.99 -16.39   4.50
2024      5     12     17     23     30    000   7.99 -16.40   4.49
2024      5     12     17     24     30    000   7.99 -16.41   4.49
2024      5     12     17     25     30    000   7.99 -16.42   4.48
2024      5     12     17     26     30    000   7.99 -16.44   4.47
2024      5     12     17     27     30    000   7.99 -16.45   4.47
2024      5     12     17     28     30    000   7.99 -16.46   4.46
2024      5     12     17     29     30    000   7.99 -16.47   4.45
2024      5     12     17     30     30    000   7.99 -16.48   4.44
2024      5     12     17     31     30    000   7.98 -16.49   4.44
2024      5     12     17     32     30    000   7.98 -16.51   4.43
2024      5     12     17     33     30    000   7.98 -16.52   4.42
2024      5     12     17     34     30    000   7.98 -16.53   4.42
2024      5     12     17     35     30    000   7.98 -16.54   4.41
2024      5     12     17     36     30    000   7.98 -16.55   4.40
2024      5     12     17     37     30    000   7.98 -16.57   4.40
2024      5     12     17     38     30    000   7.98 -16.58   4.39
2024      5     12     17     39     30    000   7.97 -16.59   4.38
2024      5     12     17     40     30    000   7.97 -16.60   4.38
2024      5     12     17     41     30    000   7.97 -16.61   4.37
2024      5     12     17     42     30    000   7.97 -16.62   4.36
2024      5     12     17     43     30    000   7.97 -16.64   4.35
2024      5     12     17     44     30    000   7.97 -16.65   4.35
2024      5     12     17     45     30    000   7.97 -16.66   4.34
2024      5     12     17     46     30    000   7.97 -16.67   4.33
2024      5     12     17     47     30    000   7.97 -16.68   4.33
2024      5     12     17     48     30    000   7.96 -16.69   4.32
2024      5     12     17     49     30    000   7.96 -16.70   4.31
2024      5     12     17     50     30    000   7.96 -16.72   4.30
2024      5     12     17     51     30    000   7.96 -16.73   4.30
2024      5     12     17     52     30    000   7.96 -16.74   4.29
2024      5     12     17     53     30    000   7.96 -16.75   4.28
2024      5     12     17     54     30    000   7.96 -16.76   4.28
2024      5     12     17     55     30    000   7.96 -16.77   4.27
2024      5     12     17     56     30    000   7.95 -16.78   4.26
2024      5     12     17     57     30    000   7.95 -16.80   4.26
2024      5     12     17     58     30    000   7.95 -16.81   4.25
2024      5     12     17     59     30    000   7.95 -16.82   4.24
2024      5     12     18     00     30    000   7.95 -16.83   4.23
2024      5     12     18     01     30    000   7.95 -16.84   4.23
2024      5     12     18     02     30    000   7.95 -16.85   4.22
2024      5     12     18     03     30    000   7.95 -16.86   4.21
2024      5     12     18     04     30    000   7.94 -16.87   4.21
2024      5     12     18     05     30    000   7.94 -16.89   4.20
2024      5     12     18     06     30    000   7.94 -16.90   4.19
2024      5     12     18     07     30    000   7.94 -16.91   4.19
2024      5     12     18     08     30    000   7.94 -16.92   4.18
2024      5     12     18     09     30    000   7.94 -16.93   4.17
2024      5     12     18     10     30    000   7.94 -16.94   4.17
2024      5     12     18     11     30    000   7.93 -16.95   4.16
2024      5     12     18     12     30    000   7.93 -16.96   4.15
2024      5     12     18     13     30    000   7.93 -16.97   4.14
2024      5     12     18     14     30    000   7.93 -16.99   4.14
2024      5     12     18     15     30    000   7.93 -17.00   4.13
2024      5     12     18     16     30    000   7.93 -17.01   4.12
2024      5     12     18     17     30    000   7.93 -17.02   4.12
2024      5     12     18     18     30    000   7.93 -17.03   4.11
2024      5     12     18     19     30    000   7.92 -17.04   4.10
2024      5     12     18     20     30    000   7.92 -17.05   4.10
2024      5     12     18     21     30    000   7.92 -17.06   4.09
2024      5     12     18     22     30    000   7.92 -17.07   4.08
2024      5     12     18     23     30    000   7.92 -17.08   4.08
2024      5     12     18     24     30    000   7.92 -17.09   4.07
2024      5     12     18     25     30    000   7.92 -17.10   4.06
2024      5     12     18     26     30    000   7.91 -17.12   4.06
2024      5     12     18     27     30    000   7.91 -17.13   4.05
2024      5     12     18     28     30    000   7.91 -17.14   4.04
2024      5     12     18     29     30    000   7.91 -17.15   4.04
2024      5     12     18     30     30    000   7.91 -17.16   4.03
2024      5     12     18     31     30    000   7.91 -17.17   4.02
2024      5     12     18     32     30    000   7.90 -17.18   4.02
2024      5     12     18     33     30    000   7.90 -17.19   4.01
2024      5     12     18     34     30    000   7.90 -17.20   4.00
2024      5     12     18     35     30    000   7.90 -17.21   4.00
2024      5     12     18     36     30    000   7.90 -17.22   3.99
2024      5     12     18     37     30    000   7.90 -17.23   3.98
2024      5     12     18     38     30    000   7.90 -17.24   3.98
2024      5     12     18     39     30    000   7.89 -17.25   3.97
2024      5     12     18     40     30    000   7.89 -17.26   3.96
2024      5     12     18     41     30    000   7.89 -17.27   3.96
2024      5     12     18     42     30    000   7.89 -17.28   3.95
2024      5     12     18     43     30    000   7.89 -17.29   3.94
2024      5     12     18     44     30    000   7.89 -17.31   3.94
2024      5     12     18     45     30    000   7.88 -17.32   3.93
2024      5     12     18     46     30    000   7.88 -17.33   3.92
2024      5     12     18     47     30    000   7.88 -17.34   3.92
2024      5     12     18     48     30    000   7.88 -17.35   3.91
2024      5     12     18     49     30    000   7.88 -17.36   3.90
2024      5     12     18     50     30    000   7.88 -17.37   3.90
2024      5     12     18     51     30    000   7.88 -17.38   3.89
2024      5     12     18     52     30    000   7.87 -17.39   3.89
2024      5     12     18     53     30    000   7.87 -17.40   3.88
2024      5     12     18     54     30    000   7.87 -17.41   3.87
2024      5     12     18     55     30    000   7.87 -17.42   3.87
2024      5     12     18     56     30    000   7.87 -17.43   3.86
2024      5     12     18     57     30    000   7.87 -17.44   3.85
2024      5     12     18     58     30    000   7.86 -17.45   3.85
2024      5     12     18     59     30    000   7.86 -17.46   3.84
2024      5     12     19     00     30    000   7.86 -17.47   3.84
2024      5     12     19     01     30    000   7.86 -17.48   3.83
2024      5     12     19     02     30    000   7.86 -17.49   3.82
2024      5     12     19     03     30    000   7.86 -17.50   3.82
2024      5     12     19     04     30    000   7.85 -17.51   3.81
2024      5     12     19     05     30    000   7.85 -17.52   3.81
2024      5     12     19     06     30    000   7.85 -17.53   3.80
2024      5     12     19     07     30    000   7.85 -17.54   3.79
2024      5     12     19     08     30    000   7.85 -17.55   3.79
2024      5     12     19     09     30    000   7.85 -17.56   3.78
2024      5     12     19     10     30    000   7.84 -17.57   3.78
2024      5     12     19     11     30    000   7.84 -17.58   3.77
2024      5     12     19     12     30    000   7.84 -17.59   3.76
2024      5     12     19     13     30    000   7.84 -17.60   3.76
2024      5     12     19     14     30    000   7.84 -17.61   3.75
2024      5     12     19     15     30    000   7.84 -17.61   3.75
2024      5     12     19     16     30    000   7.83 -17.62   3.74
2024      5     12     19     17     30    000   7.83 -17.63   3.74
2024      5     12     19     18     30    000   7.83 -17.64   3.73
2024      5     12     19     19     30    000   7.83 -17.65   3.72
2024      5     12     19     20     30    000   7.83 -17.66   3.72
2024      5     12     19     21     30    000   7.82 -17.67   3.71
2024      5     12     19     22     30    000   7.82 -17.68   3.71
2024      5     12     19     23     30    000   7.82 -17.69   3.70
2024      5     12     19     24     30    000   7.82 -17.70   3.70
2024      5     12     19     25     30    000   7.82 -17.71   3.69
2024      5     12     19     26     30    000   7.82 -17.72   3.69
2024      5     12     19     27     30    000   7.81 -17.73   3.68
2024      5     12     19     28     30    000   7.81 -17.74   3.68
2024      5     12     19     29     30    000   7.81 -17.75   3.67
2024      5     12     19     30     30    000   7.81 -17.76   3.66
2024      5     12     19     31     30    000   7.81 -17.77   3.66
2024      5     12     19     32     30    000   7.80 -17.78   3.65
2024      5     12     19     33     30    000   7.80 -17.79   3.65
2024      5     12     19     34     30    000   7.80 -17.79   3.64
2024      5     12     19     35     30    000   7.80 -17.80   3.64
2024      5     12     19     36     30    000   7.80 -17.81   3.63
2024      5     12     19     37     30    000   7.80 -17.82   3.63
2024      5     12     19     38     30    000   7.79 -17.83   3.62
2024      5     12     19     39     30    000   7.79 -17.84   3.62
2024      5     12     19     40     30    000   7.79 -17.85   3.61
2024      5     12     19     41     30    000   7.79 -17.86   3.61
2024      5     12     19     42     30    000   7.79 -17.87   3.60
2024      5     12     19     43     30    000   7.78 -17.88   3.60
2024      5     12     19     44     30    000   7.78 -17.89   3.59
2024      5     12     19     45     30    000   7.78 -17.89   3.59
2024      5     12     19     46     30    000   7.78 -17.90   3.59
2024      5     12     19     47     30    000   7.78 -17.91   3.58
2024      5     12     19     48     30    000   7.77 -17.92   3.58
2024      5     12     19     49     30    000   7.77 -17.93   3.57
2024      5     12     19     50     30    000   7.77 -17.94   3.57
2024      5     12     19     51     30    000   7.77 -17.95   3.56
2024      5     12     19     52     30    000   7.77 -17.96   3.56
2024      5     12     19     53     30    000   7.76 -17.97   3.55
2024      5     12     19     54     30    000   7.76 -17.97   3.55
2024      5     12     19     55     30    000   7.76 -17.98   3.54
2024      5     12     19     56     30    000   7.76 -17.99   3.54
2024      5     12     19     57     30    000   7.76 -18.00   3.54
2024      5     12     19     58     30    000   7.75 -18.01   3.53
2024      5     12     19     59     30    000   7.75 -18.02   3.53
2024      5     12     20     00     30    000   7.75 -18.03   3.52
2024      5     12     20     01     30    000   7.75 -18.04   3.52
2024      5     12     20     02     30    000   7.75 -18.04   3.52
2024      5     12     20     03     30    000   7.74 -18.05   3.51
2024      5     12     20     04     30    000   7.74 -18.06   3.51
2024      5     12     20     05     30    000   7.74 -18.07   3.50
2024      5     12     20     06     30    000   7.74 -18.08   3.50
2024      5     12     20     07     30    000   7.74 -18.09   3.50
2024      5     12     20     08     30    000   7.73 -18.09   3.49
2024      5     12     20     09     30    000   7.73 -18.10   3.49
2024      5     12     20     10     30    000   7.73 -18.11   3.48
2024      5     12     20     11     30    000   7.73 -18.12   3.48
2024      5     12     20     12     30    000   7.73 -18.13   3.48
2024      5     12     20     13     30    000   7.72 -18.14   3.47
2024      5     12     20     14     30    000   7.72 -18.15   3.47
2024      5     12     20     15     30    000   7.72 -18.15   3.47
2024      5     12     20     16     30    000   7.72 -18.16   3.46
2024      5     12     20     17     30    000   7.72 -18.17   3.46
2024      5     12     20     18     30    000   7.71 -18.18   3.46
2024      5     12     20     19     30    000   7.71 -18.19   3.45
2024      5     12     20     20     30    000   7.71 -18.19   3.45
2024      5     12     20     21     30    000   7.71 -18.20   3.45
2024      5     12     20     22     30    000   7.70 -18.21   3.44
2024      5     12     20     23     30    000   7.70 -18.22   3.44
2024      5     12     20     24     30    000   7.70 -18.23   3.44
2024      5     12     20     25     30    000   7.70 -18.24   3.43
2024      5     12     20     26     30    000   7.70 -18.24   3.43
2024      5     12     20     27     30    000   7.69 -18.25   3.43
2024      5     12     20     28     30    000   7.69 -18.26   3.42
2024      5     12     20     29     30    000   7.69 -18.27   3.42
2024      5     12     20     30     30    000   7.69 -18.28   3.42
2024      5     12     20     31     30    000   7.69 -18.28   3.42
2024      5     12     20     32     30    000   7.68 -18.29   3.41
2024      5     12     20     33     30    000   7.68 -18.30   3.41
2024      5     12     20     34     30    000   7.68 -18.31   3.41
2024      5     12     20     35     30    000   7.68 -18.32   3.41
2024      5     12     20     36     30    000   7.67 -18.32   3.40
2024      5     12     20     37     30    000   7.67 -18.33   3.40
2024      5     12     20     38     30    000   7.67 -18.34   3.40
2024      5     12     20     39     30    000   7.67 -18.35   3.40
2024      5     12     20     40     30    000   7.67 -18.35   3.39
2024      5     12     20     41     30    000   7.66 -18.36   3.39
2024      5     12     20     42     30    000   7.66 -18.37   3.39
2024      5     12     20     43     30    000   7.66 -18.38   3.39
2024      5     12     20     44     30    000   7.66 -18.39   3.38
2024      5     12     20     45     30    000   7.65 -18.39   3.38
2024      5     12     20     46     30    000   7.65 -18.40   3.38
2024      5     12     20     47     30    000   7.65 -18.41   3.38
2024      5     12     20     48     30    000   7.65 -18.42   3.38
2024      5     12     20     49     30    000   7.65 -18.42   3.37
2024      5     12     20     50     30    000   7.64 -18.43   3.37
2024      5     12     20     51     30    000   7.64 -18.44   3.37
2024      5     12     20     52     30    000   7.64 -18.45   3.37
2024      5     12     20     53     30    000   7.64 -18.45   3.37
2024      5     12     20     54     30    000   7.63 -18.46   3.36
2024      5     12     20     55     30    000   7.63 -18.47   3.36
2024      5     12     20     56     30    000   7.63 -18.48   3.36
2024      5     12     20     57     30    000   7.63 -18.48   3.36
2024      5     12     20     58     30    000   7.62 -18.49   3.36
2024      5     12     20     59     30    000   7.62 -18.50   3.36
2024      5     12     21     00     30    000   7.62 -18.50   3.36
2024      5     12     21     01     30    000   7.62 -18.51   3.35
2024      5     12     21     02     30    000   7.62 -18.52   3.35
2024      5     12     21     03     30    000   7.61 -18.53   3.35
2024      5     12     21     04     30    000   7.61 -18.53   3.35
2024      5     12     21     05     30    000   7.61 -18.54   3.35
2024      5     12     21     06     30    000   7.61 -18.55   3.35
2024      5     12     21     07     30    000   7.60 -18.56   3.35
2024      5     12     21     08     30    000   7.60 -18.56   3.35
2024      5     12     21     09     30    000   7.60 -18.57   3.35
2024      5     12     21     10     30    000   7.60 -18.58   3.34
2024      5     12     21     11     30    000   7.59 -18.58   3.34
2024      5     12     21     12     30    000   7.59 -18.59   3.34
2024      5     12     21     13     30    000   7.59 -18.60   3.34
2024      5     12     21     14     30    000   7.59 -18.60   3.34
2024      5     12     21     15     30    000   7.58 -18.61   3.34
2024      5     12     21     16     30    000   7.58 -18.62   3.34
2024      5     12     21     17     30    000   7.58 -18.63   3.34
2024      5     12     21     18     30    000   7.58 -18.63   3.34
2024      5     12     21     19     30    000   7.58 -18.64   3.34
2024      5     12     21     20     30    000   7.57 -18.65   3.34
2024      5     12     21     21     30    000   7.57 -18.65   3.34
2024      5     12     21     22     30    000   7.57 -18.66   3.34
2024      5     12     21     23     30    000   7.57 -18.67   3.34
2024      5     12     21     24     30    000   7.56 -18.67   3.34
2024      5     12     21     25     30    000   7.56 -18.68   3.34
2024      5     12     21     26     30    000   7.56 -18.69   3.34
2024      5     12     21     27     30    000   7.56 -18.69   3.34
2024      5     12     21     28     30    000   7.55 -18.70   3.34
2024      5     12     21     29     30    000   7.55 -18.71   3.34
2024      5     12     21     30     30    000   7.55 -18.71   3.34
2024      5     12     21     31     30    000   7.55 -18.72   3.34
2024      5     12     21     32     30    000   7.54 -18.73   3.34
2024      5     12     21     33     30    000   7.54 -18.73   3.34
2024      5     12     21     34     30    000   7.54 -18.74   3.34
2024      5     12     21     35     30    000   7.54 -18.75   3.34
2024      5     12     21     36     30    000   7.53 -18.75   3.34
2024      5     12     21     37     30    000   7.53 -18.76   3.34
2024      5     12     21     38     30    000   7.53 -18.77   3.34
2024      5     12     21     39     30    000   7.53 -18.77   3.34
2024      5     12     21     40     30    000   7.52 -18.78   3.34
2024      5     12     21     41     30    000   7.52 -18.79   3.35
2024      5     12     21     42     30    000   7.52 -18.79   3.35
2024      5     12     21     43     30    000   7.52 -18.80   3.35
2024      5     12     21     44     30    000   7.51 -18.81   3.35
2024      5     12     21     45     30    000   7.51 -18.81   3.35
2024      5     12     21     46     30    000   7.51 -18.82   3.35
2024      5     12     21     47     30    000   7.51 -18.82   3.35
2024      5     12     21     48     30    000   7.50 -18.83   3.35
2024      5     12     21     49     30    000   7.50 -18.84   3.35
2024      5     12     21     50     30    000   7.50 -18.84   3.36
2024      5     12     21     51     30    000   7.49 -18.85   3.36
2024      5     12     21     52     30    000   7.49 -18.86   3.36
2024      5     12     21     53     30    000   7.49 -18.86   3.36
2024      5     12     21     54     30    000   7.49 -18.87   3.36
2024      5     12     21     55     30    000   7.48 -18.87   3.36
2024      5     12     21     56     30    000   7.48 -18.88   3.37
2024      5     12     21     57     30    000   7.48 -18.89   3.37
2024      5     12     21     58     30    000   7.48 -18.89   3.37
2024      5     12     21     59     30    000   7.47 -18.90   3.37
2024      5     12     22     00     30    000   7.47 -18.90   3.37
2024      5     12     22     01     30    000   7.47 -18.91   3.37
2024      5     12     22     02     30    000   7.47 -18.92   3.38
2024      5     12     22     03     30    000   7.46 -18.92   3.38
2024      5     12     22     04     30    000   7.46 -18.93   3.38
2024      5     12     22     05     30    000   7.46 -18.93   3.38
2024      5     12     22     06     30    000   7.46 -18.94   3.39
2024      5     12     22     07     30    000   7.45 -18.95   3.39
2024      5     12     22     08     30    000   7.45 -18.95   3.39
2024      5     12     22     09     30    000   7.45 -18.96   3.39
2024      5     12     22     10     30    000   7.44 -18.96   3.40
2024      5     12     22     11     30    000   7.44 -18.97   3.40
2024      5     12     22     12     30    000   7.44 -18.97   3.40
2024      5     12     22     13     30    000   7.44 -18.98   3.40
2024      5     12     22     14     30    000   7.43 -18.99   3.41
2024      5     12     22     15     30    000   7.43 -18.99   3.41
2024      5     12     22     16     30    000   7.43 -19.00   3.41
2024      5     12     22     17     30    000   7.43 -19.00   3.41
2024      5     12     22     18     30    000   7.42 -19.01   3.42
2024      5     12     22     19     30    000   7.42 -19.01   3.42
2024      5     12     22     20     30    000   7.42 -19.02   3.42
2024      5     12     22     21     30    000   7.42 -19.02   3.43
2024      5     12     22     22     30    000   7.41 -19.03   3.43
2024      5     12     22     23     30    000   7.41 -19.04   3.43
2024      5     12     22     24     30    000   7.41 -19.04   3.44
2024      5     12     22     25     30    000   7.40 -19.05   3.44
2024      5     12     22     26     30    000   7.40 -19.05   3.44
2024      5     12     22     27     30    000   7.40 -19.06   3.45
2024      5     12     22     28     30    000   7.40 -19.06   3.45
2024      5     12     22     29     30    000   7.39 -19.07   3.45
2024      5     12     22     30     30    000   7.39 -19.07   3.46
2024      5     12     22     31     30    000   7.39 -19.08   3.46
2024      5     12     22     32     30    000   7.38 -19.08   3.47
2024      5     12     22     33     30    000   7.38 -19.09   3.47
2024      5     12     22     34     30    000   7.38 -19.09   3.47
2024      5     12     22     35     30    000   7.38 -19.10   3.48
2024      5     12     22     36     30    000   7.37 -19.10   3.48
2024      5     12     22     37     30    000   7.37 -19.11   3.49
2024      5     12     22     38     30    000   7.37 -19.11   3.49
2024      5     12     22     39     30    000   7.37 -19.12   3.49
2024      5     12     22     40     30    000   7.36 -19.13   3.50
2024      5     12     22     41     30    000   7.36 -19.13   3.50
2024      5     12     22     42     30    000   7.36 -19.14   3.51
2024      5     12     22     43     30    000   7.35 -19.14   3.51
2024      5     12     22     44     30    000   7.35 -19.15   3.52
2024      5     12     22     45     30    000   7.35 -19.15   3.52
2024      5     12     22     46     30    000   7.35 -19.16   3.52
2024      5     12     22     47     30    000   7.34 -19.16   3.53
2024      5     12     22     48     30    000   7.34 -19.17   3.53
2024      5     12     22     49     30    000   7.34 -19.17   3.54
2024      5     12     22     50     30    000   7.33 -19.17   3.54
2024      5     12     22     51     30    000   7.33 -19.18   3.55
2024      5     12     22     52     30    000   7.33 -19.18   3.55
2024      5     12     22     53     30    000   7.33 -19.19   3.56
2024      5     12     22     54     30    000   7.32 -19.19   3.56
2024      5     12     22     55     30    000   7.32 -19.20   3.57
2024      5     12     22     56     30    000   7.32 -19.20   3.57
2024      5     12     22     57     30    000   7.31 -19.21   3.58
2024      5     12     22     58     30    000   7.31 -19.21   3.58
2024      5     12     22     59     30    000   7.31 -19.22   3.59
2024      5     12     23     00     30    000   7.31 -19.22   3.60
2024      5     12     23     01     30    000   7.30 -19.23   3.60
2024      5     12     23     02     30    000   7.30 -19.23   3.61
2024      5     12     23     03     30    000   7.30 -19.24   3.61
2024      5     12     23     04     30    000   7.29 -19.24   3.62
2024      5     12     23     05     30    000   7.29 -19.24   3.62
2024      5     12     23     06     30    000   7.29 -19.25   3.63
2024      5     12     23     07     30    000   7.28 -19.25   3.63
2024      5     12     23     08     30    000   7.28 -19.26   3.64
2024      5     12     23     09     30    000   7.28 -19.26   3.65
2024      5     12     23     10     30    000   7.28 -19.27   3.65
2024      5     12     23     11     30    000   7.27 -19.27   3.66
2024      5     12     23     12     30    000   7.27 -19.28   3.66
2024      5     12     23     13     30    000   7.27 -19.28   3.67
2024      5     12     23     14     30    000   7.26 -19.28   3.68
2024      5     12     23     15     30    000   7.26 -19.29   3.68
2024      5     12     23     16     30    000   7.26 -19.29   3.69
2024      5     12     23     17     30    000   7.26 -19.30   3.70
2024      5     12     23     18     30    000   7.25 -19.30   3.70
2024      5     12     23     19     30    000   7.25 -19.31   3.71
2024      5     12     23     20     30    000   7.25 -19.31   3.72
2024      5     12     23     21     30    000   7.24 -19.31   3.72
2024      5     12     23     22     30    000   7.24 -19.32   3.73
2024      5     12     23     23     30    000   7.24 -19.32   3.74
2024      5     12     23     24     30    000   7.23 -19.33   3.74
2024      5     12     23     25     30    000   7.23 -19.33   3.75
2024      5     12     23     26     30    000   7.23 -19.33   3.76
2024      5     12     23     27     30    000   7.23 -19.34   3.76
2024      5     12     23     28     30    000   7.22 -19.34   3.77
2024      5     12     23     29     30    000   7.22 -19.35   3.78
2024      5     12     23     30     30    000   7.22 -19.35   3.78
2024      5     12     23     31     30    000   7.21 -19.35   3.79
2024      5     12     23     32     30    000   7.21 -19.36   3.80
2024      5     12     23     33     30    000   7.21 -19.36   3.81
2024      5     12     23     34     30    000   7.20 -19.36   3.81
2024      5     12     23     35     30    000   7.20 -19.37   3.82
2024      5     12     23     36     30    000   7.20 -19.37   3.83
2024      5     12     23     37     30    000   7.19 -19.38   3.84
2024      5     12     23     38     30    000   7.19 -19.38   3.84
2024      5     12     23     39     30    000   7.19 -19.38   3.85
2024      5     12     23     40     30    000   7.19 -19.39   3.86
2024      5     12     23     41     30    000   7.18 -19.39   3.87
2024      5     12     23     42     30    000   7.18 -19.39   3.88
2024      5     12     23     43     30    000   7.18 -19.40   3.88
2024      5     12     23     44     30    000   7.17 -19.40   3.89
2024      5     12     23     45     30    000   7.17 -19.40   3.90
2024      5     12     23     46     30    000   7.17 -19.41   3.91
2024      5     12     23     47     30    000   7.16 -19.41   3.92
2024      5     12     23     48     30    000   7.16 -19.42   3.92
2024      5     12     23     49     30    000   7.16 -19.42   3.93
2024      5     12     23     50     30    000   7.15 -19.42   3.94
2024      5     12     23     51     30    000   7.15 -19.43   3.95
2024      5     12     23     52     30    000   7.15 -19.43   3.96
2024      5     12     23     53     30    000   7.14 -19.43   3.96
2024      5     12     23     54     30    000   7.14 -19.44   3.97
2024      5     12     23     55     30    000   7.14 -19.44   3.98
2024      5     12     23     56     30    000   7.14 -19.44   3.99
2024      5     12     23     57     30    000   7.13 -19.45   4.00
2024      5     12     23     58     30    000   7.13 -19.45   4.01
2024      5     12     23     59     30    000   7.13 -19.45   4.02
