cluster4 Created 2024-10-23 22:17:12.107020
Year Mo Dy Hr Mn Sc Msc X Y Z

#COORD
GSM

#START
2024      5     10     06     00     30    000   8.01  -9.42  -2.74
2024      5     10     06     01     30    000   8.01  -9.44  -2.72
2024      5     10     06     02     30    000   8.02  -9.46  -2.71
2024      5     10     06     03     30    000   8.02  -9.48  -2.69
2024      5     10     06     04     30    000   8.03  -9.50  -2.68
2024      5     10     06     05     30    000   8.03  -9.52  -2.67
2024      5     10     06     06     30    000   8.04  -9.53  -2.65
2024      5     10     06     07     30    000   8.04  -9.55  -2.64
2024      5     10     06     08     30    000   8.05  -9.57  -2.62
2024      5     10     06     09     30    000   8.05  -9.59  -2.61
2024      5     10     06     10     30    000   8.06  -9.61  -2.59
2024      5     10     06     11     30    000   8.06  -9.63  -2.58
2024      5     10     06     12     30    000   8.07  -9.65  -2.57
2024      5     10     06     13     30    000   8.07  -9.67  -2.55
2024      5     10     06     14     30    000   8.08  -9.69  -2.54
2024      5     10     06     15     30    000   8.08  -9.70  -2.52
2024      5     10     06     16     30    000   8.09  -9.72  -2.51
2024      5     10     06     17     30    000   8.09  -9.74  -2.49
2024      5     10     06     18     30    000   8.10  -9.76  -2.48
2024      5     10     06     19     30    000   8.10  -9.78  -2.47
2024      5     10     06     20     30    000   8.11  -9.80  -2.45
2024      5     10     06     21     30    000   8.11  -9.82  -2.44
2024      5     10     06     22     30    000   8.12  -9.83  -2.42
2024      5     10     06     23     30    000   8.12  -9.85  -2.41
2024      5     10     06     24     30    000   8.13  -9.87  -2.39
2024      5     10     06     25     30    000   8.13  -9.89  -2.38
2024      5     10     06     26     30    000   8.13  -9.91  -2.36
2024      5     10     06     27     30    000   8.14  -9.93  -2.35
2024      5     10     06     28     30    000   8.14  -9.94  -2.33
2024      5     10     06     29     30    000   8.15  -9.96  -2.32
2024      5     10     06     30     30    000   8.15  -9.98  -2.31
2024      5     10     06     31     30    000   8.16 -10.00  -2.29
2024      5     10     06     32     30    000   8.16 -10.02  -2.28
2024      5     10     06     33     30    000   8.17 -10.04  -2.26
2024      5     10     06     34     30    000   8.17 -10.05  -2.25
2024      5     10     06     35     30    000   8.17 -10.07  -2.23
2024      5     10     06     36     30    000   8.18 -10.09  -2.22
2024      5     10     06     37     30    000   8.18 -10.11  -2.20
2024      5     10     06     38     30    000   8.19 -10.12  -2.19
2024      5     10     06     39     30    000   8.19 -10.14  -2.17
2024      5     10     06     40     30    000   8.20 -10.16  -2.16
2024      5     10     06     41     30    000   8.20 -10.18  -2.14
2024      5     10     06     42     30    000   8.20 -10.20  -2.13
2024      5     10     06     43     30    000   8.21 -10.21  -2.11
2024      5     10     06     44     30    000   8.21 -10.23  -2.10
2024      5     10     06     45     30    000   8.22 -10.25  -2.08
2024      5     10     06     46     30    000   8.22 -10.27  -2.07
2024      5     10     06     47     30    000   8.23 -10.28  -2.05
2024      5     10     06     48     30    000   8.23 -10.30  -2.04
2024      5     10     06     49     30    000   8.23 -10.32  -2.02
2024      5     10     06     50     30    000   8.24 -10.34  -2.01
2024      5     10     06     51     30    000   8.24 -10.35  -2.00
2024      5     10     06     52     30    000   8.25 -10.37  -1.98
2024      5     10     06     53     30    000   8.25 -10.39  -1.97
2024      5     10     06     54     30    000   8.25 -10.40  -1.95
2024      5     10     06     55     30    000   8.26 -10.42  -1.94
2024      5     10     06     56     30    000   8.26 -10.44  -1.92
2024      5     10     06     57     30    000   8.27 -10.46  -1.91
2024      5     10     06     58     30    000   8.27 -10.47  -1.89
2024      5     10     06     59     30    000   8.27 -10.49  -1.88
2024      5     10     07     00     30    000   8.28 -10.51  -1.86
2024      5     10     07     01     30    000   8.28 -10.52  -1.85
2024      5     10     07     02     30    000   8.28 -10.54  -1.83
2024      5     10     07     03     30    000   8.29 -10.56  -1.82
2024      5     10     07     04     30    000   8.29 -10.57  -1.80
2024      5     10     07     05     30    000   8.30 -10.59  -1.79
2024      5     10     07     06     30    000   8.30 -10.61  -1.77
2024      5     10     07     07     30    000   8.30 -10.62  -1.76
2024      5     10     07     08     30    000   8.31 -10.64  -1.74
2024      5     10     07     09     30    000   8.31 -10.66  -1.73
2024      5     10     07     10     30    000   8.31 -10.67  -1.71
2024      5     10     07     11     30    000   8.32 -10.69  -1.70
2024      5     10     07     12     30    000   8.32 -10.71  -1.68
2024      5     10     07     13     30    000   8.33 -10.72  -1.66
2024      5     10     07     14     30    000   8.33 -10.74  -1.65
2024      5     10     07     15     30    000   8.33 -10.75  -1.63
2024      5     10     07     16     30    000   8.34 -10.77  -1.62
2024      5     10     07     17     30    000   8.34 -10.79  -1.60
2024      5     10     07     18     30    000   8.34 -10.80  -1.59
2024      5     10     07     19     30    000   8.35 -10.82  -1.57
2024      5     10     07     20     30    000   8.35 -10.84  -1.56
2024      5     10     07     21     30    000   8.35 -10.85  -1.54
2024      5     10     07     22     30    000   8.36 -10.87  -1.53
2024      5     10     07     23     30    000   8.36 -10.88  -1.51
2024      5     10     07     24     30    000   8.36 -10.90  -1.50
2024      5     10     07     25     30    000   8.37 -10.92  -1.48
2024      5     10     07     26     30    000   8.37 -10.93  -1.47
2024      5     10     07     27     30    000   8.37 -10.95  -1.45
2024      5     10     07     28     30    000   8.38 -10.96  -1.44
2024      5     10     07     29     30    000   8.38 -10.98  -1.42
2024      5     10     07     30     30    000   8.38 -10.99  -1.41
2024      5     10     07     31     30    000   8.39 -11.01  -1.39
2024      5     10     07     32     30    000   8.39 -11.03  -1.38
2024      5     10     07     33     30    000   8.39 -11.04  -1.36
2024      5     10     07     34     30    000   8.40 -11.06  -1.35
2024      5     10     07     35     30    000   8.40 -11.07  -1.33
2024      5     10     07     36     30    000   8.40 -11.09  -1.32
2024      5     10     07     37     30    000   8.41 -11.10  -1.30
2024      5     10     07     38     30    000   8.41 -11.12  -1.29
2024      5     10     07     39     30    000   8.41 -11.13  -1.27
2024      5     10     07     40     30    000   8.42 -11.15  -1.26
2024      5     10     07     41     30    000   8.42 -11.16  -1.24
2024      5     10     07     42     30    000   8.42 -11.18  -1.23
2024      5     10     07     43     30    000   8.43 -11.19  -1.21
2024      5     10     07     44     30    000   8.43 -11.21  -1.20
2024      5     10     07     45     30    000   8.43 -11.22  -1.18
2024      5     10     07     46     30    000   8.44 -11.24  -1.17
2024      5     10     07     47     30    000   8.44 -11.25  -1.15
2024      5     10     07     48     30    000   8.44 -11.27  -1.14
2024      5     10     07     49     30    000   8.44 -11.28  -1.12
2024      5     10     07     50     30    000   8.45 -11.30  -1.11
2024      5     10     07     51     30    000   8.45 -11.31  -1.09
2024      5     10     07     52     30    000   8.45 -11.33  -1.08
2024      5     10     07     53     30    000   8.46 -11.34  -1.06
2024      5     10     07     54     30    000   8.46 -11.36  -1.05
2024      5     10     07     55     30    000   8.46 -11.37  -1.03
2024      5     10     07     56     30    000   8.46 -11.39  -1.02
2024      5     10     07     57     30    000   8.47 -11.40  -1.00
2024      5     10     07     58     30    000   8.47 -11.42  -0.99
2024      5     10     07     59     30    000   8.47 -11.43  -0.97
2024      5     10     08     00     30    000   8.48 -11.45  -0.96
2024      5     10     08     01     30    000   8.48 -11.46  -0.94
2024      5     10     08     02     30    000   8.48 -11.48  -0.93
2024      5     10     08     03     30    000   8.48 -11.49  -0.91
2024      5     10     08     04     30    000   8.49 -11.51  -0.90
2024      5     10     08     05     30    000   8.49 -11.52  -0.88
2024      5     10     08     06     30    000   8.49 -11.53  -0.87
2024      5     10     08     07     30    000   8.50 -11.55  -0.85
2024      5     10     08     08     30    000   8.50 -11.56  -0.84
2024      5     10     08     09     30    000   8.50 -11.58  -0.82
2024      5     10     08     10     30    000   8.50 -11.59  -0.81
2024      5     10     08     11     30    000   8.51 -11.61  -0.79
2024      5     10     08     12     30    000   8.51 -11.62  -0.78
2024      5     10     08     13     30    000   8.51 -11.63  -0.76
2024      5     10     08     14     30    000   8.51 -11.65  -0.75
2024      5     10     08     15     30    000   8.52 -11.66  -0.73
2024      5     10     08     16     30    000   8.52 -11.68  -0.72
2024      5     10     08     17     30    000   8.52 -11.69  -0.70
2024      5     10     08     18     30    000   8.52 -11.70  -0.69
2024      5     10     08     19     30    000   8.53 -11.72  -0.67
2024      5     10     08     20     30    000   8.53 -11.73  -0.66
2024      5     10     08     21     30    000   8.53 -11.75  -0.64
2024      5     10     08     22     30    000   8.53 -11.76  -0.63
2024      5     10     08     23     30    000   8.54 -11.77  -0.62
2024      5     10     08     24     30    000   8.54 -11.79  -0.60
2024      5     10     08     25     30    000   8.54 -11.80  -0.59
2024      5     10     08     26     30    000   8.54 -11.81  -0.57
2024      5     10     08     27     30    000   8.55 -11.83  -0.56
2024      5     10     08     28     30    000   8.55 -11.84  -0.54
2024      5     10     08     29     30    000   8.55 -11.86  -0.53
2024      5     10     08     30     30    000   8.55 -11.87  -0.51
2024      5     10     08     31     30    000   8.56 -11.88  -0.50
2024      5     10     08     32     30    000   8.56 -11.90  -0.48
2024      5     10     08     33     30    000   8.56 -11.91  -0.47
2024      5     10     08     34     30    000   8.56 -11.92  -0.45
2024      5     10     08     35     30    000   8.56 -11.94  -0.44
2024      5     10     08     36     30    000   8.57 -11.95  -0.43
2024      5     10     08     37     30    000   8.57 -11.96  -0.41
2024      5     10     08     38     30    000   8.57 -11.98  -0.40
2024      5     10     08     39     30    000   8.57 -11.99  -0.38
2024      5     10     08     40     30    000   8.58 -12.00  -0.37
2024      5     10     08     41     30    000   8.58 -12.02  -0.35
2024      5     10     08     42     30    000   8.58 -12.03  -0.34
2024      5     10     08     43     30    000   8.58 -12.04  -0.32
2024      5     10     08     44     30    000   8.58 -12.05  -0.31
2024      5     10     08     45     30    000   8.59 -12.07  -0.30
2024      5     10     08     46     30    000   8.59 -12.08  -0.28
2024      5     10     08     47     30    000   8.59 -12.09  -0.27
2024      5     10     08     48     30    000   8.59 -12.11  -0.25
2024      5     10     08     49     30    000   8.59 -12.12  -0.24
2024      5     10     08     50     30    000   8.60 -12.13  -0.22
2024      5     10     08     51     30    000   8.60 -12.15  -0.21
2024      5     10     08     52     30    000   8.60 -12.16  -0.20
2024      5     10     08     53     30    000   8.60 -12.17  -0.18
2024      5     10     08     54     30    000   8.60 -12.18  -0.17
2024      5     10     08     55     30    000   8.61 -12.20  -0.15
2024      5     10     08     56     30    000   8.61 -12.21  -0.14
2024      5     10     08     57     30    000   8.61 -12.22  -0.13
2024      5     10     08     58     30    000   8.61 -12.24  -0.11
2024      5     10     08     59     30    000   8.61 -12.25  -0.10
2024      5     10     09     00     30    000   8.62 -12.26  -0.08
2024      5     10     09     01     30    000   8.62 -12.27  -0.07
2024      5     10     09     02     30    000   8.62 -12.29  -0.05
2024      5     10     09     03     30    000   8.62 -12.30  -0.04
2024      5     10     09     04     30    000   8.62 -12.31  -0.03
2024      5     10     09     05     30    000   8.63 -12.32  -0.01
2024      5     10     09     06     30    000   8.63 -12.34   0.00
2024      5     10     09     07     30    000   8.63 -12.35   0.01
2024      5     10     09     08     30    000   8.63 -12.36   0.03
2024      5     10     09     09     30    000   8.63 -12.37   0.04
2024      5     10     09     10     30    000   8.63 -12.39   0.06
2024      5     10     09     11     30    000   8.64 -12.40   0.07
2024      5     10     09     12     30    000   8.64 -12.41   0.08
2024      5     10     09     13     30    000   8.64 -12.42   0.10
2024      5     10     09     14     30    000   8.64 -12.43   0.11
2024      5     10     09     15     30    000   8.64 -12.45   0.12
2024      5     10     09     16     30    000   8.64 -12.46   0.14
2024      5     10     09     17     30    000   8.65 -12.47   0.15
2024      5     10     09     18     30    000   8.65 -12.48   0.17
2024      5     10     09     19     30    000   8.65 -12.50   0.18
2024      5     10     09     20     30    000   8.65 -12.51   0.19
2024      5     10     09     21     30    000   8.65 -12.52   0.21
2024      5     10     09     22     30    000   8.65 -12.53   0.22
2024      5     10     09     23     30    000   8.66 -12.54   0.23
2024      5     10     09     24     30    000   8.66 -12.56   0.25
2024      5     10     09     25     30    000   8.66 -12.57   0.26
2024      5     10     09     26     30    000   8.66 -12.58   0.27
2024      5     10     09     27     30    000   8.66 -12.59   0.29
2024      5     10     09     28     30    000   8.66 -12.60   0.30
2024      5     10     09     29     30    000   8.66 -12.62   0.31
2024      5     10     09     30     30    000   8.67 -12.63   0.33
2024      5     10     09     31     30    000   8.67 -12.64   0.34
2024      5     10     09     32     30    000   8.67 -12.65   0.35
2024      5     10     09     33     30    000   8.67 -12.66   0.37
2024      5     10     09     34     30    000   8.67 -12.67   0.38
2024      5     10     09     35     30    000   8.67 -12.69   0.39
2024      5     10     09     36     30    000   8.67 -12.70   0.41
2024      5     10     09     37     30    000   8.68 -12.71   0.42
2024      5     10     09     38     30    000   8.68 -12.72   0.43
2024      5     10     09     39     30    000   8.68 -12.73   0.44
2024      5     10     09     40     30    000   8.68 -12.74   0.46
2024      5     10     09     41     30    000   8.68 -12.76   0.47
2024      5     10     09     42     30    000   8.68 -12.77   0.48
2024      5     10     09     43     30    000   8.68 -12.78   0.50
2024      5     10     09     44     30    000   8.68 -12.79   0.51
2024      5     10     09     45     30    000   8.69 -12.80   0.52
2024      5     10     09     46     30    000   8.69 -12.81   0.53
2024      5     10     09     47     30    000   8.69 -12.82   0.55
2024      5     10     09     48     30    000   8.69 -12.84   0.56
2024      5     10     09     49     30    000   8.69 -12.85   0.57
2024      5     10     09     50     30    000   8.69 -12.86   0.58
2024      5     10     09     51     30    000   8.69 -12.87   0.60
2024      5     10     09     52     30    000   8.69 -12.88   0.61
2024      5     10     09     53     30    000   8.70 -12.89   0.62
2024      5     10     09     54     30    000   8.70 -12.90   0.63
2024      5     10     09     55     30    000   8.70 -12.91   0.65
2024      5     10     09     56     30    000   8.70 -12.93   0.66
2024      5     10     09     57     30    000   8.70 -12.94   0.67
2024      5     10     09     58     30    000   8.70 -12.95   0.68
2024      5     10     09     59     30    000   8.70 -12.96   0.70
2024      5     10     10     00     30    000   8.70 -12.97   0.71
2024      5     10     10     01     30    000   8.70 -12.98   0.72
2024      5     10     10     02     30    000   8.71 -12.99   0.73
2024      5     10     10     03     30    000   8.71 -13.00   0.75
2024      5     10     10     04     30    000   8.71 -13.02   0.76
2024      5     10     10     05     30    000   8.71 -13.03   0.77
2024      5     10     10     06     30    000   8.71 -13.04   0.78
2024      5     10     10     07     30    000   8.71 -13.05   0.79
2024      5     10     10     08     30    000   8.71 -13.06   0.81
2024      5     10     10     09     30    000   8.71 -13.07   0.82
2024      5     10     10     10     30    000   8.71 -13.08   0.83
2024      5     10     10     11     30    000   8.71 -13.09   0.84
2024      5     10     10     12     30    000   8.72 -13.10   0.85
2024      5     10     10     13     30    000   8.72 -13.11   0.87
2024      5     10     10     14     30    000   8.72 -13.12   0.88
2024      5     10     10     15     30    000   8.72 -13.14   0.89
2024      5     10     10     16     30    000   8.72 -13.15   0.90
2024      5     10     10     17     30    000   8.72 -13.16   0.91
2024      5     10     10     18     30    000   8.72 -13.17   0.92
2024      5     10     10     19     30    000   8.72 -13.18   0.94
2024      5     10     10     20     30    000   8.72 -13.19   0.95
2024      5     10     10     21     30    000   8.72 -13.20   0.96
2024      5     10     10     22     30    000   8.72 -13.21   0.97
2024      5     10     10     23     30    000   8.72 -13.22   0.98
2024      5     10     10     24     30    000   8.73 -13.23   0.99
2024      5     10     10     25     30    000   8.73 -13.24   1.00
2024      5     10     10     26     30    000   8.73 -13.25   1.02
2024      5     10     10     27     30    000   8.73 -13.26   1.03
2024      5     10     10     28     30    000   8.73 -13.27   1.04
2024      5     10     10     29     30    000   8.73 -13.29   1.05
2024      5     10     10     30     30    000   8.73 -13.30   1.06
2024      5     10     10     31     30    000   8.73 -13.31   1.07
2024      5     10     10     32     30    000   8.73 -13.32   1.08
2024      5     10     10     33     30    000   8.73 -13.33   1.09
2024      5     10     10     34     30    000   8.73 -13.34   1.10
2024      5     10     10     35     30    000   8.73 -13.35   1.12
2024      5     10     10     36     30    000   8.73 -13.36   1.13
2024      5     10     10     37     30    000   8.73 -13.37   1.14
2024      5     10     10     38     30    000   8.73 -13.38   1.15
2024      5     10     10     39     30    000   8.74 -13.39   1.16
2024      5     10     10     40     30    000   8.74 -13.40   1.17
2024      5     10     10     41     30    000   8.74 -13.41   1.18
2024      5     10     10     42     30    000   8.74 -13.42   1.19
2024      5     10     10     43     30    000   8.74 -13.43   1.20
2024      5     10     10     44     30    000   8.74 -13.44   1.21
2024      5     10     10     45     30    000   8.74 -13.45   1.22
2024      5     10     10     46     30    000   8.74 -13.46   1.23
2024      5     10     10     47     30    000   8.74 -13.47   1.24
2024      5     10     10     48     30    000   8.74 -13.48   1.25
2024      5     10     10     49     30    000   8.74 -13.49   1.26
2024      5     10     10     50     30    000   8.74 -13.50   1.27
2024      5     10     10     51     30    000   8.74 -13.51   1.28
2024      5     10     10     52     30    000   8.74 -13.52   1.29
2024      5     10     10     53     30    000   8.74 -13.54   1.31
2024      5     10     10     54     30    000   8.74 -13.55   1.32
2024      5     10     10     55     30    000   8.74 -13.56   1.33
2024      5     10     10     56     30    000   8.74 -13.57   1.34
2024      5     10     10     57     30    000   8.74 -13.58   1.35
2024      5     10     10     58     30    000   8.74 -13.59   1.36
2024      5     10     10     59     30    000   8.74 -13.60   1.37
2024      5     10     11     00     30    000   8.74 -13.61   1.37
2024      5     10     11     01     30    000   8.74 -13.62   1.38
2024      5     10     11     02     30    000   8.75 -13.63   1.39
2024      5     10     11     03     30    000   8.75 -13.64   1.40
2024      5     10     11     04     30    000   8.75 -13.65   1.41
2024      5     10     11     05     30    000   8.75 -13.66   1.42
2024      5     10     11     06     30    000   8.75 -13.67   1.43
2024      5     10     11     07     30    000   8.75 -13.68   1.44
2024      5     10     11     08     30    000   8.75 -13.69   1.45
2024      5     10     11     09     30    000   8.75 -13.70   1.46
2024      5     10     11     10     30    000   8.75 -13.71   1.47
2024      5     10     11     11     30    000   8.75 -13.72   1.48
2024      5     10     11     12     30    000   8.75 -13.73   1.49
2024      5     10     11     13     30    000   8.75 -13.74   1.50
2024      5     10     11     14     30    000   8.75 -13.75   1.51
2024      5     10     11     15     30    000   8.75 -13.76   1.52
2024      5     10     11     16     30    000   8.75 -13.77   1.53
2024      5     10     11     17     30    000   8.75 -13.78   1.54
2024      5     10     11     18     30    000   8.75 -13.79   1.54
2024      5     10     11     19     30    000   8.75 -13.80   1.55
2024      5     10     11     20     30    000   8.75 -13.81   1.56
2024      5     10     11     21     30    000   8.75 -13.82   1.57
2024      5     10     11     22     30    000   8.75 -13.83   1.58
2024      5     10     11     23     30    000   8.75 -13.84   1.59
2024      5     10     11     24     30    000   8.75 -13.85   1.60
2024      5     10     11     25     30    000   8.75 -13.86   1.61
2024      5     10     11     26     30    000   8.75 -13.87   1.62
2024      5     10     11     27     30    000   8.75 -13.87   1.62
2024      5     10     11     28     30    000   8.75 -13.88   1.63
2024      5     10     11     29     30    000   8.75 -13.89   1.64
2024      5     10     11     30     30    000   8.75 -13.90   1.65
2024      5     10     11     31     30    000   8.75 -13.91   1.66
2024      5     10     11     32     30    000   8.75 -13.92   1.67
2024      5     10     11     33     30    000   8.75 -13.93   1.67
2024      5     10     11     34     30    000   8.75 -13.94   1.68
2024      5     10     11     35     30    000   8.75 -13.95   1.69
2024      5     10     11     36     30    000   8.75 -13.96   1.70
2024      5     10     11     37     30    000   8.75 -13.97   1.71
2024      5     10     11     38     30    000   8.75 -13.98   1.72
2024      5     10     11     39     30    000   8.75 -13.99   1.72
2024      5     10     11     40     30    000   8.75 -14.00   1.73
2024      5     10     11     41     30    000   8.75 -14.01   1.74
2024      5     10     11     42     30    000   8.75 -14.02   1.75
2024      5     10     11     43     30    000   8.75 -14.03   1.76
2024      5     10     11     44     30    000   8.75 -14.04   1.76
2024      5     10     11     45     30    000   8.75 -14.05   1.77
2024      5     10     11     46     30    000   8.75 -14.06   1.78
2024      5     10     11     47     30    000   8.75 -14.07   1.79
2024      5     10     11     48     30    000   8.75 -14.08   1.79
2024      5     10     11     49     30    000   8.75 -14.09   1.80
2024      5     10     11     50     30    000   8.75 -14.10   1.81
2024      5     10     11     51     30    000   8.75 -14.11   1.82
2024      5     10     11     52     30    000   8.75 -14.12   1.82
2024      5     10     11     53     30    000   8.75 -14.13   1.83
2024      5     10     11     54     30    000   8.75 -14.14   1.84
2024      5     10     11     55     30    000   8.75 -14.15   1.85
2024      5     10     11     56     30    000   8.75 -14.16   1.85
2024      5     10     11     57     30    000   8.74 -14.16   1.86
2024      5     10     11     58     30    000   8.74 -14.17   1.87
2024      5     10     11     59     30    000   8.74 -14.18   1.87
2024      5     10     12     00     30    000   8.74 -14.19   1.88
2024      5     10     12     01     30    000   8.74 -14.20   1.89
2024      5     10     12     02     30    000   8.74 -14.21   1.89
2024      5     10     12     03     30    000   8.74 -14.22   1.90
2024      5     10     12     04     30    000   8.74 -14.23   1.91
2024      5     10     12     05     30    000   8.74 -14.24   1.91
2024      5     10     12     06     30    000   8.74 -14.25   1.92
2024      5     10     12     07     30    000   8.74 -14.26   1.93
2024      5     10     12     08     30    000   8.74 -14.27   1.93
2024      5     10     12     09     30    000   8.74 -14.28   1.94
2024      5     10     12     10     30    000   8.74 -14.29   1.95
2024      5     10     12     11     30    000   8.74 -14.30   1.95
2024      5     10     12     12     30    000   8.74 -14.31   1.96
2024      5     10     12     13     30    000   8.74 -14.32   1.97
2024      5     10     12     14     30    000   8.74 -14.33   1.97
2024      5     10     12     15     30    000   8.74 -14.34   1.98
2024      5     10     12     16     30    000   8.74 -14.34   1.99
2024      5     10     12     17     30    000   8.74 -14.35   1.99
2024      5     10     12     18     30    000   8.74 -14.36   2.00
2024      5     10     12     19     30    000   8.74 -14.37   2.00
2024      5     10     12     20     30    000   8.74 -14.38   2.01
2024      5     10     12     21     30    000   8.73 -14.39   2.02
2024      5     10     12     22     30    000   8.73 -14.40   2.02
2024      5     10     12     23     30    000   8.73 -14.41   2.03
2024      5     10     12     24     30    000   8.73 -14.42   2.03
2024      5     10     12     25     30    000   8.73 -14.43   2.04
2024      5     10     12     26     30    000   8.73 -14.44   2.04
2024      5     10     12     27     30    000   8.73 -14.45   2.05
2024      5     10     12     28     30    000   8.73 -14.46   2.05
2024      5     10     12     29     30    000   8.73 -14.47   2.06
2024      5     10     12     30     30    000   8.73 -14.48   2.07
2024      5     10     12     31     30    000   8.73 -14.48   2.07
2024      5     10     12     32     30    000   8.73 -14.49   2.08
2024      5     10     12     33     30    000   8.73 -14.50   2.08
2024      5     10     12     34     30    000   8.73 -14.51   2.09
2024      5     10     12     35     30    000   8.73 -14.52   2.09
2024      5     10     12     36     30    000   8.73 -14.53   2.10
2024      5     10     12     37     30    000   8.72 -14.54   2.10
2024      5     10     12     38     30    000   8.72 -14.55   2.11
2024      5     10     12     39     30    000   8.72 -14.56   2.11
2024      5     10     12     40     30    000   8.72 -14.57   2.12
2024      5     10     12     41     30    000   8.72 -14.58   2.12
2024      5     10     12     42     30    000   8.72 -14.59   2.13
2024      5     10     12     43     30    000   8.72 -14.60   2.13
2024      5     10     12     44     30    000   8.72 -14.61   2.14
2024      5     10     12     45     30    000   8.72 -14.61   2.14
2024      5     10     12     46     30    000   8.72 -14.62   2.15
2024      5     10     12     47     30    000   8.72 -14.63   2.15
2024      5     10     12     48     30    000   8.72 -14.64   2.15
2024      5     10     12     49     30    000   8.72 -14.65   2.16
2024      5     10     12     50     30    000   8.71 -14.66   2.16
2024      5     10     12     51     30    000   8.71 -14.67   2.17
2024      5     10     12     52     30    000   8.71 -14.68   2.17
2024      5     10     12     53     30    000   8.71 -14.69   2.18
2024      5     10     12     54     30    000   8.71 -14.70   2.18
2024      5     10     12     55     30    000   8.71 -14.71   2.18
2024      5     10     12     56     30    000   8.71 -14.72   2.19
2024      5     10     12     57     30    000   8.71 -14.72   2.19
2024      5     10     12     58     30    000   8.71 -14.73   2.20
2024      5     10     12     59     30    000   8.71 -14.74   2.20
2024      5     10     13     00     30    000   8.71 -14.75   2.20
2024      5     10     13     01     30    000   8.70 -14.76   2.21
2024      5     10     13     02     30    000   8.70 -14.77   2.21
2024      5     10     13     03     30    000   8.70 -14.78   2.21
2024      5     10     13     04     30    000   8.70 -14.79   2.22
2024      5     10     13     05     30    000   8.70 -14.80   2.22
2024      5     10     13     06     30    000   8.70 -14.81   2.23
2024      5     10     13     07     30    000   8.70 -14.82   2.23
2024      5     10     13     08     30    000   8.70 -14.83   2.23
2024      5     10     13     09     30    000   8.70 -14.83   2.24
2024      5     10     13     10     30    000   8.70 -14.84   2.24
2024      5     10     13     11     30    000   8.69 -14.85   2.24
2024      5     10     13     12     30    000   8.69 -14.86   2.25
2024      5     10     13     13     30    000   8.69 -14.87   2.25
2024      5     10     13     14     30    000   8.69 -14.88   2.25
2024      5     10     13     15     30    000   8.69 -14.89   2.25
2024      5     10     13     16     30    000   8.69 -14.90   2.26
2024      5     10     13     17     30    000   8.69 -14.91   2.26
2024      5     10     13     18     30    000   8.69 -14.92   2.26
2024      5     10     13     19     30    000   8.69 -14.93   2.27
2024      5     10     13     20     30    000   8.69 -14.93   2.27
2024      5     10     13     21     30    000   8.68 -14.94   2.27
2024      5     10     13     22     30    000   8.68 -14.95   2.27
2024      5     10     13     23     30    000   8.68 -14.96   2.28
2024      5     10     13     24     30    000   8.68 -14.97   2.28
2024      5     10     13     25     30    000   8.68 -14.98   2.28
2024      5     10     13     26     30    000   8.68 -14.99   2.28
2024      5     10     13     27     30    000   8.68 -15.00   2.29
2024      5     10     13     28     30    000   8.68 -15.01   2.29
2024      5     10     13     29     30    000   8.67 -15.02   2.29
2024      5     10     13     30     30    000   8.67 -15.03   2.29
2024      5     10     13     31     30    000   8.67 -15.03   2.30
2024      5     10     13     32     30    000   8.67 -15.04   2.30
2024      5     10     13     33     30    000   8.67 -15.05   2.30
2024      5     10     13     34     30    000   8.67 -15.06   2.30
2024      5     10     13     35     30    000   8.67 -15.07   2.30
2024      5     10     13     36     30    000   8.67 -15.08   2.31
2024      5     10     13     37     30    000   8.66 -15.09   2.31
2024      5     10     13     38     30    000   8.66 -15.10   2.31
2024      5     10     13     39     30    000   8.66 -15.11   2.31
2024      5     10     13     40     30    000   8.66 -15.12   2.31
2024      5     10     13     41     30    000   8.66 -15.12   2.31
2024      5     10     13     42     30    000   8.66 -15.13   2.32
2024      5     10     13     43     30    000   8.66 -15.14   2.32
2024      5     10     13     44     30    000   8.66 -15.15   2.32
2024      5     10     13     45     30    000   8.65 -15.16   2.32
2024      5     10     13     46     30    000   8.65 -15.17   2.32
2024      5     10     13     47     30    000   8.65 -15.18   2.32
2024      5     10     13     48     30    000   8.65 -15.19   2.32
2024      5     10     13     49     30    000   8.65 -15.20   2.33
2024      5     10     13     50     30    000   8.65 -15.21   2.33
2024      5     10     13     51     30    000   8.65 -15.21   2.33
2024      5     10     13     52     30    000   8.64 -15.22   2.33
2024      5     10     13     53     30    000   8.64 -15.23   2.33
2024      5     10     13     54     30    000   8.64 -15.24   2.33
2024      5     10     13     55     30    000   8.64 -15.25   2.33
2024      5     10     13     56     30    000   8.64 -15.26   2.33
2024      5     10     13     57     30    000   8.64 -15.27   2.33
2024      5     10     13     58     30    000   8.64 -15.28   2.33
2024      5     10     13     59     30    000   8.63 -15.29   2.34
2024      5     10     14     00     30    000   8.63 -15.30   2.34
2024      5     10     14     01     30    000   8.63 -15.30   2.34
2024      5     10     14     02     30    000   8.63 -15.31   2.34
2024      5     10     14     03     30    000   8.63 -15.32   2.34
2024      5     10     14     04     30    000   8.63 -15.33   2.34
2024      5     10     14     05     30    000   8.63 -15.34   2.34
2024      5     10     14     06     30    000   8.62 -15.35   2.34
2024      5     10     14     07     30    000   8.62 -15.36   2.34
2024      5     10     14     08     30    000   8.62 -15.37   2.34
2024      5     10     14     09     30    000   8.62 -15.38   2.34
2024      5     10     14     10     30    000   8.62 -15.38   2.34
2024      5     10     14     11     30    000   8.62 -15.39   2.34
2024      5     10     14     12     30    000   8.61 -15.40   2.34
2024      5     10     14     13     30    000   8.61 -15.41   2.34
2024      5     10     14     14     30    000   8.61 -15.42   2.34
2024      5     10     14     15     30    000   8.61 -15.43   2.34
2024      5     10     14     16     30    000   8.61 -15.44   2.34
2024      5     10     14     17     30    000   8.61 -15.45   2.34
2024      5     10     14     18     30    000   8.60 -15.46   2.34
2024      5     10     14     19     30    000   8.60 -15.46   2.34
2024      5     10     14     20     30    000   8.60 -15.47   2.34
2024      5     10     14     21     30    000   8.60 -15.48   2.34
2024      5     10     14     22     30    000   8.60 -15.49   2.34
2024      5     10     14     23     30    000   8.60 -15.50   2.34
2024      5     10     14     24     30    000   8.59 -15.51   2.34
2024      5     10     14     25     30    000   8.59 -15.52   2.34
2024      5     10     14     26     30    000   8.59 -15.53   2.34
2024      5     10     14     27     30    000   8.59 -15.53   2.34
2024      5     10     14     28     30    000   8.59 -15.54   2.34
2024      5     10     14     29     30    000   8.59 -15.55   2.33
2024      5     10     14     30     30    000   8.58 -15.56   2.33
2024      5     10     14     31     30    000   8.58 -15.57   2.33
2024      5     10     14     32     30    000   8.58 -15.58   2.33
2024      5     10     14     33     30    000   8.58 -15.59   2.33
2024      5     10     14     34     30    000   8.58 -15.60   2.33
2024      5     10     14     35     30    000   8.58 -15.61   2.33
2024      5     10     14     36     30    000   8.57 -15.61   2.33
2024      5     10     14     37     30    000   8.57 -15.62   2.33
2024      5     10     14     38     30    000   8.57 -15.63   2.33
2024      5     10     14     39     30    000   8.57 -15.64   2.32
2024      5     10     14     40     30    000   8.57 -15.65   2.32
2024      5     10     14     41     30    000   8.56 -15.66   2.32
2024      5     10     14     42     30    000   8.56 -15.67   2.32
2024      5     10     14     43     30    000   8.56 -15.68   2.32
2024      5     10     14     44     30    000   8.56 -15.68   2.32
2024      5     10     14     45     30    000   8.56 -15.69   2.32
2024      5     10     14     46     30    000   8.56 -15.70   2.31
2024      5     10     14     47     30    000   8.55 -15.71   2.31
2024      5     10     14     48     30    000   8.55 -15.72   2.31
2024      5     10     14     49     30    000   8.55 -15.73   2.31
2024      5     10     14     50     30    000   8.55 -15.74   2.31
2024      5     10     14     51     30    000   8.55 -15.74   2.31
2024      5     10     14     52     30    000   8.54 -15.75   2.30
2024      5     10     14     53     30    000   8.54 -15.76   2.30
2024      5     10     14     54     30    000   8.54 -15.77   2.30
2024      5     10     14     55     30    000   8.54 -15.78   2.30
2024      5     10     14     56     30    000   8.54 -15.79   2.30
2024      5     10     14     57     30    000   8.53 -15.80   2.30
2024      5     10     14     58     30    000   8.53 -15.81   2.29
2024      5     10     14     59     30    000   8.53 -15.81   2.29
2024      5     10     15     00     30    000   8.53 -15.82   2.29
2024      5     10     15     01     30    000   8.53 -15.83   2.29
2024      5     10     15     02     30    000   8.52 -15.84   2.28
2024      5     10     15     03     30    000   8.52 -15.85   2.28
2024      5     10     15     04     30    000   8.52 -15.86   2.28
2024      5     10     15     05     30    000   8.52 -15.87   2.28
2024      5     10     15     06     30    000   8.52 -15.87   2.28
2024      5     10     15     07     30    000   8.51 -15.88   2.27
2024      5     10     15     08     30    000   8.51 -15.89   2.27
2024      5     10     15     09     30    000   8.51 -15.90   2.27
2024      5     10     15     10     30    000   8.51 -15.91   2.27
2024      5     10     15     11     30    000   8.51 -15.92   2.26
2024      5     10     15     12     30    000   8.50 -15.93   2.26
2024      5     10     15     13     30    000   8.50 -15.93   2.26
2024      5     10     15     14     30    000   8.50 -15.94   2.26
2024      5     10     15     15     30    000   8.50 -15.95   2.25
2024      5     10     15     16     30    000   8.50 -15.96   2.25
2024      5     10     15     17     30    000   8.49 -15.97   2.25
2024      5     10     15     18     30    000   8.49 -15.98   2.24
2024      5     10     15     19     30    000   8.49 -15.99   2.24
2024      5     10     15     20     30    000   8.49 -15.99   2.24
2024      5     10     15     21     30    000   8.49 -16.00   2.24
2024      5     10     15     22     30    000   8.48 -16.01   2.23
2024      5     10     15     23     30    000   8.48 -16.02   2.23
2024      5     10     15     24     30    000   8.48 -16.03   2.23
2024      5     10     15     25     30    000   8.48 -16.04   2.22
2024      5     10     15     26     30    000   8.47 -16.05   2.22
2024      5     10     15     27     30    000   8.47 -16.05   2.22
2024      5     10     15     28     30    000   8.47 -16.06   2.21
2024      5     10     15     29     30    000   8.47 -16.07   2.21
2024      5     10     15     30     30    000   8.47 -16.08   2.21
2024      5     10     15     31     30    000   8.46 -16.09   2.20
2024      5     10     15     32     30    000   8.46 -16.10   2.20
2024      5     10     15     33     30    000   8.46 -16.10   2.20
2024      5     10     15     34     30    000   8.46 -16.11   2.19
2024      5     10     15     35     30    000   8.45 -16.12   2.19
2024      5     10     15     36     30    000   8.45 -16.13   2.19
2024      5     10     15     37     30    000   8.45 -16.14   2.18
2024      5     10     15     38     30    000   8.45 -16.15   2.18
2024      5     10     15     39     30    000   8.45 -16.15   2.18
2024      5     10     15     40     30    000   8.44 -16.16   2.17
2024      5     10     15     41     30    000   8.44 -16.17   2.17
2024      5     10     15     42     30    000   8.44 -16.18   2.17
2024      5     10     15     43     30    000   8.44 -16.19   2.16
2024      5     10     15     44     30    000   8.43 -16.20   2.16
2024      5     10     15     45     30    000   8.43 -16.20   2.16
2024      5     10     15     46     30    000   8.43 -16.21   2.15
2024      5     10     15     47     30    000   8.43 -16.22   2.15
2024      5     10     15     48     30    000   8.42 -16.23   2.14
2024      5     10     15     49     30    000   8.42 -16.24   2.14
2024      5     10     15     50     30    000   8.42 -16.25   2.14
2024      5     10     15     51     30    000   8.42 -16.25   2.13
2024      5     10     15     52     30    000   8.41 -16.26   2.13
2024      5     10     15     53     30    000   8.41 -16.27   2.12
2024      5     10     15     54     30    000   8.41 -16.28   2.12
2024      5     10     15     55     30    000   8.41 -16.29   2.12
2024      5     10     15     56     30    000   8.41 -16.29   2.11
2024      5     10     15     57     30    000   8.40 -16.30   2.11
2024      5     10     15     58     30    000   8.40 -16.31   2.10
2024      5     10     15     59     30    000   8.40 -16.32   2.10
2024      5     10     16     00     30    000   8.40 -16.33   2.10
2024      5     10     16     01     30    000   8.39 -16.34   2.09
2024      5     10     16     02     30    000   8.39 -16.34   2.09
2024      5     10     16     03     30    000   8.39 -16.35   2.08
2024      5     10     16     04     30    000   8.39 -16.36   2.08
2024      5     10     16     05     30    000   8.38 -16.37   2.07
2024      5     10     16     06     30    000   8.38 -16.38   2.07
2024      5     10     16     07     30    000   8.38 -16.38   2.07
2024      5     10     16     08     30    000   8.38 -16.39   2.06
2024      5     10     16     09     30    000   8.37 -16.40   2.06
2024      5     10     16     10     30    000   8.37 -16.41   2.05
2024      5     10     16     11     30    000   8.37 -16.42   2.05
2024      5     10     16     12     30    000   8.37 -16.42   2.04
2024      5     10     16     13     30    000   8.36 -16.43   2.04
2024      5     10     16     14     30    000   8.36 -16.44   2.03
2024      5     10     16     15     30    000   8.36 -16.45   2.03
2024      5     10     16     16     30    000   8.36 -16.46   2.02
2024      5     10     16     17     30    000   8.35 -16.46   2.02
2024      5     10     16     18     30    000   8.35 -16.47   2.02
2024      5     10     16     19     30    000   8.35 -16.48   2.01
2024      5     10     16     20     30    000   8.34 -16.49   2.01
2024      5     10     16     21     30    000   8.34 -16.50   2.00
2024      5     10     16     22     30    000   8.34 -16.50   2.00
2024      5     10     16     23     30    000   8.34 -16.51   1.99
2024      5     10     16     24     30    000   8.33 -16.52   1.99
2024      5     10     16     25     30    000   8.33 -16.53   1.98
2024      5     10     16     26     30    000   8.33 -16.54   1.98
2024      5     10     16     27     30    000   8.33 -16.54   1.97
2024      5     10     16     28     30    000   8.32 -16.55   1.97
2024      5     10     16     29     30    000   8.32 -16.56   1.96
2024      5     10     16     30     30    000   8.32 -16.57   1.96
2024      5     10     16     31     30    000   8.32 -16.58   1.95
2024      5     10     16     32     30    000   8.31 -16.58   1.95
2024      5     10     16     33     30    000   8.31 -16.59   1.94
2024      5     10     16     34     30    000   8.31 -16.60   1.94
2024      5     10     16     35     30    000   8.30 -16.61   1.93
2024      5     10     16     36     30    000   8.30 -16.61   1.93
2024      5     10     16     37     30    000   8.30 -16.62   1.92
2024      5     10     16     38     30    000   8.30 -16.63   1.92
2024      5     10     16     39     30    000   8.29 -16.64   1.91
2024      5     10     16     40     30    000   8.29 -16.65   1.91
2024      5     10     16     41     30    000   8.29 -16.65   1.90
2024      5     10     16     42     30    000   8.29 -16.66   1.90
2024      5     10     16     43     30    000   8.28 -16.67   1.89
2024      5     10     16     44     30    000   8.28 -16.68   1.89
2024      5     10     16     45     30    000   8.28 -16.68   1.88
2024      5     10     16     46     30    000   8.27 -16.69   1.88
2024      5     10     16     47     30    000   8.27 -16.70   1.87
2024      5     10     16     48     30    000   8.27 -16.71   1.87
2024      5     10     16     49     30    000   8.27 -16.71   1.86
2024      5     10     16     50     30    000   8.26 -16.72   1.86
2024      5     10     16     51     30    000   8.26 -16.73   1.85
2024      5     10     16     52     30    000   8.26 -16.74   1.85
2024      5     10     16     53     30    000   8.25 -16.75   1.84
2024      5     10     16     54     30    000   8.25 -16.75   1.84
2024      5     10     16     55     30    000   8.25 -16.76   1.83
2024      5     10     16     56     30    000   8.25 -16.77   1.83
2024      5     10     16     57     30    000   8.24 -16.78   1.82
2024      5     10     16     58     30    000   8.24 -16.78   1.82
2024      5     10     16     59     30    000   8.24 -16.79   1.81
2024      5     10     17     00     30    000   8.23 -16.80   1.81
2024      5     10     17     01     30    000   8.23 -16.81   1.80
2024      5     10     17     02     30    000   8.23 -16.81   1.80
2024      5     10     17     03     30    000   8.23 -16.82   1.79
2024      5     10     17     04     30    000   8.22 -16.83   1.79
2024      5     10     17     05     30    000   8.22 -16.84   1.78
2024      5     10     17     06     30    000   8.22 -16.84   1.77
2024      5     10     17     07     30    000   8.21 -16.85   1.77
2024      5     10     17     08     30    000   8.21 -16.86   1.76
2024      5     10     17     09     30    000   8.21 -16.86   1.76
2024      5     10     17     10     30    000   8.21 -16.87   1.75
2024      5     10     17     11     30    000   8.20 -16.88   1.75
2024      5     10     17     12     30    000   8.20 -16.89   1.74
2024      5     10     17     13     30    000   8.20 -16.89   1.74
2024      5     10     17     14     30    000   8.19 -16.90   1.73
2024      5     10     17     15     30    000   8.19 -16.91   1.73
2024      5     10     17     16     30    000   8.19 -16.92   1.72
2024      5     10     17     17     30    000   8.18 -16.92   1.72
2024      5     10     17     18     30    000   8.18 -16.93   1.71
2024      5     10     17     19     30    000   8.18 -16.94   1.71
2024      5     10     17     20     30    000   8.18 -16.95   1.70
2024      5     10     17     21     30    000   8.17 -16.95   1.69
2024      5     10     17     22     30    000   8.17 -16.96   1.69
2024      5     10     17     23     30    000   8.17 -16.97   1.68
2024      5     10     17     24     30    000   8.16 -16.97   1.68
2024      5     10     17     25     30    000   8.16 -16.98   1.67
2024      5     10     17     26     30    000   8.16 -16.99   1.67
2024      5     10     17     27     30    000   8.15 -17.00   1.66
2024      5     10     17     28     30    000   8.15 -17.00   1.66
2024      5     10     17     29     30    000   8.15 -17.01   1.65
2024      5     10     17     30     30    000   8.15 -17.02   1.65
2024      5     10     17     31     30    000   8.14 -17.02   1.64
2024      5     10     17     32     30    000   8.14 -17.03   1.64
2024      5     10     17     33     30    000   8.14 -17.04   1.63
2024      5     10     17     34     30    000   8.13 -17.04   1.63
2024      5     10     17     35     30    000   8.13 -17.05   1.62
2024      5     10     17     36     30    000   8.13 -17.06   1.61
2024      5     10     17     37     30    000   8.12 -17.07   1.61
2024      5     10     17     38     30    000   8.12 -17.07   1.60
2024      5     10     17     39     30    000   8.12 -17.08   1.60
2024      5     10     17     40     30    000   8.11 -17.09   1.59
2024      5     10     17     41     30    000   8.11 -17.09   1.59
2024      5     10     17     42     30    000   8.11 -17.10   1.58
2024      5     10     17     43     30    000   8.10 -17.11   1.58
2024      5     10     17     44     30    000   8.10 -17.11   1.57
2024      5     10     17     45     30    000   8.10 -17.12   1.57
2024      5     10     17     46     30    000   8.09 -17.13   1.56
2024      5     10     17     47     30    000   8.09 -17.14   1.56
2024      5     10     17     48     30    000   8.09 -17.14   1.55
2024      5     10     17     49     30    000   8.09 -17.15   1.55
2024      5     10     17     50     30    000   8.08 -17.16   1.54
2024      5     10     17     51     30    000   8.08 -17.16   1.54
2024      5     10     17     52     30    000   8.08 -17.17   1.53
2024      5     10     17     53     30    000   8.07 -17.18   1.53
2024      5     10     17     54     30    000   8.07 -17.18   1.52
2024      5     10     17     55     30    000   8.07 -17.19   1.51
2024      5     10     17     56     30    000   8.06 -17.20   1.51
2024      5     10     17     57     30    000   8.06 -17.20   1.50
2024      5     10     17     58     30    000   8.06 -17.21   1.50
2024      5     10     17     59     30    000   8.05 -17.22   1.49
2024      5     10     18     00     30    000   8.05 -17.22   1.49
2024      5     10     18     01     30    000   8.05 -17.23   1.48
2024      5     10     18     02     30    000   8.04 -17.24   1.48
2024      5     10     18     03     30    000   8.04 -17.24   1.47
2024      5     10     18     04     30    000   8.04 -17.25   1.47
2024      5     10     18     05     30    000   8.03 -17.26   1.46
2024      5     10     18     06     30    000   8.03 -17.26   1.46
2024      5     10     18     07     30    000   8.03 -17.27   1.45
2024      5     10     18     08     30    000   8.02 -17.28   1.45
2024      5     10     18     09     30    000   8.02 -17.28   1.44
2024      5     10     18     10     30    000   8.02 -17.29   1.44
2024      5     10     18     11     30    000   8.01 -17.30   1.43
2024      5     10     18     12     30    000   8.01 -17.30   1.43
2024      5     10     18     13     30    000   8.01 -17.31   1.42
2024      5     10     18     14     30    000   8.00 -17.32   1.42
2024      5     10     18     15     30    000   8.00 -17.32   1.41
2024      5     10     18     16     30    000   8.00 -17.33   1.41
2024      5     10     18     17     30    000   7.99 -17.33   1.40
2024      5     10     18     18     30    000   7.99 -17.34   1.40
2024      5     10     18     19     30    000   7.99 -17.35   1.39
2024      5     10     18     20     30    000   7.98 -17.35   1.39
2024      5     10     18     21     30    000   7.98 -17.36   1.38
2024      5     10     18     22     30    000   7.98 -17.37   1.38
2024      5     10     18     23     30    000   7.97 -17.37   1.38
2024      5     10     18     24     30    000   7.97 -17.38   1.37
2024      5     10     18     25     30    000   7.97 -17.39   1.37
2024      5     10     18     26     30    000   7.96 -17.39   1.36
2024      5     10     18     27     30    000   7.96 -17.40   1.36
2024      5     10     18     28     30    000   7.95 -17.40   1.35
2024      5     10     18     29     30    000   7.95 -17.41   1.35
2024      5     10     18     30     30    000   7.95 -17.42   1.34
2024      5     10     18     31     30    000   7.94 -17.42   1.34
2024      5     10     18     32     30    000   7.94 -17.43   1.33
2024      5     10     18     33     30    000   7.94 -17.44   1.33
2024      5     10     18     34     30    000   7.93 -17.44   1.32
2024      5     10     18     35     30    000   7.93 -17.45   1.32
2024      5     10     18     36     30    000   7.93 -17.45   1.32
2024      5     10     18     37     30    000   7.92 -17.46   1.31
2024      5     10     18     38     30    000   7.92 -17.47   1.31
2024      5     10     18     39     30    000   7.92 -17.47   1.30
2024      5     10     18     40     30    000   7.91 -17.48   1.30
2024      5     10     18     41     30    000   7.91 -17.49   1.29
2024      5     10     18     42     30    000   7.91 -17.49   1.29
2024      5     10     18     43     30    000   7.90 -17.50   1.28
2024      5     10     18     44     30    000   7.90 -17.50   1.28
2024      5     10     18     45     30    000   7.89 -17.51   1.28
2024      5     10     18     46     30    000   7.89 -17.52   1.27
2024      5     10     18     47     30    000   7.89 -17.52   1.27
2024      5     10     18     48     30    000   7.88 -17.53   1.26
2024      5     10     18     49     30    000   7.88 -17.53   1.26
2024      5     10     18     50     30    000   7.88 -17.54   1.25
2024      5     10     18     51     30    000   7.87 -17.55   1.25
2024      5     10     18     52     30    000   7.87 -17.55   1.25
2024      5     10     18     53     30    000   7.87 -17.56   1.24
2024      5     10     18     54     30    000   7.86 -17.56   1.24
2024      5     10     18     55     30    000   7.86 -17.57   1.23
2024      5     10     18     56     30    000   7.86 -17.58   1.23
2024      5     10     18     57     30    000   7.85 -17.58   1.23
2024      5     10     18     58     30    000   7.85 -17.59   1.22
2024      5     10     18     59     30    000   7.84 -17.59   1.22
2024      5     10     19     00     30    000   7.84 -17.60   1.22
2024      5     10     19     01     30    000   7.84 -17.60   1.21
2024      5     10     19     02     30    000   7.83 -17.61   1.21
2024      5     10     19     03     30    000   7.83 -17.62   1.20
2024      5     10     19     04     30    000   7.83 -17.62   1.20
2024      5     10     19     05     30    000   7.82 -17.63   1.20
2024      5     10     19     06     30    000   7.82 -17.63   1.19
2024      5     10     19     07     30    000   7.81 -17.64   1.19
2024      5     10     19     08     30    000   7.81 -17.64   1.19
2024      5     10     19     09     30    000   7.81 -17.65   1.18
2024      5     10     19     10     30    000   7.80 -17.66   1.18
2024      5     10     19     11     30    000   7.80 -17.66   1.18
2024      5     10     19     12     30    000   7.80 -17.67   1.17
2024      5     10     19     13     30    000   7.79 -17.67   1.17
2024      5     10     19     14     30    000   7.79 -17.68   1.16
2024      5     10     19     15     30    000   7.78 -17.68   1.16
2024      5     10     19     16     30    000   7.78 -17.69   1.16
2024      5     10     19     17     30    000   7.78 -17.70   1.15
2024      5     10     19     18     30    000   7.77 -17.70   1.15
2024      5     10     19     19     30    000   7.77 -17.71   1.15
2024      5     10     19     20     30    000   7.77 -17.71   1.15
2024      5     10     19     21     30    000   7.76 -17.72   1.14
2024      5     10     19     22     30    000   7.76 -17.72   1.14
2024      5     10     19     23     30    000   7.75 -17.73   1.14
2024      5     10     19     24     30    000   7.75 -17.73   1.13
2024      5     10     19     25     30    000   7.75 -17.74   1.13
2024      5     10     19     26     30    000   7.74 -17.75   1.13
2024      5     10     19     27     30    000   7.74 -17.75   1.12
2024      5     10     19     28     30    000   7.74 -17.76   1.12
2024      5     10     19     29     30    000   7.73 -17.76   1.12
2024      5     10     19     30     30    000   7.73 -17.77   1.12
2024      5     10     19     31     30    000   7.72 -17.77   1.11
2024      5     10     19     32     30    000   7.72 -17.78   1.11
2024      5     10     19     33     30    000   7.72 -17.78   1.11
2024      5     10     19     34     30    000   7.71 -17.79   1.10
2024      5     10     19     35     30    000   7.71 -17.79   1.10
2024      5     10     19     36     30    000   7.70 -17.80   1.10
2024      5     10     19     37     30    000   7.70 -17.80   1.10
2024      5     10     19     38     30    000   7.70 -17.81   1.09
2024      5     10     19     39     30    000   7.69 -17.82   1.09
2024      5     10     19     40     30    000   7.69 -17.82   1.09
2024      5     10     19     41     30    000   7.68 -17.83   1.09
2024      5     10     19     42     30    000   7.68 -17.83   1.08
2024      5     10     19     43     30    000   7.68 -17.84   1.08
2024      5     10     19     44     30    000   7.67 -17.84   1.08
2024      5     10     19     45     30    000   7.67 -17.85   1.08
2024      5     10     19     46     30    000   7.67 -17.85   1.08
2024      5     10     19     47     30    000   7.66 -17.86   1.07
2024      5     10     19     48     30    000   7.66 -17.86   1.07
2024      5     10     19     49     30    000   7.65 -17.87   1.07
2024      5     10     19     50     30    000   7.65 -17.87   1.07
2024      5     10     19     51     30    000   7.65 -17.88   1.07
2024      5     10     19     52     30    000   7.64 -17.88   1.06
2024      5     10     19     53     30    000   7.64 -17.89   1.06
2024      5     10     19     54     30    000   7.63 -17.89   1.06
2024      5     10     19     55     30    000   7.63 -17.90   1.06
2024      5     10     19     56     30    000   7.63 -17.90   1.06
2024      5     10     19     57     30    000   7.62 -17.91   1.05
2024      5     10     19     58     30    000   7.62 -17.91   1.05
2024      5     10     19     59     30    000   7.61 -17.92   1.05
2024      5     10     20     00     30    000   7.61 -17.92   1.05
2024      5     10     20     01     30    000   7.61 -17.93   1.05
2024      5     10     20     02     30    000   7.60 -17.93   1.05
2024      5     10     20     03     30    000   7.60 -17.94   1.05
2024      5     10     20     04     30    000   7.59 -17.94   1.04
2024      5     10     20     05     30    000   7.59 -17.95   1.04
2024      5     10     20     06     30    000   7.59 -17.95   1.04
2024      5     10     20     07     30    000   7.58 -17.96   1.04
2024      5     10     20     08     30    000   7.58 -17.96   1.04
2024      5     10     20     09     30    000   7.57 -17.97   1.04
2024      5     10     20     10     30    000   7.57 -17.97   1.04
2024      5     10     20     11     30    000   7.56 -17.98   1.04
2024      5     10     20     12     30    000   7.56 -17.98   1.03
2024      5     10     20     13     30    000   7.56 -17.99   1.03
2024      5     10     20     14     30    000   7.55 -17.99   1.03
2024      5     10     20     15     30    000   7.55 -18.00   1.03
2024      5     10     20     16     30    000   7.54 -18.00   1.03
2024      5     10     20     17     30    000   7.54 -18.01   1.03
2024      5     10     20     18     30    000   7.54 -18.01   1.03
2024      5     10     20     19     30    000   7.53 -18.02   1.03
2024      5     10     20     20     30    000   7.53 -18.02   1.03
2024      5     10     20     21     30    000   7.52 -18.02   1.03
2024      5     10     20     22     30    000   7.52 -18.03   1.03
2024      5     10     20     23     30    000   7.52 -18.03   1.03
2024      5     10     20     24     30    000   7.51 -18.04   1.03
2024      5     10     20     25     30    000   7.51 -18.04   1.03
2024      5     10     20     26     30    000   7.50 -18.05   1.03
2024      5     10     20     27     30    000   7.50 -18.05   1.02
2024      5     10     20     28     30    000   7.49 -18.06   1.02
2024      5     10     20     29     30    000   7.49 -18.06   1.02
2024      5     10     20     30     30    000   7.49 -18.07   1.02
2024      5     10     20     31     30    000   7.48 -18.07   1.02
2024      5     10     20     32     30    000   7.48 -18.08   1.02
2024      5     10     20     33     30    000   7.47 -18.08   1.02
2024      5     10     20     34     30    000   7.47 -18.08   1.02
2024      5     10     20     35     30    000   7.47 -18.09   1.02
2024      5     10     20     36     30    000   7.46 -18.09   1.02
2024      5     10     20     37     30    000   7.46 -18.10   1.02
2024      5     10     20     38     30    000   7.45 -18.10   1.02
2024      5     10     20     39     30    000   7.45 -18.11   1.03
2024      5     10     20     40     30    000   7.44 -18.11   1.03
2024      5     10     20     41     30    000   7.44 -18.12   1.03
2024      5     10     20     42     30    000   7.44 -18.12   1.03
2024      5     10     20     43     30    000   7.43 -18.12   1.03
2024      5     10     20     44     30    000   7.43 -18.13   1.03
2024      5     10     20     45     30    000   7.42 -18.13   1.03
2024      5     10     20     46     30    000   7.42 -18.14   1.03
2024      5     10     20     47     30    000   7.41 -18.14   1.03
2024      5     10     20     48     30    000   7.41 -18.15   1.03
2024      5     10     20     49     30    000   7.41 -18.15   1.03
2024      5     10     20     50     30    000   7.40 -18.15   1.03
2024      5     10     20     51     30    000   7.40 -18.16   1.03
2024      5     10     20     52     30    000   7.39 -18.16   1.03
2024      5     10     20     53     30    000   7.39 -18.17   1.03
2024      5     10     20     54     30    000   7.38 -18.17   1.04
2024      5     10     20     55     30    000   7.38 -18.18   1.04
2024      5     10     20     56     30    000   7.38 -18.18   1.04
2024      5     10     20     57     30    000   7.37 -18.18   1.04
2024      5     10     20     58     30    000   7.37 -18.19   1.04
2024      5     10     20     59     30    000   7.36 -18.19   1.04
2024      5     10     21     00     30    000   7.36 -18.20   1.04
2024      5     10     21     01     30    000   7.35 -18.20   1.05
2024      5     10     21     02     30    000   7.35 -18.21   1.05
2024      5     10     21     03     30    000   7.34 -18.21   1.05
2024      5     10     21     04     30    000   7.34 -18.21   1.05
2024      5     10     21     05     30    000   7.34 -18.22   1.05
2024      5     10     21     06     30    000   7.33 -18.22   1.05
2024      5     10     21     07     30    000   7.33 -18.23   1.05
2024      5     10     21     08     30    000   7.32 -18.23   1.06
2024      5     10     21     09     30    000   7.32 -18.23   1.06
2024      5     10     21     10     30    000   7.31 -18.24   1.06
2024      5     10     21     11     30    000   7.31 -18.24   1.06
2024      5     10     21     12     30    000   7.31 -18.25   1.06
2024      5     10     21     13     30    000   7.30 -18.25   1.07
2024      5     10     21     14     30    000   7.30 -18.25   1.07
2024      5     10     21     15     30    000   7.29 -18.26   1.07
2024      5     10     21     16     30    000   7.29 -18.26   1.07
2024      5     10     21     17     30    000   7.28 -18.27   1.08
2024      5     10     21     18     30    000   7.28 -18.27   1.08
2024      5     10     21     19     30    000   7.27 -18.27   1.08
2024      5     10     21     20     30    000   7.27 -18.28   1.08
2024      5     10     21     21     30    000   7.27 -18.28   1.09
2024      5     10     21     22     30    000   7.26 -18.29   1.09
2024      5     10     21     23     30    000   7.26 -18.29   1.09
2024      5     10     21     24     30    000   7.25 -18.29   1.09
2024      5     10     21     25     30    000   7.25 -18.30   1.10
2024      5     10     21     26     30    000   7.24 -18.30   1.10
2024      5     10     21     27     30    000   7.24 -18.30   1.10
2024      5     10     21     28     30    000   7.23 -18.31   1.11
2024      5     10     21     29     30    000   7.23 -18.31   1.11
2024      5     10     21     30     30    000   7.22 -18.32   1.11
2024      5     10     21     31     30    000   7.22 -18.32   1.11
2024      5     10     21     32     30    000   7.22 -18.32   1.12
2024      5     10     21     33     30    000   7.21 -18.33   1.12
2024      5     10     21     34     30    000   7.21 -18.33   1.12
2024      5     10     21     35     30    000   7.20 -18.33   1.13
2024      5     10     21     36     30    000   7.20 -18.34   1.13
2024      5     10     21     37     30    000   7.19 -18.34   1.13
2024      5     10     21     38     30    000   7.19 -18.34   1.14
2024      5     10     21     39     30    000   7.18 -18.35   1.14
2024      5     10     21     40     30    000   7.18 -18.35   1.14
2024      5     10     21     41     30    000   7.17 -18.36   1.15
2024      5     10     21     42     30    000   7.17 -18.36   1.15
2024      5     10     21     43     30    000   7.17 -18.36   1.16
2024      5     10     21     44     30    000   7.16 -18.37   1.16
2024      5     10     21     45     30    000   7.16 -18.37   1.16
2024      5     10     21     46     30    000   7.15 -18.37   1.17
2024      5     10     21     47     30    000   7.15 -18.38   1.17
2024      5     10     21     48     30    000   7.14 -18.38   1.18
2024      5     10     21     49     30    000   7.14 -18.38   1.18
2024      5     10     21     50     30    000   7.13 -18.39   1.18
2024      5     10     21     51     30    000   7.13 -18.39   1.19
2024      5     10     21     52     30    000   7.12 -18.39   1.19
2024      5     10     21     53     30    000   7.12 -18.40   1.20
2024      5     10     21     54     30    000   7.11 -18.40   1.20
2024      5     10     21     55     30    000   7.11 -18.40   1.21
2024      5     10     21     56     30    000   7.11 -18.41   1.21
2024      5     10     21     57     30    000   7.10 -18.41   1.21
2024      5     10     21     58     30    000   7.10 -18.41   1.22
2024      5     10     21     59     30    000   7.09 -18.42   1.22
2024      5     10     22     00     30    000   7.09 -18.42   1.23
2024      5     10     22     01     30    000   7.08 -18.42   1.23
2024      5     10     22     02     30    000   7.08 -18.43   1.24
2024      5     10     22     03     30    000   7.07 -18.43   1.24
2024      5     10     22     04     30    000   7.07 -18.43   1.25
2024      5     10     22     05     30    000   7.06 -18.44   1.25
2024      5     10     22     06     30    000   7.06 -18.44   1.26
2024      5     10     22     07     30    000   7.05 -18.44   1.26
2024      5     10     22     08     30    000   7.05 -18.45   1.27
2024      5     10     22     09     30    000   7.04 -18.45   1.27
2024      5     10     22     10     30    000   7.04 -18.45   1.28
2024      5     10     22     11     30    000   7.04 -18.45   1.29
2024      5     10     22     12     30    000   7.03 -18.46   1.29
2024      5     10     22     13     30    000   7.03 -18.46   1.30
2024      5     10     22     14     30    000   7.02 -18.46   1.30
2024      5     10     22     15     30    000   7.02 -18.47   1.31
2024      5     10     22     16     30    000   7.01 -18.47   1.31
2024      5     10     22     17     30    000   7.01 -18.47   1.32
2024      5     10     22     18     30    000   7.00 -18.48   1.32
2024      5     10     22     19     30    000   7.00 -18.48   1.33
2024      5     10     22     20     30    000   6.99 -18.48   1.34
2024      5     10     22     21     30    000   6.99 -18.48   1.34
2024      5     10     22     22     30    000   6.98 -18.49   1.35
2024      5     10     22     23     30    000   6.98 -18.49   1.35
2024      5     10     22     24     30    000   6.97 -18.49   1.36
2024      5     10     22     25     30    000   6.97 -18.50   1.37
2024      5     10     22     26     30    000   6.96 -18.50   1.37
2024      5     10     22     27     30    000   6.96 -18.50   1.38
2024      5     10     22     28     30    000   6.95 -18.50   1.39
2024      5     10     22     29     30    000   6.95 -18.51   1.39
2024      5     10     22     30     30    000   6.94 -18.51   1.40
2024      5     10     22     31     30    000   6.94 -18.51   1.41
2024      5     10     22     32     30    000   6.93 -18.52   1.41
2024      5     10     22     33     30    000   6.93 -18.52   1.42
2024      5     10     22     34     30    000   6.93 -18.52   1.43
2024      5     10     22     35     30    000   6.92 -18.52   1.43
2024      5     10     22     36     30    000   6.92 -18.53   1.44
2024      5     10     22     37     30    000   6.91 -18.53   1.45
2024      5     10     22     38     30    000   6.91 -18.53   1.45
2024      5     10     22     39     30    000   6.90 -18.53   1.46
2024      5     10     22     40     30    000   6.90 -18.54   1.47
2024      5     10     22     41     30    000   6.89 -18.54   1.47
2024      5     10     22     42     30    000   6.89 -18.54   1.48
2024      5     10     22     43     30    000   6.88 -18.54   1.49
2024      5     10     22     44     30    000   6.88 -18.55   1.50
2024      5     10     22     45     30    000   6.87 -18.55   1.50
2024      5     10     22     46     30    000   6.87 -18.55   1.51
2024      5     10     22     47     30    000   6.86 -18.55   1.52
2024      5     10     22     48     30    000   6.86 -18.56   1.53
2024      5     10     22     49     30    000   6.85 -18.56   1.53
2024      5     10     22     50     30    000   6.85 -18.56   1.54
2024      5     10     22     51     30    000   6.84 -18.56   1.55
2024      5     10     22     52     30    000   6.84 -18.57   1.56
2024      5     10     22     53     30    000   6.83 -18.57   1.56
2024      5     10     22     54     30    000   6.83 -18.57   1.57
2024      5     10     22     55     30    000   6.82 -18.57   1.58
2024      5     10     22     56     30    000   6.82 -18.58   1.59
2024      5     10     22     57     30    000   6.81 -18.58   1.60
2024      5     10     22     58     30    000   6.81 -18.58   1.60
2024      5     10     22     59     30    000   6.80 -18.58   1.61
2024      5     10     23     00     30    000   6.80 -18.58   1.62
2024      5     10     23     01     30    000   6.79 -18.59   1.63
2024      5     10     23     02     30    000   6.79 -18.59   1.64
2024      5     10     23     03     30    000   6.78 -18.59   1.65
2024      5     10     23     04     30    000   6.78 -18.59   1.65
2024      5     10     23     05     30    000   6.77 -18.60   1.66
2024      5     10     23     06     30    000   6.77 -18.60   1.67
2024      5     10     23     07     30    000   6.76 -18.60   1.68
2024      5     10     23     08     30    000   6.76 -18.60   1.69
2024      5     10     23     09     30    000   6.75 -18.60   1.70
2024      5     10     23     10     30    000   6.75 -18.61   1.71
2024      5     10     23     11     30    000   6.74 -18.61   1.71
2024      5     10     23     12     30    000   6.74 -18.61   1.72
2024      5     10     23     13     30    000   6.73 -18.61   1.73
2024      5     10     23     14     30    000   6.73 -18.61   1.74
2024      5     10     23     15     30    000   6.72 -18.62   1.75
2024      5     10     23     16     30    000   6.72 -18.62   1.76
2024      5     10     23     17     30    000   6.71 -18.62   1.77
2024      5     10     23     18     30    000   6.71 -18.62   1.78
2024      5     10     23     19     30    000   6.70 -18.62   1.79
2024      5     10     23     20     30    000   6.70 -18.62   1.80
2024      5     10     23     21     30    000   6.69 -18.63   1.81
2024      5     10     23     22     30    000   6.69 -18.63   1.82
2024      5     10     23     23     30    000   6.68 -18.63   1.82
2024      5     10     23     24     30    000   6.68 -18.63   1.83
2024      5     10     23     25     30    000   6.67 -18.63   1.84
2024      5     10     23     26     30    000   6.67 -18.63   1.85
2024      5     10     23     27     30    000   6.66 -18.64   1.86
2024      5     10     23     28     30    000   6.66 -18.64   1.87
2024      5     10     23     29     30    000   6.65 -18.64   1.88
2024      5     10     23     30     30    000   6.65 -18.64   1.89
2024      5     10     23     31     30    000   6.64 -18.64   1.90
2024      5     10     23     32     30    000   6.64 -18.64   1.91
2024      5     10     23     33     30    000   6.63 -18.65   1.92
2024      5     10     23     34     30    000   6.63 -18.65   1.93
2024      5     10     23     35     30    000   6.62 -18.65   1.94
2024      5     10     23     36     30    000   6.62 -18.65   1.95
2024      5     10     23     37     30    000   6.61 -18.65   1.96
2024      5     10     23     38     30    000   6.61 -18.65   1.97
2024      5     10     23     39     30    000   6.60 -18.65   1.98
2024      5     10     23     40     30    000   6.60 -18.66   1.99
2024      5     10     23     41     30    000   6.59 -18.66   2.00
2024      5     10     23     42     30    000   6.58 -18.66   2.02
2024      5     10     23     43     30    000   6.58 -18.66   2.03
2024      5     10     23     44     30    000   6.57 -18.66   2.04
2024      5     10     23     45     30    000   6.57 -18.66   2.05
2024      5     10     23     46     30    000   6.56 -18.66   2.06
2024      5     10     23     47     30    000   6.56 -18.66   2.07
2024      5     10     23     48     30    000   6.55 -18.67   2.08
2024      5     10     23     49     30    000   6.55 -18.67   2.09
2024      5     10     23     50     30    000   6.54 -18.67   2.10
2024      5     10     23     51     30    000   6.54 -18.67   2.11
2024      5     10     23     52     30    000   6.53 -18.67   2.12
2024      5     10     23     53     30    000   6.53 -18.67   2.13
2024      5     10     23     54     30    000   6.52 -18.67   2.15
2024      5     10     23     55     30    000   6.52 -18.67   2.16
2024      5     10     23     56     30    000   6.51 -18.67   2.17
2024      5     10     23     57     30    000   6.51 -18.68   2.18
2024      5     10     23     58     30    000   6.50 -18.68   2.19
2024      5     10     23     59     30    000   6.50 -18.68   2.20
2024      5     11     00     00     30    000   6.49 -18.68   2.21
2024      5     11     00     01     30    000   6.49 -18.68   2.23
2024      5     11     00     02     30    000   6.48 -18.68   2.24
2024      5     11     00     03     30    000   6.48 -18.68   2.25
2024      5     11     00     04     30    000   6.47 -18.68   2.26
2024      5     11     00     05     30    000   6.46 -18.68   2.27
2024      5     11     00     06     30    000   6.46 -18.68   2.28
2024      5     11     00     07     30    000   6.45 -18.68   2.30
2024      5     11     00     08     30    000   6.45 -18.68   2.31
2024      5     11     00     09     30    000   6.44 -18.69   2.32
2024      5     11     00     10     30    000   6.44 -18.69   2.33
2024      5     11     00     11     30    000   6.43 -18.69   2.34
2024      5     11     00     12     30    000   6.43 -18.69   2.36
2024      5     11     00     13     30    000   6.42 -18.69   2.37
2024      5     11     00     14     30    000   6.42 -18.69   2.38
2024      5     11     00     15     30    000   6.41 -18.69   2.39
2024      5     11     00     16     30    000   6.41 -18.69   2.40
2024      5     11     00     17     30    000   6.40 -18.69   2.42
2024      5     11     00     18     30    000   6.40 -18.69   2.43
2024      5     11     00     19     30    000   6.39 -18.69   2.44
2024      5     11     00     20     30    000   6.39 -18.69   2.45
2024      5     11     00     21     30    000   6.38 -18.69   2.47
2024      5     11     00     22     30    000   6.37 -18.69   2.48
2024      5     11     00     23     30    000   6.37 -18.69   2.49
2024      5     11     00     24     30    000   6.36 -18.69   2.51
2024      5     11     00     25     30    000   6.36 -18.69   2.52
2024      5     11     00     26     30    000   6.35 -18.69   2.53
2024      5     11     00     27     30    000   6.35 -18.69   2.54
2024      5     11     00     28     30    000   6.34 -18.69   2.56
2024      5     11     00     29     30    000   6.34 -18.69   2.57
2024      5     11     00     30     30    000   6.33 -18.69   2.58
2024      5     11     00     31     30    000   6.33 -18.69   2.60
2024      5     11     00     32     30    000   6.32 -18.69   2.61
2024      5     11     00     33     30    000   6.32 -18.69   2.62
2024      5     11     00     34     30    000   6.31 -18.69   2.63
2024      5     11     00     35     30    000   6.30 -18.69   2.65
2024      5     11     00     36     30    000   6.30 -18.69   2.66
2024      5     11     00     37     30    000   6.29 -18.69   2.67
2024      5     11     00     38     30    000   6.29 -18.69   2.69
2024      5     11     00     39     30    000   6.28 -18.69   2.70
2024      5     11     00     40     30    000   6.28 -18.69   2.71
2024      5     11     00     41     30    000   6.27 -18.69   2.73
2024      5     11     00     42     30    000   6.27 -18.69   2.74
2024      5     11     00     43     30    000   6.26 -18.69   2.76
2024      5     11     00     44     30    000   6.26 -18.69   2.77
2024      5     11     00     45     30    000   6.25 -18.69   2.78
2024      5     11     00     46     30    000   6.24 -18.69   2.80
2024      5     11     00     47     30    000   6.24 -18.69   2.81
2024      5     11     00     48     30    000   6.23 -18.69   2.82
2024      5     11     00     49     30    000   6.23 -18.69   2.84
2024      5     11     00     50     30    000   6.22 -18.69   2.85
2024      5     11     00     51     30    000   6.22 -18.69   2.87
2024      5     11     00     52     30    000   6.21 -18.69   2.88
2024      5     11     00     53     30    000   6.21 -18.69   2.89
2024      5     11     00     54     30    000   6.20 -18.69   2.91
2024      5     11     00     55     30    000   6.20 -18.69   2.92
2024      5     11     00     56     30    000   6.19 -18.69   2.94
2024      5     11     00     57     30    000   6.18 -18.69   2.95
2024      5     11     00     58     30    000   6.18 -18.69   2.96
2024      5     11     00     59     30    000   6.17 -18.69   2.98
2024      5     11     01     00     30    000   6.17 -18.68   2.99
2024      5     11     01     01     30    000   6.16 -18.68   3.01
2024      5     11     01     02     30    000   6.16 -18.68   3.02
2024      5     11     01     03     30    000   6.15 -18.68   3.04
2024      5     11     01     04     30    000   6.15 -18.68   3.05
2024      5     11     01     05     30    000   6.14 -18.68   3.07
2024      5     11     01     06     30    000   6.13 -18.68   3.08
2024      5     11     01     07     30    000   6.13 -18.68   3.09
2024      5     11     01     08     30    000   6.12 -18.68   3.11
2024      5     11     01     09     30    000   6.12 -18.68   3.12
2024      5     11     01     10     30    000   6.11 -18.68   3.14
2024      5     11     01     11     30    000   6.11 -18.67   3.15
2024      5     11     01     12     30    000   6.10 -18.67   3.17
2024      5     11     01     13     30    000   6.10 -18.67   3.18
2024      5     11     01     14     30    000   6.09 -18.67   3.20
2024      5     11     01     15     30    000   6.08 -18.67   3.21
2024      5     11     01     16     30    000   6.08 -18.67   3.23
2024      5     11     01     17     30    000   6.07 -18.67   3.24
2024      5     11     01     18     30    000   6.07 -18.67   3.26
2024      5     11     01     19     30    000   6.06 -18.67   3.27
2024      5     11     01     20     30    000   6.06 -18.66   3.29
2024      5     11     01     21     30    000   6.05 -18.66   3.30
2024      5     11     01     22     30    000   6.05 -18.66   3.32
2024      5     11     01     23     30    000   6.04 -18.66   3.33
2024      5     11     01     24     30    000   6.03 -18.66   3.35
2024      5     11     01     25     30    000   6.03 -18.66   3.37
2024      5     11     01     26     30    000   6.02 -18.66   3.38
2024      5     11     01     27     30    000   6.02 -18.65   3.40
2024      5     11     01     28     30    000   6.01 -18.65   3.41
2024      5     11     01     29     30    000   6.01 -18.65   3.43
2024      5     11     01     30     30    000   6.00 -18.65   3.44
2024      5     11     01     31     30    000   6.00 -18.65   3.46
2024      5     11     01     32     30    000   5.99 -18.65   3.47
2024      5     11     01     33     30    000   5.98 -18.64   3.49
2024      5     11     01     34     30    000   5.98 -18.64   3.50
2024      5     11     01     35     30    000   5.97 -18.64   3.52
2024      5     11     01     36     30    000   5.97 -18.64   3.54
2024      5     11     01     37     30    000   5.96 -18.64   3.55
2024      5     11     01     38     30    000   5.96 -18.64   3.57
2024      5     11     01     39     30    000   5.95 -18.63   3.58
2024      5     11     01     40     30    000   5.94 -18.63   3.60
2024      5     11     01     41     30    000   5.94 -18.63   3.62
2024      5     11     01     42     30    000   5.93 -18.63   3.63
2024      5     11     01     43     30    000   5.93 -18.63   3.65
2024      5     11     01     44     30    000   5.92 -18.62   3.66
2024      5     11     01     45     30    000   5.92 -18.62   3.68
2024      5     11     01     46     30    000   5.91 -18.62   3.70
2024      5     11     01     47     30    000   5.90 -18.62   3.71
2024      5     11     01     48     30    000   5.90 -18.62   3.73
2024      5     11     01     49     30    000   5.89 -18.61   3.74
2024      5     11     01     50     30    000   5.89 -18.61   3.76
2024      5     11     01     51     30    000   5.88 -18.61   3.78
2024      5     11     01     52     30    000   5.88 -18.61   3.79
2024      5     11     01     53     30    000   5.87 -18.60   3.81
2024      5     11     01     54     30    000   5.86 -18.60   3.83
2024      5     11     01     55     30    000   5.86 -18.60   3.84
2024      5     11     01     56     30    000   5.85 -18.60   3.86
2024      5     11     01     57     30    000   5.85 -18.59   3.88
2024      5     11     01     58     30    000   5.84 -18.59   3.89
2024      5     11     01     59     30    000   5.84 -18.59   3.91
2024      5     11     02     00     30    000   5.83 -18.59   3.92
2024      5     11     02     01     30    000   5.82 -18.58   3.94
2024      5     11     02     02     30    000   5.82 -18.58   3.96
2024      5     11     02     03     30    000   5.81 -18.58   3.97
2024      5     11     02     04     30    000   5.81 -18.58   3.99
2024      5     11     02     05     30    000   5.80 -18.57   4.01
2024      5     11     02     06     30    000   5.79 -18.57   4.02
2024      5     11     02     07     30    000   5.79 -18.57   4.04
2024      5     11     02     08     30    000   5.78 -18.56   4.06
2024      5     11     02     09     30    000   5.78 -18.56   4.08
2024      5     11     02     10     30    000   5.77 -18.56   4.09
2024      5     11     02     11     30    000   5.77 -18.56   4.11
2024      5     11     02     12     30    000   5.76 -18.55   4.13
2024      5     11     02     13     30    000   5.75 -18.55   4.14
2024      5     11     02     14     30    000   5.75 -18.55   4.16
2024      5     11     02     15     30    000   5.74 -18.54   4.18
2024      5     11     02     16     30    000   5.74 -18.54   4.19
2024      5     11     02     17     30    000   5.73 -18.54   4.21
2024      5     11     02     18     30    000   5.73 -18.53   4.23
2024      5     11     02     19     30    000   5.72 -18.53   4.24
2024      5     11     02     20     30    000   5.71 -18.53   4.26
2024      5     11     02     21     30    000   5.71 -18.52   4.28
2024      5     11     02     22     30    000   5.70 -18.52   4.30
2024      5     11     02     23     30    000   5.70 -18.52   4.31
2024      5     11     02     24     30    000   5.69 -18.51   4.33
2024      5     11     02     25     30    000   5.68 -18.51   4.35
2024      5     11     02     26     30    000   5.68 -18.51   4.37
2024      5     11     02     27     30    000   5.67 -18.50   4.38
2024      5     11     02     28     30    000   5.67 -18.50   4.40
2024      5     11     02     29     30    000   5.66 -18.50   4.42
2024      5     11     02     30     30    000   5.65 -18.49   4.43
2024      5     11     02     31     30    000   5.65 -18.49   4.45
2024      5     11     02     32     30    000   5.64 -18.49   4.47
2024      5     11     02     33     30    000   5.64 -18.48   4.49
2024      5     11     02     34     30    000   5.63 -18.48   4.50
2024      5     11     02     35     30    000   5.63 -18.47   4.52
2024      5     11     02     36     30    000   5.62 -18.47   4.54
2024      5     11     02     37     30    000   5.61 -18.47   4.56
2024      5     11     02     38     30    000   5.61 -18.46   4.57
2024      5     11     02     39     30    000   5.60 -18.46   4.59
2024      5     11     02     40     30    000   5.60 -18.46   4.61
2024      5     11     02     41     30    000   5.59 -18.45   4.63
2024      5     11     02     42     30    000   5.58 -18.45   4.64
2024      5     11     02     43     30    000   5.58 -18.44   4.66
2024      5     11     02     44     30    000   5.57 -18.44   4.68
2024      5     11     02     45     30    000   5.57 -18.44   4.70
2024      5     11     02     46     30    000   5.56 -18.43   4.72
2024      5     11     02     47     30    000   5.55 -18.43   4.73
2024      5     11     02     48     30    000   5.55 -18.42   4.75
2024      5     11     02     49     30    000   5.54 -18.42   4.77
2024      5     11     02     50     30    000   5.54 -18.41   4.79
2024      5     11     02     51     30    000   5.53 -18.41   4.80
2024      5     11     02     52     30    000   5.52 -18.41   4.82
2024      5     11     02     53     30    000   5.52 -18.40   4.84
2024      5     11     02     54     30    000   5.51 -18.40   4.86
2024      5     11     02     55     30    000   5.51 -18.39   4.88
2024      5     11     02     56     30    000   5.50 -18.39   4.89
2024      5     11     02     57     30    000   5.49 -18.38   4.91
2024      5     11     02     58     30    000   5.49 -18.38   4.93
2024      5     11     02     59     30    000   5.48 -18.37   4.95
2024      5     11     03     00     30    000   5.48 -18.37   4.97
2024      5     11     03     01     30    000   5.47 -18.36   4.98
2024      5     11     03     02     30    000   5.46 -18.36   5.00
2024      5     11     03     03     30    000   5.46 -18.35   5.02
2024      5     11     03     04     30    000   5.45 -18.35   5.04
2024      5     11     03     05     30    000   5.45 -18.35   5.06
2024      5     11     03     06     30    000   5.44 -18.34   5.07
2024      5     11     03     07     30    000   5.43 -18.34   5.09
2024      5     11     03     08     30    000   5.43 -18.33   5.11
2024      5     11     03     09     30    000   5.42 -18.33   5.13
2024      5     11     03     10     30    000   5.42 -18.32   5.15
2024      5     11     03     11     30    000   5.41 -18.32   5.16
2024      5     11     03     12     30    000   5.40 -18.31   5.18
2024      5     11     03     13     30    000   5.40 -18.31   5.20
2024      5     11     03     14     30    000   5.39 -18.30   5.22
2024      5     11     03     15     30    000   5.39 -18.30   5.24
2024      5     11     03     16     30    000   5.38 -18.29   5.25
2024      5     11     03     17     30    000   5.37 -18.28   5.27
2024      5     11     03     18     30    000   5.37 -18.28   5.29
2024      5     11     03     19     30    000   5.36 -18.27   5.31
2024      5     11     03     20     30    000   5.36 -18.27   5.33
2024      5     11     03     21     30    000   5.35 -18.26   5.35
2024      5     11     03     22     30    000   5.34 -18.26   5.36
2024      5     11     03     23     30    000   5.34 -18.25   5.38
2024      5     11     03     24     30    000   5.33 -18.25   5.40
2024      5     11     03     25     30    000   5.33 -18.24   5.42
2024      5     11     03     26     30    000   5.32 -18.24   5.44
2024      5     11     03     27     30    000   5.31 -18.23   5.46
2024      5     11     03     28     30    000   5.31 -18.22   5.47
2024      5     11     03     29     30    000   5.30 -18.22   5.49
2024      5     11     03     30     30    000   5.29 -18.21   5.51
2024      5     11     03     31     30    000   5.29 -18.21   5.53
2024      5     11     03     32     30    000   5.28 -18.20   5.55
2024      5     11     03     33     30    000   5.28 -18.20   5.57
2024      5     11     03     34     30    000   5.27 -18.19   5.58
2024      5     11     03     35     30    000   5.26 -18.18   5.60
2024      5     11     03     36     30    000   5.26 -18.18   5.62
2024      5     11     03     37     30    000   5.25 -18.17   5.64
2024      5     11     03     38     30    000   5.25 -18.17   5.66
2024      5     11     03     39     30    000   5.24 -18.16   5.68
2024      5     11     03     40     30    000   5.23 -18.15   5.69
2024      5     11     03     41     30    000   5.23 -18.15   5.71
2024      5     11     03     42     30    000   5.22 -18.14   5.73
2024      5     11     03     43     30    000   5.21 -18.14   5.75
2024      5     11     03     44     30    000   5.21 -18.13   5.77
2024      5     11     03     45     30    000   5.20 -18.12   5.79
2024      5     11     03     46     30    000   5.20 -18.12   5.80
2024      5     11     03     47     30    000   5.19 -18.11   5.82
2024      5     11     03     48     30    000   5.18 -18.11   5.84
2024      5     11     03     49     30    000   5.18 -18.10   5.86
2024      5     11     03     50     30    000   5.17 -18.09   5.88
2024      5     11     03     51     30    000   5.17 -18.09   5.90
2024      5     11     03     52     30    000   5.16 -18.08   5.91
2024      5     11     03     53     30    000   5.15 -18.07   5.93
2024      5     11     03     54     30    000   5.15 -18.07   5.95
2024      5     11     03     55     30    000   5.14 -18.06   5.97
2024      5     11     03     56     30    000   5.13 -18.05   5.99
2024      5     11     03     57     30    000   5.13 -18.05   6.01
2024      5     11     03     58     30    000   5.12 -18.04   6.02
2024      5     11     03     59     30    000   5.12 -18.03   6.04
2024      5     11     04     00     30    000   5.11 -18.03   6.06
2024      5     11     04     01     30    000   5.10 -18.02   6.08
2024      5     11     04     02     30    000   5.10 -18.01   6.10
2024      5     11     04     03     30    000   5.09 -18.01   6.12
2024      5     11     04     04     30    000   5.08 -18.00   6.14
2024      5     11     04     05     30    000   5.08 -17.99   6.15
2024      5     11     04     06     30    000   5.07 -17.99   6.17
2024      5     11     04     07     30    000   5.07 -17.98   6.19
2024      5     11     04     08     30    000   5.06 -17.97   6.21
2024      5     11     04     09     30    000   5.05 -17.96   6.23
2024      5     11     04     10     30    000   5.05 -17.96   6.25
2024      5     11     04     11     30    000   5.04 -17.95   6.26
2024      5     11     04     12     30    000   5.03 -17.94   6.28
2024      5     11     04     13     30    000   5.03 -17.94   6.30
2024      5     11     04     14     30    000   5.02 -17.93   6.32
2024      5     11     04     15     30    000   5.02 -17.92   6.34
2024      5     11     04     16     30    000   5.01 -17.91   6.36
2024      5     11     04     17     30    000   5.00 -17.91   6.37
2024      5     11     04     18     30    000   5.00 -17.90   6.39
2024      5     11     04     19     30    000   4.99 -17.89   6.41
2024      5     11     04     20     30    000   4.98 -17.89   6.43
2024      5     11     04     21     30    000   4.98 -17.88   6.45
2024      5     11     04     22     30    000   4.97 -17.87   6.47
2024      5     11     04     23     30    000   4.97 -17.86   6.48
2024      5     11     04     24     30    000   4.96 -17.86   6.50
2024      5     11     04     25     30    000   4.95 -17.85   6.52
2024      5     11     04     26     30    000   4.95 -17.84   6.54
2024      5     11     04     27     30    000   4.94 -17.83   6.56
2024      5     11     04     28     30    000   4.93 -17.83   6.58
2024      5     11     04     29     30    000   4.93 -17.82   6.59
2024      5     11     04     30     30    000   4.92 -17.81   6.61
2024      5     11     04     31     30    000   4.91 -17.80   6.63
2024      5     11     04     32     30    000   4.91 -17.79   6.65
2024      5     11     04     33     30    000   4.90 -17.79   6.67
2024      5     11     04     34     30    000   4.90 -17.78   6.69
2024      5     11     04     35     30    000   4.89 -17.77   6.70
2024      5     11     04     36     30    000   4.88 -17.76   6.72
2024      5     11     04     37     30    000   4.88 -17.76   6.74
2024      5     11     04     38     30    000   4.87 -17.75   6.76
2024      5     11     04     39     30    000   4.86 -17.74   6.78
2024      5     11     04     40     30    000   4.86 -17.73   6.79
2024      5     11     04     41     30    000   4.85 -17.72   6.81
2024      5     11     04     42     30    000   4.85 -17.72   6.83
2024      5     11     04     43     30    000   4.84 -17.71   6.85
2024      5     11     04     44     30    000   4.83 -17.70   6.87
2024      5     11     04     45     30    000   4.83 -17.69   6.89
2024      5     11     04     46     30    000   4.82 -17.68   6.90
2024      5     11     04     47     30    000   4.81 -17.67   6.92
2024      5     11     04     48     30    000   4.81 -17.67   6.94
2024      5     11     04     49     30    000   4.80 -17.66   6.96
2024      5     11     04     50     30    000   4.79 -17.65   6.98
2024      5     11     04     51     30    000   4.79 -17.64   6.99
2024      5     11     04     52     30    000   4.78 -17.63   7.01
2024      5     11     04     53     30    000   4.77 -17.62   7.03
2024      5     11     04     54     30    000   4.77 -17.62   7.05
2024      5     11     04     55     30    000   4.76 -17.61   7.07
2024      5     11     04     56     30    000   4.76 -17.60   7.08
2024      5     11     04     57     30    000   4.75 -17.59   7.10
2024      5     11     04     58     30    000   4.74 -17.58   7.12
2024      5     11     04     59     30    000   4.74 -17.57   7.14
2024      5     11     05     00     30    000   4.73 -17.56   7.16
2024      5     11     05     01     30    000   4.72 -17.56   7.17
2024      5     11     05     02     30    000   4.72 -17.55   7.19
2024      5     11     05     03     30    000   4.71 -17.54   7.21
2024      5     11     05     04     30    000   4.70 -17.53   7.23
2024      5     11     05     05     30    000   4.70 -17.52   7.24
2024      5     11     05     06     30    000   4.69 -17.51   7.26
2024      5     11     05     07     30    000   4.68 -17.50   7.28
2024      5     11     05     08     30    000   4.68 -17.50   7.30
2024      5     11     05     09     30    000   4.67 -17.49   7.32
2024      5     11     05     10     30    000   4.67 -17.48   7.33
2024      5     11     05     11     30    000   4.66 -17.47   7.35
2024      5     11     05     12     30    000   4.65 -17.46   7.37
2024      5     11     05     13     30    000   4.65 -17.45   7.39
2024      5     11     05     14     30    000   4.64 -17.44   7.40
2024      5     11     05     15     30    000   4.63 -17.43   7.42
2024      5     11     05     16     30    000   4.63 -17.42   7.44
2024      5     11     05     17     30    000   4.62 -17.41   7.46
2024      5     11     05     18     30    000   4.61 -17.41   7.47
2024      5     11     05     19     30    000   4.61 -17.40   7.49
2024      5     11     05     20     30    000   4.60 -17.39   7.51
2024      5     11     05     21     30    000   4.59 -17.38   7.53
2024      5     11     05     22     30    000   4.59 -17.37   7.54
2024      5     11     05     23     30    000   4.58 -17.36   7.56
2024      5     11     05     24     30    000   4.57 -17.35   7.58
2024      5     11     05     25     30    000   4.57 -17.34   7.60
2024      5     11     05     26     30    000   4.56 -17.33   7.61
2024      5     11     05     27     30    000   4.55 -17.32   7.63
2024      5     11     05     28     30    000   4.55 -17.31   7.65
2024      5     11     05     29     30    000   4.54 -17.30   7.67
2024      5     11     05     30     30    000   4.54 -17.29   7.68
2024      5     11     05     31     30    000   4.53 -17.28   7.70
2024      5     11     05     32     30    000   4.52 -17.28   7.72
2024      5     11     05     33     30    000   4.52 -17.27   7.74
2024      5     11     05     34     30    000   4.51 -17.26   7.75
2024      5     11     05     35     30    000   4.50 -17.25   7.77
2024      5     11     05     36     30    000   4.50 -17.24   7.79
2024      5     11     05     37     30    000   4.49 -17.23   7.80
2024      5     11     05     38     30    000   4.48 -17.22   7.82
2024      5     11     05     39     30    000   4.48 -17.21   7.84
2024      5     11     05     40     30    000   4.47 -17.20   7.85
2024      5     11     05     41     30    000   4.46 -17.19   7.87
2024      5     11     05     42     30    000   4.46 -17.18   7.89
2024      5     11     05     43     30    000   4.45 -17.17   7.91
2024      5     11     05     44     30    000   4.44 -17.16   7.92
2024      5     11     05     45     30    000   4.44 -17.15   7.94
2024      5     11     05     46     30    000   4.43 -17.14   7.96
2024      5     11     05     47     30    000   4.42 -17.13   7.97
2024      5     11     05     48     30    000   4.42 -17.12   7.99
2024      5     11     05     49     30    000   4.41 -17.11   8.01
2024      5     11     05     50     30    000   4.40 -17.10   8.02
2024      5     11     05     51     30    000   4.40 -17.09   8.04
2024      5     11     05     52     30    000   4.39 -17.08   8.06
2024      5     11     05     53     30    000   4.38 -17.07   8.07
2024      5     11     05     54     30    000   4.38 -17.06   8.09
2024      5     11     05     55     30    000   4.37 -17.05   8.11
2024      5     11     05     56     30    000   4.36 -17.04   8.12
2024      5     11     05     57     30    000   4.36 -17.03   8.14
2024      5     11     05     58     30    000   4.35 -17.02   8.16
2024      5     11     05     59     30    000   4.34 -17.01   8.17
2024      5     11     06     00     30    000   4.34 -17.00   8.19
2024      5     11     06     01     30    000   4.33 -16.99   8.21
2024      5     11     06     02     30    000   4.32 -16.98   8.22
2024      5     11     06     03     30    000   4.32 -16.97   8.24
2024      5     11     06     04     30    000   4.31 -16.96   8.25
2024      5     11     06     05     30    000   4.30 -16.95   8.27
2024      5     11     06     06     30    000   4.30 -16.94   8.29
2024      5     11     06     07     30    000   4.29 -16.93   8.30
2024      5     11     06     08     30    000   4.28 -16.92   8.32
2024      5     11     06     09     30    000   4.28 -16.91   8.34
2024      5     11     06     10     30    000   4.27 -16.90   8.35
2024      5     11     06     11     30    000   4.26 -16.89   8.37
2024      5     11     06     12     30    000   4.26 -16.88   8.38
2024      5     11     06     13     30    000   4.25 -16.87   8.40
2024      5     11     06     14     30    000   4.24 -16.86   8.42
2024      5     11     06     15     30    000   4.24 -16.85   8.43
2024      5     11     06     16     30    000   4.23 -16.84   8.45
2024      5     11     06     17     30    000   4.22 -16.83   8.46
2024      5     11     06     18     30    000   4.22 -16.82   8.48
2024      5     11     06     19     30    000   4.21 -16.81   8.50
2024      5     11     06     20     30    000   4.20 -16.80   8.51
2024      5     11     06     21     30    000   4.20 -16.78   8.53
2024      5     11     06     22     30    000   4.19 -16.77   8.54
2024      5     11     06     23     30    000   4.18 -16.76   8.56
2024      5     11     06     24     30    000   4.18 -16.75   8.57
2024      5     11     06     25     30    000   4.17 -16.74   8.59
2024      5     11     06     26     30    000   4.16 -16.73   8.61
2024      5     11     06     27     30    000   4.16 -16.72   8.62
2024      5     11     06     28     30    000   4.15 -16.71   8.64
2024      5     11     06     29     30    000   4.14 -16.70   8.65
2024      5     11     06     30     30    000   4.14 -16.69   8.67
2024      5     11     06     31     30    000   4.13 -16.68   8.68
2024      5     11     06     32     30    000   4.12 -16.67   8.70
2024      5     11     06     33     30    000   4.12 -16.66   8.71
2024      5     11     06     34     30    000   4.11 -16.65   8.73
2024      5     11     06     35     30    000   4.10 -16.64   8.74
2024      5     11     06     36     30    000   4.10 -16.63   8.76
2024      5     11     06     37     30    000   4.09 -16.62   8.77
2024      5     11     06     38     30    000   4.08 -16.60   8.79
2024      5     11     06     39     30    000   4.08 -16.59   8.80
2024      5     11     06     40     30    000   4.07 -16.58   8.82
2024      5     11     06     41     30    000   4.06 -16.57   8.83
2024      5     11     06     42     30    000   4.06 -16.56   8.85
2024      5     11     06     43     30    000   4.05 -16.55   8.86
2024      5     11     06     44     30    000   4.04 -16.54   8.88
2024      5     11     06     45     30    000   4.04 -16.53   8.89
2024      5     11     06     46     30    000   4.03 -16.52   8.91
2024      5     11     06     47     30    000   4.02 -16.51   8.92
2024      5     11     06     48     30    000   4.02 -16.50   8.94
2024      5     11     06     49     30    000   4.01 -16.49   8.95
2024      5     11     06     50     30    000   4.00 -16.47   8.97
2024      5     11     06     51     30    000   4.00 -16.46   8.98
2024      5     11     06     52     30    000   3.99 -16.45   9.00
2024      5     11     06     53     30    000   3.98 -16.44   9.01
2024      5     11     06     54     30    000   3.97 -16.43   9.03
2024      5     11     06     55     30    000   3.97 -16.42   9.04
2024      5     11     06     56     30    000   3.96 -16.41   9.06
2024      5     11     06     57     30    000   3.95 -16.40   9.07
2024      5     11     06     58     30    000   3.95 -16.39   9.08
2024      5     11     06     59     30    000   3.94 -16.38   9.10
2024      5     11     07     00     30    000   3.93 -16.36   9.11
2024      5     11     07     01     30    000   3.93 -16.35   9.13
2024      5     11     07     02     30    000   3.92 -16.34   9.14
2024      5     11     07     03     30    000   3.91 -16.33   9.15
2024      5     11     07     04     30    000   3.91 -16.32   9.17
2024      5     11     07     05     30    000   3.90 -16.31   9.18
2024      5     11     07     06     30    000   3.89 -16.30   9.20
2024      5     11     07     07     30    000   3.89 -16.29   9.21
2024      5     11     07     08     30    000   3.88 -16.28   9.22
2024      5     11     07     09     30    000   3.87 -16.26   9.24
2024      5     11     07     10     30    000   3.87 -16.25   9.25
2024      5     11     07     11     30    000   3.86 -16.24   9.27
2024      5     11     07     12     30    000   3.85 -16.23   9.28
2024      5     11     07     13     30    000   3.85 -16.22   9.29
2024      5     11     07     14     30    000   3.84 -16.21   9.31
2024      5     11     07     15     30    000   3.83 -16.20   9.32
2024      5     11     07     16     30    000   3.82 -16.19   9.33
2024      5     11     07     17     30    000   3.82 -16.18   9.35
2024      5     11     07     18     30    000   3.81 -16.16   9.36
2024      5     11     07     19     30    000   3.80 -16.15   9.37
2024      5     11     07     20     30    000   3.80 -16.14   9.39
2024      5     11     07     21     30    000   3.79 -16.13   9.40
2024      5     11     07     22     30    000   3.78 -16.12   9.41
2024      5     11     07     23     30    000   3.78 -16.11   9.43
2024      5     11     07     24     30    000   3.77 -16.10   9.44
2024      5     11     07     25     30    000   3.76 -16.09   9.45
2024      5     11     07     26     30    000   3.76 -16.08   9.47
2024      5     11     07     27     30    000   3.75 -16.06   9.48
2024      5     11     07     28     30    000   3.74 -16.05   9.49
2024      5     11     07     29     30    000   3.73 -16.04   9.51
2024      5     11     07     30     30    000   3.73 -16.03   9.52
2024      5     11     07     31     30    000   3.72 -16.02   9.53
2024      5     11     07     32     30    000   3.71 -16.01   9.54
2024      5     11     07     33     30    000   3.71 -16.00   9.56
2024      5     11     07     34     30    000   3.70 -15.99   9.57
2024      5     11     07     35     30    000   3.69 -15.97   9.58
2024      5     11     07     36     30    000   3.69 -15.96   9.60
2024      5     11     07     37     30    000   3.68 -15.95   9.61
2024      5     11     07     38     30    000   3.67 -15.94   9.62
2024      5     11     07     39     30    000   3.67 -15.93   9.63
2024      5     11     07     40     30    000   3.66 -15.92   9.65
2024      5     11     07     41     30    000   3.65 -15.91   9.66
2024      5     11     07     42     30    000   3.64 -15.89   9.67
2024      5     11     07     43     30    000   3.64 -15.88   9.68
2024      5     11     07     44     30    000   3.63 -15.87   9.69
2024      5     11     07     45     30    000   3.62 -15.86   9.71
2024      5     11     07     46     30    000   3.62 -15.85   9.72
2024      5     11     07     47     30    000   3.61 -15.84   9.73
2024      5     11     07     48     30    000   3.60 -15.83   9.74
2024      5     11     07     49     30    000   3.60 -15.82   9.76
2024      5     11     07     50     30    000   3.59 -15.80   9.77
2024      5     11     07     51     30    000   3.58 -15.79   9.78
2024      5     11     07     52     30    000   3.58 -15.78   9.79
2024      5     11     07     53     30    000   3.57 -15.77   9.80
2024      5     11     07     54     30    000   3.56 -15.76   9.81
2024      5     11     07     55     30    000   3.55 -15.75   9.83
2024      5     11     07     56     30    000   3.55 -15.74   9.84
2024      5     11     07     57     30    000   3.54 -15.73   9.85
2024      5     11     07     58     30    000   3.53 -15.71   9.86
2024      5     11     07     59     30    000   3.53 -15.70   9.87
2024      5     11     08     00     30    000   3.52 -15.69   9.88
2024      5     11     08     01     30    000   3.51 -15.68   9.90
2024      5     11     08     02     30    000   3.51 -15.67   9.91
2024      5     11     08     03     30    000   3.50 -15.66   9.92
2024      5     11     08     04     30    000   3.49 -15.65   9.93
2024      5     11     08     05     30    000   3.48 -15.63   9.94
2024      5     11     08     06     30    000   3.48 -15.62   9.95
2024      5     11     08     07     30    000   3.47 -15.61   9.96
2024      5     11     08     08     30    000   3.46 -15.60   9.97
2024      5     11     08     09     30    000   3.46 -15.59   9.98
2024      5     11     08     10     30    000   3.45 -15.58  10.00
2024      5     11     08     11     30    000   3.44 -15.57  10.01
2024      5     11     08     12     30    000   3.44 -15.56  10.02
2024      5     11     08     13     30    000   3.43 -15.54  10.03
2024      5     11     08     14     30    000   3.42 -15.53  10.04
2024      5     11     08     15     30    000   3.41 -15.52  10.05
2024      5     11     08     16     30    000   3.41 -15.51  10.06
2024      5     11     08     17     30    000   3.40 -15.50  10.07
2024      5     11     08     18     30    000   3.39 -15.49  10.08
2024      5     11     08     19     30    000   3.39 -15.48  10.09
2024      5     11     08     20     30    000   3.38 -15.47  10.10
2024      5     11     08     21     30    000   3.37 -15.45  10.11
2024      5     11     08     22     30    000   3.37 -15.44  10.12
2024      5     11     08     23     30    000   3.36 -15.43  10.13
2024      5     11     08     24     30    000   3.35 -15.42  10.14
2024      5     11     08     25     30    000   3.34 -15.41  10.15
2024      5     11     08     26     30    000   3.34 -15.40  10.16
2024      5     11     08     27     30    000   3.33 -15.39  10.17
2024      5     11     08     28     30    000   3.32 -15.38  10.18
2024      5     11     08     29     30    000   3.32 -15.36  10.19
2024      5     11     08     30     30    000   3.31 -15.35  10.20
2024      5     11     08     31     30    000   3.30 -15.34  10.21
2024      5     11     08     32     30    000   3.29 -15.33  10.22
2024      5     11     08     33     30    000   3.29 -15.32  10.23
2024      5     11     08     34     30    000   3.28 -15.31  10.24
2024      5     11     08     35     30    000   3.27 -15.30  10.25
2024      5     11     08     36     30    000   3.27 -15.29  10.26
2024      5     11     08     37     30    000   3.26 -15.27  10.27
2024      5     11     08     38     30    000   3.25 -15.26  10.28
2024      5     11     08     39     30    000   3.24 -15.25  10.29
2024      5     11     08     40     30    000   3.24 -15.24  10.30
2024      5     11     08     41     30    000   3.23 -15.23  10.31
2024      5     11     08     42     30    000   3.22 -15.22  10.32
2024      5     11     08     43     30    000   3.22 -15.21  10.33
2024      5     11     08     44     30    000   3.21 -15.20  10.34
2024      5     11     08     45     30    000   3.20 -15.18  10.35
2024      5     11     08     46     30    000   3.20 -15.17  10.35
2024      5     11     08     47     30    000   3.19 -15.16  10.36
2024      5     11     08     48     30    000   3.18 -15.15  10.37
2024      5     11     08     49     30    000   3.17 -15.14  10.38
2024      5     11     08     50     30    000   3.17 -15.13  10.39
2024      5     11     08     51     30    000   3.16 -15.12  10.40
2024      5     11     08     52     30    000   3.15 -15.11  10.41
2024      5     11     08     53     30    000   3.15 -15.10  10.42
2024      5     11     08     54     30    000   3.14 -15.09  10.43
2024      5     11     08     55     30    000   3.13 -15.07  10.43
2024      5     11     08     56     30    000   3.12 -15.06  10.44
2024      5     11     08     57     30    000   3.12 -15.05  10.45
2024      5     11     08     58     30    000   3.11 -15.04  10.46
2024      5     11     08     59     30    000   3.10 -15.03  10.47
2024      5     11     09     00     30    000   3.10 -15.02  10.48
2024      5     11     09     01     30    000   3.09 -15.01  10.48
2024      5     11     09     02     30    000   3.08 -15.00  10.49
2024      5     11     09     03     30    000   3.07 -14.99  10.50
2024      5     11     09     04     30    000   3.07 -14.98  10.51
2024      5     11     09     05     30    000   3.06 -14.96  10.52
2024      5     11     09     06     30    000   3.05 -14.95  10.52
2024      5     11     09     07     30    000   3.05 -14.94  10.53
2024      5     11     09     08     30    000   3.04 -14.93  10.54
2024      5     11     09     09     30    000   3.03 -14.92  10.55
2024      5     11     09     10     30    000   3.02 -14.91  10.56
2024      5     11     09     11     30    000   3.02 -14.90  10.56
2024      5     11     09     12     30    000   3.01 -14.89  10.57
2024      5     11     09     13     30    000   3.00 -14.88  10.58
2024      5     11     09     14     30    000   3.00 -14.87  10.59
2024      5     11     09     15     30    000   2.99 -14.86  10.59
2024      5     11     09     16     30    000   2.98 -14.84  10.60
2024      5     11     09     17     30    000   2.97 -14.83  10.61
2024      5     11     09     18     30    000   2.97 -14.82  10.62
2024      5     11     09     19     30    000   2.96 -14.81  10.62
2024      5     11     09     20     30    000   2.95 -14.80  10.63
2024      5     11     09     21     30    000   2.94 -14.79  10.64
2024      5     11     09     22     30    000   2.94 -14.78  10.64
2024      5     11     09     23     30    000   2.93 -14.77  10.65
2024      5     11     09     24     30    000   2.92 -14.76  10.66
2024      5     11     09     25     30    000   2.92 -14.75  10.66
2024      5     11     09     26     30    000   2.91 -14.74  10.67
2024      5     11     09     27     30    000   2.90 -14.73  10.68
2024      5     11     09     28     30    000   2.89 -14.72  10.69
2024      5     11     09     29     30    000   2.89 -14.71  10.69
2024      5     11     09     30     30    000   2.88 -14.69  10.70
2024      5     11     09     31     30    000   2.87 -14.68  10.71
2024      5     11     09     32     30    000   2.87 -14.67  10.71
2024      5     11     09     33     30    000   2.86 -14.66  10.72
2024      5     11     09     34     30    000   2.85 -14.65  10.72
2024      5     11     09     35     30    000   2.84 -14.64  10.73
2024      5     11     09     36     30    000   2.84 -14.63  10.74
2024      5     11     09     37     30    000   2.83 -14.62  10.74
2024      5     11     09     38     30    000   2.82 -14.61  10.75
2024      5     11     09     39     30    000   2.81 -14.60  10.76
2024      5     11     09     40     30    000   2.81 -14.59  10.76
2024      5     11     09     41     30    000   2.80 -14.58  10.77
2024      5     11     09     42     30    000   2.79 -14.57  10.77
2024      5     11     09     43     30    000   2.79 -14.56  10.78
2024      5     11     09     44     30    000   2.78 -14.55  10.79
2024      5     11     09     45     30    000   2.77 -14.54  10.79
2024      5     11     09     46     30    000   2.76 -14.53  10.80
2024      5     11     09     47     30    000   2.76 -14.52  10.80
2024      5     11     09     48     30    000   2.75 -14.51  10.81
2024      5     11     09     49     30    000   2.74 -14.50  10.81
2024      5     11     09     50     30    000   2.73 -14.48  10.82
2024      5     11     09     51     30    000   2.73 -14.47  10.83
2024      5     11     09     52     30    000   2.72 -14.46  10.83
2024      5     11     09     53     30    000   2.71 -14.45  10.84
2024      5     11     09     54     30    000   2.71 -14.44  10.84
2024      5     11     09     55     30    000   2.70 -14.43  10.85
2024      5     11     09     56     30    000   2.69 -14.42  10.85
2024      5     11     09     57     30    000   2.68 -14.41  10.86
2024      5     11     09     58     30    000   2.68 -14.40  10.86
2024      5     11     09     59     30    000   2.67 -14.39  10.87
2024      5     11     10     00     30    000   2.66 -14.38  10.87
2024      5     11     10     01     30    000   2.65 -14.37  10.88
2024      5     11     10     02     30    000   2.65 -14.36  10.88
2024      5     11     10     03     30    000   2.64 -14.35  10.89
2024      5     11     10     04     30    000   2.63 -14.34  10.89
2024      5     11     10     05     30    000   2.63 -14.33  10.90
2024      5     11     10     06     30    000   2.62 -14.32  10.90
2024      5     11     10     07     30    000   2.61 -14.31  10.91
2024      5     11     10     08     30    000   2.60 -14.30  10.91
2024      5     11     10     09     30    000   2.60 -14.29  10.91
2024      5     11     10     10     30    000   2.59 -14.28  10.92
2024      5     11     10     11     30    000   2.58 -14.27  10.92
2024      5     11     10     12     30    000   2.57 -14.26  10.93
2024      5     11     10     13     30    000   2.57 -14.25  10.93
2024      5     11     10     14     30    000   2.56 -14.24  10.94
2024      5     11     10     15     30    000   2.55 -14.23  10.94
2024      5     11     10     16     30    000   2.55 -14.22  10.94
2024      5     11     10     17     30    000   2.54 -14.21  10.95
2024      5     11     10     18     30    000   2.53 -14.20  10.95
2024      5     11     10     19     30    000   2.52 -14.19  10.96
2024      5     11     10     20     30    000   2.52 -14.18  10.96
2024      5     11     10     21     30    000   2.51 -14.17  10.96
2024      5     11     10     22     30    000   2.50 -14.16  10.97
2024      5     11     10     23     30    000   2.49 -14.15  10.97
2024      5     11     10     24     30    000   2.49 -14.14  10.97
2024      5     11     10     25     30    000   2.48 -14.13  10.98
2024      5     11     10     26     30    000   2.47 -14.12  10.98
2024      5     11     10     27     30    000   2.46 -14.12  10.98
2024      5     11     10     28     30    000   2.46 -14.11  10.99
2024      5     11     10     29     30    000   2.45 -14.10  10.99
2024      5     11     10     30     30    000   2.44 -14.09  10.99
2024      5     11     10     31     30    000   2.43 -14.08  11.00
2024      5     11     10     32     30    000   2.43 -14.07  11.00
2024      5     11     10     33     30    000   2.42 -14.06  11.00
2024      5     11     10     34     30    000   2.41 -14.05  11.01
2024      5     11     10     35     30    000   2.41 -14.04  11.01
2024      5     11     10     36     30    000   2.40 -14.03  11.01
2024      5     11     10     37     30    000   2.39 -14.02  11.02
2024      5     11     10     38     30    000   2.38 -14.01  11.02
2024      5     11     10     39     30    000   2.38 -14.00  11.02
2024      5     11     10     40     30    000   2.37 -13.99  11.02
2024      5     11     10     41     30    000   2.36 -13.98  11.03
2024      5     11     10     42     30    000   2.35 -13.97  11.03
2024      5     11     10     43     30    000   2.35 -13.96  11.03
2024      5     11     10     44     30    000   2.34 -13.95  11.04
2024      5     11     10     45     30    000   2.33 -13.94  11.04
2024      5     11     10     46     30    000   2.32 -13.94  11.04
2024      5     11     10     47     30    000   2.32 -13.93  11.04
2024      5     11     10     48     30    000   2.31 -13.92  11.04
2024      5     11     10     49     30    000   2.30 -13.91  11.05
2024      5     11     10     50     30    000   2.29 -13.90  11.05
2024      5     11     10     51     30    000   2.29 -13.89  11.05
2024      5     11     10     52     30    000   2.28 -13.88  11.05
2024      5     11     10     53     30    000   2.27 -13.87  11.06
2024      5     11     10     54     30    000   2.27 -13.86  11.06
2024      5     11     10     55     30    000   2.26 -13.85  11.06
2024      5     11     10     56     30    000   2.25 -13.84  11.06
2024      5     11     10     57     30    000   2.24 -13.83  11.06
2024      5     11     10     58     30    000   2.24 -13.83  11.06
2024      5     11     10     59     30    000   2.23 -13.82  11.07
2024      5     11     11     00     30    000   2.22 -13.81  11.07
2024      5     11     11     01     30    000   2.21 -13.80  11.07
2024      5     11     11     02     30    000   2.21 -13.79  11.07
2024      5     11     11     03     30    000   2.20 -13.78  11.07
2024      5     11     11     04     30    000   2.19 -13.77  11.07
2024      5     11     11     05     30    000   2.18 -13.76  11.08
2024      5     11     11     06     30    000   2.18 -13.75  11.08
2024      5     11     11     07     30    000   2.17 -13.75  11.08
2024      5     11     11     08     30    000   2.16 -13.74  11.08
2024      5     11     11     09     30    000   2.15 -13.73  11.08
2024      5     11     11     10     30    000   2.15 -13.72  11.08
2024      5     11     11     11     30    000   2.14 -13.71  11.08
2024      5     11     11     12     30    000   2.13 -13.70  11.08
2024      5     11     11     13     30    000   2.12 -13.69  11.08
2024      5     11     11     14     30    000   2.12 -13.68  11.09
2024      5     11     11     15     30    000   2.11 -13.68  11.09
2024      5     11     11     16     30    000   2.10 -13.67  11.09
2024      5     11     11     17     30    000   2.09 -13.66  11.09
2024      5     11     11     18     30    000   2.09 -13.65  11.09
2024      5     11     11     19     30    000   2.08 -13.64  11.09
2024      5     11     11     20     30    000   2.07 -13.63  11.09
2024      5     11     11     21     30    000   2.06 -13.62  11.09
2024      5     11     11     22     30    000   2.06 -13.62  11.09
2024      5     11     11     23     30    000   2.05 -13.61  11.09
2024      5     11     11     24     30    000   2.04 -13.60  11.09
2024      5     11     11     25     30    000   2.03 -13.59  11.09
2024      5     11     11     26     30    000   2.03 -13.58  11.09
2024      5     11     11     27     30    000   2.02 -13.57  11.09
2024      5     11     11     28     30    000   2.01 -13.57  11.09
2024      5     11     11     29     30    000   2.00 -13.56  11.09
2024      5     11     11     30     30    000   2.00 -13.55  11.09
2024      5     11     11     31     30    000   1.99 -13.54  11.09
2024      5     11     11     32     30    000   1.98 -13.53  11.09
2024      5     11     11     33     30    000   1.97 -13.52  11.09
2024      5     11     11     34     30    000   1.97 -13.52  11.09
2024      5     11     11     35     30    000   1.96 -13.51  11.09
2024      5     11     11     36     30    000   1.95 -13.50  11.09
2024      5     11     11     37     30    000   1.94 -13.49  11.09
2024      5     11     11     38     30    000   1.94 -13.48  11.09
2024      5     11     11     39     30    000   1.93 -13.47  11.09
2024      5     11     11     40     30    000   1.92 -13.47  11.09
2024      5     11     11     41     30    000   1.92 -13.46  11.09
2024      5     11     11     42     30    000   1.91 -13.45  11.09
2024      5     11     11     43     30    000   1.90 -13.44  11.09
2024      5     11     11     44     30    000   1.89 -13.43  11.09
2024      5     11     11     45     30    000   1.89 -13.43  11.09
2024      5     11     11     46     30    000   1.88 -13.42  11.09
2024      5     11     11     47     30    000   1.87 -13.41  11.08
2024      5     11     11     48     30    000   1.86 -13.40  11.08
2024      5     11     11     49     30    000   1.86 -13.39  11.08
2024      5     11     11     50     30    000   1.85 -13.39  11.08
2024      5     11     11     51     30    000   1.84 -13.38  11.08
2024      5     11     11     52     30    000   1.83 -13.37  11.08
2024      5     11     11     53     30    000   1.82 -13.36  11.08
2024      5     11     11     54     30    000   1.82 -13.36  11.08
2024      5     11     11     55     30    000   1.81 -13.35  11.08
2024      5     11     11     56     30    000   1.80 -13.34  11.07
2024      5     11     11     57     30    000   1.79 -13.33  11.07
2024      5     11     11     58     30    000   1.79 -13.32  11.07
2024      5     11     11     59     30    000   1.78 -13.32  11.07
2024      5     11     12     00     30    000   1.77 -13.31  11.07
2024      5     11     12     01     30    000   1.76 -13.30  11.07
2024      5     11     12     02     30    000   1.76 -13.29  11.07
2024      5     11     12     03     30    000   1.75 -13.29  11.06
2024      5     11     12     04     30    000   1.74 -13.28  11.06
2024      5     11     12     05     30    000   1.73 -13.27  11.06
2024      5     11     12     06     30    000   1.73 -13.26  11.06
2024      5     11     12     07     30    000   1.72 -13.26  11.06
2024      5     11     12     08     30    000   1.71 -13.25  11.05
2024      5     11     12     09     30    000   1.70 -13.24  11.05
2024      5     11     12     10     30    000   1.70 -13.23  11.05
2024      5     11     12     11     30    000   1.69 -13.23  11.05
2024      5     11     12     12     30    000   1.68 -13.22  11.05
2024      5     11     12     13     30    000   1.67 -13.21  11.04
2024      5     11     12     14     30    000   1.67 -13.20  11.04
2024      5     11     12     15     30    000   1.66 -13.20  11.04
2024      5     11     12     16     30    000   1.65 -13.19  11.04
2024      5     11     12     17     30    000   1.64 -13.18  11.03
2024      5     11     12     18     30    000   1.64 -13.17  11.03
2024      5     11     12     19     30    000   1.63 -13.17  11.03
2024      5     11     12     20     30    000   1.62 -13.16  11.03
2024      5     11     12     21     30    000   1.61 -13.15  11.02
2024      5     11     12     22     30    000   1.61 -13.15  11.02
2024      5     11     12     23     30    000   1.60 -13.14  11.02
2024      5     11     12     24     30    000   1.59 -13.13  11.02
2024      5     11     12     25     30    000   1.58 -13.12  11.01
2024      5     11     12     26     30    000   1.58 -13.12  11.01
2024      5     11     12     27     30    000   1.57 -13.11  11.01
2024      5     11     12     28     30    000   1.56 -13.10  11.00
2024      5     11     12     29     30    000   1.55 -13.10  11.00
2024      5     11     12     30     30    000   1.55 -13.09  11.00
2024      5     11     12     31     30    000   1.54 -13.08  11.00
2024      5     11     12     32     30    000   1.53 -13.07  10.99
2024      5     11     12     33     30    000   1.52 -13.07  10.99
2024      5     11     12     34     30    000   1.52 -13.06  10.99
2024      5     11     12     35     30    000   1.51 -13.05  10.98
2024      5     11     12     36     30    000   1.50 -13.05  10.98
2024      5     11     12     37     30    000   1.49 -13.04  10.98
2024      5     11     12     38     30    000   1.49 -13.03  10.97
2024      5     11     12     39     30    000   1.48 -13.03  10.97
2024      5     11     12     40     30    000   1.47 -13.02  10.97
2024      5     11     12     41     30    000   1.46 -13.01  10.96
2024      5     11     12     42     30    000   1.45 -13.00  10.96
2024      5     11     12     43     30    000   1.45 -13.00  10.96
2024      5     11     12     44     30    000   1.44 -12.99  10.95
2024      5     11     12     45     30    000   1.43 -12.98  10.95
2024      5     11     12     46     30    000   1.42 -12.98  10.94
2024      5     11     12     47     30    000   1.42 -12.97  10.94
2024      5     11     12     48     30    000   1.41 -12.96  10.94
2024      5     11     12     49     30    000   1.40 -12.96  10.93
2024      5     11     12     50     30    000   1.39 -12.95  10.93
2024      5     11     12     51     30    000   1.39 -12.94  10.92
2024      5     11     12     52     30    000   1.38 -12.94  10.92
2024      5     11     12     53     30    000   1.37 -12.93  10.92
2024      5     11     12     54     30    000   1.36 -12.92  10.91
2024      5     11     12     55     30    000   1.36 -12.92  10.91
2024      5     11     12     56     30    000   1.35 -12.91  10.90
2024      5     11     12     57     30    000   1.34 -12.90  10.90
2024      5     11     12     58     30    000   1.33 -12.90  10.90
2024      5     11     12     59     30    000   1.33 -12.89  10.89
2024      5     11     13     00     30    000   1.32 -12.88  10.89
2024      5     11     13     01     30    000   1.31 -12.88  10.88
2024      5     11     13     02     30    000   1.30 -12.87  10.88
2024      5     11     13     03     30    000   1.30 -12.87  10.87
2024      5     11     13     04     30    000   1.29 -12.86  10.87
2024      5     11     13     05     30    000   1.28 -12.85  10.86
2024      5     11     13     06     30    000   1.27 -12.85  10.86
2024      5     11     13     07     30    000   1.26 -12.84  10.85
2024      5     11     13     08     30    000   1.26 -12.83  10.85
2024      5     11     13     09     30    000   1.25 -12.83  10.84
2024      5     11     13     10     30    000   1.24 -12.82  10.84
2024      5     11     13     11     30    000   1.23 -12.81  10.83
2024      5     11     13     12     30    000   1.23 -12.81  10.83
2024      5     11     13     13     30    000   1.22 -12.80  10.82
2024      5     11     13     14     30    000   1.21 -12.79  10.82
2024      5     11     13     15     30    000   1.20 -12.79  10.81
2024      5     11     13     16     30    000   1.20 -12.78  10.81
2024      5     11     13     17     30    000   1.19 -12.78  10.80
2024      5     11     13     18     30    000   1.18 -12.77  10.80
2024      5     11     13     19     30    000   1.17 -12.76  10.79
2024      5     11     13     20     30    000   1.17 -12.76  10.79
2024      5     11     13     21     30    000   1.16 -12.75  10.78
2024      5     11     13     22     30    000   1.15 -12.74  10.78
2024      5     11     13     23     30    000   1.14 -12.74  10.77
2024      5     11     13     24     30    000   1.13 -12.73  10.77
2024      5     11     13     25     30    000   1.13 -12.73  10.76
2024      5     11     13     26     30    000   1.12 -12.72  10.76
2024      5     11     13     27     30    000   1.11 -12.71  10.75
2024      5     11     13     28     30    000   1.10 -12.71  10.75
2024      5     11     13     29     30    000   1.10 -12.70  10.74
2024      5     11     13     30     30    000   1.09 -12.70  10.73
2024      5     11     13     31     30    000   1.08 -12.69  10.73
2024      5     11     13     32     30    000   1.07 -12.68  10.72
2024      5     11     13     33     30    000   1.07 -12.68  10.72
2024      5     11     13     34     30    000   1.06 -12.67  10.71
2024      5     11     13     35     30    000   1.05 -12.67  10.70
2024      5     11     13     36     30    000   1.04 -12.66  10.70
2024      5     11     13     37     30    000   1.04 -12.65  10.69
2024      5     11     13     38     30    000   1.03 -12.65  10.69
2024      5     11     13     39     30    000   1.02 -12.64  10.68
2024      5     11     13     40     30    000   1.01 -12.64  10.67
2024      5     11     13     41     30    000   1.00 -12.63  10.67
2024      5     11     13     42     30    000   1.00 -12.62  10.66
2024      5     11     13     43     30    000   0.99 -12.62  10.66
2024      5     11     13     44     30    000   0.98 -12.61  10.65
2024      5     11     13     45     30    000   0.97 -12.61  10.64
2024      5     11     13     46     30    000   0.97 -12.60  10.64
2024      5     11     13     47     30    000   0.96 -12.59  10.63
2024      5     11     13     48     30    000   0.95 -12.59  10.62
2024      5     11     13     49     30    000   0.94 -12.58  10.62
2024      5     11     13     50     30    000   0.94 -12.58  10.61
2024      5     11     13     51     30    000   0.93 -12.57  10.60
2024      5     11     13     52     30    000   0.92 -12.56  10.60
2024      5     11     13     53     30    000   0.91 -12.56  10.59
2024      5     11     13     54     30    000   0.91 -12.55  10.59
2024      5     11     13     55     30    000   0.90 -12.55  10.58
2024      5     11     13     56     30    000   0.89 -12.54  10.57
2024      5     11     13     57     30    000   0.88 -12.53  10.57
2024      5     11     13     58     30    000   0.87 -12.53  10.56
2024      5     11     13     59     30    000   0.87 -12.52  10.55
2024      5     11     14     00     30    000   0.86 -12.52  10.54
2024      5     11     14     01     30    000   0.85 -12.51  10.54
2024      5     11     14     02     30    000   0.84 -12.51  10.53
2024      5     11     14     03     30    000   0.84 -12.50  10.52
2024      5     11     14     04     30    000   0.83 -12.49  10.52
2024      5     11     14     05     30    000   0.82 -12.49  10.51
2024      5     11     14     06     30    000   0.81 -12.48  10.50
2024      5     11     14     07     30    000   0.81 -12.48  10.50
2024      5     11     14     08     30    000   0.80 -12.47  10.49
2024      5     11     14     09     30    000   0.79 -12.47  10.48
2024      5     11     14     10     30    000   0.78 -12.46  10.47
2024      5     11     14     11     30    000   0.77 -12.45  10.47
2024      5     11     14     12     30    000   0.77 -12.45  10.46
2024      5     11     14     13     30    000   0.76 -12.44  10.45
2024      5     11     14     14     30    000   0.75 -12.44  10.45
2024      5     11     14     15     30    000   0.74 -12.43  10.44
2024      5     11     14     16     30    000   0.74 -12.43  10.43
2024      5     11     14     17     30    000   0.73 -12.42  10.42
2024      5     11     14     18     30    000   0.72 -12.41  10.42
2024      5     11     14     19     30    000   0.71 -12.41  10.41
2024      5     11     14     20     30    000   0.71 -12.40  10.40
2024      5     11     14     21     30    000   0.70 -12.40  10.39
2024      5     11     14     22     30    000   0.69 -12.39  10.39
2024      5     11     14     23     30    000   0.68 -12.39  10.38
2024      5     11     14     24     30    000   0.67 -12.38  10.37
2024      5     11     14     25     30    000   0.67 -12.37  10.36
2024      5     11     14     26     30    000   0.66 -12.37  10.35
2024      5     11     14     27     30    000   0.65 -12.36  10.35
2024      5     11     14     28     30    000   0.64 -12.36  10.34
2024      5     11     14     29     30    000   0.64 -12.35  10.33
2024      5     11     14     30     30    000   0.63 -12.35  10.32
2024      5     11     14     31     30    000   0.62 -12.34  10.32
2024      5     11     14     32     30    000   0.61 -12.33  10.31
2024      5     11     14     33     30    000   0.61 -12.33  10.30
2024      5     11     14     34     30    000   0.60 -12.32  10.29
2024      5     11     14     35     30    000   0.59 -12.32  10.28
2024      5     11     14     36     30    000   0.58 -12.31  10.28
2024      5     11     14     37     30    000   0.57 -12.31  10.27
2024      5     11     14     38     30    000   0.57 -12.30  10.26
2024      5     11     14     39     30    000   0.56 -12.29  10.25
2024      5     11     14     40     30    000   0.55 -12.29  10.24
2024      5     11     14     41     30    000   0.54 -12.28  10.24
2024      5     11     14     42     30    000   0.54 -12.28  10.23
2024      5     11     14     43     30    000   0.53 -12.27  10.22
2024      5     11     14     44     30    000   0.52 -12.27  10.21
2024      5     11     14     45     30    000   0.51 -12.26  10.20
2024      5     11     14     46     30    000   0.51 -12.26  10.19
2024      5     11     14     47     30    000   0.50 -12.25  10.19
2024      5     11     14     48     30    000   0.49 -12.24  10.18
2024      5     11     14     49     30    000   0.48 -12.24  10.17
2024      5     11     14     50     30    000   0.47 -12.23  10.16
2024      5     11     14     51     30    000   0.47 -12.23  10.15
2024      5     11     14     52     30    000   0.46 -12.22  10.14
2024      5     11     14     53     30    000   0.45 -12.22  10.14
2024      5     11     14     54     30    000   0.44 -12.21  10.13
2024      5     11     14     55     30    000   0.44 -12.20  10.12
2024      5     11     14     56     30    000   0.43 -12.20  10.11
2024      5     11     14     57     30    000   0.42 -12.19  10.10
2024      5     11     14     58     30    000   0.41 -12.19  10.09
2024      5     11     14     59     30    000   0.41 -12.18  10.08
2024      5     11     15     00     30    000   0.40 -12.18  10.08
2024      5     11     15     01     30    000   0.39 -12.17  10.07
2024      5     11     15     02     30    000   0.38 -12.16  10.06
2024      5     11     15     03     30    000   0.37 -12.16  10.05
2024      5     11     15     04     30    000   0.37 -12.15  10.04
2024      5     11     15     05     30    000   0.36 -12.15  10.03
2024      5     11     15     06     30    000   0.35 -12.14  10.02
2024      5     11     15     07     30    000   0.34 -12.14  10.01
2024      5     11     15     08     30    000   0.34 -12.13  10.01
2024      5     11     15     09     30    000   0.33 -12.12  10.00
2024      5     11     15     10     30    000   0.32 -12.12   9.99
2024      5     11     15     11     30    000   0.31 -12.11   9.98
2024      5     11     15     12     30    000   0.30 -12.11   9.97
2024      5     11     15     13     30    000   0.30 -12.10   9.96
2024      5     11     15     14     30    000   0.29 -12.09   9.95
2024      5     11     15     15     30    000   0.28 -12.09   9.94
2024      5     11     15     16     30    000   0.27 -12.08   9.93
2024      5     11     15     17     30    000   0.27 -12.08   9.92
2024      5     11     15     18     30    000   0.26 -12.07   9.92
2024      5     11     15     19     30    000   0.25 -12.07   9.91
2024      5     11     15     20     30    000   0.24 -12.06   9.90
2024      5     11     15     21     30    000   0.24 -12.05   9.89
2024      5     11     15     22     30    000   0.23 -12.05   9.88
2024      5     11     15     23     30    000   0.22 -12.04   9.87
2024      5     11     15     24     30    000   0.21 -12.04   9.86
2024      5     11     15     25     30    000   0.20 -12.03   9.85
2024      5     11     15     26     30    000   0.20 -12.02   9.84
2024      5     11     15     27     30    000   0.19 -12.02   9.83
2024      5     11     15     28     30    000   0.18 -12.01   9.82
2024      5     11     15     29     30    000   0.17 -12.01   9.81
2024      5     11     15     30     30    000   0.17 -12.00   9.81
2024      5     11     15     31     30    000   0.16 -11.99   9.80
2024      5     11     15     32     30    000   0.15 -11.99   9.79
2024      5     11     15     33     30    000   0.14 -11.98   9.78
2024      5     11     15     34     30    000   0.14 -11.98   9.77
2024      5     11     15     35     30    000   0.13 -11.97   9.76
2024      5     11     15     36     30    000   0.12 -11.96   9.75
2024      5     11     15     37     30    000   0.11 -11.96   9.74
2024      5     11     15     38     30    000   0.10 -11.95   9.73
2024      5     11     15     39     30    000   0.10 -11.95   9.72
2024      5     11     15     40     30    000   0.09 -11.94   9.71
2024      5     11     15     41     30    000   0.08 -11.93   9.70
2024      5     11     15     42     30    000   0.07 -11.93   9.69
2024      5     11     15     43     30    000   0.07 -11.92   9.68
2024      5     11     15     44     30    000   0.06 -11.92   9.67
2024      5     11     15     45     30    000   0.05 -11.91   9.66
2024      5     11     15     46     30    000   0.04 -11.90   9.66
2024      5     11     15     47     30    000   0.03 -11.90   9.65
2024      5     11     15     48     30    000   0.03 -11.89   9.64
2024      5     11     15     49     30    000   0.02 -11.88   9.63
2024      5     11     15     50     30    000   0.01 -11.88   9.62
2024      5     11     15     51     30    000   0.00 -11.87   9.61
2024      5     11     15     52     30    000  -0.00 -11.87   9.60
2024      5     11     15     53     30    000  -0.01 -11.86   9.59
2024      5     11     15     54     30    000  -0.02 -11.85   9.58
2024      5     11     15     55     30    000  -0.03 -11.85   9.57
2024      5     11     15     56     30    000  -0.03 -11.84   9.56
2024      5     11     15     57     30    000  -0.04 -11.83   9.55
2024      5     11     15     58     30    000  -0.05 -11.83   9.54
2024      5     11     15     59     30    000  -0.06 -11.82   9.53
2024      5     11     16     00     30    000  -0.07 -11.81   9.52
2024      5     11     16     01     30    000  -0.07 -11.81   9.51
2024      5     11     16     02     30    000  -0.08 -11.80   9.50
2024      5     11     16     03     30    000  -0.09 -11.79   9.49
2024      5     11     16     04     30    000  -0.10 -11.79   9.48
2024      5     11     16     05     30    000  -0.10 -11.78   9.47
2024      5     11     16     06     30    000  -0.11 -11.78   9.46
2024      5     11     16     07     30    000  -0.12 -11.77   9.45
2024      5     11     16     08     30    000  -0.13 -11.76   9.44
2024      5     11     16     09     30    000  -0.13 -11.76   9.43
2024      5     11     16     10     30    000  -0.14 -11.75   9.42
2024      5     11     16     11     30    000  -0.15 -11.74   9.41
2024      5     11     16     12     30    000  -0.16 -11.74   9.40
2024      5     11     16     13     30    000  -0.17 -11.73   9.39
2024      5     11     16     14     30    000  -0.17 -11.72   9.38
2024      5     11     16     15     30    000  -0.18 -11.72   9.37
2024      5     11     16     16     30    000  -0.19 -11.71   9.36
2024      5     11     16     17     30    000  -0.20 -11.70   9.36
2024      5     11     16     18     30    000  -0.20 -11.70   9.35
2024      5     11     16     19     30    000  -0.21 -11.69   9.34
2024      5     11     16     20     30    000  -0.22 -11.68   9.33
2024      5     11     16     21     30    000  -0.23 -11.67   9.32
2024      5     11     16     22     30    000  -0.23 -11.67   9.31
2024      5     11     16     23     30    000  -0.24 -11.66   9.30
2024      5     11     16     24     30    000  -0.25 -11.65   9.29
2024      5     11     16     25     30    000  -0.26 -11.65   9.28
2024      5     11     16     26     30    000  -0.27 -11.64   9.27
2024      5     11     16     27     30    000  -0.27 -11.63   9.26
2024      5     11     16     28     30    000  -0.28 -11.63   9.25
2024      5     11     16     29     30    000  -0.29 -11.62   9.24
2024      5     11     16     30     30    000  -0.30 -11.61   9.23
2024      5     11     16     31     30    000  -0.30 -11.60   9.22
2024      5     11     16     32     30    000  -0.31 -11.60   9.21
2024      5     11     16     33     30    000  -0.32 -11.59   9.20
2024      5     11     16     34     30    000  -0.33 -11.58   9.19
2024      5     11     16     35     30    000  -0.33 -11.58   9.18
2024      5     11     16     36     30    000  -0.34 -11.57   9.17
2024      5     11     16     37     30    000  -0.35 -11.56   9.16
2024      5     11     16     38     30    000  -0.36 -11.55   9.15
2024      5     11     16     39     30    000  -0.37 -11.55   9.14
2024      5     11     16     40     30    000  -0.37 -11.54   9.13
2024      5     11     16     41     30    000  -0.38 -11.53   9.12
2024      5     11     16     42     30    000  -0.39 -11.52   9.11
2024      5     11     16     43     30    000  -0.40 -11.52   9.10
2024      5     11     16     44     30    000  -0.40 -11.51   9.09
2024      5     11     16     45     30    000  -0.41 -11.50   9.08
2024      5     11     16     46     30    000  -0.42 -11.49   9.07
2024      5     11     16     47     30    000  -0.43 -11.49   9.06
2024      5     11     16     48     30    000  -0.43 -11.48   9.05
2024      5     11     16     49     30    000  -0.44 -11.47   9.04
2024      5     11     16     50     30    000  -0.45 -11.46   9.03
2024      5     11     16     51     30    000  -0.46 -11.46   9.02
2024      5     11     16     52     30    000  -0.47 -11.45   9.01
2024      5     11     16     53     30    000  -0.47 -11.44   9.00
2024      5     11     16     54     30    000  -0.48 -11.43   8.99
2024      5     11     16     55     30    000  -0.49 -11.43   8.98
2024      5     11     16     56     30    000  -0.50 -11.42   8.97
2024      5     11     16     57     30    000  -0.50 -11.41   8.96
2024      5     11     16     58     30    000  -0.51 -11.40   8.95
2024      5     11     16     59     30    000  -0.52 -11.39   8.94
2024      5     11     17     00     30    000  -0.53 -11.39   8.93
2024      5     11     17     01     30    000  -0.53 -11.38   8.92
2024      5     11     17     02     30    000  -0.54 -11.37   8.91
2024      5     11     17     03     30    000  -0.55 -11.36   8.90
2024      5     11     17     04     30    000  -0.56 -11.35   8.89
2024      5     11     17     05     30    000  -0.56 -11.35   8.88
2024      5     11     17     06     30    000  -0.57 -11.34   8.87
2024      5     11     17     07     30    000  -0.58 -11.33   8.86
2024      5     11     17     08     30    000  -0.59 -11.32   8.85
2024      5     11     17     09     30    000  -0.60 -11.31   8.84
2024      5     11     17     10     30    000  -0.60 -11.30   8.83
2024      5     11     17     11     30    000  -0.61 -11.30   8.82
2024      5     11     17     12     30    000  -0.62 -11.29   8.81
2024      5     11     17     13     30    000  -0.63 -11.28   8.80
2024      5     11     17     14     30    000  -0.63 -11.27   8.79
2024      5     11     17     15     30    000  -0.64 -11.26   8.78
2024      5     11     17     16     30    000  -0.65 -11.25   8.77
2024      5     11     17     17     30    000  -0.66 -11.25   8.77
2024      5     11     17     18     30    000  -0.66 -11.24   8.76
2024      5     11     17     19     30    000  -0.67 -11.23   8.75
2024      5     11     17     20     30    000  -0.68 -11.22   8.74
2024      5     11     17     21     30    000  -0.69 -11.21   8.73
2024      5     11     17     22     30    000  -0.69 -11.20   8.72
2024      5     11     17     23     30    000  -0.70 -11.19   8.71
2024      5     11     17     24     30    000  -0.71 -11.19   8.70
2024      5     11     17     25     30    000  -0.72 -11.18   8.69
2024      5     11     17     26     30    000  -0.72 -11.17   8.68
2024      5     11     17     27     30    000  -0.73 -11.16   8.67
2024      5     11     17     28     30    000  -0.74 -11.15   8.66
2024      5     11     17     29     30    000  -0.75 -11.14   8.65
2024      5     11     17     30     30    000  -0.76 -11.13   8.64
2024      5     11     17     31     30    000  -0.76 -11.12   8.63
2024      5     11     17     32     30    000  -0.77 -11.11   8.62
2024      5     11     17     33     30    000  -0.78 -11.10   8.61
2024      5     11     17     34     30    000  -0.79 -11.10   8.60
2024      5     11     17     35     30    000  -0.79 -11.09   8.59
2024      5     11     17     36     30    000  -0.80 -11.08   8.58
2024      5     11     17     37     30    000  -0.81 -11.07   8.57
2024      5     11     17     38     30    000  -0.82 -11.06   8.56
2024      5     11     17     39     30    000  -0.82 -11.05   8.55
2024      5     11     17     40     30    000  -0.83 -11.04   8.54
2024      5     11     17     41     30    000  -0.84 -11.03   8.53
2024      5     11     17     42     30    000  -0.85 -11.02   8.53
2024      5     11     17     43     30    000  -0.85 -11.01   8.52
2024      5     11     17     44     30    000  -0.86 -11.00   8.51
2024      5     11     17     45     30    000  -0.87 -10.99   8.50
2024      5     11     17     46     30    000  -0.88 -10.98   8.49
2024      5     11     17     47     30    000  -0.88 -10.97   8.48
2024      5     11     17     48     30    000  -0.89 -10.96   8.47
2024      5     11     17     49     30    000  -0.90 -10.95   8.46
2024      5     11     17     50     30    000  -0.91 -10.94   8.45
2024      5     11     17     51     30    000  -0.91 -10.93   8.44
2024      5     11     17     52     30    000  -0.92 -10.92   8.43
2024      5     11     17     53     30    000  -0.93 -10.91   8.42
2024      5     11     17     54     30    000  -0.94 -10.90   8.41
2024      5     11     17     55     30    000  -0.95 -10.89   8.40
2024      5     11     17     56     30    000  -0.95 -10.88   8.39
2024      5     11     17     57     30    000  -0.96 -10.87   8.38
2024      5     11     17     58     30    000  -0.97 -10.86   8.38
2024      5     11     17     59     30    000  -0.98 -10.85   8.37
2024      5     11     18     00     30    000  -0.98 -10.84   8.36
2024      5     11     18     01     30    000  -0.99 -10.83   8.35
2024      5     11     18     02     30    000  -1.00 -10.82   8.34
2024      5     11     18     03     30    000  -1.01 -10.81   8.33
2024      5     11     18     04     30    000  -1.01 -10.80   8.32
2024      5     11     18     05     30    000  -1.02 -10.79   8.31
2024      5     11     18     06     30    000  -1.03 -10.78   8.30
2024      5     11     18     07     30    000  -1.04 -10.77   8.29
2024      5     11     18     08     30    000  -1.04 -10.76   8.28
2024      5     11     18     09     30    000  -1.05 -10.75   8.27
2024      5     11     18     10     30    000  -1.06 -10.74   8.27
2024      5     11     18     11     30    000  -1.07 -10.73   8.26
2024      5     11     18     12     30    000  -1.07 -10.72   8.25
2024      5     11     18     13     30    000  -1.08 -10.71   8.24
2024      5     11     18     14     30    000  -1.09 -10.70   8.23
2024      5     11     18     15     30    000  -1.10 -10.69   8.22
2024      5     11     18     16     30    000  -1.10 -10.68   8.21
2024      5     11     18     17     30    000  -1.11 -10.67   8.20
2024      5     11     18     18     30    000  -1.12 -10.65   8.19
2024      5     11     18     19     30    000  -1.13 -10.64   8.19
2024      5     11     18     20     30    000  -1.13 -10.63   8.18
2024      5     11     18     21     30    000  -1.14 -10.62   8.17
2024      5     11     18     22     30    000  -1.15 -10.61   8.16
2024      5     11     18     23     30    000  -1.16 -10.60   8.15
2024      5     11     18     24     30    000  -1.16 -10.59   8.14
2024      5     11     18     25     30    000  -1.17 -10.58   8.13
2024      5     11     18     26     30    000  -1.18 -10.57   8.12
2024      5     11     18     27     30    000  -1.19 -10.55   8.11
2024      5     11     18     28     30    000  -1.19 -10.54   8.11
2024      5     11     18     29     30    000  -1.20 -10.53   8.10
2024      5     11     18     30     30    000  -1.21 -10.52   8.09
2024      5     11     18     31     30    000  -1.22 -10.51   8.08
2024      5     11     18     32     30    000  -1.22 -10.50   8.07
2024      5     11     18     33     30    000  -1.23 -10.48   8.06
2024      5     11     18     34     30    000  -1.24 -10.47   8.05
2024      5     11     18     35     30    000  -1.25 -10.46   8.05
2024      5     11     18     36     30    000  -1.25 -10.45   8.04
2024      5     11     18     37     30    000  -1.26 -10.44   8.03
2024      5     11     18     38     30    000  -1.27 -10.43   8.02
2024      5     11     18     39     30    000  -1.28 -10.41   8.01
2024      5     11     18     40     30    000  -1.28 -10.40   8.00
2024      5     11     18     41     30    000  -1.29 -10.39   7.99
2024      5     11     18     42     30    000  -1.30 -10.38   7.99
2024      5     11     18     43     30    000  -1.30 -10.37   7.98
2024      5     11     18     44     30    000  -1.31 -10.35   7.97
2024      5     11     18     45     30    000  -1.32 -10.34   7.96
2024      5     11     18     46     30    000  -1.33 -10.33   7.95
2024      5     11     18     47     30    000  -1.33 -10.32   7.94
2024      5     11     18     48     30    000  -1.34 -10.30   7.94
2024      5     11     18     49     30    000  -1.35 -10.29   7.93
2024      5     11     18     50     30    000  -1.36 -10.28   7.92
2024      5     11     18     51     30    000  -1.36 -10.27   7.91
2024      5     11     18     52     30    000  -1.37 -10.25   7.90
2024      5     11     18     53     30    000  -1.38 -10.24   7.89
2024      5     11     18     54     30    000  -1.39 -10.23   7.89
2024      5     11     18     55     30    000  -1.39 -10.22   7.88
2024      5     11     18     56     30    000  -1.40 -10.20   7.87
2024      5     11     18     57     30    000  -1.41 -10.19   7.86
2024      5     11     18     58     30    000  -1.42 -10.18   7.85
2024      5     11     18     59     30    000  -1.42 -10.17   7.85
2024      5     11     19     00     30    000  -1.43 -10.15   7.84
2024      5     11     19     01     30    000  -1.44 -10.14   7.83
2024      5     11     19     02     30    000  -1.44 -10.13   7.82
2024      5     11     19     03     30    000  -1.45 -10.11   7.81
2024      5     11     19     04     30    000  -1.46 -10.10   7.81
2024      5     11     19     05     30    000  -1.47 -10.09   7.80
2024      5     11     19     06     30    000  -1.47 -10.07   7.79
2024      5     11     19     07     30    000  -1.48 -10.06   7.78
2024      5     11     19     08     30    000  -1.49 -10.05   7.77
2024      5     11     19     09     30    000  -1.50 -10.03   7.77
2024      5     11     19     10     30    000  -1.50 -10.02   7.76
2024      5     11     19     11     30    000  -1.51 -10.01   7.75
2024      5     11     19     12     30    000  -1.52  -9.99   7.74
2024      5     11     19     13     30    000  -1.53  -9.98   7.73
2024      5     11     19     14     30    000  -1.53  -9.97   7.73
2024      5     11     19     15     30    000  -1.54  -9.95   7.72
2024      5     11     19     16     30    000  -1.55  -9.94   7.71
2024      5     11     19     17     30    000  -1.55  -9.93   7.70
2024      5     11     19     18     30    000  -1.56  -9.91   7.70
2024      5     11     19     19     30    000  -1.57  -9.90   7.69
2024      5     11     19     20     30    000  -1.58  -9.88   7.68
2024      5     11     19     21     30    000  -1.58  -9.87   7.67
2024      5     11     19     22     30    000  -1.59  -9.86   7.66
2024      5     11     19     23     30    000  -1.60  -9.84   7.66
2024      5     11     19     24     30    000  -1.61  -9.83   7.65
2024      5     11     19     25     30    000  -1.61  -9.81   7.64
2024      5     11     19     26     30    000  -1.62  -9.80   7.63
2024      5     11     19     27     30    000  -1.63  -9.78   7.63
2024      5     11     19     28     30    000  -1.63  -9.77   7.62
2024      5     11     19     29     30    000  -1.64  -9.76   7.61
2024      5     11     19     30     30    000  -1.65  -9.74   7.60
2024      5     11     19     31     30    000  -1.66  -9.73   7.60
2024      5     11     19     32     30    000  -1.66  -9.71   7.59
2024      5     11     19     33     30    000  -1.67  -9.70   7.58
2024      5     11     19     34     30    000  -1.68  -9.68   7.58
2024      5     11     19     35     30    000  -1.68  -9.67   7.57
2024      5     11     19     36     30    000  -1.69  -9.65   7.56
2024      5     11     19     37     30    000  -1.70  -9.64   7.55
2024      5     11     19     38     30    000  -1.71  -9.62   7.55
2024      5     11     19     39     30    000  -1.71  -9.61   7.54
2024      5     11     19     40     30    000  -1.72  -9.59   7.53
2024      5     11     19     41     30    000  -1.73  -9.58   7.52
2024      5     11     19     42     30    000  -1.74  -9.56   7.52
2024      5     11     19     43     30    000  -1.74  -9.55   7.51
2024      5     11     19     44     30    000  -1.75  -9.53   7.50
2024      5     11     19     45     30    000  -1.76  -9.52   7.50
2024      5     11     19     46     30    000  -1.76  -9.50   7.49
2024      5     11     19     47     30    000  -1.77  -9.49   7.48
2024      5     11     19     48     30    000  -1.78  -9.47   7.47
2024      5     11     19     49     30    000  -1.79  -9.46   7.47
2024      5     11     19     50     30    000  -1.79  -9.44   7.46
2024      5     11     19     51     30    000  -1.80  -9.43   7.45
2024      5     11     19     52     30    000  -1.81  -9.41   7.45
2024      5     11     19     53     30    000  -1.81  -9.39   7.44
2024      5     11     19     54     30    000  -1.82  -9.38   7.43
2024      5     11     19     55     30    000  -1.83  -9.36   7.43
2024      5     11     19     56     30    000  -1.83  -9.35   7.42
2024      5     11     19     57     30    000  -1.84  -9.33   7.41
2024      5     11     19     58     30    000  -1.85  -9.32   7.41
2024      5     11     19     59     30    000  -1.86  -9.30   7.40
2024      5     11     20     00     30    000  -1.86  -9.28   7.39
2024      5     11     20     01     30    000  -1.87  -9.27   7.38
2024      5     11     20     02     30    000  -1.88  -9.25   7.38
2024      5     11     20     03     30    000  -1.88  -9.23   7.37
2024      5     11     20     04     30    000  -1.89  -9.22   7.36
2024      5     11     20     05     30    000  -1.90  -9.20   7.36
2024      5     11     20     06     30    000  -1.91  -9.19   7.35
2024      5     11     20     07     30    000  -1.91  -9.17   7.34
2024      5     11     20     08     30    000  -1.92  -9.15   7.34
2024      5     11     20     09     30    000  -1.93  -9.14   7.33
2024      5     11     20     10     30    000  -1.93  -9.12   7.32
2024      5     11     20     11     30    000  -1.94  -9.10   7.32
2024      5     11     20     12     30    000  -1.95  -9.09   7.31
2024      5     11     20     13     30    000  -1.95  -9.07   7.30
2024      5     11     20     14     30    000  -1.96  -9.05   7.30
2024      5     11     20     15     30    000  -1.97  -9.04   7.29
2024      5     11     20     16     30    000  -1.97  -9.02   7.29
2024      5     11     20     17     30    000  -1.98  -9.00   7.28
2024      5     11     20     18     30    000  -1.99  -8.98   7.27
2024      5     11     20     19     30    000  -2.00  -8.97   7.27
2024      5     11     20     20     30    000  -2.00  -8.95   7.26
2024      5     11     20     21     30    000  -2.01  -8.93   7.25
2024      5     11     20     22     30    000  -2.02  -8.92   7.25
2024      5     11     20     23     30    000  -2.02  -8.90   7.24
2024      5     11     20     24     30    000  -2.03  -8.88   7.23
2024      5     11     20     25     30    000  -2.04  -8.86   7.23
2024      5     11     20     26     30    000  -2.04  -8.85   7.22
2024      5     11     20     27     30    000  -2.05  -8.83   7.21
2024      5     11     20     28     30    000  -2.06  -8.81   7.21
2024      5     11     20     29     30    000  -2.06  -8.79   7.20
2024      5     11     20     30     30    000  -2.07  -8.78   7.20
2024      5     11     20     31     30    000  -2.08  -8.76   7.19
2024      5     11     20     32     30    000  -2.08  -8.74   7.18
2024      5     11     20     33     30    000  -2.09  -8.72   7.18
2024      5     11     20     34     30    000  -2.10  -8.70   7.17
2024      5     11     20     35     30    000  -2.11  -8.69   7.16
2024      5     11     20     36     30    000  -2.11  -8.67   7.16
2024      5     11     20     37     30    000  -2.12  -8.65   7.15
2024      5     11     20     38     30    000  -2.13  -8.63   7.15
2024      5     11     20     39     30    000  -2.13  -8.61   7.14
2024      5     11     20     40     30    000  -2.14  -8.60   7.13
2024      5     11     20     41     30    000  -2.15  -8.58   7.13
2024      5     11     20     42     30    000  -2.15  -8.56   7.12
2024      5     11     20     43     30    000  -2.16  -8.54   7.12
2024      5     11     20     44     30    000  -2.17  -8.52   7.11
2024      5     11     20     45     30    000  -2.17  -8.50   7.10
2024      5     11     20     46     30    000  -2.18  -8.48   7.10
2024      5     11     20     47     30    000  -2.19  -8.47   7.09
2024      5     11     20     48     30    000  -2.19  -8.45   7.08
2024      5     11     20     49     30    000  -2.20  -8.43   7.08
2024      5     11     20     50     30    000  -2.21  -8.41   7.07
2024      5     11     20     51     30    000  -2.21  -8.39   7.07
2024      5     11     20     52     30    000  -2.22  -8.37   7.06
2024      5     11     20     53     30    000  -2.23  -8.35   7.05
2024      5     11     20     54     30    000  -2.23  -8.33   7.05
2024      5     11     20     55     30    000  -2.24  -8.31   7.04
2024      5     11     20     56     30    000  -2.25  -8.29   7.04
2024      5     11     20     57     30    000  -2.25  -8.27   7.03
2024      5     11     20     58     30    000  -2.26  -8.26   7.03
2024      5     11     20     59     30    000  -2.27  -8.24   7.02
2024      5     11     21     00     30    000  -2.27  -8.22   7.01
2024      5     11     21     01     30    000  -2.28  -8.20   7.01
2024      5     11     21     02     30    000  -2.29  -8.18   7.00
2024      5     11     21     03     30    000  -2.29  -8.16   7.00
2024      5     11     21     04     30    000  -2.30  -8.14   6.99
2024      5     11     21     05     30    000  -2.30  -8.12   6.98
2024      5     11     21     06     30    000  -2.31  -8.10   6.98
2024      5     11     21     07     30    000  -2.32  -8.08   6.97
2024      5     11     21     08     30    000  -2.32  -8.06   6.97
2024      5     11     21     09     30    000  -2.33  -8.04   6.96
2024      5     11     21     10     30    000  -2.34  -8.02   6.95
2024      5     11     21     11     30    000  -2.34  -8.00   6.95
2024      5     11     21     12     30    000  -2.35  -7.98   6.94
2024      5     11     21     13     30    000  -2.36  -7.96   6.94
2024      5     11     21     14     30    000  -2.36  -7.94   6.93
2024      5     11     21     15     30    000  -2.37  -7.92   6.93
2024      5     11     21     16     30    000  -2.38  -7.90   6.92
2024      5     11     21     17     30    000  -2.38  -7.88   6.91
2024      5     11     21     18     30    000  -2.39  -7.86   6.91
2024      5     11     21     19     30    000  -2.40  -7.84   6.90
2024      5     11     21     20     30    000  -2.40  -7.81   6.90
2024      5     11     21     21     30    000  -2.41  -7.79   6.89
2024      5     11     21     22     30    000  -2.41  -7.77   6.88
2024      5     11     21     23     30    000  -2.42  -7.75   6.88
2024      5     11     21     24     30    000  -2.43  -7.73   6.87
2024      5     11     21     25     30    000  -2.43  -7.71   6.87
2024      5     11     21     26     30    000  -2.44  -7.69   6.86
2024      5     11     21     27     30    000  -2.45  -7.67   6.86
2024      5     11     21     28     30    000  -2.45  -7.65   6.85
2024      5     11     21     29     30    000  -2.46  -7.63   6.84
2024      5     11     21     30     30    000  -2.46  -7.60   6.84
2024      5     11     21     31     30    000  -2.47  -7.58   6.83
2024      5     11     21     32     30    000  -2.48  -7.56   6.83
2024      5     11     21     33     30    000  -2.48  -7.54   6.82
2024      5     11     21     34     30    000  -2.49  -7.52   6.82
2024      5     11     21     35     30    000  -2.50  -7.50   6.81
2024      5     11     21     36     30    000  -2.50  -7.48   6.80
2024      5     11     21     37     30    000  -2.51  -7.45   6.80
2024      5     11     21     38     30    000  -2.51  -7.43   6.79
2024      5     11     21     39     30    000  -2.52  -7.41   6.79
2024      5     11     21     40     30    000  -2.53  -7.39   6.78
2024      5     11     21     41     30    000  -2.53  -7.37   6.78
2024      5     11     21     42     30    000  -2.54  -7.34   6.77
2024      5     11     21     43     30    000  -2.54  -7.32   6.76
2024      5     11     21     44     30    000  -2.55  -7.30   6.76
2024      5     11     21     45     30    000  -2.56  -7.28   6.75
2024      5     11     21     46     30    000  -2.56  -7.26   6.75
2024      5     11     21     47     30    000  -2.57  -7.23   6.74
2024      5     11     21     48     30    000  -2.57  -7.21   6.73
2024      5     11     21     49     30    000  -2.58  -7.19   6.73
2024      5     11     21     50     30    000  -2.59  -7.17   6.72
2024      5     11     21     51     30    000  -2.59  -7.14   6.72
2024      5     11     21     52     30    000  -2.60  -7.12   6.71
2024      5     11     21     53     30    000  -2.60  -7.10   6.71
2024      5     11     21     54     30    000  -2.61  -7.08   6.70
2024      5     11     21     55     30    000  -2.62  -7.05   6.69
2024      5     11     21     56     30    000  -2.62  -7.03   6.69
2024      5     11     21     57     30    000  -2.63  -7.01   6.68
2024      5     11     21     58     30    000  -2.63  -6.98   6.68
2024      5     11     21     59     30    000  -2.64  -6.96   6.67
2024      5     11     22     00     30    000  -2.65  -6.94   6.66
2024      5     11     22     01     30    000  -2.65  -6.92   6.66
2024      5     11     22     02     30    000  -2.66  -6.89   6.65
2024      5     11     22     03     30    000  -2.66  -6.87   6.65
2024      5     11     22     04     30    000  -2.67  -6.85   6.64
2024      5     11     22     05     30    000  -2.67  -6.82   6.64
2024      5     11     22     06     30    000  -2.68  -6.80   6.63
2024      5     11     22     07     30    000  -2.69  -6.78   6.62
2024      5     11     22     08     30    000  -2.69  -6.75   6.62
2024      5     11     22     09     30    000  -2.70  -6.73   6.61
2024      5     11     22     10     30    000  -2.70  -6.70   6.61
2024      5     11     22     11     30    000  -2.71  -6.68   6.60
2024      5     11     22     12     30    000  -2.71  -6.66   6.59
2024      5     11     22     13     30    000  -2.72  -6.63   6.59
2024      5     11     22     14     30    000  -2.73  -6.61   6.58
2024      5     11     22     15     30    000  -2.73  -6.59   6.57
2024      5     11     22     16     30    000  -2.74  -6.56   6.57
2024      5     11     22     17     30    000  -2.74  -6.54   6.56
2024      5     11     22     18     30    000  -2.75  -6.51   6.56
2024      5     11     22     19     30    000  -2.75  -6.49   6.55
2024      5     11     22     20     30    000  -2.76  -6.46   6.54
2024      5     11     22     21     30    000  -2.76  -6.44   6.54
2024      5     11     22     22     30    000  -2.77  -6.42   6.53
2024      5     11     22     23     30    000  -2.78  -6.39   6.53
2024      5     11     22     24     30    000  -2.78  -6.37   6.52
2024      5     11     22     25     30    000  -2.79  -6.34   6.51
2024      5     11     22     26     30    000  -2.79  -6.32   6.51
2024      5     11     22     27     30    000  -2.80  -6.29   6.50
2024      5     11     22     28     30    000  -2.80  -6.27   6.49
2024      5     11     22     29     30    000  -2.81  -6.24   6.49
2024      5     11     22     30     30    000  -2.81  -6.22   6.48
2024      5     11     22     31     30    000  -2.82  -6.19   6.48
2024      5     11     22     32     30    000  -2.82  -6.17   6.47
2024      5     11     22     33     30    000  -2.83  -6.14   6.46
2024      5     11     22     34     30    000  -2.83  -6.12   6.46
2024      5     11     22     35     30    000  -2.84  -6.09   6.45
2024      5     11     22     36     30    000  -2.84  -6.07   6.44
2024      5     11     22     37     30    000  -2.85  -6.04   6.44
2024      5     11     22     38     30    000  -2.86  -6.02   6.43
2024      5     11     22     39     30    000  -2.86  -5.99   6.42
2024      5     11     22     40     30    000  -2.87  -5.96   6.42
2024      5     11     22     41     30    000  -2.87  -5.94   6.41
2024      5     11     22     42     30    000  -2.88  -5.91   6.40
2024      5     11     22     43     30    000  -2.88  -5.89   6.40
2024      5     11     22     44     30    000  -2.89  -5.86   6.39
2024      5     11     22     45     30    000  -2.89  -5.84   6.38
2024      5     11     22     46     30    000  -2.90  -5.81   6.38
2024      5     11     22     47     30    000  -2.90  -5.78   6.37
2024      5     11     22     48     30    000  -2.91  -5.76   6.36
2024      5     11     22     49     30    000  -2.91  -5.73   6.36
2024      5     11     22     50     30    000  -2.92  -5.71   6.35
2024      5     11     22     51     30    000  -2.92  -5.68   6.34
2024      5     11     22     52     30    000  -2.93  -5.65   6.33
2024      5     11     22     53     30    000  -2.93  -5.63   6.33
2024      5     11     22     54     30    000  -2.93  -5.60   6.32
2024      5     11     22     55     30    000  -2.94  -5.57   6.31
2024      5     11     22     56     30    000  -2.94  -5.55   6.31
2024      5     11     22     57     30    000  -2.95  -5.52   6.30
2024      5     11     22     58     30    000  -2.95  -5.49   6.29
2024      5     11     22     59     30    000  -2.96  -5.47   6.28
2024      5     11     23     00     30    000  -2.96  -5.44   6.28
2024      5     11     23     01     30    000  -2.97  -5.41   6.27
2024      5     11     23     02     30    000  -2.97  -5.39   6.26
2024      5     11     23     03     30    000  -2.98  -5.36   6.26
2024      5     11     23     04     30    000  -2.98  -5.33   6.25
2024      5     11     23     05     30    000  -2.99  -5.31   6.24
2024      5     11     23     06     30    000  -2.99  -5.28   6.23
2024      5     11     23     07     30    000  -3.00  -5.25   6.23
2024      5     11     23     08     30    000  -3.00  -5.22   6.22
2024      5     11     23     09     30    000  -3.00  -5.20   6.21
2024      5     11     23     10     30    000  -3.01  -5.17   6.20
2024      5     11     23     11     30    000  -3.01  -5.14   6.19
2024      5     11     23     12     30    000  -3.02  -5.11   6.19
2024      5     11     23     13     30    000  -3.02  -5.09   6.18
2024      5     11     23     14     30    000  -3.03  -5.06   6.17
2024      5     11     23     15     30    000  -3.03  -5.03   6.16
2024      5     11     23     16     30    000  -3.03  -5.00   6.16
2024      5     11     23     17     30    000  -3.04  -4.97   6.15
2024      5     11     23     18     30    000  -3.04  -4.95   6.14
2024      5     11     23     19     30    000  -3.05  -4.92   6.13
2024      5     11     23     20     30    000  -3.05  -4.89   6.12
2024      5     11     23     21     30    000  -3.06  -4.86   6.12
2024      5     11     23     22     30    000  -3.06  -4.83   6.11
2024      5     11     23     23     30    000  -3.06  -4.81   6.10
2024      5     11     23     24     30    000  -3.07  -4.78   6.09
2024      5     11     23     25     30    000  -3.07  -4.75   6.08
2024      5     11     23     26     30    000  -3.08  -4.72   6.07
2024      5     11     23     27     30    000  -3.08  -4.69   6.06
2024      5     11     23     28     30    000  -3.08  -4.66   6.06
2024      5     11     23     29     30    000  -3.09  -4.64   6.05
2024      5     11     23     30     30    000  -3.09  -4.61   6.04
2024      5     11     23     31     30    000  -3.10  -4.58   6.03
2024      5     11     23     32     30    000  -3.10  -4.55   6.02
2024      5     11     23     33     30    000  -3.10  -4.52   6.01
2024      5     11     23     34     30    000  -3.11  -4.49   6.00
2024      5     11     23     35     30    000  -3.11  -4.46   5.99
2024      5     11     23     36     30    000  -3.11  -4.43   5.99
2024      5     11     23     37     30    000  -3.12  -4.40   5.98
2024      5     11     23     38     30    000  -3.12  -4.38   5.97
2024      5     11     23     39     30    000  -3.12  -4.35   5.96
2024      5     11     23     40     30    000  -3.13  -4.32   5.95
2024      5     11     23     41     30    000  -3.13  -4.29   5.94
2024      5     11     23     42     30    000  -3.13  -4.26   5.93
2024      5     11     23     43     30    000  -3.14  -4.23   5.92
2024      5     11     23     44     30    000  -3.14  -4.20   5.91
2024      5     11     23     45     30    000  -3.15  -4.17   5.90
2024      5     11     23     46     30    000  -3.15  -4.14   5.89
2024      5     11     23     47     30    000  -3.15  -4.11   5.88
2024      5     11     23     48     30    000  -3.15  -4.08   5.87
2024      5     11     23     49     30    000  -3.16  -4.05   5.86
2024      5     11     23     50     30    000  -3.16  -4.02   5.85
2024      5     11     23     51     30    000  -3.16  -3.99   5.84
2024      5     11     23     52     30    000  -3.17  -3.96   5.83
2024      5     11     23     53     30    000  -3.17  -3.93   5.82
2024      5     11     23     54     30    000  -3.17  -3.90   5.81
2024      5     11     23     55     30    000  -3.18  -3.87   5.80
2024      5     11     23     56     30    000  -3.18  -3.84   5.79
2024      5     11     23     57     30    000  -3.18  -3.81   5.78
2024      5     11     23     58     30    000  -3.19  -3.78   5.77
2024      5     11     23     59     30    000  -3.19  -3.75   5.76
2024      5     12     00     00     30    000  -3.19  -3.72   5.75
2024      5     12     00     01     30    000  -3.19  -3.69   5.74
2024      5     12     00     02     30    000  -3.20  -3.66   5.73
2024      5     12     00     03     30    000  -3.20  -3.63   5.72
2024      5     12     00     04     30    000  -3.20  -3.60   5.71
2024      5     12     00     05     30    000  -3.20  -3.57   5.69
2024      5     12     00     06     30    000  -3.21  -3.53   5.68
2024      5     12     00     07     30    000  -3.21  -3.50   5.67
2024      5     12     00     08     30    000  -3.21  -3.47   5.66
2024      5     12     00     09     30    000  -3.21  -3.44   5.65
2024      5     12     00     10     30    000  -3.22  -3.41   5.64
2024      5     12     00     11     30    000  -3.22  -3.38   5.63
2024      5     12     00     12     30    000  -3.22  -3.35   5.61
2024      5     12     00     13     30    000  -3.22  -3.32   5.60
2024      5     12     00     14     30    000  -3.22  -3.29   5.59
2024      5     12     00     15     30    000  -3.23  -3.25   5.58
2024      5     12     00     16     30    000  -3.23  -3.22   5.57
2024      5     12     00     17     30    000  -3.23  -3.19   5.55
2024      5     12     00     18     30    000  -3.23  -3.16   5.54
2024      5     12     00     19     30    000  -3.23  -3.13   5.53
2024      5     12     00     20     30    000  -3.24  -3.10   5.52
2024      5     12     00     21     30    000  -3.24  -3.07   5.50
2024      5     12     00     22     30    000  -3.24  -3.03   5.49
2024      5     12     00     23     30    000  -3.24  -3.00   5.48
2024      5     12     00     24     30    000  -3.24  -2.97   5.47
2024      5     12     00     25     30    000  -3.25  -2.94   5.45
2024      5     12     00     26     30    000  -3.25  -2.91   5.44
2024      5     12     00     27     30    000  -3.25  -2.87   5.43
2024      5     12     00     28     30    000  -3.25  -2.84   5.41
2024      5     12     00     29     30    000  -3.25  -2.81   5.40
2024      5     12     00     30     30    000  -3.25  -2.78   5.39
2024      5     12     00     31     30    000  -3.25  -2.75   5.37
2024      5     12     00     32     30    000  -3.25  -2.71   5.36
2024      5     12     00     33     30    000  -3.26  -2.68   5.35
2024      5     12     00     34     30    000  -3.26  -2.65   5.33
2024      5     12     00     35     30    000  -3.26  -2.62   5.32
2024      5     12     00     36     30    000  -3.26  -2.58   5.30
2024      5     12     00     37     30    000  -3.26  -2.55   5.29
2024      5     12     00     38     30    000  -3.26  -2.52   5.28
2024      5     12     00     39     30    000  -3.26  -2.49   5.26
2024      5     12     00     40     30    000  -3.26  -2.45   5.25
2024      5     12     00     41     30    000  -3.26  -2.42   5.23
2024      5     12     00     42     30    000  -3.26  -2.39   5.22
2024      5     12     00     43     30    000  -3.26  -2.36   5.20
2024      5     12     00     44     30    000  -3.26  -2.32   5.19
2024      5     12     00     45     30    000  -3.26  -2.29   5.17
2024      5     12     00     46     30    000  -3.27  -2.26   5.16
2024      5     12     00     47     30    000  -3.27  -2.22   5.14
2024      5     12     00     48     30    000  -3.27  -2.19   5.13
2024      5     12     00     49     30    000  -3.27  -2.16   5.11
2024      5     12     00     50     30    000  -3.27  -2.13   5.09
2024      5     12     00     51     30    000  -3.27  -2.09   5.08
2024      5     12     00     52     30    000  -3.27  -2.06   5.06
2024      5     12     00     53     30    000  -3.27  -2.03   5.05
2024      5     12     00     54     30    000  -3.27  -1.99   5.03
2024      5     12     00     55     30    000  -3.27  -1.96   5.01
2024      5     12     00     56     30    000  -3.26  -1.93   5.00
2024      5     12     00     57     30    000  -3.26  -1.89   4.98
2024      5     12     00     58     30    000  -3.26  -1.86   4.96
2024      5     12     00     59     30    000  -3.26  -1.83   4.95
2024      5     12     01     00     30    000  -3.26  -1.79   4.93
2024      5     12     01     01     30    000  -3.26  -1.76   4.91
2024      5     12     01     02     30    000  -3.26  -1.72   4.89
2024      5     12     01     03     30    000  -3.26  -1.69   4.88
2024      5     12     01     04     30    000  -3.26  -1.66   4.86
2024      5     12     01     05     30    000  -3.26  -1.62   4.84
2024      5     12     01     06     30    000  -3.26  -1.59   4.82
2024      5     12     01     07     30    000  -3.26  -1.56   4.81
2024      5     12     01     08     30    000  -3.25  -1.52   4.79
2024      5     12     01     09     30    000  -3.25  -1.49   4.77
2024      5     12     01     10     30    000  -3.25  -1.45   4.75
2024      5     12     01     11     30    000  -3.25  -1.42   4.73
2024      5     12     01     12     30    000  -3.25  -1.39   4.71
2024      5     12     01     13     30    000  -3.25  -1.35   4.69
2024      5     12     01     14     30    000  -3.25  -1.32   4.67
2024      5     12     01     15     30    000  -3.24  -1.28   4.66
2024      5     12     01     16     30    000  -3.24  -1.25   4.64
2024      5     12     01     17     30    000  -3.24  -1.22   4.62
2024      5     12     01     18     30    000  -3.24  -1.18   4.60
2024      5     12     01     19     30    000  -3.23  -1.15   4.58
2024      5     12     01     20     30    000  -3.23  -1.11   4.56
2024      5     12     01     21     30    000  -3.23  -1.08   4.54
2024      5     12     01     22     30    000  -3.23  -1.05   4.52
2024      5     12     01     23     30    000  -3.22  -1.01   4.50
2024      5     12     01     24     30    000  -3.22  -0.98   4.47
2024      5     12     01     25     30    000  -3.22  -0.94   4.45
2024      5     12     01     26     30    000  -3.22  -0.91   4.43
2024      5     12     01     27     30    000  -3.21  -0.87   4.41
2024      5     12     01     28     30    000  -3.21  -0.84   4.39
2024      5     12     01     29     30    000  -3.21  -0.81   4.37
2024      5     12     01     30     30    000  -3.20  -0.77   4.35
2024      5     12     01     31     30    000  -3.20  -0.74   4.32
2024      5     12     01     32     30    000  -3.20  -0.70   4.30
2024      5     12     01     33     30    000  -3.19  -0.67   4.28
2024      5     12     01     34     30    000  -3.19  -0.63   4.26
2024      5     12     01     35     30    000  -3.18  -0.60   4.23
2024      5     12     01     36     30    000  -3.18  -0.56   4.21
2024      5     12     01     37     30    000  -3.18  -0.53   4.19
2024      5     12     01     38     30    000  -3.17  -0.50   4.16
2024      5     12     01     39     30    000  -3.17  -0.46   4.14
2024      5     12     01     40     30    000  -3.16  -0.43   4.12
2024      5     12     01     41     30    000  -3.16  -0.39   4.09
2024      5     12     01     42     30    000  -3.15  -0.36   4.07
2024      5     12     01     43     30    000  -3.15  -0.32   4.05
2024      5     12     01     44     30    000  -3.14  -0.29   4.02
2024      5     12     01     45     30    000  -3.14  -0.25   4.00
2024      5     12     01     46     30    000  -3.13  -0.22   3.97
2024      5     12     01     47     30    000  -3.13  -0.19   3.95
2024      5     12     01     48     30    000  -3.12  -0.15   3.92
2024      5     12     01     49     30    000  -3.12  -0.12   3.90
2024      5     12     01     50     30    000  -3.11  -0.08   3.87
2024      5     12     01     51     30    000  -3.10  -0.05   3.84
2024      5     12     01     52     30    000  -3.10  -0.01   3.82
2024      5     12     01     53     30    000  -3.09   0.02   3.79
2024      5     12     01     54     30    000  -3.08   0.06   3.76
2024      5     12     01     55     30    000  -3.08   0.09   3.74
2024      5     12     01     56     30    000  -3.07   0.12   3.71
2024      5     12     01     57     30    000  -3.06   0.16   3.68
2024      5     12     01     58     30    000  -3.06   0.19   3.66
2024      5     12     01     59     30    000  -3.05   0.23   3.63
2024      5     12     02     00     30    000  -3.04   0.26   3.60
2024      5     12     02     01     30    000  -3.04   0.29   3.57
2024      5     12     02     02     30    000  -3.03   0.33   3.54
2024      5     12     02     03     30    000  -3.02   0.36   3.52
2024      5     12     02     04     30    000  -3.01   0.40   3.49
2024      5     12     02     05     30    000  -3.00   0.43   3.46
2024      5     12     02     06     30    000  -3.00   0.46   3.43
2024      5     12     02     07     30    000  -2.99   0.50   3.40
2024      5     12     02     08     30    000  -2.98   0.53   3.37
2024      5     12     02     09     30    000  -2.97   0.57   3.34
2024      5     12     02     10     30    000  -2.96   0.60   3.31
2024      5     12     02     11     30    000  -2.95   0.63   3.28
2024      5     12     02     12     30    000  -2.94   0.67   3.25
2024      5     12     02     13     30    000  -2.93   0.70   3.22
2024      5     12     02     14     30    000  -2.92   0.73   3.19
2024      5     12     02     15     30    000  -2.91   0.77   3.15
2024      5     12     02     16     30    000  -2.90   0.80   3.12
2024      5     12     02     17     30    000  -2.89   0.83   3.09
2024      5     12     02     18     30    000  -2.88   0.87   3.06
2024      5     12     02     19     30    000  -2.87   0.90   3.03
2024      5     12     02     20     30    000  -2.86   0.93   2.99
2024      5     12     02     21     30    000  -2.85   0.96   2.96
2024      5     12     02     22     30    000  -2.84   1.00   2.93
2024      5     12     02     23     30    000  -2.82   1.03   2.89
2024      5     12     02     24     30    000  -2.81   1.06   2.86
2024      5     12     02     25     30    000  -2.80   1.09   2.83
2024      5     12     02     26     30    000  -2.79   1.13   2.79
2024      5     12     02     27     30    000  -2.78   1.16   2.76
2024      5     12     02     28     30    000  -2.76   1.19   2.72
2024      5     12     02     29     30    000  -2.75   1.22   2.69
2024      5     12     02     30     30    000  -2.74   1.25   2.65
2024      5     12     02     31     30    000  -2.72   1.29   2.62
2024      5     12     02     32     30    000  -2.71   1.32   2.58
2024      5     12     02     33     30    000  -2.69   1.35   2.54
2024      5     12     02     34     30    000  -2.68   1.38   2.51
2024      5     12     02     35     30    000  -2.67   1.41   2.47
2024      5     12     02     36     30    000  -2.65   1.44   2.43
2024      5     12     02     37     30    000  -2.64   1.47   2.40
2024      5     12     02     38     30    000  -2.62   1.50   2.36
2024      5     12     02     39     30    000  -2.61   1.53   2.32
2024      5     12     02     40     30    000  -2.59   1.56   2.28
2024      5     12     02     41     30    000  -2.57   1.59   2.24
2024      5     12     02     42     30    000  -2.56   1.62   2.21
2024      5     12     02     43     30    000  -2.54   1.65   2.17
2024      5     12     02     44     30    000  -2.52   1.68   2.13
2024      5     12     02     45     30    000  -2.51   1.71   2.09
2024      5     12     02     46     30    000  -2.49   1.74   2.05
2024      5     12     02     47     30    000  -2.47   1.77   2.01
2024      5     12     02     48     30    000  -2.45   1.79   1.97
2024      5     12     02     49     30    000  -2.44   1.82   1.93
2024      5     12     02     50     30    000  -2.42   1.85   1.89
2024      5     12     02     51     30    000  -2.40   1.88   1.85
2024      5     12     02     52     30    000  -2.38   1.90   1.81
2024      5     12     02     53     30    000  -2.36   1.93   1.76
2024      5     12     02     54     30    000  -2.34   1.96   1.72
2024      5     12     02     55     30    000  -2.32   1.98   1.68
2024      5     12     02     56     30    000  -2.30   2.01   1.64
2024      5     12     02     57     30    000  -2.28   2.03   1.60
2024      5     12     02     58     30    000  -2.26   2.06   1.55
2024      5     12     02     59     30    000  -2.24   2.08   1.51
2024      5     12     03     00     30    000  -2.22   2.11   1.47
2024      5     12     03     01     30    000  -2.19   2.13   1.42
2024      5     12     03     02     30    000  -2.17   2.16   1.38
2024      5     12     03     03     30    000  -2.15   2.18   1.34
2024      5     12     03     04     30    000  -2.13   2.20   1.29
2024      5     12     03     05     30    000  -2.10   2.23   1.25
2024      5     12     03     06     30    000  -2.08   2.25   1.20
2024      5     12     03     07     30    000  -2.06   2.27   1.16
2024      5     12     03     08     30    000  -2.03   2.29   1.11
2024      5     12     03     09     30    000  -2.01   2.31   1.07
2024      5     12     03     10     30    000  -1.98   2.33   1.02
2024      5     12     03     11     30    000  -1.96   2.35   0.98
2024      5     12     03     12     30    000  -1.93   2.37   0.93
2024      5     12     03     13     30    000  -1.91   2.39   0.88
2024      5     12     03     14     30    000  -1.88   2.41   0.84
2024      5     12     03     15     30    000  -1.85   2.43   0.79
2024      5     12     03     16     30    000  -1.83   2.45   0.74
2024      5     12     03     17     30    000  -1.80   2.46   0.70
2024      5     12     03     18     30    000  -1.77   2.48   0.65
2024      5     12     03     19     30    000  -1.75   2.50   0.60
2024      5     12     03     20     30    000  -1.72   2.51   0.56
2024      5     12     03     21     30    000  -1.69   2.53   0.51
2024      5     12     03     22     30    000  -1.66   2.54   0.46
2024      5     12     03     23     30    000  -1.63   2.56   0.41
2024      5     12     03     24     30    000  -1.60   2.57   0.37
2024      5     12     03     25     30    000  -1.57   2.58   0.32
2024      5     12     03     26     30    000  -1.54   2.60   0.27
2024      5     12     03     27     30    000  -1.51   2.61   0.22
2024      5     12     03     28     30    000  -1.48   2.62   0.17
2024      5     12     03     29     30    000  -1.45   2.63   0.13
2024      5     12     03     30     30    000  -1.42   2.64   0.08
2024      5     12     03     31     30    000  -1.39   2.65   0.03
2024      5     12     03     32     30    000  -1.36   2.66  -0.02
2024      5     12     03     33     30    000  -1.33   2.67  -0.07
2024      5     12     03     34     30    000  -1.29   2.67  -0.11
2024      5     12     03     35     30    000  -1.26   2.68  -0.16
2024      5     12     03     36     30    000  -1.23   2.69  -0.21
2024      5     12     03     37     30    000  -1.19   2.69  -0.26
2024      5     12     03     38     30    000  -1.16   2.70  -0.31
2024      5     12     03     39     30    000  -1.13   2.70  -0.35
2024      5     12     03     40     30    000  -1.09   2.71  -0.40
2024      5     12     03     41     30    000  -1.06   2.71  -0.45
2024      5     12     03     42     30    000  -1.03   2.71  -0.50
2024      5     12     03     43     30    000  -0.99   2.71  -0.55
2024      5     12     03     44     30    000  -0.96   2.72  -0.59
2024      5     12     03     45     30    000  -0.92   2.72  -0.64
2024      5     12     03     46     30    000  -0.89   2.72  -0.69
2024      5     12     03     47     30    000  -0.85   2.72  -0.73
2024      5     12     03     48     30    000  -0.82   2.71  -0.78
2024      5     12     03     49     30    000  -0.78   2.71  -0.83
2024      5     12     03     50     30    000  -0.74   2.71  -0.88
2024      5     12     03     51     30    000  -0.71   2.71  -0.92
2024      5     12     03     52     30    000  -0.67   2.70  -0.97
2024      5     12     03     53     30    000  -0.64   2.70  -1.01
2024      5     12     03     54     30    000  -0.60   2.69  -1.06
2024      5     12     03     55     30    000  -0.56   2.68  -1.10
2024      5     12     03     56     30    000  -0.53   2.68  -1.15
2024      5     12     03     57     30    000  -0.49   2.67  -1.20
2024      5     12     03     58     30    000  -0.45   2.66  -1.24
2024      5     12     03     59     30    000  -0.42   2.65  -1.28
2024      5     12     04     00     30    000  -0.38   2.65  -1.33
2024      5     12     04     01     30    000  -0.34   2.64  -1.37
2024      5     12     04     02     30    000  -0.30   2.63  -1.42
2024      5     12     04     03     30    000  -0.27   2.61  -1.46
2024      5     12     04     04     30    000  -0.23   2.60  -1.50
2024      5     12     04     05     30    000  -0.19   2.59  -1.55
2024      5     12     04     06     30    000  -0.15   2.58  -1.59
2024      5     12     04     07     30    000  -0.12   2.56  -1.63
2024      5     12     04     08     30    000  -0.08   2.55  -1.67
2024      5     12     04     09     30    000  -0.04   2.54  -1.71
2024      5     12     04     10     30    000  -0.00   2.52  -1.75
2024      5     12     04     11     30    000   0.03   2.51  -1.79
2024      5     12     04     12     30    000   0.07   2.49  -1.83
2024      5     12     04     13     30    000   0.11   2.47  -1.87
2024      5     12     04     14     30    000   0.15   2.46  -1.91
2024      5     12     04     15     30    000   0.18   2.44  -1.95
2024      5     12     04     16     30    000   0.22   2.42  -1.99
2024      5     12     04     17     30    000   0.26   2.40  -2.03
2024      5     12     04     18     30    000   0.30   2.38  -2.07
2024      5     12     04     19     30    000   0.33   2.36  -2.11
2024      5     12     04     20     30    000   0.37   2.34  -2.14
2024      5     12     04     21     30    000   0.41   2.32  -2.18
2024      5     12     04     22     30    000   0.44   2.30  -2.22
2024      5     12     04     23     30    000   0.48   2.28  -2.25
2024      5     12     04     24     30    000   0.52   2.26  -2.29
2024      5     12     04     25     30    000   0.56   2.24  -2.32
2024      5     12     04     26     30    000   0.59   2.21  -2.36
2024      5     12     04     27     30    000   0.63   2.19  -2.39
2024      5     12     04     28     30    000   0.67   2.17  -2.43
2024      5     12     04     29     30    000   0.70   2.14  -2.46
2024      5     12     04     30     30    000   0.74   2.12  -2.49
2024      5     12     04     31     30    000   0.77   2.09  -2.53
2024      5     12     04     32     30    000   0.81   2.07  -2.56
2024      5     12     04     33     30    000   0.85   2.04  -2.59
2024      5     12     04     34     30    000   0.88   2.02  -2.62
2024      5     12     04     35     30    000   0.92   1.99  -2.65
2024      5     12     04     36     30    000   0.95   1.97  -2.69
2024      5     12     04     37     30    000   0.99   1.94  -2.72
2024      5     12     04     38     30    000   1.02   1.91  -2.75
2024      5     12     04     39     30    000   1.06   1.89  -2.78
2024      5     12     04     40     30    000   1.10   1.86  -2.80
2024      5     12     04     41     30    000   1.13   1.83  -2.83
2024      5     12     04     42     30    000   1.17   1.80  -2.86
2024      5     12     04     43     30    000   1.20   1.78  -2.89
2024      5     12     04     44     30    000   1.23   1.75  -2.92
2024      5     12     04     45     30    000   1.27   1.72  -2.95
2024      5     12     04     46     30    000   1.30   1.69  -2.97
2024      5     12     04     47     30    000   1.34   1.66  -3.00
2024      5     12     04     48     30    000   1.37   1.63  -3.03
2024      5     12     04     49     30    000   1.41   1.60  -3.05
2024      5     12     04     50     30    000   1.44   1.57  -3.08
2024      5     12     04     51     30    000   1.47   1.54  -3.10
2024      5     12     04     52     30    000   1.51   1.51  -3.13
2024      5     12     04     53     30    000   1.54   1.48  -3.15
2024      5     12     04     54     30    000   1.57   1.45  -3.18
2024      5     12     04     55     30    000   1.60   1.42  -3.20
2024      5     12     04     56     30    000   1.64   1.39  -3.22
2024      5     12     04     57     30    000   1.67   1.36  -3.25
2024      5     12     04     58     30    000   1.70   1.33  -3.27
2024      5     12     04     59     30    000   1.73   1.30  -3.29
2024      5     12     05     00     30    000   1.77   1.27  -3.31
2024      5     12     05     01     30    000   1.80   1.23  -3.33
2024      5     12     05     02     30    000   1.83   1.20  -3.36
2024      5     12     05     03     30    000   1.86   1.17  -3.38
2024      5     12     05     04     30    000   1.89   1.14  -3.40
2024      5     12     05     05     30    000   1.93   1.11  -3.42
2024      5     12     05     06     30    000   1.96   1.07  -3.44
2024      5     12     05     07     30    000   1.99   1.04  -3.46
2024      5     12     05     08     30    000   2.02   1.01  -3.48
2024      5     12     05     09     30    000   2.05   0.98  -3.50
2024      5     12     05     10     30    000   2.08   0.94  -3.51
2024      5     12     05     11     30    000   2.11   0.91  -3.53
2024      5     12     05     12     30    000   2.14   0.88  -3.55
2024      5     12     05     13     30    000   2.17   0.84  -3.57
2024      5     12     05     14     30    000   2.20   0.81  -3.59
2024      5     12     05     15     30    000   2.23   0.78  -3.60
2024      5     12     05     16     30    000   2.26   0.75  -3.62
2024      5     12     05     17     30    000   2.29   0.71  -3.64
2024      5     12     05     18     30    000   2.32   0.68  -3.65
2024      5     12     05     19     30    000   2.35   0.65  -3.67
2024      5     12     05     20     30    000   2.38   0.61  -3.69
2024      5     12     05     21     30    000   2.41   0.58  -3.70
2024      5     12     05     22     30    000   2.43   0.54  -3.72
2024      5     12     05     23     30    000   2.46   0.51  -3.73
2024      5     12     05     24     30    000   2.49   0.48  -3.75
2024      5     12     05     25     30    000   2.52   0.44  -3.76
2024      5     12     05     26     30    000   2.55   0.41  -3.77
2024      5     12     05     27     30    000   2.57   0.38  -3.79
2024      5     12     05     28     30    000   2.60   0.34  -3.80
2024      5     12     05     29     30    000   2.63   0.31  -3.82
2024      5     12     05     30     30    000   2.66   0.27  -3.83
2024      5     12     05     31     30    000   2.69   0.24  -3.84
2024      5     12     05     32     30    000   2.71   0.21  -3.85
2024      5     12     05     33     30    000   2.74   0.17  -3.87
2024      5     12     05     34     30    000   2.77   0.14  -3.88
2024      5     12     05     35     30    000   2.79   0.10  -3.89
2024      5     12     05     36     30    000   2.82   0.07  -3.90
2024      5     12     05     37     30    000   2.85   0.04  -3.91
2024      5     12     05     38     30    000   2.87   0.00  -3.92
2024      5     12     05     39     30    000   2.90  -0.03  -3.94
2024      5     12     05     40     30    000   2.92  -0.07  -3.95
2024      5     12     05     41     30    000   2.95  -0.10  -3.96
2024      5     12     05     42     30    000   2.98  -0.13  -3.97
2024      5     12     05     43     30    000   3.00  -0.17  -3.98
2024      5     12     05     44     30    000   3.03  -0.20  -3.99
2024      5     12     05     45     30    000   3.05  -0.24  -4.00
2024      5     12     05     46     30    000   3.08  -0.27  -4.01
2024      5     12     05     47     30    000   3.10  -0.31  -4.01
2024      5     12     05     48     30    000   3.13  -0.34  -4.02
2024      5     12     05     49     30    000   3.15  -0.37  -4.03
2024      5     12     05     50     30    000   3.18  -0.41  -4.04
2024      5     12     05     51     30    000   3.20  -0.44  -4.05
2024      5     12     05     52     30    000   3.23  -0.48  -4.06
2024      5     12     05     53     30    000   3.25  -0.51  -4.06
2024      5     12     05     54     30    000   3.28  -0.54  -4.07
2024      5     12     05     55     30    000   3.30  -0.58  -4.08
2024      5     12     05     56     30    000   3.32  -0.61  -4.09
2024      5     12     05     57     30    000   3.35  -0.65  -4.09
2024      5     12     05     58     30    000   3.37  -0.68  -4.10
2024      5     12     05     59     30    000   3.39  -0.71  -4.11
2024      5     12     06     00     30    000   3.42  -0.75  -4.11
2024      5     12     06     01     30    000   3.44  -0.78  -4.12
2024      5     12     06     02     30    000   3.46  -0.82  -4.13
2024      5     12     06     03     30    000   3.49  -0.85  -4.13
2024      5     12     06     04     30    000   3.51  -0.88  -4.14
2024      5     12     06     05     30    000   3.53  -0.92  -4.14
2024      5     12     06     06     30    000   3.56  -0.95  -4.15
2024      5     12     06     07     30    000   3.58  -0.99  -4.15
2024      5     12     06     08     30    000   3.60  -1.02  -4.16
2024      5     12     06     09     30    000   3.62  -1.05  -4.16
2024      5     12     06     10     30    000   3.65  -1.09  -4.17
2024      5     12     06     11     30    000   3.67  -1.12  -4.17
2024      5     12     06     12     30    000   3.69  -1.16  -4.18
2024      5     12     06     13     30    000   3.71  -1.19  -4.18
2024      5     12     06     14     30    000   3.73  -1.22  -4.19
2024      5     12     06     15     30    000   3.76  -1.26  -4.19
2024      5     12     06     16     30    000   3.78  -1.29  -4.19
2024      5     12     06     17     30    000   3.80  -1.32  -4.20
2024      5     12     06     18     30    000   3.82  -1.36  -4.20
2024      5     12     06     19     30    000   3.84  -1.39  -4.20
2024      5     12     06     20     30    000   3.86  -1.42  -4.21
2024      5     12     06     21     30    000   3.88  -1.46  -4.21
2024      5     12     06     22     30    000   3.91  -1.49  -4.21
2024      5     12     06     23     30    000   3.93  -1.52  -4.21
2024      5     12     06     24     30    000   3.95  -1.56  -4.22
2024      5     12     06     25     30    000   3.97  -1.59  -4.22
2024      5     12     06     26     30    000   3.99  -1.62  -4.22
2024      5     12     06     27     30    000   4.01  -1.66  -4.22
2024      5     12     06     28     30    000   4.03  -1.69  -4.22
2024      5     12     06     29     30    000   4.05  -1.72  -4.23
2024      5     12     06     30     30    000   4.07  -1.76  -4.23
2024      5     12     06     31     30    000   4.09  -1.79  -4.23
2024      5     12     06     32     30    000   4.11  -1.82  -4.23
2024      5     12     06     33     30    000   4.13  -1.85  -4.23
2024      5     12     06     34     30    000   4.15  -1.89  -4.23
2024      5     12     06     35     30    000   4.17  -1.92  -4.23
2024      5     12     06     36     30    000   4.19  -1.95  -4.23
2024      5     12     06     37     30    000   4.21  -1.99  -4.24
2024      5     12     06     38     30    000   4.23  -2.02  -4.24
2024      5     12     06     39     30    000   4.25  -2.05  -4.24
2024      5     12     06     40     30    000   4.27  -2.08  -4.24
2024      5     12     06     41     30    000   4.28  -2.12  -4.24
2024      5     12     06     42     30    000   4.30  -2.15  -4.24
2024      5     12     06     43     30    000   4.32  -2.18  -4.24
2024      5     12     06     44     30    000   4.34  -2.21  -4.24
2024      5     12     06     45     30    000   4.36  -2.25  -4.24
2024      5     12     06     46     30    000   4.38  -2.28  -4.23
2024      5     12     06     47     30    000   4.40  -2.31  -4.23
2024      5     12     06     48     30    000   4.42  -2.34  -4.23
2024      5     12     06     49     30    000   4.43  -2.37  -4.23
2024      5     12     06     50     30    000   4.45  -2.41  -4.23
2024      5     12     06     51     30    000   4.47  -2.44  -4.23
2024      5     12     06     52     30    000   4.49  -2.47  -4.23
2024      5     12     06     53     30    000   4.51  -2.50  -4.23
2024      5     12     06     54     30    000   4.53  -2.53  -4.23
2024      5     12     06     55     30    000   4.54  -2.57  -4.22
2024      5     12     06     56     30    000   4.56  -2.60  -4.22
2024      5     12     06     57     30    000   4.58  -2.63  -4.22
2024      5     12     06     58     30    000   4.60  -2.66  -4.22
2024      5     12     06     59     30    000   4.61  -2.69  -4.22
2024      5     12     07     00     30    000   4.63  -2.72  -4.21
2024      5     12     07     01     30    000   4.65  -2.76  -4.21
2024      5     12     07     02     30    000   4.67  -2.79  -4.21
2024      5     12     07     03     30    000   4.68  -2.82  -4.21
2024      5     12     07     04     30    000   4.70  -2.85  -4.21
2024      5     12     07     05     30    000   4.72  -2.88  -4.20
2024      5     12     07     06     30    000   4.73  -2.91  -4.20
2024      5     12     07     07     30    000   4.75  -2.94  -4.20
2024      5     12     07     08     30    000   4.77  -2.97  -4.19
2024      5     12     07     09     30    000   4.78  -3.01  -4.19
2024      5     12     07     10     30    000   4.80  -3.04  -4.19
2024      5     12     07     11     30    000   4.82  -3.07  -4.18
2024      5     12     07     12     30    000   4.83  -3.10  -4.18
2024      5     12     07     13     30    000   4.85  -3.13  -4.18
2024      5     12     07     14     30    000   4.87  -3.16  -4.17
2024      5     12     07     15     30    000   4.88  -3.19  -4.17
2024      5     12     07     16     30    000   4.90  -3.22  -4.17
2024      5     12     07     17     30    000   4.92  -3.25  -4.16
2024      5     12     07     18     30    000   4.93  -3.28  -4.16
2024      5     12     07     19     30    000   4.95  -3.31  -4.16
2024      5     12     07     20     30    000   4.96  -3.34  -4.15
2024      5     12     07     21     30    000   4.98  -3.37  -4.15
2024      5     12     07     22     30    000   5.00  -3.40  -4.14
2024      5     12     07     23     30    000   5.01  -3.43  -4.14
2024      5     12     07     24     30    000   5.03  -3.46  -4.13
2024      5     12     07     25     30    000   5.04  -3.49  -4.13
2024      5     12     07     26     30    000   5.06  -3.52  -4.12
2024      5     12     07     27     30    000   5.07  -3.55  -4.12
2024      5     12     07     28     30    000   5.09  -3.58  -4.12
2024      5     12     07     29     30    000   5.10  -3.61  -4.11
2024      5     12     07     30     30    000   5.12  -3.64  -4.11
2024      5     12     07     31     30    000   5.13  -3.67  -4.10
2024      5     12     07     32     30    000   5.15  -3.70  -4.10
2024      5     12     07     33     30    000   5.16  -3.73  -4.09
2024      5     12     07     34     30    000   5.18  -3.76  -4.09
2024      5     12     07     35     30    000   5.19  -3.79  -4.08
2024      5     12     07     36     30    000   5.21  -3.82  -4.07
2024      5     12     07     37     30    000   5.22  -3.85  -4.07
2024      5     12     07     38     30    000   5.24  -3.88  -4.06
2024      5     12     07     39     30    000   5.25  -3.91  -4.06
2024      5     12     07     40     30    000   5.27  -3.94  -4.05
2024      5     12     07     41     30    000   5.28  -3.97  -4.05
2024      5     12     07     42     30    000   5.30  -4.00  -4.04
2024      5     12     07     43     30    000   5.31  -4.02  -4.04
2024      5     12     07     44     30    000   5.33  -4.05  -4.03
2024      5     12     07     45     30    000   5.34  -4.08  -4.02
2024      5     12     07     46     30    000   5.35  -4.11  -4.02
2024      5     12     07     47     30    000   5.37  -4.14  -4.01
2024      5     12     07     48     30    000   5.38  -4.17  -4.00
2024      5     12     07     49     30    000   5.40  -4.20  -4.00
2024      5     12     07     50     30    000   5.41  -4.23  -3.99
2024      5     12     07     51     30    000   5.42  -4.25  -3.99
2024      5     12     07     52     30    000   5.44  -4.28  -3.98
2024      5     12     07     53     30    000   5.45  -4.31  -3.97
2024      5     12     07     54     30    000   5.47  -4.34  -3.97
2024      5     12     07     55     30    000   5.48  -4.37  -3.96
2024      5     12     07     56     30    000   5.49  -4.40  -3.95
2024      5     12     07     57     30    000   5.51  -4.42  -3.95
2024      5     12     07     58     30    000   5.52  -4.45  -3.94
2024      5     12     07     59     30    000   5.53  -4.48  -3.93
2024      5     12     08     00     30    000   5.55  -4.51  -3.93
2024      5     12     08     01     30    000   5.56  -4.54  -3.92
2024      5     12     08     02     30    000   5.57  -4.56  -3.91
2024      5     12     08     03     30    000   5.59  -4.59  -3.90
2024      5     12     08     04     30    000   5.60  -4.62  -3.90
2024      5     12     08     05     30    000   5.61  -4.65  -3.89
2024      5     12     08     06     30    000   5.63  -4.68  -3.88
2024      5     12     08     07     30    000   5.64  -4.70  -3.88
2024      5     12     08     08     30    000   5.65  -4.73  -3.87
2024      5     12     08     09     30    000   5.66  -4.76  -3.86
2024      5     12     08     10     30    000   5.68  -4.79  -3.85
2024      5     12     08     11     30    000   5.69  -4.81  -3.85
2024      5     12     08     12     30    000   5.70  -4.84  -3.84
2024      5     12     08     13     30    000   5.71  -4.87  -3.83
2024      5     12     08     14     30    000   5.73  -4.89  -3.82
2024      5     12     08     15     30    000   5.74  -4.92  -3.81
2024      5     12     08     16     30    000   5.75  -4.95  -3.81
2024      5     12     08     17     30    000   5.76  -4.98  -3.80
2024      5     12     08     18     30    000   5.78  -5.00  -3.79
2024      5     12     08     19     30    000   5.79  -5.03  -3.78
2024      5     12     08     20     30    000   5.80  -5.06  -3.78
2024      5     12     08     21     30    000   5.81  -5.08  -3.77
2024      5     12     08     22     30    000   5.83  -5.11  -3.76
2024      5     12     08     23     30    000   5.84  -5.14  -3.75
2024      5     12     08     24     30    000   5.85  -5.16  -3.74
2024      5     12     08     25     30    000   5.86  -5.19  -3.73
2024      5     12     08     26     30    000   5.87  -5.22  -3.73
2024      5     12     08     27     30    000   5.89  -5.24  -3.72
2024      5     12     08     28     30    000   5.90  -5.27  -3.71
2024      5     12     08     29     30    000   5.91  -5.29  -3.70
2024      5     12     08     30     30    000   5.92  -5.32  -3.69
2024      5     12     08     31     30    000   5.93  -5.35  -3.68
2024      5     12     08     32     30    000   5.95  -5.37  -3.68
2024      5     12     08     33     30    000   5.96  -5.40  -3.67
2024      5     12     08     34     30    000   5.97  -5.42  -3.66
2024      5     12     08     35     30    000   5.98  -5.45  -3.65
2024      5     12     08     36     30    000   5.99  -5.48  -3.64
2024      5     12     08     37     30    000   6.00  -5.50  -3.63
2024      5     12     08     38     30    000   6.01  -5.53  -3.62
2024      5     12     08     39     30    000   6.03  -5.55  -3.62
2024      5     12     08     40     30    000   6.04  -5.58  -3.61
2024      5     12     08     41     30    000   6.05  -5.60  -3.60
2024      5     12     08     42     30    000   6.06  -5.63  -3.59
2024      5     12     08     43     30    000   6.07  -5.66  -3.58
2024      5     12     08     44     30    000   6.08  -5.68  -3.57
2024      5     12     08     45     30    000   6.09  -5.71  -3.56
2024      5     12     08     46     30    000   6.10  -5.73  -3.55
2024      5     12     08     47     30    000   6.11  -5.76  -3.55
2024      5     12     08     48     30    000   6.13  -5.78  -3.54
2024      5     12     08     49     30    000   6.14  -5.81  -3.53
2024      5     12     08     50     30    000   6.15  -5.83  -3.52
2024      5     12     08     51     30    000   6.16  -5.86  -3.51
2024      5     12     08     52     30    000   6.17  -5.88  -3.50
2024      5     12     08     53     30    000   6.18  -5.91  -3.49
2024      5     12     08     54     30    000   6.19  -5.93  -3.48
2024      5     12     08     55     30    000   6.20  -5.96  -3.47
2024      5     12     08     56     30    000   6.21  -5.98  -3.46
2024      5     12     08     57     30    000   6.22  -6.01  -3.45
2024      5     12     08     58     30    000   6.23  -6.03  -3.44
2024      5     12     08     59     30    000   6.24  -6.06  -3.43
2024      5     12     09     00     30    000   6.25  -6.08  -3.43
2024      5     12     09     01     30    000   6.26  -6.10  -3.42
2024      5     12     09     02     30    000   6.27  -6.13  -3.41
2024      5     12     09     03     30    000   6.28  -6.15  -3.40
2024      5     12     09     04     30    000   6.29  -6.18  -3.39
2024      5     12     09     05     30    000   6.30  -6.20  -3.38
2024      5     12     09     06     30    000   6.31  -6.23  -3.37
2024      5     12     09     07     30    000   6.32  -6.25  -3.36
2024      5     12     09     08     30    000   6.33  -6.27  -3.35
2024      5     12     09     09     30    000   6.34  -6.30  -3.34
2024      5     12     09     10     30    000   6.35  -6.32  -3.33
2024      5     12     09     11     30    000   6.36  -6.35  -3.32
2024      5     12     09     12     30    000   6.37  -6.37  -3.31
2024      5     12     09     13     30    000   6.38  -6.39  -3.30
2024      5     12     09     14     30    000   6.39  -6.42  -3.29
2024      5     12     09     15     30    000   6.40  -6.44  -3.28
2024      5     12     09     16     30    000   6.41  -6.46  -3.27
2024      5     12     09     17     30    000   6.42  -6.49  -3.26
2024      5     12     09     18     30    000   6.43  -6.51  -3.25
2024      5     12     09     19     30    000   6.44  -6.53  -3.24
2024      5     12     09     20     30    000   6.45  -6.56  -3.23
2024      5     12     09     21     30    000   6.46  -6.58  -3.22
2024      5     12     09     22     30    000   6.47  -6.60  -3.21
2024      5     12     09     23     30    000   6.48  -6.63  -3.20
2024      5     12     09     24     30    000   6.49  -6.65  -3.20
2024      5     12     09     25     30    000   6.50  -6.67  -3.19
2024      5     12     09     26     30    000   6.51  -6.70  -3.18
2024      5     12     09     27     30    000   6.52  -6.72  -3.17
2024      5     12     09     28     30    000   6.53  -6.74  -3.16
2024      5     12     09     29     30    000   6.54  -6.77  -3.15
2024      5     12     09     30     30    000   6.54  -6.79  -3.14
2024      5     12     09     31     30    000   6.55  -6.81  -3.13
2024      5     12     09     32     30    000   6.56  -6.84  -3.12
2024      5     12     09     33     30    000   6.57  -6.86  -3.11
2024      5     12     09     34     30    000   6.58  -6.88  -3.10
2024      5     12     09     35     30    000   6.59  -6.90  -3.09
2024      5     12     09     36     30    000   6.60  -6.93  -3.08
2024      5     12     09     37     30    000   6.61  -6.95  -3.07
2024      5     12     09     38     30    000   6.62  -6.97  -3.06
2024      5     12     09     39     30    000   6.63  -6.99  -3.05
2024      5     12     09     40     30    000   6.63  -7.02  -3.04
2024      5     12     09     41     30    000   6.64  -7.04  -3.03
2024      5     12     09     42     30    000   6.65  -7.06  -3.02
2024      5     12     09     43     30    000   6.66  -7.08  -3.01
2024      5     12     09     44     30    000   6.67  -7.10  -3.00
2024      5     12     09     45     30    000   6.68  -7.13  -2.99
2024      5     12     09     46     30    000   6.69  -7.15  -2.98
2024      5     12     09     47     30    000   6.70  -7.17  -2.97
2024      5     12     09     48     30    000   6.70  -7.19  -2.96
2024      5     12     09     49     30    000   6.71  -7.21  -2.95
2024      5     12     09     50     30    000   6.72  -7.24  -2.94
2024      5     12     09     51     30    000   6.73  -7.26  -2.93
2024      5     12     09     52     30    000   6.74  -7.28  -2.92
2024      5     12     09     53     30    000   6.75  -7.30  -2.91
2024      5     12     09     54     30    000   6.75  -7.32  -2.90
2024      5     12     09     55     30    000   6.76  -7.35  -2.89
2024      5     12     09     56     30    000   6.77  -7.37  -2.88
2024      5     12     09     57     30    000   6.78  -7.39  -2.87
2024      5     12     09     58     30    000   6.79  -7.41  -2.86
2024      5     12     09     59     30    000   6.80  -7.43  -2.85
2024      5     12     10     00     30    000   6.80  -7.45  -2.84
2024      5     12     10     01     30    000   6.81  -7.47  -2.83
2024      5     12     10     02     30    000   6.82  -7.50  -2.82
2024      5     12     10     03     30    000   6.83  -7.52  -2.81
2024      5     12     10     04     30    000   6.84  -7.54  -2.80
2024      5     12     10     05     30    000   6.84  -7.56  -2.79
2024      5     12     10     06     30    000   6.85  -7.58  -2.78
2024      5     12     10     07     30    000   6.86  -7.60  -2.77
2024      5     12     10     08     30    000   6.87  -7.62  -2.76
2024      5     12     10     09     30    000   6.87  -7.64  -2.75
2024      5     12     10     10     30    000   6.88  -7.66  -2.74
2024      5     12     10     11     30    000   6.89  -7.68  -2.73
2024      5     12     10     12     30    000   6.90  -7.71  -2.72
2024      5     12     10     13     30    000   6.91  -7.73  -2.71
2024      5     12     10     14     30    000   6.91  -7.75  -2.70
2024      5     12     10     15     30    000   6.92  -7.77  -2.69
2024      5     12     10     16     30    000   6.93  -7.79  -2.68
2024      5     12     10     17     30    000   6.94  -7.81  -2.67
2024      5     12     10     18     30    000   6.94  -7.83  -2.66
2024      5     12     10     19     30    000   6.95  -7.85  -2.65
2024      5     12     10     20     30    000   6.96  -7.87  -2.64
2024      5     12     10     21     30    000   6.97  -7.89  -2.63
2024      5     12     10     22     30    000   6.97  -7.91  -2.62
2024      5     12     10     23     30    000   6.98  -7.93  -2.61
2024      5     12     10     24     30    000   6.99  -7.95  -2.60
2024      5     12     10     25     30    000   7.00  -7.97  -2.59
2024      5     12     10     26     30    000   7.00  -7.99  -2.58
2024      5     12     10     27     30    000   7.01  -8.01  -2.57
2024      5     12     10     28     30    000   7.02  -8.03  -2.56
2024      5     12     10     29     30    000   7.02  -8.05  -2.55
2024      5     12     10     30     30    000   7.03  -8.07  -2.54
2024      5     12     10     31     30    000   7.04  -8.09  -2.53
2024      5     12     10     32     30    000   7.05  -8.11  -2.52
2024      5     12     10     33     30    000   7.05  -8.13  -2.51
2024      5     12     10     34     30    000   7.06  -8.15  -2.50
2024      5     12     10     35     30    000   7.07  -8.17  -2.49
2024      5     12     10     36     30    000   7.07  -8.19  -2.48
2024      5     12     10     37     30    000   7.08  -8.21  -2.47
2024      5     12     10     38     30    000   7.09  -8.23  -2.46
2024      5     12     10     39     30    000   7.10  -8.25  -2.45
2024      5     12     10     40     30    000   7.10  -8.27  -2.44
2024      5     12     10     41     30    000   7.11  -8.29  -2.43
2024      5     12     10     42     30    000   7.12  -8.31  -2.42
2024      5     12     10     43     30    000   7.12  -8.33  -2.41
2024      5     12     10     44     30    000   7.13  -8.35  -2.40
2024      5     12     10     45     30    000   7.14  -8.37  -2.39
2024      5     12     10     46     30    000   7.14  -8.39  -2.38
2024      5     12     10     47     30    000   7.15  -8.41  -2.37
2024      5     12     10     48     30    000   7.16  -8.43  -2.36
2024      5     12     10     49     30    000   7.16  -8.45  -2.35
2024      5     12     10     50     30    000   7.17  -8.46  -2.34
2024      5     12     10     51     30    000   7.18  -8.48  -2.33
2024      5     12     10     52     30    000   7.18  -8.50  -2.32
2024      5     12     10     53     30    000   7.19  -8.52  -2.31
2024      5     12     10     54     30    000   7.20  -8.54  -2.30
2024      5     12     10     55     30    000   7.20  -8.56  -2.30
2024      5     12     10     56     30    000   7.21  -8.58  -2.29
2024      5     12     10     57     30    000   7.21  -8.60  -2.28
2024      5     12     10     58     30    000   7.22  -8.62  -2.27
2024      5     12     10     59     30    000   7.23  -8.64  -2.26
2024      5     12     11     00     30    000   7.23  -8.65  -2.25
2024      5     12     11     01     30    000   7.24  -8.67  -2.24
2024      5     12     11     02     30    000   7.25  -8.69  -2.23
2024      5     12     11     03     30    000   7.25  -8.71  -2.22
2024      5     12     11     04     30    000   7.26  -8.73  -2.21
2024      5     12     11     05     30    000   7.26  -8.75  -2.20
2024      5     12     11     06     30    000   7.27  -8.77  -2.19
2024      5     12     11     07     30    000   7.28  -8.78  -2.18
2024      5     12     11     08     30    000   7.28  -8.80  -2.17
2024      5     12     11     09     30    000   7.29  -8.82  -2.16
2024      5     12     11     10     30    000   7.30  -8.84  -2.16
2024      5     12     11     11     30    000   7.30  -8.86  -2.15
2024      5     12     11     12     30    000   7.31  -8.88  -2.14
2024      5     12     11     13     30    000   7.31  -8.89  -2.13
2024      5     12     11     14     30    000   7.32  -8.91  -2.12
2024      5     12     11     15     30    000   7.33  -8.93  -2.11
2024      5     12     11     16     30    000   7.33  -8.95  -2.10
2024      5     12     11     17     30    000   7.34  -8.97  -2.09
2024      5     12     11     18     30    000   7.34  -8.99  -2.08
2024      5     12     11     19     30    000   7.35  -9.00  -2.07
2024      5     12     11     20     30    000   7.35  -9.02  -2.06
2024      5     12     11     21     30    000   7.36  -9.04  -2.06
2024      5     12     11     22     30    000   7.37  -9.06  -2.05
2024      5     12     11     23     30    000   7.37  -9.08  -2.04
2024      5     12     11     24     30    000   7.38  -9.09  -2.03
2024      5     12     11     25     30    000   7.38  -9.11  -2.02
2024      5     12     11     26     30    000   7.39  -9.13  -2.01
2024      5     12     11     27     30    000   7.39  -9.15  -2.00
2024      5     12     11     28     30    000   7.40  -9.17  -1.99
2024      5     12     11     29     30    000   7.41  -9.18  -1.98
2024      5     12     11     30     30    000   7.41  -9.20  -1.98
2024      5     12     11     31     30    000   7.42  -9.22  -1.97
2024      5     12     11     32     30    000   7.42  -9.24  -1.96
2024      5     12     11     33     30    000   7.43  -9.25  -1.95
2024      5     12     11     34     30    000   7.43  -9.27  -1.94
2024      5     12     11     35     30    000   7.44  -9.29  -1.93
2024      5     12     11     36     30    000   7.44  -9.31  -1.92
2024      5     12     11     37     30    000   7.45  -9.32  -1.92
2024      5     12     11     38     30    000   7.45  -9.34  -1.91
2024      5     12     11     39     30    000   7.46  -9.36  -1.90
2024      5     12     11     40     30    000   7.47  -9.38  -1.89
2024      5     12     11     41     30    000   7.47  -9.39  -1.88
2024      5     12     11     42     30    000   7.48  -9.41  -1.87
2024      5     12     11     43     30    000   7.48  -9.43  -1.86
2024      5     12     11     44     30    000   7.49  -9.45  -1.86
2024      5     12     11     45     30    000   7.49  -9.46  -1.85
2024      5     12     11     46     30    000   7.50  -9.48  -1.84
2024      5     12     11     47     30    000   7.50  -9.50  -1.83
2024      5     12     11     48     30    000   7.51  -9.51  -1.82
2024      5     12     11     49     30    000   7.51  -9.53  -1.82
2024      5     12     11     50     30    000   7.52  -9.55  -1.81
2024      5     12     11     51     30    000   7.52  -9.56  -1.80
2024      5     12     11     52     30    000   7.53  -9.58  -1.79
2024      5     12     11     53     30    000   7.53  -9.60  -1.78
2024      5     12     11     54     30    000   7.54  -9.62  -1.77
2024      5     12     11     55     30    000   7.54  -9.63  -1.77
2024      5     12     11     56     30    000   7.55  -9.65  -1.76
2024      5     12     11     57     30    000   7.55  -9.67  -1.75
2024      5     12     11     58     30    000   7.56  -9.68  -1.74
2024      5     12     11     59     30    000   7.56  -9.70  -1.74
2024      5     12     12     00     30    000   7.57  -9.72  -1.73
2024      5     12     12     01     30    000   7.57  -9.73  -1.72
2024      5     12     12     02     30    000   7.58  -9.75  -1.71
2024      5     12     12     03     30    000   7.58  -9.77  -1.70
2024      5     12     12     04     30    000   7.59  -9.78  -1.70
2024      5     12     12     05     30    000   7.59  -9.80  -1.69
2024      5     12     12     06     30    000   7.60  -9.82  -1.68
2024      5     12     12     07     30    000   7.60  -9.83  -1.67
2024      5     12     12     08     30    000   7.60  -9.85  -1.67
2024      5     12     12     09     30    000   7.61  -9.87  -1.66
2024      5     12     12     10     30    000   7.61  -9.88  -1.65
2024      5     12     12     11     30    000   7.62  -9.90  -1.64
2024      5     12     12     12     30    000   7.62  -9.92  -1.64
2024      5     12     12     13     30    000   7.63  -9.93  -1.63
2024      5     12     12     14     30    000   7.63  -9.95  -1.62
2024      5     12     12     15     30    000   7.64  -9.96  -1.61
2024      5     12     12     16     30    000   7.64  -9.98  -1.61
2024      5     12     12     17     30    000   7.65 -10.00  -1.60
2024      5     12     12     18     30    000   7.65 -10.01  -1.59
2024      5     12     12     19     30    000   7.65 -10.03  -1.58
2024      5     12     12     20     30    000   7.66 -10.05  -1.58
2024      5     12     12     21     30    000   7.66 -10.06  -1.57
2024      5     12     12     22     30    000   7.67 -10.08  -1.56
2024      5     12     12     23     30    000   7.67 -10.09  -1.56
2024      5     12     12     24     30    000   7.68 -10.11  -1.55
2024      5     12     12     25     30    000   7.68 -10.13  -1.54
2024      5     12     12     26     30    000   7.69 -10.14  -1.54
2024      5     12     12     27     30    000   7.69 -10.16  -1.53
2024      5     12     12     28     30    000   7.69 -10.17  -1.52
2024      5     12     12     29     30    000   7.70 -10.19  -1.51
2024      5     12     12     30     30    000   7.70 -10.21  -1.51
2024      5     12     12     31     30    000   7.71 -10.22  -1.50
2024      5     12     12     32     30    000   7.71 -10.24  -1.49
2024      5     12     12     33     30    000   7.71 -10.25  -1.49
2024      5     12     12     34     30    000   7.72 -10.27  -1.48
2024      5     12     12     35     30    000   7.72 -10.28  -1.47
2024      5     12     12     36     30    000   7.73 -10.30  -1.47
2024      5     12     12     37     30    000   7.73 -10.32  -1.46
2024      5     12     12     38     30    000   7.74 -10.33  -1.46
2024      5     12     12     39     30    000   7.74 -10.35  -1.45
2024      5     12     12     40     30    000   7.74 -10.36  -1.44
2024      5     12     12     41     30    000   7.75 -10.38  -1.44
2024      5     12     12     42     30    000   7.75 -10.39  -1.43
2024      5     12     12     43     30    000   7.76 -10.41  -1.42
2024      5     12     12     44     30    000   7.76 -10.43  -1.42
2024      5     12     12     45     30    000   7.76 -10.44  -1.41
2024      5     12     12     46     30    000   7.77 -10.46  -1.40
2024      5     12     12     47     30    000   7.77 -10.47  -1.40
2024      5     12     12     48     30    000   7.77 -10.49  -1.39
2024      5     12     12     49     30    000   7.78 -10.50  -1.39
2024      5     12     12     50     30    000   7.78 -10.52  -1.38
2024      5     12     12     51     30    000   7.79 -10.53  -1.37
2024      5     12     12     52     30    000   7.79 -10.55  -1.37
2024      5     12     12     53     30    000   7.79 -10.56  -1.36
2024      5     12     12     54     30    000   7.80 -10.58  -1.36
2024      5     12     12     55     30    000   7.80 -10.59  -1.35
2024      5     12     12     56     30    000   7.81 -10.61  -1.35
2024      5     12     12     57     30    000   7.81 -10.62  -1.34
2024      5     12     12     58     30    000   7.81 -10.64  -1.33
2024      5     12     12     59     30    000   7.82 -10.66  -1.33
2024      5     12     13     00     30    000   7.82 -10.67  -1.32
2024      5     12     13     01     30    000   7.82 -10.69  -1.32
2024      5     12     13     02     30    000   7.83 -10.70  -1.31
2024      5     12     13     03     30    000   7.83 -10.72  -1.31
2024      5     12     13     04     30    000   7.83 -10.73  -1.30
2024      5     12     13     05     30    000   7.84 -10.75  -1.30
2024      5     12     13     06     30    000   7.84 -10.76  -1.29
2024      5     12     13     07     30    000   7.84 -10.78  -1.28
2024      5     12     13     08     30    000   7.85 -10.79  -1.28
2024      5     12     13     09     30    000   7.85 -10.81  -1.27
2024      5     12     13     10     30    000   7.85 -10.82  -1.27
2024      5     12     13     11     30    000   7.86 -10.84  -1.26
2024      5     12     13     12     30    000   7.86 -10.85  -1.26
2024      5     12     13     13     30    000   7.87 -10.87  -1.25
2024      5     12     13     14     30    000   7.87 -10.88  -1.25
2024      5     12     13     15     30    000   7.87 -10.89  -1.24
2024      5     12     13     16     30    000   7.88 -10.91  -1.24
2024      5     12     13     17     30    000   7.88 -10.92  -1.23
2024      5     12     13     18     30    000   7.88 -10.94  -1.23
2024      5     12     13     19     30    000   7.89 -10.95  -1.22
2024      5     12     13     20     30    000   7.89 -10.97  -1.22
2024      5     12     13     21     30    000   7.89 -10.98  -1.21
2024      5     12     13     22     30    000   7.89 -11.00  -1.21
2024      5     12     13     23     30    000   7.90 -11.01  -1.20
2024      5     12     13     24     30    000   7.90 -11.03  -1.20
2024      5     12     13     25     30    000   7.90 -11.04  -1.20
2024      5     12     13     26     30    000   7.91 -11.06  -1.19
2024      5     12     13     27     30    000   7.91 -11.07  -1.19
2024      5     12     13     28     30    000   7.91 -11.09  -1.18
2024      5     12     13     29     30    000   7.92 -11.10  -1.18
2024      5     12     13     30     30    000   7.92 -11.11  -1.17
2024      5     12     13     31     30    000   7.92 -11.13  -1.17
2024      5     12     13     32     30    000   7.93 -11.14  -1.16
2024      5     12     13     33     30    000   7.93 -11.16  -1.16
2024      5     12     13     34     30    000   7.93 -11.17  -1.16
2024      5     12     13     35     30    000   7.94 -11.19  -1.15
2024      5     12     13     36     30    000   7.94 -11.20  -1.15
2024      5     12     13     37     30    000   7.94 -11.22  -1.14
2024      5     12     13     38     30    000   7.94 -11.23  -1.14
2024      5     12     13     39     30    000   7.95 -11.24  -1.14
2024      5     12     13     40     30    000   7.95 -11.26  -1.13
2024      5     12     13     41     30    000   7.95 -11.27  -1.13
2024      5     12     13     42     30    000   7.96 -11.29  -1.12
2024      5     12     13     43     30    000   7.96 -11.30  -1.12
2024      5     12     13     44     30    000   7.96 -11.32  -1.12
2024      5     12     13     45     30    000   7.96 -11.33  -1.11
2024      5     12     13     46     30    000   7.97 -11.34  -1.11
2024      5     12     13     47     30    000   7.97 -11.36  -1.11
2024      5     12     13     48     30    000   7.97 -11.37  -1.10
2024      5     12     13     49     30    000   7.98 -11.39  -1.10
2024      5     12     13     50     30    000   7.98 -11.40  -1.10
2024      5     12     13     51     30    000   7.98 -11.41  -1.09
2024      5     12     13     52     30    000   7.98 -11.43  -1.09
2024      5     12     13     53     30    000   7.99 -11.44  -1.09
2024      5     12     13     54     30    000   7.99 -11.46  -1.08
2024      5     12     13     55     30    000   7.99 -11.47  -1.08
2024      5     12     13     56     30    000   7.99 -11.48  -1.08
2024      5     12     13     57     30    000   8.00 -11.50  -1.07
2024      5     12     13     58     30    000   8.00 -11.51  -1.07
2024      5     12     13     59     30    000   8.00 -11.53  -1.07
2024      5     12     14     00     30    000   8.00 -11.54  -1.06
2024      5     12     14     01     30    000   8.01 -11.55  -1.06
2024      5     12     14     02     30    000   8.01 -11.57  -1.06
2024      5     12     14     03     30    000   8.01 -11.58  -1.05
2024      5     12     14     04     30    000   8.01 -11.60  -1.05
2024      5     12     14     05     30    000   8.02 -11.61  -1.05
2024      5     12     14     06     30    000   8.02 -11.62  -1.05
2024      5     12     14     07     30    000   8.02 -11.64  -1.04
2024      5     12     14     08     30    000   8.02 -11.65  -1.04
2024      5     12     14     09     30    000   8.03 -11.66  -1.04
2024      5     12     14     10     30    000   8.03 -11.68  -1.03
2024      5     12     14     11     30    000   8.03 -11.69  -1.03
2024      5     12     14     12     30    000   8.03 -11.70  -1.03
2024      5     12     14     13     30    000   8.04 -11.72  -1.03
2024      5     12     14     14     30    000   8.04 -11.73  -1.02
2024      5     12     14     15     30    000   8.04 -11.75  -1.02
2024      5     12     14     16     30    000   8.04 -11.76  -1.02
2024      5     12     14     17     30    000   8.05 -11.77  -1.02
2024      5     12     14     18     30    000   8.05 -11.79  -1.01
2024      5     12     14     19     30    000   8.05 -11.80  -1.01
2024      5     12     14     20     30    000   8.05 -11.81  -1.01
2024      5     12     14     21     30    000   8.06 -11.83  -1.01
2024      5     12     14     22     30    000   8.06 -11.84  -1.01
2024      5     12     14     23     30    000   8.06 -11.85  -1.00
2024      5     12     14     24     30    000   8.06 -11.87  -1.00
2024      5     12     14     25     30    000   8.06 -11.88  -1.00
2024      5     12     14     26     30    000   8.07 -11.89  -1.00
2024      5     12     14     27     30    000   8.07 -11.91  -1.00
2024      5     12     14     28     30    000   8.07 -11.92  -0.99
2024      5     12     14     29     30    000   8.07 -11.93  -0.99
2024      5     12     14     30     30    000   8.07 -11.95  -0.99
2024      5     12     14     31     30    000   8.08 -11.96  -0.99
2024      5     12     14     32     30    000   8.08 -11.97  -0.99
2024      5     12     14     33     30    000   8.08 -11.99  -0.99
2024      5     12     14     34     30    000   8.08 -12.00  -0.98
2024      5     12     14     35     30    000   8.09 -12.01  -0.98
2024      5     12     14     36     30    000   8.09 -12.03  -0.98
2024      5     12     14     37     30    000   8.09 -12.04  -0.98
2024      5     12     14     38     30    000   8.09 -12.05  -0.98
2024      5     12     14     39     30    000   8.09 -12.07  -0.98
2024      5     12     14     40     30    000   8.09 -12.08  -0.97
2024      5     12     14     41     30    000   8.10 -12.09  -0.97
2024      5     12     14     42     30    000   8.10 -12.11  -0.97
2024      5     12     14     43     30    000   8.10 -12.12  -0.97
2024      5     12     14     44     30    000   8.10 -12.13  -0.97
2024      5     12     14     45     30    000   8.10 -12.15  -0.97
2024      5     12     14     46     30    000   8.11 -12.16  -0.97
2024      5     12     14     47     30    000   8.11 -12.17  -0.97
2024      5     12     14     48     30    000   8.11 -12.19  -0.97
2024      5     12     14     49     30    000   8.11 -12.20  -0.96
2024      5     12     14     50     30    000   8.11 -12.21  -0.96
2024      5     12     14     51     30    000   8.12 -12.22  -0.96
2024      5     12     14     52     30    000   8.12 -12.24  -0.96
2024      5     12     14     53     30    000   8.12 -12.25  -0.96
2024      5     12     14     54     30    000   8.12 -12.26  -0.96
2024      5     12     14     55     30    000   8.12 -12.28  -0.96
2024      5     12     14     56     30    000   8.12 -12.29  -0.96
2024      5     12     14     57     30    000   8.13 -12.30  -0.96
2024      5     12     14     58     30    000   8.13 -12.31  -0.96
2024      5     12     14     59     30    000   8.13 -12.33  -0.96
2024      5     12     15     00     30    000   8.13 -12.34  -0.96
2024      5     12     15     01     30    000   8.13 -12.35  -0.96
2024      5     12     15     02     30    000   8.13 -12.37  -0.95
2024      5     12     15     03     30    000   8.14 -12.38  -0.95
2024      5     12     15     04     30    000   8.14 -12.39  -0.95
2024      5     12     15     05     30    000   8.14 -12.40  -0.95
2024      5     12     15     06     30    000   8.14 -12.42  -0.95
2024      5     12     15     07     30    000   8.14 -12.43  -0.95
2024      5     12     15     08     30    000   8.14 -12.44  -0.95
2024      5     12     15     09     30    000   8.15 -12.46  -0.95
2024      5     12     15     10     30    000   8.15 -12.47  -0.95
2024      5     12     15     11     30    000   8.15 -12.48  -0.95
2024      5     12     15     12     30    000   8.15 -12.49  -0.95
2024      5     12     15     13     30    000   8.15 -12.51  -0.95
2024      5     12     15     14     30    000   8.15 -12.52  -0.95
2024      5     12     15     15     30    000   8.15 -12.53  -0.95
2024      5     12     15     16     30    000   8.16 -12.54  -0.95
2024      5     12     15     17     30    000   8.16 -12.56  -0.95
2024      5     12     15     18     30    000   8.16 -12.57  -0.95
2024      5     12     15     19     30    000   8.16 -12.58  -0.95
2024      5     12     15     20     30    000   8.16 -12.59  -0.95
2024      5     12     15     21     30    000   8.16 -12.61  -0.95
2024      5     12     15     22     30    000   8.16 -12.62  -0.95
2024      5     12     15     23     30    000   8.17 -12.63  -0.95
2024      5     12     15     24     30    000   8.17 -12.64  -0.95
2024      5     12     15     25     30    000   8.17 -12.66  -0.95
2024      5     12     15     26     30    000   8.17 -12.67  -0.95
2024      5     12     15     27     30    000   8.17 -12.68  -0.95
2024      5     12     15     28     30    000   8.17 -12.69  -0.95
2024      5     12     15     29     30    000   8.17 -12.71  -0.96
2024      5     12     15     30     30    000   8.17 -12.72  -0.96
2024      5     12     15     31     30    000   8.18 -12.73  -0.96
2024      5     12     15     32     30    000   8.18 -12.74  -0.96
2024      5     12     15     33     30    000   8.18 -12.76  -0.96
2024      5     12     15     34     30    000   8.18 -12.77  -0.96
2024      5     12     15     35     30    000   8.18 -12.78  -0.96
2024      5     12     15     36     30    000   8.18 -12.79  -0.96
2024      5     12     15     37     30    000   8.18 -12.80  -0.96
2024      5     12     15     38     30    000   8.18 -12.82  -0.96
2024      5     12     15     39     30    000   8.19 -12.83  -0.96
2024      5     12     15     40     30    000   8.19 -12.84  -0.96
2024      5     12     15     41     30    000   8.19 -12.85  -0.96
2024      5     12     15     42     30    000   8.19 -12.87  -0.96
2024      5     12     15     43     30    000   8.19 -12.88  -0.97
2024      5     12     15     44     30    000   8.19 -12.89  -0.97
2024      5     12     15     45     30    000   8.19 -12.90  -0.97
2024      5     12     15     46     30    000   8.19 -12.91  -0.97
2024      5     12     15     47     30    000   8.19 -12.93  -0.97
2024      5     12     15     48     30    000   8.20 -12.94  -0.97
2024      5     12     15     49     30    000   8.20 -12.95  -0.97
2024      5     12     15     50     30    000   8.20 -12.96  -0.97
2024      5     12     15     51     30    000   8.20 -12.97  -0.97
2024      5     12     15     52     30    000   8.20 -12.99  -0.98
2024      5     12     15     53     30    000   8.20 -13.00  -0.98
2024      5     12     15     54     30    000   8.20 -13.01  -0.98
2024      5     12     15     55     30    000   8.20 -13.02  -0.98
2024      5     12     15     56     30    000   8.20 -13.03  -0.98
2024      5     12     15     57     30    000   8.20 -13.05  -0.98
2024      5     12     15     58     30    000   8.20 -13.06  -0.98
2024      5     12     15     59     30    000   8.21 -13.07  -0.99
2024      5     12     16     00     30    000   8.21 -13.08  -0.99
2024      5     12     16     01     30    000   8.21 -13.09  -0.99
2024      5     12     16     02     30    000   8.21 -13.11  -0.99
2024      5     12     16     03     30    000   8.21 -13.12  -0.99
2024      5     12     16     04     30    000   8.21 -13.13  -0.99
2024      5     12     16     05     30    000   8.21 -13.14  -0.99
2024      5     12     16     06     30    000   8.21 -13.15  -1.00
2024      5     12     16     07     30    000   8.21 -13.17  -1.00
2024      5     12     16     08     30    000   8.21 -13.18  -1.00
2024      5     12     16     09     30    000   8.21 -13.19  -1.00
2024      5     12     16     10     30    000   8.21 -13.20  -1.00
2024      5     12     16     11     30    000   8.22 -13.21  -1.00
2024      5     12     16     12     30    000   8.22 -13.22  -1.01
2024      5     12     16     13     30    000   8.22 -13.24  -1.01
2024      5     12     16     14     30    000   8.22 -13.25  -1.01
2024      5     12     16     15     30    000   8.22 -13.26  -1.01
2024      5     12     16     16     30    000   8.22 -13.27  -1.01
2024      5     12     16     17     30    000   8.22 -13.28  -1.02
2024      5     12     16     18     30    000   8.22 -13.29  -1.02
2024      5     12     16     19     30    000   8.22 -13.31  -1.02
2024      5     12     16     20     30    000   8.22 -13.32  -1.02
2024      5     12     16     21     30    000   8.22 -13.33  -1.02
2024      5     12     16     22     30    000   8.22 -13.34  -1.03
2024      5     12     16     23     30    000   8.22 -13.35  -1.03
2024      5     12     16     24     30    000   8.22 -13.36  -1.03
2024      5     12     16     25     30    000   8.22 -13.38  -1.03
2024      5     12     16     26     30    000   8.22 -13.39  -1.03
2024      5     12     16     27     30    000   8.23 -13.40  -1.04
2024      5     12     16     28     30    000   8.23 -13.41  -1.04
2024      5     12     16     29     30    000   8.23 -13.42  -1.04
2024      5     12     16     30     30    000   8.23 -13.43  -1.04
2024      5     12     16     31     30    000   8.23 -13.44  -1.05
2024      5     12     16     32     30    000   8.23 -13.46  -1.05
2024      5     12     16     33     30    000   8.23 -13.47  -1.05
2024      5     12     16     34     30    000   8.23 -13.48  -1.05
2024      5     12     16     35     30    000   8.23 -13.49  -1.05
2024      5     12     16     36     30    000   8.23 -13.50  -1.06
2024      5     12     16     37     30    000   8.23 -13.51  -1.06
2024      5     12     16     38     30    000   8.23 -13.52  -1.06
2024      5     12     16     39     30    000   8.23 -13.54  -1.06
2024      5     12     16     40     30    000   8.23 -13.55  -1.07
2024      5     12     16     41     30    000   8.23 -13.56  -1.07
2024      5     12     16     42     30    000   8.23 -13.57  -1.07
2024      5     12     16     43     30    000   8.23 -13.58  -1.07
2024      5     12     16     44     30    000   8.23 -13.59  -1.08
2024      5     12     16     45     30    000   8.23 -13.60  -1.08
2024      5     12     16     46     30    000   8.23 -13.61  -1.08
2024      5     12     16     47     30    000   8.23 -13.63  -1.08
2024      5     12     16     48     30    000   8.23 -13.64  -1.09
2024      5     12     16     49     30    000   8.23 -13.65  -1.09
2024      5     12     16     50     30    000   8.23 -13.66  -1.09
2024      5     12     16     51     30    000   8.23 -13.67  -1.09
2024      5     12     16     52     30    000   8.23 -13.68  -1.10
2024      5     12     16     53     30    000   8.24 -13.69  -1.10
2024      5     12     16     54     30    000   8.24 -13.70  -1.10
2024      5     12     16     55     30    000   8.24 -13.72  -1.10
2024      5     12     16     56     30    000   8.24 -13.73  -1.11
2024      5     12     16     57     30    000   8.24 -13.74  -1.11
2024      5     12     16     58     30    000   8.24 -13.75  -1.11
2024      5     12     16     59     30    000   8.24 -13.76  -1.12
2024      5     12     17     00     30    000   8.24 -13.77  -1.12
2024      5     12     17     01     30    000   8.24 -13.78  -1.12
2024      5     12     17     02     30    000   8.24 -13.79  -1.12
2024      5     12     17     03     30    000   8.24 -13.80  -1.13
2024      5     12     17     04     30    000   8.24 -13.81  -1.13
2024      5     12     17     05     30    000   8.24 -13.83  -1.13
2024      5     12     17     06     30    000   8.24 -13.84  -1.14
2024      5     12     17     07     30    000   8.24 -13.85  -1.14
2024      5     12     17     08     30    000   8.24 -13.86  -1.14
2024      5     12     17     09     30    000   8.24 -13.87  -1.14
2024      5     12     17     10     30    000   8.24 -13.88  -1.15
2024      5     12     17     11     30    000   8.24 -13.89  -1.15
2024      5     12     17     12     30    000   8.24 -13.90  -1.15
2024      5     12     17     13     30    000   8.24 -13.91  -1.16
2024      5     12     17     14     30    000   8.24 -13.92  -1.16
2024      5     12     17     15     30    000   8.24 -13.93  -1.16
2024      5     12     17     16     30    000   8.24 -13.95  -1.16
2024      5     12     17     17     30    000   8.24 -13.96  -1.17
2024      5     12     17     18     30    000   8.24 -13.97  -1.17
2024      5     12     17     19     30    000   8.24 -13.98  -1.17
2024      5     12     17     20     30    000   8.24 -13.99  -1.18
2024      5     12     17     21     30    000   8.24 -14.00  -1.18
2024      5     12     17     22     30    000   8.24 -14.01  -1.18
2024      5     12     17     23     30    000   8.24 -14.02  -1.18
2024      5     12     17     24     30    000   8.24 -14.03  -1.19
2024      5     12     17     25     30    000   8.24 -14.04  -1.19
2024      5     12     17     26     30    000   8.24 -14.05  -1.19
2024      5     12     17     27     30    000   8.24 -14.06  -1.20
2024      5     12     17     28     30    000   8.24 -14.07  -1.20
2024      5     12     17     29     30    000   8.24 -14.08  -1.20
2024      5     12     17     30     30    000   8.24 -14.10  -1.21
2024      5     12     17     31     30    000   8.24 -14.11  -1.21
2024      5     12     17     32     30    000   8.24 -14.12  -1.21
2024      5     12     17     33     30    000   8.24 -14.13  -1.21
2024      5     12     17     34     30    000   8.24 -14.14  -1.22
2024      5     12     17     35     30    000   8.24 -14.15  -1.22
2024      5     12     17     36     30    000   8.23 -14.16  -1.22
2024      5     12     17     37     30    000   8.23 -14.17  -1.23
2024      5     12     17     38     30    000   8.23 -14.18  -1.23
2024      5     12     17     39     30    000   8.23 -14.19  -1.23
2024      5     12     17     40     30    000   8.23 -14.20  -1.24
2024      5     12     17     41     30    000   8.23 -14.21  -1.24
2024      5     12     17     42     30    000   8.23 -14.22  -1.24
2024      5     12     17     43     30    000   8.23 -14.23  -1.24
2024      5     12     17     44     30    000   8.23 -14.24  -1.25
2024      5     12     17     45     30    000   8.23 -14.25  -1.25
2024      5     12     17     46     30    000   8.23 -14.26  -1.25
2024      5     12     17     47     30    000   8.23 -14.27  -1.26
2024      5     12     17     48     30    000   8.23 -14.28  -1.26
2024      5     12     17     49     30    000   8.23 -14.29  -1.26
2024      5     12     17     50     30    000   8.23 -14.31  -1.27
2024      5     12     17     51     30    000   8.23 -14.32  -1.27
2024      5     12     17     52     30    000   8.23 -14.33  -1.27
2024      5     12     17     53     30    000   8.23 -14.34  -1.28
2024      5     12     17     54     30    000   8.23 -14.35  -1.28
2024      5     12     17     55     30    000   8.23 -14.36  -1.28
2024      5     12     17     56     30    000   8.23 -14.37  -1.28
2024      5     12     17     57     30    000   8.23 -14.38  -1.29
2024      5     12     17     58     30    000   8.23 -14.39  -1.29
2024      5     12     17     59     30    000   8.23 -14.40  -1.29
2024      5     12     18     00     30    000   8.23 -14.41  -1.30
2024      5     12     18     01     30    000   8.23 -14.42  -1.30
2024      5     12     18     02     30    000   8.23 -14.43  -1.30
2024      5     12     18     03     30    000   8.22 -14.44  -1.31
2024      5     12     18     04     30    000   8.22 -14.45  -1.31
2024      5     12     18     05     30    000   8.22 -14.46  -1.31
2024      5     12     18     06     30    000   8.22 -14.47  -1.31
2024      5     12     18     07     30    000   8.22 -14.48  -1.32
2024      5     12     18     08     30    000   8.22 -14.49  -1.32
2024      5     12     18     09     30    000   8.22 -14.50  -1.32
2024      5     12     18     10     30    000   8.22 -14.51  -1.33
2024      5     12     18     11     30    000   8.22 -14.52  -1.33
2024      5     12     18     12     30    000   8.22 -14.53  -1.33
2024      5     12     18     13     30    000   8.22 -14.54  -1.33
2024      5     12     18     14     30    000   8.22 -14.55  -1.34
2024      5     12     18     15     30    000   8.22 -14.56  -1.34
2024      5     12     18     16     30    000   8.22 -14.57  -1.34
2024      5     12     18     17     30    000   8.22 -14.58  -1.35
2024      5     12     18     18     30    000   8.22 -14.59  -1.35
2024      5     12     18     19     30    000   8.22 -14.60  -1.35
2024      5     12     18     20     30    000   8.21 -14.61  -1.35
2024      5     12     18     21     30    000   8.21 -14.62  -1.36
2024      5     12     18     22     30    000   8.21 -14.63  -1.36
2024      5     12     18     23     30    000   8.21 -14.64  -1.36
2024      5     12     18     24     30    000   8.21 -14.65  -1.37
2024      5     12     18     25     30    000   8.21 -14.66  -1.37
2024      5     12     18     26     30    000   8.21 -14.67  -1.37
2024      5     12     18     27     30    000   8.21 -14.68  -1.37
2024      5     12     18     28     30    000   8.21 -14.69  -1.38
2024      5     12     18     29     30    000   8.21 -14.70  -1.38
2024      5     12     18     30     30    000   8.21 -14.71  -1.38
2024      5     12     18     31     30    000   8.21 -14.72  -1.39
2024      5     12     18     32     30    000   8.21 -14.73  -1.39
2024      5     12     18     33     30    000   8.20 -14.74  -1.39
2024      5     12     18     34     30    000   8.20 -14.75  -1.39
2024      5     12     18     35     30    000   8.20 -14.76  -1.40
2024      5     12     18     36     30    000   8.20 -14.77  -1.40
2024      5     12     18     37     30    000   8.20 -14.78  -1.40
2024      5     12     18     38     30    000   8.20 -14.79  -1.40
2024      5     12     18     39     30    000   8.20 -14.80  -1.41
2024      5     12     18     40     30    000   8.20 -14.81  -1.41
2024      5     12     18     41     30    000   8.20 -14.82  -1.41
2024      5     12     18     42     30    000   8.20 -14.83  -1.41
2024      5     12     18     43     30    000   8.20 -14.84  -1.42
2024      5     12     18     44     30    000   8.20 -14.85  -1.42
2024      5     12     18     45     30    000   8.19 -14.86  -1.42
2024      5     12     18     46     30    000   8.19 -14.87  -1.42
2024      5     12     18     47     30    000   8.19 -14.88  -1.43
2024      5     12     18     48     30    000   8.19 -14.89  -1.43
2024      5     12     18     49     30    000   8.19 -14.90  -1.43
2024      5     12     18     50     30    000   8.19 -14.91  -1.43
2024      5     12     18     51     30    000   8.19 -14.92  -1.44
2024      5     12     18     52     30    000   8.19 -14.92  -1.44
2024      5     12     18     53     30    000   8.19 -14.93  -1.44
2024      5     12     18     54     30    000   8.19 -14.94  -1.44
2024      5     12     18     55     30    000   8.18 -14.95  -1.45
2024      5     12     18     56     30    000   8.18 -14.96  -1.45
2024      5     12     18     57     30    000   8.18 -14.97  -1.45
2024      5     12     18     58     30    000   8.18 -14.98  -1.45
2024      5     12     18     59     30    000   8.18 -14.99  -1.46
2024      5     12     19     00     30    000   8.18 -15.00  -1.46
2024      5     12     19     01     30    000   8.18 -15.01  -1.46
2024      5     12     19     02     30    000   8.18 -15.02  -1.46
2024      5     12     19     03     30    000   8.18 -15.03  -1.46
2024      5     12     19     04     30    000   8.18 -15.04  -1.47
2024      5     12     19     05     30    000   8.17 -15.05  -1.47
2024      5     12     19     06     30    000   8.17 -15.06  -1.47
2024      5     12     19     07     30    000   8.17 -15.07  -1.47
2024      5     12     19     08     30    000   8.17 -15.08  -1.47
2024      5     12     19     09     30    000   8.17 -15.09  -1.48
2024      5     12     19     10     30    000   8.17 -15.10  -1.48
2024      5     12     19     11     30    000   8.17 -15.11  -1.48
2024      5     12     19     12     30    000   8.17 -15.12  -1.48
2024      5     12     19     13     30    000   8.17 -15.13  -1.48
2024      5     12     19     14     30    000   8.16 -15.13  -1.49
2024      5     12     19     15     30    000   8.16 -15.14  -1.49
2024      5     12     19     16     30    000   8.16 -15.15  -1.49
2024      5     12     19     17     30    000   8.16 -15.16  -1.49
2024      5     12     19     18     30    000   8.16 -15.17  -1.49
2024      5     12     19     19     30    000   8.16 -15.18  -1.49
2024      5     12     19     20     30    000   8.16 -15.19  -1.50
2024      5     12     19     21     30    000   8.16 -15.20  -1.50
2024      5     12     19     22     30    000   8.15 -15.21  -1.50
2024      5     12     19     23     30    000   8.15 -15.22  -1.50
2024      5     12     19     24     30    000   8.15 -15.23  -1.50
2024      5     12     19     25     30    000   8.15 -15.24  -1.50
2024      5     12     19     26     30    000   8.15 -15.25  -1.51
2024      5     12     19     27     30    000   8.15 -15.26  -1.51
2024      5     12     19     28     30    000   8.15 -15.27  -1.51
2024      5     12     19     29     30    000   8.15 -15.28  -1.51
2024      5     12     19     30     30    000   8.14 -15.28  -1.51
2024      5     12     19     31     30    000   8.14 -15.29  -1.51
2024      5     12     19     32     30    000   8.14 -15.30  -1.51
2024      5     12     19     33     30    000   8.14 -15.31  -1.52
2024      5     12     19     34     30    000   8.14 -15.32  -1.52
2024      5     12     19     35     30    000   8.14 -15.33  -1.52
2024      5     12     19     36     30    000   8.14 -15.34  -1.52
2024      5     12     19     37     30    000   8.13 -15.35  -1.52
2024      5     12     19     38     30    000   8.13 -15.36  -1.52
2024      5     12     19     39     30    000   8.13 -15.37  -1.52
2024      5     12     19     40     30    000   8.13 -15.38  -1.52
2024      5     12     19     41     30    000   8.13 -15.39  -1.53
2024      5     12     19     42     30    000   8.13 -15.39  -1.53
2024      5     12     19     43     30    000   8.13 -15.40  -1.53
2024      5     12     19     44     30    000   8.12 -15.41  -1.53
2024      5     12     19     45     30    000   8.12 -15.42  -1.53
2024      5     12     19     46     30    000   8.12 -15.43  -1.53
2024      5     12     19     47     30    000   8.12 -15.44  -1.53
2024      5     12     19     48     30    000   8.12 -15.45  -1.53
2024      5     12     19     49     30    000   8.12 -15.46  -1.53
2024      5     12     19     50     30    000   8.12 -15.47  -1.53
2024      5     12     19     51     30    000   8.11 -15.48  -1.54
2024      5     12     19     52     30    000   8.11 -15.49  -1.54
2024      5     12     19     53     30    000   8.11 -15.50  -1.54
2024      5     12     19     54     30    000   8.11 -15.50  -1.54
2024      5     12     19     55     30    000   8.11 -15.51  -1.54
2024      5     12     19     56     30    000   8.11 -15.52  -1.54
2024      5     12     19     57     30    000   8.10 -15.53  -1.54
2024      5     12     19     58     30    000   8.10 -15.54  -1.54
2024      5     12     19     59     30    000   8.10 -15.55  -1.54
2024      5     12     20     00     30    000   8.10 -15.56  -1.54
2024      5     12     20     01     30    000   8.10 -15.57  -1.54
2024      5     12     20     02     30    000   8.10 -15.58  -1.54
2024      5     12     20     03     30    000   8.10 -15.59  -1.54
2024      5     12     20     04     30    000   8.09 -15.59  -1.54
2024      5     12     20     05     30    000   8.09 -15.60  -1.54
2024      5     12     20     06     30    000   8.09 -15.61  -1.54
2024      5     12     20     07     30    000   8.09 -15.62  -1.54
2024      5     12     20     08     30    000   8.09 -15.63  -1.54
2024      5     12     20     09     30    000   8.09 -15.64  -1.54
2024      5     12     20     10     30    000   8.08 -15.65  -1.54
2024      5     12     20     11     30    000   8.08 -15.66  -1.54
2024      5     12     20     12     30    000   8.08 -15.67  -1.54
2024      5     12     20     13     30    000   8.08 -15.67  -1.54
2024      5     12     20     14     30    000   8.08 -15.68  -1.54
2024      5     12     20     15     30    000   8.08 -15.69  -1.54
2024      5     12     20     16     30    000   8.07 -15.70  -1.54
2024      5     12     20     17     30    000   8.07 -15.71  -1.54
2024      5     12     20     18     30    000   8.07 -15.72  -1.54
2024      5     12     20     19     30    000   8.07 -15.73  -1.54
2024      5     12     20     20     30    000   8.07 -15.74  -1.54
2024      5     12     20     21     30    000   8.06 -15.75  -1.54
2024      5     12     20     22     30    000   8.06 -15.75  -1.54
2024      5     12     20     23     30    000   8.06 -15.76  -1.54
2024      5     12     20     24     30    000   8.06 -15.77  -1.54
2024      5     12     20     25     30    000   8.06 -15.78  -1.54
2024      5     12     20     26     30    000   8.06 -15.79  -1.54
2024      5     12     20     27     30    000   8.05 -15.80  -1.54
2024      5     12     20     28     30    000   8.05 -15.81  -1.54
2024      5     12     20     29     30    000   8.05 -15.82  -1.54
2024      5     12     20     30     30    000   8.05 -15.83  -1.54
2024      5     12     20     31     30    000   8.05 -15.83  -1.54
2024      5     12     20     32     30    000   8.04 -15.84  -1.53
2024      5     12     20     33     30    000   8.04 -15.85  -1.53
2024      5     12     20     34     30    000   8.04 -15.86  -1.53
2024      5     12     20     35     30    000   8.04 -15.87  -1.53
2024      5     12     20     36     30    000   8.04 -15.88  -1.53
2024      5     12     20     37     30    000   8.04 -15.89  -1.53
2024      5     12     20     38     30    000   8.03 -15.90  -1.53
2024      5     12     20     39     30    000   8.03 -15.90  -1.53
2024      5     12     20     40     30    000   8.03 -15.91  -1.53
2024      5     12     20     41     30    000   8.03 -15.92  -1.53
2024      5     12     20     42     30    000   8.03 -15.93  -1.52
2024      5     12     20     43     30    000   8.02 -15.94  -1.52
2024      5     12     20     44     30    000   8.02 -15.95  -1.52
2024      5     12     20     45     30    000   8.02 -15.96  -1.52
2024      5     12     20     46     30    000   8.02 -15.96  -1.52
2024      5     12     20     47     30    000   8.02 -15.97  -1.52
2024      5     12     20     48     30    000   8.01 -15.98  -1.52
2024      5     12     20     49     30    000   8.01 -15.99  -1.51
2024      5     12     20     50     30    000   8.01 -16.00  -1.51
2024      5     12     20     51     30    000   8.01 -16.01  -1.51
2024      5     12     20     52     30    000   8.01 -16.02  -1.51
2024      5     12     20     53     30    000   8.00 -16.02  -1.51
2024      5     12     20     54     30    000   8.00 -16.03  -1.51
2024      5     12     20     55     30    000   8.00 -16.04  -1.50
2024      5     12     20     56     30    000   8.00 -16.05  -1.50
2024      5     12     20     57     30    000   8.00 -16.06  -1.50
2024      5     12     20     58     30    000   7.99 -16.07  -1.50
2024      5     12     20     59     30    000   7.99 -16.08  -1.50
2024      5     12     21     00     30    000   7.99 -16.08  -1.49
2024      5     12     21     01     30    000   7.99 -16.09  -1.49
2024      5     12     21     02     30    000   7.99 -16.10  -1.49
2024      5     12     21     03     30    000   7.98 -16.11  -1.49
2024      5     12     21     04     30    000   7.98 -16.12  -1.49
2024      5     12     21     05     30    000   7.98 -16.13  -1.48
2024      5     12     21     06     30    000   7.98 -16.14  -1.48
2024      5     12     21     07     30    000   7.98 -16.14  -1.48
2024      5     12     21     08     30    000   7.97 -16.15  -1.48
2024      5     12     21     09     30    000   7.97 -16.16  -1.47
2024      5     12     21     10     30    000   7.97 -16.17  -1.47
2024      5     12     21     11     30    000   7.97 -16.18  -1.47
2024      5     12     21     12     30    000   7.96 -16.19  -1.47
2024      5     12     21     13     30    000   7.96 -16.19  -1.46
2024      5     12     21     14     30    000   7.96 -16.20  -1.46
2024      5     12     21     15     30    000   7.96 -16.21  -1.46
2024      5     12     21     16     30    000   7.96 -16.22  -1.46
2024      5     12     21     17     30    000   7.95 -16.23  -1.45
2024      5     12     21     18     30    000   7.95 -16.24  -1.45
2024      5     12     21     19     30    000   7.95 -16.25  -1.45
2024      5     12     21     20     30    000   7.95 -16.25  -1.44
2024      5     12     21     21     30    000   7.94 -16.26  -1.44
2024      5     12     21     22     30    000   7.94 -16.27  -1.44
2024      5     12     21     23     30    000   7.94 -16.28  -1.43
2024      5     12     21     24     30    000   7.94 -16.29  -1.43
2024      5     12     21     25     30    000   7.94 -16.30  -1.43
2024      5     12     21     26     30    000   7.93 -16.30  -1.42
2024      5     12     21     27     30    000   7.93 -16.31  -1.42
2024      5     12     21     28     30    000   7.93 -16.32  -1.42
2024      5     12     21     29     30    000   7.93 -16.33  -1.41
2024      5     12     21     30     30    000   7.92 -16.34  -1.41
2024      5     12     21     31     30    000   7.92 -16.35  -1.41
2024      5     12     21     32     30    000   7.92 -16.35  -1.40
2024      5     12     21     33     30    000   7.92 -16.36  -1.40
2024      5     12     21     34     30    000   7.92 -16.37  -1.40
2024      5     12     21     35     30    000   7.91 -16.38  -1.39
2024      5     12     21     36     30    000   7.91 -16.39  -1.39
2024      5     12     21     37     30    000   7.91 -16.39  -1.38
2024      5     12     21     38     30    000   7.91 -16.40  -1.38
2024      5     12     21     39     30    000   7.90 -16.41  -1.38
2024      5     12     21     40     30    000   7.90 -16.42  -1.37
2024      5     12     21     41     30    000   7.90 -16.43  -1.37
2024      5     12     21     42     30    000   7.90 -16.44  -1.36
2024      5     12     21     43     30    000   7.89 -16.44  -1.36
2024      5     12     21     44     30    000   7.89 -16.45  -1.36
2024      5     12     21     45     30    000   7.89 -16.46  -1.35
2024      5     12     21     46     30    000   7.89 -16.47  -1.35
2024      5     12     21     47     30    000   7.88 -16.48  -1.34
2024      5     12     21     48     30    000   7.88 -16.48  -1.34
2024      5     12     21     49     30    000   7.88 -16.49  -1.33
2024      5     12     21     50     30    000   7.88 -16.50  -1.33
2024      5     12     21     51     30    000   7.87 -16.51  -1.33
2024      5     12     21     52     30    000   7.87 -16.52  -1.32
2024      5     12     21     53     30    000   7.87 -16.53  -1.32
2024      5     12     21     54     30    000   7.87 -16.53  -1.31
2024      5     12     21     55     30    000   7.86 -16.54  -1.31
2024      5     12     21     56     30    000   7.86 -16.55  -1.30
2024      5     12     21     57     30    000   7.86 -16.56  -1.30
2024      5     12     21     58     30    000   7.86 -16.57  -1.29
2024      5     12     21     59     30    000   7.85 -16.57  -1.29
2024      5     12     22     00     30    000   7.85 -16.58  -1.28
2024      5     12     22     01     30    000   7.85 -16.59  -1.28
2024      5     12     22     02     30    000   7.85 -16.60  -1.27
2024      5     12     22     03     30    000   7.84 -16.61  -1.27
2024      5     12     22     04     30    000   7.84 -16.61  -1.26
2024      5     12     22     05     30    000   7.84 -16.62  -1.26
2024      5     12     22     06     30    000   7.84 -16.63  -1.25
2024      5     12     22     07     30    000   7.83 -16.64  -1.24
2024      5     12     22     08     30    000   7.83 -16.65  -1.24
2024      5     12     22     09     30    000   7.83 -16.65  -1.23
2024      5     12     22     10     30    000   7.83 -16.66  -1.23
2024      5     12     22     11     30    000   7.82 -16.67  -1.22
2024      5     12     22     12     30    000   7.82 -16.68  -1.22
2024      5     12     22     13     30    000   7.82 -16.68  -1.21
2024      5     12     22     14     30    000   7.82 -16.69  -1.21
2024      5     12     22     15     30    000   7.81 -16.70  -1.20
2024      5     12     22     16     30    000   7.81 -16.71  -1.19
2024      5     12     22     17     30    000   7.81 -16.72  -1.19
2024      5     12     22     18     30    000   7.81 -16.72  -1.18
2024      5     12     22     19     30    000   7.80 -16.73  -1.18
2024      5     12     22     20     30    000   7.80 -16.74  -1.17
2024      5     12     22     21     30    000   7.80 -16.75  -1.16
2024      5     12     22     22     30    000   7.80 -16.76  -1.16
2024      5     12     22     23     30    000   7.79 -16.76  -1.15
2024      5     12     22     24     30    000   7.79 -16.77  -1.14
2024      5     12     22     25     30    000   7.79 -16.78  -1.14
2024      5     12     22     26     30    000   7.78 -16.79  -1.13
2024      5     12     22     27     30    000   7.78 -16.79  -1.13
2024      5     12     22     28     30    000   7.78 -16.80  -1.12
2024      5     12     22     29     30    000   7.78 -16.81  -1.11
2024      5     12     22     30     30    000   7.77 -16.82  -1.11
2024      5     12     22     31     30    000   7.77 -16.83  -1.10
2024      5     12     22     32     30    000   7.77 -16.83  -1.09
2024      5     12     22     33     30    000   7.77 -16.84  -1.08
2024      5     12     22     34     30    000   7.76 -16.85  -1.08
2024      5     12     22     35     30    000   7.76 -16.86  -1.07
2024      5     12     22     36     30    000   7.76 -16.86  -1.06
2024      5     12     22     37     30    000   7.75 -16.87  -1.06
2024      5     12     22     38     30    000   7.75 -16.88  -1.05
2024      5     12     22     39     30    000   7.75 -16.89  -1.04
2024      5     12     22     40     30    000   7.75 -16.89  -1.04
2024      5     12     22     41     30    000   7.74 -16.90  -1.03
2024      5     12     22     42     30    000   7.74 -16.91  -1.02
2024      5     12     22     43     30    000   7.74 -16.92  -1.01
2024      5     12     22     44     30    000   7.73 -16.92  -1.01
2024      5     12     22     45     30    000   7.73 -16.93  -1.00
2024      5     12     22     46     30    000   7.73 -16.94  -0.99
2024      5     12     22     47     30    000   7.73 -16.95  -0.98
2024      5     12     22     48     30    000   7.72 -16.95  -0.98
2024      5     12     22     49     30    000   7.72 -16.96  -0.97
2024      5     12     22     50     30    000   7.72 -16.97  -0.96
2024      5     12     22     51     30    000   7.71 -16.98  -0.95
2024      5     12     22     52     30    000   7.71 -16.98  -0.94
2024      5     12     22     53     30    000   7.71 -16.99  -0.94
2024      5     12     22     54     30    000   7.71 -17.00  -0.93
2024      5     12     22     55     30    000   7.70 -17.01  -0.92
2024      5     12     22     56     30    000   7.70 -17.01  -0.91
2024      5     12     22     57     30    000   7.70 -17.02  -0.90
2024      5     12     22     58     30    000   7.69 -17.03  -0.90
2024      5     12     22     59     30    000   7.69 -17.04  -0.89
2024      5     12     23     00     30    000   7.69 -17.04  -0.88
2024      5     12     23     01     30    000   7.69 -17.05  -0.87
2024      5     12     23     02     30    000   7.68 -17.06  -0.86
2024      5     12     23     03     30    000   7.68 -17.07  -0.85
2024      5     12     23     04     30    000   7.68 -17.07  -0.85
2024      5     12     23     05     30    000   7.67 -17.08  -0.84
2024      5     12     23     06     30    000   7.67 -17.09  -0.83
2024      5     12     23     07     30    000   7.67 -17.09  -0.82
2024      5     12     23     08     30    000   7.67 -17.10  -0.81
2024      5     12     23     09     30    000   7.66 -17.11  -0.80
2024      5     12     23     10     30    000   7.66 -17.12  -0.79
2024      5     12     23     11     30    000   7.66 -17.12  -0.79
2024      5     12     23     12     30    000   7.65 -17.13  -0.78
2024      5     12     23     13     30    000   7.65 -17.14  -0.77
2024      5     12     23     14     30    000   7.65 -17.15  -0.76
2024      5     12     23     15     30    000   7.64 -17.15  -0.75
2024      5     12     23     16     30    000   7.64 -17.16  -0.74
2024      5     12     23     17     30    000   7.64 -17.17  -0.73
2024      5     12     23     18     30    000   7.64 -17.17  -0.72
2024      5     12     23     19     30    000   7.63 -17.18  -0.71
2024      5     12     23     20     30    000   7.63 -17.19  -0.70
2024      5     12     23     21     30    000   7.63 -17.20  -0.69
2024      5     12     23     22     30    000   7.62 -17.20  -0.68
2024      5     12     23     23     30    000   7.62 -17.21  -0.67
2024      5     12     23     24     30    000   7.62 -17.22  -0.66
2024      5     12     23     25     30    000   7.61 -17.22  -0.65
2024      5     12     23     26     30    000   7.61 -17.23  -0.65
2024      5     12     23     27     30    000   7.61 -17.24  -0.64
2024      5     12     23     28     30    000   7.60 -17.24  -0.63
2024      5     12     23     29     30    000   7.60 -17.25  -0.62
2024      5     12     23     30     30    000   7.60 -17.26  -0.61
2024      5     12     23     31     30    000   7.59 -17.26  -0.60
2024      5     12     23     32     30    000   7.59 -17.27  -0.59
2024      5     12     23     33     30    000   7.59 -17.28  -0.58
2024      5     12     23     34     30    000   7.59 -17.29  -0.57
2024      5     12     23     35     30    000   7.58 -17.29  -0.56
2024      5     12     23     36     30    000   7.58 -17.30  -0.54
2024      5     12     23     37     30    000   7.58 -17.31  -0.53
2024      5     12     23     38     30    000   7.57 -17.31  -0.52
2024      5     12     23     39     30    000   7.57 -17.32  -0.51
2024      5     12     23     40     30    000   7.57 -17.33  -0.50
2024      5     12     23     41     30    000   7.56 -17.33  -0.49
2024      5     12     23     42     30    000   7.56 -17.34  -0.48
2024      5     12     23     43     30    000   7.56 -17.35  -0.47
2024      5     12     23     44     30    000   7.55 -17.35  -0.46
2024      5     12     23     45     30    000   7.55 -17.36  -0.45
2024      5     12     23     46     30    000   7.55 -17.37  -0.44
2024      5     12     23     47     30    000   7.54 -17.37  -0.43
2024      5     12     23     48     30    000   7.54 -17.38  -0.42
2024      5     12     23     49     30    000   7.54 -17.39  -0.41
2024      5     12     23     50     30    000   7.53 -17.39  -0.40
2024      5     12     23     51     30    000   7.53 -17.40  -0.38
2024      5     12     23     52     30    000   7.53 -17.41  -0.37
2024      5     12     23     53     30    000   7.52 -17.41  -0.36
2024      5     12     23     54     30    000   7.52 -17.42  -0.35
2024      5     12     23     55     30    000   7.52 -17.43  -0.34
2024      5     12     23     56     30    000   7.51 -17.43  -0.33
2024      5     12     23     57     30    000   7.51 -17.44  -0.32
2024      5     12     23     58     30    000   7.51 -17.45  -0.31
2024      5     12     23     59     30    000   7.50 -17.45  -0.29
