cluster1 Created 2024-10-23 22:17:12.036961
Year Mo Dy Hr Mn Sc Msc X Y Z

#COORD
GSM

#START
2024      5     10     06     00     30    000   8.36 -11.15   1.32
2024      5     10     06     01     30    000   8.36 -11.16   1.34
2024      5     10     06     02     30    000   8.37 -11.18   1.35
2024      5     10     06     03     30    000   8.37 -11.19   1.37
2024      5     10     06     04     30    000   8.37 -11.21   1.39
2024      5     10     06     05     30    000   8.37 -11.22   1.40
2024      5     10     06     06     30    000   8.38 -11.24   1.42
2024      5     10     06     07     30    000   8.38 -11.25   1.43
2024      5     10     06     08     30    000   8.38 -11.26   1.45
2024      5     10     06     09     30    000   8.39 -11.28   1.46
2024      5     10     06     10     30    000   8.39 -11.29   1.48
2024      5     10     06     11     30    000   8.39 -11.31   1.49
2024      5     10     06     12     30    000   8.39 -11.32   1.51
2024      5     10     06     13     30    000   8.40 -11.34   1.53
2024      5     10     06     14     30    000   8.40 -11.35   1.54
2024      5     10     06     15     30    000   8.40 -11.36   1.56
2024      5     10     06     16     30    000   8.40 -11.38   1.57
2024      5     10     06     17     30    000   8.41 -11.39   1.59
2024      5     10     06     18     30    000   8.41 -11.41   1.60
2024      5     10     06     19     30    000   8.41 -11.42   1.62
2024      5     10     06     20     30    000   8.41 -11.43   1.63
2024      5     10     06     21     30    000   8.42 -11.45   1.65
2024      5     10     06     22     30    000   8.42 -11.46   1.66
2024      5     10     06     23     30    000   8.42 -11.47   1.68
2024      5     10     06     24     30    000   8.42 -11.49   1.70
2024      5     10     06     25     30    000   8.43 -11.50   1.71
2024      5     10     06     26     30    000   8.43 -11.52   1.73
2024      5     10     06     27     30    000   8.43 -11.53   1.74
2024      5     10     06     28     30    000   8.43 -11.54   1.76
2024      5     10     06     29     30    000   8.44 -11.56   1.77
2024      5     10     06     30     30    000   8.44 -11.57   1.79
2024      5     10     06     31     30    000   8.44 -11.58   1.80
2024      5     10     06     32     30    000   8.44 -11.60   1.82
2024      5     10     06     33     30    000   8.45 -11.61   1.84
2024      5     10     06     34     30    000   8.45 -11.62   1.85
2024      5     10     06     35     30    000   8.45 -11.64   1.87
2024      5     10     06     36     30    000   8.45 -11.65   1.88
2024      5     10     06     37     30    000   8.45 -11.66   1.90
2024      5     10     06     38     30    000   8.46 -11.68   1.91
2024      5     10     06     39     30    000   8.46 -11.69   1.93
2024      5     10     06     40     30    000   8.46 -11.70   1.94
2024      5     10     06     41     30    000   8.46 -11.72   1.96
2024      5     10     06     42     30    000   8.47 -11.73   1.98
2024      5     10     06     43     30    000   8.47 -11.74   1.99
2024      5     10     06     44     30    000   8.47 -11.76   2.01
2024      5     10     06     45     30    000   8.47 -11.77   2.02
2024      5     10     06     46     30    000   8.47 -11.78   2.04
2024      5     10     06     47     30    000   8.48 -11.79   2.05
2024      5     10     06     48     30    000   8.48 -11.81   2.07
2024      5     10     06     49     30    000   8.48 -11.82   2.08
2024      5     10     06     50     30    000   8.48 -11.83   2.10
2024      5     10     06     51     30    000   8.48 -11.85   2.12
2024      5     10     06     52     30    000   8.49 -11.86   2.13
2024      5     10     06     53     30    000   8.49 -11.87   2.15
2024      5     10     06     54     30    000   8.49 -11.88   2.16
2024      5     10     06     55     30    000   8.49 -11.90   2.18
2024      5     10     06     56     30    000   8.49 -11.91   2.19
2024      5     10     06     57     30    000   8.50 -11.92   2.21
2024      5     10     06     58     30    000   8.50 -11.93   2.22
2024      5     10     06     59     30    000   8.50 -11.95   2.24
2024      5     10     07     00     30    000   8.50 -11.96   2.26
2024      5     10     07     01     30    000   8.50 -11.97   2.27
2024      5     10     07     02     30    000   8.51 -11.98   2.29
2024      5     10     07     03     30    000   8.51 -12.00   2.30
2024      5     10     07     04     30    000   8.51 -12.01   2.32
2024      5     10     07     05     30    000   8.51 -12.02   2.33
2024      5     10     07     06     30    000   8.51 -12.03   2.35
2024      5     10     07     07     30    000   8.51 -12.05   2.36
2024      5     10     07     08     30    000   8.52 -12.06   2.38
2024      5     10     07     09     30    000   8.52 -12.07   2.39
2024      5     10     07     10     30    000   8.52 -12.08   2.41
2024      5     10     07     11     30    000   8.52 -12.09   2.42
2024      5     10     07     12     30    000   8.52 -12.11   2.44
2024      5     10     07     13     30    000   8.53 -12.12   2.46
2024      5     10     07     14     30    000   8.53 -12.13   2.47
2024      5     10     07     15     30    000   8.53 -12.14   2.49
2024      5     10     07     16     30    000   8.53 -12.16   2.50
2024      5     10     07     17     30    000   8.53 -12.17   2.52
2024      5     10     07     18     30    000   8.53 -12.18   2.53
2024      5     10     07     19     30    000   8.54 -12.19   2.55
2024      5     10     07     20     30    000   8.54 -12.20   2.56
2024      5     10     07     21     30    000   8.54 -12.22   2.58
2024      5     10     07     22     30    000   8.54 -12.23   2.59
2024      5     10     07     23     30    000   8.54 -12.24   2.61
2024      5     10     07     24     30    000   8.54 -12.25   2.62
2024      5     10     07     25     30    000   8.54 -12.26   2.64
2024      5     10     07     26     30    000   8.55 -12.27   2.65
2024      5     10     07     27     30    000   8.55 -12.29   2.67
2024      5     10     07     28     30    000   8.55 -12.30   2.68
2024      5     10     07     29     30    000   8.55 -12.31   2.70
2024      5     10     07     30     30    000   8.55 -12.32   2.72
2024      5     10     07     31     30    000   8.55 -12.33   2.73
2024      5     10     07     32     30    000   8.56 -12.34   2.75
2024      5     10     07     33     30    000   8.56 -12.36   2.76
2024      5     10     07     34     30    000   8.56 -12.37   2.78
2024      5     10     07     35     30    000   8.56 -12.38   2.79
2024      5     10     07     36     30    000   8.56 -12.39   2.81
2024      5     10     07     37     30    000   8.56 -12.40   2.82
2024      5     10     07     38     30    000   8.56 -12.41   2.84
2024      5     10     07     39     30    000   8.56 -12.42   2.85
2024      5     10     07     40     30    000   8.57 -12.44   2.87
2024      5     10     07     41     30    000   8.57 -12.45   2.88
2024      5     10     07     42     30    000   8.57 -12.46   2.90
2024      5     10     07     43     30    000   8.57 -12.47   2.91
2024      5     10     07     44     30    000   8.57 -12.48   2.93
2024      5     10     07     45     30    000   8.57 -12.49   2.94
2024      5     10     07     46     30    000   8.57 -12.50   2.96
2024      5     10     07     47     30    000   8.58 -12.51   2.97
2024      5     10     07     48     30    000   8.58 -12.53   2.99
2024      5     10     07     49     30    000   8.58 -12.54   3.00
2024      5     10     07     50     30    000   8.58 -12.55   3.02
2024      5     10     07     51     30    000   8.58 -12.56   3.03
2024      5     10     07     52     30    000   8.58 -12.57   3.05
2024      5     10     07     53     30    000   8.58 -12.58   3.06
2024      5     10     07     54     30    000   8.58 -12.59   3.07
2024      5     10     07     55     30    000   8.58 -12.60   3.09
2024      5     10     07     56     30    000   8.59 -12.61   3.10
2024      5     10     07     57     30    000   8.59 -12.63   3.12
2024      5     10     07     58     30    000   8.59 -12.64   3.13
2024      5     10     07     59     30    000   8.59 -12.65   3.15
2024      5     10     08     00     30    000   8.59 -12.66   3.16
2024      5     10     08     01     30    000   8.59 -12.67   3.18
2024      5     10     08     02     30    000   8.59 -12.68   3.19
2024      5     10     08     03     30    000   8.59 -12.69   3.21
2024      5     10     08     04     30    000   8.59 -12.70   3.22
2024      5     10     08     05     30    000   8.60 -12.71   3.24
2024      5     10     08     06     30    000   8.60 -12.72   3.25
2024      5     10     08     07     30    000   8.60 -12.73   3.27
2024      5     10     08     08     30    000   8.60 -12.74   3.28
2024      5     10     08     09     30    000   8.60 -12.75   3.29
2024      5     10     08     10     30    000   8.60 -12.77   3.31
2024      5     10     08     11     30    000   8.60 -12.78   3.32
2024      5     10     08     12     30    000   8.60 -12.79   3.34
2024      5     10     08     13     30    000   8.60 -12.80   3.35
2024      5     10     08     14     30    000   8.60 -12.81   3.37
2024      5     10     08     15     30    000   8.60 -12.82   3.38
2024      5     10     08     16     30    000   8.61 -12.83   3.40
2024      5     10     08     17     30    000   8.61 -12.84   3.41
2024      5     10     08     18     30    000   8.61 -12.85   3.42
2024      5     10     08     19     30    000   8.61 -12.86   3.44
2024      5     10     08     20     30    000   8.61 -12.87   3.45
2024      5     10     08     21     30    000   8.61 -12.88   3.47
2024      5     10     08     22     30    000   8.61 -12.89   3.48
2024      5     10     08     23     30    000   8.61 -12.90   3.49
2024      5     10     08     24     30    000   8.61 -12.91   3.51
2024      5     10     08     25     30    000   8.61 -12.92   3.52
2024      5     10     08     26     30    000   8.61 -12.93   3.54
2024      5     10     08     27     30    000   8.61 -12.94   3.55
2024      5     10     08     28     30    000   8.62 -12.95   3.57
2024      5     10     08     29     30    000   8.62 -12.96   3.58
2024      5     10     08     30     30    000   8.62 -12.97   3.59
2024      5     10     08     31     30    000   8.62 -12.98   3.61
2024      5     10     08     32     30    000   8.62 -12.99   3.62
2024      5     10     08     33     30    000   8.62 -13.00   3.63
2024      5     10     08     34     30    000   8.62 -13.01   3.65
2024      5     10     08     35     30    000   8.62 -13.03   3.66
2024      5     10     08     36     30    000   8.62 -13.04   3.68
2024      5     10     08     37     30    000   8.62 -13.05   3.69
2024      5     10     08     38     30    000   8.62 -13.06   3.70
2024      5     10     08     39     30    000   8.62 -13.07   3.72
2024      5     10     08     40     30    000   8.62 -13.08   3.73
2024      5     10     08     41     30    000   8.62 -13.09   3.75
2024      5     10     08     42     30    000   8.62 -13.10   3.76
2024      5     10     08     43     30    000   8.62 -13.11   3.77
2024      5     10     08     44     30    000   8.63 -13.12   3.79
2024      5     10     08     45     30    000   8.63 -13.13   3.80
2024      5     10     08     46     30    000   8.63 -13.14   3.81
2024      5     10     08     47     30    000   8.63 -13.15   3.83
2024      5     10     08     48     30    000   8.63 -13.16   3.84
2024      5     10     08     49     30    000   8.63 -13.17   3.85
2024      5     10     08     50     30    000   8.63 -13.18   3.87
2024      5     10     08     51     30    000   8.63 -13.19   3.88
2024      5     10     08     52     30    000   8.63 -13.20   3.89
2024      5     10     08     53     30    000   8.63 -13.20   3.91
2024      5     10     08     54     30    000   8.63 -13.21   3.92
2024      5     10     08     55     30    000   8.63 -13.22   3.93
2024      5     10     08     56     30    000   8.63 -13.23   3.95
2024      5     10     08     57     30    000   8.63 -13.24   3.96
2024      5     10     08     58     30    000   8.63 -13.25   3.97
2024      5     10     08     59     30    000   8.63 -13.26   3.99
2024      5     10     09     00     30    000   8.63 -13.27   4.00
2024      5     10     09     01     30    000   8.63 -13.28   4.01
2024      5     10     09     02     30    000   8.63 -13.29   4.03
2024      5     10     09     03     30    000   8.63 -13.30   4.04
2024      5     10     09     04     30    000   8.63 -13.31   4.05
2024      5     10     09     05     30    000   8.63 -13.32   4.06
2024      5     10     09     06     30    000   8.63 -13.33   4.08
2024      5     10     09     07     30    000   8.63 -13.34   4.09
2024      5     10     09     08     30    000   8.64 -13.35   4.10
2024      5     10     09     09     30    000   8.64 -13.36   4.12
2024      5     10     09     10     30    000   8.64 -13.37   4.13
2024      5     10     09     11     30    000   8.64 -13.38   4.14
2024      5     10     09     12     30    000   8.64 -13.39   4.15
2024      5     10     09     13     30    000   8.64 -13.40   4.17
2024      5     10     09     14     30    000   8.64 -13.41   4.18
2024      5     10     09     15     30    000   8.64 -13.42   4.19
2024      5     10     09     16     30    000   8.64 -13.43   4.20
2024      5     10     09     17     30    000   8.64 -13.44   4.22
2024      5     10     09     18     30    000   8.64 -13.45   4.23
2024      5     10     09     19     30    000   8.64 -13.46   4.24
2024      5     10     09     20     30    000   8.64 -13.47   4.25
2024      5     10     09     21     30    000   8.64 -13.48   4.27
2024      5     10     09     22     30    000   8.64 -13.48   4.28
2024      5     10     09     23     30    000   8.64 -13.49   4.29
2024      5     10     09     24     30    000   8.64 -13.50   4.30
2024      5     10     09     25     30    000   8.64 -13.51   4.32
2024      5     10     09     26     30    000   8.64 -13.52   4.33
2024      5     10     09     27     30    000   8.64 -13.53   4.34
2024      5     10     09     28     30    000   8.64 -13.54   4.35
2024      5     10     09     29     30    000   8.64 -13.55   4.36
2024      5     10     09     30     30    000   8.64 -13.56   4.38
2024      5     10     09     31     30    000   8.64 -13.57   4.39
2024      5     10     09     32     30    000   8.64 -13.58   4.40
2024      5     10     09     33     30    000   8.64 -13.59   4.41
2024      5     10     09     34     30    000   8.64 -13.60   4.42
2024      5     10     09     35     30    000   8.64 -13.61   4.44
2024      5     10     09     36     30    000   8.64 -13.62   4.45
2024      5     10     09     37     30    000   8.64 -13.63   4.46
2024      5     10     09     38     30    000   8.64 -13.64   4.47
2024      5     10     09     39     30    000   8.64 -13.64   4.48
2024      5     10     09     40     30    000   8.64 -13.65   4.50
2024      5     10     09     41     30    000   8.64 -13.66   4.51
2024      5     10     09     42     30    000   8.64 -13.67   4.52
2024      5     10     09     43     30    000   8.64 -13.68   4.53
2024      5     10     09     44     30    000   8.64 -13.69   4.54
2024      5     10     09     45     30    000   8.64 -13.70   4.55
2024      5     10     09     46     30    000   8.64 -13.71   4.56
2024      5     10     09     47     30    000   8.64 -13.72   4.58
2024      5     10     09     48     30    000   8.64 -13.73   4.59
2024      5     10     09     49     30    000   8.64 -13.74   4.60
2024      5     10     09     50     30    000   8.64 -13.75   4.61
2024      5     10     09     51     30    000   8.64 -13.76   4.62
2024      5     10     09     52     30    000   8.64 -13.77   4.63
2024      5     10     09     53     30    000   8.64 -13.77   4.64
2024      5     10     09     54     30    000   8.64 -13.78   4.65
2024      5     10     09     55     30    000   8.64 -13.79   4.67
2024      5     10     09     56     30    000   8.64 -13.80   4.68
2024      5     10     09     57     30    000   8.64 -13.81   4.69
2024      5     10     09     58     30    000   8.63 -13.82   4.70
2024      5     10     09     59     30    000   8.63 -13.83   4.71
2024      5     10     10     00     30    000   8.63 -13.84   4.72
2024      5     10     10     01     30    000   8.63 -13.85   4.73
2024      5     10     10     02     30    000   8.63 -13.86   4.74
2024      5     10     10     03     30    000   8.63 -13.87   4.75
2024      5     10     10     04     30    000   8.63 -13.88   4.76
2024      5     10     10     05     30    000   8.63 -13.88   4.77
2024      5     10     10     06     30    000   8.63 -13.89   4.78
2024      5     10     10     07     30    000   8.63 -13.90   4.79
2024      5     10     10     08     30    000   8.63 -13.91   4.81
2024      5     10     10     09     30    000   8.63 -13.92   4.82
2024      5     10     10     10     30    000   8.63 -13.93   4.83
2024      5     10     10     11     30    000   8.63 -13.94   4.84
2024      5     10     10     12     30    000   8.63 -13.95   4.85
2024      5     10     10     13     30    000   8.63 -13.96   4.86
2024      5     10     10     14     30    000   8.63 -13.97   4.87
2024      5     10     10     15     30    000   8.63 -13.98   4.88
2024      5     10     10     16     30    000   8.63 -13.98   4.89
2024      5     10     10     17     30    000   8.63 -13.99   4.90
2024      5     10     10     18     30    000   8.63 -14.00   4.91
2024      5     10     10     19     30    000   8.63 -14.01   4.92
2024      5     10     10     20     30    000   8.63 -14.02   4.93
2024      5     10     10     21     30    000   8.63 -14.03   4.94
2024      5     10     10     22     30    000   8.63 -14.04   4.95
2024      5     10     10     23     30    000   8.63 -14.05   4.96
2024      5     10     10     24     30    000   8.62 -14.06   4.97
2024      5     10     10     25     30    000   8.62 -14.07   4.98
2024      5     10     10     26     30    000   8.62 -14.08   4.99
2024      5     10     10     27     30    000   8.62 -14.08   5.00
2024      5     10     10     28     30    000   8.62 -14.09   5.01
2024      5     10     10     29     30    000   8.62 -14.10   5.02
2024      5     10     10     30     30    000   8.62 -14.11   5.03
2024      5     10     10     31     30    000   8.62 -14.12   5.03
2024      5     10     10     32     30    000   8.62 -14.13   5.04
2024      5     10     10     33     30    000   8.62 -14.14   5.05
2024      5     10     10     34     30    000   8.62 -14.15   5.06
2024      5     10     10     35     30    000   8.62 -14.16   5.07
2024      5     10     10     36     30    000   8.62 -14.17   5.08
2024      5     10     10     37     30    000   8.62 -14.18   5.09
2024      5     10     10     38     30    000   8.62 -14.18   5.10
2024      5     10     10     39     30    000   8.62 -14.19   5.11
2024      5     10     10     40     30    000   8.62 -14.20   5.12
2024      5     10     10     41     30    000   8.61 -14.21   5.13
2024      5     10     10     42     30    000   8.61 -14.22   5.14
2024      5     10     10     43     30    000   8.61 -14.23   5.14
2024      5     10     10     44     30    000   8.61 -14.24   5.15
2024      5     10     10     45     30    000   8.61 -14.25   5.16
2024      5     10     10     46     30    000   8.61 -14.26   5.17
2024      5     10     10     47     30    000   8.61 -14.27   5.18
2024      5     10     10     48     30    000   8.61 -14.28   5.19
2024      5     10     10     49     30    000   8.61 -14.28   5.20
2024      5     10     10     50     30    000   8.61 -14.29   5.21
2024      5     10     10     51     30    000   8.61 -14.30   5.21
2024      5     10     10     52     30    000   8.61 -14.31   5.22
2024      5     10     10     53     30    000   8.61 -14.32   5.23
2024      5     10     10     54     30    000   8.61 -14.33   5.24
2024      5     10     10     55     30    000   8.60 -14.34   5.25
2024      5     10     10     56     30    000   8.60 -14.35   5.26
2024      5     10     10     57     30    000   8.60 -14.36   5.26
2024      5     10     10     58     30    000   8.60 -14.37   5.27
2024      5     10     10     59     30    000   8.60 -14.38   5.28
2024      5     10     11     00     30    000   8.60 -14.38   5.29
2024      5     10     11     01     30    000   8.60 -14.39   5.30
2024      5     10     11     02     30    000   8.60 -14.40   5.30
2024      5     10     11     03     30    000   8.60 -14.41   5.31
2024      5     10     11     04     30    000   8.60 -14.42   5.32
2024      5     10     11     05     30    000   8.60 -14.43   5.33
2024      5     10     11     06     30    000   8.59 -14.44   5.33
2024      5     10     11     07     30    000   8.59 -14.45   5.34
2024      5     10     11     08     30    000   8.59 -14.46   5.35
2024      5     10     11     09     30    000   8.59 -14.47   5.36
2024      5     10     11     10     30    000   8.59 -14.48   5.37
2024      5     10     11     11     30    000   8.59 -14.48   5.37
2024      5     10     11     12     30    000   8.59 -14.49   5.38
2024      5     10     11     13     30    000   8.59 -14.50   5.39
2024      5     10     11     14     30    000   8.59 -14.51   5.39
2024      5     10     11     15     30    000   8.59 -14.52   5.40
2024      5     10     11     16     30    000   8.59 -14.53   5.41
2024      5     10     11     17     30    000   8.58 -14.54   5.42
2024      5     10     11     18     30    000   8.58 -14.55   5.42
2024      5     10     11     19     30    000   8.58 -14.56   5.43
2024      5     10     11     20     30    000   8.58 -14.57   5.44
2024      5     10     11     21     30    000   8.58 -14.58   5.44
2024      5     10     11     22     30    000   8.58 -14.58   5.45
2024      5     10     11     23     30    000   8.58 -14.59   5.46
2024      5     10     11     24     30    000   8.58 -14.60   5.47
2024      5     10     11     25     30    000   8.58 -14.61   5.47
2024      5     10     11     26     30    000   8.58 -14.62   5.48
2024      5     10     11     27     30    000   8.57 -14.63   5.49
2024      5     10     11     28     30    000   8.57 -14.64   5.49
2024      5     10     11     29     30    000   8.57 -14.65   5.50
2024      5     10     11     30     30    000   8.57 -14.66   5.50
2024      5     10     11     31     30    000   8.57 -14.67   5.51
2024      5     10     11     32     30    000   8.57 -14.68   5.52
2024      5     10     11     33     30    000   8.57 -14.69   5.52
2024      5     10     11     34     30    000   8.57 -14.70   5.53
2024      5     10     11     35     30    000   8.56 -14.70   5.54
2024      5     10     11     36     30    000   8.56 -14.71   5.54
2024      5     10     11     37     30    000   8.56 -14.72   5.55
2024      5     10     11     38     30    000   8.56 -14.73   5.55
2024      5     10     11     39     30    000   8.56 -14.74   5.56
2024      5     10     11     40     30    000   8.56 -14.75   5.57
2024      5     10     11     41     30    000   8.56 -14.76   5.57
2024      5     10     11     42     30    000   8.56 -14.77   5.58
2024      5     10     11     43     30    000   8.56 -14.78   5.58
2024      5     10     11     44     30    000   8.55 -14.79   5.59
2024      5     10     11     45     30    000   8.55 -14.80   5.59
2024      5     10     11     46     30    000   8.55 -14.81   5.60
2024      5     10     11     47     30    000   8.55 -14.82   5.61
2024      5     10     11     48     30    000   8.55 -14.82   5.61
2024      5     10     11     49     30    000   8.55 -14.83   5.62
2024      5     10     11     50     30    000   8.55 -14.84   5.62
2024      5     10     11     51     30    000   8.55 -14.85   5.63
2024      5     10     11     52     30    000   8.54 -14.86   5.63
2024      5     10     11     53     30    000   8.54 -14.87   5.64
2024      5     10     11     54     30    000   8.54 -14.88   5.64
2024      5     10     11     55     30    000   8.54 -14.89   5.65
2024      5     10     11     56     30    000   8.54 -14.90   5.65
2024      5     10     11     57     30    000   8.54 -14.91   5.66
2024      5     10     11     58     30    000   8.54 -14.92   5.66
2024      5     10     11     59     30    000   8.53 -14.93   5.67
2024      5     10     12     00     30    000   8.53 -14.94   5.67
2024      5     10     12     01     30    000   8.53 -14.95   5.68
2024      5     10     12     02     30    000   8.53 -14.96   5.68
2024      5     10     12     03     30    000   8.53 -14.96   5.69
2024      5     10     12     04     30    000   8.53 -14.97   5.69
2024      5     10     12     05     30    000   8.53 -14.98   5.70
2024      5     10     12     06     30    000   8.53 -14.99   5.70
2024      5     10     12     07     30    000   8.52 -15.00   5.70
2024      5     10     12     08     30    000   8.52 -15.01   5.71
2024      5     10     12     09     30    000   8.52 -15.02   5.71
2024      5     10     12     10     30    000   8.52 -15.03   5.72
2024      5     10     12     11     30    000   8.52 -15.04   5.72
2024      5     10     12     12     30    000   8.52 -15.05   5.73
2024      5     10     12     13     30    000   8.52 -15.06   5.73
2024      5     10     12     14     30    000   8.51 -15.07   5.73
2024      5     10     12     15     30    000   8.51 -15.08   5.74
2024      5     10     12     16     30    000   8.51 -15.09   5.74
2024      5     10     12     17     30    000   8.51 -15.10   5.75
2024      5     10     12     18     30    000   8.51 -15.11   5.75
2024      5     10     12     19     30    000   8.51 -15.12   5.75
2024      5     10     12     20     30    000   8.50 -15.13   5.76
2024      5     10     12     21     30    000   8.50 -15.13   5.76
2024      5     10     12     22     30    000   8.50 -15.14   5.76
2024      5     10     12     23     30    000   8.50 -15.15   5.77
2024      5     10     12     24     30    000   8.50 -15.16   5.77
2024      5     10     12     25     30    000   8.50 -15.17   5.77
2024      5     10     12     26     30    000   8.50 -15.18   5.78
2024      5     10     12     27     30    000   8.49 -15.19   5.78
2024      5     10     12     28     30    000   8.49 -15.20   5.78
2024      5     10     12     29     30    000   8.49 -15.21   5.79
2024      5     10     12     30     30    000   8.49 -15.22   5.79
2024      5     10     12     31     30    000   8.49 -15.23   5.79
2024      5     10     12     32     30    000   8.49 -15.24   5.80
2024      5     10     12     33     30    000   8.48 -15.25   5.80
2024      5     10     12     34     30    000   8.48 -15.26   5.80
2024      5     10     12     35     30    000   8.48 -15.27   5.81
2024      5     10     12     36     30    000   8.48 -15.28   5.81
2024      5     10     12     37     30    000   8.48 -15.29   5.81
2024      5     10     12     38     30    000   8.48 -15.30   5.81
2024      5     10     12     39     30    000   8.47 -15.31   5.82
2024      5     10     12     40     30    000   8.47 -15.32   5.82
2024      5     10     12     41     30    000   8.47 -15.33   5.82
2024      5     10     12     42     30    000   8.47 -15.34   5.82
2024      5     10     12     43     30    000   8.47 -15.35   5.83
2024      5     10     12     44     30    000   8.47 -15.36   5.83
2024      5     10     12     45     30    000   8.46 -15.36   5.83
2024      5     10     12     46     30    000   8.46 -15.37   5.83
2024      5     10     12     47     30    000   8.46 -15.38   5.83
2024      5     10     12     48     30    000   8.46 -15.39   5.84
2024      5     10     12     49     30    000   8.46 -15.40   5.84
2024      5     10     12     50     30    000   8.46 -15.41   5.84
2024      5     10     12     51     30    000   8.45 -15.42   5.84
2024      5     10     12     52     30    000   8.45 -15.43   5.84
2024      5     10     12     53     30    000   8.45 -15.44   5.85
2024      5     10     12     54     30    000   8.45 -15.45   5.85
2024      5     10     12     55     30    000   8.45 -15.46   5.85
2024      5     10     12     56     30    000   8.44 -15.47   5.85
2024      5     10     12     57     30    000   8.44 -15.48   5.85
2024      5     10     12     58     30    000   8.44 -15.49   5.85
2024      5     10     12     59     30    000   8.44 -15.50   5.85
2024      5     10     13     00     30    000   8.44 -15.51   5.86
2024      5     10     13     01     30    000   8.44 -15.52   5.86
2024      5     10     13     02     30    000   8.43 -15.53   5.86
2024      5     10     13     03     30    000   8.43 -15.54   5.86
2024      5     10     13     04     30    000   8.43 -15.55   5.86
2024      5     10     13     05     30    000   8.43 -15.56   5.86
2024      5     10     13     06     30    000   8.43 -15.57   5.86
2024      5     10     13     07     30    000   8.42 -15.58   5.86
2024      5     10     13     08     30    000   8.42 -15.59   5.86
2024      5     10     13     09     30    000   8.42 -15.60   5.87
2024      5     10     13     10     30    000   8.42 -15.61   5.87
2024      5     10     13     11     30    000   8.42 -15.62   5.87
2024      5     10     13     12     30    000   8.41 -15.63   5.87
2024      5     10     13     13     30    000   8.41 -15.64   5.87
2024      5     10     13     14     30    000   8.41 -15.65   5.87
2024      5     10     13     15     30    000   8.41 -15.66   5.87
2024      5     10     13     16     30    000   8.41 -15.67   5.87
2024      5     10     13     17     30    000   8.41 -15.68   5.87
2024      5     10     13     18     30    000   8.40 -15.69   5.87
2024      5     10     13     19     30    000   8.40 -15.70   5.87
2024      5     10     13     20     30    000   8.40 -15.71   5.87
2024      5     10     13     21     30    000   8.40 -15.72   5.87
2024      5     10     13     22     30    000   8.40 -15.73   5.87
2024      5     10     13     23     30    000   8.39 -15.74   5.87
2024      5     10     13     24     30    000   8.39 -15.75   5.87
2024      5     10     13     25     30    000   8.39 -15.76   5.87
2024      5     10     13     26     30    000   8.39 -15.77   5.87
2024      5     10     13     27     30    000   8.39 -15.78   5.87
2024      5     10     13     28     30    000   8.38 -15.79   5.87
2024      5     10     13     29     30    000   8.38 -15.80   5.87
2024      5     10     13     30     30    000   8.38 -15.81   5.87
2024      5     10     13     31     30    000   8.38 -15.82   5.87
2024      5     10     13     32     30    000   8.38 -15.83   5.87
2024      5     10     13     33     30    000   8.37 -15.84   5.87
2024      5     10     13     34     30    000   8.37 -15.85   5.87
2024      5     10     13     35     30    000   8.37 -15.86   5.87
2024      5     10     13     36     30    000   8.37 -15.87   5.87
2024      5     10     13     37     30    000   8.36 -15.88   5.87
2024      5     10     13     38     30    000   8.36 -15.89   5.86
2024      5     10     13     39     30    000   8.36 -15.90   5.86
2024      5     10     13     40     30    000   8.36 -15.91   5.86
2024      5     10     13     41     30    000   8.36 -15.92   5.86
2024      5     10     13     42     30    000   8.35 -15.93   5.86
2024      5     10     13     43     30    000   8.35 -15.94   5.86
2024      5     10     13     44     30    000   8.35 -15.95   5.86
2024      5     10     13     45     30    000   8.35 -15.96   5.86
2024      5     10     13     46     30    000   8.35 -15.97   5.86
2024      5     10     13     47     30    000   8.34 -15.98   5.85
2024      5     10     13     48     30    000   8.34 -15.99   5.85
2024      5     10     13     49     30    000   8.34 -16.00   5.85
2024      5     10     13     50     30    000   8.34 -16.01   5.85
2024      5     10     13     51     30    000   8.33 -16.02   5.85
2024      5     10     13     52     30    000   8.33 -16.03   5.85
2024      5     10     13     53     30    000   8.33 -16.04   5.84
2024      5     10     13     54     30    000   8.33 -16.05   5.84
2024      5     10     13     55     30    000   8.33 -16.06   5.84
2024      5     10     13     56     30    000   8.32 -16.07   5.84
2024      5     10     13     57     30    000   8.32 -16.08   5.84
2024      5     10     13     58     30    000   8.32 -16.09   5.84
2024      5     10     13     59     30    000   8.32 -16.10   5.83
2024      5     10     14     00     30    000   8.31 -16.11   5.83
2024      5     10     14     01     30    000   8.31 -16.12   5.83
2024      5     10     14     02     30    000   8.31 -16.13   5.83
2024      5     10     14     03     30    000   8.31 -16.14   5.82
2024      5     10     14     04     30    000   8.31 -16.15   5.82
2024      5     10     14     05     30    000   8.30 -16.16   5.82
2024      5     10     14     06     30    000   8.30 -16.17   5.82
2024      5     10     14     07     30    000   8.30 -16.18   5.82
2024      5     10     14     08     30    000   8.30 -16.19   5.81
2024      5     10     14     09     30    000   8.29 -16.20   5.81
2024      5     10     14     10     30    000   8.29 -16.21   5.81
2024      5     10     14     11     30    000   8.29 -16.22   5.81
2024      5     10     14     12     30    000   8.29 -16.23   5.80
2024      5     10     14     13     30    000   8.28 -16.24   5.80
2024      5     10     14     14     30    000   8.28 -16.25   5.80
2024      5     10     14     15     30    000   8.28 -16.26   5.79
2024      5     10     14     16     30    000   8.28 -16.27   5.79
2024      5     10     14     17     30    000   8.28 -16.28   5.79
2024      5     10     14     18     30    000   8.27 -16.29   5.78
2024      5     10     14     19     30    000   8.27 -16.30   5.78
2024      5     10     14     20     30    000   8.27 -16.32   5.78
2024      5     10     14     21     30    000   8.27 -16.33   5.78
2024      5     10     14     22     30    000   8.26 -16.34   5.77
2024      5     10     14     23     30    000   8.26 -16.35   5.77
2024      5     10     14     24     30    000   8.26 -16.36   5.77
2024      5     10     14     25     30    000   8.26 -16.37   5.76
2024      5     10     14     26     30    000   8.25 -16.38   5.76
2024      5     10     14     27     30    000   8.25 -16.39   5.76
2024      5     10     14     28     30    000   8.25 -16.40   5.75
2024      5     10     14     29     30    000   8.25 -16.41   5.75
2024      5     10     14     30     30    000   8.24 -16.42   5.74
2024      5     10     14     31     30    000   8.24 -16.43   5.74
2024      5     10     14     32     30    000   8.24 -16.44   5.74
2024      5     10     14     33     30    000   8.24 -16.45   5.73
2024      5     10     14     34     30    000   8.23 -16.46   5.73
2024      5     10     14     35     30    000   8.23 -16.47   5.72
2024      5     10     14     36     30    000   8.23 -16.48   5.72
2024      5     10     14     37     30    000   8.23 -16.49   5.72
2024      5     10     14     38     30    000   8.22 -16.50   5.71
2024      5     10     14     39     30    000   8.22 -16.51   5.71
2024      5     10     14     40     30    000   8.22 -16.52   5.70
2024      5     10     14     41     30    000   8.22 -16.53   5.70
2024      5     10     14     42     30    000   8.21 -16.54   5.70
2024      5     10     14     43     30    000   8.21 -16.55   5.69
2024      5     10     14     44     30    000   8.21 -16.56   5.69
2024      5     10     14     45     30    000   8.21 -16.57   5.68
2024      5     10     14     46     30    000   8.20 -16.58   5.68
2024      5     10     14     47     30    000   8.20 -16.59   5.67
2024      5     10     14     48     30    000   8.20 -16.60   5.67
2024      5     10     14     49     30    000   8.20 -16.61   5.66
2024      5     10     14     50     30    000   8.19 -16.62   5.66
2024      5     10     14     51     30    000   8.19 -16.63   5.66
2024      5     10     14     52     30    000   8.19 -16.64   5.65
2024      5     10     14     53     30    000   8.19 -16.65   5.65
2024      5     10     14     54     30    000   8.18 -16.66   5.64
2024      5     10     14     55     30    000   8.18 -16.67   5.64
2024      5     10     14     56     30    000   8.18 -16.68   5.63
2024      5     10     14     57     30    000   8.18 -16.69   5.63
2024      5     10     14     58     30    000   8.17 -16.70   5.62
2024      5     10     14     59     30    000   8.17 -16.72   5.62
2024      5     10     15     00     30    000   8.17 -16.73   5.61
2024      5     10     15     01     30    000   8.16 -16.74   5.61
2024      5     10     15     02     30    000   8.16 -16.75   5.60
2024      5     10     15     03     30    000   8.16 -16.76   5.60
2024      5     10     15     04     30    000   8.16 -16.77   5.59
2024      5     10     15     05     30    000   8.15 -16.78   5.58
2024      5     10     15     06     30    000   8.15 -16.79   5.58
2024      5     10     15     07     30    000   8.15 -16.80   5.57
2024      5     10     15     08     30    000   8.15 -16.81   5.57
2024      5     10     15     09     30    000   8.14 -16.82   5.56
2024      5     10     15     10     30    000   8.14 -16.83   5.56
2024      5     10     15     11     30    000   8.14 -16.84   5.55
2024      5     10     15     12     30    000   8.14 -16.85   5.55
2024      5     10     15     13     30    000   8.13 -16.86   5.54
2024      5     10     15     14     30    000   8.13 -16.87   5.53
2024      5     10     15     15     30    000   8.13 -16.88   5.53
2024      5     10     15     16     30    000   8.12 -16.89   5.52
2024      5     10     15     17     30    000   8.12 -16.90   5.52
2024      5     10     15     18     30    000   8.12 -16.91   5.51
2024      5     10     15     19     30    000   8.12 -16.92   5.50
2024      5     10     15     20     30    000   8.11 -16.93   5.50
2024      5     10     15     21     30    000   8.11 -16.94   5.49
2024      5     10     15     22     30    000   8.11 -16.95   5.49
2024      5     10     15     23     30    000   8.10 -16.96   5.48
2024      5     10     15     24     30    000   8.10 -16.97   5.47
2024      5     10     15     25     30    000   8.10 -16.98   5.47
2024      5     10     15     26     30    000   8.10 -16.99   5.46
2024      5     10     15     27     30    000   8.09 -17.00   5.46
2024      5     10     15     28     30    000   8.09 -17.01   5.45
2024      5     10     15     29     30    000   8.09 -17.02   5.44
2024      5     10     15     30     30    000   8.09 -17.03   5.44
2024      5     10     15     31     30    000   8.08 -17.04   5.43
2024      5     10     15     32     30    000   8.08 -17.05   5.42
2024      5     10     15     33     30    000   8.08 -17.06   5.42
2024      5     10     15     34     30    000   8.07 -17.07   5.41
2024      5     10     15     35     30    000   8.07 -17.08   5.40
2024      5     10     15     36     30    000   8.07 -17.09   5.40
2024      5     10     15     37     30    000   8.07 -17.10   5.39
2024      5     10     15     38     30    000   8.06 -17.11   5.38
2024      5     10     15     39     30    000   8.06 -17.12   5.38
2024      5     10     15     40     30    000   8.06 -17.13   5.37
2024      5     10     15     41     30    000   8.05 -17.14   5.36
2024      5     10     15     42     30    000   8.05 -17.15   5.36
2024      5     10     15     43     30    000   8.05 -17.16   5.35
2024      5     10     15     44     30    000   8.04 -17.17   5.34
2024      5     10     15     45     30    000   8.04 -17.18   5.34
2024      5     10     15     46     30    000   8.04 -17.19   5.33
2024      5     10     15     47     30    000   8.04 -17.20   5.32
2024      5     10     15     48     30    000   8.03 -17.21   5.31
2024      5     10     15     49     30    000   8.03 -17.22   5.31
2024      5     10     15     50     30    000   8.03 -17.23   5.30
2024      5     10     15     51     30    000   8.02 -17.24   5.29
2024      5     10     15     52     30    000   8.02 -17.25   5.29
2024      5     10     15     53     30    000   8.02 -17.26   5.28
2024      5     10     15     54     30    000   8.02 -17.27   5.27
2024      5     10     15     55     30    000   8.01 -17.28   5.26
2024      5     10     15     56     30    000   8.01 -17.29   5.26
2024      5     10     15     57     30    000   8.01 -17.30   5.25
2024      5     10     15     58     30    000   8.00 -17.31   5.24
2024      5     10     15     59     30    000   8.00 -17.32   5.23
2024      5     10     16     00     30    000   8.00 -17.33   5.23
2024      5     10     16     01     30    000   7.99 -17.34   5.22
2024      5     10     16     02     30    000   7.99 -17.35   5.21
2024      5     10     16     03     30    000   7.99 -17.36   5.20
2024      5     10     16     04     30    000   7.99 -17.37   5.20
2024      5     10     16     05     30    000   7.98 -17.38   5.19
2024      5     10     16     06     30    000   7.98 -17.39   5.18
2024      5     10     16     07     30    000   7.98 -17.40   5.17
2024      5     10     16     08     30    000   7.97 -17.41   5.17
2024      5     10     16     09     30    000   7.97 -17.42   5.16
2024      5     10     16     10     30    000   7.97 -17.43   5.15
2024      5     10     16     11     30    000   7.96 -17.44   5.14
2024      5     10     16     12     30    000   7.96 -17.45   5.13
2024      5     10     16     13     30    000   7.96 -17.46   5.13
2024      5     10     16     14     30    000   7.95 -17.47   5.12
2024      5     10     16     15     30    000   7.95 -17.48   5.11
2024      5     10     16     16     30    000   7.95 -17.49   5.10
2024      5     10     16     17     30    000   7.95 -17.50   5.10
2024      5     10     16     18     30    000   7.94 -17.51   5.09
2024      5     10     16     19     30    000   7.94 -17.52   5.08
2024      5     10     16     20     30    000   7.94 -17.53   5.07
2024      5     10     16     21     30    000   7.93 -17.54   5.06
2024      5     10     16     22     30    000   7.93 -17.55   5.06
2024      5     10     16     23     30    000   7.93 -17.56   5.05
2024      5     10     16     24     30    000   7.92 -17.57   5.04
2024      5     10     16     25     30    000   7.92 -17.58   5.03
2024      5     10     16     26     30    000   7.92 -17.59   5.02
2024      5     10     16     27     30    000   7.91 -17.60   5.01
2024      5     10     16     28     30    000   7.91 -17.61   5.01
2024      5     10     16     29     30    000   7.91 -17.62   5.00
2024      5     10     16     30     30    000   7.90 -17.63   4.99
2024      5     10     16     31     30    000   7.90 -17.64   4.98
2024      5     10     16     32     30    000   7.90 -17.64   4.97
2024      5     10     16     33     30    000   7.89 -17.65   4.97
2024      5     10     16     34     30    000   7.89 -17.66   4.96
2024      5     10     16     35     30    000   7.89 -17.67   4.95
2024      5     10     16     36     30    000   7.89 -17.68   4.94
2024      5     10     16     37     30    000   7.88 -17.69   4.93
2024      5     10     16     38     30    000   7.88 -17.70   4.92
2024      5     10     16     39     30    000   7.88 -17.71   4.92
2024      5     10     16     40     30    000   7.87 -17.72   4.91
2024      5     10     16     41     30    000   7.87 -17.73   4.90
2024      5     10     16     42     30    000   7.87 -17.74   4.89
2024      5     10     16     43     30    000   7.86 -17.75   4.88
2024      5     10     16     44     30    000   7.86 -17.76   4.87
2024      5     10     16     45     30    000   7.86 -17.77   4.86
2024      5     10     16     46     30    000   7.85 -17.78   4.86
2024      5     10     16     47     30    000   7.85 -17.79   4.85
2024      5     10     16     48     30    000   7.85 -17.80   4.84
2024      5     10     16     49     30    000   7.84 -17.81   4.83
2024      5     10     16     50     30    000   7.84 -17.81   4.82
2024      5     10     16     51     30    000   7.84 -17.82   4.81
2024      5     10     16     52     30    000   7.83 -17.83   4.80
2024      5     10     16     53     30    000   7.83 -17.84   4.80
2024      5     10     16     54     30    000   7.83 -17.85   4.79
2024      5     10     16     55     30    000   7.82 -17.86   4.78
2024      5     10     16     56     30    000   7.82 -17.87   4.77
2024      5     10     16     57     30    000   7.82 -17.88   4.76
2024      5     10     16     58     30    000   7.81 -17.89   4.75
2024      5     10     16     59     30    000   7.81 -17.90   4.74
2024      5     10     17     00     30    000   7.81 -17.91   4.74
2024      5     10     17     01     30    000   7.80 -17.92   4.73
2024      5     10     17     02     30    000   7.80 -17.93   4.72
2024      5     10     17     03     30    000   7.80 -17.93   4.71
2024      5     10     17     04     30    000   7.79 -17.94   4.70
2024      5     10     17     05     30    000   7.79 -17.95   4.69
2024      5     10     17     06     30    000   7.79 -17.96   4.68
2024      5     10     17     07     30    000   7.78 -17.97   4.67
2024      5     10     17     08     30    000   7.78 -17.98   4.67
2024      5     10     17     09     30    000   7.78 -17.99   4.66
2024      5     10     17     10     30    000   7.77 -18.00   4.65
2024      5     10     17     11     30    000   7.77 -18.01   4.64
2024      5     10     17     12     30    000   7.77 -18.02   4.63
2024      5     10     17     13     30    000   7.76 -18.02   4.62
2024      5     10     17     14     30    000   7.76 -18.03   4.61
2024      5     10     17     15     30    000   7.76 -18.04   4.60
2024      5     10     17     16     30    000   7.75 -18.05   4.59
2024      5     10     17     17     30    000   7.75 -18.06   4.59
2024      5     10     17     18     30    000   7.75 -18.07   4.58
2024      5     10     17     19     30    000   7.74 -18.08   4.57
2024      5     10     17     20     30    000   7.74 -18.09   4.56
2024      5     10     17     21     30    000   7.73 -18.09   4.55
2024      5     10     17     22     30    000   7.73 -18.10   4.54
2024      5     10     17     23     30    000   7.73 -18.11   4.53
2024      5     10     17     24     30    000   7.72 -18.12   4.52
2024      5     10     17     25     30    000   7.72 -18.13   4.51
2024      5     10     17     26     30    000   7.72 -18.14   4.51
2024      5     10     17     27     30    000   7.71 -18.15   4.50
2024      5     10     17     28     30    000   7.71 -18.16   4.49
2024      5     10     17     29     30    000   7.71 -18.16   4.48
2024      5     10     17     30     30    000   7.70 -18.17   4.47
2024      5     10     17     31     30    000   7.70 -18.18   4.46
2024      5     10     17     32     30    000   7.70 -18.19   4.45
2024      5     10     17     33     30    000   7.69 -18.20   4.44
2024      5     10     17     34     30    000   7.69 -18.21   4.44
2024      5     10     17     35     30    000   7.69 -18.22   4.43
2024      5     10     17     36     30    000   7.68 -18.22   4.42
2024      5     10     17     37     30    000   7.68 -18.23   4.41
2024      5     10     17     38     30    000   7.68 -18.24   4.40
2024      5     10     17     39     30    000   7.67 -18.25   4.39
2024      5     10     17     40     30    000   7.67 -18.26   4.38
2024      5     10     17     41     30    000   7.66 -18.27   4.37
2024      5     10     17     42     30    000   7.66 -18.28   4.36
2024      5     10     17     43     30    000   7.66 -18.28   4.36
2024      5     10     17     44     30    000   7.65 -18.29   4.35
2024      5     10     17     45     30    000   7.65 -18.30   4.34
2024      5     10     17     46     30    000   7.65 -18.31   4.33
2024      5     10     17     47     30    000   7.64 -18.32   4.32
2024      5     10     17     48     30    000   7.64 -18.33   4.31
2024      5     10     17     49     30    000   7.64 -18.33   4.30
2024      5     10     17     50     30    000   7.63 -18.34   4.29
2024      5     10     17     51     30    000   7.63 -18.35   4.29
2024      5     10     17     52     30    000   7.62 -18.36   4.28
2024      5     10     17     53     30    000   7.62 -18.37   4.27
2024      5     10     17     54     30    000   7.62 -18.37   4.26
2024      5     10     17     55     30    000   7.61 -18.38   4.25
2024      5     10     17     56     30    000   7.61 -18.39   4.24
2024      5     10     17     57     30    000   7.61 -18.40   4.23
2024      5     10     17     58     30    000   7.60 -18.41   4.22
2024      5     10     17     59     30    000   7.60 -18.41   4.22
2024      5     10     18     00     30    000   7.60 -18.42   4.21
2024      5     10     18     01     30    000   7.59 -18.43   4.20
2024      5     10     18     02     30    000   7.59 -18.44   4.19
2024      5     10     18     03     30    000   7.58 -18.45   4.18
2024      5     10     18     04     30    000   7.58 -18.45   4.17
2024      5     10     18     05     30    000   7.58 -18.46   4.16
2024      5     10     18     06     30    000   7.57 -18.47   4.16
2024      5     10     18     07     30    000   7.57 -18.48   4.15
2024      5     10     18     08     30    000   7.57 -18.49   4.14
2024      5     10     18     09     30    000   7.56 -18.49   4.13
2024      5     10     18     10     30    000   7.56 -18.50   4.12
2024      5     10     18     11     30    000   7.56 -18.51   4.11
2024      5     10     18     12     30    000   7.55 -18.52   4.10
2024      5     10     18     13     30    000   7.55 -18.53   4.10
2024      5     10     18     14     30    000   7.54 -18.53   4.09
2024      5     10     18     15     30    000   7.54 -18.54   4.08
2024      5     10     18     16     30    000   7.54 -18.55   4.07
2024      5     10     18     17     30    000   7.53 -18.56   4.06
2024      5     10     18     18     30    000   7.53 -18.56   4.05
2024      5     10     18     19     30    000   7.53 -18.57   4.04
2024      5     10     18     20     30    000   7.52 -18.58   4.04
2024      5     10     18     21     30    000   7.52 -18.59   4.03
2024      5     10     18     22     30    000   7.51 -18.59   4.02
2024      5     10     18     23     30    000   7.51 -18.60   4.01
2024      5     10     18     24     30    000   7.51 -18.61   4.00
2024      5     10     18     25     30    000   7.50 -18.62   4.00
2024      5     10     18     26     30    000   7.50 -18.62   3.99
2024      5     10     18     27     30    000   7.49 -18.63   3.98
2024      5     10     18     28     30    000   7.49 -18.64   3.97
2024      5     10     18     29     30    000   7.49 -18.65   3.96
2024      5     10     18     30     30    000   7.48 -18.65   3.95
2024      5     10     18     31     30    000   7.48 -18.66   3.95
2024      5     10     18     32     30    000   7.48 -18.67   3.94
2024      5     10     18     33     30    000   7.47 -18.68   3.93
2024      5     10     18     34     30    000   7.47 -18.68   3.92
2024      5     10     18     35     30    000   7.46 -18.69   3.91
2024      5     10     18     36     30    000   7.46 -18.70   3.91
2024      5     10     18     37     30    000   7.46 -18.71   3.90
2024      5     10     18     38     30    000   7.45 -18.71   3.89
2024      5     10     18     39     30    000   7.45 -18.72   3.88
2024      5     10     18     40     30    000   7.45 -18.73   3.87
2024      5     10     18     41     30    000   7.44 -18.73   3.87
2024      5     10     18     42     30    000   7.44 -18.74   3.86
2024      5     10     18     43     30    000   7.43 -18.75   3.85
2024      5     10     18     44     30    000   7.43 -18.76   3.84
2024      5     10     18     45     30    000   7.43 -18.76   3.83
2024      5     10     18     46     30    000   7.42 -18.77   3.83
2024      5     10     18     47     30    000   7.42 -18.78   3.82
2024      5     10     18     48     30    000   7.41 -18.78   3.81
2024      5     10     18     49     30    000   7.41 -18.79   3.80
2024      5     10     18     50     30    000   7.41 -18.80   3.80
2024      5     10     18     51     30    000   7.40 -18.80   3.79
2024      5     10     18     52     30    000   7.40 -18.81   3.78
2024      5     10     18     53     30    000   7.39 -18.82   3.77
2024      5     10     18     54     30    000   7.39 -18.83   3.77
2024      5     10     18     55     30    000   7.39 -18.83   3.76
2024      5     10     18     56     30    000   7.38 -18.84   3.75
2024      5     10     18     57     30    000   7.38 -18.85   3.74
2024      5     10     18     58     30    000   7.37 -18.85   3.74
2024      5     10     18     59     30    000   7.37 -18.86   3.73
2024      5     10     19     00     30    000   7.37 -18.87   3.72
2024      5     10     19     01     30    000   7.36 -18.87   3.71
2024      5     10     19     02     30    000   7.36 -18.88   3.71
2024      5     10     19     03     30    000   7.35 -18.89   3.70
2024      5     10     19     04     30    000   7.35 -18.89   3.69
2024      5     10     19     05     30    000   7.35 -18.90   3.68
2024      5     10     19     06     30    000   7.34 -18.91   3.68
2024      5     10     19     07     30    000   7.34 -18.91   3.67
2024      5     10     19     08     30    000   7.34 -18.92   3.66
2024      5     10     19     09     30    000   7.33 -18.93   3.66
2024      5     10     19     10     30    000   7.33 -18.93   3.65
2024      5     10     19     11     30    000   7.32 -18.94   3.64
2024      5     10     19     12     30    000   7.32 -18.95   3.63
2024      5     10     19     13     30    000   7.31 -18.95   3.63
2024      5     10     19     14     30    000   7.31 -18.96   3.62
2024      5     10     19     15     30    000   7.31 -18.97   3.61
2024      5     10     19     16     30    000   7.30 -18.97   3.61
2024      5     10     19     17     30    000   7.30 -18.98   3.60
2024      5     10     19     18     30    000   7.29 -18.98   3.59
2024      5     10     19     19     30    000   7.29 -18.99   3.59
2024      5     10     19     20     30    000   7.29 -19.00   3.58
2024      5     10     19     21     30    000   7.28 -19.00   3.57
2024      5     10     19     22     30    000   7.28 -19.01   3.57
2024      5     10     19     23     30    000   7.27 -19.02   3.56
2024      5     10     19     24     30    000   7.27 -19.02   3.55
2024      5     10     19     25     30    000   7.27 -19.03   3.55
2024      5     10     19     26     30    000   7.26 -19.03   3.54
2024      5     10     19     27     30    000   7.26 -19.04   3.53
2024      5     10     19     28     30    000   7.25 -19.05   3.53
2024      5     10     19     29     30    000   7.25 -19.05   3.52
2024      5     10     19     30     30    000   7.25 -19.06   3.52
2024      5     10     19     31     30    000   7.24 -19.06   3.51
2024      5     10     19     32     30    000   7.24 -19.07   3.50
2024      5     10     19     33     30    000   7.23 -19.08   3.50
2024      5     10     19     34     30    000   7.23 -19.08   3.49
2024      5     10     19     35     30    000   7.23 -19.09   3.48
2024      5     10     19     36     30    000   7.22 -19.09   3.48
2024      5     10     19     37     30    000   7.22 -19.10   3.47
2024      5     10     19     38     30    000   7.21 -19.11   3.47
2024      5     10     19     39     30    000   7.21 -19.11   3.46
2024      5     10     19     40     30    000   7.20 -19.12   3.45
2024      5     10     19     41     30    000   7.20 -19.12   3.45
2024      5     10     19     42     30    000   7.20 -19.13   3.44
2024      5     10     19     43     30    000   7.19 -19.14   3.44
2024      5     10     19     44     30    000   7.19 -19.14   3.43
2024      5     10     19     45     30    000   7.18 -19.15   3.43
2024      5     10     19     46     30    000   7.18 -19.15   3.42
2024      5     10     19     47     30    000   7.18 -19.16   3.42
2024      5     10     19     48     30    000   7.17 -19.16   3.41
2024      5     10     19     49     30    000   7.17 -19.17   3.40
2024      5     10     19     50     30    000   7.16 -19.18   3.40
2024      5     10     19     51     30    000   7.16 -19.18   3.39
2024      5     10     19     52     30    000   7.15 -19.19   3.39
2024      5     10     19     53     30    000   7.15 -19.19   3.38
2024      5     10     19     54     30    000   7.15 -19.20   3.38
2024      5     10     19     55     30    000   7.14 -19.20   3.37
2024      5     10     19     56     30    000   7.14 -19.21   3.37
2024      5     10     19     57     30    000   7.13 -19.21   3.36
2024      5     10     19     58     30    000   7.13 -19.22   3.36
2024      5     10     19     59     30    000   7.13 -19.23   3.35
2024      5     10     20     00     30    000   7.12 -19.23   3.35
2024      5     10     20     01     30    000   7.12 -19.24   3.34
2024      5     10     20     02     30    000   7.11 -19.24   3.34
2024      5     10     20     03     30    000   7.11 -19.25   3.33
2024      5     10     20     04     30    000   7.10 -19.25   3.33
2024      5     10     20     05     30    000   7.10 -19.26   3.32
2024      5     10     20     06     30    000   7.10 -19.26   3.32
2024      5     10     20     07     30    000   7.09 -19.27   3.31
2024      5     10     20     08     30    000   7.09 -19.27   3.31
2024      5     10     20     09     30    000   7.08 -19.28   3.30
2024      5     10     20     10     30    000   7.08 -19.28   3.30
2024      5     10     20     11     30    000   7.07 -19.29   3.29
2024      5     10     20     12     30    000   7.07 -19.29   3.29
2024      5     10     20     13     30    000   7.07 -19.30   3.29
2024      5     10     20     14     30    000   7.06 -19.31   3.28
2024      5     10     20     15     30    000   7.06 -19.31   3.28
2024      5     10     20     16     30    000   7.05 -19.32   3.27
2024      5     10     20     17     30    000   7.05 -19.32   3.27
2024      5     10     20     18     30    000   7.04 -19.33   3.27
2024      5     10     20     19     30    000   7.04 -19.33   3.26
2024      5     10     20     20     30    000   7.04 -19.34   3.26
2024      5     10     20     21     30    000   7.03 -19.34   3.25
2024      5     10     20     22     30    000   7.03 -19.35   3.25
2024      5     10     20     23     30    000   7.02 -19.35   3.25
2024      5     10     20     24     30    000   7.02 -19.36   3.24
2024      5     10     20     25     30    000   7.01 -19.36   3.24
2024      5     10     20     26     30    000   7.01 -19.37   3.23
2024      5     10     20     27     30    000   7.00 -19.37   3.23
2024      5     10     20     28     30    000   7.00 -19.37   3.23
2024      5     10     20     29     30    000   7.00 -19.38   3.22
2024      5     10     20     30     30    000   6.99 -19.38   3.22
2024      5     10     20     31     30    000   6.99 -19.39   3.22
2024      5     10     20     32     30    000   6.98 -19.39   3.21
2024      5     10     20     33     30    000   6.98 -19.40   3.21
2024      5     10     20     34     30    000   6.97 -19.40   3.21
2024      5     10     20     35     30    000   6.97 -19.41   3.20
2024      5     10     20     36     30    000   6.97 -19.41   3.20
2024      5     10     20     37     30    000   6.96 -19.42   3.20
2024      5     10     20     38     30    000   6.96 -19.42   3.19
2024      5     10     20     39     30    000   6.95 -19.43   3.19
2024      5     10     20     40     30    000   6.95 -19.43   3.19
2024      5     10     20     41     30    000   6.94 -19.44   3.19
2024      5     10     20     42     30    000   6.94 -19.44   3.18
2024      5     10     20     43     30    000   6.93 -19.44   3.18
2024      5     10     20     44     30    000   6.93 -19.45   3.18
2024      5     10     20     45     30    000   6.93 -19.45   3.17
2024      5     10     20     46     30    000   6.92 -19.46   3.17
2024      5     10     20     47     30    000   6.92 -19.46   3.17
2024      5     10     20     48     30    000   6.91 -19.47   3.17
2024      5     10     20     49     30    000   6.91 -19.47   3.16
2024      5     10     20     50     30    000   6.90 -19.48   3.16
2024      5     10     20     51     30    000   6.90 -19.48   3.16
2024      5     10     20     52     30    000   6.89 -19.48   3.16
2024      5     10     20     53     30    000   6.89 -19.49   3.15
2024      5     10     20     54     30    000   6.89 -19.49   3.15
2024      5     10     20     55     30    000   6.88 -19.50   3.15
2024      5     10     20     56     30    000   6.88 -19.50   3.15
2024      5     10     20     57     30    000   6.87 -19.51   3.15
2024      5     10     20     58     30    000   6.87 -19.51   3.14
2024      5     10     20     59     30    000   6.86 -19.51   3.14
2024      5     10     21     00     30    000   6.86 -19.52   3.14
2024      5     10     21     01     30    000   6.85 -19.52   3.14
2024      5     10     21     02     30    000   6.85 -19.53   3.14
2024      5     10     21     03     30    000   6.85 -19.53   3.14
2024      5     10     21     04     30    000   6.84 -19.53   3.13
2024      5     10     21     05     30    000   6.84 -19.54   3.13
2024      5     10     21     06     30    000   6.83 -19.54   3.13
2024      5     10     21     07     30    000   6.83 -19.55   3.13
2024      5     10     21     08     30    000   6.82 -19.55   3.13
2024      5     10     21     09     30    000   6.82 -19.55   3.13
2024      5     10     21     10     30    000   6.81 -19.56   3.13
2024      5     10     21     11     30    000   6.81 -19.56   3.12
2024      5     10     21     12     30    000   6.80 -19.57   3.12
2024      5     10     21     13     30    000   6.80 -19.57   3.12
2024      5     10     21     14     30    000   6.80 -19.57   3.12
2024      5     10     21     15     30    000   6.79 -19.58   3.12
2024      5     10     21     16     30    000   6.79 -19.58   3.12
2024      5     10     21     17     30    000   6.78 -19.59   3.12
2024      5     10     21     18     30    000   6.78 -19.59   3.12
2024      5     10     21     19     30    000   6.77 -19.59   3.12
2024      5     10     21     20     30    000   6.77 -19.60   3.12
2024      5     10     21     21     30    000   6.76 -19.60   3.12
2024      5     10     21     22     30    000   6.76 -19.60   3.11
2024      5     10     21     23     30    000   6.75 -19.61   3.11
2024      5     10     21     24     30    000   6.75 -19.61   3.11
2024      5     10     21     25     30    000   6.75 -19.62   3.11
2024      5     10     21     26     30    000   6.74 -19.62   3.11
2024      5     10     21     27     30    000   6.74 -19.62   3.11
2024      5     10     21     28     30    000   6.73 -19.63   3.11
2024      5     10     21     29     30    000   6.73 -19.63   3.11
2024      5     10     21     30     30    000   6.72 -19.63   3.11
2024      5     10     21     31     30    000   6.72 -19.64   3.11
2024      5     10     21     32     30    000   6.71 -19.64   3.11
2024      5     10     21     33     30    000   6.71 -19.64   3.11
2024      5     10     21     34     30    000   6.70 -19.65   3.11
2024      5     10     21     35     30    000   6.70 -19.65   3.11
2024      5     10     21     36     30    000   6.69 -19.65   3.11
2024      5     10     21     37     30    000   6.69 -19.66   3.11
2024      5     10     21     38     30    000   6.69 -19.66   3.11
2024      5     10     21     39     30    000   6.68 -19.66   3.11
2024      5     10     21     40     30    000   6.68 -19.67   3.11
2024      5     10     21     41     30    000   6.67 -19.67   3.12
2024      5     10     21     42     30    000   6.67 -19.67   3.12
2024      5     10     21     43     30    000   6.66 -19.68   3.12
2024      5     10     21     44     30    000   6.66 -19.68   3.12
2024      5     10     21     45     30    000   6.65 -19.68   3.12
2024      5     10     21     46     30    000   6.65 -19.69   3.12
2024      5     10     21     47     30    000   6.64 -19.69   3.12
2024      5     10     21     48     30    000   6.64 -19.69   3.12
2024      5     10     21     49     30    000   6.63 -19.70   3.12
2024      5     10     21     50     30    000   6.63 -19.70   3.12
2024      5     10     21     51     30    000   6.62 -19.70   3.12
2024      5     10     21     52     30    000   6.62 -19.71   3.13
2024      5     10     21     53     30    000   6.62 -19.71   3.13
2024      5     10     21     54     30    000   6.61 -19.71   3.13
2024      5     10     21     55     30    000   6.61 -19.71   3.13
2024      5     10     21     56     30    000   6.60 -19.72   3.13
2024      5     10     21     57     30    000   6.60 -19.72   3.13
2024      5     10     21     58     30    000   6.59 -19.72   3.13
2024      5     10     21     59     30    000   6.59 -19.73   3.14
2024      5     10     22     00     30    000   6.58 -19.73   3.14
2024      5     10     22     01     30    000   6.58 -19.73   3.14
2024      5     10     22     02     30    000   6.57 -19.73   3.14
2024      5     10     22     03     30    000   6.57 -19.74   3.14
2024      5     10     22     04     30    000   6.56 -19.74   3.14
2024      5     10     22     05     30    000   6.56 -19.74   3.15
2024      5     10     22     06     30    000   6.55 -19.75   3.15
2024      5     10     22     07     30    000   6.55 -19.75   3.15
2024      5     10     22     08     30    000   6.54 -19.75   3.15
2024      5     10     22     09     30    000   6.54 -19.75   3.16
2024      5     10     22     10     30    000   6.53 -19.76   3.16
2024      5     10     22     11     30    000   6.53 -19.76   3.16
2024      5     10     22     12     30    000   6.52 -19.76   3.16
2024      5     10     22     13     30    000   6.52 -19.76   3.17
2024      5     10     22     14     30    000   6.52 -19.77   3.17
2024      5     10     22     15     30    000   6.51 -19.77   3.17
2024      5     10     22     16     30    000   6.51 -19.77   3.17
2024      5     10     22     17     30    000   6.50 -19.77   3.18
2024      5     10     22     18     30    000   6.50 -19.78   3.18
2024      5     10     22     19     30    000   6.49 -19.78   3.18
2024      5     10     22     20     30    000   6.49 -19.78   3.18
2024      5     10     22     21     30    000   6.48 -19.78   3.19
2024      5     10     22     22     30    000   6.48 -19.79   3.19
2024      5     10     22     23     30    000   6.47 -19.79   3.19
2024      5     10     22     24     30    000   6.47 -19.79   3.20
2024      5     10     22     25     30    000   6.46 -19.79   3.20
2024      5     10     22     26     30    000   6.46 -19.80   3.20
2024      5     10     22     27     30    000   6.45 -19.80   3.21
2024      5     10     22     28     30    000   6.45 -19.80   3.21
2024      5     10     22     29     30    000   6.44 -19.80   3.21
2024      5     10     22     30     30    000   6.44 -19.81   3.22
2024      5     10     22     31     30    000   6.43 -19.81   3.22
2024      5     10     22     32     30    000   6.43 -19.81   3.22
2024      5     10     22     33     30    000   6.42 -19.81   3.23
2024      5     10     22     34     30    000   6.42 -19.81   3.23
2024      5     10     22     35     30    000   6.41 -19.82   3.24
2024      5     10     22     36     30    000   6.41 -19.82   3.24
2024      5     10     22     37     30    000   6.40 -19.82   3.24
2024      5     10     22     38     30    000   6.40 -19.82   3.25
2024      5     10     22     39     30    000   6.39 -19.83   3.25
2024      5     10     22     40     30    000   6.39 -19.83   3.26
2024      5     10     22     41     30    000   6.38 -19.83   3.26
2024      5     10     22     42     30    000   6.38 -19.83   3.26
2024      5     10     22     43     30    000   6.37 -19.83   3.27
2024      5     10     22     44     30    000   6.37 -19.83   3.27
2024      5     10     22     45     30    000   6.36 -19.84   3.28
2024      5     10     22     46     30    000   6.36 -19.84   3.28
2024      5     10     22     47     30    000   6.35 -19.84   3.29
2024      5     10     22     48     30    000   6.35 -19.84   3.29
2024      5     10     22     49     30    000   6.35 -19.84   3.30
2024      5     10     22     50     30    000   6.34 -19.85   3.30
2024      5     10     22     51     30    000   6.34 -19.85   3.31
2024      5     10     22     52     30    000   6.33 -19.85   3.31
2024      5     10     22     53     30    000   6.33 -19.85   3.32
2024      5     10     22     54     30    000   6.32 -19.85   3.32
2024      5     10     22     55     30    000   6.32 -19.85   3.33
2024      5     10     22     56     30    000   6.31 -19.86   3.33
2024      5     10     22     57     30    000   6.31 -19.86   3.34
2024      5     10     22     58     30    000   6.30 -19.86   3.34
2024      5     10     22     59     30    000   6.30 -19.86   3.35
2024      5     10     23     00     30    000   6.29 -19.86   3.35
2024      5     10     23     01     30    000   6.29 -19.86   3.36
2024      5     10     23     02     30    000   6.28 -19.87   3.36
2024      5     10     23     03     30    000   6.28 -19.87   3.37
2024      5     10     23     04     30    000   6.27 -19.87   3.37
2024      5     10     23     05     30    000   6.27 -19.87   3.38
2024      5     10     23     06     30    000   6.26 -19.87   3.38
2024      5     10     23     07     30    000   6.26 -19.87   3.39
2024      5     10     23     08     30    000   6.25 -19.87   3.40
2024      5     10     23     09     30    000   6.25 -19.88   3.40
2024      5     10     23     10     30    000   6.24 -19.88   3.41
2024      5     10     23     11     30    000   6.24 -19.88   3.41
2024      5     10     23     12     30    000   6.23 -19.88   3.42
2024      5     10     23     13     30    000   6.23 -19.88   3.43
2024      5     10     23     14     30    000   6.22 -19.88   3.43
2024      5     10     23     15     30    000   6.22 -19.88   3.44
2024      5     10     23     16     30    000   6.21 -19.88   3.45
2024      5     10     23     17     30    000   6.21 -19.89   3.45
2024      5     10     23     18     30    000   6.20 -19.89   3.46
2024      5     10     23     19     30    000   6.20 -19.89   3.46
2024      5     10     23     20     30    000   6.19 -19.89   3.47
2024      5     10     23     21     30    000   6.19 -19.89   3.48
2024      5     10     23     22     30    000   6.18 -19.89   3.48
2024      5     10     23     23     30    000   6.18 -19.89   3.49
2024      5     10     23     24     30    000   6.17 -19.89   3.50
2024      5     10     23     25     30    000   6.17 -19.89   3.50
2024      5     10     23     26     30    000   6.16 -19.90   3.51
2024      5     10     23     27     30    000   6.16 -19.90   3.52
2024      5     10     23     28     30    000   6.15 -19.90   3.53
2024      5     10     23     29     30    000   6.15 -19.90   3.53
2024      5     10     23     30     30    000   6.14 -19.90   3.54
2024      5     10     23     31     30    000   6.13 -19.90   3.55
2024      5     10     23     32     30    000   6.13 -19.90   3.55
2024      5     10     23     33     30    000   6.12 -19.90   3.56
2024      5     10     23     34     30    000   6.12 -19.90   3.57
2024      5     10     23     35     30    000   6.11 -19.90   3.58
2024      5     10     23     36     30    000   6.11 -19.90   3.58
2024      5     10     23     37     30    000   6.10 -19.90   3.59
2024      5     10     23     38     30    000   6.10 -19.91   3.60
2024      5     10     23     39     30    000   6.09 -19.91   3.61
2024      5     10     23     40     30    000   6.09 -19.91   3.61
2024      5     10     23     41     30    000   6.08 -19.91   3.62
2024      5     10     23     42     30    000   6.08 -19.91   3.63
2024      5     10     23     43     30    000   6.07 -19.91   3.64
2024      5     10     23     44     30    000   6.07 -19.91   3.65
2024      5     10     23     45     30    000   6.06 -19.91   3.65
2024      5     10     23     46     30    000   6.06 -19.91   3.66
2024      5     10     23     47     30    000   6.05 -19.91   3.67
2024      5     10     23     48     30    000   6.05 -19.91   3.68
2024      5     10     23     49     30    000   6.04 -19.91   3.69
2024      5     10     23     50     30    000   6.04 -19.91   3.69
2024      5     10     23     51     30    000   6.03 -19.91   3.70
2024      5     10     23     52     30    000   6.03 -19.91   3.71
2024      5     10     23     53     30    000   6.02 -19.91   3.72
2024      5     10     23     54     30    000   6.02 -19.91   3.73
2024      5     10     23     55     30    000   6.01 -19.91   3.74
2024      5     10     23     56     30    000   6.01 -19.91   3.74
2024      5     10     23     57     30    000   6.00 -19.91   3.75
2024      5     10     23     58     30    000   6.00 -19.91   3.76
2024      5     10     23     59     30    000   5.99 -19.91   3.77
2024      5     11     00     00     30    000   5.99 -19.91   3.78
2024      5     11     00     01     30    000   5.98 -19.91   3.79
2024      5     11     00     02     30    000   5.98 -19.91   3.80
2024      5     11     00     03     30    000   5.97 -19.91   3.81
2024      5     11     00     04     30    000   5.97 -19.91   3.82
2024      5     11     00     05     30    000   5.96 -19.91   3.82
2024      5     11     00     06     30    000   5.95 -19.91   3.83
2024      5     11     00     07     30    000   5.95 -19.91   3.84
2024      5     11     00     08     30    000   5.94 -19.91   3.85
2024      5     11     00     09     30    000   5.94 -19.91   3.86
2024      5     11     00     10     30    000   5.93 -19.91   3.87
2024      5     11     00     11     30    000   5.93 -19.91   3.88
2024      5     11     00     12     30    000   5.92 -19.91   3.89
2024      5     11     00     13     30    000   5.92 -19.91   3.90
2024      5     11     00     14     30    000   5.91 -19.91   3.91
2024      5     11     00     15     30    000   5.91 -19.91   3.92
2024      5     11     00     16     30    000   5.90 -19.91   3.93
2024      5     11     00     17     30    000   5.90 -19.91   3.94
2024      5     11     00     18     30    000   5.89 -19.91   3.95
2024      5     11     00     19     30    000   5.89 -19.91   3.96
2024      5     11     00     20     30    000   5.88 -19.91   3.97
2024      5     11     00     21     30    000   5.88 -19.91   3.98
2024      5     11     00     22     30    000   5.87 -19.91   3.99
2024      5     11     00     23     30    000   5.87 -19.91   4.00
2024      5     11     00     24     30    000   5.86 -19.91   4.01
2024      5     11     00     25     30    000   5.86 -19.91   4.02
2024      5     11     00     26     30    000   5.85 -19.91   4.03
2024      5     11     00     27     30    000   5.84 -19.91   4.04
2024      5     11     00     28     30    000   5.84 -19.91   4.05
2024      5     11     00     29     30    000   5.83 -19.91   4.06
2024      5     11     00     30     30    000   5.83 -19.90   4.07
2024      5     11     00     31     30    000   5.82 -19.90   4.08
2024      5     11     00     32     30    000   5.82 -19.90   4.09
2024      5     11     00     33     30    000   5.81 -19.90   4.10
2024      5     11     00     34     30    000   5.81 -19.90   4.11
2024      5     11     00     35     30    000   5.80 -19.90   4.12
2024      5     11     00     36     30    000   5.80 -19.90   4.13
2024      5     11     00     37     30    000   5.79 -19.90   4.14
2024      5     11     00     38     30    000   5.79 -19.90   4.15
2024      5     11     00     39     30    000   5.78 -19.90   4.16
2024      5     11     00     40     30    000   5.78 -19.90   4.17
2024      5     11     00     41     30    000   5.77 -19.90   4.19
2024      5     11     00     42     30    000   5.77 -19.89   4.20
2024      5     11     00     43     30    000   5.76 -19.89   4.21
2024      5     11     00     44     30    000   5.75 -19.89   4.22
2024      5     11     00     45     30    000   5.75 -19.89   4.23
2024      5     11     00     46     30    000   5.74 -19.89   4.24
2024      5     11     00     47     30    000   5.74 -19.89   4.25
2024      5     11     00     48     30    000   5.73 -19.89   4.26
2024      5     11     00     49     30    000   5.73 -19.89   4.27
2024      5     11     00     50     30    000   5.72 -19.89   4.29
2024      5     11     00     51     30    000   5.72 -19.88   4.30
2024      5     11     00     52     30    000   5.71 -19.88   4.31
2024      5     11     00     53     30    000   5.71 -19.88   4.32
2024      5     11     00     54     30    000   5.70 -19.88   4.33
2024      5     11     00     55     30    000   5.70 -19.88   4.34
2024      5     11     00     56     30    000   5.69 -19.88   4.35
2024      5     11     00     57     30    000   5.68 -19.88   4.37
2024      5     11     00     58     30    000   5.68 -19.87   4.38
2024      5     11     00     59     30    000   5.67 -19.87   4.39
2024      5     11     01     00     30    000   5.67 -19.87   4.40
2024      5     11     01     01     30    000   5.66 -19.87   4.41
2024      5     11     01     02     30    000   5.66 -19.87   4.43
2024      5     11     01     03     30    000   5.65 -19.87   4.44
2024      5     11     01     04     30    000   5.65 -19.86   4.45
2024      5     11     01     05     30    000   5.64 -19.86   4.46
2024      5     11     01     06     30    000   5.64 -19.86   4.47
2024      5     11     01     07     30    000   5.63 -19.86   4.49
2024      5     11     01     08     30    000   5.63 -19.86   4.50
2024      5     11     01     09     30    000   5.62 -19.86   4.51
2024      5     11     01     10     30    000   5.61 -19.85   4.52
2024      5     11     01     11     30    000   5.61 -19.85   4.53
2024      5     11     01     12     30    000   5.60 -19.85   4.55
2024      5     11     01     13     30    000   5.60 -19.85   4.56
2024      5     11     01     14     30    000   5.59 -19.85   4.57
2024      5     11     01     15     30    000   5.59 -19.84   4.58
2024      5     11     01     16     30    000   5.58 -19.84   4.60
2024      5     11     01     17     30    000   5.58 -19.84   4.61
2024      5     11     01     18     30    000   5.57 -19.84   4.62
2024      5     11     01     19     30    000   5.57 -19.84   4.63
2024      5     11     01     20     30    000   5.56 -19.83   4.65
2024      5     11     01     21     30    000   5.55 -19.83   4.66
2024      5     11     01     22     30    000   5.55 -19.83   4.67
2024      5     11     01     23     30    000   5.54 -19.83   4.68
2024      5     11     01     24     30    000   5.54 -19.83   4.70
2024      5     11     01     25     30    000   5.53 -19.82   4.71
2024      5     11     01     26     30    000   5.53 -19.82   4.72
2024      5     11     01     27     30    000   5.52 -19.82   4.74
2024      5     11     01     28     30    000   5.52 -19.82   4.75
2024      5     11     01     29     30    000   5.51 -19.81   4.76
2024      5     11     01     30     30    000   5.51 -19.81   4.77
2024      5     11     01     31     30    000   5.50 -19.81   4.79
2024      5     11     01     32     30    000   5.49 -19.81   4.80
2024      5     11     01     33     30    000   5.49 -19.80   4.81
2024      5     11     01     34     30    000   5.48 -19.80   4.83
2024      5     11     01     35     30    000   5.48 -19.80   4.84
2024      5     11     01     36     30    000   5.47 -19.80   4.85
2024      5     11     01     37     30    000   5.47 -19.79   4.87
2024      5     11     01     38     30    000   5.46 -19.79   4.88
2024      5     11     01     39     30    000   5.46 -19.79   4.89
2024      5     11     01     40     30    000   5.45 -19.79   4.91
2024      5     11     01     41     30    000   5.45 -19.78   4.92
2024      5     11     01     42     30    000   5.44 -19.78   4.93
2024      5     11     01     43     30    000   5.43 -19.78   4.95
2024      5     11     01     44     30    000   5.43 -19.78   4.96
2024      5     11     01     45     30    000   5.42 -19.77   4.98
2024      5     11     01     46     30    000   5.42 -19.77   4.99
2024      5     11     01     47     30    000   5.41 -19.77   5.00
2024      5     11     01     48     30    000   5.41 -19.76   5.02
2024      5     11     01     49     30    000   5.40 -19.76   5.03
2024      5     11     01     50     30    000   5.40 -19.76   5.04
2024      5     11     01     51     30    000   5.39 -19.75   5.06
2024      5     11     01     52     30    000   5.38 -19.75   5.07
2024      5     11     01     53     30    000   5.38 -19.75   5.09
2024      5     11     01     54     30    000   5.37 -19.75   5.10
2024      5     11     01     55     30    000   5.37 -19.74   5.11
2024      5     11     01     56     30    000   5.36 -19.74   5.13
2024      5     11     01     57     30    000   5.36 -19.74   5.14
2024      5     11     01     58     30    000   5.35 -19.73   5.15
2024      5     11     01     59     30    000   5.35 -19.73   5.17
2024      5     11     02     00     30    000   5.34 -19.73   5.18
2024      5     11     02     01     30    000   5.33 -19.72   5.20
2024      5     11     02     02     30    000   5.33 -19.72   5.21
2024      5     11     02     03     30    000   5.32 -19.72   5.23
2024      5     11     02     04     30    000   5.32 -19.71   5.24
2024      5     11     02     05     30    000   5.31 -19.71   5.25
2024      5     11     02     06     30    000   5.31 -19.71   5.27
2024      5     11     02     07     30    000   5.30 -19.70   5.28
2024      5     11     02     08     30    000   5.29 -19.70   5.30
2024      5     11     02     09     30    000   5.29 -19.69   5.31
2024      5     11     02     10     30    000   5.28 -19.69   5.33
2024      5     11     02     11     30    000   5.28 -19.69   5.34
2024      5     11     02     12     30    000   5.27 -19.68   5.35
2024      5     11     02     13     30    000   5.27 -19.68   5.37
2024      5     11     02     14     30    000   5.26 -19.68   5.38
2024      5     11     02     15     30    000   5.26 -19.67   5.40
2024      5     11     02     16     30    000   5.25 -19.67   5.41
2024      5     11     02     17     30    000   5.24 -19.66   5.43
2024      5     11     02     18     30    000   5.24 -19.66   5.44
2024      5     11     02     19     30    000   5.23 -19.66   5.46
2024      5     11     02     20     30    000   5.23 -19.65   5.47
2024      5     11     02     21     30    000   5.22 -19.65   5.49
2024      5     11     02     22     30    000   5.22 -19.64   5.50
2024      5     11     02     23     30    000   5.21 -19.64   5.52
2024      5     11     02     24     30    000   5.20 -19.64   5.53
2024      5     11     02     25     30    000   5.20 -19.63   5.55
2024      5     11     02     26     30    000   5.19 -19.63   5.56
2024      5     11     02     27     30    000   5.19 -19.62   5.58
2024      5     11     02     28     30    000   5.18 -19.62   5.59
2024      5     11     02     29     30    000   5.18 -19.62   5.61
2024      5     11     02     30     30    000   5.17 -19.61   5.62
2024      5     11     02     31     30    000   5.17 -19.61   5.64
2024      5     11     02     32     30    000   5.16 -19.60   5.65
2024      5     11     02     33     30    000   5.15 -19.60   5.67
2024      5     11     02     34     30    000   5.15 -19.59   5.68
2024      5     11     02     35     30    000   5.14 -19.59   5.70
2024      5     11     02     36     30    000   5.14 -19.59   5.71
2024      5     11     02     37     30    000   5.13 -19.58   5.73
2024      5     11     02     38     30    000   5.13 -19.58   5.74
2024      5     11     02     39     30    000   5.12 -19.57   5.76
2024      5     11     02     40     30    000   5.11 -19.57   5.77
2024      5     11     02     41     30    000   5.11 -19.56   5.79
2024      5     11     02     42     30    000   5.10 -19.56   5.80
2024      5     11     02     43     30    000   5.10 -19.55   5.82
2024      5     11     02     44     30    000   5.09 -19.55   5.83
2024      5     11     02     45     30    000   5.09 -19.54   5.85
2024      5     11     02     46     30    000   5.08 -19.54   5.86
2024      5     11     02     47     30    000   5.07 -19.53   5.88
2024      5     11     02     48     30    000   5.07 -19.53   5.89
2024      5     11     02     49     30    000   5.06 -19.52   5.91
2024      5     11     02     50     30    000   5.06 -19.52   5.92
2024      5     11     02     51     30    000   5.05 -19.51   5.94
2024      5     11     02     52     30    000   5.05 -19.51   5.95
2024      5     11     02     53     30    000   5.04 -19.50   5.97
2024      5     11     02     54     30    000   5.03 -19.50   5.99
2024      5     11     02     55     30    000   5.03 -19.49   6.00
2024      5     11     02     56     30    000   5.02 -19.49   6.02
2024      5     11     02     57     30    000   5.02 -19.48   6.03
2024      5     11     02     58     30    000   5.01 -19.48   6.05
2024      5     11     02     59     30    000   5.00 -19.47   6.06
2024      5     11     03     00     30    000   5.00 -19.47   6.08
2024      5     11     03     01     30    000   4.99 -19.46   6.09
2024      5     11     03     02     30    000   4.99 -19.46   6.11
2024      5     11     03     03     30    000   4.98 -19.45   6.13
2024      5     11     03     04     30    000   4.98 -19.45   6.14
2024      5     11     03     05     30    000   4.97 -19.44   6.16
2024      5     11     03     06     30    000   4.96 -19.44   6.17
2024      5     11     03     07     30    000   4.96 -19.43   6.19
2024      5     11     03     08     30    000   4.95 -19.43   6.20
2024      5     11     03     09     30    000   4.95 -19.42   6.22
2024      5     11     03     10     30    000   4.94 -19.42   6.24
2024      5     11     03     11     30    000   4.94 -19.41   6.25
2024      5     11     03     12     30    000   4.93 -19.40   6.27
2024      5     11     03     13     30    000   4.92 -19.40   6.28
2024      5     11     03     14     30    000   4.92 -19.39   6.30
2024      5     11     03     15     30    000   4.91 -19.39   6.31
2024      5     11     03     16     30    000   4.91 -19.38   6.33
2024      5     11     03     17     30    000   4.90 -19.38   6.35
2024      5     11     03     18     30    000   4.89 -19.37   6.36
2024      5     11     03     19     30    000   4.89 -19.36   6.38
2024      5     11     03     20     30    000   4.88 -19.36   6.39
2024      5     11     03     21     30    000   4.88 -19.35   6.41
2024      5     11     03     22     30    000   4.87 -19.35   6.43
2024      5     11     03     23     30    000   4.87 -19.34   6.44
2024      5     11     03     24     30    000   4.86 -19.33   6.46
2024      5     11     03     25     30    000   4.85 -19.33   6.47
2024      5     11     03     26     30    000   4.85 -19.32   6.49
2024      5     11     03     27     30    000   4.84 -19.32   6.50
2024      5     11     03     28     30    000   4.84 -19.31   6.52
2024      5     11     03     29     30    000   4.83 -19.30   6.54
2024      5     11     03     30     30    000   4.82 -19.30   6.55
2024      5     11     03     31     30    000   4.82 -19.29   6.57
2024      5     11     03     32     30    000   4.81 -19.29   6.58
2024      5     11     03     33     30    000   4.81 -19.28   6.60
2024      5     11     03     34     30    000   4.80 -19.27   6.62
2024      5     11     03     35     30    000   4.80 -19.27   6.63
2024      5     11     03     36     30    000   4.79 -19.26   6.65
2024      5     11     03     37     30    000   4.78 -19.25   6.66
2024      5     11     03     38     30    000   4.78 -19.25   6.68
2024      5     11     03     39     30    000   4.77 -19.24   6.70
2024      5     11     03     40     30    000   4.77 -19.24   6.71
2024      5     11     03     41     30    000   4.76 -19.23   6.73
2024      5     11     03     42     30    000   4.75 -19.22   6.74
2024      5     11     03     43     30    000   4.75 -19.22   6.76
2024      5     11     03     44     30    000   4.74 -19.21   6.78
2024      5     11     03     45     30    000   4.74 -19.20   6.79
2024      5     11     03     46     30    000   4.73 -19.20   6.81
2024      5     11     03     47     30    000   4.73 -19.19   6.82
2024      5     11     03     48     30    000   4.72 -19.18   6.84
2024      5     11     03     49     30    000   4.71 -19.18   6.86
2024      5     11     03     50     30    000   4.71 -19.17   6.87
2024      5     11     03     51     30    000   4.70 -19.16   6.89
2024      5     11     03     52     30    000   4.70 -19.16   6.91
2024      5     11     03     53     30    000   4.69 -19.15   6.92
2024      5     11     03     54     30    000   4.68 -19.14   6.94
2024      5     11     03     55     30    000   4.68 -19.14   6.95
2024      5     11     03     56     30    000   4.67 -19.13   6.97
2024      5     11     03     57     30    000   4.67 -19.12   6.99
2024      5     11     03     58     30    000   4.66 -19.11   7.00
2024      5     11     03     59     30    000   4.65 -19.11   7.02
2024      5     11     04     00     30    000   4.65 -19.10   7.03
2024      5     11     04     01     30    000   4.64 -19.09   7.05
2024      5     11     04     02     30    000   4.64 -19.09   7.07
2024      5     11     04     03     30    000   4.63 -19.08   7.08
2024      5     11     04     04     30    000   4.62 -19.07   7.10
2024      5     11     04     05     30    000   4.62 -19.06   7.11
2024      5     11     04     06     30    000   4.61 -19.06   7.13
2024      5     11     04     07     30    000   4.61 -19.05   7.15
2024      5     11     04     08     30    000   4.60 -19.04   7.16
2024      5     11     04     09     30    000   4.59 -19.04   7.18
2024      5     11     04     10     30    000   4.59 -19.03   7.19
2024      5     11     04     11     30    000   4.58 -19.02   7.21
2024      5     11     04     12     30    000   4.58 -19.01   7.23
2024      5     11     04     13     30    000   4.57 -19.01   7.24
2024      5     11     04     14     30    000   4.56 -19.00   7.26
2024      5     11     04     15     30    000   4.56 -18.99   7.28
2024      5     11     04     16     30    000   4.55 -18.98   7.29
2024      5     11     04     17     30    000   4.55 -18.98   7.31
2024      5     11     04     18     30    000   4.54 -18.97   7.32
2024      5     11     04     19     30    000   4.53 -18.96   7.34
2024      5     11     04     20     30    000   4.53 -18.95   7.36
2024      5     11     04     21     30    000   4.52 -18.95   7.37
2024      5     11     04     22     30    000   4.52 -18.94   7.39
2024      5     11     04     23     30    000   4.51 -18.93   7.40
2024      5     11     04     24     30    000   4.50 -18.92   7.42
2024      5     11     04     25     30    000   4.50 -18.92   7.44
2024      5     11     04     26     30    000   4.49 -18.91   7.45
2024      5     11     04     27     30    000   4.49 -18.90   7.47
2024      5     11     04     28     30    000   4.48 -18.89   7.48
2024      5     11     04     29     30    000   4.47 -18.88   7.50
2024      5     11     04     30     30    000   4.47 -18.88   7.52
2024      5     11     04     31     30    000   4.46 -18.87   7.53
2024      5     11     04     32     30    000   4.46 -18.86   7.55
2024      5     11     04     33     30    000   4.45 -18.85   7.56
2024      5     11     04     34     30    000   4.44 -18.84   7.58
2024      5     11     04     35     30    000   4.44 -18.84   7.59
2024      5     11     04     36     30    000   4.43 -18.83   7.61
2024      5     11     04     37     30    000   4.43 -18.82   7.63
2024      5     11     04     38     30    000   4.42 -18.81   7.64
2024      5     11     04     39     30    000   4.41 -18.80   7.66
2024      5     11     04     40     30    000   4.41 -18.80   7.67
2024      5     11     04     41     30    000   4.40 -18.79   7.69
2024      5     11     04     42     30    000   4.40 -18.78   7.71
2024      5     11     04     43     30    000   4.39 -18.77   7.72
2024      5     11     04     44     30    000   4.38 -18.76   7.74
2024      5     11     04     45     30    000   4.38 -18.76   7.75
2024      5     11     04     46     30    000   4.37 -18.75   7.77
2024      5     11     04     47     30    000   4.37 -18.74   7.79
2024      5     11     04     48     30    000   4.36 -18.73   7.80
2024      5     11     04     49     30    000   4.35 -18.72   7.82
2024      5     11     04     50     30    000   4.35 -18.71   7.83
2024      5     11     04     51     30    000   4.34 -18.71   7.85
2024      5     11     04     52     30    000   4.34 -18.70   7.86
2024      5     11     04     53     30    000   4.33 -18.69   7.88
2024      5     11     04     54     30    000   4.32 -18.68   7.90
2024      5     11     04     55     30    000   4.32 -18.67   7.91
2024      5     11     04     56     30    000   4.31 -18.66   7.93
2024      5     11     04     57     30    000   4.31 -18.65   7.94
2024      5     11     04     58     30    000   4.30 -18.65   7.96
2024      5     11     04     59     30    000   4.29 -18.64   7.97
2024      5     11     05     00     30    000   4.29 -18.63   7.99
2024      5     11     05     01     30    000   4.28 -18.62   8.00
2024      5     11     05     02     30    000   4.27 -18.61   8.02
2024      5     11     05     03     30    000   4.27 -18.60   8.04
2024      5     11     05     04     30    000   4.26 -18.59   8.05
2024      5     11     05     05     30    000   4.26 -18.59   8.07
2024      5     11     05     06     30    000   4.25 -18.58   8.08
2024      5     11     05     07     30    000   4.24 -18.57   8.10
2024      5     11     05     08     30    000   4.24 -18.56   8.11
2024      5     11     05     09     30    000   4.23 -18.55   8.13
2024      5     11     05     10     30    000   4.23 -18.54   8.14
2024      5     11     05     11     30    000   4.22 -18.53   8.16
2024      5     11     05     12     30    000   4.21 -18.52   8.18
2024      5     11     05     13     30    000   4.21 -18.51   8.19
2024      5     11     05     14     30    000   4.20 -18.51   8.21
2024      5     11     05     15     30    000   4.20 -18.50   8.22
2024      5     11     05     16     30    000   4.19 -18.49   8.24
2024      5     11     05     17     30    000   4.18 -18.48   8.25
2024      5     11     05     18     30    000   4.18 -18.47   8.27
2024      5     11     05     19     30    000   4.17 -18.46   8.28
2024      5     11     05     20     30    000   4.16 -18.45   8.30
2024      5     11     05     21     30    000   4.16 -18.44   8.31
2024      5     11     05     22     30    000   4.15 -18.43   8.33
2024      5     11     05     23     30    000   4.15 -18.42   8.34
2024      5     11     05     24     30    000   4.14 -18.42   8.36
2024      5     11     05     25     30    000   4.13 -18.41   8.37
2024      5     11     05     26     30    000   4.13 -18.40   8.39
2024      5     11     05     27     30    000   4.12 -18.39   8.40
2024      5     11     05     28     30    000   4.12 -18.38   8.42
2024      5     11     05     29     30    000   4.11 -18.37   8.43
2024      5     11     05     30     30    000   4.10 -18.36   8.45
2024      5     11     05     31     30    000   4.10 -18.35   8.46
2024      5     11     05     32     30    000   4.09 -18.34   8.48
2024      5     11     05     33     30    000   4.08 -18.33   8.49
2024      5     11     05     34     30    000   4.08 -18.32   8.51
2024      5     11     05     35     30    000   4.07 -18.31   8.52
2024      5     11     05     36     30    000   4.07 -18.30   8.54
2024      5     11     05     37     30    000   4.06 -18.29   8.55
2024      5     11     05     38     30    000   4.05 -18.29   8.57
2024      5     11     05     39     30    000   4.05 -18.28   8.58
2024      5     11     05     40     30    000   4.04 -18.27   8.60
2024      5     11     05     41     30    000   4.03 -18.26   8.61
2024      5     11     05     42     30    000   4.03 -18.25   8.63
2024      5     11     05     43     30    000   4.02 -18.24   8.64
2024      5     11     05     44     30    000   4.02 -18.23   8.66
2024      5     11     05     45     30    000   4.01 -18.22   8.67
2024      5     11     05     46     30    000   4.00 -18.21   8.69
2024      5     11     05     47     30    000   4.00 -18.20   8.70
2024      5     11     05     48     30    000   3.99 -18.19   8.71
2024      5     11     05     49     30    000   3.99 -18.18   8.73
2024      5     11     05     50     30    000   3.98 -18.17   8.74
2024      5     11     05     51     30    000   3.97 -18.16   8.76
2024      5     11     05     52     30    000   3.97 -18.15   8.77
2024      5     11     05     53     30    000   3.96 -18.14   8.79
2024      5     11     05     54     30    000   3.95 -18.13   8.80
2024      5     11     05     55     30    000   3.95 -18.12   8.82
2024      5     11     05     56     30    000   3.94 -18.11   8.83
2024      5     11     05     57     30    000   3.94 -18.10   8.84
2024      5     11     05     58     30    000   3.93 -18.09   8.86
2024      5     11     05     59     30    000   3.92 -18.08   8.87
2024      5     11     06     00     30    000   3.92 -18.07   8.89
2024      5     11     06     01     30    000   3.91 -18.06   8.90
2024      5     11     06     02     30    000   3.90 -18.05   8.91
2024      5     11     06     03     30    000   3.90 -18.04   8.93
2024      5     11     06     04     30    000   3.89 -18.03   8.94
2024      5     11     06     05     30    000   3.89 -18.03   8.96
2024      5     11     06     06     30    000   3.88 -18.02   8.97
2024      5     11     06     07     30    000   3.87 -18.01   8.99
2024      5     11     06     08     30    000   3.87 -18.00   9.00
2024      5     11     06     09     30    000   3.86 -17.99   9.01
2024      5     11     06     10     30    000   3.85 -17.98   9.03
2024      5     11     06     11     30    000   3.85 -17.97   9.04
2024      5     11     06     12     30    000   3.84 -17.96   9.05
2024      5     11     06     13     30    000   3.84 -17.95   9.07
2024      5     11     06     14     30    000   3.83 -17.94   9.08
2024      5     11     06     15     30    000   3.82 -17.93   9.10
2024      5     11     06     16     30    000   3.82 -17.92   9.11
2024      5     11     06     17     30    000   3.81 -17.91   9.12
2024      5     11     06     18     30    000   3.80 -17.90   9.14
2024      5     11     06     19     30    000   3.80 -17.89   9.15
2024      5     11     06     20     30    000   3.79 -17.88   9.16
2024      5     11     06     21     30    000   3.78 -17.87   9.18
2024      5     11     06     22     30    000   3.78 -17.86   9.19
2024      5     11     06     23     30    000   3.77 -17.85   9.20
2024      5     11     06     24     30    000   3.77 -17.84   9.22
2024      5     11     06     25     30    000   3.76 -17.83   9.23
2024      5     11     06     26     30    000   3.75 -17.82   9.24
2024      5     11     06     27     30    000   3.75 -17.81   9.26
2024      5     11     06     28     30    000   3.74 -17.80   9.27
2024      5     11     06     29     30    000   3.73 -17.78   9.28
2024      5     11     06     30     30    000   3.73 -17.77   9.30
2024      5     11     06     31     30    000   3.72 -17.76   9.31
2024      5     11     06     32     30    000   3.72 -17.75   9.32
2024      5     11     06     33     30    000   3.71 -17.74   9.34
2024      5     11     06     34     30    000   3.70 -17.73   9.35
2024      5     11     06     35     30    000   3.70 -17.72   9.36
2024      5     11     06     36     30    000   3.69 -17.71   9.38
2024      5     11     06     37     30    000   3.68 -17.70   9.39
2024      5     11     06     38     30    000   3.68 -17.69   9.40
2024      5     11     06     39     30    000   3.67 -17.68   9.41
2024      5     11     06     40     30    000   3.66 -17.67   9.43
2024      5     11     06     41     30    000   3.66 -17.66   9.44
2024      5     11     06     42     30    000   3.65 -17.65   9.45
2024      5     11     06     43     30    000   3.65 -17.64   9.47
2024      5     11     06     44     30    000   3.64 -17.63   9.48
2024      5     11     06     45     30    000   3.63 -17.62   9.49
2024      5     11     06     46     30    000   3.63 -17.61   9.50
2024      5     11     06     47     30    000   3.62 -17.60   9.52
2024      5     11     06     48     30    000   3.61 -17.59   9.53
2024      5     11     06     49     30    000   3.61 -17.58   9.54
2024      5     11     06     50     30    000   3.60 -17.57   9.55
2024      5     11     06     51     30    000   3.59 -17.56   9.57
2024      5     11     06     52     30    000   3.59 -17.55   9.58
2024      5     11     06     53     30    000   3.58 -17.54   9.59
2024      5     11     06     54     30    000   3.58 -17.53   9.60
2024      5     11     06     55     30    000   3.57 -17.52   9.61
2024      5     11     06     56     30    000   3.56 -17.51   9.63
2024      5     11     06     57     30    000   3.56 -17.50   9.64
2024      5     11     06     58     30    000   3.55 -17.49   9.65
2024      5     11     06     59     30    000   3.54 -17.48   9.66
2024      5     11     07     00     30    000   3.54 -17.47   9.67
2024      5     11     07     01     30    000   3.53 -17.46   9.69
2024      5     11     07     02     30    000   3.52 -17.45   9.70
2024      5     11     07     03     30    000   3.52 -17.44   9.71
2024      5     11     07     04     30    000   3.51 -17.43   9.72
2024      5     11     07     05     30    000   3.51 -17.41   9.73
2024      5     11     07     06     30    000   3.50 -17.40   9.75
2024      5     11     07     07     30    000   3.49 -17.39   9.76
2024      5     11     07     08     30    000   3.49 -17.38   9.77
2024      5     11     07     09     30    000   3.48 -17.37   9.78
2024      5     11     07     10     30    000   3.47 -17.36   9.79
2024      5     11     07     11     30    000   3.47 -17.35   9.80
2024      5     11     07     12     30    000   3.46 -17.34   9.81
2024      5     11     07     13     30    000   3.45 -17.33   9.83
2024      5     11     07     14     30    000   3.45 -17.32   9.84
2024      5     11     07     15     30    000   3.44 -17.31   9.85
2024      5     11     07     16     30    000   3.44 -17.30   9.86
2024      5     11     07     17     30    000   3.43 -17.29   9.87
2024      5     11     07     18     30    000   3.42 -17.28   9.88
2024      5     11     07     19     30    000   3.42 -17.27   9.89
2024      5     11     07     20     30    000   3.41 -17.26   9.91
2024      5     11     07     21     30    000   3.40 -17.25   9.92
2024      5     11     07     22     30    000   3.40 -17.24   9.93
2024      5     11     07     23     30    000   3.39 -17.23   9.94
2024      5     11     07     24     30    000   3.38 -17.22   9.95
2024      5     11     07     25     30    000   3.38 -17.21   9.96
2024      5     11     07     26     30    000   3.37 -17.20   9.97
2024      5     11     07     27     30    000   3.36 -17.19   9.98
2024      5     11     07     28     30    000   3.36 -17.17   9.99
2024      5     11     07     29     30    000   3.35 -17.16  10.00
2024      5     11     07     30     30    000   3.34 -17.15  10.01
2024      5     11     07     31     30    000   3.34 -17.14  10.02
2024      5     11     07     32     30    000   3.33 -17.13  10.03
2024      5     11     07     33     30    000   3.33 -17.12  10.05
2024      5     11     07     34     30    000   3.32 -17.11  10.06
2024      5     11     07     35     30    000   3.31 -17.10  10.07
2024      5     11     07     36     30    000   3.31 -17.09  10.08
2024      5     11     07     37     30    000   3.30 -17.08  10.09
2024      5     11     07     38     30    000   3.29 -17.07  10.10
2024      5     11     07     39     30    000   3.29 -17.06  10.11
2024      5     11     07     40     30    000   3.28 -17.05  10.12
2024      5     11     07     41     30    000   3.27 -17.04  10.13
2024      5     11     07     42     30    000   3.27 -17.03  10.14
2024      5     11     07     43     30    000   3.26 -17.02  10.15
2024      5     11     07     44     30    000   3.25 -17.01  10.16
2024      5     11     07     45     30    000   3.25 -17.00  10.17
2024      5     11     07     46     30    000   3.24 -16.99  10.18
2024      5     11     07     47     30    000   3.23 -16.98  10.19
2024      5     11     07     48     30    000   3.23 -16.97  10.20
2024      5     11     07     49     30    000   3.22 -16.96  10.21
2024      5     11     07     50     30    000   3.22 -16.95  10.22
2024      5     11     07     51     30    000   3.21 -16.93  10.23
2024      5     11     07     52     30    000   3.20 -16.92  10.24
2024      5     11     07     53     30    000   3.20 -16.91  10.25
2024      5     11     07     54     30    000   3.19 -16.90  10.25
2024      5     11     07     55     30    000   3.18 -16.89  10.26
2024      5     11     07     56     30    000   3.18 -16.88  10.27
2024      5     11     07     57     30    000   3.17 -16.87  10.28
2024      5     11     07     58     30    000   3.16 -16.86  10.29
2024      5     11     07     59     30    000   3.16 -16.85  10.30
2024      5     11     08     00     30    000   3.15 -16.84  10.31
2024      5     11     08     01     30    000   3.14 -16.83  10.32
2024      5     11     08     02     30    000   3.14 -16.82  10.33
2024      5     11     08     03     30    000   3.13 -16.81  10.34
2024      5     11     08     04     30    000   3.12 -16.80  10.35
2024      5     11     08     05     30    000   3.12 -16.79  10.36
2024      5     11     08     06     30    000   3.11 -16.78  10.36
2024      5     11     08     07     30    000   3.10 -16.77  10.37
2024      5     11     08     08     30    000   3.10 -16.76  10.38
2024      5     11     08     09     30    000   3.09 -16.75  10.39
2024      5     11     08     10     30    000   3.09 -16.74  10.40
2024      5     11     08     11     30    000   3.08 -16.73  10.41
2024      5     11     08     12     30    000   3.07 -16.72  10.42
2024      5     11     08     13     30    000   3.07 -16.71  10.43
2024      5     11     08     14     30    000   3.06 -16.70  10.43
2024      5     11     08     15     30    000   3.05 -16.69  10.44
2024      5     11     08     16     30    000   3.05 -16.68  10.45
2024      5     11     08     17     30    000   3.04 -16.67  10.46
2024      5     11     08     18     30    000   3.03 -16.66  10.47
2024      5     11     08     19     30    000   3.03 -16.65  10.48
2024      5     11     08     20     30    000   3.02 -16.64  10.48
2024      5     11     08     21     30    000   3.01 -16.62  10.49
2024      5     11     08     22     30    000   3.01 -16.61  10.50
2024      5     11     08     23     30    000   3.00 -16.60  10.51
2024      5     11     08     24     30    000   2.99 -16.59  10.52
2024      5     11     08     25     30    000   2.99 -16.58  10.52
2024      5     11     08     26     30    000   2.98 -16.57  10.53
2024      5     11     08     27     30    000   2.97 -16.56  10.54
2024      5     11     08     28     30    000   2.97 -16.55  10.55
2024      5     11     08     29     30    000   2.96 -16.54  10.55
2024      5     11     08     30     30    000   2.95 -16.53  10.56
2024      5     11     08     31     30    000   2.95 -16.52  10.57
2024      5     11     08     32     30    000   2.94 -16.51  10.58
2024      5     11     08     33     30    000   2.93 -16.50  10.59
2024      5     11     08     34     30    000   2.93 -16.49  10.59
2024      5     11     08     35     30    000   2.92 -16.48  10.60
2024      5     11     08     36     30    000   2.91 -16.47  10.61
2024      5     11     08     37     30    000   2.91 -16.46  10.61
2024      5     11     08     38     30    000   2.90 -16.45  10.62
2024      5     11     08     39     30    000   2.89 -16.44  10.63
2024      5     11     08     40     30    000   2.89 -16.43  10.64
2024      5     11     08     41     30    000   2.88 -16.42  10.64
2024      5     11     08     42     30    000   2.87 -16.41  10.65
2024      5     11     08     43     30    000   2.87 -16.40  10.66
2024      5     11     08     44     30    000   2.86 -16.39  10.66
2024      5     11     08     45     30    000   2.86 -16.38  10.67
2024      5     11     08     46     30    000   2.85 -16.37  10.68
2024      5     11     08     47     30    000   2.84 -16.36  10.68
2024      5     11     08     48     30    000   2.84 -16.35  10.69
2024      5     11     08     49     30    000   2.83 -16.34  10.70
2024      5     11     08     50     30    000   2.82 -16.33  10.70
2024      5     11     08     51     30    000   2.82 -16.32  10.71
2024      5     11     08     52     30    000   2.81 -16.31  10.72
2024      5     11     08     53     30    000   2.80 -16.30  10.72
2024      5     11     08     54     30    000   2.80 -16.29  10.73
2024      5     11     08     55     30    000   2.79 -16.28  10.74
2024      5     11     08     56     30    000   2.78 -16.27  10.74
2024      5     11     08     57     30    000   2.78 -16.26  10.75
2024      5     11     08     58     30    000   2.77 -16.25  10.75
2024      5     11     08     59     30    000   2.76 -16.24  10.76
2024      5     11     09     00     30    000   2.76 -16.23  10.77
2024      5     11     09     01     30    000   2.75 -16.22  10.77
2024      5     11     09     02     30    000   2.74 -16.21  10.78
2024      5     11     09     03     30    000   2.74 -16.20  10.78
2024      5     11     09     04     30    000   2.73 -16.20  10.79
2024      5     11     09     05     30    000   2.72 -16.19  10.80
2024      5     11     09     06     30    000   2.72 -16.18  10.80
2024      5     11     09     07     30    000   2.71 -16.17  10.81
2024      5     11     09     08     30    000   2.70 -16.16  10.81
2024      5     11     09     09     30    000   2.70 -16.15  10.82
2024      5     11     09     10     30    000   2.69 -16.14  10.82
2024      5     11     09     11     30    000   2.68 -16.13  10.83
2024      5     11     09     12     30    000   2.68 -16.12  10.83
2024      5     11     09     13     30    000   2.67 -16.11  10.84
2024      5     11     09     14     30    000   2.66 -16.10  10.84
2024      5     11     09     15     30    000   2.66 -16.09  10.85
2024      5     11     09     16     30    000   2.65 -16.08  10.85
2024      5     11     09     17     30    000   2.64 -16.07  10.86
2024      5     11     09     18     30    000   2.64 -16.06  10.86
2024      5     11     09     19     30    000   2.63 -16.05  10.87
2024      5     11     09     20     30    000   2.62 -16.04  10.87
2024      5     11     09     21     30    000   2.62 -16.03  10.88
2024      5     11     09     22     30    000   2.61 -16.02  10.88
2024      5     11     09     23     30    000   2.60 -16.01  10.89
2024      5     11     09     24     30    000   2.60 -16.00  10.89
2024      5     11     09     25     30    000   2.59 -15.99  10.90
2024      5     11     09     26     30    000   2.58 -15.98  10.90
2024      5     11     09     27     30    000   2.58 -15.98  10.91
2024      5     11     09     28     30    000   2.57 -15.97  10.91
2024      5     11     09     29     30    000   2.56 -15.96  10.92
2024      5     11     09     30     30    000   2.56 -15.95  10.92
2024      5     11     09     31     30    000   2.55 -15.94  10.92
2024      5     11     09     32     30    000   2.54 -15.93  10.93
2024      5     11     09     33     30    000   2.54 -15.92  10.93
2024      5     11     09     34     30    000   2.53 -15.91  10.94
2024      5     11     09     35     30    000   2.52 -15.90  10.94
2024      5     11     09     36     30    000   2.52 -15.89  10.94
2024      5     11     09     37     30    000   2.51 -15.88  10.95
2024      5     11     09     38     30    000   2.50 -15.87  10.95
2024      5     11     09     39     30    000   2.50 -15.86  10.96
2024      5     11     09     40     30    000   2.49 -15.85  10.96
2024      5     11     09     41     30    000   2.48 -15.85  10.96
2024      5     11     09     42     30    000   2.48 -15.84  10.97
2024      5     11     09     43     30    000   2.47 -15.83  10.97
2024      5     11     09     44     30    000   2.46 -15.82  10.97
2024      5     11     09     45     30    000   2.46 -15.81  10.98
2024      5     11     09     46     30    000   2.45 -15.80  10.98
2024      5     11     09     47     30    000   2.44 -15.79  10.98
2024      5     11     09     48     30    000   2.44 -15.78  10.99
2024      5     11     09     49     30    000   2.43 -15.77  10.99
2024      5     11     09     50     30    000   2.42 -15.76  10.99
2024      5     11     09     51     30    000   2.41 -15.76  11.00
2024      5     11     09     52     30    000   2.41 -15.75  11.00
2024      5     11     09     53     30    000   2.40 -15.74  11.00
2024      5     11     09     54     30    000   2.39 -15.73  11.01
2024      5     11     09     55     30    000   2.39 -15.72  11.01
2024      5     11     09     56     30    000   2.38 -15.71  11.01
2024      5     11     09     57     30    000   2.37 -15.70  11.01
2024      5     11     09     58     30    000   2.37 -15.69  11.02
2024      5     11     09     59     30    000   2.36 -15.68  11.02
2024      5     11     10     00     30    000   2.35 -15.68  11.02
2024      5     11     10     01     30    000   2.35 -15.67  11.02
2024      5     11     10     02     30    000   2.34 -15.66  11.03
2024      5     11     10     03     30    000   2.33 -15.65  11.03
2024      5     11     10     04     30    000   2.33 -15.64  11.03
2024      5     11     10     05     30    000   2.32 -15.63  11.03
2024      5     11     10     06     30    000   2.31 -15.62  11.04
2024      5     11     10     07     30    000   2.31 -15.61  11.04
2024      5     11     10     08     30    000   2.30 -15.61  11.04
2024      5     11     10     09     30    000   2.29 -15.60  11.04
2024      5     11     10     10     30    000   2.29 -15.59  11.04
2024      5     11     10     11     30    000   2.28 -15.58  11.05
2024      5     11     10     12     30    000   2.27 -15.57  11.05
2024      5     11     10     13     30    000   2.27 -15.56  11.05
2024      5     11     10     14     30    000   2.26 -15.56  11.05
2024      5     11     10     15     30    000   2.25 -15.55  11.05
2024      5     11     10     16     30    000   2.25 -15.54  11.06
2024      5     11     10     17     30    000   2.24 -15.53  11.06
2024      5     11     10     18     30    000   2.23 -15.52  11.06
2024      5     11     10     19     30    000   2.23 -15.51  11.06
2024      5     11     10     20     30    000   2.22 -15.50  11.06
2024      5     11     10     21     30    000   2.21 -15.50  11.06
2024      5     11     10     22     30    000   2.21 -15.49  11.06
2024      5     11     10     23     30    000   2.20 -15.48  11.07
2024      5     11     10     24     30    000   2.19 -15.47  11.07
2024      5     11     10     25     30    000   2.19 -15.46  11.07
2024      5     11     10     26     30    000   2.18 -15.45  11.07
2024      5     11     10     27     30    000   2.17 -15.45  11.07
2024      5     11     10     28     30    000   2.16 -15.44  11.07
2024      5     11     10     29     30    000   2.16 -15.43  11.07
2024      5     11     10     30     30    000   2.15 -15.42  11.07
2024      5     11     10     31     30    000   2.14 -15.41  11.07
2024      5     11     10     32     30    000   2.14 -15.41  11.07
2024      5     11     10     33     30    000   2.13 -15.40  11.07
2024      5     11     10     34     30    000   2.12 -15.39  11.08
2024      5     11     10     35     30    000   2.12 -15.38  11.08
2024      5     11     10     36     30    000   2.11 -15.37  11.08
2024      5     11     10     37     30    000   2.10 -15.37  11.08
2024      5     11     10     38     30    000   2.10 -15.36  11.08
2024      5     11     10     39     30    000   2.09 -15.35  11.08
2024      5     11     10     40     30    000   2.08 -15.34  11.08
2024      5     11     10     41     30    000   2.08 -15.33  11.08
2024      5     11     10     42     30    000   2.07 -15.33  11.08
2024      5     11     10     43     30    000   2.06 -15.32  11.08
2024      5     11     10     44     30    000   2.06 -15.31  11.08
2024      5     11     10     45     30    000   2.05 -15.30  11.08
2024      5     11     10     46     30    000   2.04 -15.29  11.08
2024      5     11     10     47     30    000   2.04 -15.29  11.08
2024      5     11     10     48     30    000   2.03 -15.28  11.08
2024      5     11     10     49     30    000   2.02 -15.27  11.08
2024      5     11     10     50     30    000   2.02 -15.26  11.08
2024      5     11     10     51     30    000   2.01 -15.26  11.08
2024      5     11     10     52     30    000   2.00 -15.25  11.08
2024      5     11     10     53     30    000   1.99 -15.24  11.08
2024      5     11     10     54     30    000   1.99 -15.23  11.08
2024      5     11     10     55     30    000   1.98 -15.23  11.07
2024      5     11     10     56     30    000   1.97 -15.22  11.07
2024      5     11     10     57     30    000   1.97 -15.21  11.07
2024      5     11     10     58     30    000   1.96 -15.20  11.07
2024      5     11     10     59     30    000   1.95 -15.20  11.07
2024      5     11     11     00     30    000   1.95 -15.19  11.07
2024      5     11     11     01     30    000   1.94 -15.18  11.07
2024      5     11     11     02     30    000   1.93 -15.17  11.07
2024      5     11     11     03     30    000   1.93 -15.17  11.07
2024      5     11     11     04     30    000   1.92 -15.16  11.07
2024      5     11     11     05     30    000   1.91 -15.15  11.07
2024      5     11     11     06     30    000   1.91 -15.14  11.06
2024      5     11     11     07     30    000   1.90 -15.14  11.06
2024      5     11     11     08     30    000   1.89 -15.13  11.06
2024      5     11     11     09     30    000   1.89 -15.12  11.06
2024      5     11     11     10     30    000   1.88 -15.11  11.06
2024      5     11     11     11     30    000   1.87 -15.11  11.06
2024      5     11     11     12     30    000   1.86 -15.10  11.06
2024      5     11     11     13     30    000   1.86 -15.09  11.05
2024      5     11     11     14     30    000   1.85 -15.09  11.05
2024      5     11     11     15     30    000   1.84 -15.08  11.05
2024      5     11     11     16     30    000   1.84 -15.07  11.05
2024      5     11     11     17     30    000   1.83 -15.06  11.05
2024      5     11     11     18     30    000   1.82 -15.06  11.05
2024      5     11     11     19     30    000   1.82 -15.05  11.04
2024      5     11     11     20     30    000   1.81 -15.04  11.04
2024      5     11     11     21     30    000   1.80 -15.04  11.04
2024      5     11     11     22     30    000   1.80 -15.03  11.04
2024      5     11     11     23     30    000   1.79 -15.02  11.03
2024      5     11     11     24     30    000   1.78 -15.02  11.03
2024      5     11     11     25     30    000   1.78 -15.01  11.03
2024      5     11     11     26     30    000   1.77 -15.00  11.03
2024      5     11     11     27     30    000   1.76 -14.99  11.03
2024      5     11     11     28     30    000   1.76 -14.99  11.02
2024      5     11     11     29     30    000   1.75 -14.98  11.02
2024      5     11     11     30     30    000   1.74 -14.97  11.02
2024      5     11     11     31     30    000   1.73 -14.97  11.02
2024      5     11     11     32     30    000   1.73 -14.96  11.01
2024      5     11     11     33     30    000   1.72 -14.95  11.01
2024      5     11     11     34     30    000   1.71 -14.95  11.01
2024      5     11     11     35     30    000   1.71 -14.94  11.00
2024      5     11     11     36     30    000   1.70 -14.93  11.00
2024      5     11     11     37     30    000   1.69 -14.93  11.00
2024      5     11     11     38     30    000   1.69 -14.92  11.00
2024      5     11     11     39     30    000   1.68 -14.91  10.99
2024      5     11     11     40     30    000   1.67 -14.91  10.99
2024      5     11     11     41     30    000   1.67 -14.90  10.99
2024      5     11     11     42     30    000   1.66 -14.89  10.98
2024      5     11     11     43     30    000   1.65 -14.89  10.98
2024      5     11     11     44     30    000   1.64 -14.88  10.98
2024      5     11     11     45     30    000   1.64 -14.87  10.97
2024      5     11     11     46     30    000   1.63 -14.87  10.97
2024      5     11     11     47     30    000   1.62 -14.86  10.97
2024      5     11     11     48     30    000   1.62 -14.86  10.96
2024      5     11     11     49     30    000   1.61 -14.85  10.96
2024      5     11     11     50     30    000   1.60 -14.84  10.95
2024      5     11     11     51     30    000   1.60 -14.84  10.95
2024      5     11     11     52     30    000   1.59 -14.83  10.95
2024      5     11     11     53     30    000   1.58 -14.82  10.94
2024      5     11     11     54     30    000   1.58 -14.82  10.94
2024      5     11     11     55     30    000   1.57 -14.81  10.94
2024      5     11     11     56     30    000   1.56 -14.80  10.93
2024      5     11     11     57     30    000   1.56 -14.80  10.93
2024      5     11     11     58     30    000   1.55 -14.79  10.92
2024      5     11     11     59     30    000   1.54 -14.79  10.92
2024      5     11     12     00     30    000   1.53 -14.78  10.91
2024      5     11     12     01     30    000   1.53 -14.77  10.91
2024      5     11     12     02     30    000   1.52 -14.77  10.91
2024      5     11     12     03     30    000   1.51 -14.76  10.90
2024      5     11     12     04     30    000   1.51 -14.76  10.90
2024      5     11     12     05     30    000   1.50 -14.75  10.89
2024      5     11     12     06     30    000   1.49 -14.74  10.89
2024      5     11     12     07     30    000   1.49 -14.74  10.88
2024      5     11     12     08     30    000   1.48 -14.73  10.88
2024      5     11     12     09     30    000   1.47 -14.73  10.87
2024      5     11     12     10     30    000   1.47 -14.72  10.87
2024      5     11     12     11     30    000   1.46 -14.71  10.86
2024      5     11     12     12     30    000   1.45 -14.71  10.86
2024      5     11     12     13     30    000   1.44 -14.70  10.85
2024      5     11     12     14     30    000   1.44 -14.70  10.85
2024      5     11     12     15     30    000   1.43 -14.69  10.84
2024      5     11     12     16     30    000   1.42 -14.68  10.84
2024      5     11     12     17     30    000   1.42 -14.68  10.83
2024      5     11     12     18     30    000   1.41 -14.67  10.83
2024      5     11     12     19     30    000   1.40 -14.67  10.82
2024      5     11     12     20     30    000   1.40 -14.66  10.82
2024      5     11     12     21     30    000   1.39 -14.66  10.81
2024      5     11     12     22     30    000   1.38 -14.65  10.81
2024      5     11     12     23     30    000   1.38 -14.64  10.80
2024      5     11     12     24     30    000   1.37 -14.64  10.80
2024      5     11     12     25     30    000   1.36 -14.63  10.79
2024      5     11     12     26     30    000   1.35 -14.63  10.79
2024      5     11     12     27     30    000   1.35 -14.62  10.78
2024      5     11     12     28     30    000   1.34 -14.62  10.77
2024      5     11     12     29     30    000   1.33 -14.61  10.77
2024      5     11     12     30     30    000   1.33 -14.60  10.76
2024      5     11     12     31     30    000   1.32 -14.60  10.76
2024      5     11     12     32     30    000   1.31 -14.59  10.75
2024      5     11     12     33     30    000   1.31 -14.59  10.75
2024      5     11     12     34     30    000   1.30 -14.58  10.74
2024      5     11     12     35     30    000   1.29 -14.58  10.73
2024      5     11     12     36     30    000   1.28 -14.57  10.73
2024      5     11     12     37     30    000   1.28 -14.57  10.72
2024      5     11     12     38     30    000   1.27 -14.56  10.71
2024      5     11     12     39     30    000   1.26 -14.55  10.71
2024      5     11     12     40     30    000   1.26 -14.55  10.70
2024      5     11     12     41     30    000   1.25 -14.54  10.70
2024      5     11     12     42     30    000   1.24 -14.54  10.69
2024      5     11     12     43     30    000   1.24 -14.53  10.68
2024      5     11     12     44     30    000   1.23 -14.53  10.68
2024      5     11     12     45     30    000   1.22 -14.52  10.67
2024      5     11     12     46     30    000   1.22 -14.52  10.66
2024      5     11     12     47     30    000   1.21 -14.51  10.66
2024      5     11     12     48     30    000   1.20 -14.51  10.65
2024      5     11     12     49     30    000   1.19 -14.50  10.64
2024      5     11     12     50     30    000   1.19 -14.50  10.64
2024      5     11     12     51     30    000   1.18 -14.49  10.63
2024      5     11     12     52     30    000   1.17 -14.49  10.62
2024      5     11     12     53     30    000   1.17 -14.48  10.61
2024      5     11     12     54     30    000   1.16 -14.48  10.61
2024      5     11     12     55     30    000   1.15 -14.47  10.60
2024      5     11     12     56     30    000   1.15 -14.46  10.59
2024      5     11     12     57     30    000   1.14 -14.46  10.59
2024      5     11     12     58     30    000   1.13 -14.45  10.58
2024      5     11     12     59     30    000   1.12 -14.45  10.57
2024      5     11     13     00     30    000   1.12 -14.44  10.56
2024      5     11     13     01     30    000   1.11 -14.44  10.56
2024      5     11     13     02     30    000   1.10 -14.43  10.55
2024      5     11     13     03     30    000   1.10 -14.43  10.54
2024      5     11     13     04     30    000   1.09 -14.42  10.53
2024      5     11     13     05     30    000   1.08 -14.42  10.53
2024      5     11     13     06     30    000   1.08 -14.41  10.52
2024      5     11     13     07     30    000   1.07 -14.41  10.51
2024      5     11     13     08     30    000   1.06 -14.40  10.50
2024      5     11     13     09     30    000   1.05 -14.40  10.50
2024      5     11     13     10     30    000   1.05 -14.39  10.49
2024      5     11     13     11     30    000   1.04 -14.39  10.48
2024      5     11     13     12     30    000   1.03 -14.38  10.47
2024      5     11     13     13     30    000   1.03 -14.38  10.47
2024      5     11     13     14     30    000   1.02 -14.37  10.46
2024      5     11     13     15     30    000   1.01 -14.37  10.45
2024      5     11     13     16     30    000   1.01 -14.36  10.44
2024      5     11     13     17     30    000   1.00 -14.36  10.43
2024      5     11     13     18     30    000   0.99 -14.35  10.42
2024      5     11     13     19     30    000   0.99 -14.35  10.42
2024      5     11     13     20     30    000   0.98 -14.35  10.41
2024      5     11     13     21     30    000   0.97 -14.34  10.40
2024      5     11     13     22     30    000   0.96 -14.34  10.39
2024      5     11     13     23     30    000   0.96 -14.33  10.38
2024      5     11     13     24     30    000   0.95 -14.33  10.37
2024      5     11     13     25     30    000   0.94 -14.32  10.37
2024      5     11     13     26     30    000   0.94 -14.32  10.36
2024      5     11     13     27     30    000   0.93 -14.31  10.35
2024      5     11     13     28     30    000   0.92 -14.31  10.34
2024      5     11     13     29     30    000   0.92 -14.30  10.33
2024      5     11     13     30     30    000   0.91 -14.30  10.32
2024      5     11     13     31     30    000   0.90 -14.29  10.31
2024      5     11     13     32     30    000   0.89 -14.29  10.31
2024      5     11     13     33     30    000   0.89 -14.28  10.30
2024      5     11     13     34     30    000   0.88 -14.28  10.29
2024      5     11     13     35     30    000   0.87 -14.27  10.28
2024      5     11     13     36     30    000   0.87 -14.27  10.27
2024      5     11     13     37     30    000   0.86 -14.26  10.26
2024      5     11     13     38     30    000   0.85 -14.26  10.25
2024      5     11     13     39     30    000   0.85 -14.26  10.24
2024      5     11     13     40     30    000   0.84 -14.25  10.23
2024      5     11     13     41     30    000   0.83 -14.25  10.22
2024      5     11     13     42     30    000   0.82 -14.24  10.22
2024      5     11     13     43     30    000   0.82 -14.24  10.21
2024      5     11     13     44     30    000   0.81 -14.23  10.20
2024      5     11     13     45     30    000   0.80 -14.23  10.19
2024      5     11     13     46     30    000   0.80 -14.22  10.18
2024      5     11     13     47     30    000   0.79 -14.22  10.17
2024      5     11     13     48     30    000   0.78 -14.21  10.16
2024      5     11     13     49     30    000   0.78 -14.21  10.15
2024      5     11     13     50     30    000   0.77 -14.20  10.14
2024      5     11     13     51     30    000   0.76 -14.20  10.13
2024      5     11     13     52     30    000   0.75 -14.20  10.12
2024      5     11     13     53     30    000   0.75 -14.19  10.11
2024      5     11     13     54     30    000   0.74 -14.19  10.10
2024      5     11     13     55     30    000   0.73 -14.18  10.09
2024      5     11     13     56     30    000   0.73 -14.18  10.08
2024      5     11     13     57     30    000   0.72 -14.17  10.07
2024      5     11     13     58     30    000   0.71 -14.17  10.06
2024      5     11     13     59     30    000   0.70 -14.16  10.05
2024      5     11     14     00     30    000   0.70 -14.16  10.04
2024      5     11     14     01     30    000   0.69 -14.15  10.03
2024      5     11     14     02     30    000   0.68 -14.15  10.02
2024      5     11     14     03     30    000   0.68 -14.15  10.01
2024      5     11     14     04     30    000   0.67 -14.14  10.00
2024      5     11     14     05     30    000   0.66 -14.14   9.99
2024      5     11     14     06     30    000   0.66 -14.13   9.98
2024      5     11     14     07     30    000   0.65 -14.13   9.97
2024      5     11     14     08     30    000   0.64 -14.12   9.96
2024      5     11     14     09     30    000   0.63 -14.12   9.95
2024      5     11     14     10     30    000   0.63 -14.11   9.94
2024      5     11     14     11     30    000   0.62 -14.11   9.93
2024      5     11     14     12     30    000   0.61 -14.10   9.92
2024      5     11     14     13     30    000   0.61 -14.10   9.91
2024      5     11     14     14     30    000   0.60 -14.10   9.90
2024      5     11     14     15     30    000   0.59 -14.09   9.89
2024      5     11     14     16     30    000   0.59 -14.09   9.88
2024      5     11     14     17     30    000   0.58 -14.08   9.87
2024      5     11     14     18     30    000   0.57 -14.08   9.86
2024      5     11     14     19     30    000   0.56 -14.07   9.85
2024      5     11     14     20     30    000   0.56 -14.07   9.83
2024      5     11     14     21     30    000   0.55 -14.06   9.82
2024      5     11     14     22     30    000   0.54 -14.06   9.81
2024      5     11     14     23     30    000   0.54 -14.05   9.80
2024      5     11     14     24     30    000   0.53 -14.05   9.79
2024      5     11     14     25     30    000   0.52 -14.05   9.78
2024      5     11     14     26     30    000   0.52 -14.04   9.77
2024      5     11     14     27     30    000   0.51 -14.04   9.76
2024      5     11     14     28     30    000   0.50 -14.03   9.75
2024      5     11     14     29     30    000   0.49 -14.03   9.74
2024      5     11     14     30     30    000   0.49 -14.02   9.73
2024      5     11     14     31     30    000   0.48 -14.02   9.72
2024      5     11     14     32     30    000   0.47 -14.01   9.70
2024      5     11     14     33     30    000   0.47 -14.01   9.69
2024      5     11     14     34     30    000   0.46 -14.01   9.68
2024      5     11     14     35     30    000   0.45 -14.00   9.67
2024      5     11     14     36     30    000   0.45 -14.00   9.66
2024      5     11     14     37     30    000   0.44 -13.99   9.65
2024      5     11     14     38     30    000   0.43 -13.99   9.64
2024      5     11     14     39     30    000   0.42 -13.98   9.63
2024      5     11     14     40     30    000   0.42 -13.98   9.61
2024      5     11     14     41     30    000   0.41 -13.97   9.60
2024      5     11     14     42     30    000   0.40 -13.97   9.59
2024      5     11     14     43     30    000   0.40 -13.96   9.58
2024      5     11     14     44     30    000   0.39 -13.96   9.57
2024      5     11     14     45     30    000   0.38 -13.96   9.56
2024      5     11     14     46     30    000   0.37 -13.95   9.55
2024      5     11     14     47     30    000   0.37 -13.95   9.53
2024      5     11     14     48     30    000   0.36 -13.94   9.52
2024      5     11     14     49     30    000   0.35 -13.94   9.51
2024      5     11     14     50     30    000   0.35 -13.93   9.50
2024      5     11     14     51     30    000   0.34 -13.93   9.49
2024      5     11     14     52     30    000   0.33 -13.92   9.48
2024      5     11     14     53     30    000   0.33 -13.92   9.46
2024      5     11     14     54     30    000   0.32 -13.91   9.45
2024      5     11     14     55     30    000   0.31 -13.91   9.44
2024      5     11     14     56     30    000   0.30 -13.90   9.43
2024      5     11     14     57     30    000   0.30 -13.90   9.42
2024      5     11     14     58     30    000   0.29 -13.90   9.40
2024      5     11     14     59     30    000   0.28 -13.89   9.39
2024      5     11     15     00     30    000   0.28 -13.89   9.38
2024      5     11     15     01     30    000   0.27 -13.88   9.37
2024      5     11     15     02     30    000   0.26 -13.88   9.36
2024      5     11     15     03     30    000   0.26 -13.87   9.35
2024      5     11     15     04     30    000   0.25 -13.87   9.33
2024      5     11     15     05     30    000   0.24 -13.86   9.32
2024      5     11     15     06     30    000   0.23 -13.86   9.31
2024      5     11     15     07     30    000   0.23 -13.85   9.30
2024      5     11     15     08     30    000   0.22 -13.85   9.28
2024      5     11     15     09     30    000   0.21 -13.84   9.27
2024      5     11     15     10     30    000   0.21 -13.84   9.26
2024      5     11     15     11     30    000   0.20 -13.83   9.25
2024      5     11     15     12     30    000   0.19 -13.83   9.24
2024      5     11     15     13     30    000   0.18 -13.82   9.22
2024      5     11     15     14     30    000   0.18 -13.82   9.21
2024      5     11     15     15     30    000   0.17 -13.81   9.20
2024      5     11     15     16     30    000   0.16 -13.81   9.19
2024      5     11     15     17     30    000   0.16 -13.80   9.17
2024      5     11     15     18     30    000   0.15 -13.80   9.16
2024      5     11     15     19     30    000   0.14 -13.79   9.15
2024      5     11     15     20     30    000   0.14 -13.79   9.14
2024      5     11     15     21     30    000   0.13 -13.78   9.13
2024      5     11     15     22     30    000   0.12 -13.78   9.11
2024      5     11     15     23     30    000   0.11 -13.78   9.10
2024      5     11     15     24     30    000   0.11 -13.77   9.09
2024      5     11     15     25     30    000   0.10 -13.77   9.08
2024      5     11     15     26     30    000   0.09 -13.76   9.06
2024      5     11     15     27     30    000   0.09 -13.76   9.05
2024      5     11     15     28     30    000   0.08 -13.75   9.04
2024      5     11     15     29     30    000   0.07 -13.75   9.03
2024      5     11     15     30     30    000   0.07 -13.74   9.01
2024      5     11     15     31     30    000   0.06 -13.73   9.00
2024      5     11     15     32     30    000   0.05 -13.73   8.99
2024      5     11     15     33     30    000   0.04 -13.72   8.98
2024      5     11     15     34     30    000   0.04 -13.72   8.96
2024      5     11     15     35     30    000   0.03 -13.71   8.95
2024      5     11     15     36     30    000   0.02 -13.71   8.94
2024      5     11     15     37     30    000   0.02 -13.70   8.92
2024      5     11     15     38     30    000   0.01 -13.70   8.91
2024      5     11     15     39     30    000   0.00 -13.69   8.90
2024      5     11     15     40     30    000  -0.01 -13.69   8.89
2024      5     11     15     41     30    000  -0.01 -13.68   8.87
2024      5     11     15     42     30    000  -0.02 -13.68   8.86
2024      5     11     15     43     30    000  -0.03 -13.67   8.85
2024      5     11     15     44     30    000  -0.03 -13.67   8.84
2024      5     11     15     45     30    000  -0.04 -13.66   8.82
2024      5     11     15     46     30    000  -0.05 -13.66   8.81
2024      5     11     15     47     30    000  -0.05 -13.65   8.80
2024      5     11     15     48     30    000  -0.06 -13.65   8.78
2024      5     11     15     49     30    000  -0.07 -13.64   8.77
2024      5     11     15     50     30    000  -0.08 -13.63   8.76
2024      5     11     15     51     30    000  -0.08 -13.63   8.75
2024      5     11     15     52     30    000  -0.09 -13.62   8.73
2024      5     11     15     53     30    000  -0.10 -13.62   8.72
2024      5     11     15     54     30    000  -0.10 -13.61   8.71
2024      5     11     15     55     30    000  -0.11 -13.61   8.69
2024      5     11     15     56     30    000  -0.12 -13.60   8.68
2024      5     11     15     57     30    000  -0.12 -13.60   8.67
2024      5     11     15     58     30    000  -0.13 -13.59   8.66
2024      5     11     15     59     30    000  -0.14 -13.59   8.64
2024      5     11     16     00     30    000  -0.15 -13.58   8.63
2024      5     11     16     01     30    000  -0.15 -13.57   8.62
2024      5     11     16     02     30    000  -0.16 -13.57   8.60
2024      5     11     16     03     30    000  -0.17 -13.56   8.59
2024      5     11     16     04     30    000  -0.17 -13.56   8.58
2024      5     11     16     05     30    000  -0.18 -13.55   8.56
2024      5     11     16     06     30    000  -0.19 -13.55   8.55
2024      5     11     16     07     30    000  -0.19 -13.54   8.54
2024      5     11     16     08     30    000  -0.20 -13.53   8.53
2024      5     11     16     09     30    000  -0.21 -13.53   8.51
2024      5     11     16     10     30    000  -0.22 -13.52   8.50
2024      5     11     16     11     30    000  -0.22 -13.52   8.49
2024      5     11     16     12     30    000  -0.23 -13.51   8.47
2024      5     11     16     13     30    000  -0.24 -13.50   8.46
2024      5     11     16     14     30    000  -0.24 -13.50   8.45
2024      5     11     16     15     30    000  -0.25 -13.49   8.43
2024      5     11     16     16     30    000  -0.26 -13.49   8.42
2024      5     11     16     17     30    000  -0.27 -13.48   8.41
2024      5     11     16     18     30    000  -0.27 -13.47   8.39
2024      5     11     16     19     30    000  -0.28 -13.47   8.38
2024      5     11     16     20     30    000  -0.29 -13.46   8.37
2024      5     11     16     21     30    000  -0.29 -13.46   8.35
2024      5     11     16     22     30    000  -0.30 -13.45   8.34
2024      5     11     16     23     30    000  -0.31 -13.44   8.33
2024      5     11     16     24     30    000  -0.31 -13.44   8.32
2024      5     11     16     25     30    000  -0.32 -13.43   8.30
2024      5     11     16     26     30    000  -0.33 -13.42   8.29
2024      5     11     16     27     30    000  -0.34 -13.42   8.28
2024      5     11     16     28     30    000  -0.34 -13.41   8.26
2024      5     11     16     29     30    000  -0.35 -13.40   8.25
2024      5     11     16     30     30    000  -0.36 -13.40   8.24
2024      5     11     16     31     30    000  -0.36 -13.39   8.22
2024      5     11     16     32     30    000  -0.37 -13.39   8.21
2024      5     11     16     33     30    000  -0.38 -13.38   8.20
2024      5     11     16     34     30    000  -0.38 -13.37   8.18
2024      5     11     16     35     30    000  -0.39 -13.37   8.17
2024      5     11     16     36     30    000  -0.40 -13.36   8.16
2024      5     11     16     37     30    000  -0.41 -13.35   8.14
2024      5     11     16     38     30    000  -0.41 -13.35   8.13
2024      5     11     16     39     30    000  -0.42 -13.34   8.12
2024      5     11     16     40     30    000  -0.43 -13.33   8.11
2024      5     11     16     41     30    000  -0.43 -13.33   8.09
2024      5     11     16     42     30    000  -0.44 -13.32   8.08
2024      5     11     16     43     30    000  -0.45 -13.31   8.07
2024      5     11     16     44     30    000  -0.45 -13.31   8.05
2024      5     11     16     45     30    000  -0.46 -13.30   8.04
2024      5     11     16     46     30    000  -0.47 -13.29   8.03
2024      5     11     16     47     30    000  -0.48 -13.28   8.01
2024      5     11     16     48     30    000  -0.48 -13.28   8.00
2024      5     11     16     49     30    000  -0.49 -13.27   7.99
2024      5     11     16     50     30    000  -0.50 -13.26   7.97
2024      5     11     16     51     30    000  -0.50 -13.26   7.96
2024      5     11     16     52     30    000  -0.51 -13.25   7.95
2024      5     11     16     53     30    000  -0.52 -13.24   7.94
2024      5     11     16     54     30    000  -0.52 -13.24   7.92
2024      5     11     16     55     30    000  -0.53 -13.23   7.91
2024      5     11     16     56     30    000  -0.54 -13.22   7.90
2024      5     11     16     57     30    000  -0.55 -13.21   7.88
2024      5     11     16     58     30    000  -0.55 -13.21   7.87
2024      5     11     16     59     30    000  -0.56 -13.20   7.86
2024      5     11     17     00     30    000  -0.57 -13.19   7.84
2024      5     11     17     01     30    000  -0.57 -13.18   7.83
2024      5     11     17     02     30    000  -0.58 -13.18   7.82
2024      5     11     17     03     30    000  -0.59 -13.17   7.80
2024      5     11     17     04     30    000  -0.59 -13.16   7.79
2024      5     11     17     05     30    000  -0.60 -13.15   7.78
2024      5     11     17     06     30    000  -0.61 -13.15   7.77
2024      5     11     17     07     30    000  -0.61 -13.14   7.75
2024      5     11     17     08     30    000  -0.62 -13.13   7.74
2024      5     11     17     09     30    000  -0.63 -13.12   7.73
2024      5     11     17     10     30    000  -0.64 -13.12   7.71
2024      5     11     17     11     30    000  -0.64 -13.11   7.70
2024      5     11     17     12     30    000  -0.65 -13.10   7.69
2024      5     11     17     13     30    000  -0.66 -13.09   7.68
2024      5     11     17     14     30    000  -0.66 -13.08   7.66
2024      5     11     17     15     30    000  -0.67 -13.08   7.65
2024      5     11     17     16     30    000  -0.68 -13.07   7.64
2024      5     11     17     17     30    000  -0.68 -13.06   7.62
2024      5     11     17     18     30    000  -0.69 -13.05   7.61
2024      5     11     17     19     30    000  -0.70 -13.04   7.60
2024      5     11     17     20     30    000  -0.71 -13.04   7.59
2024      5     11     17     21     30    000  -0.71 -13.03   7.57
2024      5     11     17     22     30    000  -0.72 -13.02   7.56
2024      5     11     17     23     30    000  -0.73 -13.01   7.55
2024      5     11     17     24     30    000  -0.73 -13.00   7.53
2024      5     11     17     25     30    000  -0.74 -13.00   7.52
2024      5     11     17     26     30    000  -0.75 -12.99   7.51
2024      5     11     17     27     30    000  -0.75 -12.98   7.50
2024      5     11     17     28     30    000  -0.76 -12.97   7.48
2024      5     11     17     29     30    000  -0.77 -12.96   7.47
2024      5     11     17     30     30    000  -0.77 -12.95   7.46
2024      5     11     17     31     30    000  -0.78 -12.94   7.45
2024      5     11     17     32     30    000  -0.79 -12.94   7.43
2024      5     11     17     33     30    000  -0.80 -12.93   7.42
2024      5     11     17     34     30    000  -0.80 -12.92   7.41
2024      5     11     17     35     30    000  -0.81 -12.91   7.39
2024      5     11     17     36     30    000  -0.82 -12.90   7.38
2024      5     11     17     37     30    000  -0.82 -12.89   7.37
2024      5     11     17     38     30    000  -0.83 -12.88   7.36
2024      5     11     17     39     30    000  -0.84 -12.88   7.34
2024      5     11     17     40     30    000  -0.84 -12.87   7.33
2024      5     11     17     41     30    000  -0.85 -12.86   7.32
2024      5     11     17     42     30    000  -0.86 -12.85   7.31
2024      5     11     17     43     30    000  -0.86 -12.84   7.29
2024      5     11     17     44     30    000  -0.87 -12.83   7.28
2024      5     11     17     45     30    000  -0.88 -12.82   7.27
2024      5     11     17     46     30    000  -0.89 -12.81   7.26
2024      5     11     17     47     30    000  -0.89 -12.80   7.24
2024      5     11     17     48     30    000  -0.90 -12.79   7.23
2024      5     11     17     49     30    000  -0.91 -12.78   7.22
2024      5     11     17     50     30    000  -0.91 -12.78   7.21
2024      5     11     17     51     30    000  -0.92 -12.77   7.20
2024      5     11     17     52     30    000  -0.93 -12.76   7.18
2024      5     11     17     53     30    000  -0.93 -12.75   7.17
2024      5     11     17     54     30    000  -0.94 -12.74   7.16
2024      5     11     17     55     30    000  -0.95 -12.73   7.15
2024      5     11     17     56     30    000  -0.95 -12.72   7.13
2024      5     11     17     57     30    000  -0.96 -12.71   7.12
2024      5     11     17     58     30    000  -0.97 -12.70   7.11
2024      5     11     17     59     30    000  -0.98 -12.69   7.10
2024      5     11     18     00     30    000  -0.98 -12.68   7.09
2024      5     11     18     01     30    000  -0.99 -12.67   7.07
2024      5     11     18     02     30    000  -1.00 -12.66   7.06
2024      5     11     18     03     30    000  -1.00 -12.65   7.05
2024      5     11     18     04     30    000  -1.01 -12.64   7.04
2024      5     11     18     05     30    000  -1.02 -12.63   7.02
2024      5     11     18     06     30    000  -1.02 -12.62   7.01
2024      5     11     18     07     30    000  -1.03 -12.61   7.00
2024      5     11     18     08     30    000  -1.04 -12.60   6.99
2024      5     11     18     09     30    000  -1.04 -12.59   6.98
2024      5     11     18     10     30    000  -1.05 -12.58   6.97
2024      5     11     18     11     30    000  -1.06 -12.57   6.95
2024      5     11     18     12     30    000  -1.06 -12.56   6.94
2024      5     11     18     13     30    000  -1.07 -12.55   6.93
2024      5     11     18     14     30    000  -1.08 -12.54   6.92
2024      5     11     18     15     30    000  -1.09 -12.53   6.91
2024      5     11     18     16     30    000  -1.09 -12.52   6.89
2024      5     11     18     17     30    000  -1.10 -12.51   6.88
2024      5     11     18     18     30    000  -1.11 -12.50   6.87
2024      5     11     18     19     30    000  -1.11 -12.49   6.86
2024      5     11     18     20     30    000  -1.12 -12.48   6.85
2024      5     11     18     21     30    000  -1.13 -12.47   6.84
2024      5     11     18     22     30    000  -1.13 -12.45   6.82
2024      5     11     18     23     30    000  -1.14 -12.44   6.81
2024      5     11     18     24     30    000  -1.15 -12.43   6.80
2024      5     11     18     25     30    000  -1.15 -12.42   6.79
2024      5     11     18     26     30    000  -1.16 -12.41   6.78
2024      5     11     18     27     30    000  -1.17 -12.40   6.77
2024      5     11     18     28     30    000  -1.17 -12.39   6.76
2024      5     11     18     29     30    000  -1.18 -12.38   6.74
2024      5     11     18     30     30    000  -1.19 -12.37   6.73
2024      5     11     18     31     30    000  -1.19 -12.36   6.72
2024      5     11     18     32     30    000  -1.20 -12.35   6.71
2024      5     11     18     33     30    000  -1.21 -12.33   6.70
2024      5     11     18     34     30    000  -1.21 -12.32   6.69
2024      5     11     18     35     30    000  -1.22 -12.31   6.68
2024      5     11     18     36     30    000  -1.23 -12.30   6.66
2024      5     11     18     37     30    000  -1.24 -12.29   6.65
2024      5     11     18     38     30    000  -1.24 -12.28   6.64
2024      5     11     18     39     30    000  -1.25 -12.27   6.63
2024      5     11     18     40     30    000  -1.26 -12.25   6.62
2024      5     11     18     41     30    000  -1.26 -12.24   6.61
2024      5     11     18     42     30    000  -1.27 -12.23   6.60
2024      5     11     18     43     30    000  -1.28 -12.22   6.59
2024      5     11     18     44     30    000  -1.28 -12.21   6.58
2024      5     11     18     45     30    000  -1.29 -12.20   6.56
2024      5     11     18     46     30    000  -1.30 -12.18   6.55
2024      5     11     18     47     30    000  -1.30 -12.17   6.54
2024      5     11     18     48     30    000  -1.31 -12.16   6.53
2024      5     11     18     49     30    000  -1.32 -12.15   6.52
2024      5     11     18     50     30    000  -1.32 -12.14   6.51
2024      5     11     18     51     30    000  -1.33 -12.12   6.50
2024      5     11     18     52     30    000  -1.34 -12.11   6.49
2024      5     11     18     53     30    000  -1.34 -12.10   6.48
2024      5     11     18     54     30    000  -1.35 -12.09   6.47
2024      5     11     18     55     30    000  -1.36 -12.08   6.46
2024      5     11     18     56     30    000  -1.36 -12.06   6.45
2024      5     11     18     57     30    000  -1.37 -12.05   6.44
2024      5     11     18     58     30    000  -1.38 -12.04   6.42
2024      5     11     18     59     30    000  -1.38 -12.03   6.41
2024      5     11     19     00     30    000  -1.39 -12.01   6.40
2024      5     11     19     01     30    000  -1.40 -12.00   6.39
2024      5     11     19     02     30    000  -1.40 -11.99   6.38
2024      5     11     19     03     30    000  -1.41 -11.98   6.37
2024      5     11     19     04     30    000  -1.42 -11.96   6.36
2024      5     11     19     05     30    000  -1.42 -11.95   6.35
2024      5     11     19     06     30    000  -1.43 -11.94   6.34
2024      5     11     19     07     30    000  -1.44 -11.92   6.33
2024      5     11     19     08     30    000  -1.44 -11.91   6.32
2024      5     11     19     09     30    000  -1.45 -11.90   6.31
2024      5     11     19     10     30    000  -1.46 -11.89   6.30
2024      5     11     19     11     30    000  -1.46 -11.87   6.29
2024      5     11     19     12     30    000  -1.47 -11.86   6.28
2024      5     11     19     13     30    000  -1.48 -11.85   6.27
2024      5     11     19     14     30    000  -1.48 -11.83   6.26
2024      5     11     19     15     30    000  -1.49 -11.82   6.25
2024      5     11     19     16     30    000  -1.50 -11.81   6.24
2024      5     11     19     17     30    000  -1.50 -11.79   6.23
2024      5     11     19     18     30    000  -1.51 -11.78   6.22
2024      5     11     19     19     30    000  -1.52 -11.77   6.21
2024      5     11     19     20     30    000  -1.52 -11.75   6.20
2024      5     11     19     21     30    000  -1.53 -11.74   6.19
2024      5     11     19     22     30    000  -1.54 -11.73   6.18
2024      5     11     19     23     30    000  -1.54 -11.71   6.17
2024      5     11     19     24     30    000  -1.55 -11.70   6.16
2024      5     11     19     25     30    000  -1.56 -11.69   6.15
2024      5     11     19     26     30    000  -1.56 -11.67   6.14
2024      5     11     19     27     30    000  -1.57 -11.66   6.13
2024      5     11     19     28     30    000  -1.58 -11.64   6.12
2024      5     11     19     29     30    000  -1.58 -11.63   6.11
2024      5     11     19     30     30    000  -1.59 -11.62   6.10
2024      5     11     19     31     30    000  -1.60 -11.60   6.09
2024      5     11     19     32     30    000  -1.60 -11.59   6.08
2024      5     11     19     33     30    000  -1.61 -11.57   6.07
2024      5     11     19     34     30    000  -1.62 -11.56   6.06
2024      5     11     19     35     30    000  -1.62 -11.55   6.05
2024      5     11     19     36     30    000  -1.63 -11.53   6.05
2024      5     11     19     37     30    000  -1.64 -11.52   6.04
2024      5     11     19     38     30    000  -1.64 -11.50   6.03
2024      5     11     19     39     30    000  -1.65 -11.49   6.02
2024      5     11     19     40     30    000  -1.66 -11.47   6.01
2024      5     11     19     41     30    000  -1.66 -11.46   6.00
2024      5     11     19     42     30    000  -1.67 -11.44   5.99
2024      5     11     19     43     30    000  -1.68 -11.43   5.98
2024      5     11     19     44     30    000  -1.68 -11.42   5.97
2024      5     11     19     45     30    000  -1.69 -11.40   5.96
2024      5     11     19     46     30    000  -1.70 -11.39   5.95
2024      5     11     19     47     30    000  -1.70 -11.37   5.94
2024      5     11     19     48     30    000  -1.71 -11.36   5.94
2024      5     11     19     49     30    000  -1.72 -11.34   5.93
2024      5     11     19     50     30    000  -1.72 -11.33   5.92
2024      5     11     19     51     30    000  -1.73 -11.31   5.91
2024      5     11     19     52     30    000  -1.74 -11.30   5.90
2024      5     11     19     53     30    000  -1.74 -11.28   5.89
2024      5     11     19     54     30    000  -1.75 -11.27   5.88
2024      5     11     19     55     30    000  -1.75 -11.25   5.87
2024      5     11     19     56     30    000  -1.76 -11.24   5.86
2024      5     11     19     57     30    000  -1.77 -11.22   5.86
2024      5     11     19     58     30    000  -1.77 -11.20   5.85
2024      5     11     19     59     30    000  -1.78 -11.19   5.84
2024      5     11     20     00     30    000  -1.79 -11.17   5.83
2024      5     11     20     01     30    000  -1.79 -11.16   5.82
2024      5     11     20     02     30    000  -1.80 -11.14   5.81
2024      5     11     20     03     30    000  -1.81 -11.13   5.80
2024      5     11     20     04     30    000  -1.81 -11.11   5.80
2024      5     11     20     05     30    000  -1.82 -11.10   5.79
2024      5     11     20     06     30    000  -1.83 -11.08   5.78
2024      5     11     20     07     30    000  -1.83 -11.06   5.77
2024      5     11     20     08     30    000  -1.84 -11.05   5.76
2024      5     11     20     09     30    000  -1.84 -11.03   5.75
2024      5     11     20     10     30    000  -1.85 -11.02   5.75
2024      5     11     20     11     30    000  -1.86 -11.00   5.74
2024      5     11     20     12     30    000  -1.86 -10.98   5.73
2024      5     11     20     13     30    000  -1.87 -10.97   5.72
2024      5     11     20     14     30    000  -1.88 -10.95   5.71
2024      5     11     20     15     30    000  -1.88 -10.93   5.70
2024      5     11     20     16     30    000  -1.89 -10.92   5.70
2024      5     11     20     17     30    000  -1.90 -10.90   5.69
2024      5     11     20     18     30    000  -1.90 -10.89   5.68
2024      5     11     20     19     30    000  -1.91 -10.87   5.67
2024      5     11     20     20     30    000  -1.92 -10.85   5.66
2024      5     11     20     21     30    000  -1.92 -10.84   5.66
2024      5     11     20     22     30    000  -1.93 -10.82   5.65
2024      5     11     20     23     30    000  -1.93 -10.80   5.64
2024      5     11     20     24     30    000  -1.94 -10.79   5.63
2024      5     11     20     25     30    000  -1.95 -10.77   5.62
2024      5     11     20     26     30    000  -1.95 -10.75   5.62
2024      5     11     20     27     30    000  -1.96 -10.73   5.61
2024      5     11     20     28     30    000  -1.97 -10.72   5.60
2024      5     11     20     29     30    000  -1.97 -10.70   5.59
2024      5     11     20     30     30    000  -1.98 -10.68   5.59
2024      5     11     20     31     30    000  -1.98 -10.67   5.58
2024      5     11     20     32     30    000  -1.99 -10.65   5.57
2024      5     11     20     33     30    000  -2.00 -10.63   5.56
2024      5     11     20     34     30    000  -2.00 -10.61   5.56
2024      5     11     20     35     30    000  -2.01 -10.60   5.55
2024      5     11     20     36     30    000  -2.02 -10.58   5.54
2024      5     11     20     37     30    000  -2.02 -10.56   5.53
2024      5     11     20     38     30    000  -2.03 -10.54   5.53
2024      5     11     20     39     30    000  -2.03 -10.53   5.52
2024      5     11     20     40     30    000  -2.04 -10.51   5.51
2024      5     11     20     41     30    000  -2.05 -10.49   5.50
2024      5     11     20     42     30    000  -2.05 -10.47   5.50
2024      5     11     20     43     30    000  -2.06 -10.46   5.49
2024      5     11     20     44     30    000  -2.07 -10.44   5.48
2024      5     11     20     45     30    000  -2.07 -10.42   5.47
2024      5     11     20     46     30    000  -2.08 -10.40   5.47
2024      5     11     20     47     30    000  -2.08 -10.38   5.46
2024      5     11     20     48     30    000  -2.09 -10.37   5.45
2024      5     11     20     49     30    000  -2.10 -10.35   5.44
2024      5     11     20     50     30    000  -2.10 -10.33   5.44
2024      5     11     20     51     30    000  -2.11 -10.31   5.43
2024      5     11     20     52     30    000  -2.12 -10.29   5.42
2024      5     11     20     53     30    000  -2.12 -10.28   5.42
2024      5     11     20     54     30    000  -2.13 -10.26   5.41
2024      5     11     20     55     30    000  -2.13 -10.24   5.40
2024      5     11     20     56     30    000  -2.14 -10.22   5.40
2024      5     11     20     57     30    000  -2.15 -10.20   5.39
2024      5     11     20     58     30    000  -2.15 -10.18   5.38
2024      5     11     20     59     30    000  -2.16 -10.16   5.37
2024      5     11     21     00     30    000  -2.16 -10.15   5.37
2024      5     11     21     01     30    000  -2.17 -10.13   5.36
2024      5     11     21     02     30    000  -2.18 -10.11   5.35
2024      5     11     21     03     30    000  -2.18 -10.09   5.35
2024      5     11     21     04     30    000  -2.19 -10.07   5.34
2024      5     11     21     05     30    000  -2.19 -10.05   5.33
2024      5     11     21     06     30    000  -2.20 -10.03   5.33
2024      5     11     21     07     30    000  -2.21 -10.01   5.32
2024      5     11     21     08     30    000  -2.21  -9.99   5.31
2024      5     11     21     09     30    000  -2.22  -9.97   5.31
2024      5     11     21     10     30    000  -2.22  -9.95   5.30
2024      5     11     21     11     30    000  -2.23  -9.94   5.29
2024      5     11     21     12     30    000  -2.24  -9.92   5.29
2024      5     11     21     13     30    000  -2.24  -9.90   5.28
2024      5     11     21     14     30    000  -2.25  -9.88   5.27
2024      5     11     21     15     30    000  -2.25  -9.86   5.27
2024      5     11     21     16     30    000  -2.26  -9.84   5.26
2024      5     11     21     17     30    000  -2.27  -9.82   5.25
2024      5     11     21     18     30    000  -2.27  -9.80   5.25
2024      5     11     21     19     30    000  -2.28  -9.78   5.24
2024      5     11     21     20     30    000  -2.28  -9.76   5.23
2024      5     11     21     21     30    000  -2.29  -9.74   5.23
2024      5     11     21     22     30    000  -2.30  -9.72   5.22
2024      5     11     21     23     30    000  -2.30  -9.70   5.22
2024      5     11     21     24     30    000  -2.31  -9.68   5.21
2024      5     11     21     25     30    000  -2.31  -9.66   5.20
2024      5     11     21     26     30    000  -2.32  -9.64   5.20
2024      5     11     21     27     30    000  -2.33  -9.62   5.19
2024      5     11     21     28     30    000  -2.33  -9.60   5.18
2024      5     11     21     29     30    000  -2.34  -9.58   5.18
2024      5     11     21     30     30    000  -2.34  -9.56   5.17
2024      5     11     21     31     30    000  -2.35  -9.54   5.17
2024      5     11     21     32     30    000  -2.35  -9.52   5.16
2024      5     11     21     33     30    000  -2.36  -9.50   5.15
2024      5     11     21     34     30    000  -2.37  -9.48   5.15
2024      5     11     21     35     30    000  -2.37  -9.45   5.14
2024      5     11     21     36     30    000  -2.38  -9.43   5.13
2024      5     11     21     37     30    000  -2.38  -9.41   5.13
2024      5     11     21     38     30    000  -2.39  -9.39   5.12
2024      5     11     21     39     30    000  -2.39  -9.37   5.12
2024      5     11     21     40     30    000  -2.40  -9.35   5.11
2024      5     11     21     41     30    000  -2.41  -9.33   5.10
2024      5     11     21     42     30    000  -2.41  -9.31   5.10
2024      5     11     21     43     30    000  -2.42  -9.29   5.09
2024      5     11     21     44     30    000  -2.42  -9.27   5.09
2024      5     11     21     45     30    000  -2.43  -9.24   5.08
2024      5     11     21     46     30    000  -2.43  -9.22   5.07
2024      5     11     21     47     30    000  -2.44  -9.20   5.07
2024      5     11     21     48     30    000  -2.45  -9.18   5.06
2024      5     11     21     49     30    000  -2.45  -9.16   5.06
2024      5     11     21     50     30    000  -2.46  -9.14   5.05
2024      5     11     21     51     30    000  -2.46  -9.12   5.04
2024      5     11     21     52     30    000  -2.47  -9.09   5.04
2024      5     11     21     53     30    000  -2.47  -9.07   5.03
2024      5     11     21     54     30    000  -2.48  -9.05   5.03
2024      5     11     21     55     30    000  -2.49  -9.03   5.02
2024      5     11     21     56     30    000  -2.49  -9.01   5.02
2024      5     11     21     57     30    000  -2.50  -8.98   5.01
2024      5     11     21     58     30    000  -2.50  -8.96   5.00
2024      5     11     21     59     30    000  -2.51  -8.94   5.00
2024      5     11     22     00     30    000  -2.51  -8.92   4.99
2024      5     11     22     01     30    000  -2.52  -8.90   4.99
2024      5     11     22     02     30    000  -2.52  -8.87   4.98
2024      5     11     22     03     30    000  -2.53  -8.85   4.97
2024      5     11     22     04     30    000  -2.53  -8.83   4.97
2024      5     11     22     05     30    000  -2.54  -8.81   4.96
2024      5     11     22     06     30    000  -2.55  -8.78   4.96
2024      5     11     22     07     30    000  -2.55  -8.76   4.95
2024      5     11     22     08     30    000  -2.56  -8.74   4.95
2024      5     11     22     09     30    000  -2.56  -8.72   4.94
2024      5     11     22     10     30    000  -2.57  -8.69   4.93
2024      5     11     22     11     30    000  -2.57  -8.67   4.93
2024      5     11     22     12     30    000  -2.58  -8.65   4.92
2024      5     11     22     13     30    000  -2.58  -8.62   4.92
2024      5     11     22     14     30    000  -2.59  -8.60   4.91
2024      5     11     22     15     30    000  -2.59  -8.58   4.91
2024      5     11     22     16     30    000  -2.60  -8.55   4.90
2024      5     11     22     17     30    000  -2.60  -8.53   4.89
2024      5     11     22     18     30    000  -2.61  -8.51   4.89
2024      5     11     22     19     30    000  -2.61  -8.48   4.88
2024      5     11     22     20     30    000  -2.62  -8.46   4.88
2024      5     11     22     21     30    000  -2.63  -8.44   4.87
2024      5     11     22     22     30    000  -2.63  -8.41   4.87
2024      5     11     22     23     30    000  -2.64  -8.39   4.86
2024      5     11     22     24     30    000  -2.64  -8.37   4.85
2024      5     11     22     25     30    000  -2.65  -8.34   4.85
2024      5     11     22     26     30    000  -2.65  -8.32   4.84
2024      5     11     22     27     30    000  -2.66  -8.30   4.84
2024      5     11     22     28     30    000  -2.66  -8.27   4.83
2024      5     11     22     29     30    000  -2.67  -8.25   4.83
2024      5     11     22     30     30    000  -2.67  -8.22   4.82
2024      5     11     22     31     30    000  -2.68  -8.20   4.82
2024      5     11     22     32     30    000  -2.68  -8.18   4.81
2024      5     11     22     33     30    000  -2.69  -8.15   4.80
2024      5     11     22     34     30    000  -2.69  -8.13   4.80
2024      5     11     22     35     30    000  -2.70  -8.10   4.79
2024      5     11     22     36     30    000  -2.70  -8.08   4.79
2024      5     11     22     37     30    000  -2.71  -8.05   4.78
2024      5     11     22     38     30    000  -2.71  -8.03   4.78
2024      5     11     22     39     30    000  -2.72  -8.01   4.77
2024      5     11     22     40     30    000  -2.72  -7.98   4.76
2024      5     11     22     41     30    000  -2.73  -7.96   4.76
2024      5     11     22     42     30    000  -2.73  -7.93   4.75
2024      5     11     22     43     30    000  -2.74  -7.91   4.75
2024      5     11     22     44     30    000  -2.74  -7.88   4.74
2024      5     11     22     45     30    000  -2.75  -7.86   4.74
2024      5     11     22     46     30    000  -2.75  -7.83   4.73
2024      5     11     22     47     30    000  -2.75  -7.81   4.72
2024      5     11     22     48     30    000  -2.76  -7.78   4.72
2024      5     11     22     49     30    000  -2.76  -7.76   4.71
2024      5     11     22     50     30    000  -2.77  -7.73   4.71
2024      5     11     22     51     30    000  -2.77  -7.71   4.70
2024      5     11     22     52     30    000  -2.78  -7.68   4.70
2024      5     11     22     53     30    000  -2.78  -7.65   4.69
2024      5     11     22     54     30    000  -2.79  -7.63   4.68
2024      5     11     22     55     30    000  -2.79  -7.60   4.68
2024      5     11     22     56     30    000  -2.80  -7.58   4.67
2024      5     11     22     57     30    000  -2.80  -7.55   4.67
2024      5     11     22     58     30    000  -2.81  -7.53   4.66
2024      5     11     22     59     30    000  -2.81  -7.50   4.65
2024      5     11     23     00     30    000  -2.82  -7.47   4.65
2024      5     11     23     01     30    000  -2.82  -7.45   4.64
2024      5     11     23     02     30    000  -2.82  -7.42   4.64
2024      5     11     23     03     30    000  -2.83  -7.40   4.63
2024      5     11     23     04     30    000  -2.83  -7.37   4.63
2024      5     11     23     05     30    000  -2.84  -7.34   4.62
2024      5     11     23     06     30    000  -2.84  -7.32   4.61
2024      5     11     23     07     30    000  -2.85  -7.29   4.61
2024      5     11     23     08     30    000  -2.85  -7.26   4.60
2024      5     11     23     09     30    000  -2.86  -7.24   4.60
2024      5     11     23     10     30    000  -2.86  -7.21   4.59
2024      5     11     23     11     30    000  -2.86  -7.18   4.58
2024      5     11     23     12     30    000  -2.87  -7.16   4.58
2024      5     11     23     13     30    000  -2.87  -7.13   4.57
2024      5     11     23     14     30    000  -2.88  -7.10   4.56
2024      5     11     23     15     30    000  -2.88  -7.08   4.56
2024      5     11     23     16     30    000  -2.89  -7.05   4.55
2024      5     11     23     17     30    000  -2.89  -7.02   4.55
2024      5     11     23     18     30    000  -2.89  -7.00   4.54
2024      5     11     23     19     30    000  -2.90  -6.97   4.53
2024      5     11     23     20     30    000  -2.90  -6.94   4.53
2024      5     11     23     21     30    000  -2.91  -6.91   4.52
2024      5     11     23     22     30    000  -2.91  -6.89   4.52
2024      5     11     23     23     30    000  -2.91  -6.86   4.51
2024      5     11     23     24     30    000  -2.92  -6.83   4.50
2024      5     11     23     25     30    000  -2.92  -6.80   4.50
2024      5     11     23     26     30    000  -2.93  -6.78   4.49
2024      5     11     23     27     30    000  -2.93  -6.75   4.48
2024      5     11     23     28     30    000  -2.93  -6.72   4.48
2024      5     11     23     29     30    000  -2.94  -6.69   4.47
2024      5     11     23     30     30    000  -2.94  -6.66   4.46
2024      5     11     23     31     30    000  -2.95  -6.64   4.46
2024      5     11     23     32     30    000  -2.95  -6.61   4.45
2024      5     11     23     33     30    000  -2.95  -6.58   4.44
2024      5     11     23     34     30    000  -2.96  -6.55   4.44
2024      5     11     23     35     30    000  -2.96  -6.52   4.43
2024      5     11     23     36     30    000  -2.96  -6.50   4.42
2024      5     11     23     37     30    000  -2.97  -6.47   4.42
2024      5     11     23     38     30    000  -2.97  -6.44   4.41
2024      5     11     23     39     30    000  -2.97  -6.41   4.40
2024      5     11     23     40     30    000  -2.98  -6.38   4.40
2024      5     11     23     41     30    000  -2.98  -6.35   4.39
2024      5     11     23     42     30    000  -2.99  -6.32   4.38
2024      5     11     23     43     30    000  -2.99  -6.29   4.38
2024      5     11     23     44     30    000  -2.99  -6.27   4.37
2024      5     11     23     45     30    000  -3.00  -6.24   4.36
2024      5     11     23     46     30    000  -3.00  -6.21   4.36
2024      5     11     23     47     30    000  -3.00  -6.18   4.35
2024      5     11     23     48     30    000  -3.01  -6.15   4.34
2024      5     11     23     49     30    000  -3.01  -6.12   4.33
2024      5     11     23     50     30    000  -3.01  -6.09   4.33
2024      5     11     23     51     30    000  -3.02  -6.06   4.32
2024      5     11     23     52     30    000  -3.02  -6.03   4.31
2024      5     11     23     53     30    000  -3.02  -6.00   4.30
2024      5     11     23     54     30    000  -3.02  -5.97   4.30
2024      5     11     23     55     30    000  -3.03  -5.94   4.29
2024      5     11     23     56     30    000  -3.03  -5.91   4.28
2024      5     11     23     57     30    000  -3.03  -5.88   4.28
2024      5     11     23     58     30    000  -3.04  -5.85   4.27
2024      5     11     23     59     30    000  -3.04  -5.82   4.26
2024      5     12     00     00     30    000  -3.04  -5.79   4.25
2024      5     12     00     01     30    000  -3.05  -5.76   4.24
2024      5     12     00     02     30    000  -3.05  -5.73   4.24
2024      5     12     00     03     30    000  -3.05  -5.70   4.23
2024      5     12     00     04     30    000  -3.05  -5.67   4.22
2024      5     12     00     05     30    000  -3.06  -5.64   4.21
2024      5     12     00     06     30    000  -3.06  -5.61   4.21
2024      5     12     00     07     30    000  -3.06  -5.58   4.20
2024      5     12     00     08     30    000  -3.07  -5.55   4.19
2024      5     12     00     09     30    000  -3.07  -5.52   4.18
2024      5     12     00     10     30    000  -3.07  -5.49   4.17
2024      5     12     00     11     30    000  -3.07  -5.46   4.16
2024      5     12     00     12     30    000  -3.08  -5.42   4.16
2024      5     12     00     13     30    000  -3.08  -5.39   4.15
2024      5     12     00     14     30    000  -3.08  -5.36   4.14
2024      5     12     00     15     30    000  -3.08  -5.33   4.13
2024      5     12     00     16     30    000  -3.08  -5.30   4.12
2024      5     12     00     17     30    000  -3.09  -5.27   4.11
2024      5     12     00     18     30    000  -3.09  -5.24   4.11
2024      5     12     00     19     30    000  -3.09  -5.20   4.10
2024      5     12     00     20     30    000  -3.09  -5.17   4.09
2024      5     12     00     21     30    000  -3.10  -5.14   4.08
2024      5     12     00     22     30    000  -3.10  -5.11   4.07
2024      5     12     00     23     30    000  -3.10  -5.08   4.06
2024      5     12     00     24     30    000  -3.10  -5.05   4.05
2024      5     12     00     25     30    000  -3.10  -5.01   4.04
2024      5     12     00     26     30    000  -3.10  -4.98   4.03
2024      5     12     00     27     30    000  -3.11  -4.95   4.02
2024      5     12     00     28     30    000  -3.11  -4.92   4.02
2024      5     12     00     29     30    000  -3.11  -4.88   4.01
2024      5     12     00     30     30    000  -3.11  -4.85   4.00
2024      5     12     00     31     30    000  -3.11  -4.82   3.99
2024      5     12     00     32     30    000  -3.11  -4.79   3.98
2024      5     12     00     33     30    000  -3.12  -4.75   3.97
2024      5     12     00     34     30    000  -3.12  -4.72   3.96
2024      5     12     00     35     30    000  -3.12  -4.69   3.95
2024      5     12     00     36     30    000  -3.12  -4.66   3.94
2024      5     12     00     37     30    000  -3.12  -4.62   3.93
2024      5     12     00     38     30    000  -3.12  -4.59   3.92
2024      5     12     00     39     30    000  -3.12  -4.56   3.91
2024      5     12     00     40     30    000  -3.13  -4.52   3.90
2024      5     12     00     41     30    000  -3.13  -4.49   3.89
2024      5     12     00     42     30    000  -3.13  -4.46   3.88
2024      5     12     00     43     30    000  -3.13  -4.42   3.87
2024      5     12     00     44     30    000  -3.13  -4.39   3.86
2024      5     12     00     45     30    000  -3.13  -4.35   3.84
2024      5     12     00     46     30    000  -3.13  -4.32   3.83
2024      5     12     00     47     30    000  -3.13  -4.29   3.82
2024      5     12     00     48     30    000  -3.13  -4.25   3.81
2024      5     12     00     49     30    000  -3.13  -4.22   3.80
2024      5     12     00     50     30    000  -3.13  -4.18   3.79
2024      5     12     00     51     30    000  -3.13  -4.15   3.78
2024      5     12     00     52     30    000  -3.13  -4.12   3.77
2024      5     12     00     53     30    000  -3.13  -4.08   3.76
2024      5     12     00     54     30    000  -3.13  -4.05   3.74
2024      5     12     00     55     30    000  -3.13  -4.01   3.73
2024      5     12     00     56     30    000  -3.13  -3.98   3.72
2024      5     12     00     57     30    000  -3.13  -3.94   3.71
2024      5     12     00     58     30    000  -3.13  -3.91   3.70
2024      5     12     00     59     30    000  -3.13  -3.87   3.69
2024      5     12     01     00     30    000  -3.13  -3.84   3.67
2024      5     12     01     01     30    000  -3.13  -3.80   3.66
2024      5     12     01     02     30    000  -3.13  -3.77   3.65
2024      5     12     01     03     30    000  -3.13  -3.73   3.64
2024      5     12     01     04     30    000  -3.13  -3.70   3.62
2024      5     12     01     05     30    000  -3.13  -3.66   3.61
2024      5     12     01     06     30    000  -3.13  -3.63   3.60
2024      5     12     01     07     30    000  -3.13  -3.59   3.59
2024      5     12     01     08     30    000  -3.13  -3.55   3.57
2024      5     12     01     09     30    000  -3.13  -3.52   3.56
2024      5     12     01     10     30    000  -3.13  -3.48   3.55
2024      5     12     01     11     30    000  -3.13  -3.45   3.53
2024      5     12     01     12     30    000  -3.13  -3.41   3.52
2024      5     12     01     13     30    000  -3.12  -3.37   3.51
2024      5     12     01     14     30    000  -3.12  -3.34   3.49
2024      5     12     01     15     30    000  -3.12  -3.30   3.48
2024      5     12     01     16     30    000  -3.12  -3.27   3.46
2024      5     12     01     17     30    000  -3.12  -3.23   3.45
2024      5     12     01     18     30    000  -3.12  -3.19   3.44
2024      5     12     01     19     30    000  -3.12  -3.16   3.42
2024      5     12     01     20     30    000  -3.11  -3.12   3.41
2024      5     12     01     21     30    000  -3.11  -3.08   3.39
2024      5     12     01     22     30    000  -3.11  -3.04   3.38
2024      5     12     01     23     30    000  -3.11  -3.01   3.36
2024      5     12     01     24     30    000  -3.10  -2.97   3.35
2024      5     12     01     25     30    000  -3.10  -2.93   3.33
2024      5     12     01     26     30    000  -3.10  -2.90   3.32
2024      5     12     01     27     30    000  -3.10  -2.86   3.30
2024      5     12     01     28     30    000  -3.09  -2.82   3.29
2024      5     12     01     29     30    000  -3.09  -2.78   3.27
2024      5     12     01     30     30    000  -3.09  -2.74   3.25
2024      5     12     01     31     30    000  -3.09  -2.71   3.24
2024      5     12     01     32     30    000  -3.08  -2.67   3.22
2024      5     12     01     33     30    000  -3.08  -2.63   3.21
2024      5     12     01     34     30    000  -3.08  -2.59   3.19
2024      5     12     01     35     30    000  -3.07  -2.55   3.17
2024      5     12     01     36     30    000  -3.07  -2.52   3.15
2024      5     12     01     37     30    000  -3.06  -2.48   3.14
2024      5     12     01     38     30    000  -3.06  -2.44   3.12
2024      5     12     01     39     30    000  -3.06  -2.40   3.10
2024      5     12     01     40     30    000  -3.05  -2.36   3.09
2024      5     12     01     41     30    000  -3.05  -2.32   3.07
2024      5     12     01     42     30    000  -3.04  -2.28   3.05
2024      5     12     01     43     30    000  -3.04  -2.24   3.03
2024      5     12     01     44     30    000  -3.03  -2.21   3.01
2024      5     12     01     45     30    000  -3.03  -2.17   2.99
2024      5     12     01     46     30    000  -3.02  -2.13   2.98
2024      5     12     01     47     30    000  -3.02  -2.09   2.96
2024      5     12     01     48     30    000  -3.01  -2.05   2.94
2024      5     12     01     49     30    000  -3.01  -2.01   2.92
2024      5     12     01     50     30    000  -3.00  -1.97   2.90
2024      5     12     01     51     30    000  -2.99  -1.93   2.88
2024      5     12     01     52     30    000  -2.99  -1.89   2.86
2024      5     12     01     53     30    000  -2.98  -1.85   2.84
2024      5     12     01     54     30    000  -2.98  -1.81   2.82
2024      5     12     01     55     30    000  -2.97  -1.77   2.80
2024      5     12     01     56     30    000  -2.96  -1.73   2.78
2024      5     12     01     57     30    000  -2.95  -1.69   2.76
2024      5     12     01     58     30    000  -2.95  -1.65   2.74
2024      5     12     01     59     30    000  -2.94  -1.61   2.71
2024      5     12     02     00     30    000  -2.93  -1.57   2.69
2024      5     12     02     01     30    000  -2.92  -1.53   2.67
2024      5     12     02     02     30    000  -2.92  -1.48   2.65
2024      5     12     02     03     30    000  -2.91  -1.44   2.63
2024      5     12     02     04     30    000  -2.90  -1.40   2.60
2024      5     12     02     05     30    000  -2.89  -1.36   2.58
2024      5     12     02     06     30    000  -2.88  -1.32   2.56
2024      5     12     02     07     30    000  -2.87  -1.28   2.54
2024      5     12     02     08     30    000  -2.86  -1.24   2.51
2024      5     12     02     09     30    000  -2.85  -1.20   2.49
2024      5     12     02     10     30    000  -2.84  -1.15   2.46
2024      5     12     02     11     30    000  -2.83  -1.11   2.44
2024      5     12     02     12     30    000  -2.82  -1.07   2.41
2024      5     12     02     13     30    000  -2.81  -1.03   2.39
2024      5     12     02     14     30    000  -2.80  -0.99   2.36
2024      5     12     02     15     30    000  -2.79  -0.95   2.34
2024      5     12     02     16     30    000  -2.78  -0.90   2.31
2024      5     12     02     17     30    000  -2.77  -0.86   2.29
2024      5     12     02     18     30    000  -2.75  -0.82   2.26
2024      5     12     02     19     30    000  -2.74  -0.78   2.23
2024      5     12     02     20     30    000  -2.73  -0.73   2.21
2024      5     12     02     21     30    000  -2.71  -0.69   2.18
2024      5     12     02     22     30    000  -2.70  -0.65   2.15
2024      5     12     02     23     30    000  -2.69  -0.61   2.12
2024      5     12     02     24     30    000  -2.67  -0.57   2.10
2024      5     12     02     25     30    000  -2.66  -0.52   2.07
2024      5     12     02     26     30    000  -2.64  -0.48   2.04
2024      5     12     02     27     30    000  -2.63  -0.44   2.01
2024      5     12     02     28     30    000  -2.61  -0.39   1.98
2024      5     12     02     29     30    000  -2.60  -0.35   1.95
2024      5     12     02     30     30    000  -2.58  -0.31   1.92
2024      5     12     02     31     30    000  -2.56  -0.27   1.89
2024      5     12     02     32     30    000  -2.55  -0.22   1.86
2024      5     12     02     33     30    000  -2.53  -0.18   1.83
2024      5     12     02     34     30    000  -2.51  -0.14   1.79
2024      5     12     02     35     30    000  -2.49  -0.10   1.76
2024      5     12     02     36     30    000  -2.47  -0.05   1.73
2024      5     12     02     37     30    000  -2.45  -0.01   1.70
2024      5     12     02     38     30    000  -2.43   0.03   1.66
2024      5     12     02     39     30    000  -2.41   0.07   1.63
2024      5     12     02     40     30    000  -2.39   0.12   1.59
2024      5     12     02     41     30    000  -2.37   0.16   1.56
2024      5     12     02     42     30    000  -2.34   0.20   1.53
2024      5     12     02     43     30    000  -2.32   0.24   1.49
2024      5     12     02     44     30    000  -2.30   0.29   1.45
2024      5     12     02     45     30    000  -2.27   0.33   1.42
2024      5     12     02     46     30    000  -2.25   0.37   1.38
2024      5     12     02     47     30    000  -2.22   0.41   1.34
2024      5     12     02     48     30    000  -2.20   0.45   1.30
2024      5     12     02     49     30    000  -2.17   0.50   1.27
2024      5     12     02     50     30    000  -2.14   0.54   1.23
2024      5     12     02     51     30    000  -2.11   0.58   1.19
2024      5     12     02     52     30    000  -2.08   0.62   1.15
2024      5     12     02     53     30    000  -2.05   0.66   1.11
2024      5     12     02     54     30    000  -2.02   0.70   1.07
2024      5     12     02     55     30    000  -1.99   0.74   1.03
2024      5     12     02     56     30    000  -1.96   0.78   0.99
2024      5     12     02     57     30    000  -1.93   0.82   0.94
2024      5     12     02     58     30    000  -1.89   0.86   0.90
2024      5     12     02     59     30    000  -1.86   0.89   0.86
2024      5     12     03     00     30    000  -1.82   0.93   0.81
2024      5     12     03     01     30    000  -1.78   0.97   0.77
2024      5     12     03     02     30    000  -1.74   1.01   0.73
2024      5     12     03     03     30    000  -1.71   1.04   0.68
2024      5     12     03     04     30    000  -1.67   1.08   0.63
2024      5     12     03     05     30    000  -1.62   1.11   0.59
2024      5     12     03     06     30    000  -1.58   1.14   0.54
2024      5     12     03     07     30    000  -1.54   1.18   0.50
2024      5     12     03     08     30    000  -1.50   1.21   0.45
2024      5     12     03     09     30    000  -1.45   1.24   0.40
2024      5     12     03     10     30    000  -1.40   1.27   0.35
2024      5     12     03     11     30    000  -1.36   1.30   0.31
2024      5     12     03     12     30    000  -1.31   1.33   0.26
2024      5     12     03     13     30    000  -1.26   1.35   0.21
2024      5     12     03     14     30    000  -1.21   1.38   0.16
2024      5     12     03     15     30    000  -1.16   1.40   0.11
2024      5     12     03     16     30    000  -1.10   1.43   0.06
2024      5     12     03     17     30    000  -1.05   1.45   0.01
2024      5     12     03     18     30    000  -0.99   1.47  -0.04
2024      5     12     03     19     30    000  -0.94   1.49  -0.09
2024      5     12     03     20     30    000  -0.88   1.50  -0.14
2024      5     12     03     21     30    000  -0.82   1.52  -0.18
2024      5     12     03     22     30    000  -0.77   1.53  -0.23
2024      5     12     03     23     30    000  -0.71   1.54  -0.28
2024      5     12     03     24     30    000  -0.65   1.55  -0.33
2024      5     12     03     25     30    000  -0.58   1.56  -0.38
2024      5     12     03     26     30    000  -0.52   1.57  -0.43
2024      5     12     03     27     30    000  -0.46   1.57  -0.47
2024      5     12     03     28     30    000  -0.40   1.58  -0.52
2024      5     12     03     29     30    000  -0.34   1.58  -0.57
2024      5     12     03     30     30    000  -0.27   1.58  -0.61
2024      5     12     03     31     30    000  -0.21   1.58  -0.66
2024      5     12     03     32     30    000  -0.14   1.57  -0.70
2024      5     12     03     33     30    000  -0.08   1.57  -0.74
2024      5     12     03     34     30    000  -0.02   1.56  -0.79
2024      5     12     03     35     30    000   0.05   1.55  -0.83
2024      5     12     03     36     30    000   0.11   1.54  -0.87
2024      5     12     03     37     30    000   0.18   1.52  -0.91
2024      5     12     03     38     30    000   0.24   1.51  -0.95
2024      5     12     03     39     30    000   0.30   1.49  -0.99
2024      5     12     03     40     30    000   0.37   1.48  -1.02
2024      5     12     03     41     30    000   0.43   1.46  -1.06
2024      5     12     03     42     30    000   0.49   1.44  -1.09
2024      5     12     03     43     30    000   0.56   1.42  -1.13
2024      5     12     03     44     30    000   0.62   1.40  -1.16
2024      5     12     03     45     30    000   0.68   1.37  -1.19
2024      5     12     03     46     30    000   0.74   1.35  -1.23
2024      5     12     03     47     30    000   0.80   1.32  -1.26
2024      5     12     03     48     30    000   0.86   1.30  -1.29
2024      5     12     03     49     30    000   0.92   1.27  -1.31
2024      5     12     03     50     30    000   0.98   1.24  -1.34
2024      5     12     03     51     30    000   1.04   1.21  -1.37
2024      5     12     03     52     30    000   1.09   1.18  -1.40
2024      5     12     03     53     30    000   1.15   1.15  -1.42
2024      5     12     03     54     30    000   1.21   1.12  -1.45
2024      5     12     03     55     30    000   1.26   1.09  -1.47
2024      5     12     03     56     30    000   1.32   1.05  -1.49
2024      5     12     03     57     30    000   1.37   1.02  -1.51
2024      5     12     03     58     30    000   1.42   0.99  -1.54
2024      5     12     03     59     30    000   1.48   0.95  -1.56
2024      5     12     04     00     30    000   1.53   0.92  -1.58
2024      5     12     04     01     30    000   1.58   0.88  -1.60
2024      5     12     04     02     30    000   1.63   0.85  -1.61
2024      5     12     04     03     30    000   1.68   0.81  -1.63
2024      5     12     04     04     30    000   1.73   0.78  -1.65
2024      5     12     04     05     30    000   1.78   0.74  -1.67
2024      5     12     04     06     30    000   1.83   0.70  -1.68
2024      5     12     04     07     30    000   1.88   0.67  -1.70
2024      5     12     04     08     30    000   1.92   0.63  -1.71
2024      5     12     04     09     30    000   1.97   0.59  -1.73
2024      5     12     04     10     30    000   2.02   0.56  -1.74
2024      5     12     04     11     30    000   2.06   0.52  -1.75
2024      5     12     04     12     30    000   2.11   0.48  -1.77
2024      5     12     04     13     30    000   2.15   0.44  -1.78
2024      5     12     04     14     30    000   2.20   0.41  -1.79
2024      5     12     04     15     30    000   2.24   0.37  -1.80
2024      5     12     04     16     30    000   2.28   0.33  -1.81
2024      5     12     04     17     30    000   2.33   0.29  -1.82
2024      5     12     04     18     30    000   2.37   0.25  -1.83
2024      5     12     04     19     30    000   2.41   0.21  -1.84
2024      5     12     04     20     30    000   2.45   0.18  -1.85
2024      5     12     04     21     30    000   2.49   0.14  -1.86
2024      5     12     04     22     30    000   2.53   0.10  -1.87
2024      5     12     04     23     30    000   2.57   0.06  -1.87
2024      5     12     04     24     30    000   2.61   0.02  -1.88
2024      5     12     04     25     30    000   2.65  -0.02  -1.89
2024      5     12     04     26     30    000   2.69  -0.06  -1.90
2024      5     12     04     27     30    000   2.73  -0.09  -1.90
2024      5     12     04     28     30    000   2.76  -0.13  -1.91
2024      5     12     04     29     30    000   2.80  -0.17  -1.91
2024      5     12     04     30     30    000   2.84  -0.21  -1.92
2024      5     12     04     31     30    000   2.87  -0.25  -1.92
2024      5     12     04     32     30    000   2.91  -0.29  -1.93
2024      5     12     04     33     30    000   2.94  -0.33  -1.93
2024      5     12     04     34     30    000   2.98  -0.36  -1.94
2024      5     12     04     35     30    000   3.01  -0.40  -1.94
2024      5     12     04     36     30    000   3.05  -0.44  -1.94
2024      5     12     04     37     30    000   3.08  -0.48  -1.95
2024      5     12     04     38     30    000   3.12  -0.52  -1.95
2024      5     12     04     39     30    000   3.15  -0.56  -1.95
2024      5     12     04     40     30    000   3.18  -0.60  -1.96
2024      5     12     04     41     30    000   3.22  -0.63  -1.96
2024      5     12     04     42     30    000   3.25  -0.67  -1.96
2024      5     12     04     43     30    000   3.28  -0.71  -1.96
2024      5     12     04     44     30    000   3.31  -0.75  -1.96
2024      5     12     04     45     30    000   3.34  -0.79  -1.97
2024      5     12     04     46     30    000   3.38  -0.82  -1.97
2024      5     12     04     47     30    000   3.41  -0.86  -1.97
2024      5     12     04     48     30    000   3.44  -0.90  -1.97
2024      5     12     04     49     30    000   3.47  -0.94  -1.97
2024      5     12     04     50     30    000   3.50  -0.97  -1.97
2024      5     12     04     51     30    000   3.53  -1.01  -1.97
2024      5     12     04     52     30    000   3.56  -1.05  -1.97
2024      5     12     04     53     30    000   3.59  -1.09  -1.97
2024      5     12     04     54     30    000   3.62  -1.12  -1.97
2024      5     12     04     55     30    000   3.64  -1.16  -1.97
2024      5     12     04     56     30    000   3.67  -1.20  -1.97
2024      5     12     04     57     30    000   3.70  -1.23  -1.96
2024      5     12     04     58     30    000   3.73  -1.27  -1.96
2024      5     12     04     59     30    000   3.76  -1.31  -1.96
2024      5     12     05     00     30    000   3.78  -1.35  -1.96
2024      5     12     05     01     30    000   3.81  -1.38  -1.96
2024      5     12     05     02     30    000   3.84  -1.42  -1.96
2024      5     12     05     03     30    000   3.87  -1.45  -1.95
2024      5     12     05     04     30    000   3.89  -1.49  -1.95
2024      5     12     05     05     30    000   3.92  -1.53  -1.95
2024      5     12     05     06     30    000   3.94  -1.56  -1.95
2024      5     12     05     07     30    000   3.97  -1.60  -1.94
2024      5     12     05     08     30    000   4.00  -1.64  -1.94
2024      5     12     05     09     30    000   4.02  -1.67  -1.94
2024      5     12     05     10     30    000   4.05  -1.71  -1.93
2024      5     12     05     11     30    000   4.07  -1.74  -1.93
2024      5     12     05     12     30    000   4.10  -1.78  -1.93
2024      5     12     05     13     30    000   4.12  -1.82  -1.92
2024      5     12     05     14     30    000   4.15  -1.85  -1.92
2024      5     12     05     15     30    000   4.17  -1.89  -1.91
2024      5     12     05     16     30    000   4.19  -1.92  -1.91
2024      5     12     05     17     30    000   4.22  -1.96  -1.91
2024      5     12     05     18     30    000   4.24  -1.99  -1.90
2024      5     12     05     19     30    000   4.27  -2.03  -1.90
2024      5     12     05     20     30    000   4.29  -2.06  -1.89
2024      5     12     05     21     30    000   4.31  -2.10  -1.89
2024      5     12     05     22     30    000   4.34  -2.13  -1.88
2024      5     12     05     23     30    000   4.36  -2.17  -1.88
2024      5     12     05     24     30    000   4.38  -2.20  -1.87
2024      5     12     05     25     30    000   4.40  -2.24  -1.87
2024      5     12     05     26     30    000   4.43  -2.27  -1.86
2024      5     12     05     27     30    000   4.45  -2.30  -1.86
2024      5     12     05     28     30    000   4.47  -2.34  -1.85
2024      5     12     05     29     30    000   4.49  -2.37  -1.84
2024      5     12     05     30     30    000   4.51  -2.41  -1.84
2024      5     12     05     31     30    000   4.54  -2.44  -1.83
2024      5     12     05     32     30    000   4.56  -2.47  -1.83
2024      5     12     05     33     30    000   4.58  -2.51  -1.82
2024      5     12     05     34     30    000   4.60  -2.54  -1.81
2024      5     12     05     35     30    000   4.62  -2.58  -1.81
2024      5     12     05     36     30    000   4.64  -2.61  -1.80
2024      5     12     05     37     30    000   4.66  -2.64  -1.79
2024      5     12     05     38     30    000   4.68  -2.68  -1.79
2024      5     12     05     39     30    000   4.70  -2.71  -1.78
2024      5     12     05     40     30    000   4.72  -2.74  -1.77
2024      5     12     05     41     30    000   4.74  -2.78  -1.77
2024      5     12     05     42     30    000   4.76  -2.81  -1.76
2024      5     12     05     43     30    000   4.78  -2.84  -1.75
2024      5     12     05     44     30    000   4.80  -2.87  -1.75
2024      5     12     05     45     30    000   4.82  -2.91  -1.74
2024      5     12     05     46     30    000   4.84  -2.94  -1.73
2024      5     12     05     47     30    000   4.86  -2.97  -1.72
2024      5     12     05     48     30    000   4.88  -3.00  -1.72
2024      5     12     05     49     30    000   4.90  -3.04  -1.71
2024      5     12     05     50     30    000   4.92  -3.07  -1.70
2024      5     12     05     51     30    000   4.94  -3.10  -1.69
2024      5     12     05     52     30    000   4.95  -3.13  -1.68
2024      5     12     05     53     30    000   4.97  -3.17  -1.68
2024      5     12     05     54     30    000   4.99  -3.20  -1.67
2024      5     12     05     55     30    000   5.01  -3.23  -1.66
2024      5     12     05     56     30    000   5.03  -3.26  -1.65
2024      5     12     05     57     30    000   5.05  -3.29  -1.64
2024      5     12     05     58     30    000   5.06  -3.32  -1.63
2024      5     12     05     59     30    000   5.08  -3.36  -1.63
2024      5     12     06     00     30    000   5.10  -3.39  -1.62
2024      5     12     06     01     30    000   5.12  -3.42  -1.61
2024      5     12     06     02     30    000   5.13  -3.45  -1.60
2024      5     12     06     03     30    000   5.15  -3.48  -1.59
2024      5     12     06     04     30    000   5.17  -3.51  -1.58
2024      5     12     06     05     30    000   5.19  -3.54  -1.57
2024      5     12     06     06     30    000   5.20  -3.57  -1.56
2024      5     12     06     07     30    000   5.22  -3.60  -1.56
2024      5     12     06     08     30    000   5.24  -3.64  -1.55
2024      5     12     06     09     30    000   5.25  -3.67  -1.54
2024      5     12     06     10     30    000   5.27  -3.70  -1.53
2024      5     12     06     11     30    000   5.29  -3.73  -1.52
2024      5     12     06     12     30    000   5.30  -3.76  -1.51
2024      5     12     06     13     30    000   5.32  -3.79  -1.50
2024      5     12     06     14     30    000   5.34  -3.82  -1.49
2024      5     12     06     15     30    000   5.35  -3.85  -1.48
2024      5     12     06     16     30    000   5.37  -3.88  -1.47
2024      5     12     06     17     30    000   5.38  -3.91  -1.46
2024      5     12     06     18     30    000   5.40  -3.94  -1.45
2024      5     12     06     19     30    000   5.42  -3.97  -1.44
2024      5     12     06     20     30    000   5.43  -4.00  -1.43
2024      5     12     06     21     30    000   5.45  -4.03  -1.42
2024      5     12     06     22     30    000   5.46  -4.06  -1.41
2024      5     12     06     23     30    000   5.48  -4.09  -1.40
2024      5     12     06     24     30    000   5.49  -4.12  -1.39
2024      5     12     06     25     30    000   5.51  -4.15  -1.38
2024      5     12     06     26     30    000   5.52  -4.18  -1.37
2024      5     12     06     27     30    000   5.54  -4.20  -1.36
2024      5     12     06     28     30    000   5.55  -4.23  -1.35
2024      5     12     06     29     30    000   5.57  -4.26  -1.34
2024      5     12     06     30     30    000   5.58  -4.29  -1.33
2024      5     12     06     31     30    000   5.60  -4.32  -1.32
2024      5     12     06     32     30    000   5.61  -4.35  -1.31
2024      5     12     06     33     30    000   5.63  -4.38  -1.30
2024      5     12     06     34     30    000   5.64  -4.41  -1.29
2024      5     12     06     35     30    000   5.66  -4.44  -1.28
2024      5     12     06     36     30    000   5.67  -4.46  -1.27
2024      5     12     06     37     30    000   5.68  -4.49  -1.25
2024      5     12     06     38     30    000   5.70  -4.52  -1.24
2024      5     12     06     39     30    000   5.71  -4.55  -1.23
2024      5     12     06     40     30    000   5.73  -4.58  -1.22
2024      5     12     06     41     30    000   5.74  -4.61  -1.21
2024      5     12     06     42     30    000   5.75  -4.63  -1.20
2024      5     12     06     43     30    000   5.77  -4.66  -1.19
2024      5     12     06     44     30    000   5.78  -4.69  -1.18
2024      5     12     06     45     30    000   5.80  -4.72  -1.17
2024      5     12     06     46     30    000   5.81  -4.74  -1.16
2024      5     12     06     47     30    000   5.82  -4.77  -1.14
2024      5     12     06     48     30    000   5.84  -4.80  -1.13
2024      5     12     06     49     30    000   5.85  -4.83  -1.12
2024      5     12     06     50     30    000   5.86  -4.85  -1.11
2024      5     12     06     51     30    000   5.88  -4.88  -1.10
2024      5     12     06     52     30    000   5.89  -4.91  -1.09
2024      5     12     06     53     30    000   5.90  -4.94  -1.08
2024      5     12     06     54     30    000   5.91  -4.96  -1.06
2024      5     12     06     55     30    000   5.93  -4.99  -1.05
2024      5     12     06     56     30    000   5.94  -5.02  -1.04
2024      5     12     06     57     30    000   5.95  -5.05  -1.03
2024      5     12     06     58     30    000   5.97  -5.07  -1.02
2024      5     12     06     59     30    000   5.98  -5.10  -1.01
2024      5     12     07     00     30    000   5.99  -5.13  -0.99
2024      5     12     07     01     30    000   6.00  -5.15  -0.98
2024      5     12     07     02     30    000   6.02  -5.18  -0.97
2024      5     12     07     03     30    000   6.03  -5.21  -0.96
2024      5     12     07     04     30    000   6.04  -5.23  -0.95
2024      5     12     07     05     30    000   6.05  -5.26  -0.94
2024      5     12     07     06     30    000   6.06  -5.28  -0.92
2024      5     12     07     07     30    000   6.08  -5.31  -0.91
2024      5     12     07     08     30    000   6.09  -5.34  -0.90
2024      5     12     07     09     30    000   6.10  -5.36  -0.89
2024      5     12     07     10     30    000   6.11  -5.39  -0.88
2024      5     12     07     11     30    000   6.12  -5.42  -0.86
2024      5     12     07     12     30    000   6.14  -5.44  -0.85
2024      5     12     07     13     30    000   6.15  -5.47  -0.84
2024      5     12     07     14     30    000   6.16  -5.49  -0.83
2024      5     12     07     15     30    000   6.17  -5.52  -0.81
2024      5     12     07     16     30    000   6.18  -5.54  -0.80
2024      5     12     07     17     30    000   6.19  -5.57  -0.79
2024      5     12     07     18     30    000   6.20  -5.60  -0.78
2024      5     12     07     19     30    000   6.22  -5.62  -0.76
2024      5     12     07     20     30    000   6.23  -5.65  -0.75
2024      5     12     07     21     30    000   6.24  -5.67  -0.74
2024      5     12     07     22     30    000   6.25  -5.70  -0.73
2024      5     12     07     23     30    000   6.26  -5.72  -0.72
2024      5     12     07     24     30    000   6.27  -5.75  -0.70
2024      5     12     07     25     30    000   6.28  -5.77  -0.69
2024      5     12     07     26     30    000   6.29  -5.80  -0.68
2024      5     12     07     27     30    000   6.30  -5.82  -0.67
2024      5     12     07     28     30    000   6.32  -5.85  -0.65
2024      5     12     07     29     30    000   6.33  -5.87  -0.64
2024      5     12     07     30     30    000   6.34  -5.90  -0.63
2024      5     12     07     31     30    000   6.35  -5.92  -0.61
2024      5     12     07     32     30    000   6.36  -5.95  -0.60
2024      5     12     07     33     30    000   6.37  -5.97  -0.59
2024      5     12     07     34     30    000   6.38  -5.99  -0.58
2024      5     12     07     35     30    000   6.39  -6.02  -0.56
2024      5     12     07     36     30    000   6.40  -6.04  -0.55
2024      5     12     07     37     30    000   6.41  -6.07  -0.54
2024      5     12     07     38     30    000   6.42  -6.09  -0.53
2024      5     12     07     39     30    000   6.43  -6.12  -0.51
2024      5     12     07     40     30    000   6.44  -6.14  -0.50
2024      5     12     07     41     30    000   6.45  -6.16  -0.49
2024      5     12     07     42     30    000   6.46  -6.19  -0.47
2024      5     12     07     43     30    000   6.47  -6.21  -0.46
2024      5     12     07     44     30    000   6.48  -6.24  -0.45
2024      5     12     07     45     30    000   6.49  -6.26  -0.44
2024      5     12     07     46     30    000   6.50  -6.28  -0.42
2024      5     12     07     47     30    000   6.51  -6.31  -0.41
2024      5     12     07     48     30    000   6.52  -6.33  -0.40
2024      5     12     07     49     30    000   6.53  -6.35  -0.38
2024      5     12     07     50     30    000   6.54  -6.38  -0.37
2024      5     12     07     51     30    000   6.55  -6.40  -0.36
2024      5     12     07     52     30    000   6.56  -6.43  -0.35
2024      5     12     07     53     30    000   6.57  -6.45  -0.33
2024      5     12     07     54     30    000   6.58  -6.47  -0.32
2024      5     12     07     55     30    000   6.59  -6.50  -0.31
2024      5     12     07     56     30    000   6.60  -6.52  -0.29
2024      5     12     07     57     30    000   6.61  -6.54  -0.28
2024      5     12     07     58     30    000   6.62  -6.56  -0.27
2024      5     12     07     59     30    000   6.62  -6.59  -0.25
2024      5     12     08     00     30    000   6.63  -6.61  -0.24
2024      5     12     08     01     30    000   6.64  -6.63  -0.23
2024      5     12     08     02     30    000   6.65  -6.66  -0.21
2024      5     12     08     03     30    000   6.66  -6.68  -0.20
2024      5     12     08     04     30    000   6.67  -6.70  -0.19
2024      5     12     08     05     30    000   6.68  -6.72  -0.18
2024      5     12     08     06     30    000   6.69  -6.75  -0.16
2024      5     12     08     07     30    000   6.70  -6.77  -0.15
2024      5     12     08     08     30    000   6.71  -6.79  -0.14
2024      5     12     08     09     30    000   6.71  -6.81  -0.12
2024      5     12     08     10     30    000   6.72  -6.84  -0.11
2024      5     12     08     11     30    000   6.73  -6.86  -0.10
2024      5     12     08     12     30    000   6.74  -6.88  -0.08
2024      5     12     08     13     30    000   6.75  -6.90  -0.07
2024      5     12     08     14     30    000   6.76  -6.93  -0.06
2024      5     12     08     15     30    000   6.77  -6.95  -0.04
2024      5     12     08     16     30    000   6.78  -6.97  -0.03
2024      5     12     08     17     30    000   6.78  -6.99  -0.02
2024      5     12     08     18     30    000   6.79  -7.01  -0.00
2024      5     12     08     19     30    000   6.80  -7.04   0.01
2024      5     12     08     20     30    000   6.81  -7.06   0.02
2024      5     12     08     21     30    000   6.82  -7.08   0.04
2024      5     12     08     22     30    000   6.83  -7.10   0.05
2024      5     12     08     23     30    000   6.83  -7.12   0.06
2024      5     12     08     24     30    000   6.84  -7.14   0.08
2024      5     12     08     25     30    000   6.85  -7.17   0.09
2024      5     12     08     26     30    000   6.86  -7.19   0.10
2024      5     12     08     27     30    000   6.87  -7.21   0.11
2024      5     12     08     28     30    000   6.87  -7.23   0.13
2024      5     12     08     29     30    000   6.88  -7.25   0.14
2024      5     12     08     30     30    000   6.89  -7.27   0.15
2024      5     12     08     31     30    000   6.90  -7.30   0.17
2024      5     12     08     32     30    000   6.91  -7.32   0.18
2024      5     12     08     33     30    000   6.91  -7.34   0.19
2024      5     12     08     34     30    000   6.92  -7.36   0.21
2024      5     12     08     35     30    000   6.93  -7.38   0.22
2024      5     12     08     36     30    000   6.94  -7.40   0.23
2024      5     12     08     37     30    000   6.94  -7.42   0.25
2024      5     12     08     38     30    000   6.95  -7.44   0.26
2024      5     12     08     39     30    000   6.96  -7.46   0.27
2024      5     12     08     40     30    000   6.97  -7.48   0.29
2024      5     12     08     41     30    000   6.97  -7.51   0.30
2024      5     12     08     42     30    000   6.98  -7.53   0.31
2024      5     12     08     43     30    000   6.99  -7.55   0.33
2024      5     12     08     44     30    000   7.00  -7.57   0.34
2024      5     12     08     45     30    000   7.00  -7.59   0.35
2024      5     12     08     46     30    000   7.01  -7.61   0.37
2024      5     12     08     47     30    000   7.02  -7.63   0.38
2024      5     12     08     48     30    000   7.03  -7.65   0.39
2024      5     12     08     49     30    000   7.03  -7.67   0.41
2024      5     12     08     50     30    000   7.04  -7.69   0.42
2024      5     12     08     51     30    000   7.05  -7.71   0.43
2024      5     12     08     52     30    000   7.06  -7.73   0.45
2024      5     12     08     53     30    000   7.06  -7.75   0.46
2024      5     12     08     54     30    000   7.07  -7.77   0.47
2024      5     12     08     55     30    000   7.08  -7.79   0.48
2024      5     12     08     56     30    000   7.08  -7.81   0.50
2024      5     12     08     57     30    000   7.09  -7.83   0.51
2024      5     12     08     58     30    000   7.10  -7.85   0.52
2024      5     12     08     59     30    000   7.10  -7.87   0.54
2024      5     12     09     00     30    000   7.11  -7.89   0.55
2024      5     12     09     01     30    000   7.12  -7.91   0.56
2024      5     12     09     02     30    000   7.13  -7.93   0.58
2024      5     12     09     03     30    000   7.13  -7.95   0.59
2024      5     12     09     04     30    000   7.14  -7.97   0.60
2024      5     12     09     05     30    000   7.15  -7.99   0.62
2024      5     12     09     06     30    000   7.15  -8.01   0.63
2024      5     12     09     07     30    000   7.16  -8.03   0.64
2024      5     12     09     08     30    000   7.17  -8.05   0.65
2024      5     12     09     09     30    000   7.17  -8.07   0.67
2024      5     12     09     10     30    000   7.18  -8.09   0.68
2024      5     12     09     11     30    000   7.18  -8.11   0.69
2024      5     12     09     12     30    000   7.19  -8.13   0.71
2024      5     12     09     13     30    000   7.20  -8.15   0.72
2024      5     12     09     14     30    000   7.20  -8.17   0.73
2024      5     12     09     15     30    000   7.21  -8.19   0.75
2024      5     12     09     16     30    000   7.22  -8.21   0.76
2024      5     12     09     17     30    000   7.22  -8.23   0.77
2024      5     12     09     18     30    000   7.23  -8.24   0.78
2024      5     12     09     19     30    000   7.24  -8.26   0.80
2024      5     12     09     20     30    000   7.24  -8.28   0.81
2024      5     12     09     21     30    000   7.25  -8.30   0.82
2024      5     12     09     22     30    000   7.25  -8.32   0.84
2024      5     12     09     23     30    000   7.26  -8.34   0.85
2024      5     12     09     24     30    000   7.27  -8.36   0.86
2024      5     12     09     25     30    000   7.27  -8.38   0.87
2024      5     12     09     26     30    000   7.28  -8.40   0.89
2024      5     12     09     27     30    000   7.28  -8.42   0.90
2024      5     12     09     28     30    000   7.29  -8.44   0.91
2024      5     12     09     29     30    000   7.30  -8.45   0.93
2024      5     12     09     30     30    000   7.30  -8.47   0.94
2024      5     12     09     31     30    000   7.31  -8.49   0.95
2024      5     12     09     32     30    000   7.31  -8.51   0.96
2024      5     12     09     33     30    000   7.32  -8.53   0.98
2024      5     12     09     34     30    000   7.33  -8.55   0.99
2024      5     12     09     35     30    000   7.33  -8.57   1.00
2024      5     12     09     36     30    000   7.34  -8.58   1.01
2024      5     12     09     37     30    000   7.34  -8.60   1.03
2024      5     12     09     38     30    000   7.35  -8.62   1.04
2024      5     12     09     39     30    000   7.36  -8.64   1.05
2024      5     12     09     40     30    000   7.36  -8.66   1.06
2024      5     12     09     41     30    000   7.37  -8.68   1.08
2024      5     12     09     42     30    000   7.37  -8.70   1.09
2024      5     12     09     43     30    000   7.38  -8.71   1.10
2024      5     12     09     44     30    000   7.38  -8.73   1.11
2024      5     12     09     45     30    000   7.39  -8.75   1.13
2024      5     12     09     46     30    000   7.39  -8.77   1.14
2024      5     12     09     47     30    000   7.40  -8.79   1.15
2024      5     12     09     48     30    000   7.41  -8.80   1.16
2024      5     12     09     49     30    000   7.41  -8.82   1.18
2024      5     12     09     50     30    000   7.42  -8.84   1.19
2024      5     12     09     51     30    000   7.42  -8.86   1.20
2024      5     12     09     52     30    000   7.43  -8.88   1.21
2024      5     12     09     53     30    000   7.43  -8.89   1.23
2024      5     12     09     54     30    000   7.44  -8.91   1.24
2024      5     12     09     55     30    000   7.44  -8.93   1.25
2024      5     12     09     56     30    000   7.45  -8.95   1.26
2024      5     12     09     57     30    000   7.45  -8.97   1.27
2024      5     12     09     58     30    000   7.46  -8.98   1.29
2024      5     12     09     59     30    000   7.46  -9.00   1.30
2024      5     12     10     00     30    000   7.47  -9.02   1.31
2024      5     12     10     01     30    000   7.47  -9.04   1.32
2024      5     12     10     02     30    000   7.48  -9.05   1.33
2024      5     12     10     03     30    000   7.48  -9.07   1.35
2024      5     12     10     04     30    000   7.49  -9.09   1.36
2024      5     12     10     05     30    000   7.49  -9.11   1.37
2024      5     12     10     06     30    000   7.50  -9.13   1.38
2024      5     12     10     07     30    000   7.50  -9.14   1.39
2024      5     12     10     08     30    000   7.51  -9.16   1.41
2024      5     12     10     09     30    000   7.51  -9.18   1.42
2024      5     12     10     10     30    000   7.52  -9.20   1.43
2024      5     12     10     11     30    000   7.52  -9.21   1.44
2024      5     12     10     12     30    000   7.53  -9.23   1.45
2024      5     12     10     13     30    000   7.53  -9.25   1.47
2024      5     12     10     14     30    000   7.54  -9.26   1.48
2024      5     12     10     15     30    000   7.54  -9.28   1.49
2024      5     12     10     16     30    000   7.55  -9.30   1.50
2024      5     12     10     17     30    000   7.55  -9.32   1.51
2024      5     12     10     18     30    000   7.56  -9.33   1.52
2024      5     12     10     19     30    000   7.56  -9.35   1.54
2024      5     12     10     20     30    000   7.57  -9.37   1.55
2024      5     12     10     21     30    000   7.57  -9.39   1.56
2024      5     12     10     22     30    000   7.57  -9.40   1.57
2024      5     12     10     23     30    000   7.58  -9.42   1.58
2024      5     12     10     24     30    000   7.58  -9.44   1.59
2024      5     12     10     25     30    000   7.59  -9.45   1.60
2024      5     12     10     26     30    000   7.59  -9.47   1.62
2024      5     12     10     27     30    000   7.60  -9.49   1.63
2024      5     12     10     28     30    000   7.60  -9.50   1.64
2024      5     12     10     29     30    000   7.61  -9.52   1.65
2024      5     12     10     30     30    000   7.61  -9.54   1.66
2024      5     12     10     31     30    000   7.61  -9.56   1.67
2024      5     12     10     32     30    000   7.62  -9.57   1.68
2024      5     12     10     33     30    000   7.62  -9.59   1.69
2024      5     12     10     34     30    000   7.63  -9.61   1.71
2024      5     12     10     35     30    000   7.63  -9.62   1.72
2024      5     12     10     36     30    000   7.64  -9.64   1.73
2024      5     12     10     37     30    000   7.64  -9.66   1.74
2024      5     12     10     38     30    000   7.64  -9.67   1.75
2024      5     12     10     39     30    000   7.65  -9.69   1.76
2024      5     12     10     40     30    000   7.65  -9.71   1.77
2024      5     12     10     41     30    000   7.66  -9.72   1.78
2024      5     12     10     42     30    000   7.66  -9.74   1.79
2024      5     12     10     43     30    000   7.67  -9.76   1.80
2024      5     12     10     44     30    000   7.67  -9.77   1.82
2024      5     12     10     45     30    000   7.67  -9.79   1.83
2024      5     12     10     46     30    000   7.68  -9.81   1.84
2024      5     12     10     47     30    000   7.68  -9.82   1.85
2024      5     12     10     48     30    000   7.69  -9.84   1.86
2024      5     12     10     49     30    000   7.69  -9.86   1.87
2024      5     12     10     50     30    000   7.69  -9.87   1.88
2024      5     12     10     51     30    000   7.70  -9.89   1.89
2024      5     12     10     52     30    000   7.70  -9.90   1.90
2024      5     12     10     53     30    000   7.71  -9.92   1.91
2024      5     12     10     54     30    000   7.71  -9.94   1.92
2024      5     12     10     55     30    000   7.71  -9.95   1.93
2024      5     12     10     56     30    000   7.72  -9.97   1.94
2024      5     12     10     57     30    000   7.72  -9.99   1.95
2024      5     12     10     58     30    000   7.72 -10.00   1.96
2024      5     12     10     59     30    000   7.73 -10.02   1.97
2024      5     12     11     00     30    000   7.73 -10.04   1.98
2024      5     12     11     01     30    000   7.74 -10.05   1.99
2024      5     12     11     02     30    000   7.74 -10.07   2.00
2024      5     12     11     03     30    000   7.74 -10.08   2.01
2024      5     12     11     04     30    000   7.75 -10.10   2.02
2024      5     12     11     05     30    000   7.75 -10.12   2.03
2024      5     12     11     06     30    000   7.75 -10.13   2.04
2024      5     12     11     07     30    000   7.76 -10.15   2.05
2024      5     12     11     08     30    000   7.76 -10.16   2.06
2024      5     12     11     09     30    000   7.76 -10.18   2.07
2024      5     12     11     10     30    000   7.77 -10.20   2.08
2024      5     12     11     11     30    000   7.77 -10.21   2.09
2024      5     12     11     12     30    000   7.77 -10.23   2.10
2024      5     12     11     13     30    000   7.78 -10.24   2.11
2024      5     12     11     14     30    000   7.78 -10.26   2.12
2024      5     12     11     15     30    000   7.79 -10.28   2.13
2024      5     12     11     16     30    000   7.79 -10.29   2.14
2024      5     12     11     17     30    000   7.79 -10.31   2.15
2024      5     12     11     18     30    000   7.80 -10.32   2.16
2024      5     12     11     19     30    000   7.80 -10.34   2.17
2024      5     12     11     20     30    000   7.80 -10.36   2.18
2024      5     12     11     21     30    000   7.81 -10.37   2.19
2024      5     12     11     22     30    000   7.81 -10.39   2.20
2024      5     12     11     23     30    000   7.81 -10.40   2.21
2024      5     12     11     24     30    000   7.82 -10.42   2.22
2024      5     12     11     25     30    000   7.82 -10.44   2.23
2024      5     12     11     26     30    000   7.82 -10.45   2.24
2024      5     12     11     27     30    000   7.82 -10.47   2.25
2024      5     12     11     28     30    000   7.83 -10.48   2.25
2024      5     12     11     29     30    000   7.83 -10.50   2.26
2024      5     12     11     30     30    000   7.83 -10.51   2.27
2024      5     12     11     31     30    000   7.84 -10.53   2.28
2024      5     12     11     32     30    000   7.84 -10.55   2.29
2024      5     12     11     33     30    000   7.84 -10.56   2.30
2024      5     12     11     34     30    000   7.85 -10.58   2.31
2024      5     12     11     35     30    000   7.85 -10.59   2.32
2024      5     12     11     36     30    000   7.85 -10.61   2.33
2024      5     12     11     37     30    000   7.86 -10.62   2.33
2024      5     12     11     38     30    000   7.86 -10.64   2.34
2024      5     12     11     39     30    000   7.86 -10.65   2.35
2024      5     12     11     40     30    000   7.86 -10.67   2.36
2024      5     12     11     41     30    000   7.87 -10.69   2.37
2024      5     12     11     42     30    000   7.87 -10.70   2.38
2024      5     12     11     43     30    000   7.87 -10.72   2.39
2024      5     12     11     44     30    000   7.88 -10.73   2.39
2024      5     12     11     45     30    000   7.88 -10.75   2.40
2024      5     12     11     46     30    000   7.88 -10.76   2.41
2024      5     12     11     47     30    000   7.88 -10.78   2.42
2024      5     12     11     48     30    000   7.89 -10.79   2.43
2024      5     12     11     49     30    000   7.89 -10.81   2.44
2024      5     12     11     50     30    000   7.89 -10.82   2.44
2024      5     12     11     51     30    000   7.90 -10.84   2.45
2024      5     12     11     52     30    000   7.90 -10.86   2.46
2024      5     12     11     53     30    000   7.90 -10.87   2.47
2024      5     12     11     54     30    000   7.90 -10.89   2.48
2024      5     12     11     55     30    000   7.91 -10.90   2.48
2024      5     12     11     56     30    000   7.91 -10.92   2.49
2024      5     12     11     57     30    000   7.91 -10.93   2.50
2024      5     12     11     58     30    000   7.91 -10.95   2.51
2024      5     12     11     59     30    000   7.92 -10.96   2.52
2024      5     12     12     00     30    000   7.92 -10.98   2.52
2024      5     12     12     01     30    000   7.92 -10.99   2.53
2024      5     12     12     02     30    000   7.93 -11.01   2.54
2024      5     12     12     03     30    000   7.93 -11.02   2.55
2024      5     12     12     04     30    000   7.93 -11.04   2.55
2024      5     12     12     05     30    000   7.93 -11.05   2.56
2024      5     12     12     06     30    000   7.94 -11.07   2.57
2024      5     12     12     07     30    000   7.94 -11.08   2.58
2024      5     12     12     08     30    000   7.94 -11.10   2.58
2024      5     12     12     09     30    000   7.94 -11.12   2.59
2024      5     12     12     10     30    000   7.95 -11.13   2.60
2024      5     12     12     11     30    000   7.95 -11.15   2.61
2024      5     12     12     12     30    000   7.95 -11.16   2.61
2024      5     12     12     13     30    000   7.95 -11.18   2.62
2024      5     12     12     14     30    000   7.95 -11.19   2.63
2024      5     12     12     15     30    000   7.96 -11.21   2.63
2024      5     12     12     16     30    000   7.96 -11.22   2.64
2024      5     12     12     17     30    000   7.96 -11.24   2.65
2024      5     12     12     18     30    000   7.96 -11.25   2.65
2024      5     12     12     19     30    000   7.97 -11.27   2.66
2024      5     12     12     20     30    000   7.97 -11.28   2.67
2024      5     12     12     21     30    000   7.97 -11.30   2.68
2024      5     12     12     22     30    000   7.97 -11.31   2.68
2024      5     12     12     23     30    000   7.98 -11.33   2.69
2024      5     12     12     24     30    000   7.98 -11.34   2.70
2024      5     12     12     25     30    000   7.98 -11.36   2.70
2024      5     12     12     26     30    000   7.98 -11.37   2.71
2024      5     12     12     27     30    000   7.98 -11.39   2.71
2024      5     12     12     28     30    000   7.99 -11.40   2.72
2024      5     12     12     29     30    000   7.99 -11.42   2.73
2024      5     12     12     30     30    000   7.99 -11.43   2.73
2024      5     12     12     31     30    000   7.99 -11.45   2.74
2024      5     12     12     32     30    000   7.99 -11.46   2.75
2024      5     12     12     33     30    000   8.00 -11.48   2.75
2024      5     12     12     34     30    000   8.00 -11.49   2.76
2024      5     12     12     35     30    000   8.00 -11.51   2.76
2024      5     12     12     36     30    000   8.00 -11.52   2.77
2024      5     12     12     37     30    000   8.00 -11.54   2.78
2024      5     12     12     38     30    000   8.01 -11.55   2.78
2024      5     12     12     39     30    000   8.01 -11.57   2.79
2024      5     12     12     40     30    000   8.01 -11.58   2.79
2024      5     12     12     41     30    000   8.01 -11.60   2.80
2024      5     12     12     42     30    000   8.01 -11.61   2.81
2024      5     12     12     43     30    000   8.02 -11.63   2.81
2024      5     12     12     44     30    000   8.02 -11.64   2.82
2024      5     12     12     45     30    000   8.02 -11.66   2.82
2024      5     12     12     46     30    000   8.02 -11.67   2.83
2024      5     12     12     47     30    000   8.02 -11.69   2.83
2024      5     12     12     48     30    000   8.03 -11.70   2.84
2024      5     12     12     49     30    000   8.03 -11.71   2.84
2024      5     12     12     50     30    000   8.03 -11.73   2.85
2024      5     12     12     51     30    000   8.03 -11.74   2.85
2024      5     12     12     52     30    000   8.03 -11.76   2.86
2024      5     12     12     53     30    000   8.03 -11.77   2.86
2024      5     12     12     54     30    000   8.04 -11.79   2.87
2024      5     12     12     55     30    000   8.04 -11.80   2.87
2024      5     12     12     56     30    000   8.04 -11.82   2.88
2024      5     12     12     57     30    000   8.04 -11.83   2.88
2024      5     12     12     58     30    000   8.04 -11.85   2.89
2024      5     12     12     59     30    000   8.04 -11.86   2.89
2024      5     12     13     00     30    000   8.05 -11.88   2.90
2024      5     12     13     01     30    000   8.05 -11.89   2.90
2024      5     12     13     02     30    000   8.05 -11.91   2.91
2024      5     12     13     03     30    000   8.05 -11.92   2.91
2024      5     12     13     04     30    000   8.05 -11.94   2.92
2024      5     12     13     05     30    000   8.05 -11.95   2.92
2024      5     12     13     06     30    000   8.06 -11.97   2.93
2024      5     12     13     07     30    000   8.06 -11.98   2.93
2024      5     12     13     08     30    000   8.06 -12.00   2.93
2024      5     12     13     09     30    000   8.06 -12.01   2.94
2024      5     12     13     10     30    000   8.06 -12.02   2.94
2024      5     12     13     11     30    000   8.06 -12.04   2.95
2024      5     12     13     12     30    000   8.07 -12.05   2.95
2024      5     12     13     13     30    000   8.07 -12.07   2.96
2024      5     12     13     14     30    000   8.07 -12.08   2.96
2024      5     12     13     15     30    000   8.07 -12.10   2.96
2024      5     12     13     16     30    000   8.07 -12.11   2.97
2024      5     12     13     17     30    000   8.07 -12.13   2.97
2024      5     12     13     18     30    000   8.07 -12.14   2.98
2024      5     12     13     19     30    000   8.08 -12.16   2.98
2024      5     12     13     20     30    000   8.08 -12.17   2.98
2024      5     12     13     21     30    000   8.08 -12.19   2.99
2024      5     12     13     22     30    000   8.08 -12.20   2.99
2024      5     12     13     23     30    000   8.08 -12.21   2.99
2024      5     12     13     24     30    000   8.08 -12.23   3.00
2024      5     12     13     25     30    000   8.08 -12.24   3.00
2024      5     12     13     26     30    000   8.08 -12.26   3.00
2024      5     12     13     27     30    000   8.09 -12.27   3.01
2024      5     12     13     28     30    000   8.09 -12.29   3.01
2024      5     12     13     29     30    000   8.09 -12.30   3.01
2024      5     12     13     30     30    000   8.09 -12.32   3.02
2024      5     12     13     31     30    000   8.09 -12.33   3.02
2024      5     12     13     32     30    000   8.09 -12.35   3.02
2024      5     12     13     33     30    000   8.09 -12.36   3.03
2024      5     12     13     34     30    000   8.09 -12.38   3.03
2024      5     12     13     35     30    000   8.10 -12.39   3.03
2024      5     12     13     36     30    000   8.10 -12.40   3.04
2024      5     12     13     37     30    000   8.10 -12.42   3.04
2024      5     12     13     38     30    000   8.10 -12.43   3.04
2024      5     12     13     39     30    000   8.10 -12.45   3.04
2024      5     12     13     40     30    000   8.10 -12.46   3.05
2024      5     12     13     41     30    000   8.10 -12.48   3.05
2024      5     12     13     42     30    000   8.10 -12.49   3.05
2024      5     12     13     43     30    000   8.10 -12.51   3.05
2024      5     12     13     44     30    000   8.11 -12.52   3.06
2024      5     12     13     45     30    000   8.11 -12.53   3.06
2024      5     12     13     46     30    000   8.11 -12.55   3.06
2024      5     12     13     47     30    000   8.11 -12.56   3.06
2024      5     12     13     48     30    000   8.11 -12.58   3.07
2024      5     12     13     49     30    000   8.11 -12.59   3.07
2024      5     12     13     50     30    000   8.11 -12.61   3.07
2024      5     12     13     51     30    000   8.11 -12.62   3.07
2024      5     12     13     52     30    000   8.11 -12.64   3.07
2024      5     12     13     53     30    000   8.11 -12.65   3.08
2024      5     12     13     54     30    000   8.12 -12.66   3.08
2024      5     12     13     55     30    000   8.12 -12.68   3.08
2024      5     12     13     56     30    000   8.12 -12.69   3.08
2024      5     12     13     57     30    000   8.12 -12.71   3.08
2024      5     12     13     58     30    000   8.12 -12.72   3.09
2024      5     12     13     59     30    000   8.12 -12.74   3.09
2024      5     12     14     00     30    000   8.12 -12.75   3.09
2024      5     12     14     01     30    000   8.12 -12.77   3.09
2024      5     12     14     02     30    000   8.12 -12.78   3.09
2024      5     12     14     03     30    000   8.12 -12.79   3.09
2024      5     12     14     04     30    000   8.12 -12.81   3.09
2024      5     12     14     05     30    000   8.12 -12.82   3.10
2024      5     12     14     06     30    000   8.13 -12.84   3.10
2024      5     12     14     07     30    000   8.13 -12.85   3.10
2024      5     12     14     08     30    000   8.13 -12.87   3.10
2024      5     12     14     09     30    000   8.13 -12.88   3.10
2024      5     12     14     10     30    000   8.13 -12.89   3.10
2024      5     12     14     11     30    000   8.13 -12.91   3.10
2024      5     12     14     12     30    000   8.13 -12.92   3.10
2024      5     12     14     13     30    000   8.13 -12.94   3.10
2024      5     12     14     14     30    000   8.13 -12.95   3.11
2024      5     12     14     15     30    000   8.13 -12.97   3.11
2024      5     12     14     16     30    000   8.13 -12.98   3.11
2024      5     12     14     17     30    000   8.13 -12.99   3.11
2024      5     12     14     18     30    000   8.13 -13.01   3.11
2024      5     12     14     19     30    000   8.13 -13.02   3.11
2024      5     12     14     20     30    000   8.13 -13.04   3.11
2024      5     12     14     21     30    000   8.14 -13.05   3.11
2024      5     12     14     22     30    000   8.14 -13.07   3.11
2024      5     12     14     23     30    000   8.14 -13.08   3.11
2024      5     12     14     24     30    000   8.14 -13.09   3.11
2024      5     12     14     25     30    000   8.14 -13.11   3.11
2024      5     12     14     26     30    000   8.14 -13.12   3.11
2024      5     12     14     27     30    000   8.14 -13.14   3.11
2024      5     12     14     28     30    000   8.14 -13.15   3.11
2024      5     12     14     29     30    000   8.14 -13.17   3.11
2024      5     12     14     30     30    000   8.14 -13.18   3.11
2024      5     12     14     31     30    000   8.14 -13.19   3.11
2024      5     12     14     32     30    000   8.14 -13.21   3.11
2024      5     12     14     33     30    000   8.14 -13.22   3.11
2024      5     12     14     34     30    000   8.14 -13.24   3.11
2024      5     12     14     35     30    000   8.14 -13.25   3.11
2024      5     12     14     36     30    000   8.14 -13.26   3.11
2024      5     12     14     37     30    000   8.14 -13.28   3.11
2024      5     12     14     38     30    000   8.14 -13.29   3.11
2024      5     12     14     39     30    000   8.14 -13.31   3.11
2024      5     12     14     40     30    000   8.14 -13.32   3.11
2024      5     12     14     41     30    000   8.14 -13.34   3.11
2024      5     12     14     42     30    000   8.14 -13.35   3.11
2024      5     12     14     43     30    000   8.15 -13.36   3.11
2024      5     12     14     44     30    000   8.15 -13.38   3.11
2024      5     12     14     45     30    000   8.15 -13.39   3.11
2024      5     12     14     46     30    000   8.15 -13.41   3.11
2024      5     12     14     47     30    000   8.15 -13.42   3.11
2024      5     12     14     48     30    000   8.15 -13.43   3.11
2024      5     12     14     49     30    000   8.15 -13.45   3.11
2024      5     12     14     50     30    000   8.15 -13.46   3.10
2024      5     12     14     51     30    000   8.15 -13.48   3.10
2024      5     12     14     52     30    000   8.15 -13.49   3.10
2024      5     12     14     53     30    000   8.15 -13.50   3.10
2024      5     12     14     54     30    000   8.15 -13.52   3.10
2024      5     12     14     55     30    000   8.15 -13.53   3.10
2024      5     12     14     56     30    000   8.15 -13.55   3.10
2024      5     12     14     57     30    000   8.15 -13.56   3.10
2024      5     12     14     58     30    000   8.15 -13.57   3.10
2024      5     12     14     59     30    000   8.15 -13.59   3.09
2024      5     12     15     00     30    000   8.15 -13.60   3.09
2024      5     12     15     01     30    000   8.15 -13.62   3.09
2024      5     12     15     02     30    000   8.15 -13.63   3.09
2024      5     12     15     03     30    000   8.15 -13.64   3.09
2024      5     12     15     04     30    000   8.15 -13.66   3.09
2024      5     12     15     05     30    000   8.15 -13.67   3.08
2024      5     12     15     06     30    000   8.15 -13.69   3.08
2024      5     12     15     07     30    000   8.15 -13.70   3.08
2024      5     12     15     08     30    000   8.15 -13.71   3.08
2024      5     12     15     09     30    000   8.15 -13.73   3.08
2024      5     12     15     10     30    000   8.15 -13.74   3.08
2024      5     12     15     11     30    000   8.15 -13.76   3.07
2024      5     12     15     12     30    000   8.15 -13.77   3.07
2024      5     12     15     13     30    000   8.15 -13.78   3.07
2024      5     12     15     14     30    000   8.15 -13.80   3.07
2024      5     12     15     15     30    000   8.15 -13.81   3.07
2024      5     12     15     16     30    000   8.15 -13.83   3.06
2024      5     12     15     17     30    000   8.15 -13.84   3.06
2024      5     12     15     18     30    000   8.15 -13.85   3.06
2024      5     12     15     19     30    000   8.15 -13.87   3.06
2024      5     12     15     20     30    000   8.15 -13.88   3.06
2024      5     12     15     21     30    000   8.15 -13.89   3.05
2024      5     12     15     22     30    000   8.15 -13.91   3.05
2024      5     12     15     23     30    000   8.15 -13.92   3.05
2024      5     12     15     24     30    000   8.15 -13.94   3.05
2024      5     12     15     25     30    000   8.15 -13.95   3.04
2024      5     12     15     26     30    000   8.15 -13.96   3.04
2024      5     12     15     27     30    000   8.15 -13.98   3.04
2024      5     12     15     28     30    000   8.15 -13.99   3.04
2024      5     12     15     29     30    000   8.15 -14.00   3.03
2024      5     12     15     30     30    000   8.15 -14.02   3.03
2024      5     12     15     31     30    000   8.15 -14.03   3.03
2024      5     12     15     32     30    000   8.15 -14.05   3.02
2024      5     12     15     33     30    000   8.15 -14.06   3.02
2024      5     12     15     34     30    000   8.15 -14.07   3.02
2024      5     12     15     35     30    000   8.15 -14.09   3.02
2024      5     12     15     36     30    000   8.15 -14.10   3.01
2024      5     12     15     37     30    000   8.15 -14.11   3.01
2024      5     12     15     38     30    000   8.15 -14.13   3.01
2024      5     12     15     39     30    000   8.15 -14.14   3.00
2024      5     12     15     40     30    000   8.15 -14.16   3.00
2024      5     12     15     41     30    000   8.15 -14.17   3.00
2024      5     12     15     42     30    000   8.15 -14.18   2.99
2024      5     12     15     43     30    000   8.15 -14.20   2.99
2024      5     12     15     44     30    000   8.14 -14.21   2.99
2024      5     12     15     45     30    000   8.14 -14.22   2.98
2024      5     12     15     46     30    000   8.14 -14.24   2.98
2024      5     12     15     47     30    000   8.14 -14.25   2.98
2024      5     12     15     48     30    000   8.14 -14.26   2.97
2024      5     12     15     49     30    000   8.14 -14.28   2.97
2024      5     12     15     50     30    000   8.14 -14.29   2.97
2024      5     12     15     51     30    000   8.14 -14.30   2.96
2024      5     12     15     52     30    000   8.14 -14.32   2.96
2024      5     12     15     53     30    000   8.14 -14.33   2.96
2024      5     12     15     54     30    000   8.14 -14.34   2.95
2024      5     12     15     55     30    000   8.14 -14.36   2.95
2024      5     12     15     56     30    000   8.14 -14.37   2.95
2024      5     12     15     57     30    000   8.14 -14.39   2.94
2024      5     12     15     58     30    000   8.14 -14.40   2.94
2024      5     12     15     59     30    000   8.14 -14.41   2.93
2024      5     12     16     00     30    000   8.14 -14.43   2.93
2024      5     12     16     01     30    000   8.14 -14.44   2.93
2024      5     12     16     02     30    000   8.14 -14.45   2.92
2024      5     12     16     03     30    000   8.14 -14.47   2.92
2024      5     12     16     04     30    000   8.14 -14.48   2.92
2024      5     12     16     05     30    000   8.14 -14.49   2.91
2024      5     12     16     06     30    000   8.14 -14.51   2.91
2024      5     12     16     07     30    000   8.13 -14.52   2.90
2024      5     12     16     08     30    000   8.13 -14.53   2.90
2024      5     12     16     09     30    000   8.13 -14.55   2.89
2024      5     12     16     10     30    000   8.13 -14.56   2.89
2024      5     12     16     11     30    000   8.13 -14.57   2.89
2024      5     12     16     12     30    000   8.13 -14.59   2.88
2024      5     12     16     13     30    000   8.13 -14.60   2.88
2024      5     12     16     14     30    000   8.13 -14.61   2.87
2024      5     12     16     15     30    000   8.13 -14.63   2.87
2024      5     12     16     16     30    000   8.13 -14.64   2.86
2024      5     12     16     17     30    000   8.13 -14.65   2.86
2024      5     12     16     18     30    000   8.13 -14.66   2.86
2024      5     12     16     19     30    000   8.13 -14.68   2.85
2024      5     12     16     20     30    000   8.13 -14.69   2.85
2024      5     12     16     21     30    000   8.13 -14.70   2.84
2024      5     12     16     22     30    000   8.13 -14.72   2.84
2024      5     12     16     23     30    000   8.12 -14.73   2.83
2024      5     12     16     24     30    000   8.12 -14.74   2.83
2024      5     12     16     25     30    000   8.12 -14.76   2.82
2024      5     12     16     26     30    000   8.12 -14.77   2.82
2024      5     12     16     27     30    000   8.12 -14.78   2.81
2024      5     12     16     28     30    000   8.12 -14.80   2.81
2024      5     12     16     29     30    000   8.12 -14.81   2.81
2024      5     12     16     30     30    000   8.12 -14.82   2.80
2024      5     12     16     31     30    000   8.12 -14.83   2.80
2024      5     12     16     32     30    000   8.12 -14.85   2.79
2024      5     12     16     33     30    000   8.12 -14.86   2.79
2024      5     12     16     34     30    000   8.12 -14.87   2.78
2024      5     12     16     35     30    000   8.12 -14.89   2.78
2024      5     12     16     36     30    000   8.11 -14.90   2.77
2024      5     12     16     37     30    000   8.11 -14.91   2.77
2024      5     12     16     38     30    000   8.11 -14.93   2.76
2024      5     12     16     39     30    000   8.11 -14.94   2.76
2024      5     12     16     40     30    000   8.11 -14.95   2.75
2024      5     12     16     41     30    000   8.11 -14.96   2.75
2024      5     12     16     42     30    000   8.11 -14.98   2.74
2024      5     12     16     43     30    000   8.11 -14.99   2.74
2024      5     12     16     44     30    000   8.11 -15.00   2.73
2024      5     12     16     45     30    000   8.11 -15.02   2.73
2024      5     12     16     46     30    000   8.11 -15.03   2.72
2024      5     12     16     47     30    000   8.11 -15.04   2.72
2024      5     12     16     48     30    000   8.10 -15.05   2.71
2024      5     12     16     49     30    000   8.10 -15.07   2.71
2024      5     12     16     50     30    000   8.10 -15.08   2.70
2024      5     12     16     51     30    000   8.10 -15.09   2.70
2024      5     12     16     52     30    000   8.10 -15.10   2.69
2024      5     12     16     53     30    000   8.10 -15.12   2.68
2024      5     12     16     54     30    000   8.10 -15.13   2.68
2024      5     12     16     55     30    000   8.10 -15.14   2.67
2024      5     12     16     56     30    000   8.10 -15.16   2.67
2024      5     12     16     57     30    000   8.10 -15.17   2.66
2024      5     12     16     58     30    000   8.09 -15.18   2.66
2024      5     12     16     59     30    000   8.09 -15.19   2.65
2024      5     12     17     00     30    000   8.09 -15.21   2.65
2024      5     12     17     01     30    000   8.09 -15.22   2.64
2024      5     12     17     02     30    000   8.09 -15.23   2.64
2024      5     12     17     03     30    000   8.09 -15.24   2.63
2024      5     12     17     04     30    000   8.09 -15.26   2.63
2024      5     12     17     05     30    000   8.09 -15.27   2.62
2024      5     12     17     06     30    000   8.09 -15.28   2.61
2024      5     12     17     07     30    000   8.08 -15.29   2.61
2024      5     12     17     08     30    000   8.08 -15.31   2.60
2024      5     12     17     09     30    000   8.08 -15.32   2.60
2024      5     12     17     10     30    000   8.08 -15.33   2.59
2024      5     12     17     11     30    000   8.08 -15.34   2.59
2024      5     12     17     12     30    000   8.08 -15.36   2.58
2024      5     12     17     13     30    000   8.08 -15.37   2.58
2024      5     12     17     14     30    000   8.08 -15.38   2.57
2024      5     12     17     15     30    000   8.08 -15.39   2.56
2024      5     12     17     16     30    000   8.07 -15.40   2.56
2024      5     12     17     17     30    000   8.07 -15.42   2.55
2024      5     12     17     18     30    000   8.07 -15.43   2.55
2024      5     12     17     19     30    000   8.07 -15.44   2.54
2024      5     12     17     20     30    000   8.07 -15.45   2.54
2024      5     12     17     21     30    000   8.07 -15.47   2.53
2024      5     12     17     22     30    000   8.07 -15.48   2.52
2024      5     12     17     23     30    000   8.07 -15.49   2.52
2024      5     12     17     24     30    000   8.06 -15.50   2.51
2024      5     12     17     25     30    000   8.06 -15.51   2.51
2024      5     12     17     26     30    000   8.06 -15.53   2.50
2024      5     12     17     27     30    000   8.06 -15.54   2.50
2024      5     12     17     28     30    000   8.06 -15.55   2.49
2024      5     12     17     29     30    000   8.06 -15.56   2.48
2024      5     12     17     30     30    000   8.06 -15.58   2.48
2024      5     12     17     31     30    000   8.06 -15.59   2.47
2024      5     12     17     32     30    000   8.05 -15.60   2.47
2024      5     12     17     33     30    000   8.05 -15.61   2.46
2024      5     12     17     34     30    000   8.05 -15.62   2.45
2024      5     12     17     35     30    000   8.05 -15.64   2.45
2024      5     12     17     36     30    000   8.05 -15.65   2.44
2024      5     12     17     37     30    000   8.05 -15.66   2.44
2024      5     12     17     38     30    000   8.05 -15.67   2.43
2024      5     12     17     39     30    000   8.05 -15.68   2.43
2024      5     12     17     40     30    000   8.04 -15.70   2.42
2024      5     12     17     41     30    000   8.04 -15.71   2.41
2024      5     12     17     42     30    000   8.04 -15.72   2.41
2024      5     12     17     43     30    000   8.04 -15.73   2.40
2024      5     12     17     44     30    000   8.04 -15.74   2.40
2024      5     12     17     45     30    000   8.04 -15.75   2.39
2024      5     12     17     46     30    000   8.04 -15.77   2.38
2024      5     12     17     47     30    000   8.03 -15.78   2.38
2024      5     12     17     48     30    000   8.03 -15.79   2.37
2024      5     12     17     49     30    000   8.03 -15.80   2.37
2024      5     12     17     50     30    000   8.03 -15.81   2.36
2024      5     12     17     51     30    000   8.03 -15.82   2.36
2024      5     12     17     52     30    000   8.03 -15.84   2.35
2024      5     12     17     53     30    000   8.03 -15.85   2.34
2024      5     12     17     54     30    000   8.02 -15.86   2.34
2024      5     12     17     55     30    000   8.02 -15.87   2.33
2024      5     12     17     56     30    000   8.02 -15.88   2.33
2024      5     12     17     57     30    000   8.02 -15.89   2.32
2024      5     12     17     58     30    000   8.02 -15.91   2.31
2024      5     12     17     59     30    000   8.02 -15.92   2.31
2024      5     12     18     00     30    000   8.02 -15.93   2.30
2024      5     12     18     01     30    000   8.01 -15.94   2.30
2024      5     12     18     02     30    000   8.01 -15.95   2.29
2024      5     12     18     03     30    000   8.01 -15.96   2.29
2024      5     12     18     04     30    000   8.01 -15.98   2.28
2024      5     12     18     05     30    000   8.01 -15.99   2.27
2024      5     12     18     06     30    000   8.01 -16.00   2.27
2024      5     12     18     07     30    000   8.00 -16.01   2.26
2024      5     12     18     08     30    000   8.00 -16.02   2.26
2024      5     12     18     09     30    000   8.00 -16.03   2.25
2024      5     12     18     10     30    000   8.00 -16.04   2.24
2024      5     12     18     11     30    000   8.00 -16.06   2.24
2024      5     12     18     12     30    000   8.00 -16.07   2.23
2024      5     12     18     13     30    000   7.99 -16.08   2.23
2024      5     12     18     14     30    000   7.99 -16.09   2.22
2024      5     12     18     15     30    000   7.99 -16.10   2.22
2024      5     12     18     16     30    000   7.99 -16.11   2.21
2024      5     12     18     17     30    000   7.99 -16.12   2.20
2024      5     12     18     18     30    000   7.99 -16.13   2.20
2024      5     12     18     19     30    000   7.98 -16.15   2.19
2024      5     12     18     20     30    000   7.98 -16.16   2.19
2024      5     12     18     21     30    000   7.98 -16.17   2.18
2024      5     12     18     22     30    000   7.98 -16.18   2.18
2024      5     12     18     23     30    000   7.98 -16.19   2.17
2024      5     12     18     24     30    000   7.98 -16.20   2.16
2024      5     12     18     25     30    000   7.97 -16.21   2.16
2024      5     12     18     26     30    000   7.97 -16.22   2.15
2024      5     12     18     27     30    000   7.97 -16.23   2.15
2024      5     12     18     28     30    000   7.97 -16.25   2.14
2024      5     12     18     29     30    000   7.97 -16.26   2.14
2024      5     12     18     30     30    000   7.97 -16.27   2.13
2024      5     12     18     31     30    000   7.96 -16.28   2.12
2024      5     12     18     32     30    000   7.96 -16.29   2.12
2024      5     12     18     33     30    000   7.96 -16.30   2.11
2024      5     12     18     34     30    000   7.96 -16.31   2.11
2024      5     12     18     35     30    000   7.96 -16.32   2.10
2024      5     12     18     36     30    000   7.96 -16.33   2.10
2024      5     12     18     37     30    000   7.95 -16.34   2.09
2024      5     12     18     38     30    000   7.95 -16.35   2.09
2024      5     12     18     39     30    000   7.95 -16.37   2.08
2024      5     12     18     40     30    000   7.95 -16.38   2.07
2024      5     12     18     41     30    000   7.95 -16.39   2.07
2024      5     12     18     42     30    000   7.94 -16.40   2.06
2024      5     12     18     43     30    000   7.94 -16.41   2.06
2024      5     12     18     44     30    000   7.94 -16.42   2.05
2024      5     12     18     45     30    000   7.94 -16.43   2.05
2024      5     12     18     46     30    000   7.94 -16.44   2.04
2024      5     12     18     47     30    000   7.93 -16.45   2.04
2024      5     12     18     48     30    000   7.93 -16.46   2.03
2024      5     12     18     49     30    000   7.93 -16.47   2.03
2024      5     12     18     50     30    000   7.93 -16.48   2.02
2024      5     12     18     51     30    000   7.93 -16.49   2.02
2024      5     12     18     52     30    000   7.93 -16.50   2.01
2024      5     12     18     53     30    000   7.92 -16.51   2.01
2024      5     12     18     54     30    000   7.92 -16.53   2.00
2024      5     12     18     55     30    000   7.92 -16.54   1.99
2024      5     12     18     56     30    000   7.92 -16.55   1.99
2024      5     12     18     57     30    000   7.92 -16.56   1.98
2024      5     12     18     58     30    000   7.91 -16.57   1.98
2024      5     12     18     59     30    000   7.91 -16.58   1.97
2024      5     12     19     00     30    000   7.91 -16.59   1.97
2024      5     12     19     01     30    000   7.91 -16.60   1.96
2024      5     12     19     02     30    000   7.91 -16.61   1.96
2024      5     12     19     03     30    000   7.90 -16.62   1.95
2024      5     12     19     04     30    000   7.90 -16.63   1.95
2024      5     12     19     05     30    000   7.90 -16.64   1.94
2024      5     12     19     06     30    000   7.90 -16.65   1.94
2024      5     12     19     07     30    000   7.90 -16.66   1.93
2024      5     12     19     08     30    000   7.89 -16.67   1.93
2024      5     12     19     09     30    000   7.89 -16.68   1.92
2024      5     12     19     10     30    000   7.89 -16.69   1.92
2024      5     12     19     11     30    000   7.89 -16.70   1.91
2024      5     12     19     12     30    000   7.89 -16.71   1.91
2024      5     12     19     13     30    000   7.88 -16.72   1.90
2024      5     12     19     14     30    000   7.88 -16.73   1.90
2024      5     12     19     15     30    000   7.88 -16.74   1.90
2024      5     12     19     16     30    000   7.88 -16.75   1.89
2024      5     12     19     17     30    000   7.87 -16.76   1.89
2024      5     12     19     18     30    000   7.87 -16.77   1.88
2024      5     12     19     19     30    000   7.87 -16.78   1.88
2024      5     12     19     20     30    000   7.87 -16.79   1.87
2024      5     12     19     21     30    000   7.87 -16.80   1.87
2024      5     12     19     22     30    000   7.86 -16.81   1.86
2024      5     12     19     23     30    000   7.86 -16.82   1.86
2024      5     12     19     24     30    000   7.86 -16.83   1.85
2024      5     12     19     25     30    000   7.86 -16.84   1.85
2024      5     12     19     26     30    000   7.86 -16.85   1.85
2024      5     12     19     27     30    000   7.85 -16.86   1.84
2024      5     12     19     28     30    000   7.85 -16.87   1.84
2024      5     12     19     29     30    000   7.85 -16.88   1.83
2024      5     12     19     30     30    000   7.85 -16.89   1.83
2024      5     12     19     31     30    000   7.84 -16.90   1.82
2024      5     12     19     32     30    000   7.84 -16.91   1.82
2024      5     12     19     33     30    000   7.84 -16.92   1.82
2024      5     12     19     34     30    000   7.84 -16.93   1.81
2024      5     12     19     35     30    000   7.84 -16.94   1.81
2024      5     12     19     36     30    000   7.83 -16.95   1.80
2024      5     12     19     37     30    000   7.83 -16.96   1.80
2024      5     12     19     38     30    000   7.83 -16.97   1.79
2024      5     12     19     39     30    000   7.83 -16.98   1.79
2024      5     12     19     40     30    000   7.82 -16.99   1.79
2024      5     12     19     41     30    000   7.82 -17.00   1.78
2024      5     12     19     42     30    000   7.82 -17.01   1.78
2024      5     12     19     43     30    000   7.82 -17.02   1.77
2024      5     12     19     44     30    000   7.82 -17.03   1.77
2024      5     12     19     45     30    000   7.81 -17.04   1.77
2024      5     12     19     46     30    000   7.81 -17.05   1.76
2024      5     12     19     47     30    000   7.81 -17.06   1.76
2024      5     12     19     48     30    000   7.81 -17.07   1.76
2024      5     12     19     49     30    000   7.80 -17.08   1.75
2024      5     12     19     50     30    000   7.80 -17.09   1.75
2024      5     12     19     51     30    000   7.80 -17.09   1.75
2024      5     12     19     52     30    000   7.80 -17.10   1.74
2024      5     12     19     53     30    000   7.80 -17.11   1.74
2024      5     12     19     54     30    000   7.79 -17.12   1.73
2024      5     12     19     55     30    000   7.79 -17.13   1.73
2024      5     12     19     56     30    000   7.79 -17.14   1.73
2024      5     12     19     57     30    000   7.79 -17.15   1.72
2024      5     12     19     58     30    000   7.78 -17.16   1.72
2024      5     12     19     59     30    000   7.78 -17.17   1.72
2024      5     12     20     00     30    000   7.78 -17.18   1.71
2024      5     12     20     01     30    000   7.78 -17.19   1.71
2024      5     12     20     02     30    000   7.77 -17.20   1.71
2024      5     12     20     03     30    000   7.77 -17.21   1.70
2024      5     12     20     04     30    000   7.77 -17.22   1.70
2024      5     12     20     05     30    000   7.77 -17.23   1.70
2024      5     12     20     06     30    000   7.76 -17.23   1.70
2024      5     12     20     07     30    000   7.76 -17.24   1.69
2024      5     12     20     08     30    000   7.76 -17.25   1.69
2024      5     12     20     09     30    000   7.76 -17.26   1.69
2024      5     12     20     10     30    000   7.75 -17.27   1.68
2024      5     12     20     11     30    000   7.75 -17.28   1.68
2024      5     12     20     12     30    000   7.75 -17.29   1.68
2024      5     12     20     13     30    000   7.75 -17.30   1.68
2024      5     12     20     14     30    000   7.74 -17.31   1.67
2024      5     12     20     15     30    000   7.74 -17.32   1.67
2024      5     12     20     16     30    000   7.74 -17.33   1.67
2024      5     12     20     17     30    000   7.74 -17.33   1.67
2024      5     12     20     18     30    000   7.73 -17.34   1.66
2024      5     12     20     19     30    000   7.73 -17.35   1.66
2024      5     12     20     20     30    000   7.73 -17.36   1.66
2024      5     12     20     21     30    000   7.73 -17.37   1.66
2024      5     12     20     22     30    000   7.72 -17.38   1.65
2024      5     12     20     23     30    000   7.72 -17.39   1.65
2024      5     12     20     24     30    000   7.72 -17.40   1.65
2024      5     12     20     25     30    000   7.72 -17.41   1.65
2024      5     12     20     26     30    000   7.71 -17.42   1.64
2024      5     12     20     27     30    000   7.71 -17.42   1.64
2024      5     12     20     28     30    000   7.71 -17.43   1.64
2024      5     12     20     29     30    000   7.71 -17.44   1.64
2024      5     12     20     30     30    000   7.70 -17.45   1.64
2024      5     12     20     31     30    000   7.70 -17.46   1.63
2024      5     12     20     32     30    000   7.70 -17.47   1.63
2024      5     12     20     33     30    000   7.70 -17.48   1.63
2024      5     12     20     34     30    000   7.69 -17.49   1.63
2024      5     12     20     35     30    000   7.69 -17.49   1.63
2024      5     12     20     36     30    000   7.69 -17.50   1.62
2024      5     12     20     37     30    000   7.69 -17.51   1.62
2024      5     12     20     38     30    000   7.68 -17.52   1.62
2024      5     12     20     39     30    000   7.68 -17.53   1.62
2024      5     12     20     40     30    000   7.68 -17.54   1.62
2024      5     12     20     41     30    000   7.68 -17.55   1.62
2024      5     12     20     42     30    000   7.67 -17.55   1.61
2024      5     12     20     43     30    000   7.67 -17.56   1.61
2024      5     12     20     44     30    000   7.67 -17.57   1.61
2024      5     12     20     45     30    000   7.66 -17.58   1.61
2024      5     12     20     46     30    000   7.66 -17.59   1.61
2024      5     12     20     47     30    000   7.66 -17.60   1.61
2024      5     12     20     48     30    000   7.66 -17.61   1.61
2024      5     12     20     49     30    000   7.65 -17.61   1.61
2024      5     12     20     50     30    000   7.65 -17.62   1.60
2024      5     12     20     51     30    000   7.65 -17.63   1.60
2024      5     12     20     52     30    000   7.65 -17.64   1.60
2024      5     12     20     53     30    000   7.64 -17.65   1.60
2024      5     12     20     54     30    000   7.64 -17.66   1.60
2024      5     12     20     55     30    000   7.64 -17.66   1.60
2024      5     12     20     56     30    000   7.64 -17.67   1.60
2024      5     12     20     57     30    000   7.63 -17.68   1.60
2024      5     12     20     58     30    000   7.63 -17.69   1.60
2024      5     12     20     59     30    000   7.63 -17.70   1.60
2024      5     12     21     00     30    000   7.62 -17.71   1.60
2024      5     12     21     01     30    000   7.62 -17.71   1.60
2024      5     12     21     02     30    000   7.62 -17.72   1.60
2024      5     12     21     03     30    000   7.62 -17.73   1.59
2024      5     12     21     04     30    000   7.61 -17.74   1.59
2024      5     12     21     05     30    000   7.61 -17.75   1.59
2024      5     12     21     06     30    000   7.61 -17.75   1.59
2024      5     12     21     07     30    000   7.60 -17.76   1.59
2024      5     12     21     08     30    000   7.60 -17.77   1.59
2024      5     12     21     09     30    000   7.60 -17.78   1.59
2024      5     12     21     10     30    000   7.60 -17.79   1.59
2024      5     12     21     11     30    000   7.59 -17.80   1.59
2024      5     12     21     12     30    000   7.59 -17.80   1.59
2024      5     12     21     13     30    000   7.59 -17.81   1.59
2024      5     12     21     14     30    000   7.58 -17.82   1.59
2024      5     12     21     15     30    000   7.58 -17.83   1.59
2024      5     12     21     16     30    000   7.58 -17.84   1.59
2024      5     12     21     17     30    000   7.58 -17.84   1.59
2024      5     12     21     18     30    000   7.57 -17.85   1.59
2024      5     12     21     19     30    000   7.57 -17.86   1.59
2024      5     12     21     20     30    000   7.57 -17.87   1.59
2024      5     12     21     21     30    000   7.56 -17.87   1.60
2024      5     12     21     22     30    000   7.56 -17.88   1.60
2024      5     12     21     23     30    000   7.56 -17.89   1.60
2024      5     12     21     24     30    000   7.56 -17.90   1.60
2024      5     12     21     25     30    000   7.55 -17.91   1.60
2024      5     12     21     26     30    000   7.55 -17.91   1.60
2024      5     12     21     27     30    000   7.55 -17.92   1.60
2024      5     12     21     28     30    000   7.54 -17.93   1.60
2024      5     12     21     29     30    000   7.54 -17.94   1.60
2024      5     12     21     30     30    000   7.54 -17.95   1.60
2024      5     12     21     31     30    000   7.54 -17.95   1.60
2024      5     12     21     32     30    000   7.53 -17.96   1.60
2024      5     12     21     33     30    000   7.53 -17.97   1.60
2024      5     12     21     34     30    000   7.53 -17.98   1.61
2024      5     12     21     35     30    000   7.52 -17.98   1.61
2024      5     12     21     36     30    000   7.52 -17.99   1.61
2024      5     12     21     37     30    000   7.52 -18.00   1.61
2024      5     12     21     38     30    000   7.51 -18.01   1.61
2024      5     12     21     39     30    000   7.51 -18.01   1.61
2024      5     12     21     40     30    000   7.51 -18.02   1.61
2024      5     12     21     41     30    000   7.51 -18.03   1.62
2024      5     12     21     42     30    000   7.50 -18.04   1.62
2024      5     12     21     43     30    000   7.50 -18.04   1.62
2024      5     12     21     44     30    000   7.50 -18.05   1.62
2024      5     12     21     45     30    000   7.49 -18.06   1.62
2024      5     12     21     46     30    000   7.49 -18.07   1.62
2024      5     12     21     47     30    000   7.49 -18.07   1.63
2024      5     12     21     48     30    000   7.48 -18.08   1.63
2024      5     12     21     49     30    000   7.48 -18.09   1.63
2024      5     12     21     50     30    000   7.48 -18.10   1.63
2024      5     12     21     51     30    000   7.48 -18.10   1.63
2024      5     12     21     52     30    000   7.47 -18.11   1.64
2024      5     12     21     53     30    000   7.47 -18.12   1.64
2024      5     12     21     54     30    000   7.47 -18.13   1.64
2024      5     12     21     55     30    000   7.46 -18.13   1.64
2024      5     12     21     56     30    000   7.46 -18.14   1.64
2024      5     12     21     57     30    000   7.46 -18.15   1.65
2024      5     12     21     58     30    000   7.45 -18.15   1.65
2024      5     12     21     59     30    000   7.45 -18.16   1.65
2024      5     12     22     00     30    000   7.45 -18.17   1.65
2024      5     12     22     01     30    000   7.44 -18.18   1.66
2024      5     12     22     02     30    000   7.44 -18.18   1.66
2024      5     12     22     03     30    000   7.44 -18.19   1.66
2024      5     12     22     04     30    000   7.44 -18.20   1.67
2024      5     12     22     05     30    000   7.43 -18.20   1.67
2024      5     12     22     06     30    000   7.43 -18.21   1.67
2024      5     12     22     07     30    000   7.43 -18.22   1.67
2024      5     12     22     08     30    000   7.42 -18.23   1.68
2024      5     12     22     09     30    000   7.42 -18.23   1.68
2024      5     12     22     10     30    000   7.42 -18.24   1.68
2024      5     12     22     11     30    000   7.41 -18.25   1.69
2024      5     12     22     12     30    000   7.41 -18.25   1.69
2024      5     12     22     13     30    000   7.41 -18.26   1.69
2024      5     12     22     14     30    000   7.40 -18.27   1.70
2024      5     12     22     15     30    000   7.40 -18.27   1.70
2024      5     12     22     16     30    000   7.40 -18.28   1.70
2024      5     12     22     17     30    000   7.39 -18.29   1.71
2024      5     12     22     18     30    000   7.39 -18.30   1.71
2024      5     12     22     19     30    000   7.39 -18.30   1.71
2024      5     12     22     20     30    000   7.38 -18.31   1.72
2024      5     12     22     21     30    000   7.38 -18.32   1.72
2024      5     12     22     22     30    000   7.38 -18.32   1.73
2024      5     12     22     23     30    000   7.38 -18.33   1.73
2024      5     12     22     24     30    000   7.37 -18.34   1.73
2024      5     12     22     25     30    000   7.37 -18.34   1.74
2024      5     12     22     26     30    000   7.37 -18.35   1.74
2024      5     12     22     27     30    000   7.36 -18.36   1.75
2024      5     12     22     28     30    000   7.36 -18.36   1.75
2024      5     12     22     29     30    000   7.36 -18.37   1.75
2024      5     12     22     30     30    000   7.35 -18.38   1.76
2024      5     12     22     31     30    000   7.35 -18.38   1.76
2024      5     12     22     32     30    000   7.35 -18.39   1.77
2024      5     12     22     33     30    000   7.34 -18.40   1.77
2024      5     12     22     34     30    000   7.34 -18.40   1.78
2024      5     12     22     35     30    000   7.34 -18.41   1.78
2024      5     12     22     36     30    000   7.33 -18.42   1.79
2024      5     12     22     37     30    000   7.33 -18.42   1.79
2024      5     12     22     38     30    000   7.33 -18.43   1.79
2024      5     12     22     39     30    000   7.32 -18.44   1.80
2024      5     12     22     40     30    000   7.32 -18.44   1.80
2024      5     12     22     41     30    000   7.32 -18.45   1.81
2024      5     12     22     42     30    000   7.31 -18.45   1.81
2024      5     12     22     43     30    000   7.31 -18.46   1.82
2024      5     12     22     44     30    000   7.31 -18.47   1.82
2024      5     12     22     45     30    000   7.30 -18.47   1.83
2024      5     12     22     46     30    000   7.30 -18.48   1.83
2024      5     12     22     47     30    000   7.30 -18.49   1.84
2024      5     12     22     48     30    000   7.29 -18.49   1.84
2024      5     12     22     49     30    000   7.29 -18.50   1.85
2024      5     12     22     50     30    000   7.29 -18.51   1.86
2024      5     12     22     51     30    000   7.28 -18.51   1.86
2024      5     12     22     52     30    000   7.28 -18.52   1.87
2024      5     12     22     53     30    000   7.28 -18.52   1.87
2024      5     12     22     54     30    000   7.27 -18.53   1.88
2024      5     12     22     55     30    000   7.27 -18.54   1.88
2024      5     12     22     56     30    000   7.27 -18.54   1.89
2024      5     12     22     57     30    000   7.26 -18.55   1.90
2024      5     12     22     58     30    000   7.26 -18.56   1.90
2024      5     12     22     59     30    000   7.26 -18.56   1.91
2024      5     12     23     00     30    000   7.25 -18.57   1.91
2024      5     12     23     01     30    000   7.25 -18.57   1.92
2024      5     12     23     02     30    000   7.25 -18.58   1.93
2024      5     12     23     03     30    000   7.24 -18.59   1.93
2024      5     12     23     04     30    000   7.24 -18.59   1.94
2024      5     12     23     05     30    000   7.23 -18.60   1.94
2024      5     12     23     06     30    000   7.23 -18.60   1.95
2024      5     12     23     07     30    000   7.23 -18.61   1.96
2024      5     12     23     08     30    000   7.22 -18.62   1.96
2024      5     12     23     09     30    000   7.22 -18.62   1.97
2024      5     12     23     10     30    000   7.22 -18.63   1.98
2024      5     12     23     11     30    000   7.21 -18.63   1.98
2024      5     12     23     12     30    000   7.21 -18.64   1.99
2024      5     12     23     13     30    000   7.21 -18.64   2.00
2024      5     12     23     14     30    000   7.20 -18.65   2.00
2024      5     12     23     15     30    000   7.20 -18.66   2.01
2024      5     12     23     16     30    000   7.20 -18.66   2.02
2024      5     12     23     17     30    000   7.19 -18.67   2.02
2024      5     12     23     18     30    000   7.19 -18.67   2.03
2024      5     12     23     19     30    000   7.19 -18.68   2.04
2024      5     12     23     20     30    000   7.18 -18.68   2.04
2024      5     12     23     21     30    000   7.18 -18.69   2.05
2024      5     12     23     22     30    000   7.18 -18.70   2.06
2024      5     12     23     23     30    000   7.17 -18.70   2.07
2024      5     12     23     24     30    000   7.17 -18.71   2.07
2024      5     12     23     25     30    000   7.16 -18.71   2.08
2024      5     12     23     26     30    000   7.16 -18.72   2.09
2024      5     12     23     27     30    000   7.16 -18.72   2.10
2024      5     12     23     28     30    000   7.15 -18.73   2.10
2024      5     12     23     29     30    000   7.15 -18.74   2.11
2024      5     12     23     30     30    000   7.15 -18.74   2.12
2024      5     12     23     31     30    000   7.14 -18.75   2.13
2024      5     12     23     32     30    000   7.14 -18.75   2.13
2024      5     12     23     33     30    000   7.14 -18.76   2.14
2024      5     12     23     34     30    000   7.13 -18.76   2.15
2024      5     12     23     35     30    000   7.13 -18.77   2.16
2024      5     12     23     36     30    000   7.13 -18.77   2.17
2024      5     12     23     37     30    000   7.12 -18.78   2.17
2024      5     12     23     38     30    000   7.12 -18.78   2.18
2024      5     12     23     39     30    000   7.11 -18.79   2.19
2024      5     12     23     40     30    000   7.11 -18.79   2.20
2024      5     12     23     41     30    000   7.11 -18.80   2.21
2024      5     12     23     42     30    000   7.10 -18.80   2.22
2024      5     12     23     43     30    000   7.10 -18.81   2.22
2024      5     12     23     44     30    000   7.10 -18.81   2.23
2024      5     12     23     45     30    000   7.09 -18.82   2.24
2024      5     12     23     46     30    000   7.09 -18.83   2.25
2024      5     12     23     47     30    000   7.09 -18.83   2.26
2024      5     12     23     48     30    000   7.08 -18.84   2.27
2024      5     12     23     49     30    000   7.08 -18.84   2.28
2024      5     12     23     50     30    000   7.07 -18.85   2.28
2024      5     12     23     51     30    000   7.07 -18.85   2.29
2024      5     12     23     52     30    000   7.07 -18.86   2.30
2024      5     12     23     53     30    000   7.06 -18.86   2.31
2024      5     12     23     54     30    000   7.06 -18.87   2.32
2024      5     12     23     55     30    000   7.06 -18.87   2.33
2024      5     12     23     56     30    000   7.05 -18.88   2.34
2024      5     12     23     57     30    000   7.05 -18.88   2.35
2024      5     12     23     58     30    000   7.05 -18.89   2.36
2024      5     12     23     59     30    000   7.04 -18.89   2.37
