goes16 Created 2024-10-23 22:17:12.246122
Year Mo Dy Hr Mn Sc Msc X Y Z

#COORD
GSM

#START
2024      5     10     06     01     00    000  -6.05  -1.71   2.03
2024      5     10     06     02     00    000  -6.05  -1.74   2.03
2024      5     10     06     03     00    000  -6.04  -1.77   2.03
2024      5     10     06     04     00    000  -6.03  -1.79   2.03
2024      5     10     06     05     00    000  -6.02  -1.82   2.03
2024      5     10     06     06     00    000  -6.02  -1.84   2.03
2024      5     10     06     07     00    000  -6.01  -1.87   2.03
2024      5     10     06     08     00    000  -6.00  -1.90   2.03
2024      5     10     06     09     00    000  -5.99  -1.92   2.03
2024      5     10     06     10     00    000  -5.98  -1.95   2.03
2024      5     10     06     11     00    000  -5.97  -1.98   2.03
2024      5     10     06     12     00    000  -5.96  -2.00   2.03
2024      5     10     06     13     00    000  -5.96  -2.03   2.03
2024      5     10     06     14     00    000  -5.95  -2.05   2.03
2024      5     10     06     15     00    000  -5.94  -2.08   2.03
2024      5     10     06     16     00    000  -5.93  -2.11   2.03
2024      5     10     06     17     00    000  -5.92  -2.13   2.03
2024      5     10     06     18     00    000  -5.91  -2.16   2.03
2024      5     10     06     19     00    000  -5.90  -2.18   2.03
2024      5     10     06     20     00    000  -5.89  -2.21   2.03
2024      5     10     06     21     00    000  -5.88  -2.23   2.03
2024      5     10     06     22     00    000  -5.87  -2.26   2.03
2024      5     10     06     23     00    000  -5.86  -2.29   2.03
2024      5     10     06     24     00    000  -5.85  -2.31   2.03
2024      5     10     06     25     00    000  -5.84  -2.34   2.03
2024      5     10     06     26     00    000  -5.83  -2.36   2.03
2024      5     10     06     27     00    000  -5.82  -2.39   2.03
2024      5     10     06     28     00    000  -5.81  -2.41   2.03
2024      5     10     06     29     00    000  -5.80  -2.44   2.03
2024      5     10     06     30     00    000  -5.79  -2.46   2.03
2024      5     10     06     31     00    000  -5.78  -2.49   2.03
2024      5     10     06     32     00    000  -5.77  -2.51   2.03
2024      5     10     06     33     00    000  -5.75  -2.54   2.03
2024      5     10     06     34     00    000  -5.74  -2.57   2.03
2024      5     10     06     35     00    000  -5.73  -2.59   2.03
2024      5     10     06     36     00    000  -5.72  -2.62   2.03
2024      5     10     06     37     00    000  -5.71  -2.64   2.03
2024      5     10     06     38     00    000  -5.70  -2.67   2.03
2024      5     10     06     39     00    000  -5.69  -2.69   2.03
2024      5     10     06     40     00    000  -5.67  -2.72   2.03
2024      5     10     06     41     00    000  -5.66  -2.74   2.03
2024      5     10     06     42     00    000  -5.65  -2.77   2.03
2024      5     10     06     43     00    000  -5.64  -2.79   2.03
2024      5     10     06     44     00    000  -5.63  -2.81   2.03
2024      5     10     06     45     00    000  -5.61  -2.84   2.03
2024      5     10     06     46     00    000  -5.60  -2.86   2.03
2024      5     10     06     47     00    000  -5.59  -2.89   2.03
2024      5     10     06     48     00    000  -5.58  -2.91   2.03
2024      5     10     06     49     00    000  -5.56  -2.94   2.03
2024      5     10     06     50     00    000  -5.55  -2.96   2.03
2024      5     10     06     51     00    000  -5.54  -2.99   2.03
2024      5     10     06     52     00    000  -5.52  -3.01   2.03
2024      5     10     06     53     00    000  -5.51  -3.03   2.03
2024      5     10     06     54     00    000  -5.50  -3.06   2.03
2024      5     10     06     55     00    000  -5.48  -3.08   2.03
2024      5     10     06     56     00    000  -5.47  -3.11   2.03
2024      5     10     06     57     00    000  -5.46  -3.13   2.03
2024      5     10     06     58     00    000  -5.44  -3.16   2.03
2024      5     10     06     59     00    000  -5.43  -3.18   2.03
2024      5     10     07     00     00    000  -5.41  -3.20   2.03
2024      5     10     07     01     00    000  -5.40  -3.23   2.03
2024      5     10     07     02     00    000  -5.39  -3.25   2.03
2024      5     10     07     03     00    000  -5.37  -3.27   2.03
2024      5     10     07     04     00    000  -5.36  -3.30   2.03
2024      5     10     07     05     00    000  -5.34  -3.32   2.03
2024      5     10     07     06     00    000  -5.33  -3.35   2.03
2024      5     10     07     07     00    000  -5.31  -3.37   2.03
2024      5     10     07     08     00    000  -5.30  -3.39   2.03
2024      5     10     07     09     00    000  -5.28  -3.42   2.03
2024      5     10     07     10     00    000  -5.27  -3.44   2.03
2024      5     10     07     11     00    000  -5.25  -3.46   2.03
2024      5     10     07     12     00    000  -5.24  -3.49   2.03
2024      5     10     07     13     00    000  -5.22  -3.51   2.03
2024      5     10     07     14     00    000  -5.21  -3.53   2.03
2024      5     10     07     15     00    000  -5.19  -3.55   2.03
2024      5     10     07     16     00    000  -5.18  -3.58   2.03
2024      5     10     07     17     00    000  -5.16  -3.60   2.03
2024      5     10     07     18     00    000  -5.15  -3.62   2.03
2024      5     10     07     19     00    000  -5.13  -3.65   2.03
2024      5     10     07     20     00    000  -5.11  -3.67   2.03
2024      5     10     07     21     00    000  -5.10  -3.69   2.02
2024      5     10     07     22     00    000  -5.08  -3.71   2.02
2024      5     10     07     23     00    000  -5.06  -3.74   2.02
2024      5     10     07     24     00    000  -5.05  -3.76   2.02
2024      5     10     07     25     00    000  -5.03  -3.78   2.02
2024      5     10     07     26     00    000  -5.02  -3.80   2.02
2024      5     10     07     27     00    000  -5.00  -3.83   2.02
2024      5     10     07     28     00    000  -4.98  -3.85   2.02
2024      5     10     07     29     00    000  -4.96  -3.87   2.02
2024      5     10     07     30     00    000  -4.95  -3.89   2.02
2024      5     10     07     31     00    000  -4.93  -3.91   2.02
2024      5     10     07     32     00    000  -4.91  -3.94   2.02
2024      5     10     07     33     00    000  -4.90  -3.96   2.02
2024      5     10     07     34     00    000  -4.88  -3.98   2.02
2024      5     10     07     35     00    000  -4.86  -4.00   2.01
2024      5     10     07     36     00    000  -4.84  -4.02   2.01
2024      5     10     07     37     00    000  -4.83  -4.04   2.01
2024      5     10     07     38     00    000  -4.81  -4.07   2.01
2024      5     10     07     39     00    000  -4.79  -4.09   2.01
2024      5     10     07     40     00    000  -4.77  -4.11   2.01
2024      5     10     07     41     00    000  -4.76  -4.13   2.01
2024      5     10     07     42     00    000  -4.74  -4.15   2.01
2024      5     10     07     43     00    000  -4.72  -4.17   2.01
2024      5     10     07     44     00    000  -4.70  -4.19   2.01
2024      5     10     07     45     00    000  -4.68  -4.21   2.01
2024      5     10     07     46     00    000  -4.66  -4.23   2.00
2024      5     10     07     47     00    000  -4.65  -4.26   2.00
2024      5     10     07     48     00    000  -4.63  -4.28   2.00
2024      5     10     07     49     00    000  -4.61  -4.30   2.00
2024      5     10     07     50     00    000  -4.59  -4.32   2.00
2024      5     10     07     51     00    000  -4.57  -4.34   2.00
2024      5     10     07     52     00    000  -4.55  -4.36   2.00
2024      5     10     07     53     00    000  -4.53  -4.38   2.00
2024      5     10     07     54     00    000  -4.51  -4.40   2.00
2024      5     10     07     55     00    000  -4.49  -4.42   1.99
2024      5     10     07     56     00    000  -4.48  -4.44   1.99
2024      5     10     07     57     00    000  -4.46  -4.46   1.99
2024      5     10     07     58     00    000  -4.44  -4.48   1.99
2024      5     10     07     59     00    000  -4.42  -4.50   1.99
2024      5     10     08     00     00    000  -4.40  -4.52   1.99
2024      5     10     08     01     00    000  -4.38  -4.54   1.99
2024      5     10     08     02     00    000  -4.36  -4.56   1.98
2024      5     10     08     03     00    000  -4.34  -4.58   1.98
2024      5     10     08     04     00    000  -4.32  -4.60   1.98
2024      5     10     08     05     00    000  -4.30  -4.62   1.98
2024      5     10     08     06     00    000  -4.28  -4.64   1.98
2024      5     10     08     07     00    000  -4.26  -4.66   1.98
2024      5     10     08     08     00    000  -4.24  -4.67   1.97
2024      5     10     08     09     00    000  -4.22  -4.69   1.97
2024      5     10     08     10     00    000  -4.20  -4.71   1.97
2024      5     10     08     11     00    000  -4.18  -4.73   1.97
2024      5     10     08     12     00    000  -4.16  -4.75   1.97
2024      5     10     08     13     00    000  -4.13  -4.77   1.97
2024      5     10     08     14     00    000  -4.11  -4.79   1.96
2024      5     10     08     15     00    000  -4.09  -4.81   1.96
2024      5     10     08     16     00    000  -4.07  -4.82   1.96
2024      5     10     08     17     00    000  -4.05  -4.84   1.96
2024      5     10     08     18     00    000  -4.03  -4.86   1.96
2024      5     10     08     19     00    000  -4.01  -4.88   1.95
2024      5     10     08     20     00    000  -3.99  -4.90   1.95
2024      5     10     08     21     00    000  -3.97  -4.92   1.95
2024      5     10     08     22     00    000  -3.94  -4.93   1.95
2024      5     10     08     23     00    000  -3.92  -4.95   1.95
2024      5     10     08     24     00    000  -3.90  -4.97   1.94
2024      5     10     08     25     00    000  -3.88  -4.99   1.94
2024      5     10     08     26     00    000  -3.86  -5.01   1.94
2024      5     10     08     27     00    000  -3.84  -5.02   1.94
2024      5     10     08     28     00    000  -3.81  -5.04   1.94
2024      5     10     08     29     00    000  -3.79  -5.06   1.93
2024      5     10     08     30     00    000  -3.77  -5.07   1.93
2024      5     10     08     31     00    000  -3.75  -5.09   1.93
2024      5     10     08     32     00    000  -3.73  -5.11   1.93
2024      5     10     08     33     00    000  -3.70  -5.13   1.92
2024      5     10     08     34     00    000  -3.68  -5.14   1.92
2024      5     10     08     35     00    000  -3.66  -5.16   1.92
2024      5     10     08     36     00    000  -3.64  -5.18   1.92
2024      5     10     08     37     00    000  -3.62  -5.19   1.91
2024      5     10     08     38     00    000  -3.59  -5.21   1.91
2024      5     10     08     39     00    000  -3.57  -5.23   1.91
2024      5     10     08     40     00    000  -3.55  -5.24   1.91
2024      5     10     08     41     00    000  -3.52  -5.26   1.90
2024      5     10     08     42     00    000  -3.50  -5.28   1.90
2024      5     10     08     43     00    000  -3.48  -5.29   1.90
2024      5     10     08     44     00    000  -3.46  -5.31   1.89
2024      5     10     08     45     00    000  -3.43  -5.32   1.89
2024      5     10     08     46     00    000  -3.41  -5.34   1.89
2024      5     10     08     47     00    000  -3.39  -5.36   1.89
2024      5     10     08     48     00    000  -3.36  -5.37   1.88
2024      5     10     08     49     00    000  -3.34  -5.39   1.88
2024      5     10     08     50     00    000  -3.32  -5.40   1.88
2024      5     10     08     51     00    000  -3.29  -5.42   1.87
2024      5     10     08     52     00    000  -3.27  -5.43   1.87
2024      5     10     08     53     00    000  -3.25  -5.45   1.87
2024      5     10     08     54     00    000  -3.22  -5.46   1.86
2024      5     10     08     55     00    000  -3.20  -5.48   1.86
2024      5     10     08     56     00    000  -3.18  -5.49   1.86
2024      5     10     08     57     00    000  -3.15  -5.51   1.85
2024      5     10     08     58     00    000  -3.13  -5.52   1.85
2024      5     10     08     59     00    000  -3.10  -5.54   1.85
2024      5     10     09     00     00    000  -3.08  -5.55   1.84
2024      5     10     09     01     00    000  -3.06  -5.57   1.84
2024      5     10     09     02     00    000  -3.03  -5.58   1.84
2024      5     10     09     03     00    000  -3.01  -5.59   1.83
2024      5     10     09     04     00    000  -2.98  -5.61   1.83
2024      5     10     09     05     00    000  -2.96  -5.62   1.83
2024      5     10     09     06     00    000  -2.94  -5.64   1.82
2024      5     10     09     07     00    000  -2.91  -5.65   1.82
2024      5     10     09     08     00    000  -2.89  -5.66   1.81
2024      5     10     09     09     00    000  -2.86  -5.68   1.81
2024      5     10     09     10     00    000  -2.84  -5.69   1.81
2024      5     10     09     11     00    000  -2.81  -5.70   1.80
2024      5     10     09     12     00    000  -2.79  -5.72   1.80
2024      5     10     09     13     00    000  -2.76  -5.73   1.80
2024      5     10     09     14     00    000  -2.74  -5.74   1.79
2024      5     10     09     15     00    000  -2.71  -5.76   1.79
2024      5     10     09     16     00    000  -2.69  -5.77   1.78
2024      5     10     09     17     00    000  -2.66  -5.78   1.78
2024      5     10     09     18     00    000  -2.64  -5.80   1.77
2024      5     10     09     19     00    000  -2.62  -5.81   1.77
2024      5     10     09     20     00    000  -2.59  -5.82   1.77
2024      5     10     09     21     00    000  -2.56  -5.83   1.76
2024      5     10     09     22     00    000  -2.54  -5.84   1.76
2024      5     10     09     23     00    000  -2.51  -5.86   1.75
2024      5     10     09     24     00    000  -2.49  -5.87   1.75
2024      5     10     09     25     00    000  -2.46  -5.88   1.74
2024      5     10     09     26     00    000  -2.44  -5.89   1.74
2024      5     10     09     27     00    000  -2.41  -5.90   1.74
2024      5     10     09     28     00    000  -2.39  -5.92   1.73
2024      5     10     09     29     00    000  -2.36  -5.93   1.73
2024      5     10     09     30     00    000  -2.34  -5.94   1.72
2024      5     10     09     31     00    000  -2.31  -5.95   1.72
2024      5     10     09     32     00    000  -2.29  -5.96   1.71
2024      5     10     09     33     00    000  -2.26  -5.97   1.71
2024      5     10     09     34     00    000  -2.23  -5.98   1.70
2024      5     10     09     35     00    000  -2.21  -6.00   1.70
2024      5     10     09     36     00    000  -2.18  -6.01   1.69
2024      5     10     09     37     00    000  -2.16  -6.02   1.69
2024      5     10     09     38     00    000  -2.13  -6.03   1.68
2024      5     10     09     39     00    000  -2.11  -6.04   1.68
2024      5     10     09     40     00    000  -2.08  -6.05   1.67
2024      5     10     09     41     00    000  -2.05  -6.06   1.67
2024      5     10     09     42     00    000  -2.03  -6.07   1.66
2024      5     10     09     43     00    000  -2.00  -6.08   1.66
2024      5     10     09     44     00    000  -1.98  -6.09   1.65
2024      5     10     09     45     00    000  -1.95  -6.10   1.65
2024      5     10     09     46     00    000  -1.92  -6.11   1.64
2024      5     10     09     47     00    000  -1.90  -6.12   1.63
2024      5     10     09     48     00    000  -1.87  -6.13   1.63
2024      5     10     09     49     00    000  -1.85  -6.14   1.62
2024      5     10     09     50     00    000  -1.82  -6.15   1.62
2024      5     10     09     51     00    000  -1.79  -6.16   1.61
2024      5     10     09     52     00    000  -1.77  -6.16   1.61
2024      5     10     09     53     00    000  -1.74  -6.17   1.60
2024      5     10     09     54     00    000  -1.71  -6.18   1.60
2024      5     10     09     55     00    000  -1.69  -6.19   1.59
2024      5     10     09     56     00    000  -1.66  -6.20   1.58
2024      5     10     09     57     00    000  -1.63  -6.21   1.58
2024      5     10     09     58     00    000  -1.61  -6.22   1.57
2024      5     10     09     59     00    000  -1.58  -6.22   1.57
2024      5     10     10     00     00    000  -1.55  -6.23   1.56
2024      5     10     10     01     00    000  -1.53  -6.24   1.55
2024      5     10     10     02     00    000  -1.50  -6.25   1.55
2024      5     10     10     03     00    000  -1.47  -6.26   1.54
2024      5     10     10     04     00    000  -1.45  -6.26   1.54
2024      5     10     10     05     00    000  -1.42  -6.27   1.53
2024      5     10     10     06     00    000  -1.39  -6.28   1.52
2024      5     10     10     07     00    000  -1.37  -6.29   1.52
2024      5     10     10     08     00    000  -1.34  -6.29   1.51
2024      5     10     10     09     00    000  -1.31  -6.30   1.50
2024      5     10     10     10     00    000  -1.29  -6.31   1.50
2024      5     10     10     11     00    000  -1.26  -6.32   1.49
2024      5     10     10     12     00    000  -1.23  -6.32   1.48
2024      5     10     10     13     00    000  -1.21  -6.33   1.48
2024      5     10     10     14     00    000  -1.18  -6.34   1.47
2024      5     10     10     15     00    000  -1.15  -6.34   1.46
2024      5     10     10     16     00    000  -1.12  -6.35   1.46
2024      5     10     10     17     00    000  -1.10  -6.36   1.45
2024      5     10     10     18     00    000  -1.07  -6.36   1.44
2024      5     10     10     19     00    000  -1.04  -6.37   1.44
2024      5     10     10     20     00    000  -1.02  -6.37   1.43
2024      5     10     10     21     00    000  -0.99  -6.38   1.42
2024      5     10     10     22     00    000  -0.96  -6.39   1.42
2024      5     10     10     23     00    000  -0.93  -6.39   1.41
2024      5     10     10     24     00    000  -0.91  -6.40   1.40
2024      5     10     10     25     00    000  -0.88  -6.40   1.39
2024      5     10     10     26     00    000  -0.85  -6.41   1.39
2024      5     10     10     27     00    000  -0.83  -6.41   1.38
2024      5     10     10     28     00    000  -0.80  -6.42   1.37
2024      5     10     10     29     00    000  -0.77  -6.42   1.37
2024      5     10     10     30     00    000  -0.74  -6.43   1.36
2024      5     10     10     31     00    000  -0.72  -6.43   1.35
2024      5     10     10     32     00    000  -0.69  -6.44   1.34
2024      5     10     10     33     00    000  -0.66  -6.44   1.34
2024      5     10     10     34     00    000  -0.64  -6.44   1.33
2024      5     10     10     35     00    000  -0.61  -6.45   1.32
2024      5     10     10     36     00    000  -0.58  -6.45   1.31
2024      5     10     10     37     00    000  -0.55  -6.46   1.30
2024      5     10     10     38     00    000  -0.53  -6.46   1.30
2024      5     10     10     39     00    000  -0.50  -6.46   1.29
2024      5     10     10     40     00    000  -0.47  -6.47   1.28
2024      5     10     10     41     00    000  -0.44  -6.47   1.27
2024      5     10     10     42     00    000  -0.42  -6.48   1.27
2024      5     10     10     43     00    000  -0.39  -6.48   1.26
2024      5     10     10     44     00    000  -0.36  -6.48   1.25
2024      5     10     10     45     00    000  -0.33  -6.48   1.24
2024      5     10     10     46     00    000  -0.31  -6.49   1.23
2024      5     10     10     47     00    000  -0.28  -6.49   1.23
2024      5     10     10     48     00    000  -0.25  -6.49   1.22
2024      5     10     10     49     00    000  -0.22  -6.50   1.21
2024      5     10     10     50     00    000  -0.20  -6.50   1.20
2024      5     10     10     51     00    000  -0.17  -6.50   1.19
2024      5     10     10     52     00    000  -0.14  -6.50   1.18
2024      5     10     10     53     00    000  -0.11  -6.50   1.18
2024      5     10     10     54     00    000  -0.09  -6.51   1.17
2024      5     10     10     55     00    000  -0.06  -6.51   1.16
2024      5     10     10     56     00    000  -0.03  -6.51   1.15
2024      5     10     10     57     00    000  -0.00  -6.51   1.14
2024      5     10     10     58     00    000   0.02  -6.51   1.13
2024      5     10     10     59     00    000   0.05  -6.51   1.12
2024      5     10     11     00     00    000   0.08  -6.52   1.12
2024      5     10     11     01     00    000   0.11  -6.52   1.11
2024      5     10     11     02     00    000   0.13  -6.52   1.10
2024      5     10     11     03     00    000   0.16  -6.52   1.09
2024      5     10     11     04     00    000   0.19  -6.52   1.08
2024      5     10     11     05     00    000   0.22  -6.52   1.07
2024      5     10     11     06     00    000   0.24  -6.52   1.06
2024      5     10     11     07     00    000   0.27  -6.52   1.05
2024      5     10     11     08     00    000   0.30  -6.52   1.04
2024      5     10     11     09     00    000   0.33  -6.52   1.03
2024      5     10     11     10     00    000   0.35  -6.52   1.03
2024      5     10     11     11     00    000   0.38  -6.52   1.02
2024      5     10     11     12     00    000   0.41  -6.52   1.01
2024      5     10     11     13     00    000   0.43  -6.52   1.00
2024      5     10     11     14     00    000   0.46  -6.52   0.99
2024      5     10     11     15     00    000   0.49  -6.52   0.98
2024      5     10     11     16     00    000   0.52  -6.52   0.97
2024      5     10     11     17     00    000   0.54  -6.52   0.96
2024      5     10     11     18     00    000   0.57  -6.52   0.95
2024      5     10     11     19     00    000   0.60  -6.52   0.94
2024      5     10     11     20     00    000   0.63  -6.51   0.93
2024      5     10     11     21     00    000   0.65  -6.51   0.92
2024      5     10     11     22     00    000   0.68  -6.51   0.91
2024      5     10     11     23     00    000   0.71  -6.51   0.90
2024      5     10     11     24     00    000   0.74  -6.51   0.89
2024      5     10     11     25     00    000   0.76  -6.51   0.88
2024      5     10     11     26     00    000   0.79  -6.50   0.87
2024      5     10     11     27     00    000   0.82  -6.50   0.86
2024      5     10     11     28     00    000   0.84  -6.50   0.85
2024      5     10     11     29     00    000   0.87  -6.50   0.84
2024      5     10     11     30     00    000   0.90  -6.50   0.83
2024      5     10     11     31     00    000   0.93  -6.49   0.82
2024      5     10     11     32     00    000   0.95  -6.49   0.81
2024      5     10     11     33     00    000   0.98  -6.49   0.80
2024      5     10     11     34     00    000   1.01  -6.48   0.79
2024      5     10     11     35     00    000   1.03  -6.48   0.78
2024      5     10     11     36     00    000   1.06  -6.48   0.77
2024      5     10     11     37     00    000   1.09  -6.48   0.76
2024      5     10     11     38     00    000   1.12  -6.47   0.75
2024      5     10     11     39     00    000   1.14  -6.47   0.74
2024      5     10     11     40     00    000   1.17  -6.46   0.73
2024      5     10     11     41     00    000   1.20  -6.46   0.72
2024      5     10     11     42     00    000   1.22  -6.46   0.71
2024      5     10     11     43     00    000   1.25  -6.45   0.70
2024      5     10     11     44     00    000   1.28  -6.45   0.69
2024      5     10     11     45     00    000   1.30  -6.44   0.68
2024      5     10     11     46     00    000   1.33  -6.44   0.67
2024      5     10     11     47     00    000   1.36  -6.44   0.66
2024      5     10     11     48     00    000   1.39  -6.43   0.65
2024      5     10     11     49     00    000   1.41  -6.43   0.64
2024      5     10     11     50     00    000   1.44  -6.42   0.63
2024      5     10     11     51     00    000   1.47  -6.42   0.62
2024      5     10     11     52     00    000   1.49  -6.41   0.61
2024      5     10     11     53     00    000   1.52  -6.41   0.60
2024      5     10     11     54     00    000   1.55  -6.40   0.59
2024      5     10     11     55     00    000   1.57  -6.40   0.58
2024      5     10     11     56     00    000   1.60  -6.39   0.56
2024      5     10     11     57     00    000   1.63  -6.38   0.55
2024      5     10     11     58     00    000   1.65  -6.38   0.54
2024      5     10     11     59     00    000   1.68  -6.37   0.53
2024      5     10     12     00     00    000   1.70  -6.37   0.52
2024      5     10     12     01     00    000   1.73  -6.36   0.51
2024      5     10     12     02     00    000   1.76  -6.35   0.50
2024      5     10     12     03     00    000   1.78  -6.35   0.49
2024      5     10     12     04     00    000   1.81  -6.34   0.48
2024      5     10     12     05     00    000   1.84  -6.33   0.47
2024      5     10     12     06     00    000   1.86  -6.33   0.45
2024      5     10     12     07     00    000   1.89  -6.32   0.44
2024      5     10     12     08     00    000   1.91  -6.31   0.43
2024      5     10     12     09     00    000   1.94  -6.31   0.42
2024      5     10     12     10     00    000   1.97  -6.30   0.41
2024      5     10     12     11     00    000   1.99  -6.29   0.40
2024      5     10     12     12     00    000   2.02  -6.28   0.39
2024      5     10     12     13     00    000   2.05  -6.27   0.38
2024      5     10     12     14     00    000   2.07  -6.27   0.37
2024      5     10     12     15     00    000   2.10  -6.26   0.35
2024      5     10     12     16     00    000   2.12  -6.25   0.34
2024      5     10     12     17     00    000   2.15  -6.24   0.33
2024      5     10     12     18     00    000   2.17  -6.23   0.32
2024      5     10     12     19     00    000   2.20  -6.23   0.31
2024      5     10     12     20     00    000   2.23  -6.22   0.30
2024      5     10     12     21     00    000   2.25  -6.21   0.29
2024      5     10     12     22     00    000   2.28  -6.20   0.27
2024      5     10     12     23     00    000   2.30  -6.19   0.26
2024      5     10     12     24     00    000   2.33  -6.18   0.25
2024      5     10     12     25     00    000   2.35  -6.17   0.24
2024      5     10     12     26     00    000   2.38  -6.16   0.23
2024      5     10     12     27     00    000   2.40  -6.15   0.22
2024      5     10     12     28     00    000   2.43  -6.14   0.21
2024      5     10     12     29     00    000   2.46  -6.13   0.19
2024      5     10     12     30     00    000   2.48  -6.12   0.18
2024      5     10     12     31     00    000   2.51  -6.11   0.17
2024      5     10     12     32     00    000   2.53  -6.10   0.16
2024      5     10     12     33     00    000   2.56  -6.09   0.15
2024      5     10     12     34     00    000   2.58  -6.08   0.14
2024      5     10     12     35     00    000   2.61  -6.07   0.12
2024      5     10     12     36     00    000   2.63  -6.06   0.11
2024      5     10     12     37     00    000   2.66  -6.05   0.10
2024      5     10     12     38     00    000   2.68  -6.04   0.09
2024      5     10     12     39     00    000   2.71  -6.03   0.08
2024      5     10     12     40     00    000   2.73  -6.02   0.06
2024      5     10     12     41     00    000   2.76  -6.01   0.05
2024      5     10     12     42     00    000   2.78  -6.00   0.04
2024      5     10     12     43     00    000   2.80  -5.99   0.03
2024      5     10     12     44     00    000   2.83  -5.97   0.02
2024      5     10     12     45     00    000   2.85  -5.96   0.01
2024      5     10     12     46     00    000   2.88  -5.95  -0.01
2024      5     10     12     47     00    000   2.90  -5.94  -0.02
2024      5     10     12     48     00    000   2.93  -5.93  -0.03
2024      5     10     12     49     00    000   2.95  -5.91  -0.04
2024      5     10     12     50     00    000   2.98  -5.90  -0.05
2024      5     10     12     51     00    000   3.00  -5.89  -0.07
2024      5     10     12     52     00    000   3.02  -5.88  -0.08
2024      5     10     12     53     00    000   3.05  -5.87  -0.09
2024      5     10     12     54     00    000   3.07  -5.85  -0.10
2024      5     10     12     55     00    000   3.10  -5.84  -0.11
2024      5     10     12     56     00    000   3.12  -5.83  -0.12
2024      5     10     12     57     00    000   3.14  -5.81  -0.14
2024      5     10     12     58     00    000   3.17  -5.80  -0.15
2024      5     10     12     59     00    000   3.19  -5.79  -0.16
2024      5     10     13     00     00    000   3.21  -5.77  -0.17
2024      5     10     13     01     00    000   3.24  -5.76  -0.18
2024      5     10     13     02     00    000   3.26  -5.75  -0.20
2024      5     10     13     03     00    000   3.29  -5.73  -0.21
2024      5     10     13     04     00    000   3.31  -5.72  -0.22
2024      5     10     13     05     00    000   3.33  -5.70  -0.23
2024      5     10     13     06     00    000   3.36  -5.69  -0.24
2024      5     10     13     07     00    000   3.38  -5.68  -0.26
2024      5     10     13     08     00    000   3.40  -5.66  -0.27
2024      5     10     13     09     00    000   3.42  -5.65  -0.28
2024      5     10     13     10     00    000   3.45  -5.63  -0.29
2024      5     10     13     11     00    000   3.47  -5.62  -0.30
2024      5     10     13     12     00    000   3.49  -5.60  -0.32
2024      5     10     13     13     00    000   3.52  -5.59  -0.33
2024      5     10     13     14     00    000   3.54  -5.57  -0.34
2024      5     10     13     15     00    000   3.56  -5.56  -0.35
2024      5     10     13     16     00    000   3.58  -5.54  -0.36
2024      5     10     13     17     00    000   3.61  -5.53  -0.38
2024      5     10     13     18     00    000   3.63  -5.51  -0.39
2024      5     10     13     19     00    000   3.65  -5.50  -0.40
2024      5     10     13     20     00    000   3.67  -5.48  -0.41
2024      5     10     13     21     00    000   3.70  -5.46  -0.42
2024      5     10     13     22     00    000   3.72  -5.45  -0.44
2024      5     10     13     23     00    000   3.74  -5.43  -0.45
2024      5     10     13     24     00    000   3.76  -5.42  -0.46
2024      5     10     13     25     00    000   3.78  -5.40  -0.47
2024      5     10     13     26     00    000   3.81  -5.38  -0.48
2024      5     10     13     27     00    000   3.83  -5.37  -0.50
2024      5     10     13     28     00    000   3.85  -5.35  -0.51
2024      5     10     13     29     00    000   3.87  -5.33  -0.52
2024      5     10     13     30     00    000   3.89  -5.32  -0.53
2024      5     10     13     31     00    000   3.92  -5.30  -0.54
2024      5     10     13     32     00    000   3.94  -5.28  -0.55
2024      5     10     13     33     00    000   3.96  -5.26  -0.57
2024      5     10     13     34     00    000   3.98  -5.25  -0.58
2024      5     10     13     35     00    000   4.00  -5.23  -0.59
2024      5     10     13     36     00    000   4.02  -5.21  -0.60
2024      5     10     13     37     00    000   4.04  -5.19  -0.61
2024      5     10     13     38     00    000   4.06  -5.18  -0.63
2024      5     10     13     39     00    000   4.08  -5.16  -0.64
2024      5     10     13     40     00    000   4.11  -5.14  -0.65
2024      5     10     13     41     00    000   4.13  -5.12  -0.66
2024      5     10     13     42     00    000   4.15  -5.10  -0.67
2024      5     10     13     43     00    000   4.17  -5.09  -0.68
2024      5     10     13     44     00    000   4.19  -5.07  -0.70
2024      5     10     13     45     00    000   4.21  -5.05  -0.71
2024      5     10     13     46     00    000   4.23  -5.03  -0.72
2024      5     10     13     47     00    000   4.25  -5.01  -0.73
2024      5     10     13     48     00    000   4.27  -4.99  -0.74
2024      5     10     13     49     00    000   4.29  -4.97  -0.75
2024      5     10     13     50     00    000   4.31  -4.95  -0.76
2024      5     10     13     51     00    000   4.33  -4.93  -0.78
2024      5     10     13     52     00    000   4.35  -4.92  -0.79
2024      5     10     13     53     00    000   4.37  -4.90  -0.80
2024      5     10     13     54     00    000   4.39  -4.88  -0.81
2024      5     10     13     55     00    000   4.41  -4.86  -0.82
2024      5     10     13     56     00    000   4.43  -4.84  -0.83
2024      5     10     13     57     00    000   4.45  -4.82  -0.85
2024      5     10     13     58     00    000   4.47  -4.80  -0.86
2024      5     10     13     59     00    000   4.49  -4.78  -0.87
2024      5     10     14     00     00    000   4.51  -4.76  -0.88
2024      5     10     14     01     00    000   4.52  -4.74  -0.89
2024      5     10     14     02     00    000   4.54  -4.72  -0.90
2024      5     10     14     03     00    000   4.56  -4.70  -0.91
2024      5     10     14     04     00    000   4.58  -4.67  -0.92
2024      5     10     14     05     00    000   4.60  -4.65  -0.94
2024      5     10     14     06     00    000   4.62  -4.63  -0.95
2024      5     10     14     07     00    000   4.64  -4.61  -0.96
2024      5     10     14     08     00    000   4.66  -4.59  -0.97
2024      5     10     14     09     00    000   4.67  -4.57  -0.98
2024      5     10     14     10     00    000   4.69  -4.55  -0.99
2024      5     10     14     11     00    000   4.71  -4.53  -1.00
2024      5     10     14     12     00    000   4.73  -4.51  -1.01
2024      5     10     14     13     00    000   4.75  -4.48  -1.02
2024      5     10     14     14     00    000   4.77  -4.46  -1.03
2024      5     10     14     15     00    000   4.78  -4.44  -1.05
2024      5     10     14     16     00    000   4.80  -4.42  -1.06
2024      5     10     14     17     00    000   4.82  -4.40  -1.07
2024      5     10     14     18     00    000   4.84  -4.38  -1.08
2024      5     10     14     19     00    000   4.85  -4.35  -1.09
2024      5     10     14     20     00    000   4.87  -4.33  -1.10
2024      5     10     14     21     00    000   4.89  -4.31  -1.11
2024      5     10     14     22     00    000   4.91  -4.29  -1.12
2024      5     10     14     23     00    000   4.92  -4.26  -1.13
2024      5     10     14     24     00    000   4.94  -4.24  -1.14
2024      5     10     14     25     00    000   4.96  -4.22  -1.15
2024      5     10     14     26     00    000   4.97  -4.20  -1.16
2024      5     10     14     27     00    000   4.99  -4.17  -1.17
2024      5     10     14     28     00    000   5.01  -4.15  -1.18
2024      5     10     14     29     00    000   5.02  -4.13  -1.19
2024      5     10     14     30     00    000   5.04  -4.10  -1.20
2024      5     10     14     31     00    000   5.06  -4.08  -1.21
2024      5     10     14     32     00    000   5.07  -4.06  -1.22
2024      5     10     14     33     00    000   5.09  -4.03  -1.23
2024      5     10     14     34     00    000   5.11  -4.01  -1.24
2024      5     10     14     35     00    000   5.12  -3.99  -1.25
2024      5     10     14     36     00    000   5.14  -3.96  -1.26
2024      5     10     14     37     00    000   5.15  -3.94  -1.27
2024      5     10     14     38     00    000   5.17  -3.92  -1.28
2024      5     10     14     39     00    000   5.18  -3.89  -1.29
2024      5     10     14     40     00    000   5.20  -3.87  -1.30
2024      5     10     14     41     00    000   5.22  -3.84  -1.31
2024      5     10     14     42     00    000   5.23  -3.82  -1.32
2024      5     10     14     43     00    000   5.25  -3.79  -1.33
2024      5     10     14     44     00    000   5.26  -3.77  -1.34
2024      5     10     14     45     00    000   5.28  -3.75  -1.35
2024      5     10     14     46     00    000   5.29  -3.72  -1.36
2024      5     10     14     47     00    000   5.31  -3.70  -1.37
2024      5     10     14     48     00    000   5.32  -3.67  -1.38
2024      5     10     14     49     00    000   5.34  -3.65  -1.39
2024      5     10     14     50     00    000   5.35  -3.62  -1.40
2024      5     10     14     51     00    000   5.36  -3.60  -1.41
2024      5     10     14     52     00    000   5.38  -3.57  -1.42
2024      5     10     14     53     00    000   5.39  -3.55  -1.43
2024      5     10     14     54     00    000   5.41  -3.52  -1.44
2024      5     10     14     55     00    000   5.42  -3.50  -1.45
2024      5     10     14     56     00    000   5.43  -3.47  -1.45
2024      5     10     14     57     00    000   5.45  -3.45  -1.46
2024      5     10     14     58     00    000   5.46  -3.42  -1.47
2024      5     10     14     59     00    000   5.48  -3.39  -1.48
2024      5     10     15     00     00    000   5.49  -3.37  -1.49
2024      5     10     15     01     00    000   5.50  -3.34  -1.50
2024      5     10     15     02     00    000   5.52  -3.32  -1.51
2024      5     10     15     03     00    000   5.53  -3.29  -1.52
2024      5     10     15     04     00    000   5.54  -3.26  -1.52
2024      5     10     15     05     00    000   5.56  -3.24  -1.53
2024      5     10     15     06     00    000   5.57  -3.21  -1.54
2024      5     10     15     07     00    000   5.58  -3.19  -1.55
2024      5     10     15     08     00    000   5.59  -3.16  -1.56
2024      5     10     15     09     00    000   5.61  -3.13  -1.57
2024      5     10     15     10     00    000   5.62  -3.11  -1.57
2024      5     10     15     11     00    000   5.63  -3.08  -1.58
2024      5     10     15     12     00    000   5.64  -3.05  -1.59
2024      5     10     15     13     00    000   5.65  -3.03  -1.60
2024      5     10     15     14     00    000   5.67  -3.00  -1.61
2024      5     10     15     15     00    000   5.68  -2.97  -1.61
2024      5     10     15     16     00    000   5.69  -2.95  -1.62
2024      5     10     15     17     00    000   5.70  -2.92  -1.63
2024      5     10     15     18     00    000   5.71  -2.89  -1.64
2024      5     10     15     19     00    000   5.73  -2.87  -1.65
2024      5     10     15     20     00    000   5.74  -2.84  -1.65
2024      5     10     15     21     00    000   5.75  -2.81  -1.66
2024      5     10     15     22     00    000   5.76  -2.78  -1.67
2024      5     10     15     23     00    000   5.77  -2.76  -1.67
2024      5     10     15     24     00    000   5.78  -2.73  -1.68
2024      5     10     15     25     00    000   5.79  -2.70  -1.69
2024      5     10     15     26     00    000   5.80  -2.67  -1.70
2024      5     10     15     27     00    000   5.81  -2.65  -1.70
2024      5     10     15     28     00    000   5.82  -2.62  -1.71
2024      5     10     15     29     00    000   5.83  -2.59  -1.72
2024      5     10     15     30     00    000   5.84  -2.56  -1.72
2024      5     10     15     31     00    000   5.85  -2.54  -1.73
2024      5     10     15     32     00    000   5.86  -2.51  -1.74
2024      5     10     15     33     00    000   5.87  -2.48  -1.74
2024      5     10     15     34     00    000   5.88  -2.45  -1.75
2024      5     10     15     35     00    000   5.89  -2.42  -1.76
2024      5     10     15     36     00    000   5.90  -2.40  -1.76
2024      5     10     15     37     00    000   5.91  -2.37  -1.77
2024      5     10     15     38     00    000   5.92  -2.34  -1.78
2024      5     10     15     39     00    000   5.93  -2.31  -1.78
2024      5     10     15     40     00    000   5.94  -2.28  -1.79
2024      5     10     15     41     00    000   5.95  -2.25  -1.80
2024      5     10     15     42     00    000   5.96  -2.23  -1.80
2024      5     10     15     43     00    000   5.97  -2.20  -1.81
2024      5     10     15     44     00    000   5.98  -2.17  -1.81
2024      5     10     15     45     00    000   5.98  -2.14  -1.82
2024      5     10     15     46     00    000   5.99  -2.11  -1.82
2024      5     10     15     47     00    000   6.00  -2.08  -1.83
2024      5     10     15     48     00    000   6.01  -2.05  -1.84
2024      5     10     15     49     00    000   6.02  -2.02  -1.84
2024      5     10     15     50     00    000   6.03  -2.00  -1.85
2024      5     10     15     51     00    000   6.03  -1.97  -1.85
2024      5     10     15     52     00    000   6.04  -1.94  -1.86
2024      5     10     15     53     00    000   6.05  -1.91  -1.86
2024      5     10     15     54     00    000   6.06  -1.88  -1.87
2024      5     10     15     55     00    000   6.06  -1.85  -1.87
2024      5     10     15     56     00    000   6.07  -1.82  -1.88
2024      5     10     15     57     00    000   6.08  -1.79  -1.88
2024      5     10     15     58     00    000   6.09  -1.76  -1.89
2024      5     10     15     59     00    000   6.09  -1.73  -1.89
2024      5     10     16     00     00    000   6.10  -1.70  -1.90
2024      5     10     16     01     00    000   6.11  -1.68  -1.90
2024      5     10     16     02     00    000   6.11  -1.65  -1.91
2024      5     10     16     03     00    000   6.12  -1.62  -1.91
2024      5     10     16     04     00    000   6.12  -1.59  -1.91
2024      5     10     16     05     00    000   6.13  -1.56  -1.92
2024      5     10     16     06     00    000   6.14  -1.53  -1.92
2024      5     10     16     07     00    000   6.14  -1.50  -1.93
2024      5     10     16     08     00    000   6.15  -1.47  -1.93
2024      5     10     16     09     00    000   6.16  -1.44  -1.93
2024      5     10     16     10     00    000   6.16  -1.41  -1.94
2024      5     10     16     11     00    000   6.17  -1.38  -1.94
2024      5     10     16     12     00    000   6.17  -1.35  -1.95
2024      5     10     16     13     00    000   6.18  -1.32  -1.95
2024      5     10     16     14     00    000   6.18  -1.29  -1.95
2024      5     10     16     15     00    000   6.19  -1.26  -1.96
2024      5     10     16     16     00    000   6.19  -1.23  -1.96
2024      5     10     16     17     00    000   6.20  -1.20  -1.96
2024      5     10     16     18     00    000   6.20  -1.17  -1.97
2024      5     10     16     19     00    000   6.21  -1.14  -1.97
2024      5     10     16     20     00    000   6.21  -1.11  -1.97
2024      5     10     16     21     00    000   6.22  -1.08  -1.98
2024      5     10     16     22     00    000   6.22  -1.05  -1.98
2024      5     10     16     23     00    000   6.22  -1.02  -1.98
2024      5     10     16     24     00    000   6.23  -0.99  -1.98
2024      5     10     16     25     00    000   6.23  -0.96  -1.99
2024      5     10     16     26     00    000   6.24  -0.93  -1.99
2024      5     10     16     27     00    000   6.24  -0.90  -1.99
2024      5     10     16     28     00    000   6.24  -0.87  -1.99
2024      5     10     16     29     00    000   6.25  -0.84  -2.00
2024      5     10     16     30     00    000   6.25  -0.81  -2.00
2024      5     10     16     31     00    000   6.25  -0.78  -2.00
2024      5     10     16     32     00    000   6.26  -0.75  -2.00
2024      5     10     16     33     00    000   6.26  -0.72  -2.00
2024      5     10     16     34     00    000   6.26  -0.69  -2.01
2024      5     10     16     35     00    000   6.26  -0.66  -2.01
2024      5     10     16     36     00    000   6.27  -0.63  -2.01
2024      5     10     16     37     00    000   6.27  -0.60  -2.01
2024      5     10     16     38     00    000   6.27  -0.57  -2.01
2024      5     10     16     39     00    000   6.27  -0.54  -2.01
2024      5     10     16     40     00    000   6.28  -0.51  -2.01
2024      5     10     16     41     00    000   6.28  -0.48  -2.02
2024      5     10     16     42     00    000   6.28  -0.45  -2.02
2024      5     10     16     43     00    000   6.28  -0.42  -2.02
2024      5     10     16     44     00    000   6.28  -0.39  -2.02
2024      5     10     16     45     00    000   6.28  -0.35  -2.02
2024      5     10     16     46     00    000   6.29  -0.32  -2.02
2024      5     10     16     47     00    000   6.29  -0.29  -2.02
2024      5     10     16     48     00    000   6.29  -0.26  -2.02
2024      5     10     16     49     00    000   6.29  -0.23  -2.02
2024      5     10     16     50     00    000   6.29  -0.20  -2.02
2024      5     10     16     51     00    000   6.29  -0.17  -2.02
2024      5     10     16     52     00    000   6.29  -0.14  -2.02
2024      5     10     16     53     00    000   6.29  -0.11  -2.02
2024      5     10     16     54     00    000   6.29  -0.08  -2.02
2024      5     10     16     55     00    000   6.29  -0.05  -2.02
2024      5     10     16     56     00    000   6.29  -0.02  -2.02
2024      5     10     16     57     00    000   6.29   0.01  -2.02
2024      5     10     16     58     00    000   6.29   0.04  -2.02
2024      5     10     16     59     00    000   6.29   0.07  -2.02
2024      5     10     17     00     00    000   6.29   0.10  -2.02
2024      5     10     17     01     00    000   6.29   0.13  -2.02
2024      5     10     17     02     00    000   6.29   0.16  -2.02
2024      5     10     17     03     00    000   6.29   0.19  -2.02
2024      5     10     17     04     00    000   6.29   0.22  -2.02
2024      5     10     17     05     00    000   6.29   0.25  -2.02
2024      5     10     17     06     00    000   6.29   0.28  -2.02
2024      5     10     17     07     00    000   6.29   0.32  -2.02
2024      5     10     17     08     00    000   6.29   0.35  -2.02
2024      5     10     17     09     00    000   6.28   0.38  -2.02
2024      5     10     17     10     00    000   6.28   0.41  -2.01
2024      5     10     17     11     00    000   6.28   0.44  -2.01
2024      5     10     17     12     00    000   6.28   0.47  -2.01
2024      5     10     17     13     00    000   6.28   0.50  -2.01
2024      5     10     17     14     00    000   6.28   0.53  -2.01
2024      5     10     17     15     00    000   6.27   0.56  -2.01
2024      5     10     17     16     00    000   6.27   0.59  -2.01
2024      5     10     17     17     00    000   6.27   0.62  -2.00
2024      5     10     17     18     00    000   6.27   0.65  -2.00
2024      5     10     17     19     00    000   6.26   0.68  -2.00
2024      5     10     17     20     00    000   6.26   0.71  -2.00
2024      5     10     17     21     00    000   6.26   0.74  -1.99
2024      5     10     17     22     00    000   6.26   0.77  -1.99
2024      5     10     17     23     00    000   6.25   0.80  -1.99
2024      5     10     17     24     00    000   6.25   0.83  -1.99
2024      5     10     17     25     00    000   6.25   0.86  -1.99
2024      5     10     17     26     00    000   6.24   0.89  -1.98
2024      5     10     17     27     00    000   6.24   0.92  -1.98
2024      5     10     17     28     00    000   6.24   0.95  -1.98
2024      5     10     17     29     00    000   6.23   0.98  -1.97
2024      5     10     17     30     00    000   6.23   1.01  -1.97
2024      5     10     17     31     00    000   6.22   1.04  -1.97
2024      5     10     17     32     00    000   6.22   1.07  -1.97
2024      5     10     17     33     00    000   6.22   1.10  -1.96
2024      5     10     17     34     00    000   6.21   1.13  -1.96
2024      5     10     17     35     00    000   6.21   1.16  -1.96
2024      5     10     17     36     00    000   6.20   1.19  -1.95
2024      5     10     17     37     00    000   6.20   1.22  -1.95
2024      5     10     17     38     00    000   6.19   1.25  -1.94
2024      5     10     17     39     00    000   6.19   1.28  -1.94
2024      5     10     17     40     00    000   6.18   1.31  -1.94
2024      5     10     17     41     00    000   6.18   1.34  -1.93
2024      5     10     17     42     00    000   6.17   1.37  -1.93
2024      5     10     17     43     00    000   6.17   1.40  -1.93
2024      5     10     17     44     00    000   6.16   1.43  -1.92
2024      5     10     17     45     00    000   6.16   1.46  -1.92
2024      5     10     17     46     00    000   6.15   1.49  -1.91
2024      5     10     17     47     00    000   6.14   1.52  -1.91
2024      5     10     17     48     00    000   6.14   1.55  -1.90
2024      5     10     17     49     00    000   6.13   1.58  -1.90
2024      5     10     17     50     00    000   6.13   1.61  -1.90
2024      5     10     17     51     00    000   6.12   1.64  -1.89
2024      5     10     17     52     00    000   6.11   1.66  -1.89
2024      5     10     17     53     00    000   6.11   1.69  -1.88
2024      5     10     17     54     00    000   6.10   1.72  -1.88
2024      5     10     17     55     00    000   6.09   1.75  -1.87
2024      5     10     17     56     00    000   6.09   1.78  -1.87
2024      5     10     17     57     00    000   6.08   1.81  -1.86
2024      5     10     17     58     00    000   6.07   1.84  -1.86
2024      5     10     17     59     00    000   6.06   1.87  -1.85
2024      5     10     18     00     00    000   6.06   1.90  -1.85
2024      5     10     18     01     00    000   6.05   1.93  -1.84
2024      5     10     18     02     00    000   6.04   1.96  -1.83
2024      5     10     18     03     00    000   6.03   1.98  -1.83
2024      5     10     18     04     00    000   6.03   2.01  -1.82
2024      5     10     18     05     00    000   6.02   2.04  -1.82
2024      5     10     18     06     00    000   6.01   2.07  -1.81
2024      5     10     18     07     00    000   6.00   2.10  -1.81
2024      5     10     18     08     00    000   5.99   2.13  -1.80
2024      5     10     18     09     00    000   5.99   2.16  -1.79
2024      5     10     18     10     00    000   5.98   2.19  -1.79
2024      5     10     18     11     00    000   5.97   2.21  -1.78
2024      5     10     18     12     00    000   5.96   2.24  -1.78
2024      5     10     18     13     00    000   5.95   2.27  -1.77
2024      5     10     18     14     00    000   5.94   2.30  -1.76
2024      5     10     18     15     00    000   5.93   2.33  -1.76
2024      5     10     18     16     00    000   5.92   2.36  -1.75
2024      5     10     18     17     00    000   5.91   2.38  -1.74
2024      5     10     18     18     00    000   5.90   2.41  -1.74
2024      5     10     18     19     00    000   5.90   2.44  -1.73
2024      5     10     18     20     00    000   5.89   2.47  -1.72
2024      5     10     18     21     00    000   5.88   2.50  -1.72
2024      5     10     18     22     00    000   5.87   2.52  -1.71
2024      5     10     18     23     00    000   5.86   2.55  -1.70
2024      5     10     18     24     00    000   5.85   2.58  -1.70
2024      5     10     18     25     00    000   5.84   2.61  -1.69
2024      5     10     18     26     00    000   5.83   2.63  -1.68
2024      5     10     18     27     00    000   5.81   2.66  -1.67
2024      5     10     18     28     00    000   5.80   2.69  -1.67
2024      5     10     18     29     00    000   5.79   2.72  -1.66
2024      5     10     18     30     00    000   5.78   2.74  -1.65
2024      5     10     18     31     00    000   5.77   2.77  -1.64
2024      5     10     18     32     00    000   5.76   2.80  -1.64
2024      5     10     18     33     00    000   5.75   2.83  -1.63
2024      5     10     18     34     00    000   5.74   2.85  -1.62
2024      5     10     18     35     00    000   5.73   2.88  -1.61
2024      5     10     18     36     00    000   5.72   2.91  -1.61
2024      5     10     18     37     00    000   5.70   2.93  -1.60
2024      5     10     18     38     00    000   5.69   2.96  -1.59
2024      5     10     18     39     00    000   5.68   2.99  -1.58
2024      5     10     18     40     00    000   5.67   3.01  -1.57
2024      5     10     18     41     00    000   5.66   3.04  -1.57
2024      5     10     18     42     00    000   5.65   3.07  -1.56
2024      5     10     18     43     00    000   5.63   3.09  -1.55
2024      5     10     18     44     00    000   5.62   3.12  -1.54
2024      5     10     18     45     00    000   5.61   3.15  -1.53
2024      5     10     18     46     00    000   5.60   3.17  -1.52
2024      5     10     18     47     00    000   5.58   3.20  -1.52
2024      5     10     18     48     00    000   5.57   3.23  -1.51
2024      5     10     18     49     00    000   5.56   3.25  -1.50
2024      5     10     18     50     00    000   5.54   3.28  -1.49
2024      5     10     18     51     00    000   5.53   3.30  -1.48
2024      5     10     18     52     00    000   5.52   3.33  -1.47
2024      5     10     18     53     00    000   5.51   3.35  -1.46
2024      5     10     18     54     00    000   5.49   3.38  -1.45
2024      5     10     18     55     00    000   5.48   3.41  -1.45
2024      5     10     18     56     00    000   5.46   3.43  -1.44
2024      5     10     18     57     00    000   5.45   3.46  -1.43
2024      5     10     18     58     00    000   5.44   3.48  -1.42
2024      5     10     18     59     00    000   5.42   3.51  -1.41
2024      5     10     19     00     00    000   5.41   3.53  -1.40
2024      5     10     19     01     00    000   5.40   3.56  -1.39
2024      5     10     19     02     00    000   5.38   3.58  -1.38
2024      5     10     19     03     00    000   5.37   3.61  -1.37
2024      5     10     19     04     00    000   5.35   3.63  -1.36
2024      5     10     19     05     00    000   5.34   3.66  -1.35
2024      5     10     19     06     00    000   5.32   3.68  -1.34
2024      5     10     19     07     00    000   5.31   3.71  -1.33
2024      5     10     19     08     00    000   5.29   3.73  -1.33
2024      5     10     19     09     00    000   5.28   3.76  -1.32
2024      5     10     19     10     00    000   5.26   3.78  -1.31
2024      5     10     19     11     00    000   5.25   3.80  -1.30
2024      5     10     19     12     00    000   5.23   3.83  -1.29
2024      5     10     19     13     00    000   5.22   3.85  -1.28
2024      5     10     19     14     00    000   5.20   3.88  -1.27
2024      5     10     19     15     00    000   5.19   3.90  -1.26
2024      5     10     19     16     00    000   5.17   3.92  -1.25
2024      5     10     19     17     00    000   5.16   3.95  -1.24
2024      5     10     19     18     00    000   5.14   3.97  -1.23
2024      5     10     19     19     00    000   5.12   3.99  -1.22
2024      5     10     19     20     00    000   5.11   4.02  -1.21
2024      5     10     19     21     00    000   5.09   4.04  -1.20
2024      5     10     19     22     00    000   5.08   4.06  -1.19
2024      5     10     19     23     00    000   5.06   4.09  -1.18
2024      5     10     19     24     00    000   5.04   4.11  -1.17
2024      5     10     19     25     00    000   5.03   4.13  -1.16
2024      5     10     19     26     00    000   5.01   4.16  -1.15
2024      5     10     19     27     00    000   4.99   4.18  -1.13
2024      5     10     19     28     00    000   4.98   4.20  -1.12
2024      5     10     19     29     00    000   4.96   4.23  -1.11
2024      5     10     19     30     00    000   4.94   4.25  -1.10
2024      5     10     19     31     00    000   4.93   4.27  -1.09
2024      5     10     19     32     00    000   4.91   4.29  -1.08
2024      5     10     19     33     00    000   4.89   4.32  -1.07
2024      5     10     19     34     00    000   4.87   4.34  -1.06
2024      5     10     19     35     00    000   4.86   4.36  -1.05
2024      5     10     19     36     00    000   4.84   4.38  -1.04
2024      5     10     19     37     00    000   4.82   4.40  -1.03
2024      5     10     19     38     00    000   4.80   4.42  -1.02
2024      5     10     19     39     00    000   4.79   4.45  -1.01
2024      5     10     19     40     00    000   4.77   4.47  -1.00
2024      5     10     19     41     00    000   4.75   4.49  -0.99
2024      5     10     19     42     00    000   4.73   4.51  -0.98
2024      5     10     19     43     00    000   4.71   4.53  -0.96
2024      5     10     19     44     00    000   4.70   4.55  -0.95
2024      5     10     19     45     00    000   4.68   4.57  -0.94
2024      5     10     19     46     00    000   4.66   4.60  -0.93
2024      5     10     19     47     00    000   4.64   4.62  -0.92
2024      5     10     19     48     00    000   4.62   4.64  -0.91
2024      5     10     19     49     00    000   4.60   4.66  -0.90
2024      5     10     19     50     00    000   4.59   4.68  -0.89
2024      5     10     19     51     00    000   4.57   4.70  -0.88
2024      5     10     19     52     00    000   4.55   4.72  -0.86
2024      5     10     19     53     00    000   4.53   4.74  -0.85
2024      5     10     19     54     00    000   4.51   4.76  -0.84
2024      5     10     19     55     00    000   4.49   4.78  -0.83
2024      5     10     19     56     00    000   4.47   4.80  -0.82
2024      5     10     19     57     00    000   4.45   4.82  -0.81
2024      5     10     19     58     00    000   4.43   4.84  -0.80
2024      5     10     19     59     00    000   4.41   4.86  -0.79
2024      5     10     20     00     00    000   4.39   4.88  -0.77
2024      5     10     20     01     00    000   4.37   4.90  -0.76
2024      5     10     20     02     00    000   4.35   4.92  -0.75
2024      5     10     20     03     00    000   4.33   4.94  -0.74
2024      5     10     20     04     00    000   4.31   4.96  -0.73
2024      5     10     20     05     00    000   4.29   4.98  -0.72
2024      5     10     20     06     00    000   4.27   4.99  -0.71
2024      5     10     20     07     00    000   4.25   5.01  -0.69
2024      5     10     20     08     00    000   4.23   5.03  -0.68
2024      5     10     20     09     00    000   4.21   5.05  -0.67
2024      5     10     20     10     00    000   4.19   5.07  -0.66
2024      5     10     20     11     00    000   4.17   5.09  -0.65
2024      5     10     20     12     00    000   4.15   5.11  -0.64
2024      5     10     20     13     00    000   4.13   5.12  -0.63
2024      5     10     20     14     00    000   4.11   5.14  -0.61
2024      5     10     20     15     00    000   4.09   5.16  -0.60
2024      5     10     20     16     00    000   4.07   5.18  -0.59
2024      5     10     20     17     00    000   4.05   5.19  -0.58
2024      5     10     20     18     00    000   4.03   5.21  -0.57
2024      5     10     20     19     00    000   4.00   5.23  -0.56
2024      5     10     20     20     00    000   3.98   5.25  -0.54
2024      5     10     20     21     00    000   3.96   5.26  -0.53
2024      5     10     20     22     00    000   3.94   5.28  -0.52
2024      5     10     20     23     00    000   3.92   5.30  -0.51
2024      5     10     20     24     00    000   3.90   5.32  -0.50
2024      5     10     20     25     00    000   3.88   5.33  -0.49
2024      5     10     20     26     00    000   3.85   5.35  -0.47
2024      5     10     20     27     00    000   3.83   5.37  -0.46
2024      5     10     20     28     00    000   3.81   5.38  -0.45
2024      5     10     20     29     00    000   3.79   5.40  -0.44
2024      5     10     20     30     00    000   3.77   5.42  -0.43
2024      5     10     20     31     00    000   3.75   5.43  -0.42
2024      5     10     20     32     00    000   3.72   5.45  -0.40
2024      5     10     20     33     00    000   3.70   5.46  -0.39
2024      5     10     20     34     00    000   3.68   5.48  -0.38
2024      5     10     20     35     00    000   3.66   5.50  -0.37
2024      5     10     20     36     00    000   3.63   5.51  -0.36
2024      5     10     20     37     00    000   3.61   5.53  -0.35
2024      5     10     20     38     00    000   3.59   5.54  -0.33
2024      5     10     20     39     00    000   3.57   5.56  -0.32
2024      5     10     20     40     00    000   3.54   5.57  -0.31
2024      5     10     20     41     00    000   3.52   5.59  -0.30
2024      5     10     20     42     00    000   3.50   5.60  -0.29
2024      5     10     20     43     00    000   3.48   5.62  -0.28
2024      5     10     20     44     00    000   3.45   5.63  -0.26
2024      5     10     20     45     00    000   3.43   5.65  -0.25
2024      5     10     20     46     00    000   3.41   5.66  -0.24
2024      5     10     20     47     00    000   3.38   5.67  -0.23
2024      5     10     20     48     00    000   3.36   5.69  -0.22
2024      5     10     20     49     00    000   3.34   5.70  -0.21
2024      5     10     20     50     00    000   3.31   5.72  -0.19
2024      5     10     20     51     00    000   3.29   5.73  -0.18
2024      5     10     20     52     00    000   3.27   5.74  -0.17
2024      5     10     20     53     00    000   3.24   5.76  -0.16
2024      5     10     20     54     00    000   3.22   5.77  -0.15
2024      5     10     20     55     00    000   3.20   5.79  -0.13
2024      5     10     20     56     00    000   3.17   5.80  -0.12
2024      5     10     20     57     00    000   3.15   5.81  -0.11
2024      5     10     20     58     00    000   3.13   5.82  -0.10
2024      5     10     20     59     00    000   3.10   5.84  -0.09
2024      5     10     21     00     00    000   3.08   5.85  -0.08
2024      5     10     21     01     00    000   3.05   5.86  -0.06
2024      5     10     21     02     00    000   3.03   5.88  -0.05
2024      5     10     21     03     00    000   3.01   5.89  -0.04
2024      5     10     21     04     00    000   2.98   5.90  -0.03
2024      5     10     21     05     00    000   2.96   5.91  -0.02
2024      5     10     21     06     00    000   2.93   5.92  -0.01
2024      5     10     21     07     00    000   2.91   5.94   0.00
2024      5     10     21     08     00    000   2.88   5.95   0.02
2024      5     10     21     09     00    000   2.86   5.96   0.03
2024      5     10     21     10     00    000   2.83   5.97   0.04
2024      5     10     21     11     00    000   2.81   5.98   0.05
2024      5     10     21     12     00    000   2.79   5.99   0.06
2024      5     10     21     13     00    000   2.76   6.01   0.07
2024      5     10     21     14     00    000   2.74   6.02   0.09
2024      5     10     21     15     00    000   2.71   6.03   0.10
2024      5     10     21     16     00    000   2.69   6.04   0.11
2024      5     10     21     17     00    000   2.66   6.05   0.12
2024      5     10     21     18     00    000   2.64   6.06   0.13
2024      5     10     21     19     00    000   2.61   6.07   0.14
2024      5     10     21     20     00    000   2.59   6.08   0.15
2024      5     10     21     21     00    000   2.56   6.09   0.17
2024      5     10     21     22     00    000   2.54   6.10   0.18
2024      5     10     21     23     00    000   2.51   6.11   0.19
2024      5     10     21     24     00    000   2.49   6.12   0.20
2024      5     10     21     25     00    000   2.46   6.13   0.21
2024      5     10     21     26     00    000   2.44   6.14   0.22
2024      5     10     21     27     00    000   2.41   6.15   0.23
2024      5     10     21     28     00    000   2.39   6.16   0.24
2024      5     10     21     29     00    000   2.36   6.17   0.26
2024      5     10     21     30     00    000   2.33   6.18   0.27
2024      5     10     21     31     00    000   2.31   6.19   0.28
2024      5     10     21     32     00    000   2.28   6.20   0.29
2024      5     10     21     33     00    000   2.26   6.21   0.30
2024      5     10     21     34     00    000   2.23   6.21   0.31
2024      5     10     21     35     00    000   2.21   6.22   0.32
2024      5     10     21     36     00    000   2.18   6.23   0.33
2024      5     10     21     37     00    000   2.16   6.24   0.34
2024      5     10     21     38     00    000   2.13   6.25   0.36
2024      5     10     21     39     00    000   2.10   6.26   0.37
2024      5     10     21     40     00    000   2.08   6.26   0.38
2024      5     10     21     41     00    000   2.05   6.27   0.39
2024      5     10     21     42     00    000   2.03   6.28   0.40
2024      5     10     21     43     00    000   2.00   6.29   0.41
2024      5     10     21     44     00    000   1.97   6.30   0.42
2024      5     10     21     45     00    000   1.95   6.30   0.43
2024      5     10     21     46     00    000   1.92   6.31   0.44
2024      5     10     21     47     00    000   1.90   6.32   0.45
2024      5     10     21     48     00    000   1.87   6.32   0.46
2024      5     10     21     49     00    000   1.84   6.33   0.47
2024      5     10     21     50     00    000   1.82   6.34   0.49
2024      5     10     21     51     00    000   1.79   6.34   0.50
2024      5     10     21     52     00    000   1.76   6.35   0.51
2024      5     10     21     53     00    000   1.74   6.36   0.52
2024      5     10     21     54     00    000   1.71   6.36   0.53
2024      5     10     21     55     00    000   1.68   6.37   0.54
2024      5     10     21     56     00    000   1.66   6.38   0.55
2024      5     10     21     57     00    000   1.63   6.38   0.56
2024      5     10     21     58     00    000   1.61   6.39   0.57
2024      5     10     21     59     00    000   1.58   6.39   0.58
2024      5     10     22     00     00    000   1.55   6.40   0.59
2024      5     10     22     01     00    000   1.53   6.40   0.60
2024      5     10     22     02     00    000   1.50   6.41   0.61
2024      5     10     22     03     00    000   1.47   6.41   0.62
2024      5     10     22     04     00    000   1.45   6.42   0.63
2024      5     10     22     05     00    000   1.42   6.42   0.64
2024      5     10     22     06     00    000   1.39   6.43   0.65
2024      5     10     22     07     00    000   1.37   6.43   0.66
2024      5     10     22     08     00    000   1.34   6.44   0.67
2024      5     10     22     09     00    000   1.31   6.44   0.68
2024      5     10     22     10     00    000   1.28   6.45   0.69
2024      5     10     22     11     00    000   1.26   6.45   0.70
2024      5     10     22     12     00    000   1.23   6.46   0.71
2024      5     10     22     13     00    000   1.20   6.46   0.72
2024      5     10     22     14     00    000   1.18   6.46   0.73
2024      5     10     22     15     00    000   1.15   6.47   0.74
2024      5     10     22     16     00    000   1.12   6.47   0.75
2024      5     10     22     17     00    000   1.10   6.47   0.76
2024      5     10     22     18     00    000   1.07   6.48   0.77
2024      5     10     22     19     00    000   1.04   6.48   0.78
2024      5     10     22     20     00    000   1.01   6.48   0.79
2024      5     10     22     21     00    000   0.99   6.49   0.80
2024      5     10     22     22     00    000   0.96   6.49   0.81
2024      5     10     22     23     00    000   0.93   6.49   0.82
2024      5     10     22     24     00    000   0.91   6.50   0.83
2024      5     10     22     25     00    000   0.88   6.50   0.84
2024      5     10     22     26     00    000   0.85   6.50   0.85
2024      5     10     22     27     00    000   0.82   6.50   0.86
2024      5     10     22     28     00    000   0.80   6.50   0.87
2024      5     10     22     29     00    000   0.77   6.51   0.88
2024      5     10     22     30     00    000   0.74   6.51   0.89
2024      5     10     22     31     00    000   0.72   6.51   0.90
2024      5     10     22     32     00    000   0.69   6.51   0.91
2024      5     10     22     33     00    000   0.66   6.51   0.92
2024      5     10     22     34     00    000   0.63   6.52   0.92
2024      5     10     22     35     00    000   0.61   6.52   0.93
2024      5     10     22     36     00    000   0.58   6.52   0.94
2024      5     10     22     37     00    000   0.55   6.52   0.95
2024      5     10     22     38     00    000   0.52   6.52   0.96
2024      5     10     22     39     00    000   0.50   6.52   0.97
2024      5     10     22     40     00    000   0.47   6.52   0.98
2024      5     10     22     41     00    000   0.44   6.52   0.99
2024      5     10     22     42     00    000   0.41   6.52   1.00
2024      5     10     22     43     00    000   0.39   6.52   1.01
2024      5     10     22     44     00    000   0.36   6.52   1.01
2024      5     10     22     45     00    000   0.33   6.52   1.02
2024      5     10     22     46     00    000   0.31   6.52   1.03
2024      5     10     22     47     00    000   0.28   6.52   1.04
2024      5     10     22     48     00    000   0.25   6.52   1.05
2024      5     10     22     49     00    000   0.22   6.52   1.06
2024      5     10     22     50     00    000   0.20   6.52   1.07
2024      5     10     22     51     00    000   0.17   6.52   1.08
2024      5     10     22     52     00    000   0.14   6.52   1.08
2024      5     10     22     53     00    000   0.11   6.52   1.09
2024      5     10     22     54     00    000   0.09   6.52   1.10
2024      5     10     22     55     00    000   0.06   6.52   1.11
2024      5     10     22     56     00    000   0.03   6.52   1.12
2024      5     10     22     57     00    000   0.00   6.51   1.13
2024      5     10     22     58     00    000  -0.02   6.51   1.13
2024      5     10     22     59     00    000  -0.05   6.51   1.14
2024      5     10     23     00     00    000  -0.08   6.51   1.15
2024      5     10     23     01     00    000  -0.11   6.51   1.16
2024      5     10     23     02     00    000  -0.13   6.51   1.17
2024      5     10     23     03     00    000  -0.16   6.50   1.17
2024      5     10     23     04     00    000  -0.19   6.50   1.18
2024      5     10     23     05     00    000  -0.22   6.50   1.19
2024      5     10     23     06     00    000  -0.24   6.50   1.20
2024      5     10     23     07     00    000  -0.27   6.49   1.21
2024      5     10     23     08     00    000  -0.30   6.49   1.21
2024      5     10     23     09     00    000  -0.33   6.49   1.22
2024      5     10     23     10     00    000  -0.35   6.49   1.23
2024      5     10     23     11     00    000  -0.38   6.48   1.24
2024      5     10     23     12     00    000  -0.41   6.48   1.24
2024      5     10     23     13     00    000  -0.44   6.48   1.25
2024      5     10     23     14     00    000  -0.46   6.47   1.26
2024      5     10     23     15     00    000  -0.49   6.47   1.27
2024      5     10     23     16     00    000  -0.52   6.47   1.28
2024      5     10     23     17     00    000  -0.54   6.46   1.28
2024      5     10     23     18     00    000  -0.57   6.46   1.29
2024      5     10     23     19     00    000  -0.60   6.45   1.30
2024      5     10     23     20     00    000  -0.63   6.45   1.30
2024      5     10     23     21     00    000  -0.65   6.45   1.31
2024      5     10     23     22     00    000  -0.68   6.44   1.32
2024      5     10     23     23     00    000  -0.71   6.44   1.33
2024      5     10     23     24     00    000  -0.74   6.43   1.33
2024      5     10     23     25     00    000  -0.76   6.43   1.34
2024      5     10     23     26     00    000  -0.79   6.42   1.35
2024      5     10     23     27     00    000  -0.82   6.42   1.35
2024      5     10     23     28     00    000  -0.84   6.41   1.36
2024      5     10     23     29     00    000  -0.87   6.41   1.37
2024      5     10     23     30     00    000  -0.90   6.40   1.38
2024      5     10     23     31     00    000  -0.93   6.40   1.38
2024      5     10     23     32     00    000  -0.95   6.39   1.39
2024      5     10     23     33     00    000  -0.98   6.39   1.40
2024      5     10     23     34     00    000  -1.01   6.38   1.40
2024      5     10     23     35     00    000  -1.03   6.38   1.41
2024      5     10     23     36     00    000  -1.06   6.37   1.42
2024      5     10     23     37     00    000  -1.09   6.36   1.42
2024      5     10     23     38     00    000  -1.12   6.36   1.43
2024      5     10     23     39     00    000  -1.14   6.35   1.44
2024      5     10     23     40     00    000  -1.17   6.34   1.44
2024      5     10     23     41     00    000  -1.20   6.34   1.45
2024      5     10     23     42     00    000  -1.22   6.33   1.45
2024      5     10     23     43     00    000  -1.25   6.32   1.46
2024      5     10     23     44     00    000  -1.28   6.32   1.47
2024      5     10     23     45     00    000  -1.30   6.31   1.47
2024      5     10     23     46     00    000  -1.33   6.30   1.48
2024      5     10     23     47     00    000  -1.36   6.30   1.49
2024      5     10     23     48     00    000  -1.38   6.29   1.49
2024      5     10     23     49     00    000  -1.41   6.28   1.50
2024      5     10     23     50     00    000  -1.44   6.27   1.50
2024      5     10     23     51     00    000  -1.47   6.27   1.51
2024      5     10     23     52     00    000  -1.49   6.26   1.52
2024      5     10     23     53     00    000  -1.52   6.25   1.52
2024      5     10     23     54     00    000  -1.55   6.24   1.53
2024      5     10     23     55     00    000  -1.57   6.24   1.53
2024      5     10     23     56     00    000  -1.60   6.23   1.54
2024      5     10     23     57     00    000  -1.62   6.22   1.54
2024      5     10     23     58     00    000  -1.65   6.21   1.55
2024      5     10     23     59     00    000  -1.68   6.20   1.56
2024      5     11     00     00     00    000  -1.70   6.19   1.56
2024      5     11     00     01     00    000  -1.73   6.18   1.57
2024      5     11     00     02     00    000  -1.76   6.18   1.57
2024      5     11     00     03     00    000  -1.78   6.17   1.58
2024      5     11     00     04     00    000  -1.81   6.16   1.58
2024      5     11     00     05     00    000  -1.84   6.15   1.59
2024      5     11     00     06     00    000  -1.86   6.14   1.59
2024      5     11     00     07     00    000  -1.89   6.13   1.60
2024      5     11     00     08     00    000  -1.91   6.12   1.60
2024      5     11     00     09     00    000  -1.94   6.11   1.61
2024      5     11     00     10     00    000  -1.97   6.10   1.62
2024      5     11     00     11     00    000  -1.99   6.09   1.62
2024      5     11     00     12     00    000  -2.02   6.08   1.63
2024      5     11     00     13     00    000  -2.04   6.07   1.63
2024      5     11     00     14     00    000  -2.07   6.06   1.64
2024      5     11     00     15     00    000  -2.10   6.05   1.64
2024      5     11     00     16     00    000  -2.12   6.04   1.65
2024      5     11     00     17     00    000  -2.15   6.03   1.65
2024      5     11     00     18     00    000  -2.17   6.02   1.65
2024      5     11     00     19     00    000  -2.20   6.01   1.66
2024      5     11     00     20     00    000  -2.23   6.00   1.66
2024      5     11     00     21     00    000  -2.25   5.99   1.67
2024      5     11     00     22     00    000  -2.28   5.98   1.67
2024      5     11     00     23     00    000  -2.30   5.97   1.68
2024      5     11     00     24     00    000  -2.33   5.95   1.68
2024      5     11     00     25     00    000  -2.35   5.94   1.69
2024      5     11     00     26     00    000  -2.38   5.93   1.69
2024      5     11     00     27     00    000  -2.40   5.92   1.70
2024      5     11     00     28     00    000  -2.43   5.91   1.70
2024      5     11     00     29     00    000  -2.45   5.90   1.71
2024      5     11     00     30     00    000  -2.48   5.88   1.71
2024      5     11     00     31     00    000  -2.51   5.87   1.71
2024      5     11     00     32     00    000  -2.53   5.86   1.72
2024      5     11     00     33     00    000  -2.56   5.85   1.72
2024      5     11     00     34     00    000  -2.58   5.84   1.73
2024      5     11     00     35     00    000  -2.61   5.82   1.73
2024      5     11     00     36     00    000  -2.63   5.81   1.73
2024      5     11     00     37     00    000  -2.66   5.80   1.74
2024      5     11     00     38     00    000  -2.68   5.79   1.74
2024      5     11     00     39     00    000  -2.70   5.77   1.75
2024      5     11     00     40     00    000  -2.73   5.76   1.75
2024      5     11     00     41     00    000  -2.75   5.75   1.75
2024      5     11     00     42     00    000  -2.78   5.73   1.76
2024      5     11     00     43     00    000  -2.80   5.72   1.76
2024      5     11     00     44     00    000  -2.83   5.71   1.77
2024      5     11     00     45     00    000  -2.85   5.70   1.77
2024      5     11     00     46     00    000  -2.88   5.68   1.77
2024      5     11     00     47     00    000  -2.90   5.67   1.78
2024      5     11     00     48     00    000  -2.93   5.65   1.78
2024      5     11     00     49     00    000  -2.95   5.64   1.78
2024      5     11     00     50     00    000  -2.97   5.63   1.79
2024      5     11     00     51     00    000  -3.00   5.61   1.79
2024      5     11     00     52     00    000  -3.02   5.60   1.80
2024      5     11     00     53     00    000  -3.05   5.58   1.80
2024      5     11     00     54     00    000  -3.07   5.57   1.80
2024      5     11     00     55     00    000  -3.09   5.56   1.81
2024      5     11     00     56     00    000  -3.12   5.54   1.81
2024      5     11     00     57     00    000  -3.14   5.53   1.81
2024      5     11     00     58     00    000  -3.17   5.51   1.82
2024      5     11     00     59     00    000  -3.19   5.50   1.82
2024      5     11     01     00     00    000  -3.21   5.48   1.82
2024      5     11     01     01     00    000  -3.24   5.47   1.82
2024      5     11     01     02     00    000  -3.26   5.45   1.83
2024      5     11     01     03     00    000  -3.28   5.44   1.83
2024      5     11     01     04     00    000  -3.31   5.42   1.83
2024      5     11     01     05     00    000  -3.33   5.41   1.84
2024      5     11     01     06     00    000  -3.35   5.39   1.84
2024      5     11     01     07     00    000  -3.38   5.38   1.84
2024      5     11     01     08     00    000  -3.40   5.36   1.85
2024      5     11     01     09     00    000  -3.42   5.35   1.85
2024      5     11     01     10     00    000  -3.45   5.33   1.85
2024      5     11     01     11     00    000  -3.47   5.31   1.85
2024      5     11     01     12     00    000  -3.49   5.30   1.86
2024      5     11     01     13     00    000  -3.51   5.28   1.86
2024      5     11     01     14     00    000  -3.54   5.27   1.86
2024      5     11     01     15     00    000  -3.56   5.25   1.87
2024      5     11     01     16     00    000  -3.58   5.23   1.87
2024      5     11     01     17     00    000  -3.60   5.22   1.87
2024      5     11     01     18     00    000  -3.63   5.20   1.87
2024      5     11     01     19     00    000  -3.65   5.18   1.88
2024      5     11     01     20     00    000  -3.67   5.17   1.88
2024      5     11     01     21     00    000  -3.69   5.15   1.88
2024      5     11     01     22     00    000  -3.72   5.13   1.88
2024      5     11     01     23     00    000  -3.74   5.12   1.89
2024      5     11     01     24     00    000  -3.76   5.10   1.89
2024      5     11     01     25     00    000  -3.78   5.08   1.89
2024      5     11     01     26     00    000  -3.80   5.06   1.89
2024      5     11     01     27     00    000  -3.83   5.05   1.90
2024      5     11     01     28     00    000  -3.85   5.03   1.90
2024      5     11     01     29     00    000  -3.87   5.01   1.90
2024      5     11     01     30     00    000  -3.89   4.99   1.90
2024      5     11     01     31     00    000  -3.91   4.98   1.90
2024      5     11     01     32     00    000  -3.93   4.96   1.91
2024      5     11     01     33     00    000  -3.96   4.94   1.91
2024      5     11     01     34     00    000  -3.98   4.92   1.91
2024      5     11     01     35     00    000  -4.00   4.90   1.91
2024      5     11     01     36     00    000  -4.02   4.89   1.92
2024      5     11     01     37     00    000  -4.04   4.87   1.92
2024      5     11     01     38     00    000  -4.06   4.85   1.92
2024      5     11     01     39     00    000  -4.08   4.83   1.92
2024      5     11     01     40     00    000  -4.10   4.81   1.92
2024      5     11     01     41     00    000  -4.12   4.79   1.93
2024      5     11     01     42     00    000  -4.14   4.78   1.93
2024      5     11     01     43     00    000  -4.17   4.76   1.93
2024      5     11     01     44     00    000  -4.19   4.74   1.93
2024      5     11     01     45     00    000  -4.21   4.72   1.93
2024      5     11     01     46     00    000  -4.23   4.70   1.93
2024      5     11     01     47     00    000  -4.25   4.68   1.94
2024      5     11     01     48     00    000  -4.27   4.66   1.94
2024      5     11     01     49     00    000  -4.29   4.64   1.94
2024      5     11     01     50     00    000  -4.31   4.62   1.94
2024      5     11     01     51     00    000  -4.33   4.60   1.94
2024      5     11     01     52     00    000  -4.35   4.59   1.94
2024      5     11     01     53     00    000  -4.37   4.57   1.95
2024      5     11     01     54     00    000  -4.39   4.55   1.95
2024      5     11     01     55     00    000  -4.41   4.53   1.95
2024      5     11     01     56     00    000  -4.43   4.51   1.95
2024      5     11     01     57     00    000  -4.45   4.49   1.95
2024      5     11     01     58     00    000  -4.46   4.47   1.95
2024      5     11     01     59     00    000  -4.48   4.45   1.96
2024      5     11     02     00     00    000  -4.50   4.43   1.96
2024      5     11     02     01     00    000  -4.52   4.41   1.96
2024      5     11     02     02     00    000  -4.54   4.39   1.96
2024      5     11     02     03     00    000  -4.56   4.37   1.96
2024      5     11     02     04     00    000  -4.58   4.35   1.96
2024      5     11     02     05     00    000  -4.60   4.33   1.96
2024      5     11     02     06     00    000  -4.62   4.30   1.97
2024      5     11     02     07     00    000  -4.63   4.28   1.97
2024      5     11     02     08     00    000  -4.65   4.26   1.97
2024      5     11     02     09     00    000  -4.67   4.24   1.97
2024      5     11     02     10     00    000  -4.69   4.22   1.97
2024      5     11     02     11     00    000  -4.71   4.20   1.97
2024      5     11     02     12     00    000  -4.73   4.18   1.97
2024      5     11     02     13     00    000  -4.74   4.16   1.97
2024      5     11     02     14     00    000  -4.76   4.14   1.98
2024      5     11     02     15     00    000  -4.78   4.12   1.98
2024      5     11     02     16     00    000  -4.80   4.10   1.98
2024      5     11     02     17     00    000  -4.82   4.07   1.98
2024      5     11     02     18     00    000  -4.83   4.05   1.98
2024      5     11     02     19     00    000  -4.85   4.03   1.98
2024      5     11     02     20     00    000  -4.87   4.01   1.98
2024      5     11     02     21     00    000  -4.89   3.99   1.98
2024      5     11     02     22     00    000  -4.90   3.97   1.98
2024      5     11     02     23     00    000  -4.92   3.94   1.98
2024      5     11     02     24     00    000  -4.94   3.92   1.99
2024      5     11     02     25     00    000  -4.95   3.90   1.99
2024      5     11     02     26     00    000  -4.97   3.88   1.99
2024      5     11     02     27     00    000  -4.99   3.86   1.99
2024      5     11     02     28     00    000  -5.00   3.83   1.99
2024      5     11     02     29     00    000  -5.02   3.81   1.99
2024      5     11     02     30     00    000  -5.04   3.79   1.99
2024      5     11     02     31     00    000  -5.05   3.77   1.99
2024      5     11     02     32     00    000  -5.07   3.75   1.99
2024      5     11     02     33     00    000  -5.09   3.72   1.99
2024      5     11     02     34     00    000  -5.10   3.70   1.99
2024      5     11     02     35     00    000  -5.12   3.68   2.00
2024      5     11     02     36     00    000  -5.13   3.66   2.00
2024      5     11     02     37     00    000  -5.15   3.63   2.00
2024      5     11     02     38     00    000  -5.17   3.61   2.00
2024      5     11     02     39     00    000  -5.18   3.59   2.00
2024      5     11     02     40     00    000  -5.20   3.56   2.00
2024      5     11     02     41     00    000  -5.21   3.54   2.00
2024      5     11     02     42     00    000  -5.23   3.52   2.00
2024      5     11     02     43     00    000  -5.24   3.49   2.00
2024      5     11     02     44     00    000  -5.26   3.47   2.00
2024      5     11     02     45     00    000  -5.27   3.45   2.00
2024      5     11     02     46     00    000  -5.29   3.43   2.00
2024      5     11     02     47     00    000  -5.30   3.40   2.00
2024      5     11     02     48     00    000  -5.32   3.38   2.00
2024      5     11     02     49     00    000  -5.33   3.36   2.00
2024      5     11     02     50     00    000  -5.35   3.33   2.01
2024      5     11     02     51     00    000  -5.36   3.31   2.01
2024      5     11     02     52     00    000  -5.38   3.28   2.01
2024      5     11     02     53     00    000  -5.39   3.26   2.01
2024      5     11     02     54     00    000  -5.40   3.24   2.01
2024      5     11     02     55     00    000  -5.42   3.21   2.01
2024      5     11     02     56     00    000  -5.43   3.19   2.01
2024      5     11     02     57     00    000  -5.45   3.17   2.01
2024      5     11     02     58     00    000  -5.46   3.14   2.01
2024      5     11     02     59     00    000  -5.47   3.12   2.01
2024      5     11     03     00     00    000  -5.49   3.09   2.01
2024      5     11     03     01     00    000  -5.50   3.07   2.01
2024      5     11     03     02     00    000  -5.51   3.05   2.01
2024      5     11     03     03     00    000  -5.53   3.02   2.01
2024      5     11     03     04     00    000  -5.54   3.00   2.01
2024      5     11     03     05     00    000  -5.55   2.97   2.01
2024      5     11     03     06     00    000  -5.56   2.95   2.01
2024      5     11     03     07     00    000  -5.58   2.92   2.01
2024      5     11     03     08     00    000  -5.59   2.90   2.01
2024      5     11     03     09     00    000  -5.60   2.87   2.01
2024      5     11     03     10     00    000  -5.61   2.85   2.01
2024      5     11     03     11     00    000  -5.63   2.83   2.02
2024      5     11     03     12     00    000  -5.64   2.80   2.02
2024      5     11     03     13     00    000  -5.65   2.78   2.02
2024      5     11     03     14     00    000  -5.66   2.75   2.02
2024      5     11     03     15     00    000  -5.68   2.73   2.02
2024      5     11     03     16     00    000  -5.69   2.70   2.02
2024      5     11     03     17     00    000  -5.70   2.68   2.02
2024      5     11     03     18     00    000  -5.71   2.65   2.02
2024      5     11     03     19     00    000  -5.72   2.63   2.02
2024      5     11     03     20     00    000  -5.73   2.60   2.02
2024      5     11     03     21     00    000  -5.74   2.58   2.02
2024      5     11     03     22     00    000  -5.76   2.55   2.02
2024      5     11     03     23     00    000  -5.77   2.53   2.02
2024      5     11     03     24     00    000  -5.78   2.50   2.02
2024      5     11     03     25     00    000  -5.79   2.47   2.02
2024      5     11     03     26     00    000  -5.80   2.45   2.02
2024      5     11     03     27     00    000  -5.81   2.42   2.02
2024      5     11     03     28     00    000  -5.82   2.40   2.02
2024      5     11     03     29     00    000  -5.83   2.37   2.02
2024      5     11     03     30     00    000  -5.84   2.35   2.02
2024      5     11     03     31     00    000  -5.85   2.32   2.02
2024      5     11     03     32     00    000  -5.86   2.30   2.02
2024      5     11     03     33     00    000  -5.87   2.27   2.02
2024      5     11     03     34     00    000  -5.88   2.25   2.02
2024      5     11     03     35     00    000  -5.89   2.22   2.02
2024      5     11     03     36     00    000  -5.90   2.19   2.02
2024      5     11     03     37     00    000  -5.91   2.17   2.02
2024      5     11     03     38     00    000  -5.92   2.14   2.02
2024      5     11     03     39     00    000  -5.93   2.12   2.02
2024      5     11     03     40     00    000  -5.94   2.09   2.02
2024      5     11     03     41     00    000  -5.95   2.06   2.02
2024      5     11     03     42     00    000  -5.95   2.04   2.02
2024      5     11     03     43     00    000  -5.96   2.01   2.02
2024      5     11     03     44     00    000  -5.97   1.99   2.02
2024      5     11     03     45     00    000  -5.98   1.96   2.02
2024      5     11     03     46     00    000  -5.99   1.93   2.02
2024      5     11     03     47     00    000  -6.00   1.91   2.02
2024      5     11     03     48     00    000  -6.01   1.88   2.03
2024      5     11     03     49     00    000  -6.01   1.86   2.03
2024      5     11     03     50     00    000  -6.02   1.83   2.03
2024      5     11     03     51     00    000  -6.03   1.80   2.03
2024      5     11     03     52     00    000  -6.04   1.78   2.03
2024      5     11     03     53     00    000  -6.04   1.75   2.03
2024      5     11     03     54     00    000  -6.05   1.72   2.03
2024      5     11     03     55     00    000  -6.06   1.70   2.03
2024      5     11     03     56     00    000  -6.07   1.67   2.03
2024      5     11     03     57     00    000  -6.07   1.64   2.03
2024      5     11     03     58     00    000  -6.08   1.62   2.03
2024      5     11     03     59     00    000  -6.09   1.59   2.03
2024      5     11     04     00     00    000  -6.09   1.56   2.03
2024      5     11     04     01     00    000  -6.10   1.54   2.03
2024      5     11     04     02     00    000  -6.11   1.51   2.03
2024      5     11     04     03     00    000  -6.11   1.49   2.03
2024      5     11     04     04     00    000  -6.12   1.46   2.03
2024      5     11     04     05     00    000  -6.13   1.43   2.03
2024      5     11     04     06     00    000  -6.13   1.41   2.03
2024      5     11     04     07     00    000  -6.14   1.38   2.03
2024      5     11     04     08     00    000  -6.15   1.35   2.03
2024      5     11     04     09     00    000  -6.15   1.32   2.03
2024      5     11     04     10     00    000  -6.16   1.30   2.03
2024      5     11     04     11     00    000  -6.16   1.27   2.03
2024      5     11     04     12     00    000  -6.17   1.24   2.03
2024      5     11     04     13     00    000  -6.17   1.22   2.03
2024      5     11     04     14     00    000  -6.18   1.19   2.03
2024      5     11     04     15     00    000  -6.18   1.16   2.03
2024      5     11     04     16     00    000  -6.19   1.14   2.03
2024      5     11     04     17     00    000  -6.19   1.11   2.03
2024      5     11     04     18     00    000  -6.20   1.08   2.03
2024      5     11     04     19     00    000  -6.20   1.06   2.03
2024      5     11     04     20     00    000  -6.21   1.03   2.03
2024      5     11     04     21     00    000  -6.21   1.00   2.03
2024      5     11     04     22     00    000  -6.22   0.97   2.03
2024      5     11     04     23     00    000  -6.22   0.95   2.03
2024      5     11     04     24     00    000  -6.22   0.92   2.03
2024      5     11     04     25     00    000  -6.23   0.89   2.03
2024      5     11     04     26     00    000  -6.23   0.87   2.03
2024      5     11     04     27     00    000  -6.23   0.84   2.03
2024      5     11     04     28     00    000  -6.24   0.81   2.03
2024      5     11     04     29     00    000  -6.24   0.78   2.03
2024      5     11     04     30     00    000  -6.24   0.76   2.03
2024      5     11     04     31     00    000  -6.25   0.73   2.03
2024      5     11     04     32     00    000  -6.25   0.70   2.03
2024      5     11     04     33     00    000  -6.25   0.68   2.03
2024      5     11     04     34     00    000  -6.26   0.65   2.03
2024      5     11     04     35     00    000  -6.26   0.62   2.03
2024      5     11     04     36     00    000  -6.26   0.59   2.03
2024      5     11     04     37     00    000  -6.26   0.57   2.03
2024      5     11     04     38     00    000  -6.27   0.54   2.03
2024      5     11     04     39     00    000  -6.27   0.51   2.03
2024      5     11     04     40     00    000  -6.27   0.48   2.03
2024      5     11     04     41     00    000  -6.27   0.46   2.03
2024      5     11     04     42     00    000  -6.28   0.43   2.04
2024      5     11     04     43     00    000  -6.28   0.40   2.04
2024      5     11     04     44     00    000  -6.28   0.38   2.04
2024      5     11     04     45     00    000  -6.28   0.35   2.04
2024      5     11     04     46     00    000  -6.28   0.32   2.04
2024      5     11     04     47     00    000  -6.28   0.29   2.04
2024      5     11     04     48     00    000  -6.28   0.27   2.04
2024      5     11     04     49     00    000  -6.28   0.24   2.04
2024      5     11     04     50     00    000  -6.29   0.21   2.04
2024      5     11     04     51     00    000  -6.29   0.18   2.04
2024      5     11     04     52     00    000  -6.29   0.16   2.04
2024      5     11     04     53     00    000  -6.29   0.13   2.04
2024      5     11     04     54     00    000  -6.29   0.10   2.04
2024      5     11     04     55     00    000  -6.29   0.07   2.04
2024      5     11     04     56     00    000  -6.29   0.05   2.04
2024      5     11     04     57     00    000  -6.29   0.02   2.04
2024      5     11     04     58     00    000  -6.29  -0.01   2.04
2024      5     11     04     59     00    000  -6.29  -0.03   2.04
2024      5     11     05     00     00    000  -6.29  -0.06   2.04
2024      5     11     05     01     00    000  -6.29  -0.09   2.04
2024      5     11     05     02     00    000  -6.29  -0.12   2.04
2024      5     11     05     03     00    000  -6.29  -0.14   2.04
2024      5     11     05     04     00    000  -6.29  -0.17   2.04
2024      5     11     05     05     00    000  -6.29  -0.20   2.04
2024      5     11     05     06     00    000  -6.28  -0.23   2.04
2024      5     11     05     07     00    000  -6.28  -0.25   2.04
2024      5     11     05     08     00    000  -6.28  -0.28   2.04
2024      5     11     05     09     00    000  -6.28  -0.31   2.04
2024      5     11     05     10     00    000  -6.28  -0.34   2.04
2024      5     11     05     11     00    000  -6.28  -0.36   2.04
2024      5     11     05     12     00    000  -6.28  -0.39   2.04
2024      5     11     05     13     00    000  -6.27  -0.42   2.04
2024      5     11     05     14     00    000  -6.27  -0.44   2.04
2024      5     11     05     15     00    000  -6.27  -0.47   2.04
2024      5     11     05     16     00    000  -6.27  -0.50   2.04
2024      5     11     05     17     00    000  -6.27  -0.53   2.04
2024      5     11     05     18     00    000  -6.26  -0.55   2.04
2024      5     11     05     19     00    000  -6.26  -0.58   2.04
2024      5     11     05     20     00    000  -6.26  -0.61   2.04
2024      5     11     05     21     00    000  -6.25  -0.64   2.04
2024      5     11     05     22     00    000  -6.25  -0.66   2.04
2024      5     11     05     23     00    000  -6.25  -0.69   2.05
2024      5     11     05     24     00    000  -6.25  -0.72   2.05
2024      5     11     05     25     00    000  -6.24  -0.74   2.05
2024      5     11     05     26     00    000  -6.24  -0.77   2.05
2024      5     11     05     27     00    000  -6.24  -0.80   2.05
2024      5     11     05     28     00    000  -6.23  -0.83   2.05
2024      5     11     05     29     00    000  -6.23  -0.85   2.05
2024      5     11     05     30     00    000  -6.22  -0.88   2.05
2024      5     11     05     31     00    000  -6.22  -0.91   2.05
2024      5     11     05     32     00    000  -6.22  -0.93   2.05
2024      5     11     05     33     00    000  -6.21  -0.96   2.05
2024      5     11     05     34     00    000  -6.21  -0.99   2.05
2024      5     11     05     35     00    000  -6.20  -1.02   2.05
2024      5     11     05     36     00    000  -6.20  -1.04   2.05
2024      5     11     05     37     00    000  -6.19  -1.07   2.05
2024      5     11     05     38     00    000  -6.19  -1.10   2.05
2024      5     11     05     39     00    000  -6.18  -1.12   2.05
2024      5     11     05     40     00    000  -6.18  -1.15   2.05
2024      5     11     05     41     00    000  -6.17  -1.18   2.05
2024      5     11     05     42     00    000  -6.17  -1.20   2.05
2024      5     11     05     43     00    000  -6.16  -1.23   2.05
2024      5     11     05     44     00    000  -6.16  -1.26   2.05
2024      5     11     05     45     00    000  -6.15  -1.29   2.05
2024      5     11     05     46     00    000  -6.15  -1.31   2.05
2024      5     11     05     47     00    000  -6.14  -1.34   2.05
2024      5     11     05     48     00    000  -6.13  -1.37   2.05
2024      5     11     05     49     00    000  -6.13  -1.39   2.05
2024      5     11     05     50     00    000  -6.12  -1.42   2.05
2024      5     11     05     51     00    000  -6.12  -1.45   2.05
2024      5     11     05     52     00    000  -6.11  -1.47   2.05
2024      5     11     05     53     00    000  -6.10  -1.50   2.05
2024      5     11     05     54     00    000  -6.10  -1.53   2.05
2024      5     11     05     55     00    000  -6.09  -1.55   2.05
2024      5     11     05     56     00    000  -6.08  -1.58   2.05
2024      5     11     05     57     00    000  -6.08  -1.61   2.05
2024      5     11     05     58     00    000  -6.07  -1.63   2.05
2024      5     11     05     59     00    000  -6.06  -1.66   2.05
2024      5     11     06     00     00    000  -6.05  -1.69   2.05
2024      5     11     06     01     00    000  -6.05  -1.71   2.05
2024      5     11     06     02     00    000  -6.04  -1.74   2.06
2024      5     11     06     03     00    000  -6.03  -1.76   2.06
2024      5     11     06     04     00    000  -6.02  -1.79   2.06
2024      5     11     06     05     00    000  -6.01  -1.82   2.06
2024      5     11     06     06     00    000  -6.01  -1.84   2.06
2024      5     11     06     07     00    000  -6.00  -1.87   2.06
2024      5     11     06     08     00    000  -5.99  -1.90   2.06
2024      5     11     06     09     00    000  -5.98  -1.92   2.06
2024      5     11     06     10     00    000  -5.97  -1.95   2.06
2024      5     11     06     11     00    000  -5.96  -1.97   2.06
2024      5     11     06     12     00    000  -5.96  -2.00   2.06
2024      5     11     06     13     00    000  -5.95  -2.03   2.06
2024      5     11     06     14     00    000  -5.94  -2.05   2.06
2024      5     11     06     15     00    000  -5.93  -2.08   2.06
2024      5     11     06     16     00    000  -5.92  -2.10   2.06
2024      5     11     06     17     00    000  -5.91  -2.13   2.06
2024      5     11     06     18     00    000  -5.90  -2.16   2.06
2024      5     11     06     19     00    000  -5.89  -2.18   2.06
2024      5     11     06     20     00    000  -5.88  -2.21   2.06
2024      5     11     06     21     00    000  -5.87  -2.23   2.06
2024      5     11     06     22     00    000  -5.86  -2.26   2.06
2024      5     11     06     23     00    000  -5.85  -2.28   2.06
2024      5     11     06     24     00    000  -5.84  -2.31   2.06
2024      5     11     06     25     00    000  -5.83  -2.34   2.06
2024      5     11     06     26     00    000  -5.82  -2.36   2.06
2024      5     11     06     27     00    000  -5.81  -2.39   2.06
2024      5     11     06     28     00    000  -5.80  -2.41   2.06
2024      5     11     06     29     00    000  -5.79  -2.44   2.06
2024      5     11     06     30     00    000  -5.78  -2.46   2.06
2024      5     11     06     31     00    000  -5.77  -2.49   2.06
2024      5     11     06     32     00    000  -5.76  -2.51   2.06
2024      5     11     06     33     00    000  -5.75  -2.54   2.06
2024      5     11     06     34     00    000  -5.73  -2.56   2.06
2024      5     11     06     35     00    000  -5.72  -2.59   2.06
2024      5     11     06     36     00    000  -5.71  -2.61   2.06
2024      5     11     06     37     00    000  -5.70  -2.64   2.06
2024      5     11     06     38     00    000  -5.69  -2.66   2.06
2024      5     11     06     39     00    000  -5.68  -2.69   2.06
2024      5     11     06     40     00    000  -5.67  -2.71   2.06
2024      5     11     06     41     00    000  -5.65  -2.74   2.06
2024      5     11     06     42     00    000  -5.64  -2.76   2.06
2024      5     11     06     43     00    000  -5.63  -2.79   2.06
2024      5     11     06     44     00    000  -5.62  -2.81   2.06
2024      5     11     06     45     00    000  -5.60  -2.84   2.06
2024      5     11     06     46     00    000  -5.59  -2.86   2.06
2024      5     11     06     47     00    000  -5.58  -2.89   2.06
2024      5     11     06     48     00    000  -5.57  -2.91   2.06
2024      5     11     06     49     00    000  -5.55  -2.94   2.06
2024      5     11     06     50     00    000  -5.54  -2.96   2.06
2024      5     11     06     51     00    000  -5.53  -2.98   2.06
2024      5     11     06     52     00    000  -5.51  -3.01   2.06
2024      5     11     06     53     00    000  -5.50  -3.03   2.06
2024      5     11     06     54     00    000  -5.49  -3.06   2.06
2024      5     11     06     55     00    000  -5.47  -3.08   2.06
2024      5     11     06     56     00    000  -5.46  -3.11   2.06
2024      5     11     06     57     00    000  -5.45  -3.13   2.06
2024      5     11     06     58     00    000  -5.43  -3.15   2.06
2024      5     11     06     59     00    000  -5.42  -3.18   2.06
2024      5     11     07     00     00    000  -5.41  -3.20   2.06
2024      5     11     07     01     00    000  -5.39  -3.23   2.06
2024      5     11     07     02     00    000  -5.38  -3.25   2.06
2024      5     11     07     03     00    000  -5.36  -3.27   2.06
2024      5     11     07     04     00    000  -5.35  -3.30   2.06
2024      5     11     07     05     00    000  -5.33  -3.32   2.06
2024      5     11     07     06     00    000  -5.32  -3.34   2.05
2024      5     11     07     07     00    000  -5.31  -3.37   2.05
2024      5     11     07     08     00    000  -5.29  -3.39   2.05
2024      5     11     07     09     00    000  -5.28  -3.41   2.05
2024      5     11     07     10     00    000  -5.26  -3.44   2.05
2024      5     11     07     11     00    000  -5.25  -3.46   2.05
2024      5     11     07     12     00    000  -5.23  -3.48   2.05
2024      5     11     07     13     00    000  -5.22  -3.51   2.05
2024      5     11     07     14     00    000  -5.20  -3.53   2.05
2024      5     11     07     15     00    000  -5.18  -3.55   2.05
2024      5     11     07     16     00    000  -5.17  -3.58   2.05
2024      5     11     07     17     00    000  -5.15  -3.60   2.05
2024      5     11     07     18     00    000  -5.14  -3.62   2.05
2024      5     11     07     19     00    000  -5.12  -3.64   2.05
2024      5     11     07     20     00    000  -5.11  -3.67   2.05
2024      5     11     07     21     00    000  -5.09  -3.69   2.05
2024      5     11     07     22     00    000  -5.07  -3.71   2.05
2024      5     11     07     23     00    000  -5.06  -3.73   2.05
2024      5     11     07     24     00    000  -5.04  -3.76   2.05
2024      5     11     07     25     00    000  -5.02  -3.78   2.04
2024      5     11     07     26     00    000  -5.01  -3.80   2.04
2024      5     11     07     27     00    000  -4.99  -3.82   2.04
2024      5     11     07     28     00    000  -4.97  -3.85   2.04
2024      5     11     07     29     00    000  -4.96  -3.87   2.04
2024      5     11     07     30     00    000  -4.94  -3.89   2.04
2024      5     11     07     31     00    000  -4.92  -3.91   2.04
2024      5     11     07     32     00    000  -4.91  -3.93   2.04
2024      5     11     07     33     00    000  -4.89  -3.96   2.04
2024      5     11     07     34     00    000  -4.87  -3.98   2.04
2024      5     11     07     35     00    000  -4.85  -4.00   2.04
2024      5     11     07     36     00    000  -4.84  -4.02   2.04
2024      5     11     07     37     00    000  -4.82  -4.04   2.04
2024      5     11     07     38     00    000  -4.80  -4.06   2.03
2024      5     11     07     39     00    000  -4.78  -4.08   2.03
2024      5     11     07     40     00    000  -4.77  -4.11   2.03
2024      5     11     07     41     00    000  -4.75  -4.13   2.03
2024      5     11     07     42     00    000  -4.73  -4.15   2.03
2024      5     11     07     43     00    000  -4.71  -4.17   2.03
2024      5     11     07     44     00    000  -4.69  -4.19   2.03
2024      5     11     07     45     00    000  -4.68  -4.21   2.03
2024      5     11     07     46     00    000  -4.66  -4.23   2.03
2024      5     11     07     47     00    000  -4.64  -4.25   2.02
2024      5     11     07     48     00    000  -4.62  -4.27   2.02
2024      5     11     07     49     00    000  -4.60  -4.29   2.02
2024      5     11     07     50     00    000  -4.58  -4.32   2.02
2024      5     11     07     51     00    000  -4.56  -4.34   2.02
2024      5     11     07     52     00    000  -4.54  -4.36   2.02
2024      5     11     07     53     00    000  -4.53  -4.38   2.02
2024      5     11     07     54     00    000  -4.51  -4.40   2.02
2024      5     11     07     55     00    000  -4.49  -4.42   2.01
2024      5     11     07     56     00    000  -4.47  -4.44   2.01
2024      5     11     07     57     00    000  -4.45  -4.46   2.01
2024      5     11     07     58     00    000  -4.43  -4.48   2.01
2024      5     11     07     59     00    000  -4.41  -4.50   2.01
2024      5     11     08     00     00    000  -4.39  -4.52   2.01
2024      5     11     08     01     00    000  -4.37  -4.54   2.01
2024      5     11     08     02     00    000  -4.35  -4.56   2.00
2024      5     11     08     03     00    000  -4.33  -4.58   2.00
2024      5     11     08     04     00    000  -4.31  -4.60   2.00
2024      5     11     08     05     00    000  -4.29  -4.61   2.00
2024      5     11     08     06     00    000  -4.27  -4.63   2.00
2024      5     11     08     07     00    000  -4.25  -4.65   2.00
2024      5     11     08     08     00    000  -4.23  -4.67   1.99
2024      5     11     08     09     00    000  -4.21  -4.69   1.99
2024      5     11     08     10     00    000  -4.19  -4.71   1.99
2024      5     11     08     11     00    000  -4.17  -4.73   1.99
2024      5     11     08     12     00    000  -4.15  -4.75   1.99
2024      5     11     08     13     00    000  -4.13  -4.77   1.98
2024      5     11     08     14     00    000  -4.11  -4.79   1.98
2024      5     11     08     15     00    000  -4.09  -4.80   1.98
2024      5     11     08     16     00    000  -4.07  -4.82   1.98
2024      5     11     08     17     00    000  -4.04  -4.84   1.98
2024      5     11     08     18     00    000  -4.02  -4.86   1.97
2024      5     11     08     19     00    000  -4.00  -4.88   1.97
2024      5     11     08     20     00    000  -3.98  -4.90   1.97
2024      5     11     08     21     00    000  -3.96  -4.91   1.97
2024      5     11     08     22     00    000  -3.94  -4.93   1.97
2024      5     11     08     23     00    000  -3.92  -4.95   1.96
2024      5     11     08     24     00    000  -3.90  -4.97   1.96
2024      5     11     08     25     00    000  -3.87  -4.99   1.96
2024      5     11     08     26     00    000  -3.85  -5.00   1.96
2024      5     11     08     27     00    000  -3.83  -5.02   1.95
2024      5     11     08     28     00    000  -3.81  -5.04   1.95
2024      5     11     08     29     00    000  -3.79  -5.06   1.95
2024      5     11     08     30     00    000  -3.77  -5.07   1.95
2024      5     11     08     31     00    000  -3.74  -5.09   1.95
2024      5     11     08     32     00    000  -3.72  -5.11   1.94
2024      5     11     08     33     00    000  -3.70  -5.12   1.94
2024      5     11     08     34     00    000  -3.68  -5.14   1.94
2024      5     11     08     35     00    000  -3.65  -5.16   1.94
2024      5     11     08     36     00    000  -3.63  -5.17   1.93
2024      5     11     08     37     00    000  -3.61  -5.19   1.93
2024      5     11     08     38     00    000  -3.59  -5.21   1.93
2024      5     11     08     39     00    000  -3.56  -5.22   1.92
2024      5     11     08     40     00    000  -3.54  -5.24   1.92
2024      5     11     08     41     00    000  -3.52  -5.26   1.92
2024      5     11     08     42     00    000  -3.50  -5.27   1.92
2024      5     11     08     43     00    000  -3.47  -5.29   1.91
2024      5     11     08     44     00    000  -3.45  -5.31   1.91
2024      5     11     08     45     00    000  -3.43  -5.32   1.91
2024      5     11     08     46     00    000  -3.40  -5.34   1.90
2024      5     11     08     47     00    000  -3.38  -5.35   1.90
2024      5     11     08     48     00    000  -3.36  -5.37   1.90
2024      5     11     08     49     00    000  -3.34  -5.38   1.89
2024      5     11     08     50     00    000  -3.31  -5.40   1.89
2024      5     11     08     51     00    000  -3.29  -5.41   1.89
2024      5     11     08     52     00    000  -3.27  -5.43   1.89
2024      5     11     08     53     00    000  -3.24  -5.45   1.88
2024      5     11     08     54     00    000  -3.22  -5.46   1.88
2024      5     11     08     55     00    000  -3.19  -5.48   1.88
2024      5     11     08     56     00    000  -3.17  -5.49   1.87
2024      5     11     08     57     00    000  -3.15  -5.51   1.87
2024      5     11     08     58     00    000  -3.12  -5.52   1.86
2024      5     11     08     59     00    000  -3.10  -5.53   1.86
2024      5     11     09     00     00    000  -3.08  -5.55   1.86
2024      5     11     09     01     00    000  -3.05  -5.56   1.85
2024      5     11     09     02     00    000  -3.03  -5.58   1.85
2024      5     11     09     03     00    000  -3.00  -5.59   1.85
2024      5     11     09     04     00    000  -2.98  -5.61   1.84
2024      5     11     09     05     00    000  -2.96  -5.62   1.84
2024      5     11     09     06     00    000  -2.93  -5.63   1.84
2024      5     11     09     07     00    000  -2.91  -5.65   1.83
2024      5     11     09     08     00    000  -2.88  -5.66   1.83
2024      5     11     09     09     00    000  -2.86  -5.68   1.82
2024      5     11     09     10     00    000  -2.83  -5.69   1.82
2024      5     11     09     11     00    000  -2.81  -5.70   1.82
2024      5     11     09     12     00    000  -2.78  -5.72   1.81
2024      5     11     09     13     00    000  -2.76  -5.73   1.81
2024      5     11     09     14     00    000  -2.73  -5.74   1.80
2024      5     11     09     15     00    000  -2.71  -5.75   1.80
2024      5     11     09     16     00    000  -2.69  -5.77   1.80
2024      5     11     09     17     00    000  -2.66  -5.78   1.79
2024      5     11     09     18     00    000  -2.64  -5.79   1.79
2024      5     11     09     19     00    000  -2.61  -5.81   1.78
2024      5     11     09     20     00    000  -2.59  -5.82   1.78
2024      5     11     09     21     00    000  -2.56  -5.83   1.77
2024      5     11     09     22     00    000  -2.54  -5.84   1.77
2024      5     11     09     23     00    000  -2.51  -5.86   1.77
2024      5     11     09     24     00    000  -2.49  -5.87   1.76
2024      5     11     09     25     00    000  -2.46  -5.88   1.76
2024      5     11     09     26     00    000  -2.43  -5.89   1.75
2024      5     11     09     27     00    000  -2.41  -5.90   1.75
2024      5     11     09     28     00    000  -2.38  -5.91   1.74
2024      5     11     09     29     00    000  -2.36  -5.93   1.74
2024      5     11     09     30     00    000  -2.33  -5.94   1.73
2024      5     11     09     31     00    000  -2.31  -5.95   1.73
2024      5     11     09     32     00    000  -2.28  -5.96   1.72
2024      5     11     09     33     00    000  -2.26  -5.97   1.72
2024      5     11     09     34     00    000  -2.23  -5.98   1.71
2024      5     11     09     35     00    000  -2.21  -5.99   1.71
2024      5     11     09     36     00    000  -2.18  -6.00   1.70
2024      5     11     09     37     00    000  -2.15  -6.01   1.70
2024      5     11     09     38     00    000  -2.13  -6.03   1.69
2024      5     11     09     39     00    000  -2.10  -6.04   1.69
2024      5     11     09     40     00    000  -2.08  -6.05   1.68
2024      5     11     09     41     00    000  -2.05  -6.06   1.68
2024      5     11     09     42     00    000  -2.02  -6.07   1.67
2024      5     11     09     43     00    000  -2.00  -6.08   1.67
2024      5     11     09     44     00    000  -1.97  -6.09   1.66
2024      5     11     09     45     00    000  -1.95  -6.10   1.66
2024      5     11     09     46     00    000  -1.92  -6.11   1.65
2024      5     11     09     47     00    000  -1.89  -6.12   1.64
2024      5     11     09     48     00    000  -1.87  -6.13   1.64
2024      5     11     09     49     00    000  -1.84  -6.14   1.63
2024      5     11     09     50     00    000  -1.82  -6.14   1.63
2024      5     11     09     51     00    000  -1.79  -6.15   1.62
2024      5     11     09     52     00    000  -1.76  -6.16   1.62
2024      5     11     09     53     00    000  -1.74  -6.17   1.61
2024      5     11     09     54     00    000  -1.71  -6.18   1.60
2024      5     11     09     55     00    000  -1.68  -6.19   1.60
2024      5     11     09     56     00    000  -1.66  -6.20   1.59
2024      5     11     09     57     00    000  -1.63  -6.21   1.59
2024      5     11     09     58     00    000  -1.60  -6.22   1.58
2024      5     11     09     59     00    000  -1.58  -6.22   1.57
2024      5     11     10     00     00    000  -1.55  -6.23   1.57
2024      5     11     10     01     00    000  -1.52  -6.24   1.56
2024      5     11     10     02     00    000  -1.50  -6.25   1.56
2024      5     11     10     03     00    000  -1.47  -6.26   1.55
2024      5     11     10     04     00    000  -1.44  -6.26   1.54
2024      5     11     10     05     00    000  -1.42  -6.27   1.54
2024      5     11     10     06     00    000  -1.39  -6.28   1.53
2024      5     11     10     07     00    000  -1.36  -6.29   1.52
2024      5     11     10     08     00    000  -1.34  -6.29   1.52
2024      5     11     10     09     00    000  -1.31  -6.30   1.51
2024      5     11     10     10     00    000  -1.28  -6.31   1.50
2024      5     11     10     11     00    000  -1.26  -6.31   1.50
2024      5     11     10     12     00    000  -1.23  -6.32   1.49
2024      5     11     10     13     00    000  -1.20  -6.33   1.48
2024      5     11     10     14     00    000  -1.18  -6.34   1.48
2024      5     11     10     15     00    000  -1.15  -6.34   1.47
2024      5     11     10     16     00    000  -1.12  -6.35   1.46
2024      5     11     10     17     00    000  -1.10  -6.35   1.46
2024      5     11     10     18     00    000  -1.07  -6.36   1.45
2024      5     11     10     19     00    000  -1.04  -6.37   1.44
2024      5     11     10     20     00    000  -1.01  -6.37   1.44
2024      5     11     10     21     00    000  -0.99  -6.38   1.43
2024      5     11     10     22     00    000  -0.96  -6.38   1.42
2024      5     11     10     23     00    000  -0.93  -6.39   1.41
2024      5     11     10     24     00    000  -0.91  -6.40   1.41
2024      5     11     10     25     00    000  -0.88  -6.40   1.40
2024      5     11     10     26     00    000  -0.85  -6.41   1.39
2024      5     11     10     27     00    000  -0.82  -6.41   1.38
2024      5     11     10     28     00    000  -0.80  -6.42   1.38
2024      5     11     10     29     00    000  -0.77  -6.42   1.37
2024      5     11     10     30     00    000  -0.74  -6.43   1.36
2024      5     11     10     31     00    000  -0.72  -6.43   1.35
2024      5     11     10     32     00    000  -0.69  -6.44   1.35
2024      5     11     10     33     00    000  -0.66  -6.44   1.34
2024      5     11     10     34     00    000  -0.63  -6.44   1.33
2024      5     11     10     35     00    000  -0.61  -6.45   1.32
2024      5     11     10     36     00    000  -0.58  -6.45   1.32
2024      5     11     10     37     00    000  -0.55  -6.46   1.31
2024      5     11     10     38     00    000  -0.52  -6.46   1.30
2024      5     11     10     39     00    000  -0.50  -6.46   1.29
2024      5     11     10     40     00    000  -0.47  -6.47   1.28
2024      5     11     10     41     00    000  -0.44  -6.47   1.28
2024      5     11     10     42     00    000  -0.42  -6.47   1.27
2024      5     11     10     43     00    000  -0.39  -6.48   1.26
2024      5     11     10     44     00    000  -0.36  -6.48   1.25
2024      5     11     10     45     00    000  -0.33  -6.48   1.24
2024      5     11     10     46     00    000  -0.31  -6.49   1.24
2024      5     11     10     47     00    000  -0.28  -6.49   1.23
2024      5     11     10     48     00    000  -0.25  -6.49   1.22
2024      5     11     10     49     00    000  -0.22  -6.49   1.21
2024      5     11     10     50     00    000  -0.20  -6.50   1.20
2024      5     11     10     51     00    000  -0.17  -6.50   1.19
2024      5     11     10     52     00    000  -0.14  -6.50   1.19
2024      5     11     10     53     00    000  -0.11  -6.50   1.18
2024      5     11     10     54     00    000  -0.09  -6.51   1.17
2024      5     11     10     55     00    000  -0.06  -6.51   1.16
2024      5     11     10     56     00    000  -0.03  -6.51   1.15
2024      5     11     10     57     00    000  -0.00  -6.51   1.14
2024      5     11     10     58     00    000   0.02  -6.51   1.13
2024      5     11     10     59     00    000   0.05  -6.51   1.12
2024      5     11     11     00     00    000   0.08  -6.52   1.12
2024      5     11     11     01     00    000   0.11  -6.52   1.11
2024      5     11     11     02     00    000   0.13  -6.52   1.10
2024      5     11     11     03     00    000   0.16  -6.52   1.09
2024      5     11     11     04     00    000   0.19  -6.52   1.08
2024      5     11     11     05     00    000   0.22  -6.52   1.07
2024      5     11     11     06     00    000   0.24  -6.52   1.06
2024      5     11     11     07     00    000   0.27  -6.52   1.05
2024      5     11     11     08     00    000   0.30  -6.52   1.04
2024      5     11     11     09     00    000   0.33  -6.52   1.03
2024      5     11     11     10     00    000   0.35  -6.52   1.03
2024      5     11     11     11     00    000   0.38  -6.52   1.02
2024      5     11     11     12     00    000   0.41  -6.52   1.01
2024      5     11     11     13     00    000   0.43  -6.52   1.00
2024      5     11     11     14     00    000   0.46  -6.52   0.99
2024      5     11     11     15     00    000   0.49  -6.52   0.98
2024      5     11     11     16     00    000   0.52  -6.52   0.97
2024      5     11     11     17     00    000   0.54  -6.52   0.96
2024      5     11     11     18     00    000   0.57  -6.52   0.95
2024      5     11     11     19     00    000   0.60  -6.52   0.94
2024      5     11     11     20     00    000   0.63  -6.51   0.93
2024      5     11     11     21     00    000   0.65  -6.51   0.92
2024      5     11     11     22     00    000   0.68  -6.51   0.91
2024      5     11     11     23     00    000   0.71  -6.51   0.90
2024      5     11     11     24     00    000   0.73  -6.51   0.89
2024      5     11     11     25     00    000   0.76  -6.51   0.88
2024      5     11     11     26     00    000   0.79  -6.51   0.87
2024      5     11     11     27     00    000   0.82  -6.50   0.86
2024      5     11     11     28     00    000   0.84  -6.50   0.85
2024      5     11     11     29     00    000   0.87  -6.50   0.84
2024      5     11     11     30     00    000   0.90  -6.50   0.83
2024      5     11     11     31     00    000   0.93  -6.49   0.82
2024      5     11     11     32     00    000   0.95  -6.49   0.81
2024      5     11     11     33     00    000   0.98  -6.49   0.80
2024      5     11     11     34     00    000   1.01  -6.49   0.79
2024      5     11     11     35     00    000   1.03  -6.48   0.78
2024      5     11     11     36     00    000   1.06  -6.48   0.77
2024      5     11     11     37     00    000   1.09  -6.48   0.76
2024      5     11     11     38     00    000   1.11  -6.47   0.75
2024      5     11     11     39     00    000   1.14  -6.47   0.74
2024      5     11     11     40     00    000   1.17  -6.47   0.73
2024      5     11     11     41     00    000   1.20  -6.46   0.72
2024      5     11     11     42     00    000   1.22  -6.46   0.71
2024      5     11     11     43     00    000   1.25  -6.45   0.70
2024      5     11     11     44     00    000   1.28  -6.45   0.69
2024      5     11     11     45     00    000   1.30  -6.45   0.68
2024      5     11     11     46     00    000   1.33  -6.44   0.67
2024      5     11     11     47     00    000   1.36  -6.44   0.66
2024      5     11     11     48     00    000   1.38  -6.43   0.64
2024      5     11     11     49     00    000   1.41  -6.43   0.63
2024      5     11     11     50     00    000   1.44  -6.42   0.62
2024      5     11     11     51     00    000   1.46  -6.42   0.61
2024      5     11     11     52     00    000   1.49  -6.41   0.60
2024      5     11     11     53     00    000   1.52  -6.41   0.59
2024      5     11     11     54     00    000   1.54  -6.40   0.58
2024      5     11     11     55     00    000   1.57  -6.40   0.57
2024      5     11     11     56     00    000   1.60  -6.39   0.56
2024      5     11     11     57     00    000   1.62  -6.38   0.55
2024      5     11     11     58     00    000   1.65  -6.38   0.54
2024      5     11     11     59     00    000   1.68  -6.37   0.53
2024      5     11     12     00     00    000   1.70  -6.37   0.51
2024      5     11     12     01     00    000   1.73  -6.36   0.50
2024      5     11     12     02     00    000   1.76  -6.35   0.49
2024      5     11     12     03     00    000   1.78  -6.35   0.48
2024      5     11     12     04     00    000   1.81  -6.34   0.47
2024      5     11     12     05     00    000   1.83  -6.33   0.46
2024      5     11     12     06     00    000   1.86  -6.33   0.45
2024      5     11     12     07     00    000   1.89  -6.32   0.44
2024      5     11     12     08     00    000   1.91  -6.31   0.43
2024      5     11     12     09     00    000   1.94  -6.31   0.41
2024      5     11     12     10     00    000   1.96  -6.30   0.40
2024      5     11     12     11     00    000   1.99  -6.29   0.39
2024      5     11     12     12     00    000   2.02  -6.28   0.38
2024      5     11     12     13     00    000   2.04  -6.28   0.37
2024      5     11     12     14     00    000   2.07  -6.27   0.36
2024      5     11     12     15     00    000   2.09  -6.26   0.35
2024      5     11     12     16     00    000   2.12  -6.25   0.33
2024      5     11     12     17     00    000   2.15  -6.24   0.32
2024      5     11     12     18     00    000   2.17  -6.24   0.31
2024      5     11     12     19     00    000   2.20  -6.23   0.30
2024      5     11     12     20     00    000   2.22  -6.22   0.29
2024      5     11     12     21     00    000   2.25  -6.21   0.28
2024      5     11     12     22     00    000   2.27  -6.20   0.27
2024      5     11     12     23     00    000   2.30  -6.19   0.25
2024      5     11     12     24     00    000   2.33  -6.18   0.24
2024      5     11     12     25     00    000   2.35  -6.17   0.23
2024      5     11     12     26     00    000   2.38  -6.16   0.22
2024      5     11     12     27     00    000   2.40  -6.16   0.21
2024      5     11     12     28     00    000   2.43  -6.15   0.20
2024      5     11     12     29     00    000   2.45  -6.14   0.18
2024      5     11     12     30     00    000   2.48  -6.13   0.17
2024      5     11     12     31     00    000   2.50  -6.12   0.16
2024      5     11     12     32     00    000   2.53  -6.11   0.15
2024      5     11     12     33     00    000   2.55  -6.10   0.14
2024      5     11     12     34     00    000   2.58  -6.09   0.12
2024      5     11     12     35     00    000   2.60  -6.08   0.11
2024      5     11     12     36     00    000   2.63  -6.06   0.10
2024      5     11     12     37     00    000   2.65  -6.05   0.09
2024      5     11     12     38     00    000   2.68  -6.04   0.08
2024      5     11     12     39     00    000   2.70  -6.03   0.07
2024      5     11     12     40     00    000   2.73  -6.02   0.05
2024      5     11     12     41     00    000   2.75  -6.01   0.04
2024      5     11     12     42     00    000   2.78  -6.00   0.03
2024      5     11     12     43     00    000   2.80  -5.99   0.02
2024      5     11     12     44     00    000   2.83  -5.98   0.01
2024      5     11     12     45     00    000   2.85  -5.96  -0.01
2024      5     11     12     46     00    000   2.87  -5.95  -0.02
2024      5     11     12     47     00    000   2.90  -5.94  -0.03
2024      5     11     12     48     00    000   2.92  -5.93  -0.04
2024      5     11     12     49     00    000   2.95  -5.92  -0.05
2024      5     11     12     50     00    000   2.97  -5.90  -0.07
2024      5     11     12     51     00    000   3.00  -5.89  -0.08
2024      5     11     12     52     00    000   3.02  -5.88  -0.09
2024      5     11     12     53     00    000   3.04  -5.87  -0.10
2024      5     11     12     54     00    000   3.07  -5.85  -0.11
2024      5     11     12     55     00    000   3.09  -5.84  -0.13
2024      5     11     12     56     00    000   3.12  -5.83  -0.14
2024      5     11     12     57     00    000   3.14  -5.82  -0.15
2024      5     11     12     58     00    000   3.16  -5.80  -0.16
2024      5     11     12     59     00    000   3.19  -5.79  -0.17
2024      5     11     13     00     00    000   3.21  -5.78  -0.19
2024      5     11     13     01     00    000   3.23  -5.76  -0.20
2024      5     11     13     02     00    000   3.26  -5.75  -0.21
2024      5     11     13     03     00    000   3.28  -5.73  -0.22
2024      5     11     13     04     00    000   3.30  -5.72  -0.23
2024      5     11     13     05     00    000   3.33  -5.71  -0.25
2024      5     11     13     06     00    000   3.35  -5.69  -0.26
2024      5     11     13     07     00    000   3.37  -5.68  -0.27
2024      5     11     13     08     00    000   3.40  -5.66  -0.28
2024      5     11     13     09     00    000   3.42  -5.65  -0.29
2024      5     11     13     10     00    000   3.44  -5.63  -0.31
2024      5     11     13     11     00    000   3.47  -5.62  -0.32
2024      5     11     13     12     00    000   3.49  -5.61  -0.33
2024      5     11     13     13     00    000   3.51  -5.59  -0.34
2024      5     11     13     14     00    000   3.53  -5.58  -0.35
2024      5     11     13     15     00    000   3.56  -5.56  -0.37
2024      5     11     13     16     00    000   3.58  -5.54  -0.38
2024      5     11     13     17     00    000   3.60  -5.53  -0.39
2024      5     11     13     18     00    000   3.62  -5.51  -0.40
2024      5     11     13     19     00    000   3.65  -5.50  -0.42
2024      5     11     13     20     00    000   3.67  -5.48  -0.43
2024      5     11     13     21     00    000   3.69  -5.47  -0.44
2024      5     11     13     22     00    000   3.71  -5.45  -0.45
2024      5     11     13     23     00    000   3.74  -5.43  -0.46
2024      5     11     13     24     00    000   3.76  -5.42  -0.48
2024      5     11     13     25     00    000   3.78  -5.40  -0.49
2024      5     11     13     26     00    000   3.80  -5.39  -0.50
2024      5     11     13     27     00    000   3.82  -5.37  -0.51
2024      5     11     13     28     00    000   3.84  -5.35  -0.52
2024      5     11     13     29     00    000   3.87  -5.34  -0.54
2024      5     11     13     30     00    000   3.89  -5.32  -0.55
2024      5     11     13     31     00    000   3.91  -5.30  -0.56
2024      5     11     13     32     00    000   3.93  -5.28  -0.57
2024      5     11     13     33     00    000   3.95  -5.27  -0.58
2024      5     11     13     34     00    000   3.97  -5.25  -0.59
2024      5     11     13     35     00    000   3.99  -5.23  -0.61
2024      5     11     13     36     00    000   4.02  -5.21  -0.62
2024      5     11     13     37     00    000   4.04  -5.20  -0.63
2024      5     11     13     38     00    000   4.06  -5.18  -0.64
2024      5     11     13     39     00    000   4.08  -5.16  -0.65
2024      5     11     13     40     00    000   4.10  -5.14  -0.67
2024      5     11     13     41     00    000   4.12  -5.12  -0.68
2024      5     11     13     42     00    000   4.14  -5.11  -0.69
2024      5     11     13     43     00    000   4.16  -5.09  -0.70
2024      5     11     13     44     00    000   4.18  -5.07  -0.71
2024      5     11     13     45     00    000   4.20  -5.05  -0.72
2024      5     11     13     46     00    000   4.22  -5.03  -0.74
2024      5     11     13     47     00    000   4.24  -5.01  -0.75
2024      5     11     13     48     00    000   4.26  -4.99  -0.76
2024      5     11     13     49     00    000   4.28  -4.98  -0.77
2024      5     11     13     50     00    000   4.30  -4.96  -0.78
2024      5     11     13     51     00    000   4.32  -4.94  -0.79
2024      5     11     13     52     00    000   4.34  -4.92  -0.81
2024      5     11     13     53     00    000   4.36  -4.90  -0.82
2024      5     11     13     54     00    000   4.38  -4.88  -0.83
2024      5     11     13     55     00    000   4.40  -4.86  -0.84
2024      5     11     13     56     00    000   4.42  -4.84  -0.85
2024      5     11     13     57     00    000   4.44  -4.82  -0.86
2024      5     11     13     58     00    000   4.46  -4.80  -0.88
2024      5     11     13     59     00    000   4.48  -4.78  -0.89
2024      5     11     14     00     00    000   4.50  -4.76  -0.90
2024      5     11     14     01     00    000   4.52  -4.74  -0.91
2024      5     11     14     02     00    000   4.54  -4.72  -0.92
2024      5     11     14     03     00    000   4.56  -4.70  -0.93
2024      5     11     14     04     00    000   4.58  -4.68  -0.94
2024      5     11     14     05     00    000   4.59  -4.66  -0.96
2024      5     11     14     06     00    000   4.61  -4.64  -0.97
2024      5     11     14     07     00    000   4.63  -4.61  -0.98
2024      5     11     14     08     00    000   4.65  -4.59  -0.99
2024      5     11     14     09     00    000   4.67  -4.57  -1.00
2024      5     11     14     10     00    000   4.69  -4.55  -1.01
2024      5     11     14     11     00    000   4.70  -4.53  -1.02
2024      5     11     14     12     00    000   4.72  -4.51  -1.03
2024      5     11     14     13     00    000   4.74  -4.49  -1.04
2024      5     11     14     14     00    000   4.76  -4.47  -1.05
2024      5     11     14     15     00    000   4.78  -4.44  -1.07
2024      5     11     14     16     00    000   4.79  -4.42  -1.08
2024      5     11     14     17     00    000   4.81  -4.40  -1.09
2024      5     11     14     18     00    000   4.83  -4.38  -1.10
2024      5     11     14     19     00    000   4.85  -4.36  -1.11
2024      5     11     14     20     00    000   4.86  -4.33  -1.12
2024      5     11     14     21     00    000   4.88  -4.31  -1.13
2024      5     11     14     22     00    000   4.90  -4.29  -1.14
2024      5     11     14     23     00    000   4.92  -4.27  -1.15
2024      5     11     14     24     00    000   4.93  -4.24  -1.16
2024      5     11     14     25     00    000   4.95  -4.22  -1.17
2024      5     11     14     26     00    000   4.97  -4.20  -1.18
2024      5     11     14     27     00    000   4.98  -4.18  -1.19
2024      5     11     14     28     00    000   5.00  -4.15  -1.20
2024      5     11     14     29     00    000   5.02  -4.13  -1.22
2024      5     11     14     30     00    000   5.03  -4.11  -1.23
2024      5     11     14     31     00    000   5.05  -4.08  -1.24
2024      5     11     14     32     00    000   5.07  -4.06  -1.25
2024      5     11     14     33     00    000   5.08  -4.04  -1.26
2024      5     11     14     34     00    000   5.10  -4.01  -1.27
2024      5     11     14     35     00    000   5.11  -3.99  -1.28
2024      5     11     14     36     00    000   5.13  -3.97  -1.29
2024      5     11     14     37     00    000   5.15  -3.94  -1.30
2024      5     11     14     38     00    000   5.16  -3.92  -1.31
2024      5     11     14     39     00    000   5.18  -3.89  -1.32
2024      5     11     14     40     00    000   5.19  -3.87  -1.33
2024      5     11     14     41     00    000   5.21  -3.85  -1.34
2024      5     11     14     42     00    000   5.22  -3.82  -1.35
2024      5     11     14     43     00    000   5.24  -3.80  -1.36
2024      5     11     14     44     00    000   5.25  -3.77  -1.37
2024      5     11     14     45     00    000   5.27  -3.75  -1.38
2024      5     11     14     46     00    000   5.28  -3.72  -1.39
2024      5     11     14     47     00    000   5.30  -3.70  -1.39
2024      5     11     14     48     00    000   5.31  -3.67  -1.40
2024      5     11     14     49     00    000   5.33  -3.65  -1.41
2024      5     11     14     50     00    000   5.34  -3.62  -1.42
2024      5     11     14     51     00    000   5.36  -3.60  -1.43
2024      5     11     14     52     00    000   5.37  -3.57  -1.44
2024      5     11     14     53     00    000   5.39  -3.55  -1.45
2024      5     11     14     54     00    000   5.40  -3.52  -1.46
2024      5     11     14     55     00    000   5.41  -3.50  -1.47
2024      5     11     14     56     00    000   5.43  -3.47  -1.48
2024      5     11     14     57     00    000   5.44  -3.45  -1.49
2024      5     11     14     58     00    000   5.45  -3.42  -1.50
2024      5     11     14     59     00    000   5.47  -3.40  -1.51
2024      5     11     15     00     00    000   5.48  -3.37  -1.51
2024      5     11     15     01     00    000   5.49  -3.34  -1.52
2024      5     11     15     02     00    000   5.51  -3.32  -1.53
2024      5     11     15     03     00    000   5.52  -3.29  -1.54
2024      5     11     15     04     00    000   5.53  -3.27  -1.55
2024      5     11     15     05     00    000   5.55  -3.24  -1.56
2024      5     11     15     06     00    000   5.56  -3.21  -1.57
2024      5     11     15     07     00    000   5.57  -3.19  -1.57
2024      5     11     15     08     00    000   5.59  -3.16  -1.58
2024      5     11     15     09     00    000   5.60  -3.14  -1.59
2024      5     11     15     10     00    000   5.61  -3.11  -1.60
2024      5     11     15     11     00    000   5.62  -3.08  -1.61
2024      5     11     15     12     00    000   5.63  -3.06  -1.62
2024      5     11     15     13     00    000   5.65  -3.03  -1.62
2024      5     11     15     14     00    000   5.66  -3.00  -1.63
2024      5     11     15     15     00    000   5.67  -2.98  -1.64
2024      5     11     15     16     00    000   5.68  -2.95  -1.65
2024      5     11     15     17     00    000   5.69  -2.92  -1.66
2024      5     11     15     18     00    000   5.71  -2.89  -1.66
2024      5     11     15     19     00    000   5.72  -2.87  -1.67
2024      5     11     15     20     00    000   5.73  -2.84  -1.68
2024      5     11     15     21     00    000   5.74  -2.81  -1.69
2024      5     11     15     22     00    000   5.75  -2.79  -1.69
2024      5     11     15     23     00    000   5.76  -2.76  -1.70
2024      5     11     15     24     00    000   5.77  -2.73  -1.71
2024      5     11     15     25     00    000   5.78  -2.70  -1.72
2024      5     11     15     26     00    000   5.79  -2.68  -1.72
2024      5     11     15     27     00    000   5.80  -2.65  -1.73
2024      5     11     15     28     00    000   5.82  -2.62  -1.74
2024      5     11     15     29     00    000   5.83  -2.59  -1.74
2024      5     11     15     30     00    000   5.84  -2.56  -1.75
2024      5     11     15     31     00    000   5.85  -2.54  -1.76
2024      5     11     15     32     00    000   5.86  -2.51  -1.76
2024      5     11     15     33     00    000   5.87  -2.48  -1.77
2024      5     11     15     34     00    000   5.88  -2.45  -1.78
2024      5     11     15     35     00    000   5.89  -2.42  -1.78
2024      5     11     15     36     00    000   5.89  -2.40  -1.79
2024      5     11     15     37     00    000   5.90  -2.37  -1.80
2024      5     11     15     38     00    000   5.91  -2.34  -1.80
2024      5     11     15     39     00    000   5.92  -2.31  -1.81
2024      5     11     15     40     00    000   5.93  -2.28  -1.82
2024      5     11     15     41     00    000   5.94  -2.26  -1.82
2024      5     11     15     42     00    000   5.95  -2.23  -1.83
2024      5     11     15     43     00    000   5.96  -2.20  -1.83
2024      5     11     15     44     00    000   5.97  -2.17  -1.84
2024      5     11     15     45     00    000   5.98  -2.14  -1.85
2024      5     11     15     46     00    000   5.98  -2.11  -1.85
2024      5     11     15     47     00    000   5.99  -2.08  -1.86
2024      5     11     15     48     00    000   6.00  -2.05  -1.86
2024      5     11     15     49     00    000   6.01  -2.03  -1.87
2024      5     11     15     50     00    000   6.02  -2.00  -1.87
2024      5     11     15     51     00    000   6.02  -1.97  -1.88
2024      5     11     15     52     00    000   6.03  -1.94  -1.88
2024      5     11     15     53     00    000   6.04  -1.91  -1.89
2024      5     11     15     54     00    000   6.05  -1.88  -1.90
2024      5     11     15     55     00    000   6.05  -1.85  -1.90
2024      5     11     15     56     00    000   6.06  -1.82  -1.91
2024      5     11     15     57     00    000   6.07  -1.79  -1.91
2024      5     11     15     58     00    000   6.08  -1.76  -1.91
2024      5     11     15     59     00    000   6.08  -1.73  -1.92
2024      5     11     16     00     00    000   6.09  -1.71  -1.92
2024      5     11     16     01     00    000   6.10  -1.68  -1.93
2024      5     11     16     02     00    000   6.10  -1.65  -1.93
2024      5     11     16     03     00    000   6.11  -1.62  -1.94
2024      5     11     16     04     00    000   6.12  -1.59  -1.94
2024      5     11     16     05     00    000   6.12  -1.56  -1.95
2024      5     11     16     06     00    000   6.13  -1.53  -1.95
2024      5     11     16     07     00    000   6.13  -1.50  -1.95
2024      5     11     16     08     00    000   6.14  -1.47  -1.96
2024      5     11     16     09     00    000   6.15  -1.44  -1.96
2024      5     11     16     10     00    000   6.15  -1.41  -1.97
2024      5     11     16     11     00    000   6.16  -1.38  -1.97
2024      5     11     16     12     00    000   6.16  -1.35  -1.97
2024      5     11     16     13     00    000   6.17  -1.32  -1.98
2024      5     11     16     14     00    000   6.17  -1.29  -1.98
2024      5     11     16     15     00    000   6.18  -1.26  -1.98
2024      5     11     16     16     00    000   6.18  -1.23  -1.99
2024      5     11     16     17     00    000   6.19  -1.20  -1.99
2024      5     11     16     18     00    000   6.19  -1.17  -1.99
2024      5     11     16     19     00    000   6.20  -1.14  -2.00
2024      5     11     16     20     00    000   6.20  -1.11  -2.00
2024      5     11     16     21     00    000   6.21  -1.08  -2.00
2024      5     11     16     22     00    000   6.21  -1.05  -2.01
2024      5     11     16     23     00    000   6.21  -1.02  -2.01
2024      5     11     16     24     00    000   6.22  -0.99  -2.01
2024      5     11     16     25     00    000   6.22  -0.96  -2.01
2024      5     11     16     26     00    000   6.23  -0.93  -2.02
2024      5     11     16     27     00    000   6.23  -0.90  -2.02
2024      5     11     16     28     00    000   6.23  -0.87  -2.02
2024      5     11     16     29     00    000   6.24  -0.84  -2.02
2024      5     11     16     30     00    000   6.24  -0.81  -2.03
2024      5     11     16     31     00    000   6.24  -0.78  -2.03
2024      5     11     16     32     00    000   6.25  -0.75  -2.03
2024      5     11     16     33     00    000   6.25  -0.72  -2.03
2024      5     11     16     34     00    000   6.25  -0.69  -2.03
2024      5     11     16     35     00    000   6.25  -0.66  -2.04
2024      5     11     16     36     00    000   6.26  -0.63  -2.04
2024      5     11     16     37     00    000   6.26  -0.60  -2.04
2024      5     11     16     38     00    000   6.26  -0.57  -2.04
2024      5     11     16     39     00    000   6.26  -0.54  -2.04
2024      5     11     16     40     00    000   6.27  -0.51  -2.04
2024      5     11     16     41     00    000   6.27  -0.48  -2.04
2024      5     11     16     42     00    000   6.27  -0.45  -2.05
2024      5     11     16     43     00    000   6.27  -0.42  -2.05
2024      5     11     16     44     00    000   6.27  -0.38  -2.05
2024      5     11     16     45     00    000   6.28  -0.35  -2.05
2024      5     11     16     46     00    000   6.28  -0.32  -2.05
2024      5     11     16     47     00    000   6.28  -0.29  -2.05
2024      5     11     16     48     00    000   6.28  -0.26  -2.05
2024      5     11     16     49     00    000   6.28  -0.23  -2.05
2024      5     11     16     50     00    000   6.28  -0.20  -2.05
2024      5     11     16     51     00    000   6.28  -0.17  -2.05
2024      5     11     16     52     00    000   6.28  -0.14  -2.05
2024      5     11     16     53     00    000   6.28  -0.11  -2.05
2024      5     11     16     54     00    000   6.28  -0.08  -2.05
2024      5     11     16     55     00    000   6.28  -0.05  -2.05
2024      5     11     16     56     00    000   6.28  -0.02  -2.05
2024      5     11     16     57     00    000   6.28   0.01  -2.05
2024      5     11     16     58     00    000   6.28   0.04  -2.05
2024      5     11     16     59     00    000   6.28   0.07  -2.05
2024      5     11     17     00     00    000   6.28   0.10  -2.05
2024      5     11     17     01     00    000   6.28   0.13  -2.05
2024      5     11     17     02     00    000   6.28   0.16  -2.05
2024      5     11     17     03     00    000   6.28   0.19  -2.05
2024      5     11     17     04     00    000   6.28   0.22  -2.05
2024      5     11     17     05     00    000   6.28   0.26  -2.05
2024      5     11     17     06     00    000   6.28   0.29  -2.05
2024      5     11     17     07     00    000   6.28   0.32  -2.05
2024      5     11     17     08     00    000   6.28   0.35  -2.05
2024      5     11     17     09     00    000   6.28   0.38  -2.04
2024      5     11     17     10     00    000   6.27   0.41  -2.04
2024      5     11     17     11     00    000   6.27   0.44  -2.04
2024      5     11     17     12     00    000   6.27   0.47  -2.04
2024      5     11     17     13     00    000   6.27   0.50  -2.04
2024      5     11     17     14     00    000   6.27   0.53  -2.04
2024      5     11     17     15     00    000   6.26   0.56  -2.03
2024      5     11     17     16     00    000   6.26   0.59  -2.03
2024      5     11     17     17     00    000   6.26   0.62  -2.03
2024      5     11     17     18     00    000   6.26   0.65  -2.03
2024      5     11     17     19     00    000   6.26   0.68  -2.03
2024      5     11     17     20     00    000   6.25   0.71  -2.03
2024      5     11     17     21     00    000   6.25   0.74  -2.02
2024      5     11     17     22     00    000   6.25   0.77  -2.02
2024      5     11     17     23     00    000   6.24   0.80  -2.02
2024      5     11     17     24     00    000   6.24   0.83  -2.02
2024      5     11     17     25     00    000   6.24   0.86  -2.01
2024      5     11     17     26     00    000   6.23   0.89  -2.01
2024      5     11     17     27     00    000   6.23   0.92  -2.01
2024      5     11     17     28     00    000   6.23   0.95  -2.00
2024      5     11     17     29     00    000   6.22   0.98  -2.00
2024      5     11     17     30     00    000   6.22   1.01  -2.00
2024      5     11     17     31     00    000   6.22   1.04  -2.00
2024      5     11     17     32     00    000   6.21   1.07  -1.99
2024      5     11     17     33     00    000   6.21   1.10  -1.99
2024      5     11     17     34     00    000   6.20   1.13  -1.99
2024      5     11     17     35     00    000   6.20   1.16  -1.98
2024      5     11     17     36     00    000   6.19   1.19  -1.98
2024      5     11     17     37     00    000   6.19   1.22  -1.98
2024      5     11     17     38     00    000   6.18   1.25  -1.97
2024      5     11     17     39     00    000   6.18   1.28  -1.97
2024      5     11     17     40     00    000   6.17   1.31  -1.96
2024      5     11     17     41     00    000   6.17   1.34  -1.96
2024      5     11     17     42     00    000   6.16   1.37  -1.96
2024      5     11     17     43     00    000   6.16   1.40  -1.95
2024      5     11     17     44     00    000   6.15   1.43  -1.95
2024      5     11     17     45     00    000   6.15   1.46  -1.94
2024      5     11     17     46     00    000   6.14   1.49  -1.94
2024      5     11     17     47     00    000   6.14   1.52  -1.94
2024      5     11     17     48     00    000   6.13   1.55  -1.93
2024      5     11     17     49     00    000   6.12   1.58  -1.93
2024      5     11     17     50     00    000   6.12   1.61  -1.92
2024      5     11     17     51     00    000   6.11   1.64  -1.92
2024      5     11     17     52     00    000   6.10   1.67  -1.91
2024      5     11     17     53     00    000   6.10   1.70  -1.91
2024      5     11     17     54     00    000   6.09   1.73  -1.90
2024      5     11     17     55     00    000   6.08   1.75  -1.90
2024      5     11     17     56     00    000   6.08   1.78  -1.89
2024      5     11     17     57     00    000   6.07   1.81  -1.89
2024      5     11     17     58     00    000   6.06   1.84  -1.88
2024      5     11     17     59     00    000   6.06   1.87  -1.88
2024      5     11     18     00     00    000   6.05   1.90  -1.87
2024      5     11     18     01     00    000   6.04   1.93  -1.87
2024      5     11     18     02     00    000   6.03   1.96  -1.86
2024      5     11     18     03     00    000   6.03   1.99  -1.86
2024      5     11     18     04     00    000   6.02   2.02  -1.85
2024      5     11     18     05     00    000   6.01   2.04  -1.84
2024      5     11     18     06     00    000   6.00   2.07  -1.84
2024      5     11     18     07     00    000   5.99   2.10  -1.83
2024      5     11     18     08     00    000   5.99   2.13  -1.83
2024      5     11     18     09     00    000   5.98   2.16  -1.82
2024      5     11     18     10     00    000   5.97   2.19  -1.81
2024      5     11     18     11     00    000   5.96   2.22  -1.81
2024      5     11     18     12     00    000   5.95   2.24  -1.80
2024      5     11     18     13     00    000   5.94   2.27  -1.80
2024      5     11     18     14     00    000   5.93   2.30  -1.79
2024      5     11     18     15     00    000   5.92   2.33  -1.78
2024      5     11     18     16     00    000   5.91   2.36  -1.78
2024      5     11     18     17     00    000   5.91   2.39  -1.77
2024      5     11     18     18     00    000   5.90   2.41  -1.76
2024      5     11     18     19     00    000   5.89   2.44  -1.76
2024      5     11     18     20     00    000   5.88   2.47  -1.75
2024      5     11     18     21     00    000   5.87   2.50  -1.74
2024      5     11     18     22     00    000   5.86   2.53  -1.73
2024      5     11     18     23     00    000   5.85   2.55  -1.73
2024      5     11     18     24     00    000   5.84   2.58  -1.72
2024      5     11     18     25     00    000   5.83   2.61  -1.71
2024      5     11     18     26     00    000   5.82   2.64  -1.71
2024      5     11     18     27     00    000   5.81   2.66  -1.70
2024      5     11     18     28     00    000   5.80   2.69  -1.69
2024      5     11     18     29     00    000   5.79   2.72  -1.68
2024      5     11     18     30     00    000   5.77   2.75  -1.68
2024      5     11     18     31     00    000   5.76   2.77  -1.67
2024      5     11     18     32     00    000   5.75   2.80  -1.66
2024      5     11     18     33     00    000   5.74   2.83  -1.65
2024      5     11     18     34     00    000   5.73   2.86  -1.65
2024      5     11     18     35     00    000   5.72   2.88  -1.64
2024      5     11     18     36     00    000   5.71   2.91  -1.63
2024      5     11     18     37     00    000   5.70   2.94  -1.62
2024      5     11     18     38     00    000   5.68   2.96  -1.61
2024      5     11     18     39     00    000   5.67   2.99  -1.61
2024      5     11     18     40     00    000   5.66   3.02  -1.60
2024      5     11     18     41     00    000   5.65   3.04  -1.59
2024      5     11     18     42     00    000   5.64   3.07  -1.58
2024      5     11     18     43     00    000   5.62   3.10  -1.57
2024      5     11     18     44     00    000   5.61   3.12  -1.57
2024      5     11     18     45     00    000   5.60   3.15  -1.56
2024      5     11     18     46     00    000   5.59   3.18  -1.55
2024      5     11     18     47     00    000   5.57   3.20  -1.54
2024      5     11     18     48     00    000   5.56   3.23  -1.53
2024      5     11     18     49     00    000   5.55   3.25  -1.52
2024      5     11     18     50     00    000   5.54   3.28  -1.51
2024      5     11     18     51     00    000   5.52   3.31  -1.50
2024      5     11     18     52     00    000   5.51   3.33  -1.50
2024      5     11     18     53     00    000   5.50   3.36  -1.49
2024      5     11     18     54     00    000   5.48   3.38  -1.48
2024      5     11     18     55     00    000   5.47   3.41  -1.47
2024      5     11     18     56     00    000   5.46   3.43  -1.46
2024      5     11     18     57     00    000   5.44   3.46  -1.45
2024      5     11     18     58     00    000   5.43   3.48  -1.44
2024      5     11     18     59     00    000   5.42   3.51  -1.43
2024      5     11     19     00     00    000   5.40   3.54  -1.42
2024      5     11     19     01     00    000   5.39   3.56  -1.41
2024      5     11     19     02     00    000   5.37   3.59  -1.40
2024      5     11     19     03     00    000   5.36   3.61  -1.40
2024      5     11     19     04     00    000   5.34   3.64  -1.39
2024      5     11     19     05     00    000   5.33   3.66  -1.38
2024      5     11     19     06     00    000   5.32   3.68  -1.37
2024      5     11     19     07     00    000   5.30   3.71  -1.36
2024      5     11     19     08     00    000   5.29   3.73  -1.35
2024      5     11     19     09     00    000   5.27   3.76  -1.34
2024      5     11     19     10     00    000   5.26   3.78  -1.33
2024      5     11     19     11     00    000   5.24   3.81  -1.32
2024      5     11     19     12     00    000   5.23   3.83  -1.31
2024      5     11     19     13     00    000   5.21   3.86  -1.30
2024      5     11     19     14     00    000   5.20   3.88  -1.29
2024      5     11     19     15     00    000   5.18   3.90  -1.28
2024      5     11     19     16     00    000   5.16   3.93  -1.27
2024      5     11     19     17     00    000   5.15   3.95  -1.26
2024      5     11     19     18     00    000   5.13   3.97  -1.25
2024      5     11     19     19     00    000   5.12   4.00  -1.24
2024      5     11     19     20     00    000   5.10   4.02  -1.23
2024      5     11     19     21     00    000   5.08   4.04  -1.22
2024      5     11     19     22     00    000   5.07   4.07  -1.21
2024      5     11     19     23     00    000   5.05   4.09  -1.20
2024      5     11     19     24     00    000   5.04   4.11  -1.19
2024      5     11     19     25     00    000   5.02   4.14  -1.18
2024      5     11     19     26     00    000   5.00   4.16  -1.17
2024      5     11     19     27     00    000   4.99   4.18  -1.16
2024      5     11     19     28     00    000   4.97   4.21  -1.15
2024      5     11     19     29     00    000   4.95   4.23  -1.13
2024      5     11     19     30     00    000   4.94   4.25  -1.12
2024      5     11     19     31     00    000   4.92   4.27  -1.11
2024      5     11     19     32     00    000   4.90   4.30  -1.10
2024      5     11     19     33     00    000   4.88   4.32  -1.09
2024      5     11     19     34     00    000   4.87   4.34  -1.08
2024      5     11     19     35     00    000   4.85   4.36  -1.07
2024      5     11     19     36     00    000   4.83   4.38  -1.06
2024      5     11     19     37     00    000   4.82   4.41  -1.05
2024      5     11     19     38     00    000   4.80   4.43  -1.04
2024      5     11     19     39     00    000   4.78   4.45  -1.03
2024      5     11     19     40     00    000   4.76   4.47  -1.02
2024      5     11     19     41     00    000   4.74   4.49  -1.01
2024      5     11     19     42     00    000   4.73   4.51  -0.99
2024      5     11     19     43     00    000   4.71   4.54  -0.98
2024      5     11     19     44     00    000   4.69   4.56  -0.97
2024      5     11     19     45     00    000   4.67   4.58  -0.96
2024      5     11     19     46     00    000   4.65   4.60  -0.95
2024      5     11     19     47     00    000   4.63   4.62  -0.94
2024      5     11     19     48     00    000   4.62   4.64  -0.93
2024      5     11     19     49     00    000   4.60   4.66  -0.92
2024      5     11     19     50     00    000   4.58   4.68  -0.91
2024      5     11     19     51     00    000   4.56   4.70  -0.89
2024      5     11     19     52     00    000   4.54   4.72  -0.88
2024      5     11     19     53     00    000   4.52   4.74  -0.87
2024      5     11     19     54     00    000   4.50   4.76  -0.86
2024      5     11     19     55     00    000   4.48   4.78  -0.85
2024      5     11     19     56     00    000   4.46   4.80  -0.84
2024      5     11     19     57     00    000   4.44   4.82  -0.83
2024      5     11     19     58     00    000   4.43   4.84  -0.82
2024      5     11     19     59     00    000   4.41   4.86  -0.80
2024      5     11     20     00     00    000   4.39   4.88  -0.79
2024      5     11     20     01     00    000   4.37   4.90  -0.78
2024      5     11     20     02     00    000   4.35   4.92  -0.77
2024      5     11     20     03     00    000   4.33   4.94  -0.76
2024      5     11     20     04     00    000   4.31   4.96  -0.75
2024      5     11     20     05     00    000   4.29   4.98  -0.74
2024      5     11     20     06     00    000   4.27   5.00  -0.72
2024      5     11     20     07     00    000   4.25   5.02  -0.71
2024      5     11     20     08     00    000   4.23   5.03  -0.70
2024      5     11     20     09     00    000   4.21   5.05  -0.69
2024      5     11     20     10     00    000   4.19   5.07  -0.68
2024      5     11     20     11     00    000   4.17   5.09  -0.67
2024      5     11     20     12     00    000   4.14   5.11  -0.65
2024      5     11     20     13     00    000   4.12   5.13  -0.64
2024      5     11     20     14     00    000   4.10   5.14  -0.63
2024      5     11     20     15     00    000   4.08   5.16  -0.62
2024      5     11     20     16     00    000   4.06   5.18  -0.61
2024      5     11     20     17     00    000   4.04   5.20  -0.60
2024      5     11     20     18     00    000   4.02   5.22  -0.58
2024      5     11     20     19     00    000   4.00   5.23  -0.57
2024      5     11     20     20     00    000   3.98   5.25  -0.56
2024      5     11     20     21     00    000   3.96   5.27  -0.55
2024      5     11     20     22     00    000   3.93   5.28  -0.54
2024      5     11     20     23     00    000   3.91   5.30  -0.53
2024      5     11     20     24     00    000   3.89   5.32  -0.51
2024      5     11     20     25     00    000   3.87   5.34  -0.50
2024      5     11     20     26     00    000   3.85   5.35  -0.49
2024      5     11     20     27     00    000   3.83   5.37  -0.48
2024      5     11     20     28     00    000   3.81   5.39  -0.47
2024      5     11     20     29     00    000   3.78   5.40  -0.45
2024      5     11     20     30     00    000   3.76   5.42  -0.44
2024      5     11     20     31     00    000   3.74   5.43  -0.43
2024      5     11     20     32     00    000   3.72   5.45  -0.42
2024      5     11     20     33     00    000   3.70   5.47  -0.41
2024      5     11     20     34     00    000   3.67   5.48  -0.40
2024      5     11     20     35     00    000   3.65   5.50  -0.38
2024      5     11     20     36     00    000   3.63   5.51  -0.37
2024      5     11     20     37     00    000   3.61   5.53  -0.36
2024      5     11     20     38     00    000   3.58   5.54  -0.35
2024      5     11     20     39     00    000   3.56   5.56  -0.34
2024      5     11     20     40     00    000   3.54   5.57  -0.32
2024      5     11     20     41     00    000   3.52   5.59  -0.31
2024      5     11     20     42     00    000   3.49   5.60  -0.30
2024      5     11     20     43     00    000   3.47   5.62  -0.29
2024      5     11     20     44     00    000   3.45   5.63  -0.28
2024      5     11     20     45     00    000   3.42   5.65  -0.27
2024      5     11     20     46     00    000   3.40   5.66  -0.25
2024      5     11     20     47     00    000   3.38   5.68  -0.24
2024      5     11     20     48     00    000   3.36   5.69  -0.23
2024      5     11     20     49     00    000   3.33   5.71  -0.22
2024      5     11     20     50     00    000   3.31   5.72  -0.21
2024      5     11     20     51     00    000   3.29   5.73  -0.19
2024      5     11     20     52     00    000   3.26   5.75  -0.18
2024      5     11     20     53     00    000   3.24   5.76  -0.17
2024      5     11     20     54     00    000   3.21   5.77  -0.16
2024      5     11     20     55     00    000   3.19   5.79  -0.15
2024      5     11     20     56     00    000   3.17   5.80  -0.14
2024      5     11     20     57     00    000   3.14   5.81  -0.12
2024      5     11     20     58     00    000   3.12   5.83  -0.11
2024      5     11     20     59     00    000   3.10   5.84  -0.10
2024      5     11     21     00     00    000   3.07   5.85  -0.09
2024      5     11     21     01     00    000   3.05   5.87  -0.08
2024      5     11     21     02     00    000   3.02   5.88  -0.06
2024      5     11     21     03     00    000   3.00   5.89  -0.05
2024      5     11     21     04     00    000   2.98   5.90  -0.04
2024      5     11     21     05     00    000   2.95   5.91  -0.03
2024      5     11     21     06     00    000   2.93   5.93  -0.02
2024      5     11     21     07     00    000   2.90   5.94  -0.01
2024      5     11     21     08     00    000   2.88   5.95   0.01
2024      5     11     21     09     00    000   2.85   5.96   0.02
2024      5     11     21     10     00    000   2.83   5.97   0.03
2024      5     11     21     11     00    000   2.81   5.99   0.04
2024      5     11     21     12     00    000   2.78   6.00   0.05
2024      5     11     21     13     00    000   2.76   6.01   0.06
2024      5     11     21     14     00    000   2.73   6.02   0.08
2024      5     11     21     15     00    000   2.71   6.03   0.09
2024      5     11     21     16     00    000   2.68   6.04   0.10
2024      5     11     21     17     00    000   2.66   6.05   0.11
2024      5     11     21     18     00    000   2.63   6.06   0.12
2024      5     11     21     19     00    000   2.61   6.07   0.13
2024      5     11     21     20     00    000   2.58   6.08   0.14
2024      5     11     21     21     00    000   2.56   6.09   0.16
2024      5     11     21     22     00    000   2.53   6.10   0.17
2024      5     11     21     23     00    000   2.51   6.11   0.18
2024      5     11     21     24     00    000   2.48   6.12   0.19
2024      5     11     21     25     00    000   2.46   6.13   0.20
2024      5     11     21     26     00    000   2.43   6.14   0.21
2024      5     11     21     27     00    000   2.41   6.15   0.22
2024      5     11     21     28     00    000   2.38   6.16   0.24
2024      5     11     21     29     00    000   2.36   6.17   0.25
2024      5     11     21     30     00    000   2.33   6.18   0.26
2024      5     11     21     31     00    000   2.31   6.19   0.27
2024      5     11     21     32     00    000   2.28   6.20   0.28
2024      5     11     21     33     00    000   2.25   6.21   0.29
2024      5     11     21     34     00    000   2.23   6.22   0.30
2024      5     11     21     35     00    000   2.20   6.22   0.31
2024      5     11     21     36     00    000   2.18   6.23   0.33
2024      5     11     21     37     00    000   2.15   6.24   0.34
2024      5     11     21     38     00    000   2.13   6.25   0.35
2024      5     11     21     39     00    000   2.10   6.26   0.36
2024      5     11     21     40     00    000   2.07   6.27   0.37
2024      5     11     21     41     00    000   2.05   6.27   0.38
2024      5     11     21     42     00    000   2.02   6.28   0.39
2024      5     11     21     43     00    000   2.00   6.29   0.40
2024      5     11     21     44     00    000   1.97   6.30   0.41
2024      5     11     21     45     00    000   1.94   6.30   0.43
2024      5     11     21     46     00    000   1.92   6.31   0.44
2024      5     11     21     47     00    000   1.89   6.32   0.45
2024      5     11     21     48     00    000   1.87   6.33   0.46
2024      5     11     21     49     00    000   1.84   6.33   0.47
2024      5     11     21     50     00    000   1.81   6.34   0.48
2024      5     11     21     51     00    000   1.79   6.35   0.49
2024      5     11     21     52     00    000   1.76   6.35   0.50
2024      5     11     21     53     00    000   1.73   6.36   0.51
2024      5     11     21     54     00    000   1.71   6.36   0.52
2024      5     11     21     55     00    000   1.68   6.37   0.53
2024      5     11     21     56     00    000   1.66   6.38   0.54
2024      5     11     21     57     00    000   1.63   6.38   0.55
2024      5     11     21     58     00    000   1.60   6.39   0.56
2024      5     11     21     59     00    000   1.58   6.39   0.58
2024      5     11     22     00     00    000   1.55   6.40   0.59
2024      5     11     22     01     00    000   1.52   6.41   0.60
2024      5     11     22     02     00    000   1.50   6.41   0.61
2024      5     11     22     03     00    000   1.47   6.42   0.62
2024      5     11     22     04     00    000   1.44   6.42   0.63
2024      5     11     22     05     00    000   1.42   6.43   0.64
2024      5     11     22     06     00    000   1.39   6.43   0.65
2024      5     11     22     07     00    000   1.36   6.44   0.66
2024      5     11     22     08     00    000   1.34   6.44   0.67
2024      5     11     22     09     00    000   1.31   6.44   0.68
2024      5     11     22     10     00    000   1.28   6.45   0.69
2024      5     11     22     11     00    000   1.26   6.45   0.70
2024      5     11     22     12     00    000   1.23   6.46   0.71
2024      5     11     22     13     00    000   1.20   6.46   0.72
2024      5     11     22     14     00    000   1.17   6.46   0.73
2024      5     11     22     15     00    000   1.15   6.47   0.74
2024      5     11     22     16     00    000   1.12   6.47   0.75
2024      5     11     22     17     00    000   1.09   6.48   0.76
2024      5     11     22     18     00    000   1.07   6.48   0.77
2024      5     11     22     19     00    000   1.04   6.48   0.78
2024      5     11     22     20     00    000   1.01   6.48   0.79
2024      5     11     22     21     00    000   0.99   6.49   0.80
2024      5     11     22     22     00    000   0.96   6.49   0.81
2024      5     11     22     23     00    000   0.93   6.49   0.82
2024      5     11     22     24     00    000   0.90   6.50   0.83
2024      5     11     22     25     00    000   0.88   6.50   0.84
2024      5     11     22     26     00    000   0.85   6.50   0.85
2024      5     11     22     27     00    000   0.82   6.50   0.86
2024      5     11     22     28     00    000   0.80   6.51   0.87
2024      5     11     22     29     00    000   0.77   6.51   0.88
2024      5     11     22     30     00    000   0.74   6.51   0.89
2024      5     11     22     31     00    000   0.71   6.51   0.90
2024      5     11     22     32     00    000   0.69   6.51   0.91
2024      5     11     22     33     00    000   0.66   6.51   0.91
2024      5     11     22     34     00    000   0.63   6.52   0.92
2024      5     11     22     35     00    000   0.61   6.52   0.93
2024      5     11     22     36     00    000   0.58   6.52   0.94
2024      5     11     22     37     00    000   0.55   6.52   0.95
2024      5     11     22     38     00    000   0.52   6.52   0.96
2024      5     11     22     39     00    000   0.50   6.52   0.97
2024      5     11     22     40     00    000   0.47   6.52   0.98
2024      5     11     22     41     00    000   0.44   6.52   0.99
2024      5     11     22     42     00    000   0.41   6.52   1.00
2024      5     11     22     43     00    000   0.39   6.52   1.01
2024      5     11     22     44     00    000   0.36   6.52   1.01
2024      5     11     22     45     00    000   0.33   6.52   1.02
2024      5     11     22     46     00    000   0.30   6.52   1.03
2024      5     11     22     47     00    000   0.28   6.52   1.04
2024      5     11     22     48     00    000   0.25   6.52   1.05
2024      5     11     22     49     00    000   0.22   6.52   1.06
2024      5     11     22     50     00    000   0.20   6.52   1.07
2024      5     11     22     51     00    000   0.17   6.52   1.08
2024      5     11     22     52     00    000   0.14   6.52   1.09
2024      5     11     22     53     00    000   0.11   6.52   1.09
2024      5     11     22     54     00    000   0.09   6.52   1.10
2024      5     11     22     55     00    000   0.06   6.52   1.11
2024      5     11     22     56     00    000   0.03   6.52   1.12
2024      5     11     22     57     00    000   0.00   6.51   1.13
2024      5     11     22     58     00    000  -0.02   6.51   1.14
2024      5     11     22     59     00    000  -0.05   6.51   1.14
2024      5     11     23     00     00    000  -0.08   6.51   1.15
2024      5     11     23     01     00    000  -0.11   6.51   1.16
2024      5     11     23     02     00    000  -0.13   6.51   1.17
2024      5     11     23     03     00    000  -0.16   6.50   1.18
2024      5     11     23     04     00    000  -0.19   6.50   1.19
2024      5     11     23     05     00    000  -0.22   6.50   1.19
2024      5     11     23     06     00    000  -0.24   6.50   1.20
2024      5     11     23     07     00    000  -0.27   6.49   1.21
2024      5     11     23     08     00    000  -0.30   6.49   1.22
2024      5     11     23     09     00    000  -0.33   6.49   1.23
2024      5     11     23     10     00    000  -0.35   6.49   1.23
2024      5     11     23     11     00    000  -0.38   6.48   1.24
2024      5     11     23     12     00    000  -0.41   6.48   1.25
2024      5     11     23     13     00    000  -0.43   6.48   1.26
2024      5     11     23     14     00    000  -0.46   6.47   1.26
2024      5     11     23     15     00    000  -0.49   6.47   1.27
2024      5     11     23     16     00    000  -0.52   6.47   1.28
2024      5     11     23     17     00    000  -0.54   6.46   1.29
2024      5     11     23     18     00    000  -0.57   6.46   1.29
2024      5     11     23     19     00    000  -0.60   6.45   1.30
2024      5     11     23     20     00    000  -0.63   6.45   1.31
2024      5     11     23     21     00    000  -0.65   6.45   1.32
2024      5     11     23     22     00    000  -0.68   6.44   1.32
2024      5     11     23     23     00    000  -0.71   6.44   1.33
2024      5     11     23     24     00    000  -0.74   6.43   1.34
2024      5     11     23     25     00    000  -0.76   6.43   1.35
2024      5     11     23     26     00    000  -0.79   6.42   1.35
2024      5     11     23     27     00    000  -0.82   6.42   1.36
2024      5     11     23     28     00    000  -0.84   6.41   1.37
2024      5     11     23     29     00    000  -0.87   6.41   1.37
2024      5     11     23     30     00    000  -0.90   6.40   1.38
2024      5     11     23     31     00    000  -0.93   6.40   1.39
2024      5     11     23     32     00    000  -0.95   6.39   1.40
2024      5     11     23     33     00    000  -0.98   6.39   1.40
2024      5     11     23     34     00    000  -1.01   6.38   1.41
2024      5     11     23     35     00    000  -1.03   6.37   1.42
2024      5     11     23     36     00    000  -1.06   6.37   1.42
2024      5     11     23     37     00    000  -1.09   6.36   1.43
2024      5     11     23     38     00    000  -1.11   6.36   1.44
2024      5     11     23     39     00    000  -1.14   6.35   1.44
2024      5     11     23     40     00    000  -1.17   6.34   1.45
2024      5     11     23     41     00    000  -1.20   6.34   1.46
2024      5     11     23     42     00    000  -1.22   6.33   1.46
2024      5     11     23     43     00    000  -1.25   6.32   1.47
2024      5     11     23     44     00    000  -1.28   6.32   1.47
2024      5     11     23     45     00    000  -1.30   6.31   1.48
2024      5     11     23     46     00    000  -1.33   6.30   1.49
2024      5     11     23     47     00    000  -1.36   6.30   1.49
2024      5     11     23     48     00    000  -1.38   6.29   1.50
2024      5     11     23     49     00    000  -1.41   6.28   1.51
2024      5     11     23     50     00    000  -1.44   6.27   1.51
2024      5     11     23     51     00    000  -1.46   6.27   1.52
2024      5     11     23     52     00    000  -1.49   6.26   1.52
2024      5     11     23     53     00    000  -1.52   6.25   1.53
2024      5     11     23     54     00    000  -1.54   6.24   1.54
2024      5     11     23     55     00    000  -1.57   6.23   1.54
2024      5     11     23     56     00    000  -1.60   6.23   1.55
2024      5     11     23     57     00    000  -1.62   6.22   1.55
2024      5     11     23     58     00    000  -1.65   6.21   1.56
2024      5     11     23     59     00    000  -1.68   6.20   1.56
2024      5     12     00     00     00    000  -1.70   6.19   1.57
2024      5     12     00     01     00    000  -1.73   6.18   1.58
2024      5     12     00     02     00    000  -1.75   6.17   1.58
2024      5     12     00     03     00    000  -1.78   6.17   1.59
2024      5     12     00     04     00    000  -1.81   6.16   1.59
2024      5     12     00     05     00    000  -1.83   6.15   1.60
2024      5     12     00     06     00    000  -1.86   6.14   1.60
2024      5     12     00     07     00    000  -1.89   6.13   1.61
2024      5     12     00     08     00    000  -1.91   6.12   1.61
2024      5     12     00     09     00    000  -1.94   6.11   1.62
2024      5     12     00     10     00    000  -1.96   6.10   1.63
2024      5     12     00     11     00    000  -1.99   6.09   1.63
2024      5     12     00     12     00    000  -2.02   6.08   1.64
2024      5     12     00     13     00    000  -2.04   6.07   1.64
2024      5     12     00     14     00    000  -2.07   6.06   1.65
2024      5     12     00     15     00    000  -2.09   6.05   1.65
2024      5     12     00     16     00    000  -2.12   6.04   1.66
2024      5     12     00     17     00    000  -2.15   6.03   1.66
2024      5     12     00     18     00    000  -2.17   6.02   1.67
2024      5     12     00     19     00    000  -2.20   6.01   1.67
2024      5     12     00     20     00    000  -2.22   6.00   1.68
2024      5     12     00     21     00    000  -2.25   5.99   1.68
2024      5     12     00     22     00    000  -2.27   5.97   1.69
2024      5     12     00     23     00    000  -2.30   5.96   1.69
2024      5     12     00     24     00    000  -2.32   5.95   1.69
2024      5     12     00     25     00    000  -2.35   5.94   1.70
2024      5     12     00     26     00    000  -2.38   5.93   1.70
2024      5     12     00     27     00    000  -2.40   5.92   1.71
2024      5     12     00     28     00    000  -2.43   5.91   1.71
2024      5     12     00     29     00    000  -2.45   5.89   1.72
2024      5     12     00     30     00    000  -2.48   5.88   1.72
2024      5     12     00     31     00    000  -2.50   5.87   1.73
2024      5     12     00     32     00    000  -2.53   5.86   1.73
2024      5     12     00     33     00    000  -2.55   5.85   1.73
2024      5     12     00     34     00    000  -2.58   5.83   1.74
2024      5     12     00     35     00    000  -2.60   5.82   1.74
2024      5     12     00     36     00    000  -2.63   5.81   1.75
2024      5     12     00     37     00    000  -2.65   5.80   1.75
2024      5     12     00     38     00    000  -2.68   5.78   1.76
2024      5     12     00     39     00    000  -2.70   5.77   1.76
2024      5     12     00     40     00    000  -2.73   5.76   1.76
2024      5     12     00     41     00    000  -2.75   5.75   1.77
2024      5     12     00     42     00    000  -2.78   5.73   1.77
2024      5     12     00     43     00    000  -2.80   5.72   1.78
2024      5     12     00     44     00    000  -2.82   5.71   1.78
2024      5     12     00     45     00    000  -2.85   5.69   1.78
2024      5     12     00     46     00    000  -2.87   5.68   1.79
2024      5     12     00     47     00    000  -2.90   5.67   1.79
2024      5     12     00     48     00    000  -2.92   5.65   1.79
2024      5     12     00     49     00    000  -2.95   5.64   1.80
2024      5     12     00     50     00    000  -2.97   5.62   1.80
2024      5     12     00     51     00    000  -2.99   5.61   1.81
2024      5     12     00     52     00    000  -3.02   5.60   1.81
2024      5     12     00     53     00    000  -3.04   5.58   1.81
2024      5     12     00     54     00    000  -3.07   5.57   1.82
2024      5     12     00     55     00    000  -3.09   5.55   1.82
2024      5     12     00     56     00    000  -3.11   5.54   1.82
2024      5     12     00     57     00    000  -3.14   5.52   1.83
2024      5     12     00     58     00    000  -3.16   5.51   1.83
2024      5     12     00     59     00    000  -3.19   5.50   1.83
2024      5     12     01     00     00    000  -3.21   5.48   1.84
2024      5     12     01     01     00    000  -3.23   5.47   1.84
2024      5     12     01     02     00    000  -3.26   5.45   1.84
2024      5     12     01     03     00    000  -3.28   5.44   1.85
2024      5     12     01     04     00    000  -3.30   5.42   1.85
2024      5     12     01     05     00    000  -3.33   5.40   1.85
2024      5     12     01     06     00    000  -3.35   5.39   1.86
2024      5     12     01     07     00    000  -3.37   5.37   1.86
2024      5     12     01     08     00    000  -3.40   5.36   1.86
2024      5     12     01     09     00    000  -3.42   5.34   1.87
2024      5     12     01     10     00    000  -3.44   5.33   1.87
2024      5     12     01     11     00    000  -3.46   5.31   1.87
2024      5     12     01     12     00    000  -3.49   5.29   1.87
2024      5     12     01     13     00    000  -3.51   5.28   1.88
2024      5     12     01     14     00    000  -3.53   5.26   1.88
2024      5     12     01     15     00    000  -3.55   5.25   1.88
2024      5     12     01     16     00    000  -3.58   5.23   1.89
2024      5     12     01     17     00    000  -3.60   5.21   1.89
2024      5     12     01     18     00    000  -3.62   5.20   1.89
2024      5     12     01     19     00    000  -3.64   5.18   1.89
2024      5     12     01     20     00    000  -3.67   5.16   1.90
2024      5     12     01     21     00    000  -3.69   5.15   1.90
2024      5     12     01     22     00    000  -3.71   5.13   1.90
2024      5     12     01     23     00    000  -3.73   5.11   1.90
2024      5     12     01     24     00    000  -3.76   5.10   1.91
2024      5     12     01     25     00    000  -3.78   5.08   1.91
2024      5     12     01     26     00    000  -3.80   5.06   1.91
2024      5     12     01     27     00    000  -3.82   5.04   1.91
2024      5     12     01     28     00    000  -3.84   5.03   1.92
2024      5     12     01     29     00    000  -3.86   5.01   1.92
2024      5     12     01     30     00    000  -3.89   4.99   1.92
2024      5     12     01     31     00    000  -3.91   4.97   1.92
2024      5     12     01     32     00    000  -3.93   4.96   1.93
2024      5     12     01     33     00    000  -3.95   4.94   1.93
2024      5     12     01     34     00    000  -3.97   4.92   1.93
2024      5     12     01     35     00    000  -3.99   4.90   1.93
2024      5     12     01     36     00    000  -4.01   4.88   1.93
2024      5     12     01     37     00    000  -4.03   4.87   1.94
2024      5     12     01     38     00    000  -4.06   4.85   1.94
2024      5     12     01     39     00    000  -4.08   4.83   1.94
2024      5     12     01     40     00    000  -4.10   4.81   1.94
2024      5     12     01     41     00    000  -4.12   4.79   1.94
2024      5     12     01     42     00    000  -4.14   4.77   1.95
2024      5     12     01     43     00    000  -4.16   4.76   1.95
2024      5     12     01     44     00    000  -4.18   4.74   1.95
2024      5     12     01     45     00    000  -4.20   4.72   1.95
2024      5     12     01     46     00    000  -4.22   4.70   1.95
2024      5     12     01     47     00    000  -4.24   4.68   1.96
2024      5     12     01     48     00    000  -4.26   4.66   1.96
2024      5     12     01     49     00    000  -4.28   4.64   1.96
2024      5     12     01     50     00    000  -4.30   4.62   1.96
2024      5     12     01     51     00    000  -4.32   4.60   1.96
2024      5     12     01     52     00    000  -4.34   4.58   1.96
2024      5     12     01     53     00    000  -4.36   4.56   1.97
2024      5     12     01     54     00    000  -4.38   4.54   1.97
2024      5     12     01     55     00    000  -4.40   4.52   1.97
2024      5     12     01     56     00    000  -4.42   4.50   1.97
2024      5     12     01     57     00    000  -4.44   4.48   1.97
2024      5     12     01     58     00    000  -4.46   4.46   1.97
2024      5     12     01     59     00    000  -4.48   4.44   1.98
2024      5     12     02     00     00    000  -4.50   4.42   1.98
2024      5     12     02     01     00    000  -4.52   4.40   1.98
2024      5     12     02     02     00    000  -4.53   4.38   1.98
2024      5     12     02     03     00    000  -4.55   4.36   1.98
2024      5     12     02     04     00    000  -4.57   4.34   1.98
2024      5     12     02     05     00    000  -4.59   4.32   1.98
2024      5     12     02     06     00    000  -4.61   4.30   1.99
2024      5     12     02     07     00    000  -4.63   4.28   1.99
2024      5     12     02     08     00    000  -4.65   4.26   1.99
2024      5     12     02     09     00    000  -4.67   4.24   1.99
2024      5     12     02     10     00    000  -4.68   4.22   1.99
2024      5     12     02     11     00    000  -4.70   4.20   1.99
2024      5     12     02     12     00    000  -4.72   4.18   1.99
2024      5     12     02     13     00    000  -4.74   4.16   2.00
2024      5     12     02     14     00    000  -4.76   4.14   2.00
2024      5     12     02     15     00    000  -4.77   4.11   2.00
2024      5     12     02     16     00    000  -4.79   4.09   2.00
2024      5     12     02     17     00    000  -4.81   4.07   2.00
2024      5     12     02     18     00    000  -4.83   4.05   2.00
2024      5     12     02     19     00    000  -4.84   4.03   2.00
2024      5     12     02     20     00    000  -4.86   4.01   2.00
2024      5     12     02     21     00    000  -4.88   3.99   2.00
2024      5     12     02     22     00    000  -4.90   3.96   2.01
2024      5     12     02     23     00    000  -4.91   3.94   2.01
2024      5     12     02     24     00    000  -4.93   3.92   2.01
2024      5     12     02     25     00    000  -4.95   3.90   2.01
2024      5     12     02     26     00    000  -4.96   3.88   2.01
2024      5     12     02     27     00    000  -4.98   3.85   2.01
2024      5     12     02     28     00    000  -5.00   3.83   2.01
2024      5     12     02     29     00    000  -5.01   3.81   2.01
2024      5     12     02     30     00    000  -5.03   3.79   2.01
2024      5     12     02     31     00    000  -5.05   3.77   2.01
2024      5     12     02     32     00    000  -5.06   3.74   2.02
2024      5     12     02     33     00    000  -5.08   3.72   2.02
2024      5     12     02     34     00    000  -5.10   3.70   2.02
2024      5     12     02     35     00    000  -5.11   3.68   2.02
2024      5     12     02     36     00    000  -5.13   3.65   2.02
2024      5     12     02     37     00    000  -5.14   3.63   2.02
2024      5     12     02     38     00    000  -5.16   3.61   2.02
2024      5     12     02     39     00    000  -5.17   3.58   2.02
2024      5     12     02     40     00    000  -5.19   3.56   2.02
2024      5     12     02     41     00    000  -5.20   3.54   2.02
2024      5     12     02     42     00    000  -5.22   3.52   2.02
2024      5     12     02     43     00    000  -5.24   3.49   2.02
2024      5     12     02     44     00    000  -5.25   3.47   2.03
2024      5     12     02     45     00    000  -5.27   3.45   2.03
2024      5     12     02     46     00    000  -5.28   3.42   2.03
2024      5     12     02     47     00    000  -5.30   3.40   2.03
2024      5     12     02     48     00    000  -5.31   3.38   2.03
2024      5     12     02     49     00    000  -5.32   3.35   2.03
2024      5     12     02     50     00    000  -5.34   3.33   2.03
2024      5     12     02     51     00    000  -5.35   3.31   2.03
2024      5     12     02     52     00    000  -5.37   3.28   2.03
2024      5     12     02     53     00    000  -5.38   3.26   2.03
2024      5     12     02     54     00    000  -5.40   3.23   2.03
2024      5     12     02     55     00    000  -5.41   3.21   2.03
2024      5     12     02     56     00    000  -5.42   3.19   2.03
2024      5     12     02     57     00    000  -5.44   3.16   2.03
2024      5     12     02     58     00    000  -5.45   3.14   2.03
2024      5     12     02     59     00    000  -5.46   3.12   2.03
2024      5     12     03     00     00    000  -5.48   3.09   2.04
2024      5     12     03     01     00    000  -5.49   3.07   2.04
2024      5     12     03     02     00    000  -5.50   3.04   2.04
2024      5     12     03     03     00    000  -5.52   3.02   2.04
2024      5     12     03     04     00    000  -5.53   2.99   2.04
2024      5     12     03     05     00    000  -5.54   2.97   2.04
2024      5     12     03     06     00    000  -5.56   2.95   2.04
2024      5     12     03     07     00    000  -5.57   2.92   2.04
2024      5     12     03     08     00    000  -5.58   2.90   2.04
2024      5     12     03     09     00    000  -5.59   2.87   2.04
2024      5     12     03     10     00    000  -5.61   2.85   2.04
2024      5     12     03     11     00    000  -5.62   2.82   2.04
2024      5     12     03     12     00    000  -5.63   2.80   2.04
2024      5     12     03     13     00    000  -5.64   2.77   2.04
2024      5     12     03     14     00    000  -5.66   2.75   2.04
2024      5     12     03     15     00    000  -5.67   2.72   2.04
2024      5     12     03     16     00    000  -5.68   2.70   2.04
2024      5     12     03     17     00    000  -5.69   2.67   2.04
2024      5     12     03     18     00    000  -5.70   2.65   2.04
2024      5     12     03     19     00    000  -5.71   2.62   2.04
2024      5     12     03     20     00    000  -5.72   2.60   2.04
2024      5     12     03     21     00    000  -5.74   2.57   2.04
2024      5     12     03     22     00    000  -5.75   2.55   2.04
2024      5     12     03     23     00    000  -5.76   2.52   2.05
2024      5     12     03     24     00    000  -5.77   2.50   2.05
2024      5     12     03     25     00    000  -5.78   2.47   2.05
2024      5     12     03     26     00    000  -5.79   2.45   2.05
2024      5     12     03     27     00    000  -5.80   2.42   2.05
2024      5     12     03     28     00    000  -5.81   2.40   2.05
2024      5     12     03     29     00    000  -5.82   2.37   2.05
2024      5     12     03     30     00    000  -5.83   2.35   2.05
2024      5     12     03     31     00    000  -5.84   2.32   2.05
2024      5     12     03     32     00    000  -5.85   2.29   2.05
2024      5     12     03     33     00    000  -5.86   2.27   2.05
2024      5     12     03     34     00    000  -5.87   2.24   2.05
2024      5     12     03     35     00    000  -5.88   2.22   2.05
2024      5     12     03     36     00    000  -5.89   2.19   2.05
2024      5     12     03     37     00    000  -5.90   2.17   2.05
2024      5     12     03     38     00    000  -5.91   2.14   2.05
2024      5     12     03     39     00    000  -5.92   2.11   2.05
2024      5     12     03     40     00    000  -5.93   2.09   2.05
2024      5     12     03     41     00    000  -5.94   2.06   2.05
2024      5     12     03     42     00    000  -5.95   2.04   2.05
2024      5     12     03     43     00    000  -5.95   2.01   2.05
2024      5     12     03     44     00    000  -5.96   1.98   2.05
2024      5     12     03     45     00    000  -5.97   1.96   2.05
2024      5     12     03     46     00    000  -5.98   1.93   2.05
2024      5     12     03     47     00    000  -5.99   1.91   2.05
2024      5     12     03     48     00    000  -6.00   1.88   2.05
2024      5     12     03     49     00    000  -6.00   1.85   2.05
2024      5     12     03     50     00    000  -6.01   1.83   2.05
2024      5     12     03     51     00    000  -6.02   1.80   2.05
2024      5     12     03     52     00    000  -6.03   1.78   2.05
2024      5     12     03     53     00    000  -6.04   1.75   2.05
2024      5     12     03     54     00    000  -6.04   1.72   2.05
2024      5     12     03     55     00    000  -6.05   1.70   2.05
2024      5     12     03     56     00    000  -6.06   1.67   2.05
2024      5     12     03     57     00    000  -6.07   1.64   2.05
2024      5     12     03     58     00    000  -6.07   1.62   2.05
2024      5     12     03     59     00    000  -6.08   1.59   2.05
2024      5     12     04     00     00    000  -6.09   1.56   2.05
2024      5     12     04     01     00    000  -6.09   1.54   2.05
2024      5     12     04     02     00    000  -6.10   1.51   2.05
2024      5     12     04     03     00    000  -6.11   1.48   2.06
2024      5     12     04     04     00    000  -6.11   1.46   2.06
2024      5     12     04     05     00    000  -6.12   1.43   2.06
2024      5     12     04     06     00    000  -6.12   1.40   2.06
2024      5     12     04     07     00    000  -6.13   1.38   2.06
2024      5     12     04     08     00    000  -6.14   1.35   2.06
2024      5     12     04     09     00    000  -6.14   1.32   2.06
2024      5     12     04     10     00    000  -6.15   1.30   2.06
2024      5     12     04     11     00    000  -6.15   1.27   2.06
2024      5     12     04     12     00    000  -6.16   1.24   2.06
2024      5     12     04     13     00    000  -6.16   1.22   2.06
2024      5     12     04     14     00    000  -6.17   1.19   2.06
2024      5     12     04     15     00    000  -6.17   1.16   2.06
2024      5     12     04     16     00    000  -6.18   1.14   2.06
2024      5     12     04     17     00    000  -6.18   1.11   2.06
2024      5     12     04     18     00    000  -6.19   1.08   2.06
2024      5     12     04     19     00    000  -6.19   1.05   2.06
2024      5     12     04     20     00    000  -6.20   1.03   2.06
2024      5     12     04     21     00    000  -6.20   1.00   2.06
2024      5     12     04     22     00    000  -6.21   0.97   2.06
2024      5     12     04     23     00    000  -6.21   0.95   2.06
2024      5     12     04     24     00    000  -6.21   0.92   2.06
2024      5     12     04     25     00    000  -6.22   0.89   2.06
2024      5     12     04     26     00    000  -6.22   0.87   2.06
2024      5     12     04     27     00    000  -6.23   0.84   2.06
2024      5     12     04     28     00    000  -6.23   0.81   2.06
2024      5     12     04     29     00    000  -6.23   0.78   2.06
2024      5     12     04     30     00    000  -6.24   0.76   2.06
2024      5     12     04     31     00    000  -6.24   0.73   2.06
2024      5     12     04     32     00    000  -6.24   0.70   2.06
2024      5     12     04     33     00    000  -6.25   0.68   2.06
2024      5     12     04     34     00    000  -6.25   0.65   2.06
2024      5     12     04     35     00    000  -6.25   0.62   2.06
2024      5     12     04     36     00    000  -6.25   0.59   2.06
2024      5     12     04     37     00    000  -6.26   0.57   2.06
2024      5     12     04     38     00    000  -6.26   0.54   2.06
2024      5     12     04     39     00    000  -6.26   0.51   2.06
2024      5     12     04     40     00    000  -6.26   0.48   2.06
2024      5     12     04     41     00    000  -6.26   0.46   2.06
2024      5     12     04     42     00    000  -6.27   0.43   2.06
2024      5     12     04     43     00    000  -6.27   0.40   2.06
2024      5     12     04     44     00    000  -6.27   0.38   2.06
2024      5     12     04     45     00    000  -6.27   0.35   2.06
2024      5     12     04     46     00    000  -6.27   0.32   2.06
2024      5     12     04     47     00    000  -6.27   0.29   2.06
2024      5     12     04     48     00    000  -6.27   0.27   2.06
2024      5     12     04     49     00    000  -6.28   0.24   2.06
2024      5     12     04     50     00    000  -6.28   0.21   2.06
2024      5     12     04     51     00    000  -6.28   0.18   2.07
2024      5     12     04     52     00    000  -6.28   0.16   2.07
2024      5     12     04     53     00    000  -6.28   0.13   2.07
2024      5     12     04     54     00    000  -6.28   0.10   2.07
2024      5     12     04     55     00    000  -6.28   0.07   2.07
2024      5     12     04     56     00    000  -6.28   0.05   2.07
2024      5     12     04     57     00    000  -6.28   0.02   2.07
2024      5     12     04     58     00    000  -6.28  -0.01   2.07
2024      5     12     04     59     00    000  -6.28  -0.03   2.07
2024      5     12     05     00     00    000  -6.28  -0.06   2.07
2024      5     12     05     01     00    000  -6.28  -0.09   2.07
2024      5     12     05     02     00    000  -6.28  -0.12   2.07
2024      5     12     05     03     00    000  -6.28  -0.14   2.07
2024      5     12     05     04     00    000  -6.28  -0.17   2.07
2024      5     12     05     05     00    000  -6.28  -0.20   2.07
2024      5     12     05     06     00    000  -6.27  -0.23   2.07
2024      5     12     05     07     00    000  -6.27  -0.25   2.07
2024      5     12     05     08     00    000  -6.27  -0.28   2.07
2024      5     12     05     09     00    000  -6.27  -0.31   2.07
2024      5     12     05     10     00    000  -6.27  -0.34   2.07
2024      5     12     05     11     00    000  -6.27  -0.36   2.07
2024      5     12     05     12     00    000  -6.27  -0.39   2.07
2024      5     12     05     13     00    000  -6.26  -0.42   2.07
2024      5     12     05     14     00    000  -6.26  -0.44   2.07
2024      5     12     05     15     00    000  -6.26  -0.47   2.07
2024      5     12     05     16     00    000  -6.26  -0.50   2.07
2024      5     12     05     17     00    000  -6.26  -0.53   2.07
2024      5     12     05     18     00    000  -6.25  -0.55   2.07
2024      5     12     05     19     00    000  -6.25  -0.58   2.07
2024      5     12     05     20     00    000  -6.25  -0.61   2.07
2024      5     12     05     21     00    000  -6.25  -0.64   2.07
2024      5     12     05     22     00    000  -6.24  -0.66   2.07
2024      5     12     05     23     00    000  -6.24  -0.69   2.07
2024      5     12     05     24     00    000  -6.24  -0.72   2.07
2024      5     12     05     25     00    000  -6.23  -0.74   2.07
2024      5     12     05     26     00    000  -6.23  -0.77   2.07
2024      5     12     05     27     00    000  -6.23  -0.80   2.07
2024      5     12     05     28     00    000  -6.22  -0.83   2.07
2024      5     12     05     29     00    000  -6.22  -0.85   2.07
2024      5     12     05     30     00    000  -6.22  -0.88   2.07
2024      5     12     05     31     00    000  -6.21  -0.91   2.07
2024      5     12     05     32     00    000  -6.21  -0.93   2.08
2024      5     12     05     33     00    000  -6.20  -0.96   2.08
2024      5     12     05     34     00    000  -6.20  -0.99   2.08
2024      5     12     05     35     00    000  -6.19  -1.02   2.08
2024      5     12     05     36     00    000  -6.19  -1.04   2.08
2024      5     12     05     37     00    000  -6.18  -1.07   2.08
2024      5     12     05     38     00    000  -6.18  -1.10   2.08
2024      5     12     05     39     00    000  -6.17  -1.12   2.08
2024      5     12     05     40     00    000  -6.17  -1.15   2.08
2024      5     12     05     41     00    000  -6.16  -1.18   2.08
2024      5     12     05     42     00    000  -6.16  -1.20   2.08
2024      5     12     05     43     00    000  -6.15  -1.23   2.08
2024      5     12     05     44     00    000  -6.15  -1.26   2.08
2024      5     12     05     45     00    000  -6.14  -1.28   2.08
2024      5     12     05     46     00    000  -6.14  -1.31   2.08
2024      5     12     05     47     00    000  -6.13  -1.34   2.08
2024      5     12     05     48     00    000  -6.13  -1.36   2.08
2024      5     12     05     49     00    000  -6.12  -1.39   2.08
2024      5     12     05     50     00    000  -6.11  -1.42   2.08
2024      5     12     05     51     00    000  -6.11  -1.44   2.08
2024      5     12     05     52     00    000  -6.10  -1.47   2.08
2024      5     12     05     53     00    000  -6.09  -1.50   2.08
2024      5     12     05     54     00    000  -6.09  -1.52   2.08
2024      5     12     05     55     00    000  -6.08  -1.55   2.08
2024      5     12     05     56     00    000  -6.07  -1.58   2.08
2024      5     12     05     57     00    000  -6.07  -1.60   2.08
2024      5     12     05     58     00    000  -6.06  -1.63   2.08
2024      5     12     05     59     00    000  -6.05  -1.66   2.08
2024      5     12     06     00     00    000  -6.04  -1.68   2.08
2024      5     12     06     01     00    000  -6.04  -1.71   2.08
2024      5     12     06     02     00    000  -6.03  -1.74   2.08
2024      5     12     06     03     00    000  -6.02  -1.76   2.08
2024      5     12     06     04     00    000  -6.01  -1.79   2.08
2024      5     12     06     05     00    000  -6.01  -1.82   2.08
2024      5     12     06     06     00    000  -6.00  -1.84   2.08
2024      5     12     06     07     00    000  -5.99  -1.87   2.08
2024      5     12     06     08     00    000  -5.98  -1.89   2.08
2024      5     12     06     09     00    000  -5.97  -1.92   2.08
2024      5     12     06     10     00    000  -5.96  -1.95   2.08
2024      5     12     06     11     00    000  -5.96  -1.97   2.08
2024      5     12     06     12     00    000  -5.95  -2.00   2.08
2024      5     12     06     13     00    000  -5.94  -2.02   2.08
2024      5     12     06     14     00    000  -5.93  -2.05   2.08
2024      5     12     06     15     00    000  -5.92  -2.08   2.08
2024      5     12     06     16     00    000  -5.91  -2.10   2.08
2024      5     12     06     17     00    000  -5.90  -2.13   2.08
2024      5     12     06     18     00    000  -5.89  -2.15   2.08
2024      5     12     06     19     00    000  -5.88  -2.18   2.08
2024      5     12     06     20     00    000  -5.87  -2.21   2.08
2024      5     12     06     21     00    000  -5.86  -2.23   2.08
2024      5     12     06     22     00    000  -5.85  -2.26   2.08
2024      5     12     06     23     00    000  -5.84  -2.28   2.08
2024      5     12     06     24     00    000  -5.83  -2.31   2.08
2024      5     12     06     25     00    000  -5.82  -2.33   2.08
2024      5     12     06     26     00    000  -5.81  -2.36   2.08
2024      5     12     06     27     00    000  -5.80  -2.38   2.08
2024      5     12     06     28     00    000  -5.79  -2.41   2.09
2024      5     12     06     29     00    000  -5.78  -2.44   2.09
2024      5     12     06     30     00    000  -5.77  -2.46   2.09
2024      5     12     06     31     00    000  -5.76  -2.49   2.09
2024      5     12     06     32     00    000  -5.75  -2.51   2.09
2024      5     12     06     33     00    000  -5.74  -2.54   2.09
2024      5     12     06     34     00    000  -5.73  -2.56   2.09
2024      5     12     06     35     00    000  -5.72  -2.59   2.09
2024      5     12     06     36     00    000  -5.70  -2.61   2.08
2024      5     12     06     37     00    000  -5.69  -2.64   2.08
2024      5     12     06     38     00    000  -5.68  -2.66   2.08
2024      5     12     06     39     00    000  -5.67  -2.69   2.08
2024      5     12     06     40     00    000  -5.66  -2.71   2.08
2024      5     12     06     41     00    000  -5.65  -2.74   2.08
2024      5     12     06     42     00    000  -5.63  -2.76   2.08
2024      5     12     06     43     00    000  -5.62  -2.79   2.08
2024      5     12     06     44     00    000  -5.61  -2.81   2.08
2024      5     12     06     45     00    000  -5.60  -2.84   2.08
2024      5     12     06     46     00    000  -5.58  -2.86   2.08
2024      5     12     06     47     00    000  -5.57  -2.88   2.08
2024      5     12     06     48     00    000  -5.56  -2.91   2.08
2024      5     12     06     49     00    000  -5.55  -2.93   2.08
2024      5     12     06     50     00    000  -5.53  -2.96   2.08
2024      5     12     06     51     00    000  -5.52  -2.98   2.08
2024      5     12     06     52     00    000  -5.51  -3.01   2.08
2024      5     12     06     53     00    000  -5.49  -3.03   2.08
2024      5     12     06     54     00    000  -5.48  -3.06   2.08
2024      5     12     06     55     00    000  -5.47  -3.08   2.08
2024      5     12     06     56     00    000  -5.45  -3.10   2.08
2024      5     12     06     57     00    000  -5.44  -3.13   2.08
2024      5     12     06     58     00    000  -5.43  -3.15   2.08
2024      5     12     06     59     00    000  -5.41  -3.18   2.08
2024      5     12     07     00     00    000  -5.40  -3.20   2.08
2024      5     12     07     01     00    000  -5.38  -3.22   2.08
2024      5     12     07     02     00    000  -5.37  -3.25   2.08
2024      5     12     07     03     00    000  -5.36  -3.27   2.08
2024      5     12     07     04     00    000  -5.34  -3.29   2.08
2024      5     12     07     05     00    000  -5.33  -3.32   2.08
2024      5     12     07     06     00    000  -5.31  -3.34   2.08
2024      5     12     07     07     00    000  -5.30  -3.36   2.08
2024      5     12     07     08     00    000  -5.28  -3.39   2.08
2024      5     12     07     09     00    000  -5.27  -3.41   2.08
2024      5     12     07     10     00    000  -5.25  -3.43   2.08
2024      5     12     07     11     00    000  -5.24  -3.46   2.08
2024      5     12     07     12     00    000  -5.22  -3.48   2.08
2024      5     12     07     13     00    000  -5.21  -3.50   2.08
2024      5     12     07     14     00    000  -5.19  -3.53   2.07
2024      5     12     07     15     00    000  -5.18  -3.55   2.07
2024      5     12     07     16     00    000  -5.16  -3.57   2.07
2024      5     12     07     17     00    000  -5.15  -3.60   2.07
2024      5     12     07     18     00    000  -5.13  -3.62   2.07
2024      5     12     07     19     00    000  -5.11  -3.64   2.07
2024      5     12     07     20     00    000  -5.10  -3.66   2.07
2024      5     12     07     21     00    000  -5.08  -3.69   2.07
2024      5     12     07     22     00    000  -5.07  -3.71   2.07
2024      5     12     07     23     00    000  -5.05  -3.73   2.07
2024      5     12     07     24     00    000  -5.03  -3.75   2.07
2024      5     12     07     25     00    000  -5.02  -3.78   2.07
2024      5     12     07     26     00    000  -5.00  -3.80   2.07
2024      5     12     07     27     00    000  -4.98  -3.82   2.07
2024      5     12     07     28     00    000  -4.97  -3.84   2.06
2024      5     12     07     29     00    000  -4.95  -3.87   2.06
2024      5     12     07     30     00    000  -4.93  -3.89   2.06
2024      5     12     07     31     00    000  -4.92  -3.91   2.06
2024      5     12     07     32     00    000  -4.90  -3.93   2.06
2024      5     12     07     33     00    000  -4.88  -3.95   2.06
2024      5     12     07     34     00    000  -4.86  -3.97   2.06
2024      5     12     07     35     00    000  -4.85  -4.00   2.06
2024      5     12     07     36     00    000  -4.83  -4.02   2.06
2024      5     12     07     37     00    000  -4.81  -4.04   2.06
2024      5     12     07     38     00    000  -4.79  -4.06   2.06
2024      5     12     07     39     00    000  -4.78  -4.08   2.05
2024      5     12     07     40     00    000  -4.76  -4.10   2.05
2024      5     12     07     41     00    000  -4.74  -4.12   2.05
2024      5     12     07     42     00    000  -4.72  -4.15   2.05
2024      5     12     07     43     00    000  -4.70  -4.17   2.05
2024      5     12     07     44     00    000  -4.69  -4.19   2.05
2024      5     12     07     45     00    000  -4.67  -4.21   2.05
2024      5     12     07     46     00    000  -4.65  -4.23   2.05
2024      5     12     07     47     00    000  -4.63  -4.25   2.05
2024      5     12     07     48     00    000  -4.61  -4.27   2.04
2024      5     12     07     49     00    000  -4.59  -4.29   2.04
2024      5     12     07     50     00    000  -4.58  -4.31   2.04
2024      5     12     07     51     00    000  -4.56  -4.33   2.04
2024      5     12     07     52     00    000  -4.54  -4.35   2.04
2024      5     12     07     53     00    000  -4.52  -4.37   2.04
2024      5     12     07     54     00    000  -4.50  -4.39   2.04
2024      5     12     07     55     00    000  -4.48  -4.41   2.03
2024      5     12     07     56     00    000  -4.46  -4.43   2.03
2024      5     12     07     57     00    000  -4.44  -4.45   2.03
2024      5     12     07     58     00    000  -4.42  -4.47   2.03
2024      5     12     07     59     00    000  -4.40  -4.49   2.03
2024      5     12     08     00     00    000  -4.38  -4.51   2.03
2024      5     12     08     01     00    000  -4.36  -4.53   2.02
2024      5     12     08     02     00    000  -4.34  -4.55   2.02
2024      5     12     08     03     00    000  -4.32  -4.57   2.02
2024      5     12     08     04     00    000  -4.30  -4.59   2.02
2024      5     12     08     05     00    000  -4.28  -4.61   2.02
2024      5     12     08     06     00    000  -4.26  -4.63   2.02
2024      5     12     08     07     00    000  -4.24  -4.65   2.01
2024      5     12     08     08     00    000  -4.22  -4.67   2.01
2024      5     12     08     09     00    000  -4.20  -4.69   2.01
2024      5     12     08     10     00    000  -4.18  -4.71   2.01
2024      5     12     08     11     00    000  -4.16  -4.73   2.01
2024      5     12     08     12     00    000  -4.14  -4.75   2.01
2024      5     12     08     13     00    000  -4.12  -4.76   2.00
2024      5     12     08     14     00    000  -4.10  -4.78   2.00
2024      5     12     08     15     00    000  -4.08  -4.80   2.00
2024      5     12     08     16     00    000  -4.06  -4.82   2.00
2024      5     12     08     17     00    000  -4.04  -4.84   2.00
2024      5     12     08     18     00    000  -4.02  -4.86   1.99
2024      5     12     08     19     00    000  -4.00  -4.88   1.99
2024      5     12     08     20     00    000  -3.98  -4.89   1.99
2024      5     12     08     21     00    000  -3.95  -4.91   1.99
2024      5     12     08     22     00    000  -3.93  -4.93   1.98
2024      5     12     08     23     00    000  -3.91  -4.95   1.98
2024      5     12     08     24     00    000  -3.89  -4.97   1.98
2024      5     12     08     25     00    000  -3.87  -4.98   1.98
2024      5     12     08     26     00    000  -3.85  -5.00   1.97
2024      5     12     08     27     00    000  -3.83  -5.02   1.97
2024      5     12     08     28     00    000  -3.80  -5.04   1.97
2024      5     12     08     29     00    000  -3.78  -5.05   1.97
2024      5     12     08     30     00    000  -3.76  -5.07   1.96
2024      5     12     08     31     00    000  -3.74  -5.09   1.96
2024      5     12     08     32     00    000  -3.72  -5.10   1.96
2024      5     12     08     33     00    000  -3.69  -5.12   1.96
2024      5     12     08     34     00    000  -3.67  -5.14   1.95
2024      5     12     08     35     00    000  -3.65  -5.16   1.95
2024      5     12     08     36     00    000  -3.63  -5.17   1.95
2024      5     12     08     37     00    000  -3.60  -5.19   1.95
2024      5     12     08     38     00    000  -3.58  -5.21   1.94
2024      5     12     08     39     00    000  -3.56  -5.22   1.94
2024      5     12     08     40     00    000  -3.54  -5.24   1.94
2024      5     12     08     41     00    000  -3.51  -5.25   1.93
2024      5     12     08     42     00    000  -3.49  -5.27   1.93
2024      5     12     08     43     00    000  -3.47  -5.29   1.93
2024      5     12     08     44     00    000  -3.45  -5.30   1.93
2024      5     12     08     45     00    000  -3.42  -5.32   1.92
2024      5     12     08     46     00    000  -3.40  -5.33   1.92
2024      5     12     08     47     00    000  -3.38  -5.35   1.92
2024      5     12     08     48     00    000  -3.35  -5.37   1.91
2024      5     12     08     49     00    000  -3.33  -5.38   1.91
2024      5     12     08     50     00    000  -3.31  -5.40   1.91
2024      5     12     08     51     00    000  -3.28  -5.41   1.90
2024      5     12     08     52     00    000  -3.26  -5.43   1.90
2024      5     12     08     53     00    000  -3.24  -5.44   1.90
2024      5     12     08     54     00    000  -3.21  -5.46   1.89
2024      5     12     08     55     00    000  -3.19  -5.47   1.89
2024      5     12     08     56     00    000  -3.17  -5.49   1.89
2024      5     12     08     57     00    000  -3.14  -5.50   1.88
2024      5     12     08     58     00    000  -3.12  -5.52   1.88
2024      5     12     08     59     00    000  -3.09  -5.53   1.88
2024      5     12     09     00     00    000  -3.07  -5.55   1.87
2024      5     12     09     01     00    000  -3.05  -5.56   1.87
2024      5     12     09     02     00    000  -3.02  -5.58   1.86
2024      5     12     09     03     00    000  -3.00  -5.59   1.86
2024      5     12     09     04     00    000  -2.97  -5.60   1.86
2024      5     12     09     05     00    000  -2.95  -5.62   1.85
2024      5     12     09     06     00    000  -2.93  -5.63   1.85
2024      5     12     09     07     00    000  -2.90  -5.65   1.85
2024      5     12     09     08     00    000  -2.88  -5.66   1.84
2024      5     12     09     09     00    000  -2.85  -5.67   1.84
2024      5     12     09     10     00    000  -2.83  -5.69   1.83
2024      5     12     09     11     00    000  -2.80  -5.70   1.83
2024      5     12     09     12     00    000  -2.78  -5.71   1.83
2024      5     12     09     13     00    000  -2.76  -5.73   1.82
2024      5     12     09     14     00    000  -2.73  -5.74   1.82
2024      5     12     09     15     00    000  -2.71  -5.75   1.81
2024      5     12     09     16     00    000  -2.68  -5.77   1.81
2024      5     12     09     17     00    000  -2.66  -5.78   1.80
2024      5     12     09     18     00    000  -2.63  -5.79   1.80
2024      5     12     09     19     00    000  -2.61  -5.80   1.80
2024      5     12     09     20     00    000  -2.58  -5.82   1.79
2024      5     12     09     21     00    000  -2.56  -5.83   1.79
2024      5     12     09     22     00    000  -2.53  -5.84   1.78
2024      5     12     09     23     00    000  -2.51  -5.85   1.78
2024      5     12     09     24     00    000  -2.48  -5.87   1.77
2024      5     12     09     25     00    000  -2.46  -5.88   1.77
2024      5     12     09     26     00    000  -2.43  -5.89   1.76
2024      5     12     09     27     00    000  -2.41  -5.90   1.76
2024      5     12     09     28     00    000  -2.38  -5.91   1.75
2024      5     12     09     29     00    000  -2.36  -5.92   1.75
2024      5     12     09     30     00    000  -2.33  -5.94   1.74
2024      5     12     09     31     00    000  -2.30  -5.95   1.74
2024      5     12     09     32     00    000  -2.28  -5.96   1.73
2024      5     12     09     33     00    000  -2.25  -5.97   1.73
2024      5     12     09     34     00    000  -2.23  -5.98   1.72
2024      5     12     09     35     00    000  -2.20  -5.99   1.72
2024      5     12     09     36     00    000  -2.18  -6.00   1.71
2024      5     12     09     37     00    000  -2.15  -6.01   1.71
2024      5     12     09     38     00    000  -2.13  -6.02   1.70
2024      5     12     09     39     00    000  -2.10  -6.03   1.70
2024      5     12     09     40     00    000  -2.07  -6.04   1.69
2024      5     12     09     41     00    000  -2.05  -6.06   1.69
2024      5     12     09     42     00    000  -2.02  -6.07   1.68
2024      5     12     09     43     00    000  -2.00  -6.08   1.68
2024      5     12     09     44     00    000  -1.97  -6.09   1.67
2024      5     12     09     45     00    000  -1.94  -6.10   1.66
2024      5     12     09     46     00    000  -1.92  -6.11   1.66
2024      5     12     09     47     00    000  -1.89  -6.11   1.65
2024      5     12     09     48     00    000  -1.87  -6.12   1.65
2024      5     12     09     49     00    000  -1.84  -6.13   1.64
2024      5     12     09     50     00    000  -1.81  -6.14   1.64
2024      5     12     09     51     00    000  -1.79  -6.15   1.63
2024      5     12     09     52     00    000  -1.76  -6.16   1.62
2024      5     12     09     53     00    000  -1.73  -6.17   1.62
2024      5     12     09     54     00    000  -1.71  -6.18   1.61
2024      5     12     09     55     00    000  -1.68  -6.19   1.61
2024      5     12     09     56     00    000  -1.66  -6.20   1.60
2024      5     12     09     57     00    000  -1.63  -6.21   1.59
2024      5     12     09     58     00    000  -1.60  -6.21   1.59
2024      5     12     09     59     00    000  -1.58  -6.22   1.58
2024      5     12     10     00     00    000  -1.55  -6.23   1.58
2024      5     12     10     01     00    000  -1.52  -6.24   1.57
2024      5     12     10     02     00    000  -1.50  -6.25   1.56
2024      5     12     10     03     00    000  -1.47  -6.25   1.56
2024      5     12     10     04     00    000  -1.44  -6.26   1.55
2024      5     12     10     05     00    000  -1.42  -6.27   1.54
2024      5     12     10     06     00    000  -1.39  -6.28   1.54
2024      5     12     10     07     00    000  -1.36  -6.29   1.53
2024      5     12     10     08     00    000  -1.34  -6.29   1.52
2024      5     12     10     09     00    000  -1.31  -6.30   1.52
2024      5     12     10     10     00    000  -1.28  -6.31   1.51
2024      5     12     10     11     00    000  -1.26  -6.31   1.50
2024      5     12     10     12     00    000  -1.23  -6.32   1.50
2024      5     12     10     13     00    000  -1.20  -6.33   1.49
2024      5     12     10     14     00    000  -1.17  -6.33   1.48
2024      5     12     10     15     00    000  -1.15  -6.34   1.48
2024      5     12     10     16     00    000  -1.12  -6.35   1.47
2024      5     12     10     17     00    000  -1.09  -6.35   1.46
2024      5     12     10     18     00    000  -1.07  -6.36   1.46
2024      5     12     10     19     00    000  -1.04  -6.37   1.45
2024      5     12     10     20     00    000  -1.01  -6.37   1.44
2024      5     12     10     21     00    000  -0.99  -6.38   1.43
2024      5     12     10     22     00    000  -0.96  -6.38   1.43
2024      5     12     10     23     00    000  -0.93  -6.39   1.42
2024      5     12     10     24     00    000  -0.90  -6.39   1.41
2024      5     12     10     25     00    000  -0.88  -6.40   1.40
2024      5     12     10     26     00    000  -0.85  -6.41   1.40
2024      5     12     10     27     00    000  -0.82  -6.41   1.39
2024      5     12     10     28     00    000  -0.80  -6.42   1.38
2024      5     12     10     29     00    000  -0.77  -6.42   1.37
2024      5     12     10     30     00    000  -0.74  -6.43   1.37
2024      5     12     10     31     00    000  -0.71  -6.43   1.36
2024      5     12     10     32     00    000  -0.69  -6.43   1.35
2024      5     12     10     33     00    000  -0.66  -6.44   1.34
2024      5     12     10     34     00    000  -0.63  -6.44   1.34
2024      5     12     10     35     00    000  -0.61  -6.45   1.33
2024      5     12     10     36     00    000  -0.58  -6.45   1.32
2024      5     12     10     37     00    000  -0.55  -6.46   1.31
2024      5     12     10     38     00    000  -0.52  -6.46   1.30
2024      5     12     10     39     00    000  -0.50  -6.46   1.30
2024      5     12     10     40     00    000  -0.47  -6.47   1.29
2024      5     12     10     41     00    000  -0.44  -6.47   1.28
2024      5     12     10     42     00    000  -0.41  -6.47   1.27
2024      5     12     10     43     00    000  -0.39  -6.48   1.26
2024      5     12     10     44     00    000  -0.36  -6.48   1.26
2024      5     12     10     45     00    000  -0.33  -6.48   1.25
2024      5     12     10     46     00    000  -0.31  -6.49   1.24
2024      5     12     10     47     00    000  -0.28  -6.49   1.23
2024      5     12     10     48     00    000  -0.25  -6.49   1.22
2024      5     12     10     49     00    000  -0.22  -6.49   1.21
2024      5     12     10     50     00    000  -0.20  -6.50   1.20
2024      5     12     10     51     00    000  -0.17  -6.50   1.20
2024      5     12     10     52     00    000  -0.14  -6.50   1.19
2024      5     12     10     53     00    000  -0.11  -6.50   1.18
2024      5     12     10     54     00    000  -0.09  -6.51   1.17
2024      5     12     10     55     00    000  -0.06  -6.51   1.16
2024      5     12     10     56     00    000  -0.03  -6.51   1.15
2024      5     12     10     57     00    000  -0.00  -6.51   1.14
2024      5     12     10     58     00    000   0.02  -6.51   1.13
2024      5     12     10     59     00    000   0.05  -6.51   1.13
2024      5     12     11     00     00    000   0.08  -6.52   1.12
2024      5     12     11     01     00    000   0.11  -6.52   1.11
2024      5     12     11     02     00    000   0.13  -6.52   1.10
2024      5     12     11     03     00    000   0.16  -6.52   1.09
2024      5     12     11     04     00    000   0.19  -6.52   1.08
2024      5     12     11     05     00    000   0.22  -6.52   1.07
2024      5     12     11     06     00    000   0.24  -6.52   1.06
2024      5     12     11     07     00    000   0.27  -6.52   1.05
2024      5     12     11     08     00    000   0.30  -6.52   1.04
2024      5     12     11     09     00    000   0.32  -6.52   1.03
2024      5     12     11     10     00    000   0.35  -6.52   1.03
2024      5     12     11     11     00    000   0.38  -6.52   1.02
2024      5     12     11     12     00    000   0.41  -6.52   1.01
2024      5     12     11     13     00    000   0.43  -6.52   1.00
2024      5     12     11     14     00    000   0.46  -6.52   0.99
2024      5     12     11     15     00    000   0.49  -6.52   0.98
2024      5     12     11     16     00    000   0.52  -6.52   0.97
2024      5     12     11     17     00    000   0.54  -6.52   0.96
2024      5     12     11     18     00    000   0.57  -6.52   0.95
2024      5     12     11     19     00    000   0.60  -6.52   0.94
2024      5     12     11     20     00    000   0.62  -6.52   0.93
2024      5     12     11     21     00    000   0.65  -6.51   0.92
2024      5     12     11     22     00    000   0.68  -6.51   0.91
2024      5     12     11     23     00    000   0.71  -6.51   0.90
2024      5     12     11     24     00    000   0.73  -6.51   0.89
2024      5     12     11     25     00    000   0.76  -6.51   0.88
2024      5     12     11     26     00    000   0.79  -6.51   0.87
2024      5     12     11     27     00    000   0.82  -6.50   0.86
2024      5     12     11     28     00    000   0.84  -6.50   0.85
2024      5     12     11     29     00    000   0.87  -6.50   0.84
2024      5     12     11     30     00    000   0.90  -6.50   0.83
2024      5     12     11     31     00    000   0.92  -6.49   0.82
2024      5     12     11     32     00    000   0.95  -6.49   0.81
2024      5     12     11     33     00    000   0.98  -6.49   0.80
2024      5     12     11     34     00    000   1.01  -6.49   0.79
2024      5     12     11     35     00    000   1.03  -6.48   0.78
2024      5     12     11     36     00    000   1.06  -6.48   0.77
2024      5     12     11     37     00    000   1.09  -6.48   0.76
2024      5     12     11     38     00    000   1.11  -6.47   0.75
2024      5     12     11     39     00    000   1.14  -6.47   0.74
2024      5     12     11     40     00    000   1.17  -6.47   0.73
2024      5     12     11     41     00    000   1.19  -6.46   0.72
2024      5     12     11     42     00    000   1.22  -6.46   0.70
2024      5     12     11     43     00    000   1.25  -6.45   0.69
2024      5     12     11     44     00    000   1.27  -6.45   0.68
2024      5     12     11     45     00    000   1.30  -6.45   0.67
2024      5     12     11     46     00    000   1.33  -6.44   0.66
2024      5     12     11     47     00    000   1.35  -6.44   0.65
2024      5     12     11     48     00    000   1.38  -6.43   0.64
2024      5     12     11     49     00    000   1.41  -6.43   0.63
2024      5     12     11     50     00    000   1.43  -6.42   0.62
2024      5     12     11     51     00    000   1.46  -6.42   0.61
2024      5     12     11     52     00    000   1.49  -6.41   0.60
2024      5     12     11     53     00    000   1.51  -6.41   0.59
2024      5     12     11     54     00    000   1.54  -6.40   0.58
2024      5     12     11     55     00    000   1.57  -6.40   0.56
2024      5     12     11     56     00    000   1.59  -6.39   0.55
2024      5     12     11     57     00    000   1.62  -6.39   0.54
2024      5     12     11     58     00    000   1.65  -6.38   0.53
2024      5     12     11     59     00    000   1.67  -6.37   0.52
2024      5     12     12     00     00    000   1.70  -6.37   0.51
2024      5     12     12     01     00    000   1.73  -6.36   0.50
2024      5     12     12     02     00    000   1.75  -6.36   0.49
2024      5     12     12     03     00    000   1.78  -6.35   0.47
2024      5     12     12     04     00    000   1.81  -6.34   0.46
2024      5     12     12     05     00    000   1.83  -6.34   0.45
2024      5     12     12     06     00    000   1.86  -6.33   0.44
2024      5     12     12     07     00    000   1.88  -6.32   0.43
2024      5     12     12     08     00    000   1.91  -6.31   0.42
2024      5     12     12     09     00    000   1.94  -6.31   0.41
2024      5     12     12     10     00    000   1.96  -6.30   0.40
2024      5     12     12     11     00    000   1.99  -6.29   0.38
2024      5     12     12     12     00    000   2.01  -6.29   0.37
2024      5     12     12     13     00    000   2.04  -6.28   0.36
2024      5     12     12     14     00    000   2.07  -6.27   0.35
2024      5     12     12     15     00    000   2.09  -6.26   0.34
2024      5     12     12     16     00    000   2.12  -6.25   0.33
2024      5     12     12     17     00    000   2.14  -6.25   0.32
2024      5     12     12     18     00    000   2.17  -6.24   0.30
2024      5     12     12     19     00    000   2.19  -6.23   0.29
2024      5     12     12     20     00    000   2.22  -6.22   0.28
2024      5     12     12     21     00    000   2.25  -6.21   0.27
2024      5     12     12     22     00    000   2.27  -6.20   0.26
2024      5     12     12     23     00    000   2.30  -6.19   0.25
2024      5     12     12     24     00    000   2.32  -6.18   0.23
2024      5     12     12     25     00    000   2.35  -6.18   0.22
2024      5     12     12     26     00    000   2.37  -6.17   0.21
2024      5     12     12     27     00    000   2.40  -6.16   0.20
2024      5     12     12     28     00    000   2.42  -6.15   0.19
2024      5     12     12     29     00    000   2.45  -6.14   0.17
2024      5     12     12     30     00    000   2.47  -6.13   0.16
2024      5     12     12     31     00    000   2.50  -6.12   0.15
2024      5     12     12     32     00    000   2.52  -6.11   0.14
2024      5     12     12     33     00    000   2.55  -6.10   0.13
2024      5     12     12     34     00    000   2.57  -6.09   0.12
2024      5     12     12     35     00    000   2.60  -6.08   0.10
2024      5     12     12     36     00    000   2.62  -6.07   0.09
2024      5     12     12     37     00    000   2.65  -6.06   0.08
2024      5     12     12     38     00    000   2.67  -6.05   0.07
2024      5     12     12     39     00    000   2.70  -6.03   0.06
2024      5     12     12     40     00    000   2.72  -6.02   0.04
2024      5     12     12     41     00    000   2.75  -6.01   0.03
2024      5     12     12     42     00    000   2.77  -6.00   0.02
2024      5     12     12     43     00    000   2.80  -5.99   0.01
2024      5     12     12     44     00    000   2.82  -5.98  -0.00
2024      5     12     12     45     00    000   2.85  -5.97  -0.02
2024      5     12     12     46     00    000   2.87  -5.95  -0.03
2024      5     12     12     47     00    000   2.89  -5.94  -0.04
2024      5     12     12     48     00    000   2.92  -5.93  -0.05
2024      5     12     12     49     00    000   2.94  -5.92  -0.07
2024      5     12     12     50     00    000   2.97  -5.91  -0.08
2024      5     12     12     51     00    000   2.99  -5.89  -0.09
2024      5     12     12     52     00    000   3.02  -5.88  -0.10
2024      5     12     12     53     00    000   3.04  -5.87  -0.11
2024      5     12     12     54     00    000   3.06  -5.86  -0.13
2024      5     12     12     55     00    000   3.09  -5.84  -0.14
2024      5     12     12     56     00    000   3.11  -5.83  -0.15
2024      5     12     12     57     00    000   3.13  -5.82  -0.16
2024      5     12     12     58     00    000   3.16  -5.80  -0.17
2024      5     12     12     59     00    000   3.18  -5.79  -0.19
2024      5     12     13     00     00    000   3.21  -5.78  -0.20
2024      5     12     13     01     00    000   3.23  -5.76  -0.21
2024      5     12     13     02     00    000   3.25  -5.75  -0.22
2024      5     12     13     03     00    000   3.28  -5.74  -0.24
2024      5     12     13     04     00    000   3.30  -5.72  -0.25
2024      5     12     13     05     00    000   3.32  -5.71  -0.26
2024      5     12     13     06     00    000   3.35  -5.69  -0.27
2024      5     12     13     07     00    000   3.37  -5.68  -0.28
2024      5     12     13     08     00    000   3.39  -5.67  -0.30
2024      5     12     13     09     00    000   3.42  -5.65  -0.31
2024      5     12     13     10     00    000   3.44  -5.64  -0.32
2024      5     12     13     11     00    000   3.46  -5.62  -0.33
2024      5     12     13     12     00    000   3.48  -5.61  -0.34
2024      5     12     13     13     00    000   3.51  -5.59  -0.36
2024      5     12     13     14     00    000   3.53  -5.58  -0.37
2024      5     12     13     15     00    000   3.55  -5.56  -0.38
2024      5     12     13     16     00    000   3.57  -5.55  -0.39
2024      5     12     13     17     00    000   3.60  -5.53  -0.41
2024      5     12     13     18     00    000   3.62  -5.52  -0.42
2024      5     12     13     19     00    000   3.64  -5.50  -0.43
2024      5     12     13     20     00    000   3.66  -5.48  -0.44
2024      5     12     13     21     00    000   3.69  -5.47  -0.45
2024      5     12     13     22     00    000   3.71  -5.45  -0.47
2024      5     12     13     23     00    000   3.73  -5.44  -0.48
2024      5     12     13     24     00    000   3.75  -5.42  -0.49
2024      5     12     13     25     00    000   3.77  -5.40  -0.50
2024      5     12     13     26     00    000   3.80  -5.39  -0.51
2024      5     12     13     27     00    000   3.82  -5.37  -0.53
2024      5     12     13     28     00    000   3.84  -5.35  -0.54
2024      5     12     13     29     00    000   3.86  -5.34  -0.55
2024      5     12     13     30     00    000   3.88  -5.32  -0.56
2024      5     12     13     31     00    000   3.90  -5.30  -0.58
2024      5     12     13     32     00    000   3.93  -5.29  -0.59
2024      5     12     13     33     00    000   3.95  -5.27  -0.60
2024      5     12     13     34     00    000   3.97  -5.25  -0.61
2024      5     12     13     35     00    000   3.99  -5.23  -0.62
2024      5     12     13     36     00    000   4.01  -5.22  -0.64
2024      5     12     13     37     00    000   4.03  -5.20  -0.65
2024      5     12     13     38     00    000   4.05  -5.18  -0.66
2024      5     12     13     39     00    000   4.07  -5.16  -0.67
2024      5     12     13     40     00    000   4.09  -5.15  -0.68
2024      5     12     13     41     00    000   4.11  -5.13  -0.69
2024      5     12     13     42     00    000   4.14  -5.11  -0.71
2024      5     12     13     43     00    000   4.16  -5.09  -0.72
2024      5     12     13     44     00    000   4.18  -5.07  -0.73
2024      5     12     13     45     00    000   4.20  -5.05  -0.74
2024      5     12     13     46     00    000   4.22  -5.03  -0.75
2024      5     12     13     47     00    000   4.24  -5.02  -0.77
2024      5     12     13     48     00    000   4.26  -5.00  -0.78
2024      5     12     13     49     00    000   4.28  -4.98  -0.79
2024      5     12     13     50     00    000   4.30  -4.96  -0.80
2024      5     12     13     51     00    000   4.32  -4.94  -0.81
2024      5     12     13     52     00    000   4.34  -4.92  -0.82
2024      5     12     13     53     00    000   4.36  -4.90  -0.84
2024      5     12     13     54     00    000   4.38  -4.88  -0.85
2024      5     12     13     55     00    000   4.40  -4.86  -0.86
2024      5     12     13     56     00    000   4.42  -4.84  -0.87
2024      5     12     13     57     00    000   4.44  -4.82  -0.88
2024      5     12     13     58     00    000   4.45  -4.80  -0.89
2024      5     12     13     59     00    000   4.47  -4.78  -0.91
2024      5     12     14     00     00    000   4.49  -4.76  -0.92
2024      5     12     14     01     00    000   4.51  -4.74  -0.93
2024      5     12     14     02     00    000   4.53  -4.72  -0.94
2024      5     12     14     03     00    000   4.55  -4.70  -0.95
2024      5     12     14     04     00    000   4.57  -4.68  -0.96
2024      5     12     14     05     00    000   4.59  -4.66  -0.97
2024      5     12     14     06     00    000   4.61  -4.64  -0.99
2024      5     12     14     07     00    000   4.62  -4.62  -1.00
2024      5     12     14     08     00    000   4.64  -4.60  -1.01
2024      5     12     14     09     00    000   4.66  -4.58  -1.02
2024      5     12     14     10     00    000   4.68  -4.55  -1.03
2024      5     12     14     11     00    000   4.70  -4.53  -1.04
2024      5     12     14     12     00    000   4.72  -4.51  -1.05
2024      5     12     14     13     00    000   4.73  -4.49  -1.06
2024      5     12     14     14     00    000   4.75  -4.47  -1.08
2024      5     12     14     15     00    000   4.77  -4.45  -1.09
2024      5     12     14     16     00    000   4.79  -4.42  -1.10
2024      5     12     14     17     00    000   4.81  -4.40  -1.11
2024      5     12     14     18     00    000   4.82  -4.38  -1.12
2024      5     12     14     19     00    000   4.84  -4.36  -1.13
2024      5     12     14     20     00    000   4.86  -4.34  -1.14
2024      5     12     14     21     00    000   4.87  -4.31  -1.15
2024      5     12     14     22     00    000   4.89  -4.29  -1.16
2024      5     12     14     23     00    000   4.91  -4.27  -1.17
2024      5     12     14     24     00    000   4.93  -4.25  -1.18
2024      5     12     14     25     00    000   4.94  -4.22  -1.19
2024      5     12     14     26     00    000   4.96  -4.20  -1.20
2024      5     12     14     27     00    000   4.98  -4.18  -1.22
2024      5     12     14     28     00    000   4.99  -4.15  -1.23
2024      5     12     14     29     00    000   5.01  -4.13  -1.24
2024      5     12     14     30     00    000   5.03  -4.11  -1.25
2024      5     12     14     31     00    000   5.04  -4.09  -1.26
2024      5     12     14     32     00    000   5.06  -4.06  -1.27
2024      5     12     14     33     00    000   5.07  -4.04  -1.28
2024      5     12     14     34     00    000   5.09  -4.02  -1.29
2024      5     12     14     35     00    000   5.11  -3.99  -1.30
2024      5     12     14     36     00    000   5.12  -3.97  -1.31
2024      5     12     14     37     00    000   5.14  -3.94  -1.32
2024      5     12     14     38     00    000   5.15  -3.92  -1.33
2024      5     12     14     39     00    000   5.17  -3.90  -1.34
2024      5     12     14     40     00    000   5.19  -3.87  -1.35
2024      5     12     14     41     00    000   5.20  -3.85  -1.36
2024      5     12     14     42     00    000   5.22  -3.82  -1.37
2024      5     12     14     43     00    000   5.23  -3.80  -1.38
2024      5     12     14     44     00    000   5.25  -3.77  -1.39
2024      5     12     14     45     00    000   5.26  -3.75  -1.40
2024      5     12     14     46     00    000   5.28  -3.73  -1.41
2024      5     12     14     47     00    000   5.29  -3.70  -1.42
2024      5     12     14     48     00    000   5.31  -3.68  -1.43
2024      5     12     14     49     00    000   5.32  -3.65  -1.44
2024      5     12     14     50     00    000   5.33  -3.63  -1.45
2024      5     12     14     51     00    000   5.35  -3.60  -1.46
2024      5     12     14     52     00    000   5.36  -3.58  -1.46
2024      5     12     14     53     00    000   5.38  -3.55  -1.47
2024      5     12     14     54     00    000   5.39  -3.53  -1.48
2024      5     12     14     55     00    000   5.41  -3.50  -1.49
2024      5     12     14     56     00    000   5.42  -3.48  -1.50
2024      5     12     14     57     00    000   5.43  -3.45  -1.51
2024      5     12     14     58     00    000   5.45  -3.42  -1.52
2024      5     12     14     59     00    000   5.46  -3.40  -1.53
2024      5     12     15     00     00    000   5.47  -3.37  -1.54
2024      5     12     15     01     00    000   5.49  -3.35  -1.55
2024      5     12     15     02     00    000   5.50  -3.32  -1.56
2024      5     12     15     03     00    000   5.51  -3.29  -1.56
2024      5     12     15     04     00    000   5.53  -3.27  -1.57
2024      5     12     15     05     00    000   5.54  -3.24  -1.58
2024      5     12     15     06     00    000   5.55  -3.22  -1.59
2024      5     12     15     07     00    000   5.56  -3.19  -1.60
2024      5     12     15     08     00    000   5.58  -3.16  -1.61
2024      5     12     15     09     00    000   5.59  -3.14  -1.62
2024      5     12     15     10     00    000   5.60  -3.11  -1.62
2024      5     12     15     11     00    000   5.61  -3.08  -1.63
2024      5     12     15     12     00    000   5.63  -3.06  -1.64
2024      5     12     15     13     00    000   5.64  -3.03  -1.65
2024      5     12     15     14     00    000   5.65  -3.00  -1.66
2024      5     12     15     15     00    000   5.66  -2.98  -1.66
2024      5     12     15     16     00    000   5.67  -2.95  -1.67
2024      5     12     15     17     00    000   5.69  -2.92  -1.68
2024      5     12     15     18     00    000   5.70  -2.90  -1.69
2024      5     12     15     19     00    000   5.71  -2.87  -1.70
2024      5     12     15     20     00    000   5.72  -2.84  -1.70
2024      5     12     15     21     00    000   5.73  -2.81  -1.71
2024      5     12     15     22     00    000   5.74  -2.79  -1.72
2024      5     12     15     23     00    000   5.75  -2.76  -1.73
2024      5     12     15     24     00    000   5.76  -2.73  -1.73
2024      5     12     15     25     00    000   5.78  -2.71  -1.74
2024      5     12     15     26     00    000   5.79  -2.68  -1.75
2024      5     12     15     27     00    000   5.80  -2.65  -1.75
2024      5     12     15     28     00    000   5.81  -2.62  -1.76
2024      5     12     15     29     00    000   5.82  -2.59  -1.77
2024      5     12     15     30     00    000   5.83  -2.57  -1.78
2024      5     12     15     31     00    000   5.84  -2.54  -1.78
2024      5     12     15     32     00    000   5.85  -2.51  -1.79
2024      5     12     15     33     00    000   5.86  -2.48  -1.80
2024      5     12     15     34     00    000   5.87  -2.45  -1.80
2024      5     12     15     35     00    000   5.88  -2.43  -1.81
2024      5     12     15     36     00    000   5.89  -2.40  -1.82
2024      5     12     15     37     00    000   5.90  -2.37  -1.82
2024      5     12     15     38     00    000   5.90  -2.34  -1.83
2024      5     12     15     39     00    000   5.91  -2.31  -1.84
2024      5     12     15     40     00    000   5.92  -2.29  -1.84
2024      5     12     15     41     00    000   5.93  -2.26  -1.85
2024      5     12     15     42     00    000   5.94  -2.23  -1.85
2024      5     12     15     43     00    000   5.95  -2.20  -1.86
2024      5     12     15     44     00    000   5.96  -2.17  -1.87
2024      5     12     15     45     00    000   5.97  -2.14  -1.87
2024      5     12     15     46     00    000   5.98  -2.11  -1.88
2024      5     12     15     47     00    000   5.98  -2.08  -1.88
2024      5     12     15     48     00    000   5.99  -2.06  -1.89
2024      5     12     15     49     00    000   6.00  -2.03  -1.89
2024      5     12     15     50     00    000   6.01  -2.00  -1.90
2024      5     12     15     51     00    000   6.02  -1.97  -1.91
2024      5     12     15     52     00    000   6.02  -1.94  -1.91
2024      5     12     15     53     00    000   6.03  -1.91  -1.92
2024      5     12     15     54     00    000   6.04  -1.88  -1.92
2024      5     12     15     55     00    000   6.05  -1.85  -1.93
2024      5     12     15     56     00    000   6.05  -1.82  -1.93
2024      5     12     15     57     00    000   6.06  -1.79  -1.94
2024      5     12     15     58     00    000   6.07  -1.77  -1.94
2024      5     12     15     59     00    000   6.07  -1.74  -1.95
2024      5     12     16     00     00    000   6.08  -1.71  -1.95
2024      5     12     16     01     00    000   6.09  -1.68  -1.96
2024      5     12     16     02     00    000   6.09  -1.65  -1.96
2024      5     12     16     03     00    000   6.10  -1.62  -1.96
2024      5     12     16     04     00    000   6.11  -1.59  -1.97
2024      5     12     16     05     00    000   6.11  -1.56  -1.97
2024      5     12     16     06     00    000   6.12  -1.53  -1.98
2024      5     12     16     07     00    000   6.13  -1.50  -1.98
2024      5     12     16     08     00    000   6.13  -1.47  -1.99
2024      5     12     16     09     00    000   6.14  -1.44  -1.99
2024      5     12     16     10     00    000   6.14  -1.41  -1.99
2024      5     12     16     11     00    000   6.15  -1.38  -2.00
2024      5     12     16     12     00    000   6.15  -1.35  -2.00
2024      5     12     16     13     00    000   6.16  -1.32  -2.00
2024      5     12     16     14     00    000   6.16  -1.29  -2.01
2024      5     12     16     15     00    000   6.17  -1.26  -2.01
2024      5     12     16     16     00    000   6.17  -1.23  -2.02
2024      5     12     16     17     00    000   6.18  -1.20  -2.02
2024      5     12     16     18     00    000   6.18  -1.17  -2.02
2024      5     12     16     19     00    000   6.19  -1.14  -2.02
2024      5     12     16     20     00    000   6.19  -1.11  -2.03
2024      5     12     16     21     00    000   6.20  -1.08  -2.03
2024      5     12     16     22     00    000   6.20  -1.05  -2.03
2024      5     12     16     23     00    000   6.21  -1.02  -2.04
2024      5     12     16     24     00    000   6.21  -0.99  -2.04
2024      5     12     16     25     00    000   6.21  -0.96  -2.04
2024      5     12     16     26     00    000   6.22  -0.93  -2.04
2024      5     12     16     27     00    000   6.22  -0.90  -2.05
2024      5     12     16     28     00    000   6.22  -0.87  -2.05
2024      5     12     16     29     00    000   6.23  -0.84  -2.05
2024      5     12     16     30     00    000   6.23  -0.81  -2.05
2024      5     12     16     31     00    000   6.23  -0.78  -2.06
2024      5     12     16     32     00    000   6.24  -0.75  -2.06
2024      5     12     16     33     00    000   6.24  -0.72  -2.06
2024      5     12     16     34     00    000   6.24  -0.69  -2.06
2024      5     12     16     35     00    000   6.25  -0.66  -2.06
2024      5     12     16     36     00    000   6.25  -0.63  -2.07
2024      5     12     16     37     00    000   6.25  -0.60  -2.07
2024      5     12     16     38     00    000   6.25  -0.57  -2.07
2024      5     12     16     39     00    000   6.26  -0.54  -2.07
2024      5     12     16     40     00    000   6.26  -0.51  -2.07
2024      5     12     16     41     00    000   6.26  -0.48  -2.07
2024      5     12     16     42     00    000   6.26  -0.45  -2.07
2024      5     12     16     43     00    000   6.26  -0.42  -2.07
2024      5     12     16     44     00    000   6.26  -0.38  -2.08
2024      5     12     16     45     00    000   6.27  -0.35  -2.08
2024      5     12     16     46     00    000   6.27  -0.32  -2.08
2024      5     12     16     47     00    000   6.27  -0.29  -2.08
2024      5     12     16     48     00    000   6.27  -0.26  -2.08
2024      5     12     16     49     00    000   6.27  -0.23  -2.08
2024      5     12     16     50     00    000   6.27  -0.20  -2.08
2024      5     12     16     51     00    000   6.27  -0.17  -2.08
2024      5     12     16     52     00    000   6.27  -0.14  -2.08
2024      5     12     16     53     00    000   6.27  -0.11  -2.08
2024      5     12     16     54     00    000   6.27  -0.08  -2.08
2024      5     12     16     55     00    000   6.27  -0.05  -2.08
2024      5     12     16     56     00    000   6.27  -0.02  -2.08
2024      5     12     16     57     00    000   6.27   0.01  -2.08
2024      5     12     16     58     00    000   6.27   0.04  -2.08
2024      5     12     16     59     00    000   6.27   0.07  -2.08
2024      5     12     17     00     00    000   6.27   0.10  -2.08
2024      5     12     17     01     00    000   6.27   0.13  -2.08
2024      5     12     17     02     00    000   6.27   0.16  -2.08
2024      5     12     17     03     00    000   6.27   0.19  -2.08
2024      5     12     17     04     00    000   6.27   0.23  -2.08
2024      5     12     17     05     00    000   6.27   0.26  -2.08
2024      5     12     17     06     00    000   6.27   0.29  -2.07
2024      5     12     17     07     00    000   6.27   0.32  -2.07
2024      5     12     17     08     00    000   6.27   0.35  -2.07
2024      5     12     17     09     00    000   6.27   0.38  -2.07
2024      5     12     17     10     00    000   6.26   0.41  -2.07
2024      5     12     17     11     00    000   6.26   0.44  -2.07
2024      5     12     17     12     00    000   6.26   0.47  -2.07
2024      5     12     17     13     00    000   6.26   0.50  -2.07
2024      5     12     17     14     00    000   6.26   0.53  -2.06
2024      5     12     17     15     00    000   6.26   0.56  -2.06
2024      5     12     17     16     00    000   6.25   0.59  -2.06
2024      5     12     17     17     00    000   6.25   0.62  -2.06
2024      5     12     17     18     00    000   6.25   0.65  -2.06
2024      5     12     17     19     00    000   6.25   0.68  -2.05
2024      5     12     17     20     00    000   6.24   0.71  -2.05
2024      5     12     17     21     00    000   6.24   0.74  -2.05
2024      5     12     17     22     00    000   6.24   0.77  -2.05
2024      5     12     17     23     00    000   6.23   0.80  -2.05
2024      5     12     17     24     00    000   6.23   0.83  -2.04
2024      5     12     17     25     00    000   6.23   0.86  -2.04
2024      5     12     17     26     00    000   6.22   0.89  -2.04
2024      5     12     17     27     00    000   6.22   0.92  -2.04
2024      5     12     17     28     00    000   6.22   0.95  -2.03
2024      5     12     17     29     00    000   6.21   0.98  -2.03
2024      5     12     17     30     00    000   6.21   1.01  -2.03
2024      5     12     17     31     00    000   6.21   1.04  -2.02
2024      5     12     17     32     00    000   6.20   1.07  -2.02
2024      5     12     17     33     00    000   6.20   1.10  -2.02
2024      5     12     17     34     00    000   6.19   1.13  -2.01
2024      5     12     17     35     00    000   6.19   1.16  -2.01
2024      5     12     17     36     00    000   6.18   1.19  -2.01
2024      5     12     17     37     00    000   6.18   1.22  -2.00
2024      5     12     17     38     00    000   6.18   1.25  -2.00
2024      5     12     17     39     00    000   6.17   1.28  -2.00
2024      5     12     17     40     00    000   6.17   1.31  -1.99
2024      5     12     17     41     00    000   6.16   1.34  -1.99
2024      5     12     17     42     00    000   6.15   1.37  -1.98
2024      5     12     17     43     00    000   6.15   1.40  -1.98
2024      5     12     17     44     00    000   6.14   1.43  -1.98
2024      5     12     17     45     00    000   6.14   1.46  -1.97
2024      5     12     17     46     00    000   6.13   1.49  -1.97
2024      5     12     17     47     00    000   6.13   1.52  -1.96
2024      5     12     17     48     00    000   6.12   1.55  -1.96
2024      5     12     17     49     00    000   6.11   1.58  -1.95
2024      5     12     17     50     00    000   6.11   1.61  -1.95
2024      5     12     17     51     00    000   6.10   1.64  -1.94
2024      5     12     17     52     00    000   6.10   1.67  -1.94
2024      5     12     17     53     00    000   6.09   1.70  -1.93
2024      5     12     17     54     00    000   6.08   1.73  -1.93
2024      5     12     17     55     00    000   6.08   1.76  -1.92
2024      5     12     17     56     00    000   6.07   1.79  -1.92
2024      5     12     17     57     00    000   6.06   1.81  -1.91
2024      5     12     17     58     00    000   6.05   1.84  -1.91
2024      5     12     17     59     00    000   6.05   1.87  -1.90
2024      5     12     18     00     00    000   6.04   1.90  -1.90
2024      5     12     18     01     00    000   6.03   1.93  -1.89
2024      5     12     18     02     00    000   6.02   1.96  -1.89
2024      5     12     18     03     00    000   6.02   1.99  -1.88
2024      5     12     18     04     00    000   6.01   2.02  -1.88
2024      5     12     18     05     00    000   6.00   2.05  -1.87
2024      5     12     18     06     00    000   5.99   2.08  -1.86
2024      5     12     18     07     00    000   5.99   2.10  -1.86
2024      5     12     18     08     00    000   5.98   2.13  -1.85
2024      5     12     18     09     00    000   5.97   2.16  -1.85
2024      5     12     18     10     00    000   5.96   2.19  -1.84
2024      5     12     18     11     00    000   5.95   2.22  -1.83
2024      5     12     18     12     00    000   5.94   2.25  -1.83
2024      5     12     18     13     00    000   5.93   2.28  -1.82
2024      5     12     18     14     00    000   5.92   2.30  -1.81
2024      5     12     18     15     00    000   5.92   2.33  -1.81
2024      5     12     18     16     00    000   5.91   2.36  -1.80
2024      5     12     18     17     00    000   5.90   2.39  -1.79
2024      5     12     18     18     00    000   5.89   2.42  -1.79
2024      5     12     18     19     00    000   5.88   2.44  -1.78
2024      5     12     18     20     00    000   5.87   2.47  -1.77
2024      5     12     18     21     00    000   5.86   2.50  -1.77
2024      5     12     18     22     00    000   5.85   2.53  -1.76
2024      5     12     18     23     00    000   5.84   2.56  -1.75
2024      5     12     18     24     00    000   5.83   2.58  -1.75
2024      5     12     18     25     00    000   5.82   2.61  -1.74
2024      5     12     18     26     00    000   5.81   2.64  -1.73
2024      5     12     18     27     00    000   5.80   2.67  -1.72
2024      5     12     18     28     00    000   5.79   2.69  -1.72
2024      5     12     18     29     00    000   5.78   2.72  -1.71
2024      5     12     18     30     00    000   5.77   2.75  -1.70
2024      5     12     18     31     00    000   5.76   2.78  -1.69
2024      5     12     18     32     00    000   5.74   2.80  -1.69
2024      5     12     18     33     00    000   5.73   2.83  -1.68
2024      5     12     18     34     00    000   5.72   2.86  -1.67
2024      5     12     18     35     00    000   5.71   2.89  -1.66
2024      5     12     18     36     00    000   5.70   2.91  -1.65
2024      5     12     18     37     00    000   5.69   2.94  -1.65
2024      5     12     18     38     00    000   5.68   2.97  -1.64
2024      5     12     18     39     00    000   5.66   2.99  -1.63
2024      5     12     18     40     00    000   5.65   3.02  -1.62
2024      5     12     18     41     00    000   5.64   3.05  -1.61
2024      5     12     18     42     00    000   5.63   3.07  -1.61
2024      5     12     18     43     00    000   5.62   3.10  -1.60
2024      5     12     18     44     00    000   5.60   3.13  -1.59
2024      5     12     18     45     00    000   5.59   3.15  -1.58
2024      5     12     18     46     00    000   5.58   3.18  -1.57
2024      5     12     18     47     00    000   5.57   3.20  -1.56
2024      5     12     18     48     00    000   5.55   3.23  -1.55
2024      5     12     18     49     00    000   5.54   3.26  -1.55
2024      5     12     18     50     00    000   5.53   3.28  -1.54
2024      5     12     18     51     00    000   5.51   3.31  -1.53
2024      5     12     18     52     00    000   5.50   3.33  -1.52
2024      5     12     18     53     00    000   5.49   3.36  -1.51
2024      5     12     18     54     00    000   5.48   3.39  -1.50
2024      5     12     18     55     00    000   5.46   3.41  -1.49
2024      5     12     18     56     00    000   5.45   3.44  -1.48
2024      5     12     18     57     00    000   5.43   3.46  -1.47
2024      5     12     18     58     00    000   5.42   3.49  -1.46
2024      5     12     18     59     00    000   5.41   3.51  -1.46
2024      5     12     19     00     00    000   5.39   3.54  -1.45
2024      5     12     19     01     00    000   5.38   3.56  -1.44
2024      5     12     19     02     00    000   5.37   3.59  -1.43
2024      5     12     19     03     00    000   5.35   3.61  -1.42
2024      5     12     19     04     00    000   5.34   3.64  -1.41
2024      5     12     19     05     00    000   5.32   3.66  -1.40
2024      5     12     19     06     00    000   5.31   3.69  -1.39
2024      5     12     19     07     00    000   5.29   3.71  -1.38
2024      5     12     19     08     00    000   5.28   3.74  -1.37
2024      5     12     19     09     00    000   5.26   3.76  -1.36
2024      5     12     19     10     00    000   5.25   3.79  -1.35
2024      5     12     19     11     00    000   5.23   3.81  -1.34
2024      5     12     19     12     00    000   5.22   3.83  -1.33
2024      5     12     19     13     00    000   5.20   3.86  -1.32
2024      5     12     19     14     00    000   5.19   3.88  -1.31
2024      5     12     19     15     00    000   5.17   3.91  -1.30
2024      5     12     19     16     00    000   5.16   3.93  -1.29
2024      5     12     19     17     00    000   5.14   3.95  -1.28
2024      5     12     19     18     00    000   5.12   3.98  -1.27
2024      5     12     19     19     00    000   5.11   4.00  -1.26
2024      5     12     19     20     00    000   5.09   4.02  -1.25
2024      5     12     19     21     00    000   5.08   4.05  -1.24
2024      5     12     19     22     00    000   5.06   4.07  -1.23
2024      5     12     19     23     00    000   5.04   4.09  -1.22
2024      5     12     19     24     00    000   5.03   4.12  -1.21
2024      5     12     19     25     00    000   5.01   4.14  -1.20
2024      5     12     19     26     00    000   5.00   4.16  -1.19
2024      5     12     19     27     00    000   4.98   4.19  -1.18
2024      5     12     19     28     00    000   4.96   4.21  -1.17
2024      5     12     19     29     00    000   4.95   4.23  -1.15
2024      5     12     19     30     00    000   4.93   4.25  -1.14
2024      5     12     19     31     00    000   4.91   4.28  -1.13
2024      5     12     19     32     00    000   4.89   4.30  -1.12
2024      5     12     19     33     00    000   4.88   4.32  -1.11
2024      5     12     19     34     00    000   4.86   4.34  -1.10
2024      5     12     19     35     00    000   4.84   4.37  -1.09
2024      5     12     19     36     00    000   4.83   4.39  -1.08
2024      5     12     19     37     00    000   4.81   4.41  -1.07
2024      5     12     19     38     00    000   4.79   4.43  -1.06
2024      5     12     19     39     00    000   4.77   4.45  -1.05
2024      5     12     19     40     00    000   4.75   4.47  -1.04
2024      5     12     19     41     00    000   4.74   4.50  -1.02
2024      5     12     19     42     00    000   4.72   4.52  -1.01
2024      5     12     19     43     00    000   4.70   4.54  -1.00
2024      5     12     19     44     00    000   4.68   4.56  -0.99
2024      5     12     19     45     00    000   4.66   4.58  -0.98
2024      5     12     19     46     00    000   4.65   4.60  -0.97
2024      5     12     19     47     00    000   4.63   4.62  -0.96
2024      5     12     19     48     00    000   4.61   4.64  -0.95
2024      5     12     19     49     00    000   4.59   4.66  -0.94
2024      5     12     19     50     00    000   4.57   4.69  -0.92
2024      5     12     19     51     00    000   4.55   4.71  -0.91
2024      5     12     19     52     00    000   4.53   4.73  -0.90
2024      5     12     19     53     00    000   4.51   4.75  -0.89
2024      5     12     19     54     00    000   4.50   4.77  -0.88
2024      5     12     19     55     00    000   4.48   4.79  -0.87
2024      5     12     19     56     00    000   4.46   4.81  -0.86
2024      5     12     19     57     00    000   4.44   4.83  -0.84
2024      5     12     19     58     00    000   4.42   4.85  -0.83
2024      5     12     19     59     00    000   4.40   4.87  -0.82
2024      5     12     20     00     00    000   4.38   4.89  -0.81
2024      5     12     20     01     00    000   4.36   4.90  -0.80
2024      5     12     20     02     00    000   4.34   4.92  -0.79
2024      5     12     20     03     00    000   4.32   4.94  -0.78
2024      5     12     20     04     00    000   4.30   4.96  -0.76
2024      5     12     20     05     00    000   4.28   4.98  -0.75
2024      5     12     20     06     00    000   4.26   5.00  -0.74
2024      5     12     20     07     00    000   4.24   5.02  -0.73
2024      5     12     20     08     00    000   4.22   5.04  -0.72
2024      5     12     20     09     00    000   4.20   5.06  -0.71
2024      5     12     20     10     00    000   4.18   5.07  -0.69
2024      5     12     20     11     00    000   4.16   5.09  -0.68
2024      5     12     20     12     00    000   4.14   5.11  -0.67
2024      5     12     20     13     00    000   4.12   5.13  -0.66
2024      5     12     20     14     00    000   4.10   5.15  -0.65
2024      5     12     20     15     00    000   4.08   5.17  -0.64
2024      5     12     20     16     00    000   4.06   5.18  -0.62
2024      5     12     20     17     00    000   4.03   5.20  -0.61
2024      5     12     20     18     00    000   4.01   5.22  -0.60
2024      5     12     20     19     00    000   3.99   5.24  -0.59
2024      5     12     20     20     00    000   3.97   5.25  -0.58
2024      5     12     20     21     00    000   3.95   5.27  -0.56
2024      5     12     20     22     00    000   3.93   5.29  -0.55
2024      5     12     20     23     00    000   3.91   5.30  -0.54
2024      5     12     20     24     00    000   3.89   5.32  -0.53
2024      5     12     20     25     00    000   3.86   5.34  -0.52
2024      5     12     20     26     00    000   3.84   5.36  -0.50
2024      5     12     20     27     00    000   3.82   5.37  -0.49
2024      5     12     20     28     00    000   3.80   5.39  -0.48
2024      5     12     20     29     00    000   3.78   5.40  -0.47
2024      5     12     20     30     00    000   3.76   5.42  -0.46
2024      5     12     20     31     00    000   3.73   5.44  -0.45
2024      5     12     20     32     00    000   3.71   5.45  -0.43
2024      5     12     20     33     00    000   3.69   5.47  -0.42
2024      5     12     20     34     00    000   3.67   5.49  -0.41
2024      5     12     20     35     00    000   3.64   5.50  -0.40
2024      5     12     20     36     00    000   3.62   5.52  -0.39
2024      5     12     20     37     00    000   3.60   5.53  -0.37
2024      5     12     20     38     00    000   3.58   5.55  -0.36
2024      5     12     20     39     00    000   3.56   5.56  -0.35
2024      5     12     20     40     00    000   3.53   5.58  -0.34
2024      5     12     20     41     00    000   3.51   5.59  -0.33
2024      5     12     20     42     00    000   3.49   5.61  -0.31
2024      5     12     20     43     00    000   3.46   5.62  -0.30
2024      5     12     20     44     00    000   3.44   5.64  -0.29
2024      5     12     20     45     00    000   3.42   5.65  -0.28
2024      5     12     20     46     00    000   3.40   5.67  -0.27
2024      5     12     20     47     00    000   3.37   5.68  -0.25
2024      5     12     20     48     00    000   3.35   5.69  -0.24
2024      5     12     20     49     00    000   3.33   5.71  -0.23
2024      5     12     20     50     00    000   3.30   5.72  -0.22
2024      5     12     20     51     00    000   3.28   5.74  -0.21
2024      5     12     20     52     00    000   3.26   5.75  -0.19
2024      5     12     20     53     00    000   3.23   5.76  -0.18
2024      5     12     20     54     00    000   3.21   5.78  -0.17
2024      5     12     20     55     00    000   3.19   5.79  -0.16
2024      5     12     20     56     00    000   3.16   5.80  -0.15
2024      5     12     20     57     00    000   3.14   5.82  -0.14
2024      5     12     20     58     00    000   3.11   5.83  -0.12
2024      5     12     20     59     00    000   3.09   5.84  -0.11
2024      5     12     21     00     00    000   3.07   5.86  -0.10
2024      5     12     21     01     00    000   3.04   5.87  -0.09
2024      5     12     21     02     00    000   3.02   5.88  -0.08
2024      5     12     21     03     00    000   3.00   5.89  -0.06
2024      5     12     21     04     00    000   2.97   5.91  -0.05
2024      5     12     21     05     00    000   2.95   5.92  -0.04
2024      5     12     21     06     00    000   2.92   5.93  -0.03
2024      5     12     21     07     00    000   2.90   5.94  -0.02
2024      5     12     21     08     00    000   2.87   5.95  -0.01
2024      5     12     21     09     00    000   2.85   5.96   0.01
2024      5     12     21     10     00    000   2.83   5.98   0.02
2024      5     12     21     11     00    000   2.80   5.99   0.03
2024      5     12     21     12     00    000   2.78   6.00   0.04
2024      5     12     21     13     00    000   2.75   6.01   0.05
2024      5     12     21     14     00    000   2.73   6.02   0.07
2024      5     12     21     15     00    000   2.70   6.03   0.08
2024      5     12     21     16     00    000   2.68   6.04   0.09
2024      5     12     21     17     00    000   2.65   6.05   0.10
2024      5     12     21     18     00    000   2.63   6.06   0.11
2024      5     12     21     19     00    000   2.60   6.08   0.12
2024      5     12     21     20     00    000   2.58   6.09   0.14
2024      5     12     21     21     00    000   2.55   6.10   0.15
2024      5     12     21     22     00    000   2.53   6.11   0.16
2024      5     12     21     23     00    000   2.50   6.12   0.17
2024      5     12     21     24     00    000   2.48   6.13   0.18
2024      5     12     21     25     00    000   2.45   6.14   0.19
2024      5     12     21     26     00    000   2.43   6.15   0.20
2024      5     12     21     27     00    000   2.40   6.15   0.22
2024      5     12     21     28     00    000   2.38   6.16   0.23
2024      5     12     21     29     00    000   2.35   6.17   0.24
2024      5     12     21     30     00    000   2.33   6.18   0.25
2024      5     12     21     31     00    000   2.30   6.19   0.26
2024      5     12     21     32     00    000   2.28   6.20   0.27
2024      5     12     21     33     00    000   2.25   6.21   0.28
2024      5     12     21     34     00    000   2.22   6.22   0.30
2024      5     12     21     35     00    000   2.20   6.23   0.31
2024      5     12     21     36     00    000   2.17   6.24   0.32
2024      5     12     21     37     00    000   2.15   6.24   0.33
2024      5     12     21     38     00    000   2.12   6.25   0.34
2024      5     12     21     39     00    000   2.10   6.26   0.35
2024      5     12     21     40     00    000   2.07   6.27   0.36
2024      5     12     21     41     00    000   2.04   6.28   0.37
2024      5     12     21     42     00    000   2.02   6.28   0.39
2024      5     12     21     43     00    000   1.99   6.29   0.40
2024      5     12     21     44     00    000   1.97   6.30   0.41
2024      5     12     21     45     00    000   1.94   6.31   0.42
2024      5     12     21     46     00    000   1.91   6.31   0.43
2024      5     12     21     47     00    000   1.89   6.32   0.44
2024      5     12     21     48     00    000   1.86   6.33   0.45
2024      5     12     21     49     00    000   1.84   6.33   0.46
2024      5     12     21     50     00    000   1.81   6.34   0.47
2024      5     12     21     51     00    000   1.78   6.35   0.48
2024      5     12     21     52     00    000   1.76   6.35   0.50
2024      5     12     21     53     00    000   1.73   6.36   0.51
2024      5     12     21     54     00    000   1.70   6.37   0.52
2024      5     12     21     55     00    000   1.68   6.37   0.53
2024      5     12     21     56     00    000   1.65   6.38   0.54
2024      5     12     21     57     00    000   1.63   6.38   0.55
2024      5     12     21     58     00    000   1.60   6.39   0.56
2024      5     12     21     59     00    000   1.57   6.40   0.57
2024      5     12     22     00     00    000   1.55   6.40   0.58
2024      5     12     22     01     00    000   1.52   6.41   0.59
2024      5     12     22     02     00    000   1.49   6.41   0.60
2024      5     12     22     03     00    000   1.47   6.42   0.61
2024      5     12     22     04     00    000   1.44   6.42   0.62
2024      5     12     22     05     00    000   1.41   6.43   0.63
2024      5     12     22     06     00    000   1.39   6.43   0.64
2024      5     12     22     07     00    000   1.36   6.44   0.65
2024      5     12     22     08     00    000   1.33   6.44   0.66
2024      5     12     22     09     00    000   1.31   6.45   0.68
2024      5     12     22     10     00    000   1.28   6.45   0.69
2024      5     12     22     11     00    000   1.25   6.45   0.70
2024      5     12     22     12     00    000   1.23   6.46   0.71
2024      5     12     22     13     00    000   1.20   6.46   0.72
2024      5     12     22     14     00    000   1.17   6.47   0.73
2024      5     12     22     15     00    000   1.15   6.47   0.74
2024      5     12     22     16     00    000   1.12   6.47   0.75
2024      5     12     22     17     00    000   1.09   6.48   0.76
2024      5     12     22     18     00    000   1.06   6.48   0.77
2024      5     12     22     19     00    000   1.04   6.48   0.78
2024      5     12     22     20     00    000   1.01   6.49   0.79
2024      5     12     22     21     00    000   0.98   6.49   0.80
2024      5     12     22     22     00    000   0.96   6.49   0.81
2024      5     12     22     23     00    000   0.93   6.49   0.82
2024      5     12     22     24     00    000   0.90   6.50   0.83
2024      5     12     22     25     00    000   0.88   6.50   0.84
2024      5     12     22     26     00    000   0.85   6.50   0.85
2024      5     12     22     27     00    000   0.82   6.50   0.86
2024      5     12     22     28     00    000   0.79   6.51   0.87
2024      5     12     22     29     00    000   0.77   6.51   0.87
2024      5     12     22     30     00    000   0.74   6.51   0.88
2024      5     12     22     31     00    000   0.71   6.51   0.89
2024      5     12     22     32     00    000   0.69   6.51   0.90
2024      5     12     22     33     00    000   0.66   6.51   0.91
2024      5     12     22     34     00    000   0.63   6.52   0.92
2024      5     12     22     35     00    000   0.60   6.52   0.93
2024      5     12     22     36     00    000   0.58   6.52   0.94
2024      5     12     22     37     00    000   0.55   6.52   0.95
2024      5     12     22     38     00    000   0.52   6.52   0.96
2024      5     12     22     39     00    000   0.49   6.52   0.97
2024      5     12     22     40     00    000   0.47   6.52   0.98
2024      5     12     22     41     00    000   0.44   6.52   0.99
2024      5     12     22     42     00    000   0.41   6.52   1.00
2024      5     12     22     43     00    000   0.39   6.52   1.01
2024      5     12     22     44     00    000   0.36   6.52   1.01
2024      5     12     22     45     00    000   0.33   6.52   1.02
2024      5     12     22     46     00    000   0.30   6.52   1.03
2024      5     12     22     47     00    000   0.28   6.52   1.04
2024      5     12     22     48     00    000   0.25   6.52   1.05
2024      5     12     22     49     00    000   0.22   6.52   1.06
2024      5     12     22     50     00    000   0.19   6.52   1.07
2024      5     12     22     51     00    000   0.17   6.52   1.08
2024      5     12     22     52     00    000   0.14   6.52   1.09
2024      5     12     22     53     00    000   0.11   6.52   1.09
2024      5     12     22     54     00    000   0.08   6.52   1.10
2024      5     12     22     55     00    000   0.06   6.52   1.11
2024      5     12     22     56     00    000   0.03   6.52   1.12
2024      5     12     22     57     00    000   0.00   6.51   1.13
2024      5     12     22     58     00    000  -0.03   6.51   1.14
2024      5     12     22     59     00    000  -0.05   6.51   1.15
2024      5     12     23     00     00    000  -0.08   6.51   1.15
2024      5     12     23     01     00    000  -0.11   6.51   1.16
2024      5     12     23     02     00    000  -0.13   6.50   1.17
2024      5     12     23     03     00    000  -0.16   6.50   1.18
2024      5     12     23     04     00    000  -0.19   6.50   1.19
2024      5     12     23     05     00    000  -0.22   6.50   1.20
2024      5     12     23     06     00    000  -0.24   6.50   1.20
2024      5     12     23     07     00    000  -0.27   6.49   1.21
2024      5     12     23     08     00    000  -0.30   6.49   1.22
2024      5     12     23     09     00    000  -0.33   6.49   1.23
2024      5     12     23     10     00    000  -0.35   6.48   1.24
2024      5     12     23     11     00    000  -0.38   6.48   1.24
2024      5     12     23     12     00    000  -0.41   6.48   1.25
2024      5     12     23     13     00    000  -0.44   6.48   1.26
2024      5     12     23     14     00    000  -0.46   6.47   1.27
2024      5     12     23     15     00    000  -0.49   6.47   1.27
2024      5     12     23     16     00    000  -0.52   6.46   1.28
2024      5     12     23     17     00    000  -0.54   6.46   1.29
2024      5     12     23     18     00    000  -0.57   6.46   1.30
2024      5     12     23     19     00    000  -0.60   6.45   1.31
2024      5     12     23     20     00    000  -0.63   6.45   1.31
2024      5     12     23     21     00    000  -0.65   6.44   1.32
2024      5     12     23     22     00    000  -0.68   6.44   1.33
2024      5     12     23     23     00    000  -0.71   6.44   1.34
2024      5     12     23     24     00    000  -0.74   6.43   1.34
2024      5     12     23     25     00    000  -0.76   6.43   1.35
2024      5     12     23     26     00    000  -0.79   6.42   1.36
2024      5     12     23     27     00    000  -0.82   6.42   1.36
2024      5     12     23     28     00    000  -0.84   6.41   1.37
2024      5     12     23     29     00    000  -0.87   6.41   1.38
2024      5     12     23     30     00    000  -0.90   6.40   1.39
2024      5     12     23     31     00    000  -0.93   6.40   1.39
2024      5     12     23     32     00    000  -0.95   6.39   1.40
2024      5     12     23     33     00    000  -0.98   6.38   1.41
2024      5     12     23     34     00    000  -1.01   6.38   1.41
2024      5     12     23     35     00    000  -1.03   6.37   1.42
2024      5     12     23     36     00    000  -1.06   6.37   1.43
2024      5     12     23     37     00    000  -1.09   6.36   1.43
2024      5     12     23     38     00    000  -1.11   6.35   1.44
2024      5     12     23     39     00    000  -1.14   6.35   1.45
2024      5     12     23     40     00    000  -1.17   6.34   1.45
2024      5     12     23     41     00    000  -1.19   6.34   1.46
2024      5     12     23     42     00    000  -1.22   6.33   1.47
2024      5     12     23     43     00    000  -1.25   6.32   1.47
2024      5     12     23     44     00    000  -1.28   6.32   1.48
2024      5     12     23     45     00    000  -1.30   6.31   1.49
2024      5     12     23     46     00    000  -1.33   6.30   1.49
2024      5     12     23     47     00    000  -1.36   6.29   1.50
2024      5     12     23     48     00    000  -1.38   6.29   1.51
2024      5     12     23     49     00    000  -1.41   6.28   1.51
2024      5     12     23     50     00    000  -1.44   6.27   1.52
2024      5     12     23     51     00    000  -1.46   6.26   1.52
2024      5     12     23     52     00    000  -1.49   6.26   1.53
2024      5     12     23     53     00    000  -1.52   6.25   1.54
2024      5     12     23     54     00    000  -1.54   6.24   1.54
2024      5     12     23     55     00    000  -1.57   6.23   1.55
2024      5     12     23     56     00    000  -1.59   6.22   1.56
2024      5     12     23     57     00    000  -1.62   6.22   1.56
2024      5     12     23     58     00    000  -1.65   6.21   1.57
2024      5     12     23     59     00    000  -1.67   6.20   1.57
