mms4 Created 2024-10-23 22:17:12.130281
Year Mo Dy Hr Mn Sc Msc X Y Z

#COORD
GSM

#START
2024      5     10     06     00     30    000  10.36 -23.05 -13.66
2024      5     10     06     01     00    000  10.36 -23.05 -13.65
2024      5     10     06     01     30    000  10.37 -23.05 -13.64
2024      5     10     06     02     00    000  10.37 -23.06 -13.63
2024      5     10     06     02     30    000  10.37 -23.06 -13.62
2024      5     10     06     03     00    000  10.37 -23.06 -13.61
2024      5     10     06     03     30    000  10.37 -23.07 -13.60
2024      5     10     06     04     00    000  10.37 -23.07 -13.59
2024      5     10     06     04     30    000  10.37 -23.07 -13.58
2024      5     10     06     05     00    000  10.38 -23.08 -13.58
2024      5     10     06     05     30    000  10.38 -23.08 -13.57
2024      5     10     06     06     00    000  10.38 -23.08 -13.56
2024      5     10     06     06     30    000  10.38 -23.09 -13.55
2024      5     10     06     07     00    000  10.38 -23.09 -13.54
2024      5     10     06     07     30    000  10.38 -23.09 -13.53
2024      5     10     06     08     00    000  10.38 -23.10 -13.52
2024      5     10     06     08     30    000  10.39 -23.10 -13.51
2024      5     10     06     09     00    000  10.39 -23.10 -13.50
2024      5     10     06     09     30    000  10.39 -23.10 -13.49
2024      5     10     06     10     00    000  10.39 -23.11 -13.49
2024      5     10     06     10     30    000  10.39 -23.11 -13.48
2024      5     10     06     11     00    000  10.39 -23.11 -13.47
2024      5     10     06     11     30    000  10.39 -23.12 -13.46
2024      5     10     06     12     00    000  10.39 -23.12 -13.45
2024      5     10     06     12     30    000  10.40 -23.12 -13.44
2024      5     10     06     13     00    000  10.40 -23.13 -13.43
2024      5     10     06     13     30    000  10.40 -23.13 -13.42
2024      5     10     06     14     00    000  10.40 -23.13 -13.41
2024      5     10     06     14     30    000  10.40 -23.14 -13.40
2024      5     10     06     15     00    000  10.40 -23.14 -13.40
2024      5     10     06     15     30    000  10.40 -23.14 -13.39
2024      5     10     06     16     00    000  10.41 -23.14 -13.38
2024      5     10     06     16     30    000  10.41 -23.15 -13.37
2024      5     10     06     17     00    000  10.41 -23.15 -13.36
2024      5     10     06     17     30    000  10.41 -23.15 -13.35
2024      5     10     06     18     00    000  10.41 -23.16 -13.34
2024      5     10     06     18     30    000  10.41 -23.16 -13.33
2024      5     10     06     19     00    000  10.41 -23.16 -13.32
2024      5     10     06     19     30    000  10.42 -23.16 -13.32
2024      5     10     06     20     00    000  10.42 -23.17 -13.31
2024      5     10     06     20     30    000  10.42 -23.17 -13.30
2024      5     10     06     21     00    000  10.42 -23.17 -13.29
2024      5     10     06     21     30    000  10.42 -23.18 -13.28
2024      5     10     06     22     00    000  10.42 -23.18 -13.27
2024      5     10     06     22     30    000  10.42 -23.18 -13.26
2024      5     10     06     23     00    000  10.42 -23.19 -13.25
2024      5     10     06     23     30    000  10.43 -23.19 -13.24
2024      5     10     06     24     00    000  10.43 -23.19 -13.24
2024      5     10     06     24     30    000  10.43 -23.19 -13.23
2024      5     10     06     25     00    000  10.43 -23.20 -13.22
2024      5     10     06     25     30    000  10.43 -23.20 -13.21
2024      5     10     06     26     00    000  10.43 -23.20 -13.20
2024      5     10     06     26     30    000  10.43 -23.20 -13.19
2024      5     10     06     27     00    000  10.44 -23.21 -13.18
2024      5     10     06     27     30    000  10.44 -23.21 -13.17
2024      5     10     06     28     00    000  10.44 -23.21 -13.16
2024      5     10     06     28     30    000  10.44 -23.22 -13.16
2024      5     10     06     29     00    000  10.44 -23.22 -13.15
2024      5     10     06     29     30    000  10.44 -23.22 -13.14
2024      5     10     06     30     00    000  10.44 -23.22 -13.13
2024      5     10     06     30     30    000  10.44 -23.23 -13.12
2024      5     10     06     31     00    000  10.45 -23.23 -13.11
2024      5     10     06     31     30    000  10.45 -23.23 -13.10
2024      5     10     06     32     00    000  10.45 -23.24 -13.09
2024      5     10     06     32     30    000  10.45 -23.24 -13.09
2024      5     10     06     33     00    000  10.45 -23.24 -13.08
2024      5     10     06     33     30    000  10.45 -23.24 -13.07
2024      5     10     06     34     00    000  10.45 -23.25 -13.06
2024      5     10     06     34     30    000  10.46 -23.25 -13.05
2024      5     10     06     35     00    000  10.46 -23.25 -13.04
2024      5     10     06     35     30    000  10.46 -23.25 -13.03
2024      5     10     06     36     00    000  10.46 -23.26 -13.02
2024      5     10     06     36     30    000  10.46 -23.26 -13.02
2024      5     10     06     37     00    000  10.46 -23.26 -13.01
2024      5     10     06     37     30    000  10.46 -23.26 -13.00
2024      5     10     06     38     00    000  10.46 -23.27 -12.99
2024      5     10     06     38     30    000  10.47 -23.27 -12.98
2024      5     10     06     39     00    000  10.47 -23.27 -12.97
2024      5     10     06     39     30    000  10.47 -23.27 -12.96
2024      5     10     06     40     00    000  10.47 -23.28 -12.95
2024      5     10     06     40     30    000  10.47 -23.28 -12.95
2024      5     10     06     41     00    000  10.47 -23.28 -12.94
2024      5     10     06     41     30    000  10.47 -23.28 -12.93
2024      5     10     06     42     00    000  10.48 -23.29 -12.92
2024      5     10     06     42     30    000  10.48 -23.29 -12.91
2024      5     10     06     43     00    000  10.48 -23.29 -12.90
2024      5     10     06     43     30    000  10.48 -23.29 -12.89
2024      5     10     06     44     00    000  10.48 -23.30 -12.89
2024      5     10     06     44     30    000  10.48 -23.30 -12.88
2024      5     10     06     45     00    000  10.48 -23.30 -12.87
2024      5     10     06     45     30    000  10.48 -23.30 -12.86
2024      5     10     06     46     00    000  10.49 -23.31 -12.85
2024      5     10     06     46     30    000  10.49 -23.31 -12.84
2024      5     10     06     47     00    000  10.49 -23.31 -12.83
2024      5     10     06     47     30    000  10.49 -23.31 -12.83
2024      5     10     06     48     00    000  10.49 -23.32 -12.82
2024      5     10     06     48     30    000  10.49 -23.32 -12.81
2024      5     10     06     49     00    000  10.49 -23.32 -12.80
2024      5     10     06     49     30    000  10.50 -23.32 -12.79
2024      5     10     06     50     00    000  10.50 -23.33 -12.78
2024      5     10     06     50     30    000  10.50 -23.33 -12.77
2024      5     10     06     51     00    000  10.50 -23.33 -12.77
2024      5     10     06     51     30    000  10.50 -23.33 -12.76
2024      5     10     06     52     00    000  10.50 -23.34 -12.75
2024      5     10     06     52     30    000  10.50 -23.34 -12.74
2024      5     10     06     53     00    000  10.50 -23.34 -12.73
2024      5     10     06     53     30    000  10.51 -23.34 -12.72
2024      5     10     06     54     00    000  10.51 -23.35 -12.71
2024      5     10     06     54     30    000  10.51 -23.35 -12.71
2024      5     10     06     55     00    000  10.51 -23.35 -12.70
2024      5     10     06     55     30    000  10.51 -23.35 -12.69
2024      5     10     06     56     00    000  10.51 -23.35 -12.68
2024      5     10     06     56     30    000  10.51 -23.36 -12.67
2024      5     10     06     57     00    000  10.52 -23.36 -12.66
2024      5     10     06     57     30    000  10.52 -23.36 -12.66
2024      5     10     06     58     00    000  10.52 -23.36 -12.65
2024      5     10     06     58     30    000  10.52 -23.37 -12.64
2024      5     10     06     59     00    000  10.52 -23.37 -12.63
2024      5     10     06     59     30    000  10.52 -23.37 -12.62
2024      5     10     07     00     00    000  10.52 -23.37 -12.61
2024      5     10     07     00     30    000  10.52 -23.37 -12.60
2024      5     10     07     01     00    000  10.53 -23.38 -12.60
2024      5     10     07     01     30    000  10.53 -23.38 -12.59
2024      5     10     07     02     00    000  10.53 -23.38 -12.58
2024      5     10     07     02     30    000  10.53 -23.38 -12.57
2024      5     10     07     03     00    000  10.53 -23.39 -12.56
2024      5     10     07     03     30    000  10.53 -23.39 -12.55
2024      5     10     07     04     00    000  10.53 -23.39 -12.55
2024      5     10     07     04     30    000  10.53 -23.39 -12.54
2024      5     10     07     05     00    000  10.54 -23.39 -12.53
2024      5     10     07     05     30    000  10.54 -23.40 -12.52
2024      5     10     07     06     00    000  10.54 -23.40 -12.51
2024      5     10     07     06     30    000  10.54 -23.40 -12.51
2024      5     10     07     07     00    000  10.54 -23.40 -12.50
2024      5     10     07     07     30    000  10.54 -23.40 -12.49
2024      5     10     07     08     00    000  10.54 -23.41 -12.48
2024      5     10     07     08     30    000  10.55 -23.41 -12.47
2024      5     10     07     09     00    000  10.55 -23.41 -12.46
2024      5     10     07     09     30    000  10.55 -23.41 -12.46
2024      5     10     07     10     00    000  10.55 -23.41 -12.45
2024      5     10     07     10     30    000  10.55 -23.42 -12.44
2024      5     10     07     11     00    000  10.55 -23.42 -12.43
2024      5     10     07     11     30    000  10.55 -23.42 -12.42
2024      5     10     07     12     00    000  10.55 -23.42 -12.41
2024      5     10     07     12     30    000  10.56 -23.42 -12.41
2024      5     10     07     13     00    000  10.56 -23.43 -12.40
2024      5     10     07     13     30    000  10.56 -23.43 -12.39
2024      5     10     07     14     00    000  10.56 -23.43 -12.38
2024      5     10     07     14     30    000  10.56 -23.43 -12.37
2024      5     10     07     15     00    000  10.56 -23.43 -12.37
2024      5     10     07     15     30    000  10.56 -23.44 -12.36
2024      5     10     07     16     00    000  10.56 -23.44 -12.35
2024      5     10     07     16     30    000  10.57 -23.44 -12.34
2024      5     10     07     17     00    000  10.57 -23.44 -12.33
2024      5     10     07     17     30    000  10.57 -23.44 -12.33
2024      5     10     07     18     00    000  10.57 -23.45 -12.32
2024      5     10     07     18     30    000  10.57 -23.45 -12.31
2024      5     10     07     19     00    000  10.57 -23.45 -12.30
2024      5     10     07     19     30    000  10.57 -23.45 -12.29
2024      5     10     07     20     00    000  10.57 -23.45 -12.28
2024      5     10     07     20     30    000  10.58 -23.46 -12.28
2024      5     10     07     21     00    000  10.58 -23.46 -12.27
2024      5     10     07     21     30    000  10.58 -23.46 -12.26
2024      5     10     07     22     00    000  10.58 -23.46 -12.25
2024      5     10     07     22     30    000  10.58 -23.46 -12.24
2024      5     10     07     23     00    000  10.58 -23.46 -12.24
2024      5     10     07     23     30    000  10.58 -23.47 -12.23
2024      5     10     07     24     00    000  10.58 -23.47 -12.22
2024      5     10     07     24     30    000  10.59 -23.47 -12.21
2024      5     10     07     25     00    000  10.59 -23.47 -12.21
2024      5     10     07     25     30    000  10.59 -23.47 -12.20
2024      5     10     07     26     00    000  10.59 -23.47 -12.19
2024      5     10     07     26     30    000  10.59 -23.48 -12.18
2024      5     10     07     27     00    000  10.59 -23.48 -12.17
2024      5     10     07     27     30    000  10.59 -23.48 -12.17
2024      5     10     07     28     00    000  10.60 -23.48 -12.16
2024      5     10     07     28     30    000  10.60 -23.48 -12.15
2024      5     10     07     29     00    000  10.60 -23.48 -12.14
2024      5     10     07     29     30    000  10.60 -23.49 -12.13
2024      5     10     07     30     00    000  10.60 -23.49 -12.13
2024      5     10     07     30     30    000  10.60 -23.49 -12.12
2024      5     10     07     31     00    000  10.60 -23.49 -12.11
2024      5     10     07     31     30    000  10.60 -23.49 -12.10
2024      5     10     07     32     00    000  10.61 -23.49 -12.09
2024      5     10     07     32     30    000  10.61 -23.50 -12.09
2024      5     10     07     33     00    000  10.61 -23.50 -12.08
2024      5     10     07     33     30    000  10.61 -23.50 -12.07
2024      5     10     07     34     00    000  10.61 -23.50 -12.06
2024      5     10     07     34     30    000  10.61 -23.50 -12.06
2024      5     10     07     35     00    000  10.61 -23.50 -12.05
2024      5     10     07     35     30    000  10.61 -23.51 -12.04
2024      5     10     07     36     00    000  10.62 -23.51 -12.03
2024      5     10     07     36     30    000  10.62 -23.51 -12.03
2024      5     10     07     37     00    000  10.62 -23.51 -12.02
2024      5     10     07     37     30    000  10.62 -23.51 -12.01
2024      5     10     07     38     00    000  10.62 -23.51 -12.00
2024      5     10     07     38     30    000  10.62 -23.51 -11.99
2024      5     10     07     39     00    000  10.62 -23.52 -11.99
2024      5     10     07     39     30    000  10.62 -23.52 -11.98
2024      5     10     07     40     00    000  10.63 -23.52 -11.97
2024      5     10     07     40     30    000  10.63 -23.52 -11.96
2024      5     10     07     41     00    000  10.63 -23.52 -11.96
2024      5     10     07     41     30    000  10.63 -23.52 -11.95
2024      5     10     07     42     00    000  10.63 -23.52 -11.94
2024      5     10     07     42     30    000  10.63 -23.53 -11.93
2024      5     10     07     43     00    000  10.63 -23.53 -11.93
2024      5     10     07     43     30    000  10.63 -23.53 -11.92
2024      5     10     07     44     00    000  10.64 -23.53 -11.91
2024      5     10     07     44     30    000  10.64 -23.53 -11.90
2024      5     10     07     45     00    000  10.64 -23.53 -11.90
2024      5     10     07     45     30    000  10.64 -23.53 -11.89
2024      5     10     07     46     00    000  10.64 -23.54 -11.88
2024      5     10     07     46     30    000  10.64 -23.54 -11.87
2024      5     10     07     47     00    000  10.64 -23.54 -11.87
2024      5     10     07     47     30    000  10.64 -23.54 -11.86
2024      5     10     07     48     00    000  10.65 -23.54 -11.85
2024      5     10     07     48     30    000  10.65 -23.54 -11.84
2024      5     10     07     49     00    000  10.65 -23.54 -11.84
2024      5     10     07     49     30    000  10.65 -23.55 -11.83
2024      5     10     07     50     00    000  10.65 -23.55 -11.82
2024      5     10     07     50     30    000  10.65 -23.55 -11.81
2024      5     10     07     51     00    000  10.65 -23.55 -11.81
2024      5     10     07     51     30    000  10.65 -23.55 -11.80
2024      5     10     07     52     00    000  10.66 -23.55 -11.79
2024      5     10     07     52     30    000  10.66 -23.55 -11.78
2024      5     10     07     53     00    000  10.66 -23.55 -11.78
2024      5     10     07     53     30    000  10.66 -23.55 -11.77
2024      5     10     07     54     00    000  10.66 -23.56 -11.76
2024      5     10     07     54     30    000  10.66 -23.56 -11.76
2024      5     10     07     55     00    000  10.66 -23.56 -11.75
2024      5     10     07     55     30    000  10.66 -23.56 -11.74
2024      5     10     07     56     00    000  10.67 -23.56 -11.73
2024      5     10     07     56     30    000  10.67 -23.56 -11.73
2024      5     10     07     57     00    000  10.67 -23.56 -11.72
2024      5     10     07     57     30    000  10.67 -23.56 -11.71
2024      5     10     07     58     00    000  10.67 -23.57 -11.70
2024      5     10     07     58     30    000  10.67 -23.57 -11.70
2024      5     10     07     59     00    000  10.67 -23.57 -11.69
2024      5     10     07     59     30    000  10.67 -23.57 -11.68
2024      5     10     08     00     00    000  10.68 -23.57 -11.68
2024      5     10     08     00     30    000  10.68 -23.57 -11.67
2024      5     10     08     01     00    000  10.68 -23.57 -11.66
2024      5     10     08     01     30    000  10.68 -23.57 -11.65
2024      5     10     08     02     00    000  10.68 -23.57 -11.65
2024      5     10     08     02     30    000  10.68 -23.57 -11.64
2024      5     10     08     03     00    000  10.68 -23.58 -11.63
2024      5     10     08     03     30    000  10.68 -23.58 -11.63
2024      5     10     08     04     00    000  10.69 -23.58 -11.62
2024      5     10     08     04     30    000  10.69 -23.58 -11.61
2024      5     10     08     05     00    000  10.69 -23.58 -11.60
2024      5     10     08     05     30    000  10.69 -23.58 -11.60
2024      5     10     08     06     00    000  10.69 -23.58 -11.59
2024      5     10     08     06     30    000  10.69 -23.58 -11.58
2024      5     10     08     07     00    000  10.69 -23.58 -11.58
2024      5     10     08     07     30    000  10.69 -23.58 -11.57
2024      5     10     08     08     00    000  10.69 -23.59 -11.56
2024      5     10     08     08     30    000  10.70 -23.59 -11.56
2024      5     10     08     09     00    000  10.70 -23.59 -11.55
2024      5     10     08     09     30    000  10.70 -23.59 -11.54
2024      5     10     08     10     00    000  10.70 -23.59 -11.53
2024      5     10     08     10     30    000  10.70 -23.59 -11.53
2024      5     10     08     11     00    000  10.70 -23.59 -11.52
2024      5     10     08     11     30    000  10.70 -23.59 -11.51
2024      5     10     08     12     00    000  10.70 -23.59 -11.51
2024      5     10     08     12     30    000  10.71 -23.59 -11.50
2024      5     10     08     13     00    000  10.71 -23.59 -11.49
2024      5     10     08     13     30    000  10.71 -23.59 -11.49
2024      5     10     08     14     00    000  10.71 -23.60 -11.48
2024      5     10     08     14     30    000  10.71 -23.60 -11.47
2024      5     10     08     15     00    000  10.71 -23.60 -11.47
2024      5     10     08     15     30    000  10.71 -23.60 -11.46
2024      5     10     08     16     00    000  10.71 -23.60 -11.45
2024      5     10     08     16     30    000  10.72 -23.60 -11.45
2024      5     10     08     17     00    000  10.72 -23.60 -11.44
2024      5     10     08     17     30    000  10.72 -23.60 -11.43
2024      5     10     08     18     00    000  10.72 -23.60 -11.43
2024      5     10     08     18     30    000  10.72 -23.60 -11.42
2024      5     10     08     19     00    000  10.72 -23.60 -11.41
2024      5     10     08     19     30    000  10.72 -23.60 -11.41
2024      5     10     08     20     00    000  10.72 -23.60 -11.40
2024      5     10     08     20     30    000  10.73 -23.61 -11.39
2024      5     10     08     21     00    000  10.73 -23.61 -11.39
2024      5     10     08     21     30    000  10.73 -23.61 -11.38
2024      5     10     08     22     00    000  10.73 -23.61 -11.37
2024      5     10     08     22     30    000  10.73 -23.61 -11.37
2024      5     10     08     23     00    000  10.73 -23.61 -11.36
2024      5     10     08     23     30    000  10.73 -23.61 -11.35
2024      5     10     08     24     00    000  10.73 -23.61 -11.35
2024      5     10     08     24     30    000  10.73 -23.61 -11.34
2024      5     10     08     25     00    000  10.74 -23.61 -11.33
2024      5     10     08     25     30    000  10.74 -23.61 -11.33
2024      5     10     08     26     00    000  10.74 -23.61 -11.32
2024      5     10     08     26     30    000  10.74 -23.61 -11.31
2024      5     10     08     27     00    000  10.74 -23.61 -11.31
2024      5     10     08     27     30    000  10.74 -23.61 -11.30
2024      5     10     08     28     00    000  10.74 -23.61 -11.29
2024      5     10     08     28     30    000  10.74 -23.61 -11.29
2024      5     10     08     29     00    000  10.75 -23.61 -11.28
2024      5     10     08     29     30    000  10.75 -23.62 -11.27
2024      5     10     08     30     00    000  10.75 -23.62 -11.27
2024      5     10     08     30     30    000  10.75 -23.62 -11.26
2024      5     10     08     31     00    000  10.75 -23.62 -11.26
2024      5     10     08     31     30    000  10.75 -23.62 -11.25
2024      5     10     08     32     00    000  10.75 -23.62 -11.24
2024      5     10     08     32     30    000  10.75 -23.62 -11.24
2024      5     10     08     33     00    000  10.76 -23.62 -11.23
2024      5     10     08     33     30    000  10.76 -23.62 -11.22
2024      5     10     08     34     00    000  10.76 -23.62 -11.22
2024      5     10     08     34     30    000  10.76 -23.62 -11.21
2024      5     10     08     35     00    000  10.76 -23.62 -11.20
2024      5     10     08     35     30    000  10.76 -23.62 -11.20
2024      5     10     08     36     00    000  10.76 -23.62 -11.19
2024      5     10     08     36     30    000  10.76 -23.62 -11.19
2024      5     10     08     37     00    000  10.76 -23.62 -11.18
2024      5     10     08     37     30    000  10.77 -23.62 -11.17
2024      5     10     08     38     00    000  10.77 -23.62 -11.17
2024      5     10     08     38     30    000  10.77 -23.62 -11.16
2024      5     10     08     39     00    000  10.77 -23.62 -11.15
2024      5     10     08     39     30    000  10.77 -23.62 -11.15
2024      5     10     08     40     00    000  10.77 -23.62 -11.14
2024      5     10     08     40     30    000  10.77 -23.62 -11.14
2024      5     10     08     41     00    000  10.77 -23.62 -11.13
2024      5     10     08     41     30    000  10.78 -23.62 -11.12
2024      5     10     08     42     00    000  10.78 -23.62 -11.12
2024      5     10     08     42     30    000  10.78 -23.62 -11.11
2024      5     10     08     43     00    000  10.78 -23.63 -11.11
2024      5     10     08     43     30    000  10.78 -23.63 -11.10
2024      5     10     08     44     00    000  10.78 -23.63 -11.09
2024      5     10     08     44     30    000  10.78 -23.63 -11.09
2024      5     10     08     45     00    000  10.78 -23.63 -11.08
2024      5     10     08     45     30    000  10.78 -23.63 -11.08
2024      5     10     08     46     00    000  10.79 -23.63 -11.07
2024      5     10     08     46     30    000  10.79 -23.63 -11.06
2024      5     10     08     47     00    000  10.79 -23.63 -11.06
2024      5     10     08     47     30    000  10.79 -23.63 -11.05
2024      5     10     08     48     00    000  10.79 -23.63 -11.05
2024      5     10     08     48     30    000  10.79 -23.63 -11.04
2024      5     10     08     49     00    000  10.79 -23.63 -11.03
2024      5     10     08     49     30    000  10.79 -23.63 -11.03
2024      5     10     08     50     00    000  10.80 -23.63 -11.02
2024      5     10     08     50     30    000  10.80 -23.63 -11.02
2024      5     10     08     51     00    000  10.80 -23.63 -11.01
2024      5     10     08     51     30    000  10.80 -23.63 -11.01
2024      5     10     08     52     00    000  10.80 -23.63 -11.00
2024      5     10     08     52     30    000  10.80 -23.63 -10.99
2024      5     10     08     53     00    000  10.80 -23.63 -10.99
2024      5     10     08     53     30    000  10.80 -23.63 -10.98
2024      5     10     08     54     00    000  10.80 -23.63 -10.98
2024      5     10     08     54     30    000  10.81 -23.63 -10.97
2024      5     10     08     55     00    000  10.81 -23.63 -10.97
2024      5     10     08     55     30    000  10.81 -23.63 -10.96
2024      5     10     08     56     00    000  10.81 -23.63 -10.95
2024      5     10     08     56     30    000  10.81 -23.63 -10.95
2024      5     10     08     57     00    000  10.81 -23.63 -10.94
2024      5     10     08     57     30    000  10.81 -23.63 -10.94
2024      5     10     08     58     00    000  10.81 -23.63 -10.93
2024      5     10     08     58     30    000  10.82 -23.63 -10.93
2024      5     10     08     59     00    000  10.82 -23.63 -10.92
2024      5     10     08     59     30    000  10.82 -23.63 -10.91
2024      5     10     09     00     00    000  10.82 -23.63 -10.91
2024      5     10     09     00     30    000  10.82 -23.63 -10.90
2024      5     10     09     01     00    000  10.82 -23.63 -10.90
2024      5     10     09     01     30    000  10.82 -23.63 -10.89
2024      5     10     09     02     00    000  10.82 -23.63 -10.89
2024      5     10     09     02     30    000  10.82 -23.63 -10.88
2024      5     10     09     03     00    000  10.83 -23.63 -10.88
2024      5     10     09     03     30    000  10.83 -23.63 -10.87
2024      5     10     09     04     00    000  10.83 -23.63 -10.87
2024      5     10     09     04     30    000  10.83 -23.63 -10.86
2024      5     10     09     05     00    000  10.83 -23.63 -10.85
2024      5     10     09     05     30    000  10.83 -23.63 -10.85
2024      5     10     09     06     00    000  10.83 -23.63 -10.84
2024      5     10     09     06     30    000  10.83 -23.62 -10.84
2024      5     10     09     07     00    000  10.83 -23.62 -10.83
2024      5     10     09     07     30    000  10.84 -23.62 -10.83
2024      5     10     09     08     00    000  10.84 -23.62 -10.82
2024      5     10     09     08     30    000  10.84 -23.62 -10.82
2024      5     10     09     09     00    000  10.84 -23.62 -10.81
2024      5     10     09     09     30    000  10.84 -23.62 -10.81
2024      5     10     09     10     00    000  10.84 -23.62 -10.80
2024      5     10     09     10     30    000  10.84 -23.62 -10.80
2024      5     10     09     11     00    000  10.84 -23.62 -10.79
2024      5     10     09     11     30    000  10.85 -23.62 -10.79
2024      5     10     09     12     00    000  10.85 -23.62 -10.78
2024      5     10     09     12     30    000  10.85 -23.62 -10.78
2024      5     10     09     13     00    000  10.85 -23.62 -10.77
2024      5     10     09     13     30    000  10.85 -23.62 -10.77
2024      5     10     09     14     00    000  10.85 -23.62 -10.76
2024      5     10     09     14     30    000  10.85 -23.62 -10.75
2024      5     10     09     15     00    000  10.85 -23.62 -10.75
2024      5     10     09     15     30    000  10.85 -23.62 -10.74
2024      5     10     09     16     00    000  10.86 -23.62 -10.74
2024      5     10     09     16     30    000  10.86 -23.62 -10.73
2024      5     10     09     17     00    000  10.86 -23.62 -10.73
2024      5     10     09     17     30    000  10.86 -23.62 -10.72
2024      5     10     09     18     00    000  10.86 -23.62 -10.72
2024      5     10     09     18     30    000  10.86 -23.62 -10.71
2024      5     10     09     19     00    000  10.86 -23.62 -10.71
2024      5     10     09     19     30    000  10.86 -23.62 -10.70
2024      5     10     09     20     00    000  10.86 -23.62 -10.70
2024      5     10     09     20     30    000  10.87 -23.61 -10.69
2024      5     10     09     21     00    000  10.87 -23.61 -10.69
2024      5     10     09     21     30    000  10.87 -23.61 -10.69
2024      5     10     09     22     00    000  10.87 -23.61 -10.68
2024      5     10     09     22     30    000  10.87 -23.61 -10.68
2024      5     10     09     23     00    000  10.87 -23.61 -10.67
2024      5     10     09     23     30    000  10.87 -23.61 -10.67
2024      5     10     09     24     00    000  10.87 -23.61 -10.66
2024      5     10     09     24     30    000  10.87 -23.61 -10.66
2024      5     10     09     25     00    000  10.88 -23.61 -10.65
2024      5     10     09     25     30    000  10.88 -23.61 -10.65
2024      5     10     09     26     00    000  10.88 -23.61 -10.64
2024      5     10     09     26     30    000  10.88 -23.61 -10.64
2024      5     10     09     27     00    000  10.88 -23.61 -10.63
2024      5     10     09     27     30    000  10.88 -23.61 -10.63
2024      5     10     09     28     00    000  10.88 -23.61 -10.62
2024      5     10     09     28     30    000  10.88 -23.61 -10.62
2024      5     10     09     29     00    000  10.88 -23.60 -10.61
2024      5     10     09     29     30    000  10.89 -23.60 -10.61
2024      5     10     09     30     00    000  10.89 -23.60 -10.60
2024      5     10     09     30     30    000  10.89 -23.60 -10.60
2024      5     10     09     31     00    000  10.89 -23.60 -10.60
2024      5     10     09     31     30    000  10.89 -23.60 -10.59
2024      5     10     09     32     00    000  10.89 -23.60 -10.59
2024      5     10     09     32     30    000  10.89 -23.60 -10.58
2024      5     10     09     33     00    000  10.89 -23.60 -10.58
2024      5     10     09     33     30    000  10.89 -23.60 -10.57
2024      5     10     09     34     00    000  10.90 -23.60 -10.57
2024      5     10     09     34     30    000  10.90 -23.60 -10.56
2024      5     10     09     35     00    000  10.90 -23.60 -10.56
2024      5     10     09     35     30    000  10.90 -23.60 -10.55
2024      5     10     09     36     00    000  10.90 -23.59 -10.55
2024      5     10     09     36     30    000  10.90 -23.59 -10.55
2024      5     10     09     37     00    000  10.90 -23.59 -10.54
2024      5     10     09     37     30    000  10.90 -23.59 -10.54
2024      5     10     09     38     00    000  10.90 -23.59 -10.53
2024      5     10     09     38     30    000  10.91 -23.59 -10.53
2024      5     10     09     39     00    000  10.91 -23.59 -10.52
2024      5     10     09     39     30    000  10.91 -23.59 -10.52
2024      5     10     09     40     00    000  10.91 -23.59 -10.52
2024      5     10     09     40     30    000  10.91 -23.59 -10.51
2024      5     10     09     41     00    000  10.91 -23.59 -10.51
2024      5     10     09     41     30    000  10.91 -23.58 -10.50
2024      5     10     09     42     00    000  10.91 -23.58 -10.50
2024      5     10     09     42     30    000  10.91 -23.58 -10.49
2024      5     10     09     43     00    000  10.92 -23.58 -10.49
2024      5     10     09     43     30    000  10.92 -23.58 -10.49
2024      5     10     09     44     00    000  10.92 -23.58 -10.48
2024      5     10     09     44     30    000  10.92 -23.58 -10.48
2024      5     10     09     45     00    000  10.92 -23.58 -10.47
2024      5     10     09     45     30    000  10.92 -23.58 -10.47
2024      5     10     09     46     00    000  10.92 -23.58 -10.47
2024      5     10     09     46     30    000  10.92 -23.58 -10.46
2024      5     10     09     47     00    000  10.92 -23.57 -10.46
2024      5     10     09     47     30    000  10.93 -23.57 -10.45
2024      5     10     09     48     00    000  10.93 -23.57 -10.45
2024      5     10     09     48     30    000  10.93 -23.57 -10.45
2024      5     10     09     49     00    000  10.93 -23.57 -10.44
2024      5     10     09     49     30    000  10.93 -23.57 -10.44
2024      5     10     09     50     00    000  10.93 -23.57 -10.43
2024      5     10     09     50     30    000  10.93 -23.57 -10.43
2024      5     10     09     51     00    000  10.93 -23.57 -10.43
2024      5     10     09     51     30    000  10.93 -23.56 -10.42
2024      5     10     09     52     00    000  10.94 -23.56 -10.42
2024      5     10     09     52     30    000  10.94 -23.56 -10.41
2024      5     10     09     53     00    000  10.94 -23.56 -10.41
2024      5     10     09     53     30    000  10.94 -23.56 -10.41
2024      5     10     09     54     00    000  10.94 -23.56 -10.40
2024      5     10     09     54     30    000  10.94 -23.56 -10.40
2024      5     10     09     55     00    000  10.94 -23.56 -10.39
2024      5     10     09     55     30    000  10.94 -23.56 -10.39
2024      5     10     09     56     00    000  10.94 -23.55 -10.39
2024      5     10     09     56     30    000  10.95 -23.55 -10.38
2024      5     10     09     57     00    000  10.95 -23.55 -10.38
2024      5     10     09     57     30    000  10.95 -23.55 -10.38
2024      5     10     09     58     00    000  10.95 -23.55 -10.37
2024      5     10     09     58     30    000  10.95 -23.55 -10.37
2024      5     10     09     59     00    000  10.95 -23.55 -10.37
2024      5     10     09     59     30    000  10.95 -23.55 -10.36
2024      5     10     10     00     00    000  10.95 -23.54 -10.36
2024      5     10     10     00     30    000  10.95 -23.54 -10.35
2024      5     10     10     01     00    000  10.95 -23.54 -10.35
2024      5     10     10     01     30    000  10.96 -23.54 -10.35
2024      5     10     10     02     00    000  10.96 -23.54 -10.34
2024      5     10     10     02     30    000  10.96 -23.54 -10.34
2024      5     10     10     03     00    000  10.96 -23.54 -10.34
2024      5     10     10     03     30    000  10.96 -23.54 -10.33
2024      5     10     10     04     00    000  10.96 -23.53 -10.33
2024      5     10     10     04     30    000  10.96 -23.53 -10.33
2024      5     10     10     05     00    000  10.96 -23.53 -10.32
2024      5     10     10     05     30    000  10.96 -23.53 -10.32
2024      5     10     10     06     00    000  10.97 -23.53 -10.32
2024      5     10     10     06     30    000  10.97 -23.53 -10.31
2024      5     10     10     07     00    000  10.97 -23.53 -10.31
2024      5     10     10     07     30    000  10.97 -23.52 -10.31
2024      5     10     10     08     00    000  10.97 -23.52 -10.30
2024      5     10     10     08     30    000  10.97 -23.52 -10.30
2024      5     10     10     09     00    000  10.97 -23.52 -10.30
2024      5     10     10     09     30    000  10.97 -23.52 -10.29
2024      5     10     10     10     00    000  10.97 -23.52 -10.29
2024      5     10     10     10     30    000  10.98 -23.52 -10.29
2024      5     10     10     11     00    000  10.98 -23.51 -10.28
2024      5     10     10     11     30    000  10.98 -23.51 -10.28
2024      5     10     10     12     00    000  10.98 -23.51 -10.28
2024      5     10     10     12     30    000  10.98 -23.51 -10.27
2024      5     10     10     13     00    000  10.98 -23.51 -10.27
2024      5     10     10     13     30    000  10.98 -23.51 -10.27
2024      5     10     10     14     00    000  10.98 -23.51 -10.26
2024      5     10     10     14     30    000  10.98 -23.50 -10.26
2024      5     10     10     15     00    000  10.98 -23.50 -10.26
2024      5     10     10     15     30    000  10.99 -23.50 -10.25
2024      5     10     10     16     00    000  10.99 -23.50 -10.25
2024      5     10     10     16     30    000  10.99 -23.50 -10.25
2024      5     10     10     17     00    000  10.99 -23.50 -10.25
2024      5     10     10     17     30    000  10.99 -23.49 -10.24
2024      5     10     10     18     00    000  10.99 -23.49 -10.24
2024      5     10     10     18     30    000  10.99 -23.49 -10.24
2024      5     10     10     19     00    000  10.99 -23.49 -10.23
2024      5     10     10     19     30    000  10.99 -23.49 -10.23
2024      5     10     10     20     00    000  11.00 -23.49 -10.23
2024      5     10     10     20     30    000  11.00 -23.48 -10.22
2024      5     10     10     21     00    000  11.00 -23.48 -10.22
2024      5     10     10     21     30    000  11.00 -23.48 -10.22
2024      5     10     10     22     00    000  11.00 -23.48 -10.22
2024      5     10     10     22     30    000  11.00 -23.48 -10.21
2024      5     10     10     23     00    000  11.00 -23.48 -10.21
2024      5     10     10     23     30    000  11.00 -23.47 -10.21
2024      5     10     10     24     00    000  11.00 -23.47 -10.20
2024      5     10     10     24     30    000  11.00 -23.47 -10.20
2024      5     10     10     25     00    000  11.01 -23.47 -10.20
2024      5     10     10     25     30    000  11.01 -23.47 -10.20
2024      5     10     10     26     00    000  11.01 -23.47 -10.19
2024      5     10     10     26     30    000  11.01 -23.46 -10.19
2024      5     10     10     27     00    000  11.01 -23.46 -10.19
2024      5     10     10     27     30    000  11.01 -23.46 -10.19
2024      5     10     10     28     00    000  11.01 -23.46 -10.18
2024      5     10     10     28     30    000  11.01 -23.46 -10.18
2024      5     10     10     29     00    000  11.01 -23.46 -10.18
2024      5     10     10     29     30    000  11.02 -23.45 -10.18
2024      5     10     10     30     00    000  11.02 -23.45 -10.17
2024      5     10     10     30     30    000  11.02 -23.45 -10.17
2024      5     10     10     31     00    000  11.02 -23.45 -10.17
2024      5     10     10     31     30    000  11.02 -23.45 -10.17
2024      5     10     10     32     00    000  11.02 -23.44 -10.16
2024      5     10     10     32     30    000  11.02 -23.44 -10.16
2024      5     10     10     33     00    000  11.02 -23.44 -10.16
2024      5     10     10     33     30    000  11.02 -23.44 -10.16
2024      5     10     10     34     00    000  11.02 -23.44 -10.15
2024      5     10     10     34     30    000  11.03 -23.43 -10.15
2024      5     10     10     35     00    000  11.03 -23.43 -10.15
2024      5     10     10     35     30    000  11.03 -23.43 -10.15
2024      5     10     10     36     00    000  11.03 -23.43 -10.14
2024      5     10     10     36     30    000  11.03 -23.43 -10.14
2024      5     10     10     37     00    000  11.03 -23.42 -10.14
2024      5     10     10     37     30    000  11.03 -23.42 -10.14
2024      5     10     10     38     00    000  11.03 -23.42 -10.13
2024      5     10     10     38     30    000  11.03 -23.42 -10.13
2024      5     10     10     39     00    000  11.03 -23.42 -10.13
2024      5     10     10     39     30    000  11.04 -23.41 -10.13
2024      5     10     10     40     00    000  11.04 -23.41 -10.13
2024      5     10     10     40     30    000  11.04 -23.41 -10.12
2024      5     10     10     41     00    000  11.04 -23.41 -10.12
2024      5     10     10     41     30    000  11.04 -23.41 -10.12
2024      5     10     10     42     00    000  11.04 -23.40 -10.12
2024      5     10     10     42     30    000  11.04 -23.40 -10.11
2024      5     10     10     43     00    000  11.04 -23.40 -10.11
2024      5     10     10     43     30    000  11.04 -23.40 -10.11
2024      5     10     10     44     00    000  11.05 -23.40 -10.11
2024      5     10     10     44     30    000  11.05 -23.39 -10.11
2024      5     10     10     45     00    000  11.05 -23.39 -10.10
2024      5     10     10     45     30    000  11.05 -23.39 -10.10
2024      5     10     10     46     00    000  11.05 -23.39 -10.10
2024      5     10     10     46     30    000  11.05 -23.39 -10.10
2024      5     10     10     47     00    000  11.05 -23.38 -10.10
2024      5     10     10     47     30    000  11.05 -23.38 -10.09
2024      5     10     10     48     00    000  11.05 -23.38 -10.09
2024      5     10     10     48     30    000  11.05 -23.38 -10.09
2024      5     10     10     49     00    000  11.06 -23.37 -10.09
2024      5     10     10     49     30    000  11.06 -23.37 -10.09
2024      5     10     10     50     00    000  11.06 -23.37 -10.08
2024      5     10     10     50     30    000  11.06 -23.37 -10.08
2024      5     10     10     51     00    000  11.06 -23.37 -10.08
2024      5     10     10     51     30    000  11.06 -23.36 -10.08
2024      5     10     10     52     00    000  11.06 -23.36 -10.08
2024      5     10     10     52     30    000  11.06 -23.36 -10.08
2024      5     10     10     53     00    000  11.06 -23.36 -10.07
2024      5     10     10     53     30    000  11.06 -23.35 -10.07
2024      5     10     10     54     00    000  11.07 -23.35 -10.07
2024      5     10     10     54     30    000  11.07 -23.35 -10.07
2024      5     10     10     55     00    000  11.07 -23.35 -10.07
2024      5     10     10     55     30    000  11.07 -23.35 -10.07
2024      5     10     10     56     00    000  11.07 -23.34 -10.06
2024      5     10     10     56     30    000  11.07 -23.34 -10.06
2024      5     10     10     57     00    000  11.07 -23.34 -10.06
2024      5     10     10     57     30    000  11.07 -23.34 -10.06
2024      5     10     10     58     00    000  11.07 -23.33 -10.06
2024      5     10     10     58     30    000  11.07 -23.33 -10.06
2024      5     10     10     59     00    000  11.08 -23.33 -10.05
2024      5     10     10     59     30    000  11.08 -23.33 -10.05
2024      5     10     11     00     00    000  11.08 -23.32 -10.05
2024      5     10     11     00     30    000  11.08 -23.32 -10.05
2024      5     10     11     01     00    000  11.08 -23.32 -10.05
2024      5     10     11     01     30    000  11.08 -23.32 -10.05
2024      5     10     11     02     00    000  11.08 -23.31 -10.04
2024      5     10     11     02     30    000  11.08 -23.31 -10.04
2024      5     10     11     03     00    000  11.08 -23.31 -10.04
2024      5     10     11     03     30    000  11.08 -23.31 -10.04
2024      5     10     11     04     00    000  11.09 -23.30 -10.04
2024      5     10     11     04     30    000  11.09 -23.30 -10.04
2024      5     10     11     05     00    000  11.09 -23.30 -10.04
2024      5     10     11     05     30    000  11.09 -23.30 -10.04
2024      5     10     11     06     00    000  11.09 -23.29 -10.03
2024      5     10     11     06     30    000  11.09 -23.29 -10.03
2024      5     10     11     07     00    000  11.09 -23.29 -10.03
2024      5     10     11     07     30    000  11.09 -23.29 -10.03
2024      5     10     11     08     00    000  11.09 -23.28 -10.03
2024      5     10     11     08     30    000  11.09 -23.28 -10.03
2024      5     10     11     09     00    000  11.10 -23.28 -10.03
2024      5     10     11     09     30    000  11.10 -23.28 -10.03
2024      5     10     11     10     00    000  11.10 -23.27 -10.02
2024      5     10     11     10     30    000  11.10 -23.27 -10.02
2024      5     10     11     11     00    000  11.10 -23.27 -10.02
2024      5     10     11     11     30    000  11.10 -23.27 -10.02
2024      5     10     11     12     00    000  11.10 -23.26 -10.02
2024      5     10     11     12     30    000  11.10 -23.26 -10.02
2024      5     10     11     13     00    000  11.10 -23.26 -10.02
2024      5     10     11     13     30    000  11.10 -23.26 -10.02
2024      5     10     11     14     00    000  11.10 -23.25 -10.02
2024      5     10     11     14     30    000  11.11 -23.25 -10.01
2024      5     10     11     15     00    000  11.11 -23.25 -10.01
2024      5     10     11     15     30    000  11.11 -23.24 -10.01
2024      5     10     11     16     00    000  11.11 -23.24 -10.01
2024      5     10     11     16     30    000  11.11 -23.24 -10.01
2024      5     10     11     17     00    000  11.11 -23.24 -10.01
2024      5     10     11     17     30    000  11.11 -23.23 -10.01
2024      5     10     11     18     00    000  11.11 -23.23 -10.01
2024      5     10     11     18     30    000  11.11 -23.23 -10.01
2024      5     10     11     19     00    000  11.11 -23.23 -10.01
2024      5     10     11     19     30    000  11.12 -23.22 -10.01
2024      5     10     11     20     00    000  11.12 -23.22 -10.00
2024      5     10     11     20     30    000  11.12 -23.22 -10.00
2024      5     10     11     21     00    000  11.12 -23.21 -10.00
2024      5     10     11     21     30    000  11.12 -23.21 -10.00
2024      5     10     11     22     00    000  11.12 -23.21 -10.00
2024      5     10     11     22     30    000  11.12 -23.21 -10.00
2024      5     10     11     23     00    000  11.12 -23.20 -10.00
2024      5     10     11     23     30    000  11.12 -23.20 -10.00
2024      5     10     11     24     00    000  11.12 -23.20 -10.00
2024      5     10     11     24     30    000  11.13 -23.19 -10.00
2024      5     10     11     25     00    000  11.13 -23.19 -10.00
2024      5     10     11     25     30    000  11.13 -23.19 -10.00
2024      5     10     11     26     00    000  11.13 -23.19 -10.00
2024      5     10     11     26     30    000  11.13 -23.18 -10.00
2024      5     10     11     27     00    000  11.13 -23.18 -10.00
2024      5     10     11     27     30    000  11.13 -23.18 -10.00
2024      5     10     11     28     00    000  11.13 -23.17  -9.99
2024      5     10     11     28     30    000  11.13 -23.17  -9.99
2024      5     10     11     29     00    000  11.13 -23.17  -9.99
2024      5     10     11     29     30    000  11.13 -23.17  -9.99
2024      5     10     11     30     00    000  11.14 -23.16  -9.99
2024      5     10     11     30     30    000  11.14 -23.16  -9.99
2024      5     10     11     31     00    000  11.14 -23.16  -9.99
2024      5     10     11     31     30    000  11.14 -23.15  -9.99
2024      5     10     11     32     00    000  11.14 -23.15  -9.99
2024      5     10     11     32     30    000  11.14 -23.15  -9.99
2024      5     10     11     33     00    000  11.14 -23.14  -9.99
2024      5     10     11     33     30    000  11.14 -23.14  -9.99
2024      5     10     11     34     00    000  11.14 -23.14  -9.99
2024      5     10     11     34     30    000  11.14 -23.14  -9.99
2024      5     10     11     35     00    000  11.15 -23.13  -9.99
2024      5     10     11     35     30    000  11.15 -23.13  -9.99
2024      5     10     11     36     00    000  11.15 -23.13  -9.99
2024      5     10     11     36     30    000  11.15 -23.12  -9.99
2024      5     10     11     37     00    000  11.15 -23.12  -9.99
2024      5     10     11     37     30    000  11.15 -23.12  -9.99
2024      5     10     11     38     00    000  11.15 -23.11  -9.99
2024      5     10     11     38     30    000  11.15 -23.11  -9.99
2024      5     10     11     39     00    000  11.15 -23.11  -9.99
2024      5     10     11     39     30    000  11.15 -23.10  -9.99
2024      5     10     11     40     00    000  11.15 -23.10  -9.99
2024      5     10     11     40     30    000  11.16 -23.10  -9.99
2024      5     10     11     41     00    000  11.16 -23.09  -9.99
2024      5     10     11     41     30    000  11.16 -23.09  -9.99
2024      5     10     11     42     00    000  11.16 -23.09  -9.99
2024      5     10     11     42     30    000  11.16 -23.09  -9.99
2024      5     10     11     43     00    000  11.16 -23.08  -9.99
2024      5     10     11     43     30    000  11.16 -23.08  -9.99
2024      5     10     11     44     00    000  11.16 -23.08  -9.99
2024      5     10     11     44     30    000  11.16 -23.07  -9.99
2024      5     10     11     45     00    000  11.16 -23.07  -9.99
2024      5     10     11     45     30    000  11.17 -23.07  -9.99
2024      5     10     11     46     00    000  11.17 -23.06  -9.99
2024      5     10     11     46     30    000  11.17 -23.06  -9.99
2024      5     10     11     47     00    000  11.17 -23.06  -9.99
2024      5     10     11     47     30    000  11.17 -23.05  -9.99
2024      5     10     11     48     00    000  11.17 -23.05  -9.99
2024      5     10     11     48     30    000  11.17 -23.05  -9.99
2024      5     10     11     49     00    000  11.17 -23.04  -9.99
2024      5     10     11     49     30    000  11.17 -23.04  -9.99
2024      5     10     11     50     00    000  11.17 -23.04  -9.99
2024      5     10     11     50     30    000  11.17 -23.03  -9.99
2024      5     10     11     51     00    000  11.18 -23.03  -9.99
2024      5     10     11     51     30    000  11.18 -23.03  -9.99
2024      5     10     11     52     00    000  11.18 -23.02  -9.99
2024      5     10     11     52     30    000  11.18 -23.02  -9.99
2024      5     10     11     53     00    000  11.18 -23.02  -9.99
2024      5     10     11     53     30    000  11.18 -23.01  -9.99
2024      5     10     11     54     00    000  11.18 -23.01  -9.99
2024      5     10     11     54     30    000  11.18 -23.01  -9.99
2024      5     10     11     55     00    000  11.18 -23.00  -9.99
2024      5     10     11     55     30    000  11.18 -23.00  -9.99
2024      5     10     11     56     00    000  11.18 -23.00  -9.99
2024      5     10     11     56     30    000  11.19 -22.99  -9.99
2024      5     10     11     57     00    000  11.19 -22.99  -9.99
2024      5     10     11     57     30    000  11.19 -22.98 -10.00
2024      5     10     11     58     00    000  11.19 -22.98 -10.00
2024      5     10     11     58     30    000  11.19 -22.98 -10.00
2024      5     10     11     59     00    000  11.19 -22.97 -10.00
2024      5     10     11     59     30    000  11.19 -22.97 -10.00
2024      5     10     12     00     00    000  11.19 -22.97 -10.00
2024      5     10     12     00     30    000  11.19 -22.96 -10.00
2024      5     10     12     01     00    000  11.19 -22.96 -10.00
2024      5     10     12     01     30    000  11.19 -22.96 -10.00
2024      5     10     12     02     00    000  11.20 -22.95 -10.00
2024      5     10     12     02     30    000  11.20 -22.95 -10.00
2024      5     10     12     03     00    000  11.20 -22.95 -10.00
2024      5     10     12     03     30    000  11.20 -22.94 -10.00
2024      5     10     12     04     00    000  11.20 -22.94 -10.00
2024      5     10     12     04     30    000  11.20 -22.93 -10.00
2024      5     10     12     05     00    000  11.20 -22.93 -10.00
2024      5     10     12     05     30    000  11.20 -22.93 -10.01
2024      5     10     12     06     00    000  11.20 -22.92 -10.01
2024      5     10     12     06     30    000  11.20 -22.92 -10.01
2024      5     10     12     07     00    000  11.20 -22.92 -10.01
2024      5     10     12     07     30    000  11.21 -22.91 -10.01
2024      5     10     12     08     00    000  11.21 -22.91 -10.01
2024      5     10     12     08     30    000  11.21 -22.91 -10.01
2024      5     10     12     09     00    000  11.21 -22.90 -10.01
2024      5     10     12     09     30    000  11.21 -22.90 -10.01
2024      5     10     12     10     00    000  11.21 -22.89 -10.01
2024      5     10     12     10     30    000  11.21 -22.89 -10.01
2024      5     10     12     11     00    000  11.21 -22.89 -10.02
2024      5     10     12     11     30    000  11.21 -22.88 -10.02
2024      5     10     12     12     00    000  11.21 -22.88 -10.02
2024      5     10     12     12     30    000  11.21 -22.88 -10.02
2024      5     10     12     13     00    000  11.22 -22.87 -10.02
2024      5     10     12     13     30    000  11.22 -22.87 -10.02
2024      5     10     12     14     00    000  11.22 -22.86 -10.02
2024      5     10     12     14     30    000  11.22 -22.86 -10.02
2024      5     10     12     15     00    000  11.22 -22.86 -10.02
2024      5     10     12     15     30    000  11.22 -22.85 -10.02
2024      5     10     12     16     00    000  11.22 -22.85 -10.03
2024      5     10     12     16     30    000  11.22 -22.85 -10.03
2024      5     10     12     17     00    000  11.22 -22.84 -10.03
2024      5     10     12     17     30    000  11.22 -22.84 -10.03
2024      5     10     12     18     00    000  11.22 -22.83 -10.03
2024      5     10     12     18     30    000  11.22 -22.83 -10.03
2024      5     10     12     19     00    000  11.23 -22.83 -10.03
2024      5     10     12     19     30    000  11.23 -22.82 -10.03
2024      5     10     12     20     00    000  11.23 -22.82 -10.04
2024      5     10     12     20     30    000  11.23 -22.81 -10.04
2024      5     10     12     21     00    000  11.23 -22.81 -10.04
2024      5     10     12     21     30    000  11.23 -22.81 -10.04
2024      5     10     12     22     00    000  11.23 -22.80 -10.04
2024      5     10     12     22     30    000  11.23 -22.80 -10.04
2024      5     10     12     23     00    000  11.23 -22.79 -10.04
2024      5     10     12     23     30    000  11.23 -22.79 -10.04
2024      5     10     12     24     00    000  11.23 -22.79 -10.05
2024      5     10     12     24     30    000  11.24 -22.78 -10.05
2024      5     10     12     25     00    000  11.24 -22.78 -10.05
2024      5     10     12     25     30    000  11.24 -22.77 -10.05
2024      5     10     12     26     00    000  11.24 -22.77 -10.05
2024      5     10     12     26     30    000  11.24 -22.77 -10.05
2024      5     10     12     27     00    000  11.24 -22.76 -10.06
2024      5     10     12     27     30    000  11.24 -22.76 -10.06
2024      5     10     12     28     00    000  11.24 -22.75 -10.06
2024      5     10     12     28     30    000  11.24 -22.75 -10.06
2024      5     10     12     29     00    000  11.24 -22.75 -10.06
2024      5     10     12     29     30    000  11.24 -22.74 -10.06
2024      5     10     12     30     00    000  11.25 -22.74 -10.06
2024      5     10     12     30     30    000  11.25 -22.73 -10.07
2024      5     10     12     31     00    000  11.25 -22.73 -10.07
2024      5     10     12     31     30    000  11.25 -22.73 -10.07
2024      5     10     12     32     00    000  11.25 -22.72 -10.07
2024      5     10     12     32     30    000  11.25 -22.72 -10.07
2024      5     10     12     33     00    000  11.25 -22.71 -10.07
2024      5     10     12     33     30    000  11.25 -22.71 -10.08
2024      5     10     12     34     00    000  11.25 -22.70 -10.08
2024      5     10     12     34     30    000  11.25 -22.70 -10.08
2024      5     10     12     35     00    000  11.25 -22.70 -10.08
2024      5     10     12     35     30    000  11.25 -22.69 -10.08
2024      5     10     12     36     00    000  11.26 -22.69 -10.08
2024      5     10     12     36     30    000  11.26 -22.68 -10.09
2024      5     10     12     37     00    000  11.26 -22.68 -10.09
2024      5     10     12     37     30    000  11.26 -22.68 -10.09
2024      5     10     12     38     00    000  11.26 -22.67 -10.09
2024      5     10     12     38     30    000  11.26 -22.67 -10.09
2024      5     10     12     39     00    000  11.26 -22.66 -10.10
2024      5     10     12     39     30    000  11.26 -22.66 -10.10
2024      5     10     12     40     00    000  11.26 -22.65 -10.10
2024      5     10     12     40     30    000  11.26 -22.65 -10.10
2024      5     10     12     41     00    000  11.26 -22.65 -10.10
2024      5     10     12     41     30    000  11.26 -22.64 -10.11
2024      5     10     12     42     00    000  11.27 -22.64 -10.11
2024      5     10     12     42     30    000  11.27 -22.63 -10.11
2024      5     10     12     43     00    000  11.27 -22.63 -10.11
2024      5     10     12     43     30    000  11.27 -22.62 -10.11
2024      5     10     12     44     00    000  11.27 -22.62 -10.12
2024      5     10     12     44     30    000  11.27 -22.61 -10.12
2024      5     10     12     45     00    000  11.27 -22.61 -10.12
2024      5     10     12     45     30    000  11.27 -22.61 -10.12
2024      5     10     12     46     00    000  11.27 -22.60 -10.12
2024      5     10     12     46     30    000  11.27 -22.60 -10.13
2024      5     10     12     47     00    000  11.27 -22.59 -10.13
2024      5     10     12     47     30    000  11.28 -22.59 -10.13
2024      5     10     12     48     00    000  11.28 -22.58 -10.13
2024      5     10     12     48     30    000  11.28 -22.58 -10.13
2024      5     10     12     49     00    000  11.28 -22.57 -10.14
2024      5     10     12     49     30    000  11.28 -22.57 -10.14
2024      5     10     12     50     00    000  11.28 -22.57 -10.14
2024      5     10     12     50     30    000  11.28 -22.56 -10.14
2024      5     10     12     51     00    000  11.28 -22.56 -10.15
2024      5     10     12     51     30    000  11.28 -22.55 -10.15
2024      5     10     12     52     00    000  11.28 -22.55 -10.15
2024      5     10     12     52     30    000  11.28 -22.54 -10.15
2024      5     10     12     53     00    000  11.28 -22.54 -10.15
2024      5     10     12     53     30    000  11.29 -22.53 -10.16
2024      5     10     12     54     00    000  11.29 -22.53 -10.16
2024      5     10     12     54     30    000  11.29 -22.53 -10.16
2024      5     10     12     55     00    000  11.29 -22.52 -10.16
2024      5     10     12     55     30    000  11.29 -22.52 -10.17
2024      5     10     12     56     00    000  11.29 -22.51 -10.17
2024      5     10     12     56     30    000  11.29 -22.51 -10.17
2024      5     10     12     57     00    000  11.29 -22.50 -10.17
2024      5     10     12     57     30    000  11.29 -22.50 -10.18
2024      5     10     12     58     00    000  11.29 -22.49 -10.18
2024      5     10     12     58     30    000  11.29 -22.49 -10.18
2024      5     10     12     59     00    000  11.29 -22.48 -10.18
2024      5     10     12     59     30    000  11.30 -22.48 -10.19
2024      5     10     13     00     00    000  11.30 -22.47 -10.19
2024      5     10     13     00     30    000  11.30 -22.47 -10.19
2024      5     10     13     01     00    000  11.30 -22.47 -10.19
2024      5     10     13     01     30    000  11.30 -22.46 -10.20
2024      5     10     13     02     00    000  11.30 -22.46 -10.20
2024      5     10     13     02     30    000  11.30 -22.45 -10.20
2024      5     10     13     03     00    000  11.30 -22.45 -10.20
2024      5     10     13     03     30    000  11.30 -22.44 -10.21
2024      5     10     13     04     00    000  11.30 -22.44 -10.21
2024      5     10     13     04     30    000  11.30 -22.43 -10.21
2024      5     10     13     05     00    000  11.30 -22.43 -10.21
2024      5     10     13     05     30    000  11.30 -22.42 -10.22
2024      5     10     13     06     00    000  11.31 -22.42 -10.22
2024      5     10     13     06     30    000  11.31 -22.41 -10.22
2024      5     10     13     07     00    000  11.31 -22.41 -10.23
2024      5     10     13     07     30    000  11.31 -22.40 -10.23
2024      5     10     13     08     00    000  11.31 -22.40 -10.23
2024      5     10     13     08     30    000  11.31 -22.39 -10.23
2024      5     10     13     09     00    000  11.31 -22.39 -10.24
2024      5     10     13     09     30    000  11.31 -22.38 -10.24
2024      5     10     13     10     00    000  11.31 -22.38 -10.24
2024      5     10     13     10     30    000  11.31 -22.37 -10.25
2024      5     10     13     11     00    000  11.31 -22.37 -10.25
2024      5     10     13     11     30    000  11.31 -22.36 -10.25
2024      5     10     13     12     00    000  11.32 -22.36 -10.25
2024      5     10     13     12     30    000  11.32 -22.35 -10.26
2024      5     10     13     13     00    000  11.32 -22.35 -10.26
2024      5     10     13     13     30    000  11.32 -22.35 -10.26
2024      5     10     13     14     00    000  11.32 -22.34 -10.27
2024      5     10     13     14     30    000  11.32 -22.34 -10.27
2024      5     10     13     15     00    000  11.32 -22.33 -10.27
2024      5     10     13     15     30    000  11.32 -22.33 -10.27
2024      5     10     13     16     00    000  11.32 -22.32 -10.28
2024      5     10     13     16     30    000  11.32 -22.32 -10.28
2024      5     10     13     17     00    000  11.32 -22.31 -10.28
2024      5     10     13     17     30    000  11.32 -22.31 -10.29
2024      5     10     13     18     00    000  11.33 -22.30 -10.29
2024      5     10     13     18     30    000  11.33 -22.30 -10.29
2024      5     10     13     19     00    000  11.33 -22.29 -10.30
2024      5     10     13     19     30    000  11.33 -22.29 -10.30
2024      5     10     13     20     00    000  11.33 -22.28 -10.30
2024      5     10     13     20     30    000  11.33 -22.28 -10.30
2024      5     10     13     21     00    000  11.33 -22.27 -10.31
2024      5     10     13     21     30    000  11.33 -22.27 -10.31
2024      5     10     13     22     00    000  11.33 -22.26 -10.31
2024      5     10     13     22     30    000  11.33 -22.26 -10.32
2024      5     10     13     23     00    000  11.33 -22.25 -10.32
2024      5     10     13     23     30    000  11.33 -22.24 -10.32
2024      5     10     13     24     00    000  11.33 -22.24 -10.33
2024      5     10     13     24     30    000  11.34 -22.23 -10.33
2024      5     10     13     25     00    000  11.34 -22.23 -10.33
2024      5     10     13     25     30    000  11.34 -22.22 -10.34
2024      5     10     13     26     00    000  11.34 -22.22 -10.34
2024      5     10     13     26     30    000  11.34 -22.21 -10.34
2024      5     10     13     27     00    000  11.34 -22.21 -10.35
2024      5     10     13     27     30    000  11.34 -22.20 -10.35
2024      5     10     13     28     00    000  11.34 -22.20 -10.35
2024      5     10     13     28     30    000  11.34 -22.19 -10.36
2024      5     10     13     29     00    000  11.34 -22.19 -10.36
2024      5     10     13     29     30    000  11.34 -22.18 -10.36
2024      5     10     13     30     00    000  11.34 -22.18 -10.37
2024      5     10     13     30     30    000  11.34 -22.17 -10.37
2024      5     10     13     31     00    000  11.35 -22.17 -10.37
2024      5     10     13     31     30    000  11.35 -22.16 -10.38
2024      5     10     13     32     00    000  11.35 -22.16 -10.38
2024      5     10     13     32     30    000  11.35 -22.15 -10.38
2024      5     10     13     33     00    000  11.35 -22.15 -10.39
2024      5     10     13     33     30    000  11.35 -22.14 -10.39
2024      5     10     13     34     00    000  11.35 -22.14 -10.39
2024      5     10     13     34     30    000  11.35 -22.13 -10.40
2024      5     10     13     35     00    000  11.35 -22.12 -10.40
2024      5     10     13     35     30    000  11.35 -22.12 -10.40
2024      5     10     13     36     00    000  11.35 -22.11 -10.41
2024      5     10     13     36     30    000  11.35 -22.11 -10.41
2024      5     10     13     37     00    000  11.35 -22.10 -10.41
2024      5     10     13     37     30    000  11.36 -22.10 -10.42
2024      5     10     13     38     00    000  11.36 -22.09 -10.42
2024      5     10     13     38     30    000  11.36 -22.09 -10.43
2024      5     10     13     39     00    000  11.36 -22.08 -10.43
2024      5     10     13     39     30    000  11.36 -22.08 -10.43
2024      5     10     13     40     00    000  11.36 -22.07 -10.44
2024      5     10     13     40     30    000  11.36 -22.07 -10.44
2024      5     10     13     41     00    000  11.36 -22.06 -10.44
2024      5     10     13     41     30    000  11.36 -22.06 -10.45
2024      5     10     13     42     00    000  11.36 -22.05 -10.45
2024      5     10     13     42     30    000  11.36 -22.04 -10.45
2024      5     10     13     43     00    000  11.36 -22.04 -10.46
2024      5     10     13     43     30    000  11.36 -22.03 -10.46
2024      5     10     13     44     00    000  11.37 -22.03 -10.47
2024      5     10     13     44     30    000  11.37 -22.02 -10.47
2024      5     10     13     45     00    000  11.37 -22.02 -10.47
2024      5     10     13     45     30    000  11.37 -22.01 -10.48
2024      5     10     13     46     00    000  11.37 -22.01 -10.48
2024      5     10     13     46     30    000  11.37 -22.00 -10.48
2024      5     10     13     47     00    000  11.37 -21.99 -10.49
2024      5     10     13     47     30    000  11.37 -21.99 -10.49
2024      5     10     13     48     00    000  11.37 -21.98 -10.50
2024      5     10     13     48     30    000  11.37 -21.98 -10.50
2024      5     10     13     49     00    000  11.37 -21.97 -10.50
2024      5     10     13     49     30    000  11.37 -21.97 -10.51
2024      5     10     13     50     00    000  11.37 -21.96 -10.51
2024      5     10     13     50     30    000  11.38 -21.96 -10.51
2024      5     10     13     51     00    000  11.38 -21.95 -10.52
2024      5     10     13     51     30    000  11.38 -21.94 -10.52
2024      5     10     13     52     00    000  11.38 -21.94 -10.53
2024      5     10     13     52     30    000  11.38 -21.93 -10.53
2024      5     10     13     53     00    000  11.38 -21.93 -10.53
2024      5     10     13     53     30    000  11.38 -21.92 -10.54
2024      5     10     13     54     00    000  11.38 -21.92 -10.54
2024      5     10     13     54     30    000  11.38 -21.91 -10.55
2024      5     10     13     55     00    000  11.38 -21.91 -10.55
2024      5     10     13     55     30    000  11.38 -21.90 -10.55
2024      5     10     13     56     00    000  11.38 -21.89 -10.56
2024      5     10     13     56     30    000  11.38 -21.89 -10.56
2024      5     10     13     57     00    000  11.38 -21.88 -10.57
2024      5     10     13     57     30    000  11.39 -21.88 -10.57
2024      5     10     13     58     00    000  11.39 -21.87 -10.57
2024      5     10     13     58     30    000  11.39 -21.87 -10.58
2024      5     10     13     59     00    000  11.39 -21.86 -10.58
2024      5     10     13     59     30    000  11.39 -21.85 -10.59
2024      5     10     14     00     00    000  11.39 -21.85 -10.59
2024      5     10     14     00     30    000  11.39 -21.84 -10.59
2024      5     10     14     01     00    000  11.39 -21.84 -10.60
2024      5     10     14     01     30    000  11.39 -21.83 -10.60
2024      5     10     14     02     00    000  11.39 -21.82 -10.61
2024      5     10     14     02     30    000  11.39 -21.82 -10.61
2024      5     10     14     03     00    000  11.39 -21.81 -10.61
2024      5     10     14     03     30    000  11.39 -21.81 -10.62
2024      5     10     14     04     00    000  11.39 -21.80 -10.62
2024      5     10     14     04     30    000  11.40 -21.80 -10.63
2024      5     10     14     05     00    000  11.40 -21.79 -10.63
2024      5     10     14     05     30    000  11.40 -21.78 -10.64
2024      5     10     14     06     00    000  11.40 -21.78 -10.64
2024      5     10     14     06     30    000  11.40 -21.77 -10.64
2024      5     10     14     07     00    000  11.40 -21.77 -10.65
2024      5     10     14     07     30    000  11.40 -21.76 -10.65
2024      5     10     14     08     00    000  11.40 -21.75 -10.66
2024      5     10     14     08     30    000  11.40 -21.75 -10.66
2024      5     10     14     09     00    000  11.40 -21.74 -10.67
2024      5     10     14     09     30    000  11.40 -21.74 -10.67
2024      5     10     14     10     00    000  11.40 -21.73 -10.67
2024      5     10     14     10     30    000  11.40 -21.72 -10.68
2024      5     10     14     11     00    000  11.41 -21.72 -10.68
2024      5     10     14     11     30    000  11.41 -21.71 -10.69
2024      5     10     14     12     00    000  11.41 -21.71 -10.69
2024      5     10     14     12     30    000  11.41 -21.70 -10.70
2024      5     10     14     13     00    000  11.41 -21.69 -10.70
2024      5     10     14     13     30    000  11.41 -21.69 -10.70
2024      5     10     14     14     00    000  11.41 -21.68 -10.71
2024      5     10     14     14     30    000  11.41 -21.68 -10.71
2024      5     10     14     15     00    000  11.41 -21.67 -10.72
2024      5     10     14     15     30    000  11.41 -21.66 -10.72
2024      5     10     14     16     00    000  11.41 -21.66 -10.73
2024      5     10     14     16     30    000  11.41 -21.65 -10.73
2024      5     10     14     17     00    000  11.41 -21.65 -10.73
2024      5     10     14     17     30    000  11.41 -21.64 -10.74
2024      5     10     14     18     00    000  11.41 -21.63 -10.74
2024      5     10     14     18     30    000  11.42 -21.63 -10.75
2024      5     10     14     19     00    000  11.42 -21.62 -10.75
2024      5     10     14     19     30    000  11.42 -21.62 -10.76
2024      5     10     14     20     00    000  11.42 -21.61 -10.76
2024      5     10     14     20     30    000  11.42 -21.60 -10.77
2024      5     10     14     21     00    000  11.42 -21.60 -10.77
2024      5     10     14     21     30    000  11.42 -21.59 -10.78
2024      5     10     14     22     00    000  11.42 -21.59 -10.78
2024      5     10     14     22     30    000  11.42 -21.58 -10.78
2024      5     10     14     23     00    000  11.42 -21.57 -10.79
2024      5     10     14     23     30    000  11.42 -21.57 -10.79
2024      5     10     14     24     00    000  11.42 -21.56 -10.80
2024      5     10     14     24     30    000  11.42 -21.55 -10.80
2024      5     10     14     25     00    000  11.42 -21.55 -10.81
2024      5     10     14     25     30    000  11.43 -21.54 -10.81
2024      5     10     14     26     00    000  11.43 -21.54 -10.82
2024      5     10     14     26     30    000  11.43 -21.53 -10.82
2024      5     10     14     27     00    000  11.43 -21.52 -10.83
2024      5     10     14     27     30    000  11.43 -21.52 -10.83
2024      5     10     14     28     00    000  11.43 -21.51 -10.83
2024      5     10     14     28     30    000  11.43 -21.50 -10.84
2024      5     10     14     29     00    000  11.43 -21.50 -10.84
2024      5     10     14     29     30    000  11.43 -21.49 -10.85
2024      5     10     14     30     00    000  11.43 -21.49 -10.85
2024      5     10     14     30     30    000  11.43 -21.48 -10.86
2024      5     10     14     31     00    000  11.43 -21.47 -10.86
2024      5     10     14     31     30    000  11.43 -21.47 -10.87
2024      5     10     14     32     00    000  11.43 -21.46 -10.87
2024      5     10     14     32     30    000  11.44 -21.45 -10.88
2024      5     10     14     33     00    000  11.44 -21.45 -10.88
2024      5     10     14     33     30    000  11.44 -21.44 -10.89
2024      5     10     14     34     00    000  11.44 -21.44 -10.89
2024      5     10     14     34     30    000  11.44 -21.43 -10.90
2024      5     10     14     35     00    000  11.44 -21.42 -10.90
2024      5     10     14     35     30    000  11.44 -21.42 -10.90
2024      5     10     14     36     00    000  11.44 -21.41 -10.91
2024      5     10     14     36     30    000  11.44 -21.40 -10.91
2024      5     10     14     37     00    000  11.44 -21.40 -10.92
2024      5     10     14     37     30    000  11.44 -21.39 -10.92
2024      5     10     14     38     00    000  11.44 -21.38 -10.93
2024      5     10     14     38     30    000  11.44 -21.38 -10.93
2024      5     10     14     39     00    000  11.44 -21.37 -10.94
2024      5     10     14     39     30    000  11.44 -21.36 -10.94
2024      5     10     14     40     00    000  11.45 -21.36 -10.95
2024      5     10     14     40     30    000  11.45 -21.35 -10.95
2024      5     10     14     41     00    000  11.45 -21.35 -10.96
2024      5     10     14     41     30    000  11.45 -21.34 -10.96
2024      5     10     14     42     00    000  11.45 -21.33 -10.97
2024      5     10     14     42     30    000  11.45 -21.33 -10.97
2024      5     10     14     43     00    000  11.45 -21.32 -10.98
2024      5     10     14     43     30    000  11.45 -21.31 -10.98
2024      5     10     14     44     00    000  11.45 -21.31 -10.99
2024      5     10     14     44     30    000  11.45 -21.30 -10.99
2024      5     10     14     45     00    000  11.45 -21.29 -11.00
2024      5     10     14     45     30    000  11.45 -21.29 -11.00
2024      5     10     14     46     00    000  11.45 -21.28 -11.01
2024      5     10     14     46     30    000  11.45 -21.27 -11.01
2024      5     10     14     47     00    000  11.45 -21.27 -11.02
2024      5     10     14     47     30    000  11.46 -21.26 -11.02
2024      5     10     14     48     00    000  11.46 -21.25 -11.03
2024      5     10     14     48     30    000  11.46 -21.25 -11.03
2024      5     10     14     49     00    000  11.46 -21.24 -11.04
2024      5     10     14     49     30    000  11.46 -21.23 -11.04
2024      5     10     14     50     00    000  11.46 -21.23 -11.05
2024      5     10     14     50     30    000  11.46 -21.22 -11.05
2024      5     10     14     51     00    000  11.46 -21.21 -11.06
2024      5     10     14     51     30    000  11.46 -21.21 -11.06
2024      5     10     14     52     00    000  11.46 -21.20 -11.06
2024      5     10     14     52     30    000  11.46 -21.19 -11.07
2024      5     10     14     53     00    000  11.46 -21.19 -11.07
2024      5     10     14     53     30    000  11.46 -21.18 -11.08
2024      5     10     14     54     00    000  11.46 -21.17 -11.08
2024      5     10     14     54     30    000  11.46 -21.17 -11.09
2024      5     10     14     55     00    000  11.46 -21.16 -11.09
2024      5     10     14     55     30    000  11.47 -21.15 -11.10
2024      5     10     14     56     00    000  11.47 -21.15 -11.10
2024      5     10     14     56     30    000  11.47 -21.14 -11.11
2024      5     10     14     57     00    000  11.47 -21.13 -11.11
2024      5     10     14     57     30    000  11.47 -21.13 -11.12
2024      5     10     14     58     00    000  11.47 -21.12 -11.13
2024      5     10     14     58     30    000  11.47 -21.11 -11.13
2024      5     10     14     59     00    000  11.47 -21.11 -11.14
2024      5     10     14     59     30    000  11.47 -21.10 -11.14
2024      5     10     15     00     00    000  11.47 -21.09 -11.15
2024      5     10     15     00     30    000  11.47 -21.09 -11.15
2024      5     10     15     01     00    000  11.47 -21.08 -11.16
2024      5     10     15     01     30    000  11.47 -21.07 -11.16
2024      5     10     15     02     00    000  11.47 -21.07 -11.17
2024      5     10     15     02     30    000  11.47 -21.06 -11.17
2024      5     10     15     03     00    000  11.47 -21.05 -11.18
2024      5     10     15     03     30    000  11.48 -21.05 -11.18
2024      5     10     15     04     00    000  11.48 -21.04 -11.19
2024      5     10     15     04     30    000  11.48 -21.03 -11.19
2024      5     10     15     05     00    000  11.48 -21.03 -11.20
2024      5     10     15     05     30    000  11.48 -21.02 -11.20
2024      5     10     15     06     00    000  11.48 -21.01 -11.21
2024      5     10     15     06     30    000  11.48 -21.01 -11.21
2024      5     10     15     07     00    000  11.48 -21.00 -11.22
2024      5     10     15     07     30    000  11.48 -20.99 -11.22
2024      5     10     15     08     00    000  11.48 -20.98 -11.23
2024      5     10     15     08     30    000  11.48 -20.98 -11.23
2024      5     10     15     09     00    000  11.48 -20.97 -11.24
2024      5     10     15     09     30    000  11.48 -20.96 -11.24
2024      5     10     15     10     00    000  11.48 -20.96 -11.25
2024      5     10     15     10     30    000  11.48 -20.95 -11.25
2024      5     10     15     11     00    000  11.48 -20.94 -11.26
2024      5     10     15     11     30    000  11.49 -20.94 -11.26
2024      5     10     15     12     00    000  11.49 -20.93 -11.27
2024      5     10     15     12     30    000  11.49 -20.92 -11.27
2024      5     10     15     13     00    000  11.49 -20.92 -11.28
2024      5     10     15     13     30    000  11.49 -20.91 -11.28
2024      5     10     15     14     00    000  11.49 -20.90 -11.29
2024      5     10     15     14     30    000  11.49 -20.89 -11.29
2024      5     10     15     15     00    000  11.49 -20.89 -11.30
2024      5     10     15     15     30    000  11.49 -20.88 -11.30
2024      5     10     15     16     00    000  11.49 -20.87 -11.31
2024      5     10     15     16     30    000  11.49 -20.87 -11.32
2024      5     10     15     17     00    000  11.49 -20.86 -11.32
2024      5     10     15     17     30    000  11.49 -20.85 -11.33
2024      5     10     15     18     00    000  11.49 -20.85 -11.33
2024      5     10     15     18     30    000  11.49 -20.84 -11.34
2024      5     10     15     19     00    000  11.49 -20.83 -11.34
2024      5     10     15     19     30    000  11.50 -20.82 -11.35
2024      5     10     15     20     00    000  11.50 -20.82 -11.35
2024      5     10     15     20     30    000  11.50 -20.81 -11.36
2024      5     10     15     21     00    000  11.50 -20.80 -11.36
2024      5     10     15     21     30    000  11.50 -20.80 -11.37
2024      5     10     15     22     00    000  11.50 -20.79 -11.37
2024      5     10     15     22     30    000  11.50 -20.78 -11.38
2024      5     10     15     23     00    000  11.50 -20.77 -11.38
2024      5     10     15     23     30    000  11.50 -20.77 -11.39
2024      5     10     15     24     00    000  11.50 -20.76 -11.39
2024      5     10     15     24     30    000  11.50 -20.75 -11.40
2024      5     10     15     25     00    000  11.50 -20.75 -11.40
2024      5     10     15     25     30    000  11.50 -20.74 -11.41
2024      5     10     15     26     00    000  11.50 -20.73 -11.41
2024      5     10     15     26     30    000  11.50 -20.72 -11.42
2024      5     10     15     27     00    000  11.50 -20.72 -11.43
2024      5     10     15     27     30    000  11.50 -20.71 -11.43
2024      5     10     15     28     00    000  11.51 -20.70 -11.44
2024      5     10     15     28     30    000  11.51 -20.70 -11.44
2024      5     10     15     29     00    000  11.51 -20.69 -11.45
2024      5     10     15     29     30    000  11.51 -20.68 -11.45
2024      5     10     15     30     00    000  11.51 -20.67 -11.46
2024      5     10     15     30     30    000  11.51 -20.67 -11.46
2024      5     10     15     31     00    000  11.51 -20.66 -11.47
2024      5     10     15     31     30    000  11.51 -20.65 -11.47
2024      5     10     15     32     00    000  11.51 -20.65 -11.48
2024      5     10     15     32     30    000  11.51 -20.64 -11.48
2024      5     10     15     33     00    000  11.51 -20.63 -11.49
2024      5     10     15     33     30    000  11.51 -20.62 -11.49
2024      5     10     15     34     00    000  11.51 -20.62 -11.50
2024      5     10     15     34     30    000  11.51 -20.61 -11.50
2024      5     10     15     35     00    000  11.51 -20.60 -11.51
2024      5     10     15     35     30    000  11.51 -20.59 -11.52
2024      5     10     15     36     00    000  11.51 -20.59 -11.52
2024      5     10     15     36     30    000  11.52 -20.58 -11.53
2024      5     10     15     37     00    000  11.52 -20.57 -11.53
2024      5     10     15     37     30    000  11.52 -20.57 -11.54
2024      5     10     15     38     00    000  11.52 -20.56 -11.54
2024      5     10     15     38     30    000  11.52 -20.55 -11.55
2024      5     10     15     39     00    000  11.52 -20.54 -11.55
2024      5     10     15     39     30    000  11.52 -20.54 -11.56
2024      5     10     15     40     00    000  11.52 -20.53 -11.56
2024      5     10     15     40     30    000  11.52 -20.52 -11.57
2024      5     10     15     41     00    000  11.52 -20.51 -11.57
2024      5     10     15     41     30    000  11.52 -20.51 -11.58
2024      5     10     15     42     00    000  11.52 -20.50 -11.58
2024      5     10     15     42     30    000  11.52 -20.49 -11.59
2024      5     10     15     43     00    000  11.52 -20.48 -11.60
2024      5     10     15     43     30    000  11.52 -20.48 -11.60
2024      5     10     15     44     00    000  11.52 -20.47 -11.61
2024      5     10     15     44     30    000  11.52 -20.46 -11.61
2024      5     10     15     45     00    000  11.52 -20.46 -11.62
2024      5     10     15     45     30    000  11.53 -20.45 -11.62
2024      5     10     15     46     00    000  11.53 -20.44 -11.63
2024      5     10     15     46     30    000  11.53 -20.43 -11.63
2024      5     10     15     47     00    000  11.53 -20.43 -11.64
2024      5     10     15     47     30    000  11.53 -20.42 -11.64
2024      5     10     15     48     00    000  11.53 -20.41 -11.65
2024      5     10     15     48     30    000  11.53 -20.40 -11.65
2024      5     10     15     49     00    000  11.53 -20.40 -11.66
2024      5     10     15     49     30    000  11.53 -20.39 -11.67
2024      5     10     15     50     00    000  11.53 -20.38 -11.67
2024      5     10     15     50     30    000  11.53 -20.37 -11.68
2024      5     10     15     51     00    000  11.53 -20.37 -11.68
2024      5     10     15     51     30    000  11.53 -20.36 -11.69
2024      5     10     15     52     00    000  11.53 -20.35 -11.69
2024      5     10     15     52     30    000  11.53 -20.34 -11.70
2024      5     10     15     53     00    000  11.53 -20.34 -11.70
2024      5     10     15     53     30    000  11.53 -20.33 -11.71
2024      5     10     15     54     00    000  11.53 -20.32 -11.71
2024      5     10     15     54     30    000  11.54 -20.31 -11.72
2024      5     10     15     55     00    000  11.54 -20.31 -11.72
2024      5     10     15     55     30    000  11.54 -20.30 -11.73
2024      5     10     15     56     00    000  11.54 -20.29 -11.73
2024      5     10     15     56     30    000  11.54 -20.28 -11.74
2024      5     10     15     57     00    000  11.54 -20.28 -11.75
2024      5     10     15     57     30    000  11.54 -20.27 -11.75
2024      5     10     15     58     00    000  11.54 -20.26 -11.76
2024      5     10     15     58     30    000  11.54 -20.25 -11.76
2024      5     10     15     59     00    000  11.54 -20.25 -11.77
2024      5     10     15     59     30    000  11.54 -20.24 -11.77
2024      5     10     16     00     00    000  11.54 -20.23 -11.78
2024      5     10     16     00     30    000  11.54 -20.22 -11.78
2024      5     10     16     01     00    000  11.54 -20.22 -11.79
2024      5     10     16     01     30    000  11.54 -20.21 -11.79
2024      5     10     16     02     00    000  11.54 -20.20 -11.80
2024      5     10     16     02     30    000  11.54 -20.19 -11.80
2024      5     10     16     03     00    000  11.54 -20.19 -11.81
2024      5     10     16     03     30    000  11.55 -20.18 -11.82
2024      5     10     16     04     00    000  11.55 -20.17 -11.82
2024      5     10     16     04     30    000  11.55 -20.16 -11.83
2024      5     10     16     05     00    000  11.55 -20.16 -11.83
2024      5     10     16     05     30    000  11.55 -20.15 -11.84
2024      5     10     16     06     00    000  11.55 -20.14 -11.84
2024      5     10     16     06     30    000  11.55 -20.13 -11.85
2024      5     10     16     07     00    000  11.55 -20.12 -11.85
2024      5     10     16     07     30    000  11.55 -20.12 -11.86
2024      5     10     16     08     00    000  11.55 -20.11 -11.86
2024      5     10     16     08     30    000  11.55 -20.10 -11.87
2024      5     10     16     09     00    000  11.55 -20.09 -11.87
2024      5     10     16     09     30    000  11.55 -20.09 -11.88
2024      5     10     16     10     00    000  11.55 -20.08 -11.88
2024      5     10     16     10     30    000  11.55 -20.07 -11.89
2024      5     10     16     11     00    000  11.55 -20.06 -11.90
2024      5     10     16     11     30    000  11.55 -20.06 -11.90
2024      5     10     16     12     00    000  11.55 -20.05 -11.91
2024      5     10     16     12     30    000  11.55 -20.04 -11.91
2024      5     10     16     13     00    000  11.55 -20.03 -11.92
2024      5     10     16     13     30    000  11.56 -20.03 -11.92
2024      5     10     16     14     00    000  11.56 -20.02 -11.93
2024      5     10     16     14     30    000  11.56 -20.01 -11.93
2024      5     10     16     15     00    000  11.56 -20.00 -11.94
2024      5     10     16     15     30    000  11.56 -19.99 -11.94
2024      5     10     16     16     00    000  11.56 -19.99 -11.95
2024      5     10     16     16     30    000  11.56 -19.98 -11.95
2024      5     10     16     17     00    000  11.56 -19.97 -11.96
2024      5     10     16     17     30    000  11.56 -19.96 -11.96
2024      5     10     16     18     00    000  11.56 -19.96 -11.97
2024      5     10     16     18     30    000  11.56 -19.95 -11.97
2024      5     10     16     19     00    000  11.56 -19.94 -11.98
2024      5     10     16     19     30    000  11.56 -19.93 -11.99
2024      5     10     16     20     00    000  11.56 -19.93 -11.99
2024      5     10     16     20     30    000  11.56 -19.92 -12.00
2024      5     10     16     21     00    000  11.56 -19.91 -12.00
2024      5     10     16     21     30    000  11.56 -19.90 -12.01
2024      5     10     16     22     00    000  11.56 -19.89 -12.01
2024      5     10     16     22     30    000  11.56 -19.89 -12.02
2024      5     10     16     23     00    000  11.57 -19.88 -12.02
2024      5     10     16     23     30    000  11.57 -19.87 -12.03
2024      5     10     16     24     00    000  11.57 -19.86 -12.03
2024      5     10     16     24     30    000  11.57 -19.86 -12.04
2024      5     10     16     25     00    000  11.57 -19.85 -12.04
2024      5     10     16     25     30    000  11.57 -19.84 -12.05
2024      5     10     16     26     00    000  11.57 -19.83 -12.05
2024      5     10     16     26     30    000  11.57 -19.82 -12.06
2024      5     10     16     27     00    000  11.57 -19.82 -12.06
2024      5     10     16     27     30    000  11.57 -19.81 -12.07
2024      5     10     16     28     00    000  11.57 -19.80 -12.08
2024      5     10     16     28     30    000  11.57 -19.79 -12.08
2024      5     10     16     29     00    000  11.57 -19.79 -12.09
2024      5     10     16     29     30    000  11.57 -19.78 -12.09
2024      5     10     16     30     00    000  11.57 -19.77 -12.10
2024      5     10     16     30     30    000  11.57 -19.76 -12.10
2024      5     10     16     31     00    000  11.57 -19.75 -12.11
2024      5     10     16     31     30    000  11.57 -19.75 -12.11
2024      5     10     16     32     00    000  11.57 -19.74 -12.12
2024      5     10     16     32     30    000  11.57 -19.73 -12.12
2024      5     10     16     33     00    000  11.57 -19.72 -12.13
2024      5     10     16     33     30    000  11.58 -19.71 -12.13
2024      5     10     16     34     00    000  11.58 -19.71 -12.14
2024      5     10     16     34     30    000  11.58 -19.70 -12.14
2024      5     10     16     35     00    000  11.58 -19.69 -12.15
2024      5     10     16     35     30    000  11.58 -19.68 -12.15
2024      5     10     16     36     00    000  11.58 -19.68 -12.16
2024      5     10     16     36     30    000  11.58 -19.67 -12.16
2024      5     10     16     37     00    000  11.58 -19.66 -12.17
2024      5     10     16     37     30    000  11.58 -19.65 -12.17
2024      5     10     16     38     00    000  11.58 -19.64 -12.18
2024      5     10     16     38     30    000  11.58 -19.64 -12.18
2024      5     10     16     39     00    000  11.58 -19.63 -12.19
2024      5     10     16     39     30    000  11.58 -19.62 -12.19
2024      5     10     16     40     00    000  11.58 -19.61 -12.20
2024      5     10     16     40     30    000  11.58 -19.60 -12.20
2024      5     10     16     41     00    000  11.58 -19.60 -12.21
2024      5     10     16     41     30    000  11.58 -19.59 -12.22
2024      5     10     16     42     00    000  11.58 -19.58 -12.22
2024      5     10     16     42     30    000  11.58 -19.57 -12.23
2024      5     10     16     43     00    000  11.58 -19.56 -12.23
2024      5     10     16     43     30    000  11.58 -19.56 -12.24
2024      5     10     16     44     00    000  11.59 -19.55 -12.24
2024      5     10     16     44     30    000  11.59 -19.54 -12.25
2024      5     10     16     45     00    000  11.59 -19.53 -12.25
2024      5     10     16     45     30    000  11.59 -19.53 -12.26
2024      5     10     16     46     00    000  11.59 -19.52 -12.26
2024      5     10     16     46     30    000  11.59 -19.51 -12.27
2024      5     10     16     47     00    000  11.59 -19.50 -12.27
2024      5     10     16     47     30    000  11.59 -19.49 -12.28
2024      5     10     16     48     00    000  11.59 -19.49 -12.28
2024      5     10     16     48     30    000  11.59 -19.48 -12.29
2024      5     10     16     49     00    000  11.59 -19.47 -12.29
2024      5     10     16     49     30    000  11.59 -19.46 -12.30
2024      5     10     16     50     00    000  11.59 -19.45 -12.30
2024      5     10     16     50     30    000  11.59 -19.45 -12.31
2024      5     10     16     51     00    000  11.59 -19.44 -12.31
2024      5     10     16     51     30    000  11.59 -19.43 -12.32
2024      5     10     16     52     00    000  11.59 -19.42 -12.32
2024      5     10     16     52     30    000  11.59 -19.41 -12.33
2024      5     10     16     53     00    000  11.59 -19.41 -12.33
2024      5     10     16     53     30    000  11.59 -19.40 -12.34
2024      5     10     16     54     00    000  11.59 -19.39 -12.34
2024      5     10     16     54     30    000  11.59 -19.38 -12.35
2024      5     10     16     55     00    000  11.59 -19.37 -12.35
2024      5     10     16     55     30    000  11.60 -19.37 -12.36
2024      5     10     16     56     00    000  11.60 -19.36 -12.36
2024      5     10     16     56     30    000  11.60 -19.35 -12.37
2024      5     10     16     57     00    000  11.60 -19.34 -12.37
2024      5     10     16     57     30    000  11.60 -19.33 -12.38
2024      5     10     16     58     00    000  11.60 -19.33 -12.38
2024      5     10     16     58     30    000  11.60 -19.32 -12.39
2024      5     10     16     59     00    000  11.60 -19.31 -12.39
2024      5     10     16     59     30    000  11.60 -19.30 -12.40
2024      5     10     17     00     00    000  11.60 -19.29 -12.40
2024      5     10     17     00     30    000  11.60 -19.29 -12.41
2024      5     10     17     01     00    000  11.60 -19.28 -12.41
2024      5     10     17     01     30    000  11.60 -19.27 -12.42
2024      5     10     17     02     00    000  11.60 -19.26 -12.42
2024      5     10     17     02     30    000  11.60 -19.25 -12.43
2024      5     10     17     03     00    000  11.60 -19.25 -12.43
2024      5     10     17     03     30    000  11.60 -19.24 -12.44
2024      5     10     17     04     00    000  11.60 -19.23 -12.44
2024      5     10     17     04     30    000  11.60 -19.22 -12.45
2024      5     10     17     05     00    000  11.60 -19.21 -12.45
2024      5     10     17     05     30    000  11.60 -19.21 -12.45
2024      5     10     17     06     00    000  11.60 -19.20 -12.46
2024      5     10     17     06     30    000  11.60 -19.19 -12.46
2024      5     10     17     07     00    000  11.61 -19.18 -12.47
2024      5     10     17     07     30    000  11.61 -19.17 -12.47
2024      5     10     17     08     00    000  11.61 -19.17 -12.48
2024      5     10     17     08     30    000  11.61 -19.16 -12.48
2024      5     10     17     09     00    000  11.61 -19.15 -12.49
2024      5     10     17     09     30    000  11.61 -19.14 -12.49
2024      5     10     17     10     00    000  11.61 -19.13 -12.50
2024      5     10     17     10     30    000  11.61 -19.13 -12.50
2024      5     10     17     11     00    000  11.61 -19.12 -12.51
2024      5     10     17     11     30    000  11.61 -19.11 -12.51
2024      5     10     17     12     00    000  11.61 -19.10 -12.52
2024      5     10     17     12     30    000  11.61 -19.09 -12.52
2024      5     10     17     13     00    000  11.61 -19.09 -12.53
2024      5     10     17     13     30    000  11.61 -19.08 -12.53
2024      5     10     17     14     00    000  11.61 -19.07 -12.54
2024      5     10     17     14     30    000  11.61 -19.06 -12.54
2024      5     10     17     15     00    000  11.61 -19.05 -12.55
2024      5     10     17     15     30    000  11.61 -19.05 -12.55
2024      5     10     17     16     00    000  11.61 -19.04 -12.55
2024      5     10     17     16     30    000  11.61 -19.03 -12.56
2024      5     10     17     17     00    000  11.61 -19.02 -12.56
2024      5     10     17     17     30    000  11.61 -19.01 -12.57
2024      5     10     17     18     00    000  11.61 -19.01 -12.57
2024      5     10     17     18     30    000  11.61 -19.00 -12.58
2024      5     10     17     19     00    000  11.61 -18.99 -12.58
2024      5     10     17     19     30    000  11.62 -18.98 -12.59
2024      5     10     17     20     00    000  11.62 -18.97 -12.59
2024      5     10     17     20     30    000  11.62 -18.97 -12.60
2024      5     10     17     21     00    000  11.62 -18.96 -12.60
2024      5     10     17     21     30    000  11.62 -18.95 -12.61
2024      5     10     17     22     00    000  11.62 -18.94 -12.61
2024      5     10     17     22     30    000  11.62 -18.93 -12.62
2024      5     10     17     23     00    000  11.62 -18.93 -12.62
2024      5     10     17     23     30    000  11.62 -18.92 -12.62
2024      5     10     17     24     00    000  11.62 -18.91 -12.63
2024      5     10     17     24     30    000  11.62 -18.90 -12.63
2024      5     10     17     25     00    000  11.62 -18.89 -12.64
2024      5     10     17     25     30    000  11.62 -18.89 -12.64
2024      5     10     17     26     00    000  11.62 -18.88 -12.65
2024      5     10     17     26     30    000  11.62 -18.87 -12.65
2024      5     10     17     27     00    000  11.62 -18.86 -12.66
2024      5     10     17     27     30    000  11.62 -18.85 -12.66
2024      5     10     17     28     00    000  11.62 -18.85 -12.67
2024      5     10     17     28     30    000  11.62 -18.84 -12.67
2024      5     10     17     29     00    000  11.62 -18.83 -12.67
2024      5     10     17     29     30    000  11.62 -18.82 -12.68
2024      5     10     17     30     00    000  11.62 -18.81 -12.68
2024      5     10     17     30     30    000  11.62 -18.81 -12.69
2024      5     10     17     31     00    000  11.62 -18.80 -12.69
2024      5     10     17     31     30    000  11.62 -18.79 -12.70
2024      5     10     17     32     00    000  11.62 -18.78 -12.70
2024      5     10     17     32     30    000  11.63 -18.77 -12.71
2024      5     10     17     33     00    000  11.63 -18.77 -12.71
2024      5     10     17     33     30    000  11.63 -18.76 -12.71
2024      5     10     17     34     00    000  11.63 -18.75 -12.72
2024      5     10     17     34     30    000  11.63 -18.74 -12.72
2024      5     10     17     35     00    000  11.63 -18.73 -12.73
2024      5     10     17     35     30    000  11.63 -18.73 -12.73
2024      5     10     17     36     00    000  11.63 -18.72 -12.74
2024      5     10     17     36     30    000  11.63 -18.71 -12.74
2024      5     10     17     37     00    000  11.63 -18.70 -12.74
2024      5     10     17     37     30    000  11.63 -18.69 -12.75
2024      5     10     17     38     00    000  11.63 -18.69 -12.75
2024      5     10     17     38     30    000  11.63 -18.68 -12.76
2024      5     10     17     39     00    000  11.63 -18.67 -12.76
2024      5     10     17     39     30    000  11.63 -18.66 -12.77
2024      5     10     17     40     00    000  11.63 -18.65 -12.77
2024      5     10     17     40     30    000  11.63 -18.65 -12.77
2024      5     10     17     41     00    000  11.63 -18.64 -12.78
2024      5     10     17     41     30    000  11.63 -18.63 -12.78
2024      5     10     17     42     00    000  11.63 -18.62 -12.79
2024      5     10     17     42     30    000  11.63 -18.61 -12.79
2024      5     10     17     43     00    000  11.63 -18.61 -12.80
2024      5     10     17     43     30    000  11.63 -18.60 -12.80
2024      5     10     17     44     00    000  11.63 -18.59 -12.80
2024      5     10     17     44     30    000  11.63 -18.58 -12.81
2024      5     10     17     45     00    000  11.63 -18.57 -12.81
2024      5     10     17     45     30    000  11.63 -18.57 -12.82
2024      5     10     17     46     00    000  11.63 -18.56 -12.82
2024      5     10     17     46     30    000  11.64 -18.55 -12.82
2024      5     10     17     47     00    000  11.64 -18.54 -12.83
2024      5     10     17     47     30    000  11.64 -18.53 -12.83
2024      5     10     17     48     00    000  11.64 -18.53 -12.84
2024      5     10     17     48     30    000  11.64 -18.52 -12.84
2024      5     10     17     49     00    000  11.64 -18.51 -12.85
2024      5     10     17     49     30    000  11.64 -18.50 -12.85
2024      5     10     17     50     00    000  11.64 -18.49 -12.85
2024      5     10     17     50     30    000  11.64 -18.49 -12.86
2024      5     10     17     51     00    000  11.64 -18.48 -12.86
2024      5     10     17     51     30    000  11.64 -18.47 -12.87
2024      5     10     17     52     00    000  11.64 -18.46 -12.87
2024      5     10     17     52     30    000  11.64 -18.45 -12.87
2024      5     10     17     53     00    000  11.64 -18.45 -12.88
2024      5     10     17     53     30    000  11.64 -18.44 -12.88
2024      5     10     17     54     00    000  11.64 -18.43 -12.89
2024      5     10     17     54     30    000  11.64 -18.42 -12.89
2024      5     10     17     55     00    000  11.64 -18.41 -12.89
2024      5     10     17     55     30    000  11.64 -18.41 -12.90
2024      5     10     17     56     00    000  11.64 -18.40 -12.90
2024      5     10     17     56     30    000  11.64 -18.39 -12.91
2024      5     10     17     57     00    000  11.64 -18.38 -12.91
2024      5     10     17     57     30    000  11.64 -18.37 -12.91
2024      5     10     17     58     00    000  11.64 -18.37 -12.92
2024      5     10     17     58     30    000  11.64 -18.36 -12.92
2024      5     10     17     59     00    000  11.64 -18.35 -12.92
2024      5     10     17     59     30    000  11.64 -18.34 -12.93
2024      5     10     18     00     00    000  11.64 -18.33 -12.93
2024      5     10     18     00     30    000  11.64 -18.33 -12.94
2024      5     10     18     01     00    000  11.64 -18.32 -12.94
2024      5     10     18     01     30    000  11.64 -18.31 -12.94
2024      5     10     18     02     00    000  11.65 -18.30 -12.95
2024      5     10     18     02     30    000  11.65 -18.29 -12.95
2024      5     10     18     03     00    000  11.65 -18.29 -12.96
2024      5     10     18     03     30    000  11.65 -18.28 -12.96
2024      5     10     18     04     00    000  11.65 -18.27 -12.96
2024      5     10     18     04     30    000  11.65 -18.26 -12.97
2024      5     10     18     05     00    000  11.65 -18.25 -12.97
2024      5     10     18     05     30    000  11.65 -18.25 -12.97
2024      5     10     18     06     00    000  11.65 -18.24 -12.98
2024      5     10     18     06     30    000  11.65 -18.23 -12.98
2024      5     10     18     07     00    000  11.65 -18.22 -12.99
2024      5     10     18     07     30    000  11.65 -18.21 -12.99
2024      5     10     18     08     00    000  11.65 -18.21 -12.99
2024      5     10     18     08     30    000  11.65 -18.20 -13.00
2024      5     10     18     09     00    000  11.65 -18.19 -13.00
2024      5     10     18     09     30    000  11.65 -18.18 -13.00
2024      5     10     18     10     00    000  11.65 -18.18 -13.01
2024      5     10     18     10     30    000  11.65 -18.17 -13.01
2024      5     10     18     11     00    000  11.65 -18.16 -13.01
2024      5     10     18     11     30    000  11.65 -18.15 -13.02
2024      5     10     18     12     00    000  11.65 -18.14 -13.02
2024      5     10     18     12     30    000  11.65 -18.14 -13.03
2024      5     10     18     13     00    000  11.65 -18.13 -13.03
2024      5     10     18     13     30    000  11.65 -18.12 -13.03
2024      5     10     18     14     00    000  11.65 -18.11 -13.04
2024      5     10     18     14     30    000  11.65 -18.10 -13.04
2024      5     10     18     15     00    000  11.65 -18.10 -13.04
2024      5     10     18     15     30    000  11.65 -18.09 -13.05
2024      5     10     18     16     00    000  11.65 -18.08 -13.05
2024      5     10     18     16     30    000  11.65 -18.07 -13.05
2024      5     10     18     17     00    000  11.65 -18.06 -13.06
2024      5     10     18     17     30    000  11.65 -18.06 -13.06
2024      5     10     18     18     00    000  11.65 -18.05 -13.06
2024      5     10     18     18     30    000  11.66 -18.04 -13.07
2024      5     10     18     19     00    000  11.66 -18.03 -13.07
2024      5     10     18     19     30    000  11.66 -18.03 -13.07
2024      5     10     18     20     00    000  11.66 -18.02 -13.08
2024      5     10     18     20     30    000  11.66 -18.01 -13.08
2024      5     10     18     21     00    000  11.66 -18.00 -13.08
2024      5     10     18     21     30    000  11.66 -17.99 -13.09
2024      5     10     18     22     00    000  11.66 -17.99 -13.09
2024      5     10     18     22     30    000  11.66 -17.98 -13.09
2024      5     10     18     23     00    000  11.66 -17.97 -13.10
2024      5     10     18     23     30    000  11.66 -17.96 -13.10
2024      5     10     18     24     00    000  11.66 -17.95 -13.10
2024      5     10     18     24     30    000  11.66 -17.95 -13.11
2024      5     10     18     25     00    000  11.66 -17.94 -13.11
2024      5     10     18     25     30    000  11.66 -17.93 -13.11
2024      5     10     18     26     00    000  11.66 -17.92 -13.12
2024      5     10     18     26     30    000  11.66 -17.92 -13.12
2024      5     10     18     27     00    000  11.66 -17.91 -13.12
2024      5     10     18     27     30    000  11.66 -17.90 -13.13
2024      5     10     18     28     00    000  11.66 -17.89 -13.13
2024      5     10     18     28     30    000  11.66 -17.88 -13.13
2024      5     10     18     29     00    000  11.66 -17.88 -13.14
2024      5     10     18     29     30    000  11.66 -17.87 -13.14
2024      5     10     18     30     00    000  11.66 -17.86 -13.14
2024      5     10     18     30     30    000  11.66 -17.85 -13.15
2024      5     10     18     31     00    000  11.66 -17.85 -13.15
2024      5     10     18     31     30    000  11.66 -17.84 -13.15
2024      5     10     18     32     00    000  11.66 -17.83 -13.15
2024      5     10     18     32     30    000  11.66 -17.82 -13.16
2024      5     10     18     33     00    000  11.66 -17.82 -13.16
2024      5     10     18     33     30    000  11.66 -17.81 -13.16
2024      5     10     18     34     00    000  11.66 -17.80 -13.17
2024      5     10     18     34     30    000  11.66 -17.79 -13.17
2024      5     10     18     35     00    000  11.66 -17.78 -13.17
2024      5     10     18     35     30    000  11.66 -17.78 -13.18
2024      5     10     18     36     00    000  11.66 -17.77 -13.18
2024      5     10     18     36     30    000  11.66 -17.76 -13.18
2024      5     10     18     37     00    000  11.66 -17.75 -13.18
2024      5     10     18     37     30    000  11.67 -17.75 -13.19
2024      5     10     18     38     00    000  11.67 -17.74 -13.19
2024      5     10     18     38     30    000  11.67 -17.73 -13.19
2024      5     10     18     39     00    000  11.67 -17.72 -13.20
2024      5     10     18     39     30    000  11.67 -17.71 -13.20
2024      5     10     18     40     00    000  11.67 -17.71 -13.20
2024      5     10     18     40     30    000  11.67 -17.70 -13.21
2024      5     10     18     41     00    000  11.67 -17.69 -13.21
2024      5     10     18     41     30    000  11.67 -17.68 -13.21
2024      5     10     18     42     00    000  11.67 -17.68 -13.21
2024      5     10     18     42     30    000  11.67 -17.67 -13.22
2024      5     10     18     43     00    000  11.67 -17.66 -13.22
2024      5     10     18     43     30    000  11.67 -17.65 -13.22
2024      5     10     18     44     00    000  11.67 -17.65 -13.22
2024      5     10     18     44     30    000  11.67 -17.64 -13.23
2024      5     10     18     45     00    000  11.67 -17.63 -13.23
2024      5     10     18     45     30    000  11.67 -17.62 -13.23
2024      5     10     18     46     00    000  11.67 -17.62 -13.24
2024      5     10     18     46     30    000  11.67 -17.61 -13.24
2024      5     10     18     47     00    000  11.67 -17.60 -13.24
2024      5     10     18     47     30    000  11.67 -17.59 -13.24
2024      5     10     18     48     00    000  11.67 -17.58 -13.25
2024      5     10     18     48     30    000  11.67 -17.58 -13.25
2024      5     10     18     49     00    000  11.67 -17.57 -13.25
2024      5     10     18     49     30    000  11.67 -17.56 -13.25
2024      5     10     18     50     00    000  11.67 -17.55 -13.26
2024      5     10     18     50     30    000  11.67 -17.55 -13.26
2024      5     10     18     51     00    000  11.67 -17.54 -13.26
2024      5     10     18     51     30    000  11.67 -17.53 -13.26
2024      5     10     18     52     00    000  11.67 -17.52 -13.27
2024      5     10     18     52     30    000  11.67 -17.52 -13.27
2024      5     10     18     53     00    000  11.67 -17.51 -13.27
2024      5     10     18     53     30    000  11.67 -17.50 -13.27
2024      5     10     18     54     00    000  11.67 -17.49 -13.28
2024      5     10     18     54     30    000  11.67 -17.49 -13.28
2024      5     10     18     55     00    000  11.67 -17.48 -13.28
2024      5     10     18     55     30    000  11.67 -17.47 -13.28
2024      5     10     18     56     00    000  11.67 -17.46 -13.29
2024      5     10     18     56     30    000  11.67 -17.46 -13.29
2024      5     10     18     57     00    000  11.67 -17.45 -13.29
2024      5     10     18     57     30    000  11.67 -17.44 -13.29
2024      5     10     18     58     00    000  11.67 -17.43 -13.30
2024      5     10     18     58     30    000  11.67 -17.43 -13.30
2024      5     10     18     59     00    000  11.67 -17.42 -13.30
2024      5     10     18     59     30    000  11.67 -17.41 -13.30
2024      5     10     19     00     00    000  11.68 -17.40 -13.31
2024      5     10     19     00     30    000  11.68 -17.40 -13.31
2024      5     10     19     01     00    000  11.68 -17.39 -13.31
2024      5     10     19     01     30    000  11.68 -17.38 -13.31
2024      5     10     19     02     00    000  11.68 -17.37 -13.32
2024      5     10     19     02     30    000  11.68 -17.37 -13.32
2024      5     10     19     03     00    000  11.68 -17.36 -13.32
2024      5     10     19     03     30    000  11.68 -17.35 -13.32
2024      5     10     19     04     00    000  11.68 -17.34 -13.32
2024      5     10     19     04     30    000  11.68 -17.34 -13.33
2024      5     10     19     05     00    000  11.68 -17.33 -13.33
2024      5     10     19     05     30    000  11.68 -17.32 -13.33
2024      5     10     19     06     00    000  11.68 -17.32 -13.33
2024      5     10     19     06     30    000  11.68 -17.31 -13.34
2024      5     10     19     07     00    000  11.68 -17.30 -13.34
2024      5     10     19     07     30    000  11.68 -17.29 -13.34
2024      5     10     19     08     00    000  11.68 -17.29 -13.34
2024      5     10     19     08     30    000  11.68 -17.28 -13.34
2024      5     10     19     09     00    000  11.68 -17.27 -13.35
2024      5     10     19     09     30    000  11.68 -17.26 -13.35
2024      5     10     19     10     00    000  11.68 -17.26 -13.35
2024      5     10     19     10     30    000  11.68 -17.25 -13.35
2024      5     10     19     11     00    000  11.68 -17.24 -13.35
2024      5     10     19     11     30    000  11.68 -17.23 -13.36
2024      5     10     19     12     00    000  11.68 -17.23 -13.36
2024      5     10     19     12     30    000  11.68 -17.22 -13.36
2024      5     10     19     13     00    000  11.68 -17.21 -13.36
2024      5     10     19     13     30    000  11.68 -17.21 -13.36
2024      5     10     19     14     00    000  11.68 -17.20 -13.37
2024      5     10     19     14     30    000  11.68 -17.19 -13.37
2024      5     10     19     15     00    000  11.68 -17.18 -13.37
2024      5     10     19     15     30    000  11.68 -17.18 -13.37
2024      5     10     19     16     00    000  11.68 -17.17 -13.37
2024      5     10     19     16     30    000  11.68 -17.16 -13.38
2024      5     10     19     17     00    000  11.68 -17.15 -13.38
2024      5     10     19     17     30    000  11.68 -17.15 -13.38
2024      5     10     19     18     00    000  11.68 -17.14 -13.38
2024      5     10     19     18     30    000  11.68 -17.13 -13.38
2024      5     10     19     19     00    000  11.68 -17.13 -13.38
2024      5     10     19     19     30    000  11.68 -17.12 -13.39
2024      5     10     19     20     00    000  11.68 -17.11 -13.39
2024      5     10     19     20     30    000  11.68 -17.10 -13.39
2024      5     10     19     21     00    000  11.68 -17.10 -13.39
2024      5     10     19     21     30    000  11.68 -17.09 -13.39
2024      5     10     19     22     00    000  11.68 -17.08 -13.39
2024      5     10     19     22     30    000  11.68 -17.07 -13.40
2024      5     10     19     23     00    000  11.68 -17.07 -13.40
2024      5     10     19     23     30    000  11.68 -17.06 -13.40
2024      5     10     19     24     00    000  11.68 -17.05 -13.40
2024      5     10     19     24     30    000  11.68 -17.05 -13.40
2024      5     10     19     25     00    000  11.68 -17.04 -13.40
2024      5     10     19     25     30    000  11.68 -17.03 -13.41
2024      5     10     19     26     00    000  11.68 -17.02 -13.41
2024      5     10     19     26     30    000  11.68 -17.02 -13.41
2024      5     10     19     27     00    000  11.68 -17.01 -13.41
2024      5     10     19     27     30    000  11.68 -17.00 -13.41
2024      5     10     19     28     00    000  11.68 -17.00 -13.41
2024      5     10     19     28     30    000  11.68 -16.99 -13.42
2024      5     10     19     29     00    000  11.68 -16.98 -13.42
2024      5     10     19     29     30    000  11.68 -16.98 -13.42
2024      5     10     19     30     00    000  11.69 -16.97 -13.42
2024      5     10     19     30     30    000  11.69 -16.96 -13.42
2024      5     10     19     31     00    000  11.69 -16.95 -13.42
2024      5     10     19     31     30    000  11.69 -16.95 -13.42
2024      5     10     19     32     00    000  11.69 -16.94 -13.43
2024      5     10     19     32     30    000  11.69 -16.93 -13.43
2024      5     10     19     33     00    000  11.69 -16.93 -13.43
2024      5     10     19     33     30    000  11.69 -16.92 -13.43
2024      5     10     19     34     00    000  11.69 -16.91 -13.43
2024      5     10     19     34     30    000  11.69 -16.90 -13.43
2024      5     10     19     35     00    000  11.69 -16.90 -13.43
2024      5     10     19     35     30    000  11.69 -16.89 -13.43
2024      5     10     19     36     00    000  11.69 -16.88 -13.44
2024      5     10     19     36     30    000  11.69 -16.88 -13.44
2024      5     10     19     37     00    000  11.69 -16.87 -13.44
2024      5     10     19     37     30    000  11.69 -16.86 -13.44
2024      5     10     19     38     00    000  11.69 -16.86 -13.44
2024      5     10     19     38     30    000  11.69 -16.85 -13.44
2024      5     10     19     39     00    000  11.69 -16.84 -13.44
2024      5     10     19     39     30    000  11.69 -16.84 -13.44
2024      5     10     19     40     00    000  11.69 -16.83 -13.45
2024      5     10     19     40     30    000  11.69 -16.82 -13.45
2024      5     10     19     41     00    000  11.69 -16.81 -13.45
2024      5     10     19     41     30    000  11.69 -16.81 -13.45
2024      5     10     19     42     00    000  11.69 -16.80 -13.45
2024      5     10     19     42     30    000  11.69 -16.79 -13.45
2024      5     10     19     43     00    000  11.69 -16.79 -13.45
2024      5     10     19     43     30    000  11.69 -16.78 -13.45
2024      5     10     19     44     00    000  11.69 -16.77 -13.45
2024      5     10     19     44     30    000  11.69 -16.77 -13.46
2024      5     10     19     45     00    000  11.69 -16.76 -13.46
2024      5     10     19     45     30    000  11.69 -16.75 -13.46
2024      5     10     19     46     00    000  11.69 -16.75 -13.46
2024      5     10     19     46     30    000  11.69 -16.74 -13.46
2024      5     10     19     47     00    000  11.69 -16.73 -13.46
2024      5     10     19     47     30    000  11.69 -16.73 -13.46
2024      5     10     19     48     00    000  11.69 -16.72 -13.46
2024      5     10     19     48     30    000  11.69 -16.71 -13.46
2024      5     10     19     49     00    000  11.69 -16.71 -13.46
2024      5     10     19     49     30    000  11.69 -16.70 -13.47
2024      5     10     19     50     00    000  11.69 -16.69 -13.47
2024      5     10     19     50     30    000  11.69 -16.68 -13.47
2024      5     10     19     51     00    000  11.69 -16.68 -13.47
2024      5     10     19     51     30    000  11.69 -16.67 -13.47
2024      5     10     19     52     00    000  11.69 -16.66 -13.47
2024      5     10     19     52     30    000  11.69 -16.66 -13.47
2024      5     10     19     53     00    000  11.69 -16.65 -13.47
2024      5     10     19     53     30    000  11.69 -16.64 -13.47
2024      5     10     19     54     00    000  11.69 -16.64 -13.47
2024      5     10     19     54     30    000  11.69 -16.63 -13.47
2024      5     10     19     55     00    000  11.69 -16.62 -13.47
2024      5     10     19     55     30    000  11.69 -16.62 -13.47
2024      5     10     19     56     00    000  11.69 -16.61 -13.48
2024      5     10     19     56     30    000  11.69 -16.60 -13.48
2024      5     10     19     57     00    000  11.69 -16.60 -13.48
2024      5     10     19     57     30    000  11.69 -16.59 -13.48
2024      5     10     19     58     00    000  11.69 -16.58 -13.48
2024      5     10     19     58     30    000  11.69 -16.58 -13.48
2024      5     10     19     59     00    000  11.69 -16.57 -13.48
2024      5     10     19     59     30    000  11.69 -16.56 -13.48
2024      5     10     20     00     00    000  11.69 -16.56 -13.48
2024      5     10     20     00     30    000  11.69 -16.55 -13.48
2024      5     10     20     01     00    000  11.69 -16.55 -13.48
2024      5     10     20     01     30    000  11.69 -16.54 -13.48
2024      5     10     20     02     00    000  11.69 -16.53 -13.48
2024      5     10     20     02     30    000  11.69 -16.53 -13.48
2024      5     10     20     03     00    000  11.69 -16.52 -13.48
2024      5     10     20     03     30    000  11.69 -16.51 -13.48
2024      5     10     20     04     00    000  11.69 -16.51 -13.48
2024      5     10     20     04     30    000  11.69 -16.50 -13.48
2024      5     10     20     05     00    000  11.69 -16.49 -13.49
2024      5     10     20     05     30    000  11.69 -16.49 -13.49
2024      5     10     20     06     00    000  11.69 -16.48 -13.49
2024      5     10     20     06     30    000  11.69 -16.47 -13.49
2024      5     10     20     07     00    000  11.69 -16.47 -13.49
2024      5     10     20     07     30    000  11.69 -16.46 -13.49
2024      5     10     20     08     00    000  11.69 -16.45 -13.49
2024      5     10     20     08     30    000  11.69 -16.45 -13.49
2024      5     10     20     09     00    000  11.69 -16.44 -13.49
2024      5     10     20     09     30    000  11.69 -16.43 -13.49
2024      5     10     20     10     00    000  11.69 -16.43 -13.49
2024      5     10     20     10     30    000  11.69 -16.42 -13.49
2024      5     10     20     11     00    000  11.69 -16.42 -13.49
2024      5     10     20     11     30    000  11.69 -16.41 -13.49
2024      5     10     20     12     00    000  11.69 -16.40 -13.49
2024      5     10     20     12     30    000  11.69 -16.40 -13.49
2024      5     10     20     13     00    000  11.69 -16.39 -13.49
2024      5     10     20     13     30    000  11.69 -16.38 -13.49
2024      5     10     20     14     00    000  11.69 -16.38 -13.49
2024      5     10     20     14     30    000  11.69 -16.37 -13.49
2024      5     10     20     15     00    000  11.69 -16.36 -13.49
2024      5     10     20     15     30    000  11.69 -16.36 -13.49
2024      5     10     20     16     00    000  11.69 -16.35 -13.49
2024      5     10     20     16     30    000  11.69 -16.35 -13.49
2024      5     10     20     17     00    000  11.69 -16.34 -13.49
2024      5     10     20     17     30    000  11.69 -16.33 -13.49
2024      5     10     20     18     00    000  11.69 -16.33 -13.49
2024      5     10     20     18     30    000  11.69 -16.32 -13.49
2024      5     10     20     19     00    000  11.69 -16.31 -13.49
2024      5     10     20     19     30    000  11.69 -16.31 -13.49
2024      5     10     20     20     00    000  11.69 -16.30 -13.49
2024      5     10     20     20     30    000  11.69 -16.30 -13.49
2024      5     10     20     21     00    000  11.69 -16.29 -13.49
2024      5     10     20     21     30    000  11.69 -16.28 -13.49
2024      5     10     20     22     00    000  11.69 -16.28 -13.49
2024      5     10     20     22     30    000  11.69 -16.27 -13.49
2024      5     10     20     23     00    000  11.69 -16.26 -13.49
2024      5     10     20     23     30    000  11.69 -16.26 -13.49
2024      5     10     20     24     00    000  11.69 -16.25 -13.49
2024      5     10     20     24     30    000  11.69 -16.25 -13.49
2024      5     10     20     25     00    000  11.69 -16.24 -13.49
2024      5     10     20     25     30    000  11.69 -16.23 -13.49
2024      5     10     20     26     00    000  11.69 -16.23 -13.49
2024      5     10     20     26     30    000  11.69 -16.22 -13.49
2024      5     10     20     27     00    000  11.69 -16.22 -13.49
2024      5     10     20     27     30    000  11.69 -16.21 -13.49
2024      5     10     20     28     00    000  11.69 -16.20 -13.49
2024      5     10     20     28     30    000  11.69 -16.20 -13.49
2024      5     10     20     29     00    000  11.69 -16.19 -13.49
2024      5     10     20     29     30    000  11.69 -16.18 -13.49
2024      5     10     20     30     00    000  11.69 -16.18 -13.49
2024      5     10     20     30     30    000  11.69 -16.17 -13.49
2024      5     10     20     31     00    000  11.69 -16.17 -13.49
2024      5     10     20     31     30    000  11.69 -16.16 -13.49
2024      5     10     20     32     00    000  11.69 -16.15 -13.48
2024      5     10     20     32     30    000  11.69 -16.15 -13.48
2024      5     10     20     33     00    000  11.69 -16.14 -13.48
2024      5     10     20     33     30    000  11.69 -16.14 -13.48
2024      5     10     20     34     00    000  11.69 -16.13 -13.48
2024      5     10     20     34     30    000  11.69 -16.12 -13.48
2024      5     10     20     35     00    000  11.69 -16.12 -13.48
2024      5     10     20     35     30    000  11.69 -16.11 -13.48
2024      5     10     20     36     00    000  11.69 -16.11 -13.48
2024      5     10     20     36     30    000  11.69 -16.10 -13.48
2024      5     10     20     37     00    000  11.69 -16.09 -13.48
2024      5     10     20     37     30    000  11.69 -16.09 -13.48
2024      5     10     20     38     00    000  11.69 -16.08 -13.48
2024      5     10     20     38     30    000  11.69 -16.08 -13.48
2024      5     10     20     39     00    000  11.69 -16.07 -13.48
2024      5     10     20     39     30    000  11.69 -16.07 -13.48
2024      5     10     20     40     00    000  11.69 -16.06 -13.48
2024      5     10     20     40     30    000  11.69 -16.05 -13.48
2024      5     10     20     41     00    000  11.69 -16.05 -13.47
2024      5     10     20     41     30    000  11.69 -16.04 -13.47
2024      5     10     20     42     00    000  11.69 -16.04 -13.47
2024      5     10     20     42     30    000  11.69 -16.03 -13.47
2024      5     10     20     43     00    000  11.69 -16.02 -13.47
2024      5     10     20     43     30    000  11.69 -16.02 -13.47
2024      5     10     20     44     00    000  11.69 -16.01 -13.47
2024      5     10     20     44     30    000  11.69 -16.01 -13.47
2024      5     10     20     45     00    000  11.69 -16.00 -13.47
2024      5     10     20     45     30    000  11.69 -16.00 -13.47
2024      5     10     20     46     00    000  11.69 -15.99 -13.47
2024      5     10     20     46     30    000  11.69 -15.98 -13.47
2024      5     10     20     47     00    000  11.69 -15.98 -13.47
2024      5     10     20     47     30    000  11.69 -15.97 -13.46
2024      5     10     20     48     00    000  11.69 -15.97 -13.46
2024      5     10     20     48     30    000  11.69 -15.96 -13.46
2024      5     10     20     49     00    000  11.69 -15.96 -13.46
2024      5     10     20     49     30    000  11.69 -15.95 -13.46
2024      5     10     20     50     00    000  11.69 -15.94 -13.46
2024      5     10     20     50     30    000  11.69 -15.94 -13.46
2024      5     10     20     51     00    000  11.69 -15.93 -13.46
2024      5     10     20     51     30    000  11.69 -15.93 -13.46
2024      5     10     20     52     00    000  11.69 -15.92 -13.46
2024      5     10     20     52     30    000  11.69 -15.92 -13.45
2024      5     10     20     53     00    000  11.69 -15.91 -13.45
2024      5     10     20     53     30    000  11.69 -15.90 -13.45
2024      5     10     20     54     00    000  11.69 -15.90 -13.45
2024      5     10     20     54     30    000  11.69 -15.89 -13.45
2024      5     10     20     55     00    000  11.69 -15.89 -13.45
2024      5     10     20     55     30    000  11.69 -15.88 -13.45
2024      5     10     20     56     00    000  11.69 -15.88 -13.45
2024      5     10     20     56     30    000  11.69 -15.87 -13.45
2024      5     10     20     57     00    000  11.69 -15.87 -13.44
2024      5     10     20     57     30    000  11.69 -15.86 -13.44
2024      5     10     20     58     00    000  11.69 -15.85 -13.44
2024      5     10     20     58     30    000  11.69 -15.85 -13.44
2024      5     10     20     59     00    000  11.69 -15.84 -13.44
2024      5     10     20     59     30    000  11.69 -15.84 -13.44
2024      5     10     21     00     00    000  11.69 -15.83 -13.44
2024      5     10     21     00     30    000  11.69 -15.83 -13.44
2024      5     10     21     01     00    000  11.69 -15.82 -13.43
2024      5     10     21     01     30    000  11.69 -15.82 -13.43
2024      5     10     21     02     00    000  11.69 -15.81 -13.43
2024      5     10     21     02     30    000  11.69 -15.80 -13.43
2024      5     10     21     03     00    000  11.69 -15.80 -13.43
2024      5     10     21     03     30    000  11.69 -15.79 -13.43
2024      5     10     21     04     00    000  11.69 -15.79 -13.43
2024      5     10     21     04     30    000  11.69 -15.78 -13.43
2024      5     10     21     05     00    000  11.69 -15.78 -13.42
2024      5     10     21     05     30    000  11.69 -15.77 -13.42
2024      5     10     21     06     00    000  11.69 -15.77 -13.42
2024      5     10     21     06     30    000  11.69 -15.76 -13.42
2024      5     10     21     07     00    000  11.69 -15.76 -13.42
2024      5     10     21     07     30    000  11.69 -15.75 -13.42
2024      5     10     21     08     00    000  11.69 -15.75 -13.42
2024      5     10     21     08     30    000  11.69 -15.74 -13.41
2024      5     10     21     09     00    000  11.69 -15.74 -13.41
2024      5     10     21     09     30    000  11.69 -15.73 -13.41
2024      5     10     21     10     00    000  11.69 -15.72 -13.41
2024      5     10     21     10     30    000  11.69 -15.72 -13.41
2024      5     10     21     11     00    000  11.69 -15.71 -13.41
2024      5     10     21     11     30    000  11.69 -15.71 -13.40
2024      5     10     21     12     00    000  11.69 -15.70 -13.40
2024      5     10     21     12     30    000  11.69 -15.70 -13.40
2024      5     10     21     13     00    000  11.69 -15.69 -13.40
2024      5     10     21     13     30    000  11.69 -15.69 -13.40
2024      5     10     21     14     00    000  11.69 -15.68 -13.40
2024      5     10     21     14     30    000  11.69 -15.68 -13.39
2024      5     10     21     15     00    000  11.69 -15.67 -13.39
2024      5     10     21     15     30    000  11.69 -15.67 -13.39
2024      5     10     21     16     00    000  11.69 -15.66 -13.39
2024      5     10     21     16     30    000  11.69 -15.66 -13.39
2024      5     10     21     17     00    000  11.69 -15.65 -13.39
2024      5     10     21     17     30    000  11.69 -15.65 -13.38
2024      5     10     21     18     00    000  11.69 -15.64 -13.38
2024      5     10     21     18     30    000  11.69 -15.64 -13.38
2024      5     10     21     19     00    000  11.69 -15.63 -13.38
2024      5     10     21     19     30    000  11.69 -15.63 -13.38
2024      5     10     21     20     00    000  11.69 -15.62 -13.37
2024      5     10     21     20     30    000  11.69 -15.62 -13.37
2024      5     10     21     21     00    000  11.69 -15.61 -13.37
2024      5     10     21     21     30    000  11.69 -15.61 -13.37
2024      5     10     21     22     00    000  11.69 -15.60 -13.37
2024      5     10     21     22     30    000  11.69 -15.59 -13.37
2024      5     10     21     23     00    000  11.69 -15.59 -13.36
2024      5     10     21     23     30    000  11.69 -15.58 -13.36
2024      5     10     21     24     00    000  11.69 -15.58 -13.36
2024      5     10     21     24     30    000  11.69 -15.57 -13.36
2024      5     10     21     25     00    000  11.69 -15.57 -13.36
2024      5     10     21     25     30    000  11.69 -15.56 -13.35
2024      5     10     21     26     00    000  11.69 -15.56 -13.35
2024      5     10     21     26     30    000  11.69 -15.55 -13.35
2024      5     10     21     27     00    000  11.69 -15.55 -13.35
2024      5     10     21     27     30    000  11.69 -15.54 -13.35
2024      5     10     21     28     00    000  11.69 -15.54 -13.34
2024      5     10     21     28     30    000  11.69 -15.53 -13.34
2024      5     10     21     29     00    000  11.69 -15.53 -13.34
2024      5     10     21     29     30    000  11.69 -15.53 -13.34
2024      5     10     21     30     00    000  11.69 -15.52 -13.33
2024      5     10     21     30     30    000  11.69 -15.52 -13.33
2024      5     10     21     31     00    000  11.69 -15.51 -13.33
2024      5     10     21     31     30    000  11.69 -15.51 -13.33
2024      5     10     21     32     00    000  11.69 -15.50 -13.33
2024      5     10     21     32     30    000  11.69 -15.50 -13.32
2024      5     10     21     33     00    000  11.69 -15.49 -13.32
2024      5     10     21     33     30    000  11.69 -15.49 -13.32
2024      5     10     21     34     00    000  11.69 -15.48 -13.32
2024      5     10     21     34     30    000  11.69 -15.48 -13.31
2024      5     10     21     35     00    000  11.69 -15.47 -13.31
2024      5     10     21     35     30    000  11.69 -15.47 -13.31
2024      5     10     21     36     00    000  11.69 -15.46 -13.31
2024      5     10     21     36     30    000  11.69 -15.46 -13.31
2024      5     10     21     37     00    000  11.69 -15.45 -13.30
2024      5     10     21     37     30    000  11.68 -15.45 -13.30
2024      5     10     21     38     00    000  11.68 -15.44 -13.30
2024      5     10     21     38     30    000  11.68 -15.44 -13.30
2024      5     10     21     39     00    000  11.68 -15.43 -13.29
2024      5     10     21     39     30    000  11.68 -15.43 -13.29
2024      5     10     21     40     00    000  11.68 -15.42 -13.29
2024      5     10     21     40     30    000  11.68 -15.42 -13.29
2024      5     10     21     41     00    000  11.68 -15.41 -13.28
2024      5     10     21     41     30    000  11.68 -15.41 -13.28
2024      5     10     21     42     00    000  11.68 -15.41 -13.28
2024      5     10     21     42     30    000  11.68 -15.40 -13.28
2024      5     10     21     43     00    000  11.68 -15.40 -13.27
2024      5     10     21     43     30    000  11.68 -15.39 -13.27
2024      5     10     21     44     00    000  11.68 -15.39 -13.27
2024      5     10     21     44     30    000  11.68 -15.38 -13.27
2024      5     10     21     45     00    000  11.68 -15.38 -13.26
2024      5     10     21     45     30    000  11.68 -15.37 -13.26
2024      5     10     21     46     00    000  11.68 -15.37 -13.26
2024      5     10     21     46     30    000  11.68 -15.36 -13.26
2024      5     10     21     47     00    000  11.68 -15.36 -13.25
2024      5     10     21     47     30    000  11.68 -15.35 -13.25
2024      5     10     21     48     00    000  11.68 -15.35 -13.25
2024      5     10     21     48     30    000  11.68 -15.34 -13.24
2024      5     10     21     49     00    000  11.68 -15.34 -13.24
2024      5     10     21     49     30    000  11.68 -15.34 -13.24
2024      5     10     21     50     00    000  11.68 -15.33 -13.24
2024      5     10     21     50     30    000  11.68 -15.33 -13.23
2024      5     10     21     51     00    000  11.68 -15.32 -13.23
2024      5     10     21     51     30    000  11.68 -15.32 -13.23
2024      5     10     21     52     00    000  11.68 -15.31 -13.23
2024      5     10     21     52     30    000  11.68 -15.31 -13.22
2024      5     10     21     53     00    000  11.68 -15.30 -13.22
2024      5     10     21     53     30    000  11.68 -15.30 -13.22
2024      5     10     21     54     00    000  11.68 -15.30 -13.21
2024      5     10     21     54     30    000  11.68 -15.29 -13.21
2024      5     10     21     55     00    000  11.68 -15.29 -13.21
2024      5     10     21     55     30    000  11.68 -15.28 -13.21
2024      5     10     21     56     00    000  11.68 -15.28 -13.20
2024      5     10     21     56     30    000  11.68 -15.27 -13.20
2024      5     10     21     57     00    000  11.68 -15.27 -13.20
2024      5     10     21     57     30    000  11.68 -15.26 -13.19
2024      5     10     21     58     00    000  11.68 -15.26 -13.19
2024      5     10     21     58     30    000  11.68 -15.26 -13.19
2024      5     10     21     59     00    000  11.68 -15.25 -13.18
2024      5     10     21     59     30    000  11.68 -15.25 -13.18
2024      5     10     22     00     00    000  11.68 -15.24 -13.18
2024      5     10     22     00     30    000  11.68 -15.24 -13.18
2024      5     10     22     01     00    000  11.68 -15.23 -13.17
2024      5     10     22     01     30    000  11.68 -15.23 -13.17
2024      5     10     22     02     00    000  11.68 -15.23 -13.17
2024      5     10     22     02     30    000  11.68 -15.22 -13.16
2024      5     10     22     03     00    000  11.68 -15.22 -13.16
2024      5     10     22     03     30    000  11.68 -15.21 -13.16
2024      5     10     22     04     00    000  11.68 -15.21 -13.15
2024      5     10     22     04     30    000  11.68 -15.20 -13.15
2024      5     10     22     05     00    000  11.67 -15.20 -13.15
2024      5     10     22     05     30    000  11.67 -15.20 -13.14
2024      5     10     22     06     00    000  11.67 -15.19 -13.14
2024      5     10     22     06     30    000  11.67 -15.19 -13.14
2024      5     10     22     07     00    000  11.67 -15.18 -13.14
2024      5     10     22     07     30    000  11.67 -15.18 -13.13
2024      5     10     22     08     00    000  11.67 -15.17 -13.13
2024      5     10     22     08     30    000  11.67 -15.17 -13.13
2024      5     10     22     09     00    000  11.67 -15.17 -13.12
2024      5     10     22     09     30    000  11.67 -15.16 -13.12
2024      5     10     22     10     00    000  11.67 -15.16 -13.12
2024      5     10     22     10     30    000  11.67 -15.15 -13.11
2024      5     10     22     11     00    000  11.67 -15.15 -13.11
2024      5     10     22     11     30    000  11.67 -15.14 -13.11
2024      5     10     22     12     00    000  11.67 -15.14 -13.10
2024      5     10     22     12     30    000  11.67 -15.14 -13.10
2024      5     10     22     13     00    000  11.67 -15.13 -13.10
2024      5     10     22     13     30    000  11.67 -15.13 -13.09
2024      5     10     22     14     00    000  11.67 -15.12 -13.09
2024      5     10     22     14     30    000  11.67 -15.12 -13.09
2024      5     10     22     15     00    000  11.67 -15.12 -13.08
2024      5     10     22     15     30    000  11.67 -15.11 -13.08
2024      5     10     22     16     00    000  11.67 -15.11 -13.07
2024      5     10     22     16     30    000  11.67 -15.10 -13.07
2024      5     10     22     17     00    000  11.67 -15.10 -13.07
2024      5     10     22     17     30    000  11.67 -15.10 -13.06
2024      5     10     22     18     00    000  11.67 -15.09 -13.06
2024      5     10     22     18     30    000  11.67 -15.09 -13.06
2024      5     10     22     19     00    000  11.67 -15.08 -13.05
2024      5     10     22     19     30    000  11.67 -15.08 -13.05
2024      5     10     22     20     00    000  11.67 -15.08 -13.05
2024      5     10     22     20     30    000  11.67 -15.07 -13.04
2024      5     10     22     21     00    000  11.67 -15.07 -13.04
2024      5     10     22     21     30    000  11.67 -15.06 -13.04
2024      5     10     22     22     00    000  11.67 -15.06 -13.03
2024      5     10     22     22     30    000  11.67 -15.06 -13.03
2024      5     10     22     23     00    000  11.67 -15.05 -13.03
2024      5     10     22     23     30    000  11.67 -15.05 -13.02
2024      5     10     22     24     00    000  11.67 -15.04 -13.02
2024      5     10     22     24     30    000  11.67 -15.04 -13.01
2024      5     10     22     25     00    000  11.67 -15.04 -13.01
2024      5     10     22     25     30    000  11.67 -15.03 -13.01
2024      5     10     22     26     00    000  11.66 -15.03 -13.00
2024      5     10     22     26     30    000  11.66 -15.02 -13.00
2024      5     10     22     27     00    000  11.66 -15.02 -13.00
2024      5     10     22     27     30    000  11.66 -15.02 -12.99
2024      5     10     22     28     00    000  11.66 -15.01 -12.99
2024      5     10     22     28     30    000  11.66 -15.01 -12.98
2024      5     10     22     29     00    000  11.66 -15.01 -12.98
2024      5     10     22     29     30    000  11.66 -15.00 -12.98
2024      5     10     22     30     00    000  11.66 -15.00 -12.97
2024      5     10     22     30     30    000  11.66 -14.99 -12.97
2024      5     10     22     31     00    000  11.66 -14.99 -12.96
2024      5     10     22     31     30    000  11.66 -14.99 -12.96
2024      5     10     22     32     00    000  11.66 -14.98 -12.96
2024      5     10     22     32     30    000  11.66 -14.98 -12.95
2024      5     10     22     33     00    000  11.66 -14.98 -12.95
2024      5     10     22     33     30    000  11.66 -14.97 -12.95
2024      5     10     22     34     00    000  11.66 -14.97 -12.94
2024      5     10     22     34     30    000  11.66 -14.96 -12.94
2024      5     10     22     35     00    000  11.66 -14.96 -12.93
2024      5     10     22     35     30    000  11.66 -14.96 -12.93
2024      5     10     22     36     00    000  11.66 -14.95 -12.93
2024      5     10     22     36     30    000  11.66 -14.95 -12.92
2024      5     10     22     37     00    000  11.66 -14.95 -12.92
2024      5     10     22     37     30    000  11.66 -14.94 -12.91
2024      5     10     22     38     00    000  11.66 -14.94 -12.91
2024      5     10     22     38     30    000  11.66 -14.93 -12.91
2024      5     10     22     39     00    000  11.66 -14.93 -12.90
2024      5     10     22     39     30    000  11.66 -14.93 -12.90
2024      5     10     22     40     00    000  11.66 -14.92 -12.89
2024      5     10     22     40     30    000  11.66 -14.92 -12.89
2024      5     10     22     41     00    000  11.66 -14.92 -12.88
2024      5     10     22     41     30    000  11.66 -14.91 -12.88
2024      5     10     22     42     00    000  11.66 -14.91 -12.88
2024      5     10     22     42     30    000  11.66 -14.91 -12.87
2024      5     10     22     43     00    000  11.66 -14.90 -12.87
2024      5     10     22     43     30    000  11.65 -14.90 -12.86
2024      5     10     22     44     00    000  11.65 -14.89 -12.86
2024      5     10     22     44     30    000  11.65 -14.89 -12.86
2024      5     10     22     45     00    000  11.65 -14.89 -12.85
2024      5     10     22     45     30    000  11.65 -14.88 -12.85
2024      5     10     22     46     00    000  11.65 -14.88 -12.84
2024      5     10     22     46     30    000  11.65 -14.88 -12.84
2024      5     10     22     47     00    000  11.65 -14.87 -12.83
2024      5     10     22     47     30    000  11.65 -14.87 -12.83
2024      5     10     22     48     00    000  11.65 -14.87 -12.83
2024      5     10     22     48     30    000  11.65 -14.86 -12.82
2024      5     10     22     49     00    000  11.65 -14.86 -12.82
2024      5     10     22     49     30    000  11.65 -14.86 -12.81
2024      5     10     22     50     00    000  11.65 -14.85 -12.81
2024      5     10     22     50     30    000  11.65 -14.85 -12.80
2024      5     10     22     51     00    000  11.65 -14.85 -12.80
2024      5     10     22     51     30    000  11.65 -14.84 -12.79
2024      5     10     22     52     00    000  11.65 -14.84 -12.79
2024      5     10     22     52     30    000  11.65 -14.84 -12.79
2024      5     10     22     53     00    000  11.65 -14.83 -12.78
2024      5     10     22     53     30    000  11.65 -14.83 -12.78
2024      5     10     22     54     00    000  11.65 -14.82 -12.77
2024      5     10     22     54     30    000  11.65 -14.82 -12.77
2024      5     10     22     55     00    000  11.65 -14.82 -12.76
2024      5     10     22     55     30    000  11.65 -14.81 -12.76
2024      5     10     22     56     00    000  11.65 -14.81 -12.75
2024      5     10     22     56     30    000  11.65 -14.81 -12.75
2024      5     10     22     57     00    000  11.65 -14.80 -12.75
2024      5     10     22     57     30    000  11.65 -14.80 -12.74
2024      5     10     22     58     00    000  11.65 -14.80 -12.74
2024      5     10     22     58     30    000  11.64 -14.79 -12.73
2024      5     10     22     59     00    000  11.64 -14.79 -12.73
2024      5     10     22     59     30    000  11.64 -14.79 -12.72
2024      5     10     23     00     00    000  11.64 -14.78 -12.72
2024      5     10     23     00     30    000  11.64 -14.78 -12.71
2024      5     10     23     01     00    000  11.64 -14.78 -12.71
2024      5     10     23     01     30    000  11.64 -14.77 -12.70
2024      5     10     23     02     00    000  11.64 -14.77 -12.70
2024      5     10     23     02     30    000  11.64 -14.77 -12.69
2024      5     10     23     03     00    000  11.64 -14.76 -12.69
2024      5     10     23     03     30    000  11.64 -14.76 -12.69
2024      5     10     23     04     00    000  11.64 -14.76 -12.68
2024      5     10     23     04     30    000  11.64 -14.75 -12.68
2024      5     10     23     05     00    000  11.64 -14.75 -12.67
2024      5     10     23     05     30    000  11.64 -14.75 -12.67
2024      5     10     23     06     00    000  11.64 -14.75 -12.66
2024      5     10     23     06     30    000  11.64 -14.74 -12.66
2024      5     10     23     07     00    000  11.64 -14.74 -12.65
2024      5     10     23     07     30    000  11.64 -14.74 -12.65
2024      5     10     23     08     00    000  11.64 -14.73 -12.64
2024      5     10     23     08     30    000  11.64 -14.73 -12.64
2024      5     10     23     09     00    000  11.64 -14.73 -12.63
2024      5     10     23     09     30    000  11.64 -14.72 -12.63
2024      5     10     23     10     00    000  11.64 -14.72 -12.62
2024      5     10     23     10     30    000  11.64 -14.72 -12.62
2024      5     10     23     11     00    000  11.64 -14.71 -12.61
2024      5     10     23     11     30    000  11.64 -14.71 -12.61
2024      5     10     23     12     00    000  11.64 -14.71 -12.60
2024      5     10     23     12     30    000  11.63 -14.70 -12.60
2024      5     10     23     13     00    000  11.63 -14.70 -12.59
2024      5     10     23     13     30    000  11.63 -14.70 -12.59
2024      5     10     23     14     00    000  11.63 -14.69 -12.58
2024      5     10     23     14     30    000  11.63 -14.69 -12.58
2024      5     10     23     15     00    000  11.63 -14.69 -12.57
2024      5     10     23     15     30    000  11.63 -14.69 -12.57
2024      5     10     23     16     00    000  11.63 -14.68 -12.56
2024      5     10     23     16     30    000  11.63 -14.68 -12.56
2024      5     10     23     17     00    000  11.63 -14.68 -12.55
2024      5     10     23     17     30    000  11.63 -14.67 -12.55
2024      5     10     23     18     00    000  11.63 -14.67 -12.54
2024      5     10     23     18     30    000  11.63 -14.67 -12.54
2024      5     10     23     19     00    000  11.63 -14.66 -12.53
2024      5     10     23     19     30    000  11.63 -14.66 -12.53
2024      5     10     23     20     00    000  11.63 -14.66 -12.52
2024      5     10     23     20     30    000  11.63 -14.65 -12.52
2024      5     10     23     21     00    000  11.63 -14.65 -12.51
2024      5     10     23     21     30    000  11.63 -14.65 -12.51
2024      5     10     23     22     00    000  11.63 -14.65 -12.50
2024      5     10     23     22     30    000  11.63 -14.64 -12.50
2024      5     10     23     23     00    000  11.63 -14.64 -12.49
2024      5     10     23     23     30    000  11.63 -14.64 -12.49
2024      5     10     23     24     00    000  11.63 -14.63 -12.48
2024      5     10     23     24     30    000  11.63 -14.63 -12.48
2024      5     10     23     25     00    000  11.62 -14.63 -12.47
2024      5     10     23     25     30    000  11.62 -14.63 -12.47
2024      5     10     23     26     00    000  11.62 -14.62 -12.46
2024      5     10     23     26     30    000  11.62 -14.62 -12.45
2024      5     10     23     27     00    000  11.62 -14.62 -12.45
2024      5     10     23     27     30    000  11.62 -14.61 -12.44
2024      5     10     23     28     00    000  11.62 -14.61 -12.44
2024      5     10     23     28     30    000  11.62 -14.61 -12.43
2024      5     10     23     29     00    000  11.62 -14.60 -12.43
2024      5     10     23     29     30    000  11.62 -14.60 -12.42
2024      5     10     23     30     00    000  11.62 -14.60 -12.42
2024      5     10     23     30     30    000  11.62 -14.60 -12.41
2024      5     10     23     31     00    000  11.62 -14.59 -12.41
2024      5     10     23     31     30    000  11.62 -14.59 -12.40
2024      5     10     23     32     00    000  11.62 -14.59 -12.40
2024      5     10     23     32     30    000  11.62 -14.58 -12.39
2024      5     10     23     33     00    000  11.62 -14.58 -12.39
2024      5     10     23     33     30    000  11.62 -14.58 -12.38
2024      5     10     23     34     00    000  11.62 -14.58 -12.37
2024      5     10     23     34     30    000  11.62 -14.57 -12.37
2024      5     10     23     35     00    000  11.62 -14.57 -12.36
2024      5     10     23     35     30    000  11.62 -14.57 -12.36
2024      5     10     23     36     00    000  11.62 -14.56 -12.35
2024      5     10     23     36     30    000  11.61 -14.56 -12.35
2024      5     10     23     37     00    000  11.61 -14.56 -12.34
2024      5     10     23     37     30    000  11.61 -14.56 -12.34
2024      5     10     23     38     00    000  11.61 -14.55 -12.33
2024      5     10     23     38     30    000  11.61 -14.55 -12.32
2024      5     10     23     39     00    000  11.61 -14.55 -12.32
2024      5     10     23     39     30    000  11.61 -14.55 -12.31
2024      5     10     23     40     00    000  11.61 -14.54 -12.31
2024      5     10     23     40     30    000  11.61 -14.54 -12.30
2024      5     10     23     41     00    000  11.61 -14.54 -12.30
2024      5     10     23     41     30    000  11.61 -14.53 -12.29
2024      5     10     23     42     00    000  11.61 -14.53 -12.29
2024      5     10     23     42     30    000  11.61 -14.53 -12.28
2024      5     10     23     43     00    000  11.61 -14.53 -12.27
2024      5     10     23     43     30    000  11.61 -14.52 -12.27
2024      5     10     23     44     00    000  11.61 -14.52 -12.26
2024      5     10     23     44     30    000  11.61 -14.52 -12.26
2024      5     10     23     45     00    000  11.61 -14.52 -12.25
2024      5     10     23     45     30    000  11.61 -14.51 -12.25
2024      5     10     23     46     00    000  11.61 -14.51 -12.24
2024      5     10     23     46     30    000  11.61 -14.51 -12.23
2024      5     10     23     47     00    000  11.60 -14.50 -12.23
2024      5     10     23     47     30    000  11.60 -14.50 -12.22
2024      5     10     23     48     00    000  11.60 -14.50 -12.22
2024      5     10     23     48     30    000  11.60 -14.50 -12.21
2024      5     10     23     49     00    000  11.60 -14.49 -12.21
2024      5     10     23     49     30    000  11.60 -14.49 -12.20
2024      5     10     23     50     00    000  11.60 -14.49 -12.19
2024      5     10     23     50     30    000  11.60 -14.49 -12.19
2024      5     10     23     51     00    000  11.60 -14.48 -12.18
2024      5     10     23     51     30    000  11.60 -14.48 -12.18
2024      5     10     23     52     00    000  11.60 -14.48 -12.17
2024      5     10     23     52     30    000  11.60 -14.48 -12.16
2024      5     10     23     53     00    000  11.60 -14.47 -12.16
2024      5     10     23     53     30    000  11.60 -14.47 -12.15
2024      5     10     23     54     00    000  11.60 -14.47 -12.15
2024      5     10     23     54     30    000  11.60 -14.46 -12.14
2024      5     10     23     55     00    000  11.60 -14.46 -12.13
2024      5     10     23     55     30    000  11.60 -14.46 -12.13
2024      5     10     23     56     00    000  11.60 -14.46 -12.12
2024      5     10     23     56     30    000  11.60 -14.45 -12.12
2024      5     10     23     57     00    000  11.59 -14.45 -12.11
2024      5     10     23     57     30    000  11.59 -14.45 -12.11
2024      5     10     23     58     00    000  11.59 -14.45 -12.10
2024      5     10     23     58     30    000  11.59 -14.44 -12.09
2024      5     10     23     59     00    000  11.59 -14.44 -12.09
2024      5     10     23     59     30    000  11.59 -14.44 -12.08
2024      5     11     00     00     00    000  11.59 -14.44 -12.07
2024      5     11     00     00     30    000  11.59 -14.43 -12.07
2024      5     11     00     01     00    000  11.59 -14.43 -12.06
2024      5     11     00     01     30    000  11.59 -14.43 -12.06
2024      5     11     00     02     00    000  11.59 -14.43 -12.05
2024      5     11     00     02     30    000  11.59 -14.42 -12.04
2024      5     11     00     03     00    000  11.59 -14.42 -12.04
2024      5     11     00     03     30    000  11.59 -14.42 -12.03
2024      5     11     00     04     00    000  11.59 -14.42 -12.03
2024      5     11     00     04     30    000  11.59 -14.41 -12.02
2024      5     11     00     05     00    000  11.59 -14.41 -12.01
2024      5     11     00     05     30    000  11.59 -14.41 -12.01
2024      5     11     00     06     00    000  11.59 -14.41 -12.00
2024      5     11     00     06     30    000  11.58 -14.40 -12.00
2024      5     11     00     07     00    000  11.58 -14.40 -11.99
2024      5     11     00     07     30    000  11.58 -14.40 -11.98
2024      5     11     00     08     00    000  11.58 -14.40 -11.98
2024      5     11     00     08     30    000  11.58 -14.39 -11.97
2024      5     11     00     09     00    000  11.58 -14.39 -11.96
2024      5     11     00     09     30    000  11.58 -14.39 -11.96
2024      5     11     00     10     00    000  11.58 -14.39 -11.95
2024      5     11     00     10     30    000  11.58 -14.38 -11.95
2024      5     11     00     11     00    000  11.58 -14.38 -11.94
2024      5     11     00     11     30    000  11.58 -14.38 -11.93
2024      5     11     00     12     00    000  11.58 -14.38 -11.93
2024      5     11     00     12     30    000  11.58 -14.38 -11.92
2024      5     11     00     13     00    000  11.58 -14.37 -11.91
2024      5     11     00     13     30    000  11.58 -14.37 -11.91
2024      5     11     00     14     00    000  11.58 -14.37 -11.90
2024      5     11     00     14     30    000  11.58 -14.37 -11.90
2024      5     11     00     15     00    000  11.58 -14.36 -11.89
2024      5     11     00     15     30    000  11.58 -14.36 -11.88
2024      5     11     00     16     00    000  11.57 -14.36 -11.88
2024      5     11     00     16     30    000  11.57 -14.36 -11.87
2024      5     11     00     17     00    000  11.57 -14.35 -11.86
2024      5     11     00     17     30    000  11.57 -14.35 -11.86
2024      5     11     00     18     00    000  11.57 -14.35 -11.85
2024      5     11     00     18     30    000  11.57 -14.35 -11.84
2024      5     11     00     19     00    000  11.57 -14.34 -11.84
2024      5     11     00     19     30    000  11.57 -14.34 -11.83
2024      5     11     00     20     00    000  11.57 -14.34 -11.82
2024      5     11     00     20     30    000  11.57 -14.34 -11.82
2024      5     11     00     21     00    000  11.57 -14.34 -11.81
2024      5     11     00     21     30    000  11.57 -14.33 -11.81
2024      5     11     00     22     00    000  11.57 -14.33 -11.80
2024      5     11     00     22     30    000  11.57 -14.33 -11.79
2024      5     11     00     23     00    000  11.57 -14.33 -11.79
2024      5     11     00     23     30    000  11.57 -14.32 -11.78
2024      5     11     00     24     00    000  11.57 -14.32 -11.77
2024      5     11     00     24     30    000  11.56 -14.32 -11.77
2024      5     11     00     25     00    000  11.56 -14.32 -11.76
2024      5     11     00     25     30    000  11.56 -14.31 -11.75
2024      5     11     00     26     00    000  11.56 -14.31 -11.75
2024      5     11     00     26     30    000  11.56 -14.31 -11.74
2024      5     11     00     27     00    000  11.56 -14.31 -11.73
2024      5     11     00     27     30    000  11.56 -14.31 -11.73
2024      5     11     00     28     00    000  11.56 -14.30 -11.72
2024      5     11     00     28     30    000  11.56 -14.30 -11.71
2024      5     11     00     29     00    000  11.56 -14.30 -11.71
2024      5     11     00     29     30    000  11.56 -14.30 -11.70
2024      5     11     00     30     00    000  11.56 -14.29 -11.69
2024      5     11     00     30     30    000  11.56 -14.29 -11.69
2024      5     11     00     31     00    000  11.56 -14.29 -11.68
2024      5     11     00     31     30    000  11.56 -14.29 -11.67
2024      5     11     00     32     00    000  11.56 -14.28 -11.67
2024      5     11     00     32     30    000  11.56 -14.28 -11.66
2024      5     11     00     33     00    000  11.55 -14.28 -11.65
2024      5     11     00     33     30    000  11.55 -14.28 -11.65
2024      5     11     00     34     00    000  11.55 -14.28 -11.64
2024      5     11     00     34     30    000  11.55 -14.27 -11.63
2024      5     11     00     35     00    000  11.55 -14.27 -11.63
2024      5     11     00     35     30    000  11.55 -14.27 -11.62
2024      5     11     00     36     00    000  11.55 -14.27 -11.61
2024      5     11     00     36     30    000  11.55 -14.26 -11.61
2024      5     11     00     37     00    000  11.55 -14.26 -11.60
2024      5     11     00     37     30    000  11.55 -14.26 -11.59
2024      5     11     00     38     00    000  11.55 -14.26 -11.59
2024      5     11     00     38     30    000  11.55 -14.26 -11.58
2024      5     11     00     39     00    000  11.55 -14.25 -11.57
2024      5     11     00     39     30    000  11.55 -14.25 -11.56
2024      5     11     00     40     00    000  11.55 -14.25 -11.56
2024      5     11     00     40     30    000  11.55 -14.25 -11.55
2024      5     11     00     41     00    000  11.54 -14.25 -11.54
2024      5     11     00     41     30    000  11.54 -14.24 -11.54
2024      5     11     00     42     00    000  11.54 -14.24 -11.53
2024      5     11     00     42     30    000  11.54 -14.24 -11.52
2024      5     11     00     43     00    000  11.54 -14.24 -11.52
2024      5     11     00     43     30    000  11.54 -14.23 -11.51
2024      5     11     00     44     00    000  11.54 -14.23 -11.50
2024      5     11     00     44     30    000  11.54 -14.23 -11.50
2024      5     11     00     45     00    000  11.54 -14.23 -11.49
2024      5     11     00     45     30    000  11.54 -14.23 -11.48
2024      5     11     00     46     00    000  11.54 -14.22 -11.47
2024      5     11     00     46     30    000  11.54 -14.22 -11.47
2024      5     11     00     47     00    000  11.54 -14.22 -11.46
2024      5     11     00     47     30    000  11.54 -14.22 -11.45
2024      5     11     00     48     00    000  11.54 -14.22 -11.45
2024      5     11     00     48     30    000  11.53 -14.21 -11.44
2024      5     11     00     49     00    000  11.53 -14.21 -11.43
2024      5     11     00     49     30    000  11.53 -14.21 -11.43
2024      5     11     00     50     00    000  11.53 -14.21 -11.42
2024      5     11     00     50     30    000  11.53 -14.20 -11.41
2024      5     11     00     51     00    000  11.53 -14.20 -11.40
2024      5     11     00     51     30    000  11.53 -14.20 -11.40
2024      5     11     00     52     00    000  11.53 -14.20 -11.39
2024      5     11     00     52     30    000  11.53 -14.20 -11.38
2024      5     11     00     53     00    000  11.53 -14.19 -11.38
2024      5     11     00     53     30    000  11.53 -14.19 -11.37
2024      5     11     00     54     00    000  11.53 -14.19 -11.36
2024      5     11     00     54     30    000  11.53 -14.19 -11.36
2024      5     11     00     55     00    000  11.53 -14.19 -11.35
2024      5     11     00     55     30    000  11.53 -14.18 -11.34
2024      5     11     00     56     00    000  11.52 -14.18 -11.33
2024      5     11     00     56     30    000  11.52 -14.18 -11.33
2024      5     11     00     57     00    000  11.52 -14.18 -11.32
2024      5     11     00     57     30    000  11.52 -14.18 -11.31
2024      5     11     00     58     00    000  11.52 -14.17 -11.30
2024      5     11     00     58     30    000  11.52 -14.17 -11.30
2024      5     11     00     59     00    000  11.52 -14.17 -11.29
2024      5     11     00     59     30    000  11.52 -14.17 -11.28
2024      5     11     01     00     00    000  11.52 -14.16 -11.28
2024      5     11     01     00     30    000  11.52 -14.16 -11.27
2024      5     11     01     01     00    000  11.52 -14.16 -11.26
2024      5     11     01     01     30    000  11.52 -14.16 -11.25
2024      5     11     01     02     00    000  11.52 -14.16 -11.25
2024      5     11     01     02     30    000  11.52 -14.15 -11.24
2024      5     11     01     03     00    000  11.51 -14.15 -11.23
2024      5     11     01     03     30    000  11.51 -14.15 -11.23
2024      5     11     01     04     00    000  11.51 -14.15 -11.22
2024      5     11     01     04     30    000  11.51 -14.15 -11.21
2024      5     11     01     05     00    000  11.51 -14.14 -11.20
2024      5     11     01     05     30    000  11.51 -14.14 -11.20
2024      5     11     01     06     00    000  11.51 -14.14 -11.19
2024      5     11     01     06     30    000  11.51 -14.14 -11.18
2024      5     11     01     07     00    000  11.51 -14.14 -11.17
2024      5     11     01     07     30    000  11.51 -14.13 -11.17
2024      5     11     01     08     00    000  11.51 -14.13 -11.16
2024      5     11     01     08     30    000  11.51 -14.13 -11.15
2024      5     11     01     09     00    000  11.51 -14.13 -11.14
2024      5     11     01     09     30    000  11.51 -14.13 -11.14
2024      5     11     01     10     00    000  11.50 -14.12 -11.13
2024      5     11     01     10     30    000  11.50 -14.12 -11.12
2024      5     11     01     11     00    000  11.50 -14.12 -11.12
2024      5     11     01     11     30    000  11.50 -14.12 -11.11
2024      5     11     01     12     00    000  11.50 -14.12 -11.10
2024      5     11     01     12     30    000  11.50 -14.11 -11.09
2024      5     11     01     13     00    000  11.50 -14.11 -11.09
2024      5     11     01     13     30    000  11.50 -14.11 -11.08
2024      5     11     01     14     00    000  11.50 -14.11 -11.07
2024      5     11     01     14     30    000  11.50 -14.11 -11.06
2024      5     11     01     15     00    000  11.50 -14.10 -11.06
2024      5     11     01     15     30    000  11.50 -14.10 -11.05
2024      5     11     01     16     00    000  11.50 -14.10 -11.04
2024      5     11     01     16     30    000  11.50 -14.10 -11.03
2024      5     11     01     17     00    000  11.49 -14.10 -11.03
2024      5     11     01     17     30    000  11.49 -14.09 -11.02
2024      5     11     01     18     00    000  11.49 -14.09 -11.01
2024      5     11     01     18     30    000  11.49 -14.09 -11.00
2024      5     11     01     19     00    000  11.49 -14.09 -11.00
2024      5     11     01     19     30    000  11.49 -14.09 -10.99
2024      5     11     01     20     00    000  11.49 -14.08 -10.98
2024      5     11     01     20     30    000  11.49 -14.08 -10.97
2024      5     11     01     21     00    000  11.49 -14.08 -10.97
2024      5     11     01     21     30    000  11.49 -14.08 -10.96
2024      5     11     01     22     00    000  11.49 -14.08 -10.95
2024      5     11     01     22     30    000  11.49 -14.07 -10.94
2024      5     11     01     23     00    000  11.49 -14.07 -10.93
2024      5     11     01     23     30    000  11.48 -14.07 -10.93
2024      5     11     01     24     00    000  11.48 -14.07 -10.92
2024      5     11     01     24     30    000  11.48 -14.07 -10.91
2024      5     11     01     25     00    000  11.48 -14.06 -10.90
2024      5     11     01     25     30    000  11.48 -14.06 -10.90
2024      5     11     01     26     00    000  11.48 -14.06 -10.89
2024      5     11     01     26     30    000  11.48 -14.06 -10.88
2024      5     11     01     27     00    000  11.48 -14.06 -10.87
2024      5     11     01     27     30    000  11.48 -14.05 -10.87
2024      5     11     01     28     00    000  11.48 -14.05 -10.86
2024      5     11     01     28     30    000  11.48 -14.05 -10.85
2024      5     11     01     29     00    000  11.48 -14.05 -10.84
2024      5     11     01     29     30    000  11.48 -14.05 -10.84
2024      5     11     01     30     00    000  11.47 -14.04 -10.83
2024      5     11     01     30     30    000  11.47 -14.04 -10.82
2024      5     11     01     31     00    000  11.47 -14.04 -10.81
2024      5     11     01     31     30    000  11.47 -14.04 -10.80
2024      5     11     01     32     00    000  11.47 -14.04 -10.80
2024      5     11     01     32     30    000  11.47 -14.03 -10.79
2024      5     11     01     33     00    000  11.47 -14.03 -10.78
2024      5     11     01     33     30    000  11.47 -14.03 -10.77
2024      5     11     01     34     00    000  11.47 -14.03 -10.77
2024      5     11     01     34     30    000  11.47 -14.03 -10.76
2024      5     11     01     35     00    000  11.47 -14.03 -10.75
2024      5     11     01     35     30    000  11.47 -14.02 -10.74
2024      5     11     01     36     00    000  11.46 -14.02 -10.73
2024      5     11     01     36     30    000  11.46 -14.02 -10.73
2024      5     11     01     37     00    000  11.46 -14.02 -10.72
2024      5     11     01     37     30    000  11.46 -14.02 -10.71
2024      5     11     01     38     00    000  11.46 -14.01 -10.70
2024      5     11     01     38     30    000  11.46 -14.01 -10.70
2024      5     11     01     39     00    000  11.46 -14.01 -10.69
2024      5     11     01     39     30    000  11.46 -14.01 -10.68
2024      5     11     01     40     00    000  11.46 -14.01 -10.67
2024      5     11     01     40     30    000  11.46 -14.00 -10.66
2024      5     11     01     41     00    000  11.46 -14.00 -10.66
2024      5     11     01     41     30    000  11.46 -14.00 -10.65
2024      5     11     01     42     00    000  11.46 -14.00 -10.64
2024      5     11     01     42     30    000  11.45 -14.00 -10.63
2024      5     11     01     43     00    000  11.45 -13.99 -10.62
2024      5     11     01     43     30    000  11.45 -13.99 -10.62
2024      5     11     01     44     00    000  11.45 -13.99 -10.61
2024      5     11     01     44     30    000  11.45 -13.99 -10.60
2024      5     11     01     45     00    000  11.45 -13.99 -10.59
2024      5     11     01     45     30    000  11.45 -13.98 -10.58
2024      5     11     01     46     00    000  11.45 -13.98 -10.58
2024      5     11     01     46     30    000  11.45 -13.98 -10.57
2024      5     11     01     47     00    000  11.45 -13.98 -10.56
2024      5     11     01     47     30    000  11.45 -13.98 -10.55
2024      5     11     01     48     00    000  11.44 -13.97 -10.54
2024      5     11     01     48     30    000  11.44 -13.97 -10.54
2024      5     11     01     49     00    000  11.44 -13.97 -10.53
2024      5     11     01     49     30    000  11.44 -13.97 -10.52
2024      5     11     01     50     00    000  11.44 -13.97 -10.51
2024      5     11     01     50     30    000  11.44 -13.96 -10.50
2024      5     11     01     51     00    000  11.44 -13.96 -10.50
2024      5     11     01     51     30    000  11.44 -13.96 -10.49
2024      5     11     01     52     00    000  11.44 -13.96 -10.48
2024      5     11     01     52     30    000  11.44 -13.96 -10.47
2024      5     11     01     53     00    000  11.44 -13.95 -10.46
2024      5     11     01     53     30    000  11.44 -13.95 -10.46
2024      5     11     01     54     00    000  11.43 -13.95 -10.45
2024      5     11     01     54     30    000  11.43 -13.95 -10.44
2024      5     11     01     55     00    000  11.43 -13.95 -10.43
2024      5     11     01     55     30    000  11.43 -13.94 -10.42
2024      5     11     01     56     00    000  11.43 -13.94 -10.42
2024      5     11     01     56     30    000  11.43 -13.94 -10.41
2024      5     11     01     57     00    000  11.43 -13.94 -10.40
2024      5     11     01     57     30    000  11.43 -13.94 -10.39
2024      5     11     01     58     00    000  11.43 -13.94 -10.38
2024      5     11     01     58     30    000  11.43 -13.93 -10.38
2024      5     11     01     59     00    000  11.43 -13.93 -10.37
2024      5     11     01     59     30    000  11.42 -13.93 -10.36
2024      5     11     02     00     00    000  11.42 -13.93 -10.35
2024      5     11     02     00     30    000  11.42 -13.93 -10.34
2024      5     11     02     01     00    000  11.42 -13.92 -10.34
2024      5     11     02     01     30    000  11.42 -13.92 -10.33
2024      5     11     02     02     00    000  11.42 -13.92 -10.32
2024      5     11     02     02     30    000  11.42 -13.92 -10.31
2024      5     11     02     03     00    000  11.42 -13.92 -10.30
2024      5     11     02     03     30    000  11.42 -13.91 -10.29
2024      5     11     02     04     00    000  11.42 -13.91 -10.29
2024      5     11     02     04     30    000  11.42 -13.91 -10.28
2024      5     11     02     05     00    000  11.42 -13.91 -10.27
2024      5     11     02     05     30    000  11.41 -13.91 -10.26
2024      5     11     02     06     00    000  11.41 -13.90 -10.25
2024      5     11     02     06     30    000  11.41 -13.90 -10.25
2024      5     11     02     07     00    000  11.41 -13.90 -10.24
2024      5     11     02     07     30    000  11.41 -13.90 -10.23
2024      5     11     02     08     00    000  11.41 -13.90 -10.22
2024      5     11     02     08     30    000  11.41 -13.89 -10.21
2024      5     11     02     09     00    000  11.41 -13.89 -10.20
2024      5     11     02     09     30    000  11.41 -13.89 -10.20
2024      5     11     02     10     00    000  11.41 -13.89 -10.19
2024      5     11     02     10     30    000  11.41 -13.89 -10.18
2024      5     11     02     11     00    000  11.40 -13.88 -10.17
2024      5     11     02     11     30    000  11.40 -13.88 -10.16
2024      5     11     02     12     00    000  11.40 -13.88 -10.15
2024      5     11     02     12     30    000  11.40 -13.88 -10.15
2024      5     11     02     13     00    000  11.40 -13.88 -10.14
2024      5     11     02     13     30    000  11.40 -13.87 -10.13
2024      5     11     02     14     00    000  11.40 -13.87 -10.12
2024      5     11     02     14     30    000  11.40 -13.87 -10.11
2024      5     11     02     15     00    000  11.40 -13.87 -10.10
2024      5     11     02     15     30    000  11.40 -13.87 -10.10
2024      5     11     02     16     00    000  11.39 -13.86 -10.09
2024      5     11     02     16     30    000  11.39 -13.86 -10.08
2024      5     11     02     17     00    000  11.39 -13.86 -10.07
2024      5     11     02     17     30    000  11.39 -13.86 -10.06
2024      5     11     02     18     00    000  11.39 -13.86 -10.05
2024      5     11     02     18     30    000  11.39 -13.85 -10.05
2024      5     11     02     19     00    000  11.39 -13.85 -10.04
2024      5     11     02     19     30    000  11.39 -13.85 -10.03
2024      5     11     02     20     00    000  11.39 -13.85 -10.02
2024      5     11     02     20     30    000  11.39 -13.85 -10.01
2024      5     11     02     21     00    000  11.39 -13.84 -10.00
2024      5     11     02     21     30    000  11.38 -13.84 -10.00
2024      5     11     02     22     00    000  11.38 -13.84  -9.99
2024      5     11     02     22     30    000  11.38 -13.84  -9.98
2024      5     11     02     23     00    000  11.38 -13.84  -9.97
2024      5     11     02     23     30    000  11.38 -13.83  -9.96
2024      5     11     02     24     00    000  11.38 -13.83  -9.95
2024      5     11     02     24     30    000  11.38 -13.83  -9.95
2024      5     11     02     25     00    000  11.38 -13.83  -9.94
2024      5     11     02     25     30    000  11.38 -13.83  -9.93
2024      5     11     02     26     00    000  11.38 -13.82  -9.92
2024      5     11     02     26     30    000  11.37 -13.82  -9.91
2024      5     11     02     27     00    000  11.37 -13.82  -9.90
2024      5     11     02     27     30    000  11.37 -13.82  -9.90
2024      5     11     02     28     00    000  11.37 -13.82  -9.89
2024      5     11     02     28     30    000  11.37 -13.81  -9.88
2024      5     11     02     29     00    000  11.37 -13.81  -9.87
2024      5     11     02     29     30    000  11.37 -13.81  -9.86
2024      5     11     02     30     00    000  11.37 -13.81  -9.85
2024      5     11     02     30     30    000  11.37 -13.81  -9.84
2024      5     11     02     31     00    000  11.37 -13.80  -9.84
2024      5     11     02     31     30    000  11.36 -13.80  -9.83
2024      5     11     02     32     00    000  11.36 -13.80  -9.82
2024      5     11     02     32     30    000  11.36 -13.80  -9.81
2024      5     11     02     33     00    000  11.36 -13.80  -9.80
2024      5     11     02     33     30    000  11.36 -13.79  -9.79
2024      5     11     02     34     00    000  11.36 -13.79  -9.79
2024      5     11     02     34     30    000  11.36 -13.79  -9.78
2024      5     11     02     35     00    000  11.36 -13.79  -9.77
2024      5     11     02     35     30    000  11.36 -13.78  -9.76
2024      5     11     02     36     00    000  11.36 -13.78  -9.75
2024      5     11     02     36     30    000  11.35 -13.78  -9.74
2024      5     11     02     37     00    000  11.35 -13.78  -9.73
2024      5     11     02     37     30    000  11.35 -13.78  -9.73
2024      5     11     02     38     00    000  11.35 -13.77  -9.72
2024      5     11     02     38     30    000  11.35 -13.77  -9.71
2024      5     11     02     39     00    000  11.35 -13.77  -9.70
2024      5     11     02     39     30    000  11.35 -13.77  -9.69
2024      5     11     02     40     00    000  11.35 -13.77  -9.68
2024      5     11     02     40     30    000  11.35 -13.76  -9.67
2024      5     11     02     41     00    000  11.35 -13.76  -9.67
2024      5     11     02     41     30    000  11.34 -13.76  -9.66
2024      5     11     02     42     00    000  11.34 -13.76  -9.65
2024      5     11     02     42     30    000  11.34 -13.76  -9.64
2024      5     11     02     43     00    000  11.34 -13.75  -9.63
2024      5     11     02     43     30    000  11.34 -13.75  -9.62
2024      5     11     02     44     00    000  11.34 -13.75  -9.61
2024      5     11     02     44     30    000  11.34 -13.75  -9.61
2024      5     11     02     45     00    000  11.34 -13.75  -9.60
2024      5     11     02     45     30    000  11.34 -13.74  -9.59
2024      5     11     02     46     00    000  11.33 -13.74  -9.58
2024      5     11     02     46     30    000  11.33 -13.74  -9.57
2024      5     11     02     47     00    000  11.33 -13.74  -9.56
2024      5     11     02     47     30    000  11.33 -13.73  -9.55
2024      5     11     02     48     00    000  11.33 -13.73  -9.55
2024      5     11     02     48     30    000  11.33 -13.73  -9.54
2024      5     11     02     49     00    000  11.33 -13.73  -9.53
2024      5     11     02     49     30    000  11.33 -13.73  -9.52
2024      5     11     02     50     00    000  11.33 -13.72  -9.51
2024      5     11     02     50     30    000  11.33 -13.72  -9.50
2024      5     11     02     51     00    000  11.32 -13.72  -9.49
2024      5     11     02     51     30    000  11.32 -13.72  -9.48
2024      5     11     02     52     00    000  11.32 -13.71  -9.48
2024      5     11     02     52     30    000  11.32 -13.71  -9.47
2024      5     11     02     53     00    000  11.32 -13.71  -9.46
2024      5     11     02     53     30    000  11.32 -13.71  -9.45
2024      5     11     02     54     00    000  11.32 -13.71  -9.44
2024      5     11     02     54     30    000  11.32 -13.70  -9.43
2024      5     11     02     55     00    000  11.32 -13.70  -9.42
2024      5     11     02     55     30    000  11.31 -13.70  -9.42
2024      5     11     02     56     00    000  11.31 -13.70  -9.41
2024      5     11     02     56     30    000  11.31 -13.70  -9.40
2024      5     11     02     57     00    000  11.31 -13.69  -9.39
2024      5     11     02     57     30    000  11.31 -13.69  -9.38
2024      5     11     02     58     00    000  11.31 -13.69  -9.37
2024      5     11     02     58     30    000  11.31 -13.69  -9.36
2024      5     11     02     59     00    000  11.31 -13.68  -9.35
2024      5     11     02     59     30    000  11.31 -13.68  -9.35
2024      5     11     03     00     00    000  11.30 -13.68  -9.34
2024      5     11     03     00     30    000  11.30 -13.68  -9.33
2024      5     11     03     01     00    000  11.30 -13.68  -9.32
2024      5     11     03     01     30    000  11.30 -13.67  -9.31
2024      5     11     03     02     00    000  11.30 -13.67  -9.30
2024      5     11     03     02     30    000  11.30 -13.67  -9.29
2024      5     11     03     03     00    000  11.30 -13.67  -9.28
2024      5     11     03     03     30    000  11.30 -13.66  -9.28
2024      5     11     03     04     00    000  11.30 -13.66  -9.27
2024      5     11     03     04     30    000  11.29 -13.66  -9.26
2024      5     11     03     05     00    000  11.29 -13.66  -9.25
2024      5     11     03     05     30    000  11.29 -13.66  -9.24
2024      5     11     03     06     00    000  11.29 -13.65  -9.23
2024      5     11     03     06     30    000  11.29 -13.65  -9.22
2024      5     11     03     07     00    000  11.29 -13.65  -9.21
2024      5     11     03     07     30    000  11.29 -13.65  -9.21
2024      5     11     03     08     00    000  11.29 -13.64  -9.20
2024      5     11     03     08     30    000  11.29 -13.64  -9.19
2024      5     11     03     09     00    000  11.28 -13.64  -9.18
2024      5     11     03     09     30    000  11.28 -13.64  -9.17
2024      5     11     03     10     00    000  11.28 -13.63  -9.16
2024      5     11     03     10     30    000  11.28 -13.63  -9.15
2024      5     11     03     11     00    000  11.28 -13.63  -9.14
2024      5     11     03     11     30    000  11.28 -13.63  -9.14
2024      5     11     03     12     00    000  11.28 -13.63  -9.13
2024      5     11     03     12     30    000  11.28 -13.62  -9.12
2024      5     11     03     13     00    000  11.28 -13.62  -9.11
2024      5     11     03     13     30    000  11.27 -13.62  -9.10
2024      5     11     03     14     00    000  11.27 -13.62  -9.09
2024      5     11     03     14     30    000  11.27 -13.61  -9.08
2024      5     11     03     15     00    000  11.27 -13.61  -9.07
2024      5     11     03     15     30    000  11.27 -13.61  -9.06
2024      5     11     03     16     00    000  11.27 -13.61  -9.06
2024      5     11     03     16     30    000  11.27 -13.60  -9.05
2024      5     11     03     17     00    000  11.27 -13.60  -9.04
2024      5     11     03     17     30    000  11.26 -13.60  -9.03
2024      5     11     03     18     00    000  11.26 -13.60  -9.02
2024      5     11     03     18     30    000  11.26 -13.59  -9.01
2024      5     11     03     19     00    000  11.26 -13.59  -9.00
2024      5     11     03     19     30    000  11.26 -13.59  -8.99
2024      5     11     03     20     00    000  11.26 -13.59  -8.98
2024      5     11     03     20     30    000  11.26 -13.59  -8.98
2024      5     11     03     21     00    000  11.26 -13.58  -8.97
2024      5     11     03     21     30    000  11.26 -13.58  -8.96
2024      5     11     03     22     00    000  11.25 -13.58  -8.95
2024      5     11     03     22     30    000  11.25 -13.58  -8.94
2024      5     11     03     23     00    000  11.25 -13.57  -8.93
2024      5     11     03     23     30    000  11.25 -13.57  -8.92
2024      5     11     03     24     00    000  11.25 -13.57  -8.91
2024      5     11     03     24     30    000  11.25 -13.57  -8.91
2024      5     11     03     25     00    000  11.25 -13.56  -8.90
2024      5     11     03     25     30    000  11.25 -13.56  -8.89
2024      5     11     03     26     00    000  11.24 -13.56  -8.88
2024      5     11     03     26     30    000  11.24 -13.56  -8.87
2024      5     11     03     27     00    000  11.24 -13.55  -8.86
2024      5     11     03     27     30    000  11.24 -13.55  -8.85
2024      5     11     03     28     00    000  11.24 -13.55  -8.84
2024      5     11     03     28     30    000  11.24 -13.55  -8.83
2024      5     11     03     29     00    000  11.24 -13.54  -8.83
2024      5     11     03     29     30    000  11.24 -13.54  -8.82
2024      5     11     03     30     00    000  11.23 -13.54  -8.81
2024      5     11     03     30     30    000  11.23 -13.54  -8.80
2024      5     11     03     31     00    000  11.23 -13.53  -8.79
2024      5     11     03     31     30    000  11.23 -13.53  -8.78
2024      5     11     03     32     00    000  11.23 -13.53  -8.77
2024      5     11     03     32     30    000  11.23 -13.53  -8.76
2024      5     11     03     33     00    000  11.23 -13.52  -8.75
2024      5     11     03     33     30    000  11.23 -13.52  -8.75
2024      5     11     03     34     00    000  11.23 -13.52  -8.74
2024      5     11     03     34     30    000  11.22 -13.52  -8.73
2024      5     11     03     35     00    000  11.22 -13.51  -8.72
2024      5     11     03     35     30    000  11.22 -13.51  -8.71
2024      5     11     03     36     00    000  11.22 -13.51  -8.70
2024      5     11     03     36     30    000  11.22 -13.51  -8.69
2024      5     11     03     37     00    000  11.22 -13.50  -8.68
2024      5     11     03     37     30    000  11.22 -13.50  -8.67
2024      5     11     03     38     00    000  11.22 -13.50  -8.66
2024      5     11     03     38     30    000  11.21 -13.50  -8.66
2024      5     11     03     39     00    000  11.21 -13.49  -8.65
2024      5     11     03     39     30    000  11.21 -13.49  -8.64
2024      5     11     03     40     00    000  11.21 -13.49  -8.63
2024      5     11     03     40     30    000  11.21 -13.49  -8.62
2024      5     11     03     41     00    000  11.21 -13.48  -8.61
2024      5     11     03     41     30    000  11.21 -13.48  -8.60
2024      5     11     03     42     00    000  11.21 -13.48  -8.59
2024      5     11     03     42     30    000  11.20 -13.48  -8.58
2024      5     11     03     43     00    000  11.20 -13.47  -8.58
2024      5     11     03     43     30    000  11.20 -13.47  -8.57
2024      5     11     03     44     00    000  11.20 -13.47  -8.56
2024      5     11     03     44     30    000  11.20 -13.47  -8.55
2024      5     11     03     45     00    000  11.20 -13.46  -8.54
2024      5     11     03     45     30    000  11.20 -13.46  -8.53
2024      5     11     03     46     00    000  11.19 -13.46  -8.52
2024      5     11     03     46     30    000  11.19 -13.45  -8.51
2024      5     11     03     47     00    000  11.19 -13.45  -8.50
2024      5     11     03     47     30    000  11.19 -13.45  -8.50
2024      5     11     03     48     00    000  11.19 -13.45  -8.49
2024      5     11     03     48     30    000  11.19 -13.44  -8.48
2024      5     11     03     49     00    000  11.19 -13.44  -8.47
2024      5     11     03     49     30    000  11.19 -13.44  -8.46
2024      5     11     03     50     00    000  11.18 -13.44  -8.45
2024      5     11     03     50     30    000  11.18 -13.43  -8.44
2024      5     11     03     51     00    000  11.18 -13.43  -8.43
2024      5     11     03     51     30    000  11.18 -13.43  -8.42
2024      5     11     03     52     00    000  11.18 -13.43  -8.41
2024      5     11     03     52     30    000  11.18 -13.42  -8.41
2024      5     11     03     53     00    000  11.18 -13.42  -8.40
2024      5     11     03     53     30    000  11.18 -13.42  -8.39
2024      5     11     03     54     00    000  11.17 -13.41  -8.38
2024      5     11     03     54     30    000  11.17 -13.41  -8.37
2024      5     11     03     55     00    000  11.17 -13.41  -8.36
2024      5     11     03     55     30    000  11.17 -13.41  -8.35
2024      5     11     03     56     00    000  11.17 -13.40  -8.34
2024      5     11     03     56     30    000  11.17 -13.40  -8.33
2024      5     11     03     57     00    000  11.17 -13.40  -8.32
2024      5     11     03     57     30    000  11.16 -13.39  -8.32
2024      5     11     03     58     00    000  11.16 -13.39  -8.31
2024      5     11     03     58     30    000  11.16 -13.39  -8.30
2024      5     11     03     59     00    000  11.16 -13.39  -8.29
2024      5     11     03     59     30    000  11.16 -13.38  -8.28
2024      5     11     04     00     00    000  11.16 -13.38  -8.27
2024      5     11     04     00     30    000  11.16 -13.38  -8.26
2024      5     11     04     01     00    000  11.16 -13.38  -8.25
2024      5     11     04     01     30    000  11.15 -13.37  -8.24
2024      5     11     04     02     00    000  11.15 -13.37  -8.24
2024      5     11     04     02     30    000  11.15 -13.37  -8.23
2024      5     11     04     03     00    000  11.15 -13.36  -8.22
2024      5     11     04     03     30    000  11.15 -13.36  -8.21
2024      5     11     04     04     00    000  11.15 -13.36  -8.20
2024      5     11     04     04     30    000  11.15 -13.36  -8.19
2024      5     11     04     05     00    000  11.14 -13.35  -8.18
2024      5     11     04     05     30    000  11.14 -13.35  -8.17
2024      5     11     04     06     00    000  11.14 -13.35  -8.16
2024      5     11     04     06     30    000  11.14 -13.34  -8.15
2024      5     11     04     07     00    000  11.14 -13.34  -8.15
2024      5     11     04     07     30    000  11.14 -13.34  -8.14
2024      5     11     04     08     00    000  11.14 -13.34  -8.13
2024      5     11     04     08     30    000  11.14 -13.33  -8.12
2024      5     11     04     09     00    000  11.13 -13.33  -8.11
2024      5     11     04     09     30    000  11.13 -13.33  -8.10
2024      5     11     04     10     00    000  11.13 -13.32  -8.09
2024      5     11     04     10     30    000  11.13 -13.32  -8.08
2024      5     11     04     11     00    000  11.13 -13.32  -8.07
2024      5     11     04     11     30    000  11.13 -13.31  -8.06
2024      5     11     04     12     00    000  11.13 -13.31  -8.06
2024      5     11     04     12     30    000  11.12 -13.31  -8.05
2024      5     11     04     13     00    000  11.12 -13.31  -8.04
2024      5     11     04     13     30    000  11.12 -13.30  -8.03
2024      5     11     04     14     00    000  11.12 -13.30  -8.02
2024      5     11     04     14     30    000  11.12 -13.30  -8.01
2024      5     11     04     15     00    000  11.12 -13.29  -8.00
2024      5     11     04     15     30    000  11.12 -13.29  -7.99
2024      5     11     04     16     00    000  11.11 -13.29  -7.98
2024      5     11     04     16     30    000  11.11 -13.28  -7.97
2024      5     11     04     17     00    000  11.11 -13.28  -7.97
2024      5     11     04     17     30    000  11.11 -13.28  -7.96
2024      5     11     04     18     00    000  11.11 -13.28  -7.95
2024      5     11     04     18     30    000  11.11 -13.27  -7.94
2024      5     11     04     19     00    000  11.11 -13.27  -7.93
2024      5     11     04     19     30    000  11.10 -13.27  -7.92
2024      5     11     04     20     00    000  11.10 -13.26  -7.91
2024      5     11     04     20     30    000  11.10 -13.26  -7.90
2024      5     11     04     21     00    000  11.10 -13.26  -7.89
2024      5     11     04     21     30    000  11.10 -13.25  -7.89
2024      5     11     04     22     00    000  11.10 -13.25  -7.88
2024      5     11     04     22     30    000  11.10 -13.25  -7.87
2024      5     11     04     23     00    000  11.09 -13.24  -7.86
2024      5     11     04     23     30    000  11.09 -13.24  -7.85
2024      5     11     04     24     00    000  11.09 -13.24  -7.84
2024      5     11     04     24     30    000  11.09 -13.24  -7.83
2024      5     11     04     25     00    000  11.09 -13.23  -7.82
2024      5     11     04     25     30    000  11.09 -13.23  -7.81
2024      5     11     04     26     00    000  11.09 -13.23  -7.80
2024      5     11     04     26     30    000  11.08 -13.22  -7.80
2024      5     11     04     27     00    000  11.08 -13.22  -7.79
2024      5     11     04     27     30    000  11.08 -13.22  -7.78
2024      5     11     04     28     00    000  11.08 -13.21  -7.77
2024      5     11     04     28     30    000  11.08 -13.21  -7.76
2024      5     11     04     29     00    000  11.08 -13.21  -7.75
2024      5     11     04     29     30    000  11.08 -13.20  -7.74
2024      5     11     04     30     00    000  11.07 -13.20  -7.73
2024      5     11     04     30     30    000  11.07 -13.20  -7.72
2024      5     11     04     31     00    000  11.07 -13.19  -7.71
2024      5     11     04     31     30    000  11.07 -13.19  -7.71
2024      5     11     04     32     00    000  11.07 -13.19  -7.70
2024      5     11     04     32     30    000  11.07 -13.18  -7.69
2024      5     11     04     33     00    000  11.06 -13.18  -7.68
2024      5     11     04     33     30    000  11.06 -13.18  -7.67
2024      5     11     04     34     00    000  11.06 -13.17  -7.66
2024      5     11     04     34     30    000  11.06 -13.17  -7.65
2024      5     11     04     35     00    000  11.06 -13.17  -7.64
2024      5     11     04     35     30    000  11.06 -13.17  -7.63
2024      5     11     04     36     00    000  11.06 -13.16  -7.63
2024      5     11     04     36     30    000  11.05 -13.16  -7.62
2024      5     11     04     37     00    000  11.05 -13.16  -7.61
2024      5     11     04     37     30    000  11.05 -13.15  -7.60
2024      5     11     04     38     00    000  11.05 -13.15  -7.59
2024      5     11     04     38     30    000  11.05 -13.15  -7.58
2024      5     11     04     39     00    000  11.05 -13.14  -7.57
2024      5     11     04     39     30    000  11.05 -13.14  -7.56
2024      5     11     04     40     00    000  11.04 -13.14  -7.55
2024      5     11     04     40     30    000  11.04 -13.13  -7.54
2024      5     11     04     41     00    000  11.04 -13.13  -7.54
2024      5     11     04     41     30    000  11.04 -13.13  -7.53
2024      5     11     04     42     00    000  11.04 -13.12  -7.52
2024      5     11     04     42     30    000  11.04 -13.12  -7.51
2024      5     11     04     43     00    000  11.03 -13.12  -7.50
2024      5     11     04     43     30    000  11.03 -13.11  -7.49
2024      5     11     04     44     00    000  11.03 -13.11  -7.48
2024      5     11     04     44     30    000  11.03 -13.10  -7.47
2024      5     11     04     45     00    000  11.03 -13.10  -7.46
2024      5     11     04     45     30    000  11.03 -13.10  -7.46
2024      5     11     04     46     00    000  11.03 -13.09  -7.45
2024      5     11     04     46     30    000  11.02 -13.09  -7.44
2024      5     11     04     47     00    000  11.02 -13.09  -7.43
2024      5     11     04     47     30    000  11.02 -13.08  -7.42
2024      5     11     04     48     00    000  11.02 -13.08  -7.41
2024      5     11     04     48     30    000  11.02 -13.08  -7.40
2024      5     11     04     49     00    000  11.02 -13.07  -7.39
2024      5     11     04     49     30    000  11.01 -13.07  -7.38
2024      5     11     04     50     00    000  11.01 -13.07  -7.38
2024      5     11     04     50     30    000  11.01 -13.06  -7.37
2024      5     11     04     51     00    000  11.01 -13.06  -7.36
2024      5     11     04     51     30    000  11.01 -13.06  -7.35
2024      5     11     04     52     00    000  11.01 -13.05  -7.34
2024      5     11     04     52     30    000  11.01 -13.05  -7.33
2024      5     11     04     53     00    000  11.00 -13.05  -7.32
2024      5     11     04     53     30    000  11.00 -13.04  -7.31
2024      5     11     04     54     00    000  11.00 -13.04  -7.30
2024      5     11     04     54     30    000  11.00 -13.04  -7.30
2024      5     11     04     55     00    000  11.00 -13.03  -7.29
2024      5     11     04     55     30    000  11.00 -13.03  -7.28
2024      5     11     04     56     00    000  10.99 -13.02  -7.27
2024      5     11     04     56     30    000  10.99 -13.02  -7.26
2024      5     11     04     57     00    000  10.99 -13.02  -7.25
2024      5     11     04     57     30    000  10.99 -13.01  -7.24
2024      5     11     04     58     00    000  10.99 -13.01  -7.23
2024      5     11     04     58     30    000  10.99 -13.01  -7.22
2024      5     11     04     59     00    000  10.98 -13.00  -7.22
2024      5     11     04     59     30    000  10.98 -13.00  -7.21
2024      5     11     05     00     00    000  10.98 -13.00  -7.20
2024      5     11     05     00     30    000  10.98 -12.99  -7.19
2024      5     11     05     01     00    000  10.98 -12.99  -7.18
2024      5     11     05     01     30    000  10.98 -12.98  -7.17
2024      5     11     05     02     00    000  10.98 -12.98  -7.16
2024      5     11     05     02     30    000  10.97 -12.98  -7.15
2024      5     11     05     03     00    000  10.97 -12.97  -7.14
2024      5     11     05     03     30    000  10.97 -12.97  -7.14
2024      5     11     05     04     00    000  10.97 -12.97  -7.13
2024      5     11     05     04     30    000  10.97 -12.96  -7.12
2024      5     11     05     05     00    000  10.97 -12.96  -7.11
2024      5     11     05     05     30    000  10.96 -12.95  -7.10
2024      5     11     05     06     00    000  10.96 -12.95  -7.09
2024      5     11     05     06     30    000  10.96 -12.95  -7.08
2024      5     11     05     07     00    000  10.96 -12.94  -7.07
2024      5     11     05     07     30    000  10.96 -12.94  -7.07
2024      5     11     05     08     00    000  10.96 -12.94  -7.06
2024      5     11     05     08     30    000  10.95 -12.93  -7.05
2024      5     11     05     09     00    000  10.95 -12.93  -7.04
2024      5     11     05     09     30    000  10.95 -12.92  -7.03
2024      5     11     05     10     00    000  10.95 -12.92  -7.02
2024      5     11     05     10     30    000  10.95 -12.92  -7.01
2024      5     11     05     11     00    000  10.95 -12.91  -7.00
2024      5     11     05     11     30    000  10.94 -12.91  -6.99
2024      5     11     05     12     00    000  10.94 -12.91  -6.99
2024      5     11     05     12     30    000  10.94 -12.90  -6.98
2024      5     11     05     13     00    000  10.94 -12.90  -6.97
2024      5     11     05     13     30    000  10.94 -12.89  -6.96
2024      5     11     05     14     00    000  10.94 -12.89  -6.95
2024      5     11     05     14     30    000  10.93 -12.89  -6.94
2024      5     11     05     15     00    000  10.93 -12.88  -6.93
2024      5     11     05     15     30    000  10.93 -12.88  -6.92
2024      5     11     05     16     00    000  10.93 -12.87  -6.92
2024      5     11     05     16     30    000  10.93 -12.87  -6.91
2024      5     11     05     17     00    000  10.93 -12.87  -6.90
2024      5     11     05     17     30    000  10.92 -12.86  -6.89
2024      5     11     05     18     00    000  10.92 -12.86  -6.88
2024      5     11     05     18     30    000  10.92 -12.86  -6.87
2024      5     11     05     19     00    000  10.92 -12.85  -6.86
2024      5     11     05     19     30    000  10.92 -12.85  -6.85
2024      5     11     05     20     00    000  10.92 -12.84  -6.85
2024      5     11     05     20     30    000  10.91 -12.84  -6.84
2024      5     11     05     21     00    000  10.91 -12.84  -6.83
2024      5     11     05     21     30    000  10.91 -12.83  -6.82
2024      5     11     05     22     00    000  10.91 -12.83  -6.81
2024      5     11     05     22     30    000  10.91 -12.82  -6.80
2024      5     11     05     23     00    000  10.91 -12.82  -6.79
2024      5     11     05     23     30    000  10.90 -12.82  -6.78
2024      5     11     05     24     00    000  10.90 -12.81  -6.78
2024      5     11     05     24     30    000  10.90 -12.81  -6.77
2024      5     11     05     25     00    000  10.90 -12.80  -6.76
2024      5     11     05     25     30    000  10.90 -12.80  -6.75
2024      5     11     05     26     00    000  10.89 -12.79  -6.74
2024      5     11     05     26     30    000  10.89 -12.79  -6.73
2024      5     11     05     27     00    000  10.89 -12.79  -6.72
2024      5     11     05     27     30    000  10.89 -12.78  -6.71
2024      5     11     05     28     00    000  10.89 -12.78  -6.71
2024      5     11     05     28     30    000  10.89 -12.77  -6.70
2024      5     11     05     29     00    000  10.88 -12.77  -6.69
2024      5     11     05     29     30    000  10.88 -12.77  -6.68
2024      5     11     05     30     00    000  10.88 -12.76  -6.67
2024      5     11     05     30     30    000  10.88 -12.76  -6.66
2024      5     11     05     31     00    000  10.88 -12.75  -6.65
2024      5     11     05     31     30    000  10.88 -12.75  -6.65
2024      5     11     05     32     00    000  10.87 -12.75  -6.64
2024      5     11     05     32     30    000  10.87 -12.74  -6.63
2024      5     11     05     33     00    000  10.87 -12.74  -6.62
2024      5     11     05     33     30    000  10.87 -12.73  -6.61
2024      5     11     05     34     00    000  10.87 -12.73  -6.60
2024      5     11     05     34     30    000  10.87 -12.72  -6.59
2024      5     11     05     35     00    000  10.86 -12.72  -6.58
2024      5     11     05     35     30    000  10.86 -12.72  -6.58
2024      5     11     05     36     00    000  10.86 -12.71  -6.57
2024      5     11     05     36     30    000  10.86 -12.71  -6.56
2024      5     11     05     37     00    000  10.86 -12.70  -6.55
2024      5     11     05     37     30    000  10.85 -12.70  -6.54
2024      5     11     05     38     00    000  10.85 -12.69  -6.53
2024      5     11     05     38     30    000  10.85 -12.69  -6.52
2024      5     11     05     39     00    000  10.85 -12.69  -6.52
2024      5     11     05     39     30    000  10.85 -12.68  -6.51
2024      5     11     05     40     00    000  10.85 -12.68  -6.50
2024      5     11     05     40     30    000  10.84 -12.67  -6.49
2024      5     11     05     41     00    000  10.84 -12.67  -6.48
2024      5     11     05     41     30    000  10.84 -12.66  -6.47
2024      5     11     05     42     00    000  10.84 -12.66  -6.46
2024      5     11     05     42     30    000  10.84 -12.66  -6.46
2024      5     11     05     43     00    000  10.83 -12.65  -6.45
2024      5     11     05     43     30    000  10.83 -12.65  -6.44
2024      5     11     05     44     00    000  10.83 -12.64  -6.43
2024      5     11     05     44     30    000  10.83 -12.64  -6.42
2024      5     11     05     45     00    000  10.83 -12.63  -6.41
2024      5     11     05     45     30    000  10.83 -12.63  -6.40
2024      5     11     05     46     00    000  10.82 -12.63  -6.40
2024      5     11     05     46     30    000  10.82 -12.62  -6.39
2024      5     11     05     47     00    000  10.82 -12.62  -6.38
2024      5     11     05     47     30    000  10.82 -12.61  -6.37
2024      5     11     05     48     00    000  10.82 -12.61  -6.36
2024      5     11     05     48     30    000  10.81 -12.60  -6.35
2024      5     11     05     49     00    000  10.81 -12.60  -6.34
2024      5     11     05     49     30    000  10.81 -12.59  -6.34
2024      5     11     05     50     00    000  10.81 -12.59  -6.33
2024      5     11     05     50     30    000  10.81 -12.59  -6.32
2024      5     11     05     51     00    000  10.81 -12.58  -6.31
2024      5     11     05     51     30    000  10.80 -12.58  -6.30
2024      5     11     05     52     00    000  10.80 -12.57  -6.29
2024      5     11     05     52     30    000  10.80 -12.57  -6.29
2024      5     11     05     53     00    000  10.80 -12.56  -6.28
2024      5     11     05     53     30    000  10.80 -12.56  -6.27
2024      5     11     05     54     00    000  10.79 -12.55  -6.26
2024      5     11     05     54     30    000  10.79 -12.55  -6.25
2024      5     11     05     55     00    000  10.79 -12.54  -6.24
2024      5     11     05     55     30    000  10.79 -12.54  -6.23
2024      5     11     05     56     00    000  10.79 -12.54  -6.23
2024      5     11     05     56     30    000  10.78 -12.53  -6.22
2024      5     11     05     57     00    000  10.78 -12.53  -6.21
2024      5     11     05     57     30    000  10.78 -12.52  -6.20
2024      5     11     05     58     00    000  10.78 -12.52  -6.19
2024      5     11     05     58     30    000  10.78 -12.51  -6.18
2024      5     11     05     59     00    000  10.78 -12.51  -6.18
2024      5     11     05     59     30    000  10.77 -12.50  -6.17
2024      5     11     06     00     00    000  10.77 -12.50  -6.16
2024      5     11     06     00     30    000  10.77 -12.49  -6.15
2024      5     11     06     01     00    000  10.77 -12.49  -6.14
2024      5     11     06     01     30    000  10.77 -12.48  -6.13
2024      5     11     06     02     00    000  10.76 -12.48  -6.12
2024      5     11     06     02     30    000  10.76 -12.48  -6.12
2024      5     11     06     03     00    000  10.76 -12.47  -6.11
2024      5     11     06     03     30    000  10.76 -12.47  -6.10
2024      5     11     06     04     00    000  10.76 -12.46  -6.09
2024      5     11     06     04     30    000  10.75 -12.46  -6.08
2024      5     11     06     05     00    000  10.75 -12.45  -6.07
2024      5     11     06     05     30    000  10.75 -12.45  -6.07
2024      5     11     06     06     00    000  10.75 -12.44  -6.06
2024      5     11     06     06     30    000  10.75 -12.44  -6.05
2024      5     11     06     07     00    000  10.74 -12.43  -6.04
2024      5     11     06     07     30    000  10.74 -12.43  -6.03
2024      5     11     06     08     00    000  10.74 -12.42  -6.02
2024      5     11     06     08     30    000  10.74 -12.42  -6.02
2024      5     11     06     09     00    000  10.74 -12.41  -6.01
2024      5     11     06     09     30    000  10.73 -12.41  -6.00
2024      5     11     06     10     00    000  10.73 -12.40  -5.99
2024      5     11     06     10     30    000  10.73 -12.40  -5.98
2024      5     11     06     11     00    000  10.73 -12.39  -5.97
2024      5     11     06     11     30    000  10.73 -12.39  -5.97
2024      5     11     06     12     00    000  10.73 -12.38  -5.96
2024      5     11     06     12     30    000  10.72 -12.38  -5.95
2024      5     11     06     13     00    000  10.72 -12.37  -5.94
2024      5     11     06     13     30    000  10.72 -12.37  -5.93
2024      5     11     06     14     00    000  10.72 -12.36  -5.93
2024      5     11     06     14     30    000  10.72 -12.36  -5.92
2024      5     11     06     15     00    000  10.71 -12.36  -5.91
2024      5     11     06     15     30    000  10.71 -12.35  -5.90
2024      5     11     06     16     00    000  10.71 -12.35  -5.89
2024      5     11     06     16     30    000  10.71 -12.34  -5.88
2024      5     11     06     17     00    000  10.71 -12.34  -5.88
2024      5     11     06     17     30    000  10.70 -12.33  -5.87
2024      5     11     06     18     00    000  10.70 -12.33  -5.86
2024      5     11     06     18     30    000  10.70 -12.32  -5.85
2024      5     11     06     19     00    000  10.70 -12.32  -5.84
2024      5     11     06     19     30    000  10.70 -12.31  -5.83
2024      5     11     06     20     00    000  10.69 -12.31  -5.83
2024      5     11     06     20     30    000  10.69 -12.30  -5.82
2024      5     11     06     21     00    000  10.69 -12.30  -5.81
2024      5     11     06     21     30    000  10.69 -12.29  -5.80
2024      5     11     06     22     00    000  10.69 -12.29  -5.79
2024      5     11     06     22     30    000  10.68 -12.28  -5.79
2024      5     11     06     23     00    000  10.68 -12.28  -5.78
2024      5     11     06     23     30    000  10.68 -12.27  -5.77
2024      5     11     06     24     00    000  10.68 -12.27  -5.76
2024      5     11     06     24     30    000  10.67 -12.26  -5.75
2024      5     11     06     25     00    000  10.67 -12.25  -5.74
2024      5     11     06     25     30    000  10.67 -12.25  -5.74
2024      5     11     06     26     00    000  10.67 -12.24  -5.73
2024      5     11     06     26     30    000  10.67 -12.24  -5.72
2024      5     11     06     27     00    000  10.66 -12.23  -5.71
2024      5     11     06     27     30    000  10.66 -12.23  -5.70
2024      5     11     06     28     00    000  10.66 -12.22  -5.70
2024      5     11     06     28     30    000  10.66 -12.22  -5.69
2024      5     11     06     29     00    000  10.66 -12.21  -5.68
2024      5     11     06     29     30    000  10.65 -12.21  -5.67
2024      5     11     06     30     00    000  10.65 -12.20  -5.66
2024      5     11     06     30     30    000  10.65 -12.20  -5.66
2024      5     11     06     31     00    000  10.65 -12.19  -5.65
2024      5     11     06     31     30    000  10.65 -12.19  -5.64
2024      5     11     06     32     00    000  10.64 -12.18  -5.63
2024      5     11     06     32     30    000  10.64 -12.18  -5.62
2024      5     11     06     33     00    000  10.64 -12.17  -5.62
2024      5     11     06     33     30    000  10.64 -12.17  -5.61
2024      5     11     06     34     00    000  10.64 -12.16  -5.60
2024      5     11     06     34     30    000  10.63 -12.16  -5.59
2024      5     11     06     35     00    000  10.63 -12.15  -5.58
2024      5     11     06     35     30    000  10.63 -12.15  -5.58
2024      5     11     06     36     00    000  10.63 -12.14  -5.57
2024      5     11     06     36     30    000  10.63 -12.14  -5.56
2024      5     11     06     37     00    000  10.62 -12.13  -5.55
2024      5     11     06     37     30    000  10.62 -12.12  -5.54
2024      5     11     06     38     00    000  10.62 -12.12  -5.54
2024      5     11     06     38     30    000  10.62 -12.11  -5.53
2024      5     11     06     39     00    000  10.61 -12.11  -5.52
2024      5     11     06     39     30    000  10.61 -12.10  -5.51
2024      5     11     06     40     00    000  10.61 -12.10  -5.50
2024      5     11     06     40     30    000  10.61 -12.09  -5.50
2024      5     11     06     41     00    000  10.61 -12.09  -5.49
2024      5     11     06     41     30    000  10.60 -12.08  -5.48
2024      5     11     06     42     00    000  10.60 -12.08  -5.47
2024      5     11     06     42     30    000  10.60 -12.07  -5.46
2024      5     11     06     43     00    000  10.60 -12.07  -5.46
2024      5     11     06     43     30    000  10.60 -12.06  -5.45
2024      5     11     06     44     00    000  10.59 -12.05  -5.44
2024      5     11     06     44     30    000  10.59 -12.05  -5.43
2024      5     11     06     45     00    000  10.59 -12.04  -5.42
2024      5     11     06     45     30    000  10.59 -12.04  -5.42
2024      5     11     06     46     00    000  10.58 -12.03  -5.41
2024      5     11     06     46     30    000  10.58 -12.03  -5.40
2024      5     11     06     47     00    000  10.58 -12.02  -5.39
2024      5     11     06     47     30    000  10.58 -12.02  -5.38
2024      5     11     06     48     00    000  10.58 -12.01  -5.38
2024      5     11     06     48     30    000  10.57 -12.01  -5.37
2024      5     11     06     49     00    000  10.57 -12.00  -5.36
2024      5     11     06     49     30    000  10.57 -11.99  -5.35
2024      5     11     06     50     00    000  10.57 -11.99  -5.35
2024      5     11     06     50     30    000  10.57 -11.98  -5.34
2024      5     11     06     51     00    000  10.56 -11.98  -5.33
2024      5     11     06     51     30    000  10.56 -11.97  -5.32
2024      5     11     06     52     00    000  10.56 -11.97  -5.31
2024      5     11     06     52     30    000  10.56 -11.96  -5.31
2024      5     11     06     53     00    000  10.55 -11.96  -5.30
2024      5     11     06     53     30    000  10.55 -11.95  -5.29
2024      5     11     06     54     00    000  10.55 -11.94  -5.28
2024      5     11     06     54     30    000  10.55 -11.94  -5.28
2024      5     11     06     55     00    000  10.55 -11.93  -5.27
2024      5     11     06     55     30    000  10.54 -11.93  -5.26
2024      5     11     06     56     00    000  10.54 -11.92  -5.25
2024      5     11     06     56     30    000  10.54 -11.92  -5.24
2024      5     11     06     57     00    000  10.54 -11.91  -5.24
2024      5     11     06     57     30    000  10.53 -11.90  -5.23
2024      5     11     06     58     00    000  10.53 -11.90  -5.22
2024      5     11     06     58     30    000  10.53 -11.89  -5.21
2024      5     11     06     59     00    000  10.53 -11.89  -5.21
2024      5     11     06     59     30    000  10.53 -11.88  -5.20
2024      5     11     07     00     00    000  10.52 -11.88  -5.19
2024      5     11     07     00     30    000  10.52 -11.87  -5.18
2024      5     11     07     01     00    000  10.52 -11.86  -5.18
2024      5     11     07     01     30    000  10.52 -11.86  -5.17
2024      5     11     07     02     00    000  10.51 -11.85  -5.16
2024      5     11     07     02     30    000  10.51 -11.85  -5.15
2024      5     11     07     03     00    000  10.51 -11.84  -5.14
2024      5     11     07     03     30    000  10.51 -11.84  -5.14
2024      5     11     07     04     00    000  10.51 -11.83  -5.13
2024      5     11     07     04     30    000  10.50 -11.82  -5.12
2024      5     11     07     05     00    000  10.50 -11.82  -5.11
2024      5     11     07     05     30    000  10.50 -11.81  -5.11
2024      5     11     07     06     00    000  10.50 -11.81  -5.10
2024      5     11     07     06     30    000  10.49 -11.80  -5.09
2024      5     11     07     07     00    000  10.49 -11.79  -5.08
2024      5     11     07     07     30    000  10.49 -11.79  -5.08
2024      5     11     07     08     00    000  10.49 -11.78  -5.07
2024      5     11     07     08     30    000  10.48 -11.78  -5.06
2024      5     11     07     09     00    000  10.48 -11.77  -5.05
2024      5     11     07     09     30    000  10.48 -11.77  -5.05
2024      5     11     07     10     00    000  10.48 -11.76  -5.04
2024      5     11     07     10     30    000  10.48 -11.75  -5.03
2024      5     11     07     11     00    000  10.47 -11.75  -5.02
2024      5     11     07     11     30    000  10.47 -11.74  -5.02
2024      5     11     07     12     00    000  10.47 -11.74  -5.01
2024      5     11     07     12     30    000  10.47 -11.73  -5.00
2024      5     11     07     13     00    000  10.46 -11.72  -4.99
2024      5     11     07     13     30    000  10.46 -11.72  -4.99
2024      5     11     07     14     00    000  10.46 -11.71  -4.98
2024      5     11     07     14     30    000  10.46 -11.71  -4.97
2024      5     11     07     15     00    000  10.45 -11.70  -4.96
2024      5     11     07     15     30    000  10.45 -11.69  -4.96
2024      5     11     07     16     00    000  10.45 -11.69  -4.95
2024      5     11     07     16     30    000  10.45 -11.68  -4.94
2024      5     11     07     17     00    000  10.45 -11.68  -4.93
2024      5     11     07     17     30    000  10.44 -11.67  -4.93
2024      5     11     07     18     00    000  10.44 -11.66  -4.92
2024      5     11     07     18     30    000  10.44 -11.66  -4.91
2024      5     11     07     19     00    000  10.44 -11.65  -4.90
2024      5     11     07     19     30    000  10.43 -11.65  -4.90
2024      5     11     07     20     00    000  10.43 -11.64  -4.89
2024      5     11     07     20     30    000  10.43 -11.63  -4.88
2024      5     11     07     21     00    000  10.43 -11.63  -4.87
2024      5     11     07     21     30    000  10.42 -11.62  -4.87
2024      5     11     07     22     00    000  10.42 -11.61  -4.86
2024      5     11     07     22     30    000  10.42 -11.61  -4.85
2024      5     11     07     23     00    000  10.42 -11.60  -4.84
2024      5     11     07     23     30    000  10.41 -11.60  -4.84
2024      5     11     07     24     00    000  10.41 -11.59  -4.83
2024      5     11     07     24     30    000  10.41 -11.58  -4.82
2024      5     11     07     25     00    000  10.41 -11.58  -4.82
2024      5     11     07     25     30    000  10.40 -11.57  -4.81
2024      5     11     07     26     00    000  10.40 -11.57  -4.80
2024      5     11     07     26     30    000  10.40 -11.56  -4.79
2024      5     11     07     27     00    000  10.40 -11.55  -4.79
2024      5     11     07     27     30    000  10.39 -11.55  -4.78
2024      5     11     07     28     00    000  10.39 -11.54  -4.77
2024      5     11     07     28     30    000  10.39 -11.53  -4.76
2024      5     11     07     29     00    000  10.39 -11.53  -4.76
2024      5     11     07     29     30    000  10.39 -11.52  -4.75
2024      5     11     07     30     00    000  10.38 -11.52  -4.74
2024      5     11     07     30     30    000  10.38 -11.51  -4.74
2024      5     11     07     31     00    000  10.38 -11.50  -4.73
2024      5     11     07     31     30    000  10.38 -11.50  -4.72
2024      5     11     07     32     00    000  10.37 -11.49  -4.71
2024      5     11     07     32     30    000  10.37 -11.48  -4.71
2024      5     11     07     33     00    000  10.37 -11.48  -4.70
2024      5     11     07     33     30    000  10.37 -11.47  -4.69
2024      5     11     07     34     00    000  10.36 -11.46  -4.68
2024      5     11     07     34     30    000  10.36 -11.46  -4.68
2024      5     11     07     35     00    000  10.36 -11.45  -4.67
2024      5     11     07     35     30    000  10.36 -11.45  -4.66
2024      5     11     07     36     00    000  10.35 -11.44  -4.66
2024      5     11     07     36     30    000  10.35 -11.43  -4.65
2024      5     11     07     37     00    000  10.35 -11.43  -4.64
2024      5     11     07     37     30    000  10.35 -11.42  -4.63
2024      5     11     07     38     00    000  10.34 -11.41  -4.63
2024      5     11     07     38     30    000  10.34 -11.41  -4.62
2024      5     11     07     39     00    000  10.34 -11.40  -4.61
2024      5     11     07     39     30    000  10.34 -11.39  -4.61
2024      5     11     07     40     00    000  10.33 -11.39  -4.60
2024      5     11     07     40     30    000  10.33 -11.38  -4.59
2024      5     11     07     41     00    000  10.33 -11.38  -4.59
2024      5     11     07     41     30    000  10.33 -11.37  -4.58
2024      5     11     07     42     00    000  10.32 -11.36  -4.57
2024      5     11     07     42     30    000  10.32 -11.36  -4.56
2024      5     11     07     43     00    000  10.32 -11.35  -4.56
2024      5     11     07     43     30    000  10.32 -11.34  -4.55
2024      5     11     07     44     00    000  10.31 -11.34  -4.54
2024      5     11     07     44     30    000  10.31 -11.33  -4.54
2024      5     11     07     45     00    000  10.31 -11.32  -4.53
2024      5     11     07     45     30    000  10.31 -11.32  -4.52
2024      5     11     07     46     00    000  10.30 -11.31  -4.51
2024      5     11     07     46     30    000  10.30 -11.30  -4.51
2024      5     11     07     47     00    000  10.30 -11.30  -4.50
2024      5     11     07     47     30    000  10.30 -11.29  -4.49
2024      5     11     07     48     00    000  10.29 -11.28  -4.49
2024      5     11     07     48     30    000  10.29 -11.28  -4.48
2024      5     11     07     49     00    000  10.29 -11.27  -4.47
2024      5     11     07     49     30    000  10.29 -11.26  -4.47
2024      5     11     07     50     00    000  10.28 -11.26  -4.46
2024      5     11     07     50     30    000  10.28 -11.25  -4.45
2024      5     11     07     51     00    000  10.28 -11.24  -4.45
2024      5     11     07     51     30    000  10.28 -11.24  -4.44
2024      5     11     07     52     00    000  10.27 -11.23  -4.43
2024      5     11     07     52     30    000  10.27 -11.22  -4.42
2024      5     11     07     53     00    000  10.27 -11.22  -4.42
2024      5     11     07     53     30    000  10.26 -11.21  -4.41
2024      5     11     07     54     00    000  10.26 -11.20  -4.40
2024      5     11     07     54     30    000  10.26 -11.20  -4.40
2024      5     11     07     55     00    000  10.26 -11.19  -4.39
2024      5     11     07     55     30    000  10.25 -11.18  -4.38
2024      5     11     07     56     00    000  10.25 -11.18  -4.38
2024      5     11     07     56     30    000  10.25 -11.17  -4.37
2024      5     11     07     57     00    000  10.25 -11.16  -4.36
2024      5     11     07     57     30    000  10.24 -11.16  -4.36
2024      5     11     07     58     00    000  10.24 -11.15  -4.35
2024      5     11     07     58     30    000  10.24 -11.14  -4.34
2024      5     11     07     59     00    000  10.24 -11.14  -4.34
2024      5     11     07     59     30    000  10.23 -11.13  -4.33
2024      5     11     08     00     00    000  10.23 -11.12  -4.32
2024      5     11     08     00     30    000  10.23 -11.12  -4.32
2024      5     11     08     01     00    000  10.23 -11.11  -4.31
2024      5     11     08     01     30    000  10.22 -11.10  -4.30
2024      5     11     08     02     00    000  10.22 -11.09  -4.29
2024      5     11     08     02     30    000  10.22 -11.09  -4.29
2024      5     11     08     03     00    000  10.21 -11.08  -4.28
2024      5     11     08     03     30    000  10.21 -11.07  -4.27
2024      5     11     08     04     00    000  10.21 -11.07  -4.27
2024      5     11     08     04     30    000  10.21 -11.06  -4.26
2024      5     11     08     05     00    000  10.20 -11.05  -4.25
2024      5     11     08     05     30    000  10.20 -11.05  -4.25
2024      5     11     08     06     00    000  10.20 -11.04  -4.24
2024      5     11     08     06     30    000  10.20 -11.03  -4.23
2024      5     11     08     07     00    000  10.19 -11.03  -4.23
2024      5     11     08     07     30    000  10.19 -11.02  -4.22
2024      5     11     08     08     00    000  10.19 -11.01  -4.21
2024      5     11     08     08     30    000  10.19 -11.01  -4.21
2024      5     11     08     09     00    000  10.18 -11.00  -4.20
2024      5     11     08     09     30    000  10.18 -10.99  -4.19
2024      5     11     08     10     00    000  10.18 -10.98  -4.19
2024      5     11     08     10     30    000  10.17 -10.98  -4.18
2024      5     11     08     11     00    000  10.17 -10.97  -4.17
2024      5     11     08     11     30    000  10.17 -10.96  -4.17
2024      5     11     08     12     00    000  10.17 -10.96  -4.16
2024      5     11     08     12     30    000  10.16 -10.95  -4.15
2024      5     11     08     13     00    000  10.16 -10.94  -4.15
2024      5     11     08     13     30    000  10.16 -10.93  -4.14
2024      5     11     08     14     00    000  10.16 -10.93  -4.14
2024      5     11     08     14     30    000  10.15 -10.92  -4.13
2024      5     11     08     15     00    000  10.15 -10.91  -4.12
2024      5     11     08     15     30    000  10.15 -10.91  -4.12
2024      5     11     08     16     00    000  10.14 -10.90  -4.11
2024      5     11     08     16     30    000  10.14 -10.89  -4.10
2024      5     11     08     17     00    000  10.14 -10.89  -4.10
2024      5     11     08     17     30    000  10.14 -10.88  -4.09
2024      5     11     08     18     00    000  10.13 -10.87  -4.08
2024      5     11     08     18     30    000  10.13 -10.86  -4.08
2024      5     11     08     19     00    000  10.13 -10.86  -4.07
2024      5     11     08     19     30    000  10.13 -10.85  -4.06
2024      5     11     08     20     00    000  10.12 -10.84  -4.06
2024      5     11     08     20     30    000  10.12 -10.84  -4.05
2024      5     11     08     21     00    000  10.12 -10.83  -4.04
2024      5     11     08     21     30    000  10.11 -10.82  -4.04
2024      5     11     08     22     00    000  10.11 -10.81  -4.03
2024      5     11     08     22     30    000  10.11 -10.81  -4.03
2024      5     11     08     23     00    000  10.11 -10.80  -4.02
2024      5     11     08     23     30    000  10.10 -10.79  -4.01
2024      5     11     08     24     00    000  10.10 -10.78  -4.01
2024      5     11     08     24     30    000  10.10 -10.78  -4.00
2024      5     11     08     25     00    000  10.09 -10.77  -3.99
2024      5     11     08     25     30    000  10.09 -10.76  -3.99
2024      5     11     08     26     00    000  10.09 -10.76  -3.98
2024      5     11     08     26     30    000  10.09 -10.75  -3.97
2024      5     11     08     27     00    000  10.08 -10.74  -3.97
2024      5     11     08     27     30    000  10.08 -10.73  -3.96
2024      5     11     08     28     00    000  10.08 -10.73  -3.95
2024      5     11     08     28     30    000  10.07 -10.72  -3.95
2024      5     11     08     29     00    000  10.07 -10.71  -3.94
2024      5     11     08     29     30    000  10.07 -10.70  -3.94
2024      5     11     08     30     00    000  10.07 -10.70  -3.93
2024      5     11     08     30     30    000  10.06 -10.69  -3.92
2024      5     11     08     31     00    000  10.06 -10.68  -3.92
2024      5     11     08     31     30    000  10.06 -10.67  -3.91
2024      5     11     08     32     00    000  10.05 -10.67  -3.90
2024      5     11     08     32     30    000  10.05 -10.66  -3.90
2024      5     11     08     33     00    000  10.05 -10.65  -3.89
2024      5     11     08     33     30    000  10.05 -10.65  -3.89
2024      5     11     08     34     00    000  10.04 -10.64  -3.88
2024      5     11     08     34     30    000  10.04 -10.63  -3.87
2024      5     11     08     35     00    000  10.04 -10.62  -3.87
2024      5     11     08     35     30    000  10.03 -10.62  -3.86
2024      5     11     08     36     00    000  10.03 -10.61  -3.85
2024      5     11     08     36     30    000  10.03 -10.60  -3.85
2024      5     11     08     37     00    000  10.03 -10.59  -3.84
2024      5     11     08     37     30    000  10.02 -10.59  -3.84
2024      5     11     08     38     00    000  10.02 -10.58  -3.83
2024      5     11     08     38     30    000  10.02 -10.57  -3.82
2024      5     11     08     39     00    000  10.01 -10.56  -3.82
2024      5     11     08     39     30    000  10.01 -10.56  -3.81
2024      5     11     08     40     00    000  10.01 -10.55  -3.81
2024      5     11     08     40     30    000  10.00 -10.54  -3.80
2024      5     11     08     41     00    000  10.00 -10.53  -3.79
2024      5     11     08     41     30    000  10.00 -10.53  -3.79
2024      5     11     08     42     00    000  10.00 -10.52  -3.78
2024      5     11     08     42     30    000   9.99 -10.51  -3.77
2024      5     11     08     43     00    000   9.99 -10.50  -3.77
2024      5     11     08     43     30    000   9.99 -10.50  -3.76
2024      5     11     08     44     00    000   9.98 -10.49  -3.76
2024      5     11     08     44     30    000   9.98 -10.48  -3.75
2024      5     11     08     45     00    000   9.98 -10.47  -3.74
2024      5     11     08     45     30    000   9.98 -10.46  -3.74
2024      5     11     08     46     00    000   9.97 -10.46  -3.73
2024      5     11     08     46     30    000   9.97 -10.45  -3.73
2024      5     11     08     47     00    000   9.97 -10.44  -3.72
2024      5     11     08     47     30    000   9.96 -10.43  -3.71
2024      5     11     08     48     00    000   9.96 -10.43  -3.71
2024      5     11     08     48     30    000   9.96 -10.42  -3.70
2024      5     11     08     49     00    000   9.95 -10.41  -3.70
2024      5     11     08     49     30    000   9.95 -10.40  -3.69
2024      5     11     08     50     00    000   9.95 -10.40  -3.68
2024      5     11     08     50     30    000   9.95 -10.39  -3.68
2024      5     11     08     51     00    000   9.94 -10.38  -3.67
2024      5     11     08     51     30    000   9.94 -10.37  -3.67
2024      5     11     08     52     00    000   9.94 -10.36  -3.66
2024      5     11     08     52     30    000   9.93 -10.36  -3.65
2024      5     11     08     53     00    000   9.93 -10.35  -3.65
2024      5     11     08     53     30    000   9.93 -10.34  -3.64
2024      5     11     08     54     00    000   9.92 -10.33  -3.64
2024      5     11     08     54     30    000   9.92 -10.33  -3.63
2024      5     11     08     55     00    000   9.92 -10.32  -3.63
2024      5     11     08     55     30    000   9.91 -10.31  -3.62
2024      5     11     08     56     00    000   9.91 -10.30  -3.61
2024      5     11     08     56     30    000   9.91 -10.29  -3.61
2024      5     11     08     57     00    000   9.91 -10.29  -3.60
2024      5     11     08     57     30    000   9.90 -10.28  -3.60
2024      5     11     08     58     00    000   9.90 -10.27  -3.59
2024      5     11     08     58     30    000   9.90 -10.26  -3.58
2024      5     11     08     59     00    000   9.89 -10.26  -3.58
2024      5     11     08     59     30    000   9.89 -10.25  -3.57
2024      5     11     09     00     00    000   9.89 -10.24  -3.57
2024      5     11     09     00     30    000   9.88 -10.23  -3.56
2024      5     11     09     01     00    000   9.88 -10.22  -3.56
2024      5     11     09     01     30    000   9.88 -10.22  -3.55
2024      5     11     09     02     00    000   9.87 -10.21  -3.54
2024      5     11     09     02     30    000   9.87 -10.20  -3.54
2024      5     11     09     03     00    000   9.87 -10.19  -3.53
2024      5     11     09     03     30    000   9.87 -10.18  -3.53
2024      5     11     09     04     00    000   9.86 -10.18  -3.52
2024      5     11     09     04     30    000   9.86 -10.17  -3.51
2024      5     11     09     05     00    000   9.86 -10.16  -3.51
2024      5     11     09     05     30    000   9.85 -10.15  -3.50
2024      5     11     09     06     00    000   9.85 -10.14  -3.50
2024      5     11     09     06     30    000   9.85 -10.14  -3.49
2024      5     11     09     07     00    000   9.84 -10.13  -3.49
2024      5     11     09     07     30    000   9.84 -10.12  -3.48
2024      5     11     09     08     00    000   9.84 -10.11  -3.47
2024      5     11     09     08     30    000   9.83 -10.10  -3.47
2024      5     11     09     09     00    000   9.83 -10.10  -3.46
2024      5     11     09     09     30    000   9.83 -10.09  -3.46
2024      5     11     09     10     00    000   9.82 -10.08  -3.45
2024      5     11     09     10     30    000   9.82 -10.07  -3.45
2024      5     11     09     11     00    000   9.82 -10.06  -3.44
2024      5     11     09     11     30    000   9.81 -10.06  -3.44
2024      5     11     09     12     00    000   9.81 -10.05  -3.43
2024      5     11     09     12     30    000   9.81 -10.04  -3.42
2024      5     11     09     13     00    000   9.80 -10.03  -3.42
2024      5     11     09     13     30    000   9.80 -10.02  -3.41
2024      5     11     09     14     00    000   9.80 -10.02  -3.41
2024      5     11     09     14     30    000   9.80 -10.01  -3.40
2024      5     11     09     15     00    000   9.79 -10.00  -3.40
2024      5     11     09     15     30    000   9.79  -9.99  -3.39
2024      5     11     09     16     00    000   9.79  -9.98  -3.38
2024      5     11     09     16     30    000   9.78  -9.98  -3.38
2024      5     11     09     17     00    000   9.78  -9.97  -3.37
2024      5     11     09     17     30    000   9.78  -9.96  -3.37
2024      5     11     09     18     00    000   9.77  -9.95  -3.36
2024      5     11     09     18     30    000   9.77  -9.94  -3.36
2024      5     11     09     19     00    000   9.77  -9.93  -3.35
2024      5     11     09     19     30    000   9.76  -9.93  -3.35
2024      5     11     09     20     00    000   9.76  -9.92  -3.34
2024      5     11     09     20     30    000   9.76  -9.91  -3.34
2024      5     11     09     21     00    000   9.75  -9.90  -3.33
2024      5     11     09     21     30    000   9.75  -9.89  -3.32
2024      5     11     09     22     00    000   9.75  -9.89  -3.32
2024      5     11     09     22     30    000   9.74  -9.88  -3.31
2024      5     11     09     23     00    000   9.74  -9.87  -3.31
2024      5     11     09     23     30    000   9.74  -9.86  -3.30
2024      5     11     09     24     00    000   9.73  -9.85  -3.30
2024      5     11     09     24     30    000   9.73  -9.84  -3.29
2024      5     11     09     25     00    000   9.73  -9.84  -3.29
2024      5     11     09     25     30    000   9.72  -9.83  -3.28
2024      5     11     09     26     00    000   9.72  -9.82  -3.28
2024      5     11     09     26     30    000   9.72  -9.81  -3.27
2024      5     11     09     27     00    000   9.71  -9.80  -3.26
2024      5     11     09     27     30    000   9.71  -9.79  -3.26
2024      5     11     09     28     00    000   9.71  -9.79  -3.25
2024      5     11     09     28     30    000   9.70  -9.78  -3.25
2024      5     11     09     29     00    000   9.70  -9.77  -3.24
2024      5     11     09     29     30    000   9.70  -9.76  -3.24
2024      5     11     09     30     00    000   9.69  -9.75  -3.23
2024      5     11     09     30     30    000   9.69  -9.74  -3.23
2024      5     11     09     31     00    000   9.69  -9.74  -3.22
2024      5     11     09     31     30    000   9.68  -9.73  -3.22
2024      5     11     09     32     00    000   9.68  -9.72  -3.21
2024      5     11     09     32     30    000   9.68  -9.71  -3.21
2024      5     11     09     33     00    000   9.67  -9.70  -3.20
2024      5     11     09     33     30    000   9.67  -9.69  -3.20
2024      5     11     09     34     00    000   9.67  -9.68  -3.19
2024      5     11     09     34     30    000   9.66  -9.68  -3.18
2024      5     11     09     35     00    000   9.66  -9.67  -3.18
2024      5     11     09     35     30    000   9.66  -9.66  -3.17
2024      5     11     09     36     00    000   9.65  -9.65  -3.17
2024      5     11     09     36     30    000   9.65  -9.64  -3.16
2024      5     11     09     37     00    000   9.65  -9.63  -3.16
2024      5     11     09     37     30    000   9.64  -9.63  -3.15
2024      5     11     09     38     00    000   9.64  -9.62  -3.15
2024      5     11     09     38     30    000   9.63  -9.61  -3.14
2024      5     11     09     39     00    000   9.63  -9.60  -3.14
2024      5     11     09     39     30    000   9.63  -9.59  -3.13
2024      5     11     09     40     00    000   9.62  -9.58  -3.13
2024      5     11     09     40     30    000   9.62  -9.57  -3.12
2024      5     11     09     41     00    000   9.62  -9.57  -3.12
2024      5     11     09     41     30    000   9.61  -9.56  -3.11
2024      5     11     09     42     00    000   9.61  -9.55  -3.11
2024      5     11     09     42     30    000   9.61  -9.54  -3.10
2024      5     11     09     43     00    000   9.60  -9.53  -3.10
2024      5     11     09     43     30    000   9.60  -9.52  -3.09
2024      5     11     09     44     00    000   9.60  -9.51  -3.09
2024      5     11     09     44     30    000   9.59  -9.51  -3.08
2024      5     11     09     45     00    000   9.59  -9.50  -3.08
2024      5     11     09     45     30    000   9.59  -9.49  -3.07
2024      5     11     09     46     00    000   9.58  -9.48  -3.07
2024      5     11     09     46     30    000   9.58  -9.47  -3.06
2024      5     11     09     47     00    000   9.58  -9.46  -3.05
2024      5     11     09     47     30    000   9.57  -9.45  -3.05
2024      5     11     09     48     00    000   9.57  -9.44  -3.04
2024      5     11     09     48     30    000   9.56  -9.44  -3.04
2024      5     11     09     49     00    000   9.56  -9.43  -3.03
2024      5     11     09     49     30    000   9.56  -9.42  -3.03
2024      5     11     09     50     00    000   9.55  -9.41  -3.02
2024      5     11     09     50     30    000   9.55  -9.40  -3.02
2024      5     11     09     51     00    000   9.55  -9.39  -3.01
2024      5     11     09     51     30    000   9.54  -9.38  -3.01
2024      5     11     09     52     00    000   9.54  -9.38  -3.00
2024      5     11     09     52     30    000   9.54  -9.37  -3.00
2024      5     11     09     53     00    000   9.53  -9.36  -2.99
2024      5     11     09     53     30    000   9.53  -9.35  -2.99
2024      5     11     09     54     00    000   9.53  -9.34  -2.98
2024      5     11     09     54     30    000   9.52  -9.33  -2.98
2024      5     11     09     55     00    000   9.52  -9.32  -2.97
2024      5     11     09     55     30    000   9.51  -9.31  -2.97
2024      5     11     09     56     00    000   9.51  -9.30  -2.96
2024      5     11     09     56     30    000   9.51  -9.30  -2.96
2024      5     11     09     57     00    000   9.50  -9.29  -2.95
2024      5     11     09     57     30    000   9.50  -9.28  -2.95
2024      5     11     09     58     00    000   9.50  -9.27  -2.94
2024      5     11     09     58     30    000   9.49  -9.26  -2.94
2024      5     11     09     59     00    000   9.49  -9.25  -2.93
2024      5     11     09     59     30    000   9.49  -9.24  -2.93
2024      5     11     10     00     00    000   9.48  -9.23  -2.92
2024      5     11     10     00     30    000   9.48  -9.23  -2.92
2024      5     11     10     01     00    000   9.47  -9.22  -2.92
2024      5     11     10     01     30    000   9.47  -9.21  -2.91
2024      5     11     10     02     00    000   9.47  -9.20  -2.91
2024      5     11     10     02     30    000   9.46  -9.19  -2.90
2024      5     11     10     03     00    000   9.46  -9.18  -2.90
2024      5     11     10     03     30    000   9.46  -9.17  -2.89
2024      5     11     10     04     00    000   9.45  -9.16  -2.89
2024      5     11     10     04     30    000   9.45  -9.15  -2.88
2024      5     11     10     05     00    000   9.44  -9.14  -2.88
2024      5     11     10     05     30    000   9.44  -9.14  -2.87
2024      5     11     10     06     00    000   9.44  -9.13  -2.87
2024      5     11     10     06     30    000   9.43  -9.12  -2.86
2024      5     11     10     07     00    000   9.43  -9.11  -2.86
2024      5     11     10     07     30    000   9.43  -9.10  -2.85
2024      5     11     10     08     00    000   9.42  -9.09  -2.85
2024      5     11     10     08     30    000   9.42  -9.08  -2.84
2024      5     11     10     09     00    000   9.42  -9.07  -2.84
2024      5     11     10     09     30    000   9.41  -9.06  -2.83
2024      5     11     10     10     00    000   9.41  -9.05  -2.83
2024      5     11     10     10     30    000   9.40  -9.05  -2.82
2024      5     11     10     11     00    000   9.40  -9.04  -2.82
2024      5     11     10     11     30    000   9.40  -9.03  -2.81
2024      5     11     10     12     00    000   9.39  -9.02  -2.81
2024      5     11     10     12     30    000   9.39  -9.01  -2.80
2024      5     11     10     13     00    000   9.38  -9.00  -2.80
2024      5     11     10     13     30    000   9.38  -8.99  -2.79
2024      5     11     10     14     00    000   9.38  -8.98  -2.79
2024      5     11     10     14     30    000   9.37  -8.97  -2.79
2024      5     11     10     15     00    000   9.37  -8.96  -2.78
2024      5     11     10     15     30    000   9.37  -8.95  -2.78
2024      5     11     10     16     00    000   9.36  -8.95  -2.77
2024      5     11     10     16     30    000   9.36  -8.94  -2.77
2024      5     11     10     17     00    000   9.35  -8.93  -2.76
2024      5     11     10     17     30    000   9.35  -8.92  -2.76
2024      5     11     10     18     00    000   9.35  -8.91  -2.75
2024      5     11     10     18     30    000   9.34  -8.90  -2.75
2024      5     11     10     19     00    000   9.34  -8.89  -2.74
2024      5     11     10     19     30    000   9.33  -8.88  -2.74
2024      5     11     10     20     00    000   9.33  -8.87  -2.73
2024      5     11     10     20     30    000   9.33  -8.86  -2.73
2024      5     11     10     21     00    000   9.32  -8.85  -2.72
2024      5     11     10     21     30    000   9.32  -8.84  -2.72
2024      5     11     10     22     00    000   9.32  -8.84  -2.72
2024      5     11     10     22     30    000   9.31  -8.83  -2.71
2024      5     11     10     23     00    000   9.31  -8.82  -2.71
2024      5     11     10     23     30    000   9.30  -8.81  -2.70
2024      5     11     10     24     00    000   9.30  -8.80  -2.70
2024      5     11     10     24     30    000   9.30  -8.79  -2.69
2024      5     11     10     25     00    000   9.29  -8.78  -2.69
2024      5     11     10     25     30    000   9.29  -8.77  -2.68
2024      5     11     10     26     00    000   9.28  -8.76  -2.68
2024      5     11     10     26     30    000   9.28  -8.75  -2.67
2024      5     11     10     27     00    000   9.28  -8.74  -2.67
2024      5     11     10     27     30    000   9.27  -8.73  -2.66
2024      5     11     10     28     00    000   9.27  -8.72  -2.66
2024      5     11     10     28     30    000   9.26  -8.71  -2.66
2024      5     11     10     29     00    000   9.26  -8.71  -2.65
2024      5     11     10     29     30    000   9.26  -8.70  -2.65
2024      5     11     10     30     00    000   9.25  -8.69  -2.64
2024      5     11     10     30     30    000   9.25  -8.68  -2.64
2024      5     11     10     31     00    000   9.24  -8.67  -2.63
2024      5     11     10     31     30    000   9.24  -8.66  -2.63
2024      5     11     10     32     00    000   9.24  -8.65  -2.62
2024      5     11     10     32     30    000   9.23  -8.64  -2.62
2024      5     11     10     33     00    000   9.23  -8.63  -2.62
2024      5     11     10     33     30    000   9.22  -8.62  -2.61
2024      5     11     10     34     00    000   9.22  -8.61  -2.61
2024      5     11     10     34     30    000   9.22  -8.60  -2.60
2024      5     11     10     35     00    000   9.21  -8.59  -2.60
2024      5     11     10     35     30    000   9.21  -8.58  -2.59
2024      5     11     10     36     00    000   9.20  -8.57  -2.59
2024      5     11     10     36     30    000   9.20  -8.56  -2.58
2024      5     11     10     37     00    000   9.20  -8.55  -2.58
2024      5     11     10     37     30    000   9.19  -8.55  -2.57
2024      5     11     10     38     00    000   9.19  -8.54  -2.57
2024      5     11     10     38     30    000   9.18  -8.53  -2.57
2024      5     11     10     39     00    000   9.18  -8.52  -2.56
2024      5     11     10     39     30    000   9.18  -8.51  -2.56
2024      5     11     10     40     00    000   9.17  -8.50  -2.55
2024      5     11     10     40     30    000   9.17  -8.49  -2.55
2024      5     11     10     41     00    000   9.16  -8.48  -2.54
2024      5     11     10     41     30    000   9.16  -8.47  -2.54
2024      5     11     10     42     00    000   9.15  -8.46  -2.54
2024      5     11     10     42     30    000   9.15  -8.45  -2.53
2024      5     11     10     43     00    000   9.15  -8.44  -2.53
2024      5     11     10     43     30    000   9.14  -8.43  -2.52
2024      5     11     10     44     00    000   9.14  -8.42  -2.52
2024      5     11     10     44     30    000   9.13  -8.41  -2.51
2024      5     11     10     45     00    000   9.13  -8.40  -2.51
2024      5     11     10     45     30    000   9.13  -8.39  -2.50
2024      5     11     10     46     00    000   9.12  -8.38  -2.50
2024      5     11     10     46     30    000   9.12  -8.37  -2.50
2024      5     11     10     47     00    000   9.11  -8.36  -2.49
2024      5     11     10     47     30    000   9.11  -8.35  -2.49
2024      5     11     10     48     00    000   9.10  -8.34  -2.48
2024      5     11     10     48     30    000   9.10  -8.33  -2.48
2024      5     11     10     49     00    000   9.10  -8.32  -2.47
2024      5     11     10     49     30    000   9.09  -8.32  -2.47
2024      5     11     10     50     00    000   9.09  -8.31  -2.47
2024      5     11     10     50     30    000   9.08  -8.30  -2.46
2024      5     11     10     51     00    000   9.08  -8.29  -2.46
2024      5     11     10     51     30    000   9.08  -8.28  -2.45
2024      5     11     10     52     00    000   9.07  -8.27  -2.45
2024      5     11     10     52     30    000   9.07  -8.26  -2.44
2024      5     11     10     53     00    000   9.06  -8.25  -2.44
2024      5     11     10     53     30    000   9.06  -8.24  -2.44
2024      5     11     10     54     00    000   9.05  -8.23  -2.43
2024      5     11     10     54     30    000   9.05  -8.22  -2.43
2024      5     11     10     55     00    000   9.05  -8.21  -2.42
2024      5     11     10     55     30    000   9.04  -8.20  -2.42
2024      5     11     10     56     00    000   9.04  -8.19  -2.41
2024      5     11     10     56     30    000   9.03  -8.18  -2.41
2024      5     11     10     57     00    000   9.03  -8.17  -2.41
2024      5     11     10     57     30    000   9.02  -8.16  -2.40
2024      5     11     10     58     00    000   9.02  -8.15  -2.40
2024      5     11     10     58     30    000   9.01  -8.14  -2.39
2024      5     11     10     59     00    000   9.01  -8.13  -2.39
2024      5     11     10     59     30    000   9.01  -8.12  -2.38
2024      5     11     11     00     00    000   9.00  -8.11  -2.38
2024      5     11     11     00     30    000   9.00  -8.10  -2.38
2024      5     11     11     01     00    000   8.99  -8.09  -2.37
2024      5     11     11     01     30    000   8.99  -8.08  -2.37
2024      5     11     11     02     00    000   8.98  -8.07  -2.36
2024      5     11     11     02     30    000   8.98  -8.06  -2.36
2024      5     11     11     03     00    000   8.98  -8.05  -2.36
2024      5     11     11     03     30    000   8.97  -8.04  -2.35
2024      5     11     11     04     00    000   8.97  -8.03  -2.35
2024      5     11     11     04     30    000   8.96  -8.02  -2.34
2024      5     11     11     05     00    000   8.96  -8.01  -2.34
2024      5     11     11     05     30    000   8.95  -8.00  -2.33
2024      5     11     11     06     00    000   8.95  -7.99  -2.33
2024      5     11     11     06     30    000   8.94  -7.98  -2.33
2024      5     11     11     07     00    000   8.94  -7.97  -2.32
2024      5     11     11     07     30    000   8.94  -7.96  -2.32
2024      5     11     11     08     00    000   8.93  -7.95  -2.31
2024      5     11     11     08     30    000   8.93  -7.94  -2.31
2024      5     11     11     09     00    000   8.92  -7.93  -2.31
2024      5     11     11     09     30    000   8.92  -7.92  -2.30
2024      5     11     11     10     00    000   8.91  -7.91  -2.30
2024      5     11     11     10     30    000   8.91  -7.90  -2.29
2024      5     11     11     11     00    000   8.90  -7.89  -2.29
2024      5     11     11     11     30    000   8.90  -7.88  -2.28
2024      5     11     11     12     00    000   8.90  -7.87  -2.28
2024      5     11     11     12     30    000   8.89  -7.86  -2.28
2024      5     11     11     13     00    000   8.89  -7.85  -2.27
2024      5     11     11     13     30    000   8.88  -7.84  -2.27
2024      5     11     11     14     00    000   8.88  -7.83  -2.26
2024      5     11     11     14     30    000   8.87  -7.82  -2.26
2024      5     11     11     15     00    000   8.87  -7.81  -2.26
2024      5     11     11     15     30    000   8.86  -7.80  -2.25
2024      5     11     11     16     00    000   8.86  -7.79  -2.25
2024      5     11     11     16     30    000   8.85  -7.78  -2.24
2024      5     11     11     17     00    000   8.85  -7.77  -2.24
2024      5     11     11     17     30    000   8.85  -7.76  -2.24
2024      5     11     11     18     00    000   8.84  -7.75  -2.23
2024      5     11     11     18     30    000   8.84  -7.74  -2.23
2024      5     11     11     19     00    000   8.83  -7.73  -2.22
2024      5     11     11     19     30    000   8.83  -7.72  -2.22
2024      5     11     11     20     00    000   8.82  -7.71  -2.22
2024      5     11     11     20     30    000   8.82  -7.70  -2.21
2024      5     11     11     21     00    000   8.81  -7.69  -2.21
2024      5     11     11     21     30    000   8.81  -7.68  -2.20
2024      5     11     11     22     00    000   8.80  -7.67  -2.20
2024      5     11     11     22     30    000   8.80  -7.66  -2.20
2024      5     11     11     23     00    000   8.79  -7.65  -2.19
2024      5     11     11     23     30    000   8.79  -7.64  -2.19
2024      5     11     11     24     00    000   8.78  -7.63  -2.18
2024      5     11     11     24     30    000   8.78  -7.62  -2.18
2024      5     11     11     25     00    000   8.78  -7.61  -2.18
2024      5     11     11     25     30    000   8.77  -7.60  -2.17
2024      5     11     11     26     00    000   8.77  -7.59  -2.17
2024      5     11     11     26     30    000   8.76  -7.58  -2.16
2024      5     11     11     27     00    000   8.76  -7.57  -2.16
2024      5     11     11     27     30    000   8.75  -7.56  -2.16
2024      5     11     11     28     00    000   8.75  -7.55  -2.15
2024      5     11     11     28     30    000   8.74  -7.54  -2.15
2024      5     11     11     29     00    000   8.74  -7.53  -2.14
2024      5     11     11     29     30    000   8.73  -7.52  -2.14
2024      5     11     11     30     00    000   8.73  -7.51  -2.14
2024      5     11     11     30     30    000   8.72  -7.50  -2.13
2024      5     11     11     31     00    000   8.72  -7.48  -2.13
2024      5     11     11     31     30    000   8.71  -7.47  -2.12
2024      5     11     11     32     00    000   8.71  -7.46  -2.12
2024      5     11     11     32     30    000   8.70  -7.45  -2.12
2024      5     11     11     33     00    000   8.70  -7.44  -2.11
2024      5     11     11     33     30    000   8.69  -7.43  -2.11
2024      5     11     11     34     00    000   8.69  -7.42  -2.10
2024      5     11     11     34     30    000   8.68  -7.41  -2.10
2024      5     11     11     35     00    000   8.68  -7.40  -2.10
2024      5     11     11     35     30    000   8.67  -7.39  -2.09
2024      5     11     11     36     00    000   8.67  -7.38  -2.09
2024      5     11     11     36     30    000   8.67  -7.37  -2.08
2024      5     11     11     37     00    000   8.66  -7.36  -2.08
2024      5     11     11     37     30    000   8.66  -7.35  -2.08
2024      5     11     11     38     00    000   8.65  -7.34  -2.07
2024      5     11     11     38     30    000   8.65  -7.33  -2.07
2024      5     11     11     39     00    000   8.64  -7.32  -2.06
2024      5     11     11     39     30    000   8.64  -7.31  -2.06
2024      5     11     11     40     00    000   8.63  -7.30  -2.06
2024      5     11     11     40     30    000   8.63  -7.29  -2.05
2024      5     11     11     41     00    000   8.62  -7.28  -2.05
2024      5     11     11     41     30    000   8.62  -7.27  -2.05
2024      5     11     11     42     00    000   8.61  -7.26  -2.04
2024      5     11     11     42     30    000   8.61  -7.25  -2.04
2024      5     11     11     43     00    000   8.60  -7.23  -2.03
2024      5     11     11     43     30    000   8.60  -7.22  -2.03
2024      5     11     11     44     00    000   8.59  -7.21  -2.03
2024      5     11     11     44     30    000   8.59  -7.20  -2.02
2024      5     11     11     45     00    000   8.58  -7.19  -2.02
2024      5     11     11     45     30    000   8.58  -7.18  -2.01
2024      5     11     11     46     00    000   8.57  -7.17  -2.01
2024      5     11     11     46     30    000   8.57  -7.16  -2.01
2024      5     11     11     47     00    000   8.56  -7.15  -2.00
2024      5     11     11     47     30    000   8.56  -7.14  -2.00
2024      5     11     11     48     00    000   8.55  -7.13  -1.99
2024      5     11     11     48     30    000   8.55  -7.12  -1.99
2024      5     11     11     49     00    000   8.54  -7.11  -1.99
2024      5     11     11     49     30    000   8.54  -7.10  -1.98
2024      5     11     11     50     00    000   8.53  -7.09  -1.98
2024      5     11     11     50     30    000   8.53  -7.08  -1.98
2024      5     11     11     51     00    000   8.52  -7.07  -1.97
2024      5     11     11     51     30    000   8.52  -7.05  -1.97
2024      5     11     11     52     00    000   8.51  -7.04  -1.96
2024      5     11     11     52     30    000   8.51  -7.03  -1.96
2024      5     11     11     53     00    000   8.50  -7.02  -1.96
2024      5     11     11     53     30    000   8.49  -7.01  -1.95
2024      5     11     11     54     00    000   8.49  -7.00  -1.95
2024      5     11     11     54     30    000   8.48  -6.99  -1.94
2024      5     11     11     55     00    000   8.48  -6.98  -1.94
2024      5     11     11     55     30    000   8.47  -6.97  -1.94
2024      5     11     11     56     00    000   8.47  -6.96  -1.93
2024      5     11     11     56     30    000   8.46  -6.95  -1.93
2024      5     11     11     57     00    000   8.46  -6.94  -1.93
2024      5     11     11     57     30    000   8.45  -6.93  -1.92
2024      5     11     11     58     00    000   8.45  -6.92  -1.92
2024      5     11     11     58     30    000   8.44  -6.90  -1.91
2024      5     11     11     59     00    000   8.44  -6.89  -1.91
2024      5     11     11     59     30    000   8.43  -6.88  -1.91
2024      5     11     12     00     00    000   8.43  -6.87  -1.90
2024      5     11     12     00     30    000   8.42  -6.86  -1.90
2024      5     11     12     01     00    000   8.42  -6.85  -1.89
2024      5     11     12     01     30    000   8.41  -6.84  -1.89
2024      5     11     12     02     00    000   8.41  -6.83  -1.89
2024      5     11     12     02     30    000   8.40  -6.82  -1.88
2024      5     11     12     03     00    000   8.40  -6.81  -1.88
2024      5     11     12     03     30    000   8.39  -6.80  -1.88
2024      5     11     12     04     00    000   8.38  -6.79  -1.87
2024      5     11     12     04     30    000   8.38  -6.77  -1.87
2024      5     11     12     05     00    000   8.37  -6.76  -1.86
2024      5     11     12     05     30    000   8.37  -6.75  -1.86
2024      5     11     12     06     00    000   8.36  -6.74  -1.86
2024      5     11     12     06     30    000   8.36  -6.73  -1.85
2024      5     11     12     07     00    000   8.35  -6.72  -1.85
2024      5     11     12     07     30    000   8.35  -6.71  -1.84
2024      5     11     12     08     00    000   8.34  -6.70  -1.84
2024      5     11     12     08     30    000   8.34  -6.69  -1.84
2024      5     11     12     09     00    000   8.33  -6.68  -1.83
2024      5     11     12     09     30    000   8.33  -6.67  -1.83
2024      5     11     12     10     00    000   8.32  -6.65  -1.83
2024      5     11     12     10     30    000   8.31  -6.64  -1.82
2024      5     11     12     11     00    000   8.31  -6.63  -1.82
2024      5     11     12     11     30    000   8.30  -6.62  -1.81
2024      5     11     12     12     00    000   8.30  -6.61  -1.81
2024      5     11     12     12     30    000   8.29  -6.60  -1.81
2024      5     11     12     13     00    000   8.29  -6.59  -1.80
2024      5     11     12     13     30    000   8.28  -6.58  -1.80
2024      5     11     12     14     00    000   8.28  -6.57  -1.80
2024      5     11     12     14     30    000   8.27  -6.56  -1.79
2024      5     11     12     15     00    000   8.27  -6.55  -1.79
2024      5     11     12     15     30    000   8.26  -6.53  -1.78
2024      5     11     12     16     00    000   8.25  -6.52  -1.78
2024      5     11     12     16     30    000   8.25  -6.51  -1.78
2024      5     11     12     17     00    000   8.24  -6.50  -1.77
2024      5     11     12     17     30    000   8.24  -6.49  -1.77
2024      5     11     12     18     00    000   8.23  -6.48  -1.77
2024      5     11     12     18     30    000   8.23  -6.47  -1.76
2024      5     11     12     19     00    000   8.22  -6.46  -1.76
2024      5     11     12     19     30    000   8.22  -6.45  -1.75
2024      5     11     12     20     00    000   8.21  -6.43  -1.75
2024      5     11     12     20     30    000   8.20  -6.42  -1.75
2024      5     11     12     21     00    000   8.20  -6.41  -1.74
2024      5     11     12     21     30    000   8.19  -6.40  -1.74
2024      5     11     12     22     00    000   8.19  -6.39  -1.73
2024      5     11     12     22     30    000   8.18  -6.38  -1.73
2024      5     11     12     23     00    000   8.18  -6.37  -1.73
2024      5     11     12     23     30    000   8.17  -6.36  -1.72
2024      5     11     12     24     00    000   8.16  -6.35  -1.72
2024      5     11     12     24     30    000   8.16  -6.33  -1.72
2024      5     11     12     25     00    000   8.15  -6.32  -1.71
2024      5     11     12     25     30    000   8.15  -6.31  -1.71
2024      5     11     12     26     00    000   8.14  -6.30  -1.70
2024      5     11     12     26     30    000   8.14  -6.29  -1.70
2024      5     11     12     27     00    000   8.13  -6.28  -1.70
2024      5     11     12     27     30    000   8.12  -6.27  -1.69
2024      5     11     12     28     00    000   8.12  -6.26  -1.69
2024      5     11     12     28     30    000   8.11  -6.24  -1.69
2024      5     11     12     29     00    000   8.11  -6.23  -1.68
2024      5     11     12     29     30    000   8.10  -6.22  -1.68
2024      5     11     12     30     00    000   8.10  -6.21  -1.67
2024      5     11     12     30     30    000   8.09  -6.20  -1.67
2024      5     11     12     31     00    000   8.08  -6.19  -1.67
2024      5     11     12     31     30    000   8.08  -6.18  -1.66
2024      5     11     12     32     00    000   8.07  -6.17  -1.66
2024      5     11     12     32     30    000   8.07  -6.15  -1.66
2024      5     11     12     33     00    000   8.06  -6.14  -1.65
2024      5     11     12     33     30    000   8.05  -6.13  -1.65
2024      5     11     12     34     00    000   8.05  -6.12  -1.64
2024      5     11     12     34     30    000   8.04  -6.11  -1.64
2024      5     11     12     35     00    000   8.04  -6.10  -1.64
2024      5     11     12     35     30    000   8.03  -6.09  -1.63
2024      5     11     12     36     00    000   8.03  -6.08  -1.63
2024      5     11     12     36     30    000   8.02  -6.06  -1.62
2024      5     11     12     37     00    000   8.01  -6.05  -1.62
2024      5     11     12     37     30    000   8.01  -6.04  -1.62
2024      5     11     12     38     00    000   8.00  -6.03  -1.61
2024      5     11     12     38     30    000   8.00  -6.02  -1.61
2024      5     11     12     39     00    000   7.99  -6.01  -1.61
2024      5     11     12     39     30    000   7.98  -6.00  -1.60
2024      5     11     12     40     00    000   7.98  -5.98  -1.60
2024      5     11     12     40     30    000   7.97  -5.97  -1.59
2024      5     11     12     41     00    000   7.97  -5.96  -1.59
2024      5     11     12     41     30    000   7.96  -5.95  -1.59
2024      5     11     12     42     00    000   7.95  -5.94  -1.58
2024      5     11     12     42     30    000   7.95  -5.93  -1.58
2024      5     11     12     43     00    000   7.94  -5.92  -1.58
2024      5     11     12     43     30    000   7.93  -5.90  -1.57
2024      5     11     12     44     00    000   7.93  -5.89  -1.57
2024      5     11     12     44     30    000   7.92  -5.88  -1.56
2024      5     11     12     45     00    000   7.92  -5.87  -1.56
2024      5     11     12     45     30    000   7.91  -5.86  -1.56
2024      5     11     12     46     00    000   7.90  -5.85  -1.55
2024      5     11     12     46     30    000   7.90  -5.83  -1.55
2024      5     11     12     47     00    000   7.89  -5.82  -1.54
2024      5     11     12     47     30    000   7.89  -5.81  -1.54
2024      5     11     12     48     00    000   7.88  -5.80  -1.54
2024      5     11     12     48     30    000   7.87  -5.79  -1.53
2024      5     11     12     49     00    000   7.87  -5.78  -1.53
2024      5     11     12     49     30    000   7.86  -5.77  -1.53
2024      5     11     12     50     00    000   7.85  -5.75  -1.52
2024      5     11     12     50     30    000   7.85  -5.74  -1.52
2024      5     11     12     51     00    000   7.84  -5.73  -1.51
2024      5     11     12     51     30    000   7.84  -5.72  -1.51
2024      5     11     12     52     00    000   7.83  -5.71  -1.51
2024      5     11     12     52     30    000   7.82  -5.70  -1.50
2024      5     11     12     53     00    000   7.82  -5.68  -1.50
2024      5     11     12     53     30    000   7.81  -5.67  -1.49
2024      5     11     12     54     00    000   7.80  -5.66  -1.49
2024      5     11     12     54     30    000   7.80  -5.65  -1.49
2024      5     11     12     55     00    000   7.79  -5.64  -1.48
2024      5     11     12     55     30    000   7.79  -5.63  -1.48
2024      5     11     12     56     00    000   7.78  -5.61  -1.48
2024      5     11     12     56     30    000   7.77  -5.60  -1.47
2024      5     11     12     57     00    000   7.77  -5.59  -1.47
2024      5     11     12     57     30    000   7.76  -5.58  -1.46
2024      5     11     12     58     00    000   7.75  -5.57  -1.46
2024      5     11     12     58     30    000   7.75  -5.56  -1.46
2024      5     11     12     59     00    000   7.74  -5.54  -1.45
2024      5     11     12     59     30    000   7.73  -5.53  -1.45
2024      5     11     13     00     00    000   7.73  -5.52  -1.44
2024      5     11     13     00     30    000   7.72  -5.51  -1.44
2024      5     11     13     01     00    000   7.71  -5.50  -1.44
2024      5     11     13     01     30    000   7.71  -5.49  -1.43
2024      5     11     13     02     00    000   7.70  -5.47  -1.43
2024      5     11     13     02     30    000   7.70  -5.46  -1.42
2024      5     11     13     03     00    000   7.69  -5.45  -1.42
2024      5     11     13     03     30    000   7.68  -5.44  -1.42
2024      5     11     13     04     00    000   7.68  -5.43  -1.41
2024      5     11     13     04     30    000   7.67  -5.41  -1.41
2024      5     11     13     05     00    000   7.66  -5.40  -1.41
2024      5     11     13     05     30    000   7.66  -5.39  -1.40
2024      5     11     13     06     00    000   7.65  -5.38  -1.40
2024      5     11     13     06     30    000   7.64  -5.37  -1.39
2024      5     11     13     07     00    000   7.64  -5.36  -1.39
2024      5     11     13     07     30    000   7.63  -5.34  -1.39
2024      5     11     13     08     00    000   7.62  -5.33  -1.38
2024      5     11     13     08     30    000   7.62  -5.32  -1.38
2024      5     11     13     09     00    000   7.61  -5.31  -1.37
2024      5     11     13     09     30    000   7.60  -5.30  -1.37
2024      5     11     13     10     00    000   7.60  -5.28  -1.37
2024      5     11     13     10     30    000   7.59  -5.27  -1.36
2024      5     11     13     11     00    000   7.58  -5.26  -1.36
2024      5     11     13     11     30    000   7.58  -5.25  -1.35
2024      5     11     13     12     00    000   7.57  -5.24  -1.35
2024      5     11     13     12     30    000   7.56  -5.22  -1.35
2024      5     11     13     13     00    000   7.56  -5.21  -1.34
2024      5     11     13     13     30    000   7.55  -5.20  -1.34
2024      5     11     13     14     00    000   7.54  -5.19  -1.33
2024      5     11     13     14     30    000   7.53  -5.18  -1.33
2024      5     11     13     15     00    000   7.53  -5.16  -1.33
2024      5     11     13     15     30    000   7.52  -5.15  -1.32
2024      5     11     13     16     00    000   7.51  -5.14  -1.32
2024      5     11     13     16     30    000   7.51  -5.13  -1.31
2024      5     11     13     17     00    000   7.50  -5.12  -1.31
2024      5     11     13     17     30    000   7.49  -5.10  -1.31
2024      5     11     13     18     00    000   7.49  -5.09  -1.30
2024      5     11     13     18     30    000   7.48  -5.08  -1.30
2024      5     11     13     19     00    000   7.47  -5.07  -1.29
2024      5     11     13     19     30    000   7.47  -5.06  -1.29
2024      5     11     13     20     00    000   7.46  -5.04  -1.29
2024      5     11     13     20     30    000   7.45  -5.03  -1.28
2024      5     11     13     21     00    000   7.45  -5.02  -1.28
2024      5     11     13     21     30    000   7.44  -5.01  -1.27
2024      5     11     13     22     00    000   7.43  -5.00  -1.27
2024      5     11     13     22     30    000   7.42  -4.98  -1.27
2024      5     11     13     23     00    000   7.42  -4.97  -1.26
2024      5     11     13     23     30    000   7.41  -4.96  -1.26
2024      5     11     13     24     00    000   7.40  -4.95  -1.25
2024      5     11     13     24     30    000   7.40  -4.94  -1.25
2024      5     11     13     25     00    000   7.39  -4.92  -1.25
2024      5     11     13     25     30    000   7.38  -4.91  -1.24
2024      5     11     13     26     00    000   7.37  -4.90  -1.24
2024      5     11     13     26     30    000   7.37  -4.89  -1.23
2024      5     11     13     27     00    000   7.36  -4.87  -1.23
2024      5     11     13     27     30    000   7.35  -4.86  -1.23
2024      5     11     13     28     00    000   7.35  -4.85  -1.22
2024      5     11     13     28     30    000   7.34  -4.84  -1.22
2024      5     11     13     29     00    000   7.33  -4.83  -1.21
2024      5     11     13     29     30    000   7.32  -4.81  -1.21
2024      5     11     13     30     00    000   7.32  -4.80  -1.21
2024      5     11     13     30     30    000   7.31  -4.79  -1.20
2024      5     11     13     31     00    000   7.30  -4.78  -1.20
2024      5     11     13     31     30    000   7.29  -4.76  -1.19
2024      5     11     13     32     00    000   7.29  -4.75  -1.19
2024      5     11     13     32     30    000   7.28  -4.74  -1.18
2024      5     11     13     33     00    000   7.27  -4.73  -1.18
2024      5     11     13     33     30    000   7.27  -4.72  -1.18
2024      5     11     13     34     00    000   7.26  -4.70  -1.17
2024      5     11     13     34     30    000   7.25  -4.69  -1.17
2024      5     11     13     35     00    000   7.24  -4.68  -1.16
2024      5     11     13     35     30    000   7.24  -4.67  -1.16
2024      5     11     13     36     00    000   7.23  -4.65  -1.16
2024      5     11     13     36     30    000   7.22  -4.64  -1.15
2024      5     11     13     37     00    000   7.21  -4.63  -1.15
2024      5     11     13     37     30    000   7.21  -4.62  -1.14
2024      5     11     13     38     00    000   7.20  -4.60  -1.14
2024      5     11     13     38     30    000   7.19  -4.59  -1.14
2024      5     11     13     39     00    000   7.18  -4.58  -1.13
2024      5     11     13     39     30    000   7.18  -4.57  -1.13
2024      5     11     13     40     00    000   7.17  -4.55  -1.12
2024      5     11     13     40     30    000   7.16  -4.54  -1.12
2024      5     11     13     41     00    000   7.15  -4.53  -1.11
2024      5     11     13     41     30    000   7.15  -4.52  -1.11
2024      5     11     13     42     00    000   7.14  -4.50  -1.11
2024      5     11     13     42     30    000   7.13  -4.49  -1.10
2024      5     11     13     43     00    000   7.12  -4.48  -1.10
2024      5     11     13     43     30    000   7.12  -4.47  -1.09
2024      5     11     13     44     00    000   7.11  -4.45  -1.09
2024      5     11     13     44     30    000   7.10  -4.44  -1.08
2024      5     11     13     45     00    000   7.09  -4.43  -1.08
2024      5     11     13     45     30    000   7.08  -4.42  -1.08
2024      5     11     13     46     00    000   7.08  -4.40  -1.07
2024      5     11     13     46     30    000   7.07  -4.39  -1.07
2024      5     11     13     47     00    000   7.06  -4.38  -1.06
2024      5     11     13     47     30    000   7.05  -4.37  -1.06
2024      5     11     13     48     00    000   7.05  -4.35  -1.05
2024      5     11     13     48     30    000   7.04  -4.34  -1.05
2024      5     11     13     49     00    000   7.03  -4.33  -1.05
2024      5     11     13     49     30    000   7.02  -4.32  -1.04
2024      5     11     13     50     00    000   7.01  -4.30  -1.04
2024      5     11     13     50     30    000   7.01  -4.29  -1.03
2024      5     11     13     51     00    000   7.00  -4.28  -1.03
2024      5     11     13     51     30    000   6.99  -4.27  -1.02
2024      5     11     13     52     00    000   6.98  -4.25  -1.02
2024      5     11     13     52     30    000   6.97  -4.24  -1.02
2024      5     11     13     53     00    000   6.97  -4.23  -1.01
2024      5     11     13     53     30    000   6.96  -4.22  -1.01
2024      5     11     13     54     00    000   6.95  -4.20  -1.00
2024      5     11     13     54     30    000   6.94  -4.19  -1.00
2024      5     11     13     55     00    000   6.93  -4.18  -0.99
2024      5     11     13     55     30    000   6.93  -4.17  -0.99
2024      5     11     13     56     00    000   6.92  -4.15  -0.99
2024      5     11     13     56     30    000   6.91  -4.14  -0.98
2024      5     11     13     57     00    000   6.90  -4.13  -0.98
2024      5     11     13     57     30    000   6.89  -4.11  -0.97
2024      5     11     13     58     00    000   6.89  -4.10  -0.97
2024      5     11     13     58     30    000   6.88  -4.09  -0.96
2024      5     11     13     59     00    000   6.87  -4.08  -0.96
2024      5     11     13     59     30    000   6.86  -4.06  -0.95
2024      5     11     14     00     00    000   6.85  -4.05  -0.95
2024      5     11     14     00     30    000   6.84  -4.04  -0.95
2024      5     11     14     01     00    000   6.84  -4.03  -0.94
2024      5     11     14     01     30    000   6.83  -4.01  -0.94
2024      5     11     14     02     00    000   6.82  -4.00  -0.93
2024      5     11     14     02     30    000   6.81  -3.99  -0.93
2024      5     11     14     03     00    000   6.80  -3.97  -0.92
2024      5     11     14     03     30    000   6.79  -3.96  -0.92
2024      5     11     14     04     00    000   6.79  -3.95  -0.91
2024      5     11     14     04     30    000   6.78  -3.94  -0.91
2024      5     11     14     05     00    000   6.77  -3.92  -0.90
2024      5     11     14     05     30    000   6.76  -3.91  -0.90
2024      5     11     14     06     00    000   6.75  -3.90  -0.90
2024      5     11     14     06     30    000   6.74  -3.88  -0.89
2024      5     11     14     07     00    000   6.74  -3.87  -0.89
2024      5     11     14     07     30    000   6.73  -3.86  -0.88
2024      5     11     14     08     00    000   6.72  -3.85  -0.88
2024      5     11     14     08     30    000   6.71  -3.83  -0.87
2024      5     11     14     09     00    000   6.70  -3.82  -0.87
2024      5     11     14     09     30    000   6.69  -3.81  -0.86
2024      5     11     14     10     00    000   6.68  -3.79  -0.86
2024      5     11     14     10     30    000   6.68  -3.78  -0.85
2024      5     11     14     11     00    000   6.67  -3.77  -0.85
2024      5     11     14     11     30    000   6.66  -3.76  -0.85
2024      5     11     14     12     00    000   6.65  -3.74  -0.84
2024      5     11     14     12     30    000   6.64  -3.73  -0.84
2024      5     11     14     13     00    000   6.63  -3.72  -0.83
2024      5     11     14     13     30    000   6.62  -3.70  -0.83
2024      5     11     14     14     00    000   6.61  -3.69  -0.82
2024      5     11     14     14     30    000   6.61  -3.68  -0.82
2024      5     11     14     15     00    000   6.60  -3.66  -0.81
2024      5     11     14     15     30    000   6.59  -3.65  -0.81
2024      5     11     14     16     00    000   6.58  -3.64  -0.80
2024      5     11     14     16     30    000   6.57  -3.63  -0.80
2024      5     11     14     17     00    000   6.56  -3.61  -0.79
2024      5     11     14     17     30    000   6.55  -3.60  -0.79
2024      5     11     14     18     00    000   6.54  -3.59  -0.78
2024      5     11     14     18     30    000   6.53  -3.57  -0.78
2024      5     11     14     19     00    000   6.53  -3.56  -0.78
2024      5     11     14     19     30    000   6.52  -3.55  -0.77
2024      5     11     14     20     00    000   6.51  -3.53  -0.77
2024      5     11     14     20     30    000   6.50  -3.52  -0.76
2024      5     11     14     21     00    000   6.49  -3.51  -0.76
2024      5     11     14     21     30    000   6.48  -3.49  -0.75
2024      5     11     14     22     00    000   6.47  -3.48  -0.75
2024      5     11     14     22     30    000   6.46  -3.47  -0.74
2024      5     11     14     23     00    000   6.45  -3.45  -0.74
2024      5     11     14     23     30    000   6.44  -3.44  -0.73
2024      5     11     14     24     00    000   6.43  -3.43  -0.73
2024      5     11     14     24     30    000   6.43  -3.41  -0.72
2024      5     11     14     25     00    000   6.42  -3.40  -0.72
2024      5     11     14     25     30    000   6.41  -3.39  -0.71
2024      5     11     14     26     00    000   6.40  -3.38  -0.71
2024      5     11     14     26     30    000   6.39  -3.36  -0.70
2024      5     11     14     27     00    000   6.38  -3.35  -0.70
2024      5     11     14     27     30    000   6.37  -3.34  -0.69
2024      5     11     14     28     00    000   6.36  -3.32  -0.69
2024      5     11     14     28     30    000   6.35  -3.31  -0.68
2024      5     11     14     29     00    000   6.34  -3.30  -0.68
2024      5     11     14     29     30    000   6.33  -3.28  -0.67
2024      5     11     14     30     00    000   6.32  -3.27  -0.67
2024      5     11     14     30     30    000   6.31  -3.26  -0.66
2024      5     11     14     31     00    000   6.30  -3.24  -0.66
2024      5     11     14     31     30    000   6.29  -3.23  -0.65
2024      5     11     14     32     00    000   6.28  -3.22  -0.65
2024      5     11     14     32     30    000   6.27  -3.20  -0.64
2024      5     11     14     33     00    000   6.27  -3.19  -0.64
2024      5     11     14     33     30    000   6.26  -3.18  -0.63
2024      5     11     14     34     00    000   6.25  -3.16  -0.63
2024      5     11     14     34     30    000   6.24  -3.15  -0.62
2024      5     11     14     35     00    000   6.23  -3.14  -0.62
2024      5     11     14     35     30    000   6.22  -3.12  -0.61
2024      5     11     14     36     00    000   6.21  -3.11  -0.61
2024      5     11     14     36     30    000   6.20  -3.10  -0.60
2024      5     11     14     37     00    000   6.19  -3.08  -0.60
2024      5     11     14     37     30    000   6.18  -3.07  -0.59
2024      5     11     14     38     00    000   6.17  -3.05  -0.59
2024      5     11     14     38     30    000   6.16  -3.04  -0.58
2024      5     11     14     39     00    000   6.15  -3.03  -0.58
2024      5     11     14     39     30    000   6.14  -3.01  -0.57
2024      5     11     14     40     00    000   6.13  -3.00  -0.57
2024      5     11     14     40     30    000   6.12  -2.99  -0.56
2024      5     11     14     41     00    000   6.11  -2.97  -0.56
2024      5     11     14     41     30    000   6.10  -2.96  -0.55
2024      5     11     14     42     00    000   6.09  -2.95  -0.55
2024      5     11     14     42     30    000   6.08  -2.93  -0.54
2024      5     11     14     43     00    000   6.07  -2.92  -0.54
2024      5     11     14     43     30    000   6.06  -2.91  -0.53
2024      5     11     14     44     00    000   6.05  -2.89  -0.53
2024      5     11     14     44     30    000   6.04  -2.88  -0.52
2024      5     11     14     45     00    000   6.03  -2.87  -0.52
2024      5     11     14     45     30    000   6.02  -2.85  -0.51
2024      5     11     14     46     00    000   6.01  -2.84  -0.51
2024      5     11     14     46     30    000   6.00  -2.82  -0.50
2024      5     11     14     47     00    000   5.99  -2.81  -0.50
2024      5     11     14     47     30    000   5.97  -2.80  -0.49
2024      5     11     14     48     00    000   5.96  -2.78  -0.49
2024      5     11     14     48     30    000   5.95  -2.77  -0.48
2024      5     11     14     49     00    000   5.94  -2.76  -0.48
2024      5     11     14     49     30    000   5.93  -2.74  -0.47
2024      5     11     14     50     00    000   5.92  -2.73  -0.46
2024      5     11     14     50     30    000   5.91  -2.72  -0.46
2024      5     11     14     51     00    000   5.90  -2.70  -0.45
2024      5     11     14     51     30    000   5.89  -2.69  -0.45
2024      5     11     14     52     00    000   5.88  -2.67  -0.44
2024      5     11     14     52     30    000   5.87  -2.66  -0.44
2024      5     11     14     53     00    000   5.86  -2.65  -0.43
2024      5     11     14     53     30    000   5.85  -2.63  -0.43
2024      5     11     14     54     00    000   5.84  -2.62  -0.42
2024      5     11     14     54     30    000   5.83  -2.61  -0.42
2024      5     11     14     55     00    000   5.82  -2.59  -0.41
2024      5     11     14     55     30    000   5.80  -2.58  -0.41
2024      5     11     14     56     00    000   5.79  -2.56  -0.40
2024      5     11     14     56     30    000   5.78  -2.55  -0.40
2024      5     11     14     57     00    000   5.77  -2.54  -0.39
2024      5     11     14     57     30    000   5.76  -2.52  -0.38
2024      5     11     14     58     00    000   5.75  -2.51  -0.38
2024      5     11     14     58     30    000   5.74  -2.49  -0.37
2024      5     11     14     59     00    000   5.73  -2.48  -0.37
2024      5     11     14     59     30    000   5.72  -2.47  -0.36
2024      5     11     15     00     00    000   5.71  -2.45  -0.36
2024      5     11     15     00     30    000   5.69  -2.44  -0.35
2024      5     11     15     01     00    000   5.68  -2.42  -0.35
2024      5     11     15     01     30    000   5.67  -2.41  -0.34
2024      5     11     15     02     00    000   5.66  -2.40  -0.33
2024      5     11     15     02     30    000   5.65  -2.38  -0.33
2024      5     11     15     03     00    000   5.64  -2.37  -0.32
2024      5     11     15     03     30    000   5.63  -2.36  -0.32
2024      5     11     15     04     00    000   5.61  -2.34  -0.31
2024      5     11     15     04     30    000   5.60  -2.33  -0.31
2024      5     11     15     05     00    000   5.59  -2.31  -0.30
2024      5     11     15     05     30    000   5.58  -2.30  -0.30
2024      5     11     15     06     00    000   5.57  -2.29  -0.29
2024      5     11     15     06     30    000   5.56  -2.27  -0.28
2024      5     11     15     07     00    000   5.55  -2.26  -0.28
2024      5     11     15     07     30    000   5.53  -2.24  -0.27
2024      5     11     15     08     00    000   5.52  -2.23  -0.27
2024      5     11     15     08     30    000   5.51  -2.21  -0.26
2024      5     11     15     09     00    000   5.50  -2.20  -0.26
2024      5     11     15     09     30    000   5.49  -2.19  -0.25
2024      5     11     15     10     00    000   5.48  -2.17  -0.24
2024      5     11     15     10     30    000   5.46  -2.16  -0.24
2024      5     11     15     11     00    000   5.45  -2.14  -0.23
2024      5     11     15     11     30    000   5.44  -2.13  -0.23
2024      5     11     15     12     00    000   5.43  -2.12  -0.22
2024      5     11     15     12     30    000   5.42  -2.10  -0.22
2024      5     11     15     13     00    000   5.40  -2.09  -0.21
2024      5     11     15     13     30    000   5.39  -2.07  -0.20
2024      5     11     15     14     00    000   5.38  -2.06  -0.20
2024      5     11     15     14     30    000   5.37  -2.04  -0.19
2024      5     11     15     15     00    000   5.35  -2.03  -0.19
2024      5     11     15     15     30    000   5.34  -2.02  -0.18
2024      5     11     15     16     00    000   5.33  -2.00  -0.18
2024      5     11     15     16     30    000   5.32  -1.99  -0.17
2024      5     11     15     17     00    000   5.31  -1.97  -0.16
2024      5     11     15     17     30    000   5.29  -1.96  -0.16
2024      5     11     15     18     00    000   5.28  -1.95  -0.15
2024      5     11     15     18     30    000   5.27  -1.93  -0.15
2024      5     11     15     19     00    000   5.26  -1.92  -0.14
2024      5     11     15     19     30    000   5.24  -1.90  -0.13
2024      5     11     15     20     00    000   5.23  -1.89  -0.13
2024      5     11     15     20     30    000   5.22  -1.87  -0.12
2024      5     11     15     21     00    000   5.20  -1.86  -0.12
2024      5     11     15     21     30    000   5.19  -1.84  -0.11
2024      5     11     15     22     00    000   5.18  -1.83  -0.10
2024      5     11     15     22     30    000   5.17  -1.82  -0.10
2024      5     11     15     23     00    000   5.15  -1.80  -0.09
2024      5     11     15     23     30    000   5.14  -1.79  -0.09
2024      5     11     15     24     00    000   5.13  -1.77  -0.08
2024      5     11     15     24     30    000   5.11  -1.76  -0.07
2024      5     11     15     25     00    000   5.10  -1.74  -0.07
2024      5     11     15     25     30    000   5.09  -1.73  -0.06
2024      5     11     15     26     00    000   5.08  -1.72  -0.06
2024      5     11     15     26     30    000   5.06  -1.70  -0.05
2024      5     11     15     27     00    000   5.05  -1.69  -0.04
2024      5     11     15     27     30    000   5.04  -1.67  -0.04
2024      5     11     15     28     00    000   5.02  -1.66  -0.03
2024      5     11     15     28     30    000   5.01  -1.64  -0.03
2024      5     11     15     29     00    000   5.00  -1.63  -0.02
2024      5     11     15     29     30    000   4.98  -1.61  -0.01
2024      5     11     15     30     00    000   4.97  -1.60  -0.01
2024      5     11     15     30     30    000   4.96  -1.58  -0.00
2024      5     11     15     31     00    000   4.94  -1.57   0.00
2024      5     11     15     31     30    000   4.93  -1.56   0.01
2024      5     11     15     32     00    000   4.91  -1.54   0.02
2024      5     11     15     32     30    000   4.90  -1.53   0.02
2024      5     11     15     33     00    000   4.89  -1.51   0.03
2024      5     11     15     33     30    000   4.87  -1.50   0.04
2024      5     11     15     34     00    000   4.86  -1.48   0.04
2024      5     11     15     34     30    000   4.84  -1.47   0.05
2024      5     11     15     35     00    000   4.83  -1.45   0.05
2024      5     11     15     35     30    000   4.82  -1.44   0.06
2024      5     11     15     36     00    000   4.80  -1.42   0.07
2024      5     11     15     36     30    000   4.79  -1.41   0.07
2024      5     11     15     37     00    000   4.77  -1.39   0.08
2024      5     11     15     37     30    000   4.76  -1.38   0.09
2024      5     11     15     38     00    000   4.75  -1.36   0.09
2024      5     11     15     38     30    000   4.73  -1.35   0.10
2024      5     11     15     39     00    000   4.72  -1.34   0.10
2024      5     11     15     39     30    000   4.70  -1.32   0.11
2024      5     11     15     40     00    000   4.69  -1.31   0.12
2024      5     11     15     40     30    000   4.67  -1.29   0.12
2024      5     11     15     41     00    000   4.66  -1.28   0.13
2024      5     11     15     41     30    000   4.64  -1.26   0.14
2024      5     11     15     42     00    000   4.63  -1.25   0.14
2024      5     11     15     42     30    000   4.61  -1.23   0.15
2024      5     11     15     43     00    000   4.60  -1.22   0.16
2024      5     11     15     43     30    000   4.58  -1.20   0.16
2024      5     11     15     44     00    000   4.57  -1.19   0.17
2024      5     11     15     44     30    000   4.55  -1.17   0.17
2024      5     11     15     45     00    000   4.54  -1.16   0.18
2024      5     11     15     45     30    000   4.52  -1.14   0.19
2024      5     11     15     46     00    000   4.51  -1.13   0.19
2024      5     11     15     46     30    000   4.49  -1.11   0.20
2024      5     11     15     47     00    000   4.48  -1.10   0.21
2024      5     11     15     47     30    000   4.46  -1.08   0.21
2024      5     11     15     48     00    000   4.45  -1.07   0.22
2024      5     11     15     48     30    000   4.43  -1.05   0.23
2024      5     11     15     49     00    000   4.42  -1.04   0.23
2024      5     11     15     49     30    000   4.40  -1.02   0.24
2024      5     11     15     50     00    000   4.38  -1.01   0.25
2024      5     11     15     50     30    000   4.37  -0.99   0.25
2024      5     11     15     51     00    000   4.35  -0.98   0.26
2024      5     11     15     51     30    000   4.34  -0.96   0.26
2024      5     11     15     52     00    000   4.32  -0.95   0.27
2024      5     11     15     52     30    000   4.30  -0.93   0.28
2024      5     11     15     53     00    000   4.29  -0.92   0.28
2024      5     11     15     53     30    000   4.27  -0.90   0.29
2024      5     11     15     54     00    000   4.26  -0.89   0.30
2024      5     11     15     54     30    000   4.24  -0.87   0.30
2024      5     11     15     55     00    000   4.22  -0.86   0.31
2024      5     11     15     55     30    000   4.21  -0.84   0.32
2024      5     11     15     56     00    000   4.19  -0.83   0.32
2024      5     11     15     56     30    000   4.17  -0.81   0.33
2024      5     11     15     57     00    000   4.16  -0.80   0.34
2024      5     11     15     57     30    000   4.14  -0.78   0.34
2024      5     11     15     58     00    000   4.12  -0.77   0.35
2024      5     11     15     58     30    000   4.10  -0.75   0.36
2024      5     11     15     59     00    000   4.09  -0.74   0.36
2024      5     11     15     59     30    000   4.07  -0.72   0.37
2024      5     11     16     00     00    000   4.05  -0.71   0.38
2024      5     11     16     00     30    000   4.04  -0.69   0.38
2024      5     11     16     01     00    000   4.02  -0.68   0.39
2024      5     11     16     01     30    000   4.00  -0.66   0.40
2024      5     11     16     02     00    000   3.98  -0.65   0.40
2024      5     11     16     02     30    000   3.97  -0.63   0.41
2024      5     11     16     03     00    000   3.95  -0.61   0.42
2024      5     11     16     03     30    000   3.93  -0.60   0.42
2024      5     11     16     04     00    000   3.91  -0.58   0.43
2024      5     11     16     04     30    000   3.89  -0.57   0.44
2024      5     11     16     05     00    000   3.88  -0.55   0.44
2024      5     11     16     05     30    000   3.86  -0.54   0.45
2024      5     11     16     06     00    000   3.84  -0.52   0.46
2024      5     11     16     06     30    000   3.82  -0.51   0.46
2024      5     11     16     07     00    000   3.80  -0.49   0.47
2024      5     11     16     07     30    000   3.79  -0.48   0.48
2024      5     11     16     08     00    000   3.77  -0.46   0.48
2024      5     11     16     08     30    000   3.75  -0.45   0.49
2024      5     11     16     09     00    000   3.73  -0.43   0.50
2024      5     11     16     09     30    000   3.71  -0.42   0.50
2024      5     11     16     10     00    000   3.69  -0.40   0.51
2024      5     11     16     10     30    000   3.67  -0.39   0.52
2024      5     11     16     11     00    000   3.65  -0.37   0.52
2024      5     11     16     11     30    000   3.63  -0.35   0.53
2024      5     11     16     12     00    000   3.61  -0.34   0.54
2024      5     11     16     12     30    000   3.59  -0.32   0.54
2024      5     11     16     13     00    000   3.58  -0.31   0.55
2024      5     11     16     13     30    000   3.56  -0.29   0.56
2024      5     11     16     14     00    000   3.54  -0.28   0.56
2024      5     11     16     14     30    000   3.52  -0.26   0.57
2024      5     11     16     15     00    000   3.50  -0.25   0.58
2024      5     11     16     15     30    000   3.48  -0.23   0.58
2024      5     11     16     16     00    000   3.46  -0.22   0.59
2024      5     11     16     16     30    000   3.44  -0.20   0.60
2024      5     11     16     17     00    000   3.41  -0.19   0.60
2024      5     11     16     17     30    000   3.39  -0.17   0.61
2024      5     11     16     18     00    000   3.37  -0.15   0.62
2024      5     11     16     18     30    000   3.35  -0.14   0.62
2024      5     11     16     19     00    000   3.33  -0.12   0.63
2024      5     11     16     19     30    000   3.31  -0.11   0.63
2024      5     11     16     20     00    000   3.29  -0.09   0.64
2024      5     11     16     20     30    000   3.27  -0.08   0.65
2024      5     11     16     21     00    000   3.25  -0.06   0.65
2024      5     11     16     21     30    000   3.23  -0.05   0.66
2024      5     11     16     22     00    000   3.20  -0.03   0.67
2024      5     11     16     22     30    000   3.18  -0.02   0.67
2024      5     11     16     23     00    000   3.16  -0.00   0.68
2024      5     11     16     23     30    000   3.14   0.01   0.69
2024      5     11     16     24     00    000   3.12   0.03   0.69
2024      5     11     16     24     30    000   3.09   0.05   0.70
2024      5     11     16     25     00    000   3.07   0.06   0.71
2024      5     11     16     25     30    000   3.05   0.08   0.71
2024      5     11     16     26     00    000   3.03   0.09   0.72
2024      5     11     16     26     30    000   3.00   0.11   0.73
2024      5     11     16     27     00    000   2.98   0.12   0.73
2024      5     11     16     27     30    000   2.96   0.14   0.74
2024      5     11     16     28     00    000   2.93   0.15   0.74
2024      5     11     16     28     30    000   2.91   0.17   0.75
2024      5     11     16     29     00    000   2.89   0.18   0.76
2024      5     11     16     29     30    000   2.86   0.20   0.76
2024      5     11     16     30     00    000   2.84   0.21   0.77
2024      5     11     16     30     30    000   2.82   0.23   0.77
2024      5     11     16     31     00    000   2.79   0.24   0.78
2024      5     11     16     31     30    000   2.77   0.26   0.79
2024      5     11     16     32     00    000   2.74   0.27   0.79
2024      5     11     16     32     30    000   2.72   0.29   0.80
2024      5     11     16     33     00    000   2.69   0.30   0.80
2024      5     11     16     33     30    000   2.67   0.32   0.81
2024      5     11     16     34     00    000   2.64   0.33   0.82
2024      5     11     16     34     30    000   2.62   0.35   0.82
2024      5     11     16     35     00    000   2.59   0.36   0.83
2024      5     11     16     35     30    000   2.57   0.38   0.83
2024      5     11     16     36     00    000   2.54   0.39   0.84
2024      5     11     16     36     30    000   2.52   0.41   0.85
2024      5     11     16     37     00    000   2.49   0.42   0.85
2024      5     11     16     37     30    000   2.46   0.44   0.86
2024      5     11     16     38     00    000   2.44   0.45   0.86
2024      5     11     16     38     30    000   2.41   0.47   0.87
2024      5     11     16     39     00    000   2.38   0.48   0.87
2024      5     11     16     39     30    000   2.36   0.50   0.88
2024      5     11     16     40     00    000   2.33   0.51   0.88
2024      5     11     16     40     30    000   2.30   0.53   0.89
2024      5     11     16     41     00    000   2.27   0.54   0.89
2024      5     11     16     41     30    000   2.25   0.56   0.90
2024      5     11     16     42     00    000   2.22   0.57   0.90
2024      5     11     16     42     30    000   2.19   0.59   0.91
2024      5     11     16     43     00    000   2.16   0.60   0.91
2024      5     11     16     43     30    000   2.13   0.61   0.92
2024      5     11     16     44     00    000   2.10   0.63   0.92
2024      5     11     16     44     30    000   2.07   0.64   0.93
2024      5     11     16     45     00    000   2.04   0.66   0.93
2024      5     11     16     45     30    000   2.01   0.67   0.94
2024      5     11     16     46     00    000   1.98   0.68   0.94
2024      5     11     16     46     30    000   1.95   0.70   0.95
2024      5     11     16     47     00    000   1.92   0.71   0.95
2024      5     11     16     47     30    000   1.89   0.73   0.95
2024      5     11     16     48     00    000   1.86   0.74   0.96
2024      5     11     16     48     30    000   1.83   0.75   0.96
2024      5     11     16     49     00    000   1.80   0.77   0.96
2024      5     11     16     49     30    000   1.77   0.78   0.97
2024      5     11     16     50     00    000   1.74   0.79   0.97
2024      5     11     16     50     30    000   1.71   0.81   0.98
2024      5     11     16     51     00    000   1.67   0.82   0.98
2024      5     11     16     51     30    000   1.64   0.83   0.98
2024      5     11     16     52     00    000   1.61   0.84   0.98
2024      5     11     16     52     30    000   1.58   0.86   0.99
2024      5     11     16     53     00    000   1.54   0.87   0.99
2024      5     11     16     53     30    000   1.51   0.88   0.99
2024      5     11     16     54     00    000   1.48   0.89   0.99
2024      5     11     16     54     30    000   1.44   0.91   1.00
2024      5     11     16     55     00    000   1.41   0.92   1.00
2024      5     11     16     55     30    000   1.37   0.93   1.00
2024      5     11     16     56     00    000   1.34   0.94   1.00
2024      5     11     16     56     30    000   1.30   0.95   1.00
2024      5     11     16     57     00    000   1.27   0.96   1.01
2024      5     11     16     57     30    000   1.23   0.97   1.01
2024      5     11     16     58     00    000   1.20   0.98   1.01
2024      5     11     16     58     30    000   1.16   0.99   1.01
2024      5     11     16     59     00    000   1.12   1.00   1.01
2024      5     11     16     59     30    000   1.09   1.01   1.01
2024      5     11     17     00     00    000   1.05   1.02   1.01
2024      5     11     17     00     30    000   1.01   1.03   1.01
2024      5     11     17     01     00    000   0.98   1.04   1.01
2024      5     11     17     01     30    000   0.94   1.05   1.01
2024      5     11     17     02     00    000   0.90   1.06   1.01
2024      5     11     17     02     30    000   0.86   1.07   1.00
2024      5     11     17     03     00    000   0.82   1.08   1.00
2024      5     11     17     03     30    000   0.79   1.09   1.00
2024      5     11     17     04     00    000   0.75   1.09   1.00
2024      5     11     17     04     30    000   0.71   1.10   1.00
2024      5     11     17     05     00    000   0.67   1.11   0.99
2024      5     11     17     05     30    000   0.63   1.11   0.99
2024      5     11     17     06     00    000   0.59   1.12   0.99
2024      5     11     17     06     30    000   0.55   1.12   0.98
2024      5     11     17     07     00    000   0.51   1.13   0.98
2024      5     11     17     07     30    000   0.47   1.13   0.97
2024      5     11     17     08     00    000   0.43   1.14   0.97
2024      5     11     17     08     30    000   0.39   1.14   0.96
2024      5     11     17     09     00    000   0.35   1.15   0.96
2024      5     11     17     09     30    000   0.31   1.15   0.95
2024      5     11     17     10     00    000   0.27   1.15   0.95
2024      5     11     17     10     30    000   0.22   1.16   0.94
2024      5     11     17     11     00    000   0.18   1.16   0.93
2024      5     11     17     11     30    000   0.14   1.16   0.93
2024      5     11     17     12     00    000   0.10   1.16   0.92
2024      5     11     17     12     30    000   0.06   1.16   0.91
2024      5     11     17     13     00    000   0.02   1.16   0.90
2024      5     11     17     13     30    000  -0.02   1.16   0.89
2024      5     11     17     14     00    000  -0.06   1.16   0.88
2024      5     11     17     14     30    000  -0.11   1.16   0.87
2024      5     11     17     15     00    000  -0.15   1.16   0.86
2024      5     11     17     15     30    000  -0.19   1.15   0.85
2024      5     11     17     16     00    000  -0.23   1.15   0.84
2024      5     11     17     16     30    000  -0.27   1.15   0.83
2024      5     11     17     17     00    000  -0.31   1.14   0.82
2024      5     11     17     17     30    000  -0.35   1.14   0.81
2024      5     11     17     18     00    000  -0.39   1.13   0.80
2024      5     11     17     18     30    000  -0.43   1.13   0.78
2024      5     11     17     19     00    000  -0.47   1.12   0.77
2024      5     11     17     19     30    000  -0.51   1.11   0.76
2024      5     11     17     20     00    000  -0.55   1.11   0.74
2024      5     11     17     20     30    000  -0.59   1.10   0.73
2024      5     11     17     21     00    000  -0.63   1.09   0.71
2024      5     11     17     21     30    000  -0.67   1.08   0.70
2024      5     11     17     22     00    000  -0.71   1.07   0.68
2024      5     11     17     22     30    000  -0.75   1.06   0.67
2024      5     11     17     23     00    000  -0.79   1.05   0.65
2024      5     11     17     23     30    000  -0.82   1.04   0.64
2024      5     11     17     24     00    000  -0.86   1.03   0.62
2024      5     11     17     24     30    000  -0.90   1.02   0.60
2024      5     11     17     25     00    000  -0.93   1.01   0.59
2024      5     11     17     25     30    000  -0.97   1.00   0.57
2024      5     11     17     26     00    000  -1.01   0.98   0.55
2024      5     11     17     26     30    000  -1.04   0.97   0.53
2024      5     11     17     27     00    000  -1.08   0.96   0.52
2024      5     11     17     27     30    000  -1.11   0.94   0.50
2024      5     11     17     28     00    000  -1.15   0.93   0.48
2024      5     11     17     28     30    000  -1.18   0.91   0.46
2024      5     11     17     29     00    000  -1.21   0.90   0.44
2024      5     11     17     29     30    000  -1.24   0.88   0.42
2024      5     11     17     30     00    000  -1.28   0.87   0.40
2024      5     11     17     30     30    000  -1.31   0.85   0.38
2024      5     11     17     31     00    000  -1.34   0.84   0.37
2024      5     11     17     31     30    000  -1.37   0.82   0.35
2024      5     11     17     32     00    000  -1.40   0.80   0.33
2024      5     11     17     32     30    000  -1.43   0.79   0.31
2024      5     11     17     33     00    000  -1.46   0.77   0.29
2024      5     11     17     33     30    000  -1.49   0.75   0.27
2024      5     11     17     34     00    000  -1.52   0.74   0.25
2024      5     11     17     34     30    000  -1.55   0.72   0.23
2024      5     11     17     35     00    000  -1.58   0.70   0.21
2024      5     11     17     35     30    000  -1.60   0.68   0.19
2024      5     11     17     36     00    000  -1.63   0.67   0.17
2024      5     11     17     36     30    000  -1.66   0.65   0.15
2024      5     11     17     37     00    000  -1.69   0.63   0.13
2024      5     11     17     37     30    000  -1.71   0.61   0.10
2024      5     11     17     38     00    000  -1.74   0.59   0.08
2024      5     11     17     38     30    000  -1.76   0.57   0.06
2024      5     11     17     39     00    000  -1.79   0.56   0.04
2024      5     11     17     39     30    000  -1.81   0.54   0.02
2024      5     11     17     40     00    000  -1.84   0.52   0.00
2024      5     11     17     40     30    000  -1.86   0.50  -0.02
2024      5     11     17     41     00    000  -1.88   0.48  -0.04
2024      5     11     17     41     30    000  -1.91   0.46  -0.06
2024      5     11     17     42     00    000  -1.93   0.44  -0.08
2024      5     11     17     42     30    000  -1.95   0.42  -0.10
2024      5     11     17     43     00    000  -1.97   0.40  -0.12
2024      5     11     17     43     30    000  -1.99   0.38  -0.14
2024      5     11     17     44     00    000  -2.02   0.36  -0.16
2024      5     11     17     44     30    000  -2.04   0.34  -0.18
2024      5     11     17     45     00    000  -2.06   0.32  -0.20
2024      5     11     17     45     30    000  -2.08   0.30  -0.22
2024      5     11     17     46     00    000  -2.10   0.29  -0.24
2024      5     11     17     46     30    000  -2.12   0.27  -0.26
2024      5     11     17     47     00    000  -2.14   0.25  -0.29
2024      5     11     17     47     30    000  -2.16   0.23  -0.31
2024      5     11     17     48     00    000  -2.18   0.21  -0.33
2024      5     11     17     48     30    000  -2.19   0.19  -0.35
2024      5     11     17     49     00    000  -2.21   0.17  -0.37
2024      5     11     17     49     30    000  -2.23   0.15  -0.39
2024      5     11     17     50     00    000  -2.25   0.13  -0.41
2024      5     11     17     50     30    000  -2.27   0.11  -0.43
2024      5     11     17     51     00    000  -2.28   0.09  -0.45
2024      5     11     17     51     30    000  -2.30   0.07  -0.47
2024      5     11     17     52     00    000  -2.32   0.05  -0.49
2024      5     11     17     52     30    000  -2.33   0.03  -0.51
2024      5     11     17     53     00    000  -2.35   0.01  -0.53
2024      5     11     17     53     30    000  -2.37  -0.01  -0.55
2024      5     11     17     54     00    000  -2.38  -0.03  -0.57
2024      5     11     17     54     30    000  -2.40  -0.05  -0.59
2024      5     11     17     55     00    000  -2.41  -0.07  -0.61
2024      5     11     17     55     30    000  -2.43  -0.09  -0.63
2024      5     11     17     56     00    000  -2.44  -0.11  -0.65
2024      5     11     17     56     30    000  -2.46  -0.13  -0.67
2024      5     11     17     57     00    000  -2.47  -0.15  -0.69
2024      5     11     17     57     30    000  -2.49  -0.17  -0.71
2024      5     11     17     58     00    000  -2.50  -0.19  -0.73
2024      5     11     17     58     30    000  -2.52  -0.21  -0.75
2024      5     11     17     59     00    000  -2.53  -0.22  -0.77
2024      5     11     17     59     30    000  -2.54  -0.24  -0.79
2024      5     11     18     00     00    000  -2.56  -0.26  -0.81
2024      5     11     18     00     30    000  -2.57  -0.28  -0.83
2024      5     11     18     01     00    000  -2.58  -0.30  -0.84
2024      5     11     18     01     30    000  -2.60  -0.32  -0.86
2024      5     11     18     02     00    000  -2.61  -0.34  -0.88
2024      5     11     18     02     30    000  -2.62  -0.36  -0.90
2024      5     11     18     03     00    000  -2.63  -0.38  -0.92
2024      5     11     18     03     30    000  -2.65  -0.40  -0.94
2024      5     11     18     04     00    000  -2.66  -0.42  -0.96
2024      5     11     18     04     30    000  -2.67  -0.44  -0.98
2024      5     11     18     05     00    000  -2.68  -0.46  -1.00
2024      5     11     18     05     30    000  -2.69  -0.47  -1.02
2024      5     11     18     06     00    000  -2.70  -0.49  -1.04
2024      5     11     18     06     30    000  -2.72  -0.51  -1.06
2024      5     11     18     07     00    000  -2.73  -0.53  -1.07
2024      5     11     18     07     30    000  -2.74  -0.55  -1.09
2024      5     11     18     08     00    000  -2.75  -0.57  -1.11
2024      5     11     18     08     30    000  -2.76  -0.59  -1.13
2024      5     11     18     09     00    000  -2.77  -0.61  -1.15
2024      5     11     18     09     30    000  -2.78  -0.62  -1.17
2024      5     11     18     10     00    000  -2.79  -0.64  -1.19
2024      5     11     18     10     30    000  -2.80  -0.66  -1.21
2024      5     11     18     11     00    000  -2.81  -0.68  -1.22
2024      5     11     18     11     30    000  -2.82  -0.70  -1.24
2024      5     11     18     12     00    000  -2.83  -0.72  -1.26
2024      5     11     18     12     30    000  -2.84  -0.74  -1.28
2024      5     11     18     13     00    000  -2.85  -0.75  -1.30
2024      5     11     18     13     30    000  -2.86  -0.77  -1.32
2024      5     11     18     14     00    000  -2.87  -0.79  -1.33
2024      5     11     18     14     30    000  -2.88  -0.81  -1.35
2024      5     11     18     15     00    000  -2.89  -0.83  -1.37
2024      5     11     18     15     30    000  -2.90  -0.84  -1.39
2024      5     11     18     16     00    000  -2.90  -0.86  -1.41
2024      5     11     18     16     30    000  -2.91  -0.88  -1.43
2024      5     11     18     17     00    000  -2.92  -0.90  -1.44
2024      5     11     18     17     30    000  -2.93  -0.92  -1.46
2024      5     11     18     18     00    000  -2.94  -0.93  -1.48
2024      5     11     18     18     30    000  -2.95  -0.95  -1.50
2024      5     11     18     19     00    000  -2.96  -0.97  -1.52
2024      5     11     18     19     30    000  -2.96  -0.99  -1.53
2024      5     11     18     20     00    000  -2.97  -1.01  -1.55
2024      5     11     18     20     30    000  -2.98  -1.02  -1.57
2024      5     11     18     21     00    000  -2.99  -1.04  -1.59
2024      5     11     18     21     30    000  -3.00  -1.06  -1.60
2024      5     11     18     22     00    000  -3.00  -1.08  -1.62
2024      5     11     18     22     30    000  -3.01  -1.09  -1.64
2024      5     11     18     23     00    000  -3.02  -1.11  -1.66
2024      5     11     18     23     30    000  -3.03  -1.13  -1.68
2024      5     11     18     24     00    000  -3.03  -1.14  -1.69
2024      5     11     18     24     30    000  -3.04  -1.16  -1.71
2024      5     11     18     25     00    000  -3.05  -1.18  -1.73
2024      5     11     18     25     30    000  -3.05  -1.20  -1.75
2024      5     11     18     26     00    000  -3.06  -1.21  -1.76
2024      5     11     18     26     30    000  -3.07  -1.23  -1.78
2024      5     11     18     27     00    000  -3.08  -1.25  -1.80
2024      5     11     18     27     30    000  -3.08  -1.27  -1.81
2024      5     11     18     28     00    000  -3.09  -1.28  -1.83
2024      5     11     18     28     30    000  -3.10  -1.30  -1.85
2024      5     11     18     29     00    000  -3.10  -1.32  -1.87
2024      5     11     18     29     30    000  -3.11  -1.33  -1.88
2024      5     11     18     30     00    000  -3.11  -1.35  -1.90
2024      5     11     18     30     30    000  -3.12  -1.37  -1.92
2024      5     11     18     31     00    000  -3.13  -1.38  -1.94
2024      5     11     18     31     30    000  -3.13  -1.40  -1.95
2024      5     11     18     32     00    000  -3.14  -1.42  -1.97
2024      5     11     18     32     30    000  -3.15  -1.43  -1.99
2024      5     11     18     33     00    000  -3.15  -1.45  -2.00
2024      5     11     18     33     30    000  -3.16  -1.47  -2.02
2024      5     11     18     34     00    000  -3.16  -1.48  -2.04
2024      5     11     18     34     30    000  -3.17  -1.50  -2.05
2024      5     11     18     35     00    000  -3.17  -1.52  -2.07
2024      5     11     18     35     30    000  -3.18  -1.53  -2.09
2024      5     11     18     36     00    000  -3.19  -1.55  -2.10
2024      5     11     18     36     30    000  -3.19  -1.56  -2.12
2024      5     11     18     37     00    000  -3.20  -1.58  -2.14
2024      5     11     18     37     30    000  -3.20  -1.60  -2.15
2024      5     11     18     38     00    000  -3.21  -1.61  -2.17
2024      5     11     18     38     30    000  -3.21  -1.63  -2.19
2024      5     11     18     39     00    000  -3.22  -1.65  -2.20
2024      5     11     18     39     30    000  -3.22  -1.66  -2.22
2024      5     11     18     40     00    000  -3.23  -1.68  -2.24
2024      5     11     18     40     30    000  -3.23  -1.69  -2.25
2024      5     11     18     41     00    000  -3.24  -1.71  -2.27
2024      5     11     18     41     30    000  -3.24  -1.72  -2.29
2024      5     11     18     42     00    000  -3.25  -1.74  -2.30
2024      5     11     18     42     30    000  -3.25  -1.76  -2.32
2024      5     11     18     43     00    000  -3.26  -1.77  -2.34
2024      5     11     18     43     30    000  -3.26  -1.79  -2.35
2024      5     11     18     44     00    000  -3.27  -1.80  -2.37
2024      5     11     18     44     30    000  -3.27  -1.82  -2.38
2024      5     11     18     45     00    000  -3.28  -1.83  -2.40
2024      5     11     18     45     30    000  -3.28  -1.85  -2.42
2024      5     11     18     46     00    000  -3.29  -1.87  -2.43
2024      5     11     18     46     30    000  -3.29  -1.88  -2.45
2024      5     11     18     47     00    000  -3.29  -1.90  -2.46
2024      5     11     18     47     30    000  -3.30  -1.91  -2.48
2024      5     11     18     48     00    000  -3.30  -1.93  -2.50
2024      5     11     18     48     30    000  -3.31  -1.94  -2.51
2024      5     11     18     49     00    000  -3.31  -1.96  -2.53
2024      5     11     18     49     30    000  -3.31  -1.97  -2.54
2024      5     11     18     50     00    000  -3.32  -1.99  -2.56
2024      5     11     18     50     30    000  -3.32  -2.00  -2.58
2024      5     11     18     51     00    000  -3.33  -2.02  -2.59
2024      5     11     18     51     30    000  -3.33  -2.03  -2.61
2024      5     11     18     52     00    000  -3.33  -2.05  -2.62
2024      5     11     18     52     30    000  -3.34  -2.06  -2.64
2024      5     11     18     53     00    000  -3.34  -2.08  -2.66
2024      5     11     18     53     30    000  -3.35  -2.09  -2.67
2024      5     11     18     54     00    000  -3.35  -2.11  -2.69
2024      5     11     18     54     30    000  -3.35  -2.12  -2.70
2024      5     11     18     55     00    000  -3.36  -2.14  -2.72
2024      5     11     18     55     30    000  -3.36  -2.15  -2.73
2024      5     11     18     56     00    000  -3.36  -2.17  -2.75
2024      5     11     18     56     30    000  -3.37  -2.18  -2.77
2024      5     11     18     57     00    000  -3.37  -2.20  -2.78
2024      5     11     18     57     30    000  -3.37  -2.21  -2.80
2024      5     11     18     58     00    000  -3.38  -2.23  -2.81
2024      5     11     18     58     30    000  -3.38  -2.24  -2.83
2024      5     11     18     59     00    000  -3.38  -2.26  -2.84
2024      5     11     18     59     30    000  -3.39  -2.27  -2.86
2024      5     11     19     00     00    000  -3.39  -2.29  -2.87
2024      5     11     19     00     30    000  -3.39  -2.30  -2.89
2024      5     11     19     01     00    000  -3.40  -2.31  -2.90
2024      5     11     19     01     30    000  -3.40  -2.33  -2.92
2024      5     11     19     02     00    000  -3.40  -2.34  -2.94
2024      5     11     19     02     30    000  -3.41  -2.36  -2.95
2024      5     11     19     03     00    000  -3.41  -2.37  -2.97
2024      5     11     19     03     30    000  -3.41  -2.39  -2.98
2024      5     11     19     04     00    000  -3.42  -2.40  -3.00
2024      5     11     19     04     30    000  -3.42  -2.42  -3.01
2024      5     11     19     05     00    000  -3.42  -2.43  -3.03
2024      5     11     19     05     30    000  -3.42  -2.44  -3.04
2024      5     11     19     06     00    000  -3.43  -2.46  -3.06
2024      5     11     19     06     30    000  -3.43  -2.47  -3.07
2024      5     11     19     07     00    000  -3.43  -2.49  -3.09
2024      5     11     19     07     30    000  -3.44  -2.50  -3.10
2024      5     11     19     08     00    000  -3.44  -2.51  -3.12
2024      5     11     19     08     30    000  -3.44  -2.53  -3.13
2024      5     11     19     09     00    000  -3.44  -2.54  -3.15
2024      5     11     19     09     30    000  -3.45  -2.56  -3.16
2024      5     11     19     10     00    000  -3.45  -2.57  -3.18
2024      5     11     19     10     30    000  -3.45  -2.58  -3.19
2024      5     11     19     11     00    000  -3.45  -2.60  -3.21
2024      5     11     19     11     30    000  -3.46  -2.61  -3.22
2024      5     11     19     12     00    000  -3.46  -2.62  -3.24
2024      5     11     19     12     30    000  -3.46  -2.64  -3.25
2024      5     11     19     13     00    000  -3.46  -2.65  -3.27
2024      5     11     19     13     30    000  -3.46  -2.67  -3.28
2024      5     11     19     14     00    000  -3.47  -2.68  -3.30
2024      5     11     19     14     30    000  -3.47  -2.69  -3.31
2024      5     11     19     15     00    000  -3.47  -2.71  -3.33
2024      5     11     19     15     30    000  -3.47  -2.72  -3.34
2024      5     11     19     16     00    000  -3.48  -2.73  -3.36
2024      5     11     19     16     30    000  -3.48  -2.75  -3.37
2024      5     11     19     17     00    000  -3.48  -2.76  -3.39
2024      5     11     19     17     30    000  -3.48  -2.77  -3.40
2024      5     11     19     18     00    000  -3.48  -2.79  -3.41
2024      5     11     19     18     30    000  -3.49  -2.80  -3.43
2024      5     11     19     19     00    000  -3.49  -2.81  -3.44
2024      5     11     19     19     30    000  -3.49  -2.83  -3.46
2024      5     11     19     20     00    000  -3.49  -2.84  -3.47
2024      5     11     19     20     30    000  -3.49  -2.85  -3.49
2024      5     11     19     21     00    000  -3.50  -2.87  -3.50
2024      5     11     19     21     30    000  -3.50  -2.88  -3.52
2024      5     11     19     22     00    000  -3.50  -2.89  -3.53
2024      5     11     19     22     30    000  -3.50  -2.91  -3.55
2024      5     11     19     23     00    000  -3.50  -2.92  -3.56
2024      5     11     19     23     30    000  -3.51  -2.93  -3.57
2024      5     11     19     24     00    000  -3.51  -2.95  -3.59
2024      5     11     19     24     30    000  -3.51  -2.96  -3.60
2024      5     11     19     25     00    000  -3.51  -2.97  -3.62
2024      5     11     19     25     30    000  -3.51  -2.99  -3.63
2024      5     11     19     26     00    000  -3.51  -3.00  -3.65
2024      5     11     19     26     30    000  -3.52  -3.01  -3.66
2024      5     11     19     27     00    000  -3.52  -3.02  -3.67
2024      5     11     19     27     30    000  -3.52  -3.04  -3.69
2024      5     11     19     28     00    000  -3.52  -3.05  -3.70
2024      5     11     19     28     30    000  -3.52  -3.06  -3.72
2024      5     11     19     29     00    000  -3.52  -3.08  -3.73
2024      5     11     19     29     30    000  -3.53  -3.09  -3.75
2024      5     11     19     30     00    000  -3.53  -3.10  -3.76
2024      5     11     19     30     30    000  -3.53  -3.11  -3.77
2024      5     11     19     31     00    000  -3.53  -3.13  -3.79
2024      5     11     19     31     30    000  -3.53  -3.14  -3.80
2024      5     11     19     32     00    000  -3.53  -3.15  -3.82
2024      5     11     19     32     30    000  -3.53  -3.17  -3.83
2024      5     11     19     33     00    000  -3.54  -3.18  -3.84
2024      5     11     19     33     30    000  -3.54  -3.19  -3.86
2024      5     11     19     34     00    000  -3.54  -3.20  -3.87
2024      5     11     19     34     30    000  -3.54  -3.22  -3.89
2024      5     11     19     35     00    000  -3.54  -3.23  -3.90
2024      5     11     19     35     30    000  -3.54  -3.24  -3.91
2024      5     11     19     36     00    000  -3.54  -3.25  -3.93
2024      5     11     19     36     30    000  -3.54  -3.27  -3.94
2024      5     11     19     37     00    000  -3.55  -3.28  -3.96
2024      5     11     19     37     30    000  -3.55  -3.29  -3.97
2024      5     11     19     38     00    000  -3.55  -3.30  -3.98
2024      5     11     19     38     30    000  -3.55  -3.32  -4.00
2024      5     11     19     39     00    000  -3.55  -3.33  -4.01
2024      5     11     19     39     30    000  -3.55  -3.34  -4.03
2024      5     11     19     40     00    000  -3.55  -3.35  -4.04
2024      5     11     19     40     30    000  -3.55  -3.36  -4.05
2024      5     11     19     41     00    000  -3.55  -3.38  -4.07
2024      5     11     19     41     30    000  -3.55  -3.39  -4.08
2024      5     11     19     42     00    000  -3.56  -3.40  -4.09
2024      5     11     19     42     30    000  -3.56  -3.41  -4.11
2024      5     11     19     43     00    000  -3.56  -3.43  -4.12
2024      5     11     19     43     30    000  -3.56  -3.44  -4.14
2024      5     11     19     44     00    000  -3.56  -3.45  -4.15
2024      5     11     19     44     30    000  -3.56  -3.46  -4.16
2024      5     11     19     45     00    000  -3.56  -3.47  -4.18
2024      5     11     19     45     30    000  -3.56  -3.49  -4.19
2024      5     11     19     46     00    000  -3.56  -3.50  -4.20
2024      5     11     19     46     30    000  -3.56  -3.51  -4.22
2024      5     11     19     47     00    000  -3.56  -3.52  -4.23
2024      5     11     19     47     30    000  -3.57  -3.53  -4.25
2024      5     11     19     48     00    000  -3.57  -3.55  -4.26
2024      5     11     19     48     30    000  -3.57  -3.56  -4.27
2024      5     11     19     49     00    000  -3.57  -3.57  -4.29
2024      5     11     19     49     30    000  -3.57  -3.58  -4.30
2024      5     11     19     50     00    000  -3.57  -3.59  -4.31
2024      5     11     19     50     30    000  -3.57  -3.61  -4.33
2024      5     11     19     51     00    000  -3.57  -3.62  -4.34
2024      5     11     19     51     30    000  -3.57  -3.63  -4.35
2024      5     11     19     52     00    000  -3.57  -3.64  -4.37
2024      5     11     19     52     30    000  -3.57  -3.65  -4.38
2024      5     11     19     53     00    000  -3.57  -3.66  -4.39
2024      5     11     19     53     30    000  -3.57  -3.68  -4.41
2024      5     11     19     54     00    000  -3.57  -3.69  -4.42
2024      5     11     19     54     30    000  -3.57  -3.70  -4.43
2024      5     11     19     55     00    000  -3.58  -3.71  -4.45
2024      5     11     19     55     30    000  -3.58  -3.72  -4.46
2024      5     11     19     56     00    000  -3.58  -3.73  -4.47
2024      5     11     19     56     30    000  -3.58  -3.75  -4.49
2024      5     11     19     57     00    000  -3.58  -3.76  -4.50
2024      5     11     19     57     30    000  -3.58  -3.77  -4.51
2024      5     11     19     58     00    000  -3.58  -3.78  -4.53
2024      5     11     19     58     30    000  -3.58  -3.79  -4.54
2024      5     11     19     59     00    000  -3.58  -3.80  -4.55
2024      5     11     19     59     30    000  -3.58  -3.82  -4.57
2024      5     11     20     00     00    000  -3.58  -3.83  -4.58
2024      5     11     20     00     30    000  -3.58  -3.84  -4.59
2024      5     11     20     01     00    000  -3.58  -3.85  -4.61
2024      5     11     20     01     30    000  -3.58  -3.86  -4.62
2024      5     11     20     02     00    000  -3.58  -3.87  -4.63
2024      5     11     20     02     30    000  -3.58  -3.88  -4.64
2024      5     11     20     03     00    000  -3.58  -3.90  -4.66
2024      5     11     20     03     30    000  -3.58  -3.91  -4.67
2024      5     11     20     04     00    000  -3.58  -3.92  -4.68
2024      5     11     20     04     30    000  -3.58  -3.93  -4.70
2024      5     11     20     05     00    000  -3.58  -3.94  -4.71
2024      5     11     20     05     30    000  -3.58  -3.95  -4.72
2024      5     11     20     06     00    000  -3.58  -3.96  -4.74
2024      5     11     20     06     30    000  -3.58  -3.97  -4.75
2024      5     11     20     07     00    000  -3.58  -3.99  -4.76
2024      5     11     20     07     30    000  -3.58  -4.00  -4.77
2024      5     11     20     08     00    000  -3.58  -4.01  -4.79
2024      5     11     20     08     30    000  -3.58  -4.02  -4.80
2024      5     11     20     09     00    000  -3.58  -4.03  -4.81
2024      5     11     20     09     30    000  -3.58  -4.04  -4.83
2024      5     11     20     10     00    000  -3.59  -4.05  -4.84
2024      5     11     20     10     30    000  -3.59  -4.06  -4.85
2024      5     11     20     11     00    000  -3.59  -4.07  -4.86
2024      5     11     20     11     30    000  -3.59  -4.09  -4.88
2024      5     11     20     12     00    000  -3.59  -4.10  -4.89
2024      5     11     20     12     30    000  -3.59  -4.11  -4.90
2024      5     11     20     13     00    000  -3.59  -4.12  -4.92
2024      5     11     20     13     30    000  -3.59  -4.13  -4.93
2024      5     11     20     14     00    000  -3.59  -4.14  -4.94
2024      5     11     20     14     30    000  -3.59  -4.15  -4.95
2024      5     11     20     15     00    000  -3.59  -4.16  -4.97
2024      5     11     20     15     30    000  -3.59  -4.17  -4.98
2024      5     11     20     16     00    000  -3.59  -4.18  -4.99
2024      5     11     20     16     30    000  -3.59  -4.20  -5.00
2024      5     11     20     17     00    000  -3.59  -4.21  -5.02
2024      5     11     20     17     30    000  -3.59  -4.22  -5.03
2024      5     11     20     18     00    000  -3.59  -4.23  -5.04
2024      5     11     20     18     30    000  -3.59  -4.24  -5.05
2024      5     11     20     19     00    000  -3.59  -4.25  -5.07
2024      5     11     20     19     30    000  -3.59  -4.26  -5.08
2024      5     11     20     20     00    000  -3.58  -4.27  -5.09
2024      5     11     20     20     30    000  -3.58  -4.28  -5.11
2024      5     11     20     21     00    000  -3.58  -4.29  -5.12
2024      5     11     20     21     30    000  -3.58  -4.30  -5.13
2024      5     11     20     22     00    000  -3.58  -4.31  -5.14
2024      5     11     20     22     30    000  -3.58  -4.33  -5.16
2024      5     11     20     23     00    000  -3.58  -4.34  -5.17
2024      5     11     20     23     30    000  -3.58  -4.35  -5.18
2024      5     11     20     24     00    000  -3.58  -4.36  -5.19
2024      5     11     20     24     30    000  -3.58  -4.37  -5.20
2024      5     11     20     25     00    000  -3.58  -4.38  -5.22
2024      5     11     20     25     30    000  -3.58  -4.39  -5.23
2024      5     11     20     26     00    000  -3.58  -4.40  -5.24
2024      5     11     20     26     30    000  -3.58  -4.41  -5.25
2024      5     11     20     27     00    000  -3.58  -4.42  -5.27
2024      5     11     20     27     30    000  -3.58  -4.43  -5.28
2024      5     11     20     28     00    000  -3.58  -4.44  -5.29
2024      5     11     20     28     30    000  -3.58  -4.45  -5.30
2024      5     11     20     29     00    000  -3.58  -4.46  -5.32
2024      5     11     20     29     30    000  -3.58  -4.47  -5.33
2024      5     11     20     30     00    000  -3.58  -4.48  -5.34
2024      5     11     20     30     30    000  -3.58  -4.50  -5.35
2024      5     11     20     31     00    000  -3.58  -4.51  -5.36
2024      5     11     20     31     30    000  -3.58  -4.52  -5.38
2024      5     11     20     32     00    000  -3.58  -4.53  -5.39
2024      5     11     20     32     30    000  -3.58  -4.54  -5.40
2024      5     11     20     33     00    000  -3.58  -4.55  -5.41
2024      5     11     20     33     30    000  -3.58  -4.56  -5.43
2024      5     11     20     34     00    000  -3.58  -4.57  -5.44
2024      5     11     20     34     30    000  -3.58  -4.58  -5.45
2024      5     11     20     35     00    000  -3.58  -4.59  -5.46
2024      5     11     20     35     30    000  -3.58  -4.60  -5.47
2024      5     11     20     36     00    000  -3.58  -4.61  -5.49
2024      5     11     20     36     30    000  -3.57  -4.62  -5.50
2024      5     11     20     37     00    000  -3.57  -4.63  -5.51
2024      5     11     20     37     30    000  -3.57  -4.64  -5.52
2024      5     11     20     38     00    000  -3.57  -4.65  -5.53
2024      5     11     20     38     30    000  -3.57  -4.66  -5.55
2024      5     11     20     39     00    000  -3.57  -4.67  -5.56
2024      5     11     20     39     30    000  -3.57  -4.68  -5.57
2024      5     11     20     40     00    000  -3.57  -4.69  -5.58
2024      5     11     20     40     30    000  -3.57  -4.70  -5.59
2024      5     11     20     41     00    000  -3.57  -4.71  -5.61
2024      5     11     20     41     30    000  -3.57  -4.72  -5.62
2024      5     11     20     42     00    000  -3.57  -4.73  -5.63
2024      5     11     20     42     30    000  -3.57  -4.74  -5.64
2024      5     11     20     43     00    000  -3.57  -4.75  -5.65
2024      5     11     20     43     30    000  -3.57  -4.76  -5.67
2024      5     11     20     44     00    000  -3.57  -4.77  -5.68
2024      5     11     20     44     30    000  -3.57  -4.78  -5.69
2024      5     11     20     45     00    000  -3.57  -4.79  -5.70
2024      5     11     20     45     30    000  -3.56  -4.80  -5.71
2024      5     11     20     46     00    000  -3.56  -4.81  -5.73
2024      5     11     20     46     30    000  -3.56  -4.82  -5.74
2024      5     11     20     47     00    000  -3.56  -4.83  -5.75
2024      5     11     20     47     30    000  -3.56  -4.84  -5.76
2024      5     11     20     48     00    000  -3.56  -4.85  -5.77
2024      5     11     20     48     30    000  -3.56  -4.86  -5.78
2024      5     11     20     49     00    000  -3.56  -4.87  -5.80
2024      5     11     20     49     30    000  -3.56  -4.88  -5.81
2024      5     11     20     50     00    000  -3.56  -4.89  -5.82
2024      5     11     20     50     30    000  -3.56  -4.90  -5.83
2024      5     11     20     51     00    000  -3.56  -4.91  -5.84
2024      5     11     20     51     30    000  -3.56  -4.92  -5.85
2024      5     11     20     52     00    000  -3.56  -4.93  -5.87
2024      5     11     20     52     30    000  -3.56  -4.94  -5.88
2024      5     11     20     53     00    000  -3.55  -4.95  -5.89
2024      5     11     20     53     30    000  -3.55  -4.96  -5.90
2024      5     11     20     54     00    000  -3.55  -4.97  -5.91
2024      5     11     20     54     30    000  -3.55  -4.98  -5.92
2024      5     11     20     55     00    000  -3.55  -4.99  -5.94
2024      5     11     20     55     30    000  -3.55  -5.00  -5.95
2024      5     11     20     56     00    000  -3.55  -5.01  -5.96
2024      5     11     20     56     30    000  -3.55  -5.02  -5.97
2024      5     11     20     57     00    000  -3.55  -5.03  -5.98
2024      5     11     20     57     30    000  -3.55  -5.04  -5.99
2024      5     11     20     58     00    000  -3.55  -5.05  -6.00
2024      5     11     20     58     30    000  -3.55  -5.06  -6.02
2024      5     11     20     59     00    000  -3.54  -5.07  -6.03
2024      5     11     20     59     30    000  -3.54  -5.08  -6.04
2024      5     11     21     00     00    000  -3.54  -5.09  -6.05
2024      5     11     21     00     30    000  -3.54  -5.10  -6.06
2024      5     11     21     01     00    000  -3.54  -5.11  -6.07
2024      5     11     21     01     30    000  -3.54  -5.12  -6.08
2024      5     11     21     02     00    000  -3.54  -5.13  -6.10
2024      5     11     21     02     30    000  -3.54  -5.14  -6.11
2024      5     11     21     03     00    000  -3.54  -5.15  -6.12
2024      5     11     21     03     30    000  -3.54  -5.16  -6.13
2024      5     11     21     04     00    000  -3.54  -5.17  -6.14
2024      5     11     21     04     30    000  -3.54  -5.18  -6.15
2024      5     11     21     05     00    000  -3.53  -5.19  -6.16
2024      5     11     21     05     30    000  -3.53  -5.20  -6.17
2024      5     11     21     06     00    000  -3.53  -5.21  -6.19
2024      5     11     21     06     30    000  -3.53  -5.22  -6.20
2024      5     11     21     07     00    000  -3.53  -5.23  -6.21
2024      5     11     21     07     30    000  -3.53  -5.24  -6.22
2024      5     11     21     08     00    000  -3.53  -5.25  -6.23
2024      5     11     21     08     30    000  -3.53  -5.26  -6.24
2024      5     11     21     09     00    000  -3.53  -5.27  -6.25
2024      5     11     21     09     30    000  -3.53  -5.28  -6.26
2024      5     11     21     10     00    000  -3.52  -5.29  -6.28
2024      5     11     21     10     30    000  -3.52  -5.30  -6.29
2024      5     11     21     11     00    000  -3.52  -5.31  -6.30
2024      5     11     21     11     30    000  -3.52  -5.32  -6.31
2024      5     11     21     12     00    000  -3.52  -5.33  -6.32
2024      5     11     21     12     30    000  -3.52  -5.34  -6.33
2024      5     11     21     13     00    000  -3.52  -5.35  -6.34
2024      5     11     21     13     30    000  -3.52  -5.36  -6.35
2024      5     11     21     14     00    000  -3.52  -5.36  -6.36
2024      5     11     21     14     30    000  -3.52  -5.37  -6.37
2024      5     11     21     15     00    000  -3.51  -5.38  -6.39
2024      5     11     21     15     30    000  -3.51  -5.39  -6.40
2024      5     11     21     16     00    000  -3.51  -5.40  -6.41
2024      5     11     21     16     30    000  -3.51  -5.41  -6.42
2024      5     11     21     17     00    000  -3.51  -5.42  -6.43
2024      5     11     21     17     30    000  -3.51  -5.43  -6.44
2024      5     11     21     18     00    000  -3.51  -5.44  -6.45
2024      5     11     21     18     30    000  -3.51  -5.45  -6.46
2024      5     11     21     19     00    000  -3.51  -5.46  -6.47
2024      5     11     21     19     30    000  -3.50  -5.47  -6.48
2024      5     11     21     20     00    000  -3.50  -5.48  -6.50
2024      5     11     21     20     30    000  -3.50  -5.49  -6.51
2024      5     11     21     21     00    000  -3.50  -5.50  -6.52
2024      5     11     21     21     30    000  -3.50  -5.51  -6.53
2024      5     11     21     22     00    000  -3.50  -5.52  -6.54
2024      5     11     21     22     30    000  -3.50  -5.53  -6.55
2024      5     11     21     23     00    000  -3.50  -5.54  -6.56
2024      5     11     21     23     30    000  -3.50  -5.55  -6.57
2024      5     11     21     24     00    000  -3.49  -5.56  -6.58
2024      5     11     21     24     30    000  -3.49  -5.56  -6.59
2024      5     11     21     25     00    000  -3.49  -5.57  -6.60
2024      5     11     21     25     30    000  -3.49  -5.58  -6.61
2024      5     11     21     26     00    000  -3.49  -5.59  -6.62
2024      5     11     21     26     30    000  -3.49  -5.60  -6.64
2024      5     11     21     27     00    000  -3.49  -5.61  -6.65
2024      5     11     21     27     30    000  -3.49  -5.62  -6.66
2024      5     11     21     28     00    000  -3.48  -5.63  -6.67
2024      5     11     21     28     30    000  -3.48  -5.64  -6.68
2024      5     11     21     29     00    000  -3.48  -5.65  -6.69
2024      5     11     21     29     30    000  -3.48  -5.66  -6.70
2024      5     11     21     30     00    000  -3.48  -5.67  -6.71
2024      5     11     21     30     30    000  -3.48  -5.68  -6.72
2024      5     11     21     31     00    000  -3.48  -5.69  -6.73
2024      5     11     21     31     30    000  -3.48  -5.70  -6.74
2024      5     11     21     32     00    000  -3.47  -5.71  -6.75
2024      5     11     21     32     30    000  -3.47  -5.71  -6.76
2024      5     11     21     33     00    000  -3.47  -5.72  -6.77
2024      5     11     21     33     30    000  -3.47  -5.73  -6.78
2024      5     11     21     34     00    000  -3.47  -5.74  -6.79
2024      5     11     21     34     30    000  -3.47  -5.75  -6.80
2024      5     11     21     35     00    000  -3.47  -5.76  -6.81
2024      5     11     21     35     30    000  -3.47  -5.77  -6.83
2024      5     11     21     36     00    000  -3.46  -5.78  -6.84
2024      5     11     21     36     30    000  -3.46  -5.79  -6.85
2024      5     11     21     37     00    000  -3.46  -5.80  -6.86
2024      5     11     21     37     30    000  -3.46  -5.81  -6.87
2024      5     11     21     38     00    000  -3.46  -5.82  -6.88
2024      5     11     21     38     30    000  -3.46  -5.83  -6.89
2024      5     11     21     39     00    000  -3.46  -5.84  -6.90
2024      5     11     21     39     30    000  -3.45  -5.84  -6.91
2024      5     11     21     40     00    000  -3.45  -5.85  -6.92
2024      5     11     21     40     30    000  -3.45  -5.86  -6.93
2024      5     11     21     41     00    000  -3.45  -5.87  -6.94
2024      5     11     21     41     30    000  -3.45  -5.88  -6.95
2024      5     11     21     42     00    000  -3.45  -5.89  -6.96
2024      5     11     21     42     30    000  -3.45  -5.90  -6.97
2024      5     11     21     43     00    000  -3.45  -5.91  -6.98
2024      5     11     21     43     30    000  -3.44  -5.92  -6.99
2024      5     11     21     44     00    000  -3.44  -5.93  -7.00
2024      5     11     21     44     30    000  -3.44  -5.94  -7.01
2024      5     11     21     45     00    000  -3.44  -5.95  -7.02
2024      5     11     21     45     30    000  -3.44  -5.96  -7.03
2024      5     11     21     46     00    000  -3.44  -5.96  -7.04
2024      5     11     21     46     30    000  -3.44  -5.97  -7.05
2024      5     11     21     47     00    000  -3.43  -5.98  -7.06
2024      5     11     21     47     30    000  -3.43  -5.99  -7.07
2024      5     11     21     48     00    000  -3.43  -6.00  -7.08
2024      5     11     21     48     30    000  -3.43  -6.01  -7.09
2024      5     11     21     49     00    000  -3.43  -6.02  -7.10
2024      5     11     21     49     30    000  -3.43  -6.03  -7.11
2024      5     11     21     50     00    000  -3.43  -6.04  -7.12
2024      5     11     21     50     30    000  -3.42  -6.05  -7.13
2024      5     11     21     51     00    000  -3.42  -6.06  -7.14
2024      5     11     21     51     30    000  -3.42  -6.07  -7.15
2024      5     11     21     52     00    000  -3.42  -6.07  -7.16
2024      5     11     21     52     30    000  -3.42  -6.08  -7.17
2024      5     11     21     53     00    000  -3.42  -6.09  -7.18
2024      5     11     21     53     30    000  -3.42  -6.10  -7.19
2024      5     11     21     54     00    000  -3.41  -6.11  -7.20
2024      5     11     21     54     30    000  -3.41  -6.12  -7.21
2024      5     11     21     55     00    000  -3.41  -6.13  -7.22
2024      5     11     21     55     30    000  -3.41  -6.14  -7.23
2024      5     11     21     56     00    000  -3.41  -6.15  -7.24
2024      5     11     21     56     30    000  -3.41  -6.16  -7.25
2024      5     11     21     57     00    000  -3.40  -6.17  -7.26
2024      5     11     21     57     30    000  -3.40  -6.18  -7.27
2024      5     11     21     58     00    000  -3.40  -6.18  -7.28
2024      5     11     21     58     30    000  -3.40  -6.19  -7.29
2024      5     11     21     59     00    000  -3.40  -6.20  -7.30
2024      5     11     21     59     30    000  -3.40  -6.21  -7.31
2024      5     11     22     00     00    000  -3.40  -6.22  -7.32
2024      5     11     22     00     30    000  -3.39  -6.23  -7.33
2024      5     11     22     01     00    000  -3.39  -6.24  -7.34
2024      5     11     22     01     30    000  -3.39  -6.25  -7.35
2024      5     11     22     02     00    000  -3.39  -6.26  -7.36
2024      5     11     22     02     30    000  -3.39  -6.27  -7.37
2024      5     11     22     03     00    000  -3.39  -6.28  -7.38
2024      5     11     22     03     30    000  -3.38  -6.28  -7.39
2024      5     11     22     04     00    000  -3.38  -6.29  -7.40
2024      5     11     22     04     30    000  -3.38  -6.30  -7.41
2024      5     11     22     05     00    000  -3.38  -6.31  -7.42
2024      5     11     22     05     30    000  -3.38  -6.32  -7.43
2024      5     11     22     06     00    000  -3.38  -6.33  -7.44
2024      5     11     22     06     30    000  -3.38  -6.34  -7.45
2024      5     11     22     07     00    000  -3.37  -6.35  -7.46
2024      5     11     22     07     30    000  -3.37  -6.36  -7.47
2024      5     11     22     08     00    000  -3.37  -6.37  -7.47
2024      5     11     22     08     30    000  -3.37  -6.37  -7.48
2024      5     11     22     09     00    000  -3.37  -6.38  -7.49
2024      5     11     22     09     30    000  -3.37  -6.39  -7.50
2024      5     11     22     10     00    000  -3.36  -6.40  -7.51
2024      5     11     22     10     30    000  -3.36  -6.41  -7.52
2024      5     11     22     11     00    000  -3.36  -6.42  -7.53
2024      5     11     22     11     30    000  -3.36  -6.43  -7.54
2024      5     11     22     12     00    000  -3.36  -6.44  -7.55
2024      5     11     22     12     30    000  -3.36  -6.45  -7.56
2024      5     11     22     13     00    000  -3.35  -6.46  -7.57
2024      5     11     22     13     30    000  -3.35  -6.46  -7.58
2024      5     11     22     14     00    000  -3.35  -6.47  -7.59
2024      5     11     22     14     30    000  -3.35  -6.48  -7.60
2024      5     11     22     15     00    000  -3.35  -6.49  -7.61
2024      5     11     22     15     30    000  -3.35  -6.50  -7.62
2024      5     11     22     16     00    000  -3.34  -6.51  -7.63
2024      5     11     22     16     30    000  -3.34  -6.52  -7.64
2024      5     11     22     17     00    000  -3.34  -6.53  -7.64
2024      5     11     22     17     30    000  -3.34  -6.54  -7.65
2024      5     11     22     18     00    000  -3.34  -6.55  -7.66
2024      5     11     22     18     30    000  -3.34  -6.55  -7.67
2024      5     11     22     19     00    000  -3.33  -6.56  -7.68
2024      5     11     22     19     30    000  -3.33  -6.57  -7.69
2024      5     11     22     20     00    000  -3.33  -6.58  -7.70
2024      5     11     22     20     30    000  -3.33  -6.59  -7.71
2024      5     11     22     21     00    000  -3.33  -6.60  -7.72
2024      5     11     22     21     30    000  -3.33  -6.61  -7.73
2024      5     11     22     22     00    000  -3.32  -6.62  -7.74
2024      5     11     22     22     30    000  -3.32  -6.63  -7.75
2024      5     11     22     23     00    000  -3.32  -6.64  -7.76
2024      5     11     22     23     30    000  -3.32  -6.64  -7.76
2024      5     11     22     24     00    000  -3.32  -6.65  -7.77
2024      5     11     22     24     30    000  -3.32  -6.66  -7.78
2024      5     11     22     25     00    000  -3.31  -6.67  -7.79
2024      5     11     22     25     30    000  -3.31  -6.68  -7.80
2024      5     11     22     26     00    000  -3.31  -6.69  -7.81
2024      5     11     22     26     30    000  -3.31  -6.70  -7.82
2024      5     11     22     27     00    000  -3.31  -6.71  -7.83
2024      5     11     22     27     30    000  -3.30  -6.72  -7.84
2024      5     11     22     28     00    000  -3.30  -6.73  -7.85
2024      5     11     22     28     30    000  -3.30  -6.73  -7.85
2024      5     11     22     29     00    000  -3.30  -6.74  -7.86
2024      5     11     22     29     30    000  -3.30  -6.75  -7.87
2024      5     11     22     30     00    000  -3.30  -6.76  -7.88
2024      5     11     22     30     30    000  -3.29  -6.77  -7.89
2024      5     11     22     31     00    000  -3.29  -6.78  -7.90
2024      5     11     22     31     30    000  -3.29  -6.79  -7.91
2024      5     11     22     32     00    000  -3.29  -6.80  -7.92
2024      5     11     22     32     30    000  -3.29  -6.81  -7.93
2024      5     11     22     33     00    000  -3.29  -6.81  -7.94
2024      5     11     22     33     30    000  -3.28  -6.82  -7.94
2024      5     11     22     34     00    000  -3.28  -6.83  -7.95
2024      5     11     22     34     30    000  -3.28  -6.84  -7.96
2024      5     11     22     35     00    000  -3.28  -6.85  -7.97
2024      5     11     22     35     30    000  -3.28  -6.86  -7.98
2024      5     11     22     36     00    000  -3.27  -6.87  -7.99
2024      5     11     22     36     30    000  -3.27  -6.88  -8.00
2024      5     11     22     37     00    000  -3.27  -6.89  -8.01
2024      5     11     22     37     30    000  -3.27  -6.90  -8.01
2024      5     11     22     38     00    000  -3.27  -6.90  -8.02
2024      5     11     22     38     30    000  -3.27  -6.91  -8.03
2024      5     11     22     39     00    000  -3.26  -6.92  -8.04
2024      5     11     22     39     30    000  -3.26  -6.93  -8.05
2024      5     11     22     40     00    000  -3.26  -6.94  -8.06
2024      5     11     22     40     30    000  -3.26  -6.95  -8.07
2024      5     11     22     41     00    000  -3.26  -6.96  -8.08
2024      5     11     22     41     30    000  -3.25  -6.97  -8.08
2024      5     11     22     42     00    000  -3.25  -6.98  -8.09
2024      5     11     22     42     30    000  -3.25  -6.98  -8.10
2024      5     11     22     43     00    000  -3.25  -6.99  -8.11
2024      5     11     22     43     30    000  -3.25  -7.00  -8.12
2024      5     11     22     44     00    000  -3.25  -7.01  -8.13
2024      5     11     22     44     30    000  -3.24  -7.02  -8.14
2024      5     11     22     45     00    000  -3.24  -7.03  -8.14
2024      5     11     22     45     30    000  -3.24  -7.04  -8.15
2024      5     11     22     46     00    000  -3.24  -7.05  -8.16
2024      5     11     22     46     30    000  -3.24  -7.06  -8.17
2024      5     11     22     47     00    000  -3.23  -7.07  -8.18
2024      5     11     22     47     30    000  -3.23  -7.07  -8.19
2024      5     11     22     48     00    000  -3.23  -7.08  -8.20
2024      5     11     22     48     30    000  -3.23  -7.09  -8.20
2024      5     11     22     49     00    000  -3.23  -7.10  -8.21
2024      5     11     22     49     30    000  -3.22  -7.11  -8.22
2024      5     11     22     50     00    000  -3.22  -7.12  -8.23
2024      5     11     22     50     30    000  -3.22  -7.13  -8.24
2024      5     11     22     51     00    000  -3.22  -7.14  -8.25
2024      5     11     22     51     30    000  -3.22  -7.15  -8.25
2024      5     11     22     52     00    000  -3.21  -7.15  -8.26
2024      5     11     22     52     30    000  -3.21  -7.16  -8.27
2024      5     11     22     53     00    000  -3.21  -7.17  -8.28
2024      5     11     22     53     30    000  -3.21  -7.18  -8.29
2024      5     11     22     54     00    000  -3.21  -7.19  -8.30
2024      5     11     22     54     30    000  -3.21  -7.20  -8.30
2024      5     11     22     55     00    000  -3.20  -7.21  -8.31
2024      5     11     22     55     30    000  -3.20  -7.22  -8.32
2024      5     11     22     56     00    000  -3.20  -7.23  -8.33
2024      5     11     22     56     30    000  -3.20  -7.24  -8.34
2024      5     11     22     57     00    000  -3.20  -7.24  -8.35
2024      5     11     22     57     30    000  -3.19  -7.25  -8.35
2024      5     11     22     58     00    000  -3.19  -7.26  -8.36
2024      5     11     22     58     30    000  -3.19  -7.27  -8.37
2024      5     11     22     59     00    000  -3.19  -7.28  -8.38
2024      5     11     22     59     30    000  -3.19  -7.29  -8.39
2024      5     11     23     00     00    000  -3.18  -7.30  -8.39
2024      5     11     23     00     30    000  -3.18  -7.31  -8.40
2024      5     11     23     01     00    000  -3.18  -7.32  -8.41
2024      5     11     23     01     30    000  -3.18  -7.32  -8.42
2024      5     11     23     02     00    000  -3.18  -7.33  -8.43
2024      5     11     23     02     30    000  -3.17  -7.34  -8.43
2024      5     11     23     03     00    000  -3.17  -7.35  -8.44
2024      5     11     23     03     30    000  -3.17  -7.36  -8.45
2024      5     11     23     04     00    000  -3.17  -7.37  -8.46
2024      5     11     23     04     30    000  -3.17  -7.38  -8.47
2024      5     11     23     05     00    000  -3.16  -7.39  -8.47
2024      5     11     23     05     30    000  -3.16  -7.40  -8.48
2024      5     11     23     06     00    000  -3.16  -7.41  -8.49
2024      5     11     23     06     30    000  -3.16  -7.41  -8.50
2024      5     11     23     07     00    000  -3.16  -7.42  -8.51
2024      5     11     23     07     30    000  -3.15  -7.43  -8.51
2024      5     11     23     08     00    000  -3.15  -7.44  -8.52
2024      5     11     23     08     30    000  -3.15  -7.45  -8.53
2024      5     11     23     09     00    000  -3.15  -7.46  -8.54
2024      5     11     23     09     30    000  -3.15  -7.47  -8.55
2024      5     11     23     10     00    000  -3.14  -7.48  -8.55
2024      5     11     23     10     30    000  -3.14  -7.49  -8.56
2024      5     11     23     11     00    000  -3.14  -7.49  -8.57
2024      5     11     23     11     30    000  -3.14  -7.50  -8.58
2024      5     11     23     12     00    000  -3.14  -7.51  -8.59
2024      5     11     23     12     30    000  -3.13  -7.52  -8.59
2024      5     11     23     13     00    000  -3.13  -7.53  -8.60
2024      5     11     23     13     30    000  -3.13  -7.54  -8.61
2024      5     11     23     14     00    000  -3.13  -7.55  -8.62
2024      5     11     23     14     30    000  -3.13  -7.56  -8.62
2024      5     11     23     15     00    000  -3.12  -7.57  -8.63
2024      5     11     23     15     30    000  -3.12  -7.58  -8.64
2024      5     11     23     16     00    000  -3.12  -7.58  -8.65
2024      5     11     23     16     30    000  -3.12  -7.59  -8.65
2024      5     11     23     17     00    000  -3.12  -7.60  -8.66
2024      5     11     23     17     30    000  -3.11  -7.61  -8.67
2024      5     11     23     18     00    000  -3.11  -7.62  -8.68
2024      5     11     23     18     30    000  -3.11  -7.63  -8.69
2024      5     11     23     19     00    000  -3.11  -7.64  -8.69
2024      5     11     23     19     30    000  -3.11  -7.65  -8.70
2024      5     11     23     20     00    000  -3.10  -7.66  -8.71
2024      5     11     23     20     30    000  -3.10  -7.67  -8.72
2024      5     11     23     21     00    000  -3.10  -7.67  -8.72
2024      5     11     23     21     30    000  -3.10  -7.68  -8.73
2024      5     11     23     22     00    000  -3.10  -7.69  -8.74
2024      5     11     23     22     30    000  -3.09  -7.70  -8.75
2024      5     11     23     23     00    000  -3.09  -7.71  -8.75
2024      5     11     23     23     30    000  -3.09  -7.72  -8.76
2024      5     11     23     24     00    000  -3.09  -7.73  -8.77
2024      5     11     23     24     30    000  -3.09  -7.74  -8.78
2024      5     11     23     25     00    000  -3.08  -7.75  -8.78
2024      5     11     23     25     30    000  -3.08  -7.76  -8.79
2024      5     11     23     26     00    000  -3.08  -7.76  -8.80
2024      5     11     23     26     30    000  -3.08  -7.77  -8.81
2024      5     11     23     27     00    000  -3.07  -7.78  -8.81
2024      5     11     23     27     30    000  -3.07  -7.79  -8.82
2024      5     11     23     28     00    000  -3.07  -7.80  -8.83
2024      5     11     23     28     30    000  -3.07  -7.81  -8.83
2024      5     11     23     29     00    000  -3.07  -7.82  -8.84
2024      5     11     23     29     30    000  -3.06  -7.83  -8.85
2024      5     11     23     30     00    000  -3.06  -7.84  -8.86
2024      5     11     23     30     30    000  -3.06  -7.85  -8.86
2024      5     11     23     31     00    000  -3.06  -7.85  -8.87
2024      5     11     23     31     30    000  -3.06  -7.86  -8.88
2024      5     11     23     32     00    000  -3.05  -7.87  -8.89
2024      5     11     23     32     30    000  -3.05  -7.88  -8.89
2024      5     11     23     33     00    000  -3.05  -7.89  -8.90
2024      5     11     23     33     30    000  -3.05  -7.90  -8.91
2024      5     11     23     34     00    000  -3.05  -7.91  -8.91
2024      5     11     23     34     30    000  -3.04  -7.92  -8.92
2024      5     11     23     35     00    000  -3.04  -7.93  -8.93
2024      5     11     23     35     30    000  -3.04  -7.94  -8.94
2024      5     11     23     36     00    000  -3.04  -7.95  -8.94
2024      5     11     23     36     30    000  -3.03  -7.95  -8.95
2024      5     11     23     37     00    000  -3.03  -7.96  -8.96
2024      5     11     23     37     30    000  -3.03  -7.97  -8.96
2024      5     11     23     38     00    000  -3.03  -7.98  -8.97
2024      5     11     23     38     30    000  -3.03  -7.99  -8.98
2024      5     11     23     39     00    000  -3.02  -8.00  -8.99
2024      5     11     23     39     30    000  -3.02  -8.01  -8.99
2024      5     11     23     40     00    000  -3.02  -8.02  -9.00
2024      5     11     23     40     30    000  -3.02  -8.03  -9.01
2024      5     11     23     41     00    000  -3.02  -8.04  -9.01
2024      5     11     23     41     30    000  -3.01  -8.04  -9.02
2024      5     11     23     42     00    000  -3.01  -8.05  -9.03
2024      5     11     23     42     30    000  -3.01  -8.06  -9.03
2024      5     11     23     43     00    000  -3.01  -8.07  -9.04
2024      5     11     23     43     30    000  -3.00  -8.08  -9.05
2024      5     11     23     44     00    000  -3.00  -8.09  -9.05
2024      5     11     23     44     30    000  -3.00  -8.10  -9.06
2024      5     11     23     45     00    000  -3.00  -8.11  -9.07
2024      5     11     23     45     30    000  -3.00  -8.12  -9.08
2024      5     11     23     46     00    000  -2.99  -8.13  -9.08
2024      5     11     23     46     30    000  -2.99  -8.14  -9.09
2024      5     11     23     47     00    000  -2.99  -8.14  -9.10
2024      5     11     23     47     30    000  -2.99  -8.15  -9.10
2024      5     11     23     48     00    000  -2.99  -8.16  -9.11
2024      5     11     23     48     30    000  -2.98  -8.17  -9.12
2024      5     11     23     49     00    000  -2.98  -8.18  -9.12
2024      5     11     23     49     30    000  -2.98  -8.19  -9.13
2024      5     11     23     50     00    000  -2.98  -8.20  -9.14
2024      5     11     23     50     30    000  -2.97  -8.21  -9.14
2024      5     11     23     51     00    000  -2.97  -8.22  -9.15
2024      5     11     23     51     30    000  -2.97  -8.23  -9.16
2024      5     11     23     52     00    000  -2.97  -8.24  -9.16
2024      5     11     23     52     30    000  -2.97  -8.25  -9.17
2024      5     11     23     53     00    000  -2.96  -8.25  -9.18
2024      5     11     23     53     30    000  -2.96  -8.26  -9.18
2024      5     11     23     54     00    000  -2.96  -8.27  -9.19
2024      5     11     23     54     30    000  -2.96  -8.28  -9.20
2024      5     11     23     55     00    000  -2.95  -8.29  -9.20
2024      5     11     23     55     30    000  -2.95  -8.30  -9.21
2024      5     11     23     56     00    000  -2.95  -8.31  -9.22
2024      5     11     23     56     30    000  -2.95  -8.32  -9.22
2024      5     11     23     57     00    000  -2.95  -8.33  -9.23
2024      5     11     23     57     30    000  -2.94  -8.34  -9.24
2024      5     11     23     58     00    000  -2.94  -8.35  -9.24
2024      5     11     23     58     30    000  -2.94  -8.35  -9.25
2024      5     11     23     59     00    000  -2.94  -8.36  -9.26
2024      5     11     23     59     30    000  -2.93  -8.37  -9.26
2024      5     12     00     00     00    000  -2.93  -8.38  -9.27
2024      5     12     00     00     30    000  -2.93  -8.39  -9.27
2024      5     12     00     01     00    000  -2.93  -8.40  -9.28
2024      5     12     00     01     30    000  -2.93  -8.41  -9.29
2024      5     12     00     02     00    000  -2.92  -8.42  -9.29
2024      5     12     00     02     30    000  -2.92  -8.43  -9.30
2024      5     12     00     03     00    000  -2.92  -8.44  -9.31
2024      5     12     00     03     30    000  -2.92  -8.45  -9.31
2024      5     12     00     04     00    000  -2.91  -8.46  -9.32
2024      5     12     00     04     30    000  -2.91  -8.47  -9.33
2024      5     12     00     05     00    000  -2.91  -8.47  -9.33
2024      5     12     00     05     30    000  -2.91  -8.48  -9.34
2024      5     12     00     06     00    000  -2.91  -8.49  -9.34
2024      5     12     00     06     30    000  -2.90  -8.50  -9.35
2024      5     12     00     07     00    000  -2.90  -8.51  -9.36
2024      5     12     00     07     30    000  -2.90  -8.52  -9.36
2024      5     12     00     08     00    000  -2.90  -8.53  -9.37
2024      5     12     00     08     30    000  -2.89  -8.54  -9.38
2024      5     12     00     09     00    000  -2.89  -8.55  -9.38
2024      5     12     00     09     30    000  -2.89  -8.56  -9.39
2024      5     12     00     10     00    000  -2.89  -8.57  -9.39
2024      5     12     00     10     30    000  -2.89  -8.58  -9.40
2024      5     12     00     11     00    000  -2.88  -8.58  -9.41
2024      5     12     00     11     30    000  -2.88  -8.59  -9.41
2024      5     12     00     12     00    000  -2.88  -8.60  -9.42
2024      5     12     00     12     30    000  -2.88  -8.61  -9.42
2024      5     12     00     13     00    000  -2.87  -8.62  -9.43
2024      5     12     00     13     30    000  -2.87  -8.63  -9.44
2024      5     12     00     14     00    000  -2.87  -8.64  -9.44
2024      5     12     00     14     30    000  -2.87  -8.65  -9.45
2024      5     12     00     15     00    000  -2.87  -8.66  -9.45
2024      5     12     00     15     30    000  -2.86  -8.67  -9.46
2024      5     12     00     16     00    000  -2.86  -8.68  -9.47
2024      5     12     00     16     30    000  -2.86  -8.69  -9.47
2024      5     12     00     17     00    000  -2.86  -8.70  -9.48
2024      5     12     00     17     30    000  -2.85  -8.71  -9.48
2024      5     12     00     18     00    000  -2.85  -8.71  -9.49
2024      5     12     00     18     30    000  -2.85  -8.72  -9.50
2024      5     12     00     19     00    000  -2.85  -8.73  -9.50
2024      5     12     00     19     30    000  -2.84  -8.74  -9.51
2024      5     12     00     20     00    000  -2.84  -8.75  -9.51
2024      5     12     00     20     30    000  -2.84  -8.76  -9.52
2024      5     12     00     21     00    000  -2.84  -8.77  -9.53
2024      5     12     00     21     30    000  -2.84  -8.78  -9.53
2024      5     12     00     22     00    000  -2.83  -8.79  -9.54
2024      5     12     00     22     30    000  -2.83  -8.80  -9.54
2024      5     12     00     23     00    000  -2.83  -8.81  -9.55
2024      5     12     00     23     30    000  -2.83  -8.82  -9.55
2024      5     12     00     24     00    000  -2.82  -8.83  -9.56
2024      5     12     00     24     30    000  -2.82  -8.84  -9.57
2024      5     12     00     25     00    000  -2.82  -8.84  -9.57
2024      5     12     00     25     30    000  -2.82  -8.85  -9.58
2024      5     12     00     26     00    000  -2.82  -8.86  -9.58
2024      5     12     00     26     30    000  -2.81  -8.87  -9.59
2024      5     12     00     27     00    000  -2.81  -8.88  -9.59
2024      5     12     00     27     30    000  -2.81  -8.89  -9.60
2024      5     12     00     28     00    000  -2.81  -8.90  -9.61
2024      5     12     00     28     30    000  -2.80  -8.91  -9.61
2024      5     12     00     29     00    000  -2.80  -8.92  -9.62
2024      5     12     00     29     30    000  -2.80  -8.93  -9.62
2024      5     12     00     30     00    000  -2.80  -8.94  -9.63
2024      5     12     00     30     30    000  -2.79  -8.95  -9.63
2024      5     12     00     31     00    000  -2.79  -8.96  -9.64
2024      5     12     00     31     30    000  -2.79  -8.97  -9.65
2024      5     12     00     32     00    000  -2.79  -8.98  -9.65
2024      5     12     00     32     30    000  -2.78  -8.99  -9.66
2024      5     12     00     33     00    000  -2.78  -8.99  -9.66
2024      5     12     00     33     30    000  -2.78  -9.00  -9.67
2024      5     12     00     34     00    000  -2.78  -9.01  -9.67
2024      5     12     00     34     30    000  -2.78  -9.02  -9.68
2024      5     12     00     35     00    000  -2.77  -9.03  -9.68
2024      5     12     00     35     30    000  -2.77  -9.04  -9.69
2024      5     12     00     36     00    000  -2.77  -9.05  -9.69
2024      5     12     00     36     30    000  -2.77  -9.06  -9.70
2024      5     12     00     37     00    000  -2.76  -9.07  -9.71
2024      5     12     00     37     30    000  -2.76  -9.08  -9.71
2024      5     12     00     38     00    000  -2.76  -9.09  -9.72
2024      5     12     00     38     30    000  -2.76  -9.10  -9.72
2024      5     12     00     39     00    000  -2.75  -9.11  -9.73
2024      5     12     00     39     30    000  -2.75  -9.12  -9.73
2024      5     12     00     40     00    000  -2.75  -9.13  -9.74
2024      5     12     00     40     30    000  -2.75  -9.14  -9.74
2024      5     12     00     41     00    000  -2.75  -9.15  -9.75
2024      5     12     00     41     30    000  -2.74  -9.15  -9.75
2024      5     12     00     42     00    000  -2.74  -9.16  -9.76
2024      5     12     00     42     30    000  -2.74  -9.17  -9.76
2024      5     12     00     43     00    000  -2.74  -9.18  -9.77
2024      5     12     00     43     30    000  -2.73  -9.19  -9.77
2024      5     12     00     44     00    000  -2.73  -9.20  -9.78
2024      5     12     00     44     30    000  -2.73  -9.21  -9.78
2024      5     12     00     45     00    000  -2.73  -9.22  -9.79
2024      5     12     00     45     30    000  -2.72  -9.23  -9.79
2024      5     12     00     46     00    000  -2.72  -9.24  -9.80
2024      5     12     00     46     30    000  -2.72  -9.25  -9.81
2024      5     12     00     47     00    000  -2.72  -9.26  -9.81
2024      5     12     00     47     30    000  -2.71  -9.27  -9.82
2024      5     12     00     48     00    000  -2.71  -9.28  -9.82
2024      5     12     00     48     30    000  -2.71  -9.29  -9.83
2024      5     12     00     49     00    000  -2.71  -9.30  -9.83
2024      5     12     00     49     30    000  -2.71  -9.31  -9.84
2024      5     12     00     50     00    000  -2.70  -9.32  -9.84
2024      5     12     00     50     30    000  -2.70  -9.33  -9.85
2024      5     12     00     51     00    000  -2.70  -9.33  -9.85
2024      5     12     00     51     30    000  -2.70  -9.34  -9.86
2024      5     12     00     52     00    000  -2.69  -9.35  -9.86
2024      5     12     00     52     30    000  -2.69  -9.36  -9.87
2024      5     12     00     53     00    000  -2.69  -9.37  -9.87
2024      5     12     00     53     30    000  -2.69  -9.38  -9.88
2024      5     12     00     54     00    000  -2.68  -9.39  -9.88
2024      5     12     00     54     30    000  -2.68  -9.40  -9.89
2024      5     12     00     55     00    000  -2.68  -9.41  -9.89
2024      5     12     00     55     30    000  -2.68  -9.42  -9.89
2024      5     12     00     56     00    000  -2.67  -9.43  -9.90
2024      5     12     00     56     30    000  -2.67  -9.44  -9.90
2024      5     12     00     57     00    000  -2.67  -9.45  -9.91
2024      5     12     00     57     30    000  -2.67  -9.46  -9.91
2024      5     12     00     58     00    000  -2.66  -9.47  -9.92
2024      5     12     00     58     30    000  -2.66  -9.48  -9.92
2024      5     12     00     59     00    000  -2.66  -9.49  -9.93
2024      5     12     00     59     30    000  -2.66  -9.50  -9.93
2024      5     12     01     00     00    000  -2.66  -9.51  -9.94
2024      5     12     01     00     30    000  -2.65  -9.52  -9.94
2024      5     12     01     01     00    000  -2.65  -9.53  -9.95
2024      5     12     01     01     30    000  -2.65  -9.54  -9.95
2024      5     12     01     02     00    000  -2.65  -9.55  -9.96
2024      5     12     01     02     30    000  -2.64  -9.55  -9.96
2024      5     12     01     03     00    000  -2.64  -9.56  -9.97
2024      5     12     01     03     30    000  -2.64  -9.57  -9.97
2024      5     12     01     04     00    000  -2.64  -9.58  -9.98
2024      5     12     01     04     30    000  -2.63  -9.59  -9.98
2024      5     12     01     05     00    000  -2.63  -9.60  -9.98
2024      5     12     01     05     30    000  -2.63  -9.61  -9.99
2024      5     12     01     06     00    000  -2.63  -9.62  -9.99
2024      5     12     01     06     30    000  -2.62  -9.63 -10.00
2024      5     12     01     07     00    000  -2.62  -9.64 -10.00
2024      5     12     01     07     30    000  -2.62  -9.65 -10.01
2024      5     12     01     08     00    000  -2.62  -9.66 -10.01
2024      5     12     01     08     30    000  -2.61  -9.67 -10.02
2024      5     12     01     09     00    000  -2.61  -9.68 -10.02
2024      5     12     01     09     30    000  -2.61  -9.69 -10.03
2024      5     12     01     10     00    000  -2.61  -9.70 -10.03
2024      5     12     01     10     30    000  -2.60  -9.71 -10.03
2024      5     12     01     11     00    000  -2.60  -9.72 -10.04
2024      5     12     01     11     30    000  -2.60  -9.73 -10.04
2024      5     12     01     12     00    000  -2.60  -9.74 -10.05
2024      5     12     01     12     30    000  -2.59  -9.75 -10.05
2024      5     12     01     13     00    000  -2.59  -9.76 -10.06
2024      5     12     01     13     30    000  -2.59  -9.77 -10.06
2024      5     12     01     14     00    000  -2.59  -9.78 -10.06
2024      5     12     01     14     30    000  -2.59  -9.79 -10.07
2024      5     12     01     15     00    000  -2.58  -9.80 -10.07
2024      5     12     01     15     30    000  -2.58  -9.81 -10.08
2024      5     12     01     16     00    000  -2.58  -9.82 -10.08
2024      5     12     01     16     30    000  -2.58  -9.82 -10.09
2024      5     12     01     17     00    000  -2.57  -9.83 -10.09
2024      5     12     01     17     30    000  -2.57  -9.84 -10.09
2024      5     12     01     18     00    000  -2.57  -9.85 -10.10
2024      5     12     01     18     30    000  -2.57  -9.86 -10.10
2024      5     12     01     19     00    000  -2.56  -9.87 -10.11
2024      5     12     01     19     30    000  -2.56  -9.88 -10.11
2024      5     12     01     20     00    000  -2.56  -9.89 -10.12
2024      5     12     01     20     30    000  -2.56  -9.90 -10.12
2024      5     12     01     21     00    000  -2.55  -9.91 -10.12
2024      5     12     01     21     30    000  -2.55  -9.92 -10.13
2024      5     12     01     22     00    000  -2.55  -9.93 -10.13
2024      5     12     01     22     30    000  -2.55  -9.94 -10.14
2024      5     12     01     23     00    000  -2.54  -9.95 -10.14
2024      5     12     01     23     30    000  -2.54  -9.96 -10.14
2024      5     12     01     24     00    000  -2.54  -9.97 -10.15
2024      5     12     01     24     30    000  -2.54  -9.98 -10.15
2024      5     12     01     25     00    000  -2.53  -9.99 -10.16
2024      5     12     01     25     30    000  -2.53 -10.00 -10.16
2024      5     12     01     26     00    000  -2.53 -10.01 -10.16
2024      5     12     01     26     30    000  -2.53 -10.02 -10.17
2024      5     12     01     27     00    000  -2.52 -10.03 -10.17
2024      5     12     01     27     30    000  -2.52 -10.04 -10.18
2024      5     12     01     28     00    000  -2.52 -10.05 -10.18
2024      5     12     01     28     30    000  -2.52 -10.06 -10.18
2024      5     12     01     29     00    000  -2.51 -10.07 -10.19
2024      5     12     01     29     30    000  -2.51 -10.08 -10.19
2024      5     12     01     30     00    000  -2.51 -10.09 -10.20
2024      5     12     01     30     30    000  -2.51 -10.10 -10.20
2024      5     12     01     31     00    000  -2.50 -10.11 -10.20
2024      5     12     01     31     30    000  -2.50 -10.12 -10.21
2024      5     12     01     32     00    000  -2.50 -10.13 -10.21
2024      5     12     01     32     30    000  -2.50 -10.14 -10.21
2024      5     12     01     33     00    000  -2.49 -10.15 -10.22
2024      5     12     01     33     30    000  -2.49 -10.16 -10.22
2024      5     12     01     34     00    000  -2.49 -10.17 -10.23
2024      5     12     01     34     30    000  -2.49 -10.18 -10.23
2024      5     12     01     35     00    000  -2.48 -10.19 -10.23
2024      5     12     01     35     30    000  -2.48 -10.20 -10.24
2024      5     12     01     36     00    000  -2.48 -10.21 -10.24
2024      5     12     01     36     30    000  -2.48 -10.22 -10.24
2024      5     12     01     37     00    000  -2.47 -10.23 -10.25
2024      5     12     01     37     30    000  -2.47 -10.24 -10.25
2024      5     12     01     38     00    000  -2.47 -10.24 -10.26
2024      5     12     01     38     30    000  -2.47 -10.25 -10.26
2024      5     12     01     39     00    000  -2.46 -10.26 -10.26
2024      5     12     01     39     30    000  -2.46 -10.27 -10.27
2024      5     12     01     40     00    000  -2.46 -10.28 -10.27
2024      5     12     01     40     30    000  -2.46 -10.29 -10.27
2024      5     12     01     41     00    000  -2.45 -10.30 -10.28
2024      5     12     01     41     30    000  -2.45 -10.31 -10.28
2024      5     12     01     42     00    000  -2.45 -10.32 -10.28
2024      5     12     01     42     30    000  -2.45 -10.33 -10.29
2024      5     12     01     43     00    000  -2.44 -10.34 -10.29
2024      5     12     01     43     30    000  -2.44 -10.35 -10.29
2024      5     12     01     44     00    000  -2.44 -10.36 -10.30
2024      5     12     01     44     30    000  -2.44 -10.37 -10.30
2024      5     12     01     45     00    000  -2.43 -10.38 -10.31
2024      5     12     01     45     30    000  -2.43 -10.39 -10.31
2024      5     12     01     46     00    000  -2.43 -10.40 -10.31
2024      5     12     01     46     30    000  -2.43 -10.41 -10.32
2024      5     12     01     47     00    000  -2.42 -10.42 -10.32
2024      5     12     01     47     30    000  -2.42 -10.43 -10.32
2024      5     12     01     48     00    000  -2.42 -10.44 -10.33
2024      5     12     01     48     30    000  -2.42 -10.45 -10.33
2024      5     12     01     49     00    000  -2.41 -10.46 -10.33
2024      5     12     01     49     30    000  -2.41 -10.47 -10.34
2024      5     12     01     50     00    000  -2.41 -10.48 -10.34
2024      5     12     01     50     30    000  -2.41 -10.49 -10.34
2024      5     12     01     51     00    000  -2.40 -10.50 -10.35
2024      5     12     01     51     30    000  -2.40 -10.51 -10.35
2024      5     12     01     52     00    000  -2.40 -10.52 -10.35
2024      5     12     01     52     30    000  -2.40 -10.53 -10.36
2024      5     12     01     53     00    000  -2.39 -10.54 -10.36
2024      5     12     01     53     30    000  -2.39 -10.55 -10.36
2024      5     12     01     54     00    000  -2.39 -10.56 -10.37
2024      5     12     01     54     30    000  -2.39 -10.57 -10.37
2024      5     12     01     55     00    000  -2.38 -10.58 -10.37
2024      5     12     01     55     30    000  -2.38 -10.59 -10.37
2024      5     12     01     56     00    000  -2.38 -10.60 -10.38
2024      5     12     01     56     30    000  -2.38 -10.61 -10.38
2024      5     12     01     57     00    000  -2.37 -10.62 -10.38
2024      5     12     01     57     30    000  -2.37 -10.63 -10.39
2024      5     12     01     58     00    000  -2.37 -10.64 -10.39
2024      5     12     01     58     30    000  -2.37 -10.65 -10.39
2024      5     12     01     59     00    000  -2.36 -10.66 -10.40
2024      5     12     01     59     30    000  -2.36 -10.67 -10.40
2024      5     12     02     00     00    000  -2.36 -10.68 -10.40
2024      5     12     02     00     30    000  -2.36 -10.69 -10.41
2024      5     12     02     01     00    000  -2.35 -10.70 -10.41
2024      5     12     02     01     30    000  -2.35 -10.71 -10.41
2024      5     12     02     02     00    000  -2.35 -10.72 -10.41
2024      5     12     02     02     30    000  -2.35 -10.73 -10.42
2024      5     12     02     03     00    000  -2.34 -10.74 -10.42
2024      5     12     02     03     30    000  -2.34 -10.75 -10.42
2024      5     12     02     04     00    000  -2.34 -10.76 -10.43
2024      5     12     02     04     30    000  -2.34 -10.77 -10.43
2024      5     12     02     05     00    000  -2.33 -10.78 -10.43
2024      5     12     02     05     30    000  -2.33 -10.79 -10.43
2024      5     12     02     06     00    000  -2.33 -10.80 -10.44
2024      5     12     02     06     30    000  -2.33 -10.81 -10.44
2024      5     12     02     07     00    000  -2.32 -10.82 -10.44
2024      5     12     02     07     30    000  -2.32 -10.83 -10.45
2024      5     12     02     08     00    000  -2.32 -10.84 -10.45
2024      5     12     02     08     30    000  -2.32 -10.85 -10.45
2024      5     12     02     09     00    000  -2.31 -10.86 -10.45
2024      5     12     02     09     30    000  -2.31 -10.87 -10.46
2024      5     12     02     10     00    000  -2.31 -10.88 -10.46
2024      5     12     02     10     30    000  -2.31 -10.89 -10.46
2024      5     12     02     11     00    000  -2.30 -10.90 -10.47
2024      5     12     02     11     30    000  -2.30 -10.91 -10.47
2024      5     12     02     12     00    000  -2.30 -10.92 -10.47
2024      5     12     02     12     30    000  -2.30 -10.93 -10.47
2024      5     12     02     13     00    000  -2.29 -10.94 -10.48
2024      5     12     02     13     30    000  -2.29 -10.95 -10.48
2024      5     12     02     14     00    000  -2.29 -10.96 -10.48
2024      5     12     02     14     30    000  -2.29 -10.97 -10.48
2024      5     12     02     15     00    000  -2.28 -10.98 -10.49
2024      5     12     02     15     30    000  -2.28 -10.99 -10.49
2024      5     12     02     16     00    000  -2.28 -11.00 -10.49
2024      5     12     02     16     30    000  -2.28 -11.01 -10.49
2024      5     12     02     17     00    000  -2.27 -11.02 -10.50
2024      5     12     02     17     30    000  -2.27 -11.03 -10.50
2024      5     12     02     18     00    000  -2.27 -11.04 -10.50
2024      5     12     02     18     30    000  -2.27 -11.05 -10.50
2024      5     12     02     19     00    000  -2.26 -11.06 -10.51
2024      5     12     02     19     30    000  -2.26 -11.07 -10.51
2024      5     12     02     20     00    000  -2.26 -11.08 -10.51
2024      5     12     02     20     30    000  -2.26 -11.09 -10.51
2024      5     12     02     21     00    000  -2.25 -11.10 -10.52
2024      5     12     02     21     30    000  -2.25 -11.11 -10.52
2024      5     12     02     22     00    000  -2.25 -11.12 -10.52
2024      5     12     02     22     30    000  -2.25 -11.13 -10.52
2024      5     12     02     23     00    000  -2.24 -11.14 -10.53
2024      5     12     02     23     30    000  -2.24 -11.15 -10.53
2024      5     12     02     24     00    000  -2.24 -11.16 -10.53
2024      5     12     02     24     30    000  -2.23 -11.17 -10.53
2024      5     12     02     25     00    000  -2.23 -11.18 -10.54
2024      5     12     02     25     30    000  -2.23 -11.19 -10.54
2024      5     12     02     26     00    000  -2.23 -11.20 -10.54
2024      5     12     02     26     30    000  -2.22 -11.21 -10.54
2024      5     12     02     27     00    000  -2.22 -11.22 -10.55
2024      5     12     02     27     30    000  -2.22 -11.23 -10.55
2024      5     12     02     28     00    000  -2.22 -11.25 -10.55
2024      5     12     02     28     30    000  -2.21 -11.26 -10.55
2024      5     12     02     29     00    000  -2.21 -11.27 -10.55
2024      5     12     02     29     30    000  -2.21 -11.28 -10.56
2024      5     12     02     30     00    000  -2.21 -11.29 -10.56
2024      5     12     02     30     30    000  -2.20 -11.30 -10.56
2024      5     12     02     31     00    000  -2.20 -11.31 -10.56
2024      5     12     02     31     30    000  -2.20 -11.32 -10.57
2024      5     12     02     32     00    000  -2.20 -11.33 -10.57
2024      5     12     02     32     30    000  -2.19 -11.34 -10.57
2024      5     12     02     33     00    000  -2.19 -11.35 -10.57
2024      5     12     02     33     30    000  -2.19 -11.36 -10.57
2024      5     12     02     34     00    000  -2.19 -11.37 -10.58
2024      5     12     02     34     30    000  -2.18 -11.38 -10.58
2024      5     12     02     35     00    000  -2.18 -11.39 -10.58
2024      5     12     02     35     30    000  -2.18 -11.40 -10.58
2024      5     12     02     36     00    000  -2.18 -11.41 -10.58
2024      5     12     02     36     30    000  -2.17 -11.42 -10.59
2024      5     12     02     37     00    000  -2.17 -11.43 -10.59
2024      5     12     02     37     30    000  -2.17 -11.44 -10.59
2024      5     12     02     38     00    000  -2.17 -11.45 -10.59
2024      5     12     02     38     30    000  -2.16 -11.46 -10.59
2024      5     12     02     39     00    000  -2.16 -11.47 -10.60
2024      5     12     02     39     30    000  -2.16 -11.48 -10.60
2024      5     12     02     40     00    000  -2.16 -11.49 -10.60
2024      5     12     02     40     30    000  -2.15 -11.50 -10.60
2024      5     12     02     41     00    000  -2.15 -11.51 -10.60
2024      5     12     02     41     30    000  -2.15 -11.52 -10.61
2024      5     12     02     42     00    000  -2.14 -11.53 -10.61
2024      5     12     02     42     30    000  -2.14 -11.54 -10.61
2024      5     12     02     43     00    000  -2.14 -11.55 -10.61
2024      5     12     02     43     30    000  -2.14 -11.56 -10.61
2024      5     12     02     44     00    000  -2.13 -11.57 -10.62
2024      5     12     02     44     30    000  -2.13 -11.58 -10.62
2024      5     12     02     45     00    000  -2.13 -11.59 -10.62
2024      5     12     02     45     30    000  -2.13 -11.60 -10.62
2024      5     12     02     46     00    000  -2.12 -11.61 -10.62
2024      5     12     02     46     30    000  -2.12 -11.62 -10.62
2024      5     12     02     47     00    000  -2.12 -11.63 -10.63
2024      5     12     02     47     30    000  -2.12 -11.64 -10.63
2024      5     12     02     48     00    000  -2.11 -11.65 -10.63
2024      5     12     02     48     30    000  -2.11 -11.66 -10.63
2024      5     12     02     49     00    000  -2.11 -11.67 -10.63
2024      5     12     02     49     30    000  -2.11 -11.68 -10.64
2024      5     12     02     50     00    000  -2.10 -11.69 -10.64
2024      5     12     02     50     30    000  -2.10 -11.70 -10.64
2024      5     12     02     51     00    000  -2.10 -11.71 -10.64
2024      5     12     02     51     30    000  -2.10 -11.72 -10.64
2024      5     12     02     52     00    000  -2.09 -11.73 -10.64
2024      5     12     02     52     30    000  -2.09 -11.74 -10.65
2024      5     12     02     53     00    000  -2.09 -11.76 -10.65
2024      5     12     02     53     30    000  -2.09 -11.77 -10.65
2024      5     12     02     54     00    000  -2.08 -11.78 -10.65
2024      5     12     02     54     30    000  -2.08 -11.79 -10.65
2024      5     12     02     55     00    000  -2.08 -11.80 -10.65
2024      5     12     02     55     30    000  -2.07 -11.81 -10.65
2024      5     12     02     56     00    000  -2.07 -11.82 -10.66
2024      5     12     02     56     30    000  -2.07 -11.83 -10.66
2024      5     12     02     57     00    000  -2.07 -11.84 -10.66
2024      5     12     02     57     30    000  -2.06 -11.85 -10.66
2024      5     12     02     58     00    000  -2.06 -11.86 -10.66
2024      5     12     02     58     30    000  -2.06 -11.87 -10.66
2024      5     12     02     59     00    000  -2.06 -11.88 -10.66
2024      5     12     02     59     30    000  -2.05 -11.89 -10.67
2024      5     12     03     00     00    000  -2.05 -11.90 -10.67
2024      5     12     03     00     30    000  -2.05 -11.91 -10.67
2024      5     12     03     01     00    000  -2.05 -11.92 -10.67
2024      5     12     03     01     30    000  -2.04 -11.93 -10.67
2024      5     12     03     02     00    000  -2.04 -11.94 -10.67
2024      5     12     03     02     30    000  -2.04 -11.95 -10.67
2024      5     12     03     03     00    000  -2.04 -11.96 -10.68
2024      5     12     03     03     30    000  -2.03 -11.97 -10.68
2024      5     12     03     04     00    000  -2.03 -11.98 -10.68
2024      5     12     03     04     30    000  -2.03 -11.99 -10.68
2024      5     12     03     05     00    000  -2.03 -12.00 -10.68
2024      5     12     03     05     30    000  -2.02 -12.01 -10.68
2024      5     12     03     06     00    000  -2.02 -12.02 -10.68
2024      5     12     03     06     30    000  -2.02 -12.03 -10.69
2024      5     12     03     07     00    000  -2.01 -12.04 -10.69
2024      5     12     03     07     30    000  -2.01 -12.05 -10.69
2024      5     12     03     08     00    000  -2.01 -12.06 -10.69
2024      5     12     03     08     30    000  -2.01 -12.07 -10.69
2024      5     12     03     09     00    000  -2.00 -12.08 -10.69
2024      5     12     03     09     30    000  -2.00 -12.09 -10.69
2024      5     12     03     10     00    000  -2.00 -12.10 -10.69
2024      5     12     03     10     30    000  -2.00 -12.11 -10.69
2024      5     12     03     11     00    000  -1.99 -12.13 -10.70
2024      5     12     03     11     30    000  -1.99 -12.14 -10.70
2024      5     12     03     12     00    000  -1.99 -12.15 -10.70
2024      5     12     03     12     30    000  -1.99 -12.16 -10.70
2024      5     12     03     13     00    000  -1.98 -12.17 -10.70
2024      5     12     03     13     30    000  -1.98 -12.18 -10.70
2024      5     12     03     14     00    000  -1.98 -12.19 -10.70
2024      5     12     03     14     30    000  -1.98 -12.20 -10.70
2024      5     12     03     15     00    000  -1.97 -12.21 -10.70
2024      5     12     03     15     30    000  -1.97 -12.22 -10.71
2024      5     12     03     16     00    000  -1.97 -12.23 -10.71
2024      5     12     03     16     30    000  -1.97 -12.24 -10.71
2024      5     12     03     17     00    000  -1.96 -12.25 -10.71
2024      5     12     03     17     30    000  -1.96 -12.26 -10.71
2024      5     12     03     18     00    000  -1.96 -12.27 -10.71
2024      5     12     03     18     30    000  -1.95 -12.28 -10.71
2024      5     12     03     19     00    000  -1.95 -12.29 -10.71
2024      5     12     03     19     30    000  -1.95 -12.30 -10.71
2024      5     12     03     20     00    000  -1.95 -12.31 -10.71
2024      5     12     03     20     30    000  -1.94 -12.32 -10.72
2024      5     12     03     21     00    000  -1.94 -12.33 -10.72
2024      5     12     03     21     30    000  -1.94 -12.34 -10.72
2024      5     12     03     22     00    000  -1.94 -12.35 -10.72
2024      5     12     03     22     30    000  -1.93 -12.36 -10.72
2024      5     12     03     23     00    000  -1.93 -12.37 -10.72
2024      5     12     03     23     30    000  -1.93 -12.38 -10.72
2024      5     12     03     24     00    000  -1.93 -12.39 -10.72
2024      5     12     03     24     30    000  -1.92 -12.40 -10.72
2024      5     12     03     25     00    000  -1.92 -12.41 -10.72
2024      5     12     03     25     30    000  -1.92 -12.42 -10.72
2024      5     12     03     26     00    000  -1.92 -12.43 -10.72
2024      5     12     03     26     30    000  -1.91 -12.44 -10.73
2024      5     12     03     27     00    000  -1.91 -12.46 -10.73
2024      5     12     03     27     30    000  -1.91 -12.47 -10.73
2024      5     12     03     28     00    000  -1.90 -12.48 -10.73
2024      5     12     03     28     30    000  -1.90 -12.49 -10.73
2024      5     12     03     29     00    000  -1.90 -12.50 -10.73
2024      5     12     03     29     30    000  -1.90 -12.51 -10.73
2024      5     12     03     30     00    000  -1.89 -12.52 -10.73
2024      5     12     03     30     30    000  -1.89 -12.53 -10.73
2024      5     12     03     31     00    000  -1.89 -12.54 -10.73
2024      5     12     03     31     30    000  -1.89 -12.55 -10.73
2024      5     12     03     32     00    000  -1.88 -12.56 -10.73
2024      5     12     03     32     30    000  -1.88 -12.57 -10.73
2024      5     12     03     33     00    000  -1.88 -12.58 -10.73
2024      5     12     03     33     30    000  -1.88 -12.59 -10.73
2024      5     12     03     34     00    000  -1.87 -12.60 -10.74
2024      5     12     03     34     30    000  -1.87 -12.61 -10.74
2024      5     12     03     35     00    000  -1.87 -12.62 -10.74
2024      5     12     03     35     30    000  -1.87 -12.63 -10.74
2024      5     12     03     36     00    000  -1.86 -12.64 -10.74
2024      5     12     03     36     30    000  -1.86 -12.65 -10.74
2024      5     12     03     37     00    000  -1.86 -12.66 -10.74
2024      5     12     03     37     30    000  -1.85 -12.67 -10.74
2024      5     12     03     38     00    000  -1.85 -12.68 -10.74
2024      5     12     03     38     30    000  -1.85 -12.69 -10.74
2024      5     12     03     39     00    000  -1.85 -12.70 -10.74
2024      5     12     03     39     30    000  -1.84 -12.71 -10.74
2024      5     12     03     40     00    000  -1.84 -12.72 -10.74
2024      5     12     03     40     30    000  -1.84 -12.73 -10.74
2024      5     12     03     41     00    000  -1.84 -12.74 -10.74
2024      5     12     03     41     30    000  -1.83 -12.76 -10.74
2024      5     12     03     42     00    000  -1.83 -12.77 -10.74
2024      5     12     03     42     30    000  -1.83 -12.78 -10.74
2024      5     12     03     43     00    000  -1.83 -12.79 -10.74
2024      5     12     03     43     30    000  -1.82 -12.80 -10.74
2024      5     12     03     44     00    000  -1.82 -12.81 -10.74
2024      5     12     03     44     30    000  -1.82 -12.82 -10.75
2024      5     12     03     45     00    000  -1.81 -12.83 -10.75
2024      5     12     03     45     30    000  -1.81 -12.84 -10.75
2024      5     12     03     46     00    000  -1.81 -12.85 -10.75
2024      5     12     03     46     30    000  -1.81 -12.86 -10.75
2024      5     12     03     47     00    000  -1.80 -12.87 -10.75
2024      5     12     03     47     30    000  -1.80 -12.88 -10.75
2024      5     12     03     48     00    000  -1.80 -12.89 -10.75
2024      5     12     03     48     30    000  -1.80 -12.90 -10.75
2024      5     12     03     49     00    000  -1.79 -12.91 -10.75
2024      5     12     03     49     30    000  -1.79 -12.92 -10.75
2024      5     12     03     50     00    000  -1.79 -12.93 -10.75
2024      5     12     03     50     30    000  -1.79 -12.94 -10.75
2024      5     12     03     51     00    000  -1.78 -12.95 -10.75
2024      5     12     03     51     30    000  -1.78 -12.96 -10.75
2024      5     12     03     52     00    000  -1.78 -12.97 -10.75
2024      5     12     03     52     30    000  -1.78 -12.98 -10.75
2024      5     12     03     53     00    000  -1.77 -12.99 -10.75
2024      5     12     03     53     30    000  -1.77 -13.00 -10.75
2024      5     12     03     54     00    000  -1.77 -13.01 -10.75
2024      5     12     03     54     30    000  -1.76 -13.02 -10.75
2024      5     12     03     55     00    000  -1.76 -13.03 -10.75
2024      5     12     03     55     30    000  -1.76 -13.04 -10.75
2024      5     12     03     56     00    000  -1.76 -13.06 -10.75
2024      5     12     03     56     30    000  -1.75 -13.07 -10.75
2024      5     12     03     57     00    000  -1.75 -13.08 -10.75
2024      5     12     03     57     30    000  -1.75 -13.09 -10.75
2024      5     12     03     58     00    000  -1.75 -13.10 -10.75
2024      5     12     03     58     30    000  -1.74 -13.11 -10.75
2024      5     12     03     59     00    000  -1.74 -13.12 -10.75
2024      5     12     03     59     30    000  -1.74 -13.13 -10.75
2024      5     12     04     00     00    000  -1.74 -13.14 -10.75
2024      5     12     04     00     30    000  -1.73 -13.15 -10.75
2024      5     12     04     01     00    000  -1.73 -13.16 -10.75
2024      5     12     04     01     30    000  -1.73 -13.17 -10.75
2024      5     12     04     02     00    000  -1.72 -13.18 -10.75
2024      5     12     04     02     30    000  -1.72 -13.19 -10.75
2024      5     12     04     03     00    000  -1.72 -13.20 -10.75
2024      5     12     04     03     30    000  -1.72 -13.21 -10.75
2024      5     12     04     04     00    000  -1.71 -13.22 -10.75
2024      5     12     04     04     30    000  -1.71 -13.23 -10.75
2024      5     12     04     05     00    000  -1.71 -13.24 -10.75
2024      5     12     04     05     30    000  -1.71 -13.25 -10.75
2024      5     12     04     06     00    000  -1.70 -13.26 -10.75
2024      5     12     04     06     30    000  -1.70 -13.27 -10.75
2024      5     12     04     07     00    000  -1.70 -13.28 -10.75
2024      5     12     04     07     30    000  -1.70 -13.29 -10.75
2024      5     12     04     08     00    000  -1.69 -13.30 -10.75
2024      5     12     04     08     30    000  -1.69 -13.31 -10.75
2024      5     12     04     09     00    000  -1.69 -13.32 -10.75
2024      5     12     04     09     30    000  -1.68 -13.33 -10.75
2024      5     12     04     10     00    000  -1.68 -13.34 -10.75
2024      5     12     04     10     30    000  -1.68 -13.35 -10.75
2024      5     12     04     11     00    000  -1.68 -13.37 -10.75
2024      5     12     04     11     30    000  -1.67 -13.38 -10.75
2024      5     12     04     12     00    000  -1.67 -13.39 -10.75
2024      5     12     04     12     30    000  -1.67 -13.40 -10.75
2024      5     12     04     13     00    000  -1.67 -13.41 -10.75
2024      5     12     04     13     30    000  -1.66 -13.42 -10.75
2024      5     12     04     14     00    000  -1.66 -13.43 -10.75
2024      5     12     04     14     30    000  -1.66 -13.44 -10.75
2024      5     12     04     15     00    000  -1.66 -13.45 -10.75
2024      5     12     04     15     30    000  -1.65 -13.46 -10.75
2024      5     12     04     16     00    000  -1.65 -13.47 -10.75
2024      5     12     04     16     30    000  -1.65 -13.48 -10.74
2024      5     12     04     17     00    000  -1.64 -13.49 -10.74
2024      5     12     04     17     30    000  -1.64 -13.50 -10.74
2024      5     12     04     18     00    000  -1.64 -13.51 -10.74
2024      5     12     04     18     30    000  -1.64 -13.52 -10.74
2024      5     12     04     19     00    000  -1.63 -13.53 -10.74
2024      5     12     04     19     30    000  -1.63 -13.54 -10.74
2024      5     12     04     20     00    000  -1.63 -13.55 -10.74
2024      5     12     04     20     30    000  -1.63 -13.56 -10.74
2024      5     12     04     21     00    000  -1.62 -13.57 -10.74
2024      5     12     04     21     30    000  -1.62 -13.58 -10.74
2024      5     12     04     22     00    000  -1.62 -13.59 -10.74
2024      5     12     04     22     30    000  -1.61 -13.60 -10.74
2024      5     12     04     23     00    000  -1.61 -13.61 -10.74
2024      5     12     04     23     30    000  -1.61 -13.62 -10.74
2024      5     12     04     24     00    000  -1.61 -13.63 -10.74
2024      5     12     04     24     30    000  -1.60 -13.64 -10.74
2024      5     12     04     25     00    000  -1.60 -13.65 -10.74
2024      5     12     04     25     30    000  -1.60 -13.66 -10.74
2024      5     12     04     26     00    000  -1.60 -13.67 -10.74
2024      5     12     04     26     30    000  -1.59 -13.68 -10.74
2024      5     12     04     27     00    000  -1.59 -13.70 -10.74
2024      5     12     04     27     30    000  -1.59 -13.71 -10.73
2024      5     12     04     28     00    000  -1.59 -13.72 -10.73
2024      5     12     04     28     30    000  -1.58 -13.73 -10.73
2024      5     12     04     29     00    000  -1.58 -13.74 -10.73
2024      5     12     04     29     30    000  -1.58 -13.75 -10.73
2024      5     12     04     30     00    000  -1.57 -13.76 -10.73
2024      5     12     04     30     30    000  -1.57 -13.77 -10.73
2024      5     12     04     31     00    000  -1.57 -13.78 -10.73
2024      5     12     04     31     30    000  -1.57 -13.79 -10.73
2024      5     12     04     32     00    000  -1.56 -13.80 -10.73
2024      5     12     04     32     30    000  -1.56 -13.81 -10.73
2024      5     12     04     33     00    000  -1.56 -13.82 -10.73
2024      5     12     04     33     30    000  -1.56 -13.83 -10.73
2024      5     12     04     34     00    000  -1.55 -13.84 -10.73
2024      5     12     04     34     30    000  -1.55 -13.85 -10.73
2024      5     12     04     35     00    000  -1.55 -13.86 -10.73
2024      5     12     04     35     30    000  -1.55 -13.87 -10.72
2024      5     12     04     36     00    000  -1.54 -13.88 -10.72
2024      5     12     04     36     30    000  -1.54 -13.89 -10.72
2024      5     12     04     37     00    000  -1.54 -13.90 -10.72
2024      5     12     04     37     30    000  -1.53 -13.91 -10.72
2024      5     12     04     38     00    000  -1.53 -13.92 -10.72
2024      5     12     04     38     30    000  -1.53 -13.93 -10.72
2024      5     12     04     39     00    000  -1.53 -13.94 -10.72
2024      5     12     04     39     30    000  -1.52 -13.95 -10.72
2024      5     12     04     40     00    000  -1.52 -13.96 -10.72
2024      5     12     04     40     30    000  -1.52 -13.97 -10.72
2024      5     12     04     41     00    000  -1.52 -13.98 -10.72
2024      5     12     04     41     30    000  -1.51 -13.99 -10.72
2024      5     12     04     42     00    000  -1.51 -14.00 -10.71
2024      5     12     04     42     30    000  -1.51 -14.01 -10.71
2024      5     12     04     43     00    000  -1.50 -14.02 -10.71
2024      5     12     04     43     30    000  -1.50 -14.03 -10.71
2024      5     12     04     44     00    000  -1.50 -14.04 -10.71
2024      5     12     04     44     30    000  -1.50 -14.05 -10.71
2024      5     12     04     45     00    000  -1.49 -14.06 -10.71
2024      5     12     04     45     30    000  -1.49 -14.07 -10.71
2024      5     12     04     46     00    000  -1.49 -14.08 -10.71
2024      5     12     04     46     30    000  -1.49 -14.09 -10.71
2024      5     12     04     47     00    000  -1.48 -14.11 -10.71
2024      5     12     04     47     30    000  -1.48 -14.12 -10.71
2024      5     12     04     48     00    000  -1.48 -14.13 -10.70
2024      5     12     04     48     30    000  -1.48 -14.14 -10.70
2024      5     12     04     49     00    000  -1.47 -14.15 -10.70
2024      5     12     04     49     30    000  -1.47 -14.16 -10.70
2024      5     12     04     50     00    000  -1.47 -14.17 -10.70
2024      5     12     04     50     30    000  -1.46 -14.18 -10.70
2024      5     12     04     51     00    000  -1.46 -14.19 -10.70
2024      5     12     04     51     30    000  -1.46 -14.20 -10.70
2024      5     12     04     52     00    000  -1.46 -14.21 -10.70
2024      5     12     04     52     30    000  -1.45 -14.22 -10.70
2024      5     12     04     53     00    000  -1.45 -14.23 -10.69
2024      5     12     04     53     30    000  -1.45 -14.24 -10.69
2024      5     12     04     54     00    000  -1.45 -14.25 -10.69
2024      5     12     04     54     30    000  -1.44 -14.26 -10.69
2024      5     12     04     55     00    000  -1.44 -14.27 -10.69
2024      5     12     04     55     30    000  -1.44 -14.28 -10.69
2024      5     12     04     56     00    000  -1.43 -14.29 -10.69
2024      5     12     04     56     30    000  -1.43 -14.30 -10.69
2024      5     12     04     57     00    000  -1.43 -14.31 -10.69
2024      5     12     04     57     30    000  -1.43 -14.32 -10.69
2024      5     12     04     58     00    000  -1.42 -14.33 -10.68
2024      5     12     04     58     30    000  -1.42 -14.34 -10.68
2024      5     12     04     59     00    000  -1.42 -14.35 -10.68
2024      5     12     04     59     30    000  -1.42 -14.36 -10.68
2024      5     12     05     00     00    000  -1.41 -14.37 -10.68
2024      5     12     05     00     30    000  -1.41 -14.38 -10.68
2024      5     12     05     01     00    000  -1.41 -14.39 -10.68
2024      5     12     05     01     30    000  -1.40 -14.40 -10.68
2024      5     12     05     02     00    000  -1.40 -14.41 -10.68
2024      5     12     05     02     30    000  -1.40 -14.42 -10.67
2024      5     12     05     03     00    000  -1.40 -14.43 -10.67
2024      5     12     05     03     30    000  -1.39 -14.44 -10.67
2024      5     12     05     04     00    000  -1.39 -14.45 -10.67
2024      5     12     05     04     30    000  -1.39 -14.46 -10.67
2024      5     12     05     05     00    000  -1.39 -14.47 -10.67
2024      5     12     05     05     30    000  -1.38 -14.48 -10.67
2024      5     12     05     06     00    000  -1.38 -14.49 -10.67
2024      5     12     05     06     30    000  -1.38 -14.50 -10.66
2024      5     12     05     07     00    000  -1.38 -14.51 -10.66
2024      5     12     05     07     30    000  -1.37 -14.52 -10.66
2024      5     12     05     08     00    000  -1.37 -14.53 -10.66
2024      5     12     05     08     30    000  -1.37 -14.54 -10.66
2024      5     12     05     09     00    000  -1.36 -14.55 -10.66
2024      5     12     05     09     30    000  -1.36 -14.56 -10.66
2024      5     12     05     10     00    000  -1.36 -14.57 -10.66
2024      5     12     05     10     30    000  -1.36 -14.58 -10.65
2024      5     12     05     11     00    000  -1.35 -14.59 -10.65
2024      5     12     05     11     30    000  -1.35 -14.60 -10.65
2024      5     12     05     12     00    000  -1.35 -14.61 -10.65
2024      5     12     05     12     30    000  -1.35 -14.62 -10.65
2024      5     12     05     13     00    000  -1.34 -14.63 -10.65
2024      5     12     05     13     30    000  -1.34 -14.64 -10.65
2024      5     12     05     14     00    000  -1.34 -14.65 -10.65
2024      5     12     05     14     30    000  -1.33 -14.66 -10.64
2024      5     12     05     15     00    000  -1.33 -14.67 -10.64
2024      5     12     05     15     30    000  -1.33 -14.68 -10.64
2024      5     12     05     16     00    000  -1.33 -14.69 -10.64
2024      5     12     05     16     30    000  -1.32 -14.70 -10.64
2024      5     12     05     17     00    000  -1.32 -14.71 -10.64
2024      5     12     05     17     30    000  -1.32 -14.72 -10.64
2024      5     12     05     18     00    000  -1.32 -14.73 -10.63
2024      5     12     05     18     30    000  -1.31 -14.74 -10.63
2024      5     12     05     19     00    000  -1.31 -14.75 -10.63
2024      5     12     05     19     30    000  -1.31 -14.76 -10.63
2024      5     12     05     20     00    000  -1.30 -14.77 -10.63
2024      5     12     05     20     30    000  -1.30 -14.78 -10.63
2024      5     12     05     21     00    000  -1.30 -14.79 -10.63
2024      5     12     05     21     30    000  -1.30 -14.80 -10.62
2024      5     12     05     22     00    000  -1.29 -14.81 -10.62
2024      5     12     05     22     30    000  -1.29 -14.82 -10.62
2024      5     12     05     23     00    000  -1.29 -14.83 -10.62
2024      5     12     05     23     30    000  -1.29 -14.84 -10.62
2024      5     12     05     24     00    000  -1.28 -14.85 -10.62
2024      5     12     05     24     30    000  -1.28 -14.86 -10.62
2024      5     12     05     25     00    000  -1.28 -14.87 -10.61
2024      5     12     05     25     30    000  -1.27 -14.88 -10.61
2024      5     12     05     26     00    000  -1.27 -14.89 -10.61
2024      5     12     05     26     30    000  -1.27 -14.90 -10.61
2024      5     12     05     27     00    000  -1.27 -14.91 -10.61
2024      5     12     05     27     30    000  -1.26 -14.92 -10.61
2024      5     12     05     28     00    000  -1.26 -14.93 -10.61
2024      5     12     05     28     30    000  -1.26 -14.94 -10.60
2024      5     12     05     29     00    000  -1.26 -14.95 -10.60
2024      5     12     05     29     30    000  -1.25 -14.96 -10.60
2024      5     12     05     30     00    000  -1.25 -14.97 -10.60
2024      5     12     05     30     30    000  -1.25 -14.98 -10.60
2024      5     12     05     31     00    000  -1.24 -14.99 -10.60
2024      5     12     05     31     30    000  -1.24 -15.00 -10.59
2024      5     12     05     32     00    000  -1.24 -15.01 -10.59
2024      5     12     05     32     30    000  -1.24 -15.02 -10.59
2024      5     12     05     33     00    000  -1.23 -15.03 -10.59
2024      5     12     05     33     30    000  -1.23 -15.04 -10.59
2024      5     12     05     34     00    000  -1.23 -15.05 -10.59
2024      5     12     05     34     30    000  -1.23 -15.06 -10.59
2024      5     12     05     35     00    000  -1.22 -15.07 -10.58
2024      5     12     05     35     30    000  -1.22 -15.08 -10.58
2024      5     12     05     36     00    000  -1.22 -15.09 -10.58
2024      5     12     05     36     30    000  -1.22 -15.10 -10.58
2024      5     12     05     37     00    000  -1.21 -15.11 -10.58
2024      5     12     05     37     30    000  -1.21 -15.12 -10.58
2024      5     12     05     38     00    000  -1.21 -15.13 -10.57
2024      5     12     05     38     30    000  -1.20 -15.14 -10.57
2024      5     12     05     39     00    000  -1.20 -15.15 -10.57
2024      5     12     05     39     30    000  -1.20 -15.16 -10.57
2024      5     12     05     40     00    000  -1.20 -15.17 -10.57
2024      5     12     05     40     30    000  -1.19 -15.18 -10.57
2024      5     12     05     41     00    000  -1.19 -15.19 -10.56
2024      5     12     05     41     30    000  -1.19 -15.20 -10.56
2024      5     12     05     42     00    000  -1.19 -15.21 -10.56
2024      5     12     05     42     30    000  -1.18 -15.22 -10.56
2024      5     12     05     43     00    000  -1.18 -15.23 -10.56
2024      5     12     05     43     30    000  -1.18 -15.24 -10.56
2024      5     12     05     44     00    000  -1.17 -15.25 -10.55
2024      5     12     05     44     30    000  -1.17 -15.26 -10.55
2024      5     12     05     45     00    000  -1.17 -15.27 -10.55
2024      5     12     05     45     30    000  -1.17 -15.28 -10.55
2024      5     12     05     46     00    000  -1.16 -15.29 -10.55
2024      5     12     05     46     30    000  -1.16 -15.30 -10.55
2024      5     12     05     47     00    000  -1.16 -15.31 -10.54
2024      5     12     05     47     30    000  -1.16 -15.32 -10.54
2024      5     12     05     48     00    000  -1.15 -15.33 -10.54
2024      5     12     05     48     30    000  -1.15 -15.34 -10.54
2024      5     12     05     49     00    000  -1.15 -15.35 -10.54
2024      5     12     05     49     30    000  -1.14 -15.36 -10.53
2024      5     12     05     50     00    000  -1.14 -15.37 -10.53
2024      5     12     05     50     30    000  -1.14 -15.38 -10.53
2024      5     12     05     51     00    000  -1.14 -15.39 -10.53
2024      5     12     05     51     30    000  -1.13 -15.40 -10.53
2024      5     12     05     52     00    000  -1.13 -15.41 -10.53
2024      5     12     05     52     30    000  -1.13 -15.42 -10.52
2024      5     12     05     53     00    000  -1.13 -15.42 -10.52
2024      5     12     05     53     30    000  -1.12 -15.43 -10.52
2024      5     12     05     54     00    000  -1.12 -15.44 -10.52
2024      5     12     05     54     30    000  -1.12 -15.45 -10.52
2024      5     12     05     55     00    000  -1.11 -15.46 -10.52
2024      5     12     05     55     30    000  -1.11 -15.47 -10.51
2024      5     12     05     56     00    000  -1.11 -15.48 -10.51
2024      5     12     05     56     30    000  -1.11 -15.49 -10.51
2024      5     12     05     57     00    000  -1.10 -15.50 -10.51
2024      5     12     05     57     30    000  -1.10 -15.51 -10.51
2024      5     12     05     58     00    000  -1.10 -15.52 -10.50
2024      5     12     05     58     30    000  -1.10 -15.53 -10.50
2024      5     12     05     59     00    000  -1.09 -15.54 -10.50
2024      5     12     05     59     30    000  -1.09 -15.55 -10.50
2024      5     12     06     00     00    000  -1.09 -15.56 -10.50
2024      5     12     06     00     30    000  -1.08 -15.57 -10.50
2024      5     12     06     01     00    000  -1.08 -15.58 -10.49
2024      5     12     06     01     30    000  -1.08 -15.59 -10.49
2024      5     12     06     02     00    000  -1.08 -15.60 -10.49
2024      5     12     06     02     30    000  -1.07 -15.61 -10.49
2024      5     12     06     03     00    000  -1.07 -15.62 -10.49
2024      5     12     06     03     30    000  -1.07 -15.63 -10.48
2024      5     12     06     04     00    000  -1.07 -15.64 -10.48
2024      5     12     06     04     30    000  -1.06 -15.65 -10.48
2024      5     12     06     05     00    000  -1.06 -15.66 -10.48
2024      5     12     06     05     30    000  -1.06 -15.67 -10.48
2024      5     12     06     06     00    000  -1.05 -15.68 -10.47
2024      5     12     06     06     30    000  -1.05 -15.69 -10.47
2024      5     12     06     07     00    000  -1.05 -15.70 -10.47
2024      5     12     06     07     30    000  -1.05 -15.71 -10.47
2024      5     12     06     08     00    000  -1.04 -15.71 -10.47
2024      5     12     06     08     30    000  -1.04 -15.72 -10.46
2024      5     12     06     09     00    000  -1.04 -15.73 -10.46
2024      5     12     06     09     30    000  -1.04 -15.74 -10.46
2024      5     12     06     10     00    000  -1.03 -15.75 -10.46
2024      5     12     06     10     30    000  -1.03 -15.76 -10.46
2024      5     12     06     11     00    000  -1.03 -15.77 -10.46
2024      5     12     06     11     30    000  -1.02 -15.78 -10.45
2024      5     12     06     12     00    000  -1.02 -15.79 -10.45
2024      5     12     06     12     30    000  -1.02 -15.80 -10.45
2024      5     12     06     13     00    000  -1.02 -15.81 -10.45
2024      5     12     06     13     30    000  -1.01 -15.82 -10.45
2024      5     12     06     14     00    000  -1.01 -15.83 -10.44
2024      5     12     06     14     30    000  -1.01 -15.84 -10.44
2024      5     12     06     15     00    000  -1.01 -15.85 -10.44
2024      5     12     06     15     30    000  -1.00 -15.86 -10.44
2024      5     12     06     16     00    000  -1.00 -15.87 -10.44
2024      5     12     06     16     30    000  -1.00 -15.88 -10.43
2024      5     12     06     17     00    000  -0.99 -15.89 -10.43
2024      5     12     06     17     30    000  -0.99 -15.90 -10.43
2024      5     12     06     18     00    000  -0.99 -15.91 -10.43
2024      5     12     06     18     30    000  -0.99 -15.91 -10.43
2024      5     12     06     19     00    000  -0.98 -15.92 -10.42
2024      5     12     06     19     30    000  -0.98 -15.93 -10.42
2024      5     12     06     20     00    000  -0.98 -15.94 -10.42
2024      5     12     06     20     30    000  -0.98 -15.95 -10.42
2024      5     12     06     21     00    000  -0.97 -15.96 -10.42
2024      5     12     06     21     30    000  -0.97 -15.97 -10.41
2024      5     12     06     22     00    000  -0.97 -15.98 -10.41
2024      5     12     06     22     30    000  -0.96 -15.99 -10.41
2024      5     12     06     23     00    000  -0.96 -16.00 -10.41
2024      5     12     06     23     30    000  -0.96 -16.01 -10.41
2024      5     12     06     24     00    000  -0.96 -16.02 -10.40
2024      5     12     06     24     30    000  -0.95 -16.03 -10.40
2024      5     12     06     25     00    000  -0.95 -16.04 -10.40
2024      5     12     06     25     30    000  -0.95 -16.05 -10.40
2024      5     12     06     26     00    000  -0.95 -16.06 -10.40
2024      5     12     06     26     30    000  -0.94 -16.07 -10.39
2024      5     12     06     27     00    000  -0.94 -16.08 -10.39
2024      5     12     06     27     30    000  -0.94 -16.08 -10.39
2024      5     12     06     28     00    000  -0.93 -16.09 -10.39
2024      5     12     06     28     30    000  -0.93 -16.10 -10.39
2024      5     12     06     29     00    000  -0.93 -16.11 -10.38
2024      5     12     06     29     30    000  -0.93 -16.12 -10.38
2024      5     12     06     30     00    000  -0.92 -16.13 -10.38
2024      5     12     06     30     30    000  -0.92 -16.14 -10.38
2024      5     12     06     31     00    000  -0.92 -16.15 -10.38
2024      5     12     06     31     30    000  -0.92 -16.16 -10.37
2024      5     12     06     32     00    000  -0.91 -16.17 -10.37
2024      5     12     06     32     30    000  -0.91 -16.18 -10.37
2024      5     12     06     33     00    000  -0.91 -16.19 -10.37
2024      5     12     06     33     30    000  -0.90 -16.20 -10.37
2024      5     12     06     34     00    000  -0.90 -16.21 -10.36
2024      5     12     06     34     30    000  -0.90 -16.22 -10.36
2024      5     12     06     35     00    000  -0.90 -16.22 -10.36
2024      5     12     06     35     30    000  -0.89 -16.23 -10.36
2024      5     12     06     36     00    000  -0.89 -16.24 -10.36
2024      5     12     06     36     30    000  -0.89 -16.25 -10.35
2024      5     12     06     37     00    000  -0.89 -16.26 -10.35
2024      5     12     06     37     30    000  -0.88 -16.27 -10.35
2024      5     12     06     38     00    000  -0.88 -16.28 -10.35
2024      5     12     06     38     30    000  -0.88 -16.29 -10.34
2024      5     12     06     39     00    000  -0.87 -16.30 -10.34
2024      5     12     06     39     30    000  -0.87 -16.31 -10.34
2024      5     12     06     40     00    000  -0.87 -16.32 -10.34
2024      5     12     06     40     30    000  -0.87 -16.33 -10.34
2024      5     12     06     41     00    000  -0.86 -16.34 -10.33
2024      5     12     06     41     30    000  -0.86 -16.34 -10.33
2024      5     12     06     42     00    000  -0.86 -16.35 -10.33
2024      5     12     06     42     30    000  -0.85 -16.36 -10.33
2024      5     12     06     43     00    000  -0.85 -16.37 -10.33
2024      5     12     06     43     30    000  -0.85 -16.38 -10.32
2024      5     12     06     44     00    000  -0.85 -16.39 -10.32
2024      5     12     06     44     30    000  -0.84 -16.40 -10.32
2024      5     12     06     45     00    000  -0.84 -16.41 -10.32
2024      5     12     06     45     30    000  -0.84 -16.42 -10.32
2024      5     12     06     46     00    000  -0.84 -16.43 -10.31
2024      5     12     06     46     30    000  -0.83 -16.44 -10.31
2024      5     12     06     47     00    000  -0.83 -16.45 -10.31
2024      5     12     06     47     30    000  -0.83 -16.45 -10.31
2024      5     12     06     48     00    000  -0.82 -16.46 -10.31
2024      5     12     06     48     30    000  -0.82 -16.47 -10.30
2024      5     12     06     49     00    000  -0.82 -16.48 -10.30
2024      5     12     06     49     30    000  -0.82 -16.49 -10.30
2024      5     12     06     50     00    000  -0.81 -16.50 -10.30
2024      5     12     06     50     30    000  -0.81 -16.51 -10.29
2024      5     12     06     51     00    000  -0.81 -16.52 -10.29
2024      5     12     06     51     30    000  -0.81 -16.53 -10.29
2024      5     12     06     52     00    000  -0.80 -16.54 -10.29
2024      5     12     06     52     30    000  -0.80 -16.55 -10.29
2024      5     12     06     53     00    000  -0.80 -16.55 -10.28
2024      5     12     06     53     30    000  -0.79 -16.56 -10.28
2024      5     12     06     54     00    000  -0.79 -16.57 -10.28
2024      5     12     06     54     30    000  -0.79 -16.58 -10.28
2024      5     12     06     55     00    000  -0.79 -16.59 -10.28
2024      5     12     06     55     30    000  -0.78 -16.60 -10.27
2024      5     12     06     56     00    000  -0.78 -16.61 -10.27
2024      5     12     06     56     30    000  -0.78 -16.62 -10.27
2024      5     12     06     57     00    000  -0.78 -16.63 -10.27
2024      5     12     06     57     30    000  -0.77 -16.64 -10.27
2024      5     12     06     58     00    000  -0.77 -16.64 -10.26
2024      5     12     06     58     30    000  -0.77 -16.65 -10.26
2024      5     12     06     59     00    000  -0.76 -16.66 -10.26
2024      5     12     06     59     30    000  -0.76 -16.67 -10.26
2024      5     12     07     00     00    000  -0.76 -16.68 -10.25
2024      5     12     07     00     30    000  -0.76 -16.69 -10.25
2024      5     12     07     01     00    000  -0.75 -16.70 -10.25
2024      5     12     07     01     30    000  -0.75 -16.71 -10.25
2024      5     12     07     02     00    000  -0.75 -16.72 -10.25
2024      5     12     07     02     30    000  -0.75 -16.73 -10.24
2024      5     12     07     03     00    000  -0.74 -16.73 -10.24
2024      5     12     07     03     30    000  -0.74 -16.74 -10.24
2024      5     12     07     04     00    000  -0.74 -16.75 -10.24
2024      5     12     07     04     30    000  -0.73 -16.76 -10.24
2024      5     12     07     05     00    000  -0.73 -16.77 -10.23
2024      5     12     07     05     30    000  -0.73 -16.78 -10.23
2024      5     12     07     06     00    000  -0.73 -16.79 -10.23
2024      5     12     07     06     30    000  -0.72 -16.80 -10.23
2024      5     12     07     07     00    000  -0.72 -16.81 -10.23
2024      5     12     07     07     30    000  -0.72 -16.81 -10.22
2024      5     12     07     08     00    000  -0.72 -16.82 -10.22
2024      5     12     07     08     30    000  -0.71 -16.83 -10.22
2024      5     12     07     09     00    000  -0.71 -16.84 -10.22
2024      5     12     07     09     30    000  -0.71 -16.85 -10.22
2024      5     12     07     10     00    000  -0.70 -16.86 -10.21
2024      5     12     07     10     30    000  -0.70 -16.87 -10.21
2024      5     12     07     11     00    000  -0.70 -16.88 -10.21
2024      5     12     07     11     30    000  -0.70 -16.89 -10.21
2024      5     12     07     12     00    000  -0.69 -16.89 -10.20
2024      5     12     07     12     30    000  -0.69 -16.90 -10.20
2024      5     12     07     13     00    000  -0.69 -16.91 -10.20
2024      5     12     07     13     30    000  -0.69 -16.92 -10.20
2024      5     12     07     14     00    000  -0.68 -16.93 -10.20
2024      5     12     07     14     30    000  -0.68 -16.94 -10.19
2024      5     12     07     15     00    000  -0.68 -16.95 -10.19
2024      5     12     07     15     30    000  -0.67 -16.96 -10.19
2024      5     12     07     16     00    000  -0.67 -16.96 -10.19
2024      5     12     07     16     30    000  -0.67 -16.97 -10.19
2024      5     12     07     17     00    000  -0.67 -16.98 -10.18
2024      5     12     07     17     30    000  -0.66 -16.99 -10.18
2024      5     12     07     18     00    000  -0.66 -17.00 -10.18
2024      5     12     07     18     30    000  -0.66 -17.01 -10.18
2024      5     12     07     19     00    000  -0.66 -17.02 -10.18
2024      5     12     07     19     30    000  -0.65 -17.03 -10.17
2024      5     12     07     20     00    000  -0.65 -17.03 -10.17
2024      5     12     07     20     30    000  -0.65 -17.04 -10.17
2024      5     12     07     21     00    000  -0.64 -17.05 -10.17
2024      5     12     07     21     30    000  -0.64 -17.06 -10.17
2024      5     12     07     22     00    000  -0.64 -17.07 -10.16
2024      5     12     07     22     30    000  -0.64 -17.08 -10.16
2024      5     12     07     23     00    000  -0.63 -17.09 -10.16
2024      5     12     07     23     30    000  -0.63 -17.09 -10.16
2024      5     12     07     24     00    000  -0.63 -17.10 -10.15
2024      5     12     07     24     30    000  -0.62 -17.11 -10.15
2024      5     12     07     25     00    000  -0.62 -17.12 -10.15
2024      5     12     07     25     30    000  -0.62 -17.13 -10.15
2024      5     12     07     26     00    000  -0.62 -17.14 -10.15
2024      5     12     07     26     30    000  -0.61 -17.15 -10.14
2024      5     12     07     27     00    000  -0.61 -17.15 -10.14
2024      5     12     07     27     30    000  -0.61 -17.16 -10.14
2024      5     12     07     28     00    000  -0.61 -17.17 -10.14
2024      5     12     07     28     30    000  -0.60 -17.18 -10.14
2024      5     12     07     29     00    000  -0.60 -17.19 -10.13
2024      5     12     07     29     30    000  -0.60 -17.20 -10.13
2024      5     12     07     30     00    000  -0.59 -17.21 -10.13
2024      5     12     07     30     30    000  -0.59 -17.21 -10.13
2024      5     12     07     31     00    000  -0.59 -17.22 -10.13
2024      5     12     07     31     30    000  -0.59 -17.23 -10.12
2024      5     12     07     32     00    000  -0.58 -17.24 -10.12
2024      5     12     07     32     30    000  -0.58 -17.25 -10.12
2024      5     12     07     33     00    000  -0.58 -17.26 -10.12
2024      5     12     07     33     30    000  -0.58 -17.27 -10.12
2024      5     12     07     34     00    000  -0.57 -17.27 -10.11
2024      5     12     07     34     30    000  -0.57 -17.28 -10.11
2024      5     12     07     35     00    000  -0.57 -17.29 -10.11
2024      5     12     07     35     30    000  -0.56 -17.30 -10.11
2024      5     12     07     36     00    000  -0.56 -17.31 -10.11
2024      5     12     07     36     30    000  -0.56 -17.32 -10.10
2024      5     12     07     37     00    000  -0.56 -17.32 -10.10
2024      5     12     07     37     30    000  -0.55 -17.33 -10.10
2024      5     12     07     38     00    000  -0.55 -17.34 -10.10
2024      5     12     07     38     30    000  -0.55 -17.35 -10.10
2024      5     12     07     39     00    000  -0.55 -17.36 -10.09
2024      5     12     07     39     30    000  -0.54 -17.37 -10.09
2024      5     12     07     40     00    000  -0.54 -17.38 -10.09
2024      5     12     07     40     30    000  -0.54 -17.38 -10.09
2024      5     12     07     41     00    000  -0.53 -17.39 -10.09
2024      5     12     07     41     30    000  -0.53 -17.40 -10.08
2024      5     12     07     42     00    000  -0.53 -17.41 -10.08
2024      5     12     07     42     30    000  -0.53 -17.42 -10.08
2024      5     12     07     43     00    000  -0.52 -17.43 -10.08
2024      5     12     07     43     30    000  -0.52 -17.43 -10.08
2024      5     12     07     44     00    000  -0.52 -17.44 -10.07
2024      5     12     07     44     30    000  -0.52 -17.45 -10.07
2024      5     12     07     45     00    000  -0.51 -17.46 -10.07
2024      5     12     07     45     30    000  -0.51 -17.47 -10.07
2024      5     12     07     46     00    000  -0.51 -17.48 -10.07
2024      5     12     07     46     30    000  -0.50 -17.48 -10.06
2024      5     12     07     47     00    000  -0.50 -17.49 -10.06
2024      5     12     07     47     30    000  -0.50 -17.50 -10.06
2024      5     12     07     48     00    000  -0.50 -17.51 -10.06
2024      5     12     07     48     30    000  -0.49 -17.52 -10.06
2024      5     12     07     49     00    000  -0.49 -17.53 -10.06
2024      5     12     07     49     30    000  -0.49 -17.53 -10.05
2024      5     12     07     50     00    000  -0.49 -17.54 -10.05
2024      5     12     07     50     30    000  -0.48 -17.55 -10.05
2024      5     12     07     51     00    000  -0.48 -17.56 -10.05
2024      5     12     07     51     30    000  -0.48 -17.57 -10.05
2024      5     12     07     52     00    000  -0.47 -17.57 -10.04
2024      5     12     07     52     30    000  -0.47 -17.58 -10.04
2024      5     12     07     53     00    000  -0.47 -17.59 -10.04
2024      5     12     07     53     30    000  -0.47 -17.60 -10.04
2024      5     12     07     54     00    000  -0.46 -17.61 -10.04
2024      5     12     07     54     30    000  -0.46 -17.62 -10.03
2024      5     12     07     55     00    000  -0.46 -17.62 -10.03
2024      5     12     07     55     30    000  -0.45 -17.63 -10.03
2024      5     12     07     56     00    000  -0.45 -17.64 -10.03
2024      5     12     07     56     30    000  -0.45 -17.65 -10.03
2024      5     12     07     57     00    000  -0.45 -17.66 -10.02
2024      5     12     07     57     30    000  -0.44 -17.66 -10.02
2024      5     12     07     58     00    000  -0.44 -17.67 -10.02
2024      5     12     07     58     30    000  -0.44 -17.68 -10.02
2024      5     12     07     59     00    000  -0.44 -17.69 -10.02
2024      5     12     07     59     30    000  -0.43 -17.70 -10.02
2024      5     12     08     00     00    000  -0.43 -17.70 -10.01
2024      5     12     08     00     30    000  -0.43 -17.71 -10.01
2024      5     12     08     01     00    000  -0.42 -17.72 -10.01
2024      5     12     08     01     30    000  -0.42 -17.73 -10.01
2024      5     12     08     02     00    000  -0.42 -17.74 -10.01
2024      5     12     08     02     30    000  -0.42 -17.74 -10.00
2024      5     12     08     03     00    000  -0.41 -17.75 -10.00
2024      5     12     08     03     30    000  -0.41 -17.76 -10.00
2024      5     12     08     04     00    000  -0.41 -17.77 -10.00
2024      5     12     08     04     30    000  -0.41 -17.78 -10.00
2024      5     12     08     05     00    000  -0.40 -17.78 -10.00
2024      5     12     08     05     30    000  -0.40 -17.79  -9.99
2024      5     12     08     06     00    000  -0.40 -17.80  -9.99
2024      5     12     08     06     30    000  -0.39 -17.81  -9.99
2024      5     12     08     07     00    000  -0.39 -17.82  -9.99
2024      5     12     08     07     30    000  -0.39 -17.82  -9.99
2024      5     12     08     08     00    000  -0.39 -17.83  -9.98
2024      5     12     08     08     30    000  -0.38 -17.84  -9.98
2024      5     12     08     09     00    000  -0.38 -17.85  -9.98
2024      5     12     08     09     30    000  -0.38 -17.86  -9.98
2024      5     12     08     10     00    000  -0.38 -17.86  -9.98
2024      5     12     08     10     30    000  -0.37 -17.87  -9.98
2024      5     12     08     11     00    000  -0.37 -17.88  -9.97
2024      5     12     08     11     30    000  -0.37 -17.89  -9.97
2024      5     12     08     12     00    000  -0.36 -17.90  -9.97
2024      5     12     08     12     30    000  -0.36 -17.90  -9.97
2024      5     12     08     13     00    000  -0.36 -17.91  -9.97
2024      5     12     08     13     30    000  -0.36 -17.92  -9.97
2024      5     12     08     14     00    000  -0.35 -17.93  -9.96
2024      5     12     08     14     30    000  -0.35 -17.94  -9.96
2024      5     12     08     15     00    000  -0.35 -17.94  -9.96
2024      5     12     08     15     30    000  -0.35 -17.95  -9.96
2024      5     12     08     16     00    000  -0.34 -17.96  -9.96
2024      5     12     08     16     30    000  -0.34 -17.97  -9.96
2024      5     12     08     17     00    000  -0.34 -17.97  -9.95
2024      5     12     08     17     30    000  -0.33 -17.98  -9.95
2024      5     12     08     18     00    000  -0.33 -17.99  -9.95
2024      5     12     08     18     30    000  -0.33 -18.00  -9.95
2024      5     12     08     19     00    000  -0.33 -18.01  -9.95
2024      5     12     08     19     30    000  -0.32 -18.01  -9.95
2024      5     12     08     20     00    000  -0.32 -18.02  -9.94
2024      5     12     08     20     30    000  -0.32 -18.03  -9.94
2024      5     12     08     21     00    000  -0.32 -18.04  -9.94
2024      5     12     08     21     30    000  -0.31 -18.04  -9.94
2024      5     12     08     22     00    000  -0.31 -18.05  -9.94
2024      5     12     08     22     30    000  -0.31 -18.06  -9.94
2024      5     12     08     23     00    000  -0.30 -18.07  -9.93
2024      5     12     08     23     30    000  -0.30 -18.08  -9.93
2024      5     12     08     24     00    000  -0.30 -18.08  -9.93
2024      5     12     08     24     30    000  -0.30 -18.09  -9.93
2024      5     12     08     25     00    000  -0.29 -18.10  -9.93
2024      5     12     08     25     30    000  -0.29 -18.11  -9.93
2024      5     12     08     26     00    000  -0.29 -18.11  -9.92
2024      5     12     08     26     30    000  -0.28 -18.12  -9.92
2024      5     12     08     27     00    000  -0.28 -18.13  -9.92
2024      5     12     08     27     30    000  -0.28 -18.14  -9.92
2024      5     12     08     28     00    000  -0.28 -18.14  -9.92
2024      5     12     08     28     30    000  -0.27 -18.15  -9.92
2024      5     12     08     29     00    000  -0.27 -18.16  -9.92
2024      5     12     08     29     30    000  -0.27 -18.17  -9.91
2024      5     12     08     30     00    000  -0.27 -18.17  -9.91
2024      5     12     08     30     30    000  -0.26 -18.18  -9.91
2024      5     12     08     31     00    000  -0.26 -18.19  -9.91
2024      5     12     08     31     30    000  -0.26 -18.20  -9.91
2024      5     12     08     32     00    000  -0.25 -18.20  -9.91
2024      5     12     08     32     30    000  -0.25 -18.21  -9.91
2024      5     12     08     33     00    000  -0.25 -18.22  -9.90
2024      5     12     08     33     30    000  -0.25 -18.23  -9.90
2024      5     12     08     34     00    000  -0.24 -18.23  -9.90
2024      5     12     08     34     30    000  -0.24 -18.24  -9.90
2024      5     12     08     35     00    000  -0.24 -18.25  -9.90
2024      5     12     08     35     30    000  -0.24 -18.26  -9.90
2024      5     12     08     36     00    000  -0.23 -18.26  -9.89
2024      5     12     08     36     30    000  -0.23 -18.27  -9.89
2024      5     12     08     37     00    000  -0.23 -18.28  -9.89
2024      5     12     08     37     30    000  -0.22 -18.29  -9.89
2024      5     12     08     38     00    000  -0.22 -18.29  -9.89
2024      5     12     08     38     30    000  -0.22 -18.30  -9.89
2024      5     12     08     39     00    000  -0.22 -18.31  -9.89
2024      5     12     08     39     30    000  -0.21 -18.32  -9.89
2024      5     12     08     40     00    000  -0.21 -18.32  -9.88
2024      5     12     08     40     30    000  -0.21 -18.33  -9.88
2024      5     12     08     41     00    000  -0.21 -18.34  -9.88
2024      5     12     08     41     30    000  -0.20 -18.35  -9.88
2024      5     12     08     42     00    000  -0.20 -18.35  -9.88
2024      5     12     08     42     30    000  -0.20 -18.36  -9.88
2024      5     12     08     43     00    000  -0.19 -18.37  -9.88
2024      5     12     08     43     30    000  -0.19 -18.38  -9.87
2024      5     12     08     44     00    000  -0.19 -18.38  -9.87
2024      5     12     08     44     30    000  -0.19 -18.39  -9.87
2024      5     12     08     45     00    000  -0.18 -18.40  -9.87
2024      5     12     08     45     30    000  -0.18 -18.41  -9.87
2024      5     12     08     46     00    000  -0.18 -18.41  -9.87
2024      5     12     08     46     30    000  -0.18 -18.42  -9.87
2024      5     12     08     47     00    000  -0.17 -18.43  -9.87
2024      5     12     08     47     30    000  -0.17 -18.43  -9.86
2024      5     12     08     48     00    000  -0.17 -18.44  -9.86
2024      5     12     08     48     30    000  -0.16 -18.45  -9.86
2024      5     12     08     49     00    000  -0.16 -18.46  -9.86
2024      5     12     08     49     30    000  -0.16 -18.46  -9.86
2024      5     12     08     50     00    000  -0.16 -18.47  -9.86
2024      5     12     08     50     30    000  -0.15 -18.48  -9.86
2024      5     12     08     51     00    000  -0.15 -18.49  -9.86
2024      5     12     08     51     30    000  -0.15 -18.49  -9.85
2024      5     12     08     52     00    000  -0.15 -18.50  -9.85
2024      5     12     08     52     30    000  -0.14 -18.51  -9.85
2024      5     12     08     53     00    000  -0.14 -18.51  -9.85
2024      5     12     08     53     30    000  -0.14 -18.52  -9.85
2024      5     12     08     54     00    000  -0.13 -18.53  -9.85
2024      5     12     08     54     30    000  -0.13 -18.54  -9.85
2024      5     12     08     55     00    000  -0.13 -18.54  -9.85
2024      5     12     08     55     30    000  -0.13 -18.55  -9.84
2024      5     12     08     56     00    000  -0.12 -18.56  -9.84
2024      5     12     08     56     30    000  -0.12 -18.56  -9.84
2024      5     12     08     57     00    000  -0.12 -18.57  -9.84
2024      5     12     08     57     30    000  -0.11 -18.58  -9.84
2024      5     12     08     58     00    000  -0.11 -18.59  -9.84
2024      5     12     08     58     30    000  -0.11 -18.59  -9.84
2024      5     12     08     59     00    000  -0.11 -18.60  -9.84
2024      5     12     08     59     30    000  -0.10 -18.61  -9.84
2024      5     12     09     00     00    000  -0.10 -18.61  -9.83
2024      5     12     09     00     30    000  -0.10 -18.62  -9.83
2024      5     12     09     01     00    000  -0.10 -18.63  -9.83
2024      5     12     09     01     30    000  -0.09 -18.63  -9.83
2024      5     12     09     02     00    000  -0.09 -18.64  -9.83
2024      5     12     09     02     30    000  -0.09 -18.65  -9.83
2024      5     12     09     03     00    000  -0.08 -18.66  -9.83
2024      5     12     09     03     30    000  -0.08 -18.66  -9.83
2024      5     12     09     04     00    000  -0.08 -18.67  -9.83
2024      5     12     09     04     30    000  -0.08 -18.68  -9.83
2024      5     12     09     05     00    000  -0.07 -18.68  -9.82
2024      5     12     09     05     30    000  -0.07 -18.69  -9.82
2024      5     12     09     06     00    000  -0.07 -18.70  -9.82
2024      5     12     09     06     30    000  -0.07 -18.70  -9.82
2024      5     12     09     07     00    000  -0.06 -18.71  -9.82
2024      5     12     09     07     30    000  -0.06 -18.72  -9.82
2024      5     12     09     08     00    000  -0.06 -18.73  -9.82
2024      5     12     09     08     30    000  -0.05 -18.73  -9.82
2024      5     12     09     09     00    000  -0.05 -18.74  -9.82
2024      5     12     09     09     30    000  -0.05 -18.75  -9.82
2024      5     12     09     10     00    000  -0.05 -18.75  -9.82
2024      5     12     09     10     30    000  -0.04 -18.76  -9.81
2024      5     12     09     11     00    000  -0.04 -18.77  -9.81
2024      5     12     09     11     30    000  -0.04 -18.77  -9.81
2024      5     12     09     12     00    000  -0.04 -18.78  -9.81
2024      5     12     09     12     30    000  -0.03 -18.79  -9.81
2024      5     12     09     13     00    000  -0.03 -18.79  -9.81
2024      5     12     09     13     30    000  -0.03 -18.80  -9.81
2024      5     12     09     14     00    000  -0.02 -18.81  -9.81
2024      5     12     09     14     30    000  -0.02 -18.81  -9.81
2024      5     12     09     15     00    000  -0.02 -18.82  -9.81
2024      5     12     09     15     30    000  -0.02 -18.83  -9.81
2024      5     12     09     16     00    000  -0.01 -18.83  -9.81
2024      5     12     09     16     30    000  -0.01 -18.84  -9.80
2024      5     12     09     17     00    000  -0.01 -18.85  -9.80
2024      5     12     09     17     30    000  -0.01 -18.86  -9.80
2024      5     12     09     18     00    000  -0.00 -18.86  -9.80
2024      5     12     09     18     30    000   0.00 -18.87  -9.80
2024      5     12     09     19     00    000   0.00 -18.88  -9.80
2024      5     12     09     19     30    000   0.01 -18.88  -9.80
2024      5     12     09     20     00    000   0.01 -18.89  -9.80
2024      5     12     09     20     30    000   0.01 -18.90  -9.80
2024      5     12     09     21     00    000   0.01 -18.90  -9.80
2024      5     12     09     21     30    000   0.02 -18.91  -9.80
2024      5     12     09     22     00    000   0.02 -18.92  -9.80
2024      5     12     09     22     30    000   0.02 -18.92  -9.80
2024      5     12     09     23     00    000   0.02 -18.93  -9.80
2024      5     12     09     23     30    000   0.03 -18.94  -9.79
2024      5     12     09     24     00    000   0.03 -18.94  -9.79
2024      5     12     09     24     30    000   0.03 -18.95  -9.79
2024      5     12     09     25     00    000   0.04 -18.96  -9.79
2024      5     12     09     25     30    000   0.04 -18.96  -9.79
2024      5     12     09     26     00    000   0.04 -18.97  -9.79
2024      5     12     09     26     30    000   0.04 -18.98  -9.79
2024      5     12     09     27     00    000   0.05 -18.98  -9.79
2024      5     12     09     27     30    000   0.05 -18.99  -9.79
2024      5     12     09     28     00    000   0.05 -18.99  -9.79
2024      5     12     09     28     30    000   0.05 -19.00  -9.79
2024      5     12     09     29     00    000   0.06 -19.01  -9.79
2024      5     12     09     29     30    000   0.06 -19.01  -9.79
2024      5     12     09     30     00    000   0.06 -19.02  -9.79
2024      5     12     09     30     30    000   0.07 -19.03  -9.79
2024      5     12     09     31     00    000   0.07 -19.03  -9.79
2024      5     12     09     31     30    000   0.07 -19.04  -9.79
2024      5     12     09     32     00    000   0.07 -19.05  -9.79
2024      5     12     09     32     30    000   0.08 -19.05  -9.78
2024      5     12     09     33     00    000   0.08 -19.06  -9.78
2024      5     12     09     33     30    000   0.08 -19.07  -9.78
2024      5     12     09     34     00    000   0.08 -19.07  -9.78
2024      5     12     09     34     30    000   0.09 -19.08  -9.78
2024      5     12     09     35     00    000   0.09 -19.09  -9.78
2024      5     12     09     35     30    000   0.09 -19.09  -9.78
2024      5     12     09     36     00    000   0.10 -19.10  -9.78
2024      5     12     09     36     30    000   0.10 -19.10  -9.78
2024      5     12     09     37     00    000   0.10 -19.11  -9.78
2024      5     12     09     37     30    000   0.10 -19.12  -9.78
2024      5     12     09     38     00    000   0.11 -19.12  -9.78
2024      5     12     09     38     30    000   0.11 -19.13  -9.78
2024      5     12     09     39     00    000   0.11 -19.14  -9.78
2024      5     12     09     39     30    000   0.11 -19.14  -9.78
2024      5     12     09     40     00    000   0.12 -19.15  -9.78
2024      5     12     09     40     30    000   0.12 -19.16  -9.78
2024      5     12     09     41     00    000   0.12 -19.16  -9.78
2024      5     12     09     41     30    000   0.13 -19.17  -9.78
2024      5     12     09     42     00    000   0.13 -19.17  -9.78
2024      5     12     09     42     30    000   0.13 -19.18  -9.78
2024      5     12     09     43     00    000   0.13 -19.19  -9.78
2024      5     12     09     43     30    000   0.14 -19.19  -9.78
2024      5     12     09     44     00    000   0.14 -19.20  -9.78
2024      5     12     09     44     30    000   0.14 -19.21  -9.78
2024      5     12     09     45     00    000   0.15 -19.21  -9.78
2024      5     12     09     45     30    000   0.15 -19.22  -9.78
2024      5     12     09     46     00    000   0.15 -19.22  -9.78
2024      5     12     09     46     30    000   0.15 -19.23  -9.78
2024      5     12     09     47     00    000   0.16 -19.24  -9.78
2024      5     12     09     47     30    000   0.16 -19.24  -9.78
2024      5     12     09     48     00    000   0.16 -19.25  -9.78
2024      5     12     09     48     30    000   0.16 -19.26  -9.78
2024      5     12     09     49     00    000   0.17 -19.26  -9.78
2024      5     12     09     49     30    000   0.17 -19.27  -9.78
2024      5     12     09     50     00    000   0.17 -19.27  -9.78
2024      5     12     09     50     30    000   0.18 -19.28  -9.78
2024      5     12     09     51     00    000   0.18 -19.29  -9.78
2024      5     12     09     51     30    000   0.18 -19.29  -9.78
2024      5     12     09     52     00    000   0.18 -19.30  -9.78
2024      5     12     09     52     30    000   0.19 -19.30  -9.78
2024      5     12     09     53     00    000   0.19 -19.31  -9.78
2024      5     12     09     53     30    000   0.19 -19.32  -9.78
2024      5     12     09     54     00    000   0.19 -19.32  -9.78
2024      5     12     09     54     30    000   0.20 -19.33  -9.78
2024      5     12     09     55     00    000   0.20 -19.33  -9.78
2024      5     12     09     55     30    000   0.20 -19.34  -9.78
2024      5     12     09     56     00    000   0.21 -19.35  -9.78
2024      5     12     09     56     30    000   0.21 -19.35  -9.78
2024      5     12     09     57     00    000   0.21 -19.36  -9.78
2024      5     12     09     57     30    000   0.21 -19.36  -9.78
2024      5     12     09     58     00    000   0.22 -19.37  -9.78
2024      5     12     09     58     30    000   0.22 -19.38  -9.78
2024      5     12     09     59     00    000   0.22 -19.38  -9.78
2024      5     12     09     59     30    000   0.22 -19.39  -9.78
2024      5     12     10     00     00    000   0.23 -19.39  -9.78
2024      5     12     10     00     30    000   0.23 -19.40  -9.78
2024      5     12     10     01     00    000   0.23 -19.41  -9.78
2024      5     12     10     01     30    000   0.24 -19.41  -9.78
2024      5     12     10     02     00    000   0.24 -19.42  -9.78
2024      5     12     10     02     30    000   0.24 -19.42  -9.78
2024      5     12     10     03     00    000   0.24 -19.43  -9.78
2024      5     12     10     03     30    000   0.25 -19.44  -9.78
2024      5     12     10     04     00    000   0.25 -19.44  -9.78
2024      5     12     10     04     30    000   0.25 -19.45  -9.78
2024      5     12     10     05     00    000   0.25 -19.45  -9.78
2024      5     12     10     05     30    000   0.26 -19.46  -9.78
2024      5     12     10     06     00    000   0.26 -19.47  -9.78
2024      5     12     10     06     30    000   0.26 -19.47  -9.78
2024      5     12     10     07     00    000   0.27 -19.48  -9.78
2024      5     12     10     07     30    000   0.27 -19.48  -9.78
2024      5     12     10     08     00    000   0.27 -19.49  -9.78
2024      5     12     10     08     30    000   0.27 -19.49  -9.78
2024      5     12     10     09     00    000   0.28 -19.50  -9.78
2024      5     12     10     09     30    000   0.28 -19.51  -9.78
2024      5     12     10     10     00    000   0.28 -19.51  -9.78
2024      5     12     10     10     30    000   0.28 -19.52  -9.78
2024      5     12     10     11     00    000   0.29 -19.52  -9.78
2024      5     12     10     11     30    000   0.29 -19.53  -9.78
2024      5     12     10     12     00    000   0.29 -19.53  -9.78
2024      5     12     10     12     30    000   0.30 -19.54  -9.78
2024      5     12     10     13     00    000   0.30 -19.55  -9.78
2024      5     12     10     13     30    000   0.30 -19.55  -9.79
2024      5     12     10     14     00    000   0.30 -19.56  -9.79
2024      5     12     10     14     30    000   0.31 -19.56  -9.79
2024      5     12     10     15     00    000   0.31 -19.57  -9.79
2024      5     12     10     15     30    000   0.31 -19.57  -9.79
2024      5     12     10     16     00    000   0.31 -19.58  -9.79
2024      5     12     10     16     30    000   0.32 -19.59  -9.79
2024      5     12     10     17     00    000   0.32 -19.59  -9.79
2024      5     12     10     17     30    000   0.32 -19.60  -9.79
2024      5     12     10     18     00    000   0.33 -19.60  -9.79
2024      5     12     10     18     30    000   0.33 -19.61  -9.79
2024      5     12     10     19     00    000   0.33 -19.61  -9.79
2024      5     12     10     19     30    000   0.33 -19.62  -9.79
2024      5     12     10     20     00    000   0.34 -19.62  -9.79
2024      5     12     10     20     30    000   0.34 -19.63  -9.79
2024      5     12     10     21     00    000   0.34 -19.64  -9.79
2024      5     12     10     21     30    000   0.34 -19.64  -9.80
2024      5     12     10     22     00    000   0.35 -19.65  -9.80
2024      5     12     10     22     30    000   0.35 -19.65  -9.80
2024      5     12     10     23     00    000   0.35 -19.66  -9.80
2024      5     12     10     23     30    000   0.36 -19.66  -9.80
2024      5     12     10     24     00    000   0.36 -19.67  -9.80
2024      5     12     10     24     30    000   0.36 -19.67  -9.80
2024      5     12     10     25     00    000   0.36 -19.68  -9.80
2024      5     12     10     25     30    000   0.37 -19.69  -9.80
2024      5     12     10     26     00    000   0.37 -19.69  -9.80
2024      5     12     10     26     30    000   0.37 -19.70  -9.80
2024      5     12     10     27     00    000   0.37 -19.70  -9.80
2024      5     12     10     27     30    000   0.38 -19.71  -9.80
2024      5     12     10     28     00    000   0.38 -19.71  -9.81
2024      5     12     10     28     30    000   0.38 -19.72  -9.81
2024      5     12     10     29     00    000   0.39 -19.72  -9.81
2024      5     12     10     29     30    000   0.39 -19.73  -9.81
2024      5     12     10     30     00    000   0.39 -19.73  -9.81
2024      5     12     10     30     30    000   0.39 -19.74  -9.81
2024      5     12     10     31     00    000   0.40 -19.74  -9.81
2024      5     12     10     31     30    000   0.40 -19.75  -9.81
2024      5     12     10     32     00    000   0.40 -19.76  -9.81
2024      5     12     10     32     30    000   0.40 -19.76  -9.81
2024      5     12     10     33     00    000   0.41 -19.77  -9.81
2024      5     12     10     33     30    000   0.41 -19.77  -9.82
2024      5     12     10     34     00    000   0.41 -19.78  -9.82
2024      5     12     10     34     30    000   0.42 -19.78  -9.82
2024      5     12     10     35     00    000   0.42 -19.79  -9.82
2024      5     12     10     35     30    000   0.42 -19.79  -9.82
2024      5     12     10     36     00    000   0.42 -19.80  -9.82
2024      5     12     10     36     30    000   0.43 -19.80  -9.82
2024      5     12     10     37     00    000   0.43 -19.81  -9.82
2024      5     12     10     37     30    000   0.43 -19.81  -9.82
2024      5     12     10     38     00    000   0.43 -19.82  -9.83
2024      5     12     10     38     30    000   0.44 -19.82  -9.83
2024      5     12     10     39     00    000   0.44 -19.83  -9.83
2024      5     12     10     39     30    000   0.44 -19.83  -9.83
2024      5     12     10     40     00    000   0.45 -19.84  -9.83
2024      5     12     10     40     30    000   0.45 -19.84  -9.83
2024      5     12     10     41     00    000   0.45 -19.85  -9.83
2024      5     12     10     41     30    000   0.45 -19.85  -9.83
2024      5     12     10     42     00    000   0.46 -19.86  -9.84
2024      5     12     10     42     30    000   0.46 -19.86  -9.84
2024      5     12     10     43     00    000   0.46 -19.87  -9.84
2024      5     12     10     43     30    000   0.46 -19.87  -9.84
2024      5     12     10     44     00    000   0.47 -19.88  -9.84
2024      5     12     10     44     30    000   0.47 -19.88  -9.84
2024      5     12     10     45     00    000   0.47 -19.89  -9.84
2024      5     12     10     45     30    000   0.48 -19.90  -9.84
2024      5     12     10     46     00    000   0.48 -19.90  -9.85
2024      5     12     10     46     30    000   0.48 -19.91  -9.85
2024      5     12     10     47     00    000   0.48 -19.91  -9.85
2024      5     12     10     47     30    000   0.49 -19.92  -9.85
2024      5     12     10     48     00    000   0.49 -19.92  -9.85
2024      5     12     10     48     30    000   0.49 -19.93  -9.85
2024      5     12     10     49     00    000   0.49 -19.93  -9.85
2024      5     12     10     49     30    000   0.50 -19.94  -9.86
2024      5     12     10     50     00    000   0.50 -19.94  -9.86
2024      5     12     10     50     30    000   0.50 -19.94  -9.86
2024      5     12     10     51     00    000   0.50 -19.95  -9.86
2024      5     12     10     51     30    000   0.51 -19.95  -9.86
2024      5     12     10     52     00    000   0.51 -19.96  -9.86
2024      5     12     10     52     30    000   0.51 -19.96  -9.86
2024      5     12     10     53     00    000   0.52 -19.97  -9.87
2024      5     12     10     53     30    000   0.52 -19.97  -9.87
2024      5     12     10     54     00    000   0.52 -19.98  -9.87
2024      5     12     10     54     30    000   0.52 -19.98  -9.87
2024      5     12     10     55     00    000   0.53 -19.99  -9.87
2024      5     12     10     55     30    000   0.53 -19.99  -9.87
2024      5     12     10     56     00    000   0.53 -20.00  -9.88
2024      5     12     10     56     30    000   0.53 -20.00  -9.88
2024      5     12     10     57     00    000   0.54 -20.01  -9.88
2024      5     12     10     57     30    000   0.54 -20.01  -9.88
2024      5     12     10     58     00    000   0.54 -20.02  -9.88
2024      5     12     10     58     30    000   0.55 -20.02  -9.88
2024      5     12     10     59     00    000   0.55 -20.03  -9.89
2024      5     12     10     59     30    000   0.55 -20.03  -9.89
2024      5     12     11     00     00    000   0.55 -20.04  -9.89
2024      5     12     11     00     30    000   0.56 -20.04  -9.89
2024      5     12     11     01     00    000   0.56 -20.05  -9.89
2024      5     12     11     01     30    000   0.56 -20.05  -9.90
2024      5     12     11     02     00    000   0.56 -20.06  -9.90
2024      5     12     11     02     30    000   0.57 -20.06  -9.90
2024      5     12     11     03     00    000   0.57 -20.07  -9.90
2024      5     12     11     03     30    000   0.57 -20.07  -9.90
2024      5     12     11     04     00    000   0.58 -20.07  -9.90
2024      5     12     11     04     30    000   0.58 -20.08  -9.91
2024      5     12     11     05     00    000   0.58 -20.08  -9.91
2024      5     12     11     05     30    000   0.58 -20.09  -9.91
2024      5     12     11     06     00    000   0.59 -20.09  -9.91
2024      5     12     11     06     30    000   0.59 -20.10  -9.91
2024      5     12     11     07     00    000   0.59 -20.10  -9.92
2024      5     12     11     07     30    000   0.59 -20.11  -9.92
2024      5     12     11     08     00    000   0.60 -20.11  -9.92
2024      5     12     11     08     30    000   0.60 -20.12  -9.92
2024      5     12     11     09     00    000   0.60 -20.12  -9.92
2024      5     12     11     09     30    000   0.61 -20.13  -9.93
2024      5     12     11     10     00    000   0.61 -20.13  -9.93
2024      5     12     11     10     30    000   0.61 -20.13  -9.93
2024      5     12     11     11     00    000   0.61 -20.14  -9.93
2024      5     12     11     11     30    000   0.62 -20.14  -9.93
2024      5     12     11     12     00    000   0.62 -20.15  -9.94
2024      5     12     11     12     30    000   0.62 -20.15  -9.94
2024      5     12     11     13     00    000   0.62 -20.16  -9.94
2024      5     12     11     13     30    000   0.63 -20.16  -9.94
2024      5     12     11     14     00    000   0.63 -20.17  -9.95
2024      5     12     11     14     30    000   0.63 -20.17  -9.95
2024      5     12     11     15     00    000   0.64 -20.17  -9.95
2024      5     12     11     15     30    000   0.64 -20.18  -9.95
2024      5     12     11     16     00    000   0.64 -20.18  -9.95
2024      5     12     11     16     30    000   0.64 -20.19  -9.96
2024      5     12     11     17     00    000   0.65 -20.19  -9.96
2024      5     12     11     17     30    000   0.65 -20.20  -9.96
2024      5     12     11     18     00    000   0.65 -20.20  -9.96
2024      5     12     11     18     30    000   0.65 -20.21  -9.97
2024      5     12     11     19     00    000   0.66 -20.21  -9.97
2024      5     12     11     19     30    000   0.66 -20.21  -9.97
2024      5     12     11     20     00    000   0.66 -20.22  -9.97
2024      5     12     11     20     30    000   0.67 -20.22  -9.98
2024      5     12     11     21     00    000   0.67 -20.23  -9.98
2024      5     12     11     21     30    000   0.67 -20.23  -9.98
2024      5     12     11     22     00    000   0.67 -20.24  -9.98
2024      5     12     11     22     30    000   0.68 -20.24  -9.98
2024      5     12     11     23     00    000   0.68 -20.24  -9.99
2024      5     12     11     23     30    000   0.68 -20.25  -9.99
2024      5     12     11     24     00    000   0.68 -20.25  -9.99
2024      5     12     11     24     30    000   0.69 -20.26  -9.99
2024      5     12     11     25     00    000   0.69 -20.26 -10.00
2024      5     12     11     25     30    000   0.69 -20.27 -10.00
2024      5     12     11     26     00    000   0.70 -20.27 -10.00
2024      5     12     11     26     30    000   0.70 -20.27 -10.00
2024      5     12     11     27     00    000   0.70 -20.28 -10.01
2024      5     12     11     27     30    000   0.70 -20.28 -10.01
2024      5     12     11     28     00    000   0.71 -20.29 -10.01
2024      5     12     11     28     30    000   0.71 -20.29 -10.02
2024      5     12     11     29     00    000   0.71 -20.30 -10.02
2024      5     12     11     29     30    000   0.71 -20.30 -10.02
2024      5     12     11     30     00    000   0.72 -20.30 -10.02
2024      5     12     11     30     30    000   0.72 -20.31 -10.03
2024      5     12     11     31     00    000   0.72 -20.31 -10.03
2024      5     12     11     31     30    000   0.72 -20.32 -10.03
2024      5     12     11     32     00    000   0.73 -20.32 -10.03
2024      5     12     11     32     30    000   0.73 -20.32 -10.04
2024      5     12     11     33     00    000   0.73 -20.33 -10.04
2024      5     12     11     33     30    000   0.74 -20.33 -10.04
2024      5     12     11     34     00    000   0.74 -20.34 -10.05
2024      5     12     11     34     30    000   0.74 -20.34 -10.05
2024      5     12     11     35     00    000   0.74 -20.34 -10.05
2024      5     12     11     35     30    000   0.75 -20.35 -10.05
2024      5     12     11     36     00    000   0.75 -20.35 -10.06
2024      5     12     11     36     30    000   0.75 -20.36 -10.06
2024      5     12     11     37     00    000   0.75 -20.36 -10.06
2024      5     12     11     37     30    000   0.76 -20.36 -10.07
2024      5     12     11     38     00    000   0.76 -20.37 -10.07
2024      5     12     11     38     30    000   0.76 -20.37 -10.07
2024      5     12     11     39     00    000   0.77 -20.38 -10.07
2024      5     12     11     39     30    000   0.77 -20.38 -10.08
2024      5     12     11     40     00    000   0.77 -20.38 -10.08
2024      5     12     11     40     30    000   0.77 -20.39 -10.08
2024      5     12     11     41     00    000   0.78 -20.39 -10.09
2024      5     12     11     41     30    000   0.78 -20.40 -10.09
2024      5     12     11     42     00    000   0.78 -20.40 -10.09
2024      5     12     11     42     30    000   0.78 -20.40 -10.10
2024      5     12     11     43     00    000   0.79 -20.41 -10.10
2024      5     12     11     43     30    000   0.79 -20.41 -10.10
2024      5     12     11     44     00    000   0.79 -20.41 -10.10
2024      5     12     11     44     30    000   0.80 -20.42 -10.11
2024      5     12     11     45     00    000   0.80 -20.42 -10.11
2024      5     12     11     45     30    000   0.80 -20.43 -10.11
2024      5     12     11     46     00    000   0.80 -20.43 -10.12
2024      5     12     11     46     30    000   0.81 -20.43 -10.12
2024      5     12     11     47     00    000   0.81 -20.44 -10.12
2024      5     12     11     47     30    000   0.81 -20.44 -10.13
2024      5     12     11     48     00    000   0.81 -20.44 -10.13
2024      5     12     11     48     30    000   0.82 -20.45 -10.13
2024      5     12     11     49     00    000   0.82 -20.45 -10.14
2024      5     12     11     49     30    000   0.82 -20.46 -10.14
2024      5     12     11     50     00    000   0.82 -20.46 -10.14
2024      5     12     11     50     30    000   0.83 -20.46 -10.15
2024      5     12     11     51     00    000   0.83 -20.47 -10.15
2024      5     12     11     51     30    000   0.83 -20.47 -10.15
2024      5     12     11     52     00    000   0.84 -20.47 -10.16
2024      5     12     11     52     30    000   0.84 -20.48 -10.16
2024      5     12     11     53     00    000   0.84 -20.48 -10.16
2024      5     12     11     53     30    000   0.84 -20.49 -10.17
2024      5     12     11     54     00    000   0.85 -20.49 -10.17
2024      5     12     11     54     30    000   0.85 -20.49 -10.17
2024      5     12     11     55     00    000   0.85 -20.50 -10.18
2024      5     12     11     55     30    000   0.85 -20.50 -10.18
2024      5     12     11     56     00    000   0.86 -20.50 -10.18
2024      5     12     11     56     30    000   0.86 -20.51 -10.19
2024      5     12     11     57     00    000   0.86 -20.51 -10.19
2024      5     12     11     57     30    000   0.87 -20.51 -10.19
2024      5     12     11     58     00    000   0.87 -20.52 -10.20
2024      5     12     11     58     30    000   0.87 -20.52 -10.20
2024      5     12     11     59     00    000   0.87 -20.52 -10.21
2024      5     12     11     59     30    000   0.88 -20.53 -10.21
2024      5     12     12     00     00    000   0.88 -20.53 -10.21
2024      5     12     12     00     30    000   0.88 -20.53 -10.22
2024      5     12     12     01     00    000   0.88 -20.54 -10.22
2024      5     12     12     01     30    000   0.89 -20.54 -10.22
2024      5     12     12     02     00    000   0.89 -20.55 -10.23
2024      5     12     12     02     30    000   0.89 -20.55 -10.23
2024      5     12     12     03     00    000   0.90 -20.55 -10.23
2024      5     12     12     03     30    000   0.90 -20.56 -10.24
2024      5     12     12     04     00    000   0.90 -20.56 -10.24
2024      5     12     12     04     30    000   0.90 -20.56 -10.25
2024      5     12     12     05     00    000   0.91 -20.57 -10.25
2024      5     12     12     05     30    000   0.91 -20.57 -10.25
2024      5     12     12     06     00    000   0.91 -20.57 -10.26
2024      5     12     12     06     30    000   0.91 -20.58 -10.26
2024      5     12     12     07     00    000   0.92 -20.58 -10.26
2024      5     12     12     07     30    000   0.92 -20.58 -10.27
2024      5     12     12     08     00    000   0.92 -20.59 -10.27
2024      5     12     12     08     30    000   0.92 -20.59 -10.28
2024      5     12     12     09     00    000   0.93 -20.59 -10.28
2024      5     12     12     09     30    000   0.93 -20.60 -10.28
2024      5     12     12     10     00    000   0.93 -20.60 -10.29
2024      5     12     12     10     30    000   0.94 -20.60 -10.29
2024      5     12     12     11     00    000   0.94 -20.61 -10.30
2024      5     12     12     11     30    000   0.94 -20.61 -10.30
2024      5     12     12     12     00    000   0.94 -20.61 -10.30
2024      5     12     12     12     30    000   0.95 -20.61 -10.31
2024      5     12     12     13     00    000   0.95 -20.62 -10.31
2024      5     12     12     13     30    000   0.95 -20.62 -10.32
2024      5     12     12     14     00    000   0.95 -20.62 -10.32
2024      5     12     12     14     30    000   0.96 -20.63 -10.32
2024      5     12     12     15     00    000   0.96 -20.63 -10.33
2024      5     12     12     15     30    000   0.96 -20.63 -10.33
2024      5     12     12     16     00    000   0.97 -20.64 -10.34
2024      5     12     12     16     30    000   0.97 -20.64 -10.34
2024      5     12     12     17     00    000   0.97 -20.64 -10.35
2024      5     12     12     17     30    000   0.97 -20.65 -10.35
2024      5     12     12     18     00    000   0.98 -20.65 -10.35
2024      5     12     12     18     30    000   0.98 -20.65 -10.36
2024      5     12     12     19     00    000   0.98 -20.66 -10.36
2024      5     12     12     19     30    000   0.98 -20.66 -10.37
2024      5     12     12     20     00    000   0.99 -20.66 -10.37
2024      5     12     12     20     30    000   0.99 -20.66 -10.37
2024      5     12     12     21     00    000   0.99 -20.67 -10.38
2024      5     12     12     21     30    000   0.99 -20.67 -10.38
2024      5     12     12     22     00    000   1.00 -20.67 -10.39
2024      5     12     12     22     30    000   1.00 -20.68 -10.39
2024      5     12     12     23     00    000   1.00 -20.68 -10.40
2024      5     12     12     23     30    000   1.01 -20.68 -10.40
2024      5     12     12     24     00    000   1.01 -20.69 -10.41
2024      5     12     12     24     30    000   1.01 -20.69 -10.41
2024      5     12     12     25     00    000   1.01 -20.69 -10.41
2024      5     12     12     25     30    000   1.02 -20.69 -10.42
2024      5     12     12     26     00    000   1.02 -20.70 -10.42
2024      5     12     12     26     30    000   1.02 -20.70 -10.43
2024      5     12     12     27     00    000   1.02 -20.70 -10.43
2024      5     12     12     27     30    000   1.03 -20.71 -10.44
2024      5     12     12     28     00    000   1.03 -20.71 -10.44
2024      5     12     12     28     30    000   1.03 -20.71 -10.45
2024      5     12     12     29     00    000   1.04 -20.71 -10.45
2024      5     12     12     29     30    000   1.04 -20.72 -10.45
2024      5     12     12     30     00    000   1.04 -20.72 -10.46
2024      5     12     12     30     30    000   1.04 -20.72 -10.46
2024      5     12     12     31     00    000   1.05 -20.73 -10.47
2024      5     12     12     31     30    000   1.05 -20.73 -10.47
2024      5     12     12     32     00    000   1.05 -20.73 -10.48
2024      5     12     12     32     30    000   1.05 -20.73 -10.48
2024      5     12     12     33     00    000   1.06 -20.74 -10.49
2024      5     12     12     33     30    000   1.06 -20.74 -10.49
2024      5     12     12     34     00    000   1.06 -20.74 -10.50
2024      5     12     12     34     30    000   1.06 -20.74 -10.50
2024      5     12     12     35     00    000   1.07 -20.75 -10.51
2024      5     12     12     35     30    000   1.07 -20.75 -10.51
2024      5     12     12     36     00    000   1.07 -20.75 -10.52
2024      5     12     12     36     30    000   1.08 -20.76 -10.52
2024      5     12     12     37     00    000   1.08 -20.76 -10.53
2024      5     12     12     37     30    000   1.08 -20.76 -10.53
2024      5     12     12     38     00    000   1.08 -20.76 -10.54
2024      5     12     12     38     30    000   1.09 -20.77 -10.54
2024      5     12     12     39     00    000   1.09 -20.77 -10.54
2024      5     12     12     39     30    000   1.09 -20.77 -10.55
2024      5     12     12     40     00    000   1.09 -20.77 -10.55
2024      5     12     12     40     30    000   1.10 -20.78 -10.56
2024      5     12     12     41     00    000   1.10 -20.78 -10.56
2024      5     12     12     41     30    000   1.10 -20.78 -10.57
2024      5     12     12     42     00    000   1.11 -20.78 -10.57
2024      5     12     12     42     30    000   1.11 -20.79 -10.58
2024      5     12     12     43     00    000   1.11 -20.79 -10.58
2024      5     12     12     43     30    000   1.11 -20.79 -10.59
2024      5     12     12     44     00    000   1.12 -20.79 -10.59
2024      5     12     12     44     30    000   1.12 -20.80 -10.60
2024      5     12     12     45     00    000   1.12 -20.80 -10.60
2024      5     12     12     45     30    000   1.12 -20.80 -10.61
2024      5     12     12     46     00    000   1.13 -20.80 -10.61
2024      5     12     12     46     30    000   1.13 -20.81 -10.62
2024      5     12     12     47     00    000   1.13 -20.81 -10.63
2024      5     12     12     47     30    000   1.13 -20.81 -10.63
2024      5     12     12     48     00    000   1.14 -20.81 -10.64
2024      5     12     12     48     30    000   1.14 -20.82 -10.64
2024      5     12     12     49     00    000   1.14 -20.82 -10.65
2024      5     12     12     49     30    000   1.15 -20.82 -10.65
2024      5     12     12     50     00    000   1.15 -20.82 -10.66
2024      5     12     12     50     30    000   1.15 -20.82 -10.66
2024      5     12     12     51     00    000   1.15 -20.83 -10.67
2024      5     12     12     51     30    000   1.16 -20.83 -10.67
2024      5     12     12     52     00    000   1.16 -20.83 -10.68
2024      5     12     12     52     30    000   1.16 -20.83 -10.68
2024      5     12     12     53     00    000   1.16 -20.84 -10.69
2024      5     12     12     53     30    000   1.17 -20.84 -10.69
2024      5     12     12     54     00    000   1.17 -20.84 -10.70
2024      5     12     12     54     30    000   1.17 -20.84 -10.70
2024      5     12     12     55     00    000   1.18 -20.85 -10.71
2024      5     12     12     55     30    000   1.18 -20.85 -10.71
2024      5     12     12     56     00    000   1.18 -20.85 -10.72
2024      5     12     12     56     30    000   1.18 -20.85 -10.73
2024      5     12     12     57     00    000   1.19 -20.85 -10.73
2024      5     12     12     57     30    000   1.19 -20.86 -10.74
2024      5     12     12     58     00    000   1.19 -20.86 -10.74
2024      5     12     12     58     30    000   1.19 -20.86 -10.75
2024      5     12     12     59     00    000   1.20 -20.86 -10.75
2024      5     12     12     59     30    000   1.20 -20.86 -10.76
2024      5     12     13     00     00    000   1.20 -20.87 -10.76
2024      5     12     13     00     30    000   1.20 -20.87 -10.77
2024      5     12     13     01     00    000   1.21 -20.87 -10.78
2024      5     12     13     01     30    000   1.21 -20.87 -10.78
2024      5     12     13     02     00    000   1.21 -20.88 -10.79
2024      5     12     13     02     30    000   1.22 -20.88 -10.79
2024      5     12     13     03     00    000   1.22 -20.88 -10.80
2024      5     12     13     03     30    000   1.22 -20.88 -10.80
2024      5     12     13     04     00    000   1.22 -20.88 -10.81
2024      5     12     13     04     30    000   1.23 -20.89 -10.81
2024      5     12     13     05     00    000   1.23 -20.89 -10.82
2024      5     12     13     05     30    000   1.23 -20.89 -10.83
2024      5     12     13     06     00    000   1.23 -20.89 -10.83
2024      5     12     13     06     30    000   1.24 -20.89 -10.84
2024      5     12     13     07     00    000   1.24 -20.90 -10.84
2024      5     12     13     07     30    000   1.24 -20.90 -10.85
2024      5     12     13     08     00    000   1.24 -20.90 -10.86
2024      5     12     13     08     30    000   1.25 -20.90 -10.86
2024      5     12     13     09     00    000   1.25 -20.90 -10.87
2024      5     12     13     09     30    000   1.25 -20.90 -10.87
2024      5     12     13     10     00    000   1.26 -20.91 -10.88
2024      5     12     13     10     30    000   1.26 -20.91 -10.88
2024      5     12     13     11     00    000   1.26 -20.91 -10.89
2024      5     12     13     11     30    000   1.26 -20.91 -10.90
2024      5     12     13     12     00    000   1.27 -20.91 -10.90
2024      5     12     13     12     30    000   1.27 -20.92 -10.91
2024      5     12     13     13     00    000   1.27 -20.92 -10.91
2024      5     12     13     13     30    000   1.27 -20.92 -10.92
2024      5     12     13     14     00    000   1.28 -20.92 -10.93
2024      5     12     13     14     30    000   1.28 -20.92 -10.93
2024      5     12     13     15     00    000   1.28 -20.92 -10.94
2024      5     12     13     15     30    000   1.28 -20.93 -10.94
2024      5     12     13     16     00    000   1.29 -20.93 -10.95
2024      5     12     13     16     30    000   1.29 -20.93 -10.96
2024      5     12     13     17     00    000   1.29 -20.93 -10.96
2024      5     12     13     17     30    000   1.30 -20.93 -10.97
2024      5     12     13     18     00    000   1.30 -20.94 -10.97
2024      5     12     13     18     30    000   1.30 -20.94 -10.98
2024      5     12     13     19     00    000   1.30 -20.94 -10.99
2024      5     12     13     19     30    000   1.31 -20.94 -10.99
2024      5     12     13     20     00    000   1.31 -20.94 -11.00
2024      5     12     13     20     30    000   1.31 -20.94 -11.01
2024      5     12     13     21     00    000   1.31 -20.95 -11.01
2024      5     12     13     21     30    000   1.32 -20.95 -11.02
2024      5     12     13     22     00    000   1.32 -20.95 -11.02
2024      5     12     13     22     30    000   1.32 -20.95 -11.03
2024      5     12     13     23     00    000   1.32 -20.95 -11.04
2024      5     12     13     23     30    000   1.33 -20.95 -11.04
2024      5     12     13     24     00    000   1.33 -20.95 -11.05
2024      5     12     13     24     30    000   1.33 -20.96 -11.06
2024      5     12     13     25     00    000   1.34 -20.96 -11.06
2024      5     12     13     25     30    000   1.34 -20.96 -11.07
2024      5     12     13     26     00    000   1.34 -20.96 -11.07
2024      5     12     13     26     30    000   1.34 -20.96 -11.08
2024      5     12     13     27     00    000   1.35 -20.96 -11.09
2024      5     12     13     27     30    000   1.35 -20.97 -11.09
2024      5     12     13     28     00    000   1.35 -20.97 -11.10
2024      5     12     13     28     30    000   1.35 -20.97 -11.11
2024      5     12     13     29     00    000   1.36 -20.97 -11.11
2024      5     12     13     29     30    000   1.36 -20.97 -11.12
2024      5     12     13     30     00    000   1.36 -20.97 -11.13
2024      5     12     13     30     30    000   1.36 -20.97 -11.13
2024      5     12     13     31     00    000   1.37 -20.98 -11.14
2024      5     12     13     31     30    000   1.37 -20.98 -11.15
2024      5     12     13     32     00    000   1.37 -20.98 -11.15
2024      5     12     13     32     30    000   1.38 -20.98 -11.16
2024      5     12     13     33     00    000   1.38 -20.98 -11.16
2024      5     12     13     33     30    000   1.38 -20.98 -11.17
2024      5     12     13     34     00    000   1.38 -20.98 -11.18
2024      5     12     13     34     30    000   1.39 -20.98 -11.18
2024      5     12     13     35     00    000   1.39 -20.99 -11.19
2024      5     12     13     35     30    000   1.39 -20.99 -11.20
2024      5     12     13     36     00    000   1.39 -20.99 -11.20
2024      5     12     13     36     30    000   1.40 -20.99 -11.21
2024      5     12     13     37     00    000   1.40 -20.99 -11.22
2024      5     12     13     37     30    000   1.40 -20.99 -11.22
2024      5     12     13     38     00    000   1.40 -20.99 -11.23
2024      5     12     13     38     30    000   1.41 -20.99 -11.24
2024      5     12     13     39     00    000   1.41 -21.00 -11.24
2024      5     12     13     39     30    000   1.41 -21.00 -11.25
2024      5     12     13     40     00    000   1.42 -21.00 -11.26
2024      5     12     13     40     30    000   1.42 -21.00 -11.27
2024      5     12     13     41     00    000   1.42 -21.00 -11.27
2024      5     12     13     41     30    000   1.42 -21.00 -11.28
2024      5     12     13     42     00    000   1.43 -21.00 -11.29
2024      5     12     13     42     30    000   1.43 -21.00 -11.29
2024      5     12     13     43     00    000   1.43 -21.00 -11.30
2024      5     12     13     43     30    000   1.43 -21.01 -11.31
2024      5     12     13     44     00    000   1.44 -21.01 -11.31
2024      5     12     13     44     30    000   1.44 -21.01 -11.32
2024      5     12     13     45     00    000   1.44 -21.01 -11.33
2024      5     12     13     45     30    000   1.44 -21.01 -11.33
2024      5     12     13     46     00    000   1.45 -21.01 -11.34
2024      5     12     13     46     30    000   1.45 -21.01 -11.35
2024      5     12     13     47     00    000   1.45 -21.01 -11.35
2024      5     12     13     47     30    000   1.46 -21.01 -11.36
2024      5     12     13     48     00    000   1.46 -21.02 -11.37
2024      5     12     13     48     30    000   1.46 -21.02 -11.38
2024      5     12     13     49     00    000   1.46 -21.02 -11.38
2024      5     12     13     49     30    000   1.47 -21.02 -11.39
2024      5     12     13     50     00    000   1.47 -21.02 -11.40
2024      5     12     13     50     30    000   1.47 -21.02 -11.40
2024      5     12     13     51     00    000   1.47 -21.02 -11.41
2024      5     12     13     51     30    000   1.48 -21.02 -11.42
2024      5     12     13     52     00    000   1.48 -21.02 -11.43
2024      5     12     13     52     30    000   1.48 -21.02 -11.43
2024      5     12     13     53     00    000   1.48 -21.02 -11.44
2024      5     12     13     53     30    000   1.49 -21.03 -11.45
2024      5     12     13     54     00    000   1.49 -21.03 -11.45
2024      5     12     13     54     30    000   1.49 -21.03 -11.46
2024      5     12     13     55     00    000   1.50 -21.03 -11.47
2024      5     12     13     55     30    000   1.50 -21.03 -11.48
2024      5     12     13     56     00    000   1.50 -21.03 -11.48
2024      5     12     13     56     30    000   1.50 -21.03 -11.49
2024      5     12     13     57     00    000   1.51 -21.03 -11.50
2024      5     12     13     57     30    000   1.51 -21.03 -11.50
2024      5     12     13     58     00    000   1.51 -21.03 -11.51
2024      5     12     13     58     30    000   1.51 -21.03 -11.52
2024      5     12     13     59     00    000   1.52 -21.03 -11.53
2024      5     12     13     59     30    000   1.52 -21.03 -11.53
2024      5     12     14     00     00    000   1.52 -21.04 -11.54
2024      5     12     14     00     30    000   1.52 -21.04 -11.55
2024      5     12     14     01     00    000   1.53 -21.04 -11.56
2024      5     12     14     01     30    000   1.53 -21.04 -11.56
2024      5     12     14     02     00    000   1.53 -21.04 -11.57
2024      5     12     14     02     30    000   1.54 -21.04 -11.58
2024      5     12     14     03     00    000   1.54 -21.04 -11.59
2024      5     12     14     03     30    000   1.54 -21.04 -11.59
2024      5     12     14     04     00    000   1.54 -21.04 -11.60
2024      5     12     14     04     30    000   1.55 -21.04 -11.61
2024      5     12     14     05     00    000   1.55 -21.04 -11.61
2024      5     12     14     05     30    000   1.55 -21.04 -11.62
2024      5     12     14     06     00    000   1.55 -21.04 -11.63
2024      5     12     14     06     30    000   1.56 -21.04 -11.64
2024      5     12     14     07     00    000   1.56 -21.04 -11.64
2024      5     12     14     07     30    000   1.56 -21.04 -11.65
2024      5     12     14     08     00    000   1.56 -21.04 -11.66
2024      5     12     14     08     30    000   1.57 -21.04 -11.67
2024      5     12     14     09     00    000   1.57 -21.05 -11.68
2024      5     12     14     09     30    000   1.57 -21.05 -11.68
2024      5     12     14     10     00    000   1.58 -21.05 -11.69
2024      5     12     14     10     30    000   1.58 -21.05 -11.70
2024      5     12     14     11     00    000   1.58 -21.05 -11.71
2024      5     12     14     11     30    000   1.58 -21.05 -11.71
2024      5     12     14     12     00    000   1.59 -21.05 -11.72
2024      5     12     14     12     30    000   1.59 -21.05 -11.73
2024      5     12     14     13     00    000   1.59 -21.05 -11.74
2024      5     12     14     13     30    000   1.59 -21.05 -11.74
2024      5     12     14     14     00    000   1.60 -21.05 -11.75
2024      5     12     14     14     30    000   1.60 -21.05 -11.76
2024      5     12     14     15     00    000   1.60 -21.05 -11.77
2024      5     12     14     15     30    000   1.60 -21.05 -11.77
2024      5     12     14     16     00    000   1.61 -21.05 -11.78
2024      5     12     14     16     30    000   1.61 -21.05 -11.79
2024      5     12     14     17     00    000   1.61 -21.05 -11.80
2024      5     12     14     17     30    000   1.61 -21.05 -11.81
2024      5     12     14     18     00    000   1.62 -21.05 -11.81
2024      5     12     14     18     30    000   1.62 -21.05 -11.82
2024      5     12     14     19     00    000   1.62 -21.05 -11.83
2024      5     12     14     19     30    000   1.63 -21.05 -11.84
2024      5     12     14     20     00    000   1.63 -21.05 -11.85
2024      5     12     14     20     30    000   1.63 -21.05 -11.85
2024      5     12     14     21     00    000   1.63 -21.05 -11.86
2024      5     12     14     21     30    000   1.64 -21.05 -11.87
2024      5     12     14     22     00    000   1.64 -21.05 -11.88
2024      5     12     14     22     30    000   1.64 -21.05 -11.88
2024      5     12     14     23     00    000   1.64 -21.05 -11.89
2024      5     12     14     23     30    000   1.65 -21.05 -11.90
2024      5     12     14     24     00    000   1.65 -21.05 -11.91
2024      5     12     14     24     30    000   1.65 -21.05 -11.92
2024      5     12     14     25     00    000   1.65 -21.05 -11.92
2024      5     12     14     25     30    000   1.66 -21.05 -11.93
2024      5     12     14     26     00    000   1.66 -21.05 -11.94
2024      5     12     14     26     30    000   1.66 -21.05 -11.95
2024      5     12     14     27     00    000   1.67 -21.05 -11.96
2024      5     12     14     27     30    000   1.67 -21.05 -11.96
2024      5     12     14     28     00    000   1.67 -21.05 -11.97
2024      5     12     14     28     30    000   1.67 -21.05 -11.98
2024      5     12     14     29     00    000   1.68 -21.05 -11.99
2024      5     12     14     29     30    000   1.68 -21.05 -12.00
2024      5     12     14     30     00    000   1.68 -21.05 -12.00
2024      5     12     14     30     30    000   1.68 -21.05 -12.01
2024      5     12     14     31     00    000   1.69 -21.05 -12.02
2024      5     12     14     31     30    000   1.69 -21.05 -12.03
2024      5     12     14     32     00    000   1.69 -21.05 -12.04
2024      5     12     14     32     30    000   1.69 -21.05 -12.05
2024      5     12     14     33     00    000   1.70 -21.05 -12.05
2024      5     12     14     33     30    000   1.70 -21.05 -12.06
2024      5     12     14     34     00    000   1.70 -21.05 -12.07
2024      5     12     14     34     30    000   1.70 -21.05 -12.08
2024      5     12     14     35     00    000   1.71 -21.05 -12.09
2024      5     12     14     35     30    000   1.71 -21.05 -12.09
2024      5     12     14     36     00    000   1.71 -21.05 -12.10
2024      5     12     14     36     30    000   1.72 -21.05 -12.11
2024      5     12     14     37     00    000   1.72 -21.05 -12.12
2024      5     12     14     37     30    000   1.72 -21.05 -12.13
2024      5     12     14     38     00    000   1.72 -21.05 -12.14
2024      5     12     14     38     30    000   1.73 -21.05 -12.14
2024      5     12     14     39     00    000   1.73 -21.05 -12.15
2024      5     12     14     39     30    000   1.73 -21.05 -12.16
2024      5     12     14     40     00    000   1.73 -21.05 -12.17
2024      5     12     14     40     30    000   1.74 -21.05 -12.18
2024      5     12     14     41     00    000   1.74 -21.05 -12.19
2024      5     12     14     41     30    000   1.74 -21.05 -12.19
2024      5     12     14     42     00    000   1.74 -21.05 -12.20
2024      5     12     14     42     30    000   1.75 -21.05 -12.21
2024      5     12     14     43     00    000   1.75 -21.05 -12.22
2024      5     12     14     43     30    000   1.75 -21.05 -12.23
2024      5     12     14     44     00    000   1.76 -21.05 -12.24
2024      5     12     14     44     30    000   1.76 -21.05 -12.24
2024      5     12     14     45     00    000   1.76 -21.05 -12.25
2024      5     12     14     45     30    000   1.76 -21.05 -12.26
2024      5     12     14     46     00    000   1.77 -21.05 -12.27
2024      5     12     14     46     30    000   1.77 -21.05 -12.28
2024      5     12     14     47     00    000   1.77 -21.05 -12.29
2024      5     12     14     47     30    000   1.77 -21.05 -12.30
2024      5     12     14     48     00    000   1.78 -21.05 -12.30
2024      5     12     14     48     30    000   1.78 -21.05 -12.31
2024      5     12     14     49     00    000   1.78 -21.05 -12.32
2024      5     12     14     49     30    000   1.78 -21.05 -12.33
2024      5     12     14     50     00    000   1.79 -21.04 -12.34
2024      5     12     14     50     30    000   1.79 -21.04 -12.35
2024      5     12     14     51     00    000   1.79 -21.04 -12.36
2024      5     12     14     51     30    000   1.79 -21.04 -12.36
2024      5     12     14     52     00    000   1.80 -21.04 -12.37
2024      5     12     14     52     30    000   1.80 -21.04 -12.38
2024      5     12     14     53     00    000   1.80 -21.04 -12.39
2024      5     12     14     53     30    000   1.81 -21.04 -12.40
2024      5     12     14     54     00    000   1.81 -21.04 -12.41
2024      5     12     14     54     30    000   1.81 -21.04 -12.42
2024      5     12     14     55     00    000   1.81 -21.04 -12.42
2024      5     12     14     55     30    000   1.82 -21.04 -12.43
2024      5     12     14     56     00    000   1.82 -21.04 -12.44
2024      5     12     14     56     30    000   1.82 -21.04 -12.45
2024      5     12     14     57     00    000   1.82 -21.04 -12.46
2024      5     12     14     57     30    000   1.83 -21.04 -12.47
2024      5     12     14     58     00    000   1.83 -21.04 -12.48
2024      5     12     14     58     30    000   1.83 -21.03 -12.48
2024      5     12     14     59     00    000   1.83 -21.03 -12.49
2024      5     12     14     59     30    000   1.84 -21.03 -12.50
2024      5     12     15     00     00    000   1.84 -21.03 -12.51
2024      5     12     15     00     30    000   1.84 -21.03 -12.52
2024      5     12     15     01     00    000   1.84 -21.03 -12.53
2024      5     12     15     01     30    000   1.85 -21.03 -12.54
2024      5     12     15     02     00    000   1.85 -21.03 -12.55
2024      5     12     15     02     30    000   1.85 -21.03 -12.55
2024      5     12     15     03     00    000   1.86 -21.03 -12.56
2024      5     12     15     03     30    000   1.86 -21.03 -12.57
2024      5     12     15     04     00    000   1.86 -21.03 -12.58
2024      5     12     15     04     30    000   1.86 -21.03 -12.59
2024      5     12     15     05     00    000   1.87 -21.03 -12.60
2024      5     12     15     05     30    000   1.87 -21.02 -12.61
2024      5     12     15     06     00    000   1.87 -21.02 -12.62
2024      5     12     15     06     30    000   1.87 -21.02 -12.63
2024      5     12     15     07     00    000   1.88 -21.02 -12.63
2024      5     12     15     07     30    000   1.88 -21.02 -12.64
2024      5     12     15     08     00    000   1.88 -21.02 -12.65
2024      5     12     15     08     30    000   1.88 -21.02 -12.66
2024      5     12     15     09     00    000   1.89 -21.02 -12.67
2024      5     12     15     09     30    000   1.89 -21.02 -12.68
2024      5     12     15     10     00    000   1.89 -21.02 -12.69
2024      5     12     15     10     30    000   1.89 -21.02 -12.70
2024      5     12     15     11     00    000   1.90 -21.01 -12.71
2024      5     12     15     11     30    000   1.90 -21.01 -12.71
2024      5     12     15     12     00    000   1.90 -21.01 -12.72
2024      5     12     15     12     30    000   1.91 -21.01 -12.73
2024      5     12     15     13     00    000   1.91 -21.01 -12.74
2024      5     12     15     13     30    000   1.91 -21.01 -12.75
2024      5     12     15     14     00    000   1.91 -21.01 -12.76
2024      5     12     15     14     30    000   1.92 -21.01 -12.77
2024      5     12     15     15     00    000   1.92 -21.01 -12.78
2024      5     12     15     15     30    000   1.92 -21.01 -12.79
2024      5     12     15     16     00    000   1.92 -21.00 -12.80
2024      5     12     15     16     30    000   1.93 -21.00 -12.80
2024      5     12     15     17     00    000   1.93 -21.00 -12.81
2024      5     12     15     17     30    000   1.93 -21.00 -12.82
2024      5     12     15     18     00    000   1.93 -21.00 -12.83
2024      5     12     15     18     30    000   1.94 -21.00 -12.84
2024      5     12     15     19     00    000   1.94 -21.00 -12.85
2024      5     12     15     19     30    000   1.94 -21.00 -12.86
2024      5     12     15     20     00    000   1.94 -21.00 -12.87
2024      5     12     15     20     30    000   1.95 -20.99 -12.88
2024      5     12     15     21     00    000   1.95 -20.99 -12.89
2024      5     12     15     21     30    000   1.95 -20.99 -12.89
2024      5     12     15     22     00    000   1.96 -20.99 -12.90
2024      5     12     15     22     30    000   1.96 -20.99 -12.91
2024      5     12     15     23     00    000   1.96 -20.99 -12.92
2024      5     12     15     23     30    000   1.96 -20.99 -12.93
2024      5     12     15     24     00    000   1.97 -20.99 -12.94
2024      5     12     15     24     30    000   1.97 -20.98 -12.95
2024      5     12     15     25     00    000   1.97 -20.98 -12.96
2024      5     12     15     25     30    000   1.97 -20.98 -12.97
2024      5     12     15     26     00    000   1.98 -20.98 -12.98
2024      5     12     15     26     30    000   1.98 -20.98 -12.99
2024      5     12     15     27     00    000   1.98 -20.98 -13.00
2024      5     12     15     27     30    000   1.98 -20.98 -13.00
2024      5     12     15     28     00    000   1.99 -20.98 -13.01
2024      5     12     15     28     30    000   1.99 -20.97 -13.02
2024      5     12     15     29     00    000   1.99 -20.97 -13.03
2024      5     12     15     29     30    000   1.99 -20.97 -13.04
2024      5     12     15     30     00    000   2.00 -20.97 -13.05
2024      5     12     15     30     30    000   2.00 -20.97 -13.06
2024      5     12     15     31     00    000   2.00 -20.97 -13.07
2024      5     12     15     31     30    000   2.00 -20.97 -13.08
2024      5     12     15     32     00    000   2.01 -20.96 -13.09
2024      5     12     15     32     30    000   2.01 -20.96 -13.10
2024      5     12     15     33     00    000   2.01 -20.96 -13.11
2024      5     12     15     33     30    000   2.02 -20.96 -13.12
2024      5     12     15     34     00    000   2.02 -20.96 -13.12
2024      5     12     15     34     30    000   2.02 -20.96 -13.13
2024      5     12     15     35     00    000   2.02 -20.96 -13.14
2024      5     12     15     35     30    000   2.03 -20.95 -13.15
2024      5     12     15     36     00    000   2.03 -20.95 -13.16
2024      5     12     15     36     30    000   2.03 -20.95 -13.17
2024      5     12     15     37     00    000   2.03 -20.95 -13.18
2024      5     12     15     37     30    000   2.04 -20.95 -13.19
2024      5     12     15     38     00    000   2.04 -20.95 -13.20
2024      5     12     15     38     30    000   2.04 -20.95 -13.21
2024      5     12     15     39     00    000   2.04 -20.94 -13.22
2024      5     12     15     39     30    000   2.05 -20.94 -13.23
2024      5     12     15     40     00    000   2.05 -20.94 -13.24
2024      5     12     15     40     30    000   2.05 -20.94 -13.25
2024      5     12     15     41     00    000   2.05 -20.94 -13.26
2024      5     12     15     41     30    000   2.06 -20.94 -13.26
2024      5     12     15     42     00    000   2.06 -20.93 -13.27
2024      5     12     15     42     30    000   2.06 -20.93 -13.28
2024      5     12     15     43     00    000   2.07 -20.93 -13.29
2024      5     12     15     43     30    000   2.07 -20.93 -13.30
2024      5     12     15     44     00    000   2.07 -20.93 -13.31
2024      5     12     15     44     30    000   2.07 -20.93 -13.32
2024      5     12     15     45     00    000   2.08 -20.93 -13.33
2024      5     12     15     45     30    000   2.08 -20.92 -13.34
2024      5     12     15     46     00    000   2.08 -20.92 -13.35
2024      5     12     15     46     30    000   2.08 -20.92 -13.36
2024      5     12     15     47     00    000   2.09 -20.92 -13.37
2024      5     12     15     47     30    000   2.09 -20.92 -13.38
2024      5     12     15     48     00    000   2.09 -20.91 -13.39
2024      5     12     15     48     30    000   2.09 -20.91 -13.40
2024      5     12     15     49     00    000   2.10 -20.91 -13.41
2024      5     12     15     49     30    000   2.10 -20.91 -13.42
2024      5     12     15     50     00    000   2.10 -20.91 -13.42
2024      5     12     15     50     30    000   2.10 -20.91 -13.43
2024      5     12     15     51     00    000   2.11 -20.90 -13.44
2024      5     12     15     51     30    000   2.11 -20.90 -13.45
2024      5     12     15     52     00    000   2.11 -20.90 -13.46
2024      5     12     15     52     30    000   2.11 -20.90 -13.47
2024      5     12     15     53     00    000   2.12 -20.90 -13.48
2024      5     12     15     53     30    000   2.12 -20.90 -13.49
2024      5     12     15     54     00    000   2.12 -20.89 -13.50
2024      5     12     15     54     30    000   2.13 -20.89 -13.51
2024      5     12     15     55     00    000   2.13 -20.89 -13.52
2024      5     12     15     55     30    000   2.13 -20.89 -13.53
2024      5     12     15     56     00    000   2.13 -20.89 -13.54
2024      5     12     15     56     30    000   2.14 -20.88 -13.55
2024      5     12     15     57     00    000   2.14 -20.88 -13.56
2024      5     12     15     57     30    000   2.14 -20.88 -13.57
2024      5     12     15     58     00    000   2.14 -20.88 -13.58
2024      5     12     15     58     30    000   2.15 -20.88 -13.59
2024      5     12     15     59     00    000   2.15 -20.87 -13.60
2024      5     12     15     59     30    000   2.15 -20.87 -13.61
2024      5     12     16     00     00    000   2.15 -20.87 -13.61
2024      5     12     16     00     30    000   2.16 -20.87 -13.62
2024      5     12     16     01     00    000   2.16 -20.87 -13.63
2024      5     12     16     01     30    000   2.16 -20.87 -13.64
2024      5     12     16     02     00    000   2.16 -20.86 -13.65
2024      5     12     16     02     30    000   2.17 -20.86 -13.66
2024      5     12     16     03     00    000   2.17 -20.86 -13.67
2024      5     12     16     03     30    000   2.17 -20.86 -13.68
2024      5     12     16     04     00    000   2.17 -20.86 -13.69
2024      5     12     16     04     30    000   2.18 -20.85 -13.70
2024      5     12     16     05     00    000   2.18 -20.85 -13.71
2024      5     12     16     05     30    000   2.18 -20.85 -13.72
2024      5     12     16     06     00    000   2.18 -20.85 -13.73
2024      5     12     16     06     30    000   2.19 -20.85 -13.74
2024      5     12     16     07     00    000   2.19 -20.84 -13.75
2024      5     12     16     07     30    000   2.19 -20.84 -13.76
2024      5     12     16     08     00    000   2.20 -20.84 -13.77
2024      5     12     16     08     30    000   2.20 -20.84 -13.78
2024      5     12     16     09     00    000   2.20 -20.83 -13.79
2024      5     12     16     09     30    000   2.20 -20.83 -13.80
2024      5     12     16     10     00    000   2.21 -20.83 -13.81
2024      5     12     16     10     30    000   2.21 -20.83 -13.82
2024      5     12     16     11     00    000   2.21 -20.83 -13.83
2024      5     12     16     11     30    000   2.21 -20.82 -13.84
2024      5     12     16     12     00    000   2.22 -20.82 -13.84
2024      5     12     16     12     30    000   2.22 -20.82 -13.85
2024      5     12     16     13     00    000   2.22 -20.82 -13.86
2024      5     12     16     13     30    000   2.22 -20.82 -13.87
2024      5     12     16     14     00    000   2.23 -20.81 -13.88
2024      5     12     16     14     30    000   2.23 -20.81 -13.89
2024      5     12     16     15     00    000   2.23 -20.81 -13.90
2024      5     12     16     15     30    000   2.23 -20.81 -13.91
2024      5     12     16     16     00    000   2.24 -20.80 -13.92
2024      5     12     16     16     30    000   2.24 -20.80 -13.93
2024      5     12     16     17     00    000   2.24 -20.80 -13.94
2024      5     12     16     17     30    000   2.24 -20.80 -13.95
2024      5     12     16     18     00    000   2.25 -20.80 -13.96
2024      5     12     16     18     30    000   2.25 -20.79 -13.97
2024      5     12     16     19     00    000   2.25 -20.79 -13.98
2024      5     12     16     19     30    000   2.26 -20.79 -13.99
2024      5     12     16     20     00    000   2.26 -20.79 -14.00
2024      5     12     16     20     30    000   2.26 -20.78 -14.01
2024      5     12     16     21     00    000   2.26 -20.78 -14.02
2024      5     12     16     21     30    000   2.27 -20.78 -14.03
2024      5     12     16     22     00    000   2.27 -20.78 -14.04
2024      5     12     16     22     30    000   2.27 -20.78 -14.05
2024      5     12     16     23     00    000   2.27 -20.77 -14.06
2024      5     12     16     23     30    000   2.28 -20.77 -14.07
2024      5     12     16     24     00    000   2.28 -20.77 -14.08
2024      5     12     16     24     30    000   2.28 -20.77 -14.09
2024      5     12     16     25     00    000   2.28 -20.76 -14.10
2024      5     12     16     25     30    000   2.29 -20.76 -14.11
2024      5     12     16     26     00    000   2.29 -20.76 -14.11
2024      5     12     16     26     30    000   2.29 -20.76 -14.12
2024      5     12     16     27     00    000   2.29 -20.75 -14.13
2024      5     12     16     27     30    000   2.30 -20.75 -14.14
2024      5     12     16     28     00    000   2.30 -20.75 -14.15
2024      5     12     16     28     30    000   2.30 -20.75 -14.16
2024      5     12     16     29     00    000   2.30 -20.74 -14.17
2024      5     12     16     29     30    000   2.31 -20.74 -14.18
2024      5     12     16     30     00    000   2.31 -20.74 -14.19
2024      5     12     16     30     30    000   2.31 -20.74 -14.20
2024      5     12     16     31     00    000   2.31 -20.73 -14.21
2024      5     12     16     31     30    000   2.32 -20.73 -14.22
2024      5     12     16     32     00    000   2.32 -20.73 -14.23
2024      5     12     16     32     30    000   2.32 -20.73 -14.24
2024      5     12     16     33     00    000   2.33 -20.72 -14.25
2024      5     12     16     33     30    000   2.33 -20.72 -14.26
2024      5     12     16     34     00    000   2.33 -20.72 -14.27
2024      5     12     16     34     30    000   2.33 -20.72 -14.28
2024      5     12     16     35     00    000   2.34 -20.72 -14.29
2024      5     12     16     35     30    000   2.34 -20.71 -14.30
2024      5     12     16     36     00    000   2.34 -20.71 -14.31
2024      5     12     16     36     30    000   2.34 -20.71 -14.32
2024      5     12     16     37     00    000   2.35 -20.70 -14.33
2024      5     12     16     37     30    000   2.35 -20.70 -14.34
2024      5     12     16     38     00    000   2.35 -20.70 -14.35
2024      5     12     16     38     30    000   2.35 -20.70 -14.36
2024      5     12     16     39     00    000   2.36 -20.69 -14.37
2024      5     12     16     39     30    000   2.36 -20.69 -14.38
2024      5     12     16     40     00    000   2.36 -20.69 -14.39
2024      5     12     16     40     30    000   2.36 -20.69 -14.40
2024      5     12     16     41     00    000   2.37 -20.68 -14.41
2024      5     12     16     41     30    000   2.37 -20.68 -14.41
2024      5     12     16     42     00    000   2.37 -20.68 -14.42
2024      5     12     16     42     30    000   2.37 -20.68 -14.43
2024      5     12     16     43     00    000   2.38 -20.67 -14.44
2024      5     12     16     43     30    000   2.38 -20.67 -14.45
2024      5     12     16     44     00    000   2.38 -20.67 -14.46
2024      5     12     16     44     30    000   2.38 -20.67 -14.47
2024      5     12     16     45     00    000   2.39 -20.66 -14.48
2024      5     12     16     45     30    000   2.39 -20.66 -14.49
2024      5     12     16     46     00    000   2.39 -20.66 -14.50
2024      5     12     16     46     30    000   2.39 -20.66 -14.51
2024      5     12     16     47     00    000   2.40 -20.65 -14.52
2024      5     12     16     47     30    000   2.40 -20.65 -14.53
2024      5     12     16     48     00    000   2.40 -20.65 -14.54
2024      5     12     16     48     30    000   2.41 -20.65 -14.55
2024      5     12     16     49     00    000   2.41 -20.64 -14.56
2024      5     12     16     49     30    000   2.41 -20.64 -14.57
2024      5     12     16     50     00    000   2.41 -20.64 -14.58
2024      5     12     16     50     30    000   2.42 -20.63 -14.59
2024      5     12     16     51     00    000   2.42 -20.63 -14.60
2024      5     12     16     51     30    000   2.42 -20.63 -14.61
2024      5     12     16     52     00    000   2.42 -20.63 -14.62
2024      5     12     16     52     30    000   2.43 -20.62 -14.63
2024      5     12     16     53     00    000   2.43 -20.62 -14.64
2024      5     12     16     53     30    000   2.43 -20.62 -14.65
2024      5     12     16     54     00    000   2.43 -20.62 -14.66
2024      5     12     16     54     30    000   2.44 -20.61 -14.67
2024      5     12     16     55     00    000   2.44 -20.61 -14.68
2024      5     12     16     55     30    000   2.44 -20.61 -14.69
2024      5     12     16     56     00    000   2.44 -20.60 -14.70
2024      5     12     16     56     30    000   2.45 -20.60 -14.70
2024      5     12     16     57     00    000   2.45 -20.60 -14.71
2024      5     12     16     57     30    000   2.45 -20.60 -14.72
2024      5     12     16     58     00    000   2.45 -20.59 -14.73
2024      5     12     16     58     30    000   2.46 -20.59 -14.74
2024      5     12     16     59     00    000   2.46 -20.59 -14.75
2024      5     12     16     59     30    000   2.46 -20.58 -14.76
2024      5     12     17     00     00    000   2.46 -20.58 -14.77
2024      5     12     17     00     30    000   2.47 -20.58 -14.78
2024      5     12     17     01     00    000   2.47 -20.58 -14.79
2024      5     12     17     01     30    000   2.47 -20.57 -14.80
2024      5     12     17     02     00    000   2.47 -20.57 -14.81
2024      5     12     17     02     30    000   2.48 -20.57 -14.82
2024      5     12     17     03     00    000   2.48 -20.57 -14.83
2024      5     12     17     03     30    000   2.48 -20.56 -14.84
2024      5     12     17     04     00    000   2.49 -20.56 -14.85
2024      5     12     17     04     30    000   2.49 -20.56 -14.86
2024      5     12     17     05     00    000   2.49 -20.55 -14.87
2024      5     12     17     05     30    000   2.49 -20.55 -14.88
2024      5     12     17     06     00    000   2.50 -20.55 -14.89
2024      5     12     17     06     30    000   2.50 -20.55 -14.90
2024      5     12     17     07     00    000   2.50 -20.54 -14.91
2024      5     12     17     07     30    000   2.50 -20.54 -14.92
2024      5     12     17     08     00    000   2.51 -20.54 -14.93
2024      5     12     17     08     30    000   2.51 -20.53 -14.94
2024      5     12     17     09     00    000   2.51 -20.53 -14.95
2024      5     12     17     09     30    000   2.51 -20.53 -14.95
2024      5     12     17     10     00    000   2.52 -20.53 -14.96
2024      5     12     17     10     30    000   2.52 -20.52 -14.97
2024      5     12     17     11     00    000   2.52 -20.52 -14.98
2024      5     12     17     11     30    000   2.52 -20.52 -14.99
2024      5     12     17     12     00    000   2.53 -20.51 -15.00
2024      5     12     17     12     30    000   2.53 -20.51 -15.01
2024      5     12     17     13     00    000   2.53 -20.51 -15.02
2024      5     12     17     13     30    000   2.53 -20.50 -15.03
2024      5     12     17     14     00    000   2.54 -20.50 -15.04
2024      5     12     17     14     30    000   2.54 -20.50 -15.05
2024      5     12     17     15     00    000   2.54 -20.50 -15.06
2024      5     12     17     15     30    000   2.54 -20.49 -15.07
2024      5     12     17     16     00    000   2.55 -20.49 -15.08
2024      5     12     17     16     30    000   2.55 -20.49 -15.09
2024      5     12     17     17     00    000   2.55 -20.48 -15.10
2024      5     12     17     17     30    000   2.55 -20.48 -15.11
2024      5     12     17     18     00    000   2.56 -20.48 -15.12
2024      5     12     17     18     30    000   2.56 -20.48 -15.13
2024      5     12     17     19     00    000   2.56 -20.47 -15.14
2024      5     12     17     19     30    000   2.56 -20.47 -15.15
2024      5     12     17     20     00    000   2.57 -20.47 -15.15
2024      5     12     17     20     30    000   2.57 -20.46 -15.16
2024      5     12     17     21     00    000   2.57 -20.46 -15.17
2024      5     12     17     21     30    000   2.58 -20.46 -15.18
2024      5     12     17     22     00    000   2.58 -20.45 -15.19
2024      5     12     17     22     30    000   2.58 -20.45 -15.20
2024      5     12     17     23     00    000   2.58 -20.45 -15.21
2024      5     12     17     23     30    000   2.59 -20.45 -15.22
2024      5     12     17     24     00    000   2.59 -20.44 -15.23
2024      5     12     17     24     30    000   2.59 -20.44 -15.24
2024      5     12     17     25     00    000   2.59 -20.44 -15.25
2024      5     12     17     25     30    000   2.60 -20.43 -15.26
2024      5     12     17     26     00    000   2.60 -20.43 -15.27
2024      5     12     17     26     30    000   2.60 -20.43 -15.28
2024      5     12     17     27     00    000   2.60 -20.42 -15.29
2024      5     12     17     27     30    000   2.61 -20.42 -15.30
2024      5     12     17     28     00    000   2.61 -20.42 -15.31
2024      5     12     17     28     30    000   2.61 -20.42 -15.32
2024      5     12     17     29     00    000   2.61 -20.41 -15.32
2024      5     12     17     29     30    000   2.62 -20.41 -15.33
2024      5     12     17     30     00    000   2.62 -20.41 -15.34
2024      5     12     17     30     30    000   2.62 -20.40 -15.35
2024      5     12     17     31     00    000   2.62 -20.40 -15.36
2024      5     12     17     31     30    000   2.63 -20.40 -15.37
2024      5     12     17     32     00    000   2.63 -20.39 -15.38
2024      5     12     17     32     30    000   2.63 -20.39 -15.39
2024      5     12     17     33     00    000   2.63 -20.39 -15.40
2024      5     12     17     33     30    000   2.64 -20.38 -15.41
2024      5     12     17     34     00    000   2.64 -20.38 -15.42
2024      5     12     17     34     30    000   2.64 -20.38 -15.43
2024      5     12     17     35     00    000   2.64 -20.38 -15.44
2024      5     12     17     35     30    000   2.65 -20.37 -15.45
2024      5     12     17     36     00    000   2.65 -20.37 -15.46
2024      5     12     17     36     30    000   2.65 -20.37 -15.47
2024      5     12     17     37     00    000   2.65 -20.36 -15.47
2024      5     12     17     37     30    000   2.66 -20.36 -15.48
2024      5     12     17     38     00    000   2.66 -20.36 -15.49
2024      5     12     17     38     30    000   2.66 -20.35 -15.50
2024      5     12     17     39     00    000   2.66 -20.35 -15.51
2024      5     12     17     39     30    000   2.67 -20.35 -15.52
2024      5     12     17     40     00    000   2.67 -20.34 -15.53
2024      5     12     17     40     30    000   2.67 -20.34 -15.54
2024      5     12     17     41     00    000   2.67 -20.34 -15.55
2024      5     12     17     41     30    000   2.68 -20.34 -15.56
2024      5     12     17     42     00    000   2.68 -20.33 -15.57
2024      5     12     17     42     30    000   2.68 -20.33 -15.58
2024      5     12     17     43     00    000   2.69 -20.33 -15.59
2024      5     12     17     43     30    000   2.69 -20.32 -15.60
2024      5     12     17     44     00    000   2.69 -20.32 -15.60
2024      5     12     17     44     30    000   2.69 -20.32 -15.61
2024      5     12     17     45     00    000   2.70 -20.31 -15.62
2024      5     12     17     45     30    000   2.70 -20.31 -15.63
2024      5     12     17     46     00    000   2.70 -20.31 -15.64
2024      5     12     17     46     30    000   2.70 -20.30 -15.65
2024      5     12     17     47     00    000   2.71 -20.30 -15.66
2024      5     12     17     47     30    000   2.71 -20.30 -15.67
2024      5     12     17     48     00    000   2.71 -20.29 -15.68
2024      5     12     17     48     30    000   2.71 -20.29 -15.69
2024      5     12     17     49     00    000   2.72 -20.29 -15.70
2024      5     12     17     49     30    000   2.72 -20.29 -15.71
2024      5     12     17     50     00    000   2.72 -20.28 -15.71
2024      5     12     17     50     30    000   2.72 -20.28 -15.72
2024      5     12     17     51     00    000   2.73 -20.28 -15.73
2024      5     12     17     51     30    000   2.73 -20.27 -15.74
2024      5     12     17     52     00    000   2.73 -20.27 -15.75
2024      5     12     17     52     30    000   2.73 -20.27 -15.76
2024      5     12     17     53     00    000   2.74 -20.26 -15.77
2024      5     12     17     53     30    000   2.74 -20.26 -15.78
2024      5     12     17     54     00    000   2.74 -20.26 -15.79
2024      5     12     17     54     30    000   2.74 -20.25 -15.80
2024      5     12     17     55     00    000   2.75 -20.25 -15.81
2024      5     12     17     55     30    000   2.75 -20.25 -15.81
2024      5     12     17     56     00    000   2.75 -20.24 -15.82
2024      5     12     17     56     30    000   2.75 -20.24 -15.83
2024      5     12     17     57     00    000   2.76 -20.24 -15.84
2024      5     12     17     57     30    000   2.76 -20.24 -15.85
2024      5     12     17     58     00    000   2.76 -20.23 -15.86
2024      5     12     17     58     30    000   2.76 -20.23 -15.87
2024      5     12     17     59     00    000   2.77 -20.23 -15.88
2024      5     12     17     59     30    000   2.77 -20.22 -15.89
2024      5     12     18     00     00    000   2.77 -20.22 -15.90
2024      5     12     18     00     30    000   2.77 -20.22 -15.90
2024      5     12     18     01     00    000   2.78 -20.21 -15.91
2024      5     12     18     01     30    000   2.78 -20.21 -15.92
2024      5     12     18     02     00    000   2.78 -20.21 -15.93
2024      5     12     18     02     30    000   2.78 -20.20 -15.94
2024      5     12     18     03     00    000   2.79 -20.20 -15.95
2024      5     12     18     03     30    000   2.79 -20.20 -15.96
2024      5     12     18     04     00    000   2.79 -20.19 -15.97
2024      5     12     18     04     30    000   2.79 -20.19 -15.98
2024      5     12     18     05     00    000   2.80 -20.19 -15.99
2024      5     12     18     05     30    000   2.80 -20.19 -15.99
2024      5     12     18     06     00    000   2.80 -20.18 -16.00
2024      5     12     18     06     30    000   2.80 -20.18 -16.01
2024      5     12     18     07     00    000   2.81 -20.18 -16.02
2024      5     12     18     07     30    000   2.81 -20.17 -16.03
2024      5     12     18     08     00    000   2.81 -20.17 -16.04
2024      5     12     18     08     30    000   2.82 -20.17 -16.05
2024      5     12     18     09     00    000   2.82 -20.16 -16.06
2024      5     12     18     09     30    000   2.82 -20.16 -16.07
2024      5     12     18     10     00    000   2.82 -20.16 -16.07
2024      5     12     18     10     30    000   2.83 -20.15 -16.08
2024      5     12     18     11     00    000   2.83 -20.15 -16.09
2024      5     12     18     11     30    000   2.83 -20.15 -16.10
2024      5     12     18     12     00    000   2.83 -20.14 -16.11
2024      5     12     18     12     30    000   2.84 -20.14 -16.12
2024      5     12     18     13     00    000   2.84 -20.14 -16.13
2024      5     12     18     13     30    000   2.84 -20.13 -16.14
2024      5     12     18     14     00    000   2.84 -20.13 -16.14
2024      5     12     18     14     30    000   2.85 -20.13 -16.15
2024      5     12     18     15     00    000   2.85 -20.13 -16.16
2024      5     12     18     15     30    000   2.85 -20.12 -16.17
2024      5     12     18     16     00    000   2.85 -20.12 -16.18
2024      5     12     18     16     30    000   2.86 -20.12 -16.19
2024      5     12     18     17     00    000   2.86 -20.11 -16.20
2024      5     12     18     17     30    000   2.86 -20.11 -16.21
2024      5     12     18     18     00    000   2.86 -20.11 -16.21
2024      5     12     18     18     30    000   2.87 -20.10 -16.22
2024      5     12     18     19     00    000   2.87 -20.10 -16.23
2024      5     12     18     19     30    000   2.87 -20.10 -16.24
2024      5     12     18     20     00    000   2.87 -20.09 -16.25
2024      5     12     18     20     30    000   2.88 -20.09 -16.26
2024      5     12     18     21     00    000   2.88 -20.09 -16.27
2024      5     12     18     21     30    000   2.88 -20.08 -16.27
2024      5     12     18     22     00    000   2.88 -20.08 -16.28
2024      5     12     18     22     30    000   2.89 -20.08 -16.29
2024      5     12     18     23     00    000   2.89 -20.08 -16.30
2024      5     12     18     23     30    000   2.89 -20.07 -16.31
2024      5     12     18     24     00    000   2.89 -20.07 -16.32
2024      5     12     18     24     30    000   2.90 -20.07 -16.33
2024      5     12     18     25     00    000   2.90 -20.06 -16.33
2024      5     12     18     25     30    000   2.90 -20.06 -16.34
2024      5     12     18     26     00    000   2.90 -20.06 -16.35
2024      5     12     18     26     30    000   2.91 -20.05 -16.36
2024      5     12     18     27     00    000   2.91 -20.05 -16.37
2024      5     12     18     27     30    000   2.91 -20.05 -16.38
2024      5     12     18     28     00    000   2.91 -20.04 -16.39
2024      5     12     18     28     30    000   2.92 -20.04 -16.39
2024      5     12     18     29     00    000   2.92 -20.04 -16.40
2024      5     12     18     29     30    000   2.92 -20.04 -16.41
2024      5     12     18     30     00    000   2.92 -20.03 -16.42
2024      5     12     18     30     30    000   2.93 -20.03 -16.43
2024      5     12     18     31     00    000   2.93 -20.03 -16.44
2024      5     12     18     31     30    000   2.93 -20.02 -16.44
2024      5     12     18     32     00    000   2.93 -20.02 -16.45
2024      5     12     18     32     30    000   2.94 -20.02 -16.46
2024      5     12     18     33     00    000   2.94 -20.01 -16.47
2024      5     12     18     33     30    000   2.94 -20.01 -16.48
2024      5     12     18     34     00    000   2.94 -20.01 -16.49
2024      5     12     18     34     30    000   2.95 -20.00 -16.50
2024      5     12     18     35     00    000   2.95 -20.00 -16.50
2024      5     12     18     35     30    000   2.95 -20.00 -16.51
2024      5     12     18     36     00    000   2.95 -20.00 -16.52
2024      5     12     18     36     30    000   2.96 -19.99 -16.53
2024      5     12     18     37     00    000   2.96 -19.99 -16.54
2024      5     12     18     37     30    000   2.96 -19.99 -16.54
2024      5     12     18     38     00    000   2.96 -19.98 -16.55
2024      5     12     18     38     30    000   2.97 -19.98 -16.56
2024      5     12     18     39     00    000   2.97 -19.98 -16.57
2024      5     12     18     39     30    000   2.97 -19.97 -16.58
2024      5     12     18     40     00    000   2.97 -19.97 -16.59
2024      5     12     18     40     30    000   2.98 -19.97 -16.59
2024      5     12     18     41     00    000   2.98 -19.97 -16.60
2024      5     12     18     41     30    000   2.98 -19.96 -16.61
2024      5     12     18     42     00    000   2.98 -19.96 -16.62
2024      5     12     18     42     30    000   2.99 -19.96 -16.63
2024      5     12     18     43     00    000   2.99 -19.95 -16.64
2024      5     12     18     43     30    000   2.99 -19.95 -16.64
2024      5     12     18     44     00    000   2.99 -19.95 -16.65
2024      5     12     18     44     30    000   3.00 -19.94 -16.66
2024      5     12     18     45     00    000   3.00 -19.94 -16.67
2024      5     12     18     45     30    000   3.00 -19.94 -16.68
2024      5     12     18     46     00    000   3.00 -19.94 -16.68
2024      5     12     18     46     30    000   3.01 -19.93 -16.69
2024      5     12     18     47     00    000   3.01 -19.93 -16.70
2024      5     12     18     47     30    000   3.01 -19.93 -16.71
2024      5     12     18     48     00    000   3.02 -19.92 -16.72
2024      5     12     18     48     30    000   3.02 -19.92 -16.72
2024      5     12     18     49     00    000   3.02 -19.92 -16.73
2024      5     12     18     49     30    000   3.02 -19.91 -16.74
2024      5     12     18     50     00    000   3.03 -19.91 -16.75
2024      5     12     18     50     30    000   3.03 -19.91 -16.76
2024      5     12     18     51     00    000   3.03 -19.91 -16.76
2024      5     12     18     51     30    000   3.03 -19.90 -16.77
2024      5     12     18     52     00    000   3.04 -19.90 -16.78
2024      5     12     18     52     30    000   3.04 -19.90 -16.79
2024      5     12     18     53     00    000   3.04 -19.89 -16.80
2024      5     12     18     53     30    000   3.04 -19.89 -16.80
2024      5     12     18     54     00    000   3.05 -19.89 -16.81
2024      5     12     18     54     30    000   3.05 -19.88 -16.82
2024      5     12     18     55     00    000   3.05 -19.88 -16.83
2024      5     12     18     55     30    000   3.05 -19.88 -16.84
2024      5     12     18     56     00    000   3.06 -19.88 -16.84
2024      5     12     18     56     30    000   3.06 -19.87 -16.85
2024      5     12     18     57     00    000   3.06 -19.87 -16.86
2024      5     12     18     57     30    000   3.06 -19.87 -16.87
2024      5     12     18     58     00    000   3.07 -19.86 -16.87
2024      5     12     18     58     30    000   3.07 -19.86 -16.88
2024      5     12     18     59     00    000   3.07 -19.86 -16.89
2024      5     12     18     59     30    000   3.07 -19.86 -16.90
2024      5     12     19     00     00    000   3.08 -19.85 -16.91
2024      5     12     19     00     30    000   3.08 -19.85 -16.91
2024      5     12     19     01     00    000   3.08 -19.85 -16.92
2024      5     12     19     01     30    000   3.08 -19.84 -16.93
2024      5     12     19     02     00    000   3.09 -19.84 -16.94
2024      5     12     19     02     30    000   3.09 -19.84 -16.94
2024      5     12     19     03     00    000   3.09 -19.84 -16.95
2024      5     12     19     03     30    000   3.09 -19.83 -16.96
2024      5     12     19     04     00    000   3.10 -19.83 -16.97
2024      5     12     19     04     30    000   3.10 -19.83 -16.98
2024      5     12     19     05     00    000   3.10 -19.82 -16.98
2024      5     12     19     05     30    000   3.10 -19.82 -16.99
2024      5     12     19     06     00    000   3.11 -19.82 -17.00
2024      5     12     19     06     30    000   3.11 -19.82 -17.01
2024      5     12     19     07     00    000   3.11 -19.81 -17.01
2024      5     12     19     07     30    000   3.11 -19.81 -17.02
2024      5     12     19     08     00    000   3.12 -19.81 -17.03
2024      5     12     19     08     30    000   3.12 -19.81 -17.04
2024      5     12     19     09     00    000   3.12 -19.80 -17.04
2024      5     12     19     09     30    000   3.12 -19.80 -17.05
2024      5     12     19     10     00    000   3.13 -19.80 -17.06
2024      5     12     19     10     30    000   3.13 -19.79 -17.07
2024      5     12     19     11     00    000   3.13 -19.79 -17.07
2024      5     12     19     11     30    000   3.13 -19.79 -17.08
2024      5     12     19     12     00    000   3.14 -19.79 -17.09
2024      5     12     19     12     30    000   3.14 -19.78 -17.10
2024      5     12     19     13     00    000   3.14 -19.78 -17.10
2024      5     12     19     13     30    000   3.14 -19.78 -17.11
2024      5     12     19     14     00    000   3.15 -19.77 -17.12
2024      5     12     19     14     30    000   3.15 -19.77 -17.13
2024      5     12     19     15     00    000   3.15 -19.77 -17.13
2024      5     12     19     15     30    000   3.15 -19.77 -17.14
2024      5     12     19     16     00    000   3.16 -19.76 -17.15
2024      5     12     19     16     30    000   3.16 -19.76 -17.16
2024      5     12     19     17     00    000   3.16 -19.76 -17.16
2024      5     12     19     17     30    000   3.16 -19.76 -17.17
2024      5     12     19     18     00    000   3.17 -19.75 -17.18
2024      5     12     19     18     30    000   3.17 -19.75 -17.18
2024      5     12     19     19     00    000   3.17 -19.75 -17.19
2024      5     12     19     19     30    000   3.17 -19.75 -17.20
2024      5     12     19     20     00    000   3.18 -19.74 -17.21
2024      5     12     19     20     30    000   3.18 -19.74 -17.21
2024      5     12     19     21     00    000   3.18 -19.74 -17.22
2024      5     12     19     21     30    000   3.18 -19.73 -17.23
2024      5     12     19     22     00    000   3.19 -19.73 -17.24
2024      5     12     19     22     30    000   3.19 -19.73 -17.24
2024      5     12     19     23     00    000   3.19 -19.73 -17.25
2024      5     12     19     23     30    000   3.19 -19.72 -17.26
2024      5     12     19     24     00    000   3.20 -19.72 -17.26
2024      5     12     19     24     30    000   3.20 -19.72 -17.27
2024      5     12     19     25     00    000   3.20 -19.72 -17.28
2024      5     12     19     25     30    000   3.20 -19.71 -17.29
2024      5     12     19     26     00    000   3.21 -19.71 -17.29
2024      5     12     19     26     30    000   3.21 -19.71 -17.30
2024      5     12     19     27     00    000   3.21 -19.71 -17.31
2024      5     12     19     27     30    000   3.21 -19.70 -17.31
2024      5     12     19     28     00    000   3.22 -19.70 -17.32
2024      5     12     19     28     30    000   3.22 -19.70 -17.33
2024      5     12     19     29     00    000   3.22 -19.70 -17.33
2024      5     12     19     29     30    000   3.22 -19.69 -17.34
2024      5     12     19     30     00    000   3.23 -19.69 -17.35
2024      5     12     19     30     30    000   3.23 -19.69 -17.36
2024      5     12     19     31     00    000   3.23 -19.69 -17.36
2024      5     12     19     31     30    000   3.23 -19.68 -17.37
2024      5     12     19     32     00    000   3.24 -19.68 -17.38
2024      5     12     19     32     30    000   3.24 -19.68 -17.38
2024      5     12     19     33     00    000   3.24 -19.68 -17.39
2024      5     12     19     33     30    000   3.24 -19.67 -17.40
2024      5     12     19     34     00    000   3.25 -19.67 -17.40
2024      5     12     19     34     30    000   3.25 -19.67 -17.41
2024      5     12     19     35     00    000   3.25 -19.67 -17.42
2024      5     12     19     35     30    000   3.25 -19.66 -17.42
2024      5     12     19     36     00    000   3.26 -19.66 -17.43
2024      5     12     19     36     30    000   3.26 -19.66 -17.44
2024      5     12     19     37     00    000   3.26 -19.66 -17.45
2024      5     12     19     37     30    000   3.26 -19.65 -17.45
2024      5     12     19     38     00    000   3.27 -19.65 -17.46
2024      5     12     19     38     30    000   3.27 -19.65 -17.47
2024      5     12     19     39     00    000   3.27 -19.65 -17.47
2024      5     12     19     39     30    000   3.27 -19.64 -17.48
2024      5     12     19     40     00    000   3.28 -19.64 -17.49
2024      5     12     19     40     30    000   3.28 -19.64 -17.49
2024      5     12     19     41     00    000   3.28 -19.64 -17.50
2024      5     12     19     41     30    000   3.28 -19.64 -17.51
2024      5     12     19     42     00    000   3.29 -19.63 -17.51
2024      5     12     19     42     30    000   3.29 -19.63 -17.52
2024      5     12     19     43     00    000   3.29 -19.63 -17.53
2024      5     12     19     43     30    000   3.29 -19.63 -17.53
2024      5     12     19     44     00    000   3.30 -19.62 -17.54
2024      5     12     19     44     30    000   3.30 -19.62 -17.55
2024      5     12     19     45     00    000   3.30 -19.62 -17.55
2024      5     12     19     45     30    000   3.30 -19.62 -17.56
2024      5     12     19     46     00    000   3.31 -19.61 -17.56
2024      5     12     19     46     30    000   3.31 -19.61 -17.57
2024      5     12     19     47     00    000   3.31 -19.61 -17.58
2024      5     12     19     47     30    000   3.31 -19.61 -17.58
2024      5     12     19     48     00    000   3.32 -19.61 -17.59
2024      5     12     19     48     30    000   3.32 -19.60 -17.60
2024      5     12     19     49     00    000   3.32 -19.60 -17.60
2024      5     12     19     49     30    000   3.32 -19.60 -17.61
2024      5     12     19     50     00    000   3.33 -19.60 -17.62
2024      5     12     19     50     30    000   3.33 -19.59 -17.62
2024      5     12     19     51     00    000   3.33 -19.59 -17.63
2024      5     12     19     51     30    000   3.33 -19.59 -17.64
2024      5     12     19     52     00    000   3.34 -19.59 -17.64
2024      5     12     19     52     30    000   3.34 -19.59 -17.65
2024      5     12     19     53     00    000   3.34 -19.58 -17.65
2024      5     12     19     53     30    000   3.34 -19.58 -17.66
2024      5     12     19     54     00    000   3.35 -19.58 -17.67
2024      5     12     19     54     30    000   3.35 -19.58 -17.67
2024      5     12     19     55     00    000   3.35 -19.58 -17.68
2024      5     12     19     55     30    000   3.35 -19.57 -17.69
2024      5     12     19     56     00    000   3.36 -19.57 -17.69
2024      5     12     19     56     30    000   3.36 -19.57 -17.70
2024      5     12     19     57     00    000   3.36 -19.57 -17.70
2024      5     12     19     57     30    000   3.36 -19.57 -17.71
2024      5     12     19     58     00    000   3.37 -19.56 -17.72
2024      5     12     19     58     30    000   3.37 -19.56 -17.72
2024      5     12     19     59     00    000   3.37 -19.56 -17.73
2024      5     12     19     59     30    000   3.37 -19.56 -17.74
2024      5     12     20     00     00    000   3.38 -19.55 -17.74
2024      5     12     20     00     30    000   3.38 -19.55 -17.75
2024      5     12     20     01     00    000   3.38 -19.55 -17.75
2024      5     12     20     01     30    000   3.38 -19.55 -17.76
2024      5     12     20     02     00    000   3.39 -19.55 -17.77
2024      5     12     20     02     30    000   3.39 -19.55 -17.77
2024      5     12     20     03     00    000   3.39 -19.54 -17.78
2024      5     12     20     03     30    000   3.39 -19.54 -17.78
2024      5     12     20     04     00    000   3.40 -19.54 -17.79
2024      5     12     20     04     30    000   3.40 -19.54 -17.80
2024      5     12     20     05     00    000   3.40 -19.54 -17.80
2024      5     12     20     05     30    000   3.40 -19.53 -17.81
2024      5     12     20     06     00    000   3.40 -19.53 -17.81
2024      5     12     20     06     30    000   3.41 -19.53 -17.82
2024      5     12     20     07     00    000   3.41 -19.53 -17.83
2024      5     12     20     07     30    000   3.41 -19.53 -17.83
2024      5     12     20     08     00    000   3.41 -19.52 -17.84
2024      5     12     20     08     30    000   3.42 -19.52 -17.84
2024      5     12     20     09     00    000   3.42 -19.52 -17.85
2024      5     12     20     09     30    000   3.42 -19.52 -17.86
2024      5     12     20     10     00    000   3.42 -19.52 -17.86
2024      5     12     20     10     30    000   3.43 -19.51 -17.87
2024      5     12     20     11     00    000   3.43 -19.51 -17.87
2024      5     12     20     11     30    000   3.43 -19.51 -17.88
2024      5     12     20     12     00    000   3.43 -19.51 -17.88
2024      5     12     20     12     30    000   3.44 -19.51 -17.89
2024      5     12     20     13     00    000   3.44 -19.51 -17.90
2024      5     12     20     13     30    000   3.44 -19.50 -17.90
2024      5     12     20     14     00    000   3.44 -19.50 -17.91
2024      5     12     20     14     30    000   3.45 -19.50 -17.91
2024      5     12     20     15     00    000   3.45 -19.50 -17.92
2024      5     12     20     15     30    000   3.45 -19.50 -17.92
2024      5     12     20     16     00    000   3.45 -19.50 -17.93
2024      5     12     20     16     30    000   3.46 -19.49 -17.94
2024      5     12     20     17     00    000   3.46 -19.49 -17.94
2024      5     12     20     17     30    000   3.46 -19.49 -17.95
2024      5     12     20     18     00    000   3.46 -19.49 -17.95
2024      5     12     20     18     30    000   3.47 -19.49 -17.96
2024      5     12     20     19     00    000   3.47 -19.49 -17.96
2024      5     12     20     19     30    000   3.47 -19.48 -17.97
2024      5     12     20     20     00    000   3.47 -19.48 -17.97
2024      5     12     20     20     30    000   3.48 -19.48 -17.98
2024      5     12     20     21     00    000   3.48 -19.48 -17.99
2024      5     12     20     21     30    000   3.48 -19.48 -17.99
2024      5     12     20     22     00    000   3.48 -19.48 -18.00
2024      5     12     20     22     30    000   3.49 -19.47 -18.00
2024      5     12     20     23     00    000   3.49 -19.47 -18.01
2024      5     12     20     23     30    000   3.49 -19.47 -18.01
2024      5     12     20     24     00    000   3.49 -19.47 -18.02
2024      5     12     20     24     30    000   3.50 -19.47 -18.02
2024      5     12     20     25     00    000   3.50 -19.47 -18.03
2024      5     12     20     25     30    000   3.50 -19.46 -18.03
2024      5     12     20     26     00    000   3.50 -19.46 -18.04
2024      5     12     20     26     30    000   3.51 -19.46 -18.04
2024      5     12     20     27     00    000   3.51 -19.46 -18.05
2024      5     12     20     27     30    000   3.51 -19.46 -18.06
2024      5     12     20     28     00    000   3.51 -19.46 -18.06
2024      5     12     20     28     30    000   3.52 -19.46 -18.07
2024      5     12     20     29     00    000   3.52 -19.45 -18.07
2024      5     12     20     29     30    000   3.52 -19.45 -18.08
2024      5     12     20     30     00    000   3.52 -19.45 -18.08
2024      5     12     20     30     30    000   3.53 -19.45 -18.09
2024      5     12     20     31     00    000   3.53 -19.45 -18.09
2024      5     12     20     31     30    000   3.53 -19.45 -18.10
2024      5     12     20     32     00    000   3.53 -19.45 -18.10
2024      5     12     20     32     30    000   3.54 -19.44 -18.11
2024      5     12     20     33     00    000   3.54 -19.44 -18.11
2024      5     12     20     33     30    000   3.54 -19.44 -18.12
2024      5     12     20     34     00    000   3.54 -19.44 -18.12
2024      5     12     20     34     30    000   3.55 -19.44 -18.13
2024      5     12     20     35     00    000   3.55 -19.44 -18.13
2024      5     12     20     35     30    000   3.55 -19.44 -18.14
2024      5     12     20     36     00    000   3.55 -19.44 -18.14
2024      5     12     20     36     30    000   3.56 -19.43 -18.15
2024      5     12     20     37     00    000   3.56 -19.43 -18.15
2024      5     12     20     37     30    000   3.56 -19.43 -18.16
2024      5     12     20     38     00    000   3.56 -19.43 -18.16
2024      5     12     20     38     30    000   3.57 -19.43 -18.17
2024      5     12     20     39     00    000   3.57 -19.43 -18.17
2024      5     12     20     39     30    000   3.57 -19.43 -18.18
2024      5     12     20     40     00    000   3.57 -19.43 -18.18
2024      5     12     20     40     30    000   3.58 -19.42 -18.19
2024      5     12     20     41     00    000   3.58 -19.42 -18.19
2024      5     12     20     41     30    000   3.58 -19.42 -18.20
2024      5     12     20     42     00    000   3.58 -19.42 -18.20
2024      5     12     20     42     30    000   3.59 -19.42 -18.21
2024      5     12     20     43     00    000   3.59 -19.42 -18.21
2024      5     12     20     43     30    000   3.59 -19.42 -18.22
2024      5     12     20     44     00    000   3.59 -19.42 -18.22
2024      5     12     20     44     30    000   3.59 -19.42 -18.23
2024      5     12     20     45     00    000   3.60 -19.41 -18.23
2024      5     12     20     45     30    000   3.60 -19.41 -18.23
2024      5     12     20     46     00    000   3.60 -19.41 -18.24
2024      5     12     20     46     30    000   3.60 -19.41 -18.24
2024      5     12     20     47     00    000   3.61 -19.41 -18.25
2024      5     12     20     47     30    000   3.61 -19.41 -18.25
2024      5     12     20     48     00    000   3.61 -19.41 -18.26
2024      5     12     20     48     30    000   3.61 -19.41 -18.26
2024      5     12     20     49     00    000   3.62 -19.41 -18.27
2024      5     12     20     49     30    000   3.62 -19.41 -18.27
2024      5     12     20     50     00    000   3.62 -19.40 -18.28
2024      5     12     20     50     30    000   3.62 -19.40 -18.28
2024      5     12     20     51     00    000   3.63 -19.40 -18.29
2024      5     12     20     51     30    000   3.63 -19.40 -18.29
2024      5     12     20     52     00    000   3.63 -19.40 -18.29
2024      5     12     20     52     30    000   3.63 -19.40 -18.30
2024      5     12     20     53     00    000   3.64 -19.40 -18.30
2024      5     12     20     53     30    000   3.64 -19.40 -18.31
2024      5     12     20     54     00    000   3.64 -19.40 -18.31
2024      5     12     20     54     30    000   3.64 -19.40 -18.32
2024      5     12     20     55     00    000   3.65 -19.40 -18.32
2024      5     12     20     55     30    000   3.65 -19.39 -18.33
2024      5     12     20     56     00    000   3.65 -19.39 -18.33
2024      5     12     20     56     30    000   3.65 -19.39 -18.33
2024      5     12     20     57     00    000   3.66 -19.39 -18.34
2024      5     12     20     57     30    000   3.66 -19.39 -18.34
2024      5     12     20     58     00    000   3.66 -19.39 -18.35
2024      5     12     20     58     30    000   3.66 -19.39 -18.35
2024      5     12     20     59     00    000   3.67 -19.39 -18.36
2024      5     12     20     59     30    000   3.67 -19.39 -18.36
2024      5     12     21     00     00    000   3.67 -19.39 -18.36
2024      5     12     21     00     30    000   3.67 -19.39 -18.37
2024      5     12     21     01     00    000   3.68 -19.39 -18.37
2024      5     12     21     01     30    000   3.68 -19.39 -18.38
2024      5     12     21     02     00    000   3.68 -19.38 -18.38
2024      5     12     21     02     30    000   3.68 -19.38 -18.39
2024      5     12     21     03     00    000   3.69 -19.38 -18.39
2024      5     12     21     03     30    000   3.69 -19.38 -18.39
2024      5     12     21     04     00    000   3.69 -19.38 -18.40
2024      5     12     21     04     30    000   3.69 -19.38 -18.40
2024      5     12     21     05     00    000   3.70 -19.38 -18.41
2024      5     12     21     05     30    000   3.70 -19.38 -18.41
2024      5     12     21     06     00    000   3.70 -19.38 -18.41
2024      5     12     21     06     30    000   3.70 -19.38 -18.42
2024      5     12     21     07     00    000   3.71 -19.38 -18.42
2024      5     12     21     07     30    000   3.71 -19.38 -18.43
2024      5     12     21     08     00    000   3.71 -19.38 -18.43
2024      5     12     21     08     30    000   3.71 -19.38 -18.43
2024      5     12     21     09     00    000   3.71 -19.38 -18.44
2024      5     12     21     09     30    000   3.72 -19.38 -18.44
2024      5     12     21     10     00    000   3.72 -19.38 -18.45
2024      5     12     21     10     30    000   3.72 -19.38 -18.45
2024      5     12     21     11     00    000   3.72 -19.37 -18.45
2024      5     12     21     11     30    000   3.73 -19.37 -18.46
2024      5     12     21     12     00    000   3.73 -19.37 -18.46
2024      5     12     21     12     30    000   3.73 -19.37 -18.46
2024      5     12     21     13     00    000   3.73 -19.37 -18.47
2024      5     12     21     13     30    000   3.74 -19.37 -18.47
2024      5     12     21     14     00    000   3.74 -19.37 -18.48
2024      5     12     21     14     30    000   3.74 -19.37 -18.48
2024      5     12     21     15     00    000   3.74 -19.37 -18.48
2024      5     12     21     15     30    000   3.75 -19.37 -18.49
2024      5     12     21     16     00    000   3.75 -19.37 -18.49
2024      5     12     21     16     30    000   3.75 -19.37 -18.50
2024      5     12     21     17     00    000   3.75 -19.37 -18.50
2024      5     12     21     17     30    000   3.76 -19.37 -18.50
2024      5     12     21     18     00    000   3.76 -19.37 -18.51
2024      5     12     21     18     30    000   3.76 -19.37 -18.51
2024      5     12     21     19     00    000   3.76 -19.37 -18.51
2024      5     12     21     19     30    000   3.77 -19.37 -18.52
2024      5     12     21     20     00    000   3.77 -19.37 -18.52
2024      5     12     21     20     30    000   3.77 -19.37 -18.52
2024      5     12     21     21     00    000   3.77 -19.37 -18.53
2024      5     12     21     21     30    000   3.78 -19.37 -18.53
2024      5     12     21     22     00    000   3.78 -19.37 -18.53
2024      5     12     21     22     30    000   3.78 -19.37 -18.54
2024      5     12     21     23     00    000   3.78 -19.37 -18.54
2024      5     12     21     23     30    000   3.79 -19.37 -18.55
2024      5     12     21     24     00    000   3.79 -19.37 -18.55
2024      5     12     21     24     30    000   3.79 -19.37 -18.55
2024      5     12     21     25     00    000   3.79 -19.37 -18.56
2024      5     12     21     25     30    000   3.80 -19.37 -18.56
2024      5     12     21     26     00    000   3.80 -19.37 -18.56
2024      5     12     21     26     30    000   3.80 -19.37 -18.57
2024      5     12     21     27     00    000   3.80 -19.37 -18.57
2024      5     12     21     27     30    000   3.81 -19.37 -18.57
2024      5     12     21     28     00    000   3.81 -19.37 -18.58
2024      5     12     21     28     30    000   3.81 -19.37 -18.58
2024      5     12     21     29     00    000   3.81 -19.37 -18.58
2024      5     12     21     29     30    000   3.81 -19.37 -18.59
2024      5     12     21     30     00    000   3.82 -19.37 -18.59
2024      5     12     21     30     30    000   3.82 -19.37 -18.59
2024      5     12     21     31     00    000   3.82 -19.37 -18.60
2024      5     12     21     31     30    000   3.82 -19.37 -18.60
2024      5     12     21     32     00    000   3.83 -19.37 -18.60
2024      5     12     21     32     30    000   3.83 -19.37 -18.60
2024      5     12     21     33     00    000   3.83 -19.37 -18.61
2024      5     12     21     33     30    000   3.83 -19.37 -18.61
2024      5     12     21     34     00    000   3.84 -19.37 -18.61
2024      5     12     21     34     30    000   3.84 -19.37 -18.62
2024      5     12     21     35     00    000   3.84 -19.37 -18.62
2024      5     12     21     35     30    000   3.84 -19.37 -18.62
2024      5     12     21     36     00    000   3.85 -19.37 -18.63
2024      5     12     21     36     30    000   3.85 -19.37 -18.63
2024      5     12     21     37     00    000   3.85 -19.37 -18.63
2024      5     12     21     37     30    000   3.85 -19.37 -18.64
2024      5     12     21     38     00    000   3.86 -19.37 -18.64
2024      5     12     21     38     30    000   3.86 -19.37 -18.64
2024      5     12     21     39     00    000   3.86 -19.37 -18.64
2024      5     12     21     39     30    000   3.86 -19.37 -18.65
2024      5     12     21     40     00    000   3.87 -19.37 -18.65
2024      5     12     21     40     30    000   3.87 -19.37 -18.65
2024      5     12     21     41     00    000   3.87 -19.37 -18.66
2024      5     12     21     41     30    000   3.87 -19.37 -18.66
2024      5     12     21     42     00    000   3.88 -19.37 -18.66
2024      5     12     21     42     30    000   3.88 -19.37 -18.66
2024      5     12     21     43     00    000   3.88 -19.37 -18.67
2024      5     12     21     43     30    000   3.88 -19.37 -18.67
2024      5     12     21     44     00    000   3.89 -19.37 -18.67
2024      5     12     21     44     30    000   3.89 -19.37 -18.68
2024      5     12     21     45     00    000   3.89 -19.37 -18.68
2024      5     12     21     45     30    000   3.89 -19.38 -18.68
2024      5     12     21     46     00    000   3.89 -19.38 -18.68
2024      5     12     21     46     30    000   3.90 -19.38 -18.69
2024      5     12     21     47     00    000   3.90 -19.38 -18.69
2024      5     12     21     47     30    000   3.90 -19.38 -18.69
2024      5     12     21     48     00    000   3.90 -19.38 -18.69
2024      5     12     21     48     30    000   3.91 -19.38 -18.70
2024      5     12     21     49     00    000   3.91 -19.38 -18.70
2024      5     12     21     49     30    000   3.91 -19.38 -18.70
2024      5     12     21     50     00    000   3.91 -19.38 -18.71
2024      5     12     21     50     30    000   3.92 -19.38 -18.71
2024      5     12     21     51     00    000   3.92 -19.38 -18.71
2024      5     12     21     51     30    000   3.92 -19.38 -18.71
2024      5     12     21     52     00    000   3.92 -19.38 -18.72
2024      5     12     21     52     30    000   3.93 -19.38 -18.72
2024      5     12     21     53     00    000   3.93 -19.38 -18.72
2024      5     12     21     53     30    000   3.93 -19.38 -18.72
2024      5     12     21     54     00    000   3.93 -19.38 -18.73
2024      5     12     21     54     30    000   3.94 -19.39 -18.73
2024      5     12     21     55     00    000   3.94 -19.39 -18.73
2024      5     12     21     55     30    000   3.94 -19.39 -18.73
2024      5     12     21     56     00    000   3.94 -19.39 -18.73
2024      5     12     21     56     30    000   3.95 -19.39 -18.74
2024      5     12     21     57     00    000   3.95 -19.39 -18.74
2024      5     12     21     57     30    000   3.95 -19.39 -18.74
2024      5     12     21     58     00    000   3.95 -19.39 -18.74
2024      5     12     21     58     30    000   3.96 -19.39 -18.75
2024      5     12     21     59     00    000   3.96 -19.39 -18.75
2024      5     12     21     59     30    000   3.96 -19.39 -18.75
2024      5     12     22     00     00    000   3.96 -19.39 -18.75
2024      5     12     22     00     30    000   3.96 -19.40 -18.76
2024      5     12     22     01     00    000   3.97 -19.40 -18.76
2024      5     12     22     01     30    000   3.97 -19.40 -18.76
2024      5     12     22     02     00    000   3.97 -19.40 -18.76
2024      5     12     22     02     30    000   3.97 -19.40 -18.76
2024      5     12     22     03     00    000   3.98 -19.40 -18.77
2024      5     12     22     03     30    000   3.98 -19.40 -18.77
2024      5     12     22     04     00    000   3.98 -19.40 -18.77
2024      5     12     22     04     30    000   3.98 -19.40 -18.77
2024      5     12     22     05     00    000   3.99 -19.40 -18.77
2024      5     12     22     05     30    000   3.99 -19.40 -18.78
2024      5     12     22     06     00    000   3.99 -19.41 -18.78
2024      5     12     22     06     30    000   3.99 -19.41 -18.78
2024      5     12     22     07     00    000   4.00 -19.41 -18.78
2024      5     12     22     07     30    000   4.00 -19.41 -18.79
2024      5     12     22     08     00    000   4.00 -19.41 -18.79
2024      5     12     22     08     30    000   4.00 -19.41 -18.79
2024      5     12     22     09     00    000   4.01 -19.41 -18.79
2024      5     12     22     09     30    000   4.01 -19.41 -18.79
2024      5     12     22     10     00    000   4.01 -19.41 -18.79
2024      5     12     22     10     30    000   4.01 -19.42 -18.80
2024      5     12     22     11     00    000   4.02 -19.42 -18.80
2024      5     12     22     11     30    000   4.02 -19.42 -18.80
2024      5     12     22     12     00    000   4.02 -19.42 -18.80
2024      5     12     22     12     30    000   4.02 -19.42 -18.80
2024      5     12     22     13     00    000   4.02 -19.42 -18.81
2024      5     12     22     13     30    000   4.03 -19.42 -18.81
2024      5     12     22     14     00    000   4.03 -19.42 -18.81
2024      5     12     22     14     30    000   4.03 -19.42 -18.81
2024      5     12     22     15     00    000   4.03 -19.43 -18.81
2024      5     12     22     15     30    000   4.04 -19.43 -18.81
2024      5     12     22     16     00    000   4.04 -19.43 -18.82
2024      5     12     22     16     30    000   4.04 -19.43 -18.82
2024      5     12     22     17     00    000   4.04 -19.43 -18.82
2024      5     12     22     17     30    000   4.05 -19.43 -18.82
2024      5     12     22     18     00    000   4.05 -19.43 -18.82
2024      5     12     22     18     30    000   4.05 -19.43 -18.82
2024      5     12     22     19     00    000   4.05 -19.44 -18.83
2024      5     12     22     19     30    000   4.06 -19.44 -18.83
2024      5     12     22     20     00    000   4.06 -19.44 -18.83
2024      5     12     22     20     30    000   4.06 -19.44 -18.83
2024      5     12     22     21     00    000   4.06 -19.44 -18.83
2024      5     12     22     21     30    000   4.07 -19.44 -18.83
2024      5     12     22     22     00    000   4.07 -19.44 -18.84
2024      5     12     22     22     30    000   4.07 -19.45 -18.84
2024      5     12     22     23     00    000   4.07 -19.45 -18.84
2024      5     12     22     23     30    000   4.08 -19.45 -18.84
2024      5     12     22     24     00    000   4.08 -19.45 -18.84
2024      5     12     22     24     30    000   4.08 -19.45 -18.84
2024      5     12     22     25     00    000   4.08 -19.45 -18.84
2024      5     12     22     25     30    000   4.08 -19.46 -18.85
2024      5     12     22     26     00    000   4.09 -19.46 -18.85
2024      5     12     22     26     30    000   4.09 -19.46 -18.85
2024      5     12     22     27     00    000   4.09 -19.46 -18.85
2024      5     12     22     27     30    000   4.09 -19.46 -18.85
2024      5     12     22     28     00    000   4.10 -19.46 -18.85
2024      5     12     22     28     30    000   4.10 -19.46 -18.85
2024      5     12     22     29     00    000   4.10 -19.47 -18.86
2024      5     12     22     29     30    000   4.10 -19.47 -18.86
2024      5     12     22     30     00    000   4.11 -19.47 -18.86
2024      5     12     22     30     30    000   4.11 -19.47 -18.86
2024      5     12     22     31     00    000   4.11 -19.47 -18.86
2024      5     12     22     31     30    000   4.11 -19.47 -18.86
2024      5     12     22     32     00    000   4.12 -19.48 -18.86
2024      5     12     22     32     30    000   4.12 -19.48 -18.86
2024      5     12     22     33     00    000   4.12 -19.48 -18.87
2024      5     12     22     33     30    000   4.12 -19.48 -18.87
2024      5     12     22     34     00    000   4.13 -19.48 -18.87
2024      5     12     22     34     30    000   4.13 -19.49 -18.87
2024      5     12     22     35     00    000   4.13 -19.49 -18.87
2024      5     12     22     35     30    000   4.13 -19.49 -18.87
2024      5     12     22     36     00    000   4.14 -19.49 -18.87
2024      5     12     22     36     30    000   4.14 -19.49 -18.87
2024      5     12     22     37     00    000   4.14 -19.49 -18.87
2024      5     12     22     37     30    000   4.14 -19.50 -18.87
2024      5     12     22     38     00    000   4.14 -19.50 -18.88
2024      5     12     22     38     30    000   4.15 -19.50 -18.88
2024      5     12     22     39     00    000   4.15 -19.50 -18.88
2024      5     12     22     39     30    000   4.15 -19.50 -18.88
2024      5     12     22     40     00    000   4.15 -19.51 -18.88
2024      5     12     22     40     30    000   4.16 -19.51 -18.88
2024      5     12     22     41     00    000   4.16 -19.51 -18.88
2024      5     12     22     41     30    000   4.16 -19.51 -18.88
2024      5     12     22     42     00    000   4.16 -19.51 -18.88
2024      5     12     22     42     30    000   4.17 -19.52 -18.88
2024      5     12     22     43     00    000   4.17 -19.52 -18.88
2024      5     12     22     43     30    000   4.17 -19.52 -18.89
2024      5     12     22     44     00    000   4.17 -19.52 -18.89
2024      5     12     22     44     30    000   4.18 -19.52 -18.89
2024      5     12     22     45     00    000   4.18 -19.53 -18.89
2024      5     12     22     45     30    000   4.18 -19.53 -18.89
2024      5     12     22     46     00    000   4.18 -19.53 -18.89
2024      5     12     22     46     30    000   4.19 -19.53 -18.89
2024      5     12     22     47     00    000   4.19 -19.53 -18.89
2024      5     12     22     47     30    000   4.19 -19.54 -18.89
2024      5     12     22     48     00    000   4.19 -19.54 -18.89
2024      5     12     22     48     30    000   4.19 -19.54 -18.89
2024      5     12     22     49     00    000   4.20 -19.54 -18.89
2024      5     12     22     49     30    000   4.20 -19.55 -18.89
2024      5     12     22     50     00    000   4.20 -19.55 -18.89
2024      5     12     22     50     30    000   4.20 -19.55 -18.89
2024      5     12     22     51     00    000   4.21 -19.55 -18.90
2024      5     12     22     51     30    000   4.21 -19.55 -18.90
2024      5     12     22     52     00    000   4.21 -19.56 -18.90
2024      5     12     22     52     30    000   4.21 -19.56 -18.90
2024      5     12     22     53     00    000   4.22 -19.56 -18.90
2024      5     12     22     53     30    000   4.22 -19.56 -18.90
2024      5     12     22     54     00    000   4.22 -19.57 -18.90
2024      5     12     22     54     30    000   4.22 -19.57 -18.90
2024      5     12     22     55     00    000   4.23 -19.57 -18.90
2024      5     12     22     55     30    000   4.23 -19.57 -18.90
2024      5     12     22     56     00    000   4.23 -19.58 -18.90
2024      5     12     22     56     30    000   4.23 -19.58 -18.90
2024      5     12     22     57     00    000   4.24 -19.58 -18.90
2024      5     12     22     57     30    000   4.24 -19.58 -18.90
2024      5     12     22     58     00    000   4.24 -19.58 -18.90
2024      5     12     22     58     30    000   4.24 -19.59 -18.90
2024      5     12     22     59     00    000   4.24 -19.59 -18.90
2024      5     12     22     59     30    000   4.25 -19.59 -18.90
2024      5     12     23     00     00    000   4.25 -19.59 -18.90
2024      5     12     23     00     30    000   4.25 -19.60 -18.90
2024      5     12     23     01     00    000   4.25 -19.60 -18.90
2024      5     12     23     01     30    000   4.26 -19.60 -18.90
2024      5     12     23     02     00    000   4.26 -19.60 -18.90
2024      5     12     23     02     30    000   4.26 -19.61 -18.90
2024      5     12     23     03     00    000   4.26 -19.61 -18.90
2024      5     12     23     03     30    000   4.27 -19.61 -18.90
2024      5     12     23     04     00    000   4.27 -19.61 -18.90
2024      5     12     23     04     30    000   4.27 -19.62 -18.90
2024      5     12     23     05     00    000   4.27 -19.62 -18.90
2024      5     12     23     05     30    000   4.28 -19.62 -18.90
2024      5     12     23     06     00    000   4.28 -19.63 -18.90
2024      5     12     23     06     30    000   4.28 -19.63 -18.90
2024      5     12     23     07     00    000   4.28 -19.63 -18.90
2024      5     12     23     07     30    000   4.29 -19.63 -18.90
2024      5     12     23     08     00    000   4.29 -19.64 -18.90
2024      5     12     23     08     30    000   4.29 -19.64 -18.90
2024      5     12     23     09     00    000   4.29 -19.64 -18.90
2024      5     12     23     09     30    000   4.29 -19.64 -18.90
2024      5     12     23     10     00    000   4.30 -19.65 -18.90
2024      5     12     23     10     30    000   4.30 -19.65 -18.90
2024      5     12     23     11     00    000   4.30 -19.65 -18.90
2024      5     12     23     11     30    000   4.30 -19.66 -18.90
2024      5     12     23     12     00    000   4.31 -19.66 -18.90
2024      5     12     23     12     30    000   4.31 -19.66 -18.90
2024      5     12     23     13     00    000   4.31 -19.66 -18.90
2024      5     12     23     13     30    000   4.31 -19.67 -18.90
2024      5     12     23     14     00    000   4.32 -19.67 -18.90
2024      5     12     23     14     30    000   4.32 -19.67 -18.90
2024      5     12     23     15     00    000   4.32 -19.68 -18.90
2024      5     12     23     15     30    000   4.32 -19.68 -18.90
2024      5     12     23     16     00    000   4.33 -19.68 -18.90
2024      5     12     23     16     30    000   4.33 -19.68 -18.90
2024      5     12     23     17     00    000   4.33 -19.69 -18.90
2024      5     12     23     17     30    000   4.33 -19.69 -18.90
2024      5     12     23     18     00    000   4.33 -19.69 -18.90
2024      5     12     23     18     30    000   4.34 -19.70 -18.90
2024      5     12     23     19     00    000   4.34 -19.70 -18.90
2024      5     12     23     19     30    000   4.34 -19.70 -18.90
2024      5     12     23     20     00    000   4.34 -19.70 -18.90
2024      5     12     23     20     30    000   4.35 -19.71 -18.90
2024      5     12     23     21     00    000   4.35 -19.71 -18.90
2024      5     12     23     21     30    000   4.35 -19.71 -18.90
2024      5     12     23     22     00    000   4.35 -19.72 -18.90
2024      5     12     23     22     30    000   4.36 -19.72 -18.90
2024      5     12     23     23     00    000   4.36 -19.72 -18.90
2024      5     12     23     23     30    000   4.36 -19.73 -18.90
2024      5     12     23     24     00    000   4.36 -19.73 -18.89
2024      5     12     23     24     30    000   4.37 -19.73 -18.89
2024      5     12     23     25     00    000   4.37 -19.74 -18.89
2024      5     12     23     25     30    000   4.37 -19.74 -18.89
2024      5     12     23     26     00    000   4.37 -19.74 -18.89
2024      5     12     23     26     30    000   4.38 -19.75 -18.89
2024      5     12     23     27     00    000   4.38 -19.75 -18.89
2024      5     12     23     27     30    000   4.38 -19.75 -18.89
2024      5     12     23     28     00    000   4.38 -19.75 -18.89
2024      5     12     23     28     30    000   4.38 -19.76 -18.89
2024      5     12     23     29     00    000   4.39 -19.76 -18.89
2024      5     12     23     29     30    000   4.39 -19.76 -18.89
2024      5     12     23     30     00    000   4.39 -19.77 -18.89
2024      5     12     23     30     30    000   4.39 -19.77 -18.89
2024      5     12     23     31     00    000   4.40 -19.77 -18.89
2024      5     12     23     31     30    000   4.40 -19.78 -18.88
2024      5     12     23     32     00    000   4.40 -19.78 -18.88
2024      5     12     23     32     30    000   4.40 -19.78 -18.88
2024      5     12     23     33     00    000   4.41 -19.79 -18.88
2024      5     12     23     33     30    000   4.41 -19.79 -18.88
2024      5     12     23     34     00    000   4.41 -19.79 -18.88
2024      5     12     23     34     30    000   4.41 -19.80 -18.88
2024      5     12     23     35     00    000   4.42 -19.80 -18.88
2024      5     12     23     35     30    000   4.42 -19.80 -18.88
2024      5     12     23     36     00    000   4.42 -19.81 -18.88
2024      5     12     23     36     30    000   4.42 -19.81 -18.88
2024      5     12     23     37     00    000   4.42 -19.81 -18.87
2024      5     12     23     37     30    000   4.43 -19.82 -18.87
2024      5     12     23     38     00    000   4.43 -19.82 -18.87
2024      5     12     23     38     30    000   4.43 -19.83 -18.87
2024      5     12     23     39     00    000   4.43 -19.83 -18.87
2024      5     12     23     39     30    000   4.44 -19.83 -18.87
2024      5     12     23     40     00    000   4.44 -19.84 -18.87
2024      5     12     23     40     30    000   4.44 -19.84 -18.87
2024      5     12     23     41     00    000   4.44 -19.84 -18.87
2024      5     12     23     41     30    000   4.45 -19.85 -18.87
2024      5     12     23     42     00    000   4.45 -19.85 -18.86
2024      5     12     23     42     30    000   4.45 -19.85 -18.86
2024      5     12     23     43     00    000   4.45 -19.86 -18.86
2024      5     12     23     43     30    000   4.46 -19.86 -18.86
2024      5     12     23     44     00    000   4.46 -19.86 -18.86
2024      5     12     23     44     30    000   4.46 -19.87 -18.86
2024      5     12     23     45     00    000   4.46 -19.87 -18.86
2024      5     12     23     45     30    000   4.46 -19.88 -18.86
2024      5     12     23     46     00    000   4.47 -19.88 -18.85
2024      5     12     23     46     30    000   4.47 -19.88 -18.85
2024      5     12     23     47     00    000   4.47 -19.89 -18.85
2024      5     12     23     47     30    000   4.47 -19.89 -18.85
2024      5     12     23     48     00    000   4.48 -19.89 -18.85
2024      5     12     23     48     30    000   4.48 -19.90 -18.85
2024      5     12     23     49     00    000   4.48 -19.90 -18.85
2024      5     12     23     49     30    000   4.48 -19.91 -18.85
2024      5     12     23     50     00    000   4.49 -19.91 -18.84
2024      5     12     23     50     30    000   4.49 -19.91 -18.84
2024      5     12     23     51     00    000   4.49 -19.92 -18.84
2024      5     12     23     51     30    000   4.49 -19.92 -18.84
2024      5     12     23     52     00    000   4.49 -19.92 -18.84
2024      5     12     23     52     30    000   4.50 -19.93 -18.84
2024      5     12     23     53     00    000   4.50 -19.93 -18.84
2024      5     12     23     53     30    000   4.50 -19.94 -18.83
2024      5     12     23     54     00    000   4.50 -19.94 -18.83
2024      5     12     23     54     30    000   4.51 -19.94 -18.83
2024      5     12     23     55     00    000   4.51 -19.95 -18.83
2024      5     12     23     55     30    000   4.51 -19.95 -18.83
2024      5     12     23     56     00    000   4.51 -19.96 -18.83
2024      5     12     23     56     30    000   4.52 -19.96 -18.82
2024      5     12     23     57     00    000   4.52 -19.96 -18.82
2024      5     12     23     57     30    000   4.52 -19.97 -18.82
2024      5     12     23     58     00    000   4.52 -19.97 -18.82
2024      5     12     23     58     30    000   4.53 -19.97 -18.82
2024      5     12     23     59     00    000   4.53 -19.98 -18.82
2024      5     12     23     59     30    000   4.53 -19.98 -18.81
