themisA Created 2024-10-23 22:17:12.176109
Year Mo Dy Hr Mn Sc Msc X Y Z

#COORD
GSM

#START
2024      5     10     06     01     00    000  12.79  -2.17  -2.09
2024      5     10     06     02     00    000  12.79  -2.16  -2.09
2024      5     10     06     03     00    000  12.79  -2.15  -2.09
2024      5     10     06     04     00    000  12.80  -2.15  -2.09
2024      5     10     06     05     00    000  12.80  -2.14  -2.09
2024      5     10     06     06     00    000  12.80  -2.14  -2.09
2024      5     10     06     07     00    000  12.81  -2.13  -2.09
2024      5     10     06     08     00    000  12.81  -2.12  -2.09
2024      5     10     06     09     00    000  12.81  -2.12  -2.09
2024      5     10     06     10     00    000  12.82  -2.11  -2.09
2024      5     10     06     11     00    000  12.82  -2.11  -2.09
2024      5     10     06     12     00    000  12.82  -2.10  -2.09
2024      5     10     06     13     00    000  12.83  -2.09  -2.09
2024      5     10     06     14     00    000  12.83  -2.09  -2.10
2024      5     10     06     15     00    000  12.83  -2.08  -2.10
2024      5     10     06     16     00    000  12.84  -2.08  -2.10
2024      5     10     06     17     00    000  12.84  -2.07  -2.10
2024      5     10     06     18     00    000  12.84  -2.06  -2.10
2024      5     10     06     19     00    000  12.85  -2.06  -2.10
2024      5     10     06     20     00    000  12.85  -2.05  -2.10
2024      5     10     06     21     00    000  12.85  -2.04  -2.10
2024      5     10     06     22     00    000  12.85  -2.04  -2.10
2024      5     10     06     23     00    000  12.86  -2.03  -2.10
2024      5     10     06     24     00    000  12.86  -2.03  -2.10
2024      5     10     06     25     00    000  12.86  -2.02  -2.11
2024      5     10     06     26     00    000  12.87  -2.01  -2.11
2024      5     10     06     27     00    000  12.87  -2.01  -2.11
2024      5     10     06     28     00    000  12.87  -2.00  -2.11
2024      5     10     06     29     00    000  12.87  -2.00  -2.11
2024      5     10     06     30     00    000  12.88  -1.99  -2.11
2024      5     10     06     31     00    000  12.88  -1.98  -2.11
2024      5     10     06     32     00    000  12.88  -1.98  -2.11
2024      5     10     06     33     00    000  12.88  -1.97  -2.11
2024      5     10     06     34     00    000  12.89  -1.96  -2.11
2024      5     10     06     35     00    000  12.89  -1.96  -2.11
2024      5     10     06     36     00    000  12.89  -1.95  -2.12
2024      5     10     06     37     00    000  12.89  -1.95  -2.12
2024      5     10     06     38     00    000  12.90  -1.94  -2.12
2024      5     10     06     39     00    000  12.90  -1.93  -2.12
2024      5     10     06     40     00    000  12.90  -1.93  -2.12
2024      5     10     06     41     00    000  12.90  -1.92  -2.12
2024      5     10     06     42     00    000  12.91  -1.91  -2.12
2024      5     10     06     43     00    000  12.91  -1.91  -2.12
2024      5     10     06     44     00    000  12.91  -1.90  -2.12
2024      5     10     06     45     00    000  12.91  -1.90  -2.12
2024      5     10     06     46     00    000  12.92  -1.89  -2.13
2024      5     10     06     47     00    000  12.92  -1.88  -2.13
2024      5     10     06     48     00    000  12.92  -1.88  -2.13
2024      5     10     06     49     00    000  12.92  -1.87  -2.13
2024      5     10     06     50     00    000  12.92  -1.86  -2.13
2024      5     10     06     51     00    000  12.93  -1.86  -2.13
2024      5     10     06     52     00    000  12.93  -1.85  -2.13
2024      5     10     06     53     00    000  12.93  -1.84  -2.13
2024      5     10     06     54     00    000  12.93  -1.84  -2.13
2024      5     10     06     55     00    000  12.93  -1.83  -2.14
2024      5     10     06     56     00    000  12.94  -1.83  -2.14
2024      5     10     06     57     00    000  12.94  -1.82  -2.14
2024      5     10     06     58     00    000  12.94  -1.81  -2.14
2024      5     10     06     59     00    000  12.94  -1.81  -2.14
2024      5     10     07     00     00    000  12.94  -1.80  -2.14
2024      5     10     07     01     00    000  12.94  -1.79  -2.14
2024      5     10     07     02     00    000  12.95  -1.79  -2.14
2024      5     10     07     03     00    000  12.95  -1.78  -2.14
2024      5     10     07     04     00    000  12.95  -1.77  -2.15
2024      5     10     07     05     00    000  12.95  -1.77  -2.15
2024      5     10     07     06     00    000  12.95  -1.76  -2.15
2024      5     10     07     07     00    000  12.95  -1.76  -2.15
2024      5     10     07     08     00    000  12.95  -1.75  -2.15
2024      5     10     07     09     00    000  12.96  -1.74  -2.15
2024      5     10     07     10     00    000  12.96  -1.74  -2.15
2024      5     10     07     11     00    000  12.96  -1.73  -2.15
2024      5     10     07     12     00    000  12.96  -1.72  -2.15
2024      5     10     07     13     00    000  12.96  -1.72  -2.16
2024      5     10     07     14     00    000  12.96  -1.71  -2.16
2024      5     10     07     15     00    000  12.96  -1.70  -2.16
2024      5     10     07     16     00    000  12.97  -1.70  -2.16
2024      5     10     07     17     00    000  12.97  -1.69  -2.16
2024      5     10     07     18     00    000  12.97  -1.68  -2.16
2024      5     10     07     19     00    000  12.97  -1.68  -2.16
2024      5     10     07     20     00    000  12.97  -1.67  -2.16
2024      5     10     07     21     00    000  12.97  -1.67  -2.17
2024      5     10     07     22     00    000  12.97  -1.66  -2.17
2024      5     10     07     23     00    000  12.97  -1.65  -2.17
2024      5     10     07     24     00    000  12.97  -1.65  -2.17
2024      5     10     07     25     00    000  12.98  -1.64  -2.17
2024      5     10     07     26     00    000  12.98  -1.63  -2.17
2024      5     10     07     27     00    000  12.98  -1.63  -2.17
2024      5     10     07     28     00    000  12.98  -1.62  -2.17
2024      5     10     07     29     00    000  12.98  -1.61  -2.18
2024      5     10     07     30     00    000  12.98  -1.61  -2.18
2024      5     10     07     31     00    000  12.98  -1.60  -2.18
2024      5     10     07     32     00    000  12.98  -1.59  -2.18
2024      5     10     07     33     00    000  12.98  -1.59  -2.18
2024      5     10     07     34     00    000  12.98  -1.58  -2.18
2024      5     10     07     35     00    000  12.98  -1.57  -2.18
2024      5     10     07     36     00    000  12.98  -1.57  -2.19
2024      5     10     07     37     00    000  12.98  -1.56  -2.19
2024      5     10     07     38     00    000  12.99  -1.55  -2.19
2024      5     10     07     39     00    000  12.99  -1.55  -2.19
2024      5     10     07     40     00    000  12.99  -1.54  -2.19
2024      5     10     07     41     00    000  12.99  -1.53  -2.19
2024      5     10     07     42     00    000  12.99  -1.53  -2.19
2024      5     10     07     43     00    000  12.99  -1.52  -2.20
2024      5     10     07     44     00    000  12.99  -1.51  -2.20
2024      5     10     07     45     00    000  12.99  -1.51  -2.20
2024      5     10     07     46     00    000  12.99  -1.50  -2.20
2024      5     10     07     47     00    000  12.99  -1.49  -2.20
2024      5     10     07     48     00    000  12.99  -1.49  -2.20
2024      5     10     07     49     00    000  12.99  -1.48  -2.20
2024      5     10     07     50     00    000  12.99  -1.47  -2.21
2024      5     10     07     51     00    000  12.99  -1.47  -2.21
2024      5     10     07     52     00    000  12.99  -1.46  -2.21
2024      5     10     07     53     00    000  12.99  -1.45  -2.21
2024      5     10     07     54     00    000  12.99  -1.45  -2.21
2024      5     10     07     55     00    000  12.99  -1.44  -2.21
2024      5     10     07     56     00    000  12.99  -1.43  -2.21
2024      5     10     07     57     00    000  12.99  -1.43  -2.22
2024      5     10     07     58     00    000  12.99  -1.42  -2.22
2024      5     10     07     59     00    000  12.99  -1.41  -2.22
2024      5     10     08     00     00    000  12.99  -1.41  -2.22
2024      5     10     08     01     00    000  12.99  -1.40  -2.22
2024      5     10     08     02     00    000  12.99  -1.39  -2.22
2024      5     10     08     03     00    000  12.99  -1.39  -2.22
2024      5     10     08     04     00    000  12.99  -1.38  -2.23
2024      5     10     08     05     00    000  12.99  -1.37  -2.23
2024      5     10     08     06     00    000  12.99  -1.37  -2.23
2024      5     10     08     07     00    000  12.99  -1.36  -2.23
2024      5     10     08     08     00    000  12.99  -1.35  -2.23
2024      5     10     08     09     00    000  12.99  -1.35  -2.23
2024      5     10     08     10     00    000  12.99  -1.34  -2.23
2024      5     10     08     11     00    000  12.99  -1.33  -2.24
2024      5     10     08     12     00    000  12.99  -1.33  -2.24
2024      5     10     08     13     00    000  12.99  -1.32  -2.24
2024      5     10     08     14     00    000  12.99  -1.31  -2.24
2024      5     10     08     15     00    000  12.98  -1.31  -2.24
2024      5     10     08     16     00    000  12.98  -1.30  -2.24
2024      5     10     08     17     00    000  12.98  -1.29  -2.25
2024      5     10     08     18     00    000  12.98  -1.29  -2.25
2024      5     10     08     19     00    000  12.98  -1.28  -2.25
2024      5     10     08     20     00    000  12.98  -1.27  -2.25
2024      5     10     08     21     00    000  12.98  -1.26  -2.25
2024      5     10     08     22     00    000  12.98  -1.26  -2.25
2024      5     10     08     23     00    000  12.98  -1.25  -2.25
2024      5     10     08     24     00    000  12.98  -1.24  -2.26
2024      5     10     08     25     00    000  12.98  -1.24  -2.26
2024      5     10     08     26     00    000  12.98  -1.23  -2.26
2024      5     10     08     27     00    000  12.98  -1.22  -2.26
2024      5     10     08     28     00    000  12.97  -1.22  -2.26
2024      5     10     08     29     00    000  12.97  -1.21  -2.26
2024      5     10     08     30     00    000  12.97  -1.20  -2.27
2024      5     10     08     31     00    000  12.97  -1.20  -2.27
2024      5     10     08     32     00    000  12.97  -1.19  -2.27
2024      5     10     08     33     00    000  12.97  -1.18  -2.27
2024      5     10     08     34     00    000  12.97  -1.17  -2.27
2024      5     10     08     35     00    000  12.97  -1.17  -2.27
2024      5     10     08     36     00    000  12.97  -1.16  -2.28
2024      5     10     08     37     00    000  12.96  -1.15  -2.28
2024      5     10     08     38     00    000  12.96  -1.15  -2.28
2024      5     10     08     39     00    000  12.96  -1.14  -2.28
2024      5     10     08     40     00    000  12.96  -1.13  -2.28
2024      5     10     08     41     00    000  12.96  -1.13  -2.28
2024      5     10     08     42     00    000  12.96  -1.12  -2.29
2024      5     10     08     43     00    000  12.96  -1.11  -2.29
2024      5     10     08     44     00    000  12.96  -1.11  -2.29
2024      5     10     08     45     00    000  12.95  -1.10  -2.29
2024      5     10     08     46     00    000  12.95  -1.09  -2.29
2024      5     10     08     47     00    000  12.95  -1.08  -2.29
2024      5     10     08     48     00    000  12.95  -1.08  -2.30
2024      5     10     08     49     00    000  12.95  -1.07  -2.30
2024      5     10     08     50     00    000  12.95  -1.06  -2.30
2024      5     10     08     51     00    000  12.94  -1.06  -2.30
2024      5     10     08     52     00    000  12.94  -1.05  -2.30
2024      5     10     08     53     00    000  12.94  -1.04  -2.30
2024      5     10     08     54     00    000  12.94  -1.03  -2.31
2024      5     10     08     55     00    000  12.94  -1.03  -2.31
2024      5     10     08     56     00    000  12.94  -1.02  -2.31
2024      5     10     08     57     00    000  12.93  -1.01  -2.31
2024      5     10     08     58     00    000  12.93  -1.01  -2.31
2024      5     10     08     59     00    000  12.93  -1.00  -2.31
2024      5     10     09     00     00    000  12.93  -0.99  -2.32
2024      5     10     09     01     00    000  12.93  -0.98  -2.32
2024      5     10     09     02     00    000  12.92  -0.98  -2.32
2024      5     10     09     03     00    000  12.92  -0.97  -2.32
2024      5     10     09     04     00    000  12.92  -0.96  -2.32
2024      5     10     09     05     00    000  12.92  -0.96  -2.33
2024      5     10     09     06     00    000  12.92  -0.95  -2.33
2024      5     10     09     07     00    000  12.91  -0.94  -2.33
2024      5     10     09     08     00    000  12.91  -0.93  -2.33
2024      5     10     09     09     00    000  12.91  -0.93  -2.33
2024      5     10     09     10     00    000  12.91  -0.92  -2.33
2024      5     10     09     11     00    000  12.90  -0.91  -2.34
2024      5     10     09     12     00    000  12.90  -0.91  -2.34
2024      5     10     09     13     00    000  12.90  -0.90  -2.34
2024      5     10     09     14     00    000  12.90  -0.89  -2.34
2024      5     10     09     15     00    000  12.89  -0.88  -2.34
2024      5     10     09     16     00    000  12.89  -0.88  -2.34
2024      5     10     09     17     00    000  12.89  -0.87  -2.35
2024      5     10     09     18     00    000  12.89  -0.86  -2.35
2024      5     10     09     19     00    000  12.88  -0.85  -2.35
2024      5     10     09     20     00    000  12.88  -0.85  -2.35
2024      5     10     09     21     00    000  12.88  -0.84  -2.35
2024      5     10     09     22     00    000  12.88  -0.83  -2.35
2024      5     10     09     23     00    000  12.87  -0.83  -2.36
2024      5     10     09     24     00    000  12.87  -0.82  -2.36
2024      5     10     09     25     00    000  12.87  -0.81  -2.36
2024      5     10     09     26     00    000  12.87  -0.80  -2.36
2024      5     10     09     27     00    000  12.86  -0.80  -2.36
2024      5     10     09     28     00    000  12.86  -0.79  -2.37
2024      5     10     09     29     00    000  12.86  -0.78  -2.37
2024      5     10     09     30     00    000  12.85  -0.77  -2.37
2024      5     10     09     31     00    000  12.85  -0.77  -2.37
2024      5     10     09     32     00    000  12.85  -0.76  -2.37
2024      5     10     09     33     00    000  12.85  -0.75  -2.37
2024      5     10     09     34     00    000  12.84  -0.75  -2.38
2024      5     10     09     35     00    000  12.84  -0.74  -2.38
2024      5     10     09     36     00    000  12.84  -0.73  -2.38
2024      5     10     09     37     00    000  12.83  -0.72  -2.38
2024      5     10     09     38     00    000  12.83  -0.72  -2.38
2024      5     10     09     39     00    000  12.83  -0.71  -2.38
2024      5     10     09     40     00    000  12.82  -0.70  -2.39
2024      5     10     09     41     00    000  12.82  -0.69  -2.39
2024      5     10     09     42     00    000  12.82  -0.69  -2.39
2024      5     10     09     43     00    000  12.81  -0.68  -2.39
2024      5     10     09     44     00    000  12.81  -0.67  -2.39
2024      5     10     09     45     00    000  12.81  -0.66  -2.40
2024      5     10     09     46     00    000  12.80  -0.66  -2.40
2024      5     10     09     47     00    000  12.80  -0.65  -2.40
2024      5     10     09     48     00    000  12.80  -0.64  -2.40
2024      5     10     09     49     00    000  12.79  -0.63  -2.40
2024      5     10     09     50     00    000  12.79  -0.63  -2.40
2024      5     10     09     51     00    000  12.79  -0.62  -2.41
2024      5     10     09     52     00    000  12.78  -0.61  -2.41
2024      5     10     09     53     00    000  12.78  -0.60  -2.41
2024      5     10     09     54     00    000  12.78  -0.60  -2.41
2024      5     10     09     55     00    000  12.77  -0.59  -2.41
2024      5     10     09     56     00    000  12.77  -0.58  -2.41
2024      5     10     09     57     00    000  12.76  -0.57  -2.42
2024      5     10     09     58     00    000  12.76  -0.57  -2.42
2024      5     10     09     59     00    000  12.76  -0.56  -2.42
2024      5     10     10     00     00    000  12.75  -0.55  -2.42
2024      5     10     10     01     00    000  12.75  -0.54  -2.42
2024      5     10     10     02     00    000  12.75  -0.54  -2.43
2024      5     10     10     03     00    000  12.74  -0.53  -2.43
2024      5     10     10     04     00    000  12.74  -0.52  -2.43
2024      5     10     10     05     00    000  12.73  -0.51  -2.43
2024      5     10     10     06     00    000  12.73  -0.50  -2.43
2024      5     10     10     07     00    000  12.72  -0.50  -2.43
2024      5     10     10     08     00    000  12.72  -0.49  -2.44
2024      5     10     10     09     00    000  12.72  -0.48  -2.44
2024      5     10     10     10     00    000  12.71  -0.47  -2.44
2024      5     10     10     11     00    000  12.71  -0.47  -2.44
2024      5     10     10     12     00    000  12.70  -0.46  -2.44
2024      5     10     10     13     00    000  12.70  -0.45  -2.44
2024      5     10     10     14     00    000  12.70  -0.44  -2.45
2024      5     10     10     15     00    000  12.69  -0.44  -2.45
2024      5     10     10     16     00    000  12.69  -0.43  -2.45
2024      5     10     10     17     00    000  12.68  -0.42  -2.45
2024      5     10     10     18     00    000  12.68  -0.41  -2.45
2024      5     10     10     19     00    000  12.67  -0.40  -2.45
2024      5     10     10     20     00    000  12.67  -0.40  -2.46
2024      5     10     10     21     00    000  12.66  -0.39  -2.46
2024      5     10     10     22     00    000  12.66  -0.38  -2.46
2024      5     10     10     23     00    000  12.66  -0.37  -2.46
2024      5     10     10     24     00    000  12.65  -0.37  -2.46
2024      5     10     10     25     00    000  12.65  -0.36  -2.46
2024      5     10     10     26     00    000  12.64  -0.35  -2.47
2024      5     10     10     27     00    000  12.64  -0.34  -2.47
2024      5     10     10     28     00    000  12.63  -0.33  -2.47
2024      5     10     10     29     00    000  12.63  -0.33  -2.47
2024      5     10     10     30     00    000  12.62  -0.32  -2.47
2024      5     10     10     31     00    000  12.62  -0.31  -2.47
2024      5     10     10     32     00    000  12.61  -0.30  -2.48
2024      5     10     10     33     00    000  12.61  -0.30  -2.48
2024      5     10     10     34     00    000  12.60  -0.29  -2.48
2024      5     10     10     35     00    000  12.60  -0.28  -2.48
2024      5     10     10     36     00    000  12.59  -0.27  -2.48
2024      5     10     10     37     00    000  12.59  -0.26  -2.48
2024      5     10     10     38     00    000  12.58  -0.26  -2.49
2024      5     10     10     39     00    000  12.58  -0.25  -2.49
2024      5     10     10     40     00    000  12.57  -0.24  -2.49
2024      5     10     10     41     00    000  12.57  -0.23  -2.49
2024      5     10     10     42     00    000  12.56  -0.22  -2.49
2024      5     10     10     43     00    000  12.56  -0.22  -2.49
2024      5     10     10     44     00    000  12.55  -0.21  -2.50
2024      5     10     10     45     00    000  12.55  -0.20  -2.50
2024      5     10     10     46     00    000  12.54  -0.19  -2.50
2024      5     10     10     47     00    000  12.54  -0.18  -2.50
2024      5     10     10     48     00    000  12.53  -0.18  -2.50
2024      5     10     10     49     00    000  12.52  -0.17  -2.50
2024      5     10     10     50     00    000  12.52  -0.16  -2.51
2024      5     10     10     51     00    000  12.51  -0.15  -2.51
2024      5     10     10     52     00    000  12.51  -0.14  -2.51
2024      5     10     10     53     00    000  12.50  -0.14  -2.51
2024      5     10     10     54     00    000  12.50  -0.13  -2.51
2024      5     10     10     55     00    000  12.49  -0.12  -2.51
2024      5     10     10     56     00    000  12.49  -0.11  -2.52
2024      5     10     10     57     00    000  12.48  -0.10  -2.52
2024      5     10     10     58     00    000  12.47  -0.10  -2.52
2024      5     10     10     59     00    000  12.47  -0.09  -2.52
2024      5     10     11     00     00    000  12.46  -0.08  -2.52
2024      5     10     11     01     00    000  12.46  -0.07  -2.52
2024      5     10     11     02     00    000  12.45  -0.06  -2.52
2024      5     10     11     03     00    000  12.45  -0.06  -2.53
2024      5     10     11     04     00    000  12.44  -0.05  -2.53
2024      5     10     11     05     00    000  12.43  -0.04  -2.53
2024      5     10     11     06     00    000  12.43  -0.03  -2.53
2024      5     10     11     07     00    000  12.42  -0.02  -2.53
2024      5     10     11     08     00    000  12.42  -0.01  -2.53
2024      5     10     11     09     00    000  12.41  -0.01  -2.53
2024      5     10     11     10     00    000  12.40   0.00  -2.54
2024      5     10     11     11     00    000  12.40   0.01  -2.54
2024      5     10     11     12     00    000  12.39   0.02  -2.54
2024      5     10     11     13     00    000  12.38   0.03  -2.54
2024      5     10     11     14     00    000  12.38   0.03  -2.54
2024      5     10     11     15     00    000  12.37   0.04  -2.54
2024      5     10     11     16     00    000  12.37   0.05  -2.54
2024      5     10     11     17     00    000  12.36   0.06  -2.55
2024      5     10     11     18     00    000  12.35   0.07  -2.55
2024      5     10     11     19     00    000  12.35   0.08  -2.55
2024      5     10     11     20     00    000  12.34   0.08  -2.55
2024      5     10     11     21     00    000  12.33   0.09  -2.55
2024      5     10     11     22     00    000  12.33   0.10  -2.55
2024      5     10     11     23     00    000  12.32   0.11  -2.55
2024      5     10     11     24     00    000  12.31   0.12  -2.56
2024      5     10     11     25     00    000  12.31   0.13  -2.56
2024      5     10     11     26     00    000  12.30   0.13  -2.56
2024      5     10     11     27     00    000  12.29   0.14  -2.56
2024      5     10     11     28     00    000  12.29   0.15  -2.56
2024      5     10     11     29     00    000  12.28   0.16  -2.56
2024      5     10     11     30     00    000  12.27   0.17  -2.56
2024      5     10     11     31     00    000  12.27   0.18  -2.56
2024      5     10     11     32     00    000  12.26   0.18  -2.57
2024      5     10     11     33     00    000  12.25   0.19  -2.57
2024      5     10     11     34     00    000  12.25   0.20  -2.57
2024      5     10     11     35     00    000  12.24   0.21  -2.57
2024      5     10     11     36     00    000  12.23   0.22  -2.57
2024      5     10     11     37     00    000  12.22   0.23  -2.57
2024      5     10     11     38     00    000  12.22   0.23  -2.57
2024      5     10     11     39     00    000  12.21   0.24  -2.57
2024      5     10     11     40     00    000  12.20   0.25  -2.58
2024      5     10     11     41     00    000  12.20   0.26  -2.58
2024      5     10     11     42     00    000  12.19   0.27  -2.58
2024      5     10     11     43     00    000  12.18   0.28  -2.58
2024      5     10     11     44     00    000  12.17   0.28  -2.58
2024      5     10     11     45     00    000  12.17   0.29  -2.58
2024      5     10     11     46     00    000  12.16   0.30  -2.58
2024      5     10     11     47     00    000  12.15   0.31  -2.58
2024      5     10     11     48     00    000  12.14   0.32  -2.58
2024      5     10     11     49     00    000  12.14   0.33  -2.59
2024      5     10     11     50     00    000  12.13   0.34  -2.59
2024      5     10     11     51     00    000  12.12   0.34  -2.59
2024      5     10     11     52     00    000  12.11   0.35  -2.59
2024      5     10     11     53     00    000  12.11   0.36  -2.59
2024      5     10     11     54     00    000  12.10   0.37  -2.59
2024      5     10     11     55     00    000  12.09   0.38  -2.59
2024      5     10     11     56     00    000  12.08   0.39  -2.59
2024      5     10     11     57     00    000  12.08   0.40  -2.59
2024      5     10     11     58     00    000  12.07   0.40  -2.60
2024      5     10     11     59     00    000  12.06   0.41  -2.60
2024      5     10     12     00     00    000  12.05   0.42  -2.60
2024      5     10     12     01     00    000  12.04   0.43  -2.60
2024      5     10     12     02     00    000  12.04   0.44  -2.60
2024      5     10     12     03     00    000  12.03   0.45  -2.60
2024      5     10     12     04     00    000  12.02   0.46  -2.60
2024      5     10     12     05     00    000  12.01   0.46  -2.60
2024      5     10     12     06     00    000  12.00   0.47  -2.60
2024      5     10     12     07     00    000  12.00   0.48  -2.60
2024      5     10     12     08     00    000  11.99   0.49  -2.60
2024      5     10     12     09     00    000  11.98   0.50  -2.61
2024      5     10     12     10     00    000  11.97   0.51  -2.61
2024      5     10     12     11     00    000  11.96   0.52  -2.61
2024      5     10     12     12     00    000  11.96   0.52  -2.61
2024      5     10     12     13     00    000  11.95   0.53  -2.61
2024      5     10     12     14     00    000  11.94   0.54  -2.61
2024      5     10     12     15     00    000  11.93   0.55  -2.61
2024      5     10     12     16     00    000  11.92   0.56  -2.61
2024      5     10     12     17     00    000  11.91   0.57  -2.61
2024      5     10     12     18     00    000  11.91   0.58  -2.61
2024      5     10     12     19     00    000  11.90   0.59  -2.61
2024      5     10     12     20     00    000  11.89   0.59  -2.61
2024      5     10     12     21     00    000  11.88   0.60  -2.61
2024      5     10     12     22     00    000  11.87   0.61  -2.62
2024      5     10     12     23     00    000  11.86   0.62  -2.62
2024      5     10     12     24     00    000  11.85   0.63  -2.62
2024      5     10     12     25     00    000  11.84   0.64  -2.62
2024      5     10     12     26     00    000  11.84   0.65  -2.62
2024      5     10     12     27     00    000  11.83   0.66  -2.62
2024      5     10     12     28     00    000  11.82   0.66  -2.62
2024      5     10     12     29     00    000  11.81   0.67  -2.62
2024      5     10     12     30     00    000  11.80   0.68  -2.62
2024      5     10     12     31     00    000  11.79   0.69  -2.62
2024      5     10     12     32     00    000  11.78   0.70  -2.62
2024      5     10     12     33     00    000  11.77   0.71  -2.62
2024      5     10     12     34     00    000  11.76   0.72  -2.62
2024      5     10     12     35     00    000  11.76   0.73  -2.62
2024      5     10     12     36     00    000  11.75   0.74  -2.62
2024      5     10     12     37     00    000  11.74   0.74  -2.62
2024      5     10     12     38     00    000  11.73   0.75  -2.62
2024      5     10     12     39     00    000  11.72   0.76  -2.62
2024      5     10     12     40     00    000  11.71   0.77  -2.62
2024      5     10     12     41     00    000  11.70   0.78  -2.62
2024      5     10     12     42     00    000  11.69   0.79  -2.63
2024      5     10     12     43     00    000  11.68   0.80  -2.63
2024      5     10     12     44     00    000  11.67   0.81  -2.63
2024      5     10     12     45     00    000  11.66   0.82  -2.63
2024      5     10     12     46     00    000  11.65   0.82  -2.63
2024      5     10     12     47     00    000  11.64   0.83  -2.63
2024      5     10     12     48     00    000  11.63   0.84  -2.63
2024      5     10     12     49     00    000  11.62   0.85  -2.63
2024      5     10     12     50     00    000  11.61   0.86  -2.63
2024      5     10     12     51     00    000  11.60   0.87  -2.63
2024      5     10     12     52     00    000  11.59   0.88  -2.63
2024      5     10     12     53     00    000  11.58   0.89  -2.63
2024      5     10     12     54     00    000  11.58   0.90  -2.63
2024      5     10     12     55     00    000  11.57   0.90  -2.63
2024      5     10     12     56     00    000  11.56   0.91  -2.63
2024      5     10     12     57     00    000  11.55   0.92  -2.63
2024      5     10     12     58     00    000  11.54   0.93  -2.63
2024      5     10     12     59     00    000  11.53   0.94  -2.63
2024      5     10     13     00     00    000  11.52   0.95  -2.63
2024      5     10     13     01     00    000  11.51   0.96  -2.63
2024      5     10     13     02     00    000  11.50   0.97  -2.63
2024      5     10     13     03     00    000  11.48   0.98  -2.63
2024      5     10     13     04     00    000  11.47   0.99  -2.63
2024      5     10     13     05     00    000  11.46   0.99  -2.63
2024      5     10     13     06     00    000  11.45   1.00  -2.63
2024      5     10     13     07     00    000  11.44   1.01  -2.63
2024      5     10     13     08     00    000  11.43   1.02  -2.63
2024      5     10     13     09     00    000  11.42   1.03  -2.63
2024      5     10     13     10     00    000  11.41   1.04  -2.63
2024      5     10     13     11     00    000  11.40   1.05  -2.63
2024      5     10     13     12     00    000  11.39   1.06  -2.63
2024      5     10     13     13     00    000  11.38   1.07  -2.63
2024      5     10     13     14     00    000  11.37   1.08  -2.63
2024      5     10     13     15     00    000  11.36   1.09  -2.63
2024      5     10     13     16     00    000  11.35   1.09  -2.63
2024      5     10     13     17     00    000  11.34   1.10  -2.63
2024      5     10     13     18     00    000  11.33   1.11  -2.63
2024      5     10     13     19     00    000  11.32   1.12  -2.63
2024      5     10     13     20     00    000  11.31   1.13  -2.63
2024      5     10     13     21     00    000  11.30   1.14  -2.63
2024      5     10     13     22     00    000  11.28   1.15  -2.62
2024      5     10     13     23     00    000  11.27   1.16  -2.62
2024      5     10     13     24     00    000  11.26   1.17  -2.62
2024      5     10     13     25     00    000  11.25   1.18  -2.62
2024      5     10     13     26     00    000  11.24   1.19  -2.62
2024      5     10     13     27     00    000  11.23   1.19  -2.62
2024      5     10     13     28     00    000  11.22   1.20  -2.62
2024      5     10     13     29     00    000  11.21   1.21  -2.62
2024      5     10     13     30     00    000  11.20   1.22  -2.62
2024      5     10     13     31     00    000  11.18   1.23  -2.62
2024      5     10     13     32     00    000  11.17   1.24  -2.62
2024      5     10     13     33     00    000  11.16   1.25  -2.62
2024      5     10     13     34     00    000  11.15   1.26  -2.62
2024      5     10     13     35     00    000  11.14   1.27  -2.62
2024      5     10     13     36     00    000  11.13   1.28  -2.62
2024      5     10     13     37     00    000  11.12   1.29  -2.62
2024      5     10     13     38     00    000  11.10   1.29  -2.62
2024      5     10     13     39     00    000  11.09   1.30  -2.62
2024      5     10     13     40     00    000  11.08   1.31  -2.61
2024      5     10     13     41     00    000  11.07   1.32  -2.61
2024      5     10     13     42     00    000  11.06   1.33  -2.61
2024      5     10     13     43     00    000  11.05   1.34  -2.61
2024      5     10     13     44     00    000  11.03   1.35  -2.61
2024      5     10     13     45     00    000  11.02   1.36  -2.61
2024      5     10     13     46     00    000  11.01   1.37  -2.61
2024      5     10     13     47     00    000  11.00   1.38  -2.61
2024      5     10     13     48     00    000  10.99   1.39  -2.61
2024      5     10     13     49     00    000  10.98   1.40  -2.61
2024      5     10     13     50     00    000  10.96   1.40  -2.61
2024      5     10     13     51     00    000  10.95   1.41  -2.60
2024      5     10     13     52     00    000  10.94   1.42  -2.60
2024      5     10     13     53     00    000  10.93   1.43  -2.60
2024      5     10     13     54     00    000  10.91   1.44  -2.60
2024      5     10     13     55     00    000  10.90   1.45  -2.60
2024      5     10     13     56     00    000  10.89   1.46  -2.60
2024      5     10     13     57     00    000  10.88   1.47  -2.60
2024      5     10     13     58     00    000  10.87   1.48  -2.60
2024      5     10     13     59     00    000  10.85   1.49  -2.60
2024      5     10     14     00     00    000  10.84   1.50  -2.59
2024      5     10     14     01     00    000  10.83   1.51  -2.59
2024      5     10     14     02     00    000  10.82   1.52  -2.59
2024      5     10     14     03     00    000  10.80   1.52  -2.59
2024      5     10     14     04     00    000  10.79   1.53  -2.59
2024      5     10     14     05     00    000  10.78   1.54  -2.59
2024      5     10     14     06     00    000  10.76   1.55  -2.59
2024      5     10     14     07     00    000  10.75   1.56  -2.59
2024      5     10     14     08     00    000  10.74   1.57  -2.58
2024      5     10     14     09     00    000  10.73   1.58  -2.58
2024      5     10     14     10     00    000  10.71   1.59  -2.58
2024      5     10     14     11     00    000  10.70   1.60  -2.58
2024      5     10     14     12     00    000  10.69   1.61  -2.58
2024      5     10     14     13     00    000  10.67   1.62  -2.58
2024      5     10     14     14     00    000  10.66   1.63  -2.58
2024      5     10     14     15     00    000  10.65   1.63  -2.57
2024      5     10     14     16     00    000  10.64   1.64  -2.57
2024      5     10     14     17     00    000  10.62   1.65  -2.57
2024      5     10     14     18     00    000  10.61   1.66  -2.57
2024      5     10     14     19     00    000  10.60   1.67  -2.57
2024      5     10     14     20     00    000  10.58   1.68  -2.57
2024      5     10     14     21     00    000  10.57   1.69  -2.56
2024      5     10     14     22     00    000  10.56   1.70  -2.56
2024      5     10     14     23     00    000  10.54   1.71  -2.56
2024      5     10     14     24     00    000  10.53   1.72  -2.56
2024      5     10     14     25     00    000  10.52   1.73  -2.56
2024      5     10     14     26     00    000  10.50   1.74  -2.55
2024      5     10     14     27     00    000  10.49   1.74  -2.55
2024      5     10     14     28     00    000  10.47   1.75  -2.55
2024      5     10     14     29     00    000  10.46   1.76  -2.55
2024      5     10     14     30     00    000  10.45   1.77  -2.55
2024      5     10     14     31     00    000  10.43   1.78  -2.55
2024      5     10     14     32     00    000  10.42   1.79  -2.54
2024      5     10     14     33     00    000  10.41   1.80  -2.54
2024      5     10     14     34     00    000  10.39   1.81  -2.54
2024      5     10     14     35     00    000  10.38   1.82  -2.54
2024      5     10     14     36     00    000  10.36   1.83  -2.54
2024      5     10     14     37     00    000  10.35   1.84  -2.53
2024      5     10     14     38     00    000  10.34   1.84  -2.53
2024      5     10     14     39     00    000  10.32   1.85  -2.53
2024      5     10     14     40     00    000  10.31   1.86  -2.53
2024      5     10     14     41     00    000  10.29   1.87  -2.52
2024      5     10     14     42     00    000  10.28   1.88  -2.52
2024      5     10     14     43     00    000  10.26   1.89  -2.52
2024      5     10     14     44     00    000  10.25   1.90  -2.52
2024      5     10     14     45     00    000  10.24   1.91  -2.52
2024      5     10     14     46     00    000  10.22   1.92  -2.51
2024      5     10     14     47     00    000  10.21   1.93  -2.51
2024      5     10     14     48     00    000  10.19   1.94  -2.51
2024      5     10     14     49     00    000  10.18   1.94  -2.51
2024      5     10     14     50     00    000  10.16   1.95  -2.50
2024      5     10     14     51     00    000  10.15   1.96  -2.50
2024      5     10     14     52     00    000  10.13   1.97  -2.50
2024      5     10     14     53     00    000  10.12   1.98  -2.50
2024      5     10     14     54     00    000  10.10   1.99  -2.49
2024      5     10     14     55     00    000  10.09   2.00  -2.49
2024      5     10     14     56     00    000  10.07   2.01  -2.49
2024      5     10     14     57     00    000  10.06   2.02  -2.48
2024      5     10     14     58     00    000  10.04   2.03  -2.48
2024      5     10     14     59     00    000  10.03   2.04  -2.48
2024      5     10     15     00     00    000  10.01   2.04  -2.48
2024      5     10     15     01     00    000  10.00   2.05  -2.47
2024      5     10     15     02     00    000   9.98   2.06  -2.47
2024      5     10     15     03     00    000   9.97   2.07  -2.47
2024      5     10     15     04     00    000   9.95   2.08  -2.47
2024      5     10     15     05     00    000   9.94   2.09  -2.46
2024      5     10     15     06     00    000   9.92   2.10  -2.46
2024      5     10     15     07     00    000   9.91   2.11  -2.46
2024      5     10     15     08     00    000   9.89   2.12  -2.45
2024      5     10     15     09     00    000   9.88   2.12  -2.45
2024      5     10     15     10     00    000   9.86   2.13  -2.45
2024      5     10     15     11     00    000   9.84   2.14  -2.44
2024      5     10     15     12     00    000   9.83   2.15  -2.44
2024      5     10     15     13     00    000   9.81   2.16  -2.44
2024      5     10     15     14     00    000   9.80   2.17  -2.44
2024      5     10     15     15     00    000   9.78   2.18  -2.43
2024      5     10     15     16     00    000   9.77   2.19  -2.43
2024      5     10     15     17     00    000   9.75   2.20  -2.43
2024      5     10     15     18     00    000   9.73   2.20  -2.42
2024      5     10     15     19     00    000   9.72   2.21  -2.42
2024      5     10     15     20     00    000   9.70   2.22  -2.42
2024      5     10     15     21     00    000   9.69   2.23  -2.41
2024      5     10     15     22     00    000   9.67   2.24  -2.41
2024      5     10     15     23     00    000   9.65   2.25  -2.41
2024      5     10     15     24     00    000   9.64   2.26  -2.40
2024      5     10     15     25     00    000   9.62   2.27  -2.40
2024      5     10     15     26     00    000   9.60   2.27  -2.40
2024      5     10     15     27     00    000   9.59   2.28  -2.39
2024      5     10     15     28     00    000   9.57   2.29  -2.39
2024      5     10     15     29     00    000   9.55   2.30  -2.39
2024      5     10     15     30     00    000   9.54   2.31  -2.38
2024      5     10     15     31     00    000   9.52   2.32  -2.38
2024      5     10     15     32     00    000   9.50   2.33  -2.37
2024      5     10     15     33     00    000   9.49   2.34  -2.37
2024      5     10     15     34     00    000   9.47   2.34  -2.37
2024      5     10     15     35     00    000   9.45   2.35  -2.36
2024      5     10     15     36     00    000   9.44   2.36  -2.36
2024      5     10     15     37     00    000   9.42   2.37  -2.36
2024      5     10     15     38     00    000   9.40   2.38  -2.35
2024      5     10     15     39     00    000   9.39   2.39  -2.35
2024      5     10     15     40     00    000   9.37   2.40  -2.35
2024      5     10     15     41     00    000   9.35   2.40  -2.34
2024      5     10     15     42     00    000   9.34   2.41  -2.34
2024      5     10     15     43     00    000   9.32   2.42  -2.33
2024      5     10     15     44     00    000   9.30   2.43  -2.33
2024      5     10     15     45     00    000   9.28   2.44  -2.33
2024      5     10     15     46     00    000   9.27   2.45  -2.32
2024      5     10     15     47     00    000   9.25   2.46  -2.32
2024      5     10     15     48     00    000   9.23   2.46  -2.31
2024      5     10     15     49     00    000   9.21   2.47  -2.31
2024      5     10     15     50     00    000   9.20   2.48  -2.31
2024      5     10     15     51     00    000   9.18   2.49  -2.30
2024      5     10     15     52     00    000   9.16   2.50  -2.30
2024      5     10     15     53     00    000   9.14   2.51  -2.29
2024      5     10     15     54     00    000   9.12   2.51  -2.29
2024      5     10     15     55     00    000   9.11   2.52  -2.28
2024      5     10     15     56     00    000   9.09   2.53  -2.28
2024      5     10     15     57     00    000   9.07   2.54  -2.28
2024      5     10     15     58     00    000   9.05   2.55  -2.27
2024      5     10     15     59     00    000   9.03   2.56  -2.27
2024      5     10     16     00     00    000   9.02   2.56  -2.26
2024      5     10     16     01     00    000   9.00   2.57  -2.26
2024      5     10     16     02     00    000   8.98   2.58  -2.25
2024      5     10     16     03     00    000   8.96   2.59  -2.25
2024      5     10     16     04     00    000   8.94   2.60  -2.24
2024      5     10     16     05     00    000   8.92   2.60  -2.24
2024      5     10     16     06     00    000   8.91   2.61  -2.24
2024      5     10     16     07     00    000   8.89   2.62  -2.23
2024      5     10     16     08     00    000   8.87   2.63  -2.23
2024      5     10     16     09     00    000   8.85   2.64  -2.22
2024      5     10     16     10     00    000   8.83   2.64  -2.22
2024      5     10     16     11     00    000   8.81   2.65  -2.21
2024      5     10     16     12     00    000   8.79   2.66  -2.21
2024      5     10     16     13     00    000   8.77   2.67  -2.20
2024      5     10     16     14     00    000   8.76   2.68  -2.20
2024      5     10     16     15     00    000   8.74   2.68  -2.19
2024      5     10     16     16     00    000   8.72   2.69  -2.19
2024      5     10     16     17     00    000   8.70   2.70  -2.18
2024      5     10     16     18     00    000   8.68   2.71  -2.18
2024      5     10     16     19     00    000   8.66   2.72  -2.17
2024      5     10     16     20     00    000   8.64   2.72  -2.17
2024      5     10     16     21     00    000   8.62   2.73  -2.16
2024      5     10     16     22     00    000   8.60   2.74  -2.16
2024      5     10     16     23     00    000   8.58   2.75  -2.15
2024      5     10     16     24     00    000   8.56   2.75  -2.15
2024      5     10     16     25     00    000   8.54   2.76  -2.14
2024      5     10     16     26     00    000   8.52   2.77  -2.14
2024      5     10     16     27     00    000   8.50   2.78  -2.13
2024      5     10     16     28     00    000   8.48   2.79  -2.13
2024      5     10     16     29     00    000   8.46   2.79  -2.12
2024      5     10     16     30     00    000   8.44   2.80  -2.12
2024      5     10     16     31     00    000   8.42   2.81  -2.11
2024      5     10     16     32     00    000   8.40   2.82  -2.11
2024      5     10     16     33     00    000   8.38   2.82  -2.10
2024      5     10     16     34     00    000   8.36   2.83  -2.10
2024      5     10     16     35     00    000   8.34   2.84  -2.09
2024      5     10     16     36     00    000   8.32   2.85  -2.09
2024      5     10     16     37     00    000   8.30   2.85  -2.08
2024      5     10     16     38     00    000   8.28   2.86  -2.08
2024      5     10     16     39     00    000   8.26   2.87  -2.07
2024      5     10     16     40     00    000   8.24   2.87  -2.06
2024      5     10     16     41     00    000   8.22   2.88  -2.06
2024      5     10     16     42     00    000   8.20   2.89  -2.05
2024      5     10     16     43     00    000   8.18   2.90  -2.05
2024      5     10     16     44     00    000   8.16   2.90  -2.04
2024      5     10     16     45     00    000   8.14   2.91  -2.04
2024      5     10     16     46     00    000   8.12   2.92  -2.03
2024      5     10     16     47     00    000   8.10   2.92  -2.03
2024      5     10     16     48     00    000   8.08   2.93  -2.02
2024      5     10     16     49     00    000   8.05   2.94  -2.01
2024      5     10     16     50     00    000   8.03   2.95  -2.01
2024      5     10     16     51     00    000   8.01   2.95  -2.00
2024      5     10     16     52     00    000   7.99   2.96  -2.00
2024      5     10     16     53     00    000   7.97   2.97  -1.99
2024      5     10     16     54     00    000   7.95   2.97  -1.99
2024      5     10     16     55     00    000   7.93   2.98  -1.98
2024      5     10     16     56     00    000   7.90   2.99  -1.97
2024      5     10     16     57     00    000   7.88   2.99  -1.97
2024      5     10     16     58     00    000   7.86   3.00  -1.96
2024      5     10     16     59     00    000   7.84   3.01  -1.96
2024      5     10     17     00     00    000   7.82   3.01  -1.95
2024      5     10     17     01     00    000   7.80   3.02  -1.94
2024      5     10     17     02     00    000   7.77   3.03  -1.94
2024      5     10     17     03     00    000   7.75   3.03  -1.93
2024      5     10     17     04     00    000   7.73   3.04  -1.93
2024      5     10     17     05     00    000   7.71   3.05  -1.92
2024      5     10     17     06     00    000   7.68   3.05  -1.91
2024      5     10     17     07     00    000   7.66   3.06  -1.91
2024      5     10     17     08     00    000   7.64   3.07  -1.90
2024      5     10     17     09     00    000   7.62   3.07  -1.89
2024      5     10     17     10     00    000   7.60   3.08  -1.89
2024      5     10     17     11     00    000   7.57   3.09  -1.88
2024      5     10     17     12     00    000   7.55   3.09  -1.88
2024      5     10     17     13     00    000   7.53   3.10  -1.87
2024      5     10     17     14     00    000   7.50   3.10  -1.86
2024      5     10     17     15     00    000   7.48   3.11  -1.86
2024      5     10     17     16     00    000   7.46   3.12  -1.85
2024      5     10     17     17     00    000   7.44   3.12  -1.84
2024      5     10     17     18     00    000   7.41   3.13  -1.84
2024      5     10     17     19     00    000   7.39   3.13  -1.83
2024      5     10     17     20     00    000   7.37   3.14  -1.82
2024      5     10     17     21     00    000   7.34   3.15  -1.82
2024      5     10     17     22     00    000   7.32   3.15  -1.81
2024      5     10     17     23     00    000   7.30   3.16  -1.80
2024      5     10     17     24     00    000   7.27   3.16  -1.80
2024      5     10     17     25     00    000   7.25   3.17  -1.79
2024      5     10     17     26     00    000   7.22   3.18  -1.78
2024      5     10     17     27     00    000   7.20   3.18  -1.78
2024      5     10     17     28     00    000   7.18   3.19  -1.77
2024      5     10     17     29     00    000   7.15   3.19  -1.76
2024      5     10     17     30     00    000   7.13   3.20  -1.76
2024      5     10     17     31     00    000   7.11   3.20  -1.75
2024      5     10     17     32     00    000   7.08   3.21  -1.74
2024      5     10     17     33     00    000   7.06   3.21  -1.74
2024      5     10     17     34     00    000   7.03   3.22  -1.73
2024      5     10     17     35     00    000   7.01   3.22  -1.72
2024      5     10     17     36     00    000   6.98   3.23  -1.72
2024      5     10     17     37     00    000   6.96   3.23  -1.71
2024      5     10     17     38     00    000   6.93   3.24  -1.70
2024      5     10     17     39     00    000   6.91   3.25  -1.70
2024      5     10     17     40     00    000   6.89   3.25  -1.69
2024      5     10     17     41     00    000   6.86   3.26  -1.68
2024      5     10     17     42     00    000   6.84   3.26  -1.67
2024      5     10     17     43     00    000   6.81   3.27  -1.67
2024      5     10     17     44     00    000   6.79   3.27  -1.66
2024      5     10     17     45     00    000   6.76   3.27  -1.65
2024      5     10     17     46     00    000   6.73   3.28  -1.65
2024      5     10     17     47     00    000   6.71   3.28  -1.64
2024      5     10     17     48     00    000   6.68   3.29  -1.63
2024      5     10     17     49     00    000   6.66   3.29  -1.62
2024      5     10     17     50     00    000   6.63   3.30  -1.62
2024      5     10     17     51     00    000   6.61   3.30  -1.61
2024      5     10     17     52     00    000   6.58   3.31  -1.60
2024      5     10     17     53     00    000   6.56   3.31  -1.60
2024      5     10     17     54     00    000   6.53   3.32  -1.59
2024      5     10     17     55     00    000   6.50   3.32  -1.58
2024      5     10     17     56     00    000   6.48   3.32  -1.57
2024      5     10     17     57     00    000   6.45   3.33  -1.57
2024      5     10     17     58     00    000   6.43   3.33  -1.56
2024      5     10     17     59     00    000   6.40   3.34  -1.55
2024      5     10     18     00     00    000   6.37   3.34  -1.54
2024      5     10     18     01     00    000   6.35   3.34  -1.54
2024      5     10     18     02     00    000   6.32   3.35  -1.53
2024      5     10     18     03     00    000   6.29   3.35  -1.52
2024      5     10     18     04     00    000   6.27   3.36  -1.51
2024      5     10     18     05     00    000   6.24   3.36  -1.51
2024      5     10     18     06     00    000   6.21   3.36  -1.50
2024      5     10     18     07     00    000   6.18   3.37  -1.49
2024      5     10     18     08     00    000   6.16   3.37  -1.48
2024      5     10     18     09     00    000   6.13   3.37  -1.48
2024      5     10     18     10     00    000   6.10   3.38  -1.47
2024      5     10     18     11     00    000   6.08   3.38  -1.46
2024      5     10     18     12     00    000   6.05   3.38  -1.45
2024      5     10     18     13     00    000   6.02   3.39  -1.45
2024      5     10     18     14     00    000   5.99   3.39  -1.44
2024      5     10     18     15     00    000   5.96   3.39  -1.43
2024      5     10     18     16     00    000   5.94   3.40  -1.42
2024      5     10     18     17     00    000   5.91   3.40  -1.41
2024      5     10     18     18     00    000   5.88   3.40  -1.41
2024      5     10     18     19     00    000   5.85   3.41  -1.40
2024      5     10     18     20     00    000   5.82   3.41  -1.39
2024      5     10     18     21     00    000   5.80   3.41  -1.38
2024      5     10     18     22     00    000   5.77   3.41  -1.37
2024      5     10     18     23     00    000   5.74   3.42  -1.37
2024      5     10     18     24     00    000   5.71   3.42  -1.36
2024      5     10     18     25     00    000   5.68   3.42  -1.35
2024      5     10     18     26     00    000   5.65   3.42  -1.34
2024      5     10     18     27     00    000   5.62   3.43  -1.33
2024      5     10     18     28     00    000   5.59   3.43  -1.33
2024      5     10     18     29     00    000   5.56   3.43  -1.32
2024      5     10     18     30     00    000   5.54   3.43  -1.31
2024      5     10     18     31     00    000   5.51   3.43  -1.30
2024      5     10     18     32     00    000   5.48   3.44  -1.29
2024      5     10     18     33     00    000   5.45   3.44  -1.29
2024      5     10     18     34     00    000   5.42   3.44  -1.28
2024      5     10     18     35     00    000   5.39   3.44  -1.27
2024      5     10     18     36     00    000   5.36   3.44  -1.26
2024      5     10     18     37     00    000   5.33   3.44  -1.25
2024      5     10     18     38     00    000   5.30   3.45  -1.24
2024      5     10     18     39     00    000   5.27   3.45  -1.24
2024      5     10     18     40     00    000   5.24   3.45  -1.23
2024      5     10     18     41     00    000   5.21   3.45  -1.22
2024      5     10     18     42     00    000   5.17   3.45  -1.21
2024      5     10     18     43     00    000   5.14   3.45  -1.20
2024      5     10     18     44     00    000   5.11   3.45  -1.19
2024      5     10     18     45     00    000   5.08   3.45  -1.19
2024      5     10     18     46     00    000   5.05   3.45  -1.18
2024      5     10     18     47     00    000   5.02   3.46  -1.17
2024      5     10     18     48     00    000   4.99   3.46  -1.16
2024      5     10     18     49     00    000   4.96   3.46  -1.15
2024      5     10     18     50     00    000   4.93   3.46  -1.14
2024      5     10     18     51     00    000   4.89   3.46  -1.14
2024      5     10     18     52     00    000   4.86   3.46  -1.13
2024      5     10     18     53     00    000   4.83   3.46  -1.12
2024      5     10     18     54     00    000   4.80   3.46  -1.11
2024      5     10     18     55     00    000   4.77   3.46  -1.10
2024      5     10     18     56     00    000   4.73   3.46  -1.09
2024      5     10     18     57     00    000   4.70   3.46  -1.08
2024      5     10     18     58     00    000   4.67   3.46  -1.08
2024      5     10     18     59     00    000   4.64   3.46  -1.07
2024      5     10     19     00     00    000   4.60   3.45  -1.06
2024      5     10     19     01     00    000   4.57   3.45  -1.05
2024      5     10     19     02     00    000   4.54   3.45  -1.04
2024      5     10     19     03     00    000   4.50   3.45  -1.03
2024      5     10     19     04     00    000   4.47   3.45  -1.02
2024      5     10     19     05     00    000   4.44   3.45  -1.01
2024      5     10     19     06     00    000   4.40   3.45  -1.00
2024      5     10     19     07     00    000   4.37   3.45  -1.00
2024      5     10     19     08     00    000   4.34   3.45  -0.99
2024      5     10     19     09     00    000   4.30   3.44  -0.98
2024      5     10     19     10     00    000   4.27   3.44  -0.97
2024      5     10     19     11     00    000   4.23   3.44  -0.96
2024      5     10     19     12     00    000   4.20   3.44  -0.95
2024      5     10     19     13     00    000   4.17   3.44  -0.94
2024      5     10     19     14     00    000   4.13   3.43  -0.93
2024      5     10     19     15     00    000   4.10   3.43  -0.92
2024      5     10     19     16     00    000   4.06   3.43  -0.92
2024      5     10     19     17     00    000   4.03   3.43  -0.91
2024      5     10     19     18     00    000   3.99   3.42  -0.90
2024      5     10     19     19     00    000   3.96   3.42  -0.89
2024      5     10     19     20     00    000   3.92   3.42  -0.88
2024      5     10     19     21     00    000   3.88   3.41  -0.87
2024      5     10     19     22     00    000   3.85   3.41  -0.86
2024      5     10     19     23     00    000   3.81   3.41  -0.85
2024      5     10     19     24     00    000   3.78   3.40  -0.84
2024      5     10     19     25     00    000   3.74   3.40  -0.83
2024      5     10     19     26     00    000   3.70   3.40  -0.82
2024      5     10     19     27     00    000   3.67   3.39  -0.81
2024      5     10     19     28     00    000   3.63   3.39  -0.81
2024      5     10     19     29     00    000   3.59   3.38  -0.80
2024      5     10     19     30     00    000   3.56   3.38  -0.79
2024      5     10     19     31     00    000   3.52   3.37  -0.78
2024      5     10     19     32     00    000   3.48   3.37  -0.77
2024      5     10     19     33     00    000   3.45   3.36  -0.76
2024      5     10     19     34     00    000   3.41   3.36  -0.75
2024      5     10     19     35     00    000   3.37   3.35  -0.74
2024      5     10     19     36     00    000   3.33   3.35  -0.73
2024      5     10     19     37     00    000   3.29   3.34  -0.72
2024      5     10     19     38     00    000   3.26   3.34  -0.71
2024      5     10     19     39     00    000   3.22   3.33  -0.70
2024      5     10     19     40     00    000   3.18   3.32  -0.69
2024      5     10     19     41     00    000   3.14   3.32  -0.68
2024      5     10     19     42     00    000   3.10   3.31  -0.67
2024      5     10     19     43     00    000   3.06   3.30  -0.66
2024      5     10     19     44     00    000   3.02   3.30  -0.65
2024      5     10     19     45     00    000   2.98   3.29  -0.64
2024      5     10     19     46     00    000   2.94   3.28  -0.63
2024      5     10     19     47     00    000   2.90   3.27  -0.62
2024      5     10     19     48     00    000   2.86   3.27  -0.61
2024      5     10     19     49     00    000   2.82   3.26  -0.60
2024      5     10     19     50     00    000   2.78   3.25  -0.60
2024      5     10     19     51     00    000   2.74   3.24  -0.59
2024      5     10     19     52     00    000   2.70   3.23  -0.58
2024      5     10     19     53     00    000   2.66   3.22  -0.57
2024      5     10     19     54     00    000   2.62   3.21  -0.56
2024      5     10     19     55     00    000   2.58   3.20  -0.55
2024      5     10     19     56     00    000   2.53   3.19  -0.54
2024      5     10     19     57     00    000   2.49   3.18  -0.53
2024      5     10     19     58     00    000   2.45   3.17  -0.52
2024      5     10     19     59     00    000   2.41   3.16  -0.51
2024      5     10     20     00     00    000   2.37   3.15  -0.50
2024      5     10     20     01     00    000   2.32   3.14  -0.49
2024      5     10     20     02     00    000   2.28   3.13  -0.48
2024      5     10     20     03     00    000   2.24   3.12  -0.47
2024      5     10     20     04     00    000   2.19   3.11  -0.46
2024      5     10     20     05     00    000   2.15   3.09  -0.45
2024      5     10     20     06     00    000   2.11   3.08  -0.44
2024      5     10     20     07     00    000   2.06   3.07  -0.43
2024      5     10     20     08     00    000   2.02   3.05  -0.41
2024      5     10     20     09     00    000   1.97   3.04  -0.40
2024      5     10     20     10     00    000   1.93   3.03  -0.39
2024      5     10     20     11     00    000   1.88   3.01  -0.38
2024      5     10     20     12     00    000   1.84   3.00  -0.37
2024      5     10     20     13     00    000   1.79   2.98  -0.36
2024      5     10     20     14     00    000   1.75   2.96  -0.35
2024      5     10     20     15     00    000   1.70   2.95  -0.34
2024      5     10     20     16     00    000   1.66   2.93  -0.33
2024      5     10     20     17     00    000   1.61   2.92  -0.32
2024      5     10     20     18     00    000   1.56   2.90  -0.31
2024      5     10     20     19     00    000   1.52   2.88  -0.30
2024      5     10     20     20     00    000   1.47   2.86  -0.29
2024      5     10     20     21     00    000   1.42   2.84  -0.28
2024      5     10     20     22     00    000   1.37   2.82  -0.27
2024      5     10     20     23     00    000   1.33   2.80  -0.26
2024      5     10     20     24     00    000   1.28   2.78  -0.25
2024      5     10     20     25     00    000   1.23   2.76  -0.24
2024      5     10     20     26     00    000   1.18   2.74  -0.23
2024      5     10     20     27     00    000   1.13   2.72  -0.22
2024      5     10     20     28     00    000   1.08   2.70  -0.21
2024      5     10     20     29     00    000   1.03   2.67  -0.19
2024      5     10     20     30     00    000   0.99   2.65  -0.18
2024      5     10     20     31     00    000   0.94   2.63  -0.17
2024      5     10     20     32     00    000   0.89   2.60  -0.16
2024      5     10     20     33     00    000   0.84   2.57  -0.15
2024      5     10     20     34     00    000   0.79   2.55  -0.14
2024      5     10     20     35     00    000   0.73   2.52  -0.13
2024      5     10     20     36     00    000   0.68   2.49  -0.12
2024      5     10     20     37     00    000   0.63   2.46  -0.11
2024      5     10     20     38     00    000   0.58   2.43  -0.10
2024      5     10     20     39     00    000   0.53   2.40  -0.09
2024      5     10     20     40     00    000   0.48   2.37  -0.08
2024      5     10     20     41     00    000   0.43   2.34  -0.07
2024      5     10     20     42     00    000   0.37   2.31  -0.05
2024      5     10     20     43     00    000   0.32   2.27  -0.04
2024      5     10     20     44     00    000   0.27   2.24  -0.03
2024      5     10     20     45     00    000   0.22   2.20  -0.02
2024      5     10     20     46     00    000   0.16   2.16  -0.01
2024      5     10     20     47     00    000   0.11   2.12  -0.00
2024      5     10     20     48     00    000   0.06   2.08   0.01
2024      5     10     20     49     00    000   0.01   2.04   0.02
2024      5     10     20     50     00    000  -0.05   2.00   0.03
2024      5     10     20     51     00    000  -0.10   1.95   0.04
2024      5     10     20     52     00    000  -0.15   1.91   0.05
2024      5     10     20     53     00    000  -0.20   1.86   0.06
2024      5     10     20     54     00    000  -0.26   1.81   0.07
2024      5     10     20     55     00    000  -0.31   1.76   0.08
2024      5     10     20     56     00    000  -0.36   1.71   0.09
2024      5     10     20     57     00    000  -0.41   1.66   0.10
2024      5     10     20     58     00    000  -0.46   1.60   0.11
2024      5     10     20     59     00    000  -0.51   1.54   0.12
2024      5     10     21     00     00    000  -0.56   1.49   0.13
2024      5     10     21     01     00    000  -0.61   1.42   0.14
2024      5     10     21     02     00    000  -0.66   1.36   0.15
2024      5     10     21     03     00    000  -0.71   1.29   0.16
2024      5     10     21     04     00    000  -0.75   1.23   0.17
2024      5     10     21     05     00    000  -0.80   1.16   0.18
2024      5     10     21     06     00    000  -0.84   1.08   0.18
2024      5     10     21     07     00    000  -0.88   1.01   0.19
2024      5     10     21     08     00    000  -0.92   0.93   0.20
2024      5     10     21     09     00    000  -0.96   0.85   0.20
2024      5     10     21     10     00    000  -0.99   0.77   0.21
2024      5     10     21     11     00    000  -1.03   0.69   0.21
2024      5     10     21     12     00    000  -1.06   0.60   0.22
2024      5     10     21     13     00    000  -1.08   0.52   0.22
2024      5     10     21     14     00    000  -1.10   0.43   0.23
2024      5     10     21     15     00    000  -1.12   0.34   0.23
2024      5     10     21     16     00    000  -1.14   0.25   0.23
2024      5     10     21     17     00    000  -1.15   0.16   0.23
2024      5     10     21     18     00    000  -1.16   0.06   0.23
2024      5     10     21     19     00    000  -1.16  -0.03   0.23
2024      5     10     21     20     00    000  -1.16  -0.12   0.23
2024      5     10     21     21     00    000  -1.16  -0.21   0.22
2024      5     10     21     22     00    000  -1.15  -0.30   0.22
2024      5     10     21     23     00    000  -1.14  -0.40   0.22
2024      5     10     21     24     00    000  -1.13  -0.48   0.21
2024      5     10     21     25     00    000  -1.11  -0.57   0.21
2024      5     10     21     26     00    000  -1.09  -0.66   0.20
2024      5     10     21     27     00    000  -1.07  -0.74   0.20
2024      5     10     21     28     00    000  -1.04  -0.83   0.19
2024      5     10     21     29     00    000  -1.01  -0.91   0.18
2024      5     10     21     30     00    000  -0.98  -0.99   0.17
2024      5     10     21     31     00    000  -0.95  -1.06   0.16
2024      5     10     21     32     00    000  -0.92  -1.14   0.16
2024      5     10     21     33     00    000  -0.88  -1.21   0.15
2024      5     10     21     34     00    000  -0.84  -1.28   0.14
2024      5     10     21     35     00    000  -0.81  -1.35   0.13
2024      5     10     21     36     00    000  -0.77  -1.42   0.12
2024      5     10     21     37     00    000  -0.73  -1.48   0.11
2024      5     10     21     38     00    000  -0.68  -1.55   0.10
2024      5     10     21     39     00    000  -0.64  -1.61   0.09
2024      5     10     21     40     00    000  -0.60  -1.67   0.08
2024      5     10     21     41     00    000  -0.56  -1.73   0.07
2024      5     10     21     42     00    000  -0.51  -1.78   0.06
2024      5     10     21     43     00    000  -0.47  -1.84   0.05
2024      5     10     21     44     00    000  -0.42  -1.89   0.04
2024      5     10     21     45     00    000  -0.38  -1.94   0.03
2024      5     10     21     46     00    000  -0.33  -2.00   0.02
2024      5     10     21     47     00    000  -0.29  -2.05   0.00
2024      5     10     21     48     00    000  -0.24  -2.09  -0.01
2024      5     10     21     49     00    000  -0.19  -2.14  -0.02
2024      5     10     21     50     00    000  -0.15  -2.19  -0.03
2024      5     10     21     51     00    000  -0.10  -2.23  -0.04
2024      5     10     21     52     00    000  -0.06  -2.27  -0.05
2024      5     10     21     53     00    000  -0.01  -2.32  -0.06
2024      5     10     21     54     00    000   0.04  -2.36  -0.07
2024      5     10     21     55     00    000   0.08  -2.40  -0.08
2024      5     10     21     56     00    000   0.13  -2.44  -0.09
2024      5     10     21     57     00    000   0.17  -2.48  -0.10
2024      5     10     21     58     00    000   0.22  -2.52  -0.11
2024      5     10     21     59     00    000   0.27  -2.55  -0.12
2024      5     10     22     00     00    000   0.31  -2.59  -0.13
2024      5     10     22     01     00    000   0.36  -2.62  -0.14
2024      5     10     22     02     00    000   0.40  -2.66  -0.15
2024      5     10     22     03     00    000   0.45  -2.69  -0.16
2024      5     10     22     04     00    000   0.50  -2.72  -0.17
2024      5     10     22     05     00    000   0.54  -2.76  -0.18
2024      5     10     22     06     00    000   0.59  -2.79  -0.19
2024      5     10     22     07     00    000   0.63  -2.82  -0.20
2024      5     10     22     08     00    000   0.68  -2.85  -0.21
2024      5     10     22     09     00    000   0.72  -2.88  -0.22
2024      5     10     22     10     00    000   0.76  -2.91  -0.23
2024      5     10     22     11     00    000   0.81  -2.94  -0.24
2024      5     10     22     12     00    000   0.85  -2.96  -0.25
2024      5     10     22     13     00    000   0.90  -2.99  -0.26
2024      5     10     22     14     00    000   0.94  -3.02  -0.27
2024      5     10     22     15     00    000   0.99  -3.04  -0.28
2024      5     10     22     16     00    000   1.03  -3.07  -0.29
2024      5     10     22     17     00    000   1.07  -3.10  -0.30
2024      5     10     22     18     00    000   1.12  -3.12  -0.31
2024      5     10     22     19     00    000   1.16  -3.14  -0.32
2024      5     10     22     20     00    000   1.20  -3.17  -0.33
2024      5     10     22     21     00    000   1.24  -3.19  -0.34
2024      5     10     22     22     00    000   1.29  -3.22  -0.35
2024      5     10     22     23     00    000   1.33  -3.24  -0.36
2024      5     10     22     24     00    000   1.37  -3.26  -0.37
2024      5     10     22     25     00    000   1.41  -3.28  -0.37
2024      5     10     22     26     00    000   1.46  -3.30  -0.38
2024      5     10     22     27     00    000   1.50  -3.32  -0.39
2024      5     10     22     28     00    000   1.54  -3.34  -0.40
2024      5     10     22     29     00    000   1.58  -3.36  -0.41
2024      5     10     22     30     00    000   1.62  -3.38  -0.42
2024      5     10     22     31     00    000   1.66  -3.40  -0.43
2024      5     10     22     32     00    000   1.70  -3.42  -0.44
2024      5     10     22     33     00    000   1.74  -3.44  -0.44
2024      5     10     22     34     00    000   1.79  -3.46  -0.45
2024      5     10     22     35     00    000   1.83  -3.48  -0.46
2024      5     10     22     36     00    000   1.87  -3.50  -0.47
2024      5     10     22     37     00    000   1.91  -3.51  -0.48
2024      5     10     22     38     00    000   1.95  -3.53  -0.49
2024      5     10     22     39     00    000   1.99  -3.55  -0.50
2024      5     10     22     40     00    000   2.03  -3.57  -0.50
2024      5     10     22     41     00    000   2.06  -3.58  -0.51
2024      5     10     22     42     00    000   2.10  -3.60  -0.52
2024      5     10     22     43     00    000   2.14  -3.61  -0.53
2024      5     10     22     44     00    000   2.18  -3.63  -0.54
2024      5     10     22     45     00    000   2.22  -3.65  -0.54
2024      5     10     22     46     00    000   2.26  -3.66  -0.55
2024      5     10     22     47     00    000   2.30  -3.68  -0.56
2024      5     10     22     48     00    000   2.34  -3.69  -0.57
2024      5     10     22     49     00    000   2.37  -3.71  -0.58
2024      5     10     22     50     00    000   2.41  -3.72  -0.58
2024      5     10     22     51     00    000   2.45  -3.73  -0.59
2024      5     10     22     52     00    000   2.49  -3.75  -0.60
2024      5     10     22     53     00    000   2.53  -3.76  -0.61
2024      5     10     22     54     00    000   2.56  -3.77  -0.61
2024      5     10     22     55     00    000   2.60  -3.79  -0.62
2024      5     10     22     56     00    000   2.64  -3.80  -0.63
2024      5     10     22     57     00    000   2.68  -3.81  -0.64
2024      5     10     22     58     00    000   2.71  -3.83  -0.64
2024      5     10     22     59     00    000   2.75  -3.84  -0.65
2024      5     10     23     00     00    000   2.79  -3.85  -0.66
2024      5     10     23     01     00    000   2.82  -3.86  -0.67
2024      5     10     23     02     00    000   2.86  -3.87  -0.67
2024      5     10     23     03     00    000   2.89  -3.89  -0.68
2024      5     10     23     04     00    000   2.93  -3.90  -0.69
2024      5     10     23     05     00    000   2.97  -3.91  -0.70
2024      5     10     23     06     00    000   3.00  -3.92  -0.70
2024      5     10     23     07     00    000   3.04  -3.93  -0.71
2024      5     10     23     08     00    000   3.07  -3.94  -0.72
2024      5     10     23     09     00    000   3.11  -3.95  -0.72
2024      5     10     23     10     00    000   3.14  -3.96  -0.73
2024      5     10     23     11     00    000   3.18  -3.97  -0.74
2024      5     10     23     12     00    000   3.21  -3.98  -0.74
2024      5     10     23     13     00    000   3.25  -3.99  -0.75
2024      5     10     23     14     00    000   3.28  -4.00  -0.76
2024      5     10     23     15     00    000   3.32  -4.01  -0.76
2024      5     10     23     16     00    000   3.35  -4.02  -0.77
2024      5     10     23     17     00    000   3.39  -4.03  -0.78
2024      5     10     23     18     00    000   3.42  -4.04  -0.78
2024      5     10     23     19     00    000   3.46  -4.05  -0.79
2024      5     10     23     20     00    000   3.49  -4.06  -0.80
2024      5     10     23     21     00    000   3.52  -4.07  -0.80
2024      5     10     23     22     00    000   3.56  -4.07  -0.81
2024      5     10     23     23     00    000   3.59  -4.08  -0.81
2024      5     10     23     24     00    000   3.62  -4.09  -0.82
2024      5     10     23     25     00    000   3.66  -4.10  -0.83
2024      5     10     23     26     00    000   3.69  -4.11  -0.83
2024      5     10     23     27     00    000   3.72  -4.12  -0.84
2024      5     10     23     28     00    000   3.76  -4.12  -0.85
2024      5     10     23     29     00    000   3.79  -4.13  -0.85
2024      5     10     23     30     00    000   3.82  -4.14  -0.86
2024      5     10     23     31     00    000   3.86  -4.15  -0.86
2024      5     10     23     32     00    000   3.89  -4.15  -0.87
2024      5     10     23     33     00    000   3.92  -4.16  -0.88
2024      5     10     23     34     00    000   3.95  -4.17  -0.88
2024      5     10     23     35     00    000   3.99  -4.18  -0.89
2024      5     10     23     36     00    000   4.02  -4.18  -0.89
2024      5     10     23     37     00    000   4.05  -4.19  -0.90
2024      5     10     23     38     00    000   4.08  -4.20  -0.90
2024      5     10     23     39     00    000   4.11  -4.20  -0.91
2024      5     10     23     40     00    000   4.14  -4.21  -0.92
2024      5     10     23     41     00    000   4.18  -4.22  -0.92
2024      5     10     23     42     00    000   4.21  -4.22  -0.93
2024      5     10     23     43     00    000   4.24  -4.23  -0.93
2024      5     10     23     44     00    000   4.27  -4.23  -0.94
2024      5     10     23     45     00    000   4.30  -4.24  -0.94
2024      5     10     23     46     00    000   4.33  -4.25  -0.95
2024      5     10     23     47     00    000   4.36  -4.25  -0.95
2024      5     10     23     48     00    000   4.39  -4.26  -0.96
2024      5     10     23     49     00    000   4.43  -4.26  -0.96
2024      5     10     23     50     00    000   4.46  -4.27  -0.97
2024      5     10     23     51     00    000   4.49  -4.28  -0.97
2024      5     10     23     52     00    000   4.52  -4.28  -0.98
2024      5     10     23     53     00    000   4.55  -4.29  -0.98
2024      5     10     23     54     00    000   4.58  -4.29  -0.99
2024      5     10     23     55     00    000   4.61  -4.30  -0.99
2024      5     10     23     56     00    000   4.64  -4.30  -1.00
2024      5     10     23     57     00    000   4.67  -4.31  -1.00
2024      5     10     23     58     00    000   4.70  -4.31  -1.01
2024      5     10     23     59     00    000   4.73  -4.32  -1.01
2024      5     11     00     00     00    000   4.76  -4.32  -1.02
2024      5     11     00     01     00    000   4.79  -4.32  -1.02
2024      5     11     00     02     00    000   4.82  -4.33  -1.03
2024      5     11     00     03     00    000   4.85  -4.33  -1.03
2024      5     11     00     04     00    000   4.87  -4.34  -1.04
2024      5     11     00     05     00    000   4.90  -4.34  -1.04
2024      5     11     00     06     00    000   4.93  -4.35  -1.05
2024      5     11     00     07     00    000   4.96  -4.35  -1.05
2024      5     11     00     08     00    000   4.99  -4.36  -1.06
2024      5     11     00     09     00    000   5.02  -4.36  -1.06
2024      5     11     00     10     00    000   5.05  -4.36  -1.07
2024      5     11     00     11     00    000   5.08  -4.37  -1.07
2024      5     11     00     12     00    000   5.11  -4.37  -1.07
2024      5     11     00     13     00    000   5.13  -4.37  -1.08
2024      5     11     00     14     00    000   5.16  -4.38  -1.08
2024      5     11     00     15     00    000   5.19  -4.38  -1.09
2024      5     11     00     16     00    000   5.22  -4.39  -1.09
2024      5     11     00     17     00    000   5.25  -4.39  -1.10
2024      5     11     00     18     00    000   5.27  -4.39  -1.10
2024      5     11     00     19     00    000   5.30  -4.40  -1.10
2024      5     11     00     20     00    000   5.33  -4.40  -1.11
2024      5     11     00     21     00    000   5.36  -4.40  -1.11
2024      5     11     00     22     00    000   5.39  -4.40  -1.12
2024      5     11     00     23     00    000   5.41  -4.41  -1.12
2024      5     11     00     24     00    000   5.44  -4.41  -1.13
2024      5     11     00     25     00    000   5.47  -4.41  -1.13
2024      5     11     00     26     00    000   5.50  -4.42  -1.13
2024      5     11     00     27     00    000   5.52  -4.42  -1.14
2024      5     11     00     28     00    000   5.55  -4.42  -1.14
2024      5     11     00     29     00    000   5.58  -4.43  -1.15
2024      5     11     00     30     00    000   5.60  -4.43  -1.15
2024      5     11     00     31     00    000   5.63  -4.43  -1.15
2024      5     11     00     32     00    000   5.66  -4.43  -1.16
2024      5     11     00     33     00    000   5.68  -4.44  -1.16
2024      5     11     00     34     00    000   5.71  -4.44  -1.16
2024      5     11     00     35     00    000   5.74  -4.44  -1.17
2024      5     11     00     36     00    000   5.76  -4.44  -1.17
2024      5     11     00     37     00    000   5.79  -4.44  -1.18
2024      5     11     00     38     00    000   5.82  -4.45  -1.18
2024      5     11     00     39     00    000   5.84  -4.45  -1.18
2024      5     11     00     40     00    000   5.87  -4.45  -1.19
2024      5     11     00     41     00    000   5.90  -4.45  -1.19
2024      5     11     00     42     00    000   5.92  -4.46  -1.19
2024      5     11     00     43     00    000   5.95  -4.46  -1.20
2024      5     11     00     44     00    000   5.97  -4.46  -1.20
2024      5     11     00     45     00    000   6.00  -4.46  -1.20
2024      5     11     00     46     00    000   6.03  -4.46  -1.21
2024      5     11     00     47     00    000   6.05  -4.46  -1.21
2024      5     11     00     48     00    000   6.08  -4.47  -1.21
2024      5     11     00     49     00    000   6.10  -4.47  -1.22
2024      5     11     00     50     00    000   6.13  -4.47  -1.22
2024      5     11     00     51     00    000   6.15  -4.47  -1.22
2024      5     11     00     52     00    000   6.18  -4.47  -1.23
2024      5     11     00     53     00    000   6.20  -4.47  -1.23
2024      5     11     00     54     00    000   6.23  -4.48  -1.23
2024      5     11     00     55     00    000   6.25  -4.48  -1.24
2024      5     11     00     56     00    000   6.28  -4.48  -1.24
2024      5     11     00     57     00    000   6.30  -4.48  -1.24
2024      5     11     00     58     00    000   6.33  -4.48  -1.25
2024      5     11     00     59     00    000   6.35  -4.48  -1.25
2024      5     11     01     00     00    000   6.38  -4.48  -1.25
2024      5     11     01     01     00    000   6.40  -4.48  -1.26
2024      5     11     01     02     00    000   6.43  -4.48  -1.26
2024      5     11     01     03     00    000   6.45  -4.49  -1.26
2024      5     11     01     04     00    000   6.48  -4.49  -1.26
2024      5     11     01     05     00    000   6.50  -4.49  -1.27
2024      5     11     01     06     00    000   6.52  -4.49  -1.27
2024      5     11     01     07     00    000   6.55  -4.49  -1.27
2024      5     11     01     08     00    000   6.57  -4.49  -1.28
2024      5     11     01     09     00    000   6.60  -4.49  -1.28
2024      5     11     01     10     00    000   6.62  -4.49  -1.28
2024      5     11     01     11     00    000   6.64  -4.49  -1.28
2024      5     11     01     12     00    000   6.67  -4.49  -1.29
2024      5     11     01     13     00    000   6.69  -4.49  -1.29
2024      5     11     01     14     00    000   6.72  -4.49  -1.29
2024      5     11     01     15     00    000   6.74  -4.49  -1.29
2024      5     11     01     16     00    000   6.76  -4.49  -1.30
2024      5     11     01     17     00    000   6.79  -4.50  -1.30
2024      5     11     01     18     00    000   6.81  -4.50  -1.30
2024      5     11     01     19     00    000   6.83  -4.50  -1.31
2024      5     11     01     20     00    000   6.86  -4.50  -1.31
2024      5     11     01     21     00    000   6.88  -4.50  -1.31
2024      5     11     01     22     00    000   6.90  -4.50  -1.31
2024      5     11     01     23     00    000   6.93  -4.50  -1.32
2024      5     11     01     24     00    000   6.95  -4.50  -1.32
2024      5     11     01     25     00    000   6.97  -4.50  -1.32
2024      5     11     01     26     00    000   7.00  -4.50  -1.32
2024      5     11     01     27     00    000   7.02  -4.50  -1.32
2024      5     11     01     28     00    000   7.04  -4.50  -1.33
2024      5     11     01     29     00    000   7.06  -4.50  -1.33
2024      5     11     01     30     00    000   7.09  -4.50  -1.33
2024      5     11     01     31     00    000   7.11  -4.50  -1.33
2024      5     11     01     32     00    000   7.13  -4.50  -1.34
2024      5     11     01     33     00    000   7.15  -4.50  -1.34
2024      5     11     01     34     00    000   7.18  -4.50  -1.34
2024      5     11     01     35     00    000   7.20  -4.50  -1.34
2024      5     11     01     36     00    000   7.22  -4.50  -1.35
2024      5     11     01     37     00    000   7.24  -4.50  -1.35
2024      5     11     01     38     00    000   7.27  -4.50  -1.35
2024      5     11     01     39     00    000   7.29  -4.50  -1.35
2024      5     11     01     40     00    000   7.31  -4.50  -1.35
2024      5     11     01     41     00    000   7.33  -4.50  -1.36
2024      5     11     01     42     00    000   7.35  -4.50  -1.36
2024      5     11     01     43     00    000   7.38  -4.49  -1.36
2024      5     11     01     44     00    000   7.40  -4.49  -1.36
2024      5     11     01     45     00    000   7.42  -4.49  -1.36
2024      5     11     01     46     00    000   7.44  -4.49  -1.37
2024      5     11     01     47     00    000   7.46  -4.49  -1.37
2024      5     11     01     48     00    000   7.48  -4.49  -1.37
2024      5     11     01     49     00    000   7.51  -4.49  -1.37
2024      5     11     01     50     00    000   7.53  -4.49  -1.37
2024      5     11     01     51     00    000   7.55  -4.49  -1.38
2024      5     11     01     52     00    000   7.57  -4.49  -1.38
2024      5     11     01     53     00    000   7.59  -4.49  -1.38
2024      5     11     01     54     00    000   7.61  -4.49  -1.38
2024      5     11     01     55     00    000   7.63  -4.49  -1.38
2024      5     11     01     56     00    000   7.65  -4.49  -1.39
2024      5     11     01     57     00    000   7.67  -4.49  -1.39
2024      5     11     01     58     00    000   7.70  -4.48  -1.39
2024      5     11     01     59     00    000   7.72  -4.48  -1.39
2024      5     11     02     00     00    000   7.74  -4.48  -1.39
2024      5     11     02     01     00    000   7.76  -4.48  -1.39
2024      5     11     02     02     00    000   7.78  -4.48  -1.40
2024      5     11     02     03     00    000   7.80  -4.48  -1.40
2024      5     11     02     04     00    000   7.82  -4.48  -1.40
2024      5     11     02     05     00    000   7.84  -4.48  -1.40
2024      5     11     02     06     00    000   7.86  -4.48  -1.40
2024      5     11     02     07     00    000   7.88  -4.48  -1.40
2024      5     11     02     08     00    000   7.90  -4.47  -1.41
2024      5     11     02     09     00    000   7.92  -4.47  -1.41
2024      5     11     02     10     00    000   7.94  -4.47  -1.41
2024      5     11     02     11     00    000   7.96  -4.47  -1.41
2024      5     11     02     12     00    000   7.98  -4.47  -1.41
2024      5     11     02     13     00    000   8.00  -4.47  -1.41
2024      5     11     02     14     00    000   8.02  -4.47  -1.42
2024      5     11     02     15     00    000   8.04  -4.47  -1.42
2024      5     11     02     16     00    000   8.06  -4.46  -1.42
2024      5     11     02     17     00    000   8.08  -4.46  -1.42
2024      5     11     02     18     00    000   8.10  -4.46  -1.42
2024      5     11     02     19     00    000   8.12  -4.46  -1.42
2024      5     11     02     20     00    000   8.14  -4.46  -1.42
2024      5     11     02     21     00    000   8.16  -4.46  -1.43
2024      5     11     02     22     00    000   8.18  -4.46  -1.43
2024      5     11     02     23     00    000   8.20  -4.45  -1.43
2024      5     11     02     24     00    000   8.22  -4.45  -1.43
2024      5     11     02     25     00    000   8.24  -4.45  -1.43
2024      5     11     02     26     00    000   8.26  -4.45  -1.43
2024      5     11     02     27     00    000   8.28  -4.45  -1.43
2024      5     11     02     28     00    000   8.30  -4.45  -1.44
2024      5     11     02     29     00    000   8.32  -4.44  -1.44
2024      5     11     02     30     00    000   8.34  -4.44  -1.44
2024      5     11     02     31     00    000   8.36  -4.44  -1.44
2024      5     11     02     32     00    000   8.37  -4.44  -1.44
2024      5     11     02     33     00    000   8.39  -4.44  -1.44
2024      5     11     02     34     00    000   8.41  -4.44  -1.44
2024      5     11     02     35     00    000   8.43  -4.43  -1.44
2024      5     11     02     36     00    000   8.45  -4.43  -1.45
2024      5     11     02     37     00    000   8.47  -4.43  -1.45
2024      5     11     02     38     00    000   8.49  -4.43  -1.45
2024      5     11     02     39     00    000   8.51  -4.43  -1.45
2024      5     11     02     40     00    000   8.53  -4.43  -1.45
2024      5     11     02     41     00    000   8.54  -4.42  -1.45
2024      5     11     02     42     00    000   8.56  -4.42  -1.45
2024      5     11     02     43     00    000   8.58  -4.42  -1.45
2024      5     11     02     44     00    000   8.60  -4.42  -1.45
2024      5     11     02     45     00    000   8.62  -4.42  -1.46
2024      5     11     02     46     00    000   8.64  -4.41  -1.46
2024      5     11     02     47     00    000   8.65  -4.41  -1.46
2024      5     11     02     48     00    000   8.67  -4.41  -1.46
2024      5     11     02     49     00    000   8.69  -4.41  -1.46
2024      5     11     02     50     00    000   8.71  -4.41  -1.46
2024      5     11     02     51     00    000   8.73  -4.40  -1.46
2024      5     11     02     52     00    000   8.75  -4.40  -1.46
2024      5     11     02     53     00    000   8.76  -4.40  -1.46
2024      5     11     02     54     00    000   8.78  -4.40  -1.46
2024      5     11     02     55     00    000   8.80  -4.39  -1.47
2024      5     11     02     56     00    000   8.82  -4.39  -1.47
2024      5     11     02     57     00    000   8.83  -4.39  -1.47
2024      5     11     02     58     00    000   8.85  -4.39  -1.47
2024      5     11     02     59     00    000   8.87  -4.39  -1.47
2024      5     11     03     00     00    000   8.89  -4.38  -1.47
2024      5     11     03     01     00    000   8.91  -4.38  -1.47
2024      5     11     03     02     00    000   8.92  -4.38  -1.47
2024      5     11     03     03     00    000   8.94  -4.38  -1.47
2024      5     11     03     04     00    000   8.96  -4.37  -1.47
2024      5     11     03     05     00    000   8.98  -4.37  -1.48
2024      5     11     03     06     00    000   8.99  -4.37  -1.48
2024      5     11     03     07     00    000   9.01  -4.37  -1.48
2024      5     11     03     08     00    000   9.03  -4.36  -1.48
2024      5     11     03     09     00    000   9.04  -4.36  -1.48
2024      5     11     03     10     00    000   9.06  -4.36  -1.48
2024      5     11     03     11     00    000   9.08  -4.36  -1.48
2024      5     11     03     12     00    000   9.10  -4.35  -1.48
2024      5     11     03     13     00    000   9.11  -4.35  -1.48
2024      5     11     03     14     00    000   9.13  -4.35  -1.48
2024      5     11     03     15     00    000   9.15  -4.35  -1.48
2024      5     11     03     16     00    000   9.16  -4.34  -1.48
2024      5     11     03     17     00    000   9.18  -4.34  -1.49
2024      5     11     03     18     00    000   9.20  -4.34  -1.49
2024      5     11     03     19     00    000   9.21  -4.34  -1.49
2024      5     11     03     20     00    000   9.23  -4.33  -1.49
2024      5     11     03     21     00    000   9.25  -4.33  -1.49
2024      5     11     03     22     00    000   9.26  -4.33  -1.49
2024      5     11     03     23     00    000   9.28  -4.33  -1.49
2024      5     11     03     24     00    000   9.30  -4.32  -1.49
2024      5     11     03     25     00    000   9.31  -4.32  -1.49
2024      5     11     03     26     00    000   9.33  -4.32  -1.49
2024      5     11     03     27     00    000   9.35  -4.32  -1.49
2024      5     11     03     28     00    000   9.36  -4.31  -1.49
2024      5     11     03     29     00    000   9.38  -4.31  -1.49
2024      5     11     03     30     00    000   9.40  -4.31  -1.49
2024      5     11     03     31     00    000   9.41  -4.30  -1.50
2024      5     11     03     32     00    000   9.43  -4.30  -1.50
2024      5     11     03     33     00    000   9.44  -4.30  -1.50
2024      5     11     03     34     00    000   9.46  -4.30  -1.50
2024      5     11     03     35     00    000   9.48  -4.29  -1.50
2024      5     11     03     36     00    000   9.49  -4.29  -1.50
2024      5     11     03     37     00    000   9.51  -4.29  -1.50
2024      5     11     03     38     00    000   9.52  -4.28  -1.50
2024      5     11     03     39     00    000   9.54  -4.28  -1.50
2024      5     11     03     40     00    000   9.56  -4.28  -1.50
2024      5     11     03     41     00    000   9.57  -4.28  -1.50
2024      5     11     03     42     00    000   9.59  -4.27  -1.50
2024      5     11     03     43     00    000   9.60  -4.27  -1.50
2024      5     11     03     44     00    000   9.62  -4.27  -1.50
2024      5     11     03     45     00    000   9.63  -4.26  -1.50
2024      5     11     03     46     00    000   9.65  -4.26  -1.50
2024      5     11     03     47     00    000   9.66  -4.26  -1.51
2024      5     11     03     48     00    000   9.68  -4.25  -1.51
2024      5     11     03     49     00    000   9.70  -4.25  -1.51
2024      5     11     03     50     00    000   9.71  -4.25  -1.51
2024      5     11     03     51     00    000   9.73  -4.24  -1.51
2024      5     11     03     52     00    000   9.74  -4.24  -1.51
2024      5     11     03     53     00    000   9.76  -4.24  -1.51
2024      5     11     03     54     00    000   9.77  -4.24  -1.51
2024      5     11     03     55     00    000   9.79  -4.23  -1.51
2024      5     11     03     56     00    000   9.80  -4.23  -1.51
2024      5     11     03     57     00    000   9.82  -4.23  -1.51
2024      5     11     03     58     00    000   9.83  -4.22  -1.51
2024      5     11     03     59     00    000   9.85  -4.22  -1.51
2024      5     11     04     00     00    000   9.86  -4.22  -1.51
2024      5     11     04     01     00    000   9.88  -4.21  -1.51
2024      5     11     04     02     00    000   9.89  -4.21  -1.51
2024      5     11     04     03     00    000   9.91  -4.21  -1.51
2024      5     11     04     04     00    000   9.92  -4.20  -1.51
2024      5     11     04     05     00    000   9.94  -4.20  -1.52
2024      5     11     04     06     00    000   9.95  -4.20  -1.52
2024      5     11     04     07     00    000   9.97  -4.19  -1.52
2024      5     11     04     08     00    000   9.98  -4.19  -1.52
2024      5     11     04     09     00    000   9.99  -4.19  -1.52
2024      5     11     04     10     00    000  10.01  -4.18  -1.52
2024      5     11     04     11     00    000  10.02  -4.18  -1.52
2024      5     11     04     12     00    000  10.04  -4.18  -1.52
2024      5     11     04     13     00    000  10.05  -4.17  -1.52
2024      5     11     04     14     00    000  10.07  -4.17  -1.52
2024      5     11     04     15     00    000  10.08  -4.17  -1.52
2024      5     11     04     16     00    000  10.09  -4.16  -1.52
2024      5     11     04     17     00    000  10.11  -4.16  -1.52
2024      5     11     04     18     00    000  10.12  -4.15  -1.52
2024      5     11     04     19     00    000  10.14  -4.15  -1.52
2024      5     11     04     20     00    000  10.15  -4.15  -1.52
2024      5     11     04     21     00    000  10.17  -4.14  -1.52
2024      5     11     04     22     00    000  10.18  -4.14  -1.52
2024      5     11     04     23     00    000  10.19  -4.14  -1.52
2024      5     11     04     24     00    000  10.21  -4.13  -1.52
2024      5     11     04     25     00    000  10.22  -4.13  -1.52
2024      5     11     04     26     00    000  10.23  -4.13  -1.53
2024      5     11     04     27     00    000  10.25  -4.12  -1.53
2024      5     11     04     28     00    000  10.26  -4.12  -1.53
2024      5     11     04     29     00    000  10.28  -4.12  -1.53
2024      5     11     04     30     00    000  10.29  -4.11  -1.53
2024      5     11     04     31     00    000  10.30  -4.11  -1.53
2024      5     11     04     32     00    000  10.32  -4.10  -1.53
2024      5     11     04     33     00    000  10.33  -4.10  -1.53
2024      5     11     04     34     00    000  10.34  -4.10  -1.53
2024      5     11     04     35     00    000  10.36  -4.09  -1.53
2024      5     11     04     36     00    000  10.37  -4.09  -1.53
2024      5     11     04     37     00    000  10.38  -4.09  -1.53
2024      5     11     04     38     00    000  10.40  -4.08  -1.53
2024      5     11     04     39     00    000  10.41  -4.08  -1.53
2024      5     11     04     40     00    000  10.42  -4.07  -1.53
2024      5     11     04     41     00    000  10.44  -4.07  -1.53
2024      5     11     04     42     00    000  10.45  -4.07  -1.53
2024      5     11     04     43     00    000  10.46  -4.06  -1.53
2024      5     11     04     44     00    000  10.48  -4.06  -1.53
2024      5     11     04     45     00    000  10.49  -4.06  -1.53
2024      5     11     04     46     00    000  10.50  -4.05  -1.53
2024      5     11     04     47     00    000  10.52  -4.05  -1.54
2024      5     11     04     48     00    000  10.53  -4.04  -1.54
2024      5     11     04     49     00    000  10.54  -4.04  -1.54
2024      5     11     04     50     00    000  10.55  -4.04  -1.54
2024      5     11     04     51     00    000  10.57  -4.03  -1.54
2024      5     11     04     52     00    000  10.58  -4.03  -1.54
2024      5     11     04     53     00    000  10.59  -4.02  -1.54
2024      5     11     04     54     00    000  10.61  -4.02  -1.54
2024      5     11     04     55     00    000  10.62  -4.02  -1.54
2024      5     11     04     56     00    000  10.63  -4.01  -1.54
2024      5     11     04     57     00    000  10.64  -4.01  -1.54
2024      5     11     04     58     00    000  10.66  -4.00  -1.54
2024      5     11     04     59     00    000  10.67  -4.00  -1.54
2024      5     11     05     00     00    000  10.68  -4.00  -1.54
2024      5     11     05     01     00    000  10.69  -3.99  -1.54
2024      5     11     05     02     00    000  10.71  -3.99  -1.54
2024      5     11     05     03     00    000  10.72  -3.98  -1.54
2024      5     11     05     04     00    000  10.73  -3.98  -1.54
2024      5     11     05     05     00    000  10.74  -3.98  -1.54
2024      5     11     05     06     00    000  10.75  -3.97  -1.54
2024      5     11     05     07     00    000  10.77  -3.97  -1.54
2024      5     11     05     08     00    000  10.78  -3.96  -1.55
2024      5     11     05     09     00    000  10.79  -3.96  -1.55
2024      5     11     05     10     00    000  10.80  -3.96  -1.55
2024      5     11     05     11     00    000  10.82  -3.95  -1.55
2024      5     11     05     12     00    000  10.83  -3.95  -1.55
2024      5     11     05     13     00    000  10.84  -3.94  -1.55
2024      5     11     05     14     00    000  10.85  -3.94  -1.55
2024      5     11     05     15     00    000  10.86  -3.93  -1.55
2024      5     11     05     16     00    000  10.88  -3.93  -1.55
2024      5     11     05     17     00    000  10.89  -3.93  -1.55
2024      5     11     05     18     00    000  10.90  -3.92  -1.55
2024      5     11     05     19     00    000  10.91  -3.92  -1.55
2024      5     11     05     20     00    000  10.92  -3.91  -1.55
2024      5     11     05     21     00    000  10.93  -3.91  -1.55
2024      5     11     05     22     00    000  10.95  -3.90  -1.55
2024      5     11     05     23     00    000  10.96  -3.90  -1.55
2024      5     11     05     24     00    000  10.97  -3.90  -1.55
2024      5     11     05     25     00    000  10.98  -3.89  -1.55
2024      5     11     05     26     00    000  10.99  -3.89  -1.55
2024      5     11     05     27     00    000  11.00  -3.88  -1.56
2024      5     11     05     28     00    000  11.01  -3.88  -1.56
2024      5     11     05     29     00    000  11.03  -3.87  -1.56
2024      5     11     05     30     00    000  11.04  -3.87  -1.56
2024      5     11     05     31     00    000  11.05  -3.87  -1.56
2024      5     11     05     32     00    000  11.06  -3.86  -1.56
2024      5     11     05     33     00    000  11.07  -3.86  -1.56
2024      5     11     05     34     00    000  11.08  -3.85  -1.56
2024      5     11     05     35     00    000  11.09  -3.85  -1.56
2024      5     11     05     36     00    000  11.10  -3.84  -1.56
2024      5     11     05     37     00    000  11.12  -3.84  -1.56
2024      5     11     05     38     00    000  11.13  -3.83  -1.56
2024      5     11     05     39     00    000  11.14  -3.83  -1.56
2024      5     11     05     40     00    000  11.15  -3.83  -1.56
2024      5     11     05     41     00    000  11.16  -3.82  -1.56
2024      5     11     05     42     00    000  11.17  -3.82  -1.56
2024      5     11     05     43     00    000  11.18  -3.81  -1.56
2024      5     11     05     44     00    000  11.19  -3.81  -1.57
2024      5     11     05     45     00    000  11.20  -3.80  -1.57
2024      5     11     05     46     00    000  11.21  -3.80  -1.57
2024      5     11     05     47     00    000  11.22  -3.79  -1.57
2024      5     11     05     48     00    000  11.24  -3.79  -1.57
2024      5     11     05     49     00    000  11.25  -3.79  -1.57
2024      5     11     05     50     00    000  11.26  -3.78  -1.57
2024      5     11     05     51     00    000  11.27  -3.78  -1.57
2024      5     11     05     52     00    000  11.28  -3.77  -1.57
2024      5     11     05     53     00    000  11.29  -3.77  -1.57
2024      5     11     05     54     00    000  11.30  -3.76  -1.57
2024      5     11     05     55     00    000  11.31  -3.76  -1.57
2024      5     11     05     56     00    000  11.32  -3.75  -1.57
2024      5     11     05     57     00    000  11.33  -3.75  -1.57
2024      5     11     05     58     00    000  11.34  -3.74  -1.57
2024      5     11     05     59     00    000  11.35  -3.74  -1.58
2024      5     11     06     00     00    000  11.36  -3.73  -1.58
2024      5     11     06     01     00    000  11.37  -3.73  -1.58
2024      5     11     06     02     00    000  11.38  -3.72  -1.58
2024      5     11     06     03     00    000  11.39  -3.72  -1.58
2024      5     11     06     04     00    000  11.40  -3.72  -1.58
2024      5     11     06     05     00    000  11.41  -3.71  -1.58
2024      5     11     06     06     00    000  11.42  -3.71  -1.58
2024      5     11     06     07     00    000  11.43  -3.70  -1.58
2024      5     11     06     08     00    000  11.44  -3.70  -1.58
2024      5     11     06     09     00    000  11.45  -3.69  -1.58
2024      5     11     06     10     00    000  11.46  -3.69  -1.58
2024      5     11     06     11     00    000  11.47  -3.68  -1.58
2024      5     11     06     12     00    000  11.48  -3.68  -1.59
2024      5     11     06     13     00    000  11.49  -3.67  -1.59
2024      5     11     06     14     00    000  11.50  -3.67  -1.59
2024      5     11     06     15     00    000  11.51  -3.66  -1.59
2024      5     11     06     16     00    000  11.52  -3.66  -1.59
2024      5     11     06     17     00    000  11.53  -3.65  -1.59
2024      5     11     06     18     00    000  11.54  -3.65  -1.59
2024      5     11     06     19     00    000  11.55  -3.64  -1.59
2024      5     11     06     20     00    000  11.56  -3.64  -1.59
2024      5     11     06     21     00    000  11.57  -3.63  -1.59
2024      5     11     06     22     00    000  11.58  -3.63  -1.59
2024      5     11     06     23     00    000  11.59  -3.62  -1.59
2024      5     11     06     24     00    000  11.60  -3.62  -1.59
2024      5     11     06     25     00    000  11.60  -3.61  -1.60
2024      5     11     06     26     00    000  11.61  -3.61  -1.60
2024      5     11     06     27     00    000  11.62  -3.60  -1.60
2024      5     11     06     28     00    000  11.63  -3.60  -1.60
2024      5     11     06     29     00    000  11.64  -3.59  -1.60
2024      5     11     06     30     00    000  11.65  -3.59  -1.60
2024      5     11     06     31     00    000  11.66  -3.58  -1.60
2024      5     11     06     32     00    000  11.67  -3.58  -1.60
2024      5     11     06     33     00    000  11.68  -3.57  -1.60
2024      5     11     06     34     00    000  11.69  -3.57  -1.60
2024      5     11     06     35     00    000  11.70  -3.56  -1.60
2024      5     11     06     36     00    000  11.71  -3.56  -1.61
2024      5     11     06     37     00    000  11.71  -3.55  -1.61
2024      5     11     06     38     00    000  11.72  -3.55  -1.61
2024      5     11     06     39     00    000  11.73  -3.54  -1.61
2024      5     11     06     40     00    000  11.74  -3.54  -1.61
2024      5     11     06     41     00    000  11.75  -3.53  -1.61
2024      5     11     06     42     00    000  11.76  -3.53  -1.61
2024      5     11     06     43     00    000  11.77  -3.52  -1.61
2024      5     11     06     44     00    000  11.78  -3.52  -1.61
2024      5     11     06     45     00    000  11.79  -3.51  -1.61
2024      5     11     06     46     00    000  11.79  -3.51  -1.62
2024      5     11     06     47     00    000  11.80  -3.50  -1.62
2024      5     11     06     48     00    000  11.81  -3.50  -1.62
2024      5     11     06     49     00    000  11.82  -3.49  -1.62
2024      5     11     06     50     00    000  11.83  -3.49  -1.62
2024      5     11     06     51     00    000  11.84  -3.48  -1.62
2024      5     11     06     52     00    000  11.84  -3.48  -1.62
2024      5     11     06     53     00    000  11.85  -3.47  -1.62
2024      5     11     06     54     00    000  11.86  -3.47  -1.62
2024      5     11     06     55     00    000  11.87  -3.46  -1.63
2024      5     11     06     56     00    000  11.88  -3.46  -1.63
2024      5     11     06     57     00    000  11.89  -3.45  -1.63
2024      5     11     06     58     00    000  11.89  -3.45  -1.63
2024      5     11     06     59     00    000  11.90  -3.44  -1.63
2024      5     11     07     00     00    000  11.91  -3.44  -1.63
2024      5     11     07     01     00    000  11.92  -3.43  -1.63
2024      5     11     07     02     00    000  11.93  -3.42  -1.63
2024      5     11     07     03     00    000  11.94  -3.42  -1.63
2024      5     11     07     04     00    000  11.94  -3.41  -1.64
2024      5     11     07     05     00    000  11.95  -3.41  -1.64
2024      5     11     07     06     00    000  11.96  -3.40  -1.64
2024      5     11     07     07     00    000  11.97  -3.40  -1.64
2024      5     11     07     08     00    000  11.98  -3.39  -1.64
2024      5     11     07     09     00    000  11.98  -3.39  -1.64
2024      5     11     07     10     00    000  11.99  -3.38  -1.64
2024      5     11     07     11     00    000  12.00  -3.38  -1.64
2024      5     11     07     12     00    000  12.01  -3.37  -1.64
2024      5     11     07     13     00    000  12.01  -3.37  -1.65
2024      5     11     07     14     00    000  12.02  -3.36  -1.65
2024      5     11     07     15     00    000  12.03  -3.36  -1.65
2024      5     11     07     16     00    000  12.04  -3.35  -1.65
2024      5     11     07     17     00    000  12.04  -3.34  -1.65
2024      5     11     07     18     00    000  12.05  -3.34  -1.65
2024      5     11     07     19     00    000  12.06  -3.33  -1.65
2024      5     11     07     20     00    000  12.07  -3.33  -1.65
2024      5     11     07     21     00    000  12.07  -3.32  -1.66
2024      5     11     07     22     00    000  12.08  -3.32  -1.66
2024      5     11     07     23     00    000  12.09  -3.31  -1.66
2024      5     11     07     24     00    000  12.10  -3.31  -1.66
2024      5     11     07     25     00    000  12.10  -3.30  -1.66
2024      5     11     07     26     00    000  12.11  -3.30  -1.66
2024      5     11     07     27     00    000  12.12  -3.29  -1.66
2024      5     11     07     28     00    000  12.13  -3.28  -1.67
2024      5     11     07     29     00    000  12.13  -3.28  -1.67
2024      5     11     07     30     00    000  12.14  -3.27  -1.67
2024      5     11     07     31     00    000  12.15  -3.27  -1.67
2024      5     11     07     32     00    000  12.16  -3.26  -1.67
2024      5     11     07     33     00    000  12.16  -3.26  -1.67
2024      5     11     07     34     00    000  12.17  -3.25  -1.67
2024      5     11     07     35     00    000  12.18  -3.25  -1.68
2024      5     11     07     36     00    000  12.18  -3.24  -1.68
2024      5     11     07     37     00    000  12.19  -3.23  -1.68
2024      5     11     07     38     00    000  12.20  -3.23  -1.68
2024      5     11     07     39     00    000  12.20  -3.22  -1.68
2024      5     11     07     40     00    000  12.21  -3.22  -1.68
2024      5     11     07     41     00    000  12.22  -3.21  -1.68
2024      5     11     07     42     00    000  12.22  -3.21  -1.69
2024      5     11     07     43     00    000  12.23  -3.20  -1.69
2024      5     11     07     44     00    000  12.24  -3.19  -1.69
2024      5     11     07     45     00    000  12.24  -3.19  -1.69
2024      5     11     07     46     00    000  12.25  -3.18  -1.69
2024      5     11     07     47     00    000  12.26  -3.18  -1.69
2024      5     11     07     48     00    000  12.26  -3.17  -1.69
2024      5     11     07     49     00    000  12.27  -3.17  -1.70
2024      5     11     07     50     00    000  12.28  -3.16  -1.70
2024      5     11     07     51     00    000  12.28  -3.15  -1.70
2024      5     11     07     52     00    000  12.29  -3.15  -1.70
2024      5     11     07     53     00    000  12.30  -3.14  -1.70
2024      5     11     07     54     00    000  12.30  -3.14  -1.70
2024      5     11     07     55     00    000  12.31  -3.13  -1.71
2024      5     11     07     56     00    000  12.32  -3.13  -1.71
2024      5     11     07     57     00    000  12.32  -3.12  -1.71
2024      5     11     07     58     00    000  12.33  -3.11  -1.71
2024      5     11     07     59     00    000  12.33  -3.11  -1.71
2024      5     11     08     00     00    000  12.34  -3.10  -1.71
2024      5     11     08     01     00    000  12.35  -3.10  -1.71
2024      5     11     08     02     00    000  12.35  -3.09  -1.72
2024      5     11     08     03     00    000  12.36  -3.09  -1.72
2024      5     11     08     04     00    000  12.37  -3.08  -1.72
2024      5     11     08     05     00    000  12.37  -3.07  -1.72
2024      5     11     08     06     00    000  12.38  -3.07  -1.72
2024      5     11     08     07     00    000  12.38  -3.06  -1.72
2024      5     11     08     08     00    000  12.39  -3.06  -1.73
2024      5     11     08     09     00    000  12.40  -3.05  -1.73
2024      5     11     08     10     00    000  12.40  -3.04  -1.73
2024      5     11     08     11     00    000  12.41  -3.04  -1.73
2024      5     11     08     12     00    000  12.41  -3.03  -1.73
2024      5     11     08     13     00    000  12.42  -3.03  -1.74
2024      5     11     08     14     00    000  12.42  -3.02  -1.74
2024      5     11     08     15     00    000  12.43  -3.01  -1.74
2024      5     11     08     16     00    000  12.44  -3.01  -1.74
2024      5     11     08     17     00    000  12.44  -3.00  -1.74
2024      5     11     08     18     00    000  12.45  -3.00  -1.74
2024      5     11     08     19     00    000  12.45  -2.99  -1.75
2024      5     11     08     20     00    000  12.46  -2.98  -1.75
2024      5     11     08     21     00    000  12.46  -2.98  -1.75
2024      5     11     08     22     00    000  12.47  -2.97  -1.75
2024      5     11     08     23     00    000  12.47  -2.97  -1.75
2024      5     11     08     24     00    000  12.48  -2.96  -1.75
2024      5     11     08     25     00    000  12.49  -2.95  -1.76
2024      5     11     08     26     00    000  12.49  -2.95  -1.76
2024      5     11     08     27     00    000  12.50  -2.94  -1.76
2024      5     11     08     28     00    000  12.50  -2.94  -1.76
2024      5     11     08     29     00    000  12.51  -2.93  -1.76
2024      5     11     08     30     00    000  12.51  -2.92  -1.77
2024      5     11     08     31     00    000  12.52  -2.92  -1.77
2024      5     11     08     32     00    000  12.52  -2.91  -1.77
2024      5     11     08     33     00    000  12.53  -2.91  -1.77
2024      5     11     08     34     00    000  12.53  -2.90  -1.77
2024      5     11     08     35     00    000  12.54  -2.89  -1.78
2024      5     11     08     36     00    000  12.54  -2.89  -1.78
2024      5     11     08     37     00    000  12.55  -2.88  -1.78
2024      5     11     08     38     00    000  12.55  -2.87  -1.78
2024      5     11     08     39     00    000  12.56  -2.87  -1.78
2024      5     11     08     40     00    000  12.56  -2.86  -1.79
2024      5     11     08     41     00    000  12.57  -2.86  -1.79
2024      5     11     08     42     00    000  12.57  -2.85  -1.79
2024      5     11     08     43     00    000  12.58  -2.84  -1.79
2024      5     11     08     44     00    000  12.58  -2.84  -1.79
2024      5     11     08     45     00    000  12.59  -2.83  -1.80
2024      5     11     08     46     00    000  12.59  -2.83  -1.80
2024      5     11     08     47     00    000  12.60  -2.82  -1.80
2024      5     11     08     48     00    000  12.60  -2.81  -1.80
2024      5     11     08     49     00    000  12.61  -2.81  -1.80
2024      5     11     08     50     00    000  12.61  -2.80  -1.81
2024      5     11     08     51     00    000  12.62  -2.79  -1.81
2024      5     11     08     52     00    000  12.62  -2.79  -1.81
2024      5     11     08     53     00    000  12.62  -2.78  -1.81
2024      5     11     08     54     00    000  12.63  -2.77  -1.81
2024      5     11     08     55     00    000  12.63  -2.77  -1.82
2024      5     11     08     56     00    000  12.64  -2.76  -1.82
2024      5     11     08     57     00    000  12.64  -2.76  -1.82
2024      5     11     08     58     00    000  12.65  -2.75  -1.82
2024      5     11     08     59     00    000  12.65  -2.74  -1.82
2024      5     11     09     00     00    000  12.65  -2.74  -1.83
2024      5     11     09     01     00    000  12.66  -2.73  -1.83
2024      5     11     09     02     00    000  12.66  -2.72  -1.83
2024      5     11     09     03     00    000  12.67  -2.72  -1.83
2024      5     11     09     04     00    000  12.67  -2.71  -1.83
2024      5     11     09     05     00    000  12.68  -2.70  -1.84
2024      5     11     09     06     00    000  12.68  -2.70  -1.84
2024      5     11     09     07     00    000  12.68  -2.69  -1.84
2024      5     11     09     08     00    000  12.69  -2.69  -1.84
2024      5     11     09     09     00    000  12.69  -2.68  -1.85
2024      5     11     09     10     00    000  12.70  -2.67  -1.85
2024      5     11     09     11     00    000  12.70  -2.67  -1.85
2024      5     11     09     12     00    000  12.70  -2.66  -1.85
2024      5     11     09     13     00    000  12.71  -2.65  -1.85
2024      5     11     09     14     00    000  12.71  -2.65  -1.86
2024      5     11     09     15     00    000  12.72  -2.64  -1.86
2024      5     11     09     16     00    000  12.72  -2.63  -1.86
2024      5     11     09     17     00    000  12.72  -2.63  -1.86
2024      5     11     09     18     00    000  12.73  -2.62  -1.87
2024      5     11     09     19     00    000  12.73  -2.61  -1.87
2024      5     11     09     20     00    000  12.73  -2.61  -1.87
2024      5     11     09     21     00    000  12.74  -2.60  -1.87
2024      5     11     09     22     00    000  12.74  -2.59  -1.87
2024      5     11     09     23     00    000  12.75  -2.59  -1.88
2024      5     11     09     24     00    000  12.75  -2.58  -1.88
2024      5     11     09     25     00    000  12.75  -2.57  -1.88
2024      5     11     09     26     00    000  12.76  -2.57  -1.88
2024      5     11     09     27     00    000  12.76  -2.56  -1.89
2024      5     11     09     28     00    000  12.76  -2.55  -1.89
2024      5     11     09     29     00    000  12.77  -2.55  -1.89
2024      5     11     09     30     00    000  12.77  -2.54  -1.89
2024      5     11     09     31     00    000  12.77  -2.53  -1.90
2024      5     11     09     32     00    000  12.78  -2.53  -1.90
2024      5     11     09     33     00    000  12.78  -2.52  -1.90
2024      5     11     09     34     00    000  12.78  -2.51  -1.90
2024      5     11     09     35     00    000  12.79  -2.51  -1.91
2024      5     11     09     36     00    000  12.79  -2.50  -1.91
2024      5     11     09     37     00    000  12.79  -2.49  -1.91
2024      5     11     09     38     00    000  12.80  -2.49  -1.91
2024      5     11     09     39     00    000  12.80  -2.48  -1.91
2024      5     11     09     40     00    000  12.80  -2.47  -1.92
2024      5     11     09     41     00    000  12.80  -2.47  -1.92
2024      5     11     09     42     00    000  12.81  -2.46  -1.92
2024      5     11     09     43     00    000  12.81  -2.45  -1.92
2024      5     11     09     44     00    000  12.81  -2.45  -1.93
2024      5     11     09     45     00    000  12.82  -2.44  -1.93
2024      5     11     09     46     00    000  12.82  -2.43  -1.93
2024      5     11     09     47     00    000  12.82  -2.43  -1.93
2024      5     11     09     48     00    000  12.83  -2.42  -1.94
2024      5     11     09     49     00    000  12.83  -2.41  -1.94
2024      5     11     09     50     00    000  12.83  -2.41  -1.94
2024      5     11     09     51     00    000  12.83  -2.40  -1.94
2024      5     11     09     52     00    000  12.84  -2.39  -1.95
2024      5     11     09     53     00    000  12.84  -2.38  -1.95
2024      5     11     09     54     00    000  12.84  -2.38  -1.95
2024      5     11     09     55     00    000  12.84  -2.37  -1.95
2024      5     11     09     56     00    000  12.85  -2.36  -1.96
2024      5     11     09     57     00    000  12.85  -2.36  -1.96
2024      5     11     09     58     00    000  12.85  -2.35  -1.96
2024      5     11     09     59     00    000  12.85  -2.34  -1.96
2024      5     11     10     00     00    000  12.86  -2.34  -1.97
2024      5     11     10     01     00    000  12.86  -2.33  -1.97
2024      5     11     10     02     00    000  12.86  -2.32  -1.97
2024      5     11     10     03     00    000  12.86  -2.31  -1.97
2024      5     11     10     04     00    000  12.87  -2.31  -1.98
2024      5     11     10     05     00    000  12.87  -2.30  -1.98
2024      5     11     10     06     00    000  12.87  -2.29  -1.98
2024      5     11     10     07     00    000  12.87  -2.29  -1.98
2024      5     11     10     08     00    000  12.88  -2.28  -1.99
2024      5     11     10     09     00    000  12.88  -2.27  -1.99
2024      5     11     10     10     00    000  12.88  -2.27  -1.99
2024      5     11     10     11     00    000  12.88  -2.26  -1.99
2024      5     11     10     12     00    000  12.88  -2.25  -2.00
2024      5     11     10     13     00    000  12.89  -2.24  -2.00
2024      5     11     10     14     00    000  12.89  -2.24  -2.00
2024      5     11     10     15     00    000  12.89  -2.23  -2.00
2024      5     11     10     16     00    000  12.89  -2.22  -2.01
2024      5     11     10     17     00    000  12.89  -2.22  -2.01
2024      5     11     10     18     00    000  12.90  -2.21  -2.01
2024      5     11     10     19     00    000  12.90  -2.20  -2.02
2024      5     11     10     20     00    000  12.90  -2.19  -2.02
2024      5     11     10     21     00    000  12.90  -2.19  -2.02
2024      5     11     10     22     00    000  12.90  -2.18  -2.02
2024      5     11     10     23     00    000  12.90  -2.17  -2.03
2024      5     11     10     24     00    000  12.91  -2.17  -2.03
2024      5     11     10     25     00    000  12.91  -2.16  -2.03
2024      5     11     10     26     00    000  12.91  -2.15  -2.03
2024      5     11     10     27     00    000  12.91  -2.14  -2.04
2024      5     11     10     28     00    000  12.91  -2.14  -2.04
2024      5     11     10     29     00    000  12.91  -2.13  -2.04
2024      5     11     10     30     00    000  12.92  -2.12  -2.04
2024      5     11     10     31     00    000  12.92  -2.11  -2.05
2024      5     11     10     32     00    000  12.92  -2.11  -2.05
2024      5     11     10     33     00    000  12.92  -2.10  -2.05
2024      5     11     10     34     00    000  12.92  -2.09  -2.05
2024      5     11     10     35     00    000  12.92  -2.08  -2.06
2024      5     11     10     36     00    000  12.92  -2.08  -2.06
2024      5     11     10     37     00    000  12.93  -2.07  -2.06
2024      5     11     10     38     00    000  12.93  -2.06  -2.07
2024      5     11     10     39     00    000  12.93  -2.06  -2.07
2024      5     11     10     40     00    000  12.93  -2.05  -2.07
2024      5     11     10     41     00    000  12.93  -2.04  -2.07
2024      5     11     10     42     00    000  12.93  -2.03  -2.08
2024      5     11     10     43     00    000  12.93  -2.03  -2.08
2024      5     11     10     44     00    000  12.93  -2.02  -2.08
2024      5     11     10     45     00    000  12.94  -2.01  -2.08
2024      5     11     10     46     00    000  12.94  -2.00  -2.09
2024      5     11     10     47     00    000  12.94  -2.00  -2.09
2024      5     11     10     48     00    000  12.94  -1.99  -2.09
2024      5     11     10     49     00    000  12.94  -1.98  -2.09
2024      5     11     10     50     00    000  12.94  -1.97  -2.10
2024      5     11     10     51     00    000  12.94  -1.97  -2.10
2024      5     11     10     52     00    000  12.94  -1.96  -2.10
2024      5     11     10     53     00    000  12.94  -1.95  -2.11
2024      5     11     10     54     00    000  12.94  -1.94  -2.11
2024      5     11     10     55     00    000  12.94  -1.94  -2.11
2024      5     11     10     56     00    000  12.95  -1.93  -2.11
2024      5     11     10     57     00    000  12.95  -1.92  -2.12
2024      5     11     10     58     00    000  12.95  -1.91  -2.12
2024      5     11     10     59     00    000  12.95  -1.91  -2.12
2024      5     11     11     00     00    000  12.95  -1.90  -2.12
2024      5     11     11     01     00    000  12.95  -1.89  -2.13
2024      5     11     11     02     00    000  12.95  -1.88  -2.13
2024      5     11     11     03     00    000  12.95  -1.87  -2.13
2024      5     11     11     04     00    000  12.95  -1.87  -2.14
2024      5     11     11     05     00    000  12.95  -1.86  -2.14
2024      5     11     11     06     00    000  12.95  -1.85  -2.14
2024      5     11     11     07     00    000  12.95  -1.84  -2.14
2024      5     11     11     08     00    000  12.95  -1.84  -2.15
2024      5     11     11     09     00    000  12.95  -1.83  -2.15
2024      5     11     11     10     00    000  12.95  -1.82  -2.15
2024      5     11     11     11     00    000  12.95  -1.81  -2.15
2024      5     11     11     12     00    000  12.95  -1.80  -2.16
2024      5     11     11     13     00    000  12.95  -1.80  -2.16
2024      5     11     11     14     00    000  12.95  -1.79  -2.16
2024      5     11     11     15     00    000  12.95  -1.78  -2.16
2024      5     11     11     16     00    000  12.95  -1.77  -2.17
2024      5     11     11     17     00    000  12.95  -1.77  -2.17
2024      5     11     11     18     00    000  12.95  -1.76  -2.17
2024      5     11     11     19     00    000  12.95  -1.75  -2.18
2024      5     11     11     20     00    000  12.95  -1.74  -2.18
2024      5     11     11     21     00    000  12.95  -1.73  -2.18
2024      5     11     11     22     00    000  12.95  -1.73  -2.18
2024      5     11     11     23     00    000  12.95  -1.72  -2.19
2024      5     11     11     24     00    000  12.95  -1.71  -2.19
2024      5     11     11     25     00    000  12.95  -1.70  -2.19
2024      5     11     11     26     00    000  12.95  -1.69  -2.19
2024      5     11     11     27     00    000  12.95  -1.69  -2.20
2024      5     11     11     28     00    000  12.95  -1.68  -2.20
2024      5     11     11     29     00    000  12.95  -1.67  -2.20
2024      5     11     11     30     00    000  12.95  -1.66  -2.21
2024      5     11     11     31     00    000  12.95  -1.66  -2.21
2024      5     11     11     32     00    000  12.95  -1.65  -2.21
2024      5     11     11     33     00    000  12.95  -1.64  -2.21
2024      5     11     11     34     00    000  12.95  -1.63  -2.22
2024      5     11     11     35     00    000  12.95  -1.62  -2.22
2024      5     11     11     36     00    000  12.95  -1.61  -2.22
2024      5     11     11     37     00    000  12.95  -1.61  -2.22
2024      5     11     11     38     00    000  12.95  -1.60  -2.23
2024      5     11     11     39     00    000  12.95  -1.59  -2.23
2024      5     11     11     40     00    000  12.95  -1.58  -2.23
2024      5     11     11     41     00    000  12.95  -1.57  -2.24
2024      5     11     11     42     00    000  12.95  -1.57  -2.24
2024      5     11     11     43     00    000  12.95  -1.56  -2.24
2024      5     11     11     44     00    000  12.95  -1.55  -2.24
2024      5     11     11     45     00    000  12.94  -1.54  -2.25
2024      5     11     11     46     00    000  12.94  -1.53  -2.25
2024      5     11     11     47     00    000  12.94  -1.53  -2.25
2024      5     11     11     48     00    000  12.94  -1.52  -2.25
2024      5     11     11     49     00    000  12.94  -1.51  -2.26
2024      5     11     11     50     00    000  12.94  -1.50  -2.26
2024      5     11     11     51     00    000  12.94  -1.49  -2.26
2024      5     11     11     52     00    000  12.94  -1.48  -2.26
2024      5     11     11     53     00    000  12.94  -1.48  -2.27
2024      5     11     11     54     00    000  12.94  -1.47  -2.27
2024      5     11     11     55     00    000  12.94  -1.46  -2.27
2024      5     11     11     56     00    000  12.93  -1.45  -2.28
2024      5     11     11     57     00    000  12.93  -1.44  -2.28
2024      5     11     11     58     00    000  12.93  -1.43  -2.28
2024      5     11     11     59     00    000  12.93  -1.43  -2.28
2024      5     11     12     00     00    000  12.93  -1.42  -2.29
2024      5     11     12     01     00    000  12.93  -1.41  -2.29
2024      5     11     12     02     00    000  12.93  -1.40  -2.29
2024      5     11     12     03     00    000  12.93  -1.39  -2.29
2024      5     11     12     04     00    000  12.92  -1.38  -2.30
2024      5     11     12     05     00    000  12.92  -1.38  -2.30
2024      5     11     12     06     00    000  12.92  -1.37  -2.30
2024      5     11     12     07     00    000  12.92  -1.36  -2.30
2024      5     11     12     08     00    000  12.92  -1.35  -2.31
2024      5     11     12     09     00    000  12.92  -1.34  -2.31
2024      5     11     12     10     00    000  12.92  -1.33  -2.31
2024      5     11     12     11     00    000  12.91  -1.33  -2.31
2024      5     11     12     12     00    000  12.91  -1.32  -2.32
2024      5     11     12     13     00    000  12.91  -1.31  -2.32
2024      5     11     12     14     00    000  12.91  -1.30  -2.32
2024      5     11     12     15     00    000  12.91  -1.29  -2.32
2024      5     11     12     16     00    000  12.91  -1.28  -2.33
2024      5     11     12     17     00    000  12.90  -1.27  -2.33
2024      5     11     12     18     00    000  12.90  -1.27  -2.33
2024      5     11     12     19     00    000  12.90  -1.26  -2.33
2024      5     11     12     20     00    000  12.90  -1.25  -2.34
2024      5     11     12     21     00    000  12.90  -1.24  -2.34
2024      5     11     12     22     00    000  12.89  -1.23  -2.34
2024      5     11     12     23     00    000  12.89  -1.22  -2.34
2024      5     11     12     24     00    000  12.89  -1.21  -2.35
2024      5     11     12     25     00    000  12.89  -1.21  -2.35
2024      5     11     12     26     00    000  12.89  -1.20  -2.35
2024      5     11     12     27     00    000  12.88  -1.19  -2.35
2024      5     11     12     28     00    000  12.88  -1.18  -2.36
2024      5     11     12     29     00    000  12.88  -1.17  -2.36
2024      5     11     12     30     00    000  12.88  -1.16  -2.36
2024      5     11     12     31     00    000  12.88  -1.15  -2.36
2024      5     11     12     32     00    000  12.87  -1.15  -2.37
2024      5     11     12     33     00    000  12.87  -1.14  -2.37
2024      5     11     12     34     00    000  12.87  -1.13  -2.37
2024      5     11     12     35     00    000  12.87  -1.12  -2.37
2024      5     11     12     36     00    000  12.86  -1.11  -2.38
2024      5     11     12     37     00    000  12.86  -1.10  -2.38
2024      5     11     12     38     00    000  12.86  -1.09  -2.38
2024      5     11     12     39     00    000  12.86  -1.08  -2.38
2024      5     11     12     40     00    000  12.86  -1.08  -2.39
2024      5     11     12     41     00    000  12.85  -1.07  -2.39
2024      5     11     12     42     00    000  12.85  -1.06  -2.39
2024      5     11     12     43     00    000  12.85  -1.05  -2.39
2024      5     11     12     44     00    000  12.85  -1.04  -2.40
2024      5     11     12     45     00    000  12.84  -1.03  -2.40
2024      5     11     12     46     00    000  12.84  -1.02  -2.40
2024      5     11     12     47     00    000  12.84  -1.01  -2.40
2024      5     11     12     48     00    000  12.83  -1.00  -2.41
2024      5     11     12     49     00    000  12.83  -1.00  -2.41
2024      5     11     12     50     00    000  12.83  -0.99  -2.41
2024      5     11     12     51     00    000  12.83  -0.98  -2.41
2024      5     11     12     52     00    000  12.82  -0.97  -2.41
2024      5     11     12     53     00    000  12.82  -0.96  -2.42
2024      5     11     12     54     00    000  12.82  -0.95  -2.42
2024      5     11     12     55     00    000  12.81  -0.94  -2.42
2024      5     11     12     56     00    000  12.81  -0.93  -2.42
2024      5     11     12     57     00    000  12.81  -0.92  -2.43
2024      5     11     12     58     00    000  12.81  -0.91  -2.43
2024      5     11     12     59     00    000  12.80  -0.91  -2.43
2024      5     11     13     00     00    000  12.80  -0.90  -2.43
2024      5     11     13     01     00    000  12.80  -0.89  -2.43
2024      5     11     13     02     00    000  12.79  -0.88  -2.44
2024      5     11     13     03     00    000  12.79  -0.87  -2.44
2024      5     11     13     04     00    000  12.79  -0.86  -2.44
2024      5     11     13     05     00    000  12.78  -0.85  -2.44
2024      5     11     13     06     00    000  12.78  -0.84  -2.45
2024      5     11     13     07     00    000  12.78  -0.83  -2.45
2024      5     11     13     08     00    000  12.77  -0.82  -2.45
2024      5     11     13     09     00    000  12.77  -0.81  -2.45
2024      5     11     13     10     00    000  12.77  -0.81  -2.45
2024      5     11     13     11     00    000  12.76  -0.80  -2.46
2024      5     11     13     12     00    000  12.76  -0.79  -2.46
2024      5     11     13     13     00    000  12.76  -0.78  -2.46
2024      5     11     13     14     00    000  12.75  -0.77  -2.46
2024      5     11     13     15     00    000  12.75  -0.76  -2.46
2024      5     11     13     16     00    000  12.75  -0.75  -2.47
2024      5     11     13     17     00    000  12.74  -0.74  -2.47
2024      5     11     13     18     00    000  12.74  -0.73  -2.47
2024      5     11     13     19     00    000  12.73  -0.72  -2.47
2024      5     11     13     20     00    000  12.73  -0.71  -2.47
2024      5     11     13     21     00    000  12.73  -0.70  -2.48
2024      5     11     13     22     00    000  12.72  -0.69  -2.48
2024      5     11     13     23     00    000  12.72  -0.69  -2.48
2024      5     11     13     24     00    000  12.72  -0.68  -2.48
2024      5     11     13     25     00    000  12.71  -0.67  -2.48
2024      5     11     13     26     00    000  12.71  -0.66  -2.49
2024      5     11     13     27     00    000  12.70  -0.65  -2.49
2024      5     11     13     28     00    000  12.70  -0.64  -2.49
2024      5     11     13     29     00    000  12.70  -0.63  -2.49
2024      5     11     13     30     00    000  12.69  -0.62  -2.49
2024      5     11     13     31     00    000  12.69  -0.61  -2.50
2024      5     11     13     32     00    000  12.68  -0.60  -2.50
2024      5     11     13     33     00    000  12.68  -0.59  -2.50
2024      5     11     13     34     00    000  12.68  -0.58  -2.50
2024      5     11     13     35     00    000  12.67  -0.57  -2.50
2024      5     11     13     36     00    000  12.67  -0.56  -2.50
2024      5     11     13     37     00    000  12.66  -0.55  -2.51
2024      5     11     13     38     00    000  12.66  -0.54  -2.51
2024      5     11     13     39     00    000  12.65  -0.54  -2.51
2024      5     11     13     40     00    000  12.65  -0.53  -2.51
2024      5     11     13     41     00    000  12.65  -0.52  -2.51
2024      5     11     13     42     00    000  12.64  -0.51  -2.52
2024      5     11     13     43     00    000  12.64  -0.50  -2.52
2024      5     11     13     44     00    000  12.63  -0.49  -2.52
2024      5     11     13     45     00    000  12.63  -0.48  -2.52
2024      5     11     13     46     00    000  12.62  -0.47  -2.52
2024      5     11     13     47     00    000  12.62  -0.46  -2.52
2024      5     11     13     48     00    000  12.61  -0.45  -2.53
2024      5     11     13     49     00    000  12.61  -0.44  -2.53
2024      5     11     13     50     00    000  12.60  -0.43  -2.53
2024      5     11     13     51     00    000  12.60  -0.42  -2.53
2024      5     11     13     52     00    000  12.59  -0.41  -2.53
2024      5     11     13     53     00    000  12.59  -0.40  -2.53
2024      5     11     13     54     00    000  12.59  -0.39  -2.53
2024      5     11     13     55     00    000  12.58  -0.38  -2.54
2024      5     11     13     56     00    000  12.58  -0.37  -2.54
2024      5     11     13     57     00    000  12.57  -0.36  -2.54
2024      5     11     13     58     00    000  12.57  -0.35  -2.54
2024      5     11     13     59     00    000  12.56  -0.34  -2.54
2024      5     11     14     00     00    000  12.56  -0.33  -2.54
2024      5     11     14     01     00    000  12.55  -0.32  -2.55
2024      5     11     14     02     00    000  12.55  -0.31  -2.55
2024      5     11     14     03     00    000  12.54  -0.31  -2.55
2024      5     11     14     04     00    000  12.54  -0.30  -2.55
2024      5     11     14     05     00    000  12.53  -0.29  -2.55
2024      5     11     14     06     00    000  12.52  -0.28  -2.55
2024      5     11     14     07     00    000  12.52  -0.27  -2.55
2024      5     11     14     08     00    000  12.51  -0.26  -2.55
2024      5     11     14     09     00    000  12.51  -0.25  -2.56
2024      5     11     14     10     00    000  12.50  -0.24  -2.56
2024      5     11     14     11     00    000  12.50  -0.23  -2.56
2024      5     11     14     12     00    000  12.49  -0.22  -2.56
2024      5     11     14     13     00    000  12.49  -0.21  -2.56
2024      5     11     14     14     00    000  12.48  -0.20  -2.56
2024      5     11     14     15     00    000  12.48  -0.19  -2.56
2024      5     11     14     16     00    000  12.47  -0.18  -2.56
2024      5     11     14     17     00    000  12.47  -0.17  -2.57
2024      5     11     14     18     00    000  12.46  -0.16  -2.57
2024      5     11     14     19     00    000  12.45  -0.15  -2.57
2024      5     11     14     20     00    000  12.45  -0.14  -2.57
2024      5     11     14     21     00    000  12.44  -0.13  -2.57
2024      5     11     14     22     00    000  12.44  -0.12  -2.57
2024      5     11     14     23     00    000  12.43  -0.11  -2.57
2024      5     11     14     24     00    000  12.43  -0.10  -2.57
2024      5     11     14     25     00    000  12.42  -0.09  -2.57
2024      5     11     14     26     00    000  12.41  -0.08  -2.58
2024      5     11     14     27     00    000  12.41  -0.07  -2.58
2024      5     11     14     28     00    000  12.40  -0.06  -2.58
2024      5     11     14     29     00    000  12.40  -0.05  -2.58
2024      5     11     14     30     00    000  12.39  -0.04  -2.58
2024      5     11     14     31     00    000  12.38  -0.03  -2.58
2024      5     11     14     32     00    000  12.38  -0.02  -2.58
2024      5     11     14     33     00    000  12.37  -0.01  -2.58
2024      5     11     14     34     00    000  12.37  -0.00  -2.58
2024      5     11     14     35     00    000  12.36   0.01  -2.58
2024      5     11     14     36     00    000  12.35   0.02  -2.58
2024      5     11     14     37     00    000  12.35   0.03  -2.59
2024      5     11     14     38     00    000  12.34   0.04  -2.59
2024      5     11     14     39     00    000  12.33   0.05  -2.59
2024      5     11     14     40     00    000  12.33   0.06  -2.59
2024      5     11     14     41     00    000  12.32   0.07  -2.59
2024      5     11     14     42     00    000  12.31   0.08  -2.59
2024      5     11     14     43     00    000  12.31   0.09  -2.59
2024      5     11     14     44     00    000  12.30   0.10  -2.59
2024      5     11     14     45     00    000  12.30   0.11  -2.59
2024      5     11     14     46     00    000  12.29   0.12  -2.59
2024      5     11     14     47     00    000  12.28   0.13  -2.59
2024      5     11     14     48     00    000  12.28   0.14  -2.59
2024      5     11     14     49     00    000  12.27   0.15  -2.59
2024      5     11     14     50     00    000  12.26   0.16  -2.59
2024      5     11     14     51     00    000  12.26   0.17  -2.59
2024      5     11     14     52     00    000  12.25   0.18  -2.59
2024      5     11     14     53     00    000  12.24   0.19  -2.60
2024      5     11     14     54     00    000  12.24   0.20  -2.60
2024      5     11     14     55     00    000  12.23   0.21  -2.60
2024      5     11     14     56     00    000  12.22   0.22  -2.60
2024      5     11     14     57     00    000  12.21   0.23  -2.60
2024      5     11     14     58     00    000  12.21   0.24  -2.60
2024      5     11     14     59     00    000  12.20   0.25  -2.60
2024      5     11     15     00     00    000  12.19   0.26  -2.60
2024      5     11     15     01     00    000  12.19   0.27  -2.60
2024      5     11     15     02     00    000  12.18   0.28  -2.60
2024      5     11     15     03     00    000  12.17   0.29  -2.60
2024      5     11     15     04     00    000  12.17   0.30  -2.60
2024      5     11     15     05     00    000  12.16   0.31  -2.60
2024      5     11     15     06     00    000  12.15   0.32  -2.60
2024      5     11     15     07     00    000  12.14   0.33  -2.60
2024      5     11     15     08     00    000  12.14   0.34  -2.60
2024      5     11     15     09     00    000  12.13   0.35  -2.60
2024      5     11     15     10     00    000  12.12   0.36  -2.60
2024      5     11     15     11     00    000  12.11   0.37  -2.60
2024      5     11     15     12     00    000  12.11   0.38  -2.60
2024      5     11     15     13     00    000  12.10   0.39  -2.60
2024      5     11     15     14     00    000  12.09   0.40  -2.60
2024      5     11     15     15     00    000  12.08   0.41  -2.60
2024      5     11     15     16     00    000  12.08   0.42  -2.60
2024      5     11     15     17     00    000  12.07   0.43  -2.60
2024      5     11     15     18     00    000  12.06   0.44  -2.60
2024      5     11     15     19     00    000  12.05   0.45  -2.60
2024      5     11     15     20     00    000  12.05   0.46  -2.60
2024      5     11     15     21     00    000  12.04   0.47  -2.60
2024      5     11     15     22     00    000  12.03   0.48  -2.60
2024      5     11     15     23     00    000  12.02   0.49  -2.60
2024      5     11     15     24     00    000  12.01   0.50  -2.60
2024      5     11     15     25     00    000  12.01   0.51  -2.60
2024      5     11     15     26     00    000  12.00   0.52  -2.60
2024      5     11     15     27     00    000  11.99   0.53  -2.60
2024      5     11     15     28     00    000  11.98   0.54  -2.60
2024      5     11     15     29     00    000  11.97   0.56  -2.60
2024      5     11     15     30     00    000  11.97   0.57  -2.60
2024      5     11     15     31     00    000  11.96   0.58  -2.60
2024      5     11     15     32     00    000  11.95   0.59  -2.60
2024      5     11     15     33     00    000  11.94   0.60  -2.60
2024      5     11     15     34     00    000  11.93   0.61  -2.60
2024      5     11     15     35     00    000  11.93   0.62  -2.60
2024      5     11     15     36     00    000  11.92   0.63  -2.60
2024      5     11     15     37     00    000  11.91   0.64  -2.60
2024      5     11     15     38     00    000  11.90   0.65  -2.60
2024      5     11     15     39     00    000  11.89   0.66  -2.59
2024      5     11     15     40     00    000  11.88   0.67  -2.59
2024      5     11     15     41     00    000  11.87   0.68  -2.59
2024      5     11     15     42     00    000  11.87   0.69  -2.59
2024      5     11     15     43     00    000  11.86   0.70  -2.59
2024      5     11     15     44     00    000  11.85   0.71  -2.59
2024      5     11     15     45     00    000  11.84   0.72  -2.59
2024      5     11     15     46     00    000  11.83   0.73  -2.59
2024      5     11     15     47     00    000  11.82   0.74  -2.59
2024      5     11     15     48     00    000  11.81   0.75  -2.59
2024      5     11     15     49     00    000  11.81   0.76  -2.59
2024      5     11     15     50     00    000  11.80   0.77  -2.59
2024      5     11     15     51     00    000  11.79   0.78  -2.59
2024      5     11     15     52     00    000  11.78   0.79  -2.59
2024      5     11     15     53     00    000  11.77   0.80  -2.59
2024      5     11     15     54     00    000  11.76   0.81  -2.58
2024      5     11     15     55     00    000  11.75   0.82  -2.58
2024      5     11     15     56     00    000  11.74   0.83  -2.58
2024      5     11     15     57     00    000  11.73   0.84  -2.58
2024      5     11     15     58     00    000  11.73   0.85  -2.58
2024      5     11     15     59     00    000  11.72   0.86  -2.58
2024      5     11     16     00     00    000  11.71   0.87  -2.58
2024      5     11     16     01     00    000  11.70   0.88  -2.58
2024      5     11     16     02     00    000  11.69   0.89  -2.58
2024      5     11     16     03     00    000  11.68   0.90  -2.58
2024      5     11     16     04     00    000  11.67   0.91  -2.57
2024      5     11     16     05     00    000  11.66   0.92  -2.57
2024      5     11     16     06     00    000  11.65   0.93  -2.57
2024      5     11     16     07     00    000  11.64   0.94  -2.57
2024      5     11     16     08     00    000  11.63   0.95  -2.57
2024      5     11     16     09     00    000  11.62   0.96  -2.57
2024      5     11     16     10     00    000  11.61   0.97  -2.57
2024      5     11     16     11     00    000  11.60   0.98  -2.57
2024      5     11     16     12     00    000  11.59   0.99  -2.56
2024      5     11     16     13     00    000  11.58   1.00  -2.56
2024      5     11     16     14     00    000  11.57   1.02  -2.56
2024      5     11     16     15     00    000  11.56   1.03  -2.56
2024      5     11     16     16     00    000  11.55   1.04  -2.56
2024      5     11     16     17     00    000  11.54   1.05  -2.56
2024      5     11     16     18     00    000  11.54   1.06  -2.56
2024      5     11     16     19     00    000  11.53   1.07  -2.56
2024      5     11     16     20     00    000  11.52   1.08  -2.55
2024      5     11     16     21     00    000  11.51   1.09  -2.55
2024      5     11     16     22     00    000  11.50   1.10  -2.55
2024      5     11     16     23     00    000  11.49   1.11  -2.55
2024      5     11     16     24     00    000  11.48   1.12  -2.55
2024      5     11     16     25     00    000  11.47   1.13  -2.55
2024      5     11     16     26     00    000  11.45   1.14  -2.54
2024      5     11     16     27     00    000  11.44   1.15  -2.54
2024      5     11     16     28     00    000  11.43   1.16  -2.54
2024      5     11     16     29     00    000  11.42   1.17  -2.54
2024      5     11     16     30     00    000  11.41   1.18  -2.54
2024      5     11     16     31     00    000  11.40   1.19  -2.54
2024      5     11     16     32     00    000  11.39   1.20  -2.53
2024      5     11     16     33     00    000  11.38   1.21  -2.53
2024      5     11     16     34     00    000  11.37   1.22  -2.53
2024      5     11     16     35     00    000  11.36   1.23  -2.53
2024      5     11     16     36     00    000  11.35   1.24  -2.53
2024      5     11     16     37     00    000  11.34   1.25  -2.53
2024      5     11     16     38     00    000  11.33   1.26  -2.52
2024      5     11     16     39     00    000  11.32   1.27  -2.52
2024      5     11     16     40     00    000  11.31   1.28  -2.52
2024      5     11     16     41     00    000  11.30   1.29  -2.52
2024      5     11     16     42     00    000  11.29   1.30  -2.52
2024      5     11     16     43     00    000  11.28   1.31  -2.51
2024      5     11     16     44     00    000  11.27   1.32  -2.51
2024      5     11     16     45     00    000  11.25   1.33  -2.51
2024      5     11     16     46     00    000  11.24   1.34  -2.51
2024      5     11     16     47     00    000  11.23   1.35  -2.51
2024      5     11     16     48     00    000  11.22   1.36  -2.50
2024      5     11     16     49     00    000  11.21   1.37  -2.50
2024      5     11     16     50     00    000  11.20   1.38  -2.50
2024      5     11     16     51     00    000  11.19   1.39  -2.50
2024      5     11     16     52     00    000  11.18   1.40  -2.49
2024      5     11     16     53     00    000  11.17   1.41  -2.49
2024      5     11     16     54     00    000  11.15   1.42  -2.49
2024      5     11     16     55     00    000  11.14   1.43  -2.49
2024      5     11     16     56     00    000  11.13   1.44  -2.49
2024      5     11     16     57     00    000  11.12   1.45  -2.48
2024      5     11     16     58     00    000  11.11   1.46  -2.48
2024      5     11     16     59     00    000  11.10   1.47  -2.48
2024      5     11     17     00     00    000  11.09   1.48  -2.48
2024      5     11     17     01     00    000  11.07   1.49  -2.47
2024      5     11     17     02     00    000  11.06   1.50  -2.47
2024      5     11     17     03     00    000  11.05   1.51  -2.47
2024      5     11     17     04     00    000  11.04   1.52  -2.47
2024      5     11     17     05     00    000  11.03   1.53  -2.46
2024      5     11     17     06     00    000  11.02   1.54  -2.46
2024      5     11     17     07     00    000  11.00   1.55  -2.46
2024      5     11     17     08     00    000  10.99   1.56  -2.46
2024      5     11     17     09     00    000  10.98   1.57  -2.45
2024      5     11     17     10     00    000  10.97   1.58  -2.45
2024      5     11     17     11     00    000  10.96   1.59  -2.45
2024      5     11     17     12     00    000  10.94   1.60  -2.44
2024      5     11     17     13     00    000  10.93   1.61  -2.44
2024      5     11     17     14     00    000  10.92   1.62  -2.44
2024      5     11     17     15     00    000  10.91   1.63  -2.44
2024      5     11     17     16     00    000  10.90   1.64  -2.43
2024      5     11     17     17     00    000  10.88   1.65  -2.43
2024      5     11     17     18     00    000  10.87   1.66  -2.43
2024      5     11     17     19     00    000  10.86   1.67  -2.43
2024      5     11     17     20     00    000  10.85   1.68  -2.42
2024      5     11     17     21     00    000  10.84   1.69  -2.42
2024      5     11     17     22     00    000  10.82   1.69  -2.42
2024      5     11     17     23     00    000  10.81   1.70  -2.41
2024      5     11     17     24     00    000  10.80   1.71  -2.41
2024      5     11     17     25     00    000  10.79   1.72  -2.41
2024      5     11     17     26     00    000  10.77   1.73  -2.41
2024      5     11     17     27     00    000  10.76   1.74  -2.40
2024      5     11     17     28     00    000  10.75   1.75  -2.40
2024      5     11     17     29     00    000  10.73   1.76  -2.40
2024      5     11     17     30     00    000  10.72   1.77  -2.39
2024      5     11     17     31     00    000  10.71   1.78  -2.39
2024      5     11     17     32     00    000  10.70   1.79  -2.39
2024      5     11     17     33     00    000  10.68   1.80  -2.38
2024      5     11     17     34     00    000  10.67   1.81  -2.38
2024      5     11     17     35     00    000  10.66   1.82  -2.38
2024      5     11     17     36     00    000  10.64   1.83  -2.37
2024      5     11     17     37     00    000  10.63   1.84  -2.37
2024      5     11     17     38     00    000  10.62   1.85  -2.37
2024      5     11     17     39     00    000  10.61   1.86  -2.36
2024      5     11     17     40     00    000  10.59   1.87  -2.36
2024      5     11     17     41     00    000  10.58   1.88  -2.36
2024      5     11     17     42     00    000  10.57   1.89  -2.35
2024      5     11     17     43     00    000  10.55   1.90  -2.35
2024      5     11     17     44     00    000  10.54   1.91  -2.35
2024      5     11     17     45     00    000  10.53   1.91  -2.34
2024      5     11     17     46     00    000  10.51   1.92  -2.34
2024      5     11     17     47     00    000  10.50   1.93  -2.34
2024      5     11     17     48     00    000  10.48   1.94  -2.33
2024      5     11     17     49     00    000  10.47   1.95  -2.33
2024      5     11     17     50     00    000  10.46   1.96  -2.33
2024      5     11     17     51     00    000  10.44   1.97  -2.32
2024      5     11     17     52     00    000  10.43   1.98  -2.32
2024      5     11     17     53     00    000  10.42   1.99  -2.32
2024      5     11     17     54     00    000  10.40   2.00  -2.31
2024      5     11     17     55     00    000  10.39   2.01  -2.31
2024      5     11     17     56     00    000  10.37   2.02  -2.31
2024      5     11     17     57     00    000  10.36   2.03  -2.30
2024      5     11     17     58     00    000  10.35   2.04  -2.30
2024      5     11     17     59     00    000  10.33   2.04  -2.29
2024      5     11     18     00     00    000  10.32   2.05  -2.29
2024      5     11     18     01     00    000  10.30   2.06  -2.29
2024      5     11     18     02     00    000  10.29   2.07  -2.28
2024      5     11     18     03     00    000  10.28   2.08  -2.28
2024      5     11     18     04     00    000  10.26   2.09  -2.28
2024      5     11     18     05     00    000  10.25   2.10  -2.27
2024      5     11     18     06     00    000  10.23   2.11  -2.27
2024      5     11     18     07     00    000  10.22   2.12  -2.26
2024      5     11     18     08     00    000  10.20   2.13  -2.26
2024      5     11     18     09     00    000  10.19   2.14  -2.26
2024      5     11     18     10     00    000  10.18   2.14  -2.25
2024      5     11     18     11     00    000  10.16   2.15  -2.25
2024      5     11     18     12     00    000  10.15   2.16  -2.24
2024      5     11     18     13     00    000  10.13   2.17  -2.24
2024      5     11     18     14     00    000  10.12   2.18  -2.24
2024      5     11     18     15     00    000  10.10   2.19  -2.23
2024      5     11     18     16     00    000  10.09   2.20  -2.23
2024      5     11     18     17     00    000  10.07   2.21  -2.22
2024      5     11     18     18     00    000  10.06   2.22  -2.22
2024      5     11     18     19     00    000  10.04   2.23  -2.22
2024      5     11     18     20     00    000  10.03   2.23  -2.21
2024      5     11     18     21     00    000  10.01   2.24  -2.21
2024      5     11     18     22     00    000  10.00   2.25  -2.20
2024      5     11     18     23     00    000   9.98   2.26  -2.20
2024      5     11     18     24     00    000   9.97   2.27  -2.20
2024      5     11     18     25     00    000   9.95   2.28  -2.19
2024      5     11     18     26     00    000   9.94   2.29  -2.19
2024      5     11     18     27     00    000   9.92   2.30  -2.18
2024      5     11     18     28     00    000   9.91   2.30  -2.18
2024      5     11     18     29     00    000   9.89   2.31  -2.17
2024      5     11     18     30     00    000   9.87   2.32  -2.17
2024      5     11     18     31     00    000   9.86   2.33  -2.17
2024      5     11     18     32     00    000   9.84   2.34  -2.16
2024      5     11     18     33     00    000   9.83   2.35  -2.16
2024      5     11     18     34     00    000   9.81   2.36  -2.15
2024      5     11     18     35     00    000   9.80   2.36  -2.15
2024      5     11     18     36     00    000   9.78   2.37  -2.14
2024      5     11     18     37     00    000   9.77   2.38  -2.14
2024      5     11     18     38     00    000   9.75   2.39  -2.14
2024      5     11     18     39     00    000   9.73   2.40  -2.13
2024      5     11     18     40     00    000   9.72   2.41  -2.13
2024      5     11     18     41     00    000   9.70   2.42  -2.12
2024      5     11     18     42     00    000   9.69   2.42  -2.12
2024      5     11     18     43     00    000   9.67   2.43  -2.11
2024      5     11     18     44     00    000   9.65   2.44  -2.11
2024      5     11     18     45     00    000   9.64   2.45  -2.10
2024      5     11     18     46     00    000   9.62   2.46  -2.10
2024      5     11     18     47     00    000   9.60   2.47  -2.09
2024      5     11     18     48     00    000   9.59   2.47  -2.09
2024      5     11     18     49     00    000   9.57   2.48  -2.09
2024      5     11     18     50     00    000   9.55   2.49  -2.08
2024      5     11     18     51     00    000   9.54   2.50  -2.08
2024      5     11     18     52     00    000   9.52   2.51  -2.07
2024      5     11     18     53     00    000   9.51   2.51  -2.07
2024      5     11     18     54     00    000   9.49   2.52  -2.06
2024      5     11     18     55     00    000   9.47   2.53  -2.06
2024      5     11     18     56     00    000   9.45   2.54  -2.05
2024      5     11     18     57     00    000   9.44   2.55  -2.05
2024      5     11     18     58     00    000   9.42   2.55  -2.04
2024      5     11     18     59     00    000   9.40   2.56  -2.04
2024      5     11     19     00     00    000   9.39   2.57  -2.03
2024      5     11     19     01     00    000   9.37   2.58  -2.03
2024      5     11     19     02     00    000   9.35   2.59  -2.02
2024      5     11     19     03     00    000   9.34   2.59  -2.02
2024      5     11     19     04     00    000   9.32   2.60  -2.01
2024      5     11     19     05     00    000   9.30   2.61  -2.01
2024      5     11     19     06     00    000   9.28   2.62  -2.00
2024      5     11     19     07     00    000   9.27   2.63  -2.00
2024      5     11     19     08     00    000   9.25   2.63  -1.99
2024      5     11     19     09     00    000   9.23   2.64  -1.99
2024      5     11     19     10     00    000   9.21   2.65  -1.98
2024      5     11     19     11     00    000   9.20   2.66  -1.98
2024      5     11     19     12     00    000   9.18   2.66  -1.98
2024      5     11     19     13     00    000   9.16   2.67  -1.97
2024      5     11     19     14     00    000   9.14   2.68  -1.97
2024      5     11     19     15     00    000   9.13   2.69  -1.96
2024      5     11     19     16     00    000   9.11   2.70  -1.96
2024      5     11     19     17     00    000   9.09   2.70  -1.95
2024      5     11     19     18     00    000   9.07   2.71  -1.94
2024      5     11     19     19     00    000   9.05   2.72  -1.94
2024      5     11     19     20     00    000   9.04   2.73  -1.93
2024      5     11     19     21     00    000   9.02   2.73  -1.93
2024      5     11     19     22     00    000   9.00   2.74  -1.92
2024      5     11     19     23     00    000   8.98   2.75  -1.92
2024      5     11     19     24     00    000   8.96   2.75  -1.91
2024      5     11     19     25     00    000   8.94   2.76  -1.91
2024      5     11     19     26     00    000   8.93   2.77  -1.90
2024      5     11     19     27     00    000   8.91   2.78  -1.90
2024      5     11     19     28     00    000   8.89   2.78  -1.89
2024      5     11     19     29     00    000   8.87   2.79  -1.89
2024      5     11     19     30     00    000   8.85   2.80  -1.88
2024      5     11     19     31     00    000   8.83   2.81  -1.88
2024      5     11     19     32     00    000   8.81   2.81  -1.87
2024      5     11     19     33     00    000   8.80   2.82  -1.87
2024      5     11     19     34     00    000   8.78   2.83  -1.86
2024      5     11     19     35     00    000   8.76   2.83  -1.86
2024      5     11     19     36     00    000   8.74   2.84  -1.85
2024      5     11     19     37     00    000   8.72   2.85  -1.85
2024      5     11     19     38     00    000   8.70   2.86  -1.84
2024      5     11     19     39     00    000   8.68   2.86  -1.84
2024      5     11     19     40     00    000   8.66   2.87  -1.83
2024      5     11     19     41     00    000   8.64   2.88  -1.83
2024      5     11     19     42     00    000   8.62   2.88  -1.82
2024      5     11     19     43     00    000   8.60   2.89  -1.81
2024      5     11     19     44     00    000   8.58   2.90  -1.81
2024      5     11     19     45     00    000   8.57   2.90  -1.80
2024      5     11     19     46     00    000   8.55   2.91  -1.80
2024      5     11     19     47     00    000   8.53   2.92  -1.79
2024      5     11     19     48     00    000   8.51   2.92  -1.79
2024      5     11     19     49     00    000   8.49   2.93  -1.78
2024      5     11     19     50     00    000   8.47   2.94  -1.78
2024      5     11     19     51     00    000   8.45   2.94  -1.77
2024      5     11     19     52     00    000   8.43   2.95  -1.77
2024      5     11     19     53     00    000   8.41   2.96  -1.76
2024      5     11     19     54     00    000   8.39   2.96  -1.75
2024      5     11     19     55     00    000   8.37   2.97  -1.75
2024      5     11     19     56     00    000   8.35   2.98  -1.74
2024      5     11     19     57     00    000   8.33   2.98  -1.74
2024      5     11     19     58     00    000   8.31   2.99  -1.73
2024      5     11     19     59     00    000   8.29   3.00  -1.73
2024      5     11     20     00     00    000   8.26   3.00  -1.72
2024      5     11     20     01     00    000   8.24   3.01  -1.72
2024      5     11     20     02     00    000   8.22   3.01  -1.71
2024      5     11     20     03     00    000   8.20   3.02  -1.71
2024      5     11     20     04     00    000   8.18   3.03  -1.70
2024      5     11     20     05     00    000   8.16   3.03  -1.69
2024      5     11     20     06     00    000   8.14   3.04  -1.69
2024      5     11     20     07     00    000   8.12   3.05  -1.68
2024      5     11     20     08     00    000   8.10   3.05  -1.68
2024      5     11     20     09     00    000   8.08   3.06  -1.67
2024      5     11     20     10     00    000   8.06   3.06  -1.67
2024      5     11     20     11     00    000   8.04   3.07  -1.66
2024      5     11     20     12     00    000   8.01   3.07  -1.65
2024      5     11     20     13     00    000   7.99   3.08  -1.65
2024      5     11     20     14     00    000   7.97   3.09  -1.64
2024      5     11     20     15     00    000   7.95   3.09  -1.64
2024      5     11     20     16     00    000   7.93   3.10  -1.63
2024      5     11     20     17     00    000   7.91   3.10  -1.63
2024      5     11     20     18     00    000   7.89   3.11  -1.62
2024      5     11     20     19     00    000   7.86   3.12  -1.61
2024      5     11     20     20     00    000   7.84   3.12  -1.61
2024      5     11     20     21     00    000   7.82   3.13  -1.60
2024      5     11     20     22     00    000   7.80   3.13  -1.60
2024      5     11     20     23     00    000   7.78   3.14  -1.59
2024      5     11     20     24     00    000   7.75   3.14  -1.59
2024      5     11     20     25     00    000   7.73   3.15  -1.58
2024      5     11     20     26     00    000   7.71   3.15  -1.57
2024      5     11     20     27     00    000   7.69   3.16  -1.57
2024      5     11     20     28     00    000   7.67   3.16  -1.56
2024      5     11     20     29     00    000   7.64   3.17  -1.56
2024      5     11     20     30     00    000   7.62   3.18  -1.55
2024      5     11     20     31     00    000   7.60   3.18  -1.54
2024      5     11     20     32     00    000   7.58   3.19  -1.54
2024      5     11     20     33     00    000   7.55   3.19  -1.53
2024      5     11     20     34     00    000   7.53   3.20  -1.53
2024      5     11     20     35     00    000   7.51   3.20  -1.52
2024      5     11     20     36     00    000   7.48   3.21  -1.52
2024      5     11     20     37     00    000   7.46   3.21  -1.51
2024      5     11     20     38     00    000   7.44   3.22  -1.50
2024      5     11     20     39     00    000   7.42   3.22  -1.50
2024      5     11     20     40     00    000   7.39   3.23  -1.49
2024      5     11     20     41     00    000   7.37   3.23  -1.49
2024      5     11     20     42     00    000   7.35   3.24  -1.48
2024      5     11     20     43     00    000   7.32   3.24  -1.47
2024      5     11     20     44     00    000   7.30   3.25  -1.47
2024      5     11     20     45     00    000   7.28   3.25  -1.46
2024      5     11     20     46     00    000   7.25   3.25  -1.46
2024      5     11     20     47     00    000   7.23   3.26  -1.45
2024      5     11     20     48     00    000   7.20   3.26  -1.44
2024      5     11     20     49     00    000   7.18   3.27  -1.44
2024      5     11     20     50     00    000   7.16   3.27  -1.43
2024      5     11     20     51     00    000   7.13   3.28  -1.43
2024      5     11     20     52     00    000   7.11   3.28  -1.42
2024      5     11     20     53     00    000   7.08   3.29  -1.41
2024      5     11     20     54     00    000   7.06   3.29  -1.41
2024      5     11     20     55     00    000   7.04   3.29  -1.40
2024      5     11     20     56     00    000   7.01   3.30  -1.40
2024      5     11     20     57     00    000   6.99   3.30  -1.39
2024      5     11     20     58     00    000   6.96   3.31  -1.38
2024      5     11     20     59     00    000   6.94   3.31  -1.38
2024      5     11     21     00     00    000   6.91   3.31  -1.37
2024      5     11     21     01     00    000   6.89   3.32  -1.37
2024      5     11     21     02     00    000   6.86   3.32  -1.36
2024      5     11     21     03     00    000   6.84   3.33  -1.35
2024      5     11     21     04     00    000   6.81   3.33  -1.35
2024      5     11     21     05     00    000   6.79   3.33  -1.34
2024      5     11     21     06     00    000   6.76   3.34  -1.33
2024      5     11     21     07     00    000   6.74   3.34  -1.33
2024      5     11     21     08     00    000   6.71   3.35  -1.32
2024      5     11     21     09     00    000   6.69   3.35  -1.32
2024      5     11     21     10     00    000   6.66   3.35  -1.31
2024      5     11     21     11     00    000   6.64   3.36  -1.30
2024      5     11     21     12     00    000   6.61   3.36  -1.30
2024      5     11     21     13     00    000   6.58   3.36  -1.29
2024      5     11     21     14     00    000   6.56   3.37  -1.29
2024      5     11     21     15     00    000   6.53   3.37  -1.28
2024      5     11     21     16     00    000   6.51   3.37  -1.27
2024      5     11     21     17     00    000   6.48   3.38  -1.27
2024      5     11     21     18     00    000   6.45   3.38  -1.26
2024      5     11     21     19     00    000   6.43   3.38  -1.25
2024      5     11     21     20     00    000   6.40   3.39  -1.25
2024      5     11     21     21     00    000   6.37   3.39  -1.24
2024      5     11     21     22     00    000   6.35   3.39  -1.24
2024      5     11     21     23     00    000   6.32   3.39  -1.23
2024      5     11     21     24     00    000   6.29   3.40  -1.22
2024      5     11     21     25     00    000   6.27   3.40  -1.22
2024      5     11     21     26     00    000   6.24   3.40  -1.21
2024      5     11     21     27     00    000   6.21   3.40  -1.20
2024      5     11     21     28     00    000   6.19   3.41  -1.20
2024      5     11     21     29     00    000   6.16   3.41  -1.19
2024      5     11     21     30     00    000   6.13   3.41  -1.18
2024      5     11     21     31     00    000   6.10   3.42  -1.18
2024      5     11     21     32     00    000   6.08   3.42  -1.17
2024      5     11     21     33     00    000   6.05   3.42  -1.17
2024      5     11     21     34     00    000   6.02   3.42  -1.16
2024      5     11     21     35     00    000   5.99   3.42  -1.15
2024      5     11     21     36     00    000   5.97   3.43  -1.15
2024      5     11     21     37     00    000   5.94   3.43  -1.14
2024      5     11     21     38     00    000   5.91   3.43  -1.13
2024      5     11     21     39     00    000   5.88   3.43  -1.13
2024      5     11     21     40     00    000   5.85   3.43  -1.12
2024      5     11     21     41     00    000   5.82   3.44  -1.11
2024      5     11     21     42     00    000   5.80   3.44  -1.11
2024      5     11     21     43     00    000   5.77   3.44  -1.10
2024      5     11     21     44     00    000   5.74   3.44  -1.10
2024      5     11     21     45     00    000   5.71   3.44  -1.09
2024      5     11     21     46     00    000   5.68   3.44  -1.08
2024      5     11     21     47     00    000   5.65   3.45  -1.08
2024      5     11     21     48     00    000   5.62   3.45  -1.07
2024      5     11     21     49     00    000   5.59   3.45  -1.06
2024      5     11     21     50     00    000   5.56   3.45  -1.06
2024      5     11     21     51     00    000   5.53   3.45  -1.05
2024      5     11     21     52     00    000   5.51   3.45  -1.04
2024      5     11     21     53     00    000   5.48   3.45  -1.04
2024      5     11     21     54     00    000   5.45   3.45  -1.03
2024      5     11     21     55     00    000   5.42   3.45  -1.02
2024      5     11     21     56     00    000   5.39   3.46  -1.02
2024      5     11     21     57     00    000   5.36   3.46  -1.01
2024      5     11     21     58     00    000   5.33   3.46  -1.00
2024      5     11     21     59     00    000   5.30   3.46  -1.00
2024      5     11     22     00     00    000   5.27   3.46  -0.99
2024      5     11     22     01     00    000   5.23   3.46  -0.98
2024      5     11     22     02     00    000   5.20   3.46  -0.98
2024      5     11     22     03     00    000   5.17   3.46  -0.97
2024      5     11     22     04     00    000   5.14   3.46  -0.96
2024      5     11     22     05     00    000   5.11   3.46  -0.96
2024      5     11     22     06     00    000   5.08   3.46  -0.95
2024      5     11     22     07     00    000   5.05   3.46  -0.94
2024      5     11     22     08     00    000   5.02   3.46  -0.94
2024      5     11     22     09     00    000   4.99   3.46  -0.93
2024      5     11     22     10     00    000   4.95   3.46  -0.92
2024      5     11     22     11     00    000   4.92   3.46  -0.92
2024      5     11     22     12     00    000   4.89   3.46  -0.91
2024      5     11     22     13     00    000   4.86   3.46  -0.90
2024      5     11     22     14     00    000   4.83   3.46  -0.90
2024      5     11     22     15     00    000   4.80   3.45  -0.89
2024      5     11     22     16     00    000   4.76   3.45  -0.88
2024      5     11     22     17     00    000   4.73   3.45  -0.88
2024      5     11     22     18     00    000   4.70   3.45  -0.87
2024      5     11     22     19     00    000   4.67   3.45  -0.86
2024      5     11     22     20     00    000   4.63   3.45  -0.86
2024      5     11     22     21     00    000   4.60   3.45  -0.85
2024      5     11     22     22     00    000   4.57   3.45  -0.84
2024      5     11     22     23     00    000   4.53   3.44  -0.84
2024      5     11     22     24     00    000   4.50   3.44  -0.83
2024      5     11     22     25     00    000   4.47   3.44  -0.82
2024      5     11     22     26     00    000   4.43   3.44  -0.81
2024      5     11     22     27     00    000   4.40   3.44  -0.81
2024      5     11     22     28     00    000   4.37   3.44  -0.80
2024      5     11     22     29     00    000   4.33   3.43  -0.79
2024      5     11     22     30     00    000   4.30   3.43  -0.79
2024      5     11     22     31     00    000   4.26   3.43  -0.78
2024      5     11     22     32     00    000   4.23   3.43  -0.77
2024      5     11     22     33     00    000   4.19   3.42  -0.77
2024      5     11     22     34     00    000   4.16   3.42  -0.76
2024      5     11     22     35     00    000   4.12   3.42  -0.75
2024      5     11     22     36     00    000   4.09   3.41  -0.75
2024      5     11     22     37     00    000   4.05   3.41  -0.74
2024      5     11     22     38     00    000   4.02   3.41  -0.73
2024      5     11     22     39     00    000   3.98   3.40  -0.72
2024      5     11     22     40     00    000   3.95   3.40  -0.72
2024      5     11     22     41     00    000   3.91   3.40  -0.71
2024      5     11     22     42     00    000   3.88   3.39  -0.70
2024      5     11     22     43     00    000   3.84   3.39  -0.70
2024      5     11     22     44     00    000   3.80   3.39  -0.69
2024      5     11     22     45     00    000   3.77   3.38  -0.68
2024      5     11     22     46     00    000   3.73   3.38  -0.67
2024      5     11     22     47     00    000   3.69   3.37  -0.67
2024      5     11     22     48     00    000   3.66   3.37  -0.66
2024      5     11     22     49     00    000   3.62   3.36  -0.65
2024      5     11     22     50     00    000   3.58   3.36  -0.64
2024      5     11     22     51     00    000   3.55   3.35  -0.64
2024      5     11     22     52     00    000   3.51   3.35  -0.63
2024      5     11     22     53     00    000   3.47   3.34  -0.62
2024      5     11     22     54     00    000   3.43   3.34  -0.62
2024      5     11     22     55     00    000   3.40   3.33  -0.61
2024      5     11     22     56     00    000   3.36   3.33  -0.60
2024      5     11     22     57     00    000   3.32   3.32  -0.59
2024      5     11     22     58     00    000   3.28   3.31  -0.59
2024      5     11     22     59     00    000   3.24   3.31  -0.58
2024      5     11     23     00     00    000   3.20   3.30  -0.57
2024      5     11     23     01     00    000   3.16   3.29  -0.56
2024      5     11     23     02     00    000   3.13   3.29  -0.56
2024      5     11     23     03     00    000   3.09   3.28  -0.55
2024      5     11     23     04     00    000   3.05   3.27  -0.54
2024      5     11     23     05     00    000   3.01   3.27  -0.53
2024      5     11     23     06     00    000   2.97   3.26  -0.52
2024      5     11     23     07     00    000   2.93   3.25  -0.52
2024      5     11     23     08     00    000   2.89   3.24  -0.51
2024      5     11     23     09     00    000   2.85   3.23  -0.50
2024      5     11     23     10     00    000   2.81   3.22  -0.49
2024      5     11     23     11     00    000   2.76   3.22  -0.49
2024      5     11     23     12     00    000   2.72   3.21  -0.48
2024      5     11     23     13     00    000   2.68   3.20  -0.47
2024      5     11     23     14     00    000   2.64   3.19  -0.46
2024      5     11     23     15     00    000   2.60   3.18  -0.45
2024      5     11     23     16     00    000   2.56   3.17  -0.45
2024      5     11     23     17     00    000   2.52   3.16  -0.44
2024      5     11     23     18     00    000   2.47   3.15  -0.43
2024      5     11     23     19     00    000   2.43   3.14  -0.42
2024      5     11     23     20     00    000   2.39   3.13  -0.41
2024      5     11     23     21     00    000   2.34   3.11  -0.41
2024      5     11     23     22     00    000   2.30   3.10  -0.40
2024      5     11     23     23     00    000   2.26   3.09  -0.39
2024      5     11     23     24     00    000   2.21   3.08  -0.38
2024      5     11     23     25     00    000   2.17   3.07  -0.37
2024      5     11     23     26     00    000   2.13   3.05  -0.37
2024      5     11     23     27     00    000   2.08   3.04  -0.36
2024      5     11     23     28     00    000   2.04   3.03  -0.35
2024      5     11     23     29     00    000   1.99   3.01  -0.34
2024      5     11     23     30     00    000   1.95   3.00  -0.33
2024      5     11     23     31     00    000   1.90   2.98  -0.32
2024      5     11     23     32     00    000   1.86   2.97  -0.32
2024      5     11     23     33     00    000   1.81   2.95  -0.31
2024      5     11     23     34     00    000   1.77   2.94  -0.30
2024      5     11     23     35     00    000   1.72   2.92  -0.29
2024      5     11     23     36     00    000   1.67   2.91  -0.28
2024      5     11     23     37     00    000   1.63   2.89  -0.27
2024      5     11     23     38     00    000   1.58   2.87  -0.26
2024      5     11     23     39     00    000   1.53   2.85  -0.26
2024      5     11     23     40     00    000   1.49   2.84  -0.25
2024      5     11     23     41     00    000   1.44   2.82  -0.24
2024      5     11     23     42     00    000   1.39   2.80  -0.23
2024      5     11     23     43     00    000   1.34   2.78  -0.22
2024      5     11     23     44     00    000   1.29   2.76  -0.21
2024      5     11     23     45     00    000   1.25   2.74  -0.20
2024      5     11     23     46     00    000   1.20   2.72  -0.19
2024      5     11     23     47     00    000   1.15   2.70  -0.18
2024      5     11     23     48     00    000   1.10   2.67  -0.18
2024      5     11     23     49     00    000   1.05   2.65  -0.17
2024      5     11     23     50     00    000   1.00   2.63  -0.16
2024      5     11     23     51     00    000   0.95   2.60  -0.15
2024      5     11     23     52     00    000   0.90   2.58  -0.14
2024      5     11     23     53     00    000   0.85   2.55  -0.13
2024      5     11     23     54     00    000   0.80   2.53  -0.12
2024      5     11     23     55     00    000   0.75   2.50  -0.11
2024      5     11     23     56     00    000   0.70   2.47  -0.10
2024      5     11     23     57     00    000   0.64   2.44  -0.09
2024      5     11     23     58     00    000   0.59   2.41  -0.08
2024      5     11     23     59     00    000   0.54   2.38  -0.07
2024      5     12     00     00     00    000   0.49   2.35  -0.06
2024      5     12     00     01     00    000   0.44   2.32  -0.05
2024      5     12     00     02     00    000   0.38   2.29  -0.04
2024      5     12     00     03     00    000   0.33   2.25  -0.03
2024      5     12     00     04     00    000   0.28   2.22  -0.02
2024      5     12     00     05     00    000   0.22   2.18  -0.01
2024      5     12     00     06     00    000   0.17   2.14  -0.00
2024      5     12     00     07     00    000   0.12   2.10   0.01
2024      5     12     00     08     00    000   0.06   2.06   0.01
2024      5     12     00     09     00    000   0.01   2.02   0.02
2024      5     12     00     10     00    000  -0.04   1.98   0.03
2024      5     12     00     11     00    000  -0.10   1.94   0.04
2024      5     12     00     12     00    000  -0.15   1.89   0.05
2024      5     12     00     13     00    000  -0.20   1.84   0.06
2024      5     12     00     14     00    000  -0.25   1.80   0.07
2024      5     12     00     15     00    000  -0.31   1.75   0.08
2024      5     12     00     16     00    000  -0.36   1.69   0.09
2024      5     12     00     17     00    000  -0.41   1.64   0.10
2024      5     12     00     18     00    000  -0.46   1.58   0.11
2024      5     12     00     19     00    000  -0.51   1.53   0.12
2024      5     12     00     20     00    000  -0.56   1.47   0.13
2024      5     12     00     21     00    000  -0.61   1.41   0.14
2024      5     12     00     22     00    000  -0.66   1.34   0.15
2024      5     12     00     23     00    000  -0.71   1.28   0.16
2024      5     12     00     24     00    000  -0.76   1.21   0.17
2024      5     12     00     25     00    000  -0.80   1.14   0.17
2024      5     12     00     26     00    000  -0.84   1.07   0.18
2024      5     12     00     27     00    000  -0.89   0.99   0.19
2024      5     12     00     28     00    000  -0.93   0.91   0.20
2024      5     12     00     29     00    000  -0.96   0.84   0.20
2024      5     12     00     30     00    000  -1.00   0.75   0.21
2024      5     12     00     31     00    000  -1.03   0.67   0.22
2024      5     12     00     32     00    000  -1.06   0.59   0.22
2024      5     12     00     33     00    000  -1.08   0.50   0.23
2024      5     12     00     34     00    000  -1.11   0.41   0.23
2024      5     12     00     35     00    000  -1.13   0.32   0.23
2024      5     12     00     36     00    000  -1.14   0.23   0.24
2024      5     12     00     37     00    000  -1.15   0.14   0.24
2024      5     12     00     38     00    000  -1.16   0.04   0.24
2024      5     12     00     39     00    000  -1.16  -0.05   0.24
2024      5     12     00     40     00    000  -1.16  -0.14   0.24
2024      5     12     00     41     00    000  -1.16  -0.23   0.24
2024      5     12     00     42     00    000  -1.15  -0.32   0.24
2024      5     12     00     43     00    000  -1.14  -0.41   0.23
2024      5     12     00     44     00    000  -1.13  -0.50   0.23
2024      5     12     00     45     00    000  -1.11  -0.59   0.23
2024      5     12     00     46     00    000  -1.09  -0.67   0.22
2024      5     12     00     47     00    000  -1.07  -0.76   0.22
2024      5     12     00     48     00    000  -1.04  -0.84   0.21
2024      5     12     00     49     00    000  -1.01  -0.92   0.21
2024      5     12     00     50     00    000  -0.98  -1.00   0.20
2024      5     12     00     51     00    000  -0.95  -1.08   0.20
2024      5     12     00     52     00    000  -0.92  -1.15   0.19
2024      5     12     00     53     00    000  -0.88  -1.22   0.18
2024      5     12     00     54     00    000  -0.85  -1.29   0.18
2024      5     12     00     55     00    000  -0.81  -1.36   0.17
2024      5     12     00     56     00    000  -0.77  -1.43   0.16
2024      5     12     00     57     00    000  -0.73  -1.50   0.16
2024      5     12     00     58     00    000  -0.69  -1.56   0.15
2024      5     12     00     59     00    000  -0.65  -1.62   0.14
2024      5     12     01     00     00    000  -0.61  -1.68   0.13
2024      5     12     01     01     00    000  -0.56  -1.74   0.13
2024      5     12     01     02     00    000  -0.52  -1.80   0.12
2024      5     12     01     03     00    000  -0.48  -1.85   0.11
2024      5     12     01     04     00    000  -0.43  -1.91   0.10
2024      5     12     01     05     00    000  -0.39  -1.96   0.09
2024      5     12     01     06     00    000  -0.34  -2.01   0.09
2024      5     12     01     07     00    000  -0.30  -2.06   0.08
2024      5     12     01     08     00    000  -0.25  -2.11   0.07
2024      5     12     01     09     00    000  -0.21  -2.16   0.06
2024      5     12     01     10     00    000  -0.16  -2.20   0.05
2024      5     12     01     11     00    000  -0.12  -2.25   0.05
2024      5     12     01     12     00    000  -0.07  -2.29   0.04
2024      5     12     01     13     00    000  -0.03  -2.34   0.03
2024      5     12     01     14     00    000   0.02  -2.38   0.02
2024      5     12     01     15     00    000   0.06  -2.42   0.02
2024      5     12     01     16     00    000   0.11  -2.46   0.01
2024      5     12     01     17     00    000   0.15  -2.50   0.00
2024      5     12     01     18     00    000   0.20  -2.54  -0.01
2024      5     12     01     19     00    000   0.24  -2.58  -0.02
2024      5     12     01     20     00    000   0.29  -2.61  -0.02
2024      5     12     01     21     00    000   0.33  -2.65  -0.03
2024      5     12     01     22     00    000   0.38  -2.68  -0.04
2024      5     12     01     23     00    000   0.42  -2.72  -0.05
2024      5     12     01     24     00    000   0.47  -2.75  -0.05
2024      5     12     01     25     00    000   0.51  -2.79  -0.06
2024      5     12     01     26     00    000   0.56  -2.82  -0.07
2024      5     12     01     27     00    000   0.60  -2.85  -0.07
2024      5     12     01     28     00    000   0.65  -2.88  -0.08
2024      5     12     01     29     00    000   0.69  -2.91  -0.09
2024      5     12     01     30     00    000   0.73  -2.94  -0.10
2024      5     12     01     31     00    000   0.78  -2.97  -0.10
2024      5     12     01     32     00    000   0.82  -3.00  -0.11
2024      5     12     01     33     00    000   0.87  -3.03  -0.12
2024      5     12     01     34     00    000   0.91  -3.06  -0.12
2024      5     12     01     35     00    000   0.95  -3.08  -0.13
2024      5     12     01     36     00    000   1.00  -3.11  -0.14
2024      5     12     01     37     00    000   1.04  -3.14  -0.14
2024      5     12     01     38     00    000   1.08  -3.16  -0.15
2024      5     12     01     39     00    000   1.12  -3.19  -0.16
2024      5     12     01     40     00    000   1.17  -3.21  -0.16
2024      5     12     01     41     00    000   1.21  -3.24  -0.17
2024      5     12     01     42     00    000   1.25  -3.26  -0.18
2024      5     12     01     43     00    000   1.29  -3.28  -0.18
2024      5     12     01     44     00    000   1.33  -3.31  -0.19
2024      5     12     01     45     00    000   1.38  -3.33  -0.19
2024      5     12     01     46     00    000   1.42  -3.35  -0.20
2024      5     12     01     47     00    000   1.46  -3.38  -0.21
2024      5     12     01     48     00    000   1.50  -3.40  -0.21
2024      5     12     01     49     00    000   1.54  -3.42  -0.22
2024      5     12     01     50     00    000   1.58  -3.44  -0.23
2024      5     12     01     51     00    000   1.62  -3.46  -0.23
2024      5     12     01     52     00    000   1.66  -3.48  -0.24
2024      5     12     01     53     00    000   1.70  -3.50  -0.24
2024      5     12     01     54     00    000   1.74  -3.52  -0.25
2024      5     12     01     55     00    000   1.78  -3.54  -0.25
2024      5     12     01     56     00    000   1.82  -3.56  -0.26
2024      5     12     01     57     00    000   1.86  -3.58  -0.27
2024      5     12     01     58     00    000   1.90  -3.60  -0.27
2024      5     12     01     59     00    000   1.94  -3.61  -0.28
2024      5     12     02     00     00    000   1.98  -3.63  -0.28
2024      5     12     02     01     00    000   2.02  -3.65  -0.29
2024      5     12     02     02     00    000   2.06  -3.67  -0.29
2024      5     12     02     03     00    000   2.10  -3.68  -0.30
2024      5     12     02     04     00    000   2.14  -3.70  -0.30
2024      5     12     02     05     00    000   2.17  -3.72  -0.31
2024      5     12     02     06     00    000   2.21  -3.73  -0.31
2024      5     12     02     07     00    000   2.25  -3.75  -0.32
2024      5     12     02     08     00    000   2.29  -3.77  -0.32
2024      5     12     02     09     00    000   2.33  -3.78  -0.33
2024      5     12     02     10     00    000   2.36  -3.80  -0.33
2024      5     12     02     11     00    000   2.40  -3.81  -0.34
2024      5     12     02     12     00    000   2.44  -3.83  -0.34
2024      5     12     02     13     00    000   2.48  -3.84  -0.35
2024      5     12     02     14     00    000   2.51  -3.86  -0.35
2024      5     12     02     15     00    000   2.55  -3.87  -0.36
2024      5     12     02     16     00    000   2.59  -3.89  -0.36
2024      5     12     02     17     00    000   2.62  -3.90  -0.37
2024      5     12     02     18     00    000   2.66  -3.91  -0.37
2024      5     12     02     19     00    000   2.70  -3.93  -0.38
2024      5     12     02     20     00    000   2.73  -3.94  -0.38
2024      5     12     02     21     00    000   2.77  -3.95  -0.39
2024      5     12     02     22     00    000   2.81  -3.97  -0.39
2024      5     12     02     23     00    000   2.84  -3.98  -0.40
2024      5     12     02     24     00    000   2.88  -3.99  -0.40
2024      5     12     02     25     00    000   2.91  -4.00  -0.40
2024      5     12     02     26     00    000   2.95  -4.02  -0.41
2024      5     12     02     27     00    000   2.98  -4.03  -0.41
2024      5     12     02     28     00    000   3.02  -4.04  -0.42
2024      5     12     02     29     00    000   3.05  -4.05  -0.42
2024      5     12     02     30     00    000   3.09  -4.06  -0.43
2024      5     12     02     31     00    000   3.12  -4.08  -0.43
2024      5     12     02     32     00    000   3.16  -4.09  -0.43
2024      5     12     02     33     00    000   3.19  -4.10  -0.44
2024      5     12     02     34     00    000   3.23  -4.11  -0.44
2024      5     12     02     35     00    000   3.26  -4.12  -0.45
2024      5     12     02     36     00    000   3.30  -4.13  -0.45
2024      5     12     02     37     00    000   3.33  -4.14  -0.45
2024      5     12     02     38     00    000   3.36  -4.15  -0.46
2024      5     12     02     39     00    000   3.40  -4.16  -0.46
2024      5     12     02     40     00    000   3.43  -4.17  -0.47
2024      5     12     02     41     00    000   3.47  -4.18  -0.47
2024      5     12     02     42     00    000   3.50  -4.19  -0.47
2024      5     12     02     43     00    000   3.53  -4.20  -0.48
2024      5     12     02     44     00    000   3.57  -4.21  -0.48
2024      5     12     02     45     00    000   3.60  -4.22  -0.48
2024      5     12     02     46     00    000   3.63  -4.23  -0.49
2024      5     12     02     47     00    000   3.66  -4.24  -0.49
2024      5     12     02     48     00    000   3.70  -4.25  -0.49
2024      5     12     02     49     00    000   3.73  -4.26  -0.50
2024      5     12     02     50     00    000   3.76  -4.27  -0.50
2024      5     12     02     51     00    000   3.80  -4.28  -0.51
2024      5     12     02     52     00    000   3.83  -4.28  -0.51
2024      5     12     02     53     00    000   3.86  -4.29  -0.51
2024      5     12     02     54     00    000   3.89  -4.30  -0.52
2024      5     12     02     55     00    000   3.92  -4.31  -0.52
2024      5     12     02     56     00    000   3.96  -4.32  -0.52
2024      5     12     02     57     00    000   3.99  -4.33  -0.53
2024      5     12     02     58     00    000   4.02  -4.33  -0.53
2024      5     12     02     59     00    000   4.05  -4.34  -0.53
2024      5     12     03     00     00    000   4.08  -4.35  -0.53
2024      5     12     03     01     00    000   4.11  -4.36  -0.54
2024      5     12     03     02     00    000   4.15  -4.36  -0.54
2024      5     12     03     03     00    000   4.18  -4.37  -0.54
2024      5     12     03     04     00    000   4.21  -4.38  -0.55
2024      5     12     03     05     00    000   4.24  -4.39  -0.55
2024      5     12     03     06     00    000   4.27  -4.39  -0.55
2024      5     12     03     07     00    000   4.30  -4.40  -0.56
2024      5     12     03     08     00    000   4.33  -4.41  -0.56
2024      5     12     03     09     00    000   4.36  -4.41  -0.56
2024      5     12     03     10     00    000   4.39  -4.42  -0.57
2024      5     12     03     11     00    000   4.42  -4.43  -0.57
2024      5     12     03     12     00    000   4.45  -4.43  -0.57
2024      5     12     03     13     00    000   4.48  -4.44  -0.57
2024      5     12     03     14     00    000   4.51  -4.45  -0.58
2024      5     12     03     15     00    000   4.54  -4.45  -0.58
2024      5     12     03     16     00    000   4.57  -4.46  -0.58
2024      5     12     03     17     00    000   4.60  -4.47  -0.58
2024      5     12     03     18     00    000   4.63  -4.47  -0.59
2024      5     12     03     19     00    000   4.66  -4.48  -0.59
2024      5     12     03     20     00    000   4.69  -4.48  -0.59
2024      5     12     03     21     00    000   4.72  -4.49  -0.60
2024      5     12     03     22     00    000   4.75  -4.50  -0.60
2024      5     12     03     23     00    000   4.78  -4.50  -0.60
2024      5     12     03     24     00    000   4.81  -4.51  -0.60
2024      5     12     03     25     00    000   4.84  -4.51  -0.61
2024      5     12     03     26     00    000   4.87  -4.52  -0.61
2024      5     12     03     27     00    000   4.89  -4.52  -0.61
2024      5     12     03     28     00    000   4.92  -4.53  -0.61
2024      5     12     03     29     00    000   4.95  -4.53  -0.62
2024      5     12     03     30     00    000   4.98  -4.54  -0.62
2024      5     12     03     31     00    000   5.01  -4.54  -0.62
2024      5     12     03     32     00    000   5.04  -4.55  -0.62
2024      5     12     03     33     00    000   5.07  -4.55  -0.62
2024      5     12     03     34     00    000   5.09  -4.56  -0.63
2024      5     12     03     35     00    000   5.12  -4.56  -0.63
2024      5     12     03     36     00    000   5.15  -4.57  -0.63
2024      5     12     03     37     00    000   5.18  -4.57  -0.63
2024      5     12     03     38     00    000   5.21  -4.58  -0.64
2024      5     12     03     39     00    000   5.23  -4.58  -0.64
2024      5     12     03     40     00    000   5.26  -4.59  -0.64
2024      5     12     03     41     00    000   5.29  -4.59  -0.64
2024      5     12     03     42     00    000   5.32  -4.59  -0.65
2024      5     12     03     43     00    000   5.34  -4.60  -0.65
2024      5     12     03     44     00    000   5.37  -4.60  -0.65
2024      5     12     03     45     00    000   5.40  -4.61  -0.65
2024      5     12     03     46     00    000   5.43  -4.61  -0.65
2024      5     12     03     47     00    000   5.45  -4.61  -0.66
2024      5     12     03     48     00    000   5.48  -4.62  -0.66
2024      5     12     03     49     00    000   5.51  -4.62  -0.66
2024      5     12     03     50     00    000   5.53  -4.63  -0.66
2024      5     12     03     51     00    000   5.56  -4.63  -0.66
2024      5     12     03     52     00    000   5.59  -4.63  -0.67
2024      5     12     03     53     00    000   5.61  -4.64  -0.67
2024      5     12     03     54     00    000   5.64  -4.64  -0.67
2024      5     12     03     55     00    000   5.67  -4.64  -0.67
2024      5     12     03     56     00    000   5.69  -4.65  -0.67
2024      5     12     03     57     00    000   5.72  -4.65  -0.68
2024      5     12     03     58     00    000   5.75  -4.65  -0.68
2024      5     12     03     59     00    000   5.77  -4.66  -0.68
2024      5     12     04     00     00    000   5.80  -4.66  -0.68
2024      5     12     04     01     00    000   5.82  -4.66  -0.68
2024      5     12     04     02     00    000   5.85  -4.67  -0.68
2024      5     12     04     03     00    000   5.88  -4.67  -0.69
2024      5     12     04     04     00    000   5.90  -4.67  -0.69
2024      5     12     04     05     00    000   5.93  -4.67  -0.69
2024      5     12     04     06     00    000   5.95  -4.68  -0.69
2024      5     12     04     07     00    000   5.98  -4.68  -0.69
2024      5     12     04     08     00    000   6.00  -4.68  -0.70
2024      5     12     04     09     00    000   6.03  -4.69  -0.70
2024      5     12     04     10     00    000   6.06  -4.69  -0.70
2024      5     12     04     11     00    000   6.08  -4.69  -0.70
2024      5     12     04     12     00    000   6.11  -4.69  -0.70
2024      5     12     04     13     00    000   6.13  -4.70  -0.70
2024      5     12     04     14     00    000   6.16  -4.70  -0.71
2024      5     12     04     15     00    000   6.18  -4.70  -0.71
2024      5     12     04     16     00    000   6.21  -4.70  -0.71
2024      5     12     04     17     00    000   6.23  -4.71  -0.71
2024      5     12     04     18     00    000   6.26  -4.71  -0.71
2024      5     12     04     19     00    000   6.28  -4.71  -0.71
2024      5     12     04     20     00    000   6.30  -4.71  -0.72
2024      5     12     04     21     00    000   6.33  -4.71  -0.72
2024      5     12     04     22     00    000   6.35  -4.72  -0.72
2024      5     12     04     23     00    000   6.38  -4.72  -0.72
2024      5     12     04     24     00    000   6.40  -4.72  -0.72
2024      5     12     04     25     00    000   6.43  -4.72  -0.72
2024      5     12     04     26     00    000   6.45  -4.72  -0.72
2024      5     12     04     27     00    000   6.48  -4.73  -0.73
2024      5     12     04     28     00    000   6.50  -4.73  -0.73
2024      5     12     04     29     00    000   6.52  -4.73  -0.73
2024      5     12     04     30     00    000   6.55  -4.73  -0.73
2024      5     12     04     31     00    000   6.57  -4.73  -0.73
2024      5     12     04     32     00    000   6.59  -4.73  -0.73
2024      5     12     04     33     00    000   6.62  -4.74  -0.73
2024      5     12     04     34     00    000   6.64  -4.74  -0.74
2024      5     12     04     35     00    000   6.67  -4.74  -0.74
2024      5     12     04     36     00    000   6.69  -4.74  -0.74
2024      5     12     04     37     00    000   6.71  -4.74  -0.74
2024      5     12     04     38     00    000   6.74  -4.74  -0.74
2024      5     12     04     39     00    000   6.76  -4.74  -0.74
2024      5     12     04     40     00    000   6.78  -4.74  -0.74
2024      5     12     04     41     00    000   6.81  -4.75  -0.75
2024      5     12     04     42     00    000   6.83  -4.75  -0.75
2024      5     12     04     43     00    000   6.85  -4.75  -0.75
2024      5     12     04     44     00    000   6.88  -4.75  -0.75
2024      5     12     04     45     00    000   6.90  -4.75  -0.75
2024      5     12     04     46     00    000   6.92  -4.75  -0.75
2024      5     12     04     47     00    000   6.94  -4.75  -0.75
2024      5     12     04     48     00    000   6.97  -4.75  -0.76
2024      5     12     04     49     00    000   6.99  -4.75  -0.76
2024      5     12     04     50     00    000   7.01  -4.75  -0.76
2024      5     12     04     51     00    000   7.03  -4.76  -0.76
2024      5     12     04     52     00    000   7.06  -4.76  -0.76
2024      5     12     04     53     00    000   7.08  -4.76  -0.76
2024      5     12     04     54     00    000   7.10  -4.76  -0.76
2024      5     12     04     55     00    000   7.12  -4.76  -0.76
2024      5     12     04     56     00    000   7.15  -4.76  -0.77
2024      5     12     04     57     00    000   7.17  -4.76  -0.77
2024      5     12     04     58     00    000   7.19  -4.76  -0.77
2024      5     12     04     59     00    000   7.21  -4.76  -0.77
2024      5     12     05     00     00    000   7.23  -4.76  -0.77
2024      5     12     05     01     00    000   7.26  -4.76  -0.77
2024      5     12     05     02     00    000   7.28  -4.76  -0.77
2024      5     12     05     03     00    000   7.30  -4.76  -0.77
2024      5     12     05     04     00    000   7.32  -4.76  -0.77
2024      5     12     05     05     00    000   7.34  -4.76  -0.78
2024      5     12     05     06     00    000   7.36  -4.76  -0.78
2024      5     12     05     07     00    000   7.39  -4.76  -0.78
2024      5     12     05     08     00    000   7.41  -4.76  -0.78
2024      5     12     05     09     00    000   7.43  -4.76  -0.78
2024      5     12     05     10     00    000   7.45  -4.76  -0.78
2024      5     12     05     11     00    000   7.47  -4.76  -0.78
2024      5     12     05     12     00    000   7.49  -4.76  -0.78
2024      5     12     05     13     00    000   7.51  -4.76  -0.79
2024      5     12     05     14     00    000   7.54  -4.76  -0.79
2024      5     12     05     15     00    000   7.56  -4.76  -0.79
2024      5     12     05     16     00    000   7.58  -4.76  -0.79
2024      5     12     05     17     00    000   7.60  -4.76  -0.79
2024      5     12     05     18     00    000   7.62  -4.76  -0.79
2024      5     12     05     19     00    000   7.64  -4.76  -0.79
2024      5     12     05     20     00    000   7.66  -4.76  -0.79
2024      5     12     05     21     00    000   7.68  -4.76  -0.79
2024      5     12     05     22     00    000   7.70  -4.76  -0.80
2024      5     12     05     23     00    000   7.72  -4.76  -0.80
2024      5     12     05     24     00    000   7.74  -4.76  -0.80
2024      5     12     05     25     00    000   7.76  -4.76  -0.80
2024      5     12     05     26     00    000   7.79  -4.76  -0.80
2024      5     12     05     27     00    000   7.81  -4.76  -0.80
2024      5     12     05     28     00    000   7.83  -4.76  -0.80
2024      5     12     05     29     00    000   7.85  -4.76  -0.80
2024      5     12     05     30     00    000   7.87  -4.76  -0.80
2024      5     12     05     31     00    000   7.89  -4.76  -0.81
2024      5     12     05     32     00    000   7.91  -4.76  -0.81
2024      5     12     05     33     00    000   7.93  -4.76  -0.81
2024      5     12     05     34     00    000   7.95  -4.76  -0.81
2024      5     12     05     35     00    000   7.97  -4.76  -0.81
2024      5     12     05     36     00    000   7.99  -4.76  -0.81
2024      5     12     05     37     00    000   8.01  -4.76  -0.81
2024      5     12     05     38     00    000   8.03  -4.76  -0.81
2024      5     12     05     39     00    000   8.05  -4.75  -0.81
2024      5     12     05     40     00    000   8.07  -4.75  -0.82
2024      5     12     05     41     00    000   8.09  -4.75  -0.82
2024      5     12     05     42     00    000   8.11  -4.75  -0.82
2024      5     12     05     43     00    000   8.12  -4.75  -0.82
2024      5     12     05     44     00    000   8.14  -4.75  -0.82
2024      5     12     05     45     00    000   8.16  -4.75  -0.82
2024      5     12     05     46     00    000   8.18  -4.75  -0.82
2024      5     12     05     47     00    000   8.20  -4.75  -0.82
2024      5     12     05     48     00    000   8.22  -4.75  -0.82
2024      5     12     05     49     00    000   8.24  -4.75  -0.83
2024      5     12     05     50     00    000   8.26  -4.74  -0.83
2024      5     12     05     51     00    000   8.28  -4.74  -0.83
2024      5     12     05     52     00    000   8.30  -4.74  -0.83
2024      5     12     05     53     00    000   8.32  -4.74  -0.83
2024      5     12     05     54     00    000   8.34  -4.74  -0.83
2024      5     12     05     55     00    000   8.36  -4.74  -0.83
2024      5     12     05     56     00    000   8.37  -4.74  -0.83
2024      5     12     05     57     00    000   8.39  -4.74  -0.83
2024      5     12     05     58     00    000   8.41  -4.73  -0.84
2024      5     12     05     59     00    000   8.43  -4.73  -0.84
2024      5     12     06     00     00    000   8.45  -4.73  -0.84
2024      5     12     06     01     00    000   8.47  -4.73  -0.84
2024      5     12     06     02     00    000   8.49  -4.73  -0.84
2024      5     12     06     03     00    000   8.50  -4.73  -0.84
2024      5     12     06     04     00    000   8.52  -4.73  -0.84
2024      5     12     06     05     00    000   8.54  -4.73  -0.84
2024      5     12     06     06     00    000   8.56  -4.72  -0.84
2024      5     12     06     07     00    000   8.58  -4.72  -0.84
2024      5     12     06     08     00    000   8.60  -4.72  -0.85
2024      5     12     06     09     00    000   8.61  -4.72  -0.85
2024      5     12     06     10     00    000   8.63  -4.72  -0.85
2024      5     12     06     11     00    000   8.65  -4.72  -0.85
2024      5     12     06     12     00    000   8.67  -4.71  -0.85
2024      5     12     06     13     00    000   8.69  -4.71  -0.85
2024      5     12     06     14     00    000   8.70  -4.71  -0.85
2024      5     12     06     15     00    000   8.72  -4.71  -0.85
2024      5     12     06     16     00    000   8.74  -4.71  -0.86
2024      5     12     06     17     00    000   8.76  -4.71  -0.86
2024      5     12     06     18     00    000   8.78  -4.70  -0.86
2024      5     12     06     19     00    000   8.79  -4.70  -0.86
2024      5     12     06     20     00    000   8.81  -4.70  -0.86
2024      5     12     06     21     00    000   8.83  -4.70  -0.86
2024      5     12     06     22     00    000   8.85  -4.70  -0.86
2024      5     12     06     23     00    000   8.86  -4.70  -0.86
2024      5     12     06     24     00    000   8.88  -4.69  -0.86
2024      5     12     06     25     00    000   8.90  -4.69  -0.87
2024      5     12     06     26     00    000   8.92  -4.69  -0.87
2024      5     12     06     27     00    000   8.93  -4.69  -0.87
2024      5     12     06     28     00    000   8.95  -4.69  -0.87
2024      5     12     06     29     00    000   8.97  -4.68  -0.87
2024      5     12     06     30     00    000   8.99  -4.68  -0.87
2024      5     12     06     31     00    000   9.00  -4.68  -0.87
2024      5     12     06     32     00    000   9.02  -4.68  -0.87
2024      5     12     06     33     00    000   9.04  -4.68  -0.87
2024      5     12     06     34     00    000   9.05  -4.67  -0.88
2024      5     12     06     35     00    000   9.07  -4.67  -0.88
2024      5     12     06     36     00    000   9.09  -4.67  -0.88
2024      5     12     06     37     00    000   9.10  -4.67  -0.88
2024      5     12     06     38     00    000   9.12  -4.67  -0.88
2024      5     12     06     39     00    000   9.14  -4.66  -0.88
2024      5     12     06     40     00    000   9.15  -4.66  -0.88
2024      5     12     06     41     00    000   9.17  -4.66  -0.88
2024      5     12     06     42     00    000   9.19  -4.66  -0.89
2024      5     12     06     43     00    000   9.20  -4.65  -0.89
2024      5     12     06     44     00    000   9.22  -4.65  -0.89
2024      5     12     06     45     00    000   9.24  -4.65  -0.89
2024      5     12     06     46     00    000   9.25  -4.65  -0.89
2024      5     12     06     47     00    000   9.27  -4.64  -0.89
2024      5     12     06     48     00    000   9.29  -4.64  -0.89
2024      5     12     06     49     00    000   9.30  -4.64  -0.89
2024      5     12     06     50     00    000   9.32  -4.64  -0.90
2024      5     12     06     51     00    000   9.34  -4.63  -0.90
2024      5     12     06     52     00    000   9.35  -4.63  -0.90
2024      5     12     06     53     00    000   9.37  -4.63  -0.90
2024      5     12     06     54     00    000   9.38  -4.63  -0.90
2024      5     12     06     55     00    000   9.40  -4.62  -0.90
2024      5     12     06     56     00    000   9.42  -4.62  -0.90
2024      5     12     06     57     00    000   9.43  -4.62  -0.91
2024      5     12     06     58     00    000   9.45  -4.62  -0.91
2024      5     12     06     59     00    000   9.46  -4.61  -0.91
2024      5     12     07     00     00    000   9.48  -4.61  -0.91
2024      5     12     07     01     00    000   9.50  -4.61  -0.91
2024      5     12     07     02     00    000   9.51  -4.61  -0.91
2024      5     12     07     03     00    000   9.53  -4.60  -0.91
2024      5     12     07     04     00    000   9.54  -4.60  -0.91
2024      5     12     07     05     00    000   9.56  -4.60  -0.92
2024      5     12     07     06     00    000   9.57  -4.60  -0.92
2024      5     12     07     07     00    000   9.59  -4.59  -0.92
2024      5     12     07     08     00    000   9.60  -4.59  -0.92
2024      5     12     07     09     00    000   9.62  -4.59  -0.92
2024      5     12     07     10     00    000   9.64  -4.58  -0.92
2024      5     12     07     11     00    000   9.65  -4.58  -0.92
2024      5     12     07     12     00    000   9.67  -4.58  -0.93
2024      5     12     07     13     00    000   9.68  -4.58  -0.93
2024      5     12     07     14     00    000   9.70  -4.57  -0.93
2024      5     12     07     15     00    000   9.71  -4.57  -0.93
2024      5     12     07     16     00    000   9.73  -4.57  -0.93
2024      5     12     07     17     00    000   9.74  -4.56  -0.93
2024      5     12     07     18     00    000   9.76  -4.56  -0.93
2024      5     12     07     19     00    000   9.77  -4.56  -0.94
2024      5     12     07     20     00    000   9.79  -4.56  -0.94
2024      5     12     07     21     00    000   9.80  -4.55  -0.94
2024      5     12     07     22     00    000   9.82  -4.55  -0.94
2024      5     12     07     23     00    000   9.83  -4.55  -0.94
2024      5     12     07     24     00    000   9.85  -4.54  -0.94
2024      5     12     07     25     00    000   9.86  -4.54  -0.95
2024      5     12     07     26     00    000   9.88  -4.54  -0.95
2024      5     12     07     27     00    000   9.89  -4.53  -0.95
2024      5     12     07     28     00    000   9.90  -4.53  -0.95
2024      5     12     07     29     00    000   9.92  -4.53  -0.95
2024      5     12     07     30     00    000   9.93  -4.52  -0.95
2024      5     12     07     31     00    000   9.95  -4.52  -0.95
2024      5     12     07     32     00    000   9.96  -4.52  -0.96
2024      5     12     07     33     00    000   9.98  -4.52  -0.96
2024      5     12     07     34     00    000   9.99  -4.51  -0.96
2024      5     12     07     35     00    000  10.01  -4.51  -0.96
2024      5     12     07     36     00    000  10.02  -4.51  -0.96
2024      5     12     07     37     00    000  10.03  -4.50  -0.96
2024      5     12     07     38     00    000  10.05  -4.50  -0.97
2024      5     12     07     39     00    000  10.06  -4.50  -0.97
2024      5     12     07     40     00    000  10.08  -4.49  -0.97
2024      5     12     07     41     00    000  10.09  -4.49  -0.97
2024      5     12     07     42     00    000  10.10  -4.49  -0.97
2024      5     12     07     43     00    000  10.12  -4.48  -0.97
2024      5     12     07     44     00    000  10.13  -4.48  -0.98
2024      5     12     07     45     00    000  10.15  -4.48  -0.98
2024      5     12     07     46     00    000  10.16  -4.47  -0.98
2024      5     12     07     47     00    000  10.17  -4.47  -0.98
2024      5     12     07     48     00    000  10.19  -4.46  -0.98
2024      5     12     07     49     00    000  10.20  -4.46  -0.98
2024      5     12     07     50     00    000  10.22  -4.46  -0.99
2024      5     12     07     51     00    000  10.23  -4.45  -0.99
2024      5     12     07     52     00    000  10.24  -4.45  -0.99
2024      5     12     07     53     00    000  10.26  -4.45  -0.99
2024      5     12     07     54     00    000  10.27  -4.44  -0.99
2024      5     12     07     55     00    000  10.28  -4.44  -1.00
2024      5     12     07     56     00    000  10.30  -4.44  -1.00
2024      5     12     07     57     00    000  10.31  -4.43  -1.00
2024      5     12     07     58     00    000  10.32  -4.43  -1.00
2024      5     12     07     59     00    000  10.34  -4.43  -1.00
2024      5     12     08     00     00    000  10.35  -4.42  -1.00
2024      5     12     08     01     00    000  10.36  -4.42  -1.01
2024      5     12     08     02     00    000  10.38  -4.41  -1.01
2024      5     12     08     03     00    000  10.39  -4.41  -1.01
2024      5     12     08     04     00    000  10.40  -4.41  -1.01
2024      5     12     08     05     00    000  10.42  -4.40  -1.01
2024      5     12     08     06     00    000  10.43  -4.40  -1.02
2024      5     12     08     07     00    000  10.44  -4.40  -1.02
2024      5     12     08     08     00    000  10.46  -4.39  -1.02
2024      5     12     08     09     00    000  10.47  -4.39  -1.02
2024      5     12     08     10     00    000  10.48  -4.38  -1.02
2024      5     12     08     11     00    000  10.49  -4.38  -1.03
2024      5     12     08     12     00    000  10.51  -4.38  -1.03
2024      5     12     08     13     00    000  10.52  -4.37  -1.03
2024      5     12     08     14     00    000  10.53  -4.37  -1.03
2024      5     12     08     15     00    000  10.54  -4.37  -1.03
2024      5     12     08     16     00    000  10.56  -4.36  -1.04
2024      5     12     08     17     00    000  10.57  -4.36  -1.04
2024      5     12     08     18     00    000  10.58  -4.35  -1.04
2024      5     12     08     19     00    000  10.60  -4.35  -1.04
2024      5     12     08     20     00    000  10.61  -4.35  -1.04
2024      5     12     08     21     00    000  10.62  -4.34  -1.05
2024      5     12     08     22     00    000  10.63  -4.34  -1.05
2024      5     12     08     23     00    000  10.65  -4.33  -1.05
2024      5     12     08     24     00    000  10.66  -4.33  -1.05
2024      5     12     08     25     00    000  10.67  -4.33  -1.05
2024      5     12     08     26     00    000  10.68  -4.32  -1.06
2024      5     12     08     27     00    000  10.69  -4.32  -1.06
2024      5     12     08     28     00    000  10.71  -4.31  -1.06
2024      5     12     08     29     00    000  10.72  -4.31  -1.06
2024      5     12     08     30     00    000  10.73  -4.30  -1.06
2024      5     12     08     31     00    000  10.74  -4.30  -1.07
2024      5     12     08     32     00    000  10.76  -4.30  -1.07
2024      5     12     08     33     00    000  10.77  -4.29  -1.07
2024      5     12     08     34     00    000  10.78  -4.29  -1.07
2024      5     12     08     35     00    000  10.79  -4.28  -1.08
2024      5     12     08     36     00    000  10.80  -4.28  -1.08
2024      5     12     08     37     00    000  10.82  -4.28  -1.08
2024      5     12     08     38     00    000  10.83  -4.27  -1.08
2024      5     12     08     39     00    000  10.84  -4.27  -1.08
2024      5     12     08     40     00    000  10.85  -4.26  -1.09
2024      5     12     08     41     00    000  10.86  -4.26  -1.09
2024      5     12     08     42     00    000  10.87  -4.25  -1.09
2024      5     12     08     43     00    000  10.89  -4.25  -1.09
2024      5     12     08     44     00    000  10.90  -4.25  -1.10
2024      5     12     08     45     00    000  10.91  -4.24  -1.10
2024      5     12     08     46     00    000  10.92  -4.24  -1.10
2024      5     12     08     47     00    000  10.93  -4.23  -1.10
2024      5     12     08     48     00    000  10.94  -4.23  -1.10
2024      5     12     08     49     00    000  10.95  -4.22  -1.11
2024      5     12     08     50     00    000  10.97  -4.22  -1.11
2024      5     12     08     51     00    000  10.98  -4.21  -1.11
2024      5     12     08     52     00    000  10.99  -4.21  -1.11
2024      5     12     08     53     00    000  11.00  -4.21  -1.12
2024      5     12     08     54     00    000  11.01  -4.20  -1.12
2024      5     12     08     55     00    000  11.02  -4.20  -1.12
2024      5     12     08     56     00    000  11.03  -4.19  -1.12
2024      5     12     08     57     00    000  11.04  -4.19  -1.13
2024      5     12     08     58     00    000  11.06  -4.18  -1.13
2024      5     12     08     59     00    000  11.07  -4.18  -1.13
2024      5     12     09     00     00    000  11.08  -4.17  -1.13
2024      5     12     09     01     00    000  11.09  -4.17  -1.14
2024      5     12     09     02     00    000  11.10  -4.17  -1.14
2024      5     12     09     03     00    000  11.11  -4.16  -1.14
2024      5     12     09     04     00    000  11.12  -4.16  -1.14
2024      5     12     09     05     00    000  11.13  -4.15  -1.15
2024      5     12     09     06     00    000  11.14  -4.15  -1.15
2024      5     12     09     07     00    000  11.15  -4.14  -1.15
2024      5     12     09     08     00    000  11.16  -4.14  -1.15
2024      5     12     09     09     00    000  11.18  -4.13  -1.16
2024      5     12     09     10     00    000  11.19  -4.13  -1.16
2024      5     12     09     11     00    000  11.20  -4.12  -1.16
2024      5     12     09     12     00    000  11.21  -4.12  -1.16
2024      5     12     09     13     00    000  11.22  -4.11  -1.17
2024      5     12     09     14     00    000  11.23  -4.11  -1.17
2024      5     12     09     15     00    000  11.24  -4.10  -1.17
2024      5     12     09     16     00    000  11.25  -4.10  -1.17
2024      5     12     09     17     00    000  11.26  -4.09  -1.18
2024      5     12     09     18     00    000  11.27  -4.09  -1.18
2024      5     12     09     19     00    000  11.28  -4.09  -1.18
2024      5     12     09     20     00    000  11.29  -4.08  -1.19
2024      5     12     09     21     00    000  11.30  -4.08  -1.19
2024      5     12     09     22     00    000  11.31  -4.07  -1.19
2024      5     12     09     23     00    000  11.32  -4.07  -1.19
2024      5     12     09     24     00    000  11.33  -4.06  -1.20
2024      5     12     09     25     00    000  11.34  -4.06  -1.20
2024      5     12     09     26     00    000  11.35  -4.05  -1.20
2024      5     12     09     27     00    000  11.36  -4.05  -1.20
2024      5     12     09     28     00    000  11.37  -4.04  -1.21
2024      5     12     09     29     00    000  11.38  -4.04  -1.21
2024      5     12     09     30     00    000  11.39  -4.03  -1.21
2024      5     12     09     31     00    000  11.40  -4.03  -1.22
2024      5     12     09     32     00    000  11.41  -4.02  -1.22
2024      5     12     09     33     00    000  11.42  -4.02  -1.22
2024      5     12     09     34     00    000  11.43  -4.01  -1.22
2024      5     12     09     35     00    000  11.44  -4.01  -1.23
2024      5     12     09     36     00    000  11.45  -4.00  -1.23
2024      5     12     09     37     00    000  11.46  -4.00  -1.23
2024      5     12     09     38     00    000  11.47  -3.99  -1.24
2024      5     12     09     39     00    000  11.48  -3.99  -1.24
2024      5     12     09     40     00    000  11.49  -3.98  -1.24
2024      5     12     09     41     00    000  11.50  -3.98  -1.24
2024      5     12     09     42     00    000  11.51  -3.97  -1.25
2024      5     12     09     43     00    000  11.52  -3.97  -1.25
2024      5     12     09     44     00    000  11.53  -3.96  -1.25
2024      5     12     09     45     00    000  11.54  -3.96  -1.26
2024      5     12     09     46     00    000  11.55  -3.95  -1.26
2024      5     12     09     47     00    000  11.56  -3.94  -1.26
2024      5     12     09     48     00    000  11.57  -3.94  -1.27
2024      5     12     09     49     00    000  11.57  -3.93  -1.27
2024      5     12     09     50     00    000  11.58  -3.93  -1.27
2024      5     12     09     51     00    000  11.59  -3.92  -1.27
2024      5     12     09     52     00    000  11.60  -3.92  -1.28
2024      5     12     09     53     00    000  11.61  -3.91  -1.28
2024      5     12     09     54     00    000  11.62  -3.91  -1.28
2024      5     12     09     55     00    000  11.63  -3.90  -1.29
2024      5     12     09     56     00    000  11.64  -3.90  -1.29
2024      5     12     09     57     00    000  11.65  -3.89  -1.29
2024      5     12     09     58     00    000  11.66  -3.89  -1.30
2024      5     12     09     59     00    000  11.67  -3.88  -1.30
2024      5     12     10     00     00    000  11.67  -3.88  -1.30
2024      5     12     10     01     00    000  11.68  -3.87  -1.30
2024      5     12     10     02     00    000  11.69  -3.87  -1.31
2024      5     12     10     03     00    000  11.70  -3.86  -1.31
2024      5     12     10     04     00    000  11.71  -3.85  -1.31
2024      5     12     10     05     00    000  11.72  -3.85  -1.32
2024      5     12     10     06     00    000  11.73  -3.84  -1.32
2024      5     12     10     07     00    000  11.74  -3.84  -1.32
2024      5     12     10     08     00    000  11.74  -3.83  -1.33
2024      5     12     10     09     00    000  11.75  -3.83  -1.33
2024      5     12     10     10     00    000  11.76  -3.82  -1.33
2024      5     12     10     11     00    000  11.77  -3.82  -1.34
2024      5     12     10     12     00    000  11.78  -3.81  -1.34
2024      5     12     10     13     00    000  11.79  -3.80  -1.34
2024      5     12     10     14     00    000  11.80  -3.80  -1.35
2024      5     12     10     15     00    000  11.80  -3.79  -1.35
2024      5     12     10     16     00    000  11.81  -3.79  -1.35
2024      5     12     10     17     00    000  11.82  -3.78  -1.36
2024      5     12     10     18     00    000  11.83  -3.78  -1.36
2024      5     12     10     19     00    000  11.84  -3.77  -1.36
2024      5     12     10     20     00    000  11.85  -3.77  -1.37
2024      5     12     10     21     00    000  11.85  -3.76  -1.37
2024      5     12     10     22     00    000  11.86  -3.75  -1.37
2024      5     12     10     23     00    000  11.87  -3.75  -1.38
2024      5     12     10     24     00    000  11.88  -3.74  -1.38
2024      5     12     10     25     00    000  11.89  -3.74  -1.38
2024      5     12     10     26     00    000  11.89  -3.73  -1.39
2024      5     12     10     27     00    000  11.90  -3.73  -1.39
2024      5     12     10     28     00    000  11.91  -3.72  -1.39
2024      5     12     10     29     00    000  11.92  -3.71  -1.40
2024      5     12     10     30     00    000  11.93  -3.71  -1.40
2024      5     12     10     31     00    000  11.93  -3.70  -1.40
2024      5     12     10     32     00    000  11.94  -3.70  -1.41
2024      5     12     10     33     00    000  11.95  -3.69  -1.41
2024      5     12     10     34     00    000  11.96  -3.68  -1.41
2024      5     12     10     35     00    000  11.97  -3.68  -1.42
2024      5     12     10     36     00    000  11.97  -3.67  -1.42
2024      5     12     10     37     00    000  11.98  -3.67  -1.42
2024      5     12     10     38     00    000  11.99  -3.66  -1.43
2024      5     12     10     39     00    000  12.00  -3.66  -1.43
2024      5     12     10     40     00    000  12.00  -3.65  -1.43
2024      5     12     10     41     00    000  12.01  -3.64  -1.44
2024      5     12     10     42     00    000  12.02  -3.64  -1.44
2024      5     12     10     43     00    000  12.03  -3.63  -1.44
2024      5     12     10     44     00    000  12.03  -3.63  -1.45
2024      5     12     10     45     00    000  12.04  -3.62  -1.45
2024      5     12     10     46     00    000  12.05  -3.61  -1.45
2024      5     12     10     47     00    000  12.06  -3.61  -1.46
2024      5     12     10     48     00    000  12.06  -3.60  -1.46
2024      5     12     10     49     00    000  12.07  -3.60  -1.47
2024      5     12     10     50     00    000  12.08  -3.59  -1.47
2024      5     12     10     51     00    000  12.09  -3.58  -1.47
2024      5     12     10     52     00    000  12.09  -3.58  -1.48
2024      5     12     10     53     00    000  12.10  -3.57  -1.48
2024      5     12     10     54     00    000  12.11  -3.56  -1.48
2024      5     12     10     55     00    000  12.11  -3.56  -1.49
2024      5     12     10     56     00    000  12.12  -3.55  -1.49
2024      5     12     10     57     00    000  12.13  -3.55  -1.49
2024      5     12     10     58     00    000  12.14  -3.54  -1.50
2024      5     12     10     59     00    000  12.14  -3.53  -1.50
2024      5     12     11     00     00    000  12.15  -3.53  -1.51
2024      5     12     11     01     00    000  12.16  -3.52  -1.51
2024      5     12     11     02     00    000  12.16  -3.52  -1.51
2024      5     12     11     03     00    000  12.17  -3.51  -1.52
2024      5     12     11     04     00    000  12.18  -3.50  -1.52
2024      5     12     11     05     00    000  12.18  -3.50  -1.52
2024      5     12     11     06     00    000  12.19  -3.49  -1.53
2024      5     12     11     07     00    000  12.20  -3.48  -1.53
2024      5     12     11     08     00    000  12.20  -3.48  -1.53
2024      5     12     11     09     00    000  12.21  -3.47  -1.54
2024      5     12     11     10     00    000  12.22  -3.46  -1.54
2024      5     12     11     11     00    000  12.22  -3.46  -1.55
2024      5     12     11     12     00    000  12.23  -3.45  -1.55
2024      5     12     11     13     00    000  12.24  -3.45  -1.55
2024      5     12     11     14     00    000  12.24  -3.44  -1.56
2024      5     12     11     15     00    000  12.25  -3.43  -1.56
2024      5     12     11     16     00    000  12.26  -3.43  -1.56
2024      5     12     11     17     00    000  12.26  -3.42  -1.57
2024      5     12     11     18     00    000  12.27  -3.41  -1.57
2024      5     12     11     19     00    000  12.27  -3.41  -1.58
2024      5     12     11     20     00    000  12.28  -3.40  -1.58
2024      5     12     11     21     00    000  12.29  -3.39  -1.58
2024      5     12     11     22     00    000  12.29  -3.39  -1.59
2024      5     12     11     23     00    000  12.30  -3.38  -1.59
2024      5     12     11     24     00    000  12.31  -3.37  -1.59
2024      5     12     11     25     00    000  12.31  -3.37  -1.60
2024      5     12     11     26     00    000  12.32  -3.36  -1.60
2024      5     12     11     27     00    000  12.32  -3.35  -1.61
2024      5     12     11     28     00    000  12.33  -3.35  -1.61
2024      5     12     11     29     00    000  12.34  -3.34  -1.61
2024      5     12     11     30     00    000  12.34  -3.33  -1.62
2024      5     12     11     31     00    000  12.35  -3.33  -1.62
2024      5     12     11     32     00    000  12.35  -3.32  -1.63
2024      5     12     11     33     00    000  12.36  -3.31  -1.63
2024      5     12     11     34     00    000  12.37  -3.31  -1.63
2024      5     12     11     35     00    000  12.37  -3.30  -1.64
2024      5     12     11     36     00    000  12.38  -3.29  -1.64
2024      5     12     11     37     00    000  12.38  -3.29  -1.64
2024      5     12     11     38     00    000  12.39  -3.28  -1.65
2024      5     12     11     39     00    000  12.39  -3.27  -1.65
2024      5     12     11     40     00    000  12.40  -3.27  -1.66
2024      5     12     11     41     00    000  12.41  -3.26  -1.66
2024      5     12     11     42     00    000  12.41  -3.25  -1.66
2024      5     12     11     43     00    000  12.42  -3.25  -1.67
2024      5     12     11     44     00    000  12.42  -3.24  -1.67
2024      5     12     11     45     00    000  12.43  -3.23  -1.68
2024      5     12     11     46     00    000  12.43  -3.23  -1.68
2024      5     12     11     47     00    000  12.44  -3.22  -1.68
2024      5     12     11     48     00    000  12.44  -3.21  -1.69
2024      5     12     11     49     00    000  12.45  -3.21  -1.69
2024      5     12     11     50     00    000  12.46  -3.20  -1.70
2024      5     12     11     51     00    000  12.46  -3.19  -1.70
2024      5     12     11     52     00    000  12.47  -3.18  -1.70
2024      5     12     11     53     00    000  12.47  -3.18  -1.71
2024      5     12     11     54     00    000  12.48  -3.17  -1.71
2024      5     12     11     55     00    000  12.48  -3.16  -1.72
2024      5     12     11     56     00    000  12.49  -3.16  -1.72
2024      5     12     11     57     00    000  12.49  -3.15  -1.72
2024      5     12     11     58     00    000  12.50  -3.14  -1.73
2024      5     12     11     59     00    000  12.50  -3.14  -1.73
2024      5     12     12     00     00    000  12.51  -3.13  -1.73
2024      5     12     12     01     00    000  12.51  -3.12  -1.74
2024      5     12     12     02     00    000  12.52  -3.11  -1.74
2024      5     12     12     03     00    000  12.52  -3.11  -1.75
2024      5     12     12     04     00    000  12.53  -3.10  -1.75
2024      5     12     12     05     00    000  12.53  -3.09  -1.75
2024      5     12     12     06     00    000  12.54  -3.09  -1.76
2024      5     12     12     07     00    000  12.54  -3.08  -1.76
2024      5     12     12     08     00    000  12.55  -3.07  -1.77
2024      5     12     12     09     00    000  12.55  -3.06  -1.77
2024      5     12     12     10     00    000  12.56  -3.06  -1.77
2024      5     12     12     11     00    000  12.56  -3.05  -1.78
2024      5     12     12     12     00    000  12.56  -3.04  -1.78
2024      5     12     12     13     00    000  12.57  -3.03  -1.79
2024      5     12     12     14     00    000  12.57  -3.03  -1.79
2024      5     12     12     15     00    000  12.58  -3.02  -1.79
2024      5     12     12     16     00    000  12.58  -3.01  -1.80
2024      5     12     12     17     00    000  12.59  -3.01  -1.80
2024      5     12     12     18     00    000  12.59  -3.00  -1.81
2024      5     12     12     19     00    000  12.60  -2.99  -1.81
2024      5     12     12     20     00    000  12.60  -2.98  -1.81
2024      5     12     12     21     00    000  12.61  -2.98  -1.82
2024      5     12     12     22     00    000  12.61  -2.97  -1.82
2024      5     12     12     23     00    000  12.61  -2.96  -1.83
2024      5     12     12     24     00    000  12.62  -2.95  -1.83
2024      5     12     12     25     00    000  12.62  -2.95  -1.84
2024      5     12     12     26     00    000  12.63  -2.94  -1.84
2024      5     12     12     27     00    000  12.63  -2.93  -1.84
2024      5     12     12     28     00    000  12.63  -2.92  -1.85
2024      5     12     12     29     00    000  12.64  -2.92  -1.85
2024      5     12     12     30     00    000  12.64  -2.91  -1.86
2024      5     12     12     31     00    000  12.65  -2.90  -1.86
2024      5     12     12     32     00    000  12.65  -2.89  -1.86
2024      5     12     12     33     00    000  12.66  -2.89  -1.87
2024      5     12     12     34     00    000  12.66  -2.88  -1.87
2024      5     12     12     35     00    000  12.66  -2.87  -1.88
2024      5     12     12     36     00    000  12.67  -2.86  -1.88
2024      5     12     12     37     00    000  12.67  -2.86  -1.88
2024      5     12     12     38     00    000  12.67  -2.85  -1.89
2024      5     12     12     39     00    000  12.68  -2.84  -1.89
2024      5     12     12     40     00    000  12.68  -2.83  -1.90
2024      5     12     12     41     00    000  12.69  -2.82  -1.90
2024      5     12     12     42     00    000  12.69  -2.82  -1.90
2024      5     12     12     43     00    000  12.69  -2.81  -1.91
2024      5     12     12     44     00    000  12.70  -2.80  -1.91
2024      5     12     12     45     00    000  12.70  -2.79  -1.92
2024      5     12     12     46     00    000  12.70  -2.79  -1.92
2024      5     12     12     47     00    000  12.71  -2.78  -1.92
2024      5     12     12     48     00    000  12.71  -2.77  -1.93
2024      5     12     12     49     00    000  12.72  -2.76  -1.93
2024      5     12     12     50     00    000  12.72  -2.75  -1.94
2024      5     12     12     51     00    000  12.72  -2.75  -1.94
2024      5     12     12     52     00    000  12.73  -2.74  -1.94
2024      5     12     12     53     00    000  12.73  -2.73  -1.95
2024      5     12     12     54     00    000  12.73  -2.72  -1.95
2024      5     12     12     55     00    000  12.74  -2.72  -1.96
2024      5     12     12     56     00    000  12.74  -2.71  -1.96
2024      5     12     12     57     00    000  12.74  -2.70  -1.96
2024      5     12     12     58     00    000  12.75  -2.69  -1.97
2024      5     12     12     59     00    000  12.75  -2.68  -1.97
2024      5     12     13     00     00    000  12.75  -2.68  -1.98
2024      5     12     13     01     00    000  12.75  -2.67  -1.98
2024      5     12     13     02     00    000  12.76  -2.66  -1.98
2024      5     12     13     03     00    000  12.76  -2.65  -1.99
2024      5     12     13     04     00    000  12.76  -2.64  -1.99
2024      5     12     13     05     00    000  12.77  -2.64  -2.00
2024      5     12     13     06     00    000  12.77  -2.63  -2.00
2024      5     12     13     07     00    000  12.77  -2.62  -2.00
2024      5     12     13     08     00    000  12.78  -2.61  -2.01
2024      5     12     13     09     00    000  12.78  -2.60  -2.01
2024      5     12     13     10     00    000  12.78  -2.59  -2.02
2024      5     12     13     11     00    000  12.78  -2.59  -2.02
2024      5     12     13     12     00    000  12.79  -2.58  -2.02
2024      5     12     13     13     00    000  12.79  -2.57  -2.03
2024      5     12     13     14     00    000  12.79  -2.56  -2.03
2024      5     12     13     15     00    000  12.80  -2.55  -2.04
2024      5     12     13     16     00    000  12.80  -2.55  -2.04
2024      5     12     13     17     00    000  12.80  -2.54  -2.04
2024      5     12     13     18     00    000  12.80  -2.53  -2.05
2024      5     12     13     19     00    000  12.81  -2.52  -2.05
2024      5     12     13     20     00    000  12.81  -2.51  -2.06
2024      5     12     13     21     00    000  12.81  -2.50  -2.06
2024      5     12     13     22     00    000  12.81  -2.50  -2.06
2024      5     12     13     23     00    000  12.82  -2.49  -2.07
2024      5     12     13     24     00    000  12.82  -2.48  -2.07
2024      5     12     13     25     00    000  12.82  -2.47  -2.08
2024      5     12     13     26     00    000  12.82  -2.46  -2.08
2024      5     12     13     27     00    000  12.83  -2.45  -2.08
2024      5     12     13     28     00    000  12.83  -2.45  -2.09
2024      5     12     13     29     00    000  12.83  -2.44  -2.09
2024      5     12     13     30     00    000  12.83  -2.43  -2.09
2024      5     12     13     31     00    000  12.83  -2.42  -2.10
2024      5     12     13     32     00    000  12.84  -2.41  -2.10
2024      5     12     13     33     00    000  12.84  -2.40  -2.11
2024      5     12     13     34     00    000  12.84  -2.39  -2.11
2024      5     12     13     35     00    000  12.84  -2.39  -2.11
2024      5     12     13     36     00    000  12.85  -2.38  -2.12
2024      5     12     13     37     00    000  12.85  -2.37  -2.12
2024      5     12     13     38     00    000  12.85  -2.36  -2.13
2024      5     12     13     39     00    000  12.85  -2.35  -2.13
2024      5     12     13     40     00    000  12.85  -2.34  -2.13
2024      5     12     13     41     00    000  12.86  -2.33  -2.14
2024      5     12     13     42     00    000  12.86  -2.33  -2.14
2024      5     12     13     43     00    000  12.86  -2.32  -2.14
2024      5     12     13     44     00    000  12.86  -2.31  -2.15
2024      5     12     13     45     00    000  12.86  -2.30  -2.15
2024      5     12     13     46     00    000  12.86  -2.29  -2.16
2024      5     12     13     47     00    000  12.87  -2.28  -2.16
2024      5     12     13     48     00    000  12.87  -2.27  -2.16
2024      5     12     13     49     00    000  12.87  -2.27  -2.17
2024      5     12     13     50     00    000  12.87  -2.26  -2.17
2024      5     12     13     51     00    000  12.87  -2.25  -2.17
2024      5     12     13     52     00    000  12.87  -2.24  -2.18
2024      5     12     13     53     00    000  12.88  -2.23  -2.18
2024      5     12     13     54     00    000  12.88  -2.22  -2.19
2024      5     12     13     55     00    000  12.88  -2.21  -2.19
2024      5     12     13     56     00    000  12.88  -2.20  -2.19
2024      5     12     13     57     00    000  12.88  -2.20  -2.20
2024      5     12     13     58     00    000  12.88  -2.19  -2.20
2024      5     12     13     59     00    000  12.88  -2.18  -2.20
2024      5     12     14     00     00    000  12.89  -2.17  -2.21
2024      5     12     14     01     00    000  12.89  -2.16  -2.21
2024      5     12     14     02     00    000  12.89  -2.15  -2.22
2024      5     12     14     03     00    000  12.89  -2.14  -2.22
2024      5     12     14     04     00    000  12.89  -2.13  -2.22
2024      5     12     14     05     00    000  12.89  -2.12  -2.23
2024      5     12     14     06     00    000  12.89  -2.11  -2.23
2024      5     12     14     07     00    000  12.89  -2.11  -2.23
2024      5     12     14     08     00    000  12.90  -2.10  -2.24
2024      5     12     14     09     00    000  12.90  -2.09  -2.24
2024      5     12     14     10     00    000  12.90  -2.08  -2.24
2024      5     12     14     11     00    000  12.90  -2.07  -2.25
2024      5     12     14     12     00    000  12.90  -2.06  -2.25
2024      5     12     14     13     00    000  12.90  -2.05  -2.26
2024      5     12     14     14     00    000  12.90  -2.04  -2.26
2024      5     12     14     15     00    000  12.90  -2.03  -2.26
2024      5     12     14     16     00    000  12.90  -2.02  -2.27
2024      5     12     14     17     00    000  12.90  -2.02  -2.27
2024      5     12     14     18     00    000  12.91  -2.01  -2.27
2024      5     12     14     19     00    000  12.91  -2.00  -2.28
2024      5     12     14     20     00    000  12.91  -1.99  -2.28
2024      5     12     14     21     00    000  12.91  -1.98  -2.28
2024      5     12     14     22     00    000  12.91  -1.97  -2.29
2024      5     12     14     23     00    000  12.91  -1.96  -2.29
2024      5     12     14     24     00    000  12.91  -1.95  -2.29
2024      5     12     14     25     00    000  12.91  -1.94  -2.30
2024      5     12     14     26     00    000  12.91  -1.93  -2.30
2024      5     12     14     27     00    000  12.91  -1.92  -2.30
2024      5     12     14     28     00    000  12.91  -1.91  -2.31
2024      5     12     14     29     00    000  12.91  -1.90  -2.31
2024      5     12     14     30     00    000  12.91  -1.90  -2.31
2024      5     12     14     31     00    000  12.91  -1.89  -2.32
2024      5     12     14     32     00    000  12.91  -1.88  -2.32
2024      5     12     14     33     00    000  12.91  -1.87  -2.32
2024      5     12     14     34     00    000  12.91  -1.86  -2.33
2024      5     12     14     35     00    000  12.91  -1.85  -2.33
2024      5     12     14     36     00    000  12.91  -1.84  -2.33
2024      5     12     14     37     00    000  12.91  -1.83  -2.34
2024      5     12     14     38     00    000  12.91  -1.82  -2.34
2024      5     12     14     39     00    000  12.91  -1.81  -2.34
2024      5     12     14     40     00    000  12.91  -1.80  -2.35
2024      5     12     14     41     00    000  12.91  -1.79  -2.35
2024      5     12     14     42     00    000  12.91  -1.78  -2.35
2024      5     12     14     43     00    000  12.91  -1.77  -2.36
2024      5     12     14     44     00    000  12.91  -1.76  -2.36
2024      5     12     14     45     00    000  12.91  -1.75  -2.36
2024      5     12     14     46     00    000  12.91  -1.74  -2.37
2024      5     12     14     47     00    000  12.91  -1.73  -2.37
2024      5     12     14     48     00    000  12.91  -1.73  -2.37
2024      5     12     14     49     00    000  12.91  -1.72  -2.38
2024      5     12     14     50     00    000  12.91  -1.71  -2.38
2024      5     12     14     51     00    000  12.91  -1.70  -2.38
2024      5     12     14     52     00    000  12.91  -1.69  -2.38
2024      5     12     14     53     00    000  12.91  -1.68  -2.39
2024      5     12     14     54     00    000  12.91  -1.67  -2.39
2024      5     12     14     55     00    000  12.91  -1.66  -2.39
2024      5     12     14     56     00    000  12.91  -1.65  -2.40
2024      5     12     14     57     00    000  12.91  -1.64  -2.40
2024      5     12     14     58     00    000  12.91  -1.63  -2.40
2024      5     12     14     59     00    000  12.91  -1.62  -2.41
2024      5     12     15     00     00    000  12.91  -1.61  -2.41
2024      5     12     15     01     00    000  12.91  -1.60  -2.41
2024      5     12     15     02     00    000  12.91  -1.59  -2.41
2024      5     12     15     03     00    000  12.91  -1.58  -2.42
2024      5     12     15     04     00    000  12.91  -1.57  -2.42
2024      5     12     15     05     00    000  12.91  -1.56  -2.42
2024      5     12     15     06     00    000  12.91  -1.55  -2.43
2024      5     12     15     07     00    000  12.91  -1.54  -2.43
2024      5     12     15     08     00    000  12.91  -1.53  -2.43
2024      5     12     15     09     00    000  12.91  -1.52  -2.43
2024      5     12     15     10     00    000  12.90  -1.51  -2.44
2024      5     12     15     11     00    000  12.90  -1.50  -2.44
2024      5     12     15     12     00    000  12.90  -1.49  -2.44
2024      5     12     15     13     00    000  12.90  -1.48  -2.45
2024      5     12     15     14     00    000  12.90  -1.47  -2.45
2024      5     12     15     15     00    000  12.90  -1.46  -2.45
2024      5     12     15     16     00    000  12.90  -1.45  -2.45
2024      5     12     15     17     00    000  12.90  -1.44  -2.46
2024      5     12     15     18     00    000  12.90  -1.43  -2.46
2024      5     12     15     19     00    000  12.90  -1.42  -2.46
2024      5     12     15     20     00    000  12.89  -1.41  -2.46
2024      5     12     15     21     00    000  12.89  -1.40  -2.47
2024      5     12     15     22     00    000  12.89  -1.39  -2.47
2024      5     12     15     23     00    000  12.89  -1.38  -2.47
2024      5     12     15     24     00    000  12.89  -1.37  -2.48
2024      5     12     15     25     00    000  12.89  -1.36  -2.48
2024      5     12     15     26     00    000  12.89  -1.35  -2.48
2024      5     12     15     27     00    000  12.89  -1.34  -2.48
2024      5     12     15     28     00    000  12.88  -1.33  -2.49
2024      5     12     15     29     00    000  12.88  -1.32  -2.49
2024      5     12     15     30     00    000  12.88  -1.31  -2.49
2024      5     12     15     31     00    000  12.88  -1.30  -2.49
2024      5     12     15     32     00    000  12.88  -1.29  -2.50
2024      5     12     15     33     00    000  12.88  -1.28  -2.50
2024      5     12     15     34     00    000  12.88  -1.27  -2.50
2024      5     12     15     35     00    000  12.87  -1.26  -2.50
2024      5     12     15     36     00    000  12.87  -1.25  -2.50
2024      5     12     15     37     00    000  12.87  -1.24  -2.51
2024      5     12     15     38     00    000  12.87  -1.23  -2.51
2024      5     12     15     39     00    000  12.87  -1.22  -2.51
2024      5     12     15     40     00    000  12.87  -1.21  -2.51
2024      5     12     15     41     00    000  12.86  -1.20  -2.52
2024      5     12     15     42     00    000  12.86  -1.19  -2.52
2024      5     12     15     43     00    000  12.86  -1.18  -2.52
2024      5     12     15     44     00    000  12.86  -1.17  -2.52
2024      5     12     15     45     00    000  12.86  -1.16  -2.53
2024      5     12     15     46     00    000  12.86  -1.15  -2.53
2024      5     12     15     47     00    000  12.85  -1.14  -2.53
2024      5     12     15     48     00    000  12.85  -1.13  -2.53
2024      5     12     15     49     00    000  12.85  -1.12  -2.53
2024      5     12     15     50     00    000  12.85  -1.11  -2.54
2024      5     12     15     51     00    000  12.85  -1.10  -2.54
2024      5     12     15     52     00    000  12.84  -1.09  -2.54
2024      5     12     15     53     00    000  12.84  -1.08  -2.54
2024      5     12     15     54     00    000  12.84  -1.07  -2.54
2024      5     12     15     55     00    000  12.84  -1.06  -2.55
2024      5     12     15     56     00    000  12.83  -1.05  -2.55
2024      5     12     15     57     00    000  12.83  -1.04  -2.55
2024      5     12     15     58     00    000  12.83  -1.03  -2.55
2024      5     12     15     59     00    000  12.83  -1.02  -2.55
2024      5     12     16     00     00    000  12.83  -1.01  -2.56
2024      5     12     16     01     00    000  12.82  -1.00  -2.56
2024      5     12     16     02     00    000  12.82  -0.99  -2.56
2024      5     12     16     03     00    000  12.82  -0.98  -2.56
2024      5     12     16     04     00    000  12.82  -0.97  -2.56
2024      5     12     16     05     00    000  12.81  -0.96  -2.56
2024      5     12     16     06     00    000  12.81  -0.95  -2.57
2024      5     12     16     07     00    000  12.81  -0.94  -2.57
2024      5     12     16     08     00    000  12.81  -0.93  -2.57
2024      5     12     16     09     00    000  12.80  -0.92  -2.57
2024      5     12     16     10     00    000  12.80  -0.91  -2.57
2024      5     12     16     11     00    000  12.80  -0.90  -2.58
2024      5     12     16     12     00    000  12.79  -0.89  -2.58
2024      5     12     16     13     00    000  12.79  -0.88  -2.58
2024      5     12     16     14     00    000  12.79  -0.87  -2.58
2024      5     12     16     15     00    000  12.79  -0.86  -2.58
2024      5     12     16     16     00    000  12.78  -0.84  -2.58
2024      5     12     16     17     00    000  12.78  -0.83  -2.59
2024      5     12     16     18     00    000  12.78  -0.82  -2.59
2024      5     12     16     19     00    000  12.77  -0.81  -2.59
2024      5     12     16     20     00    000  12.77  -0.80  -2.59
2024      5     12     16     21     00    000  12.77  -0.79  -2.59
2024      5     12     16     22     00    000  12.77  -0.78  -2.59
2024      5     12     16     23     00    000  12.76  -0.77  -2.59
2024      5     12     16     24     00    000  12.76  -0.76  -2.60
2024      5     12     16     25     00    000  12.76  -0.75  -2.60
2024      5     12     16     26     00    000  12.75  -0.74  -2.60
2024      5     12     16     27     00    000  12.75  -0.73  -2.60
2024      5     12     16     28     00    000  12.75  -0.72  -2.60
2024      5     12     16     29     00    000  12.74  -0.71  -2.60
2024      5     12     16     30     00    000  12.74  -0.70  -2.60
2024      5     12     16     31     00    000  12.74  -0.69  -2.60
2024      5     12     16     32     00    000  12.73  -0.68  -2.61
2024      5     12     16     33     00    000  12.73  -0.67  -2.61
2024      5     12     16     34     00    000  12.73  -0.66  -2.61
2024      5     12     16     35     00    000  12.72  -0.65  -2.61
2024      5     12     16     36     00    000  12.72  -0.64  -2.61
2024      5     12     16     37     00    000  12.72  -0.63  -2.61
2024      5     12     16     38     00    000  12.71  -0.62  -2.61
2024      5     12     16     39     00    000  12.71  -0.61  -2.61
2024      5     12     16     40     00    000  12.71  -0.59  -2.62
2024      5     12     16     41     00    000  12.70  -0.58  -2.62
2024      5     12     16     42     00    000  12.70  -0.57  -2.62
2024      5     12     16     43     00    000  12.69  -0.56  -2.62
2024      5     12     16     44     00    000  12.69  -0.55  -2.62
2024      5     12     16     45     00    000  12.69  -0.54  -2.62
2024      5     12     16     46     00    000  12.68  -0.53  -2.62
2024      5     12     16     47     00    000  12.68  -0.52  -2.62
2024      5     12     16     48     00    000  12.68  -0.51  -2.62
2024      5     12     16     49     00    000  12.67  -0.50  -2.62
2024      5     12     16     50     00    000  12.67  -0.49  -2.62
2024      5     12     16     51     00    000  12.66  -0.48  -2.63
2024      5     12     16     52     00    000  12.66  -0.47  -2.63
2024      5     12     16     53     00    000  12.66  -0.46  -2.63
2024      5     12     16     54     00    000  12.65  -0.45  -2.63
2024      5     12     16     55     00    000  12.65  -0.44  -2.63
2024      5     12     16     56     00    000  12.64  -0.43  -2.63
2024      5     12     16     57     00    000  12.64  -0.42  -2.63
2024      5     12     16     58     00    000  12.64  -0.41  -2.63
2024      5     12     16     59     00    000  12.63  -0.40  -2.63
2024      5     12     17     00     00    000  12.63  -0.38  -2.63
2024      5     12     17     01     00    000  12.62  -0.37  -2.63
2024      5     12     17     02     00    000  12.62  -0.36  -2.63
2024      5     12     17     03     00    000  12.61  -0.35  -2.63
2024      5     12     17     04     00    000  12.61  -0.34  -2.63
2024      5     12     17     05     00    000  12.61  -0.33  -2.63
2024      5     12     17     06     00    000  12.60  -0.32  -2.64
2024      5     12     17     07     00    000  12.60  -0.31  -2.64
2024      5     12     17     08     00    000  12.59  -0.30  -2.64
2024      5     12     17     09     00    000  12.59  -0.29  -2.64
2024      5     12     17     10     00    000  12.58  -0.28  -2.64
2024      5     12     17     11     00    000  12.58  -0.27  -2.64
2024      5     12     17     12     00    000  12.57  -0.26  -2.64
2024      5     12     17     13     00    000  12.57  -0.25  -2.64
2024      5     12     17     14     00    000  12.56  -0.24  -2.64
2024      5     12     17     15     00    000  12.56  -0.23  -2.64
2024      5     12     17     16     00    000  12.55  -0.22  -2.64
2024      5     12     17     17     00    000  12.55  -0.21  -2.64
2024      5     12     17     18     00    000  12.54  -0.20  -2.64
2024      5     12     17     19     00    000  12.54  -0.18  -2.64
2024      5     12     17     20     00    000  12.54  -0.17  -2.64
2024      5     12     17     21     00    000  12.53  -0.16  -2.64
2024      5     12     17     22     00    000  12.53  -0.15  -2.64
2024      5     12     17     23     00    000  12.52  -0.14  -2.64
2024      5     12     17     24     00    000  12.52  -0.13  -2.64
2024      5     12     17     25     00    000  12.51  -0.12  -2.64
2024      5     12     17     26     00    000  12.50  -0.11  -2.64
2024      5     12     17     27     00    000  12.50  -0.10  -2.64
2024      5     12     17     28     00    000  12.49  -0.09  -2.64
2024      5     12     17     29     00    000  12.49  -0.08  -2.64
2024      5     12     17     30     00    000  12.48  -0.07  -2.64
2024      5     12     17     31     00    000  12.48  -0.06  -2.64
2024      5     12     17     32     00    000  12.47  -0.05  -2.64
2024      5     12     17     33     00    000  12.47  -0.04  -2.64
2024      5     12     17     34     00    000  12.46  -0.03  -2.64
2024      5     12     17     35     00    000  12.46  -0.02  -2.64
2024      5     12     17     36     00    000  12.45  -0.01  -2.64
2024      5     12     17     37     00    000  12.45   0.00  -2.64
2024      5     12     17     38     00    000  12.44   0.01  -2.64
2024      5     12     17     39     00    000  12.44   0.03  -2.64
2024      5     12     17     40     00    000  12.43   0.04  -2.64
2024      5     12     17     41     00    000  12.42   0.05  -2.64
2024      5     12     17     42     00    000  12.42   0.06  -2.64
2024      5     12     17     43     00    000  12.41   0.07  -2.64
2024      5     12     17     44     00    000  12.41   0.08  -2.64
2024      5     12     17     45     00    000  12.40   0.09  -2.64
2024      5     12     17     46     00    000  12.40   0.10  -2.64
2024      5     12     17     47     00    000  12.39   0.11  -2.64
2024      5     12     17     48     00    000  12.38   0.12  -2.64
2024      5     12     17     49     00    000  12.38   0.13  -2.64
2024      5     12     17     50     00    000  12.37   0.14  -2.64
2024      5     12     17     51     00    000  12.37   0.15  -2.63
2024      5     12     17     52     00    000  12.36   0.16  -2.63
2024      5     12     17     53     00    000  12.35   0.17  -2.63
2024      5     12     17     54     00    000  12.35   0.18  -2.63
2024      5     12     17     55     00    000  12.34   0.19  -2.63
2024      5     12     17     56     00    000  12.34   0.20  -2.63
2024      5     12     17     57     00    000  12.33   0.21  -2.63
2024      5     12     17     58     00    000  12.32   0.22  -2.63
2024      5     12     17     59     00    000  12.32   0.23  -2.63
2024      5     12     18     00     00    000  12.31   0.24  -2.63
2024      5     12     18     01     00    000  12.31   0.26  -2.63
2024      5     12     18     02     00    000  12.30   0.27  -2.63
2024      5     12     18     03     00    000  12.29   0.28  -2.63
2024      5     12     18     04     00    000  12.29   0.29  -2.63
2024      5     12     18     05     00    000  12.28   0.30  -2.63
2024      5     12     18     06     00    000  12.27   0.31  -2.63
2024      5     12     18     07     00    000  12.27   0.32  -2.62
2024      5     12     18     08     00    000  12.26   0.33  -2.62
2024      5     12     18     09     00    000  12.25   0.34  -2.62
2024      5     12     18     10     00    000  12.25   0.35  -2.62
2024      5     12     18     11     00    000  12.24   0.36  -2.62
2024      5     12     18     12     00    000  12.23   0.37  -2.62
2024      5     12     18     13     00    000  12.23   0.38  -2.62
2024      5     12     18     14     00    000  12.22   0.39  -2.62
2024      5     12     18     15     00    000  12.21   0.40  -2.62
2024      5     12     18     16     00    000  12.21   0.41  -2.62
2024      5     12     18     17     00    000  12.20   0.42  -2.61
2024      5     12     18     18     00    000  12.19   0.43  -2.61
2024      5     12     18     19     00    000  12.19   0.44  -2.61
2024      5     12     18     20     00    000  12.18   0.45  -2.61
2024      5     12     18     21     00    000  12.17   0.46  -2.61
2024      5     12     18     22     00    000  12.17   0.47  -2.61
2024      5     12     18     23     00    000  12.16   0.48  -2.61
2024      5     12     18     24     00    000  12.15   0.49  -2.61
2024      5     12     18     25     00    000  12.15   0.50  -2.61
2024      5     12     18     26     00    000  12.14   0.51  -2.60
2024      5     12     18     27     00    000  12.13   0.52  -2.60
2024      5     12     18     28     00    000  12.12   0.53  -2.60
2024      5     12     18     29     00    000  12.12   0.54  -2.60
2024      5     12     18     30     00    000  12.11   0.55  -2.60
2024      5     12     18     31     00    000  12.10   0.56  -2.60
2024      5     12     18     32     00    000  12.09   0.57  -2.60
2024      5     12     18     33     00    000  12.09   0.58  -2.60
2024      5     12     18     34     00    000  12.08   0.60  -2.59
2024      5     12     18     35     00    000  12.07   0.61  -2.59
2024      5     12     18     36     00    000  12.06   0.62  -2.59
2024      5     12     18     37     00    000  12.06   0.63  -2.59
2024      5     12     18     38     00    000  12.05   0.64  -2.59
2024      5     12     18     39     00    000  12.04   0.65  -2.59
2024      5     12     18     40     00    000  12.03   0.66  -2.59
2024      5     12     18     41     00    000  12.03   0.67  -2.58
2024      5     12     18     42     00    000  12.02   0.68  -2.58
2024      5     12     18     43     00    000  12.01   0.69  -2.58
2024      5     12     18     44     00    000  12.00   0.70  -2.58
2024      5     12     18     45     00    000  12.00   0.71  -2.58
2024      5     12     18     46     00    000  11.99   0.72  -2.58
2024      5     12     18     47     00    000  11.98   0.73  -2.57
2024      5     12     18     48     00    000  11.97   0.74  -2.57
2024      5     12     18     49     00    000  11.96   0.75  -2.57
2024      5     12     18     50     00    000  11.96   0.76  -2.57
2024      5     12     18     51     00    000  11.95   0.77  -2.57
2024      5     12     18     52     00    000  11.94   0.78  -2.57
2024      5     12     18     53     00    000  11.93   0.79  -2.56
2024      5     12     18     54     00    000  11.92   0.80  -2.56
2024      5     12     18     55     00    000  11.92   0.81  -2.56
2024      5     12     18     56     00    000  11.91   0.82  -2.56
2024      5     12     18     57     00    000  11.90   0.83  -2.56
2024      5     12     18     58     00    000  11.89   0.84  -2.56
2024      5     12     18     59     00    000  11.88   0.85  -2.55
2024      5     12     19     00     00    000  11.87   0.86  -2.55
2024      5     12     19     01     00    000  11.87   0.87  -2.55
2024      5     12     19     02     00    000  11.86   0.88  -2.55
2024      5     12     19     03     00    000  11.85   0.89  -2.55
2024      5     12     19     04     00    000  11.84   0.90  -2.54
2024      5     12     19     05     00    000  11.83   0.91  -2.54
2024      5     12     19     06     00    000  11.82   0.92  -2.54
2024      5     12     19     07     00    000  11.82   0.93  -2.54
2024      5     12     19     08     00    000  11.81   0.94  -2.54
2024      5     12     19     09     00    000  11.80   0.95  -2.53
2024      5     12     19     10     00    000  11.79   0.96  -2.53
2024      5     12     19     11     00    000  11.78   0.97  -2.53
2024      5     12     19     12     00    000  11.77   0.98  -2.53
2024      5     12     19     13     00    000  11.76   0.99  -2.53
2024      5     12     19     14     00    000  11.75   1.00  -2.52
2024      5     12     19     15     00    000  11.75   1.00  -2.52
2024      5     12     19     16     00    000  11.74   1.01  -2.52
2024      5     12     19     17     00    000  11.73   1.02  -2.52
2024      5     12     19     18     00    000  11.72   1.03  -2.52
2024      5     12     19     19     00    000  11.71   1.04  -2.51
2024      5     12     19     20     00    000  11.70   1.05  -2.51
2024      5     12     19     21     00    000  11.69   1.06  -2.51
2024      5     12     19     22     00    000  11.68   1.07  -2.51
2024      5     12     19     23     00    000  11.67   1.08  -2.50
2024      5     12     19     24     00    000  11.66   1.09  -2.50
2024      5     12     19     25     00    000  11.65   1.10  -2.50
2024      5     12     19     26     00    000  11.65   1.11  -2.50
2024      5     12     19     27     00    000  11.64   1.12  -2.50
2024      5     12     19     28     00    000  11.63   1.13  -2.49
2024      5     12     19     29     00    000  11.62   1.14  -2.49
2024      5     12     19     30     00    000  11.61   1.15  -2.49
2024      5     12     19     31     00    000  11.60   1.16  -2.49
2024      5     12     19     32     00    000  11.59   1.17  -2.48
2024      5     12     19     33     00    000  11.58   1.18  -2.48
2024      5     12     19     34     00    000  11.57   1.19  -2.48
2024      5     12     19     35     00    000  11.56   1.20  -2.48
2024      5     12     19     36     00    000  11.55   1.21  -2.47
2024      5     12     19     37     00    000  11.54   1.22  -2.47
2024      5     12     19     38     00    000  11.53   1.23  -2.47
2024      5     12     19     39     00    000  11.52   1.24  -2.47
2024      5     12     19     40     00    000  11.51   1.25  -2.46
2024      5     12     19     41     00    000  11.50   1.26  -2.46
2024      5     12     19     42     00    000  11.49   1.26  -2.46
2024      5     12     19     43     00    000  11.48   1.27  -2.46
2024      5     12     19     44     00    000  11.47   1.28  -2.45
2024      5     12     19     45     00    000  11.46   1.29  -2.45
2024      5     12     19     46     00    000  11.45   1.30  -2.45
2024      5     12     19     47     00    000  11.44   1.31  -2.45
2024      5     12     19     48     00    000  11.43   1.32  -2.44
2024      5     12     19     49     00    000  11.42   1.33  -2.44
2024      5     12     19     50     00    000  11.41   1.34  -2.44
2024      5     12     19     51     00    000  11.40   1.35  -2.44
2024      5     12     19     52     00    000  11.39   1.36  -2.43
2024      5     12     19     53     00    000  11.38   1.37  -2.43
2024      5     12     19     54     00    000  11.37   1.38  -2.43
2024      5     12     19     55     00    000  11.36   1.39  -2.42
2024      5     12     19     56     00    000  11.35   1.40  -2.42
2024      5     12     19     57     00    000  11.34   1.40  -2.42
2024      5     12     19     58     00    000  11.33   1.41  -2.42
2024      5     12     19     59     00    000  11.32   1.42  -2.41
2024      5     12     20     00     00    000  11.31   1.43  -2.41
2024      5     12     20     01     00    000  11.30   1.44  -2.41
2024      5     12     20     02     00    000  11.29   1.45  -2.40
2024      5     12     20     03     00    000  11.28   1.46  -2.40
2024      5     12     20     04     00    000  11.26   1.47  -2.40
2024      5     12     20     05     00    000  11.25   1.48  -2.40
2024      5     12     20     06     00    000  11.24   1.49  -2.39
2024      5     12     20     07     00    000  11.23   1.50  -2.39
2024      5     12     20     08     00    000  11.22   1.51  -2.39
2024      5     12     20     09     00    000  11.21   1.51  -2.38
2024      5     12     20     10     00    000  11.20   1.52  -2.38
2024      5     12     20     11     00    000  11.19   1.53  -2.38
2024      5     12     20     12     00    000  11.18   1.54  -2.38
2024      5     12     20     13     00    000  11.17   1.55  -2.37
2024      5     12     20     14     00    000  11.15   1.56  -2.37
2024      5     12     20     15     00    000  11.14   1.57  -2.37
2024      5     12     20     16     00    000  11.13   1.58  -2.36
2024      5     12     20     17     00    000  11.12   1.59  -2.36
2024      5     12     20     18     00    000  11.11   1.60  -2.36
2024      5     12     20     19     00    000  11.10   1.60  -2.36
2024      5     12     20     20     00    000  11.09   1.61  -2.35
2024      5     12     20     21     00    000  11.08   1.62  -2.35
2024      5     12     20     22     00    000  11.06   1.63  -2.35
2024      5     12     20     23     00    000  11.05   1.64  -2.34
2024      5     12     20     24     00    000  11.04   1.65  -2.34
2024      5     12     20     25     00    000  11.03   1.66  -2.34
2024      5     12     20     26     00    000  11.02   1.67  -2.33
2024      5     12     20     27     00    000  11.01   1.68  -2.33
2024      5     12     20     28     00    000  10.99   1.68  -2.33
2024      5     12     20     29     00    000  10.98   1.69  -2.32
2024      5     12     20     30     00    000  10.97   1.70  -2.32
2024      5     12     20     31     00    000  10.96   1.71  -2.32
2024      5     12     20     32     00    000  10.95   1.72  -2.32
2024      5     12     20     33     00    000  10.94   1.73  -2.31
2024      5     12     20     34     00    000  10.92   1.74  -2.31
2024      5     12     20     35     00    000  10.91   1.75  -2.31
2024      5     12     20     36     00    000  10.90   1.75  -2.30
2024      5     12     20     37     00    000  10.89   1.76  -2.30
2024      5     12     20     38     00    000  10.88   1.77  -2.30
2024      5     12     20     39     00    000  10.86   1.78  -2.29
2024      5     12     20     40     00    000  10.85   1.79  -2.29
2024      5     12     20     41     00    000  10.84   1.80  -2.29
2024      5     12     20     42     00    000  10.83   1.81  -2.28
2024      5     12     20     43     00    000  10.81   1.81  -2.28
2024      5     12     20     44     00    000  10.80   1.82  -2.28
2024      5     12     20     45     00    000  10.79   1.83  -2.27
2024      5     12     20     46     00    000  10.78   1.84  -2.27
2024      5     12     20     47     00    000  10.76   1.85  -2.27
2024      5     12     20     48     00    000  10.75   1.86  -2.26
2024      5     12     20     49     00    000  10.74   1.87  -2.26
2024      5     12     20     50     00    000  10.73   1.87  -2.26
2024      5     12     20     51     00    000  10.71   1.88  -2.25
2024      5     12     20     52     00    000  10.70   1.89  -2.25
2024      5     12     20     53     00    000  10.69   1.90  -2.25
2024      5     12     20     54     00    000  10.68   1.91  -2.24
2024      5     12     20     55     00    000  10.66   1.92  -2.24
2024      5     12     20     56     00    000  10.65   1.92  -2.24
2024      5     12     20     57     00    000  10.64   1.93  -2.23
2024      5     12     20     58     00    000  10.62   1.94  -2.23
2024      5     12     20     59     00    000  10.61   1.95  -2.23
2024      5     12     21     00     00    000  10.60   1.96  -2.22
2024      5     12     21     01     00    000  10.58   1.97  -2.22
2024      5     12     21     02     00    000  10.57   1.97  -2.22
2024      5     12     21     03     00    000  10.56   1.98  -2.21
2024      5     12     21     04     00    000  10.54   1.99  -2.21
2024      5     12     21     05     00    000  10.53   2.00  -2.21
2024      5     12     21     06     00    000  10.52   2.01  -2.20
2024      5     12     21     07     00    000  10.50   2.02  -2.20
2024      5     12     21     08     00    000  10.49   2.02  -2.20
2024      5     12     21     09     00    000  10.48   2.03  -2.19
2024      5     12     21     10     00    000  10.46   2.04  -2.19
2024      5     12     21     11     00    000  10.45   2.05  -2.19
2024      5     12     21     12     00    000  10.44   2.06  -2.18
2024      5     12     21     13     00    000  10.42   2.06  -2.18
2024      5     12     21     14     00    000  10.41   2.07  -2.17
2024      5     12     21     15     00    000  10.40   2.08  -2.17
2024      5     12     21     16     00    000  10.38   2.09  -2.17
2024      5     12     21     17     00    000  10.37   2.10  -2.16
2024      5     12     21     18     00    000  10.35   2.10  -2.16
2024      5     12     21     19     00    000  10.34   2.11  -2.16
2024      5     12     21     20     00    000  10.33   2.12  -2.15
2024      5     12     21     21     00    000  10.31   2.13  -2.15
2024      5     12     21     22     00    000  10.30   2.14  -2.15
2024      5     12     21     23     00    000  10.28   2.14  -2.14
2024      5     12     21     24     00    000  10.27   2.15  -2.14
2024      5     12     21     25     00    000  10.26   2.16  -2.14
2024      5     12     21     26     00    000  10.24   2.17  -2.13
2024      5     12     21     27     00    000  10.23   2.17  -2.13
2024      5     12     21     28     00    000  10.21   2.18  -2.12
2024      5     12     21     29     00    000  10.20   2.19  -2.12
2024      5     12     21     30     00    000  10.18   2.20  -2.12
2024      5     12     21     31     00    000  10.17   2.21  -2.11
2024      5     12     21     32     00    000  10.16   2.21  -2.11
2024      5     12     21     33     00    000  10.14   2.22  -2.11
2024      5     12     21     34     00    000  10.13   2.23  -2.10
2024      5     12     21     35     00    000  10.11   2.24  -2.10
2024      5     12     21     36     00    000  10.10   2.24  -2.10
2024      5     12     21     37     00    000  10.08   2.25  -2.09
2024      5     12     21     38     00    000  10.07   2.26  -2.09
2024      5     12     21     39     00    000  10.05   2.27  -2.08
2024      5     12     21     40     00    000  10.04   2.27  -2.08
2024      5     12     21     41     00    000  10.02   2.28  -2.08
2024      5     12     21     42     00    000  10.01   2.29  -2.07
2024      5     12     21     43     00    000   9.99   2.30  -2.07
2024      5     12     21     44     00    000   9.98   2.30  -2.07
2024      5     12     21     45     00    000   9.96   2.31  -2.06
2024      5     12     21     46     00    000   9.95   2.32  -2.06
2024      5     12     21     47     00    000   9.93   2.33  -2.06
2024      5     12     21     48     00    000   9.92   2.33  -2.05
2024      5     12     21     49     00    000   9.90   2.34  -2.05
2024      5     12     21     50     00    000   9.89   2.35  -2.04
2024      5     12     21     51     00    000   9.87   2.36  -2.04
2024      5     12     21     52     00    000   9.86   2.36  -2.04
2024      5     12     21     53     00    000   9.84   2.37  -2.03
2024      5     12     21     54     00    000   9.82   2.38  -2.03
2024      5     12     21     55     00    000   9.81   2.39  -2.03
2024      5     12     21     56     00    000   9.79   2.39  -2.02
2024      5     12     21     57     00    000   9.78   2.40  -2.02
2024      5     12     21     58     00    000   9.76   2.41  -2.01
2024      5     12     21     59     00    000   9.75   2.42  -2.01
2024      5     12     22     00     00    000   9.73   2.42  -2.01
2024      5     12     22     01     00    000   9.71   2.43  -2.00
2024      5     12     22     02     00    000   9.70   2.44  -2.00
2024      5     12     22     03     00    000   9.68   2.44  -2.00
2024      5     12     22     04     00    000   9.67   2.45  -1.99
2024      5     12     22     05     00    000   9.65   2.46  -1.99
2024      5     12     22     06     00    000   9.63   2.47  -1.98
2024      5     12     22     07     00    000   9.62   2.47  -1.98
2024      5     12     22     08     00    000   9.60   2.48  -1.98
2024      5     12     22     09     00    000   9.58   2.49  -1.97
2024      5     12     22     10     00    000   9.57   2.49  -1.97
2024      5     12     22     11     00    000   9.55   2.50  -1.97
2024      5     12     22     12     00    000   9.54   2.51  -1.96
2024      5     12     22     13     00    000   9.52   2.51  -1.96
2024      5     12     22     14     00    000   9.50   2.52  -1.95
2024      5     12     22     15     00    000   9.49   2.53  -1.95
2024      5     12     22     16     00    000   9.47   2.53  -1.95
2024      5     12     22     17     00    000   9.45   2.54  -1.94
2024      5     12     22     18     00    000   9.44   2.55  -1.94
2024      5     12     22     19     00    000   9.42   2.56  -1.93
2024      5     12     22     20     00    000   9.40   2.56  -1.93
2024      5     12     22     21     00    000   9.38   2.57  -1.93
2024      5     12     22     22     00    000   9.37   2.58  -1.92
2024      5     12     22     23     00    000   9.35   2.58  -1.92
2024      5     12     22     24     00    000   9.33   2.59  -1.92
2024      5     12     22     25     00    000   9.32   2.60  -1.91
2024      5     12     22     26     00    000   9.30   2.60  -1.91
2024      5     12     22     27     00    000   9.28   2.61  -1.90
2024      5     12     22     28     00    000   9.26   2.62  -1.90
2024      5     12     22     29     00    000   9.25   2.62  -1.90
2024      5     12     22     30     00    000   9.23   2.63  -1.89
2024      5     12     22     31     00    000   9.21   2.64  -1.89
2024      5     12     22     32     00    000   9.19   2.64  -1.88
2024      5     12     22     33     00    000   9.18   2.65  -1.88
2024      5     12     22     34     00    000   9.16   2.65  -1.88
2024      5     12     22     35     00    000   9.14   2.66  -1.87
2024      5     12     22     36     00    000   9.12   2.67  -1.87
2024      5     12     22     37     00    000   9.11   2.67  -1.87
2024      5     12     22     38     00    000   9.09   2.68  -1.86
2024      5     12     22     39     00    000   9.07   2.69  -1.86
2024      5     12     22     40     00    000   9.05   2.69  -1.85
2024      5     12     22     41     00    000   9.03   2.70  -1.85
2024      5     12     22     42     00    000   9.02   2.71  -1.85
2024      5     12     22     43     00    000   9.00   2.71  -1.84
2024      5     12     22     44     00    000   8.98   2.72  -1.84
2024      5     12     22     45     00    000   8.96   2.72  -1.83
2024      5     12     22     46     00    000   8.94   2.73  -1.83
2024      5     12     22     47     00    000   8.92   2.74  -1.83
2024      5     12     22     48     00    000   8.91   2.74  -1.82
2024      5     12     22     49     00    000   8.89   2.75  -1.82
2024      5     12     22     50     00    000   8.87   2.76  -1.81
2024      5     12     22     51     00    000   8.85   2.76  -1.81
2024      5     12     22     52     00    000   8.83   2.77  -1.81
2024      5     12     22     53     00    000   8.81   2.77  -1.80
2024      5     12     22     54     00    000   8.79   2.78  -1.80
2024      5     12     22     55     00    000   8.78   2.79  -1.79
2024      5     12     22     56     00    000   8.76   2.79  -1.79
2024      5     12     22     57     00    000   8.74   2.80  -1.79
2024      5     12     22     58     00    000   8.72   2.80  -1.78
2024      5     12     22     59     00    000   8.70   2.81  -1.78
2024      5     12     23     00     00    000   8.68   2.82  -1.78
2024      5     12     23     01     00    000   8.66   2.82  -1.77
2024      5     12     23     02     00    000   8.64   2.83  -1.77
2024      5     12     23     03     00    000   8.62   2.83  -1.76
2024      5     12     23     04     00    000   8.60   2.84  -1.76
2024      5     12     23     05     00    000   8.58   2.84  -1.76
2024      5     12     23     06     00    000   8.56   2.85  -1.75
2024      5     12     23     07     00    000   8.54   2.86  -1.75
2024      5     12     23     08     00    000   8.53   2.86  -1.74
2024      5     12     23     09     00    000   8.51   2.87  -1.74
2024      5     12     23     10     00    000   8.49   2.87  -1.74
2024      5     12     23     11     00    000   8.47   2.88  -1.73
2024      5     12     23     12     00    000   8.45   2.88  -1.73
2024      5     12     23     13     00    000   8.43   2.89  -1.72
2024      5     12     23     14     00    000   8.41   2.90  -1.72
2024      5     12     23     15     00    000   8.39   2.90  -1.72
2024      5     12     23     16     00    000   8.37   2.91  -1.71
2024      5     12     23     17     00    000   8.35   2.91  -1.71
2024      5     12     23     18     00    000   8.33   2.92  -1.70
2024      5     12     23     19     00    000   8.31   2.92  -1.70
2024      5     12     23     20     00    000   8.28   2.93  -1.70
2024      5     12     23     21     00    000   8.26   2.93  -1.69
2024      5     12     23     22     00    000   8.24   2.94  -1.69
2024      5     12     23     23     00    000   8.22   2.94  -1.68
2024      5     12     23     24     00    000   8.20   2.95  -1.68
2024      5     12     23     25     00    000   8.18   2.96  -1.68
2024      5     12     23     26     00    000   8.16   2.96  -1.67
2024      5     12     23     27     00    000   8.14   2.97  -1.67
2024      5     12     23     28     00    000   8.12   2.97  -1.66
2024      5     12     23     29     00    000   8.10   2.98  -1.66
2024      5     12     23     30     00    000   8.08   2.98  -1.66
2024      5     12     23     31     00    000   8.06   2.99  -1.65
2024      5     12     23     32     00    000   8.04   2.99  -1.65
2024      5     12     23     33     00    000   8.01   3.00  -1.64
2024      5     12     23     34     00    000   7.99   3.00  -1.64
2024      5     12     23     35     00    000   7.97   3.01  -1.64
2024      5     12     23     36     00    000   7.95   3.01  -1.63
2024      5     12     23     37     00    000   7.93   3.02  -1.63
2024      5     12     23     38     00    000   7.91   3.02  -1.62
2024      5     12     23     39     00    000   7.89   3.03  -1.62
2024      5     12     23     40     00    000   7.86   3.03  -1.62
2024      5     12     23     41     00    000   7.84   3.04  -1.61
2024      5     12     23     42     00    000   7.82   3.04  -1.61
2024      5     12     23     43     00    000   7.80   3.05  -1.60
2024      5     12     23     44     00    000   7.78   3.05  -1.60
2024      5     12     23     45     00    000   7.75   3.06  -1.60
2024      5     12     23     46     00    000   7.73   3.06  -1.59
2024      5     12     23     47     00    000   7.71   3.06  -1.59
2024      5     12     23     48     00    000   7.69   3.07  -1.58
2024      5     12     23     49     00    000   7.67   3.07  -1.58
2024      5     12     23     50     00    000   7.64   3.08  -1.57
2024      5     12     23     51     00    000   7.62   3.08  -1.57
2024      5     12     23     52     00    000   7.60   3.09  -1.57
2024      5     12     23     53     00    000   7.58   3.09  -1.56
2024      5     12     23     54     00    000   7.55   3.10  -1.56
2024      5     12     23     55     00    000   7.53   3.10  -1.55
2024      5     12     23     56     00    000   7.51   3.10  -1.55
2024      5     12     23     57     00    000   7.48   3.11  -1.55
2024      5     12     23     58     00    000   7.46   3.11  -1.54
2024      5     12     23     59     00    000   7.44   3.12  -1.54
