themisD Created 2024-10-23 22:17:12.199266
Year Mo Dy Hr Mn Sc Msc X Y Z

#COORD
GSM

#START
2024      5     10     06     01     00    000  12.49  -1.88  -2.86
2024      5     10     06     02     00    000  12.49  -1.88  -2.86
2024      5     10     06     03     00    000  12.49  -1.87  -2.86
2024      5     10     06     04     00    000  12.50  -1.87  -2.86
2024      5     10     06     05     00    000  12.50  -1.86  -2.87
2024      5     10     06     06     00    000  12.51  -1.85  -2.87
2024      5     10     06     07     00    000  12.51  -1.85  -2.87
2024      5     10     06     08     00    000  12.52  -1.84  -2.87
2024      5     10     06     09     00    000  12.52  -1.84  -2.87
2024      5     10     06     10     00    000  12.53  -1.83  -2.87
2024      5     10     06     11     00    000  12.53  -1.83  -2.87
2024      5     10     06     12     00    000  12.54  -1.82  -2.87
2024      5     10     06     13     00    000  12.54  -1.81  -2.87
2024      5     10     06     14     00    000  12.55  -1.81  -2.88
2024      5     10     06     15     00    000  12.55  -1.80  -2.88
2024      5     10     06     16     00    000  12.55  -1.80  -2.88
2024      5     10     06     17     00    000  12.56  -1.79  -2.88
2024      5     10     06     18     00    000  12.56  -1.79  -2.88
2024      5     10     06     19     00    000  12.57  -1.78  -2.88
2024      5     10     06     20     00    000  12.57  -1.77  -2.88
2024      5     10     06     21     00    000  12.58  -1.77  -2.88
2024      5     10     06     22     00    000  12.58  -1.76  -2.88
2024      5     10     06     23     00    000  12.58  -1.76  -2.89
2024      5     10     06     24     00    000  12.59  -1.75  -2.89
2024      5     10     06     25     00    000  12.59  -1.75  -2.89
2024      5     10     06     26     00    000  12.60  -1.74  -2.89
2024      5     10     06     27     00    000  12.60  -1.73  -2.89
2024      5     10     06     28     00    000  12.60  -1.73  -2.89
2024      5     10     06     29     00    000  12.61  -1.72  -2.89
2024      5     10     06     30     00    000  12.61  -1.72  -2.89
2024      5     10     06     31     00    000  12.62  -1.71  -2.89
2024      5     10     06     32     00    000  12.62  -1.71  -2.90
2024      5     10     06     33     00    000  12.62  -1.70  -2.90
2024      5     10     06     34     00    000  12.63  -1.69  -2.90
2024      5     10     06     35     00    000  12.63  -1.69  -2.90
2024      5     10     06     36     00    000  12.63  -1.68  -2.90
2024      5     10     06     37     00    000  12.64  -1.68  -2.90
2024      5     10     06     38     00    000  12.64  -1.67  -2.90
2024      5     10     06     39     00    000  12.65  -1.67  -2.90
2024      5     10     06     40     00    000  12.65  -1.66  -2.91
2024      5     10     06     41     00    000  12.65  -1.65  -2.91
2024      5     10     06     42     00    000  12.66  -1.65  -2.91
2024      5     10     06     43     00    000  12.66  -1.64  -2.91
2024      5     10     06     44     00    000  12.66  -1.64  -2.91
2024      5     10     06     45     00    000  12.67  -1.63  -2.91
2024      5     10     06     46     00    000  12.67  -1.62  -2.91
2024      5     10     06     47     00    000  12.67  -1.62  -2.91
2024      5     10     06     48     00    000  12.68  -1.61  -2.92
2024      5     10     06     49     00    000  12.68  -1.61  -2.92
2024      5     10     06     50     00    000  12.68  -1.60  -2.92
2024      5     10     06     51     00    000  12.69  -1.60  -2.92
2024      5     10     06     52     00    000  12.69  -1.59  -2.92
2024      5     10     06     53     00    000  12.69  -1.58  -2.92
2024      5     10     06     54     00    000  12.70  -1.58  -2.92
2024      5     10     06     55     00    000  12.70  -1.57  -2.92
2024      5     10     06     56     00    000  12.70  -1.57  -2.93
2024      5     10     06     57     00    000  12.71  -1.56  -2.93
2024      5     10     06     58     00    000  12.71  -1.55  -2.93
2024      5     10     06     59     00    000  12.71  -1.55  -2.93
2024      5     10     07     00     00    000  12.71  -1.54  -2.93
2024      5     10     07     01     00    000  12.72  -1.54  -2.93
2024      5     10     07     02     00    000  12.72  -1.53  -2.93
2024      5     10     07     03     00    000  12.72  -1.52  -2.94
2024      5     10     07     04     00    000  12.73  -1.52  -2.94
2024      5     10     07     05     00    000  12.73  -1.51  -2.94
2024      5     10     07     06     00    000  12.73  -1.51  -2.94
2024      5     10     07     07     00    000  12.73  -1.50  -2.94
2024      5     10     07     08     00    000  12.74  -1.49  -2.94
2024      5     10     07     09     00    000  12.74  -1.49  -2.94
2024      5     10     07     10     00    000  12.74  -1.48  -2.94
2024      5     10     07     11     00    000  12.75  -1.48  -2.95
2024      5     10     07     12     00    000  12.75  -1.47  -2.95
2024      5     10     07     13     00    000  12.75  -1.47  -2.95
2024      5     10     07     14     00    000  12.75  -1.46  -2.95
2024      5     10     07     15     00    000  12.76  -1.45  -2.95
2024      5     10     07     16     00    000  12.76  -1.45  -2.95
2024      5     10     07     17     00    000  12.76  -1.44  -2.95
2024      5     10     07     18     00    000  12.76  -1.43  -2.96
2024      5     10     07     19     00    000  12.77  -1.43  -2.96
2024      5     10     07     20     00    000  12.77  -1.42  -2.96
2024      5     10     07     21     00    000  12.77  -1.42  -2.96
2024      5     10     07     22     00    000  12.77  -1.41  -2.96
2024      5     10     07     23     00    000  12.77  -1.40  -2.96
2024      5     10     07     24     00    000  12.78  -1.40  -2.96
2024      5     10     07     25     00    000  12.78  -1.39  -2.96
2024      5     10     07     26     00    000  12.78  -1.39  -2.97
2024      5     10     07     27     00    000  12.78  -1.38  -2.97
2024      5     10     07     28     00    000  12.79  -1.37  -2.97
2024      5     10     07     29     00    000  12.79  -1.37  -2.97
2024      5     10     07     30     00    000  12.79  -1.36  -2.97
2024      5     10     07     31     00    000  12.79  -1.36  -2.97
2024      5     10     07     32     00    000  12.79  -1.35  -2.97
2024      5     10     07     33     00    000  12.80  -1.34  -2.98
2024      5     10     07     34     00    000  12.80  -1.34  -2.98
2024      5     10     07     35     00    000  12.80  -1.33  -2.98
2024      5     10     07     36     00    000  12.80  -1.33  -2.98
2024      5     10     07     37     00    000  12.80  -1.32  -2.98
2024      5     10     07     38     00    000  12.80  -1.31  -2.98
2024      5     10     07     39     00    000  12.81  -1.31  -2.98
2024      5     10     07     40     00    000  12.81  -1.30  -2.99
2024      5     10     07     41     00    000  12.81  -1.29  -2.99
2024      5     10     07     42     00    000  12.81  -1.29  -2.99
2024      5     10     07     43     00    000  12.81  -1.28  -2.99
2024      5     10     07     44     00    000  12.82  -1.28  -2.99
2024      5     10     07     45     00    000  12.82  -1.27  -2.99
2024      5     10     07     46     00    000  12.82  -1.26  -2.99
2024      5     10     07     47     00    000  12.82  -1.26  -3.00
2024      5     10     07     48     00    000  12.82  -1.25  -3.00
2024      5     10     07     49     00    000  12.82  -1.24  -3.00
2024      5     10     07     50     00    000  12.82  -1.24  -3.00
2024      5     10     07     51     00    000  12.83  -1.23  -3.00
2024      5     10     07     52     00    000  12.83  -1.23  -3.00
2024      5     10     07     53     00    000  12.83  -1.22  -3.01
2024      5     10     07     54     00    000  12.83  -1.21  -3.01
2024      5     10     07     55     00    000  12.83  -1.21  -3.01
2024      5     10     07     56     00    000  12.83  -1.20  -3.01
2024      5     10     07     57     00    000  12.83  -1.19  -3.01
2024      5     10     07     58     00    000  12.83  -1.19  -3.01
2024      5     10     07     59     00    000  12.84  -1.18  -3.01
2024      5     10     08     00     00    000  12.84  -1.18  -3.02
2024      5     10     08     01     00    000  12.84  -1.17  -3.02
2024      5     10     08     02     00    000  12.84  -1.16  -3.02
2024      5     10     08     03     00    000  12.84  -1.16  -3.02
2024      5     10     08     04     00    000  12.84  -1.15  -3.02
2024      5     10     08     05     00    000  12.84  -1.14  -3.02
2024      5     10     08     06     00    000  12.84  -1.14  -3.02
2024      5     10     08     07     00    000  12.84  -1.13  -3.03
2024      5     10     08     08     00    000  12.85  -1.12  -3.03
2024      5     10     08     09     00    000  12.85  -1.12  -3.03
2024      5     10     08     10     00    000  12.85  -1.11  -3.03
2024      5     10     08     11     00    000  12.85  -1.11  -3.03
2024      5     10     08     12     00    000  12.85  -1.10  -3.03
2024      5     10     08     13     00    000  12.85  -1.09  -3.04
2024      5     10     08     14     00    000  12.85  -1.09  -3.04
2024      5     10     08     15     00    000  12.85  -1.08  -3.04
2024      5     10     08     16     00    000  12.85  -1.07  -3.04
2024      5     10     08     17     00    000  12.85  -1.07  -3.04
2024      5     10     08     18     00    000  12.85  -1.06  -3.04
2024      5     10     08     19     00    000  12.85  -1.05  -3.04
2024      5     10     08     20     00    000  12.85  -1.05  -3.05
2024      5     10     08     21     00    000  12.85  -1.04  -3.05
2024      5     10     08     22     00    000  12.85  -1.03  -3.05
2024      5     10     08     23     00    000  12.86  -1.03  -3.05
2024      5     10     08     24     00    000  12.86  -1.02  -3.05
2024      5     10     08     25     00    000  12.86  -1.01  -3.05
2024      5     10     08     26     00    000  12.86  -1.01  -3.06
2024      5     10     08     27     00    000  12.86  -1.00  -3.06
2024      5     10     08     28     00    000  12.86  -1.00  -3.06
2024      5     10     08     29     00    000  12.86  -0.99  -3.06
2024      5     10     08     30     00    000  12.86  -0.98  -3.06
2024      5     10     08     31     00    000  12.86  -0.98  -3.06
2024      5     10     08     32     00    000  12.86  -0.97  -3.06
2024      5     10     08     33     00    000  12.86  -0.96  -3.07
2024      5     10     08     34     00    000  12.86  -0.96  -3.07
2024      5     10     08     35     00    000  12.86  -0.95  -3.07
2024      5     10     08     36     00    000  12.86  -0.94  -3.07
2024      5     10     08     37     00    000  12.86  -0.94  -3.07
2024      5     10     08     38     00    000  12.86  -0.93  -3.07
2024      5     10     08     39     00    000  12.86  -0.92  -3.08
2024      5     10     08     40     00    000  12.86  -0.92  -3.08
2024      5     10     08     41     00    000  12.86  -0.91  -3.08
2024      5     10     08     42     00    000  12.86  -0.90  -3.08
2024      5     10     08     43     00    000  12.86  -0.90  -3.08
2024      5     10     08     44     00    000  12.86  -0.89  -3.08
2024      5     10     08     45     00    000  12.86  -0.88  -3.09
2024      5     10     08     46     00    000  12.86  -0.88  -3.09
2024      5     10     08     47     00    000  12.86  -0.87  -3.09
2024      5     10     08     48     00    000  12.86  -0.86  -3.09
2024      5     10     08     49     00    000  12.86  -0.86  -3.09
2024      5     10     08     50     00    000  12.86  -0.85  -3.09
2024      5     10     08     51     00    000  12.86  -0.84  -3.09
2024      5     10     08     52     00    000  12.85  -0.84  -3.10
2024      5     10     08     53     00    000  12.85  -0.83  -3.10
2024      5     10     08     54     00    000  12.85  -0.82  -3.10
2024      5     10     08     55     00    000  12.85  -0.82  -3.10
2024      5     10     08     56     00    000  12.85  -0.81  -3.10
2024      5     10     08     57     00    000  12.85  -0.80  -3.10
2024      5     10     08     58     00    000  12.85  -0.80  -3.11
2024      5     10     08     59     00    000  12.85  -0.79  -3.11
2024      5     10     09     00     00    000  12.85  -0.78  -3.11
2024      5     10     09     01     00    000  12.85  -0.77  -3.11
2024      5     10     09     02     00    000  12.85  -0.77  -3.11
2024      5     10     09     03     00    000  12.85  -0.76  -3.11
2024      5     10     09     04     00    000  12.85  -0.75  -3.12
2024      5     10     09     05     00    000  12.85  -0.75  -3.12
2024      5     10     09     06     00    000  12.85  -0.74  -3.12
2024      5     10     09     07     00    000  12.84  -0.73  -3.12
2024      5     10     09     08     00    000  12.84  -0.73  -3.12
2024      5     10     09     09     00    000  12.84  -0.72  -3.12
2024      5     10     09     10     00    000  12.84  -0.71  -3.12
2024      5     10     09     11     00    000  12.84  -0.71  -3.13
2024      5     10     09     12     00    000  12.84  -0.70  -3.13
2024      5     10     09     13     00    000  12.84  -0.69  -3.13
2024      5     10     09     14     00    000  12.84  -0.69  -3.13
2024      5     10     09     15     00    000  12.84  -0.68  -3.13
2024      5     10     09     16     00    000  12.84  -0.67  -3.13
2024      5     10     09     17     00    000  12.83  -0.66  -3.14
2024      5     10     09     18     00    000  12.83  -0.66  -3.14
2024      5     10     09     19     00    000  12.83  -0.65  -3.14
2024      5     10     09     20     00    000  12.83  -0.64  -3.14
2024      5     10     09     21     00    000  12.83  -0.64  -3.14
2024      5     10     09     22     00    000  12.83  -0.63  -3.14
2024      5     10     09     23     00    000  12.83  -0.62  -3.15
2024      5     10     09     24     00    000  12.83  -0.62  -3.15
2024      5     10     09     25     00    000  12.82  -0.61  -3.15
2024      5     10     09     26     00    000  12.82  -0.60  -3.15
2024      5     10     09     27     00    000  12.82  -0.59  -3.15
2024      5     10     09     28     00    000  12.82  -0.59  -3.15
2024      5     10     09     29     00    000  12.82  -0.58  -3.15
2024      5     10     09     30     00    000  12.82  -0.57  -3.16
2024      5     10     09     31     00    000  12.81  -0.57  -3.16
2024      5     10     09     32     00    000  12.81  -0.56  -3.16
2024      5     10     09     33     00    000  12.81  -0.55  -3.16
2024      5     10     09     34     00    000  12.81  -0.54  -3.16
2024      5     10     09     35     00    000  12.81  -0.54  -3.16
2024      5     10     09     36     00    000  12.81  -0.53  -3.17
2024      5     10     09     37     00    000  12.80  -0.52  -3.17
2024      5     10     09     38     00    000  12.80  -0.52  -3.17
2024      5     10     09     39     00    000  12.80  -0.51  -3.17
2024      5     10     09     40     00    000  12.80  -0.50  -3.17
2024      5     10     09     41     00    000  12.80  -0.49  -3.17
2024      5     10     09     42     00    000  12.79  -0.49  -3.17
2024      5     10     09     43     00    000  12.79  -0.48  -3.18
2024      5     10     09     44     00    000  12.79  -0.47  -3.18
2024      5     10     09     45     00    000  12.79  -0.47  -3.18
2024      5     10     09     46     00    000  12.79  -0.46  -3.18
2024      5     10     09     47     00    000  12.78  -0.45  -3.18
2024      5     10     09     48     00    000  12.78  -0.44  -3.18
2024      5     10     09     49     00    000  12.78  -0.44  -3.19
2024      5     10     09     50     00    000  12.78  -0.43  -3.19
2024      5     10     09     51     00    000  12.78  -0.42  -3.19
2024      5     10     09     52     00    000  12.77  -0.41  -3.19
2024      5     10     09     53     00    000  12.77  -0.41  -3.19
2024      5     10     09     54     00    000  12.77  -0.40  -3.19
2024      5     10     09     55     00    000  12.77  -0.39  -3.19
2024      5     10     09     56     00    000  12.76  -0.39  -3.20
2024      5     10     09     57     00    000  12.76  -0.38  -3.20
2024      5     10     09     58     00    000  12.76  -0.37  -3.20
2024      5     10     09     59     00    000  12.76  -0.36  -3.20
2024      5     10     10     00     00    000  12.75  -0.36  -3.20
2024      5     10     10     01     00    000  12.75  -0.35  -3.20
2024      5     10     10     02     00    000  12.75  -0.34  -3.20
2024      5     10     10     03     00    000  12.75  -0.33  -3.21
2024      5     10     10     04     00    000  12.74  -0.33  -3.21
2024      5     10     10     05     00    000  12.74  -0.32  -3.21
2024      5     10     10     06     00    000  12.74  -0.31  -3.21
2024      5     10     10     07     00    000  12.74  -0.30  -3.21
2024      5     10     10     08     00    000  12.73  -0.30  -3.21
2024      5     10     10     09     00    000  12.73  -0.29  -3.21
2024      5     10     10     10     00    000  12.73  -0.28  -3.22
2024      5     10     10     11     00    000  12.72  -0.27  -3.22
2024      5     10     10     12     00    000  12.72  -0.27  -3.22
2024      5     10     10     13     00    000  12.72  -0.26  -3.22
2024      5     10     10     14     00    000  12.72  -0.25  -3.22
2024      5     10     10     15     00    000  12.71  -0.24  -3.22
2024      5     10     10     16     00    000  12.71  -0.24  -3.22
2024      5     10     10     17     00    000  12.71  -0.23  -3.23
2024      5     10     10     18     00    000  12.70  -0.22  -3.23
2024      5     10     10     19     00    000  12.70  -0.21  -3.23
2024      5     10     10     20     00    000  12.70  -0.21  -3.23
2024      5     10     10     21     00    000  12.69  -0.20  -3.23
2024      5     10     10     22     00    000  12.69  -0.19  -3.23
2024      5     10     10     23     00    000  12.69  -0.18  -3.23
2024      5     10     10     24     00    000  12.68  -0.18  -3.24
2024      5     10     10     25     00    000  12.68  -0.17  -3.24
2024      5     10     10     26     00    000  12.68  -0.16  -3.24
2024      5     10     10     27     00    000  12.67  -0.15  -3.24
2024      5     10     10     28     00    000  12.67  -0.14  -3.24
2024      5     10     10     29     00    000  12.67  -0.14  -3.24
2024      5     10     10     30     00    000  12.66  -0.13  -3.24
2024      5     10     10     31     00    000  12.66  -0.12  -3.25
2024      5     10     10     32     00    000  12.66  -0.11  -3.25
2024      5     10     10     33     00    000  12.65  -0.11  -3.25
2024      5     10     10     34     00    000  12.65  -0.10  -3.25
2024      5     10     10     35     00    000  12.65  -0.09  -3.25
2024      5     10     10     36     00    000  12.64  -0.08  -3.25
2024      5     10     10     37     00    000  12.64  -0.08  -3.25
2024      5     10     10     38     00    000  12.64  -0.07  -3.25
2024      5     10     10     39     00    000  12.63  -0.06  -3.26
2024      5     10     10     40     00    000  12.63  -0.05  -3.26
2024      5     10     10     41     00    000  12.62  -0.04  -3.26
2024      5     10     10     42     00    000  12.62  -0.04  -3.26
2024      5     10     10     43     00    000  12.62  -0.03  -3.26
2024      5     10     10     44     00    000  12.61  -0.02  -3.26
2024      5     10     10     45     00    000  12.61  -0.01  -3.26
2024      5     10     10     46     00    000  12.61  -0.00  -3.26
2024      5     10     10     47     00    000  12.60   0.00  -3.27
2024      5     10     10     48     00    000  12.60   0.01  -3.27
2024      5     10     10     49     00    000  12.59   0.02  -3.27
2024      5     10     10     50     00    000  12.59   0.03  -3.27
2024      5     10     10     51     00    000  12.58   0.03  -3.27
2024      5     10     10     52     00    000  12.58   0.04  -3.27
2024      5     10     10     53     00    000  12.58   0.05  -3.27
2024      5     10     10     54     00    000  12.57   0.06  -3.27
2024      5     10     10     55     00    000  12.57   0.07  -3.27
2024      5     10     10     56     00    000  12.56   0.07  -3.28
2024      5     10     10     57     00    000  12.56   0.08  -3.28
2024      5     10     10     58     00    000  12.56   0.09  -3.28
2024      5     10     10     59     00    000  12.55   0.10  -3.28
2024      5     10     11     00     00    000  12.55   0.11  -3.28
2024      5     10     11     01     00    000  12.54   0.11  -3.28
2024      5     10     11     02     00    000  12.54   0.12  -3.28
2024      5     10     11     03     00    000  12.53   0.13  -3.28
2024      5     10     11     04     00    000  12.53   0.14  -3.28
2024      5     10     11     05     00    000  12.52   0.15  -3.29
2024      5     10     11     06     00    000  12.52   0.15  -3.29
2024      5     10     11     07     00    000  12.52   0.16  -3.29
2024      5     10     11     08     00    000  12.51   0.17  -3.29
2024      5     10     11     09     00    000  12.51   0.18  -3.29
2024      5     10     11     10     00    000  12.50   0.19  -3.29
2024      5     10     11     11     00    000  12.50   0.19  -3.29
2024      5     10     11     12     00    000  12.49   0.20  -3.29
2024      5     10     11     13     00    000  12.49   0.21  -3.29
2024      5     10     11     14     00    000  12.48   0.22  -3.30
2024      5     10     11     15     00    000  12.48   0.23  -3.30
2024      5     10     11     16     00    000  12.47   0.24  -3.30
2024      5     10     11     17     00    000  12.47   0.24  -3.30
2024      5     10     11     18     00    000  12.46   0.25  -3.30
2024      5     10     11     19     00    000  12.46   0.26  -3.30
2024      5     10     11     20     00    000  12.45   0.27  -3.30
2024      5     10     11     21     00    000  12.45   0.28  -3.30
2024      5     10     11     22     00    000  12.44   0.28  -3.30
2024      5     10     11     23     00    000  12.44   0.29  -3.30
2024      5     10     11     24     00    000  12.43   0.30  -3.30
2024      5     10     11     25     00    000  12.43   0.31  -3.31
2024      5     10     11     26     00    000  12.42   0.32  -3.31
2024      5     10     11     27     00    000  12.42   0.33  -3.31
2024      5     10     11     28     00    000  12.41   0.33  -3.31
2024      5     10     11     29     00    000  12.41   0.34  -3.31
2024      5     10     11     30     00    000  12.40   0.35  -3.31
2024      5     10     11     31     00    000  12.40   0.36  -3.31
2024      5     10     11     32     00    000  12.39   0.37  -3.31
2024      5     10     11     33     00    000  12.38   0.38  -3.31
2024      5     10     11     34     00    000  12.38   0.38  -3.31
2024      5     10     11     35     00    000  12.37   0.39  -3.31
2024      5     10     11     36     00    000  12.37   0.40  -3.31
2024      5     10     11     37     00    000  12.36   0.41  -3.31
2024      5     10     11     38     00    000  12.36   0.42  -3.32
2024      5     10     11     39     00    000  12.35   0.43  -3.32
2024      5     10     11     40     00    000  12.35   0.43  -3.32
2024      5     10     11     41     00    000  12.34   0.44  -3.32
2024      5     10     11     42     00    000  12.33   0.45  -3.32
2024      5     10     11     43     00    000  12.33   0.46  -3.32
2024      5     10     11     44     00    000  12.32   0.47  -3.32
2024      5     10     11     45     00    000  12.32   0.48  -3.32
2024      5     10     11     46     00    000  12.31   0.49  -3.32
2024      5     10     11     47     00    000  12.30   0.49  -3.32
2024      5     10     11     48     00    000  12.30   0.50  -3.32
2024      5     10     11     49     00    000  12.29   0.51  -3.32
2024      5     10     11     50     00    000  12.29   0.52  -3.32
2024      5     10     11     51     00    000  12.28   0.53  -3.32
2024      5     10     11     52     00    000  12.27   0.54  -3.32
2024      5     10     11     53     00    000  12.27   0.55  -3.32
2024      5     10     11     54     00    000  12.26   0.55  -3.33
2024      5     10     11     55     00    000  12.26   0.56  -3.33
2024      5     10     11     56     00    000  12.25   0.57  -3.33
2024      5     10     11     57     00    000  12.24   0.58  -3.33
2024      5     10     11     58     00    000  12.24   0.59  -3.33
2024      5     10     11     59     00    000  12.23   0.60  -3.33
2024      5     10     12     00     00    000  12.23   0.61  -3.33
2024      5     10     12     01     00    000  12.22   0.61  -3.33
2024      5     10     12     02     00    000  12.21   0.62  -3.33
2024      5     10     12     03     00    000  12.21   0.63  -3.33
2024      5     10     12     04     00    000  12.20   0.64  -3.33
2024      5     10     12     05     00    000  12.19   0.65  -3.33
2024      5     10     12     06     00    000  12.19   0.66  -3.33
2024      5     10     12     07     00    000  12.18   0.67  -3.33
2024      5     10     12     08     00    000  12.17   0.67  -3.33
2024      5     10     12     09     00    000  12.17   0.68  -3.33
2024      5     10     12     10     00    000  12.16   0.69  -3.33
2024      5     10     12     11     00    000  12.15   0.70  -3.33
2024      5     10     12     12     00    000  12.15   0.71  -3.33
2024      5     10     12     13     00    000  12.14   0.72  -3.33
2024      5     10     12     14     00    000  12.13   0.73  -3.33
2024      5     10     12     15     00    000  12.13   0.74  -3.33
2024      5     10     12     16     00    000  12.12   0.74  -3.33
2024      5     10     12     17     00    000  12.11   0.75  -3.33
2024      5     10     12     18     00    000  12.11   0.76  -3.33
2024      5     10     12     19     00    000  12.10   0.77  -3.33
2024      5     10     12     20     00    000  12.09   0.78  -3.33
2024      5     10     12     21     00    000  12.09   0.79  -3.33
2024      5     10     12     22     00    000  12.08   0.80  -3.33
2024      5     10     12     23     00    000  12.07   0.81  -3.33
2024      5     10     12     24     00    000  12.06   0.81  -3.33
2024      5     10     12     25     00    000  12.06   0.82  -3.33
2024      5     10     12     26     00    000  12.05   0.83  -3.33
2024      5     10     12     27     00    000  12.04   0.84  -3.33
2024      5     10     12     28     00    000  12.04   0.85  -3.33
2024      5     10     12     29     00    000  12.03   0.86  -3.33
2024      5     10     12     30     00    000  12.02   0.87  -3.33
2024      5     10     12     31     00    000  12.01   0.88  -3.33
2024      5     10     12     32     00    000  12.01   0.89  -3.33
2024      5     10     12     33     00    000  12.00   0.89  -3.33
2024      5     10     12     34     00    000  11.99   0.90  -3.33
2024      5     10     12     35     00    000  11.98   0.91  -3.33
2024      5     10     12     36     00    000  11.98   0.92  -3.33
2024      5     10     12     37     00    000  11.97   0.93  -3.33
2024      5     10     12     38     00    000  11.96   0.94  -3.33
2024      5     10     12     39     00    000  11.95   0.95  -3.33
2024      5     10     12     40     00    000  11.95   0.96  -3.33
2024      5     10     12     41     00    000  11.94   0.97  -3.33
2024      5     10     12     42     00    000  11.93   0.97  -3.33
2024      5     10     12     43     00    000  11.92   0.98  -3.33
2024      5     10     12     44     00    000  11.91   0.99  -3.33
2024      5     10     12     45     00    000  11.91   1.00  -3.33
2024      5     10     12     46     00    000  11.90   1.01  -3.33
2024      5     10     12     47     00    000  11.89   1.02  -3.33
2024      5     10     12     48     00    000  11.88   1.03  -3.33
2024      5     10     12     49     00    000  11.88   1.04  -3.33
2024      5     10     12     50     00    000  11.87   1.05  -3.33
2024      5     10     12     51     00    000  11.86   1.06  -3.33
2024      5     10     12     52     00    000  11.85   1.07  -3.33
2024      5     10     12     53     00    000  11.84   1.07  -3.33
2024      5     10     12     54     00    000  11.83   1.08  -3.33
2024      5     10     12     55     00    000  11.83   1.09  -3.33
2024      5     10     12     56     00    000  11.82   1.10  -3.33
2024      5     10     12     57     00    000  11.81   1.11  -3.33
2024      5     10     12     58     00    000  11.80   1.12  -3.33
2024      5     10     12     59     00    000  11.79   1.13  -3.32
2024      5     10     13     00     00    000  11.79   1.14  -3.32
2024      5     10     13     01     00    000  11.78   1.15  -3.32
2024      5     10     13     02     00    000  11.77   1.16  -3.32
2024      5     10     13     03     00    000  11.76   1.17  -3.32
2024      5     10     13     04     00    000  11.75   1.17  -3.32
2024      5     10     13     05     00    000  11.74   1.18  -3.32
2024      5     10     13     06     00    000  11.73   1.19  -3.32
2024      5     10     13     07     00    000  11.73   1.20  -3.32
2024      5     10     13     08     00    000  11.72   1.21  -3.32
2024      5     10     13     09     00    000  11.71   1.22  -3.32
2024      5     10     13     10     00    000  11.70   1.23  -3.32
2024      5     10     13     11     00    000  11.69   1.24  -3.32
2024      5     10     13     12     00    000  11.68   1.25  -3.32
2024      5     10     13     13     00    000  11.67   1.26  -3.31
2024      5     10     13     14     00    000  11.66   1.27  -3.31
2024      5     10     13     15     00    000  11.66   1.28  -3.31
2024      5     10     13     16     00    000  11.65   1.28  -3.31
2024      5     10     13     17     00    000  11.64   1.29  -3.31
2024      5     10     13     18     00    000  11.63   1.30  -3.31
2024      5     10     13     19     00    000  11.62   1.31  -3.31
2024      5     10     13     20     00    000  11.61   1.32  -3.31
2024      5     10     13     21     00    000  11.60   1.33  -3.31
2024      5     10     13     22     00    000  11.59   1.34  -3.31
2024      5     10     13     23     00    000  11.58   1.35  -3.30
2024      5     10     13     24     00    000  11.57   1.36  -3.30
2024      5     10     13     25     00    000  11.57   1.37  -3.30
2024      5     10     13     26     00    000  11.56   1.38  -3.30
2024      5     10     13     27     00    000  11.55   1.39  -3.30
2024      5     10     13     28     00    000  11.54   1.40  -3.30
2024      5     10     13     29     00    000  11.53   1.40  -3.30
2024      5     10     13     30     00    000  11.52   1.41  -3.30
2024      5     10     13     31     00    000  11.51   1.42  -3.30
2024      5     10     13     32     00    000  11.50   1.43  -3.29
2024      5     10     13     33     00    000  11.49   1.44  -3.29
2024      5     10     13     34     00    000  11.48   1.45  -3.29
2024      5     10     13     35     00    000  11.47   1.46  -3.29
2024      5     10     13     36     00    000  11.46   1.47  -3.29
2024      5     10     13     37     00    000  11.45   1.48  -3.29
2024      5     10     13     38     00    000  11.44   1.49  -3.29
2024      5     10     13     39     00    000  11.43   1.50  -3.28
2024      5     10     13     40     00    000  11.42   1.51  -3.28
2024      5     10     13     41     00    000  11.41   1.52  -3.28
2024      5     10     13     42     00    000  11.40   1.53  -3.28
2024      5     10     13     43     00    000  11.39   1.54  -3.28
2024      5     10     13     44     00    000  11.38   1.54  -3.28
2024      5     10     13     45     00    000  11.37   1.55  -3.28
2024      5     10     13     46     00    000  11.36   1.56  -3.27
2024      5     10     13     47     00    000  11.35   1.57  -3.27
2024      5     10     13     48     00    000  11.34   1.58  -3.27
2024      5     10     13     49     00    000  11.33   1.59  -3.27
2024      5     10     13     50     00    000  11.32   1.60  -3.27
2024      5     10     13     51     00    000  11.31   1.61  -3.27
2024      5     10     13     52     00    000  11.30   1.62  -3.26
2024      5     10     13     53     00    000  11.29   1.63  -3.26
2024      5     10     13     54     00    000  11.28   1.64  -3.26
2024      5     10     13     55     00    000  11.27   1.65  -3.26
2024      5     10     13     56     00    000  11.26   1.66  -3.26
2024      5     10     13     57     00    000  11.25   1.67  -3.25
2024      5     10     13     58     00    000  11.24   1.68  -3.25
2024      5     10     13     59     00    000  11.23   1.68  -3.25
2024      5     10     14     00     00    000  11.22   1.69  -3.25
2024      5     10     14     01     00    000  11.21   1.70  -3.25
2024      5     10     14     02     00    000  11.20   1.71  -3.24
2024      5     10     14     03     00    000  11.19   1.72  -3.24
2024      5     10     14     04     00    000  11.18   1.73  -3.24
2024      5     10     14     05     00    000  11.17   1.74  -3.24
2024      5     10     14     06     00    000  11.16   1.75  -3.24
2024      5     10     14     07     00    000  11.14   1.76  -3.23
2024      5     10     14     08     00    000  11.13   1.77  -3.23
2024      5     10     14     09     00    000  11.12   1.78  -3.23
2024      5     10     14     10     00    000  11.11   1.79  -3.23
2024      5     10     14     11     00    000  11.10   1.80  -3.23
2024      5     10     14     12     00    000  11.09   1.81  -3.22
2024      5     10     14     13     00    000  11.08   1.82  -3.22
2024      5     10     14     14     00    000  11.07   1.83  -3.22
2024      5     10     14     15     00    000  11.06   1.84  -3.22
2024      5     10     14     16     00    000  11.05   1.84  -3.21
2024      5     10     14     17     00    000  11.04   1.85  -3.21
2024      5     10     14     18     00    000  11.02   1.86  -3.21
2024      5     10     14     19     00    000  11.01   1.87  -3.21
2024      5     10     14     20     00    000  11.00   1.88  -3.20
2024      5     10     14     21     00    000  10.99   1.89  -3.20
2024      5     10     14     22     00    000  10.98   1.90  -3.20
2024      5     10     14     23     00    000  10.97   1.91  -3.20
2024      5     10     14     24     00    000  10.96   1.92  -3.19
2024      5     10     14     25     00    000  10.94   1.93  -3.19
2024      5     10     14     26     00    000  10.93   1.94  -3.19
2024      5     10     14     27     00    000  10.92   1.95  -3.19
2024      5     10     14     28     00    000  10.91   1.96  -3.18
2024      5     10     14     29     00    000  10.90   1.97  -3.18
2024      5     10     14     30     00    000  10.89   1.98  -3.18
2024      5     10     14     31     00    000  10.87   1.99  -3.18
2024      5     10     14     32     00    000  10.86   1.99  -3.17
2024      5     10     14     33     00    000  10.85   2.00  -3.17
2024      5     10     14     34     00    000  10.84   2.01  -3.17
2024      5     10     14     35     00    000  10.83   2.02  -3.16
2024      5     10     14     36     00    000  10.82   2.03  -3.16
2024      5     10     14     37     00    000  10.80   2.04  -3.16
2024      5     10     14     38     00    000  10.79   2.05  -3.16
2024      5     10     14     39     00    000  10.78   2.06  -3.15
2024      5     10     14     40     00    000  10.77   2.07  -3.15
2024      5     10     14     41     00    000  10.76   2.08  -3.15
2024      5     10     14     42     00    000  10.74   2.09  -3.14
2024      5     10     14     43     00    000  10.73   2.10  -3.14
2024      5     10     14     44     00    000  10.72   2.11  -3.14
2024      5     10     14     45     00    000  10.71   2.12  -3.13
2024      5     10     14     46     00    000  10.69   2.13  -3.13
2024      5     10     14     47     00    000  10.68   2.13  -3.13
2024      5     10     14     48     00    000  10.67   2.14  -3.12
2024      5     10     14     49     00    000  10.66   2.15  -3.12
2024      5     10     14     50     00    000  10.65   2.16  -3.12
2024      5     10     14     51     00    000  10.63   2.17  -3.12
2024      5     10     14     52     00    000  10.62   2.18  -3.11
2024      5     10     14     53     00    000  10.61   2.19  -3.11
2024      5     10     14     54     00    000  10.59   2.20  -3.11
2024      5     10     14     55     00    000  10.58   2.21  -3.10
2024      5     10     14     56     00    000  10.57   2.22  -3.10
2024      5     10     14     57     00    000  10.56   2.23  -3.09
2024      5     10     14     58     00    000  10.54   2.24  -3.09
2024      5     10     14     59     00    000  10.53   2.25  -3.09
2024      5     10     15     00     00    000  10.52   2.25  -3.08
2024      5     10     15     01     00    000  10.51   2.26  -3.08
2024      5     10     15     02     00    000  10.49   2.27  -3.08
2024      5     10     15     03     00    000  10.48   2.28  -3.07
2024      5     10     15     04     00    000  10.47   2.29  -3.07
2024      5     10     15     05     00    000  10.45   2.30  -3.07
2024      5     10     15     06     00    000  10.44   2.31  -3.06
2024      5     10     15     07     00    000  10.43   2.32  -3.06
2024      5     10     15     08     00    000  10.41   2.33  -3.05
2024      5     10     15     09     00    000  10.40   2.34  -3.05
2024      5     10     15     10     00    000  10.39   2.35  -3.05
2024      5     10     15     11     00    000  10.37   2.36  -3.04
2024      5     10     15     12     00    000  10.36   2.37  -3.04
2024      5     10     15     13     00    000  10.35   2.37  -3.04
2024      5     10     15     14     00    000  10.33   2.38  -3.03
2024      5     10     15     15     00    000  10.32   2.39  -3.03
2024      5     10     15     16     00    000  10.31   2.40  -3.02
2024      5     10     15     17     00    000  10.29   2.41  -3.02
2024      5     10     15     18     00    000  10.28   2.42  -3.02
2024      5     10     15     19     00    000  10.27   2.43  -3.01
2024      5     10     15     20     00    000  10.25   2.44  -3.01
2024      5     10     15     21     00    000  10.24   2.45  -3.00
2024      5     10     15     22     00    000  10.22   2.46  -3.00
2024      5     10     15     23     00    000  10.21   2.47  -3.00
2024      5     10     15     24     00    000  10.20   2.47  -2.99
2024      5     10     15     25     00    000  10.18   2.48  -2.99
2024      5     10     15     26     00    000  10.17   2.49  -2.98
2024      5     10     15     27     00    000  10.15   2.50  -2.98
2024      5     10     15     28     00    000  10.14   2.51  -2.97
2024      5     10     15     29     00    000  10.13   2.52  -2.97
2024      5     10     15     30     00    000  10.11   2.53  -2.97
2024      5     10     15     31     00    000  10.10   2.54  -2.96
2024      5     10     15     32     00    000  10.08   2.55  -2.96
2024      5     10     15     33     00    000  10.07   2.55  -2.95
2024      5     10     15     34     00    000  10.06   2.56  -2.95
2024      5     10     15     35     00    000  10.04   2.57  -2.94
2024      5     10     15     36     00    000  10.03   2.58  -2.94
2024      5     10     15     37     00    000  10.01   2.59  -2.93
2024      5     10     15     38     00    000  10.00   2.60  -2.93
2024      5     10     15     39     00    000   9.98   2.61  -2.92
2024      5     10     15     40     00    000   9.97   2.62  -2.92
2024      5     10     15     41     00    000   9.95   2.63  -2.92
2024      5     10     15     42     00    000   9.94   2.63  -2.91
2024      5     10     15     43     00    000   9.92   2.64  -2.91
2024      5     10     15     44     00    000   9.91   2.65  -2.90
2024      5     10     15     45     00    000   9.90   2.66  -2.90
2024      5     10     15     46     00    000   9.88   2.67  -2.89
2024      5     10     15     47     00    000   9.87   2.68  -2.89
2024      5     10     15     48     00    000   9.85   2.69  -2.88
2024      5     10     15     49     00    000   9.84   2.70  -2.88
2024      5     10     15     50     00    000   9.82   2.70  -2.87
2024      5     10     15     51     00    000   9.81   2.71  -2.87
2024      5     10     15     52     00    000   9.79   2.72  -2.86
2024      5     10     15     53     00    000   9.78   2.73  -2.86
2024      5     10     15     54     00    000   9.76   2.74  -2.85
2024      5     10     15     55     00    000   9.74   2.75  -2.85
2024      5     10     15     56     00    000   9.73   2.76  -2.84
2024      5     10     15     57     00    000   9.71   2.77  -2.84
2024      5     10     15     58     00    000   9.70   2.77  -2.83
2024      5     10     15     59     00    000   9.68   2.78  -2.83
2024      5     10     16     00     00    000   9.67   2.79  -2.82
2024      5     10     16     01     00    000   9.65   2.80  -2.82
2024      5     10     16     02     00    000   9.64   2.81  -2.81
2024      5     10     16     03     00    000   9.62   2.82  -2.80
2024      5     10     16     04     00    000   9.61   2.82  -2.80
2024      5     10     16     05     00    000   9.59   2.83  -2.79
2024      5     10     16     06     00    000   9.57   2.84  -2.79
2024      5     10     16     07     00    000   9.56   2.85  -2.78
2024      5     10     16     08     00    000   9.54   2.86  -2.78
2024      5     10     16     09     00    000   9.53   2.87  -2.77
2024      5     10     16     10     00    000   9.51   2.88  -2.77
2024      5     10     16     11     00    000   9.49   2.88  -2.76
2024      5     10     16     12     00    000   9.48   2.89  -2.76
2024      5     10     16     13     00    000   9.46   2.90  -2.75
2024      5     10     16     14     00    000   9.45   2.91  -2.74
2024      5     10     16     15     00    000   9.43   2.92  -2.74
2024      5     10     16     16     00    000   9.41   2.92  -2.73
2024      5     10     16     17     00    000   9.40   2.93  -2.73
2024      5     10     16     18     00    000   9.38   2.94  -2.72
2024      5     10     16     19     00    000   9.36   2.95  -2.72
2024      5     10     16     20     00    000   9.35   2.96  -2.71
2024      5     10     16     21     00    000   9.33   2.97  -2.70
2024      5     10     16     22     00    000   9.31   2.97  -2.70
2024      5     10     16     23     00    000   9.30   2.98  -2.69
2024      5     10     16     24     00    000   9.28   2.99  -2.69
2024      5     10     16     25     00    000   9.26   3.00  -2.68
2024      5     10     16     26     00    000   9.25   3.01  -2.68
2024      5     10     16     27     00    000   9.23   3.01  -2.67
2024      5     10     16     28     00    000   9.21   3.02  -2.66
2024      5     10     16     29     00    000   9.20   3.03  -2.66
2024      5     10     16     30     00    000   9.18   3.04  -2.65
2024      5     10     16     31     00    000   9.16   3.05  -2.65
2024      5     10     16     32     00    000   9.15   3.05  -2.64
2024      5     10     16     33     00    000   9.13   3.06  -2.63
2024      5     10     16     34     00    000   9.11   3.07  -2.63
2024      5     10     16     35     00    000   9.10   3.08  -2.62
2024      5     10     16     36     00    000   9.08   3.09  -2.61
2024      5     10     16     37     00    000   9.06   3.09  -2.61
2024      5     10     16     38     00    000   9.04   3.10  -2.60
2024      5     10     16     39     00    000   9.03   3.11  -2.60
2024      5     10     16     40     00    000   9.01   3.12  -2.59
2024      5     10     16     41     00    000   8.99   3.12  -2.58
2024      5     10     16     42     00    000   8.97   3.13  -2.58
2024      5     10     16     43     00    000   8.96   3.14  -2.57
2024      5     10     16     44     00    000   8.94   3.15  -2.56
2024      5     10     16     45     00    000   8.92   3.15  -2.56
2024      5     10     16     46     00    000   8.90   3.16  -2.55
2024      5     10     16     47     00    000   8.88   3.17  -2.54
2024      5     10     16     48     00    000   8.87   3.18  -2.54
2024      5     10     16     49     00    000   8.85   3.18  -2.53
2024      5     10     16     50     00    000   8.83   3.19  -2.53
2024      5     10     16     51     00    000   8.81   3.20  -2.52
2024      5     10     16     52     00    000   8.79   3.21  -2.51
2024      5     10     16     53     00    000   8.78   3.21  -2.51
2024      5     10     16     54     00    000   8.76   3.22  -2.50
2024      5     10     16     55     00    000   8.74   3.23  -2.49
2024      5     10     16     56     00    000   8.72   3.24  -2.49
2024      5     10     16     57     00    000   8.70   3.24  -2.48
2024      5     10     16     58     00    000   8.69   3.25  -2.47
2024      5     10     16     59     00    000   8.67   3.26  -2.46
2024      5     10     17     00     00    000   8.65   3.26  -2.46
2024      5     10     17     01     00    000   8.63   3.27  -2.45
2024      5     10     17     02     00    000   8.61   3.28  -2.44
2024      5     10     17     03     00    000   8.59   3.29  -2.44
2024      5     10     17     04     00    000   8.57   3.29  -2.43
2024      5     10     17     05     00    000   8.56   3.30  -2.42
2024      5     10     17     06     00    000   8.54   3.31  -2.42
2024      5     10     17     07     00    000   8.52   3.31  -2.41
2024      5     10     17     08     00    000   8.50   3.32  -2.40
2024      5     10     17     09     00    000   8.48   3.33  -2.40
2024      5     10     17     10     00    000   8.46   3.33  -2.39
2024      5     10     17     11     00    000   8.44   3.34  -2.38
2024      5     10     17     12     00    000   8.42   3.35  -2.37
2024      5     10     17     13     00    000   8.40   3.35  -2.37
2024      5     10     17     14     00    000   8.38   3.36  -2.36
2024      5     10     17     15     00    000   8.36   3.37  -2.35
2024      5     10     17     16     00    000   8.34   3.37  -2.35
2024      5     10     17     17     00    000   8.33   3.38  -2.34
2024      5     10     17     18     00    000   8.31   3.39  -2.33
2024      5     10     17     19     00    000   8.29   3.39  -2.32
2024      5     10     17     20     00    000   8.27   3.40  -2.32
2024      5     10     17     21     00    000   8.25   3.41  -2.31
2024      5     10     17     22     00    000   8.23   3.41  -2.30
2024      5     10     17     23     00    000   8.21   3.42  -2.29
2024      5     10     17     24     00    000   8.19   3.43  -2.29
2024      5     10     17     25     00    000   8.17   3.43  -2.28
2024      5     10     17     26     00    000   8.15   3.44  -2.27
2024      5     10     17     27     00    000   8.13   3.45  -2.27
2024      5     10     17     28     00    000   8.11   3.45  -2.26
2024      5     10     17     29     00    000   8.09   3.46  -2.25
2024      5     10     17     30     00    000   8.07   3.46  -2.24
2024      5     10     17     31     00    000   8.05   3.47  -2.24
2024      5     10     17     32     00    000   8.03   3.48  -2.23
2024      5     10     17     33     00    000   8.01   3.48  -2.22
2024      5     10     17     34     00    000   7.99   3.49  -2.21
2024      5     10     17     35     00    000   7.97   3.49  -2.20
2024      5     10     17     36     00    000   7.94   3.50  -2.20
2024      5     10     17     37     00    000   7.92   3.51  -2.19
2024      5     10     17     38     00    000   7.90   3.51  -2.18
2024      5     10     17     39     00    000   7.88   3.52  -2.17
2024      5     10     17     40     00    000   7.86   3.52  -2.17
2024      5     10     17     41     00    000   7.84   3.53  -2.16
2024      5     10     17     42     00    000   7.82   3.54  -2.15
2024      5     10     17     43     00    000   7.80   3.54  -2.14
2024      5     10     17     44     00    000   7.78   3.55  -2.14
2024      5     10     17     45     00    000   7.76   3.55  -2.13
2024      5     10     17     46     00    000   7.74   3.56  -2.12
2024      5     10     17     47     00    000   7.71   3.56  -2.11
2024      5     10     17     48     00    000   7.69   3.57  -2.10
2024      5     10     17     49     00    000   7.67   3.57  -2.10
2024      5     10     17     50     00    000   7.65   3.58  -2.09
2024      5     10     17     51     00    000   7.63   3.58  -2.08
2024      5     10     17     52     00    000   7.61   3.59  -2.07
2024      5     10     17     53     00    000   7.59   3.60  -2.06
2024      5     10     17     54     00    000   7.56   3.60  -2.06
2024      5     10     17     55     00    000   7.54   3.61  -2.05
2024      5     10     17     56     00    000   7.52   3.61  -2.04
2024      5     10     17     57     00    000   7.50   3.62  -2.03
2024      5     10     17     58     00    000   7.48   3.62  -2.02
2024      5     10     17     59     00    000   7.45   3.63  -2.02
2024      5     10     18     00     00    000   7.43   3.63  -2.01
2024      5     10     18     01     00    000   7.41   3.64  -2.00
2024      5     10     18     02     00    000   7.39   3.64  -1.99
2024      5     10     18     03     00    000   7.36   3.65  -1.98
2024      5     10     18     04     00    000   7.34   3.65  -1.97
2024      5     10     18     05     00    000   7.32   3.65  -1.97
2024      5     10     18     06     00    000   7.30   3.66  -1.96
2024      5     10     18     07     00    000   7.28   3.66  -1.95
2024      5     10     18     08     00    000   7.25   3.67  -1.94
2024      5     10     18     09     00    000   7.23   3.67  -1.93
2024      5     10     18     10     00    000   7.21   3.68  -1.92
2024      5     10     18     11     00    000   7.18   3.68  -1.92
2024      5     10     18     12     00    000   7.16   3.69  -1.91
2024      5     10     18     13     00    000   7.14   3.69  -1.90
2024      5     10     18     14     00    000   7.12   3.69  -1.89
2024      5     10     18     15     00    000   7.09   3.70  -1.88
2024      5     10     18     16     00    000   7.07   3.70  -1.87
2024      5     10     18     17     00    000   7.05   3.71  -1.87
2024      5     10     18     18     00    000   7.02   3.71  -1.86
2024      5     10     18     19     00    000   7.00   3.72  -1.85
2024      5     10     18     20     00    000   6.98   3.72  -1.84
2024      5     10     18     21     00    000   6.95   3.72  -1.83
2024      5     10     18     22     00    000   6.93   3.73  -1.82
2024      5     10     18     23     00    000   6.90   3.73  -1.81
2024      5     10     18     24     00    000   6.88   3.73  -1.81
2024      5     10     18     25     00    000   6.86   3.74  -1.80
2024      5     10     18     26     00    000   6.83   3.74  -1.79
2024      5     10     18     27     00    000   6.81   3.75  -1.78
2024      5     10     18     28     00    000   6.78   3.75  -1.77
2024      5     10     18     29     00    000   6.76   3.75  -1.76
2024      5     10     18     30     00    000   6.74   3.76  -1.75
2024      5     10     18     31     00    000   6.71   3.76  -1.75
2024      5     10     18     32     00    000   6.69   3.76  -1.74
2024      5     10     18     33     00    000   6.66   3.77  -1.73
2024      5     10     18     34     00    000   6.64   3.77  -1.72
2024      5     10     18     35     00    000   6.61   3.77  -1.71
2024      5     10     18     36     00    000   6.59   3.78  -1.70
2024      5     10     18     37     00    000   6.56   3.78  -1.69
2024      5     10     18     38     00    000   6.54   3.78  -1.68
2024      5     10     18     39     00    000   6.51   3.79  -1.68
2024      5     10     18     40     00    000   6.49   3.79  -1.67
2024      5     10     18     41     00    000   6.46   3.79  -1.66
2024      5     10     18     42     00    000   6.44   3.79  -1.65
2024      5     10     18     43     00    000   6.41   3.80  -1.64
2024      5     10     18     44     00    000   6.39   3.80  -1.63
2024      5     10     18     45     00    000   6.36   3.80  -1.62
2024      5     10     18     46     00    000   6.34   3.80  -1.61
2024      5     10     18     47     00    000   6.31   3.81  -1.60
2024      5     10     18     48     00    000   6.29   3.81  -1.59
2024      5     10     18     49     00    000   6.26   3.81  -1.59
2024      5     10     18     50     00    000   6.24   3.81  -1.58
2024      5     10     18     51     00    000   6.21   3.82  -1.57
2024      5     10     18     52     00    000   6.18   3.82  -1.56
2024      5     10     18     53     00    000   6.16   3.82  -1.55
2024      5     10     18     54     00    000   6.13   3.82  -1.54
2024      5     10     18     55     00    000   6.11   3.82  -1.53
2024      5     10     18     56     00    000   6.08   3.83  -1.52
2024      5     10     18     57     00    000   6.05   3.83  -1.51
2024      5     10     18     58     00    000   6.03   3.83  -1.50
2024      5     10     18     59     00    000   6.00   3.83  -1.49
2024      5     10     19     00     00    000   5.97   3.83  -1.49
2024      5     10     19     01     00    000   5.95   3.83  -1.48
2024      5     10     19     02     00    000   5.92   3.84  -1.47
2024      5     10     19     03     00    000   5.89   3.84  -1.46
2024      5     10     19     04     00    000   5.87   3.84  -1.45
2024      5     10     19     05     00    000   5.84   3.84  -1.44
2024      5     10     19     06     00    000   5.81   3.84  -1.43
2024      5     10     19     07     00    000   5.78   3.84  -1.42
2024      5     10     19     08     00    000   5.76   3.84  -1.41
2024      5     10     19     09     00    000   5.73   3.84  -1.40
2024      5     10     19     10     00    000   5.70   3.85  -1.39
2024      5     10     19     11     00    000   5.67   3.85  -1.38
2024      5     10     19     12     00    000   5.65   3.85  -1.37
2024      5     10     19     13     00    000   5.62   3.85  -1.37
2024      5     10     19     14     00    000   5.59   3.85  -1.36
2024      5     10     19     15     00    000   5.56   3.85  -1.35
2024      5     10     19     16     00    000   5.53   3.85  -1.34
2024      5     10     19     17     00    000   5.51   3.85  -1.33
2024      5     10     19     18     00    000   5.48   3.85  -1.32
2024      5     10     19     19     00    000   5.45   3.85  -1.31
2024      5     10     19     20     00    000   5.42   3.85  -1.30
2024      5     10     19     21     00    000   5.39   3.85  -1.29
2024      5     10     19     22     00    000   5.36   3.85  -1.28
2024      5     10     19     23     00    000   5.34   3.85  -1.27
2024      5     10     19     24     00    000   5.31   3.85  -1.26
2024      5     10     19     25     00    000   5.28   3.85  -1.25
2024      5     10     19     26     00    000   5.25   3.85  -1.24
2024      5     10     19     27     00    000   5.22   3.85  -1.23
2024      5     10     19     28     00    000   5.19   3.85  -1.22
2024      5     10     19     29     00    000   5.16   3.85  -1.21
2024      5     10     19     30     00    000   5.13   3.85  -1.20
2024      5     10     19     31     00    000   5.10   3.85  -1.19
2024      5     10     19     32     00    000   5.07   3.85  -1.18
2024      5     10     19     33     00    000   5.04   3.84  -1.18
2024      5     10     19     34     00    000   5.01   3.84  -1.17
2024      5     10     19     35     00    000   4.98   3.84  -1.16
2024      5     10     19     36     00    000   4.95   3.84  -1.15
2024      5     10     19     37     00    000   4.92   3.84  -1.14
2024      5     10     19     38     00    000   4.89   3.84  -1.13
2024      5     10     19     39     00    000   4.86   3.84  -1.12
2024      5     10     19     40     00    000   4.83   3.83  -1.11
2024      5     10     19     41     00    000   4.80   3.83  -1.10
2024      5     10     19     42     00    000   4.77   3.83  -1.09
2024      5     10     19     43     00    000   4.74   3.83  -1.08
2024      5     10     19     44     00    000   4.71   3.83  -1.07
2024      5     10     19     45     00    000   4.68   3.83  -1.06
2024      5     10     19     46     00    000   4.65   3.82  -1.05
2024      5     10     19     47     00    000   4.61   3.82  -1.04
2024      5     10     19     48     00    000   4.58   3.82  -1.03
2024      5     10     19     49     00    000   4.55   3.82  -1.02
2024      5     10     19     50     00    000   4.52   3.81  -1.01
2024      5     10     19     51     00    000   4.49   3.81  -1.00
2024      5     10     19     52     00    000   4.46   3.81  -0.99
2024      5     10     19     53     00    000   4.42   3.80  -0.98
2024      5     10     19     54     00    000   4.39   3.80  -0.97
2024      5     10     19     55     00    000   4.36   3.80  -0.96
2024      5     10     19     56     00    000   4.33   3.79  -0.95
2024      5     10     19     57     00    000   4.30   3.79  -0.94
2024      5     10     19     58     00    000   4.26   3.79  -0.93
2024      5     10     19     59     00    000   4.23   3.78  -0.92
2024      5     10     20     00     00    000   4.20   3.78  -0.91
2024      5     10     20     01     00    000   4.16   3.78  -0.90
2024      5     10     20     02     00    000   4.13   3.77  -0.89
2024      5     10     20     03     00    000   4.10   3.77  -0.88
2024      5     10     20     04     00    000   4.07   3.76  -0.87
2024      5     10     20     05     00    000   4.03   3.76  -0.86
2024      5     10     20     06     00    000   4.00   3.75  -0.85
2024      5     10     20     07     00    000   3.96   3.75  -0.84
2024      5     10     20     08     00    000   3.93   3.75  -0.83
2024      5     10     20     09     00    000   3.90   3.74  -0.82
2024      5     10     20     10     00    000   3.86   3.73  -0.81
2024      5     10     20     11     00    000   3.83   3.73  -0.80
2024      5     10     20     12     00    000   3.79   3.72  -0.79
2024      5     10     20     13     00    000   3.76   3.72  -0.78
2024      5     10     20     14     00    000   3.73   3.71  -0.77
2024      5     10     20     15     00    000   3.69   3.71  -0.76
2024      5     10     20     16     00    000   3.66   3.70  -0.75
2024      5     10     20     17     00    000   3.62   3.70  -0.74
2024      5     10     20     18     00    000   3.59   3.69  -0.73
2024      5     10     20     19     00    000   3.55   3.68  -0.72
2024      5     10     20     20     00    000   3.51   3.68  -0.71
2024      5     10     20     21     00    000   3.48   3.67  -0.70
2024      5     10     20     22     00    000   3.44   3.66  -0.69
2024      5     10     20     23     00    000   3.41   3.66  -0.68
2024      5     10     20     24     00    000   3.37   3.65  -0.67
2024      5     10     20     25     00    000   3.33   3.64  -0.66
2024      5     10     20     26     00    000   3.30   3.63  -0.65
2024      5     10     20     27     00    000   3.26   3.63  -0.64
2024      5     10     20     28     00    000   3.23   3.62  -0.63
2024      5     10     20     29     00    000   3.19   3.61  -0.62
2024      5     10     20     30     00    000   3.15   3.60  -0.61
2024      5     10     20     31     00    000   3.11   3.59  -0.60
2024      5     10     20     32     00    000   3.08   3.58  -0.59
2024      5     10     20     33     00    000   3.04   3.57  -0.57
2024      5     10     20     34     00    000   3.00   3.57  -0.56
2024      5     10     20     35     00    000   2.96   3.56  -0.55
2024      5     10     20     36     00    000   2.93   3.55  -0.54
2024      5     10     20     37     00    000   2.89   3.54  -0.53
2024      5     10     20     38     00    000   2.85   3.53  -0.52
2024      5     10     20     39     00    000   2.81   3.52  -0.51
2024      5     10     20     40     00    000   2.77   3.51  -0.50
2024      5     10     20     41     00    000   2.73   3.50  -0.49
2024      5     10     20     42     00    000   2.70   3.49  -0.48
2024      5     10     20     43     00    000   2.66   3.48  -0.47
2024      5     10     20     44     00    000   2.62   3.46  -0.46
2024      5     10     20     45     00    000   2.58   3.45  -0.45
2024      5     10     20     46     00    000   2.54   3.44  -0.44
2024      5     10     20     47     00    000   2.50   3.43  -0.43
2024      5     10     20     48     00    000   2.46   3.42  -0.42
2024      5     10     20     49     00    000   2.42   3.40  -0.41
2024      5     10     20     50     00    000   2.38   3.39  -0.40
2024      5     10     20     51     00    000   2.34   3.38  -0.39
2024      5     10     20     52     00    000   2.30   3.37  -0.38
2024      5     10     20     53     00    000   2.26   3.35  -0.36
2024      5     10     20     54     00    000   2.22   3.34  -0.35
2024      5     10     20     55     00    000   2.17   3.32  -0.34
2024      5     10     20     56     00    000   2.13   3.31  -0.33
2024      5     10     20     57     00    000   2.09   3.29  -0.32
2024      5     10     20     58     00    000   2.05   3.28  -0.31
2024      5     10     20     59     00    000   2.01   3.26  -0.30
2024      5     10     21     00     00    000   1.96   3.25  -0.29
2024      5     10     21     01     00    000   1.92   3.23  -0.28
2024      5     10     21     02     00    000   1.88   3.22  -0.27
2024      5     10     21     03     00    000   1.84   3.20  -0.26
2024      5     10     21     04     00    000   1.79   3.18  -0.25
2024      5     10     21     05     00    000   1.75   3.17  -0.24
2024      5     10     21     06     00    000   1.71   3.15  -0.23
2024      5     10     21     07     00    000   1.66   3.13  -0.22
2024      5     10     21     08     00    000   1.62   3.11  -0.20
2024      5     10     21     09     00    000   1.58   3.09  -0.19
2024      5     10     21     10     00    000   1.53   3.07  -0.18
2024      5     10     21     11     00    000   1.49   3.05  -0.17
2024      5     10     21     12     00    000   1.44   3.03  -0.16
2024      5     10     21     13     00    000   1.40   3.01  -0.15
2024      5     10     21     14     00    000   1.35   2.99  -0.14
2024      5     10     21     15     00    000   1.31   2.97  -0.13
2024      5     10     21     16     00    000   1.26   2.95  -0.12
2024      5     10     21     17     00    000   1.22   2.92  -0.11
2024      5     10     21     18     00    000   1.17   2.90  -0.10
2024      5     10     21     19     00    000   1.12   2.88  -0.09
2024      5     10     21     20     00    000   1.08   2.85  -0.08
2024      5     10     21     21     00    000   1.03   2.83  -0.06
2024      5     10     21     22     00    000   0.98   2.80  -0.05
2024      5     10     21     23     00    000   0.94   2.78  -0.04
2024      5     10     21     24     00    000   0.89   2.75  -0.03
2024      5     10     21     25     00    000   0.84   2.72  -0.02
2024      5     10     21     26     00    000   0.80   2.70  -0.01
2024      5     10     21     27     00    000   0.75   2.67   0.00
2024      5     10     21     28     00    000   0.70   2.64   0.01
2024      5     10     21     29     00    000   0.65   2.61   0.02
2024      5     10     21     30     00    000   0.60   2.58   0.03
2024      5     10     21     31     00    000   0.55   2.55   0.04
2024      5     10     21     32     00    000   0.51   2.51   0.05
2024      5     10     21     33     00    000   0.46   2.48   0.06
2024      5     10     21     34     00    000   0.41   2.45   0.07
2024      5     10     21     35     00    000   0.36   2.41   0.08
2024      5     10     21     36     00    000   0.31   2.38   0.09
2024      5     10     21     37     00    000   0.26   2.34   0.11
2024      5     10     21     38     00    000   0.21   2.30   0.12
2024      5     10     21     39     00    000   0.16   2.26   0.13
2024      5     10     21     40     00    000   0.11   2.22   0.14
2024      5     10     21     41     00    000   0.06   2.18   0.15
2024      5     10     21     42     00    000   0.01   2.14   0.16
2024      5     10     21     43     00    000  -0.04   2.10   0.17
2024      5     10     21     44     00    000  -0.09   2.05   0.18
2024      5     10     21     45     00    000  -0.14   2.01   0.18
2024      5     10     21     46     00    000  -0.19   1.96   0.19
2024      5     10     21     47     00    000  -0.24   1.91   0.20
2024      5     10     21     48     00    000  -0.29   1.86   0.21
2024      5     10     21     49     00    000  -0.34   1.81   0.22
2024      5     10     21     50     00    000  -0.38   1.76   0.23
2024      5     10     21     51     00    000  -0.43   1.70   0.24
2024      5     10     21     52     00    000  -0.48   1.65   0.25
2024      5     10     21     53     00    000  -0.53   1.59   0.25
2024      5     10     21     54     00    000  -0.58   1.53   0.26
2024      5     10     21     55     00    000  -0.62   1.47   0.27
2024      5     10     21     56     00    000  -0.67   1.40   0.28
2024      5     10     21     57     00    000  -0.71   1.34   0.28
2024      5     10     21     58     00    000  -0.75   1.27   0.29
2024      5     10     21     59     00    000  -0.80   1.20   0.29
2024      5     10     22     00     00    000  -0.84   1.13   0.30
2024      5     10     22     01     00    000  -0.88   1.05   0.30
2024      5     10     22     02     00    000  -0.91   0.98   0.31
2024      5     10     22     03     00    000  -0.95   0.90   0.31
2024      5     10     22     04     00    000  -0.98   0.82   0.31
2024      5     10     22     05     00    000  -1.01   0.74   0.31
2024      5     10     22     06     00    000  -1.04   0.65   0.32
2024      5     10     22     07     00    000  -1.07   0.57   0.32
2024      5     10     22     08     00    000  -1.09   0.48   0.31
2024      5     10     22     09     00    000  -1.11   0.39   0.31
2024      5     10     22     10     00    000  -1.13   0.30   0.31
2024      5     10     22     11     00    000  -1.14   0.21   0.31
2024      5     10     22     12     00    000  -1.15   0.12   0.30
2024      5     10     22     13     00    000  -1.15   0.03   0.29
2024      5     10     22     14     00    000  -1.15  -0.06   0.29
2024      5     10     22     15     00    000  -1.15  -0.16   0.28
2024      5     10     22     16     00    000  -1.14  -0.25   0.27
2024      5     10     22     17     00    000  -1.13  -0.34   0.26
2024      5     10     22     18     00    000  -1.12  -0.43   0.25
2024      5     10     22     19     00    000  -1.10  -0.52   0.24
2024      5     10     22     20     00    000  -1.08  -0.60   0.23
2024      5     10     22     21     00    000  -1.06  -0.69   0.22
2024      5     10     22     22     00    000  -1.03  -0.77   0.20
2024      5     10     22     23     00    000  -1.01  -0.85   0.19
2024      5     10     22     24     00    000  -0.98  -0.93   0.17
2024      5     10     22     25     00    000  -0.94  -1.01   0.16
2024      5     10     22     26     00    000  -0.91  -1.09   0.15
2024      5     10     22     27     00    000  -0.87  -1.16   0.13
2024      5     10     22     28     00    000  -0.83  -1.23   0.12
2024      5     10     22     29     00    000  -0.79  -1.30   0.10
2024      5     10     22     30     00    000  -0.75  -1.37   0.08
2024      5     10     22     31     00    000  -0.71  -1.43   0.07
2024      5     10     22     32     00    000  -0.67  -1.49   0.05
2024      5     10     22     33     00    000  -0.62  -1.55   0.04
2024      5     10     22     34     00    000  -0.58  -1.61   0.02
2024      5     10     22     35     00    000  -0.54  -1.67   0.00
2024      5     10     22     36     00    000  -0.49  -1.73  -0.01
2024      5     10     22     37     00    000  -0.44  -1.78  -0.03
2024      5     10     22     38     00    000  -0.40  -1.83  -0.04
2024      5     10     22     39     00    000  -0.35  -1.89  -0.06
2024      5     10     22     40     00    000  -0.30  -1.94  -0.07
2024      5     10     22     41     00    000  -0.26  -1.98  -0.09
2024      5     10     22     42     00    000  -0.21  -2.03  -0.11
2024      5     10     22     43     00    000  -0.16  -2.08  -0.12
2024      5     10     22     44     00    000  -0.11  -2.12  -0.14
2024      5     10     22     45     00    000  -0.07  -2.16  -0.15
2024      5     10     22     46     00    000  -0.02  -2.21  -0.17
2024      5     10     22     47     00    000   0.03  -2.25  -0.18
2024      5     10     22     48     00    000   0.08  -2.29  -0.20
2024      5     10     22     49     00    000   0.12  -2.33  -0.21
2024      5     10     22     50     00    000   0.17  -2.36  -0.23
2024      5     10     22     51     00    000   0.22  -2.40  -0.24
2024      5     10     22     52     00    000   0.27  -2.44  -0.26
2024      5     10     22     53     00    000   0.32  -2.47  -0.27
2024      5     10     22     54     00    000   0.36  -2.50  -0.29
2024      5     10     22     55     00    000   0.41  -2.54  -0.30
2024      5     10     22     56     00    000   0.46  -2.57  -0.32
2024      5     10     22     57     00    000   0.50  -2.60  -0.33
2024      5     10     22     58     00    000   0.55  -2.63  -0.34
2024      5     10     22     59     00    000   0.60  -2.66  -0.36
2024      5     10     23     00     00    000   0.64  -2.69  -0.37
2024      5     10     23     01     00    000   0.69  -2.72  -0.39
2024      5     10     23     02     00    000   0.74  -2.75  -0.40
2024      5     10     23     03     00    000   0.78  -2.78  -0.41
2024      5     10     23     04     00    000   0.83  -2.80  -0.43
2024      5     10     23     05     00    000   0.87  -2.83  -0.44
2024      5     10     23     06     00    000   0.92  -2.86  -0.45
2024      5     10     23     07     00    000   0.96  -2.88  -0.47
2024      5     10     23     08     00    000   1.01  -2.91  -0.48
2024      5     10     23     09     00    000   1.05  -2.93  -0.49
2024      5     10     23     10     00    000   1.10  -2.95  -0.50
2024      5     10     23     11     00    000   1.14  -2.98  -0.52
2024      5     10     23     12     00    000   1.19  -3.00  -0.53
2024      5     10     23     13     00    000   1.23  -3.02  -0.54
2024      5     10     23     14     00    000   1.27  -3.04  -0.56
2024      5     10     23     15     00    000   1.32  -3.06  -0.57
2024      5     10     23     16     00    000   1.36  -3.08  -0.58
2024      5     10     23     17     00    000   1.41  -3.10  -0.59
2024      5     10     23     18     00    000   1.45  -3.12  -0.60
2024      5     10     23     19     00    000   1.49  -3.14  -0.62
2024      5     10     23     20     00    000   1.53  -3.16  -0.63
2024      5     10     23     21     00    000   1.58  -3.18  -0.64
2024      5     10     23     22     00    000   1.62  -3.20  -0.65
2024      5     10     23     23     00    000   1.66  -3.22  -0.66
2024      5     10     23     24     00    000   1.70  -3.24  -0.67
2024      5     10     23     25     00    000   1.75  -3.25  -0.69
2024      5     10     23     26     00    000   1.79  -3.27  -0.70
2024      5     10     23     27     00    000   1.83  -3.29  -0.71
2024      5     10     23     28     00    000   1.87  -3.30  -0.72
2024      5     10     23     29     00    000   1.91  -3.32  -0.73
2024      5     10     23     30     00    000   1.95  -3.34  -0.74
2024      5     10     23     31     00    000   1.99  -3.35  -0.75
2024      5     10     23     32     00    000   2.03  -3.37  -0.76
2024      5     10     23     33     00    000   2.07  -3.38  -0.77
2024      5     10     23     34     00    000   2.11  -3.40  -0.78
2024      5     10     23     35     00    000   2.15  -3.41  -0.80
2024      5     10     23     36     00    000   2.19  -3.42  -0.81
2024      5     10     23     37     00    000   2.23  -3.44  -0.82
2024      5     10     23     38     00    000   2.27  -3.45  -0.83
2024      5     10     23     39     00    000   2.31  -3.46  -0.84
2024      5     10     23     40     00    000   2.35  -3.48  -0.85
2024      5     10     23     41     00    000   2.39  -3.49  -0.86
2024      5     10     23     42     00    000   2.43  -3.50  -0.87
2024      5     10     23     43     00    000   2.47  -3.52  -0.88
2024      5     10     23     44     00    000   2.51  -3.53  -0.89
2024      5     10     23     45     00    000   2.55  -3.54  -0.90
2024      5     10     23     46     00    000   2.58  -3.55  -0.91
2024      5     10     23     47     00    000   2.62  -3.56  -0.92
2024      5     10     23     48     00    000   2.66  -3.57  -0.93
2024      5     10     23     49     00    000   2.70  -3.59  -0.94
2024      5     10     23     50     00    000   2.74  -3.60  -0.95
2024      5     10     23     51     00    000   2.77  -3.61  -0.95
2024      5     10     23     52     00    000   2.81  -3.62  -0.96
2024      5     10     23     53     00    000   2.85  -3.63  -0.97
2024      5     10     23     54     00    000   2.88  -3.64  -0.98
2024      5     10     23     55     00    000   2.92  -3.65  -0.99
2024      5     10     23     56     00    000   2.96  -3.66  -1.00
2024      5     10     23     57     00    000   2.99  -3.67  -1.01
2024      5     10     23     58     00    000   3.03  -3.68  -1.02
2024      5     10     23     59     00    000   3.07  -3.69  -1.03
2024      5     11     00     00     00    000   3.10  -3.70  -1.04
2024      5     11     00     01     00    000   3.14  -3.70  -1.05
2024      5     11     00     02     00    000   3.18  -3.71  -1.05
2024      5     11     00     03     00    000   3.21  -3.72  -1.06
2024      5     11     00     04     00    000   3.25  -3.73  -1.07
2024      5     11     00     05     00    000   3.28  -3.74  -1.08
2024      5     11     00     06     00    000   3.32  -3.75  -1.09
2024      5     11     00     07     00    000   3.35  -3.75  -1.10
2024      5     11     00     08     00    000   3.39  -3.76  -1.10
2024      5     11     00     09     00    000   3.42  -3.77  -1.11
2024      5     11     00     10     00    000   3.46  -3.78  -1.12
2024      5     11     00     11     00    000   3.49  -3.79  -1.13
2024      5     11     00     12     00    000   3.53  -3.79  -1.14
2024      5     11     00     13     00    000   3.56  -3.80  -1.15
2024      5     11     00     14     00    000   3.59  -3.81  -1.15
2024      5     11     00     15     00    000   3.63  -3.81  -1.16
2024      5     11     00     16     00    000   3.66  -3.82  -1.17
2024      5     11     00     17     00    000   3.70  -3.83  -1.18
2024      5     11     00     18     00    000   3.73  -3.83  -1.19
2024      5     11     00     19     00    000   3.76  -3.84  -1.19
2024      5     11     00     20     00    000   3.80  -3.85  -1.20
2024      5     11     00     21     00    000   3.83  -3.85  -1.21
2024      5     11     00     22     00    000   3.86  -3.86  -1.22
2024      5     11     00     23     00    000   3.90  -3.87  -1.22
2024      5     11     00     24     00    000   3.93  -3.87  -1.23
2024      5     11     00     25     00    000   3.96  -3.88  -1.24
2024      5     11     00     26     00    000   4.00  -3.88  -1.25
2024      5     11     00     27     00    000   4.03  -3.89  -1.25
2024      5     11     00     28     00    000   4.06  -3.89  -1.26
2024      5     11     00     29     00    000   4.09  -3.90  -1.27
2024      5     11     00     30     00    000   4.13  -3.91  -1.27
2024      5     11     00     31     00    000   4.16  -3.91  -1.28
2024      5     11     00     32     00    000   4.19  -3.92  -1.29
2024      5     11     00     33     00    000   4.22  -3.92  -1.30
2024      5     11     00     34     00    000   4.25  -3.93  -1.30
2024      5     11     00     35     00    000   4.28  -3.93  -1.31
2024      5     11     00     36     00    000   4.32  -3.93  -1.32
2024      5     11     00     37     00    000   4.35  -3.94  -1.32
2024      5     11     00     38     00    000   4.38  -3.94  -1.33
2024      5     11     00     39     00    000   4.41  -3.95  -1.34
2024      5     11     00     40     00    000   4.44  -3.95  -1.34
2024      5     11     00     41     00    000   4.47  -3.96  -1.35
2024      5     11     00     42     00    000   4.50  -3.96  -1.36
2024      5     11     00     43     00    000   4.53  -3.97  -1.36
2024      5     11     00     44     00    000   4.56  -3.97  -1.37
2024      5     11     00     45     00    000   4.60  -3.97  -1.38
2024      5     11     00     46     00    000   4.63  -3.98  -1.38
2024      5     11     00     47     00    000   4.66  -3.98  -1.39
2024      5     11     00     48     00    000   4.69  -3.98  -1.39
2024      5     11     00     49     00    000   4.72  -3.99  -1.40
2024      5     11     00     50     00    000   4.75  -3.99  -1.41
2024      5     11     00     51     00    000   4.78  -4.00  -1.41
2024      5     11     00     52     00    000   4.81  -4.00  -1.42
2024      5     11     00     53     00    000   4.84  -4.00  -1.43
2024      5     11     00     54     00    000   4.87  -4.01  -1.43
2024      5     11     00     55     00    000   4.90  -4.01  -1.44
2024      5     11     00     56     00    000   4.93  -4.01  -1.44
2024      5     11     00     57     00    000   4.95  -4.01  -1.45
2024      5     11     00     58     00    000   4.98  -4.02  -1.46
2024      5     11     00     59     00    000   5.01  -4.02  -1.46
2024      5     11     01     00     00    000   5.04  -4.02  -1.47
2024      5     11     01     01     00    000   5.07  -4.03  -1.47
2024      5     11     01     02     00    000   5.10  -4.03  -1.48
2024      5     11     01     03     00    000   5.13  -4.03  -1.48
2024      5     11     01     04     00    000   5.16  -4.03  -1.49
2024      5     11     01     05     00    000   5.19  -4.04  -1.50
2024      5     11     01     06     00    000   5.21  -4.04  -1.50
2024      5     11     01     07     00    000   5.24  -4.04  -1.51
2024      5     11     01     08     00    000   5.27  -4.04  -1.51
2024      5     11     01     09     00    000   5.30  -4.05  -1.52
2024      5     11     01     10     00    000   5.33  -4.05  -1.52
2024      5     11     01     11     00    000   5.36  -4.05  -1.53
2024      5     11     01     12     00    000   5.38  -4.05  -1.53
2024      5     11     01     13     00    000   5.41  -4.05  -1.54
2024      5     11     01     14     00    000   5.44  -4.06  -1.54
2024      5     11     01     15     00    000   5.47  -4.06  -1.55
2024      5     11     01     16     00    000   5.49  -4.06  -1.56
2024      5     11     01     17     00    000   5.52  -4.06  -1.56
2024      5     11     01     18     00    000   5.55  -4.06  -1.57
2024      5     11     01     19     00    000   5.58  -4.06  -1.57
2024      5     11     01     20     00    000   5.60  -4.07  -1.58
2024      5     11     01     21     00    000   5.63  -4.07  -1.58
2024      5     11     01     22     00    000   5.66  -4.07  -1.59
2024      5     11     01     23     00    000   5.69  -4.07  -1.59
2024      5     11     01     24     00    000   5.71  -4.07  -1.60
2024      5     11     01     25     00    000   5.74  -4.07  -1.60
2024      5     11     01     26     00    000   5.77  -4.07  -1.61
2024      5     11     01     27     00    000   5.79  -4.08  -1.61
2024      5     11     01     28     00    000   5.82  -4.08  -1.62
2024      5     11     01     29     00    000   5.85  -4.08  -1.62
2024      5     11     01     30     00    000   5.87  -4.08  -1.62
2024      5     11     01     31     00    000   5.90  -4.08  -1.63
2024      5     11     01     32     00    000   5.92  -4.08  -1.63
2024      5     11     01     33     00    000   5.95  -4.08  -1.64
2024      5     11     01     34     00    000   5.98  -4.08  -1.64
2024      5     11     01     35     00    000   6.00  -4.08  -1.65
2024      5     11     01     36     00    000   6.03  -4.09  -1.65
2024      5     11     01     37     00    000   6.05  -4.09  -1.66
2024      5     11     01     38     00    000   6.08  -4.09  -1.66
2024      5     11     01     39     00    000   6.11  -4.09  -1.67
2024      5     11     01     40     00    000   6.13  -4.09  -1.67
2024      5     11     01     41     00    000   6.16  -4.09  -1.67
2024      5     11     01     42     00    000   6.18  -4.09  -1.68
2024      5     11     01     43     00    000   6.21  -4.09  -1.68
2024      5     11     01     44     00    000   6.23  -4.09  -1.69
2024      5     11     01     45     00    000   6.26  -4.09  -1.69
2024      5     11     01     46     00    000   6.28  -4.09  -1.70
2024      5     11     01     47     00    000   6.31  -4.09  -1.70
2024      5     11     01     48     00    000   6.33  -4.09  -1.70
2024      5     11     01     49     00    000   6.36  -4.09  -1.71
2024      5     11     01     50     00    000   6.38  -4.09  -1.71
2024      5     11     01     51     00    000   6.41  -4.09  -1.72
2024      5     11     01     52     00    000   6.43  -4.09  -1.72
2024      5     11     01     53     00    000   6.46  -4.09  -1.73
2024      5     11     01     54     00    000   6.48  -4.09  -1.73
2024      5     11     01     55     00    000   6.51  -4.09  -1.73
2024      5     11     01     56     00    000   6.53  -4.09  -1.74
2024      5     11     01     57     00    000   6.55  -4.09  -1.74
2024      5     11     01     58     00    000   6.58  -4.09  -1.75
2024      5     11     01     59     00    000   6.60  -4.09  -1.75
2024      5     11     02     00     00    000   6.63  -4.09  -1.75
2024      5     11     02     01     00    000   6.65  -4.09  -1.76
2024      5     11     02     02     00    000   6.67  -4.09  -1.76
2024      5     11     02     03     00    000   6.70  -4.09  -1.76
2024      5     11     02     04     00    000   6.72  -4.09  -1.77
2024      5     11     02     05     00    000   6.75  -4.09  -1.77
2024      5     11     02     06     00    000   6.77  -4.09  -1.78
2024      5     11     02     07     00    000   6.79  -4.09  -1.78
2024      5     11     02     08     00    000   6.82  -4.09  -1.78
2024      5     11     02     09     00    000   6.84  -4.09  -1.79
2024      5     11     02     10     00    000   6.86  -4.09  -1.79
2024      5     11     02     11     00    000   6.89  -4.09  -1.79
2024      5     11     02     12     00    000   6.91  -4.09  -1.80
2024      5     11     02     13     00    000   6.93  -4.09  -1.80
2024      5     11     02     14     00    000   6.96  -4.09  -1.80
2024      5     11     02     15     00    000   6.98  -4.09  -1.81
2024      5     11     02     16     00    000   7.00  -4.09  -1.81
2024      5     11     02     17     00    000   7.03  -4.09  -1.81
2024      5     11     02     18     00    000   7.05  -4.09  -1.82
2024      5     11     02     19     00    000   7.07  -4.08  -1.82
2024      5     11     02     20     00    000   7.09  -4.08  -1.82
2024      5     11     02     21     00    000   7.12  -4.08  -1.83
2024      5     11     02     22     00    000   7.14  -4.08  -1.83
2024      5     11     02     23     00    000   7.16  -4.08  -1.83
2024      5     11     02     24     00    000   7.18  -4.08  -1.84
2024      5     11     02     25     00    000   7.21  -4.08  -1.84
2024      5     11     02     26     00    000   7.23  -4.08  -1.84
2024      5     11     02     27     00    000   7.25  -4.08  -1.85
2024      5     11     02     28     00    000   7.27  -4.08  -1.85
2024      5     11     02     29     00    000   7.30  -4.08  -1.85
2024      5     11     02     30     00    000   7.32  -4.07  -1.86
2024      5     11     02     31     00    000   7.34  -4.07  -1.86
2024      5     11     02     32     00    000   7.36  -4.07  -1.86
2024      5     11     02     33     00    000   7.38  -4.07  -1.87
2024      5     11     02     34     00    000   7.40  -4.07  -1.87
2024      5     11     02     35     00    000   7.43  -4.07  -1.87
2024      5     11     02     36     00    000   7.45  -4.07  -1.88
2024      5     11     02     37     00    000   7.47  -4.07  -1.88
2024      5     11     02     38     00    000   7.49  -4.07  -1.88
2024      5     11     02     39     00    000   7.51  -4.06  -1.88
2024      5     11     02     40     00    000   7.53  -4.06  -1.89
2024      5     11     02     41     00    000   7.56  -4.06  -1.89
2024      5     11     02     42     00    000   7.58  -4.06  -1.89
2024      5     11     02     43     00    000   7.60  -4.06  -1.90
2024      5     11     02     44     00    000   7.62  -4.06  -1.90
2024      5     11     02     45     00    000   7.64  -4.06  -1.90
2024      5     11     02     46     00    000   7.66  -4.05  -1.91
2024      5     11     02     47     00    000   7.68  -4.05  -1.91
2024      5     11     02     48     00    000   7.70  -4.05  -1.91
2024      5     11     02     49     00    000   7.72  -4.05  -1.91
2024      5     11     02     50     00    000   7.74  -4.05  -1.92
2024      5     11     02     51     00    000   7.77  -4.05  -1.92
2024      5     11     02     52     00    000   7.79  -4.05  -1.92
2024      5     11     02     53     00    000   7.81  -4.04  -1.92
2024      5     11     02     54     00    000   7.83  -4.04  -1.93
2024      5     11     02     55     00    000   7.85  -4.04  -1.93
2024      5     11     02     56     00    000   7.87  -4.04  -1.93
2024      5     11     02     57     00    000   7.89  -4.04  -1.94
2024      5     11     02     58     00    000   7.91  -4.04  -1.94
2024      5     11     02     59     00    000   7.93  -4.03  -1.94
2024      5     11     03     00     00    000   7.95  -4.03  -1.94
2024      5     11     03     01     00    000   7.97  -4.03  -1.95
2024      5     11     03     02     00    000   7.99  -4.03  -1.95
2024      5     11     03     03     00    000   8.01  -4.03  -1.95
2024      5     11     03     04     00    000   8.03  -4.02  -1.95
2024      5     11     03     05     00    000   8.05  -4.02  -1.96
2024      5     11     03     06     00    000   8.07  -4.02  -1.96
2024      5     11     03     07     00    000   8.09  -4.02  -1.96
2024      5     11     03     08     00    000   8.11  -4.02  -1.96
2024      5     11     03     09     00    000   8.13  -4.02  -1.97
2024      5     11     03     10     00    000   8.15  -4.01  -1.97
2024      5     11     03     11     00    000   8.17  -4.01  -1.97
2024      5     11     03     12     00    000   8.19  -4.01  -1.97
2024      5     11     03     13     00    000   8.21  -4.01  -1.98
2024      5     11     03     14     00    000   8.23  -4.01  -1.98
2024      5     11     03     15     00    000   8.25  -4.00  -1.98
2024      5     11     03     16     00    000   8.27  -4.00  -1.98
2024      5     11     03     17     00    000   8.28  -4.00  -1.99
2024      5     11     03     18     00    000   8.30  -4.00  -1.99
2024      5     11     03     19     00    000   8.32  -3.99  -1.99
2024      5     11     03     20     00    000   8.34  -3.99  -1.99
2024      5     11     03     21     00    000   8.36  -3.99  -1.99
2024      5     11     03     22     00    000   8.38  -3.99  -2.00
2024      5     11     03     23     00    000   8.40  -3.99  -2.00
2024      5     11     03     24     00    000   8.42  -3.98  -2.00
2024      5     11     03     25     00    000   8.44  -3.98  -2.00
2024      5     11     03     26     00    000   8.46  -3.98  -2.01
2024      5     11     03     27     00    000   8.47  -3.98  -2.01
2024      5     11     03     28     00    000   8.49  -3.97  -2.01
2024      5     11     03     29     00    000   8.51  -3.97  -2.01
2024      5     11     03     30     00    000   8.53  -3.97  -2.01
2024      5     11     03     31     00    000   8.55  -3.97  -2.02
2024      5     11     03     32     00    000   8.57  -3.97  -2.02
2024      5     11     03     33     00    000   8.59  -3.96  -2.02
2024      5     11     03     34     00    000   8.60  -3.96  -2.02
2024      5     11     03     35     00    000   8.62  -3.96  -2.03
2024      5     11     03     36     00    000   8.64  -3.96  -2.03
2024      5     11     03     37     00    000   8.66  -3.95  -2.03
2024      5     11     03     38     00    000   8.68  -3.95  -2.03
2024      5     11     03     39     00    000   8.69  -3.95  -2.03
2024      5     11     03     40     00    000   8.71  -3.95  -2.04
2024      5     11     03     41     00    000   8.73  -3.94  -2.04
2024      5     11     03     42     00    000   8.75  -3.94  -2.04
2024      5     11     03     43     00    000   8.77  -3.94  -2.04
2024      5     11     03     44     00    000   8.78  -3.94  -2.04
2024      5     11     03     45     00    000   8.80  -3.93  -2.05
2024      5     11     03     46     00    000   8.82  -3.93  -2.05
2024      5     11     03     47     00    000   8.84  -3.93  -2.05
2024      5     11     03     48     00    000   8.86  -3.92  -2.05
2024      5     11     03     49     00    000   8.87  -3.92  -2.05
2024      5     11     03     50     00    000   8.89  -3.92  -2.06
2024      5     11     03     51     00    000   8.91  -3.92  -2.06
2024      5     11     03     52     00    000   8.93  -3.91  -2.06
2024      5     11     03     53     00    000   8.94  -3.91  -2.06
2024      5     11     03     54     00    000   8.96  -3.91  -2.06
2024      5     11     03     55     00    000   8.98  -3.91  -2.07
2024      5     11     03     56     00    000   8.99  -3.90  -2.07
2024      5     11     03     57     00    000   9.01  -3.90  -2.07
2024      5     11     03     58     00    000   9.03  -3.90  -2.07
2024      5     11     03     59     00    000   9.05  -3.89  -2.07
2024      5     11     04     00     00    000   9.06  -3.89  -2.08
2024      5     11     04     01     00    000   9.08  -3.89  -2.08
2024      5     11     04     02     00    000   9.10  -3.89  -2.08
2024      5     11     04     03     00    000   9.11  -3.88  -2.08
2024      5     11     04     04     00    000   9.13  -3.88  -2.08
2024      5     11     04     05     00    000   9.15  -3.88  -2.09
2024      5     11     04     06     00    000   9.16  -3.87  -2.09
2024      5     11     04     07     00    000   9.18  -3.87  -2.09
2024      5     11     04     08     00    000   9.20  -3.87  -2.09
2024      5     11     04     09     00    000   9.21  -3.87  -2.09
2024      5     11     04     10     00    000   9.23  -3.86  -2.09
2024      5     11     04     11     00    000   9.25  -3.86  -2.10
2024      5     11     04     12     00    000   9.26  -3.86  -2.10
2024      5     11     04     13     00    000   9.28  -3.85  -2.10
2024      5     11     04     14     00    000   9.30  -3.85  -2.10
2024      5     11     04     15     00    000   9.31  -3.85  -2.10
2024      5     11     04     16     00    000   9.33  -3.84  -2.10
2024      5     11     04     17     00    000   9.34  -3.84  -2.11
2024      5     11     04     18     00    000   9.36  -3.84  -2.11
2024      5     11     04     19     00    000   9.38  -3.84  -2.11
2024      5     11     04     20     00    000   9.39  -3.83  -2.11
2024      5     11     04     21     00    000   9.41  -3.83  -2.11
2024      5     11     04     22     00    000   9.42  -3.83  -2.12
2024      5     11     04     23     00    000   9.44  -3.82  -2.12
2024      5     11     04     24     00    000   9.46  -3.82  -2.12
2024      5     11     04     25     00    000   9.47  -3.82  -2.12
2024      5     11     04     26     00    000   9.49  -3.81  -2.12
2024      5     11     04     27     00    000   9.50  -3.81  -2.12
2024      5     11     04     28     00    000   9.52  -3.81  -2.13
2024      5     11     04     29     00    000   9.54  -3.80  -2.13
2024      5     11     04     30     00    000   9.55  -3.80  -2.13
2024      5     11     04     31     00    000   9.57  -3.80  -2.13
2024      5     11     04     32     00    000   9.58  -3.79  -2.13
2024      5     11     04     33     00    000   9.60  -3.79  -2.13
2024      5     11     04     34     00    000   9.61  -3.79  -2.14
2024      5     11     04     35     00    000   9.63  -3.78  -2.14
2024      5     11     04     36     00    000   9.64  -3.78  -2.14
2024      5     11     04     37     00    000   9.66  -3.78  -2.14
2024      5     11     04     38     00    000   9.67  -3.77  -2.14
2024      5     11     04     39     00    000   9.69  -3.77  -2.14
2024      5     11     04     40     00    000   9.70  -3.77  -2.15
2024      5     11     04     41     00    000   9.72  -3.76  -2.15
2024      5     11     04     42     00    000   9.73  -3.76  -2.15
2024      5     11     04     43     00    000   9.75  -3.76  -2.15
2024      5     11     04     44     00    000   9.76  -3.75  -2.15
2024      5     11     04     45     00    000   9.78  -3.75  -2.15
2024      5     11     04     46     00    000   9.79  -3.75  -2.16
2024      5     11     04     47     00    000   9.81  -3.74  -2.16
2024      5     11     04     48     00    000   9.82  -3.74  -2.16
2024      5     11     04     49     00    000   9.84  -3.74  -2.16
2024      5     11     04     50     00    000   9.85  -3.73  -2.16
2024      5     11     04     51     00    000   9.87  -3.73  -2.16
2024      5     11     04     52     00    000   9.88  -3.73  -2.16
2024      5     11     04     53     00    000   9.90  -3.72  -2.17
2024      5     11     04     54     00    000   9.91  -3.72  -2.17
2024      5     11     04     55     00    000   9.93  -3.72  -2.17
2024      5     11     04     56     00    000   9.94  -3.71  -2.17
2024      5     11     04     57     00    000   9.96  -3.71  -2.17
2024      5     11     04     58     00    000   9.97  -3.71  -2.17
2024      5     11     04     59     00    000   9.98  -3.70  -2.18
2024      5     11     05     00     00    000  10.00  -3.70  -2.18
2024      5     11     05     01     00    000  10.01  -3.69  -2.18
2024      5     11     05     02     00    000  10.03  -3.69  -2.18
2024      5     11     05     03     00    000  10.04  -3.69  -2.18
2024      5     11     05     04     00    000  10.06  -3.68  -2.18
2024      5     11     05     05     00    000  10.07  -3.68  -2.19
2024      5     11     05     06     00    000  10.08  -3.68  -2.19
2024      5     11     05     07     00    000  10.10  -3.67  -2.19
2024      5     11     05     08     00    000  10.11  -3.67  -2.19
2024      5     11     05     09     00    000  10.13  -3.66  -2.19
2024      5     11     05     10     00    000  10.14  -3.66  -2.19
2024      5     11     05     11     00    000  10.15  -3.66  -2.19
2024      5     11     05     12     00    000  10.17  -3.65  -2.20
2024      5     11     05     13     00    000  10.18  -3.65  -2.20
2024      5     11     05     14     00    000  10.19  -3.65  -2.20
2024      5     11     05     15     00    000  10.21  -3.64  -2.20
2024      5     11     05     16     00    000  10.22  -3.64  -2.20
2024      5     11     05     17     00    000  10.23  -3.63  -2.20
2024      5     11     05     18     00    000  10.25  -3.63  -2.21
2024      5     11     05     19     00    000  10.26  -3.63  -2.21
2024      5     11     05     20     00    000  10.28  -3.62  -2.21
2024      5     11     05     21     00    000  10.29  -3.62  -2.21
2024      5     11     05     22     00    000  10.30  -3.62  -2.21
2024      5     11     05     23     00    000  10.32  -3.61  -2.21
2024      5     11     05     24     00    000  10.33  -3.61  -2.21
2024      5     11     05     25     00    000  10.34  -3.60  -2.22
2024      5     11     05     26     00    000  10.36  -3.60  -2.22
2024      5     11     05     27     00    000  10.37  -3.60  -2.22
2024      5     11     05     28     00    000  10.38  -3.59  -2.22
2024      5     11     05     29     00    000  10.39  -3.59  -2.22
2024      5     11     05     30     00    000  10.41  -3.58  -2.22
2024      5     11     05     31     00    000  10.42  -3.58  -2.23
2024      5     11     05     32     00    000  10.43  -3.58  -2.23
2024      5     11     05     33     00    000  10.45  -3.57  -2.23
2024      5     11     05     34     00    000  10.46  -3.57  -2.23
2024      5     11     05     35     00    000  10.47  -3.56  -2.23
2024      5     11     05     36     00    000  10.48  -3.56  -2.23
2024      5     11     05     37     00    000  10.50  -3.56  -2.24
2024      5     11     05     38     00    000  10.51  -3.55  -2.24
2024      5     11     05     39     00    000  10.52  -3.55  -2.24
2024      5     11     05     40     00    000  10.54  -3.54  -2.24
2024      5     11     05     41     00    000  10.55  -3.54  -2.24
2024      5     11     05     42     00    000  10.56  -3.54  -2.24
2024      5     11     05     43     00    000  10.57  -3.53  -2.24
2024      5     11     05     44     00    000  10.59  -3.53  -2.25
2024      5     11     05     45     00    000  10.60  -3.52  -2.25
2024      5     11     05     46     00    000  10.61  -3.52  -2.25
2024      5     11     05     47     00    000  10.62  -3.52  -2.25
2024      5     11     05     48     00    000  10.64  -3.51  -2.25
2024      5     11     05     49     00    000  10.65  -3.51  -2.25
2024      5     11     05     50     00    000  10.66  -3.50  -2.26
2024      5     11     05     51     00    000  10.67  -3.50  -2.26
2024      5     11     05     52     00    000  10.68  -3.49  -2.26
2024      5     11     05     53     00    000  10.70  -3.49  -2.26
2024      5     11     05     54     00    000  10.71  -3.49  -2.26
2024      5     11     05     55     00    000  10.72  -3.48  -2.26
2024      5     11     05     56     00    000  10.73  -3.48  -2.26
2024      5     11     05     57     00    000  10.74  -3.47  -2.27
2024      5     11     05     58     00    000  10.76  -3.47  -2.27
2024      5     11     05     59     00    000  10.77  -3.47  -2.27
2024      5     11     06     00     00    000  10.78  -3.46  -2.27
2024      5     11     06     01     00    000  10.79  -3.46  -2.27
2024      5     11     06     02     00    000  10.80  -3.45  -2.27
2024      5     11     06     03     00    000  10.82  -3.45  -2.28
2024      5     11     06     04     00    000  10.83  -3.44  -2.28
2024      5     11     06     05     00    000  10.84  -3.44  -2.28
2024      5     11     06     06     00    000  10.85  -3.44  -2.28
2024      5     11     06     07     00    000  10.86  -3.43  -2.28
2024      5     11     06     08     00    000  10.87  -3.43  -2.28
2024      5     11     06     09     00    000  10.88  -3.42  -2.29
2024      5     11     06     10     00    000  10.90  -3.42  -2.29
2024      5     11     06     11     00    000  10.91  -3.41  -2.29
2024      5     11     06     12     00    000  10.92  -3.41  -2.29
2024      5     11     06     13     00    000  10.93  -3.40  -2.29
2024      5     11     06     14     00    000  10.94  -3.40  -2.29
2024      5     11     06     15     00    000  10.95  -3.40  -2.29
2024      5     11     06     16     00    000  10.96  -3.39  -2.30
2024      5     11     06     17     00    000  10.98  -3.39  -2.30
2024      5     11     06     18     00    000  10.99  -3.38  -2.30
2024      5     11     06     19     00    000  11.00  -3.38  -2.30
2024      5     11     06     20     00    000  11.01  -3.37  -2.30
2024      5     11     06     21     00    000  11.02  -3.37  -2.30
2024      5     11     06     22     00    000  11.03  -3.36  -2.31
2024      5     11     06     23     00    000  11.04  -3.36  -2.31
2024      5     11     06     24     00    000  11.05  -3.36  -2.31
2024      5     11     06     25     00    000  11.06  -3.35  -2.31
2024      5     11     06     26     00    000  11.07  -3.35  -2.31
2024      5     11     06     27     00    000  11.09  -3.34  -2.31
2024      5     11     06     28     00    000  11.10  -3.34  -2.32
2024      5     11     06     29     00    000  11.11  -3.33  -2.32
2024      5     11     06     30     00    000  11.12  -3.33  -2.32
2024      5     11     06     31     00    000  11.13  -3.32  -2.32
2024      5     11     06     32     00    000  11.14  -3.32  -2.32
2024      5     11     06     33     00    000  11.15  -3.31  -2.32
2024      5     11     06     34     00    000  11.16  -3.31  -2.33
2024      5     11     06     35     00    000  11.17  -3.31  -2.33
2024      5     11     06     36     00    000  11.18  -3.30  -2.33
2024      5     11     06     37     00    000  11.19  -3.30  -2.33
2024      5     11     06     38     00    000  11.20  -3.29  -2.33
2024      5     11     06     39     00    000  11.21  -3.29  -2.33
2024      5     11     06     40     00    000  11.22  -3.28  -2.34
2024      5     11     06     41     00    000  11.23  -3.28  -2.34
2024      5     11     06     42     00    000  11.24  -3.27  -2.34
2024      5     11     06     43     00    000  11.25  -3.27  -2.34
2024      5     11     06     44     00    000  11.26  -3.26  -2.34
2024      5     11     06     45     00    000  11.27  -3.26  -2.34
2024      5     11     06     46     00    000  11.28  -3.25  -2.35
2024      5     11     06     47     00    000  11.29  -3.25  -2.35
2024      5     11     06     48     00    000  11.30  -3.24  -2.35
2024      5     11     06     49     00    000  11.31  -3.24  -2.35
2024      5     11     06     50     00    000  11.32  -3.24  -2.35
2024      5     11     06     51     00    000  11.33  -3.23  -2.35
2024      5     11     06     52     00    000  11.34  -3.23  -2.36
2024      5     11     06     53     00    000  11.35  -3.22  -2.36
2024      5     11     06     54     00    000  11.36  -3.22  -2.36
2024      5     11     06     55     00    000  11.37  -3.21  -2.36
2024      5     11     06     56     00    000  11.38  -3.21  -2.36
2024      5     11     06     57     00    000  11.39  -3.20  -2.37
2024      5     11     06     58     00    000  11.40  -3.20  -2.37
2024      5     11     06     59     00    000  11.41  -3.19  -2.37
2024      5     11     07     00     00    000  11.42  -3.19  -2.37
2024      5     11     07     01     00    000  11.43  -3.18  -2.37
2024      5     11     07     02     00    000  11.44  -3.18  -2.37
2024      5     11     07     03     00    000  11.45  -3.17  -2.38
2024      5     11     07     04     00    000  11.46  -3.17  -2.38
2024      5     11     07     05     00    000  11.47  -3.16  -2.38
2024      5     11     07     06     00    000  11.48  -3.16  -2.38
2024      5     11     07     07     00    000  11.49  -3.15  -2.38
2024      5     11     07     08     00    000  11.50  -3.15  -2.38
2024      5     11     07     09     00    000  11.51  -3.14  -2.39
2024      5     11     07     10     00    000  11.52  -3.14  -2.39
2024      5     11     07     11     00    000  11.53  -3.13  -2.39
2024      5     11     07     12     00    000  11.53  -3.13  -2.39
2024      5     11     07     13     00    000  11.54  -3.12  -2.39
2024      5     11     07     14     00    000  11.55  -3.12  -2.40
2024      5     11     07     15     00    000  11.56  -3.11  -2.40
2024      5     11     07     16     00    000  11.57  -3.11  -2.40
2024      5     11     07     17     00    000  11.58  -3.10  -2.40
2024      5     11     07     18     00    000  11.59  -3.10  -2.40
2024      5     11     07     19     00    000  11.60  -3.09  -2.41
2024      5     11     07     20     00    000  11.61  -3.09  -2.41
2024      5     11     07     21     00    000  11.62  -3.08  -2.41
2024      5     11     07     22     00    000  11.62  -3.08  -2.41
2024      5     11     07     23     00    000  11.63  -3.07  -2.41
2024      5     11     07     24     00    000  11.64  -3.07  -2.41
2024      5     11     07     25     00    000  11.65  -3.06  -2.42
2024      5     11     07     26     00    000  11.66  -3.06  -2.42
2024      5     11     07     27     00    000  11.67  -3.05  -2.42
2024      5     11     07     28     00    000  11.68  -3.05  -2.42
2024      5     11     07     29     00    000  11.69  -3.04  -2.42
2024      5     11     07     30     00    000  11.69  -3.04  -2.43
2024      5     11     07     31     00    000  11.70  -3.03  -2.43
2024      5     11     07     32     00    000  11.71  -3.03  -2.43
2024      5     11     07     33     00    000  11.72  -3.02  -2.43
2024      5     11     07     34     00    000  11.73  -3.02  -2.43
2024      5     11     07     35     00    000  11.74  -3.01  -2.44
2024      5     11     07     36     00    000  11.74  -3.01  -2.44
2024      5     11     07     37     00    000  11.75  -3.00  -2.44
2024      5     11     07     38     00    000  11.76  -2.99  -2.44
2024      5     11     07     39     00    000  11.77  -2.99  -2.44
2024      5     11     07     40     00    000  11.78  -2.98  -2.45
2024      5     11     07     41     00    000  11.79  -2.98  -2.45
2024      5     11     07     42     00    000  11.79  -2.97  -2.45
2024      5     11     07     43     00    000  11.80  -2.97  -2.45
2024      5     11     07     44     00    000  11.81  -2.96  -2.45
2024      5     11     07     45     00    000  11.82  -2.96  -2.46
2024      5     11     07     46     00    000  11.83  -2.95  -2.46
2024      5     11     07     47     00    000  11.83  -2.95  -2.46
2024      5     11     07     48     00    000  11.84  -2.94  -2.46
2024      5     11     07     49     00    000  11.85  -2.94  -2.46
2024      5     11     07     50     00    000  11.86  -2.93  -2.47
2024      5     11     07     51     00    000  11.87  -2.93  -2.47
2024      5     11     07     52     00    000  11.87  -2.92  -2.47
2024      5     11     07     53     00    000  11.88  -2.91  -2.47
2024      5     11     07     54     00    000  11.89  -2.91  -2.47
2024      5     11     07     55     00    000  11.90  -2.90  -2.48
2024      5     11     07     56     00    000  11.90  -2.90  -2.48
2024      5     11     07     57     00    000  11.91  -2.89  -2.48
2024      5     11     07     58     00    000  11.92  -2.89  -2.48
2024      5     11     07     59     00    000  11.93  -2.88  -2.48
2024      5     11     08     00     00    000  11.94  -2.88  -2.49
2024      5     11     08     01     00    000  11.94  -2.87  -2.49
2024      5     11     08     02     00    000  11.95  -2.87  -2.49
2024      5     11     08     03     00    000  11.96  -2.86  -2.49
2024      5     11     08     04     00    000  11.97  -2.85  -2.49
2024      5     11     08     05     00    000  11.97  -2.85  -2.50
2024      5     11     08     06     00    000  11.98  -2.84  -2.50
2024      5     11     08     07     00    000  11.99  -2.84  -2.50
2024      5     11     08     08     00    000  11.99  -2.83  -2.50
2024      5     11     08     09     00    000  12.00  -2.83  -2.51
2024      5     11     08     10     00    000  12.01  -2.82  -2.51
2024      5     11     08     11     00    000  12.02  -2.82  -2.51
2024      5     11     08     12     00    000  12.02  -2.81  -2.51
2024      5     11     08     13     00    000  12.03  -2.80  -2.51
2024      5     11     08     14     00    000  12.04  -2.80  -2.52
2024      5     11     08     15     00    000  12.04  -2.79  -2.52
2024      5     11     08     16     00    000  12.05  -2.79  -2.52
2024      5     11     08     17     00    000  12.06  -2.78  -2.52
2024      5     11     08     18     00    000  12.07  -2.78  -2.52
2024      5     11     08     19     00    000  12.07  -2.77  -2.53
2024      5     11     08     20     00    000  12.08  -2.76  -2.53
2024      5     11     08     21     00    000  12.09  -2.76  -2.53
2024      5     11     08     22     00    000  12.09  -2.75  -2.53
2024      5     11     08     23     00    000  12.10  -2.75  -2.54
2024      5     11     08     24     00    000  12.11  -2.74  -2.54
2024      5     11     08     25     00    000  12.11  -2.74  -2.54
2024      5     11     08     26     00    000  12.12  -2.73  -2.54
2024      5     11     08     27     00    000  12.13  -2.72  -2.54
2024      5     11     08     28     00    000  12.13  -2.72  -2.55
2024      5     11     08     29     00    000  12.14  -2.71  -2.55
2024      5     11     08     30     00    000  12.15  -2.71  -2.55
2024      5     11     08     31     00    000  12.15  -2.70  -2.55
2024      5     11     08     32     00    000  12.16  -2.70  -2.56
2024      5     11     08     33     00    000  12.17  -2.69  -2.56
2024      5     11     08     34     00    000  12.17  -2.68  -2.56
2024      5     11     08     35     00    000  12.18  -2.68  -2.56
2024      5     11     08     36     00    000  12.19  -2.67  -2.56
2024      5     11     08     37     00    000  12.19  -2.67  -2.57
2024      5     11     08     38     00    000  12.20  -2.66  -2.57
2024      5     11     08     39     00    000  12.20  -2.65  -2.57
2024      5     11     08     40     00    000  12.21  -2.65  -2.57
2024      5     11     08     41     00    000  12.22  -2.64  -2.58
2024      5     11     08     42     00    000  12.22  -2.64  -2.58
2024      5     11     08     43     00    000  12.23  -2.63  -2.58
2024      5     11     08     44     00    000  12.23  -2.62  -2.58
2024      5     11     08     45     00    000  12.24  -2.62  -2.59
2024      5     11     08     46     00    000  12.25  -2.61  -2.59
2024      5     11     08     47     00    000  12.25  -2.61  -2.59
2024      5     11     08     48     00    000  12.26  -2.60  -2.59
2024      5     11     08     49     00    000  12.27  -2.59  -2.59
2024      5     11     08     50     00    000  12.27  -2.59  -2.60
2024      5     11     08     51     00    000  12.28  -2.58  -2.60
2024      5     11     08     52     00    000  12.28  -2.58  -2.60
2024      5     11     08     53     00    000  12.29  -2.57  -2.60
2024      5     11     08     54     00    000  12.29  -2.56  -2.61
2024      5     11     08     55     00    000  12.30  -2.56  -2.61
2024      5     11     08     56     00    000  12.31  -2.55  -2.61
2024      5     11     08     57     00    000  12.31  -2.55  -2.61
2024      5     11     08     58     00    000  12.32  -2.54  -2.62
2024      5     11     08     59     00    000  12.32  -2.53  -2.62
2024      5     11     09     00     00    000  12.33  -2.53  -2.62
2024      5     11     09     01     00    000  12.33  -2.52  -2.62
2024      5     11     09     02     00    000  12.34  -2.52  -2.63
2024      5     11     09     03     00    000  12.34  -2.51  -2.63
2024      5     11     09     04     00    000  12.35  -2.50  -2.63
2024      5     11     09     05     00    000  12.36  -2.50  -2.63
2024      5     11     09     06     00    000  12.36  -2.49  -2.64
2024      5     11     09     07     00    000  12.37  -2.48  -2.64
2024      5     11     09     08     00    000  12.37  -2.48  -2.64
2024      5     11     09     09     00    000  12.38  -2.47  -2.64
2024      5     11     09     10     00    000  12.38  -2.47  -2.65
2024      5     11     09     11     00    000  12.39  -2.46  -2.65
2024      5     11     09     12     00    000  12.39  -2.45  -2.65
2024      5     11     09     13     00    000  12.40  -2.45  -2.65
2024      5     11     09     14     00    000  12.40  -2.44  -2.65
2024      5     11     09     15     00    000  12.41  -2.43  -2.66
2024      5     11     09     16     00    000  12.41  -2.43  -2.66
2024      5     11     09     17     00    000  12.42  -2.42  -2.66
2024      5     11     09     18     00    000  12.42  -2.42  -2.66
2024      5     11     09     19     00    000  12.43  -2.41  -2.67
2024      5     11     09     20     00    000  12.43  -2.40  -2.67
2024      5     11     09     21     00    000  12.44  -2.40  -2.67
2024      5     11     09     22     00    000  12.44  -2.39  -2.67
2024      5     11     09     23     00    000  12.45  -2.38  -2.68
2024      5     11     09     24     00    000  12.45  -2.38  -2.68
2024      5     11     09     25     00    000  12.46  -2.37  -2.68
2024      5     11     09     26     00    000  12.46  -2.36  -2.68
2024      5     11     09     27     00    000  12.47  -2.36  -2.69
2024      5     11     09     28     00    000  12.47  -2.35  -2.69
2024      5     11     09     29     00    000  12.48  -2.35  -2.69
2024      5     11     09     30     00    000  12.48  -2.34  -2.69
2024      5     11     09     31     00    000  12.49  -2.33  -2.70
2024      5     11     09     32     00    000  12.49  -2.33  -2.70
2024      5     11     09     33     00    000  12.50  -2.32  -2.70
2024      5     11     09     34     00    000  12.50  -2.31  -2.70
2024      5     11     09     35     00    000  12.50  -2.31  -2.71
2024      5     11     09     36     00    000  12.51  -2.30  -2.71
2024      5     11     09     37     00    000  12.51  -2.29  -2.71
2024      5     11     09     38     00    000  12.52  -2.29  -2.71
2024      5     11     09     39     00    000  12.52  -2.28  -2.72
2024      5     11     09     40     00    000  12.53  -2.27  -2.72
2024      5     11     09     41     00    000  12.53  -2.27  -2.72
2024      5     11     09     42     00    000  12.53  -2.26  -2.73
2024      5     11     09     43     00    000  12.54  -2.25  -2.73
2024      5     11     09     44     00    000  12.54  -2.25  -2.73
2024      5     11     09     45     00    000  12.55  -2.24  -2.73
2024      5     11     09     46     00    000  12.55  -2.23  -2.74
2024      5     11     09     47     00    000  12.56  -2.23  -2.74
2024      5     11     09     48     00    000  12.56  -2.22  -2.74
2024      5     11     09     49     00    000  12.56  -2.21  -2.74
2024      5     11     09     50     00    000  12.57  -2.21  -2.75
2024      5     11     09     51     00    000  12.57  -2.20  -2.75
2024      5     11     09     52     00    000  12.58  -2.19  -2.75
2024      5     11     09     53     00    000  12.58  -2.19  -2.75
2024      5     11     09     54     00    000  12.58  -2.18  -2.76
2024      5     11     09     55     00    000  12.59  -2.17  -2.76
2024      5     11     09     56     00    000  12.59  -2.17  -2.76
2024      5     11     09     57     00    000  12.59  -2.16  -2.76
2024      5     11     09     58     00    000  12.60  -2.15  -2.77
2024      5     11     09     59     00    000  12.60  -2.15  -2.77
2024      5     11     10     00     00    000  12.61  -2.14  -2.77
2024      5     11     10     01     00    000  12.61  -2.13  -2.77
2024      5     11     10     02     00    000  12.61  -2.12  -2.78
2024      5     11     10     03     00    000  12.62  -2.12  -2.78
2024      5     11     10     04     00    000  12.62  -2.11  -2.78
2024      5     11     10     05     00    000  12.62  -2.10  -2.78
2024      5     11     10     06     00    000  12.63  -2.10  -2.79
2024      5     11     10     07     00    000  12.63  -2.09  -2.79
2024      5     11     10     08     00    000  12.63  -2.08  -2.79
2024      5     11     10     09     00    000  12.64  -2.08  -2.80
2024      5     11     10     10     00    000  12.64  -2.07  -2.80
2024      5     11     10     11     00    000  12.64  -2.06  -2.80
2024      5     11     10     12     00    000  12.65  -2.06  -2.80
2024      5     11     10     13     00    000  12.65  -2.05  -2.81
2024      5     11     10     14     00    000  12.65  -2.04  -2.81
2024      5     11     10     15     00    000  12.66  -2.03  -2.81
2024      5     11     10     16     00    000  12.66  -2.03  -2.81
2024      5     11     10     17     00    000  12.66  -2.02  -2.82
2024      5     11     10     18     00    000  12.67  -2.01  -2.82
2024      5     11     10     19     00    000  12.67  -2.01  -2.82
2024      5     11     10     20     00    000  12.67  -2.00  -2.82
2024      5     11     10     21     00    000  12.68  -1.99  -2.83
2024      5     11     10     22     00    000  12.68  -1.98  -2.83
2024      5     11     10     23     00    000  12.68  -1.98  -2.83
2024      5     11     10     24     00    000  12.69  -1.97  -2.84
2024      5     11     10     25     00    000  12.69  -1.96  -2.84
2024      5     11     10     26     00    000  12.69  -1.96  -2.84
2024      5     11     10     27     00    000  12.69  -1.95  -2.84
2024      5     11     10     28     00    000  12.70  -1.94  -2.85
2024      5     11     10     29     00    000  12.70  -1.93  -2.85
2024      5     11     10     30     00    000  12.70  -1.93  -2.85
2024      5     11     10     31     00    000  12.71  -1.92  -2.85
2024      5     11     10     32     00    000  12.71  -1.91  -2.86
2024      5     11     10     33     00    000  12.71  -1.91  -2.86
2024      5     11     10     34     00    000  12.71  -1.90  -2.86
2024      5     11     10     35     00    000  12.72  -1.89  -2.86
2024      5     11     10     36     00    000  12.72  -1.88  -2.87
2024      5     11     10     37     00    000  12.72  -1.88  -2.87
2024      5     11     10     38     00    000  12.72  -1.87  -2.87
2024      5     11     10     39     00    000  12.73  -1.86  -2.88
2024      5     11     10     40     00    000  12.73  -1.85  -2.88
2024      5     11     10     41     00    000  12.73  -1.85  -2.88
2024      5     11     10     42     00    000  12.73  -1.84  -2.88
2024      5     11     10     43     00    000  12.74  -1.83  -2.89
2024      5     11     10     44     00    000  12.74  -1.82  -2.89
2024      5     11     10     45     00    000  12.74  -1.82  -2.89
2024      5     11     10     46     00    000  12.74  -1.81  -2.89
2024      5     11     10     47     00    000  12.75  -1.80  -2.90
2024      5     11     10     48     00    000  12.75  -1.80  -2.90
2024      5     11     10     49     00    000  12.75  -1.79  -2.90
2024      5     11     10     50     00    000  12.75  -1.78  -2.90
2024      5     11     10     51     00    000  12.75  -1.77  -2.91
2024      5     11     10     52     00    000  12.76  -1.77  -2.91
2024      5     11     10     53     00    000  12.76  -1.76  -2.91
2024      5     11     10     54     00    000  12.76  -1.75  -2.91
2024      5     11     10     55     00    000  12.76  -1.74  -2.92
2024      5     11     10     56     00    000  12.76  -1.73  -2.92
2024      5     11     10     57     00    000  12.77  -1.73  -2.92
2024      5     11     10     58     00    000  12.77  -1.72  -2.93
2024      5     11     10     59     00    000  12.77  -1.71  -2.93
2024      5     11     11     00     00    000  12.77  -1.70  -2.93
2024      5     11     11     01     00    000  12.77  -1.70  -2.93
2024      5     11     11     02     00    000  12.78  -1.69  -2.94
2024      5     11     11     03     00    000  12.78  -1.68  -2.94
2024      5     11     11     04     00    000  12.78  -1.67  -2.94
2024      5     11     11     05     00    000  12.78  -1.67  -2.94
2024      5     11     11     06     00    000  12.78  -1.66  -2.95
2024      5     11     11     07     00    000  12.78  -1.65  -2.95
2024      5     11     11     08     00    000  12.79  -1.64  -2.95
2024      5     11     11     09     00    000  12.79  -1.64  -2.95
2024      5     11     11     10     00    000  12.79  -1.63  -2.96
2024      5     11     11     11     00    000  12.79  -1.62  -2.96
2024      5     11     11     12     00    000  12.79  -1.61  -2.96
2024      5     11     11     13     00    000  12.79  -1.60  -2.97
2024      5     11     11     14     00    000  12.80  -1.60  -2.97
2024      5     11     11     15     00    000  12.80  -1.59  -2.97
2024      5     11     11     16     00    000  12.80  -1.58  -2.97
2024      5     11     11     17     00    000  12.80  -1.57  -2.98
2024      5     11     11     18     00    000  12.80  -1.56  -2.98
2024      5     11     11     19     00    000  12.80  -1.56  -2.98
2024      5     11     11     20     00    000  12.80  -1.55  -2.98
2024      5     11     11     21     00    000  12.80  -1.54  -2.99
2024      5     11     11     22     00    000  12.81  -1.53  -2.99
2024      5     11     11     23     00    000  12.81  -1.53  -2.99
2024      5     11     11     24     00    000  12.81  -1.52  -2.99
2024      5     11     11     25     00    000  12.81  -1.51  -3.00
2024      5     11     11     26     00    000  12.81  -1.50  -3.00
2024      5     11     11     27     00    000  12.81  -1.49  -3.00
2024      5     11     11     28     00    000  12.81  -1.49  -3.00
2024      5     11     11     29     00    000  12.81  -1.48  -3.01
2024      5     11     11     30     00    000  12.81  -1.47  -3.01
2024      5     11     11     31     00    000  12.82  -1.46  -3.01
2024      5     11     11     32     00    000  12.82  -1.45  -3.01
2024      5     11     11     33     00    000  12.82  -1.45  -3.02
2024      5     11     11     34     00    000  12.82  -1.44  -3.02
2024      5     11     11     35     00    000  12.82  -1.43  -3.02
2024      5     11     11     36     00    000  12.82  -1.42  -3.02
2024      5     11     11     37     00    000  12.82  -1.41  -3.03
2024      5     11     11     38     00    000  12.82  -1.40  -3.03
2024      5     11     11     39     00    000  12.82  -1.40  -3.03
2024      5     11     11     40     00    000  12.82  -1.39  -3.03
2024      5     11     11     41     00    000  12.82  -1.38  -3.04
2024      5     11     11     42     00    000  12.82  -1.37  -3.04
2024      5     11     11     43     00    000  12.82  -1.36  -3.04
2024      5     11     11     44     00    000  12.82  -1.36  -3.04
2024      5     11     11     45     00    000  12.83  -1.35  -3.05
2024      5     11     11     46     00    000  12.83  -1.34  -3.05
2024      5     11     11     47     00    000  12.83  -1.33  -3.05
2024      5     11     11     48     00    000  12.83  -1.32  -3.05
2024      5     11     11     49     00    000  12.83  -1.31  -3.06
2024      5     11     11     50     00    000  12.83  -1.31  -3.06
2024      5     11     11     51     00    000  12.83  -1.30  -3.06
2024      5     11     11     52     00    000  12.83  -1.29  -3.06
2024      5     11     11     53     00    000  12.83  -1.28  -3.07
2024      5     11     11     54     00    000  12.83  -1.27  -3.07
2024      5     11     11     55     00    000  12.83  -1.26  -3.07
2024      5     11     11     56     00    000  12.83  -1.26  -3.07
2024      5     11     11     57     00    000  12.83  -1.25  -3.08
2024      5     11     11     58     00    000  12.83  -1.24  -3.08
2024      5     11     11     59     00    000  12.83  -1.23  -3.08
2024      5     11     12     00     00    000  12.83  -1.22  -3.08
2024      5     11     12     01     00    000  12.83  -1.21  -3.09
2024      5     11     12     02     00    000  12.83  -1.20  -3.09
2024      5     11     12     03     00    000  12.83  -1.20  -3.09
2024      5     11     12     04     00    000  12.83  -1.19  -3.09
2024      5     11     12     05     00    000  12.83  -1.18  -3.10
2024      5     11     12     06     00    000  12.83  -1.17  -3.10
2024      5     11     12     07     00    000  12.83  -1.16  -3.10
2024      5     11     12     08     00    000  12.83  -1.15  -3.10
2024      5     11     12     09     00    000  12.83  -1.15  -3.11
2024      5     11     12     10     00    000  12.83  -1.14  -3.11
2024      5     11     12     11     00    000  12.83  -1.13  -3.11
2024      5     11     12     12     00    000  12.83  -1.12  -3.11
2024      5     11     12     13     00    000  12.83  -1.11  -3.11
2024      5     11     12     14     00    000  12.83  -1.10  -3.12
2024      5     11     12     15     00    000  12.83  -1.09  -3.12
2024      5     11     12     16     00    000  12.83  -1.08  -3.12
2024      5     11     12     17     00    000  12.83  -1.08  -3.12
2024      5     11     12     18     00    000  12.82  -1.07  -3.13
2024      5     11     12     19     00    000  12.82  -1.06  -3.13
2024      5     11     12     20     00    000  12.82  -1.05  -3.13
2024      5     11     12     21     00    000  12.82  -1.04  -3.13
2024      5     11     12     22     00    000  12.82  -1.03  -3.14
2024      5     11     12     23     00    000  12.82  -1.02  -3.14
2024      5     11     12     24     00    000  12.82  -1.01  -3.14
2024      5     11     12     25     00    000  12.82  -1.01  -3.14
2024      5     11     12     26     00    000  12.82  -1.00  -3.14
2024      5     11     12     27     00    000  12.82  -0.99  -3.15
2024      5     11     12     28     00    000  12.82  -0.98  -3.15
2024      5     11     12     29     00    000  12.82  -0.97  -3.15
2024      5     11     12     30     00    000  12.82  -0.96  -3.15
2024      5     11     12     31     00    000  12.82  -0.95  -3.16
2024      5     11     12     32     00    000  12.81  -0.94  -3.16
2024      5     11     12     33     00    000  12.81  -0.94  -3.16
2024      5     11     12     34     00    000  12.81  -0.93  -3.16
2024      5     11     12     35     00    000  12.81  -0.92  -3.16
2024      5     11     12     36     00    000  12.81  -0.91  -3.17
2024      5     11     12     37     00    000  12.81  -0.90  -3.17
2024      5     11     12     38     00    000  12.81  -0.89  -3.17
2024      5     11     12     39     00    000  12.81  -0.88  -3.17
2024      5     11     12     40     00    000  12.81  -0.87  -3.17
2024      5     11     12     41     00    000  12.80  -0.86  -3.18
2024      5     11     12     42     00    000  12.80  -0.85  -3.18
2024      5     11     12     43     00    000  12.80  -0.85  -3.18
2024      5     11     12     44     00    000  12.80  -0.84  -3.18
2024      5     11     12     45     00    000  12.80  -0.83  -3.18
2024      5     11     12     46     00    000  12.80  -0.82  -3.19
2024      5     11     12     47     00    000  12.80  -0.81  -3.19
2024      5     11     12     48     00    000  12.80  -0.80  -3.19
2024      5     11     12     49     00    000  12.79  -0.79  -3.19
2024      5     11     12     50     00    000  12.79  -0.78  -3.19
2024      5     11     12     51     00    000  12.79  -0.77  -3.20
2024      5     11     12     52     00    000  12.79  -0.76  -3.20
2024      5     11     12     53     00    000  12.79  -0.75  -3.20
2024      5     11     12     54     00    000  12.79  -0.74  -3.20
2024      5     11     12     55     00    000  12.79  -0.74  -3.20
2024      5     11     12     56     00    000  12.78  -0.73  -3.21
2024      5     11     12     57     00    000  12.78  -0.72  -3.21
2024      5     11     12     58     00    000  12.78  -0.71  -3.21
2024      5     11     12     59     00    000  12.78  -0.70  -3.21
2024      5     11     13     00     00    000  12.78  -0.69  -3.21
2024      5     11     13     01     00    000  12.77  -0.68  -3.22
2024      5     11     13     02     00    000  12.77  -0.67  -3.22
2024      5     11     13     03     00    000  12.77  -0.66  -3.22
2024      5     11     13     04     00    000  12.77  -0.65  -3.22
2024      5     11     13     05     00    000  12.77  -0.64  -3.22
2024      5     11     13     06     00    000  12.77  -0.63  -3.22
2024      5     11     13     07     00    000  12.76  -0.62  -3.23
2024      5     11     13     08     00    000  12.76  -0.61  -3.23
2024      5     11     13     09     00    000  12.76  -0.61  -3.23
2024      5     11     13     10     00    000  12.76  -0.60  -3.23
2024      5     11     13     11     00    000  12.75  -0.59  -3.23
2024      5     11     13     12     00    000  12.75  -0.58  -3.23
2024      5     11     13     13     00    000  12.75  -0.57  -3.24
2024      5     11     13     14     00    000  12.75  -0.56  -3.24
2024      5     11     13     15     00    000  12.75  -0.55  -3.24
2024      5     11     13     16     00    000  12.74  -0.54  -3.24
2024      5     11     13     17     00    000  12.74  -0.53  -3.24
2024      5     11     13     18     00    000  12.74  -0.52  -3.24
2024      5     11     13     19     00    000  12.74  -0.51  -3.25
2024      5     11     13     20     00    000  12.73  -0.50  -3.25
2024      5     11     13     21     00    000  12.73  -0.49  -3.25
2024      5     11     13     22     00    000  12.73  -0.48  -3.25
2024      5     11     13     23     00    000  12.73  -0.47  -3.25
2024      5     11     13     24     00    000  12.72  -0.46  -3.25
2024      5     11     13     25     00    000  12.72  -0.45  -3.26
2024      5     11     13     26     00    000  12.72  -0.44  -3.26
2024      5     11     13     27     00    000  12.72  -0.43  -3.26
2024      5     11     13     28     00    000  12.71  -0.42  -3.26
2024      5     11     13     29     00    000  12.71  -0.42  -3.26
2024      5     11     13     30     00    000  12.71  -0.41  -3.26
2024      5     11     13     31     00    000  12.71  -0.40  -3.26
2024      5     11     13     32     00    000  12.70  -0.39  -3.27
2024      5     11     13     33     00    000  12.70  -0.38  -3.27
2024      5     11     13     34     00    000  12.70  -0.37  -3.27
2024      5     11     13     35     00    000  12.69  -0.36  -3.27
2024      5     11     13     36     00    000  12.69  -0.35  -3.27
2024      5     11     13     37     00    000  12.69  -0.34  -3.27
2024      5     11     13     38     00    000  12.69  -0.33  -3.27
2024      5     11     13     39     00    000  12.68  -0.32  -3.28
2024      5     11     13     40     00    000  12.68  -0.31  -3.28
2024      5     11     13     41     00    000  12.68  -0.30  -3.28
2024      5     11     13     42     00    000  12.67  -0.29  -3.28
2024      5     11     13     43     00    000  12.67  -0.28  -3.28
2024      5     11     13     44     00    000  12.67  -0.27  -3.28
2024      5     11     13     45     00    000  12.66  -0.26  -3.28
2024      5     11     13     46     00    000  12.66  -0.25  -3.28
2024      5     11     13     47     00    000  12.66  -0.24  -3.29
2024      5     11     13     48     00    000  12.66  -0.23  -3.29
2024      5     11     13     49     00    000  12.65  -0.22  -3.29
2024      5     11     13     50     00    000  12.65  -0.21  -3.29
2024      5     11     13     51     00    000  12.65  -0.20  -3.29
2024      5     11     13     52     00    000  12.64  -0.19  -3.29
2024      5     11     13     53     00    000  12.64  -0.18  -3.29
2024      5     11     13     54     00    000  12.63  -0.17  -3.29
2024      5     11     13     55     00    000  12.63  -0.16  -3.29
2024      5     11     13     56     00    000  12.63  -0.15  -3.30
2024      5     11     13     57     00    000  12.62  -0.14  -3.30
2024      5     11     13     58     00    000  12.62  -0.13  -3.30
2024      5     11     13     59     00    000  12.62  -0.12  -3.30
2024      5     11     14     00     00    000  12.61  -0.11  -3.30
2024      5     11     14     01     00    000  12.61  -0.10  -3.30
2024      5     11     14     02     00    000  12.61  -0.09  -3.30
2024      5     11     14     03     00    000  12.60  -0.08  -3.30
2024      5     11     14     04     00    000  12.60  -0.07  -3.30
2024      5     11     14     05     00    000  12.59  -0.06  -3.30
2024      5     11     14     06     00    000  12.59  -0.05  -3.30
2024      5     11     14     07     00    000  12.59  -0.04  -3.31
2024      5     11     14     08     00    000  12.58  -0.03  -3.31
2024      5     11     14     09     00    000  12.58  -0.02  -3.31
2024      5     11     14     10     00    000  12.58  -0.01  -3.31
2024      5     11     14     11     00    000  12.57  -0.00  -3.31
2024      5     11     14     12     00    000  12.57   0.01  -3.31
2024      5     11     14     13     00    000  12.56   0.02  -3.31
2024      5     11     14     14     00    000  12.56   0.03  -3.31
2024      5     11     14     15     00    000  12.56   0.04  -3.31
2024      5     11     14     16     00    000  12.55   0.05  -3.31
2024      5     11     14     17     00    000  12.55   0.06  -3.31
2024      5     11     14     18     00    000  12.54   0.07  -3.31
2024      5     11     14     19     00    000  12.54   0.08  -3.31
2024      5     11     14     20     00    000  12.53   0.09  -3.31
2024      5     11     14     21     00    000  12.53   0.10  -3.31
2024      5     11     14     22     00    000  12.53   0.11  -3.32
2024      5     11     14     23     00    000  12.52   0.12  -3.32
2024      5     11     14     24     00    000  12.52   0.13  -3.32
2024      5     11     14     25     00    000  12.51   0.14  -3.32
2024      5     11     14     26     00    000  12.51   0.15  -3.32
2024      5     11     14     27     00    000  12.50   0.16  -3.32
2024      5     11     14     28     00    000  12.50   0.17  -3.32
2024      5     11     14     29     00    000  12.49   0.18  -3.32
2024      5     11     14     30     00    000  12.49   0.19  -3.32
2024      5     11     14     31     00    000  12.49   0.20  -3.32
2024      5     11     14     32     00    000  12.48   0.21  -3.32
2024      5     11     14     33     00    000  12.48   0.22  -3.32
2024      5     11     14     34     00    000  12.47   0.23  -3.32
2024      5     11     14     35     00    000  12.47   0.24  -3.32
2024      5     11     14     36     00    000  12.46   0.25  -3.32
2024      5     11     14     37     00    000  12.46   0.26  -3.32
2024      5     11     14     38     00    000  12.45   0.27  -3.32
2024      5     11     14     39     00    000  12.45   0.28  -3.32
2024      5     11     14     40     00    000  12.44   0.30  -3.32
2024      5     11     14     41     00    000  12.44   0.31  -3.32
2024      5     11     14     42     00    000  12.43   0.32  -3.32
2024      5     11     14     43     00    000  12.43   0.33  -3.32
2024      5     11     14     44     00    000  12.42   0.34  -3.32
2024      5     11     14     45     00    000  12.42   0.35  -3.32
2024      5     11     14     46     00    000  12.41   0.36  -3.32
2024      5     11     14     47     00    000  12.41   0.37  -3.32
2024      5     11     14     48     00    000  12.40   0.38  -3.32
2024      5     11     14     49     00    000  12.40   0.39  -3.32
2024      5     11     14     50     00    000  12.39   0.40  -3.32
2024      5     11     14     51     00    000  12.39   0.41  -3.32
2024      5     11     14     52     00    000  12.38   0.42  -3.32
2024      5     11     14     53     00    000  12.38   0.43  -3.32
2024      5     11     14     54     00    000  12.37   0.44  -3.32
2024      5     11     14     55     00    000  12.37   0.45  -3.32
2024      5     11     14     56     00    000  12.36   0.46  -3.32
2024      5     11     14     57     00    000  12.35   0.47  -3.32
2024      5     11     14     58     00    000  12.35   0.48  -3.32
2024      5     11     14     59     00    000  12.34   0.49  -3.32
2024      5     11     15     00     00    000  12.34   0.50  -3.32
2024      5     11     15     01     00    000  12.33   0.51  -3.32
2024      5     11     15     02     00    000  12.33   0.52  -3.32
2024      5     11     15     03     00    000  12.32   0.53  -3.32
2024      5     11     15     04     00    000  12.32   0.54  -3.32
2024      5     11     15     05     00    000  12.31   0.56  -3.32
2024      5     11     15     06     00    000  12.30   0.57  -3.32
2024      5     11     15     07     00    000  12.30   0.58  -3.32
2024      5     11     15     08     00    000  12.29   0.59  -3.32
2024      5     11     15     09     00    000  12.29   0.60  -3.32
2024      5     11     15     10     00    000  12.28   0.61  -3.32
2024      5     11     15     11     00    000  12.27   0.62  -3.31
2024      5     11     15     12     00    000  12.27   0.63  -3.31
2024      5     11     15     13     00    000  12.26   0.64  -3.31
2024      5     11     15     14     00    000  12.26   0.65  -3.31
2024      5     11     15     15     00    000  12.25   0.66  -3.31
2024      5     11     15     16     00    000  12.24   0.67  -3.31
2024      5     11     15     17     00    000  12.24   0.68  -3.31
2024      5     11     15     18     00    000  12.23   0.69  -3.31
2024      5     11     15     19     00    000  12.23   0.70  -3.31
2024      5     11     15     20     00    000  12.22   0.71  -3.31
2024      5     11     15     21     00    000  12.21   0.72  -3.31
2024      5     11     15     22     00    000  12.21   0.73  -3.31
2024      5     11     15     23     00    000  12.20   0.74  -3.31
2024      5     11     15     24     00    000  12.20   0.75  -3.31
2024      5     11     15     25     00    000  12.19   0.76  -3.31
2024      5     11     15     26     00    000  12.18   0.78  -3.30
2024      5     11     15     27     00    000  12.18   0.79  -3.30
2024      5     11     15     28     00    000  12.17   0.80  -3.30
2024      5     11     15     29     00    000  12.16   0.81  -3.30
2024      5     11     15     30     00    000  12.16   0.82  -3.30
2024      5     11     15     31     00    000  12.15   0.83  -3.30
2024      5     11     15     32     00    000  12.14   0.84  -3.30
2024      5     11     15     33     00    000  12.14   0.85  -3.30
2024      5     11     15     34     00    000  12.13   0.86  -3.30
2024      5     11     15     35     00    000  12.12   0.87  -3.30
2024      5     11     15     36     00    000  12.12   0.88  -3.29
2024      5     11     15     37     00    000  12.11   0.89  -3.29
2024      5     11     15     38     00    000  12.10   0.90  -3.29
2024      5     11     15     39     00    000  12.10   0.91  -3.29
2024      5     11     15     40     00    000  12.09   0.92  -3.29
2024      5     11     15     41     00    000  12.08   0.93  -3.29
2024      5     11     15     42     00    000  12.08   0.94  -3.29
2024      5     11     15     43     00    000  12.07   0.95  -3.29
2024      5     11     15     44     00    000  12.06   0.97  -3.28
2024      5     11     15     45     00    000  12.05   0.98  -3.28
2024      5     11     15     46     00    000  12.05   0.99  -3.28
2024      5     11     15     47     00    000  12.04   1.00  -3.28
2024      5     11     15     48     00    000  12.03   1.01  -3.28
2024      5     11     15     49     00    000  12.03   1.02  -3.28
2024      5     11     15     50     00    000  12.02   1.03  -3.28
2024      5     11     15     51     00    000  12.01   1.04  -3.27
2024      5     11     15     52     00    000  12.00   1.05  -3.27
2024      5     11     15     53     00    000  12.00   1.06  -3.27
2024      5     11     15     54     00    000  11.99   1.07  -3.27
2024      5     11     15     55     00    000  11.98   1.08  -3.27
2024      5     11     15     56     00    000  11.98   1.09  -3.27
2024      5     11     15     57     00    000  11.97   1.10  -3.26
2024      5     11     15     58     00    000  11.96   1.11  -3.26
2024      5     11     15     59     00    000  11.95   1.12  -3.26
2024      5     11     16     00     00    000  11.95   1.13  -3.26
2024      5     11     16     01     00    000  11.94   1.14  -3.26
2024      5     11     16     02     00    000  11.93   1.15  -3.26
2024      5     11     16     03     00    000  11.92   1.17  -3.25
2024      5     11     16     04     00    000  11.91   1.18  -3.25
2024      5     11     16     05     00    000  11.91   1.19  -3.25
2024      5     11     16     06     00    000  11.90   1.20  -3.25
2024      5     11     16     07     00    000  11.89   1.21  -3.25
2024      5     11     16     08     00    000  11.88   1.22  -3.24
2024      5     11     16     09     00    000  11.88   1.23  -3.24
2024      5     11     16     10     00    000  11.87   1.24  -3.24
2024      5     11     16     11     00    000  11.86   1.25  -3.24
2024      5     11     16     12     00    000  11.85   1.26  -3.24
2024      5     11     16     13     00    000  11.84   1.27  -3.23
2024      5     11     16     14     00    000  11.84   1.28  -3.23
2024      5     11     16     15     00    000  11.83   1.29  -3.23
2024      5     11     16     16     00    000  11.82   1.30  -3.23
2024      5     11     16     17     00    000  11.81   1.31  -3.23
2024      5     11     16     18     00    000  11.80   1.32  -3.22
2024      5     11     16     19     00    000  11.80   1.33  -3.22
2024      5     11     16     20     00    000  11.79   1.34  -3.22
2024      5     11     16     21     00    000  11.78   1.35  -3.22
2024      5     11     16     22     00    000  11.77   1.36  -3.22
2024      5     11     16     23     00    000  11.76   1.37  -3.21
2024      5     11     16     24     00    000  11.75   1.39  -3.21
2024      5     11     16     25     00    000  11.75   1.40  -3.21
2024      5     11     16     26     00    000  11.74   1.41  -3.21
2024      5     11     16     27     00    000  11.73   1.42  -3.20
2024      5     11     16     28     00    000  11.72   1.43  -3.20
2024      5     11     16     29     00    000  11.71   1.44  -3.20
2024      5     11     16     30     00    000  11.70   1.45  -3.20
2024      5     11     16     31     00    000  11.69   1.46  -3.19
2024      5     11     16     32     00    000  11.69   1.47  -3.19
2024      5     11     16     33     00    000  11.68   1.48  -3.19
2024      5     11     16     34     00    000  11.67   1.49  -3.19
2024      5     11     16     35     00    000  11.66   1.50  -3.18
2024      5     11     16     36     00    000  11.65   1.51  -3.18
2024      5     11     16     37     00    000  11.64   1.52  -3.18
2024      5     11     16     38     00    000  11.63   1.53  -3.18
2024      5     11     16     39     00    000  11.62   1.54  -3.17
2024      5     11     16     40     00    000  11.62   1.55  -3.17
2024      5     11     16     41     00    000  11.61   1.56  -3.17
2024      5     11     16     42     00    000  11.60   1.57  -3.16
2024      5     11     16     43     00    000  11.59   1.58  -3.16
2024      5     11     16     44     00    000  11.58   1.59  -3.16
2024      5     11     16     45     00    000  11.57   1.60  -3.16
2024      5     11     16     46     00    000  11.56   1.61  -3.15
2024      5     11     16     47     00    000  11.55   1.62  -3.15
2024      5     11     16     48     00    000  11.54   1.63  -3.15
2024      5     11     16     49     00    000  11.53   1.64  -3.14
2024      5     11     16     50     00    000  11.52   1.65  -3.14
2024      5     11     16     51     00    000  11.52   1.66  -3.14
2024      5     11     16     52     00    000  11.51   1.67  -3.14
2024      5     11     16     53     00    000  11.50   1.69  -3.13
2024      5     11     16     54     00    000  11.49   1.70  -3.13
2024      5     11     16     55     00    000  11.48   1.71  -3.13
2024      5     11     16     56     00    000  11.47   1.72  -3.12
2024      5     11     16     57     00    000  11.46   1.73  -3.12
2024      5     11     16     58     00    000  11.45   1.74  -3.12
2024      5     11     16     59     00    000  11.44   1.75  -3.11
2024      5     11     17     00     00    000  11.43   1.76  -3.11
2024      5     11     17     01     00    000  11.42   1.77  -3.11
2024      5     11     17     02     00    000  11.41   1.78  -3.10
2024      5     11     17     03     00    000  11.40   1.79  -3.10
2024      5     11     17     04     00    000  11.39   1.80  -3.10
2024      5     11     17     05     00    000  11.38   1.81  -3.09
2024      5     11     17     06     00    000  11.37   1.82  -3.09
2024      5     11     17     07     00    000  11.36   1.83  -3.09
2024      5     11     17     08     00    000  11.35   1.84  -3.08
2024      5     11     17     09     00    000  11.34   1.85  -3.08
2024      5     11     17     10     00    000  11.33   1.86  -3.08
2024      5     11     17     11     00    000  11.32   1.87  -3.07
2024      5     11     17     12     00    000  11.31   1.88  -3.07
2024      5     11     17     13     00    000  11.30   1.89  -3.07
2024      5     11     17     14     00    000  11.29   1.90  -3.06
2024      5     11     17     15     00    000  11.28   1.91  -3.06
2024      5     11     17     16     00    000  11.27   1.92  -3.06
2024      5     11     17     17     00    000  11.26   1.93  -3.05
2024      5     11     17     18     00    000  11.25   1.94  -3.05
2024      5     11     17     19     00    000  11.24   1.95  -3.05
2024      5     11     17     20     00    000  11.23   1.96  -3.04
2024      5     11     17     21     00    000  11.22   1.97  -3.04
2024      5     11     17     22     00    000  11.21   1.98  -3.03
2024      5     11     17     23     00    000  11.20   1.99  -3.03
2024      5     11     17     24     00    000  11.19   2.00  -3.03
2024      5     11     17     25     00    000  11.18   2.01  -3.02
2024      5     11     17     26     00    000  11.17   2.02  -3.02
2024      5     11     17     27     00    000  11.15   2.03  -3.02
2024      5     11     17     28     00    000  11.14   2.04  -3.01
2024      5     11     17     29     00    000  11.13   2.05  -3.01
2024      5     11     17     30     00    000  11.12   2.06  -3.00
2024      5     11     17     31     00    000  11.11   2.07  -3.00
2024      5     11     17     32     00    000  11.10   2.08  -3.00
2024      5     11     17     33     00    000  11.09   2.08  -2.99
2024      5     11     17     34     00    000  11.08   2.09  -2.99
2024      5     11     17     35     00    000  11.07   2.10  -2.98
2024      5     11     17     36     00    000  11.06   2.11  -2.98
2024      5     11     17     37     00    000  11.05   2.12  -2.98
2024      5     11     17     38     00    000  11.04   2.13  -2.97
2024      5     11     17     39     00    000  11.02   2.14  -2.97
2024      5     11     17     40     00    000  11.01   2.15  -2.96
2024      5     11     17     41     00    000  11.00   2.16  -2.96
2024      5     11     17     42     00    000  10.99   2.17  -2.96
2024      5     11     17     43     00    000  10.98   2.18  -2.95
2024      5     11     17     44     00    000  10.97   2.19  -2.95
2024      5     11     17     45     00    000  10.96   2.20  -2.94
2024      5     11     17     46     00    000  10.95   2.21  -2.94
2024      5     11     17     47     00    000  10.93   2.22  -2.93
2024      5     11     17     48     00    000  10.92   2.23  -2.93
2024      5     11     17     49     00    000  10.91   2.24  -2.93
2024      5     11     17     50     00    000  10.90   2.25  -2.92
2024      5     11     17     51     00    000  10.89   2.26  -2.92
2024      5     11     17     52     00    000  10.88   2.27  -2.91
2024      5     11     17     53     00    000  10.86   2.28  -2.91
2024      5     11     17     54     00    000  10.85   2.29  -2.90
2024      5     11     17     55     00    000  10.84   2.30  -2.90
2024      5     11     17     56     00    000  10.83   2.30  -2.89
2024      5     11     17     57     00    000  10.82   2.31  -2.89
2024      5     11     17     58     00    000  10.81   2.32  -2.89
2024      5     11     17     59     00    000  10.79   2.33  -2.88
2024      5     11     18     00     00    000  10.78   2.34  -2.88
2024      5     11     18     01     00    000  10.77   2.35  -2.87
2024      5     11     18     02     00    000  10.76   2.36  -2.87
2024      5     11     18     03     00    000  10.75   2.37  -2.86
2024      5     11     18     04     00    000  10.73   2.38  -2.86
2024      5     11     18     05     00    000  10.72   2.39  -2.85
2024      5     11     18     06     00    000  10.71   2.40  -2.85
2024      5     11     18     07     00    000  10.70   2.41  -2.84
2024      5     11     18     08     00    000  10.68   2.42  -2.84
2024      5     11     18     09     00    000  10.67   2.43  -2.83
2024      5     11     18     10     00    000  10.66   2.43  -2.83
2024      5     11     18     11     00    000  10.65   2.44  -2.83
2024      5     11     18     12     00    000  10.64   2.45  -2.82
2024      5     11     18     13     00    000  10.62   2.46  -2.82
2024      5     11     18     14     00    000  10.61   2.47  -2.81
2024      5     11     18     15     00    000  10.60   2.48  -2.81
2024      5     11     18     16     00    000  10.58   2.49  -2.80
2024      5     11     18     17     00    000  10.57   2.50  -2.80
2024      5     11     18     18     00    000  10.56   2.51  -2.79
2024      5     11     18     19     00    000  10.55   2.52  -2.79
2024      5     11     18     20     00    000  10.53   2.52  -2.78
2024      5     11     18     21     00    000  10.52   2.53  -2.78
2024      5     11     18     22     00    000  10.51   2.54  -2.77
2024      5     11     18     23     00    000  10.50   2.55  -2.77
2024      5     11     18     24     00    000  10.48   2.56  -2.76
2024      5     11     18     25     00    000  10.47   2.57  -2.76
2024      5     11     18     26     00    000  10.46   2.58  -2.75
2024      5     11     18     27     00    000  10.44   2.59  -2.75
2024      5     11     18     28     00    000  10.43   2.60  -2.74
2024      5     11     18     29     00    000  10.42   2.60  -2.74
2024      5     11     18     30     00    000  10.40   2.61  -2.73
2024      5     11     18     31     00    000  10.39   2.62  -2.73
2024      5     11     18     32     00    000  10.38   2.63  -2.72
2024      5     11     18     33     00    000  10.36   2.64  -2.72
2024      5     11     18     34     00    000  10.35   2.65  -2.71
2024      5     11     18     35     00    000  10.34   2.66  -2.71
2024      5     11     18     36     00    000  10.32   2.66  -2.70
2024      5     11     18     37     00    000  10.31   2.67  -2.70
2024      5     11     18     38     00    000  10.30   2.68  -2.69
2024      5     11     18     39     00    000  10.28   2.69  -2.68
2024      5     11     18     40     00    000  10.27   2.70  -2.68
2024      5     11     18     41     00    000  10.26   2.71  -2.67
2024      5     11     18     42     00    000  10.24   2.72  -2.67
2024      5     11     18     43     00    000  10.23   2.72  -2.66
2024      5     11     18     44     00    000  10.22   2.73  -2.66
2024      5     11     18     45     00    000  10.20   2.74  -2.65
2024      5     11     18     46     00    000  10.19   2.75  -2.65
2024      5     11     18     47     00    000  10.17   2.76  -2.64
2024      5     11     18     48     00    000  10.16   2.77  -2.64
2024      5     11     18     49     00    000  10.15   2.77  -2.63
2024      5     11     18     50     00    000  10.13   2.78  -2.63
2024      5     11     18     51     00    000  10.12   2.79  -2.62
2024      5     11     18     52     00    000  10.10   2.80  -2.62
2024      5     11     18     53     00    000  10.09   2.81  -2.61
2024      5     11     18     54     00    000  10.08   2.82  -2.60
2024      5     11     18     55     00    000  10.06   2.82  -2.60
2024      5     11     18     56     00    000  10.05   2.83  -2.59
2024      5     11     18     57     00    000  10.03   2.84  -2.59
2024      5     11     18     58     00    000  10.02   2.85  -2.58
2024      5     11     18     59     00    000  10.00   2.86  -2.58
2024      5     11     19     00     00    000   9.99   2.86  -2.57
2024      5     11     19     01     00    000   9.97   2.87  -2.57
2024      5     11     19     02     00    000   9.96   2.88  -2.56
2024      5     11     19     03     00    000   9.95   2.89  -2.55
2024      5     11     19     04     00    000   9.93   2.90  -2.55
2024      5     11     19     05     00    000   9.92   2.90  -2.54
2024      5     11     19     06     00    000   9.90   2.91  -2.54
2024      5     11     19     07     00    000   9.89   2.92  -2.53
2024      5     11     19     08     00    000   9.87   2.93  -2.53
2024      5     11     19     09     00    000   9.86   2.94  -2.52
2024      5     11     19     10     00    000   9.84   2.94  -2.51
2024      5     11     19     11     00    000   9.83   2.95  -2.51
2024      5     11     19     12     00    000   9.81   2.96  -2.50
2024      5     11     19     13     00    000   9.80   2.97  -2.50
2024      5     11     19     14     00    000   9.78   2.97  -2.49
2024      5     11     19     15     00    000   9.77   2.98  -2.49
2024      5     11     19     16     00    000   9.75   2.99  -2.48
2024      5     11     19     17     00    000   9.74   3.00  -2.47
2024      5     11     19     18     00    000   9.72   3.01  -2.47
2024      5     11     19     19     00    000   9.71   3.01  -2.46
2024      5     11     19     20     00    000   9.69   3.02  -2.46
2024      5     11     19     21     00    000   9.67   3.03  -2.45
2024      5     11     19     22     00    000   9.66   3.04  -2.44
2024      5     11     19     23     00    000   9.64   3.04  -2.44
2024      5     11     19     24     00    000   9.63   3.05  -2.43
2024      5     11     19     25     00    000   9.61   3.06  -2.43
2024      5     11     19     26     00    000   9.60   3.06  -2.42
2024      5     11     19     27     00    000   9.58   3.07  -2.41
2024      5     11     19     28     00    000   9.57   3.08  -2.41
2024      5     11     19     29     00    000   9.55   3.09  -2.40
2024      5     11     19     30     00    000   9.53   3.09  -2.40
2024      5     11     19     31     00    000   9.52   3.10  -2.39
2024      5     11     19     32     00    000   9.50   3.11  -2.38
2024      5     11     19     33     00    000   9.49   3.12  -2.38
2024      5     11     19     34     00    000   9.47   3.12  -2.37
2024      5     11     19     35     00    000   9.45   3.13  -2.37
2024      5     11     19     36     00    000   9.44   3.14  -2.36
2024      5     11     19     37     00    000   9.42   3.14  -2.35
2024      5     11     19     38     00    000   9.40   3.15  -2.35
2024      5     11     19     39     00    000   9.39   3.16  -2.34
2024      5     11     19     40     00    000   9.37   3.17  -2.34
2024      5     11     19     41     00    000   9.36   3.17  -2.33
2024      5     11     19     42     00    000   9.34   3.18  -2.32
2024      5     11     19     43     00    000   9.32   3.19  -2.32
2024      5     11     19     44     00    000   9.31   3.19  -2.31
2024      5     11     19     45     00    000   9.29   3.20  -2.31
2024      5     11     19     46     00    000   9.27   3.21  -2.30
2024      5     11     19     47     00    000   9.26   3.21  -2.29
2024      5     11     19     48     00    000   9.24   3.22  -2.29
2024      5     11     19     49     00    000   9.22   3.23  -2.28
2024      5     11     19     50     00    000   9.21   3.23  -2.28
2024      5     11     19     51     00    000   9.19   3.24  -2.27
2024      5     11     19     52     00    000   9.17   3.25  -2.26
2024      5     11     19     53     00    000   9.15   3.25  -2.26
2024      5     11     19     54     00    000   9.14   3.26  -2.25
2024      5     11     19     55     00    000   9.12   3.27  -2.24
2024      5     11     19     56     00    000   9.10   3.27  -2.24
2024      5     11     19     57     00    000   9.09   3.28  -2.23
2024      5     11     19     58     00    000   9.07   3.29  -2.23
2024      5     11     19     59     00    000   9.05   3.29  -2.22
2024      5     11     20     00     00    000   9.03   3.30  -2.21
2024      5     11     20     01     00    000   9.02   3.31  -2.21
2024      5     11     20     02     00    000   9.00   3.31  -2.20
2024      5     11     20     03     00    000   8.98   3.32  -2.19
2024      5     11     20     04     00    000   8.96   3.32  -2.19
2024      5     11     20     05     00    000   8.95   3.33  -2.18
2024      5     11     20     06     00    000   8.93   3.34  -2.17
2024      5     11     20     07     00    000   8.91   3.34  -2.17
2024      5     11     20     08     00    000   8.89   3.35  -2.16
2024      5     11     20     09     00    000   8.88   3.36  -2.16
2024      5     11     20     10     00    000   8.86   3.36  -2.15
2024      5     11     20     11     00    000   8.84   3.37  -2.14
2024      5     11     20     12     00    000   8.82   3.37  -2.14
2024      5     11     20     13     00    000   8.80   3.38  -2.13
2024      5     11     20     14     00    000   8.79   3.39  -2.12
2024      5     11     20     15     00    000   8.77   3.39  -2.12
2024      5     11     20     16     00    000   8.75   3.40  -2.11
2024      5     11     20     17     00    000   8.73   3.40  -2.10
2024      5     11     20     18     00    000   8.71   3.41  -2.10
2024      5     11     20     19     00    000   8.69   3.42  -2.09
2024      5     11     20     20     00    000   8.68   3.42  -2.08
2024      5     11     20     21     00    000   8.66   3.43  -2.08
2024      5     11     20     22     00    000   8.64   3.43  -2.07
2024      5     11     20     23     00    000   8.62   3.44  -2.07
2024      5     11     20     24     00    000   8.60   3.44  -2.06
2024      5     11     20     25     00    000   8.58   3.45  -2.05
2024      5     11     20     26     00    000   8.56   3.46  -2.05
2024      5     11     20     27     00    000   8.55   3.46  -2.04
2024      5     11     20     28     00    000   8.53   3.47  -2.03
2024      5     11     20     29     00    000   8.51   3.47  -2.03
2024      5     11     20     30     00    000   8.49   3.48  -2.02
2024      5     11     20     31     00    000   8.47   3.48  -2.01
2024      5     11     20     32     00    000   8.45   3.49  -2.01
2024      5     11     20     33     00    000   8.43   3.49  -2.00
2024      5     11     20     34     00    000   8.41   3.50  -1.99
2024      5     11     20     35     00    000   8.39   3.50  -1.99
2024      5     11     20     36     00    000   8.37   3.51  -1.98
2024      5     11     20     37     00    000   8.35   3.51  -1.97
2024      5     11     20     38     00    000   8.33   3.52  -1.97
2024      5     11     20     39     00    000   8.32   3.52  -1.96
2024      5     11     20     40     00    000   8.30   3.53  -1.95
2024      5     11     20     41     00    000   8.28   3.53  -1.95
2024      5     11     20     42     00    000   8.26   3.54  -1.94
2024      5     11     20     43     00    000   8.24   3.54  -1.93
2024      5     11     20     44     00    000   8.22   3.55  -1.93
2024      5     11     20     45     00    000   8.20   3.55  -1.92
2024      5     11     20     46     00    000   8.18   3.56  -1.91
2024      5     11     20     47     00    000   8.16   3.56  -1.91
2024      5     11     20     48     00    000   8.14   3.57  -1.90
2024      5     11     20     49     00    000   8.12   3.57  -1.89
2024      5     11     20     50     00    000   8.10   3.58  -1.89
2024      5     11     20     51     00    000   8.08   3.58  -1.88
2024      5     11     20     52     00    000   8.06   3.59  -1.87
2024      5     11     20     53     00    000   8.04   3.59  -1.87
2024      5     11     20     54     00    000   8.02   3.60  -1.86
2024      5     11     20     55     00    000   8.00   3.60  -1.85
2024      5     11     20     56     00    000   7.97   3.61  -1.85
2024      5     11     20     57     00    000   7.95   3.61  -1.84
2024      5     11     20     58     00    000   7.93   3.62  -1.83
2024      5     11     20     59     00    000   7.91   3.62  -1.83
2024      5     11     21     00     00    000   7.89   3.62  -1.82
2024      5     11     21     01     00    000   7.87   3.63  -1.81
2024      5     11     21     02     00    000   7.85   3.63  -1.81
2024      5     11     21     03     00    000   7.83   3.64  -1.80
2024      5     11     21     04     00    000   7.81   3.64  -1.79
2024      5     11     21     05     00    000   7.79   3.65  -1.79
2024      5     11     21     06     00    000   7.77   3.65  -1.78
2024      5     11     21     07     00    000   7.75   3.65  -1.77
2024      5     11     21     08     00    000   7.72   3.66  -1.77
2024      5     11     21     09     00    000   7.70   3.66  -1.76
2024      5     11     21     10     00    000   7.68   3.67  -1.75
2024      5     11     21     11     00    000   7.66   3.67  -1.75
2024      5     11     21     12     00    000   7.64   3.67  -1.74
2024      5     11     21     13     00    000   7.62   3.68  -1.73
2024      5     11     21     14     00    000   7.59   3.68  -1.73
2024      5     11     21     15     00    000   7.57   3.69  -1.72
2024      5     11     21     16     00    000   7.55   3.69  -1.71
2024      5     11     21     17     00    000   7.53   3.69  -1.71
2024      5     11     21     18     00    000   7.51   3.70  -1.70
2024      5     11     21     19     00    000   7.49   3.70  -1.69
2024      5     11     21     20     00    000   7.46   3.70  -1.69
2024      5     11     21     21     00    000   7.44   3.71  -1.68
2024      5     11     21     22     00    000   7.42   3.71  -1.67
2024      5     11     21     23     00    000   7.40   3.71  -1.66
2024      5     11     21     24     00    000   7.37   3.72  -1.66
2024      5     11     21     25     00    000   7.35   3.72  -1.65
2024      5     11     21     26     00    000   7.33   3.72  -1.64
2024      5     11     21     27     00    000   7.31   3.73  -1.64
2024      5     11     21     28     00    000   7.28   3.73  -1.63
2024      5     11     21     29     00    000   7.26   3.73  -1.62
2024      5     11     21     30     00    000   7.24   3.74  -1.62
2024      5     11     21     31     00    000   7.22   3.74  -1.61
2024      5     11     21     32     00    000   7.19   3.74  -1.60
2024      5     11     21     33     00    000   7.17   3.75  -1.60
2024      5     11     21     34     00    000   7.15   3.75  -1.59
2024      5     11     21     35     00    000   7.12   3.75  -1.58
2024      5     11     21     36     00    000   7.10   3.76  -1.58
2024      5     11     21     37     00    000   7.08   3.76  -1.57
2024      5     11     21     38     00    000   7.05   3.76  -1.56
2024      5     11     21     39     00    000   7.03   3.76  -1.55
2024      5     11     21     40     00    000   7.01   3.77  -1.55
2024      5     11     21     41     00    000   6.98   3.77  -1.54
2024      5     11     21     42     00    000   6.96   3.77  -1.53
2024      5     11     21     43     00    000   6.94   3.77  -1.53
2024      5     11     21     44     00    000   6.91   3.78  -1.52
2024      5     11     21     45     00    000   6.89   3.78  -1.51
2024      5     11     21     46     00    000   6.87   3.78  -1.51
2024      5     11     21     47     00    000   6.84   3.78  -1.50
2024      5     11     21     48     00    000   6.82   3.79  -1.49
2024      5     11     21     49     00    000   6.79   3.79  -1.49
2024      5     11     21     50     00    000   6.77   3.79  -1.48
2024      5     11     21     51     00    000   6.75   3.79  -1.47
2024      5     11     21     52     00    000   6.72   3.80  -1.46
2024      5     11     21     53     00    000   6.70   3.80  -1.46
2024      5     11     21     54     00    000   6.67   3.80  -1.45
2024      5     11     21     55     00    000   6.65   3.80  -1.44
2024      5     11     21     56     00    000   6.62   3.80  -1.44
2024      5     11     21     57     00    000   6.60   3.81  -1.43
2024      5     11     21     58     00    000   6.57   3.81  -1.42
2024      5     11     21     59     00    000   6.55   3.81  -1.42
2024      5     11     22     00     00    000   6.52   3.81  -1.41
2024      5     11     22     01     00    000   6.50   3.81  -1.40
2024      5     11     22     02     00    000   6.47   3.81  -1.39
2024      5     11     22     03     00    000   6.45   3.82  -1.39
2024      5     11     22     04     00    000   6.42   3.82  -1.38
2024      5     11     22     05     00    000   6.40   3.82  -1.37
2024      5     11     22     06     00    000   6.37   3.82  -1.37
2024      5     11     22     07     00    000   6.35   3.82  -1.36
2024      5     11     22     08     00    000   6.32   3.82  -1.35
2024      5     11     22     09     00    000   6.30   3.82  -1.34
2024      5     11     22     10     00    000   6.27   3.83  -1.34
2024      5     11     22     11     00    000   6.24   3.83  -1.33
2024      5     11     22     12     00    000   6.22   3.83  -1.32
2024      5     11     22     13     00    000   6.19   3.83  -1.32
2024      5     11     22     14     00    000   6.17   3.83  -1.31
2024      5     11     22     15     00    000   6.14   3.83  -1.30
2024      5     11     22     16     00    000   6.11   3.83  -1.30
2024      5     11     22     17     00    000   6.09   3.83  -1.29
2024      5     11     22     18     00    000   6.06   3.83  -1.28
2024      5     11     22     19     00    000   6.03   3.83  -1.27
2024      5     11     22     20     00    000   6.01   3.84  -1.27
2024      5     11     22     21     00    000   5.98   3.84  -1.26
2024      5     11     22     22     00    000   5.95   3.84  -1.25
2024      5     11     22     23     00    000   5.93   3.84  -1.25
2024      5     11     22     24     00    000   5.90   3.84  -1.24
2024      5     11     22     25     00    000   5.87   3.84  -1.23
2024      5     11     22     26     00    000   5.85   3.84  -1.22
2024      5     11     22     27     00    000   5.82   3.84  -1.22
2024      5     11     22     28     00    000   5.79   3.84  -1.21
2024      5     11     22     29     00    000   5.76   3.84  -1.20
2024      5     11     22     30     00    000   5.74   3.84  -1.19
2024      5     11     22     31     00    000   5.71   3.84  -1.19
2024      5     11     22     32     00    000   5.68   3.84  -1.18
2024      5     11     22     33     00    000   5.65   3.84  -1.17
2024      5     11     22     34     00    000   5.63   3.84  -1.17
2024      5     11     22     35     00    000   5.60   3.84  -1.16
2024      5     11     22     36     00    000   5.57   3.84  -1.15
2024      5     11     22     37     00    000   5.54   3.84  -1.14
2024      5     11     22     38     00    000   5.51   3.84  -1.14
2024      5     11     22     39     00    000   5.48   3.84  -1.13
2024      5     11     22     40     00    000   5.46   3.83  -1.12
2024      5     11     22     41     00    000   5.43   3.83  -1.12
2024      5     11     22     42     00    000   5.40   3.83  -1.11
2024      5     11     22     43     00    000   5.37   3.83  -1.10
2024      5     11     22     44     00    000   5.34   3.83  -1.09
2024      5     11     22     45     00    000   5.31   3.83  -1.09
2024      5     11     22     46     00    000   5.28   3.83  -1.08
2024      5     11     22     47     00    000   5.25   3.83  -1.07
2024      5     11     22     48     00    000   5.22   3.83  -1.06
2024      5     11     22     49     00    000   5.20   3.83  -1.06
2024      5     11     22     50     00    000   5.17   3.82  -1.05
2024      5     11     22     51     00    000   5.14   3.82  -1.04
2024      5     11     22     52     00    000   5.11   3.82  -1.03
2024      5     11     22     53     00    000   5.08   3.82  -1.03
2024      5     11     22     54     00    000   5.05   3.82  -1.02
2024      5     11     22     55     00    000   5.02   3.82  -1.01
2024      5     11     22     56     00    000   4.99   3.81  -1.00
2024      5     11     22     57     00    000   4.96   3.81  -1.00
2024      5     11     22     58     00    000   4.93   3.81  -0.99
2024      5     11     22     59     00    000   4.90   3.81  -0.98
2024      5     11     23     00     00    000   4.87   3.81  -0.98
2024      5     11     23     01     00    000   4.83   3.80  -0.97
2024      5     11     23     02     00    000   4.80   3.80  -0.96
2024      5     11     23     03     00    000   4.77   3.80  -0.95
2024      5     11     23     04     00    000   4.74   3.80  -0.95
2024      5     11     23     05     00    000   4.71   3.79  -0.94
2024      5     11     23     06     00    000   4.68   3.79  -0.93
2024      5     11     23     07     00    000   4.65   3.79  -0.92
2024      5     11     23     08     00    000   4.62   3.78  -0.91
2024      5     11     23     09     00    000   4.59   3.78  -0.91
2024      5     11     23     10     00    000   4.55   3.78  -0.90
2024      5     11     23     11     00    000   4.52   3.78  -0.89
2024      5     11     23     12     00    000   4.49   3.77  -0.88
2024      5     11     23     13     00    000   4.46   3.77  -0.88
2024      5     11     23     14     00    000   4.43   3.76  -0.87
2024      5     11     23     15     00    000   4.39   3.76  -0.86
2024      5     11     23     16     00    000   4.36   3.76  -0.85
2024      5     11     23     17     00    000   4.33   3.75  -0.85
2024      5     11     23     18     00    000   4.30   3.75  -0.84
2024      5     11     23     19     00    000   4.26   3.75  -0.83
2024      5     11     23     20     00    000   4.23   3.74  -0.82
2024      5     11     23     21     00    000   4.20   3.74  -0.82
2024      5     11     23     22     00    000   4.16   3.73  -0.81
2024      5     11     23     23     00    000   4.13   3.73  -0.80
2024      5     11     23     24     00    000   4.10   3.72  -0.79
2024      5     11     23     25     00    000   4.06   3.72  -0.78
2024      5     11     23     26     00    000   4.03   3.71  -0.78
2024      5     11     23     27     00    000   4.00   3.71  -0.77
2024      5     11     23     28     00    000   3.96   3.70  -0.76
2024      5     11     23     29     00    000   3.93   3.70  -0.75
2024      5     11     23     30     00    000   3.90   3.69  -0.75
2024      5     11     23     31     00    000   3.86   3.69  -0.74
2024      5     11     23     32     00    000   3.83   3.68  -0.73
2024      5     11     23     33     00    000   3.79   3.68  -0.72
2024      5     11     23     34     00    000   3.76   3.67  -0.71
2024      5     11     23     35     00    000   3.72   3.66  -0.71
2024      5     11     23     36     00    000   3.69   3.66  -0.70
2024      5     11     23     37     00    000   3.65   3.65  -0.69
2024      5     11     23     38     00    000   3.62   3.65  -0.68
2024      5     11     23     39     00    000   3.58   3.64  -0.67
2024      5     11     23     40     00    000   3.55   3.63  -0.67
2024      5     11     23     41     00    000   3.51   3.63  -0.66
2024      5     11     23     42     00    000   3.47   3.62  -0.65
2024      5     11     23     43     00    000   3.44   3.61  -0.64
2024      5     11     23     44     00    000   3.40   3.60  -0.63
2024      5     11     23     45     00    000   3.37   3.60  -0.63
2024      5     11     23     46     00    000   3.33   3.59  -0.62
2024      5     11     23     47     00    000   3.29   3.58  -0.61
2024      5     11     23     48     00    000   3.26   3.57  -0.60
2024      5     11     23     49     00    000   3.22   3.56  -0.59
2024      5     11     23     50     00    000   3.18   3.56  -0.58
2024      5     11     23     51     00    000   3.14   3.55  -0.58
2024      5     11     23     52     00    000   3.11   3.54  -0.57
2024      5     11     23     53     00    000   3.07   3.53  -0.56
2024      5     11     23     54     00    000   3.03   3.52  -0.55
2024      5     11     23     55     00    000   2.99   3.51  -0.54
2024      5     11     23     56     00    000   2.96   3.50  -0.53
2024      5     11     23     57     00    000   2.92   3.49  -0.53
2024      5     11     23     58     00    000   2.88   3.48  -0.52
2024      5     11     23     59     00    000   2.84   3.47  -0.51
2024      5     12     00     00     00    000   2.80   3.46  -0.50
2024      5     12     00     01     00    000   2.76   3.45  -0.49
2024      5     12     00     02     00    000   2.72   3.44  -0.48
2024      5     12     00     03     00    000   2.68   3.43  -0.47
2024      5     12     00     04     00    000   2.65   3.42  -0.47
2024      5     12     00     05     00    000   2.61   3.41  -0.46
2024      5     12     00     06     00    000   2.57   3.40  -0.45
2024      5     12     00     07     00    000   2.53   3.39  -0.44
2024      5     12     00     08     00    000   2.49   3.37  -0.43
2024      5     12     00     09     00    000   2.45   3.36  -0.42
2024      5     12     00     10     00    000   2.40   3.35  -0.41
2024      5     12     00     11     00    000   2.36   3.34  -0.40
2024      5     12     00     12     00    000   2.32   3.32  -0.40
2024      5     12     00     13     00    000   2.28   3.31  -0.39
2024      5     12     00     14     00    000   2.24   3.30  -0.38
2024      5     12     00     15     00    000   2.20   3.28  -0.37
2024      5     12     00     16     00    000   2.16   3.27  -0.36
2024      5     12     00     17     00    000   2.12   3.25  -0.35
2024      5     12     00     18     00    000   2.07   3.24  -0.34
2024      5     12     00     19     00    000   2.03   3.22  -0.33
2024      5     12     00     20     00    000   1.99   3.21  -0.32
2024      5     12     00     21     00    000   1.95   3.19  -0.31
2024      5     12     00     22     00    000   1.90   3.18  -0.31
2024      5     12     00     23     00    000   1.86   3.16  -0.30
2024      5     12     00     24     00    000   1.82   3.15  -0.29
2024      5     12     00     25     00    000   1.77   3.13  -0.28
2024      5     12     00     26     00    000   1.73   3.11  -0.27
2024      5     12     00     27     00    000   1.69   3.09  -0.26
2024      5     12     00     28     00    000   1.64   3.08  -0.25
2024      5     12     00     29     00    000   1.60   3.06  -0.24
2024      5     12     00     30     00    000   1.55   3.04  -0.23
2024      5     12     00     31     00    000   1.51   3.02  -0.22
2024      5     12     00     32     00    000   1.46   3.00  -0.21
2024      5     12     00     33     00    000   1.42   2.98  -0.20
2024      5     12     00     34     00    000   1.37   2.96  -0.19
2024      5     12     00     35     00    000   1.33   2.94  -0.18
2024      5     12     00     36     00    000   1.28   2.92  -0.17
2024      5     12     00     37     00    000   1.24   2.89  -0.16
2024      5     12     00     38     00    000   1.19   2.87  -0.15
2024      5     12     00     39     00    000   1.14   2.85  -0.14
2024      5     12     00     40     00    000   1.10   2.82  -0.13
2024      5     12     00     41     00    000   1.05   2.80  -0.12
2024      5     12     00     42     00    000   1.00   2.78  -0.11
2024      5     12     00     43     00    000   0.95   2.75  -0.10
2024      5     12     00     44     00    000   0.91   2.72  -0.09
2024      5     12     00     45     00    000   0.86   2.70  -0.08
2024      5     12     00     46     00    000   0.81   2.67  -0.07
2024      5     12     00     47     00    000   0.76   2.64  -0.06
2024      5     12     00     48     00    000   0.71   2.61  -0.05
2024      5     12     00     49     00    000   0.67   2.58  -0.04
2024      5     12     00     50     00    000   0.62   2.55  -0.03
2024      5     12     00     51     00    000   0.57   2.52  -0.02
2024      5     12     00     52     00    000   0.52   2.49  -0.01
2024      5     12     00     53     00    000   0.47   2.46  -0.00
2024      5     12     00     54     00    000   0.42   2.43   0.01
2024      5     12     00     55     00    000   0.37   2.39   0.02
2024      5     12     00     56     00    000   0.32   2.36   0.03
2024      5     12     00     57     00    000   0.27   2.32   0.04
2024      5     12     00     58     00    000   0.22   2.28   0.05
2024      5     12     00     59     00    000   0.17   2.25   0.06
2024      5     12     01     00     00    000   0.12   2.21   0.07
2024      5     12     01     01     00    000   0.07   2.17   0.08
2024      5     12     01     02     00    000   0.02   2.13   0.09
2024      5     12     01     03     00    000  -0.03   2.08   0.10
2024      5     12     01     04     00    000  -0.08   2.04   0.11
2024      5     12     01     05     00    000  -0.13   1.99   0.12
2024      5     12     01     06     00    000  -0.18   1.95   0.13
2024      5     12     01     07     00    000  -0.23   1.90   0.14
2024      5     12     01     08     00    000  -0.28   1.85   0.15
2024      5     12     01     09     00    000  -0.33   1.80   0.16
2024      5     12     01     10     00    000  -0.38   1.75   0.17
2024      5     12     01     11     00    000  -0.43   1.69   0.18
2024      5     12     01     12     00    000  -0.48   1.64   0.19
2024      5     12     01     13     00    000  -0.53   1.58   0.20
2024      5     12     01     14     00    000  -0.57   1.52   0.21
2024      5     12     01     15     00    000  -0.62   1.46   0.22
2024      5     12     01     16     00    000  -0.67   1.39   0.23
2024      5     12     01     17     00    000  -0.71   1.33   0.24
2024      5     12     01     18     00    000  -0.76   1.26   0.24
2024      5     12     01     19     00    000  -0.80   1.19   0.25
2024      5     12     01     20     00    000  -0.84   1.12   0.26
2024      5     12     01     21     00    000  -0.88   1.05   0.27
2024      5     12     01     22     00    000  -0.92   0.97   0.27
2024      5     12     01     23     00    000  -0.95   0.89   0.28
2024      5     12     01     24     00    000  -0.98   0.81   0.28
2024      5     12     01     25     00    000  -1.02   0.73   0.29
2024      5     12     01     26     00    000  -1.04   0.64   0.29
2024      5     12     01     27     00    000  -1.07   0.56   0.30
2024      5     12     01     28     00    000  -1.09   0.47   0.30
2024      5     12     01     29     00    000  -1.11   0.38   0.30
2024      5     12     01     30     00    000  -1.13   0.29   0.30
2024      5     12     01     31     00    000  -1.14   0.20   0.30
2024      5     12     01     32     00    000  -1.15   0.11   0.30
2024      5     12     01     33     00    000  -1.15   0.02   0.30
2024      5     12     01     34     00    000  -1.15  -0.07   0.30
2024      5     12     01     35     00    000  -1.15  -0.17   0.30
2024      5     12     01     36     00    000  -1.14  -0.26   0.29
2024      5     12     01     37     00    000  -1.13  -0.35   0.29
2024      5     12     01     38     00    000  -1.12  -0.44   0.28
2024      5     12     01     39     00    000  -1.10  -0.53   0.27
2024      5     12     01     40     00    000  -1.08  -0.61   0.27
2024      5     12     01     41     00    000  -1.06  -0.70   0.26
2024      5     12     01     42     00    000  -1.03  -0.78   0.25
2024      5     12     01     43     00    000  -1.01  -0.86   0.24
2024      5     12     01     44     00    000  -0.98  -0.94   0.23
2024      5     12     01     45     00    000  -0.94  -1.02   0.22
2024      5     12     01     46     00    000  -0.91  -1.09   0.21
2024      5     12     01     47     00    000  -0.87  -1.17   0.20
2024      5     12     01     48     00    000  -0.84  -1.24   0.19
2024      5     12     01     49     00    000  -0.80  -1.31   0.18
2024      5     12     01     50     00    000  -0.76  -1.38   0.17
2024      5     12     01     51     00    000  -0.72  -1.44   0.16
2024      5     12     01     52     00    000  -0.67  -1.51   0.15
2024      5     12     01     53     00    000  -0.63  -1.57   0.13
2024      5     12     01     54     00    000  -0.59  -1.63   0.12
2024      5     12     01     55     00    000  -0.54  -1.69   0.11
2024      5     12     01     56     00    000  -0.50  -1.74   0.10
2024      5     12     01     57     00    000  -0.45  -1.80   0.09
2024      5     12     01     58     00    000  -0.41  -1.85   0.07
2024      5     12     01     59     00    000  -0.36  -1.90   0.06
2024      5     12     02     00     00    000  -0.32  -1.95   0.05
2024      5     12     02     01     00    000  -0.27  -2.00   0.04
2024      5     12     02     02     00    000  -0.22  -2.05   0.03
2024      5     12     02     03     00    000  -0.18  -2.10   0.02
2024      5     12     02     04     00    000  -0.13  -2.14   0.00
2024      5     12     02     05     00    000  -0.08  -2.19  -0.01
2024      5     12     02     06     00    000  -0.03  -2.23  -0.02
2024      5     12     02     07     00    000   0.01  -2.27  -0.03
2024      5     12     02     08     00    000   0.06  -2.31  -0.04
2024      5     12     02     09     00    000   0.11  -2.35  -0.05
2024      5     12     02     10     00    000   0.15  -2.39  -0.06
2024      5     12     02     11     00    000   0.20  -2.43  -0.08
2024      5     12     02     12     00    000   0.25  -2.47  -0.09
2024      5     12     02     13     00    000   0.29  -2.51  -0.10
2024      5     12     02     14     00    000   0.34  -2.54  -0.11
2024      5     12     02     15     00    000   0.39  -2.58  -0.12
2024      5     12     02     16     00    000   0.43  -2.61  -0.13
2024      5     12     02     17     00    000   0.48  -2.64  -0.14
2024      5     12     02     18     00    000   0.53  -2.68  -0.15
2024      5     12     02     19     00    000   0.57  -2.71  -0.16
2024      5     12     02     20     00    000   0.62  -2.74  -0.17
2024      5     12     02     21     00    000   0.66  -2.77  -0.18
2024      5     12     02     22     00    000   0.71  -2.80  -0.19
2024      5     12     02     23     00    000   0.75  -2.83  -0.20
2024      5     12     02     24     00    000   0.80  -2.85  -0.21
2024      5     12     02     25     00    000   0.84  -2.88  -0.22
2024      5     12     02     26     00    000   0.89  -2.91  -0.23
2024      5     12     02     27     00    000   0.93  -2.94  -0.24
2024      5     12     02     28     00    000   0.98  -2.96  -0.25
2024      5     12     02     29     00    000   1.02  -2.99  -0.26
2024      5     12     02     30     00    000   1.07  -3.01  -0.27
2024      5     12     02     31     00    000   1.11  -3.04  -0.28
2024      5     12     02     32     00    000   1.15  -3.06  -0.29
2024      5     12     02     33     00    000   1.20  -3.09  -0.30
2024      5     12     02     34     00    000   1.24  -3.11  -0.31
2024      5     12     02     35     00    000   1.28  -3.13  -0.32
2024      5     12     02     36     00    000   1.33  -3.15  -0.33
2024      5     12     02     37     00    000   1.37  -3.18  -0.34
2024      5     12     02     38     00    000   1.41  -3.20  -0.35
2024      5     12     02     39     00    000   1.45  -3.22  -0.36
2024      5     12     02     40     00    000   1.50  -3.24  -0.37
2024      5     12     02     41     00    000   1.54  -3.26  -0.37
2024      5     12     02     42     00    000   1.58  -3.28  -0.38
2024      5     12     02     43     00    000   1.62  -3.30  -0.39
2024      5     12     02     44     00    000   1.66  -3.32  -0.40
2024      5     12     02     45     00    000   1.71  -3.34  -0.41
2024      5     12     02     46     00    000   1.75  -3.36  -0.42
2024      5     12     02     47     00    000   1.79  -3.38  -0.43
2024      5     12     02     48     00    000   1.83  -3.39  -0.43
2024      5     12     02     49     00    000   1.87  -3.41  -0.44
2024      5     12     02     50     00    000   1.91  -3.43  -0.45
2024      5     12     02     51     00    000   1.95  -3.45  -0.46
2024      5     12     02     52     00    000   1.99  -3.46  -0.47
2024      5     12     02     53     00    000   2.03  -3.48  -0.47
2024      5     12     02     54     00    000   2.07  -3.50  -0.48
2024      5     12     02     55     00    000   2.11  -3.51  -0.49
2024      5     12     02     56     00    000   2.15  -3.53  -0.50
2024      5     12     02     57     00    000   2.19  -3.54  -0.51
2024      5     12     02     58     00    000   2.23  -3.56  -0.51
2024      5     12     02     59     00    000   2.27  -3.57  -0.52
2024      5     12     03     00     00    000   2.31  -3.59  -0.53
2024      5     12     03     01     00    000   2.34  -3.60  -0.54
2024      5     12     03     02     00    000   2.38  -3.62  -0.54
2024      5     12     03     03     00    000   2.42  -3.63  -0.55
2024      5     12     03     04     00    000   2.46  -3.65  -0.56
2024      5     12     03     05     00    000   2.50  -3.66  -0.56
2024      5     12     03     06     00    000   2.54  -3.67  -0.57
2024      5     12     03     07     00    000   2.57  -3.69  -0.58
2024      5     12     03     08     00    000   2.61  -3.70  -0.59
2024      5     12     03     09     00    000   2.65  -3.71  -0.59
2024      5     12     03     10     00    000   2.69  -3.72  -0.60
2024      5     12     03     11     00    000   2.72  -3.74  -0.61
2024      5     12     03     12     00    000   2.76  -3.75  -0.61
2024      5     12     03     13     00    000   2.80  -3.76  -0.62
2024      5     12     03     14     00    000   2.83  -3.77  -0.63
2024      5     12     03     15     00    000   2.87  -3.78  -0.63
2024      5     12     03     16     00    000   2.91  -3.80  -0.64
2024      5     12     03     17     00    000   2.94  -3.81  -0.65
2024      5     12     03     18     00    000   2.98  -3.82  -0.65
2024      5     12     03     19     00    000   3.02  -3.83  -0.66
2024      5     12     03     20     00    000   3.05  -3.84  -0.67
2024      5     12     03     21     00    000   3.09  -3.85  -0.67
2024      5     12     03     22     00    000   3.12  -3.86  -0.68
2024      5     12     03     23     00    000   3.16  -3.87  -0.69
2024      5     12     03     24     00    000   3.19  -3.88  -0.69
2024      5     12     03     25     00    000   3.23  -3.89  -0.70
2024      5     12     03     26     00    000   3.26  -3.90  -0.70
2024      5     12     03     27     00    000   3.30  -3.91  -0.71
2024      5     12     03     28     00    000   3.33  -3.92  -0.72
2024      5     12     03     29     00    000   3.37  -3.93  -0.72
2024      5     12     03     30     00    000   3.40  -3.94  -0.73
2024      5     12     03     31     00    000   3.44  -3.95  -0.73
2024      5     12     03     32     00    000   3.47  -3.96  -0.74
2024      5     12     03     33     00    000   3.50  -3.97  -0.75
2024      5     12     03     34     00    000   3.54  -3.97  -0.75
2024      5     12     03     35     00    000   3.57  -3.98  -0.76
2024      5     12     03     36     00    000   3.61  -3.99  -0.76
2024      5     12     03     37     00    000   3.64  -4.00  -0.77
2024      5     12     03     38     00    000   3.67  -4.01  -0.77
2024      5     12     03     39     00    000   3.71  -4.02  -0.78
2024      5     12     03     40     00    000   3.74  -4.02  -0.79
2024      5     12     03     41     00    000   3.77  -4.03  -0.79
2024      5     12     03     42     00    000   3.81  -4.04  -0.80
2024      5     12     03     43     00    000   3.84  -4.05  -0.80
2024      5     12     03     44     00    000   3.87  -4.06  -0.81
2024      5     12     03     45     00    000   3.90  -4.06  -0.81
2024      5     12     03     46     00    000   3.94  -4.07  -0.82
2024      5     12     03     47     00    000   3.97  -4.08  -0.82
2024      5     12     03     48     00    000   4.00  -4.08  -0.83
2024      5     12     03     49     00    000   4.03  -4.09  -0.83
2024      5     12     03     50     00    000   4.07  -4.10  -0.84
2024      5     12     03     51     00    000   4.10  -4.11  -0.84
2024      5     12     03     52     00    000   4.13  -4.11  -0.85
2024      5     12     03     53     00    000   4.16  -4.12  -0.85
2024      5     12     03     54     00    000   4.19  -4.12  -0.86
2024      5     12     03     55     00    000   4.22  -4.13  -0.86
2024      5     12     03     56     00    000   4.26  -4.14  -0.87
2024      5     12     03     57     00    000   4.29  -4.14  -0.87
2024      5     12     03     58     00    000   4.32  -4.15  -0.88
2024      5     12     03     59     00    000   4.35  -4.16  -0.88
2024      5     12     04     00     00    000   4.38  -4.16  -0.89
2024      5     12     04     01     00    000   4.41  -4.17  -0.89
2024      5     12     04     02     00    000   4.44  -4.17  -0.90
2024      5     12     04     03     00    000   4.47  -4.18  -0.90
2024      5     12     04     04     00    000   4.50  -4.18  -0.91
2024      5     12     04     05     00    000   4.53  -4.19  -0.91
2024      5     12     04     06     00    000   4.56  -4.20  -0.92
2024      5     12     04     07     00    000   4.59  -4.20  -0.92
2024      5     12     04     08     00    000   4.62  -4.21  -0.93
2024      5     12     04     09     00    000   4.65  -4.21  -0.93
2024      5     12     04     10     00    000   4.68  -4.22  -0.94
2024      5     12     04     11     00    000   4.71  -4.22  -0.94
2024      5     12     04     12     00    000   4.74  -4.23  -0.95
2024      5     12     04     13     00    000   4.77  -4.23  -0.95
2024      5     12     04     14     00    000   4.80  -4.23  -0.95
2024      5     12     04     15     00    000   4.83  -4.24  -0.96
2024      5     12     04     16     00    000   4.86  -4.24  -0.96
2024      5     12     04     17     00    000   4.89  -4.25  -0.97
2024      5     12     04     18     00    000   4.92  -4.25  -0.97
2024      5     12     04     19     00    000   4.95  -4.26  -0.98
2024      5     12     04     20     00    000   4.98  -4.26  -0.98
2024      5     12     04     21     00    000   5.01  -4.27  -0.98
2024      5     12     04     22     00    000   5.04  -4.27  -0.99
2024      5     12     04     23     00    000   5.06  -4.27  -0.99
2024      5     12     04     24     00    000   5.09  -4.28  -1.00
2024      5     12     04     25     00    000   5.12  -4.28  -1.00
2024      5     12     04     26     00    000   5.15  -4.29  -1.01
2024      5     12     04     27     00    000   5.18  -4.29  -1.01
2024      5     12     04     28     00    000   5.21  -4.29  -1.01
2024      5     12     04     29     00    000   5.23  -4.30  -1.02
2024      5     12     04     30     00    000   5.26  -4.30  -1.02
2024      5     12     04     31     00    000   5.29  -4.30  -1.03
2024      5     12     04     32     00    000   5.32  -4.31  -1.03
2024      5     12     04     33     00    000   5.35  -4.31  -1.03
2024      5     12     04     34     00    000   5.37  -4.31  -1.04
2024      5     12     04     35     00    000   5.40  -4.32  -1.04
2024      5     12     04     36     00    000   5.43  -4.32  -1.05
2024      5     12     04     37     00    000   5.46  -4.32  -1.05
2024      5     12     04     38     00    000   5.48  -4.33  -1.05
2024      5     12     04     39     00    000   5.51  -4.33  -1.06
2024      5     12     04     40     00    000   5.54  -4.33  -1.06
2024      5     12     04     41     00    000   5.56  -4.34  -1.06
2024      5     12     04     42     00    000   5.59  -4.34  -1.07
2024      5     12     04     43     00    000   5.62  -4.34  -1.07
2024      5     12     04     44     00    000   5.64  -4.34  -1.08
2024      5     12     04     45     00    000   5.67  -4.35  -1.08
2024      5     12     04     46     00    000   5.70  -4.35  -1.08
2024      5     12     04     47     00    000   5.72  -4.35  -1.09
2024      5     12     04     48     00    000   5.75  -4.35  -1.09
2024      5     12     04     49     00    000   5.78  -4.36  -1.09
2024      5     12     04     50     00    000   5.80  -4.36  -1.10
2024      5     12     04     51     00    000   5.83  -4.36  -1.10
2024      5     12     04     52     00    000   5.86  -4.36  -1.11
2024      5     12     04     53     00    000   5.88  -4.37  -1.11
2024      5     12     04     54     00    000   5.91  -4.37  -1.11
2024      5     12     04     55     00    000   5.93  -4.37  -1.12
2024      5     12     04     56     00    000   5.96  -4.37  -1.12
2024      5     12     04     57     00    000   5.99  -4.38  -1.12
2024      5     12     04     58     00    000   6.01  -4.38  -1.13
2024      5     12     04     59     00    000   6.04  -4.38  -1.13
2024      5     12     05     00     00    000   6.06  -4.38  -1.13
2024      5     12     05     01     00    000   6.09  -4.38  -1.14
2024      5     12     05     02     00    000   6.11  -4.38  -1.14
2024      5     12     05     03     00    000   6.14  -4.39  -1.14
2024      5     12     05     04     00    000   6.16  -4.39  -1.15
2024      5     12     05     05     00    000   6.19  -4.39  -1.15
2024      5     12     05     06     00    000   6.21  -4.39  -1.15
2024      5     12     05     07     00    000   6.24  -4.39  -1.16
2024      5     12     05     08     00    000   6.26  -4.39  -1.16
2024      5     12     05     09     00    000   6.29  -4.40  -1.16
2024      5     12     05     10     00    000   6.31  -4.40  -1.17
2024      5     12     05     11     00    000   6.34  -4.40  -1.17
2024      5     12     05     12     00    000   6.36  -4.40  -1.17
2024      5     12     05     13     00    000   6.39  -4.40  -1.18
2024      5     12     05     14     00    000   6.41  -4.40  -1.18
2024      5     12     05     15     00    000   6.44  -4.40  -1.18
2024      5     12     05     16     00    000   6.46  -4.41  -1.19
2024      5     12     05     17     00    000   6.48  -4.41  -1.19
2024      5     12     05     18     00    000   6.51  -4.41  -1.19
2024      5     12     05     19     00    000   6.53  -4.41  -1.20
2024      5     12     05     20     00    000   6.56  -4.41  -1.20
2024      5     12     05     21     00    000   6.58  -4.41  -1.20
2024      5     12     05     22     00    000   6.60  -4.41  -1.21
2024      5     12     05     23     00    000   6.63  -4.41  -1.21
2024      5     12     05     24     00    000   6.65  -4.41  -1.21
2024      5     12     05     25     00    000   6.68  -4.41  -1.22
2024      5     12     05     26     00    000   6.70  -4.41  -1.22
2024      5     12     05     27     00    000   6.72  -4.42  -1.22
2024      5     12     05     28     00    000   6.75  -4.42  -1.22
2024      5     12     05     29     00    000   6.77  -4.42  -1.23
2024      5     12     05     30     00    000   6.79  -4.42  -1.23
2024      5     12     05     31     00    000   6.82  -4.42  -1.23
2024      5     12     05     32     00    000   6.84  -4.42  -1.24
2024      5     12     05     33     00    000   6.86  -4.42  -1.24
2024      5     12     05     34     00    000   6.89  -4.42  -1.24
2024      5     12     05     35     00    000   6.91  -4.42  -1.25
2024      5     12     05     36     00    000   6.93  -4.42  -1.25
2024      5     12     05     37     00    000   6.95  -4.42  -1.25
2024      5     12     05     38     00    000   6.98  -4.42  -1.25
2024      5     12     05     39     00    000   7.00  -4.42  -1.26
2024      5     12     05     40     00    000   7.02  -4.42  -1.26
2024      5     12     05     41     00    000   7.05  -4.42  -1.26
2024      5     12     05     42     00    000   7.07  -4.42  -1.27
2024      5     12     05     43     00    000   7.09  -4.42  -1.27
2024      5     12     05     44     00    000   7.11  -4.42  -1.27
2024      5     12     05     45     00    000   7.14  -4.42  -1.28
2024      5     12     05     46     00    000   7.16  -4.42  -1.28
2024      5     12     05     47     00    000   7.18  -4.42  -1.28
2024      5     12     05     48     00    000   7.20  -4.42  -1.28
2024      5     12     05     49     00    000   7.22  -4.42  -1.29
2024      5     12     05     50     00    000   7.25  -4.42  -1.29
2024      5     12     05     51     00    000   7.27  -4.42  -1.29
2024      5     12     05     52     00    000   7.29  -4.42  -1.30
2024      5     12     05     53     00    000   7.31  -4.42  -1.30
2024      5     12     05     54     00    000   7.33  -4.42  -1.30
2024      5     12     05     55     00    000   7.35  -4.42  -1.30
2024      5     12     05     56     00    000   7.38  -4.42  -1.31
2024      5     12     05     57     00    000   7.40  -4.42  -1.31
2024      5     12     05     58     00    000   7.42  -4.42  -1.31
2024      5     12     05     59     00    000   7.44  -4.42  -1.32
2024      5     12     06     00     00    000   7.46  -4.42  -1.32
2024      5     12     06     01     00    000   7.48  -4.42  -1.32
2024      5     12     06     02     00    000   7.51  -4.42  -1.32
2024      5     12     06     03     00    000   7.53  -4.42  -1.33
2024      5     12     06     04     00    000   7.55  -4.42  -1.33
2024      5     12     06     05     00    000   7.57  -4.42  -1.33
2024      5     12     06     06     00    000   7.59  -4.42  -1.34
2024      5     12     06     07     00    000   7.61  -4.42  -1.34
2024      5     12     06     08     00    000   7.63  -4.42  -1.34
2024      5     12     06     09     00    000   7.65  -4.41  -1.34
2024      5     12     06     10     00    000   7.67  -4.41  -1.35
2024      5     12     06     11     00    000   7.69  -4.41  -1.35
2024      5     12     06     12     00    000   7.71  -4.41  -1.35
2024      5     12     06     13     00    000   7.74  -4.41  -1.36
2024      5     12     06     14     00    000   7.76  -4.41  -1.36
2024      5     12     06     15     00    000   7.78  -4.41  -1.36
2024      5     12     06     16     00    000   7.80  -4.41  -1.36
2024      5     12     06     17     00    000   7.82  -4.41  -1.37
2024      5     12     06     18     00    000   7.84  -4.41  -1.37
2024      5     12     06     19     00    000   7.86  -4.41  -1.37
2024      5     12     06     20     00    000   7.88  -4.41  -1.37
2024      5     12     06     21     00    000   7.90  -4.40  -1.38
2024      5     12     06     22     00    000   7.92  -4.40  -1.38
2024      5     12     06     23     00    000   7.94  -4.40  -1.38
2024      5     12     06     24     00    000   7.96  -4.40  -1.39
2024      5     12     06     25     00    000   7.98  -4.40  -1.39
2024      5     12     06     26     00    000   8.00  -4.40  -1.39
2024      5     12     06     27     00    000   8.02  -4.40  -1.39
2024      5     12     06     28     00    000   8.04  -4.40  -1.40
2024      5     12     06     29     00    000   8.06  -4.40  -1.40
2024      5     12     06     30     00    000   8.08  -4.39  -1.40
2024      5     12     06     31     00    000   8.10  -4.39  -1.40
2024      5     12     06     32     00    000   8.12  -4.39  -1.41
2024      5     12     06     33     00    000   8.14  -4.39  -1.41
2024      5     12     06     34     00    000   8.15  -4.39  -1.41
2024      5     12     06     35     00    000   8.17  -4.39  -1.42
2024      5     12     06     36     00    000   8.19  -4.39  -1.42
2024      5     12     06     37     00    000   8.21  -4.38  -1.42
2024      5     12     06     38     00    000   8.23  -4.38  -1.42
2024      5     12     06     39     00    000   8.25  -4.38  -1.43
2024      5     12     06     40     00    000   8.27  -4.38  -1.43
2024      5     12     06     41     00    000   8.29  -4.38  -1.43
2024      5     12     06     42     00    000   8.31  -4.38  -1.43
2024      5     12     06     43     00    000   8.33  -4.38  -1.44
2024      5     12     06     44     00    000   8.35  -4.37  -1.44
2024      5     12     06     45     00    000   8.36  -4.37  -1.44
2024      5     12     06     46     00    000   8.38  -4.37  -1.45
2024      5     12     06     47     00    000   8.40  -4.37  -1.45
2024      5     12     06     48     00    000   8.42  -4.37  -1.45
2024      5     12     06     49     00    000   8.44  -4.37  -1.45
2024      5     12     06     50     00    000   8.46  -4.36  -1.46
2024      5     12     06     51     00    000   8.48  -4.36  -1.46
2024      5     12     06     52     00    000   8.49  -4.36  -1.46
2024      5     12     06     53     00    000   8.51  -4.36  -1.46
2024      5     12     06     54     00    000   8.53  -4.36  -1.47
2024      5     12     06     55     00    000   8.55  -4.35  -1.47
2024      5     12     06     56     00    000   8.57  -4.35  -1.47
2024      5     12     06     57     00    000   8.59  -4.35  -1.48
2024      5     12     06     58     00    000   8.60  -4.35  -1.48
2024      5     12     06     59     00    000   8.62  -4.35  -1.48
2024      5     12     07     00     00    000   8.64  -4.35  -1.48
2024      5     12     07     01     00    000   8.66  -4.34  -1.49
2024      5     12     07     02     00    000   8.68  -4.34  -1.49
2024      5     12     07     03     00    000   8.69  -4.34  -1.49
2024      5     12     07     04     00    000   8.71  -4.34  -1.49
2024      5     12     07     05     00    000   8.73  -4.33  -1.50
2024      5     12     07     06     00    000   8.75  -4.33  -1.50
2024      5     12     07     07     00    000   8.77  -4.33  -1.50
2024      5     12     07     08     00    000   8.78  -4.33  -1.51
2024      5     12     07     09     00    000   8.80  -4.33  -1.51
2024      5     12     07     10     00    000   8.82  -4.32  -1.51
2024      5     12     07     11     00    000   8.84  -4.32  -1.51
2024      5     12     07     12     00    000   8.85  -4.32  -1.52
2024      5     12     07     13     00    000   8.87  -4.32  -1.52
2024      5     12     07     14     00    000   8.89  -4.32  -1.52
2024      5     12     07     15     00    000   8.91  -4.31  -1.52
2024      5     12     07     16     00    000   8.92  -4.31  -1.53
2024      5     12     07     17     00    000   8.94  -4.31  -1.53
2024      5     12     07     18     00    000   8.96  -4.31  -1.53
2024      5     12     07     19     00    000   8.97  -4.30  -1.54
2024      5     12     07     20     00    000   8.99  -4.30  -1.54
2024      5     12     07     21     00    000   9.01  -4.30  -1.54
2024      5     12     07     22     00    000   9.02  -4.30  -1.54
2024      5     12     07     23     00    000   9.04  -4.29  -1.55
2024      5     12     07     24     00    000   9.06  -4.29  -1.55
2024      5     12     07     25     00    000   9.08  -4.29  -1.55
2024      5     12     07     26     00    000   9.09  -4.29  -1.55
2024      5     12     07     27     00    000   9.11  -4.28  -1.56
2024      5     12     07     28     00    000   9.13  -4.28  -1.56
2024      5     12     07     29     00    000   9.14  -4.28  -1.56
2024      5     12     07     30     00    000   9.16  -4.28  -1.57
2024      5     12     07     31     00    000   9.18  -4.27  -1.57
2024      5     12     07     32     00    000   9.19  -4.27  -1.57
2024      5     12     07     33     00    000   9.21  -4.27  -1.57
2024      5     12     07     34     00    000   9.22  -4.26  -1.58
2024      5     12     07     35     00    000   9.24  -4.26  -1.58
2024      5     12     07     36     00    000   9.26  -4.26  -1.58
2024      5     12     07     37     00    000   9.27  -4.26  -1.59
2024      5     12     07     38     00    000   9.29  -4.25  -1.59
2024      5     12     07     39     00    000   9.31  -4.25  -1.59
2024      5     12     07     40     00    000   9.32  -4.25  -1.59
2024      5     12     07     41     00    000   9.34  -4.25  -1.60
2024      5     12     07     42     00    000   9.35  -4.24  -1.60
2024      5     12     07     43     00    000   9.37  -4.24  -1.60
2024      5     12     07     44     00    000   9.39  -4.24  -1.61
2024      5     12     07     45     00    000   9.40  -4.23  -1.61
2024      5     12     07     46     00    000   9.42  -4.23  -1.61
2024      5     12     07     47     00    000   9.43  -4.23  -1.61
2024      5     12     07     48     00    000   9.45  -4.23  -1.62
2024      5     12     07     49     00    000   9.46  -4.22  -1.62
2024      5     12     07     50     00    000   9.48  -4.22  -1.62
2024      5     12     07     51     00    000   9.50  -4.22  -1.63
2024      5     12     07     52     00    000   9.51  -4.21  -1.63
2024      5     12     07     53     00    000   9.53  -4.21  -1.63
2024      5     12     07     54     00    000   9.54  -4.21  -1.63
2024      5     12     07     55     00    000   9.56  -4.20  -1.64
2024      5     12     07     56     00    000   9.57  -4.20  -1.64
2024      5     12     07     57     00    000   9.59  -4.20  -1.64
2024      5     12     07     58     00    000   9.60  -4.19  -1.65
2024      5     12     07     59     00    000   9.62  -4.19  -1.65
2024      5     12     08     00     00    000   9.63  -4.19  -1.65
2024      5     12     08     01     00    000   9.65  -4.18  -1.65
2024      5     12     08     02     00    000   9.66  -4.18  -1.66
2024      5     12     08     03     00    000   9.68  -4.18  -1.66
2024      5     12     08     04     00    000   9.69  -4.18  -1.66
2024      5     12     08     05     00    000   9.71  -4.17  -1.67
2024      5     12     08     06     00    000   9.72  -4.17  -1.67
2024      5     12     08     07     00    000   9.74  -4.17  -1.67
2024      5     12     08     08     00    000   9.75  -4.16  -1.67
2024      5     12     08     09     00    000   9.77  -4.16  -1.68
2024      5     12     08     10     00    000   9.78  -4.16  -1.68
2024      5     12     08     11     00    000   9.80  -4.15  -1.68
2024      5     12     08     12     00    000   9.81  -4.15  -1.69
2024      5     12     08     13     00    000   9.83  -4.14  -1.69
2024      5     12     08     14     00    000   9.84  -4.14  -1.69
2024      5     12     08     15     00    000   9.86  -4.14  -1.70
2024      5     12     08     16     00    000   9.87  -4.13  -1.70
2024      5     12     08     17     00    000   9.89  -4.13  -1.70
2024      5     12     08     18     00    000   9.90  -4.13  -1.70
2024      5     12     08     19     00    000   9.91  -4.12  -1.71
2024      5     12     08     20     00    000   9.93  -4.12  -1.71
2024      5     12     08     21     00    000   9.94  -4.12  -1.71
2024      5     12     08     22     00    000   9.96  -4.11  -1.72
2024      5     12     08     23     00    000   9.97  -4.11  -1.72
2024      5     12     08     24     00    000   9.99  -4.11  -1.72
2024      5     12     08     25     00    000  10.00  -4.10  -1.73
2024      5     12     08     26     00    000  10.01  -4.10  -1.73
2024      5     12     08     27     00    000  10.03  -4.09  -1.73
2024      5     12     08     28     00    000  10.04  -4.09  -1.73
2024      5     12     08     29     00    000  10.06  -4.09  -1.74
2024      5     12     08     30     00    000  10.07  -4.08  -1.74
2024      5     12     08     31     00    000  10.08  -4.08  -1.74
2024      5     12     08     32     00    000  10.10  -4.08  -1.75
2024      5     12     08     33     00    000  10.11  -4.07  -1.75
2024      5     12     08     34     00    000  10.12  -4.07  -1.75
2024      5     12     08     35     00    000  10.14  -4.06  -1.76
2024      5     12     08     36     00    000  10.15  -4.06  -1.76
2024      5     12     08     37     00    000  10.17  -4.06  -1.76
2024      5     12     08     38     00    000  10.18  -4.05  -1.77
2024      5     12     08     39     00    000  10.19  -4.05  -1.77
2024      5     12     08     40     00    000  10.21  -4.05  -1.77
2024      5     12     08     41     00    000  10.22  -4.04  -1.78
2024      5     12     08     42     00    000  10.23  -4.04  -1.78
2024      5     12     08     43     00    000  10.25  -4.03  -1.78
2024      5     12     08     44     00    000  10.26  -4.03  -1.79
2024      5     12     08     45     00    000  10.27  -4.03  -1.79
2024      5     12     08     46     00    000  10.29  -4.02  -1.79
2024      5     12     08     47     00    000  10.30  -4.02  -1.79
2024      5     12     08     48     00    000  10.31  -4.01  -1.80
2024      5     12     08     49     00    000  10.33  -4.01  -1.80
2024      5     12     08     50     00    000  10.34  -4.01  -1.80
2024      5     12     08     51     00    000  10.35  -4.00  -1.81
2024      5     12     08     52     00    000  10.37  -4.00  -1.81
2024      5     12     08     53     00    000  10.38  -3.99  -1.81
2024      5     12     08     54     00    000  10.39  -3.99  -1.82
2024      5     12     08     55     00    000  10.40  -3.98  -1.82
2024      5     12     08     56     00    000  10.42  -3.98  -1.82
2024      5     12     08     57     00    000  10.43  -3.98  -1.83
2024      5     12     08     58     00    000  10.44  -3.97  -1.83
2024      5     12     08     59     00    000  10.46  -3.97  -1.83
2024      5     12     09     00     00    000  10.47  -3.96  -1.84
2024      5     12     09     01     00    000  10.48  -3.96  -1.84
2024      5     12     09     02     00    000  10.49  -3.96  -1.84
2024      5     12     09     03     00    000  10.51  -3.95  -1.85
2024      5     12     09     04     00    000  10.52  -3.95  -1.85
2024      5     12     09     05     00    000  10.53  -3.94  -1.85
2024      5     12     09     06     00    000  10.54  -3.94  -1.86
2024      5     12     09     07     00    000  10.56  -3.93  -1.86
2024      5     12     09     08     00    000  10.57  -3.93  -1.86
2024      5     12     09     09     00    000  10.58  -3.92  -1.87
2024      5     12     09     10     00    000  10.59  -3.92  -1.87
2024      5     12     09     11     00    000  10.60  -3.92  -1.87
2024      5     12     09     12     00    000  10.62  -3.91  -1.88
2024      5     12     09     13     00    000  10.63  -3.91  -1.88
2024      5     12     09     14     00    000  10.64  -3.90  -1.88
2024      5     12     09     15     00    000  10.65  -3.90  -1.89
2024      5     12     09     16     00    000  10.67  -3.89  -1.89
2024      5     12     09     17     00    000  10.68  -3.89  -1.89
2024      5     12     09     18     00    000  10.69  -3.88  -1.90
2024      5     12     09     19     00    000  10.70  -3.88  -1.90
2024      5     12     09     20     00    000  10.71  -3.88  -1.90
2024      5     12     09     21     00    000  10.73  -3.87  -1.91
2024      5     12     09     22     00    000  10.74  -3.87  -1.91
2024      5     12     09     23     00    000  10.75  -3.86  -1.91
2024      5     12     09     24     00    000  10.76  -3.86  -1.92
2024      5     12     09     25     00    000  10.77  -3.85  -1.92
2024      5     12     09     26     00    000  10.78  -3.85  -1.92
2024      5     12     09     27     00    000  10.80  -3.84  -1.93
2024      5     12     09     28     00    000  10.81  -3.84  -1.93
2024      5     12     09     29     00    000  10.82  -3.83  -1.94
2024      5     12     09     30     00    000  10.83  -3.83  -1.94
2024      5     12     09     31     00    000  10.84  -3.82  -1.94
2024      5     12     09     32     00    000  10.85  -3.82  -1.95
2024      5     12     09     33     00    000  10.86  -3.81  -1.95
2024      5     12     09     34     00    000  10.88  -3.81  -1.95
2024      5     12     09     35     00    000  10.89  -3.80  -1.96
2024      5     12     09     36     00    000  10.90  -3.80  -1.96
2024      5     12     09     37     00    000  10.91  -3.80  -1.96
2024      5     12     09     38     00    000  10.92  -3.79  -1.97
2024      5     12     09     39     00    000  10.93  -3.79  -1.97
2024      5     12     09     40     00    000  10.94  -3.78  -1.97
2024      5     12     09     41     00    000  10.95  -3.78  -1.98
2024      5     12     09     42     00    000  10.97  -3.77  -1.98
2024      5     12     09     43     00    000  10.98  -3.77  -1.98
2024      5     12     09     44     00    000  10.99  -3.76  -1.99
2024      5     12     09     45     00    000  11.00  -3.76  -1.99
2024      5     12     09     46     00    000  11.01  -3.75  -2.00
2024      5     12     09     47     00    000  11.02  -3.75  -2.00
2024      5     12     09     48     00    000  11.03  -3.74  -2.00
2024      5     12     09     49     00    000  11.04  -3.74  -2.01
2024      5     12     09     50     00    000  11.05  -3.73  -2.01
2024      5     12     09     51     00    000  11.06  -3.73  -2.01
2024      5     12     09     52     00    000  11.07  -3.72  -2.02
2024      5     12     09     53     00    000  11.09  -3.72  -2.02
2024      5     12     09     54     00    000  11.10  -3.71  -2.02
2024      5     12     09     55     00    000  11.11  -3.71  -2.03
2024      5     12     09     56     00    000  11.12  -3.70  -2.03
2024      5     12     09     57     00    000  11.13  -3.69  -2.04
2024      5     12     09     58     00    000  11.14  -3.69  -2.04
2024      5     12     09     59     00    000  11.15  -3.68  -2.04
2024      5     12     10     00     00    000  11.16  -3.68  -2.05
2024      5     12     10     01     00    000  11.17  -3.67  -2.05
2024      5     12     10     02     00    000  11.18  -3.67  -2.05
2024      5     12     10     03     00    000  11.19  -3.66  -2.06
2024      5     12     10     04     00    000  11.20  -3.66  -2.06
2024      5     12     10     05     00    000  11.21  -3.65  -2.07
2024      5     12     10     06     00    000  11.22  -3.65  -2.07
2024      5     12     10     07     00    000  11.23  -3.64  -2.07
2024      5     12     10     08     00    000  11.24  -3.64  -2.08
2024      5     12     10     09     00    000  11.25  -3.63  -2.08
2024      5     12     10     10     00    000  11.26  -3.63  -2.08
2024      5     12     10     11     00    000  11.27  -3.62  -2.09
2024      5     12     10     12     00    000  11.28  -3.61  -2.09
2024      5     12     10     13     00    000  11.29  -3.61  -2.10
2024      5     12     10     14     00    000  11.30  -3.60  -2.10
2024      5     12     10     15     00    000  11.31  -3.60  -2.10
2024      5     12     10     16     00    000  11.32  -3.59  -2.11
2024      5     12     10     17     00    000  11.33  -3.59  -2.11
2024      5     12     10     18     00    000  11.34  -3.58  -2.11
2024      5     12     10     19     00    000  11.35  -3.58  -2.12
2024      5     12     10     20     00    000  11.36  -3.57  -2.12
2024      5     12     10     21     00    000  11.37  -3.57  -2.13
2024      5     12     10     22     00    000  11.38  -3.56  -2.13
2024      5     12     10     23     00    000  11.39  -3.55  -2.13
2024      5     12     10     24     00    000  11.40  -3.55  -2.14
2024      5     12     10     25     00    000  11.41  -3.54  -2.14
2024      5     12     10     26     00    000  11.42  -3.54  -2.15
2024      5     12     10     27     00    000  11.43  -3.53  -2.15
2024      5     12     10     28     00    000  11.44  -3.53  -2.15
2024      5     12     10     29     00    000  11.45  -3.52  -2.16
2024      5     12     10     30     00    000  11.45  -3.51  -2.16
2024      5     12     10     31     00    000  11.46  -3.51  -2.16
2024      5     12     10     32     00    000  11.47  -3.50  -2.17
2024      5     12     10     33     00    000  11.48  -3.50  -2.17
2024      5     12     10     34     00    000  11.49  -3.49  -2.18
2024      5     12     10     35     00    000  11.50  -3.49  -2.18
2024      5     12     10     36     00    000  11.51  -3.48  -2.18
2024      5     12     10     37     00    000  11.52  -3.47  -2.19
2024      5     12     10     38     00    000  11.53  -3.47  -2.19
2024      5     12     10     39     00    000  11.54  -3.46  -2.20
2024      5     12     10     40     00    000  11.55  -3.46  -2.20
2024      5     12     10     41     00    000  11.56  -3.45  -2.20
2024      5     12     10     42     00    000  11.56  -3.44  -2.21
2024      5     12     10     43     00    000  11.57  -3.44  -2.21
2024      5     12     10     44     00    000  11.58  -3.43  -2.22
2024      5     12     10     45     00    000  11.59  -3.43  -2.22
2024      5     12     10     46     00    000  11.60  -3.42  -2.22
2024      5     12     10     47     00    000  11.61  -3.41  -2.23
2024      5     12     10     48     00    000  11.62  -3.41  -2.23
2024      5     12     10     49     00    000  11.63  -3.40  -2.24
2024      5     12     10     50     00    000  11.63  -3.40  -2.24
2024      5     12     10     51     00    000  11.64  -3.39  -2.24
2024      5     12     10     52     00    000  11.65  -3.38  -2.25
2024      5     12     10     53     00    000  11.66  -3.38  -2.25
2024      5     12     10     54     00    000  11.67  -3.37  -2.26
2024      5     12     10     55     00    000  11.68  -3.37  -2.26
2024      5     12     10     56     00    000  11.69  -3.36  -2.26
2024      5     12     10     57     00    000  11.69  -3.35  -2.27
2024      5     12     10     58     00    000  11.70  -3.35  -2.27
2024      5     12     10     59     00    000  11.71  -3.34  -2.28
2024      5     12     11     00     00    000  11.72  -3.34  -2.28
2024      5     12     11     01     00    000  11.73  -3.33  -2.28
2024      5     12     11     02     00    000  11.74  -3.32  -2.29
2024      5     12     11     03     00    000  11.74  -3.32  -2.29
2024      5     12     11     04     00    000  11.75  -3.31  -2.30
2024      5     12     11     05     00    000  11.76  -3.30  -2.30
2024      5     12     11     06     00    000  11.77  -3.30  -2.30
2024      5     12     11     07     00    000  11.78  -3.29  -2.31
2024      5     12     11     08     00    000  11.78  -3.28  -2.31
2024      5     12     11     09     00    000  11.79  -3.28  -2.32
2024      5     12     11     10     00    000  11.80  -3.27  -2.32
2024      5     12     11     11     00    000  11.81  -3.27  -2.32
2024      5     12     11     12     00    000  11.82  -3.26  -2.33
2024      5     12     11     13     00    000  11.82  -3.25  -2.33
2024      5     12     11     14     00    000  11.83  -3.25  -2.34
2024      5     12     11     15     00    000  11.84  -3.24  -2.34
2024      5     12     11     16     00    000  11.85  -3.23  -2.34
2024      5     12     11     17     00    000  11.85  -3.23  -2.35
2024      5     12     11     18     00    000  11.86  -3.22  -2.35
2024      5     12     11     19     00    000  11.87  -3.21  -2.36
2024      5     12     11     20     00    000  11.88  -3.21  -2.36
2024      5     12     11     21     00    000  11.89  -3.20  -2.37
2024      5     12     11     22     00    000  11.89  -3.19  -2.37
2024      5     12     11     23     00    000  11.90  -3.19  -2.37
2024      5     12     11     24     00    000  11.91  -3.18  -2.38
2024      5     12     11     25     00    000  11.92  -3.17  -2.38
2024      5     12     11     26     00    000  11.92  -3.17  -2.39
2024      5     12     11     27     00    000  11.93  -3.16  -2.39
2024      5     12     11     28     00    000  11.94  -3.15  -2.39
2024      5     12     11     29     00    000  11.95  -3.15  -2.40
2024      5     12     11     30     00    000  11.95  -3.14  -2.40
2024      5     12     11     31     00    000  11.96  -3.13  -2.41
2024      5     12     11     32     00    000  11.97  -3.13  -2.41
2024      5     12     11     33     00    000  11.97  -3.12  -2.41
2024      5     12     11     34     00    000  11.98  -3.11  -2.42
2024      5     12     11     35     00    000  11.99  -3.11  -2.42
2024      5     12     11     36     00    000  12.00  -3.10  -2.43
2024      5     12     11     37     00    000  12.00  -3.09  -2.43
2024      5     12     11     38     00    000  12.01  -3.09  -2.44
2024      5     12     11     39     00    000  12.02  -3.08  -2.44
2024      5     12     11     40     00    000  12.02  -3.07  -2.44
2024      5     12     11     41     00    000  12.03  -3.07  -2.45
2024      5     12     11     42     00    000  12.04  -3.06  -2.45
2024      5     12     11     43     00    000  12.04  -3.05  -2.46
2024      5     12     11     44     00    000  12.05  -3.04  -2.46
2024      5     12     11     45     00    000  12.06  -3.04  -2.46
2024      5     12     11     46     00    000  12.07  -3.03  -2.47
2024      5     12     11     47     00    000  12.07  -3.02  -2.47
2024      5     12     11     48     00    000  12.08  -3.02  -2.48
2024      5     12     11     49     00    000  12.09  -3.01  -2.48
2024      5     12     11     50     00    000  12.09  -3.00  -2.49
2024      5     12     11     51     00    000  12.10  -3.00  -2.49
2024      5     12     11     52     00    000  12.11  -2.99  -2.49
2024      5     12     11     53     00    000  12.11  -2.98  -2.50
2024      5     12     11     54     00    000  12.12  -2.97  -2.50
2024      5     12     11     55     00    000  12.12  -2.97  -2.51
2024      5     12     11     56     00    000  12.13  -2.96  -2.51
2024      5     12     11     57     00    000  12.14  -2.95  -2.51
2024      5     12     11     58     00    000  12.14  -2.94  -2.52
2024      5     12     11     59     00    000  12.15  -2.94  -2.52
2024      5     12     12     00     00    000  12.16  -2.93  -2.53
2024      5     12     12     01     00    000  12.16  -2.92  -2.53
2024      5     12     12     02     00    000  12.17  -2.92  -2.54
2024      5     12     12     03     00    000  12.18  -2.91  -2.54
2024      5     12     12     04     00    000  12.18  -2.90  -2.54
2024      5     12     12     05     00    000  12.19  -2.89  -2.55
2024      5     12     12     06     00    000  12.19  -2.89  -2.55
2024      5     12     12     07     00    000  12.20  -2.88  -2.56
2024      5     12     12     08     00    000  12.21  -2.87  -2.56
2024      5     12     12     09     00    000  12.21  -2.86  -2.56
2024      5     12     12     10     00    000  12.22  -2.86  -2.57
2024      5     12     12     11     00    000  12.22  -2.85  -2.57
2024      5     12     12     12     00    000  12.23  -2.84  -2.58
2024      5     12     12     13     00    000  12.24  -2.83  -2.58
2024      5     12     12     14     00    000  12.24  -2.83  -2.59
2024      5     12     12     15     00    000  12.25  -2.82  -2.59
2024      5     12     12     16     00    000  12.25  -2.81  -2.59
2024      5     12     12     17     00    000  12.26  -2.80  -2.60
2024      5     12     12     18     00    000  12.27  -2.80  -2.60
2024      5     12     12     19     00    000  12.27  -2.79  -2.61
2024      5     12     12     20     00    000  12.28  -2.78  -2.61
2024      5     12     12     21     00    000  12.28  -2.77  -2.61
2024      5     12     12     22     00    000  12.29  -2.77  -2.62
2024      5     12     12     23     00    000  12.29  -2.76  -2.62
2024      5     12     12     24     00    000  12.30  -2.75  -2.63
2024      5     12     12     25     00    000  12.30  -2.74  -2.63
2024      5     12     12     26     00    000  12.31  -2.74  -2.64
2024      5     12     12     27     00    000  12.32  -2.73  -2.64
2024      5     12     12     28     00    000  12.32  -2.72  -2.64
2024      5     12     12     29     00    000  12.33  -2.71  -2.65
2024      5     12     12     30     00    000  12.33  -2.70  -2.65
2024      5     12     12     31     00    000  12.34  -2.70  -2.66
2024      5     12     12     32     00    000  12.34  -2.69  -2.66
2024      5     12     12     33     00    000  12.35  -2.68  -2.66
2024      5     12     12     34     00    000  12.35  -2.67  -2.67
2024      5     12     12     35     00    000  12.36  -2.67  -2.67
2024      5     12     12     36     00    000  12.36  -2.66  -2.68
2024      5     12     12     37     00    000  12.37  -2.65  -2.68
2024      5     12     12     38     00    000  12.37  -2.64  -2.69
2024      5     12     12     39     00    000  12.38  -2.63  -2.69
2024      5     12     12     40     00    000  12.38  -2.63  -2.69
2024      5     12     12     41     00    000  12.39  -2.62  -2.70
2024      5     12     12     42     00    000  12.39  -2.61  -2.70
2024      5     12     12     43     00    000  12.40  -2.60  -2.71
2024      5     12     12     44     00    000  12.40  -2.59  -2.71
2024      5     12     12     45     00    000  12.41  -2.59  -2.71
2024      5     12     12     46     00    000  12.41  -2.58  -2.72
2024      5     12     12     47     00    000  12.42  -2.57  -2.72
2024      5     12     12     48     00    000  12.42  -2.56  -2.73
2024      5     12     12     49     00    000  12.43  -2.55  -2.73
2024      5     12     12     50     00    000  12.43  -2.55  -2.73
2024      5     12     12     51     00    000  12.44  -2.54  -2.74
2024      5     12     12     52     00    000  12.44  -2.53  -2.74
2024      5     12     12     53     00    000  12.45  -2.52  -2.75
2024      5     12     12     54     00    000  12.45  -2.51  -2.75
2024      5     12     12     55     00    000  12.46  -2.50  -2.75
2024      5     12     12     56     00    000  12.46  -2.50  -2.76
2024      5     12     12     57     00    000  12.46  -2.49  -2.76
2024      5     12     12     58     00    000  12.47  -2.48  -2.77
2024      5     12     12     59     00    000  12.47  -2.47  -2.77
2024      5     12     13     00     00    000  12.48  -2.46  -2.77
2024      5     12     13     01     00    000  12.48  -2.45  -2.78
2024      5     12     13     02     00    000  12.49  -2.45  -2.78
2024      5     12     13     03     00    000  12.49  -2.44  -2.79
2024      5     12     13     04     00    000  12.50  -2.43  -2.79
2024      5     12     13     05     00    000  12.50  -2.42  -2.79
2024      5     12     13     06     00    000  12.50  -2.41  -2.80
2024      5     12     13     07     00    000  12.51  -2.40  -2.80
2024      5     12     13     08     00    000  12.51  -2.40  -2.81
2024      5     12     13     09     00    000  12.52  -2.39  -2.81
2024      5     12     13     10     00    000  12.52  -2.38  -2.81
2024      5     12     13     11     00    000  12.53  -2.37  -2.82
2024      5     12     13     12     00    000  12.53  -2.36  -2.82
2024      5     12     13     13     00    000  12.53  -2.35  -2.83
2024      5     12     13     14     00    000  12.54  -2.34  -2.83
2024      5     12     13     15     00    000  12.54  -2.34  -2.83
2024      5     12     13     16     00    000  12.55  -2.33  -2.84
2024      5     12     13     17     00    000  12.55  -2.32  -2.84
2024      5     12     13     18     00    000  12.55  -2.31  -2.85
2024      5     12     13     19     00    000  12.56  -2.30  -2.85
2024      5     12     13     20     00    000  12.56  -2.29  -2.85
2024      5     12     13     21     00    000  12.56  -2.28  -2.86
2024      5     12     13     22     00    000  12.57  -2.28  -2.86
2024      5     12     13     23     00    000  12.57  -2.27  -2.87
2024      5     12     13     24     00    000  12.58  -2.26  -2.87
2024      5     12     13     25     00    000  12.58  -2.25  -2.87
2024      5     12     13     26     00    000  12.58  -2.24  -2.88
2024      5     12     13     27     00    000  12.59  -2.23  -2.88
2024      5     12     13     28     00    000  12.59  -2.22  -2.89
2024      5     12     13     29     00    000  12.59  -2.21  -2.89
2024      5     12     13     30     00    000  12.60  -2.21  -2.89
2024      5     12     13     31     00    000  12.60  -2.20  -2.90
2024      5     12     13     32     00    000  12.60  -2.19  -2.90
2024      5     12     13     33     00    000  12.61  -2.18  -2.90
2024      5     12     13     34     00    000  12.61  -2.17  -2.91
2024      5     12     13     35     00    000  12.61  -2.16  -2.91
2024      5     12     13     36     00    000  12.62  -2.15  -2.92
2024      5     12     13     37     00    000  12.62  -2.14  -2.92
2024      5     12     13     38     00    000  12.62  -2.13  -2.92
2024      5     12     13     39     00    000  12.63  -2.13  -2.93
2024      5     12     13     40     00    000  12.63  -2.12  -2.93
2024      5     12     13     41     00    000  12.63  -2.11  -2.93
2024      5     12     13     42     00    000  12.64  -2.10  -2.94
2024      5     12     13     43     00    000  12.64  -2.09  -2.94
2024      5     12     13     44     00    000  12.64  -2.08  -2.95
2024      5     12     13     45     00    000  12.65  -2.07  -2.95
2024      5     12     13     46     00    000  12.65  -2.06  -2.95
2024      5     12     13     47     00    000  12.65  -2.05  -2.96
2024      5     12     13     48     00    000  12.65  -2.04  -2.96
2024      5     12     13     49     00    000  12.66  -2.04  -2.96
2024      5     12     13     50     00    000  12.66  -2.03  -2.97
2024      5     12     13     51     00    000  12.66  -2.02  -2.97
2024      5     12     13     52     00    000  12.67  -2.01  -2.97
2024      5     12     13     53     00    000  12.67  -2.00  -2.98
2024      5     12     13     54     00    000  12.67  -1.99  -2.98
2024      5     12     13     55     00    000  12.67  -1.98  -2.99
2024      5     12     13     56     00    000  12.68  -1.97  -2.99
2024      5     12     13     57     00    000  12.68  -1.96  -2.99
2024      5     12     13     58     00    000  12.68  -1.95  -3.00
2024      5     12     13     59     00    000  12.69  -1.94  -3.00
2024      5     12     14     00     00    000  12.69  -1.93  -3.00
2024      5     12     14     01     00    000  12.69  -1.92  -3.01
2024      5     12     14     02     00    000  12.69  -1.91  -3.01
2024      5     12     14     03     00    000  12.70  -1.91  -3.01
2024      5     12     14     04     00    000  12.70  -1.90  -3.02
2024      5     12     14     05     00    000  12.70  -1.89  -3.02
2024      5     12     14     06     00    000  12.70  -1.88  -3.02
2024      5     12     14     07     00    000  12.71  -1.87  -3.03
2024      5     12     14     08     00    000  12.71  -1.86  -3.03
2024      5     12     14     09     00    000  12.71  -1.85  -3.03
2024      5     12     14     10     00    000  12.71  -1.84  -3.04
2024      5     12     14     11     00    000  12.71  -1.83  -3.04
2024      5     12     14     12     00    000  12.72  -1.82  -3.04
2024      5     12     14     13     00    000  12.72  -1.81  -3.05
2024      5     12     14     14     00    000  12.72  -1.80  -3.05
2024      5     12     14     15     00    000  12.72  -1.79  -3.05
2024      5     12     14     16     00    000  12.73  -1.78  -3.06
2024      5     12     14     17     00    000  12.73  -1.77  -3.06
2024      5     12     14     18     00    000  12.73  -1.76  -3.06
2024      5     12     14     19     00    000  12.73  -1.75  -3.07
2024      5     12     14     20     00    000  12.73  -1.74  -3.07
2024      5     12     14     21     00    000  12.74  -1.73  -3.07
2024      5     12     14     22     00    000  12.74  -1.72  -3.08
2024      5     12     14     23     00    000  12.74  -1.71  -3.08
2024      5     12     14     24     00    000  12.74  -1.71  -3.08
2024      5     12     14     25     00    000  12.74  -1.70  -3.09
2024      5     12     14     26     00    000  12.74  -1.69  -3.09
2024      5     12     14     27     00    000  12.75  -1.68  -3.09
2024      5     12     14     28     00    000  12.75  -1.67  -3.10
2024      5     12     14     29     00    000  12.75  -1.66  -3.10
2024      5     12     14     30     00    000  12.75  -1.65  -3.10
2024      5     12     14     31     00    000  12.75  -1.64  -3.11
2024      5     12     14     32     00    000  12.75  -1.63  -3.11
2024      5     12     14     33     00    000  12.76  -1.62  -3.11
2024      5     12     14     34     00    000  12.76  -1.61  -3.12
2024      5     12     14     35     00    000  12.76  -1.60  -3.12
2024      5     12     14     36     00    000  12.76  -1.59  -3.12
2024      5     12     14     37     00    000  12.76  -1.58  -3.12
2024      5     12     14     38     00    000  12.76  -1.57  -3.13
2024      5     12     14     39     00    000  12.77  -1.56  -3.13
2024      5     12     14     40     00    000  12.77  -1.55  -3.13
2024      5     12     14     41     00    000  12.77  -1.54  -3.14
2024      5     12     14     42     00    000  12.77  -1.53  -3.14
2024      5     12     14     43     00    000  12.77  -1.52  -3.14
2024      5     12     14     44     00    000  12.77  -1.51  -3.15
2024      5     12     14     45     00    000  12.77  -1.50  -3.15
2024      5     12     14     46     00    000  12.77  -1.49  -3.15
2024      5     12     14     47     00    000  12.78  -1.48  -3.15
2024      5     12     14     48     00    000  12.78  -1.47  -3.16
2024      5     12     14     49     00    000  12.78  -1.46  -3.16
2024      5     12     14     50     00    000  12.78  -1.45  -3.16
2024      5     12     14     51     00    000  12.78  -1.44  -3.17
2024      5     12     14     52     00    000  12.78  -1.43  -3.17
2024      5     12     14     53     00    000  12.78  -1.42  -3.17
2024      5     12     14     54     00    000  12.78  -1.41  -3.17
2024      5     12     14     55     00    000  12.78  -1.40  -3.18
2024      5     12     14     56     00    000  12.78  -1.39  -3.18
2024      5     12     14     57     00    000  12.79  -1.38  -3.18
2024      5     12     14     58     00    000  12.79  -1.37  -3.18
2024      5     12     14     59     00    000  12.79  -1.36  -3.19
2024      5     12     15     00     00    000  12.79  -1.35  -3.19
2024      5     12     15     01     00    000  12.79  -1.34  -3.19
2024      5     12     15     02     00    000  12.79  -1.33  -3.19
2024      5     12     15     03     00    000  12.79  -1.32  -3.20
2024      5     12     15     04     00    000  12.79  -1.31  -3.20
2024      5     12     15     05     00    000  12.79  -1.30  -3.20
2024      5     12     15     06     00    000  12.79  -1.29  -3.21
2024      5     12     15     07     00    000  12.79  -1.28  -3.21
2024      5     12     15     08     00    000  12.79  -1.27  -3.21
2024      5     12     15     09     00    000  12.79  -1.26  -3.21
2024      5     12     15     10     00    000  12.79  -1.24  -3.22
2024      5     12     15     11     00    000  12.79  -1.23  -3.22
2024      5     12     15     12     00    000  12.79  -1.22  -3.22
2024      5     12     15     13     00    000  12.79  -1.21  -3.22
2024      5     12     15     14     00    000  12.80  -1.20  -3.22
2024      5     12     15     15     00    000  12.80  -1.19  -3.23
2024      5     12     15     16     00    000  12.80  -1.18  -3.23
2024      5     12     15     17     00    000  12.80  -1.17  -3.23
2024      5     12     15     18     00    000  12.80  -1.16  -3.23
2024      5     12     15     19     00    000  12.80  -1.15  -3.24
2024      5     12     15     20     00    000  12.80  -1.14  -3.24
2024      5     12     15     21     00    000  12.80  -1.13  -3.24
2024      5     12     15     22     00    000  12.80  -1.12  -3.24
2024      5     12     15     23     00    000  12.80  -1.11  -3.25
2024      5     12     15     24     00    000  12.80  -1.10  -3.25
2024      5     12     15     25     00    000  12.80  -1.09  -3.25
2024      5     12     15     26     00    000  12.80  -1.08  -3.25
2024      5     12     15     27     00    000  12.80  -1.07  -3.25
2024      5     12     15     28     00    000  12.80  -1.06  -3.26
2024      5     12     15     29     00    000  12.80  -1.05  -3.26
2024      5     12     15     30     00    000  12.80  -1.04  -3.26
2024      5     12     15     31     00    000  12.80  -1.03  -3.26
2024      5     12     15     32     00    000  12.80  -1.02  -3.26
2024      5     12     15     33     00    000  12.80  -1.01  -3.27
2024      5     12     15     34     00    000  12.80  -0.99  -3.27
2024      5     12     15     35     00    000  12.80  -0.98  -3.27
2024      5     12     15     36     00    000  12.80  -0.97  -3.27
2024      5     12     15     37     00    000  12.79  -0.96  -3.27
2024      5     12     15     38     00    000  12.79  -0.95  -3.28
2024      5     12     15     39     00    000  12.79  -0.94  -3.28
2024      5     12     15     40     00    000  12.79  -0.93  -3.28
2024      5     12     15     41     00    000  12.79  -0.92  -3.28
2024      5     12     15     42     00    000  12.79  -0.91  -3.28
2024      5     12     15     43     00    000  12.79  -0.90  -3.29
2024      5     12     15     44     00    000  12.79  -0.89  -3.29
2024      5     12     15     45     00    000  12.79  -0.88  -3.29
2024      5     12     15     46     00    000  12.79  -0.87  -3.29
2024      5     12     15     47     00    000  12.79  -0.86  -3.29
2024      5     12     15     48     00    000  12.79  -0.85  -3.29
2024      5     12     15     49     00    000  12.79  -0.84  -3.30
2024      5     12     15     50     00    000  12.79  -0.82  -3.30
2024      5     12     15     51     00    000  12.79  -0.81  -3.30
2024      5     12     15     52     00    000  12.79  -0.80  -3.30
2024      5     12     15     53     00    000  12.79  -0.79  -3.30
2024      5     12     15     54     00    000  12.78  -0.78  -3.30
2024      5     12     15     55     00    000  12.78  -0.77  -3.31
2024      5     12     15     56     00    000  12.78  -0.76  -3.31
2024      5     12     15     57     00    000  12.78  -0.75  -3.31
2024      5     12     15     58     00    000  12.78  -0.74  -3.31
2024      5     12     15     59     00    000  12.78  -0.73  -3.31
2024      5     12     16     00     00    000  12.78  -0.72  -3.31
2024      5     12     16     01     00    000  12.78  -0.71  -3.31
2024      5     12     16     02     00    000  12.78  -0.70  -3.32
2024      5     12     16     03     00    000  12.78  -0.69  -3.32
2024      5     12     16     04     00    000  12.77  -0.67  -3.32
2024      5     12     16     05     00    000  12.77  -0.66  -3.32
2024      5     12     16     06     00    000  12.77  -0.65  -3.32
2024      5     12     16     07     00    000  12.77  -0.64  -3.32
2024      5     12     16     08     00    000  12.77  -0.63  -3.32
2024      5     12     16     09     00    000  12.77  -0.62  -3.33
2024      5     12     16     10     00    000  12.77  -0.61  -3.33
2024      5     12     16     11     00    000  12.76  -0.60  -3.33
2024      5     12     16     12     00    000  12.76  -0.59  -3.33
2024      5     12     16     13     00    000  12.76  -0.58  -3.33
2024      5     12     16     14     00    000  12.76  -0.57  -3.33
2024      5     12     16     15     00    000  12.76  -0.56  -3.33
2024      5     12     16     16     00    000  12.76  -0.55  -3.33
2024      5     12     16     17     00    000  12.76  -0.53  -3.33
2024      5     12     16     18     00    000  12.75  -0.52  -3.34
2024      5     12     16     19     00    000  12.75  -0.51  -3.34
2024      5     12     16     20     00    000  12.75  -0.50  -3.34
2024      5     12     16     21     00    000  12.75  -0.49  -3.34
2024      5     12     16     22     00    000  12.75  -0.48  -3.34
2024      5     12     16     23     00    000  12.75  -0.47  -3.34
2024      5     12     16     24     00    000  12.74  -0.46  -3.34
2024      5     12     16     25     00    000  12.74  -0.45  -3.34
2024      5     12     16     26     00    000  12.74  -0.44  -3.34
2024      5     12     16     27     00    000  12.74  -0.43  -3.34
2024      5     12     16     28     00    000  12.74  -0.41  -3.34
2024      5     12     16     29     00    000  12.73  -0.40  -3.35
2024      5     12     16     30     00    000  12.73  -0.39  -3.35
2024      5     12     16     31     00    000  12.73  -0.38  -3.35
2024      5     12     16     32     00    000  12.73  -0.37  -3.35
2024      5     12     16     33     00    000  12.73  -0.36  -3.35
2024      5     12     16     34     00    000  12.72  -0.35  -3.35
2024      5     12     16     35     00    000  12.72  -0.34  -3.35
2024      5     12     16     36     00    000  12.72  -0.33  -3.35
2024      5     12     16     37     00    000  12.72  -0.32  -3.35
2024      5     12     16     38     00    000  12.72  -0.31  -3.35
2024      5     12     16     39     00    000  12.71  -0.29  -3.35
2024      5     12     16     40     00    000  12.71  -0.28  -3.35
2024      5     12     16     41     00    000  12.71  -0.27  -3.35
2024      5     12     16     42     00    000  12.71  -0.26  -3.35
2024      5     12     16     43     00    000  12.70  -0.25  -3.35
2024      5     12     16     44     00    000  12.70  -0.24  -3.35
2024      5     12     16     45     00    000  12.70  -0.23  -3.35
2024      5     12     16     46     00    000  12.70  -0.22  -3.35
2024      5     12     16     47     00    000  12.69  -0.21  -3.36
2024      5     12     16     48     00    000  12.69  -0.20  -3.36
2024      5     12     16     49     00    000  12.69  -0.19  -3.36
2024      5     12     16     50     00    000  12.69  -0.17  -3.36
2024      5     12     16     51     00    000  12.68  -0.16  -3.36
2024      5     12     16     52     00    000  12.68  -0.15  -3.36
2024      5     12     16     53     00    000  12.68  -0.14  -3.36
2024      5     12     16     54     00    000  12.68  -0.13  -3.36
2024      5     12     16     55     00    000  12.67  -0.12  -3.36
2024      5     12     16     56     00    000  12.67  -0.11  -3.36
2024      5     12     16     57     00    000  12.67  -0.10  -3.36
2024      5     12     16     58     00    000  12.67  -0.09  -3.36
2024      5     12     16     59     00    000  12.66  -0.08  -3.36
2024      5     12     17     00     00    000  12.66  -0.07  -3.36
2024      5     12     17     01     00    000  12.66  -0.05  -3.36
2024      5     12     17     02     00    000  12.65  -0.04  -3.36
2024      5     12     17     03     00    000  12.65  -0.03  -3.36
2024      5     12     17     04     00    000  12.65  -0.02  -3.36
2024      5     12     17     05     00    000  12.64  -0.01  -3.36
2024      5     12     17     06     00    000  12.64   0.00  -3.36
2024      5     12     17     07     00    000  12.64   0.01  -3.36
2024      5     12     17     08     00    000  12.64   0.02  -3.36
2024      5     12     17     09     00    000  12.63   0.03  -3.36
2024      5     12     17     10     00    000  12.63   0.04  -3.36
2024      5     12     17     11     00    000  12.63   0.05  -3.36
2024      5     12     17     12     00    000  12.62   0.07  -3.36
2024      5     12     17     13     00    000  12.62   0.08  -3.36
2024      5     12     17     14     00    000  12.62   0.09  -3.36
2024      5     12     17     15     00    000  12.61   0.10  -3.36
2024      5     12     17     16     00    000  12.61   0.11  -3.36
2024      5     12     17     17     00    000  12.61   0.12  -3.36
2024      5     12     17     18     00    000  12.60   0.13  -3.35
2024      5     12     17     19     00    000  12.60   0.14  -3.35
2024      5     12     17     20     00    000  12.60   0.15  -3.35
2024      5     12     17     21     00    000  12.59   0.16  -3.35
2024      5     12     17     22     00    000  12.59   0.17  -3.35
2024      5     12     17     23     00    000  12.58   0.19  -3.35
2024      5     12     17     24     00    000  12.58   0.20  -3.35
2024      5     12     17     25     00    000  12.58   0.21  -3.35
2024      5     12     17     26     00    000  12.57   0.22  -3.35
2024      5     12     17     27     00    000  12.57   0.23  -3.35
2024      5     12     17     28     00    000  12.57   0.24  -3.35
2024      5     12     17     29     00    000  12.56   0.25  -3.35
2024      5     12     17     30     00    000  12.56   0.26  -3.35
2024      5     12     17     31     00    000  12.55   0.27  -3.35
2024      5     12     17     32     00    000  12.55   0.28  -3.35
2024      5     12     17     33     00    000  12.55   0.29  -3.35
2024      5     12     17     34     00    000  12.54   0.31  -3.35
2024      5     12     17     35     00    000  12.54   0.32  -3.34
2024      5     12     17     36     00    000  12.53   0.33  -3.34
2024      5     12     17     37     00    000  12.53   0.34  -3.34
2024      5     12     17     38     00    000  12.53   0.35  -3.34
2024      5     12     17     39     00    000  12.52   0.36  -3.34
2024      5     12     17     40     00    000  12.52   0.37  -3.34
2024      5     12     17     41     00    000  12.51   0.38  -3.34
2024      5     12     17     42     00    000  12.51   0.39  -3.34
2024      5     12     17     43     00    000  12.51   0.40  -3.34
2024      5     12     17     44     00    000  12.50   0.41  -3.34
2024      5     12     17     45     00    000  12.50   0.42  -3.34
2024      5     12     17     46     00    000  12.49   0.43  -3.33
2024      5     12     17     47     00    000  12.49   0.45  -3.33
2024      5     12     17     48     00    000  12.48   0.46  -3.33
2024      5     12     17     49     00    000  12.48   0.47  -3.33
2024      5     12     17     50     00    000  12.48   0.48  -3.33
2024      5     12     17     51     00    000  12.47   0.49  -3.33
2024      5     12     17     52     00    000  12.47   0.50  -3.33
2024      5     12     17     53     00    000  12.46   0.51  -3.33
2024      5     12     17     54     00    000  12.46   0.52  -3.33
2024      5     12     17     55     00    000  12.45   0.53  -3.32
2024      5     12     17     56     00    000  12.45   0.54  -3.32
2024      5     12     17     57     00    000  12.44   0.55  -3.32
2024      5     12     17     58     00    000  12.44   0.56  -3.32
2024      5     12     17     59     00    000  12.43   0.57  -3.32
2024      5     12     18     00     00    000  12.43   0.59  -3.32
2024      5     12     18     01     00    000  12.42   0.60  -3.32
2024      5     12     18     02     00    000  12.42   0.61  -3.32
2024      5     12     18     03     00    000  12.41   0.62  -3.31
2024      5     12     18     04     00    000  12.41   0.63  -3.31
2024      5     12     18     05     00    000  12.40   0.64  -3.31
2024      5     12     18     06     00    000  12.40   0.65  -3.31
2024      5     12     18     07     00    000  12.39   0.66  -3.31
2024      5     12     18     08     00    000  12.39   0.67  -3.31
2024      5     12     18     09     00    000  12.38   0.68  -3.31
2024      5     12     18     10     00    000  12.38   0.69  -3.30
2024      5     12     18     11     00    000  12.37   0.70  -3.30
2024      5     12     18     12     00    000  12.37   0.71  -3.30
2024      5     12     18     13     00    000  12.36   0.72  -3.30
2024      5     12     18     14     00    000  12.36   0.73  -3.30
2024      5     12     18     15     00    000  12.35   0.74  -3.30
2024      5     12     18     16     00    000  12.35   0.75  -3.29
2024      5     12     18     17     00    000  12.34   0.77  -3.29
2024      5     12     18     18     00    000  12.34   0.78  -3.29
2024      5     12     18     19     00    000  12.33   0.79  -3.29
2024      5     12     18     20     00    000  12.33   0.80  -3.29
2024      5     12     18     21     00    000  12.32   0.81  -3.29
2024      5     12     18     22     00    000  12.32   0.82  -3.28
2024      5     12     18     23     00    000  12.31   0.83  -3.28
2024      5     12     18     24     00    000  12.31   0.84  -3.28
2024      5     12     18     25     00    000  12.30   0.85  -3.28
2024      5     12     18     26     00    000  12.29   0.86  -3.28
2024      5     12     18     27     00    000  12.29   0.87  -3.27
2024      5     12     18     28     00    000  12.28   0.88  -3.27
2024      5     12     18     29     00    000  12.28   0.89  -3.27
2024      5     12     18     30     00    000  12.27   0.90  -3.27
2024      5     12     18     31     00    000  12.27   0.91  -3.27
2024      5     12     18     32     00    000  12.26   0.92  -3.26
2024      5     12     18     33     00    000  12.25   0.93  -3.26
2024      5     12     18     34     00    000  12.25   0.94  -3.26
2024      5     12     18     35     00    000  12.24   0.95  -3.26
2024      5     12     18     36     00    000  12.24   0.96  -3.26
2024      5     12     18     37     00    000  12.23   0.97  -3.25
2024      5     12     18     38     00    000  12.22   0.98  -3.25
2024      5     12     18     39     00    000  12.22   0.99  -3.25
2024      5     12     18     40     00    000  12.21   1.01  -3.25
2024      5     12     18     41     00    000  12.21   1.02  -3.25
2024      5     12     18     42     00    000  12.20   1.03  -3.24
2024      5     12     18     43     00    000  12.19   1.04  -3.24
2024      5     12     18     44     00    000  12.19   1.05  -3.24
2024      5     12     18     45     00    000  12.18   1.06  -3.24
2024      5     12     18     46     00    000  12.17   1.07  -3.23
2024      5     12     18     47     00    000  12.17   1.08  -3.23
2024      5     12     18     48     00    000  12.16   1.09  -3.23
2024      5     12     18     49     00    000  12.16   1.10  -3.23
2024      5     12     18     50     00    000  12.15   1.11  -3.22
2024      5     12     18     51     00    000  12.14   1.12  -3.22
2024      5     12     18     52     00    000  12.14   1.13  -3.22
2024      5     12     18     53     00    000  12.13   1.14  -3.22
2024      5     12     18     54     00    000  12.12   1.15  -3.22
2024      5     12     18     55     00    000  12.12   1.16  -3.21
2024      5     12     18     56     00    000  12.11   1.17  -3.21
2024      5     12     18     57     00    000  12.10   1.18  -3.21
2024      5     12     18     58     00    000  12.10   1.19  -3.21
2024      5     12     18     59     00    000  12.09   1.20  -3.20
2024      5     12     19     00     00    000  12.08   1.21  -3.20
2024      5     12     19     01     00    000  12.08   1.22  -3.20
2024      5     12     19     02     00    000  12.07   1.23  -3.19
2024      5     12     19     03     00    000  12.06   1.24  -3.19
2024      5     12     19     04     00    000  12.06   1.25  -3.19
2024      5     12     19     05     00    000  12.05   1.26  -3.19
2024      5     12     19     06     00    000  12.04   1.27  -3.18
2024      5     12     19     07     00    000  12.04   1.28  -3.18
2024      5     12     19     08     00    000  12.03   1.29  -3.18
2024      5     12     19     09     00    000  12.02   1.30  -3.18
2024      5     12     19     10     00    000  12.01   1.31  -3.17
2024      5     12     19     11     00    000  12.01   1.32  -3.17
2024      5     12     19     12     00    000  12.00   1.33  -3.17
2024      5     12     19     13     00    000  11.99   1.34  -3.17
2024      5     12     19     14     00    000  11.99   1.35  -3.16
2024      5     12     19     15     00    000  11.98   1.36  -3.16
2024      5     12     19     16     00    000  11.97   1.37  -3.16
2024      5     12     19     17     00    000  11.96   1.38  -3.15
2024      5     12     19     18     00    000  11.96   1.39  -3.15
2024      5     12     19     19     00    000  11.95   1.40  -3.15
2024      5     12     19     20     00    000  11.94   1.41  -3.15
2024      5     12     19     21     00    000  11.93   1.42  -3.14
2024      5     12     19     22     00    000  11.93   1.43  -3.14
2024      5     12     19     23     00    000  11.92   1.44  -3.14
2024      5     12     19     24     00    000  11.91   1.45  -3.13
2024      5     12     19     25     00    000  11.90   1.46  -3.13
2024      5     12     19     26     00    000  11.90   1.47  -3.13
2024      5     12     19     27     00    000  11.89   1.48  -3.12
2024      5     12     19     28     00    000  11.88   1.48  -3.12
2024      5     12     19     29     00    000  11.87   1.49  -3.12
2024      5     12     19     30     00    000  11.87   1.50  -3.12
2024      5     12     19     31     00    000  11.86   1.51  -3.11
2024      5     12     19     32     00    000  11.85   1.52  -3.11
2024      5     12     19     33     00    000  11.84   1.53  -3.11
2024      5     12     19     34     00    000  11.83   1.54  -3.10
2024      5     12     19     35     00    000  11.83   1.55  -3.10
2024      5     12     19     36     00    000  11.82   1.56  -3.10
2024      5     12     19     37     00    000  11.81   1.57  -3.09
2024      5     12     19     38     00    000  11.80   1.58  -3.09
2024      5     12     19     39     00    000  11.79   1.59  -3.09
2024      5     12     19     40     00    000  11.79   1.60  -3.08
2024      5     12     19     41     00    000  11.78   1.61  -3.08
2024      5     12     19     42     00    000  11.77   1.62  -3.08
2024      5     12     19     43     00    000  11.76   1.63  -3.07
2024      5     12     19     44     00    000  11.75   1.64  -3.07
2024      5     12     19     45     00    000  11.75   1.65  -3.07
2024      5     12     19     46     00    000  11.74   1.66  -3.07
2024      5     12     19     47     00    000  11.73   1.67  -3.06
2024      5     12     19     48     00    000  11.72   1.67  -3.06
2024      5     12     19     49     00    000  11.71   1.68  -3.06
2024      5     12     19     50     00    000  11.70   1.69  -3.05
2024      5     12     19     51     00    000  11.69   1.70  -3.05
2024      5     12     19     52     00    000  11.69   1.71  -3.05
2024      5     12     19     53     00    000  11.68   1.72  -3.04
2024      5     12     19     54     00    000  11.67   1.73  -3.04
2024      5     12     19     55     00    000  11.66   1.74  -3.04
2024      5     12     19     56     00    000  11.65   1.75  -3.03
2024      5     12     19     57     00    000  11.64   1.76  -3.03
2024      5     12     19     58     00    000  11.63   1.77  -3.02
2024      5     12     19     59     00    000  11.63   1.78  -3.02
2024      5     12     20     00     00    000  11.62   1.79  -3.02
2024      5     12     20     01     00    000  11.61   1.79  -3.01
2024      5     12     20     02     00    000  11.60   1.80  -3.01
2024      5     12     20     03     00    000  11.59   1.81  -3.01
2024      5     12     20     04     00    000  11.58   1.82  -3.00
2024      5     12     20     05     00    000  11.57   1.83  -3.00
2024      5     12     20     06     00    000  11.56   1.84  -3.00
2024      5     12     20     07     00    000  11.55   1.85  -2.99
2024      5     12     20     08     00    000  11.54   1.86  -2.99
2024      5     12     20     09     00    000  11.54   1.87  -2.99
2024      5     12     20     10     00    000  11.53   1.88  -2.98
2024      5     12     20     11     00    000  11.52   1.89  -2.98
2024      5     12     20     12     00    000  11.51   1.89  -2.98
2024      5     12     20     13     00    000  11.50   1.90  -2.97
2024      5     12     20     14     00    000  11.49   1.91  -2.97
2024      5     12     20     15     00    000  11.48   1.92  -2.96
2024      5     12     20     16     00    000  11.47   1.93  -2.96
2024      5     12     20     17     00    000  11.46   1.94  -2.96
2024      5     12     20     18     00    000  11.45   1.95  -2.95
2024      5     12     20     19     00    000  11.44   1.96  -2.95
2024      5     12     20     20     00    000  11.43   1.96  -2.95
2024      5     12     20     21     00    000  11.42   1.97  -2.94
2024      5     12     20     22     00    000  11.41   1.98  -2.94
2024      5     12     20     23     00    000  11.40   1.99  -2.94
2024      5     12     20     24     00    000  11.39   2.00  -2.93
2024      5     12     20     25     00    000  11.38   2.01  -2.93
2024      5     12     20     26     00    000  11.37   2.02  -2.92
2024      5     12     20     27     00    000  11.37   2.03  -2.92
2024      5     12     20     28     00    000  11.36   2.03  -2.92
2024      5     12     20     29     00    000  11.35   2.04  -2.91
2024      5     12     20     30     00    000  11.34   2.05  -2.91
2024      5     12     20     31     00    000  11.33   2.06  -2.90
2024      5     12     20     32     00    000  11.32   2.07  -2.90
2024      5     12     20     33     00    000  11.31   2.08  -2.90
2024      5     12     20     34     00    000  11.30   2.09  -2.89
2024      5     12     20     35     00    000  11.29   2.09  -2.89
2024      5     12     20     36     00    000  11.28   2.10  -2.89
2024      5     12     20     37     00    000  11.27   2.11  -2.88
2024      5     12     20     38     00    000  11.25   2.12  -2.88
2024      5     12     20     39     00    000  11.24   2.13  -2.87
2024      5     12     20     40     00    000  11.23   2.14  -2.87
2024      5     12     20     41     00    000  11.22   2.15  -2.87
2024      5     12     20     42     00    000  11.21   2.15  -2.86
2024      5     12     20     43     00    000  11.20   2.16  -2.86
2024      5     12     20     44     00    000  11.19   2.17  -2.85
2024      5     12     20     45     00    000  11.18   2.18  -2.85
2024      5     12     20     46     00    000  11.17   2.19  -2.85
2024      5     12     20     47     00    000  11.16   2.20  -2.84
2024      5     12     20     48     00    000  11.15   2.20  -2.84
2024      5     12     20     49     00    000  11.14   2.21  -2.83
2024      5     12     20     50     00    000  11.13   2.22  -2.83
2024      5     12     20     51     00    000  11.12   2.23  -2.83
2024      5     12     20     52     00    000  11.11   2.24  -2.82
2024      5     12     20     53     00    000  11.10   2.25  -2.82
2024      5     12     20     54     00    000  11.09   2.25  -2.81
2024      5     12     20     55     00    000  11.08   2.26  -2.81
2024      5     12     20     56     00    000  11.06   2.27  -2.81
2024      5     12     20     57     00    000  11.05   2.28  -2.80
2024      5     12     20     58     00    000  11.04   2.29  -2.80
2024      5     12     20     59     00    000  11.03   2.29  -2.79
2024      5     12     21     00     00    000  11.02   2.30  -2.79
2024      5     12     21     01     00    000  11.01   2.31  -2.79
2024      5     12     21     02     00    000  11.00   2.32  -2.78
2024      5     12     21     03     00    000  10.99   2.33  -2.78
2024      5     12     21     04     00    000  10.98   2.33  -2.77
2024      5     12     21     05     00    000  10.97   2.34  -2.77
2024      5     12     21     06     00    000  10.95   2.35  -2.77
2024      5     12     21     07     00    000  10.94   2.36  -2.76
2024      5     12     21     08     00    000  10.93   2.37  -2.76
2024      5     12     21     09     00    000  10.92   2.37  -2.75
2024      5     12     21     10     00    000  10.91   2.38  -2.75
2024      5     12     21     11     00    000  10.90   2.39  -2.75
2024      5     12     21     12     00    000  10.89   2.40  -2.74
2024      5     12     21     13     00    000  10.87   2.40  -2.74
2024      5     12     21     14     00    000  10.86   2.41  -2.73
2024      5     12     21     15     00    000  10.85   2.42  -2.73
2024      5     12     21     16     00    000  10.84   2.43  -2.72
2024      5     12     21     17     00    000  10.83   2.44  -2.72
2024      5     12     21     18     00    000  10.82   2.44  -2.72
2024      5     12     21     19     00    000  10.80   2.45  -2.71
2024      5     12     21     20     00    000  10.79   2.46  -2.71
2024      5     12     21     21     00    000  10.78   2.47  -2.70
2024      5     12     21     22     00    000  10.77   2.47  -2.70
2024      5     12     21     23     00    000  10.76   2.48  -2.70
2024      5     12     21     24     00    000  10.74   2.49  -2.69
2024      5     12     21     25     00    000  10.73   2.50  -2.69
2024      5     12     21     26     00    000  10.72   2.50  -2.68
2024      5     12     21     27     00    000  10.71   2.51  -2.68
2024      5     12     21     28     00    000  10.70   2.52  -2.67
2024      5     12     21     29     00    000  10.68   2.53  -2.67
2024      5     12     21     30     00    000  10.67   2.53  -2.67
2024      5     12     21     31     00    000  10.66   2.54  -2.66
2024      5     12     21     32     00    000  10.65   2.55  -2.66
2024      5     12     21     33     00    000  10.63   2.56  -2.65
2024      5     12     21     34     00    000  10.62   2.56  -2.65
2024      5     12     21     35     00    000  10.61   2.57  -2.64
2024      5     12     21     36     00    000  10.60   2.58  -2.64
2024      5     12     21     37     00    000  10.58   2.59  -2.64
2024      5     12     21     38     00    000  10.57   2.59  -2.63
2024      5     12     21     39     00    000  10.56   2.60  -2.63
2024      5     12     21     40     00    000  10.55   2.61  -2.62
2024      5     12     21     41     00    000  10.53   2.62  -2.62
2024      5     12     21     42     00    000  10.52   2.62  -2.61
2024      5     12     21     43     00    000  10.51   2.63  -2.61
2024      5     12     21     44     00    000  10.50   2.64  -2.61
2024      5     12     21     45     00    000  10.48   2.64  -2.60
2024      5     12     21     46     00    000  10.47   2.65  -2.60
2024      5     12     21     47     00    000  10.46   2.66  -2.59
2024      5     12     21     48     00    000  10.44   2.67  -2.59
2024      5     12     21     49     00    000  10.43   2.67  -2.58
2024      5     12     21     50     00    000  10.42   2.68  -2.58
2024      5     12     21     51     00    000  10.40   2.69  -2.58
2024      5     12     21     52     00    000  10.39   2.69  -2.57
2024      5     12     21     53     00    000  10.38   2.70  -2.57
2024      5     12     21     54     00    000  10.37   2.71  -2.56
2024      5     12     21     55     00    000  10.35   2.71  -2.56
2024      5     12     21     56     00    000  10.34   2.72  -2.55
2024      5     12     21     57     00    000  10.33   2.73  -2.55
2024      5     12     21     58     00    000  10.31   2.74  -2.55
2024      5     12     21     59     00    000  10.30   2.74  -2.54
2024      5     12     22     00     00    000  10.28   2.75  -2.54
2024      5     12     22     01     00    000  10.27   2.76  -2.53
2024      5     12     22     02     00    000  10.26   2.76  -2.53
2024      5     12     22     03     00    000  10.24   2.77  -2.52
2024      5     12     22     04     00    000  10.23   2.78  -2.52
2024      5     12     22     05     00    000  10.22   2.78  -2.51
2024      5     12     22     06     00    000  10.20   2.79  -2.51
2024      5     12     22     07     00    000  10.19   2.80  -2.51
2024      5     12     22     08     00    000  10.18   2.80  -2.50
2024      5     12     22     09     00    000  10.16   2.81  -2.50
2024      5     12     22     10     00    000  10.15   2.82  -2.49
2024      5     12     22     11     00    000  10.13   2.82  -2.49
2024      5     12     22     12     00    000  10.12   2.83  -2.48
2024      5     12     22     13     00    000  10.11   2.84  -2.48
2024      5     12     22     14     00    000  10.09   2.84  -2.48
2024      5     12     22     15     00    000  10.08   2.85  -2.47
2024      5     12     22     16     00    000  10.06   2.86  -2.47
2024      5     12     22     17     00    000  10.05   2.86  -2.46
2024      5     12     22     18     00    000  10.03   2.87  -2.46
2024      5     12     22     19     00    000  10.02   2.88  -2.45
2024      5     12     22     20     00    000  10.01   2.88  -2.45
2024      5     12     22     21     00    000   9.99   2.89  -2.44
2024      5     12     22     22     00    000   9.98   2.90  -2.44
2024      5     12     22     23     00    000   9.96   2.90  -2.44
2024      5     12     22     24     00    000   9.95   2.91  -2.43
2024      5     12     22     25     00    000   9.93   2.91  -2.43
2024      5     12     22     26     00    000   9.92   2.92  -2.42
2024      5     12     22     27     00    000   9.90   2.93  -2.42
2024      5     12     22     28     00    000   9.89   2.93  -2.41
2024      5     12     22     29     00    000   9.87   2.94  -2.41
2024      5     12     22     30     00    000   9.86   2.95  -2.40
2024      5     12     22     31     00    000   9.84   2.95  -2.40
2024      5     12     22     32     00    000   9.83   2.96  -2.40
2024      5     12     22     33     00    000   9.81   2.96  -2.39
2024      5     12     22     34     00    000   9.80   2.97  -2.39
2024      5     12     22     35     00    000   9.78   2.98  -2.38
2024      5     12     22     36     00    000   9.77   2.98  -2.38
2024      5     12     22     37     00    000   9.75   2.99  -2.37
2024      5     12     22     38     00    000   9.74   2.99  -2.37
2024      5     12     22     39     00    000   9.72   3.00  -2.36
2024      5     12     22     40     00    000   9.71   3.01  -2.36
2024      5     12     22     41     00    000   9.69   3.01  -2.36
2024      5     12     22     42     00    000   9.68   3.02  -2.35
2024      5     12     22     43     00    000   9.66   3.02  -2.35
2024      5     12     22     44     00    000   9.65   3.03  -2.34
2024      5     12     22     45     00    000   9.63   3.04  -2.34
2024      5     12     22     46     00    000   9.62   3.04  -2.33
2024      5     12     22     47     00    000   9.60   3.05  -2.33
2024      5     12     22     48     00    000   9.58   3.05  -2.32
2024      5     12     22     49     00    000   9.57   3.06  -2.32
2024      5     12     22     50     00    000   9.55   3.07  -2.32
2024      5     12     22     51     00    000   9.54   3.07  -2.31
2024      5     12     22     52     00    000   9.52   3.08  -2.31
2024      5     12     22     53     00    000   9.51   3.08  -2.30
2024      5     12     22     54     00    000   9.49   3.09  -2.30
2024      5     12     22     55     00    000   9.47   3.09  -2.29
2024      5     12     22     56     00    000   9.46   3.10  -2.29
2024      5     12     22     57     00    000   9.44   3.11  -2.28
2024      5     12     22     58     00    000   9.43   3.11  -2.28
2024      5     12     22     59     00    000   9.41   3.12  -2.28
2024      5     12     23     00     00    000   9.39   3.12  -2.27
2024      5     12     23     01     00    000   9.38   3.13  -2.27
2024      5     12     23     02     00    000   9.36   3.13  -2.26
2024      5     12     23     03     00    000   9.34   3.14  -2.26
2024      5     12     23     04     00    000   9.33   3.14  -2.25
2024      5     12     23     05     00    000   9.31   3.15  -2.25
2024      5     12     23     06     00    000   9.29   3.16  -2.24
2024      5     12     23     07     00    000   9.28   3.16  -2.24
2024      5     12     23     08     00    000   9.26   3.17  -2.23
2024      5     12     23     09     00    000   9.24   3.17  -2.23
2024      5     12     23     10     00    000   9.23   3.18  -2.23
2024      5     12     23     11     00    000   9.21   3.18  -2.22
2024      5     12     23     12     00    000   9.19   3.19  -2.22
2024      5     12     23     13     00    000   9.18   3.19  -2.21
2024      5     12     23     14     00    000   9.16   3.20  -2.21
2024      5     12     23     15     00    000   9.14   3.20  -2.20
2024      5     12     23     16     00    000   9.13   3.21  -2.20
2024      5     12     23     17     00    000   9.11   3.21  -2.19
2024      5     12     23     18     00    000   9.09   3.22  -2.19
2024      5     12     23     19     00    000   9.07   3.22  -2.19
2024      5     12     23     20     00    000   9.06   3.23  -2.18
2024      5     12     23     21     00    000   9.04   3.23  -2.18
2024      5     12     23     22     00    000   9.02   3.24  -2.17
2024      5     12     23     23     00    000   9.00   3.24  -2.17
2024      5     12     23     24     00    000   8.99   3.25  -2.16
2024      5     12     23     25     00    000   8.97   3.25  -2.16
2024      5     12     23     26     00    000   8.95   3.26  -2.15
2024      5     12     23     27     00    000   8.93   3.26  -2.15
2024      5     12     23     28     00    000   8.92   3.27  -2.14
2024      5     12     23     29     00    000   8.90   3.27  -2.14
2024      5     12     23     30     00    000   8.88   3.28  -2.14
2024      5     12     23     31     00    000   8.86   3.28  -2.13
2024      5     12     23     32     00    000   8.85   3.29  -2.13
2024      5     12     23     33     00    000   8.83   3.29  -2.12
2024      5     12     23     34     00    000   8.81   3.30  -2.12
2024      5     12     23     35     00    000   8.79   3.30  -2.11
2024      5     12     23     36     00    000   8.77   3.31  -2.11
2024      5     12     23     37     00    000   8.76   3.31  -2.10
2024      5     12     23     38     00    000   8.74   3.32  -2.10
2024      5     12     23     39     00    000   8.72   3.32  -2.09
2024      5     12     23     40     00    000   8.70   3.33  -2.09
2024      5     12     23     41     00    000   8.68   3.33  -2.09
2024      5     12     23     42     00    000   8.66   3.34  -2.08
2024      5     12     23     43     00    000   8.65   3.34  -2.08
2024      5     12     23     44     00    000   8.63   3.34  -2.07
2024      5     12     23     45     00    000   8.61   3.35  -2.07
2024      5     12     23     46     00    000   8.59   3.35  -2.06
2024      5     12     23     47     00    000   8.57   3.36  -2.06
2024      5     12     23     48     00    000   8.55   3.36  -2.05
2024      5     12     23     49     00    000   8.53   3.37  -2.05
2024      5     12     23     50     00    000   8.51   3.37  -2.04
2024      5     12     23     51     00    000   8.49   3.38  -2.04
2024      5     12     23     52     00    000   8.48   3.38  -2.04
2024      5     12     23     53     00    000   8.46   3.38  -2.03
2024      5     12     23     54     00    000   8.44   3.39  -2.03
2024      5     12     23     55     00    000   8.42   3.39  -2.02
2024      5     12     23     56     00    000   8.40   3.40  -2.02
2024      5     12     23     57     00    000   8.38   3.40  -2.01
2024      5     12     23     58     00    000   8.36   3.41  -2.01
2024      5     12     23     59     00    000   8.34   3.41  -2.00
