themisE Created 2024-10-23 22:17:12.222595
Year Mo Dy Hr Mn Sc Msc X Y Z

#COORD
GSM

#START
2024      5     10     06     01     00    000  12.90  -0.96  -2.46
2024      5     10     06     02     00    000  12.90  -0.96  -2.46
2024      5     10     06     03     00    000  12.90  -0.95  -2.46
2024      5     10     06     04     00    000  12.90  -0.95  -2.46
2024      5     10     06     05     00    000  12.91  -0.94  -2.46
2024      5     10     06     06     00    000  12.91  -0.93  -2.46
2024      5     10     06     07     00    000  12.91  -0.93  -2.46
2024      5     10     06     08     00    000  12.91  -0.92  -2.46
2024      5     10     06     09     00    000  12.92  -0.91  -2.46
2024      5     10     06     10     00    000  12.92  -0.91  -2.47
2024      5     10     06     11     00    000  12.92  -0.90  -2.47
2024      5     10     06     12     00    000  12.92  -0.90  -2.47
2024      5     10     06     13     00    000  12.92  -0.89  -2.47
2024      5     10     06     14     00    000  12.93  -0.88  -2.47
2024      5     10     06     15     00    000  12.93  -0.88  -2.47
2024      5     10     06     16     00    000  12.93  -0.87  -2.47
2024      5     10     06     17     00    000  12.93  -0.86  -2.47
2024      5     10     06     18     00    000  12.93  -0.86  -2.47
2024      5     10     06     19     00    000  12.94  -0.85  -2.47
2024      5     10     06     20     00    000  12.94  -0.84  -2.48
2024      5     10     06     21     00    000  12.94  -0.84  -2.48
2024      5     10     06     22     00    000  12.94  -0.83  -2.48
2024      5     10     06     23     00    000  12.94  -0.83  -2.48
2024      5     10     06     24     00    000  12.95  -0.82  -2.48
2024      5     10     06     25     00    000  12.95  -0.81  -2.48
2024      5     10     06     26     00    000  12.95  -0.81  -2.48
2024      5     10     06     27     00    000  12.95  -0.80  -2.48
2024      5     10     06     28     00    000  12.95  -0.79  -2.48
2024      5     10     06     29     00    000  12.95  -0.79  -2.49
2024      5     10     06     30     00    000  12.96  -0.78  -2.49
2024      5     10     06     31     00    000  12.96  -0.78  -2.49
2024      5     10     06     32     00    000  12.96  -0.77  -2.49
2024      5     10     06     33     00    000  12.96  -0.76  -2.49
2024      5     10     06     34     00    000  12.96  -0.76  -2.49
2024      5     10     06     35     00    000  12.96  -0.75  -2.49
2024      5     10     06     36     00    000  12.96  -0.74  -2.49
2024      5     10     06     37     00    000  12.97  -0.74  -2.49
2024      5     10     06     38     00    000  12.97  -0.73  -2.50
2024      5     10     06     39     00    000  12.97  -0.72  -2.50
2024      5     10     06     40     00    000  12.97  -0.72  -2.50
2024      5     10     06     41     00    000  12.97  -0.71  -2.50
2024      5     10     06     42     00    000  12.97  -0.71  -2.50
2024      5     10     06     43     00    000  12.97  -0.70  -2.50
2024      5     10     06     44     00    000  12.97  -0.69  -2.50
2024      5     10     06     45     00    000  12.98  -0.69  -2.50
2024      5     10     06     46     00    000  12.98  -0.68  -2.50
2024      5     10     06     47     00    000  12.98  -0.67  -2.51
2024      5     10     06     48     00    000  12.98  -0.67  -2.51
2024      5     10     06     49     00    000  12.98  -0.66  -2.51
2024      5     10     06     50     00    000  12.98  -0.65  -2.51
2024      5     10     06     51     00    000  12.98  -0.65  -2.51
2024      5     10     06     52     00    000  12.98  -0.64  -2.51
2024      5     10     06     53     00    000  12.98  -0.63  -2.51
2024      5     10     06     54     00    000  12.98  -0.63  -2.51
2024      5     10     06     55     00    000  12.98  -0.62  -2.52
2024      5     10     06     56     00    000  12.99  -0.62  -2.52
2024      5     10     06     57     00    000  12.99  -0.61  -2.52
2024      5     10     06     58     00    000  12.99  -0.60  -2.52
2024      5     10     06     59     00    000  12.99  -0.60  -2.52
2024      5     10     07     00     00    000  12.99  -0.59  -2.52
2024      5     10     07     01     00    000  12.99  -0.58  -2.52
2024      5     10     07     02     00    000  12.99  -0.58  -2.52
2024      5     10     07     03     00    000  12.99  -0.57  -2.53
2024      5     10     07     04     00    000  12.99  -0.56  -2.53
2024      5     10     07     05     00    000  12.99  -0.56  -2.53
2024      5     10     07     06     00    000  12.99  -0.55  -2.53
2024      5     10     07     07     00    000  12.99  -0.54  -2.53
2024      5     10     07     08     00    000  12.99  -0.54  -2.53
2024      5     10     07     09     00    000  12.99  -0.53  -2.53
2024      5     10     07     10     00    000  12.99  -0.53  -2.53
2024      5     10     07     11     00    000  12.99  -0.52  -2.54
2024      5     10     07     12     00    000  12.99  -0.51  -2.54
2024      5     10     07     13     00    000  12.99  -0.51  -2.54
2024      5     10     07     14     00    000  12.99  -0.50  -2.54
2024      5     10     07     15     00    000  12.99  -0.49  -2.54
2024      5     10     07     16     00    000  12.99  -0.49  -2.54
2024      5     10     07     17     00    000  12.99  -0.48  -2.54
2024      5     10     07     18     00    000  12.99  -0.47  -2.54
2024      5     10     07     19     00    000  13.00  -0.47  -2.55
2024      5     10     07     20     00    000  13.00  -0.46  -2.55
2024      5     10     07     21     00    000  13.00  -0.45  -2.55
2024      5     10     07     22     00    000  13.00  -0.45  -2.55
2024      5     10     07     23     00    000  13.00  -0.44  -2.55
2024      5     10     07     24     00    000  12.99  -0.43  -2.55
2024      5     10     07     25     00    000  12.99  -0.43  -2.55
2024      5     10     07     26     00    000  12.99  -0.42  -2.55
2024      5     10     07     27     00    000  12.99  -0.41  -2.56
2024      5     10     07     28     00    000  12.99  -0.41  -2.56
2024      5     10     07     29     00    000  12.99  -0.40  -2.56
2024      5     10     07     30     00    000  12.99  -0.39  -2.56
2024      5     10     07     31     00    000  12.99  -0.39  -2.56
2024      5     10     07     32     00    000  12.99  -0.38  -2.56
2024      5     10     07     33     00    000  12.99  -0.38  -2.56
2024      5     10     07     34     00    000  12.99  -0.37  -2.57
2024      5     10     07     35     00    000  12.99  -0.36  -2.57
2024      5     10     07     36     00    000  12.99  -0.36  -2.57
2024      5     10     07     37     00    000  12.99  -0.35  -2.57
2024      5     10     07     38     00    000  12.99  -0.34  -2.57
2024      5     10     07     39     00    000  12.99  -0.34  -2.57
2024      5     10     07     40     00    000  12.99  -0.33  -2.57
2024      5     10     07     41     00    000  12.99  -0.32  -2.57
2024      5     10     07     42     00    000  12.99  -0.32  -2.58
2024      5     10     07     43     00    000  12.99  -0.31  -2.58
2024      5     10     07     44     00    000  12.99  -0.30  -2.58
2024      5     10     07     45     00    000  12.99  -0.30  -2.58
2024      5     10     07     46     00    000  12.99  -0.29  -2.58
2024      5     10     07     47     00    000  12.98  -0.28  -2.58
2024      5     10     07     48     00    000  12.98  -0.28  -2.58
2024      5     10     07     49     00    000  12.98  -0.27  -2.59
2024      5     10     07     50     00    000  12.98  -0.26  -2.59
2024      5     10     07     51     00    000  12.98  -0.26  -2.59
2024      5     10     07     52     00    000  12.98  -0.25  -2.59
2024      5     10     07     53     00    000  12.98  -0.24  -2.59
2024      5     10     07     54     00    000  12.98  -0.24  -2.59
2024      5     10     07     55     00    000  12.98  -0.23  -2.59
2024      5     10     07     56     00    000  12.98  -0.22  -2.60
2024      5     10     07     57     00    000  12.98  -0.22  -2.60
2024      5     10     07     58     00    000  12.97  -0.21  -2.60
2024      5     10     07     59     00    000  12.97  -0.20  -2.60
2024      5     10     08     00     00    000  12.97  -0.20  -2.60
2024      5     10     08     01     00    000  12.97  -0.19  -2.60
2024      5     10     08     02     00    000  12.97  -0.18  -2.60
2024      5     10     08     03     00    000  12.97  -0.18  -2.61
2024      5     10     08     04     00    000  12.97  -0.17  -2.61
2024      5     10     08     05     00    000  12.97  -0.16  -2.61
2024      5     10     08     06     00    000  12.96  -0.16  -2.61
2024      5     10     08     07     00    000  12.96  -0.15  -2.61
2024      5     10     08     08     00    000  12.96  -0.14  -2.61
2024      5     10     08     09     00    000  12.96  -0.14  -2.61
2024      5     10     08     10     00    000  12.96  -0.13  -2.61
2024      5     10     08     11     00    000  12.96  -0.12  -2.62
2024      5     10     08     12     00    000  12.96  -0.12  -2.62
2024      5     10     08     13     00    000  12.95  -0.11  -2.62
2024      5     10     08     14     00    000  12.95  -0.10  -2.62
2024      5     10     08     15     00    000  12.95  -0.10  -2.62
2024      5     10     08     16     00    000  12.95  -0.09  -2.62
2024      5     10     08     17     00    000  12.95  -0.08  -2.62
2024      5     10     08     18     00    000  12.95  -0.07  -2.63
2024      5     10     08     19     00    000  12.94  -0.07  -2.63
2024      5     10     08     20     00    000  12.94  -0.06  -2.63
2024      5     10     08     21     00    000  12.94  -0.05  -2.63
2024      5     10     08     22     00    000  12.94  -0.05  -2.63
2024      5     10     08     23     00    000  12.94  -0.04  -2.63
2024      5     10     08     24     00    000  12.93  -0.03  -2.63
2024      5     10     08     25     00    000  12.93  -0.03  -2.64
2024      5     10     08     26     00    000  12.93  -0.02  -2.64
2024      5     10     08     27     00    000  12.93  -0.01  -2.64
2024      5     10     08     28     00    000  12.93  -0.01  -2.64
2024      5     10     08     29     00    000  12.92   0.00  -2.64
2024      5     10     08     30     00    000  12.92   0.01  -2.64
2024      5     10     08     31     00    000  12.92   0.01  -2.64
2024      5     10     08     32     00    000  12.92   0.02  -2.65
2024      5     10     08     33     00    000  12.92   0.03  -2.65
2024      5     10     08     34     00    000  12.91   0.03  -2.65
2024      5     10     08     35     00    000  12.91   0.04  -2.65
2024      5     10     08     36     00    000  12.91   0.05  -2.65
2024      5     10     08     37     00    000  12.91   0.05  -2.65
2024      5     10     08     38     00    000  12.90   0.06  -2.65
2024      5     10     08     39     00    000  12.90   0.07  -2.66
2024      5     10     08     40     00    000  12.90   0.08  -2.66
2024      5     10     08     41     00    000  12.90   0.08  -2.66
2024      5     10     08     42     00    000  12.89   0.09  -2.66
2024      5     10     08     43     00    000  12.89   0.10  -2.66
2024      5     10     08     44     00    000  12.89   0.10  -2.66
2024      5     10     08     45     00    000  12.89   0.11  -2.66
2024      5     10     08     46     00    000  12.88   0.12  -2.67
2024      5     10     08     47     00    000  12.88   0.12  -2.67
2024      5     10     08     48     00    000  12.88   0.13  -2.67
2024      5     10     08     49     00    000  12.88   0.14  -2.67
2024      5     10     08     50     00    000  12.87   0.14  -2.67
2024      5     10     08     51     00    000  12.87   0.15  -2.67
2024      5     10     08     52     00    000  12.87   0.16  -2.67
2024      5     10     08     53     00    000  12.86   0.17  -2.68
2024      5     10     08     54     00    000  12.86   0.17  -2.68
2024      5     10     08     55     00    000  12.86   0.18  -2.68
2024      5     10     08     56     00    000  12.86   0.19  -2.68
2024      5     10     08     57     00    000  12.85   0.19  -2.68
2024      5     10     08     58     00    000  12.85   0.20  -2.68
2024      5     10     08     59     00    000  12.85   0.21  -2.68
2024      5     10     09     00     00    000  12.84   0.21  -2.69
2024      5     10     09     01     00    000  12.84   0.22  -2.69
2024      5     10     09     02     00    000  12.84   0.23  -2.69
2024      5     10     09     03     00    000  12.83   0.24  -2.69
2024      5     10     09     04     00    000  12.83   0.24  -2.69
2024      5     10     09     05     00    000  12.83   0.25  -2.69
2024      5     10     09     06     00    000  12.83   0.26  -2.69
2024      5     10     09     07     00    000  12.82   0.26  -2.70
2024      5     10     09     08     00    000  12.82   0.27  -2.70
2024      5     10     09     09     00    000  12.82   0.28  -2.70
2024      5     10     09     10     00    000  12.81   0.28  -2.70
2024      5     10     09     11     00    000  12.81   0.29  -2.70
2024      5     10     09     12     00    000  12.81   0.30  -2.70
2024      5     10     09     13     00    000  12.80   0.31  -2.70
2024      5     10     09     14     00    000  12.80   0.31  -2.71
2024      5     10     09     15     00    000  12.79   0.32  -2.71
2024      5     10     09     16     00    000  12.79   0.33  -2.71
2024      5     10     09     17     00    000  12.79   0.33  -2.71
2024      5     10     09     18     00    000  12.78   0.34  -2.71
2024      5     10     09     19     00    000  12.78   0.35  -2.71
2024      5     10     09     20     00    000  12.78   0.36  -2.71
2024      5     10     09     21     00    000  12.77   0.36  -2.71
2024      5     10     09     22     00    000  12.77   0.37  -2.72
2024      5     10     09     23     00    000  12.77   0.38  -2.72
2024      5     10     09     24     00    000  12.76   0.38  -2.72
2024      5     10     09     25     00    000  12.76   0.39  -2.72
2024      5     10     09     26     00    000  12.75   0.40  -2.72
2024      5     10     09     27     00    000  12.75   0.41  -2.72
2024      5     10     09     28     00    000  12.75   0.41  -2.72
2024      5     10     09     29     00    000  12.74   0.42  -2.73
2024      5     10     09     30     00    000  12.74   0.43  -2.73
2024      5     10     09     31     00    000  12.73   0.43  -2.73
2024      5     10     09     32     00    000  12.73   0.44  -2.73
2024      5     10     09     33     00    000  12.73   0.45  -2.73
2024      5     10     09     34     00    000  12.72   0.46  -2.73
2024      5     10     09     35     00    000  12.72   0.46  -2.73
2024      5     10     09     36     00    000  12.71   0.47  -2.73
2024      5     10     09     37     00    000  12.71   0.48  -2.74
2024      5     10     09     38     00    000  12.71   0.48  -2.74
2024      5     10     09     39     00    000  12.70   0.49  -2.74
2024      5     10     09     40     00    000  12.70   0.50  -2.74
2024      5     10     09     41     00    000  12.69   0.51  -2.74
2024      5     10     09     42     00    000  12.69   0.51  -2.74
2024      5     10     09     43     00    000  12.68   0.52  -2.74
2024      5     10     09     44     00    000  12.68   0.53  -2.74
2024      5     10     09     45     00    000  12.67   0.54  -2.75
2024      5     10     09     46     00    000  12.67   0.54  -2.75
2024      5     10     09     47     00    000  12.67   0.55  -2.75
2024      5     10     09     48     00    000  12.66   0.56  -2.75
2024      5     10     09     49     00    000  12.66   0.56  -2.75
2024      5     10     09     50     00    000  12.65   0.57  -2.75
2024      5     10     09     51     00    000  12.65   0.58  -2.75
2024      5     10     09     52     00    000  12.64   0.59  -2.75
2024      5     10     09     53     00    000  12.64   0.59  -2.76
2024      5     10     09     54     00    000  12.63   0.60  -2.76
2024      5     10     09     55     00    000  12.63   0.61  -2.76
2024      5     10     09     56     00    000  12.62   0.62  -2.76
2024      5     10     09     57     00    000  12.62   0.62  -2.76
2024      5     10     09     58     00    000  12.61   0.63  -2.76
2024      5     10     09     59     00    000  12.61   0.64  -2.76
2024      5     10     10     00     00    000  12.60   0.65  -2.76
2024      5     10     10     01     00    000  12.60   0.65  -2.77
2024      5     10     10     02     00    000  12.59   0.66  -2.77
2024      5     10     10     03     00    000  12.59   0.67  -2.77
2024      5     10     10     04     00    000  12.58   0.68  -2.77
2024      5     10     10     05     00    000  12.58   0.68  -2.77
2024      5     10     10     06     00    000  12.57   0.69  -2.77
2024      5     10     10     07     00    000  12.57   0.70  -2.77
2024      5     10     10     08     00    000  12.56   0.70  -2.77
2024      5     10     10     09     00    000  12.56   0.71  -2.77
2024      5     10     10     10     00    000  12.55   0.72  -2.78
2024      5     10     10     11     00    000  12.55   0.73  -2.78
2024      5     10     10     12     00    000  12.54   0.73  -2.78
2024      5     10     10     13     00    000  12.54   0.74  -2.78
2024      5     10     10     14     00    000  12.53   0.75  -2.78
2024      5     10     10     15     00    000  12.53   0.76  -2.78
2024      5     10     10     16     00    000  12.52   0.76  -2.78
2024      5     10     10     17     00    000  12.52   0.77  -2.78
2024      5     10     10     18     00    000  12.51   0.78  -2.78
2024      5     10     10     19     00    000  12.50   0.79  -2.78
2024      5     10     10     20     00    000  12.50   0.79  -2.79
2024      5     10     10     21     00    000  12.49   0.80  -2.79
2024      5     10     10     22     00    000  12.49   0.81  -2.79
2024      5     10     10     23     00    000  12.48   0.82  -2.79
2024      5     10     10     24     00    000  12.48   0.82  -2.79
2024      5     10     10     25     00    000  12.47   0.83  -2.79
2024      5     10     10     26     00    000  12.46   0.84  -2.79
2024      5     10     10     27     00    000  12.46   0.85  -2.79
2024      5     10     10     28     00    000  12.45   0.85  -2.79
2024      5     10     10     29     00    000  12.45   0.86  -2.79
2024      5     10     10     30     00    000  12.44   0.87  -2.80
2024      5     10     10     31     00    000  12.44   0.88  -2.80
2024      5     10     10     32     00    000  12.43   0.88  -2.80
2024      5     10     10     33     00    000  12.42   0.89  -2.80
2024      5     10     10     34     00    000  12.42   0.90  -2.80
2024      5     10     10     35     00    000  12.41   0.91  -2.80
2024      5     10     10     36     00    000  12.40   0.92  -2.80
2024      5     10     10     37     00    000  12.40   0.92  -2.80
2024      5     10     10     38     00    000  12.39   0.93  -2.80
2024      5     10     10     39     00    000  12.39   0.94  -2.80
2024      5     10     10     40     00    000  12.38   0.95  -2.80
2024      5     10     10     41     00    000  12.37   0.95  -2.81
2024      5     10     10     42     00    000  12.37   0.96  -2.81
2024      5     10     10     43     00    000  12.36   0.97  -2.81
2024      5     10     10     44     00    000  12.35   0.98  -2.81
2024      5     10     10     45     00    000  12.35   0.98  -2.81
2024      5     10     10     46     00    000  12.34   0.99  -2.81
2024      5     10     10     47     00    000  12.34   1.00  -2.81
2024      5     10     10     48     00    000  12.33   1.01  -2.81
2024      5     10     10     49     00    000  12.32   1.01  -2.81
2024      5     10     10     50     00    000  12.32   1.02  -2.81
2024      5     10     10     51     00    000  12.31   1.03  -2.81
2024      5     10     10     52     00    000  12.30   1.04  -2.81
2024      5     10     10     53     00    000  12.30   1.05  -2.81
2024      5     10     10     54     00    000  12.29   1.05  -2.82
2024      5     10     10     55     00    000  12.28   1.06  -2.82
2024      5     10     10     56     00    000  12.28   1.07  -2.82
2024      5     10     10     57     00    000  12.27   1.08  -2.82
2024      5     10     10     58     00    000  12.26   1.08  -2.82
2024      5     10     10     59     00    000  12.26   1.09  -2.82
2024      5     10     11     00     00    000  12.25   1.10  -2.82
2024      5     10     11     01     00    000  12.24   1.11  -2.82
2024      5     10     11     02     00    000  12.23   1.11  -2.82
2024      5     10     11     03     00    000  12.23   1.12  -2.82
2024      5     10     11     04     00    000  12.22   1.13  -2.82
2024      5     10     11     05     00    000  12.21   1.14  -2.82
2024      5     10     11     06     00    000  12.21   1.15  -2.82
2024      5     10     11     07     00    000  12.20   1.15  -2.82
2024      5     10     11     08     00    000  12.19   1.16  -2.82
2024      5     10     11     09     00    000  12.18   1.17  -2.83
2024      5     10     11     10     00    000  12.18   1.18  -2.83
2024      5     10     11     11     00    000  12.17   1.18  -2.83
2024      5     10     11     12     00    000  12.16   1.19  -2.83
2024      5     10     11     13     00    000  12.16   1.20  -2.83
2024      5     10     11     14     00    000  12.15   1.21  -2.83
2024      5     10     11     15     00    000  12.14   1.22  -2.83
2024      5     10     11     16     00    000  12.13   1.22  -2.83
2024      5     10     11     17     00    000  12.13   1.23  -2.83
2024      5     10     11     18     00    000  12.12   1.24  -2.83
2024      5     10     11     19     00    000  12.11   1.25  -2.83
2024      5     10     11     20     00    000  12.10   1.26  -2.83
2024      5     10     11     21     00    000  12.10   1.26  -2.83
2024      5     10     11     22     00    000  12.09   1.27  -2.83
2024      5     10     11     23     00    000  12.08   1.28  -2.83
2024      5     10     11     24     00    000  12.07   1.29  -2.83
2024      5     10     11     25     00    000  12.06   1.30  -2.83
2024      5     10     11     26     00    000  12.06   1.30  -2.83
2024      5     10     11     27     00    000  12.05   1.31  -2.83
2024      5     10     11     28     00    000  12.04   1.32  -2.83
2024      5     10     11     29     00    000  12.03   1.33  -2.83
2024      5     10     11     30     00    000  12.03   1.33  -2.83
2024      5     10     11     31     00    000  12.02   1.34  -2.83
2024      5     10     11     32     00    000  12.01   1.35  -2.83
2024      5     10     11     33     00    000  12.00   1.36  -2.83
2024      5     10     11     34     00    000  11.99   1.37  -2.83
2024      5     10     11     35     00    000  11.99   1.37  -2.83
2024      5     10     11     36     00    000  11.98   1.38  -2.83
2024      5     10     11     37     00    000  11.97   1.39  -2.84
2024      5     10     11     38     00    000  11.96   1.40  -2.84
2024      5     10     11     39     00    000  11.95   1.41  -2.84
2024      5     10     11     40     00    000  11.94   1.41  -2.84
2024      5     10     11     41     00    000  11.94   1.42  -2.84
2024      5     10     11     42     00    000  11.93   1.43  -2.84
2024      5     10     11     43     00    000  11.92   1.44  -2.84
2024      5     10     11     44     00    000  11.91   1.45  -2.84
2024      5     10     11     45     00    000  11.90   1.45  -2.84
2024      5     10     11     46     00    000  11.89   1.46  -2.84
2024      5     10     11     47     00    000  11.89   1.47  -2.84
2024      5     10     11     48     00    000  11.88   1.48  -2.84
2024      5     10     11     49     00    000  11.87   1.49  -2.84
2024      5     10     11     50     00    000  11.86   1.49  -2.84
2024      5     10     11     51     00    000  11.85   1.50  -2.84
2024      5     10     11     52     00    000  11.84   1.51  -2.84
2024      5     10     11     53     00    000  11.83   1.52  -2.84
2024      5     10     11     54     00    000  11.82   1.53  -2.84
2024      5     10     11     55     00    000  11.82   1.53  -2.84
2024      5     10     11     56     00    000  11.81   1.54  -2.84
2024      5     10     11     57     00    000  11.80   1.55  -2.84
2024      5     10     11     58     00    000  11.79   1.56  -2.84
2024      5     10     11     59     00    000  11.78   1.57  -2.83
2024      5     10     12     00     00    000  11.77   1.58  -2.83
2024      5     10     12     01     00    000  11.76   1.58  -2.83
2024      5     10     12     02     00    000  11.75   1.59  -2.83
2024      5     10     12     03     00    000  11.74   1.60  -2.83
2024      5     10     12     04     00    000  11.74   1.61  -2.83
2024      5     10     12     05     00    000  11.73   1.62  -2.83
2024      5     10     12     06     00    000  11.72   1.62  -2.83
2024      5     10     12     07     00    000  11.71   1.63  -2.83
2024      5     10     12     08     00    000  11.70   1.64  -2.83
2024      5     10     12     09     00    000  11.69   1.65  -2.83
2024      5     10     12     10     00    000  11.68   1.66  -2.83
2024      5     10     12     11     00    000  11.67   1.66  -2.83
2024      5     10     12     12     00    000  11.66   1.67  -2.83
2024      5     10     12     13     00    000  11.65   1.68  -2.83
2024      5     10     12     14     00    000  11.64   1.69  -2.83
2024      5     10     12     15     00    000  11.63   1.70  -2.83
2024      5     10     12     16     00    000  11.62   1.71  -2.83
2024      5     10     12     17     00    000  11.61   1.71  -2.83
2024      5     10     12     18     00    000  11.60   1.72  -2.83
2024      5     10     12     19     00    000  11.59   1.73  -2.83
2024      5     10     12     20     00    000  11.58   1.74  -2.83
2024      5     10     12     21     00    000  11.57   1.75  -2.83
2024      5     10     12     22     00    000  11.57   1.75  -2.83
2024      5     10     12     23     00    000  11.56   1.76  -2.83
2024      5     10     12     24     00    000  11.55   1.77  -2.82
2024      5     10     12     25     00    000  11.54   1.78  -2.82
2024      5     10     12     26     00    000  11.53   1.79  -2.82
2024      5     10     12     27     00    000  11.52   1.80  -2.82
2024      5     10     12     28     00    000  11.51   1.80  -2.82
2024      5     10     12     29     00    000  11.50   1.81  -2.82
2024      5     10     12     30     00    000  11.49   1.82  -2.82
2024      5     10     12     31     00    000  11.48   1.83  -2.82
2024      5     10     12     32     00    000  11.47   1.84  -2.82
2024      5     10     12     33     00    000  11.46   1.84  -2.82
2024      5     10     12     34     00    000  11.44   1.85  -2.82
2024      5     10     12     35     00    000  11.43   1.86  -2.82
2024      5     10     12     36     00    000  11.42   1.87  -2.82
2024      5     10     12     37     00    000  11.41   1.88  -2.82
2024      5     10     12     38     00    000  11.40   1.89  -2.81
2024      5     10     12     39     00    000  11.39   1.89  -2.81
2024      5     10     12     40     00    000  11.38   1.90  -2.81
2024      5     10     12     41     00    000  11.37   1.91  -2.81
2024      5     10     12     42     00    000  11.36   1.92  -2.81
2024      5     10     12     43     00    000  11.35   1.93  -2.81
2024      5     10     12     44     00    000  11.34   1.93  -2.81
2024      5     10     12     45     00    000  11.33   1.94  -2.81
2024      5     10     12     46     00    000  11.32   1.95  -2.81
2024      5     10     12     47     00    000  11.31   1.96  -2.81
2024      5     10     12     48     00    000  11.30   1.97  -2.80
2024      5     10     12     49     00    000  11.29   1.98  -2.80
2024      5     10     12     50     00    000  11.28   1.98  -2.80
2024      5     10     12     51     00    000  11.27   1.99  -2.80
2024      5     10     12     52     00    000  11.25   2.00  -2.80
2024      5     10     12     53     00    000  11.24   2.01  -2.80
2024      5     10     12     54     00    000  11.23   2.02  -2.80
2024      5     10     12     55     00    000  11.22   2.03  -2.80
2024      5     10     12     56     00    000  11.21   2.03  -2.79
2024      5     10     12     57     00    000  11.20   2.04  -2.79
2024      5     10     12     58     00    000  11.19   2.05  -2.79
2024      5     10     12     59     00    000  11.18   2.06  -2.79
2024      5     10     13     00     00    000  11.17   2.07  -2.79
2024      5     10     13     01     00    000  11.16   2.08  -2.79
2024      5     10     13     02     00    000  11.14   2.08  -2.79
2024      5     10     13     03     00    000  11.13   2.09  -2.79
2024      5     10     13     04     00    000  11.12   2.10  -2.78
2024      5     10     13     05     00    000  11.11   2.11  -2.78
2024      5     10     13     06     00    000  11.10   2.12  -2.78
2024      5     10     13     07     00    000  11.09   2.13  -2.78
2024      5     10     13     08     00    000  11.08   2.13  -2.78
2024      5     10     13     09     00    000  11.06   2.14  -2.78
2024      5     10     13     10     00    000  11.05   2.15  -2.77
2024      5     10     13     11     00    000  11.04   2.16  -2.77
2024      5     10     13     12     00    000  11.03   2.17  -2.77
2024      5     10     13     13     00    000  11.02   2.17  -2.77
2024      5     10     13     14     00    000  11.01   2.18  -2.77
2024      5     10     13     15     00    000  10.99   2.19  -2.77
2024      5     10     13     16     00    000  10.98   2.20  -2.76
2024      5     10     13     17     00    000  10.97   2.21  -2.76
2024      5     10     13     18     00    000  10.96   2.22  -2.76
2024      5     10     13     19     00    000  10.95   2.22  -2.76
2024      5     10     13     20     00    000  10.93   2.23  -2.76
2024      5     10     13     21     00    000  10.92   2.24  -2.76
2024      5     10     13     22     00    000  10.91   2.25  -2.75
2024      5     10     13     23     00    000  10.90   2.26  -2.75
2024      5     10     13     24     00    000  10.89   2.27  -2.75
2024      5     10     13     25     00    000  10.87   2.27  -2.75
2024      5     10     13     26     00    000  10.86   2.28  -2.75
2024      5     10     13     27     00    000  10.85   2.29  -2.74
2024      5     10     13     28     00    000  10.84   2.30  -2.74
2024      5     10     13     29     00    000  10.82   2.31  -2.74
2024      5     10     13     30     00    000  10.81   2.32  -2.74
2024      5     10     13     31     00    000  10.80   2.32  -2.74
2024      5     10     13     32     00    000  10.79   2.33  -2.73
2024      5     10     13     33     00    000  10.78   2.34  -2.73
2024      5     10     13     34     00    000  10.76   2.35  -2.73
2024      5     10     13     35     00    000  10.75   2.36  -2.73
2024      5     10     13     36     00    000  10.74   2.36  -2.73
2024      5     10     13     37     00    000  10.72   2.37  -2.72
2024      5     10     13     38     00    000  10.71   2.38  -2.72
2024      5     10     13     39     00    000  10.70   2.39  -2.72
2024      5     10     13     40     00    000  10.69   2.40  -2.72
2024      5     10     13     41     00    000  10.67   2.41  -2.71
2024      5     10     13     42     00    000  10.66   2.41  -2.71
2024      5     10     13     43     00    000  10.65   2.42  -2.71
2024      5     10     13     44     00    000  10.64   2.43  -2.71
2024      5     10     13     45     00    000  10.62   2.44  -2.70
2024      5     10     13     46     00    000  10.61   2.45  -2.70
2024      5     10     13     47     00    000  10.60   2.46  -2.70
2024      5     10     13     48     00    000  10.58   2.46  -2.70
2024      5     10     13     49     00    000  10.57   2.47  -2.69
2024      5     10     13     50     00    000  10.56   2.48  -2.69
2024      5     10     13     51     00    000  10.54   2.49  -2.69
2024      5     10     13     52     00    000  10.53   2.50  -2.69
2024      5     10     13     53     00    000  10.52   2.50  -2.68
2024      5     10     13     54     00    000  10.50   2.51  -2.68
2024      5     10     13     55     00    000  10.49   2.52  -2.68
2024      5     10     13     56     00    000  10.48   2.53  -2.68
2024      5     10     13     57     00    000  10.46   2.54  -2.67
2024      5     10     13     58     00    000  10.45   2.55  -2.67
2024      5     10     13     59     00    000  10.44   2.55  -2.67
2024      5     10     14     00     00    000  10.42   2.56  -2.66
2024      5     10     14     01     00    000  10.41   2.57  -2.66
2024      5     10     14     02     00    000  10.40   2.58  -2.66
2024      5     10     14     03     00    000  10.38   2.59  -2.66
2024      5     10     14     04     00    000  10.37   2.59  -2.65
2024      5     10     14     05     00    000  10.35   2.60  -2.65
2024      5     10     14     06     00    000  10.34   2.61  -2.65
2024      5     10     14     07     00    000  10.33   2.62  -2.64
2024      5     10     14     08     00    000  10.31   2.63  -2.64
2024      5     10     14     09     00    000  10.30   2.63  -2.64
2024      5     10     14     10     00    000  10.28   2.64  -2.64
2024      5     10     14     11     00    000  10.27   2.65  -2.63
2024      5     10     14     12     00    000  10.26   2.66  -2.63
2024      5     10     14     13     00    000  10.24   2.67  -2.63
2024      5     10     14     14     00    000  10.23   2.68  -2.62
2024      5     10     14     15     00    000  10.21   2.68  -2.62
2024      5     10     14     16     00    000  10.20   2.69  -2.62
2024      5     10     14     17     00    000  10.18   2.70  -2.61
2024      5     10     14     18     00    000  10.17   2.71  -2.61
2024      5     10     14     19     00    000  10.16   2.72  -2.61
2024      5     10     14     20     00    000  10.14   2.72  -2.60
2024      5     10     14     21     00    000  10.13   2.73  -2.60
2024      5     10     14     22     00    000  10.11   2.74  -2.60
2024      5     10     14     23     00    000  10.10   2.75  -2.59
2024      5     10     14     24     00    000  10.08   2.76  -2.59
2024      5     10     14     25     00    000  10.07   2.76  -2.59
2024      5     10     14     26     00    000  10.05   2.77  -2.58
2024      5     10     14     27     00    000  10.04   2.78  -2.58
2024      5     10     14     28     00    000  10.02   2.79  -2.58
2024      5     10     14     29     00    000  10.01   2.80  -2.57
2024      5     10     14     30     00    000   9.99   2.80  -2.57
2024      5     10     14     31     00    000   9.98   2.81  -2.56
2024      5     10     14     32     00    000   9.96   2.82  -2.56
2024      5     10     14     33     00    000   9.95   2.83  -2.56
2024      5     10     14     34     00    000   9.93   2.83  -2.55
2024      5     10     14     35     00    000   9.92   2.84  -2.55
2024      5     10     14     36     00    000   9.90   2.85  -2.55
2024      5     10     14     37     00    000   9.89   2.86  -2.54
2024      5     10     14     38     00    000   9.87   2.87  -2.54
2024      5     10     14     39     00    000   9.86   2.87  -2.53
2024      5     10     14     40     00    000   9.84   2.88  -2.53
2024      5     10     14     41     00    000   9.83   2.89  -2.53
2024      5     10     14     42     00    000   9.81   2.90  -2.52
2024      5     10     14     43     00    000   9.80   2.91  -2.52
2024      5     10     14     44     00    000   9.78   2.91  -2.52
2024      5     10     14     45     00    000   9.76   2.92  -2.51
2024      5     10     14     46     00    000   9.75   2.93  -2.51
2024      5     10     14     47     00    000   9.73   2.94  -2.50
2024      5     10     14     48     00    000   9.72   2.94  -2.50
2024      5     10     14     49     00    000   9.70   2.95  -2.49
2024      5     10     14     50     00    000   9.69   2.96  -2.49
2024      5     10     14     51     00    000   9.67   2.97  -2.49
2024      5     10     14     52     00    000   9.65   2.97  -2.48
2024      5     10     14     53     00    000   9.64   2.98  -2.48
2024      5     10     14     54     00    000   9.62   2.99  -2.47
2024      5     10     14     55     00    000   9.61   3.00  -2.47
2024      5     10     14     56     00    000   9.59   3.01  -2.47
2024      5     10     14     57     00    000   9.57   3.01  -2.46
2024      5     10     14     58     00    000   9.56   3.02  -2.46
2024      5     10     14     59     00    000   9.54   3.03  -2.45
2024      5     10     15     00     00    000   9.53   3.04  -2.45
2024      5     10     15     01     00    000   9.51   3.04  -2.44
2024      5     10     15     02     00    000   9.49   3.05  -2.44
2024      5     10     15     03     00    000   9.48   3.06  -2.43
2024      5     10     15     04     00    000   9.46   3.07  -2.43
2024      5     10     15     05     00    000   9.44   3.07  -2.43
2024      5     10     15     06     00    000   9.43   3.08  -2.42
2024      5     10     15     07     00    000   9.41   3.09  -2.42
2024      5     10     15     08     00    000   9.39   3.10  -2.41
2024      5     10     15     09     00    000   9.38   3.10  -2.41
2024      5     10     15     10     00    000   9.36   3.11  -2.40
2024      5     10     15     11     00    000   9.34   3.12  -2.40
2024      5     10     15     12     00    000   9.33   3.12  -2.39
2024      5     10     15     13     00    000   9.31   3.13  -2.39
2024      5     10     15     14     00    000   9.29   3.14  -2.38
2024      5     10     15     15     00    000   9.27   3.15  -2.38
2024      5     10     15     16     00    000   9.26   3.15  -2.37
2024      5     10     15     17     00    000   9.24   3.16  -2.37
2024      5     10     15     18     00    000   9.22   3.17  -2.36
2024      5     10     15     19     00    000   9.21   3.18  -2.36
2024      5     10     15     20     00    000   9.19   3.18  -2.35
2024      5     10     15     21     00    000   9.17   3.19  -2.35
2024      5     10     15     22     00    000   9.15   3.20  -2.34
2024      5     10     15     23     00    000   9.14   3.20  -2.34
2024      5     10     15     24     00    000   9.12   3.21  -2.33
2024      5     10     15     25     00    000   9.10   3.22  -2.33
2024      5     10     15     26     00    000   9.08   3.23  -2.32
2024      5     10     15     27     00    000   9.07   3.23  -2.32
2024      5     10     15     28     00    000   9.05   3.24  -2.31
2024      5     10     15     29     00    000   9.03   3.25  -2.31
2024      5     10     15     30     00    000   9.01   3.25  -2.30
2024      5     10     15     31     00    000   9.00   3.26  -2.30
2024      5     10     15     32     00    000   8.98   3.27  -2.29
2024      5     10     15     33     00    000   8.96   3.28  -2.29
2024      5     10     15     34     00    000   8.94   3.28  -2.28
2024      5     10     15     35     00    000   8.92   3.29  -2.28
2024      5     10     15     36     00    000   8.91   3.30  -2.27
2024      5     10     15     37     00    000   8.89   3.30  -2.27
2024      5     10     15     38     00    000   8.87   3.31  -2.26
2024      5     10     15     39     00    000   8.85   3.32  -2.25
2024      5     10     15     40     00    000   8.83   3.32  -2.25
2024      5     10     15     41     00    000   8.81   3.33  -2.24
2024      5     10     15     42     00    000   8.80   3.34  -2.24
2024      5     10     15     43     00    000   8.78   3.34  -2.23
2024      5     10     15     44     00    000   8.76   3.35  -2.23
2024      5     10     15     45     00    000   8.74   3.36  -2.22
2024      5     10     15     46     00    000   8.72   3.36  -2.22
2024      5     10     15     47     00    000   8.70   3.37  -2.21
2024      5     10     15     48     00    000   8.68   3.38  -2.20
2024      5     10     15     49     00    000   8.66   3.38  -2.20
2024      5     10     15     50     00    000   8.65   3.39  -2.19
2024      5     10     15     51     00    000   8.63   3.40  -2.19
2024      5     10     15     52     00    000   8.61   3.40  -2.18
2024      5     10     15     53     00    000   8.59   3.41  -2.17
2024      5     10     15     54     00    000   8.57   3.42  -2.17
2024      5     10     15     55     00    000   8.55   3.42  -2.16
2024      5     10     15     56     00    000   8.53   3.43  -2.16
2024      5     10     15     57     00    000   8.51   3.43  -2.15
2024      5     10     15     58     00    000   8.49   3.44  -2.14
2024      5     10     15     59     00    000   8.47   3.45  -2.14
2024      5     10     16     00     00    000   8.45   3.45  -2.13
2024      5     10     16     01     00    000   8.43   3.46  -2.13
2024      5     10     16     02     00    000   8.41   3.47  -2.12
2024      5     10     16     03     00    000   8.40   3.47  -2.11
2024      5     10     16     04     00    000   8.38   3.48  -2.11
2024      5     10     16     05     00    000   8.36   3.48  -2.10
2024      5     10     16     06     00    000   8.34   3.49  -2.10
2024      5     10     16     07     00    000   8.32   3.50  -2.09
2024      5     10     16     08     00    000   8.30   3.50  -2.08
2024      5     10     16     09     00    000   8.28   3.51  -2.08
2024      5     10     16     10     00    000   8.26   3.52  -2.07
2024      5     10     16     11     00    000   8.24   3.52  -2.06
2024      5     10     16     12     00    000   8.22   3.53  -2.06
2024      5     10     16     13     00    000   8.20   3.53  -2.05
2024      5     10     16     14     00    000   8.18   3.54  -2.05
2024      5     10     16     15     00    000   8.16   3.54  -2.04
2024      5     10     16     16     00    000   8.14   3.55  -2.03
2024      5     10     16     17     00    000   8.11   3.56  -2.03
2024      5     10     16     18     00    000   8.09   3.56  -2.02
2024      5     10     16     19     00    000   8.07   3.57  -2.01
2024      5     10     16     20     00    000   8.05   3.57  -2.01
2024      5     10     16     21     00    000   8.03   3.58  -2.00
2024      5     10     16     22     00    000   8.01   3.58  -1.99
2024      5     10     16     23     00    000   7.99   3.59  -1.99
2024      5     10     16     24     00    000   7.97   3.60  -1.98
2024      5     10     16     25     00    000   7.95   3.60  -1.97
2024      5     10     16     26     00    000   7.93   3.61  -1.97
2024      5     10     16     27     00    000   7.91   3.61  -1.96
2024      5     10     16     28     00    000   7.89   3.62  -1.95
2024      5     10     16     29     00    000   7.87   3.62  -1.95
2024      5     10     16     30     00    000   7.84   3.63  -1.94
2024      5     10     16     31     00    000   7.82   3.63  -1.93
2024      5     10     16     32     00    000   7.80   3.64  -1.93
2024      5     10     16     33     00    000   7.78   3.64  -1.92
2024      5     10     16     34     00    000   7.76   3.65  -1.91
2024      5     10     16     35     00    000   7.74   3.65  -1.91
2024      5     10     16     36     00    000   7.72   3.66  -1.90
2024      5     10     16     37     00    000   7.69   3.66  -1.89
2024      5     10     16     38     00    000   7.67   3.67  -1.88
2024      5     10     16     39     00    000   7.65   3.67  -1.88
2024      5     10     16     40     00    000   7.63   3.68  -1.87
2024      5     10     16     41     00    000   7.61   3.68  -1.86
2024      5     10     16     42     00    000   7.58   3.69  -1.86
2024      5     10     16     43     00    000   7.56   3.69  -1.85
2024      5     10     16     44     00    000   7.54   3.70  -1.84
2024      5     10     16     45     00    000   7.52   3.70  -1.84
2024      5     10     16     46     00    000   7.50   3.71  -1.83
2024      5     10     16     47     00    000   7.47   3.71  -1.82
2024      5     10     16     48     00    000   7.45   3.72  -1.81
2024      5     10     16     49     00    000   7.43   3.72  -1.81
2024      5     10     16     50     00    000   7.41   3.73  -1.80
2024      5     10     16     51     00    000   7.38   3.73  -1.79
2024      5     10     16     52     00    000   7.36   3.74  -1.78
2024      5     10     16     53     00    000   7.34   3.74  -1.78
2024      5     10     16     54     00    000   7.32   3.74  -1.77
2024      5     10     16     55     00    000   7.29   3.75  -1.76
2024      5     10     16     56     00    000   7.27   3.75  -1.76
2024      5     10     16     57     00    000   7.25   3.76  -1.75
2024      5     10     16     58     00    000   7.22   3.76  -1.74
2024      5     10     16     59     00    000   7.20   3.77  -1.73
2024      5     10     17     00     00    000   7.18   3.77  -1.73
2024      5     10     17     01     00    000   7.15   3.77  -1.72
2024      5     10     17     02     00    000   7.13   3.78  -1.71
2024      5     10     17     03     00    000   7.11   3.78  -1.70
2024      5     10     17     04     00    000   7.08   3.79  -1.70
2024      5     10     17     05     00    000   7.06   3.79  -1.69
2024      5     10     17     06     00    000   7.04   3.79  -1.68
2024      5     10     17     07     00    000   7.01   3.80  -1.67
2024      5     10     17     08     00    000   6.99   3.80  -1.66
2024      5     10     17     09     00    000   6.97   3.80  -1.66
2024      5     10     17     10     00    000   6.94   3.81  -1.65
2024      5     10     17     11     00    000   6.92   3.81  -1.64
2024      5     10     17     12     00    000   6.89   3.81  -1.63
2024      5     10     17     13     00    000   6.87   3.82  -1.63
2024      5     10     17     14     00    000   6.85   3.82  -1.62
2024      5     10     17     15     00    000   6.82   3.83  -1.61
2024      5     10     17     16     00    000   6.80   3.83  -1.60
2024      5     10     17     17     00    000   6.77   3.83  -1.60
2024      5     10     17     18     00    000   6.75   3.83  -1.59
2024      5     10     17     19     00    000   6.72   3.84  -1.58
2024      5     10     17     20     00    000   6.70   3.84  -1.57
2024      5     10     17     21     00    000   6.67   3.84  -1.56
2024      5     10     17     22     00    000   6.65   3.85  -1.56
2024      5     10     17     23     00    000   6.62   3.85  -1.55
2024      5     10     17     24     00    000   6.60   3.85  -1.54
2024      5     10     17     25     00    000   6.57   3.86  -1.53
2024      5     10     17     26     00    000   6.55   3.86  -1.52
2024      5     10     17     27     00    000   6.52   3.86  -1.52
2024      5     10     17     28     00    000   6.50   3.86  -1.51
2024      5     10     17     29     00    000   6.47   3.87  -1.50
2024      5     10     17     30     00    000   6.45   3.87  -1.49
2024      5     10     17     31     00    000   6.42   3.87  -1.48
2024      5     10     17     32     00    000   6.40   3.87  -1.48
2024      5     10     17     33     00    000   6.37   3.88  -1.47
2024      5     10     17     34     00    000   6.35   3.88  -1.46
2024      5     10     17     35     00    000   6.32   3.88  -1.45
2024      5     10     17     36     00    000   6.29   3.88  -1.44
2024      5     10     17     37     00    000   6.27   3.89  -1.43
2024      5     10     17     38     00    000   6.24   3.89  -1.43
2024      5     10     17     39     00    000   6.22   3.89  -1.42
2024      5     10     17     40     00    000   6.19   3.89  -1.41
2024      5     10     17     41     00    000   6.16   3.89  -1.40
2024      5     10     17     42     00    000   6.14   3.90  -1.39
2024      5     10     17     43     00    000   6.11   3.90  -1.39
2024      5     10     17     44     00    000   6.08   3.90  -1.38
2024      5     10     17     45     00    000   6.06   3.90  -1.37
2024      5     10     17     46     00    000   6.03   3.90  -1.36
2024      5     10     17     47     00    000   6.00   3.90  -1.35
2024      5     10     17     48     00    000   5.98   3.90  -1.34
2024      5     10     17     49     00    000   5.95   3.91  -1.34
2024      5     10     17     50     00    000   5.92   3.91  -1.33
2024      5     10     17     51     00    000   5.90   3.91  -1.32
2024      5     10     17     52     00    000   5.87   3.91  -1.31
2024      5     10     17     53     00    000   5.84   3.91  -1.30
2024      5     10     17     54     00    000   5.81   3.91  -1.29
2024      5     10     17     55     00    000   5.79   3.91  -1.28
2024      5     10     17     56     00    000   5.76   3.91  -1.28
2024      5     10     17     57     00    000   5.73   3.91  -1.27
2024      5     10     17     58     00    000   5.70   3.91  -1.26
2024      5     10     17     59     00    000   5.68   3.92  -1.25
2024      5     10     18     00     00    000   5.65   3.92  -1.24
2024      5     10     18     01     00    000   5.62   3.92  -1.23
2024      5     10     18     02     00    000   5.59   3.92  -1.22
2024      5     10     18     03     00    000   5.56   3.92  -1.22
2024      5     10     18     04     00    000   5.54   3.92  -1.21
2024      5     10     18     05     00    000   5.51   3.92  -1.20
2024      5     10     18     06     00    000   5.48   3.92  -1.19
2024      5     10     18     07     00    000   5.45   3.92  -1.18
2024      5     10     18     08     00    000   5.42   3.92  -1.17
2024      5     10     18     09     00    000   5.39   3.92  -1.16
2024      5     10     18     10     00    000   5.36   3.92  -1.15
2024      5     10     18     11     00    000   5.33   3.92  -1.15
2024      5     10     18     12     00    000   5.31   3.92  -1.14
2024      5     10     18     13     00    000   5.28   3.92  -1.13
2024      5     10     18     14     00    000   5.25   3.92  -1.12
2024      5     10     18     15     00    000   5.22   3.92  -1.11
2024      5     10     18     16     00    000   5.19   3.91  -1.10
2024      5     10     18     17     00    000   5.16   3.91  -1.09
2024      5     10     18     18     00    000   5.13   3.91  -1.08
2024      5     10     18     19     00    000   5.10   3.91  -1.08
2024      5     10     18     20     00    000   5.07   3.91  -1.07
2024      5     10     18     21     00    000   5.04   3.91  -1.06
2024      5     10     18     22     00    000   5.01   3.91  -1.05
2024      5     10     18     23     00    000   4.98   3.91  -1.04
2024      5     10     18     24     00    000   4.95   3.91  -1.03
2024      5     10     18     25     00    000   4.92   3.90  -1.02
2024      5     10     18     26     00    000   4.89   3.90  -1.01
2024      5     10     18     27     00    000   4.86   3.90  -1.00
2024      5     10     18     28     00    000   4.83   3.90  -1.00
2024      5     10     18     29     00    000   4.80   3.90  -0.99
2024      5     10     18     30     00    000   4.76   3.89  -0.98
2024      5     10     18     31     00    000   4.73   3.89  -0.97
2024      5     10     18     32     00    000   4.70   3.89  -0.96
2024      5     10     18     33     00    000   4.67   3.89  -0.95
2024      5     10     18     34     00    000   4.64   3.89  -0.94
2024      5     10     18     35     00    000   4.61   3.88  -0.93
2024      5     10     18     36     00    000   4.58   3.88  -0.92
2024      5     10     18     37     00    000   4.55   3.88  -0.91
2024      5     10     18     38     00    000   4.51   3.87  -0.91
2024      5     10     18     39     00    000   4.48   3.87  -0.90
2024      5     10     18     40     00    000   4.45   3.87  -0.89
2024      5     10     18     41     00    000   4.42   3.87  -0.88
2024      5     10     18     42     00    000   4.38   3.86  -0.87
2024      5     10     18     43     00    000   4.35   3.86  -0.86
2024      5     10     18     44     00    000   4.32   3.85  -0.85
2024      5     10     18     45     00    000   4.29   3.85  -0.84
2024      5     10     18     46     00    000   4.25   3.85  -0.83
2024      5     10     18     47     00    000   4.22   3.84  -0.82
2024      5     10     18     48     00    000   4.19   3.84  -0.81
2024      5     10     18     49     00    000   4.16   3.84  -0.80
2024      5     10     18     50     00    000   4.12   3.83  -0.80
2024      5     10     18     51     00    000   4.09   3.83  -0.79
2024      5     10     18     52     00    000   4.06   3.82  -0.78
2024      5     10     18     53     00    000   4.02   3.82  -0.77
2024      5     10     18     54     00    000   3.99   3.81  -0.76
2024      5     10     18     55     00    000   3.95   3.81  -0.75
2024      5     10     18     56     00    000   3.92   3.80  -0.74
2024      5     10     18     57     00    000   3.89   3.80  -0.73
2024      5     10     18     58     00    000   3.85   3.79  -0.72
2024      5     10     18     59     00    000   3.82   3.79  -0.71
2024      5     10     19     00     00    000   3.78   3.78  -0.70
2024      5     10     19     01     00    000   3.75   3.78  -0.69
2024      5     10     19     02     00    000   3.71   3.77  -0.68
2024      5     10     19     03     00    000   3.68   3.76  -0.67
2024      5     10     19     04     00    000   3.64   3.76  -0.67
2024      5     10     19     05     00    000   3.61   3.75  -0.66
2024      5     10     19     06     00    000   3.57   3.74  -0.65
2024      5     10     19     07     00    000   3.54   3.74  -0.64
2024      5     10     19     08     00    000   3.50   3.73  -0.63
2024      5     10     19     09     00    000   3.47   3.72  -0.62
2024      5     10     19     10     00    000   3.43   3.72  -0.61
2024      5     10     19     11     00    000   3.39   3.71  -0.60
2024      5     10     19     12     00    000   3.36   3.70  -0.59
2024      5     10     19     13     00    000   3.32   3.69  -0.58
2024      5     10     19     14     00    000   3.29   3.69  -0.57
2024      5     10     19     15     00    000   3.25   3.68  -0.56
2024      5     10     19     16     00    000   3.21   3.67  -0.55
2024      5     10     19     17     00    000   3.17   3.66  -0.54
2024      5     10     19     18     00    000   3.14   3.65  -0.53
2024      5     10     19     19     00    000   3.10   3.64  -0.52
2024      5     10     19     20     00    000   3.06   3.64  -0.51
2024      5     10     19     21     00    000   3.03   3.63  -0.51
2024      5     10     19     22     00    000   2.99   3.62  -0.50
2024      5     10     19     23     00    000   2.95   3.61  -0.49
2024      5     10     19     24     00    000   2.91   3.60  -0.48
2024      5     10     19     25     00    000   2.87   3.59  -0.47
2024      5     10     19     26     00    000   2.84   3.58  -0.46
2024      5     10     19     27     00    000   2.80   3.57  -0.45
2024      5     10     19     28     00    000   2.76   3.56  -0.44
2024      5     10     19     29     00    000   2.72   3.55  -0.43
2024      5     10     19     30     00    000   2.68   3.53  -0.42
2024      5     10     19     31     00    000   2.64   3.52  -0.41
2024      5     10     19     32     00    000   2.60   3.51  -0.40
2024      5     10     19     33     00    000   2.56   3.50  -0.39
2024      5     10     19     34     00    000   2.52   3.49  -0.38
2024      5     10     19     35     00    000   2.48   3.48  -0.37
2024      5     10     19     36     00    000   2.44   3.46  -0.36
2024      5     10     19     37     00    000   2.40   3.45  -0.35
2024      5     10     19     38     00    000   2.36   3.44  -0.34
2024      5     10     19     39     00    000   2.32   3.42  -0.33
2024      5     10     19     40     00    000   2.28   3.41  -0.32
2024      5     10     19     41     00    000   2.24   3.40  -0.31
2024      5     10     19     42     00    000   2.20   3.38  -0.31
2024      5     10     19     43     00    000   2.16   3.37  -0.30
2024      5     10     19     44     00    000   2.12   3.35  -0.29
2024      5     10     19     45     00    000   2.07   3.34  -0.28
2024      5     10     19     46     00    000   2.03   3.32  -0.27
2024      5     10     19     47     00    000   1.99   3.31  -0.26
2024      5     10     19     48     00    000   1.95   3.29  -0.25
2024      5     10     19     49     00    000   1.91   3.28  -0.24
2024      5     10     19     50     00    000   1.86   3.26  -0.23
2024      5     10     19     51     00    000   1.82   3.24  -0.22
2024      5     10     19     52     00    000   1.78   3.22  -0.21
2024      5     10     19     53     00    000   1.73   3.21  -0.20
2024      5     10     19     54     00    000   1.69   3.19  -0.19
2024      5     10     19     55     00    000   1.65   3.17  -0.18
2024      5     10     19     56     00    000   1.60   3.15  -0.17
2024      5     10     19     57     00    000   1.56   3.13  -0.16
2024      5     10     19     58     00    000   1.52   3.11  -0.15
2024      5     10     19     59     00    000   1.47   3.09  -0.14
2024      5     10     20     00     00    000   1.43   3.07  -0.13
2024      5     10     20     01     00    000   1.38   3.05  -0.12
2024      5     10     20     02     00    000   1.34   3.03  -0.11
2024      5     10     20     03     00    000   1.29   3.01  -0.10
2024      5     10     20     04     00    000   1.25   2.98  -0.10
2024      5     10     20     05     00    000   1.20   2.96  -0.09
2024      5     10     20     06     00    000   1.15   2.94  -0.08
2024      5     10     20     07     00    000   1.11   2.91  -0.07
2024      5     10     20     08     00    000   1.06   2.89  -0.06
2024      5     10     20     09     00    000   1.02   2.86  -0.05
2024      5     10     20     10     00    000   0.97   2.84  -0.04
2024      5     10     20     11     00    000   0.92   2.81  -0.03
2024      5     10     20     12     00    000   0.88   2.79  -0.02
2024      5     10     20     13     00    000   0.83   2.76  -0.01
2024      5     10     20     14     00    000   0.78   2.73  -0.00
2024      5     10     20     15     00    000   0.73   2.70   0.01
2024      5     10     20     16     00    000   0.69   2.67   0.02
2024      5     10     20     17     00    000   0.64   2.64   0.03
2024      5     10     20     18     00    000   0.59   2.61   0.03
2024      5     10     20     19     00    000   0.54   2.58   0.04
2024      5     10     20     20     00    000   0.49   2.55   0.05
2024      5     10     20     21     00    000   0.44   2.51   0.06
2024      5     10     20     22     00    000   0.39   2.48   0.07
2024      5     10     20     23     00    000   0.35   2.45   0.08
2024      5     10     20     24     00    000   0.30   2.41   0.09
2024      5     10     20     25     00    000   0.25   2.37   0.10
2024      5     10     20     26     00    000   0.20   2.34   0.11
2024      5     10     20     27     00    000   0.15   2.30   0.11
2024      5     10     20     28     00    000   0.10   2.26   0.12
2024      5     10     20     29     00    000   0.05   2.22   0.13
2024      5     10     20     30     00    000   0.00   2.17   0.14
2024      5     10     20     31     00    000  -0.05   2.13   0.15
2024      5     10     20     32     00    000  -0.10   2.09   0.16
2024      5     10     20     33     00    000  -0.15   2.04   0.16
2024      5     10     20     34     00    000  -0.20   1.99   0.17
2024      5     10     20     35     00    000  -0.25   1.95   0.18
2024      5     10     20     36     00    000  -0.30   1.90   0.19
2024      5     10     20     37     00    000  -0.34   1.84   0.19
2024      5     10     20     38     00    000  -0.39   1.79   0.20
2024      5     10     20     39     00    000  -0.44   1.74   0.21
2024      5     10     20     40     00    000  -0.49   1.68   0.21
2024      5     10     20     41     00    000  -0.54   1.62   0.22
2024      5     10     20     42     00    000  -0.58   1.57   0.23
2024      5     10     20     43     00    000  -0.63   1.50   0.23
2024      5     10     20     44     00    000  -0.67   1.44   0.24
2024      5     10     20     45     00    000  -0.72   1.38   0.24
2024      5     10     20     46     00    000  -0.76   1.31   0.25
2024      5     10     20     47     00    000  -0.80   1.24   0.25
2024      5     10     20     48     00    000  -0.84   1.17   0.25
2024      5     10     20     49     00    000  -0.88   1.10   0.26
2024      5     10     20     50     00    000  -0.92   1.02   0.26
2024      5     10     20     51     00    000  -0.96   0.94   0.26
2024      5     10     20     52     00    000  -0.99   0.86   0.26
2024      5     10     20     53     00    000  -1.02   0.78   0.26
2024      5     10     20     54     00    000  -1.05   0.70   0.26
2024      5     10     20     55     00    000  -1.08   0.62   0.26
2024      5     10     20     56     00    000  -1.10   0.53   0.26
2024      5     10     20     57     00    000  -1.12   0.44   0.26
2024      5     10     20     58     00    000  -1.14   0.35   0.26
2024      5     10     20     59     00    000  -1.15   0.26   0.25
2024      5     10     21     00     00    000  -1.16   0.17   0.25
2024      5     10     21     01     00    000  -1.17   0.08   0.24
2024      5     10     21     02     00    000  -1.17  -0.01   0.24
2024      5     10     21     03     00    000  -1.17  -0.11   0.23
2024      5     10     21     04     00    000  -1.16  -0.20   0.22
2024      5     10     21     05     00    000  -1.15  -0.29   0.21
2024      5     10     21     06     00    000  -1.14  -0.38   0.20
2024      5     10     21     07     00    000  -1.12  -0.47   0.19
2024      5     10     21     08     00    000  -1.10  -0.56   0.18
2024      5     10     21     09     00    000  -1.08  -0.64   0.17
2024      5     10     21     10     00    000  -1.06  -0.73   0.16
2024      5     10     21     11     00    000  -1.03  -0.81   0.15
2024      5     10     21     12     00    000  -1.00  -0.89   0.13
2024      5     10     21     13     00    000  -0.96  -0.97   0.12
2024      5     10     21     14     00    000  -0.93  -1.04   0.11
2024      5     10     21     15     00    000  -0.89  -1.12   0.09
2024      5     10     21     16     00    000  -0.85  -1.19   0.08
2024      5     10     21     17     00    000  -0.81  -1.26   0.07
2024      5     10     21     18     00    000  -0.77  -1.33   0.05
2024      5     10     21     19     00    000  -0.73  -1.39   0.04
2024      5     10     21     20     00    000  -0.69  -1.46   0.02
2024      5     10     21     21     00    000  -0.64  -1.52   0.01
2024      5     10     21     22     00    000  -0.60  -1.58  -0.01
2024      5     10     21     23     00    000  -0.55  -1.64  -0.02
2024      5     10     21     24     00    000  -0.50  -1.69  -0.03
2024      5     10     21     25     00    000  -0.46  -1.75  -0.05
2024      5     10     21     26     00    000  -0.41  -1.80  -0.06
2024      5     10     21     27     00    000  -0.36  -1.85  -0.08
2024      5     10     21     28     00    000  -0.31  -1.90  -0.09
2024      5     10     21     29     00    000  -0.26  -1.95  -0.11
2024      5     10     21     30     00    000  -0.22  -2.00  -0.12
2024      5     10     21     31     00    000  -0.17  -2.04  -0.14
2024      5     10     21     32     00    000  -0.12  -2.09  -0.15
2024      5     10     21     33     00    000  -0.07  -2.13  -0.16
2024      5     10     21     34     00    000  -0.02  -2.17  -0.18
2024      5     10     21     35     00    000   0.03  -2.21  -0.19
2024      5     10     21     36     00    000   0.08  -2.25  -0.20
2024      5     10     21     37     00    000   0.13  -2.29  -0.22
2024      5     10     21     38     00    000   0.18  -2.33  -0.23
2024      5     10     21     39     00    000   0.22  -2.37  -0.25
2024      5     10     21     40     00    000   0.27  -2.40  -0.26
2024      5     10     21     41     00    000   0.32  -2.44  -0.27
2024      5     10     21     42     00    000   0.37  -2.47  -0.29
2024      5     10     21     43     00    000   0.42  -2.50  -0.30
2024      5     10     21     44     00    000   0.47  -2.54  -0.31
2024      5     10     21     45     00    000   0.52  -2.57  -0.32
2024      5     10     21     46     00    000   0.56  -2.60  -0.34
2024      5     10     21     47     00    000   0.61  -2.63  -0.35
2024      5     10     21     48     00    000   0.66  -2.66  -0.36
2024      5     10     21     49     00    000   0.71  -2.69  -0.37
2024      5     10     21     50     00    000   0.75  -2.71  -0.39
2024      5     10     21     51     00    000   0.80  -2.74  -0.40
2024      5     10     21     52     00    000   0.85  -2.77  -0.41
2024      5     10     21     53     00    000   0.89  -2.79  -0.42
2024      5     10     21     54     00    000   0.94  -2.82  -0.44
2024      5     10     21     55     00    000   0.99  -2.84  -0.45
2024      5     10     21     56     00    000   1.03  -2.87  -0.46
2024      5     10     21     57     00    000   1.08  -2.89  -0.47
2024      5     10     21     58     00    000   1.12  -2.91  -0.48
2024      5     10     21     59     00    000   1.17  -2.94  -0.49
2024      5     10     22     00     00    000   1.22  -2.96  -0.51
2024      5     10     22     01     00    000   1.26  -2.98  -0.52
2024      5     10     22     02     00    000   1.31  -3.00  -0.53
2024      5     10     22     03     00    000   1.35  -3.02  -0.54
2024      5     10     22     04     00    000   1.40  -3.04  -0.55
2024      5     10     22     05     00    000   1.44  -3.06  -0.56
2024      5     10     22     06     00    000   1.48  -3.08  -0.57
2024      5     10     22     07     00    000   1.53  -3.10  -0.58
2024      5     10     22     08     00    000   1.57  -3.12  -0.60
2024      5     10     22     09     00    000   1.62  -3.14  -0.61
2024      5     10     22     10     00    000   1.66  -3.15  -0.62
2024      5     10     22     11     00    000   1.70  -3.17  -0.63
2024      5     10     22     12     00    000   1.74  -3.19  -0.64
2024      5     10     22     13     00    000   1.79  -3.20  -0.65
2024      5     10     22     14     00    000   1.83  -3.22  -0.66
2024      5     10     22     15     00    000   1.87  -3.24  -0.67
2024      5     10     22     16     00    000   1.91  -3.25  -0.68
2024      5     10     22     17     00    000   1.96  -3.27  -0.69
2024      5     10     22     18     00    000   2.00  -3.28  -0.70
2024      5     10     22     19     00    000   2.04  -3.30  -0.71
2024      5     10     22     20     00    000   2.08  -3.31  -0.72
2024      5     10     22     21     00    000   2.12  -3.33  -0.73
2024      5     10     22     22     00    000   2.16  -3.34  -0.74
2024      5     10     22     23     00    000   2.20  -3.35  -0.75
2024      5     10     22     24     00    000   2.25  -3.37  -0.76
2024      5     10     22     25     00    000   2.29  -3.38  -0.77
2024      5     10     22     26     00    000   2.33  -3.39  -0.78
2024      5     10     22     27     00    000   2.37  -3.41  -0.79
2024      5     10     22     28     00    000   2.41  -3.42  -0.80
2024      5     10     22     29     00    000   2.45  -3.43  -0.81
2024      5     10     22     30     00    000   2.49  -3.44  -0.81
2024      5     10     22     31     00    000   2.53  -3.45  -0.82
2024      5     10     22     32     00    000   2.57  -3.46  -0.83
2024      5     10     22     33     00    000   2.60  -3.48  -0.84
2024      5     10     22     34     00    000   2.64  -3.49  -0.85
2024      5     10     22     35     00    000   2.68  -3.50  -0.86
2024      5     10     22     36     00    000   2.72  -3.51  -0.87
2024      5     10     22     37     00    000   2.76  -3.52  -0.88
2024      5     10     22     38     00    000   2.80  -3.53  -0.89
2024      5     10     22     39     00    000   2.84  -3.54  -0.89
2024      5     10     22     40     00    000   2.87  -3.55  -0.90
2024      5     10     22     41     00    000   2.91  -3.56  -0.91
2024      5     10     22     42     00    000   2.95  -3.57  -0.92
2024      5     10     22     43     00    000   2.99  -3.58  -0.93
2024      5     10     22     44     00    000   3.02  -3.58  -0.94
2024      5     10     22     45     00    000   3.06  -3.59  -0.95
2024      5     10     22     46     00    000   3.10  -3.60  -0.95
2024      5     10     22     47     00    000   3.14  -3.61  -0.96
2024      5     10     22     48     00    000   3.17  -3.62  -0.97
2024      5     10     22     49     00    000   3.21  -3.63  -0.98
2024      5     10     22     50     00    000   3.25  -3.64  -0.99
2024      5     10     22     51     00    000   3.28  -3.64  -0.99
2024      5     10     22     52     00    000   3.32  -3.65  -1.00
2024      5     10     22     53     00    000   3.36  -3.66  -1.01
2024      5     10     22     54     00    000   3.39  -3.67  -1.02
2024      5     10     22     55     00    000   3.43  -3.67  -1.03
2024      5     10     22     56     00    000   3.46  -3.68  -1.03
2024      5     10     22     57     00    000   3.50  -3.69  -1.04
2024      5     10     22     58     00    000   3.53  -3.69  -1.05
2024      5     10     22     59     00    000   3.57  -3.70  -1.06
2024      5     10     23     00     00    000   3.60  -3.71  -1.06
2024      5     10     23     01     00    000   3.64  -3.71  -1.07
2024      5     10     23     02     00    000   3.67  -3.72  -1.08
2024      5     10     23     03     00    000   3.71  -3.72  -1.08
2024      5     10     23     04     00    000   3.74  -3.73  -1.09
2024      5     10     23     05     00    000   3.78  -3.74  -1.10
2024      5     10     23     06     00    000   3.81  -3.74  -1.11
2024      5     10     23     07     00    000   3.85  -3.75  -1.11
2024      5     10     23     08     00    000   3.88  -3.75  -1.12
2024      5     10     23     09     00    000   3.91  -3.76  -1.13
2024      5     10     23     10     00    000   3.95  -3.76  -1.13
2024      5     10     23     11     00    000   3.98  -3.77  -1.14
2024      5     10     23     12     00    000   4.01  -3.77  -1.15
2024      5     10     23     13     00    000   4.05  -3.78  -1.16
2024      5     10     23     14     00    000   4.08  -3.78  -1.16
2024      5     10     23     15     00    000   4.11  -3.79  -1.17
2024      5     10     23     16     00    000   4.15  -3.79  -1.18
2024      5     10     23     17     00    000   4.18  -3.80  -1.18
2024      5     10     23     18     00    000   4.21  -3.80  -1.19
2024      5     10     23     19     00    000   4.25  -3.81  -1.19
2024      5     10     23     20     00    000   4.28  -3.81  -1.20
2024      5     10     23     21     00    000   4.31  -3.81  -1.21
2024      5     10     23     22     00    000   4.34  -3.82  -1.21
2024      5     10     23     23     00    000   4.38  -3.82  -1.22
2024      5     10     23     24     00    000   4.41  -3.83  -1.23
2024      5     10     23     25     00    000   4.44  -3.83  -1.23
2024      5     10     23     26     00    000   4.47  -3.83  -1.24
2024      5     10     23     27     00    000   4.50  -3.84  -1.25
2024      5     10     23     28     00    000   4.53  -3.84  -1.25
2024      5     10     23     29     00    000   4.57  -3.84  -1.26
2024      5     10     23     30     00    000   4.60  -3.85  -1.26
2024      5     10     23     31     00    000   4.63  -3.85  -1.27
2024      5     10     23     32     00    000   4.66  -3.85  -1.28
2024      5     10     23     33     00    000   4.69  -3.86  -1.28
2024      5     10     23     34     00    000   4.72  -3.86  -1.29
2024      5     10     23     35     00    000   4.75  -3.86  -1.29
2024      5     10     23     36     00    000   4.78  -3.86  -1.30
2024      5     10     23     37     00    000   4.81  -3.87  -1.30
2024      5     10     23     38     00    000   4.85  -3.87  -1.31
2024      5     10     23     39     00    000   4.88  -3.87  -1.32
2024      5     10     23     40     00    000   4.91  -3.87  -1.32
2024      5     10     23     41     00    000   4.94  -3.88  -1.33
2024      5     10     23     42     00    000   4.97  -3.88  -1.33
2024      5     10     23     43     00    000   5.00  -3.88  -1.34
2024      5     10     23     44     00    000   5.03  -3.88  -1.34
2024      5     10     23     45     00    000   5.06  -3.89  -1.35
2024      5     10     23     46     00    000   5.09  -3.89  -1.35
2024      5     10     23     47     00    000   5.12  -3.89  -1.36
2024      5     10     23     48     00    000   5.15  -3.89  -1.36
2024      5     10     23     49     00    000   5.17  -3.89  -1.37
2024      5     10     23     50     00    000   5.20  -3.89  -1.38
2024      5     10     23     51     00    000   5.23  -3.90  -1.38
2024      5     10     23     52     00    000   5.26  -3.90  -1.39
2024      5     10     23     53     00    000   5.29  -3.90  -1.39
2024      5     10     23     54     00    000   5.32  -3.90  -1.40
2024      5     10     23     55     00    000   5.35  -3.90  -1.40
2024      5     10     23     56     00    000   5.38  -3.90  -1.41
2024      5     10     23     57     00    000   5.41  -3.90  -1.41
2024      5     10     23     58     00    000   5.44  -3.91  -1.42
2024      5     10     23     59     00    000   5.46  -3.91  -1.42
2024      5     11     00     00     00    000   5.49  -3.91  -1.43
2024      5     11     00     01     00    000   5.52  -3.91  -1.43
2024      5     11     00     02     00    000   5.55  -3.91  -1.44
2024      5     11     00     03     00    000   5.58  -3.91  -1.44
2024      5     11     00     04     00    000   5.60  -3.91  -1.44
2024      5     11     00     05     00    000   5.63  -3.91  -1.45
2024      5     11     00     06     00    000   5.66  -3.91  -1.45
2024      5     11     00     07     00    000   5.69  -3.91  -1.46
2024      5     11     00     08     00    000   5.72  -3.91  -1.46
2024      5     11     00     09     00    000   5.74  -3.92  -1.47
2024      5     11     00     10     00    000   5.77  -3.92  -1.47
2024      5     11     00     11     00    000   5.80  -3.92  -1.48
2024      5     11     00     12     00    000   5.83  -3.92  -1.48
2024      5     11     00     13     00    000   5.85  -3.92  -1.49
2024      5     11     00     14     00    000   5.88  -3.92  -1.49
2024      5     11     00     15     00    000   5.91  -3.92  -1.49
2024      5     11     00     16     00    000   5.93  -3.92  -1.50
2024      5     11     00     17     00    000   5.96  -3.92  -1.50
2024      5     11     00     18     00    000   5.99  -3.92  -1.51
2024      5     11     00     19     00    000   6.01  -3.92  -1.51
2024      5     11     00     20     00    000   6.04  -3.92  -1.52
2024      5     11     00     21     00    000   6.07  -3.92  -1.52
2024      5     11     00     22     00    000   6.09  -3.92  -1.52
2024      5     11     00     23     00    000   6.12  -3.92  -1.53
2024      5     11     00     24     00    000   6.15  -3.92  -1.53
2024      5     11     00     25     00    000   6.17  -3.92  -1.54
2024      5     11     00     26     00    000   6.20  -3.92  -1.54
2024      5     11     00     27     00    000   6.22  -3.92  -1.54
2024      5     11     00     28     00    000   6.25  -3.92  -1.55
2024      5     11     00     29     00    000   6.28  -3.92  -1.55
2024      5     11     00     30     00    000   6.30  -3.92  -1.56
2024      5     11     00     31     00    000   6.33  -3.92  -1.56
2024      5     11     00     32     00    000   6.35  -3.91  -1.56
2024      5     11     00     33     00    000   6.38  -3.91  -1.57
2024      5     11     00     34     00    000   6.40  -3.91  -1.57
2024      5     11     00     35     00    000   6.43  -3.91  -1.57
2024      5     11     00     36     00    000   6.45  -3.91  -1.58
2024      5     11     00     37     00    000   6.48  -3.91  -1.58
2024      5     11     00     38     00    000   6.51  -3.91  -1.59
2024      5     11     00     39     00    000   6.53  -3.91  -1.59
2024      5     11     00     40     00    000   6.56  -3.91  -1.59
2024      5     11     00     41     00    000   6.58  -3.91  -1.60
2024      5     11     00     42     00    000   6.61  -3.91  -1.60
2024      5     11     00     43     00    000   6.63  -3.91  -1.60
2024      5     11     00     44     00    000   6.65  -3.91  -1.61
2024      5     11     00     45     00    000   6.68  -3.90  -1.61
2024      5     11     00     46     00    000   6.70  -3.90  -1.61
2024      5     11     00     47     00    000   6.73  -3.90  -1.62
2024      5     11     00     48     00    000   6.75  -3.90  -1.62
2024      5     11     00     49     00    000   6.78  -3.90  -1.62
2024      5     11     00     50     00    000   6.80  -3.90  -1.63
2024      5     11     00     51     00    000   6.83  -3.90  -1.63
2024      5     11     00     52     00    000   6.85  -3.90  -1.63
2024      5     11     00     53     00    000   6.87  -3.90  -1.64
2024      5     11     00     54     00    000   6.90  -3.89  -1.64
2024      5     11     00     55     00    000   6.92  -3.89  -1.64
2024      5     11     00     56     00    000   6.95  -3.89  -1.65
2024      5     11     00     57     00    000   6.97  -3.89  -1.65
2024      5     11     00     58     00    000   6.99  -3.89  -1.65
2024      5     11     00     59     00    000   7.02  -3.89  -1.66
2024      5     11     01     00     00    000   7.04  -3.89  -1.66
2024      5     11     01     01     00    000   7.06  -3.88  -1.66
2024      5     11     01     02     00    000   7.09  -3.88  -1.66
2024      5     11     01     03     00    000   7.11  -3.88  -1.67
2024      5     11     01     04     00    000   7.13  -3.88  -1.67
2024      5     11     01     05     00    000   7.16  -3.88  -1.67
2024      5     11     01     06     00    000   7.18  -3.88  -1.68
2024      5     11     01     07     00    000   7.20  -3.87  -1.68
2024      5     11     01     08     00    000   7.23  -3.87  -1.68
2024      5     11     01     09     00    000   7.25  -3.87  -1.69
2024      5     11     01     10     00    000   7.27  -3.87  -1.69
2024      5     11     01     11     00    000   7.29  -3.87  -1.69
2024      5     11     01     12     00    000   7.32  -3.87  -1.69
2024      5     11     01     13     00    000   7.34  -3.86  -1.70
2024      5     11     01     14     00    000   7.36  -3.86  -1.70
2024      5     11     01     15     00    000   7.38  -3.86  -1.70
2024      5     11     01     16     00    000   7.41  -3.86  -1.70
2024      5     11     01     17     00    000   7.43  -3.86  -1.71
2024      5     11     01     18     00    000   7.45  -3.85  -1.71
2024      5     11     01     19     00    000   7.47  -3.85  -1.71
2024      5     11     01     20     00    000   7.50  -3.85  -1.71
2024      5     11     01     21     00    000   7.52  -3.85  -1.72
2024      5     11     01     22     00    000   7.54  -3.85  -1.72
2024      5     11     01     23     00    000   7.56  -3.84  -1.72
2024      5     11     01     24     00    000   7.58  -3.84  -1.73
2024      5     11     01     25     00    000   7.61  -3.84  -1.73
2024      5     11     01     26     00    000   7.63  -3.84  -1.73
2024      5     11     01     27     00    000   7.65  -3.83  -1.73
2024      5     11     01     28     00    000   7.67  -3.83  -1.73
2024      5     11     01     29     00    000   7.69  -3.83  -1.74
2024      5     11     01     30     00    000   7.71  -3.83  -1.74
2024      5     11     01     31     00    000   7.74  -3.83  -1.74
2024      5     11     01     32     00    000   7.76  -3.82  -1.74
2024      5     11     01     33     00    000   7.78  -3.82  -1.75
2024      5     11     01     34     00    000   7.80  -3.82  -1.75
2024      5     11     01     35     00    000   7.82  -3.82  -1.75
2024      5     11     01     36     00    000   7.84  -3.81  -1.75
2024      5     11     01     37     00    000   7.86  -3.81  -1.76
2024      5     11     01     38     00    000   7.88  -3.81  -1.76
2024      5     11     01     39     00    000   7.90  -3.81  -1.76
2024      5     11     01     40     00    000   7.93  -3.80  -1.76
2024      5     11     01     41     00    000   7.95  -3.80  -1.76
2024      5     11     01     42     00    000   7.97  -3.80  -1.77
2024      5     11     01     43     00    000   7.99  -3.80  -1.77
2024      5     11     01     44     00    000   8.01  -3.79  -1.77
2024      5     11     01     45     00    000   8.03  -3.79  -1.77
2024      5     11     01     46     00    000   8.05  -3.79  -1.78
2024      5     11     01     47     00    000   8.07  -3.78  -1.78
2024      5     11     01     48     00    000   8.09  -3.78  -1.78
2024      5     11     01     49     00    000   8.11  -3.78  -1.78
2024      5     11     01     50     00    000   8.13  -3.78  -1.78
2024      5     11     01     51     00    000   8.15  -3.77  -1.79
2024      5     11     01     52     00    000   8.17  -3.77  -1.79
2024      5     11     01     53     00    000   8.19  -3.77  -1.79
2024      5     11     01     54     00    000   8.21  -3.77  -1.79
2024      5     11     01     55     00    000   8.23  -3.76  -1.79
2024      5     11     01     56     00    000   8.25  -3.76  -1.80
2024      5     11     01     57     00    000   8.27  -3.76  -1.80
2024      5     11     01     58     00    000   8.29  -3.75  -1.80
2024      5     11     01     59     00    000   8.31  -3.75  -1.80
2024      5     11     02     00     00    000   8.33  -3.75  -1.80
2024      5     11     02     01     00    000   8.35  -3.75  -1.81
2024      5     11     02     02     00    000   8.37  -3.74  -1.81
2024      5     11     02     03     00    000   8.39  -3.74  -1.81
2024      5     11     02     04     00    000   8.41  -3.74  -1.81
2024      5     11     02     05     00    000   8.43  -3.73  -1.81
2024      5     11     02     06     00    000   8.45  -3.73  -1.81
2024      5     11     02     07     00    000   8.47  -3.73  -1.82
2024      5     11     02     08     00    000   8.49  -3.72  -1.82
2024      5     11     02     09     00    000   8.51  -3.72  -1.82
2024      5     11     02     10     00    000   8.53  -3.72  -1.82
2024      5     11     02     11     00    000   8.54  -3.71  -1.82
2024      5     11     02     12     00    000   8.56  -3.71  -1.82
2024      5     11     02     13     00    000   8.58  -3.71  -1.83
2024      5     11     02     14     00    000   8.60  -3.71  -1.83
2024      5     11     02     15     00    000   8.62  -3.70  -1.83
2024      5     11     02     16     00    000   8.64  -3.70  -1.83
2024      5     11     02     17     00    000   8.66  -3.70  -1.83
2024      5     11     02     18     00    000   8.68  -3.69  -1.83
2024      5     11     02     19     00    000   8.70  -3.69  -1.84
2024      5     11     02     20     00    000   8.71  -3.69  -1.84
2024      5     11     02     21     00    000   8.73  -3.68  -1.84
2024      5     11     02     22     00    000   8.75  -3.68  -1.84
2024      5     11     02     23     00    000   8.77  -3.68  -1.84
2024      5     11     02     24     00    000   8.79  -3.67  -1.84
2024      5     11     02     25     00    000   8.81  -3.67  -1.85
2024      5     11     02     26     00    000   8.82  -3.67  -1.85
2024      5     11     02     27     00    000   8.84  -3.66  -1.85
2024      5     11     02     28     00    000   8.86  -3.66  -1.85
2024      5     11     02     29     00    000   8.88  -3.66  -1.85
2024      5     11     02     30     00    000   8.90  -3.65  -1.85
2024      5     11     02     31     00    000   8.92  -3.65  -1.85
2024      5     11     02     32     00    000   8.93  -3.64  -1.86
2024      5     11     02     33     00    000   8.95  -3.64  -1.86
2024      5     11     02     34     00    000   8.97  -3.64  -1.86
2024      5     11     02     35     00    000   8.99  -3.63  -1.86
2024      5     11     02     36     00    000   9.01  -3.63  -1.86
2024      5     11     02     37     00    000   9.02  -3.63  -1.86
2024      5     11     02     38     00    000   9.04  -3.62  -1.86
2024      5     11     02     39     00    000   9.06  -3.62  -1.87
2024      5     11     02     40     00    000   9.08  -3.62  -1.87
2024      5     11     02     41     00    000   9.09  -3.61  -1.87
2024      5     11     02     42     00    000   9.11  -3.61  -1.87
2024      5     11     02     43     00    000   9.13  -3.61  -1.87
2024      5     11     02     44     00    000   9.15  -3.60  -1.87
2024      5     11     02     45     00    000   9.16  -3.60  -1.87
2024      5     11     02     46     00    000   9.18  -3.59  -1.87
2024      5     11     02     47     00    000   9.20  -3.59  -1.88
2024      5     11     02     48     00    000   9.21  -3.59  -1.88
2024      5     11     02     49     00    000   9.23  -3.58  -1.88
2024      5     11     02     50     00    000   9.25  -3.58  -1.88
2024      5     11     02     51     00    000   9.27  -3.58  -1.88
2024      5     11     02     52     00    000   9.28  -3.57  -1.88
2024      5     11     02     53     00    000   9.30  -3.57  -1.88
2024      5     11     02     54     00    000   9.32  -3.56  -1.88
2024      5     11     02     55     00    000   9.33  -3.56  -1.89
2024      5     11     02     56     00    000   9.35  -3.56  -1.89
2024      5     11     02     57     00    000   9.37  -3.55  -1.89
2024      5     11     02     58     00    000   9.38  -3.55  -1.89
2024      5     11     02     59     00    000   9.40  -3.55  -1.89
2024      5     11     03     00     00    000   9.42  -3.54  -1.89
2024      5     11     03     01     00    000   9.43  -3.54  -1.89
2024      5     11     03     02     00    000   9.45  -3.53  -1.89
2024      5     11     03     03     00    000   9.47  -3.53  -1.90
2024      5     11     03     04     00    000   9.48  -3.53  -1.90
2024      5     11     03     05     00    000   9.50  -3.52  -1.90
2024      5     11     03     06     00    000   9.52  -3.52  -1.90
2024      5     11     03     07     00    000   9.53  -3.51  -1.90
2024      5     11     03     08     00    000   9.55  -3.51  -1.90
2024      5     11     03     09     00    000   9.56  -3.51  -1.90
2024      5     11     03     10     00    000   9.58  -3.50  -1.90
2024      5     11     03     11     00    000   9.60  -3.50  -1.90
2024      5     11     03     12     00    000   9.61  -3.49  -1.91
2024      5     11     03     13     00    000   9.63  -3.49  -1.91
2024      5     11     03     14     00    000   9.64  -3.49  -1.91
2024      5     11     03     15     00    000   9.66  -3.48  -1.91
2024      5     11     03     16     00    000   9.68  -3.48  -1.91
2024      5     11     03     17     00    000   9.69  -3.47  -1.91
2024      5     11     03     18     00    000   9.71  -3.47  -1.91
2024      5     11     03     19     00    000   9.72  -3.47  -1.91
2024      5     11     03     20     00    000   9.74  -3.46  -1.91
2024      5     11     03     21     00    000   9.75  -3.46  -1.91
2024      5     11     03     22     00    000   9.77  -3.45  -1.92
2024      5     11     03     23     00    000   9.78  -3.45  -1.92
2024      5     11     03     24     00    000   9.80  -3.45  -1.92
2024      5     11     03     25     00    000   9.82  -3.44  -1.92
2024      5     11     03     26     00    000   9.83  -3.44  -1.92
2024      5     11     03     27     00    000   9.85  -3.43  -1.92
2024      5     11     03     28     00    000   9.86  -3.43  -1.92
2024      5     11     03     29     00    000   9.88  -3.43  -1.92
2024      5     11     03     30     00    000   9.89  -3.42  -1.92
2024      5     11     03     31     00    000   9.91  -3.42  -1.92
2024      5     11     03     32     00    000   9.92  -3.41  -1.93
2024      5     11     03     33     00    000   9.94  -3.41  -1.93
2024      5     11     03     34     00    000   9.95  -3.40  -1.93
2024      5     11     03     35     00    000   9.97  -3.40  -1.93
2024      5     11     03     36     00    000   9.98  -3.40  -1.93
2024      5     11     03     37     00    000  10.00  -3.39  -1.93
2024      5     11     03     38     00    000  10.01  -3.39  -1.93
2024      5     11     03     39     00    000  10.03  -3.38  -1.93
2024      5     11     03     40     00    000  10.04  -3.38  -1.93
2024      5     11     03     41     00    000  10.06  -3.37  -1.93
2024      5     11     03     42     00    000  10.07  -3.37  -1.93
2024      5     11     03     43     00    000  10.09  -3.37  -1.94
2024      5     11     03     44     00    000  10.10  -3.36  -1.94
2024      5     11     03     45     00    000  10.11  -3.36  -1.94
2024      5     11     03     46     00    000  10.13  -3.35  -1.94
2024      5     11     03     47     00    000  10.14  -3.35  -1.94
2024      5     11     03     48     00    000  10.16  -3.34  -1.94
2024      5     11     03     49     00    000  10.17  -3.34  -1.94
2024      5     11     03     50     00    000  10.19  -3.33  -1.94
2024      5     11     03     51     00    000  10.20  -3.33  -1.94
2024      5     11     03     52     00    000  10.21  -3.33  -1.94
2024      5     11     03     53     00    000  10.23  -3.32  -1.94
2024      5     11     03     54     00    000  10.24  -3.32  -1.94
2024      5     11     03     55     00    000  10.26  -3.31  -1.95
2024      5     11     03     56     00    000  10.27  -3.31  -1.95
2024      5     11     03     57     00    000  10.28  -3.30  -1.95
2024      5     11     03     58     00    000  10.30  -3.30  -1.95
2024      5     11     03     59     00    000  10.31  -3.29  -1.95
2024      5     11     04     00     00    000  10.33  -3.29  -1.95
2024      5     11     04     01     00    000  10.34  -3.29  -1.95
2024      5     11     04     02     00    000  10.35  -3.28  -1.95
2024      5     11     04     03     00    000  10.37  -3.28  -1.95
2024      5     11     04     04     00    000  10.38  -3.27  -1.95
2024      5     11     04     05     00    000  10.40  -3.27  -1.95
2024      5     11     04     06     00    000  10.41  -3.26  -1.96
2024      5     11     04     07     00    000  10.42  -3.26  -1.96
2024      5     11     04     08     00    000  10.44  -3.25  -1.96
2024      5     11     04     09     00    000  10.45  -3.25  -1.96
2024      5     11     04     10     00    000  10.46  -3.24  -1.96
2024      5     11     04     11     00    000  10.48  -3.24  -1.96
2024      5     11     04     12     00    000  10.49  -3.24  -1.96
2024      5     11     04     13     00    000  10.50  -3.23  -1.96
2024      5     11     04     14     00    000  10.52  -3.23  -1.96
2024      5     11     04     15     00    000  10.53  -3.22  -1.96
2024      5     11     04     16     00    000  10.54  -3.22  -1.96
2024      5     11     04     17     00    000  10.56  -3.21  -1.96
2024      5     11     04     18     00    000  10.57  -3.21  -1.96
2024      5     11     04     19     00    000  10.58  -3.20  -1.97
2024      5     11     04     20     00    000  10.59  -3.20  -1.97
2024      5     11     04     21     00    000  10.61  -3.19  -1.97
2024      5     11     04     22     00    000  10.62  -3.19  -1.97
2024      5     11     04     23     00    000  10.63  -3.18  -1.97
2024      5     11     04     24     00    000  10.65  -3.18  -1.97
2024      5     11     04     25     00    000  10.66  -3.17  -1.97
2024      5     11     04     26     00    000  10.67  -3.17  -1.97
2024      5     11     04     27     00    000  10.68  -3.17  -1.97
2024      5     11     04     28     00    000  10.70  -3.16  -1.97
2024      5     11     04     29     00    000  10.71  -3.16  -1.97
2024      5     11     04     30     00    000  10.72  -3.15  -1.97
2024      5     11     04     31     00    000  10.74  -3.15  -1.98
2024      5     11     04     32     00    000  10.75  -3.14  -1.98
2024      5     11     04     33     00    000  10.76  -3.14  -1.98
2024      5     11     04     34     00    000  10.77  -3.13  -1.98
2024      5     11     04     35     00    000  10.79  -3.13  -1.98
2024      5     11     04     36     00    000  10.80  -3.12  -1.98
2024      5     11     04     37     00    000  10.81  -3.12  -1.98
2024      5     11     04     38     00    000  10.82  -3.11  -1.98
2024      5     11     04     39     00    000  10.83  -3.11  -1.98
2024      5     11     04     40     00    000  10.85  -3.10  -1.98
2024      5     11     04     41     00    000  10.86  -3.10  -1.98
2024      5     11     04     42     00    000  10.87  -3.09  -1.98
2024      5     11     04     43     00    000  10.88  -3.09  -1.98
2024      5     11     04     44     00    000  10.90  -3.08  -1.99
2024      5     11     04     45     00    000  10.91  -3.08  -1.99
2024      5     11     04     46     00    000  10.92  -3.07  -1.99
2024      5     11     04     47     00    000  10.93  -3.07  -1.99
2024      5     11     04     48     00    000  10.94  -3.06  -1.99
2024      5     11     04     49     00    000  10.95  -3.06  -1.99
2024      5     11     04     50     00    000  10.97  -3.05  -1.99
2024      5     11     04     51     00    000  10.98  -3.05  -1.99
2024      5     11     04     52     00    000  10.99  -3.04  -1.99
2024      5     11     04     53     00    000  11.00  -3.04  -1.99
2024      5     11     04     54     00    000  11.01  -3.03  -1.99
2024      5     11     04     55     00    000  11.02  -3.03  -1.99
2024      5     11     04     56     00    000  11.04  -3.02  -2.00
2024      5     11     04     57     00    000  11.05  -3.02  -2.00
2024      5     11     04     58     00    000  11.06  -3.01  -2.00
2024      5     11     04     59     00    000  11.07  -3.01  -2.00
2024      5     11     05     00     00    000  11.08  -3.00  -2.00
2024      5     11     05     01     00    000  11.09  -3.00  -2.00
2024      5     11     05     02     00    000  11.11  -2.99  -2.00
2024      5     11     05     03     00    000  11.12  -2.99  -2.00
2024      5     11     05     04     00    000  11.13  -2.98  -2.00
2024      5     11     05     05     00    000  11.14  -2.98  -2.00
2024      5     11     05     06     00    000  11.15  -2.97  -2.00
2024      5     11     05     07     00    000  11.16  -2.97  -2.00
2024      5     11     05     08     00    000  11.17  -2.96  -2.01
2024      5     11     05     09     00    000  11.18  -2.96  -2.01
2024      5     11     05     10     00    000  11.19  -2.95  -2.01
2024      5     11     05     11     00    000  11.21  -2.95  -2.01
2024      5     11     05     12     00    000  11.22  -2.94  -2.01
2024      5     11     05     13     00    000  11.23  -2.94  -2.01
2024      5     11     05     14     00    000  11.24  -2.93  -2.01
2024      5     11     05     15     00    000  11.25  -2.93  -2.01
2024      5     11     05     16     00    000  11.26  -2.92  -2.01
2024      5     11     05     17     00    000  11.27  -2.92  -2.01
2024      5     11     05     18     00    000  11.28  -2.91  -2.01
2024      5     11     05     19     00    000  11.29  -2.91  -2.01
2024      5     11     05     20     00    000  11.30  -2.90  -2.02
2024      5     11     05     21     00    000  11.31  -2.90  -2.02
2024      5     11     05     22     00    000  11.32  -2.89  -2.02
2024      5     11     05     23     00    000  11.33  -2.89  -2.02
2024      5     11     05     24     00    000  11.35  -2.88  -2.02
2024      5     11     05     25     00    000  11.36  -2.88  -2.02
2024      5     11     05     26     00    000  11.37  -2.87  -2.02
2024      5     11     05     27     00    000  11.38  -2.87  -2.02
2024      5     11     05     28     00    000  11.39  -2.86  -2.02
2024      5     11     05     29     00    000  11.40  -2.86  -2.02
2024      5     11     05     30     00    000  11.41  -2.85  -2.02
2024      5     11     05     31     00    000  11.42  -2.85  -2.03
2024      5     11     05     32     00    000  11.43  -2.84  -2.03
2024      5     11     05     33     00    000  11.44  -2.83  -2.03
2024      5     11     05     34     00    000  11.45  -2.83  -2.03
2024      5     11     05     35     00    000  11.46  -2.82  -2.03
2024      5     11     05     36     00    000  11.47  -2.82  -2.03
2024      5     11     05     37     00    000  11.48  -2.81  -2.03
2024      5     11     05     38     00    000  11.49  -2.81  -2.03
2024      5     11     05     39     00    000  11.50  -2.80  -2.03
2024      5     11     05     40     00    000  11.51  -2.80  -2.03
2024      5     11     05     41     00    000  11.52  -2.79  -2.03
2024      5     11     05     42     00    000  11.53  -2.79  -2.04
2024      5     11     05     43     00    000  11.54  -2.78  -2.04
2024      5     11     05     44     00    000  11.55  -2.78  -2.04
2024      5     11     05     45     00    000  11.56  -2.77  -2.04
2024      5     11     05     46     00    000  11.57  -2.77  -2.04
2024      5     11     05     47     00    000  11.58  -2.76  -2.04
2024      5     11     05     48     00    000  11.59  -2.76  -2.04
2024      5     11     05     49     00    000  11.60  -2.75  -2.04
2024      5     11     05     50     00    000  11.61  -2.74  -2.04
2024      5     11     05     51     00    000  11.62  -2.74  -2.04
2024      5     11     05     52     00    000  11.62  -2.73  -2.05
2024      5     11     05     53     00    000  11.63  -2.73  -2.05
2024      5     11     05     54     00    000  11.64  -2.72  -2.05
2024      5     11     05     55     00    000  11.65  -2.72  -2.05
2024      5     11     05     56     00    000  11.66  -2.71  -2.05
2024      5     11     05     57     00    000  11.67  -2.71  -2.05
2024      5     11     05     58     00    000  11.68  -2.70  -2.05
2024      5     11     05     59     00    000  11.69  -2.70  -2.05
2024      5     11     06     00     00    000  11.70  -2.69  -2.05
2024      5     11     06     01     00    000  11.71  -2.68  -2.05
2024      5     11     06     02     00    000  11.72  -2.68  -2.06
2024      5     11     06     03     00    000  11.73  -2.67  -2.06
2024      5     11     06     04     00    000  11.74  -2.67  -2.06
2024      5     11     06     05     00    000  11.74  -2.66  -2.06
2024      5     11     06     06     00    000  11.75  -2.66  -2.06
2024      5     11     06     07     00    000  11.76  -2.65  -2.06
2024      5     11     06     08     00    000  11.77  -2.65  -2.06
2024      5     11     06     09     00    000  11.78  -2.64  -2.06
2024      5     11     06     10     00    000  11.79  -2.64  -2.06
2024      5     11     06     11     00    000  11.80  -2.63  -2.07
2024      5     11     06     12     00    000  11.81  -2.62  -2.07
2024      5     11     06     13     00    000  11.82  -2.62  -2.07
2024      5     11     06     14     00    000  11.82  -2.61  -2.07
2024      5     11     06     15     00    000  11.83  -2.61  -2.07
2024      5     11     06     16     00    000  11.84  -2.60  -2.07
2024      5     11     06     17     00    000  11.85  -2.60  -2.07
2024      5     11     06     18     00    000  11.86  -2.59  -2.07
2024      5     11     06     19     00    000  11.87  -2.59  -2.07
2024      5     11     06     20     00    000  11.88  -2.58  -2.08
2024      5     11     06     21     00    000  11.88  -2.57  -2.08
2024      5     11     06     22     00    000  11.89  -2.57  -2.08
2024      5     11     06     23     00    000  11.90  -2.56  -2.08
2024      5     11     06     24     00    000  11.91  -2.56  -2.08
2024      5     11     06     25     00    000  11.92  -2.55  -2.08
2024      5     11     06     26     00    000  11.93  -2.55  -2.08
2024      5     11     06     27     00    000  11.93  -2.54  -2.08
2024      5     11     06     28     00    000  11.94  -2.53  -2.08
2024      5     11     06     29     00    000  11.95  -2.53  -2.09
2024      5     11     06     30     00    000  11.96  -2.52  -2.09
2024      5     11     06     31     00    000  11.97  -2.52  -2.09
2024      5     11     06     32     00    000  11.97  -2.51  -2.09
2024      5     11     06     33     00    000  11.98  -2.51  -2.09
2024      5     11     06     34     00    000  11.99  -2.50  -2.09
2024      5     11     06     35     00    000  12.00  -2.49  -2.09
2024      5     11     06     36     00    000  12.01  -2.49  -2.09
2024      5     11     06     37     00    000  12.01  -2.48  -2.10
2024      5     11     06     38     00    000  12.02  -2.48  -2.10
2024      5     11     06     39     00    000  12.03  -2.47  -2.10
2024      5     11     06     40     00    000  12.04  -2.47  -2.10
2024      5     11     06     41     00    000  12.05  -2.46  -2.10
2024      5     11     06     42     00    000  12.05  -2.45  -2.10
2024      5     11     06     43     00    000  12.06  -2.45  -2.10
2024      5     11     06     44     00    000  12.07  -2.44  -2.10
2024      5     11     06     45     00    000  12.08  -2.44  -2.11
2024      5     11     06     46     00    000  12.08  -2.43  -2.11
2024      5     11     06     47     00    000  12.09  -2.43  -2.11
2024      5     11     06     48     00    000  12.10  -2.42  -2.11
2024      5     11     06     49     00    000  12.11  -2.41  -2.11
2024      5     11     06     50     00    000  12.11  -2.41  -2.11
2024      5     11     06     51     00    000  12.12  -2.40  -2.11
2024      5     11     06     52     00    000  12.13  -2.40  -2.11
2024      5     11     06     53     00    000  12.14  -2.39  -2.12
2024      5     11     06     54     00    000  12.14  -2.39  -2.12
2024      5     11     06     55     00    000  12.15  -2.38  -2.12
2024      5     11     06     56     00    000  12.16  -2.37  -2.12
2024      5     11     06     57     00    000  12.17  -2.37  -2.12
2024      5     11     06     58     00    000  12.17  -2.36  -2.12
2024      5     11     06     59     00    000  12.18  -2.36  -2.12
2024      5     11     07     00     00    000  12.19  -2.35  -2.13
2024      5     11     07     01     00    000  12.19  -2.34  -2.13
2024      5     11     07     02     00    000  12.20  -2.34  -2.13
2024      5     11     07     03     00    000  12.21  -2.33  -2.13
2024      5     11     07     04     00    000  12.22  -2.33  -2.13
2024      5     11     07     05     00    000  12.22  -2.32  -2.13
2024      5     11     07     06     00    000  12.23  -2.31  -2.13
2024      5     11     07     07     00    000  12.24  -2.31  -2.13
2024      5     11     07     08     00    000  12.24  -2.30  -2.14
2024      5     11     07     09     00    000  12.25  -2.30  -2.14
2024      5     11     07     10     00    000  12.26  -2.29  -2.14
2024      5     11     07     11     00    000  12.26  -2.28  -2.14
2024      5     11     07     12     00    000  12.27  -2.28  -2.14
2024      5     11     07     13     00    000  12.28  -2.27  -2.14
2024      5     11     07     14     00    000  12.28  -2.27  -2.14
2024      5     11     07     15     00    000  12.29  -2.26  -2.15
2024      5     11     07     16     00    000  12.30  -2.26  -2.15
2024      5     11     07     17     00    000  12.30  -2.25  -2.15
2024      5     11     07     18     00    000  12.31  -2.24  -2.15
2024      5     11     07     19     00    000  12.32  -2.24  -2.15
2024      5     11     07     20     00    000  12.32  -2.23  -2.15
2024      5     11     07     21     00    000  12.33  -2.23  -2.16
2024      5     11     07     22     00    000  12.34  -2.22  -2.16
2024      5     11     07     23     00    000  12.34  -2.21  -2.16
2024      5     11     07     24     00    000  12.35  -2.21  -2.16
2024      5     11     07     25     00    000  12.35  -2.20  -2.16
2024      5     11     07     26     00    000  12.36  -2.19  -2.16
2024      5     11     07     27     00    000  12.37  -2.19  -2.16
2024      5     11     07     28     00    000  12.37  -2.18  -2.17
2024      5     11     07     29     00    000  12.38  -2.18  -2.17
2024      5     11     07     30     00    000  12.39  -2.17  -2.17
2024      5     11     07     31     00    000  12.39  -2.16  -2.17
2024      5     11     07     32     00    000  12.40  -2.16  -2.17
2024      5     11     07     33     00    000  12.40  -2.15  -2.17
2024      5     11     07     34     00    000  12.41  -2.15  -2.17
2024      5     11     07     35     00    000  12.42  -2.14  -2.18
2024      5     11     07     36     00    000  12.42  -2.13  -2.18
2024      5     11     07     37     00    000  12.43  -2.13  -2.18
2024      5     11     07     38     00    000  12.43  -2.12  -2.18
2024      5     11     07     39     00    000  12.44  -2.12  -2.18
2024      5     11     07     40     00    000  12.44  -2.11  -2.18
2024      5     11     07     41     00    000  12.45  -2.10  -2.19
2024      5     11     07     42     00    000  12.46  -2.10  -2.19
2024      5     11     07     43     00    000  12.46  -2.09  -2.19
2024      5     11     07     44     00    000  12.47  -2.08  -2.19
2024      5     11     07     45     00    000  12.47  -2.08  -2.19
2024      5     11     07     46     00    000  12.48  -2.07  -2.19
2024      5     11     07     47     00    000  12.48  -2.07  -2.20
2024      5     11     07     48     00    000  12.49  -2.06  -2.20
2024      5     11     07     49     00    000  12.50  -2.05  -2.20
2024      5     11     07     50     00    000  12.50  -2.05  -2.20
2024      5     11     07     51     00    000  12.51  -2.04  -2.20
2024      5     11     07     52     00    000  12.51  -2.03  -2.20
2024      5     11     07     53     00    000  12.52  -2.03  -2.21
2024      5     11     07     54     00    000  12.52  -2.02  -2.21
2024      5     11     07     55     00    000  12.53  -2.02  -2.21
2024      5     11     07     56     00    000  12.53  -2.01  -2.21
2024      5     11     07     57     00    000  12.54  -2.00  -2.21
2024      5     11     07     58     00    000  12.54  -2.00  -2.21
2024      5     11     07     59     00    000  12.55  -1.99  -2.22
2024      5     11     08     00     00    000  12.55  -1.98  -2.22
2024      5     11     08     01     00    000  12.56  -1.98  -2.22
2024      5     11     08     02     00    000  12.56  -1.97  -2.22
2024      5     11     08     03     00    000  12.57  -1.97  -2.22
2024      5     11     08     04     00    000  12.57  -1.96  -2.22
2024      5     11     08     05     00    000  12.58  -1.95  -2.23
2024      5     11     08     06     00    000  12.58  -1.95  -2.23
2024      5     11     08     07     00    000  12.59  -1.94  -2.23
2024      5     11     08     08     00    000  12.59  -1.93  -2.23
2024      5     11     08     09     00    000  12.60  -1.93  -2.23
2024      5     11     08     10     00    000  12.60  -1.92  -2.23
2024      5     11     08     11     00    000  12.61  -1.91  -2.24
2024      5     11     08     12     00    000  12.61  -1.91  -2.24
2024      5     11     08     13     00    000  12.62  -1.90  -2.24
2024      5     11     08     14     00    000  12.62  -1.90  -2.24
2024      5     11     08     15     00    000  12.63  -1.89  -2.24
2024      5     11     08     16     00    000  12.63  -1.88  -2.25
2024      5     11     08     17     00    000  12.64  -1.88  -2.25
2024      5     11     08     18     00    000  12.64  -1.87  -2.25
2024      5     11     08     19     00    000  12.65  -1.86  -2.25
2024      5     11     08     20     00    000  12.65  -1.86  -2.25
2024      5     11     08     21     00    000  12.65  -1.85  -2.25
2024      5     11     08     22     00    000  12.66  -1.84  -2.26
2024      5     11     08     23     00    000  12.66  -1.84  -2.26
2024      5     11     08     24     00    000  12.67  -1.83  -2.26
2024      5     11     08     25     00    000  12.67  -1.82  -2.26
2024      5     11     08     26     00    000  12.68  -1.82  -2.26
2024      5     11     08     27     00    000  12.68  -1.81  -2.27
2024      5     11     08     28     00    000  12.69  -1.80  -2.27
2024      5     11     08     29     00    000  12.69  -1.80  -2.27
2024      5     11     08     30     00    000  12.69  -1.79  -2.27
2024      5     11     08     31     00    000  12.70  -1.78  -2.27
2024      5     11     08     32     00    000  12.70  -1.78  -2.27
2024      5     11     08     33     00    000  12.71  -1.77  -2.28
2024      5     11     08     34     00    000  12.71  -1.77  -2.28
2024      5     11     08     35     00    000  12.71  -1.76  -2.28
2024      5     11     08     36     00    000  12.72  -1.75  -2.28
2024      5     11     08     37     00    000  12.72  -1.75  -2.28
2024      5     11     08     38     00    000  12.73  -1.74  -2.29
2024      5     11     08     39     00    000  12.73  -1.73  -2.29
2024      5     11     08     40     00    000  12.73  -1.73  -2.29
2024      5     11     08     41     00    000  12.74  -1.72  -2.29
2024      5     11     08     42     00    000  12.74  -1.71  -2.29
2024      5     11     08     43     00    000  12.75  -1.71  -2.30
2024      5     11     08     44     00    000  12.75  -1.70  -2.30
2024      5     11     08     45     00    000  12.75  -1.69  -2.30
2024      5     11     08     46     00    000  12.76  -1.69  -2.30
2024      5     11     08     47     00    000  12.76  -1.68  -2.30
2024      5     11     08     48     00    000  12.76  -1.67  -2.31
2024      5     11     08     49     00    000  12.77  -1.67  -2.31
2024      5     11     08     50     00    000  12.77  -1.66  -2.31
2024      5     11     08     51     00    000  12.77  -1.65  -2.31
2024      5     11     08     52     00    000  12.78  -1.65  -2.31
2024      5     11     08     53     00    000  12.78  -1.64  -2.32
2024      5     11     08     54     00    000  12.78  -1.63  -2.32
2024      5     11     08     55     00    000  12.79  -1.63  -2.32
2024      5     11     08     56     00    000  12.79  -1.62  -2.32
2024      5     11     08     57     00    000  12.80  -1.61  -2.32
2024      5     11     08     58     00    000  12.80  -1.60  -2.33
2024      5     11     08     59     00    000  12.80  -1.60  -2.33
2024      5     11     09     00     00    000  12.80  -1.59  -2.33
2024      5     11     09     01     00    000  12.81  -1.58  -2.33
2024      5     11     09     02     00    000  12.81  -1.58  -2.33
2024      5     11     09     03     00    000  12.81  -1.57  -2.34
2024      5     11     09     04     00    000  12.82  -1.56  -2.34
2024      5     11     09     05     00    000  12.82  -1.56  -2.34
2024      5     11     09     06     00    000  12.82  -1.55  -2.34
2024      5     11     09     07     00    000  12.83  -1.54  -2.34
2024      5     11     09     08     00    000  12.83  -1.54  -2.35
2024      5     11     09     09     00    000  12.83  -1.53  -2.35
2024      5     11     09     10     00    000  12.84  -1.52  -2.35
2024      5     11     09     11     00    000  12.84  -1.52  -2.35
2024      5     11     09     12     00    000  12.84  -1.51  -2.35
2024      5     11     09     13     00    000  12.84  -1.50  -2.36
2024      5     11     09     14     00    000  12.85  -1.50  -2.36
2024      5     11     09     15     00    000  12.85  -1.49  -2.36
2024      5     11     09     16     00    000  12.85  -1.48  -2.36
2024      5     11     09     17     00    000  12.86  -1.47  -2.36
2024      5     11     09     18     00    000  12.86  -1.47  -2.37
2024      5     11     09     19     00    000  12.86  -1.46  -2.37
2024      5     11     09     20     00    000  12.86  -1.45  -2.37
2024      5     11     09     21     00    000  12.87  -1.45  -2.37
2024      5     11     09     22     00    000  12.87  -1.44  -2.37
2024      5     11     09     23     00    000  12.87  -1.43  -2.38
2024      5     11     09     24     00    000  12.87  -1.43  -2.38
2024      5     11     09     25     00    000  12.88  -1.42  -2.38
2024      5     11     09     26     00    000  12.88  -1.41  -2.38
2024      5     11     09     27     00    000  12.88  -1.40  -2.38
2024      5     11     09     28     00    000  12.88  -1.40  -2.39
2024      5     11     09     29     00    000  12.89  -1.39  -2.39
2024      5     11     09     30     00    000  12.89  -1.38  -2.39
2024      5     11     09     31     00    000  12.89  -1.38  -2.39
2024      5     11     09     32     00    000  12.89  -1.37  -2.39
2024      5     11     09     33     00    000  12.89  -1.36  -2.40
2024      5     11     09     34     00    000  12.90  -1.36  -2.40
2024      5     11     09     35     00    000  12.90  -1.35  -2.40
2024      5     11     09     36     00    000  12.90  -1.34  -2.40
2024      5     11     09     37     00    000  12.90  -1.33  -2.41
2024      5     11     09     38     00    000  12.91  -1.33  -2.41
2024      5     11     09     39     00    000  12.91  -1.32  -2.41
2024      5     11     09     40     00    000  12.91  -1.31  -2.41
2024      5     11     09     41     00    000  12.91  -1.31  -2.41
2024      5     11     09     42     00    000  12.91  -1.30  -2.42
2024      5     11     09     43     00    000  12.92  -1.29  -2.42
2024      5     11     09     44     00    000  12.92  -1.28  -2.42
2024      5     11     09     45     00    000  12.92  -1.28  -2.42
2024      5     11     09     46     00    000  12.92  -1.27  -2.42
2024      5     11     09     47     00    000  12.92  -1.26  -2.43
2024      5     11     09     48     00    000  12.92  -1.26  -2.43
2024      5     11     09     49     00    000  12.93  -1.25  -2.43
2024      5     11     09     50     00    000  12.93  -1.24  -2.43
2024      5     11     09     51     00    000  12.93  -1.23  -2.43
2024      5     11     09     52     00    000  12.93  -1.23  -2.44
2024      5     11     09     53     00    000  12.93  -1.22  -2.44
2024      5     11     09     54     00    000  12.93  -1.21  -2.44
2024      5     11     09     55     00    000  12.94  -1.20  -2.44
2024      5     11     09     56     00    000  12.94  -1.20  -2.45
2024      5     11     09     57     00    000  12.94  -1.19  -2.45
2024      5     11     09     58     00    000  12.94  -1.18  -2.45
2024      5     11     09     59     00    000  12.94  -1.18  -2.45
2024      5     11     10     00     00    000  12.94  -1.17  -2.45
2024      5     11     10     01     00    000  12.94  -1.16  -2.46
2024      5     11     10     02     00    000  12.95  -1.15  -2.46
2024      5     11     10     03     00    000  12.95  -1.15  -2.46
2024      5     11     10     04     00    000  12.95  -1.14  -2.46
2024      5     11     10     05     00    000  12.95  -1.13  -2.46
2024      5     11     10     06     00    000  12.95  -1.12  -2.47
2024      5     11     10     07     00    000  12.95  -1.12  -2.47
2024      5     11     10     08     00    000  12.95  -1.11  -2.47
2024      5     11     10     09     00    000  12.95  -1.10  -2.47
2024      5     11     10     10     00    000  12.96  -1.09  -2.48
2024      5     11     10     11     00    000  12.96  -1.09  -2.48
2024      5     11     10     12     00    000  12.96  -1.08  -2.48
2024      5     11     10     13     00    000  12.96  -1.07  -2.48
2024      5     11     10     14     00    000  12.96  -1.06  -2.48
2024      5     11     10     15     00    000  12.96  -1.06  -2.49
2024      5     11     10     16     00    000  12.96  -1.05  -2.49
2024      5     11     10     17     00    000  12.96  -1.04  -2.49
2024      5     11     10     18     00    000  12.96  -1.03  -2.49
2024      5     11     10     19     00    000  12.96  -1.03  -2.49
2024      5     11     10     20     00    000  12.96  -1.02  -2.50
2024      5     11     10     21     00    000  12.97  -1.01  -2.50
2024      5     11     10     22     00    000  12.97  -1.00  -2.50
2024      5     11     10     23     00    000  12.97  -1.00  -2.50
2024      5     11     10     24     00    000  12.97  -0.99  -2.51
2024      5     11     10     25     00    000  12.97  -0.98  -2.51
2024      5     11     10     26     00    000  12.97  -0.97  -2.51
2024      5     11     10     27     00    000  12.97  -0.97  -2.51
2024      5     11     10     28     00    000  12.97  -0.96  -2.51
2024      5     11     10     29     00    000  12.97  -0.95  -2.52
2024      5     11     10     30     00    000  12.97  -0.94  -2.52
2024      5     11     10     31     00    000  12.97  -0.94  -2.52
2024      5     11     10     32     00    000  12.97  -0.93  -2.52
2024      5     11     10     33     00    000  12.97  -0.92  -2.52
2024      5     11     10     34     00    000  12.97  -0.91  -2.53
2024      5     11     10     35     00    000  12.97  -0.91  -2.53
2024      5     11     10     36     00    000  12.97  -0.90  -2.53
2024      5     11     10     37     00    000  12.97  -0.89  -2.53
2024      5     11     10     38     00    000  12.97  -0.88  -2.53
2024      5     11     10     39     00    000  12.97  -0.88  -2.54
2024      5     11     10     40     00    000  12.97  -0.87  -2.54
2024      5     11     10     41     00    000  12.97  -0.86  -2.54
2024      5     11     10     42     00    000  12.97  -0.85  -2.54
2024      5     11     10     43     00    000  12.97  -0.84  -2.55
2024      5     11     10     44     00    000  12.97  -0.84  -2.55
2024      5     11     10     45     00    000  12.97  -0.83  -2.55
2024      5     11     10     46     00    000  12.97  -0.82  -2.55
2024      5     11     10     47     00    000  12.97  -0.81  -2.55
2024      5     11     10     48     00    000  12.97  -0.81  -2.56
2024      5     11     10     49     00    000  12.97  -0.80  -2.56
2024      5     11     10     50     00    000  12.97  -0.79  -2.56
2024      5     11     10     51     00    000  12.97  -0.78  -2.56
2024      5     11     10     52     00    000  12.97  -0.77  -2.56
2024      5     11     10     53     00    000  12.97  -0.77  -2.57
2024      5     11     10     54     00    000  12.97  -0.76  -2.57
2024      5     11     10     55     00    000  12.97  -0.75  -2.57
2024      5     11     10     56     00    000  12.97  -0.74  -2.57
2024      5     11     10     57     00    000  12.97  -0.74  -2.57
2024      5     11     10     58     00    000  12.97  -0.73  -2.58
2024      5     11     10     59     00    000  12.97  -0.72  -2.58
2024      5     11     11     00     00    000  12.97  -0.71  -2.58
2024      5     11     11     01     00    000  12.97  -0.70  -2.58
2024      5     11     11     02     00    000  12.97  -0.70  -2.58
2024      5     11     11     03     00    000  12.97  -0.69  -2.59
2024      5     11     11     04     00    000  12.97  -0.68  -2.59
2024      5     11     11     05     00    000  12.97  -0.67  -2.59
2024      5     11     11     06     00    000  12.97  -0.66  -2.59
2024      5     11     11     07     00    000  12.97  -0.66  -2.59
2024      5     11     11     08     00    000  12.97  -0.65  -2.60
2024      5     11     11     09     00    000  12.97  -0.64  -2.60
2024      5     11     11     10     00    000  12.96  -0.63  -2.60
2024      5     11     11     11     00    000  12.96  -0.62  -2.60
2024      5     11     11     12     00    000  12.96  -0.62  -2.60
2024      5     11     11     13     00    000  12.96  -0.61  -2.61
2024      5     11     11     14     00    000  12.96  -0.60  -2.61
2024      5     11     11     15     00    000  12.96  -0.59  -2.61
2024      5     11     11     16     00    000  12.96  -0.58  -2.61
2024      5     11     11     17     00    000  12.96  -0.58  -2.61
2024      5     11     11     18     00    000  12.96  -0.57  -2.62
2024      5     11     11     19     00    000  12.96  -0.56  -2.62
2024      5     11     11     20     00    000  12.96  -0.55  -2.62
2024      5     11     11     21     00    000  12.95  -0.54  -2.62
2024      5     11     11     22     00    000  12.95  -0.54  -2.62
2024      5     11     11     23     00    000  12.95  -0.53  -2.63
2024      5     11     11     24     00    000  12.95  -0.52  -2.63
2024      5     11     11     25     00    000  12.95  -0.51  -2.63
2024      5     11     11     26     00    000  12.95  -0.50  -2.63
2024      5     11     11     27     00    000  12.95  -0.49  -2.63
2024      5     11     11     28     00    000  12.95  -0.49  -2.64
2024      5     11     11     29     00    000  12.94  -0.48  -2.64
2024      5     11     11     30     00    000  12.94  -0.47  -2.64
2024      5     11     11     31     00    000  12.94  -0.46  -2.64
2024      5     11     11     32     00    000  12.94  -0.45  -2.64
2024      5     11     11     33     00    000  12.94  -0.45  -2.64
2024      5     11     11     34     00    000  12.94  -0.44  -2.65
2024      5     11     11     35     00    000  12.94  -0.43  -2.65
2024      5     11     11     36     00    000  12.93  -0.42  -2.65
2024      5     11     11     37     00    000  12.93  -0.41  -2.65
2024      5     11     11     38     00    000  12.93  -0.40  -2.65
2024      5     11     11     39     00    000  12.93  -0.40  -2.66
2024      5     11     11     40     00    000  12.93  -0.39  -2.66
2024      5     11     11     41     00    000  12.93  -0.38  -2.66
2024      5     11     11     42     00    000  12.92  -0.37  -2.66
2024      5     11     11     43     00    000  12.92  -0.36  -2.66
2024      5     11     11     44     00    000  12.92  -0.35  -2.67
2024      5     11     11     45     00    000  12.92  -0.35  -2.67
2024      5     11     11     46     00    000  12.92  -0.34  -2.67
2024      5     11     11     47     00    000  12.91  -0.33  -2.67
2024      5     11     11     48     00    000  12.91  -0.32  -2.67
2024      5     11     11     49     00    000  12.91  -0.31  -2.67
2024      5     11     11     50     00    000  12.91  -0.30  -2.68
2024      5     11     11     51     00    000  12.91  -0.30  -2.68
2024      5     11     11     52     00    000  12.91  -0.29  -2.68
2024      5     11     11     53     00    000  12.90  -0.28  -2.68
2024      5     11     11     54     00    000  12.90  -0.27  -2.68
2024      5     11     11     55     00    000  12.90  -0.26  -2.68
2024      5     11     11     56     00    000  12.90  -0.25  -2.69
2024      5     11     11     57     00    000  12.89  -0.24  -2.69
2024      5     11     11     58     00    000  12.89  -0.24  -2.69
2024      5     11     11     59     00    000  12.89  -0.23  -2.69
2024      5     11     12     00     00    000  12.89  -0.22  -2.69
2024      5     11     12     01     00    000  12.89  -0.21  -2.69
2024      5     11     12     02     00    000  12.88  -0.20  -2.70
2024      5     11     12     03     00    000  12.88  -0.19  -2.70
2024      5     11     12     04     00    000  12.88  -0.18  -2.70
2024      5     11     12     05     00    000  12.88  -0.18  -2.70
2024      5     11     12     06     00    000  12.87  -0.17  -2.70
2024      5     11     12     07     00    000  12.87  -0.16  -2.70
2024      5     11     12     08     00    000  12.87  -0.15  -2.71
2024      5     11     12     09     00    000  12.87  -0.14  -2.71
2024      5     11     12     10     00    000  12.86  -0.13  -2.71
2024      5     11     12     11     00    000  12.86  -0.12  -2.71
2024      5     11     12     12     00    000  12.86  -0.12  -2.71
2024      5     11     12     13     00    000  12.85  -0.11  -2.71
2024      5     11     12     14     00    000  12.85  -0.10  -2.71
2024      5     11     12     15     00    000  12.85  -0.09  -2.72
2024      5     11     12     16     00    000  12.85  -0.08  -2.72
2024      5     11     12     17     00    000  12.84  -0.07  -2.72
2024      5     11     12     18     00    000  12.84  -0.06  -2.72
2024      5     11     12     19     00    000  12.84  -0.06  -2.72
2024      5     11     12     20     00    000  12.84  -0.05  -2.72
2024      5     11     12     21     00    000  12.83  -0.04  -2.73
2024      5     11     12     22     00    000  12.83  -0.03  -2.73
2024      5     11     12     23     00    000  12.83  -0.02  -2.73
2024      5     11     12     24     00    000  12.82  -0.01  -2.73
2024      5     11     12     25     00    000  12.82  -0.00  -2.73
2024      5     11     12     26     00    000  12.82   0.01  -2.73
2024      5     11     12     27     00    000  12.81   0.01  -2.73
2024      5     11     12     28     00    000  12.81   0.02  -2.74
2024      5     11     12     29     00    000  12.81   0.03  -2.74
2024      5     11     12     30     00    000  12.80   0.04  -2.74
2024      5     11     12     31     00    000  12.80   0.05  -2.74
2024      5     11     12     32     00    000  12.80   0.06  -2.74
2024      5     11     12     33     00    000  12.79   0.07  -2.74
2024      5     11     12     34     00    000  12.79   0.08  -2.74
2024      5     11     12     35     00    000  12.79   0.09  -2.74
2024      5     11     12     36     00    000  12.78   0.09  -2.75
2024      5     11     12     37     00    000  12.78   0.10  -2.75
2024      5     11     12     38     00    000  12.78   0.11  -2.75
2024      5     11     12     39     00    000  12.77   0.12  -2.75
2024      5     11     12     40     00    000  12.77   0.13  -2.75
2024      5     11     12     41     00    000  12.77   0.14  -2.75
2024      5     11     12     42     00    000  12.76   0.15  -2.75
2024      5     11     12     43     00    000  12.76   0.16  -2.75
2024      5     11     12     44     00    000  12.76   0.17  -2.76
2024      5     11     12     45     00    000  12.75   0.17  -2.76
2024      5     11     12     46     00    000  12.75   0.18  -2.76
2024      5     11     12     47     00    000  12.74   0.19  -2.76
2024      5     11     12     48     00    000  12.74   0.20  -2.76
2024      5     11     12     49     00    000  12.74   0.21  -2.76
2024      5     11     12     50     00    000  12.73   0.22  -2.76
2024      5     11     12     51     00    000  12.73   0.23  -2.76
2024      5     11     12     52     00    000  12.73   0.24  -2.76
2024      5     11     12     53     00    000  12.72   0.25  -2.77
2024      5     11     12     54     00    000  12.72   0.26  -2.77
2024      5     11     12     55     00    000  12.71   0.26  -2.77
2024      5     11     12     56     00    000  12.71   0.27  -2.77
2024      5     11     12     57     00    000  12.71   0.28  -2.77
2024      5     11     12     58     00    000  12.70   0.29  -2.77
2024      5     11     12     59     00    000  12.70   0.30  -2.77
2024      5     11     13     00     00    000  12.69   0.31  -2.77
2024      5     11     13     01     00    000  12.69   0.32  -2.77
2024      5     11     13     02     00    000  12.68   0.33  -2.77
2024      5     11     13     03     00    000  12.68   0.34  -2.78
2024      5     11     13     04     00    000  12.68   0.35  -2.78
2024      5     11     13     05     00    000  12.67   0.35  -2.78
2024      5     11     13     06     00    000  12.67   0.36  -2.78
2024      5     11     13     07     00    000  12.66   0.37  -2.78
2024      5     11     13     08     00    000  12.66   0.38  -2.78
2024      5     11     13     09     00    000  12.65   0.39  -2.78
2024      5     11     13     10     00    000  12.65   0.40  -2.78
2024      5     11     13     11     00    000  12.64   0.41  -2.78
2024      5     11     13     12     00    000  12.64   0.42  -2.78
2024      5     11     13     13     00    000  12.64   0.43  -2.78
2024      5     11     13     14     00    000  12.63   0.44  -2.78
2024      5     11     13     15     00    000  12.63   0.45  -2.78
2024      5     11     13     16     00    000  12.62   0.46  -2.79
2024      5     11     13     17     00    000  12.62   0.47  -2.79
2024      5     11     13     18     00    000  12.61   0.47  -2.79
2024      5     11     13     19     00    000  12.61   0.48  -2.79
2024      5     11     13     20     00    000  12.60   0.49  -2.79
2024      5     11     13     21     00    000  12.60   0.50  -2.79
2024      5     11     13     22     00    000  12.59   0.51  -2.79
2024      5     11     13     23     00    000  12.59   0.52  -2.79
2024      5     11     13     24     00    000  12.58   0.53  -2.79
2024      5     11     13     25     00    000  12.58   0.54  -2.79
2024      5     11     13     26     00    000  12.57   0.55  -2.79
2024      5     11     13     27     00    000  12.57   0.56  -2.79
2024      5     11     13     28     00    000  12.56   0.57  -2.79
2024      5     11     13     29     00    000  12.56   0.58  -2.79
2024      5     11     13     30     00    000  12.55   0.59  -2.79
2024      5     11     13     31     00    000  12.55   0.59  -2.79
2024      5     11     13     32     00    000  12.54   0.60  -2.79
2024      5     11     13     33     00    000  12.54   0.61  -2.80
2024      5     11     13     34     00    000  12.53   0.62  -2.80
2024      5     11     13     35     00    000  12.53   0.63  -2.80
2024      5     11     13     36     00    000  12.52   0.64  -2.80
2024      5     11     13     37     00    000  12.52   0.65  -2.80
2024      5     11     13     38     00    000  12.51   0.66  -2.80
2024      5     11     13     39     00    000  12.50   0.67  -2.80
2024      5     11     13     40     00    000  12.50   0.68  -2.80
2024      5     11     13     41     00    000  12.49   0.69  -2.80
2024      5     11     13     42     00    000  12.49   0.70  -2.80
2024      5     11     13     43     00    000  12.48   0.71  -2.80
2024      5     11     13     44     00    000  12.48   0.72  -2.80
2024      5     11     13     45     00    000  12.47   0.73  -2.80
2024      5     11     13     46     00    000  12.47   0.74  -2.80
2024      5     11     13     47     00    000  12.46   0.75  -2.80
2024      5     11     13     48     00    000  12.45   0.75  -2.80
2024      5     11     13     49     00    000  12.45   0.76  -2.80
2024      5     11     13     50     00    000  12.44   0.77  -2.80
2024      5     11     13     51     00    000  12.44   0.78  -2.80
2024      5     11     13     52     00    000  12.43   0.79  -2.80
2024      5     11     13     53     00    000  12.43   0.80  -2.80
2024      5     11     13     54     00    000  12.42   0.81  -2.80
2024      5     11     13     55     00    000  12.41   0.82  -2.80
2024      5     11     13     56     00    000  12.41   0.83  -2.80
2024      5     11     13     57     00    000  12.40   0.84  -2.80
2024      5     11     13     58     00    000  12.40   0.85  -2.80
2024      5     11     13     59     00    000  12.39   0.86  -2.80
2024      5     11     14     00     00    000  12.38   0.87  -2.80
2024      5     11     14     01     00    000  12.38   0.88  -2.80
2024      5     11     14     02     00    000  12.37   0.89  -2.80
2024      5     11     14     03     00    000  12.36   0.90  -2.80
2024      5     11     14     04     00    000  12.36   0.91  -2.80
2024      5     11     14     05     00    000  12.35   0.92  -2.80
2024      5     11     14     06     00    000  12.35   0.93  -2.80
2024      5     11     14     07     00    000  12.34   0.94  -2.80
2024      5     11     14     08     00    000  12.33   0.94  -2.80
2024      5     11     14     09     00    000  12.33   0.95  -2.80
2024      5     11     14     10     00    000  12.32   0.96  -2.80
2024      5     11     14     11     00    000  12.31   0.97  -2.80
2024      5     11     14     12     00    000  12.31   0.98  -2.80
2024      5     11     14     13     00    000  12.30   0.99  -2.80
2024      5     11     14     14     00    000  12.29   1.00  -2.80
2024      5     11     14     15     00    000  12.29   1.01  -2.80
2024      5     11     14     16     00    000  12.28   1.02  -2.80
2024      5     11     14     17     00    000  12.27   1.03  -2.80
2024      5     11     14     18     00    000  12.27   1.04  -2.80
2024      5     11     14     19     00    000  12.26   1.05  -2.79
2024      5     11     14     20     00    000  12.25   1.06  -2.79
2024      5     11     14     21     00    000  12.25   1.07  -2.79
2024      5     11     14     22     00    000  12.24   1.08  -2.79
2024      5     11     14     23     00    000  12.23   1.09  -2.79
2024      5     11     14     24     00    000  12.23   1.10  -2.79
2024      5     11     14     25     00    000  12.22   1.11  -2.79
2024      5     11     14     26     00    000  12.21   1.12  -2.79
2024      5     11     14     27     00    000  12.21   1.13  -2.79
2024      5     11     14     28     00    000  12.20   1.14  -2.79
2024      5     11     14     29     00    000  12.19   1.15  -2.79
2024      5     11     14     30     00    000  12.18   1.16  -2.79
2024      5     11     14     31     00    000  12.18   1.17  -2.79
2024      5     11     14     32     00    000  12.17   1.18  -2.79
2024      5     11     14     33     00    000  12.16   1.18  -2.79
2024      5     11     14     34     00    000  12.16   1.19  -2.79
2024      5     11     14     35     00    000  12.15   1.20  -2.78
2024      5     11     14     36     00    000  12.14   1.21  -2.78
2024      5     11     14     37     00    000  12.13   1.22  -2.78
2024      5     11     14     38     00    000  12.13   1.23  -2.78
2024      5     11     14     39     00    000  12.12   1.24  -2.78
2024      5     11     14     40     00    000  12.11   1.25  -2.78
2024      5     11     14     41     00    000  12.10   1.26  -2.78
2024      5     11     14     42     00    000  12.10   1.27  -2.78
2024      5     11     14     43     00    000  12.09   1.28  -2.78
2024      5     11     14     44     00    000  12.08   1.29  -2.78
2024      5     11     14     45     00    000  12.07   1.30  -2.78
2024      5     11     14     46     00    000  12.07   1.31  -2.77
2024      5     11     14     47     00    000  12.06   1.32  -2.77
2024      5     11     14     48     00    000  12.05   1.33  -2.77
2024      5     11     14     49     00    000  12.04   1.34  -2.77
2024      5     11     14     50     00    000  12.03   1.35  -2.77
2024      5     11     14     51     00    000  12.03   1.36  -2.77
2024      5     11     14     52     00    000  12.02   1.37  -2.77
2024      5     11     14     53     00    000  12.01   1.38  -2.77
2024      5     11     14     54     00    000  12.00   1.39  -2.77
2024      5     11     14     55     00    000  11.99   1.40  -2.76
2024      5     11     14     56     00    000  11.99   1.41  -2.76
2024      5     11     14     57     00    000  11.98   1.42  -2.76
2024      5     11     14     58     00    000  11.97   1.43  -2.76
2024      5     11     14     59     00    000  11.96   1.44  -2.76
2024      5     11     15     00     00    000  11.95   1.45  -2.76
2024      5     11     15     01     00    000  11.95   1.46  -2.76
2024      5     11     15     02     00    000  11.94   1.47  -2.75
2024      5     11     15     03     00    000  11.93   1.48  -2.75
2024      5     11     15     04     00    000  11.92   1.48  -2.75
2024      5     11     15     05     00    000  11.91   1.49  -2.75
2024      5     11     15     06     00    000  11.90   1.50  -2.75
2024      5     11     15     07     00    000  11.90   1.51  -2.75
2024      5     11     15     08     00    000  11.89   1.52  -2.75
2024      5     11     15     09     00    000  11.88   1.53  -2.74
2024      5     11     15     10     00    000  11.87   1.54  -2.74
2024      5     11     15     11     00    000  11.86   1.55  -2.74
2024      5     11     15     12     00    000  11.85   1.56  -2.74
2024      5     11     15     13     00    000  11.85   1.57  -2.74
2024      5     11     15     14     00    000  11.84   1.58  -2.74
2024      5     11     15     15     00    000  11.83   1.59  -2.73
2024      5     11     15     16     00    000  11.82   1.60  -2.73
2024      5     11     15     17     00    000  11.81   1.61  -2.73
2024      5     11     15     18     00    000  11.80   1.62  -2.73
2024      5     11     15     19     00    000  11.79   1.63  -2.73
2024      5     11     15     20     00    000  11.78   1.64  -2.73
2024      5     11     15     21     00    000  11.77   1.65  -2.72
2024      5     11     15     22     00    000  11.77   1.66  -2.72
2024      5     11     15     23     00    000  11.76   1.67  -2.72
2024      5     11     15     24     00    000  11.75   1.68  -2.72
2024      5     11     15     25     00    000  11.74   1.69  -2.72
2024      5     11     15     26     00    000  11.73   1.70  -2.71
2024      5     11     15     27     00    000  11.72   1.71  -2.71
2024      5     11     15     28     00    000  11.71   1.72  -2.71
2024      5     11     15     29     00    000  11.70   1.73  -2.71
2024      5     11     15     30     00    000  11.69   1.74  -2.71
2024      5     11     15     31     00    000  11.68   1.75  -2.70
2024      5     11     15     32     00    000  11.67   1.76  -2.70
2024      5     11     15     33     00    000  11.67   1.76  -2.70
2024      5     11     15     34     00    000  11.66   1.77  -2.70
2024      5     11     15     35     00    000  11.65   1.78  -2.70
2024      5     11     15     36     00    000  11.64   1.79  -2.69
2024      5     11     15     37     00    000  11.63   1.80  -2.69
2024      5     11     15     38     00    000  11.62   1.81  -2.69
2024      5     11     15     39     00    000  11.61   1.82  -2.69
2024      5     11     15     40     00    000  11.60   1.83  -2.68
2024      5     11     15     41     00    000  11.59   1.84  -2.68
2024      5     11     15     42     00    000  11.58   1.85  -2.68
2024      5     11     15     43     00    000  11.57   1.86  -2.68
2024      5     11     15     44     00    000  11.56   1.87  -2.67
2024      5     11     15     45     00    000  11.55   1.88  -2.67
2024      5     11     15     46     00    000  11.54   1.89  -2.67
2024      5     11     15     47     00    000  11.53   1.90  -2.67
2024      5     11     15     48     00    000  11.52   1.91  -2.66
2024      5     11     15     49     00    000  11.51   1.92  -2.66
2024      5     11     15     50     00    000  11.50   1.93  -2.66
2024      5     11     15     51     00    000  11.49   1.94  -2.66
2024      5     11     15     52     00    000  11.48   1.95  -2.65
2024      5     11     15     53     00    000  11.47   1.96  -2.65
2024      5     11     15     54     00    000  11.46   1.97  -2.65
2024      5     11     15     55     00    000  11.45   1.98  -2.65
2024      5     11     15     56     00    000  11.44   1.98  -2.64
2024      5     11     15     57     00    000  11.43   1.99  -2.64
2024      5     11     15     58     00    000  11.42   2.00  -2.64
2024      5     11     15     59     00    000  11.41   2.01  -2.64
2024      5     11     16     00     00    000  11.40   2.02  -2.63
2024      5     11     16     01     00    000  11.39   2.03  -2.63
2024      5     11     16     02     00    000  11.38   2.04  -2.63
2024      5     11     16     03     00    000  11.37   2.05  -2.62
2024      5     11     16     04     00    000  11.36   2.06  -2.62
2024      5     11     16     05     00    000  11.35   2.07  -2.62
2024      5     11     16     06     00    000  11.34   2.08  -2.62
2024      5     11     16     07     00    000  11.33   2.09  -2.61
2024      5     11     16     08     00    000  11.32   2.10  -2.61
2024      5     11     16     09     00    000  11.31   2.11  -2.61
2024      5     11     16     10     00    000  11.29   2.12  -2.60
2024      5     11     16     11     00    000  11.28   2.13  -2.60
2024      5     11     16     12     00    000  11.27   2.14  -2.60
2024      5     11     16     13     00    000  11.26   2.15  -2.59
2024      5     11     16     14     00    000  11.25   2.15  -2.59
2024      5     11     16     15     00    000  11.24   2.16  -2.59
2024      5     11     16     16     00    000  11.23   2.17  -2.59
2024      5     11     16     17     00    000  11.22   2.18  -2.58
2024      5     11     16     18     00    000  11.21   2.19  -2.58
2024      5     11     16     19     00    000  11.20   2.20  -2.58
2024      5     11     16     20     00    000  11.19   2.21  -2.57
2024      5     11     16     21     00    000  11.17   2.22  -2.57
2024      5     11     16     22     00    000  11.16   2.23  -2.57
2024      5     11     16     23     00    000  11.15   2.24  -2.56
2024      5     11     16     24     00    000  11.14   2.25  -2.56
2024      5     11     16     25     00    000  11.13   2.26  -2.56
2024      5     11     16     26     00    000  11.12   2.27  -2.55
2024      5     11     16     27     00    000  11.11   2.28  -2.55
2024      5     11     16     28     00    000  11.10   2.28  -2.55
2024      5     11     16     29     00    000  11.08   2.29  -2.54
2024      5     11     16     30     00    000  11.07   2.30  -2.54
2024      5     11     16     31     00    000  11.06   2.31  -2.54
2024      5     11     16     32     00    000  11.05   2.32  -2.53
2024      5     11     16     33     00    000  11.04   2.33  -2.53
2024      5     11     16     34     00    000  11.03   2.34  -2.52
2024      5     11     16     35     00    000  11.01   2.35  -2.52
2024      5     11     16     36     00    000  11.00   2.36  -2.52
2024      5     11     16     37     00    000  10.99   2.37  -2.51
2024      5     11     16     38     00    000  10.98   2.38  -2.51
2024      5     11     16     39     00    000  10.97   2.39  -2.51
2024      5     11     16     40     00    000  10.96   2.39  -2.50
2024      5     11     16     41     00    000  10.94   2.40  -2.50
2024      5     11     16     42     00    000  10.93   2.41  -2.50
2024      5     11     16     43     00    000  10.92   2.42  -2.49
2024      5     11     16     44     00    000  10.91   2.43  -2.49
2024      5     11     16     45     00    000  10.90   2.44  -2.48
2024      5     11     16     46     00    000  10.88   2.45  -2.48
2024      5     11     16     47     00    000  10.87   2.46  -2.48
2024      5     11     16     48     00    000  10.86   2.47  -2.47
2024      5     11     16     49     00    000  10.85   2.48  -2.47
2024      5     11     16     50     00    000  10.83   2.48  -2.46
2024      5     11     16     51     00    000  10.82   2.49  -2.46
2024      5     11     16     52     00    000  10.81   2.50  -2.46
2024      5     11     16     53     00    000  10.80   2.51  -2.45
2024      5     11     16     54     00    000  10.79   2.52  -2.45
2024      5     11     16     55     00    000  10.77   2.53  -2.44
2024      5     11     16     56     00    000  10.76   2.54  -2.44
2024      5     11     16     57     00    000  10.75   2.55  -2.44
2024      5     11     16     58     00    000  10.74   2.56  -2.43
2024      5     11     16     59     00    000  10.72   2.56  -2.43
2024      5     11     17     00     00    000  10.71   2.57  -2.42
2024      5     11     17     01     00    000  10.70   2.58  -2.42
2024      5     11     17     02     00    000  10.68   2.59  -2.42
2024      5     11     17     03     00    000  10.67   2.60  -2.41
2024      5     11     17     04     00    000  10.66   2.61  -2.41
2024      5     11     17     05     00    000  10.65   2.62  -2.40
2024      5     11     17     06     00    000  10.63   2.63  -2.40
2024      5     11     17     07     00    000  10.62   2.63  -2.39
2024      5     11     17     08     00    000  10.61   2.64  -2.39
2024      5     11     17     09     00    000  10.59   2.65  -2.39
2024      5     11     17     10     00    000  10.58   2.66  -2.38
2024      5     11     17     11     00    000  10.57   2.67  -2.38
2024      5     11     17     12     00    000  10.55   2.68  -2.37
2024      5     11     17     13     00    000  10.54   2.69  -2.37
2024      5     11     17     14     00    000  10.53   2.70  -2.36
2024      5     11     17     15     00    000  10.51   2.70  -2.36
2024      5     11     17     16     00    000  10.50   2.71  -2.35
2024      5     11     17     17     00    000  10.49   2.72  -2.35
2024      5     11     17     18     00    000  10.47   2.73  -2.35
2024      5     11     17     19     00    000  10.46   2.74  -2.34
2024      5     11     17     20     00    000  10.45   2.75  -2.34
2024      5     11     17     21     00    000  10.43   2.75  -2.33
2024      5     11     17     22     00    000  10.42   2.76  -2.33
2024      5     11     17     23     00    000  10.41   2.77  -2.32
2024      5     11     17     24     00    000  10.39   2.78  -2.32
2024      5     11     17     25     00    000  10.38   2.79  -2.31
2024      5     11     17     26     00    000  10.37   2.80  -2.31
2024      5     11     17     27     00    000  10.35   2.81  -2.30
2024      5     11     17     28     00    000  10.34   2.81  -2.30
2024      5     11     17     29     00    000  10.32   2.82  -2.29
2024      5     11     17     30     00    000  10.31   2.83  -2.29
2024      5     11     17     31     00    000  10.30   2.84  -2.29
2024      5     11     17     32     00    000  10.28   2.85  -2.28
2024      5     11     17     33     00    000  10.27   2.85  -2.28
2024      5     11     17     34     00    000  10.25   2.86  -2.27
2024      5     11     17     35     00    000  10.24   2.87  -2.27
2024      5     11     17     36     00    000  10.23   2.88  -2.26
2024      5     11     17     37     00    000  10.21   2.89  -2.26
2024      5     11     17     38     00    000  10.20   2.90  -2.25
2024      5     11     17     39     00    000  10.18   2.90  -2.25
2024      5     11     17     40     00    000  10.17   2.91  -2.24
2024      5     11     17     41     00    000  10.15   2.92  -2.24
2024      5     11     17     42     00    000  10.14   2.93  -2.23
2024      5     11     17     43     00    000  10.13   2.94  -2.23
2024      5     11     17     44     00    000  10.11   2.94  -2.22
2024      5     11     17     45     00    000  10.10   2.95  -2.22
2024      5     11     17     46     00    000  10.08   2.96  -2.21
2024      5     11     17     47     00    000  10.07   2.97  -2.21
2024      5     11     17     48     00    000  10.05   2.98  -2.20
2024      5     11     17     49     00    000  10.04   2.98  -2.20
2024      5     11     17     50     00    000  10.02   2.99  -2.19
2024      5     11     17     51     00    000  10.01   3.00  -2.19
2024      5     11     17     52     00    000   9.99   3.01  -2.18
2024      5     11     17     53     00    000   9.98   3.02  -2.18
2024      5     11     17     54     00    000   9.96   3.02  -2.17
2024      5     11     17     55     00    000   9.95   3.03  -2.17
2024      5     11     17     56     00    000   9.93   3.04  -2.16
2024      5     11     17     57     00    000   9.92   3.05  -2.16
2024      5     11     17     58     00    000   9.90   3.05  -2.15
2024      5     11     17     59     00    000   9.89   3.06  -2.14
2024      5     11     18     00     00    000   9.87   3.07  -2.14
2024      5     11     18     01     00    000   9.86   3.08  -2.13
2024      5     11     18     02     00    000   9.84   3.08  -2.13
2024      5     11     18     03     00    000   9.83   3.09  -2.12
2024      5     11     18     04     00    000   9.81   3.10  -2.12
2024      5     11     18     05     00    000   9.79   3.11  -2.11
2024      5     11     18     06     00    000   9.78   3.11  -2.11
2024      5     11     18     07     00    000   9.76   3.12  -2.10
2024      5     11     18     08     00    000   9.75   3.13  -2.10
2024      5     11     18     09     00    000   9.73   3.14  -2.09
2024      5     11     18     10     00    000   9.72   3.14  -2.09
2024      5     11     18     11     00    000   9.70   3.15  -2.08
2024      5     11     18     12     00    000   9.68   3.16  -2.07
2024      5     11     18     13     00    000   9.67   3.17  -2.07
2024      5     11     18     14     00    000   9.65   3.17  -2.06
2024      5     11     18     15     00    000   9.64   3.18  -2.06
2024      5     11     18     16     00    000   9.62   3.19  -2.05
2024      5     11     18     17     00    000   9.60   3.20  -2.05
2024      5     11     18     18     00    000   9.59   3.20  -2.04
2024      5     11     18     19     00    000   9.57   3.21  -2.04
2024      5     11     18     20     00    000   9.56   3.22  -2.03
2024      5     11     18     21     00    000   9.54   3.22  -2.02
2024      5     11     18     22     00    000   9.52   3.23  -2.02
2024      5     11     18     23     00    000   9.51   3.24  -2.01
2024      5     11     18     24     00    000   9.49   3.25  -2.01
2024      5     11     18     25     00    000   9.47   3.25  -2.00
2024      5     11     18     26     00    000   9.46   3.26  -2.00
2024      5     11     18     27     00    000   9.44   3.27  -1.99
2024      5     11     18     28     00    000   9.42   3.27  -1.98
2024      5     11     18     29     00    000   9.41   3.28  -1.98
2024      5     11     18     30     00    000   9.39   3.29  -1.97
2024      5     11     18     31     00    000   9.37   3.29  -1.97
2024      5     11     18     32     00    000   9.36   3.30  -1.96
2024      5     11     18     33     00    000   9.34   3.31  -1.96
2024      5     11     18     34     00    000   9.32   3.32  -1.95
2024      5     11     18     35     00    000   9.31   3.32  -1.94
2024      5     11     18     36     00    000   9.29   3.33  -1.94
2024      5     11     18     37     00    000   9.27   3.34  -1.93
2024      5     11     18     38     00    000   9.26   3.34  -1.93
2024      5     11     18     39     00    000   9.24   3.35  -1.92
2024      5     11     18     40     00    000   9.22   3.36  -1.92
2024      5     11     18     41     00    000   9.20   3.36  -1.91
2024      5     11     18     42     00    000   9.19   3.37  -1.90
2024      5     11     18     43     00    000   9.17   3.37  -1.90
2024      5     11     18     44     00    000   9.15   3.38  -1.89
2024      5     11     18     45     00    000   9.13   3.39  -1.89
2024      5     11     18     46     00    000   9.12   3.39  -1.88
2024      5     11     18     47     00    000   9.10   3.40  -1.87
2024      5     11     18     48     00    000   9.08   3.41  -1.87
2024      5     11     18     49     00    000   9.06   3.41  -1.86
2024      5     11     18     50     00    000   9.05   3.42  -1.86
2024      5     11     18     51     00    000   9.03   3.43  -1.85
2024      5     11     18     52     00    000   9.01   3.43  -1.84
2024      5     11     18     53     00    000   8.99   3.44  -1.84
2024      5     11     18     54     00    000   8.98   3.45  -1.83
2024      5     11     18     55     00    000   8.96   3.45  -1.83
2024      5     11     18     56     00    000   8.94   3.46  -1.82
2024      5     11     18     57     00    000   8.92   3.46  -1.81
2024      5     11     18     58     00    000   8.90   3.47  -1.81
2024      5     11     18     59     00    000   8.88   3.48  -1.80
2024      5     11     19     00     00    000   8.87   3.48  -1.80
2024      5     11     19     01     00    000   8.85   3.49  -1.79
2024      5     11     19     02     00    000   8.83   3.49  -1.78
2024      5     11     19     03     00    000   8.81   3.50  -1.78
2024      5     11     19     04     00    000   8.79   3.51  -1.77
2024      5     11     19     05     00    000   8.77   3.51  -1.77
2024      5     11     19     06     00    000   8.76   3.52  -1.76
2024      5     11     19     07     00    000   8.74   3.52  -1.75
2024      5     11     19     08     00    000   8.72   3.53  -1.75
2024      5     11     19     09     00    000   8.70   3.53  -1.74
2024      5     11     19     10     00    000   8.68   3.54  -1.73
2024      5     11     19     11     00    000   8.66   3.55  -1.73
2024      5     11     19     12     00    000   8.64   3.55  -1.72
2024      5     11     19     13     00    000   8.62   3.56  -1.72
2024      5     11     19     14     00    000   8.61   3.56  -1.71
2024      5     11     19     15     00    000   8.59   3.57  -1.70
2024      5     11     19     16     00    000   8.57   3.57  -1.70
2024      5     11     19     17     00    000   8.55   3.58  -1.69
2024      5     11     19     18     00    000   8.53   3.58  -1.68
2024      5     11     19     19     00    000   8.51   3.59  -1.68
2024      5     11     19     20     00    000   8.49   3.60  -1.67
2024      5     11     19     21     00    000   8.47   3.60  -1.67
2024      5     11     19     22     00    000   8.45   3.61  -1.66
2024      5     11     19     23     00    000   8.43   3.61  -1.65
2024      5     11     19     24     00    000   8.41   3.62  -1.65
2024      5     11     19     25     00    000   8.39   3.62  -1.64
2024      5     11     19     26     00    000   8.37   3.63  -1.63
2024      5     11     19     27     00    000   8.35   3.63  -1.63
2024      5     11     19     28     00    000   8.33   3.64  -1.62
2024      5     11     19     29     00    000   8.31   3.64  -1.62
2024      5     11     19     30     00    000   8.29   3.65  -1.61
2024      5     11     19     31     00    000   8.27   3.65  -1.60
2024      5     11     19     32     00    000   8.25   3.66  -1.60
2024      5     11     19     33     00    000   8.23   3.66  -1.59
2024      5     11     19     34     00    000   8.21   3.67  -1.58
2024      5     11     19     35     00    000   8.19   3.67  -1.58
2024      5     11     19     36     00    000   8.17   3.68  -1.57
2024      5     11     19     37     00    000   8.15   3.68  -1.56
2024      5     11     19     38     00    000   8.13   3.69  -1.56
2024      5     11     19     39     00    000   8.11   3.69  -1.55
2024      5     11     19     40     00    000   8.09   3.70  -1.54
2024      5     11     19     41     00    000   8.07   3.70  -1.54
2024      5     11     19     42     00    000   8.05   3.71  -1.53
2024      5     11     19     43     00    000   8.03   3.71  -1.53
2024      5     11     19     44     00    000   8.01   3.71  -1.52
2024      5     11     19     45     00    000   7.99   3.72  -1.51
2024      5     11     19     46     00    000   7.97   3.72  -1.51
2024      5     11     19     47     00    000   7.94   3.73  -1.50
2024      5     11     19     48     00    000   7.92   3.73  -1.49
2024      5     11     19     49     00    000   7.90   3.74  -1.49
2024      5     11     19     50     00    000   7.88   3.74  -1.48
2024      5     11     19     51     00    000   7.86   3.74  -1.47
2024      5     11     19     52     00    000   7.84   3.75  -1.47
2024      5     11     19     53     00    000   7.82   3.75  -1.46
2024      5     11     19     54     00    000   7.80   3.76  -1.45
2024      5     11     19     55     00    000   7.77   3.76  -1.45
2024      5     11     19     56     00    000   7.75   3.77  -1.44
2024      5     11     19     57     00    000   7.73   3.77  -1.43
2024      5     11     19     58     00    000   7.71   3.77  -1.43
2024      5     11     19     59     00    000   7.69   3.78  -1.42
2024      5     11     20     00     00    000   7.67   3.78  -1.42
2024      5     11     20     01     00    000   7.64   3.79  -1.41
2024      5     11     20     02     00    000   7.62   3.79  -1.40
2024      5     11     20     03     00    000   7.60   3.79  -1.40
2024      5     11     20     04     00    000   7.58   3.80  -1.39
2024      5     11     20     05     00    000   7.56   3.80  -1.38
2024      5     11     20     06     00    000   7.53   3.80  -1.38
2024      5     11     20     07     00    000   7.51   3.81  -1.37
2024      5     11     20     08     00    000   7.49   3.81  -1.36
2024      5     11     20     09     00    000   7.47   3.81  -1.36
2024      5     11     20     10     00    000   7.45   3.82  -1.35
2024      5     11     20     11     00    000   7.42   3.82  -1.34
2024      5     11     20     12     00    000   7.40   3.82  -1.34
2024      5     11     20     13     00    000   7.38   3.83  -1.33
2024      5     11     20     14     00    000   7.35   3.83  -1.32
2024      5     11     20     15     00    000   7.33   3.83  -1.32
2024      5     11     20     16     00    000   7.31   3.84  -1.31
2024      5     11     20     17     00    000   7.29   3.84  -1.30
2024      5     11     20     18     00    000   7.26   3.84  -1.30
2024      5     11     20     19     00    000   7.24   3.85  -1.29
2024      5     11     20     20     00    000   7.22   3.85  -1.28
2024      5     11     20     21     00    000   7.19   3.85  -1.28
2024      5     11     20     22     00    000   7.17   3.86  -1.27
2024      5     11     20     23     00    000   7.15   3.86  -1.26
2024      5     11     20     24     00    000   7.12   3.86  -1.26
2024      5     11     20     25     00    000   7.10   3.86  -1.25
2024      5     11     20     26     00    000   7.08   3.87  -1.24
2024      5     11     20     27     00    000   7.05   3.87  -1.24
2024      5     11     20     28     00    000   7.03   3.87  -1.23
2024      5     11     20     29     00    000   7.01   3.88  -1.22
2024      5     11     20     30     00    000   6.98   3.88  -1.22
2024      5     11     20     31     00    000   6.96   3.88  -1.21
2024      5     11     20     32     00    000   6.93   3.88  -1.20
2024      5     11     20     33     00    000   6.91   3.89  -1.20
2024      5     11     20     34     00    000   6.89   3.89  -1.19
2024      5     11     20     35     00    000   6.86   3.89  -1.18
2024      5     11     20     36     00    000   6.84   3.89  -1.18
2024      5     11     20     37     00    000   6.81   3.89  -1.17
2024      5     11     20     38     00    000   6.79   3.90  -1.16
2024      5     11     20     39     00    000   6.76   3.90  -1.16
2024      5     11     20     40     00    000   6.74   3.90  -1.15
2024      5     11     20     41     00    000   6.71   3.90  -1.14
2024      5     11     20     42     00    000   6.69   3.90  -1.14
2024      5     11     20     43     00    000   6.66   3.91  -1.13
2024      5     11     20     44     00    000   6.64   3.91  -1.12
2024      5     11     20     45     00    000   6.61   3.91  -1.12
2024      5     11     20     46     00    000   6.59   3.91  -1.11
2024      5     11     20     47     00    000   6.56   3.91  -1.10
2024      5     11     20     48     00    000   6.54   3.92  -1.10
2024      5     11     20     49     00    000   6.51   3.92  -1.09
2024      5     11     20     50     00    000   6.49   3.92  -1.08
2024      5     11     20     51     00    000   6.46   3.92  -1.08
2024      5     11     20     52     00    000   6.44   3.92  -1.07
2024      5     11     20     53     00    000   6.41   3.92  -1.06
2024      5     11     20     54     00    000   6.39   3.92  -1.06
2024      5     11     20     55     00    000   6.36   3.93  -1.05
2024      5     11     20     56     00    000   6.33   3.93  -1.04
2024      5     11     20     57     00    000   6.31   3.93  -1.04
2024      5     11     20     58     00    000   6.28   3.93  -1.03
2024      5     11     20     59     00    000   6.26   3.93  -1.02
2024      5     11     21     00     00    000   6.23   3.93  -1.02
2024      5     11     21     01     00    000   6.20   3.93  -1.01
2024      5     11     21     02     00    000   6.18   3.93  -1.00
2024      5     11     21     03     00    000   6.15   3.93  -1.00
2024      5     11     21     04     00    000   6.12   3.93  -0.99
2024      5     11     21     05     00    000   6.10   3.93  -0.98
2024      5     11     21     06     00    000   6.07   3.94  -0.98
2024      5     11     21     07     00    000   6.04   3.94  -0.97
2024      5     11     21     08     00    000   6.02   3.94  -0.96
2024      5     11     21     09     00    000   5.99   3.94  -0.96
2024      5     11     21     10     00    000   5.96   3.94  -0.95
2024      5     11     21     11     00    000   5.94   3.94  -0.94
2024      5     11     21     12     00    000   5.91   3.94  -0.94
2024      5     11     21     13     00    000   5.88   3.94  -0.93
2024      5     11     21     14     00    000   5.85   3.94  -0.92
2024      5     11     21     15     00    000   5.83   3.94  -0.92
2024      5     11     21     16     00    000   5.80   3.94  -0.91
2024      5     11     21     17     00    000   5.77   3.94  -0.90
2024      5     11     21     18     00    000   5.74   3.94  -0.89
2024      5     11     21     19     00    000   5.72   3.94  -0.89
2024      5     11     21     20     00    000   5.69   3.94  -0.88
2024      5     11     21     21     00    000   5.66   3.94  -0.87
2024      5     11     21     22     00    000   5.63   3.94  -0.87
2024      5     11     21     23     00    000   5.60   3.94  -0.86
2024      5     11     21     24     00    000   5.58   3.93  -0.85
2024      5     11     21     25     00    000   5.55   3.93  -0.85
2024      5     11     21     26     00    000   5.52   3.93  -0.84
2024      5     11     21     27     00    000   5.49   3.93  -0.83
2024      5     11     21     28     00    000   5.46   3.93  -0.83
2024      5     11     21     29     00    000   5.43   3.93  -0.82
2024      5     11     21     30     00    000   5.40   3.93  -0.81
2024      5     11     21     31     00    000   5.37   3.93  -0.81
2024      5     11     21     32     00    000   5.35   3.93  -0.80
2024      5     11     21     33     00    000   5.32   3.93  -0.79
2024      5     11     21     34     00    000   5.29   3.92  -0.79
2024      5     11     21     35     00    000   5.26   3.92  -0.78
2024      5     11     21     36     00    000   5.23   3.92  -0.77
2024      5     11     21     37     00    000   5.20   3.92  -0.77
2024      5     11     21     38     00    000   5.17   3.92  -0.76
2024      5     11     21     39     00    000   5.14   3.92  -0.75
2024      5     11     21     40     00    000   5.11   3.91  -0.75
2024      5     11     21     41     00    000   5.08   3.91  -0.74
2024      5     11     21     42     00    000   5.05   3.91  -0.73
2024      5     11     21     43     00    000   5.02   3.91  -0.73
2024      5     11     21     44     00    000   4.99   3.91  -0.72
2024      5     11     21     45     00    000   4.96   3.90  -0.71
2024      5     11     21     46     00    000   4.93   3.90  -0.71
2024      5     11     21     47     00    000   4.90   3.90  -0.70
2024      5     11     21     48     00    000   4.87   3.90  -0.69
2024      5     11     21     49     00    000   4.84   3.89  -0.68
2024      5     11     21     50     00    000   4.80   3.89  -0.68
2024      5     11     21     51     00    000   4.77   3.89  -0.67
2024      5     11     21     52     00    000   4.74   3.89  -0.66
2024      5     11     21     53     00    000   4.71   3.88  -0.66
2024      5     11     21     54     00    000   4.68   3.88  -0.65
2024      5     11     21     55     00    000   4.65   3.88  -0.64
2024      5     11     21     56     00    000   4.62   3.87  -0.64
2024      5     11     21     57     00    000   4.58   3.87  -0.63
2024      5     11     21     58     00    000   4.55   3.87  -0.62
2024      5     11     21     59     00    000   4.52   3.86  -0.62
2024      5     11     22     00     00    000   4.49   3.86  -0.61
2024      5     11     22     01     00    000   4.46   3.86  -0.60
2024      5     11     22     02     00    000   4.42   3.85  -0.60
2024      5     11     22     03     00    000   4.39   3.85  -0.59
2024      5     11     22     04     00    000   4.36   3.84  -0.58
2024      5     11     22     05     00    000   4.33   3.84  -0.58
2024      5     11     22     06     00    000   4.29   3.83  -0.57
2024      5     11     22     07     00    000   4.26   3.83  -0.56
2024      5     11     22     08     00    000   4.23   3.83  -0.55
2024      5     11     22     09     00    000   4.19   3.82  -0.55
2024      5     11     22     10     00    000   4.16   3.82  -0.54
2024      5     11     22     11     00    000   4.13   3.81  -0.53
2024      5     11     22     12     00    000   4.09   3.81  -0.53
2024      5     11     22     13     00    000   4.06   3.80  -0.52
2024      5     11     22     14     00    000   4.03   3.80  -0.51
2024      5     11     22     15     00    000   3.99   3.79  -0.51
2024      5     11     22     16     00    000   3.96   3.78  -0.50
2024      5     11     22     17     00    000   3.92   3.78  -0.49
2024      5     11     22     18     00    000   3.89   3.77  -0.49
2024      5     11     22     19     00    000   3.85   3.77  -0.48
2024      5     11     22     20     00    000   3.82   3.76  -0.47
2024      5     11     22     21     00    000   3.79   3.76  -0.47
2024      5     11     22     22     00    000   3.75   3.75  -0.46
2024      5     11     22     23     00    000   3.72   3.74  -0.45
2024      5     11     22     24     00    000   3.68   3.74  -0.44
2024      5     11     22     25     00    000   3.65   3.73  -0.44
2024      5     11     22     26     00    000   3.61   3.72  -0.43
2024      5     11     22     27     00    000   3.57   3.72  -0.42
2024      5     11     22     28     00    000   3.54   3.71  -0.42
2024      5     11     22     29     00    000   3.50   3.70  -0.41
2024      5     11     22     30     00    000   3.47   3.69  -0.40
2024      5     11     22     31     00    000   3.43   3.69  -0.40
2024      5     11     22     32     00    000   3.39   3.68  -0.39
2024      5     11     22     33     00    000   3.36   3.67  -0.38
2024      5     11     22     34     00    000   3.32   3.66  -0.38
2024      5     11     22     35     00    000   3.28   3.65  -0.37
2024      5     11     22     36     00    000   3.25   3.64  -0.36
2024      5     11     22     37     00    000   3.21   3.64  -0.35
2024      5     11     22     38     00    000   3.17   3.63  -0.35
2024      5     11     22     39     00    000   3.14   3.62  -0.34
2024      5     11     22     40     00    000   3.10   3.61  -0.33
2024      5     11     22     41     00    000   3.06   3.60  -0.33
2024      5     11     22     42     00    000   3.02   3.59  -0.32
2024      5     11     22     43     00    000   2.98   3.58  -0.31
2024      5     11     22     44     00    000   2.95   3.57  -0.31
2024      5     11     22     45     00    000   2.91   3.56  -0.30
2024      5     11     22     46     00    000   2.87   3.55  -0.29
2024      5     11     22     47     00    000   2.83   3.54  -0.28
2024      5     11     22     48     00    000   2.79   3.53  -0.28
2024      5     11     22     49     00    000   2.75   3.52  -0.27
2024      5     11     22     50     00    000   2.71   3.51  -0.26
2024      5     11     22     51     00    000   2.67   3.50  -0.26
2024      5     11     22     52     00    000   2.63   3.48  -0.25
2024      5     11     22     53     00    000   2.59   3.47  -0.24
2024      5     11     22     54     00    000   2.55   3.46  -0.23
2024      5     11     22     55     00    000   2.51   3.45  -0.23
2024      5     11     22     56     00    000   2.47   3.43  -0.22
2024      5     11     22     57     00    000   2.43   3.42  -0.21
2024      5     11     22     58     00    000   2.39   3.41  -0.21
2024      5     11     22     59     00    000   2.35   3.40  -0.20
2024      5     11     23     00     00    000   2.31   3.38  -0.19
2024      5     11     23     01     00    000   2.27   3.37  -0.18
2024      5     11     23     02     00    000   2.23   3.35  -0.18
2024      5     11     23     03     00    000   2.19   3.34  -0.17
2024      5     11     23     04     00    000   2.15   3.33  -0.16
2024      5     11     23     05     00    000   2.10   3.31  -0.16
2024      5     11     23     06     00    000   2.06   3.29  -0.15
2024      5     11     23     07     00    000   2.02   3.28  -0.14
2024      5     11     23     08     00    000   1.98   3.26  -0.13
2024      5     11     23     09     00    000   1.93   3.25  -0.13
2024      5     11     23     10     00    000   1.89   3.23  -0.12
2024      5     11     23     11     00    000   1.85   3.21  -0.11
2024      5     11     23     12     00    000   1.81   3.20  -0.11
2024      5     11     23     13     00    000   1.76   3.18  -0.10
2024      5     11     23     14     00    000   1.72   3.16  -0.09
2024      5     11     23     15     00    000   1.67   3.14  -0.08
2024      5     11     23     16     00    000   1.63   3.12  -0.08
2024      5     11     23     17     00    000   1.59   3.10  -0.07
2024      5     11     23     18     00    000   1.54   3.09  -0.06
2024      5     11     23     19     00    000   1.50   3.07  -0.05
2024      5     11     23     20     00    000   1.45   3.04  -0.05
2024      5     11     23     21     00    000   1.41   3.02  -0.04
2024      5     11     23     22     00    000   1.36   3.00  -0.03
2024      5     11     23     23     00    000   1.32   2.98  -0.03
2024      5     11     23     24     00    000   1.27   2.96  -0.02
2024      5     11     23     25     00    000   1.22   2.94  -0.01
2024      5     11     23     26     00    000   1.18   2.91  -0.00
2024      5     11     23     27     00    000   1.13   2.89   0.00
2024      5     11     23     28     00    000   1.08   2.87   0.01
2024      5     11     23     29     00    000   1.04   2.84   0.02
2024      5     11     23     30     00    000   0.99   2.82   0.03
2024      5     11     23     31     00    000   0.94   2.79   0.03
2024      5     11     23     32     00    000   0.90   2.76   0.04
2024      5     11     23     33     00    000   0.85   2.74   0.05
2024      5     11     23     34     00    000   0.80   2.71   0.05
2024      5     11     23     35     00    000   0.75   2.68   0.06
2024      5     11     23     36     00    000   0.70   2.65   0.07
2024      5     11     23     37     00    000   0.66   2.62   0.08
2024      5     11     23     38     00    000   0.61   2.59   0.08
2024      5     11     23     39     00    000   0.56   2.56   0.09
2024      5     11     23     40     00    000   0.51   2.53   0.10
2024      5     11     23     41     00    000   0.46   2.49   0.11
2024      5     11     23     42     00    000   0.41   2.46   0.11
2024      5     11     23     43     00    000   0.36   2.43   0.12
2024      5     11     23     44     00    000   0.31   2.39   0.13
2024      5     11     23     45     00    000   0.26   2.35   0.13
2024      5     11     23     46     00    000   0.21   2.32   0.14
2024      5     11     23     47     00    000   0.16   2.28   0.15
2024      5     11     23     48     00    000   0.11   2.24   0.15
2024      5     11     23     49     00    000   0.06   2.20   0.16
2024      5     11     23     50     00    000   0.01   2.16   0.17
2024      5     11     23     51     00    000  -0.04   2.11   0.17
2024      5     11     23     52     00    000  -0.09   2.07   0.18
2024      5     11     23     53     00    000  -0.14   2.02   0.19
2024      5     11     23     54     00    000  -0.19   1.98   0.19
2024      5     11     23     55     00    000  -0.24   1.93   0.20
2024      5     11     23     56     00    000  -0.29   1.88   0.21
2024      5     11     23     57     00    000  -0.34   1.83   0.21
2024      5     11     23     58     00    000  -0.38   1.78   0.22
2024      5     11     23     59     00    000  -0.43   1.72   0.22
2024      5     12     00     00     00    000  -0.48   1.67   0.23
2024      5     12     00     01     00    000  -0.53   1.61   0.23
2024      5     12     00     02     00    000  -0.58   1.55   0.24
2024      5     12     00     03     00    000  -0.62   1.49   0.24
2024      5     12     00     04     00    000  -0.67   1.43   0.25
2024      5     12     00     05     00    000  -0.71   1.36   0.25
2024      5     12     00     06     00    000  -0.76   1.29   0.26
2024      5     12     00     07     00    000  -0.80   1.22   0.26
2024      5     12     00     08     00    000  -0.84   1.15   0.26
2024      5     12     00     09     00    000  -0.88   1.08   0.27
2024      5     12     00     10     00    000  -0.92   1.01   0.27
2024      5     12     00     11     00    000  -0.96   0.93   0.27
2024      5     12     00     12     00    000  -0.99   0.85   0.27
2024      5     12     00     13     00    000  -1.02   0.77   0.27
2024      5     12     00     14     00    000  -1.05   0.68   0.27
2024      5     12     00     15     00    000  -1.08   0.60   0.27
2024      5     12     00     16     00    000  -1.10   0.51   0.27
2024      5     12     00     17     00    000  -1.12   0.42   0.27
2024      5     12     00     18     00    000  -1.14   0.34   0.26
2024      5     12     00     19     00    000  -1.15   0.25   0.26
2024      5     12     00     20     00    000  -1.16   0.15   0.26
2024      5     12     00     21     00    000  -1.17   0.06   0.25
2024      5     12     00     22     00    000  -1.17  -0.03   0.24
2024      5     12     00     23     00    000  -1.17  -0.12   0.24
2024      5     12     00     24     00    000  -1.16  -0.21   0.23
2024      5     12     00     25     00    000  -1.15  -0.30   0.22
2024      5     12     00     26     00    000  -1.14  -0.39   0.21
2024      5     12     00     27     00    000  -1.12  -0.48   0.20
2024      5     12     00     28     00    000  -1.11  -0.57   0.19
2024      5     12     00     29     00    000  -1.08  -0.65   0.18
2024      5     12     00     30     00    000  -1.06  -0.74   0.17
2024      5     12     00     31     00    000  -1.03  -0.82   0.16
2024      5     12     00     32     00    000  -1.00  -0.90   0.15
2024      5     12     00     33     00    000  -0.97  -0.98   0.14
2024      5     12     00     34     00    000  -0.93  -1.06   0.13
2024      5     12     00     35     00    000  -0.90  -1.13   0.12
2024      5     12     00     36     00    000  -0.86  -1.20   0.10
2024      5     12     00     37     00    000  -0.82  -1.27   0.09
2024      5     12     00     38     00    000  -0.78  -1.34   0.08
2024      5     12     00     39     00    000  -0.74  -1.41   0.07
2024      5     12     00     40     00    000  -0.69  -1.47   0.05
2024      5     12     00     41     00    000  -0.65  -1.53   0.04
2024      5     12     00     42     00    000  -0.61  -1.59   0.03
2024      5     12     00     43     00    000  -0.56  -1.65   0.02
2024      5     12     00     44     00    000  -0.51  -1.71   0.00
2024      5     12     00     45     00    000  -0.47  -1.76  -0.01
2024      5     12     00     46     00    000  -0.42  -1.82  -0.02
2024      5     12     00     47     00    000  -0.37  -1.87  -0.03
2024      5     12     00     48     00    000  -0.33  -1.92  -0.05
2024      5     12     00     49     00    000  -0.28  -1.97  -0.06
2024      5     12     00     50     00    000  -0.23  -2.02  -0.07
2024      5     12     00     51     00    000  -0.18  -2.06  -0.08
2024      5     12     00     52     00    000  -0.14  -2.11  -0.10
2024      5     12     00     53     00    000  -0.09  -2.15  -0.11
2024      5     12     00     54     00    000  -0.04  -2.19  -0.12
2024      5     12     00     55     00    000   0.01  -2.24  -0.13
2024      5     12     00     56     00    000   0.06  -2.28  -0.14
2024      5     12     00     57     00    000   0.11  -2.32  -0.15
2024      5     12     00     58     00    000   0.15  -2.35  -0.16
2024      5     12     00     59     00    000   0.20  -2.39  -0.18
2024      5     12     01     00     00    000   0.25  -2.43  -0.19
2024      5     12     01     01     00    000   0.30  -2.46  -0.20
2024      5     12     01     02     00    000   0.35  -2.50  -0.21
2024      5     12     01     03     00    000   0.39  -2.53  -0.22
2024      5     12     01     04     00    000   0.44  -2.57  -0.23
2024      5     12     01     05     00    000   0.49  -2.60  -0.24
2024      5     12     01     06     00    000   0.54  -2.63  -0.25
2024      5     12     01     07     00    000   0.58  -2.66  -0.26
2024      5     12     01     08     00    000   0.63  -2.69  -0.27
2024      5     12     01     09     00    000   0.68  -2.72  -0.28
2024      5     12     01     10     00    000   0.72  -2.75  -0.29
2024      5     12     01     11     00    000   0.77  -2.78  -0.30
2024      5     12     01     12     00    000   0.82  -2.81  -0.31
2024      5     12     01     13     00    000   0.86  -2.83  -0.32
2024      5     12     01     14     00    000   0.91  -2.86  -0.33
2024      5     12     01     15     00    000   0.95  -2.88  -0.34
2024      5     12     01     16     00    000   1.00  -2.91  -0.35
2024      5     12     01     17     00    000   1.05  -2.93  -0.36
2024      5     12     01     18     00    000   1.09  -2.96  -0.37
2024      5     12     01     19     00    000   1.14  -2.98  -0.38
2024      5     12     01     20     00    000   1.18  -3.01  -0.39
2024      5     12     01     21     00    000   1.22  -3.03  -0.40
2024      5     12     01     22     00    000   1.27  -3.05  -0.41
2024      5     12     01     23     00    000   1.31  -3.07  -0.41
2024      5     12     01     24     00    000   1.36  -3.09  -0.42
2024      5     12     01     25     00    000   1.40  -3.12  -0.43
2024      5     12     01     26     00    000   1.45  -3.14  -0.44
2024      5     12     01     27     00    000   1.49  -3.16  -0.45
2024      5     12     01     28     00    000   1.53  -3.18  -0.46
2024      5     12     01     29     00    000   1.58  -3.20  -0.47
2024      5     12     01     30     00    000   1.62  -3.21  -0.47
2024      5     12     01     31     00    000   1.66  -3.23  -0.48
2024      5     12     01     32     00    000   1.70  -3.25  -0.49
2024      5     12     01     33     00    000   1.75  -3.27  -0.50
2024      5     12     01     34     00    000   1.79  -3.29  -0.51
2024      5     12     01     35     00    000   1.83  -3.30  -0.51
2024      5     12     01     36     00    000   1.87  -3.32  -0.52
2024      5     12     01     37     00    000   1.91  -3.34  -0.53
2024      5     12     01     38     00    000   1.95  -3.35  -0.54
2024      5     12     01     39     00    000   2.00  -3.37  -0.54
2024      5     12     01     40     00    000   2.04  -3.39  -0.55
2024      5     12     01     41     00    000   2.08  -3.40  -0.56
2024      5     12     01     42     00    000   2.12  -3.42  -0.57
2024      5     12     01     43     00    000   2.16  -3.43  -0.57
2024      5     12     01     44     00    000   2.20  -3.45  -0.58
2024      5     12     01     45     00    000   2.24  -3.46  -0.59
2024      5     12     01     46     00    000   2.28  -3.48  -0.60
2024      5     12     01     47     00    000   2.32  -3.49  -0.60
2024      5     12     01     48     00    000   2.36  -3.50  -0.61
2024      5     12     01     49     00    000   2.40  -3.52  -0.62
2024      5     12     01     50     00    000   2.44  -3.53  -0.62
2024      5     12     01     51     00    000   2.48  -3.54  -0.63
2024      5     12     01     52     00    000   2.52  -3.56  -0.64
2024      5     12     01     53     00    000   2.56  -3.57  -0.64
2024      5     12     01     54     00    000   2.59  -3.58  -0.65
2024      5     12     01     55     00    000   2.63  -3.59  -0.66
2024      5     12     01     56     00    000   2.67  -3.61  -0.66
2024      5     12     01     57     00    000   2.71  -3.62  -0.67
2024      5     12     01     58     00    000   2.75  -3.63  -0.68
2024      5     12     01     59     00    000   2.79  -3.64  -0.68
2024      5     12     02     00     00    000   2.82  -3.65  -0.69
2024      5     12     02     01     00    000   2.86  -3.66  -0.69
2024      5     12     02     02     00    000   2.90  -3.67  -0.70
2024      5     12     02     03     00    000   2.94  -3.68  -0.71
2024      5     12     02     04     00    000   2.97  -3.69  -0.71
2024      5     12     02     05     00    000   3.01  -3.70  -0.72
2024      5     12     02     06     00    000   3.05  -3.71  -0.72
2024      5     12     02     07     00    000   3.08  -3.72  -0.73
2024      5     12     02     08     00    000   3.12  -3.73  -0.74
2024      5     12     02     09     00    000   3.16  -3.74  -0.74
2024      5     12     02     10     00    000   3.19  -3.75  -0.75
2024      5     12     02     11     00    000   3.23  -3.76  -0.75
2024      5     12     02     12     00    000   3.26  -3.77  -0.76
2024      5     12     02     13     00    000   3.30  -3.78  -0.76
2024      5     12     02     14     00    000   3.34  -3.79  -0.77
2024      5     12     02     15     00    000   3.37  -3.80  -0.77
2024      5     12     02     16     00    000   3.41  -3.81  -0.78
2024      5     12     02     17     00    000   3.44  -3.81  -0.79
2024      5     12     02     18     00    000   3.48  -3.82  -0.79
2024      5     12     02     19     00    000   3.51  -3.83  -0.80
2024      5     12     02     20     00    000   3.55  -3.84  -0.80
2024      5     12     02     21     00    000   3.58  -3.85  -0.81
2024      5     12     02     22     00    000   3.62  -3.85  -0.81
2024      5     12     02     23     00    000   3.65  -3.86  -0.82
2024      5     12     02     24     00    000   3.69  -3.87  -0.82
2024      5     12     02     25     00    000   3.72  -3.88  -0.83
2024      5     12     02     26     00    000   3.75  -3.88  -0.83
2024      5     12     02     27     00    000   3.79  -3.89  -0.84
2024      5     12     02     28     00    000   3.82  -3.90  -0.84
2024      5     12     02     29     00    000   3.86  -3.90  -0.85
2024      5     12     02     30     00    000   3.89  -3.91  -0.85
2024      5     12     02     31     00    000   3.92  -3.92  -0.86
2024      5     12     02     32     00    000   3.96  -3.92  -0.86
2024      5     12     02     33     00    000   3.99  -3.93  -0.86
2024      5     12     02     34     00    000   4.02  -3.94  -0.87
2024      5     12     02     35     00    000   4.06  -3.94  -0.87
2024      5     12     02     36     00    000   4.09  -3.95  -0.88
2024      5     12     02     37     00    000   4.12  -3.95  -0.88
2024      5     12     02     38     00    000   4.15  -3.96  -0.89
2024      5     12     02     39     00    000   4.19  -3.97  -0.89
2024      5     12     02     40     00    000   4.22  -3.97  -0.90
2024      5     12     02     41     00    000   4.25  -3.98  -0.90
2024      5     12     02     42     00    000   4.28  -3.98  -0.90
2024      5     12     02     43     00    000   4.32  -3.99  -0.91
2024      5     12     02     44     00    000   4.35  -3.99  -0.91
2024      5     12     02     45     00    000   4.38  -4.00  -0.92
2024      5     12     02     46     00    000   4.41  -4.00  -0.92
2024      5     12     02     47     00    000   4.44  -4.01  -0.93
2024      5     12     02     48     00    000   4.47  -4.01  -0.93
2024      5     12     02     49     00    000   4.51  -4.02  -0.93
2024      5     12     02     50     00    000   4.54  -4.02  -0.94
2024      5     12     02     51     00    000   4.57  -4.03  -0.94
2024      5     12     02     52     00    000   4.60  -4.03  -0.95
2024      5     12     02     53     00    000   4.63  -4.04  -0.95
2024      5     12     02     54     00    000   4.66  -4.04  -0.95
2024      5     12     02     55     00    000   4.69  -4.05  -0.96
2024      5     12     02     56     00    000   4.72  -4.05  -0.96
2024      5     12     02     57     00    000   4.75  -4.05  -0.96
2024      5     12     02     58     00    000   4.78  -4.06  -0.97
2024      5     12     02     59     00    000   4.81  -4.06  -0.97
2024      5     12     03     00     00    000   4.84  -4.07  -0.98
2024      5     12     03     01     00    000   4.87  -4.07  -0.98
2024      5     12     03     02     00    000   4.90  -4.07  -0.98
2024      5     12     03     03     00    000   4.93  -4.08  -0.99
2024      5     12     03     04     00    000   4.96  -4.08  -0.99
2024      5     12     03     05     00    000   4.99  -4.08  -0.99
2024      5     12     03     06     00    000   5.02  -4.09  -1.00
2024      5     12     03     07     00    000   5.05  -4.09  -1.00
2024      5     12     03     08     00    000   5.08  -4.09  -1.00
2024      5     12     03     09     00    000   5.11  -4.10  -1.01
2024      5     12     03     10     00    000   5.14  -4.10  -1.01
2024      5     12     03     11     00    000   5.17  -4.10  -1.01
2024      5     12     03     12     00    000   5.20  -4.11  -1.02
2024      5     12     03     13     00    000   5.23  -4.11  -1.02
2024      5     12     03     14     00    000   5.26  -4.11  -1.02
2024      5     12     03     15     00    000   5.28  -4.11  -1.03
2024      5     12     03     16     00    000   5.31  -4.12  -1.03
2024      5     12     03     17     00    000   5.34  -4.12  -1.03
2024      5     12     03     18     00    000   5.37  -4.12  -1.04
2024      5     12     03     19     00    000   5.40  -4.12  -1.04
2024      5     12     03     20     00    000   5.43  -4.13  -1.04
2024      5     12     03     21     00    000   5.46  -4.13  -1.05
2024      5     12     03     22     00    000   5.48  -4.13  -1.05
2024      5     12     03     23     00    000   5.51  -4.13  -1.05
2024      5     12     03     24     00    000   5.54  -4.14  -1.06
2024      5     12     03     25     00    000   5.57  -4.14  -1.06
2024      5     12     03     26     00    000   5.60  -4.14  -1.06
2024      5     12     03     27     00    000   5.62  -4.14  -1.07
2024      5     12     03     28     00    000   5.65  -4.14  -1.07
2024      5     12     03     29     00    000   5.68  -4.15  -1.07
2024      5     12     03     30     00    000   5.71  -4.15  -1.07
2024      5     12     03     31     00    000   5.73  -4.15  -1.08
2024      5     12     03     32     00    000   5.76  -4.15  -1.08
2024      5     12     03     33     00    000   5.79  -4.15  -1.08
2024      5     12     03     34     00    000   5.81  -4.16  -1.09
2024      5     12     03     35     00    000   5.84  -4.16  -1.09
2024      5     12     03     36     00    000   5.87  -4.16  -1.09
2024      5     12     03     37     00    000   5.89  -4.16  -1.09
2024      5     12     03     38     00    000   5.92  -4.16  -1.10
2024      5     12     03     39     00    000   5.95  -4.16  -1.10
2024      5     12     03     40     00    000   5.97  -4.16  -1.10
2024      5     12     03     41     00    000   6.00  -4.17  -1.10
2024      5     12     03     42     00    000   6.03  -4.17  -1.11
2024      5     12     03     43     00    000   6.05  -4.17  -1.11
2024      5     12     03     44     00    000   6.08  -4.17  -1.11
2024      5     12     03     45     00    000   6.11  -4.17  -1.12
2024      5     12     03     46     00    000   6.13  -4.17  -1.12
2024      5     12     03     47     00    000   6.16  -4.17  -1.12
2024      5     12     03     48     00    000   6.18  -4.17  -1.12
2024      5     12     03     49     00    000   6.21  -4.17  -1.13
2024      5     12     03     50     00    000   6.24  -4.17  -1.13
2024      5     12     03     51     00    000   6.26  -4.18  -1.13
2024      5     12     03     52     00    000   6.29  -4.18  -1.13
2024      5     12     03     53     00    000   6.31  -4.18  -1.14
2024      5     12     03     54     00    000   6.34  -4.18  -1.14
2024      5     12     03     55     00    000   6.36  -4.18  -1.14
2024      5     12     03     56     00    000   6.39  -4.18  -1.14
2024      5     12     03     57     00    000   6.41  -4.18  -1.15
2024      5     12     03     58     00    000   6.44  -4.18  -1.15
2024      5     12     03     59     00    000   6.46  -4.18  -1.15
2024      5     12     04     00     00    000   6.49  -4.18  -1.15
2024      5     12     04     01     00    000   6.51  -4.18  -1.15
2024      5     12     04     02     00    000   6.54  -4.18  -1.16
2024      5     12     04     03     00    000   6.56  -4.18  -1.16
2024      5     12     04     04     00    000   6.59  -4.18  -1.16
2024      5     12     04     05     00    000   6.61  -4.18  -1.16
2024      5     12     04     06     00    000   6.64  -4.18  -1.17
2024      5     12     04     07     00    000   6.66  -4.18  -1.17
2024      5     12     04     08     00    000   6.68  -4.18  -1.17
2024      5     12     04     09     00    000   6.71  -4.18  -1.17
2024      5     12     04     10     00    000   6.73  -4.18  -1.17
2024      5     12     04     11     00    000   6.76  -4.18  -1.18
2024      5     12     04     12     00    000   6.78  -4.18  -1.18
2024      5     12     04     13     00    000   6.81  -4.18  -1.18
2024      5     12     04     14     00    000   6.83  -4.18  -1.18
2024      5     12     04     15     00    000   6.85  -4.18  -1.19
2024      5     12     04     16     00    000   6.88  -4.18  -1.19
2024      5     12     04     17     00    000   6.90  -4.18  -1.19
2024      5     12     04     18     00    000   6.92  -4.18  -1.19
2024      5     12     04     19     00    000   6.95  -4.18  -1.19
2024      5     12     04     20     00    000   6.97  -4.18  -1.20
2024      5     12     04     21     00    000   7.00  -4.18  -1.20
2024      5     12     04     22     00    000   7.02  -4.18  -1.20
2024      5     12     04     23     00    000   7.04  -4.18  -1.20
2024      5     12     04     24     00    000   7.06  -4.18  -1.20
2024      5     12     04     25     00    000   7.09  -4.18  -1.21
2024      5     12     04     26     00    000   7.11  -4.18  -1.21
2024      5     12     04     27     00    000   7.13  -4.18  -1.21
2024      5     12     04     28     00    000   7.16  -4.18  -1.21
2024      5     12     04     29     00    000   7.18  -4.18  -1.21
2024      5     12     04     30     00    000   7.20  -4.18  -1.22
2024      5     12     04     31     00    000   7.23  -4.17  -1.22
2024      5     12     04     32     00    000   7.25  -4.17  -1.22
2024      5     12     04     33     00    000   7.27  -4.17  -1.22
2024      5     12     04     34     00    000   7.29  -4.17  -1.22
2024      5     12     04     35     00    000   7.32  -4.17  -1.23
2024      5     12     04     36     00    000   7.34  -4.17  -1.23
2024      5     12     04     37     00    000   7.36  -4.17  -1.23
2024      5     12     04     38     00    000   7.38  -4.17  -1.23
2024      5     12     04     39     00    000   7.41  -4.17  -1.23
2024      5     12     04     40     00    000   7.43  -4.17  -1.24
2024      5     12     04     41     00    000   7.45  -4.17  -1.24
2024      5     12     04     42     00    000   7.47  -4.16  -1.24
2024      5     12     04     43     00    000   7.49  -4.16  -1.24
2024      5     12     04     44     00    000   7.52  -4.16  -1.24
2024      5     12     04     45     00    000   7.54  -4.16  -1.24
2024      5     12     04     46     00    000   7.56  -4.16  -1.25
2024      5     12     04     47     00    000   7.58  -4.16  -1.25
2024      5     12     04     48     00    000   7.60  -4.16  -1.25
2024      5     12     04     49     00    000   7.62  -4.16  -1.25
2024      5     12     04     50     00    000   7.65  -4.15  -1.25
2024      5     12     04     51     00    000   7.67  -4.15  -1.26
2024      5     12     04     52     00    000   7.69  -4.15  -1.26
2024      5     12     04     53     00    000   7.71  -4.15  -1.26
2024      5     12     04     54     00    000   7.73  -4.15  -1.26
2024      5     12     04     55     00    000   7.75  -4.15  -1.26
2024      5     12     04     56     00    000   7.77  -4.15  -1.26
2024      5     12     04     57     00    000   7.79  -4.14  -1.27
2024      5     12     04     58     00    000   7.82  -4.14  -1.27
2024      5     12     04     59     00    000   7.84  -4.14  -1.27
2024      5     12     05     00     00    000   7.86  -4.14  -1.27
2024      5     12     05     01     00    000   7.88  -4.14  -1.27
2024      5     12     05     02     00    000   7.90  -4.14  -1.27
2024      5     12     05     03     00    000   7.92  -4.13  -1.28
2024      5     12     05     04     00    000   7.94  -4.13  -1.28
2024      5     12     05     05     00    000   7.96  -4.13  -1.28
2024      5     12     05     06     00    000   7.98  -4.13  -1.28
2024      5     12     05     07     00    000   8.00  -4.13  -1.28
2024      5     12     05     08     00    000   8.02  -4.13  -1.28
2024      5     12     05     09     00    000   8.04  -4.12  -1.29
2024      5     12     05     10     00    000   8.06  -4.12  -1.29
2024      5     12     05     11     00    000   8.08  -4.12  -1.29
2024      5     12     05     12     00    000   8.10  -4.12  -1.29
2024      5     12     05     13     00    000   8.12  -4.12  -1.29
2024      5     12     05     14     00    000   8.14  -4.11  -1.29
2024      5     12     05     15     00    000   8.16  -4.11  -1.30
2024      5     12     05     16     00    000   8.18  -4.11  -1.30
2024      5     12     05     17     00    000   8.20  -4.11  -1.30
2024      5     12     05     18     00    000   8.22  -4.11  -1.30
2024      5     12     05     19     00    000   8.24  -4.10  -1.30
2024      5     12     05     20     00    000   8.26  -4.10  -1.30
2024      5     12     05     21     00    000   8.28  -4.10  -1.31
2024      5     12     05     22     00    000   8.30  -4.10  -1.31
2024      5     12     05     23     00    000   8.32  -4.10  -1.31
2024      5     12     05     24     00    000   8.34  -4.09  -1.31
2024      5     12     05     25     00    000   8.36  -4.09  -1.31
2024      5     12     05     26     00    000   8.38  -4.09  -1.31
2024      5     12     05     27     00    000   8.40  -4.09  -1.32
2024      5     12     05     28     00    000   8.42  -4.08  -1.32
2024      5     12     05     29     00    000   8.44  -4.08  -1.32
2024      5     12     05     30     00    000   8.46  -4.08  -1.32
2024      5     12     05     31     00    000   8.48  -4.08  -1.32
2024      5     12     05     32     00    000   8.50  -4.08  -1.32
2024      5     12     05     33     00    000   8.51  -4.07  -1.32
2024      5     12     05     34     00    000   8.53  -4.07  -1.33
2024      5     12     05     35     00    000   8.55  -4.07  -1.33
2024      5     12     05     36     00    000   8.57  -4.07  -1.33
2024      5     12     05     37     00    000   8.59  -4.06  -1.33
2024      5     12     05     38     00    000   8.61  -4.06  -1.33
2024      5     12     05     39     00    000   8.63  -4.06  -1.33
2024      5     12     05     40     00    000   8.65  -4.06  -1.34
2024      5     12     05     41     00    000   8.66  -4.05  -1.34
2024      5     12     05     42     00    000   8.68  -4.05  -1.34
2024      5     12     05     43     00    000   8.70  -4.05  -1.34
2024      5     12     05     44     00    000   8.72  -4.05  -1.34
2024      5     12     05     45     00    000   8.74  -4.04  -1.34
2024      5     12     05     46     00    000   8.76  -4.04  -1.35
2024      5     12     05     47     00    000   8.78  -4.04  -1.35
2024      5     12     05     48     00    000   8.79  -4.03  -1.35
2024      5     12     05     49     00    000   8.81  -4.03  -1.35
2024      5     12     05     50     00    000   8.83  -4.03  -1.35
2024      5     12     05     51     00    000   8.85  -4.03  -1.35
2024      5     12     05     52     00    000   8.87  -4.02  -1.35
2024      5     12     05     53     00    000   8.88  -4.02  -1.36
2024      5     12     05     54     00    000   8.90  -4.02  -1.36
2024      5     12     05     55     00    000   8.92  -4.01  -1.36
2024      5     12     05     56     00    000   8.94  -4.01  -1.36
2024      5     12     05     57     00    000   8.96  -4.01  -1.36
2024      5     12     05     58     00    000   8.97  -4.01  -1.36
2024      5     12     05     59     00    000   8.99  -4.00  -1.37
2024      5     12     06     00     00    000   9.01  -4.00  -1.37
2024      5     12     06     01     00    000   9.03  -4.00  -1.37
2024      5     12     06     02     00    000   9.04  -3.99  -1.37
2024      5     12     06     03     00    000   9.06  -3.99  -1.37
2024      5     12     06     04     00    000   9.08  -3.99  -1.37
2024      5     12     06     05     00    000   9.10  -3.99  -1.38
2024      5     12     06     06     00    000   9.11  -3.98  -1.38
2024      5     12     06     07     00    000   9.13  -3.98  -1.38
2024      5     12     06     08     00    000   9.15  -3.98  -1.38
2024      5     12     06     09     00    000   9.16  -3.97  -1.38
2024      5     12     06     10     00    000   9.18  -3.97  -1.38
2024      5     12     06     11     00    000   9.20  -3.97  -1.38
2024      5     12     06     12     00    000   9.22  -3.96  -1.39
2024      5     12     06     13     00    000   9.23  -3.96  -1.39
2024      5     12     06     14     00    000   9.25  -3.96  -1.39
2024      5     12     06     15     00    000   9.27  -3.95  -1.39
2024      5     12     06     16     00    000   9.28  -3.95  -1.39
2024      5     12     06     17     00    000   9.30  -3.95  -1.39
2024      5     12     06     18     00    000   9.32  -3.94  -1.40
2024      5     12     06     19     00    000   9.33  -3.94  -1.40
2024      5     12     06     20     00    000   9.35  -3.94  -1.40
2024      5     12     06     21     00    000   9.37  -3.93  -1.40
2024      5     12     06     22     00    000   9.38  -3.93  -1.40
2024      5     12     06     23     00    000   9.40  -3.93  -1.40
2024      5     12     06     24     00    000   9.42  -3.92  -1.41
2024      5     12     06     25     00    000   9.43  -3.92  -1.41
2024      5     12     06     26     00    000   9.45  -3.92  -1.41
2024      5     12     06     27     00    000   9.46  -3.91  -1.41
2024      5     12     06     28     00    000   9.48  -3.91  -1.41
2024      5     12     06     29     00    000   9.50  -3.91  -1.41
2024      5     12     06     30     00    000   9.51  -3.90  -1.42
2024      5     12     06     31     00    000   9.53  -3.90  -1.42
2024      5     12     06     32     00    000   9.55  -3.90  -1.42
2024      5     12     06     33     00    000   9.56  -3.89  -1.42
2024      5     12     06     34     00    000   9.58  -3.89  -1.42
2024      5     12     06     35     00    000   9.59  -3.89  -1.42
2024      5     12     06     36     00    000   9.61  -3.88  -1.42
2024      5     12     06     37     00    000   9.63  -3.88  -1.43
2024      5     12     06     38     00    000   9.64  -3.87  -1.43
2024      5     12     06     39     00    000   9.66  -3.87  -1.43
2024      5     12     06     40     00    000   9.67  -3.87  -1.43
2024      5     12     06     41     00    000   9.69  -3.86  -1.43
2024      5     12     06     42     00    000   9.70  -3.86  -1.43
2024      5     12     06     43     00    000   9.72  -3.86  -1.44
2024      5     12     06     44     00    000   9.73  -3.85  -1.44
2024      5     12     06     45     00    000   9.75  -3.85  -1.44
2024      5     12     06     46     00    000   9.77  -3.84  -1.44
2024      5     12     06     47     00    000   9.78  -3.84  -1.44
2024      5     12     06     48     00    000   9.80  -3.84  -1.44
2024      5     12     06     49     00    000   9.81  -3.83  -1.45
2024      5     12     06     50     00    000   9.83  -3.83  -1.45
2024      5     12     06     51     00    000   9.84  -3.83  -1.45
2024      5     12     06     52     00    000   9.86  -3.82  -1.45
2024      5     12     06     53     00    000   9.87  -3.82  -1.45
2024      5     12     06     54     00    000   9.89  -3.81  -1.46
2024      5     12     06     55     00    000   9.90  -3.81  -1.46
2024      5     12     06     56     00    000   9.92  -3.81  -1.46
2024      5     12     06     57     00    000   9.93  -3.80  -1.46
2024      5     12     06     58     00    000   9.95  -3.80  -1.46
2024      5     12     06     59     00    000   9.96  -3.79  -1.46
2024      5     12     07     00     00    000   9.98  -3.79  -1.47
2024      5     12     07     01     00    000   9.99  -3.79  -1.47
2024      5     12     07     02     00    000  10.01  -3.78  -1.47
2024      5     12     07     03     00    000  10.02  -3.78  -1.47
2024      5     12     07     04     00    000  10.04  -3.77  -1.47
2024      5     12     07     05     00    000  10.05  -3.77  -1.47
2024      5     12     07     06     00    000  10.06  -3.77  -1.48
2024      5     12     07     07     00    000  10.08  -3.76  -1.48
2024      5     12     07     08     00    000  10.09  -3.76  -1.48
2024      5     12     07     09     00    000  10.11  -3.75  -1.48
2024      5     12     07     10     00    000  10.12  -3.75  -1.48
2024      5     12     07     11     00    000  10.14  -3.75  -1.49
2024      5     12     07     12     00    000  10.15  -3.74  -1.49
2024      5     12     07     13     00    000  10.16  -3.74  -1.49
2024      5     12     07     14     00    000  10.18  -3.73  -1.49
2024      5     12     07     15     00    000  10.19  -3.73  -1.49
2024      5     12     07     16     00    000  10.21  -3.73  -1.49
2024      5     12     07     17     00    000  10.22  -3.72  -1.50
2024      5     12     07     18     00    000  10.24  -3.72  -1.50
2024      5     12     07     19     00    000  10.25  -3.71  -1.50
2024      5     12     07     20     00    000  10.26  -3.71  -1.50
2024      5     12     07     21     00    000  10.28  -3.70  -1.50
2024      5     12     07     22     00    000  10.29  -3.70  -1.51
2024      5     12     07     23     00    000  10.30  -3.70  -1.51
2024      5     12     07     24     00    000  10.32  -3.69  -1.51
2024      5     12     07     25     00    000  10.33  -3.69  -1.51
2024      5     12     07     26     00    000  10.35  -3.68  -1.51
2024      5     12     07     27     00    000  10.36  -3.68  -1.51
2024      5     12     07     28     00    000  10.37  -3.67  -1.52
2024      5     12     07     29     00    000  10.39  -3.67  -1.52
2024      5     12     07     30     00    000  10.40  -3.66  -1.52
2024      5     12     07     31     00    000  10.41  -3.66  -1.52
2024      5     12     07     32     00    000  10.43  -3.66  -1.52
2024      5     12     07     33     00    000  10.44  -3.65  -1.53
2024      5     12     07     34     00    000  10.45  -3.65  -1.53
2024      5     12     07     35     00    000  10.47  -3.64  -1.53
2024      5     12     07     36     00    000  10.48  -3.64  -1.53
2024      5     12     07     37     00    000  10.49  -3.63  -1.53
2024      5     12     07     38     00    000  10.51  -3.63  -1.54
2024      5     12     07     39     00    000  10.52  -3.62  -1.54
2024      5     12     07     40     00    000  10.53  -3.62  -1.54
2024      5     12     07     41     00    000  10.55  -3.62  -1.54
2024      5     12     07     42     00    000  10.56  -3.61  -1.54
2024      5     12     07     43     00    000  10.57  -3.61  -1.55
2024      5     12     07     44     00    000  10.58  -3.60  -1.55
2024      5     12     07     45     00    000  10.60  -3.60  -1.55
2024      5     12     07     46     00    000  10.61  -3.59  -1.55
2024      5     12     07     47     00    000  10.62  -3.59  -1.55
2024      5     12     07     48     00    000  10.64  -3.58  -1.56
2024      5     12     07     49     00    000  10.65  -3.58  -1.56
2024      5     12     07     50     00    000  10.66  -3.57  -1.56
2024      5     12     07     51     00    000  10.67  -3.57  -1.56
2024      5     12     07     52     00    000  10.69  -3.56  -1.56
2024      5     12     07     53     00    000  10.70  -3.56  -1.57
2024      5     12     07     54     00    000  10.71  -3.55  -1.57
2024      5     12     07     55     00    000  10.72  -3.55  -1.57
2024      5     12     07     56     00    000  10.74  -3.55  -1.57
2024      5     12     07     57     00    000  10.75  -3.54  -1.57
2024      5     12     07     58     00    000  10.76  -3.54  -1.58
2024      5     12     07     59     00    000  10.77  -3.53  -1.58
2024      5     12     08     00     00    000  10.79  -3.53  -1.58
2024      5     12     08     01     00    000  10.80  -3.52  -1.58
2024      5     12     08     02     00    000  10.81  -3.52  -1.59
2024      5     12     08     03     00    000  10.82  -3.51  -1.59
2024      5     12     08     04     00    000  10.83  -3.51  -1.59
2024      5     12     08     05     00    000  10.85  -3.50  -1.59
2024      5     12     08     06     00    000  10.86  -3.50  -1.59
2024      5     12     08     07     00    000  10.87  -3.49  -1.60
2024      5     12     08     08     00    000  10.88  -3.49  -1.60
2024      5     12     08     09     00    000  10.89  -3.48  -1.60
2024      5     12     08     10     00    000  10.91  -3.48  -1.60
2024      5     12     08     11     00    000  10.92  -3.47  -1.61
2024      5     12     08     12     00    000  10.93  -3.47  -1.61
2024      5     12     08     13     00    000  10.94  -3.46  -1.61
2024      5     12     08     14     00    000  10.95  -3.46  -1.61
2024      5     12     08     15     00    000  10.97  -3.45  -1.61
2024      5     12     08     16     00    000  10.98  -3.45  -1.62
2024      5     12     08     17     00    000  10.99  -3.44  -1.62
2024      5     12     08     18     00    000  11.00  -3.44  -1.62
2024      5     12     08     19     00    000  11.01  -3.43  -1.62
2024      5     12     08     20     00    000  11.02  -3.43  -1.63
2024      5     12     08     21     00    000  11.03  -3.42  -1.63
2024      5     12     08     22     00    000  11.05  -3.42  -1.63
2024      5     12     08     23     00    000  11.06  -3.41  -1.63
2024      5     12     08     24     00    000  11.07  -3.41  -1.63
2024      5     12     08     25     00    000  11.08  -3.40  -1.64
2024      5     12     08     26     00    000  11.09  -3.40  -1.64
2024      5     12     08     27     00    000  11.10  -3.39  -1.64
2024      5     12     08     28     00    000  11.11  -3.39  -1.64
2024      5     12     08     29     00    000  11.12  -3.38  -1.65
2024      5     12     08     30     00    000  11.14  -3.38  -1.65
2024      5     12     08     31     00    000  11.15  -3.37  -1.65
2024      5     12     08     32     00    000  11.16  -3.37  -1.65
2024      5     12     08     33     00    000  11.17  -3.36  -1.66
2024      5     12     08     34     00    000  11.18  -3.36  -1.66
2024      5     12     08     35     00    000  11.19  -3.35  -1.66
2024      5     12     08     36     00    000  11.20  -3.34  -1.66
2024      5     12     08     37     00    000  11.21  -3.34  -1.66
2024      5     12     08     38     00    000  11.22  -3.33  -1.67
2024      5     12     08     39     00    000  11.23  -3.33  -1.67
2024      5     12     08     40     00    000  11.25  -3.32  -1.67
2024      5     12     08     41     00    000  11.26  -3.32  -1.67
2024      5     12     08     42     00    000  11.27  -3.31  -1.68
2024      5     12     08     43     00    000  11.28  -3.31  -1.68
2024      5     12     08     44     00    000  11.29  -3.30  -1.68
2024      5     12     08     45     00    000  11.30  -3.30  -1.68
2024      5     12     08     46     00    000  11.31  -3.29  -1.69
2024      5     12     08     47     00    000  11.32  -3.29  -1.69
2024      5     12     08     48     00    000  11.33  -3.28  -1.69
2024      5     12     08     49     00    000  11.34  -3.27  -1.69
2024      5     12     08     50     00    000  11.35  -3.27  -1.70
2024      5     12     08     51     00    000  11.36  -3.26  -1.70
2024      5     12     08     52     00    000  11.37  -3.26  -1.70
2024      5     12     08     53     00    000  11.38  -3.25  -1.70
2024      5     12     08     54     00    000  11.39  -3.25  -1.71
2024      5     12     08     55     00    000  11.40  -3.24  -1.71
2024      5     12     08     56     00    000  11.41  -3.24  -1.71
2024      5     12     08     57     00    000  11.42  -3.23  -1.71
2024      5     12     08     58     00    000  11.43  -3.23  -1.72
2024      5     12     08     59     00    000  11.44  -3.22  -1.72
2024      5     12     09     00     00    000  11.45  -3.21  -1.72
2024      5     12     09     01     00    000  11.46  -3.21  -1.72
2024      5     12     09     02     00    000  11.47  -3.20  -1.73
2024      5     12     09     03     00    000  11.48  -3.20  -1.73
2024      5     12     09     04     00    000  11.49  -3.19  -1.73
2024      5     12     09     05     00    000  11.50  -3.19  -1.73
2024      5     12     09     06     00    000  11.51  -3.18  -1.74
2024      5     12     09     07     00    000  11.52  -3.18  -1.74
2024      5     12     09     08     00    000  11.53  -3.17  -1.74
2024      5     12     09     09     00    000  11.54  -3.16  -1.75
2024      5     12     09     10     00    000  11.55  -3.16  -1.75
2024      5     12     09     11     00    000  11.56  -3.15  -1.75
2024      5     12     09     12     00    000  11.57  -3.15  -1.75
2024      5     12     09     13     00    000  11.58  -3.14  -1.76
2024      5     12     09     14     00    000  11.59  -3.14  -1.76
2024      5     12     09     15     00    000  11.60  -3.13  -1.76
2024      5     12     09     16     00    000  11.61  -3.12  -1.76
2024      5     12     09     17     00    000  11.62  -3.12  -1.77
2024      5     12     09     18     00    000  11.63  -3.11  -1.77
2024      5     12     09     19     00    000  11.64  -3.11  -1.77
2024      5     12     09     20     00    000  11.64  -3.10  -1.77
2024      5     12     09     21     00    000  11.65  -3.09  -1.78
2024      5     12     09     22     00    000  11.66  -3.09  -1.78
2024      5     12     09     23     00    000  11.67  -3.08  -1.78
2024      5     12     09     24     00    000  11.68  -3.08  -1.79
2024      5     12     09     25     00    000  11.69  -3.07  -1.79
2024      5     12     09     26     00    000  11.70  -3.07  -1.79
2024      5     12     09     27     00    000  11.71  -3.06  -1.79
2024      5     12     09     28     00    000  11.72  -3.05  -1.80
2024      5     12     09     29     00    000  11.73  -3.05  -1.80
2024      5     12     09     30     00    000  11.74  -3.04  -1.80
2024      5     12     09     31     00    000  11.74  -3.04  -1.80
2024      5     12     09     32     00    000  11.75  -3.03  -1.81
2024      5     12     09     33     00    000  11.76  -3.02  -1.81
2024      5     12     09     34     00    000  11.77  -3.02  -1.81
2024      5     12     09     35     00    000  11.78  -3.01  -1.82
2024      5     12     09     36     00    000  11.79  -3.01  -1.82
2024      5     12     09     37     00    000  11.80  -3.00  -1.82
2024      5     12     09     38     00    000  11.81  -2.99  -1.82
2024      5     12     09     39     00    000  11.81  -2.99  -1.83
2024      5     12     09     40     00    000  11.82  -2.98  -1.83
2024      5     12     09     41     00    000  11.83  -2.98  -1.83
2024      5     12     09     42     00    000  11.84  -2.97  -1.84
2024      5     12     09     43     00    000  11.85  -2.96  -1.84
2024      5     12     09     44     00    000  11.86  -2.96  -1.84
2024      5     12     09     45     00    000  11.87  -2.95  -1.84
2024      5     12     09     46     00    000  11.87  -2.95  -1.85
2024      5     12     09     47     00    000  11.88  -2.94  -1.85
2024      5     12     09     48     00    000  11.89  -2.93  -1.85
2024      5     12     09     49     00    000  11.90  -2.93  -1.86
2024      5     12     09     50     00    000  11.91  -2.92  -1.86
2024      5     12     09     51     00    000  11.92  -2.91  -1.86
2024      5     12     09     52     00    000  11.92  -2.91  -1.86
2024      5     12     09     53     00    000  11.93  -2.90  -1.87
2024      5     12     09     54     00    000  11.94  -2.90  -1.87
2024      5     12     09     55     00    000  11.95  -2.89  -1.87
2024      5     12     09     56     00    000  11.96  -2.88  -1.88
2024      5     12     09     57     00    000  11.96  -2.88  -1.88
2024      5     12     09     58     00    000  11.97  -2.87  -1.88
2024      5     12     09     59     00    000  11.98  -2.86  -1.89
2024      5     12     10     00     00    000  11.99  -2.86  -1.89
2024      5     12     10     01     00    000  12.00  -2.85  -1.89
2024      5     12     10     02     00    000  12.00  -2.85  -1.89
2024      5     12     10     03     00    000  12.01  -2.84  -1.90
2024      5     12     10     04     00    000  12.02  -2.83  -1.90
2024      5     12     10     05     00    000  12.03  -2.83  -1.90
2024      5     12     10     06     00    000  12.03  -2.82  -1.91
2024      5     12     10     07     00    000  12.04  -2.81  -1.91
2024      5     12     10     08     00    000  12.05  -2.81  -1.91
2024      5     12     10     09     00    000  12.06  -2.80  -1.92
2024      5     12     10     10     00    000  12.06  -2.79  -1.92
2024      5     12     10     11     00    000  12.07  -2.79  -1.92
2024      5     12     10     12     00    000  12.08  -2.78  -1.92
2024      5     12     10     13     00    000  12.09  -2.77  -1.93
2024      5     12     10     14     00    000  12.09  -2.77  -1.93
2024      5     12     10     15     00    000  12.10  -2.76  -1.93
2024      5     12     10     16     00    000  12.11  -2.76  -1.94
2024      5     12     10     17     00    000  12.12  -2.75  -1.94
2024      5     12     10     18     00    000  12.12  -2.74  -1.94
2024      5     12     10     19     00    000  12.13  -2.74  -1.95
2024      5     12     10     20     00    000  12.14  -2.73  -1.95
2024      5     12     10     21     00    000  12.15  -2.72  -1.95
2024      5     12     10     22     00    000  12.15  -2.72  -1.96
2024      5     12     10     23     00    000  12.16  -2.71  -1.96
2024      5     12     10     24     00    000  12.17  -2.70  -1.96
2024      5     12     10     25     00    000  12.17  -2.70  -1.96
2024      5     12     10     26     00    000  12.18  -2.69  -1.97
2024      5     12     10     27     00    000  12.19  -2.68  -1.97
2024      5     12     10     28     00    000  12.19  -2.68  -1.97
2024      5     12     10     29     00    000  12.20  -2.67  -1.98
2024      5     12     10     30     00    000  12.21  -2.66  -1.98
2024      5     12     10     31     00    000  12.22  -2.66  -1.98
2024      5     12     10     32     00    000  12.22  -2.65  -1.99
2024      5     12     10     33     00    000  12.23  -2.64  -1.99
2024      5     12     10     34     00    000  12.24  -2.64  -1.99
2024      5     12     10     35     00    000  12.24  -2.63  -2.00
2024      5     12     10     36     00    000  12.25  -2.62  -2.00
2024      5     12     10     37     00    000  12.26  -2.62  -2.00
2024      5     12     10     38     00    000  12.26  -2.61  -2.00
2024      5     12     10     39     00    000  12.27  -2.60  -2.01
2024      5     12     10     40     00    000  12.28  -2.60  -2.01
2024      5     12     10     41     00    000  12.28  -2.59  -2.01
2024      5     12     10     42     00    000  12.29  -2.58  -2.02
2024      5     12     10     43     00    000  12.30  -2.57  -2.02
2024      5     12     10     44     00    000  12.30  -2.57  -2.02
2024      5     12     10     45     00    000  12.31  -2.56  -2.03
2024      5     12     10     46     00    000  12.31  -2.55  -2.03
2024      5     12     10     47     00    000  12.32  -2.55  -2.03
2024      5     12     10     48     00    000  12.33  -2.54  -2.04
2024      5     12     10     49     00    000  12.33  -2.53  -2.04
2024      5     12     10     50     00    000  12.34  -2.53  -2.04
2024      5     12     10     51     00    000  12.35  -2.52  -2.05
2024      5     12     10     52     00    000  12.35  -2.51  -2.05
2024      5     12     10     53     00    000  12.36  -2.51  -2.05
2024      5     12     10     54     00    000  12.36  -2.50  -2.06
2024      5     12     10     55     00    000  12.37  -2.49  -2.06
2024      5     12     10     56     00    000  12.38  -2.48  -2.06
2024      5     12     10     57     00    000  12.38  -2.48  -2.07
2024      5     12     10     58     00    000  12.39  -2.47  -2.07
2024      5     12     10     59     00    000  12.39  -2.46  -2.07
2024      5     12     11     00     00    000  12.40  -2.46  -2.08
2024      5     12     11     01     00    000  12.41  -2.45  -2.08
2024      5     12     11     02     00    000  12.41  -2.44  -2.08
2024      5     12     11     03     00    000  12.42  -2.44  -2.08
2024      5     12     11     04     00    000  12.42  -2.43  -2.09
2024      5     12     11     05     00    000  12.43  -2.42  -2.09
2024      5     12     11     06     00    000  12.43  -2.41  -2.09
2024      5     12     11     07     00    000  12.44  -2.41  -2.10
2024      5     12     11     08     00    000  12.45  -2.40  -2.10
2024      5     12     11     09     00    000  12.45  -2.39  -2.10
2024      5     12     11     10     00    000  12.46  -2.39  -2.11
2024      5     12     11     11     00    000  12.46  -2.38  -2.11
2024      5     12     11     12     00    000  12.47  -2.37  -2.11
2024      5     12     11     13     00    000  12.47  -2.36  -2.12
2024      5     12     11     14     00    000  12.48  -2.36  -2.12
2024      5     12     11     15     00    000  12.48  -2.35  -2.12
2024      5     12     11     16     00    000  12.49  -2.34  -2.13
2024      5     12     11     17     00    000  12.50  -2.33  -2.13
2024      5     12     11     18     00    000  12.50  -2.33  -2.13
2024      5     12     11     19     00    000  12.51  -2.32  -2.14
2024      5     12     11     20     00    000  12.51  -2.31  -2.14
2024      5     12     11     21     00    000  12.52  -2.31  -2.14
2024      5     12     11     22     00    000  12.52  -2.30  -2.15
2024      5     12     11     23     00    000  12.53  -2.29  -2.15
2024      5     12     11     24     00    000  12.53  -2.28  -2.15
2024      5     12     11     25     00    000  12.54  -2.28  -2.16
2024      5     12     11     26     00    000  12.54  -2.27  -2.16
2024      5     12     11     27     00    000  12.55  -2.26  -2.16
2024      5     12     11     28     00    000  12.55  -2.25  -2.17
2024      5     12     11     29     00    000  12.56  -2.25  -2.17
2024      5     12     11     30     00    000  12.56  -2.24  -2.17
2024      5     12     11     31     00    000  12.57  -2.23  -2.18
2024      5     12     11     32     00    000  12.57  -2.22  -2.18
2024      5     12     11     33     00    000  12.58  -2.22  -2.18
2024      5     12     11     34     00    000  12.58  -2.21  -2.19
2024      5     12     11     35     00    000  12.59  -2.20  -2.19
2024      5     12     11     36     00    000  12.59  -2.19  -2.19
2024      5     12     11     37     00    000  12.60  -2.19  -2.20
2024      5     12     11     38     00    000  12.60  -2.18  -2.20
2024      5     12     11     39     00    000  12.61  -2.17  -2.20
2024      5     12     11     40     00    000  12.61  -2.16  -2.21
2024      5     12     11     41     00    000  12.61  -2.16  -2.21
2024      5     12     11     42     00    000  12.62  -2.15  -2.21
2024      5     12     11     43     00    000  12.62  -2.14  -2.22
2024      5     12     11     44     00    000  12.63  -2.13  -2.22
2024      5     12     11     45     00    000  12.63  -2.12  -2.22
2024      5     12     11     46     00    000  12.64  -2.12  -2.23
2024      5     12     11     47     00    000  12.64  -2.11  -2.23
2024      5     12     11     48     00    000  12.65  -2.10  -2.23
2024      5     12     11     49     00    000  12.65  -2.09  -2.23
2024      5     12     11     50     00    000  12.65  -2.09  -2.24
2024      5     12     11     51     00    000  12.66  -2.08  -2.24
2024      5     12     11     52     00    000  12.66  -2.07  -2.24
2024      5     12     11     53     00    000  12.67  -2.06  -2.25
2024      5     12     11     54     00    000  12.67  -2.06  -2.25
2024      5     12     11     55     00    000  12.68  -2.05  -2.25
2024      5     12     11     56     00    000  12.68  -2.04  -2.26
2024      5     12     11     57     00    000  12.68  -2.03  -2.26
2024      5     12     11     58     00    000  12.69  -2.02  -2.26
2024      5     12     11     59     00    000  12.69  -2.02  -2.27
2024      5     12     12     00     00    000  12.70  -2.01  -2.27
2024      5     12     12     01     00    000  12.70  -2.00  -2.27
2024      5     12     12     02     00    000  12.70  -1.99  -2.28
2024      5     12     12     03     00    000  12.71  -1.98  -2.28
2024      5     12     12     04     00    000  12.71  -1.98  -2.28
2024      5     12     12     05     00    000  12.72  -1.97  -2.29
2024      5     12     12     06     00    000  12.72  -1.96  -2.29
2024      5     12     12     07     00    000  12.72  -1.95  -2.29
2024      5     12     12     08     00    000  12.73  -1.94  -2.30
2024      5     12     12     09     00    000  12.73  -1.94  -2.30
2024      5     12     12     10     00    000  12.73  -1.93  -2.30
2024      5     12     12     11     00    000  12.74  -1.92  -2.31
2024      5     12     12     12     00    000  12.74  -1.91  -2.31
2024      5     12     12     13     00    000  12.74  -1.90  -2.31
2024      5     12     12     14     00    000  12.75  -1.90  -2.32
2024      5     12     12     15     00    000  12.75  -1.89  -2.32
2024      5     12     12     16     00    000  12.76  -1.88  -2.32
2024      5     12     12     17     00    000  12.76  -1.87  -2.33
2024      5     12     12     18     00    000  12.76  -1.86  -2.33
2024      5     12     12     19     00    000  12.77  -1.86  -2.33
2024      5     12     12     20     00    000  12.77  -1.85  -2.34
2024      5     12     12     21     00    000  12.77  -1.84  -2.34
2024      5     12     12     22     00    000  12.78  -1.83  -2.34
2024      5     12     12     23     00    000  12.78  -1.82  -2.34
2024      5     12     12     24     00    000  12.78  -1.82  -2.35
2024      5     12     12     25     00    000  12.79  -1.81  -2.35
2024      5     12     12     26     00    000  12.79  -1.80  -2.35
2024      5     12     12     27     00    000  12.79  -1.79  -2.36
2024      5     12     12     28     00    000  12.79  -1.78  -2.36
2024      5     12     12     29     00    000  12.80  -1.77  -2.36
2024      5     12     12     30     00    000  12.80  -1.77  -2.37
2024      5     12     12     31     00    000  12.80  -1.76  -2.37
2024      5     12     12     32     00    000  12.81  -1.75  -2.37
2024      5     12     12     33     00    000  12.81  -1.74  -2.38
2024      5     12     12     34     00    000  12.81  -1.73  -2.38
2024      5     12     12     35     00    000  12.82  -1.72  -2.38
2024      5     12     12     36     00    000  12.82  -1.72  -2.39
2024      5     12     12     37     00    000  12.82  -1.71  -2.39
2024      5     12     12     38     00    000  12.82  -1.70  -2.39
2024      5     12     12     39     00    000  12.83  -1.69  -2.39
2024      5     12     12     40     00    000  12.83  -1.68  -2.40
2024      5     12     12     41     00    000  12.83  -1.67  -2.40
2024      5     12     12     42     00    000  12.83  -1.67  -2.40
2024      5     12     12     43     00    000  12.84  -1.66  -2.41
2024      5     12     12     44     00    000  12.84  -1.65  -2.41
2024      5     12     12     45     00    000  12.84  -1.64  -2.41
2024      5     12     12     46     00    000  12.85  -1.63  -2.42
2024      5     12     12     47     00    000  12.85  -1.62  -2.42
2024      5     12     12     48     00    000  12.85  -1.61  -2.42
2024      5     12     12     49     00    000  12.85  -1.61  -2.43
2024      5     12     12     50     00    000  12.86  -1.60  -2.43
2024      5     12     12     51     00    000  12.86  -1.59  -2.43
2024      5     12     12     52     00    000  12.86  -1.58  -2.43
2024      5     12     12     53     00    000  12.86  -1.57  -2.44
2024      5     12     12     54     00    000  12.86  -1.56  -2.44
2024      5     12     12     55     00    000  12.87  -1.55  -2.44
2024      5     12     12     56     00    000  12.87  -1.55  -2.45
2024      5     12     12     57     00    000  12.87  -1.54  -2.45
2024      5     12     12     58     00    000  12.87  -1.53  -2.45
2024      5     12     12     59     00    000  12.88  -1.52  -2.46
2024      5     12     13     00     00    000  12.88  -1.51  -2.46
2024      5     12     13     01     00    000  12.88  -1.50  -2.46
2024      5     12     13     02     00    000  12.88  -1.49  -2.46
2024      5     12     13     03     00    000  12.88  -1.49  -2.47
2024      5     12     13     04     00    000  12.89  -1.48  -2.47
2024      5     12     13     05     00    000  12.89  -1.47  -2.47
2024      5     12     13     06     00    000  12.89  -1.46  -2.48
2024      5     12     13     07     00    000  12.89  -1.45  -2.48
2024      5     12     13     08     00    000  12.89  -1.44  -2.48
2024      5     12     13     09     00    000  12.90  -1.43  -2.48
2024      5     12     13     10     00    000  12.90  -1.42  -2.49
2024      5     12     13     11     00    000  12.90  -1.42  -2.49
2024      5     12     13     12     00    000  12.90  -1.41  -2.49
2024      5     12     13     13     00    000  12.90  -1.40  -2.50
2024      5     12     13     14     00    000  12.90  -1.39  -2.50
2024      5     12     13     15     00    000  12.91  -1.38  -2.50
2024      5     12     13     16     00    000  12.91  -1.37  -2.50
2024      5     12     13     17     00    000  12.91  -1.36  -2.51
2024      5     12     13     18     00    000  12.91  -1.35  -2.51
2024      5     12     13     19     00    000  12.91  -1.34  -2.51
2024      5     12     13     20     00    000  12.91  -1.34  -2.52
2024      5     12     13     21     00    000  12.92  -1.33  -2.52
2024      5     12     13     22     00    000  12.92  -1.32  -2.52
2024      5     12     13     23     00    000  12.92  -1.31  -2.52
2024      5     12     13     24     00    000  12.92  -1.30  -2.53
2024      5     12     13     25     00    000  12.92  -1.29  -2.53
2024      5     12     13     26     00    000  12.92  -1.28  -2.53
2024      5     12     13     27     00    000  12.92  -1.27  -2.54
2024      5     12     13     28     00    000  12.92  -1.26  -2.54
2024      5     12     13     29     00    000  12.93  -1.25  -2.54
2024      5     12     13     30     00    000  12.93  -1.25  -2.54
2024      5     12     13     31     00    000  12.93  -1.24  -2.55
2024      5     12     13     32     00    000  12.93  -1.23  -2.55
2024      5     12     13     33     00    000  12.93  -1.22  -2.55
2024      5     12     13     34     00    000  12.93  -1.21  -2.55
2024      5     12     13     35     00    000  12.93  -1.20  -2.56
2024      5     12     13     36     00    000  12.93  -1.19  -2.56
2024      5     12     13     37     00    000  12.93  -1.18  -2.56
2024      5     12     13     38     00    000  12.94  -1.17  -2.56
2024      5     12     13     39     00    000  12.94  -1.16  -2.57
2024      5     12     13     40     00    000  12.94  -1.15  -2.57
2024      5     12     13     41     00    000  12.94  -1.14  -2.57
2024      5     12     13     42     00    000  12.94  -1.14  -2.58
2024      5     12     13     43     00    000  12.94  -1.13  -2.58
2024      5     12     13     44     00    000  12.94  -1.12  -2.58
2024      5     12     13     45     00    000  12.94  -1.11  -2.58
2024      5     12     13     46     00    000  12.94  -1.10  -2.59
2024      5     12     13     47     00    000  12.94  -1.09  -2.59
2024      5     12     13     48     00    000  12.94  -1.08  -2.59
2024      5     12     13     49     00    000  12.94  -1.07  -2.59
2024      5     12     13     50     00    000  12.94  -1.06  -2.60
2024      5     12     13     51     00    000  12.95  -1.05  -2.60
2024      5     12     13     52     00    000  12.95  -1.04  -2.60
2024      5     12     13     53     00    000  12.95  -1.03  -2.60
2024      5     12     13     54     00    000  12.95  -1.02  -2.60
2024      5     12     13     55     00    000  12.95  -1.01  -2.61
2024      5     12     13     56     00    000  12.95  -1.01  -2.61
2024      5     12     13     57     00    000  12.95  -1.00  -2.61
2024      5     12     13     58     00    000  12.95  -0.99  -2.61
2024      5     12     13     59     00    000  12.95  -0.98  -2.62
2024      5     12     14     00     00    000  12.95  -0.97  -2.62
2024      5     12     14     01     00    000  12.95  -0.96  -2.62
2024      5     12     14     02     00    000  12.95  -0.95  -2.62
2024      5     12     14     03     00    000  12.95  -0.94  -2.63
2024      5     12     14     04     00    000  12.95  -0.93  -2.63
2024      5     12     14     05     00    000  12.95  -0.92  -2.63
2024      5     12     14     06     00    000  12.95  -0.91  -2.63
2024      5     12     14     07     00    000  12.95  -0.90  -2.64
2024      5     12     14     08     00    000  12.95  -0.89  -2.64
2024      5     12     14     09     00    000  12.95  -0.88  -2.64
2024      5     12     14     10     00    000  12.95  -0.87  -2.64
2024      5     12     14     11     00    000  12.95  -0.86  -2.64
2024      5     12     14     12     00    000  12.95  -0.85  -2.65
2024      5     12     14     13     00    000  12.95  -0.84  -2.65
2024      5     12     14     14     00    000  12.95  -0.83  -2.65
2024      5     12     14     15     00    000  12.95  -0.82  -2.65
2024      5     12     14     16     00    000  12.95  -0.82  -2.65
2024      5     12     14     17     00    000  12.95  -0.81  -2.66
2024      5     12     14     18     00    000  12.95  -0.80  -2.66
2024      5     12     14     19     00    000  12.95  -0.79  -2.66
2024      5     12     14     20     00    000  12.95  -0.78  -2.66
2024      5     12     14     21     00    000  12.95  -0.77  -2.66
2024      5     12     14     22     00    000  12.95  -0.76  -2.67
2024      5     12     14     23     00    000  12.95  -0.75  -2.67
2024      5     12     14     24     00    000  12.95  -0.74  -2.67
2024      5     12     14     25     00    000  12.95  -0.73  -2.67
2024      5     12     14     26     00    000  12.95  -0.72  -2.67
2024      5     12     14     27     00    000  12.95  -0.71  -2.68
2024      5     12     14     28     00    000  12.94  -0.70  -2.68
2024      5     12     14     29     00    000  12.94  -0.69  -2.68
2024      5     12     14     30     00    000  12.94  -0.68  -2.68
2024      5     12     14     31     00    000  12.94  -0.67  -2.68
2024      5     12     14     32     00    000  12.94  -0.66  -2.69
2024      5     12     14     33     00    000  12.94  -0.65  -2.69
2024      5     12     14     34     00    000  12.94  -0.64  -2.69
2024      5     12     14     35     00    000  12.94  -0.63  -2.69
2024      5     12     14     36     00    000  12.94  -0.62  -2.69
2024      5     12     14     37     00    000  12.94  -0.61  -2.70
2024      5     12     14     38     00    000  12.94  -0.60  -2.70
2024      5     12     14     39     00    000  12.94  -0.59  -2.70
2024      5     12     14     40     00    000  12.94  -0.58  -2.70
2024      5     12     14     41     00    000  12.93  -0.57  -2.70
2024      5     12     14     42     00    000  12.93  -0.56  -2.70
2024      5     12     14     43     00    000  12.93  -0.55  -2.71
2024      5     12     14     44     00    000  12.93  -0.54  -2.71
2024      5     12     14     45     00    000  12.93  -0.53  -2.71
2024      5     12     14     46     00    000  12.93  -0.52  -2.71
2024      5     12     14     47     00    000  12.93  -0.51  -2.71
2024      5     12     14     48     00    000  12.93  -0.50  -2.71
2024      5     12     14     49     00    000  12.93  -0.49  -2.72
2024      5     12     14     50     00    000  12.92  -0.48  -2.72
2024      5     12     14     51     00    000  12.92  -0.47  -2.72
2024      5     12     14     52     00    000  12.92  -0.46  -2.72
2024      5     12     14     53     00    000  12.92  -0.45  -2.72
2024      5     12     14     54     00    000  12.92  -0.44  -2.72
2024      5     12     14     55     00    000  12.92  -0.43  -2.72
2024      5     12     14     56     00    000  12.92  -0.42  -2.73
2024      5     12     14     57     00    000  12.91  -0.41  -2.73
2024      5     12     14     58     00    000  12.91  -0.40  -2.73
2024      5     12     14     59     00    000  12.91  -0.39  -2.73
2024      5     12     15     00     00    000  12.91  -0.38  -2.73
2024      5     12     15     01     00    000  12.91  -0.37  -2.73
2024      5     12     15     02     00    000  12.91  -0.36  -2.73
2024      5     12     15     03     00    000  12.91  -0.35  -2.74
2024      5     12     15     04     00    000  12.90  -0.34  -2.74
2024      5     12     15     05     00    000  12.90  -0.33  -2.74
2024      5     12     15     06     00    000  12.90  -0.32  -2.74
2024      5     12     15     07     00    000  12.90  -0.31  -2.74
2024      5     12     15     08     00    000  12.90  -0.30  -2.74
2024      5     12     15     09     00    000  12.89  -0.29  -2.74
2024      5     12     15     10     00    000  12.89  -0.28  -2.74
2024      5     12     15     11     00    000  12.89  -0.27  -2.75
2024      5     12     15     12     00    000  12.89  -0.26  -2.75
2024      5     12     15     13     00    000  12.89  -0.25  -2.75
2024      5     12     15     14     00    000  12.88  -0.24  -2.75
2024      5     12     15     15     00    000  12.88  -0.23  -2.75
2024      5     12     15     16     00    000  12.88  -0.22  -2.75
2024      5     12     15     17     00    000  12.88  -0.21  -2.75
2024      5     12     15     18     00    000  12.88  -0.20  -2.75
2024      5     12     15     19     00    000  12.87  -0.19  -2.75
2024      5     12     15     20     00    000  12.87  -0.18  -2.76
2024      5     12     15     21     00    000  12.87  -0.17  -2.76
2024      5     12     15     22     00    000  12.87  -0.16  -2.76
2024      5     12     15     23     00    000  12.87  -0.15  -2.76
2024      5     12     15     24     00    000  12.86  -0.14  -2.76
2024      5     12     15     25     00    000  12.86  -0.13  -2.76
2024      5     12     15     26     00    000  12.86  -0.12  -2.76
2024      5     12     15     27     00    000  12.86  -0.11  -2.76
2024      5     12     15     28     00    000  12.85  -0.10  -2.76
2024      5     12     15     29     00    000  12.85  -0.09  -2.76
2024      5     12     15     30     00    000  12.85  -0.08  -2.76
2024      5     12     15     31     00    000  12.85  -0.07  -2.76
2024      5     12     15     32     00    000  12.84  -0.06  -2.77
2024      5     12     15     33     00    000  12.84  -0.05  -2.77
2024      5     12     15     34     00    000  12.84  -0.04  -2.77
2024      5     12     15     35     00    000  12.84  -0.03  -2.77
2024      5     12     15     36     00    000  12.83  -0.02  -2.77
2024      5     12     15     37     00    000  12.83  -0.01  -2.77
2024      5     12     15     38     00    000  12.83   0.00  -2.77
2024      5     12     15     39     00    000  12.83   0.01  -2.77
2024      5     12     15     40     00    000  12.82   0.02  -2.77
2024      5     12     15     41     00    000  12.82   0.03  -2.77
2024      5     12     15     42     00    000  12.82   0.04  -2.77
2024      5     12     15     43     00    000  12.81   0.05  -2.77
2024      5     12     15     44     00    000  12.81   0.06  -2.77
2024      5     12     15     45     00    000  12.81   0.08  -2.77
2024      5     12     15     46     00    000  12.80   0.09  -2.77
2024      5     12     15     47     00    000  12.80   0.10  -2.77
2024      5     12     15     48     00    000  12.80   0.11  -2.77
2024      5     12     15     49     00    000  12.80   0.12  -2.78
2024      5     12     15     50     00    000  12.79   0.13  -2.78
2024      5     12     15     51     00    000  12.79   0.14  -2.78
2024      5     12     15     52     00    000  12.79   0.15  -2.78
2024      5     12     15     53     00    000  12.78   0.16  -2.78
2024      5     12     15     54     00    000  12.78   0.17  -2.78
2024      5     12     15     55     00    000  12.78   0.18  -2.78
2024      5     12     15     56     00    000  12.77   0.19  -2.78
2024      5     12     15     57     00    000  12.77   0.20  -2.78
2024      5     12     15     58     00    000  12.77   0.21  -2.78
2024      5     12     15     59     00    000  12.76   0.22  -2.78
2024      5     12     16     00     00    000  12.76   0.23  -2.78
2024      5     12     16     01     00    000  12.76   0.24  -2.78
2024      5     12     16     02     00    000  12.75   0.25  -2.78
2024      5     12     16     03     00    000  12.75   0.26  -2.78
2024      5     12     16     04     00    000  12.75   0.27  -2.78
2024      5     12     16     05     00    000  12.74   0.28  -2.78
2024      5     12     16     06     00    000  12.74   0.29  -2.78
2024      5     12     16     07     00    000  12.73   0.30  -2.78
2024      5     12     16     08     00    000  12.73   0.31  -2.78
2024      5     12     16     09     00    000  12.73   0.32  -2.78
2024      5     12     16     10     00    000  12.72   0.33  -2.78
2024      5     12     16     11     00    000  12.72   0.34  -2.78
2024      5     12     16     12     00    000  12.72   0.35  -2.78
2024      5     12     16     13     00    000  12.71   0.36  -2.78
2024      5     12     16     14     00    000  12.71   0.37  -2.78
2024      5     12     16     15     00    000  12.70   0.39  -2.78
2024      5     12     16     16     00    000  12.70   0.40  -2.78
2024      5     12     16     17     00    000  12.70   0.41  -2.78
2024      5     12     16     18     00    000  12.69   0.42  -2.78
2024      5     12     16     19     00    000  12.69   0.43  -2.78
2024      5     12     16     20     00    000  12.68   0.44  -2.78
2024      5     12     16     21     00    000  12.68   0.45  -2.78
2024      5     12     16     22     00    000  12.68   0.46  -2.78
2024      5     12     16     23     00    000  12.67   0.47  -2.78
2024      5     12     16     24     00    000  12.67   0.48  -2.78
2024      5     12     16     25     00    000  12.66   0.49  -2.77
2024      5     12     16     26     00    000  12.66   0.50  -2.77
2024      5     12     16     27     00    000  12.66   0.51  -2.77
2024      5     12     16     28     00    000  12.65   0.52  -2.77
2024      5     12     16     29     00    000  12.65   0.53  -2.77
2024      5     12     16     30     00    000  12.64   0.54  -2.77
2024      5     12     16     31     00    000  12.64   0.55  -2.77
2024      5     12     16     32     00    000  12.63   0.56  -2.77
2024      5     12     16     33     00    000  12.63   0.57  -2.77
2024      5     12     16     34     00    000  12.62   0.58  -2.77
2024      5     12     16     35     00    000  12.62   0.59  -2.77
2024      5     12     16     36     00    000  12.62   0.60  -2.77
2024      5     12     16     37     00    000  12.61   0.61  -2.77
2024      5     12     16     38     00    000  12.61   0.62  -2.77
2024      5     12     16     39     00    000  12.60   0.63  -2.77
2024      5     12     16     40     00    000  12.60   0.64  -2.77
2024      5     12     16     41     00    000  12.59   0.65  -2.77
2024      5     12     16     42     00    000  12.59   0.67  -2.77
2024      5     12     16     43     00    000  12.58   0.68  -2.76
2024      5     12     16     44     00    000  12.58   0.69  -2.76
2024      5     12     16     45     00    000  12.57   0.70  -2.76
2024      5     12     16     46     00    000  12.57   0.71  -2.76
2024      5     12     16     47     00    000  12.56   0.72  -2.76
2024      5     12     16     48     00    000  12.56   0.73  -2.76
2024      5     12     16     49     00    000  12.55   0.74  -2.76
2024      5     12     16     50     00    000  12.55   0.75  -2.76
2024      5     12     16     51     00    000  12.54   0.76  -2.76
2024      5     12     16     52     00    000  12.54   0.77  -2.76
2024      5     12     16     53     00    000  12.53   0.78  -2.76
2024      5     12     16     54     00    000  12.53   0.79  -2.75
2024      5     12     16     55     00    000  12.52   0.80  -2.75
2024      5     12     16     56     00    000  12.52   0.81  -2.75
2024      5     12     16     57     00    000  12.51   0.82  -2.75
2024      5     12     16     58     00    000  12.51   0.83  -2.75
2024      5     12     16     59     00    000  12.50   0.84  -2.75
2024      5     12     17     00     00    000  12.50   0.85  -2.75
2024      5     12     17     01     00    000  12.49   0.86  -2.75
2024      5     12     17     02     00    000  12.49   0.87  -2.75
2024      5     12     17     03     00    000  12.48   0.88  -2.74
2024      5     12     17     04     00    000  12.47   0.89  -2.74
2024      5     12     17     05     00    000  12.47   0.90  -2.74
2024      5     12     17     06     00    000  12.46   0.91  -2.74
2024      5     12     17     07     00    000  12.46   0.92  -2.74
2024      5     12     17     08     00    000  12.45   0.93  -2.74
2024      5     12     17     09     00    000  12.45   0.94  -2.74
2024      5     12     17     10     00    000  12.44   0.95  -2.73
2024      5     12     17     11     00    000  12.44   0.96  -2.73
2024      5     12     17     12     00    000  12.43   0.97  -2.73
2024      5     12     17     13     00    000  12.42   0.98  -2.73
2024      5     12     17     14     00    000  12.42   0.99  -2.73
2024      5     12     17     15     00    000  12.41   1.00  -2.73
2024      5     12     17     16     00    000  12.41   1.01  -2.73
2024      5     12     17     17     00    000  12.40   1.02  -2.72
2024      5     12     17     18     00    000  12.39   1.04  -2.72
2024      5     12     17     19     00    000  12.39   1.05  -2.72
2024      5     12     17     20     00    000  12.38   1.06  -2.72
2024      5     12     17     21     00    000  12.38   1.07  -2.72
2024      5     12     17     22     00    000  12.37   1.08  -2.72
2024      5     12     17     23     00    000  12.36   1.09  -2.72
2024      5     12     17     24     00    000  12.36   1.10  -2.71
2024      5     12     17     25     00    000  12.35   1.11  -2.71
2024      5     12     17     26     00    000  12.35   1.12  -2.71
2024      5     12     17     27     00    000  12.34   1.13  -2.71
2024      5     12     17     28     00    000  12.33   1.14  -2.71
2024      5     12     17     29     00    000  12.33   1.15  -2.70
2024      5     12     17     30     00    000  12.32   1.16  -2.70
2024      5     12     17     31     00    000  12.31   1.17  -2.70
2024      5     12     17     32     00    000  12.31   1.18  -2.70
2024      5     12     17     33     00    000  12.30   1.19  -2.70
2024      5     12     17     34     00    000  12.29   1.20  -2.70
2024      5     12     17     35     00    000  12.29   1.21  -2.69
2024      5     12     17     36     00    000  12.28   1.22  -2.69
2024      5     12     17     37     00    000  12.28   1.23  -2.69
2024      5     12     17     38     00    000  12.27   1.24  -2.69
2024      5     12     17     39     00    000  12.26   1.25  -2.69
2024      5     12     17     40     00    000  12.26   1.26  -2.68
2024      5     12     17     41     00    000  12.25   1.27  -2.68
2024      5     12     17     42     00    000  12.24   1.28  -2.68
2024      5     12     17     43     00    000  12.24   1.29  -2.68
2024      5     12     17     44     00    000  12.23   1.30  -2.68
2024      5     12     17     45     00    000  12.22   1.31  -2.67
2024      5     12     17     46     00    000  12.21   1.32  -2.67
2024      5     12     17     47     00    000  12.21   1.33  -2.67
2024      5     12     17     48     00    000  12.20   1.34  -2.67
2024      5     12     17     49     00    000  12.19   1.35  -2.67
2024      5     12     17     50     00    000  12.19   1.36  -2.66
2024      5     12     17     51     00    000  12.18   1.37  -2.66
2024      5     12     17     52     00    000  12.17   1.38  -2.66
2024      5     12     17     53     00    000  12.17   1.39  -2.66
2024      5     12     17     54     00    000  12.16   1.40  -2.65
2024      5     12     17     55     00    000  12.15   1.41  -2.65
2024      5     12     17     56     00    000  12.14   1.42  -2.65
2024      5     12     17     57     00    000  12.14   1.43  -2.65
2024      5     12     17     58     00    000  12.13   1.44  -2.64
2024      5     12     17     59     00    000  12.12   1.45  -2.64
2024      5     12     18     00     00    000  12.11   1.46  -2.64
2024      5     12     18     01     00    000  12.11   1.47  -2.64
2024      5     12     18     02     00    000  12.10   1.48  -2.63
2024      5     12     18     03     00    000  12.09   1.49  -2.63
2024      5     12     18     04     00    000  12.09   1.50  -2.63
2024      5     12     18     05     00    000  12.08   1.51  -2.63
2024      5     12     18     06     00    000  12.07   1.52  -2.63
2024      5     12     18     07     00    000  12.06   1.53  -2.62
2024      5     12     18     08     00    000  12.05   1.54  -2.62
2024      5     12     18     09     00    000  12.05   1.55  -2.62
2024      5     12     18     10     00    000  12.04   1.55  -2.61
2024      5     12     18     11     00    000  12.03   1.56  -2.61
2024      5     12     18     12     00    000  12.02   1.57  -2.61
2024      5     12     18     13     00    000  12.02   1.58  -2.61
2024      5     12     18     14     00    000  12.01   1.59  -2.60
2024      5     12     18     15     00    000  12.00   1.60  -2.60
2024      5     12     18     16     00    000  11.99   1.61  -2.60
2024      5     12     18     17     00    000  11.98   1.62  -2.60
2024      5     12     18     18     00    000  11.98   1.63  -2.59
2024      5     12     18     19     00    000  11.97   1.64  -2.59
2024      5     12     18     20     00    000  11.96   1.65  -2.59
2024      5     12     18     21     00    000  11.95   1.66  -2.59
2024      5     12     18     22     00    000  11.94   1.67  -2.58
2024      5     12     18     23     00    000  11.94   1.68  -2.58
2024      5     12     18     24     00    000  11.93   1.69  -2.58
2024      5     12     18     25     00    000  11.92   1.70  -2.57
2024      5     12     18     26     00    000  11.91   1.71  -2.57
2024      5     12     18     27     00    000  11.90   1.72  -2.57
2024      5     12     18     28     00    000  11.90   1.73  -2.57
2024      5     12     18     29     00    000  11.89   1.74  -2.56
2024      5     12     18     30     00    000  11.88   1.75  -2.56
2024      5     12     18     31     00    000  11.87   1.76  -2.56
2024      5     12     18     32     00    000  11.86   1.77  -2.55
2024      5     12     18     33     00    000  11.85   1.78  -2.55
2024      5     12     18     34     00    000  11.84   1.79  -2.55
2024      5     12     18     35     00    000  11.84   1.79  -2.54
2024      5     12     18     36     00    000  11.83   1.80  -2.54
2024      5     12     18     37     00    000  11.82   1.81  -2.54
2024      5     12     18     38     00    000  11.81   1.82  -2.54
2024      5     12     18     39     00    000  11.80   1.83  -2.53
2024      5     12     18     40     00    000  11.79   1.84  -2.53
2024      5     12     18     41     00    000  11.78   1.85  -2.53
2024      5     12     18     42     00    000  11.77   1.86  -2.52
2024      5     12     18     43     00    000  11.77   1.87  -2.52
2024      5     12     18     44     00    000  11.76   1.88  -2.52
2024      5     12     18     45     00    000  11.75   1.89  -2.51
2024      5     12     18     46     00    000  11.74   1.90  -2.51
2024      5     12     18     47     00    000  11.73   1.91  -2.51
2024      5     12     18     48     00    000  11.72   1.92  -2.50
2024      5     12     18     49     00    000  11.71   1.93  -2.50
2024      5     12     18     50     00    000  11.70   1.93  -2.50
2024      5     12     18     51     00    000  11.69   1.94  -2.49
2024      5     12     18     52     00    000  11.68   1.95  -2.49
2024      5     12     18     53     00    000  11.68   1.96  -2.49
2024      5     12     18     54     00    000  11.67   1.97  -2.48
2024      5     12     18     55     00    000  11.66   1.98  -2.48
2024      5     12     18     56     00    000  11.65   1.99  -2.48
2024      5     12     18     57     00    000  11.64   2.00  -2.47
2024      5     12     18     58     00    000  11.63   2.01  -2.47
2024      5     12     18     59     00    000  11.62   2.02  -2.47
2024      5     12     19     00     00    000  11.61   2.03  -2.46
2024      5     12     19     01     00    000  11.60   2.04  -2.46
2024      5     12     19     02     00    000  11.59   2.04  -2.46
2024      5     12     19     03     00    000  11.58   2.05  -2.45
2024      5     12     19     04     00    000  11.57   2.06  -2.45
2024      5     12     19     05     00    000  11.56   2.07  -2.45
2024      5     12     19     06     00    000  11.55   2.08  -2.44
2024      5     12     19     07     00    000  11.54   2.09  -2.44
2024      5     12     19     08     00    000  11.53   2.10  -2.44
2024      5     12     19     09     00    000  11.52   2.11  -2.43
2024      5     12     19     10     00    000  11.51   2.12  -2.43
2024      5     12     19     11     00    000  11.50   2.13  -2.43
2024      5     12     19     12     00    000  11.49   2.13  -2.42
2024      5     12     19     13     00    000  11.48   2.14  -2.42
2024      5     12     19     14     00    000  11.47   2.15  -2.42
2024      5     12     19     15     00    000  11.46   2.16  -2.41
2024      5     12     19     16     00    000  11.45   2.17  -2.41
2024      5     12     19     17     00    000  11.44   2.18  -2.40
2024      5     12     19     18     00    000  11.43   2.19  -2.40
2024      5     12     19     19     00    000  11.42   2.20  -2.40
2024      5     12     19     20     00    000  11.41   2.20  -2.39
2024      5     12     19     21     00    000  11.40   2.21  -2.39
2024      5     12     19     22     00    000  11.39   2.22  -2.39
2024      5     12     19     23     00    000  11.38   2.23  -2.38
2024      5     12     19     24     00    000  11.37   2.24  -2.38
2024      5     12     19     25     00    000  11.36   2.25  -2.38
2024      5     12     19     26     00    000  11.35   2.26  -2.37
2024      5     12     19     27     00    000  11.34   2.27  -2.37
2024      5     12     19     28     00    000  11.33   2.27  -2.36
2024      5     12     19     29     00    000  11.32   2.28  -2.36
2024      5     12     19     30     00    000  11.31   2.29  -2.36
2024      5     12     19     31     00    000  11.30   2.30  -2.35
2024      5     12     19     32     00    000  11.29   2.31  -2.35
2024      5     12     19     33     00    000  11.28   2.32  -2.35
2024      5     12     19     34     00    000  11.27   2.33  -2.34
2024      5     12     19     35     00    000  11.26   2.33  -2.34
2024      5     12     19     36     00    000  11.24   2.34  -2.33
2024      5     12     19     37     00    000  11.23   2.35  -2.33
2024      5     12     19     38     00    000  11.22   2.36  -2.33
2024      5     12     19     39     00    000  11.21   2.37  -2.32
2024      5     12     19     40     00    000  11.20   2.38  -2.32
2024      5     12     19     41     00    000  11.19   2.38  -2.31
2024      5     12     19     42     00    000  11.18   2.39  -2.31
2024      5     12     19     43     00    000  11.17   2.40  -2.31
2024      5     12     19     44     00    000  11.16   2.41  -2.30
2024      5     12     19     45     00    000  11.15   2.42  -2.30
2024      5     12     19     46     00    000  11.13   2.43  -2.29
2024      5     12     19     47     00    000  11.12   2.43  -2.29
2024      5     12     19     48     00    000  11.11   2.44  -2.29
2024      5     12     19     49     00    000  11.10   2.45  -2.28
2024      5     12     19     50     00    000  11.09   2.46  -2.28
2024      5     12     19     51     00    000  11.08   2.47  -2.28
2024      5     12     19     52     00    000  11.07   2.48  -2.27
2024      5     12     19     53     00    000  11.05   2.48  -2.27
2024      5     12     19     54     00    000  11.04   2.49  -2.26
2024      5     12     19     55     00    000  11.03   2.50  -2.26
2024      5     12     19     56     00    000  11.02   2.51  -2.25
2024      5     12     19     57     00    000  11.01   2.52  -2.25
2024      5     12     19     58     00    000  11.00   2.53  -2.25
2024      5     12     19     59     00    000  10.98   2.53  -2.24
2024      5     12     20     00     00    000  10.97   2.54  -2.24
2024      5     12     20     01     00    000  10.96   2.55  -2.23
2024      5     12     20     02     00    000  10.95   2.56  -2.23
2024      5     12     20     03     00    000  10.94   2.57  -2.23
2024      5     12     20     04     00    000  10.93   2.57  -2.22
2024      5     12     20     05     00    000  10.91   2.58  -2.22
2024      5     12     20     06     00    000  10.90   2.59  -2.21
2024      5     12     20     07     00    000  10.89   2.60  -2.21
2024      5     12     20     08     00    000  10.88   2.60  -2.21
2024      5     12     20     09     00    000  10.87   2.61  -2.20
2024      5     12     20     10     00    000  10.85   2.62  -2.20
2024      5     12     20     11     00    000  10.84   2.63  -2.19
2024      5     12     20     12     00    000  10.83   2.64  -2.19
2024      5     12     20     13     00    000  10.82   2.64  -2.19
2024      5     12     20     14     00    000  10.80   2.65  -2.18
2024      5     12     20     15     00    000  10.79   2.66  -2.18
2024      5     12     20     16     00    000  10.78   2.67  -2.17
2024      5     12     20     17     00    000  10.77   2.68  -2.17
2024      5     12     20     18     00    000  10.75   2.68  -2.16
2024      5     12     20     19     00    000  10.74   2.69  -2.16
2024      5     12     20     20     00    000  10.73   2.70  -2.16
2024      5     12     20     21     00    000  10.72   2.71  -2.15
2024      5     12     20     22     00    000  10.70   2.71  -2.15
2024      5     12     20     23     00    000  10.69   2.72  -2.14
2024      5     12     20     24     00    000  10.68   2.73  -2.14
2024      5     12     20     25     00    000  10.67   2.74  -2.13
2024      5     12     20     26     00    000  10.65   2.74  -2.13
2024      5     12     20     27     00    000  10.64   2.75  -2.13
2024      5     12     20     28     00    000  10.63   2.76  -2.12
2024      5     12     20     29     00    000  10.61   2.77  -2.12
2024      5     12     20     30     00    000  10.60   2.77  -2.11
2024      5     12     20     31     00    000  10.59   2.78  -2.11
2024      5     12     20     32     00    000  10.58   2.79  -2.10
2024      5     12     20     33     00    000  10.56   2.80  -2.10
2024      5     12     20     34     00    000  10.55   2.80  -2.10
2024      5     12     20     35     00    000  10.54   2.81  -2.09
2024      5     12     20     36     00    000  10.52   2.82  -2.09
2024      5     12     20     37     00    000  10.51   2.83  -2.08
2024      5     12     20     38     00    000  10.50   2.83  -2.08
2024      5     12     20     39     00    000  10.48   2.84  -2.07
2024      5     12     20     40     00    000  10.47   2.85  -2.07
2024      5     12     20     41     00    000  10.46   2.85  -2.07
2024      5     12     20     42     00    000  10.44   2.86  -2.06
2024      5     12     20     43     00    000  10.43   2.87  -2.06
2024      5     12     20     44     00    000  10.42   2.88  -2.05
2024      5     12     20     45     00    000  10.40   2.88  -2.05
2024      5     12     20     46     00    000  10.39   2.89  -2.04
2024      5     12     20     47     00    000  10.37   2.90  -2.04
2024      5     12     20     48     00    000  10.36   2.90  -2.04
2024      5     12     20     49     00    000  10.35   2.91  -2.03
2024      5     12     20     50     00    000  10.33   2.92  -2.03
2024      5     12     20     51     00    000  10.32   2.93  -2.02
2024      5     12     20     52     00    000  10.31   2.93  -2.02
2024      5     12     20     53     00    000  10.29   2.94  -2.01
2024      5     12     20     54     00    000  10.28   2.95  -2.01
2024      5     12     20     55     00    000  10.26   2.95  -2.00
2024      5     12     20     56     00    000  10.25   2.96  -2.00
2024      5     12     20     57     00    000  10.24   2.97  -2.00
2024      5     12     20     58     00    000  10.22   2.97  -1.99
2024      5     12     20     59     00    000  10.21   2.98  -1.99
2024      5     12     21     00     00    000  10.19   2.99  -1.98
2024      5     12     21     01     00    000  10.18   3.00  -1.98
2024      5     12     21     02     00    000  10.16   3.00  -1.97
2024      5     12     21     03     00    000  10.15   3.01  -1.97
2024      5     12     21     04     00    000  10.13   3.02  -1.97
2024      5     12     21     05     00    000  10.12   3.02  -1.96
2024      5     12     21     06     00    000  10.11   3.03  -1.96
2024      5     12     21     07     00    000  10.09   3.04  -1.95
2024      5     12     21     08     00    000  10.08   3.04  -1.95
2024      5     12     21     09     00    000  10.06   3.05  -1.94
2024      5     12     21     10     00    000  10.05   3.06  -1.94
2024      5     12     21     11     00    000  10.03   3.06  -1.93
2024      5     12     21     12     00    000  10.02   3.07  -1.93
2024      5     12     21     13     00    000  10.00   3.08  -1.93
2024      5     12     21     14     00    000   9.99   3.08  -1.92
2024      5     12     21     15     00    000   9.97   3.09  -1.92
2024      5     12     21     16     00    000   9.96   3.10  -1.91
2024      5     12     21     17     00    000   9.94   3.10  -1.91
2024      5     12     21     18     00    000   9.93   3.11  -1.90
2024      5     12     21     19     00    000   9.91   3.11  -1.90
2024      5     12     21     20     00    000   9.90   3.12  -1.89
2024      5     12     21     21     00    000   9.88   3.13  -1.89
2024      5     12     21     22     00    000   9.87   3.13  -1.89
2024      5     12     21     23     00    000   9.85   3.14  -1.88
2024      5     12     21     24     00    000   9.84   3.15  -1.88
2024      5     12     21     25     00    000   9.82   3.15  -1.87
2024      5     12     21     26     00    000   9.81   3.16  -1.87
2024      5     12     21     27     00    000   9.79   3.17  -1.86
2024      5     12     21     28     00    000   9.77   3.17  -1.86
2024      5     12     21     29     00    000   9.76   3.18  -1.85
2024      5     12     21     30     00    000   9.74   3.18  -1.85
2024      5     12     21     31     00    000   9.73   3.19  -1.85
2024      5     12     21     32     00    000   9.71   3.20  -1.84
2024      5     12     21     33     00    000   9.70   3.20  -1.84
2024      5     12     21     34     00    000   9.68   3.21  -1.83
2024      5     12     21     35     00    000   9.66   3.21  -1.83
2024      5     12     21     36     00    000   9.65   3.22  -1.82
2024      5     12     21     37     00    000   9.63   3.23  -1.82
2024      5     12     21     38     00    000   9.62   3.23  -1.81
2024      5     12     21     39     00    000   9.60   3.24  -1.81
2024      5     12     21     40     00    000   9.58   3.24  -1.80
2024      5     12     21     41     00    000   9.57   3.25  -1.80
2024      5     12     21     42     00    000   9.55   3.26  -1.80
2024      5     12     21     43     00    000   9.54   3.26  -1.79
2024      5     12     21     44     00    000   9.52   3.27  -1.79
2024      5     12     21     45     00    000   9.50   3.27  -1.78
2024      5     12     21     46     00    000   9.49   3.28  -1.78
2024      5     12     21     47     00    000   9.47   3.29  -1.77
2024      5     12     21     48     00    000   9.45   3.29  -1.77
2024      5     12     21     49     00    000   9.44   3.30  -1.76
2024      5     12     21     50     00    000   9.42   3.30  -1.76
2024      5     12     21     51     00    000   9.40   3.31  -1.76
2024      5     12     21     52     00    000   9.39   3.31  -1.75
2024      5     12     21     53     00    000   9.37   3.32  -1.75
2024      5     12     21     54     00    000   9.35   3.32  -1.74
2024      5     12     21     55     00    000   9.34   3.33  -1.74
2024      5     12     21     56     00    000   9.32   3.34  -1.73
2024      5     12     21     57     00    000   9.30   3.34  -1.73
2024      5     12     21     58     00    000   9.29   3.35  -1.72
2024      5     12     21     59     00    000   9.27   3.35  -1.72
2024      5     12     22     00     00    000   9.25   3.36  -1.72
2024      5     12     22     01     00    000   9.23   3.36  -1.71
2024      5     12     22     02     00    000   9.22   3.37  -1.71
2024      5     12     22     03     00    000   9.20   3.37  -1.70
2024      5     12     22     04     00    000   9.18   3.38  -1.70
2024      5     12     22     05     00    000   9.16   3.38  -1.69
2024      5     12     22     06     00    000   9.15   3.39  -1.69
2024      5     12     22     07     00    000   9.13   3.40  -1.68
2024      5     12     22     08     00    000   9.11   3.40  -1.68
2024      5     12     22     09     00    000   9.09   3.41  -1.67
2024      5     12     22     10     00    000   9.08   3.41  -1.67
2024      5     12     22     11     00    000   9.06   3.42  -1.67
2024      5     12     22     12     00    000   9.04   3.42  -1.66
2024      5     12     22     13     00    000   9.02   3.43  -1.66
2024      5     12     22     14     00    000   9.01   3.43  -1.65
2024      5     12     22     15     00    000   8.99   3.44  -1.65
2024      5     12     22     16     00    000   8.97   3.44  -1.64
2024      5     12     22     17     00    000   8.95   3.45  -1.64
2024      5     12     22     18     00    000   8.93   3.45  -1.63
2024      5     12     22     19     00    000   8.92   3.46  -1.63
2024      5     12     22     20     00    000   8.90   3.46  -1.63
2024      5     12     22     21     00    000   8.88   3.47  -1.62
2024      5     12     22     22     00    000   8.86   3.47  -1.62
2024      5     12     22     23     00    000   8.84   3.48  -1.61
2024      5     12     22     24     00    000   8.82   3.48  -1.61
2024      5     12     22     25     00    000   8.81   3.49  -1.60
2024      5     12     22     26     00    000   8.79   3.49  -1.60
2024      5     12     22     27     00    000   8.77   3.50  -1.59
2024      5     12     22     28     00    000   8.75   3.50  -1.59
2024      5     12     22     29     00    000   8.73   3.51  -1.59
2024      5     12     22     30     00    000   8.71   3.51  -1.58
2024      5     12     22     31     00    000   8.69   3.51  -1.58
2024      5     12     22     32     00    000   8.67   3.52  -1.57
2024      5     12     22     33     00    000   8.66   3.52  -1.57
2024      5     12     22     34     00    000   8.64   3.53  -1.56
2024      5     12     22     35     00    000   8.62   3.53  -1.56
2024      5     12     22     36     00    000   8.60   3.54  -1.55
2024      5     12     22     37     00    000   8.58   3.54  -1.55
2024      5     12     22     38     00    000   8.56   3.55  -1.55
2024      5     12     22     39     00    000   8.54   3.55  -1.54
2024      5     12     22     40     00    000   8.52   3.56  -1.54
2024      5     12     22     41     00    000   8.50   3.56  -1.53
2024      5     12     22     42     00    000   8.48   3.56  -1.53
2024      5     12     22     43     00    000   8.46   3.57  -1.52
2024      5     12     22     44     00    000   8.44   3.57  -1.52
2024      5     12     22     45     00    000   8.42   3.58  -1.51
2024      5     12     22     46     00    000   8.41   3.58  -1.51
2024      5     12     22     47     00    000   8.39   3.59  -1.50
2024      5     12     22     48     00    000   8.37   3.59  -1.50
2024      5     12     22     49     00    000   8.35   3.59  -1.50
2024      5     12     22     50     00    000   8.33   3.60  -1.49
2024      5     12     22     51     00    000   8.31   3.60  -1.49
2024      5     12     22     52     00    000   8.29   3.61  -1.48
2024      5     12     22     53     00    000   8.27   3.61  -1.48
2024      5     12     22     54     00    000   8.25   3.61  -1.47
2024      5     12     22     55     00    000   8.23   3.62  -1.47
2024      5     12     22     56     00    000   8.21   3.62  -1.46
2024      5     12     22     57     00    000   8.19   3.63  -1.46
2024      5     12     22     58     00    000   8.16   3.63  -1.46
2024      5     12     22     59     00    000   8.14   3.63  -1.45
2024      5     12     23     00     00    000   8.12   3.64  -1.45
2024      5     12     23     01     00    000   8.10   3.64  -1.44
2024      5     12     23     02     00    000   8.08   3.64  -1.44
2024      5     12     23     03     00    000   8.06   3.65  -1.43
2024      5     12     23     04     00    000   8.04   3.65  -1.43
2024      5     12     23     05     00    000   8.02   3.66  -1.43
2024      5     12     23     06     00    000   8.00   3.66  -1.42
2024      5     12     23     07     00    000   7.98   3.66  -1.42
2024      5     12     23     08     00    000   7.96   3.67  -1.41
2024      5     12     23     09     00    000   7.94   3.67  -1.41
2024      5     12     23     10     00    000   7.92   3.67  -1.40
2024      5     12     23     11     00    000   7.89   3.68  -1.40
2024      5     12     23     12     00    000   7.87   3.68  -1.39
2024      5     12     23     13     00    000   7.85   3.68  -1.39
2024      5     12     23     14     00    000   7.83   3.69  -1.39
2024      5     12     23     15     00    000   7.81   3.69  -1.38
2024      5     12     23     16     00    000   7.79   3.69  -1.38
2024      5     12     23     17     00    000   7.77   3.70  -1.37
2024      5     12     23     18     00    000   7.74   3.70  -1.37
2024      5     12     23     19     00    000   7.72   3.70  -1.36
2024      5     12     23     20     00    000   7.70   3.71  -1.36
2024      5     12     23     21     00    000   7.68   3.71  -1.35
2024      5     12     23     22     00    000   7.66   3.71  -1.35
2024      5     12     23     23     00    000   7.64   3.72  -1.35
2024      5     12     23     24     00    000   7.61   3.72  -1.34
2024      5     12     23     25     00    000   7.59   3.72  -1.34
2024      5     12     23     26     00    000   7.57   3.73  -1.33
2024      5     12     23     27     00    000   7.55   3.73  -1.33
2024      5     12     23     28     00    000   7.53   3.73  -1.32
2024      5     12     23     29     00    000   7.50   3.73  -1.32
2024      5     12     23     30     00    000   7.48   3.74  -1.31
2024      5     12     23     31     00    000   7.46   3.74  -1.31
2024      5     12     23     32     00    000   7.44   3.74  -1.31
2024      5     12     23     33     00    000   7.41   3.75  -1.30
2024      5     12     23     34     00    000   7.39   3.75  -1.30
2024      5     12     23     35     00    000   7.37   3.75  -1.29
2024      5     12     23     36     00    000   7.34   3.75  -1.29
2024      5     12     23     37     00    000   7.32   3.76  -1.28
2024      5     12     23     38     00    000   7.30   3.76  -1.28
2024      5     12     23     39     00    000   7.28   3.76  -1.27
2024      5     12     23     40     00    000   7.25   3.76  -1.27
2024      5     12     23     41     00    000   7.23   3.77  -1.27
2024      5     12     23     42     00    000   7.21   3.77  -1.26
2024      5     12     23     43     00    000   7.18   3.77  -1.26
2024      5     12     23     44     00    000   7.16   3.77  -1.25
2024      5     12     23     45     00    000   7.14   3.77  -1.25
2024      5     12     23     46     00    000   7.11   3.78  -1.24
2024      5     12     23     47     00    000   7.09   3.78  -1.24
2024      5     12     23     48     00    000   7.07   3.78  -1.24
2024      5     12     23     49     00    000   7.04   3.78  -1.23
2024      5     12     23     50     00    000   7.02   3.79  -1.23
2024      5     12     23     51     00    000   6.99   3.79  -1.22
2024      5     12     23     52     00    000   6.97   3.79  -1.22
2024      5     12     23     53     00    000   6.95   3.79  -1.21
2024      5     12     23     54     00    000   6.92   3.79  -1.21
2024      5     12     23     55     00    000   6.90   3.80  -1.20
2024      5     12     23     56     00    000   6.87   3.80  -1.20
2024      5     12     23     57     00    000   6.85   3.80  -1.20
2024      5     12     23     58     00    000   6.82   3.80  -1.19
2024      5     12     23     59     00    000   6.80   3.80  -1.19
