datetime,mlat,mlt,glat,glon,alt,Ex,pot,cpcp_kV,pass_id
2024-05-11 02:07:15,-40.00469,3.4674816,-31.032883,21.443953,853.71454,-0.004397381,-27.908154509849723,101.0,S_1968
2024-05-11 02:07:16,-40.0472,3.465084,-31.088837,21.429964,853.69977,-0.004307879,12.633057172652471,101.0,S_1968
2024-05-11 02:07:17,-40.089657,3.4626846,-31.144789,21.408983,853.71643,-0.004389203,55.09715878044415,101.0,S_1968
2024-05-11 02:07:18,-40.13205,3.4602795,-31.20074,21.394995,853.79236,-0.004385101,91.81755052449924,101.0,S_1968
2024-05-11 02:07:19,-40.17439,3.4578724,-31.263689,21.374012,853.8812,-0.00438041,139.1717089518324,101.0,S_1968
2024-05-11 02:07:20,-40.216667,3.4554634,-31.326635,21.360023,853.9239,-0.0043735653,191.42594424749052,101.0,S_1968
2024-05-11 02:07:21,-40.25889,3.4530487,-31.375595,21.346035,853.91644,-0.004199109,224.501838606104,101.0,S_1968
2024-05-11 02:07:22,-40.301052,3.450632,-31.431547,21.325052,853.90533,-0.004024213,266.23460360068555,101.0,S_1968
2024-05-11 02:07:23,-40.343155,3.4482117,-31.494493,21.311066,853.90717,-0.0040194653,317.4293661376387,101.0,S_1968
2024-05-11 02:07:24,-40.3852,3.4457893,-31.550447,21.297077,853.9127,-0.0043569934,357.6190438291882,101.0,S_1968
2024-05-11 02:07:25,-40.42719,3.4433613,-31.6064,21.276094,853.9146,-0.004352828,400.3035369714123,101.0,S_1968
2024-05-11 02:07:26,-40.469116,3.4409313,-31.662354,21.262106,853.9016,-0.0043486515,437.30932791544967,101.0,S_1968
2024-05-11 02:07:27,-40.51099,3.4384995,-31.7253,21.241123,853.89606,-0.004343887,484.8881293364399,101.0,S_1968
2024-05-11 02:07:28,-40.5528,3.4360619,-31.788248,21.227135,853.9443,-0.0041681267,535.1474692855506,101.0,S_1968
2024-05-11 02:07:29,-40.594555,3.4336224,-31.8442,21.213146,854.035,-0.0039909557,578.3980335817079,101.0,S_1968
2024-05-11 02:07:30,-40.63625,3.431179,-31.900152,21.19916,854.1072,-0.0039013838,618.6570989499164,101.0,S_1968
2024-05-11 02:07:31,-40.677887,3.4287338,-31.9631,21.178177,854.1183,-0.003981895,671.8130071946773,101.0,S_1968
2024-05-11 02:07:32,-40.719467,3.4262848,-32.019054,21.164188,854.1035,-0.00380694,716.2315728828512,101.0,S_1968
2024-05-11 02:07:33,-40.76099,3.423832,-32.075005,21.1502,854.1016,-0.003802666,760.0284478264438,101.0,S_1968
2024-05-11 02:07:34,-40.802452,3.4213772,-32.13096,21.129217,854.10535,-0.0037983838,806.1956445741922,101.0,S_1968
2024-05-11 02:07:35,-40.843857,3.4189167,-32.186913,21.115229,854.1035,-0.003708577,847.8494788997768,101.0,S_1968
2024-05-11 02:07:36,-40.8852,3.4164543,-32.24986,21.094248,854.10535,-0.0034473026,904.3868688600813,101.0,S_1968
2024-05-11 02:07:37,-40.926487,3.41399,-32.305813,21.08026,854.11096,-0.0032722855,951.6344961522555,101.0,S_1968
2024-05-11 02:07:38,-40.967716,3.41152,-32.361763,21.059277,854.11096,-0.0033511857,998.0869839949753,101.0,S_1968
2024-05-11 02:07:39,-41.00889,3.409048,-32.424713,21.045288,854.09235,-0.0038589502,1047.365933038378,101.0,S_1968
2024-05-11 02:07:40,-41.05,3.4065742,-32.48766,21.0313,854.0868,-0.0036990172,1099.9781938236988,101.0,S_1968
2024-05-11 02:07:41,-41.091057,3.4040947,-32.54361,21.010319,854.14984,-0.003096613,1150.5779196258577,101.0,S_1968
2024-05-11 02:07:42,-41.13205,3.4016132,-32.599564,20.99633,854.2609,-0.003423522,1197.4088065707147,101.0,S_1968
2024-05-11 02:07:43,-41.17299,3.399128,-32.655518,20.982342,854.3183,-0.003397677,1241.310908786047,101.0,S_1968
2024-05-11 02:07:44,-41.213867,3.3966408,-32.718464,20.961359,854.3091,-0.0031682383,1299.0659389323991,101.0,S_1968
2024-05-11 02:07:45,-41.25469,3.3941479,-32.774418,20.940376,854.2924,-0.0031547565,1349.299414655118,101.0,S_1968
2024-05-11 02:07:46,-41.295452,3.391653,-32.83037,20.926388,854.29614,-0.003141275,1397.9107597415727,101.0,S_1968
2024-05-11 02:07:47,-41.336155,3.3891563,-32.886322,20.9124,854.3035,-0.0033078017,1442.9445972995145,101.0,S_1968
2024-05-11 02:07:48,-41.3768,3.386654,-32.94927,20.898413,854.3091,-0.0029770043,1498.030724573858,101.0,S_1968
2024-05-11 02:07:49,-41.41739,3.3841496,-33.01222,20.87743,854.2979,-0.0028495577,1559.9483282122283,101.0,S_1968
2024-05-11 02:07:50,-41.457916,3.3816433,-33.061176,20.856447,854.27765,-0.0029517242,1603.3128154832937,101.0,S_1968
2024-05-11 02:07:51,-41.49839,3.3791313,-33.11713,20.842459,854.3017,-0.0028782638,1650.963752981885,101.0,S_1968
2024-05-11 02:07:52,-41.5388,3.3766174,-33.180077,20.821476,854.4017,-0.0029423176,1708.4271232908147,101.0,S_1968
2024-05-11 02:07:53,-41.579155,3.3740997,-33.243023,20.80749,854.49615,-0.0027664197,1769.631249418566,101.0,S_1968
2024-05-11 02:07:54,-41.61945,3.3715801,-33.29198,20.7935,854.5128,-0.0028621706,1811.382038580121,101.0,S_1968
2024-05-11 02:07:55,-41.659687,3.3690567,-33.347935,20.772518,854.49243,-0.0028857267,1861.1007454416974,101.0,S_1968
2024-05-11 02:07:56,-41.699867,3.3665295,-33.41088,20.75853,854.4869,-0.0029092832,1917.0841403493482,101.0,S_1968
2024-05-11 02:07:57,-41.739986,3.3639984,-33.473827,20.744541,854.49426,-0.0029328393,1974.6538483484364,101.0,S_1968
2024-05-11 02:07:58,-41.780052,3.3614655,-33.52978,20.723558,854.5017,-0.0025698177,2028.5566726126601,101.0,S_1968
2024-05-11 02:07:59,-41.820053,3.3589287,-33.585735,20.709572,854.4998,-0.002410921,2081.378604936175,101.0,S_1968
2024-05-11 02:08:00,-41.86,3.356388,-33.641685,20.68859,854.4813,-0.0026462625,2132.7746087911837,101.0,S_1968
2024-05-11 02:08:01,-41.899723,3.3538456,-33.704636,20.6746,854.47577,-0.002621367,2192.3646615600655,101.0,S_1968
2024-05-11 02:08:02,-41.939396,3.3512974,-33.760586,20.653618,854.5406,-0.002676509,2245.140651343523,101.0,S_1968
2024-05-11 02:08:03,-41.97901,3.3487492,-33.81654,20.632635,854.6499,-0.002731651,2298.011325715201,101.0,S_1968
2024-05-11 02:08:04,-42.018578,3.3461952,-33.872494,20.618647,854.7091,-0.0025200285,2348.233349187246,101.0,S_1968
2024-05-11 02:08:05,-42.05809,3.3436394,-33.93544,20.597666,854.698,-0.0026196835,2409.9410040847515,101.0,S_1968
2024-05-11 02:08:06,-42.09755,3.3410797,-33.991394,20.583677,854.68317,-0.0026827238,2461.413005168889,101.0,S_1968
2024-05-11 02:08:07,-42.136955,3.3385162,-34.047344,20.569689,854.68506,-0.002745764,2512.033596000636,101.0,S_1968
2024-05-11 02:08:08,-42.17631,3.3359509,-34.1033,20.548706,854.69434,-0.0029476855,2561.274322319293,101.0,S_1968
2024-05-11 02:08:09,-42.21561,3.3333817,-34.166245,20.534718,854.698,-0.002788144,2617.6758100823936,101.0,S_1968
2024-05-11 02:08:10,-42.25486,3.3308086,-34.229195,20.513735,854.6869,-0.002849792,2677.9120101102626,101.0,S_1968
2024-05-11 02:08:11,-42.294056,3.3282337,-34.285145,20.499748,854.6684,-0.0029303613,2727.79707985822,101.0,S_1968
2024-05-11 02:08:12,-42.3332,3.325655,-34.3411,20.48576,854.69055,-0.0030113475,2776.687418683348,101.0,S_1968
2024-05-11 02:08:13,-42.37229,3.3230724,-34.397053,20.464777,854.79065,-0.0029730115,2825.300289816285,101.0,S_1968
2024-05-11 02:08:14,-42.411327,3.320488,-34.46,20.443794,854.8851,-0.0026081554,2887.0494607494275,101.0,S_1968
2024-05-11 02:08:15,-42.450314,3.3178978,-34.515953,20.429806,854.90356,-0.0022432993,2940.924151541354,101.0,S_1968
2024-05-11 02:08:16,-42.489243,3.3153076,-34.571903,20.408825,854.8832,-0.0018784889,2999.1562398003334,101.0,S_1968
2024-05-11 02:08:17,-42.528122,3.3127117,-34.627857,20.394836,854.87396,-0.0018218807,3055.763155422249,101.0,S_1968
2024-05-11 02:08:18,-42.566948,3.310114,-34.68381,20.373854,854.8795,-0.0017652726,3114.7131448417495,101.0,S_1968
2024-05-11 02:08:19,-42.605724,3.3075123,-34.73976,20.359865,854.8869,-0.0017086643,3171.016416106123,101.0,S_1968
2024-05-11 02:08:20,-42.644444,3.3049068,-34.80271,20.345877,854.88873,-0.0012670323,3238.413921658991,101.0,S_1968
2024-05-11 02:08:21,-42.683113,3.3022995,-34.865658,20.324894,854.8721,-0.0008254004,3311.305460165812,101.0,S_1968
2024-05-11 02:08:22,-42.721725,3.2996883,-34.92161,20.303913,854.8647,-0.000666776,3376.693535937915,101.0,S_1968
2024-05-11 02:08:23,-42.76029,3.2970734,-34.98456,20.289925,854.9295,-0.0007466619,3448.9503290737375,101.0,S_1968
2024-05-11 02:08:24,-42.798798,3.2944546,-35.033516,20.268942,855.04065,-0.00011111978,3510.228562421592,101.0,S_1968
2024-05-11 02:08:25,-42.837257,3.2918339,-35.08947,20.254953,855.0962,-0.0006012139,3574.3809454151033,101.0,S_1968
2024-05-11 02:08:26,-42.87566,3.2892094,-35.152416,20.240965,855.0869,0.00016491127,3652.1236350871814,101.0,S_1968
2024-05-11 02:08:27,-42.914013,3.286583,-35.215363,20.219982,855.0739,0.0009310364,3736.401232012482,101.0,S_1968
2024-05-11 02:08:28,-42.95231,3.2839508,-35.271317,20.199001,855.0795,0.00021965202,3807.92643785381,101.0,S_1968
2024-05-11 02:08:29,-42.990555,3.2813168,-35.32727,20.178019,855.0777,0.0012479532,3885.932781259232,101.0,S_1968
2024-05-11 02:08:30,-43.028748,3.2786808,-35.38322,20.16403,855.05914,0.0011501048,3961.619268985834,101.0,S_1968
2024-05-11 02:08:31,-43.066887,3.2760391,-35.439175,20.150042,855.0795,0.001086704,4037.0773576944184,101.0,S_1968
2024-05-11 02:08:32,-43.104977,3.2733955,-35.49513,20.129059,855.1795,0.0010237389,4114.429885090503,101.0,S_1968
2024-05-11 02:08:33,-43.14301,3.2707481,-35.558075,20.11507,855.274,0.0012257315,4198.908163447531,101.0,S_1968
2024-05-11 02:08:34,-43.180992,3.2680988,-35.61403,20.09409,855.2925,0.001427724,4278.030309567043,101.0,S_1968
2024-05-11 02:08:35,-43.21892,3.2654457,-35.66998,20.080101,855.2721,0.0013047006,4354.883713628105,101.0,S_1968
2024-05-11 02:08:36,-43.256798,3.2627888,-35.725933,20.059118,855.26654,0.0011816772,4433.340356161889,101.0,S_1968
2024-05-11 02:08:37,-43.29462,3.260128,-35.78888,20.04513,855.2721,0.0011020559,4516.9984631386615,101.0,S_1968
2024-05-11 02:08:38,-43.332394,3.2574654,-35.844833,20.024147,855.2814,0.0013615583,4595.684794103807,101.0,S_1968
2024-05-11 02:08:39,-43.37011,3.254799,-35.900787,20.01016,855.2795,0.0016210608,4675.788489185042,101.0,S_1968
2024-05-11 02:08:40,-43.407776,3.2521286,-35.963734,19.989178,855.261,0.002479888,4770.059880905248,101.0,S_1968
2024-05-11 02:08:41,-43.44539,3.2494564,-36.019688,19.968195,855.2536,0.0018068014,4852.932338317105,101.0,S_1968
2024-05-11 02:08:42,-43.48295,3.2467804,-36.082634,19.954206,855.3184,0.0013852641,4937.382134562609,101.0,S_1968
2024-05-11 02:08:43,-43.520454,3.2441006,-36.13159,19.933224,855.42957,0.0010330335,5006.7699435302,101.0,S_1968
2024-05-11 02:08:44,-43.55791,3.2414188,-36.19454,19.912243,855.48694,0.0006808029,5089.238830765566,101.0,S_1968
2024-05-11 02:08:45,-43.59531,3.2387314,-36.250492,19.898254,855.47766,0.00032857235,5159.9170381884815,101.0,S_1968
2024-05-11 02:08:46,-43.63266,3.236044,-36.31344,19.884266,855.461,-2.3658227e-05,5236.246133950524,101.0,S_1968
2024-05-11 02:08:47,-43.669956,3.2333508,-36.362396,19.863283,855.4629,0.00035831024,5300.734160229129,101.0,S_1968
2024-05-11 02:08:48,-43.7072,3.2306557,-36.425346,19.8423,855.4721,0.0005198275,5382.635911689886,101.0,S_1968
2024-05-11 02:08:49,-43.74439,3.2279568,-36.488293,19.821318,855.4758,0.0008144782,5465.926745163724,101.0,S_1968
2024-05-11 02:08:50,-43.781525,3.225254,-36.544243,19.807331,855.46655,0.000580782,5537.926824910666,101.0,S_1968
2024-05-11 02:08:51,-43.81861,3.2225494,-36.600197,19.793343,855.44617,0.00034708582,5608.502097857423,101.0,S_1968
2024-05-11 02:08:52,-43.85564,3.219841,-36.65615,19.77236,855.47034,0.00011338965,5679.304945804852,101.0,S_1968
2024-05-11 02:08:53,-43.89262,3.2171288,-36.719097,19.758371,855.5684,-0.0004624729,5752.738753437252,101.0,S_1968
2024-05-11 02:08:54,-43.929546,3.2144127,-36.77505,19.737389,855.66473,-0.00018900009,5821.500640967597,101.0,S_1968
2024-05-11 02:08:55,-43.966423,3.2116947,-36.831005,19.716406,855.68146,8.447274e-05,5892.033249764229,101.0,S_1968
2024-05-11 02:08:56,-44.003242,3.208973,-36.886955,19.695425,855.6611,0.00035794557,5964.277263158185,101.0,S_1968
2024-05-11 02:08:57,-44.04001,3.2062492,-36.94291,19.681437,855.65173,0.00091994816,6038.5396797289595,101.0,S_1968
2024-05-11 02:08:58,-44.076725,3.2035217,-36.998863,19.660454,855.6573,0.0014819507,6119.028945531757,101.0,S_1968
2024-05-11 02:08:59,-44.113388,3.2007904,-37.06181,19.646465,855.6666,0.0020439534,6210.212020891995,101.0,S_1968
2024-05-11 02:09:00,-44.149998,3.1980553,-37.124756,19.625483,855.6666,0.0021847324,6302.45384150858,101.0,S_1968
2024-05-11 02:09:01,-44.186146,3.1953182,-37.18071,19.604502,855.64996,0.0023992634,6385.784375940637,101.0,S_1968
2024-05-11 02:09:02,-44.22225,3.1925774,-37.229668,19.590513,855.6425,0.0026137945,6464.490027073502,101.0,S_1968
2024-05-11 02:09:03,-44.258324,3.1898327,-37.292614,19.576525,855.70734,0.0028283258,6559.212247502833,101.0,S_1968
2024-05-11 02:09:04,-44.294353,3.1870842,-37.348568,19.555542,855.8184,0.003042857,6651.153587181303,101.0,S_1968
2024-05-11 02:09:05,-44.330345,3.1843338,-37.411514,19.53456,855.87585,0.0030306655,6751.113217958054,101.0,S_1968
2024-05-11 02:09:06,-44.3663,3.1815796,-37.47446,19.513578,855.86664,0.0032047357,6849.451524514104,101.0,S_1968
2024-05-11 02:09:07,-44.40221,3.1788235,-37.530415,19.49959,855.8499,0.0033788057,6939.605605431987,101.0,S_1968
2024-05-11 02:09:08,-44.438087,3.1760635,-37.58637,19.478607,855.8481,0.003552876,7032.02521307626,101.0,S_1968
2024-05-11 02:09:09,-44.473923,3.1732998,-37.64232,19.464619,855.85736,0.0035599512,7123.33802566845,101.0,S_1968
2024-05-11 02:09:10,-44.50972,3.1705322,-37.698273,19.443636,855.8629,0.0038285207,7218.061980089484,101.0,S_1968
2024-05-11 02:09:11,-44.54548,3.1677628,-37.754227,19.422653,855.8555,0.00409709,7317.582803207217,101.0,S_1968
2024-05-11 02:09:12,-44.5812,3.1649876,-37.817173,19.401672,855.83514,0.0043656593,7423.237358344413,101.0,S_1968
2024-05-11 02:09:13,-44.61688,3.1622124,-37.873127,19.387684,855.8592,0.004634229,7521.490443454729,101.0,S_1968
2024-05-11 02:09:14,-44.65252,3.1594315,-37.92908,19.366701,855.95917,0.0047575445,7621.505482393357,101.0,S_1968
2024-05-11 02:09:15,-44.68812,3.1566486,-37.98503,19.352713,856.0537,0.0048808604,7724.988755142663,101.0,S_1968
2024-05-11 02:09:16,-44.723686,3.153862,-38.047977,19.33173,856.0685,0.005004176,7835.397292598582,101.0,S_1968
2024-05-11 02:09:17,-44.759212,3.1510735,-38.10393,19.31075,856.0499,0.003751034,7931.885785937782,101.0,S_1968
2024-05-11 02:09:18,-44.7947,3.1482792,-38.166878,19.29676,856.0499,0.0036109993,8031.584438979662,101.0,S_1968
2024-05-11 02:09:19,-44.830147,3.145485,-38.22283,19.275778,856.0537,0.0033491252,8123.143690648572,101.0,S_1968
2024-05-11 02:09:20,-44.865555,3.142685,-38.278786,19.254795,856.0407,0.003287765,8211.864958469268,101.0,S_1968
2024-05-11 02:09:21,-44.900925,3.139883,-38.327744,19.233812,856.0333,0.0035972996,8299.134602366596,101.0,S_1968
2024-05-11 02:09:22,-44.936253,3.1370773,-38.39069,19.219824,856.09625,0.0039334614,8400.892174976383,101.0,S_1968
2024-05-11 02:09:23,-44.971546,3.1342678,-38.446644,19.198843,856.2074,0.0042696237,8501.02609471382,101.0,S_1968
2024-05-11 02:09:24,-45.006798,3.1314545,-38.50959,19.184855,856.26483,0.0046057855,8610.571087939534,101.0,S_1968
2024-05-11 02:09:25,-45.04201,3.1286392,-38.572536,19.163872,856.2555,0.0049419478,8720.507513330465,101.0,S_1968
2024-05-11 02:09:26,-45.077187,3.1258202,-38.62849,19.142889,856.2389,0.0052781096,8824.511407281025,101.0,S_1968
2024-05-11 02:09:27,-45.112324,3.1229992,-38.684444,19.121906,856.24255,0.0051134713,8926.701346891592,101.0,S_1968
2024-05-11 02:09:28,-45.147423,3.1201744,-38.740395,19.10792,856.25,0.0049488335,9026.88770821658,101.0,S_1968
2024-05-11 02:09:29,-45.18248,3.1173458,-38.79635,19.086937,856.2555,0.0051933667,9130.321646823495,101.0,S_1968
2024-05-11 02:09:30,-45.2175,3.1145134,-38.852303,19.065954,856.24445,0.006720729,9248.665809147144,101.0,S_1968
2024-05-11 02:09:31,-45.25248,3.111679,-38.91525,19.044971,856.22406,0.006302683,9366.458780083876,101.0,S_1968
2024-05-11 02:09:32,-45.287422,3.108841,-38.971203,19.030983,856.2481,0.006935233,9479.4793054032,101.0,S_1968
2024-05-11 02:09:33,-45.322323,3.105999,-39.027157,19.010002,856.34814,0.0075677824,9598.249086898337,101.0,S_1968
2024-05-11 02:09:34,-45.35719,3.1031532,-39.083107,18.98902,856.44257,0.0077054715,9723.668924312067,101.0,S_1968
2024-05-11 02:09:35,-45.392014,3.1003056,-39.146053,18.968037,856.4611,0.007609894,9855.52162361171,101.0,S_1968
2024-05-11 02:09:36,-45.4268,3.097456,-39.209003,18.954048,856.4389,0.007852659,9982.544147830788,101.0,S_1968
2024-05-11 02:09:37,-45.461548,3.0946007,-39.264954,18.933065,856.4315,0.008426983,10105.639247600422,101.0,S_1968
2024-05-11 02:09:38,-45.496254,3.0917435,-39.320908,18.919077,856.437,0.009001306,10231.98312541955,101.0,S_1968
2024-05-11 02:09:39,-45.530926,3.0888824,-39.37686,18.898096,856.44446,0.007803995,10352.229124414833,101.0,S_1968
2024-05-11 02:09:40,-45.565556,3.0860176,-39.43281,18.877113,856.4463,0.008450857,10476.65166952748,101.0,S_1968
2024-05-11 02:09:41,-45.600147,3.0831509,-39.488766,18.85613,856.42773,0.007737232,10601.269174415702,101.0,S_1968
2024-05-11 02:09:42,-45.6347,3.0802803,-39.551712,18.842142,856.4222,0.007023607,10722.875272596006,101.0,S_1968
2024-05-11 02:09:43,-45.669212,3.077406,-39.607666,18.82116,856.487,0.0063099815,10833.424768098104,101.0,S_1968
2024-05-11 02:09:44,-45.70369,3.0745296,-39.66362,18.800179,856.5963,0.006562014,10945.596810636414,101.0,S_1968
2024-05-11 02:09:45,-45.738125,3.0716496,-39.719574,18.779196,856.6537,0.0068140468,11063.640051789826,101.0,S_1968
2024-05-11 02:09:46,-45.772522,3.0687656,-39.78252,18.765207,856.6444,0.0075266897,11188.46208463377,101.0,S_1968
2024-05-11 02:09:47,-45.80688,3.065878,-39.83847,18.744225,856.6315,0.008239333,11311.452675661212,101.0,S_1968
2024-05-11 02:09:48,-45.841198,3.0629883,-39.894424,18.723242,856.6371,0.0082323,11434.393322894288,101.0,S_1968
2024-05-11 02:09:49,-45.87548,3.0600948,-39.95038,18.702261,856.6352,0.008225268,11563.442689255799,101.0,S_1968
2024-05-11 02:09:50,-45.90972,3.0571995,-40.013325,18.681278,856.6167,0.0061262613,11684.660544756644,101.0,S_1968
2024-05-11 02:09:51,-45.943924,3.0542984,-40.07627,18.66729,856.6371,0.0052537587,11790.843454410418,101.0,S_1968
2024-05-11 02:09:52,-45.97809,3.0513954,-40.125233,18.646307,856.73706,0.0055293664,11888.181886975719,101.0,S_1968
2024-05-11 02:09:53,-46.012215,3.0484905,-40.181183,18.625324,856.8315,0.0058049737,11999.729336112328,101.0,S_1968
2024-05-11 02:09:54,-46.0463,3.04558,-40.24413,18.604343,856.85,0.0067770407,12126.372588086415,101.0,S_1968
2024-05-11 02:09:55,-46.08035,3.0426674,-40.30708,18.58336,856.82965,0.007333089,12251.519867983907,101.0,S_1968
2024-05-11 02:09:56,-46.114357,3.039751,-40.36303,18.562378,856.82227,0.0075088646,12364.130287558151,101.0,S_1968
2024-05-11 02:09:57,-46.148323,3.0368328,-40.41199,18.541395,856.82965,0.00768464,12474.305728407628,101.0,S_1968
2024-05-11 02:09:58,-46.182255,3.0339108,-40.46794,18.527407,856.83704,0.009132541,12601.311857400422,101.0,S_1968
2024-05-11 02:09:59,-46.21615,3.0309849,-40.523895,18.506426,856.83704,0.009880781,12742.21489337196,101.0,S_1968
2024-05-11 02:10:00,-46.25,3.0280552,-40.58684,18.485443,856.8167,0.009935178,12891.58045731291,101.0,S_1968
2024-05-11 02:10:01,-46.28365,3.0251236,-40.649788,18.46446,856.8111,0.007155018,13015.517320196941,101.0,S_1968
2024-05-11 02:10:02,-46.31727,3.0221882,-40.70574,18.443478,856.8759,0.0043748585,13112.802334114502,101.0,S_1968
2024-05-11 02:10:03,-46.35085,3.019249,-40.761696,18.42949,856.98706,0.0055387295,13216.543011734857,101.0,S_1968
2024-05-11 02:10:04,-46.3844,3.0163078,-40.81765,18.408508,857.0445,0.0067026005,13334.476903635928,101.0,S_1968
2024-05-11 02:10:05,-46.417915,3.013363,-40.880596,18.387526,857.0334,0.00557885,13448.188207101082,101.0,S_1968
2024-05-11 02:10:06,-46.4514,3.0104141,-40.936546,18.366543,857.01855,0.0053382344,13552.257194464588,101.0,S_1968
2024-05-11 02:10:07,-46.484848,3.0074615,-40.9925,18.34556,857.02045,0.005910835,13660.0216484429,101.0,S_1968
2024-05-11 02:10:08,-46.518265,3.004507,-41.048454,18.324577,857.02966,0.0056565385,13766.134532167798,101.0,S_1968
2024-05-11 02:10:09,-46.55165,3.0015488,-41.10441,18.303596,857.0334,0.005402242,13870.5938111256,101.0,S_1968
2024-05-11 02:10:10,-46.585,2.9985886,-41.16036,18.282614,857.0241,0.004695953,13973.440686547608,101.0,S_1968
2024-05-11 02:10:11,-46.618317,2.9956226,-41.22331,18.268625,857.0037,0.0043336074,14077.404452703762,101.0,S_1968
2024-05-11 02:10:12,-46.6516,2.9926548,-41.27926,18.247643,857.02594,0.0050272406,14179.413013929545,101.0,S_1968
2024-05-11 02:10:13,-46.68485,2.989685,-41.335213,18.22666,857.126,0.0055540414,14284.819724494673,101.0,S_1968
2024-05-11 02:10:14,-46.718067,2.9867096,-41.391167,18.205679,857.22046,0.005211196,14391.914748153802,101.0,S_1968
2024-05-11 02:10:15,-46.75125,2.9837322,-41.454113,18.184696,857.23895,0.004868351,14500.94472248684,101.0,S_1968
2024-05-11 02:10:16,-46.7844,2.980753,-41.510067,18.163713,857.21857,0.004474828,14602.714633757983,101.0,S_1968
2024-05-11 02:10:17,-46.817516,2.977768,-41.573013,18.14273,857.2093,0.004081305,14706.641356336551,101.0,S_1968
2024-05-11 02:10:18,-46.8506,2.974781,-41.628963,18.121748,857.2149,0.0036877827,14799.458427546197,101.0,S_1968
2024-05-11 02:10:19,-46.883648,2.9717903,-41.684917,18.107761,857.2241,0.0032942598,14891.0453287768,101.0,S_1968
2024-05-11 02:10:20,-46.916668,2.9687958,-41.747864,18.086779,857.2241,0.0023864864,14984.004770626938,101.0,S_1968
2024-05-11 02:10:21,-46.94965,2.9657993,-41.803818,18.065796,857.20746,0.0014787131,15063.029689484649,101.0,S_1968
2024-05-11 02:10:22,-46.9826,2.962799,-41.85977,18.044813,857.2001,0.0005709398,15136.187365426222,101.0,S_1968
2024-05-11 02:10:23,-47.015514,2.959797,-41.915726,18.02383,857.2649,-4.9603637e-05,15205.295217444984,101.0,S_1968
2024-05-11 02:10:24,-47.0484,2.956789,-41.978672,18.00285,857.376,-0.00047459852,15279.814702159912,101.0,S_1968
2024-05-11 02:10:25,-47.08125,2.9537792,-42.034622,17.988861,857.43335,0.00011712441,15348.372424692901,101.0,S_1968
2024-05-11 02:10:26,-47.114067,2.9507656,-42.090576,17.967878,857.4223,3.5783974e-05,15418.046360825572,101.0,S_1968
2024-05-11 02:10:27,-47.14685,2.94775,-42.14653,17.946896,857.4112,0.00015472196,15488.480721807367,101.0,S_1968
2024-05-11 02:10:28,-47.1796,2.9447308,-42.202484,17.925913,857.41486,-0.00010650483,15557.222260425475,101.0,S_1968
2024-05-11 02:10:29,-47.212315,2.9417076,-42.258434,17.904932,857.413,-0.00027452374,15624.661224999098,101.0,S_1968
2024-05-11 02:10:30,-47.245,2.9386806,-42.321384,17.88395,857.3945,-0.00070060213,15697.618011769964,101.0,S_1968
2024-05-11 02:10:31,-47.27765,2.9356518,-42.377335,17.862967,857.41675,-0.0006087029,15763.092562398933,101.0,S_1968
2024-05-11 02:10:32,-47.310265,2.932619,-42.43329,17.841984,857.5149,-0.0009770296,15826.188258329123,101.0,S_1968
2024-05-11 02:10:33,-47.34285,2.9295826,-42.489243,17.821001,857.6112,-0.0010450592,15888.05274106479,101.0,S_1968
2024-05-11 02:10:34,-47.3754,2.9265442,-42.55219,17.80002,857.62787,-0.0011130887,15958.311112208428,101.0,S_1968
2024-05-11 02:10:35,-47.407917,2.923502,-42.608143,17.779037,857.6075,-0.0017612586,16016.326896127894,101.0,S_1968
2024-05-11 02:10:36,-47.4404,2.920456,-42.664093,17.758055,857.6019,-0.002492448,16069.61456642151,101.0,S_1968
2024-05-11 02:10:37,-47.47285,2.917408,-42.720047,17.737072,857.6093,-0.0026483596,16121.894594135054,101.0,S_1968
2024-05-11 02:10:38,-47.505264,2.9143562,-42.776,17.716091,857.61676,-0.0028042714,16173.163123238532,101.0,S_1968
2024-05-11 02:10:39,-47.53765,2.9113007,-42.83195,17.695108,857.61487,-0.0023436013,16225.627870075416,101.0,S_1968
2024-05-11 02:10:40,-47.57,2.9082413,-42.8949,17.674126,857.5964,-0.0017894385,16290.135539599842,101.0,S_1968
2024-05-11 02:10:41,-47.602318,2.90518,-42.957848,17.653143,857.589,-0.0011669467,16359.989892326636,101.0,S_1968
2024-05-11 02:10:42,-47.634598,2.9021149,-43.0138,17.63216,857.6538,-0.00054445496,16425.801106225335,101.0,S_1968
2024-05-11 02:10:43,-47.66685,2.899046,-43.06975,17.61118,857.76495,-0.0031392446,16474.869922472753,101.0,S_1968
2024-05-11 02:10:44,-47.699066,2.895975,-43.125706,17.590197,857.8223,-0.0029578975,16525.10610584327,101.0,S_1968
2024-05-11 02:10:45,-47.73125,2.8929005,-43.18166,17.569214,857.81305,-0.0027322962,16574.73478530506,101.0,S_1968
2024-05-11 02:10:46,-47.7634,2.889822,-43.244606,17.548231,857.7964,-0.0027307642,16634.46671169313,101.0,S_1968
2024-05-11 02:10:47,-47.795517,2.8867416,-43.30056,17.527248,857.79456,-0.0025301802,16687.440157080317,101.0,S_1968
2024-05-11 02:10:48,-47.8276,2.8836555,-43.35651,17.506268,857.80383,-0.003988982,16730.99773667672,101.0,S_1968
2024-05-11 02:10:49,-47.85965,2.8805695,-43.412464,17.485285,857.8094,-0.0037627607,16776.011779656827,101.0,S_1968
2024-05-11 02:10:50,-47.891666,2.8774776,-43.46842,17.464302,857.80194,-0.004040901,16816.186141461065,101.0,S_1968
2024-05-11 02:10:51,-47.92365,2.874384,-43.531364,17.44332,857.78345,-0.004457134,16864.752964614552,101.0,S_1968
2024-05-11 02:10:52,-47.9556,2.8712864,-43.58732,17.422337,857.8056,-0.004054495,16907.868373775487,101.0,S_1968
2024-05-11 02:10:53,-47.987514,2.868185,-43.64327,17.401356,857.9038,-0.0045951605,16947.48669977218,101.0,S_1968
2024-05-11 02:10:54,-48.019398,2.8650818,-43.699223,17.380373,858.0001,-0.004251983,16989.314744422885,101.0,S_1968
2024-05-11 02:10:55,-48.05125,2.8619747,-43.755177,17.35939,858.0168,-0.0039088055,17030.405172786617,101.0,S_1968
2024-05-11 02:10:56,-48.083065,2.8588638,-43.818123,17.338408,857.99646,-0.0035656278,17081.4519340239,101.0,S_1968
2024-05-11 02:10:57,-48.11485,2.855751,-43.88107,17.310432,857.989,-0.0025248374,17144.05313520061,101.0,S_1968
2024-05-11 02:10:58,-48.1466,2.8526325,-43.937023,17.28945,857.9927,-0.0035486475,17193.03388845517,101.0,S_1968
2024-05-11 02:10:59,-48.178314,2.849514,-43.98598,17.268467,858.00195,-0.00451832,17225.630707527784,101.0,S_1968
2024-05-11 02:11:00,-48.21,2.8463898,-44.041935,17.254478,858.0038,-0.0041838954,17263.075240888815,101.0,S_1968
2024-05-11 02:11:01,-48.241566,2.8432655,-44.10488,17.233496,857.9853,-0.006859663,17296.09301847155,101.0,S_1968
2024-05-11 02:11:02,-48.273106,2.8401375,-44.160835,17.212515,857.97974,-0.0054725325,17325.059624245037,101.0,S_1968
2024-05-11 02:11:03,-48.30461,2.8370075,-44.22378,17.184538,858.04266,-0.0069826795,17364.115537964142,101.0,S_1968
2024-05-11 02:11:04,-48.336086,2.8338718,-44.27274,17.163555,858.1538,-0.006829282,17376.099604501083,101.0,S_1968
2024-05-11 02:11:05,-48.367535,2.8307343,-44.335686,17.142572,858.21124,-0.004776194,17422.50493832373,101.0,S_1968
2024-05-11 02:11:06,-48.39895,2.8275928,-44.39164,17.12159,858.202,-0.005736331,17450.371124231755,101.0,S_1968
2024-05-11 02:11:07,-48.430332,2.8244495,-44.454586,17.100609,858.1853,-0.0069650025,17482.66719209559,101.0,S_1968
2024-05-11 02:11:08,-48.46169,2.8213024,-44.51054,17.079626,858.1853,-0.0072897593,17504.839241736376,101.0,S_1968
2024-05-11 02:11:09,-48.49301,2.8181515,-44.566494,17.058643,858.19275,-0.005163566,17539.840960516536,101.0,S_1968
2024-05-11 02:11:10,-48.524303,2.8149967,-44.622444,17.030666,858.19824,-0.005954012,17572.22192078649,101.0,S_1968
2024-05-11 02:11:11,-48.55557,2.81184,-44.6784,17.009686,858.19086,-0.0052255387,17607.66326464158,101.0,S_1968
2024-05-11 02:11:12,-48.5868,2.8086777,-44.734352,16.988703,858.17236,-0.005659069,17636.04308474155,101.0,S_1968
2024-05-11 02:11:13,-48.618,2.8055134,-44.7973,16.96772,858.1946,-0.0069774385,17668.216244752202,101.0,S_1968
2024-05-11 02:11:14,-48.64917,2.8023472,-44.853252,16.946737,858.29456,-0.005125564,17704.280741366907,101.0,S_1968
2024-05-11 02:11:15,-48.680313,2.7991753,-44.909206,16.925755,858.38904,-0.006285954,17732.87310537422,101.0,S_1968
2024-05-11 02:11:16,-48.711422,2.7960014,-44.965157,16.904774,858.4076,-0.007036141,17750.287955049822,101.0,S_1968
2024-05-11 02:11:17,-48.7425,2.7928238,-45.028103,16.876797,858.3853,-0.006979368,17784.042267784567,101.0,S_1968
2024-05-11 02:11:18,-48.77355,2.7896442,-45.084057,16.855814,858.3779,-0.0068410025,17803.881907781622,101.0,S_1968
2024-05-11 02:11:19,-48.804565,2.786459,-45.147003,16.834831,858.3835,-0.008094846,17834.873402922465,101.0,S_1968
2024-05-11 02:11:20,-48.835556,2.7832718,-45.195965,16.81385,858.39087,-0.008398331,17841.825753106237,101.0,S_1968
2024-05-11 02:11:21,-48.866512,2.7800808,-45.251915,16.792868,858.39276,-0.008041903,17859.07314772013,101.0,S_1968
2024-05-11 02:11:22,-48.897438,2.776888,-45.30787,16.771885,858.37427,-0.008126376,17869.64720751802,101.0,S_1968
2024-05-11 02:11:23,-48.928333,2.7736893,-45.370815,16.750902,858.3687,-0.008783619,17882.232946462427,101.0,S_1968
2024-05-11 02:11:24,-48.959198,2.7704887,-45.43376,16.722925,858.4335,-0.007670519,17917.222668102433,101.0,S_1968
2024-05-11 02:11:25,-48.990032,2.7672844,-45.482723,16.701944,858.5446,-0.0074908603,17929.98604766304,101.0,S_1968
2024-05-11 02:11:26,-49.02084,2.7640781,-45.538673,16.680962,858.60016,-0.009298157,17937.631591285644,101.0,S_1968
2024-05-11 02:11:27,-49.051613,2.760868,-45.594627,16.652985,858.5909,-0.008255206,17955.09282041443,101.0,S_1968
2024-05-11 02:11:28,-49.082355,2.7576542,-45.65058,16.632002,858.57794,-0.008583685,17962.34010064866,101.0,S_1968
2024-05-11 02:11:29,-49.113068,2.7544365,-45.713528,16.611021,858.5835,-0.008911523,17975.22985899064,101.0,S_1968
2024-05-11 02:11:30,-49.14375,2.751215,-45.776474,16.590038,858.5816,-0.008867957,17995.11678371799,101.0,S_1968
2024-05-11 02:11:31,-49.1744,2.7479916,-45.832428,16.569056,858.5631,-0.009419577,18001.95097694893,101.0,S_1968
2024-05-11 02:11:32,-49.20502,2.7447643,-45.888382,16.541079,858.5835,-0.008862505,18022.108949539244,101.0,S_1968
2024-05-11 02:11:33,-49.23561,2.7415333,-45.93734,16.520096,858.6835,-0.008792589,18026.451295629246,101.0,S_1968
2024-05-11 02:11:34,-49.26617,2.7383003,-45.993294,16.499115,858.77795,-0.008407236,18034.92492263339,101.0,S_1968
2024-05-11 02:11:35,-49.2967,2.7350636,-46.05624,16.478132,858.7965,-0.009507656,18042.14417336246,101.0,S_1968
2024-05-11 02:11:36,-49.327198,2.731823,-46.119186,16.450155,858.7761,-0.009415174,18060.083675873608,101.0,S_1968
2024-05-11 02:11:37,-49.357666,2.7285786,-46.17514,16.429173,858.7668,-0.009300188,18069.146614571706,101.0,S_1968
2024-05-11 02:11:38,-49.388103,2.7253323,-46.23109,16.408192,858.7724,-0.00960854,18076.212640411864,101.0,S_1968
2024-05-11 02:11:39,-49.41851,2.7220802,-46.287045,16.387209,858.7798,-0.009268914,18085.46031303212,101.0,S_1968
2024-05-11 02:11:40,-49.448887,2.7188263,-46.343,16.366226,858.7817,-0.011108563,18081.14729024946,101.0,S_1968
2024-05-11 02:11:41,-49.479233,2.7155704,-46.398952,16.33825,858.765,-0.011194173,18071.169187547403,101.0,S_1968
2024-05-11 02:11:42,-49.50955,2.712309,-46.4619,16.317268,858.75757,-0.010186554,18080.91539375783,101.0,S_1968
2024-05-11 02:11:43,-49.539833,2.7090454,-46.51785,16.289291,858.8224,-0.009583733,18089.720857431497,101.0,S_1968
2024-05-11 02:11:44,-49.570087,2.7057781,-46.573803,16.268309,858.9335,-0.008604257,18103.20620770096,101.0,S_1968
2024-05-11 02:11:45,-49.60031,2.702509,-46.629757,16.247326,858.99097,-0.008242738,18111.641428517523,101.0,S_1968
2024-05-11 02:11:46,-49.630505,2.699234,-46.692703,16.21935,858.9798,-0.009348868,18129.926813170365,101.0,S_1968
2024-05-11 02:11:47,-49.660667,2.6959572,-46.748657,16.198368,858.965,-0.009369875,18138.472512107008,101.0,S_1968
2024-05-11 02:11:48,-49.6908,2.6926785,-46.80461,16.177385,858.965,-0.008208127,18154.478157495712,101.0,S_1968
2024-05-11 02:11:49,-49.7209,2.689394,-46.86056,16.156403,858.9706,-0.009319837,18161.90191749817,101.0,S_1968
2024-05-11 02:11:50,-49.750973,2.6861076,-46.916515,16.128426,858.9706,-0.010586111,18164.22451489083,101.0,S_1968
2024-05-11 02:11:51,-49.781013,2.6828175,-46.97247,16.107445,858.9706,-0.010870483,18153.405292324253,101.0,S_1968
2024-05-11 02:11:52,-49.81102,2.6795235,-47.035416,16.079468,858.97614,-0.009551061,18170.342767949125,101.0,S_1968
2024-05-11 02:11:53,-49.841,2.6762257,-47.09137,16.058485,858.9706,-0.009287881,18179.37814155141,101.0,S_1968
2024-05-11 02:11:54,-49.87095,2.672926,-47.14732,16.037502,858.9521,-0.008037414,18195.211762219264,101.0,S_1968
2024-05-11 02:11:55,-49.900867,2.6696224,-47.203274,16.009527,858.9724,-0.010942037,18186.943061475522,101.0,S_1968
2024-05-11 02:11:56,-49.930756,2.666315,-47.26622,15.988544,859.07056,-0.0072758486,18215.75240583062,101.0,S_1968
2024-05-11 02:11:57,-49.960613,2.6630058,-47.322174,15.960567,859.16876,-0.008083563,18227.98268096567,101.0,S_1968
2024-05-11 02:11:58,-49.990437,2.6596928,-47.38512,15.939586,859.19464,-0.008891278,18247.499206824617,101.0,S_1968
2024-05-11 02:11:59,-50.020233,2.656376,-47.441074,15.918603,859.17615,-0.009698993,18253.848998598743,101.0,S_1968
2024-05-11 02:12:00,-50.05,2.6530552,-47.49703,15.89762,859.1594,-0.010506707,18253.44023890422,101.0,S_1968
2024-05-11 02:12:01,-50.079407,2.649744,-47.55298,15.869644,859.1613,-0.0105498545,18262.05132004456,101.0,S_1968
2024-05-11 02:12:02,-50.108795,2.6464272,-47.60194,15.841668,859.16876,-0.00926982,18264.77177862011,101.0,S_1968
2024-05-11 02:12:03,-50.13816,2.6431084,-47.65789,15.820685,859.17053,-0.009240526,18274.03179242338,101.0,S_1968
2024-05-11 02:12:04,-50.16751,2.6397839,-47.713844,15.799703,859.15765,-0.00939119,18275.21969763647,101.0,S_1968
2024-05-11 02:12:05,-50.19684,2.6364574,-47.77679,15.778721,859.15204,-0.009541853,18282.019440959863,101.0,S_1968
2024-05-11 02:12:06,-50.22615,2.6331272,-47.839737,15.750744,859.2002,-0.008372667,18306.397178574025,101.0,S_1968
2024-05-11 02:12:07,-50.25544,2.6297932,-47.89569,15.729762,859.2891,-0.008033013,18322.196607236903,101.0,S_1968
2024-05-11 02:12:08,-50.28471,2.6264553,-47.951645,15.701785,859.3613,-0.008817855,18335.735378050776,101.0,S_1968
2024-05-11 02:12:09,-50.31396,2.6231136,-48.0076,15.680803,859.3743,-0.00814164,18350.814071795285,101.0,S_1968
2024-05-11 02:12:10,-50.343193,2.6197681,-48.06355,15.652826,859.3595,-0.00829178,18367.707684774112,101.0,S_1968
2024-05-11 02:12:11,-50.372406,2.6164188,-48.119503,15.6318445,859.3558,-0.0076390915,18380.404874558637,101.0,S_1968
2024-05-11 02:12:12,-50.4016,2.6130657,-48.18245,15.603868,859.3595,-0.008126892,18406.301931346057,101.0,S_1968
2024-05-11 02:12:13,-50.43077,2.6097088,-48.238403,15.582886,859.36505,-0.008908976,18416.3211859835,101.0,S_1968
2024-05-11 02:12:14,-50.459927,2.60635,-48.294357,15.554909,859.3595,-0.009199102,18427.368666121198,101.0,S_1968
2024-05-11 02:12:15,-50.489063,2.6029854,-48.350307,15.533927,859.34467,-0.008140522,18436.374226107295,101.0,S_1968
2024-05-11 02:12:16,-50.518177,2.599617,-48.413254,15.50595,859.3613,-0.0081987195,18461.770812544608,101.0,S_1968
2024-05-11 02:12:17,-50.54727,2.5962467,-48.469208,15.484968,859.43726,-0.007656078,18479.985408074208,101.0,S_1968
2024-05-11 02:12:18,-50.576347,2.5928707,-48.52516,15.456991,859.5262,-0.005561156,18514.325307298408,101.0,S_1968
2024-05-11 02:12:19,-50.605408,2.5894928,-48.581116,15.436009,859.5687,-0.006749631,18538.473279899677,101.0,S_1968
2024-05-11 02:12:20,-50.634445,2.586111,-48.637066,15.408032,859.5614,-0.006543601,18566.48993633959,101.0,S_1968
2024-05-11 02:12:21,-50.66346,2.5827236,-48.69302,15.387051,859.55023,-0.007193402,18587.712773127405,101.0,S_1968
2024-05-11 02:12:22,-50.69246,2.5793343,-48.748974,15.359074,859.55206,-0.007859343,18606.157758484966,101.0,S_1968
2024-05-11 02:12:23,-50.72144,2.575941,-48.804928,15.331098,859.5576,-0.0070228977,18625.75923121056,101.0,S_1968
2024-05-11 02:12:24,-50.7504,2.572544,-48.867874,15.310115,859.5595,-0.007269494,18654.40988932776,101.0,S_1968
2024-05-11 02:12:25,-50.77934,2.5691433,-48.923824,15.282139,859.5466,-0.007089834,18678.876657492317,101.0,S_1968
2024-05-11 02:12:26,-50.80826,2.5657387,-48.97978,15.261156,859.541,-0.0064088465,18705.206216351766,101.0,S_1968
2024-05-11 02:12:27,-50.837162,2.5623302,-49.035732,15.23318,859.5891,-0.0047954973,18743.687941097283,101.0,S_1968
2024-05-11 02:12:28,-50.866043,2.558918,-49.091686,15.205203,859.6799,-0.0017706703,18802.22469912415,101.0,S_1968
2024-05-11 02:12:29,-50.894905,2.555502,-49.147636,15.184221,859.75024,-0.0003211447,18868.160383056736,101.0,S_1968
2024-05-11 02:12:30,-50.923748,2.552082,-49.210583,15.156244,859.76324,-0.0023449354,18930.928058326543,101.0,S_1968
2024-05-11 02:12:31,-50.95257,2.5486603,-49.266537,15.1352625,859.74835,-0.0028808392,18980.321929803795,101.0,S_1968
2024-05-11 02:12:32,-50.981377,2.5452328,-49.32249,15.1072855,859.7447,-0.0040008295,19024.520085994234,101.0,S_1968
2024-05-11 02:12:33,-51.010162,2.5418015,-49.378445,15.086304,859.75024,-0.006122118,19052.677089591663,101.0,S_1968
2024-05-11 02:12:34,-51.038925,2.5383682,-49.434395,15.058327,859.75397,-0.005509213,19086.419455097068,101.0,S_1968
2024-05-11 02:12:35,-51.067673,2.5349293,-49.49035,15.030351,859.74835,-0.0040738275,19130.117508768817,101.0,S_1968
2024-05-11 02:12:36,-51.096397,2.5314884,-49.546303,15.009368,859.7336,-0.006220656,19152.978130714946,101.0,S_1968
2024-05-11 02:12:37,-51.125107,2.5280418,-49.60925,14.981392,859.75214,-0.0042403806,19203.513492572587,101.0,S_1968
2024-05-11 02:12:38,-51.153793,2.5245934,-49.665203,14.960409,859.8262,-0.0033962238,19246.939818851257,101.0,S_1968
2024-05-11 02:12:39,-51.18246,2.521141,-49.72815,14.932433,859.91504,-0.0038203276,19302.425031543044,101.0,S_1968
2024-05-11 02:12:40,-51.21111,2.517685,-49.777107,14.904456,859.9577,-0.0025693465,19347.776087431626,101.0,S_1968
2024-05-11 02:12:41,-51.23974,2.514225,-49.83306,14.883474,859.95026,-0.0064917244,19373.449532771632,101.0,S_1968
2024-05-11 02:12:42,-51.26835,2.5107594,-49.889015,14.855497,859.941,-0.0021490487,19427.50436614174,101.0,S_1968
2024-05-11 02:12:43,-51.29694,2.5072918,-49.95196,14.827521,859.9429,-0.0038279817,19480.084536193644,101.0,S_1968
2024-05-11 02:12:44,-51.32551,2.5038204,-50.007915,14.799544,859.9447,-0.00075452845,19544.936989061855,101.0,S_1968
2024-05-11 02:12:45,-51.35406,2.5003471,-50.063866,14.778563,859.9429,-0.0006189227,19608.97460971135,101.0,S_1968
2024-05-11 02:12:46,-51.382595,2.4968681,-50.11982,14.750586,859.94653,-0.0056791073,19641.502659187703,101.0,S_1968
2024-05-11 02:12:47,-51.411106,2.4933853,-50.175774,14.7226095,859.95215,-0.001741187,19698.67943805122,101.0,S_1968
2024-05-11 02:12:48,-51.439598,2.4898987,-50.23872,14.701627,859.9429,-0.0037713922,19752.767432597648,101.0,S_1968
2024-05-11 02:12:49,-51.46807,2.4864101,-50.287678,14.673651,859.9243,-0.0039520245,19788.640959322147,101.0,S_1968
2024-05-11 02:12:50,-51.496525,2.4829159,-50.34363,14.645675,859.94653,-0.0035385762,19832.486515005177,101.0,S_1968
2024-05-11 02:12:51,-51.52496,2.4794178,-50.406578,14.617698,860.0466,-0.0044885804,19877.85008158165,101.0,S_1968
2024-05-11 02:12:52,-51.553375,2.4759178,-50.469524,14.596716,860.141,-0.002747512,19937.829087524013,101.0,S_1968
2024-05-11 02:12:53,-51.58177,2.472412,-50.518482,14.568739,860.1577,-0.0034041773,19977.245194271185,101.0,S_1968
2024-05-11 02:12:54,-51.61015,2.4689045,-50.574436,14.540763,860.1373,-0.00095795025,20039.827099232854,101.0,S_1968
2024-05-11 02:12:55,-51.638504,2.465393,-50.637383,14.512786,860.1318,-0.0026798612,20098.083705170055,101.0,S_1968
2024-05-11 02:12:56,-51.666843,2.461876,-50.700333,14.491804,860.13916,-0.0021931045,20159.615250526025,101.0,S_1968
2024-05-11 02:12:57,-51.69516,2.4583569,-50.756283,14.463827,860.14655,-0.0025557843,20212.431555845847,101.0,S_1968
2024-05-11 02:12:58,-51.72346,2.454834,-50.812237,14.435851,860.1448,0.0005305838,20285.3942988512,101.0,S_1968
2024-05-11 02:12:59,-51.75174,2.4513073,-50.86819,14.407874,860.12616,-0.0014238727,20345.582906702824,101.0,S_1968
2024-05-11 02:13:00,-51.78,2.4477768,-50.92414,14.379898,860.1206,-0.001667246,20405.394002669484,101.0,S_1968
2024-05-11 02:13:01,-51.808075,2.4442673,-50.973103,14.351921,860.1855,-0.0007938082,20461.882135025127,101.0,S_1968
2024-05-11 02:13:02,-51.836136,2.440754,-51.029053,14.330939,860.29474,-0.001972456,20515.403535283112,101.0,S_1968
2024-05-11 02:13:03,-51.864185,2.4372349,-51.092003,14.302962,860.3521,-0.0037247366,20568.42212104288,101.0,S_1968
2024-05-11 02:13:04,-51.89222,2.433712,-51.147953,14.274986,860.3429,-0.0034666182,20612.626470905438,101.0,S_1968
2024-05-11 02:13:05,-51.920242,2.4301853,-51.2109,14.24701,860.32806,-0.00030201115,20688.169470686586,101.0,S_1968
2024-05-11 02:13:06,-51.94825,2.426653,-51.25986,14.219033,860.3318,-0.007343396,20702.710321260423,101.0,S_1968
2024-05-11 02:13:07,-51.976242,2.4231167,-51.31581,14.198051,860.3336,-0.006412241,20723.890907864767,101.0,S_1968
2024-05-11 02:13:08,-52.00422,2.4195747,-51.37876,14.170074,860.3336,-0.0076902467,20749.736991166836,101.0,S_1968
2024-05-11 02:13:09,-52.032185,2.416029,-51.43471,14.135104,860.3336,-0.0087494,20763.580459785495,101.0,S_1968
2024-05-11 02:13:10,-52.06014,2.4124794,-51.490665,14.107127,860.3392,-0.0062582237,20792.897937588947,101.0,S_1968
2024-05-11 02:13:11,-52.088074,2.408924,-51.54662,14.086145,860.3318,-0.007201895,20813.682647309775,101.0,S_1968
2024-05-11 02:13:12,-52.115997,2.405365,-51.602573,14.058168,860.31323,-0.007378121,20829.370242017387,101.0,S_1968
2024-05-11 02:13:13,-52.14391,2.401802,-51.66552,14.030192,860.3355,-0.0078107906,20855.614380323204,101.0,S_1968
2024-05-11 02:13:14,-52.171803,2.3982334,-51.72147,14.002215,860.4355,-0.0058009,20891.35330460202,101.0,S_1968
2024-05-11 02:13:15,-52.199688,2.394661,-51.77043,13.974239,860.5299,-0.0112407915,20871.073627663827,101.0,S_1968
2024-05-11 02:13:16,-52.227554,2.3910828,-51.833378,13.946263,860.54846,-0.0047259955,20913.860029766824,101.0,S_1968
2024-05-11 02:13:17,-52.25541,2.3875008,-51.896324,13.918286,860.52814,-0.008325571,20936.703223973404,101.0,S_1968
2024-05-11 02:13:18,-52.28325,2.383915,-51.95228,13.89031,860.5188,-0.010278898,20940.22971561858,101.0,S_1968
2024-05-11 02:13:19,-52.311073,2.3803234,-52.00823,13.869328,860.52435,-0.0047592074,20976.107658740926,101.0,S_1968
2024-05-11 02:13:20,-52.338886,2.376728,-52.064182,13.834357,860.5318,-0.010463883,20978.68537087086,101.0,S_1968
2024-05-11 02:13:21,-52.366688,2.373127,-52.120136,13.80638,860.5336,-0.010418312,20979.989380424355,101.0,S_1968
2024-05-11 02:13:22,-52.39447,2.369522,-52.17609,13.778404,860.517,-0.008327129,20994.910908821108,101.0,S_1968
2024-05-11 02:13:23,-52.42224,2.3659134,-52.23204,13.750427,860.5096,-0.006404026,21022.34217689772,101.0,S_1968
2024-05-11 02:13:24,-52.449997,2.362299,-52.287994,13.722451,860.5726,-0.004638464,21057.798542635406,101.0,S_1968
2024-05-11 02:13:25,-52.47774,2.3586807,-52.35094,13.694475,860.6837,-0.0078078993,21083.92784066836,101.0,S_1968
2024-05-11 02:13:26,-52.50547,2.3550568,-52.406895,13.666498,860.74664,-0.00931178,21092.39783494794,101.0,S_1968
2024-05-11 02:13:27,-52.533188,2.351431,-52.46285,13.638522,860.7429,-0.010025006,21096.219155056657,101.0,S_1968
2024-05-11 02:13:28,-52.560886,2.3477974,-52.5188,13.610545,860.72253,-0.009649892,21102.466378133347,101.0,S_1968
2024-05-11 02:13:29,-52.588573,2.344162,-52.574753,13.582569,860.717,-0.010920962,21100.435065420606,101.0,S_1968
2024-05-11 02:13:30,-52.61625,2.340519,-52.630707,13.554592,860.72253,-0.0075184084,21120.543171436293,101.0,S_1968
2024-05-11 02:13:31,-52.64391,2.336874,-52.68666,13.526616,860.72253,-0.00840057,21134.903292448987,101.0,S_1968
2024-05-11 02:13:32,-52.671555,2.3332233,-52.74261,13.49864,860.72253,-0.009773666,21140.310681063358,101.0,S_1968
2024-05-11 02:13:33,-52.699184,2.3295689,-52.798565,13.470663,860.72626,-0.012379935,21119.491622987534,101.0,S_1968
2024-05-11 02:13:34,-52.726803,2.3259087,-52.86151,13.442687,860.72253,-0.009927985,21131.72493134504,101.0,S_1968
2024-05-11 02:13:35,-52.75441,2.3222446,-52.917465,13.41471,860.70776,-0.0076172184,21151.13920941827,101.0,S_1968
2024-05-11 02:13:36,-52.781998,2.3185768,-52.97342,13.386734,860.7244,-0.010258948,21151.815762202008,101.0,S_1968
2024-05-11 02:13:37,-52.809574,2.3149033,-53.02937,13.351763,860.8003,-0.0078032156,21171.550296635265,101.0,S_1968
2024-05-11 02:13:38,-52.83714,2.311226,-53.085323,13.323787,860.8892,-0.0037547234,21216.053663125746,101.0,S_1968
2024-05-11 02:13:39,-52.864685,2.3075447,-53.141277,13.295811,860.9318,-0.01343784,21197.575248889483,101.0,S_1968
2024-05-11 02:13:40,-52.89222,2.3038578,-53.19723,13.267834,860.92444,-0.0049096486,21234.54548665794,101.0,S_1968
2024-05-11 02:13:41,-52.919743,2.3001652,-53.25318,13.239858,860.9133,-0.005932729,21260.4020618954,101.0,S_1968
2024-05-11 02:13:42,-52.94725,2.2964706,-53.316128,13.211881,860.91516,-0.008155706,21282.861513712392,101.0,S_1968
2024-05-11 02:13:43,-52.974743,2.2927704,-53.37208,13.17691,860.917,-0.008665223,21296.9307133931,101.0,S_1968
2024-05-11 02:13:44,-53.00222,2.2890644,-53.428036,13.148934,860.917,-0.008593221,21309.906334395815,101.0,S_1968
2024-05-11 02:13:45,-53.029686,2.2853546,-53.48399,13.120957,860.9208,-0.007246202,21337.003165196467,101.0,S_1968
2024-05-11 02:13:46,-53.057137,2.281641,-53.532948,13.092981,860.92255,-0.011329651,21315.859778642636,101.0,S_1968
2024-05-11 02:13:47,-53.084576,2.2779217,-53.595894,13.065004,860.9059,-0.009145966,21331.69455547204,101.0,S_1968
2024-05-11 02:13:48,-53.112,2.2741985,-53.651848,13.030034,860.8892,-0.010689722,21332.56211101032,101.0,S_1968
2024-05-11 02:13:49,-53.13941,2.2704716,-53.707798,13.002057,860.9208,-0.0064027486,21359.713585032358,101.0,S_1968
2024-05-11 02:13:50,-53.166805,2.266739,-53.763752,12.974081,861.02075,-0.006711118,21383.877574822356,101.0,S_1968
2024-05-11 02:13:51,-53.194187,2.2630024,-53.819706,12.939111,861.11334,-0.010734543,21384.421752146525,101.0,S_1968
2024-05-11 02:13:52,-53.221554,2.2592602,-53.87566,12.911134,861.13,-0.008580284,21390.966166771996,101.0,S_1968
2024-05-11 02:13:53,-53.24891,2.2555141,-53.938606,12.883158,861.1115,-0.0064260243,21425.733360049555,101.0,S_1968
2024-05-11 02:13:54,-53.27625,2.2517643,-53.99456,12.855181,861.1077,-0.004271765,21466.66770602751,101.0,S_1968
2024-05-11 02:13:55,-53.303574,2.2480087,-54.05051,12.827205,861.1115,-0.006173904,21499.817522707715,101.0,S_1968
2024-05-11 02:13:56,-53.330887,2.2442493,-54.099472,12.799229,861.1115,-0.005317664,21525.368060193847,101.0,S_1968
2024-05-11 02:13:57,-53.358185,2.2404861,-54.155422,12.764257,861.1115,-0.0072654444,21548.3690025583,101.0,S_1968
2024-05-11 02:13:58,-53.38547,2.2367172,-54.211376,12.736281,861.117,-0.008094718,21557.3249918443,101.0,S_1968
2024-05-11 02:13:59,-53.412743,2.2329445,-54.274323,12.701311,861.117,-0.008608665,21579.38769378926,101.0,S_1968
2024-05-11 02:14:00,-53.44,2.229166,-54.330276,12.673334,861.1004,-0.003450475,21622.979393865455,101.0,S_1968
2024-05-11 02:14:01,-53.467407,2.2253838,-54.393223,12.645358,861.09296,-0.00611988,21658.75617966191,101.0,S_1968
2024-05-11 02:14:02,-53.494793,2.2215977,-54.449177,12.610387,861.1578,-0.0084192855,21673.02676844859,101.0,S_1968
2024-05-11 02:14:03,-53.52216,2.2178059,-54.505127,12.575417,861.26886,-0.006534959,21700.69016298966,101.0,S_1968
2024-05-11 02:14:04,-53.54951,2.2140102,-54.56108,12.547441,861.3263,-0.00797661,21723.385857394263,101.0,S_1968
2024-05-11 02:14:05,-53.57684,2.210209,-54.61004,12.519464,861.3171,-0.006319336,21742.208592815197,101.0,S_1968
2024-05-11 02:14:06,-53.60415,2.2064037,-54.665993,12.484493,861.30035,-0.006693359,21763.78488723186,101.0,S_1968
2024-05-11 02:14:07,-53.63144,2.2025948,-54.72894,12.456516,861.30225,-0.0100192325,21773.657726981197,101.0,S_1968
2024-05-11 02:14:08,-53.65871,2.19878,-54.784893,12.421546,861.3059,-0.008011067,21785.671307666984,101.0,S_1968
2024-05-11 02:14:09,-53.685963,2.1949615,-54.84784,12.39357,861.3059,-0.0046497253,21831.72635177917,101.0,S_1968
2024-05-11 02:14:10,-53.713192,2.1911373,-54.903793,12.365593,861.3059,-0.006239662,21858.816862264306,101.0,S_1968
2024-05-11 02:14:11,-53.740406,2.1873093,-54.959747,12.330623,861.3115,-0.008921996,21869.679004130227,101.0,S_1968
2024-05-11 02:14:12,-53.767597,2.1834774,-55.015697,12.295652,861.3059,-0.005460674,21904.184934367117,101.0,S_1968
2024-05-11 02:14:13,-53.794773,2.1796398,-55.07165,12.267675,861.2874,-0.0049346145,21940.555114685736,101.0,S_1968
2024-05-11 02:14:14,-53.821926,2.1757984,-55.127605,12.239699,861.30963,-0.0070818467,21967.181156606024,101.0,S_1968
2024-05-11 02:14:15,-53.84906,2.1719532,-55.176563,12.204728,861.40594,-0.007268764,21981.16838362767,101.0,S_1968
2024-05-11 02:14:16,-53.876175,2.1681023,-55.232517,12.169758,861.50415,-0.0064543495,22009.18558488607,101.0,S_1968
2024-05-11 02:14:17,-53.90327,2.1642475,-55.28847,12.141782,861.53,-0.00799747,22025.660845179176,101.0,S_1968
2024-05-11 02:14:18,-53.930347,2.160387,-55.34442,12.113805,861.5115,-0.006033481,22049.570473924196,101.0,S_1968
2024-05-11 02:14:19,-53.957405,2.1565228,-55.407368,12.078835,861.4967,-0.0060540684,22082.61318229875,101.0,S_1968
2024-05-11 02:14:20,-53.984444,2.1526546,-55.470318,12.043864,861.49854,-0.0097346045,22097.096909707623,101.0,S_1968
2024-05-11 02:14:21,-54.011463,2.1487808,-55.526268,12.015887,861.50226,-0.009892542,22099.9154876401,101.0,S_1968
2024-05-11 02:14:22,-54.03846,2.1449032,-55.582222,11.980917,861.50037,-0.005842642,22136.162642177707,101.0,S_1968
2024-05-11 02:14:23,-54.065437,2.1410198,-55.63118,11.952941,861.50226,-0.007562908,22146.60391255928,101.0,S_1968
2024-05-11 02:14:24,-54.0924,2.1371326,-55.687134,11.91797,861.50415,-0.007628377,22160.2567295795,101.0,S_1968
2024-05-11 02:14:25,-54.11934,2.1332417,-55.75008,11.882999,861.493,-0.010802845,22159.617949573803,101.0,S_1968
2024-05-11 02:14:26,-54.14626,2.129345,-55.813026,11.855022,861.4874,-0.012406191,22153.54871953583,101.0,S_1968
2024-05-11 02:14:27,-54.17316,2.1254444,-55.86898,11.820052,861.5356,-0.010221945,22163.129576614738,101.0,S_1968
2024-05-11 02:14:28,-54.200043,2.12154,-55.91794,11.785082,861.62634,-0.010452906,22157.34683251603,101.0,S_1968
2024-05-11 02:14:29,-54.226906,2.11763,-55.973892,11.757105,861.6967,-0.0118894065,22146.92225435758,101.0,S_1968
2024-05-11 02:14:30,-54.25375,2.1137161,-56.029846,11.722135,861.7097,-0.011104703,22134.9851481469,101.0,S_1968
2024-05-11 02:14:31,-54.28057,2.1097965,-56.092793,11.687164,861.6949,-0.011223548,22138.206641398454,101.0,S_1968
2024-05-11 02:14:32,-54.307377,2.105873,-56.148746,11.652194,861.6911,-0.012906773,22133.88631863179,101.0,S_1968
2024-05-11 02:14:33,-54.33416,2.1019459,-56.197704,11.624217,861.6967,-0.015740104,22090.28854154797,101.0,S_1968
2024-05-11 02:14:34,-54.360928,2.098013,-56.25366,11.589247,861.6967,-0.010470197,22090.721137781107,101.0,S_1968
2024-05-11 02:14:35,-54.387672,2.0940762,-56.30961,11.5542755,861.6949,-0.006350185,22119.13138616123,101.0,S_1968
2024-05-11 02:14:36,-54.4144,2.0901337,-56.365562,11.526299,861.6949,-0.00652989,22144.006210053743,101.0,S_1968
2024-05-11 02:14:37,-54.441105,2.0861874,-56.421516,11.491329,861.6967,-0.009993385,22147.552570272564,101.0,S_1968
2024-05-11 02:14:38,-54.467793,2.0822372,-56.47747,11.456358,861.7023,-0.0115388,22142.381128982866,101.0,S_1968
2024-05-11 02:14:39,-54.49446,2.0782814,-56.53342,11.428382,861.7023,-0.011414866,22126.556540120637,101.0,S_1968
2024-05-11 02:14:40,-54.52111,2.0743217,-56.59637,11.393412,861.6838,-0.011113586,22128.731263713296,101.0,S_1968
2024-05-11 02:14:41,-54.54774,2.0703564,-56.65232,11.351447,861.67816,-0.011883802,22112.493708151113,101.0,S_1968
2024-05-11 02:14:42,-54.57435,2.0663872,-56.715267,11.316476,861.74115,-0.012654018,22117.230651783313,101.0,S_1968
2024-05-11 02:14:43,-54.60094,2.0624142,-56.76423,11.2885,861.85223,-0.012944765,22092.046654609578,101.0,S_1968
2024-05-11 02:14:44,-54.62751,2.0584354,-56.82018,11.25353,861.90967,-0.012663751,22077.930979679415,101.0,S_1968
2024-05-11 02:14:45,-54.65406,2.054453,-56.876133,11.218558,861.90045,-0.013057049,22062.85828263559,101.0,S_1968
2024-05-11 02:14:46,-54.68059,2.0504665,-56.932087,11.190582,861.8837,-0.012593055,22047.681186816553,101.0,S_1968
2024-05-11 02:14:47,-54.707108,2.0464745,-56.98804,11.155611,861.8856,-0.01323009,22027.851484534644,101.0,S_1968
2024-05-11 02:14:48,-54.7336,2.0424786,-57.04399,11.1136465,861.8912,-0.011793718,22020.94952317234,101.0,S_1968
2024-05-11 02:14:49,-54.76007,2.038477,-57.099945,11.078676,861.8912,-0.012727087,22006.383890633806,101.0,S_1968
2024-05-11 02:14:50,-54.786526,2.0344715,-57.1559,11.043706,861.8912,-0.012039691,21997.826260438458,101.0,S_1968
2024-05-11 02:14:51,-54.81296,2.0304623,-57.21185,11.015729,861.8949,-0.011622919,21988.993045978714,101.0,S_1968
2024-05-11 02:14:52,-54.83938,2.0264473,-57.267803,10.980759,861.8893,-0.012010805,21970.206203504145,101.0,S_1968
2024-05-11 02:14:53,-54.865772,2.0224285,-57.33075,10.945788,861.8708,-0.011543665,21971.088310482242,101.0,S_1968
2024-05-11 02:14:54,-54.89215,2.018404,-57.386703,10.910817,861.893,-0.011201103,21964.88354302591,101.0,S_1968
2024-05-11 02:14:55,-54.918507,2.0143757,-57.442657,10.868853,861.9893,-0.011840929,21957.614526770325,101.0,S_1968
2024-05-11 02:14:56,-54.944843,2.0103436,-57.498608,10.833882,862.0875,-0.012062611,21947.358352356714,101.0,S_1968
2024-05-11 02:14:57,-54.97116,2.0063057,-57.55456,10.798912,862.11346,-0.0118806735,21938.29327552863,101.0,S_1968
2024-05-11 02:14:58,-54.99746,2.002264,-57.610516,10.763941,862.09485,-0.012120212,21927.644904140438,101.0,S_1968
2024-05-11 02:14:59,-55.02374,1.9982185,-57.66647,10.728971,862.0801,-0.012165111,21916.697267379957,101.0,S_1968
2024-05-11 02:15:00,-55.05,1.9941673,-57.72242,10.694,862.0819,-0.012384584,21904.289209973307,101.0,S_1968
2024-05-11 02:15:01,-55.075993,1.9901581,-57.778374,10.659029,862.08563,-0.012173299,21893.265224802723,101.0,S_1968
2024-05-11 02:15:02,-55.10198,1.9861412,-57.834328,10.624059,862.08563,-0.012443365,21880.457801862056,101.0,S_1968
2024-05-11 02:15:03,-55.12795,1.9821186,-57.89028,10.589088,862.0875,-0.012788806,21855.868350065175,101.0,S_1968
2024-05-11 02:15:04,-55.15391,1.9780903,-57.953228,10.554118,862.0893,-0.0128937,21847.759622991583,101.0,S_1968
2024-05-11 02:15:05,-55.17986,1.9740562,-58.00918,10.519147,862.07635,-0.010643868,21846.73690255814,101.0,S_1968
2024-05-11 02:15:06,-55.2058,1.9700165,-58.065132,10.484177,862.0727,-0.013429271,21827.42000428282,101.0,S_1968
2024-05-11 02:15:07,-55.231728,1.9659691,-58.121086,10.449206,862.11896,-0.012046142,21817.174338452533,101.0,S_1968
2024-05-11 02:15:08,-55.257645,1.961916,-58.17704,10.414235,862.2097,-0.013341172,21796.553968969794,101.0,S_1968
2024-05-11 02:15:09,-55.28355,1.957859,-58.23299,10.372271,862.2819,-0.014636202,21770.789862667054,101.0,S_1968
2024-05-11 02:15:10,-55.309444,1.9537926,-58.288944,10.3373,862.2931,-0.015931232,21732.801250513192,101.0,S_1968
2024-05-11 02:15:11,-55.335327,1.9497223,-58.3449,10.295336,862.2801,-0.01332958,21715.602493262,101.0,S_1968
2024-05-11 02:15:12,-55.3612,1.9456444,-58.40085,10.260365,862.27637,-0.010727929,21713.94972781815,101.0,S_1968
2024-05-11 02:15:13,-55.387062,1.9415627,-58.456802,10.225394,862.2801,-0.00995971,21724.654596136188,101.0,S_1968
2024-05-11 02:15:14,-55.41291,1.9374733,-58.50576,10.190424,862.2819,-0.008110436,21732.498693651156,101.0,S_1968
2024-05-11 02:15:15,-55.43875,1.9333782,-58.561714,10.155454,862.2801,-0.009508567,21738.812012133145,101.0,S_1968
2024-05-11 02:15:16,-55.464577,1.9292755,-58.61767,10.120482,862.27826,-0.007069005,21760.138544934256,101.0,S_1968
2024-05-11 02:15:17,-55.490395,1.925169,-58.673622,10.078518,862.2801,-0.009643576,21767.043700228947,101.0,S_1968
2024-05-11 02:15:18,-55.5162,1.9210548,-58.729572,10.043548,862.28564,-0.009099456,21774.756702439125,101.0,S_1968
2024-05-11 02:15:19,-55.541992,1.916935,-58.785526,10.001583,862.28564,-0.008512631,21789.041966003155,101.0,S_1968
2024-05-11 02:15:20,-55.567776,1.9128094,-58.84148,9.966612,862.26715,-0.007925807,21804.591328676077,101.0,S_1968
2024-05-11 02:15:21,-55.593548,1.908678,-58.89743,9.924647,862.26154,-0.005524468,21838.41904950821,101.0,S_1968
2024-05-11 02:15:22,-55.619312,1.9045391,-58.953384,9.889677,862.32635,-0.006441178,21859.153128616817,101.0,S_1968
2024-05-11 02:15:23,-55.64506,1.9003963,-59.01633,9.8477125,862.4356,-0.0055146874,21900.63644549554,101.0,S_1968
2024-05-11 02:15:24,-55.6708,1.896246,-59.072285,9.812741,862.49493,-0.0074625714,21920.2274007054,101.0,S_1968
2024-05-11 02:15:25,-55.69653,1.8920898,-59.12824,9.777771,862.4838,-0.007979043,21936.421300976428,101.0,S_1968
2024-05-11 02:15:26,-55.722244,1.8879261,-59.184193,9.742801,862.4671,-0.007846466,21952.42951220327,101.0,S_1968
2024-05-11 02:15:27,-55.74795,1.8837585,-59.240143,9.700836,862.469,-0.008814426,21963.4462516552,101.0,S_1968
2024-05-11 02:15:28,-55.773643,1.8795834,-59.296097,9.658871,862.47455,-0.010179194,21966.68745348685,101.0,S_1968
2024-05-11 02:15:29,-55.799328,1.8754025,-59.35205,9.6239,862.4764,-0.010983551,21961.719381957428,101.0,S_1968
2024-05-11 02:15:30,-55.825,1.8712158,-59.408,9.581936,862.47455,-0.011977341,21953.163662917963,101.0,S_1968
2024-05-11 02:15:31,-55.850662,1.8670235,-59.463955,9.546966,862.4727,-0.012239972,21939.79146838885,101.0,S_1968
2024-05-11 02:15:32,-55.876312,1.8628254,-59.51991,9.505001,862.47455,-0.0104100155,21941.46609831702,101.0,S_1968
2024-05-11 02:15:33,-55.90195,1.8586197,-59.575863,9.47003,862.4783,-0.009194287,21948.398082137377,101.0,S_1968
2024-05-11 02:15:34,-55.927578,1.8544083,-59.631813,9.428065,862.47455,-0.008955732,21964.854836788894,101.0,S_1968
2024-05-11 02:15:35,-55.953194,1.8501911,-59.680775,9.386101,862.4598,-0.009405375,21965.46555222731,101.0,S_1968
2024-05-11 02:15:36,-55.9788,1.8459682,-59.736725,9.3511305,862.4764,-0.010400582,21964.315560341292,101.0,S_1968
2024-05-11 02:15:37,-56.004395,1.8417377,-59.79268,9.309165,862.5523,-0.01131599,21950.241925024467,101.0,S_1968
2024-05-11 02:15:38,-56.029976,1.8375034,-59.855625,9.2672,862.64124,-0.009319566,21966.54387831794,101.0,S_1968
2024-05-11 02:15:39,-56.05555,1.8332615,-59.91158,9.23223,862.68384,-0.0073231426,21985.86909628154,101.0,S_1968
2024-05-11 02:15:40,-56.081112,1.8290138,-59.967533,9.190266,862.67645,-0.00995765,21996.320932298608,101.0,S_1968
2024-05-11 02:15:41,-56.106663,1.8247604,-60.01649,9.148301,862.6653,-0.007129899,22011.709690888412,101.0,S_1968
2024-05-11 02:15:42,-56.1322,1.8204994,-60.072445,9.11333,862.6671,-0.007132662,22032.264449143346,101.0,S_1968
2024-05-11 02:15:43,-56.157726,1.8162346,-60.128395,9.071365,862.6709,-0.012289128,22010.927325741148,101.0,S_1968
2024-05-11 02:15:44,-56.183243,1.8119621,-60.19134,9.029401,862.669,-0.010610966,22010.747772015835,101.0,S_1968
2024-05-11 02:15:45,-56.20875,1.807684,-60.25429,8.994431,862.6671,-0.009369364,22030.73063112594,101.0,S_1968
2024-05-11 02:15:46,-56.234245,1.8033981,-60.30325,8.952466,862.6671,-0.008127762,22038.51244966228,101.0,S_1968
2024-05-11 02:15:47,-56.259727,1.7991085,-60.359203,8.910501,862.67267,-0.011729667,22038.39417442291,101.0,S_1968
2024-05-11 02:15:48,-56.2852,1.7948112,-60.40816,8.868536,862.67645,-0.010487178,22030.46486474775,101.0,S_1968
2024-05-11 02:15:49,-56.31066,1.7905102,-60.464115,8.826571,862.669,-0.008577596,22036.47467338909,101.0,S_1968
2024-05-11 02:15:50,-56.336113,1.7862015,-60.52706,8.784607,862.6486,-0.009230792,22051.99279395165,101.0,S_1968
2024-05-11 02:15:51,-56.36155,1.781887,-60.583015,8.742642,862.6709,-0.010084812,22054.270787703077,101.0,S_1968
2024-05-11 02:15:52,-56.38698,1.777565,-60.638966,8.700678,862.7709,-0.00917859,22062.549671197547,101.0,S_1968
2024-05-11 02:15:53,-56.412395,1.7732391,-60.69492,8.658713,862.8653,-0.013747411,22040.468448215273,101.0,S_1968
2024-05-11 02:15:54,-56.4378,1.7689056,-60.750874,8.616748,862.882,-0.010105055,22043.801587323513,101.0,S_1968
2024-05-11 02:15:55,-56.463196,1.7645664,-60.806824,8.581778,862.86346,-0.010781644,22047.742385655423,101.0,S_1968
2024-05-11 02:15:56,-56.48858,1.7602215,-60.855785,8.539813,862.8579,-0.01119197,22035.069900669372,101.0,S_1968
2024-05-11 02:15:57,-56.51395,1.7558689,-60.911736,8.4978485,862.86346,-0.012596582,22011.306894931506,101.0,S_1968
2024-05-11 02:15:58,-56.53931,1.7515125,-60.974686,8.455884,862.8653,-0.01227304,22006.513617521818,101.0,S_1968
2024-05-11 02:15:59,-56.564663,1.7471485,-61.030636,8.4139185,862.8653,-0.011949498,21996.31047365829,101.0,S_1968
2024-05-11 02:16:00,-56.59,1.7427788,-61.08659,8.371954,862.86346,-0.011880335,21984.9207836081,101.0,S_1968
2024-05-11 02:16:01,-56.61541,1.7384262,-61.142544,8.322995,862.86163,-0.011879507,21985.271765678914,101.0,S_1968
2024-05-11 02:16:02,-56.640804,1.734066,-61.1915,8.281031,862.8653,-0.013855258,21954.87677653248,101.0,S_1968
2024-05-11 02:16:03,-56.666187,1.7297001,-61.247456,8.239066,862.8672,-0.013856638,21931.99568193259,101.0,S_1968
2024-05-11 02:16:04,-56.691555,1.7253246,-61.303406,8.197102,862.8561,-0.017953273,21881.94137343624,101.0,S_1968
2024-05-11 02:16:05,-56.71691,1.7209454,-61.35936,8.155137,862.8505,-0.017958144,21831.85524924709,101.0,S_1968
2024-05-11 02:16:06,-56.74225,1.7165585,-61.415314,8.113172,862.8986,-0.015862174,21793.508815668538,101.0,S_1968
2024-05-11 02:16:07,-56.76758,1.7121639,-61.471268,8.064213,862.98755,-0.015865058,21758.756216159112,101.0,S_1968
2024-05-11 02:16:08,-56.79289,1.7077618,-61.527218,8.022248,863.05975,-0.011831784,21749.232202264764,101.0,S_1968
2024-05-11 02:16:09,-56.818188,1.7033539,-61.58317,7.9802837,863.07275,-0.011831146,21739.704564990938,101.0,S_1968
2024-05-11 02:16:10,-56.84347,1.6989403,-61.639126,7.938319,863.0579,-0.01244778,21724.42624842686,101.0,S_1968
2024-05-11 02:16:11,-56.868744,1.694519,-61.695076,7.8893604,863.05426,-0.01244763,21712.254795910136,101.0,S_1968
2024-05-11 02:16:12,-56.894,1.6900902,-61.75103,7.847396,863.0579,-0.012075449,21701.07342747447,101.0,S_1968
2024-05-11 02:16:13,-56.919243,1.6856537,-61.806984,7.805431,863.05975,-0.012074483,21698.690221695535,101.0,S_1968
2024-05-11 02:16:14,-56.944473,1.6812115,-61.85594,7.7634664,863.0579,-0.013896216,21666.119075562725,101.0,S_1968
2024-05-11 02:16:15,-56.96969,1.6767635,-61.911896,7.7145076,863.0561,-0.013894661,21644.332395285277,101.0,S_1968
2024-05-11 02:16:16,-56.99489,1.6723061,-61.96785,7.672543,863.0579,-0.012041003,21633.335537832863,101.0,S_1968
2024-05-11 02:16:17,-57.020077,1.6678448,-62.0238,7.630578,863.0653,-0.012038155,21612.014302738648,101.0,S_1968
2024-05-11 02:16:18,-57.04525,1.663374,-62.08675,7.5816193,863.0635,-0.009970835,21623.615136665565,101.0,S_1968
2024-05-11 02:16:19,-57.07041,1.6588974,-62.1427,7.5396547,863.0468,-0.009966724,21632.110185744546,101.0,S_1968
2024-05-11 02:16:20,-57.095554,1.6544132,-62.191658,7.490696,863.0394,-0.008983813,21635.245655185627,101.0,S_1968
2024-05-11 02:16:21,-57.12069,1.6499233,-62.247612,7.4487314,863.10425,-0.008979202,21643.253843223425,101.0,S_1968
2024-05-11 02:16:22,-57.145805,1.6454258,-62.303566,7.399772,863.2154,-0.007268941,21665.154709244292,101.0,S_1968
2024-05-11 02:16:23,-57.17091,1.6409225,-62.35952,7.3578076,863.27277,-0.007263026,21684.692154561206,101.0,S_1968
2024-05-11 02:16:24,-57.196,1.6364117,-62.41547,7.308849,863.2616,-0.0074218074,21705.538523890555,101.0,S_1968
2024-05-11 02:16:25,-57.221077,1.6318932,-62.471424,7.2668843,863.2468,-0.007416139,21729.317340300342,101.0,S_1968
2024-05-11 02:16:26,-57.24614,1.6273689,-62.520382,7.2179255,863.25055,-0.0070311143,21744.365019914934,101.0,S_1968
2024-05-11 02:16:27,-57.271187,1.6228371,-62.576336,7.168967,863.2543,-0.0070251734,21762.567801172685,101.0,S_1968
2024-05-11 02:16:28,-57.296223,1.6182995,-62.639282,7.127002,863.2543,-0.004732668,21806.474333181224,101.0,S_1968
2024-05-11 02:16:29,-57.321243,1.6137543,-62.695236,7.078043,863.2524,-0.004724862,21844.421751216585,101.0,S_1968
2024-05-11 02:16:30,-57.346252,1.6092014,-62.75119,7.029084,863.2524,-0.004313687,21885.648618465457,101.0,S_1968
2024-05-11 02:16:31,-57.371243,1.6046429,-62.80714,6.9871197,863.2524,-0.004305583,21927.997062985087,101.0,S_1968
2024-05-11 02:16:32,-57.39622,1.6000767,-62.856102,6.938161,863.2524,-0.0065318034,21946.314544085315,101.0,S_1968
2024-05-11 02:16:33,-57.42119,1.5955048,-62.912052,6.889202,863.2524,-0.0065255333,21972.883453265324,101.0,S_1968
2024-05-11 02:16:34,-57.44614,1.5909252,-62.968006,6.8472376,863.25793,-0.0071519758,21992.976579245857,101.0,S_1968
2024-05-11 02:16:35,-57.471077,1.586338,-63.02396,6.798279,863.2524,-0.0071462067,22014.540360335763,101.0,S_1968
2024-05-11 02:16:36,-57.496002,1.5817451,-63.079914,6.74932,863.23016,-0.0071453634,22036.093452431945,101.0,S_1968
2024-05-11 02:16:37,-57.52091,1.5771446,-63.135864,6.700361,863.23016,-0.0071395696,22057.65958125396,101.0,S_1968
2024-05-11 02:16:38,-57.545807,1.5725365,-63.19182,6.651402,863.30054,-0.00720464,22078.77416534921,101.0,S_1968
2024-05-11 02:16:39,-57.570686,1.5679226,-63.247772,6.602443,863.4098,-0.0072003463,22099.901157724275,101.0,S_1968
2024-05-11 02:16:40,-57.595554,1.563303,-63.303722,6.5534844,863.4672,-0.007453541,22120.200144041555,101.0,S_1968
2024-05-11 02:16:41,-57.62041,1.5586758,-63.359676,6.51152,863.4561,-0.0074495217,22138.169752100122,101.0,S_1968
2024-05-11 02:16:42,-57.645252,1.5540409,-63.41563,6.462561,863.4431,-0.007536215,22156.98522621431,101.0,S_1968
2024-05-11 02:16:43,-57.67008,1.5493984,-63.471584,6.4136024,863.445,-0.007532485,22181.226478692675,101.0,S_1968
2024-05-11 02:16:44,-57.69489,1.5447502,-63.520542,6.3646436,863.44867,-0.007457705,22193.134972439024,101.0,S_1968
2024-05-11 02:16:45,-57.71969,1.5400963,-63.576496,6.315685,863.44867,-0.00745398,22211.45123861397,101.0,S_1968
2024-05-11 02:16:46,-57.744473,1.5354328,-63.632446,6.259732,863.4469,-0.0065689026,22238.10298957122,101.0,S_1968
2024-05-11 02:16:47,-57.769245,1.5307655,-63.6884,6.210773,863.445,-0.0065643215,22268.05382393236,101.0,S_1968
2024-05-11 02:16:48,-57.794,1.5260887,-63.73736,6.161814,863.44867,-0.0068728607,22283.8106245734,101.0,S_1968
2024-05-11 02:16:49,-57.818745,1.5214062,-63.793312,6.1128554,863.4524,-0.006868525,22306.95679405425,101.0,S_1968
2024-05-11 02:16:50,-57.84347,1.516716,-63.849266,6.0638967,863.4469,-0.0067778197,22330.690799392374,101.0,S_1968
2024-05-11 02:16:51,-57.868187,1.5120201,-63.905216,6.014938,863.4283,-0.0066871145,22359.823101779817,101.0,S_1968
2024-05-11 02:16:52,-57.89289,1.5073166,-63.954178,5.965979,863.45056,-0.006110342,22379.813602411967,101.0,S_1968
2024-05-11 02:16:53,-57.917576,1.5026073,-64.01013,5.910026,863.5487,-0.006103513,22409.42578588408,101.0,S_1968
2024-05-11 02:16:54,-57.94225,1.4978905,-64.066086,5.8610673,863.645,-0.0065282197,22434.743887274584,101.0,S_1968
2024-05-11 02:16:55,-57.96691,1.493166,-64.12203,5.8121085,863.6617,-0.0065219807,22460.067679545766,101.0,S_1968
2024-05-11 02:16:56,-57.991554,1.4884357,-64.177986,5.7631497,863.6413,-0.0063098716,22485.982457829083,101.0,S_1968
2024-05-11 02:16:57,-58.01619,1.4836979,-64.23394,5.7071967,863.63385,-0.006387761,22513.59985712621,101.0,S_1968
2024-05-11 02:16:58,-58.040806,1.4789543,-64.289894,5.658238,863.63947,-0.0055900062,22544.369140863917,101.0,S_1968
2024-05-11 02:16:59,-58.06541,1.4742031,-64.34585,5.6022854,863.6432,-0.005667312,22576.744289117105,101.0,S_1968
2024-05-11 02:17:00,-58.09,1.4694443,-64.4018,5.553326,863.6432,-0.0060933772,22604.047642302245,101.0,S_1968
2024-05-11 02:17:01,-58.11474,1.4647102,-64.457756,5.4973736,863.6413,-0.0062205694,22632.686804878937,101.0,S_1968
2024-05-11 02:17:02,-58.13946,1.4599705,-64.5137,5.448415,863.6432,-0.0064547956,22657.483925696317,101.0,S_1968
2024-05-11 02:17:03,-58.16416,1.4552212,-64.56966,5.392462,863.6413,-0.0062939683,22685.578576824802,101.0,S_1968
2024-05-11 02:17:04,-58.188843,1.4504642,-64.62561,5.343503,863.6413,-0.0060704066,22717.25502946603,101.0,S_1968
2024-05-11 02:17:05,-58.213505,1.4456997,-64.67457,5.28755,863.645,-0.0063452874,22737.63900061672,101.0,S_1968
2024-05-11 02:17:06,-58.23815,1.4409256,-64.73052,5.238591,863.64685,-0.00553973,22768.56844901374,101.0,S_1968
2024-05-11 02:17:07,-58.26277,1.4361458,-64.786476,5.182638,863.6302,-0.005726718,22803.6999810493,101.0,S_1968
2024-05-11 02:17:08,-58.287376,1.4313564,-64.835434,5.1266856,863.6135,-0.0060118847,22825.50181231928,101.0,S_1968
2024-05-11 02:17:09,-58.311962,1.4265594,-64.89139,5.0707326,863.645,-0.0062234043,22853.916794394925,101.0,S_1968
2024-05-11 02:17:10,-58.33653,1.4217548,-64.94734,5.021774,863.7469,-0.0070064003,22874.81453727858,101.0,S_1968
2024-05-11 02:17:11,-58.361073,1.4169426,-65.003296,4.965821,863.8395,-0.006976673,22898.165920677373,101.0,S_1968
2024-05-11 02:17:12,-58.3856,1.4121227,-65.05925,4.916862,863.85614,-0.007480838,22921.128122942184,101.0,S_1968
2024-05-11 02:17:13,-58.410107,1.4072933,-65.10821,4.860909,863.83575,-0.007109617,22935.399758104846,101.0,S_1968
2024-05-11 02:17:14,-58.434593,1.4024563,-65.16416,4.804956,863.8321,-0.007464795,22954.541529709662,101.0,S_1968
2024-05-11 02:17:15,-58.45906,1.3976135,-65.22011,4.7490034,863.83765,-0.008086125,22969.443867757855,101.0,S_1968
2024-05-11 02:17:16,-58.48351,1.3927593,-65.27606,4.6930504,863.8395,-0.0065917107,22989.657433731758,101.0,S_1968
2024-05-11 02:17:17,-58.50794,1.3878994,-65.33901,4.6370974,863.83765,-0.0068423734,23020.207646534698,101.0,S_1968
2024-05-11 02:17:18,-58.53235,1.3830318,-65.394966,4.5811443,863.83575,-0.0067903963,23048.650268816138,101.0,S_1968
2024-05-11 02:17:19,-58.55674,1.3781548,-65.443924,4.525192,863.83575,-0.006800896,23064.894588505776,101.0,S_1968
2024-05-11 02:17:20,-58.58111,1.373272,-65.49988,4.4692388,863.8395,-0.0067254496,23088.890915065003,101.0,S_1968
2024-05-11 02:17:21,-58.60546,1.3683796,-65.55583,4.4132857,863.8413,-0.0068609286,23111.95330825694,101.0,S_1968
2024-05-11 02:17:22,-58.62979,1.3634796,-65.61178,4.3573327,863.8265,-0.009171484,23125.917801477663,101.0,S_1968
2024-05-11 02:17:23,-58.654106,1.358572,-65.66074,4.30138,863.81915,-0.01138389,23119.28635545942,101.0,S_1968
2024-05-11 02:17:24,-58.6784,1.3536549,-65.7097,4.245427,863.8821,-0.011184877,23104.41651341782,101.0,S_1968
2024-05-11 02:17:25,-58.70267,1.348732,-65.765656,4.18248,863.99133,-0.010507186,23104.210591469615,101.0,S_1968
2024-05-11 02:17:26,-58.726925,1.3437996,-65.8216,4.1265273,864.05615,-0.009829495,23107.1227064912,101.0,S_1968
2024-05-11 02:17:27,-58.75116,1.3388596,-65.877556,4.0705743,864.0524,-0.010463842,23105.74739188021,101.0,S_1968
2024-05-11 02:17:28,-58.775375,1.3339119,-65.93351,4.0146213,864.0303,-0.011098189,23100.079318558448,101.0,S_1968
2024-05-11 02:17:29,-58.799572,1.3289566,-65.98946,3.9586685,864.0265,-0.011732536,23088.64353419331,101.0,S_1968
2024-05-11 02:17:30,-58.82375,1.3239937,-66.04542,3.8957214,864.03204,-0.011777428,23079.77989963994,101.0,S_1968
2024-05-11 02:17:31,-58.847904,1.3190212,-66.10137,3.8397684,864.03204,-0.011958906,23068.265118702864,101.0,S_1968
2024-05-11 02:17:32,-58.872044,1.3140411,-66.157326,3.7838156,864.03204,-0.01262353,23059.547617961438,101.0,S_1968
2024-05-11 02:17:33,-58.89616,1.3090534,-66.20628,3.7208686,864.03204,-0.009520733,23065.431101310434,101.0,S_1968
2024-05-11 02:17:34,-58.920258,1.3040581,-66.25524,3.6649156,864.03204,-0.008836794,23072.78226419872,101.0,S_1968
2024-05-11 02:17:35,-58.94434,1.2990551,-66.3042,3.6019685,864.0303,-0.010437787,23056.87130591186,101.0,S_1968
2024-05-11 02:17:36,-58.9684,1.2940445,-66.36715,3.5390215,864.03204,-0.007076573,23086.71173476185,101.0,S_1968
2024-05-11 02:17:37,-58.99244,1.2890244,-66.423096,3.4830687,864.0376,-0.009883526,23087.835250873886,101.0,S_1968
2024-05-11 02:17:38,-59.01646,1.2839985,-66.47905,3.4201217,864.0376,-0.0032455572,23136.15994366242,101.0,S_1968
2024-05-11 02:17:39,-59.04046,1.2789631,-66.535,3.3641686,864.0191,-0.005701298,23165.85660276278,101.0,S_1968
2024-05-11 02:17:40,-59.06444,1.27392,-66.59096,3.3012216,864.01355,-0.0052651055,23203.61998755563,101.0,S_1968
2024-05-11 02:17:41,-59.088406,1.2688675,-66.639915,3.2382746,864.07837,-0.007315847,23222.596872131995,101.0,S_1968
2024-05-11 02:17:42,-59.112347,1.2638092,-66.68887,3.1823218,864.1876,-0.0044795433,23253.392409211945,101.0,S_1968
2024-05-11 02:17:43,-59.136272,1.2587433,-66.74483,3.1193748,864.24506,-0.0063373363,23284.510723491556,101.0,S_1968
2024-05-11 02:17:44,-59.160175,1.2536678,-66.793785,3.0564277,864.23584,-0.0062462655,23304.598957521644,101.0,S_1968
2024-05-11 02:17:45,-59.18406,1.2485847,-66.84974,2.9934807,864.221,-0.006239253,23331.866939917687,101.0,S_1968
2024-05-11 02:17:46,-59.207924,1.243494,-66.90569,2.9305336,864.22284,-0.006295741,23359.462019630748,101.0,S_1968
2024-05-11 02:17:47,-59.23177,1.2383957,-66.96165,2.8745809,864.2284,-0.0062902276,23389.364309444994,101.0,S_1968
2024-05-11 02:17:48,-59.255596,1.2332878,-67.010605,2.8116338,864.2284,-0.005683228,23412.46991990592,101.0,S_1968
2024-05-11 02:17:49,-59.279404,1.2281742,-67.06656,2.7416925,864.22656,-0.0056754234,23444.86922710676,101.0,S_1968
2024-05-11 02:17:50,-59.303192,1.2230511,-67.12251,2.6787455,864.22656,-0.005265009,23478.636236325146,101.0,S_1968
2024-05-11 02:17:51,-59.32696,1.2179203,-67.17846,2.6157985,864.22656,-0.0052563236,23512.41867720438,101.0,S_1968
2024-05-11 02:17:52,-59.350708,1.2127819,-67.23441,2.5528514,864.2247,-0.004754103,23552.95828141591,101.0,S_1968
2024-05-11 02:17:53,-59.37444,1.2076359,-67.28337,2.4899044,864.22656,-0.0047475435,23583.030881811945,101.0,S_1968
2024-05-11 02:17:54,-59.398148,1.2024822,-67.339325,2.4269574,864.2321,-0.0049478896,23618.20695385797,101.0,S_1968
2024-05-11 02:17:55,-59.421837,1.197319,-67.39528,2.3570163,864.2247,-0.0049387305,23655.426214309493,101.0,S_1968
2024-05-11 02:17:56,-59.445507,1.1921482,-67.45123,2.2940693,864.20245,-0.0049332934,23694.747229879413,101.0,S_1968
2024-05-11 02:17:57,-59.46916,1.1869717,-67.50019,2.2311223,864.2043,-0.0049270703,23723.485328206294,101.0,S_1968
2024-05-11 02:17:58,-59.49279,1.1817856,-67.556145,2.1681752,864.27466,-0.004776223,23759.7262922924,101.0,S_1968
2024-05-11 02:17:59,-59.516403,1.17659,-67.6121,2.0982342,864.3839,-0.0047670836,23797.974820816977,101.0,S_1968
2024-05-11 02:18:00,-59.539997,1.1713886,-67.66805,2.0352871,864.4395,-0.0053810487,23830.62700152156,101.0,S_1968
2024-05-11 02:18:01,-59.563652,1.166235,-67.72401,1.9723401,864.43024,-0.0053726668,23866.390248085132,101.0,S_1968
2024-05-11 02:18:02,-59.587288,1.1610718,-67.772964,1.902399,864.41547,-0.0055655893,23895.244738743506,101.0,S_1968
2024-05-11 02:18:03,-59.610897,1.155899,-67.82192,1.8324578,864.4191,-0.005558378,23924.121930565685,101.0,S_1968
2024-05-11 02:18:04,-59.634487,1.1507168,-67.87088,1.7625166,864.42285,-0.005431552,23950.629039053652,101.0,S_1968
2024-05-11 02:18:05,-59.658054,1.145525,-67.926834,1.6995697,864.421,-0.005424028,23982.82565263086,101.0,S_1968
2024-05-11 02:18:06,-59.6816,1.1403217,-67.98279,1.6366227,864.421,-0.005548007,24013.488581331258,101.0,S_1968
2024-05-11 02:18:07,-59.70512,1.135109,-68.03874,1.5666815,864.421,-0.0055386806,24049.43781310822,101.0,S_1968
2024-05-11 02:18:08,-59.72862,1.1298866,-68.0877,1.4967403,864.421,-0.004216306,24083.55336892815,101.0,S_1968
2024-05-11 02:18:09,-59.752098,1.1246548,-68.143654,1.4267992,864.4191,-0.0041164886,24125.36612842125,101.0,S_1968
2024-05-11 02:18:10,-59.775555,1.1194134,-68.1996,1.3568581,864.421,-0.003784557,24169.85598247709,101.0,S_1968
2024-05-11 02:18:11,-59.798985,1.1141624,-68.255554,1.2939111,864.4266,-0.0029685784,24218.099779969376,101.0,S_1968
2024-05-11 02:18:12,-59.8224,1.1089001,-68.31151,1.2239699,864.421,-0.0028859181,24267.89237055757,101.0,S_1968
2024-05-11 02:18:13,-59.845787,1.1036282,-68.36746,1.1470346,864.40063,-0.0027605582,24322.181991720125,101.0,S_1968
2024-05-11 02:18:14,-59.869152,1.0983467,-68.41642,1.0770935,864.42285,-0.0029114133,24367.479179709793,101.0,S_1968
2024-05-11 02:18:15,-59.892498,1.0930557,-68.46538,1.0141464,864.521,-0.0022065495,24415.33552714957,101.0,S_1968
2024-05-11 02:18:16,-59.91582,1.0877552,-68.514336,0.94420534,864.6173,-0.0015016859,24467.645966773183,101.0,S_1968
2024-05-11 02:18:17,-59.93912,1.0824432,-68.57029,0.8672701,864.64325,-0.001302137,24530.76051765749,101.0,S_1968
2024-05-11 02:18:18,-59.9624,1.0771217,-68.61925,0.79732895,864.62476,-0.0011745174,24585.42013208422,101.0,S_1968
2024-05-11 02:18:19,-59.985653,1.0717907,-68.6752,0.72738785,864.60986,-9.553542e-05,24654.408688923464,101.0,S_1968
2024-05-11 02:18:20,-60.00889,1.0664501,-68.731155,0.65045255,864.61365,-0.00055983436,24721.553341381656,101.0,S_1968
2024-05-11 02:18:21,-60.032097,1.0611,-68.78711,0.58051145,864.6173,-0.0010241333,24784.08620021804,101.0,S_1968
2024-05-11 02:18:22,-60.055286,1.0557404,-68.84306,0.5105703,864.6154,-0.0018292692,24842.34141549762,101.0,S_1968
2024-05-11 02:18:23,-60.078453,1.0503693,-68.89202,0.44062915,864.6154,-0.0015646112,24895.00597347035,101.0,S_1968
2024-05-11 02:18:24,-60.101597,1.0449886,-68.94098,0.36369392,864.6154,-0.0028764661,24938.795805388952,101.0,S_1968
2024-05-11 02:18:25,-60.12472,1.0395985,-68.99693,0.28675866,864.6154,-0.004188321,24980.868248327984,101.0,S_1968
2024-05-11 02:18:26,-60.14782,1.0341988,-69.05289,0.21681753,864.61365,-0.0021416314,25036.741627763866,101.0,S_1968
2024-05-11 02:18:27,-60.1709,1.0287895,-69.101845,0.13988228,864.6192,-0.0021308973,25085.59954354606,101.0,S_1968
2024-05-11 02:18:28,-60.193954,1.0233688,-69.1578,0.06294703,864.62286,-0.0020533798,25143.6143749628,101.0,S_1968
2024-05-11 02:18:29,-60.216988,1.0179405,-69.20676,359.99402,864.6154,-0.002190415,25190.405821991295,101.0,S_1968
2024-05-11 02:18:30,-60.239998,1.0125008,-69.26271,359.91708,864.5951,-0.0023274503,25244.69873684935,101.0,S_1968
2024-05-11 02:18:31,-60.262985,1.0070515,-69.318665,359.84015,864.6173,-0.0023156505,25300.628390887545,101.0,S_1968
2024-05-11 02:18:32,-60.285954,1.0015907,-69.36762,359.7632,864.7173,-0.0024472314,25348.780050788424,101.0,S_1968
2024-05-11 02:18:33,-60.3089,0.99612236,-69.41658,359.68628,864.81177,-0.0024373985,25395.265430059335,101.0,S_1968
2024-05-11 02:18:34,-60.33182,0.99064445,-69.472534,359.60934,864.8303,-0.0028436016,25445.79270649699,101.0,S_1968
2024-05-11 02:18:35,-60.35472,0.9851551,-69.52849,359.5324,864.80994,-0.0032498045,25496.12475205626,101.0,S_1968
2024-05-11 02:18:36,-60.377598,0.9796562,-69.577446,359.46246,864.8025,-0.003368858,25534.667082545853,101.0,S_1968
2024-05-11 02:18:37,-60.40045,0.9741478,-69.6334,359.38553,864.80804,-0.0033586046,25581.08461604988,101.0,S_1968
2024-05-11 02:18:38,-60.423286,0.9686279,-69.68935,359.3016,864.81177,-0.0032598937,25629.89874159134,101.0,S_1968
2024-05-11 02:18:39,-60.4461,0.96310043,-69.7453,359.22467,864.80994,-0.0031611829,25679.766544564493,101.0,S_1968
2024-05-11 02:18:40,-60.468887,0.9575615,-69.79426,359.14075,864.80994,-0.003062472,25725.121560162966,101.0,S_1968
2024-05-11 02:18:41,-60.491653,0.9520149,-69.84322,359.0638,864.80994,-0.002963761,25769.69815233345,101.0,S_1968
2024-05-11 02:18:42,-60.514397,0.9464569,-69.89218,358.98688,864.80994,-0.003503004,25808.025358625753,101.0,S_1968
2024-05-11 02:18:43,-60.53712,0.94088745,-69.948135,358.90295,864.80804,-0.0034920059,25855.011702552994,101.0,S_1968
2024-05-11 02:18:44,-60.559822,0.93531036,-70.00408,358.82602,864.8136,-0.003631346,25902.145110754616,101.0,S_1968
2024-05-11 02:18:45,-60.582497,0.92972183,-70.05305,358.74908,864.8155,-0.003406037,25943.3728535085,101.0,S_1968
2024-05-11 02:18:46,-60.605152,0.9241257,-70.102005,358.66516,864.7988,-0.0027156437,25990.280241130105,101.0,S_1968
2024-05-11 02:18:47,-60.62779,0.91851807,-70.15096,358.5812,864.7821,-0.002401566,26037.49384674445,101.0,S_1968
2024-05-11 02:18:48,-60.6504,0.9129009,-70.20692,358.49728,864.8136,-0.0022377635,26092.615190947698,101.0,S_1968
2024-05-11 02:18:49,-60.67299,0.90727425,-70.26287,358.41336,864.91364,-0.0027354346,26144.200818485515,101.0,S_1968
2024-05-11 02:18:50,-60.695553,0.9016361,-70.31882,358.32944,865.0062,-0.0028775744,26197.068564446632,101.0,S_1968
2024-05-11 02:18:51,-60.718098,0.89598846,-70.36778,358.2525,865.0229,-0.002769539,26242.07083510397,101.0,S_1968
2024-05-11 02:18:52,-60.74062,0.8903332,-70.41674,358.16858,865.0044,-0.0023021067,26289.742535874437,101.0,S_1968
2024-05-11 02:18:53,-60.76312,0.88466644,-70.47269,358.08463,865.0007,-0.0026829327,26341.161623243013,101.0,S_1968
2024-05-11 02:18:54,-60.7856,0.8789902,-70.52864,357.9937,865.0044,-0.0026373873,26396.33657276583,101.0,S_1968
2024-05-11 02:18:55,-60.808052,0.87330246,-70.5776,357.9098,865.0062,-0.0035528478,26437.581274362914,101.0,S_1968
2024-05-11 02:18:56,-60.830486,0.8676071,-70.626564,357.82587,865.0044,-0.0039077085,26476.5641741068,101.0,S_1968
2024-05-11 02:18:57,-60.852898,0.8619003,-70.67552,357.7419,865.0044,-0.0042625694,26510.34139073191,101.0,S_1968
2024-05-11 02:18:58,-60.875286,0.856184,-70.731476,357.658,865.0044,-0.003829766,26553.383278847985,101.0,S_1968
2024-05-11 02:18:59,-60.897655,0.85045815,-70.78742,357.56708,865.0044,-0.0033969625,26601.17590195147,101.0,S_1968
2024-05-11 02:19:00,-60.92,0.84472275,-70.843376,357.48315,865.0044,-0.0025266423,26655.37044372025,101.0,S_1968
2024-05-11 02:19:01,-60.942566,0.83898544,-70.892334,357.3992,865.00806,-0.0032115786,26698.08710478604,101.0,S_1968
2024-05-11 02:19:02,-60.965103,0.8332386,-70.9413,357.3083,865.00995,-0.003919705,26738.092265836618,101.0,S_1968
2024-05-11 02:19:03,-60.98761,0.8274822,-70.99026,357.22437,864.9932,-0.0037319425,26777.400075393078,101.0,S_1968
2024-05-11 02:19:04,-61.010086,0.8217144,-71.039215,357.13345,864.9877,-0.0031592103,26819.519195536697,101.0,S_1968
2024-05-11 02:19:05,-61.03253,0.81593704,-71.09517,357.0425,865.0488,-0.0033895457,26866.66989774235,101.0,S_1968
2024-05-11 02:19:06,-61.054947,0.81015015,-71.15112,356.9516,865.1599,-0.0031563158,26917.947903036547,101.0,S_1968
2024-05-11 02:19:07,-61.07733,0.8043537,-71.20008,356.86768,865.22296,-0.003288146,26957.668263207197,101.0,S_1968
2024-05-11 02:19:08,-61.099686,0.79854584,-71.256035,356.77673,865.22107,-0.0032160347,27008.067083133432,101.0,S_1968
2024-05-11 02:19:09,-61.12201,0.7927265,-71.30499,356.68582,865.1988,-0.0031439236,27051.781157515543,101.0,S_1968
2024-05-11 02:19:10,-61.144302,0.78689766,-71.35395,356.5879,865.1951,-0.0029489105,27098.450943056956,101.0,S_1968
2024-05-11 02:19:11,-61.166565,0.78105927,-71.40291,356.49698,865.1988,-0.00366721,27139.164028839037,101.0,S_1968
2024-05-11 02:19:12,-61.188797,0.77521133,-71.451866,356.40604,865.2007,-0.0032259552,27180.436423046733,101.0,S_1968
2024-05-11 02:19:13,-61.211,0.76935196,-71.50782,356.31512,865.1988,-0.0046786983,27218.08686323014,101.0,S_1968
2024-05-11 02:19:14,-61.23317,0.76348305,-71.563774,356.2242,865.1988,-0.0042813057,27260.84983794248,101.0,S_1968
2024-05-11 02:19:15,-61.25531,0.7576046,-71.61273,356.12628,865.1988,-0.0052315,27292.81693260962,101.0,S_1968
2024-05-11 02:19:16,-61.27742,0.7517147,-71.66169,356.03537,865.2007,-0.0052833753,27322.398078751517,101.0,S_1968
2024-05-11 02:19:17,-61.2995,0.7458153,-71.71065,355.93744,865.2007,-0.005326071,27353.687375462112,101.0,S_1968
2024-05-11 02:19:18,-61.32155,0.7399063,-71.759605,355.84653,865.1988,-0.005368767,27379.028401003892,101.0,S_1968
2024-05-11 02:19:19,-61.343567,0.7339859,-71.81556,355.7486,865.1988,-0.004943056,27415.292640588574,101.0,S_1968
2024-05-11 02:19:20,-61.365555,0.72805595,-71.87151,355.6507,865.2026,-0.0045173448,27458.13066781151,101.0,S_1968
2024-05-11 02:19:21,-61.38751,0.7221165,-71.92047,355.55975,865.20435,-0.0059746504,27483.082026929573,101.0,S_1968
2024-05-11 02:19:22,-61.409435,0.71616554,-71.96943,355.46185,865.18774,-0.0074319555,27498.99141322451,101.0,S_1968
2024-05-11 02:19:23,-61.43133,0.7102051,-72.01839,355.35693,865.1822,-0.007424181,27517.220942079195,101.0,S_1968
2024-05-11 02:19:24,-61.453197,0.70423317,-72.06735,355.259,865.2451,-0.006624921,27539.231702313373,101.0,S_1968
2024-05-11 02:19:25,-61.475033,0.69825363,-72.11631,355.1611,865.35443,-0.0066182483,27561.23441473978,101.0,S_1968
2024-05-11 02:19:26,-61.496838,0.69226074,-72.16527,355.06317,865.41736,-0.0051857205,27588.875328038368,101.0,S_1968
2024-05-11 02:19:27,-61.51861,0.6862602,-72.22122,354.96527,865.4155,-0.0051759593,27623.061034708255,101.0,S_1968
2024-05-11 02:19:28,-61.54035,0.68024826,-72.27717,354.86734,865.3933,-0.007282208,27646.297191415433,101.0,S_1968
2024-05-11 02:19:29,-61.562065,0.67422676,-72.32613,354.76242,865.38965,-0.005190513,27678.617899636578,101.0,S_1968
2024-05-11 02:19:30,-61.583748,0.6681938,-72.37509,354.66452,865.39514,-0.0046543935,27712.392355243683,101.0,S_1968
2024-05-11 02:19:31,-61.6054,0.66215324,-72.42405,354.5596,865.39514,-0.004118274,27751.45981404771,101.0,S_1968
2024-05-11 02:19:32,-61.627018,0.6561012,-72.47301,354.4617,865.3933,-0.0037764653,27788.330230900385,101.0,S_1968
2024-05-11 02:19:33,-61.64861,0.65003777,-72.52896,354.35678,865.3933,-0.0037005786,27833.4978809812,101.0,S_1968
2024-05-11 02:19:34,-61.67017,0.64396477,-72.584915,354.25186,865.3933,-0.0037484982,27880.7640767164,101.0,S_1968
2024-05-11 02:19:35,-61.6917,0.63788223,-72.63387,354.14694,865.39514,-0.0034598794,27923.3815304606,101.0,S_1968
2024-05-11 02:19:36,-61.713196,0.63178825,-72.68283,354.04205,865.3933,-0.0031712605,27967.808283799837,101.0,S_1968
2024-05-11 02:19:37,-61.734665,0.62568665,-72.73179,353.93713,865.3933,-0.0028826417,28014.05436897353,101.0,S_1968
2024-05-11 02:19:38,-61.756104,0.6195717,-72.78075,353.8322,865.3933,-0.0014055904,28070.70357678794,101.0,S_1968
2024-05-11 02:19:39,-61.77751,0.6134491,-72.822716,353.7273,865.397,-0.0011966942,28121.171492476467,101.0,S_1968
2024-05-11 02:19:40,-61.798885,0.60731506,-72.87167,353.6154,865.39886,-0.000987798,28180.149158826174,101.0,S_1968
2024-05-11 02:19:41,-61.820232,0.6011715,-72.92763,353.5105,865.3822,-0.0013275074,28241.71062949202,101.0,S_1968
2024-05-11 02:19:42,-61.84155,0.5950165,-72.983574,353.40558,865.37665,-0.0017072893,28301.417772948942,101.0,S_1968
2024-05-11 02:19:43,-61.86283,0.5888519,-73.03254,353.29367,865.43964,-0.002231915,28352.548192112634,101.0,S_1968
2024-05-11 02:19:44,-61.884087,0.58267784,-73.0815,353.18176,865.5507,-0.0019767075,28405.52570577125,101.0,S_1968
2024-05-11 02:19:45,-61.90531,0.5764923,-73.130455,353.07684,865.60815,-0.0017215,28457.410292374057,101.0,S_1968
2024-05-11 02:19:46,-61.926502,0.57029915,-73.18641,352.96494,865.5989,-0.00050613924,28525.999708620304,101.0,S_1968
2024-05-11 02:19:47,-61.947666,0.56409264,-73.23537,352.85303,865.5822,7.123541e-05,28591.88470991011,101.0,S_1968
2024-05-11 02:19:48,-61.968796,0.5578785,-73.27733,352.74115,865.5822,0.00023019774,28652.43689380875,101.0,S_1968
2024-05-11 02:19:49,-61.9899,0.5516529,-73.32629,352.62924,865.5896,-0.0007810218,28712.65200250467,101.0,S_1968
2024-05-11 02:19:50,-62.01097,0.5454178,-73.375244,352.51733,865.5896,0.0012278334,28785.90640257555,101.0,S_1968
2024-05-11 02:19:51,-62.03201,0.5391712,-73.42421,352.40543,865.58777,0.0012626223,28860.29035153566,101.0,S_1968
2024-05-11 02:19:52,-62.05302,0.5329151,-73.480156,352.28653,865.58777,0.0003958574,28935.547643189573,101.0,S_1968
2024-05-11 02:19:53,-62.073997,0.5266495,-73.52912,352.17462,865.5896,0.00030494487,29002.565674419733,101.0,S_1968
2024-05-11 02:19:54,-62.094948,0.5203724,-73.57808,352.05573,865.5896,0.00017470404,29069.91835487174,101.0,S_1968
2024-05-11 02:19:55,-62.115864,0.51408577,-73.62704,351.94382,865.58777,0.00027120917,29136.53918709359,101.0,S_1968
2024-05-11 02:19:56,-62.136753,0.5077896,-73.675995,351.82492,865.58777,0.00036771427,29205.022147928838,101.0,S_1968
2024-05-11 02:19:57,-62.157608,0.501482,-73.72495,351.706,865.58777,0.00012979779,29271.85209947371,101.0,S_1968
2024-05-11 02:19:58,-62.178436,0.49516487,-73.77391,351.5871,865.59143,0.001524024,29347.79596362223,101.0,S_1968
2024-05-11 02:19:59,-62.199234,0.4888382,-73.82287,351.4682,865.5933,0.00036140863,29415.976578494865,101.0,S_1968
2024-05-11 02:20:00,-62.219997,0.48250008,-73.871826,351.3493,865.5766,0.0018151929,29493.651004683452,101.0,S_1968
2024-05-11 02:20:01,-62.241222,0.47617722,-73.92079,351.2304,865.57104,0.0032689772,29581.20674416739,101.0,S_1968
2024-05-11 02:20:02,-62.2624,0.4698429,-73.96975,351.10452,865.63403,0.0032340921,29669.321394427916,101.0,S_1968
2024-05-11 02:20:03,-62.283535,0.46349907,-74.01871,350.98563,865.7452,0.003199207,29755.797926013227,101.0,S_1968
2024-05-11 02:20:04,-62.30462,0.45714378,-74.067665,350.8667,865.80255,0.0032412189,29842.83881587071,101.0,S_1968
2024-05-11 02:20:05,-62.325657,0.45077705,-74.11662,350.7408,865.79333,0.0032832306,29931.34478783907,101.0,S_1968
2024-05-11 02:20:06,-62.34665,0.44439888,-74.16558,350.61493,865.7767,0.0033252425,30019.620450298997,101.0,S_1968
2024-05-11 02:20:07,-62.36759,0.43800926,-74.21454,350.49603,865.7785,0.0033672543,30107.166192383353,101.0,S_1968
2024-05-11 02:20:08,-62.388485,0.4316101,-74.263504,350.37012,865.78406,0.0034092662,30196.185478891635,101.0,S_1968
2024-05-11 02:20:09,-62.409336,0.4251995,-74.31246,350.24423,865.78406,0.00401612,30289.115176054143,101.0,S_1968
2024-05-11 02:20:10,-62.430138,0.41877747,-74.36142,350.11835,865.78406,0.004560181,30382.691077978663,101.0,S_1968
2024-05-11 02:20:11,-62.45089,0.41234398,-74.40338,349.99246,865.7822,0.0051042414,30477.140550907996,101.0,S_1968
2024-05-11 02:20:12,-62.4716,0.40589905,-74.45234,349.85956,865.78406,0.0056483024,30578.32095172454,101.0,S_1968
2024-05-11 02:20:13,-62.492256,0.39944458,-74.49431,349.73367,865.78406,0.003969792,30667.460131882668,101.0,S_1968
2024-05-11 02:20:14,-62.51287,0.39297867,-74.55026,349.60077,865.78406,0.001710377,30752.103984808564,101.0,S_1968
2024-05-11 02:20:15,-62.533436,0.3865013,-74.59922,349.4679,865.78406,0.00024509197,30820.69499279572,101.0,S_1968
2024-05-11 02:20:16,-62.553955,0.3800125,-74.64818,349.335,865.78406,-0.00055211876,30883.893144992464,101.0,S_1968
2024-05-11 02:20:17,-62.574425,0.37351418,-74.697136,349.2091,865.7822,0.00020700111,30950.73475755608,101.0,S_1968
2024-05-11 02:20:18,-62.59485,0.3670044,-74.74609,349.07623,865.7822,0.0027456796,31035.810405857468,101.0,S_1968
2024-05-11 02:20:19,-62.615223,0.36048317,-74.79505,348.94333,865.78595,0.0032141595,31124.300415527912,101.0,S_1968
2024-05-11 02:20:20,-62.635555,0.3539505,-74.84401,348.80344,865.7877,0.0036826392,31214.423871153795,101.0,S_1968
2024-05-11 02:20:21,-62.655834,0.3474064,-74.88598,348.67056,865.7711,0.005518152,31311.72830415819,101.0,S_1968
2024-05-11 02:20:22,-62.67607,0.34085274,-74.93494,348.53766,865.76556,0.0042551225,31403.785146396058,101.0,S_1968
2024-05-11 02:20:23,-62.69626,0.33428764,-74.9769,348.4048,865.8285,0.0059386627,31504.35173741943,101.0,S_1968
2024-05-11 02:20:24,-62.7164,0.3277111,-75.025856,348.2649,865.93964,0.0003279109,31573.92012294597,101.0,S_1968
2024-05-11 02:20:25,-62.736492,0.32112312,-75.074814,348.12503,865.9971,0.0003444461,31643.275105559034,101.0,S_1968
2024-05-11 02:20:26,-62.75654,0.3145256,-75.11678,347.98514,865.9878,0.0039031333,31730.947543389066,101.0,S_1968
2024-05-11 02:20:27,-62.776535,0.30791473,-75.16574,347.84525,865.9711,0.0039234757,31824.534260690012,101.0,S_1968
2024-05-11 02:20:28,-62.796486,0.30129433,-75.2147,347.70538,865.973,0.003880174,31917.685604790488,101.0,S_1968
2024-05-11 02:20:29,-62.81639,0.29466248,-75.26366,347.5655,865.9785,0.0039050477,32011.333166823555,101.0,S_1968
2024-05-11 02:20:30,-62.83625,0.2880211,-75.312614,347.4186,865.9785,0.0022697495,32094.62880665099,101.0,S_1968
2024-05-11 02:20:31,-62.85606,0.28136635,-75.36158,347.27872,865.9785,0.0022939625,32175.562680537332,101.0,S_1968
2024-05-11 02:20:32,-62.87582,0.27470207,-75.40354,347.13187,865.9785,0.0012907302,32245.539091671893,101.0,S_1968
2024-05-11 02:20:33,-62.89554,0.26802635,-75.4455,346.985,865.9785,0.00028749797,32309.524558147274,101.0,S_1968
2024-05-11 02:20:34,-62.915203,0.2613392,-75.50146,346.8381,865.9785,-0.0007157343,32378.071585229223,101.0,S_1968
2024-05-11 02:20:35,-62.934826,0.2546425,-75.550415,346.6982,865.9785,-0.006948119,32400.112510377818,101.0,S_1968
2024-05-11 02:20:36,-62.9544,0.24793243,-75.592384,346.54434,865.9785,-0.0056080557,32428.09739257841,101.0,S_1968
2024-05-11 02:20:37,-62.973927,0.24121284,-75.634346,346.39746,865.9785,-0.0033660594,32468.22335016228,101.0,S_1968
2024-05-11 02:20:38,-62.993404,0.23448181,-75.67631,346.2436,865.9767,-0.0057756966,32491.544905588624,101.0,S_1968
2024-05-11 02:20:39,-63.012836,0.22773933,-75.72527,346.09674,865.9767,-0.0037001842,32535.171795809696,101.0,S_1968
2024-05-11 02:20:40,-63.032223,0.22098732,-75.767235,345.94287,865.98035,-0.002353671,32580.097328389264,101.0,S_1968
2024-05-11 02:20:41,-63.05156,0.21422386,-75.82319,345.796,865.98224,-0.0040083695,32627.3303718336,101.0,S_1968
2024-05-11 02:20:42,-63.07085,0.20744896,-75.86515,345.64212,865.9674,-0.0056630676,32650.5272374744,101.0,S_1968
2024-05-11 02:20:43,-63.09009,0.20066261,-75.91411,345.48825,865.96,-0.0056485543,32682.850639369844,101.0,S_1968
2024-05-11 02:20:44,-63.109287,0.19386482,-75.95608,345.33438,866.023,-0.0076828254,32695.708157729005,101.0,S_1968
2024-05-11 02:20:45,-63.128437,0.1870575,-75.99804,345.1735,866.13226,-0.0088382885,32698.21405587483,101.0,S_1968
2024-05-11 02:20:46,-63.147537,0.18023682,-76.047,345.01962,866.1971,-0.009993751,32695.982916188128,101.0,S_1968
2024-05-11 02:20:47,-63.16659,0.1734066,-76.095955,344.85876,866.19336,-0.009982765,32700.98443424413,101.0,S_1968
2024-05-11 02:20:48,-63.1856,0.16656685,-76.137924,344.6979,866.17114,-0.011117197,32686.523037160943,101.0,S_1968
2024-05-11 02:20:49,-63.20456,0.15971375,-76.18688,344.53705,866.1674,-0.011107413,32684.32121914824,101.0,S_1968
2024-05-11 02:20:50,-63.223473,0.1528511,-76.22884,344.37616,866.173,-0.023463016,32598.184134446914,101.0,S_1968
2024-05-11 02:20:51,-63.242336,0.14597702,-76.27081,344.2153,866.1748,-0.024846442,32488.559808797505,101.0,S_1968
2024-05-11 02:20:52,-63.261154,0.13909149,-76.31977,344.05444,866.173,-0.02622987,32387.42654295168,101.0,S_1968
2024-05-11 02:20:53,-63.279926,0.13219452,-76.36173,343.8866,866.173,-0.027613295,32276.6388941054,101.0,S_1968
2024-05-11 02:20:54,-63.29865,0.1252861,-76.4037,343.7257,866.173,-0.022544459,32193.913949557107,101.0,S_1968
2024-05-11 02:20:55,-63.317326,0.11836815,-76.44566,343.55786,866.173,-0.017475624,32134.76246068749,101.0,S_1968
2024-05-11 02:20:56,-63.335957,0.11143875,-76.49462,343.39,866.173,-0.02084131,32067.262312935785,101.0,S_1968
2024-05-11 02:20:57,-63.354538,0.10449791,-76.53659,343.21515,866.173,-0.024206994,31976.72635872875,101.0,S_1968
2024-05-11 02:20:58,-63.373074,0.09754753,-76.57855,343.0473,866.173,-0.02757268,31847.17555838997,101.0,S_1968
2024-05-11 02:20:59,-63.39156,0.0905838,-76.62751,342.87943,866.173,-0.02758093,31739.524609237025,101.0,S_1968
2024-05-11 02:21:00,-63.41,0.083610535,-76.66947,342.71158,866.173,-0.018943993,31679.223672599095,101.0,S_1968
2024-05-11 02:21:01,-63.42864,0.07663536,-76.71144,342.5367,866.173,-0.018939618,31620.3090321902,101.0,S_1968
2024-05-11 02:21:02,-63.447224,0.06964874,-76.7534,342.36188,866.173,-0.021625293,31531.39567214002,101.0,S_1968
2024-05-11 02:21:03,-63.46575,0.06265068,-76.80236,342.187,866.17114,-0.021626037,31460.61449325713,101.0,S_1968
2024-05-11 02:21:04,-63.484222,0.055641174,-76.84433,342.01218,866.17114,-0.020487752,31391.89464826794,101.0,S_1968
2024-05-11 02:21:05,-63.50264,0.048620224,-76.88629,341.8373,866.1748,-0.020349815,31309.88953075197,101.0,S_1968
2024-05-11 02:21:06,-63.521,0.04158783,-76.93525,341.65546,866.1767,-0.020211881,31249.681001345838,101.0,S_1968
2024-05-11 02:21:07,-63.539307,0.03454399,-76.97722,341.48062,866.16187,-0.020215161,31180.493203043985,101.0,S_1968
2024-05-11 02:21:08,-63.557556,0.027488708,-77.01918,341.29877,866.1434,-0.020966118,31107.729907697598,101.0,S_1968
2024-05-11 02:21:09,-63.57575,0.020421982,-77.06114,341.1169,866.1748,-0.020970369,31022.826772620807,101.0,S_1968
2024-05-11 02:21:10,-63.593887,0.013343811,-77.11011,340.93506,866.2767,-0.020542001,30958.277811580785,101.0,S_1968
2024-05-11 02:21:11,-63.611973,0.0062561035,-77.15207,340.75323,866.3693,-0.019643283,30891.994706934125,101.0,S_1968
2024-05-11 02:21:12,-63.63,23.999155,-77.19403,340.5644,866.386,-0.018744564,30822.220347015846,101.0,S_1968
2024-05-11 02:21:13,-63.647972,23.992044,-77.243,340.37555,866.36743,-0.01874304,30778.408890795617,101.0,S_1968
2024-05-11 02:21:14,-63.66589,23.98492,-77.27796,340.1867,866.3619,-0.018028924,30721.21903144983,101.0,S_1968
2024-05-11 02:21:15,-63.68375,23.977787,-77.31993,340.00485,866.36743,-0.018062007,30665.657327829842,101.0,S_1968
2024-05-11 02:21:16,-63.701557,23.97064,-77.36189,339.816,866.3693,-0.01809509,30608.99084912658,101.0,S_1968
2024-05-11 02:21:17,-63.719307,23.963484,-77.403854,339.62018,866.36743,-0.018090662,30553.651715743756,101.0,S_1968
2024-05-11 02:21:18,-63.737,23.956316,-77.44582,339.42435,866.36743,-0.016086664,30520.161605922367,101.0,S_1968
2024-05-11 02:21:19,-63.75464,23.949135,-77.48079,339.22852,866.36743,-0.014448416,30485.82967798535,101.0,S_1968
2024-05-11 02:21:20,-63.77222,23.941944,-77.52276,339.03967,866.36743,-0.012810169,30457.225144866945,101.0,S_1968
2024-05-11 02:21:21,-63.78975,23.934742,-77.57172,338.84384,866.36743,-0.012813937,30442.187516355443,101.0,S_1968
2024-05-11 02:21:22,-63.80722,23.927528,-77.61368,338.648,866.36743,-0.012817705,30428.81504830459,101.0,S_1968
2024-05-11 02:21:23,-63.82464,23.920303,-77.64865,338.45215,866.36743,-0.012809343,30402.247719857576,101.0,S_1968
2024-05-11 02:21:24,-63.842,23.913067,-77.69061,338.24933,866.36743,-0.015268323,30365.36767392881,101.0,S_1968
2024-05-11 02:21:25,-63.859306,23.905819,-77.73258,338.0465,866.36743,-0.015135726,30329.41009887793,101.0,S_1968
2024-05-11 02:21:26,-63.876556,23.89856,-77.77454,337.84366,866.36743,-0.015003129,30294.362562120965,101.0,S_1968
2024-05-11 02:21:27,-63.89375,23.891289,-77.81651,337.64084,866.36743,-0.014870532,30267.97727014186,101.0,S_1968
2024-05-11 02:21:28,-63.91089,23.884007,-77.85148,337.43802,866.36743,-0.012029829,30246.4955126945,101.0,S_1968
2024-05-11 02:21:29,-63.92797,23.876715,-77.89345,337.22818,866.36743,-0.012019559,30237.39115112531,101.0,S_1968
2024-05-11 02:21:30,-63.945,23.86941,-77.92841,337.01837,866.36743,-0.010490408,30221.711036371133,101.0,S_1968
2024-05-11 02:21:31,-63.96197,23.862095,-77.97737,336.80853,866.3656,-0.010472821,30221.684367165613,101.0,S_1968
2024-05-11 02:21:32,-63.97889,23.854767,-78.01934,336.59872,866.36743,-0.0102340095,30218.404768637858,101.0,S_1968
2024-05-11 02:21:33,-63.99575,23.847427,-78.0613,336.3889,866.37115,-0.009995197,30220.597181704903,101.0,S_1968
2024-05-11 02:21:34,-64.01256,23.840078,-78.096275,336.1721,866.36743,-0.011077332,30212.366704596356,101.0,S_1968
2024-05-11 02:21:35,-64.029305,23.832718,-78.13125,335.95526,866.3526,-0.011066745,30199.8702993246,101.0,S_1968
2024-05-11 02:21:36,-64.046,23.825344,-78.17321,335.74545,866.3693,-0.012738077,30178.157967000927,101.0,S_1968
2024-05-11 02:21:37,-64.06264,23.81796,-78.21517,335.52863,866.44525,-0.014409409,30153.649668694925,101.0,S_1968
2024-05-11 02:21:38,-64.07922,23.810566,-78.250145,335.3118,866.5341,-0.01608074,30103.897660219533,101.0,S_1968
2024-05-11 02:21:39,-64.09575,23.80316,-78.29211,335.08798,866.5767,-0.016070228,30068.231933489045,101.0,S_1968
2024-05-11 02:21:40,-64.11222,23.79574,-78.32708,334.86417,866.56934,-0.016088884,30019.76200478309,101.0,S_1968
2024-05-11 02:21:41,-64.12864,23.788311,-78.36904,334.64038,866.55817,-0.016077744,29984.12369735479,101.0,S_1968
2024-05-11 02:21:42,-64.145,23.78087,-78.404015,334.41656,866.56006,-0.012264088,29961.987247302466,101.0,S_1968
2024-05-11 02:21:43,-64.16131,23.773418,-78.445984,334.19275,866.5637,-0.01225115,29950.715661031292,101.0,S_1968
2024-05-11 02:21:44,-64.17756,23.765955,-78.48095,333.96893,866.56195,-0.019788498,29874.839240404748,101.0,S_1968
2024-05-11 02:21:45,-64.19375,23.758482,-78.52292,333.73813,866.56195,-0.027325846,29766.16956729654,101.0,S_1968
2024-05-11 02:21:46,-64.20989,23.750996,-78.557884,333.50732,866.56195,-0.026122155,29647.813628994998,101.0,S_1968
2024-05-11 02:21:47,-64.225975,23.743498,-78.59985,333.27652,866.56195,-0.02612113,29547.245900309652,101.0,S_1968
2024-05-11 02:21:48,-64.242,23.735989,-78.63482,333.04572,866.56195,-0.0070985607,29563.287525597076,101.0,S_1968
2024-05-11 02:21:49,-64.25797,23.72847,-78.66979,332.80792,866.56195,-0.007084938,29581.448780030023,101.0,S_1968
2024-05-11 02:21:50,-64.27389,23.720938,-78.704765,332.57712,866.56195,-0.009580724,29576.496617817433,101.0,S_1968
2024-05-11 02:21:51,-64.28975,23.713396,-78.74673,332.3393,866.56195,-0.009567173,29584.85544516962,101.0,S_1968
2024-05-11 02:21:52,-64.30556,23.705841,-78.774704,332.0945,866.56195,-0.011021462,29573.38054152222,101.0,S_1968
2024-05-11 02:21:53,-64.321304,23.698277,-78.80968,331.85672,866.56195,-0.012475751,29554.09196610902,101.0,S_1968
2024-05-11 02:21:54,-64.337,23.690699,-78.84464,331.6119,866.56195,-0.011553831,29536.40817965601,101.0,S_1968
2024-05-11 02:21:55,-64.35264,23.683111,-78.88661,331.36713,866.56195,-0.011544903,29530.090742192097,101.0,S_1968
2024-05-11 02:21:56,-64.368225,23.675512,-78.92158,331.12933,866.56195,-0.009841538,29526.85573583887,101.0,S_1968
2024-05-11 02:21:57,-64.38375,23.6679,-78.95655,330.87753,866.56195,-0.00816425,29538.164367580375,101.0,S_1968
2024-05-11 02:21:58,-64.39922,23.660278,-78.99152,330.63275,866.56195,-0.006486963,29558.345140691003,101.0,S_1968
2024-05-11 02:21:59,-64.41464,23.652645,-79.02649,330.38095,866.56195,-0.0048096753,29590.760604642477,101.0,S_1968
2024-05-11 02:22:00,-64.43,23.645,-79.06146,330.12915,866.56195,-0.0023656015,29639.224386881473,101.0,S_1968
2024-05-11 02:22:01,-64.44613,23.637283,-79.096436,329.87738,866.56195,-0.0023415678,29686.556084194606,101.0,S_1968
2024-05-11 02:22:02,-64.462166,23.629557,-79.1384,329.62558,866.56195,0.0036312249,29777.09911800414,101.0,S_1968
2024-05-11 02:22:03,-64.47813,23.62182,-79.166374,329.36682,866.56195,0.002599161,29855.222919379477,101.0,S_1968
2024-05-11 02:22:04,-64.494,23.614075,-79.20135,329.10803,866.56195,0.001567097,29929.61250486162,101.0,S_1968
2024-05-11 02:22:05,-64.50979,23.60632,-79.229324,328.84924,866.56006,0.0015919426,30000.69762775433,101.0,S_1968
2024-05-11 02:22:06,-64.5255,23.598557,-79.26429,328.59045,866.5656,0.0005657417,30068.787225335884,101.0,S_1968
2024-05-11 02:22:07,-64.54112,23.590782,-79.29926,328.32468,866.56934,-0.00046045933,30131.022742727175,101.0,S_1968
2024-05-11 02:22:08,-64.55666,23.583,-79.334236,328.0659,866.56195,0.0019081298,30207.76638108217,101.0,S_1968
2024-05-11 02:22:09,-64.57213,23.575209,-79.3692,327.80014,866.54156,0.004276719,30301.909430051906,101.0,S_1968
2024-05-11 02:22:10,-64.5875,23.567408,-79.404175,327.52734,866.5637,0.0056201434,30405.517811904716,101.0,S_1968
2024-05-11 02:22:11,-64.60279,23.559597,-79.43915,327.26157,866.66376,0.005643921,30506.11776378079,101.0,S_1968
2024-05-11 02:22:12,-64.618004,23.551779,-79.46712,326.9888,866.75824,0.0064493143,30610.992654403086,101.0,S_1968
2024-05-11 02:22:13,-64.633125,23.54395,-79.50209,326.72302,866.7749,0.0064839283,30719.113060249856,101.0,S_1968
2024-05-11 02:22:14,-64.64817,23.536112,-79.53706,326.45026,866.75635,0.003945782,30809.80549612519,101.0,S_1968
2024-05-11 02:22:15,-64.663124,23.528265,-79.56504,326.1705,866.7508,0.003979239,30898.026153379164,101.0,S_1968
2024-05-11 02:22:16,-64.678,23.520409,-79.59302,325.89075,866.75635,0.008726799,31016.65330394644,101.0,S_1968
2024-05-11 02:22:17,-64.692795,23.512543,-79.620995,325.61096,866.75824,0.008756986,31134.143080757665,101.0,S_1968
2024-05-11 02:22:18,-64.707504,23.504667,-79.64897,325.3382,866.75635,0.010513613,31268.064528885323,101.0,S_1968
2024-05-11 02:22:19,-64.72212,23.496782,-79.68394,325.05145,866.75635,0.010543818,31406.564597372195,101.0,S_1968
2024-05-11 02:22:20,-64.736664,23.48889,-79.71891,324.77167,866.75635,0.0032857053,31493.168124304262,101.0,S_1968
2024-05-11 02:22:21,-64.75113,23.480986,-79.74689,324.48492,866.75635,0.0033071712,31577.404443536263,101.0,S_1968
2024-05-11 02:22:22,-64.7655,23.473074,-79.774864,324.19815,866.75635,-0.00010320714,31639.341044302342,101.0,S_1968
2024-05-11 02:22:23,-64.77979,23.465153,-79.80284,323.9114,866.75635,-0.00031373222,31699.588890149553,101.0,S_1968
2024-05-11 02:22:24,-64.794,23.457222,-79.83781,323.61765,866.75635,-0.0005242573,31763.009648164414,101.0,S_1968
2024-05-11 02:22:25,-64.80813,23.449284,-79.86578,323.33087,866.75635,-0.0005056997,31821.781283803444,101.0,S_1968
2024-05-11 02:22:26,-64.82217,23.441334,-79.89376,323.03714,866.75635,-0.0022159077,31870.119954400772,101.0,S_1968
2024-05-11 02:22:27,-64.83613,23.433376,-79.92174,322.7364,866.75635,-0.0022018168,31918.978909391975,101.0,S_1968
2024-05-11 02:22:28,-64.85,23.425407,-79.95671,322.44263,866.75635,-0.0028507905,31966.03345141795,101.0,S_1968
2024-05-11 02:22:29,-64.86379,23.41743,-79.98469,322.14188,866.75635,-0.003499764,32007.039872413647,101.0,S_1968
2024-05-11 02:22:30,-64.8775,23.409445,-80.012665,321.84814,866.75635,-0.0030477955,32049.294551209394,101.0,S_1968
2024-05-11 02:22:31,-64.89113,23.40145,-80.04064,321.5474,866.75635,-0.0030369782,32092.315844891462,101.0,S_1968
2024-05-11 02:22:32,-64.90467,23.393444,-80.06861,321.23965,866.75635,-0.000841118,32151.178090416182,101.0,S_1968
2024-05-11 02:22:33,-64.91813,23.385431,-80.09659,320.9389,866.75635,-0.0003960453,32211.561165390285,101.0,S_1968
2024-05-11 02:22:34,-64.9315,23.377407,-80.124565,320.63116,866.75635,4.90274e-05,32275.91230836944,101.0,S_1968
2024-05-11 02:22:35,-64.94479,23.369375,-80.15254,320.32343,866.75635,0.0004941001,32343.03273135003,101.0,S_1968
2024-05-11 02:22:36,-64.958,23.361334,-80.18052,320.0157,866.75635,8.458312e-05,32407.21922152136,101.0,S_1968
2024-05-11 02:22:37,-64.97112,23.353283,-80.2015,319.70093,866.75635,-0.00012346647,32468.170191202917,101.0,S_1968
2024-05-11 02:22:38,-64.98417,23.345222,-80.22948,319.3932,866.75635,-0.00033151606,32529.33464067937,101.0,S_1968
2024-05-11 02:22:39,-64.99712,23.337152,-80.250465,319.07846,866.75635,-0.0003279089,32588.720041985383,101.0,S_1968
2024-05-11 02:22:40,-65.01,23.329075,-80.27145,318.76373,866.75635,-0.00032430177,32647.85894107331,101.0,S_1968
2024-05-11 02:22:41,-65.02279,23.320986,-80.29942,318.442,866.75635,-0.00030942902,32710.86737525055,101.0,S_1968
2024-05-11 02:22:42,-65.0355,23.31289,-80.3274,318.12027,866.75635,-0.00073230464,32771.02787593521,101.0,S_1968
2024-05-11 02:22:43,-65.04813,23.304783,-80.34838,317.79855,866.75635,-0.0011551803,32825.62076966588,101.0,S_1968
2024-05-11 02:22:44,-65.06067,23.296667,-80.36936,317.4768,866.75635,-0.0015780559,32876.86351376671,101.0,S_1968
2024-05-11 02:22:45,-65.07313,23.288542,-80.39734,317.1551,866.75635,-0.0026646527,32922.89299002409,101.0,S_1968
2024-05-11 02:22:46,-65.0855,23.280407,-80.425316,316.82635,866.75635,-0.0037512495,32963.66689238176,101.0,S_1968
2024-05-11 02:22:47,-65.09779,23.272264,-80.4463,316.49765,866.75635,-0.0037414068,33002.29727809067,101.0,S_1968
2024-05-11 02:22:48,-65.11,23.26411,-80.46728,316.1759,866.75635,-0.0037575713,33039.10656220124,101.0,S_1968
2024-05-11 02:22:49,-65.12212,23.255949,-80.48826,315.8472,866.75635,-0.0037484395,33076.58416974661,101.0,S_1968
2024-05-11 02:22:50,-65.13417,23.247778,-80.50925,315.51147,866.75635,-0.002407931,33123.23560085085,101.0,S_1968
2024-05-11 02:22:51,-65.146126,23.239597,-80.537224,315.17575,866.75635,-0.0023970886,33172.906613361876,101.0,S_1968
2024-05-11 02:22:52,-65.158,23.231407,-80.558205,314.84003,866.75635,-0.0019375316,33223.3528629271,101.0,S_1968
2024-05-11 02:22:53,-65.16979,23.22321,-80.579185,314.51132,866.75635,-0.0014779746,33275.275835236855,101.0,S_1968
2024-05-11 02:22:54,-65.1815,23.215,-80.60017,314.1756,866.75635,-0.0009797352,33331.37435484151,101.0,S_1968
2024-05-11 02:22:55,-65.19312,23.206783,-80.62115,313.8329,866.75635,-0.0009644637,33388.58644019009,101.0,S_1968
2024-05-11 02:22:56,-65.204666,23.198555,-80.642136,313.49017,866.75635,-0.0018426009,33439.8095195174,101.0,S_1968
2024-05-11 02:22:57,-65.216125,23.19032,-80.66312,313.14746,866.75635,-0.002720738,33485.689943105535,101.0,S_1968
2024-05-11 02:22:58,-65.2275,23.182074,-80.6771,312.80475,866.75635,-0.0035988754,33522.95606347457,101.0,S_1968
2024-05-11 02:22:59,-65.23879,23.17382,-80.69808,312.46204,866.75635,-0.0035881111,33561.79776940462,101.0,S_1968
2024-05-11 02:23:00,-65.25,23.165556,-80.71907,312.11234,866.75635,-0.0058634486,33586.39354269803,101.0,S_1968
2024-05-11 02:23:01,-65.26129,23.157227,-80.74005,311.76263,866.75635,-0.006508911,33608.044755499686,101.0,S_1968
2024-05-11 02:23:02,-65.27249,23.148888,-80.754036,311.4129,866.75635,-0.007154373,33621.919593292485,101.0,S_1968
2024-05-11 02:23:03,-65.2836,23.140543,-80.77502,311.0632,866.75635,-0.007148319,33639.26589068235,101.0,S_1968
2024-05-11 02:23:04,-65.294624,23.132193,-80.78901,310.7135,866.7545,-0.008065834,33646.02229359221,101.0,S_1968
2024-05-11 02:23:05,-65.30556,23.123833,-80.80999,310.3568,866.7601,-0.00805924,33658.492526897644,101.0,S_1968
2024-05-11 02:23:06,-65.3164,23.115465,-80.82398,310.0071,866.76373,-0.0076532494,33667.958259818515,101.0,S_1968
2024-05-11 02:23:07,-65.327156,23.107092,-80.84496,309.6504,866.75635,-0.007647116,33681.98253925737,101.0,S_1968
2024-05-11 02:23:08,-65.33782,23.098711,-80.85895,309.2937,866.736,-0.008403608,33688.34528442507,101.0,S_1968
2024-05-11 02:23:09,-65.3484,23.090322,-80.87294,308.93,866.7601,-0.0091601,33689.83632115158,101.0,S_1968
2024-05-11 02:23:10,-65.35889,23.081926,-80.89392,308.5733,866.8583,-0.0099165905,33687.65244702786,101.0,S_1968
2024-05-11 02:23:11,-65.369286,23.073523,-80.907906,308.20963,866.9546,-0.009915446,33686.2477736167,101.0,S_1968
2024-05-11 02:23:12,-65.3796,23.065111,-80.9219,307.8529,866.9712,-0.012201135,33664.67164474449,101.0,S_1968
2024-05-11 02:23:13,-65.389824,23.056694,-80.94288,307.48923,866.9508,-0.012202288,33646.91399744662,101.0,S_1968
2024-05-11 02:23:14,-65.399956,23.04827,-80.95686,307.11853,866.94525,-0.013519149,33621.70158278085,101.0,S_1968
2024-05-11 02:23:15,-65.409996,23.039835,-80.970856,306.75482,866.9508,-0.014012168,33592.112328966396,101.0,S_1968
2024-05-11 02:23:16,-65.41995,23.031395,-80.98484,306.39114,866.9527,-0.014505187,33557.551677312105,101.0,S_1968
2024-05-11 02:23:17,-65.42982,23.02295,-80.99883,306.02045,866.9527,-0.014509268,33525.8489630071,101.0,S_1968
2024-05-11 02:23:18,-65.4396,23.014494,-81.01282,305.65677,866.9508,-0.01587932,33482.40041577688,101.0,S_1968
2024-05-11 02:23:19,-65.44929,23.006031,-81.01981,305.27908,866.9508,-0.015883021,33439.83445011097,101.0,S_1968
2024-05-11 02:23:20,-65.458885,22.997562,-81.033806,304.9084,866.9508,-0.016312966,33394.398341058346,101.0,S_1968
2024-05-11 02:23:21,-65.4684,22.989086,-81.04779,304.5377,866.9508,-0.016315997,33351.192532528,101.0,S_1968
2024-05-11 02:23:22,-65.47782,22.980602,-81.05479,304.16702,866.9508,-0.016654702,33302.49123964264,101.0,S_1968
2024-05-11 02:23:23,-65.48715,22.97211,-81.06877,303.79633,866.9508,-0.016658178,33255.038284346505,101.0,S_1968
2024-05-11 02:23:24,-65.4964,22.963612,-81.07577,303.41864,866.9508,-0.018465325,33193.418994195155,101.0,S_1968
2024-05-11 02:23:25,-65.505554,22.955107,-81.08975,303.04095,866.9508,-0.02027199,33125.75429008845,101.0,S_1968
2024-05-11 02:23:26,-65.51462,22.946592,-81.09675,302.6703,866.9508,-0.022078656,33039.16410748703,101.0,S_1968
2024-05-11 02:23:27,-65.5236,22.938072,-81.103745,302.28558,866.9508,-0.02388532,32942.47388565421,101.0,S_1968
2024-05-11 02:23:28,-65.532486,22.929544,-81.11773,301.90793,866.9508,-0.030152688,32803.46895027717,101.0,S_1968
2024-05-11 02:23:29,-65.54128,22.92101,-81.13172,301.53024,866.9508,-0.029240642,32674.66439868408,101.0,S_1968
2024-05-11 02:23:30,-65.549995,22.912466,-81.13872,301.15256,866.9508,-0.028328596,32551.251985580187,101.0,S_1968
2024-05-11 02:23:31,-65.55862,22.903915,-81.145706,300.77487,866.9508,-0.028344065,32427.794382683736,101.0,S_1968
2024-05-11 02:23:32,-65.567154,22.895359,-81.1527,300.3972,866.9508,-0.030895604,32284.04377060951,101.0,S_1968
2024-05-11 02:23:33,-65.5756,22.886795,-81.1597,300.0125,866.9508,-0.033447143,32120.066108608436,101.0,S_1968
2024-05-11 02:23:34,-65.583954,22.878222,-81.17368,299.62784,866.9508,-0.03840518,31928.261097900933,101.0,S_1968
2024-05-11 02:23:35,-65.59222,22.869642,-81.18068,299.24316,866.9508,-0.04336322,31705.16555060252,101.0,S_1968
2024-05-11 02:23:36,-65.600395,22.861057,-81.18068,298.8585,866.9508,-0.043267917,31480.454423681447,101.0,S_1968
2024-05-11 02:23:37,-65.60848,22.852463,-81.187675,298.47382,866.9508,-0.043172613,31258.687530957643,101.0,S_1968
2024-05-11 02:23:38,-65.616486,22.84386,-81.187675,298.08914,866.9508,-0.05484516,30963.941755474596,101.0,S_1968
2024-05-11 02:23:39,-65.6244,22.835253,-81.194664,297.71146,866.9508,-0.055827256,30655.43496243006,101.0,S_1968
2024-05-11 02:23:40,-65.63222,22.826637,-81.20166,297.32678,866.9508,-0.05680935,30341.738398309688,101.0,S_1968
2024-05-11 02:23:41,-65.63995,22.818014,-81.20866,296.9421,866.9508,-0.05779144,30021.730235219853,101.0,S_1968
2024-05-11 02:23:42,-65.6476,22.809383,-81.21565,296.55743,866.9508,-0.058773536,29690.95399663596,101.0,S_1968
2024-05-11 02:23:43,-65.65515,22.800745,-81.21565,296.16574,866.9508,-0.05975563,29359.25341763987,101.0,S_1968
2024-05-11 02:23:44,-65.66262,22.792099,-81.22264,295.78107,866.9508,-0.060737725,29012.90749735172,101.0,S_1968
2024-05-11 02:23:45,-65.67,22.783447,-81.22964,295.3894,866.9508,-0.06171982,28671.285244432416,101.0,S_1968
2024-05-11 02:23:46,-65.677284,22.774788,-81.22964,295.00473,866.9508,-0.06270191,28311.72214053249,101.0,S_1968
2024-05-11 02:23:47,-65.68449,22.766119,-81.22264,294.61307,866.9508,-0.06368401,27957.249274531205,101.0,S_1968
2024-05-11 02:23:48,-65.6916,22.757444,-81.22264,294.2284,866.9508,-0.0646661,27594.92012811231,101.0,S_1968
2024-05-11 02:23:49,-65.698616,22.748764,-81.22264,293.8437,866.9508,-0.0656482,27215.51491810604,101.0,S_1968
2024-05-11 02:23:50,-65.70555,22.740074,-81.22964,293.45203,866.9508,-0.06663029,26838.385071000266,101.0,S_1968
2024-05-11 02:23:51,-65.712395,22.731377,-81.23663,293.06735,866.9508,-0.06670516,26462.775203899313,101.0,S_1968
2024-05-11 02:23:52,-65.719154,22.722673,-81.23663,292.68268,866.9508,-0.06747087,26074.507998145178,101.0,S_1968
2024-05-11 02:23:53,-65.72582,22.713963,-81.23663,292.29102,866.9508,-0.06823658,25678.91244325826,101.0,S_1968
2024-05-11 02:23:54,-65.7324,22.705244,-81.22964,291.89935,866.9508,-0.06827531,25291.30406727267,101.0,S_1968
2024-05-11 02:23:55,-65.738884,22.696518,-81.22264,291.51465,866.9508,-0.068314046,24897.265656267686,101.0,S_1968
2024-05-11 02:23:56,-65.745285,22.687784,-81.22264,291.123,866.9508,-0.068352774,24511.54678331216,101.0,S_1968
2024-05-11 02:23:57,-65.751595,22.679045,-81.22264,290.7383,866.9508,-0.0683915,24121.40514907355,101.0,S_1968
2024-05-11 02:23:58,-65.75782,22.670296,-81.22964,290.35364,866.9508,-0.06843024,23725.34573347107,101.0,S_1968
2024-05-11 02:23:59,-65.763954,22.661541,-81.22964,289.96198,866.9508,-0.068468966,23335.63249262955,101.0,S_1968
2024-05-11 02:24:00,-65.77,22.652779,-81.22264,289.5773,866.9508,-0.06850769,22945.048855776717,101.0,S_1968
2024-05-11 02:24:01,-65.77661,22.64384,-81.21565,289.19263,866.9508,-0.06854643,22545.722533696942,101.0,S_1968
2024-05-11 02:24:02,-65.78311,22.634901,-81.20866,288.80093,866.9508,-0.06858516,22158.43357876847,101.0,S_1968
2024-05-11 02:24:03,-65.7895,22.62596,-81.20866,288.41626,866.9508,-0.068623886,21765.39247479554,101.0,S_1968
2024-05-11 02:24:04,-65.79578,22.617016,-81.20166,288.0316,866.9508,-0.06866262,21372.76413208813,101.0,S_1968
2024-05-11 02:24:05,-65.80194,22.60807,-81.194664,287.6469,866.9508,-0.06870135,20979.549221177615,101.0,S_1968
2024-05-11 02:24:06,-65.808,22.599125,-81.187675,287.26224,866.9508,-0.06874008,20589.082781936457,101.0,S_1968
2024-05-11 02:24:07,-65.81394,22.590176,-81.187675,286.87756,866.9508,-0.06877881,20193.777747685534,101.0,S_1968
2024-05-11 02:24:08,-65.81978,22.581226,-81.18068,286.4929,866.9508,-0.06881754,19799.062651987646,101.0,S_1968
2024-05-11 02:24:09,-65.8255,22.572275,-81.17368,286.10822,866.9527,-0.06885627,19415.34276088918,101.0,S_1968
2024-05-11 02:24:10,-65.83111,22.563322,-81.17368,285.73053,866.9508,-0.068895005,19017.28478017066,101.0,S_1968
2024-05-11 02:24:11,-65.83661,22.554367,-81.16669,285.34586,866.94525,-0.06893373,18621.05695800241,101.0,S_1968
2024-05-11 02:24:12,-65.841995,22.545412,-81.1597,284.96118,866.9527,-0.06897247,18214.63247730498,101.0,S_1968
2024-05-11 02:24:13,-65.847275,22.536453,-81.145706,284.5765,866.9712,-0.0690112,17826.57280870086,101.0,S_1968
2024-05-11 02:24:14,-65.85244,22.527494,-81.13872,284.19882,866.949,-0.069049925,17435.321783983192,101.0,S_1968
2024-05-11 02:24:15,-65.8575,22.518534,-81.13172,283.82114,866.8508,-0.06908866,17043.45967091013,101.0,S_1968
2024-05-11 02:24:16,-65.86244,22.509571,-81.124725,283.44345,866.7545,-0.06912739,16641.273130983405,101.0,S_1968
2024-05-11 02:24:17,-65.86728,22.500607,-81.11074,283.06577,866.7286,-0.06916612,16239.815393815064,101.0,S_1968
2024-05-11 02:24:18,-65.872,22.49164,-81.09675,282.68808,866.74713,-0.06920485,15847.193188957579,101.0,S_1968
2024-05-11 02:24:19,-65.87661,22.482674,-81.08975,282.3104,866.76196,-0.06924358,15452.286135458358,101.0,S_1968
2024-05-11 02:24:20,-65.88111,22.473703,-81.08276,281.93274,866.75824,-0.06928231,15056.70089445237,101.0,S_1968
2024-05-11 02:24:21,-65.8855,22.464733,-81.07577,281.55505,866.7545,-0.069321044,14668.828545901662,101.0,S_1968
2024-05-11 02:24:22,-65.88978,22.455761,-81.06877,281.18436,866.75635,-0.06935977,14269.389590413353,101.0,S_1968
2024-05-11 02:24:23,-65.89394,22.446787,-81.05479,280.81366,866.75635,-0.0693985,13847.16346214732,101.0,S_1968
2024-05-11 02:24:24,-65.898,22.43781,-81.033806,280.43597,866.75635,-0.069437236,13450.65100542421,101.0,S_1968
2024-05-11 02:24:25,-65.90195,22.428835,-81.01981,280.0653,866.75635,-0.06947596,13059.99470650612,101.0,S_1968
2024-05-11 02:24:26,-65.90578,22.419855,-81.01282,279.6946,866.75635,-0.06951469,12675.118448590758,101.0,S_1968
2024-05-11 02:24:27,-65.9095,22.410875,-81.00583,279.3309,866.75635,-0.06955343,12270.298965364229,101.0,S_1968
2024-05-11 02:24:28,-65.91311,22.401894,-80.99184,278.96024,866.75635,-0.069592156,11851.947848638396,101.0,S_1968
2024-05-11 02:24:29,-65.91661,22.39291,-80.970856,278.58954,866.75635,-0.06963088,11458.72874054929,101.0,S_1968
2024-05-11 02:24:30,-65.92,22.383924,-80.95686,278.22586,866.75635,-0.06966962,11061.333983803524,101.0,S_1968
2024-05-11 02:24:31,-65.92328,22.374937,-80.94288,277.86215,866.75635,-0.06970835,10663.061881200832,101.0,S_1968
2024-05-11 02:24:32,-65.926445,22.365948,-80.928894,277.49844,866.75635,-0.069747075,10263.928787255965,101.0,S_1968
2024-05-11 02:24:33,-65.9295,22.356958,-80.9149,277.13477,866.75635,-0.06978581,9863.88426713935,101.0,S_1968
2024-05-11 02:24:34,-65.93244,22.347967,-80.90092,276.77106,866.75635,-0.06982454,9471.35163372774,101.0,S_1968
2024-05-11 02:24:35,-65.93528,22.338974,-80.886925,276.41437,866.75635,-0.06986327,9052.504285918221,101.0,S_1968
2024-05-11 02:24:36,-65.938,22.329979,-80.865944,276.0507,866.75635,-0.069902,8660.390621387705,101.0,S_1968
2024-05-11 02:24:37,-65.94061,22.320982,-80.85196,275.69397,866.75635,-0.06994073,8247.635381683205,101.0,S_1968
2024-05-11 02:24:38,-65.943115,22.311983,-80.83097,275.33728,866.75635,-0.06997946,7860.967869166379,101.0,S_1968
2024-05-11 02:24:39,-65.9455,22.302984,-80.816986,274.98758,866.75635,-0.070018195,7461.261541825857,101.0,S_1968
2024-05-11 02:24:40,-65.94778,22.293982,-80.80299,274.63086,866.75635,-0.07005692,7053.835786680167,101.0,S_1968
2024-05-11 02:24:41,-65.94994,22.284979,-80.78201,274.28116,866.75635,-0.07009565,6646.883534242108,101.0,S_1968
2024-05-11 02:24:42,-65.952,22.275974,-80.76103,273.93146,866.75635,-0.07013439,6230.5822127872525,101.0,S_1968
2024-05-11 02:24:43,-65.95395,22.266968,-80.74005,273.57477,866.75635,-0.070173115,5822.508755485636,101.0,S_1968
2024-05-11 02:24:44,-65.95578,22.25796,-80.71907,273.22507,866.75635,-0.07021184,5437.183385170923,101.0,S_1968
2024-05-11 02:24:45,-65.957504,22.24895,-80.70508,272.88235,866.75635,-0.07025058,5030.488162932059,101.0,S_1968
2024-05-11 02:24:46,-65.959114,22.239939,-80.6841,272.53964,866.75635,-0.07028931,4617.22141358981,101.0,S_1968
2024-05-11 02:24:47,-65.96061,22.230927,-80.66312,272.18994,866.75635,-0.070328034,4212.264139954306,101.0,S_1968
2024-05-11 02:24:48,-65.962,22.22191,-80.642136,271.84723,866.75635,-0.07036677,3821.6989253640786,101.0,S_1968
2024-05-11 02:24:49,-65.96328,22.212894,-80.62814,271.50452,866.75635,-0.0704055,3419.1326917549013,101.0,S_1968
2024-05-11 02:24:50,-65.96445,22.203878,-80.60716,271.1688,866.75635,-0.07044423,3017.419580722475,101.0,S_1968
2024-05-11 02:24:51,-65.9655,22.194859,-80.58618,270.83307,866.75635,-0.07048296,2614.608173415909,101.0,S_1968
2024-05-11 02:24:52,-65.966446,22.185837,-80.56519,270.49734,866.75635,-0.07052169,2210.7408578501927,101.0,S_1968
2024-05-11 02:24:53,-65.96728,22.176815,-80.54421,270.16162,866.75635,-0.070560426,1805.8226276080823,101.0,S_1968
2024-05-11 02:24:54,-65.968,22.167791,-80.52323,269.82593,866.75635,-0.07059915,1399.774454280865,101.0,S_1968
2024-05-11 02:24:55,-65.96861,22.158764,-80.50225,269.4902,866.75635,-0.07063788,1001.1469401733048,101.0,S_1968
2024-05-11 02:24:56,-65.96911,22.149736,-80.48127,269.16147,866.75635,-0.07067662,600.4044143873762,101.0,S_1968
2024-05-11 02:24:57,-65.9695,22.140709,-80.46028,268.83276,866.75635,-0.070715345,175.8740525271569,101.0,S_1968
2024-05-11 02:24:58,-65.96978,22.131678,-80.43231,268.50403,866.75635,-0.07075407,-215.38682505715406,101.0,S_1968
2024-05-11 02:24:59,-65.96995,22.122644,-80.41132,268.1823,866.75635,-0.07079281,-635.1515059310768,101.0,S_1968
2024-05-11 02:25:00,-65.97,22.113611,-80.38335,267.86057,866.75635,-0.07083154,-1060.9805119252705,101.0,S_1968
2024-05-11 02:25:01,-65.96995,22.104448,-80.35537,267.53186,866.75635,-0.070870265,-1455.8289718812593,101.0,S_1968
2024-05-11 02:25:02,-65.96978,22.095287,-80.33439,267.2101,866.75635,-0.070909,-1847.519452018998,101.0,S_1968
2024-05-11 02:25:03,-65.9695,22.08613,-80.31341,266.8954,866.75635,-0.07094773,-2272.952345340833,101.0,S_1968
2024-05-11 02:25:04,-65.96911,22.076975,-80.28543,266.57364,866.75635,-0.07098646,-2686.7397031795554,101.0,S_1968
2024-05-11 02:25:05,-65.96861,22.067823,-80.257454,266.2589,866.75824,-0.07102519,-3111.1446881369775,101.0,S_1968
2024-05-11 02:25:06,-65.968,22.058674,-80.22948,265.9372,866.75824,-0.07106392,-3527.3810065606667,101.0,S_1968
2024-05-11 02:25:07,-65.96728,22.049526,-80.2015,265.62247,866.75635,-0.0682895,-3896.194492641138,101.0,S_1968
2024-05-11 02:25:08,-65.966446,22.040382,-80.18052,265.31473,866.7508,-0.06551508,-4252.939910139554,101.0,S_1968
2024-05-11 02:25:09,-65.9655,22.031242,-80.15954,265.00696,866.75635,-0.06554611,-4632.238074301669,101.0,S_1968
2024-05-11 02:25:10,-65.96445,22.022102,-80.13156,264.69922,866.77673,-0.060590684,-4975.637640504865,101.0,S_1968
2024-05-11 02:25:11,-65.96328,22.012966,-80.103584,264.39148,866.7545,-0.060615323,-5319.997821269251,101.0,S_1968
2024-05-11 02:25:12,-65.962,22.003834,-80.07561,264.08374,866.6545,-0.05943962,-5650.206818931038,101.0,S_1968
2024-05-11 02:25:13,-65.96061,21.994703,-80.04763,263.783,866.56006,-0.058263913,-5974.4317305356235,101.0,S_1968
2024-05-11 02:25:14,-65.959114,21.985575,-80.01965,263.48227,866.54156,-0.057088204,-6291.659770492508,101.0,S_1968
2024-05-11 02:25:15,-65.9575,21.97645,-79.99168,263.18152,866.56195,-0.0559125,-6601.821251890287,101.0,S_1968
2024-05-11 02:25:16,-65.95578,21.967327,-79.9637,262.88077,866.56934,-0.054736793,-6904.868450558555,101.0,S_1968
2024-05-11 02:25:17,-65.95394,21.958208,-79.93573,262.58002,866.5637,-0.054760095,-7224.612048170966,101.0,S_1968
2024-05-11 02:25:18,-65.951996,21.949091,-79.90076,262.28625,866.56006,-0.046200898,-7463.757244933484,101.0,S_1968
2024-05-11 02:25:19,-65.94994,21.939976,-79.87278,261.99252,866.56195,-0.046214703,-7686.170656100119,101.0,S_1968
2024-05-11 02:25:20,-65.94778,21.930864,-79.8518,261.70575,866.56195,-0.04360283,-7918.267861098793,101.0,S_1968
2024-05-11 02:25:21,-65.945496,21.921755,-79.82382,261.412,866.56195,-0.043615237,-8158.6250723225385,101.0,S_1968
2024-05-11 02:25:22,-65.94311,21.91265,-79.78885,261.12524,866.56195,-0.043029413,-8374.806612214088,101.0,S_1968
2024-05-11 02:25:23,-65.94061,21.903545,-79.76087,260.83847,866.56195,-0.043040905,-8613.295361619224,101.0,S_1968
2024-05-11 02:25:24,-65.937996,21.894445,-79.72591,260.55173,866.56195,-0.061975162,-8946.510127820773,101.0,S_1968
2024-05-11 02:25:25,-65.93528,21.885345,-79.69793,260.27194,866.56195,-0.061994404,-9293.306362212927,101.0,S_1968
2024-05-11 02:25:26,-65.93244,21.876251,-79.66995,259.9852,866.56195,-0.06291653,-9638.158302657408,101.0,S_1968
2024-05-11 02:25:27,-65.9295,21.867159,-79.641975,259.70544,866.56195,-0.06383866,-10017.270059978007,101.0,S_1968
2024-05-11 02:25:28,-65.926445,21.858068,-79.607,259.42566,866.56195,-0.0647608,-10372.533782644328,101.0,S_1968
2024-05-11 02:25:29,-65.92328,21.84898,-79.579025,259.1459,866.56195,-0.065682925,-10758.285259650263,101.0,S_1968
2024-05-11 02:25:30,-65.92,21.839895,-79.54406,258.87314,866.56195,-0.066605054,-11147.971597030817,101.0,S_1968
2024-05-11 02:25:31,-65.91661,21.830814,-79.50909,258.60037,866.56195,-0.06662154,-11510.762255456852,101.0,S_1968
2024-05-11 02:25:32,-65.91311,21.821735,-79.48111,258.3276,866.56195,-0.052658733,-11811.532209692683,101.0,S_1968
2024-05-11 02:25:33,-65.9095,21.812658,-79.44614,258.0548,866.56195,-0.05267113,-12102.529262960248,101.0,S_1968
2024-05-11 02:25:34,-65.90578,21.803585,-79.41117,257.78903,866.56195,-0.047171097,-12363.853502990212,101.0,S_1968
2024-05-11 02:25:35,-65.90194,21.794514,-79.3762,257.51627,866.56195,-0.047179908,-12599.314700459072,101.0,S_1968
2024-05-11 02:25:36,-65.897995,21.785444,-79.34822,257.2505,866.56195,-0.040385433,-12814.845357490674,101.0,S_1968
2024-05-11 02:25:37,-65.89394,21.776379,-79.31325,256.9847,866.56195,-0.040393297,-13021.695206391989,101.0,S_1968
2024-05-11 02:25:38,-65.88978,21.767315,-79.27828,256.72595,866.56195,-0.038786083,-13219.404283958313,101.0,S_1968
2024-05-11 02:25:39,-65.8855,21.758255,-79.24331,256.46716,866.56195,-0.03879323,-13422.218009622127,101.0,S_1968
2024-05-11 02:25:40,-65.88111,21.749197,-79.208336,256.2014,866.5637,-0.04674454,-13667.42428937352,101.0,S_1968
2024-05-11 02:25:41,-65.87661,21.740143,-79.17337,255.9496,866.56006,-0.046756193,-13901.022857284901,101.0,S_1968
2024-05-11 02:25:42,-65.871994,21.73109,-79.14539,255.69081,866.55817,-0.040731773,-14113.23719842681,101.0,S_1968
2024-05-11 02:25:43,-65.86727,21.72204,-79.11042,255.43903,866.57117,-0.037035767,-14302.422035652533,101.0,S_1968
2024-05-11 02:25:44,-65.86244,21.712994,-79.07545,255.18024,866.5749,-0.03333976,-14462.10854971905,101.0,S_1968
2024-05-11 02:25:45,-65.8575,21.703949,-79.04048,254.92845,866.52673,-0.03334096,-14623.22362257891,101.0,S_1968
2024-05-11 02:25:46,-65.85244,21.694908,-79.00551,254.67667,866.4378,-0.034876943,-14790.729821831614,101.0,S_1968
2024-05-11 02:25:47,-65.847275,21.68587,-78.970535,254.43187,866.3656,-0.034878045,-14959.626139545653,101.0,S_1968
2024-05-11 02:25:48,-65.841995,21.676834,-78.93557,254.18707,866.3526,-0.05004996,-15258.698262017235,101.0,S_1968
2024-05-11 02:25:49,-65.83661,21.6678,-78.8936,253.93529,866.36743,-0.050055847,-15500.621117206261,101.0,S_1968
2024-05-11 02:25:50,-65.83111,21.65877,-78.86562,253.69049,866.37115,-0.052886788,-15787.401776971776,101.0,S_1968
2024-05-11 02:25:51,-65.8255,21.649742,-78.83066,253.4527,866.36743,-0.052895583,-16103.626971098915,101.0,S_1968
2024-05-11 02:25:52,-65.81978,21.640717,-78.78869,253.2079,866.3656,-0.037895475,-16285.063458388307,101.0,S_1968
2024-05-11 02:25:53,-65.81394,21.631693,-78.75372,252.97011,866.36743,-0.038886495,-16498.58207191713,101.0,S_1968
2024-05-11 02:25:54,-65.808,21.622673,-78.711754,252.7323,866.36743,-0.060618147,-16829.789133818398,101.0,S_1968
2024-05-11 02:25:55,-65.80194,21.613657,-78.67679,252.4945,866.36743,-0.040354967,-17034.42979653462,101.0,S_1968
2024-05-11 02:25:56,-65.79578,21.604643,-78.641815,252.2567,866.36743,-0.064097516,-17386.77640584958,101.0,S_1968
2024-05-11 02:25:57,-65.7895,21.59563,-78.60684,252.0259,866.36743,-0.03930393,-17581.57312956525,101.0,S_1968
2024-05-11 02:25:58,-65.78311,21.58662,-78.57188,251.79509,866.36743,-0.040305167,-17803.538366628796,101.0,S_1968
2024-05-11 02:25:59,-65.77661,21.577616,-78.52991,251.56429,866.36743,-0.066583395,-18203.72488607875,101.0,S_1968
2024-05-11 02:26:00,-65.77,21.568611,-78.487946,251.33348,866.36743,-0.0521207,-18471.473992051397,101.0,S_1968
2024-05-11 02:26:01,-65.76336,21.559502,-78.45297,251.10966,866.36743,-0.037658006,-18658.481343369946,101.0,S_1968
2024-05-11 02:26:02,-65.7566,21.550398,-78.41801,250.87886,866.36743,-0.04051027,-18878.968850459263,101.0,S_1968
2024-05-11 02:26:03,-65.74973,21.5413,-78.37604,250.65504,866.36743,-0.065317735,-19266.715184426488,101.0,S_1968
2024-05-11 02:26:04,-65.74275,21.53221,-78.334076,250.43124,866.36743,-0.035744667,-19433.167230488732,101.0,S_1968
2024-05-11 02:26:05,-65.73566,21.523125,-78.2991,250.20743,866.36743,-0.040577553,-19630.865758921937,101.0,S_1968
2024-05-11 02:26:06,-65.72845,21.514046,-78.26413,249.99062,866.36743,-0.048614107,-19880.528577211953,101.0,S_1968
2024-05-11 02:26:07,-65.72112,21.504974,-78.229164,249.77379,866.3693,-0.045548573,-20111.390778164438,101.0,S_1968
2024-05-11 02:26:08,-65.713684,21.495909,-78.19419,249.55698,866.36743,-0.042483043,-20368.83962572705,101.0,S_1968
2024-05-11 02:26:09,-65.70613,21.486849,-78.14523,249.34016,866.3619,-0.040520452,-20579.508443074694,101.0,S_1968
2024-05-11 02:26:10,-65.69847,21.477797,-78.10327,249.12334,866.36743,-0.04307986,-20808.2240776182,101.0,S_1968
2024-05-11 02:26:11,-65.69069,21.46875,-78.0613,248.91351,866.3878,-0.053964235,-21090.6887840493,101.0,S_1968
2024-05-11 02:26:12,-65.6828,21.459711,-78.02634,248.6967,866.3638,-0.054015256,-21371.334077078907,101.0,S_1968
2024-05-11 02:26:13,-65.67479,21.450678,-77.99136,248.48688,866.26556,-0.054066274,-21681.72852889022,101.0,S_1968
2024-05-11 02:26:14,-65.66667,21.44165,-77.9494,248.27705,866.1693,-0.0501086,-21934.93302868161,101.0,S_1968
2024-05-11 02:26:15,-65.65843,21.43263,-77.91443,248.06723,866.15265,-0.04615093,-22187.292077938895,101.0,S_1968
2024-05-11 02:26:16,-65.650085,21.423616,-77.87246,247.8644,866.173,-0.042193256,-22414.43114796732,101.0,S_1968
2024-05-11 02:26:17,-65.641624,21.414608,-77.8305,247.65457,866.18036,-0.03740862,-22625.26347962438,101.0,S_1968
2024-05-11 02:26:18,-65.63305,21.405607,-77.78154,247.45175,866.1748,-0.060215537,-22932.690620524474,101.0,S_1968
2024-05-11 02:26:19,-65.62436,21.396612,-77.74657,247.24892,866.17114,-0.036916014,-23125.898798172653,101.0,S_1968
2024-05-11 02:26:20,-65.615555,21.387623,-77.704605,247.04608,866.17114,-0.051909324,-23381.540857362226,101.0,S_1968
2024-05-11 02:26:21,-65.606636,21.378641,-77.66963,246.85025,866.173,-0.051508654,-23674.795462520662,101.0,S_1968
2024-05-11 02:26:22,-65.5976,21.369665,-77.62767,246.64743,866.173,-0.07316394,-24099.879133051363,101.0,S_1968
2024-05-11 02:26:23,-65.588455,21.360697,-77.5857,246.45158,866.173,-0.052131426,-24386.89873303176,101.0,S_1968
2024-05-11 02:26:24,-65.5792,21.351732,-77.54374,246.25575,866.173,-0.038137987,-24581.327776369057,101.0,S_1968
2024-05-11 02:26:25,-65.569824,21.342777,-77.50178,246.05992,866.173,-0.044169247,-24816.36638996791,101.0,S_1968
2024-05-11 02:26:26,-65.56033,21.333826,-77.45981,245.86407,866.173,-0.050200507,-25059.2137379177,101.0,S_1968
2024-05-11 02:26:27,-65.550735,21.324883,-77.42484,245.67525,866.173,-0.03681583,-25252.21414019572,101.0,S_1968
2024-05-11 02:26:28,-65.54102,21.315945,-77.38287,245.4794,866.173,-0.039503075,-25475.276597806398,101.0,S_1968
2024-05-11 02:26:29,-65.53119,21.307014,-77.333916,245.29056,866.173,-0.047521174,-25724.34820529734,101.0,S_1968
2024-05-11 02:26:30,-65.52125,21.29809,-77.291954,245.10173,866.173,-0.04023953,-25931.229283221008,101.0,S_1968
2024-05-11 02:26:31,-65.51119,21.289171,-77.249985,244.91289,866.173,-0.03704002,-26138.631526647136,101.0,S_1968
2024-05-11 02:26:32,-65.50102,21.28026,-77.20103,244.72404,866.1693,-0.05970386,-26462.55699265373,101.0,S_1968
2024-05-11 02:26:33,-65.49074,21.271355,-77.159065,244.54219,866.173,-0.053007346,-26721.29497618004,101.0,S_1968
2024-05-11 02:26:34,-65.48034,21.262457,-77.12409,244.36035,866.1878,-0.036500603,-26911.240948647668,101.0,S_1968
2024-05-11 02:26:35,-65.469826,21.253563,-77.08213,244.17151,866.17114,-0.036655486,-27091.682121018603,101.0,S_1968
2024-05-11 02:26:36,-65.4592,21.244677,-77.04016,243.98965,866.0952,-0.0394783,-27291.84331939838,101.0,S_1968
2024-05-11 02:26:37,-65.448456,21.235798,-76.9982,243.80782,866.0063,-0.038038827,-27505.032043148967,101.0,S_1968
2024-05-11 02:26:38,-65.43761,21.226925,-76.94924,243.62596,865.9637,-0.03659936,-27677.149511691852,101.0,S_1968
2024-05-11 02:26:39,-65.426636,21.218058,-76.90727,243.45111,865.9711,-0.036264107,-27853.831449776524,101.0,S_1968
2024-05-11 02:26:40,-65.41555,21.209198,-76.86531,243.27626,865.98224,-0.03468212,-28044.944366312542,101.0,S_1968
2024-05-11 02:26:41,-65.40436,21.200342,-76.81635,243.0944,865.98035,-0.03455726,-28200.585782512717,101.0,S_1968
2024-05-11 02:26:42,-65.39305,21.191496,-76.77438,242.92656,865.9767,-0.036689173,-28381.961835444075,101.0,S_1968
2024-05-11 02:26:43,-65.38162,21.182653,-76.73242,242.75171,865.9767,-0.037039988,-28586.66116575402,101.0,S_1968
2024-05-11 02:26:44,-65.37009,21.173819,-76.683464,242.57684,865.9785,-0.03208096,-28732.263932215923,101.0,S_1968
2024-05-11 02:26:45,-65.35844,21.164991,-76.6415,242.402,865.9785,-0.03499869,-28898.354899094076,101.0,S_1968
2024-05-11 02:26:46,-65.34667,21.156168,-76.59953,242.23413,865.9785,-0.056692276,-29204.361345713027,101.0,S_1968
2024-05-11 02:26:47,-65.33479,21.147354,-76.55757,242.06628,865.9785,-0.031764325,-29370.07025873204,101.0,S_1968
2024-05-11 02:26:48,-65.3228,21.138544,-76.50861,241.89842,865.9785,-0.03150466,-29510.026290597714,101.0,S_1968
2024-05-11 02:26:49,-65.31069,21.129742,-76.466644,241.73056,865.9785,-0.038054116,-29697.858228911617,101.0,S_1968
2024-05-11 02:26:50,-65.29847,21.120945,-76.42468,241.5627,865.9785,-0.033981,-29879.863554372234,101.0,S_1968
2024-05-11 02:26:51,-65.28613,21.112154,-76.375725,241.39484,865.9785,-0.033488657,-30029.187874499927,101.0,S_1968
2024-05-11 02:26:52,-65.27369,21.10337,-76.333755,241.23398,865.9785,-0.03364354,-30190.52207315214,101.0,S_1968
2024-05-11 02:26:53,-65.26112,21.094593,-76.291794,241.06612,865.9748,-0.034328733,-30355.61113122305,101.0,S_1968
2024-05-11 02:26:54,-65.24845,21.085823,-76.24983,240.89825,865.9785,-0.035013925,-30537.96499782364,101.0,S_1968
2024-05-11 02:26:55,-65.23566,21.077059,-76.20087,240.74438,865.99335,-0.03550856,-30703.043841406252,101.0,S_1968
2024-05-11 02:26:56,-65.222755,21.0683,-76.158905,240.58353,865.9767,-0.04265625,-30943.99245018873,101.0,S_1968
2024-05-11 02:26:57,-65.20973,21.05955,-76.10995,240.42267,865.90076,-0.036842752,-31139.143625013952,101.0,S_1968
2024-05-11 02:26:58,-65.1966,21.050804,-76.06099,240.2618,865.8119,-0.032325104,-31283.87726250381,101.0,S_1968
2024-05-11 02:26:59,-65.18336,21.042065,-76.01902,240.10094,865.7692,-0.039537285,-31499.48129654408,101.0,S_1968
2024-05-11 02:27:00,-65.17,21.033333,-75.97006,239.94707,865.7767,-0.032782793,-31644.425182184554,101.0,S_1968
2024-05-11 02:27:01,-65.15636,21.024462,-75.9281,239.7932,865.7877,-0.05401067,-31928.673667676907,101.0,S_1968
2024-05-11 02:27:02,-65.14262,21.0156,-75.88613,239.63933,865.78595,-0.033668324,-32105.63322692283,101.0,S_1968
2024-05-11 02:27:03,-65.12876,21.006752,-75.83717,239.48544,865.7822,-0.046264835,-32364.05776405483,101.0,S_1968
2024-05-11 02:27:04,-65.1148,20.997913,-75.788216,239.33157,865.7822,-0.033370845,-32533.76354192369,101.0,S_1968
2024-05-11 02:27:05,-65.10072,20.989088,-75.73926,239.1777,865.78406,-0.03340341,-32679.648792188018,101.0,S_1968
2024-05-11 02:27:06,-65.08655,20.980272,-75.697296,239.03084,865.78406,-0.03293852,-32833.808308677355,101.0,S_1968
2024-05-11 02:27:07,-65.07226,20.97147,-75.65533,238.87697,865.78406,-0.032766283,-33001.907026491885,101.0,S_1968
2024-05-11 02:27:08,-65.05786,20.962677,-75.60637,238.73009,865.7822,-0.033214606,-33168.501020898126,101.0,S_1968
2024-05-11 02:27:09,-65.04336,20.953896,-75.55741,238.5832,865.78406,-0.033697452,-33338.62013686051,101.0,S_1968
2024-05-11 02:27:10,-65.02875,20.945127,-75.50845,238.43634,865.78406,-0.032574065,-33481.55341078162,101.0,S_1968
2024-05-11 02:27:11,-65.01402,20.936369,-75.466484,238.28946,865.78406,-0.033141743,-33654.0919538678,101.0,S_1968
2024-05-11 02:27:12,-64.9992,20.927622,-75.41753,238.14258,865.7785,-0.034653798,-33831.46903052225,101.0,S_1968
2024-05-11 02:27:13,-64.98426,20.918886,-75.36857,237.9957,865.78406,-0.0344982,-33982.702180436376,101.0,S_1968
2024-05-11 02:27:14,-64.969215,20.910162,-75.32661,237.85582,865.7989,-0.034342602,-34165.14361912546,101.0,S_1968
2024-05-11 02:27:15,-64.95406,20.90145,-75.27765,237.70894,865.7822,-0.034622356,-34317.64301519173,101.0,S_1968
2024-05-11 02:27:16,-64.9388,20.892748,-75.23568,237.56906,865.7063,-0.034902107,-34522.77935319541,101.0,S_1968
2024-05-11 02:27:17,-64.92342,20.884058,-75.179726,237.42918,865.6174,-0.035381947,-34675.59143997592,101.0,S_1968
2024-05-11 02:27:18,-64.90794,20.875378,-75.137764,237.28929,865.5748,-0.03729661,-34852.06333211757,101.0,S_1968
2024-05-11 02:27:19,-64.89236,20.86671,-75.0958,237.14941,865.5822,-0.037946783,-35056.03301849925,101.0,S_1968
2024-05-11 02:27:20,-64.87666,20.858055,-75.046844,237.00954,865.5933,-0.036745053,-35246.31060438017,101.0,S_1968
2024-05-11 02:27:21,-64.86086,20.849411,-74.99788,236.86964,865.59143,-0.037356067,-35436.520700781126,101.0,S_1968
2024-05-11 02:27:22,-64.84495,20.840776,-74.94892,236.73677,865.58777,-0.038412742,-35639.573348191116,101.0,S_1968
2024-05-11 02:27:23,-64.828926,20.832155,-74.89996,236.59688,865.58777,-0.039332367,-35843.51384547721,101.0,S_1968
2024-05-11 02:27:24,-64.8128,20.823544,-74.851006,236.46399,865.5896,-0.039809603,-36032.41265291485,101.0,S_1968
2024-05-11 02:27:25,-64.79656,20.814945,-74.809044,236.32411,865.5896,-0.03868775,-36238.36621113063,101.0,S_1968
2024-05-11 02:27:26,-64.78021,20.806356,-74.760086,236.19122,865.58777,-0.036853567,-36423.01260983899,101.0,S_1968
2024-05-11 02:27:27,-64.763756,20.79778,-74.71112,236.06532,865.58777,-0.03657553,-36611.245308743935,101.0,S_1968
2024-05-11 02:27:28,-64.7472,20.789215,-74.66216,235.93243,865.5896,-0.034534603,-36785.05858087336,101.0,S_1968
2024-05-11 02:27:29,-64.73052,20.78066,-74.613205,235.79955,865.5896,-0.032380965,-36944.57378142186,101.0,S_1968
2024-05-11 02:27:30,-64.713745,20.772118,-74.56425,235.66667,865.58777,-0.03381068,-37109.90420776828,101.0,S_1968
2024-05-11 02:27:31,-64.69686,20.763586,-74.51529,235.54077,865.58405,-0.054091718,-37417.40404102592,101.0,S_1968
2024-05-11 02:27:32,-64.67986,20.755066,-74.46633,235.40788,865.5896,-0.036867745,-37580.34654514167,101.0,S_1968
2024-05-11 02:27:33,-64.66276,20.746557,-74.42436,235.28198,865.60815,-0.036160965,-37750.88558464096,101.0,S_1968
2024-05-11 02:27:34,-64.645546,20.73806,-74.3824,235.1491,865.58594,-0.034713164,-37928.875231518,101.0,S_1968
2024-05-11 02:27:35,-64.62823,20.729574,-74.33344,235.02321,865.48773,-0.034211334,-38121.16424745403,101.0,S_1968
2024-05-11 02:27:36,-64.610794,20.7211,-74.27749,234.89731,865.3914,-0.033913,-38283.358601891974,101.0,S_1968
2024-05-11 02:27:37,-64.59326,20.712637,-74.22853,234.77142,865.3655,-0.046405636,-38506.1335848273,101.0,S_1968
2024-05-11 02:27:38,-64.575615,20.704184,-74.18656,234.64552,865.38403,-0.034384098,-38679.57339077689,101.0,S_1968
2024-05-11 02:27:39,-64.55786,20.695744,-74.1376,234.52663,865.39886,-0.03395767,-38845.39675222883,101.0,S_1968
2024-05-11 02:27:40,-64.53999,20.687315,-74.088646,234.40773,865.397,-0.03422885,-39039.67171824192,101.0,S_1968
2024-05-11 02:27:41,-64.522026,20.678896,-74.03269,234.28183,865.3933,-0.033577874,-39200.65069894391,101.0,S_1968
2024-05-11 02:27:42,-64.503944,20.67049,-73.983734,234.15593,865.3933,-0.032926895,-39359.37102145748,101.0,S_1968
2024-05-11 02:27:43,-64.485756,20.662094,-73.93478,234.03703,865.3933,-0.030970229,-39506.296794124806,101.0,S_1968
2024-05-11 02:27:44,-64.46746,20.653711,-73.88582,233.91814,865.3933,-0.03186589,-39659.3027882193,101.0,S_1968
2024-05-11 02:27:45,-64.44906,20.645338,-73.83686,233.79924,865.39514,-0.038472403,-39856.105517464064,101.0,S_1968
2024-05-11 02:27:46,-64.43055,20.636976,-73.7879,233.68033,865.39514,-0.039900217,-40062.55045169487,101.0,S_1968
2024-05-11 02:27:47,-64.41193,20.628626,-73.738945,233.56143,865.3933,-0.03936712,-40265.731068357476,101.0,S_1968
2024-05-11 02:27:48,-64.393196,20.620289,-73.68998,233.44254,865.38776,-0.037261516,-40455.16985693475,101.0,S_1968
2024-05-11 02:27:49,-64.37436,20.611961,-73.64102,233.32364,865.39514,-0.037667748,-40647.52339749753,101.0,S_1968
2024-05-11 02:27:50,-64.355415,20.603645,-73.592064,233.20474,865.4137,-0.03748948,-40834.32212221838,101.0,S_1968
2024-05-11 02:27:51,-64.33636,20.59534,-73.543106,233.09283,865.3914,-0.040945355,-41049.77250902468,101.0,S_1968
2024-05-11 02:27:52,-64.3172,20.587048,-73.49415,232.97394,865.29144,-0.039103635,-41247.49144938044,101.0,S_1968
2024-05-11 02:27:53,-64.29793,20.578766,-73.44519,232.86203,865.197,-0.03839389,-41441.68636137797,101.0,S_1968
2024-05-11 02:27:54,-64.27855,20.570496,-73.39623,232.75012,865.1803,-0.039895743,-41645.892877592996,101.0,S_1968
2024-05-11 02:27:55,-64.259056,20.562237,-73.347275,232.63821,865.2007,-0.03885957,-41843.56713952575,101.0,S_1968
2024-05-11 02:27:56,-64.23946,20.553988,-73.29831,232.5263,865.20624,-0.039796565,-42047.54533283497,101.0,S_1968
2024-05-11 02:27:57,-64.21976,20.545752,-73.24935,232.4144,865.2026,-0.037738975,-42238.272337504575,101.0,S_1968
2024-05-11 02:27:58,-64.19994,20.537527,-73.20039,232.30249,865.1988,-0.03723618,-42425.9082073219,101.0,S_1968
2024-05-11 02:27:59,-64.18002,20.529312,-73.151436,232.19058,865.1988,-0.037550136,-42615.79478926194,101.0,S_1968
2024-05-11 02:28:00,-64.159996,20.52111,-73.10248,232.07869,865.1988,-0.03795499,-42803.88314677561,101.0,S_1968
2024-05-11 02:28:01,-64.139694,20.512947,-73.05352,231.97377,865.1988,-0.03563632,-43006.1269792839,101.0,S_1968
2024-05-11 02:28:02,-64.11929,20.504793,-72.99757,231.86186,865.2007,-0.0348773,-43196.16268403562,101.0,S_1968
2024-05-11 02:28:03,-64.098785,20.49665,-72.94161,231.74995,865.2007,-0.03361972,-43350.82433038189,101.0,S_1968
2024-05-11 02:28:04,-64.07817,20.488518,-72.892654,231.64505,865.197,-0.031957068,-43505.84518822712,101.0,S_1968
2024-05-11 02:28:05,-64.057465,20.480396,-72.8437,231.53314,865.1951,-0.031902112,-43655.75379982531,101.0,S_1968
2024-05-11 02:28:06,-64.036644,20.472284,-72.79474,231.42824,865.2118,-0.036224913,-43834.70022651588,101.0,S_1968
2024-05-11 02:28:07,-64.01573,20.464184,-72.74578,231.32332,865.2285,-0.03559952,-44009.78865664611,101.0,S_1968
2024-05-11 02:28:08,-63.99471,20.456093,-72.696815,231.21841,865.197,-0.03193924,-44161.30279565805,101.0,S_1968
2024-05-11 02:28:09,-63.973583,20.448011,-72.64786,231.1135,865.09515,-0.03350178,-44323.11064008673,101.0,S_1968
2024-05-11 02:28:10,-63.95236,20.439941,-72.5989,231.00859,865.0025,-0.034893297,-44494.133503978825,101.0,S_1968
2024-05-11 02:28:11,-63.93103,20.431883,-72.54994,230.90367,864.9859,-0.029570218,-44630.72776905121,101.0,S_1968
2024-05-11 02:28:12,-63.909595,20.423834,-72.500984,230.79877,865.0062,-0.027308226,-44767.95688303681,101.0,S_1968
2024-05-11 02:28:13,-63.88806,20.415794,-72.44503,230.70084,865.00995,-0.023615118,-44876.71193516735,101.0,S_1968
2024-05-11 02:28:14,-63.866425,20.407766,-72.38908,230.59593,865.0044,-0.02313245,-44962.88612174624,101.0,S_1968
2024-05-11 02:28:15,-63.844685,20.399748,-72.34012,230.49802,865.0044,-0.021188581,-45046.35019509167,101.0,S_1968
2024-05-11 02:28:16,-63.82284,20.39174,-72.29116,230.3931,865.0044,-0.023101827,-45138.59042570565,101.0,S_1968
2024-05-11 02:28:17,-63.800896,20.383743,-72.2422,230.29518,865.0044,-0.022126276,-45211.152547761696,101.0,S_1968
2024-05-11 02:28:18,-63.778847,20.375757,-72.20023,230.19727,865.0044,-0.022951836,-45325.10530897256,101.0,S_1968
2024-05-11 02:28:19,-63.756695,20.36778,-72.14429,230.09935,865.0044,-0.02125363,-45415.020871363304,101.0,S_1968
2024-05-11 02:28:20,-63.73444,20.359816,-72.08833,230.00143,865.0062,-0.020732075,-45501.325206613954,101.0,S_1968
2024-05-11 02:28:21,-63.712086,20.35186,-72.03238,229.90352,865.0025,-0.019878168,-45570.806425313756,101.0,S_1968
2024-05-11 02:28:22,-63.689625,20.343914,-71.98342,229.7986,865.0007,-0.02110129,-45634.247253647205,101.0,S_1968
2024-05-11 02:28:23,-63.66706,20.33598,-71.94145,229.70767,865.0136,-0.022324413,-45745.13744754375,101.0,S_1968
2024-05-11 02:28:24,-63.644398,20.328056,-71.8855,229.60976,865.01733,-0.022937972,-45831.996702952165,101.0,S_1968
2024-05-11 02:28:25,-63.621628,20.320143,-71.83654,229.51184,864.97107,-0.024820212,-45953.90874593498,101.0,S_1968
2024-05-11 02:28:26,-63.59876,20.312239,-71.78059,229.41393,864.8803,-0.02670245,-46065.26486480876,101.0,S_1968
2024-05-11 02:28:27,-63.575787,20.304346,-71.73163,229.31601,864.80804,-0.02858469,-46191.34608366342,101.0,S_1968
2024-05-11 02:28:28,-63.552708,20.296463,-71.68267,229.22508,864.79694,-0.027237793,-46309.88672736025,101.0,S_1968
2024-05-11 02:28:29,-63.52953,20.288591,-71.63371,229.13416,864.80994,-0.028932994,-46462.44252938927,101.0,S_1968
2024-05-11 02:28:30,-63.50625,20.28073,-71.57776,229.03624,864.8136,-0.02862682,-46602.660351868704,101.0,S_1968
2024-05-11 02:28:31,-63.482864,20.272879,-71.521805,228.94533,864.80994,-0.030319463,-46735.028136305555,101.0,S_1968
2024-05-11 02:28:32,-63.459373,20.265038,-71.47285,228.8544,864.80804,-0.027088655,-46856.62443534506,101.0,S_1968
2024-05-11 02:28:33,-63.435783,20.257206,-71.42389,228.75648,864.80994,-0.02527366,-46962.427691414516,101.0,S_1968
2024-05-11 02:28:34,-63.41209,20.249386,-71.37493,228.66556,864.81177,-0.02429665,-47062.99040915513,101.0,S_1968
2024-05-11 02:28:35,-63.388298,20.241577,-71.32597,228.57463,864.80994,-0.02394585,-47177.76430335034,101.0,S_1968
2024-05-11 02:28:36,-63.3644,20.233778,-71.27002,228.4837,864.8044,-0.023883495,-47269.812567903165,101.0,S_1968
2024-05-11 02:28:37,-63.340397,20.225988,-71.22106,228.39279,864.8044,-0.02382114,-47367.67397107788,101.0,S_1968
2024-05-11 02:28:38,-63.31629,20.21821,-71.172104,228.30186,864.8229,-0.02376857,-47462.30450291764,101.0,S_1968
2024-05-11 02:28:39,-63.292084,20.210443,-71.123146,228.21793,864.8284,-0.022951925,-47571.29770465504,101.0,S_1968
2024-05-11 02:28:40,-63.267776,20.202686,-71.06719,228.12701,864.7636,-0.02331418,-47675.99907121081,101.0,S_1968
2024-05-11 02:28:41,-63.243362,20.194939,-71.01124,228.03609,864.6525,-0.024054945,-47769.686822989606,101.0,S_1968
2024-05-11 02:28:42,-63.21885,20.187202,-70.96228,227.94516,864.5951,-0.02374882,-47864.57244696272,101.0,S_1968
2024-05-11 02:28:43,-63.19423,20.179476,-70.91332,227.86124,864.6062,-0.021923507,-47966.68246049594,101.0,S_1968
2024-05-11 02:28:44,-63.16951,20.171759,-70.85737,227.77031,864.621,-0.023422096,-48072.53606656163,101.0,S_1968
2024-05-11 02:28:45,-63.144684,20.164055,-70.801414,227.67938,864.6192,-0.021850705,-48164.78987246442,101.0,S_1968
2024-05-11 02:28:46,-63.11976,20.156359,-70.74546,227.59546,864.61365,-0.021111893,-48238.26711871613,101.0,S_1968
2024-05-11 02:28:47,-63.09473,20.148674,-70.6965,227.51152,864.61365,-0.021042181,-48332.00713191461,101.0,S_1968
2024-05-11 02:28:48,-63.0696,20.141,-70.64055,227.4276,864.6154,-0.020972468,-48393.91569793632,101.0,S_1968
2024-05-11 02:28:49,-63.044365,20.133337,-70.59859,227.33667,864.6173,-0.020902757,-48492.10174162188,101.0,S_1968
2024-05-11 02:28:50,-63.019028,20.125683,-70.54263,227.25275,864.6154,-0.018685836,-48563.50911738259,101.0,S_1968
2024-05-11 02:28:51,-62.993587,20.11804,-70.48668,227.16882,864.60986,-0.020817483,-48632.94582930932,101.0,S_1968
2024-05-11 02:28:52,-62.968044,20.110407,-70.43772,227.09187,864.6154,-0.022743417,-48727.22893277962,101.0,S_1968
2024-05-11 02:28:53,-62.942398,20.102785,-70.38876,227.00096,864.6358,-0.021038743,-48820.58161571715,101.0,S_1968
2024-05-11 02:28:54,-62.91665,20.095175,-70.33281,226.91702,864.61365,-0.021192012,-48895.249624185744,101.0,S_1968
2024-05-11 02:28:55,-62.890797,20.087572,-70.28385,226.8331,864.51544,-0.01978465,-48978.54545540498,101.0,S_1968
2024-05-11 02:28:56,-62.86484,20.079983,-70.2279,226.75616,864.4173,-0.019515209,-49057.03286805416,101.0,S_1968
2024-05-11 02:28:57,-62.838787,20.072401,-70.17194,226.67224,864.39325,-0.020381946,-49124.23056797439,101.0,S_1968
2024-05-11 02:28:58,-62.812626,20.06483,-70.122986,226.59529,864.41174,-0.01852792,-49202.06675537121,101.0,S_1968
2024-05-11 02:28:59,-62.78636,20.057272,-70.06703,226.51137,864.4266,-0.016673893,-49248.59487337376,101.0,S_1968
2024-05-11 02:29:00,-62.76,20.049723,-70.018074,226.42744,864.42285,-0.015769156,-49295.59127473355,101.0,S_1968
2024-05-11 02:29:01,-62.73271,20.042095,-69.96912,226.3435,864.4191,-0.014864418,-49345.325347758204,101.0,S_1968
2024-05-11 02:29:02,-62.70535,20.034481,-69.91316,226.26657,864.4191,-0.01679155,-49403.13598704239,101.0,S_1968
2024-05-11 02:29:03,-62.67791,20.02688,-69.85721,226.18964,864.42285,-0.017916301,-49458.67924994223,101.0,S_1968
2024-05-11 02:29:04,-62.6504,20.019293,-69.80825,226.10571,864.42285,-0.01912353,-49524.7114077539,101.0,S_1968
2024-05-11 02:29:05,-62.62281,20.011719,-69.75929,226.02878,864.4173,-0.020202978,-49598.35952118198,101.0,S_1968
2024-05-11 02:29:06,-62.59515,20.004158,-69.710335,225.95184,864.4136,-0.023595657,-49709.60485995708,101.0,S_1968
2024-05-11 02:29:07,-62.56741,19.996613,-69.65438,225.87491,864.421,-0.02588826,-49830.67841538666,101.0,S_1968
2024-05-11 02:29:08,-62.539597,19.989079,-69.59843,225.79797,864.44135,-0.026793996,-49961.40085763644,101.0,S_1968
2024-05-11 02:29:09,-62.51171,19.981558,-69.54247,225.71404,864.4173,-0.025937486,-50064.168083501194,101.0,S_1968
2024-05-11 02:29:10,-62.48375,19.97405,-69.493515,225.6371,864.31915,-0.027469318,-50183.542849934965,101.0,S_1968
2024-05-11 02:29:11,-62.45571,19.966558,-69.44456,225.56017,864.22284,-0.027285995,-50301.87242974572,101.0,S_1968
2024-05-11 02:29:12,-62.427597,19.959078,-69.3956,225.48323,864.208,-0.027312228,-50439.399096797424,101.0,S_1968
2024-05-11 02:29:13,-62.39941,19.951612,-69.339645,225.4063,864.22656,-0.026289064,-50560.73733909115,101.0,S_1968
2024-05-11 02:29:14,-62.371147,19.944159,-69.28369,225.33636,864.2321,-0.025265899,-50678.947833135055,101.0,S_1968
2024-05-11 02:29:15,-62.34281,19.93672,-69.22774,225.25943,864.22656,-0.023060473,-50781.105822822035,101.0,S_1968
2024-05-11 02:29:16,-62.3144,19.929293,-69.17178,225.1825,864.22284,-0.021235071,-50853.19341947029,101.0,S_1968
2024-05-11 02:29:17,-62.28591,19.92188,-69.122826,225.11255,864.2247,-0.019405494,-50937.048540211516,101.0,S_1968
2024-05-11 02:29:18,-62.257347,19.91448,-69.06687,225.03561,864.22656,-0.017654859,-50987.31791464191,101.0,S_1968
2024-05-11 02:29:19,-62.22871,19.907095,-69.017914,224.96567,864.2284,-0.020043075,-51061.90969606905,101.0,S_1968
2024-05-11 02:29:20,-62.199997,19.899723,-68.968956,224.88873,864.22284,-0.02002643,-51149.482081665104,101.0,S_1968
2024-05-11 02:29:21,-62.17121,19.892363,-68.913,224.8118,864.221,-0.024255479,-51257.55155882539,101.0,S_1968
2024-05-11 02:29:22,-62.14235,19.885017,-68.85705,224.74185,864.2376,-0.028801162,-51397.64609093664,101.0,S_1968
2024-05-11 02:29:23,-62.11341,19.877686,-68.801094,224.67192,864.24316,-0.030660322,-51533.17270214873,101.0,S_1968
2024-05-11 02:29:24,-62.084396,19.870367,-68.75214,224.59499,864.18024,-0.035017427,-51696.78811858212,101.0,S_1968
2024-05-11 02:29:25,-62.05531,19.863062,-68.70318,224.52504,864.071,-0.029417112,-51851.102924061866,101.0,S_1968
2024-05-11 02:29:26,-62.02615,19.85577,-68.647224,224.4481,864.008,-0.027099047,-51979.06974510745,101.0,S_1968
2024-05-11 02:29:27,-61.99691,19.848492,-68.59127,224.37816,864.0099,-0.025953695,-52100.04746104269,101.0,S_1968
2024-05-11 02:29:28,-61.967598,19.841227,-68.535324,224.30823,864.03204,-0.024341982,-52193.031497209246,101.0,S_1968
2024-05-11 02:29:29,-61.93821,19.833975,-68.48636,224.23828,864.0358,-0.022895228,-52283.26905028474,101.0,S_1968
2024-05-11 02:29:30,-61.90875,19.826736,-68.4374,224.16833,864.03204,-0.021786062,-52381.99987880309,101.0,S_1968
2024-05-11 02:29:31,-61.87921,19.819511,-68.38145,224.0984,864.0303,-0.020841386,-52468.171430507806,101.0,S_1968
2024-05-11 02:29:32,-61.849598,19.8123,-68.3255,224.02846,864.03204,-0.02048664,-52551.996717350485,101.0,S_1968
2024-05-11 02:29:33,-61.819912,19.805101,-68.26955,223.95851,864.03394,-0.020467298,-52635.74865557779,101.0,S_1968
2024-05-11 02:29:34,-61.79015,19.797918,-68.21359,223.88858,864.03204,-0.020784615,-52707.23298725473,101.0,S_1968
2024-05-11 02:29:35,-61.76031,19.790747,-68.164635,223.81863,864.02466,-0.021609401,-52805.12168984208,101.0,S_1968
2024-05-11 02:29:36,-61.730396,19.783588,-68.10868,223.74869,864.0265,-0.022431975,-52899.96798187433,101.0,S_1968
2024-05-11 02:29:37,-61.70041,19.776445,-68.05273,223.68575,864.0432,-0.022371553,-52982.3142899044,101.0,S_1968
2024-05-11 02:29:38,-61.67035,19.769314,-68.00377,223.6158,864.0506,-0.021261882,-53078.020111114034,101.0,S_1968
2024-05-11 02:29:39,-61.64021,19.762197,-67.947815,223.54587,863.9858,-0.02052601,-53145.5456602925,101.0,S_1968
2024-05-11 02:29:40,-61.609997,19.755093,-67.89886,223.48293,863.8747,-0.019458713,-53216.19059055968,101.0,S_1968
2024-05-11 02:29:41,-61.579712,19.748003,-67.8499,223.41298,863.81726,-0.017374152,-53285.277027816,101.0,S_1968
2024-05-11 02:29:42,-61.549347,19.740925,-67.793945,223.34303,863.8265,-0.01617236,-53338.038564416915,101.0,S_1968
2024-05-11 02:29:43,-61.51891,19.733862,-67.73799,223.28009,863.8432,-0.0152648045,-53387.34950652477,101.0,S_1968
2024-05-11 02:29:44,-61.4884,19.72681,-67.68204,223.21014,863.8395,-0.014698686,-53430.21222169114,101.0,S_1968
2024-05-11 02:29:45,-61.45781,19.719774,-67.62608,223.1472,863.83575,-0.013326638,-53456.969233619995,101.0,S_1968
2024-05-11 02:29:46,-61.427147,19.712751,-67.577126,223.07726,863.8339,-0.012884516,-53493.727345859224,101.0,S_1968
2024-05-11 02:29:47,-61.39641,19.705742,-67.52117,223.01431,863.83765,-0.012442395,-53513.37117137635,101.0,S_1968
2024-05-11 02:29:48,-61.365597,19.698744,-67.47221,222.95137,863.8395,-0.012935648,-53551.35702824677,101.0,S_1968
2024-05-11 02:29:49,-61.33471,19.691761,-67.41626,222.88841,863.83765,-0.014354761,-53592.89866569018,101.0,S_1968
2024-05-11 02:29:50,-61.30375,19.684792,-67.36031,222.82547,863.8321,-0.016489835,-53651.104252310775,101.0,S_1968
2024-05-11 02:29:51,-61.27271,19.677835,-67.30436,222.75552,863.83765,-0.017525103,-53713.547073108246,101.0,S_1968
2024-05-11 02:29:52,-61.241596,19.670893,-67.248405,222.69258,863.85614,-0.018519899,-53783.60844717594,101.0,S_1968
2024-05-11 02:29:53,-61.21041,19.663963,-67.19245,222.62964,863.8339,-0.020056326,-53850.01054427188,101.0,S_1968
2024-05-11 02:29:54,-61.17915,19.657047,-67.14349,222.5667,863.7376,-0.020542562,-53925.57144280468,101.0,S_1968
2024-05-11 02:29:55,-61.14781,19.650145,-67.094536,222.50374,863.63947,-0.02107388,-54019.326408928406,101.0,S_1968
2024-05-11 02:29:56,-61.116398,19.643255,-67.03858,222.4408,863.6135,-0.021894522,-54112.62460526006,101.0,S_1968
2024-05-11 02:29:57,-61.08491,19.63638,-66.98263,222.37785,863.6321,-0.021202179,-54201.2757562411,101.0,S_1968
2024-05-11 02:29:58,-61.05335,19.629519,-66.926674,222.3149,863.64685,-0.021183195,-54289.85811223212,101.0,S_1968
2024-05-11 02:29:59,-61.02171,19.62267,-66.87072,222.25195,863.645,-0.022840928,-54389.825224436514,101.0,S_1968
2024-05-11 02:30:00,-60.989998,19.615833,-66.814766,222.18901,863.6413,-0.023030361,-54474.9245193949,101.0,S_1968
2024-05-11 02:30:01,-60.957966,19.609089,-66.76581,222.12605,863.6413,-0.023514187,-54569.165654251934,101.0,S_1968
2024-05-11 02:30:02,-60.925865,19.602354,-66.71685,222.06311,863.6432,-0.025882477,-54693.1319339904,101.0,S_1968
2024-05-11 02:30:03,-60.8937,19.595633,-66.6609,222.00716,863.6432,-0.026278727,-54817.64584735989,101.0,S_1968
2024-05-11 02:30:04,-60.861465,19.58892,-66.60494,221.94421,863.63947,-0.026883293,-54942.333562634856,101.0,S_1968
2024-05-11 02:30:05,-60.829163,19.582218,-66.548996,221.88826,863.63763,-0.026698394,-55051.11770844013,101.0,S_1968
2024-05-11 02:30:06,-60.7968,19.575527,-66.50003,221.82532,863.65424,-0.026928924,-55185.63494388615,101.0,S_1968
2024-05-11 02:30:07,-60.764366,19.568848,-66.444084,221.76236,863.67096,-0.026533887,-55292.80801766507,101.0,S_1968
2024-05-11 02:30:08,-60.731865,19.56218,-66.39512,221.69942,863.63947,-0.024261119,-55406.23732455009,101.0,S_1968
2024-05-11 02:30:09,-60.6993,19.555521,-66.33917,221.64346,863.5376,-0.021897437,-55501.22191159922,101.0,S_1968
2024-05-11 02:30:10,-60.666664,19.548874,-66.28322,221.58052,863.445,-0.019318089,-55575.44152900636,101.0,S_1968
2024-05-11 02:30:11,-60.633965,19.542236,-66.227264,221.52457,863.4283,-0.01833349,-55643.856592501164,101.0,S_1968
2024-05-11 02:30:12,-60.601196,19.53561,-66.17131,221.46861,863.44867,-0.017977372,-55712.16835109421,101.0,S_1968
2024-05-11 02:30:13,-60.568363,19.528996,-66.11536,221.40567,863.4524,-0.018461682,-55780.78884220692,101.0,S_1968
2024-05-11 02:30:14,-60.535465,19.522392,-66.0594,221.34972,863.4469,-0.017602298,-55831.84080687941,101.0,S_1968
2024-05-11 02:30:15,-60.5025,19.515799,-66.010445,221.29376,863.445,-0.017079027,-55900.26874562976,101.0,S_1968
2024-05-11 02:30:16,-60.469463,19.509216,-65.95449,221.23082,863.4469,-0.017226696,-55948.40382287296,101.0,S_1968
2024-05-11 02:30:17,-60.436363,19.502644,-65.90553,221.17487,863.44867,-0.01905631,-56030.53231463912,101.0,S_1968
2024-05-11 02:30:18,-60.4032,19.496084,-65.84958,221.11191,863.44867,-0.023601837,-56134.08336158293,101.0,S_1968
2024-05-11 02:30:19,-60.369965,19.489532,-65.793625,221.05595,863.445,-0.02504262,-56248.16163676021,101.0,S_1968
2024-05-11 02:30:20,-60.336662,19.482994,-65.73768,221.0,863.4431,-0.025689797,-56366.69541419018,101.0,S_1968
2024-05-11 02:30:21,-60.3033,19.476465,-65.681725,220.94406,863.45795,-0.025836883,-56486.29402892561,101.0,S_1968
2024-05-11 02:30:22,-60.269863,19.469948,-65.62577,220.8881,863.4654,-0.024692558,-56580.61091522069,101.0,S_1968
2024-05-11 02:30:23,-60.236362,19.46344,-65.57681,220.83215,863.4024,-0.023716686,-56692.115940467454,101.0,S_1968
2024-05-11 02:30:24,-60.202797,19.456945,-65.52086,220.7762,863.29315,-0.020389976,-56775.117316546995,101.0,S_1968
2024-05-11 02:30:25,-60.169163,19.450459,-65.464905,220.72025,863.22833,-0.018401813,-56858.108636565725,101.0,S_1968
2024-05-11 02:30:26,-60.135464,19.443985,-65.401955,220.66429,863.232,-0.020515798,-56935.980149859606,101.0,S_1968
2024-05-11 02:30:27,-60.101696,19.437521,-65.34601,220.60834,863.2543,-0.018864116,-57008.85529562502,101.0,S_1968
2024-05-11 02:30:28,-60.067863,19.431068,-65.290054,220.55238,863.25793,-0.021516155,-57084.398896749495,101.0,S_1968
2024-05-11 02:30:29,-60.033962,19.424625,-65.2411,220.49643,863.2524,-0.022168482,-57185.82322446274,101.0,S_1968
2024-05-11 02:30:30,-59.999996,19.418194,-65.18514,220.44048,863.25055,-0.017467156,-57249.40271474434,101.0,S_1968
2024-05-11 02:30:31,-59.965965,19.411774,-65.12919,220.38452,863.2524,-0.023535205,-57337.38021228301,101.0,S_1968
2024-05-11 02:30:32,-59.93186,19.405365,-65.08023,220.32857,863.2543,-0.020932931,-57415.7325417962,101.0,S_1968
2024-05-11 02:30:33,-59.897697,19.398966,-65.03127,220.27261,863.2524,-0.008664051,-57424.85445105973,101.0,S_1968
2024-05-11 02:30:34,-59.863464,19.392578,-64.97532,220.22366,863.2468,-0.012895333,-57458.406149831164,101.0,S_1968
2024-05-11 02:30:35,-59.829163,19.3862,-64.919365,220.16771,863.2543,-0.01937564,-57535.187602271006,101.0,S_1968
2024-05-11 02:30:36,-59.794796,19.379833,-64.86341,220.11176,863.2764,-0.028584905,-57674.47756759684,101.0,S_1968
2024-05-11 02:30:37,-59.760365,19.373478,-64.80746,220.0558,863.2746,-0.03692832,-57865.8842286031,101.0,S_1968
2024-05-11 02:30:38,-59.725864,19.367132,-64.7515,220.00684,863.2042,-0.017017186,-57927.5787816261,101.0,S_1968
2024-05-11 02:30:39,-59.691296,19.360798,-64.69555,219.9509,863.0949,-0.008241521,-57927.99944961813,101.0,S_1968
2024-05-11 02:30:40,-59.656662,19.354475,-64.6396,219.90193,863.0394,-0.017336369,-57991.98103069769,101.0,S_1968
2024-05-11 02:30:41,-59.621964,19.348164,-64.58365,219.84598,863.0487,-0.019776328,-58069.361097586836,101.0,S_1968
2024-05-11 02:30:42,-59.587196,19.341862,-64.527695,219.79703,863.0635,-0.010155294,-58083.38318657254,101.0,S_1968
2024-05-11 02:30:43,-59.552364,19.335571,-64.47174,219.74806,863.06165,0.0227376,-57891.29061913071,101.0,S_1968
2024-05-11 02:30:44,-59.517464,19.32929,-64.42278,219.69211,863.0561,0.014949396,-57743.23463156336,101.0,S_1968
2024-05-11 02:30:45,-59.4825,19.32302,-64.36683,219.64314,863.0579,-0.010035079,-57757.82896656437,101.0,S_1968
2024-05-11 02:30:46,-59.447464,19.316763,-64.310875,219.5872,863.05975,-0.048152372,-57996.93785757576,101.0,S_1968
2024-05-11 02:30:47,-59.412365,19.310514,-64.26192,219.53125,863.06165,-0.04223731,-58230.6358641925,101.0,S_1968
2024-05-11 02:30:48,-59.377197,19.304277,-64.20596,219.48228,863.0579,-0.03632225,-58419.59403154625,101.0,S_1968
2024-05-11 02:30:49,-59.341965,19.298052,-64.15001,219.43332,863.05237,-0.03675112,-58611.48636129302,101.0,S_1968
2024-05-11 02:30:50,-59.306664,19.291836,-64.094055,219.38437,863.05975,-0.039138027,-58824.45661554871,101.0,S_1968
2024-05-11 02:30:51,-59.271297,19.285631,-64.03811,219.32841,863.0783,-0.04684765,-59049.475935835435,101.0,S_1968
2024-05-11 02:30:52,-59.235863,19.279438,-63.989147,219.27945,863.0561,-0.010573804,-59072.690824655525,101.0,S_1968
2024-05-11 02:30:53,-59.200363,19.273256,-63.933193,219.2305,862.95795,-0.03558189,-59257.0778688241,101.0,S_1968
2024-05-11 02:30:54,-59.1648,19.267084,-63.877243,219.18153,862.86163,-0.023980092,-59363.96799465464,101.0,S_1968
2024-05-11 02:30:55,-59.12916,19.260921,-63.82129,219.13258,862.8357,0.0065694125,-59260.980952945785,101.0,S_1968
2024-05-11 02:30:56,-59.093464,19.254772,-63.758343,219.07663,862.8542,-0.018154696,-59322.25536155146,101.0,S_1968
2024-05-11 02:30:57,-59.057697,19.248632,-63.70239,219.02766,862.869,-0.013792849,-59351.214820145135,101.0,S_1968
2024-05-11 02:30:58,-59.021862,19.242504,-63.65343,218.97871,862.8653,-0.009431003,-59367.002571731704,101.0,S_1968
2024-05-11 02:30:59,-58.985962,19.236385,-63.597477,218.92975,862.86346,-0.008374349,-59369.701906765215,101.0,S_1968
2024-05-11 02:31:00,-58.949997,19.230278,-63.541523,218.8808,862.86346,-0.0075900503,-59367.186528977894,101.0,S_1968
2024-05-11 02:31:01,-58.9138,19.224176,-63.48557,218.83183,862.86163,-0.0054053534,-59350.06486700133,101.0,S_1968
2024-05-11 02:31:02,-58.87754,19.218086,-63.42962,218.78287,862.85974,-0.015803581,-59402.6506783252,101.0,S_1968
2024-05-11 02:31:03,-58.84122,19.212008,-63.373665,218.73392,862.87274,-0.004969712,-59379.097609298624,101.0,S_1968
2024-05-11 02:31:04,-58.80484,19.20594,-63.324707,218.68495,862.87646,-0.012894183,-59418.30121419934,101.0,S_1968
2024-05-11 02:31:05,-58.7684,19.199883,-63.268753,218.636,862.83014,-0.018820705,-59505.0115863338,101.0,S_1968
2024-05-11 02:31:06,-58.731895,19.193836,-63.205807,218.58704,862.7394,-0.026014343,-59620.24293898619,101.0,S_1968
2024-05-11 02:31:07,-58.69533,19.187801,-63.149853,218.53809,862.6671,-0.020063333,-59701.64963619193,101.0,S_1968
2024-05-11 02:31:08,-58.658707,19.181776,-63.0939,218.48912,862.6542,-0.017677305,-59764.92541356091,101.0,S_1968
2024-05-11 02:31:09,-58.62202,19.175764,-63.03795,218.44716,862.669,-0.024845442,-59861.42904145169,101.0,S_1968
2024-05-11 02:31:10,-58.585274,19.169762,-62.988987,218.3982,862.67267,-0.02511649,-59982.92544502932,101.0,S_1968
2024-05-11 02:31:11,-58.548466,19.163769,-62.933037,218.34924,862.669,-0.022778781,-60082.786390427806,101.0,S_1968
2024-05-11 02:31:12,-58.511597,19.15779,-62.877083,218.30028,862.6671,-0.025070133,-60198.08827122065,101.0,S_1968
2024-05-11 02:31:13,-58.474667,19.15182,-62.82113,218.25133,862.669,-0.020415919,-60282.18180833409,101.0,S_1968
2024-05-11 02:31:14,-58.437675,19.14586,-62.76518,218.20236,862.6709,-0.02130011,-60369.621230725825,101.0,S_1968
2024-05-11 02:31:15,-58.400623,19.139914,-62.709225,218.1604,862.669,-0.018465664,-60441.42815607473,101.0,S_1968
2024-05-11 02:31:16,-58.36351,19.133976,-62.65327,218.11143,862.66345,-0.02336543,-60542.58942329351,101.0,S_1968
2024-05-11 02:31:17,-58.326332,19.128052,-62.597317,218.06947,862.66345,-0.028265195,-60680.404050320154,101.0,S_1968
2024-05-11 02:31:18,-58.289097,19.122137,-62.541367,218.02051,862.6801,-0.032406326,-60845.45197424112,101.0,S_1968
2024-05-11 02:31:19,-58.2518,19.116232,-62.485413,217.97156,862.6875,-0.03654746,-61033.803235541374,101.0,S_1968
2024-05-11 02:31:20,-58.214443,19.11034,-62.42946,217.9296,862.6227,-0.040688593,-61250.25297977512,101.0,S_1968
2024-05-11 02:31:21,-58.17702,19.104458,-62.37351,217.88763,862.51154,-0.044829726,-61467.84346543657,101.0,S_1968
2024-05-11 02:31:22,-58.13954,19.098587,-62.324547,217.83867,862.45416,-0.038192227,-61678.15199783986,101.0,S_1968
2024-05-11 02:31:23,-58.102,19.092728,-62.268597,217.7897,862.46533,-0.031554732,-61833.78309395861,101.0,S_1968
2024-05-11 02:31:24,-58.064396,19.086878,-62.212643,217.74774,862.4801,-0.030556163,-61987.517033249416,101.0,S_1968
2024-05-11 02:31:25,-58.026733,19.08104,-62.15669,217.69879,862.4764,-0.029557593,-62133.910526817155,101.0,S_1968
2024-05-11 02:31:26,-57.98901,19.075212,-62.100735,217.64983,862.4727,-0.030033963,-62279.66121078377,101.0,S_1968
2024-05-11 02:31:27,-57.95122,19.069397,-62.044785,217.60786,862.4727,-0.057026442,-62604.672042087856,101.0,S_1968
2024-05-11 02:31:28,-57.913376,19.063591,-61.98883,217.5659,862.47455,-0.033097804,-62771.52165270901,101.0,S_1968
2024-05-11 02:31:29,-57.875465,19.057798,-61.932877,217.52393,862.4764,-0.021922676,-62867.371297424106,101.0,S_1968
2024-05-11 02:31:30,-57.837498,19.052013,-61.876926,217.47498,862.47455,-0.037988957,-63066.01721029515,101.0,S_1968
2024-05-11 02:31:31,-57.79947,19.046242,-61.820972,217.43301,862.4708,-0.03987271,-63277.88604409495,101.0,S_1968
2024-05-11 02:31:32,-57.761375,19.040482,-61.76502,217.39105,862.47455,-0.027506297,-63407.981095543204,101.0,S_1968
2024-05-11 02:31:33,-57.723225,19.03473,-61.709064,217.34908,862.4894,-0.020173555,-63477.88729062675,101.0,S_1968
2024-05-11 02:31:34,-57.68501,19.028992,-61.660107,217.30013,862.4727,-0.0141700525,-63535.54068777994,101.0,S_1968
2024-05-11 02:31:35,-57.646732,19.023262,-61.59716,217.25816,862.3967,-0.014417917,-63573.14618165369,101.0,S_1968
2024-05-11 02:31:36,-57.6084,19.017546,-61.541206,217.21619,862.30786,-0.0144406045,-63618.84994888664,101.0,S_1968
2024-05-11 02:31:37,-57.57,19.011839,-61.485256,217.16724,862.26526,-0.027602216,-63749.18330581648,101.0,S_1968
2024-05-11 02:31:38,-57.531544,19.006144,-61.429302,217.12527,862.2727,-0.0056592776,-63730.721816854086,101.0,S_1968
2024-05-11 02:31:39,-57.493023,19.000458,-61.380344,217.0833,862.2838,-0.0022344547,-63699.673720892286,101.0,S_1968
2024-05-11 02:31:40,-57.45444,18.994785,-61.32439,217.04134,862.2819,-0.033599563,-63870.61221780088,101.0,S_1968
2024-05-11 02:31:41,-57.415802,18.989122,-61.268436,216.99937,862.27826,-0.028248917,-64006.13851344623,101.0,S_1968
2024-05-11 02:31:42,-57.377098,18.98347,-61.212482,216.95741,862.27826,-0.022898272,-64106.22949302255,101.0,S_1968
2024-05-11 02:31:43,-57.338333,18.977829,-61.156532,216.91545,862.2801,-0.02531689,-64225.922410199244,101.0,S_1968
2024-05-11 02:31:44,-57.299507,18.972198,-61.10058,216.86649,862.2819,-0.015056395,-64273.423512842506,101.0,S_1968
2024-05-11 02:31:45,-57.260624,18.96658,-61.044624,216.82452,862.27637,-0.024674334,-64385.45803016389,101.0,S_1968
2024-05-11 02:31:46,-57.221676,18.960972,-60.988674,216.78256,862.2727,-0.016468389,-64443.1004399996,101.0,S_1968
2024-05-11 02:31:47,-57.182667,18.955376,-60.93272,216.74059,862.2801,-0.0065092836,-64434.66351123259,101.0,S_1968
2024-05-11 02:31:48,-57.143597,18.94979,-60.876766,216.69862,862.3004,-0.025228895,-64550.55537654988,101.0,S_1968
2024-05-11 02:31:49,-57.10447,18.944214,-60.820812,216.65666,862.27637,-0.011917341,-64578.09407933199,101.0,S_1968
2024-05-11 02:31:50,-57.065277,18.93865,-60.764862,216.6147,862.1782,-0.01083738,-64598.506264465424,101.0,S_1968
2024-05-11 02:31:51,-57.026024,18.933098,-60.708908,216.57274,862.0819,-0.01893584,-64659.0221072438,101.0,S_1968
2024-05-11 02:31:52,-56.98671,18.927555,-60.65995,216.53076,862.06525,-0.025241058,-64781.15637377385,101.0,S_1968
2024-05-11 02:31:53,-56.947334,18.922024,-60.603996,216.4888,862.08563,-0.024356723,-64891.52683654406,101.0,S_1968
2024-05-11 02:31:54,-56.907898,18.916504,-60.548042,216.44684,862.0893,-0.023472385,-64996.07414137437,101.0,S_1968
2024-05-11 02:31:55,-56.8684,18.910994,-60.49209,216.40488,862.08563,-0.06410624,-65362.90354792039,101.0,S_1968
2024-05-11 02:31:56,-56.828842,18.905495,-60.43614,216.3699,862.08563,-0.036709193,-65556.25470808045,101.0,S_1968
2024-05-11 02:31:57,-56.789223,18.90001,-60.380184,216.32794,862.08563,-0.023918305,-65663.93074139277,101.0,S_1968
2024-05-11 02:31:58,-56.749542,18.894531,-60.32423,216.28598,862.0819,-0.017724419,-65730.45239036933,101.0,S_1968
2024-05-11 02:31:59,-56.7098,18.889067,-60.26828,216.244,862.0801,-0.0115305325,-65755.80865795024,101.0,S_1968
2024-05-11 02:32:00,-56.67,18.883612,-60.212326,216.20204,862.09674,-0.010537214,-65774.59081217127,101.0,S_1968
2024-05-11 02:32:01,-56.629726,18.878227,-60.156372,216.16008,862.1023,-0.009543896,-65785.59586277785,101.0,S_1968
2024-05-11 02:32:02,-56.589405,18.872852,-60.100418,216.1251,862.0393,-0.008550577,-65798.16526263319,101.0,S_1968
2024-05-11 02:32:03,-56.549034,18.867485,-60.03747,216.08315,861.92816,-0.019743804,-65869.9498969908,101.0,S_1968
2024-05-11 02:32:04,-56.50862,18.862127,-59.98152,216.04817,861.8708,0.017517084,-65702.66988936614,101.0,S_1968
2024-05-11 02:32:05,-56.46816,18.85678,-59.925568,216.00621,861.88007,-0.0033340044,-65673.65205353763,101.0,S_1968
2024-05-11 02:32:06,-56.427647,18.851439,-59.869614,215.96425,861.8967,-0.0247842,-65787.60423740439,101.0,S_1968
2024-05-11 02:32:07,-56.387093,18.84611,-59.81366,215.92229,861.8967,-0.042366453,-66013.34309933595,101.0,S_1968
2024-05-11 02:32:08,-56.346485,18.840788,-59.75771,215.88731,861.8912,-0.029109022,-66156.89601952652,101.0,S_1968
2024-05-11 02:32:09,-56.305836,18.835474,-59.701756,215.84535,861.8893,-0.027882934,-66288.07680229374,101.0,S_1968
2024-05-11 02:32:10,-56.265137,18.83017,-59.6458,215.81038,861.8912,-0.026656844,-66415.38573692198,101.0,S_1968
2024-05-11 02:32:11,-56.224392,18.824875,-59.58985,215.76842,861.893,-0.019735942,-66493.38445182821,101.0,S_1968
2024-05-11 02:32:12,-56.183598,18.81959,-59.533897,215.73344,861.8893,-0.016238336,-66539.5861139678,101.0,S_1968
2024-05-11 02:32:13,-56.142757,18.814312,-59.48494,215.69148,861.8856,-0.019296732,-66623.21819037071,101.0,S_1968
2024-05-11 02:32:14,-56.10187,18.809044,-59.428986,215.6495,861.8912,-0.014395925,-66668.28542343005,101.0,S_1968
2024-05-11 02:32:15,-56.060936,18.803785,-59.37303,215.60754,861.9134,-0.014658745,-66724.15839250118,101.0,S_1968
2024-05-11 02:32:16,-56.019955,18.798534,-59.310085,215.57257,861.91156,-0.0154980365,-66769.38582986045,101.0,S_1968
2024-05-11 02:32:17,-55.978924,18.793293,-59.25413,215.5376,861.8412,-0.009970526,-66785.67708737524,101.0,S_1968
2024-05-11 02:32:18,-55.937847,18.788061,-59.198177,215.49564,861.7319,-0.0019932827,-66746.34074384591,101.0,S_1968
2024-05-11 02:32:19,-55.896725,18.782839,-59.14922,215.46066,861.67633,-0.01255475,-66785.85177779077,101.0,S_1968
2024-05-11 02:32:20,-55.855553,18.777624,-59.093266,215.4187,861.68744,-0.023116218,-66886.35677890682,101.0,S_1968
2024-05-11 02:32:21,-55.814335,18.772419,-59.037315,215.38373,861.70044,-0.013625949,-66937.20111969323,101.0,S_1968
2024-05-11 02:32:22,-55.77307,18.767221,-58.97437,215.34177,861.69855,-0.004135679,-66910.68414736578,101.0,S_1968
2024-05-11 02:32:23,-55.73176,18.762035,-58.91142,215.3068,861.6949,-0.0062250197,-66891.7985019971,101.0,S_1968
2024-05-11 02:32:24,-55.6904,18.756857,-58.86246,215.26483,861.6967,-0.008314361,-66901.3830698765,101.0,S_1968
2024-05-11 02:32:25,-55.64899,18.751686,-58.806507,215.22986,861.693,-0.006680551,-66895.95985881996,101.0,S_1968
2024-05-11 02:32:26,-55.607536,18.746525,-58.750557,215.1879,861.68933,-0.007625917,-66900.90874048308,101.0,S_1968
2024-05-11 02:32:27,-55.566036,18.741375,-58.68761,215.15292,861.6967,-0.009473328,-66900.12094614266,101.0,S_1968
2024-05-11 02:32:28,-55.524487,18.73623,-58.63865,215.11795,861.71704,-0.0064716376,-66898.36843039871,101.0,S_1968
2024-05-11 02:32:29,-55.48289,18.731098,-58.5827,215.083,861.693,-0.0031679685,-66869.13136960189,101.0,S_1968
2024-05-11 02:32:30,-55.441246,18.725973,-58.526745,215.04802,861.593,-0.0035582026,-66842.96721936016,101.0,S_1968
2024-05-11 02:32:31,-55.39956,18.720858,-58.47079,215.00606,861.49854,-0.0060965796,-66832.3620253554,101.0,S_1968
2024-05-11 02:32:32,-55.35782,18.71575,-58.414837,214.97108,861.4819,-0.008634957,-66839.0639141571,101.0,S_1968
2024-05-11 02:32:33,-55.316036,18.710651,-58.358887,214.93611,861.50226,-0.012869769,-66864.1318576473,101.0,S_1968
2024-05-11 02:32:34,-55.274204,18.705563,-58.309925,214.90114,861.5059,-0.012091216,-66899.41953100482,101.0,S_1968
2024-05-11 02:32:35,-55.232323,18.700483,-58.253975,214.86617,861.50037,-0.005815304,-66892.77375475463,101.0,S_1968
2024-05-11 02:32:36,-55.1904,18.695412,-58.19103,214.8242,861.49854,-0.008151397,-66889.97007138633,101.0,S_1968
2024-05-11 02:32:37,-55.148426,18.69035,-58.135075,214.78923,861.50037,-0.0066304253,-66883.67729784256,101.0,S_1968
2024-05-11 02:32:38,-55.106403,18.685297,-58.07912,214.75426,861.50226,-0.011187276,-66899.11359091914,101.0,S_1968
2024-05-11 02:32:39,-55.064335,18.680252,-58.030163,214.7193,861.50226,0.0014955313,-66844.24150335058,101.0,S_1968
2024-05-11 02:32:40,-55.02222,18.675217,-57.967216,214.68433,861.49854,0.0017257209,-66775.82081216262,101.0,S_1968
2024-05-11 02:32:41,-54.980057,18.67019,-57.904266,214.64236,861.4967,0.0019559106,-66706.79962982675,101.0,S_1968
2024-05-11 02:32:42,-54.937847,18.665173,-57.848316,214.60739,861.5115,0.0021861002,-66642.7411664897,101.0,S_1968
2024-05-11 02:32:43,-54.89559,18.660164,-57.792362,214.57242,861.5189,0.0024162899,-66578.96281806011,101.0,S_1968
2024-05-11 02:32:44,-54.853287,18.655165,-57.743404,214.53745,861.45593,0.0026464798,-66517.74298046334,101.0,S_1968
2024-05-11 02:32:45,-54.810936,18.650173,-57.68745,214.50247,861.3467,0.0028766694,-66449.20811662762,101.0,S_1968
2024-05-11 02:32:46,-54.768536,18.645193,-57.631496,214.4675,861.28186,0.003106859,-66376.87499422574,101.0,S_1968
2024-05-11 02:32:47,-54.72609,18.64022,-57.56855,214.43254,861.2856,0.0033370487,-66299.5455974375,101.0,S_1968
2024-05-11 02:32:48,-54.683598,18.635256,-57.512596,214.39757,861.3078,0.0035672383,-66229.15213695688,101.0,S_1968
2024-05-11 02:32:49,-54.641056,18.6303,-57.46364,214.3626,861.3115,0.003797428,-66160.4602577637,101.0,S_1968
2024-05-11 02:32:50,-54.59847,18.625355,-57.407684,214.32762,861.3059,0.0040276176,-66080.9434672125,101.0,S_1968
2024-05-11 02:32:51,-54.555836,18.620419,-57.344738,214.28566,861.3059,0.0042578075,-65993.88399736818,101.0,S_1968
2024-05-11 02:32:52,-54.513153,18.61549,-57.28179,214.25069,861.3059,0.004487997,-65909.65667183898,101.0,S_1968
2024-05-11 02:32:53,-54.470425,18.61057,-57.225838,214.22272,861.30225,0.004718187,-65833.24685985243,101.0,S_1968
2024-05-11 02:32:54,-54.427647,18.605661,-57.17688,214.18774,861.3078,0.004948376,-65757.07499102227,101.0,S_1968
2024-05-11 02:32:55,-54.384823,18.60076,-57.120926,214.15277,861.33,0.005178566,-65669.76816906063,101.0,S_1968
2024-05-11 02:32:56,-54.341953,18.59587,-57.05798,214.1178,861.3282,0.0054087555,-65579.01743651192,101.0,S_1968
2024-05-11 02:32:57,-54.299034,18.590984,-57.002026,214.08282,861.2578,0.0056389454,-65492.56471642085,101.0,S_1968
2024-05-11 02:32:58,-54.25607,18.586111,-56.946075,214.04785,861.1485,0.0058691353,-65408.91242135846,101.0,S_1968
2024-05-11 02:32:59,-54.21306,18.581245,-56.897114,214.0129,861.09296,0.0060993247,-65325.249954522355,101.0,S_1968
2024-05-11 02:33:00,-54.17,18.57639,-56.841164,213.97792,861.1022,0.0063295146,-65235.102080987854,101.0,S_1968
2024-05-11 02:33:01,-54.126728,18.57158,-56.78521,213.94994,861.117,0.006559704,-65143.25496323941,101.0,S_1968
2024-05-11 02:33:02,-54.083416,18.56678,-56.729256,213.91496,861.11334,0.006789894,-65049.31621235104,101.0,S_1968
2024-05-11 02:33:03,-54.040062,18.561987,-56.673306,213.88,861.1115,0.0070200833,-64948.675998656065,101.0,S_1968
2024-05-11 02:33:04,-53.996666,18.557201,-56.610355,213.84503,861.11334,0.007250273,-64845.96606183714,101.0,S_1968
2024-05-11 02:33:05,-53.953228,18.552422,-56.554405,213.81006,861.1096,0.0074804625,-64741.99209165636,101.0,S_1968
2024-05-11 02:33:06,-53.909748,18.547651,-56.49146,213.77509,861.10406,0.0077106524,-64636.290921762295,101.0,S_1968
2024-05-11 02:33:07,-53.866226,18.542889,-56.435505,213.74011,861.11334,0.007940842,-64541.80935193882,101.0,S_1968
2024-05-11 02:33:08,-53.822666,18.538134,-56.386547,213.71214,861.1319,0.008171032,-64445.227045811014,101.0,S_1968
2024-05-11 02:33:09,-53.77906,18.533386,-56.330593,213.67717,861.1096,0.008401222,-64340.78788814953,101.0,S_1968
2024-05-11 02:33:10,-53.735416,18.528646,-56.27464,213.6422,861.00964,0.008631411,-64235.96781712008,101.0,S_1968
2024-05-11 02:33:11,-53.691727,18.523914,-56.218685,213.61423,860.91516,0.0088616,-64129.11911770418,101.0,S_1968
2024-05-11 02:33:12,-53.648,18.51919,-56.162735,213.57925,860.8985,0.009091791,-64020.177413244135,101.0,S_1968
2024-05-11 02:33:13,-53.60423,18.514473,-56.10678,213.54428,860.917,0.00932198,-63909.72996689119,101.0,S_1968
2024-05-11 02:33:14,-53.560417,18.509764,-56.050827,213.50931,860.92255,0.00955217,-63791.840876804185,101.0,S_1968
2024-05-11 02:33:15,-53.51656,18.505062,-55.98788,213.48134,860.917,0.009782359,-63673.23174374475,101.0,S_1968
2024-05-11 02:33:16,-53.472664,18.500368,-55.931927,213.44637,860.917,0.010012549,-63558.27922336622,101.0,S_1968
2024-05-11 02:33:17,-53.428726,18.495682,-55.875977,213.41139,860.9189,0.010242739,-63443.17689269195,101.0,S_1968
2024-05-11 02:33:18,-53.38475,18.491003,-55.820023,213.38342,860.91516,0.010472928,-63325.793883992475,101.0,S_1968
2024-05-11 02:33:19,-53.34073,18.48633,-55.76407,213.34845,860.9133,0.0107031185,-63206.32300022959,101.0,S_1968
2024-05-11 02:33:20,-53.296665,18.481667,-55.708115,213.31348,860.9281,0.010933308,-63085.35113076132,101.0,S_1968
2024-05-11 02:33:21,-53.25256,18.47701,-55.652164,213.2785,860.93555,0.011163497,-62964.3655751897,101.0,S_1968
2024-05-11 02:33:22,-53.208416,18.472363,-55.59621,213.25053,860.87067,0.011393687,-62850.976239209034,101.0,S_1968
2024-05-11 02:33:23,-53.164227,18.467722,-55.547253,213.22255,860.75964,0.011623877,-62723.196604384415,101.0,S_1968
2024-05-11 02:33:24,-53.12,18.463089,-55.484306,213.18758,860.7022,0.0118540665,-62581.721068196595,101.0,S_1968
2024-05-11 02:33:25,-53.07573,18.458464,-55.421356,213.15262,860.7133,0.012084256,-62449.12992085918,101.0,S_1968
2024-05-11 02:33:26,-53.031414,18.453846,-55.365406,213.12463,860.72815,0.012314445,-62319.68803751453,101.0,S_1968
2024-05-11 02:33:27,-52.98706,18.449236,-55.309452,213.08966,860.72815,0.012544636,-62189.86718745106,101.0,S_1968
2024-05-11 02:33:28,-52.942665,18.444633,-55.253498,213.06169,860.72253,0.012774825,-62057.40880056583,101.0,S_1968
2024-05-11 02:33:29,-52.898228,18.440039,-55.197548,213.02672,860.72253,0.0130050145,-61924.64442728899,101.0,S_1968
2024-05-11 02:33:30,-52.85375,18.435452,-55.141594,212.99875,860.72253,0.013235205,-61789.15928103718,101.0,S_1968
2024-05-11 02:33:31,-52.809227,18.430872,-55.08564,212.96378,860.7189,0.013465394,-61653.440562422446,101.0,S_1968
2024-05-11 02:33:32,-52.764668,18.4263,-55.029686,212.93579,860.72253,0.013695584,-61514.93632746687,101.0,S_1968
2024-05-11 02:33:33,-52.720062,18.421736,-54.973736,212.90082,860.73737,0.013925773,-61365.8060937565,101.0,S_1968
2024-05-11 02:33:34,-52.675415,18.41718,-54.910786,212.87285,860.7207,0.014155963,-61218.58480149243,101.0,S_1968
2024-05-11 02:33:35,-52.63073,18.412632,-54.854836,212.83788,860.6448,0.014386153,-61087.6792720565,101.0,S_1968
2024-05-11 02:33:36,-52.586,18.40809,-54.805874,212.8099,860.55585,0.014616342,-60948.811777978,101.0,S_1968
2024-05-11 02:33:37,-52.54123,18.403557,-54.749924,212.77493,860.51324,0.014846533,-60793.09663016074,101.0,S_1968
2024-05-11 02:33:38,-52.496418,18.39903,-54.686977,212.74695,860.5207,0.015076722,-60641.938619892695,101.0,S_1968
2024-05-11 02:33:39,-52.45156,18.394512,-54.631023,212.71898,860.5318,0.015306911,-60492.835492412734,101.0,S_1968
2024-05-11 02:33:40,-52.406666,18.390001,-54.57507,212.684,860.5299,0.015537101,-60341.656761754566,101.0,S_1968
2024-05-11 02:33:41,-52.36173,18.385498,-54.519115,212.64903,860.52814,0.015767291,-60202.91717540487,101.0,S_1968
2024-05-11 02:33:42,-52.31675,18.381002,-54.470158,212.62106,860.52814,0.01599748,-60045.19023875406,101.0,S_1968
2024-05-11 02:33:43,-52.27173,18.376514,-54.40721,212.59308,860.52435,0.01622767,-59884.35497499962,101.0,S_1968
2024-05-11 02:33:44,-52.226665,18.372034,-54.351257,212.5581,860.5226,0.01645786,-59717.10462854465,101.0,S_1968
2024-05-11 02:33:45,-52.18156,18.367561,-54.28831,212.53014,860.5392,0.016688049,-59555.62357836976,101.0,S_1968
2024-05-11 02:33:46,-52.136417,18.363096,-54.232357,212.50217,860.55585,0.01691824,-59395.911161357726,101.0,S_1968
2024-05-11 02:33:47,-52.09123,18.358639,-54.176407,212.4672,860.52435,0.01714843,-59236.578610079014,101.0,S_1968
2024-05-11 02:33:48,-52.046,18.354189,-54.120453,212.43921,860.4244,0.017378619,-59076.321020267584,101.0,S_1968
2024-05-11 02:33:49,-52.00073,18.349749,-54.0645,212.41124,860.32996,0.017608808,-58912.045972797205,101.0,S_1968
2024-05-11 02:33:50,-51.955418,18.345314,-54.008545,212.37627,860.3151,0.017838998,-58748.28102615841,101.0,S_1968
2024-05-11 02:33:51,-51.91006,18.340887,-53.952595,212.34828,860.3336,0.018069187,-58583.585534331025,101.0,S_1968
2024-05-11 02:33:52,-51.864666,18.336468,-53.89664,212.32031,860.33734,0.018299377,-58401.29654755381,101.0,S_1968
2024-05-11 02:33:53,-51.81923,18.332056,-53.833694,212.28534,860.3336,0.018529566,-58227.45280481232,101.0,S_1968
2024-05-11 02:33:54,-51.77375,18.327652,-53.77774,212.25737,860.3336,0.018759757,-58058.30906395713,101.0,S_1968
2024-05-11 02:33:55,-51.72823,18.323256,-53.721786,212.22939,860.3336,0.018989947,-57887.69558463758,101.0,S_1968
2024-05-11 02:33:56,-51.682667,18.318867,-53.665836,212.20142,860.32806,0.019220136,-57715.59123846152,101.0,S_1968
2024-05-11 02:33:57,-51.637062,18.314487,-53.609882,212.17343,860.32806,0.019450326,-57539.14348203137,101.0,S_1968
2024-05-11 02:33:58,-51.591415,18.310114,-53.55393,212.13846,860.3447,0.019680515,-57363.54309892931,101.0,S_1968
2024-05-11 02:33:59,-51.54573,18.305748,-53.49798,212.11049,860.3521,0.019910704,-57186.9977793483,101.0,S_1968
2024-05-11 02:34:00,-51.5,18.30139,-53.442024,212.08252,860.2873,0.020140894,-56993.87176963322,101.0,S_1968
2024-05-11 02:34:01,-51.453903,18.297056,-53.379078,212.05453,860.1762,0.020371085,-56808.74138170884,101.0,S_1968
2024-05-11 02:34:02,-51.407772,18.292728,-53.323124,212.02657,860.11884,0.020601274,-56627.73891666278,101.0,S_1968
2024-05-11 02:34:03,-51.361614,18.288408,-53.26717,211.99858,860.12994,0.020831464,-56442.143966652715,101.0,S_1968
2024-05-11 02:34:04,-51.315422,18.284094,-53.211216,211.96361,860.1429,0.021061653,-56273.26061780205,101.0,S_1968
2024-05-11 02:34:05,-51.269203,18.279789,-53.16226,211.93564,860.141,0.021291843,-56093.413824804986,101.0,S_1968
2024-05-11 02:34:06,-51.22295,18.27549,-53.106304,211.90765,860.1373,0.021522032,-55903.2560795586,101.0,S_1968
2024-05-11 02:34:07,-51.176666,18.271198,-53.050354,211.8727,860.13916,0.021752222,-55698.01842824968,101.0,S_1968
2024-05-11 02:34:08,-51.130356,18.266912,-52.987408,211.84471,860.13916,0.021982413,-55488.41300359699,101.0,S_1968
2024-05-11 02:34:09,-51.08401,18.262636,-52.924458,211.82373,860.1336,0.022212602,-55291.96837337765,101.0,S_1968
2024-05-11 02:34:10,-51.03764,18.258366,-52.868507,211.79576,860.13916,0.022442792,-55095.68551362444,101.0,S_1968
2024-05-11 02:34:11,-50.991234,18.2541,-52.812553,211.76079,860.1577,0.022672981,-54900.79131314863,101.0,S_1968
2024-05-11 02:34:12,-50.9448,18.249846,-52.7566,211.7328,860.1355,0.02290317,-54704.95579311722,101.0,S_1968
2024-05-11 02:34:13,-50.898335,18.245596,-52.70065,211.70483,860.0392,0.02313336,-54507.62234540547,101.0,S_1968
2024-05-11 02:34:14,-50.851837,18.241354,-52.644695,211.67685,859.941,0.02336355,-54308.804929531136,101.0,S_1968
2024-05-11 02:34:15,-50.805313,18.237118,-52.58874,211.64888,859.91504,0.02359374,-54108.49394361478,101.0,S_1968
2024-05-11 02:34:16,-50.758755,18.232891,-52.532787,211.6209,859.93365,0.02382393,-53906.71097395553,101.0,S_1968
2024-05-11 02:34:17,-50.71217,18.22867,-52.476837,211.59293,859.95026,0.02405412,-53685.429912459746,101.0,S_1968
2024-05-11 02:34:18,-50.66555,18.224457,-52.413887,211.56494,859.9484,0.024284309,-53475.10153260418,101.0,S_1968
2024-05-11 02:34:19,-50.6189,18.22025,-52.357937,211.53697,859.9392,0.024514498,-53268.85070027651,101.0,S_1968
2024-05-11 02:34:20,-50.572224,18.21605,-52.301983,211.509,859.9392,0.024744688,-53057.25186746477,101.0,S_1968
2024-05-11 02:34:21,-50.525513,18.211857,-52.24603,211.47403,859.9558,0.024974877,-52850.60618500423,101.0,S_1968
2024-05-11 02:34:22,-50.47877,18.207672,-52.19008,211.45305,859.96136,0.025205066,-52640.39881304219,101.0,S_1968
2024-05-11 02:34:23,-50.432003,18.203493,-52.134125,211.42506,859.89844,0.025435258,-52409.18008819001,101.0,S_1968
2024-05-11 02:34:24,-50.3852,18.199322,-52.07118,211.3971,859.7891,0.025665447,-52189.9245332056,101.0,S_1968
2024-05-11 02:34:25,-50.338367,18.195158,-52.015224,211.36911,859.7243,0.025895637,-51974.736457748746,101.0,S_1968
2024-05-11 02:34:26,-50.291504,18.191002,-51.95927,211.34114,859.728,0.026125826,-51758.06143820782,101.0,S_1968
2024-05-11 02:34:27,-50.244614,18.186852,-51.90332,211.31316,859.75024,0.026356015,-51539.89539456238,101.0,S_1968
2024-05-11 02:34:28,-50.19769,18.182709,-51.847366,211.28519,859.75397,0.026586205,-51320.22876008238,101.0,S_1968
2024-05-11 02:34:29,-50.150734,18.178574,-51.791412,211.2572,859.74835,0.026816394,-51099.07854350594,101.0,S_1968
2024-05-11 02:34:30,-50.103752,18.174444,-51.73546,211.22923,859.74835,0.027046585,-50876.44078627355,101.0,S_1968
2024-05-11 02:34:31,-50.056736,18.170322,-51.67951,211.20125,859.74835,0.027276775,-50652.311068500785,101.0,S_1968
2024-05-11 02:34:32,-50.00969,18.166208,-51.623554,211.17328,859.7466,0.027506964,-50406.14289116619,101.0,S_1968
2024-05-11 02:34:33,-49.962612,18.162102,-51.560608,211.1453,859.75024,0.027737154,-50173.50260080524,101.0,S_1968
2024-05-11 02:34:34,-49.915504,18.158,-51.504654,211.11732,859.76324,0.027967343,-49944.89573706841,101.0,S_1968
2024-05-11 02:34:35,-49.86837,18.153908,-51.4487,211.08936,859.7466,0.028197533,-49714.79913227563,101.0,S_1968
2024-05-11 02:34:36,-49.8212,18.149822,-51.39275,211.06137,859.67065,0.028427722,-49486.86194365918,101.0,S_1968
2024-05-11 02:34:37,-49.774002,18.145742,-51.336796,211.04039,859.5817,0.028657913,-49254.2787944008,101.0,S_1968
2024-05-11 02:34:38,-49.726772,18.141672,-51.28084,211.01242,859.541,0.028888103,-49019.6905497252,101.0,S_1968
2024-05-11 02:34:39,-49.679512,18.137608,-51.224888,210.98444,859.5484,0.029118292,-48783.62826200036,101.0,S_1968
2024-05-11 02:34:40,-49.63222,18.133549,-51.168938,210.95647,859.5595,0.029348481,-48524.16308823484,101.0,S_1968
2024-05-11 02:34:41,-49.5849,18.1295,-51.10599,210.92848,859.5576,0.02957867,-48279.600569785296,101.0,S_1968
2024-05-11 02:34:42,-49.53755,18.125456,-51.050037,210.90051,859.55206,0.02980886,-48039.03621339479,101.0,S_1968
2024-05-11 02:34:43,-49.49017,18.12142,-50.994083,210.87253,859.55023,0.03003905,-47796.98566577982,101.0,S_1968
2024-05-11 02:34:44,-49.442757,18.11739,-50.93813,210.84456,859.5632,0.030269241,-47534.42217882574,101.0,S_1968
2024-05-11 02:34:45,-49.395313,18.113367,-50.875183,210.82358,859.5687,0.03049943,-47284.376963530085,101.0,S_1968
2024-05-11 02:34:46,-49.34784,18.109352,-50.81923,210.7956,859.5206,0.03072962,-47014.9327543594,101.0,S_1968
2024-05-11 02:34:47,-49.300335,18.105345,-50.756283,210.76762,859.4299,0.03095981,-46765.516734776,101.0,S_1968
2024-05-11 02:34:48,-49.2528,18.101343,-50.700333,210.74664,859.3576,0.031189999,-46539.449290101475,101.0,S_1968
2024-05-11 02:34:49,-49.205235,18.097351,-50.65137,210.71866,859.3465,0.03142019,-46293.9127560091,101.0,S_1968
2024-05-11 02:34:50,-49.15764,18.093365,-50.59542,210.69069,859.3613,0.03165038,-46041.38345816014,101.0,S_1968
2024-05-11 02:34:51,-49.110012,18.089384,-50.539467,210.6627,859.36316,0.03188057,-45787.36370500292,101.0,S_1968
2024-05-11 02:34:52,-49.062355,18.085411,-50.483513,210.63474,859.3595,0.032110758,-45507.91667818815,101.0,S_1968
2024-05-11 02:34:53,-49.014668,18.081446,-50.420567,210.60675,859.3613,0.032340948,-45249.76315316702,101.0,S_1968
2024-05-11 02:34:54,-48.96695,18.077488,-50.364613,210.58577,859.3595,0.032571137,-44967.47724726923,101.0,S_1968
2024-05-11 02:34:55,-48.9192,18.073538,-50.301666,210.5578,859.35394,0.032801326,-44701.99790409731,101.0,S_1968
2024-05-11 02:34:56,-48.87142,18.069593,-50.245712,210.52982,859.35394,0.033031516,-44444.95211017442,101.0,S_1968
2024-05-11 02:34:57,-48.823612,18.065657,-50.189762,210.50883,859.37244,0.033261705,-44206.90344517458,101.0,S_1968
2024-05-11 02:34:58,-48.775772,18.061728,-50.1408,210.48087,859.378,0.033491895,-43922.90263734595,101.0,S_1968
2024-05-11 02:34:59,-48.7279,18.057804,-50.077854,210.45288,859.3132,0.033722084,-43651.44943936243,101.0,S_1968
2024-05-11 02:35:00,-48.68,18.053888,-50.0219,210.42491,859.2039,0.033952273,-43362.809844214324,101.0,S_1968
2024-05-11 02:35:01,-48.63207,18.050001,-49.958954,210.40393,859.1465,0.034182463,-43088.84417574281,101.0,S_1968
2024-05-11 02:35:02,-48.584106,18.046118,-49.903004,210.37595,859.15576,0.034412656,-42848.953482324694,101.0,S_1968
2024-05-11 02:35:03,-48.536114,18.042244,-49.854042,210.35497,859.1724,0.034642845,-42582.871078363416,101.0,S_1968
2024-05-11 02:35:04,-48.48809,18.038374,-49.79809,210.327,859.16876,0.034873035,-42309.354559901316,101.0,S_1968
2024-05-11 02:35:05,-48.440037,18.034512,-49.742138,210.29901,859.1613,0.035103224,-42034.345094192424,101.0,S_1968
2024-05-11 02:35:06,-48.39195,18.030657,-49.686184,210.27104,859.15576,0.035333414,-41735.915840096844,101.0,S_1968
2024-05-11 02:35:07,-48.343834,18.026806,-49.623238,210.25006,859.1669,0.035563603,-41452.94060889007,101.0,S_1968
2024-05-11 02:35:08,-48.29569,18.022964,-49.567284,210.22208,859.18536,0.035793792,-41146.80763002037,101.0,S_1968
2024-05-11 02:35:09,-48.247513,18.019127,-49.504337,210.1941,859.1632,0.036023982,-40860.363342228375,101.0,S_1968
2024-05-11 02:35:10,-48.199306,18.015297,-49.448383,210.16612,859.0632,0.03625417,-40610.18301609518,101.0,S_1968
2024-05-11 02:35:11,-48.15107,18.011473,-49.399426,210.14514,858.9687,0.03648436,-40309.476626227755,101.0,S_1968
2024-05-11 02:35:12,-48.1028,18.007654,-49.33648,210.12416,858.9521,0.03671455,-39991.72016749,101.0,S_1968
2024-05-11 02:35:13,-48.0545,18.003843,-49.273533,210.09619,858.9724,0.03694474,-39699.27460908072,101.0,S_1968
2024-05-11 02:35:14,-48.006172,18.000038,-49.21758,210.0682,858.978,0.03717493,-39443.93794750195,101.0,S_1968
2024-05-11 02:35:15,-47.957813,17.99624,-49.16862,210.04723,858.9706,0.03740512,-39131.96004528832,101.0,S_1968
2024-05-11 02:35:16,-47.909424,17.992449,-49.105675,210.01924,858.96313,0.037635308,-38835.02346170656,101.0,S_1968
2024-05-11 02:35:17,-47.861,17.988663,-49.04972,209.99127,858.965,0.0378655,-38547.326522408825,101.0,S_1968
2024-05-11 02:35:18,-47.81255,17.984884,-48.993767,209.97029,858.9835,0.03809569,-38253.22356592535,101.0,S_1968
2024-05-11 02:35:19,-47.76407,17.981112,-48.937813,209.9423,858.9891,0.03832588,-37962.61948028619,101.0,S_1968
2024-05-11 02:35:20,-47.715557,17.977345,-48.881863,209.92133,858.92426,0.03855607,-37636.870721419196,101.0,S_1968
2024-05-11 02:35:21,-47.66701,17.973585,-48.818913,209.89336,858.8131,0.03878626,-37337.964948972745,101.0,S_1968
2024-05-11 02:35:22,-47.61844,17.969831,-48.762962,209.87238,858.75574,0.039016448,-37037.83804348418,101.0,S_1968
2024-05-11 02:35:23,-47.569836,17.966084,-48.70701,209.84439,858.7668,0.039246637,-36735.75771292095,101.0,S_1968
2024-05-11 02:35:24,-47.521202,17.962343,-48.651054,209.81642,858.7817,0.039476827,-36407.94261452992,101.0,S_1968
2024-05-11 02:35:25,-47.472534,17.958609,-48.588108,209.79544,858.77795,0.039707016,-36097.92169568769,101.0,S_1968
2024-05-11 02:35:26,-47.42384,17.954882,-48.532154,209.76746,858.7761,0.039937206,-35797.09046326594,101.0,S_1968
2024-05-11 02:35:27,-47.375114,17.95116,-48.476204,209.74648,858.7761,0.040167395,-35495.23561233096,101.0,S_1968
2024-05-11 02:35:28,-47.326355,17.947445,-48.42025,209.7255,858.7761,0.040397584,-35186.06986014878,101.0,S_1968
2024-05-11 02:35:29,-47.27757,17.943737,-48.364296,209.69753,858.77057,0.040627774,-34874.94758900674,101.0,S_1968
2024-05-11 02:35:30,-47.228752,17.940033,-48.308346,209.66954,858.7761,0.040857963,-34568.253417699394,101.0,S_1968
2024-05-11 02:35:31,-47.1799,17.936338,-48.25239,209.64856,858.7946,0.041088156,-34254.55958655299,101.0,S_1968
2024-05-11 02:35:32,-47.131023,17.932648,-48.196438,209.62059,858.77423,0.041318346,-33944.93815887494,101.0,S_1968
2024-05-11 02:35:33,-47.08211,17.928965,-48.140484,209.59961,858.67615,0.041548535,-33597.39948540386,101.0,S_1968
2024-05-11 02:35:34,-47.033173,17.92529,-48.077538,209.57162,858.57794,0.041778725,-33279.51334276209,101.0,S_1968
2024-05-11 02:35:35,-46.984203,17.92162,-48.021584,209.55064,858.552,0.042008914,-32959.77947075429,101.0,S_1968
2024-05-11 02:35:36,-46.9352,17.917955,-47.965633,209.52266,858.5705,0.042239103,-32644.308166185627,101.0,S_1968
2024-05-11 02:35:37,-46.88617,17.914297,-47.90968,209.50168,858.58716,0.042469293,-32327.812268509282,101.0,S_1968
2024-05-11 02:35:38,-46.837105,17.910646,-47.853725,209.4807,858.5854,0.042699482,-32009.86896560811,101.0,S_1968
2024-05-11 02:35:39,-46.788013,17.907001,-47.797775,209.45972,858.57794,0.034443386,-31714.269449790227,101.0,S_1968
2024-05-11 02:35:40,-46.738888,17.903364,-47.734825,209.43175,858.57605,0.026187288,-31496.56265897909,101.0,S_1968
2024-05-11 02:35:41,-46.689735,17.89973,-47.678875,209.41077,858.5928,0.0269417,-31275.769003469497,101.0,S_1968
2024-05-11 02:35:42,-46.64055,17.896107,-47.62292,209.38278,858.5983,0.027696112,-31053.72787774686,101.0,S_1968
2024-05-11 02:35:43,-46.591335,17.892487,-47.566967,209.3618,858.53534,0.028450524,-30805.78572731158,101.0,S_1968
2024-05-11 02:35:44,-46.542088,17.888874,-47.50402,209.34082,858.4261,0.029204937,-30543.22280635305,101.0,S_1968
2024-05-11 02:35:45,-46.492813,17.88527,-47.441074,209.31285,858.3631,0.029959349,-30301.399817488666,101.0,S_1968
2024-05-11 02:35:46,-46.443504,17.881668,-47.38512,209.29185,858.3649,0.030713761,-30055.8778873845,101.0,S_1968
2024-05-11 02:35:47,-46.39417,17.878075,-47.329166,209.26389,858.3872,0.031468175,-29833.334153935197,101.0,S_1968
2024-05-11 02:35:48,-46.3448,17.874489,-47.28021,209.2429,858.39276,0.032222588,-29559.343046136142,101.0,S_1968
2024-05-11 02:35:49,-46.295403,17.870907,-47.217262,209.21492,858.3872,0.032977,-29298.23456669193,101.0,S_1968
2024-05-11 02:35:50,-46.24597,17.867332,-47.16131,209.19394,858.37976,0.033731412,-29012.52526048108,101.0,S_1968
2024-05-11 02:35:51,-46.196514,17.863766,-47.098362,209.17296,858.3872,0.034485824,-28742.196613917054,101.0,S_1968
2024-05-11 02:35:52,-46.147022,17.860205,-47.042408,209.15198,858.4057,0.035240237,-28492.70892908238,101.0,S_1968
2024-05-11 02:35:53,-46.0975,17.85665,-46.99345,209.12401,858.3835,0.03599465,-28217.36010655269,101.0,S_1968
2024-05-11 02:35:54,-46.04795,17.8531,-46.937496,209.09602,858.2872,0.03674906,-27937.416560071288,101.0,S_1968
2024-05-11 02:35:55,-45.998367,17.849558,-46.881546,209.07504,858.189,0.037503473,-27624.70314132319,101.0,S_1968
2024-05-11 02:35:56,-45.948757,17.846022,-46.818596,209.05406,858.1631,0.038257886,-27301.3301943065,101.0,S_1968
2024-05-11 02:35:57,-45.899113,17.842493,-46.75565,209.03308,858.18164,0.039012298,-26996.037324577555,101.0,S_1968
2024-05-11 02:35:58,-45.849438,17.83897,-46.6997,209.0051,858.19824,0.03976671,-26696.758726365922,101.0,S_1968
2024-05-11 02:35:59,-45.799736,17.835453,-46.643745,208.98412,858.1964,0.040521123,-26386.809106176093,101.0,S_1968
2024-05-11 02:36:00,-45.75,17.831944,-46.58779,208.95615,858.1872,0.041275535,-26108.80887114015,101.0,S_1968
2024-05-11 02:36:01,-45.699905,17.828463,-46.538834,208.93517,858.1872,0.042029947,-25768.960522891895,101.0,S_1968
2024-05-11 02:36:02,-45.649796,17.824987,-46.475887,208.91418,858.2038,0.04278436,-25413.202440996116,101.0,S_1968
2024-05-11 02:36:03,-45.599663,17.821518,-46.41294,208.8932,858.20935,0.04353877,-25084.910363176416,101.0,S_1968
2024-05-11 02:36:04,-45.54951,17.818054,-46.356987,208.87221,858.1464,0.044293184,-24750.134470633653,101.0,S_1968
2024-05-11 02:36:05,-45.49934,17.814594,-46.301033,208.84424,858.0371,0.045047596,-24450.776787407973,101.0,S_1968
2024-05-11 02:36:06,-45.44915,17.811142,-46.252075,208.82326,857.9723,0.04580201,-24083.897112941413,101.0,S_1968
2024-05-11 02:36:07,-45.39894,17.807695,-46.18913,208.80228,857.9761,0.04655642,-23728.96168502947,101.0,S_1968
2024-05-11 02:36:08,-45.34871,17.804253,-46.133175,208.77429,857.9982,0.047310833,-23345.620914795203,101.0,S_1968
2024-05-11 02:36:09,-45.298462,17.800817,-46.07023,208.75331,858.0038,0.043702453,-23016.38573774298,101.0,S_1968
2024-05-11 02:36:10,-45.248196,17.797386,-46.014275,208.73233,857.99646,0.043237664,-22695.379751130007,101.0,S_1968
2024-05-11 02:36:11,-45.197906,17.793962,-45.95832,208.71135,857.9927,0.04318394,-22367.920221568478,101.0,S_1968
2024-05-11 02:36:12,-45.1476,17.790543,-45.90237,208.68338,857.9982,0.042860437,-22016.58850268356,101.0,S_1968
2024-05-11 02:36:13,-45.097275,17.78713,-45.83942,208.66238,858.01306,0.042536933,-21694.92629806255,101.0,S_1968
2024-05-11 02:36:14,-45.04693,17.783722,-45.78347,208.6414,857.99457,0.04221343,-21348.693052458795,101.0,S_1968
2024-05-11 02:36:15,-44.996563,17.78032,-45.72052,208.62042,857.91864,0.041889925,-21031.22691893611,101.0,S_1968
2024-05-11 02:36:16,-44.94618,17.776924,-45.66457,208.59944,857.8298,0.04156642,-20714.41229060499,101.0,S_1968
2024-05-11 02:36:17,-44.895775,17.773533,-45.608616,208.57147,857.789,0.041242916,-20436.803108339984,101.0,S_1968
2024-05-11 02:36:18,-44.84535,17.770147,-45.559658,208.55049,857.7964,0.040919412,-20105.136439429247,101.0,S_1968
2024-05-11 02:36:19,-44.794907,17.766768,-45.49671,208.5295,857.80383,0.040595908,-19789.522501153973,101.0,S_1968
2024-05-11 02:36:20,-44.744446,17.763393,-45.440758,208.50153,857.8001,0.040272404,-19456.95073331063,101.0,S_1968
2024-05-11 02:36:21,-44.693962,17.760025,-45.37781,208.48055,857.81305,0.0399489,-19181.93832202551,101.0,S_1968
2024-05-11 02:36:22,-44.64346,17.756662,-45.32885,208.45956,857.8205,0.039625395,-18859.633169520588,101.0,S_1968
2024-05-11 02:36:23,-44.59294,17.753305,-45.265903,208.43858,857.7575,0.03930189,-18558.9545160133,101.0,S_1968
2024-05-11 02:36:24,-44.5424,17.749954,-45.209953,208.4176,857.64825,0.03897839,-18236.13553798932,101.0,S_1968
2024-05-11 02:36:25,-44.49184,17.746609,-45.147003,208.39662,857.58344,0.038654886,-17933.354115242022,101.0,S_1968
2024-05-11 02:36:26,-44.44126,17.743269,-45.091053,208.36864,857.5871,0.038331382,-17643.742349894295,101.0,S_1968
2024-05-11 02:36:27,-44.390663,17.739935,-45.0351,208.34766,857.6093,0.038007878,-17356.617040857076,101.0,S_1968
2024-05-11 02:36:28,-44.340042,17.736605,-44.979145,208.32668,857.61487,0.037684374,-17071.588652862672,101.0,S_1968
2024-05-11 02:36:29,-44.289406,17.733282,-44.92319,208.3057,857.6075,0.03736087,-16788.672711919833,101.0,S_1968
2024-05-11 02:36:30,-44.23875,17.729965,-44.86724,208.28471,857.6019,0.037037365,-16479.92643592834,101.0,S_1968
2024-05-11 02:36:31,-44.188072,17.726652,-44.804295,208.26373,857.6093,0.03671386,-16196.022954127722,101.0,S_1968
2024-05-11 02:36:32,-44.13738,17.723347,-44.74834,208.24274,857.62787,0.036390357,-15913.39011068958,101.0,S_1968
2024-05-11 02:36:33,-44.086662,17.720045,-44.692387,208.21477,857.60565,0.036066853,-15638.467172093151,101.0,S_1968
2024-05-11 02:36:34,-44.035927,17.71675,-44.636433,208.19379,857.5075,0.03574335,-15339.095934154248,101.0,S_1968
2024-05-11 02:36:35,-43.985172,17.71346,-44.573486,208.1728,857.4112,0.035419844,-15036.926753332766,101.0,S_1968
2024-05-11 02:36:36,-43.9344,17.710176,-44.51054,208.15182,857.38525,0.03509634,-14763.54748671982,101.0,S_1968
2024-05-11 02:36:37,-43.883606,17.706898,-44.454586,208.13084,857.40375,0.034772836,-14523.394198729831,101.0,S_1968
2024-05-11 02:36:38,-43.832794,17.703627,-44.40563,208.10986,857.4204,0.03444933,-14264.477451888015,101.0,S_1968
2024-05-11 02:36:39,-43.781963,17.70036,-44.349674,208.08887,857.41675,0.034125827,-13996.851713380267,101.0,S_1968
2024-05-11 02:36:40,-43.73111,17.697098,-44.293724,208.0609,857.4093,0.033802323,-13711.16160847967,101.0,S_1968
2024-05-11 02:36:41,-43.68024,17.693842,-44.230774,208.03992,857.4075,0.03347882,-13423.080684241344,101.0,S_1968
2024-05-11 02:36:42,-43.62935,17.690592,-44.167828,208.01894,857.42413,0.033155315,-13187.089191919877,101.0,S_1968
2024-05-11 02:36:43,-43.578438,17.687347,-44.11887,207.99796,857.4316,0.03283181,-12938.670112879452,101.0,S_1968
2024-05-11 02:36:44,-43.52751,17.684109,-44.062916,207.97697,857.3686,0.032508306,-12687.235076716708,101.0,S_1968
2024-05-11 02:36:45,-43.476562,17.680876,-44.006966,207.95598,857.25934,0.032184802,-12437.900593461469,101.0,S_1968
2024-05-11 02:36:46,-43.425594,17.677649,-43.95101,207.935,857.1945,0.031861298,-12166.6778976606,101.0,S_1968
2024-05-11 02:36:47,-43.374607,17.674427,-43.888065,207.91402,857.19635,0.031537794,-11892.685718798268,101.0,S_1968
2024-05-11 02:36:48,-43.3236,17.67121,-43.825115,207.89304,857.22046,0.031214291,-11644.565475254232,101.0,S_1968
2024-05-11 02:36:49,-43.27257,17.668,-43.769165,207.87206,857.226,0.030890787,-11403.641378739136,101.0,S_1968
2024-05-11 02:36:50,-43.221527,17.664795,-43.71321,207.85107,857.21857,0.030567283,-11164.816989451909,101.0,S_1968
2024-05-11 02:36:51,-43.17046,17.661594,-43.657257,207.8301,857.213,0.030243779,-10900.688293445884,101.0,S_1968
2024-05-11 02:36:52,-43.119377,17.658401,-43.59431,207.80211,857.22046,0.029920274,-10664.364800654337,101.0,S_1968
2024-05-11 02:36:53,-43.06827,17.655214,-43.538357,207.78813,857.2334,0.02959677,-10432.228409312025,101.0,S_1968
2024-05-11 02:36:54,-43.01715,17.65203,-43.482407,207.76715,857.21674,0.029273268,-10223.643546163643,101.0,S_1968
2024-05-11 02:36:55,-42.966007,17.648853,-43.433445,207.74615,857.1408,0.028949764,-9978.63114332006,101.0,S_1968
2024-05-11 02:36:56,-42.914845,17.645683,-43.3705,207.72517,857.0519,0.02862626,-9742.43550325466,101.0,S_1968
2024-05-11 02:36:57,-42.863663,17.642517,-43.31455,207.6972,857.0111,0.028302755,-9496.676732215943,101.0,S_1968
2024-05-11 02:36:58,-42.81246,17.639359,-43.2516,207.67622,857.01855,0.027979251,-9269.625862413726,101.0,S_1968
2024-05-11 02:36:59,-42.76124,17.636204,-43.19565,207.65524,857.02594,0.027655747,-9053.243665625356,101.0,S_1968
2024-05-11 02:37:00,-42.71,17.633055,-43.139694,207.64125,857.0223,0.027332243,-8835.81852723108,101.0,S_1968
2024-05-11 02:37:01,-42.658985,17.629946,-43.08374,207.62027,857.0353,0.026994467,-8599.930898164952,101.0,S_1968
2024-05-11 02:37:02,-42.607944,17.62684,-43.020794,207.59929,857.0408,0.027852576,-8368.917438382821,101.0,S_1968
2024-05-11 02:37:03,-42.556873,17.623741,-42.96484,207.5713,856.9797,0.02957988,-8136.358861522298,101.0,S_1968
2024-05-11 02:37:04,-42.505775,17.620646,-42.90889,207.55032,856.8686,0.030292206,-7899.571756220292,101.0,S_1968
2024-05-11 02:37:05,-42.45465,17.617556,-42.852936,207.52934,856.80554,0.033071905,-7649.106566277507,101.0,S_1968
2024-05-11 02:37:06,-42.4035,17.61447,-42.79698,207.51535,856.80743,0.03208202,-7401.159566668342,101.0,S_1968
2024-05-11 02:37:07,-42.352318,17.611387,-42.741028,207.49437,856.82965,0.032699622,-7124.31272326778,101.0,S_1968
2024-05-11 02:37:08,-42.30111,17.608309,-42.67808,207.47339,856.83704,0.032049697,-6842.06846346127,101.0,S_1968
2024-05-11 02:37:09,-42.249874,17.605236,-42.615135,207.44542,856.82965,0.030622534,-6625.163354245509,101.0,S_1968
2024-05-11 02:37:10,-42.19861,17.602167,-42.566177,207.43143,856.82227,0.0289108,-6402.7734232997755,101.0,S_1968
2024-05-11 02:37:11,-42.14732,17.599104,-42.510223,207.41045,856.82965,0.028787738,-6154.182567276555,101.0,S_1968
2024-05-11 02:37:12,-42.096,17.596045,-42.447277,207.38947,856.85,0.028664675,-5901.479351473914,101.0,S_1968
2024-05-11 02:37:13,-42.04465,17.592989,-42.38433,207.36848,856.8278,0.027777322,-5676.067933615384,101.0,S_1968
2024-05-11 02:37:14,-41.993275,17.58994,-42.328377,207.3475,856.7296,0.026889967,-5481.442223577789,101.0,S_1968
2024-05-11 02:37:15,-41.941875,17.586891,-42.27942,207.3265,856.6315,0.026002614,-5277.550912645776,101.0,S_1968
2024-05-11 02:37:16,-41.89044,17.58385,-42.223465,207.30553,856.6056,0.02511526,-5055.52323589765,101.0,S_1968
2024-05-11 02:37:17,-41.838985,17.580812,-42.16052,207.28455,856.6241,0.024227906,-4853.108605218906,101.0,S_1968
2024-05-11 02:37:18,-41.7875,17.57778,-42.104565,207.26357,856.64075,0.023340553,-4643.91317904109,101.0,S_1968
2024-05-11 02:37:19,-41.735985,17.574753,-42.04162,207.24258,856.63885,0.0224532,-4455.951561547496,101.0,S_1968
2024-05-11 02:37:20,-41.684444,17.571728,-41.985664,207.22859,856.6315,0.021565845,-4276.125554125261,101.0,S_1968
2024-05-11 02:37:21,-41.632874,17.568708,-41.92971,207.20761,856.62964,0.020678492,-4101.71987544946,101.0,S_1968
2024-05-11 02:37:22,-41.581276,17.565695,-41.87376,207.18663,856.6463,0.019791137,-3918.1959068770666,101.0,S_1968
2024-05-11 02:37:23,-41.52965,17.562683,-41.810814,207.16565,856.6537,0.018903784,-3750.301158232178,101.0,S_1968
2024-05-11 02:37:24,-41.477997,17.559677,-41.75486,207.14467,856.58887,0.018016431,-3593.1427594844863,101.0,S_1968
2024-05-11 02:37:25,-41.42632,17.556677,-41.698906,207.12369,856.4796,0.017129077,-3441.7369789877994,101.0,S_1968
2024-05-11 02:37:26,-41.37461,17.553679,-41.642952,207.1027,856.4166,0.016241724,-3296.09028340425,101.0,S_1968
2024-05-11 02:37:27,-41.322872,17.550686,-41.587,207.08173,856.42035,0.015354371,-3156.1925965459814,101.0,S_1968
2024-05-11 02:37:28,-41.27111,17.547699,-41.531048,207.06075,856.44073,0.014467017,-3011.1818139103125,101.0,S_1968
2024-05-11 02:37:29,-41.21932,17.544716,-41.4681,207.03975,856.44073,0.013579663,-2877.8283264141064,101.0,S_1968
2024-05-11 02:37:30,-41.1675,17.541737,-41.412148,207.01877,856.44073,0.012692309,-2755.195076713935,101.0,S_1968
2024-05-11 02:37:31,-41.11565,17.538761,-41.356194,206.99779,856.4592,0.011804956,-2639.9077710655547,101.0,S_1968
2024-05-11 02:37:32,-41.063778,17.535791,-41.300243,206.98381,856.437,0.010917602,-2520.914277475138,101.0,S_1968
2024-05-11 02:37:33,-41.011875,17.532825,-41.237293,206.96281,856.34076,0.022592148,-2329.4677841096127,101.0,S_1968
2024-05-11 02:37:34,-40.95994,17.529865,-41.181343,206.94183,856.24255,0.013154729,-2194.082369528158,101.0,S_1968
2024-05-11 02:37:35,-40.907986,17.526907,-41.118397,206.92085,856.2166,0.010610701,-2080.0831843187916,101.0,S_1968
2024-05-11 02:37:36,-40.856,17.523956,-41.062443,206.89987,856.23517,0.019837888,-1911.4413720681914,101.0,S_1968
2024-05-11 02:37:37,-40.803986,17.521008,-41.00649,206.87889,856.25183,0.0036925662,-1849.87913896612,101.0,S_1968
2024-05-11 02:37:38,-40.75194,17.518064,-40.95753,206.85791,856.25,0.015500691,-1702.611824418127,101.0,S_1968
2024-05-11 02:37:39,-40.699875,17.515125,-40.894585,206.83693,856.24066,0.011358554,-1576.7525359853898,101.0,S_1968
2024-05-11 02:37:40,-40.647778,17.512192,-40.831635,206.82294,856.24066,0.015155284,-1433.8557878373977,101.0,S_1968
2024-05-11 02:37:41,-40.59565,17.509262,-40.775684,206.80196,856.2574,0.012470153,-1312.9435614517279,101.0,S_1968
2024-05-11 02:37:42,-40.5435,17.506336,-40.71973,206.78098,856.26294,0.012497437,-1191.8777783084952,101.0,S_1968
2024-05-11 02:37:43,-40.491318,17.503416,-40.663776,206.76,856.2,0.011415005,-1070.670120783092,101.0,S_1968
2024-05-11 02:37:44,-40.43911,17.5005,-40.60083,206.746,856.0907,0.013099052,-941.1699598783744,101.0,S_1968
2024-05-11 02:37:45,-40.386875,17.497587,-40.544876,206.72502,856.0278,0.013099052,-816.2993190764537,101.0,S_1968
2024-05-11 02:37:46,-40.33461,17.49468,-40.488926,206.70404,856.03143,0.013099052,-691.4506477688701,101.0,S_1968
2024-05-11 02:37:47,-40.28232,17.491777,-40.432972,206.68306,856.0518,0.013099052,-556.8042746934952,101.0,S_1968
2024-05-11 02:37:48,-40.23,17.488878,-40.370026,206.66208,856.0499,0.013099052,-417.28767561138375,101.0,S_1968
2024-05-11 02:37:49,-40.17765,17.485985,-40.30708,206.6411,856.0518,0.013099052,-297.34659103404556,101.0,S_1968
2024-05-11 02:37:50,-40.125275,17.483095,-40.258118,206.62012,856.0703,0.013099052,-177.49163905264868,101.0,S_1968
2024-05-11 02:37:51,-40.072872,17.48021,-40.202168,206.59912,856.0481,0.013099052,-44.57575196378457,101.0,S_1968
2024-05-11 02:37:52,-40.020443,17.47733,-40.139217,206.58514,855.9481,0.013099052,0.0,101.0,S_1968
