datetime,mlat,mlt,glat,glon,alt,Ex,pot,cpcp_kV,pass_id
2024-05-13 22:02:02,-40.030945,3.4300537,-28.37512,83.2929,851.3959,,,,S_1741
2024-05-13 22:02:03,-40.091373,3.4279785,-28.431072,83.278915,851.47925,,,,S_1741
2024-05-13 22:02:04,-40.15178,3.4259033,-28.487026,83.26492,851.56256,,,,S_1741
2024-05-13 22:02:05,-40.21215,3.4238129,-28.549973,83.25094,851.59033,,,,S_1741
2024-05-13 22:02:06,-40.2725,3.4217224,-28.612919,83.236946,851.5774,,,,S_1741
2024-05-13 22:02:07,-40.332817,3.419632,-28.668873,83.22296,851.57,,,,S_1741
2024-05-13 22:02:08,-40.393112,3.4175415,-28.71783,83.20198,851.57367,,,,S_1741
2024-05-13 22:02:09,-40.453373,3.4154358,-28.780779,83.18799,851.57367,,,,S_1741
2024-05-13 22:02:10,-40.51361,3.4133148,-28.843725,83.16701,851.57367,,,,S_1741
2024-05-13 22:02:11,-40.57382,3.411209,-28.899677,83.153015,851.5774,,,,S_1741
2024-05-13 22:02:12,-40.634,3.4090881,-28.948637,83.13903,851.5774,,,,S_1741
2024-05-13 22:02:13,-40.694153,3.406952,-29.011583,83.11805,851.557,,,,S_1741
2024-05-13 22:02:14,-40.754276,3.404831,-29.074532,83.10406,851.5477,,,,S_1741
2024-05-13 22:02:15,-40.814373,3.4026947,-29.130484,83.09007,851.5959,,,,S_1741
2024-05-13 22:02:16,-40.874443,3.4005432,-29.186438,83.07608,851.7052,,,,S_1741
2024-05-13 22:02:17,-40.934486,3.398407,-29.24239,83.0551,851.7811,,,,S_1741
2024-05-13 22:02:18,-40.9945,3.3962402,-29.305336,83.041115,851.78296,,,,S_1741
2024-05-13 22:02:19,-41.054485,3.3940887,-29.36129,83.02712,851.7663,,,,S_1741
2024-05-13 22:02:20,-41.114445,3.391922,-29.417242,83.00614,851.76447,,,,S_1741
2024-05-13 22:02:21,-41.174374,3.3897552,-29.473196,82.99216,851.77,,,,S_1741
2024-05-13 22:02:22,-41.234276,3.3875732,-29.536142,82.978165,851.7681,,,,S_1741
2024-05-13 22:02:23,-41.29415,3.3853912,-29.599089,82.96418,851.77,,,,S_1741
2024-05-13 22:02:24,-41.354,3.3832092,-29.655043,82.95019,851.7756,,,,S_1741
2024-05-13 22:02:25,-41.41382,3.381012,-29.710995,82.92921,851.7718,,,,S_1741
2024-05-13 22:02:26,-41.47361,3.3788147,-29.766949,82.908226,851.75146,,,,S_1741
2024-05-13 22:02:27,-41.533375,3.3766174,-29.829895,82.89423,851.757,,,,S_1741
2024-05-13 22:02:28,-41.59311,3.374405,-29.885849,82.88025,851.8404,,,,S_1741
2024-05-13 22:02:29,-41.652817,3.3721924,-29.941801,82.86626,851.94775,,,,S_1741
2024-05-13 22:02:30,-41.712498,3.3699799,-29.997753,82.85227,851.9848,,,,S_1741
2024-05-13 22:02:31,-41.772152,3.367752,-30.060701,82.83829,851.96814,,,,S_1741
2024-05-13 22:02:32,-41.831776,3.3655243,-30.123648,82.8173,851.9571,,,,S_1741
2024-05-13 22:02:33,-41.891373,3.3632812,-30.179602,82.803314,851.96075,,,,S_1741
2024-05-13 22:02:34,-41.950943,3.3610382,-30.242548,82.78233,851.97,,,,S_1741
2024-05-13 22:02:35,-42.010483,3.3587952,-30.2985,82.76834,851.97186,,,,S_1741
2024-05-13 22:02:36,-42.07,3.3565369,-30.354454,82.74736,851.9571,,,,S_1741
2024-05-13 22:02:37,-42.129486,3.3542786,-30.403412,82.733376,851.94226,,,,S_1741
2024-05-13 22:02:38,-42.188942,3.3520203,-30.46636,82.71938,851.9848,,,,S_1741
2024-05-13 22:02:39,-42.248375,3.3497467,-30.522312,82.6984,852.0922,,,,S_1741
2024-05-13 22:02:40,-42.307777,3.3474731,-30.58526,82.68441,852.1719,,,,S_1741
2024-05-13 22:02:41,-42.36715,3.3451996,-30.648207,82.670425,852.17377,,,,S_1741
2024-05-13 22:02:42,-42.4265,3.3429108,-30.704159,82.65643,852.1552,,,,S_1741
2024-05-13 22:02:43,-42.485817,3.340622,-30.760113,82.64245,852.1534,,,,S_1741
2024-05-13 22:02:44,-42.54511,3.3383331,-30.816065,82.62147,852.15894,,,,S_1741
2024-05-13 22:02:45,-42.604374,3.336029,-30.872019,82.607475,852.16077,,,,S_1741
2024-05-13 22:02:46,-42.66361,3.333725,-30.92797,82.586494,852.15894,,,,S_1741
2024-05-13 22:02:47,-42.722816,3.3314056,-30.99092,82.57251,852.15704,,,,S_1741
2024-05-13 22:02:48,-42.781998,3.3290863,-31.046871,82.55152,852.15704,,,,S_1741
2024-05-13 22:02:49,-42.841152,3.326767,-31.109818,82.53754,852.1644,,,,S_1741
2024-05-13 22:02:50,-42.900276,3.3244324,-31.172766,82.52355,852.17554,,,,S_1741
2024-05-13 22:02:51,-42.959373,3.3220978,-31.228718,82.50256,852.19415,,,,S_1741
2024-05-13 22:02:52,-43.018444,3.3197632,-31.277678,82.48858,852.3349,,,,S_1741
2024-05-13 22:02:53,-43.077484,3.3174133,-31.33363,82.47459,852.3811,,,,S_1741
2024-05-13 22:02:54,-43.136497,3.3150635,-31.396576,82.4606,852.37006,,,,S_1741
2024-05-13 22:02:55,-43.195484,3.3127136,-31.473513,82.43962,852.30334,,,,S_1741
2024-05-13 22:02:56,-43.254444,3.3103485,-31.515476,82.42563,852.34784,,,,S_1741
2024-05-13 22:03:01,-43.549065,3.298462,-31.802235,82.341705,852.3738,,,,S_1741
2024-05-13 22:03:02,-43.608093,3.2960815,-31.865183,82.32072,852.4793,,,,S_1741
2024-05-13 22:03:05,-43.78496,3.28891,-32.040035,82.27176,852.546,,,,S_1741
2024-05-13 22:03:06,-43.84385,3.286499,-32.09599,82.257774,852.5478,,,,S_1741
2024-05-13 22:03:07,-43.902695,3.2840881,-32.144947,82.24378,852.546,,,,S_1741
2024-05-13 22:03:08,-43.96151,3.2816772,-32.207893,82.2228,852.5515,,,,S_1741
2024-05-13 22:03:09,-44.020287,3.279251,-32.27084,82.20882,852.5497,,,,S_1741
2024-05-13 22:03:10,-44.079025,3.276825,-32.326794,82.194824,852.5312,,,,S_1741
2024-05-13 22:03:11,-44.13773,3.2743835,-32.38974,82.17384,852.5367,,,,S_1741
2024-05-13 22:03:12,-44.196396,3.2719421,-32.445694,82.15985,852.61816,,,,S_1741
2024-05-13 22:03:13,-44.255028,3.2695007,-32.501648,82.13887,852.72565,,,,S_1741
2024-05-13 22:03:14,-44.313625,3.267044,-32.5576,82.11789,852.7701,,,,S_1741
2024-05-13 22:03:15,-44.372185,3.2645874,-32.613552,82.103905,852.75714,,,,S_1741
2024-05-13 22:03:16,-44.43071,3.2621155,-32.669506,82.08991,852.7386,,,,S_1741
2024-05-13 22:03:17,-44.489197,3.2596436,-32.732452,82.07593,852.7386,,,,S_1741
2024-05-13 22:03:18,-44.54765,3.2571716,-32.7954,82.05494,852.7423,,,,S_1741
2024-05-13 22:03:19,-44.606064,3.2546844,-32.851353,82.040955,852.7404,,,,S_1741
2024-05-13 22:03:20,-44.66444,3.2521973,-32.9143,82.01997,852.746,,,,S_1741
2024-05-13 22:03:21,-44.722786,3.24971,-32.970253,81.99899,852.76636,,,,S_1741
2024-05-13 22:03:22,-44.781094,3.2472076,-33.0332,81.985,852.7997,,,,S_1741
2024-05-13 22:03:23,-44.839363,3.24469,-33.075165,81.971016,852.8423,,,,S_1741
2024-05-13 22:03:24,-44.8976,3.2421875,-33.145103,81.950035,852.87933,,,,S_1741
2024-05-13 22:03:25,-44.955795,3.2396698,-33.201057,81.93604,852.91266,,,,S_1741
2024-05-13 22:03:26,-45.013958,3.2371368,-33.25701,81.91506,852.9349,,,,S_1741
2024-05-13 22:03:27,-45.072086,3.2346191,-33.312965,81.90107,852.9404,,,,S_1741
2024-05-13 22:03:28,-45.130177,3.232071,-33.368916,81.887085,852.93677,,,,S_1741
2024-05-13 22:03:29,-45.18823,3.229538,-33.42487,81.866104,852.93677,,,,S_1741
2024-05-13 22:03:30,-45.246246,3.2269897,-33.487816,81.85211,852.93677,,,,S_1741
2024-05-13 22:03:31,-45.30423,3.2244263,-33.550762,81.83813,852.9312,,,,S_1741
2024-05-13 22:03:32,-45.362175,3.221878,-33.606716,81.81715,852.93304,,,,S_1741
2024-05-13 22:03:33,-45.420086,3.2192993,-33.669662,81.803154,852.9608,,,,S_1741
2024-05-13 22:03:34,-45.47796,3.2167358,-33.725616,81.78217,853.08307,,,,S_1741
2024-05-13 22:03:35,-45.535797,3.214157,-33.774574,81.76818,853.0646,,,,S_1741
2024-05-13 22:03:36,-45.593597,3.2115784,-33.83053,81.754196,853.11084,,,,S_1741
2024-05-13 22:03:37,-45.651363,3.2089844,-33.893475,81.733215,853.13495,,,,S_1741
2024-05-13 22:03:38,-45.70909,3.2063904,-33.95642,81.712234,853.13495,,,,S_1741
2024-05-13 22:03:39,-45.766785,3.2037811,-34.012375,81.69824,853.13116,,,,S_1741
2024-05-13 22:03:40,-45.82444,3.2011719,-34.06833,81.67726,853.13495,,,,S_1741
2024-05-13 22:03:41,-45.88206,3.1985626,-34.124283,81.66327,853.1275,,,,S_1741
2024-05-13 22:03:42,-45.939648,3.1959534,-34.180233,81.649284,853.1164,,,,S_1741
2024-05-13 22:03:43,-45.997196,3.1933136,-34.24318,81.6283,853.146,,,,S_1741
2024-05-13 22:03:44,-46.054707,3.190689,-34.299133,81.61431,853.2312,,,,S_1741
2024-05-13 22:03:45,-46.112186,3.1880493,-34.355087,81.59333,853.3146,,,,S_1741
2024-05-13 22:03:46,-46.169624,3.1854095,-34.418034,81.579346,853.3423,,,,S_1741
2024-05-13 22:03:47,-46.227028,3.1827545,-34.473988,81.55836,853.32935,,,,S_1741
2024-05-13 22:03:48,-46.284397,3.1800995,-34.52994,81.54437,853.32196,,,,S_1741
2024-05-13 22:03:49,-46.34173,3.1774445,-34.58589,81.52339,853.3238,,,,S_1741
2024-05-13 22:03:50,-46.399025,3.1747742,-34.648838,81.50241,853.33124,,,,S_1741
2024-05-13 22:03:51,-46.456284,3.172104,-34.704792,81.48842,853.32935,,,,S_1741
2024-05-13 22:03:52,-46.513508,3.1694183,-34.760746,81.474434,853.3146,,,,S_1741
2024-05-13 22:03:53,-46.570698,3.166748,-34.8167,81.453445,853.31824,,,,S_1741
2024-05-13 22:03:54,-46.627846,3.1640472,-34.879646,81.432465,853.3812,,,,S_1741
2024-05-13 22:03:55,-46.684963,3.1613464,-34.942593,81.41848,853.472,,,,S_1741
2024-05-13 22:03:56,-46.742043,3.1586456,-34.998547,81.3975,853.52936,,,,S_1741
2024-05-13 22:03:57,-46.799084,3.1559448,-35.054497,81.38351,853.53125,,,,S_1741
2024-05-13 22:03:58,-46.85609,3.1532288,-35.11045,81.362526,853.51825,,,,S_1741
2024-05-13 22:03:59,-46.913063,3.1505127,-35.173397,81.34854,853.522,,,,S_1741
2024-05-13 22:04:00,-46.969997,3.1477814,-35.22935,81.33455,853.51825,,,,S_1741
2024-05-13 22:04:01,-47.02706,3.1450653,-35.285305,81.31357,853.5053,,,,S_1741
2024-05-13 22:04:02,-47.08408,3.1423492,-35.341255,81.29259,853.5368,,,,S_1741
2024-05-13 22:04:03,-47.14106,3.1396332,-35.404205,81.278595,853.6201,,,,S_1741
2024-05-13 22:04:04,-47.197998,3.1369019,-35.46715,81.257614,853.7035,,,,S_1741
2024-05-13 22:04:05,-47.254894,3.1341705,-35.523106,81.24363,853.73126,,,,S_1741
2024-05-13 22:04:06,-47.31175,3.131424,-35.579056,81.22264,853.7183,,,,S_1741
2024-05-13 22:04:07,-47.36856,3.1286774,-35.63501,81.20866,853.7109,,,,S_1741
2024-05-13 22:04:08,-47.42533,3.1259155,-35.697956,81.187675,853.71454,,,,S_1741
2024-05-13 22:04:09,-47.48206,3.1231537,-35.75391,81.17368,853.72015,,,,S_1741
2024-05-13 22:04:10,-47.53875,3.1203766,-35.809864,81.1527,853.7183,,,,S_1741
2024-05-13 22:04:11,-47.595394,3.1175995,-35.865814,81.13872,853.7035,,,,S_1741
2024-05-13 22:04:12,-47.651997,3.1148224,-35.928764,81.11773,853.7072,,,,S_1741
2024-05-13 22:04:13,-47.70856,3.11203,-35.984715,81.09675,853.77014,,,,S_1741
2024-05-13 22:04:14,-47.765083,3.1092377,-36.04067,81.08276,853.8609,,,,S_1741
2024-05-13 22:04:15,-47.82156,3.10643,-36.096622,81.061775,853.92017,,,,S_1741
2024-05-13 22:04:16,-47.878,3.1036224,-36.152573,81.04779,853.922,,,,S_1741
2024-05-13 22:04:17,-47.934395,3.1007996,-36.208527,81.02681,853.90717,,,,S_1741
2024-05-13 22:04:18,-47.99075,3.0979767,-36.271473,81.01282,853.90533,,,,S_1741
2024-05-13 22:04:19,-48.047062,3.0951538,-36.33442,80.99184,853.9109,,,,S_1741
2024-05-13 22:04:20,-48.103333,3.0923157,-36.390373,80.970856,853.9146,,,,S_1741
2024-05-13 22:04:21,-48.15956,3.0894775,-36.45332,80.95686,853.90533,,,,S_1741
2024-05-13 22:04:22,-48.215748,3.0866241,-36.50228,80.93588,853.8942,,,,S_1741
2024-05-13 22:04:23,-48.271893,3.0837555,-36.55823,80.9219,853.92566,,,,S_1741
2024-05-13 22:04:24,-48.328,3.080902,-36.614185,80.90092,854.0109,,,,S_1741
2024-05-13 22:04:25,-48.38406,3.0780334,-36.67713,80.886925,854.09235,,,,S_1741
2024-05-13 22:04:26,-48.440083,3.0751495,-36.733086,80.865944,854.1183,,,,S_1741
2024-05-13 22:04:27,-48.49606,3.0722656,-36.796032,80.84496,854.1072,,,,S_1741
2024-05-13 22:04:28,-48.552,3.0693817,-36.851986,80.82398,854.10535,,,,S_1741
2024-05-13 22:04:29,-48.607895,3.0664825,-36.90794,80.80999,854.1072,,,,S_1741
2024-05-13 22:04:30,-48.66375,3.063568,-36.96389,80.78901,854.0906,,,,S_1741
2024-05-13 22:04:31,-48.719563,3.060669,-37.02684,80.77502,854.09424,,,,S_1741
2024-05-13 22:04:32,-48.775333,3.0577393,-37.08279,80.754036,854.1757,,,,S_1741
2024-05-13 22:04:33,-48.831062,3.0548248,-37.138744,80.74005,854.2813,,,,S_1741
2024-05-13 22:04:34,-48.88675,3.0518951,-37.1947,80.71907,854.32764,,,,S_1741
2024-05-13 22:04:35,-48.942394,3.0489502,-37.257645,80.70508,854.3165,,,,S_1741
2024-05-13 22:04:36,-48.997997,3.0460052,-37.32059,80.6841,854.29614,,,,S_1741
2024-05-13 22:04:37,-49.053562,3.0430603,-37.36955,80.66312,854.29425,0.0008420289,1208.6805189425986,,S_1741
2024-05-13 22:04:38,-49.10908,3.0401,-37.425503,80.642136,854.3017,0.0008519172,1222.2962783572061,,S_1741
2024-05-13 22:04:39,-49.164562,3.03714,-37.48845,80.62814,854.30536,0.00039663672,1233.4289565071524,,S_1741
2024-05-13 22:04:40,-49.219997,3.0341644,-37.551395,80.60716,854.29425,0.00040767048,1244.457439667574,,S_1741
2024-05-13 22:04:41,-49.275394,3.031189,-37.60735,80.59317,854.28314,0.000504521,1254.740733622599,,S_1741
2024-05-13 22:04:42,-49.33075,3.0281982,-37.656307,80.57219,854.31464,0.0005567231,1264.956132764844,,S_1741
2024-05-13 22:04:43,-49.386063,3.0252075,-37.71226,80.558205,854.39984,0.0006089251,1276.7427263831569,,S_1741
2024-05-13 22:04:44,-49.441334,3.0222168,-37.775208,80.537224,854.4832,0.00062032917,1289.2068411829093,,S_1741
2024-05-13 22:04:45,-49.496563,3.0192108,-37.83116,80.516235,854.50726,0.0006359089,1301.3690464350298,,S_1741
2024-05-13 22:04:46,-49.55175,3.0161896,-37.894108,80.495255,854.49615,0.00064735883,1314.4046298584376,,S_1741
2024-05-13 22:04:47,-49.606895,3.0131683,-37.957054,80.48127,854.49426,0.00015815807,1323.689259956202,,S_1741
2024-05-13 22:04:48,-49.662,3.010147,-38.01301,80.46028,854.49615,0.00016821409,1332.3184448941406,,S_1741
2024-05-13 22:04:49,-49.71706,3.0071259,-38.068962,80.4463,854.47943,-0.00019267792,1338.4517119322218,,S_1741
2024-05-13 22:04:50,-49.772083,3.004074,-38.124916,80.425316,854.4832,-0.00018259401,1344.8314883783028,,S_1741
2024-05-13 22:04:51,-49.82706,3.0010376,-38.180866,80.404335,854.56464,-8.894281e-05,1351.7503404876506,,S_1741
2024-05-13 22:04:52,-49.882,2.9979858,-38.243813,80.38335,854.67206,-7.737569e-05,1359.6295743077212,,S_1741
2024-05-13 22:04:53,-49.936893,2.9949188,-38.306763,80.362366,854.7165,-6.0358987e-05,1367.6852497914017,,S_1741
2024-05-13 22:04:54,-49.99175,2.991867,-38.362713,80.34838,854.70544,-5.003643e-05,1374.7389201310186,,S_1741
2024-05-13 22:04:55,-50.046562,2.9887848,-38.418667,80.3274,854.68506,-4.174662e-05,1382.0655743500313,,S_1741
2024-05-13 22:04:56,-50.101334,2.9857025,-38.467625,80.31341,854.68317,-3.2685406e-05,1388.3296825427765,,S_1741
2024-05-13 22:04:57,-50.156063,2.9826202,-38.53057,80.29243,854.69055,-1.5579744e-05,1396.6631908443544,,S_1741
2024-05-13 22:04:58,-50.21075,2.979538,-38.586525,80.27145,854.69434,-5.1832703e-06,1404.1836716749308,,S_1741
2024-05-13 22:04:59,-50.265396,2.9764404,-38.64947,80.257454,854.68317,1.1222119e-06,1412.4425661407254,,S_1741
2024-05-13 22:05:00,-50.32,2.9733276,-38.705425,80.23647,854.6684,1.1563844e-05,1420.0731960321032,,S_1741
2024-05-13 22:05:01,-50.374725,2.9702606,-38.76138,80.21549,854.7091,2.7444314e-05,1427.806009404265,,S_1741
2024-05-13 22:05:02,-50.429405,2.9671936,-38.817333,80.19451,854.8165,4.1272157e-05,1435.653273196327,,S_1741
2024-05-13 22:05:03,-50.484035,2.9641113,-38.88028,80.18052,854.898,4.7659105e-05,1444.2104106149375,,S_1741
2024-05-13 22:05:04,-50.538624,2.961029,-38.93623,80.15954,854.9072,5.817687e-05,1452.1394976335366,,S_1741
2024-05-13 22:05:05,-50.59316,2.9579315,-38.992184,80.13856,854.8869,7.414175e-05,1460.227215222213,,S_1741
2024-05-13 22:05:06,-50.64765,2.954834,-39.05513,80.11758,854.88135,8.601737e-05,1469.211331571927,,S_1741
2024-05-13 22:05:07,-50.70209,2.9517212,-39.111084,80.09659,854.8851,9.117099e-05,1477.3394585618062,,S_1741
2024-05-13 22:05:08,-50.75649,2.9485931,-39.167038,80.0826,854.86835,0.00010509995,1485.3885804911913,,S_1741
2024-05-13 22:05:09,-50.810837,2.945465,-39.222992,80.06162,854.8721,0.00012113524,1493.812641128877,,S_1741
2024-05-13 22:05:10,-50.86514,2.9423218,-39.28594,80.04064,854.95544,0.00013309649,1503.0791254071476,,S_1741
2024-05-13 22:05:11,-50.91939,2.9391785,-39.34189,80.02665,855.061,0.00013833404,1511.340916138893,,S_1741
2024-05-13 22:05:12,-50.9736,2.9360352,-39.397842,80.00567,855.09985,0.00014900825,1519.8522767510817,,S_1741
2024-05-13 22:05:13,-51.02776,2.9328613,-39.453796,79.98469,855.0832,0.00016511625,1528.4671428920933,,S_1741
2024-05-13 22:05:14,-51.08187,2.9296875,-39.50975,79.9637,855.06836,0.00017913662,1537.1467499118196,,S_1741
2024-05-13 22:05:15,-51.135937,2.9265137,-39.5657,79.949715,855.07214,9.186911e-05,1545.173538911669,,S_1741
2024-05-13 22:05:16,-51.189957,2.9233246,-39.628647,79.928734,855.0795,0.00010380705,1554.249782780304,,S_1741
2024-05-13 22:05:17,-51.243927,2.9201355,-39.6846,79.91474,855.0851,3.316134e-05,1561.852187292334,,S_1741
2024-05-13 22:05:18,-51.29785,2.9169312,-39.747547,79.89376,855.07214,4.4998815e-05,1570.5608941882988,,S_1741
2024-05-13 22:05:19,-51.351727,2.9137115,-39.8035,79.87278,855.0573,5.0095652e-05,1578.4364203151456,,S_1741
2024-05-13 22:05:20,-51.405556,2.910492,-39.859455,79.8448,855.098,6.392077e-05,1586.5628771338124,,S_1741
2024-05-13 22:05:21,-51.45934,2.907257,-39.91541,79.83082,855.20544,0.0001671339,1595.128764246665,,S_1741
2024-05-13 22:05:22,-51.513073,2.9040222,-39.978355,79.80983,855.2869,0.00017919499,1604.6769656113772,,S_1741
2024-05-13 22:05:23,-51.56676,2.900772,-40.034306,79.795845,855.2962,0.00027828445,1613.834450673229,,S_1741
2024-05-13 22:05:24,-51.6204,2.897522,-40.09026,79.774864,855.2758,0.00028917586,1623.242437433181,,S_1741
2024-05-13 22:05:25,-51.673992,2.8942566,-40.146214,79.75388,855.2721,0.00030550972,1632.7552564157527,,S_1741
2024-05-13 22:05:26,-51.72754,2.890976,-40.202168,79.732895,855.274,0.00031644586,1642.3379498789657,,S_1741
2024-05-13 22:05:27,-51.781036,2.8876953,-40.258118,79.711914,855.2573,0.0003252474,1652.2200630415737,,S_1741
2024-05-13 22:05:28,-51.834488,2.8844147,-40.321068,79.69093,855.261,0.00033757684,1663.0233777666979,,S_1741
2024-05-13 22:05:29,-51.887894,2.8811188,-40.384014,79.67694,855.34436,0.00035534854,1673.54841743919,,S_1741
2024-05-13 22:05:30,-51.94125,2.8778076,-40.439964,79.65596,855.4517,0.00036635445,1683.449440701524,,S_1741
2024-05-13 22:05:31,-51.99456,2.8744965,-40.49592,79.63498,855.48883,-0.0001292384,1690.1467240520967,,S_1741
2024-05-13 22:05:32,-52.04782,2.87117,-40.551872,79.614,855.4721,-0.00011830968,1696.9301287127212,,S_1741
2024-05-13 22:05:33,-52.101036,2.8678436,-40.607826,79.600006,855.45917,-0.0006652225,1699.982301412306,,S_1741
2024-05-13 22:05:34,-52.154205,2.864502,-40.663776,79.579025,855.461,-0.00065126456,1702.8148808940557,,S_1741
2024-05-13 22:05:35,-52.207325,2.861145,-40.726723,79.558044,855.47034,-0.00017634942,1709.9458887006567,,S_1741
2024-05-13 22:05:36,-52.2604,2.857788,-40.789673,79.53706,855.474,-0.00016412618,1717.287845317243,,S_1741
2024-05-13 22:05:37,-52.313427,2.8544312,-40.845623,79.51608,855.461,0.00044991035,1727.66102882673,,S_1741
2024-05-13 22:05:38,-52.366405,2.851059,-40.901577,79.50209,855.44617,0.00046106035,1737.987349684747,,S_1741
2024-05-13 22:05:39,-52.41934,2.8476715,-40.95753,79.48111,855.48883,-3.5285364e-05,1745.285494581503,,S_1741
2024-05-13 22:05:40,-52.47222,2.844284,-41.013485,79.46013,855.59625,-2.0981119e-05,1752.6595374925084,,S_1741
2024-05-13 22:05:41,-52.52506,2.8408813,-41.07643,79.43915,855.674,-0.00047192184,1758.0084952055845,,S_1741
2024-05-13 22:05:42,-52.57785,2.8374786,-41.13238,79.41816,855.6759,-0.0004609087,1762.554516076958,,S_1741
2024-05-13 22:05:43,-52.630592,2.8340607,-41.188335,79.39718,855.6592,-0.0004552855,1767.1364921490958,,S_1741
2024-05-13 22:05:44,-52.68329,2.8306427,-41.24429,79.3762,855.6629,-0.0004442353,1771.7891930522849,,S_1741
2024-05-13 22:05:45,-52.73594,2.8272095,-41.300243,79.35522,855.66473,-0.00042454415,1776.3006726203366,,S_1741
2024-05-13 22:05:46,-52.78854,2.8237762,-41.36319,79.341225,855.64624,-0.0004120612,1781.853015320506,,S_1741
2024-05-13 22:05:47,-52.841095,2.8203125,-41.419144,79.320244,855.64996,-0.0004063561,1786.7484034430981,,S_1741
2024-05-13 22:05:48,-52.8936,2.816864,-41.475094,79.29926,855.7333,-0.0003952378,1791.714275682842,,S_1741
2024-05-13 22:05:49,-52.94606,2.8134003,-41.531048,79.27828,855.8407,-0.00037868973,1796.7867256521,,S_1741
2024-05-13 22:05:50,-52.998474,2.8099213,-41.587,79.25729,855.87585,-0.00036752791,1801.6548827171105,,S_1741
2024-05-13 22:05:51,-53.05084,2.8064423,-41.64995,79.23631,855.8592,-0.00035715353,1807.7370345104937,,S_1741
2024-05-13 22:05:52,-53.103157,2.802948,-41.705902,79.21533,855.8555,-0.00034595554,1813.0188070708036,,S_1741
2024-05-13 22:05:53,-53.155426,2.7994537,-41.761852,79.19435,855.85736,-0.0003293337,1818.4065469115565,,S_1741
2024-05-13 22:05:54,-53.20765,2.7959442,-41.817806,79.17337,855.8407,-0.00031810193,1823.8665328447805,,S_1741
2024-05-13 22:05:55,-53.259827,2.7924194,-41.87376,79.15239,855.8296,-0.000410791,1828.4189104417057,,S_1741
2024-05-13 22:05:56,-53.311954,2.7888947,-41.936707,79.1314,855.87775,-0.00039507283,1834.3042799871519,,S_1741
2024-05-13 22:05:57,-53.364037,2.7853699,-41.99266,79.11742,855.987,-0.00047077832,1838.24388889289,,S_1741
2024-05-13 22:05:58,-53.416073,2.7818298,-42.055607,79.096436,856.06476,-0.0004583318,1844.0084195834781,,S_1741
2024-05-13 22:05:59,-53.46806,2.7782745,-42.104565,79.07545,856.06665,-0.0004541225,1847.7150944358837,,S_1741
2024-05-13 22:06:00,-53.52,2.7747192,-42.16052,79.05447,856.04626,-0.0004430666,1852.031218815966,,S_1741
2024-05-13 22:06:01,-53.572056,2.7711182,-42.223465,79.033485,856.04626,-0.00042517087,1857.3466094222424,,S_1741
2024-05-13 22:06:02,-53.62406,2.767517,-42.28641,79.012505,856.0537,-0.00041265326,1863.0613038786416,,S_1741
2024-05-13 22:06:03,-53.676014,2.763916,-42.342365,78.99152,856.05927,-0.00031070432,1868.5619017141737,,S_1741
2024-05-13 22:06:04,-53.727913,2.7602844,-42.39832,78.970535,856.0555,-0.0002994417,1873.9096147801583,,S_1741
2024-05-13 22:06:05,-53.77976,2.756668,-42.461266,78.949554,856.0333,-0.00028133052,1880.4689030111704,,S_1741
2024-05-13 22:06:06,-53.83155,2.7530365,-42.51722,78.92857,856.0389,-0.00027003113,1886.2296163797996,,S_1741
2024-05-13 22:06:07,-53.88329,2.7493896,-42.57317,78.90759,856.1241,-0.00035773925,1891.4231880159905,,S_1741
2024-05-13 22:06:08,-53.93498,2.7457428,-42.629124,78.88661,856.2296,-0.00034340046,1896.4507781484936,,S_1741
2024-05-13 22:06:09,-53.986614,2.7420807,-42.69207,78.86562,856.26483,-0.00023144239,1903.3283500883495,,S_1741
2024-05-13 22:06:10,-54.038193,2.7384186,-42.748024,78.84464,856.25,-0.00022006914,1909.4078649643407,,S_1741
2024-05-13 22:06:11,-54.089725,2.7347565,-42.803978,78.82366,856.24445,0.00025741005,1918.5657724265595,,S_1741
2024-05-13 22:06:12,-54.1412,2.731079,-42.85993,78.80268,856.2481,0.0002688836,1927.7962988035274,,S_1741
2024-05-13 22:06:13,-54.192623,2.7273865,-42.915882,78.7817,856.2296,0.00069974974,1939.7154563950214,,S_1741
2024-05-13 22:06:14,-54.243996,2.7236938,-42.971836,78.76771,856.22034,0.00071119977,1952.1533127145192,,S_1741
2024-05-13 22:06:15,-54.29531,2.7200012,-43.034782,78.74673,856.2685,0.00030799667,1962.5032310718161,,S_1741
2024-05-13 22:06:16,-54.346577,2.7162933,-43.090736,78.725746,856.3759,0.00031953928,1972.3468171487868,,S_1741
2024-05-13 22:06:17,-54.39779,2.7125702,-43.153683,78.69777,856.4537,0.00043974555,1983.7216741561745,,S_1741
2024-05-13 22:06:18,-54.44895,2.7088623,-43.209637,78.67679,856.45557,0.0004514691,1994.1231842598038,,S_1741
2024-05-13 22:06:19,-54.500057,2.705124,-43.265587,78.65581,856.437,0.0008646277,2007.1867578439353,,S_1741
2024-05-13 22:06:20,-54.55111,2.7013855,-43.32154,78.63482,856.4352,0.00087631145,2020.8855087271622,,S_1741
2024-05-13 22:06:21,-54.60211,2.697647,-43.384487,78.620834,856.44257,0.00089485233,2034.986986225022,,S_1741
2024-05-13 22:06:22,-54.65306,2.6938934,-43.44044,78.59286,856.4463,0.00090657256,2047.8185704525868,,S_1741
2024-05-13 22:06:23,-54.703957,2.6901398,-43.4894,78.57188,856.4352,0.00040536167,2057.048161345521,,S_1741
2024-05-13 22:06:24,-54.7548,2.6863708,-43.545353,78.550896,856.41296,0.0004201302,2067.5574690087406,,S_1741
2024-05-13 22:06:25,-54.80559,2.6825867,-43.6083,78.52991,856.42773,-3.3824792e-05,2075.6929651223895,,S_1741
2024-05-13 22:06:26,-54.856327,2.6788177,-43.664253,78.50893,856.51483,-2.2189648e-05,2083.016860388799,,S_1741
2024-05-13 22:06:27,-54.907013,2.6750183,-43.7272,78.487946,856.62036,8.883785e-05,2091.9403329013417,,S_1741
2024-05-13 22:06:28,-54.957645,2.6712341,-43.783154,78.466965,856.6537,0.000100653124,2100.0703261545054,,S_1741
2024-05-13 22:06:29,-55.008224,2.6674194,-43.839104,78.445984,856.63885,1.4286343e-05,2107.642448365632,,S_1741
2024-05-13 22:06:30,-55.05875,2.6636047,-43.895058,78.424995,856.6333,2.9065719e-05,2115.331350987267,,S_1741
2024-05-13 22:06:31,-55.109222,2.65979,-43.958004,78.404015,856.6352,3.6890728e-05,2123.915640665356,,S_1741
2024-05-13 22:06:32,-55.159645,2.6559753,-44.013958,78.38303,856.6241,4.8622096e-05,2131.7063520929723,,S_1741
2024-05-13 22:06:33,-55.21001,2.6521301,-44.069912,78.36205,856.6278,6.57387e-05,2139.617353778722,,S_1741
2024-05-13 22:06:34,-55.260326,2.6483002,-44.125862,78.334076,856.6889,7.750081e-05,2147.768870609688,,S_1741
2024-05-13 22:06:35,-55.31059,2.6444397,-44.181816,78.313095,856.7815,-1.0497868e-05,2155.175776286407,,S_1741
2024-05-13 22:06:36,-55.360798,2.6405945,-44.23777,78.29211,856.8389,1.1520169e-06,2162.65777292425,,S_1741
2024-05-13 22:06:37,-55.410957,2.636734,-44.300716,78.271126,856.8389,1.9680665e-05,2171.1391755862583,,S_1741
2024-05-13 22:06:38,-55.46106,2.6328583,-44.363663,78.250145,856.8278,3.28655e-05,2179.66490813625,,S_1741
2024-05-13 22:06:39,-55.511112,2.6289825,-44.412624,78.229164,856.8315,0.00013574451,2187.1420514300444,,S_1741
2024-05-13 22:06:40,-55.56111,2.6250916,-44.468575,78.20818,856.8259,0.00015064888,2195.6944445934582,,S_1741
2024-05-13 22:06:41,-55.611057,2.6212006,-44.53152,78.187195,856.8148,0.00016937577,2205.2480965468044,,S_1741
2024-05-13 22:06:42,-55.66095,2.6173096,-44.59447,78.166214,856.8444,0.00018276297,2214.7591925868,,S_1741
2024-05-13 22:06:43,-55.71079,2.613388,-44.65042,78.14523,856.9297,0.00018930878,2223.4435291333803,,S_1741
2024-05-13 22:06:44,-55.76058,2.6094818,-44.706375,78.12425,857.013,0.00020122736,2232.2039707571494,,S_1741
2024-05-13 22:06:45,-55.81031,2.6055603,-44.76233,78.10327,857.0408,0.0003244169,2241.7562970422778,,S_1741
2024-05-13 22:06:46,-55.859993,2.6016235,-44.818283,78.08228,857.02783,0.00033954767,2251.4605688958222,,S_1741
2024-05-13 22:06:47,-55.909622,2.5976868,-44.874233,78.05431,857.01855,0.00034629594,2261.5882631465693,,S_1741
2024-05-13 22:06:48,-55.959198,2.59375,-44.93718,78.033325,857.0223,0.00035992835,2272.2318911976845,,S_1741
2024-05-13 22:06:49,-56.008724,2.589798,-44.993134,78.012344,857.02783,0.00037741722,2282.182089875847,,S_1741
2024-05-13 22:06:50,-56.058193,2.5858307,-45.049088,77.98437,857.02594,0.00039259254,2292.3435758341234,,S_1741
2024-05-13 22:06:51,-56.107613,2.5818634,-45.10504,77.96339,857.013,-7.459602e-05,2299.2649671919617,,S_1741
2024-05-13 22:06:52,-56.15698,2.577896,-45.167988,77.942406,857.01666,-6.0946863e-05,2307.195077287198,,S_1741
2024-05-13 22:06:53,-56.20629,2.5739136,-45.223938,77.921425,857.0778,-0.00015050749,2313.6816755833793,,S_1741
2024-05-13 22:06:54,-56.25555,2.569931,-45.279892,77.90044,857.1704,-0.00013848902,2320.222887763714,,S_1741
2024-05-13 22:06:55,-56.304756,2.5659332,-45.335846,77.87246,857.2297,-0.00012879001,2327.023908446564,,S_1741
2024-05-13 22:06:56,-56.35391,2.5619202,-45.3918,77.85148,857.2297,-0.000116743126,2333.7251496713307,,S_1741
2024-05-13 22:06:57,-56.40301,2.5579224,-45.44775,77.8305,857.21674,-0.0006075109,2336.809567012733,,S_1741
2024-05-13 22:06:58,-56.45206,2.553894,-45.5107,77.80952,857.2149,-0.00059394987,2341.3049817508913,,S_1741
2024-05-13 22:06:59,-56.501057,2.5498657,-45.56665,77.788536,857.22046,-0.00068796705,2344.3285091632447,,S_1741
2024-05-13 22:07:00,-56.55,2.5458374,-45.622604,77.76755,857.2241,-0.00067603943,2347.428683700488,,S_1741
2024-05-13 22:07:01,-56.59889,2.5419312,-45.67856,77.74657,857.2149,-0.00065576634,2350.658470095169,,S_1741
2024-05-13 22:07:02,-56.647728,2.5380096,-45.73451,77.725586,857.20374,-0.00064381224,2353.8610152949514,,S_1741
2024-05-13 22:07:03,-56.69651,2.5340729,-45.790462,77.69761,857.2352,-0.00063716667,2357.3841765601765,,S_1741
2024-05-13 22:07:04,-56.745243,2.5301208,-45.846416,77.67663,857.32043,-0.00062517973,2360.7085710122265,,S_1741
2024-05-13 22:07:05,-56.793922,2.5261688,-45.90237,77.64865,857.4019,-9.634939e-05,2367.6344579699175,,S_1741
2024-05-13 22:07:06,-56.84255,2.5222015,-45.965317,77.62767,857.42786,-8.275373e-05,2375.4075169193356,,S_1741
2024-05-13 22:07:07,-56.891125,2.518219,-46.021267,77.60669,857.41675,0.0003986833,2385.410047272143,,S_1741
2024-05-13 22:07:08,-56.939644,2.5142212,-46.07722,77.5857,857.413,0.0004108071,2395.4898764681716,,S_1741
2024-05-13 22:07:09,-56.988113,2.5102081,-46.133175,77.56472,857.41486,0.0004282665,2406.0641158939643,,S_1741
2024-05-13 22:07:10,-57.036526,2.506195,-46.19612,77.53674,857.3982,0.00044493953,2417.3995424450854,,S_1741
2024-05-13 22:07:11,-57.08489,2.5021667,-46.252075,77.51576,857.40375,0.00045177463,2427.809185884292,,S_1741
2024-05-13 22:07:12,-57.133198,2.4981232,-46.30803,77.487785,857.48346,0.00046395097,2438.400372298874,,S_1741
2024-05-13 22:07:13,-57.181458,2.4940796,-46.36398,77.466805,857.5908,0.00048146024,2448.9270358526746,,S_1741
2024-05-13 22:07:14,-57.22966,2.4900055,-46.419933,77.44582,857.63715,0.0004936626,2459.5312827472326,,S_1741
2024-05-13 22:07:15,-57.277813,2.4859314,-46.475887,77.42484,857.6242,0.0005035275,2470.6479500417577,,S_1741
2024-05-13 22:07:16,-57.325912,2.481842,-46.538834,77.396866,857.6038,0.0005173088,2482.8301611341267,,S_1741
2024-05-13 22:07:17,-57.373955,2.4777527,-46.60178,77.37588,857.6038,0.0005364257,2494.5677785423013,,S_1741
2024-05-13 22:07:18,-57.42195,2.4736328,-46.657734,77.3549,857.6112,0.00054868276,2505.5199440535625,,S_1741
2024-05-13 22:07:19,-57.46989,2.469513,-46.713688,77.333916,857.61304,8.055045e-05,2513.4632914630847,,S_1741
2024-05-13 22:07:20,-57.517776,2.4653778,-46.769638,77.312935,857.6038,9.575064e-05,2521.517383537524,,S_1741
2024-05-13 22:07:21,-57.565613,2.4612274,-46.825592,77.28496,857.5927,-0.00039576803,2526.220082318585,,S_1741
2024-05-13 22:07:22,-57.613396,2.457077,-46.88854,77.25698,857.6242,-0.00038194522,2532.225887723999,,S_1741
2024-05-13 22:07:23,-57.66112,2.452896,-46.944492,77.236,857.70935,-0.00037499017,2537.181162151568,,S_1741
2024-05-13 22:07:24,-57.7088,2.4487152,-47.000446,77.20802,857.79083,-0.00035977666,2542.4652686380373,,S_1741
2024-05-13 22:07:25,-57.756424,2.444519,-47.056396,77.18704,857.8168,-0.00034218375,2547.6857899302213,,S_1741
2024-05-13 22:07:26,-57.803993,2.4403229,-47.11235,77.16605,857.8056,-0.00032987766,2552.985004167511,,S_1741
2024-05-13 22:07:27,-57.851513,2.4360962,-47.168304,77.14507,857.80383,-0.00032284987,2558.0402689990638,,S_1741
2024-05-13 22:07:28,-57.89898,2.4318695,-47.23125,77.117096,857.8056,-0.0003089451,2564.507277281361,,S_1741
2024-05-13 22:07:29,-57.94639,2.4276276,-47.287205,77.096115,857.789,-0.00028837897,2570.0695302461513,,S_1741
2024-05-13 22:07:30,-57.99375,2.4233704,-47.343155,77.075134,857.79266,-0.00027601895,2575.6679622119937,,S_1741
2024-05-13 22:07:31,-58.041058,2.4191132,-47.39911,77.04716,857.8723,-0.00026893758,2581.5271010730735,,S_1741
2024-05-13 22:07:32,-58.08831,2.4148254,-47.455063,77.02618,857.97974,-0.00025654692,2587.2518504446275,,S_1741
2024-05-13 22:07:33,-58.135513,2.4105377,-47.511017,76.9982,858.02606,-0.0002359464,2593.1420415646694,,S_1741
2024-05-13 22:07:34,-58.18266,2.40625,-47.573963,76.97722,858.01495,-0.0002219402,2599.7878816654197,,S_1741
2024-05-13 22:07:35,-58.229755,2.4019318,-47.63691,76.94924,857.9927,-0.00021321482,2606.8600099583105,,S_1741
2024-05-13 22:07:36,-58.2768,2.3976135,-47.692863,76.92826,857.9927,-0.00020077113,2613.093467518208,,S_1741
2024-05-13 22:07:37,-58.32379,2.3932648,-47.74182,76.90028,858.0001,-0.00018172087,2618.6446081309678,,S_1741
2024-05-13 22:07:38,-58.370728,2.388916,-47.797775,76.879295,858.0038,-0.00016925624,2624.9612047794362,,S_1741
2024-05-13 22:07:39,-58.41761,2.3845673,-47.853725,76.858315,857.9927,-0.000637638,2627.7879141041863,,S_1741
2024-05-13 22:07:40,-58.464443,2.380188,-47.91667,76.83733,857.9761,-0.0006235721,2631.9544444325024,,S_1741
2024-05-13 22:07:41,-58.511223,2.3758087,-47.972626,76.80936,858.0186,-0.001115404,2632.2061877841597,,S_1741
2024-05-13 22:07:42,-58.55795,2.3714142,-48.02858,76.78138,858.1242,-0.0011000322,2632.7196500351642,,S_1741
2024-05-13 22:07:43,-58.60462,2.3670044,-48.084534,76.7604,858.2076,-0.0010928095,2633.1051697471967,,S_1741
2024-05-13 22:07:44,-58.651245,2.3625946,-48.140484,76.73942,858.2186,-0.0010802983,2633.4113896343742,,S_1741
2024-05-13 22:07:45,-58.69781,2.3581543,-48.196438,76.71144,858.1964,-0.001062505,2633.3587061786607,,S_1741
2024-05-13 22:07:46,-58.744328,2.353714,-48.259384,76.69046,858.1853,-0.0010483601,2633.954921245176,,S_1741
2024-05-13 22:07:47,-58.79079,2.3492584,-48.32233,76.66248,858.19086,-0.0010365916,2635.578678793589,,S_1741
2024-05-13 22:07:48,-58.8372,2.3447876,-48.378284,76.63451,858.1964,-0.0010240222,2637.3435895463103,,S_1741
2024-05-13 22:07:49,-58.883556,2.3403168,-48.427242,76.613525,858.1946,-0.0010077875,2636.515880195285,,S_1741
2024-05-13 22:07:50,-58.92986,2.3358307,-48.490192,76.58555,858.17975,-0.0009907158,2637.83120747279,,S_1741
2024-05-13 22:07:51,-58.976112,2.3313293,-48.55314,76.56456,858.1834,-0.0014575407,2636.5188480868082,,S_1741
2024-05-13 22:07:52,-59.022312,2.3268127,-48.609093,76.53659,858.24646,-0.0014449294,2634.8111312516166,,S_1741
2024-05-13 22:07:53,-59.068455,2.322281,-48.665043,76.5156,858.339,-0.0019368399,2629.49741730554,,S_1741
2024-05-13 22:07:54,-59.114548,2.317749,-48.720997,76.487625,858.3964,-0.0019242151,2624.7147878603414,,S_1741
2024-05-13 22:07:55,-59.16059,2.313202,-48.77695,76.466644,858.3964,-0.0019139756,2619.5518855327505,,S_1741
2024-05-13 22:07:56,-59.206577,2.3086395,-48.8329,76.43867,858.3853,-0.0019013196,2614.914188808397,,S_1741
2024-05-13 22:07:57,-59.25251,2.3040771,-48.888855,76.41769,858.38904,-0.0018834013,2609.9507425996526,,S_1741
2024-05-13 22:07:58,-59.298393,2.2994843,-48.94481,76.38971,858.38165,-0.00187072,2605.5082632757176,,S_1741
2024-05-13 22:07:59,-59.344223,2.2948914,-49.000763,76.36873,858.3668,-0.0018632727,2599.292425685392,,S_1741
2024-05-13 22:08:00,-59.39,2.2902832,-49.06371,76.34075,858.4076,-0.0018460916,2595.863816898513,,S_1741
2024-05-13 22:08:01,-59.436134,2.2857513,-49.11966,76.31977,858.5131,-0.001828114,2591.2617446850873,,S_1741
2024-05-13 22:08:02,-59.4822,2.281189,-49.175613,76.291794,858.59644,-0.0018153684,2586.9161194344183,,S_1741
2024-05-13 22:08:03,-59.5282,2.2766266,-49.231567,76.26382,858.60754,-0.0018050132,2582.8909874945616,,S_1741
2024-05-13 22:08:04,-59.57413,2.272049,-49.28752,76.242836,858.5854,-0.00179224,2577.1917095827844,,S_1741
2024-05-13 22:08:05,-59.62,2.267456,-49.350468,76.21486,858.5743,-0.0012626932,2577.319893741537,,S_1741
2024-05-13 22:08:06,-59.6658,2.2628326,-49.40642,76.18688,858.57983,-0.0012498924,2576.849709200124,,S_1741
2024-05-13 22:08:07,-59.711533,2.2582092,-49.46237,76.1659,858.58716,-0.00076640677,2579.1964095008175,,S_1741
2024-05-13 22:08:08,-59.7572,2.2535706,-49.518326,76.137924,858.5854,-0.00075075106,2581.9215628144357,,S_1741
2024-05-13 22:08:09,-59.8028,2.2489166,-49.57428,76.11694,858.565,-0.00073267944,2584.488035747566,,S_1741
2024-05-13 22:08:10,-59.84833,2.2442474,-49.63023,76.08897,858.5705,-0.0007198256,2587.30922012525,,S_1741
2024-05-13 22:08:11,-59.8938,2.239563,-49.686184,76.06099,858.652,-0.00071218435,2589.738007173301,,S_1741
2024-05-13 22:08:12,-59.939198,2.2348633,-49.74913,76.04001,858.75946,-0.0006948487,2593.403849426747,,S_1741
2024-05-13 22:08:13,-59.98453,2.2301636,-49.805084,76.01203,858.8039,-0.00067673414,2596.5969902191073,,S_1741
2024-05-13 22:08:14,-60.0298,2.2254333,-49.86104,75.99104,858.7927,-0.00066383043,2599.609402650869,,S_1741
2024-05-13 22:08:15,-60.074997,2.2206879,-49.91699,75.963066,858.7724,-0.0006561344,2602.8422876642044,,S_1741
2024-05-13 22:08:16,-60.120132,2.2159271,-49.972942,75.9351,858.77057,-0.0006404017,2606.177209791761,,S_1741
2024-05-13 22:08:17,-60.1652,2.2111664,-50.028896,75.90712,858.77795,-0.0006222469,2609.2424526447767,,S_1741
2024-05-13 22:08:18,-60.210197,2.2063751,-50.091843,75.88613,858.7835,-0.0006076445,2613.4720347013263,,S_1741
2024-05-13 22:08:19,-60.25513,2.2015686,-50.147797,75.85816,858.77057,-0.00059989415,2617.0685129019453,,S_1741
2024-05-13 22:08:20,-60.3,2.196762,-50.20375,75.830185,858.75574,-0.00058412284,2620.7674294309045,,S_1741
2024-05-13 22:08:21,-60.3448,2.191925,-50.2597,75.80221,858.7965,-0.00056592864,2624.6595237693887,,S_1741
2024-05-13 22:08:22,-60.38953,2.187088,-50.315655,75.78122,858.9039,-0.00055293104,2628.3885778597046,,S_1741
2024-05-13 22:08:23,-60.434196,2.1822357,-50.37161,75.75325,858.98724,-0.0005451259,2632.4117738590357,,S_1741
2024-05-13 22:08:24,-60.478798,2.177353,-50.42756,75.73226,858.9965,-0.00052931986,2636.292437740298,,S_1741
2024-05-13 22:08:25,-60.52333,2.17247,-50.483513,75.704285,858.97424,-0.00051108556,2640.0820525951594,,S_1741
2024-05-13 22:08:26,-60.5678,2.167572,-50.54646,75.67631,858.965,-0.00049638026,2645.1999948479533,,S_1741
2024-05-13 22:08:27,-60.612198,2.1626434,-50.602413,75.64834,858.9687,-0.0004885209,2649.5150803071238,,S_1741
2024-05-13 22:08:28,-60.656532,2.1577148,-50.658367,75.62036,858.97614,-0.0004726775,2653.9953211467755,,S_1741
2024-05-13 22:08:29,-60.700798,2.152771,-50.714317,75.59937,858.9724,-0.0004544071,2658.020708127979,,S_1741
2024-05-13 22:08:30,-60.745,2.147812,-50.777267,75.571396,858.95764,-0.0004396513,2663.504186856079,,S_1741
2024-05-13 22:08:31,-60.78913,2.1428375,-50.833218,75.54343,858.96313,-0.00043173824,2667.862605041347,,S_1741
2024-05-13 22:08:32,-60.8332,2.137848,-50.896168,75.51545,859.02423,-0.0004141883,2673.50927056956,,S_1741
2024-05-13 22:08:33,-60.877197,2.132843,-50.952118,75.48747,859.1169,-0.0003958773,2678.473068450428,,S_1741
2024-05-13 22:08:34,-60.92113,2.1278229,-51.00807,75.466484,859.17615,-0.00038274142,2683.2995627480213,,S_1741
2024-05-13 22:08:35,-60.964996,2.1227875,-51.064026,75.438515,859.17615,0.00013499324,2691.5747815869877,,S_1741
2024-05-13 22:08:36,-61.008797,2.1177368,-51.112984,75.41054,859.1632,0.00014922237,2699.1896315334457,,S_1741
2024-05-13 22:08:37,-61.052532,2.1126862,-51.168938,75.38256,859.1613,0.00016755484,2707.773940999114,,S_1741
2024-05-13 22:08:38,-61.0962,2.107605,-51.224888,75.35458,859.1669,0.00018071996,2716.576978961592,,S_1741
2024-05-13 22:08:39,-61.139797,2.1025085,-51.287838,75.32661,859.17053,0.00019314946,2726.3199045281503,,S_1741
2024-05-13 22:08:40,-61.18333,2.097412,-51.350784,75.29863,859.1613,0.00020801787,2735.859607883449,,S_1741
2024-05-13 22:08:41,-61.2268,2.0922852,-51.399742,75.27065,859.1502,0.00022470477,2743.9591841351034,,S_1741
2024-05-13 22:08:42,-61.2702,2.087143,-51.455696,75.242676,859.1817,0.00023791067,2753.1713881499795,,S_1741
2024-05-13 22:08:43,-61.31353,2.0820007,-51.518642,75.2147,859.265,-0.00025928568,2759.8444117843837,,S_1741
2024-05-13 22:08:44,-61.356796,2.076828,-51.574596,75.19372,859.3484,-0.00024604224,2765.549287004211,,S_1741
2024-05-13 22:08:45,-61.399998,2.0716553,-51.630547,75.16574,859.3761,-0.00022762554,2771.71058013257,,S_1741
2024-05-13 22:08:46,-61.44313,2.0664673,-51.67951,75.137764,859.36316,-0.00021605415,2776.7677422569036,,S_1741
2024-05-13 22:08:47,-61.4862,2.0612488,-51.742455,75.10979,859.3558,0.00042052218,2788.147070108753,,S_1741
2024-05-13 22:08:48,-61.529198,2.0560303,-51.8054,75.08181,859.3595,0.00043560012,2799.308366907899,,S_1741
2024-05-13 22:08:49,-61.572132,2.0507965,-51.861355,75.05383,859.36505,0.00045415084,2809.4039982653803,,S_1741
2024-05-13 22:08:50,-61.614998,2.0455475,-51.910313,75.025856,859.36316,0.00046858567,2819.428621632007,,S_1741
2024-05-13 22:08:51,-61.6578,2.040268,-51.97326,74.99788,859.3484,-0.00026901485,2825.7910445705083,,S_1741
2024-05-13 22:08:52,-61.70053,2.0349884,-52.036205,74.9699,859.35205,-0.00025411867,2832.637565115263,,S_1741
2024-05-13 22:08:53,-61.7432,2.0296936,-52.085167,74.94193,859.41504,-0.00011409803,2838.5106849947897,,S_1741
2024-05-13 22:08:54,-61.785797,2.0243835,-52.141117,74.913956,859.5058,-9.803775e-05,2845.3346304298766,,S_1741
2024-05-13 22:08:55,-61.82833,2.0190582,-52.19707,74.88598,859.56506,2.5540648e-05,2852.9624117468184,,S_1741
2024-05-13 22:08:56,-61.870796,2.0137177,-52.253025,74.858,859.56696,3.9021877e-05,2860.7054772880874,,S_1741
2024-05-13 22:08:57,-61.913197,2.0083618,-52.31597,74.830025,859.55206,-5.6847784e-07,2869.0070250987073,,S_1741
2024-05-13 22:08:58,-61.955532,2.003006,-52.371925,74.80205,859.55023,-4.0158833e-05,2876.201752671935,,S_1741
2024-05-13 22:08:59,-61.9978,1.9976196,-52.427876,74.77407,859.5558,-3.1903328e-05,2883.44810780816,,S_1741
2024-05-13 22:09:00,-62.039997,1.992218,-52.48383,74.74609,859.5595,-1.8499122e-05,2890.7666993492016,,S_1741
2024-05-13 22:09:01,-62.08254,1.9868622,-52.546776,74.71812,859.55023,0.00062985683,2903.164593093623,,S_1741
2024-05-13 22:09:02,-62.125004,1.9815063,-52.60273,74.69014,859.5391,0.0006433652,2914.325308590153,,S_1741
2024-05-13 22:09:03,-62.167385,1.97612,-52.651688,74.66216,859.5706,0.0005337388,2924.799544272147,,S_1741
2024-05-13 22:09:04,-62.209686,1.9707184,-52.714634,74.634186,859.65393,0.0005488611,2936.663499031831,,S_1741
2024-05-13 22:09:05,-62.251907,1.9653015,-52.770588,74.60621,859.7373,0.00044523893,2947.07269168709,,S_1741
2024-05-13 22:09:06,-62.29405,1.9598694,-52.82654,74.57124,859.7651,0.00045854202,2957.6674973493095,,S_1741
2024-05-13 22:09:07,-62.336105,1.9544067,-52.882496,74.54327,859.75214,0.0005918401,2968.9584510329896,,S_1741
2024-05-13 22:09:08,-62.378086,1.9489441,-52.938446,74.51529,859.7447,0.0006079716,2980.807338385228,,S_1741
2024-05-13 22:09:09,-62.419983,1.9434662,-53.001396,74.48731,859.74835,0.0006282615,2993.1763408979878,,S_1741
2024-05-13 22:09:10,-62.461803,1.9379578,-53.057346,74.459335,859.75397,0.0006417243,3004.784974365197,,S_1741
2024-05-13 22:09:11,-62.50354,1.9324341,-53.1133,74.43136,859.75214,0.0015086674,3022.2561011087673,,S_1741
2024-05-13 22:09:12,-62.545197,1.9269104,-53.169254,74.396385,859.73175,0.001524646,3039.770174566294,,S_1741
2024-05-13 22:09:13,-62.586773,1.9213562,-53.225204,74.36841,859.7225,0.0027588985,3065.137722157309,,S_1741
2024-05-13 22:09:14,-62.62827,1.9157867,-53.28116,74.34044,859.7725,0.0027718942,3090.5869312731706,,S_1741
2024-05-13 22:09:15,-62.669685,1.910202,-53.337112,74.31246,859.8799,0.0031397888,3118.4243772024834,,S_1741
2024-05-13 22:09:16,-62.711018,1.904602,-53.393066,74.284485,859.9577,0.003152656,3148.7034752337136,,S_1741
2024-05-13 22:09:17,-62.752274,1.8989868,-53.456013,74.25651,859.9595,0.0030595597,3176.8538373903834,,S_1741
2024-05-13 22:09:18,-62.793446,1.8933563,-53.511963,74.22853,859.941,0.0030728185,3204.696426390969,,S_1741
2024-05-13 22:09:19,-62.83454,1.8876953,-53.567917,74.19356,859.9392,0.0033283613,3233.9117479880915,,S_1741
2024-05-13 22:09:20,-62.875553,1.8820343,-53.62387,74.16558,859.94653,0.0033418692,3260.5623778733875,,S_1741
2024-05-13 22:09:21,-62.916485,1.8763428,-53.67283,74.1376,859.95026,0.0034855597,3290.289261698713,,S_1741
2024-05-13 22:09:22,-62.957336,1.8706512,-53.728783,74.10264,859.9373,0.0035018525,3323.245071376556,,S_1741
2024-05-13 22:09:23,-62.998108,1.8649292,-53.79173,74.07466,859.91693,0.0033761559,3353.42927521469,,S_1741
2024-05-13 22:09:24,-63.038795,1.8591919,-53.847683,74.046684,859.93176,0.0033901916,3382.8569279400717,,S_1741
2024-05-13 22:09:25,-63.079407,1.8534393,-53.903633,74.01871,860.0188,0.0026911555,3407.7418637072774,,S_1741
2024-05-13 22:09:26,-63.119934,1.8476715,-53.959587,73.99073,860.1225,0.0022050848,3429.7856966322893,,S_1741
2024-05-13 22:09:27,-63.160385,1.8418884,-54.01554,73.95576,860.15955,0.001719014,3449.8089583590713,,S_1741
2024-05-13 22:09:28,-63.200752,1.8360901,-54.078487,73.92778,860.1429,0.0017336914,3469.3086015436356,,S_1741
2024-05-13 22:09:29,-63.24104,1.8302765,-54.13444,73.8998,860.1318,0.0017348839,3488.219773373861,,S_1741
2024-05-13 22:09:30,-63.281246,1.8244324,-54.190395,73.86484,860.1373,0.0017473423,3505.829404635966,,S_1741
2024-05-13 22:09:31,-63.321373,1.8185883,-54.239353,73.83686,860.1448,0.001644339,3523.057887594423,,S_1741
2024-05-13 22:09:32,-63.36142,1.8127289,-54.295307,73.80888,860.141,0.0015413357,3540.6747417048296,,S_1741
2024-05-13 22:09:33,-63.401382,1.806839,-54.351257,73.77391,860.1206,0.0025633585,3564.869204283398,,S_1741
2024-05-13 22:09:34,-63.44127,1.8009338,-54.40721,73.74593,860.1114,0.0025765286,3590.9125789538703,,S_1741
2024-05-13 22:09:35,-63.48107,1.7950134,-54.470158,73.71796,860.1614,0.0032142787,3622.815101956213,,S_1741
2024-05-13 22:09:36,-63.520798,1.7890778,-54.533104,73.68299,860.2688,0.0032297855,3652.1612183627058,,S_1741
2024-05-13 22:09:37,-63.56044,1.7831268,-54.589058,73.655014,860.3466,0.0027404223,3677.706661603284,,S_1741
2024-05-13 22:09:38,-63.600002,1.7771606,-54.64501,73.62004,860.34845,0.0027568492,3703.5221468713717,,S_1741
2024-05-13 22:09:39,-63.639484,1.7711792,-54.700962,73.58507,860.32996,0.0034891323,3731.1026706566695,,S_1741
2024-05-13 22:09:40,-63.678886,1.7651825,-54.749924,73.5571,860.32996,0.0035013838,3762.978474125441,,S_1741
2024-05-13 22:09:41,-63.71821,1.7591705,-54.81287,73.52912,860.3336,0.0024559295,3787.1191377094447,,S_1741
2024-05-13 22:09:42,-63.757446,1.753128,-54.868824,73.501144,860.3336,0.0024699098,3812.6706401862393,,S_1741
2024-05-13 22:09:43,-63.796608,1.7470856,-54.93177,73.46617,860.3336,0.0017214207,3831.1948059937927,,S_1741
2024-05-13 22:09:44,-63.835686,1.7410126,-54.98073,73.4312,860.3392,0.001735591,3849.1451847746666,,S_1741
2024-05-13 22:09:45,-63.874683,1.7349243,-55.036682,73.40322,860.33734,0.0022279709,3871.2611448771518,,S_1741
2024-05-13 22:09:46,-63.9136,1.7288208,-55.092636,73.368256,860.31696,0.0022412648,3895.005248278774,,S_1741
2024-05-13 22:09:47,-63.95244,1.722702,-55.155582,73.34028,860.3225,0.0031061647,3923.7594952167183,,S_1741
2024-05-13 22:09:48,-63.991196,1.716568,-55.211533,73.305305,860.4059,0.0031223712,3951.520615801695,,S_1741
2024-05-13 22:09:49,-64.02988,1.7104187,-55.267487,73.27733,860.5114,0.0035226252,3979.6187516991604,,S_1741
2024-05-13 22:09:50,-64.06847,1.7042542,-55.316444,73.24236,860.5503,0.0035374057,4009.2240219709183,,S_1741
2024-05-13 22:09:51,-64.10699,1.6980743,-55.3724,73.214386,860.5318,0.0025599522,4033.510483352595,,S_1741
2024-05-13 22:09:52,-64.14542,1.691864,-55.428352,73.17941,860.5188,0.0017068188,4052.088090122821,,S_1741
2024-05-13 22:09:53,-64.18378,1.6856537,-55.484306,73.151436,860.5226,0.0008536853,4065.716304847372,,S_1741
2024-05-13 22:09:54,-64.222046,1.6794128,-55.547253,73.11646,860.5299,0.00087103853,4080.366249964956,,S_1741
2024-05-13 22:09:55,-64.26024,1.673172,-55.6102,73.088486,860.5355,0.00015434658,4089.572053078923,,S_1741
2024-05-13 22:09:56,-64.298355,1.6669006,-55.666153,73.05352,860.5226,0.00028112624,4098.905767827965,,S_1741
2024-05-13 22:09:57,-64.33639,1.660614,-55.722103,73.02554,860.50586,0.0004079059,4108.946220545048,,S_1741
2024-05-13 22:09:58,-64.37434,1.6543121,-55.778057,72.99057,860.54846,0.0004205004,4118.926931113624,,S_1741
2024-05-13 22:09:59,-64.41221,1.647995,-55.827015,72.955605,860.6578,0.0002065585,4126.963623281998,,S_1741
2024-05-13 22:10:00,-64.45,1.6416626,-55.88297,72.92063,860.7355,-0.00019055416,4133.236217350908,,S_1741
2024-05-13 22:10:01,-64.48787,1.6354675,-55.938923,72.892654,860.73737,-0.0005876668,4136.694182230859,,S_1741
2024-05-13 22:10:02,-64.52566,1.629242,-55.994877,72.85768,860.7189,-0.0009847794,4137.695197830091,,S_1741
2024-05-13 22:10:03,-64.56336,1.6230011,-56.050827,72.822716,860.717,-0.0013818921,4136.2532628512,,S_1741
2024-05-13 22:10:04,-64.600975,1.616745,-56.10678,72.79474,860.72253,-0.0017790048,4130.528654144016,,S_1741
2024-05-13 22:10:05,-64.638504,1.6104584,-56.169727,72.759766,860.72253,-0.0021761174,4122.888218162799,,S_1741
2024-05-13 22:10:06,-64.67595,1.6041565,-56.232674,72.72479,860.72253,-0.00257323,4114.237779655692,,S_1741
2024-05-13 22:10:07,-64.7133,1.5978241,-56.288628,72.68983,860.72626,-0.002187622,4109.213768782265,,S_1741
2024-05-13 22:10:08,-64.75057,1.5914764,-56.337585,72.66185,860.72626,-0.0016632851,4104.73363313971,,S_1741
2024-05-13 22:10:09,-64.78776,1.5851135,-56.39354,72.62688,860.70776,-0.0011389483,4104.709073748156,,S_1741
2024-05-13 22:10:10,-64.82486,1.5787201,-56.449493,72.5919,860.7114,-0.001126341,4104.911462614313,,S_1741
2024-05-13 22:10:11,-64.86187,1.5722961,-56.505444,72.563934,860.7929,0.0008463003,4117.807208617254,,S_1741
2024-05-13 22:10:12,-64.898796,1.5658569,-56.561398,72.52896,860.9004,0.0008617621,4130.967428547537,,S_1741
2024-05-13 22:10:13,-64.93564,1.5594025,-56.61735,72.49399,860.9448,0.0028452221,4157.196406923289,,S_1741
2024-05-13 22:10:14,-64.97239,1.5529175,-56.673306,72.45902,860.9337,0.0028609657,4183.523216696032,,S_1741
2024-05-13 22:10:15,-65.00906,1.5464172,-56.729256,72.42405,860.9133,0.0027865819,4211.421355200212,,S_1741
2024-05-13 22:10:16,-65.04564,1.5399017,-56.792206,72.38908,860.91144,0.0028019468,4240.257182597696,,S_1741
2024-05-13 22:10:17,-65.08214,1.5333557,-56.855152,72.35411,860.9189,0.0015883355,4257.85516553399,,S_1741
2024-05-13 22:10:18,-65.118546,1.5267792,-56.90411,72.31914,860.92444,0.0016000203,4275.027644224824,,S_1741
2024-05-13 22:10:19,-65.15487,1.5201874,-56.960064,72.284164,860.91144,0.0010926429,4289.549440779351,,S_1741
2024-05-13 22:10:20,-65.19111,1.5135803,-57.016014,72.25619,860.8966,0.0011082613,4304.142623501428,,S_1741
2024-05-13 22:10:21,-65.227264,1.5069427,-57.071968,72.22122,860.9374,0.0013741095,4320.647285433979,,S_1741
2024-05-13 22:10:22,-65.26333,1.5002899,-57.127922,72.18625,861.0448,0.0013869436,4337.233010479251,,S_1741
2024-05-13 22:10:23,-65.29931,1.4936066,-57.183876,72.151276,861.1281,0.0015222783,4354.9297149542635,,S_1741
2024-05-13 22:10:24,-65.3352,1.486908,-57.239826,72.109314,861.1374,0.0012797953,4370.966604767126,,S_1741
2024-05-13 22:10:25,-65.371,1.4801788,-57.29578,72.07434,861.1152,0.0010373123,4385.113956409036,,S_1741
2024-05-13 22:10:26,-65.40672,1.4734344,-57.351734,72.046364,861.10596,0.0010498656,4399.303264447582,,S_1741
2024-05-13 22:10:27,-65.44236,1.4666748,-57.407684,72.0114,861.1115,0.0013571982,4415.674512651232,,S_1741
2024-05-13 22:10:28,-65.47791,1.4598846,-57.46364,71.976425,861.1115,0.001371688,4433.156266419138,,S_1741
2024-05-13 22:10:29,-65.513374,1.4530792,-57.526585,71.94145,861.1115,0.0028738605,4460.319497951893,,S_1741
2024-05-13 22:10:30,-65.54875,1.4462433,-57.58254,71.90649,861.1152,0.0028856832,4486.727863026868,,S_1741
2024-05-13 22:10:31,-65.58404,1.4393921,-57.638493,71.87151,861.1152,0.00414817,4521.429409686671,,S_1741
2024-05-13 22:10:32,-65.61924,1.4325256,-57.694447,71.83654,861.0948,0.00416056,4556.20375064393,,S_1741
2024-05-13 22:10:33,-65.65436,1.4256134,-57.750397,71.801575,861.0856,0.0026598158,4581.112121571336,,S_1741
2024-05-13 22:10:34,-65.68939,1.4187012,-57.80635,71.7666,861.13367,0.0026756956,4606.502871514976,,S_1741
2024-05-13 22:10:35,-65.72434,1.4117584,-57.862305,71.72464,861.2429,-0.0029173954,4594.929780553852,,S_1741
2024-05-13 22:10:36,-65.7592,1.4048004,-57.918255,71.68967,861.31885,-0.006214246,4561.5385605501515,,S_1741
2024-05-13 22:10:37,-65.793976,1.3978119,-57.97421,71.65469,861.32074,-0.009511096,4506.502165918221,,S_1741
2024-05-13 22:10:38,-65.82866,1.3908081,-58.030163,71.61973,861.30225,-0.010321363,4453.732432174848,,S_1741
2024-05-13 22:10:39,-65.86326,1.3837738,-58.07912,71.584755,861.30035,-0.011131629,4387.242540793834,,S_1741
2024-05-13 22:10:40,-65.89777,1.3767242,-58.135075,71.54978,861.30963,-0.011941897,4305.878085168005,,S_1741
2024-05-13 22:10:41,-65.932205,1.3696594,-58.19802,71.50782,861.3133,-0.012752163,4221.0984244836045,,S_1741
2024-05-13 22:10:42,-65.96655,1.3625641,-58.260967,71.47285,861.30035,-0.01356243,4150.306451434969,,S_1741
2024-05-13 22:10:43,-66.00081,1.3554382,-58.309925,71.43788,861.28,-0.006755422,4117.529285055386,,S_1741
2024-05-13 22:10:44,-66.03498,1.3482971,-58.358887,71.40291,861.293,5.1585957e-05,4124.487714810034,,S_1741
2024-05-13 22:10:45,-66.06906,1.3411407,-58.421833,71.367935,861.3819,0.012869739,4228.310672406968,,S_1741
2024-05-13 22:10:46,-66.10306,1.3339539,-58.48478,71.32597,861.48553,0.016754335,4346.576247168511,,S_1741
2024-05-13 22:10:47,-66.13697,1.3267517,-58.540733,71.291,861.52075,0.02063893,4489.298952273119,,S_1741
2024-05-13 22:10:48,-66.1708,1.3195343,-58.596684,71.256035,861.5059,0.018923625,4609.7613893583475,,S_1741
2024-05-13 22:10:49,-66.20454,1.3122864,-58.645645,71.214066,861.4967,0.017208323,4729.297049659131,,S_1741
2024-05-13 22:10:50,-66.2382,1.3050079,-58.701595,71.17909,861.50037,0.0154930195,4838.235209670848,,S_1741
2024-05-13 22:10:51,-66.27176,1.2977142,-58.75755,71.14413,861.50226,0.013777716,4935.917058138277,,S_1741
2024-05-13 22:10:52,-66.305244,1.2904053,-58.813503,71.10915,861.50037,0.012179752,5024.761815495247,,S_1741
2024-05-13 22:10:53,-66.33864,1.2830658,-58.869457,71.06719,861.5059,0.010581788,5103.061727537724,,S_1741
2024-05-13 22:10:54,-66.37195,1.275711,-58.925407,71.02522,861.5078,0.0089838235,5169.453574525685,,S_1741
2024-05-13 22:10:55,-66.405174,1.2683411,-58.98136,70.99026,861.4948,0.007385859,5225.207314697713,,S_1741
2024-05-13 22:10:56,-66.43831,1.2609406,-59.037315,70.955284,861.48,0.0057878946,5270.484507069664,,S_1741
2024-05-13 22:10:57,-66.47136,1.2535095,-59.093266,70.92031,861.52264,0.00418993,5308.920108060291,,S_1741
2024-05-13 22:10:58,-66.504326,1.2460632,-59.156216,70.87835,861.63007,0.0025919657,5334.2404603151435,,S_1741
2024-05-13 22:10:59,-66.53721,1.2386017,-59.212166,70.843376,861.7097,0.0009940014,5348.2457989517525,,S_1741
2024-05-13 22:11:00,-66.57,1.2311096,-59.26812,70.801414,861.7115,-0.00060396286,5351.819144468036,,S_1741
2024-05-13 22:11:01,-66.60312,1.2236176,-59.324074,70.76644,861.693,-0.0022019271,5344.482027699636,,S_1741
2024-05-13 22:11:02,-66.63613,1.2161102,-59.380028,70.72448,861.6911,-0.0037998916,5326.642165610194,,S_1741
2024-05-13 22:11:03,-66.66905,1.2085724,-59.435978,70.68251,861.6967,-0.005397856,5298.84732448242,,S_1741
2024-05-13 22:11:04,-66.701866,1.2010193,-59.491932,70.647545,861.6967,-0.00699582,5259.5269750503685,,S_1741
2024-05-13 22:11:05,-66.73458,1.1934357,-59.547886,70.605576,861.6949,-0.008593785,5210.839059836233,,S_1741
2024-05-13 22:11:06,-66.7672,1.1858368,-59.603836,70.57061,861.70044,-0.010191749,5150.218012978712,,S_1741
2024-05-13 22:11:07,-66.79971,1.1782227,-59.65979,70.52864,861.69855,-0.0097868815,5092.470875870815,,S_1741
2024-05-13 22:11:08,-66.83213,1.1705627,-59.715744,70.48668,861.68005,-0.009382014,5037.432946580518,,S_1741
2024-05-13 22:11:09,-66.86445,1.1629028,-59.771698,70.44472,861.6856,-0.008977147,4992.8875565091375,,S_1741
2024-05-13 22:11:10,-66.89667,1.1552124,-59.820656,70.409744,861.7671,-0.0085722795,4942.286064598431,,S_1741
2024-05-13 22:11:11,-66.92878,1.1474915,-59.87661,70.36778,861.8726,-0.008167412,4896.414281337017,,S_1741
2024-05-13 22:11:12,-66.9608,1.1397552,-59.93256,70.33281,861.91895,-0.007762545,4846.339782819476,,S_1741
2024-05-13 22:11:13,-66.992714,1.1319885,-59.995506,70.29084,861.906,-0.0073576774,4805.648228772272,,S_1741
2024-05-13 22:11:14,-67.02453,1.1242065,-60.05146,70.24888,861.88745,-0.00695281,4771.874546968943,,S_1741
2024-05-13 22:11:15,-67.05625,1.1164093,-60.100418,70.20692,861.88745,-0.0065479428,4735.7799792845035,,S_1741
2024-05-13 22:11:16,-67.08787,1.1085815,-60.156372,70.17194,861.8912,-0.0065295235,4699.644183803791,,S_1741
2024-05-13 22:11:17,-67.119385,1.1007233,-60.212326,70.12998,861.8912,-0.0065566376,4664.315085556448,,S_1741
2024-05-13 22:11:18,-67.150795,1.0928497,-60.26828,70.09501,861.8912,-0.0065837516,4627.83316021121,,S_1741
2024-05-13 22:11:19,-67.18211,1.0849609,-60.32423,70.05305,861.8949,-0.0066108657,4591.333070289712,,S_1741
2024-05-13 22:11:20,-67.21333,1.0770416,-60.380184,70.01108,861.8856,-0.00663798,4549.778342463224,,S_1741
2024-05-13 22:11:21,-67.244446,1.0690918,-60.44313,69.96912,861.8745,-0.0066650943,4513.744253851211,,S_1741
2024-05-13 22:11:22,-67.27547,1.0611267,-60.499084,69.92715,861.906,-0.0066922083,4476.723651922919,,S_1741
2024-05-13 22:11:23,-67.30638,1.0531464,-60.55504,69.885185,861.9912,-0.0067193224,4444.401507092938,,S_1741
2024-05-13 22:11:24,-67.3372,1.0451355,-60.603996,69.84322,862.0727,-0.0067464365,4406.217708272904,,S_1741
2024-05-13 22:11:25,-67.36791,1.0370941,-60.65995,69.801254,862.10046,-0.0067735505,4368.676588241875,,S_1741
2024-05-13 22:11:26,-67.39853,1.0290527,-60.7159,69.75929,862.0875,-0.0068006646,4330.957126491476,,S_1741
2024-05-13 22:11:27,-67.42905,1.0209656,-60.771854,69.71732,862.0819,-0.006827779,4288.036936317448,,S_1741
2024-05-13 22:11:28,-67.459465,1.0128632,-60.8348,69.67536,862.08374,-0.006854893,4251.610363032394,,S_1741
2024-05-13 22:11:29,-67.489784,1.0047455,-60.890755,69.64039,862.08563,-0.0068820072,4213.211976819222,,S_1741
2024-05-13 22:11:30,-67.52,0.9965973,-60.94671,69.59843,862.08374,-0.0069091213,4179.818161806543,,S_1741
2024-05-13 22:11:31,-67.55012,0.98843384,-60.995667,69.556465,862.0893,-0.0069362354,4139.4568794784245,,S_1741
2024-05-13 22:11:32,-67.58013,0.98023987,-61.05162,69.5075,862.0875,-0.0069633494,4100.858196784587,,S_1741
2024-05-13 22:11:33,-67.61005,0.97203064,-61.10757,69.46554,862.06714,-0.006990464,4056.7659647150494,,S_1741
2024-05-13 22:11:34,-67.63986,0.9637909,-61.17052,69.42358,862.05786,-0.007017578,4018.470033489059,,S_1741
2024-05-13 22:11:35,-67.66958,0.95552063,-61.22647,69.38161,862.10785,-0.007044692,3979.1886780213104,,S_1741
2024-05-13 22:11:36,-67.699196,0.94725037,-61.282425,69.339645,862.2153,-0.007071806,3944.8775266888692,,S_1741
2024-05-13 22:11:37,-67.728714,0.9389343,-61.331383,69.297676,862.2931,-0.00709892,3903.474767846213,,S_1741
2024-05-13 22:11:38,-67.75813,0.9306183,-61.387337,69.24872,862.29486,-0.0071260342,3863.8314576227435,,S_1741
2024-05-13 22:11:39,-67.787445,0.92225647,-61.44329,69.20676,862.27637,-0.0071531483,3823.8585815404977,,S_1741
2024-05-13 22:11:40,-67.816666,0.91389465,-61.49924,69.164795,862.27637,-0.007180263,3783.7081272626647,,S_1741
2024-05-13 22:11:41,-67.84578,0.90548706,-61.555195,69.122826,862.2801,-0.007207377,3743.386027157786,,S_1741
2024-05-13 22:11:42,-67.874794,0.89707947,-61.61115,69.080864,862.2819,-0.007234491,3702.889577901047,,S_1741
2024-05-13 22:11:43,-67.90372,0.88864136,-61.667103,69.038895,862.27826,-0.007261605,3661.256420542065,,S_1741
2024-05-13 22:11:44,-67.93253,0.8801727,-61.723053,68.98994,862.27826,-0.007288719,3620.5727995369134,,S_1741
2024-05-13 22:11:45,-67.96125,0.87168884,-61.779007,68.947975,862.27826,-0.007315833,3579.5569862619413,,S_1741
2024-05-13 22:11:46,-67.98986,0.86317444,-61.83496,68.906006,862.2838,-0.007342947,3538.372287323257,,S_1741
2024-05-13 22:11:47,-68.01838,0.8546448,-61.89091,68.864044,862.2819,-0.0073700617,3496.04237157792,,S_1741
2024-05-13 22:11:48,-68.0468,0.8460846,-61.946865,68.81509,862.2634,-0.0073971758,3458.976835323667,,S_1741
2024-05-13 22:11:49,-68.07511,0.83750916,-61.995823,68.76613,862.269,-0.00742429,3416.6217125114063,,S_1741
2024-05-13 22:11:50,-68.10333,0.82891846,-62.051777,68.72416,862.35046,-0.007451404,3374.7415572519894,,S_1741
2024-05-13 22:11:51,-68.13145,0.82029724,-62.10773,68.6822,862.4579,-0.007478518,3331.7185587623544,,S_1741
2024-05-13 22:11:52,-68.15946,0.8116455,-62.163685,68.63324,862.5023,-0.007505632,3288.6836300935397,,S_1741
2024-05-13 22:11:53,-68.18738,0.8029785,-62.219635,68.58428,862.4894,-0.007532746,3240.86334989419,,S_1741
2024-05-13 22:11:54,-68.215195,0.794281,-62.282585,68.54231,862.4708,-0.0075598606,3204.6193305766137,,S_1741
2024-05-13 22:11:55,-68.24291,0.78556824,-62.331543,68.50035,862.4708,-0.0075869747,3160.1053185593037,,S_1741
2024-05-13 22:11:56,-68.27053,0.7768402,-62.387493,68.45139,862.47455,-0.0076140887,3117.345301014093,,S_1741
2024-05-13 22:11:57,-68.29805,0.76808167,-62.443447,68.409424,862.47455,-0.007641203,3073.2861478889477,,S_1741
2024-05-13 22:11:58,-68.32546,0.7592926,-62.4994,68.360466,862.47455,-0.007668317,3029.2119140878167,,S_1741
2024-05-13 22:11:59,-68.35278,0.7504883,-62.555355,68.31151,862.4783,-0.007695431,2985.9387932103236,,S_1741
2024-05-13 22:12:00,-68.38,0.7416687,-62.611305,68.26955,862.4708,-0.007722545,2946.889866667275,,S_1741
2024-05-13 22:12:01,-68.40801,0.73265076,-62.660267,68.22059,862.4598,-0.0077496595,2901.4998106770854,,S_1741
2024-05-13 22:12:02,-68.435905,0.7236328,-62.716217,68.17163,862.4894,-0.0077767735,2851.935435861975,,S_1741
2024-05-13 22:12:03,-68.46366,0.71458435,-62.779167,68.12966,862.5746,-0.0078038876,2807.6454677993843,,S_1741
2024-05-13 22:12:04,-68.49129,0.70552063,-62.835117,68.0807,862.6579,-0.007831002,2763.507079217025,,S_1741
2024-05-13 22:12:05,-68.51878,0.6964264,-62.89107,68.03874,862.68384,-0.007858116,2718.0686690022435,,S_1741
2024-05-13 22:12:06,-68.54615,0.68733215,-62.947025,67.98978,862.67267,-0.00788523,2678.2744212333428,,S_1741
2024-05-13 22:12:07,-68.57338,0.67822266,-62.995983,67.94082,862.6653,-0.007912344,2631.850217561876,,S_1741
2024-05-13 22:12:08,-68.60049,0.66908264,-63.051937,67.89186,862.669,-0.007939458,2586.0558419238337,,S_1741
2024-05-13 22:12:09,-68.627464,0.65992737,-63.107887,67.8429,862.669,-0.007966572,2540.08602948759,,S_1741
2024-05-13 22:12:10,-68.654305,0.6507721,-63.16384,67.793945,862.669,-0.007993686,2493.9448605433954,,S_1741
2024-05-13 22:12:11,-68.681015,0.6415863,-63.219795,67.74499,862.67267,-0.008020801,2447.6319590020717,,S_1741
2024-05-13 22:12:12,-68.707596,0.63238525,-63.27575,67.69603,862.67267,-0.008047915,2406.932238190036,,S_1741
2024-05-13 22:12:13,-68.73405,0.62316895,-63.324707,67.64707,862.6523,-0.008075029,2359.477263414287,,S_1741
2024-05-13 22:12:14,-68.76037,0.6139221,-63.38066,67.59811,862.64124,-0.008102143,2318.4754881146205,,S_1741
2024-05-13 22:12:15,-68.78656,0.6046753,-63.42962,67.54915,862.6912,-0.008129257,2270.6812823899013,,S_1741
2024-05-13 22:12:16,-68.81262,0.59539795,-63.48557,67.50019,862.8005,-0.008156371,2223.5075860232937,,S_1741
2024-05-13 22:12:17,-68.838554,0.5861206,-63.541523,67.45123,862.87646,-0.008183485,2176.162955280665,,S_1741
2024-05-13 22:12:18,-68.86435,0.57681274,-63.597477,67.402275,862.8783,-0.008210599,2128.646998276908,,S_1741
2024-05-13 22:12:19,-68.890015,0.5674896,-63.65343,67.35332,862.85974,-0.008237714,2074.930324704421,,S_1741
2024-05-13 22:12:20,-68.91556,0.55815125,-63.716377,67.30436,862.85974,-0.008264828,2027.8665674152971,,S_1741
2024-05-13 22:12:21,-68.94096,0.5487976,-63.77233,67.2554,862.8653,-0.008291942,1979.8406220152906,,S_1741
2024-05-13 22:12:22,-68.96624,0.5394287,-63.82828,67.206436,862.8653,-0.008319056,1931.6412072152498,,S_1741
2024-05-13 22:12:23,-68.99139,0.5300293,-63.884235,67.15748,862.86346,-0.00834617,1889.2898640517396,,S_1741
2024-05-13 22:12:24,-69.0164,0.5206299,-63.933193,67.10852,862.86163,-0.008373285,1838.8618028132328,,S_1741
2024-05-13 22:12:25,-69.04128,0.51119995,-63.989147,67.05257,862.86346,-0.008400398,1790.3074117941942,,S_1741
2024-05-13 22:12:26,-69.06604,0.50175476,-64.0451,67.00361,862.869,-0.008427513,1747.5054357156528,,S_1741
2024-05-13 22:12:27,-69.09066,0.49230957,-64.094055,66.95465,862.8672,-0.008454626,1697.6581523226432,,S_1741
2024-05-13 22:12:28,-69.11516,0.48283386,-64.15001,66.90569,862.84863,-0.008481741,1647.3394012287126,,S_1741
2024-05-13 22:12:29,-69.13952,0.47332764,-64.20596,66.84974,862.85236,-0.008508855,1598.0970610028453,,S_1741
2024-05-13 22:12:30,-69.16375,0.4638214,-64.26192,66.80078,862.93384,-0.008535969,1547.4383021492217,,S_1741
2024-05-13 22:12:31,-69.18785,0.45429993,-64.31787,66.74483,863.04126,-0.008563084,1497.8546669551806,,S_1741
2024-05-13 22:12:32,-69.21182,0.44474792,-64.373825,66.69587,863.0857,-0.008590197,1446.856171583348,,S_1741
2024-05-13 22:12:33,-69.235664,0.43519592,-64.42978,66.639915,863.07465,-0.008617312,1396.9382481894281,,S_1741
2024-05-13 22:12:34,-69.25938,0.4256134,-64.485725,66.59096,863.05426,-0.008644425,1345.5994652639379,,S_1741
2024-05-13 22:12:35,-69.28295,0.41601562,-64.54168,66.535,863.05426,-0.00867154,1295.33381237291,,S_1741
2024-05-13 22:12:36,-69.306404,0.4064026,-64.59763,66.486046,863.05975,-0.008698653,1243.6568148764072,,S_1741
2024-05-13 22:12:37,-69.32972,0.3967743,-64.65359,66.43009,863.05975,-0.008725768,1193.0505093888346,,S_1741
2024-05-13 22:12:38,-69.352905,0.38713074,-64.70954,66.381134,863.0579,-0.0087528825,1142.1193528095132,,S_1741
2024-05-13 22:12:39,-69.37596,0.37747192,-64.765495,66.33218,863.0561,-0.008779996,1096.1657830868362,,S_1741
2024-05-13 22:12:40,-69.39889,0.3677826,-64.81445,66.27622,863.05975,-0.008807111,1049.431054837129,,S_1741
2024-05-13 22:12:41,-69.421684,0.35809326,-64.86341,66.22027,863.0635,-0.008834224,1002.5469008494015,,S_1741
2024-05-13 22:12:42,-69.44435,0.3483734,-64.91237,66.164314,863.05237,-0.008861339,943.7764941084911,,S_1741
2024-05-13 22:12:43,-69.46689,0.3386383,-64.97532,66.11536,863.032,-0.008888452,891.6955407651876,,S_1741
2024-05-13 22:12:44,-69.48929,0.32888794,-65.03127,66.0594,863.0449,-0.008915567,839.9030155588771,,S_1741
2024-05-13 22:12:45,-69.511566,0.3191223,-65.08722,66.010445,863.132,-0.008942681,786.6991746093499,,S_1741
2024-05-13 22:12:46,-69.53371,0.30934143,-65.14317,65.95449,863.23755,-0.008969795,733.4814490906465,,S_1741
2024-05-13 22:12:47,-69.55572,0.29953003,-65.19913,65.89854,863.27277,-0.0089969095,686.4996742780068,,S_1741
2024-05-13 22:12:48,-69.5776,0.28971863,-65.248085,65.84259,863.25604,-0.009024023,632.1599997411604,,S_1741
2024-05-13 22:12:49,-69.59935,0.2798767,-65.30404,65.78664,863.2468,-0.009051138,577.2371272797245,,S_1741
2024-05-13 22:12:50,-69.62097,0.2700348,-65.35999,65.72369,863.2524,-0.009078251,524.5712335790686,,S_1741
2024-05-13 22:12:51,-69.64246,0.26016235,-65.41595,65.67473,863.2543,-0.009105366,470.35453959004735,,S_1741
2024-05-13 22:12:52,-69.663826,0.25027466,-65.4719,65.618774,863.2543,-0.00913248,422.6344646677071,,S_1741
2024-05-13 22:12:53,-69.68505,0.2403717,-65.52086,65.56282,863.25055,-0.009159594,366.26098055934017,,S_1741
2024-05-13 22:12:54,-69.706154,0.23045349,-65.57681,65.49988,863.25055,-0.009186708,311.84418371448464,,S_1741
2024-05-13 22:12:55,-69.72712,0.22050476,-65.63277,65.443924,863.2543,-0.009213822,264.88120716119374,,S_1741
2024-05-13 22:12:56,-69.747955,0.21055603,-65.681725,65.394966,863.25793,-0.0092409365,209.04076019694003,,S_1741
2024-05-13 22:12:57,-69.76866,0.20057678,-65.73768,65.33901,863.2468,-0.00926805,152.78267197593232,,S_1741
2024-05-13 22:12:58,-69.78924,0.19059753,-65.793625,65.27606,863.232,-0.009295165,97.69038655530494,,S_1741
2024-05-13 22:12:59,-69.809685,0.18058777,-65.84958,65.22011,863.2746,-0.009322279,42.279038549728284,,S_1741
2024-05-13 22:13:00,-69.83,0.17056274,-65.90553,65.16416,863.382,-0.009349393,-13.301568301707448,,S_1741
2024-05-13 22:13:01,-69.84986,0.16056824,-65.96149,65.10821,863.4617,-0.009376507,-70.23333412237298,,S_1741
2024-05-13 22:13:02,-69.8696,0.15055847,-66.01744,65.04526,863.4635,-0.009403621,-119.26847159173212,,S_1741
2024-05-13 22:13:03,-69.88921,0.14053345,-66.0664,64.9893,863.4431,-0.009430735,-176.1297876052895,,S_1741
2024-05-13 22:13:04,-69.908714,0.13049316,-66.12235,64.93335,863.4413,-0.009457849,-226.92789592341705,,S_1741
2024-05-13 22:13:05,-69.92809,0.12042236,-66.17131,64.87041,863.4469,-0.0094849635,-285.15212664603223,,S_1741
2024-05-13 22:13:06,-69.94735,0.1103363,-66.227264,64.80746,863.44867,-0.009512078,-341.5902002774201,,S_1741
2024-05-13 22:13:07,-69.96649,0.100234985,-66.28322,64.7515,863.44867,-0.009539192,-399.52312963041277,,S_1741
2024-05-13 22:13:08,-69.98551,0.09010315,-66.33917,64.68856,863.4469,-0.009566306,-456.2888991562759,,S_1741
2024-05-13 22:13:09,-70.00441,0.07997131,-66.39512,64.63261,863.4469,-0.00959342,-513.3826420381592,,S_1741
2024-05-13 22:13:10,-70.02319,0.06980896,-66.45107,64.57665,863.4524,-0.009620534,-565.0494166534618,,S_1741
2024-05-13 22:13:11,-70.041855,0.059631348,-66.50003,64.5137,863.45056,-0.009647648,-624.2676155599665,,S_1741
2024-05-13 22:13:12,-70.0604,0.049423218,-66.555984,64.45076,863.4302,-0.009674762,-682.8813274033737,,S_1741
2024-05-13 22:13:13,-70.07883,0.039215088,-66.61194,64.38781,863.42096,-0.009701877,-733.5252576092789,,S_1741
2024-05-13 22:13:14,-70.09713,0.02897644,-66.6609,64.331856,863.47095,-0.0097289905,-793.393269397423,,S_1741
2024-05-13 22:13:15,-70.11531,0.018722534,-66.71685,64.26891,863.5783,-0.009756105,-852.5060601914729,,S_1741
2024-05-13 22:13:16,-70.13338,0.008453369,-66.772804,64.20596,863.6561,-0.009783219,-911.7827516738807,,S_1741
2024-05-13 22:13:17,-70.15132,23.998154,-66.82876,64.14302,863.6561,-0.009810333,-971.2262824048639,,S_1741
2024-05-13 22:13:18,-70.16915,23.987839,-66.88471,64.08007,863.63947,-0.009837447,-1029.6752021945422,,S_1741
2024-05-13 22:13:19,-70.18686,23.977509,-66.94067,64.02412,863.63763,-0.009864561,-1082.6371532904996,,S_1741
2024-05-13 22:13:20,-70.204445,23.967163,-66.989624,63.96117,863.6432,-0.009891676,-1136.3608201618608,,S_1741
2024-05-13 22:13:21,-70.22191,23.956802,-67.03858,63.898224,863.6432,-0.009918789,-1190.2298004896802,,S_1741
2024-05-13 22:13:22,-70.23926,23.946411,-67.08754,63.835278,863.6413,-0.009945904,-1251.2718149396833,,S_1741
2024-05-13 22:13:23,-70.25649,23.936005,-67.14349,63.77233,863.63947,-0.0099730175,-1318.899879393476,,S_1741
2024-05-13 22:13:24,-70.2736,23.925583,-67.206436,63.70938,863.6413,-0.010000132,-1380.0004759335852,,S_1741
2024-05-13 22:13:25,-70.29059,23.915146,-67.26239,63.639442,863.64685,-0.010027247,-1440.617096574917,,S_1741
2024-05-13 22:13:26,-70.30746,23.904678,-67.318344,63.576496,863.645,-0.01005436,-1494.4332223153842,,S_1741
2024-05-13 22:13:27,-70.32421,23.894196,-67.3673,63.513546,863.6265,-0.010081475,-1549.1574417476268,,S_1741
2024-05-13 22:13:28,-70.34084,23.883698,-67.41626,63.4506,863.6321,-0.010108588,-1611.18694447484,,S_1741
2024-05-13 22:13:29,-70.35735,23.873184,-67.47221,63.387653,863.71356,-0.010135703,-1666.8326391130358,,S_1741
2024-05-13 22:13:30,-70.37375,23.86264,-67.52117,63.31771,863.8209,-0.010162816,-1729.041713367632,,S_1741
2024-05-13 22:13:31,-70.39002,23.852081,-67.577126,63.254765,863.858,-0.010189931,-1792.0539091686205,,S_1741
2024-05-13 22:13:32,-70.40617,23.841507,-67.63308,63.184826,863.8413,-0.010217045,-1853.8304529400748,,S_1741
2024-05-13 22:13:33,-70.42221,23.830917,-67.68903,63.121876,863.8302,-0.010244159,-1910.038248353756,,S_1741
2024-05-13 22:13:34,-70.438126,23.820312,-67.73799,63.051937,863.8321,-0.010271274,-1972.905621449775,,S_1741
2024-05-13 22:13:35,-70.45392,23.809677,-67.793945,62.988987,863.83765,-0.010298387,-2035.3267668874023,,S_1741
2024-05-13 22:13:36,-70.4696,23.799026,-67.8499,62.92604,863.83765,-0.010325502,-2099.1518904854693,,S_1741
2024-05-13 22:13:37,-70.48515,23.78836,-67.90585,62.856102,863.83575,-0.010352615,-2162.989357774858,,S_1741
2024-05-13 22:13:38,-70.500595,23.777664,-67.96181,62.78616,863.83575,-0.01037973,-2219.748296151113,,S_1741
2024-05-13 22:13:39,-70.51591,23.766968,-68.010765,62.716217,863.83765,-0.010406844,-2277.4063795029588,,S_1741
2024-05-13 22:13:40,-70.53111,23.75624,-68.05972,62.64628,863.8432,-0.010433958,-2341.2586504058154,,S_1741
2024-05-13 22:13:41,-70.54619,23.745499,-68.11568,62.583332,863.8321,-0.010461072,-2405.898711402914,,S_1741
2024-05-13 22:13:42,-70.56115,23.734726,-68.17163,62.51339,863.8098,-0.010488186,-2470.5421450726017,,S_1741
2024-05-13 22:13:43,-70.57599,23.723953,-68.22758,62.443447,863.82465,-0.010515301,-2528.0031213879893,,S_1741
2024-05-13 22:13:44,-70.590706,23.71315,-68.276535,62.37351,863.9117,-0.010542414,-2585.003198089312,,S_1741
2024-05-13 22:13:45,-70.60531,23.702332,-68.3255,62.31056,864.01544,-0.010569529,-2652.3663059933933,,S_1741
2024-05-13 22:13:46,-70.61979,23.691498,-68.38145,62.233624,864.0524,-0.010596643,-2717.5197134391,,S_1741
2024-05-13 22:13:47,-70.634155,23.680634,-68.4374,62.163685,864.0358,-0.010623757,-2782.983467201685,,S_1741
2024-05-13 22:13:48,-70.6484,23.669754,-68.493355,62.093742,864.0265,-0.010650871,-2847.3925394812186,,S_1741
2024-05-13 22:13:49,-70.66252,23.65886,-68.54931,62.030796,864.0303,-0.010677985,-2907.3045385010873,,S_1741
2024-05-13 22:13:50,-70.67653,23.64795,-68.59827,61.95386,864.03204,-0.010705099,-2966.3467654690785,,S_1741
2024-05-13 22:13:51,-70.69041,23.637024,-68.647224,61.88392,864.03204,-0.010732213,-3033.2101566277115,,S_1741
2024-05-13 22:13:52,-70.70418,23.626068,-68.70318,61.813976,864.03204,-0.010759328,-3099.4832541118085,,S_1741
2024-05-13 22:13:53,-70.71782,23.615097,-68.75913,61.744038,864.03204,-0.010786442,-3167.225514958728,,S_1741
2024-05-13 22:13:54,-70.731346,23.60411,-68.81509,61.667103,864.03204,-0.010813556,-3227.5250639660608,,S_1741
2024-05-13 22:13:55,-70.74475,23.593094,-68.864044,61.590164,864.0303,-0.01084067,-3287.2602943030797,,S_1741
2024-05-13 22:13:56,-70.75804,23.582077,-68.913,61.520226,864.03204,-0.010867784,-3354.9295056542187,,S_1741
2024-05-13 22:13:57,-70.77121,23.57103,-68.968956,61.450283,864.0376,-0.010894898,-3423.3101941303394,,S_1741
2024-05-13 22:13:58,-70.784256,23.559967,-69.02491,61.37335,864.0265,-0.010922012,-3490.4041408232542,,S_1741
2024-05-13 22:13:59,-70.79719,23.54889,-69.080864,61.303406,864.01166,-0.010949126,-3551.5333298156847,,S_1741
2024-05-13 22:14:00,-70.81,23.53778,-69.12982,61.22647,864.0524,-0.010976241,-3620.9863174928187,,S_1741
2024-05-13 22:14:01,-70.82375,23.52626,-69.185776,61.149536,864.158,-0.011003355,-3682.2402534010216,,S_1741
2024-05-13 22:14:02,-70.83736,23.51474,-69.23473,61.0726,864.2414,-0.011030469,-3744.3762657309835,,S_1741
2024-05-13 22:14:03,-70.8508,23.50322,-69.28369,60.995667,864.25244,-0.011057583,-3813.023030111256,,S_1741
2024-05-13 22:14:04,-70.86409,23.491684,-69.339645,60.925724,864.2302,-0.011084697,-3882.5156454864455,,S_1741
2024-05-13 22:14:05,-70.87722,23.480148,-69.3956,60.84879,864.221,-0.011111811,-3952.017116771857,,S_1741
2024-05-13 22:14:06,-70.8902,23.468613,-69.45155,60.771854,864.2247,-0.011138925,-4013.9496147022346,,S_1741
2024-05-13 22:14:07,-70.90302,23.457062,-69.50051,60.69492,864.2284,-0.01116604,-4076.7604646771406,,S_1741
2024-05-13 22:14:08,-70.91569,23.44551,-69.54947,60.617985,864.22656,-0.011193153,-4139.708717635646,,S_1741
2024-05-13 22:14:09,-70.9282,23.43396,-69.59843,60.54105,864.22656,-0.011220268,-4210.587770133621,,S_1741
2024-05-13 22:14:10,-70.94055,23.422394,-69.65438,60.464115,864.22656,-0.011247382,-4280.884377695495,,S_1741
2024-05-13 22:14:11,-70.95275,23.410828,-69.710335,60.38718,864.2247,-0.011274496,-4352.697319627098,,S_1741
2024-05-13 22:14:12,-70.9648,23.399246,-69.76629,60.30325,864.2247,-0.01130161,-4423.150562038551,,S_1741
2024-05-13 22:14:13,-70.976685,23.387665,-69.822235,60.226315,864.2302,-0.011328724,-4487.541583604919,,S_1741
2024-05-13 22:14:14,-70.98842,23.376083,-69.8712,60.142384,864.23395,-0.011355839,-4559.046099557422,,S_1741
2024-05-13 22:14:15,-71.0,23.364487,-69.92715,60.06545,864.221,-0.011382952,-4622.196511759721,,S_1741
2024-05-13 22:14:16,-71.01142,23.35289,-69.976105,59.988514,864.2043,-0.011410067,-4687.719958353164,,S_1741
2024-05-13 22:14:17,-71.02269,23.341293,-70.02507,59.904583,864.2488,-0.01143718,-4759.698601387695,,S_1741
2024-05-13 22:14:18,-71.0338,23.329681,-70.08102,59.82765,864.3562,-0.011464295,-4832.595596963006,,S_1741
2024-05-13 22:14:19,-71.044754,23.31807,-70.13697,59.74372,864.43396,-0.011491409,-4897.622293581785,,S_1741
2024-05-13 22:14:20,-71.05556,23.306458,-70.18593,59.65979,864.4358,-0.011518523,-4963.522345122281,,S_1741
2024-05-13 22:14:21,-71.0662,23.29483,-70.23489,59.575863,864.4173,-0.011545638,-5028.069511345711,,S_1741
2024-05-13 22:14:22,-71.07669,23.283203,-70.28385,59.498924,864.4136,-0.011572751,-5102.319359977476,,S_1741
2024-05-13 22:14:23,-71.08702,23.27156,-70.339806,59.414997,864.4191,-0.011599866,-5175.836895245961,,S_1741
2024-05-13 22:14:24,-71.0972,23.259918,-70.39575,59.331066,864.42285,-0.011626979,-5249.515282657088,,S_1741
2024-05-13 22:14:25,-71.10722,23.248276,-70.451706,59.24714,864.421,-0.011654094,-5315.3300917309625,,S_1741
2024-05-13 22:14:26,-71.11709,23.236618,-70.50066,59.163208,864.421,-0.011681207,-5382.013432691584,,S_1741
2024-05-13 22:14:27,-71.1268,23.22496,-70.54963,59.07928,864.421,-0.011708322,-5448.821136028269,,S_1741
2024-05-13 22:14:28,-71.13635,23.213303,-70.59859,58.99535,864.4191,-0.0117354365,-5523.847045607398,,S_1741
2024-05-13 22:14:29,-71.14575,23.201645,-70.65454,58.91142,864.421,-0.01176255,-5599.685805352114,,S_1741
2024-05-13 22:14:30,-71.155,23.189972,-70.71049,58.820496,864.4247,-0.011789665,-5666.020107687938,,S_1741
2024-05-13 22:14:31,-71.164085,23.178284,-70.75945,58.73657,864.42285,-0.011816778,-5734.88678149768,,S_1741
2024-05-13 22:14:32,-71.17302,23.166595,-70.80841,58.645645,864.4025,-0.011843893,-5810.379927408722,,S_1741
2024-05-13 22:14:33,-71.1818,23.154907,-70.864365,58.561714,864.39325,-0.011871007,-5877.244477550443,,S_1741
2024-05-13 22:14:34,-71.19042,23.143219,-70.91332,58.477787,864.44324,-0.011898121,-5946.493093075986,,S_1741
2024-05-13 22:14:35,-71.19889,23.131516,-70.96228,58.386864,864.5525,-0.011925235,-6014.199106821981,,S_1741
2024-05-13 22:14:36,-71.2072,23.119812,-71.01124,58.302933,864.6284,-0.011952349,-6091.8275840881015,,S_1741
2024-05-13 22:14:37,-71.215355,23.108093,-71.06719,58.21201,864.63025,-0.0119794635,-6168.738402696333,,S_1741
2024-05-13 22:14:38,-71.22336,23.096375,-71.123146,58.121086,864.61176,-0.012006577,-6237.626113273442,,S_1741
2024-05-13 22:14:39,-71.2312,23.084656,-71.172104,58.030163,864.61176,-0.012033692,-6305.849009351839,,S_1741
2024-05-13 22:14:40,-71.23889,23.072937,-71.22106,57.94623,864.6173,-0.012060806,-6384.073909232104,,S_1741
2024-05-13 22:14:41,-71.24642,23.061203,-71.277016,57.85531,864.6173,-0.01208792,-6461.584218531674,,S_1741
2024-05-13 22:14:42,-71.2538,23.049454,-71.33297,57.764385,864.6154,-0.012115034,-6532.5633398395785,,S_1741
2024-05-13 22:14:43,-71.261024,23.03772,-71.38193,57.66647,864.6154,-0.012142148,-6594.671078857487,,S_1741
2024-05-13 22:14:44,-71.26809,23.02597,-71.42389,57.575546,864.6154,-0.012169262,-6674.065226448644,,S_1741
2024-05-13 22:14:45,-71.275,23.014206,-71.47984,57.484623,864.61365,-0.012196376,-6752.179517456582,,S_1741
2024-05-13 22:14:46,-71.28175,23.002441,-71.5358,57.3937,864.6154,-0.0122234905,-6823.653594336675,,S_1741
2024-05-13 22:14:47,-71.28835,22.990677,-71.584755,57.29578,864.6192,-0.012250605,-6894.248862734235,,S_1741
2024-05-13 22:14:48,-71.2948,22.978912,-71.63371,57.204857,864.6192,-0.012277719,-6966.682878914063,,S_1741
2024-05-13 22:14:49,-71.30109,22.967133,-71.68267,57.106937,864.5988,-0.012304833,-7039.095668264507,,S_1741
2024-05-13 22:14:50,-71.30722,22.955353,-71.73163,57.00902,864.6044,-0.012331947,-7118.528547166068,,S_1741
2024-05-13 22:14:51,-71.3132,22.943558,-71.78758,56.9181,864.6877,-0.012359061,-7198.9482062974685,,S_1741
2024-05-13 22:14:52,-71.31902,22.931763,-71.84354,56.82018,864.7933,-0.012386175,-7271.011063477504,,S_1741
2024-05-13 22:14:53,-71.32469,22.919968,-71.892494,56.722263,864.8377,-0.012413289,-7343.905004663557,,S_1741
2024-05-13 22:14:54,-71.3302,22.908157,-71.94145,56.624344,864.82654,-0.012440404,-7416.921486719934,,S_1741
2024-05-13 22:14:55,-71.335556,22.896347,-71.99041,56.52643,864.8062,-0.0124675175,-7488.532079693577,,S_1741
2024-05-13 22:14:56,-71.34076,22.884537,-72.039375,56.435505,864.8062,-0.012494632,-7561.938963837435,,S_1741
2024-05-13 22:14:57,-71.3458,22.872711,-72.08833,56.337585,864.81177,-0.012521746,-7643.798190090215,,S_1741
2024-05-13 22:14:58,-71.35069,22.860886,-72.14429,56.23967,864.81177,-0.01254886,-7725.087945408133,,S_1741
2024-05-13 22:14:59,-71.35542,22.84906,-72.20023,56.14175,864.80994,-0.012575974,-7799.618123334174,,S_1741
2024-05-13 22:15:00,-71.36,22.83722,-72.2492,56.03684,864.80994,-0.012603088,-7874.813865546896,,S_1741
2024-05-13 22:15:01,-71.363686,22.82518,-72.29816,55.931927,864.80994,-0.01178534,-7935.440900408869,,S_1741
2024-05-13 22:15:02,-71.36724,22.813156,-72.34012,55.83401,864.80994,-0.011769881,-8012.453005998652,,S_1741
2024-05-13 22:15:03,-71.37067,22.801117,-72.39607,55.73609,864.80994,-0.011517679,-8079.856808765249,,S_1741
2024-05-13 22:15:04,-71.373955,22.789093,-72.44503,55.63118,864.80804,-0.011500108,-8154.034346346299,,S_1741
2024-05-13 22:15:05,-71.37712,22.777054,-72.500984,55.533264,864.80994,-0.010411399,-8221.100950733591,,S_1741
2024-05-13 22:15:06,-71.38015,22.76503,-72.55694,55.428352,864.8136,-0.010389801,-8274.206200097748,,S_1741
2024-05-13 22:15:07,-71.38305,22.753006,-72.5989,55.32344,864.8136,-0.00964745,-8336.967885435839,,S_1741
2024-05-13 22:15:08,-71.385826,22.740967,-72.654854,55.21853,864.7933,-0.009627967,-8391.710216042246,,S_1741
2024-05-13 22:15:09,-71.388466,22.728943,-72.70381,55.113617,864.7988,-0.008724132,-8441.248620502793,,S_1741
2024-05-13 22:15:10,-71.390976,22.716919,-72.75277,55.008705,864.88214,-0.0087045785,-8491.727552508222,,S_1741
2024-05-13 22:15:11,-71.39335,22.704895,-72.80173,54.8968,864.9877,-0.0092724925,-8544.603321934366,,S_1741
2024-05-13 22:15:12,-71.3956,22.692871,-72.85069,54.79189,865.03217,-0.009255033,-8603.675748002093,,S_1741
2024-05-13 22:15:13,-71.39772,22.680847,-72.90664,54.686977,865.02106,-0.0094590075,-8657.127861827901,,S_1741
2024-05-13 22:15:14,-71.399704,22.668839,-72.955605,54.582066,865.0007,-0.009441628,-8712.281559182124,,S_1741
2024-05-13 22:15:15,-71.401566,22.656815,-73.00456,54.470158,865.0007,-0.008150397,-8758.76459301614,,S_1741
2024-05-13 22:15:16,-71.40329,22.64479,-73.05352,54.358253,865.0062,-0.008133238,-8804.09558906149,,S_1741
2024-05-13 22:15:17,-71.404884,22.632782,-73.10248,54.25334,865.0062,-0.0072306725,-8844.613583697304,,S_1741
2024-05-13 22:15:18,-71.40635,22.620758,-73.151436,54.141434,865.0044,-0.007211497,-8884.831132943695,,S_1741
2024-05-13 22:15:19,-71.407684,22.60875,-73.20039,54.02953,865.0044,-0.006556314,-8924.360352034932,,S_1741
2024-05-13 22:15:20,-71.40889,22.596725,-73.25635,53.924618,865.0044,-0.006537406,-8959.561913319674,,S_1741
2024-05-13 22:15:21,-71.409966,22.584717,-73.305305,53.81271,865.0044,-0.005199316,-8987.18089897629,,S_1741
2024-05-13 22:15:22,-71.410904,22.572693,-73.35426,53.693813,865.0044,-0.005180493,-9013.862985827349,,S_1741
2024-05-13 22:15:23,-71.41172,22.560684,-73.40322,53.581905,865.0025,-0.0019837741,-9018.544885975243,,S_1741
2024-05-13 22:15:24,-71.4124,22.548676,-73.44519,53.47,865.0044,-0.001967453,-9025.302052738101,,S_1741
2024-05-13 22:15:25,-71.41295,22.536667,-73.49415,53.3511,865.00995,0.0004867763,-9014.685090068744,,S_1741
2024-05-13 22:15:26,-71.413376,22.524658,-73.5501,53.239193,865.00806,0.0005044743,-9003.696543358696,,S_1741
2024-05-13 22:15:27,-71.413666,22.51265,-73.59906,53.120293,864.9877,0.00040505684,-8993.960647001339,,S_1741
2024-05-13 22:15:28,-71.41382,22.50064,-73.64802,53.00839,864.9932,0.0003056394,-8984.985871088069,,S_1741
2024-05-13 22:15:29,-71.41385,22.488632,-73.696976,52.88949,865.0784,0.00020622194,-8976.538319244917,,S_1741
2024-05-13 22:15:30,-71.41375,22.476624,-73.74593,52.770588,865.184,0.00010680451,-8968.757956868274,,S_1741
2024-05-13 22:15:31,-71.41352,22.46463,-73.79489,52.651688,865.22107,7.3870688e-06,-8961.643668858374,,S_1741
2024-05-13 22:15:32,-71.413155,22.452621,-73.84386,52.532787,865.20435,-9.203037e-05,-8955.193582834985,,S_1741
2024-05-13 22:15:33,-71.41266,22.440628,-73.892815,52.413887,865.19147,-0.00019144782,-8949.407960764283,,S_1741
2024-05-13 22:15:34,-71.41204,22.42862,-73.94177,52.29499,865.1951,-0.00029086525,-8944.320703954967,,S_1741
2024-05-13 22:15:35,-71.411285,22.416626,-73.99073,52.169094,865.2007,-0.0003902827,-8939.718735793223,,S_1741
2024-05-13 22:15:36,-71.4104,22.404617,-74.03969,52.050194,865.2007,-0.0004897001,-8935.917620520679,,S_1741
2024-05-13 22:15:37,-71.409386,22.392624,-74.088646,51.931293,865.1988,-0.0005891176,-8932.846844382271,,S_1741
2024-05-13 22:15:38,-71.40824,22.38063,-74.1376,51.8054,865.1988,-0.00068853504,-8930.30565051742,,S_1741
2024-05-13 22:15:39,-71.40696,22.368637,-74.18656,51.67951,865.1988,-0.00078795245,-8928.433650713552,,S_1741
2024-05-13 22:15:40,-71.405556,22.356628,-74.23553,51.55361,865.1988,-0.0008873699,-8927.227612312738,,S_1741
2024-05-13 22:15:41,-71.404015,22.344635,-74.284485,51.42772,865.1988,-0.0009867874,-8926.688490887569,,S_1741
2024-05-13 22:15:42,-71.40235,22.332642,-74.33344,51.301826,865.2007,-0.0010862048,-8926.81433265716,,S_1741
2024-05-13 22:15:43,-71.40055,22.320663,-74.3824,51.17593,865.1988,-0.00025919118,-8921.447963571107,,S_1741
2024-05-13 22:15:44,-71.39862,22.30867,-74.43136,51.050037,865.1988,0.0005678224,-8910.600485320698,,S_1741
2024-05-13 22:15:45,-71.39656,22.296677,-74.480316,50.92414,865.1988,0.001394836,-8894.114823125103,,S_1741
2024-05-13 22:15:46,-71.39437,22.284683,-74.529274,50.791256,865.20435,0.0022218497,-8873.590874498619,,S_1741
2024-05-13 22:15:47,-71.39205,22.272705,-74.57124,50.66536,865.2026,0.0030488633,-8846.64602710932,,S_1741
2024-05-13 22:15:48,-71.3896,22.260712,-74.6202,50.53247,865.184,0.00306346,-8818.84765631059,,S_1741
2024-05-13 22:15:49,-71.38702,22.248718,-74.66916,50.399586,865.1896,0.003084523,-8790.940111700973,,S_1741
2024-05-13 22:15:50,-71.38431,22.23674,-74.71812,50.266697,865.27106,0.0030990543,-8762.96762475451,,S_1741
2024-05-13 22:15:51,-71.38146,22.224762,-74.767075,50.13381,865.3785,0.002674804,-8737.551470837698,,S_1741
2024-05-13 22:15:52,-71.37849,22.212769,-74.81603,49.993927,865.4211,0.0020809039,-8716.330848999696,,S_1741
2024-05-13 22:15:53,-71.37538,22.20079,-74.86499,49.86104,865.4099,0.0014870039,-8699.25078193325,,S_1741
2024-05-13 22:15:54,-71.37215,22.188812,-74.913956,49.72815,865.38965,0.00063503184,-8688.285851929784,,S_1741
2024-05-13 22:15:55,-71.36878,22.176834,-74.95592,49.59526,865.38965,-0.00021694019,-8683.138877832676,,S_1741
2024-05-13 22:15:56,-71.36529,22.164856,-74.99788,49.46237,865.39514,-0.00020265242,-8678.062754314942,,S_1741
2024-05-13 22:15:57,-71.361664,22.152878,-75.046844,49.32249,865.39514,-0.0007535665,-8676.050339095611,,S_1741
2024-05-13 22:15:58,-71.3579,22.1409,-75.0958,49.175613,865.3933,-0.0007349276,-8673.238856560656,,S_1741
2024-05-13 22:15:59,-71.35402,22.128922,-75.137764,49.035732,865.3933,4.066655e-05,-8666.401118702463,,S_1741
2024-05-13 22:16:00,-71.35,22.116943,-75.18672,48.89585,865.3933,5.9092417e-05,-8658.817595481574,,S_1741
2024-05-13 22:16:01,-71.346016,22.104584,-75.23568,48.755966,865.3933,0.0012932295,-8642.906085463026,,S_1741
2024-05-13 22:16:02,-71.341896,22.092255,-75.28464,48.616085,865.3933,0.0013089099,-8626.909709616466,,S_1741
2024-05-13 22:16:03,-71.33764,22.079926,-75.3336,48.476204,865.3933,0.00312815,-8598.30090729765,,S_1741
2024-05-13 22:16:04,-71.333244,22.067612,-75.38256,48.329327,865.3933,0.0031455634,-8571.779204572098,,S_1741
2024-05-13 22:16:05,-71.32871,22.055313,-75.42452,48.189445,865.39514,0.004351718,-8535.490859562668,,S_1741
2024-05-13 22:16:06,-71.32405,22.04303,-75.47348,48.04257,865.3933,0.0043688244,-8501.01558615875,,S_1741
2024-05-13 22:16:07,-71.319244,22.030762,-75.51545,47.89569,865.3933,0.0052594384,-8460.981999965836,,S_1741
2024-05-13 22:16:08,-71.31431,22.018509,-75.55741,47.74182,865.3933,0.0052743293,-8418.249614389912,,S_1741
2024-05-13 22:16:09,-71.309235,22.006271,-75.60637,47.594944,865.397,0.014517088,-8312.099432180024,,S_1741
2024-05-13 22:16:10,-71.30402,21.99405,-75.65533,47.448067,865.397,0.015108874,-8202.05214922988,,S_1741
2024-05-13 22:16:11,-71.298676,21.981827,-75.704285,47.301193,865.3822,0.01570066,-8095.676261270927,,S_1741
2024-05-13 22:16:12,-71.2932,21.969635,-75.746254,47.14732,865.38586,0.015714485,-7980.424053402682,,S_1741
2024-05-13 22:16:13,-71.28758,21.957443,-75.79521,46.99345,865.44885,0.014939899,-7870.051839971032,,S_1741
2024-05-13 22:16:14,-71.28182,21.945267,-75.84417,46.83958,865.5396,0.014165312,-7773.671388363716,,S_1741
2024-05-13 22:16:15,-71.27593,21.933105,-75.88613,46.68571,865.5989,0.020140992,-7628.36038556201,,S_1741
2024-05-13 22:16:16,-71.269905,21.92096,-75.9351,46.531837,865.5989,0.02015609,-7494.68020609069,,S_1741
2024-05-13 22:16:17,-71.26375,21.908829,-75.97706,46.377968,865.58594,0.01410057,-7399.7137657608455,,S_1741
2024-05-13 22:16:18,-71.25745,21.896713,-76.01902,46.2241,865.58594,0.0141130965,-7294.641458913933,,S_1741
2024-05-13 22:16:19,-71.251015,21.884613,-76.06798,46.063232,865.5896,0.009009106,-7224.520314676832,,S_1741
2024-05-13 22:16:20,-71.24444,21.872528,-76.11694,45.90237,865.5896,0.009026999,-7155.407240605711,,S_1741
2024-05-13 22:16:21,-71.23773,21.860443,-76.1659,45.748497,865.58777,0.013981869,-7059.400808911364,,S_1741
2024-05-13 22:16:22,-71.23089,21.848389,-76.20786,45.587635,865.58777,0.013997273,-6963.882318679947,,S_1741
2024-05-13 22:16:23,-71.223915,21.836334,-76.24983,45.42677,865.58777,0.014811871,-6861.473747327857,,S_1741
2024-05-13 22:16:24,-71.2168,21.82431,-76.291794,45.25891,865.5896,0.014828507,-6751.969519989087,,S_1741
2024-05-13 22:16:25,-71.20954,21.812286,-76.34075,45.098045,865.5896,0.013227833,-6659.489963263232,,S_1741
2024-05-13 22:16:26,-71.202156,21.800278,-76.38271,44.930187,865.58777,0.013245433,-6569.126153619769,,S_1741
2024-05-13 22:16:27,-71.19463,21.788284,-76.42468,44.76932,865.58777,0.017373241,-6440.638330650346,,S_1741
2024-05-13 22:16:28,-71.18697,21.776306,-76.47364,44.601463,865.5896,0.017391486,-6321.7485825966,,S_1741
2024-05-13 22:16:29,-71.17918,21.764343,-76.5156,44.433605,865.5896,0.015470734,-6213.967254550776,,S_1741
2024-05-13 22:16:30,-71.17125,21.75238,-76.55757,44.25875,865.58777,0.015488865,-6108.035417708639,,S_1741
2024-05-13 22:16:31,-71.16318,21.740448,-76.59953,44.090893,865.58777,0.0009330665,-6094.779701513212,,S_1741
2024-05-13 22:16:32,-71.154976,21.72853,-76.64849,43.923035,865.5933,0.00095342286,-6081.271846815391,,S_1741
2024-05-13 22:16:33,-71.14663,21.716614,-76.69046,43.74818,865.5952,-0.007591092,-6123.6711183387215,,S_1741
2024-05-13 22:16:34,-71.13815,21.704727,-76.73242,43.57333,865.5822,-0.007572029,-6170.31564033792,,S_1741
2024-05-13 22:16:35,-71.12955,21.69284,-76.78138,43.398476,865.5674,0.0011837771,-6155.256885355262,,S_1741
2024-05-13 22:16:36,-71.1208,21.68097,-76.82335,43.22362,865.61,0.0011987996,-6140.701113245545,,S_1741
2024-05-13 22:16:37,-71.11191,21.669113,-76.86531,43.04877,865.71924,0.001622466,-6123.438475516257,,S_1741
2024-05-13 22:16:38,-71.10289,21.657272,-76.90727,42.873917,865.79706,0.0016355661,-6104.973535174042,,S_1741
2024-05-13 22:16:39,-71.093735,21.645447,-76.95624,42.69207,865.7989,-0.009861517,-6160.885467444682,,S_1741
2024-05-13 22:16:40,-71.08444,21.633636,-76.9982,42.51722,865.7804,-0.009843958,-6218.501784624684,,S_1741
2024-05-13 22:16:41,-71.07501,21.621826,-77.04016,42.33537,865.7785,-0.008870257,-6269.5447018400055,,S_1741
2024-05-13 22:16:42,-71.065445,21.610046,-77.08213,42.153522,865.78406,-0.0088451635,-6321.42507023709,,S_1741
2024-05-13 22:16:43,-71.05574,21.598282,-77.12409,41.964684,865.78595,-0.003813775,-6339.263666308042,,S_1741
2024-05-13 22:16:44,-71.045906,21.586517,-77.16605,41.782837,865.78406,-0.0037898198,-6357.518756392143,,S_1741
2024-05-13 22:16:45,-71.035934,21.574768,-77.20802,41.593994,865.7822,-1.5237078e-05,-6350.659410913535,,S_1741
2024-05-13 22:16:46,-71.025826,21.56305,-77.249985,41.412148,865.78406,-1.6012928e-07,-6343.85162340765,,S_1741
2024-05-13 22:16:47,-71.01558,21.55133,-77.291954,41.216312,865.78406,0.010705428,-6260.09065617087,,S_1741
2024-05-13 22:16:48,-71.005196,21.539627,-77.34091,41.02747,865.78406,0.010719201,-6182.137113165888,,S_1741
2024-05-13 22:16:49,-70.994675,21.527939,-77.38287,40.83863,865.78406,0.015551332,-6073.125093527599,,S_1741
2024-05-13 22:16:50,-70.984024,21.516266,-77.42484,40.649788,865.78406,0.015564868,-5964.213058413934,,S_1741
2024-05-13 22:16:51,-70.973236,21.504593,-77.466805,40.46095,865.78406,0.018955562,-5840.932653090078,,S_1741
2024-05-13 22:16:52,-70.9623,21.49295,-77.50178,40.265114,865.78406,0.01896717,-5708.266771146148,,S_1741
2024-05-13 22:16:53,-70.95124,21.481323,-77.54374,40.06928,865.78406,0.025254527,-5519.086109836411,,S_1741
2024-05-13 22:16:54,-70.94005,21.469696,-77.5927,39.873444,865.78406,0.0252715,-5344.013341715168,,S_1741
2024-05-13 22:16:55,-70.92871,21.458084,-77.63467,39.67761,865.78406,0.024661276,-5183.633851768682,,S_1741
2024-05-13 22:16:56,-70.91724,21.446503,-77.66963,39.474777,865.78406,0.024677912,-5011.039926100988,,S_1741
2024-05-13 22:16:57,-70.90563,21.434921,-77.7116,39.27195,865.7822,0.022175714,-4866.534460983518,,S_1741
2024-05-13 22:16:58,-70.89389,21.423355,-77.74657,39.06912,865.7822,0.02218945,-4711.18470276705,,S_1741
2024-05-13 22:16:59,-70.88201,21.411804,-77.788536,38.86629,865.78406,0.007147206,-4656.315674116452,,S_1741
2024-05-13 22:17:00,-70.869995,21.400269,-77.8305,38.66346,865.7896,0.007161644,-4597.381965562808,,S_1741
2024-05-13 22:17:01,-70.8576,21.388504,-77.879456,38.460632,865.7785,-0.006108461,-4628.226171746729,,S_1741
2024-05-13 22:17:02,-70.84507,21.376755,-77.91443,38.25081,865.7563,-0.0060904818,-4662.937024533451,,S_1741
2024-05-13 22:17:03,-70.83242,21.365036,-77.95639,38.040985,865.7711,-0.004718975,-4685.367733015566,,S_1741
2024-05-13 22:17:04,-70.81964,21.353333,-77.99136,37.83116,865.85815,-0.0047012004,-4710.584956308876,,S_1741
2024-05-13 22:17:05,-70.80673,21.34166,-78.033325,37.621338,865.9637,-0.004026434,-4728.6218913946595,,S_1741
2024-05-13 22:17:06,-70.79369,21.330002,-78.0683,37.411514,865.9989,-0.004011919,-4749.590067788392,,S_1741
2024-05-13 22:17:07,-70.78053,21.31836,-78.11026,37.1947,865.98224,-0.005051263,-4774.425706076379,,S_1741
2024-05-13 22:17:08,-70.76724,21.306747,-78.14523,36.97788,865.973,-0.005034376,-4802.1788215209435,,S_1741
2024-05-13 22:17:09,-70.75382,21.295166,-78.187195,36.761063,865.9767,-0.0062995106,-4838.008836980413,,S_1741
2024-05-13 22:17:10,-70.74027,21.2836,-78.229164,36.544243,865.98035,-0.006281067,-4874.377825852124,,S_1741
2024-05-13 22:17:11,-70.7266,21.272049,-78.271126,36.320435,865.9785,-0.00511871,-4901.936917530665,,S_1741
2024-05-13 22:17:12,-70.7128,21.260529,-78.313095,36.103615,865.9767,-0.005099666,-4927.465533131543,,S_1741
2024-05-13 22:17:13,-70.69887,21.249023,-78.34806,35.879803,865.9785,-0.0053019733,-4954.604758214238,,S_1741
2024-05-13 22:17:14,-70.68481,21.237549,-78.38303,35.65599,865.9785,-0.0052839364,-4981.5802413295005,,S_1741
2024-05-13 22:17:15,-70.67062,21.22609,-78.41801,35.432182,865.9785,-0.008714556,-5034.716293773995,,S_1741
2024-05-13 22:17:16,-70.65631,21.21466,-78.45997,35.20837,865.9785,-0.008693435,-5083.792047970257,,S_1741
2024-05-13 22:17:17,-70.64187,21.203247,-78.49494,34.977562,865.9785,-0.007946687,-5132.277492292276,,S_1741
2024-05-13 22:17:18,-70.6273,21.191849,-78.5369,34.746758,865.9785,-0.007921186,-5176.054914929495,,S_1741
2024-05-13 22:17:19,-70.6126,21.180481,-78.57188,34.515953,865.9785,-0.0011186826,-5177.093389384117,,S_1741
2024-05-13 22:17:20,-70.59778,21.169128,-78.61384,34.285145,865.9785,-0.0010949064,-5176.947297584923,,S_1741
2024-05-13 22:17:21,-70.582825,21.157806,-78.64881,34.05434,865.9785,-0.01919057,-5304.861557554263,,S_1741
2024-05-13 22:17:22,-70.56774,21.1465,-78.69077,33.81654,865.9785,-0.037286233,-5518.998873525558,,S_1741
2024-05-13 22:17:23,-70.552536,21.135223,-78.71875,33.585735,865.9785,-0.04620382,-5812.853862256493,,S_1741
2024-05-13 22:17:24,-70.5372,21.123962,-78.75372,33.347935,865.9785,-0.046169158,-6133.494927166709,,S_1741
2024-05-13 22:17:25,-70.521736,21.112732,-78.795685,33.10314,865.9785,-0.011711363,-6207.729425078918,,S_1741
2024-05-13 22:17:26,-70.50614,21.101517,-78.837654,32.86534,865.9785,-0.011687557,-6272.319651348771,,S_1741
2024-05-13 22:17:27,-70.490425,21.090317,-78.86562,32.62055,865.9785,-0.011025522,-6338.278289020978,,S_1741
2024-05-13 22:17:28,-70.47458,21.079147,-78.9006,32.37575,865.9785,-0.010363486,-6399.318785210468,,S_1741
2024-05-13 22:17:29,-70.4586,21.067993,-78.93557,32.13096,865.9785,-0.00970145,-6461.78704695125,,S_1741
2024-05-13 22:17:30,-70.4425,21.05687,-78.97753,31.879171,865.9785,-0.009039414,-6514.444955745539,,S_1741
2024-05-13 22:17:31,-70.42627,21.045776,-79.012505,31.627382,865.9767,-0.008377379,-6558.408629150011,,S_1741
2024-05-13 22:17:32,-70.40991,21.034683,-79.04048,31.38259,865.9767,-0.007715343,-6603.131584891244,,S_1741
2024-05-13 22:17:33,-70.393425,21.02362,-79.07545,31.1308,865.98224,-0.0070533073,-6642.832515479639,,S_1741
2024-05-13 22:17:34,-70.37681,21.012589,-79.11042,30.879013,865.98596,-0.0063912715,-6678.857208620275,,S_1741
2024-05-13 22:17:35,-70.36007,21.001572,-79.14539,30.62023,865.9711,0.01093144,-6598.756983828864,,S_1741
2024-05-13 22:17:36,-70.3432,20.99057,-79.18036,30.361448,865.9563,0.028254151,-6403.138015322825,,S_1741
2024-05-13 22:17:37,-70.3262,20.979599,-79.21533,30.102665,866.00073,0.045576863,-6097.857571292633,,S_1741
2024-05-13 22:17:38,-70.309074,20.968658,-79.250305,29.850878,866.1082,0.022357326,-5949.096311155327,,S_1741
2024-05-13 22:17:39,-70.291824,20.957733,-79.27828,29.585102,866.1859,-0.0008622105,-5948.234648569607,,S_1741
2024-05-13 22:17:40,-70.274445,20.946823,-79.31325,29.326319,866.1878,-0.0008596545,-5947.177298888926,,S_1741
2024-05-13 22:17:41,-70.256935,20.935944,-79.34822,29.060543,866.1693,0.0047235745,-5907.877986152441,,S_1741
2024-05-13 22:17:42,-70.2393,20.92508,-79.383194,28.787773,866.1656,0.004719561,-5869.124677961007,,S_1741
2024-05-13 22:17:43,-70.221535,20.91423,-79.41816,28.521996,866.17114,0.007743761,-5810.329184317197,,S_1741
2024-05-13 22:17:44,-70.20364,20.903412,-79.45313,28.25622,866.1748,0.007732901,-5754.047752603938,,S_1741
2024-05-13 22:17:45,-70.18562,20.892624,-79.48111,27.98345,866.173,-0.0020640155,-5761.4476817491795,,S_1741
2024-05-13 22:17:46,-70.16748,20.881851,-79.51608,27.710678,866.173,-0.0020434028,-5768.299328054226,,S_1741
2024-05-13 22:17:47,-70.1492,20.871094,-79.55105,27.437908,866.173,0.00081806857,-5756.043940861335,,S_1741
2024-05-13 22:17:48,-70.1308,20.860367,-79.579025,27.158144,866.173,0.00083781494,-5744.053239800931,,S_1741
2024-05-13 22:17:49,-70.11227,20.849655,-79.607,26.885374,866.173,0.0007326551,-5732.791660771661,,S_1741
2024-05-13 22:17:50,-70.09361,20.838974,-79.63498,26.605608,866.173,0.0007508469,-5720.913618425486,,S_1741
2024-05-13 22:17:51,-70.07483,20.828308,-79.66995,26.31885,866.173,0.00047738283,-5710.513369784723,,S_1741
2024-05-13 22:17:52,-70.055916,20.817673,-79.70492,26.039085,866.173,-0.00078955194,-5708.569424444182,,S_1741
2024-05-13 22:17:53,-70.03687,20.807053,-79.732895,25.759321,866.173,-0.0020564867,-5715.338273963367,,S_1741
2024-05-13 22:17:54,-70.0177,20.796463,-79.76087,25.472563,866.173,-0.0020393697,-5721.8570986448785,,S_1741
2024-05-13 22:17:55,-69.998405,20.785873,-79.78885,25.185804,866.173,-0.0065449276,-5758.330579309497,,S_1741
2024-05-13 22:17:56,-69.97898,20.77533,-79.816826,24.892052,866.173,-0.0065246173,-5796.3565895094025,,S_1741
2024-05-13 22:17:57,-69.95943,20.764801,-79.8518,24.605291,866.173,0.00057036034,-5785.369590071311,,S_1741
2024-05-13 22:17:58,-69.93974,20.754288,-79.886765,24.311539,866.173,0.00060067535,-5774.521934931514,,S_1741
2024-05-13 22:17:59,-69.91994,20.743805,-79.90775,24.017786,866.173,0.0013305871,-5759.424975865374,,S_1741
2024-05-13 22:18:00,-69.9,20.733337,-79.93573,23.724033,866.173,0.001358266,-5743.673180730119,,S_1741
2024-05-13 22:18:01,-69.87928,20.72284,-79.9637,23.423286,866.173,-0.029985448,-5935.599090713197,,S_1741
2024-05-13 22:18:02,-69.85846,20.712357,-79.99168,23.12254,866.173,-0.02995845,-6138.958631378173,,S_1741
2024-05-13 22:18:03,-69.837524,20.701904,-80.02665,22.821793,866.173,-0.03311109,-6350.251013444522,,S_1741
2024-05-13 22:18:04,-69.81649,20.691483,-80.05463,22.521046,866.173,-0.033083316,-6565.176709936829,,S_1741
2024-05-13 22:18:05,-69.79535,20.681076,-80.0826,22.213305,866.173,-0.028991615,-6739.097475038337,,S_1741
2024-05-13 22:18:06,-69.7741,20.670685,-80.103584,21.912558,866.173,-0.024899915,-6890.784812717269,,S_1741
2024-05-13 22:18:07,-69.75275,20.660324,-80.124565,21.604818,866.173,-0.02494979,-7050.537501144498,,S_1741
2024-05-13 22:18:08,-69.73129,20.649994,-80.15254,21.297077,866.173,-0.024932383,-7209.512535973129,,S_1741
2024-05-13 22:18:09,-69.709724,20.639694,-80.18052,20.989336,866.173,-0.014168874,-7298.389407921274,,S_1741
2024-05-13 22:18:10,-69.68806,20.62941,-80.208496,20.6746,866.173,-0.014158108,-7386.875974889433,,S_1741
2024-05-13 22:18:11,-69.66628,20.61914,-80.23647,20.359865,866.173,-0.015615957,-7484.97368407977,,S_1741
2024-05-13 22:18:12,-69.6444,20.608902,-80.26445,20.04513,866.173,-0.017073806,-7587.101197063352,,S_1741
2024-05-13 22:18:13,-69.62241,20.598694,-80.28543,19.730394,866.173,-0.018270422,-7699.20463955728,,S_1741
2024-05-13 22:18:14,-69.60033,20.588501,-80.30641,19.408667,866.173,-0.018225366,-7816.508081806513,,S_1741
2024-05-13 22:18:15,-69.578125,20.578339,-80.33439,19.086937,866.173,-0.012120575,-7890.425461938667,,S_1741
2024-05-13 22:18:16,-69.555824,20.568207,-80.362366,18.772202,866.173,-0.012081457,-7966.850162030579,,S_1741
2024-05-13 22:18:17,-69.53342,20.55809,-80.39034,18.443478,866.173,-0.008448047,-8014.190319304623,,S_1741
2024-05-13 22:18:18,-69.5109,20.547989,-80.41132,18.121748,866.173,-0.008431934,-8062.767916635824,,S_1741
2024-05-13 22:18:19,-69.48828,20.537918,-80.43231,17.793026,866.173,-0.010716697,-8126.050494579281,,S_1741
2024-05-13 22:18:20,-69.46556,20.527878,-80.45329,17.464302,866.17114,-0.008329658,-8173.656054556511,,S_1741
2024-05-13 22:18:21,-69.442726,20.517853,-80.47427,17.135578,866.1748,-0.0059426175,-8205.64346404047,,S_1741
2024-05-13 22:18:22,-69.41979,20.507858,-80.495255,16.806856,866.18036,-0.005917182,-8238.120915238584,,S_1741
2024-05-13 22:18:23,-69.39675,20.497894,-80.516235,16.471138,866.1767,-0.0043601277,-8259.613272192011,,S_1741
2024-05-13 22:18:24,-69.373604,20.487946,-80.537224,16.142414,866.1563,-0.0043382472,-8282.933296915555,,S_1741
2024-05-13 22:18:25,-69.35035,20.478012,-80.56519,15.806697,866.16187,-0.008961559,-8335.931435622333,,S_1741
2024-05-13 22:18:26,-69.32699,20.468124,-80.58618,15.463985,866.24524,-0.00894236,-8387.749915782137,,S_1741
2024-05-13 22:18:27,-69.30353,20.458237,-80.60716,15.128268,866.3526,-0.0127062835,-8464.24037169383,,S_1741
2024-05-13 22:18:28,-69.27996,20.448395,-80.62814,14.792551,866.3878,-0.012692216,-8542.00413265277,,S_1741
2024-05-13 22:18:29,-69.25628,20.438568,-80.649124,14.449839,866.37115,-0.014403417,-8630.859462414224,,S_1741
2024-05-13 22:18:30,-69.2325,20.428757,-80.670105,14.107127,866.3619,-0.014384618,-8721.131304532746,,S_1741
2024-05-13 22:18:31,-69.20862,20.418976,-80.69109,13.7574215,866.3656,-0.0134518165,-8804.822783325115,,S_1741
2024-05-13 22:18:32,-69.18462,20.409225,-80.712074,13.407716,866.3693,-0.013431025,-8886.632887168427,,S_1741
2024-05-13 22:18:33,-69.16053,20.39949,-80.733055,13.065004,866.3693,-0.011612817,-8955.140892674255,,S_1741
2024-05-13 22:18:34,-69.13632,20.389786,-80.74705,12.715299,866.36743,-0.011594394,-9023.51405845261,,S_1741
2024-05-13 22:18:35,-69.112015,20.380096,-80.76103,12.365593,866.36743,-0.008856061,-9076.14252245837,,S_1741
2024-05-13 22:18:36,-69.0876,20.370438,-80.78201,12.015887,866.36743,-0.007954478,-9123.391298307342,,S_1741
2024-05-13 22:18:37,-69.06308,20.36081,-80.80299,11.659187,866.36743,-0.0070528947,-9163.495463297835,,S_1741
2024-05-13 22:18:38,-69.03846,20.351196,-80.82398,11.309482,866.36743,-0.007035531,-9202.75671306753,,S_1741
2024-05-13 22:18:39,-69.013725,20.341614,-80.83797,10.952783,866.36743,-0.0047983336,-9228.50876084383,,S_1741
2024-05-13 22:18:40,-68.98889,20.332047,-80.85895,10.596083,866.36743,-0.00477954,-9252.824685614418,,S_1741
2024-05-13 22:18:41,-68.96395,20.32251,-80.87294,10.239383,866.36743,-0.0032058668,-9267.043631650837,,S_1741
2024-05-13 22:18:42,-68.9389,20.312988,-80.886925,9.882683,866.36743,-0.0031886303,-9281.517343487947,,S_1741
2024-05-13 22:18:43,-68.91375,20.303497,-80.90092,9.518989,866.36743,-0.0035594772,-9298.299680156779,,S_1741
2024-05-13 22:18:44,-68.88849,20.294037,-80.9149,9.155295,866.36743,-0.0035417164,-9314.945515358731,,S_1741
2024-05-13 22:18:45,-68.86313,20.284592,-80.928894,8.791601,866.36743,-0.0035586257,-9332.07327118669,,S_1741
2024-05-13 22:18:46,-68.837654,20.275177,-80.949875,8.434901,866.36743,-0.0035377597,-9348.130369256956,,S_1741
2024-05-13 22:18:47,-68.81208,20.265778,-80.95686,8.071207,866.36743,-0.002379187,-9357.504226954214,,S_1741
2024-05-13 22:18:48,-68.7864,20.256409,-80.970856,7.700519,866.36743,-0.0023522277,-9366.146202563154,,S_1741
2024-05-13 22:18:49,-68.76061,20.24707,-80.98484,7.3368254,866.36743,2.2518216e-05,-9359.342372315463,,S_1741
2024-05-13 22:18:50,-68.734726,20.237747,-81.00583,6.9661374,866.36743,4.83467e-05,-9352.150994281674,,S_1741
2024-05-13 22:18:51,-68.708725,20.22844,-81.01282,6.5954494,866.36743,-9.662431e-05,-9346.172806159339,,S_1741
2024-05-13 22:18:52,-68.682625,20.219162,-81.02681,6.2247615,866.36743,-7.2568364e-05,-9339.92989525705,,S_1741
2024-05-13 22:18:53,-68.65642,20.209915,-81.040794,5.854073,866.36743,0.00011607981,-9332.438195494684,,S_1741
2024-05-13 22:18:54,-68.630104,20.200699,-81.05479,5.4763913,866.36743,0.00014213275,-9324.702471588073,,S_1741
2024-05-13 22:18:55,-68.60368,20.191498,-81.061775,5.105703,866.36743,-0.0013371403,-9326.967958770238,,S_1741
2024-05-13 22:18:56,-68.577156,20.182312,-81.07577,4.735015,866.36743,-0.0013112876,-9329.121073013457,,S_1741
2024-05-13 22:18:57,-68.55053,20.173157,-81.08975,4.3573327,866.36743,-0.0031457178,-9343.046793955957,,S_1741
2024-05-13 22:18:58,-68.52379,20.164032,-81.09675,3.9796507,866.36743,-0.0031120044,-9356.832271467047,,S_1741
2024-05-13 22:18:59,-68.49695,20.154922,-81.103745,3.6019685,866.36743,-0.0056783953,-9386.785563019963,,S_1741
2024-05-13 22:19:00,-68.47,20.145844,-81.11074,3.2312806,866.36743,-0.005647884,-9417.320264871865,,S_1741
2024-05-13 22:19:01,-68.44262,20.136871,-81.11773,2.8535984,866.36743,-0.009400025,-9473.445879099854,,S_1741
2024-05-13 22:19:02,-68.415146,20.127914,-81.124725,2.4689221,866.36743,-0.0093701435,-9529.362209693845,,S_1741
2024-05-13 22:19:03,-68.38757,20.118973,-81.13872,2.09124,866.36743,-0.008540711,-9579.580873113266,,S_1741
2024-05-13 22:19:04,-68.35991,20.110062,-81.145706,1.7065637,866.36743,-0.008510209,-9629.64286470983,,S_1741
2024-05-13 22:19:05,-68.33215,20.101166,-81.1597,1.3288816,866.36743,-0.0075526037,-9673.19637792687,,S_1741
2024-05-13 22:19:06,-68.3043,20.0923,-81.16669,0.94420534,866.36743,-0.007520205,-9715.204365708087,,S_1741
2024-05-13 22:19:07,-68.27635,20.08345,-81.16669,0.5665232,866.36743,-0.007647137,-9759.449432137624,,S_1741
2024-05-13 22:19:08,-68.248314,20.074615,-81.17368,0.18184696,866.36743,-0.0076131164,-9803.148790518244,,S_1741
2024-05-13 22:19:09,-68.22018,20.065811,-81.18068,359.7982,866.36743,-0.0061950474,-9837.565016905664,,S_1741
2024-05-13 22:19:10,-68.19194,20.057022,-81.187675,359.4135,866.36743,-0.0061713005,-9871.785029867842,,S_1741
2024-05-13 22:19:11,-68.16362,20.048264,-81.194664,359.02884,866.36743,-0.0026736762,-9882.7103778798,,S_1741
2024-05-13 22:19:12,-68.1352,20.03952,-81.194664,358.64417,866.36743,-0.0026480386,-9893.601542588502,,S_1741
2024-05-13 22:19:13,-68.10668,20.030792,-81.20166,358.2595,866.36743,-0.0006083636,-9890.984393292281,,S_1741
2024-05-13 22:19:14,-68.07808,20.022095,-81.20866,357.87482,866.36743,-0.00057594274,-9888.205623603495,,S_1741
2024-05-13 22:19:15,-68.04938,20.013412,-81.20866,357.48315,866.36743,-0.0028875303,-9900.548601956278,,S_1741
2024-05-13 22:19:16,-68.02058,20.00476,-81.21565,357.09848,866.36743,-0.0028246138,-9912.597554225173,,S_1741
2024-05-13 22:19:17,-67.991684,19.996124,-81.22264,356.7138,866.36743,-0.0109670665,-9979.692600806866,,S_1741
2024-05-13 22:19:18,-67.9627,19.987518,-81.22964,356.3221,866.36743,-0.0108892545,-10044.33095774985,,S_1741
2024-05-13 22:19:19,-67.93362,19.978912,-81.22964,355.93744,866.36743,-0.007283345,-10086.668037665322,,S_1741
2024-05-13 22:19:20,-67.90444,19.970352,-81.22264,355.54578,866.36743,-0.00720136,-10127.136315103015,,S_1741
2024-05-13 22:19:21,-67.875175,19.961792,-81.22264,355.1611,866.36743,-0.008668813,-10177.759454379771,,S_1741
2024-05-13 22:19:22,-67.84581,19.953262,-81.22964,354.77643,866.36743,-0.010136265,-10238.827672018453,,S_1741
2024-05-13 22:19:23,-67.81635,19.944763,-81.22964,354.38477,866.36743,-0.005412553,-10268.466499136492,,S_1741
2024-05-13 22:19:24,-67.7868,19.93628,-81.23663,353.99307,866.36743,-0.005310293,-10296.588161189868,,S_1741
2024-05-13 22:19:25,-67.75715,19.92781,-81.23663,353.6084,866.36743,0.0034392471,-10267.506842828214,,S_1741
2024-05-13 22:19:26,-67.72741,19.919373,-81.23663,353.22372,866.36743,0.003535808,-10237.2075951408,,S_1741
2024-05-13 22:19:27,-67.69757,19.91095,-81.22964,352.83206,866.36743,-0.0005070588,-10233.844098762322,,S_1741
2024-05-13 22:19:28,-67.66764,19.902542,-81.22964,352.4404,866.36743,-0.00043619424,-10230.049345314565,,S_1741
2024-05-13 22:19:29,-67.63762,19.894165,-81.22264,352.05573,866.36743,-0.00433176,-10252.525846487211,,S_1741
2024-05-13 22:19:30,-67.6075,19.885803,-81.22964,351.66403,866.36743,-0.0042326455,-10273.88377208128,,S_1741
2024-05-13 22:19:31,-67.577286,19.877472,-81.22264,351.27936,866.36743,0.0027383002,-10249.168776236282,,S_1741
2024-05-13 22:19:32,-67.546974,19.869156,-81.21565,350.89468,866.36743,0.0028429665,-10223.544607389596,,S_1741
2024-05-13 22:19:33,-67.51657,19.860855,-81.21565,350.50302,866.36743,0.024916442,-10053.39553242435,,S_1741
2024-05-13 22:19:34,-67.48608,19.852585,-81.21565,350.11835,866.36743,0.024990244,-9882.888523112819,,S_1741
2024-05-13 22:19:35,-67.45548,19.84433,-81.21565,349.73367,866.36743,0.019875592,-9744.97885040646,,S_1741
2024-05-13 22:19:36,-67.4248,19.836105,-81.20866,349.349,866.36743,0.014760939,-9640.69627128847,,S_1741
2024-05-13 22:19:37,-67.39401,19.827896,-81.20166,348.96432,866.36743,-0.003441206,-9657.265007867802,,S_1741
2024-05-13 22:19:38,-67.363144,19.819717,-81.194664,348.57263,866.36743,-0.003355872,-9672.59220114186,,S_1741
2024-05-13 22:19:39,-67.33217,19.811539,-81.194664,348.18796,866.36743,0.003555256,-9642.538672140472,,S_1741
2024-05-13 22:19:40,-67.30111,19.803406,-81.187675,347.80328,866.36743,0.0036394703,-9611.779911985792,,S_1741
2024-05-13 22:19:41,-67.26995,19.795273,-81.18068,347.4186,866.36743,0.00674002,-9561.56000380876,,S_1741
2024-05-13 22:19:42,-67.23869,19.78717,-81.18068,347.04092,866.36743,0.006810819,-9510.000068170708,,S_1741
2024-05-13 22:19:43,-67.20735,19.779099,-81.17368,346.65625,866.36743,0.0051599494,-9468.3933584173,,S_1741
2024-05-13 22:19:44,-67.17591,19.771042,-81.1597,346.27158,866.36743,0.005232151,-9427.436023543445,,S_1741
2024-05-13 22:19:45,-67.14437,19.763,-81.1527,345.8939,866.36743,0.005123008,-9386.825345867139,,S_1741
2024-05-13 22:19:46,-67.11274,19.75499,-81.145706,345.50922,866.36743,0.0051981015,-9346.192545940674,,S_1741
2024-05-13 22:19:47,-67.08102,19.746994,-81.13872,345.13153,866.36743,0.004110759,-9312.771570017228,,S_1741
2024-05-13 22:19:48,-67.049194,19.739014,-81.13172,344.75385,866.36743,0.004159119,-9278.428720421274,,S_1741
2024-05-13 22:19:49,-67.01728,19.731064,-81.11773,344.37616,866.36743,0.0030230945,-9251.48211359661,,S_1741
2024-05-13 22:19:50,-66.985275,19.72313,-81.103745,343.9985,866.36743,0.0030616112,-9224.300362765029,,S_1741
2024-05-13 22:19:51,-66.95317,19.715225,-81.09675,343.61383,866.36743,0.0024268825,-9202.003791650935,,S_1741
2024-05-13 22:19:52,-66.920975,19.707336,-81.08975,343.24313,866.36743,0.0024616597,-9179.066550879788,,S_1741
2024-05-13 22:19:53,-66.88868,19.699463,-81.07577,342.86545,866.36743,0.0047081104,-9141.32195059616,,S_1741
2024-05-13 22:19:54,-66.85629,19.69162,-81.06877,342.48776,866.36743,0.004733733,-9103.481268336993,,S_1741
2024-05-13 22:19:55,-66.823814,19.683807,-81.05479,342.11707,866.36743,0.0058639683,-9058.845415562206,,S_1741
2024-05-13 22:19:56,-66.79124,19.675995,-81.04779,341.7464,866.36743,0.0058929943,-9013.363444293242,,S_1741
2024-05-13 22:19:57,-66.75857,19.668213,-81.033806,341.3757,866.36743,0.005653994,-8969.995900821777,,S_1741
2024-05-13 22:19:58,-66.72581,19.660461,-81.02681,341.005,866.36743,0.005679969,-8923.900781511114,,S_1741
2024-05-13 22:19:59,-66.69295,19.652725,-81.00583,340.62732,866.36743,0.0036464657,-8893.08374165111,,S_1741
2024-05-13 22:20:00,-66.659996,19.645004,-80.99184,340.26364,866.36743,0.0036627064,-8862.657690843964,,S_1741
2024-05-13 22:20:01,-66.62637,19.63742,-80.98484,339.89294,866.36743,0.003993501,-8830.083468902223,,S_1741
2024-05-13 22:20:02,-66.59268,19.629852,-80.970856,339.52927,866.36743,0.0040001534,-8796.381355361913,,S_1741
2024-05-13 22:20:03,-66.55891,19.622314,-80.949875,339.16556,866.36743,0.005853042,-8751.095961588533,,S_1741
2024-05-13 22:20:04,-66.52506,19.614777,-80.93588,338.80188,866.36743,0.0058567175,-8705.9686459638,,S_1741
2024-05-13 22:20:05,-66.49114,19.60727,-80.9219,338.43817,866.36743,0.015726546,-8595.623535360854,,S_1741
2024-05-13 22:20:06,-66.457146,19.599777,-80.907906,338.0745,866.36743,0.015709445,-8487.117333370872,,S_1741
2024-05-13 22:20:07,-66.42307,19.5923,-80.89392,337.71777,866.36743,0.029768296,-8283.611878622341,,S_1741
2024-05-13 22:20:08,-66.38893,19.584839,-80.87993,337.3541,866.36743,0.02976383,-8076.385394044519,,S_1741
2024-05-13 22:20:09,-66.35471,19.577408,-80.85895,336.99738,866.36743,0.043185577,-7782.746106251445,,S_1741
2024-05-13 22:20:10,-66.32041,19.569977,-80.84496,336.6337,866.36743,0.04319391,-7483.979112198182,,S_1741
2024-05-13 22:20:11,-66.28604,19.562576,-80.82398,336.27698,866.36743,0.055138208,-7122.920655044745,,S_1741
2024-05-13 22:20:12,-66.251595,19.555176,-80.80999,335.92728,866.36743,0.055136107,-6761.775883738442,,S_1741
2024-05-13 22:20:13,-66.21708,19.547806,-80.796005,335.57758,866.36743,0.059798557,-6349.0167446475625,,S_1741
2024-05-13 22:20:14,-66.18248,19.540451,-80.77502,335.2209,866.36743,0.059801176,-5956.071351599458,,S_1741
2024-05-13 22:20:15,-66.14781,19.533127,-80.76103,334.8712,866.36743,0.058018375,-5542.720575143945,,S_1741
2024-05-13 22:20:16,-66.11307,19.525803,-80.733055,334.52145,866.36743,0.05623557,-5164.592457420065,,S_1741
2024-05-13 22:20:17,-66.07825,19.518494,-80.712074,334.17877,866.36743,0.05445277,-4804.113550036859,,S_1741
2024-05-13 22:20:18,-66.04335,19.511215,-80.69808,333.82904,866.36743,0.054306816,-4450.968786972049,,S_1741
2024-05-13 22:20:19,-66.00838,19.503952,-80.6841,333.48633,866.36743,0.05416086,-4079.165040367966,,S_1741
2024-05-13 22:20:20,-65.973335,19.496704,-80.66312,333.13663,866.36743,0.054014906,-3702.6483326983425,,S_1741
2024-05-13 22:20:21,-65.93821,19.489471,-80.63514,332.8009,866.36743,0.054390986,-3333.5551622653284,,S_1741
2024-05-13 22:20:22,-65.903015,19.482254,-80.61416,332.4582,866.36743,0.054767065,-2967.9857524041736,,S_1741
2024-05-13 22:20:23,-65.867744,19.475067,-80.59317,332.1225,866.36743,0.055143144,-2599.348208314207,,S_1741
2024-05-13 22:20:24,-65.8324,19.46788,-80.57219,331.78677,866.3693,0.05551922,-2220.881180787055,,S_1741
2024-05-13 22:20:25,-65.79698,19.460724,-80.55121,331.44406,866.36743,0.0558953,-1852.4552315420115,,S_1741
2024-05-13 22:20:26,-65.76148,19.453583,-80.53023,331.11533,866.3638,0.056271378,-1456.5094126847944,,S_1741
2024-05-13 22:20:27,-65.725914,19.446457,-80.50225,330.77963,866.3638,0.056647457,-1081.333625461628,,S_1741
2024-05-13 22:20:28,-65.69027,19.439346,-80.48127,330.4509,866.38416,0.05669338,-698.7462391308563,,S_1741
2024-05-13 22:20:29,-65.65455,19.432251,-80.46028,330.11517,866.37854,0.041301865,-422.6861473093377,,S_1741
2024-05-13 22:20:30,-65.61875,19.42517,-80.4393,329.78647,866.2952,0.04130591,-146.17539447361742,,S_1741
2024-05-13 22:20:31,-65.58288,19.418121,-80.41832,329.45773,866.1897,0.025577836,24.699770791396077,,S_1741
2024-05-13 22:20:32,-65.546936,19.411087,-80.39734,329.136,866.1452,0.025582595,195.7933223801001,,S_1741
2024-05-13 22:20:33,-65.51091,19.404068,-80.37636,328.81427,866.1563,0.01778009,322.6152389241597,,S_1741
2024-05-13 22:20:34,-65.474815,19.397064,-80.34838,328.49255,866.1767,0.017787343,450.146560391031,,S_1741
2024-05-13 22:20:35,-65.438644,19.390076,-80.320404,328.1708,866.1767,0.022682182,611.2867742435728,,S_1741
2024-05-13 22:20:36,-65.4024,19.383102,-80.29243,327.8491,866.17114,0.022691093,770.1940404452498,,S_1741
2024-05-13 22:20:37,-65.36608,19.37616,-80.26445,327.53436,866.17114,-0.00030111254,774.8570202964029,,S_1741
2024-05-13 22:20:38,-65.32968,19.369217,-80.24347,327.2196,866.173,-0.0003015173,779.1377025507163,,S_1741
2024-05-13 22:20:39,-65.29321,19.362305,-80.22249,326.90488,866.173,-0.0017140132,773.7912857715664,,S_1741
2024-05-13 22:20:40,-65.25667,19.355408,-80.19451,326.59015,866.173,-0.0016833822,769.0239216919726,,S_1741
2024-05-13 22:20:41,-65.22005,19.348526,-80.166534,326.27542,866.173,-0.00012833555,774.7927891429872,,S_1741
2024-05-13 22:20:42,-65.18335,19.34166,-80.13856,325.96768,866.173,0.0014267111,790.3627656208746,,S_1741
2024-05-13 22:20:43,-65.14658,19.334808,-80.11758,325.6599,866.173,0.0029817577,816.4165947502524,,S_1741
2024-05-13 22:20:44,-65.10973,19.327988,-80.0896,325.35217,866.173,0.0029731223,842.5114428263432,,S_1741
2024-05-13 22:20:45,-65.072815,19.321182,-80.06162,325.05145,866.173,-0.025949089,677.8583001546122,,S_1741
2024-05-13 22:20:46,-65.03582,19.314377,-80.033646,324.7507,866.173,-0.028405655,496.6138278066346,,S_1741
2024-05-13 22:20:47,-64.99875,19.307602,-80.00567,324.44995,866.173,-0.030862221,298.70714225874144,,S_1741
2024-05-13 22:20:48,-64.9616,19.300842,-79.97769,324.1492,866.173,-0.030820323,100.64725495439507,,S_1741
2024-05-13 22:20:49,-64.92438,19.294113,-79.949715,323.84845,866.173,-0.0009868961,100.67028470130936,,S_1741
2024-05-13 22:20:50,-64.887085,19.287384,-79.92174,323.5547,866.173,0.010812133,177.78189873872634,,S_1741
2024-05-13 22:20:51,-64.84972,19.280685,-79.89376,323.26096,866.173,0.022611162,332.4308693612629,,S_1741
2024-05-13 22:20:52,-64.81227,19.273987,-79.86578,322.9672,866.173,0.022688992,497.1366678798904,,S_1741
2024-05-13 22:20:53,-64.77475,19.267319,-79.83082,322.67343,866.173,0.027699372,673.6620522408548,,S_1741
2024-05-13 22:20:54,-64.73715,19.260666,-79.80983,322.3867,866.173,0.03270975,904.8749265614288,,S_1741
2024-05-13 22:20:55,-64.69948,19.254028,-79.774864,322.0999,866.173,0.03772013,1156.566738789912,,S_1741
2024-05-13 22:20:56,-64.661736,19.247406,-79.74689,321.81317,866.173,0.03773479,1423.9481144718347,,S_1741
2024-05-13 22:20:57,-64.62392,19.240814,-79.711914,321.5264,866.173,0.025744328,1606.2597180558842,,S_1741
2024-05-13 22:20:58,-64.58602,19.234222,-79.67694,321.24664,866.173,0.029791,1807.7931596208882,,S_1741
2024-05-13 22:20:59,-64.54805,19.227661,-79.64897,320.95987,866.173,0.03383767,2031.7541231425075,,S_1741
2024-05-13 22:21:00,-64.51,19.221115,-79.620995,320.6801,866.173,0.03788434,2282.135209713554,,S_1741
2024-05-13 22:21:01,-64.47155,19.21463,-79.59302,320.40036,866.173,0.04193101,2553.986813348237,,S_1741
2024-05-13 22:21:02,-64.433044,19.20816,-79.56504,320.1276,866.173,0.041215137,2839.0670431656945,,S_1741
2024-05-13 22:21:03,-64.39446,19.201706,-79.53007,319.8548,866.173,0.04049926,3120.3557901494305,,S_1741
2024-05-13 22:21:04,-64.35583,19.195267,-79.495094,319.58203,866.173,0.039783385,3380.7510847717267,,S_1741
2024-05-13 22:21:05,-64.31712,19.188843,-79.46712,319.30927,866.173,0.039067507,3652.912643865502,,S_1741
2024-05-13 22:21:06,-64.27835,19.18245,-79.43215,319.0365,866.173,0.038351633,3916.7776410354954,,S_1741
2024-05-13 22:21:07,-64.23952,19.176056,-79.39718,318.77072,866.173,0.03763576,4176.2868687727105,,S_1741
2024-05-13 22:21:08,-64.20062,19.169678,-79.362206,318.50494,866.173,0.03691988,4415.921365411008,,S_1741
2024-05-13 22:21:09,-64.16167,19.16333,-79.334236,318.23917,866.173,0.036204007,4666.290700358879,,S_1741
2024-05-13 22:21:10,-64.12264,19.156982,-79.29926,317.9734,866.173,0.035488132,4912.830593477389,,S_1741
2024-05-13 22:21:11,-64.08355,19.15065,-79.26429,317.7076,866.173,0.034772255,5150.905641243915,,S_1741
2024-05-13 22:21:12,-64.0444,19.144348,-79.229324,317.44882,866.173,0.03405638,5384.591107535907,,S_1741
2024-05-13 22:21:13,-64.00519,19.138046,-79.19435,317.19006,866.1748,0.033340506,5610.046293815377,,S_1741
2024-05-13 22:21:14,-63.965908,19.131775,-79.15938,316.93826,866.17114,0.03262463,5821.16798885958,,S_1741
2024-05-13 22:21:15,-63.926563,19.125519,-79.1314,316.67947,866.1674,0.031908754,6037.488873009927,,S_1741
2024-05-13 22:21:16,-63.887157,19.119263,-79.096436,316.4277,866.1786,0.031192878,6265.255885814723,,S_1741
2024-05-13 22:21:17,-63.847687,19.113037,-79.05447,316.1759,866.19336,0.030477002,6473.946417414599,,S_1741
2024-05-13 22:21:18,-63.80815,19.106827,-79.0195,315.92413,866.15076,0.029761126,6677.843197095556,,S_1741
2024-05-13 22:21:19,-63.768555,19.100632,-78.98453,315.67233,866.0434,0.02904525,6877.39333536712,,S_1741
2024-05-13 22:21:20,-63.72889,19.094452,-78.949554,315.42053,865.9637,0.028329376,7069.12423989714,,S_1741
2024-05-13 22:21:21,-63.689163,19.088272,-78.91459,315.17575,865.96185,0.0276135,7270.1055357570895,,S_1741
2024-05-13 22:21:22,-63.649372,19.082123,-78.87262,314.93097,865.98224,0.026897624,7453.677291562212,,S_1741
2024-05-13 22:21:23,-63.60952,19.075989,-78.837654,314.68616,865.9841,0.02618175,7629.214977375601,,S_1741
2024-05-13 22:21:24,-63.569603,19.069885,-78.80268,314.44836,865.9785,0.025465874,7792.456033103478,,S_1741
2024-05-13 22:21:25,-63.52962,19.063782,-78.774704,314.20358,865.9767,0.024749998,7958.815971189652,,S_1741
2024-05-13 22:21:26,-63.489574,19.057693,-78.73973,313.96576,865.9785,0.024034122,8121.224992666857,,S_1741
2024-05-13 22:21:27,-63.449463,19.05162,-78.704765,313.72797,865.9785,0.023318246,8288.262515792536,,S_1741
2024-05-13 22:21:28,-63.40929,19.045563,-78.662796,313.49716,865.9785,0.022602372,8453.649120774167,,S_1741
2024-05-13 22:21:29,-63.369053,19.039536,-78.620834,313.25937,865.9785,0.021886496,8600.909161844953,,S_1741
2024-05-13 22:21:30,-63.32875,19.033508,-78.58586,313.02856,865.9785,0.02117062,8743.200308082689,,S_1741
2024-05-13 22:21:31,-63.288387,19.027496,-78.550896,312.79776,865.9785,0.020454746,8881.154334868434,,S_1741
2024-05-13 22:21:32,-63.247955,19.021515,-78.51592,312.56696,865.9785,0.01973887,9014.743966866743,,S_1741
2024-05-13 22:21:33,-63.207462,19.015533,-78.48095,312.33615,865.9785,0.019022994,9151.282125039608,,S_1741
2024-05-13 22:21:34,-63.16691,19.009583,-78.43899,312.11234,865.9785,0.018307118,9274.283558703006,,S_1741
2024-05-13 22:21:35,-63.126286,19.003632,-78.404015,311.88852,865.9785,0.017591242,9403.376253759952,,S_1741
2024-05-13 22:21:36,-63.0856,18.997711,-78.36205,311.6577,865.9785,0.016875368,9517.834475649308,,S_1741
2024-05-13 22:21:37,-63.044853,18.991806,-78.32708,311.4339,865.9785,0.016159492,9633.579817804388,,S_1741
2024-05-13 22:21:38,-63.00404,18.9859,-78.28512,311.21707,865.9785,0.016232086,9742.116241629623,,S_1741
2024-05-13 22:21:39,-62.96316,18.980026,-78.250145,311.00027,865.9785,-0.012290496,9662.992633786183,,S_1741
2024-05-13 22:21:40,-62.922222,18.974167,-78.20818,310.77646,865.9785,-0.012212843,9592.576481213391,,S_1741
2024-05-13 22:21:41,-62.881218,18.968323,-78.17321,310.55963,865.9785,-0.006506282,9554.128899010493,,S_1741
2024-05-13 22:21:42,-62.84015,18.962494,-78.13125,310.3428,865.9785,-0.00079972064,9555.617628169852,,S_1741
2024-05-13 22:21:43,-62.79902,18.95668,-78.096275,310.126,865.9785,0.0049068406,9597.471491260896,,S_1741
2024-05-13 22:21:44,-62.757824,18.950882,-78.04732,309.91617,865.9785,0.010613401,9676.15182859959,,S_1741
2024-05-13 22:21:45,-62.716564,18.945099,-78.00535,309.70636,865.9785,0.013441543,9773.549635379151,,S_1741
2024-05-13 22:21:46,-62.67524,18.939331,-77.96339,309.49652,865.9785,0.016269684,9881.891527696936,,S_1741
2024-05-13 22:21:47,-62.63385,18.933578,-77.92841,309.2867,865.9785,0.019097826,10017.434923323726,,S_1741
2024-05-13 22:21:48,-62.5924,18.927841,-77.88645,309.07687,865.9785,0.021925967,10158.930506223738,,S_1741
2024-05-13 22:21:49,-62.550884,18.92212,-77.85148,308.87405,865.9785,0.024754109,10330.372340163985,,S_1741
2024-05-13 22:21:50,-62.509308,18.916428,-77.80952,308.67123,865.973,0.02758225,10537.31089589753,,S_1741
2024-05-13 22:21:51,-62.467663,18.910736,-77.76056,308.46838,865.9748,0.03041039,10748.505713948753,,S_1741
2024-05-13 22:21:52,-62.425957,18.90506,-77.71859,308.26556,865.9952,0.033238534,10961.229574971232,,S_1741
2024-05-13 22:21:53,-62.384186,18.899414,-77.683624,308.06274,866.00446,0.036066674,11210.086049740561,,S_1741
2024-05-13 22:21:54,-62.34235,18.893768,-77.641655,307.8599,865.95447,0.015893225,11313.467537491719,,S_1741
2024-05-13 22:21:55,-62.300453,18.888153,-77.60669,307.66406,865.84705,-0.004280225,11290.8084783353,,S_1741
2024-05-13 22:21:56,-62.258488,18.882538,-77.56472,307.46823,865.7692,-0.0042566895,11268.833034094992,,S_1741
2024-05-13 22:21:57,-62.21646,18.876953,-77.52276,307.2724,865.7692,-0.02060635,11137.912179906696,,S_1741
2024-05-13 22:21:58,-62.174374,18.871384,-77.48079,307.07657,865.7877,-0.022108251,10984.140765492582,,S_1741
2024-05-13 22:21:59,-62.132217,18.865814,-77.43183,306.88074,865.7877,-0.023610152,10836.080249261306,,S_1741
2024-05-13 22:22:00,-62.09,18.860275,-77.38987,306.6919,865.7822,-0.025112053,10687.295945699228,,S_1741
2024-05-13 22:22:01,-62.047474,18.854843,-77.3549,306.49606,865.7822,-0.026613954,10517.868010421582,,S_1741
2024-05-13 22:22:02,-62.00489,18.849442,-77.312935,306.30722,865.78406,-0.028115856,10338.712421342112,,S_1741
2024-05-13 22:22:03,-61.96225,18.84404,-77.270966,306.11838,865.78406,-0.029617757,10149.362126269498,,S_1741
2024-05-13 22:22:04,-61.919556,18.838638,-77.229004,305.92953,865.78406,-0.03111966,9935.32200340309,,S_1741
2024-05-13 22:22:05,-61.876804,18.833267,-77.180046,305.74768,865.78406,-0.03262156,9729.832860903276,,S_1741
2024-05-13 22:22:06,-61.834,18.827911,-77.138084,305.56583,865.78406,-0.03412346,9509.466906267713,,S_1741
2024-05-13 22:22:07,-61.791138,18.822556,-77.096115,305.37698,865.78406,-0.03562536,9302.382366866826,,S_1741
2024-05-13 22:22:08,-61.748222,18.817215,-77.06114,305.19516,865.78406,-0.037127264,9065.370728671645,,S_1741
2024-05-13 22:22:09,-61.70525,18.81189,-77.01918,305.0133,865.78406,-0.038629163,8796.30306425479,,S_1741
2024-05-13 22:22:10,-61.66222,18.80658,-76.97022,304.83145,865.78406,-0.040131066,8539.961419431522,,S_1741
2024-05-13 22:22:11,-61.619137,18.80127,-76.92826,304.6496,865.78406,-0.03063046,8348.772657945896,,S_1741
2024-05-13 22:22:12,-61.576,18.79599,-76.88629,304.47476,865.78406,-0.021129854,8206.075729704356,,S_1741
2024-05-13 22:22:13,-61.532806,18.79071,-76.83733,304.2999,865.78406,-0.011629248,8137.591650588912,,S_1741
2024-05-13 22:22:14,-61.489555,18.785446,-76.79537,304.12506,865.78406,-0.011581678,8068.7055797325975,,S_1741
2024-05-13 22:22:15,-61.44625,18.780197,-76.7534,303.9502,865.78406,-0.0137798125,7985.467981291822,,S_1741
2024-05-13 22:22:16,-61.40289,18.774963,-76.71144,303.77533,865.7822,-0.015977947,7878.488255175009,,S_1741
2024-05-13 22:22:17,-61.35947,18.76973,-76.66248,303.6005,865.78406,-0.018176083,7769.215273540542,,S_1741
2024-05-13 22:22:18,-61.315998,18.764526,-76.620514,303.43265,865.78406,-0.020374216,7645.042378033933,,S_1741
2024-05-13 22:22:19,-61.272472,18.759323,-76.57855,303.26477,865.7822,-0.02257235,7490.664957164985,,S_1741
2024-05-13 22:22:20,-61.22889,18.754135,-76.529594,303.08994,865.7785,-0.024770485,7338.602242163999,,S_1741
2024-05-13 22:22:21,-61.18525,18.748962,-76.487625,302.92206,865.7896,-0.008951248,7287.180272092262,,S_1741
2024-05-13 22:22:22,-61.141556,18.743805,-76.44566,302.7542,865.81,-0.008913486,7235.916599448255,,S_1741
2024-05-13 22:22:23,-61.097805,18.738647,-76.4037,302.58633,865.79517,-0.009948515,7173.185859771767,,S_1741
2024-05-13 22:22:24,-61.054,18.733505,-76.354744,302.42548,865.7081,-0.0109835435,7110.27933991578,,S_1741
2024-05-13 22:22:25,-61.01014,18.728394,-76.312775,302.26462,865.60443,-0.012018573,7040.1370150359535,,S_1741
2024-05-13 22:22:26,-60.96622,18.723267,-76.27081,302.10376,865.5693,-0.013053602,6961.667014605608,,S_1741
2024-05-13 22:22:27,-60.92225,18.71817,-76.22884,301.93588,865.58405,-0.050123822,6619.616592170505,,S_1741
2024-05-13 22:22:28,-60.87822,18.713089,-76.179886,301.77502,865.5933,-0.050081402,6277.906043046499,,S_1741
2024-05-13 22:22:29,-60.834137,18.708008,-76.13093,301.61417,865.5896,-0.028089358,6088.872922474957,,S_1741
2024-05-13 22:22:30,-60.79,18.702957,-76.08197,301.4533,865.58777,-0.028042298,5920.121207039667,,S_1741
2024-05-13 22:22:31,-60.745804,18.697906,-76.04001,301.29944,865.58777,-0.023562072,5778.469454879592,,S_1741
2024-05-13 22:22:32,-60.701553,18.692871,-75.99804,301.14557,865.5896,-0.019081846,5650.972506347577,,S_1741
2024-05-13 22:22:33,-60.65725,18.687836,-75.94908,300.98468,865.5896,-0.014601621,5564.018086266167,,S_1741
2024-05-13 22:22:34,-60.61289,18.68283,-75.90712,300.82382,865.58777,-0.010121395,5500.268473577965,,S_1741
2024-05-13 22:22:35,-60.56847,18.677826,-75.85816,300.66995,865.58777,-0.029120285,5309.239071301683,,S_1741
2024-05-13 22:22:36,-60.524,18.672852,-75.8092,300.52307,865.5896,-0.029068453,5114.896321257864,,S_1741
2024-05-13 22:22:37,-60.47947,18.667877,-75.76024,300.3692,865.5896,-0.032002646,4919.318380910967,,S_1741
2024-05-13 22:22:38,-60.434887,18.662903,-75.71828,300.21533,865.5896,-0.034936838,4708.762706426974,,S_1741
2024-05-13 22:22:39,-60.390247,18.657959,-75.67631,300.06845,865.5896,-0.03787103,4452.137744346039,,S_1741
2024-05-13 22:22:40,-60.345554,18.65303,-75.62735,299.91458,865.58777,-0.042266063,4170.407798727039,,S_1741
2024-05-13 22:22:41,-60.300804,18.648102,-75.57839,299.76773,865.58777,-0.0466611,3858.2080706434263,,S_1741
2024-05-13 22:22:42,-60.256,18.643188,-75.529434,299.62085,865.5896,-0.04660341,3574.3347188721355,,S_1741
2024-05-13 22:22:43,-60.211136,18.63829,-75.48747,299.47397,865.59143,-0.03429243,3370.61639260191,,S_1741
2024-05-13 22:22:44,-60.16622,18.633408,-75.4455,299.33408,865.5896,-0.03423246,3141.815763860105,,S_1741
2024-05-13 22:22:45,-60.12125,18.62854,-75.396545,299.1872,865.58405,-0.02588854,2970.691924440963,,S_1741
2024-05-13 22:22:46,-60.07622,18.623672,-75.34759,299.04034,865.58594,-0.017544622,2856.6376830779,,S_1741
2024-05-13 22:22:47,-60.03114,18.61882,-75.29863,298.89346,865.60443,-0.009200702,2806.55454466204,,S_1741
2024-05-13 22:22:48,-59.986,18.613983,-75.25667,298.75357,865.5989,-0.00085678324,2806.986428928999,,S_1741
2024-05-13 22:22:49,-59.940804,18.609161,-75.2147,298.61368,865.5174,0.007487136,2868.1980912222725,,S_1741
2024-05-13 22:22:50,-59.895554,18.604355,-75.158745,298.47382,865.4099,0.0075255977,2926.1505829876796,,S_1741
2024-05-13 22:22:51,-59.85025,18.599564,-75.10979,298.33392,865.3655,0.034912568,3169.37215002674,,S_1741
2024-05-13 22:22:52,-59.804886,18.594772,-75.06083,298.19403,865.3785,0.034932375,3387.0901384849703,,S_1741
2024-05-13 22:22:53,-59.75947,18.589996,-75.01887,298.06116,865.397,0.02389945,3540.62096475462,,S_1741
2024-05-13 22:22:54,-59.713997,18.585236,-74.9769,297.92126,865.39886,0.023932869,3709.2087478375397,,S_1741
2024-05-13 22:22:55,-59.668472,18.58049,-74.92794,297.7814,865.3933,-0.002435383,3699.2418774720336,,S_1741
2024-05-13 22:22:56,-59.622887,18.57576,-74.87898,297.6485,865.3933,-0.0023917337,3689.167900833555,,S_1741
2024-05-13 22:22:57,-59.577248,18.57103,-74.830025,297.5086,865.39514,0.016401548,3805.529896034983,,S_1741
2024-05-13 22:22:58,-59.531555,18.56633,-74.78107,297.37573,865.39514,0.016436648,3922.1560814827053,,S_1741
2024-05-13 22:22:59,-59.485806,18.56163,-74.73211,297.24283,865.3933,0.021707503,4060.911192342309,,S_1741
2024-05-13 22:23:00,-59.44,18.556946,-74.69014,297.10995,865.3933,0.021741854,4212.828475051724,,S_1741
2024-05-13 22:23:01,-59.39291,18.552338,-74.64118,296.97705,865.3933,0.028091103,4404.943002229873,,S_1741
2024-05-13 22:23:02,-59.345806,18.54773,-74.592224,296.85117,865.3933,0.028120836,4600.701837704006,,S_1741
2024-05-13 22:23:03,-59.298687,18.543137,-74.54327,296.7183,865.3933,0.040779576,4877.325028554541,,S_1741
2024-05-13 22:23:04,-59.251553,18.538559,-74.49431,296.59238,865.3933,0.040798206,5159.148055306892,,S_1741
2024-05-13 22:23:05,-59.204407,18.533981,-74.44535,296.4595,865.3933,0.03584431,5403.529798083462,,S_1741
2024-05-13 22:23:06,-59.15725,18.529434,-74.396385,296.33362,865.3933,0.035861704,5652.536080974367,,S_1741
2024-05-13 22:23:07,-59.110077,18.524872,-74.34743,296.2007,865.3933,0.021713844,5803.319107808131,,S_1741
2024-05-13 22:23:08,-59.06289,18.52034,-74.29847,296.07483,865.39514,0.021733517,5951.700892536583,,S_1741
2024-05-13 22:23:09,-59.015686,18.515808,-74.24951,295.95593,865.39514,0.01624507,6055.98305428556,,S_1741
2024-05-13 22:23:10,-58.96847,18.511292,-74.20755,295.83002,865.38965,0.016264727,6170.079732703688,,S_1741
2024-05-13 22:23:11,-58.92124,18.50679,-74.15859,295.70413,865.3914,-0.00016012369,6175.180653861846,,S_1741
2024-05-13 22:23:12,-58.874,18.502289,-74.10963,295.57825,865.4118,0.001564708,6192.8377130189365,,S_1741
2024-05-13 22:23:13,-58.826744,18.497803,-74.05368,295.45236,865.4211,0.0032895396,6221.273520223993,,S_1741
2024-05-13 22:23:14,-58.779472,18.493332,-74.004715,295.33344,865.37103,0.0033175212,6247.081492042418,,S_1741
2024-05-13 22:23:15,-58.732185,18.488861,-73.96275,295.21454,865.26184,0.004322541,6278.841567732043,,S_1741
2024-05-13 22:23:16,-58.684887,18.484406,-73.92079,295.08865,865.18585,0.0043473165,6313.035205845868,,S_1741
2024-05-13 22:23:17,-58.637577,18.479965,-73.871826,294.96976,865.184,0.006503582,6366.307987381429,,S_1741
2024-05-13 22:23:18,-58.59025,18.47554,-73.81588,294.85086,865.2026,0.006530352,6416.152748548666,,S_1741
2024-05-13 22:23:19,-58.542908,18.471115,-73.766914,294.73196,865.2026,0.0033073435,6444.0973622286165,,S_1741
2024-05-13 22:23:20,-58.495556,18.466705,-73.71796,294.61307,865.1988,0.003338178,6471.862694984984,,S_1741
2024-05-13 22:23:21,-58.44819,18.462296,-73.669,294.50116,865.1988,-0.0071373335,6430.595063831614,,S_1741
2024-05-13 22:23:22,-58.400806,18.457901,-73.62004,294.38226,865.1988,-0.0070989975,6385.753377416384,,S_1741
2024-05-13 22:23:23,-58.35341,18.453522,-73.56409,294.27036,865.2007,-0.01737052,6277.13998890117,,S_1741
2024-05-13 22:23:24,-58.306,18.449158,-73.51513,294.15146,865.1988,-0.017326942,6168.157386946956,,S_1741
2024-05-13 22:23:25,-58.258575,18.444794,-73.46617,294.03253,865.1988,-0.018653424,6052.5760119667375,,S_1741
2024-05-13 22:23:26,-58.21114,18.440445,-73.41721,293.92062,865.1988,-0.018615613,5937.052909723022,,S_1741
2024-05-13 22:23:27,-58.16369,18.436111,-73.368256,293.80875,865.1988,-0.016607411,5823.47461955256,,S_1741
2024-05-13 22:23:28,-58.116222,18.431778,-73.3123,293.69684,865.1988,-0.016570602,5719.639597125031,,S_1741
2024-05-13 22:23:29,-58.068745,18.42746,-73.26334,293.5779,865.2007,-0.01744205,5611.568839801611,,S_1741
2024-05-13 22:23:30,-58.021248,18.423157,-73.214386,293.46603,865.2007,-0.017406395,5505.64895933279,,S_1741
2024-05-13 22:23:31,-57.973743,18.418869,-73.16543,293.3611,865.1951,-0.003509398,5488.541234392518,,S_1741
2024-05-13 22:23:32,-57.926224,18.414581,-73.11646,293.2492,865.19147,-0.0034866396,5471.661366123473,,S_1741
2024-05-13 22:23:33,-57.87869,18.410309,-73.067505,293.1373,865.20624,-0.013727637,5387.494122788415,,S_1741
2024-05-13 22:23:34,-57.83114,18.406036,-73.01855,293.0254,865.22107,-0.01369237,5305.18115701715,,S_1741
2024-05-13 22:23:35,-57.783577,18.401794,-72.96959,292.92047,865.17664,-0.016752923,5202.9581472550035,,S_1741
2024-05-13 22:23:36,-57.736,18.397552,-72.92063,292.81558,865.0692,-0.016709032,5098.831165214843,,S_1741
2024-05-13 22:23:37,-57.688408,18.39331,-72.87167,292.70367,864.99146,-0.007625692,5055.533295487201,,S_1741
2024-05-13 22:23:38,-57.640804,18.389084,-72.822716,292.59875,864.98956,-0.007586611,5012.350695362757,,S_1741
2024-05-13 22:23:39,-57.59319,18.384888,-72.77375,292.49384,865.00806,-0.019896498,4889.424523390123,,S_1741
2024-05-13 22:23:40,-57.545555,18.380676,-72.72479,292.38892,865.00806,-0.019858561,4766.653009103079,,S_1741
2024-05-13 22:23:41,-57.49791,18.376495,-72.675835,292.28403,865.0044,-0.020407477,4626.524587133167,,S_1741
2024-05-13 22:23:42,-57.45025,18.372314,-72.61988,292.1791,865.0025,-0.020370424,4500.847017127999,,S_1741
2024-05-13 22:23:43,-57.402576,18.368149,-72.57092,292.0742,865.0044,-0.018218495,4376.20314278149,,S_1741
2024-05-13 22:23:44,-57.35489,18.363983,-72.51497,291.96927,865.0044,-0.018182484,4264.539520574269,,S_1741
2024-05-13 22:23:45,-57.307186,18.359833,-72.46601,291.86438,865.0044,-0.015240345,4183.1508333629035,,S_1741
2024-05-13 22:23:46,-57.25947,18.355698,-72.42405,291.76645,865.0044,-0.015208035,4079.1292688387193,,S_1741
2024-05-13 22:23:47,-57.211742,18.351578,-72.368095,291.66153,865.0044,-0.022409055,3942.4613924801715,,S_1741
2024-05-13 22:23:48,-57.164,18.347458,-72.31914,291.56363,865.0044,-0.022374174,3787.4070405731118,,S_1741
2024-05-13 22:23:49,-57.11624,18.343353,-72.26318,291.4587,865.0044,-0.023584906,3626.9792348445,,S_1741
2024-05-13 22:23:50,-57.068474,18.339249,-72.20723,291.36078,865.0062,-0.023549024,3482.5776712501365,,S_1741
2024-05-13 22:23:51,-57.020687,18.335175,-72.15827,291.26288,865.0062,-0.022851374,3356.76176108438,,S_1741
2024-05-13 22:23:52,-56.97289,18.3311,-72.11631,291.16495,865.0007,-0.022817802,3215.5549563146615,,S_1741
2024-05-13 22:23:53,-56.925076,18.327042,-72.06735,291.06705,864.997,-0.023644732,3069.550110597156,,S_1741
2024-05-13 22:23:54,-56.87725,18.322983,-72.01839,290.96912,865.00995,-0.02361311,2904.9214301734073,,S_1741
2024-05-13 22:23:55,-56.82941,18.31894,-71.96244,290.8642,865.0266,-0.025818424,2728.0287599253115,,S_1741
2024-05-13 22:23:56,-56.781555,18.31491,-71.90649,290.7663,864.9821,-0.025785578,2571.769791032655,,S_1741
2024-05-13 22:23:57,-56.73369,18.310883,-71.85753,290.67535,864.87476,-0.018619629,2457.5789651490704,,S_1741
2024-05-13 22:23:58,-56.685806,18.306885,-71.80856,290.57745,864.79694,-0.018599195,2343.5275011260946,,S_1741
2024-05-13 22:23:59,-56.63791,18.302872,-71.759605,290.47952,864.7951,-0.018959027,2216.4722912961297,,S_1741
2024-05-13 22:24:00,-56.59,18.29889,-71.70365,290.3886,864.8136,-0.018939393,2100.594322990658,,S_1741
2024-05-13 22:24:01,-56.542812,18.294983,-71.65469,290.29068,864.8136,-0.021681132,1954.288018878441,,S_1741
2024-05-13 22:24:02,-56.49559,18.291077,-71.59874,290.19977,864.80804,-0.019984014,1831.4654998920787,,S_1741
2024-05-13 22:24:03,-56.448326,18.287186,-71.54978,290.10184,864.80804,-0.018286899,1721.3403824774168,,S_1741
2024-05-13 22:24:04,-56.401024,18.283295,-71.500824,290.01093,864.80994,-0.018260276,1611.2165298455448,,S_1741
2024-05-13 22:24:05,-56.35368,18.279419,-71.451866,289.92,864.80994,-0.017402865,1494.5580712972423,,S_1741
2024-05-13 22:24:06,-56.3063,18.275558,-71.39591,289.82907,864.80994,-0.01737419,1378.685345672685,,S_1741
2024-05-13 22:24:07,-56.25888,18.271698,-71.33996,289.73816,864.80994,-0.01531114,1287.7117475502728,,S_1741
2024-05-13 22:24:08,-56.211422,18.267838,-71.291,289.64725,864.80994,-0.01528611,1196.1745557480335,,S_1741
2024-05-13 22:24:09,-56.163925,18.263992,-71.24204,289.5563,864.80994,-0.017997896,1087.3173020719714,,S_1741
2024-05-13 22:24:10,-56.11639,18.260162,-71.193085,289.4654,864.80994,-0.017971283,978.5430861596979,,S_1741
2024-05-13 22:24:11,-56.068813,18.256332,-71.14413,289.37445,864.81177,-0.014184548,884.1864690003767,,S_1741
2024-05-13 22:24:12,-56.0212,18.252518,-71.08817,289.28354,864.81177,-0.014158213,800.2364586901167,,S_1741
2024-05-13 22:24:13,-55.97355,18.248703,-71.039215,289.19263,864.80804,-0.005224578,769.6537341270887,,S_1741
2024-05-13 22:24:14,-55.925854,18.244904,-70.98326,289.10867,864.8044,-0.0052047013,739.1507994924414,,S_1741
2024-05-13 22:24:15,-55.878124,18.241104,-70.92731,289.01776,864.8155,-0.008359167,693.1568891912284,,S_1741
2024-05-13 22:24:16,-55.830357,18.23732,-70.87835,288.93384,864.8303,-0.00833984,645.4330286655495,,S_1741
2024-05-13 22:24:17,-55.782547,18.233536,-70.82939,288.84293,864.78766,-0.010055949,579.9512457938781,,S_1741
2024-05-13 22:24:18,-55.7347,18.229767,-70.77344,288.75198,864.68024,-0.010033493,516.4238594800972,,S_1741
2024-05-13 22:24:19,-55.686813,18.226013,-70.71748,288.66806,864.6025,-0.006709062,480.5698108149336,,S_1741
2024-05-13 22:24:20,-55.63889,18.22226,-70.668526,288.58414,864.60065,-0.0066900332,444.158569595209,,S_1741
2024-05-13 22:24:21,-55.590923,18.218506,-70.61957,288.5002,864.6192,-0.004795253,415.7555017610812,,S_1741
2024-05-13 22:24:22,-55.542923,18.214767,-70.563614,288.40927,864.62286,-0.0047760117,392.07418683658216,,S_1741
2024-05-13 22:24:23,-55.49488,18.211044,-70.514656,288.32535,864.6173,-0.0063189697,357.91896722856654,,S_1741
2024-05-13 22:24:24,-55.4468,18.207321,-70.4657,288.24142,864.61365,-0.0063003576,324.65023726756954,,S_1741
2024-05-13 22:24:25,-55.39868,18.203613,-70.41674,288.1645,864.6154,-0.005333116,292.9047015937231,,S_1741
2024-05-13 22:24:26,-55.35052,18.199905,-70.36079,288.08057,864.6154,-0.0053131897,262.01528270598465,,S_1741
2024-05-13 22:24:27,-55.302326,18.196213,-70.30483,287.9966,864.6154,-0.0033484146,247.15838396813342,,S_1741
2024-05-13 22:24:28,-55.25409,18.19252,-70.255875,287.9127,864.6154,-0.0033314289,231.74289595216942,,S_1741
2024-05-13 22:24:29,-55.205814,18.188843,-70.20692,287.82877,864.6154,-0.0022236514,222.04692593416257,,S_1741
2024-05-13 22:24:30,-55.1575,18.18518,-70.15096,287.75183,864.6173,-0.002205975,212.77168457184234,,S_1741
2024-05-13 22:24:31,-55.109146,18.181503,-70.09501,287.6679,864.6154,0.000262036,220.7043754520073,,S_1741
2024-05-13 22:24:32,-55.060753,18.177856,-70.04605,287.58398,864.60986,0.0002759186,228.2291493654393,,S_1741
2024-05-13 22:24:33,-55.012325,18.17421,-69.9901,287.50705,864.60803,0.00029581395,236.28858680692974,,S_1741
2024-05-13 22:24:34,-54.963856,18.170578,-69.94114,287.4231,864.621,0.00019577118,243.12371287841597,,S_1741
2024-05-13 22:24:35,-54.915348,18.166946,-69.89218,287.34616,864.6377,9.572842e-05,249.2617453828334,,S_1741
2024-05-13 22:24:36,-54.8668,18.163315,-69.84322,287.26224,864.59326,-4.314349e-06,254.84917909126125,,S_1741
2024-05-13 22:24:37,-54.818214,18.159714,-69.78727,287.1853,864.48584,-0.00010435712,260.3090974801162,,S_1741
2024-05-13 22:24:38,-54.76959,18.156097,-69.731316,287.10837,864.4081,-0.00020439988,265.0757533073647,,S_1741
2024-05-13 22:24:39,-54.720924,18.152512,-69.67536,287.03143,864.4062,-0.00030444266,269.1484787446734,,S_1741
2024-05-13 22:24:40,-54.672222,18.148926,-69.61941,286.9545,864.4247,-0.0004044854,272.75284963616286,,S_1741
2024-05-13 22:24:41,-54.623478,18.14534,-69.57045,286.87057,864.4247,-0.0005045282,275.22024821663217,,S_1741
2024-05-13 22:24:42,-54.5747,18.14177,-69.52149,286.79364,864.4191,-0.00060457096,276.9740454262519,,S_1741
2024-05-13 22:24:43,-54.52588,18.138199,-69.472534,286.7167,864.4191,-0.00070461375,277.6117140709521,,S_1741
2024-05-13 22:24:44,-54.47702,18.134644,-69.41658,286.63977,864.421,-0.0008046565,278.2048173777657,,S_1741
2024-05-13 22:24:45,-54.428123,18.131104,-69.36063,286.56284,864.421,-0.00090469926,278.2046018235487,,S_1741
2024-05-13 22:24:46,-54.37919,18.127563,-69.30467,286.4929,864.421,-0.001004742,278.01035195686745,,S_1741
2024-05-13 22:24:47,-54.33021,18.124039,-69.255714,286.41595,864.421,-0.0011047848,276.6195814356797,,S_1741
2024-05-13 22:24:48,-54.2812,18.120514,-69.20676,286.33902,864.421,-0.0012048276,273.76422929692853,,S_1741
2024-05-13 22:24:49,-54.232147,18.11699,-69.1508,286.2621,864.42285,-0.0013048704,270.86086947275,,S_1741
2024-05-13 22:24:50,-54.183056,18.113495,-69.09485,286.18515,864.421,-0.0014049131,268.4120536460523,,S_1741
2024-05-13 22:24:51,-54.133923,18.11,-69.04589,286.1152,864.41547,-0.0015049558,263.5456983553122,,S_1741
2024-05-13 22:24:52,-54.084755,18.106506,-68.98994,286.04526,864.4136,-0.0016049986,259.5586886654801,,S_1741
2024-05-13 22:24:53,-54.035545,18.103027,-68.94098,285.96832,864.4266,-0.0017050414,253.1934473703568,,S_1741
2024-05-13 22:24:54,-53.986298,18.099548,-68.885025,285.8914,864.44135,-0.0016886018,247.79191309103953,,S_1741
2024-05-13 22:24:55,-53.93701,18.096085,-68.82907,285.82144,864.39874,-0.002141328,239.199620726351,,S_1741
2024-05-13 22:24:56,-53.887688,18.092636,-68.773125,285.75153,864.2914,-0.0021264993,230.69769924546017,,S_1741
2024-05-13 22:24:57,-53.838326,18.089188,-68.71717,285.68158,864.21173,-0.0018459314,225.15902716671735,,S_1741
2024-05-13 22:24:58,-53.78892,18.08574,-68.66821,285.60464,864.21173,-0.0018313423,219.13580748321874,,S_1741
2024-05-13 22:24:59,-53.73948,18.082306,-68.61925,285.5277,864.2302,-0.0014568866,214.80864950641262,,S_1741
2024-05-13 22:25:00,-53.69,18.078888,-68.5633,285.46475,864.2302,-0.0014410544,210.89979917888377,,S_1741
2024-05-13 22:25:01,-53.639576,18.075516,-68.50735,285.3948,864.2247,-0.0013508528,208.45097863425326,,S_1741
2024-05-13 22:25:02,-53.58915,18.072159,-68.45839,285.31787,864.2247,-0.0013365931,204.76697234244057,,S_1741
2024-05-13 22:25:03,-53.53871,18.068802,-68.402435,285.24792,864.22656,-0.0013269577,202.64187655053865,,S_1741
2024-05-13 22:25:04,-53.488266,18.06546,-68.35348,285.178,864.22656,-0.0013127499,199.02671821677723,,S_1741
2024-05-13 22:25:05,-53.437813,18.062119,-68.29752,285.10806,864.22656,-0.0017255953,193.21924119192226,,S_1741
2024-05-13 22:25:06,-53.38735,18.058792,-68.24157,285.03812,864.22656,-0.001711445,188.92250632844662,,S_1741
2024-05-13 22:25:07,-53.336876,18.05545,-68.19261,284.97516,864.22656,-0.0017032211,183.71068660752826,,S_1741
2024-05-13 22:25:08,-53.2864,18.05214,-68.143654,284.9052,864.22284,-0.0016888932,177.48628610389278,,S_1741
2024-05-13 22:25:09,-53.235912,18.048828,-68.0877,284.8353,864.2247,-0.0016669192,172.05796723969615,,S_1741
2024-05-13 22:25:10,-53.185413,18.045517,-68.031746,284.76535,864.2376,-0.0016511051,166.73256369311457,,S_1741
2024-05-13 22:25:11,-53.13491,18.042221,-67.97579,284.6954,864.23395,-0.0016432002,162.8202671752133,,S_1741
2024-05-13 22:25:12,-53.0844,18.038925,-67.926834,284.63245,864.171,-0.00162896,156.8995399369851,,S_1741
2024-05-13 22:25:13,-53.03388,18.03563,-67.87088,284.5625,864.08026,-0.0016070992,152.05335566472968,,S_1741
2024-05-13 22:25:14,-52.98335,18.032349,-67.814926,284.49957,864.02094,-0.001593144,148.12911296531092,,S_1741
2024-05-13 22:25:15,-52.93281,18.029083,-67.76597,284.42963,864.02094,-0.0015850879,142.57664303102683,,S_1741
2024-05-13 22:25:16,-52.882263,18.025818,-67.710014,284.35968,864.03394,-0.0015694272,137.96934762003548,,S_1741
2024-05-13 22:25:17,-52.83171,18.022552,-67.65406,284.29672,864.03394,-0.001547674,133.23260117979225,,S_1741
2024-05-13 22:25:18,-52.781147,18.019302,-67.59811,284.2268,864.0303,-0.0015320618,128.86892432553577,,S_1741
2024-05-13 22:25:19,-52.730576,18.016052,-67.54216,284.16385,864.0303,-0.001590545,124.01796138776444,,S_1741
2024-05-13 22:25:20,-52.679996,18.012802,-67.486206,284.1009,864.03204,-0.0015750242,120.38495184395288,,S_1741
2024-05-13 22:25:21,-52.62941,18.009567,-67.43725,284.03796,864.03204,-0.0015549475,115.11438066205483,,S_1741
2024-05-13 22:25:22,-52.578815,18.006348,-67.381294,283.975,864.03204,-0.0015412322,110.39093669041176,,S_1741
2024-05-13 22:25:23,-52.52821,18.003128,-67.32534,283.90506,864.03204,-0.001531876,107.08609826341853,,S_1741
2024-05-13 22:25:24,-52.477596,17.999908,-67.27638,283.84213,864.03204,-0.0015179601,102.05159072748575,,S_1741
2024-05-13 22:25:25,-52.42698,17.996704,-67.22043,283.77917,864.03204,-0.0014982356,98.85746916458993,,S_1741
2024-05-13 22:25:26,-52.376347,17.9935,-67.17147,283.71622,864.03204,-0.0014843687,95.09242038795855,,S_1741
2024-05-13 22:25:27,-52.32571,17.99031,-67.12251,283.6533,864.0284,-0.0014765976,90.32474509608801,,S_1741
2024-05-13 22:25:28,-52.275066,17.987122,-67.06656,283.59033,864.0303,-0.0014612742,86.12052680696615,,S_1741
2024-05-13 22:25:29,-52.22441,17.983932,-67.010605,283.5204,864.0432,-0.0015130487,81.82745663855167,,S_1741
2024-05-13 22:25:30,-52.173748,17.980759,-66.95465,283.45746,864.0395,-0.0014978212,77.7259572917319,,S_1741
2024-05-13 22:25:31,-52.123077,17.9776,-66.8987,283.4015,863.9765,-0.0014886796,74.47435726277035,,S_1741
2024-05-13 22:25:32,-52.0724,17.974426,-66.84974,283.33853,863.88574,-0.0014767383,69.68055066423949,,S_1741
2024-05-13 22:25:33,-52.02171,17.971283,-66.793785,283.2756,863.8265,-0.0018379741,64.35971771383811,,S_1741
2024-05-13 22:25:34,-51.971016,17.968124,-66.74483,283.21265,863.8265,-0.0018240421,57.40122890958628,,S_1741
2024-05-13 22:25:35,-51.92031,17.964996,-66.68887,283.1567,863.8395,-0.0018164379,50.838436559064576,,S_1741
2024-05-13 22:25:36,-51.8696,17.961853,-66.63292,283.09375,863.8395,-0.0018010628,44.45717085441902,,S_1741
2024-05-13 22:25:37,-51.81888,17.958725,-66.57697,283.0308,863.83575,-0.0013983971,40.82188890817088,,S_1741
2024-05-13 22:25:38,-51.768147,17.955612,-66.52102,282.96786,863.83575,-0.0013833625,37.451720315903,,S_1741
2024-05-13 22:25:39,-51.71741,17.952484,-66.465065,282.9119,863.83765,-0.0013761432,33.87789351105312,,S_1741
2024-05-13 22:25:40,-51.666664,17.949387,-66.40911,282.84897,863.8395,-0.0013611625,31.62391571725675,,S_1741
2024-05-13 22:25:41,-51.61591,17.946274,-66.36015,282.793,863.83575,-0.0013416569,27.625745263459976,,S_1741
2024-05-13 22:25:42,-51.565147,17.943192,-66.3042,282.73004,863.8302,-0.0013284704,25.37670580652957,,S_1741
2024-05-13 22:25:43,-51.514378,17.940094,-66.25524,282.6671,863.8339,-0.0013210585,21.75351176383083,,S_1741
2024-05-13 22:25:44,-51.463596,17.937012,-66.19929,282.61115,863.8543,-0.0013061757,18.796263157957583,,S_1741
2024-05-13 22:25:45,-51.41281,17.933945,-66.14333,282.5552,863.84686,-0.0012870468,15.962261404170931,,S_1741
2024-05-13 22:25:46,-51.362015,17.930878,-66.08738,282.49924,863.76355,-0.0012722192,13.065039647621234,,S_1741
2024-05-13 22:25:47,-51.31121,17.92781,-66.031425,282.4363,863.658,-0.0012651604,10.450168867217144,,S_1741
2024-05-13 22:25:48,-51.2604,17.924759,-65.97548,282.38034,863.6209,-0.0012503798,7.691843153288573,,S_1741
2024-05-13 22:25:49,-51.209576,17.921707,-65.919525,282.3174,863.63763,-0.0012296214,6.185586218431126,,S_1741
2024-05-13 22:25:50,-51.15875,17.91867,-65.87057,282.26144,863.6487,-0.001218098,3.146549985394813,,S_1741
2024-05-13 22:25:51,-51.10791,17.915634,-65.81461,282.2055,863.6432,-0.0012093814,0.8094698638287809,,S_1741
2024-05-13 22:25:52,-51.057064,17.912598,-65.75866,282.14954,863.63947,-0.001194708,-0.5786023365781148,,S_1741
2024-05-13 22:25:53,-51.00621,17.909576,-65.7097,282.0936,863.6413,-0.0011772601,-3.3555542076537677,,S_1741
2024-05-13 22:25:54,-50.95535,17.90657,-65.65375,282.03763,863.6432,-0.001162634,-5.539402365893693,,S_1741
2024-05-13 22:25:55,-50.904476,17.90355,-65.59779,281.9747,863.6432,-0.0011540104,-7.441115584306317,,S_1741
2024-05-13 22:25:56,-50.8536,17.900558,-65.54184,281.91873,863.6432,-0.0011411648,-9.338471954699344,,S_1741
2024-05-13 22:25:57,-50.80271,17.897552,-65.485886,281.8628,863.6432,-0.0011206425,-10.303427960010595,,S_1741
2024-05-13 22:25:58,-50.751816,17.894562,-65.43693,281.80682,863.6413,-0.0011092966,-12.641293419803333,,S_1741
2024-05-13 22:25:59,-50.70091,17.891586,-65.380974,281.7509,863.63763,-0.0011007602,-14.279234983992865,,S_1741
2024-05-13 22:26:00,-50.649998,17.88861,-65.32502,281.69492,863.64685,-0.0010862836,-15.821834252246845,,S_1741
2024-05-13 22:26:01,-50.598423,17.885681,-65.26907,281.63898,863.658,-0.0010676106,-17.244953721907223,,S_1741
2024-05-13 22:26:02,-50.54686,17.882751,-65.21312,281.583,863.6265,-0.0010531876,-17.682007743002032,,S_1741
2024-05-13 22:26:03,-50.49531,17.879822,-65.16416,281.53406,863.5413,-0.001047915,-19.703633468585394,,S_1741
2024-05-13 22:26:04,-50.443775,17.876907,-65.10821,281.47812,863.45795,-0.0010335444,-20.90796968410723,,S_1741
2024-05-13 22:26:05,-50.392254,17.873993,-65.05225,281.42215,863.432,-0.0010132594,-21.257712517646723,,S_1741
2024-05-13 22:26:06,-50.340748,17.871078,-65.003296,281.3662,863.445,-0.0010021022,-22.903515326390334,,S_1741
2024-05-13 22:26:07,-50.289253,17.86818,-64.94734,281.31024,863.4524,-0.0009937444,-23.728270791234536,,S_1741
2024-05-13 22:26:08,-50.237774,17.86528,-64.89139,281.2613,863.44867,-0.0009811947,-24.671455655890895,,S_1741
2024-05-13 22:26:09,-50.18631,17.862396,-64.835434,281.20535,863.4469,-0.00096103305,-25.405198548165572,,S_1741
2024-05-13 22:26:10,-50.134857,17.859512,-64.77948,281.14938,863.4469,-0.00094682106,-25.928841067563553,,S_1741
2024-05-13 22:26:11,-50.08342,17.856628,-64.723526,281.10043,863.4469,-0.0009402756,-26.60662022964425,,S_1741
2024-05-13 22:26:12,-50.031998,17.85376,-64.66758,281.04446,863.4469,-0.00092611153,-27.000459622788185,,S_1741
2024-05-13 22:26:13,-49.980587,17.850891,-64.611626,280.9955,863.44867,-0.0009077855,-27.46600888289686,,S_1741
2024-05-13 22:26:14,-49.92919,17.848022,-64.55567,280.93958,863.44867,-0.00089367724,-27.651195833323072,,S_1741
2024-05-13 22:26:15,-49.87781,17.84517,-64.49972,280.8906,863.4469,-0.00088721194,-27.98474235187132,,S_1741
2024-05-13 22:26:16,-49.826443,17.842316,-64.44376,280.83466,863.4413,-0.0008731591,-28.04005892668647,,S_1741
2024-05-13 22:26:17,-49.77509,17.839462,-64.38781,280.7857,863.4524,-0.0008532302,-28.15148641828091,,S_1741
2024-05-13 22:26:18,-49.723747,17.836624,-64.331856,280.72974,863.4672,-0.0008409462,-27.391007403715776,,S_1741
2024-05-13 22:26:19,-49.67242,17.833786,-64.2829,280.6808,863.4265,-0.0008342626,-28.02522095412678,,S_1741
2024-05-13 22:26:20,-49.62111,17.830963,-64.226944,280.62482,863.3191,-0.0008220234,-27.752815815094436,,S_1741
2024-05-13 22:26:21,-49.56981,17.82814,-64.171,280.57587,863.23755,-0.0008022125,-27.429532330235816,,S_1741
2024-05-13 22:26:22,-49.518524,17.825317,-64.11504,280.52692,863.22644,-0.00079002854,-26.457160114123326,,S_1741
2024-05-13 22:26:23,-49.467255,17.822495,-64.066086,280.47797,863.24866,-0.00078342494,-26.759867841938103,,S_1741
2024-05-13 22:26:24,-49.415997,17.819687,-64.01013,280.422,863.25793,-0.0007695714,-26.151863523133215,,S_1741
2024-05-13 22:26:25,-49.364754,17.816895,-63.954178,280.37305,863.2543,-0.0007515941,-25.503720135639014,,S_1741
2024-05-13 22:26:26,-49.313526,17.814087,-63.898224,280.32407,863.25055,-0.00073778874,-24.342111381805807,,S_1741
2024-05-13 22:26:27,-49.26231,17.811295,-63.849266,280.26813,863.2524,-0.0007329867,-24.14319567356688,,S_1741
2024-05-13 22:26:28,-49.21111,17.808517,-63.793312,280.21918,863.2543,-0.0007192358,-23.288811134068965,,S_1741
2024-05-13 22:26:29,-49.15992,17.805725,-63.73736,280.1702,863.2543,-0.0007013744,-22.31738286980726,,S_1741
2024-05-13 22:26:30,-49.10875,17.802948,-63.681408,280.12125,863.24866,-0.0006876723,-21.258659594970595,,S_1741
2024-05-13 22:26:31,-49.057587,17.800186,-63.625454,280.0723,863.25055,-0.0010448935,-22.594495134097087,,S_1741
2024-05-13 22:26:32,-49.006443,17.797424,-63.5695,280.02335,863.27094,-0.0010326521,-23.85297116138463,,S_1741
2024-05-13 22:26:33,-48.95531,17.794662,-63.513546,279.97437,863.2802,-0.0010128906,-24.981846866974593,,S_1741
2024-05-13 22:26:34,-48.904194,17.7919,-63.457596,279.9254,863.23016,-0.0010007037,-26.03423066360847,,S_1741
2024-05-13 22:26:35,-48.85309,17.789154,-63.40164,279.87646,863.12085,-0.00069711066,-25.056222590006655,,S_1741
2024-05-13 22:26:36,-48.802,17.786423,-63.345688,279.82748,863.0449,-0.0006852909,-24.001768606196492,,S_1741
2024-05-13 22:26:37,-48.750923,17.783676,-63.289734,279.77853,863.04315,-0.0006659634,-22.821246287487156,,S_1741
2024-05-13 22:26:38,-48.69986,17.780945,-63.233784,279.72958,863.06165,-0.00065420434,-21.56595547384495,,S_1741
2024-05-13 22:26:39,-48.64881,17.778214,-63.17783,279.68063,863.06165,-0.0006465673,-19.798465013993336,,S_1741
2024-05-13 22:26:40,-48.597775,17.775497,-63.128872,279.63165,863.0579,-0.0006362172,-18.991257787778522,,S_1741
2024-05-13 22:26:41,-48.546757,17.772781,-63.072918,279.5897,863.0561,-0.0006902353,-17.56580447071974,,S_1741
2024-05-13 22:26:42,-48.495747,17.77008,-63.02396,279.54074,863.0579,-0.0006799448,-17.632476773178496,,S_1741
2024-05-13 22:26:43,-48.444756,17.767365,-62.961014,279.4918,863.0579,-0.0006710419,-15.8680435952283,,S_1741
2024-05-13 22:26:44,-48.393776,17.764664,-62.90506,279.4428,863.0579,-0.0006594339,-15.14901063477555,,S_1741
2024-05-13 22:26:45,-48.34281,17.761978,-62.842113,279.39386,863.05975,-0.0006390026,-12.71888129546096,,S_1741
2024-05-13 22:26:46,-48.29186,17.759293,-62.79315,279.3449,863.05975,-0.0006288076,-11.880592261437414,,S_1741
2024-05-13 22:26:47,-48.24092,17.756607,-62.7372,279.30295,863.05426,-0.0006213567,-10.509448636765228,,S_1741
2024-05-13 22:26:48,-48.19,17.753922,-62.681248,279.25397,863.0561,-0.0006098491,-8.990186149900182,,S_1741
2024-05-13 22:26:49,-48.139088,17.751251,-62.625294,279.20502,863.07086,-0.00059089623,-7.2727048080087116,,S_1741
2024-05-13 22:26:50,-48.088192,17.748596,-62.569344,279.16306,863.0653,-0.00057943736,-5.2147327085695,,S_1741
2024-05-13 22:26:51,-48.03731,17.745926,-62.520382,279.1141,863.0043,-0.00093230675,-6.512997154932236,,S_1741
2024-05-13 22:26:52,-47.986443,17.74327,-62.46443,279.06516,862.9116,-0.00091889116,-6.300364605658615,,S_1741
2024-05-13 22:26:53,-47.93559,17.740631,-62.41547,279.02316,862.8542,-0.001237166,-9.572535383116701,,S_1741
2024-05-13 22:26:54,-47.884747,17.737976,-62.35952,278.9812,862.85236,-0.0012252111,-12.290239322641355,,S_1741
2024-05-13 22:26:55,-47.833923,17.735336,-62.303566,278.93225,862.8672,-0.0012173308,-15.631620463449508,,S_1741
2024-05-13 22:26:56,-47.783108,17.732712,-62.24062,278.8903,862.8672,-0.0012040824,-18.455376715130114,,S_1741
2024-05-13 22:26:57,-47.73231,17.730087,-62.177673,278.84134,862.86346,-0.0011834227,-19.180215101159774,,S_1741
2024-05-13 22:26:58,-47.681526,17.727463,-62.12871,278.79938,862.86163,-0.0011729134,-22.047731147706145,,S_1741
2024-05-13 22:26:59,-47.630756,17.724838,-62.07276,278.7574,862.86346,-0.00116512,-24.38307061253363,,S_1741
2024-05-13 22:27:00,-47.579998,17.722229,-62.016808,278.70844,862.8653,-0.0011533132,-26.571425163712775,,S_1741
2024-05-13 22:27:01,-47.529747,17.71965,-61.960854,278.6595,862.86163,-0.0011341017,-27.65862935236146,,S_1741
2024-05-13 22:27:02,-47.479492,17.717072,-61.911896,278.61752,862.8561,-0.0011236754,-30.215164634235407,,S_1741
2024-05-13 22:27:03,-47.429234,17.714493,-61.85594,278.57556,862.85974,-0.0011159664,-31.440894248051336,,S_1741
2024-05-13 22:27:04,-47.378975,17.71193,-61.806984,278.52658,862.8801,-0.001105568,-33.812919610280005,,S_1741
2024-05-13 22:27:05,-47.328712,17.709366,-61.75103,278.48462,862.8746,-0.0010864803,-36.301729391716435,,S_1741
2024-05-13 22:27:06,-47.278446,17.706802,-61.688084,278.44266,862.79126,-0.0010734972,-38.06464016422251,,S_1741
2024-05-13 22:27:07,-47.22818,17.704239,-61.625137,278.4007,862.68384,-0.0010645513,-39.12227339453966,,S_1741
2024-05-13 22:27:08,-47.17791,17.70169,-61.569183,278.35175,862.6486,-0.0010529392,-39.7607051289433,,S_1741
2024-05-13 22:27:09,-47.127636,17.699142,-61.520226,278.30978,862.6653,-0.0010352903,-41.757620385111295,,S_1741
2024-05-13 22:27:10,-47.07736,17.69661,-61.46427,278.26782,862.67456,-0.0010237313,-43.186689485186434,,S_1741
2024-05-13 22:27:11,-47.02708,17.694077,-61.408318,278.21884,862.6709,-0.0010161917,-44.359380266765584,,S_1741
2024-05-13 22:27:12,-46.9768,17.691544,-61.352367,278.17688,862.6671,-0.0010046798,-45.53124622725045,,S_1741
2024-05-13 22:27:13,-46.926514,17.68901,-61.296413,278.13492,862.6671,-0.0009858359,-47.30899844749911,,S_1741
2024-05-13 22:27:14,-46.876225,17.686493,-61.233467,278.09296,862.669,-0.00097307353,-46.93859823152161,,S_1741
2024-05-13 22:27:15,-46.825935,17.683975,-61.18451,278.051,862.6709,-0.0009686108,-48.515105684433365,,S_1741
2024-05-13 22:27:16,-46.775642,17.681458,-61.128555,278.00903,862.6671,-0.0009555162,-49.37581572937961,,S_1741
2024-05-13 22:27:17,-46.725346,17.678955,-61.0726,277.96707,862.6653,-0.0009384767,-50.127257702513816,,S_1741
2024-05-13 22:27:18,-46.67505,17.676453,-61.016647,277.9251,862.67267,-0.0009254378,-50.7955709383059,,S_1741
2024-05-13 22:27:19,-46.624744,17.67395,-60.960697,277.88315,862.68384,-0.0009197547,-51.55934298473585,,S_1741
2024-05-13 22:27:20,-46.574444,17.671463,-60.904743,277.83417,862.6523,-0.0009067637,-52.04183690320133,,S_1741
2024-05-13 22:27:21,-46.524136,17.668976,-60.84879,277.7922,862.569,-0.00088984217,-52.37802292095148,,S_1741
2024-05-13 22:27:22,-46.473824,17.666489,-60.792835,277.75723,862.4857,-0.00087690813,-52.808648554520914,,S_1741
2024-05-13 22:27:23,-46.42351,17.664001,-60.736885,277.71527,862.4598,-0.0008713094,-53.137091640277504,,S_1741
2024-05-13 22:27:24,-46.3732,17.66153,-60.68093,277.6733,862.4708,-0.0008601025,-53.39444751484916,,S_1741
2024-05-13 22:27:25,-46.32288,17.659058,-60.624977,277.63135,862.4783,-0.00084161316,-53.532340490482966,,S_1741
2024-05-13 22:27:26,-46.27256,17.6566,-60.569027,277.5894,862.47455,-0.0008304678,-52.998597831805455,,S_1741
2024-05-13 22:27:27,-46.222237,17.654129,-60.520065,277.54742,862.4727,-0.000824557,-53.65976604849311,,S_1741
2024-05-13 22:27:28,-46.17191,17.651672,-60.464115,277.50546,862.47455,-0.0008134495,-53.621905049432826,,S_1741
2024-05-13 22:27:29,-46.12158,17.649231,-60.40816,277.4635,862.4764,-0.00079508615,-53.46575439895787,,S_1741
2024-05-13 22:27:30,-46.071247,17.646774,-60.352207,277.4215,862.47455,-0.0007840332,-53.14096193111618,,S_1741
2024-05-13 22:27:31,-46.020912,17.644333,-60.296253,277.38657,862.469,-0.0007769265,-52.93966086085129,,S_1741
2024-05-13 22:27:32,-45.970573,17.641891,-60.240303,277.34457,862.4671,-0.00076592097,-52.600030067624175,,S_1741
2024-05-13 22:27:33,-45.920235,17.639465,-60.18435,277.3026,862.4801,-0.0006759484,-51.66514999064202,,S_1741
2024-05-13 22:27:34,-45.869892,17.63704,-60.128395,277.26065,862.49493,-0.00066332635,-50.565842510184666,,S_1741
2024-05-13 22:27:35,-45.819546,17.634613,-60.072445,277.22568,862.45233,-0.00065798283,-49.58672143775584,,S_1741
2024-05-13 22:27:36,-45.7692,17.632202,-60.01649,277.18372,862.3449,-0.0006454087,-48.37722576984015,,S_1741
2024-05-13 22:27:37,-45.718845,17.629776,-59.960537,277.14874,862.26526,-0.000628963,-46.75635954000609,,S_1741
2024-05-13 22:27:38,-45.66849,17.62738,-59.91158,277.10678,862.26526,-0.0006177056,-46.53159431392851,,S_1741
2024-05-13 22:27:39,-45.618134,17.62497,-59.848633,277.06482,862.2838,-0.00061118713,-44.55988708456789,,S_1741
2024-05-13 22:27:40,-45.567776,17.622574,-59.79268,277.02286,862.2838,-0.00060038833,-43.5175752223131,,S_1741
2024-05-13 22:27:41,-45.517414,17.620178,-59.729733,276.98788,862.27826,-0.00058113574,-41.00076828660531,,S_1741
2024-05-13 22:27:42,-45.46705,17.617783,-59.680775,276.94592,862.2801,-0.0005716406,-39.95471615826864,,S_1741
2024-05-13 22:27:43,-45.41668,17.615402,-59.62482,276.91095,862.2801,-0.00056480535,-38.38137551947875,,S_1741
2024-05-13 22:27:44,-45.36631,17.613022,-59.568867,276.869,862.27637,-0.0005541076,-37.014546594084095,,S_1741
2024-05-13 22:27:45,-45.315933,17.610641,-59.50592,276.834,862.27637,-0.00053665275,-34.635355194013755,,S_1741
2024-05-13 22:27:46,-45.26556,17.608276,-59.449966,276.79205,862.29675,-0.000524345,-32.666944615602915,,S_1741
2024-05-13 22:27:47,-45.21518,17.605896,-59.394012,276.75708,862.2912,-0.0005192586,-30.428713338971647,,S_1741
2024-05-13 22:27:48,-45.1648,17.603546,-59.345055,276.71512,862.206,-0.00050823996,-28.985538110753623,,S_1741
2024-05-13 22:27:49,-45.114414,17.601181,-59.289104,276.68015,862.10046,-0.0004921507,-26.94767353233874,,S_1741
2024-05-13 22:27:50,-45.064026,17.598831,-59.23315,276.63818,862.06335,-0.0004816104,-24.712140005882247,,S_1741
2024-05-13 22:27:51,-45.013634,17.596481,-59.177197,276.6032,862.0801,-0.00047494203,-22.56547303386469,,S_1741
2024-05-13 22:27:52,-44.96324,17.594131,-59.121243,276.56125,862.0931,-0.0004644486,-20.285779869764156,,S_1741
2024-05-13 22:27:53,-44.912846,17.591797,-59.065292,276.5193,862.0893,-0.00044680844,-17.832333720069073,,S_1741
2024-05-13 22:27:54,-44.862446,17.589462,-59.00934,276.4843,862.08374,-0.00043637655,-15.437828165444444,,S_1741
2024-05-13 22:27:55,-44.812046,17.587143,-58.953384,276.44235,862.08374,-0.00036139853,-12.430897331889355,,S_1741
2024-05-13 22:27:56,-44.761642,17.584808,-58.89743,276.40738,862.08563,-0.00035101458,-9.424461254928246,,S_1741
2024-05-13 22:27:57,-44.711235,17.582489,-58.84148,276.3724,862.0875,-0.00033517118,-6.3631008142856444,,S_1741
2024-05-13 22:27:58,-44.660824,17.580185,-58.785526,276.33044,862.08374,-0.0003231811,-3.355781701999149,,S_1741
2024-05-13 22:27:59,-44.610413,17.577866,-58.72258,276.29547,862.0801,-0.00065462955,-1.8169926038426638,,S_1741
2024-05-13 22:28:00,-44.559998,17.575562,-58.666626,276.2535,862.0912,-0.0006423673,-0.6680857979081338,,S_1741
2024-05-13 22:28:01,-44.50958,17.573303,-58.610672,276.21854,862.1116,-0.00094074424,-0.8517294499633863,,S_1741
2024-05-13 22:28:02,-44.45916,17.57106,-58.561714,276.18356,862.09674,-0.00093112665,-2.2888304106509167,,S_1741
2024-05-13 22:28:03,-44.408733,17.568817,-58.50576,276.1486,862.0097,-0.0009241177,-3.7504948526348016,,S_1741
2024-05-13 22:28:04,-44.35831,17.566574,-58.442814,276.11362,861.906,-0.00091211864,-3.9554594234323304,,S_1741
2024-05-13 22:28:05,-44.30788,17.564331,-58.386864,276.07166,861.8708,-0.0008959073,-4.4874409435469715,,S_1741
2024-05-13 22:28:06,-44.257446,17.562103,-58.33091,276.03668,861.88745,-0.0008835193,-5.129076232196894,,S_1741
2024-05-13 22:28:07,-44.207012,17.559875,-58.274956,275.99472,861.8949,-0.0008782542,-5.552272519258622,,S_1741
2024-05-13 22:28:08,-44.156574,17.557632,-58.219,275.95975,861.8912,-0.0008659145,-5.325937479638014,,S_1741
2024-05-13 22:28:09,-44.106136,17.555405,-58.170044,275.92477,861.8893,-0.0008510245,-6.260565165170192,,S_1741
2024-05-13 22:28:10,-44.05569,17.553192,-58.11409,275.8898,861.8912,-0.0008403858,-7.134690767048596,,S_1741
2024-05-13 22:28:11,-44.005245,17.550964,-58.051144,275.85483,861.8856,-0.00083235826,-6.716428505809745,,S_1741
2024-05-13 22:28:12,-43.9548,17.548752,-57.99519,275.8199,861.8837,-0.0008217747,-6.850800924923533,,S_1741
2024-05-13 22:28:13,-43.904346,17.54654,-57.93924,275.7849,861.8967,-0.0008058017,-6.4211361401012255,,S_1741
2024-05-13 22:28:14,-43.853893,17.544327,-57.89028,275.74295,861.91156,-0.00079481327,-7.530320584197398,,S_1741
2024-05-13 22:28:15,-43.803436,17.542114,-57.82733,275.70798,861.86896,-0.0007830342,-6.8031621323771105,,S_1741
2024-05-13 22:28:16,-43.752975,17.539902,-57.77138,275.673,861.7597,-0.00077125506,-7.193553432613044,,S_1741
2024-05-13 22:28:17,-43.702515,17.537704,-57.70843,275.63803,861.6819,-0.000759476,-6.319574793058564,,S_1741
2024-05-13 22:28:18,-43.65205,17.535507,-57.65248,275.60306,861.68005,-0.0007476969,-5.440844068119986,,S_1741
2024-05-13 22:28:19,-43.60158,17.53331,-57.60352,275.56808,861.70044,-0.00073591777,-5.651364090050265,,S_1741
2024-05-13 22:28:20,-43.55111,17.531113,-57.54757,275.5331,861.7023,-0.0007241387,-5.172596773501937,,S_1741
2024-05-13 22:28:21,-43.500637,17.52893,-57.491615,275.49814,861.693,-0.00071235956,-4.619519238498469,,S_1741
2024-05-13 22:28:22,-43.45016,17.526733,-57.43566,275.46317,861.6838,-0.0007005805,-13.21009315784977,,S_1741
2024-05-13 22:28:25,-43.298714,17.520187,-57.267803,275.35825,861.6911,-0.0006888014,-2.0541512655672705,,S_1741
2024-05-13 22:28:26,-43.248226,17.51802,-57.21185,275.3233,861.7153,-0.00067702227,-1.2859197808957106,,S_1741
2024-05-13 22:28:27,-43.197735,17.515839,-57.1559,275.28833,861.7078,-0.0006652432,-0.9373989064115449,,S_1741
2024-05-13 22:28:28,-43.147243,17.513672,-57.092953,275.25336,861.6226,-0.0006534641,0.5919730357181834,,S_1741
2024-05-13 22:28:29,-43.09675,17.511505,-57.037,275.21838,861.5171,-0.000641685,1.5819641845482693,,S_1741
2024-05-13 22:28:30,-43.04625,17.509338,-56.981045,275.1834,861.48,-0.0006299059,2.6461251747241477,,S_1741
2024-05-13 22:28:31,-42.995747,17.507187,-56.92509,275.14844,861.4967,-0.00061812677,3.7847092933261592,,S_1741
2024-05-13 22:28:32,-42.945244,17.50502,-56.86914,275.11346,861.5078,-0.0006063477,4.996851256553782,,S_1741
2024-05-13 22:28:33,-42.894737,17.502869,-56.813187,275.0785,861.50415,-0.0005945686,6.358383716733442,,S_1741
2024-05-13 22:28:34,-42.844227,17.500717,-56.757233,275.0505,861.50037,-0.0005827895,7.6579355265857885,,S_1741
2024-05-13 22:28:35,-42.793713,17.498566,-56.70128,275.01553,861.50037,-0.0005710104,9.093633893427977,,S_1741
2024-05-13 22:28:36,-42.7432,17.49643,-56.64533,274.9806,861.50037,-0.000559396,10.601283631254773,,S_1741
2024-05-13 22:28:37,-42.69268,17.494278,-56.589375,274.94562,861.4967,-0.00047138924,12.686262040091606,,S_1741
2024-05-13 22:28:38,-42.64216,17.492142,-56.53342,274.91064,861.5059,-0.00045984652,14.503520267726344,,S_1741
2024-05-13 22:28:39,-42.591637,17.490005,-56.470474,274.87567,861.5171,-0.0004541236,17.363850639574594,,S_1741
2024-05-13 22:28:40,-42.54111,17.48787,-56.41452,274.8477,861.48553,-0.00044426837,19.556891661693953,,S_1741
2024-05-13 22:28:41,-42.49058,17.485733,-56.35857,274.8127,861.4004,-0.00042750867,22.229426577989216,,S_1741
2024-05-13 22:28:42,-42.44005,17.483612,-56.30961,274.77774,861.3171,-0.00041884813,24.08940283085758,,S_1741
2024-05-13 22:28:43,-42.389515,17.481491,-56.25366,274.7498,861.29114,-0.0006701286,24.286413918363905,,S_1741
2024-05-13 22:28:44,-42.338978,17.47937,-56.190712,274.7148,861.3041,-0.000657293,25.729863075979665,,S_1741
2024-05-13 22:28:45,-42.288437,17.47725,-56.134758,274.67984,861.3115,-0.00094339834,24.795551549859738,,S_1741
2024-05-13 22:28:46,-42.237892,17.475128,-56.078804,274.65186,861.3078,-0.0009331029,23.742433169747528,,S_1741
2024-05-13 22:28:47,-42.187347,17.473022,-56.02285,274.61688,861.3059,-0.00092646334,22.789723579069687,,S_1741
2024-05-13 22:28:48,-42.1368,17.470917,-55.9669,274.5819,861.3059,-0.0009162151,21.90013640304278,,S_1741
2024-05-13 22:28:49,-42.086246,17.468811,-55.910946,274.54694,861.3078,-0.00090073585,20.550025020655085,,S_1741
2024-05-13 22:28:50,-42.035694,17.466705,-55.848,274.51895,861.3078,-0.00088778575,20.38862082681044,,S_1741
2024-05-13 22:28:51,-41.985138,17.4646,-55.792046,274.484,861.30225,-0.00088286534,20.351304596730188,,S_1741
2024-05-13 22:28:52,-41.934578,17.46251,-55.743088,274.44904,861.2985,-0.00087384135,19.2360516214776,,S_1741
2024-05-13 22:28:53,-41.884014,17.460403,-55.687134,274.42105,861.3133,-0.0008568504,18.02782139219562,,S_1741
2024-05-13 22:28:54,-41.83345,17.458313,-55.624187,274.38608,861.3282,-0.0008456416,18.187610871942525,,S_1741
2024-05-13 22:28:55,-41.78288,17.456223,-55.568233,274.3511,861.2837,-0.0008408052,17.882314406861042,,S_1741
2024-05-13 22:28:56,-41.73231,17.454147,-55.51228,274.32312,861.17633,-0.00082913076,17.591062472853082,,S_1741
2024-05-13 22:28:57,-41.681736,17.452057,-55.45633,274.29517,861.0985,-0.0008138926,17.87664252382092,,S_1741
2024-05-13 22:28:58,-41.63116,17.449982,-55.407368,274.2602,861.0967,-0.00080500665,16.485665538930334,,S_1741
2024-05-13 22:28:59,-41.58058,17.447906,-55.34442,274.22522,861.1152,-0.00079752214,17.051798752427203,,S_1741
2024-05-13 22:29:00,-41.53,17.445831,-55.28847,274.19724,861.117,-0.00078758015,16.32689830513482,,S_1741
2024-05-13 22:29:01,-41.479004,17.443802,-55.22552,274.16226,861.1096,-0.0007713495,17.629376602651973,,S_1741
2024-05-13 22:29:02,-41.42802,17.441772,-55.176563,274.13428,861.1022,-0.0007625718,17.041252707686,,S_1741
2024-05-13 22:29:03,-41.37705,17.439743,-55.12061,274.09933,861.1077,-0.000756275,17.256249085241507,,S_1741
2024-05-13 22:29:04,-41.326088,17.437714,-55.06466,274.07135,861.13,-0.00074643304,16.81998128594205,,S_1741
2024-05-13 22:29:05,-41.27514,17.435684,-55.00171,274.03638,861.12256,-0.0007287113,17.809598939968055,,S_1741
2024-05-13 22:29:06,-41.224197,17.43367,-54.94576,274.0084,861.03925,-0.0007189262,18.09859139211403,,S_1741
2024-05-13 22:29:07,-41.17327,17.43164,-54.889805,273.97342,860.9318,-0.00071434065,18.991574152345493,,S_1741
2024-05-13 22:29:08,-41.122353,17.429626,-54.840847,273.93845,860.8966,-0.00070407,18.926091954597723,,S_1741
2024-05-13 22:29:09,-41.07145,17.427612,-54.784893,273.9105,860.9133,-0.00068918837,18.980112683148036,,S_1741
2024-05-13 22:29:10,-41.020554,17.425583,-54.721947,273.8825,860.92255,-0.0006784166,20.219378038435025,,S_1741
2024-05-13 22:29:11,-40.96967,17.423569,-54.665993,273.85452,860.9189,-0.0009885896,17.975782326160697,,S_1741
2024-05-13 22:29:12,-40.9188,17.421555,-54.603046,273.81955,860.917,-0.00097592105,17.334640528732052,,S_1741
2024-05-13 22:29:13,-40.86794,17.419556,-54.547092,273.79156,860.9189,-0.00096085196,15.99606464714816,,S_1741
2024-05-13 22:29:14,-40.81709,17.417542,-54.491142,273.75662,860.91516,-0.0009509517,14.90866926383751,,S_1741
2024-05-13 22:29:15,-40.766247,17.415527,-54.43519,273.72864,860.91144,-0.00094459567,13.802753508733076,,S_1741
2024-05-13 22:29:16,-40.71542,17.413528,-54.379234,273.70065,860.92255,-0.0009347355,13.303125272503166,,S_1741
2024-05-13 22:29:17,-40.664604,17.411514,-54.330276,273.66568,860.9374,-0.0009208594,10.993310872852817,,S_1741
2024-05-13 22:29:18,-40.6138,17.409515,-54.26733,273.6307,860.8966,-0.00090836687,10.767045130569386,,S_1741
2024-05-13 22:29:19,-40.563004,17.407516,-54.211376,273.60272,860.78925,-0.00090371363,9.234837156818685,,S_1741
2024-05-13 22:29:20,-40.512222,17.405518,-54.14843,273.57477,860.7059,-0.0008928934,9.044418976956877,,S_1741
2024-05-13 22:29:21,-40.46145,17.403519,-54.092476,273.54678,860.69666,-0.00087805674,8.349219838110002,,S_1741
2024-05-13 22:29:22,-40.410686,17.40152,-54.036522,273.5188,860.7189,-0.0008667437,7.599559262051116,,S_1741
2024-05-13 22:29:23,-40.359936,17.399536,-53.98057,273.48383,860.72815,-0.00086217356,7.056621773632287,,S_1741
2024-05-13 22:29:24,-40.309196,17.397537,-53.924618,273.45587,860.7244,-0.0008525228,6.5166256312422774,,S_1741
2024-05-13 22:29:25,-40.258472,17.395538,-53.868664,273.4279,860.72253,-0.001125725,4.850931332444816,,S_1741
2024-05-13 22:29:26,-40.207752,17.393555,-53.819706,273.3929,860.72253,-0.0011168972,1.208940458836878,,S_1741
2024-05-13 22:29:27,-40.157047,17.391571,-53.75676,273.36493,860.7189,-0.0011110562,-1.2572806332937034,,S_1741
2024-05-13 22:29:28,-40.106354,17.389587,-53.693813,273.33698,860.7207,-0.0010985412,-2.975198457175793,,S_1741
2024-05-13 22:29:29,-40.05567,17.387604,-53.63786,273.302,860.7337,-0.0010836478,-4.979330568210571,,S_1741
2024-05-13 22:29:30,-40.004997,17.38562,-53.581905,273.27402,860.7299,-0.0010738573,0.0,,S_1741
