datetime,mlat,mlt,glat,glon,alt,Ex,pot,cpcp_kV,pass_id
2024-05-10 21:52:13,40.04921,15.557709,29.948795,265.4266,852.13855,-0.001997162,-12.678462475281192,157.0,N_506
2024-05-10 21:52:14,40.106014,15.556488,30.004747,265.41263,852.19965,-0.0019931537,-27.142766532678355,157.0,N_506
2024-05-10 21:52:15,40.16281,15.555267,30.060701,265.39865,852.3107,-0.001989112,-41.582055161531926,157.0,N_506
2024-05-10 21:52:16,40.219597,15.554047,30.116653,265.38464,852.3719,-0.0019850412,-57.81568313038827,157.0,N_506
2024-05-10 21:52:17,40.27638,15.552811,30.179602,265.36368,852.3645,-0.0019800982,-72.4555545489516,157.0,N_506
2024-05-10 21:52:18,40.33315,15.551575,30.235554,265.34967,852.34595,-0.0019759587,-87.15682501339398,157.0,N_506
2024-05-10 21:52:19,40.38991,15.550339,30.291508,265.3287,852.34784,-0.0019684322,-101.50712336606651,157.0,N_506
2024-05-10 21:52:20,40.446667,15.549103,30.34746,265.31473,852.3534,-0.0019642294,-117.2786566939727,157.0,N_506
2024-05-10 21:52:21,40.50341,15.547867,30.410406,265.30072,852.3534,-0.0023456968,-136.34388546239296,157.0,N_506
2024-05-10 21:52:22,40.56015,15.546616,30.473354,265.27975,852.3534,-0.0027285346,-155.73447689822692,157.0,N_506
2024-05-10 21:52:23,40.61688,15.54538,30.529306,265.26575,852.35706,-0.002725221,-172.78358139328796,157.0,N_506
2024-05-10 21:52:24,40.6736,15.544128,30.578266,265.25177,852.3534,-0.0027227262,-194.15670448485892,157.0,N_506
2024-05-10 21:52:25,40.730312,15.542877,30.641212,265.23077,852.33856,-0.0027184917,-215.54702424455695,157.0,N_506
2024-05-10 21:52:26,40.787014,15.541611,30.704159,265.2168,852.3515,-0.0027142165,-234.79900075459457,157.0,N_506
2024-05-10 21:52:27,40.84371,15.5403595,30.760113,265.20282,852.4256,-0.0027107664,-254.28730625257765,157.0,N_506
2024-05-10 21:52:28,40.9004,15.539093,30.816065,265.18182,852.5163,-0.0027039412,-273.30376923829107,157.0,N_506
2024-05-10 21:52:29,40.957077,15.537827,30.872019,265.16785,852.5608,-0.0027004255,-292.2533685105386,157.0,N_506
2024-05-10 21:52:30,41.01375,15.53656,30.92797,265.15384,852.55524,-0.002696873,-311.6466047523961,157.0,N_506
2024-05-10 21:52:31,41.07041,15.535294,30.983925,265.13287,852.5441,-0.0026932915,-332.6424726675888,157.0,N_506
2024-05-10 21:52:32,41.127064,15.534027,31.046871,265.11887,852.546,-0.0026887974,-353.7742548713286,157.0,N_506
2024-05-10 21:52:33,41.183712,15.532745,31.109818,265.1049,852.5478,-0.002684267,-373.2997026351459,157.0,N_506
2024-05-10 21:52:34,41.24035,15.531464,31.165771,265.0839,852.546,-0.0026805766,-392.1650983164329,157.0,N_506
2024-05-10 21:52:35,41.296978,15.530182,31.221724,265.06992,852.5497,-0.0026768516,-410.961776403066,157.0,N_506
2024-05-10 21:52:36,41.3536,15.5289,31.277678,265.05594,852.5515,-0.0028043548,-431.051858664577,157.0,N_506
2024-05-10 21:52:37,41.41021,15.527618,31.33363,265.03494,852.5367,-0.0029288202,-451.4920748000841,157.0,N_506
2024-05-10 21:52:38,41.466816,15.526321,31.389584,265.02097,852.5201,-0.0033208502,-476.9000486722248,157.0,N_506
2024-05-10 21:52:39,41.52341,15.525024,31.45253,265.00696,852.546,-0.0034490454,-500.80966502631526,157.0,N_506
2024-05-10 21:52:40,41.579998,15.523743,31.508482,264.99298,852.646,-0.0034461294,-527.6345210896837,157.0,N_506
2024-05-10 21:52:41,41.636578,15.52243,31.57143,264.97202,852.7423,-0.003442277,-554.1640834409118,157.0,N_506
2024-05-10 21:52:42,41.69315,15.521133,31.634377,264.958,852.7608,-0.003438385,-578.5927990699021,157.0,N_506
2024-05-10 21:52:43,41.74971,15.519836,31.69033,264.93704,852.7423,-0.0034353556,-602.8325935684684,157.0,N_506
2024-05-10 21:52:44,41.806267,15.518524,31.746283,264.91605,852.73676,-0.0034322934,-626.463750370324,157.0,N_506
2024-05-10 21:52:45,41.862812,15.517212,31.802235,264.90207,852.7423,-0.003427846,-650.0236017679681,157.0,N_506
2024-05-10 21:52:46,41.91935,15.5159,31.858189,264.88806,852.7423,-0.003418681,-676.6425421692436,157.0,N_506
2024-05-10 21:52:47,41.97588,15.514587,31.921135,264.8671,852.7423,-0.0034118507,-700.3599565760874,157.0,N_506
2024-05-10 21:52:48,42.0324,15.513275,31.977089,264.8531,852.7478,-0.0034113568,-723.8120105134989,157.0,N_506
2024-05-10 21:52:49,42.088913,15.511948,32.033043,264.8391,852.7478,-0.0034053398,-749.8144579868776,157.0,N_506
2024-05-10 21:52:50,42.145416,15.51062,32.09599,264.82513,852.7312,-0.003402493,-776.5291858515478,157.0,N_506
2024-05-10 21:52:51,42.201912,15.509293,32.158936,264.80414,852.7219,-0.0033968356,-800.1473645113241,157.0,N_506
2024-05-10 21:52:52,42.2584,15.507965,32.21489,264.79016,852.783,-0.0033920547,-820.9106193478505,157.0,N_506
2024-05-10 21:52:53,42.314877,15.506638,32.263847,264.77615,852.8941,-0.0037918016,-850.0146221235982,157.0,N_506
2024-05-10 21:52:54,42.37135,15.505295,32.326794,264.7552,852.95526,-0.0041917004,-882.4962167213058,157.0,N_506
2024-05-10 21:52:55,42.42781,15.503952,32.38974,264.7342,852.9479,-0.004184929,-911.1118974352651,157.0,N_506
2024-05-10 21:52:56,42.484264,15.5026245,32.445694,264.7202,852.9312,-0.004182356,-937.0842525614337,157.0,N_506
2024-05-10 21:52:57,42.54071,15.5012665,32.49465,264.69922,852.9349,-0.0041806907,-968.4220815594085,157.0,N_506
2024-05-10 21:52:58,42.59715,15.499924,32.5576,264.68524,852.93677,-0.0041771038,-1000.1198560718237,157.0,N_506
2024-05-10 21:52:59,42.65358,15.498581,32.62055,264.67126,852.93677,-0.0041734776,-1028.6163537303116,157.0,N_506
2024-05-10 21:53:00,42.71,15.497223,32.6765,264.65726,852.93677,-0.004170758,-1057.5764323700646,157.0,N_506
2024-05-10 21:53:01,42.766083,15.49588,32.732452,264.6363,852.9423,-0.004438879,-1087.5870675138478,157.0,N_506
2024-05-10 21:53:02,42.82217,15.494537,32.788406,264.62228,852.93677,-0.0048438497,-1124.5257732589362,157.0,N_506
2024-05-10 21:53:03,42.87826,15.493179,32.851353,264.60132,852.9183,-0.0049736593,-1158.1421471270455,157.0,N_506
2024-05-10 21:53:04,42.934353,15.491837,32.907307,264.5873,852.93677,-0.0049717645,-1192.3080641405752,157.0,N_506
2024-05-10 21:53:05,42.99045,15.4904785,32.963257,264.56635,853.0312,-0.0049698306,-1225.6811279729593,157.0,N_506
2024-05-10 21:53:06,43.04655,15.4891205,33.01921,264.55237,853.13116,-0.004967857,-1259.8243301303091,157.0,N_506
2024-05-10 21:53:07,43.10265,15.487762,33.075165,264.53137,853.159,-0.0049658474,-1293.1712045003956,157.0,N_506
2024-05-10 21:53:08,43.158756,15.486389,33.13112,264.5174,853.14233,-0.0049637994,-1330.9746188892163,157.0,N_506
2024-05-10 21:53:09,43.214863,15.485031,33.194065,264.4964,853.1256,-0.0052342727,-1366.2348980827323,157.0,N_506
2024-05-10 21:53:10,43.27097,15.483658,33.250015,264.48242,853.1294,-0.005643834,-1408.1336101841193,157.0,N_506
2024-05-10 21:53:11,43.327084,15.482285,33.312965,264.4684,853.13306,-0.00577886,-1452.0527581564152,157.0,N_506
2024-05-10 21:53:12,43.383198,15.480896,33.37591,264.44745,853.13116,-0.0057733404,-1490.734557106257,157.0,N_506
2024-05-10 21:53:13,43.439316,15.479523,33.431866,264.43344,853.13306,-0.0057720393,-1529.1423654196774,157.0,N_506
2024-05-10 21:53:14,43.495438,15.478134,33.487816,264.41946,853.13495,-0.005770699,-1568.4901021449805,157.0,N_506
2024-05-10 21:53:15,43.55156,15.476746,33.54377,264.3985,853.12384,-0.0057693203,-1611.319570655758,157.0,N_506
2024-05-10 21:53:16,43.60769,15.475357,33.606716,264.3845,853.1182,-0.006042775,-1652.6478910825122,157.0,N_506
2024-05-10 21:53:17,43.66382,15.473953,33.66267,264.36353,853.16266,-0.006318069,-1694.5655159602406,157.0,N_506
2024-05-10 21:53:18,43.719948,15.472565,33.718624,264.34952,853.2516,-0.0065942174,-1744.167535841305,157.0,N_506
2024-05-10 21:53:19,43.776085,15.471161,33.78157,264.32855,853.3257,-0.0065893475,-1788.0182578755966,157.0,N_506
2024-05-10 21:53:20,43.832222,15.469757,33.837524,264.31454,853.3405,-0.0065887095,-1836.6161007780554,157.0,N_506
2024-05-10 21:53:21,43.88836,15.468338,33.90047,264.30057,853.3257,-0.006587017,-1881.4756820512966,157.0,N_506
2024-05-10 21:53:22,43.944504,15.466934,33.95642,264.27957,853.32196,-0.006586294,-1926.1554722473368,157.0,N_506
2024-05-10 21:53:23,44.00065,15.465515,34.012375,264.2586,853.3257,-0.0067246105,-1970.6457144096248,157.0,N_506
2024-05-10 21:53:24,44.056797,15.464096,34.06833,264.2446,853.33124,-0.007281366,-2025.2150277211035,157.0,N_506
2024-05-10 21:53:25,44.11295,15.462677,34.131275,264.22363,853.3257,-0.007419902,-2074.32219310329,157.0,N_506
2024-05-10 21:53:26,44.169106,15.461243,34.18723,264.20966,853.31085,-0.007419943,-2123.17060534167,157.0,N_506
2024-05-10 21:53:27,44.22526,15.459824,34.24318,264.19565,853.3257,-0.007419943,-2167.752143590408,157.0,N_506
2024-05-10 21:53:28,44.28142,15.458389,34.29214,264.17468,853.3998,-0.007557578,-2223.058095351496,157.0,N_506
2024-05-10 21:53:29,44.33758,15.456955,34.355087,264.16068,853.48865,-0.008257527,-2278.7556809200846,157.0,N_506
2024-05-10 21:53:30,44.39375,15.455521,34.41104,264.1397,853.5349,-0.008258328,-2340.4403271327838,157.0,N_506
2024-05-10 21:53:31,44.449917,15.454071,34.473988,264.1187,853.5276,-0.008258056,-2401.142935008769,157.0,N_506
2024-05-10 21:53:32,44.50609,15.452637,34.536934,264.10474,853.5164,-0.008960915,-2461.4101919805235,157.0,N_506
2024-05-10 21:53:33,44.56226,15.451187,34.592888,264.08374,853.51825,-0.0091032395,-2520.961933100157,157.0,N_506
2024-05-10 21:53:34,44.61844,15.449738,34.648838,264.06976,853.52014,-0.00952767,-2583.1617063680355,157.0,N_506
2024-05-10 21:53:35,44.674618,15.448273,34.704792,264.0558,853.52014,-0.009953104,-2649.6538647346038,157.0,N_506
2024-05-10 21:53:36,44.730797,15.446823,34.760746,264.0348,853.5238,-0.009952235,-2723.5935000745826,157.0,N_506
2024-05-10 21:53:37,44.786983,15.445358,34.823692,264.0138,853.5257,-0.01037785,-2799.3414089120292,157.0,N_506
2024-05-10 21:53:38,44.84317,15.443893,34.88664,263.99982,853.51086,-0.010804422,-2871.5600340461956,157.0,N_506
2024-05-10 21:53:39,44.89936,15.442429,34.942593,263.97885,853.4924,-0.010807577,-2941.916566841128,157.0,N_506
2024-05-10 21:53:40,44.955555,15.4409485,34.998547,263.96484,853.52014,-0.010952587,-3014.8718414454947,157.0,N_506
2024-05-10 21:53:41,45.01175,15.439484,35.054497,263.94388,853.6183,-0.01180831,-3091.5687092638136,157.0,N_506
2024-05-10 21:53:42,45.067947,15.438004,35.11045,263.92987,853.71454,-0.012806292,-3174.538257365927,157.0,N_506
2024-05-10 21:53:43,45.12415,15.436523,35.166405,263.9159,853.7349,-0.0135147665,-3274.2101621743022,157.0,N_506
2024-05-10 21:53:44,45.180355,15.435028,35.22935,263.8949,853.71454,-0.01408782,-3376.288904016388,157.0,N_506
2024-05-10 21:53:45,45.23656,15.433548,35.292297,263.88092,853.709,-0.014661997,-3473.547533257929,157.0,N_506
2024-05-10 21:53:46,45.29277,15.432053,35.34825,263.85992,853.71454,-0.015097287,-3584.69866341548,157.0,N_506
2024-05-10 21:53:47,45.348984,15.430557,35.411198,263.83896,853.7239,-0.015103467,-3682.4843038370072,157.0,N_506
2024-05-10 21:53:48,45.405197,15.429062,35.46715,263.82495,853.722,-0.015826283,-3775.386367295594,157.0,N_506
2024-05-10 21:53:49,45.461414,15.427567,35.51611,263.804,853.7035,-0.016694723,-3882.815168853103,157.0,N_506
2024-05-10 21:53:50,45.517635,15.426056,35.572063,263.79,853.69604,-0.017563654,-4011.770203945301,157.0,N_506
2024-05-10 21:53:51,45.57386,15.424545,35.63501,263.769,853.7572,-0.018142868,-4128.799961448387,157.0,N_506
2024-05-10 21:53:52,45.63009,15.423035,35.690964,263.75504,853.86646,-0.018583743,-4265.128417247199,157.0,N_506
2024-05-10 21:53:53,45.686317,15.421524,35.75391,263.73404,853.92944,-0.018593187,-4370.901885466049,157.0,N_506
2024-05-10 21:53:54,45.742546,15.419998,35.802868,263.72006,853.92017,-0.018892508,-4509.240086428489,157.0,N_506
2024-05-10 21:53:55,45.798782,15.418488,35.865814,263.69907,853.90533,-0.01947635,-4634.709677726354,157.0,N_506
2024-05-10 21:53:56,45.85502,15.416962,35.92177,263.6851,853.90717,-0.019628117,-4778.574604489666,157.0,N_506
2024-05-10 21:53:57,45.91126,15.415436,35.984715,263.6641,853.9109,-0.02020975,-4911.813474763365,157.0,N_506
2024-05-10 21:53:58,45.967503,15.413895,36.04067,263.64313,853.90906,-0.020507174,-5043.603408613284,157.0,N_506
2024-05-10 21:53:59,46.02375,15.412369,36.096622,263.62912,853.90906,-0.021530528,-5201.202451961465,157.0,N_506
2024-05-10 21:54:00,46.079998,15.410828,36.15957,263.60815,853.9146,-0.022120865,-5346.839961768161,157.0,N_506
2024-05-10 21:54:01,46.136658,15.409317,36.215523,263.58716,853.9109,-0.022134582,-5488.912114232393,157.0,N_506
2024-05-10 21:54:02,46.19331,15.407806,36.271473,263.57318,853.8905,-0.022148235,-5631.032402804429,157.0,N_506
2024-05-10 21:54:03,46.249947,15.4062805,36.327427,263.5592,853.90906,-0.022161817,-5793.188460639534,157.0,N_506
2024-05-10 21:54:04,46.306576,15.404755,36.390373,263.5382,854.0054,-0.022174211,-5939.141150056616,157.0,N_506
2024-05-10 21:54:05,46.363194,15.403229,36.446327,263.5172,854.1035,-0.022911023,-6086.129738451277,157.0,N_506
2024-05-10 21:54:06,46.4198,15.401688,36.50228,263.50323,854.12573,-0.023651725,-6241.367123150575,157.0,N_506
2024-05-10 21:54:07,46.47639,15.400162,36.55823,263.48227,854.10535,-0.02483039,-6419.461642158047,157.0,N_506
2024-05-10 21:54:08,46.532974,15.398621,36.62118,263.46826,854.0961,-0.025711615,-6607.459207711742,157.0,N_506
2024-05-10 21:54:09,46.58955,15.397064,36.684128,263.4473,854.0998,-0.026012255,-6778.2601311791195,157.0,N_506
2024-05-10 21:54:10,46.64611,15.395523,36.740078,263.4263,854.1091,-0.02937587,-6966.1842992919655,157.0,N_506
2024-05-10 21:54:11,46.70266,15.393967,36.796032,263.41232,854.11096,-0.03172005,-7173.74445890494,157.0,N_506
2024-05-10 21:54:12,46.759197,15.39241,36.851986,263.39133,854.09424,-0.031303037,-7397.73844914045,157.0,N_506
2024-05-10 21:54:13,46.815727,15.390839,36.914932,263.37735,854.085,-0.031032942,-7601.0330052193385,157.0,N_506
2024-05-10 21:54:14,46.872242,15.389282,36.970886,263.35635,854.1461,-0.032352954,-7812.683209987711,157.0,N_506
2024-05-10 21:54:15,46.92875,15.387711,37.02684,263.3354,854.2554,-0.03412026,-8035.795208374842,157.0,N_506
2024-05-10 21:54:16,46.985245,15.386124,37.08279,263.3144,854.3183,-0.0351615,-8287.15720759303,157.0,N_506
2024-05-10 21:54:17,47.041725,15.384552,37.145737,263.3004,854.3109,-0.035474382,-8513.868038178862,157.0,N_506
2024-05-10 21:54:18,47.098198,15.382965,37.20169,263.2864,854.2924,-0.0352005,-8743.890437188875,157.0,N_506
2024-05-10 21:54:19,47.15466,15.381378,37.257645,263.26544,854.2906,-0.035075072,-8973.158887113575,157.0,N_506
2024-05-10 21:54:20,47.21111,15.379776,37.3136,263.24445,854.2998,-0.036411025,-9238.247538734491,157.0,N_506
2024-05-10 21:54:21,47.267548,15.378189,37.376545,263.22348,854.30536,-0.035997905,-9495.757027434094,157.0,N_506
2024-05-10 21:54:22,47.323975,15.376587,37.43949,263.20947,854.2998,-0.03471433,-9717.612466480106,157.0,N_506
2024-05-10 21:54:23,47.380394,15.3749695,37.495445,263.1955,854.2794,-0.035036158,-9920.615691961506,157.0,N_506
2024-05-10 21:54:24,47.4368,15.373367,37.544403,263.1745,854.2979,-0.034770038,-10173.584100782326,157.0,N_506
2024-05-10 21:54:25,47.493195,15.37175,37.60735,263.15353,854.3942,-0.035673,-10433.520090132137,157.0,N_506
2024-05-10 21:54:26,47.549576,15.370132,37.670296,263.13254,854.49243,-0.037743226,-10674.581725963271,157.0,N_506
2024-05-10 21:54:27,47.60595,15.3685,37.72625,263.11856,854.52203,-0.03820748,-10924.006273585299,157.0,N_506
2024-05-10 21:54:28,47.66231,15.366882,37.782204,263.09756,854.5054,-0.036479544,-11156.827610572365,157.0,N_506
2024-05-10 21:54:29,47.71866,15.36525,37.838154,263.0836,854.4888,-0.035190806,-11386.649552868865,157.0,N_506
2024-05-10 21:54:30,47.774998,15.363617,37.894108,263.06262,854.49054,-0.03403572,-11609.045467308024,157.0,N_506
2024-05-10 21:54:31,47.831326,15.361969,37.95006,263.04163,854.498,-0.03317221,-11850.629400591142,157.0,N_506
2024-05-10 21:54:32,47.88764,15.360321,38.01301,263.02063,854.4998,-0.03407744,-12073.458568752392,157.0,N_506
2024-05-10 21:54:33,47.94395,15.358673,38.068962,262.99966,854.4832,-0.034256224,-12292.19428119339,157.0,N_506
2024-05-10 21:54:34,48.000244,15.357025,38.124916,262.9857,854.47577,-0.034579173,-12518.004235331937,157.0,N_506
2024-05-10 21:54:35,48.056526,15.355362,38.180866,262.9647,854.5332,-0.034610786,-12765.390639746502,157.0,N_506
2024-05-10 21:54:36,48.1128,15.353699,38.243813,262.9507,854.6443,-0.03419155,-12988.891860813925,157.0,N_506
2024-05-10 21:54:37,48.16906,15.3520355,38.299767,262.92972,854.71094,-0.03436271,-13208.283942302833,157.0,N_506
2024-05-10 21:54:38,48.22531,15.350357,38.35572,262.91574,854.71094,-0.034839068,-13435.741911288564,157.0,N_506
2024-05-10 21:54:39,48.281548,15.348679,38.411674,262.89474,854.6887,-0.034271568,-13685.163681135984,157.0,N_506
2024-05-10 21:54:40,48.337776,15.347,38.47462,262.87378,854.68134,-0.034438547,-13936.01683332935,157.0,N_506
2024-05-10 21:54:41,48.393993,15.345322,38.537567,262.85278,854.6887,-0.035203755,-14166.054992224605,157.0,N_506
2024-05-10 21:54:42,48.4502,15.343628,38.59352,262.8318,854.69434,-0.034033548,-14357.467214212893,157.0,N_506
2024-05-10 21:54:43,48.506393,15.341934,38.64248,262.8178,854.6887,-0.03286754,-14596.447877881717,157.0,N_506
2024-05-10 21:54:44,48.562576,15.3402405,38.705425,262.79684,854.6684,-0.031393178,-14825.261169621248,157.0,N_506
2024-05-10 21:54:45,48.618748,15.338547,38.76837,262.77585,854.6887,-0.030212231,-15018.557653433303,157.0,N_506
2024-05-10 21:54:46,48.67491,15.336838,38.824326,262.76187,854.7832,-0.028872417,-15185.88525501195,157.0,N_506
2024-05-10 21:54:47,48.73106,15.335129,38.873283,262.74088,854.8832,-0.028288115,-15366.56818651881,157.0,N_506
2024-05-10 21:54:48,48.787197,15.333405,38.929237,262.7269,854.91284,-0.027850887,-15569.503796458961,157.0,N_506
2024-05-10 21:54:49,48.843327,15.331696,38.992184,262.7059,854.8943,-0.027714249,-15750.93960998234,157.0,N_506
2024-05-10 21:54:50,48.899445,15.329971,39.048138,262.68494,854.8776,-0.029694261,-15967.213057776953,157.0,N_506
2024-05-10 21:54:51,48.955547,15.328247,39.111084,262.66394,854.8795,-0.033480886,-16185.948927203131,157.0,N_506
2024-05-10 21:54:52,49.011642,15.326508,39.167038,262.64297,854.8869,-0.030780653,-16382.617039699786,157.0,N_506
2024-05-10 21:54:53,49.067726,15.324768,39.222992,262.62897,854.88873,-0.028518435,-16568.947830863683,157.0,N_506
2024-05-10 21:54:54,49.1238,15.323029,39.278942,262.608,854.8721,-0.027922394,-16772.391055502747,157.0,N_506
2024-05-10 21:54:55,49.17986,15.321289,39.34189,262.587,854.8647,-0.027630195,-16953.222217220296,157.0,N_506
2024-05-10 21:54:56,49.23591,15.319534,39.397842,262.56604,854.92395,-0.02581366,-17138.151915522776,157.0,N_506
2024-05-10 21:54:57,49.29195,15.31778,39.46079,262.55203,855.0332,-0.025370527,-17323.308768424195,157.0,N_506
2024-05-10 21:54:58,49.347977,15.316025,39.52374,262.53107,855.09985,-0.025910374,-17492.990667434104,157.0,N_506
2024-05-10 21:54:59,49.40399,15.31427,39.57969,262.51007,855.098,-0.02645022,-17665.933909584433,157.0,N_506
2024-05-10 21:55:00,49.46,15.3125,39.635643,262.4891,855.0777,-0.02602081,-17832.44562282076,157.0,N_506
2024-05-10 21:55:01,49.515995,15.310745,39.691597,262.4751,855.0777,-0.024173016,-17972.65651295095,157.0,N_506
2024-05-10 21:55:02,49.571976,15.309006,39.740555,262.45413,855.0777,-0.02464273,-18152.145056836154,157.0,N_506
2024-05-10 21:55:03,49.62795,15.307236,39.8035,262.43314,855.061,-0.026630241,-18346.37924097873,157.0,N_506
2024-05-10 21:55:04,49.68391,15.305481,39.866447,262.41217,855.0777,-0.024950985,-18506.320154080964,157.0,N_506
2024-05-10 21:55:05,49.73986,15.303711,39.9224,262.39816,855.1721,-0.02467185,-18649.345395673852,157.0,N_506
2024-05-10 21:55:06,49.7958,15.301941,39.97136,262.3772,855.2721,-0.024863768,-18811.7691328818,157.0,N_506
2024-05-10 21:55:07,49.851727,15.300156,40.027313,262.3562,855.30176,-0.025055688,-18994.412743168883,157.0,N_506
2024-05-10 21:55:08,49.907642,15.29837,40.09026,262.3352,855.28326,-0.025247606,-19159.708254469668,157.0,N_506
2024-05-10 21:55:09,49.96355,15.296585,40.146214,262.31424,855.26654,-0.025439523,-19341.937662207925,157.0,N_506
2024-05-10 21:55:10,50.019444,15.294785,40.20916,262.30026,855.26843,-0.02563144,-19509.67008893939,157.0,N_506
2024-05-10 21:55:11,50.07533,15.292999,40.265114,262.27927,855.2758,-0.02582336,-19678.465097549513,157.0,N_506
2024-05-10 21:55:12,50.1312,15.291183,40.321068,262.25827,855.2777,-0.026015278,-19848.462493451385,157.0,N_506
2024-05-10 21:55:13,50.18706,15.289383,40.377018,262.2373,855.2629,-0.026207196,-20036.124135307393,157.0,N_506
2024-05-10 21:55:14,50.24291,15.287567,40.439964,262.22333,855.2536,-0.026399115,-20228.582717661448,157.0,N_506
2024-05-10 21:55:15,50.298748,15.285751,40.502914,262.20233,855.31287,-0.026591033,-20402.503172538072,157.0,N_506
2024-05-10 21:55:16,50.354576,15.28392,40.558865,262.18134,855.4221,-0.02678295,-20597.527204969047,157.0,N_506
2024-05-10 21:55:17,50.410393,15.282089,40.621815,262.16037,855.4906,-0.026974868,-20770.202824561246,157.0,N_506
2024-05-10 21:55:18,50.466198,15.280258,40.677765,262.1464,855.4906,-0.027166788,-20947.568483800977,157.0,N_506
2024-05-10 21:55:19,50.521996,15.278412,40.73372,262.1254,855.46655,-0.027358705,-21131.302538982898,157.0,N_506
2024-05-10 21:55:20,50.577778,15.276566,40.789673,262.0974,855.461,-0.027550623,-21311.186088657418,157.0,N_506
2024-05-10 21:55:21,50.63355,15.274719,40.845623,262.07645,855.46655,-0.027742542,-21488.514605491786,157.0,N_506
2024-05-10 21:55:22,50.689312,15.272873,40.901577,262.06244,855.474,-0.02793446,-21691.737449256103,157.0,N_506
2024-05-10 21:55:23,50.74506,15.271011,40.964523,262.04147,855.46655,-0.028126378,-21875.50998297395,157.0,N_506
2024-05-10 21:55:24,50.8008,15.26915,41.020477,262.02048,855.44806,-0.028318295,-22060.279885906486,157.0,N_506
2024-05-10 21:55:25,50.856525,15.267273,41.07643,261.9995,855.46655,-0.028510215,-22242.437203738686,157.0,N_506
2024-05-10 21:55:26,50.912243,15.265396,41.13238,261.9855,855.561,-0.028702132,-22451.171234448713,157.0,N_506
2024-05-10 21:55:27,50.96795,15.263519,41.19533,261.96454,855.6611,-0.02889405,-22639.849469334036,157.0,N_506
2024-05-10 21:55:28,51.023643,15.261627,41.25128,261.94354,855.68884,-0.02908597,-22829.535733380235,157.0,N_506
2024-05-10 21:55:29,51.079327,15.259735,41.307236,261.92258,855.6703,-0.029277887,-23020.471348127117,157.0,N_506
2024-05-10 21:55:30,51.135,15.257843,41.36319,261.90158,855.6592,-0.029469805,-23212.615754196642,157.0,N_506
2024-05-10 21:55:31,51.19066,15.255951,41.419144,261.8806,855.66473,-0.029661722,-23405.997222961203,157.0,N_506
2024-05-10 21:55:32,51.24631,15.254044,41.475094,261.85962,855.6536,-0.029853642,-23623.02757595051,157.0,N_506
2024-05-10 21:55:33,51.30195,15.252121,41.53804,261.83862,855.64435,-0.03004556,-23819.069305152134,157.0,N_506
2024-05-10 21:55:34,51.35758,15.250214,41.593994,261.81766,855.7018,-0.030237477,-24016.147412633843,157.0,N_506
2024-05-10 21:55:35,51.413193,15.248291,41.64995,261.79666,855.81287,-0.030429397,-24214.433137696215,157.0,N_506
2024-05-10 21:55:36,51.4688,15.246368,41.705902,261.7757,855.87585,-0.030621314,-24433.331101963755,157.0,N_506
2024-05-10 21:55:37,51.524395,15.244431,41.76885,261.7617,855.8684,-0.030813232,-24634.228029984573,157.0,N_506
2024-05-10 21:55:38,51.57998,15.242493,41.8248,261.74072,855.8499,-0.03100515,-24836.217166812472,157.0,N_506
2024-05-10 21:55:39,51.635548,15.240555,41.880753,261.71973,855.8481,-0.03119707,-25062.84304793879,157.0,N_506
2024-05-10 21:55:40,51.69111,15.238602,41.9437,261.69876,855.8555,-0.031388987,-25267.498832281217,157.0,N_506
2024-05-10 21:55:41,51.746662,15.236664,41.999653,261.67776,855.8629,-0.03439386,-25517.13723266585,157.0,N_506
2024-05-10 21:55:42,51.8022,15.234695,42.0626,261.6568,855.85736,-0.034748573,-25743.452307598738,157.0,N_506
2024-05-10 21:55:43,51.857727,15.232742,42.118553,261.6358,855.837,-0.035103288,-25971.808107021156,157.0,N_506
2024-05-10 21:55:44,51.913242,15.230774,42.174507,261.61484,855.8555,-0.035458006,-26202.44963029674,157.0,N_506
2024-05-10 21:55:45,51.96875,15.228806,42.230457,261.59384,855.94995,-0.03581272,-26462.28031019226,157.0,N_506
2024-05-10 21:55:46,52.024242,15.226822,42.293407,261.57288,856.0499,-0.036167435,-26697.68477283958,157.0,N_506
2024-05-10 21:55:47,52.079727,15.224838,42.349358,261.55188,856.0796,-0.03652215,-26930.40550740622,157.0,N_506
2024-05-10 21:55:48,52.1352,15.222855,42.40531,261.5379,856.0629,-0.03687687,-27176.655885639982,157.0,N_506
2024-05-10 21:55:49,52.19066,15.220856,42.461266,261.50992,856.04626,-0.037231583,-27418.732724855126,157.0,N_506
2024-05-10 21:55:50,52.24611,15.218857,42.51722,261.48892,856.04626,-0.037586298,-27663.00072336884,157.0,N_506
2024-05-10 21:55:51,52.301548,15.216858,42.57317,261.46796,856.0555,-0.037941013,-27933.72463388147,157.0,N_506
2024-05-10 21:55:52,52.356976,15.214859,42.636116,261.45395,856.0574,-0.03829573,-28182.724114774654,157.0,N_506
2024-05-10 21:55:53,52.412395,15.212845,42.69207,261.43298,856.0407,-0.038650446,-28433.854259643384,157.0,N_506
2024-05-10 21:55:54,52.4678,15.210815,42.748024,261.412,856.03143,-0.03900516,-28687.232633683827,157.0,N_506
2024-05-10 21:55:55,52.523193,15.208801,42.803978,261.39102,856.0907,-0.039359875,-28972.501122852445,157.0,N_506
2024-05-10 21:55:56,52.57858,15.206772,42.866924,261.37003,856.2018,-0.03971459,-29260.499049659717,157.0,N_506
2024-05-10 21:55:57,52.63395,15.204742,42.92987,261.34906,856.2685,-0.040069308,-29520.93218136872,157.0,N_506
2024-05-10 21:55:58,52.689312,15.202698,42.985825,261.32806,856.2666,-0.040424023,-29783.383072001365,157.0,N_506
2024-05-10 21:55:59,52.74466,15.200653,43.041775,261.3071,856.2463,-0.040778738,-30025.74093610807,157.0,N_506
2024-05-10 21:56:00,52.8,15.198608,43.090736,261.2791,856.2463,-0.041133452,-30292.596320293265,157.0,N_506
2024-05-10 21:56:01,52.856064,15.196533,43.146687,261.25812,856.2463,-0.04148817,-30588.41628872623,157.0,N_506
2024-05-10 21:56:02,52.912094,15.194443,43.209637,261.24414,856.2277,-0.041842885,-30891.641101825375,157.0,N_506
2024-05-10 21:56:03,52.968086,15.192352,43.272583,261.22314,856.24445,-0.0421976,-31165.66131062807,157.0,N_506
2024-05-10 21:56:04,53.024044,15.190262,43.328533,261.20218,856.34076,-0.042083144,-31407.38185938881,157.0,N_506
2024-05-10 21:56:05,53.079964,15.188156,43.377495,261.18118,856.44073,-0.041968692,-31717.54005757856,157.0,N_506
2024-05-10 21:56:06,53.13585,15.186066,43.44044,261.15323,856.4611,-0.041854236,-32020.87954633733,157.0,N_506
2024-05-10 21:56:07,53.191696,15.18396,43.503387,261.13223,856.44073,-0.041739784,-32291.931296687588,157.0,N_506
2024-05-10 21:56:08,53.24751,15.181854,43.55934,261.11124,856.4315,-0.04162533,-32556.79580194014,157.0,N_506
2024-05-10 21:56:09,53.303288,15.179733,43.615295,261.09726,856.4352,-0.041510873,-32826.04332637695,157.0,N_506
2024-05-10 21:56:10,53.359028,15.177612,43.671246,261.0763,856.44446,-0.04139642,-33094.6252180141,157.0,N_506
2024-05-10 21:56:11,53.41473,15.175491,43.7272,261.0553,856.4463,-0.041281965,-33369.47610362748,157.0,N_506
2024-05-10 21:56:12,53.470398,15.17337,43.783154,261.0273,856.4296,-0.041167513,-33667.55929054962,157.0,N_506
2024-05-10 21:56:13,53.52603,15.171234,43.8461,261.00635,856.42035,-0.041053057,-33934.09422682067,157.0,N_506
2024-05-10 21:56:14,53.581627,15.169098,43.902054,260.98535,856.4815,-0.0409386,-34199.6224402726,157.0,N_506
2024-05-10 21:56:15,53.637188,15.166962,43.958004,260.9644,856.59265,-0.04082415,-34464.44128275995,157.0,N_506
2024-05-10 21:56:16,53.69271,15.164825,44.013958,260.9434,856.6537,-0.040709693,-34759.1354841944,157.0,N_506
2024-05-10 21:56:17,53.748196,15.162674,44.076904,260.92242,856.6444,-0.04059524,-35022.66035135062,157.0,N_506
2024-05-10 21:56:18,53.80365,15.160522,44.13286,260.90143,856.6315,-0.040480785,-35315.70429731945,157.0,N_506
2024-05-10 21:56:19,53.859062,15.158371,44.195805,260.88043,856.6371,-0.04036633,-35577.69824174391,157.0,N_506
2024-05-10 21:56:20,53.914444,15.156204,44.25176,260.85947,856.6352,-0.040251877,-35808.68304016865,157.0,N_506
2024-05-10 21:56:21,53.969788,15.154037,44.300716,260.83847,856.6167,-0.04013742,-36068.752441197175,157.0,N_506
2024-05-10 21:56:22,54.025093,15.151871,44.35667,260.8175,856.6352,-0.04002297,-36358.4530915668,157.0,N_506
2024-05-10 21:56:23,54.080364,15.149704,44.419617,260.7965,856.7315,-0.039908513,-36653.48467388376,157.0,N_506
2024-05-10 21:56:24,54.135597,15.147522,44.482563,260.76852,856.82965,-0.03979406,-36911.762644746486,157.0,N_506
2024-05-10 21:56:25,54.190796,15.14534,44.538517,260.74756,856.85,-0.039679606,-37139.40330583405,157.0,N_506
2024-05-10 21:56:26,54.24596,15.143158,44.587475,260.72656,856.82965,-0.03956515,-37395.71481644856,157.0,N_506
2024-05-10 21:56:27,54.301086,15.140976,44.64343,260.7056,856.8204,-0.039450698,-37651.5113720337,157.0,N_506
2024-05-10 21:56:28,54.356174,15.138779,44.699383,260.6846,856.8259,-0.03933624,-37936.176033668045,157.0,N_506
2024-05-10 21:56:29,54.411232,15.136581,44.76233,260.66364,856.8334,-0.03922179,-38220.23715354821,157.0,N_506
2024-05-10 21:56:30,54.466248,15.134369,44.825275,260.64264,856.8352,-0.039107334,-38480.40642193369,157.0,N_506
2024-05-10 21:56:31,54.52123,15.132172,44.88123,260.61465,856.81854,-0.038992878,-38733.19859012186,157.0,N_506
2024-05-10 21:56:32,54.576176,15.129959,44.93718,260.5937,856.8111,-0.038878426,-38985.23707287405,157.0,N_506
2024-05-10 21:56:33,54.631084,15.127747,44.993134,260.5727,856.87036,-0.03876397,-39265.723941811724,157.0,N_506
2024-05-10 21:56:34,54.68596,15.125534,45.05608,260.55173,856.9815,-0.038649518,-39516.470841778944,157.0,N_506
2024-05-10 21:56:35,54.740795,15.123306,45.112034,260.53073,857.0426,-0.038535062,-39766.23248644074,157.0,N_506
2024-05-10 21:56:36,54.795597,15.1210785,45.167988,260.50977,857.0334,-0.038420606,-40015.25151928596,157.0,N_506
2024-05-10 21:56:37,54.850365,15.118851,45.223938,260.48877,857.02045,-0.038306154,-40263.51256995032,157.0,N_506
2024-05-10 21:56:38,54.905094,15.116608,45.279892,260.4678,857.02594,-0.0381917,-40517.2194471825,157.0,N_506
2024-05-10 21:56:39,54.959785,15.11438,45.335846,260.43982,857.0241,-0.038077246,-40792.76096897399,157.0,N_506
2024-05-10 21:56:40,55.014442,15.112137,45.398792,260.41882,857.00555,-0.03796279,-41045.08539697482,157.0,N_506
2024-05-10 21:56:41,55.069065,15.109879,45.454746,260.39087,857.0241,-0.041716527,-41315.293174172984,157.0,N_506
2024-05-10 21:56:42,55.12365,15.1076355,45.5107,260.36987,857.1204,-0.040266678,-41576.10092694151,157.0,N_506
2024-05-10 21:56:43,55.178196,15.105377,45.56665,260.34888,857.21857,-0.03726622,-41845.70230997858,157.0,N_506
2024-05-10 21:56:44,55.232708,15.103119,45.629597,260.3279,857.23895,-0.033191662,-42061.20309468882,157.0,N_506
2024-05-10 21:56:45,55.287186,15.100861,45.68555,260.30692,857.21857,-0.035771832,-42293.05302470939,157.0,N_506
2024-05-10 21:56:46,55.341625,15.098587,45.741505,260.28595,857.213,-0.038352005,-42547.60593273586,157.0,N_506
2024-05-10 21:56:47,55.39603,15.096313,45.79746,260.25797,857.21857,-0.03478556,-42773.1167904399,157.0,N_506
2024-05-10 21:56:48,55.450397,15.09404,45.85341,260.237,857.2278,-0.03878059,-43024.29576181567,157.0,N_506
2024-05-10 21:56:49,55.50473,15.091751,45.909363,260.216,857.226,-0.0352939,-43279.676525766474,157.0,N_506
2024-05-10 21:56:50,55.559025,15.089478,45.97231,260.195,857.20746,-0.034787335,-43536.517381408084,157.0,N_506
2024-05-10 21:56:51,55.613285,15.087173,46.035255,260.16705,857.2001,-0.029826187,-43730.33662309188,157.0,N_506
2024-05-10 21:56:52,55.66751,15.084885,46.09121,260.14606,857.26117,-0.034303226,-43926.95222702823,157.0,N_506
2024-05-10 21:56:53,55.7217,15.082596,46.140167,260.1251,857.3704,-0.034968775,-44179.75567397145,157.0,N_506
2024-05-10 21:56:54,55.77585,15.080292,46.203117,260.1041,857.4316,-0.032482248,-44390.54024778572,157.0,N_506
2024-05-10 21:56:55,55.829964,15.077988,46.259068,260.08313,857.4223,-0.030651288,-44616.802539322016,157.0,N_506
2024-05-10 21:56:56,55.884045,15.075668,46.322014,260.05515,857.4112,-0.032182563,-44825.71084703931,157.0,N_506
2024-05-10 21:56:57,55.938087,15.073364,46.377968,260.03415,857.41486,-0.03334974,-45022.68906785247,157.0,N_506
2024-05-10 21:56:58,55.992092,15.071045,46.426926,260.0062,857.40564,-0.025072189,-45185.4592558157,157.0,N_506
2024-05-10 21:56:59,56.046062,15.06871,46.48288,259.9852,857.38715,-0.025432115,-45369.9069767998,157.0,N_506
2024-05-10 21:57:00,56.1,15.066391,46.545826,259.9642,857.413,-0.026083622,-45562.84622863084,157.0,N_506
2024-05-10 21:57:01,56.153404,15.064194,46.608776,259.93625,857.51117,-0.026941769,-45738.00940186563,157.0,N_506
2024-05-10 21:57:02,56.206795,15.061981,46.664726,259.91525,857.6075,-0.020071365,-45868.76694756927,157.0,N_506
2024-05-10 21:57:03,56.260162,15.059753,46.72068,259.8943,857.62787,-0.023538485,-46021.80363179048,157.0,N_506
2024-05-10 21:57:04,56.31351,15.057526,46.776634,259.8733,857.6075,-0.02408324,-46164.44210143508,157.0,N_506
2024-05-10 21:57:05,56.36684,15.055283,46.825592,259.8453,857.6019,-0.023403184,-46334.09410830599,157.0,N_506
2024-05-10 21:57:06,56.420147,15.05304,46.88854,259.82434,857.6075,-0.022723129,-46485.55044810238,157.0,N_506
2024-05-10 21:57:07,56.47344,15.050781,46.944492,259.79636,857.61676,-0.019667938,-46628.59483720638,157.0,N_506
2024-05-10 21:57:08,56.52671,15.048523,47.00744,259.77536,857.61487,-0.02153749,-46785.20937416065,157.0,N_506
2024-05-10 21:57:09,56.57996,15.046249,47.070385,259.7544,857.5964,-0.020374533,-46906.28843097762,157.0,N_506
2024-05-10 21:57:10,56.633194,15.043976,47.119343,259.7264,857.589,-0.018993659,-47029.89767116226,157.0,N_506
2024-05-10 21:57:11,56.686405,15.041687,47.175297,259.70544,857.6501,-0.01781118,-47148.77907188871,157.0,N_506
2024-05-10 21:57:12,56.739597,15.039383,47.23125,259.67746,857.76117,-0.0217538,-47290.31935418549,157.0,N_506
2024-05-10 21:57:13,56.792774,15.037079,47.287205,259.65646,857.8205,-0.02407173,-47464.87639134151,157.0,N_506
2024-05-10 21:57:14,56.84593,15.034775,47.35015,259.6355,857.81305,-0.019172985,-47589.99675300071,157.0,N_506
2024-05-10 21:57:15,56.899063,15.03244,47.406105,259.6145,857.8001,-0.014610966,-47687.78570713351,157.0,N_506
2024-05-10 21:57:16,56.95218,15.030121,47.462055,259.58655,857.8056,-0.013737365,-47779.88418830099,157.0,N_506
2024-05-10 21:57:17,57.005272,15.027771,47.51801,259.55856,857.79456,-0.012469297,-47861.781047703786,157.0,N_506
2024-05-10 21:57:18,57.05835,15.025421,47.573963,259.53757,857.776,-0.011201231,-47935.4799757409,157.0,N_506
2024-05-10 21:57:19,57.11141,15.023071,47.629913,259.5166,857.80194,-0.007568981,-47992.60686929772,157.0,N_506
2024-05-10 21:57:20,57.164444,15.020706,47.692863,259.48862,857.90015,-0.0058776634,-48036.83611609422,157.0,N_506
2024-05-10 21:57:21,57.21746,15.018326,47.75581,259.46762,857.99646,-0.0075810426,-48081.809334935584,157.0,N_506
2024-05-10 21:57:22,57.270462,15.015945,47.804768,259.44666,858.0168,-0.0065319696,-48126.29096772969,157.0,N_506
2024-05-10 21:57:23,57.32344,15.013565,47.86072,259.41867,857.9982,-0.0032690158,-48151.58838557388,157.0,N_506
2024-05-10 21:57:24,57.3764,15.011169,47.923668,259.3977,857.99084,0.00048487828,-48150.06094526039,157.0,N_506
2024-05-10 21:57:25,57.42934,15.008759,47.986614,259.36972,857.9982,-0.0015660885,-48162.16667772433,157.0,N_506
2024-05-10 21:57:26,57.48226,15.006332,48.04257,259.34872,858.0038,-0.0034203744,-48183.91047331632,157.0,N_506
2024-05-10 21:57:27,57.535164,15.0039215,48.091526,259.32077,857.9982,-0.0025212145,-48201.722904400536,157.0,N_506
2024-05-10 21:57:28,57.588043,15.00148,48.14748,259.29977,857.9742,0.0003710938,-48200.816810973134,157.0,N_506
2024-05-10 21:57:29,57.640907,14.999039,48.210426,259.2718,857.9742,0.00071231404,-48198.303049357484,157.0,N_506
2024-05-10 21:57:30,57.69375,14.996597,48.26638,259.25082,858.0409,-0.0008105607,-48206.024862267004,157.0,N_506
2024-05-10 21:57:31,57.746574,14.994141,48.329327,259.22284,858.15015,-0.001468909,-48217.50177515331,157.0,N_506
2024-05-10 21:57:32,57.799377,14.991669,48.38528,259.20184,858.20935,-0.0011178065,-48226.63466273028,157.0,N_506
2024-05-10 21:57:33,57.85216,14.989197,48.44123,259.1739,858.202,-0.0005964001,-48232.304069303864,157.0,N_506
2024-05-10 21:57:34,57.904926,14.98671,48.497185,259.1529,858.189,0.00094702176,-48228.590624986915,157.0,N_506
2024-05-10 21:57:35,57.957672,14.984222,48.546143,259.1249,858.19275,0.0024904436,-48212.0480825934,157.0,N_506
2024-05-10 21:57:36,58.0104,14.98172,48.609093,259.09695,858.1853,0.0039647967,-48188.67785444657,157.0,N_506
2024-05-10 21:57:37,58.063107,14.979202,48.665043,259.07596,858.17975,0.005439149,-48150.7856693443,157.0,N_506
2024-05-10 21:57:38,58.115795,14.976685,48.72799,259.04797,858.22235,0.005265923,-48119.076298654516,157.0,N_506
2024-05-10 21:57:39,58.16846,14.974167,48.783943,259.027,858.3113,0.0050926977,-48088.22476955532,157.0,N_506
2024-05-10 21:57:40,58.22111,14.971634,48.839897,259.006,858.3872,0.002693541,-48072.375343009575,157.0,N_506
2024-05-10 21:57:41,58.27374,14.969086,48.89585,258.97806,858.402,0.0032056463,-48053.212932195114,157.0,N_506
2024-05-10 21:57:42,58.32635,14.966537,48.9518,258.95007,858.3872,0.0027199332,-48037.618469357054,157.0,N_506
2024-05-10 21:57:43,58.37894,14.963974,49.007755,258.92908,858.38165,0.0018869347,-48025.65542707951,157.0,N_506
2024-05-10 21:57:44,58.43151,14.9614105,49.0707,258.90112,858.3872,0.0024176305,-48012.20901566115,157.0,N_506
2024-05-10 21:57:45,58.484062,14.958832,49.126656,258.88013,858.39276,0.0046630073,-47983.46531496488,157.0,N_506
2024-05-10 21:57:46,58.536594,14.956238,49.18261,258.85214,858.3872,0.0031259065,-47965.27465521773,157.0,N_506
2024-05-10 21:57:47,58.589108,14.953644,49.23856,258.83118,858.3649,0.0050226673,-47934.18089791076,157.0,N_506
2024-05-10 21:57:48,58.6416,14.95105,49.294514,258.8032,858.3631,0.003727774,-47908.840648967176,157.0,N_506
2024-05-10 21:57:49,58.694073,14.948441,49.35746,258.7752,858.42975,0.0024328805,-47895.300514761155,157.0,N_506
2024-05-10 21:57:50,58.74653,14.945816,49.413414,258.75424,858.5409,0.001137987,-47888.80157567173,157.0,N_506
2024-05-10 21:57:51,58.79896,14.943192,49.47636,258.72626,858.5983,0.0020372912,-47879.32974342191,157.0,N_506
2024-05-10 21:57:52,58.85138,14.940552,49.52532,258.70526,858.5909,0.004300191,-47852.77442213882,157.0,N_506
2024-05-10 21:57:53,58.903774,14.937912,49.581272,258.6773,858.57794,0.005337444,-47820.41794718679,157.0,N_506
2024-05-10 21:57:54,58.95615,14.935257,49.637226,258.6563,858.5816,0.002935141,-47803.00643504273,157.0,N_506
2024-05-10 21:57:55,59.008507,14.932602,49.69318,258.62833,858.57605,0.0029490374,-47783.355674775434,157.0,N_506
2024-05-10 21:57:56,59.060844,14.929932,49.756126,258.60037,858.56866,0.0038269716,-47760.36455705729,157.0,N_506
2024-05-10 21:57:57,59.113163,14.927246,49.812077,258.5724,858.61127,0.003994223,-47733.58773728136,157.0,N_506
2024-05-10 21:57:58,59.165462,14.924561,49.875027,258.5514,858.7002,0.0033126678,-47713.92588231754,157.0,N_506
2024-05-10 21:57:59,59.21774,14.92186,49.930977,258.52344,858.7761,0.0026311127,-47700.48741704427,157.0,N_506
2024-05-10 21:58:00,59.27,14.919159,49.97994,258.49545,858.79095,0.0028168485,-47683.693703672456,157.0,N_506
2024-05-10 21:58:01,59.322403,14.916519,50.03589,258.46747,858.7761,0.0035227707,-47660.29870968211,157.0,N_506
2024-05-10 21:58:02,59.374783,14.913879,50.09884,258.4465,858.77057,0.002322517,-47645.385560123774,157.0,N_506
2024-05-10 21:58:03,59.42714,14.911224,50.161785,258.41852,858.7761,0.00094927545,-47641.222694464086,157.0,N_506
2024-05-10 21:58:04,59.479465,14.908554,50.217735,258.39053,858.7817,0.00079316355,-47638.455337207364,157.0,N_506
2024-05-10 21:58:05,59.531773,14.905869,50.266697,258.36255,858.7761,0.0009800284,-47633.80743189917,157.0,N_506
2024-05-10 21:58:06,59.58405,14.903183,50.322647,258.34158,858.7613,0.0020304925,-47622.32788026368,157.0,N_506
2024-05-10 21:58:07,59.636303,14.900482,50.3786,258.3136,858.7761,0.001164937,-47616.70429381798,157.0,N_506
2024-05-10 21:58:08,59.688534,14.897766,50.434555,258.29263,858.85016,0.0015293241,-47608.501787294685,157.0,N_506
2024-05-10 21:58:09,59.740738,14.89505,50.49051,258.26465,858.9391,0.0018937112,-47596.55013460905,157.0,N_506
2024-05-10 21:58:10,59.792915,14.892303,50.553455,258.23666,858.98535,0.0013802241,-47588.5447344163,157.0,N_506
2024-05-10 21:58:11,59.84507,14.889557,50.6164,258.20868,858.978,0.00095873774,-47584.32221323344,157.0,N_506
2024-05-10 21:58:12,59.8972,14.88681,50.672356,258.18073,858.96686,0.00053725136,-47583.0400677906,157.0,N_506
2024-05-10 21:58:13,59.949303,14.884033,50.721313,258.15274,858.96686,0.00089602615,-47578.14296446238,157.0,N_506
2024-05-10 21:58:14,60.001385,14.881256,50.78426,258.12476,858.97424,0.0014250453,-47571.06346001898,157.0,N_506
2024-05-10 21:58:15,60.053436,14.878464,50.840214,258.1038,858.97424,0.001443666,-47562.34886095247,157.0,N_506
2024-05-10 21:58:16,60.105465,14.875671,50.90316,258.0758,858.96313,0.0014595399,-47554.857123854556,157.0,N_506
2024-05-10 21:58:17,60.15747,14.8728485,50.959114,258.04782,858.95764,0.0019996308,-47545.10832925017,157.0,N_506
2024-05-10 21:58:18,60.20945,14.870026,51.00807,258.01987,859.0021,0.0016516412,-47534.908796279466,157.0,N_506
2024-05-10 21:58:19,60.261406,14.867203,51.07102,257.99887,859.09094,0.0025549599,-47520.22729286915,157.0,N_506
2024-05-10 21:58:20,60.31333,14.864349,51.126972,257.9709,859.165,0.0026578312,-47504.709394649915,157.0,N_506
2024-05-10 21:58:21,60.36524,14.861496,51.182926,257.9429,859.178,0.0027607025,-47488.52442477407,157.0,N_506
2024-05-10 21:58:22,60.417118,14.858627,51.238876,257.91495,859.165,0.0018804185,-47478.081713073145,157.0,N_506
2024-05-10 21:58:23,60.46897,14.855743,51.29483,257.88696,859.165,0.0020774743,-47464.80441579929,157.0,N_506
2024-05-10 21:58:24,60.5208,14.8528595,51.357777,257.85898,859.165,0.003857279,-47441.677260126715,157.0,N_506
2024-05-10 21:58:25,60.572605,14.849945,51.41373,257.83102,859.15204,0.0036861033,-47419.45862966214,157.0,N_506
2024-05-10 21:58:26,60.624382,14.847046,51.469685,257.80304,859.165,0.0032645683,-47400.41032192315,157.0,N_506
2024-05-10 21:58:27,60.676136,14.844116,51.525635,257.78204,859.23724,0.002843033,-47383.65460470857,157.0,N_506
2024-05-10 21:58:28,60.727867,14.841187,51.58159,257.7541,859.328,0.0021556963,-47371.422121401934,157.0,N_506
2024-05-10 21:58:29,60.77957,14.838242,51.637543,257.7261,859.3743,0.0018423063,-47361.23430952349,157.0,N_506
2024-05-10 21:58:30,60.83125,14.835281,51.693497,257.69812,859.3688,0.0014862086,-47353.369629678724,157.0,N_506
2024-05-10 21:58:31,60.882904,14.832306,51.749447,257.67014,859.3558,0.001684609,-47342.954326443614,157.0,N_506
2024-05-10 21:58:32,60.934532,14.82933,51.812393,257.64218,859.3576,0.0009960512,-47338.49247195931,157.0,N_506
2024-05-10 21:58:33,60.986137,14.82634,51.868347,257.6142,859.36316,0.0013752796,-47331.352045776664,157.0,N_506
2024-05-10 21:58:34,61.037716,14.823334,51.9243,257.5862,859.36505,0.0019190927,-47320.6680004415,157.0,N_506
2024-05-10 21:58:35,61.08927,14.820328,51.980255,257.55823,859.35205,0.0028201358,-47306.20006152186,157.0,N_506
2024-05-10 21:58:36,61.1408,14.8173065,52.029213,257.53027,859.3465,0.002664989,-47290.45000099464,157.0,N_506
2024-05-10 21:58:37,61.192303,14.81427,52.085167,257.5023,859.3909,0.0024156314,-47276.53430371543,157.0,N_506
2024-05-10 21:58:38,61.243782,14.811218,52.141117,257.4743,859.47986,0.0021662738,-47262.62335340035,157.0,N_506
2024-05-10 21:58:39,61.29524,14.8081665,52.204067,257.44632,859.55396,0.002552771,-47246.116342572765,157.0,N_506
2024-05-10 21:58:40,61.346664,14.8050995,52.267014,257.41837,859.5687,0.0041688243,-47220.99304168866,157.0,N_506
2024-05-10 21:58:41,61.39807,14.802017,52.322964,257.39038,859.55396,0.0041860603,-47195.551245437084,157.0,N_506
2024-05-10 21:58:42,61.449448,14.79892,52.378918,257.3624,859.55023,0.0040316205,-47171.12003039743,157.0,N_506
2024-05-10 21:58:43,61.500805,14.795822,52.43487,257.33444,859.55396,0.004583165,-47143.09715562841,157.0,N_506
2024-05-10 21:58:44,61.55213,14.792709,52.490826,257.30646,859.5595,0.005469322,-47105.2174311587,157.0,N_506
2024-05-10 21:58:45,61.603436,14.789581,52.553772,257.27847,859.55396,0.005845691,-47069.19040333591,157.0,N_506
2024-05-10 21:58:46,61.654716,14.786453,52.609722,257.2505,859.541,0.0063890875,-47029.42429803273,157.0,N_506
2024-05-10 21:58:47,61.70597,14.78331,52.665676,257.22253,859.55396,0.005694586,-46994.17824903983,157.0,N_506
2024-05-10 21:58:48,61.7572,14.780151,52.72163,257.19455,859.628,0.0058807954,-46957.72382384938,157.0,N_506
2024-05-10 21:58:49,61.808403,14.776978,52.777584,257.16656,859.7169,0.0055632317,-46923.34154211104,157.0,N_506
2024-05-10 21:58:50,61.85958,14.773804,52.833534,257.13858,859.76324,0.0055825114,-46887.99212312641,157.0,N_506
2024-05-10 21:58:51,61.910736,14.770615,52.88949,257.10364,859.7577,0.005601791,-46853.40393711371,157.0,N_506
2024-05-10 21:58:52,61.961864,14.76741,52.945442,257.07565,859.7447,0.007032221,-46804.209081463385,157.0,N_506
2024-05-10 21:58:53,62.01297,14.764191,53.00839,257.04767,859.7466,0.008463953,-46751.1759093188,157.0,N_506
2024-05-10 21:58:54,62.06405,14.760971,53.064342,257.01968,859.75214,0.008137658,-46700.07174481901,157.0,N_506
2024-05-10 21:58:55,62.115105,14.757736,53.120293,256.99173,859.75397,0.0078113633,-46651.08603153159,157.0,N_506
2024-05-10 21:58:56,62.166134,14.754486,53.176247,256.96375,859.741,0.008277285,-46599.07548412545,157.0,N_506
2024-05-10 21:58:57,62.217136,14.751236,53.2322,256.93576,859.7354,0.008743206,-46544.040411905764,157.0,N_506
2024-05-10 21:58:58,62.268116,14.747971,53.288155,256.90778,859.77985,0.008039415,-46492.3944489744,157.0,N_506
2024-05-10 21:58:59,62.31907,14.74469,53.344105,256.8728,859.86884,0.0073342742,-46446.574013948295,157.0,N_506
2024-05-10 21:59:00,62.37,14.741394,53.40006,256.84485,859.9429,0.006651719,-46404.165555776846,157.0,N_506
2024-05-10 21:59:01,62.420986,14.738235,53.456013,256.80988,859.9595,0.0070297406,-46360.33171146246,157.0,N_506
2024-05-10 21:59:02,62.471943,14.735062,53.511963,256.7819,859.9447,0.006427083,-46320.374648638994,157.0,N_506
2024-05-10 21:59:03,62.522873,14.731873,53.567917,256.7539,859.9392,0.0058244257,-46279.97589523289,157.0,N_506
2024-05-10 21:59:04,62.573776,14.728668,53.630863,256.72595,859.9447,0.0065452447,-46239.46476641319,157.0,N_506
2024-05-10 21:59:05,62.624653,14.725449,53.686817,256.69797,859.95026,0.0067418846,-46197.4741962919,157.0,N_506
2024-05-10 21:59:06,62.6755,14.722214,53.74277,256.66998,859.9447,0.006757933,-46154.39909330739,157.0,N_506
2024-05-10 21:59:07,62.72632,14.718964,53.798725,256.635,859.9225,0.006950793,-46111.10693542939,157.0,N_506
2024-05-10 21:59:08,62.77711,14.715698,53.854675,256.60706,859.92065,0.0069688098,-46067.6538906136,157.0,N_506
2024-05-10 21:59:09,62.827873,14.712418,53.91063,256.57907,859.9873,0.0069897436,-46023.05902154662,157.0,N_506
2024-05-10 21:59:10,62.87861,14.709106,53.966583,256.5441,860.09656,0.0066461256,-45981.75320590596,157.0,N_506
2024-05-10 21:59:11,62.929317,14.705795,54.022533,256.5161,860.1577,0.006839239,-45934.021296493054,157.0,N_506
2024-05-10 21:59:12,62.98,14.702469,54.085484,256.48813,860.14844,0.0065000816,-45892.904510548076,157.0,N_506
2024-05-10 21:59:13,63.03065,14.699112,54.141434,256.45316,860.1336,0.0067047095,-45851.23119775634,157.0,N_506
2024-05-10 21:59:14,63.081276,14.695755,54.197388,256.4252,860.1336,0.006903879,-45808.22437003106,157.0,N_506
2024-05-10 21:59:15,63.131874,14.692368,54.25334,256.39722,860.1429,0.0071030483,-45762.9212834937,157.0,N_506
2024-05-10 21:59:16,63.18244,14.68898,54.30929,256.36224,860.1448,0.006765594,-45720.86056828427,157.0,N_506
2024-05-10 21:59:17,63.232983,14.685562,54.365246,256.33426,860.12805,0.0067917565,-45678.597148280656,157.0,N_506
2024-05-10 21:59:18,63.283497,14.682129,54.4212,256.3063,860.10956,0.0071603917,-45632.93097545598,157.0,N_506
2024-05-10 21:59:19,63.333984,14.67868,54.477154,256.27133,860.1373,0.0059254896,-45591.88426767807,157.0,N_506
2024-05-10 21:59:20,63.38444,14.675232,54.5401,256.24335,860.2373,0.0055850963,-45557.662039882525,157.0,N_506
2024-05-10 21:59:21,63.43487,14.671753,54.596054,256.21536,860.3336,0.005962826,-45519.95515152216,157.0,N_506
2024-05-10 21:59:22,63.485275,14.668259,54.652004,256.1804,860.3521,0.006162881,-45481.83046408831,157.0,N_506
2024-05-10 21:59:23,63.535652,14.664749,54.70796,256.15244,860.3336,0.0065409313,-45441.21348986074,157.0,N_506
2024-05-10 21:59:24,63.586,14.661224,54.763912,256.12445,860.32623,0.0069177626,-45397.19855242342,157.0,N_506
2024-05-10 21:59:25,63.63632,14.657684,54.819862,256.08948,860.3336,0.007298534,-45351.71734882884,157.0,N_506
2024-05-10 21:59:26,63.686607,14.654129,54.875816,256.0615,860.3392,0.007676452,-45297.030460903516,157.0,N_506
2024-05-10 21:59:27,63.736874,14.650543,54.938763,256.02652,860.3336,0.00841638,-45243.35964172836,157.0,N_506
2024-05-10 21:59:28,63.78711,14.646957,54.994717,255.99156,860.31146,0.0084379865,-45196.78826934454,157.0,N_506
2024-05-10 21:59:29,63.83732,14.643356,55.043674,255.96358,860.3096,0.008454771,-45143.58678937709,157.0,N_506
2024-05-10 21:59:30,63.887497,14.63974,55.09963,255.93561,860.3762,0.008658034,-45081.70558730656,157.0,N_506
2024-05-10 21:59:31,63.93765,14.636093,55.162575,255.90063,860.4855,0.009574379,-45020.40176027728,157.0,N_506
2024-05-10 21:59:32,63.987774,14.632446,55.21853,255.86566,860.54663,0.00905658,-44963.561525137484,157.0,N_506
2024-05-10 21:59:33,64.03787,14.628769,55.274483,255.83769,860.5392,0.00906641,-44906.62361368373,157.0,N_506
2024-05-10 21:59:34,64.087944,14.625092,55.330433,255.80971,860.5226,0.009094557,-44854.89220233133,157.0,N_506
2024-05-10 21:59:35,64.137985,14.621384,55.379395,255.77473,860.52435,0.009831386,-44784.261015211574,157.0,N_506
2024-05-10 21:59:36,64.187996,14.6176605,55.44234,255.73978,860.5318,0.010388665,-44719.015737484486,157.0,N_506
2024-05-10 21:59:37,64.23798,14.613937,55.498295,255.71179,860.5336,0.010777059,-44641.61353961128,157.0,N_506
2024-05-10 21:59:38,64.28794,14.610184,55.56124,255.67682,860.517,0.01114525,-44571.48928862582,157.0,N_506
2024-05-10 21:59:39,64.337875,14.606415,55.61719,255.64885,860.4984,0.011617602,-44496.51165151879,157.0,N_506
2024-05-10 21:59:40,64.38777,14.602631,55.673145,255.61388,860.52814,0.012089954,-44418.4646034516,157.0,N_506
2024-05-10 21:59:41,64.43765,14.598831,55.7291,255.5789,860.6262,0.012302037,-44340.66276689655,157.0,N_506
2024-05-10 21:59:42,64.487495,14.5950165,55.785053,255.55093,860.72253,0.012687023,-44258.659598744314,157.0,N_506
2024-05-10 21:59:43,64.537315,14.591187,55.841003,255.51596,860.7411,0.012871456,-44175.48560775571,157.0,N_506
2024-05-10 21:59:44,64.587105,14.587341,55.896957,255.48099,860.72253,0.0130786495,-44100.49497557885,157.0,N_506
2024-05-10 21:59:45,64.63687,14.583481,55.945915,255.44601,860.717,0.013633437,-44013.90167074658,157.0,N_506
2024-05-10 21:59:46,64.68661,14.579605,56.00187,255.41805,860.72253,0.013827777,-43924.40949965918,157.0,N_506
2024-05-10 21:59:47,64.73632,14.575714,56.057823,255.38307,860.72253,0.013128503,-43839.59162550729,157.0,N_506
2024-05-10 21:59:48,64.785995,14.571793,56.113773,255.3481,860.72253,0.012788581,-43749.05653584372,157.0,N_506
2024-05-10 21:59:49,64.83565,14.567871,56.176723,255.32013,860.7244,0.013172267,-43654.39043849019,157.0,N_506
2024-05-10 21:59:50,64.88528,14.563934,56.23967,255.28516,860.72815,0.013919332,-43564.59400460585,157.0,N_506
2024-05-10 21:59:51,64.934875,14.559967,56.295624,255.25018,860.7133,0.013380533,-43478.16665353888,157.0,N_506
2024-05-10 21:59:52,64.98444,14.556,56.351574,255.21521,860.70404,0.013959442,-43389.72708396337,157.0,N_506
2024-05-10 21:59:53,65.03398,14.552002,56.407528,255.18724,860.7633,0.014346082,-43307.39386547119,157.0,N_506
2024-05-10 21:59:54,65.083496,14.548004,56.456486,255.15227,860.87445,0.013279574,-43221.4597435855,157.0,N_506
2024-05-10 21:59:55,65.13298,14.543976,56.51244,255.1173,860.93555,0.012759885,-43140.79849232801,157.0,N_506
2024-05-10 21:59:56,65.18244,14.539932,56.568394,255.08932,860.9281,0.012066992,-43063.05027400194,157.0,N_506
2024-05-10 21:59:57,65.23187,14.535889,56.624344,255.05435,860.9096,0.0133439405,-42976.932845329444,157.0,N_506
2024-05-10 21:59:58,65.28127,14.531815,56.680298,255.01938,860.9096,0.013553224,-42879.409449655264,157.0,N_506
2024-05-10 21:59:59,65.33065,14.527725,56.743244,254.9844,860.917,0.01447707,-42796.63969839334,157.0,N_506
2024-05-10 22:00:00,65.38,14.523621,56.792206,254.94943,860.92444,0.01504402,-42699.163691673384,157.0,N_506
2024-05-10 22:00:01,65.429565,14.519684,56.848156,254.91446,860.917,0.014535444,-42596.11475438968,157.0,N_506
2024-05-10 22:00:02,65.479095,14.515717,56.911102,254.88649,860.8966,0.016186189,-42479.50295660013,157.0,N_506
2024-05-10 22:00:03,65.52859,14.511734,56.974052,254.85152,860.917,0.016205743,-42374.83024347666,157.0,N_506
2024-05-10 22:00:04,65.57804,14.507721,57.030003,254.81654,861.0133,0.016225299,-42281.70721873776,157.0,N_506
2024-05-10 22:00:05,65.627464,14.503693,57.078964,254.78157,861.1115,0.016968133,-42171.644362050654,157.0,N_506
2024-05-10 22:00:06,65.67685,14.499634,57.134914,254.74661,861.1319,0.01827561,-42053.182886752315,157.0,N_506
2024-05-10 22:00:07,65.7262,14.49556,57.19087,254.71164,861.1115,0.017937394,-41936.96454070254,157.0,N_506
2024-05-10 22:00:08,65.77551,14.49147,57.246822,254.67667,861.10406,0.01794304,-41820.73319473469,157.0,N_506
2024-05-10 22:00:09,65.82478,14.48735,57.302773,254.6417,861.1096,0.016706053,-41712.649155307496,157.0,N_506
2024-05-10 22:00:10,65.87402,14.4832,57.358727,254.60672,861.11334,0.016357342,-41606.87464224505,157.0,N_506
2024-05-10 22:00:11,65.92323,14.47905,57.41468,254.57175,861.1115,0.01693965,-41497.29075619075,157.0,N_506
2024-05-10 22:00:12,65.9724,14.4748535,57.470634,254.53679,861.11334,0.017315581,-41372.3918912935,157.0,N_506
2024-05-10 22:00:13,66.02153,14.470657,57.53358,254.50182,861.117,0.017338132,-41260.41918462211,157.0,N_506
2024-05-10 22:00:14,66.070625,14.466431,57.589535,254.46684,861.1022,0.01663745,-41152.87325258079,157.0,N_506
2024-05-10 22:00:15,66.11969,14.462173,57.645485,254.43187,861.09296,0.017063946,-41040.07410953001,157.0,N_506
2024-05-10 22:00:16,66.16871,14.457901,57.70144,254.38991,861.1522,0.01835137,-40921.32887432534,157.0,N_506
2024-05-10 22:00:17,66.2177,14.453598,57.757393,254.35493,861.2615,0.01979508,-40793.08272604939,157.0,N_506
2024-05-10 22:00:18,66.26665,14.449295,57.813343,254.31996,861.33,0.020193392,-40662.23021801416,157.0,N_506
2024-05-10 22:00:19,66.31557,14.444946,57.869297,254.28499,861.33,0.019671084,-40534.83334107837,157.0,N_506
2024-05-10 22:00:20,66.36444,14.440582,57.92525,254.25003,861.3059,0.016805904,-40426.26736804711,157.0,N_506
2024-05-10 22:00:21,66.413284,14.436203,57.981205,254.21506,861.30035,0.01885944,-40304.23930171769,157.0,N_506
2024-05-10 22:00:22,66.4621,14.431793,58.037155,254.18008,861.3059,0.022514613,-40158.22138593214,157.0,N_506
2024-05-10 22:00:23,66.510864,14.427368,58.09311,254.14511,861.3115,0.021248827,-40020.53457618465,157.0,N_506
2024-05-10 22:00:24,66.5596,14.422928,58.149063,254.11014,861.3059,0.019630132,-39893.50073027286,157.0,N_506
2024-05-10 22:00:25,66.6083,14.418457,58.205013,254.07516,861.29114,0.020568168,-39745.01938542722,157.0,N_506
2024-05-10 22:00:26,66.65696,14.413956,58.267963,254.0402,861.3059,0.019132748,-39632.54303532887,157.0,N_506
2024-05-10 22:00:27,66.70559,14.409439,58.31692,253.99823,861.38,0.01986069,-39503.8870498648,157.0,N_506
2024-05-10 22:00:28,66.75418,14.404907,58.372875,253.96327,861.46893,0.019339507,-39378.83261921281,157.0,N_506
2024-05-10 22:00:29,66.802734,14.400345,58.428825,253.9283,861.5152,0.018649453,-39244.42764907561,157.0,N_506
2024-05-10 22:00:30,66.85125,14.395767,58.491776,253.89333,861.50964,0.018668924,-39121.43774435927,157.0,N_506
2024-05-10 22:00:31,66.899734,14.391159,58.547726,253.85136,861.49854,0.017044542,-39011.519577204395,157.0,N_506
2024-05-10 22:00:32,66.94818,14.386536,58.60368,253.81639,861.49854,0.019964334,-38879.70046638334,157.0,N_506
2024-05-10 22:00:33,66.99659,14.381882,58.659634,253.77443,861.50226,0.02143783,-38756.79438054127,157.0,N_506
2024-05-10 22:00:34,67.04496,14.377213,58.70859,253.73946,861.50037,0.020892348,-38618.61525881663,157.0,N_506
2024-05-10 22:00:35,67.0933,14.372528,58.764545,253.6975,861.50415,0.02217872,-38475.11992548857,157.0,N_506
2024-05-10 22:00:36,67.1416,14.367813,58.820496,253.66252,861.5059,0.02093444,-38339.74978696311,157.0,N_506
2024-05-10 22:00:37,67.189865,14.363068,58.87645,253.62755,861.49115,0.021324772,-38201.84177828846,157.0,N_506
2024-05-10 22:00:38,67.2381,14.358307,58.932404,253.59258,861.4726,0.019357527,-38060.07249734481,157.0,N_506
2024-05-10 22:00:39,67.286285,14.353531,58.99535,253.55061,861.50037,0.016639763,-37965.39279262449,157.0,N_506
2024-05-10 22:00:40,67.33444,14.348724,59.044308,253.51564,861.6004,0.01722887,-37851.8624824631,157.0,N_506
2024-05-10 22:00:41,67.38257,14.343903,59.10026,253.47368,861.6949,0.017056229,-37742.02203315329,157.0,N_506
2024-05-10 22:00:42,67.43065,14.339066,59.156216,253.4387,861.7153,0.017430928,-37627.39521611644,157.0,N_506
2024-05-10 22:00:43,67.4787,14.334183,59.212166,253.39674,861.6967,0.017447423,-37502.006370546325,157.0,N_506
2024-05-10 22:00:44,67.52671,14.3293,59.275116,253.36177,861.6911,0.018010085,-37383.762194799274,157.0,N_506
2024-05-10 22:00:45,67.57469,14.324387,59.331066,253.31981,861.6949,0.018119134,-37267.03002207439,157.0,N_506
2024-05-10 22:00:46,67.62263,14.319458,59.38702,253.28484,861.6967,0.01822818,-37147.170239918145,157.0,N_506
2024-05-10 22:00:47,67.67053,14.314499,59.442974,253.24287,861.6949,0.01955804,-37021.06564167351,157.0,N_506
2024-05-10 22:00:48,67.7184,14.309509,59.498924,253.2079,861.70044,0.020306237,-36887.39012970032,157.0,N_506
2024-05-10 22:00:49,67.766235,14.30452,59.55488,253.16594,861.7023,0.02050769,-36755.102313658506,157.0,N_506
2024-05-10 22:00:50,67.814026,14.299484,59.610832,253.13097,861.6856,0.02061584,-36619.41580385576,157.0,N_506
2024-05-10 22:00:51,67.861786,14.294449,59.666786,253.089,861.67633,0.020723991,-36485.759402062475,157.0,N_506
2024-05-10 22:00:52,67.909515,14.289383,59.722736,253.05403,861.7374,0.019816553,-36355.45517979724,157.0,N_506
2024-05-10 22:00:53,67.9572,14.2842865,59.77869,253.01207,861.8486,0.020395176,-36221.359890249005,157.0,N_506
2024-05-10 22:00:54,68.00485,14.279175,59.834644,252.97011,861.90967,0.01912997,-36095.71613521586,157.0,N_506
2024-05-10 22:00:55,68.05247,14.274048,59.8906,252.92813,861.90045,0.019337092,-35985.48525579822,157.0,N_506
2024-05-10 22:00:56,68.100044,14.26889,59.939556,252.89317,861.8856,0.020454885,-35850.83230361833,157.0,N_506
2024-05-10 22:00:57,68.14759,14.263718,59.995506,252.8512,861.88745,0.02065808,-35717.713437270075,157.0,N_506
2024-05-10 22:00:58,68.1951,14.258514,60.05146,252.81624,861.8912,0.02160346,-35575.6577674845,157.0,N_506
2024-05-10 22:00:59,68.24257,14.253296,60.107414,252.77426,861.8893,0.022179248,-35413.54716384386,157.0,N_506
2024-05-10 22:01:00,68.29,14.248047,60.17036,252.7323,861.8912,0.022208096,-35267.77225266726,157.0,N_506
2024-05-10 22:01:01,68.338875,14.242752,60.226315,252.69034,861.8949,0.021659393,-35144.21124513984,157.0,N_506
2024-05-10 22:01:02,68.387665,14.237442,60.275272,252.65536,861.8912,0.02297219,-34992.969869904184,157.0,N_506
2024-05-10 22:01:03,68.43636,14.232117,60.331226,252.6134,861.8708,0.022261247,-34846.72548336384,157.0,N_506
2024-05-10 22:01:04,68.48498,14.226761,60.38718,252.57144,861.8893,0.021550305,-34705.24654293996,157.0,N_506
2024-05-10 22:01:05,68.53351,14.22139,60.44313,252.52948,861.9856,0.0224968,-34557.487251450126,157.0,N_506
2024-05-10 22:01:06,68.58195,14.216003,60.499084,252.4875,862.08374,0.022143235,-34412.11426404426,157.0,N_506
2024-05-10 22:01:07,68.63031,14.210587,60.55504,252.44554,862.11346,0.021427516,-34271.53525615941,157.0,N_506
2024-05-10 22:01:08,68.67858,14.205139,60.61099,252.40358,862.09674,0.020711798,-34135.731172775515,157.0,N_506
2024-05-10 22:01:09,68.72676,14.199692,60.666943,252.36162,862.0801,0.021472327,-33994.9013665159,157.0,N_506
2024-05-10 22:01:10,68.774864,14.194199,60.722897,252.31966,862.0819,0.021494541,-33853.945591519165,157.0,N_506
2024-05-10 22:01:11,68.822876,14.188705,60.77885,252.27768,862.08563,0.021524036,-33731.38613158784,157.0,N_506
2024-05-10 22:01:12,68.870804,14.183182,60.82781,252.2427,862.08563,0.021539621,-33574.0858587215,157.0,N_506
2024-05-10 22:01:13,68.91864,14.177643,60.890755,252.20074,862.0875,0.021197075,-33419.775182762896,157.0,N_506
2024-05-10 22:01:14,68.96639,14.172073,60.9537,252.15878,862.0893,0.021591118,-33278.49708003712,157.0,N_506
2024-05-10 22:01:15,69.01406,14.166489,61.009655,252.11682,862.07825,0.021061417,-33137.64118744063,157.0,N_506
2024-05-10 22:01:16,69.061646,14.160873,61.06561,252.06786,862.0708,0.020532945,-33018.20241659636,157.0,N_506
2024-05-10 22:01:17,69.10914,14.155243,61.114567,252.0259,862.11523,0.020552732,-32883.49528402024,157.0,N_506
2024-05-10 22:01:18,69.15655,14.149597,61.17052,251.98393,862.2041,0.020762412,-32762.71873964697,157.0,N_506
2024-05-10 22:01:19,69.20387,14.143921,61.21948,251.94197,862.2801,0.021703362,-32620.431745884947,157.0,N_506
2024-05-10 22:01:20,69.251114,14.138229,61.275433,251.90001,862.29486,0.02191317,-32476.982218660385,157.0,N_506
2024-05-10 22:01:21,69.29826,14.132523,61.331383,251.85803,862.2801,0.022766247,-32308.318165813256,157.0,N_506
2024-05-10 22:01:22,69.34533,14.126785,61.39433,251.80908,862.27637,0.023619324,-32153.855971718993,157.0,N_506
2024-05-10 22:01:23,69.3923,14.121033,61.450283,251.76712,862.2801,0.023090374,-32002.685658227147,157.0,N_506
2024-05-10 22:01:24,69.4392,14.11525,61.506237,251.72514,862.2819,0.023482453,-31848.954132129627,157.0,N_506
2024-05-10 22:01:25,69.48601,14.109451,61.56219,251.68318,862.2801,0.02350638,-31695.103367822958,157.0,N_506
2024-05-10 22:01:26,69.53273,14.103622,61.61814,251.64122,862.27826,0.023897106,-31538.685907792074,157.0,N_506
2024-05-10 22:01:27,69.57936,14.097778,61.674095,251.59926,862.2801,0.02410625,-31398.48033532984,157.0,N_506
2024-05-10 22:01:28,69.62591,14.091919,61.723053,251.5573,862.28564,0.024126712,-31237.195350969512,157.0,N_506
2024-05-10 22:01:29,69.67237,14.086044,61.779007,251.50833,862.28564,0.024888482,-31074.343437100717,157.0,N_506
2024-05-10 22:01:30,69.71875,14.080139,61.83496,251.46637,862.269,0.024556566,-30892.607481020645,157.0,N_506
2024-05-10 22:01:31,69.76504,14.0742035,61.897907,251.4174,862.2597,0.023468507,-30739.41209614878,157.0,N_506
2024-05-10 22:01:32,69.81124,14.068253,61.95386,251.37544,862.3208,0.025522456,-30569.099429973237,157.0,N_506
2024-05-10 22:01:33,69.85736,14.062286,62.00981,251.32649,862.43195,0.024259144,-30410.53193059061,157.0,N_506
2024-05-10 22:01:34,69.9034,14.05629,62.065765,251.28452,862.49304,0.024843164,-30266.235322576995,157.0,N_506
2024-05-10 22:01:35,69.94934,14.050278,62.114723,251.24255,862.4857,0.024589974,-30102.12564321045,157.0,N_506
2024-05-10 22:01:36,69.9952,14.0442505,62.170677,251.1936,862.469,0.024336783,-29943.13294316281,157.0,N_506
2024-05-10 22:01:37,70.04097,14.038193,62.22663,251.15163,862.4708,0.024371212,-29780.7773631219,157.0,N_506
2024-05-10 22:01:38,70.08666,14.03212,62.282585,251.10268,862.4764,0.024389246,-29621.51532778367,157.0,N_506
2024-05-10 22:01:39,70.13226,14.026016,62.338535,251.06071,862.4764,0.024419127,-29462.031833244426,157.0,N_506
2024-05-10 22:01:40,70.17778,14.019897,62.39449,251.01874,862.47455,0.024626926,-29298.07944664056,157.0,N_506
2024-05-10 22:01:41,70.223206,14.013763,62.450443,250.96979,862.4727,0.025389101,-29129.08107448685,157.0,N_506
2024-05-10 22:01:42,70.26855,14.007599,62.506393,250.92082,862.47455,0.024305418,-28970.484440601103,157.0,N_506
2024-05-10 22:01:43,70.313805,14.001419,62.562347,250.87886,862.4783,0.024330683,-28808.649442655744,157.0,N_506
2024-05-10 22:01:44,70.35898,13.995209,62.6183,250.82991,862.47455,0.02453739,-28645.496859547326,157.0,N_506
2024-05-10 22:01:45,70.40406,13.988983,62.674255,250.78094,862.4598,0.024748107,-28484.08059389699,157.0,N_506
2024-05-10 22:01:46,70.44906,13.982742,62.730206,250.73898,862.47455,0.025144706,-28334.901715534354,157.0,N_506
2024-05-10 22:01:47,70.49397,13.976471,62.779167,250.69002,862.54675,0.024608256,-28171.21328252086,157.0,N_506
2024-05-10 22:01:48,70.5388,13.970184,62.835117,250.64107,862.6375,0.02538515,-28024.24636364815,157.0,N_506
2024-05-10 22:01:49,70.58354,13.963867,62.88408,250.59909,862.682,0.024676591,-27856.69418929123,157.0,N_506
2024-05-10 22:01:50,70.6282,13.957535,62.94003,250.54315,862.67645,0.024508687,-27697.02334834714,157.0,N_506
2024-05-10 22:01:51,70.67276,13.951187,62.995983,250.50117,862.6653,0.02565427,-27526.621632067378,157.0,N_506
2024-05-10 22:01:52,70.71725,13.944809,63.051937,250.45222,862.6671,0.02493561,-27361.126214709304,157.0,N_506
2024-05-10 22:01:53,70.76164,13.938416,63.107887,250.40326,862.6709,0.025702318,-27212.483569790114,157.0,N_506
2024-05-10 22:01:54,70.80595,13.932007,63.15685,250.3613,862.6709,0.025722746,-27022.7572298851,157.0,N_506
2024-05-10 22:01:55,70.850174,13.925568,63.219795,250.31233,862.6671,0.0259347,-26831.932552571463,157.0,N_506
2024-05-10 22:01:56,70.89431,13.919098,63.28274,250.26338,862.6671,0.025959559,-26659.92958700323,157.0,N_506
2024-05-10 22:01:57,70.93836,13.912628,63.338696,250.21442,862.67267,0.02580052,-26507.400373323453,157.0,N_506
2024-05-10 22:01:58,70.98233,13.906113,63.387653,250.16547,862.67645,0.026005367,-26334.781985022346,157.0,N_506
2024-05-10 22:01:59,71.02621,13.899597,63.443607,250.1165,862.669,0.025291301,-26185.388140075418,157.0,N_506
2024-05-10 22:02:00,71.07,13.893051,63.492565,250.06755,862.6486,0.02493961,-26019.988495879858,157.0,N_506
2024-05-10 22:02:01,71.11314,13.8871765,63.54852,250.01859,862.669,0.02515973,-25853.360868460586,157.0,N_506
2024-05-10 22:02:02,71.1562,13.881241,63.60447,249.96962,862.7653,0.025741795,-25682.875557373925,157.0,N_506
2024-05-10 22:02:03,71.1992,13.875275,63.660423,249.92067,862.86346,0.025034647,-25513.833032235467,157.0,N_506
2024-05-10 22:02:04,71.242134,13.869263,63.716377,249.86472,862.8838,0.025245706,-25346.782805796367,157.0,N_506
2024-05-10 22:02:05,71.285,13.863205,63.77233,249.81575,862.86346,0.02545723,-25178.3383304044,157.0,N_506
2024-05-10 22:02:06,71.3278,13.857101,63.82828,249.7668,862.8579,0.025111344,-25012.231528990487,157.0,N_506
2024-05-10 22:02:07,71.37054,13.850952,63.884235,249.71783,862.86346,0.02550595,-24843.53489594375,157.0,N_506
2024-05-10 22:02:08,71.4132,13.844757,63.94019,249.66888,862.8653,0.026086776,-24671.001399394274,157.0,N_506
2024-05-10 22:02:09,71.4558,13.838516,63.99614,249.61992,862.8653,0.026293958,-24493.700005042676,157.0,N_506
2024-05-10 22:02:10,71.49834,13.832245,64.05209,249.56396,862.86346,0.026317704,-24319.74384263838,157.0,N_506
2024-05-10 22:02:11,71.5408,13.825912,64.10805,249.51501,862.86163,0.02634145,-24145.627168182604,157.0,N_506
2024-05-10 22:02:12,71.5832,13.81955,64.164,249.46605,862.8672,0.026366556,-23990.435696806373,157.0,N_506
2024-05-10 22:02:13,71.625534,13.813126,64.21296,249.4171,862.869,0.026201725,-23813.78414323994,157.0,N_506
2024-05-10 22:02:14,71.6678,13.806671,64.26891,249.36115,862.8542,0.02566896,-23644.316990497206,157.0,N_506
2024-05-10 22:02:15,71.71,13.800171,64.32487,249.31218,862.8449,0.026259609,-23467.575695987456,157.0,N_506
2024-05-10 22:02:16,71.75214,13.79361,64.38082,249.25623,862.9042,0.026297174,-23294.029026451717,157.0,N_506
2024-05-10 22:02:17,71.7942,13.787018,64.43677,249.20728,863.0135,0.026511913,-23119.027079236814,157.0,N_506
2024-05-10 22:02:18,71.8362,13.78038,64.49272,249.15831,863.082,0.026534257,-22959.384124032134,157.0,N_506
2024-05-10 22:02:19,71.878136,13.773697,64.54168,249.10236,863.08014,0.026557084,-22780.681236631703,157.0,N_506
2024-05-10 22:02:20,71.92,13.766983,64.59763,249.0464,863.0579,0.02732472,-22620.210704316425,157.0,N_506
2024-05-10 22:02:21,71.9618,13.760208,64.64659,248.99745,863.05237,0.027716264,-22437.1526752001,157.0,N_506
2024-05-10 22:02:22,72.00353,13.753387,64.702545,248.94849,863.0579,0.02774243,-22250.721787979975,157.0,N_506
2024-05-10 22:02:23,72.045204,13.746536,64.7585,248.89253,863.05975,0.027768597,-22064.208933724673,157.0,N_506
2024-05-10 22:02:24,72.0868,13.739624,64.81445,248.83658,863.0579,0.026861124,-21883.90729984709,157.0,N_506
2024-05-10 22:02:25,72.128334,13.732681,64.87041,248.78062,863.0579,0.027447432,-21703.05409343487,157.0,N_506
2024-05-10 22:02:26,72.1698,13.7256775,64.92636,248.73167,863.0579,0.028217249,-21513.658625713917,157.0,N_506
2024-05-10 22:02:27,72.211205,13.718643,64.98231,248.67572,863.0561,0.028066898,-21325.355594006982,157.0,N_506
2024-05-10 22:02:28,72.25253,13.711563,65.03826,248.61977,863.0561,0.027902998,-21138.2208967929,157.0,N_506
2024-05-10 22:02:29,72.2938,13.704437,65.094215,248.56381,863.06165,0.027937418,-20950.9108810792,157.0,N_506
2024-05-10 22:02:30,72.335,13.697266,65.15017,248.50786,863.0635,0.027962593,-20787.144394164818,157.0,N_506
2024-05-10 22:02:31,72.37614,13.690048,65.19913,248.4589,863.0487,0.027427098,-20622.68725071619,157.0,N_506
2024-05-10 22:02:32,72.4172,13.682785,65.248085,248.40294,863.0394,0.027076412,-20441.176001262447,157.0,N_506
2024-05-10 22:02:33,72.4582,13.675476,65.30404,248.347,863.0987,0.028028088,-20253.46869450357,157.0,N_506
2024-05-10 22:02:34,72.49914,13.668121,65.35999,248.29105,863.20984,0.02916804,-20058.11264532097,157.0,N_506
2024-05-10 22:02:35,72.54,13.660736,65.41595,248.23509,863.27277,0.02808298,-19890.165142633516,157.0,N_506
2024-05-10 22:02:36,72.5808,13.65329,65.464905,248.17914,863.2635,0.028841922,-19696.933663549447,157.0,N_506
2024-05-10 22:02:37,72.62154,13.645813,65.52086,248.12318,863.2468,0.028686661,-19484.180153827707,157.0,N_506
2024-05-10 22:02:38,72.6622,13.638275,65.5838,248.06723,863.2468,0.028152892,-19296.107842470916,157.0,N_506
2024-05-10 22:02:39,72.702805,13.630707,65.639755,248.01128,863.2524,0.028177986,-19107.733025976293,157.0,N_506
2024-05-10 22:02:40,72.74333,13.623093,65.69571,247.95532,863.2543,0.02858427,-18916.67406709387,157.0,N_506
2024-05-10 22:02:41,72.7838,13.615433,65.75166,247.89937,863.2524,0.028239328,-18724.38583629259,157.0,N_506
2024-05-10 22:02:42,72.8242,13.607727,65.80762,247.83643,863.2524,0.028627193,-18553.645839025437,157.0,N_506
2024-05-10 22:02:43,72.86453,13.599976,65.856575,247.78047,863.2524,0.029213583,-18379.201300968034,157.0,N_506
2024-05-10 22:02:44,72.9048,13.592178,65.90553,247.72452,863.25604,0.029051557,-18205.791399503145,157.0,N_506
2024-05-10 22:02:45,72.945,13.584335,65.95449,247.66856,863.2524,0.029455908,-18005.22167895323,157.0,N_506
2024-05-10 22:02:46,72.98514,13.576447,66.010445,247.60562,863.23944,0.029476471,-17808.5156751041,157.0,N_506
2024-05-10 22:02:47,73.0252,13.568527,66.0664,247.54967,863.2524,0.029503584,-17611.649317283765,157.0,N_506
2024-05-10 22:02:48,73.0652,13.560547,66.12235,247.49371,863.3264,0.029528756,-17410.99329641861,157.0,N_506
2024-05-10 22:02:49,73.10513,13.552536,66.17831,247.43077,863.4154,0.029365772,-17193.823867785206,157.0,N_506
2024-05-10 22:02:50,73.145004,13.544464,66.24125,247.37482,863.4617,0.029391926,-16998.083362417998,157.0,N_506
2024-05-10 22:02:51,73.1848,13.536362,66.2972,247.31886,863.4561,0.029418081,-16819.07029160676,157.0,N_506
2024-05-10 22:02:52,73.22453,13.5282135,66.34616,247.2559,863.4431,0.028691508,-16644.450683770327,157.0,N_506
2024-05-10 22:02:53,73.2642,13.52002,66.39512,247.19296,863.445,0.028715983,-16473.647620444397,157.0,N_506
2024-05-10 22:02:54,73.3038,13.51178,66.444084,247.13701,863.44867,0.029018398,-16276.743291716713,157.0,N_506
2024-05-10 22:02:55,73.34334,13.503494,66.50003,247.07407,863.44867,0.029320814,-16078.0461063281,157.0,N_506
2024-05-10 22:02:56,73.3828,13.495163,66.555984,247.01112,863.4469,0.029712452,-15880.330699604508,157.0,N_506
2024-05-10 22:02:57,73.4222,13.486786,66.61194,246.95517,863.4469,0.029742174,-15678.854740509609,157.0,N_506
2024-05-10 22:02:58,73.46153,13.478363,66.66789,246.89221,863.44867,0.029764544,-15498.310082335267,157.0,N_506
2024-05-10 22:02:59,73.5008,13.46991,66.71685,246.82927,863.44867,0.029787302,-15300.0733572312,157.0,N_506
2024-05-10 22:03:00,73.54,13.461395,66.772804,246.77332,863.4469,0.029999375,-15113.848462439772,157.0,N_506
2024-05-10 22:03:01,73.58086,13.453049,66.82176,246.70337,863.4469,0.030766977,-14905.548795235114,157.0,N_506
2024-05-10 22:03:02,73.62158,13.444641,66.877716,246.64043,863.4469,0.03097474,-14699.707958080897,157.0,N_506
2024-05-10 22:03:03,73.662186,13.436203,66.93367,246.58447,863.45056,0.030999733,-14490.087008097387,157.0,N_506
2024-05-10 22:03:04,73.70267,13.427689,66.989624,246.52153,863.4469,0.030466547,-14284.214372936884,157.0,N_506
2024-05-10 22:03:05,73.74302,13.419144,67.04558,246.45859,863.4339,0.031047009,-14074.47671118551,157.0,N_506
2024-05-10 22:03:06,73.78325,13.410538,67.101524,246.39563,863.4469,0.030886415,-13887.696766663481,157.0,N_506
2024-05-10 22:03:07,73.82336,13.401886,67.15049,246.33269,863.52094,0.030721864,-13680.137141828201,157.0,N_506
2024-05-10 22:03:08,73.863335,13.393173,67.206436,246.26974,863.6098,0.031116918,-13470.118089229094,157.0,N_506
2024-05-10 22:03:09,73.90319,13.384415,67.26239,246.20679,863.6561,0.031234218,-13277.114987171075,157.0,N_506
2024-05-10 22:03:10,73.94292,13.37561,67.31135,246.13686,863.6506,0.031351518,-13065.492342876872,157.0,N_506
2024-05-10 22:03:11,73.98252,13.366745,67.3673,246.0739,863.63947,0.031189457,-12855.206745425106,157.0,N_506
2024-05-10 22:03:12,74.022,13.357834,67.423256,246.01096,863.63947,0.031213045,-12644.836595147306,157.0,N_506
2024-05-10 22:03:13,74.061356,13.348862,67.47921,245.94801,863.6432,0.031236636,-12430.514354169447,157.0,N_506
2024-05-10 22:03:14,74.100586,13.339844,67.535164,245.87807,863.6432,0.031270847,-12242.110806271376,157.0,N_506
2024-05-10 22:03:15,74.13969,13.33078,67.58412,245.81512,863.6413,0.031286113,-12049.183186573111,157.0,N_506
2024-05-10 22:03:16,74.178665,13.321655,67.63308,245.74518,863.6432,0.031505127,-11836.964161088657,157.0,N_506
2024-05-10 22:03:17,74.21752,13.312485,67.68903,245.68224,863.6413,0.031352177,-11626.008668985345,157.0,N_506
2024-05-10 22:03:18,74.25625,13.303268,67.74499,245.6193,863.63947,0.03156426,-11409.86161611731,157.0,N_506
2024-05-10 22:03:19,74.29485,13.293991,67.80094,245.54935,863.6413,0.03149073,-11220.525510920244,157.0,N_506
2024-05-10 22:03:20,74.333336,13.284668,67.8499,245.4864,863.64685,0.03141719,-11027.273637704648,157.0,N_506
2024-05-10 22:03:21,74.37169,13.275284,67.89886,245.41646,863.6432,0.031539176,-10815.184398332434,157.0,N_506
2024-05-10 22:03:22,74.40991,13.265854,67.95481,245.35352,863.6228,0.03166116,-10598.715996166231,157.0,N_506
2024-05-10 22:03:23,74.44802,13.256378,68.010765,245.28357,863.6413,0.03149607,-10383.514302977761,157.0,N_506
2024-05-10 22:03:24,74.486,13.246841,68.06672,245.21362,863.7376,0.03152093,-10168.265873589988,157.0,N_506
2024-05-10 22:03:25,74.52385,13.237259,68.122665,245.14369,863.83575,0.031359784,-9954.185557870105,157.0,N_506
2024-05-10 22:03:26,74.561584,13.227631,68.17862,245.07375,863.858,0.031010997,-9742.597043506004,157.0,N_506
2024-05-10 22:03:27,74.59919,13.217941,68.23457,245.0038,863.83765,0.030474508,-9560.063682616115,157.0,N_506
2024-05-10 22:03:28,74.636665,13.208206,68.28353,244.94086,863.82837,0.030494194,-9351.976307667637,157.0,N_506
2024-05-10 22:03:29,74.67402,13.198425,68.339485,244.87091,863.8339,0.03051889,-9165.395557652128,157.0,N_506
2024-05-10 22:03:30,74.71125,13.188583,68.38844,244.80098,863.83765,0.030541243,-8957.186499401842,157.0,N_506
2024-05-10 22:03:31,74.74835,13.17868,68.4444,244.73103,863.83765,0.030565917,-8749.08029355693,157.0,N_506
2024-05-10 22:03:32,74.78533,13.168747,68.50035,244.66109,863.83575,0.030587915,-8558.1391298923,157.0,N_506
2024-05-10 22:03:33,74.82219,13.158752,68.54931,244.58415,863.83575,0.03061024,-8371.21581615019,157.0,N_506
2024-05-10 22:03:34,74.85892,13.148712,68.59827,244.51422,863.83765,0.030632557,-8162.709515306388,157.0,N_506
2024-05-10 22:03:35,74.895515,13.138611,68.65422,244.44427,863.83765,0.030657204,-7954.305632084673,157.0,N_506
2024-05-10 22:03:36,74.932,13.128464,68.710175,244.37433,863.83575,0.03142986,-7740.70089559687,157.0,N_506
2024-05-10 22:03:37,74.96835,13.118256,68.76613,244.3044,863.83575,0.03128424,-7524.386099306626,157.0,N_506
2024-05-10 22:03:38,75.00458,13.108002,68.82208,244.22746,863.8395,0.03168764,-7331.492476271636,157.0,N_506
2024-05-10 22:03:39,75.04069,13.097702,68.87104,244.15752,863.845,0.032271497,-7108.316009120028,157.0,N_506
2024-05-10 22:03:40,75.07667,13.087341,68.926994,244.08058,863.83765,0.033047885,-6907.258992671754,157.0,N_506
2024-05-10 22:03:41,75.11252,13.076935,68.97595,244.01064,863.81726,0.037153505,-6675.955400886502,157.0,N_506
2024-05-10 22:03:42,75.14825,13.066483,69.02491,243.9337,863.83575,0.038500298,-6441.461757903116,157.0,N_506
2024-05-10 22:03:43,75.18385,13.055969,69.07387,243.86377,863.93396,0.038525887,-6175.187413593391,157.0,N_506
2024-05-10 22:03:44,75.21933,13.04541,69.12982,243.78683,864.0303,0.038551476,-5913.615227622466,157.0,N_506
2024-05-10 22:03:45,75.254684,13.034805,69.185776,243.71689,864.0524,0.038014024,-5651.339159023983,157.0,N_506
2024-05-10 22:03:46,75.28992,13.024139,69.24173,243.63995,864.03204,0.037664123,-5391.685427940298,157.0,N_506
2024-05-10 22:03:47,75.32502,13.013428,69.297676,243.56302,864.02466,0.037314218,-5160.370562447267,157.0,N_506
2024-05-10 22:03:48,75.36,13.002655,69.34664,243.48608,864.0284,0.038645394,-4920.711244907275,157.0,N_506
2024-05-10 22:03:49,75.39485,12.991837,69.3956,243.40915,864.03204,0.039045557,-4678.680379344883,157.0,N_506
2024-05-10 22:03:50,75.42958,12.980972,69.44456,243.33221,864.03204,0.03963197,-4405.632734951399,157.0,N_506
2024-05-10 22:03:51,75.46419,12.970047,69.50051,243.25528,864.03204,0.03796669,-4144.436047642638,157.0,N_506
2024-05-10 22:03:52,75.498665,12.959076,69.556465,243.17834,864.03204,0.037989743,-3909.5823442894903,157.0,N_506
2024-05-10 22:03:53,75.53302,12.948059,69.60542,243.10141,864.03204,0.0380128,-3674.5272386911993,157.0,N_506
2024-05-10 22:03:54,75.567245,12.936981,69.65438,243.02448,864.03204,0.036825314,-3421.393535836256,157.0,N_506
2024-05-10 22:03:55,75.60135,12.925858,69.710335,242.94754,864.03204,0.03563783,-3172.470920821266,157.0,N_506
2024-05-10 22:03:56,75.63533,12.914673,69.76629,242.8636,864.03204,0.03621948,-2949.1844870600953,157.0,N_506
2024-05-10 22:03:57,75.66918,12.903442,69.81525,242.78667,864.0303,0.035122383,-2708.1669399461407,157.0,N_506
2024-05-10 22:03:58,75.70291,12.892166,69.8712,242.70973,864.0303,0.033278592,-2498.964581678806,157.0,N_506
2024-05-10 22:03:59,75.73652,12.880829,69.92016,242.62581,864.03204,0.03273885,-2274.678522717952,157.0,N_506
2024-05-10 22:04:00,75.77,12.869446,69.976105,242.54887,864.0376,0.033135403,-2047.8821174412255,157.0,N_506
2024-05-10 22:04:01,75.804825,12.858078,70.03206,242.47194,864.03204,0.03316112,-1839.8223166630673,157.0,N_506
2024-05-10 22:04:02,75.83948,12.846664,70.08102,242.388,864.01166,0.03429855,-1624.5323510408884,157.0,N_506
2024-05-10 22:04:03,75.87396,12.835205,70.12998,242.30408,864.0303,0.033579282,-1394.8571115188397,157.0,N_506
2024-05-10 22:04:04,75.908264,12.823685,70.18593,242.22714,864.12836,0.03379008,-1160.0489598667277,157.0,N_506
2024-05-10 22:04:05,75.94239,12.812103,70.24188,242.14322,864.22656,0.0323133,-957.9058196284005,157.0,N_506
2024-05-10 22:04:06,75.97635,12.800476,70.29084,242.05928,864.24695,0.031381227,-761.5703558251505,157.0,N_506
2024-05-10 22:04:07,76.010124,12.788788,70.339806,241.97536,864.22656,0.032345146,-559.2869315003406,157.0,N_506
2024-05-10 22:04:08,76.04373,12.777054,70.38876,241.89142,864.2191,0.03331216,-328.1419385488558,157.0,N_506
2024-05-10 22:04:09,76.077156,12.765259,70.44472,241.8075,864.22284,0.03163722,-109.02522818757166,157.0,N_506
2024-05-10 22:04:10,76.11041,12.753418,70.50066,241.72357,864.2284,0.03221496,110.40710381571557,157.0,N_506
2024-05-10 22:04:11,76.14349,12.741516,70.55662,241.64664,864.22656,0.032427624,316.8365779850742,157.0,N_506
2024-05-10 22:04:12,76.1764,12.729553,70.605576,241.55571,864.22656,0.03263635,520.2926036200925,157.0,N_506
2024-05-10 22:04:13,76.20912,12.717545,70.65454,241.47177,864.22656,0.03265825,750.1300760903657,157.0,N_506
2024-05-10 22:04:14,76.24168,12.70549,70.71049,241.38086,864.22656,0.03222068,972.7439235540814,157.0,N_506
2024-05-10 22:04:15,76.274055,12.693375,70.76644,241.29692,864.22656,0.03178311,1170.280685967624,157.0,N_506
2024-05-10 22:04:16,76.30626,12.681198,70.8154,241.213,864.22656,0.031982604,1373.3057466806672,157.0,N_506
2024-05-10 22:04:17,76.338295,12.668976,70.864365,241.12207,864.22656,0.03200284,1572.1295156277442,157.0,N_506
2024-05-10 22:04:18,76.37015,12.6566925,70.91332,241.03815,864.2247,0.032588445,1800.853327228691,157.0,N_506
2024-05-10 22:04:19,76.401825,12.644363,70.96928,240.94722,864.2247,0.033174045,2033.3373031512692,157.0,N_506
2024-05-10 22:04:20,76.43333,12.631973,71.02522,240.8563,864.22656,0.03244557,2234.3730827262134,157.0,N_506
2024-05-10 22:04:21,76.46466,12.619537,71.07418,240.77237,864.2321,0.033216,2444.558229153088,157.0,N_506
2024-05-10 22:04:22,76.49581,12.60704,71.123146,240.68144,864.22656,0.03305447,2675.983934702752,157.0,N_506
2024-05-10 22:04:23,76.526794,12.594498,71.17909,240.59052,864.208,0.0328879,2883.5635891407837,157.0,N_506
2024-05-10 22:04:24,76.557594,12.581894,71.22806,240.4996,864.22656,0.035347387,3130.877042303217,157.0,N_506
2024-05-10 22:04:25,76.58823,12.569229,71.284004,240.40868,864.321,0.035183996,3352.7772897654177,157.0,N_506
2024-05-10 22:04:26,76.61868,12.556519,71.33297,240.31775,864.421,0.034270186,3568.8742552401804,157.0,N_506
2024-05-10 22:04:27,76.64896,12.543762,71.38193,240.22682,864.4487,0.03429245,3808.3729316513322,157.0,N_506
2024-05-10 22:04:28,76.67906,12.530945,71.43788,240.13591,864.4321,0.034877863,4027.849209667701,157.0,N_506
2024-05-10 22:04:29,76.70899,12.518066,71.48684,240.04498,864.41547,0.03415003,4247.15229384907,157.0,N_506
2024-05-10 22:04:30,76.73875,12.505142,71.5358,239.94707,864.4173,0.0337973,4459.633403818134,157.0,N_506
2024-05-10 22:04:31,76.768326,12.492157,71.584755,239.85614,864.42285,0.033538014,4670.369232085523,157.0,N_506
2024-05-10 22:04:32,76.79773,12.479126,71.63371,239.76521,864.421,0.033278726,4905.94856961117,157.0,N_506
2024-05-10 22:04:33,76.82696,12.466034,71.68967,239.6673,864.421,0.034242075,5144.099069614729,157.0,N_506
2024-05-10 22:04:34,76.85601,12.452896,71.74562,239.57637,864.421,0.033880517,5356.376514402045,157.0,N_506
2024-05-10 22:04:35,76.88489,12.439697,71.79458,239.48544,864.421,0.034365237,5576.067396556449,157.0,N_506
2024-05-10 22:04:36,76.9136,12.426453,71.84354,239.38753,864.421,0.034849957,5798.6842808764995,157.0,N_506
2024-05-10 22:04:37,76.94212,12.413147,71.892494,239.28961,864.421,0.034869023,6044.795244405275,157.0,N_506
2024-05-10 22:04:38,76.97048,12.39978,71.94845,239.1917,864.421,0.03414333,6262.353735302243,157.0,N_506
2024-05-10 22:04:39,76.99866,12.386368,71.997406,239.09378,864.421,0.03454012,6505.819769702053,157.0,N_506
2024-05-10 22:04:40,77.026665,12.37291,72.05336,238.99586,864.4191,0.033625472,6719.7195993330415,157.0,N_506
2024-05-10 22:04:41,77.05449,12.359375,72.10232,238.89795,864.421,0.034398332,6938.5933803530215,157.0,N_506
2024-05-10 22:04:42,77.082146,12.34581,72.151276,238.80003,864.4266,0.034608554,7158.666274272617,157.0,N_506
2024-05-10 22:04:43,77.10963,12.332184,72.20023,238.7021,864.421,0.033882234,7378.261125596772,157.0,N_506
2024-05-10 22:04:44,77.13693,12.318497,72.2492,238.5972,864.4025,0.033902135,7593.45375631643,157.0,N_506
2024-05-10 22:04:45,77.164055,12.304764,72.29816,238.49928,864.421,0.037296817,7859.812789515698,157.0,N_506
2024-05-10 22:04:46,77.19101,12.29097,72.35411,238.39436,864.51544,0.036664102,8092.149193712627,157.0,N_506
2024-05-10 22:04:47,77.21779,12.27713,72.40307,238.29645,864.6154,0.036031388,8349.0468968878,157.0,N_506
2024-05-10 22:04:48,77.24439,12.263229,72.45902,238.19154,864.64325,0.03434462,8543.761082885541,157.0,N_506
2024-05-10 22:04:49,77.27083,12.249268,72.500984,238.09363,864.6266,0.034951627,8769.396461481725,157.0,N_506
2024-05-10 22:04:50,77.29708,12.23526,72.54994,237.98871,864.60986,0.03535467,8997.25628198645,157.0,N_506
2024-05-10 22:04:51,77.32316,12.221207,72.5989,237.8838,864.61176,0.03406192,9216.558279007904,157.0,N_506
2024-05-10 22:04:52,77.34906,12.207092,72.64786,237.77888,864.6173,0.034293506,9437.179681759244,157.0,N_506
2024-05-10 22:04:53,77.374794,12.192917,72.696815,237.67398,864.6154,0.034322474,9680.840833040986,157.0,N_506
2024-05-10 22:04:54,77.400345,12.178696,72.75277,237.56906,864.6154,0.033954367,9921.515800234636,157.0,N_506
2024-05-10 22:04:55,77.42573,12.164413,72.80872,237.46416,864.6154,0.03417415,10140.636905048505,157.0,N_506
2024-05-10 22:04:56,77.45093,12.150085,72.85768,237.35924,864.6154,0.033815823,10361.682537076584,157.0,N_506
2024-05-10 22:04:57,77.47596,12.135696,72.90664,237.24733,864.6154,0.03366078,10577.294982599822,157.0,N_506
2024-05-10 22:04:58,77.50081,12.121262,72.955605,237.14243,864.6154,0.03481621,10800.212243818181,157.0,N_506
2024-05-10 22:04:59,77.52549,12.106766,73.00456,237.0375,864.6154,0.034079894,11022.424474323727,157.0,N_506
2024-05-10 22:05:00,77.549995,12.092224,73.05352,236.9256,864.6154,0.034648646,11248.135775363733,157.0,N_506
2024-05-10 22:05:01,77.575554,12.07692,73.10248,236.8137,864.6154,0.034310453,11471.445424422358,157.0,N_506
2024-05-10 22:05:02,77.6009,12.0616,73.151436,236.7018,864.6154,0.033566166,11689.686690018918,157.0,N_506
2024-05-10 22:05:03,77.62602,12.046234,73.20039,236.58989,864.61365,0.032452937,11896.514815324255,157.0,N_506
2024-05-10 22:05:04,77.65093,12.030853,73.24935,236.48497,864.6154,0.032287948,12106.056260440362,157.0,N_506
2024-05-10 22:05:05,77.67562,12.015427,73.29831,236.37306,864.621,0.032878365,12344.865943892097,157.0,N_506
2024-05-10 22:05:06,77.700096,11.999985,73.35426,236.25417,864.6154,0.03384047,12563.92780204612,157.0,N_506
2024-05-10 22:05:07,77.72436,11.984497,73.40322,236.14226,864.59326,0.03518617,12815.2214687171,157.0,N_506
2024-05-10 22:05:08,77.7484,11.968994,73.459175,236.03036,864.5914,0.03576098,13050.865366059932,157.0,N_506
2024-05-10 22:05:09,77.77222,11.953445,73.50813,235.91145,864.6581,0.033507306,13267.362661389288,157.0,N_506
2024-05-10 22:05:10,77.79583,11.937881,73.5571,235.79955,864.76917,0.03410245,13491.731780232638,157.0,N_506
2024-05-10 22:05:11,77.81922,11.922272,73.60606,235.68065,864.8284,0.03412247,13711.837962912454,157.0,N_506
2024-05-10 22:05:12,77.84239,11.906647,73.655014,235.56874,864.821,0.033577807,13932.322157764498,157.0,N_506
2024-05-10 22:05:13,77.86536,11.890991,73.70397,235.44984,864.8044,0.03303314,14148.968207449394,157.0,N_506
2024-05-10 22:05:14,77.88809,11.87529,73.75293,235.33095,864.80804,0.033620983,14369.297604109393,157.0,N_506
2024-05-10 22:05:15,77.91062,11.859573,73.80189,235.21205,864.81177,0.03232203,14560.515981647024,157.0,N_506
2024-05-10 22:05:16,77.93293,11.843811,73.84386,235.09314,864.81177,0.033943966,14782.762558032207,157.0,N_506
2024-05-10 22:05:17,77.95502,11.828033,73.892815,234.97424,864.80994,0.035565898,15038.820390661353,157.0,N_506
2024-05-10 22:05:18,77.9769,11.81221,73.94877,234.85535,864.80994,0.036157217,15274.868957998873,157.0,N_506
2024-05-10 22:05:19,77.99855,11.796371,73.99773,234.73645,864.80994,0.03411103,15501.576222606329,157.0,N_506
2024-05-10 22:05:20,78.02,11.780502,74.046684,234.61055,864.80994,0.03243766,15696.687393048689,157.0,N_506
2024-05-10 22:05:21,78.04122,11.764587,74.088646,234.48466,864.80994,0.032456294,15908.128131247813,157.0,N_506
2024-05-10 22:05:22,78.06223,11.748657,74.1376,234.36575,864.80994,0.033423025,16129.592251650793,157.0,N_506
2024-05-10 22:05:23,78.08302,11.732697,74.18656,234.23987,864.80994,0.033444628,16350.979966798654,157.0,N_506
2024-05-10 22:05:24,78.1036,11.71669,74.23553,234.11397,864.80994,0.03328105,16571.026786737068,157.0,N_506
2024-05-10 22:05:25,78.123955,11.700668,74.284485,233.98808,864.80994,0.031036353,16775.920978874143,157.0,N_506
2024-05-10 22:05:26,78.1441,11.684601,74.33344,233.86218,864.80994,0.033139043,16994.59896300237,157.0,N_506
2024-05-10 22:05:27,78.164024,11.668518,74.3824,233.73628,864.80994,0.033336066,17214.36233094433,157.0,N_506
2024-05-10 22:05:28,78.18373,11.652405,74.43136,233.6104,864.80804,0.032426022,17431.798381374476,157.0,N_506
2024-05-10 22:05:29,78.203224,11.636246,74.480316,233.47751,864.80804,0.03169352,17640.212138400424,157.0,N_506
2024-05-10 22:05:30,78.222496,11.620071,74.529274,233.35161,864.8136,0.031710103,17848.557320226195,157.0,N_506
2024-05-10 22:05:31,78.241554,11.603867,74.57823,233.22572,864.8155,0.027562158,18032.553896257454,157.0,N_506
2024-05-10 22:05:32,78.2604,11.587631,74.6272,233.09283,864.80066,0.030255087,18215.77359343829,157.0,N_506
2024-05-10 22:05:33,78.27902,11.57135,74.66916,232.95995,864.7914,0.03481935,18448.31654776072,157.0,N_506
2024-05-10 22:05:34,78.29743,11.555054,74.71812,232.82706,864.8507,0.03275646,18666.59938408628,157.0,N_506
2024-05-10 22:05:35,78.31562,11.538727,74.767075,232.69417,864.9618,0.033348255,18888.62390701036,157.0,N_506
2024-05-10 22:05:36,78.333595,11.522354,74.81603,232.56128,865.0229,0.032796375,19110.65834363253,157.0,N_506
2024-05-10 22:05:37,78.35136,11.505966,74.86499,232.4214,865.0155,0.03319136,19331.155659171854,157.0,N_506
2024-05-10 22:05:38,78.3689,11.489548,74.913956,232.28851,864.99884,0.03359848,19554.155758417277,157.0,N_506
2024-05-10 22:05:39,78.38622,11.473099,74.96291,232.15562,864.99884,0.031166377,19764.36726683859,157.0,N_506
2024-05-10 22:05:40,78.40333,11.456604,75.01187,232.01573,865.0044,0.03213152,19957.08012267825,157.0,N_506
2024-05-10 22:05:41,78.42022,11.440094,75.05383,231.88284,865.0062,0.03195746,20152.865013703216,157.0,N_506
2024-05-10 22:05:42,78.4369,11.423553,75.0958,231.74297,865.0044,0.031210484,20366.620036541466,157.0,N_506
2024-05-10 22:05:43,78.453354,11.406982,75.14476,231.59608,865.0044,0.034092505,20595.699560134857,157.0,N_506
2024-05-10 22:05:44,78.4696,11.390366,75.19372,231.4562,865.0044,0.03373495,20822.138429474206,157.0,N_506
2024-05-10 22:05:45,78.48562,11.3737335,75.242676,231.31633,865.0044,0.033002418,21023.121984555277,157.0,N_506
2024-05-10 22:05:46,78.50143,11.357071,75.28464,231.17644,865.0044,0.031127546,21235.34078579133,157.0,N_506
2024-05-10 22:05:47,78.51702,11.340378,75.3336,231.02957,865.0044,0.031910863,21448.733798666774,157.0,N_506
2024-05-10 22:05:48,78.532394,11.323654,75.38256,230.88968,865.0044,0.03174492,21645.31284206881,157.0,N_506
2024-05-10 22:05:49,78.547554,11.306885,75.42452,230.74281,865.0044,0.032146584,21863.741798194504,157.0,N_506
2024-05-10 22:05:50,78.5625,11.2901,75.47348,230.59593,865.0044,0.030653926,22052.996065151478,157.0,N_506
2024-05-10 22:05:51,78.577225,11.273285,75.51545,230.44905,865.0044,0.03219078,22291.79086034449,157.0,N_506
2024-05-10 22:05:52,78.59173,11.256439,75.571396,230.30219,865.0044,0.03261067,22492.51208495797,157.0,N_506
2024-05-10 22:05:53,78.60602,11.239563,75.613365,230.1553,865.0044,0.03358514,22703.639686496776,157.0,N_506
2024-05-10 22:05:54,78.620094,11.222656,75.65533,230.00143,865.0025,0.033217307,22928.107311574877,157.0,N_506
2024-05-10 22:05:55,78.63396,11.205719,75.704285,229.85455,865.00806,0.032194108,23148.997194303585,157.0,N_506
2024-05-10 22:05:56,78.6476,11.188736,75.75325,229.70068,865.00995,0.031170905,23358.88715489927,157.0,N_506
2024-05-10 22:05:57,78.66102,11.171738,75.80221,229.5538,864.9951,0.03024361,23547.597446388765,157.0,N_506
2024-05-10 22:05:58,78.67423,11.154709,75.84417,229.39993,864.9766,0.030837763,23739.9180473299,157.0,N_506
2024-05-10 22:05:59,78.687225,11.13765,75.88613,229.24606,865.0044,0.032376483,23961.155457316818,157.0,N_506
2024-05-10 22:06:00,78.7,11.12056,75.9351,229.0922,865.10254,0.031838782,24163.12775271463,157.0,N_506
2024-05-10 22:06:01,78.71297,11.102249,75.97706,228.93134,865.1988,0.031301077,24376.412257641292,157.0,N_506
2024-05-10 22:06:02,78.7257,11.083969,76.02602,228.77747,865.2192,0.031232594,24588.846065337275,157.0,N_506
2024-05-10 22:06:03,78.73821,11.065674,76.074974,228.6236,865.1988,0.03116411,24804.126324726494,157.0,N_506
2024-05-10 22:06:04,78.75049,11.047409,76.12393,228.46272,865.1951,0.029477477,24989.838144881112,157.0,N_506
2024-05-10 22:06:05,78.762535,11.029144,76.1659,228.30186,865.1988,0.030070595,25179.203298239365,157.0,N_506
2024-05-10 22:06:06,78.774345,11.0108795,76.20786,228.14099,865.2007,0.030471738,25370.86790418293,157.0,N_506
2024-05-10 22:06:07,78.785934,10.992645,76.24983,227.98013,865.1988,0.029731981,25561.326683932002,157.0,N_506
2024-05-10 22:06:08,78.79729,10.974411,76.291794,227.81227,865.1988,0.029771736,25765.787545191233,157.0,N_506
2024-05-10 22:06:09,78.80841,10.956177,76.34075,227.65141,865.1988,0.029600615,25954.67089499421,157.0,N_506
2024-05-10 22:06:10,78.819305,10.937958,76.38271,227.48355,865.1988,0.030015955,26179.31111252689,157.0,N_506
2024-05-10 22:06:11,78.82996,10.919754,76.43867,227.3227,865.1988,0.029658299,26367.815400547923,157.0,N_506
2024-05-10 22:06:12,78.8404,10.901566,76.48064,227.15483,865.1988,0.029682178,26573.968939327253,157.0,N_506
2024-05-10 22:06:13,78.8506,10.883377,76.529594,226.98697,865.1988,0.029895203,26763.50493551544,157.0,N_506
2024-05-10 22:06:14,78.86057,10.865189,76.571556,226.8191,865.1988,0.030108625,26958.046079102678,157.0,N_506
2024-05-10 22:06:15,78.87031,10.847031,76.613525,226.64426,865.1988,0.029951902,27147.51814202912,157.0,N_506
2024-05-10 22:06:16,78.87982,10.828873,76.65549,226.4764,865.1988,0.029204119,27352.624688484066,157.0,N_506
2024-05-10 22:06:17,78.8891,10.810715,76.704445,226.30154,865.2007,0.027890483,27531.695429020467,157.0,N_506
2024-05-10 22:06:18,78.89815,10.792572,76.746414,226.1267,865.1988,0.028238542,27709.43423450413,157.0,N_506
2024-05-10 22:06:19,78.90697,10.774445,76.788376,225.95883,865.197,0.028586604,27909.381587791104,157.0,N_506
2024-05-10 22:06:20,78.91555,10.756332,76.83733,225.78398,865.1988,0.028934663,28082.58273737431,157.0,N_506
2024-05-10 22:06:21,78.92391,10.73822,76.87231,225.60213,865.20435,0.028003786,28261.559411691476,157.0,N_506
2024-05-10 22:06:22,78.93204,10.720123,76.91427,225.42728,865.1988,0.027072906,28437.498884965036,157.0,N_506
2024-05-10 22:06:23,78.93993,10.702026,76.95624,225.24544,865.1803,0.027476866,28612.420543151464,157.0,N_506
2024-05-10 22:06:24,78.9476,10.683945,76.9982,225.07059,865.1988,0.028067842,28794.31619868492,157.0,N_506
2024-05-10 22:06:25,78.95503,10.665878,77.04016,224.88873,865.29333,0.029233249,29000.473125789624,157.0,N_506
2024-05-10 22:06:26,78.962234,10.647812,77.08912,224.7069,865.3933,0.030964097,29200.487777974136,157.0,N_506
2024-05-10 22:06:27,78.96921,10.629761,77.13109,224.52504,865.4229,0.029670775,29395.505718973338,157.0,N_506
2024-05-10 22:06:28,78.97595,10.61171,77.17305,224.3362,865.4044,0.029606225,29606.725795522194,157.0,N_506
2024-05-10 22:06:29,78.98247,10.593689,77.22201,224.14735,865.38965,0.029541675,29800.06390769106,157.0,N_506
2024-05-10 22:06:30,78.98875,10.575653,77.26398,223.95851,865.3914,0.030132849,29997.102125776913,157.0,N_506
2024-05-10 22:06:31,78.9948,10.557648,77.30594,223.76968,865.39514,0.030724024,30181.462698969113,157.0,N_506
2024-05-10 22:06:32,79.00062,10.539642,77.34091,223.58084,865.39514,0.030167356,30378.29305242534,157.0,N_506
2024-05-10 22:06:33,79.00621,10.521652,77.38287,223.392,865.3933,0.030197192,30578.53000782745,157.0,N_506
2024-05-10 22:06:34,79.01157,10.503662,77.42484,223.19615,865.3933,0.029650658,30788.32130951606,157.0,N_506
2024-05-10 22:06:35,79.0167,10.485687,77.4738,223.00732,865.3933,0.02986668,30985.484981864458,157.0,N_506
2024-05-10 22:06:36,79.0216,10.467728,77.51576,222.81148,865.3933,0.028373253,31172.498179682905,157.0,N_506
2024-05-10 22:06:37,79.02627,10.449768,77.55773,222.61565,865.3933,0.029346187,31365.64377638086,157.0,N_506
2024-05-10 22:06:38,79.0307,10.431824,77.59969,222.41982,865.3933,0.030319119,31548.98454265063,157.0,N_506
2024-05-10 22:06:39,79.03491,10.413879,77.63467,222.22398,865.3933,0.030148935,31750.58069129512,157.0,N_506
2024-05-10 22:06:40,79.03889,10.39595,77.67663,222.02115,865.3933,0.029978748,31935.01832146011,157.0,N_506
2024-05-10 22:06:41,79.04263,10.3780365,77.7116,221.81831,865.3933,0.029808564,32133.651583823194,157.0,N_506
2024-05-10 22:06:42,79.04615,10.360138,77.75356,221.6155,865.3933,0.030403065,32353.02853517252,157.0,N_506
2024-05-10 22:06:43,79.04943,10.342239,77.80252,221.41266,865.3933,0.029855095,32535.45518732575,157.0,N_506
2024-05-10 22:06:44,79.05249,10.324341,77.837494,221.20982,865.39514,0.02949541,32734.45999468796,157.0,N_506
2024-05-10 22:06:45,79.05531,10.306473,77.879456,221.0,865.3933,0.029135726,32911.873246020594,157.0,N_506
2024-05-10 22:06:46,79.05791,10.288605,77.91443,220.79718,865.3933,0.029729843,33111.81773339508,157.0,N_506
2024-05-10 22:06:47,79.060265,10.270737,77.95639,220.58736,865.3933,0.03032396,33311.75668049776,157.0,N_506
2024-05-10 22:06:48,79.0624,10.252884,77.99836,220.38452,865.4007,0.030345282,33518.58884511756,157.0,N_506
2024-05-10 22:06:49,79.0643,10.235046,78.04032,220.16771,865.4007,0.028461201,33708.72219969057,157.0,N_506
2024-05-10 22:06:50,79.06597,10.217224,78.08228,219.95789,865.38403,0.02963114,33909.89029708452,157.0,N_506
2024-05-10 22:06:51,79.06741,10.199402,78.12425,219.74107,865.37476,0.030604227,34101.72427136656,157.0,N_506
2024-05-10 22:06:52,79.06862,10.18158,78.15922,219.52425,865.43585,0.030150171,34305.848362379955,157.0,N_506
2024-05-10 22:06:53,79.0696,10.163788,78.20119,219.30743,865.54517,0.029696114,34491.2119861096,157.0,N_506
2024-05-10 22:06:54,79.07035,10.145996,78.23616,219.09062,865.60815,0.028860696,34685.868103446104,157.0,N_506
2024-05-10 22:06:55,79.07087,10.128204,78.27812,218.8738,865.5989,0.028025275,34863.51712860289,157.0,N_506
2024-05-10 22:06:56,79.07115,10.110443,78.313095,218.64998,865.58405,0.028428543,35057.814494838894,157.0,N_506
2024-05-10 22:06:57,79.07121,10.092682,78.35506,218.42618,865.58594,0.02883393,35239.86656156569,157.0,N_506
2024-05-10 22:06:58,79.07104,10.074921,78.39003,218.20236,865.5896,0.028283734,35432.50037360314,157.0,N_506
2024-05-10 22:06:59,79.07063,10.057175,78.43199,217.97855,865.5896,0.02773354,35624.06268754289,157.0,N_506
2024-05-10 22:07:00,79.07,10.039444,78.47395,217.74774,865.5896,0.027372751,35783.419154899544,157.0,N_506
2024-05-10 22:07:01,79.06831,10.020737,78.50193,217.52393,865.58777,0.027776083,35961.022288463515,157.0,N_506
2024-05-10 22:07:02,79.06643,10.00206,78.5369,217.29312,865.5896,0.027319733,36135.20119798049,157.0,N_506
2024-05-10 22:07:03,79.06434,9.983444,78.57188,217.06232,865.5896,0.026863383,36319.578236704394,157.0,N_506
2024-05-10 22:07:04,79.06204,9.964859,78.61384,216.83151,865.5896,0.026121857,36501.34190172773,157.0,N_506
2024-05-10 22:07:05,79.05955,9.94632,78.65581,216.59372,865.58777,0.02614413,36666.71915095615,157.0,N_506
2024-05-10 22:07:06,79.05685,9.927826,78.69077,216.36292,865.5896,0.027123751,36841.499210397305,157.0,N_506
2024-05-10 22:07:07,79.05395,9.909378,78.725746,216.1251,865.5896,0.027515214,37021.80026065743,157.0,N_506
2024-05-10 22:07:08,79.05084,9.890976,78.76071,215.88031,865.5896,0.027344551,37197.25894351865,157.0,N_506
2024-05-10 22:07:09,79.04754,9.872604,78.795685,215.64252,865.5896,0.027173886,37387.92180536352,157.0,N_506
2024-05-10 22:07:10,79.04403,9.854279,78.837654,215.39772,865.5896,0.027003223,37560.29945808026,157.0,N_506
2024-05-10 22:07:11,79.04031,9.835999,78.87262,215.15993,865.58777,0.026963267,37748.754710177214,157.0,N_506
2024-05-10 22:07:12,79.0364,9.817764,78.91459,214.91513,865.58777,0.026923314,37923.10626810122,157.0,N_506
2024-05-10 22:07:13,79.03228,9.799576,78.949554,214.67033,865.5896,0.026883358,38100.20706013502,157.0,N_506
2024-05-10 22:07:14,79.02796,9.781418,78.98453,214.41855,865.5896,0.027188662,38263.86727878847,157.0,N_506
2024-05-10 22:07:15,79.02344,9.763321,79.012505,214.17375,865.58777,0.027493969,38444.47115057997,157.0,N_506
2024-05-10 22:07:16,79.018715,9.7452545,79.04748,213.92197,865.58777,0.025984121,38614.56953535197,157.0,N_506
2024-05-10 22:07:17,79.01378,9.727234,79.08244,213.67018,865.59143,0.025046563,38778.1531615526,157.0,N_506
2024-05-10 22:07:18,79.00865,9.709259,79.11742,213.41838,865.597,0.025262821,38945.82569707585,157.0,N_506
2024-05-10 22:07:19,79.00332,9.691315,79.15239,213.1596,865.5896,0.026147094,39119.02484691643,157.0,N_506
2024-05-10 22:07:20,78.99778,9.673431,79.187355,212.90082,865.5693,0.027031368,39286.32582584895,157.0,N_506
2024-05-10 22:07:21,78.992035,9.655579,79.21533,212.64204,865.58777,0.026671031,39475.39134042137,157.0,N_506
2024-05-10 22:07:22,78.98609,9.637772,79.25729,212.38326,865.6859,0.026292829,39651.48675496435,157.0,N_506
2024-05-10 22:07:23,78.97995,9.62001,79.29227,212.11748,865.7822,0.026332228,39824.43993540796,157.0,N_506
2024-05-10 22:07:24,78.9736,9.602295,79.32724,211.8587,865.80255,0.027504776,40008.03604681106,157.0,N_506
2024-05-10 22:07:25,78.96705,9.58461,79.362206,211.59293,865.78406,0.028480433,40197.77896982798,157.0,N_506
2024-05-10 22:07:26,78.9603,9.566986,79.39718,211.32715,865.7785,0.029456088,40381.252909984425,157.0,N_506
2024-05-10 22:07:27,78.95334,9.549393,79.425156,211.06137,865.78406,0.02659798,40560.86114821278,157.0,N_506
2024-05-10 22:07:28,78.946175,9.531845,79.46013,210.7886,865.78595,0.025467612,40721.68877404456,157.0,N_506
2024-05-10 22:07:29,78.93881,9.514343,79.488106,210.51584,865.78406,0.026450584,40899.55088253008,157.0,N_506
2024-05-10 22:07:30,78.93125,9.496872,79.52307,210.24306,865.7822,0.026080908,41063.55512069193,157.0,N_506
2024-05-10 22:07:31,78.923485,9.479462,79.55105,209.97029,865.78406,0.025918037,41240.13015140069,157.0,N_506
2024-05-10 22:07:32,78.91551,9.462082,79.58602,209.69052,865.78406,0.025558108,41410.760203916354,157.0,N_506
2024-05-10 22:07:33,78.90734,9.444748,79.620995,209.41776,865.78406,0.026533034,41579.72580953359,157.0,N_506
2024-05-10 22:07:34,78.898964,9.42746,79.64897,209.13799,865.78406,0.027507959,41754.64981614172,157.0,N_506
2024-05-10 22:07:35,78.89038,9.410217,79.67694,208.85823,865.78406,0.027148932,41930.25691736514,157.0,N_506
2024-05-10 22:07:36,78.8816,9.393005,79.70492,208.57147,865.78406,0.026402768,42111.357993031765,157.0,N_506
2024-05-10 22:07:37,78.87262,9.3758545,79.73989,208.28471,865.78406,0.026801609,42294.70832644179,157.0,N_506
2024-05-10 22:07:38,78.86343,9.358734,79.774864,207.99796,865.78406,0.025863798,42460.5965162472,157.0,N_506
2024-05-10 22:07:39,78.854034,9.34166,79.80284,207.7112,865.78406,0.026079334,42627.624564253405,157.0,N_506
2024-05-10 22:07:40,78.844444,9.324631,79.83082,207.42444,865.78406,0.026290005,42798.836580220246,157.0,N_506
2024-05-10 22:07:41,78.83465,9.307648,79.85879,207.13068,865.78406,0.026699651,42972.34849551864,157.0,N_506
2024-05-10 22:07:42,78.82465,9.290695,79.886765,206.83693,865.78406,0.028240953,43155.593122268896,157.0,N_506
2024-05-10 22:07:43,78.81445,9.273804,79.91474,206.54317,865.78406,0.026348848,43326.08199472692,157.0,N_506
2024-05-10 22:07:44,78.80405,9.256943,79.94272,206.24942,865.78406,0.02827784,43512.181536393924,157.0,N_506
2024-05-10 22:07:45,78.79344,9.240128,79.970695,205.94867,865.78406,0.027529046,43692.8835378635,157.0,N_506
2024-05-10 22:07:46,78.78263,9.223343,79.99867,205.64793,865.78406,0.02620435,43864.44807037319,157.0,N_506
2024-05-10 22:07:47,78.771614,9.206619,80.02665,205.34718,865.78406,0.024879653,44036.91386382788,157.0,N_506
2024-05-10 22:07:48,78.7604,9.189941,80.06162,205.04643,865.78406,0.024903294,44199.009437401095,157.0,N_506
2024-05-10 22:07:49,78.748985,9.173294,80.0896,204.74568,865.78406,0.024541857,44361.36754244966,157.0,N_506
2024-05-10 22:07:50,78.73736,9.1566925,80.11758,204.43794,865.78406,0.025522035,44521.54543287551,157.0,N_506
2024-05-10 22:07:51,78.72554,9.140137,80.13856,204.1302,865.7822,0.026124576,44685.325978745976,157.0,N_506
2024-05-10 22:07:52,78.71351,9.123627,80.15954,203.82246,865.7822,0.026136257,44857.444698747575,157.0,N_506
2024-05-10 22:07:53,78.70129,9.107147,80.187515,203.51472,865.78595,0.026533885,45034.87076391992,157.0,N_506
2024-05-10 22:07:54,78.68885,9.0907135,80.21549,203.19998,865.7877,0.026556121,45212.016281303484,157.0,N_506
2024-05-10 22:07:55,78.676216,9.074341,80.24347,202.88525,865.7767,0.026963912,45391.516436897866,157.0,N_506
2024-05-10 22:07:56,78.663376,9.057999,80.27145,202.57051,865.7692,0.02717267,45566.52698478773,157.0,N_506
2024-05-10 22:07:57,78.65034,9.041702,80.29243,202.2488,865.81366,0.027381428,45739.26446683866,157.0,N_506
2024-05-10 22:07:58,78.63709,9.025436,80.31341,201.93405,865.90265,0.026250007,45916.12151316433,157.0,N_506
2024-05-10 22:07:59,78.62365,9.009232,80.341385,201.61232,865.9785,0.025507804,46087.44439744007,157.0,N_506
2024-05-10 22:08:00,78.61,8.993057,80.36936,201.29059,865.9915,0.02552505,46253.40330601855,157.0,N_506
2024-05-10 22:08:01,78.59451,8.976746,80.39034,200.96187,865.9785,0.027853234,46439.93556199438,157.0,N_506
2024-05-10 22:08:02,78.57887,8.960495,80.41832,200.64014,865.9748,0.0267189,46609.73447087298,157.0,N_506
2024-05-10 22:08:03,78.56309,8.944275,80.4393,200.31842,865.9785,0.027511436,46787.69415962695,157.0,N_506
2024-05-10 22:08:04,78.54716,8.928116,80.46028,199.98969,865.9785,0.027720729,46969.99806301967,157.0,N_506
2024-05-10 22:08:05,78.531075,8.912003,80.48127,199.65398,865.9785,0.027353894,47146.19154608577,157.0,N_506
2024-05-10 22:08:06,78.51485,8.89595,80.50225,199.32526,865.9785,0.027381847,47325.56014560029,157.0,N_506
2024-05-10 22:08:07,78.498474,8.879929,80.52323,198.98953,865.9785,0.027592976,47502.633968155766,157.0,N_506
2024-05-10 22:08:08,78.48196,8.863968,80.54421,198.66081,865.9785,0.027227402,47691.98510228186,157.0,N_506
2024-05-10 22:08:09,78.46529,8.848053,80.57219,198.3181,865.9785,0.026861826,47866.675216712036,157.0,N_506
2024-05-10 22:08:10,78.44847,8.832184,80.59317,197.98238,865.9785,0.02785557,48047.63578478424,157.0,N_506
2024-05-10 22:08:11,78.43151,8.816376,80.61416,197.64667,865.9785,0.02874124,48237.45866495924,157.0,N_506
2024-05-10 22:08:12,78.4144,8.800598,80.63514,197.30396,865.9785,0.029626913,48432.771977866476,157.0,N_506
2024-05-10 22:08:13,78.39714,8.784882,80.65612,196.96124,865.9785,0.029070182,48624.012111124204,157.0,N_506
2024-05-10 22:08:14,78.37974,8.769211,80.6771,196.61853,865.9785,0.030055355,48814.43105481146,157.0,N_506
2024-05-10 22:08:15,78.36219,8.753601,80.69109,196.27582,865.9785,0.029310632,49006.69592352753,157.0,N_506
2024-05-10 22:08:16,78.34449,8.738022,80.712074,195.9331,865.9785,0.030675748,49211.15848505319,157.0,N_506
2024-05-10 22:08:17,78.326645,8.722504,80.733055,195.5834,865.9785,0.030319279,49416.37835077104,157.0,N_506
2024-05-10 22:08:18,78.30865,8.707031,80.754036,195.2267,865.9785,0.029570006,49612.57798105818,157.0,N_506
2024-05-10 22:08:19,78.29051,8.691605,80.77502,194.877,865.9785,0.030742755,49809.194333071246,157.0,N_506
2024-05-10 22:08:20,78.272224,8.676239,80.78901,194.52728,865.9785,0.031915504,50013.119311437804,157.0,N_506
2024-05-10 22:08:21,78.253784,8.660919,80.80299,194.17758,865.9785,0.03308318,50235.78275330401,157.0,N_506
2024-05-10 22:08:22,78.23521,8.645645,80.82398,193.82088,865.9785,0.030429546,50429.374694587,157.0,N_506
2024-05-10 22:08:23,78.21648,8.630417,80.83797,193.47118,865.9785,0.028719226,50618.74732876004,157.0,N_506
2024-05-10 22:08:24,78.1976,8.615234,80.85196,193.10748,865.9785,0.027214313,50800.70822598027,157.0,N_506
2024-05-10 22:08:25,78.17857,8.600113,80.87294,192.75078,865.9785,0.02878761,50989.7803093366,157.0,N_506
2024-05-10 22:08:26,78.15941,8.585037,80.886925,192.38708,865.9785,0.029579151,51187.03190112748,157.0,N_506
2024-05-10 22:08:27,78.14008,8.570007,80.907906,192.0304,865.9785,0.029029772,51373.559247778925,157.0,N_506
2024-05-10 22:08:28,78.12062,8.555023,80.9219,191.67369,865.9785,0.028673295,51560.97149373847,157.0,N_506
2024-05-10 22:08:29,78.101006,8.540085,80.93588,191.31,865.9785,0.030035956,51760.65579874755,157.0,N_506
2024-05-10 22:08:30,78.08125,8.5252075,80.949875,190.9393,865.9785,0.031408347,51965.447709840075,157.0,N_506
2024-05-10 22:08:31,78.06134,8.510376,80.96386,190.5756,865.9767,0.030858595,52166.37234063321,157.0,N_506
2024-05-10 22:08:32,78.04129,8.49559,80.97785,190.21191,865.9767,0.031064933,52372.045509700394,157.0,N_506
2024-05-10 22:08:33,78.02109,8.4808655,80.99184,189.84123,865.98035,0.03032384,52572.46634139092,157.0,N_506
2024-05-10 22:08:34,78.00074,8.466187,81.00583,189.47054,865.98224,0.029395327,52766.40438815315,157.0,N_506
2024-05-10 22:08:35,77.98024,8.451538,81.01981,189.09985,865.9711,0.028069822,52951.25979765339,157.0,N_506
2024-05-10 22:08:36,77.9596,8.436966,81.033806,188.72917,865.9637,0.027231313,53130.285002844925,157.0,N_506
2024-05-10 22:08:37,77.93881,8.422424,81.04779,188.35847,866.0082,0.026392806,53299.871655582225,157.0,N_506
2024-05-10 22:08:38,77.91787,8.407928,81.05479,187.9878,866.09705,0.024299229,53455.78783398412,157.0,N_506
2024-05-10 22:08:39,77.89679,8.393494,81.061775,187.6171,866.173,0.0245105,53619.20616542804,157.0,N_506
2024-05-10 22:08:40,77.87556,8.379105,81.07577,187.23943,866.1878,0.024337506,53777.88715697143,157.0,N_506
2024-05-10 22:08:41,77.85417,8.364761,81.08276,186.86174,866.173,0.022619879,53925.55740864734,157.0,N_506
2024-05-10 22:08:42,77.83265,8.350479,81.09675,186.49104,866.1693,0.02399869,54084.92289435169,157.0,N_506
2024-05-10 22:08:43,77.810974,8.336243,81.11074,186.11337,866.173,0.024029005,54240.97390470057,157.0,N_506
2024-05-10 22:08:44,77.789154,8.322052,81.11773,185.73569,866.173,0.02482113,54408.39903714777,157.0,N_506
2024-05-10 22:08:45,77.76719,8.307907,81.13172,185.35101,866.173,0.024847418,54569.42523867534,157.0,N_506
2024-05-10 22:08:46,77.74507,8.293808,81.13872,184.97333,866.173,0.025453426,54733.21311165123,157.0,N_506
2024-05-10 22:08:47,77.72281,8.27977,81.13872,184.59564,866.173,0.024510698,54898.16923240011,157.0,N_506
2024-05-10 22:08:48,77.7004,8.265762,81.1527,184.21097,866.173,0.024729302,55058.057770262385,157.0,N_506
2024-05-10 22:08:49,77.67784,8.251831,81.1597,183.83328,866.173,0.024947906,55222.26197744327,157.0,N_506
2024-05-10 22:08:50,77.655136,8.23793,81.16669,183.44861,866.173,0.025740385,55391.5764591697,157.0,N_506
2024-05-10 22:08:51,77.632286,8.224075,81.17368,183.06393,866.173,0.026152346,55560.38589731649,157.0,N_506
2024-05-10 22:08:52,77.60929,8.210281,81.18068,182.68625,866.173,0.024824632,55726.34696841055,157.0,N_506
2024-05-10 22:08:53,77.58614,8.196533,81.187675,182.29459,866.173,0.023303404,55879.51024947136,157.0,N_506
2024-05-10 22:08:54,77.56285,8.182831,81.20166,181.9169,866.173,0.022362545,56025.85018524044,157.0,N_506
2024-05-10 22:08:55,77.539406,8.169189,81.20866,181.53223,866.173,0.02451378,56185.2030288329,157.0,N_506
2024-05-10 22:08:56,77.51582,8.155579,81.20866,181.14755,866.173,0.02550138,56354.095455200084,157.0,N_506
2024-05-10 22:08:57,77.49209,8.142029,81.20866,180.75587,866.173,0.023595812,56507.3954592328,157.0,N_506
2024-05-10 22:08:58,77.4682,8.128525,81.20866,180.3712,866.173,0.023037393,56657.05832745033,157.0,N_506
2024-05-10 22:08:59,77.444176,8.115067,81.20866,179.98653,866.173,0.022286609,56805.41150665167,157.0,N_506
2024-05-10 22:09:00,77.42,8.101669,81.21565,179.59485,866.173,0.023083428,56956.24014539941,157.0,N_506
2024-05-10 22:09:01,77.39445,8.088348,81.22264,179.21017,866.173,0.023101807,57107.10643943702,157.0,N_506
2024-05-10 22:09:02,77.36879,8.075058,81.22964,178.8255,866.173,0.023323737,57261.074057641345,157.0,N_506
2024-05-10 22:09:03,77.343025,8.061829,81.22964,178.43384,866.173,0.024214998,57418.07791413757,157.0,N_506
2024-05-10 22:09:04,77.317154,8.048645,81.22964,178.04915,866.173,0.025106257,57583.93308125,157.0,N_506
2024-05-10 22:09:05,77.291176,8.035507,81.22964,177.65749,866.173,0.024554696,57743.15805106563,157.0,N_506
2024-05-10 22:09:06,77.2651,8.02243,81.22964,177.27281,866.173,0.02515757,57909.36408117453,157.0,N_506
2024-05-10 22:09:07,77.238914,8.009384,81.22964,176.88113,866.173,0.025570476,58076.36743285792,157.0,N_506
2024-05-10 22:09:08,77.21262,7.996399,81.23663,176.49646,866.173,0.026171584,58250.33441743057,157.0,N_506
2024-05-10 22:09:09,77.186226,7.9834595,81.24363,176.1048,866.173,0.024653912,58409.98076291322,157.0,N_506
2024-05-10 22:09:10,77.15972,7.970566,81.24363,175.72011,866.173,0.025063032,58576.502769607665,157.0,N_506
2024-05-10 22:09:11,77.13311,7.957718,81.23663,175.32845,866.173,0.025472153,58742.84815454065,157.0,N_506
2024-05-10 22:09:12,77.1064,7.944916,81.22964,174.94377,866.173,0.023759026,58899.71503753852,157.0,N_506
2024-05-10 22:09:13,77.079575,7.9321747,81.22964,174.5521,866.173,0.02416765,59056.414510398536,157.0,N_506
2024-05-10 22:09:14,77.05265,7.9194794,81.22964,174.16742,866.173,0.024001338,59214.91196192802,157.0,N_506
2024-05-10 22:09:15,77.02562,7.90683,81.22964,173.77576,866.173,0.024411503,59374.41491937569,157.0,N_506
2024-05-10 22:09:16,76.99849,7.894226,81.22264,173.39107,866.173,0.024821669,59539.6888191434,157.0,N_506
2024-05-10 22:09:17,76.971245,7.881668,81.21565,172.9994,866.173,0.023877408,59694.715011691886,157.0,N_506
2024-05-10 22:09:18,76.9439,7.869156,81.21565,172.61473,866.173,0.024673687,59855.02089625384,157.0,N_506
2024-05-10 22:09:19,76.91644,7.8567047,81.21565,172.23006,866.173,0.02527925,60019.302347464065,157.0,N_506
2024-05-10 22:09:20,76.888885,7.844284,81.21565,171.84538,866.173,0.025688201,60190.57528721485,157.0,N_506
2024-05-10 22:09:21,76.86122,7.8319244,81.20866,171.4537,866.173,0.024747362,60352.64992236687,157.0,N_506
2024-05-10 22:09:22,76.83345,7.8196106,81.20166,171.06903,866.173,0.024579939,60513.77211141445,157.0,N_506
2024-05-10 22:09:23,76.80558,7.8073425,81.194664,170.68436,866.173,0.023640202,60668.791144646515,157.0,N_506
2024-05-10 22:09:24,76.777596,7.7951355,81.187675,170.29968,866.173,0.024436532,60828.02908721464,157.0,N_506
2024-05-10 22:09:25,76.74951,7.782959,81.187675,169.915,866.173,0.025812786,60994.54095825921,157.0,N_506
2024-05-10 22:09:26,76.72132,7.7708435,81.18068,169.53732,866.173,0.025838241,61164.422885960215,157.0,N_506
2024-05-10 22:09:27,76.69302,7.758774,81.17368,169.15265,866.173,0.026441041,61335.26663777377,157.0,N_506
2024-05-10 22:09:28,76.66462,7.74675,81.16669,168.77496,866.173,0.025691472,61504.436336758336,157.0,N_506
2024-05-10 22:09:29,76.63611,7.7347717,81.1597,168.39029,866.173,0.025519606,61676.11728335796,157.0,N_506
2024-05-10 22:09:30,76.6075,7.7228394,81.145706,168.0056,866.173,0.025544971,61845.181114562874,157.0,N_506
2024-05-10 22:09:31,76.57878,7.710968,81.13172,167.62793,866.173,0.025278006,62009.190984702334,157.0,N_506
2024-05-10 22:09:32,76.54995,7.6991425,81.124725,167.25024,866.173,0.025011038,62170.38699194842,157.0,N_506
2024-05-10 22:09:33,76.52102,7.6873474,81.124725,166.87256,866.173,0.02581227,62338.1144127867,157.0,N_506
2024-05-10 22:09:34,76.49199,7.6756134,81.11773,166.49487,866.173,0.026415937,62516.69901940415,157.0,N_506
2024-05-10 22:09:35,76.462845,7.6639404,81.103745,166.1102,866.173,0.027792552,62698.34614712781,157.0,N_506
2024-05-10 22:09:36,76.43359,7.652298,81.08975,165.73952,866.173,0.027814772,62879.84353455606,157.0,N_506
2024-05-10 22:09:37,76.40424,7.6407013,81.08276,165.36183,866.173,0.026871458,63055.880661925934,157.0,N_506
2024-05-10 22:09:38,76.37479,7.6291656,81.06877,164.99115,866.173,0.028054688,63243.30039287701,157.0,N_506
2024-05-10 22:09:39,76.34522,7.617676,81.05479,164.61346,866.173,0.02769271,63425.25963138117,157.0,N_506
2024-05-10 22:09:40,76.31555,7.6062317,81.040794,164.24277,866.173,0.027333325,63601.2409564762,157.0,N_506
2024-05-10 22:09:41,76.285774,7.5948334,81.033806,163.87209,866.173,0.027934803,63785.284299256055,157.0,N_506
2024-05-10 22:09:42,76.2559,7.583496,81.01981,163.5014,866.173,0.027574077,63963.24849238386,157.0,N_506
2024-05-10 22:09:43,76.225914,7.5721893,81.01282,163.1307,866.173,0.027596561,64145.44133075141,157.0,N_506
2024-05-10 22:09:44,76.195816,7.5609436,80.99883,162.76003,866.173,0.026265508,64315.855763405765,157.0,N_506
2024-05-10 22:09:45,76.16562,7.5497437,80.98484,162.39633,866.173,0.026097788,64491.46768804265,157.0,N_506
2024-05-10 22:09:46,76.13532,7.5385895,80.96386,162.03264,866.173,0.025151556,64658.15124092276,157.0,N_506
2024-05-10 22:09:47,76.10491,7.527481,80.949875,161.66194,866.173,0.024013938,64814.61318743905,157.0,N_506
2024-05-10 22:09:48,76.074394,7.5164185,80.93588,161.29825,866.173,0.024166886,64972.33452217801,157.0,N_506
2024-05-10 22:09:49,76.04378,7.505417,80.9219,160.93456,866.173,0.024319831,65131.29964080349,157.0,N_506
2024-05-10 22:09:50,76.013054,7.494446,80.907906,160.57086,866.173,0.024472779,65288.56760213605,157.0,N_506
2024-05-10 22:09:51,75.98222,7.483536,80.89392,160.21416,866.173,0.02681688,65470.68698348438,157.0,N_506
2024-05-10 22:09:52,75.95129,7.4726715,80.87294,159.85046,866.173,0.026263177,65640.12064440883,157.0,N_506
2024-05-10 22:09:53,75.92024,7.461853,80.85895,159.49377,866.173,0.024155308,65796.14105683086,157.0,N_506
2024-05-10 22:09:54,75.8891,7.4510956,80.84496,159.13707,866.173,0.024953771,65963.38500694578,157.0,N_506
2024-05-10 22:09:55,75.85784,7.4403687,80.82398,158.78036,866.173,0.0273012,66140.49441560208,157.0,N_506
2024-05-10 22:09:56,75.826485,7.4297028,80.80999,158.42368,866.173,0.025775297,66304.80115403862,157.0,N_506
2024-05-10 22:09:57,75.79502,7.4190826,80.796005,158.07396,866.173,0.024249393,66465.2293355711,157.0,N_506
2024-05-10 22:09:58,75.76345,7.4085083,80.77502,157.72426,866.173,0.024855461,66629.95428201511,157.0,N_506
2024-05-10 22:09:59,75.73178,7.3979797,80.754036,157.37456,866.173,0.02352283,66788.84604521525,157.0,N_506
2024-05-10 22:10:00,75.7,7.387497,80.733055,157.01785,866.17114,0.0247724,66950.71945861145,157.0,N_506
2024-05-10 22:10:01,75.66729,7.3775024,80.712074,156.67514,866.173,0.02602197,67115.06932109436,157.0,N_506
2024-05-10 22:10:02,75.63451,7.367523,80.69808,156.33243,866.1786,0.02727154,67294.1565018249,157.0,N_506
2024-05-10 22:10:03,75.60165,7.3575897,80.6771,155.98972,866.173,0.027198866,67476.26228009885,157.0,N_506
2024-05-10 22:10:04,75.56871,7.347687,80.65612,155.64001,866.1545,0.027126191,67654.98128396909,157.0,N_506
2024-05-10 22:10:05,75.53569,7.3378296,80.63514,155.2973,866.173,0.0267588,67828.4488317879,157.0,N_506
2024-05-10 22:10:06,75.502594,7.328003,80.61416,154.96158,866.26746,0.025717534,67998.52778900023,157.0,N_506
2024-05-10 22:10:07,75.46942,7.3181915,80.59317,154.61887,866.36743,0.02467627,68158.98409963369,157.0,N_506
2024-05-10 22:10:08,75.43617,7.308426,80.57219,154.28316,866.39526,0.024896082,68321.23195964438,157.0,N_506
2024-05-10 22:10:09,75.40285,7.298706,80.55121,153.94743,866.37854,0.026663389,68503.92801530552,157.0,N_506
2024-05-10 22:10:10,75.36944,7.2890015,80.52323,153.61172,866.3638,0.029973095,68700.3840443505,157.0,N_506
2024-05-10 22:10:11,75.33596,7.2793427,80.50225,153.276,866.3656,0.029224638,68888.81666631135,157.0,N_506
2024-05-10 22:10:12,75.3024,7.2697144,80.48127,152.94728,866.3656,0.02924795,69077.79805517857,157.0,N_506
2024-05-10 22:10:13,75.26876,7.2601166,80.46028,152.61856,866.3638,0.03062365,69276.10994709273,157.0,N_506
2024-05-10 22:10:14,75.23504,7.2505493,80.4393,152.28984,866.3767,0.028715424,69462.3285692549,157.0,N_506
2024-05-10 22:10:15,75.20125,7.241028,80.41832,151.9611,866.386,0.029124761,69648.04250341331,157.0,N_506
2024-05-10 22:10:16,75.16737,7.231537,80.39734,151.63937,866.32666,0.030887181,69859.11886761103,157.0,N_506
2024-05-10 22:10:17,75.13342,7.2220764,80.36936,151.31065,866.2174,0.0309067,70057.06978423343,157.0,N_506
2024-05-10 22:10:18,75.099396,7.2126465,80.34838,150.98892,866.1489,0.02957635,70253.04317919805,157.0,N_506
2024-05-10 22:10:19,75.06529,7.203247,80.320404,150.6742,866.15076,0.02863188,70443.07872635298,157.0,N_506
2024-05-10 22:10:20,75.031105,7.1938934,80.29243,150.35945,866.173,0.028072905,70633.06507304483,157.0,N_506
2024-05-10 22:10:21,74.99685,7.1845703,80.26445,150.03773,866.1786,0.030224921,70824.73593134413,157.0,N_506
2024-05-10 22:10:22,74.96251,7.1752777,80.24347,149.72299,866.173,0.03430192,71054.21405427577,157.0,N_506
2024-05-10 22:10:23,74.92809,7.1660156,80.21549,149.40826,866.17114,0.034715243,71271.28882355566,157.0,N_506
2024-05-10 22:10:24,74.8936,7.156784,80.19451,149.10052,866.173,0.03454318,71503.33152212117,157.0,N_506
2024-05-10 22:10:25,74.859024,7.1475983,80.166534,148.78578,866.173,0.032833997,71720.29648482463,157.0,N_506
2024-05-10 22:10:26,74.82438,7.138443,80.13856,148.47804,866.173,0.03381949,71933.17722829113,157.0,N_506
2024-05-10 22:10:27,74.78965,7.129318,80.11758,148.1703,866.173,0.033843957,72157.8527973307,157.0,N_506
2024-05-10 22:10:28,74.754845,7.1202393,80.0896,147.86256,866.173,0.034639087,72388.24792615727,157.0,N_506
2024-05-10 22:10:29,74.719955,7.1111755,80.06162,147.55482,866.173,0.03389515,72610.11675117463,157.0,N_506
2024-05-10 22:10:30,74.685,7.1021576,80.033646,147.25407,866.173,0.03353486,72830.1123861144,157.0,N_506
2024-05-10 22:10:31,74.649956,7.09317,80.00567,146.95332,866.173,0.03452313,73057.12716187284,157.0,N_506
2024-05-10 22:10:32,74.614845,7.0842133,79.97769,146.65257,866.173,0.033582125,73278.37834083346,157.0,N_506
2024-05-10 22:10:33,74.57965,7.075287,79.949715,146.35184,866.173,0.03264112,73499.62589016525,157.0,N_506
2024-05-10 22:10:34,74.54437,7.0664062,79.91474,146.06508,866.173,0.034595903,73724.49614086201,157.0,N_506
2024-05-10 22:10:35,74.509026,7.057556,79.886765,145.77132,866.173,0.035196193,73953.84975760503,157.0,N_506
2024-05-10 22:10:36,74.473595,7.0487366,79.85879,145.47757,866.173,0.034258943,74177.52255713259,157.0,N_506
2024-05-10 22:10:37,74.438095,7.0399475,79.83082,145.1838,866.173,0.03467077,74414.50850390531,157.0,N_506
2024-05-10 22:10:38,74.40251,7.031204,79.795845,144.89705,866.173,0.035844576,74645.2852680748,157.0,N_506
2024-05-10 22:10:39,74.366844,7.0224915,79.76787,144.61029,866.173,0.03615992,74878.69951901525,157.0,N_506
2024-05-10 22:10:40,74.33111,7.013794,79.73989,144.32353,866.173,0.036475267,75114.65333028635,157.0,N_506
2024-05-10 22:10:41,74.295296,7.0051575,79.711914,144.03677,866.173,0.035338305,75343.67950412058,157.0,N_506
2024-05-10 22:10:42,74.2594,6.9965363,79.68394,143.75002,866.173,0.03747993,75598.15892509949,157.0,N_506
2024-05-10 22:10:43,74.22343,6.987961,79.64897,143.47026,866.173,0.037507247,75853.34478415568,157.0,N_506
2024-05-10 22:10:44,74.18738,6.9794006,79.614,143.19049,866.173,0.036759503,76099.72177179984,157.0,N_506
2024-05-10 22:10:45,74.151245,6.970886,79.579025,142.91772,866.173,0.036011755,76330.91916473498,157.0,N_506
2024-05-10 22:10:46,74.11504,6.9624023,79.55105,142.63795,866.173,0.03603942,76562.85199861959,157.0,N_506
2024-05-10 22:10:47,74.07876,6.953964,79.52307,142.35818,866.173,0.03664179,76790.07253758717,157.0,N_506
2024-05-10 22:10:48,74.0424,6.9455566,79.495094,142.09242,866.173,0.036282223,77052.57684998565,157.0,N_506
2024-05-10 22:10:49,74.00596,6.9371643,79.45313,141.81964,866.173,0.036497585,77299.59575279975,157.0,N_506
2024-05-10 22:10:50,73.969444,6.9288177,79.41816,141.54688,866.173,0.034785125,77516.75156024695,157.0,N_506
2024-05-10 22:10:51,73.932846,6.920517,79.39018,141.2811,866.173,0.033072665,77737.66257424607,157.0,N_506
2024-05-10 22:10:52,73.89618,6.9122314,79.35522,141.01532,866.173,0.03367306,77962.99784439724,157.0,N_506
2024-05-10 22:10:53,73.85943,6.9039917,79.320244,140.74954,866.173,0.03369796,78170.5543619884,157.0,N_506
2024-05-10 22:10:54,73.8226,6.8957825,79.29227,140.49077,866.173,0.03372286,78397.2465972471,157.0,N_506
2024-05-10 22:10:55,73.78569,6.8876038,79.25729,140.22499,866.173,0.032971468,78619.17171785653,157.0,N_506
2024-05-10 22:10:56,73.74871,6.8794556,79.22233,139.95921,866.173,0.032799892,78818.38688098447,157.0,N_506
2024-05-10 22:10:57,73.71165,6.871353,79.19435,139.70743,866.173,0.033210523,79039.01890117345,157.0,N_506
2024-05-10 22:10:58,73.67451,6.8632812,79.15938,139.44864,866.173,0.03284692,79257.50849072657,157.0,N_506
2024-05-10 22:10:59,73.63729,6.85524,79.12441,139.18987,866.173,0.032483313,79470.16209172674,157.0,N_506
2024-05-10 22:11:00,73.6,6.847229,79.08944,138.93806,866.173,0.035016775,79700.01620694957,157.0,N_506
2024-05-10 22:11:01,73.56213,6.839569,79.05447,138.68628,866.173,0.034275237,79921.3271085273,157.0,N_506
2024-05-10 22:11:02,73.52421,6.8319397,79.0195,138.44148,866.173,0.03352364,80142.24809025542,157.0,N_506
2024-05-10 22:11:03,73.48622,6.8243256,78.98453,138.1897,866.173,0.03431916,80385.62110068632,157.0,N_506
2024-05-10 22:11:04,73.44817,6.816742,78.942566,137.93791,866.173,0.03646541,80622.59344341572,157.0,N_506
2024-05-10 22:11:05,73.410065,6.809189,78.90759,137.69312,866.173,0.03840478,80856.22927853724,157.0,N_506
2024-05-10 22:11:06,73.3719,6.801651,78.879616,137.44832,866.173,0.036122814,81087.71845743278,157.0,N_506
2024-05-10 22:11:07,73.33367,6.7941284,78.84464,137.21053,866.173,0.036920074,81329.17906877343,157.0,N_506
2024-05-10 22:11:08,73.29538,6.7866364,78.80968,136.96573,866.173,0.038099825,81593.31776054305,157.0,N_506
2024-05-10 22:11:09,73.25703,6.7791595,78.76771,136.72794,866.173,0.03561925,81822.76591497591,157.0,N_506
2024-05-10 22:11:10,73.21861,6.7717133,78.73274,136.49013,866.173,0.03592685,82072.70499343575,157.0,N_506
2024-05-10 22:11:11,73.18014,6.764282,78.69077,136.25233,866.173,0.036234446,82307.15267081483,157.0,N_506
2024-05-10 22:11:12,73.1416,6.7568817,78.65581,136.01453,866.173,0.034329616,82529.75870787317,157.0,N_506
2024-05-10 22:11:13,73.103004,6.7495117,78.620834,135.77673,866.173,0.033964105,82746.22889633571,157.0,N_506
2024-05-10 22:11:14,73.06435,6.742157,78.58586,135.54593,866.173,0.033212334,82954.22834401742,157.0,N_506
2024-05-10 22:11:15,73.02563,6.7348175,78.550896,135.32211,866.173,0.0342073,83177.39212944929,157.0,N_506
2024-05-10 22:11:16,72.98685,6.7275085,78.51592,135.08432,866.173,0.033648714,83406.10391890259,157.0,N_506
2024-05-10 22:11:17,72.948006,6.720215,78.47395,134.8605,866.173,0.035399854,83651.22796944324,157.0,N_506
2024-05-10 22:11:18,72.9091,6.7129517,78.43199,134.6297,866.173,0.035429563,83874.93018698992,157.0,N_506
2024-05-10 22:11:19,72.87014,6.705719,78.39702,134.40588,866.173,0.034100674,84108.02713837169,157.0,N_506
2024-05-10 22:11:20,72.83111,6.6985016,78.35506,134.18207,866.173,0.032162625,84307.80695519659,157.0,N_506
2024-05-10 22:11:21,72.79202,6.6912994,78.32008,133.96526,866.173,0.032184657,84528.52130587494,157.0,N_506
2024-05-10 22:11:22,72.75288,6.684128,78.27812,133.74144,866.173,0.035673585,84751.17177380307,157.0,N_506
2024-05-10 22:11:23,72.71367,6.6769867,78.24315,133.52463,866.173,0.035697818,84992.8302447424,157.0,N_506
2024-05-10 22:11:24,72.6744,6.669861,78.20119,133.30782,866.173,0.035722055,85216.70933701258,157.0,N_506
2024-05-10 22:11:25,72.63507,6.6627502,78.166214,133.09099,866.173,0.035744358,85459.508094314,157.0,N_506
2024-05-10 22:11:26,72.59568,6.65567,78.12425,132.87418,866.173,0.03637006,85688.37382726316,157.0,N_506
2024-05-10 22:11:27,72.55623,6.6486053,78.08928,132.65736,866.173,0.03639238,85936.4513457971,157.0,N_506
2024-05-10 22:11:28,72.51671,6.641571,78.04732,132.44054,866.173,0.035811532,86158.12344205397,157.0,N_506
2024-05-10 22:11:29,72.477135,6.6345673,78.012344,132.23071,866.173,0.035833783,86419.19443281027,157.0,N_506
2024-05-10 22:11:30,72.4375,6.6275787,77.96339,132.02089,866.173,0.035850283,86660.40459414144,157.0,N_506
2024-05-10 22:11:31,72.397804,6.6206207,77.921425,131.81107,866.173,0.03587505,86898.15032833167,157.0,N_506
2024-05-10 22:11:32,72.35805,6.613678,77.879456,131.60825,866.173,0.038275417,87137.21658350174,157.0,N_506
2024-05-10 22:11:33,72.31823,6.6067505,77.84449,131.39842,866.173,0.038487833,87393.35184304616,157.0,N_506
2024-05-10 22:11:34,72.27834,6.5998535,77.80252,131.19559,866.17114,0.038700253,87631.05133710192,157.0,N_506
2024-05-10 22:11:35,72.2384,6.592987,77.76755,130.99275,866.1693,0.03891267,87890.84670971434,157.0,N_506
2024-05-10 22:11:36,72.1984,6.586136,77.725586,130.78993,866.18036,0.03797822,88166.2030370949,157.0,N_506
2024-05-10 22:11:37,72.15834,6.5793,77.67663,130.5871,866.1859,0.03779461,88414.67074913185,157.0,N_506
2024-05-10 22:11:38,72.11821,6.5724945,77.63467,130.39127,866.1415,0.038779967,88649.8006511065,157.0,N_506
2024-05-10 22:11:39,72.078026,6.5657196,77.59969,130.19543,866.0526,0.039759107,88917.16000152862,157.0,N_506
2024-05-10 22:11:40,72.03778,6.55896,77.55773,129.9926,865.9785,0.039405227,89177.68233124386,157.0,N_506
2024-05-10 22:11:41,71.99747,6.552231,77.51576,129.79677,865.9637,0.04000883,89437.89971773376,157.0,N_506
2024-05-10 22:11:42,71.9571,6.545517,77.4738,129.60793,865.9785,0.04023273,89704.8682343465,157.0,N_506
2024-05-10 22:11:43,71.91667,6.5388184,77.43183,129.4121,865.98224,0.038519815,89935.59477173649,157.0,N_506
2024-05-10 22:11:44,71.87618,6.5321503,77.396866,129.22325,865.9785,0.03892943,90190.09799899631,157.0,N_506
2024-05-10 22:11:45,71.835625,6.5255127,77.3549,129.03441,865.9767,0.040307913,90477.21192138453,157.0,N_506
2024-05-10 22:11:46,71.79501,6.5188904,77.30594,128.84557,865.9785,0.04052295,90747.7544563683,157.0,N_506
2024-05-10 22:11:47,71.75434,6.5122986,77.26398,128.64973,865.9785,0.0403374,91035.90240552301,157.0,N_506
2024-05-10 22:11:48,71.7136,6.505722,77.21502,128.46089,865.9785,0.04054753,91275.82826183167,157.0,N_506
2024-05-10 22:11:49,71.672806,6.499176,77.180046,128.27904,865.9785,0.039896335,91538.86826471204,157.0,N_506
2024-05-10 22:11:50,71.63194,6.4926453,77.138084,128.0902,865.9785,0.03924514,91793.06242244871,157.0,N_506
2024-05-10 22:11:51,71.59103,6.4861298,77.096115,127.908356,865.9785,0.036753014,92031.39361569376,157.0,N_506
2024-05-10 22:11:52,71.55005,6.479645,77.05415,127.72651,865.9785,0.036987737,92267.18009147061,157.0,N_506
2024-05-10 22:11:53,71.509,6.4731903,77.012184,127.55165,865.9785,0.037009764,92529.45029071465,157.0,N_506
2024-05-10 22:11:54,71.4679,6.466751,76.96323,127.369804,865.9785,0.035831474,92762.76676069776,157.0,N_506
2024-05-10 22:11:55,71.426735,6.4603424,76.921265,127.18796,865.9785,0.036143415,92998.6596895528,157.0,N_506
2024-05-10 22:11:56,71.38551,6.453949,76.879295,127.00611,865.9785,0.036455356,93232.4471170198,157.0,N_506
2024-05-10 22:11:57,71.34422,6.447586,76.83733,126.83126,865.9785,0.036474414,93488.15701212197,157.0,N_506
2024-05-10 22:11:58,71.30288,6.4412384,76.788376,126.65641,865.9785,0.036493473,93718.37344151123,157.0,N_506
2024-05-10 22:11:59,71.26147,6.4349213,76.746414,126.48855,865.9785,0.036515355,93953.72689804772,157.0,N_506
2024-05-10 22:12:00,71.22,6.4286194,76.704445,126.3137,865.9785,0.035976082,94206.92694020315,157.0,N_506
2024-05-10 22:12:01,71.17815,6.4224854,76.65549,126.13884,865.9785,0.03599717,94435.01143790824,157.0,N_506
2024-05-10 22:12:02,71.13623,6.4163666,76.613525,125.970985,865.9785,0.036018256,94668.2413953495,157.0,N_506
2024-05-10 22:12:03,71.09428,6.410263,76.571556,125.79613,865.9785,0.036039345,94897.39247539054,157.0,N_506
2024-05-10 22:12:04,71.05227,6.40419,76.529594,125.62827,865.9785,0.03606677,95148.42654860736,157.0,N_506
2024-05-10 22:12:05,71.01021,6.3981323,76.48064,125.46041,865.9785,0.0360942,95378.53946473195,157.0,N_506
2024-05-10 22:12:06,70.9681,6.39209,76.43867,125.29256,865.9785,0.036102414,95604.67672431852,157.0,N_506
2024-05-10 22:12:07,70.92594,6.3860626,76.396706,125.13169,865.9785,0.036124412,95857.09174243036,157.0,N_506
2024-05-10 22:12:08,70.883736,6.3800507,76.34775,124.96383,865.98035,0.036151864,96088.61699837961,157.0,N_506
2024-05-10 22:12:09,70.84148,6.374069,76.30578,124.795975,865.98035,0.036173824,96316.18314488139,157.0,N_506
2024-05-10 22:12:10,70.799164,6.368088,76.26382,124.63511,865.9748,0.03561791,96540.55965369781,157.0,N_506
2024-05-10 22:12:11,70.756805,6.362137,76.221855,124.47424,865.973,0.035639808,96786.68262690127,157.0,N_506
2024-05-10 22:12:12,70.7144,6.356201,76.17289,124.31338,865.9878,0.035672422,97033.18672561506,157.0,N_506
2024-05-10 22:12:13,70.67194,6.350281,76.12393,124.15251,865.9971,0.03597755,97282.1433496728,157.0,N_506
2024-05-10 22:12:14,70.62943,6.344391,76.074974,123.991646,865.9359,0.03628268,97507.40884749037,157.0,N_506
2024-05-10 22:12:15,70.586876,6.338516,76.03301,123.837776,865.8248,0.036304533,97737.90601348295,157.0,N_506
2024-05-10 22:12:16,70.544266,6.3326416,75.99104,123.67691,865.7637,0.036334578,97986.17345052738,157.0,N_506
2024-05-10 22:12:17,70.50161,6.3267975,75.942085,123.52304,865.77295,0.03635891,98212.86970047088,157.0,N_506
2024-05-10 22:12:18,70.4589,6.320984,75.90012,123.36917,865.7896,0.034605384,98428.9857074167,157.0,N_506
2024-05-10 22:12:19,70.41614,6.3151703,75.85816,123.2153,865.7896,0.034627058,98666.37536578708,157.0,N_506
2024-05-10 22:12:20,70.37333,6.309387,75.8092,123.06143,865.78406,0.034855813,98901.44248136203,157.0,N_506
2024-05-10 22:12:21,70.330475,6.3036194,75.76024,122.91456,865.7822,0.035084568,99142.44601106874,157.0,N_506
2024-05-10 22:12:22,70.28757,6.297867,75.71128,122.76069,865.78406,0.035313323,99364.1597791644,157.0,N_506
2024-05-10 22:12:23,70.244606,6.2921295,75.66932,122.60681,865.78406,0.035334963,99581.92142551509,157.0,N_506
2024-05-10 22:12:24,70.2016,6.2864075,75.62735,122.45994,865.78406,0.033861637,99811.42535529246,157.0,N_506
2024-05-10 22:12:25,70.15854,6.280716,75.57839,122.313065,865.78406,0.032388315,100034.83337746149,157.0,N_506
2024-05-10 22:12:26,70.11543,6.2750397,75.529434,122.159195,865.78406,0.03091499,100240.99550443348,157.0,N_506
2024-05-10 22:12:27,70.07227,6.2693787,75.48048,122.01931,865.78406,0.0313183,100434.79067156966,157.0,N_506
2024-05-10 22:12:28,70.02906,6.263733,75.438515,121.87244,865.78406,0.03230738,100654.73170829448,157.0,N_506
2024-05-10 22:12:29,69.98581,6.2581024,75.38955,121.725555,865.78406,0.03256584,100876.53077718198,157.0,N_506
2024-05-10 22:12:30,69.9425,6.2525024,75.34059,121.57868,865.78406,0.037348207,101104.029694179,157.0,N_506
2024-05-10 22:12:31,69.89914,6.2469177,75.29863,121.4388,865.78406,0.032839023,101324.4857743615,157.0,N_506
2024-05-10 22:12:32,69.85573,6.241333,75.24967,121.29891,865.78406,0.028914014,101500.73844482438,157.0,N_506
2024-05-10 22:12:33,69.81227,6.235794,75.2077,121.159035,865.78406,0.028932417,101698.67439559975,157.0,N_506
2024-05-10 22:12:34,69.76876,6.230255,75.158745,121.01215,865.7822,0.042448517,101984.78771146337,157.0,N_506
2024-05-10 22:12:35,69.725204,6.2247467,75.10979,120.87228,865.78406,0.04247233,102239.92904410255,157.0,N_506
2024-05-10 22:12:36,69.681595,6.2192383,75.067825,120.73939,865.78406,0.050115943,102578.92421160263,157.0,N_506
2024-05-10 22:12:37,69.63794,6.2137604,75.01887,120.5995,865.7804,0.05775956,102963.29954370976,157.0,N_506
2024-05-10 22:12:38,69.59423,6.2082977,74.9699,120.46661,865.7767,0.05053498,103305.7527159862,157.0,N_506
2024-05-10 22:12:39,69.55047,6.2028656,74.920944,120.32674,865.78406,0.050556507,103648.72212394445,157.0,N_506
2024-05-10 22:12:40,69.50666,6.1974335,74.87199,120.18685,865.80255,0.0461685,103956.59080832066,157.0,N_506
2024-05-10 22:12:41,69.46281,6.192032,74.82303,120.05396,865.78406,0.04178049,104235.36942575574,157.0,N_506
2024-05-10 22:12:42,69.4189,6.1866455,74.77407,119.921074,865.6859,0.038827844,104494.61252234869,157.0,N_506
2024-05-10 22:12:43,69.37494,6.1812744,74.72511,119.788185,865.5896,0.0358752,104712.11624990463,157.0,N_506
2024-05-10 22:12:44,69.33093,6.1759186,74.68314,119.6553,865.5693,0.03597878,104952.85160962115,157.0,N_506
2024-05-10 22:12:45,69.28687,6.1705933,74.634186,119.52241,865.5896,0.03503958,105183.18831484314,157.0,N_506
2024-05-10 22:12:46,69.24276,6.165268,74.58523,119.396515,865.5933,0.036878716,105430.37448029022,157.0,N_506
2024-05-10 22:12:47,69.1986,6.159973,74.53627,119.263626,865.5896,0.027754502,105612.86311484157,157.0,N_506
2024-05-10 22:12:48,69.154396,6.1546936,74.48731,119.13773,865.58594,0.030071272,105814.57075522827,157.0,N_506
2024-05-10 22:12:49,69.11014,6.1494293,74.438354,119.004845,865.58777,0.025605852,105967.12106185593,157.0,N_506
2024-05-10 22:12:50,69.06583,6.1441956,74.396385,118.87895,865.5896,0.038080774,106248.15776178637,157.0,N_506
2024-05-10 22:12:51,69.02147,6.138977,74.34044,118.74606,865.5896,0.018777708,106371.4743466733,157.0,N_506
2024-05-10 22:12:52,68.97706,6.1337585,74.29147,118.62017,865.58777,0.0042473404,106397.75422194165,157.0,N_506
2024-05-10 22:12:53,68.9326,6.1285706,74.242516,118.50127,865.58777,0.004913097,106425.9661066048,157.0,N_506
2024-05-10 22:12:54,68.88809,6.123413,74.200554,118.375374,865.5896,0.005540242,106461.5883302171,157.0,N_506
2024-05-10 22:12:55,68.84354,6.1182556,74.151596,118.24948,865.5896,0.014804632,106549.79201806012,157.0,N_506
2024-05-10 22:12:56,68.79893,6.1131287,74.10963,118.12359,865.58777,0.015493827,106650.17525729613,157.0,N_506
2024-05-10 22:12:57,68.75427,6.1080017,74.06067,118.004684,865.58777,0.01618302,106755.04778199777,157.0,N_506
2024-05-10 22:12:58,68.709564,6.1029053,74.01171,117.88579,865.5896,0.011671265,106831.76415102603,157.0,N_506
2024-05-10 22:12:59,68.6648,6.0978394,73.96275,117.759895,865.59143,0.011115267,106903.43886321825,157.0,N_506
2024-05-10 22:13:00,68.619995,6.0927734,73.913795,117.64099,865.5896,0.011607064,106978.44430824473,157.0,N_506
2024-05-10 22:13:01,68.574974,6.0878906,73.86484,117.522095,865.58405,0.01209886,107056.7659494224,157.0,N_506
2024-05-10 22:13:02,68.52991,6.083008,73.81588,117.40319,865.5896,0.012960443,107140.85753018061,157.0,N_506
2024-05-10 22:13:03,68.484795,6.0781403,73.766914,117.284294,865.60815,0.013822026,107239.81655632489,157.0,N_506
2024-05-10 22:13:04,68.43964,6.073303,73.71097,117.1654,865.5896,0.0075599733,107288.18196748661,157.0,N_506
2024-05-10 22:13:05,68.39444,6.068466,73.66201,117.04649,865.4933,0.010716954,107357.66271835138,157.0,N_506
2024-05-10 22:13:06,68.3492,6.063629,73.613045,116.9276,865.3933,0.008953472,107414.41743259419,157.0,N_506
2024-05-10 22:13:07,68.30391,6.0588226,73.56409,116.81569,865.3655,0.0123260245,107486.99002525088,157.0,N_506
2024-05-10 22:13:08,68.258575,6.0540314,73.522125,116.696785,865.38403,0.014719929,107581.56857899133,157.0,N_506
2024-05-10 22:13:09,68.213196,6.04924,73.47317,116.584885,865.39886,0.0091101965,107646.61746917013,157.0,N_506
2024-05-10 22:13:10,68.16777,6.044464,73.41721,116.46598,865.397,0.0069827093,107690.54633649929,157.0,N_506
2024-05-10 22:13:11,68.12231,6.0397186,73.368256,116.35408,865.3933,0.004855222,107720.79456289813,157.0,N_506
2024-05-10 22:13:12,68.0768,6.034973,73.3193,116.24217,865.3933,0.011762886,107796.25113264237,157.0,N_506
2024-05-10 22:13:13,68.03124,6.0302277,73.27033,116.130264,865.39514,0.007650953,107844.85155248323,157.0,N_506
2024-05-10 22:13:14,67.98564,6.0255127,73.221375,116.01836,865.39514,0.004976322,107875.36782302396,157.0,N_506
2024-05-10 22:13:15,67.939995,6.020813,73.17242,115.913445,865.3933,0.001850305,107887.2745091136,157.0,N_506
2024-05-10 22:13:16,67.89431,6.0161133,73.11646,115.801544,865.3933,-0.0012655153,107876.4960382395,157.0,N_506
2024-05-10 22:13:17,67.84857,6.011429,73.06052,115.68964,865.3933,-0.0012615984,107866.57279682747,157.0,N_506
2024-05-10 22:13:18,67.802795,6.006775,73.01155,115.57773,865.3933,0.0034750348,107885.26304315646,157.0,N_506
2024-05-10 22:13:19,67.75697,6.002121,72.96959,115.47282,865.3933,0.010601679,107952.39994824097,157.0,N_506
2024-05-10 22:13:20,67.711105,5.997467,72.92063,115.367905,865.39514,0.008462308,108006.67256277626,157.0,N_506
2024-05-10 22:13:21,67.6652,5.9928436,72.87167,115.256004,865.3933,0.00060181954,108009.49065780686,157.0,N_506
2024-05-10 22:13:22,67.61924,5.9882355,72.81572,115.15109,865.38965,0.007109163,108053.88069035282,157.0,N_506
2024-05-10 22:13:23,67.57324,5.9836273,72.76676,115.04618,865.3933,0.007713824,108102.38078034307,157.0,N_506
2024-05-10 22:13:24,67.5272,5.9790344,72.717804,114.94127,865.4137,0.003007092,108120.41750494631,157.0,N_506
2024-05-10 22:13:25,67.48111,5.974457,72.66884,114.83636,865.3933,0.0087800985,108175.91220988233,157.0,N_506
2024-05-10 22:13:26,67.434975,5.9698944,72.61988,114.731445,865.2989,0.0121657485,108253.42946931504,157.0,N_506
2024-05-10 22:13:27,67.388794,5.9653473,72.57092,114.62653,865.1988,0.00644305,108293.83169343873,157.0,N_506
2024-05-10 22:13:28,67.342575,5.9608154,72.521965,114.52162,865.1711,0.0068312488,108341.36127983758,157.0,N_506
2024-05-10 22:13:29,67.29631,5.9562836,72.46601,114.41671,865.1896,0.004488021,108368.39318899266,157.0,N_506
2024-05-10 22:13:30,67.24999,5.951782,72.41705,114.31879,865.20435,0.0114039,108441.23088804877,157.0,N_506
2024-05-10 22:13:31,67.20364,5.947281,72.368095,114.213875,865.2026,0.0015863518,108449.9151645534,157.0,N_506
2024-05-10 22:13:32,67.15724,5.942795,72.31914,114.11596,865.1988,0.0012619836,108456.71473323685,157.0,N_506
2024-05-10 22:13:33,67.110794,5.938324,72.27018,114.01105,865.1988,0.0010967668,108463.02388713292,157.0,N_506
2024-05-10 22:13:34,67.06431,5.9338684,72.214226,113.91313,865.1988,0.0037114976,108487.72538261137,157.0,N_506
2024-05-10 22:13:35,67.01778,5.929413,72.15827,113.815216,865.1988,-0.011623763,108411.60637846706,157.0,N_506
2024-05-10 22:13:36,66.9712,5.924988,72.109314,113.71729,865.2007,-0.013290259,108323.18465425713,157.0,N_506
2024-05-10 22:13:37,66.924576,5.9205627,72.060356,113.61238,865.2007,-0.014633207,108227.77272007431,157.0,N_506
2024-05-10 22:13:38,66.87791,5.916153,72.0114,113.514465,865.197,-0.020548934,108096.84835296842,157.0,N_506
2024-05-10 22:13:39,66.8312,5.9117584,71.96244,113.423546,865.19147,-0.017146636,107985.16956549081,157.0,N_506
2024-05-10 22:13:40,66.78444,5.907379,71.913475,113.32562,865.1988,-0.008213697,107925.34383778462,157.0,N_506
2024-05-10 22:13:41,66.73764,5.903015,71.85753,113.22771,865.2192,-0.008046953,107866.49972660499,157.0,N_506
2024-05-10 22:13:42,66.690796,5.8986664,71.801575,113.12979,865.1988,-0.014352184,107772.40192181309,157.0,N_506
2024-05-10 22:13:43,66.643906,5.8943176,71.75262,113.031876,865.10254,-0.014554025,107678.92699051884,157.0,N_506
2024-05-10 22:13:44,66.59698,5.8899994,71.70365,112.94095,865.0044,-0.012682507,107595.65389265915,157.0,N_506
2024-05-10 22:13:45,66.549995,5.885681,71.65469,112.84303,864.984,0.00071390136,107598.74152524491,157.0,N_506
2024-05-10 22:13:46,66.502975,5.881378,71.605736,112.752106,865.0044,-5.9254846e-05,107596.91554973577,157.0,N_506
2024-05-10 22:13:47,66.45591,5.8770905,71.54978,112.66119,865.01184,-0.009779364,107533.33918606988,157.0,N_506
2024-05-10 22:13:48,66.4088,5.8728027,71.500824,112.57026,865.00806,-0.015937377,107428.74577232807,157.0,N_506
2024-05-10 22:13:49,66.36164,5.8685455,71.451866,112.47234,865.0025,0.0017460175,107438.39844320883,157.0,N_506
2024-05-10 22:13:50,66.31444,5.8642883,71.40291,112.381424,865.0044,0.009476657,107503.6665095334,157.0,N_506
2024-05-10 22:13:51,66.2672,5.8600616,71.346954,112.2905,865.0044,-0.009166756,107437.56014875922,157.0,N_506
2024-05-10 22:13:52,66.21991,5.855835,71.291,112.19957,865.0044,-0.033937853,107220.06245063382,157.0,N_506
2024-05-10 22:13:53,66.17258,5.8516235,71.24204,112.10865,865.0044,-0.040181227,106962.827589848,157.0,N_506
2024-05-10 22:13:54,66.1252,5.8474274,71.193085,112.01772,865.0044,-0.026794463,106772.46220066362,157.0,N_506
2024-05-10 22:13:55,66.077774,5.8432465,71.13713,111.9268,865.0062,-0.013407702,106676.28129035687,157.0,N_506
2024-05-10 22:13:56,66.030304,5.8390656,71.08118,111.83588,865.0062,-0.020584457,106543.37391769979,157.0,N_506
2024-05-10 22:13:57,65.982796,5.834915,71.03222,111.74496,865.0025,-0.012924451,106461.09636307586,157.0,N_506
2024-05-10 22:13:58,65.93524,5.830765,70.98326,111.661026,864.997,-0.018757118,106339.87246090328,157.0,N_506
2024-05-10 22:13:59,65.88764,5.8266296,70.9343,111.57011,865.0044,-0.022611752,106181.17809959392,157.0,N_506
2024-05-10 22:14:00,65.84,5.82251,70.87835,111.486176,865.0248,-0.04131856,105887.23476972035,157.0,N_506
2024-05-10 22:14:01,65.7919,5.8184814,70.822395,111.39525,865.0044,-0.03469514,105668.03175532822,157.0,N_506
2024-05-10 22:14:02,65.74377,5.8144684,70.77344,111.31132,864.9081,-0.028071724,105490.45849551898,157.0,N_506
2024-05-10 22:14:03,65.69561,5.8104553,70.72448,111.227394,864.80994,-0.021448309,105339.57486046557,157.0,N_506
2024-05-10 22:14:04,65.647415,5.8064575,70.668526,111.14346,864.7914,-0.014824891,105242.90722118852,157.0,N_506
2024-05-10 22:14:05,65.5992,5.802475,70.61957,111.052536,864.80994,-0.01951029,105105.37304379251,157.0,N_506
2024-05-10 22:14:06,65.55095,5.7984924,70.563614,110.96861,864.8155,-0.020047784,104977.67952479838,157.0,N_506
2024-05-10 22:14:07,65.50266,5.7945404,70.514656,110.88468,864.80994,-0.019205472,104855.37500861798,157.0,N_506
2024-05-10 22:14:08,65.45435,5.790573,70.4657,110.80075,864.80804,-0.021725612,104702.1754459383,157.0,N_506
2024-05-10 22:14:09,65.406006,5.7866364,70.409744,110.71682,864.80994,-0.02463161,104545.35078321873,157.0,N_506
2024-05-10 22:14:10,65.357635,5.7826996,70.36079,110.63289,864.80994,-0.027716536,104353.26383075753,157.0,N_506
2024-05-10 22:14:11,65.309235,5.778778,70.30483,110.555954,864.80994,-0.025758121,104171.46657641768,157.0,N_506
2024-05-10 22:14:12,65.260796,5.7748566,70.24888,110.47203,864.80994,-0.030761553,103975.6203580734,157.0,N_506
2024-05-10 22:14:13,65.21233,5.7709656,70.19992,110.3881,864.81177,-0.028219804,103795.88322353638,157.0,N_506
2024-05-10 22:14:14,65.16383,5.7670593,70.15096,110.30417,864.80804,-0.025678057,103614.50900308268,157.0,N_506
2024-05-10 22:14:15,65.11531,5.7631836,70.09501,110.22024,864.8062,-0.016546758,103498.85621915998,157.0,N_506
2024-05-10 22:14:16,65.06675,5.759308,70.039055,110.1433,864.8173,-0.020767564,103365.82281088021,157.0,N_506
2024-05-10 22:14:17,65.018166,5.7554474,69.9901,110.05937,864.82477,-0.020879569,103234.88206759858,157.0,N_506
2024-05-10 22:14:18,64.96954,5.751602,69.94114,109.98244,864.77844,-0.029055344,103049.311651775,157.0,N_506
2024-05-10 22:14:19,64.9209,5.747757,69.89218,109.89851,864.6896,-0.031247213,102832.06435007695,157.0,N_506
2024-05-10 22:14:20,64.872215,5.743927,69.83623,109.82157,864.6154,-0.03343908,102599.42906519114,157.0,N_506
2024-05-10 22:14:21,64.82351,5.7401123,69.78027,109.74464,864.60065,-0.029376969,102394.77092078645,157.0,N_506
2024-05-10 22:14:22,64.77477,5.7362976,69.72432,109.6677,864.6154,-0.03456232,102173.54538747342,157.0,N_506
2024-05-10 22:14:23,64.726,5.732498,69.67536,109.58378,864.6192,-0.028770525,101993.03648032129,157.0,N_506
2024-05-10 22:14:24,64.6772,5.7286987,69.6264,109.506836,864.6154,-0.02680037,101806.10897941631,157.0,N_506
2024-05-10 22:14:25,64.628365,5.72493,69.57045,109.4299,864.61365,-0.030245548,101595.0648785295,157.0,N_506
2024-05-10 22:14:26,64.579506,5.721161,69.514496,109.35297,864.6154,-0.027728662,101420.60940062196,157.0,N_506
2024-05-10 22:14:27,64.53061,5.717392,69.46554,109.27603,864.6173,-0.026549226,101235.16426103674,157.0,N_506
2024-05-10 22:14:28,64.48169,5.7136536,69.409584,109.1991,864.6173,-0.027872479,101059.61559836197,157.0,N_506
2024-05-10 22:14:29,64.43273,5.709915,69.36063,109.12216,864.61176,-0.028809913,100858.31315829288,157.0,N_506
2024-05-10 22:14:30,64.38374,5.7061768,69.30467,109.04523,864.60986,-0.028396366,100659.62407677587,157.0,N_506
2024-05-10 22:14:31,64.33473,5.702469,69.24872,108.96829,864.6266,-0.033012554,100455.9232186508,157.0,N_506
2024-05-10 22:14:32,64.28568,5.698761,69.19976,108.89835,864.634,-0.032470465,100251.3885791513,157.0,N_506
2024-05-10 22:14:33,64.23661,5.6950684,69.1508,108.82142,864.5729,-0.028430723,100052.35619674133,157.0,N_506
2024-05-10 22:14:34,64.1875,5.6913757,69.09485,108.744484,864.4636,-0.035183568,99810.25899334892,157.0,N_506
2024-05-10 22:14:35,64.13837,5.6876984,69.038895,108.67454,864.4025,-0.03183919,99630.41053749433,157.0,N_506
2024-05-10 22:14:36,64.089195,5.6840363,68.99693,108.5976,864.40985,-0.02737847,99441.87059417507,157.0,N_506
2024-05-10 22:14:37,64.04,5.680374,68.94098,108.527664,864.4266,-0.026596034,99255.11488086445,157.0,N_506
2024-05-10 22:14:38,63.99077,5.6767426,68.885025,108.45073,864.4266,-0.03054584,99022.48479157707,157.0,N_506
2024-05-10 22:14:39,63.94151,5.6730957,68.82208,108.38079,864.421,-0.033808526,98808.38230159483,157.0,N_506
2024-05-10 22:14:40,63.89222,5.6694794,68.773125,108.30385,864.4191,-0.032817036,98605.12087171944,157.0,N_506
2024-05-10 22:14:41,63.8429,5.665863,68.72416,108.23391,864.421,-0.028769985,98422.8120718531,157.0,N_506
2024-05-10 22:14:42,63.79355,5.662262,68.6752,108.156975,864.42285,-0.03193883,98202.37747934993,157.0,N_506
2024-05-10 22:14:43,63.744167,5.658661,68.61925,108.087036,864.421,-0.027169254,98014.45828580223,157.0,N_506
2024-05-10 22:14:44,63.69475,5.6550903,68.5633,108.01709,864.4173,-0.030277545,97808.55521946655,157.0,N_506
2024-05-10 22:14:45,63.64531,5.65152,68.50735,107.95415,864.421,-0.03100975,97615.84119716543,157.0,N_506
2024-05-10 22:14:46,63.595837,5.647949,68.45839,107.88421,864.4358,-0.031741958,97414.22949011698,157.0,N_506
2024-05-10 22:14:47,63.546333,5.644394,68.409424,107.80727,864.421,-0.032474164,97189.69965393747,157.0,N_506
2024-05-10 22:14:48,63.496796,5.640854,68.35348,107.73733,864.3469,-0.03320637,96983.09562740361,157.0,N_506
2024-05-10 22:14:49,63.44723,5.637329,68.30451,107.66739,864.258,-0.03318352,96753.53010262373,157.0,N_506
2024-05-10 22:14:50,63.397636,5.6338043,68.248566,107.59745,864.21173,-0.038137287,96489.58666458858,157.0,N_506
2024-05-10 22:14:51,63.34801,5.630295,68.19261,107.527504,864.2191,-0.04309106,96196.49286394299,157.0,N_506
2024-05-10 22:14:52,63.29835,5.6268005,68.13666,107.46456,864.2302,-0.048044827,95864.10671369695,157.0,N_506
2024-05-10 22:14:53,63.248665,5.6233063,68.0807,107.394615,864.2284,-0.0529986,95497.43095239771,157.0,N_506
2024-05-10 22:14:54,63.198948,5.6198273,68.02475,107.32468,864.2247,-0.057952367,95136.9008565415,157.0,N_506
2024-05-10 22:14:55,63.1492,5.6163635,67.97579,107.25474,864.2247,-0.05792733,94736.0959313894,157.0,N_506
2024-05-10 22:14:56,63.09942,5.6129,67.91984,107.18479,864.22656,-0.042984568,94473.78114442443,157.0,N_506
2024-05-10 22:14:57,63.04961,5.6094513,67.87088,107.12185,864.2284,-0.04296105,94211.68174799441,157.0,N_506
2024-05-10 22:14:58,62.99977,5.606018,67.82192,107.0589,864.22284,-0.045110725,93866.75774329169,157.0,N_506
2024-05-10 22:14:59,62.949898,5.602585,67.75897,106.98896,864.2191,-0.04508251,93559.17347298685,157.0,N_506
2024-05-10 22:15:00,62.899998,5.599167,67.70302,106.92601,864.22656,-0.039924234,93309.5963579647,157.0,N_506
2024-05-10 22:15:01,62.850147,5.595825,67.65406,106.85607,864.24695,-0.039901547,93065.62514843927,157.0,N_506
2024-05-10 22:15:02,62.800266,5.592499,67.6051,106.79312,864.22656,-0.038723066,92801.28254779082,157.0,N_506
2024-05-10 22:15:03,62.750347,5.5891876,67.54915,106.73018,864.12836,-0.038698077,92532.06806599053,157.0,N_506
2024-05-10 22:15:04,62.700397,5.5858765,67.493195,106.66023,864.03204,-0.040697735,92253.9630163413,157.0,N_506
2024-05-10 22:15:05,62.650414,5.5825653,67.43725,106.59729,864.01166,-0.038564574,92012.19051368501,157.0,N_506
2024-05-10 22:15:06,62.6004,5.5792694,67.38828,106.52734,864.03204,-0.03416445,91778.49380250277,157.0,N_506
2024-05-10 22:15:07,62.550346,5.5759735,67.33234,106.4644,864.0395,-0.03796559,91545.52474080535,157.0,N_506
2024-05-10 22:15:08,62.500263,5.572693,67.28337,106.40145,864.03394,-0.03662756,91294.92607916087,157.0,N_506
2024-05-10 22:15:09,62.45015,5.5694275,67.227425,106.33851,864.0303,-0.035289537,91053.1547356851,157.0,N_506
2024-05-10 22:15:10,62.399998,5.566162,67.17147,106.27556,864.03204,-0.039843313,90780.27522385624,157.0,N_506
2024-05-10 22:15:11,62.349815,5.562912,67.11552,106.21261,864.0284,-0.038877264,90513.88509590956,157.0,N_506
2024-05-10 22:15:12,62.2996,5.559662,67.05956,106.149666,864.0265,-0.037911218,90280.7627705215,157.0,N_506
2024-05-10 22:15:13,62.249348,5.5564117,67.010605,106.086716,864.0413,-0.045436297,89969.62491477893,157.0,N_506
2024-05-10 22:15:14,62.199066,5.553177,66.95465,106.02377,864.0506,-0.04335177,89672.42743099718,157.0,N_506
2024-05-10 22:15:15,62.148746,5.5499573,66.8987,105.96082,863.99133,-0.039151784,89403.78856938255,157.0,N_506
2024-05-10 22:15:16,62.098396,5.5467377,66.84274,105.89788,863.8802,-0.040625785,89124.98388399706,157.0,N_506
2024-05-10 22:15:17,62.048016,5.5435333,66.78679,105.83493,863.81354,-0.035461467,88906.34737810465,157.0,N_506
2024-05-10 22:15:18,61.997597,5.540329,66.73783,105.77198,863.81537,-0.035662666,88661.42205585998,157.0,N_506
2024-05-10 22:15:19,61.947147,5.53714,66.68188,105.70904,863.83765,-0.031061508,88451.44474911243,157.0,N_506
2024-05-10 22:15:20,61.896664,5.533951,66.62593,105.65308,863.8413,-0.030815203,88239.33527513001,157.0,N_506
2024-05-10 22:15:21,61.84615,5.530777,66.56998,105.59013,863.83765,-0.026959416,88053.50156304268,157.0,N_506
2024-05-10 22:15:22,61.795597,5.527603,66.51402,105.52719,863.83575,-0.02733383,87887.98134332085,157.0,N_506
2024-05-10 22:15:23,61.745014,5.5244446,66.465065,105.47124,863.83765,-0.02981339,87703.63253314492,157.0,N_506
2024-05-10 22:15:24,61.694397,5.521286,66.41611,105.40829,863.8339,-0.03378645,87494.78878943523,157.0,N_506
2024-05-10 22:15:25,61.64375,5.5181427,66.36715,105.345345,863.83765,-0.031632464,87280.7548911428,157.0,N_506
2024-05-10 22:15:26,61.593063,5.5149994,66.311195,105.28939,863.8506,-0.03487235,87044.72142130662,157.0,N_506
2024-05-10 22:15:27,61.542347,5.5118713,66.25524,105.23344,863.83765,-0.031610038,86826.64869876539,157.0,N_506
2024-05-10 22:15:28,61.491596,5.5087585,66.19929,105.17049,863.76355,-0.03465517,86591.91545298976,157.0,N_506
2024-05-10 22:15:29,61.440815,5.5056458,66.14333,105.11453,863.6728,-0.035194475,86327.84866092356,157.0,N_506
2024-05-10 22:15:30,61.39,5.502533,66.08038,105.058586,863.6283,-0.035950433,86104.79343481804,157.0,N_506
2024-05-10 22:15:31,61.33915,5.4994354,66.031425,104.995636,863.63385,-0.034404665,85871.72282892978,157.0,N_506
2024-05-10 22:15:32,61.288265,5.496353,65.97548,104.93968,863.64685,-0.03383538,85666.42912263624,157.0,N_506
2024-05-10 22:15:33,61.237347,5.493271,65.92651,104.88373,863.645,-0.042481583,85409.14859019991,157.0,N_506
2024-05-10 22:15:34,61.186398,5.4901886,65.877556,104.827774,863.6413,-0.029608589,85204.44699550948,157.0,N_506
2024-05-10 22:15:35,61.135414,5.4871216,65.8216,104.76483,863.6413,-0.023320165,85045.71105550372,157.0,N_506
2024-05-10 22:15:36,61.084396,5.48407,65.765656,104.70888,863.6432,-0.028944954,84848.97677881242,157.0,N_506
2024-05-10 22:15:37,61.033348,5.481018,65.7097,104.65292,863.6432,-0.034569744,84614.21904653033,157.0,N_506
2024-05-10 22:15:38,60.982265,5.4779816,65.65375,104.59697,863.63947,-0.024847373,84441.81487148073,157.0,N_506
2024-05-10 22:15:39,60.93115,5.474945,65.59779,104.53403,863.63385,-0.033161372,84216.40632982923,157.0,N_506
2024-05-10 22:15:40,60.879997,5.4719086,65.54184,104.47807,863.6432,-0.036590543,83967.78278329872,157.0,N_506
2024-05-10 22:15:41,60.828815,5.4689026,65.485886,104.42212,863.6617,-0.039922006,83701.27369342967,157.0,N_506
2024-05-10 22:15:42,60.7776,5.4658813,65.42993,104.37316,863.6432,-0.03764845,83440.44121501045,157.0,N_506
2024-05-10 22:15:43,60.72635,5.4628754,65.373985,104.31021,863.545,-0.03486248,83203.25558110441,157.0,N_506
2024-05-10 22:15:44,60.675064,5.4598846,65.31803,104.25426,863.4469,-0.046432078,82887.76706438222,157.0,N_506
2024-05-10 22:15:45,60.62375,5.456894,65.26208,104.19831,863.4283,-0.042767435,82627.42345858229,157.0,N_506
2024-05-10 22:15:46,60.5724,5.4539185,65.21312,104.14236,863.4469,-0.03910279,82361.51002402129,157.0,N_506
2024-05-10 22:15:47,60.521015,5.4509583,65.157166,104.0864,863.4542,-0.035438146,82150.16691547741,157.0,N_506
2024-05-10 22:15:48,60.469597,5.447983,65.10821,104.037445,863.45056,-0.03352628,81921.88282065277,157.0,N_506
2024-05-10 22:15:49,60.418148,5.445038,65.05225,103.98149,863.4469,-0.029682245,81722.994820256,157.0,N_506
2024-05-10 22:15:50,60.366665,5.442093,64.9963,103.93253,863.44867,-0.028893383,81525.80380126265,157.0,N_506
2024-05-10 22:15:51,60.315147,5.439148,64.940346,103.87658,863.445,-0.031535763,81310.62246018065,157.0,N_506
2024-05-10 22:15:52,60.2636,5.4362183,64.88439,103.820625,863.4431,-0.031118773,81098.20226432354,157.0,N_506
2024-05-10 22:15:53,60.212013,5.4332886,64.82844,103.76467,863.45795,-0.027636426,80928.9587625533,157.0,N_506
2024-05-10 22:15:54,60.160397,5.430374,64.77948,103.70872,863.4654,-0.03297834,80708.04184514313,157.0,N_506
2024-05-10 22:15:55,60.10875,5.427475,64.723526,103.65976,863.4061,-0.032410122,80486.71457535466,157.0,N_506
2024-05-10 22:15:56,60.057064,5.424576,64.66758,103.603806,863.2968,-0.030464673,80282.28174084004,157.0,N_506
2024-05-10 22:15:57,60.00535,5.4216766,64.611626,103.55485,863.23016,-0.02986315,80099.26235125518,157.0,N_506
2024-05-10 22:15:58,59.953598,5.4187927,64.56267,103.49889,863.23016,-0.030406216,79895.28468253881,157.0,N_506
2024-05-10 22:15:59,59.901814,5.415924,64.506714,103.449936,863.2524,-0.032665715,79671.93000726041,157.0,N_506
2024-05-10 22:16:00,59.85,5.4130554,64.45076,103.39398,863.25793,-0.033406813,79447.6795593079,157.0,N_506
2024-05-10 22:16:01,59.79815,5.410248,64.394806,103.345024,863.2524,-0.031289443,79255.69780540818,157.0,N_506
2024-05-10 22:16:02,59.746265,5.4074554,64.34585,103.28907,863.2524,-0.030686202,79049.65852867647,157.0,N_506
2024-05-10 22:16:03,59.694347,5.404663,64.289894,103.24011,863.2524,-0.028366547,78858.91257644462,157.0,N_506
2024-05-10 22:16:04,59.6424,5.4018707,64.23394,103.191154,863.24866,-0.028914059,78664.46444352435,157.0,N_506
2024-05-10 22:16:05,59.590416,5.3990936,64.177986,103.1422,863.2524,-0.03135833,78449.6013557498,157.0,N_506
2024-05-10 22:16:06,59.5384,5.3963165,64.12203,103.08624,863.2672,-0.03758899,78197.12110609852,157.0,N_506
2024-05-10 22:16:07,59.486347,5.3935547,64.066086,103.037285,863.2524,-0.03815912,77935.80075550219,157.0,N_506
2024-05-10 22:16:08,59.434265,5.390793,64.01013,102.98133,863.1783,-0.03872925,77675.54552723076,157.0,N_506
2024-05-10 22:16:09,59.38215,5.388031,63.954178,102.93237,863.0894,-0.038704522,77415.41019347875,157.0,N_506
2024-05-10 22:16:10,59.329998,5.3852844,63.898224,102.883415,863.0449,-0.03977817,77148.0314528948,157.0,N_506
2024-05-10 22:16:11,59.277817,5.382538,63.84227,102.83446,863.0505,-0.039753355,76880.7524276284,157.0,N_506
2024-05-10 22:16:12,59.225597,5.3798065,63.786316,102.7855,863.06165,-0.038028166,76619.93041467272,157.0,N_506
2024-05-10 22:16:13,59.173347,5.377075,63.730366,102.729546,863.05975,-0.038003504,76391.59386384918,157.0,N_506
2024-05-10 22:16:14,59.121067,5.374344,63.681408,102.68059,863.0579,-0.033439804,76166.53503799053,157.0,N_506
2024-05-10 22:16:15,59.06875,5.371628,63.625454,102.63162,863.05975,-0.033415783,75941.42751456778,157.0,N_506
2024-05-10 22:16:16,59.0164,5.3689117,63.5695,102.582664,863.0561,-0.033377178,75716.52264870856,157.0,N_506
2024-05-10 22:16:17,58.964016,5.3661957,63.513546,102.53371,863.05426,-0.033353098,75491.73640459764,157.0,N_506
2024-05-10 22:16:18,58.9116,5.363495,63.457596,102.48475,863.0691,-0.035042495,75280.76278719163,157.0,N_506
2024-05-10 22:16:19,58.85915,5.3608093,63.408634,102.43579,863.0876,-0.03673189,75033.38845140659,157.0,N_506
2024-05-10 22:16:20,58.806667,5.358124,63.352684,102.38683,863.0579,-0.03611229,74789.9332214981,157.0,N_506
2024-05-10 22:16:21,58.75415,5.355438,63.29673,102.337875,862.9598,-0.036084622,74524.14868804059,157.0,N_506
2024-05-10 22:16:22,58.7016,5.3527527,63.233784,102.295906,862.86346,-0.030954901,74315.01368082661,157.0,N_506
2024-05-10 22:16:23,58.649017,5.3500824,63.17783,102.24695,862.8449,-0.030928075,74106.14571968929,157.0,N_506
2024-05-10 22:16:24,58.5964,5.3474274,63.121876,102.19799,862.86346,-0.030322686,73901.29978139224,157.0,N_506
2024-05-10 22:16:25,58.54375,5.344757,63.065926,102.14903,862.869,-0.030295951,73718.31137089961,157.0,N_506
2024-05-10 22:16:26,58.491066,5.3421173,63.016964,102.100075,862.86346,-0.030282391,73513.79750922043,157.0,N_506
2024-05-10 22:16:27,58.43835,5.3394623,62.961014,102.05112,862.86346,-0.030255586,73309.24296461392,157.0,N_506
2024-05-10 22:16:28,58.3856,5.3368225,62.90506,102.00216,862.8653,-0.030769885,73127.52579742015,157.0,N_506
2024-05-10 22:16:29,58.332817,5.3341827,62.856102,101.96019,862.86163,-0.030745275,72919.76109211682,157.0,N_506
2024-05-10 22:16:30,58.28,5.331558,62.800148,101.91123,862.8579,-0.031005017,72710.02290497586,157.0,N_506
2024-05-10 22:16:31,58.22715,5.3289337,62.744194,101.862274,862.8746,-0.03126476,72502.39214126677,157.0,N_506
2024-05-10 22:16:32,58.174267,5.3263245,62.68824,101.820305,862.882,-0.030130154,72298.46065090892,157.0,N_506
2024-05-10 22:16:33,58.12135,5.323715,62.63229,101.77135,862.82275,-0.03010311,72116.19352723607,157.0,N_506
2024-05-10 22:16:34,58.0684,5.321106,62.583332,101.72239,862.7116,-0.030086195,71894.081986867,157.0,N_506
2024-05-10 22:16:35,58.015415,5.318512,62.520382,101.68043,862.6505,-0.030056842,71668.42911954995,157.0,N_506
2024-05-10 22:16:36,57.9624,5.315918,62.457436,101.63147,862.6579,-0.03343038,71441.8864048307,157.0,N_506
2024-05-10 22:16:37,57.90935,5.313339,62.40148,101.58251,862.67456,-0.03340255,71244.31007337463,157.0,N_506
2024-05-10 22:16:38,57.856266,5.3107605,62.352524,101.54054,862.67456,-0.03905367,70980.1267270452,157.0,N_506
2024-05-10 22:16:39,57.80315,5.308182,62.29657,101.491585,862.669,-0.03902454,70749.42935414406,157.0,N_506
2024-05-10 22:16:40,57.75,5.3056183,62.247612,101.44962,862.669,-0.043461703,70455.4233469528,157.0,N_506
2024-05-10 22:16:41,57.696815,5.303055,62.191658,101.400665,862.669,-0.043431424,70167.00634980261,157.0,N_506
2024-05-10 22:16:42,57.6436,5.3005066,62.135708,101.358696,862.66345,-0.04285373,69882.35913109599,157.0,N_506
2024-05-10 22:16:43,57.59035,5.2979584,62.079754,101.316734,862.669,-0.042823438,69592.2744510015,157.0,N_506
2024-05-10 22:16:44,57.537067,5.29541,62.0238,101.26778,862.6875,-0.04221231,69311.7527364908,157.0,N_506
2024-05-10 22:16:45,57.48375,5.292877,61.96785,101.22581,862.669,-0.042182136,69025.845991511,157.0,N_506
2024-05-10 22:16:46,57.4304,5.290344,61.911896,101.17685,862.5746,-0.04215397,68714.42368140141,157.0,N_506
2024-05-10 22:16:47,57.377018,5.2878113,61.84895,101.13489,862.47455,-0.0421215,68434.17826327328,157.0,N_506
2024-05-10 22:16:48,57.3236,5.2852936,61.792995,101.09292,862.4468,-0.041904688,68179.7964258217,157.0,N_506
2024-05-10 22:16:49,57.27015,5.282791,61.744038,101.04396,862.46344,-0.042801145,67895.25146053205,157.0,N_506
2024-05-10 22:16:50,57.216667,5.2802734,61.688084,101.002,862.4801,-0.039979443,67629.18939707047,157.0,N_506
2024-05-10 22:16:51,57.16315,5.2777863,61.63213,100.96003,862.4764,-0.042716857,67376.07576044895,157.0,N_506
2024-05-10 22:16:52,57.1096,5.275284,61.58317,100.91807,862.4727,-0.03898927,67111.39793533621,157.0,N_506
2024-05-10 22:16:53,57.05602,5.2727966,61.527218,100.86911,862.47455,-0.038210142,66856.9064669749,157.0,N_506
2024-05-10 22:16:54,57.0024,5.2703094,61.471268,100.82714,862.4727,-0.045229208,66522.45695687432,157.0,N_506
2024-05-10 22:16:55,56.94875,5.2678375,61.408318,100.78518,862.4708,-0.053019818,66130.42923834176,157.0,N_506
2024-05-10 22:16:56,56.895065,5.2653656,61.34537,100.74322,862.48193,-0.049390383,65837.44899083322,157.0,N_506
2024-05-10 22:16:57,56.84135,5.262909,61.296413,100.70125,862.4875,-0.051206797,65496.74938721752,157.0,N_506
2024-05-10 22:16:58,56.7876,5.2604523,61.24046,100.65929,862.44305,-0.054092463,65167.7260136578,157.0,N_506
2024-05-10 22:16:59,56.733818,5.2579956,61.1915,100.61033,862.3542,-0.05388577,64809.10818054238,157.0,N_506
2024-05-10 22:17:00,56.68,5.255554,61.135548,100.56836,862.2801,-0.049113303,64445.73311305463,157.0,N_506
2024-05-10 22:17:01,56.625988,5.2531433,61.0726,100.5264,862.26526,-0.05164442,64101.55121490534,157.0,N_506
2024-05-10 22:17:02,56.571945,5.2507477,61.016647,100.484436,862.2801,-0.05161024,63757.69782763781,157.0,N_506
2024-05-10 22:17:03,56.517876,5.248352,60.960697,100.44247,862.28564,-0.05357415,63400.72748716208,157.0,N_506
2024-05-10 22:17:04,56.46378,5.2459564,60.904743,100.400505,862.2801,-0.054794442,63035.57736882638,157.0,N_506
2024-05-10 22:17:05,56.409653,5.243576,60.84879,100.358536,862.2727,-0.059253603,62640.751955288724,157.0,N_506
2024-05-10 22:17:06,56.3555,5.2411957,60.792835,100.316574,862.2801,-0.0568801,62261.6359974561,157.0,N_506
2024-05-10 22:17:07,56.30132,5.2388153,60.736885,100.27461,862.3023,-0.061355755,61852.68126877635,157.0,N_506
2024-05-10 22:17:08,56.247112,5.23645,60.68093,100.23264,862.3023,-0.06583141,61413.91599149821,157.0,N_506
2024-05-10 22:17:09,56.192875,5.234085,60.624977,100.19068,862.2356,-0.057660542,61029.38103234549,157.0,N_506
2024-05-10 22:17:10,56.13861,5.23172,60.569027,100.14871,862.1264,-0.054397415,60666.4461364523,157.0,N_506
2024-05-10 22:17:11,56.08432,5.22937,60.513073,100.10675,862.06714,-0.05204308,60319.09229661312,157.0,N_506
2024-05-10 22:17:12,56.03,5.2270203,60.45712,100.06479,862.0745,-0.052189633,59970.687652962435,157.0,N_506
2024-05-10 22:17:13,55.975655,5.2246704,60.401165,100.02282,862.0893,-0.05289787,59663.24588362273,157.0,N_506
2024-05-10 22:17:14,55.921276,5.222336,60.352207,99.987854,862.0875,-0.047439743,59346.48284728259,157.0,N_506
2024-05-10 22:17:15,55.866875,5.220001,60.296253,99.945885,862.08374,-0.045582097,59041.870132558266,157.0,N_506
2024-05-10 22:17:16,55.812443,5.2176666,60.240303,99.90392,862.08563,-0.046831362,58734.73709305382,157.0,N_506
2024-05-10 22:17:17,55.757984,5.215332,60.18435,99.86895,862.0819,-0.046807926,58421.84322134566,157.0,N_506
2024-05-10 22:17:18,55.7035,5.2130127,60.128395,99.82699,862.07825,-0.04641168,58111.51996392339,157.0,N_506
2024-05-10 22:17:19,55.648987,5.2107086,60.072445,99.78502,862.08563,-0.046015427,57803.76234451225,157.0,N_506
2024-05-10 22:17:20,55.594444,5.2083893,60.01649,99.74306,862.106,-0.045068275,57507.975978056595,157.0,N_506
2024-05-10 22:17:21,55.539875,5.206085,59.960537,99.708084,862.08563,-0.042656846,57222.48695509075,157.0,N_506
2024-05-10 22:17:22,55.48528,5.203781,59.904583,99.66612,861.9875,-0.05313271,56867.136395876754,157.0,N_506
2024-05-10 22:17:23,55.430653,5.2014923,59.848633,99.62415,861.8912,-0.045701075,56561.22928733618,157.0,N_506
2024-05-10 22:17:24,55.376,5.199188,59.79268,99.58219,861.8708,-0.046389703,56256.63849646424,157.0,N_506
2024-05-10 22:17:25,55.32132,5.1969147,59.736725,99.54722,861.8912,-0.049593244,55931.10331705933,157.0,N_506
2024-05-10 22:17:26,55.26661,5.194626,59.680775,99.51225,861.8949,-0.044674832,55599.074589019096,157.0,N_506
2024-05-10 22:17:27,55.211876,5.1923523,59.617825,99.47028,861.8912,-0.04537718,55327.69582712297,157.0,N_506
2024-05-10 22:17:28,55.157112,5.1900787,59.568867,99.42832,861.8893,-0.04085242,55059.30610978995,157.0,N_506
2024-05-10 22:17:29,55.102318,5.187805,59.512913,99.39335,861.8912,-0.03632766,54815.60811766195,157.0,N_506
2024-05-10 22:17:30,55.0475,5.185547,59.456963,99.35139,861.88745,-0.034442205,54563.21313561805,157.0,N_506
2024-05-10 22:17:31,54.992653,5.1832886,59.394012,99.316414,861.8856,-0.036892973,54315.484447197516,157.0,N_506
2024-05-10 22:17:32,54.93778,5.1810455,59.338062,99.27445,861.90045,-0.03934374,54056.658163276756,157.0,N_506
2024-05-10 22:17:33,54.882874,5.1788025,59.28211,99.23948,861.90967,-0.038755707,53796.53074669719,157.0,N_506
2024-05-10 22:17:34,54.827946,5.1765594,59.226154,99.19752,861.8486,-0.034313377,53595.86723023207,157.0,N_506
2024-05-10 22:17:35,54.772987,5.1743164,59.177197,99.162544,861.7374,-0.03594554,53354.5698874075,157.0,N_506
2024-05-10 22:17:36,54.718,5.1720886,59.121243,99.12058,861.67633,-0.024342338,53193.84694474678,157.0,N_506
2024-05-10 22:17:37,54.662987,5.169861,59.065292,99.08561,861.6856,-0.0086679,53134.604545023576,157.0,N_506
2024-05-10 22:17:38,54.607944,5.167633,59.00934,99.04365,861.7023,-0.007828637,53081.99661965781,157.0,N_506
2024-05-10 22:17:39,54.552876,5.1654205,58.953384,99.008675,861.7023,-0.013551653,52981.806172626406,157.0,N_506
2024-05-10 22:17:40,54.497776,5.163208,58.890438,98.9737,861.6967,-0.01927467,52865.31835485441,157.0,N_506
2024-05-10 22:17:41,54.442654,5.1609955,58.84148,98.93174,861.6949,-0.024997687,52700.33209271137,157.0,N_506
2024-05-10 22:17:42,54.3875,5.158798,58.785526,98.89677,861.6967,-0.030720703,52493.497330583115,157.0,N_506
2024-05-10 22:17:43,54.332317,5.156601,58.729572,98.854805,861.693,-0.036443718,52253.29653200248,157.0,N_506
2024-05-10 22:17:44,54.27711,5.1544037,58.673622,98.81983,861.6967,-0.042166736,51938.93126237763,157.0,N_506
2024-05-10 22:17:45,54.221874,5.1522217,58.610672,98.77787,861.7097,-0.04788975,51623.4566110609,157.0,N_506
2024-05-10 22:17:46,54.16661,5.1500397,58.55472,98.7429,861.6967,-0.05361277,51270.562698220536,157.0,N_506
2024-05-10 22:17:47,54.11132,5.1478577,58.498768,98.70793,861.6226,-0.049663033,50980.053824503244,157.0,N_506
2024-05-10 22:17:48,54.056,5.145691,58.44981,98.67296,861.53186,-0.052573115,50626.73967652061,157.0,N_506
2024-05-10 22:17:49,54.000652,5.143509,58.393856,98.63099,861.4874,-0.05782571,50203.012535437934,157.0,N_506
2024-05-10 22:17:50,53.94528,5.1413574,58.33091,98.59602,861.493,-0.049103417,49879.34526767917,157.0,N_506
2024-05-10 22:17:51,53.889874,5.1391907,58.274956,98.56105,861.5059,-0.043996394,49583.1495997333,157.0,N_506
2024-05-10 22:17:52,53.834442,5.137039,58.219,98.51909,861.50415,-0.044763617,49288.02967185825,157.0,N_506
2024-05-10 22:17:53,53.778984,5.1348877,58.16305,98.484116,861.49854,-0.043956373,48998.16486191437,157.0,N_506
2024-05-10 22:17:54,53.7235,5.1327515,58.107098,98.44914,861.4967,-0.03767541,48749.50271053101,157.0,N_506
2024-05-10 22:17:55,53.667984,5.130615,58.051144,98.41418,861.50964,-0.03309564,48530.87353033738,157.0,N_506
2024-05-10 22:17:56,53.612442,5.128479,57.99519,98.3792,861.5152,-0.028515866,48363.23578392505,157.0,N_506
2024-05-10 22:17:57,53.556873,5.126358,57.94623,98.34423,861.47076,-0.036411103,48095.86449408837,157.0,N_506
2024-05-10 22:17:58,53.501278,5.124222,57.883286,98.309265,861.38,-0.03582215,47859.07716069112,157.0,N_506
2024-05-10 22:17:59,53.445652,5.122116,57.82733,98.27429,861.3059,-0.033051625,47616.05373965756,157.0,N_506
2024-05-10 22:18:00,53.39,5.119995,57.764385,98.23932,861.293,-0.039221358,47356.86161070988,157.0,N_506
2024-05-10 22:18:01,53.334156,5.11792,57.70843,98.20435,861.3059,-0.039646037,47089.285912358515,157.0,N_506
2024-05-10 22:18:02,53.27829,5.1158295,57.65248,98.162384,861.30963,-0.040070713,46824.572432907036,157.0,N_506
2024-05-10 22:18:03,53.2224,5.1137695,57.596527,98.12742,861.3059,-0.039135274,46565.980867975326,157.0,N_506
2024-05-10 22:18:04,53.16649,5.1116943,57.540573,98.092445,861.3078,-0.03709694,46320.77000997623,157.0,N_506
2024-05-10 22:18:05,53.110554,5.1096344,57.484623,98.05747,861.3059,-0.04232177,46072.17033459569,157.0,N_506
2024-05-10 22:18:06,53.0546,5.1075745,57.43566,98.02251,861.30225,-0.039483994,45811.34552402,157.0,N_506
2024-05-10 22:18:07,52.998623,5.1055145,57.37971,97.98753,861.3059,-0.03664622,45568.98310340051,157.0,N_506
2024-05-10 22:18:08,52.942623,5.1034546,57.323757,97.95256,861.3282,-0.046686392,45225.892036851976,157.0,N_506
2024-05-10 22:18:09,52.8866,5.10141,57.26081,97.917595,861.33,-0.045064438,44927.908586547725,157.0,N_506
2024-05-10 22:18:10,52.830555,5.099365,57.204857,97.88262,861.2633,-0.05251119,44619.49173744162,157.0,N_506
2024-05-10 22:18:11,52.77449,5.0973206,57.1559,97.84765,861.1522,-0.051407266,44241.858913437165,157.0,N_506
2024-05-10 22:18:12,52.7184,5.095291,57.092953,97.81268,861.09296,-0.051296663,43902.71731866354,157.0,N_506
2024-05-10 22:18:13,52.66229,5.0932465,57.037,97.77771,861.1022,-0.051186055,43526.45355796076,157.0,N_506
2024-05-10 22:18:14,52.606155,5.0912323,56.974052,97.74274,861.117,-0.05107545,43195.058300736855,157.0,N_506
2024-05-10 22:18:15,52.55,5.089203,56.9181,97.71477,861.11334,-0.060673423,42838.575362976815,157.0,N_506
2024-05-10 22:18:16,52.49382,5.0871735,56.86914,97.679794,861.1115,-0.031254675,42631.5591320256,157.0,N_506
2024-05-10 22:18:17,52.437622,5.0851593,56.813187,97.64482,861.11334,-0.036720846,42388.35519916723,157.0,N_506
2024-05-10 22:18:18,52.3814,5.083145,56.757233,97.609856,861.1096,-0.04218702,42109.09291202493,157.0,N_506
2024-05-10 22:18:19,52.325157,5.0811462,56.70128,97.57488,861.10406,-0.04765319,41758.46607947121,157.0,N_506
2024-05-10 22:18:20,52.26889,5.079132,56.638332,97.53991,861.1115,-0.03748316,41542.755211971766,157.0,N_506
2024-05-10 22:18:21,52.2126,5.077133,56.589375,97.51193,861.1319,-0.043975633,41251.75299112464,157.0,N_506
2024-05-10 22:18:22,52.15629,5.0751343,56.53342,97.47697,861.1115,-0.04833774,40895.983677821605,157.0,N_506
2024-05-10 22:18:23,52.099957,5.0731506,56.470474,97.44199,861.0152,-0.057220053,40474.86956827237,157.0,N_506
2024-05-10 22:18:24,52.0436,5.0711517,56.407528,97.40702,860.917,-0.061850473,40110.715649171776,157.0,N_506
2024-05-10 22:18:25,51.98722,5.069168,56.35857,97.372055,860.8966,-0.051875077,39767.4094668512,157.0,N_506
2024-05-10 22:18:26,51.93082,5.0671844,56.302616,97.33708,860.917,-0.06375676,39353.76736486643,157.0,N_506
2024-05-10 22:18:27,51.8744,5.065216,56.246662,97.309105,860.92444,-0.06411554,38882.02289367241,157.0,N_506
2024-05-10 22:18:28,51.817955,5.0632477,56.183716,97.27413,860.9189,-0.064474314,38455.12275658276,157.0,N_506
2024-05-10 22:18:29,51.76149,5.0612793,56.12776,97.23917,860.917,-0.061212264,38049.854742603144,157.0,N_506
2024-05-10 22:18:30,51.705,5.059311,56.07181,97.20419,860.917,-0.057950214,37716.85443143462,157.0,N_506
2024-05-10 22:18:31,51.648487,5.0573425,56.02285,97.176216,860.91516,-0.054688163,37354.70952177629,157.0,N_506
2024-05-10 22:18:32,51.591957,5.0553894,55.9669,97.14124,860.9133,-0.059596,36959.926814462495,157.0,N_506
2024-05-10 22:18:33,51.5354,5.0534363,55.910946,97.10628,860.9281,-0.044171352,36639.52206217148,157.0,N_506
2024-05-10 22:18:34,51.47882,5.051483,55.848,97.0783,860.93555,-0.04172124,36362.537032384724,157.0,N_506
2024-05-10 22:18:35,51.422222,5.0495453,55.792046,97.04333,860.8762,-0.059159078,35970.45837728617,157.0,N_506
2024-05-10 22:18:36,51.3656,5.0476074,55.73609,97.00836,860.767,-0.051453743,35636.09109720397,157.0,N_506
2024-05-10 22:18:37,51.308956,5.0456696,55.68014,96.980385,860.7003,-0.051761854,35292.78406510405,157.0,N_506
2024-05-10 22:18:38,51.25229,5.0437317,55.624187,96.94541,860.7003,-0.036793668,35053.26138415134,157.0,N_506
2024-05-10 22:18:39,51.1956,5.041809,55.568233,96.917435,860.72253,-0.044885438,34755.3068419142,157.0,N_506
2024-05-10 22:18:40,51.13889,5.0398865,55.51228,96.88246,860.72815,-0.06076757,34352.32881089744,157.0,N_506
2024-05-10 22:18:41,51.082157,5.037964,55.45633,96.847496,860.72253,-0.058930017,33969.35672459391,157.0,N_506
2024-05-10 22:18:42,51.0254,5.0360413,55.400375,96.81952,860.72253,-0.057092465,33590.543774263635,157.0,N_506
2024-05-10 22:18:43,50.968624,5.034134,55.34442,96.784546,860.72253,-0.055254914,33189.7615351485,157.0,N_506
2024-05-10 22:18:44,50.911823,5.0322266,55.281475,96.75657,860.7189,-0.055797786,32819.25373693289,157.0,N_506
2024-05-10 22:18:45,50.855,5.030319,55.22552,96.7216,860.72253,-0.05634066,32452.93269762046,157.0,N_506
2024-05-10 22:18:46,50.798157,5.028412,55.16957,96.69363,860.73737,-0.056883533,32075.270483407126,157.0,N_506
2024-05-10 22:18:47,50.741287,5.02652,55.113617,96.65865,860.72253,-0.046544947,31765.960562974862,157.0,N_506
2024-05-10 22:18:48,50.6844,5.0246277,55.057663,96.62368,860.6485,-0.03620636,31530.01678418998,157.0,N_506
2024-05-10 22:18:49,50.627487,5.0227356,55.00171,96.5957,860.5596,-0.025867773,31361.094380566443,157.0,N_506
2024-05-10 22:18:50,50.570557,5.020859,54.94576,96.567726,860.51324,-0.03251745,31144.546343993246,157.0,N_506
2024-05-10 22:18:51,50.5136,5.0189667,54.889805,96.53276,860.5207,-0.03916713,30889.33938224453,157.0,N_506
2024-05-10 22:18:52,50.456623,5.01709,54.83385,96.50478,860.5318,-0.04581681,30550.86898138348,157.0,N_506
2024-05-10 22:18:53,50.399624,5.0152283,54.770905,96.46981,860.5299,-0.05246649,30209.216220169976,157.0,N_506
2024-05-10 22:18:54,50.3426,5.0133514,54.71495,96.44183,860.52814,-0.059116166,29816.338884621564,157.0,N_506
2024-05-10 22:18:55,50.285557,5.01149,54.659,96.40687,860.52814,-0.06576584,29388.50669912087,157.0,N_506
2024-05-10 22:18:56,50.22849,5.0096283,54.603046,96.37889,860.52625,-0.07241552,28917.51208908383,157.0,N_506
2024-05-10 22:18:57,50.1714,5.0077667,54.547092,96.350914,860.5226,-0.07236445,28436.6399198788,157.0,N_506
2024-05-10 22:18:58,50.11429,5.0059204,54.491142,96.31594,860.5392,-0.07096987,27974.919858890324,157.0,N_506
2024-05-10 22:18:59,50.057156,5.004074,54.43519,96.287964,860.55585,-0.069575295,27522.218704659463,157.0,N_506
2024-05-10 22:19:00,50.0,5.002228,54.379234,96.25999,860.52814,-0.06818072,27018.656837222,157.0,N_506
2024-05-10 22:19:01,49.94274,5.0003967,54.316288,96.22501,860.42804,-0.06678614,26583.81206899722,157.0,N_506
2024-05-10 22:19:02,49.88546,4.9985657,54.260334,96.197044,860.3336,-0.06539157,26158.130154688508,157.0,N_506
2024-05-10 22:19:03,49.828163,4.99675,54.20438,96.16907,860.3151,-0.06399699,25732.327379192353,157.0,N_506
2024-05-10 22:19:04,49.770844,4.994934,54.14843,96.134094,860.3336,-0.062602416,25324.65654791721,157.0,N_506
2024-05-10 22:19:05,49.71351,4.9931183,54.092476,96.10612,860.33734,-0.06120784,24926.015116035338,157.0,N_506
2024-05-10 22:19:06,49.65615,4.9913025,54.036522,96.07814,860.3336,-0.05981326,24527.789019428135,157.0,N_506
2024-05-10 22:19:07,49.598774,4.989502,53.98057,96.04317,860.3336,-0.058418684,24147.177639388337,157.0,N_506
2024-05-10 22:19:08,49.541378,4.9877014,53.924618,96.0152,860.3336,-0.057024106,23767.32722187099,157.0,N_506
2024-05-10 22:19:09,49.483963,4.985901,53.868664,95.980225,860.32996,-0.05562953,23404.750434118643,157.0,N_506
2024-05-10 22:19:10,49.42653,4.9841003,53.81271,95.95225,860.32806,-0.054234955,23051.23386992485,157.0,N_506
2024-05-10 22:19:11,49.369072,4.9823,53.75676,95.92427,860.3429,-0.052840378,22667.109126724405,157.0,N_506
2024-05-10 22:19:12,49.3116,4.9805145,53.693813,95.89629,860.3521,-0.0514458,22323.937592646384,157.0,N_506
2024-05-10 22:19:13,49.25411,4.9787292,53.63786,95.86132,860.2911,-0.050051223,21997.463959091816,157.0,N_506
2024-05-10 22:19:14,49.196594,4.976944,53.581905,95.83334,860.17993,-0.04865665,21680.042594678293,157.0,N_506
2024-05-10 22:19:15,49.13906,4.975174,53.52595,95.805374,860.11884,-0.047262073,21336.232587404098,157.0,N_506
2024-05-10 22:19:16,49.081512,4.973404,53.463005,95.7774,860.12805,-0.045867495,21036.721664611905,157.0,N_506
2024-05-10 22:19:17,49.02394,4.9716187,53.40705,95.74942,860.1448,-0.044472918,20771.960988122206,157.0,N_506
2024-05-10 22:19:18,48.96635,4.969864,53.358093,95.71445,860.1448,-0.04307834,20490.82593556369,157.0,N_506
2024-05-10 22:19:19,48.90874,4.968094,53.302143,95.68647,860.13916,-0.041683767,20187.342185755195,157.0,N_506
2024-05-10 22:19:20,48.851112,4.966339,53.239193,95.65849,860.13916,-0.04028919,19924.005464937443,157.0,N_506
2024-05-10 22:19:21,48.79346,4.9645844,53.183243,95.630516,860.13916,-0.038894612,19669.84288250448,157.0,N_506
2024-05-10 22:19:22,48.735794,4.9628296,53.12729,95.60254,860.1336,-0.036570646,19425.283409519863,157.0,N_506
2024-05-10 22:19:23,48.67811,4.961075,53.071335,95.56757,860.13916,-0.03203732,19191.675365939926,157.0,N_506
2024-05-10 22:19:24,48.6204,4.9593353,53.00839,95.5396,860.1577,-0.027503997,19014.685812255455,157.0,N_506
2024-05-10 22:19:25,48.56267,4.9575806,52.952435,95.518616,860.13916,-0.027108273,18833.0227541742,157.0,N_506
2024-05-10 22:19:26,48.50493,4.955841,52.896484,95.48364,860.04285,-0.027724927,18651.396339762992,157.0,N_506
2024-05-10 22:19:27,48.447163,4.954117,52.84053,95.455666,859.9447,-0.028341584,18465.75365204556,157.0,N_506
2024-05-10 22:19:28,48.389378,4.9523773,52.784576,95.42769,859.91504,-0.028958239,18276.080334303115,157.0,N_506
2024-05-10 22:19:29,48.331573,4.950653,52.728622,95.39971,859.93365,-0.030551108,18076.034443367433,157.0,N_506
2024-05-10 22:19:30,48.27375,4.948929,52.672672,95.371735,859.9484,-0.032143977,17865.589181600248,157.0,N_506
2024-05-10 22:19:31,48.215908,4.9472046,52.61672,95.34376,859.94653,-0.033736847,17644.754722984562,157.0,N_506
2024-05-10 22:19:32,48.158043,4.9454956,52.560764,95.31578,859.9429,-0.035329714,17382.218973290794,157.0,N_506
2024-05-10 22:19:33,48.100163,4.9437866,52.497818,95.280815,859.9447,-0.035826497,17147.57493437192,157.0,N_506
2024-05-10 22:19:34,48.04226,4.9420776,52.441864,95.25284,859.941,-0.033689555,16926.996091497163,157.0,N_506
2024-05-10 22:19:35,47.98434,4.9403687,52.385914,95.22486,859.9392,-0.03348483,16707.71575964909,157.0,N_506
2024-05-10 22:19:36,47.9264,4.9386597,52.32996,95.196884,859.954,-0.037452463,16462.573273831676,157.0,N_506
2024-05-10 22:19:37,47.86844,4.936966,52.274006,95.16891,859.9725,-0.034800895,16208.66363916102,157.0,N_506
2024-05-10 22:19:38,47.81046,4.935272,52.21106,95.14093,859.9447,-0.032149322,16021.65429633944,157.0,N_506
2024-05-10 22:19:39,47.75246,4.9335785,52.1621,95.11295,859.84467,-0.03526056,15790.866287368672,157.0,N_506
2024-05-10 22:19:40,47.694443,4.931885,52.106148,95.08498,859.75024,-0.03678668,15522.476985511914,157.0,N_506
2024-05-10 22:19:41,47.636406,4.9302063,52.0432,95.057,859.72986,-0.037617214,15247.887423399921,157.0,N_506
2024-05-10 22:19:42,47.57835,4.928528,51.980255,95.02902,859.75024,-0.038183633,14997.68759327002,157.0,N_506
2024-05-10 22:19:43,47.52027,4.9268494,51.9243,95.001045,859.75397,-0.038750052,14778.072164344983,157.0,N_506
2024-05-10 22:19:44,47.462177,4.925171,51.875343,94.980064,859.75024,-0.03680258,14537.131871920123,157.0,N_506
2024-05-10 22:19:45,47.40406,4.9235077,51.81939,94.95209,859.74835,-0.03694012,14295.113869726381,157.0,N_506
2024-05-10 22:19:46,47.34593,4.9218445,51.763435,94.92411,859.75024,-0.037077658,14052.175868945082,157.0,N_506
2024-05-10 22:19:47,47.287773,4.9201813,51.70748,94.89613,859.7447,-0.0372152,13802.397678659756,157.0,N_506
2024-05-10 22:19:48,47.2296,4.918518,51.65153,94.86117,859.74286,-0.034062594,13553.628198406524,157.0,N_506
2024-05-10 22:19:49,47.171406,4.91687,51.588585,94.83319,859.7595,-0.03315886,13340.259671017455,157.0,N_506
2024-05-10 22:19:50,47.113194,4.915207,51.53263,94.81221,859.76874,-0.03364624,13094.502621661672,157.0,N_506
2024-05-10 22:19:51,47.054962,4.913559,51.469685,94.78423,859.7077,-0.034993995,12864.889186400651,157.0,N_506
2024-05-10 22:19:52,46.99671,4.9119263,51.41373,94.756256,859.59656,-0.034785558,12662.440808797252,157.0,N_506
2024-05-10 22:19:53,46.93844,4.9102783,51.364773,94.72828,859.53546,-0.03457712,12435.793874814617,157.0,N_506
2024-05-10 22:19:54,46.88015,4.9086456,51.30882,94.7003,859.5447,-0.034368683,12214.777719787202,157.0,N_506
2024-05-10 22:19:55,46.82184,4.907013,51.252865,94.67932,859.5595,-0.031469278,11984.75790494778,157.0,N_506
2024-05-10 22:19:56,46.76351,4.9053802,51.18992,94.651344,859.5576,-0.028569872,11775.647167109917,157.0,N_506
2024-05-10 22:19:57,46.705162,4.9037476,51.126972,94.62337,859.55396,-0.03079257,11573.321310780226,157.0,N_506
2024-05-10 22:19:58,46.646793,4.90213,51.07102,94.59539,859.5558,-0.034222327,11348.731543291433,157.0,N_506
2024-05-10 22:19:59,46.588406,4.9005127,51.015064,94.56741,859.55396,-0.03262662,11158.60374247937,157.0,N_506
2024-05-10 22:20:00,46.53,4.8988953,50.966106,94.53944,859.55023,-0.031385303,10956.749333700216,157.0,N_506
2024-05-10 22:20:01,46.471573,4.8973083,50.910152,94.518456,859.55396,-0.03273336,10717.42712364687,157.0,N_506
2024-05-10 22:20:02,46.413128,4.8957214,50.847206,94.49048,859.57434,-0.029760296,10499.559849923755,157.0,N_506
2024-05-10 22:20:03,46.35466,4.8941345,50.78426,94.4625,859.55396,-0.031967822,10289.440071931731,157.0,N_506
2024-05-10 22:20:04,46.296177,4.892563,50.728306,94.434525,859.45764,-0.03262394,10099.205738398672,157.0,N_506
2024-05-10 22:20:05,46.23767,4.890976,50.679348,94.40655,859.3595,-0.030863693,9896.546770816762,157.0,N_506
2024-05-10 22:20:06,46.17915,4.8894043,50.623394,94.37857,859.3391,-0.029708259,9705.231488429305,157.0,N_506
2024-05-10 22:20:07,46.120605,4.8878326,50.567444,94.35759,859.3595,-0.028552825,9517.501118332868,157.0,N_506
2024-05-10 22:20:08,46.062042,4.886261,50.51149,94.32961,859.3669,-0.029042121,9326.543041877101,157.0,N_506
2024-05-10 22:20:09,46.00346,4.8846893,50.455536,94.301636,859.36316,-0.027969256,9121.742857538307,157.0,N_506
2024-05-10 22:20:10,45.94486,4.883133,50.39259,94.27366,859.3595,-0.026896391,8924.59366881688,157.0,N_506
2024-05-10 22:20:11,45.88624,4.8815765,50.329643,94.24568,859.3595,-0.026863772,8751.282804052196,157.0,N_506
2024-05-10 22:20:12,45.8276,4.88002,50.27369,94.2247,859.3576,-0.026831156,8574.712258728407,157.0,N_506
2024-05-10 22:20:13,45.76894,4.8784637,50.217735,94.196724,859.3558,-0.026798537,8401.955244411241,157.0,N_506
2024-05-10 22:20:14,45.71026,4.8769073,50.161785,94.17574,859.3669,-0.027539387,8200.217461647628,157.0,N_506
2024-05-10 22:20:15,45.65156,4.875366,50.09884,94.147766,859.3743,-0.02828024,8013.964033730927,157.0,N_506
2024-05-10 22:20:16,45.592842,4.87381,50.042885,94.11979,859.3299,-0.027560735,7832.540304511589,157.0,N_506
2024-05-10 22:20:17,45.534107,4.8722687,49.98693,94.09181,859.23914,-0.026493898,7658.076689587241,157.0,N_506
2024-05-10 22:20:18,45.47535,4.8707275,49.930977,94.063835,859.165,-0.025596995,7492.969857225747,157.0,N_506
2024-05-10 22:20:19,45.416573,4.8691864,49.875027,94.042854,859.15204,-0.024706986,7330.17447411286,157.0,N_506
2024-05-10 22:20:20,45.357777,4.8676605,49.819073,94.01488,859.165,-0.0227765,7183.106049789434,157.0,N_506
2024-05-10 22:20:21,45.29896,4.8661194,49.76312,93.9939,859.16876,-0.022575704,7034.2334987343565,157.0,N_506
2024-05-10 22:20:22,45.240128,4.8645935,49.70717,93.96592,859.165,-0.02461196,6872.001236815611,157.0,N_506
2024-05-10 22:20:23,45.18127,4.8630676,49.651215,93.93794,859.165,-0.025612582,6684.155607152385,157.0,N_506
2024-05-10 22:20:24,45.1224,4.8615417,49.58827,93.909966,859.165,-0.024032556,6528.868727539959,157.0,N_506
2024-05-10 22:20:25,45.063507,4.860031,49.532314,93.888985,859.1613,-0.023143495,6376.212210966898,157.0,N_506
2024-05-10 22:20:26,45.004593,4.8585052,49.47636,93.86101,859.165,-0.02190616,6234.67568526329,157.0,N_506
2024-05-10 22:20:27,44.94566,4.8569946,49.420406,93.84003,859.18726,-0.021877205,6090.289321067785,157.0,N_506
2024-05-10 22:20:28,44.88671,4.855484,49.364456,93.81205,859.18915,-0.02081481,5955.732229425696,157.0,N_506
2024-05-10 22:20:29,44.82774,4.8539734,49.308502,93.79107,859.12244,-0.021648746,5796.715028878658,157.0,N_506
2024-05-10 22:20:30,44.76875,4.852463,49.245556,93.76309,859.0113,-0.022303954,5649.329430221571,157.0,N_506
2024-05-10 22:20:31,44.70974,4.8509674,49.1896,93.735115,858.9521,-0.021754932,5505.666795961457,157.0,N_506
2024-05-10 22:20:32,44.65071,4.849457,49.133648,93.70714,858.9613,-0.018632153,5385.079639520582,157.0,N_506
2024-05-10 22:20:33,44.59166,4.8479614,49.077698,93.68616,858.97614,-0.019466795,5241.920956201704,157.0,N_506
2024-05-10 22:20:34,44.532593,4.846466,49.014748,93.65818,858.9724,-0.021664517,5101.741097891654,157.0,N_506
2024-05-10 22:20:35,44.473507,4.844986,48.958797,93.63719,858.9706,-0.022064395,4956.0103401261185,157.0,N_506
2024-05-10 22:20:36,44.4144,4.8434906,48.902843,93.60922,858.9706,-0.022464273,4810.821245086332,157.0,N_506
2024-05-10 22:20:37,44.35527,4.8420105,48.84689,93.588234,858.9687,-0.020892737,4672.7460461530545,157.0,N_506
2024-05-10 22:20:38,44.296127,4.840515,48.79094,93.56026,858.96313,-0.01898272,4535.484341029491,157.0,N_506
2024-05-10 22:20:39,44.23696,4.839035,48.72799,93.539276,858.9706,-0.019465255,4420.869876604499,157.0,N_506
2024-05-10 22:20:40,44.177776,4.837555,48.67903,93.5113,858.99097,-0.019609762,4294.099179306921,157.0,N_506
2024-05-10 22:20:41,44.118572,4.83609,48.623077,93.49032,858.9706,-0.019753141,4148.772783048603,157.0,N_506
2024-05-10 22:20:42,44.05935,4.83461,48.56013,93.46234,858.87427,-0.017670585,4020.76648306222,157.0,N_506
2024-05-10 22:20:43,44.000107,4.833145,48.497185,93.44136,858.7761,-0.017641723,3916.715999370083,157.0,N_506
2024-05-10 22:20:44,43.94084,4.8316803,48.448227,93.41338,858.75574,-0.018127084,3799.4289776443347,157.0,N_506
2024-05-10 22:20:45,43.88156,4.8302155,48.392273,93.3924,858.7761,-0.01810103,3666.120494804039,157.0,N_506
2024-05-10 22:20:46,43.822258,4.8287506,48.329327,93.364426,858.7817,-0.018242128,3545.1525099404394,157.0,N_506
2024-05-10 22:20:47,43.76294,4.827301,48.273373,93.33645,858.7761,-0.018383225,3412.1518530934372,157.0,N_506
2024-05-10 22:20:48,43.703598,4.825836,48.210426,93.31547,858.7761,-0.018524325,3292.0243814174905,157.0,N_506
2024-05-10 22:20:49,43.644238,4.8243866,48.154472,93.29449,858.7761,-0.018836984,3167.2763420031624,157.0,N_506
2024-05-10 22:20:50,43.584858,4.822937,48.098522,93.26651,858.77423,-0.018724056,3045.98136353808,157.0,N_506
2024-05-10 22:20:51,43.52546,4.8215027,48.04257,93.24552,858.77057,-0.018611128,2922.6880328324723,157.0,N_506
2024-05-10 22:20:52,43.46604,4.820053,47.986614,93.21755,858.7854,-0.019176334,2781.442149904595,157.0,N_506
2024-05-10 22:20:53,43.406605,4.818619,47.923668,93.189575,858.7946,-0.019741543,2653.4602512959777,157.0,N_506
2024-05-10 22:20:54,43.34715,4.817169,47.867714,93.16859,858.73535,-0.017173398,2542.113076955865,157.0,N_506
2024-05-10 22:20:55,43.28767,4.815735,47.811764,93.147606,858.62604,-0.016468208,2435.279319841902,157.0,N_506
2024-05-10 22:20:56,43.228176,4.8143005,47.75581,93.126625,858.55756,-0.015934285,2329.501133870045,157.0,N_506
2024-05-10 22:20:57,43.16866,4.8128815,47.699856,93.09865,858.55945,-0.015059084,2231.690328802178,157.0,N_506
2024-05-10 22:20:58,43.109127,4.811447,47.6439,93.07767,858.5816,-0.014183883,2137.3947406808434,157.0,N_506
2024-05-10 22:20:59,43.049572,4.810028,47.58795,93.04969,858.58716,-0.013310244,2050.8009778243786,157.0,N_506
2024-05-10 22:21:00,42.989998,4.808609,47.531998,93.02871,858.5816,-0.012779926,1965.7053574226884,157.0,N_506
2024-05-10 22:21:01,42.930325,4.807205,47.476044,93.00073,858.5816,-0.012837312,1872.4335467110927,157.0,N_506
2024-05-10 22:21:02,42.870632,4.8058014,47.413097,92.97975,858.5816,-0.012894698,1788.3661281239551,157.0,N_506
2024-05-10 22:21:03,42.810925,4.804413,47.357143,92.95876,858.57794,-0.012193985,1707.1039431268823,157.0,N_506
2024-05-10 22:21:04,42.751198,4.803009,47.301193,92.93079,858.5816,-0.010814843,1636.511327039338,157.0,N_506
2024-05-10 22:21:05,42.691456,4.8016205,47.24524,92.909805,858.59644,-0.010406277,1559.2737137894756,157.0,N_506
2024-05-10 22:21:06,42.6317,4.800232,47.182293,92.88183,858.5816,-0.009997711,1493.7854607600093,157.0,N_506
2024-05-10 22:21:07,42.571922,4.7988434,47.12634,92.86085,858.50757,-0.009589145,1422.5132375752692,157.0,N_506
2024-05-10 22:21:08,42.51213,4.797455,47.063393,92.83287,858.4187,-0.009180578,1369.1550111186984,157.0,N_506
2024-05-10 22:21:09,42.452324,4.7960815,47.014435,92.81189,858.3724,-0.008772013,1311.8174922288658,157.0,N_506
2024-05-10 22:21:10,42.392498,4.794693,46.95848,92.79091,858.37976,-0.008363446,1256.9640679103327,157.0,N_506
2024-05-10 22:21:11,42.332657,4.7933197,46.902527,92.76993,858.39087,-0.007954881,1197.6295585259331,157.0,N_506
2024-05-10 22:21:12,42.272797,4.7919464,46.83958,92.74195,858.38904,-0.007710055,1146.820492432546,157.0,N_506
2024-05-10 22:21:13,42.21292,4.790573,46.783627,92.72097,858.3872,-0.007465229,1097.7294158758891,157.0,N_506
2024-05-10 22:21:14,42.15303,4.7892,46.727673,92.69998,858.3872,-0.0072204033,1049.100525124832,157.0,N_506
2024-05-10 22:21:15,42.093124,4.7878265,46.671722,92.672005,858.3835,-0.0070288205,997.4907737763629,157.0,N_506
2024-05-10 22:21:16,42.0332,4.7864532,46.608776,92.651024,858.38165,-0.006873653,945.910046288709,157.0,N_506
2024-05-10 22:21:17,41.973255,4.785095,46.545826,92.62305,858.3983,-0.0067184847,901.4653788909231,157.0,N_506
2024-05-10 22:21:18,41.913296,4.783737,46.489876,92.602066,858.4149,-0.006563317,858.161258528301,157.0,N_506
2024-05-10 22:21:19,41.85332,4.782379,46.43392,92.581085,858.3872,-0.006408149,815.8526696532153,157.0,N_506
2024-05-10 22:21:20,41.79333,4.781021,46.377968,92.560104,858.2872,-0.0062529813,773.5641412900309,157.0,N_506
2024-05-10 22:21:21,41.733322,4.779663,46.322014,92.53213,858.19275,-0.006066594,733.4397367641482,157.0,N_506
2024-05-10 22:21:22,41.673298,4.778305,46.266064,92.51115,858.17236,-0.0058802064,690.0797790726933,157.0,N_506
2024-05-10 22:21:23,41.613255,4.7769623,46.203117,92.49016,858.19275,-0.006363455,647.9156029795954,157.0,N_506
2024-05-10 22:21:24,41.553196,4.7756042,46.147163,92.46918,858.1964,-0.0056719934,609.4392259805304,157.0,N_506
2024-05-10 22:21:25,41.493122,4.7742615,46.09121,92.4412,858.19275,-0.0054864176,577.1465750696916,157.0,N_506
2024-05-10 22:21:26,41.43303,4.7729187,46.04225,92.42022,858.19275,-0.005719657,539.3899536625854,157.0,N_506
2024-05-10 22:21:27,41.37292,4.771576,45.986298,92.39924,858.19275,-0.0059528966,495.5032916296668,157.0,N_506
2024-05-10 22:21:28,41.312798,4.770233,45.92335,92.37826,858.1872,-0.0055998834,453.2190424882201,157.0,N_506
2024-05-10 22:21:29,41.252655,4.7689056,45.860405,92.35028,858.1853,-0.0057448726,415.0134105217412,157.0,N_506
2024-05-10 22:21:30,41.192497,4.767563,45.80445,92.3293,858.2038,-0.005059962,381.35635916666433,157.0,N_506
2024-05-10 22:21:31,41.13232,4.7662354,45.748497,92.30831,858.21124,-0.0044609476,351.55301047545663,157.0,N_506
2024-05-10 22:21:32,41.072132,4.764908,45.692547,92.28733,858.15015,-0.0038619332,325.59947697368125,157.0,N_506
2024-05-10 22:21:33,41.01192,4.7635803,45.636593,92.26635,858.039,-0.0041787294,296.93880639501685,157.0,N_506
2024-05-10 22:21:34,40.9517,4.762253,45.58064,92.23837,857.9779,-0.003993623,267.11417755178445,157.0,N_506
2024-05-10 22:21:35,40.891457,4.7609253,45.517693,92.21739,857.9871,-0.0038096341,241.3595108169734,157.0,N_506
2024-05-10 22:21:36,40.831196,4.759613,45.46174,92.19641,858.0038,-0.0034612461,217.42479339282409,157.0,N_506
2024-05-10 22:21:37,40.770924,4.7582855,45.40579,92.168434,858.0038,-0.0034457413,194.1348508792289,157.0,N_506
2024-05-10 22:21:38,40.710632,4.7569733,45.349834,92.147446,857.9982,-0.0034271854,170.97434110213044,157.0,N_506
2024-05-10 22:21:39,40.650322,4.755661,45.29388,92.126465,857.9982,-0.003411723,147.9128546100028,157.0,N_506
2024-05-10 22:21:40,40.589996,4.7543488,45.237926,92.105484,857.9982,-0.0033962887,122.38927273237823,157.0,N_506
2024-05-10 22:21:41,40.529655,4.7530365,45.17498,92.0845,857.9927,-0.0030487406,101.03165686250304,157.0,N_506
2024-05-10 22:21:42,40.469296,4.7517242,45.119026,92.056526,857.9982,-0.0025385378,83.57864386125266,157.0,N_506
2024-05-10 22:21:43,40.408924,4.7504272,45.063076,92.035545,858.0168,-0.0023551742,67.31444445279249,157.0,N_506
2024-05-10 22:21:44,40.34853,4.7491302,45.007122,92.014565,857.9982,-0.00217519,50.56837003753435,157.0,N_506
2024-05-10 22:21:45,40.288124,4.747818,44.944176,91.993576,857.9019,-0.001995206,36.48601301045119,157.0,N_506
2024-05-10 22:21:46,40.227695,4.746521,44.88822,91.972595,857.80383,-0.0014878446,24.682476582198433,157.0,N_506
2024-05-10 22:21:47,40.167255,4.7452393,44.825275,91.951614,857.7742,-0.0018013881,11.847932991422567,157.0,N_506
2024-05-10 22:21:48,40.106796,4.7439423,44.76932,91.93063,857.79266,-0.0014588189,1.113239221733238,157.0,N_506
2024-05-10 22:21:49,40.04632,4.7426453,44.71337,91.90266,857.8075,-0.001935548,0.0,157.0,N_506
