datetime,mlat,mlt,glat,glon,alt,Ex,pot,cpcp_kV,pass_id
2024-05-10 21:04:51,-40.013863,6.269348,-29.081526,132.97908,859.40027,-0.0010470811,-6.837512974971681,176.0,S_1973
2024-05-10 21:04:52,-40.08009,6.268753,-29.137478,132.9581,859.5095,-0.0011943656,32.81887566293662,176.0,S_1973
2024-05-10 21:04:53,-40.14632,6.2681427,-29.200424,132.94412,859.57434,-0.00086572825,80.01676566219308,176.0,S_1973
2024-05-10 21:04:54,-40.21255,6.2675476,-29.249384,132.92313,859.5687,-0.00055175193,118.67780125152899,176.0,S_1973
2024-05-10 21:04:55,-40.278786,6.2669373,-29.31233,132.90915,859.5428,-0.0003862213,168.47587508159347,176.0,S_1973
2024-05-10 21:04:56,-40.345024,6.266327,-29.368284,132.89516,859.53723,-0.0003794458,212.56046223046891,176.0,S_1973
2024-05-10 21:04:57,-40.411263,6.2657166,-29.43123,132.88116,859.58356,-0.00037162736,262.5403852659264,176.0,S_1973
2024-05-10 21:04:58,-40.477505,6.265106,-29.487185,132.86717,859.67065,-0.00036478066,306.9633231572469,176.0,S_1973
2024-05-10 21:04:59,-40.54375,6.264496,-29.543137,132.84619,859.7466,-0.0005233149,351.24251461534783,176.0,S_1973
2024-05-10 21:05:00,-40.61,6.2638855,-29.606083,132.83221,859.76874,-0.00084674236,398.0543523987181,176.0,S_1973
2024-05-10 21:05:01,-40.67625,6.2632904,-29.662037,132.81123,859.75024,-0.0008360902,440.75049870881674,176.0,S_1973
2024-05-10 21:05:02,-40.742508,6.2626953,-29.717989,132.79724,859.7262,-0.0010022172,481.2844326845402,176.0,S_1973
2024-05-10 21:05:03,-40.80876,6.2621,-29.773943,132.79024,859.7466,-0.0008356837,520.8217829097524,176.0,S_1973
2024-05-10 21:05:04,-40.875023,6.261505,-29.83689,132.76926,859.841,-0.00066915026,570.1001819644897,176.0,S_1973
2024-05-10 21:05:05,-40.941284,6.26091,-29.892843,132.75528,859.941,-0.00066898856,612.5294711988403,176.0,S_1973
2024-05-10 21:05:06,-41.00755,6.260315,-29.948795,132.7343,859.9688,-0.00050211186,657.3195555365894,176.0,S_1973
2024-05-10 21:05:07,-41.07382,6.2597046,-30.004747,132.7203,859.9447,-0.0006553202,699.4505886972198,176.0,S_1973
2024-05-10 21:05:08,-41.14009,6.259094,-30.067696,132.70631,859.91504,-0.00032652612,749.4755908165924,176.0,S_1973
2024-05-10 21:05:09,-41.206364,6.258499,-30.130642,132.69232,859.91693,-0.00015765955,800.7972418011025,176.0,S_1973
2024-05-10 21:05:10,-41.27264,6.257889,-30.186596,132.67134,859.98364,0.00030577596,850.7002845248644,176.0,S_1973
2024-05-10 21:05:11,-41.33892,6.257263,-30.242548,132.65736,860.0929,0.00048137055,900.5412890703757,176.0,S_1973
2024-05-10 21:05:12,-41.4052,6.256653,-30.2985,132.64337,860.1577,-0.000311477,945.0662840993348,176.0,S_1973
2024-05-10 21:05:13,-41.471485,6.2560425,-30.361448,132.62239,860.154,-0.00014168577,997.6821884367661,176.0,S_1973
2024-05-10 21:05:14,-41.537773,6.255417,-30.4174,132.6084,860.1244,0.00035036932,1046.6900007831114,176.0,S_1973
2024-05-10 21:05:15,-41.604065,6.2548065,-30.473354,132.5944,860.11694,0.00019699629,1094.760069540252,176.0,S_1973
2024-05-10 21:05:16,-41.670357,6.254181,-30.529306,132.57343,860.1762,0.00037342074,1145.3703274102427,176.0,S_1973
2024-05-10 21:05:17,-41.736652,6.2535553,-30.592255,132.55943,860.2836,0.00047308282,1200.7063622640796,176.0,S_1973
2024-05-10 21:05:18,-41.80295,6.2529297,-30.648207,132.54546,860.35767,0.0005727449,1251.2183516929604,176.0,S_1973
2024-05-10 21:05:19,-41.86925,6.252304,-30.704159,132.52448,860.3632,0.00058774283,1302.8995356214755,176.0,S_1973
2024-05-10 21:05:20,-41.935555,6.251663,-30.760113,132.51048,860.3355,0.0014192607,1359.761752440828,176.0,S_1973
2024-05-10 21:05:21,-42.00186,6.2510376,-30.82306,132.49649,860.3096,0.0020929617,1426.9647449693907,176.0,S_1973
2024-05-10 21:05:22,-42.068172,6.2503967,-30.886007,132.4825,860.32996,0.002423263,1495.097762891092,176.0,S_1973
2024-05-10 21:05:23,-42.134487,6.249771,-30.94196,132.46152,860.4263,0.0027724507,1558.5346049027532,176.0,S_1973
2024-05-10 21:05:24,-42.2008,6.2491302,-30.99092,132.44754,860.52435,0.0034341093,1624.1544724238074,176.0,S_1973
2024-05-10 21:05:25,-42.26712,6.2484894,-31.053865,132.43355,860.5503,0.0037731929,1703.8770547363752,176.0,S_1973
2024-05-10 21:05:26,-42.33344,6.2478485,-31.116812,132.41257,860.5299,0.0034598522,1779.3223095839226,176.0,S_1973
2024-05-10 21:05:27,-42.39976,6.2471924,-31.172766,132.39857,860.5096,0.0028240848,1842.4283286842258,176.0,S_1973
2024-05-10 21:05:28,-42.46609,6.2465515,-31.221724,132.3776,860.52625,0.0025001867,1900.676600437179,176.0,S_1973
2024-05-10 21:05:29,-42.532417,6.2458954,-31.277678,132.3636,860.5985,0.0021872038,1962.9806840136525,176.0,S_1973
2024-05-10 21:05:30,-42.59875,6.2452545,-31.340624,132.34961,860.6874,0.0013839956,2024.0750931527716,176.0,S_1973
2024-05-10 21:05:31,-42.665085,6.2445984,-31.396576,132.33563,860.73737,0.0010583933,2078.5160822635266,176.0,S_1973
2024-05-10 21:05:32,-42.731422,6.2439423,-31.459524,132.31465,860.7355,0.00073940156,2136.6859563621265,176.0,S_1973
2024-05-10 21:05:33,-42.797764,6.243286,-31.515476,132.30066,860.70953,-0.0005905136,2179.2453874337284,176.0,S_1973
2024-05-10 21:05:34,-42.864105,6.2426147,-31.578424,132.28667,860.7022,-0.0015666429,2221.3469186219754,176.0,S_1973
2024-05-10 21:05:35,-42.93045,6.2419586,-31.634377,132.26569,860.75964,-0.0015538824,2259.4023513369857,176.0,S_1973
2024-05-10 21:05:36,-42.9968,6.2413025,-31.69033,132.2517,860.867,-0.0017316808,2295.1674266330306,176.0,S_1973
2024-05-10 21:05:37,-43.063152,6.240631,-31.746283,132.23772,860.94104,-0.0012153166,2333.9957644797573,176.0,S_1973
2024-05-10 21:05:38,-43.129505,6.2399597,-31.802235,132.21672,860.94666,-0.0007167064,2377.361983153727,176.0,S_1973
2024-05-10 21:05:39,-43.19586,6.2392883,-31.858189,132.20274,860.9189,-0.0002191209,2422.515711763626,176.0,S_1973
2024-05-10 21:05:40,-43.262222,6.238617,-31.921135,132.18176,860.89294,-3.417654e-05,2475.73308095613,176.0,S_1973
2024-05-10 21:05:41,-43.328587,6.2379456,-31.984083,132.16777,860.9133,0.00015076782,2529.009183291633,176.0,S_1973
2024-05-10 21:05:42,-43.39495,6.237274,-32.040035,132.14679,861.00964,0.00048618036,2579.6305034481397,176.0,S_1973
2024-05-10 21:05:43,-43.46132,6.2365875,-32.088993,132.1328,861.1096,0.0008226769,2626.662041334768,176.0,S_1973
2024-05-10 21:05:44,-43.52769,6.235901,-32.15194,132.1188,861.13556,0.0011591736,2687.359455745125,176.0,S_1973
2024-05-10 21:05:45,-43.594063,6.2352295,-32.21489,132.09782,861.11334,0.0018499568,2752.5467743053764,176.0,S_1973
2024-05-10 21:05:46,-43.66044,6.234543,-32.27084,132.08383,861.09296,0.0012102725,2807.875306788766,176.0,S_1973
2024-05-10 21:05:47,-43.726818,6.233856,-32.33379,132.06985,861.1096,0.0007130278,2864.8008264044965,176.0,S_1973
2024-05-10 21:05:48,-43.7932,6.2331696,-32.38974,132.04887,861.1819,1.9772138e-05,2912.829241253914,176.0,S_1973
2024-05-10 21:05:49,-43.859585,6.2324677,-32.452686,132.03488,861.27075,-0.0006905811,2961.116209820044,176.0,S_1973
2024-05-10 21:05:50,-43.925972,6.231781,-32.501648,132.0139,861.32263,-0.0014009343,2994.569440625574,176.0,S_1973
2024-05-10 21:05:51,-43.992363,6.231079,-32.5576,131.99991,861.32074,-0.0021112876,3027.542170036858,176.0,S_1973
2024-05-10 21:05:52,-44.058758,6.2303925,-32.613552,131.97893,861.293,-0.002770295,3055.748439608779,176.0,S_1973
2024-05-10 21:05:53,-44.125153,6.2296906,-32.6765,131.96494,861.2856,-0.0034293022,3086.2608653783154,176.0,S_1973
2024-05-10 21:05:54,-44.19155,6.2289886,-32.732452,131.95096,861.3448,-0.004005412,3106.897833803193,176.0,S_1973
2024-05-10 21:05:55,-44.25795,6.2282867,-32.788406,131.92996,861.4541,-0.0045815217,3125.720953034432,176.0,S_1973
2024-05-10 21:05:56,-44.324356,6.2275696,-32.844357,131.91599,861.52075,-0.0025336766,3154.428356238066,176.0,S_1973
2024-05-10 21:05:57,-44.390762,6.2268677,-32.907307,131.902,861.5189,-0.00071888993,3201.475828588952,176.0,S_1973
2024-05-10 21:05:58,-44.457172,6.2261505,-32.970253,131.88101,861.48553,0.0010958967,3261.842672815927,176.0,S_1973
2024-05-10 21:05:59,-44.523586,6.2254486,-33.026207,131.86702,861.46704,0.0029106834,3327.4926909611127,176.0,S_1973
2024-05-10 21:06:00,-44.59,6.2247314,-33.082157,131.84604,861.49854,0.0049531483,3410.538122804798,176.0,S_1973
2024-05-10 21:06:01,-44.65658,6.224045,-33.145103,131.83205,861.59485,0.0064961654,3503.984986551145,176.0,S_1973
2024-05-10 21:06:02,-44.72316,6.223343,-33.201057,131.81807,861.693,0.007870341,3601.9032494576786,176.0,S_1973
2024-05-10 21:06:03,-44.789738,6.2226562,-33.25701,131.79707,861.71893,0.009052913,3707.174108585805,176.0,S_1973
2024-05-10 21:06:04,-44.85631,6.2219543,-33.312965,131.7831,861.6967,0.008907335,3811.822808813352,176.0,S_1973
2024-05-10 21:06:05,-44.922882,6.2212524,-33.368916,131.76212,861.67633,0.0081613185,3917.644090349174,176.0,S_1973
2024-05-10 21:06:06,-44.98945,6.2205505,-33.431866,131.74812,861.693,0.0074153026,4016.9056580550964,176.0,S_1973
2024-05-10 21:06:07,-45.056015,6.2198486,-33.487816,131.73413,861.76526,0.009496958,4125.378438616854,176.0,S_1973
2024-05-10 21:06:08,-45.122578,6.2191315,-33.54377,131.71315,861.8541,0.010922512,4250.79948385533,176.0,S_1973
2024-05-10 21:06:09,-45.189137,6.2184143,-33.606716,131.69916,861.906,0.012348065,4392.5400392557885,176.0,S_1973
2024-05-10 21:06:10,-45.255695,6.217697,-33.669662,131.67818,861.9041,0.013773619,4533.264657167751,176.0,S_1973
2024-05-10 21:06:11,-45.322247,6.21698,-33.725616,131.66418,861.8764,0.013457324,4665.275486874152,176.0,S_1973
2024-05-10 21:06:12,-45.388798,6.216263,-33.78157,131.6502,861.86707,0.013508026,4799.810177844105,176.0,S_1973
2024-05-10 21:06:13,-45.45535,6.2155304,-33.837524,131.62923,861.93005,0.014733521,4943.458568959861,176.0,S_1973
2024-05-10 21:06:14,-45.521893,6.214813,-33.893475,131.60825,862.043,0.015260186,5099.661354615221,176.0,S_1973
2024-05-10 21:06:15,-45.588436,6.214081,-33.95642,131.59425,862.09674,0.016150774,5256.904942225755,176.0,S_1973
2024-05-10 21:06:16,-45.654976,6.2133484,-34.012375,131.57327,862.08374,0.016859937,5398.856411377631,176.0,S_1973
2024-05-10 21:06:17,-45.721516,6.2126007,-34.061333,131.55928,862.106,0.015880704,5543.241103080812,176.0,S_1973
2024-05-10 21:06:18,-45.788048,6.2118683,-34.117287,131.5383,862.19305,0.017292961,5713.868343843967,176.0,S_1973
2024-05-10 21:06:19,-45.85458,6.2111206,-34.180233,131.5243,862.27637,0.015837425,5878.536887313444,176.0,S_1973
2024-05-10 21:06:20,-45.921112,6.210373,-34.24318,131.51031,862.3004,0.014381888,6024.240232226926,176.0,S_1973
2024-05-10 21:06:21,-45.987637,6.2096252,-34.299133,131.48933,862.2819,0.012926352,6153.998286352234,176.0,S_1973
2024-05-10 21:06:22,-46.05416,6.2088776,-34.355087,131.47536,862.256,0.014660719,6295.955331632059,176.0,S_1973
2024-05-10 21:06:23,-46.12068,6.2081146,-34.41104,131.45438,862.27637,0.014351602,6445.671847049933,176.0,S_1973
2024-05-10 21:06:24,-46.1872,6.2073517,-34.473988,131.44038,862.3708,0.014214577,6587.973667987707,176.0,S_1973
2024-05-10 21:06:25,-46.253716,6.206604,-34.52994,131.42639,862.4708,0.014225643,6727.077813758357,176.0,S_1973
2024-05-10 21:06:26,-46.32023,6.205826,-34.58589,131.40541,862.5005,0.013043401,6859.6453379504455,176.0,S_1973
2024-05-10 21:06:27,-46.386738,6.205063,-34.641846,131.38443,862.4764,0.013056951,7000.152462720549,176.0,S_1973
2024-05-10 21:06:28,-46.453243,6.2043,-34.704792,131.37044,862.4468,0.0130705,7147.004603417396,176.0,S_1973
2024-05-10 21:06:29,-46.51975,6.2035217,-34.76774,131.34946,862.4468,0.013085811,7283.280964879785,176.0,S_1973
2024-05-10 21:06:30,-46.58625,6.2027435,-34.823692,131.33546,862.5134,0.013850672,7419.915369955591,176.0,S_1973
2024-05-10 21:06:31,-46.65275,6.2019653,-34.879646,131.31448,862.6227,0.014615533,7560.340121869924,176.0,S_1973
2024-05-10 21:06:32,-46.719242,6.201187,-34.9356,131.30049,862.6894,0.015380394,7716.165754877869,176.0,S_1973
2024-05-10 21:06:33,-46.785736,6.2003937,-34.998547,131.28651,862.68567,0.01713626,7879.654441275072,176.0,S_1973
2024-05-10 21:06:34,-46.852226,6.1996155,-35.054497,131.26553,862.65607,0.018712614,8048.993283761933,176.0,S_1973
2024-05-10 21:06:35,-46.918713,6.198822,-35.11045,131.24455,862.6468,0.020288968,8225.358256242973,176.0,S_1973
2024-05-10 21:06:36,-46.9852,6.1980286,-35.166405,131.23056,862.70605,0.020498063,8401.89120616703,176.0,S_1973
2024-05-10 21:06:37,-47.05168,6.19722,-35.22236,131.21657,862.8134,0.02115628,8601.694494402043,176.0,S_1973
2024-05-10 21:06:38,-47.11816,6.1964264,-35.285305,131.19559,862.8876,0.021814495,8793.238465634713,176.0,S_1973
2024-05-10 21:06:39,-47.184635,6.1956177,-35.341255,131.1816,862.8931,0.022472711,8985.803731199923,176.0,S_1973
2024-05-10 21:06:40,-47.25111,6.194809,-35.39721,131.16061,862.8653,0.023766093,9184.176618091695,176.0,S_1973
2024-05-10 21:06:41,-47.31758,6.1940002,-35.453163,131.14662,862.83936,0.025059476,9393.523524823098,176.0,S_1973
2024-05-10 21:06:42,-47.38405,6.1931915,-35.509117,131.12564,862.85974,0.026352858,9608.259928323321,176.0,S_1973
2024-05-10 21:06:43,-47.450512,6.192383,-35.565067,131.11166,862.95605,0.024826735,9834.593692018436,176.0,S_1973
2024-05-10 21:06:44,-47.516975,6.191559,-35.628017,131.09067,863.05426,0.023991767,10061.54803722677,176.0,S_1973
2024-05-10 21:06:45,-47.583435,6.190735,-35.690964,131.06969,863.08386,0.0250667,10292.761139415534,176.0,S_1973
2024-05-10 21:06:46,-47.64989,6.189911,-35.75391,131.05571,863.05975,0.026141634,10510.533993149784,176.0,S_1973
2024-05-10 21:06:47,-47.716347,6.189087,-35.809864,131.04172,863.03015,0.026343985,10728.139343674418,176.0,S_1973
2024-05-10 21:06:48,-47.7828,6.188263,-35.865814,131.02074,863.032,0.026546335,10948.199579530807,176.0,S_1973
2024-05-10 21:06:49,-47.849247,6.1874237,-35.92177,130.99976,863.0987,0.028135851,11174.2056711197,176.0,S_1973
2024-05-10 21:06:50,-47.91569,6.1865845,-35.977722,130.98576,863.20605,0.029379059,11411.486707652759,176.0,S_1973
2024-05-10 21:06:51,-47.982136,6.1857452,-36.033676,130.96478,863.27277,0.030622264,11676.572442991517,176.0,S_1973
2024-05-10 21:06:52,-48.048576,6.184906,-36.096622,130.95079,863.26904,0.029236004,11918.418826605797,176.0,S_1973
2024-05-10 21:06:53,-48.115013,6.1840515,-36.152573,130.92981,863.23944,0.033444565,12178.030072837848,176.0,S_1973
2024-05-10 21:06:54,-48.18145,6.1832123,-36.208527,130.91582,863.232,0.037653126,12468.956028842462,176.0,S_1973
2024-05-10 21:06:55,-48.24788,6.182358,-36.26448,130.89484,863.2894,0.037355248,12781.806519505317,176.0,S_1973
2024-05-10 21:06:56,-48.31431,6.1815033,-36.327427,130.88084,863.3987,0.036786743,13072.609016732255,176.0,S_1973
2024-05-10 21:06:57,-48.380737,6.180649,-36.38338,130.85986,863.47095,0.036218233,13349.740366931626,176.0,S_1973
2024-05-10 21:06:58,-48.44716,6.179779,-36.43933,130.84589,863.47833,0.035649728,13627.59745162758,176.0,S_1973
2024-05-10 21:06:59,-48.51358,6.1789246,-36.495285,130.8249,863.44867,0.036026668,13909.048589038615,176.0,S_1973
2024-05-10 21:07:00,-48.579998,6.178055,-36.55124,130.80391,863.4227,0.03172939,14157.739102844112,176.0,S_1973
2024-05-10 21:07:01,-48.646576,6.1772156,-36.607193,130.78993,863.445,0.025488086,14388.652149129479,176.0,S_1973
2024-05-10 21:07:02,-48.713146,6.1763763,-36.67014,130.76895,863.5394,0.026321743,14612.613827042256,176.0,S_1973
2024-05-10 21:07:03,-48.77971,6.175522,-36.726093,130.74797,863.63947,0.027155401,14832.301929890806,176.0,S_1973
2024-05-10 21:07:04,-48.846264,6.1746674,-36.782043,130.73398,863.6654,0.027989058,15060.376916829693,176.0,S_1973
2024-05-10 21:07:05,-48.91281,6.173813,-36.837997,130.713,863.6432,0.02617262,15293.794318352508,176.0,S_1973
2024-05-10 21:07:06,-48.979347,6.1729584,-36.900944,130.699,863.6228,0.024356179,15503.811628347983,176.0,S_1973
2024-05-10 21:07:07,-49.045876,6.1720886,-36.956898,130.67802,863.63947,0.025624251,15736.78925341327,176.0,S_1973
2024-05-10 21:07:08,-49.112396,6.171219,-37.019844,130.65704,863.7117,0.026237698,15956.166984823602,176.0,S_1973
2024-05-10 21:07:09,-49.17891,6.170349,-37.075798,130.64305,863.80054,0.026851147,16176.799632504206,176.0,S_1973
2024-05-10 21:07:10,-49.245415,6.1694794,-37.131752,130.62207,863.8524,0.027464595,16419.35373336492,176.0,S_1973
2024-05-10 21:07:11,-49.31191,6.1685944,-37.1947,130.60808,863.8506,0.027841602,16651.897146160576,176.0,S_1973
2024-05-10 21:07:12,-49.3784,6.1677094,-37.25065,130.5871,863.8228,0.027860254,16875.992892461894,176.0,S_1973
2024-05-10 21:07:13,-49.444878,6.1668243,-37.306602,130.5731,863.81354,0.03177093,17128.471090293126,176.0,S_1973
2024-05-10 21:07:14,-49.51135,6.1659393,-37.362556,130.55212,863.8765,0.031318124,17402.534705126156,176.0,S_1973
2024-05-10 21:07:15,-49.577812,6.165039,-37.425503,130.53114,863.9876,0.030865315,17651.16800656433,176.0,S_1973
2024-05-10 21:07:16,-49.644264,6.164139,-37.481457,130.51715,864.0432,0.03041251,17917.517138637486,176.0,S_1973
2024-05-10 21:07:17,-49.71071,6.1632385,-37.544403,130.49617,864.0265,0.029959703,18137.632593062728,176.0,S_1973
2024-05-10 21:07:18,-49.77715,6.162323,-37.59336,130.4822,864.0284,0.029590875,18370.37886166296,176.0,S_1973
2024-05-10 21:07:19,-49.84358,6.1614075,-37.649315,130.46121,864.11914,0.029222047,18607.400980417042,176.0,S_1973
2024-05-10 21:07:20,-49.909996,6.160492,-37.70527,130.44022,864.22284,0.028853219,18863.572491741274,176.0,S_1973
2024-05-10 21:07:21,-49.97641,6.1595764,-37.768215,130.41924,864.25244,0.030658286,19110.838537780062,176.0,S_1973
2024-05-10 21:07:22,-50.042816,6.1586456,-37.82417,130.40526,864.2284,0.031764857,19363.141245188883,176.0,S_1973
2024-05-10 21:07:23,-50.10921,6.15773,-37.88012,130.38426,864.20245,0.032871425,19618.882916559316,176.0,S_1973
2024-05-10 21:07:24,-50.1756,6.156784,-37.936073,130.37029,864.22284,0.034560237,19915.103593938264,176.0,S_1973
2024-05-10 21:07:25,-50.241978,6.1558533,-37.99902,130.3493,864.3154,0.036249045,20203.077707918244,176.0,S_1973
2024-05-10 21:07:26,-50.308346,6.154907,-38.054974,130.32832,864.4173,0.037937857,20519.833888463127,176.0,S_1973
2024-05-10 21:07:27,-50.37471,6.1539764,-38.11792,130.31433,864.4543,0.03904234,20824.730289097843,176.0,S_1973
2024-05-10 21:07:28,-50.441063,6.153015,-38.173874,130.29335,864.4395,0.03753085,21109.940412842647,176.0,S_1973
2024-05-10 21:07:29,-50.507412,6.152069,-38.229828,130.27936,864.4062,0.038620222,21406.53338599747,176.0,S_1973
2024-05-10 21:07:30,-50.573746,6.151108,-38.285778,130.25838,864.39874,0.045487173,21748.737755186594,176.0,S_1973
2024-05-10 21:07:31,-50.640076,6.1501465,-38.341732,130.2374,864.45807,0.052354123,22127.77110026288,176.0,S_1973
2024-05-10 21:07:32,-50.706398,6.149185,-38.397686,130.2234,864.5692,0.054129474,22565.258731727983,176.0,S_1973
2024-05-10 21:07:33,-50.77271,6.148224,-38.460632,130.20242,864.6358,0.054359525,23011.040160171066,176.0,S_1973
2024-05-10 21:07:34,-50.839016,6.1472473,-38.52358,130.18144,864.63025,0.05321683,23408.737640064668,176.0,S_1973
2024-05-10 21:07:35,-50.90531,6.1462708,-38.579533,130.16046,864.6044,0.052074134,23785.932247272176,176.0,S_1973
2024-05-10 21:07:36,-50.9716,6.145294,-38.635483,130.14647,864.5988,0.050931435,24162.131112669667,176.0,S_1973
2024-05-10 21:07:37,-51.037876,6.1443024,-38.691437,130.12549,864.64325,0.04978874,24532.04824674347,176.0,S_1973
2024-05-10 21:07:38,-51.10415,6.143326,-38.74739,130.1045,864.7321,0.050354898,24898.34993026553,176.0,S_1973
2024-05-10 21:07:39,-51.17041,6.142334,-38.803345,130.09052,864.80804,0.055677634,25346.87556364785,176.0,S_1973
2024-05-10 21:07:40,-51.236664,6.141327,-38.86629,130.06953,864.8303,0.057419024,25814.60417990204,176.0,S_1973
2024-05-10 21:07:41,-51.30291,6.140335,-38.929237,130.04855,864.81177,0.05916041,26197.138947275238,176.0,S_1973
2024-05-10 21:07:42,-51.36915,6.139328,-38.978195,130.03456,864.78766,0.060076337,26626.888480648246,176.0,S_1973
2024-05-10 21:07:43,-51.435375,6.138321,-39.03415,130.01358,864.80804,0.06587023,27150.06641115668,176.0,S_1973
2024-05-10 21:07:44,-51.5016,6.1372986,-39.097095,129.9926,864.9007,0.07166413,27666.92612124398,176.0,S_1973
2024-05-10 21:07:45,-51.56781,6.1362915,-39.15305,129.97162,865.0007,0.0717143,28223.10722277136,176.0,S_1973
2024-05-10 21:07:46,-51.634014,6.135269,-39.215996,129.95763,865.03033,0.073227614,28694.582979946743,176.0,S_1973
2024-05-10 21:07:47,-51.70021,6.134247,-39.264954,129.93665,865.0062,0.07408128,29215.970179131215,176.0,S_1973
2024-05-10 21:07:48,-51.7664,6.133209,-39.320908,129.91566,864.9766,0.0725351,29722.54311433,176.0,S_1973
2024-05-10 21:07:49,-51.832577,6.132187,-39.37686,129.90167,864.97845,0.07260009,30293.028014259507,176.0,S_1973
2024-05-10 21:07:50,-51.898746,6.1311493,-39.439808,129.88069,865.0451,0.07266508,30861.40482985964,176.0,S_1973
2024-05-10 21:07:51,-51.96491,6.1301117,-39.502754,129.8667,865.15436,0.076727085,31409.67676800475,176.0,S_1973
2024-05-10 21:07:52,-52.031063,6.129059,-39.55871,129.84572,865.2192,0.0763894,31951.35325940703,176.0,S_1973
2024-05-10 21:07:53,-52.09721,6.128006,-39.614662,129.82474,865.2136,0.07605172,32490.783616590095,176.0,S_1973
2024-05-10 21:07:54,-52.16335,6.126953,-39.670612,129.80376,865.18774,0.07571404,33017.386520621294,176.0,S_1973
2024-05-10 21:07:55,-52.229477,6.1259003,-39.726566,129.78976,865.1822,0.075376354,33607.74980623971,176.0,S_1973
2024-05-10 21:07:56,-52.295597,6.1248474,-39.789513,129.76878,865.2285,0.07503867,34146.07033087293,176.0,S_1973
2024-05-10 21:07:57,-52.36171,6.1237793,-39.845467,129.7478,865.3155,0.07470099,34676.66858544518,176.0,S_1973
2024-05-10 21:07:58,-52.427814,6.122711,-39.90142,129.72682,865.3914,0.074363306,35205.0224185597,176.0,S_1973
2024-05-10 21:07:59,-52.49391,6.121643,-39.95737,129.70584,865.4137,0.07402562,35720.87061153905,176.0,S_1973
2024-05-10 21:08:00,-52.559998,6.1205597,-40.013325,129.69185,865.39514,0.07368794,36298.91337499351,176.0,S_1973
2024-05-10 21:08:01,-52.626076,6.119522,-40.07627,129.67087,865.37103,0.07335026,36826.15710827612,176.0,S_1973
2024-05-10 21:08:02,-52.692146,6.118469,-40.132225,129.64989,865.3914,0.073012576,37345.68218325169,176.0,S_1973
2024-05-10 21:08:03,-52.75821,6.1174164,-40.18818,129.6289,865.4859,0.07267489,37852.900010943784,176.0,S_1973
2024-05-10 21:08:04,-52.824265,6.1163635,-40.24413,129.61491,865.58594,0.07233721,38366.867966017075,176.0,S_1973
2024-05-10 21:08:05,-52.89031,6.1152954,-40.300083,129.59393,865.6137,0.07199953,38933.72293512914,176.0,S_1973
2024-05-10 21:08:06,-52.95635,6.1142273,-40.36303,129.57295,865.5896,0.071661845,39503.64457727686,176.0,S_1973
2024-05-10 21:08:07,-53.022377,6.113159,-40.42598,129.55197,865.56,0.07132416,40017.57405021668,176.0,S_1973
2024-05-10 21:08:08,-53.088398,6.112076,-40.48193,129.53099,865.5618,0.07098648,40514.06518235248,176.0,S_1973
2024-05-10 21:08:09,-53.15441,6.1109924,-40.537884,129.517,865.6285,0.0706488,40964.473512094584,176.0,S_1973
2024-05-10 21:08:10,-53.220413,6.109894,-40.58684,129.49602,865.73773,0.070311114,41513.51223251729,176.0,S_1973
2024-05-10 21:08:11,-53.28641,6.1088104,-40.649788,129.47504,865.80255,0.06997343,42018.618167613524,176.0,S_1973
2024-05-10 21:08:12,-53.352398,6.1076965,-40.70574,129.45406,865.7989,0.072431505,42579.56514531092,176.0,S_1973
2024-05-10 21:08:13,-53.418377,6.106598,-40.76869,129.44006,865.7692,0.07038813,43048.602204871335,176.0,S_1973
2024-05-10 21:08:14,-53.48435,6.105484,-40.81765,129.4121,865.7619,0.07178404,43609.30977261749,176.0,S_1973
2024-05-10 21:08:15,-53.55031,6.10437,-40.880596,129.3911,865.8193,0.07317995,44125.033531643974,176.0,S_1973
2024-05-10 21:08:16,-53.616264,6.103241,-40.936546,129.37712,865.9285,0.074575864,44709.067989674586,176.0,S_1973
2024-05-10 21:08:17,-53.68221,6.102127,-40.999496,129.35614,866.0026,0.075971775,45252.71219558506,176.0,S_1973
2024-05-10 21:08:18,-53.748146,6.1009827,-41.055447,129.33516,866.0082,0.077367686,45799.897633049884,176.0,S_1973
2024-05-10 21:08:19,-53.814075,6.0998535,-41.1114,129.31416,865.98035,0.07654401,46341.7087091108,176.0,S_1973
2024-05-10 21:08:20,-53.879997,6.098709,-41.167355,129.29318,865.95264,0.0789518,46888.39543216466,176.0,S_1973
2024-05-10 21:08:21,-53.94591,6.0975647,-41.22331,129.2792,865.9748,0.07883456,47443.77724537198,176.0,S_1973
2024-05-10 21:08:22,-54.011814,6.096405,-41.27926,129.25822,866.0748,0.07871733,48058.622815829134,176.0,S_1973
2024-05-10 21:08:23,-54.07771,6.0952454,-41.342205,129.23723,866.1693,0.07860009,48608.53509937266,176.0,S_1973
2024-05-10 21:08:24,-54.143597,6.0940857,-41.39816,129.22325,866.1786,0.07848287,49161.57791385514,176.0,S_1973
2024-05-10 21:08:25,-54.209476,6.092911,-41.454113,129.20227,866.17114,0.07836563,49714.982137658735,176.0,S_1973
2024-05-10 21:08:26,-54.27535,6.091736,-41.510067,129.18127,866.23596,0.0782484,50281.77766322883,176.0,S_1973
2024-05-10 21:08:27,-54.34121,6.090561,-41.566017,129.1533,866.33044,0.07813116,50893.348957045106,176.0,S_1973
2024-05-10 21:08:28,-54.407063,6.0893707,-41.628963,129.13232,866.38043,0.07801393,51439.490677812224,176.0,S_1973
2024-05-10 21:08:29,-54.47291,6.0881805,-41.684917,129.11833,866.3749,0.07789669,51988.584476213306,176.0,S_1973
2024-05-10 21:08:30,-54.53875,6.086975,-41.74087,129.09735,866.3656,0.07777946,52538.01041278269,176.0,S_1973
2024-05-10 21:08:31,-54.604576,6.085785,-41.796825,129.07637,866.3693,0.07766223,53086.61545577095,176.0,S_1973
2024-05-10 21:08:32,-54.6704,6.0845795,-41.852776,129.05539,866.36005,0.077544995,53692.72590160073,176.0,S_1973
2024-05-10 21:08:33,-54.73621,6.083359,-41.915726,129.03441,866.34894,0.07742776,54303.42172241084,176.0,S_1973
2024-05-10 21:08:34,-54.802013,6.082138,-41.978672,129.01343,866.40265,0.077310525,54797.60430710833,176.0,S_1973
2024-05-10 21:08:35,-54.86781,6.0809174,-42.02763,128.99245,866.51196,0.07644154,55322.71622897947,176.0,S_1973
2024-05-10 21:08:36,-54.933598,6.0796967,-42.083584,128.97845,866.586,0.07041475,55823.26521077474,176.0,S_1973
2024-05-10 21:08:37,-54.99938,6.0784607,-42.139534,128.95747,866.5934,0.06438796,56334.433112136365,176.0,S_1973
2024-05-10 21:08:38,-55.065147,6.0772247,-42.202484,128.9365,866.5637,0.061787754,56785.86026875911,176.0,S_1973
2024-05-10 21:08:39,-55.13091,6.0759735,-42.258434,128.91551,866.53784,0.06523414,57303.091496274305,176.0,S_1973
2024-05-10 21:08:40,-55.196663,6.0747223,-42.321384,128.89452,866.55817,0.068680525,57798.9330247791,176.0,S_1973
2024-05-10 21:08:41,-55.26241,6.073471,-42.377335,128.87354,866.6545,0.07212691,58311.51572709013,176.0,S_1973
2024-05-10 21:08:42,-55.328148,6.0722046,-42.43329,128.85255,866.7527,0.070265226,58812.06000470539,176.0,S_1973
2024-05-10 21:08:43,-55.39388,6.070938,-42.489243,128.83157,866.78046,0.06469117,59325.23356384687,176.0,S_1973
2024-05-10 21:08:44,-55.4596,6.0696716,-42.55219,128.8106,866.75824,0.06573642,59801.98142992136,176.0,S_1973
2024-05-10 21:08:45,-55.52531,6.06839,-42.608143,128.78961,866.73785,0.06678167,60279.93368365872,176.0,S_1973
2024-05-10 21:08:46,-55.591015,6.0671234,-42.664093,128.76863,866.7545,0.06782692,60704.20817949129,176.0,S_1973
2024-05-10 21:08:47,-55.65671,6.0658264,-42.713055,128.75464,866.8267,0.069754906,61247.15195776811,176.0,S_1973
2024-05-10 21:08:48,-55.722397,6.0645294,-42.776,128.73366,866.91565,0.07220892,61765.49700838868,176.0,S_1973
2024-05-10 21:08:49,-55.78808,6.0632324,-42.83195,128.71268,866.9675,0.066232115,62289.63777123243,176.0,S_1973
2024-05-10 21:08:50,-55.85375,6.0619354,-42.8949,128.6917,866.9638,0.06025532,62741.3802076193,176.0,S_1973
2024-05-10 21:08:51,-55.91941,6.060623,-42.95085,128.66371,866.93976,0.05550316,63147.56931689585,176.0,S_1973
2024-05-10 21:08:52,-55.985065,6.059311,-43.006805,128.64273,866.9304,0.078956686,63703.84430064448,176.0,S_1973
2024-05-10 21:08:53,-56.05071,6.0579987,-43.06276,128.62175,866.98785,0.07747533,64300.012868249105,176.0,S_1973
2024-05-10 21:08:54,-56.11635,6.056671,-43.125706,128.60776,867.0971,0.07599398,64898.6348809825,176.0,S_1973
2024-05-10 21:08:55,-56.181976,6.0553436,-43.188652,128.58678,867.1694,0.074364394,65430.67168942587,176.0,S_1973
2024-05-10 21:08:56,-56.247597,6.054001,-43.244606,128.5658,867.17676,0.074857764,65973.30128141682,176.0,S_1973
2024-05-10 21:08:57,-56.31321,6.0526733,-43.30056,128.53783,867.1471,0.07535113,66440.28833514234,176.0,S_1973
2024-05-10 21:08:58,-56.378815,6.0513153,-43.349518,128.52383,867.1212,0.0758445,66969.70819614956,176.0,S_1973
2024-05-10 21:08:59,-56.444412,6.0499725,-43.40547,128.50285,867.14343,0.07633787,67566.29984819674,176.0,S_1973
2024-05-10 21:09:00,-56.51,6.0486145,-43.46842,128.48187,867.23785,0.07683124,68171.88258570514,176.0,S_1973
2024-05-10 21:09:01,-56.575497,6.0473022,-43.531364,128.46089,867.3379,0.0773246,68736.05497730516,176.0,S_1973
2024-05-10 21:09:02,-56.640987,6.04599,-43.58732,128.4329,867.36383,0.07781797,69227.67446241864,176.0,S_1973
2024-05-10 21:09:03,-56.706474,6.0446777,-43.636276,128.41193,867.3416,0.06970426,69763.17329655321,176.0,S_1973
2024-05-10 21:09:04,-56.771954,6.04335,-43.699223,128.39793,867.3212,0.071849324,70331.67149091701,176.0,S_1973
2024-05-10 21:09:05,-56.83743,6.0420074,-43.76217,128.37695,867.3379,0.07399438,70860.98905110646,176.0,S_1973
2024-05-10 21:09:06,-56.902897,6.0406647,-43.818123,128.35597,867.4101,0.07613945,71398.62517317034,176.0,S_1973
2024-05-10 21:09:07,-56.96836,6.039322,-43.874077,128.33499,867.499,0.07741386,71957.504923338,176.0,S_1973
2024-05-10 21:09:08,-57.03382,6.037964,-43.930027,128.30702,867.5509,0.078688264,72512.60081945293,176.0,S_1973
2024-05-10 21:09:09,-57.099274,6.0365906,-43.98598,128.28604,867.549,0.07996267,73074.76580449818,176.0,S_1973
2024-05-10 21:09:10,-57.164722,6.0352173,-44.041935,128.26506,867.52313,0.08123708,73706.29683877499,176.0,S_1973
2024-05-10 21:09:11,-57.230164,6.033844,-44.10488,128.24406,867.5138,0.07936019,74269.97587910798,176.0,S_1973
2024-05-10 21:09:12,-57.295597,6.0324554,-44.160835,128.22308,867.5731,0.0774833,74816.06507393302,176.0,S_1973
2024-05-10 21:09:13,-57.36103,6.031067,-44.21679,128.2021,867.6824,0.07560641,75350.00231850395,176.0,S_1973
2024-05-10 21:09:14,-57.426453,6.029663,-44.27274,128.18112,867.75085,0.07372952,75871.84769139165,176.0,S_1973
2024-05-10 21:09:15,-57.491875,6.0282593,-44.328693,128.16014,867.7472,0.07514742,76346.6436250295,176.0,S_1973
2024-05-10 21:09:16,-57.55729,6.02684,-44.37765,128.13916,867.71387,0.076565325,76938.90094544343,176.0,S_1973
2024-05-10 21:09:17,-57.622696,6.025421,-44.440598,128.11818,867.6953,0.07798322,77493.50226781834,176.0,S_1973
2024-05-10 21:09:18,-57.6881,6.024002,-44.49655,128.0972,867.7268,0.07940112,78111.55663715975,176.0,S_1973
2024-05-10 21:09:19,-57.753498,6.0225525,-44.559498,128.07622,867.8231,0.07974905,78677.45359749373,176.0,S_1973
2024-05-10 21:09:20,-57.81889,6.021118,-44.61545,128.05524,867.92126,0.08009698,79253.35676866355,176.0,S_1973
2024-05-10 21:09:21,-57.884274,6.0196686,-44.671406,128.02725,867.94904,0.078573436,79807.23254867172,176.0,S_1973
2024-05-10 21:09:22,-57.949654,6.0182037,-44.727356,128.00627,867.9268,0.07704988,80350.18801356725,176.0,S_1973
2024-05-10 21:09:23,-58.01503,6.016739,-44.78331,127.98529,867.90094,0.078137174,80958.99854521961,176.0,S_1973
2024-05-10 21:09:24,-58.0804,6.015274,-44.846256,127.96431,867.92126,0.07922446,81521.35038826446,176.0,S_1973
2024-05-10 21:09:25,-58.145763,6.013794,-44.90221,127.94332,868.01385,0.08031175,82085.19816105285,176.0,S_1973
2024-05-10 21:09:26,-58.21112,6.012314,-44.958164,127.92234,868.1157,0.07961634,82644.53454919909,176.0,S_1973
2024-05-10 21:09:27,-58.276474,6.0108185,-45.01412,127.90136,868.1528,0.07892092,83212.20802542708,176.0,S_1973
2024-05-10 21:09:28,-58.34182,6.009308,-45.07007,127.87338,868.13794,0.07822551,83822.60159864425,176.0,S_1973
2024-05-10 21:09:29,-58.40716,6.0078125,-45.133015,127.8524,868.1046,0.077530086,84373.85814486224,176.0,S_1973
2024-05-10 21:09:30,-58.4725,6.0062866,-45.18897,127.83142,868.0972,0.07683467,84973.09855981472,176.0,S_1973
2024-05-10 21:09:31,-58.53783,6.0047607,-45.251915,127.81043,868.1565,0.07613926,85458.39599024499,176.0,S_1973
2024-05-10 21:09:32,-58.603153,6.003235,-45.300877,127.78945,868.26575,0.07544384,85985.19496923249,176.0,S_1973
2024-05-10 21:09:33,-58.668476,6.001709,-45.356827,127.76847,868.3342,0.07474843,86569.33839294093,176.0,S_1973
2024-05-10 21:09:34,-58.733788,6.0001526,-45.419773,127.74749,868.33057,0.07405301,87164.62742747547,176.0,S_1973
2024-05-10 21:09:35,-58.799095,5.9986115,-45.482723,127.71951,868.2991,0.07335759,87689.90439355704,176.0,S_1973
2024-05-10 21:09:36,-58.8644,5.997055,-45.538673,127.69853,868.2806,0.072662175,88204.16013110294,176.0,S_1973
2024-05-10 21:09:37,-58.929695,5.9954834,-45.594627,127.67754,868.3102,0.07196676,88713.9041573244,176.0,S_1973
2024-05-10 21:09:38,-58.994987,5.9939117,-45.65058,127.65656,868.4084,0.071271345,89219.14262218171,176.0,S_1973
2024-05-10 21:09:39,-59.060276,5.99234,-45.706535,127.63558,868.5047,0.07057593,89667.03394037325,176.0,S_1973
2024-05-10 21:09:40,-59.125557,5.990753,-45.755493,127.6146,868.5324,0.069880515,90157.82050355064,176.0,S_1973
2024-05-10 21:09:41,-59.19083,5.989151,-45.811447,127.59362,868.5102,0.06918509,90701.76713925612,176.0,S_1973
2024-05-10 21:09:42,-59.2561,5.987549,-45.874393,127.57263,868.4843,0.06848968,91255.84675216256,176.0,S_1973
2024-05-10 21:09:43,-59.321365,5.9859467,-45.93734,127.54466,868.5047,0.06779426,91745.11718454328,176.0,S_1973
2024-05-10 21:09:44,-59.386623,5.984329,-45.993294,127.523674,868.60095,0.06709885,92185.02298349648,176.0,S_1973
2024-05-10 21:09:45,-59.451874,5.982712,-46.04225,127.4957,868.6991,0.06640343,92654.39808457374,176.0,S_1973
2024-05-10 21:09:46,-59.51712,5.981079,-46.098206,127.47472,868.72876,0.06570802,93173.21631089477,176.0,S_1973
2024-05-10 21:09:47,-59.582363,5.979431,-46.16115,127.453735,868.71204,0.0650126,93643.34429106858,176.0,S_1973
2024-05-10 21:09:48,-59.6476,5.9777985,-46.217102,127.432755,868.701,0.06431718,94152.13979539751,176.0,S_1973
2024-05-10 21:09:49,-59.71283,5.9761353,-46.280052,127.41177,868.7047,0.06362177,94613.27721938274,176.0,S_1973
2024-05-10 21:09:50,-59.778057,5.9744873,-46.336002,127.390785,868.69543,0.06292635,95074.2910428766,176.0,S_1973
2024-05-10 21:09:51,-59.843277,5.972824,-46.391956,127.362816,868.6843,0.062230937,95522.11117784503,176.0,S_1973
2024-05-10 21:09:52,-59.90849,5.9711456,-46.44791,127.34183,868.73987,0.06153552,96019.37242907712,176.0,S_1973
2024-05-10 21:09:53,-59.973698,5.969467,-46.510857,127.31385,868.8491,0.060840104,96463.6208113096,176.0,S_1973
2024-05-10 21:09:54,-60.0389,5.9677734,-46.56681,127.29287,868.9176,0.06014469,96896.81572010841,176.0,S_1973
2024-05-10 21:09:55,-60.1041,5.9660797,-46.62276,127.27189,868.91583,0.05944927,97325.53596085198,176.0,S_1973
2024-05-10 21:09:56,-60.16929,5.964386,-46.678715,127.25091,868.88245,0.058753856,97758.8160242293,176.0,S_1973
2024-05-10 21:09:57,-60.234474,5.962677,-46.73467,127.22293,868.86395,0.05805844,98179.64293015932,176.0,S_1973
2024-05-10 21:09:58,-60.299656,5.9609528,-46.790623,127.20195,868.89355,0.057363022,98594.86428872788,176.0,S_1973
2024-05-10 21:09:59,-60.36483,5.9592285,-46.846573,127.18096,868.99176,0.056667607,99005.60480324035,176.0,S_1973
2024-05-10 21:10:00,-60.43,5.9575043,-46.902527,127.15998,869.0899,0.055972192,99461.81671919744,176.0,S_1973
2024-05-10 21:10:01,-60.495327,5.9558716,-46.965473,127.132,869.1158,0.055276774,99878.52100015017,176.0,S_1973
2024-05-10 21:10:02,-60.560646,5.954239,-47.021427,127.10403,869.0936,0.05458136,100276.87282764495,176.0,S_1973
2024-05-10 21:10:03,-60.62595,5.9525757,-47.07738,127.083046,869.07324,0.053885944,100669.61568874262,176.0,S_1973
2024-05-10 21:10:04,-60.691246,5.9509125,-47.13333,127.062065,869.0899,0.053190526,101057.88576377992,176.0,S_1973
2024-05-10 21:10:05,-60.756527,5.9492493,-47.189285,127.041084,869.1621,0.05249511,101449.60895165983,176.0,S_1973
2024-05-10 21:10:06,-60.8218,5.9475555,-47.24524,127.01311,869.251,0.051799696,101869.14721015774,176.0,S_1973
2024-05-10 21:10:07,-60.887062,5.945862,-47.308186,126.99213,869.30286,0.051104277,102249.37474369271,176.0,S_1973
2024-05-10 21:10:08,-60.952312,5.944153,-47.36414,126.97114,869.301,0.050408863,102657.7916905534,176.0,S_1973
2024-05-10 21:10:09,-61.01755,5.942444,-47.427086,126.95016,869.2751,0.049713448,103036.48420006718,176.0,S_1973
2024-05-10 21:10:10,-61.08278,5.9407043,-47.48304,126.92218,869.2658,0.049018033,103362.09946574265,176.0,S_1973
2024-05-10 21:10:11,-61.147995,5.938965,-47.531998,126.9012,869.32513,0.048322614,103713.51396681904,176.0,S_1973
2024-05-10 21:10:12,-61.2132,5.9372253,-47.58795,126.88022,869.4344,0.0476272,104072.94623000991,176.0,S_1973
2024-05-10 21:10:13,-61.278397,5.9354553,-47.6439,126.85224,869.50287,0.046931785,104457.40751661808,176.0,S_1973
2024-05-10 21:10:14,-61.34358,5.9336853,-47.706852,126.83126,869.4992,0.046236366,104847.32349927074,176.0,S_1973
2024-05-10 21:10:15,-61.408752,5.9319153,-47.7698,126.80328,869.4659,0.04554095,105192.69316134366,176.0,S_1973
2024-05-10 21:10:16,-61.47391,5.9301147,-47.82575,126.7823,869.4473,0.044845536,105533.71373828336,176.0,S_1973
2024-05-10 21:10:17,-61.539062,5.928314,-47.881702,126.754326,869.4788,0.044150118,105831.54693405746,176.0,S_1973
2024-05-10 21:10:18,-61.604202,5.9264984,-47.93066,126.733345,869.57697,0.043454703,106157.9531615649,176.0,S_1973
2024-05-10 21:10:19,-61.66933,5.9246674,-47.986614,126.70537,869.6733,0.042759288,106512.33909984291,176.0,S_1973
2024-05-10 21:10:20,-61.734447,5.9228363,-48.04956,126.68438,869.6936,0.04206387,106866.03447696203,176.0,S_1973
2024-05-10 21:10:21,-61.799553,5.92099,-48.112507,126.6634,869.677,0.041368455,107189.46383008684,176.0,S_1973
2024-05-10 21:10:22,-61.864647,5.9191284,-48.16846,126.63542,869.6751,0.04067304,107467.46850519533,176.0,S_1973
2024-05-10 21:10:23,-61.92973,5.917267,-48.21742,126.61444,869.677,0.03997762,107770.88093960939,176.0,S_1973
2024-05-10 21:10:24,-61.9948,5.91539,-48.273373,126.586464,869.664,0.039282206,108070.4878121167,176.0,S_1973
2024-05-10 21:10:25,-62.059864,5.913498,-48.329327,126.56548,869.6751,0.03858679,108370.12259507293,176.0,S_1973
2024-05-10 21:10:26,-62.124912,5.9115906,-48.38528,126.537506,869.74365,0.037891373,108660.7494026052,176.0,S_1973
2024-05-10 21:10:27,-62.189953,5.909683,-48.44123,126.516525,869.83435,0.03719596,108978.80883354356,176.0,S_1973
2024-05-10 21:10:28,-62.25498,5.9077606,-48.50418,126.48855,869.8862,0.036500543,109293.52799473591,176.0,S_1973
2024-05-10 21:10:29,-62.319996,5.9058228,-48.567127,126.46757,869.8844,0.035805125,109580.17463063628,176.0,S_1973
2024-05-10 21:10:30,-62.385002,5.903885,-48.623077,126.43959,869.8585,0.03510971,109852.88497745887,176.0,S_1973
2024-05-10 21:10:31,-62.449997,5.901932,-48.67903,126.41861,869.8492,0.034414295,110124.96042846402,176.0,S_1973
2024-05-10 21:10:32,-62.51498,5.8999634,-48.734985,126.39063,869.9085,0.033718877,110414.24913857876,176.0,S_1973
2024-05-10 21:10:33,-62.579952,5.8979797,-48.79793,126.36965,870.01776,0.03302346,110682.54647733552,176.0,S_1973
2024-05-10 21:10:34,-62.644913,5.895996,-48.853886,126.341675,870.08624,0.032328047,110937.34576790284,176.0,S_1973
2024-05-10 21:10:35,-62.70986,5.893997,-48.90984,126.32069,870.0826,0.031632632,111191.05662410642,176.0,S_1973
2024-05-10 21:10:36,-62.774803,5.8919983,-48.96579,126.29271,870.0511,0.030937213,111436.89338136536,176.0,S_1973
2024-05-10 21:10:37,-62.83973,5.889969,-49.021744,126.27173,870.0307,0.030241799,111681.44638574729,176.0,S_1973
2024-05-10 21:10:38,-62.904648,5.8879395,-49.077698,126.24375,870.0622,0.029546382,111918.32075516705,176.0,S_1973
2024-05-10 21:10:39,-62.96955,5.885895,-49.133648,126.22277,870.1604,0.028850965,112153.70517498821,176.0,S_1973
2024-05-10 21:10:40,-63.034447,5.88385,-49.1896,126.19479,870.25665,0.02815555,112381.6404191184,176.0,S_1973
2024-05-10 21:10:41,-63.09933,5.88179,-49.245556,126.17381,870.2789,0.027460134,112628.27331909823,176.0,S_1973
2024-05-10 21:10:42,-63.164204,5.879715,-49.308502,126.145836,870.2604,0.026764717,112852.65053208703,176.0,S_1973
2024-05-10 21:10:43,-63.229065,5.8776245,-49.364456,126.124855,870.2604,0.026069302,113069.70364198656,176.0,S_1973
2024-05-10 21:10:44,-63.293915,5.875534,-49.420406,126.09688,870.2604,0.025373885,113283.2651040825,176.0,S_1973
2024-05-10 21:10:45,-63.358753,5.8734283,-49.47636,126.0689,870.2418,0.02467847,113492.25218975433,176.0,S_1973
2024-05-10 21:10:46,-63.42358,5.8713074,-49.532314,126.040924,870.23627,0.023983054,113693.3421716133,176.0,S_1973
2024-05-10 21:10:47,-63.488396,5.8691864,-49.58827,126.01994,870.29736,0.023287637,113892.08936264609,176.0,S_1973
2024-05-10 21:10:48,-63.553204,5.86705,-49.64422,125.99197,870.4067,0.022592222,114084.23264100599,176.0,S_1973
2024-05-10 21:10:49,-63.617996,5.8648987,-49.700172,125.970985,870.47516,0.021896806,114290.12916995259,176.0,S_1973
2024-05-10 21:10:50,-63.68278,5.862732,-49.76312,125.94301,870.4715,0.029121062,114529.44373008561,176.0,S_1973
2024-05-10 21:10:51,-63.74755,5.860565,-49.819073,125.92203,870.4419,0.036345318,114813.52127944931,176.0,S_1973
2024-05-10 21:10:52,-63.812313,5.858383,-49.875027,125.89405,870.43256,0.029587884,115054.4303176387,176.0,S_1973
2024-05-10 21:10:53,-63.877064,5.856186,-49.930977,125.86607,870.4919,0.022830447,115268.12333277121,176.0,S_1973
2024-05-10 21:10:54,-63.941803,5.8539886,-49.993927,125.8381,870.60114,0.016073013,115423.79618367561,176.0,S_1973
2024-05-10 21:10:55,-64.00653,5.851776,-50.049877,125.817116,870.6696,0.028289933,115655.06314266373,176.0,S_1973
2024-05-10 21:10:56,-64.07124,5.8495483,-50.10583,125.78914,870.6696,0.07250931,116166.68638794875,176.0,S_1973
2024-05-10 21:10:57,-64.13595,5.8473206,-50.161785,125.76816,870.64923,0.07734731,116718.58903630015,176.0,S_1973
2024-05-10 21:10:58,-64.200645,5.8450775,-50.217735,125.74018,870.64923,0.0821853,117303.16030659329,176.0,S_1973
2024-05-10 21:10:59,-64.26533,5.842819,-50.27369,125.712204,870.64923,0.05052557,117680.7337627838,176.0,S_1973
2024-05-10 21:11:00,-64.33,5.8405457,-50.329643,125.68423,870.6326,0.018865835,117848.81782502409,176.0,S_1973
2024-05-10 21:11:01,-64.394905,5.8383484,-50.385597,125.663246,870.64746,0.016595332,118003.49263915027,176.0,S_1973
2024-05-10 21:11:02,-64.45979,5.836136,-50.441547,125.63527,870.74,0.014324828,118155.06495552263,176.0,S_1973
2024-05-10 21:11:03,-64.524666,5.833908,-50.504498,125.60729,870.84,0.012054325,118286.4798411669,176.0,S_1973
2024-05-10 21:11:04,-64.589516,5.831665,-50.560448,125.579315,870.8697,0.009783821,118396.36995825495,176.0,S_1973
2024-05-10 21:11:05,-64.65434,5.829422,-50.6164,125.558334,870.8456,0.0075133177,118491.64358402428,176.0,S_1973
2024-05-10 21:11:06,-64.719154,5.8271484,-50.672356,125.53036,870.8159,0.0052428143,118572.44988196193,176.0,S_1973
2024-05-10 21:11:07,-64.78394,5.824875,-50.728306,125.50937,870.8159,0.002972311,118638.0370920201,176.0,S_1973
2024-05-10 21:11:08,-64.84871,5.822571,-50.78426,125.48139,870.8845,0.0007018077,118689.85841417551,176.0,S_1973
2024-05-10 21:11:09,-64.91346,5.8202667,-50.840214,125.45342,870.9938,-0.0015686958,118726.84319633477,176.0,S_1973
2024-05-10 21:11:10,-64.978195,5.8179474,-50.896168,125.425446,871.0549,-0.0038391992,118746.13409875217,176.0,S_1973
2024-05-10 21:11:11,-65.04291,5.815613,-50.959114,125.39747,871.0493,-0.0061097024,118759.62269795536,176.0,S_1973
2024-05-10 21:11:12,-65.1076,5.813263,-51.015064,125.37648,871.0363,-0.008380206,118751.04964179563,176.0,S_1973
2024-05-10 21:11:13,-65.17227,5.810913,-51.07102,125.34851,871.04004,-0.010650709,118728.72128188718,176.0,S_1973
2024-05-10 21:11:14,-65.23693,5.8085327,-51.126972,125.32053,871.0308,-0.012921213,118691.57337847023,176.0,S_1973
2024-05-10 21:11:15,-65.30156,5.8061523,-51.182926,125.29256,871.01227,-0.015191716,118639.61385782191,176.0,S_1973
2024-05-10 21:11:16,-65.36618,5.8037415,-51.238876,125.26458,871.0363,-0.04186699,118418.99663316572,176.0,S_1973
2024-05-10 21:11:17,-65.43077,5.8013306,-51.29483,125.2436,871.1308,-0.028761858,118277.42764227916,176.0,S_1973
2024-05-10 21:11:18,-65.495346,5.7989044,-51.350784,125.21562,871.23083,-0.015656725,118210.74601982112,176.0,S_1973
2024-05-10 21:11:19,-65.559906,5.796463,-51.41373,125.187645,871.25854,-0.002551591,118246.5902223732,176.0,S_1973
2024-05-10 21:11:20,-65.62444,5.7940063,-51.469685,125.15967,871.2345,0.0105535425,118362.54050150907,176.0,S_1973
2024-05-10 21:11:21,-65.68896,5.7915344,-51.525635,125.13169,871.21045,0.07740309,118914.44669198472,176.0,S_1973
2024-05-10 21:11:22,-65.753456,5.7890625,-51.58159,125.103714,871.23083,0.021670919,119102.86459247873,176.0,S_1973
2024-05-10 21:11:23,-65.81794,5.78656,-51.637543,125.07574,871.32526,-0.034061253,118927.8638902941,176.0,S_1973
2024-05-10 21:11:24,-65.8824,5.7840576,-51.693497,125.04776,871.42523,0.048288103,119289.75102755138,176.0,S_1973
2024-05-10 21:11:25,-65.94684,5.7815247,-51.749447,125.01978,871.4549,0.04045978,119600.57990663481,176.0,S_1973
2024-05-10 21:11:26,-66.01126,5.7789917,-51.8054,124.991806,871.43823,0.032631453,119881.03449646423,176.0,S_1973
2024-05-10 21:11:27,-66.07566,5.7764435,-51.868347,124.970825,871.42523,0.024803128,120094.02885579664,176.0,S_1973
2024-05-10 21:11:28,-66.140045,5.77388,-51.9243,124.94285,871.4308,0.016974803,120264.37579468069,176.0,S_1973
2024-05-10 21:11:29,-66.20441,5.7713013,-51.987247,124.91487,871.4197,0.009146479,120369.59071246765,176.0,S_1973
2024-05-10 21:11:30,-66.268745,5.7687073,-52.036205,124.886894,871.4086,0.0013181542,120419.85125505475,176.0,S_1973
2024-05-10 21:11:31,-66.33307,5.7661133,-52.09216,124.85892,871.4641,-0.007051719,120420.91891040548,176.0,S_1973
2024-05-10 21:11:32,-66.39738,5.763489,-52.148113,124.83094,871.57526,0.0017627705,120479.40255945858,176.0,S_1973
2024-05-10 21:11:33,-66.46166,5.7608643,-52.204067,124.80296,871.64014,0.01057726,120603.19650010056,176.0,S_1973
2024-05-10 21:11:34,-66.525925,5.758209,-52.267014,124.77499,871.6327,0.019391749,120781.80491045488,176.0,S_1973
2024-05-10 21:11:35,-66.59017,5.755554,-52.322964,124.74702,871.61975,0.026796427,121023.32294535688,176.0,S_1973
2024-05-10 21:11:36,-66.654396,5.752884,-52.385914,124.71904,871.6234,0.034201104,121298.31456752754,176.0,S_1973
2024-05-10 21:11:37,-66.718605,5.7501984,-52.441864,124.69106,871.6234,0.04160578,121585.37755780215,176.0,S_1973
2024-05-10 21:11:38,-66.78279,5.7474976,-52.490826,124.663086,871.6049,0.029812895,121821.06210224694,176.0,S_1973
2024-05-10 21:11:39,-66.84696,5.7447968,-52.546776,124.63511,871.61975,0.01802001,121985.29317496669,176.0,S_1973
2024-05-10 21:11:40,-66.91111,5.7420654,-52.60273,124.60713,871.71234,0.006227123,122072.74316704193,176.0,S_1973
2024-05-10 21:11:41,-66.975235,5.739334,-52.658684,124.579155,871.8142,-0.005565763,122083.42654948393,176.0,S_1973
2024-05-10 21:11:42,-67.039345,5.7365723,-52.714634,124.55118,871.8438,-0.0023120907,122115.27230135782,176.0,S_1973
2024-05-10 21:11:43,-67.10344,5.7338104,-52.770588,124.5232,871.81976,0.00094158156,122168.42761393459,176.0,S_1973
2024-05-10 21:11:44,-67.1675,5.7310333,-52.82654,124.48823,871.78827,0.004195254,122243.65591219615,176.0,S_1973
2024-05-10 21:11:45,-67.23156,5.728241,-52.882496,124.46026,871.7901,0.021524342,122430.5457521918,176.0,S_1973
2024-05-10 21:11:46,-67.29559,5.7254333,-52.938446,124.43228,871.85864,0.03885343,122755.0785731271,176.0,S_1973
2024-05-10 21:11:47,-67.359604,5.7226105,-53.001396,124.41129,871.9679,0.04357355,123128.133155428,176.0,S_1973
2024-05-10 21:11:48,-67.4236,5.7197723,-53.064342,124.37633,872.029,0.04829367,123459.64065827792,176.0,S_1973
2024-05-10 21:11:49,-67.48757,5.716934,-53.1133,124.34835,872.0216,0.05301379,123845.89774292402,176.0,S_1973
2024-05-10 21:11:50,-67.55152,5.7140656,-53.169254,124.32037,872.0086,0.061072264,124289.81322780918,176.0,S_1973
2024-05-10 21:11:51,-67.615456,5.711197,-53.225204,124.2924,872.0124,0.06310155,124746.89504121934,176.0,S_1973
2024-05-10 21:11:52,-67.679375,5.708313,-53.28116,124.26442,872.00684,0.06513084,125265.90364133845,176.0,S_1973
2024-05-10 21:11:53,-67.74327,5.705414,-53.344105,124.23644,871.9975,0.06716012,125764.54924640892,176.0,S_1973
2024-05-10 21:11:54,-67.807144,5.7024994,-53.40006,124.20147,872.0401,0.06918941,126313.92283344531,176.0,S_1973
2024-05-10 21:11:55,-67.871,5.6995697,-53.463005,124.1735,872.129,0.0712187,126828.86026542187,176.0,S_1973
2024-05-10 21:11:56,-67.93484,5.6966248,-53.51896,124.14552,872.20496,0.073247984,127297.26123435526,176.0,S_1973
2024-05-10 21:11:57,-67.99866,5.6936646,-53.567917,124.117546,872.2197,0.07527727,127827.8321651386,176.0,S_1973
2024-05-10 21:11:58,-68.062454,5.6907043,-53.62387,124.08957,872.2068,0.07047122,128332.43412975533,176.0,S_1973
2024-05-10 21:11:59,-68.126236,5.6877136,-53.679825,124.06159,872.2068,0.06566516,128805.72928182158,176.0,S_1973
2024-05-10 21:12:00,-68.189995,5.684723,-53.735775,124.033615,872.2068,0.06085911,129256.64898014416,176.0,S_1973
2024-05-10 21:12:01,-68.25398,5.682022,-53.79173,123.99864,872.1883,0.05605306,129668.47997893099,176.0,S_1973
2024-05-10 21:12:02,-68.31794,5.679306,-53.847683,123.970665,872.2031,0.05124701,130047.97720343858,176.0,S_1973
2024-05-10 21:12:03,-68.38187,5.6765594,-53.903633,123.94269,872.2957,0.046440955,130437.11037040393,176.0,S_1973
2024-05-10 21:12:04,-68.44577,5.6737976,-53.966583,123.90772,872.3976,0.041634902,130760.45969394605,176.0,S_1973
2024-05-10 21:12:05,-68.50965,5.67099,-54.022533,123.879745,872.4291,0.04303069,131086.48995706768,176.0,S_1973
2024-05-10 21:12:06,-68.573494,5.6681824,-54.078487,123.85177,872.41235,0.04442648,131421.5461039415,176.0,S_1973
2024-05-10 21:12:07,-68.637314,5.665344,-54.13444,123.82379,872.3994,0.045822263,131765.62350664035,176.0,S_1973
2024-05-10 21:12:08,-68.7011,5.6624756,-54.190395,123.795815,872.40314,0.04721805,132125.44554632303,176.0,S_1973
2024-05-10 21:12:09,-68.76487,5.6595764,-54.246346,123.76084,872.39386,0.059760213,132560.94820615248,176.0,S_1973
2024-05-10 21:12:10,-68.828606,5.6566772,-54.3023,123.732864,872.38275,0.07230237,133076.75075160616,176.0,S_1973
2024-05-10 21:12:11,-68.89231,5.6537323,-54.358253,123.70489,872.4383,0.07222694,133655.39600731534,176.0,S_1973
2024-05-10 21:12:12,-68.95599,5.650772,-54.4212,123.66992,872.54755,0.07215151,134176.43935163316,176.0,S_1973
2024-05-10 21:12:13,-69.019646,5.6477814,-54.477154,123.641945,872.61615,0.07207609,134690.5648649581,176.0,S_1973
2024-05-10 21:12:14,-69.083275,5.6447754,-54.533104,123.61397,872.61237,0.07200066,135204.17015827794,176.0,S_1973
2024-05-10 21:12:15,-69.14687,5.641739,-54.589058,123.58599,872.58093,0.066970795,135694.48496248445,176.0,S_1973
2024-05-10 21:12:16,-69.21044,5.638687,-54.64501,123.55102,872.56055,0.071673945,136206.8747560152,176.0,S_1973
2024-05-10 21:12:17,-69.27398,5.635605,-54.700962,123.52304,872.592,0.0647055,136682.01137167666,176.0,S_1973
2024-05-10 21:12:18,-69.337494,5.632492,-54.756916,123.488075,872.692,0.05773705,137111.97182285856,176.0,S_1973
2024-05-10 21:12:19,-69.40098,5.629364,-54.81287,123.4531,872.7883,0.0507686,137488.67057658886,176.0,S_1973
2024-05-10 21:12:20,-69.46444,5.6262054,-54.868824,123.425125,872.8087,0.043800153,137819.08488677247,176.0,S_1973
2024-05-10 21:12:21,-69.52787,5.6230316,-54.924774,123.39715,872.79205,0.036831703,138109.37789251693,176.0,S_1973
2024-05-10 21:12:22,-69.59127,5.6198273,-54.98073,123.36218,872.79016,0.029863255,138372.8733720856,176.0,S_1973
2024-05-10 21:12:23,-69.65465,5.6166077,-55.043674,123.334206,872.79016,0.022894807,138572.9706966477,176.0,S_1973
2024-05-10 21:12:24,-69.717995,5.6133575,-55.09963,123.30623,872.77167,0.01592636,138713.19481031486,176.0,S_1973
2024-05-10 21:12:25,-69.78131,5.610077,-55.148586,123.271255,872.76794,0.017087707,138866.08946003552,176.0,S_1973
2024-05-10 21:12:26,-69.844604,5.606781,-55.20454,123.24328,872.82904,0.018249055,139046.67587830228,176.0,S_1973
2024-05-10 21:12:27,-69.90787,5.6034546,-55.267487,123.208305,872.9402,0.019410403,139227.76051056685,176.0,S_1973
2024-05-10 21:12:28,-69.97111,5.600113,-55.32344,123.17334,873.0032,0.016202845,139380.1313711739,176.0,S_1973
2024-05-10 21:12:29,-70.03432,5.5967407,-55.379395,123.14536,872.9957,0.012995285,139510.65812352102,176.0,S_1973
2024-05-10 21:12:30,-70.097496,5.593338,-55.435345,123.117386,872.9828,-2.0231731e-05,139556.8797200062,176.0,S_1973
2024-05-10 21:12:31,-70.160645,5.58992,-55.484306,123.08241,872.9865,-0.010868704,139527.13711187692,176.0,S_1973
2024-05-10 21:12:32,-70.22377,5.5864716,-55.540257,123.04745,872.97906,-0.02505243,139412.26097635456,176.0,S_1973
2024-05-10 21:12:33,-70.28687,5.583008,-55.59621,123.01947,872.9717,-0.002941236,139439.5236427526,176.0,S_1973
2024-05-10 21:12:34,-70.34994,5.5795135,-55.652164,122.99149,873.01245,-0.0032508394,139464.3398142566,176.0,S_1973
2024-05-10 21:12:35,-70.41298,5.576004,-55.708115,122.95652,873.1013,-0.003560443,139485.503135456,176.0,S_1973
2024-05-10 21:12:36,-70.476,5.572464,-55.771065,122.92155,873.17725,0.0068684435,139583.44277229815,176.0,S_1973
2024-05-10 21:12:37,-70.53898,5.5688934,-55.827015,122.88658,873.1939,0.009754303,139701.21118048413,176.0,S_1973
2024-05-10 21:12:38,-70.60194,5.5653076,-55.889965,122.858604,873.1809,0.005834965,139791.246319682,176.0,S_1973
2024-05-10 21:12:39,-70.66487,5.5617065,-55.945915,122.82363,873.1809,0.0019156272,139851.15692012338,176.0,S_1973
2024-05-10 21:12:40,-70.727776,5.5580597,-56.00187,122.78866,873.1809,-0.0020037107,139886.9401241955,176.0,S_1973
2024-05-10 21:12:41,-70.79065,5.5543976,-56.050827,122.76069,873.1624,-0.0059230486,139889.56244187767,176.0,S_1973
2024-05-10 21:12:42,-70.85349,5.55072,-56.10678,122.73271,873.17725,-0.0098423865,139870.7994018343,176.0,S_1973
2024-05-10 21:12:43,-70.91631,5.5470123,-56.162735,122.69774,873.2699,-0.013761724,139827.21112555565,176.0,S_1973
2024-05-10 21:12:44,-70.9791,5.543274,-56.218685,122.662766,873.3717,-0.017681062,139757.75906502968,176.0,S_1973
2024-05-10 21:12:45,-71.04187,5.5395203,-56.27464,122.6278,873.40137,-0.016406551,139698.83756287186,176.0,S_1973
2024-05-10 21:12:46,-71.10461,5.535736,-56.330593,122.59982,873.3847,-0.020117788,139612.28821213066,176.0,S_1973
2024-05-10 21:12:47,-71.16731,5.5319366,-56.386547,122.56485,873.3717,-0.022804275,139509.0714299271,176.0,S_1973
2024-05-10 21:12:48,-71.229996,5.5281067,-56.442497,122.52988,873.37726,-0.02801636,139371.48891080316,176.0,S_1973
2024-05-10 21:12:49,-71.29265,5.5242615,-56.49845,122.49491,873.3662,-0.033228446,139174.9539457441,176.0,S_1973
2024-05-10 21:12:50,-71.35527,5.5203857,-56.561398,122.45994,873.3569,-0.034955326,138996.9051221077,176.0,S_1973
2024-05-10 21:12:51,-71.41787,5.5164795,-56.61735,122.424965,873.41064,-0.036682207,138806.9104371248,176.0,S_1973
2024-05-10 21:12:52,-71.48044,5.512558,-56.673306,122.39699,873.5199,-0.031604957,138644.72303608168,176.0,S_1973
2024-05-10 21:12:53,-71.542984,5.508606,-56.729256,122.36202,873.5903,-0.026527707,138517.015021796,176.0,S_1973
2024-05-10 21:12:54,-71.6055,5.5046234,-56.78521,122.32705,873.5903,-0.021450454,138425.47179304966,176.0,S_1973
2024-05-10 21:12:55,-71.667984,5.5006256,-56.841164,122.29907,873.5699,-0.016373204,138363.6564251905,176.0,S_1973
2024-05-10 21:12:56,-71.73044,5.4966125,-56.897114,122.26411,873.5699,-0.02108185,138271.85013991685,176.0,S_1973
2024-05-10 21:12:57,-71.79287,5.492569,-56.953068,122.22913,873.5699,-0.025790496,138149.04920189746,176.0,S_1973
2024-05-10 21:12:58,-71.85527,5.488495,-57.00902,122.19416,873.5514,-0.014650153,138099.60743324747,176.0,S_1973
2024-05-10 21:12:59,-71.91765,5.4844055,-57.064976,122.159195,873.56616,-0.0095825475,138083.5257378844,176.0,S_1973
2024-05-10 21:13:00,-71.979996,5.4802856,-57.120926,122.12422,873.66064,-0.012749768,138046.5877861133,176.0,S_1973
2024-05-10 21:13:01,-72.04485,5.4768524,-57.17688,122.08925,873.7606,-0.014243649,137999.82213843364,176.0,S_1973
2024-05-10 21:13:02,-72.109604,5.4733734,-57.232834,122.05428,873.78467,-0.005077358,138009.59948109393,176.0,S_1973
2024-05-10 21:13:03,-72.17423,5.4698486,-57.29578,122.01931,873.7643,1.4307857e-05,138061.8548325276,176.0,S_1973
2024-05-10 21:13:04,-72.238754,5.466263,-57.351734,121.99133,873.75507,-0.013342348,138029.76805898335,176.0,S_1973
2024-05-10 21:13:05,-72.303154,5.4626465,-57.400692,121.95636,873.7588,-0.017083265,137959.10035336064,176.0,S_1973
2024-05-10 21:13:06,-72.36745,5.458969,-57.456646,121.921394,873.76807,-0.009992986,137932.8646164224,176.0,S_1973
2024-05-10 21:13:07,-72.431625,5.455246,-57.519592,121.88642,873.7699,-0.005811445,137946.75545840032,176.0,S_1973
2024-05-10 21:13:08,-72.49568,5.451477,-57.575546,121.85145,873.75323,-0.00628836,137952.28641753233,176.0,S_1973
2024-05-10 21:13:09,-72.55963,5.4476624,-57.631496,121.81648,873.74396,-0.0067652753,137954.66692332737,176.0,S_1973
2024-05-10 21:13:10,-72.62347,5.443802,-57.68745,121.78151,873.8014,-0.0067643938,137956.07686461016,176.0,S_1973
2024-05-10 21:13:11,-72.68719,5.4398804,-57.743404,121.73955,873.9125,-0.007397523,137960.74178329043,176.0,S_1973
2024-05-10 21:13:12,-72.75079,5.4359283,-57.792362,121.704575,873.97546,-0.0069183176,137956.88331902423,176.0,S_1973
2024-05-10 21:13:13,-72.81429,5.4319153,-57.848316,121.6696,873.9699,-0.008589316,137947.25837761257,176.0,S_1973
2024-05-10 21:13:14,-72.87767,5.4278564,-57.904266,121.634636,873.95514,-0.0058585717,137955.55469817633,176.0,S_1973
2024-05-10 21:13:15,-72.94093,5.423752,-57.96022,121.59966,873.96063,-0.008133594,137942.85956899662,176.0,S_1973
2024-05-10 21:13:16,-73.00409,5.4196014,-58.023167,121.56469,873.9588,-0.008203119,137940.9523003256,176.0,S_1973
2024-05-10 21:13:17,-73.06712,5.41539,-58.07912,121.529724,873.94025,-0.008272645,137939.4521929212,176.0,S_1973
2024-05-10 21:13:18,-73.13005,5.411148,-58.12808,121.49475,873.95514,-0.008490233,137925.23614961177,176.0,S_1973
2024-05-10 21:13:19,-73.192856,5.406845,-58.184032,121.45978,874.04956,-0.009185619,137911.6554805357,176.0,S_1973
2024-05-10 21:13:20,-73.255554,5.4024963,-58.239986,121.42481,874.14954,-0.009881005,137886.1529336492,176.0,S_1973
2024-05-10 21:13:21,-73.31814,5.398102,-58.302933,121.38984,874.17175,-0.012378669,137855.08157396346,176.0,S_1973
2024-05-10 21:13:22,-73.3806,5.3936615,-58.358887,121.34788,874.15326,-0.012768977,137818.99447141576,176.0,S_1973
2024-05-10 21:13:23,-73.442955,5.3891754,-58.414837,121.312904,874.15326,-0.018353105,137745.2499489841,176.0,S_1973
2024-05-10 21:13:24,-73.505196,5.3846283,-58.47079,121.27793,874.15326,-0.02438509,137631.95314056234,176.0,S_1973
2024-05-10 21:13:25,-73.56732,5.3800507,-58.526745,121.242966,874.1329,-0.025626536,137510.51916637833,176.0,S_1973
2024-05-10 21:13:26,-73.62933,5.375412,-58.5827,121.20799,874.1292,-0.024095286,137395.84119835848,176.0,S_1973
2024-05-10 21:13:27,-73.69124,5.3707275,-58.63865,121.16603,874.19214,-0.033552967,137223.47620517784,176.0,S_1973
2024-05-10 21:13:28,-73.75302,5.3659973,-58.694603,121.13106,874.30145,-0.03470924,137037.80027584062,176.0,S_1973
2024-05-10 21:13:29,-73.81469,5.3612213,-58.750557,121.08909,874.3644,-0.055807967,136719.64769849504,176.0,S_1973
2024-05-10 21:13:30,-73.87625,5.3563843,-58.806507,121.05412,874.357,-0.035886303,136531.02562571905,176.0,S_1973
2024-05-10 21:13:31,-73.93769,5.3515167,-58.86246,121.01915,874.3459,-0.0476599,136258.85083211795,176.0,S_1973
2024-05-10 21:13:32,-73.99902,5.346588,-58.918415,120.97719,874.34955,-0.027895596,136123.6297803468,176.0,S_1973
2024-05-10 21:13:33,-74.060234,5.341614,-58.97437,120.942215,874.34033,-0.03102571,135966.91647716725,176.0,S_1973
2024-05-10 21:13:34,-74.12134,5.3365936,-59.03032,120.90724,874.32184,-0.028314058,135824.17160236763,176.0,S_1973
2024-05-10 21:13:35,-74.18233,5.3315277,-59.086273,120.86528,874.344,-0.03131614,135666.58373945655,176.0,S_1973
2024-05-10 21:13:36,-74.243195,5.326416,-59.142227,120.83031,874.4403,-0.03431822,135483.79236264387,176.0,S_1973
2024-05-10 21:13:37,-74.303955,5.3212433,-59.198177,120.788345,874.5403,-0.03757248,135285.2735276204,176.0,S_1973
2024-05-10 21:13:38,-74.3646,5.316025,-59.25413,120.75337,874.56256,-0.03158023,135148.28151086115,176.0,S_1973
2024-05-10 21:13:39,-74.42513,5.3107758,-59.30309,120.71841,874.544,-0.0321609,134979.03509911566,176.0,S_1973
2024-05-10 21:13:40,-74.48555,5.3054657,-59.359043,120.68343,874.5366,-0.029963598,134825.4149635845,176.0,S_1973
2024-05-10 21:13:41,-74.54586,5.30011,-59.414997,120.64147,874.5422,-0.027766295,134670.41193680713,176.0,S_1973
2024-05-10 21:13:42,-74.60605,5.294693,-59.477943,120.6065,874.54956,-0.037857093,134469.34079772633,176.0,S_1973
2024-05-10 21:13:43,-74.66612,5.2892456,-59.533897,120.56454,874.544,-0.047947887,134203.07806734034,176.0,S_1973
2024-05-10 21:13:44,-74.72609,5.283737,-59.58985,120.529564,874.51996,-0.057087988,133868.67255924674,176.0,S_1973
2024-05-10 21:13:45,-74.785934,5.2781982,-59.6458,120.487595,874.5181,-0.04878865,133625.90043734846,176.0,S_1973
2024-05-10 21:13:46,-74.84567,5.2725983,-59.69476,120.44563,874.58105,-0.04048932,133403.32405556523,176.0,S_1973
2024-05-10 21:13:47,-74.90529,5.2669525,-59.750713,120.41066,874.6922,-0.03942667,133186.7980353517,176.0,S_1973
2024-05-10 21:13:48,-74.9648,5.2612457,-59.806667,120.3687,874.7533,-0.038364016,132954.65793174267,176.0,S_1973
2024-05-10 21:13:49,-75.02419,5.2555084,-59.869614,120.333725,874.74774,-0.03670038,132761.5233086386,176.0,S_1973
2024-05-10 21:13:50,-75.08347,5.2497253,-59.925568,120.29176,874.7348,-0.03625221,132567.26271962337,176.0,S_1973
2024-05-10 21:13:51,-75.14264,5.243881,-59.98152,120.2498,874.7385,-0.039371062,132352.2722425029,176.0,S_1973
2024-05-10 21:13:52,-75.20169,5.2379913,-60.03747,120.20783,874.7311,-0.046772595,132093.94268770333,176.0,S_1973
2024-05-10 21:13:53,-75.26063,5.2320557,-60.093426,120.17287,874.7237,-0.054174133,131786.28943030932,176.0,S_1973
2024-05-10 21:13:54,-75.31945,5.226074,-60.14938,120.13789,874.76447,-0.061575666,131422.6171928731,176.0,S_1973
2024-05-10 21:13:55,-75.37816,5.220047,-60.20533,120.095924,874.85333,-0.064643756,131039.57981645626,176.0,S_1973
2024-05-10 21:13:56,-75.43675,5.2139587,-60.261284,120.05396,874.92926,-0.067711845,130636.20037749,176.0,S_1973
2024-05-10 21:13:57,-75.49524,5.20784,-60.317238,120.012,874.9459,-0.068060935,130230.56149441907,176.0,S_1973
2024-05-10 21:13:58,-75.553604,5.20166,-60.37319,119.97003,874.9329,-0.068430915,129822.57341719599,176.0,S_1973
2024-05-10 21:13:59,-75.611855,5.1954346,-60.429142,119.92807,874.93115,-0.07101489,129458.76803710511,176.0,S_1973
2024-05-10 21:14:00,-75.67,5.189163,-60.478104,119.8931,874.9329,-0.07256442,129017.30774054209,176.0,S_1973
2024-05-10 21:14:01,-75.7281,5.18425,-60.534054,119.851135,874.91815,-0.073522024,128575.64958056177,176.0,S_1973
2024-05-10 21:14:02,-75.786095,5.179245,-60.590008,119.809166,874.92926,-0.07345434,128134.53553633176,176.0,S_1973
2024-05-10 21:14:03,-75.84397,5.1741486,-60.64596,119.767204,875.0015,-0.0800871,127659.23873196512,176.0,S_1973
2024-05-10 21:14:04,-75.90173,5.1689453,-60.701912,119.73223,875.0904,-0.07988751,127115.69531380333,176.0,S_1973
2024-05-10 21:14:05,-75.95937,5.1636505,-60.764862,119.69027,875.1404,-0.08609788,126658.47762533394,176.0,S_1973
2024-05-10 21:14:06,-76.0169,5.158264,-60.81382,119.64831,875.1348,-0.08395898,126142.79544553638,176.0,S_1973
2024-05-10 21:14:07,-76.0743,5.152771,-60.869774,119.60634,875.1219,-0.08182009,125646.57229872323,176.0,S_1973
2024-05-10 21:14:08,-76.1316,5.1471863,-60.925724,119.56438,875.12366,-0.076674,125184.54836502748,176.0,S_1973
2024-05-10 21:14:09,-76.188774,5.14151,-60.981678,119.52241,875.1293,-0.07981253,124701.79439448033,176.0,S_1973
2024-05-10 21:14:10,-76.245834,5.135742,-61.037632,119.480446,875.1311,-0.06994831,124284.60111144884,176.0,S_1973
2024-05-10 21:14:11,-76.30277,5.1298676,-61.093582,119.438484,875.12,-0.07286824,123901.00784442957,176.0,S_1973
2024-05-10 21:14:12,-76.3596,5.1239014,-61.142544,119.396515,875.1126,-0.075810425,123439.96970666823,176.0,S_1973
2024-05-10 21:14:13,-76.416306,5.1178436,-61.198494,119.35455,875.1533,-0.07500011,122934.1021864436,176.0,S_1973
2024-05-10 21:14:14,-76.4729,5.111679,-61.261444,119.312584,875.24225,-0.07363023,122497.90122073282,176.0,S_1973
2024-05-10 21:14:15,-76.52937,5.105423,-61.317394,119.27062,875.3182,-0.07613753,122040.02052228869,176.0,S_1973
2024-05-10 21:14:16,-76.58573,5.0990753,-61.37335,119.22866,875.3367,-0.08097861,121539.15937740859,176.0,S_1973
2024-05-10 21:14:17,-76.641975,5.092636,-61.429302,119.1797,875.3219,-0.07567316,121140.58715113287,176.0,S_1973
2024-05-10 21:14:18,-76.6981,5.08609,-61.47826,119.13773,875.3163,-0.07272992,120700.41812833237,176.0,S_1973
2024-05-10 21:14:19,-76.754105,5.0794525,-61.534214,119.09577,875.32,-0.07504627,120250.09941025762,176.0,S_1973
2024-05-10 21:14:20,-76.81,5.0727234,-61.590164,119.0538,875.32556,-0.06846865,119843.39421197263,176.0,S_1973
2024-05-10 21:14:21,-76.865776,5.0658875,-61.64612,119.01184,875.3219,-0.07005024,119426.28989521237,176.0,S_1973
2024-05-10 21:14:22,-76.92143,5.05896,-61.702072,118.96988,875.30707,-0.072579116,118982.85681900432,176.0,S_1973
2024-05-10 21:14:23,-76.976974,5.051941,-61.758026,118.92091,875.3182,-0.07725501,118519.23970313791,176.0,S_1973
2024-05-10 21:14:24,-77.032394,5.0448303,-61.813976,118.87895,875.3904,-0.074769795,118071.12031447055,176.0,S_1973
2024-05-10 21:14:25,-77.08771,5.037613,-61.86993,118.83699,875.48114,-0.07228457,117639.51247126788,176.0,S_1973
2024-05-10 21:14:26,-77.1429,5.030304,-61.925884,118.79502,875.52747,-0.07026483,117212.13252331174,176.0,S_1973
2024-05-10 21:14:27,-77.197975,5.0229034,-61.98184,118.74606,875.52374,-0.07023052,116795.28387329428,176.0,S_1973
2024-05-10 21:14:28,-77.25293,5.015396,-62.03779,118.7041,875.5145,-0.06762267,116394.71786561247,176.0,S_1973
2024-05-10 21:14:29,-77.30777,5.0077972,-62.093742,118.66213,875.5163,-0.06936332,116023.26242683204,176.0,S_1973
2024-05-10 21:14:30,-77.362495,5.000107,-62.1427,118.613174,875.5089,-0.07089931,115597.09543542532,176.0,S_1973
2024-05-10 21:14:31,-77.41711,4.992325,-62.198654,118.57121,875.5015,-0.072207265,115157.12828461266,176.0,S_1973
2024-05-10 21:14:32,-77.471596,4.984436,-62.25461,118.522255,875.54224,-0.071609676,114731.5023822588,176.0,S_1973
2024-05-10 21:14:33,-77.52597,4.9764557,-62.31056,118.480286,875.6311,-0.07101209,114248.09154873516,176.0,S_1973
2024-05-10 21:14:34,-77.58023,4.968384,-62.37351,118.43133,875.7089,-0.06993056,113838.77915003414,176.0,S_1973
2024-05-10 21:14:35,-77.63437,4.960205,-62.42946,118.389366,875.72565,-0.06933252,113468.17098668829,176.0,S_1973
2024-05-10 21:14:36,-77.6884,4.951935,-62.47842,118.34041,875.7108,-0.07009142,113047.79545388473,176.0,S_1973
2024-05-10 21:14:37,-77.7423,4.943573,-62.53437,118.29844,875.70526,-0.06786925,112646.20560198858,176.0,S_1973
2024-05-10 21:14:38,-77.7961,4.9351196,-62.590324,118.25648,875.7108,-0.06920574,112227.15623239707,176.0,S_1973
2024-05-10 21:14:39,-77.84977,4.9265594,-62.64628,118.20752,875.7145,-0.06778636,111818.75954048753,176.0,S_1973
2024-05-10 21:14:40,-77.90333,4.9179077,-62.70223,118.15856,875.7108,-0.06874137,111412.5903877226,176.0,S_1973
2024-05-10 21:14:41,-77.95677,4.9091644,-62.758183,118.11659,875.696,-0.06931544,111042.7854533503,176.0,S_1973
2024-05-10 21:14:42,-78.01009,4.9003143,-62.80714,118.067635,875.7089,-0.07142011,110605.17761998813,176.0,S_1973
2024-05-10 21:14:43,-78.06331,4.8913727,-62.863094,118.01868,875.7793,-0.07120328,110182.9800223681,176.0,S_1973
2024-05-10 21:14:44,-78.116394,4.8823395,-62.91905,117.976715,875.87006,-0.069394216,109813.01525465769,176.0,S_1973
2024-05-10 21:14:45,-78.16937,4.8732147,-62.968006,117.92775,875.9182,-0.068331495,109396.43941895678,176.0,S_1973
2024-05-10 21:14:46,-78.22223,4.863983,-63.02396,117.87879,875.9145,-0.06870483,108990.90151128921,176.0,S_1973
2024-05-10 21:14:47,-78.27497,4.85466,-63.079914,117.83683,875.90155,-0.06985436,108558.74058188857,176.0,S_1973
2024-05-10 21:14:48,-78.3276,4.8452454,-63.135864,117.780876,875.90155,-0.07155665,108135.52836076872,176.0,S_1973
2024-05-10 21:14:49,-78.380104,4.835724,-63.19182,117.738914,875.9071,-0.0725601,107747.15353106815,176.0,S_1973
2024-05-10 21:14:50,-78.432495,4.826111,-63.240776,117.68995,875.90894,-0.067448154,107336.97357944402,176.0,S_1973
2024-05-10 21:14:51,-78.48477,4.8164062,-63.29673,117.64099,875.8978,-0.06861041,106924.1231604721,176.0,S_1973
2024-05-10 21:14:52,-78.536934,4.80661,-63.352684,117.59203,875.89044,-0.07254273,106485.04394266738,176.0,S_1973
2024-05-10 21:14:53,-78.588974,4.796707,-63.408634,117.543076,875.933,-0.07343773,106040.03798712867,176.0,S_1973
2024-05-10 21:14:54,-78.6409,4.7867126,-63.46459,117.49412,876.0219,-0.070642516,105562.19567182593,176.0,S_1973
2024-05-10 21:14:55,-78.6927,4.7766266,-63.527534,117.44516,876.0979,-0.068273336,105215.1931129442,176.0,S_1973
2024-05-10 21:14:56,-78.7444,4.7664337,-63.576496,117.40319,876.1145,-0.06605664,104813.94695275484,176.0,S_1973
2024-05-10 21:14:57,-78.795975,4.7561493,-63.632446,117.35423,876.0997,-0.06383995,104433.58550835119,176.0,S_1973
2024-05-10 21:14:58,-78.84743,4.7457733,-63.6884,117.305275,876.0941,-0.064809576,104046.82387696356,176.0,S_1973
2024-05-10 21:14:59,-78.89877,4.735306,-63.744354,117.25632,876.0997,-0.064954415,103659.20558700518,176.0,S_1973
2024-05-10 21:15:00,-78.95,4.7247314,-63.800304,117.20736,876.1052,-0.064437754,103275.10065960015,176.0,S_1973
2024-05-10 21:15:01,-79.004875,4.716797,-63.85626,117.1584,876.0997,-0.063921094,102886.14835403214,176.0,S_1973
2024-05-10 21:15:02,-79.05951,4.7086945,-63.912212,117.10245,876.0849,-0.06467973,102548.22390277087,176.0,S_1973
2024-05-10 21:15:03,-79.1139,4.7003784,-63.96117,117.05349,876.0979,-0.064050026,102161.98433883363,176.0,S_1973
2024-05-10 21:15:04,-79.168045,4.6918945,-64.01712,117.00453,876.17004,-0.06398205,101827.37620129283,176.0,S_1973
2024-05-10 21:15:05,-79.22194,4.6832123,-64.066086,116.955574,876.259,-0.064886786,101435.732110437,176.0,S_1973
2024-05-10 21:15:06,-79.2756,4.6743317,-64.12203,116.90661,876.3071,-0.06564131,101035.61944358319,176.0,S_1973
2024-05-10 21:15:07,-79.32901,4.665268,-64.177986,116.85066,876.3016,-0.06505825,100648.90790429464,176.0,S_1973
2024-05-10 21:15:08,-79.38217,4.656021,-64.23394,116.8017,876.2923,-0.065374196,100250.85239905876,176.0,S_1973
2024-05-10 21:15:09,-79.4351,4.646591,-64.289894,116.74575,876.296,-0.06569013,99860.09244303542,176.0,S_1973
2024-05-10 21:15:10,-79.48778,4.636963,-64.34585,116.696785,876.28864,-0.06959489,99492.71671398533,176.0,S_1973
2024-05-10 21:15:11,-79.54021,4.6271515,-64.394806,116.64783,876.2812,-0.06759798,99083.4502673781,176.0,S_1973
2024-05-10 21:15:12,-79.5924,4.6171417,-64.45076,116.59887,876.32196,-0.0681137,98618.06213326743,176.0,S_1973
2024-05-10 21:15:13,-79.64434,4.606949,-64.5137,116.542915,876.4109,-0.0682859,98215.31317460511,176.0,S_1973
2024-05-10 21:15:14,-79.696045,4.596573,-64.56966,116.49396,876.48676,-0.06744366,97803.89087565795,176.0,S_1973
2024-05-10 21:15:15,-79.7475,4.5859985,-64.62561,116.438,876.5034,-0.065440625,97462.68638691671,176.0,S_1973
2024-05-10 21:15:16,-79.798706,4.575241,-64.67457,116.389046,876.48865,-0.06461401,97065.72347963604,176.0,S_1973
2024-05-10 21:15:17,-79.84968,4.5642853,-64.73052,116.33309,876.48303,-0.061447717,96703.89020694415,176.0,S_1973
2024-05-10 21:15:18,-79.9004,4.5531616,-64.786476,116.284134,876.48865,-0.062202424,96328.47334012759,176.0,S_1973
2024-05-10 21:15:19,-79.950874,4.5418243,-64.84243,116.22818,876.4942,-0.06352656,95952.95302268694,176.0,S_1973
2024-05-10 21:15:20,-80.00111,4.530319,-64.898384,116.17922,876.48865,-0.0631094,95571.60314269163,176.0,S_1973
2024-05-10 21:15:21,-80.051094,4.5186157,-64.95434,116.12327,876.4738,-0.06435863,95182.92264132958,176.0,S_1973
2024-05-10 21:15:22,-80.10084,4.506729,-65.010284,116.06732,876.48676,-0.06560786,94832.41279626591,176.0,S_1973
2024-05-10 21:15:23,-80.150345,4.494644,-65.05925,116.01137,876.559,-0.065569185,94430.79104370406,176.0,S_1973
2024-05-10 21:15:24,-80.1996,4.482376,-65.1152,115.955414,876.6479,-0.06727151,94079.52193631459,176.0,S_1973
2024-05-10 21:15:25,-80.24861,4.469925,-65.16416,115.906456,876.69604,-0.065878,93675.06151823266,176.0,S_1973
2024-05-10 21:15:26,-80.29737,4.4572754,-65.22011,115.8505,876.6924,-0.064039886,93296.65088715848,176.0,S_1973
2024-05-10 21:15:27,-80.345894,4.4444427,-65.27606,115.801544,876.6794,-0.06381987,92911.22109902107,176.0,S_1973
2024-05-10 21:15:28,-80.39417,4.4314117,-65.332016,115.74559,876.6794,-0.063762374,92527.25089611155,176.0,S_1973
2024-05-10 21:15:29,-80.44221,4.4181976,-65.38797,115.68964,876.6868,-0.06509492,92134.3807308761,176.0,S_1973
2024-05-10 21:15:30,-80.49,4.4048004,-65.443924,115.63368,876.6886,-0.06597984,91735.64052108885,176.0,S_1973
2024-05-10 21:15:31,-80.537544,4.391205,-65.49988,115.57773,876.67566,-0.06657791,91380.44929075157,176.0,S_1973
2024-05-10 21:15:32,-80.58484,4.377426,-65.548836,115.521774,876.6683,-0.06868416,90958.73967220713,176.0,S_1973
2024-05-10 21:15:33,-80.6319,4.3634644,-65.60479,115.46583,876.7109,-0.06457265,90569.81676967493,176.0,S_1973
2024-05-10 21:15:34,-80.67871,4.349304,-65.66074,115.409874,876.79974,-0.06447921,90227.66194295115,176.0,S_1973
2024-05-10 21:15:35,-80.72527,4.334961,-65.7097,115.35392,876.8757,-0.061119787,89857.32333128648,176.0,S_1973
2024-05-10 21:15:36,-80.7716,4.3204346,-65.765656,115.297966,876.8924,-0.06502281,89457.39899311712,176.0,S_1973
2024-05-10 21:15:37,-80.81767,4.30571,-65.8216,115.235016,876.8794,-0.06986378,89034.17371080304,176.0,S_1973
2024-05-10 21:15:38,-80.86351,4.290802,-65.877556,115.17907,876.8739,-0.06527205,88641.05522575413,176.0,S_1973
2024-05-10 21:15:39,-80.909096,4.275696,-65.93351,115.123116,876.87756,-0.06364635,88304.51477677473,176.0,S_1973
2024-05-10 21:15:40,-80.954445,4.2604065,-65.98247,115.06716,876.87756,-0.069488466,87869.53281764465,176.0,S_1973
2024-05-10 21:15:41,-80.99954,4.244934,-66.03842,115.00421,876.87756,-0.06734429,87463.72200676076,176.0,S_1973
2024-05-10 21:15:42,-81.044395,4.2292633,-66.094376,114.94826,876.8831,-0.06763974,87103.49499711697,176.0,S_1973
2024-05-10 21:15:43,-81.089005,4.2134094,-66.14333,114.8923,876.88495,-0.067935176,86688.073592894,176.0,S_1973
2024-05-10 21:15:44,-81.13338,4.1973724,-66.19929,114.83636,876.8683,-0.06823062,86275.65723686665,176.0,S_1973
2024-05-10 21:15:45,-81.1775,4.181137,-66.25524,114.7804,876.859,-0.06290277,85891.42383197315,176.0,S_1973
2024-05-10 21:15:46,-81.221375,4.1647186,-66.311195,114.71745,876.91455,-0.06497279,85502.09508222406,176.0,S_1973
2024-05-10 21:15:47,-81.26501,4.148102,-66.36715,114.6615,877.0257,-0.06199799,85124.37636110294,176.0,S_1973
2024-05-10 21:15:48,-81.308395,4.131302,-66.423096,114.59856,877.0905,-0.066244595,84765.13770824367,176.0,S_1973
2024-05-10 21:15:49,-81.35154,4.114319,-66.47206,114.53561,877.085,-0.0656988,84366.40971146105,176.0,S_1973
2024-05-10 21:15:50,-81.39444,4.0971527,-66.52801,114.47965,877.06647,-0.06355038,84031.64488496297,176.0,S_1973
2024-05-10 21:15:51,-81.437096,4.079788,-66.57697,114.4237,877.0683,-0.06165352,83695.24660534927,176.0,S_1973
2024-05-10 21:15:52,-81.47951,4.0622253,-66.62593,114.360756,877.0776,-0.06376244,83302.13931797114,176.0,S_1973
2024-05-10 21:15:53,-81.521675,4.0444794,-66.68188,114.297806,877.08124,-0.06252963,82884.17434105667,176.0,S_1973
2024-05-10 21:15:54,-81.5636,4.0265503,-66.74483,114.24185,877.07385,-0.06058867,82521.7522713005,176.0,S_1973
2024-05-10 21:15:55,-81.60528,4.008438,-66.80078,114.17891,877.0535,-0.06297875,82139.21977461422,176.0,S_1973
2024-05-10 21:15:56,-81.646706,3.9901276,-66.856735,114.11596,877.0702,-0.06536884,81786.62578232912,176.0,S_1973
2024-05-10 21:15:57,-81.6879,3.971634,-66.90569,114.05302,877.1646,-0.064610615,81433.9420108991,176.0,S_1973
2024-05-10 21:15:58,-81.72884,3.952942,-66.95465,113.99007,877.26465,-0.062003646,81105.46098147891,176.0,S_1973
2024-05-10 21:15:59,-81.76954,3.9340668,-67.00361,113.93411,877.2887,-0.06114159,80730.13086473178,176.0,S_1973
2024-05-10 21:16:00,-81.81,3.9150085,-67.05956,113.87117,877.2683,-0.059535872,80371.64776164335,176.0,S_1973
2024-05-10 21:16:01,-81.86029,3.8977356,-67.11552,113.80822,877.2609,-0.05927838,80015.03751830898,176.0,S_1973
2024-05-10 21:16:02,-81.909996,3.8802032,-67.17147,113.74527,877.2665,-0.056668498,79676.32369545607,176.0,S_1973
2024-05-10 21:16:03,-81.959114,3.8624115,-67.227425,113.68233,877.27576,-0.056252856,79380.33072413289,176.0,S_1973
2024-05-10 21:16:04,-82.007645,3.8443756,-67.27638,113.61938,877.27386,-0.055605214,79044.22969287241,176.0,S_1973
2024-05-10 21:16:05,-82.05559,3.826065,-67.33234,113.556435,877.2572,-0.059040572,78689.7319165653,176.0,S_1973
2024-05-10 21:16:06,-82.10295,3.8075104,-67.38828,113.493484,877.2479,-0.05973455,78323.14783597371,176.0,S_1973
2024-05-10 21:16:07,-82.14972,3.7887115,-67.44424,113.423546,877.30536,-0.058804274,78013.04615176047,176.0,S_1973
2024-05-10 21:16:08,-82.19591,3.769638,-67.493195,113.360596,877.4146,-0.057873998,77661.9441320218,176.0,S_1973
2024-05-10 21:16:09,-82.24151,3.7503204,-67.54915,113.297646,877.47943,-0.05743783,77318.73748600319,176.0,S_1973
2024-05-10 21:16:10,-82.28653,3.7307434,-67.6051,113.2347,877.4739,-0.058625143,76967.56942692277,176.0,S_1973
2024-05-10 21:16:11,-82.330956,3.710907,-67.66106,113.17175,877.4573,-0.058734573,76649.47758450569,176.0,S_1973
2024-05-10 21:16:12,-82.3748,3.6908264,-67.710014,113.101814,877.4573,-0.05994255,76328.27265048324,176.0,S_1973
2024-05-10 21:16:13,-82.41805,3.6704712,-67.75897,113.038864,877.4665,-0.06115053,75948.0888689661,176.0,S_1973
2024-05-10 21:16:14,-82.460724,3.6498718,-67.814926,112.968925,877.47205,-0.05935786,75550.31100293485,176.0,S_1973
2024-05-10 21:16:15,-82.502815,3.629013,-67.87788,112.905975,877.4628,-0.05954805,75232.59420779998,176.0,S_1973
2024-05-10 21:16:16,-82.54431,3.6079102,-67.926834,112.83604,877.44244,-0.05697623,74929.90891216417,176.0,S_1973
2024-05-10 21:16:17,-82.58522,3.5865479,-67.97579,112.773094,877.45905,-0.058057427,74612.12717641835,176.0,S_1973
2024-05-10 21:16:18,-82.62555,3.564911,-68.02475,112.70315,877.5535,-0.05917808,74247.19396505674,176.0,S_1973
2024-05-10 21:16:19,-82.66529,3.543045,-68.0807,112.63321,877.65356,-0.058724195,73890.30727867101,176.0,S_1973
2024-05-10 21:16:20,-82.704445,3.5209045,-68.13666,112.56327,877.6776,-0.05636749,73556.39750351598,176.0,S_1973
2024-05-10 21:16:21,-82.74301,3.49852,-68.19261,112.50032,877.6572,-0.055542912,73220.74382381092,176.0,S_1973
2024-05-10 21:16:22,-82.78099,3.4758759,-68.248566,112.43038,877.64984,-0.05896911,72903.81577832946,176.0,S_1973
2024-05-10 21:16:23,-82.81839,3.4529724,-68.29752,112.360435,877.65356,-0.05798083,72547.8130523925,176.0,S_1973
2024-05-10 21:16:24,-82.8552,3.4298096,-68.35348,112.2905,877.6572,-0.05657538,72212.93480555882,176.0,S_1973
2024-05-10 21:16:25,-82.891426,3.4064026,-68.409424,112.22755,877.6554,-0.051919572,71938.98612686123,176.0,S_1973
2024-05-10 21:16:26,-82.92706,3.382721,-68.45839,112.15761,877.6591,-0.051465873,71657.07160610649,176.0,S_1973
2024-05-10 21:16:27,-82.96211,3.3588104,-68.50735,112.08067,877.66095,-0.0532018,71335.32764128839,176.0,S_1973
2024-05-10 21:16:28,-82.996574,3.3346252,-68.5633,112.010735,877.648,-0.05408811,71017.60802696896,176.0,S_1973
2024-05-10 21:16:29,-83.03046,3.3101807,-68.61925,111.947784,877.6369,-0.053263903,70698.55313565314,176.0,S_1973
2024-05-10 21:16:30,-83.06375,3.285492,-68.6752,111.877846,877.69244,-0.05358449,70408.6889598158,176.0,S_1973
2024-05-10 21:16:31,-83.09646,3.2605438,-68.72416,111.80091,877.8017,-0.053757917,70083.59825674043,176.0,S_1973
2024-05-10 21:16:32,-83.12858,3.2353516,-68.78011,111.730965,877.87396,-0.0525927,69770.41930249459,176.0,S_1973
2024-05-10 21:16:33,-83.16011,3.2098846,-68.83607,111.661026,877.87573,-0.05211226,69490.2847480693,176.0,S_1973
2024-05-10 21:16:34,-83.19106,3.1841736,-68.885025,111.58409,877.8517,-0.052630372,69210.27801667941,176.0,S_1973
2024-05-10 21:16:35,-83.22142,3.1582031,-68.93398,111.51415,877.8443,-0.051158085,68938.49157505654,176.0,S_1973
2024-05-10 21:16:36,-83.2512,3.1319733,-68.98294,111.44421,877.8517,-0.049685802,68634.97721114356,176.0,S_1973
2024-05-10 21:16:37,-83.28039,3.1054993,-69.038895,111.36727,877.85724,-0.048213515,68353.19704340762,176.0,S_1973
2024-05-10 21:16:38,-83.309,3.0787506,-69.09485,111.29733,877.8517,-0.048631094,68061.99496364105,176.0,S_1973
2024-05-10 21:16:39,-83.33701,3.0517578,-69.1508,111.2204,877.8332,-0.051264476,67753.54882590537,176.0,S_1973
2024-05-10 21:16:40,-83.36445,3.0245209,-69.20676,111.14346,877.848,-0.05481735,67465.62221303734,176.0,S_1973
2024-05-10 21:16:41,-83.39129,2.9970093,-69.255714,111.073524,877.9406,-0.05837022,67142.87701147117,176.0,S_1973
2024-05-10 21:16:42,-83.41755,2.9692535,-69.30467,110.99659,878.0424,-0.053849246,66856.41084042586,176.0,S_1973
2024-05-10 21:16:43,-83.44322,2.9412384,-69.35363,110.92664,878.0739,-0.057101797,66502.34509755122,176.0,S_1973
2024-05-10 21:16:44,-83.468315,2.9129639,-69.409584,110.84971,878.05725,-0.060526684,66130.29964355592,176.0,S_1973
2024-05-10 21:16:45,-83.49281,2.88443,-69.46554,110.77277,878.04065,-0.05861175,65771.69011039982,176.0,S_1973
2024-05-10 21:16:46,-83.51673,2.8556519,-69.52149,110.69584,878.0424,-0.059087984,65450.950302406134,176.0,S_1973
2024-05-10 21:16:47,-83.540054,2.8266144,-69.57045,110.618904,878.04987,-0.055634663,65147.209445053,176.0,S_1973
2024-05-10 21:16:48,-83.5628,2.7973175,-69.61941,110.54197,878.04987,-0.05325583,64858.43039252385,176.0,S_1973
2024-05-10 21:16:49,-83.58496,2.7677765,-69.668365,110.465034,878.03876,-0.05333144,64532.253693221646,176.0,S_1973
2024-05-10 21:16:50,-83.60653,2.7379608,-69.72432,110.3881,878.0314,-0.05057914,64229.910449726805,176.0,S_1973
2024-05-10 21:16:51,-83.62751,2.707901,-69.78027,110.311165,878.0739,-0.054987196,63897.22958531811,176.0,S_1973
2024-05-10 21:16:52,-83.64791,2.6775818,-69.83623,110.23423,878.16284,-0.055517484,63592.32543427132,176.0,S_1973
2024-05-10 21:16:53,-83.667725,2.6470184,-69.885185,110.1503,878.2388,-0.056904756,63282.5807639864,176.0,S_1973
2024-05-10 21:16:54,-83.68695,2.6161804,-69.93414,110.073364,878.25543,-0.05632956,62975.635526150625,176.0,S_1973
2024-05-10 21:16:55,-83.70559,2.5850983,-69.9831,109.99643,878.2406,-0.05494349,62632.65385706795,176.0,S_1973
2024-05-10 21:16:56,-83.72365,2.5537567,-70.039055,109.9125,878.23694,-0.054343067,62305.985929862596,176.0,S_1973
2024-05-10 21:16:57,-83.74111,2.522171,-70.09501,109.83556,878.2406,-0.055824623,62000.052384969094,176.0,S_1973
2024-05-10 21:16:58,-83.757996,2.4903107,-70.14397,109.75163,878.2406,-0.055677388,61691.51464612172,176.0,S_1973
2024-05-10 21:16:59,-83.77429,2.4582062,-70.192924,109.6677,878.2406,-0.056198455,61347.82060541717,176.0,S_1973
2024-05-10 21:17:00,-83.79,2.4258423,-70.24888,109.59077,878.2462,-0.056719523,60997.854260139386,176.0,S_1973
2024-05-10 21:17:01,-83.80168,2.3820496,-70.30483,109.506836,878.2406,-0.05724059,60651.89370239281,176.0,S_1973
2024-05-10 21:17:02,-83.8129,2.338379,-70.36079,109.4299,878.2203,-0.05982128,60321.70473498931,176.0,S_1973
2024-05-10 21:17:03,-83.82364,2.2948303,-70.409744,109.34598,878.21655,-0.06544003,59952.60286013343,176.0,S_1973
2024-05-10 21:17:04,-83.83391,2.2514038,-70.4587,109.26205,878.2795,-0.060148574,59617.02882984814,176.0,S_1973
2024-05-10 21:17:05,-83.84371,2.2080994,-70.50766,109.178116,878.3888,-0.061128,59233.410180485705,176.0,S_1973
2024-05-10 21:17:06,-83.85305,2.164917,-70.563614,109.094185,878.4536,-0.05889944,58870.12403068278,176.0,S_1973
2024-05-10 21:17:07,-83.861916,2.1218567,-70.61957,109.010254,878.44617,-0.051535908,58593.885734251024,176.0,S_1973
2024-05-10 21:17:08,-83.87031,2.0789337,-70.668526,108.92633,878.4314,-0.050914906,58310.419162247876,176.0,S_1973
2024-05-10 21:17:09,-83.878235,2.0361176,-70.71748,108.8354,878.4332,-0.05384502,58016.3157327021,176.0,S_1973
2024-05-10 21:17:10,-83.8857,1.9934387,-70.76644,108.75147,878.43506,-0.056214985,57667.800864467456,176.0,S_1973
2024-05-10 21:17:11,-83.892685,1.9508667,-70.822395,108.66755,878.43506,-0.05832921,57309.30199056439,176.0,S_1973
2024-05-10 21:17:12,-83.8992,1.908432,-70.87835,108.58362,878.43695,-0.057570785,56988.611843731764,176.0,S_1973
2024-05-10 21:17:13,-83.90525,1.8661194,-70.92731,108.49269,878.4425,-0.056032613,56681.50163749648,176.0,S_1973
2024-05-10 21:17:14,-83.91083,1.8239136,-70.976265,108.40876,878.43695,-0.055413578,56377.52905558662,176.0,S_1973
2024-05-10 21:17:15,-83.91594,1.7818451,-71.02522,108.32484,878.41656,-0.05164348,56055.615414449654,176.0,S_1973
2024-05-10 21:17:16,-83.92058,1.7398987,-71.08118,108.23391,878.4332,-0.051783316,55773.57739973429,176.0,S_1973
2024-05-10 21:17:17,-83.92475,1.6980743,-71.130135,108.14299,878.5277,-0.051871985,55486.6013979875,176.0,S_1973
2024-05-10 21:17:18,-83.92845,1.6563721,-71.17909,108.05206,878.6277,-0.054398526,55152.83159806735,176.0,S_1973
2024-05-10 21:17:19,-83.93168,1.6147919,-71.23505,107.96813,878.64996,-0.056533173,54801.68325815529,176.0,S_1973
2024-05-10 21:17:20,-83.93444,1.5733337,-71.291,107.87721,878.63135,-0.05704357,54486.93389428842,176.0,S_1973
2024-05-10 21:17:21,-83.93674,1.5320129,-71.33996,107.786285,878.62213,-0.055914007,54175.04525790348,176.0,S_1973
2024-05-10 21:17:22,-83.93856,1.490799,-71.388916,107.695366,878.6277,-0.052625142,53884.1870020352,176.0,S_1973
2024-05-10 21:17:23,-83.93991,1.449707,-71.43788,107.60444,878.63135,-0.05203406,53561.802738342514,176.0,S_1973
2024-05-10 21:17:24,-83.940796,1.4087524,-71.49383,107.51352,878.6296,-0.051792465,53245.739740527904,176.0,S_1973
2024-05-10 21:17:25,-83.941216,1.3679047,-71.54978,107.42259,878.63135,-0.0539794,52944.492153580926,176.0,S_1973
2024-05-10 21:17:26,-83.94116,1.3271942,-71.59874,107.32468,878.63513,-0.05530167,52638.35113944132,176.0,S_1973
2024-05-10 21:17:27,-83.940636,1.2866058,-71.647705,107.23375,878.6203,-0.054281153,52338.00454155862,176.0,S_1973
2024-05-10 21:17:28,-83.939644,1.2461395,-71.69666,107.14283,878.611,-0.0506461,52054.39700273651,176.0,S_1973
2024-05-10 21:17:29,-83.93818,1.20578,-71.74562,107.044914,878.66656,-0.05118954,51739.74260539816,176.0,S_1973
2024-05-10 21:17:30,-83.93625,1.1655579,-71.801575,106.95399,878.7759,-0.049353264,51436.088579524265,176.0,S_1973
2024-05-10 21:17:31,-83.933846,1.1254578,-71.85753,106.85607,878.84625,-0.047692798,51215.03298398002,176.0,S_1973
2024-05-10 21:17:32,-83.93098,1.0854797,-71.89949,106.765144,878.8481,-0.046032332,50957.44447428715,176.0,S_1973
2024-05-10 21:17:33,-83.927635,1.0456238,-71.94845,106.66723,878.82587,-0.047742397,50662.15472082986,176.0,S_1973
2024-05-10 21:17:34,-83.92383,1.0059052,-72.0044,106.56931,878.8203,-0.04939397,50359.77431229454,176.0,S_1973
2024-05-10 21:17:35,-83.91955,0.96629333,-72.060356,106.4714,878.824,-0.045372065,50122.3511453536,176.0,S_1973
2024-05-10 21:17:36,-83.914795,0.9268036,-72.109314,106.38047,878.82587,-0.044741873,49878.230895476925,176.0,S_1973
2024-05-10 21:17:37,-83.90958,0.8874512,-72.15827,106.282555,878.824,-0.04411168,49639.20914711058,176.0,S_1973
2024-05-10 21:17:38,-83.90389,0.84820557,-72.20723,106.18464,878.8277,-0.043627933,49403.43745635372,176.0,S_1973
2024-05-10 21:17:39,-83.897736,0.8090973,-72.25619,106.086716,878.82587,-0.046499833,49143.55634992053,176.0,S_1973
2024-05-10 21:17:40,-83.891106,0.7700958,-72.305145,105.981804,878.81104,-0.04079585,48921.92450128323,176.0,S_1973
2024-05-10 21:17:41,-83.88401,0.7312317,-72.35411,105.87689,878.82214,-0.04284354,48663.47433982599,176.0,S_1973
2024-05-10 21:17:42,-83.87645,0.6924896,-72.41006,105.77898,878.89435,-0.04213974,48413.61327332323,176.0,S_1973
2024-05-10 21:17:43,-83.868416,0.65385437,-72.46601,105.68106,878.9851,-0.03989359,48201.92385376314,176.0,S_1973
2024-05-10 21:17:44,-83.85991,0.61535645,-72.51497,105.57615,879.03326,-0.038252946,48002.254264197676,176.0,S_1973
2024-05-10 21:17:45,-83.85094,0.5769806,-72.563934,105.47823,879.0278,-0.042039514,47772.55361308958,176.0,S_1973
2024-05-10 21:17:46,-83.84149,0.5387268,-72.61289,105.37332,879.0166,-0.040477745,47554.0420576313,176.0,S_1973
2024-05-10 21:17:47,-83.83158,0.5005951,-72.66185,105.26841,879.0166,-0.039890666,47339.495057567765,176.0,S_1973
2024-05-10 21:17:48,-83.8212,0.46258545,-72.71081,105.1635,879.0203,-0.04011806,47123.63079279866,176.0,S_1973
2024-05-10 21:17:49,-83.81035,0.42471313,-72.759766,105.058586,879.01843,-0.048893545,46851.130792249285,176.0,S_1973
2024-05-10 21:17:50,-83.79903,0.38694763,-72.80872,104.953674,879.0222,-0.04218703,46622.19882415064,176.0,S_1973
2024-05-10 21:17:51,-83.78723,0.3493042,-72.85768,104.84876,879.024,-0.03689895,46402.797446567354,176.0,S_1973
2024-05-10 21:17:52,-83.77497,0.3117981,-72.913635,104.74385,879.0092,-0.042066377,46179.3460961158,176.0,S_1973
2024-05-10 21:17:53,-83.762245,0.2743988,-72.96259,104.63894,878.99066,-0.041259874,45924.48380010089,176.0,S_1973
2024-05-10 21:17:54,-83.74905,0.23713684,-73.01855,104.52703,879.0166,-0.038152386,45727.48516719944,176.0,S_1973
2024-05-10 21:17:55,-83.735374,0.19999695,-73.067505,104.42212,879.1129,-0.041087378,45506.50254720953,176.0,S_1973
2024-05-10 21:17:56,-83.72124,0.16296387,-73.11646,104.31721,879.21106,-0.04402237,45261.36717025558,176.0,S_1973
2024-05-10 21:17:57,-83.706635,0.12606812,-73.16543,104.2053,879.23334,-0.045532912,45007.461702918125,176.0,S_1973
2024-05-10 21:17:58,-83.69156,0.08929443,-73.214386,104.0934,879.2147,-0.046949748,44750.16780063829,176.0,S_1973
2024-05-10 21:17:59,-83.67601,0.052642822,-73.26334,103.98849,879.2092,-0.05154237,44456.465189261064,176.0,S_1973
2024-05-10 21:18:00,-83.659996,0.016113281,-73.3123,103.87658,879.21295,-0.053993832,44147.8656387789,176.0,S_1973
2024-05-10 21:18:01,-83.636955,23.976242,-73.36126,103.76467,879.2166,-0.052493062,43849.31281713242,176.0,S_1973
2024-05-10 21:18:02,-83.61367,23.9366,-73.41022,103.65276,879.2147,-0.0518856,43554.96837949493,176.0,S_1973
2024-05-10 21:18:03,-83.59013,23.897202,-73.459175,103.54086,879.21295,-0.051796593,43255.024057040275,176.0,S_1973
2024-05-10 21:18:04,-83.56635,23.858047,-73.50813,103.42196,879.21295,-0.04946338,42977.7715227368,176.0,S_1973
2024-05-10 21:18:05,-83.54232,23.819138,-73.5571,103.31006,879.2166,-0.04584999,42723.39771852292,176.0,S_1973
2024-05-10 21:18:06,-83.51804,23.780457,-73.60606,103.19815,879.2185,-0.040600803,42498.3974205751,176.0,S_1973
2024-05-10 21:18:07,-83.49352,23.74202,-73.655014,103.07925,879.2055,-0.04017938,42277.267507758464,176.0,S_1973
2024-05-10 21:18:08,-83.46875,23.703842,-73.70397,102.96035,879.1944,-0.046220765,42021.95783132805,176.0,S_1973
2024-05-10 21:18:09,-83.44373,23.665878,-73.75293,102.84844,879.24994,-0.04616967,41760.75720532376,176.0,S_1973
2024-05-10 21:18:10,-83.418465,23.628174,-73.80189,102.729546,879.35925,-0.050243765,41473.77140809346,176.0,S_1973
2024-05-10 21:18:11,-83.39295,23.590698,-73.850845,102.61064,879.4296,-0.047299717,41206.44974659015,176.0,S_1973
2024-05-10 21:18:12,-83.367195,23.553482,-73.8998,102.491745,879.43146,-0.04406635,40960.61557965336,176.0,S_1973
2024-05-10 21:18:13,-83.34119,23.516495,-73.94877,102.37284,879.40924,-0.04237236,40726.179390240235,176.0,S_1973
2024-05-10 21:18:14,-83.31493,23.479736,-73.99773,102.253944,879.4037,-0.041021176,40500.812773492566,176.0,S_1973
2024-05-10 21:18:15,-83.28844,23.443237,-74.046684,102.13504,879.40924,-0.039075736,40283.6774426685,176.0,S_1973
2024-05-10 21:18:16,-83.26169,23.406967,-74.09564,102.00915,879.40924,-0.038814478,40048.32161589199,176.0,S_1973
2024-05-10 21:18:17,-83.23469,23.370941,-74.151596,101.89025,879.40924,-0.03861111,39838.894094817406,176.0,S_1973
2024-05-10 21:18:18,-83.20744,23.33516,-74.200554,101.76436,879.4111,-0.040480327,39613.886700062285,176.0,S_1973
2024-05-10 21:18:19,-83.179955,23.299622,-74.24951,101.63846,879.40924,-0.045527816,39360.87167061142,176.0,S_1973
2024-05-10 21:18:20,-83.15222,23.264313,-74.29847,101.51956,879.3944,-0.04088209,39132.728350744925,176.0,S_1973
2024-05-10 21:18:21,-83.12424,23.229248,-74.34743,101.39367,879.40735,-0.04048802,38908.28750439054,176.0,S_1973
2024-05-10 21:18:22,-83.096,23.194427,-74.396385,101.26778,879.4777,-0.04050477,38683.90410582734,176.0,S_1973
2024-05-10 21:18:23,-83.06752,23.159851,-74.44535,101.14188,879.5685,-0.04190253,38471.15043124267,176.0,S_1973
2024-05-10 21:18:24,-83.038795,23.125519,-74.48731,101.008995,879.6167,-0.04255901,38256.969944986195,176.0,S_1973
2024-05-10 21:18:25,-83.00982,23.091415,-74.529274,100.883095,879.61115,-0.038812388,38040.25390324522,176.0,S_1973
2024-05-10 21:18:26,-82.9806,23.057556,-74.57823,100.7572,879.6,-0.038894262,37827.27493166934,176.0,S_1973
2024-05-10 21:18:27,-82.95113,23.023941,-74.6272,100.63131,879.6,-0.039792098,37603.86043687896,176.0,S_1973
2024-05-10 21:18:28,-82.92142,22.99057,-74.676155,100.49842,879.6037,-0.03662668,37402.81273033561,176.0,S_1973
2024-05-10 21:18:29,-82.89146,22.957428,-74.72511,100.36553,879.6037,-0.03600506,37206.13218779068,176.0,S_1973
2024-05-10 21:18:30,-82.861244,22.924545,-74.77407,100.23264,879.6018,-0.039693438,36959.104245946284,176.0,S_1973
2024-05-10 21:18:31,-82.83079,22.891891,-74.830025,100.099754,879.6,-0.039927013,36770.469793101765,176.0,S_1973
2024-05-10 21:18:32,-82.80009,22.859482,-74.87199,99.97386,879.6037,-0.0382847,36572.830757414784,176.0,S_1973
2024-05-10 21:18:33,-82.769135,22.827301,-74.913956,99.83398,879.60925,-0.037449457,36364.02541251683,176.0,S_1973
2024-05-10 21:18:34,-82.73794,22.79538,-74.96291,99.701096,879.6037,-0.03857156,36151.091287428484,176.0,S_1973
2024-05-10 21:18:35,-82.70649,22.763687,-75.01187,99.56821,879.5833,-0.03969366,35926.19087718391,176.0,S_1973
2024-05-10 21:18:36,-82.6748,22.732239,-75.06083,99.42832,879.6,-0.03805855,35736.742790989265,176.0,S_1973
2024-05-10 21:18:37,-82.64285,22.701035,-75.10279,99.28844,879.69446,-0.037759013,35526.60849406326,176.0,S_1973
2024-05-10 21:18:38,-82.61067,22.67006,-75.15176,99.15555,879.79443,-0.03663841,35345.50392596605,176.0,S_1973
2024-05-10 21:18:39,-82.57823,22.639328,-75.19372,99.01567,879.8185,-0.038880575,35098.74281128075,176.0,S_1973
2024-05-10 21:18:40,-82.545555,22.608856,-75.24967,98.875786,879.7981,-0.04105487,34865.75508975036,176.0,S_1973
2024-05-10 21:18:41,-82.51262,22.578598,-75.29863,98.72891,879.7908,-0.041485753,34631.82746970659,176.0,S_1973
2024-05-10 21:18:42,-82.47945,22.5486,-75.34759,98.58903,879.79443,-0.03654503,34453.07444428025,176.0,S_1973
2024-05-10 21:18:43,-82.44602,22.518845,-75.38955,98.44914,879.7981,-0.03840401,34259.15126399984,176.0,S_1973
2024-05-10 21:18:44,-82.41235,22.489319,-75.43152,98.309265,879.7981,-0.040290195,34024.39869404331,176.0,S_1973
2024-05-10 21:18:45,-82.37843,22.460037,-75.48048,98.162384,879.7981,-0.042797785,33777.58088140952,176.0,S_1973
2024-05-10 21:18:46,-82.34427,22.431,-75.529434,98.01551,879.7981,-0.042669725,33531.905270190924,176.0,S_1973
2024-05-10 21:18:47,-82.30985,22.402191,-75.57839,97.86864,879.7981,-0.041231833,33321.328270361955,176.0,S_1973
2024-05-10 21:18:48,-82.2752,22.373642,-75.62036,97.721756,879.7963,-0.039760537,33116.23651037225,176.0,S_1973
2024-05-10 21:18:49,-82.24029,22.345322,-75.66232,97.57488,879.8,-0.037234947,32927.02563579265,176.0,S_1973
2024-05-10 21:18:50,-82.20513,22.317245,-75.704285,97.428,879.8037,-0.038722936,32700.689547144553,176.0,S_1973
2024-05-10 21:18:51,-82.16973,22.289398,-75.75325,97.27413,879.7889,-0.035425395,32506.27472720371,176.0,S_1973
2024-05-10 21:18:52,-82.13409,22.26181,-75.80221,97.12726,879.7704,-0.035737615,32309.079644877234,176.0,S_1973
2024-05-10 21:18:53,-82.09819,22.234451,-75.851166,96.980385,879.79443,-0.03514135,32133.22372491346,176.0,S_1973
2024-05-10 21:18:54,-82.06205,22.207336,-75.89313,96.82651,879.89264,-0.035098482,31933.72587039899,176.0,S_1973
2024-05-10 21:18:55,-82.02566,22.180466,-75.942085,96.67264,879.98895,-0.03770871,31743.068621451195,176.0,S_1973
2024-05-10 21:18:56,-81.98902,22.15384,-75.984055,96.51877,880.0111,-0.038207248,31545.698764209912,176.0,S_1973
2024-05-10 21:18:57,-81.95213,22.127441,-76.02602,96.3649,879.9926,-0.037137017,31328.544801764532,176.0,S_1973
2024-05-10 21:18:58,-81.915,22.101288,-76.074974,96.20403,879.98706,-0.03130043,31160.58105559289,176.0,S_1973
2024-05-10 21:18:59,-81.877625,22.075378,-76.12393,96.05016,879.9926,-0.032311715,30981.335194634226,176.0,S_1973
2024-05-10 21:19:00,-81.84,22.049713,-76.17289,95.8893,879.99445,-0.038403336,30783.68693648227,176.0,S_1973
2024-05-10 21:19:01,-81.796715,22.027359,-76.21486,95.72843,879.9926,-0.03400336,30614.634441288086,176.0,S_1973
2024-05-10 21:19:02,-81.75337,22.005142,-76.25682,95.57456,879.9926,-0.032574926,30449.76727419007,176.0,S_1973
2024-05-10 21:19:03,-81.70996,21.983047,-76.29879,95.413704,879.9926,-0.033037238,30259.51189970345,176.0,S_1973
2024-05-10 21:19:04,-81.66649,21.961105,-76.34775,95.24584,879.9926,-0.03600011,30078.95562227306,176.0,S_1973
2024-05-10 21:19:05,-81.62295,21.9393,-76.38971,95.08498,879.9907,-0.033745967,29904.019129712622,176.0,S_1973
2024-05-10 21:19:06,-81.579346,21.917618,-76.43168,94.91712,879.99445,-0.03188627,29726.939632346694,176.0,S_1973
2024-05-10 21:19:07,-81.53568,21.896088,-76.48064,94.756256,879.99634,-0.032272197,29565.709676099512,176.0,S_1973
2024-05-10 21:19:08,-81.49195,21.87468,-76.5226,94.588394,879.98517,-0.032658122,29399.350334567956,176.0,S_1973
2024-05-10 21:19:09,-81.44816,21.853424,-76.56456,94.42054,879.9778,-0.033223644,29229.57069412404,176.0,S_1973
2024-05-10 21:19:10,-81.404305,21.83229,-76.60653,94.25268,880.0204,-0.034696434,29030.073057881884,176.0,S_1973
2024-05-10 21:19:11,-81.36038,21.81131,-76.65549,94.084816,880.1093,-0.036155093,28845.81456839815,176.0,S_1973
2024-05-10 21:19:12,-81.3164,21.790451,-76.69745,93.91696,880.18524,-0.034921896,28661.64725436459,176.0,S_1973
2024-05-10 21:19:13,-81.27235,21.76973,-76.73942,93.7421,880.2019,-0.035489254,28454.18412865393,176.0,S_1973
2024-05-10 21:19:14,-81.22823,21.74916,-76.788376,93.56725,880.1871,-0.03374395,28282.71891758124,176.0,S_1973
2024-05-10 21:19:15,-81.18406,21.728714,-76.83034,93.3924,880.18335,-0.03389433,28110.945663524144,176.0,S_1973
2024-05-10 21:19:16,-81.13982,21.708405,-76.87231,93.22454,880.1871,-0.03404471,27933.529224828555,176.0,S_1973
2024-05-10 21:19:17,-81.09551,21.688232,-76.91427,93.04969,880.18896,-0.032556277,27743.97395064117,176.0,S_1973
2024-05-10 21:19:18,-81.05115,21.668213,-76.96323,92.86784,880.1871,-0.031726968,27587.254681782433,176.0,S_1973
2024-05-10 21:19:19,-81.006714,21.648315,-77.005196,92.69299,880.1871,-0.033274177,27412.365530817817,176.0,S_1973
2024-05-10 21:19:20,-80.96222,21.628555,-77.04716,92.51115,880.1871,-0.029810952,27243.86313159838,176.0,S_1973
2024-05-10 21:19:21,-80.917656,21.608932,-77.096115,92.3293,880.1871,-0.033996396,27069.19947715552,176.0,S_1973
2024-05-10 21:19:22,-80.87304,21.589447,-77.138084,92.147446,880.1871,-0.033692475,26893.226334845756,176.0,S_1973
2024-05-10 21:19:23,-80.82835,21.570099,-77.180046,91.9656,880.1871,-0.037393793,26671.642614370816,176.0,S_1973
2024-05-10 21:19:24,-80.7836,21.550873,-77.229004,91.78375,880.18524,-0.035143346,26504.653609918794,176.0,S_1973
2024-05-10 21:19:25,-80.738785,21.5318,-77.26398,91.59492,880.18896,-0.037486043,26302.17966921581,176.0,S_1973
2024-05-10 21:19:26,-80.6939,21.512863,-77.30594,91.41307,880.1926,-0.037953306,26095.09647881377,176.0,S_1973
2024-05-10 21:19:27,-80.64896,21.494064,-77.34791,91.22423,880.1778,-0.038730018,25884.08418339921,176.0,S_1973
2024-05-10 21:19:28,-80.60395,21.475403,-77.38987,91.035385,880.1686,-0.039506726,25663.53005002107,176.0,S_1973
2024-05-10 21:19:29,-80.55888,21.456863,-77.43183,90.83955,880.2241,-0.039062813,25429.205841154162,176.0,S_1973
2024-05-10 21:19:30,-80.51375,21.438477,-77.48079,90.65071,880.3334,-0.034078322,25253.052848493084,176.0,S_1973
2024-05-10 21:19:31,-80.46855,21.420227,-77.52276,90.46187,880.40375,-0.036401566,25078.00313599052,176.0,S_1973
2024-05-10 21:19:32,-80.42329,21.4021,-77.55773,90.273026,880.40564,-0.03645295,24875.679836792206,176.0,S_1973
2024-05-10 21:19:33,-80.37796,21.384125,-77.59969,90.077194,880.38336,-0.035025086,24687.38717121153,176.0,S_1973
2024-05-10 21:19:34,-80.33257,21.366272,-77.641655,89.881355,880.376,-0.033675082,24504.296857909587,176.0,S_1973
2024-05-10 21:19:35,-80.28712,21.348572,-77.683624,89.67853,880.3816,-0.03232508,24335.257200566408,176.0,S_1973
2024-05-10 21:19:36,-80.2416,21.330994,-77.725586,89.48269,880.38336,-0.032988288,24174.47717584952,176.0,S_1973
2024-05-10 21:19:37,-80.196014,21.313553,-77.76056,89.27986,880.3816,-0.035769634,23975.659727414095,176.0,S_1973
2024-05-10 21:19:38,-80.15037,21.296265,-77.80252,89.077034,880.3816,-0.034616858,23810.614456999952,176.0,S_1973
2024-05-10 21:19:39,-80.10466,21.279099,-77.837494,88.881195,880.3816,-0.031554498,23621.79508993488,176.0,S_1973
2024-05-10 21:19:40,-80.05888,21.26207,-77.88645,88.67837,880.3816,-0.03509218,23430.9819553848,176.0,S_1973
2024-05-10 21:19:41,-80.01305,21.245193,-77.92841,88.468544,880.3816,-0.033619512,23251.884899319055,176.0,S_1973
2024-05-10 21:19:42,-79.96715,21.22844,-77.97038,88.26572,880.3816,-0.033583455,23085.879893914866,176.0,S_1973
2024-05-10 21:19:43,-79.92118,21.211823,-78.00535,88.05589,880.3816,-0.03158444,22913.862720425583,176.0,S_1973
2024-05-10 21:19:44,-79.87515,21.195343,-78.04732,87.84607,880.3816,-0.032795984,22754.191304581997,176.0,S_1973
2024-05-10 21:19:45,-79.82906,21.179,-78.08228,87.636246,880.3816,-0.033937477,22562.902974312077,176.0,S_1973
2024-05-10 21:19:46,-79.782906,21.162796,-78.12425,87.419426,880.38336,-0.034930475,22391.40410968259,176.0,S_1973
2024-05-10 21:19:47,-79.73668,21.146729,-78.15922,87.2096,880.38525,-0.03185548,22218.60635052164,176.0,S_1973
2024-05-10 21:19:48,-79.6904,21.130798,-78.20119,86.99978,880.37415,-0.029749269,22075.183905278733,176.0,S_1973
2024-05-10 21:19:49,-79.64405,21.115005,-78.23616,86.78297,880.36676,-0.03013937,21908.27938478712,176.0,S_1973
2024-05-10 21:19:50,-79.59763,21.09935,-78.27812,86.55915,880.4093,-0.030978724,21743.453657624446,176.0,S_1973
2024-05-10 21:19:51,-79.55116,21.083817,-78.32008,86.34234,880.49817,-0.030576628,21592.67956844364,176.0,S_1973
2024-05-10 21:19:52,-79.504616,21.068436,-78.35506,86.11852,880.5741,-0.030174531,21430.64231376356,176.0,S_1973
2024-05-10 21:19:53,-79.458015,21.053192,-78.39702,85.9017,880.5908,-0.030479908,21281.056380915106,176.0,S_1973
2024-05-10 21:19:54,-79.41135,21.038086,-78.43199,85.677895,880.5779,-0.030392341,21114.599693336022,176.0,S_1973
2024-05-10 21:19:55,-79.36462,21.023102,-78.47395,85.45408,880.5723,-0.032008097,20952.765553117155,176.0,S_1973
2024-05-10 21:19:56,-79.31782,21.00827,-78.50893,85.223274,880.576,-0.031034222,20783.26035550073,176.0,S_1973
2024-05-10 21:19:57,-79.27096,20.993576,-78.550896,84.999466,880.5779,-0.027528709,20650.876082077888,176.0,S_1973
2024-05-10 21:19:58,-79.22404,20.979004,-78.58586,84.76866,880.576,-0.028716994,20494.438408728285,176.0,S_1973
2024-05-10 21:19:59,-79.17705,20.964584,-78.62783,84.53786,880.576,-0.028623592,20356.360539453177,176.0,S_1973
2024-05-10 21:20:00,-79.13,20.950287,-78.662796,84.307045,880.576,-0.028709423,20214.948296509956,176.0,S_1973
2024-05-10 21:20:01,-79.081406,20.9384,-78.69777,84.07624,880.576,-0.028795255,20069.740956247686,176.0,S_1973
2024-05-10 21:20:02,-79.03281,20.926575,-78.73274,83.83844,880.576,-0.027440377,19934.425182821597,176.0,S_1973
2024-05-10 21:20:03,-78.984184,20.914795,-78.76771,83.60064,880.576,-0.025388423,19802.824064853758,176.0,S_1973
2024-05-10 21:20:04,-78.935555,20.903091,-78.80968,83.369835,880.576,-0.026041996,19666.210739524206,176.0,S_1973
2024-05-10 21:20:05,-78.88691,20.891434,-78.85164,83.132034,880.576,-0.024864603,19548.24130578874,176.0,S_1973
2024-05-10 21:20:06,-78.83825,20.879852,-78.88661,82.887245,880.576,-0.025299637,19425.55196833532,176.0,S_1973
2024-05-10 21:20:07,-78.78957,20.868317,-78.92158,82.64245,880.576,-0.02534326,19302.78720384872,176.0,S_1973
2024-05-10 21:20:08,-78.74088,20.856857,-78.95655,82.39765,880.576,-0.02569187,19177.977677006358,176.0,S_1973
2024-05-10 21:20:09,-78.692184,20.845444,-78.99152,82.15286,880.576,-0.025600543,19053.998912910003,176.0,S_1973
2024-05-10 21:20:10,-78.64347,20.834091,-79.02649,81.908066,880.5741,-0.022598146,18949.74647899663,176.0,S_1973
2024-05-10 21:20:11,-78.59474,20.8228,-79.06146,81.66327,880.576,-0.022037057,18846.705259921397,176.0,S_1973
2024-05-10 21:20:12,-78.546,20.81157,-79.096436,81.41148,880.58154,-0.0237322,18721.883373155433,176.0,S_1973
2024-05-10 21:20:13,-78.49724,20.8004,-79.1384,81.1597,880.5779,-0.02779938,18584.937624951832,176.0,S_1973
2024-05-10 21:20:14,-78.44847,20.789291,-79.17337,80.907906,880.5575,-0.025149593,18470.537671815535,176.0,S_1973
2024-05-10 21:20:15,-78.39968,20.778244,-79.20135,80.649124,880.5741,-0.023288539,18358.932230990744,176.0,S_1973
2024-05-10 21:20:16,-78.35088,20.767258,-79.23631,80.39734,880.66864,-0.022681111,18250.73740935866,176.0,S_1973
2024-05-10 21:20:17,-78.30207,20.756317,-79.271286,80.13856,880.7686,-0.025530685,18135.496367385822,176.0,S_1973
2024-05-10 21:20:18,-78.25324,20.745453,-79.29926,79.879776,880.79083,-0.022766609,18025.221793456123,176.0,S_1973
2024-05-10 21:20:19,-78.20441,20.734634,-79.334236,79.620995,880.77234,-0.02121138,17925.63419094004,176.0,S_1973
2024-05-10 21:20:20,-78.15555,20.723892,-79.3692,79.35522,880.76306,-0.024375537,17808.606536857562,176.0,S_1973
2024-05-10 21:20:21,-78.10668,20.713196,-79.404175,79.096436,880.7686,-0.026878407,17668.22608750043,176.0,S_1973
2024-05-10 21:20:22,-78.0578,20.702576,-79.43915,78.82366,880.77234,-0.024332693,17549.915327194478,176.0,S_1973
2024-05-10 21:20:23,-78.0089,20.692001,-79.47411,78.557884,880.77234,-0.02472515,17435.78767491838,176.0,S_1973
2024-05-10 21:20:24,-77.96,20.681488,-79.50209,78.28512,880.77045,-0.025162382,17309.76911422087,176.0,S_1973
2024-05-10 21:20:25,-77.91107,20.671036,-79.53706,78.01934,880.77045,-0.025587168,17179.966769234805,176.0,S_1973
2024-05-10 21:20:26,-77.86214,20.660645,-79.57203,77.74657,880.77045,-0.028932326,17050.703462011694,176.0,S_1973
2024-05-10 21:20:27,-77.81319,20.650314,-79.59302,77.4738,880.77045,-0.032511912,16866.680312661367,176.0,S_1973
2024-05-10 21:20:28,-77.76422,20.640045,-79.62798,77.19403,880.77045,-0.028111825,16733.92274368432,176.0,S_1973
2024-05-10 21:20:29,-77.71524,20.629837,-79.65596,76.921265,880.77045,-0.027542628,16586.994743791834,176.0,S_1973
2024-05-10 21:20:30,-77.666245,20.61969,-79.69093,76.6415,880.77045,-0.026178958,16463.72848936079,176.0,S_1973
2024-05-10 21:20:31,-77.61724,20.609589,-79.71891,76.36173,880.77045,-0.026725471,16320.64509931625,176.0,S_1973
2024-05-10 21:20:32,-77.568214,20.599564,-79.75388,76.074974,880.77045,-0.027314883,16180.104246586889,176.0,S_1973
2024-05-10 21:20:33,-77.51918,20.5896,-79.78885,75.79521,880.77045,-0.024758209,16063.654656356848,176.0,S_1973
2024-05-10 21:20:34,-77.47013,20.579681,-79.816826,75.50845,880.77045,-0.024190467,15949.546776478226,176.0,S_1973
2024-05-10 21:20:35,-77.421074,20.56984,-79.8448,75.221695,880.77045,-0.023976635,15837.036035259614,176.0,S_1973
2024-05-10 21:20:36,-77.371994,20.560043,-79.87278,74.93494,880.77045,-0.023762805,15716.32563848266,176.0,S_1973
2024-05-10 21:20:37,-77.32291,20.550308,-79.90775,74.64818,880.77045,-0.02327241,15608.299339738256,176.0,S_1973
2024-05-10 21:20:38,-77.2738,20.540634,-79.93573,74.35442,880.77045,-0.021758843,15497.59391308041,176.0,S_1973
2024-05-10 21:20:39,-77.224686,20.531021,-79.970695,74.05368,880.77045,-0.022320006,15405.270262995215,176.0,S_1973
2024-05-10 21:20:40,-77.17555,20.521484,-79.99168,73.759926,880.77045,-0.022558326,15298.83963135046,176.0,S_1973
2024-05-10 21:20:41,-77.1264,20.511993,-80.01965,73.46617,880.77045,-0.022591183,15191.908471662577,176.0,S_1973
2024-05-10 21:20:42,-77.07725,20.502548,-80.04763,73.16543,880.77234,-0.023473162,15082.945034699831,176.0,S_1973
2024-05-10 21:20:43,-77.02807,20.49318,-80.07561,72.87167,880.77045,-0.022922974,14971.518296770977,176.0,S_1973
2024-05-10 21:20:44,-76.97888,20.483871,-80.103584,72.563934,880.77045,-0.023188287,14862.864755907278,176.0,S_1973
2024-05-10 21:20:45,-76.92968,20.474625,-80.13156,72.26318,880.77234,-0.023337256,14749.899334885835,176.0,S_1973
2024-05-10 21:20:46,-76.88047,20.465424,-80.15954,71.955444,880.7742,-0.023486225,14644.647607920015,176.0,S_1973
2024-05-10 21:20:47,-76.83124,20.456299,-80.18052,71.647705,880.7649,-0.024962869,14520.025110242535,176.0,S_1973
2024-05-10 21:20:48,-76.782,20.447235,-80.208496,71.33996,880.7575,-0.02607778,14387.229680963588,176.0,S_1973
2024-05-10 21:20:49,-76.732735,20.438217,-80.23647,71.02522,880.7983,-0.025265692,14263.900199456722,176.0,S_1973
2024-05-10 21:20:50,-76.683464,20.42926,-80.26445,70.71748,880.88715,-0.023346344,14149.94455614721,176.0,S_1973
2024-05-10 21:20:51,-76.634186,20.42038,-80.29243,70.40275,880.9631,-0.027285874,14010.627573452188,176.0,S_1973
2024-05-10 21:20:52,-76.584885,20.411545,-80.320404,70.08801,880.97974,-0.026906032,13874.118107538656,176.0,S_1973
2024-05-10 21:20:53,-76.53557,20.402771,-80.34838,69.77328,880.96674,-0.025640784,13754.679259753386,176.0,S_1973
2024-05-10 21:20:54,-76.486244,20.394058,-80.36936,69.45854,880.9612,-0.024975277,13634.755435870644,176.0,S_1973
2024-05-10 21:20:55,-76.436905,20.385406,-80.39034,69.13682,880.96497,-0.024669897,13509.853456458797,176.0,S_1973
2024-05-10 21:20:56,-76.38755,20.376816,-80.41832,68.81509,880.96674,-0.023887679,13389.52806289637,176.0,S_1973
2024-05-10 21:20:57,-76.33818,20.368286,-80.4463,68.48636,880.96497,-0.023102341,13285.723225751502,176.0,S_1973
2024-05-10 21:20:58,-76.2888,20.359818,-80.46728,68.164635,880.96497,-0.024062052,13173.404200932819,176.0,S_1973
2024-05-10 21:20:59,-76.2394,20.351395,-80.48826,67.8429,880.96497,-0.023304688,13063.306198999628,176.0,S_1973
2024-05-10 21:21:00,-76.189995,20.343048,-80.50925,67.51418,880.96497,-0.023260416,12951.682105703218,176.0,S_1973
2024-05-10 21:21:01,-76.14,20.335648,-80.53023,67.17846,880.96497,-0.021597924,12847.680241475042,176.0,S_1973
2024-05-10 21:21:02,-76.090004,20.328293,-80.558205,66.84974,880.96497,-0.022078663,12748.560416165474,176.0,S_1973
2024-05-10 21:21:03,-76.04002,20.320953,-80.579185,66.52102,880.96497,-0.022559403,12642.182734897062,176.0,S_1973
2024-05-10 21:21:04,-75.990036,20.313644,-80.60017,66.185295,880.96497,-0.022350976,12538.139161029874,176.0,S_1973
2024-05-10 21:21:05,-75.94006,20.306366,-80.62115,65.84958,880.96497,-0.021072883,12442.619786068077,176.0,S_1973
2024-05-10 21:21:06,-75.8901,20.299118,-80.642136,65.51386,880.96497,-0.021767307,12342.733733311012,176.0,S_1973
2024-05-10 21:21:07,-75.84013,20.2919,-80.66312,65.17815,880.96497,-0.023390789,12229.668419579386,176.0,S_1973
2024-05-10 21:21:08,-75.79018,20.284714,-80.6841,64.835434,880.96497,-0.02501427,12098.99695533725,176.0,S_1973
2024-05-10 21:21:09,-75.74022,20.277557,-80.712074,64.49272,880.96497,-0.025396682,11981.28177910093,176.0,S_1973
2024-05-10 21:21:10,-75.69027,20.270432,-80.72606,64.15001,880.96497,-0.024975121,11854.757084197496,176.0,S_1973
2024-05-10 21:21:11,-75.640335,20.263336,-80.74705,63.800304,880.96497,-0.025142254,11738.358534825427,176.0,S_1973
2024-05-10 21:21:12,-75.59039,20.256256,-80.76103,63.457596,880.96497,-0.02455693,11615.033554398324,176.0,S_1973
2024-05-10 21:21:13,-75.54047,20.249222,-80.78201,63.107887,880.96497,-0.024511892,11486.735095197728,176.0,S_1973
2024-05-10 21:21:14,-75.49054,20.242203,-80.80999,62.758183,880.96497,-0.024962315,11370.383372625409,176.0,S_1973
2024-05-10 21:21:15,-75.44062,20.23523,-80.82398,62.408478,880.96497,-0.025035206,11251.137685472517,176.0,S_1973
2024-05-10 21:21:16,-75.39071,20.228271,-80.83797,62.058773,880.96497,-0.025153995,11125.461213723145,176.0,S_1973
2024-05-10 21:21:17,-75.3408,20.22136,-80.85895,61.709064,880.96497,-0.02537141,11002.615544708096,176.0,S_1973
2024-05-10 21:21:18,-75.29089,20.214462,-80.87294,61.352367,880.96497,-0.025212731,10874.78640815903,176.0,S_1973
2024-05-10 21:21:19,-75.241,20.207596,-80.89392,60.995667,880.96497,-0.023888672,10762.69908214845,176.0,S_1973
2024-05-10 21:21:20,-75.19111,20.20076,-80.907906,60.638966,880.96497,-0.025204167,10635.305523431984,176.0,S_1973
2024-05-10 21:21:21,-75.14122,20.193954,-80.928894,60.28227,880.96497,-0.02708609,10502.847438819445,176.0,S_1973
2024-05-10 21:21:22,-75.09134,20.18718,-80.94288,59.925568,880.96497,-0.029203217,10352.31557498558,176.0,S_1973
2024-05-10 21:21:23,-75.041466,20.180435,-80.95686,59.561874,880.96497,-0.029951233,10191.06057167436,176.0,S_1973
2024-05-10 21:21:24,-74.99159,20.173721,-80.97785,59.198177,880.96497,-0.028851736,10045.10044771112,176.0,S_1973
2024-05-10 21:21:25,-74.941734,20.167038,-80.99184,58.834484,880.96497,-0.030258652,9889.116783583908,176.0,S_1973
2024-05-10 21:21:26,-74.89188,20.160385,-81.00583,58.47079,880.96497,-0.034605805,9704.929454185774,176.0,S_1973
2024-05-10 21:21:27,-74.84202,20.153763,-81.01981,58.107098,880.96497,-0.034205213,9519.53774754439,176.0,S_1973
2024-05-10 21:21:28,-74.792175,20.147156,-81.033806,57.73641,880.96497,-0.033403,9345.06290363086,176.0,S_1973
2024-05-10 21:21:29,-74.74233,20.140594,-81.040794,57.365723,880.96497,-0.034313265,9163.279534022986,176.0,S_1973
2024-05-10 21:21:30,-74.6925,20.134064,-81.05479,57.002026,880.96497,-0.036242526,8964.991319563538,176.0,S_1973
2024-05-10 21:21:31,-74.64266,20.127548,-81.06877,56.63134,880.96497,-0.03559941,8763.981225518692,176.0,S_1973
2024-05-10 21:21:32,-74.59284,20.121063,-81.08975,56.26065,880.96497,-0.0349563,8576.335090862842,176.0,S_1973
2024-05-10 21:21:33,-74.54302,20.114624,-81.103745,55.889965,880.96497,-0.036448374,8378.359075898778,176.0,S_1973
2024-05-10 21:21:34,-74.49321,20.1082,-81.11773,55.519276,880.96497,-0.03639547,8181.650619761676,176.0,S_1973
2024-05-10 21:21:35,-74.4434,20.101807,-81.124725,55.141594,880.96497,-0.033424977,8000.094806524023,176.0,S_1973
2024-05-10 21:21:36,-74.39359,20.095444,-81.13872,54.763912,880.96497,-0.030809626,7841.074233687017,176.0,S_1973
2024-05-10 21:21:37,-74.343796,20.089111,-81.145706,54.38623,880.96497,-0.028379142,7696.881066195943,176.0,S_1973
2024-05-10 21:21:38,-74.29401,20.08281,-81.1597,54.01554,880.96497,-0.027710821,7553.826549483383,176.0,S_1973
2024-05-10 21:21:39,-74.244225,20.076538,-81.17368,53.63786,880.96497,-0.027747063,7415.239307579097,176.0,S_1973
2024-05-10 21:21:40,-74.19444,20.070297,-81.18068,53.260178,880.96497,-0.029428499,7265.269237952649,176.0,S_1973
2024-05-10 21:21:41,-74.14467,20.064087,-81.187675,52.882496,880.96497,-0.030291539,7109.78038908742,176.0,S_1973
2024-05-10 21:21:42,-74.094894,20.057907,-81.194664,52.50481,880.96497,-0.030328626,6950.549297353493,176.0,S_1973
2024-05-10 21:21:43,-74.045135,20.051758,-81.20166,52.120136,880.96497,-0.029024808,6800.804355368702,176.0,S_1973
2024-05-10 21:21:44,-73.99538,20.045624,-81.20866,51.73546,880.96497,-0.027549965,6660.395519018057,176.0,S_1973
2024-05-10 21:21:45,-73.945625,20.039536,-81.22264,51.357777,880.96497,-0.027680658,6519.387674552418,176.0,S_1973
2024-05-10 21:21:46,-73.895874,20.033463,-81.22964,50.973103,880.96497,-0.028196447,6375.490363419129,176.0,S_1973
2024-05-10 21:21:47,-73.84613,20.027435,-81.23663,50.588425,880.96497,-0.028519714,6230.797856397039,176.0,S_1973
2024-05-10 21:21:48,-73.796394,20.021423,-81.23663,50.20375,880.96497,-0.02915696,6080.390093146307,176.0,S_1973
2024-05-10 21:21:49,-73.746666,20.015457,-81.24363,49.819073,880.96497,-0.029113693,5930.581903152524,176.0,S_1973
2024-05-10 21:21:50,-73.69694,20.009506,-81.25062,49.434395,880.96497,-0.027330969,5788.887852610678,176.0,S_1973
2024-05-10 21:21:51,-73.647224,20.003586,-81.26461,49.04972,880.96497,-0.027335573,5647.948738190702,176.0,S_1973
2024-05-10 21:21:52,-73.59751,19.997696,-81.2716,48.65805,880.96497,-0.027136816,5513.419740344463,176.0,S_1973
2024-05-10 21:21:53,-73.5478,19.991837,-81.2716,48.273373,880.96497,-0.02682559,5380.059899215783,176.0,S_1973
2024-05-10 21:21:54,-73.4981,19.986008,-81.2716,47.8887,880.96497,-0.026928168,5242.826835671593,176.0,S_1973
2024-05-10 21:21:55,-73.4484,19.98021,-81.2716,47.49703,880.96497,-0.028717078,5096.597915257167,176.0,S_1973
2024-05-10 21:21:56,-73.398705,19.974442,-81.278595,47.11235,880.96497,-0.028011803,4951.012424935288,176.0,S_1973
2024-05-10 21:21:57,-73.34902,19.968704,-81.28559,46.72068,880.96497,-0.02737356,4813.718707471613,176.0,S_1973
2024-05-10 21:21:58,-73.29934,19.962997,-81.29259,46.336002,880.96497,-0.027708577,4674.7605957078995,176.0,S_1973
2024-05-10 21:21:59,-73.249664,19.957306,-81.29259,45.95133,880.96497,-0.026426146,4541.099356796214,176.0,S_1973
2024-05-10 21:22:00,-73.2,19.95166,-81.29259,45.559658,880.96497,-0.02627691,4409.156769692454,176.0,S_1973
2024-05-10 21:22:01,-73.15033,19.946243,-81.29259,45.167988,880.96497,-0.025288079,4283.739260897833,176.0,S_1973
2024-05-10 21:22:02,-73.10068,19.940842,-81.29259,44.776318,880.96497,-0.024299247,4167.718107770081,176.0,S_1973
2024-05-10 21:22:03,-73.051025,19.93547,-81.29259,44.39164,880.96497,-0.024200289,4050.4975310659065,176.0,S_1973
2024-05-10 21:22:04,-73.00137,19.930115,-81.299576,44.006966,880.96497,-0.025122408,3924.0562896372576,176.0,S_1973
2024-05-10 21:22:05,-72.95174,19.924774,-81.30657,43.615295,880.96497,-0.024488859,3803.6767997811476,176.0,S_1973
2024-05-10 21:22:06,-72.9021,19.91948,-81.30657,43.22362,880.96497,-0.024294702,3683.7000183872588,176.0,S_1973
2024-05-10 21:22:07,-72.85246,19.914185,-81.299576,42.83195,880.96497,-0.023882028,3569.549017590878,176.0,S_1973
2024-05-10 21:22:08,-72.80284,19.90892,-81.29259,42.447277,880.96497,-0.022953112,3459.0593063753986,176.0,S_1973
2024-05-10 21:22:09,-72.75322,19.903687,-81.29259,42.055607,880.96497,-0.020813806,3363.0168009462213,176.0,S_1973
2024-05-10 21:22:10,-72.703606,19.898468,-81.29259,41.663937,880.96497,-0.021049201,3267.8631622201137,176.0,S_1973
2024-05-10 21:22:11,-72.654,19.89328,-81.29259,41.27926,880.96497,-0.021081602,3168.1951503837045,176.0,S_1973
2024-05-10 21:22:12,-72.60439,19.888107,-81.28559,40.88759,880.96497,-0.02443768,3050.1776698771137,176.0,S_1973
2024-05-10 21:22:13,-72.5548,19.88295,-81.278595,40.502914,880.96497,-0.022889772,2939.8856274637656,176.0,S_1973
2024-05-10 21:22:14,-72.50521,19.877823,-81.278595,40.111244,880.96497,-0.02354195,2828.157380729157,176.0,S_1973
2024-05-10 21:22:15,-72.45562,19.872726,-81.278595,39.726566,880.96497,-0.023773577,2711.3120182461425,176.0,S_1973
2024-05-10 21:22:16,-72.406044,19.867645,-81.278595,39.334896,880.96497,-0.022630956,2604.303258990971,176.0,S_1973
2024-05-10 21:22:17,-72.35647,19.862595,-81.2716,38.95022,880.96497,-0.023437567,2489.083440246439,176.0,S_1973
2024-05-10 21:22:18,-72.30689,19.85756,-81.26461,38.558548,880.96497,-0.023513762,2376.7508496485752,176.0,S_1973
2024-05-10 21:22:19,-72.25733,19.85254,-81.257614,38.173874,880.96497,-0.023191385,2266.824496805042,176.0,S_1973
2024-05-10 21:22:20,-72.20777,19.84755,-81.257614,37.789196,880.96497,-0.02286901,2157.035234613584,176.0,S_1973
2024-05-10 21:22:21,-72.15822,19.84259,-81.25062,37.404522,880.96497,-0.023918625,2041.042212172164,176.0,S_1973
2024-05-10 21:22:22,-72.10867,19.837646,-81.24363,37.019844,880.96497,-0.024212223,1924.1790688772671,176.0,S_1973
2024-05-10 21:22:23,-72.059135,19.832718,-81.24363,36.635166,880.96497,-0.024123088,1802.3925853550827,176.0,S_1973
2024-05-10 21:22:24,-72.0096,19.82782,-81.22964,36.250492,880.96497,-0.024033953,1689.060793884637,176.0,S_1973
2024-05-10 21:22:25,-71.96007,19.822952,-81.22264,35.87281,880.96497,-0.023161612,1573.6049330784808,176.0,S_1973
2024-05-10 21:22:26,-71.91054,19.8181,-81.20866,35.488132,880.96497,-0.02339209,1462.5358054667158,176.0,S_1973
2024-05-10 21:22:27,-71.86102,19.813263,-81.20866,35.10346,880.96497,-0.023402423,1350.9395525315995,176.0,S_1973
2024-05-10 21:22:28,-71.81151,19.808456,-81.20166,34.725777,880.96497,-0.023300687,1240.1841978642478,176.0,S_1973
2024-05-10 21:22:29,-71.762,19.80368,-81.194664,34.34809,880.96497,-0.022498956,1128.7195075061682,176.0,S_1973
2024-05-10 21:22:30,-71.712494,19.79892,-81.18068,33.963417,880.96497,-0.023865048,1015.8113372362277,176.0,S_1973
2024-05-10 21:22:31,-71.663,19.794174,-81.17368,33.585735,880.96497,-0.025231138,888.4297328222383,176.0,S_1973
2024-05-10 21:22:32,-71.61351,19.78946,-81.1597,33.208054,880.96497,-0.025697108,762.5224190007502,176.0,S_1973
2024-05-10 21:22:33,-71.56402,19.78476,-81.1527,32.83037,880.96497,-0.025831368,630.7554356767214,176.0,S_1973
2024-05-10 21:22:34,-71.51454,19.78009,-81.13872,32.452686,880.96497,-0.02740275,489.48707405074674,176.0,S_1973
2024-05-10 21:22:35,-71.465065,19.775452,-81.124725,32.075005,880.96497,-0.027969755,351.4730957602442,176.0,S_1973
2024-05-10 21:22:36,-71.415596,19.770828,-81.11773,31.704317,880.96497,-0.02801653,206.97869102330878,176.0,S_1973
2024-05-10 21:22:37,-71.366135,19.76622,-81.103745,31.33363,880.96497,-0.028516833,64.3329718446912,176.0,S_1973
2024-05-10 21:22:38,-71.31667,19.761642,-81.09675,30.962942,880.96497,-0.027139263,-74.79439226222166,176.0,S_1973
2024-05-10 21:22:39,-71.26722,19.75708,-81.08276,30.592255,880.96497,-0.025239466,-203.19728269239567,176.0,S_1973
2024-05-10 21:22:40,-71.21777,19.752548,-81.06877,30.214571,880.96497,-0.024293533,-321.8428181874042,176.0,S_1973
2024-05-10 21:22:41,-71.168335,19.748047,-81.05479,29.843884,880.96497,-0.024998171,-448.9557723235048,176.0,S_1973
2024-05-10 21:22:42,-71.1189,19.743546,-81.033806,29.48019,880.96497,-0.02570281,-574.392084382831,176.0,S_1973
2024-05-10 21:22:43,-71.069466,19.73909,-81.01981,29.116495,880.96497,-0.02425355,-691.5093179172036,176.0,S_1973
2024-05-10 21:22:44,-71.02004,19.73465,-81.01282,28.745808,880.96497,-0.023446966,-804.850353231639,176.0,S_1973
2024-05-10 21:22:45,-70.97062,19.730225,-80.99883,28.382114,880.96497,-0.024244051,-922.7923764911757,176.0,S_1973
2024-05-10 21:22:46,-70.9212,19.72583,-80.98484,28.01842,880.96497,-0.025041135,-1051.9462151703337,176.0,S_1973
2024-05-10 21:22:47,-70.871796,19.72145,-80.96386,27.654726,880.96497,-0.024345152,-1169.4168945915299,176.0,S_1973
2024-05-10 21:22:48,-70.822395,19.717102,-80.949875,27.291033,880.96497,-0.023762174,-1282.070169940649,176.0,S_1973
2024-05-10 21:22:49,-70.772995,19.712769,-80.93588,26.934332,880.96497,-0.024888305,-1408.7512320539317,176.0,S_1973
2024-05-10 21:22:50,-70.72361,19.708466,-80.9149,26.577633,880.96497,-0.023839876,-1526.961013825996,176.0,S_1973
2024-05-10 21:22:51,-70.67422,19.704178,-80.89392,26.220932,880.96497,-0.022358624,-1630.2480828652551,176.0,S_1973
2024-05-10 21:22:52,-70.62484,19.69992,-80.87993,25.864233,880.96674,-0.021654245,-1730.8899640090312,176.0,S_1973
2024-05-10 21:22:53,-70.57546,19.695679,-80.865944,25.507532,880.96674,-0.02041855,-1823.6687537067482,176.0,S_1973
2024-05-10 21:22:54,-70.52609,19.691467,-80.85196,25.150833,880.9612,-0.021369753,-1925.3122669832155,176.0,S_1973
2024-05-10 21:22:55,-70.47673,19.687271,-80.83097,24.801128,880.96497,-0.021595884,-2027.5630480339678,176.0,S_1973
2024-05-10 21:22:56,-70.427376,19.683105,-80.80999,24.451422,880.97974,-0.021973742,-2132.561918537176,176.0,S_1973
2024-05-10 21:22:57,-70.37802,19.678955,-80.78901,24.101717,880.9686,-0.021600284,-2232.7696033937536,176.0,S_1973
2024-05-10 21:22:58,-70.328674,19.674835,-80.76803,23.759005,880.89636,-0.021198226,-2328.8037578066796,176.0,S_1973
2024-05-10 21:22:59,-70.279335,19.67073,-80.754036,23.409298,880.8056,-0.021835566,-2432.9041926881764,176.0,S_1973
2024-05-10 21:23:00,-70.229996,19.666656,-80.733055,23.066587,880.7575,-0.021950709,-2539.339402084115,176.0,S_1973
2024-05-10 21:23:01,-70.18058,19.662888,-80.712074,22.71688,880.76306,-0.021063725,-2634.3546856633548,176.0,S_1973
2024-05-10 21:23:02,-70.13118,19.65915,-80.69109,22.381165,880.7742,-0.021744167,-2732.877282948495,176.0,S_1973
2024-05-10 21:23:03,-70.08179,19.65541,-80.6771,22.038452,880.7742,-0.021564035,-2836.8570250080957,176.0,S_1973
2024-05-10 21:23:04,-70.032394,19.651688,-80.65612,21.695742,880.77045,-0.022012698,-2939.380337199378,176.0,S_1973
2024-05-10 21:23:05,-69.98302,19.64798,-80.63514,21.360023,880.77045,-0.021612443,-3040.231935176482,176.0,S_1973
2024-05-10 21:23:06,-69.93365,19.644272,-80.61416,21.024305,880.77045,-0.021948854,-3150.5457330416684,176.0,S_1973
2024-05-10 21:23:07,-69.884285,19.640594,-80.58618,20.68859,880.77045,-0.022586038,-3256.1707341373112,176.0,S_1973
2024-05-10 21:23:08,-69.83493,19.636917,-80.56519,20.35287,880.77045,-0.023399001,-3366.7505861397076,176.0,S_1973
2024-05-10 21:23:09,-69.78558,19.633255,-80.54421,20.024147,880.77045,-0.02333517,-3477.88048993914,176.0,S_1973
2024-05-10 21:23:10,-69.736244,19.629608,-80.52323,19.695425,880.77045,-0.023264708,-3596.323804788837,176.0,S_1973
2024-05-10 21:23:11,-69.68692,19.625977,-80.495255,19.366701,880.77045,-0.02352401,-3714.586200296377,176.0,S_1973
2024-05-10 21:23:12,-69.637596,19.62236,-80.46728,19.037977,880.77045,-0.02308361,-3819.914818022371,176.0,S_1973
2024-05-10 21:23:13,-69.58829,19.618744,-80.4463,18.716248,880.77045,-0.022350429,-3926.4820177366346,176.0,S_1973
2024-05-10 21:23:14,-69.53898,19.615158,-80.425316,18.387526,880.77045,-0.020733567,-4026.249163894565,176.0,S_1973
2024-05-10 21:23:15,-69.489685,19.611572,-80.39734,18.065796,880.77045,-0.0190496,-4113.241228040286,176.0,S_1973
2024-05-10 21:23:16,-69.4404,19.608002,-80.36936,17.744066,880.77045,-0.021190628,-4205.518387897071,176.0,S_1973
2024-05-10 21:23:17,-69.39112,19.604446,-80.34838,17.42933,880.77045,-0.020461468,-4298.966089446534,176.0,S_1973
2024-05-10 21:23:18,-69.34185,19.600906,-80.3274,17.107603,880.77045,-0.01972863,-4391.263677912975,176.0,S_1973
2024-05-10 21:23:19,-69.29259,19.597366,-80.29942,16.792868,880.77045,-0.020582458,-4487.7989318283,176.0,S_1973
2024-05-10 21:23:20,-69.24333,19.593857,-80.27145,16.478132,880.77045,-0.020326521,-4580.483438958152,176.0,S_1973
2024-05-10 21:23:21,-69.194084,19.590347,-80.24347,16.170391,880.77045,-0.0197527,-4666.161290092547,176.0,S_1973
2024-05-10 21:23:22,-69.144844,19.586853,-80.22249,15.855656,880.77045,-0.019939758,-4759.200537441211,176.0,S_1973
2024-05-10 21:23:23,-69.09562,19.583374,-80.19451,15.5479145,880.77045,-0.020862803,-4856.797533852274,176.0,S_1973
2024-05-10 21:23:24,-69.046394,19.57991,-80.166534,15.240174,880.77045,-0.021698788,-4960.205433014598,176.0,S_1973
2024-05-10 21:23:25,-68.997185,19.576447,-80.13856,14.932433,880.77234,-0.020946689,-5056.3805924431,176.0,S_1973
2024-05-10 21:23:26,-68.94798,19.573013,-80.11058,14.631686,880.77234,-0.02105996,-5154.240404503042,176.0,S_1973
2024-05-10 21:23:27,-68.89879,19.56958,-80.0826,14.330939,880.7686,-0.021935485,-5258.107185016655,176.0,S_1973
2024-05-10 21:23:28,-68.849594,19.566162,-80.05463,14.030192,880.7667,-0.022805987,-5367.9745350848025,176.0,S_1973
2024-05-10 21:23:29,-68.800415,19.56276,-80.02665,13.729445,880.77966,-0.023120005,-5469.584982972578,176.0,S_1973
2024-05-10 21:23:30,-68.75125,19.559372,-80.00567,13.435693,880.80005,-0.023164034,-5585.672828339782,176.0,S_1973
2024-05-10 21:23:31,-68.70209,19.555984,-79.97769,13.134946,880.7742,-0.021038748,-5690.68496685494,176.0,S_1973
2024-05-10 21:23:32,-68.65293,19.552628,-79.94272,12.841193,880.67786,-0.018764537,-5778.163626303081,176.0,S_1973
2024-05-10 21:23:33,-68.60378,19.54927,-79.90775,12.547441,880.5797,-0.017086647,-5845.170829553223,176.0,S_1973
2024-05-10 21:23:34,-68.55465,19.545929,-79.879776,12.260681,880.5575,-0.017383482,-5917.6927224284955,176.0,S_1973
2024-05-10 21:23:35,-68.505516,19.542603,-79.8518,11.973923,880.576,-0.017791273,-5993.03696857296,176.0,S_1973
2024-05-10 21:23:36,-68.4564,19.539291,-79.82382,11.687164,880.58154,-0.018743781,-6077.016128242663,176.0,S_1973
2024-05-10 21:23:37,-68.40729,19.535995,-79.795845,11.393412,880.576,-0.019323464,-6161.99827425371,176.0,S_1973
2024-05-10 21:23:38,-68.358185,19.5327,-79.76787,11.106652,880.5741,-0.018253453,-6238.722689146547,176.0,S_1973
2024-05-10 21:23:39,-68.30908,19.529434,-79.73989,10.826888,880.576,-0.016639374,-6312.9762739319485,176.0,S_1973
2024-05-10 21:23:40,-68.259995,19.526169,-79.70492,10.547124,880.576,-0.016051877,-6380.558913783512,176.0,S_1973
2024-05-10 21:23:41,-68.21092,19.522919,-79.66995,10.267359,880.576,-0.01666648,-6443.563542008189,176.0,S_1973
2024-05-10 21:23:42,-68.16185,19.519684,-79.641975,9.994589,880.576,-0.018317476,-6530.571876696529,176.0,S_1973
2024-05-10 21:23:43,-68.112785,19.516464,-79.607,9.714824,880.576,-0.0184626,-6613.076166209343,176.0,S_1973
2024-05-10 21:23:44,-68.06373,19.513245,-79.57203,9.442054,880.576,-0.0179407,-6685.395153028287,176.0,S_1973
2024-05-10 21:23:45,-68.01469,19.51004,-79.54406,9.169283,880.576,-0.017912995,-6768.185517283273,176.0,S_1973
2024-05-10 21:23:46,-67.965645,19.506866,-79.50909,8.896513,880.576,-0.01741497,-6842.831841557294,176.0,S_1973
2024-05-10 21:23:47,-67.91662,19.503693,-79.47411,8.630736,880.576,-0.016916946,-6909.9257849725545,176.0,S_1973
2024-05-10 21:23:48,-67.8676,19.500534,-79.44614,8.357966,880.576,-0.0162574,-6980.140039123748,176.0,S_1973
2024-05-10 21:23:49,-67.81859,19.497375,-79.41117,8.09219,880.576,-0.017374877,-7048.380190569282,176.0,S_1973
2024-05-10 21:23:50,-67.769585,19.494247,-79.383194,7.826413,880.576,-0.01863144,-7133.434329410964,176.0,S_1973
2024-05-10 21:23:51,-67.72059,19.49112,-79.34822,7.5676312,880.5779,-0.018713988,-7219.096315186194,176.0,S_1973
2024-05-10 21:23:52,-67.6716,19.488022,-79.31325,7.3018546,880.576,-0.019165304,-7296.860288720076,176.0,S_1973
2024-05-10 21:23:53,-67.62262,19.484924,-79.28527,7.0430727,880.5723,-0.020436456,-7395.212785338226,176.0,S_1973
2024-05-10 21:23:54,-67.57365,19.481842,-79.250305,6.7842903,880.576,-0.022812894,-7515.193885938221,176.0,S_1973
2024-05-10 21:23:55,-67.52469,19.47876,-79.208336,6.532502,880.5945,-0.023148298,-7626.685373468368,176.0,S_1973
2024-05-10 21:23:56,-67.47573,19.475708,-79.17337,6.2737203,880.5797,-0.021592863,-7727.903239508836,176.0,S_1973
2024-05-10 21:23:57,-67.42679,19.472672,-79.1384,6.021932,880.4871,-0.020037428,-7811.129805652556,176.0,S_1973
2024-05-10 21:23:58,-67.377846,19.469635,-79.11042,5.770144,880.38525,-0.019869579,-7905.233404356062,176.0,S_1973
2024-05-10 21:23:59,-67.32892,19.466614,-79.07545,5.518356,880.35376,-0.02023293,-8006.49154434463,176.0,S_1973
2024-05-10 21:24:00,-67.28,19.463608,-79.033485,5.273562,880.3704,-0.020118224,-8088.457130447125,176.0,S_1973
2024-05-10 21:24:01,-67.23109,19.4608,-79.00551,5.021774,880.3871,-0.019781593,-8180.3104610945375,176.0,S_1973
2024-05-10 21:24:02,-67.18218,19.458008,-78.970535,4.77698,880.38525,-0.020200327,-8272.596439006375,176.0,S_1973
2024-05-10 21:24:03,-67.133286,19.455215,-78.93557,4.5321856,880.3797,-0.020507969,-8377.28592833264,176.0,S_1973
2024-05-10 21:24:04,-67.0844,19.452438,-78.8936,4.2873917,880.3816,-0.020727864,-8467.792463660226,176.0,S_1973
2024-05-10 21:24:05,-67.03552,19.449661,-78.858635,4.049592,880.3816,-0.020865412,-8573.789465864444,176.0,S_1973
2024-05-10 21:24:06,-66.98665,19.446884,-78.816666,3.8117921,880.3816,-0.021476544,-8670.268821660866,176.0,S_1973
2024-05-10 21:24:07,-66.93779,19.444122,-78.7817,3.5739923,880.3816,-0.021112338,-8767.885528295803,176.0,S_1973
2024-05-10 21:24:08,-66.88893,19.44136,-78.74673,3.3361924,880.3816,-0.021668434,-8869.339692159578,176.0,S_1973
2024-05-10 21:24:09,-66.84009,19.438614,-78.711754,3.0983925,880.3816,-0.021777427,-8971.729192689461,176.0,S_1973
2024-05-10 21:24:10,-66.79125,19.435867,-78.67679,2.8605926,880.3816,-0.021859368,-9083.287020948483,176.0,S_1973
2024-05-10 21:24:11,-66.742424,19.433136,-78.63482,2.6297867,880.3816,-0.02149675,-9189.92331531117,176.0,S_1973
2024-05-10 21:24:12,-66.693596,19.430405,-78.59286,2.398981,880.38336,-0.021828303,-9285.446962309179,176.0,S_1973
2024-05-10 21:24:13,-66.64479,19.427673,-78.557884,2.1751695,880.3816,-0.022568492,-9392.621424027173,176.0,S_1973
2024-05-10 21:24:14,-66.595985,19.424957,-78.52292,1.9443636,880.3778,-0.021794982,-9481.876471994365,176.0,S_1973
2024-05-10 21:24:15,-66.54719,19.422241,-78.49494,1.720552,880.3816,-0.021931129,-9599.738117536443,176.0,S_1973
2024-05-10 21:24:16,-66.4984,19.419525,-78.45297,1.4897462,880.39636,-0.022838023,-9702.50668021159,176.0,S_1973
2024-05-10 21:24:17,-66.44962,19.416824,-78.41801,1.2659346,880.38336,-0.022557702,-9816.676989898071,176.0,S_1973
2024-05-10 21:24:18,-66.40085,19.414139,-78.37604,1.0491171,880.313,-0.022601588,-9931.227239749795,176.0,S_1973
2024-05-10 21:24:19,-66.35209,19.411453,-78.334076,0.8253054,880.2222,-0.022706473,-10031.778256904872,176.0,S_1973
2024-05-10 21:24:20,-66.30333,19.408768,-78.2991,0.6084879,880.17413,-0.022811359,-10149.008800108546,176.0,S_1973
2024-05-10 21:24:21,-66.254585,19.406097,-78.25714,0.39167038,880.1778,-0.021845272,-10245.27922350631,176.0,S_1973
2024-05-10 21:24:22,-66.20585,19.403427,-78.22217,0.17485285,880.19073,-0.022553481,-10360.832190203444,176.0,S_1973
2024-05-10 21:24:23,-66.15712,19.400757,-78.18021,359.95905,880.18896,-0.02326169,-10478.497630385915,176.0,S_1973
2024-05-10 21:24:24,-66.1084,19.398102,-78.13824,359.74225,880.1871,-0.023364412,-10594.297358927768,176.0,S_1973
2024-05-10 21:24:25,-66.059685,19.395447,-78.096275,359.5324,880.1871,-0.024159357,-10716.339367717534,176.0,S_1973
2024-05-10 21:24:26,-66.01099,19.392807,-78.05431,359.3226,880.1871,-0.024954302,-10831.09811872535,176.0,S_1973
2024-05-10 21:24:27,-65.96229,19.390167,-78.01934,359.11276,880.1871,-0.024464998,-10959.166384083554,176.0,S_1973
2024-05-10 21:24:28,-65.9136,19.387543,-77.97737,358.90295,880.1871,-0.024567423,-11081.808060205563,176.0,S_1973
2024-05-10 21:24:29,-65.86492,19.384918,-77.93541,358.70013,880.1871,-0.024596244,-11195.785974468898,176.0,S_1973
2024-05-10 21:24:30,-65.81625,19.382294,-77.90044,358.4903,880.1871,-0.024204504,-11319.971132949191,176.0,S_1973
2024-05-10 21:24:31,-65.767586,19.379684,-77.858475,358.28748,880.18896,-0.024059763,-11428.008548374433,176.0,S_1973
2024-05-10 21:24:32,-65.71893,19.377075,-77.8235,358.08463,880.1871,-0.021777337,-11534.510828159604,176.0,S_1973
2024-05-10 21:24:33,-65.67029,19.374481,-77.78154,357.8888,880.1815,-0.022763548,-11660.433693207451,176.0,S_1973
2024-05-10 21:24:34,-65.62165,19.371887,-77.73258,357.68597,880.1871,-0.022997314,-11759.091997264397,176.0,S_1973
2024-05-10 21:24:35,-65.57302,19.369293,-77.69761,357.48315,880.2056,-0.022896977,-11873.63332799384,176.0,S_1973
2024-05-10 21:24:36,-65.5244,19.366714,-77.65565,357.28732,880.19073,-0.023063475,-11986.606170518127,176.0,S_1973
2024-05-10 21:24:37,-65.475784,19.364136,-77.61368,357.09146,880.0963,-0.024354612,-12108.33339302666,176.0,S_1973
2024-05-10 21:24:38,-65.427185,19.361572,-77.57172,356.89563,879.99634,-0.025434576,-12237.480253417853,176.0,S_1973
2024-05-10 21:24:39,-65.378586,19.359009,-77.529755,356.6998,879.9648,-0.026067896,-12371.106769967948,176.0,S_1973
2024-05-10 21:24:40,-65.33,19.35646,-77.487785,356.50397,879.9815,-0.02596338,-12487.282350812056,176.0,S_1973
2024-05-10 21:24:41,-65.28142,19.353897,-77.45282,356.31512,879.99634,-0.02683972,-12643.156627947748,176.0,S_1973
2024-05-10 21:24:42,-65.23285,19.351364,-77.403854,356.12628,879.99634,-0.027620954,-12781.611860955069,176.0,S_1973
2024-05-10 21:24:43,-65.18429,19.348831,-77.36189,355.93744,879.9907,-0.028442241,-12945.80752032291,176.0,S_1973
2024-05-10 21:24:44,-65.135735,19.346298,-77.312935,355.7486,879.9926,-0.026810298,-13061.750670887996,176.0,S_1973
2024-05-10 21:24:45,-65.08719,19.343765,-77.27796,355.56674,879.9926,-0.025889084,-13197.479970295717,176.0,S_1973
2024-05-10 21:24:46,-65.03865,19.341248,-77.236,355.37793,879.9926,-0.025897227,-13329.237447511034,176.0,S_1973
2024-05-10 21:24:47,-64.99012,19.338745,-77.19403,355.1891,879.9926,-0.026390716,-13461.285670363686,176.0,S_1973
2024-05-10 21:24:48,-64.9416,19.336243,-77.15207,355.00723,879.99445,-0.027521383,-13601.585821876673,176.0,S_1973
2024-05-10 21:24:49,-64.89309,19.33374,-77.11011,354.82538,879.9926,-0.027613353,-13755.787367000332,176.0,S_1973
2024-05-10 21:24:50,-64.84458,19.331253,-77.06114,354.65054,879.98706,-0.02726856,-13891.921125776738,176.0,S_1973
2024-05-10 21:24:51,-64.79609,19.328766,-77.01918,354.4687,879.9926,-0.027320897,-14031.697894432291,176.0,S_1973
2024-05-10 21:24:52,-64.747604,19.326279,-76.97722,354.28683,880.0111,-0.027376737,-14168.769167908627,176.0,S_1973
2024-05-10 21:24:53,-64.69912,19.323807,-76.93525,354.11197,879.99445,-0.027432578,-14323.211041865303,176.0,S_1973
2024-05-10 21:24:54,-64.65065,19.321335,-76.88629,353.93713,879.9,-0.027497973,-14458.4781751267,176.0,S_1973
2024-05-10 21:24:55,-64.60219,19.318878,-76.84433,353.76227,879.8,-0.026614118,-14591.99669319913,176.0,S_1973
2024-05-10 21:24:56,-64.553734,19.316422,-76.80236,353.58743,879.77783,-0.02655669,-14740.952743215843,176.0,S_1973
2024-05-10 21:24:57,-64.50529,19.31398,-76.7534,353.41257,879.7963,-0.025913984,-14866.66815556903,176.0,S_1973
2024-05-10 21:24:58,-64.45685,19.311539,-76.71144,353.23773,879.80554,-0.02548522,-14990.468492025866,176.0,S_1973
2024-05-10 21:24:59,-64.408424,19.309097,-76.66947,353.06985,879.8019,-0.025992414,-15118.316647780128,176.0,S_1973
2024-05-10 21:25:00,-64.36,19.306671,-76.62751,352.902,879.7963,-0.025394289,-15257.655557123617,176.0,S_1973
2024-05-10 21:25:01,-64.31167,19.304276,-76.57855,352.73413,879.7963,-0.025617834,-15379.798598905749,176.0,S_1973
2024-05-10 21:25:02,-64.26334,19.301895,-76.53659,352.56628,879.7981,-0.025823135,-15507.26113436884,176.0,S_1973
2024-05-10 21:25:03,-64.21503,19.299515,-76.49462,352.39844,879.8,-0.02620901,-15649.94923950905,176.0,S_1973
2024-05-10 21:25:04,-64.16671,19.29715,-76.44566,352.23755,879.7963,-0.026417995,-15778.525072831137,176.0,S_1973
2024-05-10 21:25:05,-64.1184,19.294785,-76.4037,352.0697,879.79443,-0.026197912,-15905.816748550373,176.0,S_1973
2024-05-10 21:25:06,-64.0701,19.29242,-76.36173,351.90884,879.80554,-0.02638217,-16038.410875766218,176.0,S_1973
2024-05-10 21:25:07,-64.021805,19.290054,-76.31977,351.74097,879.813,-0.02632448,-16182.659648935776,176.0,S_1973
2024-05-10 21:25:08,-63.97351,19.287704,-76.27081,351.5801,879.7704,-0.026894473,-16308.51789122857,176.0,S_1973
2024-05-10 21:25:09,-63.925224,19.285355,-76.22884,351.42624,879.6815,-0.028201293,-16450.634098146656,176.0,S_1973
2024-05-10 21:25:10,-63.876945,19.28302,-76.18688,351.26538,879.6056,-0.027465427,-16587.669276435234,176.0,S_1973
2024-05-10 21:25:11,-63.82867,19.280685,-76.14492,351.10452,879.58887,-0.027242748,-16739.76763920823,176.0,S_1973
2024-05-10 21:25:12,-63.7804,19.27835,-76.095955,350.94363,879.6018,-0.027020069,-16883.558817660545,176.0,S_1973
2024-05-10 21:25:13,-63.732136,19.276016,-76.047,350.78976,879.60736,-0.028496692,-17038.328284319345,176.0,S_1973
2024-05-10 21:25:14,-63.683876,19.273697,-75.99804,350.6359,879.6037,-0.028331008,-17175.065708164657,176.0,S_1973
2024-05-10 21:25:15,-63.635624,19.271378,-75.95608,350.48203,879.6018,-0.02873237,-17339.0777829254,176.0,S_1973
2024-05-10 21:25:16,-63.587376,19.269073,-75.90712,350.32117,879.6037,-0.028984493,-17479.764815950824,176.0,S_1973
2024-05-10 21:25:17,-63.539135,19.26677,-75.86515,350.1673,879.6056,-0.031060174,-17634.29615014683,176.0,S_1973
2024-05-10 21:25:18,-63.4909,19.264465,-75.82319,350.02042,879.6056,-0.029336628,-17800.378293725873,176.0,S_1973
2024-05-10 21:25:19,-63.44267,19.262177,-75.77423,349.86655,879.6,-0.028021576,-17949.856848267904,176.0,S_1973
2024-05-10 21:25:20,-63.394444,19.259872,-75.72527,349.71967,879.59814,-0.02816527,-18101.14800346535,176.0,S_1973
2024-05-10 21:25:21,-63.346226,19.257599,-75.67631,349.5728,879.6129,-0.028308963,-18236.353321525676,176.0,S_1973
2024-05-10 21:25:22,-63.29801,19.25531,-75.634346,349.42593,879.6222,-0.027970769,-18373.548992968317,176.0,S_1973
2024-05-10 21:25:23,-63.2498,19.253036,-75.592384,349.27905,879.56665,-0.027632574,-18543.358364529915,176.0,S_1973
2024-05-10 21:25:24,-63.2016,19.250763,-75.53643,349.13217,879.45557,-0.02846726,-18676.330507099396,176.0,S_1973
2024-05-10 21:25:25,-63.1534,19.248505,-75.49446,348.9853,879.3907,-0.0278051,-18813.158223516497,176.0,S_1973
2024-05-10 21:25:26,-63.10521,19.246246,-75.4525,348.8384,879.39624,-0.02760701,-18962.45981820346,176.0,S_1973
2024-05-10 21:25:27,-63.057022,19.243988,-75.40354,348.69855,879.4148,-0.027408922,-19110.55498933603,176.0,S_1973
2024-05-10 21:25:28,-63.008842,19.241745,-75.35458,348.55167,879.4148,-0.02745197,-19255.29344852081,176.0,S_1973
2024-05-10 21:25:29,-62.960667,19.239502,-75.305626,348.41177,879.40924,-0.026687779,-19379.275167829386,176.0,S_1973
2024-05-10 21:25:30,-62.9125,19.237259,-75.26366,348.27188,879.40735,-0.025752312,-19501.574039399282,176.0,S_1973
2024-05-10 21:25:31,-62.864334,19.235031,-75.221695,348.13202,879.40924,-0.024974331,-19634.61692541466,176.0,S_1973
2024-05-10 21:25:32,-62.816177,19.232803,-75.17274,347.99213,879.40924,-0.024602968,-19777.236443919886,176.0,S_1973
2024-05-10 21:25:33,-62.768024,19.230576,-75.11678,347.85226,879.40924,-0.024233283,-19879.805079625272,176.0,S_1973
2024-05-10 21:25:34,-62.719875,19.228363,-75.074814,347.71936,879.4055,-0.023804309,-19991.48297416864,176.0,S_1973
2024-05-10 21:25:35,-62.671734,19.226135,-75.03285,347.57947,879.40735,-0.023896262,-20117.870869198377,176.0,S_1973
2024-05-10 21:25:36,-62.6236,19.223938,-74.983894,347.4396,879.4222,-0.023781126,-20236.888383653728,176.0,S_1973
2024-05-10 21:25:37,-62.575466,19.221725,-74.93494,347.3067,879.4111,-0.022646038,-20349.062213650293,176.0,S_1973
2024-05-10 21:25:38,-62.527344,19.219528,-74.88598,347.17383,879.33887,-0.022531979,-20460.631059988315,176.0,S_1973
2024-05-10 21:25:39,-62.47922,19.217346,-74.83702,347.04092,879.2481,-0.023757353,-20580.56538033705,176.0,S_1973
2024-05-10 21:25:40,-62.43111,19.215149,-74.788055,346.90805,879.19995,-0.022446679,-20691.847308811622,176.0,S_1973
2024-05-10 21:25:41,-62.383,19.212967,-74.7391,346.77515,879.2055,-0.02200285,-20800.281616408087,176.0,S_1973
2024-05-10 21:25:42,-62.334896,19.2108,-74.69014,346.64227,879.2166,-0.023383295,-20900.651075483875,176.0,S_1973
2024-05-10 21:25:43,-62.2868,19.208618,-74.64818,346.5164,879.2166,-0.020459732,-21003.563893321618,176.0,S_1973
2024-05-10 21:25:44,-62.23871,19.206467,-74.59922,346.38348,879.21295,-0.01987841,-21095.71559776232,176.0,S_1973
2024-05-10 21:25:45,-62.190624,19.2043,-74.55026,346.2576,879.2147,-0.020113453,-21192.594762088207,176.0,S_1973
2024-05-10 21:25:46,-62.142544,19.202148,-74.5013,346.1247,879.21106,-0.020265087,-21287.544215924056,176.0,S_1973
2024-05-10 21:25:47,-62.094467,19.199997,-74.45234,345.9988,879.2074,-0.019665666,-21379.250334893564,176.0,S_1973
2024-05-10 21:25:48,-62.0464,19.197845,-74.40338,345.87292,879.21295,-0.01933792,-21468.9052869729,176.0,S_1973
2024-05-10 21:25:49,-61.998333,19.19571,-74.35442,345.747,879.23334,-0.019292383,-21558.360597479477,176.0,S_1973
2024-05-10 21:25:50,-61.950275,19.193573,-74.305466,345.62112,879.2166,-0.019245336,-21647.62195331123,176.0,S_1973
2024-05-10 21:25:51,-61.90222,19.191437,-74.25651,345.49524,879.1222,-0.019310657,-21737.436211305532,176.0,S_1973
2024-05-10 21:25:52,-61.854176,19.189316,-74.20755,345.36935,879.0222,-0.018764755,-21809.56821235382,176.0,S_1973
2024-05-10 21:25:53,-61.806133,19.187195,-74.16558,345.25043,878.99994,-0.018251564,-21894.939487321302,176.0,S_1973
2024-05-10 21:25:54,-61.7581,19.185074,-74.11662,345.13153,879.01843,-0.017902384,-21965.144813629362,176.0,S_1973
2024-05-10 21:25:55,-61.710068,19.182968,-74.07466,345.00565,879.024,-0.018370898,-22065.106083186227,176.0,S_1973
2024-05-10 21:25:56,-61.66204,19.180862,-74.01871,344.87976,879.0203,-0.018461412,-22143.53683194491,176.0,S_1973
2024-05-10 21:25:57,-61.61402,19.178772,-73.96975,344.76086,879.0166,-0.018521328,-22215.39137850995,176.0,S_1973
2024-05-10 21:25:58,-61.56601,19.176666,-73.92778,344.64194,879.01843,-0.018581241,-22301.233859755448,176.0,S_1973
2024-05-10 21:25:59,-61.518,19.174591,-73.87882,344.53006,879.0203,-0.020477695,-22398.495984973102,176.0,S_1973
2024-05-10 21:26:00,-61.469997,19.1725,-73.829865,344.41113,879.0203,-0.018869776,-22497.09914612898,176.0,S_1973
2024-05-10 21:26:01,-61.421837,19.170486,-73.77391,344.29224,879.0166,-0.022981958,-22606.5142261866,176.0,S_1973
2024-05-10 21:26:02,-61.373688,19.168472,-73.72495,344.17334,879.0148,-0.021966,-22713.37469595814,176.0,S_1973
2024-05-10 21:26:03,-61.325546,19.166458,-73.675995,344.05444,879.0278,-0.021935668,-22817.497514083552,176.0,S_1973
2024-05-10 21:26:04,-61.27742,19.164444,-73.62704,343.94254,879.0388,-0.014889292,-22878.317226613108,176.0,S_1973
2024-05-10 21:26:05,-61.2293,19.16243,-73.57808,343.82364,878.9833,-0.027231455,-23017.14757712811,176.0,S_1973
2024-05-10 21:26:06,-61.1812,19.16043,-73.52912,343.71173,878.874,-0.02246445,-23125.676073399576,176.0,S_1973
2024-05-10 21:26:07,-61.133102,19.158432,-73.480156,343.59982,878.80365,-0.018150615,-23218.27090201527,176.0,S_1973
2024-05-10 21:26:08,-61.08502,19.156433,-73.42421,343.4879,878.80176,-0.0225952,-23326.676844728536,176.0,S_1973
2024-05-10 21:26:09,-61.03695,19.154434,-73.375244,343.36902,878.824,-0.0129005145,-23370.935253882526,176.0,S_1973
2024-05-10 21:26:10,-60.988888,19.15245,-73.32629,343.2641,878.8296,-0.015414255,-23434.436677267644,176.0,S_1973
2024-05-10 21:26:11,-60.940838,19.150467,-73.27733,343.1522,878.824,-0.023538925,-23550.583800559165,176.0,S_1973
2024-05-10 21:26:12,-60.8928,19.148483,-73.22837,343.0403,878.824,-0.025890168,-23696.628917005706,176.0,S_1973
2024-05-10 21:26:13,-60.84477,19.1465,-73.17242,342.9354,878.824,-0.02437579,-23815.080858910565,176.0,S_1973
2024-05-10 21:26:14,-60.796753,19.144516,-73.12346,342.8235,878.82214,-0.016731419,-23886.971092646934,176.0,S_1973
2024-05-10 21:26:15,-60.74875,19.142548,-73.0745,342.71158,878.824,-0.020285986,-23979.793588067572,176.0,S_1973
2024-05-10 21:26:16,-60.700752,19.14058,-73.02554,342.60666,878.8388,-0.012997379,-24026.299435991037,176.0,S_1973
2024-05-10 21:26:17,-60.65277,19.13861,-72.976585,342.50174,878.82587,-0.026355896,-24162.372578621238,176.0,S_1973
2024-05-10 21:26:18,-60.604797,19.136642,-72.92763,342.38983,878.7555,-0.017534494,-24237.72535170753,176.0,S_1973
2024-05-10 21:26:19,-60.556835,19.134674,-72.87866,342.28494,878.66473,-0.01400484,-24292.69277536677,176.0,S_1973
2024-05-10 21:26:20,-60.50889,19.13272,-72.829704,342.17303,878.6166,-0.026171818,-24420.942139991625,176.0,S_1973
2024-05-10 21:26:21,-60.46095,19.130768,-72.78075,342.0751,878.6203,-0.021742128,-24524.958274864162,176.0,S_1973
2024-05-10 21:26:22,-60.41302,19.128815,-72.73179,341.9702,878.63324,-0.016949395,-24597.454708551173,176.0,S_1973
2024-05-10 21:26:23,-60.365105,19.126862,-72.68283,341.8653,878.63324,-0.017002981,-24670.38105191393,176.0,S_1973
2024-05-10 21:26:24,-60.317196,19.124908,-72.63387,341.76038,878.6258,-0.01399306,-24731.679901981617,176.0,S_1973
2024-05-10 21:26:25,-60.269302,19.12297,-72.57792,341.66245,878.624,-0.015389526,-24801.106354383577,176.0,S_1973
2024-05-10 21:26:26,-60.22142,19.121033,-72.521965,341.55756,878.6406,-0.017605435,-24874.147781160755,176.0,S_1973
2024-05-10 21:26:27,-60.17355,19.119095,-72.47301,341.45264,878.6592,-0.017207855,-24937.747668206284,176.0,S_1973
2024-05-10 21:26:28,-60.125687,19.117157,-72.431046,341.34772,878.63324,-0.01392479,-24993.419593613864,176.0,S_1973
2024-05-10 21:26:29,-60.077835,19.115234,-72.38208,341.24982,878.53503,-0.020740956,-25103.282816733306,176.0,S_1973
2024-05-10 21:26:30,-60.03,19.113297,-72.32613,341.1519,878.43884,-0.024341576,-25205.660844059268,176.0,S_1973
2024-05-10 21:26:31,-59.98217,19.111374,-72.284164,341.04697,878.41656,-0.027942197,-25370.179520374055,176.0,S_1973
2024-05-10 21:26:32,-59.934353,19.109451,-72.22821,340.94907,878.43506,-0.031678937,-25553.71358328536,176.0,S_1973
2024-05-10 21:26:33,-59.886547,19.107544,-72.17226,340.85114,878.4406,-0.0030629812,-25532.485428361542,176.0,S_1973
2024-05-10 21:26:34,-59.838753,19.105621,-72.1233,340.75323,878.43506,-0.01222972,-25582.44748647629,176.0,S_1973
2024-05-10 21:26:35,-59.79097,19.103714,-72.06735,340.6553,878.43506,-0.02139646,-25678.964228201585,176.0,S_1973
2024-05-10 21:26:36,-59.7432,19.101807,-72.01839,340.5574,878.43506,-0.021597391,-25780.958874147902,176.0,S_1973
2024-05-10 21:26:37,-59.69544,19.0999,-71.96943,340.45947,878.4295,-0.035823546,-25998.733067877,176.0,S_1973
2024-05-10 21:26:38,-59.647686,19.097992,-71.913475,340.36154,878.4295,-0.036425676,-26187.70002930038,176.0,S_1973
2024-05-10 21:26:39,-59.59995,19.0961,-71.86452,340.27063,878.44434,-0.02405646,-26303.399005288346,176.0,S_1973
2024-05-10 21:26:40,-59.55222,19.094193,-71.81556,340.17972,878.45544,-0.021631721,-26406.61366640738,176.0,S_1973
2024-05-10 21:26:41,-59.504505,19.0923,-71.7666,340.0818,878.3981,-0.028827049,-26552.09557093859,176.0,S_1973
2024-05-10 21:26:42,-59.4568,19.090424,-71.71764,339.99088,878.2869,-0.034326106,-26733.079983636453,176.0,S_1973
2024-05-10 21:26:43,-59.409103,19.088531,-71.668686,339.89993,878.2221,-0.03063145,-26915.321741311556,176.0,S_1973
2024-05-10 21:26:44,-59.36142,19.086655,-71.61273,339.80203,878.2295,-0.03345978,-27109.35300458726,176.0,S_1973
2024-05-10 21:26:45,-59.313747,19.084763,-71.55678,339.7111,878.2462,-0.036288105,-27303.79242405862,176.0,S_1973
2024-05-10 21:26:46,-59.266087,19.082886,-71.50782,339.6132,878.2462,-0.039116435,-27515.211644262243,176.0,S_1973
2024-05-10 21:26:47,-59.218437,19.081024,-71.45886,339.52225,878.23694,-0.04194476,-27773.963859077332,176.0,S_1973
2024-05-10 21:26:48,-59.1708,19.079147,-71.40291,339.43134,878.2314,-0.04477309,-28012.579561549064,176.0,S_1973
2024-05-10 21:26:49,-59.12317,19.077286,-71.35395,339.3474,878.2406,-0.04608445,-28301.408208671077,176.0,S_1973
2024-05-10 21:26:50,-59.075554,19.075409,-71.298,339.25647,878.261,-0.04558294,-28521.16685066434,176.0,S_1973
2024-05-10 21:26:51,-59.027946,19.073547,-71.256035,339.16556,878.2443,-0.04508143,-28776.101277265938,176.0,S_1973
2024-05-10 21:26:52,-58.980354,19.071701,-71.20707,339.07465,878.148,-0.04457992,-29054.245355845145,176.0,S_1973
2024-05-10 21:26:53,-58.93277,19.06984,-71.15112,338.9837,878.04987,-0.04407841,-29294.968058056016,176.0,S_1973
2024-05-10 21:26:54,-58.885197,19.067993,-71.10216,338.8928,878.0258,-0.0435769,-29561.389203355153,176.0,S_1973
2024-05-10 21:26:55,-58.83764,19.066147,-71.04621,338.80887,878.0443,-0.04307539,-29796.70148681049,176.0,S_1973
2024-05-10 21:26:56,-58.79009,19.0643,-70.997246,338.71793,878.0536,-0.04257388,-30032.48190483448,176.0,S_1973
2024-05-10 21:26:57,-58.74255,19.062454,-70.94829,338.627,878.048,-0.04207237,-30259.837364308216,176.0,S_1973
2024-05-10 21:26:58,-58.695023,19.060608,-70.89933,338.5431,878.0462,-0.04157086,-30513.50961326871,176.0,S_1973
2024-05-10 21:26:59,-58.647503,19.058777,-70.843376,338.45917,878.0462,-0.041528117,-30762.943846575334,176.0,S_1973
2024-05-10 21:27:00,-58.6,19.056946,-70.78742,338.3752,878.0443,-0.041485373,-30983.572591863704,176.0,S_1973
2024-05-10 21:27:01,-58.552914,19.05513,-70.738464,338.2913,878.04065,-0.041442625,-31213.642129408465,176.0,S_1973
2024-05-10 21:27:02,-58.505825,19.053314,-70.68951,338.20038,878.0554,-0.04139988,-31466.16729490841,176.0,S_1973
2024-05-10 21:27:03,-58.458736,19.051498,-70.63355,338.11646,878.0647,-0.041357137,-31715.012970264943,176.0,S_1973
2024-05-10 21:27:04,-58.411644,19.049683,-70.5776,338.0325,878.00916,-0.04608252,-31965.234971590056,176.0,S_1973
2024-05-10 21:27:05,-58.364548,19.047867,-70.52864,337.94858,877.8999,-0.018268475,-32044.673835794085,176.0,S_1973
2024-05-10 21:27:06,-58.317448,19.046066,-70.47968,337.86465,877.8295,-0.04143907,-32270.127216782785,176.0,S_1973
2024-05-10 21:27:07,-58.270348,19.044266,-70.430725,337.78073,877.82764,-0.026606545,-32417.53340919288,176.0,S_1973
2024-05-10 21:27:08,-58.223244,19.042465,-70.37477,337.7038,877.84985,-0.026850536,-32566.207827683284,176.0,S_1973
2024-05-10 21:27:09,-58.176136,19.040665,-70.31882,337.61987,877.85724,-0.036773115,-32783.861202869695,176.0,S_1973
2024-05-10 21:27:10,-58.12903,19.038864,-70.26287,337.53592,877.8517,-0.040289115,-32998.662111594895,176.0,S_1973
2024-05-10 21:27:11,-58.081913,19.037079,-70.213905,337.452,877.8443,-0.039027195,-33204.71313634633,176.0,S_1973
2024-05-10 21:27:12,-58.034798,19.035294,-70.16495,337.37506,877.84985,-0.037765272,-33434.41469888431,176.0,S_1973
2024-05-10 21:27:13,-57.987682,19.033508,-70.10899,337.29114,877.87024,-0.036503352,-33646.43957138307,176.0,S_1973
2024-05-10 21:27:14,-57.94056,19.031723,-70.05305,337.2142,877.8536,-0.035241432,-33830.502803344636,176.0,S_1973
2024-05-10 21:27:15,-57.893436,19.029938,-70.00408,337.13028,877.7609,-0.033979513,-34005.80064386908,176.0,S_1973
2024-05-10 21:27:16,-57.84631,19.028168,-69.955124,337.05334,877.66095,-0.03271759,-34173.93661650879,176.0,S_1973
2024-05-10 21:27:17,-57.799183,19.026382,-69.906166,336.9764,877.6276,-0.03145567,-34360.00952519028,176.0,S_1973
2024-05-10 21:27:18,-57.75205,19.024612,-69.85021,336.8925,877.6442,-0.030193748,-34529.048624344636,176.0,S_1973
2024-05-10 21:27:19,-57.704914,19.022842,-69.79426,336.81555,877.66284,-0.028931828,-34689.99587823328,176.0,S_1973
2024-05-10 21:27:20,-57.657776,19.021072,-69.73831,336.73862,877.66095,-0.027669907,-34826.838780434235,176.0,S_1973
2024-05-10 21:27:21,-57.610638,19.019318,-69.68935,336.65466,877.65356,-0.026407987,-34955.75076169695,176.0,S_1973
2024-05-10 21:27:22,-57.563496,19.017563,-69.64039,336.57773,877.6517,-0.025146065,-35077.45001653063,176.0,S_1973
2024-05-10 21:27:23,-57.51635,19.015793,-69.59143,336.5008,877.6665,-0.025101904,-35216.399289283385,176.0,S_1973
2024-05-10 21:27:24,-57.4692,19.014038,-69.53548,336.42386,877.6757,-0.022669876,-35331.868754734525,176.0,S_1973
2024-05-10 21:27:25,-57.422047,19.012299,-69.47952,336.3539,877.6202,-0.020237846,-35419.64928268935,176.0,S_1973
2024-05-10 21:27:26,-57.374893,19.010544,-69.430565,336.27698,877.5109,-0.017805818,-35495.90823698019,176.0,S_1973
2024-05-10 21:27:27,-57.327736,19.00879,-69.38161,336.20004,877.44055,-0.01537379,-35555.05676762845,176.0,S_1973
2024-05-10 21:27:28,-57.28058,19.00705,-69.33265,336.13013,877.43866,-0.012941761,-35610.562598525554,176.0,S_1973
2024-05-10 21:27:29,-57.233414,19.00531,-69.276695,336.0532,877.46094,-0.010509733,-35644.552544162194,176.0,S_1973
2024-05-10 21:27:30,-57.18625,19.00357,-69.22074,335.97626,877.4683,-0.008077704,-35661.68034029221,176.0,S_1973
2024-05-10 21:27:31,-57.13908,19.001846,-69.164795,335.89932,877.4628,-0.005645676,-35661.281759403144,176.0,S_1973
2024-05-10 21:27:32,-57.09191,19.000107,-69.10884,335.82938,877.4573,-0.0032136473,-35644.813745425614,176.0,S_1973
2024-05-10 21:27:33,-57.04474,18.998383,-69.05289,335.75943,877.46094,-0.00078161893,-35611.279464643114,176.0,S_1973
2024-05-10 21:27:34,-56.997562,18.996658,-69.00393,335.6825,877.47577,0.0016504095,-35566.09553844662,176.0,S_1973
2024-05-10 21:27:35,-56.950382,18.994934,-68.95497,335.60556,877.4646,0.004082438,-35506.19540465586,176.0,S_1973
2024-05-10 21:27:36,-56.9032,18.99321,-68.906006,335.5356,877.39246,0.0040865173,-35443.93125995825,176.0,S_1973
2024-05-10 21:27:37,-56.856014,18.991486,-68.85006,335.46567,877.3017,0.0040905965,-35379.8326063503,176.0,S_1973
2024-05-10 21:27:38,-56.808826,18.989777,-68.801094,335.38873,877.2535,0.004094676,-35316.969603827165,176.0,S_1973
2024-05-10 21:27:39,-56.76164,18.988068,-68.74515,335.3188,877.25903,0.0040987553,-35250.48675733168,176.0,S_1973
2024-05-10 21:27:40,-56.714443,18.986359,-68.68919,335.24887,877.272,0.0041028345,-35183.96754670916,176.0,S_1973
2024-05-10 21:27:41,-56.667248,18.98465,-68.63324,335.17892,877.2702,0.0041109817,-35117.3862171381,176.0,S_1973
2024-05-10 21:27:42,-56.62005,18.98294,-68.577286,335.10898,877.26465,-0.027936675,-35251.20008929103,176.0,S_1973
2024-05-10 21:27:43,-56.57285,18.981247,-68.52833,335.03903,877.26276,-0.02789418,-35388.96955116244,176.0,S_1973
2024-05-10 21:27:44,-56.525646,18.979553,-68.47937,334.9691,877.27386,-0.001834275,-35367.351276084046,176.0,S_1973
2024-05-10 21:27:45,-56.47844,18.97786,-68.423416,334.89914,877.2813,-0.0018130172,-35341.46997677848,176.0,S_1973
2024-05-10 21:27:46,-56.43123,18.976166,-68.36746,334.82922,877.24054,-0.0043239044,-35329.842779085535,176.0,S_1973
2024-05-10 21:27:47,-56.384014,18.974472,-68.318504,334.75928,877.1516,-0.007623232,-35348.08249592962,176.0,S_1973
2024-05-10 21:27:48,-56.3368,18.972778,-68.26255,334.68933,877.0757,-0.01092256,-35377.2874235862,176.0,S_1973
2024-05-10 21:27:49,-56.28958,18.9711,-68.21359,334.6194,877.0572,-0.010899448,-35416.86160598485,176.0,S_1973
2024-05-10 21:27:50,-56.242363,18.969421,-68.15764,334.55643,877.072,-0.013773241,-35473.93520718158,176.0,S_1973
2024-05-10 21:27:51,-56.195137,18.967743,-68.101685,334.4865,877.0776,-0.013746568,-35530.357215479984,176.0,S_1973
2024-05-10 21:27:52,-56.14791,18.966064,-68.04573,334.41656,877.07385,-0.013298819,-35574.45718572879,176.0,S_1973
2024-05-10 21:27:53,-56.10068,18.964401,-67.99677,334.34662,877.0683,-0.013272707,-35620.80756693282,176.0,S_1973
2024-05-10 21:27:54,-56.05345,18.962723,-67.947815,334.28366,877.072,-0.016013844,-35695.73424744072,176.0,S_1973
2024-05-10 21:27:55,-56.006214,18.96106,-67.89186,334.22073,877.0868,-0.015984615,-35768.31452038955,176.0,S_1973
2024-05-10 21:27:56,-55.958977,18.959396,-67.83591,334.1508,877.0757,-0.012435209,-35814.42152355893,176.0,S_1973
2024-05-10 21:27:57,-55.91174,18.957733,-67.77995,334.08783,877.0035,-0.012408101,-35853.77046909486,176.0,S_1973
2024-05-10 21:27:58,-55.864494,18.956085,-67.730995,334.01788,876.9127,-0.006040296,-35860.667439730176,176.0,S_1973
2024-05-10 21:27:59,-55.81725,18.954422,-67.67505,333.95496,876.86456,-0.0060221152,-35863.87623675003,176.0,S_1973
2024-05-10 21:28:00,-55.77,18.952774,-67.619095,333.892,876.8701,-0.0054504727,-35860.097904047645,176.0,S_1973
2024-05-10 21:28:01,-55.722256,18.951126,-67.57014,333.82205,876.8831,-0.005433294,-35862.94709064157,176.0,S_1973
2024-05-10 21:28:02,-55.67453,18.949493,-67.51418,333.75912,876.8812,-0.007454788,-35876.883243459866,176.0,S_1973
2024-05-10 21:28:03,-55.626812,18.947845,-67.45823,333.68918,876.8739,-0.007434679,-35889.26783124011,176.0,S_1973
2024-05-10 21:28:04,-55.579113,18.946213,-67.402275,333.62622,876.872,-0.0082725715,-35907.89906358867,176.0,S_1973
2024-05-10 21:28:05,-55.531425,18.94458,-67.34632,333.56326,876.8887,-0.0082511585,-35920.56844390144,176.0,S_1973
2024-05-10 21:28:06,-55.48375,18.942947,-67.29736,333.50034,876.90717,-0.0067048986,-35932.711567405735,176.0,S_1973
2024-05-10 21:28:07,-55.436092,18.941315,-67.24141,333.43738,876.8812,-0.006684376,-35940.618129092436,176.0,S_1973
2024-05-10 21:28:08,-55.388447,18.939697,-67.185455,333.37442,876.7849,-0.0062314044,-35941.05653888128,176.0,S_1973
2024-05-10 21:28:09,-55.340813,18.938065,-67.1365,333.3115,876.6868,-0.0062145125,-35954.414512229065,176.0,S_1973
2024-05-10 21:28:10,-55.293194,18.936447,-67.073555,333.24854,876.66455,-0.0052347323,-35944.708604192434,176.0,S_1973
2024-05-10 21:28:11,-55.24559,18.93483,-67.02459,333.1856,876.68304,-0.0052180686,-35943.15483424056,176.0,S_1973
2024-05-10 21:28:12,-55.198,18.933212,-66.97563,333.12265,876.6905,-0.002242837,-35923.13850497103,176.0,S_1973
2024-05-10 21:28:13,-55.150425,18.93161,-66.926674,333.06668,876.68304,-0.0022310822,-35905.44526887982,176.0,S_1973
2024-05-10 21:28:14,-55.102863,18.929993,-66.87072,333.00375,876.67755,-0.0010015656,-35874.749794939926,176.0,S_1973
2024-05-10 21:28:15,-55.055313,18.92839,-66.814766,332.9408,876.68304,-0.0009881951,-35843.97389760365,176.0,S_1973
2024-05-10 21:28:16,-55.00778,18.926788,-66.75882,332.87784,876.7053,-0.0016444803,-35816.32192201234,176.0,S_1973
2024-05-10 21:28:17,-54.96026,18.925186,-66.709854,332.8219,876.7072,-0.0016070075,-35794.42317068801,176.0,S_1973
2024-05-10 21:28:18,-54.91275,18.923584,-66.65391,332.75894,876.64417,-0.0015695347,-35767.66643717151,176.0,S_1973
2024-05-10 21:28:19,-54.865257,18.921997,-66.59795,332.696,876.5349,-0.0015320617,-35740.483005707974,176.0,S_1973
2024-05-10 21:28:20,-54.81778,18.920395,-66.542,332.64005,876.4719,-0.0014945889,-35712.6960102039,176.0,S_1973
2024-05-10 21:28:21,-54.770313,18.918808,-66.49304,332.57712,876.4775,-0.0014571161,-35689.32718887927,176.0,S_1973
2024-05-10 21:28:22,-54.722862,18.917221,-66.43709,332.51416,876.4942,-0.0014196433,-35661.42907088522,176.0,S_1973
2024-05-10 21:28:23,-54.675423,18.915634,-66.381134,332.4582,876.4923,-0.0013821705,-35633.96797728681,176.0,S_1973
2024-05-10 21:28:24,-54.628002,18.914047,-66.32518,332.39526,876.4849,-0.0013446975,-35605.59793593766,176.0,S_1973
2024-05-10 21:28:25,-54.58059,18.912476,-66.269226,332.3393,876.48303,-0.0013072247,-35577.491587738405,176.0,S_1973
2024-05-10 21:28:26,-54.533195,18.910889,-66.21327,332.28336,876.49976,-0.0012697519,-35548.416429714955,176.0,S_1973
2024-05-10 21:28:27,-54.485813,18.909317,-66.164314,332.2204,876.51825,-0.0012322791,-35523.438751383655,176.0,S_1973
2024-05-10 21:28:28,-54.438446,18.907745,-66.10836,332.16446,876.4923,-0.0011948063,-35493.76480142771,176.0,S_1973
2024-05-10 21:28:29,-54.39109,18.906189,-66.0594,332.1085,876.39417,-0.0011573334,-35468.956754341954,176.0,S_1973
2024-05-10 21:28:30,-54.34375,18.904617,-66.00345,332.04556,876.29785,-0.0011198606,-35439.15979317125,176.0,S_1973
2024-05-10 21:28:31,-54.296425,18.903046,-65.9475,331.9896,876.27563,-0.0010823878,-35409.62731649523,176.0,S_1973
2024-05-10 21:28:32,-54.24911,18.90149,-65.89155,331.93365,876.2942,-0.0006809092,-35377.40000888414,176.0,S_1973
2024-05-10 21:28:33,-54.201813,18.899933,-65.835594,331.8777,876.2942,-0.0002794306,-35342.476007804114,176.0,S_1973
2024-05-10 21:28:34,-54.15453,18.898376,-65.77964,331.82175,876.2942,0.00012204798,-35304.94550322231,176.0,S_1973
2024-05-10 21:28:35,-54.107258,18.89682,-65.73068,331.76578,876.3127,0.00052352657,-35268.72949149805,176.0,S_1973
2024-05-10 21:28:36,-54.06,18.895279,-65.67473,331.70984,876.31824,0.0009250051,-35226.374747124006,176.0,S_1973
2024-05-10 21:28:37,-54.012756,18.893723,-65.62577,331.65387,876.25525,0.0013264837,-35184.757730615805,176.0,S_1973
2024-05-10 21:28:38,-53.965527,18.892181,-65.56982,331.59793,876.146,0.0017279623,-35136.339876335594,176.0,S_1973
2024-05-10 21:28:39,-53.918312,18.89064,-65.51386,331.54196,876.0812,0.002129441,-35085.21712322175,176.0,S_1973
2024-05-10 21:28:40,-53.871113,18.8891,-65.45791,331.48602,876.0886,0.0025309194,-35031.391138119674,176.0,S_1973
2024-05-10 21:28:41,-53.823925,18.887573,-65.401955,331.43008,876.1052,0.002932398,-34974.85918770283,176.0,S_1973
2024-05-10 21:28:42,-53.77675,18.886032,-65.34601,331.3741,876.10345,0.0033338766,-34915.62074125876,176.0,S_1973
2024-05-10 21:28:43,-53.72959,18.884506,-65.290054,331.31818,876.096,0.003735355,-34853.668154011066,176.0,S_1973
2024-05-10 21:28:44,-53.682446,18.88298,-65.2341,331.2622,876.0941,0.004136834,-34791.94934106931,176.0,S_1973
2024-05-10 21:28:45,-53.63531,18.881454,-65.18514,331.20627,876.109,0.0045383126,-34729.21091533667,176.0,S_1973
2024-05-10 21:28:46,-53.588196,18.879929,-65.12919,331.1573,876.1275,0.004939791,-34663.12322670391,176.0,S_1973
2024-05-10 21:28:47,-53.541092,18.878403,-65.08023,331.10135,876.10345,0.0053412695,-34594.40609635996,176.0,S_1973
2024-05-10 21:28:48,-53.494,18.876892,-65.02428,331.04538,876.00525,0.0057427483,-34519.57934177518,176.0,S_1973
2024-05-10 21:28:49,-53.446922,18.875366,-64.96832,330.99643,875.9071,0.0061442265,-34441.8245506473,176.0,S_1973
2024-05-10 21:28:50,-53.39986,18.873856,-64.91237,330.9405,875.8849,0.0065457053,-34361.65930165281,176.0,S_1973
2024-05-10 21:28:51,-53.352814,18.872345,-64.856415,330.8915,875.9034,0.0071054865,-34277.38305657669,176.0,S_1973
2024-05-10 21:28:52,-53.30578,18.87085,-64.80046,330.83557,875.9108,0.007665268,-34194.266255302486,176.0,S_1973
2024-05-10 21:28:53,-53.25876,18.869339,-64.7515,330.77963,875.9053,0.0076658926,-34109.78302722169,176.0,S_1973
2024-05-10 21:28:54,-53.21175,18.867844,-64.69555,330.72366,875.8978,0.0071376166,-34025.69328782563,176.0,S_1973
2024-05-10 21:28:55,-53.164757,18.866333,-64.6396,330.6747,875.9034,0.007139927,-33942.07068282669,176.0,S_1973
2024-05-10 21:28:56,-53.11778,18.864838,-64.58365,330.62573,875.9275,0.008578623,-33848.855801047335,176.0,S_1973
2024-05-10 21:28:57,-53.070812,18.863358,-64.527695,330.57678,875.9293,0.00857941,-33754.55756618055,176.0,S_1973
2024-05-10 21:28:58,-53.02386,18.861862,-64.47174,330.52084,875.8664,0.00853876,-33661.12325405879,176.0,S_1973
2024-05-10 21:28:59,-52.976925,18.860367,-64.41579,330.47186,875.75525,0.008537712,-33567.097216757415,176.0,S_1973
2024-05-10 21:29:00,-52.93,18.858887,-64.35983,330.41592,875.69415,0.008536664,-33473.681465282316,176.0,S_1973
2024-05-10 21:29:01,-52.883663,18.857407,-64.30388,330.36697,875.6997,0.008535615,-33379.66352785301,176.0,S_1973
2024-05-10 21:29:02,-52.837322,18.855927,-64.24793,330.311,875.71265,0.008534567,-33292.42439468629,176.0,S_1973
2024-05-10 21:29:03,-52.790974,18.854446,-64.19897,330.26205,875.7089,0.008533519,-33209.743593848805,176.0,S_1973
2024-05-10 21:29:04,-52.74462,18.852982,-64.15001,330.2131,875.7164,0.008532471,-33120.90418167337,176.0,S_1973
2024-05-10 21:29:05,-52.698265,18.851517,-64.094055,330.16412,875.72375,0.008531422,-33026.901489553675,176.0,S_1973
2024-05-10 21:29:06,-52.6519,18.850052,-64.03811,330.1082,875.683,0.008530375,-32933.53480262396,176.0,S_1973
2024-05-10 21:29:07,-52.60553,18.848587,-63.982155,330.05923,875.5941,0.008529326,-32840.64208224105,176.0,S_1973
2024-05-10 21:29:08,-52.559155,18.847122,-63.9262,330.01025,875.5182,0.008528278,-32747.758424082967,176.0,S_1973
2024-05-10 21:29:09,-52.512775,18.845657,-63.870247,329.9613,875.4997,0.00852723,-32654.883234116693,176.0,S_1973
2024-05-10 21:29:10,-52.46639,18.844208,-63.814293,329.91235,875.5145,0.008526181,-32562.01800320066,176.0,S_1973
2024-05-10 21:29:11,-52.42,18.842743,-63.758343,329.8634,875.5201,0.008525133,-32469.153805139,176.0,S_1973
2024-05-10 21:29:12,-52.3736,18.841293,-63.70239,329.81442,875.5163,0.008524084,-32382.438377698374,176.0,S_1973
2024-05-10 21:29:13,-52.327198,18.839844,-63.65343,329.76547,875.5089,0.008523037,-32293.65458981751,176.0,S_1973
2024-05-10 21:29:14,-52.28079,18.83841,-63.597477,329.71652,875.5145,0.008521988,-32199.668520622465,176.0,S_1973
2024-05-10 21:29:15,-52.234375,18.83696,-63.541523,329.66055,875.5367,0.00852094,-32101.039625744917,176.0,S_1973
2024-05-10 21:29:16,-52.187954,18.835526,-63.478577,329.6186,875.54047,0.008519892,-32004.62449921867,176.0,S_1973
2024-05-10 21:29:17,-52.14153,18.834076,-63.422623,329.56964,875.4774,0.008518844,-31911.80855456579,176.0,S_1973
2024-05-10 21:29:18,-52.0951,18.832642,-63.366673,329.5207,875.36633,0.008517795,-31825.11622988005,176.0,S_1973
2024-05-10 21:29:19,-52.048664,18.831207,-63.31771,329.4717,875.30334,0.0085167475,-31736.367348852837,176.0,S_1973
2024-05-10 21:29:20,-52.002224,18.829788,-63.26176,329.42276,875.30896,0.008515699,-31643.57234119509,176.0,S_1973
2024-05-10 21:29:21,-51.955776,18.828354,-63.205807,329.3738,875.32556,0.0077638635,-31556.75976316994,176.0,S_1973
2024-05-10 21:29:22,-51.90932,18.826935,-63.149853,329.33185,875.32556,0.007834362,-31468.99478324959,176.0,S_1973
2024-05-10 21:29:23,-51.862865,18.8255,-63.0939,329.28287,875.3163,0.00790486,-31380.298527732142,176.0,S_1973
2024-05-10 21:29:24,-51.8164,18.824081,-63.03795,329.23392,875.31445,0.0079753585,-31297.951356584425,176.0,S_1973
2024-05-10 21:29:25,-51.76993,18.822662,-62.988987,329.19196,875.3311,0.008045857,-31212.82338901046,176.0,S_1973
2024-05-10 21:29:26,-51.723457,18.821259,-62.933037,329.143,875.3496,0.008116355,-31128.53078621204,176.0,S_1973
2024-05-10 21:29:27,-51.676975,18.81984,-62.88408,329.09402,875.3237,0.0081868535,-31041.99059840179,176.0,S_1973
2024-05-10 21:29:28,-51.63049,18.818436,-62.828125,329.04507,875.2274,0.008257352,-30950.93392296754,176.0,S_1973
2024-05-10 21:29:29,-51.583996,18.817032,-62.77217,328.99612,875.1293,0.00832785,-30860.44314115437,176.0,S_1973
2024-05-10 21:29:30,-51.5375,18.815628,-62.716217,328.95416,875.10706,0.008398348,-30768.898305084207,176.0,S_1973
2024-05-10 21:29:31,-51.490997,18.814224,-62.660267,328.90518,875.12555,0.008468847,-30677.48585101527,176.0,S_1973
2024-05-10 21:29:32,-51.44449,18.81282,-62.604313,328.86322,875.12744,0.008539344,-30584.994397679206,176.0,S_1973
2024-05-10 21:29:33,-51.397976,18.811432,-62.54836,328.81427,875.12555,0.0086098425,-30498.957300398237,176.0,S_1973
2024-05-10 21:29:34,-51.351456,18.810028,-62.4994,328.7723,875.1385,0.008680341,-30409.55499806151,176.0,S_1973
2024-05-10 21:29:35,-51.30493,18.80864,-62.443447,328.72336,875.12744,0.008750839,-30315.17927498184,176.0,S_1973
2024-05-10 21:29:36,-51.2584,18.807251,-62.387493,328.67438,875.05707,0.0088213375,-30214.927384570263,176.0,S_1973
2024-05-10 21:29:37,-51.211864,18.805862,-62.324547,328.63242,874.9663,0.008891836,-30116.035135510683,176.0,S_1973
2024-05-10 21:29:38,-51.16532,18.80449,-62.268597,328.58347,874.91815,0.008962334,-30027.94075181152,176.0,S_1973
2024-05-10 21:29:39,-51.118774,18.8031,-62.219635,328.5415,874.9237,0.009032832,-29937.32402875753,176.0,S_1973
2024-05-10 21:29:40,-51.072224,18.801727,-62.163685,328.49954,874.93665,0.009103331,-29842.214327233858,176.0,S_1973
2024-05-10 21:29:41,-51.025665,18.800354,-62.10773,328.45758,874.9348,0.009173829,-29745.441425447454,176.0,S_1973
2024-05-10 21:29:42,-50.9791,18.79898,-62.051777,328.4086,874.92737,0.009244327,-29648.950579426775,176.0,S_1973
2024-05-10 21:29:43,-50.93253,18.797607,-61.995823,328.36664,874.92554,0.009314826,-29552.453775039474,176.0,S_1973
2024-05-10 21:29:44,-50.885956,18.796234,-61.939873,328.32468,874.9422,0.009385324,-29454.25924929649,176.0,S_1973
2024-05-10 21:29:45,-50.839375,18.794876,-61.88392,328.27573,874.96075,0.009455822,-29356.382742977643,176.0,S_1973
2024-05-10 21:29:46,-50.79279,18.793518,-61.827965,328.23376,874.9348,0.009526321,-29258.496196450316,176.0,S_1973
2024-05-10 21:29:47,-50.746197,18.79216,-61.772015,328.1918,874.8366,0.009596819,-29160.144595736783,176.0,S_1973
2024-05-10 21:29:48,-50.6996,18.790802,-61.71606,328.14984,874.7403,0.009667317,-29060.033685036746,176.0,S_1973
2024-05-10 21:29:49,-50.652996,18.789444,-61.660107,328.10086,874.71814,0.009737816,-28960.30330047266,176.0,S_1973
2024-05-10 21:29:50,-50.606388,18.788086,-61.604153,328.0589,874.73663,0.009808314,-28867.702489194024,176.0,S_1973
2024-05-10 21:29:51,-50.559776,18.786743,-61.555195,328.01694,874.7385,0.009878812,-28770.178474997098,176.0,S_1973
2024-05-10 21:29:52,-50.513157,18.7854,-61.49924,327.968,874.73663,0.00994931,-28669.063862030715,176.0,S_1973
2024-05-10 21:29:53,-50.46653,18.784058,-61.44329,327.92603,874.74963,0.010019808,-28567.927409191674,176.0,S_1973
2024-05-10 21:29:54,-50.4199,18.782715,-61.387337,327.88406,874.7385,0.010090306,-28466.324116189367,176.0,S_1973
2024-05-10 21:29:55,-50.373264,18.781372,-61.331383,327.8421,874.66815,0.010160805,-28364.26027265434,176.0,S_1973
2024-05-10 21:29:56,-50.326622,18.78003,-61.275433,327.80014,874.5774,0.010231303,-28261.72389296822,176.0,S_1973
2024-05-10 21:29:57,-50.279976,18.778702,-61.21948,327.75815,874.5292,0.010301801,-28158.723675116984,176.0,S_1973
2024-05-10 21:29:58,-50.233322,18.777374,-61.163525,327.7162,874.53296,0.0103723,-28055.259762353482,176.0,S_1973
2024-05-10 21:29:59,-50.186665,18.776047,-61.10757,327.67422,874.5459,0.010442798,-27951.334476898483,176.0,S_1973
2024-05-10 21:30:00,-50.14,18.77472,-61.05162,327.63226,874.5459,0.010513296,-27846.941622990533,176.0,S_1973
2024-05-10 21:30:01,-50.093166,18.773407,-60.995667,327.5903,874.5403,0.010583795,-27742.08082690448,176.0,S_1973
2024-05-10 21:30:02,-50.046333,18.77211,-60.939713,327.54834,874.5385,0.010654293,-27644.493478476725,176.0,S_1973
2024-05-10 21:30:03,-49.9995,18.770798,-60.890755,327.50638,874.54956,0.010724791,-27542.697826642732,176.0,S_1973
2024-05-10 21:30:04,-49.952667,18.7695,-60.8348,327.46442,874.557,0.01079529,-27436.443316874575,176.0,S_1973
2024-05-10 21:30:05,-49.905834,18.768204,-60.77885,327.42245,874.5144,0.010865788,-27321.713781748855,176.0,S_1973
2024-05-10 21:30:06,-49.858997,18.766907,-60.7159,327.3805,874.4255,0.010936286,-27210.527859382564,176.0,S_1973
2024-05-10 21:30:07,-49.812164,18.76561,-60.65995,327.3385,874.34955,0.011006785,-27102.869898764853,176.0,S_1973
2024-05-10 21:30:08,-49.76533,18.764328,-60.603996,327.29654,874.3348,0.011077283,-27002.779543909986,176.0,S_1973
2024-05-10 21:30:09,-49.7185,18.763031,-60.55504,327.25458,874.3478,0.011147781,-26899.54772793896,176.0,S_1973
2024-05-10 21:30:10,-49.671665,18.76175,-60.499084,327.2196,874.3459,0.01121828,-26790.920096812115,176.0,S_1973
2024-05-10 21:30:11,-49.624832,18.760452,-60.44313,327.17764,874.3478,0.011288778,-26682.796348847667,176.0,S_1973
2024-05-10 21:30:12,-49.578,18.75917,-60.38718,327.14267,874.3644,0.011359275,-26573.2341604901,176.0,S_1973
2024-05-10 21:30:13,-49.531166,18.757889,-60.331226,327.1007,874.34955,0.011429774,-26462.771376846606,176.0,S_1973
2024-05-10 21:30:14,-49.484333,18.756607,-60.275272,327.05875,874.257,0.011500272,-26343.386534357196,176.0,S_1973
2024-05-10 21:30:15,-49.4375,18.75534,-60.212326,327.01678,874.1569,0.01157077,-26228.01168890891,176.0,S_1973
2024-05-10 21:30:16,-49.390667,18.754059,-60.156372,326.97482,874.1255,0.011641269,-26124.57273423468,176.0,S_1973
2024-05-10 21:30:17,-49.34383,18.752792,-60.107414,326.93286,874.14215,0.011711767,-26017.69341854562,176.0,S_1973
2024-05-10 21:30:18,-49.296997,18.75151,-60.05146,326.8979,874.15515,0.011782265,-25905.316462022936,176.0,S_1973
2024-05-10 21:30:19,-49.250164,18.750244,-59.995506,326.85593,874.1514,0.011852764,-25793.556340738694,176.0,S_1973
2024-05-10 21:30:20,-49.20333,18.748978,-59.939556,326.82095,874.1607,0.011923262,-25671.487049743737,176.0,S_1973
2024-05-10 21:30:21,-49.156498,18.747711,-59.87661,326.779,874.17175,0.01199376,-25553.309064676563,176.0,S_1973
2024-05-10 21:30:22,-49.109665,18.746445,-59.820656,326.73703,874.1163,0.012064259,-25440.17909879476,176.0,S_1973
2024-05-10 21:30:23,-49.06283,18.745193,-59.7647,326.70206,874.00696,0.012134757,-25334.223561321676,176.0,S_1973
2024-05-10 21:30:24,-49.016,18.743927,-59.715744,326.6601,873.9366,0.012205255,-25222.570189883278,176.0,S_1973
2024-05-10 21:30:25,-48.969166,18.742676,-59.65979,326.61813,873.9366,0.012275754,-25117.138813074213,176.0,S_1973
2024-05-10 21:30:26,-48.922333,18.741425,-59.610832,326.58316,873.9588,0.012346252,-24995.908643465795,176.0,S_1973
2024-05-10 21:30:27,-48.8755,18.740158,-59.547886,326.5412,873.9588,0.01241675,-24867.274545439577,176.0,S_1973
2024-05-10 21:30:28,-48.828667,18.738922,-59.48494,326.50623,873.9588,0.0124872485,-24746.239478374482,176.0,S_1973
2024-05-10 21:30:29,-48.78183,18.73767,-59.428986,326.46426,873.97546,0.012557747,-24639.185865840103,176.0,S_1973
2024-05-10 21:30:30,-48.734997,18.73642,-59.380028,326.4293,873.96063,0.012628245,-24526.78268145208,176.0,S_1973
2024-05-10 21:30:31,-48.688164,18.735168,-59.324074,326.39432,873.86804,0.0126987435,-24409.96764620491,176.0,S_1973
2024-05-10 21:30:32,-48.64133,18.733932,-59.26812,326.35934,873.7662,0.012769241,-24291.003712910882,176.0,S_1973
2024-05-10 21:30:33,-48.594498,18.732697,-59.212166,326.31738,873.7421,0.012839739,-24172.86280374392,176.0,S_1973
2024-05-10 21:30:34,-48.547665,18.73146,-59.156216,326.2824,873.7625,0.012910238,-24052.956706254743,176.0,S_1973
2024-05-10 21:30:35,-48.50083,18.730225,-59.10026,326.24045,873.7736,0.012980736,-23933.897249960166,176.0,S_1973
2024-05-10 21:30:36,-48.454,18.728989,-59.044308,326.20547,873.76807,0.013051234,-23813.049980280484,176.0,S_1973
2024-05-10 21:30:37,-48.407166,18.727753,-58.988358,326.1635,873.7606,0.0131217325,-23693.079213103323,176.0,S_1973
2024-05-10 21:30:38,-48.360332,18.726517,-58.932404,326.12854,873.75696,0.013192231,-23571.28177431262,176.0,S_1973
2024-05-10 21:30:39,-48.3135,18.725296,-58.87645,326.08658,873.7736,0.013262729,-23450.394775178283,176.0,S_1973
2024-05-10 21:30:40,-48.266666,18.724075,-58.820496,326.0516,873.7829,0.0133332275,-23329.46730353443,176.0,S_1973
2024-05-10 21:30:41,-48.21983,18.72284,-58.764545,326.01663,873.7273,0.013403726,-23217.94294787453,176.0,S_1973
2024-05-10 21:30:42,-48.172997,18.721619,-58.715584,325.98166,873.6162,0.013474224,-23088.336354405546,176.0,S_1973
2024-05-10 21:30:43,-48.126163,18.720413,-58.652637,325.9397,873.5514,0.013544722,-22961.68807403918,176.0,S_1973
2024-05-10 21:30:44,-48.07933,18.719193,-58.596684,325.90472,873.5588,0.013615221,-22827.100981785392,176.0,S_1973
2024-05-10 21:30:45,-48.032497,18.717972,-58.533737,325.86276,873.5718,0.013685719,-22709.610359160055,176.0,S_1973
2024-05-10 21:30:46,-47.985664,18.716766,-58.48478,325.8278,873.568,0.013756217,-22589.856349810623,176.0,S_1973
2024-05-10 21:30:47,-47.93883,18.715546,-58.428825,325.79282,873.568,0.013826716,-22465.72027700959,176.0,S_1973
2024-05-10 21:30:48,-47.892,18.71434,-58.372875,325.75784,873.58655,0.013897214,-22330.774976646033,176.0,S_1973
2024-05-10 21:30:49,-47.845165,18.713135,-58.309925,325.72287,873.5718,0.013967712,-22201.797285882756,176.0,S_1973
2024-05-10 21:30:50,-47.798332,18.71193,-58.253975,325.6879,873.47723,0.014038211,-22074.31599259196,176.0,S_1973
2024-05-10 21:30:51,-47.7515,18.710724,-58.19802,325.64594,873.37726,0.014108709,-21958.304304278136,176.0,S_1973
2024-05-10 21:30:52,-47.704666,18.709534,-58.149063,325.61096,873.35504,0.014179206,-21835.7858722605,176.0,S_1973
2024-05-10 21:30:53,-47.657833,18.708328,-58.09311,325.576,873.37354,0.014249705,-21708.889082534923,176.0,S_1973
2024-05-10 21:30:54,-47.610996,18.707138,-58.037155,325.54102,873.37726,0.014320203,-21570.88643076588,176.0,S_1973
2024-05-10 21:30:55,-47.564163,18.705933,-57.97421,325.50604,873.3717,0.014390701,-21439.167192855006,176.0,S_1973
2024-05-10 21:30:56,-47.51733,18.704742,-57.918255,325.4711,873.3828,0.0144612,-21321.51164794265,176.0,S_1973
2024-05-10 21:30:57,-47.470497,18.703552,-57.869297,325.43613,873.3939,0.014531698,-21196.68561247208,176.0,S_1973
2024-05-10 21:30:58,-47.423664,18.702362,-57.813343,325.40115,873.3365,0.014602196,-21067.495706177986,176.0,S_1973
2024-05-10 21:30:59,-47.37683,18.701187,-57.757393,325.36618,873.22723,0.014672695,-20935.7340734429,176.0,S_1973
2024-05-10 21:31:00,-47.329998,18.699997,-57.70144,325.32422,873.1624,0.014743193,-20805.220767601248,176.0,S_1973
2024-05-10 21:31:01,-47.28333,18.698822,-57.645485,325.28925,873.16986,0.014813691,-20674.650329944532,176.0,S_1973
2024-05-10 21:31:02,-47.236652,18.697647,-57.589535,325.25427,873.1828,0.01488419,-20534.17279928882,176.0,S_1973
2024-05-10 21:31:03,-47.189972,18.696472,-57.526585,325.2263,873.17725,0.014954688,-20399.176512462247,176.0,S_1973
2024-05-10 21:31:04,-47.143288,18.695297,-57.470634,325.1913,873.18835,0.015025186,-20278.230170634357,176.0,S_1973
2024-05-10 21:31:05,-47.096596,18.694138,-57.421673,325.15634,873.20685,0.015095685,-20149.710318837097,176.0,S_1973
2024-05-10 21:31:06,-47.0499,18.692963,-57.365723,325.12137,873.1828,0.015166183,-20016.831702390904,176.0,S_1973
2024-05-10 21:31:07,-47.003197,18.691803,-57.30977,325.0864,873.0865,0.015236681,-19872.192659595647,176.0,S_1973
2024-05-10 21:31:08,-46.956486,18.690628,-57.246822,325.05145,872.9884,0.01530718,-19734.502789437334,176.0,S_1973
2024-05-10 21:31:09,-46.909775,18.689468,-57.19087,325.01648,872.9661,0.015377678,-19600.23829644831,176.0,S_1973
2024-05-10 21:31:10,-46.863052,18.688309,-57.134914,324.9815,872.9846,0.015448176,-19465.518361244773,176.0,S_1973
2024-05-10 21:31:11,-46.81633,18.68715,-57.078964,324.94653,872.9865,0.015518675,-19330.332868815938,176.0,S_1973
2024-05-10 21:31:12,-46.7696,18.686005,-57.02301,324.91156,872.9846,0.015589172,-19206.096834935466,176.0,S_1973
2024-05-10 21:31:13,-46.722862,18.684845,-56.974052,324.8766,872.9976,0.015659671,-19075.82476586729,176.0,S_1973
2024-05-10 21:31:14,-46.67612,18.683685,-56.9181,324.8486,872.9865,0.015730169,-18927.979794656567,176.0,S_1973
2024-05-10 21:31:15,-46.629375,18.68254,-56.855152,324.81363,872.91614,0.015800668,-18787.068043470994,176.0,S_1973
2024-05-10 21:31:16,-46.582623,18.681396,-56.7992,324.77866,872.8254,0.015871165,-18649.570764609307,176.0,S_1973
2024-05-10 21:31:17,-46.535862,18.680252,-56.743244,324.74368,872.7772,0.015941665,-18525.55312717508,176.0,S_1973
2024-05-10 21:31:18,-46.489098,18.679108,-56.694286,324.71573,872.7828,0.016012162,-18379.529042116963,176.0,S_1973
2024-05-10 21:31:19,-46.44233,18.677963,-56.63134,324.68076,872.79205,0.016082661,-18236.77410830623,176.0,S_1973
2024-05-10 21:31:20,-46.395554,18.676819,-56.575386,324.64578,872.7883,0.016153159,-18085.46396407846,176.0,S_1973
2024-05-10 21:31:21,-46.348774,18.675674,-56.51244,324.6108,872.7958,0.016223658,-17941.787382526978,176.0,S_1973
2024-05-10 21:31:22,-46.301987,18.674545,-56.456486,324.57584,872.805,0.016294155,-17813.420364725665,176.0,S_1973
2024-05-10 21:31:23,-46.255196,18.673416,-56.407528,324.54086,872.76245,0.016438011,-17665.794204177175,176.0,S_1973
2024-05-10 21:31:24,-46.2084,18.672272,-56.34458,324.51288,872.6735,0.01662744,-17519.857022195647,176.0,S_1973
2024-05-10 21:31:25,-46.1616,18.671143,-56.288628,324.47794,872.59753,0.015745014,-17383.2136383405,176.0,S_1973
2024-05-10 21:31:26,-46.114788,18.670013,-56.232674,324.44296,872.58276,0.015174868,-17250.339060479644,176.0,S_1973
2024-05-10 21:31:27,-46.067974,18.668884,-56.176723,324.408,872.59576,0.015103036,-17131.172286450193,176.0,S_1973
2024-05-10 21:31:28,-46.021156,18.66777,-56.12776,324.38,872.59576,0.015031204,-17003.4828296028,176.0,S_1973
2024-05-10 21:31:29,-45.97433,18.666641,-56.07181,324.34503,872.59576,0.014959372,-16873.9920637374,176.0,S_1973
2024-05-10 21:31:30,-45.927498,18.665527,-56.015858,324.31705,872.61426,0.01488754,-16743.39683239683,176.0,S_1973
2024-05-10 21:31:31,-45.880665,18.664398,-55.959904,324.28207,872.5994,0.014815708,-16603.705225312224,176.0,S_1973
2024-05-10 21:31:32,-45.83382,18.663284,-55.896957,324.25412,872.50684,0.014743876,-16470.22057667651,176.0,S_1973
2024-05-10 21:31:33,-45.786976,18.66217,-55.841003,324.21915,872.405,0.014672044,-16329.838972987694,176.0,S_1973
2024-05-10 21:31:34,-45.740124,18.661057,-55.778057,324.18417,872.3735,0.014600212,-16196.937356266091,176.0,S_1973
2024-05-10 21:31:35,-45.693264,18.659943,-55.722103,324.1492,872.392,0.01452838,-16070.294583264156,176.0,S_1973
2024-05-10 21:31:36,-45.6464,18.658829,-55.666153,324.12122,872.40314,0.014456548,-15955.269312220524,176.0,S_1973
2024-05-10 21:31:37,-45.59953,18.65773,-55.61719,324.09323,872.3994,0.014384715,-15831.867456884982,176.0,S_1973
2024-05-10 21:31:38,-45.552654,18.656616,-55.56124,324.0583,872.4087,0.014312883,-15706.644082408413,176.0,S_1973
2024-05-10 21:31:39,-45.505775,18.655518,-55.505287,324.0303,872.4198,0.014241051,-15580.347177265241,176.0,S_1973
2024-05-10 21:31:40,-45.45889,18.654419,-55.449333,323.99533,872.3661,0.014169219,-15454.164929846753,176.0,S_1973
2024-05-10 21:31:41,-45.412,18.65332,-55.393383,323.96036,872.25494,0.014097387,-15328.459042389455,176.0,S_1973
2024-05-10 21:31:42,-45.3651,18.652222,-55.33743,323.92538,872.18646,0.014025555,-15194.586148405782,176.0,S_1973
2024-05-10 21:31:43,-45.3182,18.651123,-55.274483,323.8974,872.1901,0.013953723,-15068.283772272698,176.0,S_1973
2024-05-10 21:31:44,-45.27129,18.650024,-55.21853,323.86945,872.2216,0.013881891,-14956.6159995723,176.0,S_1973
2024-05-10 21:31:45,-45.224377,18.648941,-55.16957,323.84146,872.242,0.013810059,-14837.01519943506,176.0,S_1973
2024-05-10 21:31:46,-45.177456,18.647842,-55.113617,323.8065,872.2105,0.013738227,-14713.704996278742,176.0,S_1973
2024-05-10 21:31:47,-45.13053,18.646759,-55.057663,323.7715,872.1105,0.013666395,-14582.48302552459,176.0,S_1973
2024-05-10 21:31:48,-45.0836,18.645676,-54.994717,323.74353,872.01416,0.013594563,-14456.682575230487,176.0,S_1973
2024-05-10 21:31:49,-45.036663,18.644592,-54.938763,323.70856,871.99384,0.013857897,-14334.522358139395,176.0,S_1973
2024-05-10 21:31:50,-44.989723,18.643509,-54.882812,323.6806,872.0105,0.013196599,-14217.012600591319,176.0,S_1973
2024-05-10 21:31:51,-44.942776,18.642426,-54.82686,323.65262,872.01416,0.012535301,-14102.055760200295,176.0,S_1973
2024-05-10 21:31:52,-44.895824,18.641342,-54.770905,323.61765,872.0124,0.014274021,-13977.212644680141,176.0,S_1973
2024-05-10 21:31:53,-44.848866,18.640259,-54.71495,323.58966,872.0253,0.012313832,-13856.211266010694,176.0,S_1973
2024-05-10 21:31:54,-44.8019,18.63919,-54.652004,323.5617,872.01416,0.012887839,-13735.13698615026,176.0,S_1973
2024-05-10 21:31:55,-44.754932,18.638123,-54.596054,323.52673,871.942,0.01193157,-13634.391992888748,176.0,S_1973
2024-05-10 21:31:56,-44.707954,18.637054,-54.547092,323.49875,871.85126,0.012459378,-13525.52433987541,176.0,S_1973
2024-05-10 21:31:57,-44.660976,18.635971,-54.491142,323.47076,871.80493,0.012217043,-13403.710646703796,176.0,S_1973
2024-05-10 21:31:58,-44.61399,18.634918,-54.428192,323.4358,871.8105,0.011535471,-13292.908073540471,176.0,S_1973
2024-05-10 21:31:59,-44.566998,18.63385,-54.372242,323.40784,871.81976,0.011514803,-13186.398852657207,176.0,S_1973
2024-05-10 21:32:00,-44.52,18.632782,-54.316288,323.37985,871.81604,0.010604871,-13084.293974689717,176.0,S_1973
2024-05-10 21:32:01,-44.472996,18.631714,-54.260334,323.34488,871.8234,0.010837256,-12989.900471316636,176.0,S_1973
2024-05-10 21:32:02,-44.42599,18.630646,-54.211376,323.3169,871.8309,0.01070983,-12892.435397426918,176.0,S_1973
2024-05-10 21:32:03,-44.378975,18.629578,-54.155422,323.2889,871.7901,0.010582402,-12790.505638490271,176.0,S_1973
2024-05-10 21:32:04,-44.331955,18.62851,-54.099472,323.25394,871.7012,0.010875565,-12679.688324603674,176.0,S_1973
2024-05-10 21:32:05,-44.28493,18.627457,-54.036522,323.22598,871.62524,0.010829576,-12565.783294619207,176.0,S_1973
2024-05-10 21:32:06,-44.2379,18.626389,-53.973576,323.198,871.60864,0.010270564,-12462.161789756181,176.0,S_1973
2024-05-10 21:32:07,-44.190865,18.625336,-53.91762,323.16302,871.6216,0.009711552,-12367.100765239331,176.0,S_1973
2024-05-10 21:32:08,-44.14382,18.624283,-53.86167,323.13504,871.6216,0.009708837,-12272.424071018148,176.0,S_1973
2024-05-10 21:32:09,-44.096775,18.62323,-53.805717,323.1071,871.6216,0.009587095,-12178.543976784611,176.0,S_1973
2024-05-10 21:32:10,-44.04972,18.622177,-53.749763,323.0791,871.64014,0.009465353,-12085.468957922509,176.0,S_1973
2024-05-10 21:32:11,-44.002663,18.621124,-53.693813,323.05112,871.62524,0.009343611,-11998.588857333787,176.0,S_1973
2024-05-10 21:32:12,-43.9556,18.620087,-53.64485,323.01614,871.5345,0.0092218695,-11910.547315954827,176.0,S_1973
2024-05-10 21:32:13,-43.90853,18.619034,-53.5889,322.9882,871.4308,0.009100127,-11819.881738162177,176.0,S_1973
2024-05-10 21:32:14,-43.861454,18.617996,-53.532948,322.9602,871.39374,0.0089783855,-11730.01576998402,176.0,S_1973
2024-05-10 21:32:15,-43.814373,18.616959,-53.476994,322.93222,871.41046,0.0077242646,-11642.526233335055,176.0,S_1973
2024-05-10 21:32:16,-43.76729,18.615921,-53.414047,322.90424,871.44196,0.009264162,-11538.892274890793,176.0,S_1973
2024-05-10 21:32:17,-43.720196,18.614883,-53.3511,322.86926,871.4512,0.01129453,-11429.911051232557,176.0,S_1973
2024-05-10 21:32:18,-43.6731,18.613861,-53.295147,322.8413,871.3901,0.009183448,-11338.76632120971,176.0,S_1973
2024-05-10 21:32:19,-43.625996,18.612823,-53.239193,322.81332,871.27893,0.0076745693,-11257.447548811208,176.0,S_1973
2024-05-10 21:32:20,-43.578888,18.611801,-53.183243,322.78534,871.216,0.009846347,-11169.313409059105,176.0,S_1973
2024-05-10 21:32:21,-43.531773,18.610779,-53.13428,322.75735,871.2234,0.011601285,-11057.549146333142,176.0,S_1973
2024-05-10 21:32:22,-43.484653,18.609741,-53.071335,322.7294,871.2364,0.009542387,-10960.368871498824,176.0,S_1973
2024-05-10 21:32:23,-43.43753,18.608734,-53.01538,322.70142,871.23083,0.012275466,-10839.98099134468,176.0,S_1973
2024-05-10 21:32:24,-43.3904,18.607712,-52.952435,322.67343,871.24194,0.013497835,-10717.108693845745,176.0,S_1973
2024-05-10 21:32:25,-43.34326,18.60669,-52.896484,322.64548,871.26044,0.010282364,-10618.90365320108,176.0,S_1973
2024-05-10 21:32:26,-43.29612,18.605682,-52.84053,322.6175,871.2364,0.010882513,-10515.148010381847,176.0,S_1973
2024-05-10 21:32:27,-43.248974,18.60466,-52.784576,322.58252,871.1401,0.014119831,-10391.653380727963,176.0,S_1973
2024-05-10 21:32:28,-43.20182,18.603653,-52.728622,322.55453,871.0419,0.011288397,-10295.294285863376,176.0,S_1973
2024-05-10 21:32:29,-43.154663,18.602646,-52.679665,322.52655,871.016,0.011958626,-10189.967230887021,176.0,S_1973
2024-05-10 21:32:30,-43.1075,18.601639,-52.62371,322.4986,871.0382,0.009887593,-10086.992663624755,176.0,S_1973
2024-05-10 21:32:31,-43.06033,18.600632,-52.560764,322.4706,871.05853,0.011101587,-9971.487147019478,176.0,S_1973
2024-05-10 21:32:32,-43.013153,18.59964,-52.497818,322.44263,871.0419,0.0117488485,-9868.782029340975,176.0,S_1973
2024-05-10 21:32:33,-42.965973,18.598633,-52.44886,322.41464,870.96594,0.012233885,-9761.699295497165,176.0,S_1973
2024-05-10 21:32:34,-42.91879,18.597641,-52.392906,322.3867,870.8771,0.0127189215,-9647.73271327997,176.0,S_1973
2024-05-10 21:32:35,-42.871597,18.59665,-52.336952,322.3587,870.83264,0.013203958,-9520.744362591053,176.0,S_1973
2024-05-10 21:32:36,-42.824398,18.595657,-52.274006,322.33072,870.8382,0.013688995,-9396.765215379797,176.0,S_1973
2024-05-10 21:32:37,-42.777195,18.594666,-52.218052,322.30276,870.8456,0.014174031,-9273.356907158188,176.0,S_1973
2024-05-10 21:32:38,-42.72999,18.593674,-52.1621,322.27478,870.84186,0.013703261,-9163.14995122829,176.0,S_1973
2024-05-10 21:32:39,-42.682774,18.592697,-52.11314,322.2468,870.853,0.012882402,-9051.889694778365,176.0,S_1973
2024-05-10 21:32:40,-42.635555,18.591705,-52.05719,322.2188,870.86224,0.01262423,-8930.588111440127,176.0,S_1973
2024-05-10 21:32:41,-42.58833,18.590729,-51.994244,322.19785,870.80853,0.013845962,-8805.965497374913,176.0,S_1973
2024-05-10 21:32:42,-42.5411,18.589752,-51.93829,322.16986,870.69745,0.0141665535,-8672.06360911882,176.0,S_1973
2024-05-10 21:32:43,-42.493862,18.588776,-51.875343,322.14188,870.62885,0.0144871455,-8542.966486942125,176.0,S_1973
2024-05-10 21:32:44,-42.44662,18.5878,-51.81939,322.11392,870.62885,0.0148077365,-8413.13772824331,176.0,S_1973
2024-05-10 21:32:45,-42.399372,18.586823,-51.763435,322.07895,870.64923,0.015128328,-8285.1678293453,176.0,S_1973
2024-05-10 21:32:46,-42.35212,18.585861,-51.70748,322.05795,870.64923,0.01544892,-8153.856501934279,176.0,S_1973
2024-05-10 21:32:47,-42.304863,18.584885,-51.65153,322.02997,870.64923,0.015769511,-8031.795875154858,176.0,S_1973
2024-05-10 21:32:48,-42.2576,18.583923,-51.602573,322.002,870.66595,0.016090104,-7899.690878934634,176.0,S_1973
2024-05-10 21:32:49,-42.21033,18.582962,-51.54662,321.97403,870.653,0.016410695,-7749.552276974777,176.0,S_1973
2024-05-10 21:32:50,-42.163055,18.582,-51.483673,321.94604,870.56036,0.016731286,-7595.319834545153,176.0,S_1973
2024-05-10 21:32:51,-42.115772,18.58104,-51.420723,321.92508,870.4585,0.01705188,-7449.901704798554,176.0,S_1973
2024-05-10 21:32:52,-42.06849,18.580078,-51.364773,321.8971,870.4289,0.01737247,-7318.583891037531,176.0,S_1973
2024-05-10 21:32:53,-42.021194,18.579132,-51.31581,321.8691,870.45294,0.017693063,-7162.8469939093775,176.0,S_1973
2024-05-10 21:32:54,-41.9739,18.57817,-51.252865,321.84113,870.48444,0.018013654,-7010.873763028954,176.0,S_1973
2024-05-10 21:32:55,-41.926598,18.577225,-51.196915,321.81317,870.4826,0.018334245,-6860.485735594571,176.0,S_1973
2024-05-10 21:32:56,-41.879288,18.576279,-51.14096,321.7852,870.41406,0.018654838,-6710.4329159806075,176.0,S_1973
2024-05-10 21:32:57,-41.831974,18.575333,-51.085007,321.7642,870.3048,0.01897543,-6556.198845407678,176.0,S_1973
2024-05-10 21:32:58,-41.784653,18.574387,-51.029053,321.73624,870.2437,0.01929602,-6385.161595643032,176.0,S_1973
2024-05-10 21:32:59,-41.737328,18.573456,-50.966106,321.70825,870.2511,0.019616613,-6222.751140556968,176.0,S_1973
2024-05-10 21:33:00,-41.69,18.57251,-50.910152,321.68027,870.2622,0.019937204,-6061.949634831108,176.0,S_1973
2024-05-10 21:33:01,-41.642662,18.571564,-50.854202,321.6523,870.2585,0.020257797,-5916.9901769268035,176.0,S_1973
2024-05-10 21:33:02,-41.59532,18.570633,-50.805244,321.63132,870.2659,0.020578388,-5755.975170735677,176.0,S_1973
2024-05-10 21:33:03,-41.547974,18.569702,-50.74929,321.60333,870.2733,0.020416671,-5592.051875189252,176.0,S_1973
2024-05-10 21:33:04,-41.50062,18.568771,-50.693336,321.57538,870.23444,0.01991247,-5431.416388175188,176.0,S_1973
2024-05-10 21:33:05,-41.453262,18.56784,-50.637383,321.5474,870.1455,0.01957924,-5258.373319898368,176.0,S_1973
2024-05-10 21:33:06,-41.4059,18.56691,-50.574436,321.5194,870.06775,0.020067401,-5095.755705406627,176.0,S_1973
2024-05-10 21:33:07,-41.35853,18.565994,-50.518482,321.49844,870.0455,0.019933544,-4920.459933984734,176.0,S_1973
2024-05-10 21:33:08,-41.311153,18.565063,-50.455536,321.47046,870.0641,0.019799689,-4756.936819645896,176.0,S_1973
2024-05-10 21:33:09,-41.263775,18.564148,-50.399586,321.44247,870.08813,0.019665834,-4597.945262654932,176.0,S_1973
2024-05-10 21:33:10,-41.21639,18.563232,-50.34363,321.4145,870.06775,0.019531976,-4457.191724434117,176.0,S_1973
2024-05-10 21:33:11,-41.168995,18.562317,-50.294674,321.39352,869.9751,0.021486023,-4290.272347446575,176.0,S_1973
2024-05-10 21:33:12,-41.1216,18.561401,-50.23872,321.36554,869.8751,0.022681575,-4114.640449376311,176.0,S_1973
2024-05-10 21:33:13,-41.074196,18.560486,-50.182766,321.34454,869.83624,0.023444543,-3913.8301580517727,176.0,S_1973
2024-05-10 21:33:14,-41.026787,18.55957,-50.11982,321.3166,869.85297,0.023673333,-3725.020579801625,176.0,S_1973
2024-05-10 21:33:15,-40.979374,18.55867,-50.063866,321.2886,869.8862,0.023902126,-3523.478279385221,176.0,S_1973
2024-05-10 21:33:16,-40.931953,18.55777,-50.00092,321.2676,869.8937,0.023843339,-3333.8863755642233,176.0,S_1973
2024-05-10 21:33:17,-40.88453,18.55687,-49.944965,321.23965,869.8326,0.023784552,-3148.0147456785344,176.0,S_1973
2024-05-10 21:33:18,-40.8371,18.55597,-49.889015,321.21167,869.72144,0.023725765,-2962.5230098566535,176.0,S_1973
2024-05-10 21:33:19,-40.789665,18.555069,-49.83306,321.1837,869.65845,0.023666978,-2762.72674285587,176.0,S_1973
2024-05-10 21:33:20,-40.74222,18.554169,-49.770115,321.16272,869.6659,0.023608191,-2574.6794889749726,176.0,S_1973
2024-05-10 21:33:21,-40.694775,18.553284,-49.71416,321.13474,869.67883,0.023549404,-2393.5929444704234,176.0,S_1973
2024-05-10 21:33:22,-40.647324,18.552399,-49.658207,321.11374,869.6751,0.023490617,-2209.976653130798,176.0,S_1973
2024-05-10 21:33:23,-40.599865,18.551498,-49.602257,321.0858,869.6844,0.02343183,-2026.4282367699343,176.0,S_1973
2024-05-10 21:33:24,-40.5524,18.550613,-49.546303,321.0578,869.7029,0.023373043,-1843.2656122111075,176.0,S_1973
2024-05-10 21:33:25,-40.50493,18.549728,-49.49035,321.02982,869.67883,0.023314254,-1663.7431451951416,176.0,S_1973
2024-05-10 21:33:26,-40.457455,18.548859,-49.434395,321.00885,869.58435,0.023255467,-1481.6654993921256,176.0,S_1973
2024-05-10 21:33:27,-40.409973,18.547974,-49.378445,320.98087,869.4844,0.02319668,-1302.9089489277976,176.0,S_1973
2024-05-10 21:33:28,-40.362488,18.547104,-49.32249,320.95987,869.45654,0.023137894,-1104.4137371354154,176.0,S_1973
2024-05-10 21:33:29,-40.315,18.546219,-49.259544,320.93192,869.4807,0.023079107,-922.8207232381246,176.0,S_1973
2024-05-10 21:33:30,-40.2675,18.54535,-49.20359,320.91092,869.50476,0.02302032,-742.2857827228581,176.0,S_1973
2024-05-10 21:33:31,-40.219997,18.54448,-49.147636,320.88293,869.4844,0.022961533,-565.1017737703078,176.0,S_1973
2024-05-10 21:33:32,-40.17249,18.54361,-49.091686,320.86197,869.3917,0.022902746,-385.348228517847,176.0,S_1973
2024-05-10 21:33:33,-40.124973,18.542755,-49.035732,320.83398,869.2899,0.022843959,-208.93168396310648,176.0,S_1973
2024-05-10 21:33:34,-40.077457,18.541885,-48.97978,320.81302,869.25287,0.022785172,-29.953704062689212,176.0,S_1973
2024-05-10 21:33:35,-40.02993,18.54103,-48.923824,320.78503,869.2696,0.021238133,0.0,176.0,S_1973
