datetime,mlat,mlt,glat,glon,alt,Ex,pot,cpcp_kV,pass_id
2024-05-13 12:49:13,40.045925,17.59439,44.454586,73.109474,843.9842,-0.0017018082,-10.957671843943611,35.0,N_754
2024-05-13 12:49:14,40.107033,17.593353,44.51054,73.088486,843.9823,-0.0016915697,-37.99059203284056,35.0,N_754
2024-05-13 12:49:15,40.168125,17.5923,44.573486,73.067505,843.9823,-0.0016798226,-65.40802049995074,35.0,N_754
2024-05-13 12:49:16,40.2292,17.591263,44.62944,73.046524,843.9823,-0.0016665187,-91.0008917242358,35.0,N_754
2024-05-13 12:49:17,40.290257,17.59021,44.685394,73.02554,843.9823,-0.0016561681,-116.52556405328816,35.0,N_754
2024-05-13 12:49:18,40.3513,17.589172,44.741344,73.00456,843.9823,-0.0016457783,-143.22304766348066,35.0,N_754
2024-05-13 12:49:19,40.412323,17.58812,44.804295,72.983574,843.9823,-0.0017945536,-172.7267930718608,35.0,N_754
2024-05-13 12:49:20,40.47333,17.587067,44.86724,72.96259,843.9823,-0.0016276501,-199.80135119335392,35.0,N_754
2024-05-13 12:49:21,40.534325,17.586014,44.92319,72.94161,843.9842,-0.0016114183,-225.03139665110592,35.0,N_754
2024-05-13 12:49:22,40.5953,17.58496,44.979145,72.92063,843.9823,-0.001597892,-250.43519126183625,35.0,N_754
2024-05-13 12:49:23,40.656258,17.583908,45.0351,72.892654,843.9823,-0.0019213276,-279.43054083217555,35.0,N_754
2024-05-13 12:49:24,40.717197,17.582855,45.098045,72.87167,843.9823,-0.0019037252,-308.58268519458903,35.0,N_754
2024-05-13 12:49:25,40.778122,17.581802,45.154,72.8437,843.98785,-0.002049045,-336.9540032965209,35.0,N_754
2024-05-13 12:49:26,40.83903,17.580734,45.209953,72.822716,843.9842,-0.0020357782,-364.90785648528777,35.0,N_754
2024-05-13 12:49:27,40.899925,17.579681,45.265903,72.80173,843.9657,-0.0020371433,-394.40500158650065,35.0,N_754
2024-05-13 12:49:28,40.9608,17.578613,45.32885,72.78075,843.97675,-0.0016956541,-421.9003318565,35.0,N_754
2024-05-13 12:49:29,41.021656,17.57756,45.384804,72.759766,844.06384,-0.0018587896,-448.71133522920445,35.0,N_754
2024-05-13 12:49:30,41.082497,17.576492,45.440758,72.738785,844.1675,-0.0018482687,-475.45310612072103,35.0,N_754
2024-05-13 12:49:31,41.143322,17.575424,45.49671,72.717804,844.2064,-0.0020000099,-503.1688112497455,35.0,N_754
2024-05-13 12:49:32,41.204132,17.574356,45.55266,72.696815,844.19165,-0.0019865679,-532.581292050575,35.0,N_754
2024-05-13 12:49:33,41.264923,17.573288,45.615612,72.66884,844.17303,-0.0019686094,-562.1539260035094,35.0,N_754
2024-05-13 12:49:34,41.3257,17.57222,45.671562,72.64786,844.1749,-0.0019640129,-591.1141226167433,35.0,N_754
2024-05-13 12:49:35,41.386456,17.571152,45.73451,72.62688,844.17865,-0.0019519121,-618.7854172375783,35.0,N_754
2024-05-13 12:49:36,41.447197,17.570068,45.78347,72.605896,844.17865,-0.001936842,-644.3539007325173,35.0,N_754
2024-05-13 12:49:37,41.507923,17.569,45.83942,72.584915,844.1768,-0.001766124,-672.1398929772128,35.0,N_754
2024-05-13 12:49:38,41.56863,17.567932,45.90237,72.55694,844.1768,-0.0019169883,-702.819150448698,35.0,N_754
2024-05-13 12:49:39,41.629322,17.566849,45.965317,72.53596,844.17865,-0.0019047259,-730.2136938884518,35.0,N_754
2024-05-13 12:49:40,41.69,17.565765,46.014275,72.51497,844.17865,-0.0018955071,-755.5104197017406,35.0,N_754
2024-05-13 12:49:41,41.750656,17.564682,46.07023,72.49399,844.1768,-0.0017211159,-781.4157486665428,35.0,N_754
2024-05-13 12:49:42,41.8113,17.563614,46.12618,72.47301,844.1768,-0.0018709082,-809.9588320656118,35.0,N_754
2024-05-13 12:49:43,41.87192,17.56253,46.18913,72.44503,844.1768,-0.0018584911,-838.8051826949686,35.0,N_754
2024-05-13 12:49:44,41.932533,17.561432,46.24508,72.42405,844.17865,-0.0018475887,-867.1728425147099,35.0,N_754
2024-05-13 12:49:45,41.993122,17.560349,46.30803,72.39607,844.17865,-0.0016709812,-894.8106425083497,35.0,N_754
2024-05-13 12:49:46,42.0537,17.559265,46.36398,72.37509,844.1768,-0.0018211374,-921.3496458315021,35.0,N_754
2024-05-13 12:49:47,42.114258,17.558182,46.419933,72.35411,844.1768,-0.0018101239,-947.8174727595651,35.0,N_754
2024-05-13 12:49:48,42.174797,17.557083,46.475887,72.33312,844.1805,-0.0017990734,-975.5714101834762,35.0,N_754
2024-05-13 12:49:49,42.23532,17.556,46.538834,72.31214,844.17865,-0.0017864206,-1003.8904982639467,35.0,N_754
2024-05-13 12:49:50,42.29583,17.554901,46.594788,72.284164,844.1638,-0.0017752954,-1030.457373603084,35.0,N_754
2024-05-13 12:49:51,42.356323,17.553802,46.650738,72.26318,844.17303,-0.0015963018,-1055.7894120945343,35.0,N_754
2024-05-13 12:49:52,42.416798,17.552704,46.70669,72.23521,844.23975,-0.0017499696,-1083.5139507773665,35.0,N_754
2024-05-13 12:49:53,42.477257,17.551605,46.769638,72.214226,844.3305,-0.0017371627,-1112.5434343807797,35.0,N_754
2024-05-13 12:49:54,42.537697,17.550507,46.832584,72.193245,844.3842,-0.0017243118,-1139.1825313413065,35.0,N_754
2024-05-13 12:49:55,42.59812,17.549408,46.881546,72.16527,844.3824,-0.0017116228,-1163.602803199302,35.0,N_754
2024-05-13 12:49:56,42.65853,17.54831,46.937496,72.14429,844.3694,-0.001700283,-1190.6332669114981,35.0,N_754
2024-05-13 12:49:57,42.71892,17.54721,47.000446,72.1233,844.3694,-0.0015217161,-1218.1106494682485,35.0,N_754
2024-05-13 12:49:58,42.779297,17.546097,47.063393,72.10232,844.3731,-0.0016743182,-1244.4467600943385,35.0,N_754
2024-05-13 12:49:59,42.839657,17.544998,47.11235,72.07434,844.3731,-0.0016644626,-1268.5562339127223,35.0,N_754
2024-05-13 12:50:00,42.899998,17.543884,47.168304,72.05336,844.3713,-0.0016500178,-1293.9714849328839,35.0,N_754
2024-05-13 12:50:01,42.960323,17.542786,47.224255,72.03238,844.3713,-0.0014724076,-1319.5574304101815,35.0,N_754
2024-05-13 12:50:02,43.02063,17.541687,47.287205,72.0044,844.3731,-0.0016253446,-1346.869232009794,35.0,N_754
2024-05-13 12:50:03,43.08092,17.540588,47.343155,71.98342,844.3731,-0.001613755,-1373.4842959905072,35.0,N_754
2024-05-13 12:50:04,43.141197,17.539474,47.406105,71.955444,844.3731,-0.0016005234,-1400.6326527356973,35.0,N_754
2024-05-13 12:50:05,43.201454,17.538376,47.462055,71.93446,844.3713,-0.001585903,-1425.864385708795,35.0,N_754
2024-05-13 12:50:06,43.261696,17.537277,47.51801,71.90649,844.3713,-0.0015742071,-1451.1122199748804,35.0,N_754
2024-05-13 12:50:07,43.321922,17.536163,47.573963,71.8855,844.37494,-0.0015624779,-1477.1350872505448,35.0,N_754
2024-05-13 12:50:08,43.38213,17.53505,47.63691,71.86452,844.3731,-0.0015490969,-1503.6161152390018,35.0,N_754
2024-05-13 12:50:09,43.44232,17.533936,47.692863,71.84354,844.3601,-0.0015372966,-1528.5199601337995,35.0,N_754
2024-05-13 12:50:10,43.5025,17.532822,47.748814,71.81556,844.36755,-0.0015225058,-1553.652185320175,35.0,N_754
2024-05-13 12:50:11,43.562656,17.531708,47.804768,71.78758,844.4342,-0.0013433584,-1577.408922575166,35.0,N_754
2024-05-13 12:50:12,43.6228,17.530594,47.86072,71.7666,844.5268,-0.0013313404,-1600.7568933202597,35.0,N_754
2024-05-13 12:50:13,43.682922,17.529465,47.91667,71.74562,844.5787,-0.0014868003,-1626.422174907343,35.0,N_754
2024-05-13 12:50:14,43.74303,17.52835,47.97962,71.71764,844.5768,-0.0013026141,-1651.830208153108,35.0,N_754
2024-05-13 12:50:15,43.803123,17.527222,48.035572,71.68967,844.5639,-0.001290494,-1675.23958999856,35.0,N_754
2024-05-13 12:50:16,43.863197,17.526093,48.091526,71.668686,844.5639,-0.0011104818,-1697.1637997471157,35.0,N_754
2024-05-13 12:50:17,43.923256,17.524963,48.14748,71.647705,844.56757,-0.0012661549,-1721.2090844293639,35.0,N_754
2024-05-13 12:50:18,43.9833,17.523834,48.210426,71.61973,844.56757,-0.0012493363,-1746.0756545257818,35.0,N_754
2024-05-13 12:50:19,44.043324,17.522705,48.26638,71.59874,844.56757,-0.0014052857,-1769.8856531420447,35.0,N_754
2024-05-13 12:50:20,44.103333,17.521576,48.32233,71.57776,844.56757,-0.0013931108,-1793.8173456549,35.0,N_754
2024-05-13 12:50:21,44.163322,17.520447,48.378284,71.54978,844.56757,-0.0012258545,-1816.8013405932347,35.0,N_754
2024-05-13 12:50:22,44.223297,17.519302,48.43424,71.5288,844.56757,-0.0013753694,-1840.612979549854,35.0,N_754
2024-05-13 12:50:23,44.283257,17.518173,48.490192,71.500824,844.56757,-0.0013668817,-1865.5326694153566,35.0,N_754
2024-05-13 12:50:24,44.343197,17.517029,48.55314,71.47984,844.56757,-0.0013394768,-1891.8235975824857,35.0,N_754
2024-05-13 12:50:25,44.403122,17.515884,48.616085,71.451866,844.56757,-0.0013322236,-1917.206976437681,35.0,N_754
2024-05-13 12:50:26,44.46303,17.51474,48.67204,71.430885,844.5657,-0.0013198615,-1939.6772523367667,35.0,N_754
2024-05-13 12:50:27,44.522923,17.513596,48.720997,71.40291,844.5657,-0.0013129691,-1962.4767779677318,35.0,N_754
2024-05-13 12:50:28,44.582798,17.512451,48.783943,71.38193,844.5712,-0.0011160877,-1987.1284023964085,35.0,N_754
2024-05-13 12:50:29,44.642654,17.511292,48.84689,71.35395,844.56946,-0.0011222592,-2011.3167863385038,35.0,N_754
2024-05-13 12:50:30,44.7025,17.510147,48.902843,71.32597,844.5472,-0.0010960352,-2033.6065848725898,35.0,N_754
2024-05-13 12:50:31,44.76232,17.508987,48.958797,71.298,844.5416,-0.0012568388,-2056.769568834153,35.0,N_754
2024-05-13 12:50:32,44.822132,17.507828,49.014748,71.277016,844.59906,-0.0010677881,-2078.5411958981817,35.0,N_754
2024-05-13 12:50:33,44.881924,17.506683,49.0707,71.24904,844.7083,-0.00089906476,-2099.407734917133,35.0,N_754
2024-05-13 12:50:34,44.941696,17.505524,49.126656,71.22806,844.7768,-0.0008862547,-2120.645468985304,35.0,N_754
2024-05-13 12:50:35,45.001457,17.504364,49.1896,71.20008,844.775,-0.0006919041,-2141.9038677408544,35.0,N_754
2024-05-13 12:50:36,45.0612,17.50319,49.245556,71.17909,844.7583,-0.0010259945,-2163.3942519624334,35.0,N_754
2024-05-13 12:50:37,45.120922,17.50203,49.30151,71.15112,844.7583,-0.0010131951,-2184.983700276879,35.0,N_754
2024-05-13 12:50:38,45.18063,17.50087,49.35746,71.130135,844.762,-0.000830062,-2204.5767082127077,35.0,N_754
2024-05-13 12:50:39,45.240322,17.499695,49.40642,71.10216,844.762,-0.00081879256,-2223.9176039827757,35.0,N_754
2024-05-13 12:50:40,45.3,17.49852,49.469368,71.07418,844.762,-0.0009716714,-2247.6950566341807,35.0,N_754
2024-05-13 12:50:41,45.359657,17.49736,49.532314,71.0532,844.7602,-0.0009570439,-2271.1567792554747,35.0,N_754
2024-05-13 12:50:42,45.419296,17.496185,49.59526,71.02522,844.762,-0.0011131042,-2295.25288849222,35.0,N_754
2024-05-13 12:50:43,45.478924,17.49501,49.651215,70.997246,844.762,-0.00092938566,-2315.594121062207,35.0,N_754
2024-05-13 12:50:44,45.538532,17.49382,49.700172,70.976265,844.762,-0.00073717325,-2333.453919859269,35.0,N_754
2024-05-13 12:50:45,45.59812,17.492645,49.756126,70.94829,844.7602,-0.00073104596,-2353.220942105556,35.0,N_754
2024-05-13 12:50:46,45.657696,17.49147,49.812077,70.92731,844.762,-0.0010601524,-2375.7005228982034,35.0,N_754
2024-05-13 12:50:47,45.717255,17.49028,49.875027,70.89933,844.76575,-0.0010454252,-2399.3419147317873,35.0,N_754
2024-05-13 12:50:48,45.7768,17.48909,49.930977,70.87135,844.76385,-0.0010294518,-2421.1536487691956,35.0,N_754
2024-05-13 12:50:49,45.836323,17.487915,49.98693,70.843376,844.7491,-0.00084492215,-2441.6424827420924,35.0,N_754
2024-05-13 12:50:50,45.895832,17.486725,50.042885,70.822395,844.7564,-0.0010032757,-2462.952390232901,35.0,N_754
2024-05-13 12:50:51,45.955322,17.485535,50.09884,70.79442,844.825,-0.0009901411,-2484.5007205908346,35.0,N_754
2024-05-13 12:50:52,46.014797,17.484344,50.15479,70.76644,844.9158,-0.0009740458,-2506.5483956742564,35.0,N_754
2024-05-13 12:50:53,46.074257,17.483139,50.217735,70.74546,844.9676,-0.0009591167,-2529.28279233871,35.0,N_754
2024-05-13 12:50:54,46.133698,17.481949,50.27369,70.71748,844.96576,-0.0009458885,-2551.2392615599692,35.0,N_754
2024-05-13 12:50:55,46.193123,17.480743,50.336636,70.68951,844.95276,-0.0011029547,-2574.4233932627467,35.0,N_754
2024-05-13 12:50:56,46.252533,17.479553,50.385597,70.66153,844.95276,-0.0012607494,-2596.7969154123166,35.0,N_754
2024-05-13 12:50:57,46.311924,17.478348,50.448544,70.64055,844.9565,-0.0010664021,-2620.2222248602893,35.0,N_754
2024-05-13 12:50:58,46.371296,17.477142,50.504498,70.61257,844.9565,-0.0010603656,-2642.8761313011682,35.0,N_754
2024-05-13 12:50:59,46.430656,17.475937,50.567444,70.59159,844.9565,-0.0012178029,-2667.2853957882508,35.0,N_754
2024-05-13 12:51:00,46.489998,17.474731,50.623394,70.563614,844.9565,-0.0011944063,-2689.265363447834,35.0,N_754
2024-05-13 12:51:01,46.54957,17.47351,50.672356,70.53564,844.9565,-0.0013628282,-2711.504462039811,35.0,N_754
2024-05-13 12:51:02,46.609116,17.47229,50.728306,70.50766,844.9565,-0.0011768886,-2735.122845813035,35.0,N_754
2024-05-13 12:51:03,46.668636,17.471054,50.791256,70.47968,844.9565,-0.001334681,-2760.6108286077906,35.0,N_754
2024-05-13 12:51:04,46.72813,17.469833,50.847206,70.451706,844.95465,-0.0013185152,-2785.253870343928,35.0,N_754
2024-05-13 12:51:05,46.7876,17.468597,50.910152,70.42373,844.9565,-0.0013034781,-2810.3609471191044,35.0,N_754
2024-05-13 12:51:06,46.84705,17.467377,50.966106,70.40275,844.9602,-0.0012828305,-2833.457682939204,35.0,N_754
2024-05-13 12:51:07,46.906467,17.46614,51.02206,70.37477,844.9583,-0.0012768316,-2855.896343785328,35.0,N_754
2024-05-13 12:51:08,46.965866,17.464905,51.07102,70.346794,844.9435,-0.0012623195,-2877.461554433182,35.0,N_754
2024-05-13 12:51:09,47.025234,17.463669,51.126972,70.31882,844.9509,-0.0012489244,-2901.441483608064,35.0,N_754
2024-05-13 12:51:10,47.084583,17.462433,51.18992,70.29784,845.0194,-0.0012337237,-2926.844514997146,35.0,N_754
2024-05-13 12:51:11,47.1439,17.461197,51.252865,70.26986,845.11017,-0.0012184886,-2952.459417777594,35.0,N_754
2024-05-13 12:51:12,47.203197,17.45996,51.31581,70.24188,845.16205,-0.0012003053,-2976.1579070159596,35.0,N_754
2024-05-13 12:51:13,47.26247,17.458725,51.364773,70.213905,845.1602,-0.0011885671,-2997.2290727804084,35.0,N_754
2024-05-13 12:51:14,47.321716,17.457489,51.420723,70.18593,845.1473,-0.001175017,-3019.925200497055,35.0,N_754
2024-05-13 12:51:15,47.380936,17.456238,51.476677,70.15796,845.14905,-0.001158528,-3042.511906944088,35.0,N_754
2024-05-13 12:51:16,47.440132,17.455002,51.53263,70.12998,845.15094,-0.00114492,-3065.862230025623,35.0,N_754
2024-05-13 12:51:17,47.499302,17.45375,51.595577,70.102005,845.15094,-0.0011294899,-3089.9697940769784,35.0,N_754
2024-05-13 12:51:18,47.55845,17.4525,51.65153,70.07403,845.15094,-0.0012901747,-3113.2425759232106,35.0,N_754
2024-05-13 12:51:19,47.61757,17.451263,51.70748,70.05305,845.15094,-0.0010992147,-3135.1062664870988,35.0,N_754
2024-05-13 12:51:20,47.676666,17.450012,51.763435,70.02507,845.15094,-0.0012600245,-3158.5414374773004,35.0,N_754
2024-05-13 12:51:21,47.735737,17.448761,51.81939,69.9901,845.15094,-0.0014209886,-3183.1475812224726,35.0,N_754
2024-05-13 12:51:22,47.79478,17.44751,51.875343,69.96212,845.15094,-0.0012297598,-3207.098330662243,35.0,N_754
2024-05-13 12:51:23,47.8538,17.446259,51.93829,69.93414,845.14905,-0.0012142289,-3232.6473304518026,35.0,N_754
2024-05-13 12:51:24,47.9128,17.444992,52.001236,69.906166,845.15094,-0.0011986641,-3256.12876209962,35.0,N_754
2024-05-13 12:51:25,47.97177,17.44374,52.050194,69.885185,845.1565,-0.0015366703,-3279.1127344837514,35.0,N_754
2024-05-13 12:51:26,48.030716,17.44249,52.106148,69.85721,845.15283,-0.0015230367,-3305.182191447098,35.0,N_754
2024-05-13 12:51:27,48.089638,17.441223,52.169094,69.82923,845.1343,-0.0013294852,-3331.5564515577553,35.0,N_754
2024-05-13 12:51:28,48.148533,17.439957,52.23204,69.801254,845.1435,-0.0014891414,-3357.973613435046,35.0,N_754
2024-05-13 12:51:29,48.207405,17.438705,52.287994,69.77328,845.2324,-0.0014830632,-3381.537510812315,35.0,N_754
2024-05-13 12:51:30,48.26625,17.437439,52.336952,69.7453,845.3361,-0.00146058,-3404.335764853563,35.0,N_754
2024-05-13 12:51:31,48.32507,17.436172,52.392906,69.71732,845.37317,-0.001446796,-3429.836887826799,35.0,N_754
2024-05-13 12:51:32,48.383865,17.434906,52.455853,69.68935,845.36017,-0.0014388474,-3455.9133107389234,35.0,N_754
2024-05-13 12:51:33,48.44264,17.43364,52.511806,69.66138,845.3417,-0.0014250146,-3479.129211707186,35.0,N_754
2024-05-13 12:51:34,48.501385,17.432373,52.560764,69.6334,845.3417,-0.0014023756,-3502.586339577585,35.0,N_754
2024-05-13 12:51:35,48.560104,17.431107,52.62371,69.60542,845.3472,-0.0013866393,-3528.525793349726,35.0,N_754
2024-05-13 12:51:36,48.6188,17.429825,52.679665,69.57045,845.3472,-0.0015486649,-3555.074686020028,35.0,N_754
2024-05-13 12:51:37,48.67747,17.428558,52.74261,69.54247,845.3454,-0.0017138575,-3582.924013298516,35.0,N_754
2024-05-13 12:51:38,48.73612,17.427277,52.798565,69.514496,845.3454,-0.0017000522,-3607.7098612033797,35.0,N_754
2024-05-13 12:51:39,48.79474,17.42601,52.847523,69.48652,845.3454,-0.0015196265,-3630.8667152628295,35.0,N_754
2024-05-13 12:51:40,48.853333,17.424728,52.903477,69.45854,845.3454,-0.0018582887,-3659.326024176253,35.0,N_754
2024-05-13 12:51:41,48.911903,17.423447,52.966423,69.430565,845.3454,-0.0018241426,-3687.878798379954,35.0,N_754
2024-05-13 12:51:42,48.97045,17.422165,53.022377,69.40259,845.34357,-0.0018181114,-3716.0399016678075,35.0,N_754
2024-05-13 12:51:43,49.028973,17.420883,53.085323,69.37461,845.3454,-0.0018102193,-3744.4944416002363,35.0,N_754
2024-05-13 12:51:44,49.087467,17.419601,53.141277,69.34664,845.35095,-0.0016040071,-3769.894727763418,35.0,N_754
2024-05-13 12:51:45,49.14594,17.41832,53.19723,69.318665,845.3472,-0.001763818,-3795.319999390349,35.0,N_754
2024-05-13 12:51:46,49.204384,17.417038,53.24619,69.28369,845.32874,-0.0017595742,-3820.3386742230446,35.0,N_754
2024-05-13 12:51:47,49.262806,17.415756,53.302143,69.255714,845.338,-0.0015608239,-3846.618140774677,35.0,N_754
2024-05-13 12:51:48,49.3212,17.41446,53.36509,69.22774,845.4269,-0.0017189339,-3875.7488294854274,35.0,N_754
2024-05-13 12:51:49,49.37957,17.413177,53.428036,69.19976,845.53064,-0.0017030104,-3903.4845612735144,35.0,N_754
2024-05-13 12:51:50,49.437916,17.41188,53.48399,69.17178,845.5695,-0.0016889222,-3929.665162295402,35.0,N_754
2024-05-13 12:51:51,49.49624,17.410583,53.53994,69.13682,845.5547,-0.0016719238,-3955.8046517748667,35.0,N_754
2024-05-13 12:51:52,49.554535,17.409302,53.595894,69.10884,845.53613,-0.0016577775,-3981.5279051621983,35.0,N_754
2024-05-13 12:51:53,49.612804,17.408005,53.651848,69.080864,845.53613,-0.0016436031,-4007.155055039124,35.0,N_754
2024-05-13 12:51:54,49.67105,17.406708,53.707798,69.05289,845.5417,-0.0016294039,-4032.686355102112,35.0,N_754
2024-05-13 12:51:55,49.72927,17.40541,53.763752,69.02491,845.5417,-0.0016122953,-4058.104107737203,35.0,N_754
2024-05-13 12:51:56,49.787468,17.404114,53.819706,68.99693,845.53986,-0.0015980375,-4084.8325794659263,35.0,N_754
2024-05-13 12:51:57,49.84564,17.402802,53.882652,68.96196,845.53986,-0.0015818649,-4112.073560644039,35.0,N_754
2024-05-13 12:51:58,49.90378,17.401505,53.938606,68.93398,845.53986,-0.0015646734,-4137.171515479985,35.0,N_754
2024-05-13 12:51:59,49.961906,17.400208,53.99456,68.906006,845.53986,-0.001550331,-4162.395547986175,35.0,N_754
2024-05-13 12:52:00,50.02,17.398895,54.05051,68.87104,845.53986,-0.0015439969,-4187.672654430262,35.0,N_754
2024-05-13 12:52:01,50.077663,17.397629,54.106464,68.84306,845.538,-0.0015186814,-4212.679563231537,35.0,N_754
2024-05-13 12:52:02,50.13531,17.396347,54.16242,68.80809,845.53986,-0.0015042475,-4238.821703172925,35.0,N_754
2024-05-13 12:52:03,50.19295,17.39508,54.225365,68.78011,845.5454,-0.0014878914,-4265.108412130878,35.0,N_754
2024-05-13 12:52:04,50.25058,17.393799,54.28132,68.75214,845.5417,-0.0014734027,-4289.801903800157,35.0,N_754
2024-05-13 12:52:05,50.308193,17.392517,54.33727,68.71717,845.5232,-0.0014560178,-4314.490311919113,35.0,N_754
2024-05-13 12:52:06,50.3658,17.391235,54.393223,68.68919,845.5324,-0.0014414759,-4338.761055320996,35.0,N_754
2024-05-13 12:52:07,50.423393,17.389954,54.449177,68.66122,845.62317,-0.001426904,-4362.933367665315,35.0,N_754
2024-05-13 12:52:08,50.480976,17.388657,54.505127,68.63324,845.7269,-0.0014094403,-4387.187108385488,35.0,N_754
2024-05-13 12:52:09,50.53855,17.387375,54.56108,68.59827,845.7566,-0.0013948191,-4412.513107261987,35.0,N_754
2024-05-13 12:52:10,50.59611,17.386078,54.624027,68.57029,845.738,-0.0013782557,-4438.06272946087,35.0,N_754
2024-05-13 12:52:11,50.65366,17.38478,54.67998,68.54231,845.7269,-0.001363577,-4462.001182632205,35.0,N_754
2024-05-13 12:52:12,50.7112,17.383484,54.735935,68.50735,845.73065,-0.0013460101,-4485.9520865493305,35.0,N_754
2024-05-13 12:52:13,50.768726,17.382187,54.79189,68.47937,845.7362,-0.0013312772,-4509.668453313623,35.0,N_754
2024-05-13 12:52:14,50.826244,17.380875,54.84784,68.4444,845.7362,-0.0013136606,-4533.5840993717575,35.0,N_754
2024-05-13 12:52:15,50.88375,17.379562,54.903793,68.409424,845.7343,-0.001298876,-4557.219519316395,35.0,N_754
2024-05-13 12:52:16,50.941246,17.378265,54.959747,68.38145,845.7343,-0.0012840662,-4580.434367392766,35.0,N_754
2024-05-13 12:52:17,50.998726,17.376953,55.015697,68.35348,845.7343,-0.0012692313,-4604.660033694674,35.0,N_754
2024-05-13 12:52:18,51.0562,17.375626,55.078648,68.318504,845.7362,-0.0012495822,-4629.666003713208,35.0,N_754
2024-05-13 12:52:19,51.11366,17.374313,55.134598,68.29053,845.7343,-0.0014141011,-4654.949689605647,35.0,N_754
2024-05-13 12:52:20,51.171112,17.373001,55.197548,68.255554,845.7324,-0.0013973224,-4681.095014699534,35.0,N_754
2024-05-13 12:52:21,51.22855,17.371674,55.253498,68.22059,845.7343,-0.0013795932,-4704.202219205648,35.0,N_754
2024-05-13 12:52:22,51.285976,17.370346,55.302456,68.19261,845.73987,-0.0015462562,-4727.395101908976,35.0,N_754
2024-05-13 12:52:23,51.343395,17.369019,55.35841,68.164635,845.7362,-0.0013517144,-4751.207211833601,35.0,N_754
2024-05-13 12:52:24,51.4008,17.367691,55.414364,68.12966,845.71765,-0.0013255996,-4775.162137845316,35.0,N_754
2024-05-13 12:52:25,51.458195,17.366364,55.470318,68.09469,845.72876,-0.0014987717,-4801.183393066664,35.0,N_754
2024-05-13 12:52:26,51.515575,17.36502,55.533264,68.06672,845.8177,-0.00165346,-4828.453505075249,35.0,N_754
2024-05-13 12:52:27,51.57295,17.363678,55.58922,68.03874,845.9214,-0.0016357125,-4854.125346941407,35.0,N_754
2024-05-13 12:52:28,51.63031,17.36235,55.64517,68.00377,845.951,-0.0016291448,-4880.068097185111,35.0,N_754
2024-05-13 12:52:29,51.68766,17.360992,55.701122,67.968796,845.9325,-0.0014257283,-4904.473908267093,35.0,N_754
2024-05-13 12:52:30,51.745,17.35965,55.757076,67.94082,845.9214,-0.0012276609,-4927.436982105225,35.0,N_754
2024-05-13 12:52:31,51.802326,17.358307,55.813026,67.90585,845.92505,-0.0015562307,-4952.884476537492,35.0,N_754
2024-05-13 12:52:32,51.859642,17.356949,55.86898,67.87088,845.9306,-0.0013692719,-4977.094236155755,35.0,N_754
2024-05-13 12:52:33,51.91695,17.355606,55.924934,67.83591,845.9306,-0.0015400863,-5002.225145197695,35.0,N_754
2024-05-13 12:52:34,51.974243,17.354248,55.98089,67.80793,845.9288,-0.0015334289,-5028.324820317882,35.0,N_754
2024-05-13 12:52:35,52.03153,17.35289,56.043835,67.772964,845.9288,-0.001499503,-5055.075394171444,35.0,N_754
2024-05-13 12:52:36,52.0888,17.351517,56.099785,67.73799,845.9306,-0.0014899631,-5079.868984762548,35.0,N_754
2024-05-13 12:52:37,52.14606,17.350159,56.15574,67.710014,845.9306,-0.0014748073,-5104.43462442531,35.0,N_754
2024-05-13 12:52:38,52.203312,17.348785,56.211693,67.67505,845.9288,-0.0014511616,-5129.158171027004,35.0,N_754
2024-05-13 12:52:39,52.260548,17.347427,56.267647,67.640076,845.9288,-0.0014331064,-5153.758006018219,35.0,N_754
2024-05-13 12:52:40,52.317776,17.346054,56.323597,67.6051,845.9325,-0.0015987079,-5179.239304656005,35.0,N_754
2024-05-13 12:52:41,52.374992,17.34468,56.37955,67.577126,845.93616,-0.0014195844,-5203.423305156177,35.0,N_754
2024-05-13 12:52:42,52.432198,17.343292,56.435505,67.54216,845.9325,-0.0013759655,-5228.651956122707,35.0,N_754
2024-05-13 12:52:43,52.489395,17.341919,56.49845,67.50719,845.9103,-0.0013756837,-5254.372650267125,35.0,N_754
2024-05-13 12:52:44,52.546577,17.34053,56.554405,67.47921,845.9233,-0.0013433045,-5278.040237295586,35.0,N_754
2024-05-13 12:52:45,52.60375,17.339142,56.610355,67.44424,846.01215,-0.0013421602,-5302.013046944459,35.0,N_754
2024-05-13 12:52:46,52.66091,17.337753,56.66631,67.40927,846.1158,-0.0013096925,-5325.768313601502,35.0,N_754
2024-05-13 12:52:47,52.71806,17.336365,56.722263,67.3743,846.14545,-0.0013113746,-5349.530631780421,35.0,N_754
2024-05-13 12:52:48,52.7752,17.334976,56.778217,67.339325,846.12695,-0.001465902,-5374.305746010839,35.0,N_754
2024-05-13 12:52:49,52.832325,17.333588,56.834167,67.30436,846.1158,-0.0012776572,-5397.675434502113,35.0,N_754
2024-05-13 12:52:50,52.889442,17.332184,56.89012,67.27638,846.1214,-0.0012450133,-5420.670211407703,35.0,N_754
2024-05-13 12:52:51,52.94655,17.33078,56.946075,67.24141,846.12506,-0.0012352555,-5445.753777857245,35.0,N_754
2024-05-13 12:52:52,53.003643,17.329376,57.016014,67.206436,846.12506,-0.0012071155,-5471.303081209956,35.0,N_754
2024-05-13 12:52:53,53.060726,17.327972,57.064976,67.17147,846.1232,-0.0011935466,-5492.572303578568,35.0,N_754
2024-05-13 12:52:54,53.117798,17.326569,57.120926,67.1365,846.1232,-0.0011751247,-5515.405470144076,35.0,N_754
2024-05-13 12:52:55,53.174862,17.32515,57.17688,67.101524,846.12506,-0.0015230796,-5540.5248264195,35.0,N_754
2024-05-13 12:52:56,53.23191,17.32373,57.232834,67.06656,846.12506,-0.0016865816,-5566.715187874628,35.0,N_754
2024-05-13 12:52:57,53.288948,17.322327,57.288788,67.031586,846.1232,-0.001679747,-5592.85538405841,35.0,N_754
2024-05-13 12:52:58,53.345978,17.320908,57.344738,66.99661,846.1232,-0.0016555897,-5618.628808670715,35.0,N_754
2024-05-13 12:52:59,53.402992,17.319473,57.400692,66.96864,846.12695,-0.0016459023,-5644.2206227786255,35.0,N_754
2024-05-13 12:53:00,53.46,17.318054,57.456646,66.93367,846.1325,-0.0016216789,-5670.20063570894,35.0,N_754
2024-05-13 12:53:01,53.517403,17.31665,57.512596,66.8917,846.12695,-0.0016060906,-5696.15275295016,35.0,N_754
2024-05-13 12:53:02,53.574783,17.315231,57.56855,66.856735,846.10657,-0.0015876602,-5721.663370908692,35.0,N_754
2024-05-13 12:53:03,53.632137,17.313812,57.624504,66.82176,846.1177,-0.0015720268,-5747.06672767517,35.0,N_754
2024-05-13 12:53:04,53.689465,17.312393,57.680458,66.78679,846.20654,-0.0015535521,-5773.497519278873,35.0,N_754
2024-05-13 12:53:05,53.74677,17.310974,57.743404,66.75182,846.3103,-0.0015358448,-5800.337135556354,35.0,N_754
2024-05-13 12:53:06,53.80405,17.309555,57.799355,66.71685,846.33997,-0.0015201397,-5825.383531618227,35.0,N_754
2024-05-13 12:53:07,53.861305,17.30812,57.85531,66.68188,846.32135,-0.0015015975,-5850.3039724184855,35.0,N_754
2024-05-13 12:53:08,53.918533,17.306686,57.911263,66.64691,846.314,-0.0014858458,-5875.115992833507,35.0,N_754
2024-05-13 12:53:09,53.97574,17.305252,57.967216,66.61194,846.3177,-0.0014700713,-5899.81913260669,35.0,N_754
2024-05-13 12:53:10,54.032917,17.303818,58.023167,66.57697,846.32135,-0.0014514606,-5924.3947816654445,35.0,N_754
2024-05-13 12:53:11,54.09007,17.302383,58.07912,66.542,846.3196,-0.0014356412,-5948.863009222707,35.0,N_754
2024-05-13 12:53:12,54.1472,17.300934,58.135075,66.50703,846.3177,-0.0014197989,-5974.457672105227,35.0,N_754
2024-05-13 12:53:13,54.204304,17.299484,58.19802,66.465065,846.3177,-0.0013990842,-6000.672744045167,35.0,N_754
2024-05-13 12:53:14,54.261383,17.298035,58.253975,66.43009,846.3196,-0.0012003195,-6023.581098708775,35.0,N_754
2024-05-13 12:53:15,54.318436,17.296585,58.309925,66.39512,846.3196,-0.0011843542,-6046.544422295328,35.0,N_754
2024-05-13 12:53:16,54.375465,17.29512,58.36588,66.35316,846.3177,-0.0013485419,-6070.730743435064,35.0,N_754
2024-05-13 12:53:17,54.432472,17.29367,58.421833,66.318184,846.3177,-0.001332583,-6094.492873912269,35.0,N_754
2024-05-13 12:53:18,54.48945,17.292206,58.477787,66.28322,846.32135,-0.0013138028,-6118.126348586364,35.0,N_754
2024-05-13 12:53:19,54.546406,17.290726,58.533737,66.248245,846.32697,-0.0012978012,-6141.828478523795,35.0,N_754
2024-05-13 12:53:20,54.603333,17.28926,58.58969,66.20628,846.32135,-0.0012789764,-6165.53894010514,35.0,N_754
2024-05-13 12:53:21,54.660236,17.287796,58.645645,66.17131,846.301,-0.0012629322,-6188.824708386205,35.0,N_754
2024-05-13 12:53:22,54.717117,17.286316,58.701595,66.13634,846.31213,-0.001246866,-6211.082379902005,35.0,N_754
2024-05-13 12:53:23,54.77397,17.284836,58.750557,66.10137,846.40106,-0.0012300379,-6232.63214225187,35.0,N_754
2024-05-13 12:53:24,54.8308,17.283356,58.806507,66.0594,846.50476,-0.00121393,-6256.801420260601,35.0,N_754
2024-05-13 12:53:25,54.887604,17.28186,58.869457,66.02444,846.53436,-0.0011957382,-6282.342466136651,35.0,N_754
2024-05-13 12:53:26,54.94438,17.280365,58.932404,65.98247,846.51587,-0.0011747214,-6307.017009168258,35.0,N_754
2024-05-13 12:53:27,55.001137,17.278885,58.988358,65.9475,846.5084,-0.0011585453,-6328.735830734571,35.0,N_754
2024-05-13 12:53:28,55.057865,17.27739,59.037315,65.91253,846.5122,-0.0011416217,-6350.50460507154,35.0,N_754
2024-05-13 12:53:29,55.11457,17.275879,59.10026,65.87057,846.51587,-0.0011233344,-6374.826489175593,35.0,N_754
2024-05-13 12:53:30,55.17125,17.274384,59.156216,65.835594,846.514,-0.0010981624,-6397.13520170576,35.0,N_754
2024-05-13 12:53:31,55.227905,17.272873,59.212166,65.793625,846.514,-0.0012718645,-6420.911391809653,35.0,N_754
2024-05-13 12:53:32,55.284534,17.271362,59.26812,65.75166,846.514,-0.0012377353,-6444.291230937801,35.0,N_754
2024-05-13 12:53:33,55.341137,17.269852,59.324074,65.71669,846.514,-0.0010437121,-6465.313227373261,35.0,N_754
2024-05-13 12:53:34,55.397717,17.268341,59.37303,65.681725,846.514,-0.0010204982,-6485.408238532258,35.0,N_754
2024-05-13 12:53:35,55.45427,17.266815,59.428986,65.639755,846.5122,-0.0013873319,-6509.752298487527,35.0,N_754
2024-05-13 12:53:36,55.5108,17.26529,59.48494,65.60479,846.5122,-0.0009849748,-6531.2741214888465,35.0,N_754
2024-05-13 12:53:37,55.567307,17.263763,59.54089,65.56282,846.51587,-0.0011706629,-6555.063433949517,35.0,N_754
2024-05-13 12:53:38,55.623783,17.262238,59.603836,65.527855,846.5196,-0.0013066231,-6580.39189408021,35.0,N_754
2024-05-13 12:53:39,55.680237,17.260712,59.65979,65.485886,846.50665,-0.0011150581,-6603.896077697969,35.0,N_754
2024-05-13 12:53:40,55.736668,17.25917,59.722736,65.443924,846.48627,-0.0010937703,-6627.964310538066,35.0,N_754
2024-05-13 12:53:41,55.79307,17.25763,59.77869,65.40895,846.50476,-0.0012616433,-6651.303329199662,35.0,N_754
2024-05-13 12:53:42,55.84945,17.256088,59.834644,65.36699,846.5992,-0.001236214,-6673.707606126931,35.0,N_754
2024-05-13 12:53:43,55.905804,17.254547,59.883602,65.332016,846.69916,-0.00085931737,-6692.684621979326,35.0,N_754
2024-05-13 12:53:44,55.962135,17.25299,59.939556,65.290054,846.7288,-0.0012116726,-6715.985867240939,35.0,N_754
2024-05-13 12:53:45,56.018436,17.25145,59.995506,65.248085,846.7103,-0.0009988883,-6737.864030181538,35.0,N_754
2024-05-13 12:53:46,56.07472,17.249893,60.05146,65.20612,846.70294,-0.0011668906,-6760.708425555113,35.0,N_754
2024-05-13 12:53:47,56.13097,17.248337,60.107414,65.17115,846.7066,-0.0011503741,-6783.272916935999,35.0,N_754
2024-05-13 12:53:48,56.187202,17.246765,60.16337,65.12919,846.7103,-0.0009464292,-6804.7857543992695,35.0,N_754
2024-05-13 12:53:49,56.243404,17.245209,60.21932,65.08722,846.7085,-0.0009298303,-6826.182321912664,35.0,N_754
2024-05-13 12:53:50,56.299583,17.243637,60.275272,65.04526,846.7085,-0.001279879,-6849.743156171295,35.0,N_754
2024-05-13 12:53:51,56.35574,17.242065,60.331226,65.010284,846.7085,-0.0012633295,-6873.036306091245,35.0,N_754
2024-05-13 12:53:52,56.41187,17.240494,60.38718,64.96832,846.7085,-0.0012439865,-6896.505672130583,35.0,N_754
2024-05-13 12:53:53,56.46797,17.238922,60.44313,64.92636,846.7085,-0.0012273977,-6919.8585517886295,35.0,N_754
2024-05-13 12:53:54,56.52405,17.237335,60.499084,64.88439,846.7085,-0.0012107878,-6943.9869685259655,35.0,N_754
2024-05-13 12:53:55,56.580105,17.235748,60.56203,64.84243,846.7085,-0.0013742144,-6969.799611092778,35.0,N_754
2024-05-13 12:53:56,56.636135,17.234161,60.617985,64.80746,846.7085,-0.0015334825,-6994.857876276179,35.0,N_754
2024-05-13 12:53:57,56.69214,17.232574,60.67394,64.765495,846.7066,-0.0017082705,-7021.381093569624,35.0,N_754
2024-05-13 12:53:58,56.748116,17.230988,60.72989,64.723526,846.7103,-0.0016917099,-7047.7875231538055,35.0,N_754
2024-05-13 12:53:59,56.804073,17.229385,60.785843,64.681564,846.7159,-0.0014872485,-7072.830098093534,35.0,N_754
2024-05-13 12:54:00,56.86,17.227783,60.841797,64.6396,846.7103,-0.0012854494,-7096.526113737016,35.0,N_754
2024-05-13 12:54:01,56.915905,17.226212,60.897747,64.59763,846.68994,-0.0012687347,-7120.104777132844,35.0,N_754
2024-05-13 12:54:02,56.971783,17.22464,60.9537,64.55567,846.70105,-0.0014344745,-7144.778041452014,35.0,N_754
2024-05-13 12:54:03,57.027637,17.223068,61.009655,64.5137,846.7918,-0.0014177639,-7168.304029050421,35.0,N_754
2024-05-13 12:54:04,57.083466,17.221481,61.058613,64.47174,846.8937,-0.0014004032,-7191.077889877,35.0,N_754
2024-05-13 12:54:05,57.13927,17.219894,61.114567,64.42978,846.92334,-0.0015690121,-7216.625062834481,35.0,N_754
2024-05-13 12:54:06,57.19505,17.218307,61.17052,64.38781,846.9048,-0.0015495268,-7242.03587967763,35.0,N_754
2024-05-13 12:54:07,57.250805,17.21672,61.22647,64.34585,846.8974,-0.0015327806,-7267.328647103535,35.0,N_754
2024-05-13 12:54:08,57.306534,17.215118,61.282425,64.30388,846.90295,-0.0015132591,-7292.486435549947,35.0,N_754
2024-05-13 12:54:09,57.362236,17.213516,61.33838,64.26192,846.9048,-0.000939936,-7313.9648461415,35.0,N_754
2024-05-13 12:54:10,57.417915,17.211914,61.39433,64.21296,846.90295,-0.001291366,-7337.9474717855155,35.0,N_754
2024-05-13 12:54:11,57.47357,17.210297,61.450283,64.171,846.90295,-0.0014600983,-7362.732951441557,35.0,N_754
2024-05-13 12:54:12,57.5292,17.20868,61.506237,64.12903,846.90295,-0.0014405074,-7387.382222247813,35.0,N_754
2024-05-13 12:54:13,57.584805,17.207062,61.56219,64.08707,846.90295,-0.0010523176,-7409.45352700631,35.0,N_754
2024-05-13 12:54:14,57.640385,17.20543,61.61814,64.0451,846.90295,-0.0010353661,-7431.406225212054,35.0,N_754
2024-05-13 12:54:15,57.69594,17.203796,61.674095,64.003136,846.90295,-0.0013871306,-7456.7068921851305,35.0,N_754
2024-05-13 12:54:16,57.751465,17.202164,61.73704,63.96117,846.90295,-0.0013680694,-7482.685261647799,35.0,N_754
2024-05-13 12:54:17,57.80697,17.200531,61.792995,63.912212,846.90295,-0.001339158,-7507.115537978033,35.0,N_754
2024-05-13 12:54:18,57.86245,17.198883,61.84895,63.863255,846.90106,-0.0013314382,-7530.340203457288,35.0,N_754
2024-05-13 12:54:19,57.917904,17.197235,61.897907,63.82129,846.9048,-0.001313877,-7552.62426320304,35.0,N_754
2024-05-13 12:54:20,57.97333,17.195587,61.95386,63.77233,846.91034,-0.0012876502,-7576.517216936691,35.0,N_754
2024-05-13 12:54:21,58.028736,17.193924,62.00981,63.730366,846.9048,-0.0018351962,-7603.715028171964,35.0,N_754
2024-05-13 12:54:22,58.084118,17.19226,62.065765,63.6884,846.88446,-0.0018182866,-7632.139785617832,35.0,N_754
2024-05-13 12:54:23,58.13947,17.190598,62.12871,63.646435,846.8955,-0.0021686289,-7663.458245915694,35.0,N_754
2024-05-13 12:54:24,58.194798,17.188934,62.184666,63.597477,846.98627,-0.0015933779,-7689.344340744041,35.0,N_754
2024-05-13 12:54:25,58.250103,17.187256,62.24062,63.55551,847.08813,-0.0012013135,-7711.620939036893,35.0,N_754
2024-05-13 12:54:26,58.30538,17.185577,62.289577,63.506554,847.11774,-0.0011678475,-7733.032892755266,35.0,N_754
2024-05-13 12:54:27,58.360638,17.183899,62.34553,63.46459,847.09924,-0.0011665425,-7755.920059323511,35.0,N_754
2024-05-13 12:54:28,58.415867,17.182205,62.40148,63.41563,847.09,-0.0011494185,-7779.697537835052,35.0,N_754
2024-05-13 12:54:29,58.47107,17.180511,62.46443,63.373665,847.0937,-0.0013136661,-7805.207670278702,35.0,N_754
2024-05-13 12:54:30,58.52625,17.178818,62.520382,63.324707,847.09924,-0.0014828751,-7830.507533652498,35.0,N_754
2024-05-13 12:54:31,58.5814,17.177109,62.576336,63.27575,847.09735,-0.0016493973,-7855.50622814326,35.0,N_754
2024-05-13 12:54:32,58.63653,17.1754,62.625294,63.233784,847.09735,-0.0014387837,-7878.361725362535,35.0,N_754
2024-05-13 12:54:33,58.691635,17.17369,62.681248,63.19182,847.09735,-0.0014216376,-7902.921273011347,35.0,N_754
2024-05-13 12:54:34,58.746716,17.171982,62.7372,63.14286,847.09735,-0.0017653746,-7930.089479029279,35.0,N_754
2024-05-13 12:54:35,58.80177,17.170258,62.79315,63.0939,847.09735,-0.0015683285,-7955.925290810763,35.0,N_754
2024-05-13 12:54:36,58.8568,17.168533,62.849106,63.04494,847.09735,-0.0017283896,-7982.828820375174,35.0,N_754
2024-05-13 12:54:37,58.911804,17.16681,62.90506,62.995983,847.09735,-0.0017364459,-8009.563995465553,35.0,N_754
2024-05-13 12:54:38,58.96678,17.16507,62.961014,62.954018,847.09735,-0.0018686199,-8037.084821395312,35.0,N_754
2024-05-13 12:54:39,59.021736,17.163345,63.016964,62.90506,847.0956,-0.002044686,-8066.085121784057,35.0,N_754
2024-05-13 12:54:40,59.076664,17.16159,63.072918,62.856102,847.09735,-0.0020368674,-8095.025005500069,35.0,N_754
2024-05-13 12:54:41,59.13157,17.159851,63.128872,62.80714,847.10297,-0.0021850804,-8124.950139145478,35.0,N_754
2024-05-13 12:54:42,59.186447,17.158096,63.184826,62.758183,847.09924,-0.0023826999,-8154.155378362689,35.0,N_754
2024-05-13 12:54:43,59.241302,17.156342,63.233784,62.716217,847.07886,-0.0019820952,-8180.7550884378925,35.0,N_754
2024-05-13 12:54:44,59.29613,17.154587,63.289734,62.66726,847.09,-0.0025067371,-8212.808574533132,35.0,N_754
2024-05-13 12:54:45,59.350937,17.152817,63.345688,62.6183,847.1807,-0.0028699578,-8247.287235472188,35.0,N_754
2024-05-13 12:54:46,59.405716,17.151047,63.40164,62.569344,847.2826,-0.0026659688,-8280.388864753493,35.0,N_754
2024-05-13 12:54:47,59.46047,17.149277,63.457596,62.520382,847.3141,-0.0028330418,-8314.598205277642,35.0,N_754
2024-05-13 12:54:48,59.515198,17.147507,63.513546,62.471424,847.2937,-0.0028159195,-8348.682424919978,35.0,N_754
2024-05-13 12:54:49,59.569904,17.145721,63.5695,62.422466,847.2844,-0.0029737006,-8383.813356461196,35.0,N_754
2024-05-13 12:54:50,59.62458,17.143936,63.625454,62.37351,847.28815,-0.0029565708,-8418.819063981555,35.0,N_754
2024-05-13 12:54:51,59.679237,17.142136,63.681408,62.324547,847.2937,-0.0029367008,-8453.679843408458,35.0,N_754
2024-05-13 12:54:52,59.733864,17.14035,63.73736,62.27559,847.2937,-0.0029288942,-8488.477748173333,35.0,N_754
2024-05-13 12:54:53,59.788467,17.13855,63.793312,62.22663,847.2919,-0.0028996319,-8523.070074104184,35.0,N_754
2024-05-13 12:54:54,59.84305,17.13675,63.849266,62.177673,847.2919,-0.0032567922,-8560.038702654201,35.0,N_754
2024-05-13 12:54:55,59.897602,17.134933,63.905216,62.12871,847.2919,-0.0034241208,-8595.646650102448,35.0,N_754
2024-05-13 12:54:56,59.952133,17.133118,63.954178,62.079754,847.2919,-0.0037809452,-8634.959987057806,35.0,N_754
2024-05-13 12:54:57,60.006634,17.131302,64.01013,62.0238,847.2919,-0.0039511025,-8676.840653684669,35.0,N_754
2024-05-13 12:54:58,60.061115,17.129486,64.066086,61.974842,847.2919,-0.0039312877,-8718.777335946197,35.0,N_754
2024-05-13 12:54:59,60.11557,17.127655,64.12203,61.918888,847.2919,-0.0037362152,-8756.500864052181,35.0,N_754
2024-05-13 12:55:00,60.17,17.125824,64.171,61.86993,847.2919,-0.0038965323,-8796.045423248386,35.0,N_754
2024-05-13 12:55:01,60.224403,17.124008,64.226944,61.820972,847.2919,-0.004066758,-8838.3423639023,35.0,N_754
2024-05-13 12:55:02,60.27878,17.122177,64.2829,61.772015,847.2919,-0.004234306,-8885.34308108653,35.0,N_754
2024-05-13 12:55:03,60.333138,17.120346,64.34585,61.71606,847.2919,-0.004587132,-8933.017684208084,35.0,N_754
2024-05-13 12:55:04,60.387466,17.118515,64.4018,61.667103,847.29553,-0.004935586,-8981.695861347824,35.0,N_754
2024-05-13 12:55:05,60.44177,17.116684,64.457756,61.61115,847.2937,-0.004925158,-9029.965450643405,35.0,N_754
2024-05-13 12:55:06,60.496048,17.114838,64.5137,61.56219,847.2789,-0.0049080364,-9078.421174185485,35.0,N_754
2024-05-13 12:55:07,60.550304,17.112976,64.56966,61.506237,847.2863,-0.004888192,-9122.881372321566,35.0,N_754
2024-05-13 12:55:08,60.60453,17.11113,64.618614,61.45728,847.3548,-0.0048732627,-9169.447467210386,35.0,N_754
2024-05-13 12:55:09,60.658737,17.109268,64.67457,61.401325,847.44556,-0.004853386,-9213.671839061299,35.0,N_754
2024-05-13 12:55:10,60.712914,17.107407,64.723526,61.352367,847.49927,-0.004835723,-9259.953164162316,35.0,N_754
2024-05-13 12:55:11,60.76707,17.10553,64.77948,61.296413,847.49554,-0.0053721834,-9311.119456286491,35.0,N_754
2024-05-13 12:55:12,60.821198,17.103668,64.835434,61.247456,847.4826,-0.0053523313,-9362.492419990782,35.0,N_754
2024-05-13 12:55:13,60.8753,17.101776,64.89139,61.1915,847.48444,-0.0053257653,-9413.970703841935,35.0,N_754
2024-05-13 12:55:14,60.929382,17.0999,64.94734,61.135548,847.48816,-0.005690793,-9467.210768174944,35.0,N_754
2024-05-13 12:55:15,60.983437,17.098007,65.003296,61.08659,847.48816,-0.0049037114,-9512.005832352981,35.0,N_754
2024-05-13 12:55:16,61.037464,17.096115,65.05225,61.030636,847.4863,-0.004904775,-9558.963115793062,35.0,N_754
2024-05-13 12:55:17,61.09147,17.094208,65.10821,60.974686,847.4863,-0.0047063637,-9606.178566280272,35.0,N_754
2024-05-13 12:55:18,61.14545,17.092316,65.16416,60.91873,847.4863,-0.004886292,-9654.5913503993,35.0,N_754
2024-05-13 12:55:19,61.1994,17.090393,65.22011,60.862778,847.4863,-0.0046784,-9704.47227806624,35.0,N_754
2024-05-13 12:55:20,61.253334,17.088486,65.28306,60.81382,847.4863,-0.0046494007,-9752.563616859039,35.0,N_754
2024-05-13 12:55:21,61.307236,17.086563,65.33901,60.757866,847.4863,-0.0051930984,-9799.301927528462,35.0,N_754
2024-05-13 12:55:22,61.361115,17.08464,65.38797,60.701912,847.4863,-0.005175323,-9847.989584243627,35.0,N_754
2024-05-13 12:55:23,61.41497,17.082703,65.443924,60.64596,847.4863,-0.0053365505,-9900.061495389418,35.0,N_754
2024-05-13 12:55:24,61.4688,17.08078,65.49988,60.583015,847.4863,-0.0055139167,-9952.91680815576,35.0,N_754
2024-05-13 12:55:25,61.522602,17.078842,65.55583,60.52706,847.4863,-0.006048568,-10008.351267069018,35.0,N_754
2024-05-13 12:55:26,61.57638,17.076889,65.61178,60.478104,847.4863,-0.006388583,-10067.29598208988,35.0,N_754
2024-05-13 12:55:27,61.63014,17.074936,65.66773,60.415154,847.4919,-0.005813823,-10122.119130897885,35.0,N_754
2024-05-13 12:55:28,61.683865,17.072983,65.72369,60.359203,847.48816,-0.006003382,-10173.613390951155,35.0,N_754
2024-05-13 12:55:29,61.73757,17.07103,65.772644,60.30325,847.46783,-0.006361846,-10230.187133026386,35.0,N_754
2024-05-13 12:55:30,61.79125,17.069061,65.8286,60.247295,847.4604,-0.0061443145,-10282.49137030969,35.0,N_754
2024-05-13 12:55:31,61.844902,17.067093,65.877556,60.19134,847.5178,-0.0072488035,-10345.927398408709,35.0,N_754
2024-05-13 12:55:32,61.898533,17.06511,65.93351,60.128395,847.6271,-0.0064479387,-10404.931703372564,35.0,N_754
2024-05-13 12:55:33,61.952137,17.06314,65.98946,60.072445,847.69745,-0.0057127117,-10458.661406262869,35.0,N_754
2024-05-13 12:55:34,62.005714,17.061157,66.04542,60.01649,847.6937,-0.0045002997,-10504.206709848728,35.0,N_754
2024-05-13 12:55:35,62.05927,17.059158,66.10137,59.960537,847.67706,-0.0064093177,-10563.388918395685,35.0,N_754
2024-05-13 12:55:36,62.1128,17.05716,66.157326,59.89759,847.67706,-0.0062036584,-10616.223744424122,35.0,N_754
2024-05-13 12:55:37,62.1663,17.05516,66.20628,59.841637,847.6826,-0.0057998532,-10668.863160292447,35.0,N_754
2024-05-13 12:55:38,62.219784,17.053162,66.26224,59.785686,847.6826,-0.0063633923,-10723.194228647159,35.0,N_754
2024-05-13 12:55:39,62.273235,17.051147,66.311195,59.722736,847.6807,-0.0065459274,-10781.116574792315,35.0,N_754
2024-05-13 12:55:40,62.326668,17.049133,66.36715,59.666786,847.6807,-0.0061397385,-10838.335094299608,35.0,N_754
2024-05-13 12:55:41,62.38007,17.04712,66.423096,59.603836,847.6807,-0.0062985416,-10896.919996056866,35.0,N_754
2024-05-13 12:55:42,62.43345,17.04509,66.47905,59.54089,847.6807,-0.006657822,-10957.131252810077,35.0,N_754
2024-05-13 12:55:43,62.486805,17.04306,66.535,59.48494,847.6807,-0.0066376794,-11017.689647729334,35.0,N_754
2024-05-13 12:55:44,62.540134,17.04103,66.59096,59.42199,847.6807,-0.0060428665,-11070.203357486953,35.0,N_754
2024-05-13 12:55:45,62.593437,17.038986,66.639915,59.359043,847.6807,-0.006609002,-11128.430133391244,35.0,N_754
2024-05-13 12:55:46,62.646717,17.036942,66.69587,59.30309,847.6807,-0.0064030136,-11187.314384479865,35.0,N_754
2024-05-13 12:55:47,62.69997,17.034897,66.75182,59.240143,847.6807,-0.0061849332,-11244.984873609585,35.0,N_754
2024-05-13 12:55:48,62.7532,17.032837,66.80778,59.177197,847.6807,-0.0067515997,-11300.844588630476,35.0,N_754
2024-05-13 12:55:49,62.806404,17.030777,66.856735,59.121243,847.6826,-0.006912799,-11361.545987321275,35.0,N_754
2024-05-13 12:55:50,62.85958,17.028717,66.91269,59.058296,847.6807,-0.007250916,-11427.35512047078,35.0,N_754
2024-05-13 12:55:51,62.91274,17.026642,66.96864,58.988358,847.6807,-0.0074567604,-11493.02573126223,35.0,N_754
2024-05-13 12:55:52,62.965866,17.024567,67.02459,58.932404,847.6826,-0.0074204877,-11558.70165636367,35.0,N_754
2024-05-13 12:55:53,63.01897,17.022491,67.08054,58.869457,847.68634,-0.007570137,-11620.322725676477,35.0,N_754
2024-05-13 12:55:54,63.07205,17.020401,67.1295,58.806507,847.6734,-0.0077220993,-11686.715477346012,35.0,N_754
2024-05-13 12:55:55,63.125103,17.01831,67.185455,58.74356,847.66223,-0.008081818,-11757.117490162527,35.0,N_754
2024-05-13 12:55:56,63.17813,17.01622,67.24141,58.680614,847.7104,-0.008466997,-11830.112681094583,35.0,N_754
2024-05-13 12:55:57,63.231136,17.014114,67.29736,58.61767,847.8178,-0.00843747,-11903.93572997,35.0,N_754
2024-05-13 12:55:58,63.284115,17.012009,67.35332,58.547726,847.8956,-0.008806635,-11973.244742580533,35.0,N_754
2024-05-13 12:55:59,63.33707,17.009903,67.402275,58.48478,847.9012,-0.00895874,-12047.915065859397,35.0,N_754
2024-05-13 12:56:00,63.39,17.007782,67.45823,58.421833,847.87897,-0.008759213,-12122.781678204949,35.0,N_754
2024-05-13 12:56:01,63.44274,17.005798,67.51418,58.358887,847.8697,-0.0070430585,-12181.933434947254,35.0,N_754
2024-05-13 12:56:02,63.49546,17.0038,67.56314,58.288944,847.87524,-0.006647443,-12241.116961929973,35.0,N_754
2024-05-13 12:56:03,63.54816,17.0018,67.619095,58.225998,847.8771,-0.0075520915,-12308.624245600091,35.0,N_754
2024-05-13 12:56:04,63.60084,16.999786,67.67505,58.156055,847.87524,-0.0067392644,-12369.955584460615,35.0,N_754
2024-05-13 12:56:05,63.653507,16.997772,67.730995,58.09311,847.87524,-0.006768117,-12431.163266341333,35.0,N_754
2024-05-13 12:56:06,63.70615,16.995728,67.78695,58.030163,847.87524,-0.007134561,-12490.725287793386,35.0,N_754
2024-05-13 12:56:07,63.758774,16.993698,67.83591,57.96022,847.87524,-0.0069275694,-12546.766626499924,35.0,N_754
2024-05-13 12:56:08,63.811375,16.991638,67.884865,57.897274,847.87524,-0.00707955,-12609.290029644286,35.0,N_754
2024-05-13 12:56:09,63.86396,16.989578,67.94082,57.82733,847.87524,-0.0068728654,-12672.22953390447,35.0,N_754
2024-05-13 12:56:10,63.916527,16.987503,67.99677,57.757393,847.87524,-0.006465314,-12731.562925155275,35.0,N_754
2024-05-13 12:56:11,63.96907,16.985428,68.05273,57.694447,847.87524,-0.0062651974,-12789.960622481474,35.0,N_754
2024-05-13 12:56:12,64.0216,16.983337,68.10868,57.624504,847.87524,-0.006433496,-12849.028752829967,35.0,N_754
2024-05-13 12:56:13,64.074104,16.981232,68.164635,57.561558,847.87524,-0.0060377605,-12902.439690037661,35.0,N_754
2024-05-13 12:56:14,64.126595,16.979126,68.21359,57.484623,847.8771,-0.006019441,-12953.882032362453,35.0,N_754
2024-05-13 12:56:15,64.17906,16.977005,68.26255,57.41468,847.87524,-0.0063696657,-13011.622166201,35.0,N_754
2024-05-13 12:56:16,64.23151,16.974884,68.318504,57.344738,847.87524,-0.006887989,-13073.667889856653,35.0,N_754
2024-05-13 12:56:17,64.283936,16.972748,68.37446,57.28179,847.87897,-0.006897924,-13132.383317067613,35.0,N_754
2024-05-13 12:56:18,64.33635,16.970596,68.423416,57.204857,847.8826,-0.00687963,-13193.843960893022,35.0,N_754
2024-05-13 12:56:19,64.38874,16.968445,68.47937,57.134914,847.87897,-0.00761493,-13260.72253580923,35.0,N_754
2024-05-13 12:56:20,64.44111,16.966278,68.535324,57.071968,847.8567,-0.008179868,-13326.286603573812,35.0,N_754
2024-05-13 12:56:21,64.49346,16.964096,68.58428,57.002026,847.8697,-0.007963357,-13394.803547409887,35.0,N_754
2024-05-13 12:56:22,64.54579,16.961914,68.640236,56.932087,847.95856,-0.008475389,-13469.392374853524,35.0,N_754
2024-05-13 12:56:23,64.59811,16.959717,68.69618,56.855152,848.0623,-0.008076812,-13540.476559556017,35.0,N_754
2024-05-13 12:56:24,64.6504,16.957504,68.75214,56.78521,848.0919,-0.008803121,-13616.210751826071,35.0,N_754
2024-05-13 12:56:25,64.70267,16.955292,68.80809,56.715267,848.07336,-0.008999381,-13688.138814355172,35.0,N_754
2024-05-13 12:56:26,64.75493,16.953064,68.85705,56.638332,848.06415,-0.00916095,-13758.553784052401,35.0,N_754
2024-05-13 12:56:27,64.80716,16.950836,68.906006,56.568394,848.0697,-0.009719123,-13833.371109660002,35.0,N_754
2024-05-13 12:56:28,64.859375,16.948593,68.95497,56.49146,848.07336,-0.010072455,-13916.394853988784,35.0,N_754
2024-05-13 12:56:29,64.91157,16.946335,69.01092,56.421516,848.07153,-0.010448503,-14003.21480719727,35.0,N_754
2024-05-13 12:56:30,64.963745,16.944061,69.06687,56.351574,848.0697,-0.010995186,-14095.033324400516,35.0,N_754
2024-05-13 12:56:31,65.01591,16.941803,69.122826,56.27464,848.0697,-0.011163769,-14188.269933312986,35.0,N_754
2024-05-13 12:56:32,65.06804,16.939514,69.17878,56.197704,848.07153,-0.011124865,-14273.492401385356,35.0,N_754
2024-05-13 12:56:33,65.12016,16.937225,69.22774,56.12077,848.07153,-0.011106696,-14364.69245339306,35.0,N_754
2024-05-13 12:56:34,65.17226,16.934921,69.28369,56.043835,848.0697,-0.010899708,-14454.690223794452,35.0,N_754
2024-05-13 12:56:35,65.224335,16.932602,69.339645,55.973892,848.0697,-0.010321001,-14541.596771370616,35.0,N_754
2024-05-13 12:56:36,65.2764,16.930283,69.3956,55.896957,848.0697,-0.010669493,-14623.771840472185,35.0,N_754
2024-05-13 12:56:37,65.32844,16.927948,69.44456,55.820023,848.0697,-0.010462105,-14703.064204102659,35.0,N_754
2024-05-13 12:56:38,65.380455,16.925613,69.493515,55.743088,848.07153,-0.010443838,-14782.19952788559,35.0,N_754
2024-05-13 12:56:39,65.43246,16.923264,69.54247,55.666153,848.07153,-0.009858069,-14864.48504504382,35.0,N_754
2024-05-13 12:56:40,65.48444,16.920898,69.59843,55.58922,848.07153,-0.009639067,-14946.752265965744,35.0,N_754
2024-05-13 12:56:41,65.5364,16.918533,69.65438,55.51228,848.0697,-0.009981126,-15031.342065739354,35.0,N_754
2024-05-13 12:56:42,65.58835,16.916153,69.710335,55.435345,848.0697,-0.0105372025,-15119.732520775073,35.0,N_754
2024-05-13 12:56:43,65.64027,16.913757,69.76629,55.35841,848.07153,-0.011084153,-15213.178534695387,35.0,N_754
2024-05-13 12:56:44,65.69218,16.911362,69.822235,55.274483,848.07153,-0.011270962,-15298.99840301458,35.0,N_754
2024-05-13 12:56:45,65.74406,16.90895,69.8712,55.197548,848.0697,-0.011063463,-15381.651399800454,35.0,N_754
2024-05-13 12:56:46,65.79592,16.90654,69.92016,55.12061,848.0697,-0.011423546,-15467.993765543451,35.0,N_754
2024-05-13 12:56:47,65.84777,16.904114,69.96912,55.036682,848.07526,-0.0111887185,-15551.623369154702,35.0,N_754
2024-05-13 12:56:48,65.8996,16.901672,70.018074,54.959747,848.07715,-0.011585211,-15646.814428717786,35.0,N_754
2024-05-13 12:56:49,65.9514,16.899231,70.07403,54.875816,848.0623,-0.01250149,-15748.734032853296,35.0,N_754
2024-05-13 12:56:50,66.00319,16.896774,70.12998,54.79888,848.0493,-0.013051071,-15855.603345664887,35.0,N_754
2024-05-13 12:56:51,66.05496,16.894302,70.18593,54.71495,848.1012,-0.013219607,-15954.834134428052,35.0,N_754
2024-05-13 12:56:52,66.106705,16.89183,70.23489,54.631023,848.21045,-0.0135887135,-16054.803525164782,35.0,N_754
2024-05-13 12:56:53,66.15844,16.889343,70.28385,54.547092,848.2808,-0.01300288,-16158.448315849888,35.0,N_754
2024-05-13 12:56:54,66.210144,16.88684,70.339806,54.470158,848.27893,-0.012973165,-16264.536900927287,35.0,N_754
2024-05-13 12:56:55,66.26183,16.884338,70.39575,54.38623,848.26044,-0.013682184,-16366.424470239908,35.0,N_754
2024-05-13 12:56:56,66.31351,16.88182,70.44472,54.3023,848.2623,-0.014069366,-16469.161031926058,35.0,N_754
2024-05-13 12:56:57,66.36516,16.879303,70.493675,54.21837,848.266,-0.01461853,-16575.2888676015,35.0,N_754
2024-05-13 12:56:58,66.416794,16.87677,70.54263,54.13444,848.2679,-0.014600229,-16691.290045836482,35.0,N_754
2024-05-13 12:56:59,66.46841,16.874222,70.59859,54.05051,848.266,-0.014012038,-16804.637002273295,35.0,N_754
2024-05-13 12:57:00,66.52,16.871674,70.65454,53.966583,848.2641,-0.013982354,-16917.70082979553,35.0,N_754
2024-05-13 12:57:01,66.57198,16.86911,70.71049,53.882652,848.266,-0.013970489,-17022.826541472,35.0,N_754
2024-05-13 12:57:02,66.62393,16.866547,70.75945,53.79173,848.266,-0.013943022,-17124.66019502174,35.0,N_754
2024-05-13 12:57:03,66.67585,16.863968,70.80841,53.707798,848.266,-0.014113717,-17238.60744681736,35.0,N_754
2024-05-13 12:57:04,66.72773,16.86139,70.864365,53.616875,848.266,-0.014831804,-17357.620918605346,35.0,N_754
2024-05-13 12:57:05,66.77958,16.85878,70.92031,53.532948,848.266,-0.0150091285,-17469.0799974248,35.0,N_754
2024-05-13 12:57:06,66.8314,16.85617,70.96928,53.442024,848.266,-0.01537789,-17579.627735585178,35.0,N_754
2024-05-13 12:57:07,66.88318,16.853561,71.018234,53.358093,848.266,-0.015539643,-17692.80706177232,35.0,N_754
2024-05-13 12:57:08,66.93493,16.850937,71.06719,53.26717,848.266,-0.015890587,-17817.426582879052,35.0,N_754
2024-05-13 12:57:09,66.98665,16.848297,71.123146,53.183243,848.266,-0.016635144,-17938.926186405522,35.0,N_754
2024-05-13 12:57:10,67.03833,16.845657,71.172104,53.09232,848.266,-0.016607784,-18070.266443669665,35.0,N_754
2024-05-13 12:57:11,67.08998,16.842987,71.22806,53.001396,848.266,-0.016586961,-18202.86370988523,35.0,N_754
2024-05-13 12:57:12,67.1416,16.840332,71.284004,52.91047,848.266,-0.01694437,-18326.36078923053,35.0,N_754
2024-05-13 12:57:13,67.193184,16.837646,71.33297,52.819546,848.266,-0.017115023,-18449.352894320324,35.0,N_754
2024-05-13 12:57:14,67.244736,16.83496,71.38193,52.728622,848.266,-0.01747465,-18586.47376132752,35.0,N_754
2024-05-13 12:57:15,67.29625,16.832275,71.43788,52.6377,848.266,-0.018029824,-18728.889000349453,35.0,N_754
2024-05-13 12:57:16,67.34773,16.82956,71.49383,52.546776,848.2641,-0.01818922,-18859.923462609455,35.0,N_754
2024-05-13 12:57:17,67.399185,16.826859,71.54279,52.455853,848.2641,-0.018197203,-18991.759160762987,35.0,N_754
2024-05-13 12:57:18,67.4506,16.824127,71.59175,52.357937,848.2679,-0.01820511,-19133.964930362963,35.0,N_754
2024-05-13 12:57:19,67.50198,16.821396,71.647705,52.267014,848.27344,-0.01852699,-19269.20815330792,35.0,N_754
2024-05-13 12:57:20,67.55333,16.81865,71.69666,52.169094,848.2679,-0.018904034,-19403.187378910014,35.0,N_754
2024-05-13 12:57:21,67.60465,16.815887,71.74562,52.07817,848.2475,-0.0192635,-19541.491653530444,35.0,N_754
2024-05-13 12:57:22,67.65593,16.813126,71.79458,51.980255,848.2586,-0.01925113,-19690.69177052116,35.0,N_754
2024-05-13 12:57:23,67.707184,16.810349,71.85053,51.88933,848.3475,-0.019230207,-19843.01604609561,35.0,N_754
2024-05-13 12:57:24,67.7584,16.807571,71.90649,51.791412,848.4512,-0.019174334,-19982.179459402105,35.0,N_754
2024-05-13 12:57:25,67.809586,16.80478,71.955444,51.693497,848.48083,-0.019147083,-20119.587471757855,35.0,N_754
2024-05-13 12:57:26,67.86073,16.801971,72.0044,51.595577,848.46234,-0.019326199,-20258.04294971373,35.0,N_754
2024-05-13 12:57:27,67.91185,16.799164,72.05336,51.49766,848.45306,-0.019127421,-20408.058533836647,35.0,N_754
2024-05-13 12:57:28,67.96294,16.79634,72.109314,51.399742,848.4567,-0.019089112,-20559.168794520618,35.0,N_754
2024-05-13 12:57:29,68.013985,16.793503,72.16527,51.301826,848.46045,-0.019068187,-20697.1084472132,35.0,N_754
2024-05-13 12:57:30,68.065,16.790665,72.214226,51.203907,848.46045,-0.019023653,-20833.189492361576,35.0,N_754
2024-05-13 12:57:31,68.11598,16.787811,72.26318,51.10599,848.46045,-0.019013762,-20971.51692384625,35.0,N_754
2024-05-13 12:57:32,68.16693,16.784958,72.31214,51.00108,848.46045,-0.019379167,-21109.957484442613,35.0,N_754
2024-05-13 12:57:33,68.21785,16.782074,72.3611,50.90316,848.46045,-0.019936103,-21254.069440586718,35.0,N_754
2024-05-13 12:57:34,68.26874,16.77919,72.41006,50.79825,848.46045,-0.020106498,-21396.96156786495,35.0,N_754
2024-05-13 12:57:35,68.31959,16.776306,72.45902,50.700333,848.46045,-0.020276781,-21556.592497638478,35.0,N_754
2024-05-13 12:57:36,68.3704,16.773407,72.51497,50.59542,848.46045,-0.020092662,-21716.53878104156,35.0,N_754
2024-05-13 12:57:37,68.42118,16.770493,72.57092,50.49051,848.46045,-0.020069052,-21860.290615187983,35.0,N_754
2024-05-13 12:57:38,68.47193,16.767578,72.61988,50.39259,848.46045,-0.020050395,-21991.66770153487,35.0,N_754
2024-05-13 12:57:39,68.52265,16.764648,72.66185,50.287678,848.46045,-0.01890018,-22127.185669681872,35.0,N_754
2024-05-13 12:57:40,68.57333,16.761703,72.71081,50.182766,848.46045,-0.018666852,-22264.91101587488,35.0,N_754
2024-05-13 12:57:41,68.623985,16.758759,72.759766,50.07086,848.46045,-0.017683148,-22405.939512041336,35.0,N_754
2024-05-13 12:57:42,68.6746,16.755798,72.81572,49.96595,848.46045,-0.01728373,-22545.170343949747,35.0,N_754
2024-05-13 12:57:43,68.72518,16.752823,72.87167,49.86104,848.46045,-0.016497444,-22667.592600683784,35.0,N_754
2024-05-13 12:57:44,68.775734,16.749847,72.92063,49.756126,848.46045,-0.016659496,-22789.51594556546,35.0,N_754
2024-05-13 12:57:45,68.82625,16.746857,72.96959,49.651215,848.46045,-0.01778435,-22920.805197796486,35.0,N_754
2024-05-13 12:57:46,68.87673,16.74385,73.01855,49.539307,848.46045,-0.016602723,-23044.502088409776,35.0,N_754
2024-05-13 12:57:47,68.927185,16.740845,73.067505,49.427402,848.46045,-0.017357687,-23170.909852974837,35.0,N_754
2024-05-13 12:57:48,68.9776,16.737823,73.11646,49.32249,848.46045,-0.017544888,-23300.29594001008,35.0,N_754
2024-05-13 12:57:49,69.027985,16.734802,73.16543,49.210583,848.46045,-0.018864175,-23450.993007772886,35.0,N_754
2024-05-13 12:57:50,69.07834,16.731766,73.221375,49.09868,848.4586,-0.019221108,-23592.80990275204,35.0,N_754
2024-05-13 12:57:51,69.128654,16.728714,73.27033,48.986774,848.4586,-0.017878748,-23736.182702876722,35.0,N_754
2024-05-13 12:57:52,69.17893,16.725647,73.32629,48.874866,848.46234,-0.017075928,-23863.719387063873,35.0,N_754
2024-05-13 12:57:53,69.22919,16.72258,73.375244,48.762962,848.4642,-0.017227238,-23990.716538634642,35.0,N_754
2024-05-13 12:57:54,69.2794,16.719513,73.42421,48.651054,848.45496,-0.017767755,-24121.115470829536,35.0,N_754
2024-05-13 12:57:55,69.32958,16.716415,73.47317,48.53915,848.4456,-0.018891985,-24261.05734730953,35.0,N_754
2024-05-13 12:57:56,69.37974,16.713318,73.522125,48.42025,848.48267,-0.019437857,-24402.383158709832,35.0,N_754
2024-05-13 12:57:57,69.429855,16.71022,73.57108,48.308346,848.56976,-0.02001901,-24549.530116784714,35.0,N_754
2024-05-13 12:57:58,69.479935,16.707092,73.62004,48.189445,848.6475,-0.019811288,-24693.03660851982,35.0,N_754
2024-05-13 12:57:59,69.52998,16.70398,73.669,48.077538,848.66974,-0.018828372,-24832.0292321631,35.0,N_754
2024-05-13 12:58:00,69.58,16.700836,73.71796,47.958637,848.65674,-0.019360447,-24974.69041611033,35.0,N_754
2024-05-13 12:58:01,69.629654,16.697952,73.766914,47.839737,848.65125,-0.019519888,-25118.283261234894,35.0,N_754
2024-05-13 12:58:02,69.67929,16.695068,73.81588,47.720837,848.6549,-0.019476598,-25261.44120344965,35.0,N_754
2024-05-13 12:58:03,69.728905,16.692154,73.86484,47.60194,848.6549,-0.019087752,-25401.900411844577,35.0,N_754
2024-05-13 12:58:04,69.77849,16.689209,73.913795,47.48304,848.6549,-0.018285759,-25551.075540474223,35.0,N_754
2024-05-13 12:58:05,69.82806,16.686264,73.96975,47.357143,848.6549,-0.018272638,-25687.573793166826,35.0,N_754
2024-05-13 12:58:06,69.8776,16.683289,74.01871,47.238243,848.6549,-0.018621312,-25824.550142471257,35.0,N_754
2024-05-13 12:58:07,69.927124,16.680298,74.067665,47.119343,848.6549,-0.018610561,-25949.531382380457,35.0,N_754
2024-05-13 12:58:08,69.97662,16.677292,74.10963,47.000446,848.6549,-0.018783212,-26088.210040394675,35.0,N_754
2024-05-13 12:58:09,70.0261,16.674255,74.15859,46.87455,848.6549,-0.018186584,-26224.42979442993,35.0,N_754
2024-05-13 12:58:10,70.075554,16.671204,74.20755,46.748657,848.6549,-0.01759227,-26368.04058131949,35.0,N_754
2024-05-13 12:58:11,70.12499,16.668137,74.263504,46.62276,848.6549,-0.01851418,-26505.336674529863,35.0,N_754
2024-05-13 12:58:12,70.1744,16.665054,74.31246,46.503864,848.6549,-0.01887355,-26645.41040913923,35.0,N_754
2024-05-13 12:58:13,70.223785,16.661957,74.36142,46.377968,848.6549,-0.019033346,-26789.005476019345,35.0,N_754
2024-05-13 12:58:14,70.273155,16.658829,74.41038,46.24508,848.6549,-0.019187724,-26931.442827662446,35.0,N_754
2024-05-13 12:58:15,70.3225,16.655685,74.459335,46.119186,848.6549,-0.01915076,-27073.208461832357,35.0,N_754
2024-05-13 12:58:16,70.37182,16.652527,74.50829,45.993294,848.6549,-0.019124204,-27216.950133805043,35.0,N_754
2024-05-13 12:58:17,70.42112,16.649353,74.55725,45.860405,848.6549,-0.019102989,-27358.393505500222,35.0,N_754
2024-05-13 12:58:18,70.4704,16.646149,74.60621,45.73451,848.6549,-0.019084333,-27501.567015486777,35.0,N_754
2024-05-13 12:58:19,70.51965,16.64293,74.655174,45.601624,848.6549,-0.018306782,-27628.330177098964,35.0,N_754
2024-05-13 12:58:20,70.568886,16.639694,74.697136,45.468735,848.6549,-0.018873373,-27757.041901810495,35.0,N_754
2024-05-13 12:58:21,70.6181,16.636444,74.7391,45.335846,848.6549,-0.01906693,-27898.579860471174,35.0,N_754
2024-05-13 12:58:22,70.66729,16.633163,74.788055,45.202957,848.6549,-0.018462861,-28037.2885516615,35.0,N_754
2024-05-13 12:58:23,70.71645,16.629868,74.83702,45.07007,848.6549,-0.01977508,-28184.62692560071,35.0,N_754
2024-05-13 12:58:24,70.7656,16.626556,74.88598,44.93718,848.6549,-0.020902673,-28355.237343638983,35.0,N_754
2024-05-13 12:58:25,70.81472,16.62323,74.94193,44.7973,848.6549,-0.021613596,-28516.157122971083,35.0,N_754
2024-05-13 12:58:26,70.86382,16.619873,74.99089,44.66441,848.6531,-0.02178122,-28678.959349380588,35.0,N_754
2024-05-13 12:58:27,70.912895,16.6165,75.03985,44.52453,848.6531,-0.021374831,-28826.039572774098,35.0,N_754
2024-05-13 12:58:28,70.96195,16.613113,75.08181,44.384647,848.65674,-0.022475636,-28978.408857666574,35.0,N_754
2024-05-13 12:58:29,71.01099,16.60971,75.12378,44.244762,848.6605,-0.022653226,-29145.54659899691,35.0,N_754
2024-05-13 12:58:30,71.06,16.606293,75.17274,44.10488,848.6475,-0.022231966,-29310.981756835914,35.0,N_754
2024-05-13 12:58:31,71.108986,16.602844,75.221695,43.965,848.6346,-0.021994628,-29474.62312412626,35.0,N_754
2024-05-13 12:58:32,71.15795,16.59938,75.27065,43.825115,848.6846,-0.023128062,-29645.72808903853,35.0,N_754
2024-05-13 12:58:33,71.2069,16.595901,75.31961,43.685234,848.7938,-0.023368623,-29821.009331883004,35.0,N_754
2024-05-13 12:58:34,71.25582,16.592392,75.36857,43.538357,848.8661,-0.023609182,-29980.714580820048,35.0,N_754
2024-05-13 12:58:35,71.30472,16.588867,75.41054,43.398476,848.86237,-0.023032084,-30151.967576180017,35.0,N_754
2024-05-13 12:58:36,71.3536,16.585327,75.459496,43.2516,848.8438,-0.0234035,-30327.153955269394,35.0,N_754
2024-05-13 12:58:37,71.40245,16.581772,75.50845,43.104725,848.842,-0.02249131,-30495.89641186328,35.0,N_754
2024-05-13 12:58:38,71.45129,16.578201,75.55741,42.957848,848.84937,-0.023060668,-30654.310806524318,35.0,N_754
2024-05-13 12:58:39,71.5001,16.5746,75.59937,42.81097,848.85126,-0.021372937,-30800.7479090291,35.0,N_754
2024-05-13 12:58:40,71.54889,16.570984,75.64134,42.664093,848.84937,-0.021354003,-30959.872356484888,35.0,N_754
2024-05-13 12:58:41,71.59766,16.567352,75.6903,42.51722,848.84937,-0.021122037,-31120.99578057296,35.0,N_754
2024-05-13 12:58:42,71.6464,16.563705,75.73926,42.363346,848.84937,-0.021296661,-31280.927561925666,35.0,N_754
2024-05-13 12:58:43,71.69512,16.560028,75.788216,42.216473,848.84937,-0.018240497,-31410.81960582921,35.0,N_754
2024-05-13 12:58:44,71.74382,16.556335,75.830185,42.0626,848.84937,-0.018003773,-31548.83064157729,35.0,N_754
2024-05-13 12:58:45,71.792496,16.552628,75.87914,41.90873,848.84937,-0.016665673,-31678.748623015446,35.0,N_754
2024-05-13 12:58:46,71.841156,16.548904,75.9281,41.75486,848.84937,-0.016105361,-31794.944181774896,35.0,N_754
2024-05-13 12:58:47,71.889786,16.54515,75.97006,41.60099,848.84937,-0.016464911,-31911.958443324336,35.0,N_754
2024-05-13 12:58:48,71.9384,16.541382,76.01203,41.447117,848.84937,-0.015689062,-32035.23946162933,35.0,N_754
2024-05-13 12:58:49,71.986984,16.537598,76.06099,41.286255,848.84937,-0.014335353,-32150.48346292323,35.0,N_754
2024-05-13 12:58:50,72.03555,16.533798,76.10995,41.12539,848.84937,-0.014278841,-32263.543448202792,35.0,N_754
2024-05-13 12:58:51,72.0841,16.529984,76.158905,40.97152,848.84937,-0.01521423,-32375.242207832773,35.0,N_754
2024-05-13 12:58:52,72.13262,16.526138,76.20087,40.810654,848.84937,-0.014479226,-32481.132172973834,35.0,N_754
2024-05-13 12:58:53,72.18112,16.522278,76.242836,40.649788,848.84937,-0.014481739,-32595.52701113213,35.0,N_754
2024-05-13 12:58:54,72.2296,16.518402,76.291794,40.488926,848.84937,-0.014439319,-32703.92393783596,35.0,N_754
2024-05-13 12:58:55,72.27805,16.514496,76.333755,40.321068,848.84937,-0.014609992,-32810.45584601977,35.0,N_754
2024-05-13 12:58:56,72.326485,16.510574,76.375725,40.160202,848.84937,-0.01457768,-32926.746639998695,35.0,N_754
2024-05-13 12:58:57,72.37489,16.506638,76.42468,39.992344,848.84937,-0.0149418535,-33038.151147124896,35.0,N_754
2024-05-13 12:58:58,72.42329,16.502686,76.466644,39.824486,848.84937,-0.013194787,-33136.9413817825,35.0,N_754
2024-05-13 12:58:59,72.47165,16.498718,76.50861,39.656624,848.84937,-0.011958357,-33233.38895665996,35.0,N_754
2024-05-13 12:59:00,72.52,16.49472,76.55757,39.49576,848.84937,-0.01574222,-33358.44065188559,35.0,N_754
2024-05-13 12:59:01,72.56905,16.491241,76.60653,39.327904,848.84937,-0.01539977,-33482.94790306027,35.0,N_754
2024-05-13 12:59:02,72.61807,16.487732,76.65549,39.15305,848.84937,-0.011389875,-33572.5093123376,35.0,N_754
2024-05-13 12:59:03,72.66703,16.484192,76.69745,38.978195,848.84937,-0.007909639,-33638.12390445269,35.0,N_754
2024-05-13 12:59:04,72.71595,16.480606,76.73942,38.803345,848.84937,-0.012783766,-33741.25345005013,35.0,N_754
2024-05-13 12:59:05,72.764824,16.47699,76.788376,38.635483,848.84937,-0.006594312,-33799.098733570776,35.0,N_754
2024-05-13 12:59:06,72.813644,16.473328,76.83034,38.460632,848.84937,-0.006179817,-33853.228158008205,35.0,N_754
2024-05-13 12:59:07,72.86243,16.469635,76.87231,38.285778,848.84937,-0.0057653217,-33905.3080635321,35.0,N_754
2024-05-13 12:59:08,72.911156,16.465897,76.91427,38.10393,848.84937,-0.043174826,-34223.08346075153,35.0,N_754
2024-05-13 12:59:09,72.95983,16.462128,76.96323,37.92908,848.8475,-0.024061482,-34396.0147610558,35.0,N_754
2024-05-13 12:59:10,73.00847,16.458328,77.005196,37.74723,848.85126,-0.007352489,-34458.48187175524,35.0,N_754
2024-05-13 12:59:11,73.05705,16.454483,77.04716,37.565384,848.8549,-0.009217423,-34538.37392434641,35.0,N_754
2024-05-13 12:59:12,73.1056,16.450592,77.096115,37.383537,848.842,-0.021444386,-34693.66272979425,35.0,N_754
2024-05-13 12:59:13,73.15409,16.446686,77.138084,37.20169,848.829,-0.010892893,-34778.84650027295,35.0,N_754
2024-05-13 12:59:14,73.20254,16.442719,77.180046,37.019844,848.8772,-0.0064114486,-34832.182437869764,35.0,N_754
2024-05-13 12:59:15,73.25093,16.438736,77.21502,36.831005,848.98645,-0.008085353,-34898.958399853946,35.0,N_754
2024-05-13 12:59:16,73.299286,16.434692,77.25698,36.642162,849.0624,-0.009759258,-34977.85682831644,35.0,N_754
2024-05-13 12:59:17,73.34759,16.430634,77.29894,36.45332,849.06793,-0.0065733697,-35039.428824061855,35.0,N_754
2024-05-13 12:59:18,73.39584,16.426529,77.34791,36.26448,849.0457,-0.0036176606,-35078.847899159584,35.0,N_754
2024-05-13 12:59:19,73.44405,16.422379,77.38987,36.075638,849.0383,-0.0026129857,-35110.42396104477,35.0,N_754
2024-05-13 12:59:20,73.49222,16.418213,77.43183,35.8868,849.0438,-0.00026376394,-35126.54884796272,35.0,N_754
2024-05-13 12:59:21,73.54034,16.413986,77.4738,35.697956,849.0457,0.0008783054,-35135.52597839534,35.0,N_754
2024-05-13 12:59:22,73.5884,16.409729,77.508766,35.50212,849.0438,-0.002197112,-35163.59577778938,35.0,N_754
2024-05-13 12:59:23,73.63642,16.405441,77.550735,35.306286,849.0438,0.0018852464,-35164.584644059134,35.0,N_754
2024-05-13 12:59:24,73.684395,16.401123,77.59969,35.11045,849.0438,0.0026454031,-35162.75641327235,35.0,N_754
2024-05-13 12:59:25,73.73232,16.396759,77.641655,34.914616,849.0438,0.0074095777,-35127.35842194309,35.0,N_754
2024-05-13 12:59:26,73.780205,16.39235,77.683624,34.71179,849.0438,0.012173752,-35061.694940050395,35.0,N_754
2024-05-13 12:59:27,73.82803,16.387909,77.725586,34.515953,849.0438,0.00548054,-35039.362206995014,35.0,N_754
2024-05-13 12:59:28,73.87582,16.383438,77.76755,34.31312,849.0438,0.010735047,-34982.11331604179,35.0,N_754
2024-05-13 12:59:29,73.92355,16.378922,77.80952,34.110294,849.0438,0.010456236,-34926.82913467284,35.0,N_754
2024-05-13 12:59:30,73.971245,16.374374,77.85148,33.907463,849.0438,-0.004221879,-34970.16427156834,35.0,N_754
2024-05-13 12:59:31,74.01889,16.369781,77.89345,33.69764,849.0438,0.00027103676,-34983.34287859808,35.0,N_754
2024-05-13 12:59:32,74.06648,16.365158,77.92841,33.487816,849.0438,0.005007162,-34963.73398609101,35.0,N_754
2024-05-13 12:59:33,74.11404,16.360489,77.97038,33.28499,849.0438,0.012181685,-34902.173481969105,35.0,N_754
2024-05-13 12:59:34,74.16154,16.35579,78.00535,33.075165,849.0438,0.011305774,-34839.50454624034,35.0,N_754
2024-05-13 12:59:35,74.20899,16.351059,78.04732,32.86534,849.0438,0.009897242,-34791.40892900184,35.0,N_754
2024-05-13 12:59:36,74.25639,16.346283,78.08228,32.64852,849.0438,0.010849118,-34732.281757028504,35.0,N_754
2024-05-13 12:59:37,74.30376,16.341476,78.12425,32.4387,849.0438,0.0052915085,-34710.8092861293,35.0,N_754
2024-05-13 12:59:38,74.35107,16.336624,78.166214,32.22188,849.0438,0.011905877,-34637.88229593294,35.0,N_754
2024-05-13 12:59:39,74.39833,16.331741,78.21517,32.005066,849.0438,0.011240949,-34583.07721977674,35.0,N_754
2024-05-13 12:59:40,74.44555,16.326813,78.250145,31.788248,849.0438,0.010146564,-34527.89228986846,35.0,N_754
2024-05-13 12:59:41,74.49272,16.321854,78.29211,31.57143,849.0438,0.0025814914,-34526.19816894071,35.0,N_754
2024-05-13 12:59:42,74.53985,16.316864,78.32708,31.347618,849.0438,0.00036662212,-34537.65843913653,35.0,N_754
2024-05-13 12:59:43,74.58692,16.311829,78.36904,31.123806,849.0438,0.0036254001,-34529.582757599055,35.0,N_754
2024-05-13 12:59:44,74.63395,16.306747,78.404015,30.899994,849.0438,0.0065691546,-34498.41445223944,35.0,N_754
2024-05-13 12:59:45,74.68093,16.301651,78.445984,30.676184,849.0438,0.006854192,-34469.883213154906,35.0,N_754
2024-05-13 12:59:46,74.72787,16.296494,78.48095,30.452372,849.0438,0.0068611214,-34436.02872169642,35.0,N_754
2024-05-13 12:59:47,74.77476,16.29132,78.52292,30.221565,849.0438,0.008440647,-34392.5906037197,35.0,N_754
2024-05-13 12:59:48,74.821594,16.286102,78.56488,29.99076,849.0438,0.007861594,-34357.17506870658,35.0,N_754
2024-05-13 12:59:49,74.86839,16.280838,78.59985,29.759954,849.0438,0.007125859,-34325.51095861425,35.0,N_754
2024-05-13 12:59:50,74.91514,16.275543,78.63482,29.529148,849.0438,0.0065701474,-34296.65248929561,35.0,N_754
2024-05-13 12:59:51,74.96184,16.270218,78.66979,29.29135,849.0438,0.0075858207,-34262.42911353335,35.0,N_754
2024-05-13 12:59:52,75.008484,16.264847,78.704765,29.060543,849.0438,0.0069496073,-34231.21561006541,35.0,N_754
2024-05-13 12:59:53,75.05509,16.25943,78.73973,28.822742,849.0438,0.008157139,-34188.436876163694,35.0,N_754
2024-05-13 12:59:54,75.10165,16.253998,78.7817,28.584944,849.0438,0.008528853,-34143.19328049223,35.0,N_754
2024-05-13 12:59:55,75.148155,16.248505,78.82366,28.340149,849.042,0.009123741,-34099.67138973343,35.0,N_754
2024-05-13 12:59:56,75.19462,16.242996,78.858635,28.102348,849.0457,0.008568258,-34057.516275375645,35.0,N_754
2024-05-13 12:59:57,75.241035,16.237442,78.8936,27.857555,849.0513,0.011417844,-33997.03796182898,35.0,N_754
2024-05-13 12:59:58,75.2874,16.231842,78.92857,27.61276,849.0457,0.01393944,-33920.193968083455,35.0,N_754
2024-05-13 12:59:59,75.333725,16.226212,78.96355,27.367968,849.0253,0.016092345,-33819.70692691567,35.0,N_754
2024-05-13 13:00:00,75.38,16.22055,79.00551,27.116179,849.03644,0.014772045,-33739.01009533978,35.0,N_754
2024-05-13 13:00:01,75.426796,16.215881,79.04048,26.871386,849.1272,0.014360884,-33664.3355327009,35.0,N_754
2024-05-13 13:00:02,75.47353,16.211151,79.06846,26.619596,849.22906,0.013171595,-33584.37959147549,35.0,N_754
2024-05-13 13:00:03,75.520195,16.20633,79.11042,26.36781,849.25867,0.011982305,-33520.77099628578,35.0,N_754
2024-05-13 13:00:04,75.566795,16.201447,79.14539,26.11602,849.2401,0.011928857,-33455.279222559955,35.0,N_754
2024-05-13 13:00:05,75.613335,16.196503,79.18036,25.857239,849.2327,0.012640751,-33385.42465038814,35.0,N_754
2024-05-13 13:00:06,75.6598,16.191467,79.21533,25.598457,849.23834,0.011704154,-33321.952980188085,35.0,N_754
2024-05-13 13:00:07,75.7062,16.18637,79.250305,25.339674,849.2401,0.016639093,-33225.79862766011,35.0,N_754
2024-05-13 13:00:08,75.75253,16.181198,79.28527,25.080893,849.2401,0.014951615,-33141.02813874255,35.0,N_754
2024-05-13 13:00:09,75.7988,16.17595,79.320244,24.82211,849.23834,0.013843165,-33062.147250596245,35.0,N_754
2024-05-13 13:00:10,75.845,16.170639,79.35522,24.556334,849.23834,0.013298646,-32992.94171699276,35.0,N_754
2024-05-13 13:00:11,75.89113,16.165253,79.383194,24.290558,849.23834,0.014197652,-32909.67511829959,35.0,N_754
2024-05-13 13:00:12,75.937195,16.15979,79.41816,24.017786,849.23834,0.015096659,-32823.378389541525,35.0,N_754
2024-05-13 13:00:13,75.9832,16.154251,79.45313,23.75201,849.23834,0.014737648,-32743.79417752732,35.0,N_754
2024-05-13 13:00:14,76.02913,16.148651,79.48111,23.47924,849.23834,0.015533418,-32654.020075616336,35.0,N_754
2024-05-13 13:00:15,76.075,16.14296,79.51608,23.213463,849.23834,0.016876545,-32552.195775552085,35.0,N_754
2024-05-13 13:00:16,76.1208,16.137207,79.55105,22.933699,849.23834,0.015216626,-32464.287842817834,35.0,N_754
2024-05-13 13:00:17,76.166534,16.131393,79.58602,22.660929,849.23834,0.016166981,-32374.670585478227,35.0,N_754
2024-05-13 13:00:18,76.2122,16.125488,79.614,22.381165,849.23834,0.015027837,-32293.81395908635,35.0,N_754
2024-05-13 13:00:19,76.2578,16.119522,79.641975,22.108395,849.23834,0.013706087,-32213.85529892541,35.0,N_754
2024-05-13 13:00:20,76.30333,16.11348,79.67694,21.828629,849.23834,0.017663183,-32106.150449244175,35.0,N_754
2024-05-13 13:00:21,76.3488,16.107376,79.711914,21.54187,849.23834,0.021460082,-31981.418489926276,35.0,N_754
2024-05-13 13:00:22,76.394196,16.101181,79.73989,21.255112,849.23834,0.018066674,-31870.78886162441,35.0,N_754
2024-05-13 13:00:23,76.43953,16.094925,79.774864,20.968353,849.23834,0.020164337,-31755.020662964707,35.0,N_754
2024-05-13 13:00:24,76.4848,16.088593,79.80284,20.681595,849.23834,0.01904224,-31645.931573029637,35.0,N_754
2024-05-13 13:00:25,76.53,16.0822,79.83082,20.394836,849.23834,0.017925827,-31544.278939024363,35.0,N_754
2024-05-13 13:00:26,76.575134,16.075714,79.85879,20.108078,849.23834,0.018696228,-31428.05148977475,35.0,N_754
2024-05-13 13:00:27,76.6202,16.069168,79.89376,19.814323,849.23834,0.0196465,-31314.501849269924,35.0,N_754
2024-05-13 13:00:28,76.6652,16.062546,79.92174,19.52057,849.23834,0.020033533,-31197.874866864688,35.0,N_754
2024-05-13 13:00:29,76.71013,16.055862,79.949715,19.226818,849.23834,0.019853739,-31080.283464051958,35.0,N_754
2024-05-13 13:00:30,76.755,16.049103,79.97769,18.926071,849.23834,0.0206311,-30949.78628722264,35.0,N_754
2024-05-13 13:00:31,76.7998,16.042252,80.012665,18.625324,849.23834,0.022525046,-30818.809340242835,35.0,N_754
2024-05-13 13:00:32,76.844536,16.035355,80.04064,18.331572,849.23834,0.017829016,-30713.246294506695,35.0,N_754
2024-05-13 13:00:33,76.8892,16.028366,80.06861,18.02383,849.23834,0.020142334,-30595.33081961634,35.0,N_754
2024-05-13 13:00:34,76.9338,16.021317,80.09659,17.723083,849.23834,0.020323545,-30473.809087270558,35.0,N_754
2024-05-13 13:00:35,76.97833,16.01419,80.124565,17.415344,849.23834,0.021481076,-30345.093440766723,35.0,N_754
2024-05-13 13:00:36,77.0228,16.006989,80.15254,17.107603,849.23834,0.024699856,-30195.246991142296,35.0,N_754
2024-05-13 13:00:37,77.0672,15.99971,80.18052,16.799862,849.23834,0.019808816,-30084.676998618866,35.0,N_754
2024-05-13 13:00:38,77.111534,15.992371,80.2015,16.49212,849.23834,0.026568376,-29919.192510368724,35.0,N_754
2024-05-13 13:00:39,77.1558,15.984955,80.22948,16.177385,849.23834,0.024426192,-29769.439164982316,35.0,N_754
2024-05-13 13:00:40,77.2,15.977463,80.257454,15.86265,849.23834,0.022284009,-29634.388625806016,35.0,N_754
2024-05-13 13:00:41,77.24413,15.96991,80.28543,15.5479145,849.23834,0.022866255,-29493.061832578787,35.0,N_754
2024-05-13 13:00:42,77.2882,15.96228,80.31341,15.226186,849.23834,0.021757307,-29369.461354739044,35.0,N_754
2024-05-13 13:00:43,77.3322,15.954575,80.33439,14.91145,849.23645,0.02197323,-29241.11303801475,35.0,N_754
2024-05-13 13:00:44,77.37613,15.946793,80.35537,14.589722,849.23834,0.021612216,-29106.14734645511,35.0,N_754
2024-05-13 13:00:45,77.42,15.938934,80.38335,14.260998,849.2439,0.021631626,-28974.761522985988,35.0,N_754
2024-05-13 13:00:46,77.4638,15.931015,80.41132,13.939269,849.24567,0.02071087,-28856.28251864957,35.0,N_754
2024-05-13 13:00:47,77.50753,15.923019,80.43231,13.617539,849.2309,0.019600641,-28742.147214817145,35.0,N_754
2024-05-13 13:00:48,77.5512,15.9149475,80.45329,13.288816,849.21796,0.02243904,-28602.850871470662,35.0,N_754
2024-05-13 13:00:49,77.5948,15.906815,80.48127,12.960093,849.26794,0.022088071,-28466.869241773573,35.0,N_754
2024-05-13 13:00:50,77.638336,15.898605,80.50925,12.63137,849.3791,0.022488177,-28328.463620177383,35.0,N_754
2024-05-13 13:00:51,77.6818,15.89032,80.537224,12.302646,849.44946,0.023264216,-28189.756927790906,35.0,N_754
2024-05-13 13:00:52,77.7252,15.881958,80.558205,11.9669285,849.44574,0.023284325,-28050.853059362198,35.0,N_754
2024-05-13 13:00:53,77.76853,15.873535,80.579185,11.631211,849.4291,0.022546891,-27914.3584494588,35.0,N_754
2024-05-13 13:00:54,77.8118,15.865036,80.60017,11.2885,849.4291,0.022187963,-27783.42198141059,35.0,N_754
2024-05-13 13:00:55,77.855,15.856461,80.62115,10.952783,849.43463,0.023145221,-27643.45513108121,35.0,N_754
2024-05-13 13:00:56,77.89813,15.847809,80.642136,10.61007,849.43463,0.022975607,-27507.873704606038,35.0,N_754
2024-05-13 13:00:57,77.9412,15.839096,80.66312,10.274353,849.43274,0.02148416,-27372.745237286308,35.0,N_754
2024-05-13 13:00:58,77.9842,15.830307,80.69109,9.931642,849.43274,0.021975689,-27239.59351152827,35.0,N_754
2024-05-13 13:00:59,78.02713,15.821442,80.712074,9.581936,849.43274,0.022467216,-27111.01475413009,35.0,N_754
2024-05-13 13:01:00,78.07,15.8125,80.72606,9.239224,849.43274,0.023055168,-26978.102494176906,35.0,N_754
2024-05-13 13:01:01,78.11477,15.80455,80.74005,8.896513,849.43274,0.023081109,-26827.373946972875,35.0,N_754
2024-05-13 13:01:02,78.1594,15.796509,80.76803,8.539813,849.43274,0.023099415,-26688.120630546888,35.0,N_754
2024-05-13 13:01:03,78.2039,15.788345,80.78901,8.190107,849.43274,0.021988625,-26560.86727679793,35.0,N_754
2024-05-13 13:01:04,78.24827,15.780075,80.80299,7.8404016,849.43274,0.021814188,-26434.43714468243,35.0,N_754
2024-05-13 13:01:05,78.292496,15.771698,80.816986,7.490696,849.43274,0.021833304,-26300.474912286598,35.0,N_754
2024-05-13 13:01:06,78.3366,15.763214,80.83797,7.133996,849.43274,0.021855885,-26160.62094807248,35.0,N_754
2024-05-13 13:01:07,78.38057,15.754623,80.865944,6.777296,849.43274,0.020748438,-26035.71663019408,35.0,N_754
2024-05-13 13:01:08,78.4244,15.745911,80.886925,6.4205966,849.43274,0.021708509,-25906.507174844664,35.0,N_754
2024-05-13 13:01:09,78.4681,15.737106,80.90092,6.0569024,849.43274,0.021731043,-25779.77490157575,35.0,N_754
2024-05-13 13:01:10,78.511665,15.72818,80.9149,5.700203,849.43274,0.0208099,-25654.16249744896,35.0,N_754
2024-05-13 13:01:11,78.5551,15.719162,80.93588,5.343503,849.43274,0.02083228,-25531.335699761534,35.0,N_754
2024-05-13 13:01:12,78.5984,15.710022,80.949875,4.979809,849.43274,0.020474546,-25408.457303573945,35.0,N_754
2024-05-13 13:01:13,78.64156,15.700775,80.96386,4.609121,849.43274,0.020493504,-25288.320950139678,35.0,N_754
2024-05-13 13:01:14,78.6846,15.6914215,80.97785,4.245427,849.43274,0.019198027,-25176.592433198777,35.0,N_754
2024-05-13 13:01:15,78.7275,15.681961,80.99184,3.8817332,849.43274,0.019029874,-25066.11700541329,35.0,N_754
2024-05-13 13:01:16,78.77026,15.672394,81.00583,3.5180392,849.43274,0.01886172,-24952.42427408965,35.0,N_754
2024-05-13 13:01:17,78.8129,15.66272,81.01981,3.140357,849.43274,0.018501021,-24839.902994161668,35.0,N_754
2024-05-13 13:01:18,78.8554,15.652924,81.040794,2.769669,849.43274,0.017576903,-24737.93610765879,35.0,N_754
2024-05-13 13:01:19,78.897766,15.643036,81.05479,2.398981,849.43274,0.016276788,-24646.63155520868,35.0,N_754
2024-05-13 13:01:20,78.939995,15.633026,81.061775,2.028293,849.43274,0.015732417,-24556.44865389382,35.0,N_754
2024-05-13 13:01:21,78.9821,15.62291,81.07577,1.6576049,849.43274,0.016325548,-24457.25042081768,35.0,N_754
2024-05-13 13:01:22,79.02406,15.612686,81.09675,1.2799228,849.43274,0.015868431,-24367.322987064304,35.0,N_754
2024-05-13 13:01:23,79.065895,15.602356,81.11074,0.9092348,849.43274,0.015411314,-24280.273915413767,35.0,N_754
2024-05-13 13:01:24,79.1076,15.591919,81.11773,0.5315527,849.43274,0.015529683,-24192.498696425217,35.0,N_754
2024-05-13 13:01:25,79.14916,15.581375,81.124725,0.15387051,849.43274,0.015648052,-24104.29224111887,35.0,N_754
2024-05-13 13:01:26,79.1906,15.5707245,81.13172,359.77722,849.43274,0.013978853,-24023.235610460233,35.0,N_754
2024-05-13 13:01:27,79.231895,15.559952,81.145706,359.39255,849.43274,0.013810624,-23947.450709239798,35.0,N_754
2024-05-13 13:01:28,79.27306,15.549088,81.1527,359.01486,849.43274,0.015324116,-23857.4793664931,35.0,N_754
2024-05-13 13:01:29,79.314095,15.538101,81.16669,358.6302,849.43274,0.0145670045,-23774.923564531488,35.0,N_754
2024-05-13 13:01:30,79.354996,15.527008,81.18068,358.2525,849.43274,0.013065146,-23702.440986010006,35.0,N_754
2024-05-13 13:01:31,79.39577,15.515823,81.187675,357.86783,849.43274,0.014034101,-23621.76805487652,35.0,N_754
2024-05-13 13:01:32,79.4364,15.504517,81.20166,357.48315,849.43274,0.013680483,-23545.608028966544,35.0,N_754
2024-05-13 13:01:33,79.4769,15.493103,81.20866,357.09848,849.43274,0.012755617,-23475.44285932932,35.0,N_754
2024-05-13 13:01:34,79.517265,15.481567,81.21565,356.7138,849.43274,0.013498416,-23400.414435125433,35.0,N_754
2024-05-13 13:01:35,79.557495,15.46994,81.22264,356.3291,849.43274,0.013326453,-23326.579902789126,35.0,N_754
2024-05-13 13:01:36,79.597595,15.458206,81.22964,355.94443,849.43274,0.0108811855,-23267.637047536653,35.0,N_754
2024-05-13 13:01:37,79.637566,15.44635,81.23663,355.55276,849.43274,0.012077832,-23202.385100282176,35.0,N_754
2024-05-13 13:01:38,79.6774,15.434402,81.24363,355.1681,849.43274,0.008498899,-23160.490739859713,35.0,N_754
2024-05-13 13:01:39,79.717094,15.422333,81.25062,354.78342,849.43274,0.010350594,-23105.215425246715,35.0,N_754
2024-05-13 13:01:40,79.75666,15.410156,81.257614,354.39175,849.43274,0.011906115,-23039.811026129843,35.0,N_754
2024-05-13 13:01:41,79.7961,15.397873,81.26461,354.00006,849.43274,0.011765846,-22975.900943570967,35.0,N_754
2024-05-13 13:01:42,79.835396,15.385483,81.26461,353.6084,849.43274,0.009714089,-22926.272771465738,35.0,N_754
2024-05-13 13:01:43,79.874565,15.372986,81.2716,353.22372,849.43274,0.00838931,-22884.191489055927,35.0,N_754
2024-05-13 13:01:44,79.9136,15.360382,81.278595,352.83206,849.43274,0.011836197,-22817.972932294717,35.0,N_754
2024-05-13 13:01:45,79.9525,15.347656,81.28559,352.43338,849.43274,0.009960684,-22766.387119628595,35.0,N_754
2024-05-13 13:01:46,79.991264,15.334839,81.28559,352.04172,849.4383,0.012256553,-22698.767417457177,35.0,N_754
2024-05-13 13:01:47,80.0299,15.321899,81.29259,351.65005,849.4402,0.008686815,-22656.405633521033,35.0,N_754
2024-05-13 13:01:48,80.0684,15.308853,81.29259,351.26538,849.42535,0.0063827774,-22627.256511708983,35.0,N_754
2024-05-13 13:01:49,80.106766,15.2957,81.29259,350.8667,849.41235,0.00864582,-22584.37827490054,35.0,N_754
2024-05-13 13:01:50,80.145,15.282455,81.29259,350.47504,849.4624,0.0101844175,-22531.05209093743,35.0,N_754
2024-05-13 13:01:51,80.1831,15.2690735,81.29259,350.08337,849.5717,0.0069666407,-22498.731288582974,35.0,N_754
2024-05-13 13:01:52,80.22106,15.2556,81.299576,349.6917,849.64386,0.0059237946,-22473.581156184195,35.0,N_754
2024-05-13 13:01:53,80.258896,15.24202,81.299576,349.30002,849.6421,0.0054591494,-22450.675378282776,35.0,N_754
2024-05-13 13:01:54,80.2966,15.2283325,81.30657,348.90137,849.6235,0.0063921073,-22422.667111046976,35.0,N_754
2024-05-13 13:01:55,80.33416,15.214523,81.30657,348.5097,849.6217,0.00586295,-22397.96653164252,35.0,N_754
2024-05-13 13:01:56,80.3716,15.200623,81.30657,348.118,849.62726,0.0043834154,-22382.832064785896,35.0,N_754
2024-05-13 13:01:57,80.4089,15.1866,81.299576,347.72635,849.6291,0.003646919,-22372.6899782362,35.0,N_754
2024-05-13 13:01:58,80.44606,15.17247,81.29259,347.3347,849.62726,0.0017844519,-22374.84247048188,35.0,N_754
2024-05-13 13:01:59,80.48309,15.158234,81.29259,346.93604,849.62726,0.0027715235,-22370.79216017494,35.0,N_754
2024-05-13 13:02:00,80.52,15.14389,81.29259,346.54434,849.62726,0.0022147733,-22370.431756978396,35.0,N_754
2024-05-13 13:02:01,80.560616,15.131653,81.29259,346.15967,849.62726,0.0012284352,-22376.079341409804,35.0,N_754
2024-05-13 13:02:02,80.60097,15.119247,81.29259,345.768,849.62726,0.001372066,-22381.014111422446,35.0,N_754
2024-05-13 13:02:03,80.64106,15.106644,81.29259,345.37634,849.62726,0.0012045511,-22386.986577199837,35.0,N_754
2024-05-13 13:02:04,80.680885,15.093857,81.28559,344.98465,849.62726,0.0012210214,-22392.880333151996,35.0,N_754
2024-05-13 13:02:05,80.72045,15.080887,81.278595,344.586,849.62726,0.0006980456,-22402.77900195888,35.0,N_754
2024-05-13 13:02:06,80.75975,15.067734,81.278595,344.20132,849.62726,-0.00040040477,-22419.194309987375,35.0,N_754
2024-05-13 13:02:07,80.79878,15.054398,81.2716,343.80966,849.62726,-0.0014848271,-22443.324507950943,35.0,N_754
2024-05-13 13:02:08,80.837555,15.040878,81.26461,343.41797,849.62726,-0.0019962187,-22470.891355211992,35.0,N_754
2024-05-13 13:02:09,80.87606,15.027176,81.257614,343.0263,849.62726,-0.003494617,-22508.340246159525,35.0,N_754
2024-05-13 13:02:10,80.9143,15.01329,81.257614,342.63464,849.62726,-0.004217334,-22550.047851528885,35.0,N_754
2024-05-13 13:02:11,80.95228,14.999222,81.25062,342.24997,849.62726,-0.004230192,-22591.864436931413,35.0,N_754
2024-05-13 13:02:12,80.99,14.98497,81.24363,341.8653,849.62726,-0.0036482208,-22630.30202544003,35.0,N_754
2024-05-13 13:02:13,81.02745,14.970535,81.23663,341.47363,849.62726,-0.003614119,-22668.356536353458,35.0,N_754
2024-05-13 13:02:14,81.06464,14.955902,81.22964,341.08893,849.62726,-0.004580085,-22712.334161051593,35.0,N_754
2024-05-13 13:02:15,81.10156,14.941101,81.22964,340.70425,849.62726,-0.0034271097,-22749.093144577535,35.0,N_754
2024-05-13 13:02:16,81.13822,14.926117,81.21565,340.31958,849.62726,-0.005110912,-22797.16522307554,35.0,N_754
2024-05-13 13:02:17,81.174614,14.910934,81.20866,339.9349,849.62726,-0.0062736385,-22853.520283394653,35.0,N_754
2024-05-13 13:02:18,81.21075,14.895584,81.194664,339.55023,849.62726,-0.0036705602,-22892.15951502269,35.0,N_754
2024-05-13 13:02:19,81.24661,14.880035,81.187675,339.16556,849.62726,-0.004076977,-22933.746097004623,35.0,N_754
2024-05-13 13:02:20,81.28222,14.864319,81.17368,338.78088,849.62726,-0.0021614076,-22962.448680413167,35.0,N_754
2024-05-13 13:02:21,81.31756,14.848404,81.16669,338.3962,849.62726,-0.0015543113,-22986.804626197038,35.0,N_754
2024-05-13 13:02:22,81.35264,14.832321,81.1527,338.01852,849.62726,-0.000947215,-23007.23675168153,35.0,N_754
2024-05-13 13:02:23,81.38745,14.81604,81.145706,337.63385,849.62726,-0.0020551274,-23034.96784167098,35.0,N_754
2024-05-13 13:02:24,81.422,14.799591,81.13172,337.25616,849.62726,-0.0031818743,-23070.045147833505,35.0,N_754
2024-05-13 13:02:25,81.45628,14.782944,81.11773,336.88547,849.62726,-0.0038536137,-23109.257544821845,35.0,N_754
2024-05-13 13:02:26,81.4903,14.766113,81.11074,336.50778,849.62726,-0.0047444636,-23154.74470998077,35.0,N_754
2024-05-13 13:02:27,81.52406,14.749115,81.103745,336.1231,849.62726,-0.0042576734,-23196.824450035747,35.0,N_754
2024-05-13 13:02:28,81.557556,14.731918,81.08975,335.75244,849.62726,-0.0050259707,-23244.56099041659,35.0,N_754
2024-05-13 13:02:29,81.59078,14.714539,81.07577,335.37476,849.62726,-0.0046884622,-23289.78401207335,35.0,N_754
2024-05-13 13:02:30,81.62375,14.696976,81.061775,335.00406,849.62726,-0.0039514625,-23329.936631931385,35.0,N_754
2024-05-13 13:02:31,81.65645,14.67923,81.04779,334.63336,849.62726,-0.0046505737,-23374.775857198045,35.0,N_754
2024-05-13 13:02:32,81.68889,14.661301,81.033806,334.2627,849.62726,-0.004653132,-23419.691560148844,35.0,N_754
2024-05-13 13:02:33,81.72106,14.643188,81.01981,333.892,849.62726,-0.0038871581,-23459.567630511516,35.0,N_754
2024-05-13 13:02:34,81.75297,14.624893,81.00583,333.5213,849.62726,-0.003663892,-23498.00270316655,35.0,N_754
2024-05-13 13:02:35,81.784615,14.606415,80.99184,333.15063,849.62726,-0.0044353693,-23541.105464878536,35.0,N_754
2024-05-13 13:02:36,81.815994,14.587753,80.97785,332.78693,849.62726,-0.0042245076,-23582.630012905072,35.0,N_754
2024-05-13 13:02:37,81.847115,14.568909,80.96386,332.42325,849.62726,-0.003997292,-23623.172107927443,35.0,N_754
2024-05-13 13:02:38,81.87797,14.549881,80.94288,332.06653,849.62726,-0.005317655,-23672.316054124705,35.0,N_754
2024-05-13 13:02:39,81.90856,14.530655,80.928894,331.70285,849.62726,-0.0062673194,-23727.49588217796,35.0,N_754
2024-05-13 13:02:40,81.93889,14.511261,80.9149,331.33914,849.62726,-0.006786016,-23786.9369870482,35.0,N_754
2024-05-13 13:02:41,81.96895,14.491684,80.89392,330.98245,849.62726,-0.008300454,-23859.597590639478,35.0,N_754
2024-05-13 13:02:42,81.99875,14.471909,80.865944,330.62573,849.62726,-0.0058401595,-23912.454518762577,35.0,N_754
2024-05-13 13:02:43,82.02828,14.451965,80.85196,330.26904,849.62726,-0.0069280216,-23971.326701168866,35.0,N_754
2024-05-13 13:02:44,82.057556,14.431824,80.83797,329.91235,849.62726,-0.007222535,-24033.86975005026,35.0,N_754
2024-05-13 13:02:45,82.08656,14.411514,80.816986,329.55563,849.62726,-0.008299302,-24102.510145794127,35.0,N_754
2024-05-13 13:02:46,82.1153,14.391006,80.80299,329.19894,849.62726,-0.008516749,-24173.023328512107,35.0,N_754
2024-05-13 13:02:47,82.14378,14.370331,80.78201,328.84924,849.62726,-0.008928783,-24246.7932575053,35.0,N_754
2024-05-13 13:02:48,82.172,14.349457,80.76103,328.49954,849.62726,-0.010095399,-24328.520543976763,35.0,N_754
2024-05-13 13:02:49,82.19995,14.328415,80.74005,328.14984,849.62726,-0.009286572,-24401.672714405628,35.0,N_754
2024-05-13 13:02:50,82.22764,14.307175,80.72606,327.80713,849.62726,-0.011490073,-24490.78809478948,35.0,N_754
2024-05-13 13:02:51,82.25506,14.285751,80.70508,327.46442,849.62726,-0.013330829,-24594.476245413367,35.0,N_754
2024-05-13 13:02:52,82.28222,14.26416,80.6841,327.11472,849.62726,-0.012986665,-24694.740462308422,35.0,N_754
2024-05-13 13:02:53,82.30911,14.242371,80.66312,326.772,849.62726,-0.014328377,-24806.77199531002,35.0,N_754
2024-05-13 13:02:54,82.33575,14.220398,80.63514,326.43628,849.62726,-0.01633704,-24929.98824770089,35.0,N_754
2024-05-13 13:02:55,82.362114,14.198242,80.61416,326.09357,849.62726,-0.018345702,-25064.22047622202,35.0,N_754
2024-05-13 13:02:56,82.38822,14.175903,80.59317,325.75784,849.62726,-0.019060027,-25205.423419495783,35.0,N_754
2024-05-13 13:02:57,82.41406,14.153381,80.57219,325.41513,849.62726,-0.020362182,-25350.98427269862,35.0,N_754
2024-05-13 13:02:58,82.43964,14.130676,80.55121,325.0864,849.62726,-0.02131949,-25505.067922139628,35.0,N_754
2024-05-13 13:02:59,82.46495,14.107788,80.53023,324.7507,849.62726,-0.022201387,-25670.027024060168,35.0,N_754
2024-05-13 13:03:00,82.49,14.084717,80.50225,324.42197,849.62726,-0.023083284,-25844.52060771342,35.0,N_754
2024-05-13 13:03:01,82.518555,14.057999,80.47427,324.08624,849.62726,-0.019182656,-25984.13012626637,35.0,N_754
2024-05-13 13:03:02,82.546715,14.0312195,80.45329,323.75754,849.62726,-0.015282029,-26095.69612719584,35.0,N_754
2024-05-13 13:03:03,82.574486,14.004364,80.43231,323.4358,849.62726,-0.016935686,-26225.3129406261,35.0,N_754
2024-05-13 13:03:04,82.60187,13.9774475,80.404335,323.1071,849.62726,-0.019994745,-26374.959039504876,35.0,N_754
2024-05-13 13:03:05,82.62885,13.950455,80.37636,322.78534,849.62726,-0.01658089,-26496.167356059857,35.0,N_754
2024-05-13 13:03:06,82.65545,13.923416,80.35537,322.46362,849.62726,-0.01372487,-26596.670742275113,35.0,N_754
2024-05-13 13:03:07,82.68165,13.896301,80.33439,322.1489,849.62726,-0.019136023,-26740.040993522238,35.0,N_754
2024-05-13 13:03:08,82.707466,13.86911,80.30641,321.82715,849.62726,-0.01646092,-26864.59094626631,35.0,N_754
2024-05-13 13:03:09,82.73289,13.841858,80.278435,321.51242,849.62726,-0.011814585,-26959.35332743737,35.0,N_754
2024-05-13 13:03:10,82.75791,13.814545,80.250465,321.19067,849.62726,-0.011231916,-27047.936924978138,35.0,N_754
2024-05-13 13:03:11,82.782555,13.78717,80.22249,320.88293,849.62726,-0.017503211,-27179.850757435262,35.0,N_754
2024-05-13 13:03:12,82.80679,13.75972,80.19451,320.5682,849.62726,-0.019265039,-27321.932727888547,35.0,N_754
2024-05-13 13:03:13,82.83065,13.732208,80.166534,320.26047,849.62726,-0.021026867,-27468.851622674218,35.0,N_754
2024-05-13 13:03:14,82.85411,13.70462,80.14555,319.95273,849.62726,-0.018851915,-27607.63119642056,35.0,N_754
2024-05-13 13:03:15,82.87718,13.676971,80.11758,319.645,849.62726,-0.020533066,-27758.78219057691,35.0,N_754
2024-05-13 13:03:16,82.899864,13.649261,80.0896,319.33725,849.62726,-0.017295215,-27886.515987864856,35.0,N_754
2024-05-13 13:03:17,82.92215,13.621475,80.06162,319.0365,849.62726,-0.018152881,-28019.932623881807,35.0,N_754
2024-05-13 13:03:18,82.944046,13.593628,80.033646,318.73575,849.62726,-0.01841249,-28155.34356425487,35.0,N_754
2024-05-13 13:03:19,82.96555,13.56572,80.00567,318.435,849.62726,-0.0186721,-28300.3026550898,35.0,N_754
2024-05-13 13:03:20,82.986664,13.53775,79.970695,318.13425,849.62726,-0.018931707,-28438.4000460849,35.0,N_754
2024-05-13 13:03:21,83.007385,13.509705,79.94272,317.8405,849.62726,-0.017393788,-28565.620646857154,35.0,N_754
2024-05-13 13:03:22,83.02771,13.481583,79.91474,317.54675,849.62726,-0.01895357,-28703.314445342225,35.0,N_754
2024-05-13 13:03:23,83.04765,13.453415,79.886765,317.253,849.62726,-0.01668753,-28826.412606276317,35.0,N_754
2024-05-13 13:03:24,83.0672,13.425171,79.85879,316.95926,849.62726,-0.024343908,-28997.158577812304,35.0,N_754
2024-05-13 13:03:25,83.08635,13.396851,79.83082,316.6725,849.62726,-0.017574783,-29133.506554093743,35.0,N_754
2024-05-13 13:03:26,83.10511,13.368469,79.795845,316.37872,849.62726,-0.0031637498,-29168.233459966283,35.0,N_754
2024-05-13 13:03:27,83.12348,13.340027,79.76787,316.09897,849.62726,-0.017486317,-29302.260158197645,35.0,N_754
2024-05-13 13:03:28,83.141464,13.311523,79.732895,315.81223,849.62726,-0.030366609,-29526.94963473665,35.0,N_754
2024-05-13 13:03:29,83.15905,13.282944,79.69793,315.52545,849.62726,-0.0157936,-29642.60566182455,35.0,N_754
2024-05-13 13:03:30,83.17625,13.254303,79.66995,315.2457,849.62726,0.008937158,-29594.76723531031,35.0,N_754
2024-05-13 13:03:31,83.19305,13.225601,79.63498,314.9659,849.62726,0.0019547269,-29595.620661414483,35.0,N_754
2024-05-13 13:03:32,83.209465,13.196823,79.600006,314.68616,849.62726,-0.0029437284,-29628.534316216676,35.0,N_754
2024-05-13 13:03:33,83.22549,13.167984,79.57203,314.4134,849.62726,-0.0033133035,-29662.649002660917,35.0,N_754
2024-05-13 13:03:34,83.24111,13.139069,79.54406,314.14062,849.62726,-0.004409918,-29703.791495242083,35.0,N_754
2024-05-13 13:03:35,83.25635,13.110092,79.51608,313.86786,849.62726,-0.0049275914,-29750.944859372205,35.0,N_754
2024-05-13 13:03:36,83.271194,13.081055,79.48111,313.58807,849.62726,-0.0048890645,-29800.370643293543,35.0,N_754
2024-05-13 13:03:37,83.28565,13.051941,79.43915,313.3223,849.62726,-0.0065946197,-29857.5100855727,35.0,N_754
2024-05-13 13:03:38,83.29971,13.022766,79.41117,313.04953,849.62726,-0.008243107,-29926.05063862954,35.0,N_754
2024-05-13 13:03:39,83.313385,12.99353,79.3762,312.78375,849.62726,-0.009292743,-30001.464413726942,35.0,N_754
2024-05-13 13:03:40,83.32666,12.964233,79.341225,312.525,849.62726,-0.009454865,-30074.996209754514,35.0,N_754
2024-05-13 13:03:41,83.33955,12.93486,79.31325,312.25922,849.62726,-0.0066609923,-30132.20391745049,35.0,N_754
2024-05-13 13:03:42,83.35204,12.905411,79.27828,312.00043,849.62726,-0.008537775,-30203.79912414887,35.0,N_754
2024-05-13 13:03:43,83.36415,12.875916,79.24331,311.73465,849.62726,-0.0018849109,-30230.405870678238,35.0,N_754
2024-05-13 13:03:44,83.37586,12.846344,79.208336,311.47586,849.62726,-0.0041540987,-30271.49074716903,35.0,N_754
2024-05-13 13:03:45,83.387184,12.816696,79.17337,311.2241,849.62726,-0.0054400233,-30321.522846605054,35.0,N_754
2024-05-13 13:03:46,83.39811,12.787003,79.1384,310.9653,849.62726,-0.0037324368,-30361.821705644372,35.0,N_754
2024-05-13 13:03:47,83.408646,12.757217,79.096436,310.7135,849.62726,-0.001064529,-30383.55008932267,35.0,N_754
2024-05-13 13:03:48,83.41879,12.727386,79.06146,310.46173,849.62726,-0.0013824428,-30405.782542426008,35.0,N_754
2024-05-13 13:03:49,83.42855,12.697479,79.033485,310.20993,849.62726,-0.0012893127,-30426.816769069323,35.0,N_754
2024-05-13 13:03:50,83.43791,12.667511,78.99851,309.96515,849.62726,-0.0011961828,-30448.822578814095,35.0,N_754
2024-05-13 13:03:51,83.446884,12.637482,78.95655,309.71335,849.62726,-0.005851623,-30501.880713398547,35.0,N_754
2024-05-13 13:03:52,83.45546,12.607376,78.92158,309.46857,849.62726,-0.01204443,-30594.31969627097,35.0,N_754
2024-05-13 13:03:53,83.463646,12.577209,78.88661,309.22375,849.62726,-0.011067991,-30679.189100462874,35.0,N_754
2024-05-13 13:03:54,83.47144,12.546967,78.85164,308.98596,849.62726,-0.012945449,-30777.680885255388,35.0,N_754
2024-05-13 13:03:55,83.47885,12.516663,78.816666,308.74115,849.62726,-0.011849572,-30873.84762489418,35.0,N_754
2024-05-13 13:03:56,83.48586,12.486298,78.774704,308.50336,849.62726,-0.013016021,-30979.19896047083,35.0,N_754
2024-05-13 13:03:57,83.492485,12.455872,78.73274,308.26556,849.62726,-0.008987016,-31052.086927356933,35.0,N_754
2024-05-13 13:03:58,83.49871,12.425369,78.69777,308.02777,849.62726,-0.007610103,-31115.048477454948,35.0,N_754
2024-05-13 13:03:59,83.50455,12.394806,78.662796,307.78998,849.62726,-0.01391237,-31217.542993452043,35.0,N_754
2024-05-13 13:04:00,83.509995,12.364166,78.62783,307.55917,849.62726,-0.014215206,-31321.939449061312,35.0,N_754
2024-05-13 13:04:01,83.51366,12.327011,78.59286,307.32837,849.62726,-0.007551593,-31387.49079701271,35.0,N_754
2024-05-13 13:04:02,83.516975,12.290009,78.550896,307.09753,849.62726,-0.024092626,-31557.057857976135,35.0,N_754
2024-05-13 13:04:03,83.51994,12.253159,78.51592,306.86673,849.62726,-0.018309738,-31695.575806736902,35.0,N_754
2024-05-13 13:04:04,83.522575,12.216446,78.47395,306.64294,849.62726,-0.010387944,-31776.92390220315,35.0,N_754
2024-05-13 13:04:05,83.52486,12.179901,78.43899,306.41214,849.62726,-0.010655594,-31863.360727883923,35.0,N_754
2024-05-13 13:04:06,83.526794,12.143509,78.39702,306.18832,849.62726,-0.012217877,-31960.196538692086,35.0,N_754
2024-05-13 13:04:07,83.52839,12.107269,78.35506,305.9715,849.62726,-0.0076140543,-32022.793859394747,35.0,N_754
2024-05-13 13:04:08,83.52964,12.071182,78.32008,305.74768,849.62726,-0.010604805,-32103.72508452964,35.0,N_754
2024-05-13 13:04:09,83.53055,12.035248,78.28512,305.52386,849.62726,-0.006258828,-32160.09973801322,35.0,N_754
2024-05-13 13:04:10,83.531105,11.999451,78.24315,305.30005,849.62726,-0.0037726557,-32200.049271964424,35.0,N_754
2024-05-13 13:04:11,83.53132,11.963821,78.20119,305.08325,849.62726,-0.0063896123,-32256.959141934713,35.0,N_754
2024-05-13 13:04:12,83.5312,11.928345,78.15922,304.8734,849.62726,-0.01427851,-32368.397493730314,35.0,N_754
2024-05-13 13:04:13,83.53072,11.893021,78.117256,304.65662,849.62726,-0.018408285,-32506.40995624514,35.0,N_754
2024-05-13 13:04:14,83.52991,11.857849,78.075294,304.44678,849.62726,-0.009016026,-32582.14961106493,35.0,N_754
2024-05-13 13:04:15,83.52875,11.822815,78.033325,304.22995,849.62726,0.00037623342,-32593.922355233153,35.0,N_754
2024-05-13 13:04:16,83.52724,11.787949,77.99836,304.02014,849.62726,-0.0014994448,-32616.630037215124,35.0,N_754
2024-05-13 13:04:17,83.52539,11.753235,77.95639,303.81732,849.62726,0.0013503652,-32621.863857273973,35.0,N_754
2024-05-13 13:04:18,83.52319,11.718674,77.921425,303.60748,849.62726,0.00022756275,-32633.19743941242,35.0,N_754
2024-05-13 13:04:19,83.52065,11.684265,77.88645,303.39767,849.62726,0.007824107,-32589.235267726217,35.0,N_754
2024-05-13 13:04:20,83.51777,11.649994,77.837494,303.19482,849.62726,0.005566113,-32566.891819742188,35.0,N_754
2024-05-13 13:04:21,83.51454,11.6158905,77.795525,302.992,849.62726,0.0072947154,-32531.73258576649,35.0,N_754
2024-05-13 13:04:22,83.51097,11.58194,77.75356,302.78918,849.62726,0.003296525,-32525.07255257259,35.0,N_754
2024-05-13 13:04:23,83.50706,11.5481415,77.71859,302.58633,849.62726,0.00033096573,-32535.44113271959,35.0,N_754
2024-05-13 13:04:24,83.50279,11.514496,77.67663,302.3835,849.62726,-0.0033841562,-32571.641131695895,35.0,N_754
2024-05-13 13:04:25,83.49819,11.480988,77.63467,302.18768,849.62726,-0.007956166,-32642.553086594206,35.0,N_754
2024-05-13 13:04:26,83.49324,11.447647,77.5857,301.99185,849.62726,-0.006391558,-32699.820648691646,35.0,N_754
2024-05-13 13:04:27,83.487946,11.414459,77.54374,301.79602,849.62726,-0.008314503,-32768.768567987834,35.0,N_754
2024-05-13 13:04:28,83.48231,11.381424,77.50178,301.6002,849.62726,-0.004165368,-32810.17114744828,35.0,N_754
2024-05-13 13:04:29,83.476326,11.348526,77.45981,301.40433,849.62726,0.0046035284,-32795.495710390765,35.0,N_754
2024-05-13 13:04:30,83.46999,11.315796,77.42484,301.2085,849.62726,-0.024595227,-32983.68783547586,35.0,N_754
2024-05-13 13:04:31,83.463326,11.283218,77.37588,301.01965,849.62726,-0.017244304,-33111.785674236686,35.0,N_754
2024-05-13 13:04:32,83.45631,11.250793,77.333916,300.8308,849.62726,-0.009893379,-33190.42968845513,35.0,N_754
2024-05-13 13:04:33,83.448944,11.218521,77.291954,300.64197,849.62726,-0.0034944827,-33226.96438713945,35.0,N_754
2024-05-13 13:04:34,83.44124,11.186386,77.249985,300.45316,849.62726,-0.0020474757,-33253.737860200505,35.0,N_754
2024-05-13 13:04:35,83.43319,11.154419,77.20802,300.2713,849.62726,0.001601759,-33256.59913527116,35.0,N_754
2024-05-13 13:04:36,83.4248,11.122604,77.16605,300.08945,849.62726,0.0037631837,-33244.93177293581,35.0,N_754
2024-05-13 13:04:37,83.41605,11.090942,77.12409,299.9006,849.62726,0.0021421136,-33244.4903695283,35.0,N_754
2024-05-13 13:04:38,83.406975,11.059418,77.08213,299.71875,849.62726,0.0039135017,-33232.246473957755,35.0,N_754
2024-05-13 13:04:39,83.397545,11.028061,77.04016,299.53693,849.62726,0.00576725,-33204.500493068335,35.0,N_754
2024-05-13 13:04:40,83.38777,10.996857,76.9912,299.35507,849.62726,0.007579731,-33169.42036022996,35.0,N_754
2024-05-13 13:04:41,83.377655,10.965805,76.94924,299.17322,849.62726,0.007871377,-33132.077620431475,35.0,N_754
2024-05-13 13:04:42,83.367195,10.934891,76.90727,298.99835,849.62726,0.0022539168,-33130.677695649414,35.0,N_754
2024-05-13 13:04:43,83.35639,10.904144,76.86531,298.82352,849.62726,0.0036904262,-33117.816737523775,35.0,N_754
2024-05-13 13:04:44,83.34524,10.87355,76.81635,298.64865,849.62726,0.006482006,-33090.29054887444,35.0,N_754
2024-05-13 13:04:45,83.33375,10.843094,76.77438,298.47382,849.62726,0.009323122,-33043.053702049525,35.0,N_754
2024-05-13 13:04:46,83.32191,10.812805,76.73242,298.29895,849.62726,0.0075137606,-33003.08258693425,35.0,N_754
2024-05-13 13:04:47,83.30972,10.782669,76.683464,298.1241,849.62726,0.006509791,-32976.02292679079,35.0,N_754
2024-05-13 13:04:48,83.297195,10.752686,76.6415,297.95624,849.62726,0.008925568,-32932.00408766922,35.0,N_754
2024-05-13 13:04:49,83.284325,10.722839,76.59953,297.7884,849.62726,0.008945529,-32887.787764594425,35.0,N_754
2024-05-13 13:04:50,83.2711,10.693161,76.55757,297.6205,849.62726,0.008530204,-32841.10950082728,35.0,N_754
2024-05-13 13:04:51,83.257545,10.663635,76.50861,297.45267,849.62726,0.008253713,-32797.56564176611,35.0,N_754
2024-05-13 13:04:52,83.24364,10.634247,76.459656,297.28482,849.62726,0.009610371,-32744.427254996343,35.0,N_754
2024-05-13 13:04:53,83.22939,10.605026,76.41069,297.11694,849.62726,0.011502261,-32686.14843324076,35.0,N_754
2024-05-13 13:04:54,83.2148,10.575958,76.36873,296.9561,849.62726,0.012601859,-32617.755085917754,35.0,N_754
2024-05-13 13:04:55,83.19986,10.547043,76.32677,296.78824,849.62726,0.013157534,-32539.65090466372,35.0,N_754
2024-05-13 13:04:56,83.18457,10.518265,76.2778,296.62735,849.62726,0.012409232,-32475.12322398839,35.0,N_754
2024-05-13 13:04:57,83.168945,10.489655,76.23584,296.4665,849.62726,0.012810444,-32406.667702359544,35.0,N_754
2024-05-13 13:04:58,83.15297,10.461197,76.19388,296.30563,849.62726,0.012676078,-32331.402178791483,35.0,N_754
2024-05-13 13:04:59,83.13666,10.432877,76.14492,296.14478,849.62726,0.014429991,-32245.092644287863,35.0,N_754
2024-05-13 13:05:00,83.119995,10.404724,76.095955,295.9839,849.62726,0.012938722,-32170.563070594584,35.0,N_754
2024-05-13 13:05:01,83.098976,10.376572,76.047,295.83002,849.62726,0.011437359,-32111.48413494067,35.0,N_754
2024-05-13 13:05:02,83.07774,10.348587,76.005035,295.66916,849.62726,0.008961789,-32068.205873165127,35.0,N_754
2024-05-13 13:05:03,83.056305,10.32074,75.963066,295.5153,849.62726,0.011433134,-32000.906550333093,35.0,N_754
2024-05-13 13:05:04,83.03466,10.29306,75.91411,295.35443,849.62726,0.011655527,-31936.169116548732,35.0,N_754
2024-05-13 13:05:05,83.01281,10.265549,75.86515,295.20755,849.62726,0.013208914,-31858.857125831666,35.0,N_754
2024-05-13 13:05:06,82.990746,10.23819,75.81619,295.05368,849.62726,0.013267597,-31789.23123485075,35.0,N_754
2024-05-13 13:05:07,82.968475,10.210983,75.77423,294.8998,849.62726,0.012734201,-31723.178456444257,35.0,N_754
2024-05-13 13:05:08,82.946,10.183929,75.73226,294.75293,849.62726,0.013707182,-31649.049694910467,35.0,N_754
2024-05-13 13:05:09,82.92331,10.157043,75.6903,294.59906,849.62726,0.014480345,-31563.166423633025,35.0,N_754
2024-05-13 13:05:10,82.90041,10.13031,75.64134,294.45218,849.62726,0.0143459365,-31477.491373378612,35.0,N_754
2024-05-13 13:05:11,82.87731,10.103729,75.592384,294.2983,849.62726,0.013734562,-31397.798481004524,35.0,N_754
2024-05-13 13:05:12,82.854,10.077316,75.54343,294.15146,849.62726,0.012113973,-31337.738130069705,35.0,N_754
2024-05-13 13:05:13,82.830475,10.051056,75.50146,294.01157,849.62726,0.013078167,-31260.58388663849,35.0,N_754
2024-05-13 13:05:14,82.80675,10.024948,75.4525,293.8647,849.62726,0.01361006,-31189.47358089019,35.0,N_754
2024-05-13 13:05:15,82.78281,9.999008,75.41054,293.7178,849.62726,0.014190368,-31095.675111995886,35.0,N_754
2024-05-13 13:05:16,82.75866,9.973221,75.35458,293.57092,849.62726,0.015682576,-31005.057812040788,35.0,N_754
2024-05-13 13:05:17,82.73431,9.947586,75.305626,293.43106,849.62726,0.015523799,-30913.85435069471,35.0,N_754
2024-05-13 13:05:18,82.70975,9.922119,75.25667,293.29117,849.62726,0.015162886,-30834.292828734047,35.0,N_754
2024-05-13 13:05:19,82.684975,9.89679,75.2147,293.15128,849.62726,0.016290214,-30744.239666518308,35.0,N_754
2024-05-13 13:05:20,82.659996,9.871643,75.17274,293.0044,849.62726,0.01646538,-30645.261773246442,35.0,N_754
2024-05-13 13:05:21,82.63481,9.846634,75.12378,292.86453,849.62726,0.01666967,-30547.81612255989,35.0,N_754
2024-05-13 13:05:22,82.60941,9.821793,75.074814,292.73163,849.62726,0.017822854,-30442.370370338038,35.0,N_754
2024-05-13 13:05:23,82.58381,9.797104,75.025856,292.59875,849.62726,0.01865975,-30329.00088541227,35.0,N_754
2024-05-13 13:05:24,82.558,9.772583,74.9769,292.45886,849.62726,0.018878931,-30214.234575023245,35.0,N_754
2024-05-13 13:05:25,82.531975,9.748215,74.92794,292.319,849.62726,0.01764964,-30109.803765779838,35.0,N_754
2024-05-13 13:05:26,82.505745,9.723999,74.87898,292.1861,849.62726,0.017581284,-30003.38595683626,35.0,N_754
2024-05-13 13:05:27,82.47931,9.699936,74.830025,292.0462,849.62726,0.01587265,-29922.521473084664,35.0,N_754
2024-05-13 13:05:28,82.45266,9.676041,74.788055,291.92032,849.62726,0.017415905,-29817.559129061512,35.0,N_754
2024-05-13 13:05:29,82.42581,9.652298,74.7391,291.78745,849.62726,0.017764213,-29711.686063678226,35.0,N_754
2024-05-13 13:05:30,82.39874,9.628723,74.69014,291.65454,849.62726,0.015958698,-29617.851892151462,35.0,N_754
2024-05-13 13:05:31,82.371475,9.605286,74.64118,291.52167,849.62726,0.015770992,-29525.16595531439,35.0,N_754
2024-05-13 13:05:32,82.343994,9.582016,74.592224,291.38876,849.62726,0.01849442,-29416.231002130735,35.0,N_754
2024-05-13 13:05:33,82.31631,9.558914,74.54327,291.26288,849.62726,0.019216519,-29299.85805562216,35.0,N_754
2024-05-13 13:05:34,82.288414,9.535965,74.49431,291.12997,849.62726,0.01846986,-29190.85750876137,35.0,N_754
2024-05-13 13:05:35,82.26031,9.513168,74.44535,291.0041,849.62726,0.014665664,-29106.783482025217,35.0,N_754
2024-05-13 13:05:36,82.231995,9.490524,74.396385,290.8782,849.62726,0.014565729,-29021.51131389068,35.0,N_754
2024-05-13 13:05:37,82.203476,9.468048,74.34743,290.7453,849.62726,0.012447094,-28952.25118393872,35.0,N_754
2024-05-13 13:05:38,82.17474,9.4457245,74.29847,290.61942,849.6291,0.014824851,-28868.61562981446,35.0,N_754
2024-05-13 13:05:39,82.14581,9.423553,74.24951,290.50052,849.62726,0.01570318,-28777.054749738832,35.0,N_754
2024-05-13 13:05:40,82.11666,9.40155,74.200554,290.37463,849.6235,0.018451018,-28667.259398073234,35.0,N_754
2024-05-13 13:05:41,82.08731,9.3797,74.151596,290.24872,849.62726,0.02047705,-28543.820136503928,35.0,N_754
2024-05-13 13:05:42,82.05775,9.358002,74.10264,290.12283,849.6402,0.020300966,-28410.42287205124,35.0,N_754
2024-05-13 13:05:43,82.02798,9.336472,74.046684,290.00394,849.63275,0.02012488,-28305.396159247328,35.0,N_754
2024-05-13 13:05:44,81.99799,9.315079,74.004715,289.88504,849.5661,0.020836113,-28180.13241194831,35.0,N_754
2024-05-13 13:05:45,81.96781,9.293869,73.95576,289.76614,849.4735,0.020459618,-28056.058948737427,35.0,N_754
2024-05-13 13:05:46,81.937416,9.272797,73.9068,289.64023,849.42163,0.019911692,-27938.221399138398,35.0,N_754
2024-05-13 13:05:47,81.90681,9.251892,73.85784,289.52133,849.4235,0.018374544,-27830.19350560426,35.0,N_754
2024-05-13 13:05:48,81.876,9.23114,73.80888,289.40244,849.43646,0.017268354,-27717.969506770227,35.0,N_754
2024-05-13 13:05:49,81.84498,9.210556,73.75293,289.28354,849.43646,0.019578028,-27603.12186828039,35.0,N_754
2024-05-13 13:05:50,81.81375,9.1901245,73.70397,289.16464,849.43274,0.02061802,-27482.40976675987,35.0,N_754
2024-05-13 13:05:51,81.78231,9.169846,73.655014,289.05273,849.43274,0.020370647,-27360.502047838785,35.0,N_754
2024-05-13 13:05:52,81.75066,9.149719,73.60606,288.93384,849.43274,0.01806601,-27253.966521598843,35.0,N_754
2024-05-13 13:05:53,81.71881,9.129761,73.5571,288.81494,849.43274,0.016180618,-27172.173486734286,35.0,N_754
2024-05-13 13:05:54,81.686745,9.109955,73.51513,288.70303,849.43274,0.016122838,-27067.984571255267,35.0,N_754
2024-05-13 13:05:55,81.65448,9.090317,73.459175,288.59113,849.43274,0.014872953,-26985.35928316401,35.0,N_754
2024-05-13 13:05:56,81.621994,9.070831,73.41022,288.47922,849.43274,0.014380856,-26904.49643110788,35.0,N_754
2024-05-13 13:05:57,81.58931,9.051498,73.36126,288.3673,849.43274,0.016834721,-26805.411629225477,35.0,N_754
2024-05-13 13:05:58,81.55641,9.032318,73.3123,288.2484,849.43274,0.017577773,-26703.70046747881,35.0,N_754
2024-05-13 13:05:59,81.52331,9.013306,73.26334,288.1365,849.43274,0.019760393,-26587.39395936031,35.0,N_754
2024-05-13 13:06:00,81.49,8.994446,73.214386,288.0246,849.43274,0.019379232,-26473.477498855515,35.0,N_754
2024-05-13 13:06:01,81.453445,8.977768,73.16543,287.9127,849.43274,0.020598352,-26353.967042235527,35.0,N_754
2024-05-13 13:06:02,81.41679,8.961166,73.11646,287.80777,849.43274,0.024100713,-26208.642464451776,35.0,N_754
2024-05-13 13:06:03,81.38002,8.944672,73.067505,287.69586,849.43274,0.027603073,-26025.198167718212,35.0,N_754
2024-05-13 13:06:04,81.343155,8.928253,73.01155,287.59097,849.43274,0.027713502,-25860.656395210208,35.0,N_754
2024-05-13 13:06:05,81.306175,8.911926,72.96259,287.48605,849.43274,0.026056346,-25684.799567215166,35.0,N_754
2024-05-13 13:06:06,81.2691,8.895691,72.90664,287.37415,849.43274,0.026828872,-25525.8948857427,35.0,N_754
2024-05-13 13:06:07,81.23191,8.879532,72.85768,287.26923,849.43274,0.026280409,-25368.823740680087,35.0,N_754
2024-05-13 13:06:08,81.19462,8.86348,72.80872,287.16434,849.43274,0.025912952,-25210.70278350488,35.0,N_754
2024-05-13 13:06:09,81.15723,8.847504,72.759766,287.05243,849.43274,0.02607488,-25058.062637700423,35.0,N_754
2024-05-13 13:06:10,81.11972,8.8316345,72.71081,286.9545,849.43274,0.025188604,-24907.449720896333,35.0,N_754
2024-05-13 13:06:11,81.082115,8.815842,72.66185,286.84958,849.43274,0.02487963,-24742.25918329773,35.0,N_754
2024-05-13 13:06:12,81.044395,8.80014,72.605896,286.7447,849.43274,0.026963504,-24563.3872893558,35.0,N_754
2024-05-13 13:06:13,81.00658,8.784515,72.54994,286.63977,849.43274,0.028476126,-24410.86464250466,35.0,N_754
2024-05-13 13:06:14,80.96865,8.768997,72.50798,286.53485,849.43274,0.02963958,-24229.604844425667,35.0,N_754
2024-05-13 13:06:15,80.930626,8.753555,72.45902,286.42993,849.43274,0.029610325,-24033.345608512565,35.0,N_754
2024-05-13 13:06:16,80.89249,8.738205,72.40307,286.33203,849.43274,0.030431015,-23828.851767960045,35.0,N_754
2024-05-13 13:06:17,80.85425,8.722961,72.347115,286.2271,849.43274,0.029617727,-23653.757635618684,35.0,N_754
2024-05-13 13:06:18,80.8159,8.707779,72.29816,286.12918,849.43274,0.02880444,-23482.148192969435,35.0,N_754
2024-05-13 13:06:19,80.77744,8.692703,72.2492,286.03128,849.43274,0.029531633,-23305.71406364621,35.0,N_754
2024-05-13 13:06:20,80.73889,8.677719,72.20023,285.93335,849.43274,0.031435844,-23116.985085397035,35.0,N_754
2024-05-13 13:06:21,80.700226,8.662811,72.151276,285.83545,849.43274,0.028735634,-22941.71401253175,35.0,N_754
2024-05-13 13:06:22,80.66145,8.647995,72.10232,285.73053,849.43274,0.029562207,-22764.912163950496,35.0,N_754
2024-05-13 13:06:23,80.62258,8.6332855,72.05336,285.6326,849.43274,0.030856239,-22558.597750996683,35.0,N_754
2024-05-13 13:06:24,80.5836,8.618637,71.997406,285.5347,849.43274,0.030418113,-22360.046790433145,35.0,N_754
2024-05-13 13:06:25,80.54451,8.604095,71.94145,285.4438,849.43274,0.03009499,-22180.350155008113,35.0,N_754
2024-05-13 13:06:26,80.505325,8.589645,71.892494,285.34586,849.43274,0.02793354,-22013.24208769208,35.0,N_754
2024-05-13 13:06:27,80.46603,8.575272,71.84354,285.24792,849.43463,0.02724692,-21850.443475026324,35.0,N_754
2024-05-13 13:06:28,80.42662,8.560989,71.79458,285.15002,849.4309,0.02841254,-21664.076741277502,35.0,N_754
2024-05-13 13:06:29,80.387115,8.546814,71.738625,285.05908,849.4291,0.028006785,-21478.430111702262,35.0,N_754
2024-05-13 13:06:30,80.3475,8.532715,71.68267,284.96118,849.4383,0.027617812,-21317.7410183033,35.0,N_754
2024-05-13 13:06:31,80.30778,8.518692,71.63371,284.87027,849.4476,0.028000457,-21149.308401584574,35.0,N_754
2024-05-13 13:06:32,80.26795,8.504776,71.584755,284.77234,849.4106,0.028431566,-20962.37682557668,35.0,N_754
2024-05-13 13:06:33,80.22803,8.490936,71.5288,284.68143,849.3235,0.02989258,-20786.683809469665,35.0,N_754
2024-05-13 13:06:34,80.18799,8.477203,71.47984,284.59048,849.2439,0.031375144,-20600.076083425294,35.0,N_754
2024-05-13 13:06:35,80.14785,8.463547,71.430885,284.49957,849.2235,0.032857705,-20399.620340336347,35.0,N_754
2024-05-13 13:06:36,80.1076,8.449982,71.38193,284.40164,849.23645,0.03097739,-20194.33691659902,35.0,N_754
2024-05-13 13:06:37,80.067245,8.436493,71.32597,284.31073,849.242,0.030063767,-19996.53494066742,35.0,N_754
2024-05-13 13:06:38,80.02679,8.423111,71.27002,284.2198,849.23834,0.034352098,-19791.829799596104,35.0,N_754
2024-05-13 13:06:39,79.98623,8.409805,71.22106,284.12888,849.23834,0.03552726,-19578.093894770616,35.0,N_754
2024-05-13 13:06:40,79.94556,8.396606,71.172104,284.03796,849.23834,0.04022603,-19311.446202443432,35.0,N_754
2024-05-13 13:06:41,79.90478,8.383484,71.11615,283.95404,849.23834,0.032005966,-19099.248882912147,35.0,N_754
2024-05-13 13:06:42,79.8639,8.370453,71.060196,283.8631,849.23834,0.034824777,-18871.23242500469,35.0,N_754
2024-05-13 13:06:43,79.822914,8.357513,71.00424,283.77917,849.23834,0.02953394,-18696.318257007842,35.0,N_754
2024-05-13 13:06:44,79.78182,8.34465,70.955284,283.68826,849.23834,0.025052348,-18551.92909878268,35.0,N_754
2024-05-13 13:06:45,79.74062,8.331894,70.90633,283.6043,849.23834,0.028022029,-18385.031590362676,35.0,N_754
2024-05-13 13:06:46,79.699326,8.319214,70.85737,283.5134,849.23834,0.030991707,-18181.81820729051,35.0,N_754
2024-05-13 13:06:47,79.65791,8.306625,70.801414,283.42947,849.23834,0.03151545,-17972.319240037825,35.0,N_754
2024-05-13 13:06:48,79.6164,8.294128,70.74546,283.33853,849.23834,0.026665408,-17818.832480920908,35.0,N_754
2024-05-13 13:06:49,79.57478,8.281723,70.6965,283.2546,849.23834,0.024880724,-17674.84548154856,35.0,N_754
2024-05-13 13:06:50,79.53306,8.269409,70.647545,283.1707,849.23834,0.020916421,-17555.685740710527,35.0,N_754
2024-05-13 13:06:51,79.49123,8.257172,70.59859,283.08676,849.23834,0.025162224,-17392.40733637567,35.0,N_754
2024-05-13 13:06:52,79.44929,8.245026,70.54263,283.00284,849.23834,0.02624877,-17222.842940602197,35.0,N_754
2024-05-13 13:06:53,79.40725,8.232986,70.48668,282.91888,849.23834,0.025737155,-17056.767680025983,35.0,N_754
2024-05-13 13:06:54,79.3651,8.221024,70.430725,282.83496,849.23834,0.025225539,-16911.51892082583,35.0,N_754
2024-05-13 13:06:55,79.322845,8.209137,70.38177,282.75104,849.23834,0.02598095,-16760.002518420526,35.0,N_754
2024-05-13 13:06:56,79.28049,8.197357,70.33281,282.6671,849.23834,0.024687026,-16616.553464263416,35.0,N_754
2024-05-13 13:06:57,79.23802,8.185669,70.28385,282.5832,849.23834,0.02191106,-16475.48201329706,35.0,N_754
2024-05-13 13:06:58,79.19546,8.174057,70.2279,282.49924,849.23834,0.021520857,-16340.974801985802,35.0,N_754
2024-05-13 13:06:59,79.15278,8.162537,70.17194,282.4223,849.23834,0.023708316,-16204.618385706153,35.0,N_754
2024-05-13 13:07:00,79.11,8.151108,70.122986,282.33838,849.23834,0.023840958,-16069.217568137545,35.0,N_754
2024-05-13 13:07:01,79.06613,8.140961,70.07403,282.26144,849.23834,0.024507808,-15926.210609769065,35.0,N_754
2024-05-13 13:07:02,79.02219,8.130859,70.02507,282.17752,849.23834,0.026393242,-15756.412924685932,35.0,N_754
2024-05-13 13:07:03,78.97817,8.120804,69.96912,282.1006,849.23834,0.026625616,-15582.98127390841,35.0,N_754
2024-05-13 13:07:04,78.93409,8.110809,69.91316,282.01666,849.23834,0.028861117,-15393.942429944384,35.0,N_754
2024-05-13 13:07:05,78.88993,8.100845,69.85721,281.93274,849.2401,0.028777264,-15208.821086657017,35.0,N_754
2024-05-13 13:07:06,78.8457,8.090942,69.801254,281.8558,849.23645,0.0307667,-15009.647817929213,35.0,N_754
2024-05-13 13:07:07,78.8014,8.081085,69.7453,281.77887,849.2327,0.02820712,-14847.699466163138,35.0,N_754
2024-05-13 13:07:08,78.75702,8.071274,69.69634,281.70193,849.24567,0.027309576,-14689.83138387689,35.0,N_754
2024-05-13 13:07:09,78.71258,8.061508,69.647385,281.625,849.25867,0.031239085,-14507.401743021672,35.0,N_754
2024-05-13 13:07:10,78.66805,8.051804,69.59843,281.54807,849.2105,0.028527033,-14321.951274336689,35.0,N_754
2024-05-13 13:07:11,78.62347,8.042145,69.54247,281.47113,849.10126,0.035295937,-14090.89935926489,35.0,N_754
2024-05-13 13:07:12,78.5788,8.032532,69.48652,281.39417,849.0253,0.029649409,-13919.465704020797,35.0,N_754
2024-05-13 13:07:13,78.534065,8.0229645,69.43756,281.31723,849.0198,0.032733556,-13704.564150637787,35.0,N_754
2024-05-13 13:07:14,78.48926,8.013443,69.38161,281.2403,849.042,0.034287136,-13480.18751732649,35.0,N_754
2024-05-13 13:07:15,78.444374,8.003983,69.32565,281.16336,849.0494,0.03581142,-13245.140107766465,35.0,N_754
2024-05-13 13:07:16,78.39942,7.9945526,69.26971,281.08643,849.0438,0.037550464,-13028.731978452148,35.0,N_754
2024-05-13 13:07:17,78.35439,7.9851837,69.22074,281.0165,849.042,0.036220346,-12814.038177374448,35.0,N_754
2024-05-13 13:07:18,78.309296,7.9758606,69.17178,280.93958,849.0438,0.04103357,-12545.737665878392,35.0,N_754
2024-05-13 13:07:19,78.26413,7.9665985,69.11583,280.86963,849.0438,0.03258582,-12332.46344094134,35.0,N_754
2024-05-13 13:07:20,78.21889,7.957367,69.05988,280.7927,849.0438,0.037179276,-12087.288060609351,35.0,N_754
2024-05-13 13:07:21,78.17358,7.9481964,69.00393,280.71576,849.0438,0.031474005,-11907.617054583603,35.0,N_754
2024-05-13 13:07:22,78.12819,7.9390717,68.95497,280.6458,849.0438,0.031504072,-11700.113060514273,35.0,N_754
2024-05-13 13:07:23,78.08273,7.9299927,68.89902,280.56888,849.0438,0.030627318,-11525.453487647657,35.0,N_754
2024-05-13 13:07:24,78.0372,7.9209595,68.85006,280.49893,849.0438,0.03429182,-11302.45537428345,35.0,N_754
2024-05-13 13:07:25,77.9916,7.911972,68.794106,280.429,849.0438,0.028932031,-11113.995165628767,35.0,N_754
2024-05-13 13:07:26,77.94592,7.9030457,68.73815,280.35205,849.0438,0.030701483,-10917.030096109951,35.0,N_754
2024-05-13 13:07:27,77.90018,7.894165,68.6822,280.2821,849.0438,0.029492844,-10768.865441740185,35.0,N_754
2024-05-13 13:07:28,77.854355,7.88533,68.640236,280.2122,849.0438,0.0319293,-10560.282478266894,35.0,N_754
2024-05-13 13:07:29,77.808464,7.876541,68.58428,280.14224,849.0438,0.023672225,-10411.121396674767,35.0,N_754
2024-05-13 13:07:30,77.7625,7.867798,68.52833,280.0723,849.0438,0.02031396,-10282.432351514466,35.0,N_754
2024-05-13 13:07:31,77.71646,7.8591156,68.472374,279.99536,849.0438,0.016955696,-10179.472038765598,35.0,N_754
2024-05-13 13:07:32,77.67036,7.850479,68.41642,279.9254,849.0438,0.017054932,-10087.526242734832,35.0,N_754
2024-05-13 13:07:33,77.624176,7.8418884,68.36746,279.85547,849.0438,0.01705507,-9982.171127823003,35.0,N_754
2024-05-13 13:07:34,77.57792,7.8333435,68.31151,279.78552,849.0438,0.01571743,-9900.42863690562,35.0,N_754
2024-05-13 13:07:35,77.53159,7.8248444,68.26255,279.7226,849.0438,0.015723005,-9803.945594737597,35.0,N_754
2024-05-13 13:07:36,77.4852,7.8164062,68.2066,279.65265,849.0457,0.023501677,-9655.484854184646,35.0,N_754
2024-05-13 13:07:37,77.43873,7.808014,68.15064,279.5827,849.0438,0.023993606,-9503.566000098515,35.0,N_754
2024-05-13 13:07:38,77.39219,7.799652,68.09469,279.51276,849.0401,0.02907517,-9316.586637177254,35.0,N_754
2024-05-13 13:07:39,77.34557,7.7913666,68.03874,279.4428,849.042,0.024036119,-9167.09638189926,35.0,N_754
2024-05-13 13:07:40,77.29889,7.7831116,67.98279,279.37988,849.0568,0.0165484,-9077.650587916047,35.0,N_754
2024-05-13 13:07:41,77.25213,7.7749023,67.93383,279.30994,849.0494,0.016322484,-8976.950544433188,35.0,N_754
2024-05-13 13:07:42,77.2053,7.766754,67.87788,279.24,848.9809,0.013749473,-8906.805144415977,35.0,N_754
2024-05-13 13:07:43,77.158394,7.7586517,67.82892,279.17703,848.89014,0.020812979,-8774.82507799107,35.0,N_754
2024-05-13 13:07:44,77.11142,7.750595,67.772964,279.10712,848.8364,0.018876392,-8660.050506079639,35.0,N_754
2024-05-13 13:07:45,77.06438,7.742584,67.71701,279.04416,848.84015,0.011463474,-8595.352942109665,35.0,N_754
2024-05-13 13:07:46,77.01726,7.7346344,67.66106,278.9812,848.8531,0.005550762,-8573.959007100697,35.0,N_754
2024-05-13 13:07:47,76.97006,7.726715,67.6121,278.91125,848.85126,0.006366913,-8547.120996378078,35.0,N_754
2024-05-13 13:07:48,76.9228,7.718857,67.56314,278.84833,848.8475,0.0071830647,-8509.12022545977,35.0,N_754
2024-05-13 13:07:49,76.875465,7.7110443,67.50719,278.77838,848.84937,0.007999216,-8468.054035641457,35.0,N_754
2024-05-13 13:07:50,76.82806,7.7032776,67.45123,278.71542,848.84937,0.008815367,-8421.22691836026,35.0,N_754
2024-05-13 13:07:51,76.78057,7.695572,67.39528,278.6525,848.84937,0.009631518,-8375.641287876766,35.0,N_754
2024-05-13 13:07:52,76.73302,7.6878967,67.34632,278.58954,848.84937,0.01044767,-8316.238997524055,35.0,N_754
2024-05-13 13:07:53,76.685394,7.6802826,67.29037,278.52658,848.84937,0.017517684,-8222.51254577525,35.0,N_754
2024-05-13 13:07:54,76.637695,7.672714,67.24141,278.46365,848.84937,0.024322122,-8068.586120529615,35.0,N_754
2024-05-13 13:07:55,76.58993,7.6651917,67.185455,278.4007,848.84937,0.00943809,-8017.4016322862935,35.0,N_754
2024-05-13 13:07:56,76.54208,7.65773,67.1295,278.33774,848.84937,0.019550575,-7897.310990072017,35.0,N_754
2024-05-13 13:07:57,76.49417,7.650299,67.073555,278.2748,848.84937,0.006037146,-7869.256449140765,35.0,N_754
2024-05-13 13:07:58,76.44619,7.642929,67.0176,278.21185,848.84937,0.0073656915,-7832.132128875479,35.0,N_754
2024-05-13 13:07:59,76.39813,7.635605,66.96165,278.14893,848.84937,0.0100302575,-7783.887371964791,35.0,N_754
2024-05-13 13:08:00,76.35,7.6283264,66.91269,278.08597,848.84937,0.001977225,-7782.070425707841,35.0,N_754
2024-05-13 13:08:01,76.300156,7.6217194,66.856735,278.023,848.84937,0.0076644537,-7742.848620579611,35.0,N_754
2024-05-13 13:08:02,76.2503,7.615143,66.80078,277.96008,848.84937,0.002817733,-7736.697752766684,35.0,N_754
2024-05-13 13:08:03,76.200424,7.608597,66.74483,277.89713,848.84937,0.00593355,-7714.228015062265,35.0,N_754
2024-05-13 13:08:04,76.150536,7.6020813,66.69587,277.84116,848.84937,0.006356361,-7682.271258928702,35.0,N_754
2024-05-13 13:08:05,76.100624,7.5955963,66.639915,277.77823,848.84937,0.011718622,-7615.248005608202,35.0,N_754
2024-05-13 13:08:06,76.0507,7.5891266,66.58396,277.71527,848.84937,0.011220228,-7552.965225063988,35.0,N_754
2024-05-13 13:08:07,76.000755,7.5826874,66.52801,277.65933,848.8475,0.0004295475,-7562.916645351421,35.0,N_754
2024-05-13 13:08:08,75.9508,7.5762787,66.47206,277.59637,848.8457,0.009446009,-7517.987077628044,35.0,N_754
2024-05-13 13:08:09,75.900826,7.5699005,66.423096,277.53342,848.8549,0.0021559244,-7515.154771966687,35.0,N_754
2024-05-13 13:08:10,75.85083,7.5635376,66.36715,277.47748,848.8642,-0.00513416,-7563.198002245403,35.0,N_754
2024-05-13 13:08:11,75.80083,7.5572205,66.311195,277.41452,848.8272,0.004167786,-7545.194553599702,35.0,N_754
2024-05-13 13:08:12,75.7508,7.5509186,66.248245,277.35858,848.7401,0.0036380615,-7534.559629676083,35.0,N_754
2024-05-13 13:08:13,75.70076,7.544647,66.19229,277.29562,848.6605,0.0029867995,-7529.663768176581,35.0,N_754
2024-05-13 13:08:14,75.6507,7.5384064,66.14333,277.2397,848.64014,0.0018024594,-7530.27426366554,35.0,N_754
2024-05-13 13:08:15,75.600624,7.532181,66.094376,277.18372,848.6531,-0.0011469028,-7548.793863661944,35.0,N_754
2024-05-13 13:08:16,75.55053,7.526001,66.04542,277.1208,848.6586,-0.0004212911,-7563.275487125706,35.0,N_754
2024-05-13 13:08:17,75.50043,7.5198364,65.98946,277.06482,848.6549,-0.008534358,-7633.657517201267,35.0,N_754
2024-05-13 13:08:18,75.4503,7.5137024,65.93351,277.00888,848.6531,-0.0019903034,-7659.943005522107,35.0,N_754
2024-05-13 13:08:19,75.40016,7.5075836,65.877556,276.9529,848.6549,-0.002714523,-7691.459202189733,35.0,N_754
2024-05-13 13:08:20,75.35,7.5015106,65.8216,276.88998,848.6549,-0.0017622502,-7716.3983066440505,35.0,N_754
2024-05-13 13:08:21,75.29983,7.495453,65.765656,276.834,848.6549,-0.0043909494,-7758.884916323195,35.0,N_754
2024-05-13 13:08:22,75.24963,7.4894257,65.7097,276.77808,848.6549,-0.005185697,-7806.745706178117,35.0,N_754
2024-05-13 13:08:23,75.199425,7.483429,65.65375,276.7221,848.6549,-0.0029142431,-7839.278105233334,35.0,N_754
2024-05-13 13:08:24,75.1492,7.477463,65.59779,276.66617,848.6549,-0.0040433463,-7879.440714366145,35.0,N_754
2024-05-13 13:08:25,75.09896,7.471527,65.54184,276.6102,848.6549,-0.0028025152,-7911.225849129289,35.0,N_754
2024-05-13 13:08:26,75.0487,7.4656067,65.485886,276.55426,848.6549,-0.0020447164,-7937.894002330699,35.0,N_754
2024-05-13 13:08:27,74.99843,7.459717,65.42993,276.4983,848.6549,-0.00073280936,-7955.791671132234,35.0,N_754
2024-05-13 13:08:28,74.948135,7.4538574,65.373985,276.43536,848.6549,0.00057909766,-7965.396623877001,35.0,N_754
2024-05-13 13:08:29,74.89783,7.4480286,65.32502,276.38638,848.6549,-0.0030005912,-7996.92798847353,35.0,N_754
2024-05-13 13:08:30,74.8475,7.44223,65.26907,276.33044,848.6549,-0.009314495,-8072.789188294175,35.0,N_754
2024-05-13 13:08:31,74.79716,7.436447,65.21312,276.27448,848.6549,-0.0075355386,-8136.625372910061,35.0,N_754
2024-05-13 13:08:32,74.7468,7.4306946,65.157166,276.21854,848.6549,-0.0076474184,-8195.789440854947,35.0,N_754
2024-05-13 13:08:33,74.69643,7.4249725,65.10821,276.1626,848.65674,-0.0077592977,-8259.751763362374,35.0,N_754
2024-05-13 13:08:34,74.646034,7.419281,65.05225,276.10663,848.6549,-0.008298251,-8327.785465368937,35.0,N_754
2024-05-13 13:08:35,74.59563,7.4136047,64.9963,276.05768,848.64935,-0.010146279,-8409.180613978899,35.0,N_754
2024-05-13 13:08:36,74.545204,7.4079742,64.940346,276.0017,848.6531,-0.008456781,-8478.291399700198,35.0,N_754
2024-05-13 13:08:37,74.49476,7.402359,64.88439,275.95276,848.6716,-0.008623196,-8543.266910639442,35.0,N_754
2024-05-13 13:08:38,74.4443,7.3967743,64.835434,275.89682,848.6605,-0.0061036465,-8596.067737990776,35.0,N_754
2024-05-13 13:08:39,74.39383,7.391205,64.77948,275.84085,848.57153,-0.00925913,-8670.554256627442,35.0,N_754
2024-05-13 13:08:40,74.34334,7.385681,64.723526,275.7919,848.4679,-0.010372718,-8753.570337430288,35.0,N_754
2024-05-13 13:08:41,74.29282,7.3801727,64.66758,275.73593,848.43823,-0.009594666,-8830.316269524174,35.0,N_754
2024-05-13 13:08:42,74.2423,7.37471,64.611626,275.68698,848.4567,-0.010509749,-8914.304064681777,35.0,N_754
2024-05-13 13:08:43,74.19176,7.3692474,64.55567,275.63104,848.4679,-0.009769337,-8992.246425187677,35.0,N_754
2024-05-13 13:08:44,74.141205,7.3638306,64.49972,275.58206,848.4642,-0.009028925,-9066.212928289639,35.0,N_754
2024-05-13 13:08:45,74.09063,7.358444,64.44376,275.52612,848.4586,-0.009765331,-9144.150116582878,35.0,N_754
2024-05-13 13:08:46,74.04003,7.353073,64.38781,275.47717,848.4586,-0.010501737,-9228.168542250136,35.0,N_754
2024-05-13 13:08:47,73.989426,7.3477325,64.331856,275.4212,848.46045,-0.009340696,-9303.291890227898,35.0,N_754
2024-05-13 13:08:48,73.938805,7.3424225,64.27591,275.37225,848.46045,-0.0090302285,-9376.175810071589,35.0,N_754
2024-05-13 13:08:49,73.88816,7.337143,64.219955,275.3233,848.46045,-0.008719762,-9440.706074872898,35.0,N_754
2024-05-13 13:08:50,73.8375,7.331894,64.171,275.27432,848.46045,-0.008176827,-9507.555276291372,35.0,N_754
2024-05-13 13:08:51,73.78683,7.32666,64.11504,275.21838,848.46045,-0.008148159,-9580.7470590928,35.0,N_754
2024-05-13 13:08:52,73.73614,7.321457,64.05209,275.16943,848.46045,-0.007176025,-9642.709785985462,35.0,N_754
2024-05-13 13:08:53,73.685425,7.316284,63.99614,275.12045,848.46045,-0.007141728,-9703.032662042931,35.0,N_754
2024-05-13 13:08:54,73.634705,7.311142,63.94019,275.0715,848.46045,-0.006578694,-9755.825316412469,35.0,N_754
2024-05-13 13:08:55,73.58396,7.306015,63.891228,275.01553,848.46045,-0.0064157294,-9810.08176754518,35.0,N_754
2024-05-13 13:08:56,73.5332,7.300934,63.835278,274.96658,848.46045,-0.006921637,-9868.959693039818,35.0,N_754
2024-05-13 13:08:57,73.48243,7.295868,63.779324,274.91763,848.46045,-0.0076252334,-9932.554152613975,35.0,N_754
2024-05-13 13:08:58,73.43163,7.2908325,63.72337,274.86868,848.46045,-0.0077996417,-9997.326737741529,35.0,N_754
2024-05-13 13:08:59,73.38083,7.2858124,63.66742,274.8197,848.46045,-0.008331201,-10065.666259610194,35.0,N_754
2024-05-13 13:09:00,73.33,7.280838,63.611465,274.77075,848.46045,-0.008651347,-10136.160190110973,35.0,N_754
2024-05-13 13:09:01,73.27949,7.2762146,63.55551,274.7218,848.46045,-0.0086314725,-10200.318644380455,35.0,N_754
2024-05-13 13:09:02,73.22894,7.2716217,63.506554,274.67285,848.45496,-0.008416913,-10261.799381310833,35.0,N_754
2024-05-13 13:09:03,73.178375,7.267029,63.457596,274.62387,848.45306,-0.007451314,-10328.3265765166,35.0,N_754
2024-05-13 13:09:04,73.12778,7.262451,63.394646,274.57492,848.4679,-0.007443524,-10392.179211031353,35.0,N_754
2024-05-13 13:09:05,73.077156,7.257904,63.338696,274.52597,848.48083,-0.006286982,-10451.478218131693,35.0,N_754
2024-05-13 13:09:06,73.026505,7.253357,63.27575,274.477,848.429,-0.006262434,-10507.434044187776,35.0,N_754
2024-05-13 13:09:07,72.97582,7.2488403,63.219795,274.42804,848.3197,-0.006242872,-10557.368942489458,35.0,N_754
2024-05-13 13:09:08,72.92511,7.244339,63.170837,274.3791,848.2493,-0.0052744118,-10603.88934214126,35.0,N_754
2024-05-13 13:09:09,72.874374,7.2398376,63.114883,274.33014,848.25305,-0.0050388062,-10650.247850838323,35.0,N_754
2024-05-13 13:09:10,72.823616,7.235367,63.05893,274.28116,848.2697,-0.004828159,-10694.60474411543,35.0,N_754
2024-05-13 13:09:11,72.77282,7.2309113,63.002975,274.2392,848.2697,-0.004625829,-10738.0161096532,35.0,N_754
2024-05-13 13:09:12,72.722,7.226471,62.947025,274.19025,848.2641,-0.004786907,-10778.600242997742,35.0,N_754
2024-05-13 13:09:13,72.67116,7.222046,62.898064,274.1483,848.2641,-0.0038272564,-10815.248761599327,35.0,N_754
2024-05-13 13:09:14,72.62028,7.217636,62.842113,274.09933,848.266,-0.0032450752,-10849.58051951956,35.0,N_754
2024-05-13 13:09:15,72.569374,7.2132416,62.78616,274.05035,848.266,-0.0026657989,-10881.96520584926,35.0,N_754
2024-05-13 13:09:16,72.51845,7.2088623,62.723213,274.0014,848.266,-0.0024424673,-10912.312997238521,35.0,N_754
2024-05-13 13:09:17,72.46748,7.2044983,62.66726,273.95245,848.266,-0.0014806784,-10934.601249806072,35.0,N_754
2024-05-13 13:09:18,72.416504,7.200165,62.611305,273.9105,848.266,-0.0016584746,-10956.669598322449,35.0,N_754
2024-05-13 13:09:19,72.365486,7.1958313,62.562347,273.8685,848.266,-0.0014587218,-10977.408406683699,35.0,N_754
2024-05-13 13:09:20,72.314445,7.191513,62.506393,273.81955,848.266,-0.0020026937,-11003.391837840225,35.0,N_754
2024-05-13 13:09:21,72.263374,7.1872253,62.450443,273.7706,848.266,-0.0019997864,-11030.58328852821,35.0,N_754
2024-05-13 13:09:22,72.21228,7.1829376,62.387493,273.72864,848.266,-0.0021643867,-11058.883284946645,35.0,N_754
2024-05-13 13:09:23,72.161156,7.1786804,62.331543,273.6797,848.266,-0.0025328533,-11088.438580059203,35.0,N_754
2024-05-13 13:09:24,72.11,7.174423,62.27559,273.6307,848.2641,-0.0030707542,-11118.979553326979,35.0,N_754
2024-05-13 13:09:25,72.05882,7.1701965,62.22663,273.58875,848.266,-0.002860418,-11149.158402640658,35.0,N_754
2024-05-13 13:09:26,72.007614,7.165985,62.170677,273.5398,848.266,-0.0028386642,-11180.408567995828,35.0,N_754
2024-05-13 13:09:27,71.956375,7.1617737,62.114723,273.49783,848.2641,-0.0024432845,-11208.86616177683,35.0,N_754
2024-05-13 13:09:28,71.90511,7.157593,62.058773,273.45587,848.26044,-0.0024009245,-11237.043706603312,35.0,N_754
2024-05-13 13:09:29,71.85382,7.153427,62.00282,273.4139,848.27155,-0.0021835885,-11264.071462918748,35.0,N_754
2024-05-13 13:09:30,71.8025,7.1492767,61.946865,273.36493,848.2808,-0.0017856938,-11288.357718325105,35.0,N_754
2024-05-13 13:09:31,71.75115,7.1451416,61.89091,273.32297,848.2438,-0.001390723,-11310.034097881662,35.0,N_754
2024-05-13 13:09:32,71.699776,7.1410217,61.83496,273.27402,848.15674,-0.0009003761,-11328.457473177179,35.0,N_754
2024-05-13 13:09:33,71.64838,7.136917,61.779007,273.23206,848.07715,-0.00041002926,-11343.511195171255,35.0,N_754
2024-05-13 13:09:34,71.59695,7.1328278,61.723053,273.1831,848.0549,-0.00020072285,-11357.298673015888,35.0,N_754
2024-05-13 13:09:35,71.54549,7.1287537,61.667103,273.1411,848.0697,-0.0003704974,-11372.030404138772,35.0,N_754
2024-05-13 13:09:36,71.494,7.12471,61.61115,273.09915,848.07526,-0.0005374309,-11387.473145872013,35.0,N_754
2024-05-13 13:09:37,71.44249,7.1206665,61.56219,273.0572,848.07153,-0.0005262356,-11401.828352651235,35.0,N_754
2024-05-13 13:09:38,71.390945,7.116638,61.506237,273.01523,848.0697,-0.000888851,-11419.985418848752,35.0,N_754
2024-05-13 13:09:39,71.33938,7.1126404,61.450283,272.97327,848.0697,-0.0010605473,-11439.421333870745,35.0,N_754
2024-05-13 13:09:40,71.28778,7.1086426,61.39433,272.92432,848.07153,-0.001039268,-11458.74565263737,35.0,N_754
2024-05-13 13:09:41,71.23615,7.1046753,61.33838,272.88235,848.07153,-0.00044231967,-11473.934565202784,35.0,N_754
2024-05-13 13:09:42,71.1845,7.100708,61.282425,272.8404,848.0697,-0.00060208107,-11490.180836696069,35.0,N_754
2024-05-13 13:09:43,71.13282,7.0967712,61.22647,272.7984,848.0697,-0.00039806275,-11505.071587109724,35.0,N_754
2024-05-13 13:09:44,71.08111,7.0928497,61.17052,272.75644,848.0697,-0.00058221107,-11521.179313810171,35.0,N_754
2024-05-13 13:09:45,71.02937,7.0889435,61.114567,272.71448,848.0697,-0.0003684829,-11535.866995199372,35.0,N_754
2024-05-13 13:09:46,70.97761,7.085037,61.058613,272.67252,848.07153,-0.00035022985,-11550.688568619209,35.0,N_754
2024-05-13 13:09:47,70.92582,7.0811615,60.995667,272.63055,848.07153,-0.00088529516,-11570.198076197365,35.0,N_754
2024-05-13 13:09:48,70.874,7.077301,60.939713,272.5886,848.0697,-0.0008669844,-11588.184799724066,35.0,N_754
2024-05-13 13:09:49,70.82215,7.073456,60.883762,272.54663,848.0697,-0.0008486883,-11606.04705526476,35.0,N_754
2024-05-13 13:09:50,70.77028,7.069626,60.82781,272.50467,848.07153,-0.00026486814,-11620.03029338521,35.0,N_754
2024-05-13 13:09:51,70.718376,7.065811,60.771854,272.4627,848.07336,0.00031591498,-11630.152360234346,35.0,N_754
2024-05-13 13:09:52,70.66644,7.062027,60.7159,272.42075,848.07153,0.0014621633,-11632.654667190649,35.0,N_754
2024-05-13 13:09:53,70.61449,7.058243,60.65995,272.37875,848.066,0.002503635,-11628.23091012772,35.0,N_754
2024-05-13 13:09:54,70.5625,7.054474,60.603996,272.3368,848.0697,0.0035451064,-11617.313246798109,35.0,N_754
2024-05-13 13:09:55,70.51048,7.05072,60.548042,272.30182,848.0882,0.004317518,-11600.64426823219,35.0,N_754
2024-05-13 13:09:56,70.45844,7.046997,60.49209,272.25986,848.07715,0.00490667,-11580.223437237873,35.0,N_754
2024-05-13 13:09:57,70.40637,7.043274,60.43614,272.2179,847.98816,0.005681334,-11554.63762823215,35.0,N_754
2024-05-13 13:09:58,70.35428,7.0395813,60.380184,272.17593,847.8845,0.0060685943,-11530.86282640661,35.0,N_754
2024-05-13 13:09:59,70.302155,7.0358887,60.331226,272.13397,847.85486,0.0060768602,-11501.229842305343,35.0,N_754
2024-05-13 13:10:00,70.25,7.0322266,60.275272,272.092,847.87335,0.0066651045,-11469.065664700072,35.0,N_754
2024-05-13 13:10:01,70.19888,7.0286865,60.21932,272.05005,847.8845,0.006871944,-11431.236561884416,35.0,N_754
2024-05-13 13:10:02,70.147705,7.0251617,60.156372,272.01508,847.87897,0.007260862,-11396.300824454876,35.0,N_754
2024-05-13 13:10:03,70.096466,7.021652,60.100418,271.9731,847.87524,0.0072756317,-11365.297585267046,35.0,N_754
2024-05-13 13:10:04,70.04516,7.018158,60.05146,271.93115,847.87524,0.0072899424,-11322.172552444863,35.0,N_754
2024-05-13 13:10:05,69.99378,7.0146637,59.988514,271.8892,847.8771,0.0076830345,-11285.53171485936,35.0,N_754
2024-05-13 13:10:06,69.94235,7.0112,59.93256,271.85422,847.8771,0.008268295,-11236.365589764788,35.0,N_754
2024-05-13 13:10:07,69.890854,7.007736,59.869614,271.81226,847.87524,0.008478159,-11194.503701845446,35.0,N_754
2024-05-13 13:10:08,69.83929,7.0042877,59.81366,271.77728,847.87524,0.008679777,-11154.909067422393,35.0,N_754
2024-05-13 13:10:09,69.78766,7.000839,59.7647,271.73532,847.87524,0.00924624,-11104.029331130612,35.0,N_754
2024-05-13 13:10:10,69.73597,6.9974213,59.708748,271.69336,847.87524,0.009069138,-11056.881155063938,35.0,N_754
2024-05-13 13:10:11,69.68422,6.9940033,59.652798,271.6584,847.87524,0.009098066,-11008.171501593291,35.0,N_754
2024-05-13 13:10:12,69.6324,6.9906006,59.596844,271.6164,847.87524,0.008752861,-10963.068457930465,35.0,N_754
2024-05-13 13:10:13,69.58052,6.987213,59.54089,271.58145,847.87524,0.008584557,-10917.75626257896,35.0,N_754
2024-05-13 13:10:14,69.52857,6.983841,59.48494,271.53946,847.87524,0.008600388,-10872.49518278092,35.0,N_754
2024-05-13 13:10:15,69.47656,6.9804688,59.428986,271.4975,847.87524,0.008805876,-10827.002962581788,35.0,N_754
2024-05-13 13:10:16,69.42449,6.977127,59.37303,271.46252,847.8771,0.009195237,-10777.570000652311,35.0,N_754
2024-05-13 13:10:17,69.37235,6.9737854,59.317078,271.42056,847.8771,0.009575953,-10727.016634265618,35.0,N_754
2024-05-13 13:10:18,69.32015,6.970459,59.261127,271.3856,847.8715,0.0092250435,-10670.589628627029,35.0,N_754
2024-05-13 13:10:19,69.26788,6.9671326,59.198177,271.34363,847.87524,0.0090602,-10624.772512437563,35.0,N_754
2024-05-13 13:10:20,69.21555,6.9638367,59.142227,271.30865,847.8882,0.0087053,-10579.710616505461,35.0,N_754
2024-05-13 13:10:21,69.16316,6.960541,59.086273,271.2737,847.8808,0.008720908,-10533.357209173926,35.0,N_754
2024-05-13 13:10:22,69.1107,6.95726,59.03032,271.23172,847.81226,0.008176856,-10491.904831799853,35.0,N_754
2024-05-13 13:10:23,69.05818,6.9539948,58.97437,271.19678,847.7215,0.0081953695,-10449.032606151704,35.0,N_754
2024-05-13 13:10:24,69.0056,6.9507446,58.918415,271.1548,847.6697,0.007838115,-10409.767977710082,35.0,N_754
2024-05-13 13:10:25,68.95295,6.9474945,58.86246,271.1198,847.6715,0.0076702577,-10371.427439721874,35.0,N_754
2024-05-13 13:10:26,68.90024,6.9442596,58.806507,271.08487,847.6845,0.0076859826,-10331.921466557837,35.0,N_754
2024-05-13 13:10:27,68.847466,6.94104,58.750557,271.04288,847.6845,0.00751538,-10294.740693038311,35.0,N_754
2024-05-13 13:10:28,68.794624,6.9378357,58.694603,271.00793,847.6807,0.007161437,-10264.968838957862,35.0,N_754
2024-05-13 13:10:29,68.741714,6.9346466,58.645645,270.97296,847.6807,0.0066244905,-10232.052872462496,35.0,N_754
2024-05-13 13:10:30,68.68875,6.9314575,58.58969,270.938,847.6807,0.006458175,-10201.600898741674,35.0,N_754
2024-05-13 13:10:31,68.63572,6.928299,58.533737,270.903,847.6807,0.0062986715,-10166.714219967635,35.0,N_754
2024-05-13 13:10:32,68.58262,6.9251404,58.47079,270.86105,847.6807,0.006134471,-10139.912110748224,35.0,N_754
2024-05-13 13:10:33,68.529465,6.921997,58.414837,270.82608,847.6807,0.006153144,-10106.081543541663,35.0,N_754
2024-05-13 13:10:34,68.47624,6.9188538,58.35189,270.78412,847.6807,0.006345305,-10077.873604000772,35.0,N_754
2024-05-13 13:10:35,68.42295,6.915741,58.295937,270.74915,847.6807,0.0067212638,-10045.64387364904,35.0,N_754
2024-05-13 13:10:36,68.3696,6.912628,58.239986,270.71417,847.6807,0.007483258,-10008.398821338018,35.0,N_754
2024-05-13 13:10:37,68.316185,6.9095306,58.184032,270.6792,847.6807,0.008060005,-9967.357218447187,35.0,N_754
2024-05-13 13:10:38,68.2627,6.9064484,58.12808,270.64423,847.6807,0.008454438,-9928.58905247578,35.0,N_754
2024-05-13 13:10:39,68.20916,6.9033813,58.07912,270.60226,847.6807,0.008834211,-9881.22691598646,35.0,N_754
2024-05-13 13:10:40,68.155556,6.9003143,58.023167,270.5673,847.6807,0.009031134,-9833.776893430011,35.0,N_754
2024-05-13 13:10:41,68.10188,6.8972626,57.967216,270.53232,847.6807,0.008677689,-9788.631060229289,35.0,N_754
2024-05-13 13:10:42,68.04815,6.894226,57.911263,270.49734,847.6807,0.007950419,-9742.342225487784,35.0,N_754
2024-05-13 13:10:43,67.994354,6.891205,57.848316,270.46237,847.6826,0.007956564,-9697.373424402294,35.0,N_754
2024-05-13 13:10:44,67.94049,6.888199,57.78537,270.4274,847.6826,0.008896678,-9652.125399305913,35.0,N_754
2024-05-13 13:10:45,67.88656,6.885193,57.729416,270.39243,847.67896,0.009115357,-9604.055828021043,35.0,N_754
2024-05-13 13:10:46,67.83257,6.8822174,57.673462,270.35748,847.6752,0.0091301305,-9555.870104630576,35.0,N_754
2024-05-13 13:10:47,67.77852,6.879242,57.617508,270.3225,847.6882,0.009151352,-9514.24562439707,35.0,N_754
2024-05-13 13:10:48,67.7244,6.8762817,57.56855,270.28754,847.7011,0.009167588,-9464.413842707509,35.0,N_754
2024-05-13 13:10:49,67.67022,6.8733215,57.512596,270.25256,847.653,0.009348805,-9414.756717229082,35.0,N_754
2024-05-13 13:10:50,67.615974,6.870392,57.456646,270.2176,847.54376,0.0095450645,-9362.398010467641,35.0,N_754
2024-05-13 13:10:51,67.56166,6.867462,57.400692,270.17563,847.46783,0.009741225,-9310.2919843279,35.0,N_754
2024-05-13 13:10:52,67.507286,6.8645477,57.344738,270.14066,847.4623,0.009409641,-9260.194372638205,35.0,N_754
2024-05-13 13:10:53,67.45285,6.8616486,57.288788,270.10568,847.48444,0.008506178,-9210.646915881829,35.0,N_754
2024-05-13 13:10:54,67.39835,6.8587494,57.225838,270.0777,847.4919,0.008159993,-9163.89835232583,35.0,N_754
2024-05-13 13:10:55,67.34379,6.8558807,57.16289,270.04272,847.48816,0.008183071,-9123.198860771336,35.0,N_754
2024-05-13 13:10:56,67.289154,6.853012,57.106937,270.00775,847.48444,0.007831558,-9089.164269366987,35.0,N_754
2024-05-13 13:10:57,67.23446,6.8501587,57.05798,269.97278,847.4863,0.0070983907,-9052.84321730061,35.0,N_754
2024-05-13 13:10:58,67.1797,6.8473206,57.002026,269.93784,847.4863,0.0074753924,-9015.39830761938,35.0,N_754
2024-05-13 13:10:59,67.124886,6.8444977,56.946075,269.90286,847.4863,0.0067551327,-8982.682162778188,35.0,N_754
2024-05-13 13:11:00,67.07,6.841675,56.89012,269.8679,847.4863,0.006028083,-8950.276885787882,35.0,N_754
2024-05-13 13:11:01,67.01366,6.8390045,56.827175,269.83292,847.4863,0.005689823,-8925.925781847875,35.0,N_754
2024-05-13 13:11:02,66.9573,6.836334,56.77122,269.79794,847.4863,0.005876247,-8904.102002542379,35.0,N_754
2024-05-13 13:11:03,66.900925,6.833664,56.722263,269.76996,847.4863,0.0058989855,-8875.454092105652,35.0,N_754
2024-05-13 13:11:04,66.844536,6.831009,56.66631,269.735,847.4863,0.005012389,-8850.456820577074,35.0,N_754
2024-05-13 13:11:05,66.788124,6.828369,56.603363,269.7,847.4863,0.0053786775,-8824.748691224257,35.0,N_754
2024-05-13 13:11:06,66.7317,6.8257294,56.540417,269.67206,847.4863,0.0061359894,-8801.726616548654,35.0,N_754
2024-05-13 13:11:07,66.675255,6.823105,56.49146,269.6371,847.4863,0.0063424907,-8770.27513093849,35.0,N_754
2024-05-13 13:11:08,66.6188,6.8204803,56.435505,269.6021,847.4863,0.007087391,-8735.267882888214,35.0,N_754
2024-05-13 13:11:09,66.562325,6.817871,56.37955,269.56714,847.4863,0.0072858147,-8698.94037675067,35.0,N_754
2024-05-13 13:11:10,66.50584,6.815262,56.323597,269.53217,847.4863,0.008223593,-8656.418156145484,35.0,N_754
2024-05-13 13:11:11,66.449326,6.812668,56.267647,269.4972,847.48816,0.009516131,-8605.351400502772,35.0,N_754
2024-05-13 13:11:12,66.3928,6.810074,56.211693,269.46222,847.4863,0.009532881,-8548.219654844672,35.0,N_754
2024-05-13 13:11:13,66.33626,6.807495,56.148746,269.43423,847.4826,0.009554905,-8491.00562823791,35.0,N_754
2024-05-13 13:11:14,66.2797,6.8049164,56.0858,269.39926,847.48444,0.010305794,-8436.052139139802,35.0,N_754
2024-05-13 13:11:15,66.22312,6.802353,56.029846,269.36432,847.5048,0.01068654,-8386.575828740582,35.0,N_754
2024-05-13 13:11:16,66.166534,6.7997894,55.98089,269.33633,847.4938,0.01069483,-8326.133902962221,35.0,N_754
2024-05-13 13:11:17,66.109924,6.797241,55.924934,269.30136,847.403,0.0101422565,-8272.183752841007,35.0,N_754
2024-05-13 13:11:18,66.0533,6.7947083,55.86898,269.27338,847.30115,0.010146727,-8209.195638785472,35.0,N_754
2024-05-13 13:11:19,65.99666,6.79216,55.806034,269.2384,847.2715,0.010168263,-8156.415425378176,35.0,N_754
2024-05-13 13:11:20,65.94,6.7896423,55.75008,269.21042,847.29,0.009838576,-8095.668584192319,35.0,N_754
2024-05-13 13:11:21,65.88332,6.7871246,55.687134,269.17548,847.29926,0.0090253055,-8049.061222780667,35.0,N_754
2024-05-13 13:11:22,65.82663,6.784607,55.63118,269.1405,847.29553,0.0082120355,-8007.556279660876,35.0,N_754
2024-05-13 13:11:23,65.76993,6.7821045,55.57523,269.11252,847.29,0.008947301,-7959.919636960138,35.0,N_754
2024-05-13 13:11:24,65.7132,6.779602,55.519276,269.07755,847.2919,0.009170121,-7919.022725032364,35.0,N_754
2024-05-13 13:11:25,65.656456,6.777115,55.470318,269.04956,847.2919,0.008455017,-7873.257556334111,35.0,N_754
2024-05-13 13:11:26,65.5997,6.774643,55.414364,269.0146,847.2919,0.007922513,-7832.516908057169,35.0,N_754
2024-05-13 13:11:27,65.54292,6.772171,55.35841,268.9796,847.2919,0.0073791784,-7790.811413451145,35.0,N_754
2024-05-13 13:11:28,65.48613,6.769699,55.295464,268.95166,847.2919,0.0068522356,-7753.2671669052415,35.0,N_754
2024-05-13 13:11:29,65.42932,6.7672424,55.232517,268.9167,847.2919,0.0054145837,-7735.206442190114,35.0,N_754
2024-05-13 13:11:30,65.3725,6.764801,55.18356,268.8887,847.2919,0.0046939612,-7714.264458464138,35.0,N_754
2024-05-13 13:11:31,65.31566,6.7623596,55.127605,268.85373,847.2919,0.0049105748,-7694.064761178197,35.0,N_754
2024-05-13 13:11:32,65.2588,6.7599335,55.07165,268.82574,847.2919,0.005628259,-7664.822775851491,35.0,N_754
2024-05-13 13:11:33,65.20193,6.7575073,55.008705,268.7978,847.2919,0.005601746,-7644.626834222385,35.0,N_754
2024-05-13 13:11:34,65.145035,6.755081,54.959747,268.76282,847.2919,0.0054724813,-7618.650957954969,35.0,N_754
2024-05-13 13:11:35,65.08813,6.7526703,54.903793,268.72784,847.2919,0.0049586534,-7594.383061493298,35.0,N_754
2024-05-13 13:11:36,65.0312,6.7502747,54.840847,268.69986,847.2919,0.005522023,-7567.228754415062,35.0,N_754
2024-05-13 13:11:37,64.97426,6.747879,54.7779,268.67188,847.2919,0.005541281,-7543.316793563237,35.0,N_754
2024-05-13 13:11:38,64.9173,6.7454987,54.721947,268.6369,847.2937,0.006461286,-7517.815152447734,35.0,N_754
2024-05-13 13:11:39,64.86033,6.7431183,54.67299,268.60895,847.2919,0.006835023,-7483.562103693968,35.0,N_754
2024-05-13 13:11:40,64.80333,6.740753,54.617035,268.58096,847.2863,0.007757015,-7437.870768622706,35.0,N_754
2024-05-13 13:11:41,64.74632,6.738388,54.55409,268.546,847.2844,0.007777563,-7400.342109323856,35.0,N_754
2024-05-13 13:11:42,64.6893,6.736038,54.498135,268.518,847.29926,0.0077885184,-7367.025165490468,35.0,N_754
2024-05-13 13:11:43,64.632256,6.7336884,54.449177,268.49005,847.31226,0.0078054327,-7319.591631621099,35.0,N_754
2024-05-13 13:11:44,64.5752,6.7313538,54.38623,268.45508,847.26227,0.007825703,-7280.610502739566,35.0,N_754
2024-05-13 13:11:45,64.51813,6.729019,54.330276,268.4201,847.1511,0.007109722,-7240.69081660558,35.0,N_754
2024-05-13 13:11:46,64.46104,6.7267,54.26733,268.39212,847.08075,0.0067600147,-7213.498387354659,35.0,N_754
2024-05-13 13:11:47,64.40392,6.7243805,54.21837,268.35715,847.0844,0.0069437544,-7173.415413185594,35.0,N_754
2024-05-13 13:11:48,64.3468,6.7220764,54.155422,268.32916,847.10114,0.0067945877,-7142.049129504365,35.0,N_754
2024-05-13 13:11:49,64.28966,6.7197723,54.099472,268.3012,847.10114,0.0068040057,-7103.272695556927,35.0,N_754
2024-05-13 13:11:50,64.2325,6.7174835,54.036522,268.26624,847.0956,0.0064545474,-7079.036164595869,35.0,N_754
2024-05-13 13:11:51,64.17532,6.7151947,53.987564,268.23825,847.0956,0.006285114,-7048.251107474616,35.0,N_754
2024-05-13 13:11:52,64.11813,6.712921,53.93161,268.21027,847.09735,0.0059388354,-7021.058643067556,35.0,N_754
2024-05-13 13:11:53,64.06093,6.710663,53.87566,268.1823,847.09735,0.0054192324,-6993.159939857083,35.0,N_754
2024-05-13 13:11:54,64.0037,6.7084045,53.81271,268.15433,847.09735,0.0047134096,-6974.565116185797,35.0,N_754
2024-05-13 13:11:55,63.946457,6.7061462,53.75676,268.11935,847.09735,0.0047209105,-6955.40388638345,35.0,N_754
2024-05-13 13:11:56,63.8892,6.703903,53.700806,268.09137,847.09735,0.0047425493,-6935.943385396811,35.0,N_754
2024-05-13 13:11:57,63.831924,6.7016754,53.64485,268.0634,847.09735,0.005118305,-6909.526188865244,35.0,N_754
2024-05-13 13:11:58,63.77463,6.6994324,53.581905,268.02844,847.09735,0.004772808,-6891.345330245404,35.0,N_754
2024-05-13 13:11:59,63.717323,6.69722,53.52595,268.00046,847.09735,0.004792028,-6872.102017299427,35.0,N_754
2024-05-13 13:12:00,63.66,6.6950073,53.47,267.97946,847.09735,0.0048039574,-6851.349018692772,35.0,N_754
2024-05-13 13:12:01,63.602577,6.6928864,53.414047,267.9445,847.09735,0.005181124,-6829.151599387007,35.0,N_754
2024-05-13 13:12:02,63.54514,6.6907654,53.358093,267.91653,847.09735,0.005906132,-6802.080745371115,35.0,N_754
2024-05-13 13:12:03,63.487686,6.6886444,53.302143,267.88855,847.09735,0.006291785,-6772.491441842309,35.0,N_754
2024-05-13 13:12:04,63.43022,6.6865234,53.24619,267.86057,847.09735,0.0061248597,-6743.979541264547,35.0,N_754
2024-05-13 13:12:05,63.37274,6.6844177,53.190235,267.83258,847.09735,0.0059519284,-6711.329793083847,35.0,N_754
2024-05-13 13:12:06,63.31525,6.6823273,53.12729,267.79764,847.09735,0.005431965,-6688.793152227849,35.0,N_754
2024-05-13 13:12:07,63.257744,6.6802216,53.071335,267.76965,847.09735,0.005809718,-6662.303905603174,35.0,N_754
2024-05-13 13:12:08,63.200222,6.678131,53.01538,267.74167,847.09735,0.0059991768,-6634.576137366859,35.0,N_754
2024-05-13 13:12:09,63.14269,6.676056,52.95943,267.71368,847.09735,0.0063743596,-6604.399481440592,35.0,N_754
2024-05-13 13:12:10,63.08514,6.6739655,52.903477,267.68573,847.09924,0.0060314196,-6576.441577234957,35.0,N_754
2024-05-13 13:12:11,63.027576,6.6718903,52.847523,267.65775,847.09735,0.0056884796,-6546.450287165737,35.0,N_754
2024-05-13 13:12:12,62.97,6.6698303,52.784576,267.62976,847.0918,0.005344437,-6523.466307251099,35.0,N_754
2024-05-13 13:12:13,62.91241,6.667755,52.728622,267.5948,847.0956,0.004997988,-6502.35847830248,35.0,N_754
2024-05-13 13:12:14,62.854805,6.665695,52.672672,267.5668,847.11597,0.0051855673,-6479.873512490149,35.0,N_754
2024-05-13 13:12:15,62.797188,6.6636505,52.61672,267.53885,847.1048,0.005563506,-6455.595396333172,35.0,N_754
2024-05-13 13:12:16,62.739555,6.661606,52.560764,267.51785,847.01404,0.00575801,-6429.216889228728,35.0,N_754
2024-05-13 13:12:17,62.681908,6.659561,52.50481,267.48987,846.91034,0.0061344835,-6399.587579383369,35.0,N_754
2024-05-13 13:12:18,62.62425,6.6575165,52.44886,267.45493,846.8807,0.0061474866,-6366.353041306735,35.0,N_754
2024-05-13 13:12:19,62.566574,6.655487,52.385914,267.42694,846.90106,0.006336185,-6337.66188252857,35.0,N_754
2024-05-13 13:12:20,62.50889,6.6534576,52.32996,267.39896,846.91034,0.0063508293,-6303.492020434411,35.0,N_754
2024-05-13 13:12:21,62.451187,6.651428,52.267014,267.378,846.9066,0.0061843772,-6280.194830608056,35.0,N_754
2024-05-13 13:12:22,62.39347,6.649414,52.218052,267.35,846.90106,0.006197175,-6248.756399056636,35.0,N_754
2024-05-13 13:12:23,62.335743,6.6474,52.1621,267.31503,846.90106,0.006208405,-6219.676449154495,35.0,N_754
2024-05-13 13:12:24,62.278,6.645401,52.106148,267.28705,846.90295,0.0062292065,-6185.65110609572,35.0,N_754
2024-05-13 13:12:25,62.22024,6.643402,52.0432,267.25906,846.90295,0.006242209,-6157.518081912514,35.0,N_754
2024-05-13 13:12:26,62.16247,6.641403,51.987247,267.2311,846.90295,0.006256591,-6127.949669534475,35.0,N_754
2024-05-13 13:12:27,62.104687,6.6394043,51.931293,267.20312,846.90295,0.0062708952,-6098.282236144067,35.0,N_754
2024-05-13 13:12:28,62.046886,6.6374207,51.875343,267.17514,846.90295,0.006288085,-6063.791066907974,35.0,N_754
2024-05-13 13:12:29,61.989075,6.6354523,51.812393,267.14716,846.90295,0.0063025225,-6030.519132149935,35.0,N_754
2024-05-13 13:12:30,61.931248,6.6334686,51.749447,267.1192,846.90295,0.006316918,-6002.647310835948,35.0,N_754
2024-05-13 13:12:31,61.87341,6.6315002,51.693497,267.0982,846.90295,0.006329439,-5972.411692835998,35.0,N_754
2024-05-13 13:12:32,61.815556,6.629532,51.637543,267.07022,846.90295,0.006343394,-5942.22600244838,35.0,N_754
2024-05-13 13:12:33,61.757687,6.6275787,51.58159,267.04227,846.90295,0.006352923,-5911.9644638563495,35.0,N_754
2024-05-13 13:12:34,61.699806,6.6256256,51.525635,267.01428,846.90295,0.0061889817,-5887.334358965418,35.0,N_754
2024-05-13 13:12:35,61.64191,6.6236725,51.476677,266.9863,846.90295,0.00602628,-5857.86724005342,35.0,N_754
2024-05-13 13:12:36,61.584,6.6217346,51.420723,266.95834,846.90295,0.005862527,-5826.4034568036,35.0,N_754
2024-05-13 13:12:37,61.526077,6.6197968,51.357777,266.93036,846.90295,0.0056993,-5797.439570768476,35.0,N_754
2024-05-13 13:12:38,61.46814,6.617859,51.29483,266.90237,846.90295,0.0055362014,-5773.7824480811105,35.0,N_754
2024-05-13 13:12:39,61.410187,6.6159363,51.238876,266.8744,846.90295,0.0055491272,-5753.621141225109,35.0,N_754
2024-05-13 13:12:40,61.352222,6.6140137,51.18992,266.85342,846.90295,0.0057373145,-5725.849104737072,35.0,N_754
2024-05-13 13:12:41,61.294243,6.612091,51.133965,266.82544,846.90295,0.0059297243,-5698.279967383911,35.0,N_754
2024-05-13 13:12:42,61.236248,6.6101837,51.078014,266.79745,846.90295,0.005942094,-5666.187470790674,35.0,N_754
2024-05-13 13:12:43,61.17824,6.6082764,51.015064,266.7695,846.90295,0.005782122,-5636.567587456146,35.0,N_754
2024-05-13 13:12:44,61.12022,6.606369,50.952118,266.74152,846.90295,0.0059733037,-5610.003111463762,35.0,N_754
2024-05-13 13:12:45,61.062187,6.604477,50.896168,266.71353,846.90106,0.006339378,-5580.553373228684,35.0,N_754
2024-05-13 13:12:46,61.00414,6.602585,50.840214,266.69257,846.89923,0.0063514183,-5550.038374444632,35.0,N_754
2024-05-13 13:12:47,60.946075,6.6006927,50.78426,266.66458,846.9085,0.0060129357,-5521.8680413493585,35.0,N_754
2024-05-13 13:12:48,60.888,6.598816,50.728306,266.6366,846.9177,0.006025079,-5489.1189351401845,35.0,N_754
2024-05-13 13:12:49,60.82991,6.596939,50.66536,266.6086,846.8807,0.005685866,-5465.137475563595,35.0,N_754
2024-05-13 13:12:50,60.771805,6.5950775,50.609406,266.58765,846.7937,0.0055216467,-5440.0085528974705,35.0,N_754
2024-05-13 13:12:51,60.713688,6.5932007,50.553455,266.55966,846.714,0.0055369283,-5414.910619377948,35.0,N_754
2024-05-13 13:12:52,60.655556,6.5913544,50.4975,266.53168,846.6936,0.005549189,-5389.728304096936,35.0,N_754
2024-05-13 13:12:53,60.59741,6.589493,50.441547,266.50372,846.7066,0.005561414,-5364.455382695633,35.0,N_754
2024-05-13 13:12:54,60.53925,6.5876465,50.385597,266.47574,846.71216,0.0055765808,-5339.819601268975,35.0,N_754
2024-05-13 13:12:55,60.481075,6.5858,50.329643,266.45474,846.7085,0.0054127704,-5315.361957083882,35.0,N_754
2024-05-13 13:12:56,60.422886,6.583969,50.27369,266.4268,846.7066,0.005600851,-5285.632263402153,35.0,N_754
2024-05-13 13:12:57,60.364685,6.582123,50.210743,266.3988,846.7085,0.0056146975,-5262.042080855788,35.0,N_754
2024-05-13 13:12:58,60.306473,6.580307,50.15479,266.3778,846.7085,0.0056267423,-5236.161514422876,35.0,N_754
2024-05-13 13:12:59,60.24824,6.578476,50.09884,266.34985,846.7085,0.0056417263,-5210.307172388044,35.0,N_754
2024-05-13 13:13:00,60.19,6.57666,50.042885,266.32187,846.7085,0.005653689,-5185.13533391957,35.0,N_754
2024-05-13 13:13:01,60.131577,6.574875,49.98693,266.30087,846.7085,0.0056656,-5158.972590509227,35.0,N_754
2024-05-13 13:13:02,60.073147,6.5730896,49.930977,266.27292,846.7085,0.0056774723,-5128.6338973266265,35.0,N_754
2024-05-13 13:13:03,60.01471,6.5713043,49.86803,266.24493,846.7085,0.00569406,-5104.488854479812,35.0,N_754
2024-05-13 13:13:04,59.956264,6.5695343,49.812077,266.22394,846.7085,0.0055307224,-5079.183746716062,35.0,N_754
2024-05-13 13:13:05,59.89781,6.5677643,49.756126,266.19598,846.7085,0.0053675408,-5055.807355786736,35.0,N_754
2024-05-13 13:13:06,59.839348,6.5660095,49.700172,266.175,846.7085,0.0050295657,-5030.017613996564,35.0,N_754
2024-05-13 13:13:07,59.780876,6.5642395,49.637226,266.147,846.7085,0.0046966784,-5008.09206850016,35.0,N_754
2024-05-13 13:13:08,59.722397,6.5624847,49.57428,266.11905,846.7085,0.005060146,-4990.984741018978,35.0,N_754
2024-05-13 13:13:09,59.66391,6.56073,49.52532,266.09106,846.7085,0.005070394,-4968.1826492962155,35.0,N_754
2024-05-13 13:13:10,59.605415,6.5589905,49.469368,266.07007,846.7085,0.005256914,-4944.614383266689,35.0,N_754
2024-05-13 13:13:11,59.54691,6.557251,49.413414,266.0421,846.7085,0.005271732,-4917.814464659214,35.0,N_754
2024-05-13 13:13:12,59.4884,6.5555115,49.350468,266.02112,846.7085,0.005110883,-4896.484022085035,35.0,N_754
2024-05-13 13:13:13,59.42988,6.553772,49.294514,265.99313,846.7085,0.00477352,-4872.644951060576,35.0,N_754
2024-05-13 13:13:14,59.37135,6.5520477,49.231567,265.96518,846.7085,0.0047879126,-4853.547659919308,35.0,N_754
2024-05-13 13:13:15,59.312813,6.550308,49.175613,265.9372,846.7085,0.004802881,-4833.718736212504,35.0,N_754
2024-05-13 13:13:16,59.254265,6.5485992,49.11966,265.9162,846.7085,0.004988784,-4811.856758059637,35.0,N_754
2024-05-13 13:13:17,59.19571,6.546875,49.06371,265.88824,846.7085,0.00500058,-4786.957468103625,35.0,N_754
2024-05-13 13:13:18,59.13715,6.545166,49.000763,265.86725,846.7085,0.0050140484,-4766.205804133997,35.0,N_754
2024-05-13 13:13:19,59.07858,6.543457,48.94481,265.83926,846.7085,0.00485509,-4746.016529646096,35.0,N_754
2024-05-13 13:13:20,59.019997,6.541748,48.888855,265.8183,846.7085,0.0048668673,-4725.605319342696,35.0,N_754
2024-05-13 13:13:21,58.96141,6.5400543,48.8329,265.7973,846.7085,0.0048786076,-4704.419550401139,35.0,N_754
2024-05-13 13:13:22,58.902817,6.5383606,48.77695,265.76932,846.7085,0.0048903124,-4683.285586352778,35.0,N_754
2024-05-13 13:13:23,58.84421,6.536667,48.720997,265.74136,846.7085,0.0049015195,-4659.056246025693,35.0,N_754
2024-05-13 13:13:24,58.7856,6.5349884,48.65805,265.72037,846.7085,0.004918335,-4638.877708706852,35.0,N_754
2024-05-13 13:13:25,58.72698,6.5332947,48.602097,265.69238,846.7066,0.00492992,-4618.166296099933,35.0,N_754
2024-05-13 13:13:26,58.668346,6.5316315,48.546143,265.67142,846.7048,0.0049414774,-4596.525375411926,35.0,N_754
2024-05-13 13:13:27,58.60971,6.529953,48.490192,265.64343,846.714,0.0049529932,-4571.899618010588,35.0,N_754
2024-05-13 13:13:28,58.551064,6.52829,48.427242,265.62247,846.7233,0.004969185,-4551.353202826125,35.0,N_754
2024-05-13 13:13:29,58.492413,6.5266266,48.371292,265.59448,846.6863,0.004980629,-4526.514580507275,35.0,N_754
2024-05-13 13:13:30,58.433746,6.5249634,48.308346,265.5735,846.5992,0.004993723,-4505.7896195521735,35.0,N_754
2024-05-13 13:13:31,58.375076,6.5233,48.25239,265.54553,846.5196,0.005005087,-4488.310621248085,35.0,N_754
2024-05-13 13:13:32,58.3164,6.521652,48.203434,265.52454,846.4992,0.0050147306,-4464.845164863584,35.0,N_754
2024-05-13 13:13:33,58.25771,6.5200043,48.14748,265.49655,846.5122,0.005029045,-4439.6354468342,35.0,N_754
2024-05-13 13:13:34,58.199017,6.5183716,48.084534,265.4756,846.5177,0.0048698597,-4416.070708322008,35.0,N_754
2024-05-13 13:13:35,58.140312,6.5167236,48.021584,265.4476,846.514,0.0048828605,-4396.877891477117,35.0,N_754
2024-05-13 13:13:36,58.081596,6.515091,47.965633,265.4266,846.5122,0.0050660535,-4378.883499990428,35.0,N_754
2024-05-13 13:13:37,58.022877,6.5134583,47.91667,265.40564,846.514,0.005078542,-4351.19484185279,35.0,N_754
2024-05-13 13:13:38,57.96415,6.511841,47.853725,265.37766,846.514,0.0049196063,-4328.0220078291295,35.0,N_754
2024-05-13 13:13:39,57.90541,6.5102234,47.79078,265.3567,846.514,0.005104041,-4306.485856761405,35.0,N_754
2024-05-13 13:13:40,57.846664,6.508606,47.734825,265.3287,846.514,0.004772068,-4286.678544386808,35.0,N_754
2024-05-13 13:13:41,57.78791,6.5069885,47.678875,265.3077,846.514,0.0047832634,-4265.94887557169,35.0,N_754
2024-05-13 13:13:42,57.72915,6.5053864,47.62292,265.27975,846.514,0.004454876,-4248.1611029324795,35.0,N_754
2024-05-13 13:13:43,57.670376,6.503784,47.566967,265.25876,846.514,0.0044662077,-4230.163929912655,35.0,N_754
2024-05-13 13:13:44,57.6116,6.502182,47.511017,265.23776,846.514,0.0046485793,-4206.848972927333,35.0,N_754
2024-05-13 13:13:45,57.55281,6.500595,47.448067,265.2098,846.514,0.004661379,-4188.999705494458,35.0,N_754
2024-05-13 13:13:46,57.494015,6.499008,47.392117,265.1888,846.514,0.0046755266,-4169.6377462814835,35.0,N_754
2024-05-13 13:13:47,57.43521,6.4974213,47.336163,265.16785,846.514,0.004686607,-4149.4891486975175,35.0,N_754
2024-05-13 13:13:48,57.3764,6.4958344,47.28021,265.13986,846.514,0.004697634,-4125.913934658793,35.0,N_754
2024-05-13 13:13:49,57.317577,6.4942627,47.217262,265.11188,846.514,0.0045397338,-4108.8151642707035,35.0,N_754
2024-05-13 13:13:50,57.258747,6.492691,47.16131,265.0909,846.514,0.0045538414,-4086.7623178050453,35.0,N_754
2024-05-13 13:13:51,57.19991,6.4911194,47.098362,265.06992,846.514,0.0045665046,-4072.7714006581846,35.0,N_754
2024-05-13 13:13:52,57.141064,6.489563,47.049404,265.04895,846.514,0.0044056415,-4053.148194182286,35.0,N_754
2024-05-13 13:13:53,57.08221,6.4880066,46.99345,265.02097,846.514,0.0042465944,-4036.6211639010144,35.0,N_754
2024-05-13 13:13:54,57.02335,6.48645,46.937496,264.99997,846.514,0.0042577293,-4016.6707335628234,35.0,N_754
2024-05-13 13:13:55,56.964478,6.484894,46.87455,264.979,846.514,0.0042704507,-4001.1226180856793,35.0,N_754
2024-05-13 13:13:56,56.905598,6.4833527,46.818596,264.958,846.514,0.0042845546,-3983.544542359832,35.0,N_754
2024-05-13 13:13:57,56.84671,6.4818115,46.762646,264.93002,846.514,0.004295577,-3966.016382584996,35.0,N_754
2024-05-13 13:13:58,56.787815,6.4802856,46.70669,264.90207,846.514,0.0043065604,-3949.0682096851706,35.0,N_754
2024-05-13 13:13:59,56.728912,6.4787445,46.650738,264.88107,846.514,0.0043175085,-3931.918370431631,35.0,N_754
2024-05-13 13:14:00,56.67,6.4772186,46.594788,264.8601,846.514,0.004331463,-3911.393461125539,35.0,N_754
2024-05-13 13:14:01,56.611076,6.4757233,46.531837,264.8391,846.514,0.004343936,-3891.4448038513765,35.0,N_754
2024-05-13 13:14:02,56.552147,6.474228,46.46889,264.81113,846.514,0.0043563615,-3875.4252805896467,35.0,N_754
2024-05-13 13:14:03,56.49321,6.472748,46.41294,264.79016,846.514,0.0043671425,-3857.922342924514,35.0,N_754
2024-05-13 13:14:04,56.434265,6.4712677,46.356987,264.76917,846.514,0.0043778853,-3840.347460266923,35.0,N_754
2024-05-13 13:14:05,56.37531,6.4697876,46.301033,264.7482,846.514,0.004391644,-3822.674244911028,35.0,N_754
2024-05-13 13:14:06,56.31635,6.4683075,46.24508,264.7272,846.5122,0.004402316,-3800.9840687236065,35.0,N_754
2024-05-13 13:14:07,56.257378,6.4668427,46.182133,264.69922,846.514,0.004246034,-3785.6334066833588,35.0,N_754
2024-05-13 13:14:08,56.1984,6.4653625,46.12618,264.67825,846.514,0.0042567407,-3771.2398798231006,35.0,N_754
2024-05-13 13:14:09,56.139412,6.4638977,46.07722,264.65027,846.5122,0.0041005993,-3754.271400147518,35.0,N_754
2024-05-13 13:14:10,56.080414,6.462433,46.021267,264.6293,846.50665,0.003943182,-3736.47132156527,35.0,N_754
2024-05-13 13:14:11,56.02141,6.4609833,45.95832,264.6083,846.5122,0.003955596,-3719.8431113646075,35.0,N_754
2024-05-13 13:14:12,55.9624,6.4595184,45.895374,264.5873,846.5325,0.003967954,-3706.1149395220964,35.0,N_754
2024-05-13 13:14:13,55.903378,6.458069,45.83942,264.56635,846.5196,0.0039786994,-3691.0426845760812,35.0,N_754
2024-05-13 13:14:14,55.84435,6.4566193,45.78347,264.54535,846.43066,0.0038217022,-3676.366186486972,35.0,N_754
2024-05-13 13:14:15,55.785313,6.4551697,45.727516,264.5174,846.32697,0.0038355507,-3662.325748434967,35.0,N_754
2024-05-13 13:14:16,55.726265,6.4537354,45.671562,264.4964,846.2973,0.004014357,-3643.9766288659484,35.0,N_754
2024-05-13 13:14:17,55.66721,6.452286,45.608616,264.47543,846.31586,0.003858583,-3630.9117499844106,35.0,N_754
2024-05-13 13:14:18,55.60815,6.4508514,45.55266,264.45444,846.32513,0.0040365052,-3614.786366641136,35.0,N_754
2024-05-13 13:14:19,55.549076,6.449417,45.49671,264.42645,846.3196,0.003882966,-3600.4151471161313,35.0,N_754
2024-05-13 13:14:20,55.489998,6.447998,45.440758,264.4055,846.31586,0.0037272063,-3586.9113653244895,35.0,N_754
2024-05-13 13:14:21,55.430912,6.4465637,45.384804,264.3845,846.3177,0.0037372338,-3570.520666954053,35.0,N_754
2024-05-13 13:14:22,55.371815,6.4451447,45.321857,264.36353,846.3196,0.00358265,-3559.193882254811,35.0,N_754
2024-05-13 13:14:23,55.31271,6.4437256,45.265903,264.34253,846.3196,0.0037600445,-3542.076940625604,35.0,N_754
2024-05-13 13:14:24,55.253597,6.4423065,45.202957,264.31454,846.3196,0.003775227,-3532.4479970815373,35.0,N_754
2024-05-13 13:14:25,55.194477,6.4409027,45.154,264.29358,846.3196,0.0036177798,-3518.35465938332,35.0,N_754
2024-05-13 13:14:26,55.13535,6.439499,45.098045,264.27258,846.3196,0.0036283934,-3502.71334125477,35.0,N_754
2024-05-13 13:14:27,55.07621,6.43808,45.0351,264.25162,846.3196,0.0036405097,-3488.2330655746664,35.0,N_754
2024-05-13 13:14:28,55.017067,6.4366913,44.972153,264.23062,846.3196,0.0036533938,-3476.408924183761,35.0,N_754
2024-05-13 13:14:29,54.957912,6.4352875,44.9162,264.20966,846.3196,0.003663909,-3463.250514103547,35.0,N_754
2024-05-13 13:14:30,54.89875,6.433899,44.860245,264.18866,846.3196,0.0036766268,-3446.6913417406067,35.0,N_754
2024-05-13 13:14:31,54.839577,6.432495,44.7973,264.16068,846.3196,0.0036894411,-3434.7360552182,35.0,N_754
2024-05-13 13:14:32,54.7804,6.4311066,44.741344,264.1397,846.3196,0.0037007302,-3421.3213028951104,35.0,N_754
2024-05-13 13:14:33,54.72121,6.4297333,44.685394,264.1187,846.3196,0.0037102152,-3407.839496125449,35.0,N_754
2024-05-13 13:14:34,54.662014,6.4283447,44.62944,264.09775,846.3196,0.003720545,-3391.479107363739,35.0,N_754
2024-05-13 13:14:35,54.60281,6.4269714,44.566494,264.07675,846.3196,0.003737321,-3379.0622102041416,35.0,N_754
2024-05-13 13:14:36,54.5436,6.425598,44.51054,264.0558,846.3196,0.0037456935,-3365.3290251594226,35.0,N_754
2024-05-13 13:14:37,54.48438,6.424225,44.454586,264.0348,846.3196,0.0037568908,-3350.893838935619,35.0,N_754
2024-05-13 13:14:38,54.425148,6.4228516,44.398636,264.0068,846.3196,0.0037680874,-3337.1273672799252,35.0,N_754
2024-05-13 13:14:39,54.365913,6.4214935,44.34268,263.98584,846.3196,0.0037793212,-3323.1573698862776,35.0,N_754
2024-05-13 13:14:40,54.306667,6.4201202,44.286728,263.96484,846.3196,0.0037915013,-3306.249385978437,35.0,N_754
2024-05-13 13:14:41,54.24741,6.418762,44.22378,263.94388,846.3196,0.0038020615,-3293.3678397672084,35.0,N_754
2024-05-13 13:14:42,54.18815,6.4174194,44.167828,263.92288,846.3196,0.0038110372,-3276.7230261204422,35.0,N_754
2024-05-13 13:14:43,54.12888,6.4160614,44.10488,263.9089,846.3196,0.0038225208,-3265.70284213762,35.0,N_754
2024-05-13 13:14:44,54.0696,6.4147186,44.055923,263.88092,846.3196,0.0036680019,-3248.527665205598,35.0,N_754
2024-05-13 13:14:45,54.01031,6.413376,43.992977,263.85992,846.3196,0.003845478,-3235.339182475138,35.0,N_754
2024-05-13 13:14:46,53.951015,6.412033,43.937023,263.83896,846.3196,0.0036903652,-3219.1155001036605,35.0,N_754
2024-05-13 13:14:47,53.891712,6.4106903,43.874077,263.81796,846.3196,0.0037029637,-3206.829553499898,35.0,N_754
2024-05-13 13:14:48,53.832397,6.409363,43.818123,263.797,846.3196,0.0035516666,-3196.915143736169,35.0,N_754
2024-05-13 13:14:49,53.77308,6.4080353,43.769165,263.776,846.3196,0.0038859707,-3180.947298063704,35.0,N_754
2024-05-13 13:14:50,53.71375,6.406708,43.71321,263.75504,846.3196,0.0039000378,-3163.188546475685,35.0,N_754
2024-05-13 13:14:51,53.65441,6.4053802,43.650265,263.73404,846.3196,0.0039099976,-3149.5391735268204,35.0,N_754
2024-05-13 13:14:52,53.595066,6.4040527,43.59431,263.71307,846.3196,0.0039196652,-3131.62518195359,35.0,N_754
2024-05-13 13:14:53,53.535713,6.4027405,43.531364,263.69208,846.3196,0.0039307717,-3117.8236662791824,35.0,N_754
2024-05-13 13:14:54,53.47635,6.401428,43.47541,263.67108,846.3196,0.0039416505,-3102.7077916519993,35.0,N_754
2024-05-13 13:14:55,53.416977,6.400116,43.41946,263.65012,846.3196,0.0037871867,-3087.92378188562,35.0,N_754
2024-05-13 13:14:56,53.357597,6.3988037,43.363506,263.62213,846.3177,0.0039625266,-3069.7955975355108,35.0,N_754
2024-05-13 13:14:57,53.29821,6.3975067,43.30056,263.60117,846.3196,0.003648517,-3057.7823291948007,35.0,N_754
2024-05-13 13:14:58,53.238815,6.3962097,43.244606,263.58017,846.3196,0.0038205518,-3043.8997693807833,35.0,N_754
2024-05-13 13:14:59,53.179413,6.3949127,43.188652,263.5662,846.32135,0.0036678554,-3027.6322932594157,35.0,N_754
2024-05-13 13:15:00,53.12,6.3936157,43.125706,263.5452,846.31586,0.0036817428,-3012.0394930375696,35.0,N_754
2024-05-13 13:15:01,53.060825,6.392334,43.06276,263.5172,846.314,0.0038564336,-2998.775473021331,35.0,N_754
2024-05-13 13:15:02,53.001633,6.3910675,43.006805,263.49625,846.32697,0.0035436177,-2986.6176431145905,35.0,N_754
2024-05-13 13:15:03,52.942425,6.389786,42.95085,263.48227,846.33997,0.0037120434,-2972.797539981344,35.0,N_754
2024-05-13 13:15:04,52.883198,6.3885193,42.8949,263.46127,846.2881,0.0035613943,-2960.0581289877227,35.0,N_754
2024-05-13 13:15:05,52.823956,6.387253,42.838947,263.44028,846.17883,0.0035724624,-2944.5574587429437,35.0,N_754
2024-05-13 13:15:06,52.764698,6.3859863,42.776,263.4193,846.10846,0.0035803835,-2932.914709417273,35.0,N_754
2024-05-13 13:15:07,52.705425,6.384735,42.720047,263.39832,846.1102,0.0037556957,-2921.7039279925702,35.0,N_754
2024-05-13 13:15:08,52.646133,6.3834686,42.67109,263.37735,846.1288,0.0036056307,-2907.41969549649,35.0,N_754
2024-05-13 13:15:09,52.586823,6.3822174,42.615135,263.35635,846.1306,0.003611921,-2891.6087136704227,35.0,N_754
2024-05-13 13:15:10,52.5275,6.380966,42.55219,263.3354,846.12506,0.0034619055,-2878.0990593619863,35.0,N_754
2024-05-13 13:15:11,52.468155,6.379715,42.489243,263.3144,846.1232,0.003795762,-2865.0320916296805,35.0,N_754
2024-05-13 13:15:12,52.4088,6.3784637,42.43329,263.29343,846.1232,0.003647658,-2851.680679550849,35.0,N_754
2024-05-13 13:15:13,52.349422,6.377228,42.377335,263.27243,846.12506,0.0039792717,-2836.184848851568,35.0,N_754
2024-05-13 13:15:14,52.29003,6.375992,42.321384,263.25143,846.12506,0.003913229,-2821.1085915925905,35.0,N_754
2024-05-13 13:15:15,52.23062,6.374756,42.26543,263.23047,846.1232,0.003847186,-2803.5587609827235,35.0,N_754
2024-05-13 13:15:16,52.1712,6.37352,42.202484,263.20947,846.1232,0.0043327804,-2786.9881550623068,35.0,N_754
2024-05-13 13:15:17,52.111755,6.372284,42.14653,263.1885,846.12506,0.003854802,-2772.2649548530426,35.0,N_754
2024-05-13 13:15:18,52.0523,6.371063,42.090576,263.1675,846.1232,0.00386338,-2757.4826041243214,35.0,N_754
2024-05-13 13:15:19,51.992825,6.3698273,42.034622,263.14655,846.1232,0.0035512287,-2742.0377721452605,35.0,N_754
2024-05-13 13:15:20,51.93333,6.3686066,41.971676,263.12555,846.1232,0.0037247709,-2726.999888314993,35.0,N_754
2024-05-13 13:15:21,51.87382,6.367401,41.90873,263.11157,846.1232,0.0037315136,-2714.1527568317288,35.0,N_754
2024-05-13 13:15:22,51.814297,6.3661804,41.852776,263.09058,846.1232,0.0035811486,-2701.164645237721,35.0,N_754
2024-05-13 13:15:23,51.754757,6.3649597,41.796825,263.0696,846.1232,0.0035882795,-2685.422779826924,35.0,N_754
2024-05-13 13:15:24,51.695198,6.3637543,41.733875,263.0486,846.1232,0.0036017026,-2673.509912547004,35.0,N_754
2024-05-13 13:15:25,51.635624,6.362549,41.677925,263.02765,846.1232,0.0036105746,-2660.305431034256,35.0,N_754
2024-05-13 13:15:26,51.57603,6.3613434,41.62197,263.00665,846.1232,0.0036194068,-2647.040720027344,35.0,N_754
2024-05-13 13:15:27,51.516422,6.360153,41.566017,262.9857,846.1232,0.0033110576,-2636.2001106486423,35.0,N_754
2024-05-13 13:15:28,51.4568,6.3589478,41.510067,262.97168,846.1232,0.0036369632,-2619.962975315837,35.0,N_754
2024-05-13 13:15:29,51.397156,6.3577576,41.447117,262.9507,846.1232,0.0034887462,-2608.7385154760123,35.0,N_754
2024-05-13 13:15:30,51.337498,6.3565674,41.391167,262.92972,846.1232,0.003342523,-2597.233210597573,35.0,N_754
2024-05-13 13:15:31,51.277824,6.355377,41.335213,262.90875,846.1232,0.0033514376,-2585.6613967557532,35.0,N_754
2024-05-13 13:15:32,51.218132,6.354187,41.27926,262.88776,846.1232,0.0033603106,-2574.027341930516,35.0,N_754
2024-05-13 13:15:33,51.158424,6.353012,41.22331,262.86676,846.1232,0.0033691486,-2562.329717554414,35.0,N_754
2024-05-13 13:15:34,51.098698,6.351822,41.167355,262.8458,846.1232,0.00369321,-2545.758620112505,35.0,N_754
2024-05-13 13:15:35,51.038956,6.350647,41.10441,262.8248,846.1232,0.003548705,-2531.866036150179,35.0,N_754
2024-05-13 13:15:36,50.9792,6.349472,41.04146,262.81082,846.1232,0.0034012776,-2521.041150922716,35.0,N_754
2024-05-13 13:15:37,50.919422,6.3483124,40.985508,262.78983,846.1232,0.0035671839,-2505.3593940266474,35.0,N_754
2024-05-13 13:15:38,50.85963,6.3471375,40.92256,262.76886,846.1232,0.0034199518,-2494.507718962508,35.0,N_754
2024-05-13 13:15:39,50.799824,6.345978,40.866608,262.74786,846.1232,0.003428555,-2482.849810559568,35.0,N_754
2024-05-13 13:15:40,50.739998,6.344818,40.810654,262.7339,846.1232,0.0035939377,-2469.5367048521766,35.0,N_754
2024-05-13 13:15:41,50.680157,6.3436584,40.7547,262.7129,846.1232,0.0037633886,-2455.237265231528,35.0,N_754
2024-05-13 13:15:42,50.620296,6.342499,40.69875,262.69193,846.1232,0.0034594683,-2440.294156599204,35.0,N_754
2024-05-13 13:15:43,50.56042,6.3413544,40.6358,262.67093,846.1232,0.0034670713,-2429.10487596273,35.0,N_754
2024-05-13 13:15:44,50.50053,6.3401947,40.57985,262.64996,846.1232,0.0034754926,-2416.6392747865757,35.0,N_754
2024-05-13 13:15:45,50.44062,6.3390503,40.523895,262.62897,846.1232,0.0034838696,-2404.116261866493,35.0,N_754
2024-05-13 13:15:46,50.3807,6.337906,40.46794,262.608,846.1232,0.0036459493,-2388.2513278924416,35.0,N_754
2024-05-13 13:15:47,50.320755,6.3367767,40.404995,262.594,846.1232,0.004278997,-2371.671137816167,35.0,N_754
2024-05-13 13:15:48,50.260796,6.3356323,40.34904,262.57303,846.1232,0.004764551,-2350.845947362337,35.0,N_754
2024-05-13 13:15:49,50.20082,6.334503,40.29309,262.55203,846.1232,0.0033764017,-2338.9888910151203,35.0,N_754
2024-05-13 13:15:50,50.14083,6.333374,40.237137,262.53107,846.1232,0.0036854588,-2322.362257661436,35.0,N_754
2024-05-13 13:15:51,50.080822,6.332245,40.17419,262.51007,846.1232,0.0033793384,-2309.562676126843,35.0,N_754
2024-05-13 13:15:52,50.020798,6.3311157,40.111244,262.4961,846.1232,0.0038519627,-2295.700671066221,35.0,N_754
2024-05-13 13:15:53,49.960754,6.3299866,40.05529,262.4751,846.12506,0.0038622099,-2283.5419270406637,35.0,N_754
2024-05-13 13:15:54,49.900696,6.3288727,40.006332,262.45413,846.12506,0.0043314667,-2261.021000997007,35.0,N_754
2024-05-13 13:15:55,49.840622,6.327759,39.943382,262.43314,846.1232,0.003568549,-2246.8530393921938,35.0,N_754
2024-05-13 13:15:56,49.78053,6.326645,39.880436,262.41916,846.1232,0.0035728903,-2234.766854698846,35.0,N_754
2024-05-13 13:15:57,49.72042,6.325531,39.824486,262.39816,846.12506,0.0035807162,-2224.1879249167177,35.0,N_754
2024-05-13 13:15:58,49.660297,6.3244324,39.775524,262.3772,846.12506,0.0035896746,-2209.6879219543625,35.0,N_754
2024-05-13 13:15:59,49.600155,6.3233185,39.719574,262.3562,846.11957,0.0035949657,-2196.3445195479944,35.0,N_754
2024-05-13 13:16:00,49.539997,6.32222,39.66362,262.3352,846.1177,0.0036058356,-2180.6798597306406,35.0,N_754
2024-05-13 13:16:01,49.479496,6.3211365,39.600674,262.32123,846.1325,0.0036147775,-2165.578116008135,35.0,N_754
2024-05-13 13:16:02,49.418987,6.320053,39.537724,262.30026,846.14545,0.003623669,-2153.225813007899,35.0,N_754
2024-05-13 13:16:03,49.35847,6.3189697,39.481773,262.27927,846.0936,0.0036286938,-2136.917615116432,35.0,N_754
2024-05-13 13:16:04,49.297955,6.3178864,39.418827,262.25827,845.9843,0.003637483,-2124.9757531670875,35.0,N_754
2024-05-13 13:16:05,49.237427,6.316818,39.362873,262.2443,845.9121,0.00364496,-2111.161249738783,35.0,N_754
2024-05-13 13:16:06,49.1769,6.315735,39.30692,262.22333,845.91583,0.0036524,-2097.3954426417113,35.0,N_754
2024-05-13 13:16:07,49.11636,6.3146667,39.250965,262.20233,845.9343,0.0036629739,-2084.0801261378656,35.0,N_754
2024-05-13 13:16:08,49.05582,6.3135986,39.195015,262.18835,845.93616,0.0036703406,-2070.0778222715126,35.0,N_754
2024-05-13 13:16:09,48.995274,6.3125305,39.13906,262.16736,845.9306,0.0036776671,-2053.8473108359067,35.0,N_754
2024-05-13 13:16:10,48.93472,6.3114624,39.076115,262.15338,845.9288,0.0036862153,-2038.161149356365,35.0,N_754
2024-05-13 13:16:11,48.87416,6.3104095,39.01317,262.1324,845.9288,0.0036947199,-2025.2790071613454,35.0,N_754
2024-05-13 13:16:12,48.8136,6.3093567,38.957214,262.11142,845.9306,0.0037019313,-2013.893314036257,35.0,N_754
2024-05-13 13:16:13,48.75303,6.3082886,38.908257,262.09042,845.9288,0.0037078573,-1995.7555787131278,35.0,N_754
2024-05-13 13:16:14,48.69245,6.3072357,38.845306,262.06946,845.9288,0.0037194171,-1980.3844108937992,35.0,N_754
2024-05-13 13:16:15,48.631874,6.306198,38.78236,262.05545,845.9288,0.003727756,-1967.153803419551,35.0,N_754
2024-05-13 13:16:16,48.571285,6.3051453,38.72641,262.0345,845.9288,0.003734818,-1955.5476055831095,35.0,N_754
2024-05-13 13:16:17,48.510696,6.3041077,38.67745,262.0135,845.9288,0.0037406003,-1937.1500939725447,35.0,N_754
2024-05-13 13:16:18,48.450096,6.303055,38.614502,261.99252,845.9288,0.0037488206,-1921.055505354634,35.0,N_754
2024-05-13 13:16:19,48.389496,6.302017,38.551556,261.97153,845.9288,0.0037569955,-1908.2517875736667,35.0,N_754
2024-05-13 13:16:20,48.328888,6.3009796,38.4956,261.95755,845.9288,0.003767087,-1894.0866452685514,35.0,N_754
2024-05-13 13:16:21,48.268272,6.299942,38.439648,261.94354,845.9288,0.0037739547,-1879.3269400959289,35.0,N_754
2024-05-13 13:16:22,48.207653,6.2989197,38.383698,261.92258,845.9288,0.0037807857,-1861.7865525011039,35.0,N_754
2024-05-13 13:16:23,48.14703,6.297882,38.32075,261.90158,845.9288,0.0037887995,-1848.753381851002,35.0,N_754
2024-05-13 13:16:24,48.0864,6.2968597,38.264797,261.8876,845.9288,0.003795552,-1833.827520803552,35.0,N_754
2024-05-13 13:16:25,48.02576,6.2958374,38.208843,261.8666,845.9288,0.003802266,-1818.957348905733,35.0,N_754
2024-05-13 13:16:26,47.96512,6.294815,38.15289,261.84564,845.9288,0.003808943,-1801.1857889780222,35.0,N_754
2024-05-13 13:16:27,47.904472,6.2937927,38.089943,261.82465,845.9288,0.0038199807,-1787.9268053594315,35.0,N_754
2024-05-13 13:16:28,47.84382,6.2927856,38.03399,261.81067,845.9288,0.0038265819,-1769.9110450736116,35.0,N_754
2024-05-13 13:16:29,47.78316,6.2917633,37.971043,261.78967,845.9288,0.0038313556,-1756.5671098381572,35.0,N_754
2024-05-13 13:16:30,47.722496,6.290756,37.915092,261.7757,845.9288,0.0038408777,-1741.3039296571733,35.0,N_754
2024-05-13 13:16:31,47.661827,6.289749,37.85914,261.7547,845.9288,0.003847352,-1723.221859645757,35.0,N_754
2024-05-13 13:16:32,47.601154,6.288742,37.796192,261.73373,845.9288,0.0038519439,-1709.1509631351037,35.0,N_754
2024-05-13 13:16:33,47.540474,6.287735,37.74024,261.71274,845.9288,0.0038645961,-1694.390466466717,35.0,N_754
2024-05-13 13:16:34,47.479786,6.286743,37.684284,261.69876,845.9288,0.003870966,-1678.9059484523423,35.0,N_754
2024-05-13 13:16:35,47.419094,6.285736,37.628334,261.67776,845.9288,0.003874199,-1661.1142668036373,35.0,N_754
2024-05-13 13:16:36,47.3584,6.2847443,37.565384,261.6638,845.9288,0.0038847732,-1646.70016595989,35.0,N_754
2024-05-13 13:16:37,47.297695,6.2837524,37.509434,261.6428,845.9288,0.003891027,-1631.1657742971802,35.0,N_754
2024-05-13 13:16:38,47.236988,6.2827606,37.45348,261.62183,845.9288,0.0038940883,-1616.1839820195892,35.0,N_754
2024-05-13 13:16:39,47.176273,6.281784,37.397526,261.60782,845.9288,0.0038970816,-1597.5852632828464,35.0,N_754
2024-05-13 13:16:40,47.115555,6.280792,37.33458,261.58685,845.9288,0.0039043585,-1580.7203670516355,35.0,N_754
2024-05-13 13:16:41,47.05483,6.2798157,37.271633,261.57288,845.9288,0.003911598,-1568.9829133713283,35.0,N_754
2024-05-13 13:16:42,46.9941,6.278839,37.222675,261.55188,845.9288,0.0039228806,-1549.1014276142669,35.0,N_754
2024-05-13 13:16:43,46.93336,6.2778625,37.159725,261.53088,845.9288,0.003930044,-1534.4416038944291,35.0,N_754
2024-05-13 13:16:44,46.87262,6.276886,37.103775,261.50992,845.9288,0.00393601,-1516.1530340749268,35.0,N_754
2024-05-13 13:16:45,46.811874,6.2759094,37.040825,261.49594,845.9288,0.003939828,-1501.90629569862,35.0,N_754
2024-05-13 13:16:46,46.75112,6.274948,36.984875,261.48193,845.9288,0.003945698,-1488.767296509177,35.0,N_754
2024-05-13 13:16:47,46.69036,6.2739716,36.935913,261.46097,845.9288,0.003947084,-1471.628690821086,35.0,N_754
2024-05-13 13:16:48,46.629597,6.2730103,36.879963,261.43997,845.9288,0.003956071,-1452.638674831891,35.0,N_754
2024-05-13 13:16:49,46.56883,6.272049,36.817017,261.419,845.9288,0.0039629615,-1438.3142052299554,35.0,N_754
2024-05-13 13:16:50,46.508053,6.2710876,36.761063,261.405,845.9288,0.003968665,-1419.6605886413345,35.0,N_754
2024-05-13 13:16:51,46.447273,6.2701416,36.698116,261.39102,845.9288,0.0039754715,-1401.5692796254043,35.0,N_754
2024-05-13 13:16:52,46.386486,6.2691803,36.635166,261.37003,845.9288,0.003982234,-1386.4978957711573,35.0,N_754
2024-05-13 13:16:53,46.325695,6.2682343,36.579216,261.34906,845.9288,0.003987826,-1370.8234741318265,35.0,N_754
2024-05-13 13:16:54,46.264896,6.267288,36.523262,261.33505,845.9288,0.003993359,-1354.402859235437,35.0,N_754
2024-05-13 13:16:55,46.204094,6.266342,36.467308,261.3141,845.9288,0.0040020924,-1335.5752771005355,35.0,N_754
2024-05-13 13:16:56,46.143288,6.265396,36.40436,261.30008,845.9288,0.004005239,-1320.2229738109054,35.0,N_754
2024-05-13 13:16:57,46.082474,6.2644653,36.348408,261.2791,845.9288,0.004007184,-1300.7944570896798,35.0,N_754
2024-05-13 13:16:58,46.021652,6.2635193,36.28546,261.25812,845.9288,0.0040171505,-1286.0647802453095,35.0,N_754
2024-05-13 13:16:59,45.960827,6.2625885,36.22951,261.24414,845.9288,0.0040259864,-1270.0147739840686,35.0,N_754
2024-05-13 13:17:00,45.899998,6.2616577,36.173557,261.23016,845.9288,0.004027781,-1250.3190477002536,35.0,N_754
2024-05-13 13:17:01,45.839653,6.2607117,36.11061,261.20917,845.9288,0.004037661,-1235.4360372363844,35.0,N_754
2024-05-13 13:17:02,45.779285,6.259781,36.054657,261.1952,845.9306,0.0040393188,-1218.6548850170475,35.0,N_754
2024-05-13 13:17:03,45.7189,6.25885,35.998703,261.1742,845.9306,0.0040441384,-1201.93487011228,35.0,N_754
2024-05-13 13:17:04,45.658485,6.2579193,35.94275,261.15323,845.9288,0.0039048176,-1183.739471914334,35.0,N_754
2024-05-13 13:17:05,45.598053,6.2569885,35.879803,261.13922,845.92505,0.004051811,-1168.0144876757768,35.0,N_754
2024-05-13 13:17:06,45.537598,6.2560577,35.823853,261.11826,845.9343,0.0037722131,-1153.621024983393,35.0,N_754
2024-05-13 13:17:07,45.47712,6.255142,35.7679,261.10425,845.9436,0.0037775144,-1138.5071787452798,35.0,N_754
2024-05-13 13:17:08,45.41662,6.2542267,35.711945,261.08328,845.90656,0.0036353352,-1124.4009395807625,35.0,N_754
2024-05-13 13:17:09,45.3561,6.253296,35.65599,261.0623,845.8195,0.0036407027,-1110.826182128665,35.0,N_754
2024-05-13 13:17:10,45.29555,6.2523956,35.60004,261.0483,845.74176,0.004079717,-1091.2538551942998,35.0,N_754
2024-05-13 13:17:11,45.234985,6.25148,35.53709,261.0343,845.7195,0.003659347,-1078.0306387061974,35.0,N_754
2024-05-13 13:17:12,45.174397,6.2505646,35.48114,261.01334,845.7324,0.0036646212,-1061.490310058467,35.0,N_754
2024-05-13 13:17:13,45.113785,6.2496643,35.418194,260.99936,845.738,0.0036672119,-1045.4598974125838,35.0,N_754
2024-05-13 13:17:14,45.053154,6.248764,35.355244,260.97836,845.7362,0.0036772108,-1032.186877436092,35.0,N_754
2024-05-13 13:17:15,44.992496,6.247864,35.299294,260.95737,845.7343,0.0036861289,-1018.2820657425691,35.0,N_754
2024-05-13 13:17:16,44.93182,6.2469788,35.24334,260.9434,845.7343,0.0036874912,-1007.0653404387776,35.0,N_754
2024-05-13 13:17:17,44.87112,6.2460785,35.19438,260.9294,845.7362,0.0036990899,-988.4836674048966,35.0,N_754
2024-05-13 13:17:18,44.8104,6.2451935,35.131435,260.90842,845.7343,0.0036970582,-975.0514060428759,35.0,N_754
2024-05-13 13:17:19,44.749653,6.2443085,35.07548,260.88745,845.7343,0.003713524,-958.1173256856091,35.0,N_754
2024-05-13 13:17:20,44.688885,6.2434235,35.012535,260.87344,845.7343,0.003573852,-942.7121941141268,35.0,N_754
2024-05-13 13:17:21,44.628098,6.2425385,34.949585,260.85248,845.7343,0.0035761632,-930.6079557781086,35.0,N_754
2024-05-13 13:17:22,44.567287,6.2416687,34.893635,260.83847,845.7343,0.0034357638,-917.6051742727468,35.0,N_754
2024-05-13 13:17:23,44.506454,6.2407837,34.83768,260.8175,845.7343,0.0033072773,-906.0477606799614,35.0,N_754
2024-05-13 13:17:24,44.4456,6.239914,34.781727,260.8035,845.7343,0.0034499543,-893.4913889612508,35.0,N_754
2024-05-13 13:17:25,44.38472,6.239044,34.725777,260.78952,845.7343,0.0034511406,-877.7934189500374,35.0,N_754
2024-05-13 13:17:26,44.32382,6.2381897,34.662827,260.76852,845.7343,0.0036014353,-862.2358725473241,35.0,N_754
2024-05-13 13:17:27,44.262897,6.23732,34.59988,260.74756,845.7343,0.0033297157,-851.6499493721822,35.0,N_754
2024-05-13 13:17:28,44.201954,6.2364655,34.543926,260.73358,845.7343,0.0033308996,-839.8198087777237,35.0,N_754
2024-05-13 13:17:29,44.140987,6.235611,34.487976,260.71957,845.7343,0.0033359986,-827.4157194579129,35.0,N_754
2024-05-13 13:17:30,44.079998,6.2347565,34.432022,260.6986,845.7343,0.0033410643,-812.57293299913,35.0,N_754
2024-05-13 13:17:31,44.018986,6.233902,34.369076,260.6776,845.7343,0.0033471226,-801.8481451742991,35.0,N_754
2024-05-13 13:17:32,43.957954,6.2330627,34.31312,260.66364,845.7343,0.0033561427,-789.8311661789448,35.0,N_754
2024-05-13 13:17:33,43.896896,6.2322083,34.257168,260.64963,845.7343,0.0033570644,-777.2638142253782,35.0,N_754
2024-05-13 13:17:34,43.83582,6.231369,34.201218,260.62866,845.7343,0.0033693076,-762.6743765958672,35.0,N_754
2024-05-13 13:17:35,43.77472,6.23053,34.138268,260.61465,845.7343,0.0033711505,-751.1345523617456,35.0,N_754
2024-05-13 13:17:36,43.713596,6.229706,34.082317,260.5937,845.7343,0.0033759938,-738.5072307796509,35.0,N_754
2024-05-13 13:17:37,43.652454,6.2288666,34.026363,260.5727,845.7343,0.0033807964,-726.394149162199,35.0,N_754
2024-05-13 13:17:38,43.591286,6.2280426,33.97041,260.55872,845.7343,0.003385565,-714.1560994323154,35.0,N_754
2024-05-13 13:17:39,43.530098,6.2272186,33.91446,260.54474,845.7343,0.0033903006,-701.8779245674486,35.0,N_754
2024-05-13 13:17:40,43.468887,6.2263947,33.858505,260.53073,845.7343,0.0033949998,-686.487493136814,35.0,N_754
2024-05-13 13:17:41,43.407654,6.2255707,33.79556,260.50977,845.7343,0.0034006727,-672.2632301554695,35.0,N_754
2024-05-13 13:17:42,43.346397,6.2247467,33.732613,260.48877,845.7343,0.0034095594,-658.4662789322756,35.0,N_754
2024-05-13 13:17:43,43.28512,6.223938,33.669662,260.4748,845.7343,0.0034151338,-647.1336234684459,35.0,N_754
2024-05-13 13:17:44,43.22382,6.2231293,33.613712,260.4608,845.7343,0.0034196882,-634.0779411315016,35.0,N_754
2024-05-13 13:17:45,43.1625,6.2223206,33.55776,260.43982,845.7343,0.0034241993,-621.6361528368143,35.0,N_754
2024-05-13 13:17:46,43.101154,6.221512,33.501804,260.42584,845.7343,0.0034286757,-609.0696126506882,35.0,N_754
2024-05-13 13:17:47,43.039787,6.220703,33.44585,260.41183,845.7343,0.0034331137,-593.3532393543901,35.0,N_754
2024-05-13 13:17:48,42.978397,6.2199097,33.382904,260.39087,845.7343,0.0034385067,-581.9241722288207,35.0,N_754
2024-05-13 13:17:49,42.91699,6.219116,33.326954,260.37686,845.7343,0.003442864,-568.6823094419742,35.0,N_754
2024-05-13 13:17:50,42.855553,6.2183228,33.271,260.3559,845.7343,0.0034504726,-553.4140564997033,35.0,N_754
2024-05-13 13:17:51,42.794098,6.2175293,33.208054,260.3419,845.7343,0.0034557402,-541.196067740224,35.0,N_754
2024-05-13 13:17:52,42.73262,6.216751,33.1521,260.32092,845.7343,0.003459996,-528.4789486558038,35.0,N_754
2024-05-13 13:17:53,42.67112,6.2159576,33.096146,260.30692,845.7343,0.0034554896,-515.6996945562314,35.0,N_754
2024-05-13 13:17:54,42.609596,6.2151794,33.04019,260.29294,845.7343,0.0034640161,-499.7071622539661,35.0,N_754
2024-05-13 13:17:55,42.548054,6.2144012,32.977245,260.27194,845.7343,0.0034647183,-488.0629415812109,35.0,N_754
2024-05-13 13:17:56,42.48649,6.213623,32.921295,260.25797,845.7343,0.0034776125,-471.9580440802238,35.0,N_754
2024-05-13 13:17:57,42.424896,6.21286,32.858345,260.237,845.7343,0.0034737953,-460.2393600232317,35.0,N_754
2024-05-13 13:17:58,42.363285,6.212082,32.802395,260.223,845.7343,0.0034822351,-446.67627175089,35.0,N_754
2024-05-13 13:17:59,42.301655,6.211319,32.74644,260.20203,845.7343,0.0034850605,-431.10307124006795,35.0,N_754
2024-05-13 13:18:00,42.239998,6.210556,32.683495,260.18802,845.7343,0.0034854664,-419.20308836014374,35.0,N_754
2024-05-13 13:18:01,42.178074,6.2098083,32.62754,260.17404,845.7343,0.0034893313,-405.56934037569226,35.0,N_754
2024-05-13 13:18:02,42.11614,6.2090454,32.571587,260.15305,845.7343,0.0034931612,-392.5792569639416,35.0,N_754
2024-05-13 13:18:03,42.054184,6.2082977,32.515636,260.13907,845.7343,0.0034969538,-376.8103654352708,35.0,N_754
2024-05-13 13:18:04,41.99222,6.2075653,32.452686,260.1251,845.7343,0.0035061827,-364.1596961381765,35.0,N_754
2024-05-13 13:18:05,41.93024,6.2068176,32.396736,260.1041,845.7343,0.0033708687,-351.35602745635333,35.0,N_754
2024-05-13 13:18:06,41.868248,6.20607,32.340782,260.08313,845.7343,0.003243682,-339.91821585069556,35.0,N_754
2024-05-13 13:18:07,41.80624,6.2053375,32.28483,260.06912,845.7343,0.0035160084,-323.99087779045294,35.0,N_754
2024-05-13 13:18:08,41.74422,6.204605,32.22188,260.05515,845.7343,0.0033865504,-309.5708324772604,35.0,N_754
2024-05-13 13:18:09,41.682186,6.2038727,32.158936,260.03415,845.7343,0.0033912193,-298.2875147130144,35.0,N_754
2024-05-13 13:18:10,41.620136,6.2031403,32.10298,260.02017,845.7343,0.0031275894,-287.4774095072971,35.0,N_754
2024-05-13 13:18:11,41.558075,6.202423,32.047028,260.0062,845.7343,0.0032604642,-275.26376434924896,35.0,N_754
2024-05-13 13:18:12,41.496,6.201706,31.991077,259.9852,845.7343,0.0032642463,-261.17475654200825,35.0,N_754
2024-05-13 13:18:13,41.433907,6.2009735,31.92813,259.97122,845.7343,0.0032689138,-250.55363052003304,35.0,N_754
2024-05-13 13:18:14,41.371803,6.2002563,31.872177,259.9572,845.7362,0.0031443192,-239.0767462756885,35.0,N_754
2024-05-13 13:18:15,41.309685,6.1995544,31.816223,259.93625,845.7362,0.0031420973,-228.22417864316594,35.0,N_754
2024-05-13 13:18:16,41.247555,6.1988373,31.760271,259.92224,845.73065,0.0031506096,-214.83419732925904,35.0,N_754
2024-05-13 13:18:17,41.18541,6.19812,31.697323,259.90826,845.7324,0.0031600222,-204.33484916539237,35.0,N_754
2024-05-13 13:18:18,41.12325,6.197418,31.64137,259.88727,845.7547,0.0031637794,-193.32669542382428,35.0,N_754
2024-05-13 13:18:19,41.061077,6.1967163,31.585419,259.8733,845.76025,0.0031675037,-181.6603402344008,35.0,N_754
2024-05-13 13:18:20,40.998886,6.1960144,31.529465,259.8523,845.7028,0.003166416,-168.215255719806,35.0,N_754
2024-05-13 13:18:21,40.936687,6.1953125,31.466518,259.83832,845.59357,0.0031613673,-155.3307243579511,35.0,N_754
2024-05-13 13:18:22,40.87447,6.194626,31.40357,259.81735,845.5251,0.0031754388,-147.71935094377113,35.0,N_754
2024-05-13 13:18:23,40.81224,6.193924,31.354612,259.80334,845.52686,0.003173292,-135.43663056687,35.0,N_754
2024-05-13 13:18:24,40.75,6.1932373,31.298658,259.78937,845.5454,0.0031801292,-121.29362348185168,35.0,N_754
2024-05-13 13:18:25,40.68774,6.1925507,31.235712,259.76837,845.5436,0.0031844939,-108.78429862456323,35.0,N_754
2024-05-13 13:18:26,40.625473,6.191864,31.172766,259.7544,845.538,0.0031888194,-98.57856012181946,35.0,N_754
2024-05-13 13:18:27,40.563187,6.1911926,31.116812,259.74042,845.538,0.0033230155,-86.41691265008194,35.0,N_754
2024-05-13 13:18:28,40.50089,6.190506,31.06086,259.7264,845.53986,0.003195596,-74.50608495789129,35.0,N_754
2024-05-13 13:18:29,40.438576,6.1898346,31.004906,259.70544,845.53986,0.0031940239,-60.803285143658286,35.0,N_754
2024-05-13 13:18:30,40.37625,6.189163,30.94196,259.69144,845.53986,0.0031981803,-48.07974492229914,35.0,N_754
2024-05-13 13:18:31,40.313908,6.188492,30.879013,259.67746,845.53986,0.0032022966,-37.192972510547406,35.0,N_754
2024-05-13 13:18:32,40.251556,6.1878204,30.82306,259.65646,845.53986,0.0030755717,-26.650828589718003,35.0,N_754
2024-05-13 13:18:33,40.189186,6.1871643,30.767107,259.6425,845.53986,0.003082254,-15.979051063037332,35.0,N_754
2024-05-13 13:18:34,40.126804,6.186493,30.711153,259.6285,845.53986,0.0032151646,-1.5106739908151212,35.0,N_754
2024-05-13 13:18:35,40.06441,6.185837,30.648207,259.6075,845.53986,0.0032191307,8.87258312909762,35.0,N_754
2024-05-13 13:18:36,40.002,6.1851807,30.592255,259.59354,845.53986,0.0030929511,0.0,35.0,N_754
