datetime,mlat,mlt,glat,glon,alt,Ex,pot,cpcp_kV,pass_id
2024-05-13 04:19:09,40.048813,17.314705,41.838787,201.39551,843.9823,0.0007627159,4.923482317193373,50.0,N_709
2024-05-13 04:19:10,40.09986,17.312714,41.89474,201.37453,843.9823,0.00064422213,-5.92563810016722,50.0,N_709
2024-05-13 04:19:11,40.150925,17.310719,41.950695,201.35355,843.9823,0.0006539889,-16.711123491011744,50.0,N_709
2024-05-13 04:19:12,40.202,17.308723,42.00665,201.33257,843.9823,0.0009211581,-25.07977482593146,50.0,N_709
2024-05-13 04:19:13,40.25309,17.306725,42.069595,201.31158,843.9842,0.00093242375,-35.21660623707074,50.0,N_709
2024-05-13 04:19:14,40.304195,17.304722,42.13254,201.29759,843.9823,0.0006857501,-47.71322466005377,50.0,N_709
2024-05-13 04:19:15,40.355312,17.30272,42.1815,201.27661,843.9823,0.0006970377,-56.338819701929566,50.0,N_709
2024-05-13 04:19:16,40.406445,17.300713,42.237453,201.24863,843.9823,0.00083625386,-65.7613048686917,50.0,N_709
2024-05-13 04:19:17,40.45759,17.298702,42.3004,201.23463,843.986,0.0008475061,-76.69131164969149,50.0,N_709
2024-05-13 04:19:18,40.50875,17.296688,42.356354,201.21365,843.9842,0.00072806067,-86.99272163453827,50.0,N_709
2024-05-13 04:19:19,40.55992,17.294674,42.412308,201.19267,843.9712,0.000608345,-98.06657634939145,50.0,N_709
2024-05-13 04:19:20,40.61111,17.292656,42.468258,201.17169,843.97675,0.0006207802,-108.59214993235958,50.0,N_709
2024-05-13 04:19:21,40.66231,17.290634,42.531204,201.15071,844.04156,0.0006318702,-120.7835232089102,50.0,N_709
2024-05-13 04:19:22,40.713528,17.288612,42.594154,201.12973,844.1323,0.0006429962,-133.37920614651426,50.0,N_709
2024-05-13 04:19:23,40.764755,17.286587,42.650105,201.10875,844.18787,0.00065300363,-144.16125604838248,50.0,N_709
2024-05-13 04:19:24,40.815998,17.284557,42.70606,201.08777,844.18787,0.000663042,-154.87909014159294,50.0,N_709
2024-05-13 04:19:25,40.867256,17.282524,42.762012,201.06679,844.1749,0.00067311147,-165.02547535299203,50.0,N_709
2024-05-13 04:19:26,40.918526,17.28049,42.82496,201.0458,844.1749,0.0006869074,-177.33371934669233,50.0,N_709
2024-05-13 04:19:27,40.96981,17.278454,42.880913,201.02483,844.17865,0.00056602276,-188.67543197609174,50.0,N_709
2024-05-13 04:19:28,41.02111,17.276417,42.936863,201.00383,844.17865,0.0007072103,-199.10591629403996,50.0,N_709
2024-05-13 04:19:29,41.072422,17.274372,42.992817,200.98285,844.1768,0.00045476836,-211.16379678659342,50.0,N_709
2024-05-13 04:19:30,41.12375,17.272327,43.04877,200.96187,844.1768,0.00059617026,-222.3093278020687,50.0,N_709
2024-05-13 04:19:31,41.17509,17.270279,43.104725,200.94089,844.1768,0.0004771899,-233.86243666855853,50.0,N_709
2024-05-13 04:19:32,41.226444,17.26823,43.16767,200.9199,844.17865,0.0006201392,-246.13008651605435,50.0,N_709
2024-05-13 04:19:33,41.277813,17.266178,43.230618,200.89893,844.1768,0.00063150394,-258.7904733925968,50.0,N_709
2024-05-13 04:19:34,41.329193,17.264122,43.28657,200.87794,844.1768,0.00050964643,-270.8710352589974,50.0,N_709
2024-05-13 04:19:35,41.38059,17.262062,43.33553,200.85696,844.1768,0.0006507736,-279.426189653418,50.0,N_709
2024-05-13 04:19:36,41.432,17.260002,43.398476,200.83598,844.17865,0.00066477107,-291.3694504884701,50.0,N_709
2024-05-13 04:19:37,41.48342,17.257938,43.461422,200.815,844.1768,0.00080879533,-302.88389790442466,50.0,N_709
2024-05-13 04:19:38,41.53486,17.25587,43.517376,200.794,844.1768,0.00081929064,-313.1979390612936,50.0,N_709
2024-05-13 04:19:39,41.58631,17.253803,43.566334,200.77303,844.1768,0.00043015627,-323.66183404084643,50.0,N_709
2024-05-13 04:19:40,41.637775,17.251732,43.622288,200.75204,844.17865,0.00057323184,-334.94818428524815,50.0,N_709
2024-05-13 04:19:41,41.689255,17.249657,43.67824,200.73106,844.17865,0.0005835202,-345.72834410191484,50.0,N_709
2024-05-13 04:19:42,41.74075,17.247578,43.741188,200.71008,844.1768,0.00059757795,-358.0590954829657,50.0,N_709
2024-05-13 04:19:43,41.792255,17.245499,43.804134,200.68211,844.1768,0.00060914544,-371.1967871216109,50.0,N_709
2024-05-13 04:19:44,41.843777,17.243416,43.86009,200.66112,844.17865,0.0004859678,-382.73092204154256,50.0,N_709
2024-05-13 04:19:45,41.89531,17.24133,43.923035,200.64714,844.1823,0.00063117413,-395.04208846237407,50.0,N_709
2024-05-13 04:19:46,41.94686,17.239243,43.97899,200.62616,844.17126,0.00050776405,-406.74559899865625,50.0,N_709
2024-05-13 04:19:47,41.99842,17.237152,44.03494,200.60518,844.15826,0.00065212004,-417.51711798781196,50.0,N_709
2024-05-13 04:19:48,42.05,17.235058,44.090893,200.58418,844.20087,0.0005310057,-428.58998468706585,50.0,N_709
2024-05-13 04:19:49,42.10159,17.23296,44.15384,200.55621,844.3082,0.0005426372,-442.14943540992283,50.0,N_709
2024-05-13 04:19:50,42.153194,17.230862,44.209793,200.53523,844.3898,0.000553075,-453.1411205155663,50.0,N_709
2024-05-13 04:19:51,42.20481,17.22876,44.27274,200.51425,844.3972,0.00043016937,-467.0830776179972,50.0,N_709
2024-05-13 04:19:52,42.256443,17.226658,44.328693,200.49327,844.37494,0.0004405275,-479.54350930333544,50.0,N_709
2024-05-13 04:19:53,42.30809,17.224548,44.37765,200.47229,844.36755,0.00018238866,-491.5922599886826,50.0,N_709
2024-05-13 04:19:54,42.35975,17.222439,44.433605,200.4513,844.3713,0.00019251088,-505.17454701081385,50.0,N_709
2024-05-13 04:19:55,42.411423,17.220325,44.49655,200.43031,844.3731,0.00019061346,-520.4830715136995,50.0,N_709
2024-05-13 04:19:56,42.463108,17.218212,44.559498,200.40234,844.3731,0.0002153422,-536.1428476027075,50.0,N_709
2024-05-13 04:19:57,42.514812,17.216095,44.61545,200.38136,844.3713,0.00021483177,-549.8831476544207,50.0,N_709
2024-05-13 04:19:58,42.566525,17.213974,44.66441,200.36038,844.3731,0.0002371031,-561.3970204519893,50.0,N_709
2024-05-13 04:19:59,42.618256,17.21185,44.727356,200.3394,844.3731,0.00023540296,-576.4067503134563,50.0,N_709
2024-05-13 04:20:00,42.67,17.209724,44.790306,200.31842,844.3731,0.00023376622,-591.604669543145,50.0,N_709
2024-05-13 04:20:01,42.72192,17.207592,44.846256,200.29742,844.3731,0.0002573663,-604.9064334571466,50.0,N_709
2024-05-13 04:20:02,42.77385,17.205456,44.90221,200.27644,844.3731,0.00025457068,-618.1837797076025,50.0,N_709
2024-05-13 04:20:03,42.825787,17.203316,44.958164,200.24847,844.3731,0.00028074096,-631.6728809565425,50.0,N_709
2024-05-13 04:20:04,42.87773,17.201176,45.01412,200.2275,844.3731,0.0002912131,-644.7540314922119,50.0,N_709
2024-05-13 04:20:05,42.929688,17.199032,45.07007,200.20651,844.3713,0.00027539412,-657.7273005817591,50.0,N_709
2024-05-13 04:20:06,42.981647,17.196888,45.133015,200.18553,844.3713,0.00028722998,-672.5730734155109,50.0,N_709
2024-05-13 04:20:07,43.03362,17.19474,45.18897,200.16454,844.37494,0.00029782814,-685.6092713337657,50.0,N_709
2024-05-13 04:20:08,43.085598,17.192589,45.244923,200.14355,844.3786,0.00033723246,-698.390217476594,50.0,N_709
2024-05-13 04:20:09,43.137585,17.190434,45.300877,200.12257,844.36566,0.00032165798,-710.9812231377646,50.0,N_709
2024-05-13 04:20:10,43.189583,17.188278,45.363823,200.0946,844.34534,0.00033363898,-725.6113212876841,50.0,N_709
2024-05-13 04:20:11,43.241585,17.18612,45.42677,200.07362,844.362,0.00034565618,-740.0755564569694,50.0,N_709
2024-05-13 04:20:12,43.2936,17.18396,45.482723,200.05264,844.45087,0.0003694894,-752.9212923851717,50.0,N_709
2024-05-13 04:20:13,43.34562,17.181793,45.53168,200.03166,844.5546,0.00038151923,-763.3826268145729,50.0,N_709
2024-05-13 04:20:14,43.397648,17.179626,45.594627,200.01067,844.58795,0.00039362896,-777.2389473187751,50.0,N_709
2024-05-13 04:20:15,43.449684,17.17746,45.657574,199.98969,844.56946,0.00040577928,-791.3124757555345,50.0,N_709
2024-05-13 04:20:16,43.50173,17.17529,45.713528,199.9687,844.562,0.00042967335,-803.8122739415039,50.0,N_709
2024-05-13 04:20:17,43.553787,17.173115,45.762486,199.94772,844.5657,0.00042628462,-813.8871373677698,50.0,N_709
2024-05-13 04:20:18,43.60585,17.170937,45.82543,199.91975,844.56757,0.00018961912,-829.5140220817483,50.0,N_709
2024-05-13 04:20:19,43.65792,17.168758,45.888382,199.89177,844.56757,0.00045337057,-843.6159695496616,50.0,N_709
2024-05-13 04:20:20,43.71,17.166576,45.944332,199.87079,844.5657,0.00046439248,-855.5652974353184,50.0,N_709
2024-05-13 04:20:21,43.762085,17.164394,46.000286,199.84981,844.56757,0.000475448,-867.4434904657035,50.0,N_709
2024-05-13 04:20:22,43.814182,17.162205,46.05624,199.82883,844.56757,0.0004865335,-879.24940928328,50.0,N_709
2024-05-13 04:20:23,43.866287,17.160015,46.112194,199.80785,844.56757,0.00020838776,-892.8423699128958,50.0,N_709
2024-05-13 04:20:24,43.9184,17.157825,46.168144,199.78687,844.56757,9.2556336e-05,-907.1078522805187,50.0,N_709
2024-05-13 04:20:25,43.97052,17.155632,46.23109,199.76588,844.56757,9.174469e-05,-923.173387281284,50.0,N_709
2024-05-13 04:20:26,44.022648,17.153435,46.287045,199.7379,844.56757,0.00010253713,-937.7801801589965,50.0,N_709
2024-05-13 04:20:27,44.074787,17.151234,46.343,199.71692,844.56757,0.000113362636,-951.9612786082731,50.0,N_709
2024-05-13 04:20:28,44.126934,17.149033,46.398952,199.68895,844.56757,-0.000140779,-968.2353638010596,50.0,N_709
2024-05-13 04:20:29,44.179085,17.146828,46.4619,199.66795,844.56757,-0.00028201324,-986.7112861901647,50.0,N_709
2024-05-13 04:20:30,44.231247,17.144623,46.51785,199.64697,844.5657,-0.00027152782,-1003.5835465278426,50.0,N_709
2024-05-13 04:20:31,44.28342,17.14241,46.5808,199.62599,844.5657,-0.0002340873,-1021.7853492992182,50.0,N_709
2024-05-13 04:20:32,44.335598,17.140198,46.63675,199.59802,844.5657,-0.00023379704,-1038.3680291288388,50.0,N_709
2024-05-13 04:20:33,44.387787,17.137985,46.68571,199.57704,844.5712,-0.00021180828,-1052.909860152928,50.0,N_709
2024-05-13 04:20:34,44.439983,17.135769,46.74166,199.55606,844.56946,-0.00020121846,-1069.2994772629693,50.0,N_709
2024-05-13 04:20:35,44.492188,17.133549,46.80461,199.52808,844.5509,-0.0001892445,-1087.5076882380424,50.0,N_709
2024-05-13 04:20:36,44.5444,17.131325,46.86056,199.5071,844.5583,-0.00019129898,-1103.821468042724,50.0,N_709
2024-05-13 04:20:37,44.59662,17.1291,46.923508,199.47913,844.6416,-0.00017669566,-1121.8116827247645,50.0,N_709
2024-05-13 04:20:38,44.64885,17.126873,46.97247,199.45813,844.7472,-0.00015462465,-1135.980565307526,50.0,N_709
2024-05-13 04:20:39,44.701088,17.124641,47.02842,199.43715,844.7898,-0.00013119714,-1151.75318775217,50.0,N_709
2024-05-13 04:20:40,44.753334,17.12241,47.084373,199.40918,844.7768,-0.00012042015,-1167.8639083325825,50.0,N_709
2024-05-13 04:20:41,44.805588,17.120174,47.14732,199.3882,844.7583,-0.00011834108,-1185.3581110748796,50.0,N_709
2024-05-13 04:20:42,44.85785,17.117939,47.21027,199.36722,844.7583,-0.000118731885,-1202.765029085336,50.0,N_709
2024-05-13 04:20:43,44.91012,17.115696,47.26622,199.34624,844.762,-0.00012042564,-1218.461013729857,50.0,N_709
2024-05-13 04:20:44,44.9624,17.113453,47.322174,199.31825,844.762,-8.427809e-05,-1234.2423864672824,50.0,N_709
2024-05-13 04:20:45,45.014687,17.11121,47.378128,199.29727,844.762,-6.0737966e-05,-1249.5808006368231,50.0,N_709
2024-05-13 04:20:46,45.066982,17.108963,47.441074,199.27629,844.762,-7.349661e-05,-1266.7013373865295,50.0,N_709
2024-05-13 04:20:47,45.119286,17.106712,47.49703,199.2483,844.762,-4.736036e-05,-1282.2407934659439,50.0,N_709
2024-05-13 04:20:48,45.1716,17.104458,47.55298,199.22733,844.762,-3.629193e-05,-1297.3764475423075,50.0,N_709
2024-05-13 04:20:49,45.22392,17.102203,47.608932,199.19936,844.762,-2.519271e-05,-1312.7701130179903,50.0,N_709
2024-05-13 04:20:50,45.27625,17.099945,47.664886,199.17838,844.762,-1.5595199e-06,-1327.6755627118177,50.0,N_709
2024-05-13 04:20:51,45.328587,17.097683,47.720837,199.15039,844.762,1.2135542e-05,-1342.8174132952179,50.0,N_709
2024-05-13 04:20:52,45.38093,17.09542,47.783787,199.12941,844.762,-1.2683344e-05,-1359.528979893676,50.0,N_709
2024-05-13 04:20:53,45.433285,17.093155,47.839737,199.10144,844.762,3.593707e-05,-1374.5232318173587,50.0,N_709
2024-05-13 04:20:54,45.48565,17.090889,47.89569,199.08046,844.762,3.4756067e-05,-1389.1892732339795,50.0,N_709
2024-05-13 04:20:55,45.53802,17.088615,47.951645,199.05948,844.762,4.8602717e-05,-1403.7283533755678,50.0,N_709
2024-05-13 04:20:56,45.5904,17.086342,48.01459,199.03848,844.7602,7.3750096e-05,-1419.8663239336738,50.0,N_709
2024-05-13 04:20:57,45.642788,17.084068,48.070545,199.01051,844.7602,7.272007e-05,-1434.608098522594,50.0,N_709
2024-05-13 04:20:58,45.695183,17.08179,48.126495,198.98254,844.76575,8.4125684e-05,-1449.2851053609238,50.0,N_709
2024-05-13 04:20:59,45.747585,17.07951,48.18245,198.96155,844.76385,9.5564916e-05,-1463.554243852447,50.0,N_709
2024-05-13 04:21:00,45.8,17.077225,48.238403,198.94057,844.7435,0.00010958173,-1477.71547227011,50.0,N_709
2024-05-13 04:21:01,45.85242,17.075005,48.294357,198.9126,844.73425,0.00013340989,-1491.9715708969977,50.0,N_709
2024-05-13 04:21:02,45.90485,17.07278,48.357304,198.89162,844.78796,0.00014635868,-1507.6223400225645,50.0,N_709
2024-05-13 04:21:03,45.957287,17.070549,48.413254,198.86363,844.8972,0.00012105088,-1521.947689209059,50.0,N_709
2024-05-13 04:21:04,46.00973,17.068317,48.476204,198.83566,844.9713,0.0001612153,-1537.8558045916816,50.0,N_709
2024-05-13 04:21:05,46.062187,17.066078,48.532154,198.81468,844.9694,-0.00013071377,-1553.5838274345888,50.0,N_709
2024-05-13 04:21:06,46.11465,17.063831,48.588108,198.7867,844.95276,-0.00011930567,-1569.553878842764,50.0,N_709
2024-05-13 04:21:07,46.16712,17.061584,48.644062,198.76572,844.95276,-0.00012009156,-1585.298914776997,50.0,N_709
2024-05-13 04:21:08,46.2196,17.05933,48.70701,198.73775,844.9583,-0.00025070424,-1603.8398224578955,50.0,N_709
2024-05-13 04:21:09,46.272087,17.057072,48.762962,198.71677,844.9583,-9.3087154e-05,-1619.315290431533,50.0,N_709
2024-05-13 04:21:10,46.32458,17.05481,48.818913,198.68878,844.9565,-0.00022790936,-1635.9735117433834,50.0,N_709
2024-05-13 04:21:11,46.377087,17.05254,48.874866,198.6678,844.9565,-0.00021646004,-1652.253993492441,50.0,N_709
2024-05-13 04:21:12,46.4296,17.05027,48.93082,198.63983,844.9565,-0.0002049765,-1668.761895485968,50.0,N_709
2024-05-13 04:21:13,46.48212,17.047989,48.986774,198.61885,844.9565,-0.00019091144,-1685.0132930698335,50.0,N_709
2024-05-13 04:21:14,46.53465,17.045708,49.04972,198.59087,844.9565,-0.0001779045,-1703.076290829074,50.0,N_709
2024-05-13 04:21:15,46.58719,17.043423,49.105675,198.56989,844.9565,-0.00016631704,-1719.0211176854027,50.0,N_709
2024-05-13 04:21:16,46.639732,17.04113,49.161625,198.5419,844.9565,-0.00015469627,-1735.1990357181373,50.0,N_709
2024-05-13 04:21:17,46.692287,17.038834,49.21758,198.52092,844.9565,-0.00014049327,-1751.0756116682885,50.0,N_709
2024-05-13 04:21:18,46.74485,17.036533,49.280525,198.49295,844.9565,-0.00012733502,-1768.902142884676,50.0,N_709
2024-05-13 04:21:19,46.79742,17.034225,49.34347,198.47197,844.9565,-0.00026182004,-1787.1961140120852,50.0,N_709
2024-05-13 04:21:20,46.85,17.031914,49.399426,198.44398,844.9565,-0.00025020115,-1803.829875892745,50.0,N_709
2024-05-13 04:21:21,46.902588,17.029598,49.448383,198.41602,844.9565,-0.00038544278,-1819.799149013628,50.0,N_709
2024-05-13 04:21:22,46.95518,17.027279,49.504337,198.38803,844.95465,-0.00037390375,-1837.3713694566882,50.0,N_709
2024-05-13 04:21:23,47.007786,17.024952,49.56029,198.36705,844.9583,-0.0005105816,-1855.8708797592046,50.0,N_709
2024-05-13 04:21:24,47.0604,17.022621,49.623238,198.34607,844.96204,-0.00049763394,-1876.067332330028,50.0,N_709
2024-05-13 04:21:25,47.11302,17.020287,49.686184,198.3181,844.9509,-0.00048464513,-1895.7819699862773,50.0,N_709
2024-05-13 04:21:26,47.16565,17.017948,49.73514,198.29012,844.9361,-0.00047204652,-1912.3087411006866,50.0,N_709
2024-05-13 04:21:27,47.21829,17.015606,49.791096,198.26215,844.9806,-0.00046047743,-1930.4878659339158,50.0,N_709
2024-05-13 04:21:28,47.27093,17.013256,49.84705,198.23416,845.088,-0.00044887458,-1948.5283113960427,50.0,N_709
2024-05-13 04:21:29,47.323586,17.010902,49.903004,198.21318,845.1676,-0.0004346859,-1966.2018668803075,50.0,N_709
2024-05-13 04:21:30,47.37625,17.008541,49.958954,198.18521,845.1769,-0.00042301422,-1984.1286001242354,50.0,N_709
2024-05-13 04:21:31,47.42892,17.00618,50.014908,198.15723,845.1546,-0.00041130884,-2002.234386685424,50.0,N_709
2024-05-13 04:21:32,47.481598,17.00381,50.077854,198.13625,845.1454,-0.00039806357,-2021.686638222196,50.0,N_709
2024-05-13 04:21:33,47.534286,17.001438,50.1408,198.10828,845.15094,-0.0003940005,-2041.145633093993,50.0,N_709
2024-05-13 04:21:34,47.586983,16.999058,50.196754,198.08029,845.15283,-0.00038216892,-2058.5162513516375,50.0,N_709
2024-05-13 04:21:35,47.639687,16.996677,50.245712,198.05232,845.15094,-0.0003600836,-2074.5176803204895,50.0,N_709
2024-05-13 04:21:36,47.692398,16.99429,50.30866,198.03134,845.15094,-0.00034668925,-2093.5867948247105,50.0,N_709
2024-05-13 04:21:37,47.74512,16.991898,50.37161,198.00336,845.15094,-0.00035410322,-2112.729296621594,50.0,N_709
2024-05-13 04:21:38,47.797848,16.989498,50.42756,197.98238,845.15094,-0.00034211666,-2129.5259887707316,50.0,N_709
2024-05-13 04:21:39,47.850586,16.987099,50.47652,197.9544,845.15094,-0.00033162106,-2145.108996070955,50.0,N_709
2024-05-13 04:21:40,47.90333,16.984692,50.53247,197.92642,845.15094,-0.000331216,-2162.414045064748,50.0,N_709
2024-05-13 04:21:41,47.956085,16.98228,50.588425,197.89845,845.15094,-0.00031655675,-2179.857374684848,50.0,N_709
2024-05-13 04:21:42,48.00885,16.979862,50.65137,197.87047,845.15094,-0.00030288394,-2198.8896302688895,50.0,N_709
2024-05-13 04:21:43,48.06162,16.977444,50.714317,197.84949,845.15094,-0.00028917543,-2217.3083704925916,50.0,N_709
2024-05-13 04:21:44,48.1144,16.975018,50.77027,197.82152,845.15094,-0.00027696398,-2234.2500222737003,50.0,N_709
2024-05-13 04:21:45,48.167187,16.972588,50.826225,197.79353,845.15094,-0.00026216422,-2251.0935097941797,50.0,N_709
2024-05-13 04:21:46,48.219982,16.97015,50.88218,197.76556,845.15094,-0.00024988467,-2268.0403149671083,50.0,N_709
2024-05-13 04:21:47,48.272785,16.967712,50.945126,197.73758,845.14905,-0.00022450567,-2286.3584270295223,50.0,N_709
2024-05-13 04:21:48,48.3256,16.965267,51.00108,197.70961,845.15283,-0.00022367697,-2302.9138845856514,50.0,N_709
2024-05-13 04:21:49,48.37842,16.962818,51.05703,197.68863,845.1584,-0.0003607377,-2320.059795456452,50.0,N_709
2024-05-13 04:21:50,48.431248,16.960361,51.112984,197.66064,845.1546,-0.0001963177,-2336.4622233360988,50.0,N_709
2024-05-13 04:21:51,48.484085,16.957901,51.168938,197.63268,845.1343,-0.00033614723,-2353.774197571977,50.0,N_709
2024-05-13 04:21:52,48.536934,16.95544,51.224888,197.60469,845.14166,-0.00017138185,-2370.0086088931753,50.0,N_709
2024-05-13 04:21:53,48.589787,16.952969,51.28084,197.57672,845.22687,-0.00015630573,-2386.1225752198234,50.0,N_709
2024-05-13 04:21:54,48.64265,16.950497,51.336796,197.55574,845.33246,-0.00029645392,-2402.838799219722,50.0,N_709
2024-05-13 04:21:55,48.69552,16.948017,51.39275,197.52776,845.3657,-0.0001311681,-2418.9030895249794,50.0,N_709
2024-05-13 04:21:56,48.748398,16.945534,51.455696,197.49979,845.3491,-0.00057590834,-2439.490163796617,50.0,N_709
2024-05-13 04:21:57,48.801285,16.943047,51.511646,197.4718,845.3398,-0.00040799263,-2457.2562799331386,50.0,N_709
2024-05-13 04:21:58,48.854183,16.940556,51.5676,197.44383,845.3454,-0.00054883806,-2475.9386751145526,50.0,N_709
2024-05-13 04:21:59,48.907085,16.938057,51.623554,197.41586,845.3472,-0.0005365303,-2494.5384847409196,50.0,N_709
2024-05-13 04:22:00,48.96,16.935555,51.67951,197.38788,845.3472,-0.0006751613,-2514.5443190854703,50.0,N_709
2024-05-13 04:22:01,49.013084,16.933098,51.742455,197.35991,845.3454,-0.0006613457,-2535.674419475351,50.0,N_709
2024-05-13 04:22:02,49.06617,16.930634,51.79841,197.33192,845.3454,-0.0008028913,-2556.6027998293503,50.0,N_709
2024-05-13 04:22:03,49.119263,16.928165,51.861355,197.30396,845.3454,-0.0009430906,-2578.8662484113584,50.0,N_709
2024-05-13 04:22:04,49.172356,16.925686,51.910313,197.27597,845.3454,-0.00093006174,-2598.296156972385,50.0,N_709
2024-05-13 04:22:05,49.22545,16.923206,51.966267,197.248,845.3454,-0.0009179708,-2620.0519738028274,50.0,N_709
2024-05-13 04:22:06,49.27855,16.920715,52.029213,197.22002,845.3454,-0.0009042457,-2643.3251914882244,50.0,N_709
2024-05-13 04:22:07,49.33165,16.91822,52.09216,197.19904,845.3454,-0.0008904787,-2664.9429365920605,50.0,N_709
2024-05-13 04:22:08,49.384754,16.915718,52.141117,197.17107,845.3454,-0.0008773179,-2684.0178776145667,50.0,N_709
2024-05-13 04:22:09,49.437862,16.913208,52.19707,197.14308,845.3454,-0.00086508295,-2704.7321857889237,50.0,N_709
2024-05-13 04:22:10,49.49097,16.910694,52.253025,197.11511,845.34357,-0.0008528139,-2726.119994219719,50.0,N_709
2024-05-13 04:22:11,49.544083,16.908173,52.31597,197.08014,845.3454,-0.00083633506,-2748.689398975305,50.0,N_709
2024-05-13 04:22:12,49.5972,16.905643,52.371925,197.05215,845.35095,-0.00082399533,-2768.4029332013397,50.0,N_709
2024-05-13 04:22:13,49.65032,16.903107,52.420883,197.03117,845.3472,-0.0008132356,-2787.3272884213998,50.0,N_709
2024-05-13 04:22:14,49.703438,16.900566,52.48383,197.0032,845.32874,-0.00079920795,-2809.914293259418,50.0,N_709
2024-05-13 04:22:15,49.75656,16.898018,52.546776,196.97522,845.3361,-0.0007851406,-2831.929721514522,50.0,N_709
2024-05-13 04:22:16,49.80969,16.895466,52.60273,196.94026,845.4213,-0.00077009236,-2851.7622430385013,50.0,N_709
2024-05-13 04:22:17,49.862816,16.892906,52.651688,196.91228,845.52686,-0.0007592039,-2870.0452580131696,50.0,N_709
2024-05-13 04:22:18,49.915947,16.890339,52.70764,196.88431,845.5676,-0.0010562884,-2891.8491111433927,50.0,N_709
2024-05-13 04:22:19,49.96908,16.887764,52.763596,196.86333,845.5547,-0.0010439792,-2914.151367057922,50.0,N_709
2024-05-13 04:22:20,50.02222,16.885185,52.82654,196.83534,845.53613,-0.0011863731,-2939.6912193087337,50.0,N_709
2024-05-13 04:22:21,50.07536,16.882595,52.88949,196.80037,845.53613,-0.0011724907,-2964.4143535432463,50.0,N_709
2024-05-13 04:22:22,50.128506,16.880005,52.945442,196.7724,845.5417,-0.0011576408,-2986.992845836973,50.0,N_709
2024-05-13 04:22:23,50.18165,16.877403,53.001396,196.74442,845.5417,-0.0011453253,-3009.4879951580524,50.0,N_709
2024-05-13 04:22:24,50.2348,16.874798,53.057346,196.71645,845.53986,-0.0011329706,-3031.05904334605,50.0,N_709
2024-05-13 04:22:25,50.28795,16.872185,53.106304,196.68846,845.53986,-0.0011222356,-3052.6732884881567,50.0,N_709
2024-05-13 04:22:26,50.341103,16.869568,53.169254,196.6535,845.53986,-0.0011055972,-3076.9440845461772,50.0,N_709
2024-05-13 04:22:27,50.39426,16.86694,53.225204,196.62552,845.53986,-0.0012504669,-3101.0466410917697,50.0,N_709
2024-05-13 04:22:28,50.447422,16.864311,53.288155,196.59755,845.53986,-0.0012364544,-3125.833702746058,50.0,N_709
2024-05-13 04:22:29,50.500584,16.861671,53.344105,196.56956,845.53986,-0.0010638922,-3147.779569953527,50.0,N_709
2024-05-13 04:22:30,50.55375,16.859024,53.40006,196.5416,845.53986,-0.0013667975,-3171.691739249468,50.0,N_709
2024-05-13 04:22:31,50.606915,16.856373,53.456013,196.51361,845.53986,-0.0013544693,-3195.520199804876,50.0,N_709
2024-05-13 04:22:32,50.660088,16.853718,53.511963,196.48564,845.53986,-0.0011841053,-3218.2374370236453,50.0,N_709
2024-05-13 04:22:33,50.71326,16.851051,53.567917,196.45766,845.53986,-0.0013271405,-3243.0516645186667,50.0,N_709
2024-05-13 04:22:34,50.766438,16.848381,53.630863,196.4227,845.53986,-0.0014713069,-3269.6688353865065,50.0,N_709
2024-05-13 04:22:35,50.819614,16.845703,53.686817,196.39471,845.53986,-0.0014483979,-3294.0941019916595,50.0,N_709
2024-05-13 04:22:36,50.8728,16.843021,53.74277,196.36674,845.53986,-0.0014334779,-3318.627461288158,50.0,N_709
2024-05-13 04:22:37,50.925983,16.840328,53.798725,196.33177,845.5454,-0.0014210942,-3343.1941939811763,50.0,N_709
2024-05-13 04:22:38,50.97917,16.837635,53.854675,196.30379,845.5436,-0.0014086739,-3367.350002489148,50.0,N_709
2024-05-13 04:22:39,51.03236,16.83493,53.91063,196.27582,845.5213,-0.0013857298,-3391.353972380921,50.0,N_709
2024-05-13 04:22:40,51.085552,16.832222,53.966583,196.24783,845.5139,-0.0013811585,-3415.3245755966846,50.0,N_709
2024-05-13 04:22:41,51.13875,16.829506,54.022533,196.21986,845.5658,-0.0013686338,-3440.4135583258058,50.0,N_709
2024-05-13 04:22:42,51.191948,16.826782,54.085484,196.18489,845.67505,-0.0013230997,-3466.0377626505287,50.0,N_709
2024-05-13 04:22:43,51.245148,16.82405,54.141434,196.15692,845.74915,-0.0013183994,-3489.5893928305113,50.0,N_709
2024-05-13 04:22:44,51.298355,16.821316,54.197388,196.12894,845.74915,-0.0012850413,-3513.1059829235082,50.0,N_709
2024-05-13 04:22:45,51.35156,16.818573,54.25334,196.09396,845.73065,-0.0012931866,-3537.783794655554,50.0,N_709
2024-05-13 04:22:46,51.40477,16.815826,54.316288,196.066,845.73065,-0.0012659065,-3562.695095204837,50.0,N_709
2024-05-13 04:22:47,51.45798,16.813072,54.372242,196.03801,845.7362,-0.0012635562,-3586.056004639365,50.0,N_709
2024-05-13 04:22:48,51.511196,16.81031,54.428192,196.00305,845.7362,-0.0012508264,-3609.652551732615,50.0,N_709
2024-05-13 04:22:49,51.564415,16.80754,54.484146,195.96808,845.7343,-0.001235488,-3632.9712550864692,50.0,N_709
2024-05-13 04:22:50,51.617638,16.804768,54.5401,195.9401,845.7343,-0.0012329468,-3656.118104745714,50.0,N_709
2024-05-13 04:22:51,51.67086,16.801987,54.596054,195.90512,845.7343,-0.0012098554,-3679.2625953241973,50.0,N_709
2024-05-13 04:22:52,51.724087,16.799198,54.652004,195.87715,845.7343,-0.0011944143,-3701.9776909945354,50.0,N_709
2024-05-13 04:22:53,51.777317,16.796406,54.70796,195.84917,845.7343,-0.0011815117,-3725.6420473221738,50.0,N_709
2024-05-13 04:22:54,51.830547,16.793602,54.770905,195.81421,845.7343,-0.0011668501,-3750.204301291037,50.0,N_709
2024-05-13 04:22:55,51.88378,16.790798,54.82686,195.78622,845.7343,-0.001153877,-3772.647018433277,50.0,N_709
2024-05-13 04:22:56,51.93702,16.787983,54.882812,195.75826,845.7343,-0.0011382948,-3794.984422135564,50.0,N_709
2024-05-13 04:22:57,51.99026,16.785164,54.938763,195.73027,845.7343,-0.0011252558,-3817.3891472247838,50.0,N_709
2024-05-13 04:22:58,52.043503,16.782337,54.994717,195.6953,845.7343,-0.0011121797,-3840.027769238325,50.0,N_709
2024-05-13 04:22:59,52.09675,16.779503,55.05067,195.66034,845.7324,-0.0010964945,-3862.4075745356413,50.0,N_709
2024-05-13 04:23:00,52.149998,16.776665,55.10662,195.63235,845.7362,-0.0010733084,-3884.456523603996,50.0,N_709
2024-05-13 04:23:01,52.203495,16.773888,55.162575,195.59738,845.73987,-0.0010601598,-3906.594517613067,50.0,N_709
2024-05-13 04:23:02,52.25699,16.7711,55.21853,195.56941,845.72876,-0.0013684591,-3931.5979918902894,50.0,N_709
2024-05-13 04:23:03,52.310474,16.768307,55.281475,195.53444,845.7139,-0.0015258847,-3959.783729913791,50.0,N_709
2024-05-13 04:23:04,52.363953,16.765503,55.34442,195.49947,845.76025,-0.0015112465,-3985.4110584626214,50.0,N_709
2024-05-13 04:23:05,52.417427,16.762688,55.393383,195.4715,845.8677,-0.0018223391,-4010.4420182468803,50.0,N_709
2024-05-13 04:23:06,52.470898,16.759869,55.449333,195.44351,845.9436,-0.0019622806,-4038.3440833816467,50.0,N_709
2024-05-13 04:23:07,52.52436,16.757038,55.505287,195.40854,845.9436,-0.0024379042,-4069.7085416959353,50.0,N_709
2024-05-13 04:23:08,52.57782,16.7542,55.56124,195.37358,845.92505,-0.002738959,-4102.690035296305,50.0,N_709
2024-05-13 04:23:09,52.63127,16.75135,55.61719,195.3456,845.9233,-0.002420675,-4133.283034126427,50.0,N_709
2024-05-13 04:23:10,52.68472,16.748493,55.673145,195.31763,845.9288,-0.0025714752,-4167.090482199387,50.0,N_709
2024-05-13 04:23:11,52.738163,16.745628,55.73609,195.28265,845.9306,-0.0028839735,-4205.21338645525,50.0,N_709
2024-05-13 04:23:12,52.7916,16.742756,55.799038,195.24768,845.9306,-0.002857834,-4240.647294014696,50.0,N_709
2024-05-13 04:23:13,52.845028,16.739872,55.854992,195.21971,845.9288,-0.0023650373,-4269.4492818159715,50.0,N_709
2024-05-13 04:23:14,52.898453,16.73698,55.90395,195.18474,845.9288,-0.002197863,-4297.487798241422,50.0,N_709
2024-05-13 04:23:15,52.951874,16.734077,55.959904,195.14977,845.9288,-0.0018576853,-4324.977693228181,50.0,N_709
2024-05-13 04:23:16,53.005287,16.73117,56.015858,195.11479,845.9288,-0.0018447397,-4352.135464264416,50.0,N_709
2024-05-13 04:23:17,53.058697,16.728252,56.07181,195.08682,845.9288,-0.0018388435,-4380.527903364255,50.0,N_709
2024-05-13 04:23:18,53.1121,16.725323,56.134758,195.05185,845.9288,-0.0018143778,-4410.758623095967,50.0,N_709
2024-05-13 04:23:19,53.165497,16.72239,56.197704,195.01688,845.9306,-0.0019541867,-4440.310606067153,50.0,N_709
2024-05-13 04:23:20,53.218887,16.719444,56.25366,194.98889,845.9306,-0.0024248427,-4471.192391412867,50.0,N_709
2024-05-13 04:23:21,53.272274,16.716492,56.30961,194.95393,845.9288,-0.0027387345,-4504.460776350881,50.0,N_709
2024-05-13 04:23:22,53.325653,16.713528,56.365562,194.91896,845.9288,-0.002716829,-4535.5957271149155,50.0,N_709
2024-05-13 04:23:23,53.37903,16.710556,56.41452,194.88399,845.9306,-0.0027036786,-4566.577539523231,50.0,N_709
2024-05-13 04:23:24,53.4324,16.707577,56.470474,194.856,845.9343,-0.0028467227,-4600.220060985005,50.0,N_709
2024-05-13 04:23:25,53.485764,16.70459,56.52643,194.82104,845.92505,-0.0031645824,-4638.616845942372,50.0,N_709
2024-05-13 04:23:26,53.53912,16.701591,56.589375,194.78607,845.91394,-0.0033227727,-4677.40402000686,50.0,N_709
2024-05-13 04:23:27,53.592472,16.698586,56.64533,194.7511,845.9473,-0.0036319748,-4716.523468874343,50.0,N_709
2024-05-13 04:23:28,53.64582,16.695568,56.70128,194.71613,846.0325,-0.0037951036,-4753.937485302032,50.0,N_709
2024-05-13 04:23:29,53.69916,16.692547,56.75024,194.68115,846.114,-0.0041232496,-4797.173747734379,50.0,N_709
2024-05-13 04:23:30,53.7525,16.689514,56.813187,194.65318,846.13995,-0.0044320263,-4842.918244852169,50.0,N_709
2024-05-13 04:23:31,53.80583,16.68647,56.86914,194.61821,846.12695,-0.0045959502,-4891.766725623448,50.0,N_709
2024-05-13 04:23:32,53.859154,16.683422,56.932087,194.58324,846.11957,-0.0045896345,-4935.49474427855,50.0,N_709
2024-05-13 04:23:33,53.91247,16.680363,56.981045,194.54826,846.1232,-0.004580174,-4979.12026475529,50.0,N_709
2024-05-13 04:23:34,53.965786,16.677296,57.037,194.5133,846.12506,-0.004236377,-5022.171064227134,50.0,N_709
2024-05-13 04:23:35,54.019096,16.674217,57.092953,194.47833,846.12506,-0.0035659913,-5060.800895691831,50.0,N_709
2024-05-13 04:23:36,54.0724,16.671131,57.148903,194.44336,846.1232,-0.0035446018,-5101.912530673562,50.0,N_709
2024-05-13 04:23:37,54.125694,16.668037,57.21185,194.40839,846.1232,-0.0030467222,-5141.066845008206,50.0,N_709
2024-05-13 04:23:38,54.178986,16.664936,57.2748,194.37341,846.12506,-0.0026988778,-5175.331905661927,50.0,N_709
2024-05-13 04:23:39,54.232273,16.661823,57.33075,194.34544,846.12506,-0.0031680786,-5210.994877793723,50.0,N_709
2024-05-13 04:23:40,54.285553,16.658703,57.386703,194.31047,846.1232,-0.0034894082,-5246.528447846951,50.0,N_709
2024-05-13 04:23:41,54.33883,16.655575,57.43566,194.2755,846.1232,-0.0038105347,-5285.032609575239,50.0,N_709
2024-05-13 04:23:42,54.392097,16.652435,57.491615,194.24052,846.12506,-0.0043091606,-5329.1269823449775,50.0,N_709
2024-05-13 04:23:43,54.445362,16.649288,57.54757,194.19856,846.12506,-0.004471167,-5373.9707097860555,50.0,N_709
2024-05-13 04:23:44,54.49862,16.646133,57.60352,194.16359,846.1232,-0.0047853715,-5420.553111476679,50.0,N_709
2024-05-13 04:23:45,54.551872,16.642967,57.659473,194.12862,846.1232,-0.0049324525,-5468.093496437552,50.0,N_709
2024-05-13 04:23:46,54.60512,16.639793,57.715427,194.09366,846.12506,-0.0052539296,-5521.641510780435,50.0,N_709
2024-05-13 04:23:47,54.658363,16.636612,57.778374,194.05869,846.1288,-0.004896163,-5570.61667162361,50.0,N_709
2024-05-13 04:23:48,54.711597,16.633423,57.834328,194.02371,846.1177,-0.004725659,-5616.773892496374,50.0,N_709
2024-05-13 04:23:49,54.764828,16.630222,57.89028,193.98874,846.0973,-0.0043930616,-5664.002996958293,50.0,N_709
2024-05-13 04:23:50,54.818054,16.627014,57.953228,193.95377,846.114,-0.003874656,-5703.3969816806275,50.0,N_709
2024-05-13 04:23:51,54.871273,16.623795,58.002186,193.9188,846.2029,-0.0038704413,-5742.223794068251,50.0,N_709
2024-05-13 04:23:52,54.924488,16.620571,58.05814,193.88383,846.3066,-0.0041948576,-5784.860857162721,50.0,N_709
2024-05-13 04:23:53,54.977695,16.617336,58.11409,193.84886,846.33997,-0.0043511703,-5828.5177878528975,50.0,N_709
2024-05-13 04:23:54,55.0309,16.61409,58.170044,193.81389,846.32135,-0.0043364335,-5872.67889226046,50.0,N_709
2024-05-13 04:23:55,55.084095,16.61084,58.225998,193.77193,846.314,-0.0044930666,-5920.9125579727115,50.0,N_709
2024-05-13 04:23:56,55.137287,16.607578,58.288944,193.73695,846.3177,-0.0048169484,-5969.958887394697,50.0,N_709
2024-05-13 04:23:57,55.19047,16.60431,58.3449,193.69499,846.32135,-0.0048024543,-6012.70328151615,50.0,N_709
2024-05-13 04:23:58,55.243652,16.601028,58.393856,193.667,846.3196,-0.004961577,-6059.00869896153,50.0,N_709
2024-05-13 04:23:59,55.29683,16.59774,58.44981,193.62505,846.3177,-0.0049471254,-6110.527751541481,50.0,N_709
2024-05-13 04:24:00,55.35,16.594444,58.512756,193.59007,846.3177,-0.004763919,-6159.175733978641,50.0,N_709
2024-05-13 04:24:01,55.40308,16.591236,58.56871,193.54811,846.3196,-0.0050995783,-6207.992016166616,50.0,N_709
2024-05-13 04:24:02,55.45616,16.588013,58.62466,193.51314,846.3196,-0.0052461606,-6257.443816556698,50.0,N_709
2024-05-13 04:24:03,55.509235,16.584778,58.680614,193.47816,846.3196,-0.005404198,-6307.922162310525,50.0,N_709
2024-05-13 04:24:04,55.56231,16.581532,58.73657,193.4432,846.3196,-0.0058996608,-6362.443684917876,50.0,N_709
2024-05-13 04:24:05,55.61538,16.578274,58.792522,193.40123,846.3196,-0.0065684547,-6420.850317514073,50.0,N_709
2024-05-13 04:24:06,55.66845,16.575005,58.848473,193.36626,846.3196,-0.0067276875,-6475.0164761272345,50.0,N_709
2024-05-13 04:24:07,55.721516,16.571724,58.89743,193.3313,846.3177,-0.006205294,-6529.026433824087,50.0,N_709
2024-05-13 04:24:08,55.77458,16.568428,58.953384,193.29633,846.3177,-0.006534848,-6592.528088760721,50.0,N_709
2024-05-13 04:24:09,55.827637,16.565125,59.01633,193.25436,846.3177,-0.0072013726,-6656.721228398105,50.0,N_709
2024-05-13 04:24:10,55.88069,16.561806,59.072285,193.21939,846.32324,-0.007702677,-6728.855740733636,50.0,N_709
2024-05-13 04:24:11,55.933746,16.558475,59.13523,193.17743,846.32135,-0.0076904288,-6796.22677234822,50.0,N_709
2024-05-13 04:24:12,55.986797,16.555134,59.191185,193.14246,846.301,-0.0071648196,-6859.099657836643,50.0,N_709
2024-05-13 04:24:13,56.03985,16.551777,59.24714,193.1005,846.3084,-0.007154063,-6921.254612297045,50.0,N_709
2024-05-13 04:24:14,56.09289,16.548412,59.30309,193.06552,846.3955,-0.0073143756,-6985.097547110102,50.0,N_709
2024-05-13 04:24:15,56.145935,16.545033,59.359043,193.02356,846.50104,-0.0076435143,-7044.79727179112,50.0,N_709
2024-05-13 04:24:16,56.19898,16.541645,59.408,192.98859,846.53436,-0.0076349145,-7109.075623347909,50.0,N_709
2024-05-13 04:24:17,56.252014,16.538242,59.463955,192.94662,846.5177,-0.008160841,-7177.777133918302,50.0,N_709
2024-05-13 04:24:18,56.30505,16.534828,59.51991,192.91165,846.50665,-0.008142277,-7253.061711100103,50.0,N_709
2024-05-13 04:24:19,56.35808,16.531399,59.582855,192.86967,846.5103,-0.0081355665,-7324.305074201379,50.0,N_709
2024-05-13 04:24:20,56.41111,16.527962,59.63881,192.82771,846.514,-0.008141466,-7386.830839135851,50.0,N_709
2024-05-13 04:24:21,56.464138,16.524513,59.687767,192.79274,846.514,-0.008468587,-7462.810154903717,50.0,N_709
2024-05-13 04:24:22,56.51716,16.52105,59.750713,192.75078,846.514,-0.008289811,-7533.968244196867,50.0,N_709
2024-05-13 04:24:23,56.57018,16.517574,59.806667,192.7158,846.514,-0.008443369,-7611.406605317505,50.0,N_709
2024-05-13 04:24:24,56.6232,16.514088,59.869614,192.67384,846.514,-0.008781006,-7686.869124193601,50.0,N_709
2024-05-13 04:24:25,56.676212,16.51059,59.925568,192.63188,846.514,-0.009107462,-7754.925883908041,50.0,N_709
2024-05-13 04:24:26,56.729225,16.50708,59.974525,192.59691,846.514,-0.00823696,-7823.072014464755,50.0,N_709
2024-05-13 04:24:27,56.782238,16.503555,60.03048,192.55495,846.514,-0.008733524,-7895.393298897336,50.0,N_709
2024-05-13 04:24:28,56.835243,16.500023,60.086433,192.51997,846.5122,-0.009594718,-7974.2177609681685,50.0,N_709
2024-05-13 04:24:29,56.88825,16.496475,60.142384,192.47801,846.5122,-0.009935874,-8062.914680852704,50.0,N_709
2024-05-13 04:24:30,56.94125,16.492916,60.20533,192.43605,846.5122,-0.010443005,-8141.779533725657,50.0,N_709
2024-05-13 04:24:31,56.994247,16.489346,60.25429,192.39409,846.5177,-0.0083801625,-8210.069721383752,50.0,N_709
2024-05-13 04:24:32,57.047245,16.485764,60.31024,192.35912,846.51587,-0.0085386485,-8281.803417061401,50.0,N_709
2024-05-13 04:24:33,57.100235,16.482166,60.366196,192.31715,846.4973,-0.008697135,-8354.893255336918,50.0,N_709
2024-05-13 04:24:34,57.153225,16.478561,60.42215,192.27518,846.50476,-0.009180544,-8431.179458354265,50.0,N_709
2024-05-13 04:24:35,57.206215,16.474941,60.478104,192.23322,846.5881,-0.009532787,-8516.803161964479,50.0,N_709
2024-05-13 04:24:36,57.259197,16.47131,60.54105,192.19125,846.6936,-0.010536281,-8603.72785273863,50.0,N_709
2024-05-13 04:24:37,57.31218,16.467667,60.597,192.14929,846.73627,-0.011040143,-8692.317425448182,50.0,N_709
2024-05-13 04:24:38,57.36516,16.464012,60.652954,192.10733,846.7233,-0.0110129295,-8772.721516981295,50.0,N_709
2024-05-13 04:24:39,57.418137,16.460346,60.701912,192.06535,846.7048,-0.011542828,-8862.948257468392,50.0,N_709
2024-05-13 04:24:40,57.47111,16.456665,60.757866,192.02339,846.7048,-0.012741609,-8962.783296279413,50.0,N_709
2024-05-13 04:24:41,57.524082,16.452972,60.81382,191.98143,846.7085,-0.013445017,-9075.710923193255,50.0,N_709
2024-05-13 04:24:42,57.57705,16.449272,60.876766,191.94646,846.7085,-0.013601714,-9184.459222115622,50.0,N_709
2024-05-13 04:24:43,57.630013,16.445557,60.93272,191.8975,846.7085,-0.014477854,-9296.06832243857,50.0,N_709
2024-05-13 04:24:44,57.682976,16.44183,60.988674,191.85553,846.7085,-0.013947403,-9403.811250578743,50.0,N_709
2024-05-13 04:24:45,57.735935,16.438087,61.044624,191.81357,846.7085,-0.013231542,-9497.169888004697,50.0,N_709
2024-05-13 04:24:46,57.788895,16.434338,61.093582,191.7716,846.7085,-0.014265483,-9615.843824200001,50.0,N_709
2024-05-13 04:24:47,57.841846,16.430573,61.156532,191.72964,846.7085,-0.013911415,-9724.941275514768,50.0,N_709
2024-05-13 04:24:48,57.8948,16.4268,61.212482,191.68768,846.7085,-0.013379105,-9828.83119761381,50.0,N_709
2024-05-13 04:24:49,57.947746,16.423012,61.268436,191.6457,846.7085,-0.013543226,-9933.784605700072,50.0,N_709
2024-05-13 04:24:50,58.000694,16.419212,61.32439,191.60374,846.7085,-0.014227739,-10043.251702783138,50.0,N_709
2024-05-13 04:24:51,58.053635,16.415401,61.380344,191.56178,846.7085,-0.013541643,-10140.35323397612,50.0,N_709
2024-05-13 04:24:52,58.106575,16.411575,61.429302,191.51282,846.7066,-0.013364871,-10242.711613115727,50.0,N_709
2024-05-13 04:24:53,58.159515,16.407742,61.485256,191.47086,846.7085,-0.013005688,-10344.01049301409,50.0,N_709
2024-05-13 04:24:54,58.21245,16.403893,61.541206,191.4289,846.71216,-0.012994351,-10445.216682798622,50.0,N_709
2024-05-13 04:24:55,58.26538,16.400032,61.59716,191.38693,846.7103,-0.012809974,-10554.6419680982,50.0,N_709
2024-05-13 04:24:56,58.31831,16.39616,61.660107,191.34497,846.6955,-0.012445008,-10653.826881732937,50.0,N_709
2024-05-13 04:24:57,58.371235,16.392277,61.71606,191.303,846.70105,-0.011908402,-10747.778572386216,50.0,N_709
2024-05-13 04:24:58,58.42416,16.388382,61.772015,191.26103,846.76587,-0.011368452,-10839.634895458516,50.0,N_709
2024-05-13 04:24:59,58.47708,16.384476,61.827965,191.21208,846.8566,-0.010830429,-10918.833673316327,50.0,N_709
2024-05-13 04:25:00,58.53,16.380554,61.876926,191.1701,846.91406,-0.010819598,-11005.28557956721,50.0,N_709
2024-05-13 04:25:01,58.58357,16.376713,61.932877,191.12115,846.91406,-0.011514316,-11096.860994559658,50.0,N_709
2024-05-13 04:25:02,58.637115,16.372856,61.98883,191.0792,846.89923,-0.012383507,-11204.4708847504,50.0,N_709
2024-05-13 04:25:03,58.690636,16.368988,62.051777,191.03023,846.89923,-0.012548473,-11304.495753386867,50.0,N_709
2024-05-13 04:25:04,58.744133,16.3651,62.10773,190.98827,846.90295,-0.011830366,-11397.787038586783,50.0,N_709
2024-05-13 04:25:05,58.797604,16.361198,62.163685,190.9463,846.90295,-0.010053855,-11480.614757172578,50.0,N_709
2024-05-13 04:25:06,58.851048,16.35728,62.219635,190.89734,846.90295,-0.0106547605,-11558.630408837347,50.0,N_709
2024-05-13 04:25:07,58.90447,16.353352,62.268597,190.85538,846.90295,-0.011255667,-11647.857285892042,50.0,N_709
2024-05-13 04:25:08,58.957867,16.349403,62.324547,190.80641,846.90295,-0.011936809,-11743.608279592401,50.0,N_709
2024-05-13 04:25:09,59.011234,16.34544,62.3805,190.75746,846.90295,-0.013159421,-11855.631827032586,50.0,N_709
2024-05-13 04:25:10,59.064583,16.341465,62.443447,190.7155,846.90295,-0.013849864,-11963.786341134768,50.0,N_709
2024-05-13 04:25:11,59.1179,16.337471,62.4994,190.67352,846.90295,-0.014015728,-12073.132002918604,50.0,N_709
2024-05-13 04:25:12,59.1712,16.333466,62.555355,190.62457,846.90295,-0.014007059,-12180.929089439567,50.0,N_709
2024-05-13 04:25:13,59.22447,16.329445,62.611305,190.58261,846.90106,-0.013818345,-12278.999526966629,50.0,N_709
2024-05-13 04:25:14,59.277714,16.325405,62.660267,190.53365,846.90295,-0.013811546,-12385.544515695277,50.0,N_709
2024-05-13 04:25:15,59.330936,16.321354,62.716217,190.4847,846.9066,-0.014687988,-12497.773996817183,50.0,N_709
2024-05-13 04:25:16,59.384132,16.317284,62.77217,190.44272,846.9048,-0.015014693,-12613.687332761156,50.0,N_709
2024-05-13 04:25:17,59.4373,16.313202,62.828125,190.39377,846.88446,-0.015181603,-12731.003892242315,50.0,N_709
2024-05-13 04:25:18,59.490448,16.309105,62.88408,190.3448,846.8751,-0.015882157,-12864.575623980229,50.0,N_709
2024-05-13 04:25:19,59.543568,16.304993,62.947025,190.29585,846.9289,-0.017117502,-12984.184605840956,50.0,N_709
2024-05-13 04:25:20,59.596664,16.300861,62.995983,190.24689,847.03815,-0.017643591,-13114.121848283668,50.0,N_709
2024-05-13 04:25:21,59.649734,16.296719,63.051937,190.20493,847.1122,-0.016917922,-13242.647573922115,50.0,N_709
2024-05-13 04:25:22,59.70278,16.29256,63.107887,190.15596,847.1122,-0.016716622,-13370.099089835361,50.0,N_709
2024-05-13 04:25:23,59.755802,16.288387,63.16384,190.10701,847.0937,-0.016359106,-13495.123320827059,50.0,N_709
2024-05-13 04:25:24,59.808796,16.284199,63.219795,190.05804,847.0937,-0.016535006,-13621.289401104748,50.0,N_709
2024-05-13 04:25:25,59.861767,16.279995,63.27575,190.0091,847.09924,-0.016710907,-13736.593176103568,50.0,N_709
2024-05-13 04:25:26,59.914715,16.275776,63.324707,189.96013,847.09924,-0.01706626,-13862.569079721714,50.0,N_709
2024-05-13 04:25:27,59.967636,16.271542,63.38066,189.91817,847.09735,-0.017230863,-14005.592197458536,50.0,N_709
2024-05-13 04:25:28,60.02053,16.267292,63.443607,189.8692,847.09735,-0.01688041,-14135.568411352626,50.0,N_709
2024-05-13 04:25:29,60.073402,16.263027,63.499557,189.82025,847.09735,-0.016859801,-14263.743047692373,50.0,N_709
2024-05-13 04:25:30,60.126247,16.25875,63.55551,189.77129,847.09735,-0.0164914,-14389.413657035797,50.0,N_709
2024-05-13 04:25:31,60.17907,16.254456,63.611465,189.72234,847.09735,-0.016748603,-14504.715612106509,50.0,N_709
2024-05-13 04:25:32,60.231865,16.250145,63.660423,189.67337,847.09735,-0.017005809,-14632.12787813456,50.0,N_709
2024-05-13 04:25:33,60.284634,16.24582,63.716377,189.62442,847.09735,-0.017170861,-14762.250861529243,50.0,N_709
2024-05-13 04:25:34,60.33738,16.241482,63.77233,189.57545,847.0956,-0.016801845,-14889.864602226822,50.0,N_709
2024-05-13 04:25:35,60.390102,16.237125,63.82828,189.52649,847.09735,-0.016979398,-15020.86754825349,50.0,N_709
2024-05-13 04:25:36,60.4428,16.232754,63.884235,189.47054,847.10114,-0.016783074,-15148.596597200867,50.0,N_709
2024-05-13 04:25:37,60.49547,16.22837,63.94019,189.42159,847.09924,-0.016793402,-15278.239967738897,50.0,N_709
2024-05-13 04:25:38,60.548115,16.223969,63.99614,189.36563,847.07886,-0.01766862,-15411.821062345236,50.0,N_709
2024-05-13 04:25:39,60.600735,16.219555,64.05209,189.31667,847.0714,-0.017664304,-15545.026432410814,50.0,N_709
2024-05-13 04:25:40,60.65333,16.215122,64.10805,189.26772,847.1233,-0.01765032,-15678.10673210229,50.0,N_709
2024-05-13 04:25:41,60.705902,16.210678,64.164,189.21875,847.23254,-0.017279865,-15808.673911422487,50.0,N_709
2024-05-13 04:25:42,60.758446,16.206215,64.219955,189.1698,847.3067,-0.018345786,-15935.699319458643,50.0,N_709
2024-05-13 04:25:43,60.810966,16.20174,64.26891,189.11385,847.3067,-0.018337678,-16071.941764741096,50.0,N_709
2024-05-13 04:25:44,60.863464,16.19725,64.32487,189.06488,847.28815,-0.018504193,-16212.932932962613,50.0,N_709
2024-05-13 04:25:45,60.915936,16.192741,64.38082,189.00893,847.28815,-0.01886044,-16354.19842346153,50.0,N_709
2024-05-13 04:25:46,60.96838,16.188221,64.43677,188.95998,847.2937,-0.019024674,-16498.63183079035,50.0,N_709
2024-05-13 04:25:47,61.0208,16.183685,64.49272,188.90402,847.2937,-0.018475957,-16623.911569284668,50.0,N_709
2024-05-13 04:25:48,61.073196,16.179134,64.54168,188.85506,847.2919,-0.018461848,-16762.810591711634,50.0,N_709
2024-05-13 04:25:49,61.12557,16.174564,64.59763,188.7991,847.2919,-0.017923823,-16897.702863774964,50.0,N_709
2024-05-13 04:25:50,61.177914,16.169983,64.65359,188.75015,847.2919,-0.018461006,-17038.12989023803,50.0,N_709
2024-05-13 04:25:51,61.230236,16.165386,64.70954,188.6942,847.2919,-0.017192893,-17155.63309289061,50.0,N_709
2024-05-13 04:25:52,61.28253,16.160774,64.7585,188.64523,847.2919,-0.016816024,-17283.193732264983,50.0,N_709
2024-05-13 04:25:53,61.3348,16.156147,64.81445,188.58928,847.2919,-0.01770982,-17418.70164383078,50.0,N_709
2024-05-13 04:25:54,61.387047,16.151505,64.87041,188.53333,847.2919,-0.016812643,-17546.021127682856,50.0,N_709
2024-05-13 04:25:55,61.439266,16.146847,64.92636,188.48438,847.29,-0.017520232,-17679.835760125414,50.0,N_709
2024-05-13 04:25:56,61.491463,16.142174,64.98231,188.42842,847.2919,-0.016973117,-17808.156521413097,50.0,N_709
2024-05-13 04:25:57,61.543636,16.137486,65.03826,188.37946,847.2974,-0.017687093,-17943.028178398483,50.0,N_709
2024-05-13 04:25:58,61.59578,16.132786,65.094215,188.3235,847.29926,-0.018591098,-18084.2811002598,50.0,N_709
2024-05-13 04:25:59,61.6479,16.128067,65.15017,188.26755,847.2844,-0.018029884,-18221.684514305212,50.0,N_709
2024-05-13 04:26:00,61.699997,16.123333,65.20612,188.21161,847.2715,-0.017666379,-18356.587844145528,50.0,N_709
2024-05-13 04:26:01,61.75313,16.118801,65.26208,188.15565,847.3159,-0.017657354,-18491.386674036155,50.0,N_709
2024-05-13 04:26:02,61.80621,16.114246,65.31803,188.0997,847.4252,-0.017287418,-18623.639969213466,50.0,N_709
2024-05-13 04:26:03,61.859222,16.109669,65.373985,188.04375,847.5011,-0.017462883,-18742.280781106332,50.0,N_709
2024-05-13 04:26:04,61.912174,16.105072,65.42294,187.99478,847.5011,-0.017648565,-18874.974696340505,50.0,N_709
2024-05-13 04:26:05,61.965065,16.100449,65.4789,187.93883,847.4826,-0.018000802,-19014.25791278526,50.0,N_709
2024-05-13 04:26:06,62.0179,16.095802,65.53484,187.87589,847.4826,-0.01817373,-19152.631530648076,50.0,N_709
2024-05-13 04:26:07,62.070667,16.091137,65.5908,187.81993,847.48816,-0.018896136,-19282.05210126131,50.0,N_709
2024-05-13 04:26:08,62.123375,16.086449,65.639755,187.76398,847.48816,-0.019428201,-19426.89499346246,50.0,N_709
2024-05-13 04:26:09,62.17602,16.081738,65.69571,187.70802,847.4863,-0.019794669,-19575.77420510799,50.0,N_709
2024-05-13 04:26:10,62.228607,16.077003,65.75166,187.65207,847.4863,-0.01978476,-19724.538164069603,50.0,N_709
2024-05-13 04:26:11,62.28113,16.072247,65.80762,187.59612,847.4863,-0.019774852,-19873.186949685987,50.0,N_709
2024-05-13 04:26:12,62.3336,16.067467,65.86357,187.54016,847.4863,-0.0199356,-20008.621479044035,50.0,N_709
2024-05-13 04:26:13,62.386,16.062664,65.91253,187.4842,847.4863,-0.02064134,-20164.023758901763,50.0,N_709
2024-05-13 04:26:14,62.438343,16.057842,65.96848,187.42126,847.4863,-0.020460706,-20317.45775996311,50.0,N_709
2024-05-13 04:26:15,62.490623,16.052994,66.02444,187.36531,847.4863,-0.020266874,-20469.21723689085,50.0,N_709
2024-05-13 04:26:16,62.542843,16.048126,66.08038,187.30936,847.4863,-0.020442393,-20624.678751048246,50.0,N_709
2024-05-13 04:26:17,62.595,16.043236,66.13634,187.24641,847.4863,-0.02061791,-20779.021498286744,50.0,N_709
2024-05-13 04:26:18,62.6471,16.038322,66.19229,187.19046,847.4863,-0.021338463,-20937.860457780436,50.0,N_709
2024-05-13 04:26:19,62.699135,16.033386,66.248245,187.1345,847.48444,-0.021330172,-21099.22597613287,50.0,N_709
2024-05-13 04:26:20,62.75111,16.028427,66.3042,187.07156,847.48816,-0.021685362,-21260.597570853184,50.0,N_709
2024-05-13 04:26:21,62.803024,16.023445,66.36015,187.01561,847.4919,-0.021139901,-21420.53621875013,50.0,N_709
2024-05-13 04:26:22,62.854874,16.01844,66.41611,186.95267,847.4808,-0.0205887,-21562.47573192167,50.0,N_709
2024-05-13 04:26:23,62.906666,16.013416,66.465065,186.88971,847.46594,-0.020938871,-21702.05856705476,50.0,N_709
2024-05-13 04:26:24,62.958397,16.00837,66.51402,186.83376,847.5104,-0.021296477,-21861.300184214455,50.0,N_709
2024-05-13 04:26:25,63.010067,16.003296,66.56998,186.77081,847.6178,-0.021835523,-22026.06491015872,50.0,N_709
2024-05-13 04:26:26,63.061676,15.998203,66.62593,186.70787,847.69934,-0.020725498,-22180.675650150042,50.0,N_709
2024-05-13 04:26:27,63.113224,15.993088,66.68188,186.65192,847.70667,-0.019795284,-22331.072711135654,50.0,N_709
2024-05-13 04:26:28,63.164707,15.987949,66.73783,186.58897,847.6845,-0.01959933,-22480.38217263695,50.0,N_709
2024-05-13 04:26:29,63.216133,15.982788,66.793785,186.52602,847.6752,-0.019783061,-22630.88346221484,50.0,N_709
2024-05-13 04:26:30,63.267498,15.977604,66.84974,186.46307,847.6807,-0.019402701,-22776.439794179656,50.0,N_709
2024-05-13 04:26:31,63.3188,15.972401,66.90569,186.40712,847.6826,-0.019564994,-22925.03582612374,50.0,N_709
2024-05-13 04:26:32,63.37004,15.967171,66.96165,186.34418,847.6807,-0.019007131,-23056.659383814946,50.0,N_709
2024-05-13 04:26:33,63.421223,15.961922,67.010605,186.28122,847.6807,-0.018439064,-23183.162418678065,50.0,N_709
2024-05-13 04:26:34,63.472343,15.95665,67.05956,186.21828,847.6807,-0.0184283,-23309.547210121535,50.0,N_709
2024-05-13 04:26:35,63.5234,15.951351,67.10852,186.15533,847.6807,-0.018046428,-23446.302473584907,50.0,N_709
2024-05-13 04:26:36,63.574398,15.9460335,67.164474,186.09239,847.6807,-0.017668486,-23594.77100505418,50.0,N_709
2024-05-13 04:26:37,63.625336,15.940693,67.227425,186.02943,847.6807,-0.01839154,-23736.922682244858,50.0,N_709
2024-05-13 04:26:38,63.67621,15.935333,67.28337,185.96649,847.6807,-0.018935157,-23881.144501734816,50.0,N_709
2024-05-13 04:26:39,63.727024,15.929947,67.339325,185.90355,847.6807,-0.019476503,-24031.432085108332,50.0,N_709
2024-05-13 04:26:40,63.777775,15.924538,67.39528,185.8336,847.6807,-0.02000914,-24168.975647454827,50.0,N_709
2024-05-13 04:26:41,63.82847,15.919109,67.44424,185.77066,847.6826,-0.019197514,-24299.6432251375,50.0,N_709
2024-05-13 04:26:42,63.879097,15.913654,67.493195,185.7077,847.68634,-0.01838589,-24425.32659800381,50.0,N_709
2024-05-13 04:26:43,63.92967,15.90818,67.54216,185.64476,847.67706,-0.017574266,-24560.620246349277,50.0,N_709
2024-05-13 04:26:44,63.980175,15.902683,67.59811,185.57481,847.66595,-0.016987411,-24691.602185312964,50.0,N_709
2024-05-13 04:26:45,64.030624,15.897163,67.65406,185.51187,847.69934,-0.018257827,-24846.084636330324,50.0,N_709
2024-05-13 04:26:46,64.08101,15.891621,67.71701,185.44194,847.7845,-0.018611383,-24989.561217393173,50.0,N_709
2024-05-13 04:26:47,64.13133,15.886055,67.772964,185.37898,847.866,-0.01897736,-25120.105403370617,50.0,N_709
2024-05-13 04:26:48,64.181595,15.880466,67.82192,185.31604,847.89185,-0.020626612,-25261.803092215283,50.0,N_709
2024-05-13 04:26:49,64.231804,15.874859,67.87088,185.2461,847.87897,-0.02264229,-25432.008398017628,50.0,N_709
2024-05-13 04:26:50,64.281944,15.869225,67.926834,185.17616,847.8715,-0.023950677,-25609.88210547366,50.0,N_709
2024-05-13 04:26:51,64.33202,15.863571,67.98279,185.1132,847.87524,-0.023564756,-25787.56853709439,50.0,N_709
2024-05-13 04:26:52,64.38204,15.857895,68.03874,185.04327,847.8771,-0.024664981,-25955.84446241141,50.0,N_709
2024-05-13 04:26:53,64.432,15.852196,68.0877,184.97333,847.87524,-0.02318126,-26129.474976952595,50.0,N_709
2024-05-13 04:26:54,64.481895,15.846474,68.143654,184.90338,847.87524,-0.022054529,-26296.818612158746,50.0,N_709
2024-05-13 04:26:55,64.53174,15.840729,68.1996,184.83345,847.87524,-0.021666823,-26458.910540333825,50.0,N_709
2024-05-13 04:26:56,64.58151,15.834961,68.255554,184.7705,847.87524,-0.021934293,-26609.657142436947,50.0,N_709
2024-05-13 04:26:57,64.631226,15.82917,68.30451,184.70056,847.87524,-0.022201765,-26776.25386847498,50.0,N_709
2024-05-13 04:26:58,64.68088,15.82336,68.360466,184.63062,847.87524,-0.02202581,-26943.133699437134,50.0,N_709
2024-05-13 04:26:59,64.73047,15.817524,68.41642,184.56067,847.87524,-0.022389144,-27096.74942565465,50.0,N_709
2024-05-13 04:27:00,64.78,15.811668,68.46538,184.49074,847.87524,-0.022192832,-27247.523876669053,50.0,N_709
2024-05-13 04:27:01,64.82873,15.805958,68.514336,184.42079,847.8771,-0.023112807,-27420.098305055242,50.0,N_709
2024-05-13 04:27:02,64.877426,15.800217,68.57029,184.35085,847.87524,-0.023651073,-27581.25931424742,50.0,N_709
2024-05-13 04:27:03,64.92609,15.794453,68.61925,184.28091,847.87524,-0.023256226,-27757.52433785845,50.0,N_709
2024-05-13 04:27:04,64.97471,15.788654,68.6752,184.20398,847.8771,-0.023825187,-27936.620046093238,50.0,N_709
2024-05-13 04:27:05,65.0233,15.782833,68.731155,184.13403,847.8808,-0.023622952,-28113.9530686019,50.0,N_709
2024-05-13 04:27:06,65.071846,15.776981,68.78711,184.06409,847.8697,-0.024348242,-28296.169985352633,50.0,N_709
2024-05-13 04:27:07,65.12036,15.771099,68.84306,183.99416,847.8493,-0.024331385,-28464.35142266415,50.0,N_709
2024-05-13 04:27:08,65.168846,15.765194,68.89202,183.91722,847.866,-0.023736766,-28640.978816330582,50.0,N_709
2024-05-13 04:27:09,65.217285,15.759258,68.947975,183.84727,847.9549,-0.023530867,-28820.184680450555,50.0,N_709
2024-05-13 04:27:10,65.26569,15.753292,69.00393,183.77034,848.05853,-0.023335565,-28998.236609180192,50.0,N_709
2024-05-13 04:27:11,65.314064,15.747299,69.05988,183.6934,848.0901,-0.022385916,-29166.928995971393,50.0,N_709
2024-05-13 04:27:12,65.3624,15.74128,69.11583,183.62346,848.07336,-0.02180887,-29318.82956859374,50.0,N_709
2024-05-13 04:27:13,65.4107,15.7352295,69.164795,183.54652,848.066,-0.020113789,-29456.146346227142,50.0,N_709
2024-05-13 04:27:14,65.45896,15.729153,69.21375,183.4766,848.0697,-0.019542225,-29592.144741713557,50.0,N_709
2024-05-13 04:27:15,65.50719,15.723049,69.26271,183.39966,848.07153,-0.018970659,-29737.926607328616,50.0,N_709
2024-05-13 04:27:16,65.555374,15.716915,69.318665,183.32272,848.07153,-0.019140484,-29884.128897113533,50.0,N_709
2024-05-13 04:27:17,65.60353,15.710754,69.37461,183.25278,848.0697,-0.01986942,-30023.487407446533,50.0,N_709
2024-05-13 04:27:18,65.65165,15.704563,69.42358,183.17584,848.0697,-0.019762952,-30174.534843648013,50.0,N_709
2024-05-13 04:27:19,65.69973,15.698345,69.47952,183.0989,848.07153,-0.019656481,-30328.742093103992,50.0,N_709
2024-05-13 04:27:20,65.74778,15.692101,69.53548,183.01497,848.07153,-0.019267188,-30475.85916350068,50.0,N_709
2024-05-13 04:27:21,65.795784,15.685825,69.59143,182.94504,848.0697,-0.018873615,-30608.66849318495,50.0,N_709
2024-05-13 04:27:22,65.84376,15.679523,69.64039,182.8681,848.0697,-0.019039666,-30743.76306437958,50.0,N_709
2024-05-13 04:27:23,65.8917,15.673191,69.68935,182.78416,848.07153,-0.018091407,-30883.192320960217,50.0,N_709
2024-05-13 04:27:24,65.9396,15.666836,69.7453,182.70723,848.07153,-0.018089669,-31023.77910608332,50.0,N_709
2024-05-13 04:27:25,65.987465,15.660446,69.801254,182.6303,848.0697,-0.017322468,-31149.235176693444,50.0,N_709
2024-05-13 04:27:26,66.03529,15.654034,69.85021,182.54637,848.0678,-0.017121535,-31281.759826938192,50.0,N_709
2024-05-13 04:27:27,66.083084,15.647591,69.906166,182.46944,848.0697,-0.016720442,-31401.036392555066,50.0,N_709
2024-05-13 04:27:28,66.130844,15.641117,69.955124,182.3925,848.07526,-0.017828293,-31540.125226505617,50.0,N_709
2024-05-13 04:27:29,66.178566,15.634617,70.01108,182.30856,848.07336,-0.017806893,-31666.29369034731,50.0,N_709
2024-05-13 04:27:30,66.22625,15.62809,70.060036,182.23163,848.053,-0.018159097,-31792.75317386415,50.0,N_709
2024-05-13 04:27:31,66.273895,15.621536,70.10899,182.1547,848.0604,-0.018508716,-31936.385272605497,50.0,N_709
2024-05-13 04:27:32,66.32151,15.614952,70.16495,182.07077,848.1475,-0.018682906,-32082.974399380855,50.0,N_709
2024-05-13 04:27:33,66.36909,15.608337,70.2209,181.98685,848.25305,-0.019993855,-32224.945414299822,50.0,N_709
2024-05-13 04:27:34,66.416626,15.6017,70.26986,181.90291,848.2864,-0.020727292,-32369.930212977295,50.0,N_709
2024-05-13 04:27:35,66.464134,15.595032,70.31882,181.81898,848.2697,-0.021472786,-32531.821668628683,50.0,N_709
2024-05-13 04:27:36,66.5116,15.588333,70.37477,181.74205,848.2586,-0.02108227,-32680.088875305424,50.0,N_709
2024-05-13 04:27:37,66.55903,15.581608,70.42373,181.65811,848.26044,-0.020690853,-32838.795651938075,50.0,N_709
2024-05-13 04:27:38,66.60643,15.574856,70.47968,181.57419,848.266,-0.021431597,-33004.10132969833,50.0,N_709
2024-05-13 04:27:39,66.653786,15.568073,70.53564,181.49026,848.266,-0.020663131,-33163.95408515181,50.0,N_709
2024-05-13 04:27:40,66.70111,15.561264,70.59159,181.40633,848.2641,-0.020085419,-33305.8442800618,50.0,N_709
2024-05-13 04:27:41,66.7484,15.554428,70.64055,181.3224,848.2641,-0.018936984,-33438.92367412284,50.0,N_709
2024-05-13 04:27:42,66.79565,15.547562,70.68951,181.23846,848.266,-0.018543907,-33584.429997772524,50.0,N_709
2024-05-13 04:27:43,66.842865,15.5406685,70.74546,181.14755,848.266,-0.018718317,-33730.68381530139,50.0,N_709
2024-05-13 04:27:44,66.890045,15.533749,70.801414,181.06361,848.266,-0.018703615,-33878.64846403251,50.0,N_709
2024-05-13 04:27:45,66.93719,15.526798,70.85737,180.97269,848.266,-0.017552918,-34004.49380978735,50.0,N_709
2024-05-13 04:27:46,66.98429,15.519817,70.90633,180.88876,848.266,-0.017734742,-34129.6017386635,50.0,N_709
2024-05-13 04:27:47,67.031364,15.512814,70.955284,180.80484,848.266,-0.0169561,-34251.934935304664,50.0,N_709
2024-05-13 04:27:48,67.0784,15.505779,71.00424,180.71391,848.266,-0.016366579,-34370.71478915487,50.0,N_709
2024-05-13 04:27:49,67.1254,15.498714,71.0532,180.62299,848.266,-0.015591951,-34493.28658347845,50.0,N_709
2024-05-13 04:27:50,67.17236,15.491623,71.10915,180.53906,848.266,-0.015389013,-34617.34308343121,50.0,N_709
2024-05-13 04:27:51,67.219284,15.484505,71.16511,180.44814,848.2641,-0.015380534,-34731.07935784667,50.0,N_709
2024-05-13 04:27:52,67.266174,15.47736,71.214066,180.35721,848.2641,-0.01536932,-34843.16436984994,50.0,N_709
2024-05-13 04:27:53,67.313034,15.470184,71.26302,180.2663,848.2697,-0.016115474,-34970.90857946748,50.0,N_709
2024-05-13 04:27:54,67.35985,15.462978,71.31898,180.17537,848.2679,-0.015712254,-35097.2281137639,50.0,N_709
2024-05-13 04:27:55,67.40663,15.455746,71.37493,180.08444,848.2475,-0.01759173,-35224.67734037501,50.0,N_709
2024-05-13 04:27:56,67.45338,15.448486,71.42389,179.99352,848.2382,-0.017200919,-35359.81583754253,50.0,N_709
2024-05-13 04:27:57,67.500084,15.4412,71.47984,179.90259,848.29193,-0.015276969,-35472.3949991629,50.0,N_709
2024-05-13 04:27:58,67.54676,15.433884,71.5288,179.81168,848.39935,-0.015827073,-35588.93520818888,50.0,N_709
2024-05-13 04:27:59,67.5934,15.42654,71.57776,179.71376,848.47345,-0.01848317,-35720.4756511749,50.0,N_709
2024-05-13 04:28:00,67.64,15.419167,71.62672,179.62283,848.47345,-0.018275725,-35852.65533265865,50.0,N_709
2024-05-13 04:28:01,67.689186,15.412079,71.675674,179.52492,848.4567,-0.019587224,-36004.42221136433,50.0,N_709
2024-05-13 04:28:02,67.73825,15.404949,71.73163,179.43399,848.4567,-0.0231871,-36185.1544326088,50.0,N_709
2024-05-13 04:28:03,67.787186,15.397785,71.78758,179.33607,848.46045,-0.023749407,-36351.06019135152,50.0,N_709
2024-05-13 04:28:04,67.836,15.390579,71.83654,179.24515,848.46045,-0.02450149,-36522.89818973155,50.0,N_709
2024-05-13 04:28:05,67.88469,15.383335,71.8855,179.14723,848.46045,-0.02448806,-36694.82996089219,50.0,N_709
2024-05-13 04:28:06,67.93325,15.376053,71.93446,179.04932,848.4586,-0.025421236,-36889.76429181212,50.0,N_709
2024-05-13 04:28:07,67.98169,15.368732,71.99041,178.9514,848.46045,-0.025405703,-37068.79204313881,50.0,N_709
2024-05-13 04:28:08,68.03,15.36137,72.039375,178.85349,848.46045,-0.025404517,-37243.07264839756,50.0,N_709
2024-05-13 04:28:09,68.078186,15.353973,72.08833,178.76256,848.46045,-0.025403328,-37420.04348122341,50.0,N_709
2024-05-13 04:28:10,68.12625,15.346535,72.13729,178.66464,848.46045,-0.026149781,-37605.31449635347,50.0,N_709
2024-05-13 04:28:11,68.17419,15.339058,72.18625,178.55972,848.46045,-0.025954269,-37803.71650993809,50.0,N_709
2024-05-13 04:28:12,68.222,15.331543,72.2422,178.4618,848.46045,-0.026318505,-38008.75815579658,50.0,N_709
2024-05-13 04:28:13,68.269684,15.32399,72.29816,178.3569,848.46045,-0.026208486,-38192.36671773064,50.0,N_709
2024-05-13 04:28:14,68.317245,15.316399,72.347115,178.25897,848.46045,-0.02609847,-38376.658318454305,50.0,N_709
2024-05-13 04:28:15,68.364685,15.308765,72.39607,178.15407,848.46045,-0.02817754,-38590.24542451883,50.0,N_709
2024-05-13 04:28:16,68.411995,15.301098,72.45203,178.05615,848.46045,-0.02721582,-38782.95231936891,50.0,N_709
2024-05-13 04:28:17,68.45918,15.293388,72.500984,177.95123,848.46045,-0.026061654,-38981.33345437837,50.0,N_709
2024-05-13 04:28:18,68.50625,15.285641,72.55694,177.85332,848.4586,-0.026051085,-39166.13774205232,50.0,N_709
2024-05-13 04:28:19,68.553185,15.277855,72.605896,177.74841,848.4586,-0.024895726,-39342.137565199664,50.0,N_709
2024-05-13 04:28:20,68.6,15.270031,72.654854,177.6435,848.46234,-0.024878478,-39517.8776690545,50.0,N_709
2024-05-13 04:28:21,68.64668,15.262169,72.70381,177.53859,848.466,-0.024868028,-39693.41470316435,50.0,N_709
2024-05-13 04:28:22,68.693245,15.254265,72.75277,177.43367,848.45306,-0.024671683,-39867.533460365885,50.0,N_709
2024-05-13 04:28:23,68.739685,15.246323,72.80173,177.32877,848.44006,-0.024466874,-40040.21100917894,50.0,N_709
2024-05-13 04:28:24,68.785995,15.238342,72.85069,177.22385,848.48456,-0.024734225,-40231.06150043051,50.0,N_709
2024-05-13 04:28:25,68.832184,15.230324,72.90664,177.11894,848.5919,-0.025001574,-40427.96635562131,50.0,N_709
2024-05-13 04:28:26,68.87824,15.222267,72.96259,177.00703,848.6716,-0.026035827,-40612.01895960892,50.0,N_709
2024-05-13 04:28:27,68.92419,15.214172,73.01155,176.90211,848.68085,-0.02707008,-40804.229261218235,50.0,N_709
2024-05-13 04:28:28,68.96999,15.206039,73.06052,176.7902,848.6586,-0.027435258,-40998.92963612337,50.0,N_709
2024-05-13 04:28:29,69.015686,15.197865,73.109474,176.67831,848.64935,-0.0257079,-41178.99003566529,50.0,N_709
2024-05-13 04:28:30,69.06125,15.1896515,73.15843,176.5734,848.6531,-0.027416138,-41372.945622458166,50.0,N_709
2024-05-13 04:28:31,69.10668,15.1814,73.20739,176.46149,848.65674,-0.028164824,-41571.91924469782,50.0,N_709
2024-05-13 04:28:32,69.15199,15.173111,73.25635,176.34958,848.6549,-0.028343735,-41771.88201230186,50.0,N_709
2024-05-13 04:28:33,69.19718,15.1647835,73.305305,176.23769,848.6549,-0.028142827,-41970.36440554688,50.0,N_709
2024-05-13 04:28:34,69.24225,15.156418,73.35426,176.12578,848.6549,-0.02794192,-42167.36244736625,50.0,N_709
2024-05-13 04:28:35,69.287186,15.14801,73.40322,176.01387,848.6549,-0.027741011,-42381.36291839289,50.0,N_709
2024-05-13 04:28:36,69.33199,15.1395645,73.459175,175.90196,848.6549,-0.027919997,-42579.27153165324,50.0,N_709
2024-05-13 04:28:37,69.376686,15.131084,73.50813,175.79005,848.6549,-0.02886107,-42785.28513265691,50.0,N_709
2024-05-13 04:28:38,69.42124,15.122562,73.5571,175.67116,848.6549,-0.029229552,-42990.23777003732,50.0,N_709
2024-05-13 04:28:39,69.46568,15.114002,73.60606,175.55925,848.6549,-0.028070163,-43209.05573873569,50.0,N_709
2024-05-13 04:28:40,69.509995,15.1054,73.66201,175.44035,848.6549,-0.027099831,-43404.48584352218,50.0,N_709
2024-05-13 04:28:41,69.554184,15.096764,73.71097,175.32146,848.6549,-0.027086983,-43598.242818448365,50.0,N_709
2024-05-13 04:28:42,69.59824,15.088085,73.759926,175.20255,848.6549,-0.02783827,-43796.772260200356,50.0,N_709
2024-05-13 04:28:43,69.64218,15.079369,73.80888,175.08365,848.6549,-0.028875805,-44001.95985007823,50.0,N_709
2024-05-13 04:28:44,69.686,15.070618,73.85784,174.96475,848.6549,-0.029913343,-44213.79378105221,50.0,N_709
2024-05-13 04:28:45,69.72968,15.061821,73.9068,174.84586,848.6549,-0.027793173,-44411.47315306518,50.0,N_709
2024-05-13 04:28:46,69.77325,15.05299,73.95576,174.72694,848.6549,-0.02605139,-44597.49950071266,50.0,N_709
2024-05-13 04:28:47,69.81668,15.044121,74.004715,174.60805,848.6549,-0.025365835,-44781.94885475423,50.0,N_709
2024-05-13 04:28:48,69.85999,15.03521,74.05368,174.48216,848.6531,-0.02468028,-44958.910664622694,50.0,N_709
2024-05-13 04:28:49,69.90318,15.026264,74.10264,174.36325,848.6531,-0.024281861,-45132.80059744489,50.0,N_709
2024-05-13 04:28:50,69.94624,15.017277,74.151596,174.24435,848.6586,-0.026571278,-45324.720211090535,50.0,N_709
2024-05-13 04:28:51,69.98918,15.008251,74.200554,174.11847,848.65674,-0.026556617,-45516.63822591403,50.0,N_709
2024-05-13 04:28:52,70.032,14.999187,74.24951,173.99257,848.63824,-0.027310643,-45713.38661108546,50.0,N_709
2024-05-13 04:28:53,70.074684,14.990082,74.29847,173.86667,848.6457,-0.028061157,-45914.92425976557,50.0,N_709
2024-05-13 04:28:54,70.11725,14.980942,74.34743,173.74078,848.729,-0.028240902,-46117.46040671453,50.0,N_709
2024-05-13 04:28:55,70.15968,14.97176,74.396385,173.61488,848.8364,-0.028228024,-46323.15230319674,50.0,N_709
2024-05-13 04:28:56,70.201996,14.9625435,74.44535,173.482,848.8772,-0.027451921,-46520.32111348055,50.0,N_709
2024-05-13 04:28:57,70.24418,14.953285,74.49431,173.35611,848.8642,-0.028971575,-46727.08826479561,50.0,N_709
2024-05-13 04:28:58,70.28625,14.943989,74.54327,173.23021,848.8457,-0.03220534,-46934.85165385864,50.0,N_709
2024-05-13 04:28:59,70.328186,14.93465,74.58523,173.10431,848.8457,-0.0200319,-47070.75468926042,50.0,N_709
2024-05-13 04:29:00,70.369995,14.925278,74.6272,172.97144,848.84937,-0.022941064,-47238.714956482116,50.0,N_709
2024-05-13 04:29:01,70.41283,14.915894,74.676155,172.83855,848.84937,-0.015613486,-47368.71585252297,50.0,N_709
2024-05-13 04:29:02,70.4555,14.906471,74.73211,172.70566,848.84937,-0.011534396,-47462.412780513616,50.0,N_709
2024-05-13 04:29:03,70.49801,14.897007,74.78107,172.57277,848.84937,-0.01788909,-47597.27393168762,50.0,N_709
2024-05-13 04:29:04,70.54035,14.887505,74.830025,172.43988,848.84937,-6.834905e-05,-47612.57717793188,50.0,N_709
2024-05-13 04:29:05,70.58253,14.877964,74.87898,172.29999,848.84937,-0.02249188,-47778.237019917906,50.0,N_709
2024-05-13 04:29:06,70.62455,14.8683815,74.92794,172.1671,848.84937,-0.013579292,-47883.83671284287,50.0,N_709
2024-05-13 04:29:07,70.6664,14.858761,74.9769,172.03421,848.84937,-0.02838314,-48091.5627655369,50.0,N_709
2024-05-13 04:29:08,70.708084,14.849098,75.025856,171.89433,848.84937,-0.023783091,-48253.588299040086,50.0,N_709
2024-05-13 04:29:09,70.74961,14.839397,75.067825,171.75446,848.84937,-0.00790441,-48315.03246906696,50.0,N_709
2024-05-13 04:29:10,70.79097,14.8296585,75.10979,171.62157,848.84937,-0.0069236774,-48375.32954834605,50.0,N_709
2024-05-13 04:29:11,70.83217,14.819878,75.158745,171.48169,848.84937,-0.0067049055,-48435.694127797426,50.0,N_709
2024-05-13 04:29:12,70.8732,14.810055,75.2077,171.3418,848.84937,-0.0061941883,-48497.20140026856,50.0,N_709
2024-05-13 04:29:13,70.91406,14.800198,75.26366,171.19492,848.84937,-0.0056834714,-48552.122666497824,50.0,N_709
2024-05-13 04:29:14,70.95477,14.790295,75.312614,171.05504,848.84937,-0.0050802305,-48598.17363195799,50.0,N_709
2024-05-13 04:29:15,70.99531,14.780357,75.35458,170.91516,848.84937,-0.0044769896,-48639.72244856942,50.0,N_709
2024-05-13 04:29:16,71.03569,14.770378,75.396545,170.76828,848.84937,-0.0038737485,-48679.6208314337,50.0,N_709
2024-05-13 04:29:17,71.0759,14.760357,75.4455,170.6284,848.84937,0.00021368255,-48692.99532158868,50.0,N_709
2024-05-13 04:29:18,71.11595,14.750301,75.49446,170.48152,848.84937,0.001403517,-48698.496080882425,50.0,N_709
2024-05-13 04:29:19,71.15583,14.7402,75.54343,170.33464,848.84937,0.011896172,-48639.59412956304,50.0,N_709
2024-05-13 04:29:20,71.19556,14.730064,75.58539,170.18777,848.8475,0.008783639,-48597.640741880656,50.0,N_709
2024-05-13 04:29:21,71.23511,14.719883,75.62735,170.0339,848.85126,0.01575959,-48494.187893207636,50.0,N_709
2024-05-13 04:29:22,71.274506,14.709667,75.683304,169.88702,848.8531,-0.0020236555,-48523.02673746129,50.0,N_709
2024-05-13 04:29:23,71.313736,14.6994095,75.72527,169.74014,848.8438,0.0040228413,-48508.89652002683,50.0,N_709
2024-05-13 04:29:24,71.3528,14.689114,75.77423,169.58627,848.83453,0.002297455,-48509.936312224374,50.0,N_709
2024-05-13 04:29:25,71.3917,14.678776,75.81619,169.4394,848.86786,0.006981356,-48475.42736221009,50.0,N_709
2024-05-13 04:29:26,71.430435,14.6684,75.86515,169.28554,848.9531,0.008555469,-48431.68763209136,50.0,N_709
2024-05-13 04:29:27,71.46901,14.657982,75.91411,169.13165,849.03455,0.009550116,-48381.15722580185,50.0,N_709
2024-05-13 04:29:28,71.50742,14.647526,75.963066,168.97778,849.0587,0.007221815,-48351.02584438876,50.0,N_709
2024-05-13 04:29:29,71.54567,14.637032,76.005035,168.82391,849.0457,0.009007226,-48307.33614625152,50.0,N_709
2024-05-13 04:29:30,71.58375,14.626495,76.047,168.66306,849.0401,0.0090264445,-48263.849735263284,50.0,N_709
2024-05-13 04:29:31,71.621666,14.615917,76.08897,168.50218,849.0438,0.010412574,-48205.41814610099,50.0,N_709
2024-05-13 04:29:32,71.659424,14.605305,76.137924,168.34132,849.0457,0.009075378,-48158.66167055185,50.0,N_709
2024-05-13 04:29:33,71.697014,14.59465,76.18688,168.18745,849.0438,0.008320377,-48115.892950921385,50.0,N_709
2024-05-13 04:29:34,71.734436,14.583954,76.23584,168.0266,849.0438,0.008733656,-48075.793445557494,50.0,N_709
2024-05-13 04:29:35,71.7717,14.573219,76.2778,167.86572,849.0438,0.008949484,-48033.109319354975,50.0,N_709
2024-05-13 04:29:36,71.8088,14.562447,76.31977,167.70486,849.0438,0.008968899,-47983.969611341825,50.0,N_709
2024-05-13 04:29:37,71.84573,14.551632,76.36873,167.537,849.0438,0.010159892,-47935.30817819404,50.0,N_709
2024-05-13 04:29:38,71.88251,14.540779,76.41069,167.37614,849.0438,0.01193052,-47872.527222531666,50.0,N_709
2024-05-13 04:29:39,71.91911,14.529884,76.45266,167.20828,849.0438,0.011177625,-47808.35588073467,50.0,N_709
2024-05-13 04:29:40,71.95556,14.518951,76.50162,167.04042,849.0438,0.011590722,-47742.62396606461,50.0,N_709
2024-05-13 04:29:41,71.99184,14.50798,76.550575,166.87256,849.0438,0.011809517,-47675.44560127094,50.0,N_709
2024-05-13 04:29:42,72.027954,14.496967,76.59953,166.7047,849.0438,0.011639232,-47616.433196360216,50.0,N_709
2024-05-13 04:29:43,72.0639,14.485916,76.6415,166.53685,849.0438,0.013020715,-47547.45707952853,50.0,N_709
2024-05-13 04:29:44,72.09969,14.474823,76.683464,166.36899,849.0438,0.013822963,-47471.767459106166,50.0,N_709
2024-05-13 04:29:45,72.135315,14.463692,76.725426,166.19414,849.0438,0.012579994,-47397.15964376513,50.0,N_709
2024-05-13 04:29:46,72.17078,14.452518,76.77438,166.01927,849.0438,0.011337024,-47339.28449194721,50.0,N_709
2024-05-13 04:29:47,72.20607,14.441307,76.81635,165.84442,849.0438,0.012909967,-47270.11286771669,50.0,N_709
2024-05-13 04:29:48,72.2412,14.430058,76.858315,165.66957,849.0438,0.007480295,-47236.05526164498,50.0,N_709
2024-05-13 04:29:49,72.27617,14.418766,76.90028,165.49472,849.0438,0.008541341,-47189.2329375324,50.0,N_709
2024-05-13 04:29:50,72.310974,14.407436,76.94924,165.31287,849.0438,0.0096023865,-47143.12517303764,50.0,N_709
2024-05-13 04:29:51,72.34561,14.396065,76.9912,165.13802,849.0438,0.010663433,-47087.48449534268,50.0,N_709
2024-05-13 04:29:52,72.38009,14.384655,77.03317,164.95618,849.0438,0.015745144,-46989.87699852984,50.0,N_709
2024-05-13 04:29:53,72.414406,14.373207,77.08213,164.77432,849.0438,0.013241413,-46919.09008229701,50.0,N_709
2024-05-13 04:29:54,72.448555,14.361717,77.12409,164.59248,849.0438,0.011116718,-46861.034837349405,50.0,N_709
2024-05-13 04:29:55,72.48254,14.350189,77.16605,164.41063,849.0438,0.012111487,-46801.506126196284,50.0,N_709
2024-05-13 04:29:56,72.51636,14.338619,77.20103,164.22179,849.0438,0.01193833,-46737.35515491761,50.0,N_709
2024-05-13 04:29:57,72.55001,14.327011,77.243,164.03995,849.0438,0.018580548,-46626.66377037562,50.0,N_709
2024-05-13 04:29:58,72.5835,14.315361,77.28496,163.84412,849.0438,0.0137424255,-46542.93652675287,50.0,N_709
2024-05-13 04:29:59,72.61684,14.303673,77.333916,163.65527,849.0438,0.015906867,-46453.921794366455,50.0,N_709
2024-05-13 04:30:00,72.65,14.291946,77.37588,163.46643,849.042,0.018071307,-46349.643861291785,50.0,N_709
2024-05-13 04:30:01,72.68415,14.28001,77.41785,163.27759,849.0457,0.014207036,-46262.661480546085,50.0,N_709
2024-05-13 04:30:02,72.718094,14.26804,77.466805,163.08875,849.04755,0.014818028,-46179.43530950591,50.0,N_709
2024-05-13 04:30:03,72.75184,14.256035,77.508766,162.89291,849.0383,0.018336978,-46081.640752032865,50.0,N_709
2024-05-13 04:30:04,72.78538,14.2439995,77.54374,162.69708,849.029,0.018361425,-45973.06968885491,50.0,N_709
2024-05-13 04:30:05,72.81872,14.231926,77.5857,162.50124,849.0624,0.01605049,-45881.149281424296,50.0,N_709
2024-05-13 04:30:06,72.85185,14.219818,77.62767,162.3054,849.1476,0.012959268,-45808.30856116558,50.0,N_709
2024-05-13 04:30:07,72.88478,14.20768,77.66963,162.10257,849.22906,0.013763026,-45732.076386026965,50.0,N_709
2024-05-13 04:30:08,72.91751,14.195507,77.7116,161.90674,849.2531,0.013787125,-45661.06621281462,50.0,N_709
2024-05-13 04:30:09,72.950035,14.183296,77.74657,161.70392,849.2401,0.020617379,-45524.65689706666,50.0,N_709
2024-05-13 04:30:10,72.98236,14.171055,77.795525,161.50108,849.2346,0.024316203,-45377.65311835757,50.0,N_709
2024-05-13 04:30:11,73.01448,14.158779,77.837494,161.29825,849.23834,0.019699864,-45260.639141065236,50.0,N_709
2024-05-13 04:30:12,73.0464,14.146469,77.879456,161.09543,849.2401,0.021479758,-45140.41496600173,50.0,N_709
2024-05-13 04:30:13,73.07812,14.134125,77.91443,160.8856,849.23834,0.019950267,-45021.23991165034,50.0,N_709
2024-05-13 04:30:14,73.10963,14.121746,77.95639,160.68277,849.23834,0.019587858,-44913.30011749601,50.0,N_709
2024-05-13 04:30:15,73.14094,14.109333,77.99136,160.47295,849.23834,0.016493566,-44815.53592410696,50.0,N_709
2024-05-13 04:30:16,73.17204,14.096886,78.033325,160.26312,849.23834,0.018658571,-44693.92753935179,50.0,N_709
2024-05-13 04:30:17,73.20295,14.084408,78.08228,160.0533,849.23834,0.01692943,-44593.80790562346,50.0,N_709
2024-05-13 04:30:18,73.23365,14.071892,78.12425,159.83649,849.23834,0.016173407,-44508.47722219879,50.0,N_709
2024-05-13 04:30:19,73.264145,14.059341,78.15922,159.62666,849.23834,0.016782308,-44407.50035432026,50.0,N_709
2024-05-13 04:30:20,73.29444,14.046761,78.20119,159.40984,849.23834,0.016216135,-44318.16163232061,50.0,N_709
2024-05-13 04:30:21,73.32454,14.034145,78.23616,159.18604,849.23834,0.01683237,-44217.72690613075,50.0,N_709
2024-05-13 04:30:22,73.35442,14.021492,78.27812,158.96921,849.23834,0.016265752,-44128.423646965035,50.0,N_709
2024-05-13 04:30:23,73.38412,14.008808,78.313095,158.7454,849.23834,0.016875692,-44028.02396149373,50.0,N_709
2024-05-13 04:30:24,73.4136,13.99609,78.35506,158.52858,849.23834,0.018074676,-43927.543097633104,50.0,N_709
2024-05-13 04:30:25,73.44288,13.983337,78.39003,158.30478,849.23834,0.022571765,-43786.42702974168,50.0,N_709
2024-05-13 04:30:26,73.47196,13.970551,78.43199,158.08096,849.23834,0.023381712,-43652.91599897009,50.0,N_709
2024-05-13 04:30:27,73.50084,13.957729,78.466965,157.85715,849.23834,0.022430234,-43510.68356649617,50.0,N_709
2024-05-13 04:30:28,73.52951,13.944874,78.50893,157.62634,849.23834,0.021870814,-43387.52746302005,50.0,N_709
2024-05-13 04:30:29,73.55798,13.931988,78.5439,157.40253,849.23834,0.021311397,-43251.10325733937,50.0,N_709
2024-05-13 04:30:30,73.58625,13.919064,78.58586,157.16473,849.23834,0.020748962,-43133.245193814924,50.0,N_709
2024-05-13 04:30:31,73.61431,13.906105,78.620834,156.93393,849.23834,0.021356244,-42999.69492393304,50.0,N_709
2024-05-13 04:30:32,73.64217,13.893116,78.662796,156.70312,849.23834,0.02157868,-42874.10736385411,50.0,N_709
2024-05-13 04:30:33,73.66984,13.880093,78.69777,156.46532,849.23834,0.021407623,-42738.52633953441,50.0,N_709
2024-05-13 04:30:34,73.697296,13.867031,78.73973,156.22752,849.23834,0.021826698,-42612.123083495695,50.0,N_709
2024-05-13 04:30:35,73.72455,13.853939,78.774704,155.98972,849.23834,0.022822615,-42478.518294352485,50.0,N_709
2024-05-13 04:30:36,73.751595,13.840813,78.80968,155.75192,849.23834,0.022269022,-42348.752130530105,50.0,N_709
2024-05-13 04:30:37,73.77845,13.827652,78.84464,155.51411,849.23834,0.02209935,-42206.801266708295,50.0,N_709
2024-05-13 04:30:38,73.80509,13.814457,78.88661,155.26933,849.23834,0.022129204,-42077.079814048935,50.0,N_709
2024-05-13 04:30:39,73.831535,13.801228,78.92158,155.02454,849.23834,0.020984642,-41956.61239427285,50.0,N_709
2024-05-13 04:30:40,73.85777,13.787964,78.95655,154.78673,849.23834,0.021201825,-41829.64599913736,50.0,N_709
2024-05-13 04:30:41,73.88381,13.774666,78.99152,154.53494,849.23834,0.021809578,-41702.06011265842,50.0,N_709
2024-05-13 04:30:42,73.909645,13.761337,79.02649,154.29015,849.23834,0.0222224,-41558.275517252594,50.0,N_709
2024-05-13 04:30:43,73.93528,13.747971,79.06846,154.03836,849.23834,0.02224596,-41426.72836415989,50.0,N_709
2024-05-13 04:30:44,73.96071,13.73457,79.103424,153.78658,849.23834,0.021685217,-41295.58455507132,50.0,N_709
2024-05-13 04:30:45,73.98593,13.721138,79.1384,153.52779,849.23834,0.021904755,-41175.539819189435,50.0,N_709
2024-05-13 04:30:46,74.010956,13.707672,79.166374,153.276,849.23834,0.020756163,-41050.15896613433,50.0,N_709
2024-05-13 04:30:47,74.03578,13.694168,79.20135,153.01723,849.23834,0.021170525,-40923.47688612972,50.0,N_709
2024-05-13 04:30:48,74.060394,13.680634,79.23631,152.75844,849.23834,0.021582711,-40803.47201890039,50.0,N_709
2024-05-13 04:30:49,74.084816,13.667065,79.26429,152.49966,849.23834,0.021994898,-40660.162027564606,50.0,N_709
2024-05-13 04:30:50,74.109024,13.653461,79.30626,152.24088,849.23645,0.022407085,-40524.34162226584,50.0,N_709
2024-05-13 04:30:51,74.13303,13.639824,79.341225,151.9751,849.23834,0.022434322,-40387.967750957905,50.0,N_709
2024-05-13 04:30:52,74.15684,13.626152,79.3762,151.70932,849.2439,0.022255275,-40253.082695186255,50.0,N_709
2024-05-13 04:30:53,74.18044,13.612446,79.41117,151.44354,849.2401,0.021698646,-40131.35711934677,50.0,N_709
2024-05-13 04:30:54,74.20385,13.598709,79.43915,151.17776,849.2198,0.020552557,-40005.101200088066,50.0,N_709
2024-05-13 04:30:55,74.22704,13.584934,79.47411,150.905,849.2124,0.019404905,-39896.10806164018,50.0,N_709
2024-05-13 04:30:56,74.25004,13.571125,79.50209,150.63223,849.2642,0.018443746,-39787.02706847486,50.0,N_709
2024-05-13 04:30:57,74.272835,13.557285,79.53706,150.36646,849.3735,0.017482588,-39681.12997372668,50.0,N_709
2024-05-13 04:30:58,74.295425,13.543411,79.57203,150.08669,849.4476,0.017603192,-39584.55505011901,50.0,N_709
2024-05-13 04:30:59,74.31781,13.529499,79.600006,149.81392,849.4476,0.017723795,-39476.81816458712,50.0,N_709
2024-05-13 04:31:00,74.34,13.515556,79.63498,149.53415,849.4291,0.018725777,-39363.57846230426,50.0,N_709
2024-05-13 04:31:01,74.36329,13.50095,79.66995,149.2544,849.4291,0.014831109,-39283.28122831048,50.0,N_709
2024-05-13 04:31:02,74.38634,13.486332,79.69793,148.97462,849.43463,0.014069309,-39205.468450972854,50.0,N_709
2024-05-13 04:31:03,74.409134,13.471699,79.72591,148.68787,849.43463,0.01330751,-39134.65206543813,50.0,N_709
2024-05-13 04:31:04,74.43169,13.457058,79.75388,148.4081,849.43274,0.01254571,-39067.05056138542,50.0,N_709
2024-05-13 04:31:05,74.45399,13.442398,79.78185,148.12134,849.43274,0.008634717,-39020.65663887694,50.0,N_709
2024-05-13 04:31:06,74.47604,13.427731,79.816826,147.82759,849.43274,0.009845536,-38968.09026227895,50.0,N_709
2024-05-13 04:31:07,74.497856,13.413048,79.8518,147.54083,849.43274,0.009474145,-38920.66636664904,50.0,N_709
2024-05-13 04:31:08,74.51942,13.398354,79.879776,147.24707,849.43274,0.006832891,-38890.116917010826,50.0,N_709
2024-05-13 04:31:09,74.54073,13.383644,79.90775,146.95332,849.43274,0.0041916375,-38876.89192240995,50.0,N_709
2024-05-13 04:31:10,74.5618,13.368923,79.93573,146.65958,849.43274,0.007360266,-38840.03051526151,50.0,N_709
2024-05-13 04:31:11,74.58262,13.354191,79.970695,146.36581,849.43274,0.0115162395,-38773.979343033505,50.0,N_709
2024-05-13 04:31:12,74.603195,13.339447,80.00567,146.06508,849.43274,0.00819543,-38734.89753370405,50.0,N_709
2024-05-13 04:31:13,74.62352,13.324688,80.033646,145.76433,849.43274,0.008026432,-38696.25692669476,50.0,N_709
2024-05-13 04:31:14,74.6436,13.309917,80.06162,145.46358,849.43274,0.007847882,-38661.467017317496,50.0,N_709
2024-05-13 04:31:15,74.66344,13.295132,80.0826,145.16283,849.43274,0.0062920963,-38632.875891255084,50.0,N_709
2024-05-13 04:31:16,74.68302,13.280334,80.11058,144.85509,849.43274,0.008281368,-38592.05796354469,50.0,N_709
2024-05-13 04:31:17,74.702354,13.265526,80.13856,144.54735,849.43274,0.008698626,-38548.54390447764,50.0,N_709
2024-05-13 04:31:18,74.72144,13.250702,80.166534,144.23961,849.43274,0.008523325,-38506.281588521524,50.0,N_709
2024-05-13 04:31:19,74.74029,13.235867,80.19451,143.93187,849.43274,0.0077555715,-38469.19224893114,50.0,N_709
2024-05-13 04:31:20,74.75889,13.22102,80.22249,143.62413,849.43274,0.007581253,-38432.43943660011,50.0,N_709
2024-05-13 04:31:21,74.77724,13.2061615,80.250465,143.30939,849.43274,0.010564666,-38375.991619740365,50.0,N_709
2024-05-13 04:31:22,74.795334,13.191288,80.278435,142.99466,849.43274,0.01196471,-38310.269881682194,50.0,N_709
2024-05-13 04:31:23,74.81319,13.176399,80.30641,142.67992,849.43274,0.007457039,-38273.9567304839,50.0,N_709
2024-05-13 04:31:24,74.830795,13.161503,80.33439,142.35818,849.43274,0.00669515,-38245.29338379479,50.0,N_709
2024-05-13 04:31:25,74.84815,13.146591,80.35537,142.03647,849.43274,0.0076991906,-38209.54316359569,50.0,N_709
2024-05-13 04:31:26,74.865265,13.131664,80.37636,141.71474,849.43274,0.008703231,-38167.39376245338,50.0,N_709
2024-05-13 04:31:27,74.88213,13.11673,80.39734,141.393,849.43274,0.005572575,-38143.013560086605,50.0,N_709
2024-05-13 04:31:28,74.89875,13.10178,80.425316,141.06429,849.43274,0.0067655523,-38111.39058842804,50.0,N_709
2024-05-13 04:31:29,74.91512,13.086819,80.45329,140.73557,849.43274,0.004430184,-38096.30113392156,50.0,N_709
2024-05-13 04:31:30,74.931244,13.071842,80.48127,140.41383,849.43274,0.007411433,-38062.49023715516,50.0,N_709
2024-05-13 04:31:31,74.94712,13.056854,80.50225,140.0851,849.43274,0.004674255,-38046.164465351096,50.0,N_709
2024-05-13 04:31:32,74.96275,13.041855,80.52323,139.75638,849.43274,0.0080382535,-38007.11156959148,50.0,N_709
2024-05-13 04:31:33,74.978134,13.02684,80.54421,139.42067,849.43274,0.010811217,-37950.12728167702,50.0,N_709
2024-05-13 04:31:34,74.99327,13.011814,80.56519,139.08495,849.43274,0.011232196,-37890.47815796896,50.0,N_709
2024-05-13 04:31:35,75.008156,12.996777,80.58618,138.74922,849.43274,0.014008496,-37812.73477469528,50.0,N_709
2024-05-13 04:31:36,75.0228,12.981724,80.60716,138.41351,849.43274,0.012071266,-37742.62297748936,50.0,N_709
2024-05-13 04:31:37,75.037186,12.96666,80.63514,138.0708,849.43274,0.014269808,-37662.612649679606,50.0,N_709
2024-05-13 04:31:38,75.05134,12.951584,80.65612,137.72809,849.43274,0.011930696,-37597.73487938585,50.0,N_709
2024-05-13 04:31:39,75.06523,12.936493,80.6771,137.38538,849.43274,0.012343372,-37530.24323784956,50.0,N_709
2024-05-13 04:31:40,75.07889,12.921391,80.69808,137.04266,849.43274,0.01669745,-37434.09062106395,50.0,N_709
2024-05-13 04:31:41,75.092285,12.906277,80.71907,136.69995,849.43274,0.013176396,-37361.35143325718,50.0,N_709
2024-05-13 04:31:42,75.105446,12.891148,80.74005,136.35724,849.43274,0.01290524,-37289.01536052856,50.0,N_709
2024-05-13 04:31:43,75.118355,12.876007,80.76103,136.00754,849.43274,0.012634085,-37218.88446892105,50.0,N_709
2024-05-13 04:31:44,75.13102,12.860855,80.78201,135.65784,849.43274,0.011278022,-37157.93103793511,50.0,N_709
2024-05-13 04:31:45,75.14343,12.845688,80.80299,135.30812,849.43274,0.00992234,-37107.209698740735,50.0,N_709
2024-05-13 04:31:46,75.1556,12.830509,80.816986,134.95143,849.43274,0.007975742,-37068.21177581149,50.0,N_709
2024-05-13 04:31:47,75.16752,12.815319,80.83797,134.60172,849.43274,0.00720962,-37035.3625564088,50.0,N_709
2024-05-13 04:31:48,75.1792,12.800114,80.85196,134.24503,849.43274,0.0063434094,-37008.02052966121,50.0,N_709
2024-05-13 04:31:49,75.19062,12.784897,80.865944,133.88832,849.43274,0.0054771984,-36984.470072935896,50.0,N_709
2024-05-13 04:31:50,75.2018,12.769665,80.886925,133.52463,849.43274,0.0072781835,-36950.15744935561,50.0,N_709
2024-05-13 04:31:51,75.21273,12.754425,80.907906,133.16792,849.43274,0.006115941,-36922.73384041857,50.0,N_709
2024-05-13 04:31:52,75.22342,12.73917,80.928894,132.80423,849.43274,0.005740507,-36900.14864916541,50.0,N_709
2024-05-13 04:31:53,75.23386,12.7239,80.94288,132.44754,849.43274,0.004974104,-36881.2956572982,50.0,N_709
2024-05-13 04:31:54,75.24405,12.708622,80.95686,132.08383,849.43274,0.0077597573,-36844.42478999716,50.0,N_709
2024-05-13 04:31:55,75.25399,12.693325,80.970856,131.72014,849.43274,0.0060056313,-36819.10940497361,50.0,N_709
2024-05-13 04:31:56,75.26369,12.6780205,80.98484,131.35645,849.43274,0.003659894,-36807.93810880228,50.0,N_709
2024-05-13 04:31:57,75.27313,12.662701,81.00583,130.98576,849.43274,0.0013113121,-36813.8254991407,50.0,N_709
2024-05-13 04:31:58,75.28233,12.647369,81.01981,130.61508,849.43274,0.00093637843,-36821.84593613382,50.0,N_709
2024-05-13 04:31:59,75.29129,12.632027,81.033806,130.24438,849.43274,0.0019482657,-36823.13538720795,50.0,N_709
2024-05-13 04:32:00,75.299995,12.616669,81.04779,129.8737,849.43274,0.0036502713,-36813.63794164177,50.0,N_709
2024-05-13 04:32:01,75.30862,12.600521,81.05479,129.503,849.43274,0.005352277,-36790.87321997812,50.0,N_709
2024-05-13 04:32:02,75.316986,12.584389,81.07577,129.13232,849.43274,0.007550367,-36755.4167697907,50.0,N_709
2024-05-13 04:32:03,75.32511,12.568272,81.08975,128.76164,849.43274,0.007967551,-36717.09999743038,50.0,N_709
2024-05-13 04:32:04,75.33297,12.552166,81.09675,128.38396,849.43274,0.0054236893,-36695.51135617016,50.0,N_709
2024-05-13 04:32:05,75.34058,12.536076,81.103745,128.00627,849.43274,0.005840143,-36670.41409720978,50.0,N_709
2024-05-13 04:32:06,75.347946,12.519997,81.11773,127.628586,849.43274,0.004876198,-36650.97006751795,50.0,N_709
2024-05-13 04:32:07,75.35505,12.503933,81.13872,127.25091,849.43274,0.0049992222,-36632.051941972146,50.0,N_709
2024-05-13 04:32:08,75.36191,12.487881,81.1527,126.87322,849.43274,0.005122247,-36612.78951826503,50.0,N_709
2024-05-13 04:32:09,75.36851,12.471844,81.1597,126.495544,849.43274,0.006133606,-36585.98039337878,50.0,N_709
2024-05-13 04:32:10,75.374855,12.455818,81.16669,126.11086,849.43274,0.0073422836,-36552.29097465445,50.0,N_709
2024-05-13 04:32:11,75.38095,12.439808,81.17368,125.733185,849.43274,0.009341258,-36504.22960762531,50.0,N_709
2024-05-13 04:32:12,75.386795,12.423813,81.18068,125.34851,849.43274,0.010746049,-36445.69929726349,50.0,N_709
2024-05-13 04:32:13,75.39239,12.407829,81.194664,124.96383,849.43274,0.009777959,-36396.43687734624,50.0,N_709
2024-05-13 04:32:14,75.39772,12.391861,81.20166,124.58615,849.43274,0.009996643,-36342.82910390385,50.0,N_709
2024-05-13 04:32:15,75.40281,12.375904,81.21565,124.20147,849.43274,0.010812023,-36284.38088427941,50.0,N_709
2024-05-13 04:32:16,75.40764,12.359962,81.22264,123.8098,849.43274,0.009644682,-36235.48125498541,50.0,N_709
2024-05-13 04:32:17,75.41222,12.344032,81.22264,123.425125,849.43274,0.011254527,-36175.14429844244,50.0,N_709
2024-05-13 04:32:18,75.41654,12.328117,81.22964,123.04045,849.43274,0.012463541,-36103.875631758994,50.0,N_709
2024-05-13 04:32:19,75.420616,12.312218,81.24363,122.64878,849.43274,0.010712348,-36047.7226700565,50.0,N_709
2024-05-13 04:32:20,75.42444,12.2963295,81.25062,122.26411,849.43274,0.009748733,-35996.4343654044,50.0,N_709
2024-05-13 04:32:21,75.42801,12.280453,81.257614,121.87244,849.43274,0.008982131,-35950.559177830495,50.0,N_709
2024-05-13 04:32:22,75.43132,12.264591,81.26461,121.48076,849.43274,0.009795837,-35900.424446194025,50.0,N_709
2024-05-13 04:32:23,75.43439,12.248745,81.2716,121.096085,849.43274,0.009818332,-35850.34930406543,50.0,N_709
2024-05-13 04:32:24,75.437195,12.23291,81.2716,120.71141,849.43274,0.009057405,-35803.70813915157,50.0,N_709
2024-05-13 04:32:25,75.43975,12.217091,81.278595,120.31974,849.43274,0.010655978,-35746.72116849237,50.0,N_709
2024-05-13 04:32:26,75.442055,12.201286,81.28559,119.92807,849.43274,0.008504174,-35704.49042247713,50.0,N_709
2024-05-13 04:32:27,75.44411,12.185493,81.28559,119.5364,849.43274,0.0099173095,-35651.68741517828,50.0,N_709
2024-05-13 04:32:28,75.44591,12.169712,81.28559,119.13773,849.43274,0.011526321,-35589.642415626266,50.0,N_709
2024-05-13 04:32:29,75.44745,12.153946,81.28559,118.74606,849.43274,0.012334043,-35521.454281721206,50.0,N_709
2024-05-13 04:32:30,75.448746,12.138195,81.29259,118.35439,849.43274,0.013936608,-35443.2195026824,50.0,N_709
2024-05-13 04:32:31,75.44978,12.122456,81.29259,117.96272,849.43274,0.011386576,-35381.885338088265,50.0,N_709
2024-05-13 04:32:32,75.45057,12.106731,81.29259,117.57105,849.43274,0.011807797,-35317.24572589096,50.0,N_709
2024-05-13 04:32:33,75.45111,12.091019,81.299576,117.17938,849.43274,0.012225576,-35249.81733543154,50.0,N_709
2024-05-13 04:32:34,75.451385,12.075321,81.30657,116.78771,849.43274,0.012853019,-35178.805527026736,50.0,N_709
2024-05-13 04:32:35,75.451416,12.059639,81.30657,116.39604,849.43274,0.017818198,-35075.01391790893,50.0,N_709
2024-05-13 04:32:36,75.451195,12.043968,81.30657,116.00437,849.43274,0.014878688,-34990.652303593226,50.0,N_709
2024-05-13 04:32:37,75.45072,12.028309,81.30657,115.6127,849.43274,0.013113566,-34916.405336540316,50.0,N_709
2024-05-13 04:32:38,75.44999,12.012665,81.30657,115.214035,849.43274,0.014906069,-34832.09510664211,50.0,N_709
2024-05-13 04:32:39,75.449005,11.997036,81.30657,114.822365,849.43274,0.015921608,-34740.03524218405,50.0,N_709
2024-05-13 04:32:40,75.44777,11.981419,81.299576,114.430695,849.43274,0.015369989,-34651.69854405039,50.0,N_709
2024-05-13 04:32:41,75.44628,11.9658165,81.29259,114.039024,849.43274,0.016167141,-34558.75727968202,50.0,N_709
2024-05-13 04:32:42,75.44454,11.950226,81.29259,113.647354,849.43274,0.015789082,-34468.1701523011,50.0,N_709
2024-05-13 04:32:43,75.44255,11.93465,81.29259,113.255684,849.43274,0.016998906,-34369.55784452954,50.0,N_709
2024-05-13 04:32:44,75.44031,11.91909,81.29259,112.86401,849.43274,0.016418545,-34273.979343831015,50.0,N_709
2024-05-13 04:32:45,75.437805,11.903542,81.28559,112.47234,849.43274,0.015464723,-34184.863110007806,50.0,N_709
2024-05-13 04:32:46,75.43506,11.888008,81.278595,112.08067,849.43274,0.017663972,-34080.97773551218,50.0,N_709
2024-05-13 04:32:47,75.43205,11.872486,81.2716,111.689,849.43274,0.01591869,-33989.4495373369,50.0,N_709
2024-05-13 04:32:48,75.428795,11.856976,81.2716,111.29733,849.43274,0.016345356,-33894.86886667528,50.0,N_709
2024-05-13 04:32:49,75.425285,11.841484,81.2716,110.90566,849.43274,0.017356208,-33793.561138495774,50.0,N_709
2024-05-13 04:32:50,75.421524,11.826004,81.2716,110.51399,849.43274,0.016996559,-33693.80294658278,50.0,N_709
2024-05-13 04:32:51,75.41751,11.810535,81.26461,110.12232,849.43274,0.017598271,-33592.242998318776,50.0,N_709
2024-05-13 04:32:52,75.41324,11.795082,81.257614,109.73765,849.43274,0.017621398,-33490.19419472237,50.0,N_709
2024-05-13 04:32:53,75.40872,11.779644,81.25062,109.35297,849.43274,0.017624412,-33385.961329351136,50.0,N_709
2024-05-13 04:32:54,75.403946,11.764217,81.24363,108.961296,849.43274,0.018239409,-33279.91430644618,50.0,N_709
2024-05-13 04:32:55,75.39892,11.748802,81.23663,108.57662,849.43274,0.01746043,-33176.222391829826,50.0,N_709
2024-05-13 04:32:56,75.39364,11.733406,81.22264,108.19195,849.43274,0.015729334,-33084.68109995647,50.0,N_709
2024-05-13 04:32:57,75.38811,11.718018,81.21565,107.80028,849.43274,0.014368023,-33001.858524121024,50.0,N_709
2024-05-13 04:32:58,75.382324,11.702648,81.20166,107.415596,849.43274,0.015369338,-32915.10409571905,50.0,N_709
2024-05-13 04:32:59,75.37628,11.68729,81.20166,107.03092,849.43274,0.015176777,-32828.20564035974,50.0,N_709
2024-05-13 04:33:00,75.369995,11.671944,81.194664,106.64625,849.43274,0.016189456,-32734.48229066497,50.0,N_709
2024-05-13 04:33:01,75.36222,11.656078,81.18068,106.26856,849.43274,0.015840484,-32643.39435006032,50.0,N_709
2024-05-13 04:33:02,75.35424,11.640244,81.17368,105.88389,849.43274,0.015665643,-32552.930263013048,50.0,N_709
2024-05-13 04:33:03,75.34605,11.624439,81.1597,105.50621,849.43274,0.01429284,-32473.622280551856,50.0,N_709
2024-05-13 04:33:04,75.33764,11.608669,81.1527,105.128525,849.43274,0.011573945,-32410.259651025815,50.0,N_709
2024-05-13 04:33:05,75.329025,11.59293,81.145706,104.74385,849.43274,0.013363174,-32334.87301778729,50.0,N_709
2024-05-13 04:33:06,75.3202,11.577225,81.13172,104.366165,849.43274,0.016350135,-32241.826982036815,50.0,N_709
2024-05-13 04:33:07,75.31116,11.561546,81.124725,103.98849,849.43274,0.014827311,-32156.189395941,50.0,N_709
2024-05-13 04:33:08,75.30191,11.545902,81.11074,103.6108,849.43274,0.01876462,-32046.62364534466,50.0,N_709
2024-05-13 04:33:09,75.29244,11.5302925,81.09675,103.24011,849.43274,0.021912726,-31908.34690534821,50.0,N_709
2024-05-13 04:33:10,75.282776,11.514709,81.07577,102.862434,849.43274,0.021141497,-31780.59305193716,50.0,N_709
2024-05-13 04:33:11,75.27289,11.499161,81.061775,102.48475,849.43274,0.021577321,-31654.876792814102,50.0,N_709
2024-05-13 04:33:12,75.262794,11.483643,81.05479,102.11406,849.43274,0.021565711,-31525.352360733916,50.0,N_709
2024-05-13 04:33:13,75.25249,11.468159,81.040794,101.74337,849.43274,0.019219318,-31414.408466371235,50.0,N_709
2024-05-13 04:33:14,75.241974,11.452705,81.033806,101.37269,849.43274,0.018681899,-31301.60071824928,50.0,N_709
2024-05-13 04:33:15,75.23125,11.437283,81.01282,101.008995,849.43274,0.018122656,-31195.13320076275,50.0,N_709
2024-05-13 04:33:16,75.22031,11.421894,80.99883,100.638306,849.43274,0.022294587,-31060.421693376476,50.0,N_709
2024-05-13 04:33:17,75.20916,11.406532,80.98484,100.26762,849.43274,0.019207679,-30943.97571332511,50.0,N_709
2024-05-13 04:33:18,75.1978,11.391205,80.96386,99.90392,849.43274,0.020223603,-30825.312072612673,50.0,N_709
2024-05-13 04:33:19,75.186226,11.375912,80.949875,99.54023,849.43274,0.0251826,-30673.288357772537,50.0,N_709
2024-05-13 04:33:20,75.17444,11.360649,80.93588,99.17654,849.43274,0.02620237,-30511.321114954215,50.0,N_709
2024-05-13 04:33:21,75.162445,11.345417,80.9149,98.81983,849.43274,0.02325253,-30371.790467010287,50.0,N_709
2024-05-13 04:33:22,75.15024,11.330215,80.90092,98.45614,849.43274,0.02187797,-30238.3526247479,50.0,N_709
2024-05-13 04:33:23,75.137825,11.315048,80.87993,98.09944,849.43274,0.022469115,-30106.207003049123,50.0,N_709
2024-05-13 04:33:24,75.1252,11.2999115,80.865944,97.74274,849.43274,0.023078749,-29963.953903133355,50.0,N_709
2024-05-13 04:33:25,75.11236,11.284805,80.84496,97.38604,849.43274,0.023688385,-29817.87026622919,50.0,N_709
2024-05-13 04:33:26,75.09931,11.269733,80.82398,97.02934,849.43274,0.02429802,-29670.18753783196,50.0,N_709
2024-05-13 04:33:27,75.086044,11.254692,80.80299,96.679634,849.43274,0.021157084,-29545.342268855966,50.0,N_709
2024-05-13 04:33:28,75.07258,11.239681,80.78901,96.32294,849.43274,0.021959407,-29412.17824725307,50.0,N_709
2024-05-13 04:33:29,75.05889,11.224705,80.76803,95.97323,849.43274,0.021384338,-29287.976789455657,50.0,N_709
2024-05-13 04:33:30,75.045,11.209755,80.754036,95.62353,849.43274,0.02200419,-29146.90507548588,50.0,N_709
2024-05-13 04:33:31,75.03089,11.194843,80.72606,95.27382,849.43274,0.020077314,-29028.97692962882,50.0,N_709
2024-05-13 04:33:32,75.01658,11.179958,80.70508,94.93111,849.43274,0.019113809,-28916.29767800381,50.0,N_709
2024-05-13 04:33:33,75.002045,11.165108,80.6841,94.588394,849.43274,0.01833387,-28808.561916236325,50.0,N_709
2024-05-13 04:33:34,74.98731,11.150288,80.66312,94.24568,849.43274,0.018173307,-28705.95773151113,50.0,N_709
2024-05-13 04:33:35,74.97236,11.135502,80.649124,93.90297,849.43274,0.015806532,-28613.988388004378,50.0,N_709
2024-05-13 04:33:36,74.9572,11.120743,80.62814,93.56026,849.43274,0.017058635,-28516.19608530251,50.0,N_709
2024-05-13 04:33:37,74.941826,11.106022,80.60716,93.22454,849.43274,0.018231949,-28410.26702749153,50.0,N_709
2024-05-13 04:33:38,74.92624,11.091328,80.58618,92.888824,849.43274,0.021194106,-28277.887217484313,50.0,N_709
2024-05-13 04:33:39,74.910446,11.076668,80.558205,92.55311,849.43274,0.020403337,-28151.36566761122,50.0,N_709
2024-05-13 04:33:40,74.89444,11.062038,80.53023,92.21739,849.43274,0.019037306,-28042.34015632874,50.0,N_709
2024-05-13 04:33:41,74.87823,11.04744,80.50925,91.888664,849.43274,0.016653381,-27947.61950426481,50.0,N_709
2024-05-13 04:33:42,74.8618,11.032875,80.48826,91.559944,849.43274,0.017490245,-27847.26406771881,50.0,N_709
2024-05-13 04:33:43,74.84516,11.018341,80.46728,91.231224,849.43274,0.020272654,-27722.03371561324,50.0,N_709
2024-05-13 04:33:44,74.82831,11.003838,80.4393,90.9025,849.43274,0.021526001,-27595.56974805065,50.0,N_709
2024-05-13 04:33:45,74.81125,10.989365,80.41832,90.57378,849.43274,0.021900343,-27461.16366547892,50.0,N_709
2024-05-13 04:33:46,74.793976,10.974926,80.39034,90.252045,849.43274,0.019158602,-27345.537661374306,50.0,N_709
2024-05-13 04:33:47,74.77649,10.960522,80.362366,89.93031,849.43274,0.023517165,-27207.694418240288,50.0,N_709
2024-05-13 04:33:48,74.7588,10.946144,80.341385,89.60859,849.43274,0.025874041,-27053.536775566456,50.0,N_709
2024-05-13 04:33:49,74.74089,10.931801,80.320404,89.28686,849.43274,0.025119781,-26898.78024516705,50.0,N_709
2024-05-13 04:33:50,74.72278,10.917488,80.29243,88.97212,849.43274,0.024140555,-26750.795731816823,50.0,N_709
2024-05-13 04:33:51,74.704445,10.90321,80.26445,88.65739,849.43274,0.02332743,-26607.941225698596,50.0,N_709
2024-05-13 04:33:52,74.68591,10.888958,80.23647,88.34265,849.43274,0.022755511,-26468.61496785513,50.0,N_709
2024-05-13 04:33:53,74.66716,10.874744,80.208496,88.027916,849.43274,0.022782866,-26331.467768843002,50.0,N_709
2024-05-13 04:33:54,74.6482,10.860558,80.18052,87.72018,849.43274,0.022810223,-26190.89671564551,50.0,N_709
2024-05-13 04:33:55,74.62903,10.846405,80.15254,87.40544,849.43274,0.020856775,-26065.96635850933,50.0,N_709
2024-05-13 04:33:56,74.60964,10.832283,80.124565,87.0977,849.43274,0.021654699,-25937.7447765901,50.0,N_709
2024-05-13 04:33:57,74.59005,10.818192,80.09659,86.79695,849.43274,0.021685429,-25806.225245467445,50.0,N_709
2024-05-13 04:33:58,74.570244,10.804134,80.06861,86.48921,849.43274,0.023064258,-25675.85386351683,50.0,N_709
2024-05-13 04:33:59,74.550224,10.790108,80.04763,86.18846,849.43274,0.022315463,-25541.380313367452,50.0,N_709
2024-05-13 04:34:00,74.53,10.776112,80.01965,85.88772,849.43274,0.023919648,-25396.86013753534,50.0,N_709
2024-05-13 04:34:01,74.50825,10.761951,79.99168,85.58697,849.43274,0.02431972,-25239.561912248624,50.0,N_709
2024-05-13 04:34:02,74.486336,10.747826,79.95671,85.286224,849.43274,0.024945993,-25081.160402738664,50.0,N_709
2024-05-13 04:34:03,74.46425,10.733742,79.92174,84.99247,849.43274,0.025347974,-24941.45617609114,50.0,N_709
2024-05-13 04:34:04,74.442,10.719696,79.90076,84.70571,849.43274,0.025156913,-24788.9803309864,50.0,N_709
2024-05-13 04:34:05,74.419586,10.705688,79.87278,84.41196,849.43274,0.025375614,-24625.541769209507,50.0,N_709
2024-05-13 04:34:06,74.396996,10.691719,79.83781,84.11821,849.43274,0.026756149,-24467.079914736656,50.0,N_709
2024-05-13 04:34:07,74.37425,10.677788,79.80983,83.83145,849.43274,0.02832961,-24282.017424836806,50.0,N_709
2024-05-13 04:34:08,74.35133,10.663898,79.774864,83.5377,849.43274,0.029903075,-24093.46202025917,50.0,N_709
2024-05-13 04:34:09,74.32825,10.6500435,79.73989,83.25793,849.43274,0.030909613,-23906.301399445627,50.0,N_709
2024-05-13 04:34:10,74.305,10.636227,79.711914,82.97117,849.43274,0.032121617,-23714.065374983456,50.0,N_709
2024-05-13 04:34:11,74.281586,10.622452,79.68394,82.69141,849.43274,0.032742497,-23503.593807117315,50.0,N_709
2024-05-13 04:34:12,74.258,10.608711,79.64897,82.411644,849.43274,0.032558803,-23294.828608473705,50.0,N_709
2024-05-13 04:34:13,74.23425,10.595013,79.614,82.13188,849.43274,0.031203892,-23094.882943328896,50.0,N_709
2024-05-13 04:34:14,74.210335,10.581348,79.579025,81.85211,849.43274,0.03061088,-22925.645238308665,50.0,N_709
2024-05-13 04:34:15,74.18625,10.567726,79.558044,81.579346,849.43274,0.030633597,-22743.160884006444,50.0,N_709
2024-05-13 04:34:16,74.162,10.554142,79.53007,81.30657,849.43274,0.03170851,-22541.13502215896,50.0,N_709
2024-05-13 04:34:17,74.13758,10.540596,79.495094,81.033806,849.43274,0.03099731,-22344.477383075755,50.0,N_709
2024-05-13 04:34:18,74.113,10.527088,79.46013,80.76103,849.43274,0.030630803,-22166.457630941797,50.0,N_709
2024-05-13 04:34:19,74.08825,10.513618,79.43215,80.495255,849.43274,0.028875392,-21968.489138534445,50.0,N_709
2024-05-13 04:34:20,74.06333,10.500187,79.39018,80.22249,849.43274,0.028976839,-21792.123206385295,50.0,N_709
2024-05-13 04:34:21,74.03825,10.4867935,79.35522,79.9637,849.43274,0.029078284,-21609.820800480422,50.0,N_709
2024-05-13 04:34:22,74.013,10.473438,79.320244,79.69793,849.43274,0.028747002,-21429.586447328526,50.0,N_709
2024-05-13 04:34:23,73.98759,10.460121,79.28527,79.43215,849.43274,0.029283017,-21261.328768293908,50.0,N_709
2024-05-13 04:34:24,73.962,10.446846,79.25729,79.17337,849.43274,0.029819034,-21071.875394928473,50.0,N_709
2024-05-13 04:34:25,73.93625,10.433605,79.22233,78.90759,849.43274,0.030065486,-20873.83664407682,50.0,N_709
2024-05-13 04:34:26,73.91033,10.420406,79.18036,78.65581,849.43274,0.031061547,-20680.54073572104,50.0,N_709
2024-05-13 04:34:27,73.88425,10.407242,79.14539,78.39702,849.43274,0.032068484,-20496.959214718445,50.0,N_709
2024-05-13 04:34:28,73.858,10.394119,79.11742,78.14523,849.43274,0.031870335,-20283.543594335726,50.0,N_709
2024-05-13 04:34:29,73.83158,10.381035,79.07545,77.89345,849.43274,0.032220136,-20085.082197765783,50.0,N_709
2024-05-13 04:34:30,73.805,10.367989,79.04048,77.641655,849.43274,0.032636702,-19882.384591644804,50.0,N_709
2024-05-13 04:34:31,73.77825,10.35498,79.00551,77.38987,849.43274,0.03317284,-19679.68195201449,50.0,N_709
2024-05-13 04:34:32,73.751335,10.342007,78.970535,77.14507,849.43274,0.034734882,-19466.14494886639,50.0,N_709
2024-05-13 04:34:33,73.72425,10.329079,78.93557,76.90028,849.43274,0.035535976,-19246.90040231859,50.0,N_709
2024-05-13 04:34:34,73.697,10.316185,78.9006,76.65549,849.43274,0.03633707,-19021.9513800629,50.0,N_709
2024-05-13 04:34:35,73.669586,10.303329,78.86562,76.41069,849.43274,0.03736097,-18789.833683799094,50.0,N_709
2024-05-13 04:34:36,73.642,10.290512,78.83066,76.1659,849.43274,0.03838487,-18535.904643465954,50.0,N_709
2024-05-13 04:34:37,73.61425,10.277733,78.78869,75.9281,849.43274,0.037058976,-18305.579267337595,50.0,N_709
2024-05-13 04:34:38,73.586334,10.264996,78.75372,75.683304,849.43274,0.035905372,-18072.071483320713,50.0,N_709
2024-05-13 04:34:39,73.55825,10.252293,78.711754,75.4525,849.43274,0.037474032,-17823.693359667446,50.0,N_709
2024-05-13 04:34:40,73.53,10.239632,78.66979,75.2147,849.43274,0.037866015,-17595.713341993636,50.0,N_709
2024-05-13 04:34:41,73.50159,10.227005,78.63482,74.983894,849.43274,0.03809334,-17364.522906396047,50.0,N_709
2024-05-13 04:34:42,73.473,10.21442,78.59985,74.75309,849.43274,0.03813039,-17127.91197278654,50.0,N_709
2024-05-13 04:34:43,73.44425,10.201874,78.56488,74.51529,849.43274,0.038365316,-16898.97757135187,50.0,N_709
2024-05-13 04:34:44,73.41534,10.189365,78.52991,74.29147,849.43274,0.037217826,-16653.167605255378,50.0,N_709
2024-05-13 04:34:45,73.38625,10.176895,78.487946,74.06067,849.43274,0.036070336,-16438.715436460658,50.0,N_709
2024-05-13 04:34:46,73.357,10.164463,78.45297,73.83686,849.43274,0.03588197,-16205.456145190066,50.0,N_709
2024-05-13 04:34:47,73.32758,10.152069,78.41101,73.613045,849.43274,0.03936199,-15964.002442537292,50.0,N_709
2024-05-13 04:34:48,73.298004,10.139713,78.37604,73.38224,849.43274,0.036655452,-15724.818211775224,50.0,N_709
2024-05-13 04:34:49,73.26825,10.127396,78.334076,73.15843,849.43274,0.038447235,-15493.137598522751,50.0,N_709
2024-05-13 04:34:50,73.238335,10.115116,78.2991,72.934616,849.43274,0.03946109,-15238.053011618316,50.0,N_709
2024-05-13 04:34:51,73.20825,10.102879,78.25714,72.717804,849.43274,0.041083,-14993.420024667377,50.0,N_709
2024-05-13 04:34:52,73.178,10.090675,78.22217,72.500984,849.43274,0.040265154,-14736.374177872196,50.0,N_709
2024-05-13 04:34:53,73.14758,10.07851,78.18021,72.29116,849.43274,0.039538737,-14480.054985657622,50.0,N_709
2024-05-13 04:34:54,73.117,10.066387,78.13824,72.07434,849.43274,0.038560417,-14230.207007322975,50.0,N_709
2024-05-13 04:34:55,73.08625,10.054302,78.096275,71.85753,849.43274,0.03772468,-13990.024251061008,50.0,N_709
2024-05-13 04:34:56,73.055336,10.042252,78.05431,71.647705,849.43274,0.038542613,-13739.101800475535,50.0,N_709
2024-05-13 04:34:57,73.024254,10.030243,78.012344,71.430885,849.43274,0.038163852,-13514.781709529387,50.0,N_709
2024-05-13 04:34:58,72.993004,10.018272,77.97737,71.22106,849.43274,0.03642791,-13280.74597528852,50.0,N_709
2024-05-13 04:34:59,72.961586,10.00634,77.93541,71.01124,849.43274,0.037461944,-13064.473140768201,50.0,N_709
2024-05-13 04:35:00,72.93,9.994446,77.90044,70.80841,849.43274,0.039394625,-12787.149132809931,50.0,N_709
2024-05-13 04:35:01,72.89669,9.982559,77.85148,70.59859,849.43274,0.03766228,-12550.234077810908,50.0,N_709
2024-05-13 04:35:02,72.86327,9.970715,77.80952,70.39575,849.43274,0.037098248,-12334.621909349204,50.0,N_709
2024-05-13 04:35:03,72.829735,9.958908,77.77454,70.192924,849.43274,0.038654014,-12087.698685689871,50.0,N_709
2024-05-13 04:35:04,72.79609,9.94714,77.73258,69.9901,849.43274,0.036560636,-11859.894884550336,50.0,N_709
2024-05-13 04:35:05,72.76233,9.935413,77.69061,69.79426,849.43274,0.041048475,-11578.200740966831,50.0,N_709
2024-05-13 04:35:06,72.72845,9.923725,77.641655,69.59843,849.43274,0.042542808,-11327.846681080506,50.0,N_709
2024-05-13 04:35:07,72.69446,9.912075,77.60669,69.3956,849.43274,0.044625808,-11044.137635041816,50.0,N_709
2024-05-13 04:35:08,72.660355,9.900467,77.56472,69.19976,849.43274,0.043365393,-10769.333279469374,50.0,N_709
2024-05-13 04:35:09,72.62614,9.888897,77.52276,69.00393,849.43274,0.043996274,-10489.826412063914,50.0,N_709
2024-05-13 04:35:10,72.591805,9.877365,77.48079,68.80809,849.43274,0.04303192,-10196.482392991187,50.0,N_709
2024-05-13 04:35:11,72.55736,9.865875,77.43183,68.61925,849.43274,0.044264346,-9915.169480310811,50.0,N_709
2024-05-13 04:35:12,72.5228,9.8544235,77.38987,68.423416,849.43274,0.04336512,-9643.654146226923,50.0,N_709
2024-05-13 04:35:13,72.48813,9.84301,77.34791,68.23457,849.43463,0.048973244,-9360.555555151284,50.0,N_709
2024-05-13 04:35:14,72.45334,9.831638,77.312935,68.04573,849.43463,0.05044842,-9040.050177179586,50.0,N_709
2024-05-13 04:35:15,72.418434,9.820305,77.270966,67.856895,849.4309,0.04755533,-8739.371429022503,50.0,N_709
2024-05-13 04:35:16,72.38342,9.80901,77.229004,67.66805,849.4272,0.041179013,-8461.270596183842,50.0,N_709
2024-05-13 04:35:17,72.34829,9.797756,77.180046,67.486206,849.4402,0.043975532,-8184.250335145261,50.0,N_709
2024-05-13 04:35:18,72.31305,9.786541,77.138084,67.29736,849.4531,0.04587553,-7898.73996403872,50.0,N_709
2024-05-13 04:35:19,72.277695,9.775368,77.096115,67.11552,849.4087,0.047676124,-7600.833522156964,50.0,N_709
2024-05-13 04:35:20,72.24222,9.764229,77.05415,66.93367,849.3013,0.042577196,-7315.748934497952,50.0,N_709
2024-05-13 04:35:21,72.206635,9.753132,77.005196,66.75882,849.2216,0.041238323,-7059.965584387359,50.0,N_709
2024-05-13 04:35:22,72.17094,9.742077,76.96323,66.57697,849.2124,0.049433988,-6755.08129863528,50.0,N_709
2024-05-13 04:35:23,72.135124,9.731056,76.921265,66.402115,849.2346,0.047859706,-6426.074385154408,50.0,N_709
2024-05-13 04:35:24,72.0992,9.7200775,76.87231,66.22027,849.2439,0.058033198,-6065.8853889681795,50.0,N_709
2024-05-13 04:35:25,72.063156,9.709141,76.83034,66.04542,849.2401,0.05911419,-5696.72990372198,50.0,N_709
2024-05-13 04:35:26,72.027,9.698242,76.788376,65.87057,849.23645,0.07088085,-5250.811475668408,50.0,N_709
2024-05-13 04:35:27,71.99074,9.687382,76.746414,65.69571,849.23834,0.07478283,-4735.078478607415,50.0,N_709
2024-05-13 04:35:28,71.95435,9.676559,76.69745,65.52086,849.23834,0.06627482,-4327.065316566519,50.0,N_709
2024-05-13 04:35:29,71.917854,9.665779,76.65549,65.353,849.23834,0.057766806,-3964.126256167181,50.0,N_709
2024-05-13 04:35:30,71.88125,9.655037,76.613525,65.17815,849.23834,0.042136602,-3682.9098543958917,50.0,N_709
2024-05-13 04:35:31,71.84452,9.644333,76.56456,65.010284,849.23834,0.043577082,-3418.121089629427,50.0,N_709
2024-05-13 04:35:32,71.807686,9.633671,76.5226,64.84243,849.23834,0.045017563,-3142.440413637907,50.0,N_709
2024-05-13 04:35:33,71.77074,9.623047,76.48064,64.67457,849.23834,0.046458043,-2857.088457438682,50.0,N_709
2024-05-13 04:35:34,71.73367,9.612461,76.43867,64.506714,849.23834,0.043388575,-2570.3993156508295,50.0,N_709
2024-05-13 04:35:35,71.69649,9.601917,76.38971,64.34585,849.23834,0.03626828,-2350.840101004109,50.0,N_709
2024-05-13 04:35:36,71.659195,9.591412,76.34775,64.177986,849.23834,0.06700139,-1899.9713271955807,50.0,N_709
2024-05-13 04:35:37,71.62179,9.580948,76.29879,64.01712,849.23834,0.03671243,-1659.5136531401295,50.0,N_709
2024-05-13 04:35:38,71.58427,9.5705185,76.24983,63.85626,849.23834,0.034542136,-1433.770291151097,50.0,N_709
2024-05-13 04:35:39,71.54663,9.560131,76.20087,63.695393,849.23834,0.032371845,-1242.1473258207461,50.0,N_709
2024-05-13 04:35:40,71.50889,9.549786,76.158905,63.53453,849.23834,0.014662826,-1161.6350715993303,50.0,N_709
2024-05-13 04:35:41,71.47102,9.539478,76.11694,63.373665,849.23834,0.02219925,-1032.9773590040713,50.0,N_709
2024-05-13 04:35:42,71.433044,9.529209,76.074974,63.2128,849.23834,0.022566872,-890.9947229036916,50.0,N_709
2024-05-13 04:35:43,71.39496,9.518978,76.02602,63.05893,849.23834,0.024476413,-736.7815650132725,50.0,N_709
2024-05-13 04:35:44,71.35675,9.508789,75.97706,62.90506,849.23834,0.023223601,-588.2726618038705,50.0,N_709
2024-05-13 04:35:45,71.318436,9.498638,75.9281,62.744194,849.23834,0.02537372,-442.9818331475126,50.0,N_709
2024-05-13 04:35:46,71.28,9.488529,75.88613,62.590324,849.23834,0.026320774,-274.19193413719586,50.0,N_709
2024-05-13 04:35:47,71.241455,9.478455,75.83717,62.436455,849.23834,0.02726783,-103.08233248512624,50.0,N_709
2024-05-13 04:35:48,71.2028,9.468422,75.788216,62.289577,849.23834,0.017839748,-4.237996251675213,50.0,N_709
2024-05-13 04:35:49,71.164024,9.458431,75.746254,62.135708,849.23834,0.009510569,48.915791830282615,50.0,N_709
2024-05-13 04:35:50,71.12514,9.448479,75.697296,61.98184,849.23834,0.02386009,182.88142986669845,50.0,N_709
2024-05-13 04:35:51,71.086136,9.438564,75.65533,61.83496,849.23834,0.0064092204,214.89215989716286,50.0,N_709
2024-05-13 04:35:52,71.04702,9.428688,75.60637,61.68109,849.23834,0.01151245,279.491385033989,50.0,N_709
2024-05-13 04:35:53,71.00779,9.418854,75.55741,61.534214,849.23834,0.01661568,367.0506711922444,50.0,N_709
2024-05-13 04:35:54,70.968445,9.409058,75.51545,61.39433,849.23834,0.02171891,503.36081090227526,50.0,N_709
2024-05-13 04:35:55,70.928986,9.399303,75.466484,61.247456,849.23834,0.015263745,594.1016613409629,50.0,N_709
2024-05-13 04:35:56,70.88942,9.389584,75.41753,61.10058,849.23834,0.01705835,697.2608322553351,50.0,N_709
2024-05-13 04:35:57,70.84973,9.3799095,75.36857,60.9537,849.23834,0.018852955,799.0274544840358,50.0,N_709
2024-05-13 04:35:58,70.80994,9.37027,75.32661,60.81382,849.23834,0.0108769955,853.5234939602469,50.0,N_709
2024-05-13 04:35:59,70.77002,9.360672,75.28464,60.67394,849.23834,0.006535903,889.6565528165866,50.0,N_709
2024-05-13 04:36:00,70.729996,9.351112,75.22869,60.534054,849.23834,0.0028804755,894.2484839838089,50.0,N_709
2024-05-13 04:36:01,70.68903,9.341949,75.179726,60.394173,849.23834,0.008370735,938.3671194834387,50.0,N_709
2024-05-13 04:36:02,70.64799,9.332809,75.13077,60.247295,849.23834,0.00959548,989.6262231995715,50.0,N_709
2024-05-13 04:36:03,70.60686,9.3237,75.08181,60.107414,849.23834,-0.0021796953,962.8361296491785,50.0,N_709
2024-05-13 04:36:04,70.56564,9.314617,75.03985,59.974525,849.23834,0.01590722,1049.1586581460906,50.0,N_709
2024-05-13 04:36:05,70.52434,9.305565,74.99788,59.834644,849.23834,0.012260571,1120.2700736393417,50.0,N_709
2024-05-13 04:36:06,70.48295,9.2965355,74.94892,59.69476,849.23834,0.008613923,1164.2797538784816,50.0,N_709
2024-05-13 04:36:07,70.44147,9.287537,74.89996,59.561874,849.23834,0.018000638,1271.4328902620127,50.0,N_709
2024-05-13 04:36:08,70.39991,9.278564,74.851006,59.428986,849.23834,-0.00033205026,1255.782421207481,50.0,N_709
2024-05-13 04:36:09,70.35826,9.269619,74.80205,59.296097,849.23834,0.0075633517,1293.1184094917735,50.0,N_709
2024-05-13 04:36:10,70.31652,9.2607,74.75309,59.163208,849.23834,0.015458753,1385.4344095357646,50.0,N_709
2024-05-13 04:36:11,70.274704,9.251808,74.70413,59.023327,849.23834,0.01341012,1469.2375086378834,50.0,N_709
2024-05-13 04:36:12,70.232796,9.242947,74.64818,58.89743,849.23834,0.00058732054,1458.6187329230597,50.0,N_709
2024-05-13 04:36:13,70.1908,9.234112,74.59922,58.764545,849.23834,0.0054831975,1478.0272414323972,50.0,N_709
2024-05-13 04:36:14,70.14872,9.2253,74.55725,58.63865,849.23834,0.012256686,1541.2735616025966,50.0,N_709
2024-05-13 04:36:15,70.10656,9.216522,74.51529,58.50576,849.23834,-0.0032307033,1507.7166152442041,50.0,N_709
2024-05-13 04:36:16,70.06431,9.2077675,74.46633,58.379868,849.23834,-0.012750645,1408.2491639432756,50.0,N_709
2024-05-13 04:36:17,70.02197,9.199039,74.41737,58.24698,849.23834,-0.008543087,1337.9828316749117,50.0,N_709
2024-05-13 04:36:18,69.979546,9.190342,74.36841,58.121086,849.23834,-0.0072947955,1276.1779263038352,50.0,N_709
2024-05-13 04:36:19,69.937035,9.181671,74.31945,57.99519,849.23834,-0.0072358893,1214.7135096573693,50.0,N_709
2024-05-13 04:36:20,69.89444,9.173027,74.27049,57.869297,849.23834,-0.0071769827,1153.5887157942307,50.0,N_709
2024-05-13 04:36:21,69.85176,9.16441,74.221535,57.743404,849.23834,-0.0074995663,1091.156480927737,50.0,N_709
2024-05-13 04:36:22,69.80899,9.155819,74.17258,57.624504,849.23834,-0.0062947464,1036.0319697424711,50.0,N_709
2024-05-13 04:36:23,69.766136,9.147259,74.12362,57.498608,849.23834,-0.0033008363,1000.6648715739157,50.0,N_709
2024-05-13 04:36:24,69.7232,9.138725,74.07466,57.372715,849.23834,-0.006239935,946.3591612830223,50.0,N_709
2024-05-13 04:36:25,69.68017,9.1302185,74.0257,57.253815,849.23834,-0.009179033,872.8864040242661,50.0,N_709
2024-05-13 04:36:26,69.637054,9.121738,73.97674,57.134914,849.23834,-0.012118132,780.0095152414378,50.0,N_709
2024-05-13 04:36:27,69.59386,9.113285,73.92778,57.016014,849.23834,-0.011920746,686.8857452947723,50.0,N_709
2024-05-13 04:36:28,69.550575,9.104858,73.87882,56.89012,849.23834,-0.010943061,601.3915640366049,50.0,N_709
2024-05-13 04:36:29,69.5072,9.096462,73.829865,56.77122,849.23834,-0.009384657,527.450095572729,50.0,N_709
2024-05-13 04:36:30,69.463745,9.088093,73.78091,56.659317,849.23834,-0.007826254,462.8325072562493,50.0,N_709
2024-05-13 04:36:31,69.420204,9.07975,73.73195,56.540417,849.23834,-0.0062678508,408.25737212903005,50.0,N_709
2024-05-13 04:36:32,69.37657,9.071434,73.68299,56.421516,849.23834,-0.0047094473,363.95599429605136,50.0,N_709
2024-05-13 04:36:33,69.332855,9.063145,73.63403,56.302616,849.23834,-0.0031510438,327.87464775361514,50.0,N_709
2024-05-13 04:36:34,69.289055,9.054886,73.57808,56.183716,849.23834,-0.0100967735,240.89742139252667,50.0,N_709
2024-05-13 04:36:35,69.24517,9.046654,73.522125,56.07181,849.23834,-0.017996958,107.10696553183698,50.0,N_709
2024-05-13 04:36:36,69.201195,9.0384445,73.47317,55.95291,849.23834,-0.008622741,37.72588759726568,50.0,N_709
2024-05-13 04:36:37,69.157135,9.030266,73.42421,55.841003,849.23834,0.0007514743,29.69549548211762,50.0,N_709
2024-05-13 04:36:38,69.11299,9.022118,73.375244,55.7291,849.2401,-0.0090596415,-42.433829364106714,50.0,N_709
2024-05-13 04:36:39,69.068756,9.013992,73.32629,55.61719,849.23645,-0.0059092436,-94.01592977459404,50.0,N_709
2024-05-13 04:36:40,69.02444,9.0058975,73.27733,55.505287,849.2327,-0.00030067866,-108.93046220265205,50.0,N_709
2024-05-13 04:36:41,68.980034,8.997829,73.22837,55.393383,849.24567,-0.0021209624,-135.77282914602074,50.0,N_709
2024-05-13 04:36:42,68.93555,8.989788,73.17941,55.281475,849.26605,-0.0031846063,-169.60302680085806,50.0,N_709
2024-05-13 04:36:43,68.89097,8.981773,73.130455,55.16957,849.24945,0.0054040304,-147.10261245530273,50.0,N_709
2024-05-13 04:36:44,68.846306,8.973785,73.0815,55.057663,849.1587,0.011556025,-85.6027494907321,50.0,N_709
2024-05-13 04:36:45,68.80156,8.965828,73.03254,54.95275,849.0568,0.01354057,-0.3897162667108205,50.0,N_709
2024-05-13 04:36:46,68.75672,8.957893,72.976585,54.840847,849.0235,0.01235552,73.33688513502057,50.0,N_709
2024-05-13 04:36:47,68.7118,8.949989,72.92063,54.735935,849.0401,0.009299618,119.2767361777278,50.0,N_709
2024-05-13 04:36:48,68.666794,8.942112,72.87167,54.631023,849.0494,0.007957634,158.9626398306209,50.0,N_709
2024-05-13 04:36:49,68.621704,8.934261,72.822716,54.519115,849.0438,0.0038230743,170.72615160764872,50.0,N_709
2024-05-13 04:36:50,68.57652,8.926441,72.77375,54.414204,849.042,0.0011226548,165.08908153497214,50.0,N_709
2024-05-13 04:36:51,68.53126,8.918644,72.72479,54.316288,849.0438,-0.00232815,137.14123336461307,50.0,N_709
2024-05-13 04:36:52,68.48591,8.910877,72.675835,54.20438,849.0438,0.0004492513,127.07250353466952,50.0,N_709
2024-05-13 04:36:53,68.44047,8.903137,72.62688,54.099472,849.0438,0.0014823945,123.91796486852036,50.0,N_709
2024-05-13 04:36:54,68.39494,8.895424,72.57792,53.99456,849.0438,0.0025155377,128.8826692707189,50.0,N_709
2024-05-13 04:36:55,68.349335,8.887741,72.521965,53.89664,849.0438,0.0013583429,124.66804231011702,50.0,N_709
2024-05-13 04:36:56,68.30364,8.880081,72.46601,53.79173,849.0438,0.00020114813,111.78584778522963,50.0,N_709
2024-05-13 04:36:57,68.25786,8.872452,72.41705,53.693813,849.0438,-0.0013257642,90.57254363377251,50.0,N_709
2024-05-13 04:36:58,68.21199,8.864849,72.368095,53.5889,849.0438,0.0006134157,81.70489486779479,50.0,N_709
2024-05-13 04:36:59,68.16604,8.857273,72.31914,53.490982,849.0438,-0.0023128206,54.03496301650193,50.0,N_709
2024-05-13 04:37:00,68.119995,8.849724,72.27018,53.38607,849.0438,-0.0043632374,10.353680716623785,50.0,N_709
2024-05-13 04:37:01,68.0728,8.842304,72.214226,53.288155,849.0438,-0.0039953263,-29.214186726410844,50.0,N_709
2024-05-13 04:37:02,68.02556,8.834911,72.16527,53.190235,849.0438,-0.0034543553,-63.94914799760045,50.0,N_709
2024-05-13 04:37:03,67.97827,8.827541,72.11631,53.09232,849.0438,-0.0024498154,-92.2573470837433,50.0,N_709
2024-05-13 04:37:04,67.93093,8.820194,72.06735,52.9944,849.0438,-0.007022623,-154.688094420595,50.0,N_709
2024-05-13 04:37:05,67.88354,8.81287,72.0114,52.896484,849.0438,-0.009356484,-235.11663547388525,50.0,N_709
2024-05-13 04:37:06,67.8361,8.8055725,71.955444,52.798565,849.0438,-0.010689382,-317.8425573418572,50.0,N_709
2024-05-13 04:37:07,67.788605,8.798294,71.90649,52.70065,849.0438,-0.0087567475,-386.79491232561304,50.0,N_709
2024-05-13 04:37:08,67.74106,8.791046,71.85753,52.60273,849.0438,-0.011833847,-474.1291796760506,50.0,N_709
2024-05-13 04:37:09,67.693474,8.783817,71.80856,52.511806,849.0438,-0.011219867,-558.8366317904693,50.0,N_709
2024-05-13 04:37:10,67.64583,8.776615,71.759605,52.413887,849.0438,-0.013492105,-666.0018232784041,50.0,N_709
2024-05-13 04:37:11,67.59814,8.769436,71.70365,52.322964,849.0438,-0.011610193,-762.541826778941,50.0,N_709
2024-05-13 04:37:12,67.55039,8.7622795,71.647705,52.225048,849.0438,-0.011016599,-846.3052209793532,50.0,N_709
2024-05-13 04:37:13,67.5026,8.755146,71.59874,52.134125,849.0438,-0.013862364,-946.5459087016061,50.0,N_709
2024-05-13 04:37:14,67.454765,8.748039,71.54978,52.0432,849.0438,-0.013992532,-1049.4761852206993,50.0,N_709
2024-05-13 04:37:15,67.40687,8.740955,71.500824,51.945282,849.0438,-0.013378202,-1156.1128411433147,50.0,N_709
2024-05-13 04:37:16,67.35893,8.733894,71.44487,51.85436,849.0438,-0.013343384,-1263.752630879526,50.0,N_709
2024-05-13 04:37:17,67.310936,8.72686,71.388916,51.763435,849.0438,-0.0125476625,-1357.2839696371248,50.0,N_709
2024-05-13 04:37:18,67.26289,8.719849,71.33996,51.672512,849.0438,-0.009863279,-1432.4063569125246,50.0,N_709
2024-05-13 04:37:19,67.214806,8.71286,71.291,51.58159,849.0438,-0.011167038,-1523.4821478939084,50.0,N_709
2024-05-13 04:37:20,67.166664,8.705894,71.23505,51.490665,849.0438,-0.01284233,-1627.8116041492467,50.0,N_709
2024-05-13 04:37:21,67.11847,8.698956,71.17909,51.399742,849.0438,-0.0144975465,-1733.998606950041,50.0,N_709
2024-05-13 04:37:22,67.07023,8.6920395,71.130135,51.30882,849.0438,-0.015607405,-1856.551556501281,50.0,N_709
2024-05-13 04:37:23,67.021935,8.685146,71.07418,51.217896,849.0438,-0.01505396,-1966.4221173323858,50.0,N_709
2024-05-13 04:37:24,66.973595,8.67828,71.02522,51.126972,849.0438,-0.013342346,-2062.325303592217,50.0,N_709
2024-05-13 04:37:25,66.9252,8.6714325,70.976265,51.04304,849.0438,-0.013685078,-2171.2753703723374,50.0,N_709
2024-05-13 04:37:26,66.87676,8.664612,70.92031,50.952118,849.0438,-0.012328747,-2270.8468751945857,50.0,N_709
2024-05-13 04:37:27,66.82827,8.657818,70.864365,50.86819,849.0438,-0.010068645,-2348.895565018167,50.0,N_709
2024-05-13 04:37:28,66.77973,8.651043,70.8154,50.777267,849.0438,-0.011189981,-2431.5103405569444,50.0,N_709
2024-05-13 04:37:29,66.73114,8.644295,70.76644,50.693336,849.0438,-0.010381298,-2508.8872532332243,50.0,N_709
2024-05-13 04:37:30,66.682495,8.637569,70.71748,50.609406,849.0438,-0.010502056,-2594.3063062493347,50.0,N_709
2024-05-13 04:37:31,66.633804,8.630871,70.66153,50.52548,849.0438,-0.009923113,-2670.2867629262673,50.0,N_709
2024-05-13 04:37:32,66.58506,8.624191,70.61257,50.441547,849.0438,-0.011016401,-2760.689912524962,50.0,N_709
2024-05-13 04:37:33,66.53627,8.617538,70.55662,50.350624,849.0438,-0.0120428195,-2858.5838927233453,50.0,N_709
2024-05-13 04:37:34,66.48743,8.6109085,70.50066,50.266697,849.0438,-0.011705229,-2944.4383169460543,50.0,N_709
2024-05-13 04:37:35,66.43854,8.604305,70.451706,50.189762,849.0438,-0.009934965,-3019.052160252808,50.0,N_709
2024-05-13 04:37:36,66.389595,8.597725,70.40275,50.10583,849.0438,-0.008378369,-3090.872098370688,50.0,N_709
2024-05-13 04:37:37,66.34061,8.591167,70.346794,50.014908,849.0438,-0.0058725807,-3145.774875701167,50.0,N_709
2024-05-13 04:37:38,66.291565,8.584633,70.29084,49.930977,849.0438,-0.0045094118,-3187.284773621801,50.0,N_709
2024-05-13 04:37:39,66.24247,8.578121,70.24188,49.854042,849.0438,-0.0033719246,-3220.167545866516,50.0,N_709
2024-05-13 04:37:40,66.19333,8.571636,70.192924,49.777107,849.0438,-0.0018531922,-3243.8970535625303,50.0,N_709
2024-05-13 04:37:41,66.144135,8.565174,70.14397,49.69318,849.0438,0.00074936886,-3250.859869739259,50.0,N_709
2024-05-13 04:37:42,66.094894,8.558739,70.08801,49.60925,849.0438,-6.68352e-06,-3264.525270609289,50.0,N_709
2024-05-13 04:37:43,66.04561,8.552322,70.03206,49.532314,849.0438,-0.00018151558,-3279.2192365670726,50.0,N_709
2024-05-13 04:37:44,65.99626,8.545933,69.976105,49.448383,849.0438,0.00058110955,-3288.759020265139,50.0,N_709
2024-05-13 04:37:45,65.94687,8.539566,69.92016,49.364456,849.0438,0.0017630907,-3290.2002668422956,50.0,N_709
2024-05-13 04:37:46,65.89743,8.533226,69.864204,49.28752,849.0438,0.0049624103,-3272.787744151692,50.0,N_709
2024-05-13 04:37:47,65.84794,8.526905,69.81525,49.210583,849.0438,0.0067741876,-3242.6917166678904,50.0,N_709
2024-05-13 04:37:48,65.79839,8.520611,69.76629,49.133648,849.0438,0.0070496267,-3210.8546604343264,50.0,N_709
2024-05-13 04:37:49,65.7488,8.514343,69.71732,49.056713,849.0438,0.0026330112,-3204.3378532142942,50.0,N_709
2024-05-13 04:37:50,65.699165,8.508095,69.66138,48.972786,849.0438,0.0015391402,-3207.3007085095705,50.0,N_709
2024-05-13 04:37:51,65.649475,8.501873,69.60542,48.89585,849.0457,0.0013791565,-3212.1276841648705,50.0,N_709
2024-05-13 04:37:52,65.59973,8.495674,69.556465,48.818913,849.0457,0.0042580813,-3194.6405750938557,50.0,N_709
2024-05-13 04:37:53,65.54994,8.489498,69.50051,48.741978,849.042,0.007877567,-3153.4558614677626,50.0,N_709
2024-05-13 04:37:54,65.5001,8.483349,69.44456,48.665043,849.0383,0.011627525,-3086.238381214989,50.0,N_709
2024-05-13 04:37:55,65.4502,8.477222,69.3886,48.588108,849.0494,0.008092888,-3049.116000447786,50.0,N_709
2024-05-13 04:37:56,65.40026,8.471119,69.339645,48.511173,849.0642,0.002315584,-3046.6586657521366,50.0,N_709
2024-05-13 04:37:57,65.35027,8.465038,69.29069,48.43424,849.0198,0.0035083604,-3034.7150412288283,50.0,N_709
2024-05-13 04:37:58,65.30023,8.458984,69.23473,48.364296,848.9105,0.005829898,-3007.4309275339383,50.0,N_709
2024-05-13 04:37:59,65.25014,8.452953,69.17878,48.28736,848.83453,0.0073071974,-2970.9140450532086,50.0,N_709
2024-05-13 04:38:00,65.2,8.446945,69.122826,48.21742,848.83453,-0.0009374024,-2990.004614814159,50.0,N_709
2024-05-13 04:38:01,65.14973,8.441196,69.07387,48.140484,848.8531,-0.004307885,-3031.9842524093383,50.0,N_709
2024-05-13 04:38:02,65.0994,8.435463,69.017914,48.06355,848.8568,-0.0067126695,-3086.597845496706,50.0,N_709
2024-05-13 04:38:03,65.049034,8.429745,68.968956,47.99361,848.84937,-0.010220032,-3162.524450865096,50.0,N_709
2024-05-13 04:38:04,64.99862,8.424046,68.92,47.91667,848.8475,0.0042627812,-3145.3431686494423,50.0,N_709
2024-05-13 04:38:05,64.94816,8.418362,68.864044,47.846733,848.84937,0.00075056497,-3153.945823330825,50.0,N_709
2024-05-13 04:38:06,64.897644,8.412693,68.81509,47.77679,848.84937,0.0038178333,-3139.592888135605,50.0,N_709
2024-05-13 04:38:07,64.84709,8.40704,68.75913,47.706852,848.84937,0.0061054984,-3110.2099295319986,50.0,N_709
2024-05-13 04:38:08,64.796486,8.4014015,68.70318,47.629913,848.84937,0.0073825903,-3072.9898508850674,50.0,N_709
2024-05-13 04:38:09,64.745834,8.395779,68.647224,47.559975,848.84937,0.0067862663,-3044.405664316453,50.0,N_709
2024-05-13 04:38:10,64.69514,8.390175,68.59827,47.490032,848.84937,0.00659981,-3010.0973814698737,50.0,N_709
2024-05-13 04:38:11,64.644394,8.384586,68.54231,47.413097,848.84937,0.006413354,-2979.4664857347434,50.0,N_709
2024-05-13 04:38:12,64.5936,8.379013,68.48636,47.343155,848.84937,0.003008618,-2974.502718667476,50.0,N_709
2024-05-13 04:38:13,64.542755,8.373455,68.4374,47.28021,848.84937,0.0023372427,-2970.047453879706,50.0,N_709
2024-05-13 04:38:14,64.49187,8.367912,68.38145,47.21027,848.84937,0.0041759727,-2954.024838657697,50.0,N_709
2024-05-13 04:38:15,64.44093,8.362389,68.3255,47.13333,848.84937,0.004911128,-2933.6466943377927,50.0,N_709
2024-05-13 04:38:16,64.38995,8.35688,68.26955,47.063393,848.84937,0.004310487,-2920.20807773856,50.0,N_709
2024-05-13 04:38:17,64.33892,8.351387,68.22059,46.99345,848.84937,0.004273544,-2906.1334896967037,50.0,N_709
2024-05-13 04:38:18,64.28785,8.345909,68.17163,46.930504,848.84937,0.003671129,-2892.4550214885676,50.0,N_709
2024-05-13 04:38:19,64.236725,8.340446,68.11568,46.86056,848.84937,0.0048366156,-2872.3385630782414,50.0,N_709
2024-05-13 04:38:20,64.185555,8.335003,68.05972,46.790623,848.84937,0.005651165,-2847.262889259875,50.0,N_709
2024-05-13 04:38:21,64.13434,8.329571,68.00377,46.727673,848.84937,0.0058642924,-2819.8371984102705,50.0,N_709
2024-05-13 04:38:22,64.08307,8.324158,67.947815,46.657734,848.84937,0.0044257627,-2803.037003046389,50.0,N_709
2024-05-13 04:38:23,64.03176,8.31876,67.89186,46.594788,848.84937,0.0037585723,-2792.7242443917185,50.0,N_709
2024-05-13 04:38:24,63.980396,8.313381,67.8429,46.524845,848.84937,0.0030805913,-2785.3894765333243,50.0,N_709
2024-05-13 04:38:25,63.92899,8.308014,67.793945,46.454903,848.84937,0.0028771036,-2777.6521199217586,50.0,N_709
2024-05-13 04:38:26,63.877537,8.302666,67.73799,46.391956,848.84937,0.0031919396,-2768.598594420302,50.0,N_709
2024-05-13 04:38:27,63.826035,8.297329,67.68204,46.322014,848.84937,0.0031259407,-2760.5639404892972,50.0,N_709
2024-05-13 04:38:28,63.774487,8.292011,67.62608,46.259068,848.84937,0.0011989421,-2765.270145921988,50.0,N_709
2024-05-13 04:38:29,63.722893,8.286713,67.57014,46.18913,848.84937,-0.0016794662,-2789.8644282174573,50.0,N_709
2024-05-13 04:38:30,63.67125,8.281425,67.51418,46.12618,848.84937,0.0010303359,-2796.5842155152914,50.0,N_709
2024-05-13 04:38:31,63.619556,8.276157,67.465225,46.063232,848.84937,0.00010680741,-2807.4390267143335,50.0,N_709
2024-05-13 04:38:32,63.56782,8.270901,67.40927,46.000286,848.84937,-0.00081672106,-2825.404279337241,50.0,N_709
2024-05-13 04:38:33,63.516037,8.265663,67.36031,45.93734,848.84937,-0.0017402496,-2848.821853343061,50.0,N_709
2024-05-13 04:38:34,63.464203,8.260441,67.30436,45.874393,848.84937,-0.0004043753,-2864.559578405917,50.0,N_709
2024-05-13 04:38:35,63.412323,8.255238,67.248405,45.811447,848.84937,0.00093149894,-2871.0834122863725,50.0,N_709
2024-05-13 04:38:36,63.360397,8.250046,67.19245,45.741505,848.84937,0.0020207982,-2870.491468406475,50.0,N_709
2024-05-13 04:38:37,63.308426,8.244873,67.1365,45.67856,848.84937,0.001615829,-2872.4618583298325,50.0,N_709
2024-05-13 04:38:38,63.256405,8.239716,67.08054,45.615612,848.84937,0.0041856105,-2860.413599763626,50.0,N_709
2024-05-13 04:38:39,63.204334,8.234573,67.031586,45.559658,848.84937,0.0030982827,-2850.2681593645084,50.0,N_709
2024-05-13 04:38:40,63.15222,8.229446,66.97563,45.489716,848.84937,0.0048915464,-2833.521415736437,50.0,N_709
2024-05-13 04:38:41,63.10006,8.224335,66.926674,45.42677,848.84937,0.0006612883,-2840.650189419679,50.0,N_709
2024-05-13 04:38:42,63.047848,8.219242,66.87072,45.370815,848.84937,-0.0016513014,-2864.7023059372987,50.0,N_709
2024-05-13 04:38:43,62.99559,8.214165,66.814766,45.30787,848.84937,-0.0013321557,-2886.7651228046816,50.0,N_709
2024-05-13 04:38:44,62.943287,8.209103,66.75882,45.244923,848.84937,0.00087012793,-2893.7860788369417,50.0,N_709
2024-05-13 04:38:45,62.890934,8.204056,66.702866,45.181976,848.84937,0.0018169209,-2894.334652885722,50.0,N_709
2024-05-13 04:38:46,62.83854,8.199024,66.64691,45.119026,848.85126,0.0023859213,-2891.2747613693555,50.0,N_709
2024-05-13 04:38:47,62.78609,8.194012,66.59096,45.063076,848.84937,0.002245204,-2890.2738654041204,50.0,N_709
2024-05-13 04:38:48,62.733597,8.189014,66.542,45.00013,848.8438,0.002715654,-2883.246162632682,50.0,N_709
2024-05-13 04:38:49,62.681057,8.184032,66.486046,44.93718,848.8475,0.010399972,-2826.3048409357707,50.0,N_709
2024-05-13 04:38:50,62.62847,8.179066,66.43009,44.88123,848.86786,0.01762137,-2730.836310961098,50.0,N_709
2024-05-13 04:38:51,62.575836,8.174114,66.381134,44.818283,848.8753,0.027545415,-2557.143803015826,50.0,N_709
2024-05-13 04:38:52,62.523155,8.169178,66.32518,44.76233,848.8234,0.025995228,-2391.835459890466,50.0,N_709
2024-05-13 04:38:53,62.470425,8.164261,66.269226,44.699383,848.7142,0.024445044,-2240.295811139991,50.0,N_709
2024-05-13 04:38:54,62.41765,8.159359,66.21327,44.64343,848.64014,0.020354167,-2113.536457641645,50.0,N_709
2024-05-13 04:38:55,62.364826,8.154472,66.157326,44.580482,848.64014,0.019675363,-2008.0794065841455,50.0,N_709
2024-05-13 04:38:56,62.311954,8.149601,66.10836,44.52453,848.6586,0.023702335,-1859.8163242025166,50.0,N_709
2024-05-13 04:38:57,62.259037,8.144749,66.052414,44.468575,848.6586,0.025741031,-1699.1561951431668,50.0,N_709
2024-05-13 04:38:58,62.20607,8.139908,65.99646,44.412624,848.6531,0.02367433,-1549.374845592336,50.0,N_709
2024-05-13 04:38:59,62.153057,8.135086,65.940506,44.349674,848.6531,0.019834647,-1428.6047176027369,50.0,N_709
2024-05-13 04:39:00,62.1,8.13028,65.88455,44.293724,848.6549,0.013438578,-1360.3393423502785,50.0,N_709
2024-05-13 04:39:01,62.046482,8.125561,65.835594,44.23777,848.6549,0.010574841,-1300.3475062592115,50.0,N_709
2024-05-13 04:39:02,61.99293,8.120857,65.77964,44.181816,848.6549,0.013464058,-1222.2460053289215,50.0,N_709
2024-05-13 04:39:03,61.93935,8.116165,65.72369,44.125862,848.6549,0.013460806,-1142.401894507988,50.0,N_709
2024-05-13 04:39:04,61.88573,8.111488,65.66773,44.062916,848.6549,0.014383841,-1068.4848205519102,50.0,N_709
2024-05-13 04:39:05,61.83208,8.106827,65.618774,44.006966,848.6549,0.0072282227,-1031.8401181036552,50.0,N_709
2024-05-13 04:39:06,61.778397,8.102177,65.56282,43.958004,848.6549,0.0043579815,-1014.377582084373,50.0,N_709
2024-05-13 04:39:07,61.72468,8.097538,65.50687,43.895058,848.6549,0.0070237997,-979.8326949168768,50.0,N_709
2024-05-13 04:39:08,61.670933,8.092915,65.45092,43.839104,848.6549,0.0021555503,-977.9836097507487,50.0,N_709
2024-05-13 04:39:09,61.61715,8.088306,65.394966,43.783154,848.6549,0.00094515155,-984.3121666161405,50.0,N_709
2024-05-13 04:39:10,61.56333,8.08371,65.33901,43.7272,848.6549,-0.0032737223,-1018.7792452375161,50.0,N_709
2024-05-13 04:39:11,61.509483,8.079124,65.28306,43.67824,848.6549,-0.0073954426,-1081.3410495661847,50.0,N_709
2024-05-13 04:39:12,61.455597,8.074554,65.227104,43.622288,848.6549,-0.006440672,-1137.6379906975217,50.0,N_709
2024-05-13 04:39:13,61.40168,8.07,65.17115,43.566334,848.6549,-0.006480594,-1194.2154074444843,50.0,N_709
2024-05-13 04:39:14,61.347733,8.065456,65.1152,43.510384,848.6549,-0.010389736,-1277.2667031762758,50.0,N_709
2024-05-13 04:39:15,61.293747,8.060928,65.05925,43.45443,848.6549,-0.011789652,-1369.8262098745763,50.0,N_709
2024-05-13 04:39:16,61.23973,8.056416,65.003296,43.398476,848.6549,-0.012819882,-1460.2765544902231,50.0,N_709
2024-05-13 04:39:17,61.18568,8.05191,64.95434,43.34252,848.6549,-0.0097797075,-1536.6546982990003,50.0,N_709
2024-05-13 04:39:18,61.1316,8.047424,64.898384,43.293564,848.6549,-0.008684599,-1606.9786116406085,50.0,N_709
2024-05-13 04:39:19,61.07748,8.04295,64.84243,43.244606,848.6549,-0.0047034705,-1651.3851575882381,50.0,N_709
2024-05-13 04:39:20,61.02333,8.0384865,64.786476,43.188652,848.6549,-0.0032368696,-1683.2855515732736,50.0,N_709
2024-05-13 04:39:21,60.969147,8.034039,64.73752,43.139694,848.6549,-0.0035900285,-1718.745469819114,50.0,N_709
2024-05-13 04:39:22,60.914932,8.029606,64.681564,43.08374,848.6549,-0.0059138113,-1771.5697824583458,50.0,N_709
2024-05-13 04:39:23,60.86068,8.025185,64.62561,43.027786,848.6549,-0.005005041,-1818.2325447983894,50.0,N_709
2024-05-13 04:39:24,60.806396,8.020779,64.56966,42.971836,848.6549,-0.0040962705,-1855.251529804822,50.0,N_709
2024-05-13 04:39:25,60.752083,8.016384,64.5207,42.922874,848.6549,-0.0012382646,-1874.7522688226945,50.0,N_709
2024-05-13 04:39:26,60.69773,8.012005,64.464745,42.866924,848.6549,0.002866686,-1868.3015441051266,50.0,N_709
2024-05-13 04:39:27,60.64335,8.007637,64.40879,42.817966,848.6549,0.005746215,-1842.456159936357,50.0,N_709
2024-05-13 04:39:28,60.588932,8.003284,64.352844,42.769005,848.6549,0.006356006,-1812.5235225243305,50.0,N_709
2024-05-13 04:39:29,60.53448,7.998947,64.29689,42.720047,848.6549,0.0057553863,-1785.8514296686626,50.0,N_709
2024-05-13 04:39:30,60.48,7.9946136,64.24094,42.664093,848.6549,0.005154767,-1764.0930813304312,50.0,N_709
2024-05-13 04:39:31,60.42548,7.990303,64.18498,42.615135,848.6549,0.0036297464,-1751.85912210286,50.0,N_709
2024-05-13 04:39:32,60.37093,7.9860077,64.12903,42.55918,848.6549,0.007862694,-1711.9889035914348,50.0,N_709
2024-05-13 04:39:33,60.31635,7.98172,64.073074,42.510223,848.65674,0.008849534,-1665.3291949302202,50.0,N_709
2024-05-13 04:39:34,60.26173,7.9774475,64.01712,42.461266,848.6531,0.008027895,-1624.1457912805326,50.0,N_709
2024-05-13 04:39:35,60.20708,7.9731903,63.96117,42.412308,848.64935,0.0091031315,-1574.5632756117102,50.0,N_709
2024-05-13 04:39:36,60.152397,7.9689407,63.905216,42.356354,848.6605,0.0097846,-1521.7804134331964,50.0,N_709
2024-05-13 04:39:37,60.097683,7.964714,63.849266,42.307396,848.6753,0.009096083,-1479.9533140468684,50.0,N_709
2024-05-13 04:39:38,60.04293,7.960495,63.800304,42.258434,848.63086,0.005453382,-1454.526550466382,50.0,N_709
2024-05-13 04:39:39,59.988148,7.956291,63.744354,42.209476,848.52344,0.005470543,-1430.3692977797764,50.0,N_709
2024-05-13 04:39:40,59.93333,7.952095,63.6884,42.16052,848.44196,0.0055208197,-1405.8638775168401,50.0,N_709
2024-05-13 04:39:41,59.878483,7.9479218,63.632446,42.11156,848.4346,0.0074660103,-1362.8590815385487,50.0,N_709
2024-05-13 04:39:42,59.823597,7.943756,63.5695,42.0626,848.4567,0.0063698725,-1338.6264576691465,50.0,N_709
2024-05-13 04:39:43,59.76868,7.9396057,63.520542,42.01364,848.466,0.0034986786,-1326.2281273221888,50.0,N_709
2024-05-13 04:39:44,59.71373,7.9354706,63.46459,41.964684,848.46045,0.0033347989,-1316.3177675267689,50.0,N_709
2024-05-13 04:39:45,59.65875,7.931343,63.408634,41.915726,848.4586,0.0051346454,-1294.3386825970592,50.0,N_709
2024-05-13 04:39:46,59.603733,7.927231,63.352684,41.866764,848.46045,0.0029839294,-1286.7614539294555,50.0,N_709
2024-05-13 04:39:47,59.548683,7.923134,63.29673,41.817806,848.46045,-0.000931464,-1305.4280307332556,50.0,N_709
2024-05-13 04:39:48,59.4936,7.919052,63.240776,41.76885,848.46045,-0.002726237,-1336.1281694188365,50.0,N_709
2024-05-13 04:39:49,59.43848,7.9149857,63.184826,41.71989,848.46045,-0.002509411,-1365.0703695534612,50.0,N_709
2024-05-13 04:39:50,59.38333,7.910927,63.128872,41.677925,848.46045,-0.0014389196,-1386.9599663237968,50.0,N_709
2024-05-13 04:39:51,59.328148,7.9068832,63.072918,41.628963,848.46045,0.0005963244,-1395.3653790350108,50.0,N_709
2024-05-13 04:39:52,59.27293,7.902855,63.016964,41.580006,848.46045,-0.00020123765,-1409.1202741434972,50.0,N_709
2024-05-13 04:39:53,59.21768,7.898842,62.961014,41.531048,848.46045,-0.0009987997,-1428.2268481056526,50.0,N_709
2024-05-13 04:39:54,59.1624,7.8948364,62.90506,41.48209,848.46045,-0.0019612499,-1452.3899302360842,50.0,N_709
2024-05-13 04:39:55,59.107082,7.8908463,62.856102,41.43313,848.46045,0.00028263155,-1461.523721303358,50.0,N_709
2024-05-13 04:39:56,59.05173,7.8868713,62.800148,41.391167,848.46045,0.0020262832,-1460.1217261255952,50.0,N_709
2024-05-13 04:39:57,58.99635,7.8829117,62.744194,41.342205,848.46045,0.0021516685,-1458.045511236829,50.0,N_709
2024-05-13 04:39:58,58.940933,7.8789673,62.68824,41.293247,848.46045,0.0020692337,-1456.7764367468262,50.0,N_709
2024-05-13 04:39:59,58.885483,7.8750305,62.63229,41.25128,848.46045,0.0010736741,-1461.7594615658163,50.0,N_709
2024-05-13 04:40:00,58.829998,7.871109,62.576336,41.202324,848.46045,5.02186e-05,-1473.8033925661548,50.0,N_709
2024-05-13 04:40:01,58.77432,7.8673096,62.520382,41.16036,848.46045,-0.0005075685,-1489.4157017222133,50.0,N_709
2024-05-13 04:40:02,58.71861,7.8635178,62.46443,41.1114,848.46045,0.0007428831,-1496.877727697276,50.0,N_709
2024-05-13 04:40:03,58.662872,7.8597336,62.408478,41.069435,848.46045,-0.00028502216,-1510.9867785445822,50.0,N_709
2024-05-13 04:40:04,58.60711,7.8559647,62.352524,41.020477,848.46045,-0.00062299875,-1527.4626391563797,50.0,N_709
2024-05-13 04:40:05,58.55132,7.8522034,62.29657,40.97851,848.46045,0.00010521375,-1538.9371919193,50.0,N_709
2024-05-13 04:40:06,58.4955,7.8484497,62.24062,40.929554,848.46045,0.0011319777,-1544.635632676931,50.0,N_709
2024-05-13 04:40:07,58.43965,7.8447113,62.191658,40.88759,848.46045,0.0040277643,-1528.2799295771401,50.0,N_709
2024-05-13 04:40:08,58.383778,7.8409805,62.135708,40.83863,848.46045,0.0006772105,-1536.1481858572806,50.0,N_709
2024-05-13 04:40:09,58.327873,7.8372574,62.079754,40.796665,848.46045,0.00089060375,-1542.3126033053522,50.0,N_709
2024-05-13 04:40:10,58.271942,7.8335495,62.0238,40.747707,848.46045,-0.00049051514,-1557.8943014886427,50.0,N_709
2024-05-13 04:40:11,58.215984,7.8298416,61.96785,40.70574,848.4586,0.0007396502,-1564.6155362489262,50.0,N_709
2024-05-13 04:40:12,58.16,7.8261566,61.9049,40.663776,848.46045,0.0016499847,-1568.4516655794832,50.0,N_709
2024-05-13 04:40:13,58.103985,7.8224716,61.85594,40.621815,848.46045,0.0009156113,-1573.0356492031788,50.0,N_709
2024-05-13 04:40:14,58.047943,7.818802,61.799988,40.572853,848.4586,0.00048117555,-1582.1739638750514,50.0,N_709
2024-05-13 04:40:15,57.991875,7.81514,61.744038,40.530888,848.45496,-0.0007787084,-1599.4747225604297,50.0,N_709
2024-05-13 04:40:16,57.935776,7.8114853,61.688084,40.488926,848.4642,-0.0007796569,-1617.4496615109274,50.0,N_709
2024-05-13 04:40:17,57.87965,7.8078384,61.625137,40.439964,848.4752,-0.00076711224,-1636.2288001423076,50.0,N_709
2024-05-13 04:40:18,57.823498,7.804207,61.569183,40.398003,848.44196,0.00067612965,-1643.8852983027355,50.0,N_709
2024-05-13 04:40:19,57.76732,7.800583,61.51323,40.356037,848.35675,0.00017266555,-1654.998346052671,50.0,N_709
2024-05-13 04:40:20,57.71111,7.796974,61.46427,40.31407,848.27527,-0.0012180457,-1673.8087905474786,50.0,N_709
2024-05-13 04:40:21,57.654873,7.793373,61.408318,40.272106,848.2493,2.9864197e-05,-1685.734938040885,50.0,N_709
2024-05-13 04:40:22,57.59861,7.7897797,61.352367,40.23014,848.2623,0.0023346338,-1682.3789035637783,50.0,N_709
2024-05-13 04:40:23,57.542316,7.786194,61.296413,40.18818,848.2697,0.0021738638,-1678.2105072716404,50.0,N_709
2024-05-13 04:40:24,57.486,7.7826157,61.233467,40.139217,848.266,0.00096366694,-1685.4885356530285,50.0,N_709
2024-05-13 04:40:25,57.429653,7.7790527,61.177513,40.097256,848.2641,0.00059321726,-1693.6618686815345,50.0,N_709
2024-05-13 04:40:26,57.373276,7.775505,61.12156,40.05529,848.266,0.0009714116,-1699.321999180309,50.0,N_709
2024-05-13 04:40:27,57.316875,7.7719574,61.06561,40.013325,848.266,0.0018817089,-1698.9355142015374,50.0,N_709
2024-05-13 04:40:28,57.260445,7.768425,61.009655,39.97136,848.266,0.0018820371,-1698.5411891295298,50.0,N_709
2024-05-13 04:40:29,57.203983,7.7649,60.9537,39.929394,848.266,0.00067050214,-1706.1828005360621,50.0,N_709
2024-05-13 04:40:30,57.1475,7.761383,60.897747,39.887432,848.266,-0.0014145342,-1727.6623436129667,50.0,N_709
2024-05-13 04:40:31,57.090984,7.757881,60.841797,39.845467,848.266,-0.0012116283,-1747.792215395646,50.0,N_709
2024-05-13 04:40:32,57.034443,7.754387,60.785843,39.8035,848.266,-0.0013610573,-1768.91295664246,50.0,N_709
2024-05-13 04:40:33,56.977875,7.7509003,60.72989,39.761536,848.266,-0.0030971165,-1799.3168811758842,50.0,N_709
2024-05-13 04:40:34,56.921276,7.747429,60.68093,39.719574,848.266,-0.004293987,-1838.5379377312347,50.0,N_709
2024-05-13 04:40:35,56.86465,7.743965,60.624977,39.67761,848.266,-0.0025116047,-1866.989395297729,50.0,N_709
2024-05-13 04:40:36,56.808,7.740509,60.569027,39.642635,848.266,-0.0016312645,-1889.7286658937228,50.0,N_709
2024-05-13 04:40:37,56.75132,7.7370605,60.513073,39.600674,848.266,-0.0019632706,-1916.286756163434,50.0,N_709
2024-05-13 04:40:38,56.69461,7.7336273,60.450127,39.55871,848.266,-0.0008960469,-1935.6828590533732,50.0,N_709
2024-05-13 04:40:39,56.637875,7.7302017,60.394173,39.516743,848.266,-0.00070534257,-1952.4264653528699,50.0,N_709
2024-05-13 04:40:40,56.58111,7.7267838,60.33822,39.474777,848.266,-0.0033060592,-1983.6093228697173,50.0,N_709
2024-05-13 04:40:41,56.52432,7.723381,60.28926,39.439808,848.266,-0.004150669,-2021.723786964012,50.0,N_709
2024-05-13 04:40:42,56.4675,7.719986,60.233307,39.397842,848.266,-0.0034180486,-2056.510485919396,50.0,N_709
2024-05-13 04:40:43,56.410652,7.7165985,60.177357,39.355877,848.266,-0.002722973,-2086.671143033742,50.0,N_709
2024-05-13 04:40:44,56.353775,7.7132263,60.121403,39.313915,848.2641,-0.0018347807,-2112.266728665909,50.0,N_709
2024-05-13 04:40:45,56.296875,7.7098618,60.058456,39.27195,848.2641,-0.0011214623,-2132.998433723631,50.0,N_709
2024-05-13 04:40:46,56.239944,7.706505,60.002502,39.236977,848.266,-0.00094018003,-2151.1175137707905,50.0,N_709
2024-05-13 04:40:47,56.182983,7.7031555,59.94655,39.195015,848.266,-0.00076504063,-2168.232698170854,50.0,N_709
2024-05-13 04:40:48,56.126,7.6998215,59.8906,39.15305,848.26044,-0.00040198397,-2182.925051930353,50.0,N_709
2024-05-13 04:40:49,56.068985,7.696495,59.834644,39.111084,848.2623,-0.00040067546,-2197.5542063514495,50.0,N_709
2024-05-13 04:40:50,56.011944,7.6931763,59.77869,39.076115,848.2845,-0.00073990016,-2214.2317304988883,50.0,N_709
2024-05-13 04:40:51,55.954872,7.6898727,59.722736,39.04114,848.29193,-0.0008883565,-2231.99105386641,50.0,N_709
2024-05-13 04:40:52,55.897778,7.686569,59.666786,38.99918,848.2382,-0.00087819766,-2249.844294024435,50.0,N_709
2024-05-13 04:40:53,55.840652,7.6832886,59.610832,38.957214,848.1308,-0.00086205936,-2267.587463787215,50.0,N_709
2024-05-13 04:40:54,55.783497,7.680008,59.55488,38.91525,848.05676,-0.0009989438,-2285.372856667871,50.0,N_709
2024-05-13 04:40:55,55.72632,7.6767426,59.50592,38.88028,848.05676,-0.0010019381,-2303.238203877152,50.0,N_709
2024-05-13 04:40:56,55.66911,7.673485,59.442974,38.838314,848.07526,-0.0008085654,-2321.882983691541,50.0,N_709
2024-05-13 04:40:57,55.611874,7.6702347,59.38702,38.803345,848.07526,-0.000947902,-2340.717209628632,50.0,N_709
2024-05-13 04:40:58,55.55461,7.667,59.324074,38.76138,848.0697,-0.0014644212,-2362.5658694205667,50.0,N_709
2024-05-13 04:40:59,55.49732,7.6637726,59.275116,38.72641,848.0697,-0.0014474017,-2382.470026615327,50.0,N_709
2024-05-13 04:41:00,55.44,7.660553,59.219162,38.691437,848.0697,-0.00074196607,-2399.2254913858324,50.0,N_709
2024-05-13 04:41:01,55.382816,7.657425,59.163208,38.64947,848.07153,-0.0010678065,-2418.9718410296773,50.0,N_709
2024-05-13 04:41:02,55.3256,7.654297,59.10026,38.614502,848.07153,-0.0012218889,-2440.2992835215864,50.0,N_709
2024-05-13 04:41:03,55.26835,7.651184,59.044308,38.572536,848.0697,-0.0012087335,-2460.1648606571325,50.0,N_709
2024-05-13 04:41:04,55.211063,7.6480713,58.988358,38.537567,848.0697,-0.0011955783,-2479.0781987320206,50.0,N_709
2024-05-13 04:41:05,55.153748,7.6449738,58.939396,38.4956,848.07153,-0.0010010579,-2496.2065337317945,50.0,N_709
2024-05-13 04:41:06,55.096397,7.641876,58.883446,38.460632,848.0697,-0.00063902244,-2512.166755948785,50.0,N_709
2024-05-13 04:41:07,55.039017,7.638794,58.82749,38.425663,848.0697,-0.0006232658,-2528.10555234568,50.0,N_709
2024-05-13 04:41:08,54.981598,7.6357117,58.771538,38.383698,848.0697,-0.0006075326,-2544.0150016413445,50.0,N_709
2024-05-13 04:41:09,54.92415,7.632637,58.715584,38.348724,848.0697,-0.0005905294,-2559.6469379477894,50.0,N_709
2024-05-13 04:41:10,54.866665,7.6295776,58.659634,38.313755,848.0697,-0.00057352614,-2575.661206775514,50.0,N_709
2024-05-13 04:41:11,54.809147,7.6265182,58.596684,38.27179,848.07153,-0.00055332924,-2592.571554321081,50.0,N_709
2024-05-13 04:41:12,54.7516,7.6234665,58.540733,38.23682,848.07153,-0.0005377034,-2608.245117847553,50.0,N_709
2024-05-13 04:41:13,54.694016,7.6204224,58.477787,38.20185,848.0697,-0.0005286895,-2624.896077326328,50.0,N_709
2024-05-13 04:41:14,54.6364,7.617386,58.421833,38.159885,848.0697,-0.0005104903,-2639.769111136715,50.0,N_709
2024-05-13 04:41:15,54.578747,7.614357,58.372875,38.124916,848.07153,-0.0004968527,-2653.396701174004,50.0,N_709
2024-05-13 04:41:16,54.521065,7.6113358,58.31692,38.089943,848.07153,-0.00030198044,-2667.1086377188585,50.0,N_709
2024-05-13 04:41:17,54.46335,7.608322,58.260967,38.054974,848.0697,5.756505e-05,-2678.4567353173425,50.0,N_709
2024-05-13 04:41:18,54.405598,7.605316,58.205013,38.020004,848.066,-0.0004392532,-2693.0613658782295,50.0,N_709
2024-05-13 04:41:19,54.347813,7.60231,58.149063,37.98503,848.07715,-0.00042381132,-2707.560186780771,50.0,N_709
2024-05-13 04:41:20,54.289997,7.5993195,58.09311,37.95006,848.0975,-0.00057617424,-2723.137526192064,50.0,N_709
2024-05-13 04:41:21,54.232147,7.5963364,58.037155,37.908096,848.0808,-0.00039038286,-2737.5689603593637,50.0,N_709
2024-05-13 04:41:22,54.174263,7.5933533,57.981205,37.873127,847.99194,-0.00037239734,-2751.7177588636077,50.0,N_709
2024-05-13 04:41:23,54.11635,7.5903854,57.92525,37.838154,847.8882,-0.00035706212,-2765.762543842404,50.0,N_709
2024-05-13 04:41:24,54.0584,7.587425,57.869297,37.803185,847.85486,-0.00017165934,-2778.712772833933,50.0,N_709
2024-05-13 04:41:25,54.000416,7.584465,57.80635,37.768215,847.87335,-0.00015195989,-2792.7631874491162,50.0,N_709
2024-05-13 04:41:26,53.942398,7.5815125,57.750397,37.733242,847.8808,-0.0003067005,-2806.4643421895707,50.0,N_709
2024-05-13 04:41:27,53.884346,7.578575,57.694447,37.698273,847.8771,-0.0002914734,-2820.0605153029755,50.0,N_709
2024-05-13 04:41:28,53.826263,7.575638,57.638493,37.663303,847.87335,-0.0002736495,-2833.575660141005,50.0,N_709
2024-05-13 04:41:29,53.768147,7.5727158,57.58254,37.621338,847.87524,-8.045876e-05,-2845.934940098423,50.0,N_709
2024-05-13 04:41:30,53.71,7.5697937,57.526585,37.58637,847.8771,-6.279268e-05,-2858.0152832074345,50.0,N_709
2024-05-13 04:41:31,53.651814,7.5668793,57.470634,37.551395,847.8771,0.0002910442,-2867.763469755395,50.0,N_709
2024-05-13 04:41:32,53.593597,7.5639725,57.41468,37.516426,847.87524,0.00033101212,-2877.0351968895156,50.0,N_709
2024-05-13 04:41:33,53.535347,7.5610733,57.351734,37.48845,847.87524,0.0001726286,-2888.753793482272,50.0,N_709
2024-05-13 04:41:34,53.477062,7.558182,57.29578,37.45348,847.87524,1.4245084e-05,-2900.309091641935,50.0,N_709
2024-05-13 04:41:35,53.418747,7.555298,57.239826,37.41851,847.87524,-0.00014413844,-2912.902021378981,50.0,N_709
2024-05-13 04:41:36,53.360397,7.5524216,57.183876,37.383537,847.87524,5.911279e-05,-2924.152175939558,50.0,N_709
2024-05-13 04:41:37,53.302013,7.549553,57.127922,37.348568,847.87524,0.00024276409,-2934.18942686401,50.0,N_709
2024-05-13 04:41:38,53.243595,7.546692,57.071968,37.3136,847.87524,0.0005949102,-2941.903406707139,50.0,N_709
2024-05-13 04:41:39,53.185146,7.5438385,57.016014,37.278625,847.87524,-4.5769964e-05,-2953.8308842164097,50.0,N_709
2024-05-13 04:41:40,53.126663,7.540985,56.960064,37.243656,847.87524,0.00064315164,-2961.2160544102426,50.0,N_709
2024-05-13 04:41:41,53.068146,7.538147,56.90411,37.208687,847.87524,0.00014658441,-2971.885718809317,50.0,N_709
2024-05-13 04:41:42,53.009598,7.5353165,56.848156,37.18071,847.87524,1.2823439e-06,-2983.3337305020614,50.0,N_709
2024-05-13 04:41:43,52.951015,7.532486,56.792206,37.145737,847.87524,1.6036734e-05,-2994.820971021274,50.0,N_709
2024-05-13 04:41:44,52.892395,7.5296707,56.729256,37.103775,847.87524,3.5235367e-05,-3007.7047979593735,50.0,N_709
2024-05-13 04:41:45,52.833748,7.5268555,56.673306,37.075798,847.8771,4.9931783e-05,-3018.817508041455,50.0,N_709
2024-05-13 04:41:46,52.775063,7.5240555,56.61735,37.040825,847.8771,-0.00026278957,-3032.14285216371,50.0,N_709
2024-05-13 04:41:47,52.716347,7.5212555,56.561398,37.005856,847.8715,8.186704e-05,-3043.201940985382,50.0,N_709
2024-05-13 04:41:48,52.657597,7.518471,56.505444,36.97788,847.87335,9.6479256e-05,-3053.994953610667,50.0,N_709
2024-05-13 04:41:49,52.598812,7.515686,56.449493,36.94291,847.89374,0.00012764116,-3064.7316057884655,50.0,N_709
2024-05-13 04:41:50,52.539997,7.512909,56.39354,36.90794,847.903,0.0003123281,-3074.2459788913584,50.0,N_709
2024-05-13 04:41:51,52.481148,7.5101395,56.337585,36.872967,847.8493,0.0009715636,-3079.5325077215166,50.0,N_709
2024-05-13 04:41:52,52.422264,7.5073853,56.281635,36.84499,847.74005,0.0003245883,-3088.801179193166,50.0,N_709
2024-05-13 04:41:53,52.363346,7.504631,56.22568,36.81002,847.6678,0.00018264064,-3099.021008448186,50.0,N_709
2024-05-13 04:41:54,52.304398,7.5018845,56.162735,36.77505,847.6678,-0.00013516823,-3112.798688889943,50.0,N_709
2024-05-13 04:41:55,52.245415,7.4991455,56.10678,36.747074,847.6845,5.4631935e-05,-3123.8350065283485,50.0,N_709
2024-05-13 04:41:56,52.186398,7.496414,56.050827,36.712105,847.6845,0.00023856327,-3133.805709914388,50.0,N_709
2024-05-13 04:41:57,52.127346,7.4936905,55.994877,36.67713,847.6807,-0.00024727112,-3146.798004950666,50.0,N_709
2024-05-13 04:41:58,52.068264,7.490967,55.945915,36.642162,847.6807,9.671193e-05,-3156.362039855727,50.0,N_709
2024-05-13 04:41:59,52.009148,7.4882584,55.889965,36.614185,847.6807,0.00044069497,-3164.829806139698,50.0,N_709
2024-05-13 04:42:00,51.949997,7.4855576,55.83401,36.579216,847.6826,0.0007796146,-3170.630735352177,50.0,N_709
2024-05-13 04:42:01,51.89073,7.482918,55.771065,36.544243,847.6807,0.0013191506,-3174.9575263720762,50.0,N_709
2024-05-13 04:42:02,51.831436,7.480278,55.71511,36.51627,847.6807,0.001668036,-3174.0681538783538,50.0,N_709
2024-05-13 04:42:03,51.77211,7.4776535,55.652164,36.481297,847.6807,0.0018330016,-3174.8100242623113,50.0,N_709
2024-05-13 04:42:04,51.712753,7.475029,55.59621,36.446327,847.6807,0.002012345,-3173.285241771542,50.0,N_709
2024-05-13 04:42:05,51.653366,7.4724045,55.540257,36.41835,847.6807,0.0023519245,-3169.404709908791,50.0,N_709
2024-05-13 04:42:06,51.59395,7.469795,55.484306,36.390373,847.6807,0.0023565744,-3166.8845704123178,50.0,N_709
2024-05-13 04:42:07,51.5345,7.467186,55.435345,36.355404,847.6807,0.0023757748,-3161.3265106733015,50.0,N_709
2024-05-13 04:42:08,51.47502,7.4645844,55.379395,36.320435,847.6807,0.0023911833,-3155.524049607784,50.0,N_709
2024-05-13 04:42:09,51.415512,7.4619827,55.316444,36.292458,847.6807,0.002405718,-3152.28544536538,50.0,N_709
2024-05-13 04:42:10,51.35597,7.4593964,55.260494,36.257484,847.6807,0.0024184315,-3146.274136280299,50.0,N_709
2024-05-13 04:42:11,51.2964,7.45681,55.197548,36.22951,847.6807,0.002432897,-3142.837888564776,50.0,N_709
2024-05-13 04:42:12,51.236797,7.4542236,55.141594,36.19454,847.6807,0.0024481756,-3138.439025942378,50.0,N_709
2024-05-13 04:42:13,51.177166,7.4516525,55.08564,36.16656,847.6826,0.0024607927,-3133.4642053237367,50.0,N_709
2024-05-13 04:42:14,51.117504,7.4490814,55.029686,36.13159,847.6807,0.0021458298,-3131.0130300479977,50.0,N_709
2024-05-13 04:42:15,51.05781,7.4465103,54.973736,36.103615,847.67706,0.001993614,-3129.116112713087,50.0,N_709
2024-05-13 04:42:16,50.99809,7.4439545,54.91778,36.068645,847.68634,0.0020064567,-3127.5550963078094,50.0,N_709
2024-05-13 04:42:17,50.93833,7.4413986,54.861828,36.04067,847.69745,0.0015249576,-3127.6251418631036,50.0,N_709
2024-05-13 04:42:18,50.878548,7.4388504,54.79888,36.0057,847.66223,0.0020364483,-3127.1928767067366,50.0,N_709
2024-05-13 04:42:19,50.818733,7.43631,54.742928,35.977722,847.5771,0.0025428669,-3121.98584498305,50.0,N_709
2024-05-13 04:42:20,50.75889,7.433769,54.686977,35.949745,847.49554,0.0025552616,-3116.333001267296,50.0,N_709
2024-05-13 04:42:21,50.699013,7.4312363,54.631023,35.914776,847.4715,0.002570258,-3111.0830726601853,50.0,N_709
2024-05-13 04:42:22,50.639103,7.428711,54.57507,35.8868,847.48444,0.0025825894,-3105.598323228991,50.0,N_709
2024-05-13 04:42:23,50.579166,7.4261856,54.519115,35.85882,847.49,0.0026029681,-3099.6091339862687,50.0,N_709
2024-05-13 04:42:24,50.5192,7.423668,54.463165,35.823853,847.48816,0.0026178623,-3094.0298206779917,50.0,N_709
2024-05-13 04:42:25,50.4592,7.421158,54.40721,35.795876,847.4863,0.002458115,-3087.175396110346,50.0,N_709
2024-05-13 04:42:26,50.39917,7.4186554,54.344265,35.760902,847.4863,0.002144572,-3085.6819147940587,50.0,N_709
2024-05-13 04:42:27,50.33911,7.416153,54.28831,35.725933,847.4863,0.002323396,-3081.993603427156,50.0,N_709
2024-05-13 04:42:28,50.279022,7.413658,54.232357,35.697956,847.4863,0.0026629202,-3075.9488881179022,50.0,N_709
2024-05-13 04:42:29,50.2189,7.411171,54.176407,35.66998,847.4863,0.0026750267,-3069.817285772566,50.0,N_709
2024-05-13 04:42:30,50.15875,7.408684,54.120453,35.642002,847.4863,0.0026951353,-3063.549545123853,50.0,N_709
2024-05-13 04:42:31,50.098568,7.406204,54.0645,35.61403,847.4863,0.002701777,-3057.2318864249464,50.0,N_709
2024-05-13 04:42:32,50.038353,7.4037323,54.008545,35.586052,847.4863,0.0027218086,-3050.385770581306,50.0,N_709
2024-05-13 04:42:33,49.97811,7.4012604,53.952595,35.55108,847.4863,0.003215042,-3038.4564280404593,50.0,N_709
2024-05-13 04:42:34,49.91784,7.3988037,53.88965,35.523106,847.4863,0.0035569856,-3027.8917980598453,50.0,N_709
2024-05-13 04:42:35,49.857533,7.396347,53.833694,35.49513,847.4863,0.0037232102,-3014.370351802154,50.0,N_709
2024-05-13 04:42:36,49.7972,7.3938904,53.77774,35.460155,847.4863,0.0037424285,-3001.404605534004,50.0,N_709
2024-05-13 04:42:37,49.736835,7.391449,53.721786,35.432182,847.4863,0.0037562458,-2988.1972301263922,50.0,N_709
2024-05-13 04:42:38,49.676437,7.3890076,53.665836,35.404205,847.48816,0.0037673907,-2974.907998156901,50.0,N_709
2024-05-13 04:42:39,49.616013,7.386566,53.609882,35.37623,847.48816,0.0037785047,-2958.7082003444666,50.0,N_709
2024-05-13 04:42:40,49.555553,7.38414,53.546936,35.34825,847.4826,0.003799267,-2945.962251264489,50.0,N_709
2024-05-13 04:42:41,49.495068,7.381714,53.490982,35.313282,847.48444,0.0038049738,-2929.7003870825465,50.0,N_709
2024-05-13 04:42:42,49.43455,7.3792953,53.428036,35.285305,847.503,0.0038176915,-2920.2099468667875,50.0,N_709
2024-05-13 04:42:43,49.374,7.3768845,53.379078,35.257328,847.49554,0.003826957,-2905.1725862129424,50.0,N_709
2024-05-13 04:42:44,49.313423,7.3744736,53.323124,35.22935,847.4104,0.0038484808,-2891.311855652795,50.0,N_709
2024-05-13 04:42:45,49.25281,7.3720703,53.26717,35.201374,847.3048,0.0038514412,-2877.4244448131685,50.0,N_709
2024-05-13 04:42:46,49.192173,7.3696747,53.211216,35.173397,847.2715,0.003870247,-2859.988783495108,50.0,N_709
2024-05-13 04:42:47,49.1315,7.367279,53.14827,35.138428,847.28815,0.0038748472,-2844.4969629862135,50.0,N_709
2024-05-13 04:42:48,49.0708,7.364891,53.085323,35.11045,847.29926,0.0038979002,-2831.604084531973,50.0,N_709
2024-05-13 04:42:49,49.010067,7.3625107,53.02937,35.082474,847.29553,0.0039007436,-2817.366152454855,50.0,N_709
2024-05-13 04:42:50,48.949306,7.360138,52.97342,35.054497,847.2919,0.003927293,-2805.186825820434,50.0,N_709
2024-05-13 04:42:51,48.88851,7.357765,52.924458,35.019527,847.2919,0.0039310255,-2789.5613886106366,50.0,N_709
2024-05-13 04:42:52,48.82769,7.3554,52.868507,34.99155,847.2919,0.003627656,-2777.076254296757,50.0,N_709
2024-05-13 04:42:53,48.766834,7.353035,52.812553,34.963573,847.2919,0.003952305,-2762.4721882525555,50.0,N_709
2024-05-13 04:42:54,48.70595,7.350685,52.7566,34.9356,847.2919,0.003957648,-2745.293713254632,50.0,N_709
2024-05-13 04:42:55,48.645035,7.3483353,52.693653,34.914616,847.2919,0.0039777625,-2731.0740640301483,50.0,N_709
2024-05-13 04:42:56,48.584087,7.345993,52.6377,34.879646,847.2919,0.003980408,-2716.406806535175,50.0,N_709
2024-05-13 04:42:57,48.523113,7.343651,52.58175,34.85167,847.2919,0.003990896,-2701.5193781343733,50.0,N_709
2024-05-13 04:42:58,48.462105,7.341316,52.525795,34.823692,847.2919,0.0040118485,-2686.488637911614,50.0,N_709
2024-05-13 04:42:59,48.40107,7.3389893,52.46984,34.795715,847.2919,0.004022261,-2671.3824598519823,50.0,N_709
2024-05-13 04:43:00,48.34,7.33667,52.413887,34.76774,847.2919,0.0040326384,-2653.1857099192966,50.0,N_709
2024-05-13 04:43:01,48.2789,7.3343735,52.35094,34.73976,847.2937,0.0040446557,-2636.2074819058726,50.0,N_709
2024-05-13 04:43:02,48.217773,7.3320847,52.287994,34.71179,847.2919,0.0040514357,-2622.199531839873,50.0,N_709
2024-05-13 04:43:03,48.156612,7.3298035,52.23204,34.68381,847.28815,0.004061722,-2609.8086212587914,50.0,N_709
2024-05-13 04:43:04,48.09542,7.3275223,52.183083,34.655834,847.29,0.0040703192,-2593.037452471417,50.0,N_709
2024-05-13 04:43:05,48.034203,7.3252487,52.12713,34.627857,847.3048,0.0040831775,-2577.489143627514,50.0,N_709
2024-05-13 04:43:06,47.97295,7.322975,52.07118,34.59988,847.29926,0.0040933597,-2561.8643373514824,50.0,N_709
2024-05-13 04:43:07,47.911667,7.320709,52.015224,34.571903,847.23444,0.004422056,-2544.090403786413,50.0,N_709
2024-05-13 04:43:08,47.850357,7.3184433,51.95927,34.543926,847.1437,0.0042727767,-2524.0895199377446,50.0,N_709
2024-05-13 04:43:09,47.789013,7.3161926,51.896324,34.515953,847.08624,0.004605097,-2502.9748786566415,50.0,N_709
2024-05-13 04:43:10,47.72764,7.3139343,51.833378,34.487976,847.08624,0.004449711,-2486.30363214888,50.0,N_709
2024-05-13 04:43:11,47.666233,7.3116913,51.777424,34.46,847.10114,0.0046260683,-2467.165988565117,50.0,N_709
2024-05-13 04:43:12,47.6048,7.3094482,51.72147,34.432022,847.10114,0.0046356777,-2447.959391801134,50.0,N_709
2024-05-13 04:43:13,47.543335,7.307205,51.66552,34.404045,847.09735,0.004647892,-2428.662381247548,50.0,N_709
2024-05-13 04:43:14,47.48184,7.3049774,51.609566,34.37607,847.09735,0.004657431,-2406.350254602072,50.0,N_709
2024-05-13 04:43:15,47.42031,7.302742,51.54662,34.355087,847.09735,0.0043518925,-2390.134789943415,50.0,N_709
2024-05-13 04:43:16,47.358753,7.300522,51.490665,34.32711,847.09735,0.0042033787,-2376.8166628441795,50.0,N_709
2024-05-13 04:43:17,47.29717,7.2983017,51.441708,34.299133,847.09735,0.004190955,-2359.163044081586,50.0,N_709
2024-05-13 04:43:18,47.23555,7.2960815,51.385754,34.271156,847.09735,0.004374171,-2338.3474097656617,50.0,N_709
2024-05-13 04:43:19,47.1739,7.2938766,51.322807,34.24318,847.09735,0.0043039564,-2319.337687577132,50.0,N_709
2024-05-13 04:43:20,47.11222,7.2916718,51.25986,34.215206,847.09735,0.004233742,-2303.987686309454,50.0,N_709
2024-05-13 04:43:21,47.05051,7.289467,51.203907,34.18723,847.09735,0.004243391,-2287.8137220264325,50.0,N_709
2024-05-13 04:43:22,46.988773,7.2872696,51.147953,34.166245,847.09735,0.0042607146,-2270.833645077033,50.0,N_709
2024-05-13 04:43:23,46.927002,7.28508,51.092003,34.138268,847.09735,0.0042625787,-2253.9683444139337,50.0,N_709
2024-05-13 04:43:24,46.8652,7.2828903,51.03605,34.110294,847.09924,0.0042901584,-2236.91527625452,50.0,N_709
2024-05-13 04:43:25,46.803368,7.2807083,50.980095,34.082317,847.09735,0.0042919572,-2219.842483521763,50.0,N_709
2024-05-13 04:43:26,46.741505,7.2785263,50.92414,34.05434,847.0937,0.0043014167,-2199.492762896083,50.0,N_709
2024-05-13 04:43:27,46.67961,7.276352,50.861195,34.026363,847.0956,0.004618529,-2182.1788207333666,50.0,N_709
2024-05-13 04:43:28,46.617687,7.274185,50.805244,34.005383,847.11597,0.004473558,-2163.758488569558,50.0,N_709
2024-05-13 04:43:29,46.555733,7.2720184,50.74929,33.977406,847.1233,0.004647104,-2144.3331316071235,50.0,N_709
2024-05-13 04:43:30,46.493748,7.2698593,50.693336,33.94943,847.0714,0.004820356,-2124.4060489163166,50.0,N_709
2024-05-13 04:43:31,46.431732,7.267708,50.637383,33.928448,846.96216,0.0048139505,-2103.740614514034,50.0,N_709
2024-05-13 04:43:32,46.369686,7.2655563,50.581432,33.90047,846.8881,0.004661539,-2080.720115825414,50.0,N_709
2024-05-13 04:43:33,46.307613,7.2634125,50.518482,33.872494,846.8881,0.004820598,-2061.425338862191,50.0,N_709
2024-05-13 04:43:34,46.245506,7.2612686,50.462532,33.844517,846.9066,0.0048294105,-2041.4111835912445,50.0,N_709
2024-05-13 04:43:35,46.18337,7.2591324,50.406578,33.823536,846.9066,0.0053135366,-2017.4451494111527,50.0,N_709
2024-05-13 04:43:36,46.1212,7.257004,50.350624,33.79556,846.90106,0.0053245393,-1989.56753602943,50.0,N_709
2024-05-13 04:43:37,46.059002,7.254875,50.287678,33.767582,846.90106,0.005178768,-1964.0353244679645,50.0,N_709
2024-05-13 04:43:38,45.996773,7.252754,50.22473,33.739605,846.90295,0.0050249184,-1943.3550431738986,50.0,N_709
2024-05-13 04:43:39,45.934513,7.2506332,50.168777,33.711628,846.90295,0.0048710685,-1923.0383502192817,50.0,N_709
2024-05-13 04:43:40,45.872223,7.24852,50.112823,33.690647,846.90295,0.00441644,-1904.8951001111745,50.0,N_709
2024-05-13 04:43:41,45.809902,7.2464066,50.056873,33.66267,846.90295,0.0044253627,-1890.7524989868107,50.0,N_709
2024-05-13 04:43:42,45.747547,7.2443085,50.007915,33.641685,846.90295,0.0044402825,-1871.145836711643,50.0,N_709
2024-05-13 04:43:43,45.685165,7.2422028,49.95196,33.613712,846.90295,0.0044339676,-1852.9961379336346,50.0,N_709
2024-05-13 04:43:44,45.622753,7.2401123,49.896008,33.585735,846.90295,0.004607788,-1830.2724965614107,50.0,N_709
2024-05-13 04:43:45,45.56031,7.238022,49.83306,33.55776,846.90295,0.004463329,-1813.813981533789,50.0,N_709
2024-05-13 04:43:46,45.497837,7.235939,49.777107,33.536777,846.90295,0.0044645015,-1791.9850596091746,50.0,N_709
2024-05-13 04:43:47,45.435333,7.233856,49.71416,33.5088,846.9048,0.0044898666,-1775.340548955468,50.0,N_709
2024-05-13 04:43:48,45.3728,7.231781,49.658207,33.487816,846.9048,0.0044936147,-1756.627240197944,50.0,N_709
2024-05-13 04:43:49,45.310234,7.229706,49.602257,33.45984,846.90106,0.0046563875,-1740.391586333877,50.0,N_709
2024-05-13 04:43:50,45.24764,7.2276382,49.553295,33.431866,846.8974,0.0045168237,-1716.9962682070072,50.0,N_709
2024-05-13 04:43:51,45.185013,7.2255783,49.49035,33.40389,846.9085,0.0046883305,-1699.0500813236213,50.0,N_709
2024-05-13 04:43:52,45.122353,7.2235184,49.434395,33.382904,846.92334,0.0051456,-1672.2085810230164,50.0,N_709
2024-05-13 04:43:53,45.059666,7.221466,49.37145,33.354927,846.87885,0.0051626074,-1651.2075162923175,50.0,N_709
2024-05-13 04:43:54,44.99695,7.2194138,49.315495,33.333946,846.7696,0.005170522,-1628.01199420376,50.0,N_709
2024-05-13 04:43:55,44.9342,7.217369,49.259544,33.30597,846.6936,0.0051783957,-1605.6106833775848,50.0,N_709
2024-05-13 04:43:56,44.87142,7.215332,49.20359,33.28499,846.6936,0.005186229,-1578.4392950750225,50.0,N_709
2024-05-13 04:43:57,44.808613,7.213295,49.140644,33.25701,846.71216,0.005037569,-1557.4980333902968,50.0,N_709
2024-05-13 04:43:58,44.74577,7.2112656,49.08469,33.229034,846.714,0.0051984517,-1534.9465025905447,50.0,N_709
2024-05-13 04:43:59,44.6829,7.209244,49.028736,33.208054,846.7085,0.0050533037,-1512.4750461774165,50.0,N_709
2024-05-13 04:44:00,44.62,7.207222,48.972786,33.180077,846.7066,0.005056282,-1490.102639927045,50.0,N_709
2024-05-13 04:44:01,44.557068,7.2052307,48.916832,33.1521,846.7085,0.0050715585,-1468.3428142314333,50.0,N_709
2024-05-13 04:44:02,44.494106,7.203247,48.860878,33.13112,846.7085,0.0050867875,-1441.846693346517,50.0,N_709
2024-05-13 04:44:03,44.43111,7.2012634,48.79793,33.10314,846.7085,0.0050885333,-1421.240546183857,50.0,N_709
2024-05-13 04:44:04,44.368088,7.19928,48.741978,33.082157,846.7085,0.005088754,-1398.4930145658363,50.0,N_709
2024-05-13 04:44:05,44.305035,7.197304,48.686028,33.05418,846.7085,0.0050990423,-1376.5266526792075,50.0,N_709
2024-05-13 04:44:06,44.24195,7.1953354,48.630074,33.0332,846.7085,0.005106644,-1349.8519745990707,50.0,N_709
2024-05-13 04:44:07,44.178833,7.193367,48.567127,33.005222,846.7085,0.0049638655,-1326.2554420739107,50.0,N_709
2024-05-13 04:44:08,44.11569,7.1913986,48.50418,32.98424,846.7085,0.004821312,-1306.4981916989454,50.0,N_709
2024-05-13 04:44:09,44.052513,7.189438,48.448227,32.956264,846.7085,0.0046801255,-1287.1887788035674,50.0,N_709
2024-05-13 04:44:10,43.989304,7.187477,48.392273,32.935284,846.7085,0.0046879575,-1270.4507025888488,50.0,N_709
2024-05-13 04:44:11,43.926067,7.185524,48.343315,32.907307,846.7085,0.004694269,-1246.209877047815,50.0,N_709
2024-05-13 04:44:12,43.8628,7.1835785,48.28037,32.886322,846.7066,0.004703503,-1227.8743357268904,50.0,N_709
2024-05-13 04:44:13,43.7995,7.181633,48.224415,32.86534,846.7048,0.0047112172,-1204.644075518434,50.0,N_709
2024-05-13 04:44:14,43.73617,7.1796875,48.16147,32.844357,846.71216,0.004723012,-1185.477211173933,50.0,N_709
2024-05-13 04:44:15,43.672813,7.1777496,48.105515,32.816383,846.7233,0.004738036,-1168.5291172860925,50.0,N_709
2024-05-13 04:44:16,43.60942,7.1758194,48.056557,32.788406,846.68994,0.0047367704,-1147.5352030909344,50.0,N_709
2024-05-13 04:44:17,43.546,7.173889,48.000603,32.76742,846.60474,0.004751707,-1123.9878579734177,50.0,N_709
2024-05-13 04:44:18,43.48255,7.171959,47.937656,32.74644,846.52325,0.0047680526,-1104.4886635399125,50.0,N_709
2024-05-13 04:44:19,43.419067,7.1700363,47.881702,32.718464,846.4973,0.0047707977,-1080.9164563216582,50.0,N_709
2024-05-13 04:44:20,43.355556,7.1681137,47.818756,32.697483,846.5103,0.004929796,-1060.3362570066565,50.0,N_709
2024-05-13 04:44:21,43.29201,7.1661987,47.762802,32.669506,846.5177,0.0047944207,-1039.4964358760735,50.0,N_709
2024-05-13 04:44:22,43.22844,7.1642914,47.706852,32.64153,846.514,0.004811767,-1019.2470158452525,50.0,N_709
2024-05-13 04:44:23,43.164833,7.162384,47.650898,32.62055,846.5122,0.004819062,-995.1740467722484,50.0,N_709
2024-05-13 04:44:24,43.1012,7.1604767,47.58795,32.599564,846.514,0.004820427,-975.9946780398786,50.0,N_709
2024-05-13 04:44:25,43.037537,7.158577,47.531998,32.578583,846.514,0.0048349802,-954.7256612266101,50.0,N_709
2024-05-13 04:44:26,42.97384,7.1566772,47.476044,32.550606,846.514,0.00484948,-934.2052643670904,50.0,N_709
2024-05-13 04:44:27,42.910114,7.154785,47.42009,32.529625,846.514,0.0048519387,-912.8096662142307,50.0,N_709
2024-05-13 04:44:28,42.846355,7.1529007,47.36414,32.501648,846.514,0.0048663463,-892.1653794116428,50.0,N_709
2024-05-13 04:44:29,42.78257,7.151016,47.308186,32.480663,846.514,0.0048660873,-867.7137703003937,50.0,N_709
2024-05-13 04:44:30,42.71875,7.149132,47.24524,32.459682,846.514,0.0048745316,-847.4027453743547,50.0,N_709
2024-05-13 04:44:31,42.654903,7.147255,47.189285,32.431705,846.514,0.0048742066,-826.6864195634917,50.0,N_709
2024-05-13 04:44:32,42.591022,7.145378,47.13333,32.410725,846.5122,0.004891088,-804.98962910521,50.0,N_709
2024-05-13 04:44:33,42.527115,7.143509,47.07738,32.382748,846.514,0.004890686,-780.4557938217113,50.0,N_709
2024-05-13 04:44:34,42.463173,7.1416397,47.014435,32.361763,846.514,0.004884408,-760.7870703370099,50.0,N_709
2024-05-13 04:44:35,42.3992,7.139778,46.95848,32.340782,846.5122,0.0049130567,-739.6680031718934,50.0,N_709
2024-05-13 04:44:36,42.3352,7.137924,46.902527,32.3198,846.5084,0.0049270936,-717.6970678517937,50.0,N_709
2024-05-13 04:44:37,42.271168,7.1360703,46.846573,32.291824,846.5196,0.004936463,-696.5379281928217,50.0,N_709
2024-05-13 04:44:38,42.207108,7.1342163,46.790623,32.27084,846.5399,0.0049504032,-675.1569643692274,50.0,N_709
2024-05-13 04:44:39,42.143013,7.13237,46.73467,32.24986,846.52325,0.0049425345,-649.4032554208497,50.0,N_709
2024-05-13 04:44:40,42.078888,7.1305237,46.671722,32.22188,846.4344,0.0049505457,-625.6450418109234,50.0,N_709
2024-05-13 04:44:41,42.014736,7.128685,46.608776,32.2009,846.3307,0.0048212176,-606.3259035828087,50.0,N_709
2024-05-13 04:44:42,41.95055,7.1268463,46.552822,32.179916,846.2992,0.004982148,-584.7113080694544,50.0,N_709
2024-05-13 04:44:43,41.886337,7.1250153,46.49687,32.158936,846.31586,0.0046875835,-564.2541315857998,50.0,N_709
2024-05-13 04:44:44,41.82209,7.123184,46.440914,32.13096,846.32513,0.004547544,-541.4704753603328,50.0,N_709
2024-05-13 04:44:45,41.757812,7.121361,46.377968,32.10298,846.3196,0.0045583937,-523.9303619020284,50.0,N_709
2024-05-13 04:44:46,41.69351,7.119545,46.322014,32.082,846.3177,0.0045795892,-504.8748811079713,50.0,N_709
2024-05-13 04:44:47,41.62917,7.1177216,46.266064,32.061016,846.3177,0.0044399733,-490.0329329091255,50.0,N_709
2024-05-13 04:44:48,41.5648,7.1159134,46.217102,32.040035,846.3196,0.0044382154,-467.2703419758436,50.0,N_709
2024-05-13 04:44:49,41.5004,7.1140976,46.154156,32.019054,846.3196,0.004307527,-451.1925130141608,50.0,N_709
2024-05-13 04:44:50,41.435974,7.112297,46.098206,31.99807,846.3196,0.004599048,-427.8584320083246,50.0,N_709
2024-05-13 04:44:51,41.371513,7.1104965,46.035255,31.970095,846.3196,0.0046096416,-409.9433441377696,50.0,N_709
2024-05-13 04:44:52,41.307022,7.108696,45.979305,31.949112,846.3196,0.004907412,-387.9584413898556,50.0,N_709
2024-05-13 04:44:53,41.242504,7.106903,45.92335,31.921135,846.3196,0.0049207825,-366.7769485228273,50.0,N_709
2024-05-13 04:44:54,41.17795,7.10511,45.867397,31.900152,846.3196,0.005072274,-340.6669449597284,50.0,N_709
2024-05-13 04:44:55,41.11337,7.103325,45.80445,31.879171,846.3196,0.005082252,-319.5582046796626,50.0,N_709
2024-05-13 04:44:56,41.048756,7.1015396,45.748497,31.858189,846.3196,0.0049359673,-294.41269835582716,50.0,N_709
2024-05-13 04:44:57,40.98411,7.099762,45.68555,31.837206,846.3177,0.0047913003,-275.1585521890229,50.0,N_709
2024-05-13 04:44:58,40.91944,7.0979843,45.629597,31.816223,846.3177,0.00465982,-258.9866318850836,50.0,N_709
2024-05-13 04:44:59,40.854736,7.0962143,45.58064,31.79524,846.3196,0.0046575656,-238.09035424833928,50.0,N_709
2024-05-13 04:45:00,40.79,7.0944443,45.524685,31.77426,846.3196,0.0046637696,-214.2008633255573,50.0,N_709
2024-05-13 04:45:01,40.725727,7.092697,45.46174,31.746283,846.314,0.0046739667,-192.26328742677288,50.0,N_709
2024-05-13 04:45:02,40.661407,7.09095,45.398792,31.7253,846.31586,0.004544408,-173.82427925280354,50.0,N_709
2024-05-13 04:45:03,40.59704,7.089203,45.34284,31.697323,846.33624,0.004536425,-158.4337924979991,50.0,N_709
2024-05-13 04:45:04,40.532623,7.0874634,45.29388,31.676342,846.3288,0.0046923086,-133.74174687797858,50.0,N_709
2024-05-13 04:45:05,40.46816,7.085724,45.230934,31.65536,846.24365,0.004551468,-115.96711963115013,50.0,N_709
2024-05-13 04:45:06,40.403652,7.083992,45.17498,31.634377,846.13806,0.00470831,-92.38640001768727,50.0,N_709
2024-05-13 04:45:07,40.339092,7.08226,45.112034,31.613394,846.09546,0.004708489,-73.58527169455192,50.0,N_709
2024-05-13 04:45:08,40.27449,7.0805283,45.05608,31.592413,846.10846,0.0047214823,-52.68601830368789,50.0,N_709
2024-05-13 04:45:09,40.20984,7.078804,45.00013,31.564436,846.1288,0.0047273417,-32.62659112158872,50.0,N_709
2024-05-13 04:45:10,40.145138,7.0770874,44.944176,31.543453,846.1288,0.0047358046,-12.389384995643923,50.0,N_709
2024-05-13 04:45:11,40.080395,7.075371,44.88822,31.52247,846.1232,0.004741579,11.465982264697232,50.0,N_709
2024-05-13 04:45:12,40.015602,7.073654,44.825275,31.501488,846.1232,0.0046059047,0.0,50.0,N_709
