datetime,mlat,mlt,glat,glon,alt,Ex,pot,cpcp_kV,pass_id
2024-05-11 20:03:32,40.026623,18.694153,41.020477,325.52704,843.9842,0.002805701,19.89103491632527,83.0,N_695
2024-05-11 20:03:33,40.10796,18.693878,41.083424,325.51306,843.9842,0.0028191844,6.974807455742024,83.0,N_695
2024-05-11 20:03:34,40.18924,18.693604,41.139378,325.49207,843.9823,0.0028341343,-2.995548358861768,83.0,N_695
2024-05-11 20:03:35,40.27045,18.693329,41.19533,325.4711,843.9823,0.0028465963,-12.939645102925951,83.0,N_695
2024-05-11 20:03:36,40.3516,18.69307,41.25128,325.4501,843.9823,0.0028590858,-21.015642875967558,83.0,N_695
2024-05-11 20:03:37,40.432682,18.692795,41.31423,325.43613,843.9823,0.0028727052,-33.51002114536777,83.0,N_695
2024-05-11 20:03:38,40.513706,18.69252,41.370182,325.41513,843.9823,0.0028852606,-43.211161758634404,83.0,N_695
2024-05-11 20:03:39,40.59466,18.692245,41.426136,325.39417,843.9823,0.0028978456,-52.30592773096339,83.0,N_695
2024-05-11 20:03:40,40.675556,18.69197,41.48209,325.36618,843.9823,0.00292802,-60.533607989668326,83.0,N_695
2024-05-11 20:03:41,40.756382,18.691696,41.545036,325.35217,843.9823,0.002926738,-70.44905334980086,83.0,N_695
2024-05-11 20:03:42,40.83715,18.691422,41.607983,325.3312,843.9823,0.0028130806,-83.93125543443824,83.0,N_695
2024-05-11 20:03:43,40.91785,18.691147,41.663937,325.3102,843.9842,0.0029682673,-93.11012619718812,83.0,N_695
2024-05-11 20:03:44,40.99849,18.690872,41.71989,325.28925,843.9823,0.002965979,-102.30138533291208,83.0,N_695
2024-05-11 20:03:45,41.07906,18.690598,41.77584,325.26825,843.9823,0.002725322,-111.00220157817495,83.0,N_695
2024-05-11 20:03:46,41.159573,18.690323,41.838787,325.24728,843.9842,0.0029952035,-123.30561081044425,83.0,N_695
2024-05-11 20:03:47,41.240017,18.690048,41.89474,325.2263,843.98785,0.0027513783,-134.2479784148449,83.0,N_695
2024-05-11 20:03:48,41.3204,18.689758,41.950695,325.2123,843.9823,0.0027638893,-144.1047040139867,83.0,N_695
2024-05-11 20:03:49,41.40072,18.689484,42.00665,325.1913,843.9675,0.002647747,-153.36256794960434,83.0,N_695
2024-05-11 20:03:50,41.480972,18.689209,42.069595,325.17035,843.98785,0.0025324207,-168.65238982083082,83.0,N_695
2024-05-11 20:03:51,41.56116,18.68892,42.125546,325.14935,844.0657,0.0026737116,-179.72906375709124,83.0,N_695
2024-05-11 20:03:52,41.64129,18.688644,42.1815,325.1284,844.15454,0.002430283,-192.3739077501681,83.0,N_695
2024-05-11 20:03:53,41.72135,18.68837,42.237453,325.1074,844.1934,0.0023130418,-205.77791290215072,83.0,N_695
2024-05-11 20:03:54,41.80135,18.68808,42.293407,325.0864,844.1842,0.0023250415,-219.10668513756423,83.0,N_695
2024-05-11 20:03:55,41.881283,18.687805,42.349358,325.06543,844.17303,0.0023370732,-230.59329876040562,83.0,N_695
2024-05-11 20:03:56,41.961155,18.687515,42.412308,325.04443,844.1768,0.002350287,-247.0583260868146,83.0,N_695
2024-05-11 20:03:57,42.040962,18.68724,42.468258,325.02347,844.17865,0.0023649198,-260.1207247938193,83.0,N_695
2024-05-11 20:03:58,42.120705,18.68695,42.52421,325.00247,844.17865,0.002392029,-273.0139112937395,83.0,N_695
2024-05-11 20:03:59,42.200382,18.686676,42.580166,324.9815,844.1768,0.002389207,-284.12459717299106,83.0,N_695
2024-05-11 20:04:00,42.28,18.686386,42.643112,324.9605,844.1768,0.0024025603,-298.43940086433815,83.0,N_695
2024-05-11 20:04:01,42.359222,18.686096,42.70606,324.93954,844.1768,0.002415955,-314.4687501442064,83.0,N_695
2024-05-11 20:04:02,42.438393,18.685822,42.762012,324.91855,844.1768,0.0024457274,-327.3254132842228,83.0,N_695
2024-05-11 20:04:03,42.51751,18.685532,42.817966,324.90457,844.17865,0.0024430503,-338.81395013155486,83.0,N_695
2024-05-11 20:04:04,42.596577,18.685257,42.873917,324.8766,844.17865,0.0024703408,-349.9771616817252,83.0,N_695
2024-05-11 20:04:05,42.67559,18.684967,42.936863,324.8556,844.1768,0.0023523152,-366.71652698213984,83.0,N_695
2024-05-11 20:04:06,42.754547,18.684677,42.992817,324.8416,844.1768,0.0024962593,-378.28597150455425,83.0,N_695
2024-05-11 20:04:07,42.833454,18.684402,43.04877,324.82062,844.17865,0.0023767787,-391.269393558038,83.0,N_695
2024-05-11 20:04:08,42.91231,18.684113,43.104725,324.79965,844.1823,0.0025510383,-401.20560754360804,83.0,N_695
2024-05-11 20:04:09,42.99111,18.683823,43.16767,324.77866,844.1768,0.0025223836,-416.1109530826891,83.0,N_695
2024-05-11 20:04:10,43.06986,18.683533,43.22362,324.7507,844.1527,0.0025797521,-428.4178860919966,83.0,N_695
2024-05-11 20:04:11,43.148556,18.683243,43.279575,324.7297,844.15826,0.0025922942,-440.0091237619058,83.0,N_695
2024-05-11 20:04:12,43.2272,18.682953,43.33553,324.70874,844.23236,0.0026048643,-451.84205740723087,83.0,N_695
2024-05-11 20:04:13,43.30579,18.682663,43.391483,324.69473,844.3416,0.002617466,-462.6284103653177,83.0,N_695
2024-05-11 20:04:14,43.384327,18.682373,43.447433,324.67377,844.3916,0.002632644,-471.9686179773514,83.0,N_695
2024-05-11 20:04:15,43.46281,18.682083,43.510384,324.65277,844.3805,0.0028979164,-484.38705898486967,83.0,N_695
2024-05-11 20:04:16,43.541245,18.681793,43.566334,324.6248,844.36755,0.0030442965,-493.70017565571686,83.0,N_695
2024-05-11 20:04:17,43.61962,18.681503,43.622288,324.60382,844.3694,0.003205976,-501.3267794529057,83.0,N_695
2024-05-11 20:04:18,43.69795,18.681198,43.67824,324.58282,844.3731,0.003100663,-507.6468741446072,83.0,N_695
2024-05-11 20:04:19,43.776222,18.680908,43.741188,324.56885,844.3731,0.0032490194,-517.647948624292,83.0,N_695
2024-05-11 20:04:20,43.854443,18.680618,43.797142,324.54785,844.3713,0.003413998,-521.3668282387209,83.0,N_695
2024-05-11 20:04:21,43.93261,18.680328,43.86009,324.5269,844.3713,0.0032947287,-531.1554026279815,83.0,N_695
2024-05-11 20:04:22,44.010727,18.680023,43.916042,324.4989,844.3731,0.0034426309,-535.3054147251247,83.0,N_695
2024-05-11 20:04:23,44.088787,18.679733,43.97899,324.47794,844.3731,0.0036070466,-543.6384853145111,83.0,N_695
2024-05-11 20:04:24,44.166798,18.679428,44.03494,324.45694,844.3731,0.0036209952,-548.587096836063,83.0,N_695
2024-05-11 20:04:25,44.244755,18.679138,44.090893,324.43594,844.3731,0.0036226064,-553.5287920330209,83.0,N_695
2024-05-11 20:04:26,44.32266,18.678833,44.146847,324.41498,844.3731,0.0036366151,-558.3744992341292,83.0,N_695
2024-05-11 20:04:27,44.400513,18.678543,44.2028,324.39398,844.3731,0.0032450976,-562.8147551021113,83.0,N_695
2024-05-11 20:04:28,44.47831,18.678238,44.265747,324.36603,844.3731,0.003395262,-573.5623578886214,83.0,N_695
2024-05-11 20:04:29,44.556057,18.677933,44.321697,324.35202,844.3713,0.003288411,-580.0113752831846,83.0,N_695
2024-05-11 20:04:30,44.633747,18.677643,44.37765,324.33105,844.3731,0.003440275,-586.1186020400332,83.0,N_695
2024-05-11 20:04:31,44.711388,18.677338,44.433605,324.31006,844.3786,0.003589947,-591.2663349772904,83.0,N_695
2024-05-11 20:04:32,44.788975,18.677032,44.48956,324.2891,844.37683,0.0036039643,-593.0663793415961,83.0,N_695
2024-05-11 20:04:33,44.866512,18.676727,44.552505,324.2611,844.35834,0.003483089,-602.8285954287367,83.0,N_695
2024-05-11 20:04:34,44.943993,18.676437,44.60846,324.2401,844.35455,0.003360659,-609.4512486884842,83.0,N_695
2024-05-11 20:04:35,45.021423,18.676132,44.66441,324.21915,844.4249,0.0033769908,-615.959827377513,83.0,N_695
2024-05-11 20:04:36,45.098797,18.675827,44.720364,324.19815,844.53424,0.0033908018,-622.3853279010041,83.0,N_695
2024-05-11 20:04:37,45.17612,18.675522,44.776318,324.1772,844.58795,0.0034046397,-626.1502244810879,83.0,N_695
2024-05-11 20:04:38,45.25339,18.675217,44.839264,324.1562,844.57495,0.0034346567,-632.9931208066635,83.0,N_695
2024-05-11 20:04:39,45.330612,18.674911,44.90221,324.13522,844.5601,0.0034498277,-642.3215271905485,83.0,N_695
2024-05-11 20:04:40,45.407776,18.674606,44.958164,324.11423,844.562,0.003341305,-648.5138638965077,83.0,N_695
2024-05-11 20:04:41,45.48489,18.674286,45.01412,324.08624,844.56757,0.0035100202,-652.1588592297878,83.0,N_695
2024-05-11 20:04:42,45.561947,18.67398,45.077065,324.06528,844.56757,0.0032202364,-662.9617488042006,83.0,N_695
2024-05-11 20:04:43,45.638954,18.673676,45.133015,324.04428,844.56757,0.0035393008,-668.4231689479573,83.0,N_695
2024-05-11 20:04:44,45.715908,18.67337,45.18897,324.02332,844.5657,0.003553346,-673.7901342450295,83.0,N_695
2024-05-11 20:04:45,45.792812,18.67305,45.244923,324.00232,844.56757,0.003429282,-679.9592867556819,83.0,N_695
2024-05-11 20:04:46,45.86966,18.672745,45.300877,323.98135,844.56757,0.0035840827,-682.4239712251403,83.0,N_695
2024-05-11 20:04:47,45.946457,18.67244,45.363823,323.96036,844.56757,0.00347591,-691.0190496890132,83.0,N_695
2024-05-11 20:04:48,46.023197,18.67212,45.419773,323.93237,844.5657,0.0036285336,-695.9547610184666,83.0,N_695
2024-05-11 20:04:49,46.099888,18.671814,45.475727,323.90442,844.56757,0.003627872,-701.4755119264391,83.0,N_695
2024-05-11 20:04:50,46.176525,18.671494,45.53168,323.88342,844.5731,0.0036446545,-706.2515423447994,83.0,N_695
2024-05-11 20:04:51,46.253113,18.671188,45.587635,323.86243,844.5731,0.003519802,-709.1764069534597,83.0,N_695
2024-05-11 20:04:52,46.329643,18.670868,45.65058,323.84146,844.5546,0.0033959649,-718.8335151222809,83.0,N_695
2024-05-11 20:04:53,46.40612,18.670563,45.706535,323.82047,844.5491,0.0034099577,-725.1194416530777,83.0,N_695
2024-05-11 20:04:54,46.482548,18.670242,45.762486,323.7995,844.61945,0.0032695504,-732.2991901712589,83.0,N_695
2024-05-11 20:04:55,46.55892,18.669922,45.81844,323.7785,844.7306,0.0033008482,-739.2831096521174,83.0,N_695
2024-05-11 20:04:56,46.635242,18.669601,45.874393,323.75754,844.78235,0.0033147703,-743.1993498477616,83.0,N_695
2024-05-11 20:04:57,46.71151,18.669296,45.93734,323.72955,844.7694,0.0033300484,-751.3997278910288,83.0,N_695
2024-05-11 20:04:58,46.787727,18.668976,46.000286,323.70856,844.7564,0.0033453605,-763.2904645178855,83.0,N_695
2024-05-11 20:04:59,46.863888,18.668655,46.049244,323.6806,844.7602,0.003358046,-767.2467698159678,83.0,N_695
2024-05-11 20:05:00,46.94,18.668335,46.105198,323.6596,844.76385,0.0033894833,-773.6542309556555,83.0,N_695
2024-05-11 20:05:01,47.015728,18.668045,46.16115,323.63864,844.76385,0.0034035663,-777.3959552308509,83.0,N_695
2024-05-11 20:05:02,47.091415,18.667755,46.2241,323.61765,844.762,0.0036859016,-785.1777188768456,83.0,N_695
2024-05-11 20:05:03,47.16706,18.66745,46.280052,323.59665,844.762,0.0041382313,-783.6450908343852,83.0,N_695
2024-05-11 20:05:04,47.242664,18.66716,46.343,323.57568,844.762,0.004310526,-786.7359486560681,83.0,N_695
2024-05-11 20:05:05,47.31823,18.666855,46.398952,323.5477,844.762,0.0042985943,-787.2606828121129,83.0,N_695
2024-05-11 20:05:06,47.39375,18.66655,46.454903,323.5197,844.762,0.0044996147,-787.1613801142721,83.0,N_695
2024-05-11 20:05:07,47.469227,18.66626,46.510857,323.49875,844.762,0.004358611,-784.0356089015027,83.0,N_695
2024-05-11 20:05:08,47.544666,18.665955,46.573803,323.47775,844.762,0.0043900125,-787.2863637539988,83.0,N_695
2024-05-11 20:05:09,47.62006,18.66565,46.629757,323.4568,844.7602,0.0041065426,-788.4366513847144,83.0,N_695
2024-05-11 20:05:10,47.695415,18.665344,46.68571,323.4288,844.7602,0.00382505,-792.6694782467471,83.0,N_695
2024-05-11 20:05:11,47.77073,18.66504,46.74166,323.40784,844.76575,0.0035848287,-797.8005583221161,83.0,N_695
2024-05-11 20:05:12,47.846,18.664719,46.797615,323.38684,844.76575,0.0035696179,-803.0327125331132,83.0,N_695
2024-05-11 20:05:13,47.921227,18.664413,46.85357,323.36584,844.7491,0.0035988619,-805.3586894144969,83.0,N_695
2024-05-11 20:05:14,47.996414,18.664093,46.916515,323.34488,844.74536,0.0036295026,-812.9279228703585,83.0,N_695
2024-05-11 20:05:15,48.07156,18.663788,46.97247,323.3169,844.8139,0.003646567,-818.2991426953322,83.0,N_695
2024-05-11 20:05:16,48.146667,18.663467,47.02842,323.29593,844.925,0.0036610889,-822.3771033734706,83.0,N_695
2024-05-11 20:05:17,48.22173,18.663147,47.084373,323.26794,844.97687,0.0033742553,-826.9412456599462,83.0,N_695
2024-05-11 20:05:18,48.29675,18.662842,47.14732,323.24695,844.96576,0.0035037664,-832.7443321611731,83.0,N_695
2024-05-11 20:05:19,48.371727,18.662521,47.21027,323.219,844.94904,0.0035369801,-842.0894713855519,83.0,N_695
2024-05-11 20:05:20,48.446667,18.662186,47.26622,323.198,844.9509,0.003868471,-845.3892230381775,83.0,N_695
2024-05-11 20:05:21,48.52156,18.661865,47.322174,323.177,844.9565,0.00460234,-847.4346196786578,83.0,N_695
2024-05-11 20:05:22,48.596416,18.661545,47.37113,323.15604,844.9583,0.0041846754,-844.7919136937949,83.0,N_695
2024-05-11 20:05:23,48.671227,18.661224,47.427086,323.12805,844.9565,0.003337445,-849.1604207682585,83.0,N_695
2024-05-11 20:05:24,48.746,18.660889,47.490032,323.10007,844.9565,0.0030644082,-859.2140368992555,83.0,N_695
2024-05-11 20:05:25,48.82073,18.660553,47.55298,323.0791,844.9565,0.002935314,-873.9754134782784,83.0,N_695
2024-05-11 20:05:26,48.895416,18.660233,47.60194,323.0581,844.9565,0.0050162217,-866.6288218137311,83.0,N_695
2024-05-11 20:05:27,48.970062,18.659897,47.65789,323.03714,844.9565,0.0041496754,-864.4199483857351,83.0,N_695
2024-05-11 20:05:28,49.044666,18.659561,47.720837,323.00916,844.95465,0.0038495301,-868.3160243001048,83.0,N_695
2024-05-11 20:05:29,49.11923,18.659225,47.783787,322.98117,844.9565,0.0034304697,-878.3292554247523,83.0,N_695
2024-05-11 20:05:30,49.19375,18.65889,47.839737,322.9602,844.96204,0.0037354985,-882.4647778096523,83.0,N_695
2024-05-11 20:05:31,49.26823,18.658554,47.89569,322.9392,844.96204,0.0034594536,-887.867806125802,83.0,N_695
2024-05-11 20:05:32,49.342667,18.658203,47.951645,322.91125,844.9435,0.0033541261,-894.588185683831,83.0,N_695
2024-05-11 20:05:33,49.41706,18.657867,48.0076,322.88327,844.9398,0.0032487987,-902.4802808538911,83.0,N_695
2024-05-11 20:05:34,49.491417,18.657532,48.06355,322.86227,845.0083,0.0031434712,-908.0334252003759,83.0,N_695
2024-05-11 20:05:35,49.565727,18.65718,48.126495,322.8413,845.11945,0.0030381437,-919.9107229257052,83.0,N_695
2024-05-11 20:05:36,49.64,18.65683,48.18245,322.8203,845.1713,0.002932816,-928.7633453729632,83.0,N_695
2024-05-11 20:05:37,49.71423,18.656479,48.238403,322.79233,845.1584,0.0028274886,-939.3495558124087,83.0,N_695
2024-05-11 20:05:38,49.788418,18.656143,48.294357,322.77136,845.1454,0.0027221611,-947.5597041630967,83.0,N_695
2024-05-11 20:05:39,49.86256,18.655792,48.357304,322.74338,845.14905,0.0026168337,-962.7666764584314,83.0,N_695
2024-05-11 20:05:40,49.936665,18.655426,48.413254,322.7224,845.15283,0.0021750312,-974.9654441196767,83.0,N_695
2024-05-11 20:05:41,50.010727,18.655075,48.476204,322.69443,845.15283,0.0014569438,-998.7004270260672,83.0,N_695
2024-05-11 20:05:42,50.08475,18.654724,48.52516,322.67343,845.15094,0.0013207644,-1014.8435643249613,83.0,N_695
2024-05-11 20:05:43,50.15873,18.654373,48.581116,322.64548,845.15094,0.0011857669,-1035.9407896596986,83.0,N_695
2024-05-11 20:05:44,50.232666,18.654007,48.637066,322.62448,845.15094,0.0001496322,-1062.9169446539004,83.0,N_695
2024-05-11 20:05:45,50.30656,18.65364,48.700016,322.5965,845.15094,-0.00029568316,-1096.7820717354361,83.0,N_695
2024-05-11 20:05:46,50.380417,18.65329,48.755966,322.57553,845.15094,2.8594019e-05,-1124.653716535568,83.0,N_695
2024-05-11 20:05:47,50.454227,18.652924,48.81192,322.54755,845.14905,-0.0002563999,-1154.9875969901505,83.0,N_695
2024-05-11 20:05:48,50.528,18.652557,48.867874,322.52655,845.15094,-0.0006757182,-1187.4720184578873,83.0,N_695
2024-05-11 20:05:49,50.60173,18.652191,48.923824,322.4986,845.1565,-0.0011106124,-1223.2706651078424,83.0,N_695
2024-05-11 20:05:50,50.675415,18.651825,48.97978,322.4776,845.1565,-0.0009638816,-1258.352398997206,83.0,N_695
2024-05-11 20:05:51,50.74906,18.651459,49.042725,322.44962,845.138,-0.00020828514,-1291.8168375889713,83.0,N_695
2024-05-11 20:05:52,50.822666,18.651077,49.105675,322.42166,845.1343,-0.00030012222,-1325.7227191446805,83.0,N_695
2024-05-11 20:05:53,50.89623,18.650711,49.161625,322.39368,845.2028,0.00015807434,-1353.3771259475775,83.0,N_695
2024-05-11 20:05:54,50.96975,18.65033,49.21758,322.37268,845.31396,8.302042e-06,-1381.3596269439336,83.0,N_695
2024-05-11 20:05:55,51.04323,18.649963,49.273533,322.34473,845.3657,-2.4422072e-05,-1410.1943661433152,83.0,N_695
2024-05-11 20:05:56,51.116665,18.649582,49.33648,322.32373,845.3547,1.7959683e-05,-1441.3738562577337,83.0,N_695
2024-05-11 20:05:57,51.190063,18.6492,49.392433,322.29575,845.3398,0.0006130714,-1466.1009718772225,83.0,N_695
2024-05-11 20:05:58,51.263416,18.648819,49.448383,322.27478,845.34357,0.00031105906,-1492.3122350487192,83.0,N_695
2024-05-11 20:05:59,51.33673,18.648438,49.497345,322.2468,845.3472,-0.0004550009,-1521.011207684257,83.0,N_695
2024-05-11 20:06:00,51.41,18.648056,49.56029,322.2188,845.3472,-0.0001421173,-1553.8513004700103,83.0,N_695
2024-05-11 20:06:01,51.482983,18.64775,49.61624,322.19086,845.3454,-0.00044581198,-1585.6821721892793,83.0,N_695
2024-05-11 20:06:02,51.555935,18.647446,49.67919,322.16986,845.3454,-0.0010493137,-1623.8234004535575,83.0,N_695
2024-05-11 20:06:03,51.62885,18.64714,49.73514,322.14188,845.3454,-0.0011866109,-1660.0553543192837,83.0,N_695
2024-05-11 20:06:04,51.701733,18.64682,49.791096,322.1209,845.3454,-0.001025254,-1694.7625035710334,83.0,N_695
2024-05-11 20:06:05,51.774582,18.6465,49.84705,322.09293,845.3454,-0.0010144608,-1730.7796202728828,83.0,N_695
2024-05-11 20:06:06,51.8474,18.64618,49.909996,322.06494,845.3454,-0.0009995326,-1769.2021017956708,83.0,N_695
2024-05-11 20:06:07,51.92018,18.645844,49.96595,322.037,845.3454,-0.0011398345,-1805.117168108673,83.0,N_695
2024-05-11 20:06:08,51.99293,18.645508,50.0219,322.016,845.34357,-0.0014170075,-1842.369798554094,83.0,N_695
2024-05-11 20:06:09,52.06565,18.645172,50.077854,321.988,845.3454,-0.0015726401,-1881.0504898354197,83.0,N_695
2024-05-11 20:06:10,52.138332,18.644836,50.13381,321.96704,845.3528,-0.0018654244,-1921.2252118706083,83.0,N_695
2024-05-11 20:06:11,52.210983,18.644485,50.189762,321.93906,845.35095,-0.0019871222,-1964.299222202907,83.0,N_695
2024-05-11 20:06:12,52.2836,18.644135,50.25271,321.91107,845.33246,-0.00210882,-2009.6591008707728,83.0,N_695
2024-05-11 20:06:13,52.356182,18.643784,50.30866,321.8901,845.32874,-0.0022305178,-2053.865560815363,83.0,N_695
2024-05-11 20:06:14,52.428734,18.643417,50.37161,321.86212,845.3991,-0.0023522156,-2099.359461186843,83.0,N_695
2024-05-11 20:06:15,52.50125,18.643051,50.420567,321.83414,845.50836,-0.0024739134,-2140.8509504593576,83.0,N_695
2024-05-11 20:06:16,52.573734,18.642685,50.47652,321.80618,845.56024,-0.0025956111,-2186.0459924182155,83.0,N_695
2024-05-11 20:06:17,52.646183,18.642319,50.53247,321.7852,845.54913,-0.002717309,-2231.7528918382404,83.0,N_695
2024-05-11 20:06:18,52.7186,18.641937,50.588425,321.7572,845.5343,-0.0027077233,-2278.0170238425103,83.0,N_695
2024-05-11 20:06:19,52.79098,18.641556,50.64438,321.72925,845.5343,-0.0033367272,-2330.8698315073834,83.0,N_695
2024-05-11 20:06:20,52.863335,18.641174,50.707325,321.70126,845.53986,-0.0034645055,-2384.8669917478337,83.0,N_695
2024-05-11 20:06:21,52.93565,18.640778,50.76328,321.68027,845.5417,-0.0036234043,-2439.169256007202,83.0,N_695
2024-05-11 20:06:22,53.007935,18.640396,50.826225,321.6523,845.53986,-0.0035982698,-2494.4806915195927,83.0,N_695
2024-05-11 20:06:23,53.08018,18.639984,50.88218,321.62433,845.53986,-0.0034478647,-2543.0070933224133,83.0,N_695
2024-05-11 20:06:24,53.1524,18.639587,50.931137,321.59634,845.53986,-0.0035939564,-2594.4462357633356,83.0,N_695
2024-05-11 20:06:25,53.224583,18.639175,50.994083,321.56836,845.53986,-0.0035687042,-2651.7897345577458,83.0,N_695
2024-05-11 20:06:26,53.296734,18.638763,51.05703,321.5474,845.53986,-0.0035727115,-2706.2829811787165,83.0,N_695
2024-05-11 20:06:27,53.36885,18.638351,51.112984,321.5194,845.538,-0.0034069323,-2754.545345675524,83.0,N_695
2024-05-11 20:06:28,53.440933,18.63794,51.16194,321.49142,845.53986,-0.0033992154,-2802.007160438882,83.0,N_695
2024-05-11 20:06:29,53.51298,18.637512,51.217896,321.46347,845.54724,-0.003081189,-2852.9417637361753,83.0,N_695
2024-05-11 20:06:30,53.585,18.637085,51.28084,321.4355,845.5454,-0.0030380974,-2904.5458526422367,83.0,N_695
2024-05-11 20:06:31,53.656982,18.636658,51.336796,321.4075,845.52686,-0.0035215593,-2958.2654633156694,83.0,N_695
2024-05-11 20:06:32,53.72893,18.636215,51.399742,321.38654,845.5232,-0.0035106596,-3012.313262541784,83.0,N_695
2024-05-11 20:06:33,53.80085,18.635773,51.455696,321.35855,845.59357,-0.0035013037,-3063.664921992487,83.0,N_695
2024-05-11 20:06:34,53.872734,18.63533,51.511646,321.33057,845.7028,-0.0037994648,-3116.954448754617,83.0,N_695
2024-05-11 20:06:35,53.944584,18.634872,51.5676,321.30258,845.7547,-0.00410072,-3169.172063142545,83.0,N_695
2024-05-11 20:06:36,54.0164,18.634415,51.616558,321.27463,845.7436,-0.0044040675,-3226.427900377089,83.0,N_695
2024-05-11 20:06:37,54.088184,18.633957,51.67951,321.24664,845.72876,-0.004223668,-3288.8707949099316,83.0,N_695
2024-05-11 20:06:38,54.15993,18.6335,51.742455,321.21866,845.7324,-0.004225221,-3348.1601728730543,83.0,N_695
2024-05-11 20:06:39,54.23165,18.633026,51.79841,321.19067,845.7362,-0.0043720463,-3405.145288000017,83.0,N_695
2024-05-11 20:06:40,54.303333,18.632568,51.85436,321.16272,845.7362,-0.0038809674,-3458.922478250985,83.0,N_695
2024-05-11 20:06:41,54.374985,18.63208,51.910313,321.13474,845.7343,-0.0034156877,-3509.6649835832923,83.0,N_695
2024-05-11 20:06:42,54.446598,18.631607,51.966267,321.10675,845.7343,-0.00449908,-3567.4565025684924,83.0,N_695
2024-05-11 20:06:43,54.51818,18.631119,52.022217,321.0788,845.7343,-0.004802861,-3630.8108543012086,83.0,N_695
2024-05-11 20:06:44,54.589733,18.63063,52.085167,321.0508,845.7362,-0.004010479,-3688.655326865043,83.0,N_695
2024-05-11 20:06:45,54.66125,18.630142,52.141117,321.02283,845.7343,-0.0036855063,-3741.1269011810555,83.0,N_695
2024-05-11 20:06:46,54.732735,18.629639,52.19707,320.99484,845.7324,-0.0033626012,-3791.488023698932,83.0,N_695
2024-05-11 20:06:47,54.804184,18.629135,52.253025,320.9669,845.7362,-0.0017852529,-3832.90256904623,83.0,N_695
2024-05-11 20:06:48,54.8756,18.628632,52.31597,320.9389,845.73987,-0.0025420797,-3881.153137403694,83.0,N_695
2024-05-11 20:06:49,54.946983,18.628128,52.371925,320.91092,845.7324,-0.003628067,-3935.937067874819,83.0,N_695
2024-05-11 20:06:50,55.018333,18.62761,52.43487,320.88293,845.71027,-0.004402726,-3996.2863619934224,83.0,N_695
2024-05-11 20:06:51,55.08965,18.62709,52.490826,320.85498,845.7139,-0.0045217886,-4054.1574246159144,83.0,N_695
2024-05-11 20:06:52,55.160934,18.626572,52.546776,320.827,845.78986,-0.004209769,-4106.877832369344,83.0,N_695
2024-05-11 20:06:53,55.23218,18.626038,52.595737,320.799,845.8991,-0.0043305014,-4160.2498654147,83.0,N_695
2024-05-11 20:06:54,55.3034,18.625504,52.651688,320.77103,845.9491,-0.00556889,-4224.914264293748,83.0,N_695
2024-05-11 20:06:55,55.374584,18.62497,52.70764,320.74307,845.93805,-0.006192381,-4293.630634241733,83.0,N_695
2024-05-11 20:06:56,55.445732,18.624435,52.763596,320.7151,845.9233,-0.00744675,-4376.075755495155,83.0,N_695
2024-05-11 20:06:57,55.51685,18.623886,52.82654,320.6871,845.92694,-0.00856058,-4469.8281268747505,83.0,N_695
2024-05-11 20:06:58,55.587933,18.623337,52.88949,320.65915,845.9306,-0.008409183,-4556.179691504736,83.0,N_695
2024-05-11 20:06:59,55.65898,18.622787,52.945442,320.63116,845.9306,-0.008864029,-4642.242434986071,83.0,N_695
2024-05-11 20:07:00,55.73,18.622223,53.001396,320.60318,845.9288,-0.0088556735,-4723.177636402623,83.0,N_695
2024-05-11 20:07:01,55.800983,18.621597,53.050354,320.5682,845.9288,-0.00913993,-4815.23534356853,83.0,N_695
2024-05-11 20:07:02,55.871933,18.620956,53.1133,320.54022,845.9288,-0.009320634,-4907.468826456256,83.0,N_695
2024-05-11 20:07:03,55.94285,18.62033,53.169254,320.51227,845.9288,-0.0089799,-5000.964870469973,83.0,N_695
2024-05-11 20:07:04,56.013733,18.61969,53.2322,320.48428,845.9288,-0.008972382,-5090.916029991155,83.0,N_695
2024-05-11 20:07:05,56.084583,18.61905,53.288155,320.4563,845.9306,-0.008966487,-5172.4315732307605,83.0,N_695
2024-05-11 20:07:06,56.1554,18.618408,53.337112,320.42133,845.9288,-0.00894509,-5255.270244712562,83.0,N_695
2024-05-11 20:07:07,56.22618,18.617767,53.393066,320.40036,845.9288,-0.009098639,-5342.150661611714,83.0,N_695
2024-05-11 20:07:08,56.296932,18.617126,53.449017,320.37238,845.9306,-0.009223327,-5431.814054594845,83.0,N_695
2024-05-11 20:07:09,56.36765,18.61647,53.50497,320.3374,845.93616,-0.009406352,-5521.91354404998,83.0,N_695
2024-05-11 20:07:10,56.43833,18.61583,53.560925,320.30942,845.9343,-0.009877743,-5621.845403413726,83.0,N_695
2024-05-11 20:07:11,56.508984,18.615173,53.62387,320.28146,845.91583,-0.009361495,-5721.26034625438,83.0,N_695
2024-05-11 20:07:12,56.5796,18.614532,53.686817,320.25348,845.9121,-0.010547679,-5821.355963734596,83.0,N_695
2024-05-11 20:07:13,56.650185,18.613876,53.74277,320.2255,845.9825,-0.010193057,-5917.387579216323,83.0,N_695
2024-05-11 20:07:14,56.720734,18.61322,53.798725,320.19052,846.09174,-0.01098718,-6009.531873912534,83.0,N_695
2024-05-11 20:07:15,56.79125,18.612549,53.847683,320.16257,846.1436,-0.010488044,-6102.733020481615,83.0,N_695
2024-05-11 20:07:16,56.861732,18.611893,53.903633,320.13458,846.1325,-0.0106435465,-6209.53834378857,83.0,N_695
2024-05-11 20:07:17,56.932182,18.611237,53.966583,320.0996,846.11957,-0.009883226,-6305.870694153015,83.0,N_695
2024-05-11 20:07:18,57.002598,18.610565,54.022533,320.07162,846.1214,-0.009122905,-6400.255896744966,83.0,N_695
2024-05-11 20:07:19,57.072983,18.609894,54.085484,320.04364,846.12506,-0.009626999,-6495.658228737397,83.0,N_695
2024-05-11 20:07:20,57.143333,18.609238,54.141434,320.0087,846.12506,-0.010263046,-6591.187509533601,83.0,N_695
2024-05-11 20:07:21,57.21365,18.608566,54.197388,319.9807,846.1232,-0.0106090605,-6689.854191621425,83.0,N_695
2024-05-11 20:07:22,57.28393,18.607895,54.25334,319.94574,846.1232,-0.011439659,-6792.996413334342,83.0,N_695
2024-05-11 20:07:23,57.354183,18.607208,54.30929,319.91776,846.12506,-0.011403326,-6895.27864777686,83.0,N_695
2024-05-11 20:07:24,57.4244,18.606537,54.365246,319.88977,846.12506,-0.012016051,-7010.538540689771,83.0,N_695
2024-05-11 20:07:25,57.494583,18.605865,54.428192,319.86182,846.1232,-0.011686482,-7119.506112924342,83.0,N_695
2024-05-11 20:07:26,57.56473,18.605179,54.484146,319.82684,846.1232,-0.01141578,-7222.445743225195,83.0,N_695
2024-05-11 20:07:27,57.63485,18.604492,54.5401,319.79886,846.12506,-0.011145079,-7324.5679613355405,83.0,N_695
2024-05-11 20:07:28,57.704933,18.603806,54.596054,319.7639,846.1306,-0.01090258,-7424.149076354525,83.0,N_695
2024-05-11 20:07:29,57.774982,18.603119,54.652004,319.7359,846.1288,-0.010338115,-7519.440566871409,83.0,N_695
2024-05-11 20:07:30,57.845,18.602432,54.70796,319.70795,846.1102,-0.010964702,-7620.315844025759,83.0,N_695
2024-05-11 20:07:31,57.91498,18.601746,54.763912,319.67297,846.10657,-0.012435985,-7729.802554018305,83.0,N_695
2024-05-11 20:07:32,57.984932,18.601059,54.819862,319.645,846.17694,-0.0104661,-7835.061899144614,83.0,N_695
2024-05-11 20:07:33,58.05485,18.600357,54.882812,319.61002,846.2862,-0.011255078,-7940.08752801433,83.0,N_695
2024-05-11 20:07:34,58.124733,18.599655,54.938763,319.58203,846.33997,-0.010138809,-8035.428721639632,83.0,N_695
2024-05-11 20:07:35,58.194584,18.598969,54.994717,319.54706,846.32697,-0.011479627,-8138.659838050488,83.0,N_695
2024-05-11 20:07:36,58.2644,18.598267,55.05067,319.5191,846.314,-0.011309841,-8240.164563100494,83.0,N_695
2024-05-11 20:07:37,58.334183,18.597565,55.10662,319.49112,846.31586,-0.011140054,-8333.98548944305,83.0,N_695
2024-05-11 20:07:38,58.403934,18.596848,55.155582,319.45615,846.32135,-0.011626136,-8445.078679892024,83.0,N_695
2024-05-11 20:07:39,58.473648,18.596146,55.21853,319.42117,846.3196,-0.012284583,-8556.697489512733,83.0,N_695
2024-05-11 20:07:40,58.543335,18.595444,55.274483,319.3932,846.3196,-0.0122797,-8675.168725695185,83.0,N_695
2024-05-11 20:07:41,58.612984,18.594727,55.33743,319.35822,846.3177,-0.012109348,-8785.616090591839,83.0,N_695
2024-05-11 20:07:42,58.6826,18.59401,55.393383,319.33026,846.3196,-0.0116129145,-8890.571984547892,83.0,N_695
2024-05-11 20:07:43,58.752182,18.593307,55.449333,319.2953,846.3196,-0.0120965,-8997.697654066387,83.0,N_695
2024-05-11 20:07:44,58.82173,18.59259,55.505287,319.2673,846.3196,-0.012747283,-9110.124967629865,83.0,N_695
2024-05-11 20:07:45,58.89125,18.591858,55.56124,319.23233,846.3196,-0.01356036,-9228.512639520577,83.0,N_695
2024-05-11 20:07:46,58.96073,18.59114,55.61719,319.19736,846.3196,-0.013734726,-9346.198201254534,83.0,N_695
2024-05-11 20:07:47,59.03018,18.590424,55.673145,319.1694,846.3177,-0.013551837,-9472.277056404226,83.0,N_695
2024-05-11 20:07:48,59.0996,18.589691,55.73609,319.14142,846.3196,-0.013860164,-9595.192847526867,83.0,N_695
2024-05-11 20:07:49,59.168983,18.588974,55.792046,319.10645,846.32513,-0.013330991,-9711.991055308048,83.0,N_695
2024-05-11 20:07:50,59.238335,18.588242,55.848,319.07147,846.32324,-0.014178446,-9834.361188035122,83.0,N_695
2024-05-11 20:07:51,59.30765,18.58751,55.90395,319.0365,846.30475,-0.01286793,-9946.369632711585,83.0,N_695
2024-05-11 20:07:52,59.376934,18.586777,55.959904,319.0085,846.301,-0.013343298,-10062.582561215835,83.0,N_695
2024-05-11 20:07:53,59.446182,18.586044,56.015858,318.97354,846.37146,-0.012226439,-10172.012737445795,83.0,N_695
2024-05-11 20:07:54,59.5154,18.585312,56.07181,318.93857,846.4807,-0.009439077,-10261.788019716812,83.0,N_695
2024-05-11 20:07:55,59.584583,18.584564,56.12776,318.9106,846.53436,-0.008231355,-10338.199311831306,83.0,N_695
2024-05-11 20:07:56,59.653732,18.583832,56.176723,318.87564,846.5214,-0.0068585062,-10408.9481827019,83.0,N_695
2024-05-11 20:07:57,59.72285,18.583084,56.232674,318.84067,846.50665,-0.0064074406,-10479.916038384805,83.0,N_695
2024-05-11 20:07:58,59.791935,18.582336,56.288628,318.8057,846.5084,-0.006923228,-10558.597085651541,83.0,N_695
2024-05-11 20:07:59,59.860985,18.581589,56.351574,318.7777,846.514,-0.0060833814,-10634.501421024968,83.0,N_695
2024-05-11 20:08:00,59.93,18.580841,56.41452,318.74274,846.514,-0.005571427,-10703.121654414259,83.0,N_695
2024-05-11 20:08:01,59.998737,18.580124,56.470474,318.70776,846.514,-0.0066139298,-10774.550699761483,83.0,N_695
2024-05-11 20:08:02,60.06745,18.579422,56.52643,318.6798,846.514,-0.007918369,-10854.805108583874,83.0,N_695
2024-05-11 20:08:03,60.13614,18.578705,56.582382,318.64484,846.514,-0.0077263005,-10934.386162383797,83.0,N_695
2024-05-11 20:08:04,60.2048,18.577988,56.638332,318.60986,846.514,-0.0075508845,-11012.798618453617,83.0,N_695
2024-05-11 20:08:05,60.273438,18.577255,56.694286,318.5749,846.514,-0.007541625,-11091.138033447984,83.0,N_695
2024-05-11 20:08:06,60.342052,18.576523,56.75024,318.53992,846.514,-0.0073631965,-11173.743433162359,83.0,N_695
2024-05-11 20:08:07,60.410637,18.575806,56.813187,318.50494,846.514,-0.0065473854,-11247.880982618097,83.0,N_695
2024-05-11 20:08:08,60.479202,18.575058,56.86914,318.47696,846.5122,-0.0063991845,-11318.04444332216,83.0,N_695
2024-05-11 20:08:09,60.547737,18.574326,56.92509,318.442,846.5122,-0.005914474,-11385.606487168654,83.0,N_695
2024-05-11 20:08:10,60.61625,18.573593,56.981045,318.40704,846.5177,-0.0062234555,-11455.193310671333,83.0,N_695
2024-05-11 20:08:11,60.68474,18.572845,57.037,318.37207,846.5177,-0.006437228,-11526.177484708047,83.0,N_695
2024-05-11 20:08:12,60.7532,18.572098,57.092953,318.3371,846.50104,-0.005712799,-11592.37808835994,83.0,N_695
2024-05-11 20:08:13,60.82164,18.57135,57.148903,318.30212,846.4973,-0.005563255,-11653.508227034703,83.0,N_695
2024-05-11 20:08:14,60.890053,18.570587,57.19786,318.26715,846.56586,-0.0054011345,-11714.441408605126,83.0,N_695
2024-05-11 20:08:15,60.95844,18.56984,57.253815,318.23218,846.6751,-0.0038660124,-11771.32649914153,83.0,N_695
2024-05-11 20:08:16,61.026802,18.569077,57.31676,318.1972,846.7288,-0.0045079477,-11832.195581272259,83.0,N_695
2024-05-11 20:08:17,61.09514,18.568314,57.372715,318.16922,846.7159,-0.006066801,-11904.563849409022,83.0,N_695
2024-05-11 20:08:18,61.163452,18.567535,57.43566,318.13425,846.70105,-0.007625655,-11986.45894064134,83.0,N_695
2024-05-11 20:08:19,61.23174,18.566772,57.491615,318.0993,846.70294,-0.0077411304,-12065.909309938044,83.0,N_695
2024-05-11 20:08:20,61.300003,18.565994,57.54757,318.06433,846.7085,-0.006658504,-12139.196614081246,83.0,N_695
2024-05-11 20:08:21,61.36824,18.565216,57.60352,318.02234,846.7085,-0.0055758767,-12204.98886634692,83.0,N_695
2024-05-11 20:08:22,61.43645,18.564438,57.659473,317.9874,846.7085,-0.0043871733,-12259.133634033342,83.0,N_695
2024-05-11 20:08:23,61.50464,18.563644,57.70843,317.95242,846.7085,-0.003547267,-12310.417334972892,83.0,N_695
2024-05-11 20:08:24,61.5728,18.562866,57.77138,317.91745,846.7085,-0.0038980946,-12367.73473730238,83.0,N_695
2024-05-11 20:08:25,61.640938,18.562073,57.82733,317.88248,846.7085,-0.0032401835,-12419.93934567289,83.0,N_695
2024-05-11 20:08:26,61.709053,18.56128,57.89028,317.8475,846.7085,-0.0033914915,-12473.905372956167,83.0,N_695
2024-05-11 20:08:27,61.777138,18.56047,57.94623,317.81253,846.7085,-0.0032526345,-12521.372973348194,83.0,N_695
2024-05-11 20:08:28,61.845203,18.559677,57.99519,317.77756,846.7085,-0.003762244,-12574.18078862809,83.0,N_695
2024-05-11 20:08:29,61.91324,18.558868,58.05814,317.74258,846.7085,-0.0048155226,-12637.462828107897,83.0,N_695
2024-05-11 20:08:30,61.98125,18.55806,58.11409,317.7076,846.7085,-0.0061419117,-12707.119090311064,83.0,N_695
2024-05-11 20:08:31,62.04924,18.557251,58.170044,317.66565,846.7066,-0.0071008075,-12782.795790202721,83.0,N_695
2024-05-11 20:08:32,62.117203,18.556427,58.225998,317.63068,846.7066,-0.008275508,-12859.483414722079,83.0,N_695
2024-05-11 20:08:33,62.18514,18.555618,58.274956,317.5957,846.7103,-0.008592165,-12941.136524173628,83.0,N_695
2024-05-11 20:08:34,62.25305,18.554794,58.33091,317.56073,846.71216,-0.009441708,-13032.84203273445,83.0,N_695
2024-05-11 20:08:35,62.32094,18.55397,58.386864,317.51877,846.69916,-0.010308987,-13129.505280300913,83.0,N_695
2024-05-11 20:08:36,62.3888,18.553146,58.442814,317.4838,846.6955,-0.010778506,-13228.632092495394,83.0,N_695
2024-05-11 20:08:37,62.45664,18.552307,58.498768,317.44882,846.7474,-0.011095511,-13329.815921482932,83.0,N_695
2024-05-11 20:08:38,62.524452,18.551468,58.55472,317.41388,846.83813,-0.011257072,-13441.822581424754,83.0,N_695
2024-05-11 20:08:39,62.59224,18.550629,58.61767,317.3719,846.9066,-0.011201845,-13547.443754908894,83.0,N_695
2024-05-11 20:08:40,62.660004,18.54979,58.673622,317.33694,846.9159,-0.0116898,-13662.617629962522,83.0,N_695
2024-05-11 20:08:41,62.72774,18.54895,58.73657,317.29495,846.90106,-0.012187943,-13774.660564633898,83.0,N_695
2024-05-11 20:08:42,62.795452,18.548096,58.792522,317.26,846.89923,-0.012208322,-13874.055739695355,83.0,N_695
2024-05-11 20:08:43,62.86314,18.547241,58.84148,317.22504,846.90295,-0.012841752,-13983.398318505115,83.0,N_695
2024-05-11 20:08:44,62.9308,18.546387,58.89743,317.19006,846.90295,-0.013593603,-14102.656294935618,83.0,N_695
2024-05-11 20:08:45,62.99844,18.545532,58.953384,317.1481,846.90295,-0.014345453,-14225.587113326064,83.0,N_695
2024-05-11 20:08:46,63.06605,18.544662,59.00934,317.11313,846.90295,-0.01418213,-14348.727837683982,83.0,N_695
2024-05-11 20:08:47,63.13364,18.543793,59.065292,317.07117,846.90295,-0.016664214,-14486.793263628815,83.0,N_695
2024-05-11 20:08:48,63.201202,18.542923,59.121243,317.0362,846.90295,-0.0191463,-14640.49268303501,83.0,N_695
2024-05-11 20:08:49,63.268738,18.542053,59.177197,317.00122,846.90295,-0.020121666,-14803.224185594285,83.0,N_695
2024-05-11 20:08:50,63.33625,18.541183,59.23315,316.95926,846.90295,-0.019093407,-14957.125746739664,83.0,N_695
2024-05-11 20:08:51,63.40374,18.540298,59.289104,316.9243,846.90295,-0.019843092,-15117.919350877453,83.0,N_695
2024-05-11 20:08:52,63.471203,18.539413,59.345055,316.88232,846.90295,-0.021573307,-15304.088690030543,83.0,N_695
2024-05-11 20:08:53,63.53864,18.538528,59.408,316.84735,846.90295,-0.022150422,-15483.378589142516,83.0,N_695
2024-05-11 20:08:54,63.606052,18.537643,59.463955,316.8054,846.90106,-0.018793868,-15635.213286744616,83.0,N_695
2024-05-11 20:08:55,63.67344,18.536743,59.51991,316.77042,846.90106,-0.02109985,-15804.255677468203,83.0,N_695
2024-05-11 20:08:56,63.740803,18.535843,59.575863,316.72845,846.9066,-0.023004808,-15983.568066626272,83.0,N_695
2024-05-11 20:08:57,63.80814,18.534943,59.631813,316.69348,846.9066,-0.022586484,-16162.449152081637,83.0,N_695
2024-05-11 20:08:58,63.87545,18.534042,59.687767,316.65152,846.88995,-0.022733768,-16342.871756502804,83.0,N_695
2024-05-11 20:08:59,63.94274,18.533142,59.74372,316.60956,846.8751,-0.023728767,-16526.826930998024,83.0,N_695
2024-05-11 20:09:00,64.01,18.532227,59.79967,316.5746,846.91034,-0.024768831,-16720.151178712353,83.0,N_695
2024-05-11 20:09:01,64.07724,18.531403,59.855625,316.5326,847.01404,-0.02547945,-16915.485463366756,83.0,N_695
2024-05-11 20:09:02,64.144455,18.530563,59.91158,316.49765,847.10297,-0.02619007,-17099.256731551897,83.0,N_695
2024-05-11 20:09:03,64.21164,18.529724,59.960537,316.45566,847.11597,-0.025935702,-17316.70781009588,83.0,N_695
2024-05-11 20:09:04,64.2788,18.528885,60.023483,316.4137,847.0956,-0.026815392,-17527.230080614707,83.0,N_695
2024-05-11 20:09:05,64.34594,18.52803,60.079437,316.37173,847.0918,-0.027570331,-17756.709143906213,83.0,N_695
2024-05-11 20:09:06,64.413055,18.52716,60.142384,316.33676,847.09735,-0.028478608,-17956.995643961538,83.0,N_695
2024-05-11 20:09:07,64.48014,18.526306,60.19134,316.2948,847.09924,-0.029235754,-18177.18483376775,83.0,N_695
2024-05-11 20:09:08,64.5472,18.525436,60.247295,316.25284,847.09735,-0.030818004,-18411.0069857493,83.0,N_695
2024-05-11 20:09:09,64.61424,18.524551,60.30325,316.21088,847.09735,-0.030735658,-18663.39044028279,83.0,N_695
2024-05-11 20:09:10,64.68125,18.523666,60.366196,316.1759,847.09735,-0.030437717,-18897.13251710457,83.0,N_695
2024-05-11 20:09:11,64.74824,18.522781,60.42215,316.13394,847.09735,-0.03062132,-19129.49163197616,83.0,N_695
2024-05-11 20:09:12,64.8152,18.521881,60.478104,316.09198,847.09735,-0.031707518,-19346.035966514413,83.0,N_695
2024-05-11 20:09:13,64.88214,18.52098,60.52706,316.05002,847.09735,-0.030761017,-19576.0833493677,83.0,N_695
2024-05-11 20:09:14,64.94905,18.520065,60.583015,316.00806,847.09735,-0.030046346,-19800.78624340576,83.0,N_695
2024-05-11 20:09:15,65.01594,18.51915,60.638966,315.97308,847.09735,-0.03085086,-20033.88403617005,83.0,N_695
2024-05-11 20:09:16,65.0828,18.518234,60.69492,315.93112,847.09735,-0.03330969,-20283.860502122254,83.0,N_695
2024-05-11 20:09:17,65.149635,18.517303,60.750874,315.88916,847.09735,-0.03479589,-20543.64070684227,83.0,N_695
2024-05-11 20:09:18,65.21645,18.516373,60.806824,315.8472,847.09735,-0.035440147,-20807.676328580237,83.0,N_695
2024-05-11 20:09:19,65.28324,18.515427,60.862778,315.8052,847.09735,-0.034626883,-21066.241034058497,83.0,N_695
2024-05-11 20:09:20,65.35,18.51448,60.91873,315.76324,847.0956,-0.033813618,-21319.350322281076,83.0,N_695
2024-05-11 20:09:21,65.41674,18.51352,60.974686,315.72128,847.09735,-0.033857036,-21572.680569544442,83.0,N_695
2024-05-11 20:09:22,65.48345,18.512558,61.030636,315.67932,847.10297,-0.034111053,-21832.370168109905,83.0,N_695
2024-05-11 20:09:23,65.55014,18.511597,61.08659,315.63037,847.0956,-0.03307915,-22105.425646606756,83.0,N_695
2024-05-11 20:09:24,65.6168,18.51062,61.149536,315.5884,847.077,-0.031712726,-22343.759097649017,83.0,N_695
2024-05-11 20:09:25,65.68344,18.509644,61.20549,315.55344,847.1048,-0.0303463,-22577.163911036892,83.0,N_695
2024-05-11 20:09:26,65.75005,18.508652,61.261444,315.5045,847.20483,-0.028746586,-22796.94788991421,83.0,N_695
2024-05-11 20:09:27,65.816635,18.50766,61.317394,315.4625,847.29926,-0.02583549,-22978.00822935693,83.0,N_695
2024-05-11 20:09:28,65.8832,18.506668,61.366356,315.42053,847.31964,-0.025194593,-23170.42856009988,83.0,N_695
2024-05-11 20:09:29,65.94974,18.505661,61.422306,315.37857,847.30115,-0.02549534,-23367.938511037384,83.0,N_695
2024-05-11 20:09:30,66.01625,18.504654,61.47826,315.3366,847.2863,-0.024850981,-23579.48543878795,83.0,N_695
2024-05-11 20:09:31,66.08274,18.503632,61.541206,315.29465,847.29,-0.02522098,-23781.599819943036,83.0,N_695
2024-05-11 20:09:32,66.1492,18.50261,61.59716,315.2457,847.2937,-0.02559098,-23980.200683753654,83.0,N_695
2024-05-11 20:09:33,66.21564,18.501587,61.653114,315.20374,847.2919,-0.02577291,-24179.3634304618,83.0,N_695
2024-05-11 20:09:34,66.28205,18.50055,61.709064,315.16177,847.2919,-0.025875196,-24360.321263620397,83.0,N_695
2024-05-11 20:09:35,66.348434,18.499512,61.758026,315.1198,847.2919,-0.027682764,-24572.599008645164,83.0,N_695
2024-05-11 20:09:36,66.4148,18.498459,61.813976,315.07083,847.2919,-0.027721038,-24785.12750627986,83.0,N_695
2024-05-11 20:09:37,66.48114,18.497406,61.86993,315.02887,847.2919,-0.031695943,-25023.316011793526,83.0,N_695
2024-05-11 20:09:38,66.54745,18.496338,61.925884,314.9869,847.2919,-0.032884803,-25269.316951273577,83.0,N_695
2024-05-11 20:09:39,66.61374,18.49527,61.98184,314.94495,847.2919,-0.030769788,-25527.654010002872,83.0,N_695
2024-05-11 20:09:40,66.68,18.494202,62.044785,314.896,847.2919,-0.02865477,-25732.56968288086,83.0,N_695
2024-05-11 20:09:41,66.74624,18.493118,62.093742,314.84702,847.2919,-0.029298447,-25952.178100435318,83.0,N_695
2024-05-11 20:09:42,66.81245,18.492035,62.149696,314.80505,847.2919,-0.029443527,-26179.019201288505,83.0,N_695
2024-05-11 20:09:43,66.87864,18.490936,62.205647,314.7561,847.2919,-0.028270205,-26394.852350046254,83.0,N_695
2024-05-11 20:09:44,66.9448,18.489838,62.2616,314.71414,847.2919,-0.027433334,-26608.044867501518,83.0,N_695
2024-05-11 20:09:45,67.01094,18.488739,62.317554,314.6652,847.29,-0.025459237,-26805.21989902712,83.0,N_695
2024-05-11 20:09:46,67.07705,18.487625,62.37351,314.62323,847.2919,-0.023213906,-26986.940335946878,83.0,N_695
2024-05-11 20:09:47,67.143135,18.486496,62.42946,314.58124,847.29926,-0.02474699,-27181.883488581196,83.0,N_695
2024-05-11 20:09:48,67.2092,18.485382,62.485413,314.5323,847.2974,-0.026280073,-27384.34783840605,83.0,N_695
2024-05-11 20:09:49,67.27524,18.484253,62.541367,314.49033,847.2789,-0.028758619,-27606.154982233515,83.0,N_695
2024-05-11 20:09:50,67.34125,18.483109,62.597317,314.44138,847.2752,-0.030141372,-27837.813119390914,83.0,N_695
2024-05-11 20:09:51,67.407234,18.481964,62.65327,314.3924,847.3456,-0.032078896,-28078.4044536994,83.0,N_695
2024-05-11 20:09:52,67.4732,18.48082,62.709225,314.35043,847.45483,-0.03210153,-28299.505780136366,83.0,N_695
2024-05-11 20:09:53,67.53914,18.47966,62.758183,314.30148,847.5067,-0.03190017,-28539.68043053204,83.0,N_695
2024-05-11 20:09:54,67.60505,18.4785,62.814137,314.25253,847.49554,-0.031350687,-28775.319242150246,83.0,N_695
2024-05-11 20:09:55,67.67094,18.477325,62.87009,314.21057,847.4808,-0.0308012,-29010.508862403767,83.0,N_695
2024-05-11 20:09:56,67.7368,18.47615,62.92604,314.1616,847.48444,-0.02939107,-29236.747201072372,83.0,N_695
2024-05-11 20:09:57,67.802635,18.474976,62.981995,314.11264,847.48816,-0.029780025,-29465.53432475675,83.0,N_695
2024-05-11 20:09:58,67.86845,18.473785,63.03795,314.0637,847.48816,-0.028881311,-29688.21713427715,83.0,N_695
2024-05-11 20:09:59,67.934235,18.472595,63.0939,314.01474,847.4863,-0.028157173,-29902.578172539856,83.0,N_695
2024-05-11 20:10:00,68.0,18.47139,63.149853,313.97275,847.4863,-0.028831422,-30124.236120428322,83.0,N_695
2024-05-11 20:10:01,68.06549,18.470535,63.205807,313.9238,847.4863,-0.028800866,-30346.21018746965,83.0,N_695
2024-05-11 20:10:02,68.13097,18.46968,63.26176,313.87485,847.4863,-0.028279027,-30564.614545105396,83.0,N_695
2024-05-11 20:10:03,68.19643,18.468796,63.31771,313.8259,847.4863,-0.0274167,-30777.204961152172,83.0,N_695
2024-05-11 20:10:04,68.26186,18.467896,63.373665,313.77692,847.4863,-0.025454614,-30958.272612053734,83.0,N_695
2024-05-11 20:10:05,68.32729,18.466965,63.422623,313.72797,847.4863,-0.026496269,-31161.483384719068,83.0,N_695
2024-05-11 20:10:06,68.3927,18.466034,63.478577,313.67902,847.4863,-0.024463316,-31354.12745491029,83.0,N_695
2024-05-11 20:10:07,68.45809,18.465073,63.53453,313.63004,847.4863,-0.02581117,-31555.722342738787,83.0,N_695
2024-05-11 20:10:08,68.52347,18.464096,63.59048,313.5811,847.4863,-0.02715902,-31786.175172664116,83.0,N_695
2024-05-11 20:10:09,68.58883,18.463104,63.65343,313.53214,847.4863,-0.026318578,-31994.132742600177,83.0,N_695
2024-05-11 20:10:10,68.65417,18.462082,63.70938,313.4832,847.4863,-0.019391192,-32138.657737951893,83.0,N_695
2024-05-11 20:10:11,68.71949,18.46106,63.758343,313.4342,847.4863,-0.019381817,-32293.946936406126,83.0,N_695
2024-05-11 20:10:12,68.7848,18.460007,63.814293,313.38525,847.4863,-0.019895338,-32455.711843751757,83.0,N_695
2024-05-11 20:10:13,68.85009,18.458939,63.870247,313.3363,847.4863,-0.019884039,-32617.357800186168,83.0,N_695
2024-05-11 20:10:14,68.91537,18.45784,63.9262,313.28735,847.49,-0.01871716,-32773.61288052979,83.0,N_695
2024-05-11 20:10:15,68.98063,18.456741,63.982155,313.23138,847.4919,-0.01870535,-32939.64745061178,83.0,N_695
2024-05-11 20:10:16,69.04587,18.455612,64.0451,313.18942,847.6807,-0.0070772176,-33014.01456213991,83.0,N_695
2024-05-11 20:10:17,69.11109,18.454468,64.094055,313.13345,847.6807,0.0008571923,-33034.45652341893,83.0,N_695
2024-05-11 20:10:18,69.1763,18.453308,64.15001,313.0845,847.6807,0.008791602,-33003.27214761571,83.0,N_695
2024-05-11 20:10:19,69.24149,18.452133,64.20596,313.02856,847.6807,-0.018808149,-33158.0541425557,83.0,N_695
2024-05-11 20:10:20,69.30667,18.450928,64.26192,312.97958,847.6807,0.0004387594,-33183.697552728285,83.0,N_695
2024-05-11 20:10:21,69.371826,18.449707,64.31787,312.92365,847.6807,-0.008608632,-33270.328367116985,83.0,N_695
2024-05-11 20:10:22,69.436966,18.448471,64.373825,312.8747,847.6807,-0.010300942,-33361.66102079819,83.0,N_695
2024-05-11 20:10:23,69.50209,18.44722,64.42278,312.81873,847.6807,-0.0007180646,-33392.55196915477,83.0,N_695
2024-05-11 20:10:24,69.5672,18.445953,64.47874,312.76978,847.6807,-0.00057393475,-33424.95555020298,83.0,N_695
2024-05-11 20:10:25,69.63229,18.444656,64.53469,312.72083,847.6807,-0.003843299,-33479.61958263654,83.0,N_695
2024-05-11 20:10:26,69.697365,18.443344,64.59064,312.66486,847.6807,-0.005981804,-33544.28738186935,83.0,N_695
2024-05-11 20:10:27,69.76243,18.442017,64.6396,312.6159,847.6807,-0.013750809,-33663.09380372799,83.0,N_695
2024-05-11 20:10:28,69.82747,18.440674,64.69555,312.55994,847.6807,-0.011211348,-33766.87879248357,83.0,N_695
2024-05-11 20:10:29,69.892494,18.4393,64.7515,312.511,847.6807,-0.010337349,-33872.99201538804,83.0,N_695
2024-05-11 20:10:30,69.957504,18.437927,64.81445,312.45505,847.6807,-0.010471279,-33976.13578082425,83.0,N_695
2024-05-11 20:10:31,70.02249,18.436523,64.87041,312.39908,847.6807,-0.0106052095,-34077.08950454005,83.0,N_695
2024-05-11 20:10:32,70.08747,18.435104,64.92636,312.34314,847.6807,-0.008390355,-34161.967073491025,83.0,N_695
2024-05-11 20:10:33,70.15243,18.433655,64.98231,312.2942,847.6807,-0.008622225,-34248.83938599539,83.0,N_695
2024-05-11 20:10:34,70.21737,18.432205,65.03826,312.23822,847.6807,-0.008891664,-34330.55519831487,83.0,N_695
2024-05-11 20:10:35,70.282295,18.430725,65.08722,312.18927,847.6807,-0.009161104,-34417.96866243014,83.0,N_695
2024-05-11 20:10:36,70.3472,18.42923,65.14317,312.1333,847.6807,-0.0069550555,-34494.044010840866,83.0,N_695
2024-05-11 20:10:37,70.412094,18.42772,65.19913,312.07736,847.6807,-0.005288476,-34555.051751086525,83.0,N_695
2024-05-11 20:10:38,70.47697,18.426178,65.248085,312.0214,847.6807,-0.0044124327,-34610.827583216815,83.0,N_695
2024-05-11 20:10:39,70.541824,18.424637,65.30404,311.96545,847.6807,-0.0040724087,-34666.84305067203,83.0,N_695
2024-05-11 20:10:40,70.60667,18.423065,65.35999,311.9165,847.6807,-0.0026253313,-34712.964318343584,83.0,N_695
2024-05-11 20:10:41,70.67149,18.421478,65.41595,311.86053,847.6807,-0.0034702083,-34765.80662801101,83.0,N_695
2024-05-11 20:10:42,70.736305,18.419876,65.4719,311.7976,847.6807,-0.002445515,-34810.07988946525,83.0,N_695
2024-05-11 20:10:43,70.801094,18.418243,65.52086,311.74164,847.6807,-0.0017600845,-34847.83691235666,83.0,N_695
2024-05-11 20:10:44,70.86587,18.416595,65.57681,311.6857,847.6845,-0.00052723347,-34880.29026102476,83.0,N_695
2024-05-11 20:10:45,70.930626,18.414932,65.63277,311.62973,847.6807,-0.00027450704,-34911.024625219536,83.0,N_695
2024-05-11 20:10:46,70.99537,18.413254,65.68871,311.5738,847.66595,0.001124635,-34932.297019023536,83.0,N_695
2024-05-11 20:10:47,71.0601,18.41156,65.74467,311.51782,847.68634,0.001365307,-34952.91574093932,83.0,N_695
2024-05-11 20:10:48,71.1248,18.409836,65.793625,311.46188,847.7641,0.0028152813,-34959.73371941437,83.0,N_695
2024-05-11 20:10:49,71.18949,18.408112,65.84958,311.4059,847.853,0.0039089518,-34961.710047075554,83.0,N_695
2024-05-11 20:10:50,71.254166,18.406357,65.90553,311.343,847.8901,0.0042925,-34965.228408825715,83.0,N_695
2024-05-11 20:10:51,71.318825,18.404572,65.95449,311.28702,847.8826,0.004503663,-34960.65364053416,83.0,N_695
2024-05-11 20:10:52,71.38347,18.402786,66.010445,311.23108,847.8715,0.005831654,-34950.15095017167,83.0,N_695
2024-05-11 20:10:53,71.44809,18.40097,66.0664,311.1751,847.87524,0.007620356,-34926.65313670543,83.0,N_695
2024-05-11 20:10:54,71.5127,18.399155,66.12235,311.11218,847.8771,0.010997561,-34881.93836282738,83.0,N_695
2024-05-11 20:10:55,71.57729,18.397293,66.17831,311.0562,847.8771,0.010816591,-34837.88551117772,83.0,N_695
2024-05-11 20:10:56,71.64187,18.395432,66.23426,311.00027,847.87524,0.010477257,-34794.82803577103,83.0,N_695
2024-05-11 20:10:57,71.70643,18.393555,66.29021,310.93732,847.87524,0.009946573,-34757.208871950555,83.0,N_695
2024-05-11 20:10:58,71.770966,18.391647,66.34616,310.88138,847.87524,0.009413674,-34721.44884594384,83.0,N_695
2024-05-11 20:10:59,71.835495,18.389725,66.402115,310.81842,847.87524,0.0088807745,-34689.91784181599,83.0,N_695
2024-05-11 20:11:00,71.9,18.387787,66.45807,310.75546,847.87524,0.0076492024,-34667.753930397914,83.0,N_695
2024-05-11 20:11:01,71.96474,18.385605,66.51402,310.69952,847.87524,0.008022282,-34641.5359547994,83.0,N_695
2024-05-11 20:11:02,72.02945,18.383423,66.56998,310.63657,847.87524,0.008548983,-34619.46791006301,83.0,N_695
2024-05-11 20:11:03,72.09414,18.38121,66.618935,310.58063,847.87524,0.0067430967,-34603.73984375944,83.0,N_695
2024-05-11 20:11:04,72.1588,18.378998,66.66789,310.51767,847.87524,0.006050294,-34592.833471180675,83.0,N_695
2024-05-11 20:11:05,72.22344,18.376785,66.71685,310.4547,847.87524,0.0056298813,-34577.09636009999,83.0,N_695
2024-05-11 20:11:06,72.28805,18.374542,66.7798,310.39877,847.87524,0.0052094692,-34573.107833142865,83.0,N_695
2024-05-11 20:11:07,72.35264,18.3723,66.835754,310.33582,847.87524,0.0068939235,-34555.19721628862,83.0,N_695
2024-05-11 20:11:08,72.4172,18.37004,66.8917,310.2729,847.87524,0.007460088,-34533.41046515992,83.0,N_695
2024-05-11 20:11:09,72.481735,18.367783,66.947655,310.20993,847.87524,0.0076266453,-34510.496100318,83.0,N_695
2024-05-11 20:11:10,72.54625,18.365494,67.00361,310.14697,847.87524,0.007964078,-34490.91262333763,83.0,N_695
2024-05-11 20:11:11,72.61074,18.363205,67.05257,310.08405,847.87524,0.0074017346,-34471.76630998075,83.0,N_695
2024-05-11 20:11:12,72.6752,18.3609,67.101524,310.0211,847.87524,0.0093341665,-34434.232026198384,83.0,N_695
2024-05-11 20:11:13,72.73964,18.358597,67.15748,309.95813,847.8771,0.0089241015,-34402.495622157294,83.0,N_695
2024-05-11 20:11:14,72.80405,18.356277,67.21343,309.8952,847.8771,0.011640097,-34360.50016750031,83.0,N_695
2024-05-11 20:11:15,72.86844,18.353943,67.26239,309.83224,847.87524,0.0150725385,-34283.93670550712,83.0,N_695
2024-05-11 20:11:16,72.9328,18.351593,67.318344,309.7693,847.87524,0.014127653,-34216.81794304834,83.0,N_695
2024-05-11 20:11:17,72.99714,18.349243,67.3743,309.70636,847.87897,0.015862158,-34124.664119116555,83.0,N_695
2024-05-11 20:11:18,73.06145,18.346878,67.43725,309.6364,847.8845,0.013942327,-34062.39665136672,83.0,N_695
2024-05-11 20:11:19,73.12574,18.344498,67.493195,309.57346,847.87335,0.013203458,-34010.959365015624,83.0,N_695
2024-05-11 20:11:20,73.19,18.342102,67.54216,309.51053,847.85486,0.0119651025,-33964.100047754015,83.0,N_695
2024-05-11 20:11:21,73.254234,18.339706,67.59112,309.44757,847.8826,0.012728564,-33910.87435237408,83.0,N_695
2024-05-11 20:11:22,73.31845,18.337296,67.640076,309.37762,847.9845,0.012714433,-33851.03997966682,83.0,N_695
2024-05-11 20:11:23,73.38264,18.33487,67.69603,309.3147,848.07715,0.012700301,-33792.17370976995,83.0,N_695
2024-05-11 20:11:24,73.4468,18.332443,67.75198,309.24475,848.0901,0.012543385,-33736.50571638119,83.0,N_695
2024-05-11 20:11:25,73.51094,18.330002,67.80793,309.1818,848.0697,0.014999025,-33661.813165071144,83.0,N_695
2024-05-11 20:11:26,73.57505,18.327545,67.863884,309.11185,848.0623,0.014840372,-33599.15208559291,83.0,N_695
2024-05-11 20:11:27,73.63914,18.325073,67.91284,309.0419,848.0678,0.015021783,-33523.75506397449,83.0,N_695
2024-05-11 20:11:28,73.7032,18.322601,67.968796,308.97897,848.07153,0.015242443,-33449.274023208156,83.0,N_695
2024-05-11 20:11:29,73.767235,18.320114,68.02475,308.91602,848.07153,0.017571215,-33356.963688953685,83.0,N_695
2024-05-11 20:11:30,73.83125,18.317612,68.0807,308.84607,848.0697,0.019040607,-33268.42492758643,83.0,N_695
2024-05-11 20:11:31,73.89523,18.315094,68.12966,308.77612,848.0697,0.020530686,-33153.416431549536,83.0,N_695
2024-05-11 20:11:32,73.9592,18.312576,68.185616,308.7062,848.07153,0.02092198,-33038.70229185514,83.0,N_695
2024-05-11 20:11:33,74.02314,18.310043,68.24157,308.63626,848.07153,0.02080551,-32924.83454432623,83.0,N_695
2024-05-11 20:11:34,74.08705,18.307495,68.29752,308.5663,848.0697,0.021206303,-32823.088517394084,83.0,N_695
2024-05-11 20:11:35,74.15094,18.304947,68.34648,308.49637,848.0697,0.020129824,-32725.081285894863,83.0,N_695
2024-05-11 20:11:36,74.2148,18.302383,68.39544,308.42642,848.07153,0.021802815,-32585.919123439984,83.0,N_695
2024-05-11 20:11:37,74.27863,18.299805,68.45839,308.35648,848.0697,0.021349462,-32473.892286863564,83.0,N_695
2024-05-11 20:11:38,74.342445,18.297226,68.514336,308.29355,848.0697,0.020320209,-32377.219955316818,83.0,N_695
2024-05-11 20:11:39,74.406235,18.294617,68.5633,308.2236,848.0697,0.01942265,-32281.10156983448,83.0,N_695
2024-05-11 20:11:40,74.47,18.292007,68.61226,308.14667,848.0697,0.019277738,-32175.608843556118,83.0,N_695
2024-05-11 20:11:41,74.53374,18.289383,68.66821,308.07672,848.0697,0.018453475,-32078.19846958088,83.0,N_695
2024-05-11 20:11:42,74.59745,18.286758,68.72416,308.00677,848.0697,0.018480424,-31993.58244592134,83.0,N_695
2024-05-11 20:11:43,74.66113,18.284119,68.773125,307.93683,848.07153,0.019013941,-31887.16190225841,83.0,N_695
2024-05-11 20:11:44,74.7248,18.281464,68.82907,307.8599,848.0697,0.019041117,-31786.3754114388,83.0,N_695
2024-05-11 20:11:45,74.78844,18.278793,68.885025,307.78998,848.0697,0.019128516,-31682.16206030301,83.0,N_695
2024-05-11 20:11:46,74.85205,18.276123,68.94098,307.71304,848.07153,0.018972887,-31581.904868678244,83.0,N_695
2024-05-11 20:11:47,74.915634,18.273438,68.99693,307.6431,848.07153,0.018987909,-31491.87313855249,83.0,N_695
2024-05-11 20:11:48,74.979195,18.270737,69.04589,307.56616,848.07153,0.01885384,-31402.844592018773,83.0,N_695
2024-05-11 20:11:49,75.04273,18.268036,69.09485,307.49622,848.0697,0.01850415,-31313.009739605244,83.0,N_695
2024-05-11 20:11:50,75.10625,18.265305,69.14381,307.41928,848.0697,0.018154463,-31213.414196216232,83.0,N_695
2024-05-11 20:11:51,75.16974,18.262573,69.19976,307.34235,848.07336,0.017804774,-31119.208046164997,83.0,N_695
2024-05-11 20:11:52,75.2332,18.259842,69.255714,307.2654,848.07526,0.018369228,-31023.25856487851,83.0,N_695
2024-05-11 20:11:53,75.29664,18.25708,69.31167,307.19547,848.05853,0.018933872,-30933.851206999658,83.0,N_695
2024-05-11 20:11:54,75.36005,18.254318,69.36063,307.11853,848.0549,0.019360619,-30826.053896993537,83.0,N_695
2024-05-11 20:11:55,75.42344,18.251541,69.41658,307.0416,848.1216,0.019913655,-30717.376994873906,83.0,N_695
2024-05-11 20:11:56,75.4868,18.248764,69.472534,306.96466,848.23083,0.019412203,-30612.220647971702,83.0,N_695
2024-05-11 20:11:57,75.55013,18.245956,69.52849,306.88773,848.29004,0.018534057,-30513.204543278225,83.0,N_695
2024-05-11 20:11:58,75.61345,18.243149,69.584435,306.8108,848.2845,0.019146822,-30423.252135922994,83.0,N_695
2024-05-11 20:11:59,75.676735,18.240326,69.6334,306.73386,848.2641,0.020236563,-30323.67968907505,83.0,N_695
2024-05-11 20:12:00,75.74,18.237503,69.68236,306.65692,848.26044,0.020249773,-30224.07052855419,83.0,N_695
2024-05-11 20:12:01,75.80381,18.23668,69.731316,306.58,848.266,0.020079378,-30111.60426276696,83.0,N_695
2024-05-11 20:12:02,75.86758,18.235779,69.78727,306.50305,848.266,0.020118115,-30001.8097299442,83.0,N_695
2024-05-11 20:12:03,75.9313,18.234787,69.84322,306.42612,848.266,0.018501254,-29901.038582336925,83.0,N_695
2024-05-11 20:12:04,75.99497,18.233734,69.89917,306.3422,848.2641,0.018883828,-29813.548007176552,83.0,N_695
2024-05-11 20:12:05,76.05861,18.23259,69.948135,306.26526,848.266,0.0196321,-29702.03884633058,83.0,N_695
2024-05-11 20:12:06,76.1222,18.231369,70.00408,306.1813,848.266,0.020796515,-29585.84557829696,83.0,N_695
2024-05-11 20:12:07,76.185745,18.230057,70.060036,306.09738,848.266,0.020249235,-29490.04390358102,83.0,N_695
2024-05-11 20:12:08,76.249245,18.228683,70.10899,306.02045,848.266,0.020274285,-29390.683947244775,83.0,N_695
2024-05-11 20:12:09,76.3127,18.227219,70.15796,305.9435,848.266,0.02086215,-29285.063114200686,83.0,N_695
2024-05-11 20:12:10,76.37611,18.225677,70.20692,305.8596,848.266,0.020542623,-29167.979759596936,83.0,N_695
2024-05-11 20:12:11,76.439476,18.22406,70.26287,305.77567,848.266,0.019879889,-29058.477388183208,83.0,N_695
2024-05-11 20:12:12,76.5028,18.222366,70.31882,305.69174,848.266,0.019952971,-28964.720768876155,83.0,N_695
2024-05-11 20:12:13,76.56608,18.220596,70.36778,305.6148,848.266,0.019758658,-28866.298737359884,83.0,N_695
2024-05-11 20:12:14,76.62931,18.218735,70.41674,305.53085,848.266,0.019218534,-28756.370795833747,83.0,N_695
2024-05-11 20:12:15,76.6925,18.216797,70.47269,305.43994,848.266,0.018853432,-28654.764439124243,83.0,N_695
2024-05-11 20:12:16,76.755646,18.214783,70.52864,305.35602,848.266,0.019214652,-28550.134452971426,83.0,N_695
2024-05-11 20:12:17,76.81874,18.212692,70.584595,305.2721,848.266,0.018881133,-28463.228523198653,83.0,N_695
2024-05-11 20:12:18,76.8818,18.21051,70.63355,305.19516,848.266,0.01799339,-28373.821211937524,83.0,N_695
2024-05-11 20:12:19,76.94481,18.208267,70.68251,305.10422,848.266,0.017821165,-28289.01323136298,83.0,N_695
2024-05-11 20:12:20,77.007774,18.205933,70.731476,305.0203,848.266,0.01731325,-28192.929783696367,83.0,N_695
2024-05-11 20:12:21,77.070694,18.203522,70.78742,304.92938,848.266,0.018460333,-28094.31863778983,83.0,N_695
2024-05-11 20:12:22,77.133575,18.20102,70.843376,304.84546,848.266,0.018705828,-28006.40682148441,83.0,N_695
2024-05-11 20:12:23,77.19641,18.198456,70.892334,304.7615,848.266,0.018926144,-27914.319815533134,83.0,N_695
2024-05-11 20:12:24,77.2592,18.1958,70.9413,304.67758,848.266,0.018210175,-27812.094584932354,83.0,N_695
2024-05-11 20:12:25,77.321945,18.19307,70.997246,304.58667,848.2641,0.018028673,-27714.56180319222,83.0,N_695
2024-05-11 20:12:26,77.38464,18.190262,71.0532,304.49573,848.266,0.017684493,-27631.548482934115,83.0,N_695
2024-05-11 20:12:27,77.447296,18.187378,71.10216,304.40482,848.27155,0.017998654,-27533.55643026484,83.0,N_695
2024-05-11 20:12:28,77.50991,18.184402,71.15811,304.3209,848.2697,0.018312814,-27446.086882462652,83.0,N_695
2024-05-11 20:12:29,77.57247,18.18135,71.20707,304.22995,848.25116,0.016875647,-27365.544246169295,83.0,N_695
2024-05-11 20:12:30,77.634995,18.178223,71.256035,304.13904,848.2475,0.017466852,-27281.302713038775,83.0,N_695
2024-05-11 20:12:31,77.69747,18.175018,71.30499,304.04813,848.3179,0.01831335,-27179.22848491351,83.0,N_695
2024-05-11 20:12:32,77.75991,18.171738,71.36095,303.95718,848.4271,0.018325442,-27079.962653414004,83.0,N_695
2024-05-11 20:12:33,77.822296,18.168365,71.41689,303.86627,848.48083,0.01982383,-26981.130666971832,83.0,N_695
2024-05-11 20:12:34,77.88464,18.164932,71.46586,303.76834,848.4679,0.019305483,-26885.99358151243,83.0,N_695
2024-05-11 20:12:35,77.946945,18.161407,71.51482,303.67743,848.45306,0.019154988,-26778.23103424666,83.0,N_695
2024-05-11 20:12:36,78.0092,18.157806,71.57076,303.58652,848.45496,0.01915903,-26686.36659803876,83.0,N_695
2024-05-11 20:12:37,78.07141,18.154114,71.61973,303.49557,848.46045,0.01917185,-26589.261258970597,83.0,N_695
2024-05-11 20:12:38,78.133575,18.15036,71.668686,303.39767,848.46045,0.01921777,-26494.899086940986,83.0,N_695
2024-05-11 20:12:39,78.195694,18.146515,71.71764,303.30673,848.46045,0.020158565,-26377.988791547825,83.0,N_695
2024-05-11 20:12:40,78.257774,18.142593,71.7736,303.20883,848.46045,0.01946446,-26269.4142054553,83.0,N_695
2024-05-11 20:12:41,78.31981,18.138596,71.82955,303.1109,848.46045,0.019523507,-26176.10490101421,83.0,N_695
2024-05-11 20:12:42,78.3818,18.134506,71.87851,303.02,848.46045,0.019918896,-26074.52835319978,83.0,N_695
2024-05-11 20:12:43,78.44374,18.130356,71.92747,302.92206,848.46045,0.020681657,-25968.676455929985,83.0,N_695
2024-05-11 20:12:44,78.505646,18.126114,71.976425,302.82416,848.46045,0.021444418,-25857.982342349977,83.0,N_695
2024-05-11 20:12:45,78.5675,18.121796,72.02538,302.72623,848.46045,0.021457618,-25732.77416059123,83.0,N_695
2024-05-11 20:12:46,78.62931,18.117401,72.08134,302.6283,848.46045,0.020566214,-25616.743782808036,83.0,N_695
2024-05-11 20:12:47,78.69108,18.11293,72.13729,302.5304,848.46045,0.02100754,-25511.864693923595,83.0,N_695
2024-05-11 20:12:48,78.7528,18.108368,72.18625,302.43246,848.46045,0.02103154,-25404.14898175806,83.0,N_695
2024-05-11 20:12:49,78.814476,18.10373,72.23521,302.33456,848.46045,0.02105554,-25296.337706263683,83.0,N_695
2024-05-11 20:12:50,78.87611,18.099014,72.284164,302.23663,848.46045,0.021812191,-25166.467078516456,83.0,N_695
2024-05-11 20:12:51,78.9377,18.094223,72.34012,302.1317,848.46045,0.022943972,-25031.866337895528,83.0,N_695
2024-05-11 20:12:52,78.999245,18.089355,72.39607,302.02682,848.46045,0.024075752,-24908.301993919584,83.0,N_695
2024-05-11 20:12:53,79.060745,18.084396,72.44503,301.9289,848.46045,0.023203442,-24784.205501253506,83.0,N_695
2024-05-11 20:12:54,79.1222,18.079361,72.49399,301.82397,848.46045,0.022331132,-24669.193599506114,83.0,N_695
2024-05-11 20:12:55,79.18361,18.07425,72.542946,301.72607,848.46045,0.021797,-24554.415064080495,83.0,N_695
2024-05-11 20:12:56,79.24497,18.069061,72.5919,301.62115,848.46045,0.021262405,-24431.870744227177,83.0,N_695
2024-05-11 20:12:57,79.3063,18.063782,72.64786,301.52325,848.46045,0.021091755,-24324.583417437352,83.0,N_695
2024-05-11 20:12:58,79.36758,18.058441,72.696815,301.41833,848.46045,0.020942368,-24213.469928726394,83.0,N_695
2024-05-11 20:12:59,79.42881,18.053009,72.74578,301.30643,848.46045,0.02079027,-24106.648253177344,83.0,N_695
2024-05-11 20:13:00,79.49,18.0475,72.79474,301.2015,848.46045,0.021735646,-23993.245637922304,83.0,N_695
2024-05-11 20:13:01,79.55229,18.046738,72.8437,301.0966,848.46045,0.021541538,-23878.47388672348,83.0,N_695
2024-05-11 20:13:02,79.6145,18.04573,72.892654,300.98468,848.46045,0.021526113,-23767.142157085265,83.0,N_695
2024-05-11 20:13:03,79.67662,18.044464,72.94161,300.8798,848.46045,0.021560485,-23640.60416500808,83.0,N_695
2024-05-11 20:13:04,79.73866,18.042969,72.99757,300.77487,848.46045,0.021555338,-23542.39339189945,83.0,N_695
2024-05-11 20:13:05,79.80062,18.04123,73.03953,300.66296,848.4586,0.022460243,-23407.4277802562,83.0,N_695
2024-05-11 20:13:06,79.862495,18.03926,73.09548,300.55804,848.46045,0.022466388,-23292.53958119711,83.0,N_695
2024-05-11 20:13:07,79.92429,18.037033,73.14444,300.45316,848.466,0.022096956,-23160.03506482405,83.0,N_695
2024-05-11 20:13:08,79.986,18.034561,73.20039,300.34125,848.466,0.021670938,-23048.329925161437,83.0,N_695
2024-05-11 20:13:09,80.04762,18.03186,73.24935,300.22934,848.4475,0.02124492,-22936.80687499494,83.0,N_695
2024-05-11 20:13:10,80.10917,18.0289,73.29831,300.11743,848.4438,0.020908061,-22827.559636024707,83.0,N_695
2024-05-11 20:13:11,80.17062,18.025711,73.347275,300.00552,848.5123,0.02127504,-22713.36236727782,83.0,N_695
2024-05-11 20:13:12,80.232,18.022263,73.39623,299.88663,848.6234,0.020958446,-22604.51229669753,83.0,N_695
2024-05-11 20:13:13,80.29329,18.018585,73.44519,299.77472,848.6753,0.021563677,-22491.26373807028,83.0,N_695
2024-05-11 20:13:14,80.3545,18.014664,73.49415,299.6628,848.6623,0.022138556,-22371.633479528246,83.0,N_695
2024-05-11 20:13:15,80.41563,18.010498,73.543106,299.5439,848.6475,0.02196803,-22256.468075159628,83.0,N_695
2024-05-11 20:13:16,80.47667,18.006088,73.592064,299.432,848.64935,0.021430813,-22141.735772911015,83.0,N_695
2024-05-11 20:13:17,80.53763,18.001434,73.64102,299.3131,848.6549,0.021080503,-22032.51644942489,83.0,N_695
2024-05-11 20:13:18,80.5985,17.996536,73.68998,299.2012,848.6549,0.021678574,-21916.3292346274,83.0,N_695
2024-05-11 20:13:19,80.659294,17.99141,73.738945,299.0823,848.6549,0.021849437,-21799.65664745801,83.0,N_695
2024-05-11 20:13:20,80.72,17.986023,73.7879,298.96338,848.6549,0.021696495,-21684.10509701689,83.0,N_695
2024-05-11 20:13:21,80.780624,17.980392,73.83686,298.84448,848.6549,0.021348502,-21556.85645795941,83.0,N_695
2024-05-11 20:13:22,80.84116,17.974533,73.892815,298.7256,848.6549,0.021404747,-21443.442031153758,83.0,N_695
2024-05-11 20:13:23,80.90163,17.968414,73.94177,298.5997,848.6549,0.022368122,-21324.313498083644,83.0,N_695
2024-05-11 20:13:24,80.962,17.962067,73.99073,298.4808,848.6549,0.022786291,-21202.001179626088,83.0,N_695
2024-05-11 20:13:25,81.02229,17.955475,74.03969,298.3619,848.6549,0.01996758,-21082.87338595662,83.0,N_695
2024-05-11 20:13:26,81.082504,17.948639,74.09564,298.236,848.6549,0.017948546,-20995.69156247979,83.0,N_695
2024-05-11 20:13:27,81.142624,17.941559,74.1446,298.1171,848.6549,0.019821988,-20890.76039991095,83.0,N_695
2024-05-11 20:13:28,81.20267,17.934235,74.19356,297.9912,848.6549,0.02134041,-20789.607637120702,83.0,N_695
2024-05-11 20:13:29,81.26263,17.926666,74.23553,297.86533,848.6549,0.01871196,-20690.167036020393,83.0,N_695
2024-05-11 20:13:30,81.3225,17.918854,74.284485,297.7394,848.6549,0.01647816,-20608.3060935471,83.0,N_695
2024-05-11 20:13:31,81.38229,17.910812,74.33344,297.61353,848.6549,0.01570826,-20531.63574374712,83.0,N_695
2024-05-11 20:13:32,81.442,17.902512,74.3824,297.48764,848.6549,0.016139949,-20452.163886880957,83.0,N_695
2024-05-11 20:13:33,81.501625,17.893967,74.43136,297.36176,848.6549,0.01654975,-20370.03243216468,83.0,N_695
2024-05-11 20:13:34,81.561165,17.885193,74.480316,297.23584,848.6549,0.01619796,-20288.36766220341,83.0,N_695
2024-05-11 20:13:35,81.62063,17.876175,74.529274,297.10297,848.6549,0.016796516,-20205.276034862225,83.0,N_695
2024-05-11 20:13:36,81.68,17.866898,74.57823,296.97705,848.6549,0.018141896,-20110.658280586173,83.0,N_695
2024-05-11 20:13:37,81.739296,17.857391,74.6272,296.84418,848.6549,0.018531833,-20016.247313242344,83.0,N_695
2024-05-11 20:13:38,81.7985,17.847641,74.676155,296.7183,848.6549,0.019434357,-19910.7512735332,83.0,N_695
2024-05-11 20:13:39,81.85763,17.837646,74.72511,296.5784,848.6549,0.019476889,-19808.51520397343,83.0,N_695
2024-05-11 20:13:40,81.91667,17.827408,74.77407,296.44553,848.6549,0.019295968,-19707.047931881407,83.0,N_695
2024-05-11 20:13:41,81.975624,17.816925,74.82303,296.31262,848.6549,0.01970595,-19605.227757460056,83.0,N_695
2024-05-11 20:13:42,82.0345,17.806213,74.87199,296.18674,848.6549,0.01957197,-19511.127435999522,83.0,N_695
2024-05-11 20:13:43,82.09329,17.795242,74.913956,296.04684,848.6549,0.018445095,-19411.421798857915,83.0,N_695
2024-05-11 20:13:44,82.152,17.784027,74.96291,295.90695,848.6549,0.016768375,-19338.17847249339,83.0,N_695
2024-05-11 20:13:45,82.210625,17.772583,75.004875,295.77408,848.6531,0.015430658,-19258.6134898461,83.0,N_695
2024-05-11 20:13:46,82.269165,17.760895,75.05383,295.6342,848.6531,0.014906887,-19177.76313481378,83.0,N_695
2024-05-11 20:13:47,82.32763,17.748947,75.10979,295.5013,848.6586,0.01645545,-19094.499105855182,83.0,N_695
2024-05-11 20:13:48,82.386,17.73677,75.158745,295.35443,848.6586,0.014389256,-19034.626469538125,83.0,N_695
2024-05-11 20:13:49,82.44429,17.72435,75.200714,295.21454,848.64197,0.013085148,-18979.814945510705,83.0,N_695
2024-05-11 20:13:50,82.5025,17.711685,75.242676,295.07468,848.63824,0.013077693,-18917.069085166426,83.0,N_695
2024-05-11 20:13:51,82.56063,17.698776,75.29163,294.93478,848.7067,0.012741672,-18859.159607705606,83.0,N_695
2024-05-11 20:13:52,82.61867,17.685623,75.34059,294.7949,848.8179,0.014275109,-18789.29700375666,83.0,N_695
2024-05-11 20:13:53,82.67663,17.672226,75.38955,294.64804,848.86975,0.013303958,-18718.199037880553,83.0,N_695
2024-05-11 20:13:54,82.734505,17.658585,75.4455,294.50116,848.85864,0.011622746,-18676.678989811597,83.0,N_695
2024-05-11 20:13:55,82.7923,17.644714,75.48747,294.35428,848.842,0.01165417,-18631.52888599964,83.0,N_695
2024-05-11 20:13:56,82.85,17.630585,75.529434,294.2144,848.8438,0.010571944,-18584.7404271846,83.0,N_695
2024-05-11 20:13:57,82.90762,17.616226,75.57839,294.0675,848.84937,0.009669689,-18547.150400106253,83.0,N_695
2024-05-11 20:13:58,82.96517,17.601608,75.62735,293.92062,848.85126,0.008923522,-18513.62939741533,83.0,N_695
2024-05-11 20:13:59,83.02263,17.586761,75.67631,293.76675,848.84937,0.008956822,-18486.93540589732,83.0,N_695
2024-05-11 20:14:00,83.08,17.57167,75.71828,293.6199,848.84937,0.009948229,-18449.887330154877,83.0,N_695
2024-05-11 20:14:01,83.15147,17.581116,75.76024,293.46603,848.84937,0.0069129127,-18428.405689346797,83.0,N_695
2024-05-11 20:14:02,83.222374,17.589478,75.8092,293.31216,848.84937,0.0052113906,-18421.11710767171,83.0,N_695
2024-05-11 20:14:03,83.29272,17.596756,75.85816,293.1583,848.84937,0.0025512064,-18432.152825684916,83.0,N_695
2024-05-11 20:14:04,83.36249,17.602966,75.90712,293.0044,848.84937,0.0031472284,-18440.95649469916,83.0,N_695
2024-05-11 20:14:05,83.4317,17.608078,75.94908,292.85052,848.84937,0.00450463,-18436.08795575942,83.0,N_695
2024-05-11 20:14:06,83.50035,17.612106,75.99804,292.69666,848.84937,0.0068448284,-18417.57357383654,83.0,N_695
2024-05-11 20:14:07,83.568436,17.615051,76.047,292.5428,848.84937,0.0057317186,-18406.038529161026,83.0,N_695
2024-05-11 20:14:08,83.635956,17.616928,76.095955,292.38193,848.84937,0.0035692048,-18412.199578598575,83.0,N_695
2024-05-11 20:14:09,83.70291,17.617706,76.137924,292.22107,848.84937,0.0014066908,-18429.871263531422,83.0,N_695
2024-05-11 20:14:10,83.7693,17.617401,76.179886,292.0672,848.84937,8.558105e-05,-18455.201792536674,83.0,N_695
2024-05-11 20:14:11,83.83514,17.616028,76.221855,291.90634,848.84937,-0.00047425673,-18484.56812640186,83.0,N_695
2024-05-11 20:14:12,83.9004,17.613556,76.26382,291.74548,848.84937,0.0014589733,-18500.774169297114,83.0,N_695
2024-05-11 20:14:13,83.9651,17.610016,76.312775,291.5846,848.84937,0.00640824,-18488.104663274913,83.0,N_695
2024-05-11 20:14:14,84.029236,17.605377,76.354744,291.41675,848.84937,0.0049031293,-18480.965675510073,83.0,N_695
2024-05-11 20:14:15,84.09281,17.59967,76.4037,291.2559,848.84937,0.0012382951,-18500.8205621466,83.0,N_695
2024-05-11 20:14:16,84.15582,17.592865,76.45266,291.088,848.84937,-0.008852892,-18591.86181406881,83.0,N_695
2024-05-11 20:14:17,84.21827,17.584991,76.50162,290.92017,848.84937,-0.016650239,-18727.47788114785,83.0,N_695
2024-05-11 20:14:18,84.28015,17.57602,76.54358,290.75232,848.84937,-0.023631416,-18905.23252860416,83.0,N_695
2024-05-11 20:14:19,84.34147,17.565979,76.58555,290.58444,848.84937,-0.030392913,-19129.674416129554,83.0,N_695
2024-05-11 20:14:20,84.40222,17.55484,76.62751,290.4096,848.84937,-0.030668447,-19370.50027789435,83.0,N_695
2024-05-11 20:14:21,84.46241,17.542633,76.67647,290.24173,848.84937,-0.03094398,-19596.32524119753,83.0,N_695
2024-05-11 20:14:22,84.52203,17.529343,76.71844,290.07388,848.84937,-0.036978416,-19862.40201508082,83.0,N_695
2024-05-11 20:14:23,84.5811,17.514969,76.7604,289.89902,848.84937,-0.041715894,-20188.44053954256,83.0,N_695
2024-05-11 20:14:24,84.639595,17.499496,76.80936,289.71716,848.84937,-0.041072484,-20483.44993395704,83.0,N_695
2024-05-11 20:14:25,84.69753,17.482956,76.851326,289.54233,848.8475,-0.03495634,-20735.73146440595,83.0,N_695
2024-05-11 20:14:26,84.754906,17.465332,76.89329,289.36746,848.8475,-0.030692503,-20960.146250549635,83.0,N_695
2024-05-11 20:14:27,84.81171,17.446625,76.93525,289.19263,848.8531,-0.03853581,-21261.681381296854,83.0,N_695
2024-05-11 20:14:28,84.86795,17.426834,76.98421,289.01077,848.8531,-0.024173792,-21449.255652798085,83.0,N_695
2024-05-11 20:14:29,84.92363,17.405945,77.02618,288.82892,848.8364,-0.021486333,-21614.086650725745,83.0,N_695
2024-05-11 20:14:30,84.978745,17.383987,77.06814,288.65408,848.8327,-0.045266196,-21941.4166800888,83.0,N_695
2024-05-11 20:14:31,85.0333,17.360947,77.11011,288.46524,848.90125,-0.06554511,-22433.92156067962,83.0,N_695
2024-05-11 20:14:32,85.08729,17.336823,77.159065,288.2834,849.0124,-0.0445447,-22752.659958162087,83.0,N_695
2024-05-11 20:14:33,85.14071,17.311615,77.20103,288.10153,849.0642,-0.0024935189,-22796.005345320453,83.0,N_695
2024-05-11 20:14:34,85.193565,17.285324,77.243,287.9127,849.0531,-0.01380847,-22912.821529473644,83.0,N_695
2024-05-11 20:14:35,85.245865,17.25795,77.28496,287.73083,849.03644,-0.022077616,-23085.07477439246,83.0,N_695
2024-05-11 20:14:36,85.2976,17.229492,77.32692,287.542,849.0383,-0.039835487,-23374.404203199676,83.0,N_695
2024-05-11 20:14:37,85.34876,17.199966,77.36889,287.35318,849.0438,-0.011908164,-23481.237074777404,83.0,N_695
2024-05-11 20:14:38,85.39937,17.169342,77.41085,287.15732,849.0457,-0.044443615,-23800.38263261254,83.0,N_695
2024-05-11 20:14:39,85.44941,17.137634,77.45282,286.96848,849.0438,-0.07697906,-24384.533390663033,83.0,N_695
2024-05-11 20:14:40,85.498886,17.104843,77.50178,286.77264,849.0438,-0.070636965,-24884.282313867883,83.0,N_695
2024-05-11 20:14:41,85.5478,17.070969,77.54374,286.5768,849.0438,-0.068288535,-25329.605230812016,83.0,N_695
2024-05-11 20:14:42,85.596146,17.036026,77.57871,286.38098,849.0438,-0.0659401,-25792.303452682812,83.0,N_695
2024-05-11 20:14:43,85.64393,16.999985,77.620674,286.18515,849.0438,-0.067450516,-26274.419362545304,83.0,N_695
2024-05-11 20:14:44,85.691154,16.96286,77.662636,285.98233,849.0438,-0.06896093,-26758.276431888127,83.0,N_695
2024-05-11 20:14:45,85.73781,16.924667,77.704605,285.78647,849.0438,-0.07047135,-27259.009089377196,83.0,N_695
2024-05-11 20:14:46,85.783905,16.885376,77.74657,285.58365,849.0438,-0.071981765,-27732.162057855785,83.0,N_695
2024-05-11 20:14:47,85.82943,16.845001,77.78154,285.38083,849.0438,-0.07349218,-28291.577899738502,83.0,N_695
2024-05-11 20:14:48,85.8744,16.803558,77.8305,285.178,849.0438,-0.075002596,-28822.634788363463,83.0,N_695
2024-05-11 20:14:49,85.9188,16.761017,77.87246,284.97516,849.0438,-0.045751452,-29160.828420985214,83.0,N_695
2024-05-11 20:14:50,85.96263,16.717407,77.91443,284.76535,849.0438,0.042442717,-28922.838283044388,83.0,N_695
2024-05-11 20:14:51,86.005905,16.672699,77.9494,284.5555,849.0438,0.017652573,-28829.17062484489,83.0,N_695
2024-05-11 20:14:52,86.048615,16.626923,77.99136,284.3457,849.0438,-0.04886609,-29181.503115170766,83.0,N_695
2024-05-11 20:14:53,86.09077,16.580048,78.033325,284.14285,849.0438,-0.043756228,-29528.50223604125,83.0,N_695
2024-05-11 20:14:54,86.13235,16.532104,78.08228,283.93304,849.0438,-0.03864637,-29803.25740375351,83.0,N_695
2024-05-11 20:14:55,86.17336,16.483063,78.117256,283.71622,849.0438,-0.03353651,-30058.59869395169,83.0,N_695
2024-05-11 20:14:56,86.21381,16.432953,78.15922,283.49942,849.0438,-0.02842665,-30266.176355168765,83.0,N_695
2024-05-11 20:14:57,86.25371,16.38176,78.19419,283.2826,849.0438,-0.023316791,-30451.0377579482,83.0,N_695
2024-05-11 20:14:58,86.29304,16.329483,78.23616,283.06577,849.0438,-0.018206932,-30593.48619606669,83.0,N_695
2024-05-11 20:14:59,86.331795,16.276108,78.271126,282.84897,849.0438,-0.013097072,-30709.810016359537,83.0,N_695
2024-05-11 20:15:00,86.369995,16.221664,78.313095,282.62515,849.0438,-0.007987212,-30788.177072050603,83.0,N_695
2024-05-11 20:15:01,86.42336,16.112015,78.34806,282.40833,849.0438,-0.0028773523,-30833.74259153414,83.0,N_695
2024-05-11 20:15:02,86.47563,16.003128,78.39003,282.1845,849.0438,0.0022325073,-30847.739728786415,83.0,N_695
2024-05-11 20:15:03,86.52681,15.894989,78.424995,281.9607,849.0438,0.007342367,-30822.698575165246,83.0,N_695
2024-05-11 20:15:04,86.57688,15.787598,78.466965,281.7299,849.0438,-0.00063614064,-30855.302472559903,83.0,N_695
2024-05-11 20:15:05,86.62586,15.680969,78.50193,281.50607,849.042,-0.008614648,-30941.196466648296,83.0,N_695
2024-05-11 20:15:06,86.673744,15.575073,78.5439,281.27527,849.042,-0.016593156,-31084.68252345798,83.0,N_695
2024-05-11 20:15:07,86.72053,15.46994,78.58586,281.04446,849.04755,-0.024571663,-31270.755830626513,83.0,N_695
2024-05-11 20:15:08,86.76622,15.365555,78.620834,280.81366,849.04755,-0.03255017,-31522.00072360837,83.0,N_695
2024-05-11 20:15:09,86.81081,15.261932,78.662796,280.58286,849.0309,-0.040528677,-31814.206583201103,83.0,N_695
2024-05-11 20:15:10,86.8543,15.159042,78.69777,280.34506,849.02716,-0.048507188,-32156.299578309074,83.0,N_695
2024-05-11 20:15:11,86.8967,15.056915,78.73274,280.10727,849.0957,-0.056485694,-32549.456912125905,83.0,N_695
2024-05-11 20:15:12,86.937996,14.955536,78.76771,279.86948,849.2068,-0.064464204,-32993.56605249028,83.0,N_695
2024-05-11 20:15:13,86.978195,14.854919,78.80268,279.63165,849.25867,-0.07244271,-33488.333710227125,83.0,N_695
2024-05-11 20:15:14,87.0173,14.755035,78.837654,279.39386,849.24756,-0.08042122,-34082.74139001808,83.0,N_695
2024-05-11 20:15:15,87.055305,14.655914,78.879616,279.14908,849.2309,-0.07968531,-34633.93388384013,83.0,N_695
2024-05-11 20:15:16,87.09222,14.557541,78.91459,278.90427,849.2327,-0.07894941,-35177.27122799409,83.0,N_695
2024-05-11 20:15:17,87.12803,14.45993,78.949554,278.6595,849.23834,-0.0782135,-35724.19132016679,83.0,N_695
2024-05-11 20:15:18,87.16274,14.363052,78.98453,278.40768,849.2401,-0.07747759,-36303.22098882685,83.0,N_695
2024-05-11 20:15:19,87.196365,14.266937,79.02649,278.1559,849.23834,-0.07674169,-36797.643182371685,83.0,N_695
2024-05-11 20:15:20,87.22888,14.17157,79.05447,277.9111,849.23834,-0.07600578,-37324.75120435226,83.0,N_695
2024-05-11 20:15:21,87.26031,14.07695,79.08944,277.65933,849.23834,-0.07526988,-37885.03537086453,83.0,N_695
2024-05-11 20:15:22,87.290634,13.983093,79.1314,277.40753,849.23834,-0.07453397,-38404.11604101279,83.0,N_695
2024-05-11 20:15:23,87.31986,13.889984,79.166374,277.15576,849.23834,-0.07379806,-38924.28271450791,83.0,N_695
2024-05-11 20:15:24,87.348,13.797623,79.20135,276.89697,849.23834,-0.07306216,-39438.902993850395,83.0,N_695
2024-05-11 20:15:25,87.37503,13.706009,79.23631,276.63818,849.23834,-0.07232625,-39956.12646287304,83.0,N_695
2024-05-11 20:15:26,87.40097,13.615158,79.271286,276.3724,849.23834,-0.07159034,-40459.316866374895,83.0,N_695
2024-05-11 20:15:27,87.42581,13.52504,79.30626,276.11362,849.23834,-0.07085444,-40925.82276700255,83.0,N_695
2024-05-11 20:15:28,87.449554,13.435684,79.334236,275.85483,849.23834,-0.07011853,-41423.26425585094,83.0,N_695
2024-05-11 20:15:29,87.4722,13.347092,79.3692,275.58908,849.23834,-0.06938263,-41916.939602394625,83.0,N_695
2024-05-11 20:15:30,87.493744,13.259232,79.404175,275.3233,849.23834,-0.06864672,-42412.67074498255,83.0,N_695
2024-05-11 20:15:31,87.5142,13.172134,79.43915,275.0505,849.23834,-0.06791081,-42874.57489949494,83.0,N_695
2024-05-11 20:15:32,87.533554,13.085785,79.46712,274.77774,849.23834,-0.06717491,-43349.33029308822,83.0,N_695
2024-05-11 20:15:33,87.55181,13.000183,79.50209,274.51196,849.23834,-0.066439,-43834.70553311076,83.0,N_695
2024-05-11 20:15:34,87.56897,12.915344,79.53706,274.2322,849.23834,-0.065703094,-44307.25526954699,83.0,N_695
2024-05-11 20:15:35,87.58503,12.831238,79.57203,273.95944,849.23834,-0.06496719,-44773.30694156751,83.0,N_695
2024-05-11 20:15:36,87.6,12.747894,79.607,273.68668,849.23834,-0.064231284,-45214.331240538435,83.0,N_695
2024-05-11 20:15:37,87.61387,12.665298,79.63498,273.4069,849.23834,-0.063495375,-45648.596363978926,83.0,N_695
2024-05-11 20:15:38,87.62663,12.583466,79.66296,273.12714,849.23834,-0.062759474,-46077.25088916807,83.0,N_695
2024-05-11 20:15:39,87.63831,12.50238,79.69093,272.84738,849.23834,-0.062023565,-46533.14754095506,83.0,N_695
2024-05-11 20:15:40,87.64889,12.422028,79.72591,272.5606,849.23834,-0.06128766,-46977.88390956136,83.0,N_695
2024-05-11 20:15:41,87.65836,12.342453,79.76087,272.28085,849.23834,-0.060551755,-47423.04433743982,83.0,N_695
2024-05-11 20:15:42,87.66675,12.263611,79.795845,271.99408,849.23834,-0.05981585,-47817.88763288644,83.0,N_695
2024-05-11 20:15:43,87.674034,12.185532,79.816826,271.70734,849.23834,-0.05907994,-48231.6474027224,83.0,N_695
2024-05-11 20:15:44,87.68022,12.1082,79.8448,271.41357,849.23834,-0.058344036,-48658.61811321944,83.0,N_695
2024-05-11 20:15:45,87.68531,12.031616,79.879776,271.12683,849.23834,-0.05760813,-49063.729761915514,83.0,N_695
2024-05-11 20:15:46,87.6893,11.95578,79.90775,270.83307,849.23834,-0.056872226,-49462.19187268532,83.0,N_695
2024-05-11 20:15:47,87.6922,11.880707,79.93573,270.5393,849.23834,-0.056136318,-49861.7083473837,83.0,N_695
2024-05-11 20:15:48,87.694,11.806381,79.9637,270.23856,849.23834,-0.055400413,-50278.153013212635,83.0,N_695
2024-05-11 20:15:49,87.6947,11.732803,79.99867,269.93784,849.23834,-0.054664508,-50661.41921499452,83.0,N_695
2024-05-11 20:15:50,87.694305,11.659973,80.02665,269.64407,849.23834,-0.053928602,-51065.271308222305,83.0,N_695
2024-05-11 20:15:51,87.69281,11.587906,80.06162,269.34332,849.2401,-0.053192694,-51443.428012354205,83.0,N_695
2024-05-11 20:15:52,87.690216,11.516586,80.0896,269.04257,849.242,-0.05245679,-51803.65900090234,83.0,N_695
2024-05-11 20:15:53,87.68653,11.446014,80.11058,268.73483,849.22906,-0.051720884,-52174.56974747157,83.0,N_695
2024-05-11 20:15:54,87.68175,11.37619,80.13856,268.4271,849.22534,-0.05098498,-52541.10989295457,83.0,N_695
2024-05-11 20:15:55,87.675865,11.307114,80.166534,268.11935,849.27716,-0.05024907,-52907.86057219376,83.0,N_695
2024-05-11 20:15:56,87.668884,11.2388,80.19451,267.80463,849.3679,-0.049513165,-53263.50035624979,83.0,N_695
2024-05-11 20:15:57,87.66081,11.171234,80.22249,267.4969,849.43646,-0.04877726,-53618.71046842502,83.0,N_695
2024-05-11 20:15:58,87.651634,11.104431,80.250465,267.18213,849.44574,-0.04804135,-53968.621205571086,83.0,N_695
2024-05-11 20:15:59,87.641365,11.038361,80.278435,266.8674,849.43274,-0.047305446,-54312.81776419195,83.0,N_695
2024-05-11 20:16:00,87.63,10.973053,80.30641,266.55267,849.4291,-0.04656954,-54641.87995497382,83.0,N_695
2024-05-11 20:16:01,87.59139,10.9151,80.3274,266.23093,849.43274,-0.045833636,-54979.431721481174,83.0,N_695
2024-05-11 20:16:02,87.552574,10.857681,80.35537,265.9092,849.43463,-0.045097727,-55297.997050167935,83.0,N_695
2024-05-11 20:16:03,87.51355,10.800781,80.37636,265.5875,849.43274,-0.044361822,-55610.020445562724,83.0,N_695
2024-05-11 20:16:04,87.47431,10.744415,80.39734,265.26575,849.43274,-0.043625917,-55930.751956641354,83.0,N_695
2024-05-11 20:16:05,87.43486,10.688583,80.425316,264.94403,849.43274,-0.042890012,-56251.91112904115,83.0,N_695
2024-05-11 20:16:06,87.395195,10.63327,80.45329,264.6153,849.43274,-0.042154104,-56554.349415313365,83.0,N_695
2024-05-11 20:16:07,87.35532,10.578476,80.47427,264.2866,849.43274,-0.0414182,-56850.2912616998,83.0,N_695
2024-05-11 20:16:08,87.31524,10.524231,80.495255,263.95786,849.43274,-0.040682293,-57140.886844718574,83.0,N_695
2024-05-11 20:16:09,87.27495,10.4704895,80.516235,263.62912,849.43274,-0.03994639,-57443.46459254768,83.0,N_695
2024-05-11 20:16:10,87.23444,10.417282,80.54421,263.29343,849.43274,-0.03921048,-57741.83610295271,83.0,N_695
2024-05-11 20:16:11,87.193726,10.364609,80.57219,262.9577,849.43274,-0.038474575,-58022.27873687743,83.0,N_695
2024-05-11 20:16:12,87.152794,10.3124695,80.59317,262.62198,849.43274,-0.03773867,-58296.29417791346,83.0,N_695
2024-05-11 20:16:13,87.11166,10.260849,80.61416,262.28625,849.43274,-0.037002765,-58569.343331041586,83.0,N_695
2024-05-11 20:16:14,87.070305,10.209747,80.63514,261.94354,849.43274,-0.036266856,-58844.65028164224,83.0,N_695
2024-05-11 20:16:15,87.02875,10.15918,80.66312,261.60782,849.43274,-0.03553095,-59107.67093336307,83.0,N_695
2024-05-11 20:16:16,86.98698,10.109146,80.6841,261.2651,849.43274,-0.034795046,-59356.68131617,83.0,N_695
2024-05-11 20:16:17,86.94499,10.059631,80.69808,260.92242,849.43274,-0.03405914,-59599.70054338203,83.0,N_695
2024-05-11 20:16:18,86.902794,10.010651,80.712074,260.5797,849.43274,-0.033323232,-59849.40101822675,83.0,N_695
2024-05-11 20:16:19,86.86039,9.962189,80.733055,260.22998,849.43274,-0.032587327,-60105.14631068245,83.0,N_695
2024-05-11 20:16:20,86.81777,9.914261,80.76103,259.88028,849.43274,-0.044733066,-60432.28946196987,83.0,N_695
2024-05-11 20:16:21,86.77495,9.866852,80.78201,259.53058,849.43274,-0.04634456,-60774.04559346261,83.0,N_695
2024-05-11 20:16:22,86.7319,9.819977,80.80299,259.1739,849.43274,-0.044589996,-61088.2044645613,83.0,N_695
2024-05-11 20:16:23,86.68866,9.773636,80.816986,258.8242,849.43274,-0.07886864,-61638.952823316664,83.0,N_695
2024-05-11 20:16:24,86.645195,9.727814,80.83797,258.47446,849.43274,-0.06731538,-62105.22268024468,83.0,N_695
2024-05-11 20:16:25,86.601524,9.68251,80.85196,258.11777,849.43274,-0.06531079,-62572.2642886864,83.0,N_695
2024-05-11 20:16:26,86.55764,9.637756,80.87294,257.76108,849.43274,-0.063306205,-63011.249795124386,83.0,N_695
2024-05-11 20:16:27,86.51354,9.593506,80.886925,257.40436,849.43274,-0.06982323,-63499.502309959375,83.0,N_695
2024-05-11 20:16:28,86.46924,9.549805,80.90092,257.04068,849.43274,-0.064600915,-63960.05815334629,83.0,N_695
2024-05-11 20:16:29,86.42472,9.506607,80.9219,256.684,849.43274,-0.041879226,-64263.07443825475,83.0,N_695
2024-05-11 20:16:30,86.38,9.463959,80.93588,256.32028,849.43274,-0.019157534,-64415.81016776254,83.0,N_695
2024-05-11 20:16:31,86.33506,9.421829,80.949875,255.95659,849.43274,-0.055617545,-64826.95166512386,83.0,N_695
2024-05-11 20:16:32,86.28991,9.3802185,80.970856,255.5859,849.43274,-0.05375185,-65207.188917315216,83.0,N_695
2024-05-11 20:16:33,86.244545,9.339142,80.98484,255.22221,849.43274,-0.05188615,-65585.2673930794,83.0,N_695
2024-05-11 20:16:34,86.198975,9.298599,81.00583,254.8585,849.43274,-0.056154937,-65985.94500765356,83.0,N_695
2024-05-11 20:16:35,86.15319,9.258575,81.01981,254.48782,849.43274,-0.05411143,-66365.89724480083,83.0,N_695
2024-05-11 20:16:36,86.10719,9.219086,81.033806,254.12413,849.43274,-0.04933322,-66712.72400402326,83.0,N_695
2024-05-11 20:16:37,86.06099,9.180115,81.040794,253.75345,849.43274,-0.04722688,-67067.945296524,83.0,N_695
2024-05-11 20:16:38,86.01457,9.141678,81.061775,253.37576,849.43274,-0.04269003,-67378.06271554707,83.0,N_695
2024-05-11 20:16:39,85.96795,9.103775,81.07577,253.00507,849.43274,-0.05629222,-67776.49198158218,83.0,N_695
2024-05-11 20:16:40,85.921104,9.066391,81.08975,252.63438,849.4309,-0.05079369,-68137.16573007003,83.0,N_695
2024-05-11 20:16:41,85.874054,9.029526,81.09675,252.2567,849.43274,-0.04536032,-68467.9478963032,83.0,N_695
2024-05-11 20:16:42,85.8268,8.993195,81.11074,251.87901,849.4383,-0.039926946,-68756.90036781704,83.0,N_695
2024-05-11 20:16:43,85.77932,8.957397,81.11773,251.50134,849.4309,-0.032600593,-69001.53530109854,83.0,N_695
2024-05-11 20:16:44,85.731636,8.922119,81.13172,251.12366,849.4087,-0.028930726,-69221.71602142471,83.0,N_695
2024-05-11 20:16:45,85.68375,8.887375,81.145706,250.74597,849.41235,-0.025260858,-69417.05919246617,83.0,N_695
2024-05-11 20:16:46,85.63564,8.853165,81.1597,250.36829,849.48834,-0.01755271,-69562.76293579084,83.0,N_695
2024-05-11 20:16:47,85.587326,8.819458,81.17368,249.98361,849.59753,-0.01680888,-69699.41724400048,83.0,N_695
2024-05-11 20:16:48,85.538795,8.786301,81.18068,249.60593,849.64764,-0.027542377,-69907.07143513155,83.0,N_695
2024-05-11 20:16:49,85.49006,8.753662,81.18068,249.22125,849.6365,0.002312936,-69918.07150750468,83.0,N_695
2024-05-11 20:16:50,85.44111,8.721542,81.187675,248.83658,849.6217,0.017525675,-69826.24353995104,83.0,N_695
2024-05-11 20:16:51,85.391945,8.689972,81.20166,248.4519,849.62537,0.011552054,-69775.16316329161,83.0,N_695
2024-05-11 20:16:52,85.342575,8.658905,81.21565,248.06723,849.6291,-0.024243614,-69962.13489516126,83.0,N_695
2024-05-11 20:16:53,85.29299,8.628387,81.22264,247.68256,849.6291,-0.019565834,-70120.11288975492,83.0,N_695
2024-05-11 20:16:54,85.243195,8.598373,81.22964,247.29088,849.62726,-0.014888054,-70245.26364701102,83.0,N_695
2024-05-11 20:16:55,85.19319,8.568909,81.23663,246.9062,849.62726,-0.010210273,-70338.99664916942,83.0,N_695
2024-05-11 20:16:56,85.142975,8.539963,81.24363,246.52153,849.62726,-0.005532493,-70401.5939747797,83.0,N_695
2024-05-11 20:16:57,85.092545,8.511536,81.24363,246.13686,849.62726,-0.0008547127,-70433.53747797289,83.0,N_695
2024-05-11 20:16:58,85.04191,8.483643,81.25062,245.74518,849.62726,0.0038230675,-70434.76070685202,83.0,N_695
2024-05-11 20:16:59,84.99106,8.456284,81.257614,245.35352,849.62726,0.008500848,-70405.65728246594,83.0,N_695
2024-05-11 20:17:00,84.939995,8.429443,81.26461,244.96884,849.62726,0.013178628,-70344.36381623981,83.0,N_695
2024-05-11 20:17:01,84.88356,8.415466,81.26461,244.57716,849.62726,-0.0069426303,-70417.4226881601,83.0,N_695
2024-05-11 20:17:02,84.82709,8.401581,81.2716,244.1855,849.62726,0.02221332,-70295.66580864866,83.0,N_695
2024-05-11 20:17:03,84.770584,8.387817,81.278595,243.79382,849.62726,0.0034444134,-70299.70885647752,83.0,N_695
2024-05-11 20:17:04,84.71404,8.374161,81.28559,243.40915,849.62726,0.01873993,-70198.5929413879,83.0,N_695
2024-05-11 20:17:05,84.65746,8.360611,81.29259,243.01048,849.62726,0.01912467,-70098.94516366944,83.0,N_695
2024-05-11 20:17:06,84.600845,8.347183,81.29259,242.61882,849.62726,0.01950941,-69996.25232520378,83.0,N_695
2024-05-11 20:17:07,84.5442,8.333847,81.29259,242.22714,849.62726,0.01367461,-69932.20179183944,83.0,N_695
2024-05-11 20:17:08,84.4875,8.320633,81.29259,241.83548,849.62726,0.036163863,-69719.18405288167,83.0,N_695
2024-05-11 20:17:09,84.430786,8.307526,81.29259,241.4438,849.62726,0.038460534,-69490.95528659089,83.0,N_695
2024-05-11 20:17:10,84.37402,8.294525,81.29259,241.05214,849.62726,0.011843007,-69438.48855004853,83.0,N_695
2024-05-11 20:17:11,84.31723,8.281631,81.299576,240.66046,849.62726,-0.004256845,-69493.68062752773,83.0,N_695
2024-05-11 20:17:12,84.2604,8.26886,81.30657,240.2618,849.62726,-0.008949095,-69579.60869940123,83.0,N_695
2024-05-11 20:17:13,84.20353,8.25618,81.30657,239.87013,849.62726,0.039118126,-69347.33079283504,83.0,N_695
2024-05-11 20:17:14,84.14662,8.243622,81.30657,239.47845,849.62726,0.03136408,-69166.32135973833,83.0,N_695
2024-05-11 20:17:15,84.08968,8.231171,81.30657,239.08679,849.62726,0.035880927,-68953.67186859806,83.0,N_695
2024-05-11 20:17:16,84.03271,8.218826,81.299576,238.69511,849.62726,0.040397774,-68710.96008183686,83.0,N_695
2024-05-11 20:17:17,83.97569,8.206589,81.29259,238.30345,849.62726,0.035449248,-68502.77984695623,83.0,N_695
2024-05-11 20:17:18,83.91865,8.194473,81.29259,237.91177,849.62726,0.036723383,-68285.90887163552,83.0,N_695
2024-05-11 20:17:19,83.861565,8.182465,81.29259,237.52011,849.62726,0.037997518,-68060.56617881698,83.0,N_695
2024-05-11 20:17:20,83.80444,8.1705475,81.29259,237.12843,849.62726,0.016627632,-67974.7756760685,83.0,N_695
2024-05-11 20:17:21,83.747284,8.158752,81.29259,236.72977,849.62726,0.01554888,-67898.54324702955,83.0,N_695
2024-05-11 20:17:22,83.690094,8.147079,81.29259,236.3381,849.62726,0.024331484,-67762.45972258536,83.0,N_695
2024-05-11 20:17:23,83.63286,8.135498,81.28559,235.94643,849.62726,0.02762815,-67604.60414244102,83.0,N_695
2024-05-11 20:17:24,83.5756,8.124039,81.278595,235.55476,849.62726,0.029664949,-67436.49399347683,83.0,N_695
2024-05-11 20:17:25,83.518295,8.112671,81.2716,235.17009,849.62726,0.03608917,-67223.0623288696,83.0,N_695
2024-05-11 20:17:26,83.46096,8.101425,81.2716,234.77841,849.62726,0.038139433,-66994.20654068558,83.0,N_695
2024-05-11 20:17:27,83.40359,8.090286,81.26461,234.38673,849.62726,0.033746272,-66798.96946360079,83.0,N_695
2024-05-11 20:17:28,83.346176,8.079254,81.257614,234.00206,849.62726,0.032008667,-66610.76011559641,83.0,N_695
2024-05-11 20:17:29,83.28873,8.068344,81.25062,233.6104,849.62726,0.03512773,-66403.63847260305,83.0,N_695
2024-05-11 20:17:30,83.23125,8.057526,81.25062,233.21872,849.62726,0.03595876,-66192.98029273307,83.0,N_695
2024-05-11 20:17:31,83.17373,8.046829,81.24363,232.83405,849.62726,0.033455152,-65998.67938545792,83.0,N_695
2024-05-11 20:17:32,83.11617,8.03624,81.23663,232.44937,849.62726,0.0317288,-65807.48149525588,83.0,N_695
2024-05-11 20:17:33,83.058586,8.025757,81.22264,232.05771,849.62726,0.039205663,-65575.73405284142,83.0,N_695
2024-05-11 20:17:34,83.00096,8.015396,81.21565,231.67302,849.62726,0.036201853,-65362.615153430816,83.0,N_695
2024-05-11 20:17:35,82.9433,8.005127,81.20866,231.28835,849.62726,0.03920272,-65131.37286051009,83.0,N_695
2024-05-11 20:17:36,82.8856,7.99498,81.20866,230.90367,849.62726,0.042203583,-64871.82162857634,83.0,N_695
2024-05-11 20:17:37,82.827866,7.9849396,81.194664,230.519,849.62726,0.03898935,-64634.89568311519,83.0,N_695
2024-05-11 20:17:38,82.77009,7.975006,81.18068,230.13432,849.62726,0.038441718,-64411.232463114466,83.0,N_695
2024-05-11 20:17:39,82.71229,7.9651794,81.17368,229.75664,849.62726,0.03581688,-64194.1267364234,83.0,N_695
2024-05-11 20:17:40,82.65444,7.9554596,81.1597,229.37196,849.62726,0.04027141,-63957.977015884266,83.0,N_695
2024-05-11 20:17:41,82.596565,7.945862,81.1527,228.99428,849.62726,0.043487176,-63693.29583808297,83.0,N_695
2024-05-11 20:17:42,82.53865,7.9363556,81.13872,228.6166,849.62726,0.04254966,-63435.21661207088,83.0,N_695
2024-05-11 20:17:43,82.4807,7.9269714,81.124725,228.23892,849.62726,0.03736177,-63211.4953111224,83.0,N_695
2024-05-11 20:17:44,82.42271,7.917694,81.11074,227.86124,849.62726,0.0428775,-62956.444932186525,83.0,N_695
2024-05-11 20:17:45,82.364685,7.908539,81.103745,227.48355,849.62726,0.048393223,-62657.33398490105,83.0,N_695
2024-05-11 20:17:46,82.306625,7.899475,81.08975,227.10587,849.62726,0.05390895,-62329.0511824649,83.0,N_695
2024-05-11 20:17:47,82.24853,7.890518,81.08276,226.72818,849.62726,0.053987615,-61997.94362116617,83.0,N_695
2024-05-11 20:17:48,82.1904,7.8816833,81.06877,226.3575,849.62726,0.05671103,-61648.70109654486,83.0,N_695
2024-05-11 20:17:49,82.13223,7.8729553,81.05479,225.98682,849.62726,0.05579401,-61292.24198228512,83.0,N_695
2024-05-11 20:17:50,82.07403,7.864334,81.033806,225.61612,849.62726,0.055173986,-60960.61021748926,83.0,N_695
2024-05-11 20:17:51,82.015785,7.855835,81.02681,225.24544,849.62726,0.04899744,-60660.129940439954,83.0,N_695
2024-05-11 20:17:52,81.95751,7.8474274,81.01282,224.87474,849.62726,0.044495735,-60395.387232259505,83.0,N_695
2024-05-11 20:17:53,81.89919,7.839142,80.99883,224.51105,849.62726,0.04299166,-60134.51541805742,83.0,N_695
2024-05-11 20:17:54,81.84085,7.830948,80.98484,224.14037,849.62726,0.04340597,-59866.08682927296,83.0,N_695
2024-05-11 20:17:55,81.78246,7.822876,80.96386,223.77667,849.62726,0.04816228,-59576.361730385484,83.0,N_695
2024-05-11 20:17:56,81.724045,7.814926,80.949875,223.41298,849.62726,0.051623024,-59250.54203301847,83.0,N_695
2024-05-11 20:17:57,81.66559,7.807068,80.928894,223.04929,849.62726,0.062354837,-58866.11037524177,83.0,N_695
2024-05-11 20:17:58,81.60709,7.7993164,80.9149,222.6856,849.62726,0.057186287,-58521.08249654231,83.0,N_695
2024-05-11 20:17:59,81.54856,7.791687,80.90092,222.32889,849.62726,0.05778241,-58157.7229414286,83.0,N_695
2024-05-11 20:18:00,81.49,7.7841644,80.87993,221.97218,849.62726,0.06291768,-57774.729947808926,83.0,N_695
2024-05-11 20:18:01,81.43124,7.7790833,80.865944,221.6155,849.62726,0.062633924,-57384.366392218304,83.0,N_695
2024-05-11 20:18:02,81.37244,7.7740326,80.85196,221.2518,849.62726,0.058206495,-57023.59891582749,83.0,N_695
2024-05-11 20:18:03,81.313614,7.7690277,80.83097,220.90208,849.62726,0.05963678,-56645.85945102897,83.0,N_695
2024-05-11 20:18:04,81.25475,7.764038,80.80999,220.5454,849.62726,0.061067067,-56265.23046740705,83.0,N_695
2024-05-11 20:18:05,81.19586,7.759079,80.78901,220.19568,849.62726,0.058299053,-55901.896198912706,83.0,N_695
2024-05-11 20:18:06,81.13695,7.7541504,80.76803,219.84598,849.62726,0.057761714,-55554.93701676835,83.0,N_695
2024-05-11 20:18:07,81.077995,7.7492523,80.754036,219.49628,849.62726,0.058732986,-55186.253616005415,83.0,N_695
2024-05-11 20:18:08,81.01902,7.744385,80.733055,219.14656,849.62726,0.058942135,-54823.58318086709,83.0,N_695
2024-05-11 20:18:09,80.96001,7.7395477,80.712074,218.80385,849.62726,0.058981493,-54459.48578066898,83.0,N_695
2024-05-11 20:18:10,80.90097,7.7347565,80.69109,218.46115,849.62726,0.061236516,-54060.29488830478,83.0,N_695
2024-05-11 20:18:11,80.841896,7.7299805,80.66312,218.11844,849.62726,0.06460488,-53658.388441246134,83.0,N_695
2024-05-11 20:18:12,80.7828,7.725235,80.642136,217.77573,849.6309,0.06297192,-53265.264722903565,83.0,N_695
2024-05-11 20:18:13,80.72366,7.72052,80.62115,217.43301,849.63275,0.06619353,-52857.77079341248,83.0,N_695
2024-05-11 20:18:14,80.664505,7.7158356,80.60017,217.09729,849.61426,0.0672973,-52441.78783404331,83.0,N_695
2024-05-11 20:18:15,80.60531,7.7111816,80.579185,216.76158,849.5994,0.06116067,-52065.32197485585,83.0,N_695
2024-05-11 20:18:16,80.54609,7.706558,80.558205,216.42586,849.63464,0.057616778,-51711.46287376707,83.0,N_695
2024-05-11 20:18:17,80.48683,7.7019653,80.537224,216.09013,849.73834,0.058047134,-51335.61702649978,83.0,N_695
2024-05-11 20:18:18,80.42754,7.697403,80.50925,215.75443,849.8273,0.05453227,-51021.63909424857,83.0,N_695
2024-05-11 20:18:19,80.36823,7.692856,80.495255,215.4257,849.8402,0.056069057,-50662.77071543616,83.0,N_695
2024-05-11 20:18:20,80.30888,7.6883545,80.46728,215.09697,849.8217,0.058542,-50288.945463340744,83.0,N_695
2024-05-11 20:18:21,80.24951,7.6838837,80.4393,214.76825,849.818,0.059497904,-49907.69434681165,83.0,N_695
2024-05-11 20:18:22,80.1901,7.6794434,80.41132,214.43953,849.82355,0.05915602,-49554.02467690206,83.0,N_695
2024-05-11 20:18:23,80.13066,7.6750336,80.39034,214.1178,849.82355,0.058780536,-49200.19615978676,83.0,N_695
2024-05-11 20:18:24,80.0712,7.6706543,80.36936,213.79607,849.82355,0.058974907,-48844.42326801295,83.0,N_695
2024-05-11 20:18:25,80.011696,7.6663055,80.34838,213.47433,849.8217,0.06118232,-48460.97134837642,83.0,N_695
2024-05-11 20:18:26,79.95217,7.661972,80.320404,213.1596,849.8217,0.06114839,-48070.768837926145,83.0,N_695
2024-05-11 20:18:27,79.89261,7.6576843,80.29243,212.83788,849.8217,0.06111446,-47687.515938077995,83.0,N_695
2024-05-11 20:18:28,79.833015,7.653427,80.26445,212.52315,849.8217,0.06108053,-47303.15673805453,83.0,N_695
2024-05-11 20:18:29,79.7734,7.6492004,80.23647,212.2084,849.8217,0.061101407,-46917.80329747458,83.0,N_695
2024-05-11 20:18:30,79.713745,7.644989,80.208496,211.89368,849.8217,0.0601821,-46544.860637498845,83.0,N_695
2024-05-11 20:18:31,79.65406,7.6408234,80.18052,211.58594,849.8217,0.059996378,-46171.854425100944,83.0,N_695
2024-05-11 20:18:32,79.59435,7.636688,80.15254,211.27818,849.8217,0.057543706,-45814.377079190184,83.0,N_695
2024-05-11 20:18:33,79.53461,7.6325684,80.124565,210.97044,849.8217,0.058530837,-45456.43872403592,83.0,N_695
2024-05-11 20:18:34,79.47484,7.6284943,80.09659,210.66971,849.8217,0.057815347,-45114.09740016515,83.0,N_695
2024-05-11 20:18:35,79.41503,7.6244507,80.07561,210.36195,849.8217,0.058626987,-44752.52003495098,83.0,N_695
2024-05-11 20:18:36,79.355194,7.6204224,80.04763,210.06122,849.8217,0.058290735,-44393.51929862349,83.0,N_695
2024-05-11 20:18:37,79.295334,7.61644,80.01965,209.76047,849.8217,0.061388638,-44013.23609826647,83.0,N_695
2024-05-11 20:18:38,79.235435,7.612488,79.99168,209.45972,849.8217,0.06344,-43618.51696623607,83.0,N_695
2024-05-11 20:18:39,79.17551,7.608551,79.9637,209.15897,849.8217,0.062488977,-43211.1735241603,83.0,N_695
2024-05-11 20:18:40,79.115555,7.60466,79.928734,208.86522,849.8217,0.0634485,-42797.39383763353,83.0,N_695
2024-05-11 20:18:41,79.055565,7.6007843,79.89376,208.57147,849.8217,0.06287279,-42419.85241966412,83.0,N_695
2024-05-11 20:18:42,78.995544,7.5969543,79.86578,208.28471,849.8217,0.061750457,-42059.83645143428,83.0,N_695
2024-05-11 20:18:43,78.9355,7.5931396,79.8448,207.99095,849.8217,0.06437183,-41641.15415794621,83.0,N_695
2024-05-11 20:18:44,78.87542,7.5893707,79.80983,207.7042,849.8217,0.061013535,-41272.80362926875,83.0,N_695
2024-05-11 20:18:45,78.81531,7.585617,79.78185,207.41743,849.8217,0.061008126,-40876.87967812654,83.0,N_695
2024-05-11 20:18:46,78.755165,7.581909,79.74689,207.13068,849.8217,0.0641852,-40459.76942995699,83.0,N_695
2024-05-11 20:18:47,78.695,7.5782166,79.711914,206.84392,849.8217,0.066086344,-40055.58563722251,83.0,N_695
2024-05-11 20:18:48,78.634796,7.5745544,79.68394,206.55716,849.8217,0.06574666,-39631.74123976835,83.0,N_695
2024-05-11 20:18:49,78.57456,7.570938,79.64897,206.2774,849.8217,0.06540697,-39245.70360474398,83.0,N_695
2024-05-11 20:18:50,78.514305,7.567337,79.620995,206.00462,849.8217,0.065067284,-38850.80945867332,83.0,N_695
2024-05-11 20:18:51,78.45401,7.5637817,79.59302,205.72487,849.8217,0.06526316,-38427.25265876912,83.0,N_695
2024-05-11 20:18:52,78.393684,7.5602417,79.558044,205.4451,849.8217,0.066812456,-38001.65893845033,83.0,N_695
2024-05-11 20:18:53,78.33333,7.556732,79.52307,205.17233,849.8217,0.06836175,-37564.17435555299,83.0,N_695
2024-05-11 20:18:54,78.27295,7.5532684,79.488106,204.89955,849.8217,0.068556175,-37132.34478811671,83.0,N_695
2024-05-11 20:18:55,78.21253,7.54982,79.45313,204.63377,849.8217,0.069662385,-36712.64341245022,83.0,N_695
2024-05-11 20:18:56,78.152084,7.546402,79.425156,204.36101,849.8217,0.072416,-36251.34175786211,83.0,N_695
2024-05-11 20:18:57,78.091606,7.5430145,79.39018,204.09523,849.8217,0.07191592,-35793.85663047422,83.0,N_695
2024-05-11 20:18:58,78.031105,7.539673,79.35522,203.82945,849.8217,0.07080722,-35372.69410236568,83.0,N_695
2024-05-11 20:18:59,77.970566,7.5363464,79.32724,203.56367,849.8217,0.07140121,-34923.36185564772,83.0,N_695
2024-05-11 20:19:00,77.909996,7.5330505,79.29227,203.3049,849.8217,0.07215518,-34469.494253110315,83.0,N_695
2024-05-11 20:19:01,77.84907,7.5301666,79.25729,203.04611,849.8217,0.07215021,-34045.56994373977,83.0,N_695
2024-05-11 20:19:02,77.788124,7.527298,79.229324,202.78734,849.8217,0.06884592,-33610.103171139475,83.0,N_695
2024-05-11 20:19:03,77.72716,7.5244446,79.19435,202.52855,849.82355,0.06665982,-33190.26979897291,83.0,N_695
2024-05-11 20:19:04,77.666176,7.5216217,79.15938,202.26978,849.82355,0.06799655,-32735.1912364379,83.0,N_695
2024-05-11 20:19:05,77.60517,7.518799,79.11742,202.01799,849.818,0.068936266,-32307.821070038983,83.0,N_695
2024-05-11 20:19:06,77.54414,7.5160065,79.08244,201.76619,849.818,0.07081331,-31865.24248378625,83.0,N_695
2024-05-11 20:19:07,77.4831,7.5132294,79.04748,201.5144,849.8346,0.07324328,-31405.598073295994,83.0,N_695
2024-05-11 20:19:08,77.42204,7.5104675,79.012505,201.26262,849.8384,0.07290023,-30956.011456924556,83.0,N_695
2024-05-11 20:19:09,77.36096,7.507721,78.97753,201.01782,849.76984,0.076570205,-30434.551994059933,83.0,N_695
2024-05-11 20:19:10,77.29986,7.5049896,78.93557,200.76604,849.6606,0.07470907,-29973.089183581542,83.0,N_695
2024-05-11 20:19:11,77.23874,7.5022736,78.9006,200.52124,849.6069,0.0771716,-29525.594117800643,83.0,N_695
2024-05-11 20:19:12,77.1776,7.499588,78.87262,200.27644,849.6198,0.07021424,-29060.788604000685,83.0,N_695
2024-05-11 20:19:13,77.11644,7.4969177,78.83066,200.03865,849.63464,0.06855754,-28636.147693122988,83.0,N_695
2024-05-11 20:19:14,77.05526,7.4942474,78.795685,199.79385,849.63275,0.06822584,-28185.487743328908,83.0,N_695
2024-05-11 20:19:15,76.994064,7.4916077,78.75372,199.55606,849.62726,0.06824551,-27743.004007635776,83.0,N_695
2024-05-11 20:19:16,76.932846,7.4889984,78.711754,199.32526,849.62726,0.06993938,-27314.463886829035,83.0,N_695
2024-05-11 20:19:17,76.871605,7.486389,78.67679,199.08745,849.62726,0.074809566,-26814.48776513489,83.0,N_695
2024-05-11 20:19:18,76.81035,7.483795,78.63482,198.84966,849.62726,0.078190595,-26340.1993105781,83.0,N_695
2024-05-11 20:19:19,76.74907,7.4812317,78.59985,198.61885,849.62726,0.07319106,-25894.543937991642,83.0,N_695
2024-05-11 20:19:20,76.687775,7.478668,78.56488,198.38803,849.62726,0.072513565,-25484.521259758196,83.0,N_695
2024-05-11 20:19:21,76.626465,7.4761353,78.5369,198.15723,849.62726,0.077187836,-24979.555048049282,83.0,N_695
2024-05-11 20:19:22,76.565125,7.4736176,78.49494,197.93343,849.62726,0.073839344,-24500.243840085328,83.0,N_695
2024-05-11 20:19:23,76.50377,7.471115,78.45297,197.70961,849.62726,0.07438328,-24044.942394816313,83.0,N_695
2024-05-11 20:19:24,76.4424,7.468628,78.41801,197.4788,849.62726,0.077825576,-23534.84812089571,83.0,N_695
2024-05-11 20:19:25,76.381004,7.4661713,78.37604,197.25499,849.62726,0.07532382,-23080.922247151713,83.0,N_695
2024-05-11 20:19:26,76.319595,7.4637146,78.34107,197.03117,849.62726,0.07492326,-22597.238583629358,83.0,N_695
2024-05-11 20:19:27,76.25816,7.4612885,78.2991,196.81436,849.62726,0.0745227,-22155.412326459395,83.0,N_695
2024-05-11 20:19:28,76.19671,7.4588776,78.26413,196.59755,849.62726,0.07542297,-21657.487193703993,83.0,N_695
2024-05-11 20:19:29,76.13524,7.456482,78.22217,196.37373,849.62726,0.074903324,-21173.548515156588,83.0,N_695
2024-05-11 20:19:30,76.073746,7.4541016,78.18021,196.15692,849.62726,0.07438368,-20700.37629460045,83.0,N_695
2024-05-11 20:19:31,76.01224,7.4517365,78.13824,195.9471,849.62726,0.073864035,-20220.85297683125,83.0,N_695
2024-05-11 20:19:32,75.950714,7.4493866,78.096275,195.73027,849.62726,0.073119536,-19745.97944118429,83.0,N_695
2024-05-11 20:19:33,75.88916,7.4470673,78.05431,195.51346,849.62726,0.06101889,-19392.0498286878,83.0,N_695
2024-05-11 20:19:34,75.82759,7.444763,78.01934,195.30363,849.62726,0.04891825,-19085.122755342236,83.0,N_695
2024-05-11 20:19:35,75.76601,7.442459,77.97737,195.09381,849.62726,0.08102089,-18604.254615079306,83.0,N_695
2024-05-11 20:19:36,75.7044,7.4401855,77.942406,194.88399,849.62726,0.07555478,-18081.330216752212,83.0,N_695
2024-05-11 20:19:37,75.64278,7.4379425,77.89345,194.68115,849.62726,0.06786884,-17655.889651246667,83.0,N_695
2024-05-11 20:19:38,75.58113,7.4356995,77.85148,194.47833,849.62726,0.06355717,-17289.590168078976,83.0,N_695
2024-05-11 20:19:39,75.51946,7.4334717,77.81651,194.2755,849.62726,0.055975784,-16938.00921768296,83.0,N_695
2024-05-11 20:19:40,75.45778,7.4312744,77.77454,194.07266,849.62726,0.054662075,-16590.349295904693,83.0,N_695
2024-05-11 20:19:41,75.39607,7.429077,77.73258,193.86284,849.62726,0.053811643,-16224.267906513842,83.0,N_695
2024-05-11 20:19:42,75.33435,7.4269104,77.683624,193.66002,849.62726,0.051372863,-15939.490771747642,83.0,N_695
2024-05-11 20:19:43,75.272606,7.424759,77.64865,193.46419,849.62726,0.062164553,-15550.672522194185,83.0,N_695
2024-05-11 20:19:44,75.210846,7.4226227,77.60669,193.26834,849.62726,0.05809786,-15190.414232089877,83.0,N_695
2024-05-11 20:19:45,75.14906,7.4205017,77.56472,193.07251,849.62726,0.05403117,-14856.615104649765,83.0,N_695
2024-05-11 20:19:46,75.087265,7.4184113,77.52276,192.87668,849.62726,0.050501455,-14545.718290784525,83.0,N_695
2024-05-11 20:19:47,75.025444,7.416321,77.48079,192.68085,849.62726,0.05283533,-14253.320217459182,83.0,N_695
2024-05-11 20:19:48,74.9636,7.414261,77.44582,192.492,849.62726,0.055169206,-13907.540247882938,83.0,N_695
2024-05-11 20:19:49,74.90174,7.412216,77.403854,192.29616,849.62726,0.05750308,-13521.971351296912,83.0,N_695
2024-05-11 20:19:50,74.83986,7.410187,77.3549,192.10733,849.62726,0.066162236,-13113.845632062004,83.0,N_695
2024-05-11 20:19:51,74.77796,7.4081726,77.312935,191.91849,849.62726,0.057622053,-12759.036114213237,83.0,N_695
2024-05-11 20:19:52,74.71604,7.4061737,77.270966,191.72964,849.62726,0.060178466,-12358.775171449108,83.0,N_695
2024-05-11 20:19:53,74.654106,7.40419,77.22201,191.54779,849.62726,0.061598476,-11978.297349634073,83.0,N_695
2024-05-11 20:19:54,74.59215,7.402237,77.180046,191.35895,849.62726,0.059607543,-11615.76128999329,83.0,N_695
2024-05-11 20:19:55,74.530174,7.400299,77.138084,191.17711,849.62726,0.05489827,-11276.157714999395,83.0,N_695
2024-05-11 20:19:56,74.46818,7.398361,77.096115,190.98827,849.62726,0.05371197,-10979.738188105493,83.0,N_695
2024-05-11 20:19:57,74.406166,7.396454,77.06114,190.80641,849.62726,0.05526505,-10641.193101728342,83.0,N_695
2024-05-11 20:19:58,74.34413,7.394562,77.01918,190.62457,849.62726,0.061866105,-10232.184759649062,83.0,N_695
2024-05-11 20:19:59,74.282074,7.3927,76.97022,190.44972,849.62726,0.06478591,-9834.272720323974,83.0,N_695
2024-05-11 20:20:00,74.22,7.3908386,76.92826,190.26787,849.62726,0.07403814,-9382.110902824646,83.0,N_695
2024-05-11 20:20:01,74.15659,7.389389,76.88629,190.09302,849.62726,0.06377104,-8957.62478993187,83.0,N_695
2024-05-11 20:20:02,74.093216,7.3879395,76.83733,189.91817,849.62726,0.060625136,-8592.652446164979,83.0,N_695
2024-05-11 20:20:03,74.02986,7.386505,76.79537,189.74332,849.62726,0.049212348,-8298.62452178694,83.0,N_695
2024-05-11 20:20:04,73.96654,7.385071,76.7534,189.56847,849.62726,0.05358261,-7975.826199276555,83.0,N_695
2024-05-11 20:20:05,73.90323,7.3836365,76.71144,189.3936,849.62726,0.0588656,-7590.457249840325,83.0,N_695
2024-05-11 20:20:06,73.83995,7.382202,76.66248,189.22575,849.62726,0.056616727,-7222.161625550547,83.0,N_695
2024-05-11 20:20:07,73.776695,7.380783,76.613525,189.05789,849.62726,0.059261397,-6828.07207512029,83.0,N_695
2024-05-11 20:20:08,73.71347,7.379364,76.56456,188.88304,849.62726,0.059941925,-6471.417420663503,83.0,N_695
2024-05-11 20:20:09,73.65026,7.377945,76.5226,188.71518,849.62726,0.060622454,-6107.075960793969,83.0,N_695
2024-05-11 20:20:10,73.58708,7.376541,76.48064,188.54732,849.62726,0.06213614,-5695.754610706568,83.0,N_695
2024-05-11 20:20:11,73.52393,7.375122,76.43168,188.37946,849.62726,0.060770325,-5339.216965139778,83.0,N_695
2024-05-11 20:20:12,73.4608,7.3737183,76.38971,188.2186,849.62726,0.05589017,-5003.237488666695,83.0,N_695
2024-05-11 20:20:13,73.3977,7.3723297,76.34775,188.05074,849.62726,0.053277023,-4690.688265996232,83.0,N_695
2024-05-11 20:20:14,73.33462,7.370926,76.30578,187.88988,849.62726,0.06262112,-4273.43500497991,83.0,N_695
2024-05-11 20:20:15,73.27156,7.3695374,76.25682,187.72202,849.62726,0.05968811,-3921.6927191757277,83.0,N_695
2024-05-11 20:20:16,73.208534,7.368149,76.21486,187.56114,849.62726,0.063299775,-3513.107395911593,83.0,N_695
2024-05-11 20:20:17,73.14553,7.3667755,76.1659,187.40727,849.62726,0.06803627,-3065.827439773846,83.0,N_695
2024-05-11 20:20:18,73.08255,7.365402,76.11694,187.24641,849.62726,0.07287838,-2584.578947821574,83.0,N_695
2024-05-11 20:20:19,73.01959,7.364029,76.06798,187.08556,849.62726,0.057316665,-2245.321640136339,83.0,N_695
2024-05-11 20:20:20,72.956665,7.3626556,76.02602,186.92468,849.62726,0.049936432,-1956.6619334849674,83.0,N_695
2024-05-11 20:20:21,72.89376,7.3612976,75.984055,186.77081,849.62726,0.05054236,-1663.3653757619577,83.0,N_695
2024-05-11 20:20:22,72.83089,7.3599243,75.942085,186.61694,849.62726,0.05077146,-1337.6499059017806,83.0,N_695
2024-05-11 20:20:23,72.76803,7.3585815,75.89313,186.46307,849.62726,0.052899297,-999.2838219892728,83.0,N_695
2024-05-11 20:20:24,72.7052,7.3572235,75.84417,186.3092,849.62726,0.051191818,-678.1454950392399,83.0,N_695
2024-05-11 20:20:25,72.642395,7.3558807,75.79521,186.16232,849.6291,0.054043867,-363.040376826375,83.0,N_695
2024-05-11 20:20:26,72.57961,7.354538,75.75325,186.00845,849.6291,0.058011398,7.666963176543504,83.0,N_695
2024-05-11 20:20:27,72.51686,7.353195,75.704285,185.86159,849.62537,0.060226552,398.890356138505,83.0,N_695
2024-05-11 20:20:28,72.45413,7.3518524,75.65533,185.7077,849.62537,0.062441707,805.55243007225,83.0,N_695
2024-05-11 20:20:29,72.391426,7.350525,75.60637,185.55383,849.6365,0.06096682,1158.1817144894412,83.0,N_695
2024-05-11 20:20:30,72.32875,7.3491974,75.56441,185.40697,849.6402,0.06272902,1525.1563687158377,83.0,N_695
2024-05-11 20:20:31,72.2661,7.347885,75.52244,185.26009,849.5883,0.05868417,1896.1964736172085,83.0,N_695
2024-05-11 20:20:32,72.20347,7.3465576,75.47348,185.12021,849.49756,0.075984344,2390.871041783157,83.0,N_695
2024-05-11 20:20:33,72.14086,7.3452454,75.42452,184.97333,849.4291,0.07690205,2835.5552414453377,83.0,N_695
2024-05-11 20:20:34,72.078285,7.343933,75.38256,184.83345,849.4198,0.006387187,2856.354331159593,83.0,N_695
2024-05-11 20:20:35,72.01573,7.342636,75.3336,184.68657,849.43463,0.0064031132,2873.663556487212,83.0,N_695
2024-05-11 20:20:36,71.9532,7.341339,75.28464,184.54669,849.43646,0.06784827,3314.719364271914,83.0,N_695
2024-05-11 20:20:37,71.89069,7.340042,75.23568,184.39981,849.43274,0.06785717,3747.8587930683025,83.0,N_695
2024-05-11 20:20:38,71.82822,7.338745,75.18672,184.25993,849.43274,0.06195461,4141.944337484132,83.0,N_695
2024-05-11 20:20:39,71.76576,7.337448,75.137764,184.12004,849.43274,0.0619618,4498.550643702918,83.0,N_695
2024-05-11 20:20:40,71.70333,7.3361664,75.0958,183.98016,849.43274,0.06195347,4895.953802503616,83.0,N_695
2024-05-11 20:20:41,71.64093,7.3348846,75.046844,183.84029,849.43274,0.057813272,5220.386964134745,83.0,N_695
2024-05-11 20:20:42,71.57855,7.333618,75.004875,183.7074,849.43274,0.053673077,5562.748673474383,83.0,N_695
2024-05-11 20:20:43,71.5162,7.3323517,74.95592,183.5675,849.43274,0.0536814,5896.258973513322,83.0,N_695
2024-05-11 20:20:44,71.453865,7.331085,74.90696,183.43462,849.43274,0.054451752,6235.699629300889,83.0,N_695
2024-05-11 20:20:45,71.39156,7.3298187,74.858,183.30173,849.43274,0.05522211,6622.695163984721,83.0,N_695
2024-05-11 20:20:46,71.329285,7.3285522,74.80205,183.16185,849.43274,0.05599246,6970.36081232857,83.0,N_695
2024-05-11 20:20:47,71.26703,7.327301,74.75309,183.02896,849.43274,0.055999532,7286.753508517304,83.0,N_695
2024-05-11 20:20:48,71.204796,7.32605,74.71112,182.89607,849.43274,0.057175905,7613.170518003772,83.0,N_695
2024-05-11 20:20:49,71.14259,7.324814,74.66916,182.76318,849.43274,0.05718236,7968.529715929195,83.0,N_695
2024-05-11 20:20:50,71.080414,7.3235626,74.6202,182.6373,849.43274,0.05602765,8321.184007206102,83.0,N_695
2024-05-11 20:20:51,71.018265,7.3223267,74.57124,182.50441,849.43274,0.056036875,8667.173368554719,83.0,N_695
2024-05-11 20:20:52,70.95613,7.3210907,74.522285,182.37851,849.43274,0.052658603,8991.537038797927,83.0,N_695
2024-05-11 20:20:53,70.89403,7.31987,74.47332,182.25262,849.43274,0.05266862,9316.275255904646,83.0,N_695
2024-05-11 20:20:54,70.83195,7.3186493,74.42436,182.12672,849.43274,0.043019805,9582.459564745182,83.0,N_695
2024-05-11 20:20:55,70.7699,7.3174286,74.375404,181.99384,849.43274,0.04303167,9843.360866578103,83.0,N_695
2024-05-11 20:20:56,70.70786,7.316208,74.32645,181.86794,849.43274,0.025867825,9990.639835613802,83.0,N_695
2024-05-11 20:20:57,70.64586,7.3150024,74.27749,181.74205,849.43274,0.025883002,10138.188027106491,83.0,N_695
2024-05-11 20:20:58,70.583885,7.3137817,74.22853,181.61615,849.43274,0.02811254,10297.403227868861,83.0,N_695
2024-05-11 20:20:59,70.52193,7.3125916,74.17957,181.49725,849.43274,0.030342078,10495.274329907064,83.0,N_695
2024-05-11 20:21:00,70.46,7.311386,74.12362,181.37135,849.43274,0.032571618,10685.499024221597,83.0,N_695
2024-05-11 20:21:01,70.399734,7.3102264,74.07466,181.24547,849.43274,0.034801155,10889.1675439766,83.0,N_695
2024-05-11 20:21:02,70.33944,7.309082,74.0257,181.12657,849.43274,0.037030693,11112.657240886318,83.0,N_695
2024-05-11 20:21:03,70.27911,7.3079376,73.97674,181.00067,849.43274,0.03703923,11308.020861755358,83.0,N_695
2024-05-11 20:21:04,70.21876,7.306793,73.93478,180.88177,849.43274,0.03177716,11495.293297865075,83.0,N_695
2024-05-11 20:21:05,70.15837,7.305649,73.88582,180.76288,849.43274,0.03178754,11701.278356836581,83.0,N_695
2024-05-11 20:21:06,70.097946,7.3045044,73.829865,180.64397,849.43274,0.028690835,11863.465994078171,83.0,N_695
2024-05-11 20:21:07,70.0375,7.3033752,73.78091,180.52507,849.43274,0.02559413,12004.83786057523,83.0,N_695
2024-05-11 20:21:08,69.97702,7.302231,73.73195,180.41316,849.43274,0.022497425,12129.351817896815,83.0,N_695
2024-05-11 20:21:09,69.91651,7.3011017,73.68299,180.29427,849.43463,0.01940072,12233.09903637369,83.0,N_695
2024-05-11 20:21:10,69.85597,7.2999725,73.63403,180.17537,849.43463,0.016304014,12316.45114731961,83.0,N_695
2024-05-11 20:21:11,69.7954,7.2988586,73.58507,180.05647,849.4291,0.016320009,12397.987182594916,83.0,N_695
2024-05-11 20:21:12,69.7348,7.2977295,73.53611,179.94456,849.42535,0.006557311,12417.212604305034,83.0,N_695
2024-05-11 20:21:13,69.67417,7.2966156,73.48715,179.82565,849.43463,0.006572465,12435.35814539903,83.0,N_695
2024-05-11 20:21:14,69.6135,7.2955017,73.438194,179.71376,849.455,0.0048060818,12442.405141231222,83.0,N_695
2024-05-11 20:21:15,69.55281,7.294388,73.38924,179.60185,849.4272,0.004821925,12452.788163506491,83.0,N_695
2024-05-11 20:21:16,69.49209,7.293274,73.33328,179.48994,849.3235,0.0071341475,12477.274617926181,83.0,N_695
2024-05-11 20:21:17,69.431335,7.29216,73.27733,179.37804,849.2327,0.007152269,12497.165707707256,83.0,N_695
2024-05-11 20:21:18,69.37055,7.2910614,73.22837,179.26613,849.2198,0.00078295276,12477.946619836326,83.0,N_695
2024-05-11 20:21:19,69.30974,7.289963,73.17941,179.15422,849.2401,0.00080031616,12458.839811140373,83.0,N_695
2024-05-11 20:21:20,69.248886,7.288864,73.130455,179.04231,849.2439,-0.006166705,12394.77864057825,83.0,N_695
2024-05-11 20:21:21,69.18801,7.2877655,73.0815,178.93741,849.23834,-0.004968509,12338.180777806112,83.0,N_695
2024-05-11 20:21:22,69.127106,7.286667,73.03254,178.8255,849.23645,-0.0037703132,12289.49616411663,83.0,N_695
2024-05-11 20:21:23,69.06617,7.2855835,72.983574,178.7206,849.23834,-0.0037518025,12243.207194375904,83.0,N_695
2024-05-11 20:21:24,69.0052,7.284485,72.94161,178.60869,849.23834,-0.0037577192,12194.617894580992,83.0,N_695
2024-05-11 20:21:25,68.9442,7.2834015,72.88566,178.50377,849.23834,-0.0037366454,12143.885513164569,83.0,N_695
2024-05-11 20:21:26,68.88317,7.282318,72.8367,178.39886,849.23834,-0.0043544522,12088.293770874116,83.0,N_695
2024-05-11 20:21:27,68.82211,7.2812347,72.78075,178.28696,849.23834,-0.004332763,12030.34486889375,83.0,N_695
2024-05-11 20:21:28,68.761024,7.2801666,72.72479,178.18204,849.23834,-0.010014132,11938.848873328236,83.0,N_695
2024-05-11 20:21:29,68.699905,7.2790985,72.675835,178.07713,849.23834,-0.009993704,11857.809176457195,83.0,N_695
2024-05-11 20:21:30,68.63875,7.278015,72.63387,177.97922,849.23834,-0.015127424,11728.462428482959,83.0,N_695
2024-05-11 20:21:31,68.57757,7.276947,72.57792,177.8743,849.23834,-0.015103694,11603.735397275042,83.0,N_695
2024-05-11 20:21:32,68.51636,7.275894,72.52896,177.7694,849.23834,-0.010893567,11501.600718975016,83.0,N_695
2024-05-11 20:21:33,68.45512,7.274826,72.47301,177.66447,849.23834,-0.010872491,11404.226318691555,83.0,N_695
2024-05-11 20:21:34,68.39384,7.273773,72.42405,177.55957,849.23834,-0.0074326745,11332.722531466166,83.0,N_695
2024-05-11 20:21:35,68.332535,7.272705,72.37509,177.46165,849.23834,-0.007412292,11261.699828466852,83.0,N_695
2024-05-11 20:21:36,68.2712,7.271652,72.32613,177.36374,849.23834,-0.008600634,11183.030382850935,83.0,N_695
2024-05-11 20:21:37,68.20984,7.2705994,72.27717,177.26581,849.23834,-0.009788976,11095.473151916827,83.0,N_695
2024-05-11 20:21:38,68.14844,7.269562,72.22821,177.1609,849.23834,-0.009182949,11012.60892824575,83.0,N_695
2024-05-11 20:21:39,68.08701,7.268509,72.17925,177.06299,849.23834,-0.010906113,10919.04187313997,83.0,N_695
2024-05-11 20:21:40,68.02556,7.2674713,72.130295,176.96507,849.23834,-0.012629278,10805.81594782533,83.0,N_695
2024-05-11 20:21:41,67.964066,7.2664337,72.07434,176.86716,849.23834,-0.0126059335,10688.599675666042,83.0,N_695
2024-05-11 20:21:42,67.90255,7.265396,72.01839,176.76224,849.23834,-0.023352304,10514.781175636159,83.0,N_695
2024-05-11 20:21:43,67.841,7.2643585,71.96943,176.67131,849.23834,-0.023328764,10341.499201282692,83.0,N_695
2024-05-11 20:21:44,67.77943,7.263336,71.92047,176.5734,849.23834,-0.0210234,10182.552964100982,83.0,N_695
2024-05-11 20:21:45,67.71781,7.2622986,71.87151,176.47548,849.23834,-0.021000387,10009.482664195573,83.0,N_695
2024-05-11 20:21:46,67.65617,7.2612762,71.81556,176.37756,849.2401,-0.015351224,9875.654022365226,83.0,N_695
2024-05-11 20:21:47,67.594505,7.260254,71.759605,176.28664,849.23645,-0.015326866,9750.884725145788,83.0,N_695
2024-05-11 20:21:48,67.5328,7.2592316,71.71065,176.18872,849.2346,-0.018708708,9608.823960821435,83.0,N_695
2024-05-11 20:21:49,67.47107,7.2582245,71.66169,176.0978,849.24756,-0.018685797,9454.41068988316,83.0,N_695
2024-05-11 20:21:50,67.40931,7.257202,71.605736,176.00687,849.2512,-0.02032661,9283.417555362885,83.0,N_695
2024-05-11 20:21:51,67.34751,7.256195,71.54978,175.90895,849.19946,-0.020301152,9141.768912781976,83.0,N_695
2024-05-11 20:21:52,67.28569,7.255188,71.50782,175.81804,849.1087,-0.01829865,9002.609737400693,83.0,N_695
2024-05-11 20:21:53,67.22384,7.254181,71.45886,175.72011,849.0401,-0.016296148,8864.323167899194,83.0,N_695
2024-05-11 20:21:54,67.16195,7.253174,71.40291,175.6292,849.0309,-0.01395716,8740.179371297992,83.0,N_695
2024-05-11 20:21:55,67.10004,7.252182,71.346954,175.53827,849.0457,-0.01393405,8627.377158478292,83.0,N_695
2024-05-11 20:21:56,67.03809,7.251175,71.298,175.45435,849.04755,-0.013913495,8515.91776036128,83.0,N_695
2024-05-11 20:21:57,66.97611,7.250183,71.24904,175.36342,849.0438,-0.013892865,8393.010812451485,83.0,N_695
2024-05-11 20:21:58,66.91411,7.2491913,71.193085,175.2655,849.042,-0.012703007,8278.536165805133,83.0,N_695
2024-05-11 20:21:59,66.852066,7.2482147,71.13713,175.18156,849.0438,-0.012680608,8172.113003790157,83.0,N_695
2024-05-11 20:22:00,66.79,7.247223,71.08817,175.09064,849.0438,-0.013790661,8062.55466713211,83.0,N_695
2024-05-11 20:22:01,66.726425,7.2462463,71.039215,175.00671,849.0438,-0.013770752,7951.689466584536,83.0,N_695
2024-05-11 20:22:02,66.66287,7.245285,70.99026,174.91579,849.0438,-0.016035737,7815.023361073261,83.0,N_695
2024-05-11 20:22:03,66.599335,7.2443085,70.9343,174.82487,849.0438,-0.016012581,7677.678757271475,83.0,N_695
2024-05-11 20:22:04,66.53582,7.243347,70.87835,174.74094,849.0438,-0.01601701,7538.747626345215,83.0,N_695
2024-05-11 20:22:05,66.47233,7.242386,70.822395,174.65001,849.0438,-0.015993472,7412.461714841698,83.0,N_695
2024-05-11 20:22:06,66.40885,7.2414246,70.77344,174.56609,849.0438,-0.013694564,7303.554723649566,83.0,N_695
2024-05-11 20:22:07,66.34539,7.2404633,70.72448,174.48216,849.0438,-0.0136738885,7194.722620152697,83.0,N_695
2024-05-11 20:22:08,66.28196,7.239502,70.67552,174.39822,849.0438,-0.014798531,7066.806021366265,83.0,N_695
2024-05-11 20:22:09,66.21854,7.238556,70.61957,174.3073,849.0438,-0.0147751635,6937.74917412976,83.0,N_695
2024-05-11 20:22:10,66.155136,7.23761,70.563614,174.22337,849.0438,-0.013602497,6817.198786802204,83.0,N_695
2024-05-11 20:22:11,66.09176,7.2366486,70.50766,174.13945,849.0438,-0.010751143,6723.908493621722,83.0,N_695
2024-05-11 20:22:12,66.0284,7.2357025,70.4587,174.05551,849.0438,-0.009787919,6639.283456967518,83.0,N_695
2024-05-11 20:22:13,65.96506,7.2347717,70.409744,173.97159,849.0438,-0.0110818595,6546.462915835367,83.0,N_695
2024-05-11 20:22:14,65.90174,7.2338257,70.36079,173.88765,849.0438,-0.007842654,6468.6457421970445,83.0,N_695
2024-05-11 20:22:15,65.83844,7.232895,70.30483,173.80373,849.0457,-0.0046034483,6411.361615767586,83.0,N_695
2024-05-11 20:22:16,65.775154,7.231949,70.24888,173.72679,849.0438,-0.0021311692,6372.679333053125,83.0,N_695
2024-05-11 20:22:17,65.71189,7.231018,70.19992,173.64287,849.0401,-0.0021272409,6336.276579298468,83.0,N_695
2024-05-11 20:22:18,65.64865,7.2300873,70.15096,173.55893,849.0457,-0.0041814614,6284.496688918822,83.0,N_695
2024-05-11 20:22:19,65.58543,7.2291565,70.09501,173.482,849.0587,-0.0016788186,6247.500188227677,83.0,N_695
2024-05-11 20:22:20,65.522224,7.228241,70.039055,173.39807,849.0383,-0.000527106,6218.267161607815,83.0,N_695
2024-05-11 20:22:21,65.45904,7.22731,69.9831,173.32114,848.9605,0.0021352018,6206.574649085454,83.0,N_695
2024-05-11 20:22:22,65.395874,7.2263947,69.93414,173.2372,848.8734,0.002143688,6196.928161522759,83.0,N_695
2024-05-11 20:22:23,65.332726,7.225479,69.885185,173.16026,848.83453,0.0027308834,6191.3104467362755,83.0,N_695
2024-05-11 20:22:24,65.2696,7.2245636,69.83623,173.08333,848.8438,0.0040689916,6196.8520388837605,83.0,N_695
2024-05-11 20:22:25,65.20649,7.223648,69.78027,173.0064,848.8531,0.005393243,6209.571687216416,83.0,N_695
2024-05-11 20:22:26,65.1434,7.222748,69.72432,172.92247,848.85126,0.0069233146,6231.874613168202,83.0,N_695
2024-05-11 20:22:27,65.08034,7.2218323,69.668365,172.84554,848.8475,0.007315782,6257.288956603465,83.0,N_695
2024-05-11 20:22:28,65.01729,7.220932,69.61241,172.7686,848.84937,0.0069494983,6275.363528286296,83.0,N_695
2024-05-11 20:22:29,64.95426,7.2200317,69.56345,172.69167,848.84937,0.0071515935,6297.365014448336,83.0,N_695
2024-05-11 20:22:30,64.89125,7.2191315,69.514496,172.61473,848.84937,0.00809923,6325.301469905589,83.0,N_695
2024-05-11 20:22:31,64.82826,7.218231,69.46554,172.5378,848.84937,0.008488546,6361.584392952263,83.0,N_695
2024-05-11 20:22:32,64.76529,7.217331,69.409584,172.46086,848.84937,0.008685074,6390.593885681683,83.0,N_695
2024-05-11 20:22:33,64.70234,7.216446,69.36063,172.38393,848.84937,0.007191891,6417.934721436475,83.0,N_695
2024-05-11 20:22:34,64.639404,7.215561,69.30467,172.30699,848.84937,0.0087083895,6453.185746705702,83.0,N_695
2024-05-11 20:22:35,64.57649,7.214676,69.24872,172.23006,848.84937,0.008159526,6484.6547350127075,83.0,N_695
2024-05-11 20:22:36,64.513596,7.213791,69.192764,172.15312,848.84937,0.0059073917,6499.80143093066,83.0,N_695
2024-05-11 20:22:37,64.45072,7.212906,69.13682,172.08318,848.84937,0.0062989113,6518.76104621022,83.0,N_695
2024-05-11 20:22:38,64.38787,7.212021,69.080864,172.00624,848.84937,0.005379554,6526.549847744383,83.0,N_695
2024-05-11 20:22:39,64.325035,7.211151,69.031906,171.9363,848.84937,0.0055867885,6543.2398185928505,83.0,N_695
2024-05-11 20:22:40,64.26222,7.210266,68.97595,171.85936,848.84937,0.0063541057,6557.0465300863,83.0,N_695
2024-05-11 20:22:41,64.199425,7.2093964,68.926994,171.78943,848.84937,0.004487917,6562.4286897642705,83.0,N_695
2024-05-11 20:22:42,64.13665,7.2085266,68.87803,171.71948,848.85126,0.0013093436,6549.203221426327,83.0,N_695
2024-05-11 20:22:43,64.07389,7.207672,68.82208,171.64954,848.85126,0.0030263425,6543.387321724629,83.0,N_695
2024-05-11 20:22:44,64.011154,7.2068024,68.773125,171.5726,848.8457,0.0026605516,6539.396721527097,83.0,N_695
2024-05-11 20:22:45,63.948437,7.205948,68.71717,171.49567,848.8438,0.0024924204,6531.2911793445965,83.0,N_695
2024-05-11 20:22:46,63.88574,7.205078,68.66122,171.42574,848.86237,0.0023224559,6522.394988139233,83.0,N_695
2024-05-11 20:22:47,63.82306,7.2042236,68.60526,171.35579,848.8661,0.00084050954,6503.336021234951,83.0,N_695
2024-05-11 20:22:48,63.7604,7.203369,68.54931,171.28584,848.7975,-0.0010149142,6471.542673901349,83.0,N_695
2024-05-11 20:22:49,63.697758,7.2025146,68.493355,171.21591,848.68823,-0.0032418154,6426.7247740602725,83.0,N_695
2024-05-11 20:22:50,63.635136,7.2016754,68.4444,171.14597,848.629,-0.0032250653,6382.392005803813,83.0,N_695
2024-05-11 20:22:51,63.572536,7.200821,68.38844,171.07602,848.6346,-0.0026428485,6341.256703544474,83.0,N_695
2024-05-11 20:22:52,63.509953,7.1999817,68.339485,171.00609,848.65674,-0.0028119574,6299.752834572537,83.0,N_695
2024-05-11 20:22:53,63.44739,7.1991425,68.28353,170.93614,848.6586,-0.0019525496,6261.505878021715,83.0,N_695
2024-05-11 20:22:54,63.38485,7.198303,68.22758,170.8662,848.6549,-0.0010931417,6230.07820826396,83.0,N_695
2024-05-11 20:22:55,63.322323,7.197464,68.17862,170.80325,848.6531,-0.0025689267,6192.3889432869655,83.0,N_695
2024-05-11 20:22:56,63.25982,7.19664,68.12966,170.7333,848.6549,-0.0021766885,6155.2404403414075,83.0,N_695
2024-05-11 20:22:57,63.197334,7.195801,68.07371,170.66338,848.6549,-0.00047637548,6127.155683121848,83.0,N_695
2024-05-11 20:22:58,63.134872,7.194977,68.01775,170.59343,848.6549,0.0014091538,6112.069240477453,83.0,N_695
2024-05-11 20:22:59,63.072426,7.194153,67.96181,170.52348,848.6549,0.0016113552,6098.388138655006,83.0,N_695
2024-05-11 20:23:00,63.01,7.193329,67.90585,170.45355,848.6549,0.00274912,6090.279112587217,83.0,N_695
2024-05-11 20:23:01,62.948246,7.1925507,67.856895,170.3906,848.6549,0.0027648322,6087.248038883878,83.0,N_695
2024-05-11 20:23:02,62.886494,7.1917725,67.80094,170.32765,848.6549,0.00054584706,6066.209366845505,83.0,N_695
2024-05-11 20:23:03,62.824738,7.1909943,67.75198,170.2577,848.6549,-0.0009311316,6037.756264487933,83.0,N_695
2024-05-11 20:23:04,62.762978,7.1902313,67.69603,170.19476,848.6549,-0.002027453,5999.322775068707,83.0,N_695
2024-05-11 20:23:05,62.701214,7.189453,67.640076,170.12482,848.6549,-0.0040531545,5947.019729137355,83.0,N_695
2024-05-11 20:23:06,62.63945,7.18869,67.58412,170.06187,848.6549,-0.006078604,5881.308534953554,83.0,N_695
2024-05-11 20:23:07,62.57768,7.187912,67.52817,169.99893,848.6549,-0.00846889,5798.2917762867255,83.0,N_695
2024-05-11 20:23:08,62.51591,7.187149,67.47221,169.92899,848.6549,-0.008816324,5713.5867849598,83.0,N_695
2024-05-11 20:23:09,62.454136,7.186371,67.41626,169.86604,848.65125,-0.008608639,5630.6404507552725,83.0,N_695
2024-05-11 20:23:10,62.39236,7.185608,67.36031,169.8031,848.64935,-0.007848045,5558.396097517143,83.0,N_695
2024-05-11 20:23:11,62.33058,7.184845,67.31135,169.74014,848.66785,-0.007091478,5488.3867068307845,83.0,N_695
2024-05-11 20:23:12,62.2688,7.184082,67.2554,169.6772,848.6827,-0.006882225,5422.003438513089,83.0,N_695
2024-05-11 20:23:13,62.207012,7.183319,67.206436,169.61426,848.6475,-0.0077948035,5347.177496904507,83.0,N_695
2024-05-11 20:23:14,62.145226,7.182556,67.15049,169.5513,848.5438,-0.0062880693,5279.9524336147915,83.0,N_695
2024-05-11 20:23:15,62.083435,7.181793,67.094536,169.48836,848.45496,-0.009029431,5194.030070797602,83.0,N_695
2024-05-11 20:23:16,62.021645,7.1810303,67.03858,169.42542,848.44196,-0.00994296,5100.582083166926,83.0,N_695
2024-05-11 20:23:17,61.959846,7.1802673,66.98263,169.35547,848.46234,-0.010295372,5005.633423156323,83.0,N_695
2024-05-11 20:23:18,61.89805,7.1795044,66.926674,169.29253,848.4642,-0.009535182,4922.934483837529,83.0,N_695
2024-05-11 20:23:19,61.836246,7.1787567,66.877716,169.22958,848.4586,-0.009326625,4838.664693518207,83.0,N_695
2024-05-11 20:23:20,61.774445,7.177994,66.82176,169.17363,848.4586,-0.006906543,4772.367558443875,83.0,N_695
2024-05-11 20:23:21,61.712635,7.177246,66.772804,169.11067,848.4586,-0.0076222518,4698.597679114115,83.0,N_695
2024-05-11 20:23:22,61.650826,7.176483,66.71685,169.04773,848.46045,-0.006678057,4629.41547559161,83.0,N_695
2024-05-11 20:23:23,61.589016,7.1757355,66.6609,168.99178,848.46045,-0.007755693,4552.4073845946,83.0,N_695
2024-05-11 20:23:24,61.5272,7.174988,66.60494,168.92883,848.46045,-0.008833329,4467.670886069725,83.0,N_695
2024-05-11 20:23:25,61.46538,7.174225,66.548996,168.86589,848.46045,-0.009739093,4377.898321038283,83.0,N_695
2024-05-11 20:23:26,61.40356,7.173477,66.49304,168.80994,848.46045,-0.008980484,4298.777914537062,83.0,N_695
2024-05-11 20:23:27,61.341736,7.1727295,66.444084,168.74698,848.46045,-0.007858412,4223.303620896266,83.0,N_695
2024-05-11 20:23:28,61.27991,7.171982,66.38813,168.68404,848.46045,-0.011145191,4124.029627063785,83.0,N_695
2024-05-11 20:23:29,61.218082,7.171234,66.33218,168.62808,848.46045,-0.010019027,4031.427922259496,83.0,N_695
2024-05-11 20:23:30,61.15625,7.1704865,66.27622,168.56514,848.46045,-0.0098075215,3948.147412225666,83.0,N_695
2024-05-11 20:23:31,61.094414,7.169754,66.227264,168.50919,848.4586,-0.011072736,3852.305931440904,83.0,N_695
2024-05-11 20:23:32,61.032578,7.1690063,66.17131,168.45323,848.46045,-0.010135034,3758.8482795811724,83.0,N_695
2024-05-11 20:23:33,60.970737,7.1682587,66.11536,168.39029,848.46045,-0.01194418,3654.1061425130392,83.0,N_695
2024-05-11 20:23:34,60.908894,7.1675262,66.0594,168.33434,848.4586,-0.013020895,3549.9278960985175,83.0,N_695
2024-05-11 20:23:35,60.847046,7.1667786,66.010445,168.27138,848.45496,-0.0118944105,3448.1305784282886,83.0,N_695
2024-05-11 20:23:36,60.7852,7.166046,65.95449,168.21542,848.46234,-0.010781968,3351.51665996667,83.0,N_695
2024-05-11 20:23:37,60.723347,7.1652985,65.89854,168.15948,848.479,-0.011125418,3252.576224410441,83.0,N_695
2024-05-11 20:23:38,60.661495,7.164566,65.84259,168.10353,848.45306,-0.01092721,3153.5496294501354,83.0,N_695
2024-05-11 20:23:39,60.599636,7.1638336,65.78664,168.04057,848.3531,-0.010538352,3058.177363693845,83.0,N_695
2024-05-11 20:23:40,60.537777,7.163101,65.73068,167.98462,848.2586,-0.008962206,2980.1730291888234,83.0,N_695
2024-05-11 20:23:41,60.475914,7.1623535,65.681725,167.92867,848.2382,-0.0073860595,2909.8993223474245,83.0,N_695
2024-05-11 20:23:42,60.41405,7.161621,65.62577,167.87971,848.2568,-0.0046157856,2857.7905459887625,83.0,N_695
2024-05-11 20:23:43,60.35218,7.1608887,65.57681,167.81677,848.2697,-0.0040509533,2808.819535634444,83.0,N_695
2024-05-11 20:23:44,60.29031,7.1601715,65.52086,167.76082,848.2679,-0.0034795734,2761.406553330431,83.0,N_695
2024-05-11 20:23:45,60.228436,7.159439,65.464905,167.70486,848.2641,-0.0007170028,2732.66223777274,83.0,N_695
2024-05-11 20:23:46,60.16656,7.1587067,65.40895,167.64891,848.2641,0.00021248171,2710.180372254028,83.0,N_695
2024-05-11 20:23:47,60.104683,7.1579742,65.353,167.59995,848.266,-0.000864074,2680.792473255824,83.0,N_695
2024-05-11 20:23:48,60.0428,7.157257,65.29704,167.54399,848.266,-0.002120668,2642.565611455837,83.0,N_695
2024-05-11 20:23:49,59.980915,7.1565247,65.2411,167.48804,848.266,-0.0015538556,2609.2815989602022,83.0,N_695
2024-05-11 20:23:50,59.919025,7.1558075,65.19213,167.43208,848.266,-0.0015363466,2576.5368573844244,83.0,N_695
2024-05-11 20:23:51,59.857136,7.155075,65.12919,167.37614,848.266,-0.0017018939,2538.508985302804,83.0,N_695
2024-05-11 20:23:52,59.795242,7.154358,65.073235,167.32019,848.266,-0.0011466633,2506.881939154853,83.0,N_695
2024-05-11 20:23:53,59.73335,7.1536407,65.01728,167.26424,848.266,0.0021445097,2497.556648504811,83.0,N_695
2024-05-11 20:23:54,59.671448,7.1529236,64.96133,167.20828,848.2641,0.000890865,2479.636492015925,83.0,N_695
2024-05-11 20:23:55,59.609547,7.1522064,64.90537,167.15932,848.266,0.00363772,2478.2113501014537,83.0,N_695
2024-05-11 20:23:56,59.547646,7.151474,64.856415,167.10336,848.266,0.005415944,2493.0727588467707,83.0,N_695
2024-05-11 20:23:57,59.485737,7.150757,64.80046,167.05441,848.2641,0.0071941684,2518.3767563344227,83.0,N_695
2024-05-11 20:23:58,59.42383,7.150055,64.744514,166.99846,848.26044,0.008972392,2554.3234434772166,83.0,N_695
2024-05-11 20:23:59,59.361916,7.149338,64.68856,166.9495,848.2679,0.0091675585,2586.56505371182,83.0,N_695
2024-05-11 20:24:00,59.3,7.1486206,64.6396,166.89354,848.29004,0.008811729,2624.1133151715476,83.0,N_695
2024-05-11 20:24:01,59.237835,7.1479187,64.58365,166.84459,848.2845,0.009914255,2667.977921760328,83.0,N_695
2024-05-11 20:24:02,59.17568,7.147217,64.527695,166.78864,848.21045,0.011016781,2717.634631817433,83.0,N_695
2024-05-11 20:24:03,59.113525,7.1464996,64.47174,166.73967,848.1012,0.011388034,2763.500890955176,83.0,N_695
2024-05-11 20:24:04,59.051376,7.1457977,64.42278,166.68372,848.0512,0.013034206,2829.295441661663,83.0,N_695
2024-05-11 20:24:05,58.989235,7.145096,64.36683,166.63477,848.0623,0.011056225,2889.014787447035,83.0,N_695
2024-05-11 20:24:06,58.927097,7.144394,64.30388,166.57881,848.07526,0.012150619,2943.691297142621,83.0,N_695
2024-05-11 20:24:07,58.864967,7.143692,64.24793,166.52985,848.07336,0.0130696045,3018.623572291006,83.0,N_695
2024-05-11 20:24:08,58.802845,7.14299,64.18498,166.47389,848.0697,0.012993769,3069.6082599224537,83.0,N_695
2024-05-11 20:24:09,58.740723,7.1423035,64.136024,166.42494,848.0697,0.012917933,3135.106912417199,83.0,N_695
2024-05-11 20:24:10,58.67861,7.1416016,64.08007,166.37598,848.07153,0.014192805,3198.3275013807433,83.0,N_695
2024-05-11 20:24:11,58.6165,7.1408997,64.03111,166.32002,848.07153,0.014549475,3274.4407960324243,83.0,N_695
2024-05-11 20:24:12,58.554398,7.1401978,63.97516,166.27107,848.0697,0.014751527,3349.641277929062,83.0,N_695
2024-05-11 20:24:13,58.492302,7.139511,63.919205,166.2221,848.0697,0.015488048,3429.7859671032056,83.0,N_695
2024-05-11 20:24:14,58.43021,7.138809,63.863255,166.17316,848.07153,0.01369117,3497.9581946580074,83.0,N_695
2024-05-11 20:24:15,58.368122,7.1381226,63.8073,166.12419,848.07153,0.012081942,3546.683323917874,83.0,N_695
2024-05-11 20:24:16,58.30604,7.1374207,63.758343,166.07523,848.0697,0.012271459,3608.037526020722,83.0,N_695
2024-05-11 20:24:17,58.24397,7.136734,63.70239,166.02628,848.0697,0.013723699,3676.51048897468,83.0,N_695
2024-05-11 20:24:18,58.1819,7.1360474,63.646435,165.97731,848.07153,0.016247913,3761.9055407123597,83.0,N_695
2024-05-11 20:24:19,58.119835,7.1353455,63.59048,165.92836,848.07153,0.014813704,3837.730313938344,83.0,N_695
2024-05-11 20:24:20,58.057777,7.134659,63.53453,165.8794,848.0697,0.01338093,3903.993204094244,83.0,N_695
2024-05-11 20:24:21,57.995724,7.133972,63.478577,165.83044,848.06415,0.011961661,3960.7800432233707,83.0,N_695
2024-05-11 20:24:22,57.933678,7.1332855,63.422623,165.78148,848.066,0.010542392,4008.07817004509,83.0,N_695
2024-05-11 20:24:23,57.871635,7.132599,63.366673,165.73251,848.0845,0.009739287,4050.020591989436,83.0,N_695
2024-05-11 20:24:24,57.809597,7.131912,63.31072,165.68356,848.0882,0.008936182,4086.603856228772,83.0,N_695
2024-05-11 20:24:25,57.74757,7.1312256,63.254765,165.6346,848.0178,0.008943651,4123.256030615266,83.0,N_695
2024-05-11 20:24:26,57.685543,7.130539,63.19881,165.58565,847.9067,0.008423232,4156.439272208314,83.0,N_695
2024-05-11 20:24:27,57.623524,7.1298523,63.14286,165.53668,847.85486,0.0077143367,4179.350541004002,83.0,N_695
2024-05-11 20:24:28,57.56151,7.129181,63.0939,165.48773,847.8678,0.0071808593,4211.316216476553,83.0,N_695
2024-05-11 20:24:29,57.4995,7.1284943,63.030952,165.44576,847.8826,0.0062924023,4227.962080873098,83.0,N_695
2024-05-11 20:24:30,57.4375,7.1278076,62.975002,165.3968,847.8808,0.005779916,4243.485272271668,83.0,N_695
2024-05-11 20:24:31,57.3755,7.127136,62.91905,165.34784,847.87524,0.0054429346,4256.758303284863,83.0,N_695
2024-05-11 20:24:32,57.31351,7.1264496,62.863094,165.29889,847.87524,0.0056353617,4271.342668087251,83.0,N_695
2024-05-11 20:24:33,57.251522,7.125778,62.80714,165.24992,847.87524,0.0047548153,4276.615206801514,83.0,N_695
2024-05-11 20:24:34,57.189545,7.1250916,62.758183,165.20097,847.8771,0.004576356,4286.164223817184,83.0,N_695
2024-05-11 20:24:35,57.127567,7.12442,62.70223,165.159,847.87524,0.004043518,4289.911694843613,83.0,N_695
2024-05-11 20:24:36,57.065598,7.123749,62.64628,165.11703,847.87524,0.004408871,4296.639636742606,83.0,N_695
2024-05-11 20:24:37,57.003635,7.123062,62.590324,165.06808,847.87524,0.005137734,4311.11730912143,83.0,N_695
2024-05-11 20:24:38,56.941677,7.1223907,62.527378,165.02611,847.87524,0.0046328413,4316.761762370246,83.0,N_695
2024-05-11 20:24:39,56.879723,7.1217194,62.471424,164.97716,847.87524,0.0048082937,4325.896766718928,83.0,N_695
2024-05-11 20:24:40,56.817776,7.121048,62.41547,164.92819,847.87524,0.0051955995,4333.1919557250585,83.0,N_695
2024-05-11 20:24:41,56.755833,7.1203766,62.366512,164.88623,847.87524,0.005566218,4350.401099360213,83.0,N_695
2024-05-11 20:24:42,56.693897,7.119705,62.31056,164.83728,847.87524,0.006292701,4369.576421234749,83.0,N_695
2024-05-11 20:24:43,56.63197,7.119034,62.25461,164.78831,847.87524,0.007019183,4392.761245638852,83.0,N_695
2024-05-11 20:24:44,56.57004,7.1183624,62.198654,164.74635,847.8771,0.007219181,4422.949958293473,83.0,N_695
2024-05-11 20:24:45,56.50812,7.117691,62.135708,164.70439,847.8771,0.0070567112,4445.04341813358,83.0,N_695
2024-05-11 20:24:46,56.44621,7.117035,62.079754,164.65543,847.87335,0.006711969,4466.2463106652285,83.0,N_695
2024-05-11 20:24:47,56.3843,7.1163635,62.0238,164.61346,847.87335,0.006367227,4485.506321335648,83.0,N_695
2024-05-11 20:24:48,56.3224,7.115692,61.96785,164.5715,847.8845,0.006374604,4504.835973873443,83.0,N_695
2024-05-11 20:24:49,56.2605,7.115036,61.911896,164.52953,847.8882,0.0065619242,4526.279656139508,83.0,N_695
2024-05-11 20:24:50,56.19861,7.1143646,61.85594,164.48058,847.8363,0.0071074087,4550.164303531288,83.0,N_695
2024-05-11 20:24:51,56.136723,7.1137085,61.799988,164.43861,847.74554,0.007829989,4580.205995755692,83.0,N_695
2024-05-11 20:24:52,56.074844,7.113037,61.744038,164.38965,847.67706,0.008203584,4611.381296285828,83.0,N_695
2024-05-11 20:24:53,56.012966,7.112381,61.688084,164.34769,847.6678,0.0073336815,4638.115523858069,83.0,N_695
2024-05-11 20:24:54,55.9511,7.111725,61.63213,164.29872,847.6826,0.0062897345,4651.250705232167,83.0,N_695
2024-05-11 20:24:55,55.889233,7.1110535,61.58317,164.26376,847.6845,0.0054133288,4667.248662663849,83.0,N_695
2024-05-11 20:24:56,55.827377,7.1103973,61.527218,164.22179,847.6807,0.0050696917,4678.732977990643,83.0,N_695
2024-05-11 20:24:57,55.765522,7.109741,61.471268,164.17284,847.6807,0.0042015607,4683.481380463381,83.0,N_695
2024-05-11 20:24:58,55.703674,7.109085,61.415314,164.13087,847.6807,0.003343387,4682.8741291897895,83.0,N_695
2024-05-11 20:24:59,55.641834,7.108429,61.35936,164.0889,847.6807,0.0033499275,4682.320343902844,83.0,N_695
2024-05-11 20:25:00,55.579998,7.107773,61.303406,164.04694,847.6807,0.0030036287,4679.48192665691,83.0,N_695
2024-05-11 20:25:01,55.51825,7.1071625,61.247456,164.00497,847.6807,0.0031908369,4677.898899532243,83.0,N_695
2024-05-11 20:25:02,55.456505,7.106552,61.1915,163.96301,847.6807,0.0030372455,4675.725688208913,83.0,N_695
2024-05-11 20:25:03,55.39476,7.1059265,61.135548,163.91405,847.6807,0.0026964634,4670.5663734155605,83.0,N_695
2024-05-11 20:25:04,55.33302,7.105316,61.079597,163.87209,847.6807,0.002719302,4665.890072973023,83.0,N_695
2024-05-11 20:25:05,55.271282,7.104706,61.023643,163.83012,847.6807,0.0023812484,4658.980036305649,83.0,N_695
2024-05-11 20:25:06,55.20955,7.10408,60.96769,163.78816,847.6807,0.0023949426,4652.172314569289,83.0,N_695
2024-05-11 20:25:07,55.147816,7.10347,60.911736,163.74619,847.6826,0.002408396,4647.2378717506945,83.0,N_695
2024-05-11 20:25:08,55.086086,7.102844,60.84879,163.70422,847.6826,0.0025993644,4639.210415098045,83.0,N_695
2024-05-11 20:25:09,55.02436,7.102234,60.792835,163.66226,847.67706,0.0019141799,4627.59139749904,83.0,N_695
2024-05-11 20:25:10,54.962635,7.1016083,60.743877,163.62729,847.6734,0.0015807342,4618.330637792031,83.0,N_695
2024-05-11 20:25:11,54.900917,7.100998,60.687927,163.58533,847.6826,0.0015946185,4606.259976540532,83.0,N_695
2024-05-11 20:25:12,54.8392,7.1003723,60.631973,163.54337,847.703,0.0017833813,4596.764975693608,83.0,N_695
2024-05-11 20:25:13,54.77748,7.099762,60.569027,163.5014,847.6752,0.00075313984,4576.524906377483,83.0,N_695
2024-05-11 20:25:14,54.71577,7.0991364,60.513073,163.45943,847.5715,0.0009497908,4560.196146470305,83.0,N_695
2024-05-11 20:25:15,54.65406,7.0985107,60.45712,163.41747,847.4808,0.0007921237,4542.8287435335515,83.0,N_695
2024-05-11 20:25:16,54.592354,7.0979004,60.401165,163.3755,847.46783,0.0006242448,4523.90112663254,83.0,N_695
2024-05-11 20:25:17,54.530647,7.097275,60.352207,163.33354,847.48816,0.00029326434,4505.826294098828,83.0,N_695
2024-05-11 20:25:18,54.46895,7.096649,60.296253,163.29158,847.4919,-0.00040189805,4480.540292118902,83.0,N_695
2024-05-11 20:25:19,54.40725,7.0960236,60.240303,163.2496,847.4863,-0.0005531521,4454.325404920026,83.0,N_695
2024-05-11 20:25:20,54.345554,7.095398,60.18435,163.21465,847.48444,-0.0012336149,4422.922733585052,83.0,N_695
2024-05-11 20:25:21,54.28386,7.0947723,60.121403,163.17267,847.4863,-0.0015717632,4387.478991329583,83.0,N_695
2024-05-11 20:25:22,54.222168,7.0941467,60.06545,163.13771,847.4863,-0.0015509039,4356.004661119208,83.0,N_695
2024-05-11 20:25:23,54.16048,7.093521,60.01649,163.09573,847.4863,-0.0013665011,4326.9202547264285,83.0,N_695
2024-05-11 20:25:24,54.098797,7.0928955,59.960537,163.05377,847.4863,-0.0010043485,4297.665567217911,83.0,N_695
2024-05-11 20:25:25,54.037117,7.09227,59.904583,163.01181,847.4863,-0.0013303744,4266.416027338899,83.0,N_695
2024-05-11 20:25:26,53.975437,7.0916443,59.848633,162.97684,847.4863,-0.0014773378,4233.24857909813,83.0,N_695
2024-05-11 20:25:27,53.91376,7.0910187,59.785686,162.93488,847.4863,-0.0014737316,4198.490105999066,83.0,N_695
2024-05-11 20:25:28,53.852085,7.090393,59.729733,162.8999,847.4863,-0.0014639142,4166.507306271989,83.0,N_695
2024-05-11 20:25:29,53.790417,7.0897675,59.67378,162.85794,847.4863,-0.0014403579,4134.3795196857245,83.0,N_695
2024-05-11 20:25:30,53.72875,7.089142,59.617825,162.81598,847.4863,-0.00073110766,4107.084098124578,83.0,N_695
2024-05-11 20:25:31,53.667084,7.088501,59.561874,162.781,847.4863,-0.0012230754,4076.7271431455156,83.0,N_695
2024-05-11 20:25:32,53.60542,7.0878754,59.50592,162.73904,847.4863,-0.001032427,4047.47530581952,83.0,N_695
2024-05-11 20:25:33,53.54376,7.0872498,59.449966,162.70407,847.48816,-0.0010173008,4018.5027840745097,83.0,N_695
2024-05-11 20:25:34,53.4821,7.086609,59.394012,162.66211,847.4863,-0.0011747939,3988.334437350066,83.0,N_695
2024-05-11 20:25:35,53.42045,7.0859833,59.338062,162.62714,847.4826,-0.0008267875,3960.6485085479508,83.0,N_695
2024-05-11 20:25:36,53.3588,7.0853424,59.28211,162.58517,847.48816,-0.0006284685,3934.0702047558807,83.0,N_695
2024-05-11 20:25:37,53.29715,7.084717,59.226154,162.5502,847.5011,-0.0005244922,3908.7939330903973,83.0,N_695
2024-05-11 20:25:38,53.235504,7.084076,59.177197,162.50824,847.4826,-0.00042051583,3886.170623052749,83.0,N_695
2024-05-11 20:25:39,53.17386,7.0834503,59.121243,162.47327,847.403,-0.00024003367,3862.2554410499433,83.0,N_695
2024-05-11 20:25:40,53.11222,7.0828094,59.058296,162.4313,847.3159,-0.00022958171,3835.745785967134,83.0,N_695
2024-05-11 20:25:41,53.050583,7.082184,59.002342,162.39633,847.27704,0.00081706245,3819.5882701368246,83.0,N_695
2024-05-11 20:25:42,52.98895,7.081543,58.939396,162.36136,847.2863,0.00083569775,3800.492061832221,83.0,N_695
2024-05-11 20:25:43,52.927315,7.080902,58.883446,162.3194,847.29553,0.0008463592,3783.63451507211,83.0,N_695
2024-05-11 20:25:44,52.865685,7.0802765,58.82749,162.28442,847.2937,0.001541826,3771.8544910774726,83.0,N_695
2024-05-11 20:25:45,52.804058,7.0796356,58.771538,162.24246,847.2919,0.0012186406,3757.45446202084,83.0,N_695
2024-05-11 20:25:46,52.742435,7.0789948,58.715584,162.20749,847.2919,0.0009046902,3740.641989170952,83.0,N_695
2024-05-11 20:25:47,52.680817,7.078354,58.666626,162.17252,847.2919,0.0005745484,3724.9103564634643,83.0,N_695
2024-05-11 20:25:48,52.619198,7.077713,58.610672,162.13754,847.2919,0.00040827377,3705.5819037554757,83.0,N_695
2024-05-11 20:25:49,52.557583,7.077072,58.55472,162.09558,847.2919,0.0007661234,3688.8240604396415,83.0,N_695
2024-05-11 20:25:50,52.495968,7.0764313,58.491776,162.06061,847.2919,0.00010247486,3664.8849899414126,83.0,N_695
2024-05-11 20:25:51,52.43436,7.0757904,58.43582,162.02563,847.2919,-5.7072713e-05,3642.508049065087,83.0,N_695
2024-05-11 20:25:52,52.372753,7.0751495,58.386864,161.98367,847.2919,-0.0002062073,3621.394517379267,83.0,N_695
2024-05-11 20:25:53,52.31115,7.0745087,58.33091,161.9487,847.2919,-0.0003597621,3596.746561495005,83.0,N_695
2024-05-11 20:25:54,52.249546,7.073868,58.267963,161.91373,847.2919,-0.00051331695,3568.42127952163,83.0,N_695
2024-05-11 20:25:55,52.18795,7.073227,58.205013,161.87877,847.2919,-0.0004937978,3540.6150975665005,83.0,N_695
2024-05-11 20:25:56,52.126354,7.072586,58.149063,161.8438,847.2919,-0.0006427691,3514.7743748822395,83.0,N_695
2024-05-11 20:25:57,52.06476,7.071945,58.1001,161.80183,847.2919,-0.0009733698,3488.662133757949,83.0,N_695
2024-05-11 20:25:58,52.00317,7.0713043,58.04415,161.76686,847.2919,-0.0011281612,3459.278568323978,83.0,N_695
2024-05-11 20:25:59,51.94158,7.070648,57.988197,161.73189,847.2919,-0.0014495198,3427.79035653804,83.0,N_695
2024-05-11 20:26:00,51.879997,7.0700073,57.932243,161.69691,847.2937,-0.0014377839,3395.3176870997922,83.0,N_695
2024-05-11 20:26:01,51.81776,7.069351,57.869297,161.66194,847.2937,-0.0015999486,3361.4725769468932,83.0,N_695
2024-05-11 20:26:02,51.755547,7.068695,57.82034,161.62697,847.28815,-0.0015862522,3331.6663204880824,83.0,N_695
2024-05-11 20:26:03,51.69336,7.068039,57.764385,161.59201,847.28815,-0.0015725559,3298.2303629911257,83.0,N_695
2024-05-11 20:26:04,51.6312,7.067383,57.70144,161.55704,847.3048,-0.0015557394,3263.524664027529,83.0,N_695
2024-05-11 20:26:05,51.56906,7.0667267,57.645485,161.52206,847.3085,-0.0018722103,3227.667176138115,83.0,N_695
2024-05-11 20:26:06,51.506947,7.0660706,57.58254,161.4801,847.24,-0.0018551965,3192.0757131881255,83.0,N_695
2024-05-11 20:26:07,51.44486,7.0654144,57.53358,161.44513,847.12885,-0.0018460883,3160.5926273843506,83.0,N_695
2024-05-11 20:26:08,51.382797,7.0647583,57.477627,161.41016,847.077,-0.0016593297,3127.99259169546,83.0,N_695
2024-05-11 20:26:09,51.32076,7.064102,57.421673,161.38219,847.08813,-0.0016477981,3095.5676930932605,83.0,N_695
2024-05-11 20:26:10,51.258747,7.063446,57.365723,161.34721,847.1048,-0.0012941668,3065.182507109792,83.0,N_695
2024-05-11 20:26:11,51.19676,7.06279,57.30977,161.31224,847.10297,-0.0012795404,3034.899686646255,83.0,N_695
2024-05-11 20:26:12,51.134796,7.062134,57.253815,161.27727,847.09735,-0.0010936789,3005.036051770723,83.0,N_695
2024-05-11 20:26:13,51.07286,7.0614624,57.19087,161.2423,847.0956,-0.0007393514,2975.2281827978513,83.0,N_695
2024-05-11 20:26:14,51.01095,7.0608063,57.127922,161.20732,847.09735,-0.0007233097,2946.084400535532,83.0,N_695
2024-05-11 20:26:15,50.94906,7.06015,57.071968,161.17236,847.09735,-0.00071262754,2920.0879720686717,83.0,N_695
2024-05-11 20:26:16,50.8872,7.059494,57.02301,161.13739,847.09735,-0.001032408,2894.01717231809,83.0,N_695
2024-05-11 20:26:17,50.82536,7.058838,56.967056,161.10242,847.09735,-0.0010180648,2865.502379186146,83.0,N_695
2024-05-11 20:26:18,50.763546,7.0581665,56.911102,161.06744,847.09735,-0.0011673092,2836.012960300497,83.0,N_695
2024-05-11 20:26:19,50.70176,7.0575104,56.855152,161.03247,847.09735,-0.0011538115,2805.8964836211017,83.0,N_695
2024-05-11 20:26:20,50.64,7.0568542,56.792206,161.0045,847.09735,-0.000967195,2776.197364021784,83.0,N_695
2024-05-11 20:26:21,50.57826,7.056198,56.743244,160.96953,847.09735,-0.00095834135,2750.50334308498,83.0,N_695
2024-05-11 20:26:22,50.51655,7.0555267,56.687294,160.92757,847.09735,-0.0011081169,2720.45175913391,83.0,N_695
2024-05-11 20:26:23,50.45486,7.0548706,56.624344,160.89958,847.09735,-0.0012584507,2688.150141602935,83.0,N_695
2024-05-11 20:26:24,50.393196,7.0542145,56.568394,160.86462,847.09735,-0.0015741361,2654.861280984158,83.0,N_695
2024-05-11 20:26:25,50.331562,7.0535583,56.505444,160.82965,847.09735,-0.0015576857,2621.4536400160578,83.0,N_695
2024-05-11 20:26:26,50.269947,7.052887,56.456486,160.79468,847.09735,-0.0015449056,2592.2723782050525,83.0,N_695
2024-05-11 20:26:27,50.20836,7.052231,56.40053,160.7667,847.09735,-0.0018558737,2558.600582471503,83.0,N_695
2024-05-11 20:26:28,50.146797,7.0515747,56.34458,160.73174,847.09735,-0.0020104852,2523.629462607292,83.0,N_695
2024-05-11 20:26:29,50.085262,7.0509033,56.288628,160.69676,847.09924,-0.001995585,2489.0199505929704,83.0,N_695
2024-05-11 20:26:30,50.023746,7.050247,56.232674,160.66878,847.09924,-0.0019744264,2454.585863624219,83.0,N_695
2024-05-11 20:26:31,49.96226,7.049576,56.176723,160.6338,847.09735,-0.0019632564,2418.4944014451103,83.0,N_695
2024-05-11 20:26:32,49.9008,7.0489197,56.113773,160.59885,847.0918,-0.0019429231,2380.027987389796,83.0,N_695
2024-05-11 20:26:33,49.83936,7.0482483,56.050827,160.56387,847.09924,-0.0015971435,2345.5007263229636,83.0,N_695
2024-05-11 20:26:34,49.777946,7.047592,55.994877,160.53589,847.11774,-0.001417611,2315.8064160179056,83.0,N_695
2024-05-11 20:26:35,49.71656,7.046936,55.945915,160.50093,847.09,-0.0014050462,2287.4105406979797,83.0,N_695
2024-05-11 20:26:36,49.655197,7.0462646,55.889965,160.46596,846.9881,-0.0013843488,2256.814715409462,83.0,N_695
2024-05-11 20:26:37,49.59386,7.0456085,55.83401,160.43797,846.8974,-0.0013700246,2225.4083209653327,83.0,N_695
2024-05-11 20:26:38,49.532547,7.044937,55.771065,160.403,846.88446,-0.0013463793,2192.370857072776,83.0,N_695
2024-05-11 20:26:39,49.47126,7.044281,55.71511,160.36804,846.9048,-0.0013256926,2161.182021246197,83.0,N_695
2024-05-11 20:26:40,49.41,7.0436096,55.652164,160.34006,846.91034,-0.0011491025,2129.7489983738415,83.0,N_695
2024-05-11 20:26:41,49.348763,7.042938,55.59621,160.30508,846.9048,-0.00047054797,2105.1124373741623,83.0,N_695
2024-05-11 20:26:42,49.287548,7.042282,55.540257,160.27711,846.90106,-0.000289054,2081.9039564911873,83.0,N_695
2024-05-11 20:26:43,49.22636,7.0416107,55.484306,160.24214,846.90295,-0.00027300252,2058.7279862381765,83.0,N_695
2024-05-11 20:26:44,49.1652,7.0409546,55.435345,160.20717,846.90295,-0.0005851363,2035.8947340601226,83.0,N_695
2024-05-11 20:26:45,49.10406,7.040283,55.379395,160.1792,846.90295,-0.00040904604,2011.9190061600893,83.0,N_695
2024-05-11 20:26:46,49.04295,7.039612,55.32344,160.14423,846.90295,-0.000556169,1986.3535391448022,83.0,N_695
2024-05-11 20:26:47,48.98186,7.0389557,55.260494,160.11624,846.90295,-0.00070329197,1957.4979673551788,83.0,N_695
2024-05-11 20:26:48,48.9208,7.0382843,55.197548,160.08827,846.90295,-0.00068392337,1929.2141215612064,83.0,N_695
2024-05-11 20:26:49,48.85976,7.037613,55.141594,160.0533,846.90295,-0.0006754595,1903.32239243613,83.0,N_695
2024-05-11 20:26:50,48.798748,7.036957,55.08564,160.02533,846.90295,-0.00049878185,1878.795863937623,83.0,N_695
2024-05-11 20:26:51,48.737762,7.0362854,55.029686,159.99036,846.90295,-0.00015948115,1856.2446526328858,83.0,N_695
2024-05-11 20:26:52,48.6768,7.035614,54.973736,159.95538,846.90295,-0.0001358026,1833.9807720433892,83.0,N_695
2024-05-11 20:26:53,48.61586,7.034958,54.924774,159.9274,846.90295,-0.00012832452,1814.4599373778692,83.0,N_695
2024-05-11 20:26:54,48.554947,7.0342865,54.868824,159.89943,846.90295,-0.00010724377,1792.4820152733955,83.0,N_695
2024-05-11 20:26:55,48.49406,7.033615,54.805874,159.86446,846.90295,0.00023515409,1770.2451389096095,83.0,N_695
2024-05-11 20:26:56,48.433197,7.0329437,54.742928,159.82948,846.90295,0.00024973913,1747.724210001994,83.0,N_695
2024-05-11 20:26:57,48.37236,7.0322723,54.69397,159.80151,846.90295,0.00026481503,1730.7882882060367,83.0,N_695
2024-05-11 20:26:58,48.31155,7.031616,54.638016,159.77353,846.90295,0.0002721847,1711.4386985361707,83.0,N_695
2024-05-11 20:26:59,48.250763,7.030945,54.582066,159.73857,846.9048,0.0002889495,1692.112522911746,83.0,N_695
2024-05-11 20:27:00,48.19,7.0302734,54.519115,159.71059,846.9048,0.0003034065,1670.4848147182493,83.0,N_695
2024-05-11 20:27:01,48.129997,7.029602,54.463165,159.67561,846.89923,0.00016510469,1650.035149825817,83.0,N_695
2024-05-11 20:27:02,48.07,7.028946,54.414204,159.64764,846.8974,1.0597083e-05,1631.4980024590404,83.0,N_695
2024-05-11 20:27:03,48.01,7.0282745,54.351257,159.61966,846.9159,0.000182557,1609.0755727047363,83.0,N_695
2024-05-11 20:27:04,47.949997,7.0276184,54.295307,159.59169,846.9196,4.2168016e-05,1588.2911742839642,83.0,N_695
2024-05-11 20:27:05,47.89,7.026947,54.232357,159.55672,846.8511,5.9331272e-05,1564.7717845004154,83.0,N_695
2024-05-11 20:27:06,47.829998,7.0262756,54.1834,159.52875,846.7399,0.00023143674,1547.8693960828605,83.0,N_695
2024-05-11 20:27:07,47.77,7.0256195,54.120453,159.50076,846.6881,0.00040256407,1526.9758140637132,83.0,N_695
2024-05-11 20:27:08,47.71,7.024948,54.0645,159.46579,846.69916,0.0005824877,1509.863084371289,83.0,N_695
2024-05-11 20:27:09,47.649998,7.0242767,54.001553,159.43782,846.714,0.00091771083,1492.412144578353,83.0,N_695
2024-05-11 20:27:10,47.59,7.0236053,53.9456,159.40285,846.714,0.00076099753,1476.0427487978595,83.0,N_695
2024-05-11 20:27:11,47.53,7.022934,53.88965,159.37488,846.7085,0.00094432256,1461.1482885418882,83.0,N_695
2024-05-11 20:27:12,47.469997,7.022278,53.833694,159.3469,846.7066,0.0011206351,1447.406679913387,83.0,N_695
2024-05-11 20:27:13,47.41,7.0216064,53.77774,159.31892,846.7085,0.0011282705,1433.725550568306,83.0,N_695
2024-05-11 20:27:14,47.35,7.020935,53.721786,159.29094,846.7085,0.00082019775,1418.0516957131476,83.0,N_695
2024-05-11 20:27:15,47.29,7.0202637,53.665836,159.26297,846.7085,0.0009945777,1403.66895729291,83.0,N_695
2024-05-11 20:27:16,47.23,7.0195923,53.609882,159.228,846.7085,0.0010064183,1389.7101126185153,83.0,N_695
2024-05-11 20:27:17,47.17,7.018921,53.546936,159.20001,846.7085,0.00085618976,1371.8147120914655,83.0,N_695
2024-05-11 20:27:18,47.11,7.0182495,53.490982,159.17204,846.7085,0.00087068183,1356.5109069056634,83.0,N_695
2024-05-11 20:27:19,47.05,7.017578,53.435028,159.14406,846.7085,0.00072754314,1340.2854697168368,83.0,N_695
2024-05-11 20:27:20,46.989998,7.0169067,53.379078,159.11609,846.7085,0.00073952746,1324.2599780212404,83.0,N_695
2024-05-11 20:27:21,46.93,7.0162354,53.323124,159.08112,846.7085,0.0007540732,1307.9592324976766,83.0,N_695
2024-05-11 20:27:22,46.87,7.015564,53.26717,159.05315,846.7085,0.00076174084,1292.557652307667,83.0,N_695
2024-05-11 20:27:23,46.81,7.0148926,53.204224,159.02516,846.7085,0.0007838254,1274.2588034654036,83.0,N_695
2024-05-11 20:27:24,46.75,7.014221,53.14827,158.9972,846.7085,0.00079141866,1258.5003206612819,83.0,N_695
2024-05-11 20:27:25,46.69,7.0135345,53.09232,158.96921,846.7085,0.00081012247,1242.8743061011046,83.0,N_695
2024-05-11 20:27:26,46.63,7.012863,53.036366,158.94124,846.7085,0.00081763614,1227.4298200412231,83.0,N_695
2024-05-11 20:27:27,46.57,7.012192,52.98041,158.90627,846.7085,0.001145678,1213.7397306333878,83.0,N_695
2024-05-11 20:27:28,46.51,7.0115204,52.924458,158.8783,846.7085,0.001317727,1201.4456045793704,83.0,N_695
2024-05-11 20:27:29,46.45,7.010849,52.868507,158.85031,846.7085,0.0013333354,1189.2643137684136,83.0,N_695
2024-05-11 20:27:30,46.39,7.0101624,52.812553,158.82234,846.7085,0.0013446013,1178.1725035149866,83.0,N_695
2024-05-11 20:27:31,46.33,7.009491,52.749607,158.79436,846.7085,0.0013574838,1163.6965957369903,83.0,N_695
2024-05-11 20:27:32,46.27,7.0088196,52.693653,158.76639,846.7085,0.001371271,1151.7941936634452,83.0,N_695
2024-05-11 20:27:33,46.21,7.008133,52.6377,158.7384,846.7085,0.0013824386,1139.9733972213216,83.0,N_695
2024-05-11 20:27:34,46.15,7.0074615,52.58175,158.71043,846.7085,0.0013935742,1129.2813887680968,83.0,N_695
2024-05-11 20:27:35,46.09,7.006775,52.5188,158.68245,846.7048,0.0014063141,1115.385845434983,83.0,N_695
2024-05-11 20:27:36,46.03,7.0061035,52.46285,158.64748,846.7103,0.0014199703,1103.5816260932916,83.0,N_695
2024-05-11 20:27:37,45.97,7.005432,52.406895,158.6195,846.7233,0.0014353998,1091.9737873388294,83.0,N_695
2024-05-11 20:27:38,45.91,7.0047455,52.35094,158.59853,846.70294,0.0014420127,1080.85770974763,83.0,N_695
2024-05-11 20:27:39,45.85,7.004074,52.29499,158.57054,846.6232,0.0014599807,1069.8354528133787,83.0,N_695
2024-05-11 20:27:40,45.79,7.0033875,52.239037,158.53558,846.53625,0.001475346,1058.4356649823021,83.0,N_695
2024-05-11 20:27:41,45.73,7.002701,52.183083,158.5076,846.4992,0.0017943315,1049.3846423078576,83.0,N_695
2024-05-11 20:27:42,45.670002,7.0020294,52.12713,158.47963,846.5084,0.001811953,1040.2333902340906,83.0,N_695
2024-05-11 20:27:43,45.61,7.001343,52.07118,158.45865,846.5177,0.0018180885,1032.9803182888936,83.0,N_695
2024-05-11 20:27:44,45.55,7.0006714,52.00823,158.43066,846.51587,0.0018346838,1021.7648154066846,83.0,N_695
2024-05-11 20:27:45,45.49,6.9999847,51.95228,158.4027,846.5122,0.0016850608,1012.0483987925982,83.0,N_695
2024-05-11 20:27:46,45.43,6.999298,51.896324,158.37471,846.5122,0.0017027202,1002.4555110113288,83.0,N_695
2024-05-11 20:27:47,45.37,6.9986267,51.84037,158.34674,846.514,0.0018686969,995.3522966664605,83.0,N_695
2024-05-11 20:27:48,45.31,6.99794,51.777424,158.31876,846.514,0.0020359573,987.0209110358483,83.0,N_695
2024-05-11 20:27:49,45.25,6.9972534,51.714478,158.29079,846.514,0.0020477858,977.260853466636,83.0,N_695
2024-05-11 20:27:50,45.19,6.996567,51.658524,158.2628,846.514,0.0020650611,970.0758392349526,83.0,N_695
2024-05-11 20:27:51,45.13,6.99588,51.602573,158.23483,846.514,0.0020752319,962.9717326519894,83.0,N_695
2024-05-11 20:27:52,45.07,6.9952087,51.54662,158.20685,846.514,0.002080856,955.6473649575782,83.0,N_695
2024-05-11 20:27:53,45.01,6.994522,51.490665,158.18587,846.514,0.002099989,947.4306321001059,83.0,N_695
2024-05-11 20:27:54,44.95,6.9938354,51.441708,158.1579,846.514,0.002106538,943.0108786793935,83.0,N_695
2024-05-11 20:27:55,44.89,6.993149,51.385754,158.12991,846.514,0.0021256432,937.8627541864553,83.0,N_695
2024-05-11 20:27:56,44.83,6.992462,51.322807,158.10194,846.514,0.002137241,930.3665148752407,83.0,N_695
2024-05-11 20:27:57,44.77,6.9917755,51.25986,158.07396,846.514,0.001994841,920.3588854320842,83.0,N_695
2024-05-11 20:27:58,44.71,6.991089,51.203907,158.04599,846.514,0.0021567736,913.8652600653295,83.0,N_695
2024-05-11 20:27:59,44.65,6.990402,51.147953,158.018,846.514,0.0018547806,905.1692687003451,83.0,N_695
2024-05-11 20:28:00,44.59,6.9897156,51.092003,157.99702,846.514,0.0018695039,897.0776979166185,83.0,N_695
2024-05-11 20:28:01,44.52967,6.9890137,51.03605,157.96906,846.514,0.0017216637,887.7773733609647,83.0,N_695
2024-05-11 20:28:02,44.469357,6.988312,50.980095,157.94107,846.514,0.0017390444,879.8973288013076,83.0,N_695
2024-05-11 20:28:03,44.40905,6.98761,50.91715,157.9131,846.514,0.0017553889,868.4018559219548,83.0,N_695
2024-05-11 20:28:04,44.348755,6.986908,50.861195,157.88513,846.514,0.0017609501,859.3920060547753,83.0,N_695
2024-05-11 20:28:05,44.28847,6.986206,50.805244,157.85715,846.514,0.0017736582,850.477267707749,83.0,N_695
2024-05-11 20:28:06,44.2282,6.985504,50.74929,157.82918,846.514,0.0017837501,842.7575242006496,83.0,N_695
2024-05-11 20:28:07,44.16794,6.9848022,50.686344,157.8082,846.514,0.0017953576,831.8252715113049,83.0,N_695
2024-05-11 20:28:08,44.10769,6.9841003,50.63039,157.78021,846.514,0.0018100012,823.1811466959407,83.0,N_695
2024-05-11 20:28:09,44.04745,6.9833984,50.574436,157.75224,846.5122,0.0018272025,814.6618469741661,83.0,N_695
2024-05-11 20:28:10,43.98722,6.9826965,50.518482,157.72426,846.514,0.0018371728,806.2171089944022,83.0,N_695
2024-05-11 20:28:11,43.927006,6.9819946,50.462532,157.69629,846.514,0.0018471107,797.6046311005048,83.0,N_695
2024-05-11 20:28:12,43.8668,6.9812927,50.406578,157.67531,846.5122,0.0018523678,790.9127938284364,83.0,N_695
2024-05-11 20:28:13,43.806606,6.980591,50.34363,157.64732,846.5084,0.001870991,780.046375438782,83.0,N_695
2024-05-11 20:28:14,43.74642,6.979889,50.287678,157.62634,846.51587,0.0018808248,772.1831538621191,83.0,N_695
2024-05-11 20:28:15,43.68625,6.979187,50.231724,157.59837,846.5325,0.0018859686,764.1157575220859,83.0,N_695
2024-05-11 20:28:16,43.626087,6.978485,50.175774,157.57039,846.50665,0.0019003954,756.1551656673691,83.0,N_695
2024-05-11 20:28:17,43.565937,6.977783,50.11982,157.54242,846.4066,0.0019127032,748.0274851269714,83.0,N_695
2024-05-11 20:28:18,43.5058,6.9770813,50.063866,157.52142,846.31213,0.0019224051,741.9107977276726,83.0,N_695
2024-05-11 20:28:19,43.44567,6.9763794,50.00092,157.49345,846.29175,0.0019335866,733.2201623312649,83.0,N_695
2024-05-11 20:28:20,43.385555,6.9756775,49.937973,157.46548,846.3103,0.0019447308,723.1778128569131,83.0,N_695
2024-05-11 20:28:21,43.325447,6.9749756,49.88202,157.4375,846.32324,0.0019568987,715.3774238660262,83.0,N_695
2024-05-11 20:28:22,43.265354,6.9742737,49.826065,157.41652,846.32135,0.0019664655,706.7185151772865,83.0,N_695
2024-05-11 20:28:23,43.205273,6.973572,49.777107,157.38855,846.3177,0.001674348,699.5472351599383,83.0,N_695
2024-05-11 20:28:24,43.1452,6.972885,49.721153,157.36755,846.3177,0.0015342262,689.526198260326,83.0,N_695
2024-05-11 20:28:25,43.085136,6.972183,49.665203,157.33958,846.3196,0.0013969404,679.4141890302926,83.0,N_695
2024-05-11 20:28:26,43.02509,6.9714813,49.602257,157.31161,846.3196,0.001258848,665.8946743306078,83.0,N_695
2024-05-11 20:28:27,42.96505,6.9707794,49.539307,157.28363,846.3196,0.001121016,650.391852928049,83.0,N_695
2024-05-11 20:28:28,42.90502,6.9700775,49.483356,157.26265,846.3196,0.0011312766,637.624398072403,83.0,N_695
2024-05-11 20:28:29,42.845005,6.9693756,49.427402,157.24167,846.3196,0.0011462467,625.1215439270673,83.0,N_695
2024-05-11 20:28:30,42.785,6.968689,49.37145,157.21368,846.3196,0.0011542696,612.2767934048752,83.0,N_695
2024-05-11 20:28:31,42.725002,6.967987,49.315495,157.1927,846.3196,0.0011691849,599.9444575281959,83.0,N_695
2024-05-11 20:28:32,42.66502,6.967285,49.259544,157.16473,846.3196,0.0011745659,588.290680566497,83.0,N_695
2024-05-11 20:28:33,42.60505,6.9665833,49.196598,157.13675,846.3196,0.0011908989,573.4761237103812,83.0,N_695
2024-05-11 20:28:34,42.545086,6.9658966,49.140644,157.10878,846.3196,0.0012130669,561.0528016069584,83.0,N_695
2024-05-11 20:28:35,42.485138,6.9651947,49.08469,157.0878,846.3196,0.0012231041,549.1186285133736,83.0,N_695
2024-05-11 20:28:36,42.425198,6.964493,49.028736,157.05981,846.3196,0.0012331144,537.7787526100365,83.0,N_695
2024-05-11 20:28:37,42.36527,6.963791,48.96579,157.03883,846.3196,0.001244555,523.6063890121804,83.0,N_695
2024-05-11 20:28:38,42.305355,6.9631042,48.90984,157.01086,846.3196,0.001257064,511.51034785858064,83.0,N_695
2024-05-11 20:28:39,42.24545,6.9624023,48.853886,156.98988,846.3196,0.0012621868,499.87643251415284,83.0,N_695
2024-05-11 20:28:40,42.185555,6.9617004,48.79793,156.9619,846.3196,0.0012816372,487.95759985697805,83.0,N_695
2024-05-11 20:28:41,42.12567,6.9609985,48.741978,156.94092,846.3196,0.0012866908,476.50491083454835,83.0,N_695
2024-05-11 20:28:42,42.0658,6.960312,48.686028,156.91295,846.3196,0.0013086608,465.77421064504597,83.0,N_695
2024-05-11 20:28:43,42.005936,6.95961,48.623077,156.89197,846.3196,0.0010163325,450.17738418575755,83.0,N_695
2024-05-11 20:28:44,41.946087,6.958908,48.567127,156.86398,846.3196,0.0008843607,435.75645609883213,83.0,N_695
2024-05-11 20:28:45,41.88625,6.9582214,48.511173,156.843,846.3196,0.00089453295,421.7775968365968,83.0,N_695
2024-05-11 20:28:46,41.82642,6.9575195,48.45522,156.81502,846.3196,0.00091205427,408.3629130499321,83.0,N_695
2024-05-11 20:28:47,41.7666,6.9568176,48.392273,156.78705,846.3196,0.0009235934,392.536329681956,83.0,N_695
2024-05-11 20:28:48,41.7068,6.956131,48.329327,156.76607,846.3177,0.00093992054,376.50181301835255,83.0,N_695
2024-05-11 20:28:49,41.647003,6.955429,48.273373,156.73808,846.3177,0.0009451378,362.5254992312548,83.0,N_695
2024-05-11 20:28:50,41.58722,6.9547424,48.21742,156.7171,846.3196,0.000959971,348.16994013313524,83.0,N_695
2024-05-11 20:28:51,41.527447,6.9540405,48.16846,156.69612,846.3196,0.0009710834,337.1437864089603,83.0,N_695
2024-05-11 20:28:52,41.467686,6.9533386,48.112507,156.66815,846.3177,0.0009810285,324.3005906883409,83.0,N_695
2024-05-11 20:28:53,41.407936,6.952652,48.04956,156.64017,846.314,0.0009923596,309.0390498849738,83.0,N_695
2024-05-11 20:28:54,41.348198,6.95195,47.986614,156.61919,846.32135,0.0010036534,292.59314824378816,83.0,N_695
2024-05-11 20:28:55,41.28847,6.9512634,47.937656,156.5982,846.3381,0.0010146403,281.7429258328193,83.0,N_695
2024-05-11 20:28:56,41.228752,6.9505615,47.881702,156.57722,846.31213,0.0010244519,269.4955967306887,83.0,N_695
2024-05-11 20:28:57,41.16905,6.949875,47.818756,156.54926,846.2103,0.0008908239,253.5552155026453,83.0,N_695
2024-05-11 20:28:58,41.109352,6.949173,47.75581,156.52826,846.1177,0.0010467834,238.34268819088174,83.0,N_695
2024-05-11 20:28:59,41.04967,6.9484863,47.699856,156.50029,846.09546,0.0010564893,225.191712176078,83.0,N_695
2024-05-11 20:29:00,40.989998,6.9477844,47.6439,156.47931,846.1158,0.00106872,212.52136046794476,83.0,N_695
2024-05-11 20:29:01,40.930664,6.947098,47.58795,156.45132,846.1288,0.0010783579,199.53329798470077,83.0,N_695
2024-05-11 20:29:02,40.87133,6.946411,47.531998,156.43034,846.12695,0.0010879661,187.01126447621937,83.0,N_695
2024-05-11 20:29:03,40.811996,6.9457245,47.476044,156.40237,846.1232,0.0010975383,174.99736378387024,83.0,N_695
2024-05-11 20:29:04,40.752666,6.945038,47.413097,156.3814,846.1232,0.0011110265,160.1137304879594,83.0,N_695
2024-05-11 20:29:05,40.693333,6.944351,47.357143,156.36041,846.12506,0.0011205256,147.8394748446808,83.0,N_695
2024-05-11 20:29:06,40.634,6.9436646,47.301193,156.33243,846.12506,0.0011299953,135.23884717416513,83.0,N_695
2024-05-11 20:29:07,40.574665,6.9429626,47.24524,156.31145,846.1232,0.0011394325,123.1108607847782,83.0,N_695
2024-05-11 20:29:08,40.51533,6.942276,47.189285,156.28348,846.1232,0.0011513911,110.66891367745848,83.0,N_695
2024-05-11 20:29:09,40.455997,6.9415894,47.13333,156.2625,846.1232,0.0011607648,99.40466536451277,83.0,N_695
2024-05-11 20:29:10,40.396664,6.9409027,47.070385,156.2415,846.12506,0.0011714698,84.97996976433205,83.0,N_695
2024-05-11 20:29:11,40.337334,6.940216,47.014435,156.22052,846.1232,0.00118077,73.17009508949559,83.0,N_695
2024-05-11 20:29:12,40.278,6.9395294,46.95848,156.19255,846.1232,0.0010475768,60.106364846695215,83.0,N_695
2024-05-11 20:29:13,40.218666,6.938843,46.902527,156.17157,846.1232,0.0010569706,48.285507393251464,83.0,N_695
2024-05-11 20:29:14,40.159332,6.938156,46.83958,156.14359,846.1232,0.00092809566,32.11944416127517,83.0,N_695
2024-05-11 20:29:15,40.1,6.937454,46.783627,156.1226,846.1232,0.0010795643,19.522336024943797,83.0,N_695
2024-05-11 20:29:16,40.040665,6.9367676,46.727673,156.10162,846.1232,0.0009470276,0.0,83.0,N_695
