datetime,mlat,mlt,glat,glon,alt,Ex,pot,cpcp_kV,pass_id
2024-05-11 19:09:53,-40.00318,6.5923615,-31.935123,161.11641,861.49854,-0.002484093,-15.761086623413815,132.0,S_2070
2024-05-11 19:09:54,-40.06845,6.5925446,-31.991077,161.10242,861.4782,-0.0020468587,0.9420293061407037,132.0,S_2070
2024-05-11 19:09:55,-40.133713,6.5927124,-32.047028,161.08842,861.5078,-0.0020410595,17.332916358781148,132.0,S_2070
2024-05-11 19:09:56,-40.19898,6.5928955,-32.10298,161.06744,861.60596,-0.0020280965,33.306326769133975,132.0,S_2070
2024-05-11 19:09:57,-40.264236,6.5930786,-32.165928,161.05345,861.7023,-0.0020211653,53.68970757208122,132.0,S_2070
2024-05-11 19:09:58,-40.329494,6.5932617,-32.22188,161.03947,861.73004,-0.0020223844,70.1985707340807,132.0,S_2070
2024-05-11 19:09:59,-40.39475,6.5934296,-32.277836,161.0185,861.7097,-0.0020126821,86.28726276282336,132.0,S_2070
2024-05-11 19:10:00,-40.46,6.5936127,-32.340782,161.0045,861.67816,-0.0015244804,108.66159982599564,132.0,S_2070
2024-05-11 19:10:01,-40.52541,6.5937653,-32.40373,160.99051,861.67633,-0.001516796,131.99847022339173,132.0,S_2070
2024-05-11 19:10:02,-40.590816,6.593918,-32.459682,160.96953,861.74854,-0.0011367247,156.02639244255062,132.0,S_2070
2024-05-11 19:10:03,-40.65621,6.5940857,-32.50864,160.95554,861.8578,-0.0011305583,174.13749380097306,132.0,S_2070
2024-05-11 19:10:04,-40.7216,6.5942383,-32.571587,160.94156,861.90967,-0.0011150459,199.2523770748678,132.0,S_2070
2024-05-11 19:10:05,-40.78698,6.594391,-32.634537,160.92056,861.8967,-0.0011066621,226.14885570474007,132.0,S_2070
2024-05-11 19:10:06,-40.85235,6.5945435,-32.690487,160.90659,861.88745,-0.0010436008,249.0234074736714,132.0,S_2070
2024-05-11 19:10:07,-40.917713,6.5947113,-32.74644,160.8856,861.893,-0.0010362191,273.62004362988216,132.0,S_2070
2024-05-11 19:10:08,-40.983067,6.594864,-32.7954,160.87161,861.88007,-0.0010189273,293.12565497955734,132.0,S_2070
2024-05-11 19:10:09,-41.048412,6.5950317,-32.851353,160.85063,861.8634,-0.0010114671,316.33396738865,132.0,S_2070
2024-05-11 19:10:10,-41.11375,6.5951843,-32.9143,160.83664,861.8967,-0.0014578974,339.16516084369255,132.0,S_2070
2024-05-11 19:10:11,-41.179077,6.595352,-32.977245,160.82265,861.99854,-0.0014498103,363.1622811358933,132.0,S_2070
2024-05-11 19:10:12,-41.2444,6.5955048,-33.0332,160.80867,862.0912,-0.0019164346,380.3539293148274,132.0,S_2070
2024-05-11 19:10:13,-41.30971,6.5956726,-33.089153,160.78769,862.10785,-0.0019099246,398.6212820025414,132.0,S_2070
2024-05-11 19:10:14,-41.375015,6.595825,-33.145103,160.7737,862.0819,-0.0019106431,415.8477971901165,132.0,S_2070
2024-05-11 19:10:15,-41.44031,6.595993,-33.201057,160.75272,862.0616,-0.0019040651,432.42356462658915,132.0,S_2070
2024-05-11 19:10:16,-41.5056,6.596161,-33.264004,160.73174,862.0912,-0.0018853353,452.9410880204442,132.0,S_2070
2024-05-11 19:10:17,-41.570877,6.5963287,-33.326954,160.71774,862.19116,-0.0018775595,474.2176093830189,132.0,S_2070
2024-05-11 19:10:18,-41.63615,6.5964813,-33.382904,160.70375,862.28564,-0.0023301882,487.3227265552582,132.0,S_2070
2024-05-11 19:10:19,-41.701412,6.596649,-33.44585,160.68976,862.3134,-0.0023228603,505.39553467371013,132.0,S_2070
2024-05-11 19:10:20,-41.766666,6.596817,-33.501804,160.66878,862.2931,-0.0027947559,518.0463253740712,132.0,S_2070
2024-05-11 19:10:21,-41.831913,6.596985,-33.55776,160.6548,862.26154,-0.0027890226,531.6071162141939,132.0,S_2070
2024-05-11 19:10:22,-41.89715,6.5971527,-33.606716,160.6338,862.2597,-0.0032458545,534.9269798792968,132.0,S_2070
2024-05-11 19:10:23,-41.96238,6.5973206,-33.669662,160.61282,862.3319,-0.0032394475,545.8200008842518,132.0,S_2070
2024-05-11 19:10:24,-42.0276,6.5974884,-33.732613,160.59885,862.44116,-0.0037133654,555.4479685628714,132.0,S_2070
2024-05-11 19:10:25,-42.09281,6.5976562,-33.788563,160.58485,862.49677,-0.0037048473,560.9991858194967,132.0,S_2070
2024-05-11 19:10:26,-42.158016,6.597824,-33.844517,160.56387,862.4857,-0.0037073453,567.8625427042416,132.0,S_2070
2024-05-11 19:10:27,-42.223213,6.597992,-33.90047,160.54988,862.4598,-0.003702463,571.2148722358111,132.0,S_2070
2024-05-11 19:10:28,-42.2884,6.59816,-33.963417,160.53589,862.4598,-0.003689027,580.3966536669132,132.0,S_2070
2024-05-11 19:10:29,-42.353577,6.5983276,-34.01937,160.51491,862.5153,-0.003684051,587.4061890434897,132.0,S_2070
2024-05-11 19:10:30,-42.418747,6.5984955,-34.07532,160.50093,862.6061,-0.0036864213,593.0747604098158,132.0,S_2070
2024-05-11 19:10:31,-42.48391,6.5986786,-34.131275,160.47993,862.67267,-0.0036813598,597.2988070849075,132.0,S_2070
2024-05-11 19:10:32,-42.549065,6.5988464,-34.19422,160.46596,862.682,-0.0036677143,603.8860390399077,132.0,S_2070
2024-05-11 19:10:33,-42.614212,6.5990143,-34.257168,160.44498,862.669,-0.0036577026,617.351394981238,132.0,S_2070
2024-05-11 19:10:34,-42.679348,6.5991974,-34.30613,160.43098,862.669,-0.0031678062,622.874299449138,132.0,S_2070
2024-05-11 19:10:35,-42.744476,6.599365,-34.36208,160.41,862.669,-0.0031620362,630.7776900590584,132.0,S_2070
2024-05-11 19:10:36,-42.8096,6.599533,-34.42503,160.39601,862.65607,-0.0021917813,648.0592734000928,132.0,S_2070
2024-05-11 19:10:37,-42.87471,6.599716,-34.487976,160.37503,862.67267,-0.002183675,668.0966508133578,132.0,S_2070
2024-05-11 19:10:38,-42.939816,6.599884,-34.543926,160.36104,862.7505,-0.0017216715,686.5385269400905,132.0,S_2070
2024-05-11 19:10:39,-43.00491,6.600067,-34.59988,160.34006,862.8376,-0.0017141503,706.0267779664828,132.0,S_2070
2024-05-11 19:10:40,-43.07,6.600235,-34.655834,160.32607,862.882,-0.0016361192,725.024694778295,132.0,S_2070
2024-05-11 19:10:41,-43.13508,6.600418,-34.71179,160.30508,862.8746,-0.0016248276,745.0788416314022,132.0,S_2070
2024-05-11 19:10:42,-43.20015,6.600601,-34.76774,160.2911,862.8468,-0.0016246618,763.1669733562837,132.0,S_2070
2024-05-11 19:10:43,-43.265213,6.600769,-34.83069,160.27711,862.8449,-0.0016158009,785.820355573281,132.0,S_2070
2024-05-11 19:10:44,-43.330265,6.600952,-34.88664,160.25613,862.9153,-0.0011648241,808.5967355406034,132.0,S_2070
2024-05-11 19:10:45,-43.39531,6.6011353,-34.942593,160.23515,863.02454,-0.0011565209,831.6136278562806,132.0,S_2070
2024-05-11 19:10:46,-43.46035,6.601303,-34.998547,160.22116,863.082,-0.0006891262,856.3434742042226,132.0,S_2070
2024-05-11 19:10:47,-43.52538,6.601486,-35.061493,160.20717,863.07086,-0.0006790429,885.0760053894891,132.0,S_2070
2024-05-11 19:10:48,-43.5904,6.6016693,-35.117447,160.18619,863.0394,-0.00019503213,914.1814985636437,132.0,S_2070
2024-05-11 19:10:49,-43.65541,6.6018524,-35.173397,160.1722,863.02454,-0.00018188545,942.6178136877254,132.0,S_2070
2024-05-11 19:10:50,-43.720417,6.6020355,-35.22935,160.15121,863.0653,0.0003221388,975.2441301415906,132.0,S_2070
2024-05-11 19:10:51,-43.78541,6.6022186,-35.292297,160.13722,863.1672,0.00033342963,1010.7961322440882,132.0,S_2070
2024-05-11 19:10:52,-43.8504,6.6024017,-35.355244,160.11624,863.25793,0.00082190166,1049.2381352047823,132.0,S_2070
2024-05-11 19:10:53,-43.91538,6.602585,-35.404205,160.10226,863.2764,0.00083133776,1080.729118467823,132.0,S_2070
2024-05-11 19:10:54,-43.98035,6.602768,-35.460155,160.08128,863.25055,0.0018092825,1124.1604430314378,132.0,S_2070
2024-05-11 19:10:55,-44.04531,6.602951,-35.523106,160.06029,863.22833,0.0018222725,1170.952351912655,132.0,S_2070
2024-05-11 19:10:56,-44.110264,6.603134,-35.586052,160.04631,863.2598,0.002348161,1219.3266200855753,132.0,S_2070
2024-05-11 19:10:57,-44.175213,6.6033173,-35.642002,160.02533,863.3598,0.002364197,1262.8430304517183,132.0,S_2070
2024-05-11 19:10:58,-44.24015,6.6035004,-35.690964,160.01134,863.4542,0.0023047584,1303.893648362839,132.0,S_2070
2024-05-11 19:10:59,-44.305077,6.6036987,-35.746914,159.99036,863.4728,0.0023171818,1348.9019464688718,132.0,S_2070
2024-05-11 19:11:00,-44.37,6.603882,-35.802868,159.97636,863.4542,0.002810853,1398.8494532859545,132.0,S_2070
2024-05-11 19:11:01,-44.434666,6.604065,-35.865814,159.95538,863.445,0.002825095,1452.7467443495907,132.0,S_2070
2024-05-11 19:11:02,-44.499332,6.604248,-35.928764,159.94139,863.45056,0.0028317613,1504.248930779317,132.0,S_2070
2024-05-11 19:11:03,-44.564,6.604431,-35.984715,159.92041,863.43756,0.0028448228,1553.0323627928792,132.0,S_2070
2024-05-11 19:11:04,-44.628666,6.6046143,-36.04067,159.89943,863.432,0.002334812,1598.144709411601,132.0,S_2070
2024-05-11 19:11:05,-44.693333,6.6048126,-36.096622,159.88544,863.4969,0.0023474467,1644.4016262583402,132.0,S_2070
2024-05-11 19:11:06,-44.758,6.6049957,-36.15957,159.87146,863.60614,0.002353731,1692.7896186286293,132.0,S_2070
2024-05-11 19:11:07,-44.822666,6.605179,-36.215523,159.85046,863.67096,0.0023664327,1738.0949165191469,132.0,S_2070
2024-05-11 19:11:08,-44.887333,6.605377,-36.271473,159.83649,863.67096,0.0024456123,1783.5535092325847,132.0,S_2070
2024-05-11 19:11:09,-44.952,6.6055603,-36.327427,159.8155,863.63947,0.0024583756,1831.6493362668534,132.0,S_2070
2024-05-11 19:11:10,-45.016666,6.6057434,-36.390373,159.79453,863.61725,0.0024647703,1882.9685553814236,132.0,S_2070
2024-05-11 19:11:11,-45.081333,6.605942,-36.45332,159.78053,863.6487,0.0024788736,1930.325735589108,132.0,S_2070
2024-05-11 19:11:12,-45.146,6.606125,-36.50228,159.75955,863.75055,0.0024429958,1972.5881727389485,132.0,S_2070
2024-05-11 19:11:13,-45.210667,6.6063232,-36.55823,159.74556,863.8432,0.0024558909,2019.9360317067192,132.0,S_2070
2024-05-11 19:11:14,-45.275333,6.6065216,-36.62118,159.72458,863.8598,0.0019475693,2067.8431974346636,132.0,S_2070
2024-05-11 19:11:15,-45.34,6.6067047,-36.684128,159.7036,863.8339,0.0019612925,2114.081771895964,132.0,S_2070
2024-05-11 19:11:16,-45.404667,6.606903,-36.740078,159.6896,863.81726,0.0014999921,2152.021343749694,132.0,S_2070
2024-05-11 19:11:17,-45.469334,6.6071014,-36.78904,159.67561,863.8413,0.001510713,2187.8799481919095,132.0,S_2070
2024-05-11 19:11:18,-45.534,6.6073,-36.84499,159.65463,863.9228,0.0009981168,2225.39040777903,132.0,S_2070
2024-05-11 19:11:19,-45.598667,6.607483,-36.90794,159.63365,864.008,0.0010146236,2265.7796572880147,132.0,S_2070
2024-05-11 19:11:20,-45.663334,6.6076813,-36.96389,159.61267,864.04504,0.000609294,2300.392202910461,132.0,S_2070
2024-05-11 19:11:21,-45.728,6.6078796,-37.02684,159.59868,864.0358,0.0006217497,2337.415523395274,132.0,S_2070
2024-05-11 19:11:22,-45.792667,6.608078,-37.08279,159.5847,864.0303,0.0006881319,2371.442485799274,132.0,S_2070
2024-05-11 19:11:23,-45.857334,6.6082764,-37.138744,159.5637,864.03394,0.000699339,2406.2620532609603,132.0,S_2070
2024-05-11 19:11:24,-45.922,6.6084747,-37.1947,159.54272,864.02094,0.0007183626,2441.641764715867,132.0,S_2070
2024-05-11 19:11:25,-45.986668,6.608673,-37.257645,159.52875,864.01544,0.00073096424,2479.456247965704,132.0,S_2070
2024-05-11 19:11:26,-46.051334,6.6088867,-37.3136,159.50777,864.08026,0.00067519577,2514.0099736418447,132.0,S_2070
2024-05-11 19:11:27,-46.116,6.609085,-37.36955,159.49377,864.1895,0.0006865503,2548.017769413963,132.0,S_2070
2024-05-11 19:11:28,-46.180668,6.6092834,-37.425503,159.4728,864.25433,0.0011930055,2586.0253318860696,132.0,S_2070
2024-05-11 19:11:29,-46.245335,6.609482,-37.481457,159.45181,864.25433,0.0012049106,2623.928128450855,132.0,S_2070
2024-05-11 19:11:30,-46.31,6.6096954,-37.537407,159.43782,864.22284,0.0017321276,2666.0013101112763,132.0,S_2070
2024-05-11 19:11:31,-46.37467,6.609894,-37.600357,159.41684,864.2006,0.0017459459,2712.405857938487,132.0,S_2070
2024-05-11 19:11:32,-46.439335,6.6101074,-37.663303,159.39586,864.23395,0.0022567958,2758.7624247159465,132.0,S_2070
2024-05-11 19:11:33,-46.504,6.610306,-37.71226,159.38187,864.3339,0.0022720967,2799.5197497937133,132.0,S_2070
2024-05-11 19:11:34,-46.56867,6.6105194,-37.768215,159.36089,864.4266,0.0028024358,2849.666685608981,132.0,S_2070
2024-05-11 19:11:35,-46.633335,6.610718,-37.83116,159.3469,864.44507,0.0028173754,2900.9798645251512,132.0,S_2070
2024-05-11 19:11:36,-46.698,6.6109314,-37.887115,159.32591,864.4173,0.0028388521,2951.379912853725,132.0,S_2070
2024-05-11 19:11:37,-46.76267,6.6111298,-37.95006,159.31192,864.3895,0.0028538639,3002.924115121996,132.0,S_2070
2024-05-11 19:11:38,-46.82733,6.6113434,-38.006016,159.29094,864.39874,0.002859692,3051.704042699706,132.0,S_2070
2024-05-11 19:11:39,-46.892,6.611557,-38.061966,159.26996,864.4747,0.0028734067,3102.718858864034,132.0,S_2070
2024-05-11 19:11:40,-46.956665,6.6117706,-38.124916,159.24898,864.58215,0.0028413602,3154.888000561704,132.0,S_2070
2024-05-11 19:11:41,-47.02133,6.6119843,-38.180866,159.228,864.6377,0.0028551556,3203.2113403035564,132.0,S_2070
2024-05-11 19:11:42,-47.086,6.6121826,-38.23682,159.214,864.6284,0.0028610874,3250.8554877925994,132.0,S_2070
2024-05-11 19:11:43,-47.150665,6.6123962,-38.292774,159.20001,864.5988,0.002874937,3301.155429234589,132.0,S_2070
2024-05-11 19:11:44,-47.215332,6.61261,-38.35572,159.17903,864.5969,0.0024265891,3350.623896838105,132.0,S_2070
2024-05-11 19:11:45,-47.28,6.6128235,-38.411674,159.15805,864.6673,0.0024400067,3396.66424580846,132.0,S_2070
2024-05-11 19:11:46,-47.344666,6.613037,-38.467625,159.13707,864.77655,0.0009893569,3433.162706024352,132.0,S_2070
2024-05-11 19:11:47,-47.409332,6.6132507,-38.52358,159.12308,864.834,0.0010014003,3469.167370598099,132.0,S_2070
2024-05-11 19:11:48,-47.474,6.6134796,-38.579533,159.1021,864.8284,-0.00044122318,3496.6068603319,132.0,S_2070
2024-05-11 19:11:49,-47.538666,6.613693,-38.635483,159.08812,864.80994,-0.00043053663,3523.0092212010313,132.0,S_2070
2024-05-11 19:11:50,-47.603333,6.613907,-38.698433,159.06712,864.81177,-0.00095946016,3549.8200750916017,132.0,S_2070
2024-05-11 19:11:51,-47.668,6.6141205,-38.76138,159.04614,864.80804,-0.00094778545,3578.120980309926,132.0,S_2070
2024-05-11 19:11:52,-47.732666,6.6143494,-38.810337,159.02516,864.7914,3.8910348e-05,3605.0798442596265,132.0,S_2070
2024-05-11 19:11:53,-47.797333,6.614563,-38.86629,159.01117,864.8155,5.0225426e-05,3634.94979131772,132.0,S_2070
2024-05-11 19:11:54,-47.862,6.614792,-38.929237,158.99019,864.9155,0.002064821,3683.5888433545642,132.0,S_2070
2024-05-11 19:11:55,-47.926666,6.6150055,-38.992184,158.96921,865.00995,0.0020795187,3729.2325445523993,132.0,S_2070
2024-05-11 19:11:56,-47.991333,6.615219,-39.04114,158.94823,865.02844,0.00307722,3775.414820119854,132.0,S_2070
2024-05-11 19:11:57,-48.056,6.615448,-39.097095,158.93423,865.0007,0.0030915146,3824.9223004334767,132.0,S_2070
2024-05-11 19:11:58,-48.120667,6.615677,-39.15305,158.91325,864.9729,0.0020596029,3868.4619302446736,132.0,S_2070
2024-05-11 19:11:59,-48.185333,6.6158905,-39.209003,158.89227,864.9821,0.0020766035,3913.663399730527,132.0,S_2070
2024-05-11 19:12:00,-48.25,6.6161194,-39.27195,158.87129,865.05994,0.001561501,3958.451070053822,132.0,S_2070
2024-05-11 19:12:01,-48.314583,6.6163635,-39.334896,158.8573,865.16736,0.0015759331,4001.4207713673327,132.0,S_2070
2024-05-11 19:12:02,-48.379173,6.6165924,-39.39085,158.84332,865.22107,0.0026229396,4047.87809968838,132.0,S_2070
2024-05-11 19:12:03,-48.443764,6.6168365,-39.4468,158.82234,865.2118,0.002636941,4095.1349643266485,132.0,S_2070
2024-05-11 19:12:04,-48.508354,6.6170807,-39.502754,158.80136,865.1822,0.0031989308,4148.423277348929,132.0,S_2070
2024-05-11 19:12:05,-48.572952,6.6173096,-39.5657,158.78036,865.1803,0.0032149293,4202.468435020927,132.0,S_2070
2024-05-11 19:12:06,-48.63755,6.6175537,-39.621655,158.76639,865.2507,0.0026805776,4249.286766366941,132.0,S_2070
2024-05-11 19:12:07,-48.702152,6.617798,-39.67761,158.7454,865.3599,0.0026982843,4296.928862364545,132.0,S_2070
2024-05-11 19:12:08,-48.766754,6.6180267,-39.73356,158.72441,865.41736,0.0022147784,4343.100004794897,132.0,S_2070
2024-05-11 19:12:09,-48.83136,6.618271,-39.79651,158.70343,865.4118,0.0022299858,4392.883996918046,132.0,S_2070
2024-05-11 19:12:10,-48.895973,6.618515,-39.859455,158.68245,865.3933,0.0027437776,4443.930440328872,132.0,S_2070
2024-05-11 19:12:11,-48.960583,6.618759,-39.91541,158.66847,865.39514,0.0027580408,4489.186636529507,132.0,S_2070
2024-05-11 19:12:12,-49.0252,6.618988,-39.964367,158.64748,865.3933,0.0037676606,4540.222418661202,132.0,S_2070
2024-05-11 19:12:13,-49.089817,6.619232,-40.02032,158.6265,865.37665,0.0037864821,4594.879757531929,132.0,S_2070
2024-05-11 19:12:14,-49.154438,6.6194763,-40.07627,158.60551,865.4007,0.0043383664,4655.812943753588,132.0,S_2070
2024-05-11 19:12:15,-49.219063,6.6197205,-40.139217,158.59154,865.4989,0.0043556183,4716.936560960159,132.0,S_2070
2024-05-11 19:12:16,-49.283688,6.6199646,-40.19517,158.57054,865.5952,0.003896372,4772.295502068734,132.0,S_2070
2024-05-11 19:12:17,-49.348316,6.6201935,-40.251125,158.54956,865.6229,0.0039117346,4830.680435089866,132.0,S_2070
2024-05-11 19:12:18,-49.41295,6.6204376,-40.31407,158.52858,865.60254,0.0034103356,4886.390308848837,132.0,S_2070
2024-05-11 19:12:19,-49.477585,6.620682,-40.370026,158.5076,865.57104,0.0034288731,4940.861788878987,132.0,S_2070
2024-05-11 19:12:20,-49.54222,6.620926,-40.432972,158.4936,865.5693,0.005471659,5009.178055297021,132.0,S_2070
2024-05-11 19:12:21,-49.60686,6.62117,-40.488926,158.47263,865.6414,0.0054884907,5074.803684609429,132.0,S_2070
2024-05-11 19:12:22,-49.671505,6.621414,-40.544876,158.45164,865.75073,0.008620003,5160.665243536076,132.0,S_2070
2024-05-11 19:12:23,-49.73615,6.6216583,-40.60083,158.43066,865.80634,0.008639595,5252.07125155579,132.0,S_2070
2024-05-11 19:12:24,-49.800797,6.6219025,-40.663776,158.41667,865.79517,0.009694395,5347.658708442138,132.0,S_2070
2024-05-11 19:12:25,-49.865448,6.6221466,-40.71973,158.39569,865.7692,0.009714896,5440.579914798096,132.0,S_2070
2024-05-11 19:12:26,-49.930103,6.6223907,-40.775684,158.37471,865.7692,0.00870356,5528.574296070621,132.0,S_2070
2024-05-11 19:12:27,-49.99476,6.622635,-40.831635,158.34674,865.82294,0.0087232385,5614.598007460958,132.0,S_2070
2024-05-11 19:12:28,-50.05942,6.622879,-40.88759,158.33275,865.91187,0.0071709123,5690.354842100632,132.0,S_2070
2024-05-11 19:12:29,-50.124084,6.623123,-40.943542,158.31177,865.98224,0.0071893274,5772.328104078857,132.0,S_2070
2024-05-11 19:12:30,-50.188747,6.6233673,-41.00649,158.29079,865.9971,0.006133587,5845.581073633941,132.0,S_2070
2024-05-11 19:12:31,-50.253414,6.6236115,-41.062443,158.2698,865.9748,0.006154703,5914.635634117136,132.0,S_2070
2024-05-11 19:12:32,-50.31809,6.6238556,-41.118397,158.25581,865.95447,0.0056274286,5980.399336641377,132.0,S_2070
2024-05-11 19:12:33,-50.38276,6.6240997,-41.174347,158.23483,865.9841,0.0056445953,6051.21347364526,132.0,S_2070
2024-05-11 19:12:34,-50.447437,6.624344,-41.237293,158.21385,866.0878,0.005655108,6121.354939326889,132.0,S_2070
2024-05-11 19:12:35,-50.512115,6.6246033,-41.293247,158.19287,866.1786,0.0056723217,6187.344183034285,132.0,S_2070
2024-05-11 19:12:36,-50.576797,6.6248474,-41.3492,158.17888,866.1897,0.005179897,6250.201692597053,132.0,S_2070
2024-05-11 19:12:37,-50.641483,6.6250916,-41.405155,158.1579,866.17114,0.0051967464,6313.868391604356,132.0,S_2070
2024-05-11 19:12:38,-50.70617,6.6253357,-41.461105,158.13692,866.17114,0.004748189,6374.634158713267,132.0,S_2070
2024-05-11 19:12:39,-50.77086,6.62558,-41.51706,158.11594,866.1748,0.004764651,6439.0803955341535,132.0,S_2070
2024-05-11 19:12:40,-50.835552,6.625824,-41.580006,158.09496,866.16187,0.0048530614,6507.657068283164,132.0,S_2070
2024-05-11 19:12:41,-50.90025,6.6260834,-41.642952,158.07396,866.1563,0.004871119,6572.701700086593,132.0,S_2070
2024-05-11 19:12:42,-50.964947,6.6263275,-41.698906,158.05298,866.223,0.0048793913,6629.93179950548,132.0,S_2070
2024-05-11 19:12:43,-51.029648,6.6265717,-41.747864,158.039,866.3323,0.004894385,6691.09383444257,132.0,S_2070
2024-05-11 19:12:44,-51.094353,6.626816,-41.810814,158.018,866.3915,0.005966846,6764.272976983876,132.0,S_2070
2024-05-11 19:12:45,-51.15906,6.627075,-41.866764,157.99004,866.38043,0.005984295,6838.185448824148,132.0,S_2070
2024-05-11 19:12:46,-51.22377,6.6273193,-41.92971,157.96906,866.34705,0.0070765167,6917.438396909472,132.0,S_2070
2024-05-11 19:12:47,-51.288483,6.6275635,-41.985664,157.94807,866.3341,0.00709487,6992.378643559203,132.0,S_2070
2024-05-11 19:12:48,-51.3532,6.627823,-42.04162,157.93408,866.3749,0.007121544,7067.711223635897,132.0,S_2070
2024-05-11 19:12:49,-51.417915,6.628067,-42.097572,157.9131,866.47675,0.007143477,7143.882832335434,132.0,S_2070
2024-05-11 19:12:50,-51.482635,6.628311,-42.153522,157.89212,866.56744,0.006629864,7221.718912460657,132.0,S_2070
2024-05-11 19:12:51,-51.54736,6.6285706,-42.216473,157.87114,866.5841,0.0066494886,7298.186415621025,132.0,S_2070
2024-05-11 19:12:52,-51.612087,6.6288147,-42.272423,157.85016,866.55817,0.00500286,7360.529598395266,132.0,S_2070
2024-05-11 19:12:53,-51.676815,6.629074,-42.328377,157.82918,866.53784,0.0050197183,7422.9787321632975,132.0,S_2070
2024-05-11 19:12:54,-51.741547,6.629318,-42.38433,157.8082,866.56744,0.0033193727,7474.021037124914,132.0,S_2070
2024-05-11 19:12:55,-51.806282,6.6295776,-42.44028,157.7942,866.6693,0.003338539,7527.418644990108,132.0,S_2070
2024-05-11 19:12:56,-51.87102,6.629822,-42.50323,157.77322,866.76196,0.0028379685,7581.404858172352,132.0,S_2070
2024-05-11 19:12:57,-51.93576,6.630066,-42.566177,157.75224,866.7823,0.0028548795,7633.361482915139,132.0,S_2070
2024-05-11 19:12:58,-52.000504,6.6303253,-42.62213,157.73125,866.76373,0.0028618656,7679.735204547228,132.0,S_2070
2024-05-11 19:12:59,-52.06525,6.6305695,-42.67109,157.71027,866.7545,0.0028756175,7724.831770917501,132.0,S_2070
2024-05-11 19:13:00,-52.129997,6.630829,-42.72704,157.68929,866.75824,0.0039926833,7783.623993222585,132.0,S_2070
2024-05-11 19:13:01,-52.194748,6.6310425,-42.78999,157.6683,866.74524,0.004014079,7843.038031203374,132.0,S_2070
2024-05-11 19:13:02,-52.259502,6.631256,-42.84594,157.64732,866.7397,0.005583927,7913.279924368884,132.0,S_2070
2024-05-11 19:13:03,-52.32426,6.6314697,-42.90889,157.62634,866.8064,0.0056031216,7978.754433639567,132.0,S_2070
2024-05-11 19:13:04,-52.38902,6.6316833,-42.957848,157.60536,866.9175,0.0067241224,8053.7051454473985,132.0,S_2070
2024-05-11 19:13:05,-52.45378,6.631897,-43.020794,157.58438,866.9749,0.0067442167,8130.702153957397,132.0,S_2070
2024-05-11 19:13:06,-52.518547,6.632126,-43.076748,157.5634,866.9638,0.007856105,8217.282323944675,132.0,S_2070
2024-05-11 19:13:07,-52.583317,6.6323395,-43.139694,157.54242,866.9323,0.007877066,8301.572980994268,132.0,S_2070
2024-05-11 19:13:08,-52.648087,6.6325684,-43.19565,157.52142,866.9175,0.008378405,8385.597285976666,132.0,S_2070
2024-05-11 19:13:09,-52.71286,6.6327972,-43.2516,157.50044,866.95825,0.008398201,8469.743059281356,132.0,S_2070
2024-05-11 19:13:10,-52.777637,6.633011,-43.307552,157.47946,867.06195,0.008409601,8553.95806231995,132.0,S_2070
2024-05-11 19:13:11,-52.842415,6.6332397,-43.363506,157.45848,867.1509,0.008429433,8638.294688955753,132.0,S_2070
2024-05-11 19:13:12,-52.9072,6.6334686,-43.41946,157.4375,867.1694,0.00851856,8729.608804926194,132.0,S_2070
2024-05-11 19:13:13,-52.971985,6.633713,-43.482407,157.41652,867.14343,0.008540073,8818.127456490964,132.0,S_2070
2024-05-11 19:13:14,-53.03677,6.6339417,-43.538357,157.39554,867.1212,0.00914628,8907.062381187734,132.0,S_2070
2024-05-11 19:13:15,-53.101562,6.6341705,-43.59431,157.37456,867.1527,0.009166543,8989.281462778672,132.0,S_2070
2024-05-11 19:13:16,-53.166355,6.6344147,-43.64327,157.35358,867.2527,0.010834232,9085.596477982592,132.0,S_2070
2024-05-11 19:13:17,-53.23115,6.6346436,-43.699223,157.3326,867.34717,0.01085923,9193.725086502343,132.0,S_2070
2024-05-11 19:13:18,-53.295948,6.6348877,-43.76217,157.31161,867.36566,0.011982036,9313.413038416558,132.0,S_2070
2024-05-11 19:13:19,-53.360752,6.635132,-43.825115,157.29062,867.34717,0.012006045,9424.22605309583,132.0,S_2070
2024-05-11 19:13:20,-53.425556,6.635376,-43.88107,157.26964,867.3379,0.01314655,9541.117540326635,132.0,S_2070
2024-05-11 19:13:21,-53.49036,6.63562,-43.937023,157.24167,867.34344,0.013169731,9655.001778267006,132.0,S_2070
2024-05-11 19:13:22,-53.555172,6.6358643,-43.992977,157.22768,867.3305,0.015368676,9783.261157943805,132.0,S_2070
2024-05-11 19:13:23,-53.619984,6.6361084,-44.048927,157.2067,867.32495,0.015396919,9912.398197289238,132.0,S_2070
2024-05-11 19:13:24,-53.6848,6.6363525,-44.10488,157.18571,867.3898,0.017617539,10069.097474995304,132.0,S_2070
2024-05-11 19:13:25,-53.74962,6.636612,-44.167828,157.16473,867.499,0.01764557,10216.181650633313,132.0,S_2070
2024-05-11 19:13:26,-53.814438,6.636856,-44.22378,157.14375,867.56384,0.02033083,10395.439654093874,132.0,S_2070
2024-05-11 19:13:27,-53.87926,6.6371155,-44.286728,157.11577,867.56384,0.020360839,10545.47539768142,132.0,S_2070
2024-05-11 19:13:28,-53.944088,6.6373596,-44.335686,157.09479,867.53235,0.02205424,10713.956246657795,132.0,S_2070
2024-05-11 19:13:29,-54.00892,6.637619,-44.39164,157.0738,867.51013,0.02208372,10886.09756832234,132.0,S_2070
2024-05-11 19:13:30,-54.07375,6.6378784,-44.447594,157.05283,867.5416,0.022104682,11075.014720778312,132.0,S_2070
2024-05-11 19:13:31,-54.138584,6.638138,-44.51054,157.03185,867.6435,0.022135863,11250.946756653331,132.0,S_2070
2024-05-11 19:13:32,-54.203423,6.638397,-44.566494,157.01086,867.7361,0.022657309,11426.736264439463,132.0,S_2070
2024-05-11 19:13:33,-54.26826,6.638672,-44.622444,156.98988,867.75085,0.022690676,11606.49213982489,132.0,S_2070
2024-05-11 19:13:34,-54.333107,6.6389313,-44.6784,156.9619,867.7268,0.023192203,11801.392593683191,132.0,S_2070
2024-05-11 19:13:35,-54.39795,6.639206,-44.741344,156.9479,867.71014,0.023224195,12001.094982258717,132.0,S_2070
2024-05-11 19:13:36,-54.4628,6.6394653,-44.804295,156.92693,867.73425,0.02266623,12180.372015865907,132.0,S_2070
2024-05-11 19:13:37,-54.527653,6.63974,-44.860245,156.90594,867.812,0.02269617,12356.358285199736,132.0,S_2070
2024-05-11 19:13:38,-54.592506,6.6400146,-44.9162,156.88496,867.89905,0.023199344,12535.573131199228,132.0,S_2070
2024-05-11 19:13:39,-54.657364,6.6402893,-44.972153,156.86398,867.94165,0.023233142,12718.776191580026,132.0,S_2070
2024-05-11 19:13:40,-54.72222,6.640564,-45.028103,156.83601,867.93427,0.022185516,12892.144093292294,132.0,S_2070
2024-05-11 19:13:41,-54.787086,6.6408386,-45.084057,156.81502,867.9083,0.02221511,13081.739606022744,132.0,S_2070
2024-05-11 19:13:42,-54.85195,6.6411133,-45.147003,156.79404,867.90643,0.020023007,13243.942594171545,132.0,S_2070
2024-05-11 19:13:43,-54.916817,6.641388,-45.202957,156.77306,867.9768,0.020051101,13402.84076743432,132.0,S_2070
2024-05-11 19:13:44,-54.98169,6.641678,-45.25891,156.75208,868.0861,0.021163128,13568.882514639849,132.0,S_2070
2024-05-11 19:13:45,-55.046562,6.6419525,-45.314865,156.7311,868.13794,0.021192024,13751.08037437633,132.0,S_2070
2024-05-11 19:13:46,-55.11144,6.6422424,-45.37781,156.71011,868.1269,0.020140622,13917.228723576205,132.0,S_2070
2024-05-11 19:13:47,-55.17632,6.6425323,-45.43376,156.68214,868.1157,0.020168733,14077.537545449788,132.0,S_2070
2024-05-11 19:13:48,-55.2412,6.642807,-45.489716,156.66115,868.12134,0.020149073,14240.24336060819,132.0,S_2070
2024-05-11 19:13:49,-55.306084,6.643097,-45.54567,156.63318,868.11755,0.020180678,14400.60314617808,132.0,S_2070
2024-05-11 19:13:50,-55.37097,6.643387,-45.601624,156.6122,868.09906,0.023030149,14578.573703123331,132.0,S_2070
2024-05-11 19:13:51,-55.435863,6.643692,-45.657574,156.59122,868.125,0.023060089,14756.732435704584,132.0,S_2070
2024-05-11 19:13:52,-55.500755,6.643982,-45.713528,156.57024,868.225,0.029161703,14974.118922615486,132.0,S_2070
2024-05-11 19:13:53,-55.56565,6.644272,-45.76948,156.54926,868.31946,0.029199066,15191.72832953494,132.0,S_2070
2024-05-11 19:13:54,-55.63055,6.644577,-45.82543,156.52826,868.338,0.024759226,15402.992648552918,132.0,S_2070
2024-05-11 19:13:55,-55.695454,6.644867,-45.888382,156.50029,868.3102,0.024791986,15596.39406916676,132.0,S_2070
2024-05-11 19:13:56,-55.760357,6.645172,-45.944332,156.47931,868.2824,0.018612599,15745.897020616048,132.0,S_2070
2024-05-11 19:13:57,-55.825264,6.6454773,-46.000286,156.45833,868.2917,0.018639049,15895.56147054124,132.0,S_2070
2024-05-11 19:13:58,-55.89017,6.6457825,-46.05624,156.43735,868.3676,0.017521499,16040.794044592936,132.0,S_2070
2024-05-11 19:13:59,-55.955086,6.6460876,-46.112194,156.40936,868.475,0.017547218,16184.106537549962,132.0,S_2070
2024-05-11 19:14:00,-56.02,6.646393,-46.168144,156.38838,868.5306,0.014497987,16318.063898272536,132.0,S_2070
2024-05-11 19:14:01,-56.084835,6.6467285,-46.23109,156.3674,868.5213,0.014523999,16444.70226761472,132.0,S_2070
2024-05-11 19:14:02,-56.149677,6.647064,-46.287045,156.34642,868.4917,0.01897181,16596.45133330358,132.0,S_2070
2024-05-11 19:14:03,-56.214527,6.6474,-46.343,156.32544,868.4898,0.019002382,16751.352666760722,132.0,S_2070
2024-05-11 19:14:04,-56.279377,6.6477356,-46.398952,156.29745,868.56024,0.022864519,16946.05537563556,132.0,S_2070
2024-05-11 19:14:05,-56.344234,6.6480713,-46.4619,156.27647,868.6695,0.022896046,17143.74355661947,132.0,S_2070
2024-05-11 19:14:06,-56.4091,6.648407,-46.524845,156.2555,868.72687,0.02410568,17335.62984969659,132.0,S_2070
2024-05-11 19:14:07,-56.47397,6.6487427,-46.5808,156.22752,868.7213,0.025315315,17528.761711897085,132.0,S_2070
2024-05-11 19:14:08,-56.538845,6.6490784,-46.63675,156.20654,868.7028,0.02614263,17706.922524025005,132.0,S_2070
2024-05-11 19:14:09,-56.603725,6.6494293,-46.68571,156.18556,868.7047,0.02617205,17921.166666375928,132.0,S_2070
2024-05-11 19:14:10,-56.66861,6.649765,-46.748657,156.16457,868.701,0.027683396,18136.50553419398,132.0,S_2070
2024-05-11 19:14:11,-56.7335,6.6501007,-46.80461,156.1366,868.6843,0.027715748,18365.95378666435,132.0,S_2070
2024-05-11 19:14:12,-56.7984,6.6504517,-46.867558,156.11562,868.7084,0.032120425,18605.49852084553,132.0,S_2070
2024-05-11 19:14:13,-56.863304,6.6507874,-46.923508,156.09464,868.80835,0.03215903,18823.266170138075,132.0,S_2070
2024-05-11 19:14:14,-56.92821,6.6511383,-46.97247,156.06665,868.90283,0.03647175,19084.49590102436,132.0,S_2070
2024-05-11 19:14:15,-56.993126,6.6514893,-47.02842,156.04567,868.9214,0.03650964,19354.282856526966,132.0,S_2070
2024-05-11 19:14:16,-57.058044,6.651825,-47.084373,156.0177,868.89355,0.039106715,19635.874575124362,132.0,S_2070
2024-05-11 19:14:17,-57.12297,6.652176,-47.140327,155.99672,868.8658,0.039149836,19917.034740646002,132.0,S_2070
2024-05-11 19:14:18,-57.1879,6.652527,-47.19628,155.97574,868.87506,0.040811095,20239.70206826666,132.0,S_2070
2024-05-11 19:14:19,-57.252834,6.6528625,-47.259228,155.95474,868.9528,0.040853545,20571.625990449313,132.0,S_2070
2024-05-11 19:14:20,-57.317776,6.6532135,-47.322174,155.92677,869.06024,0.044786,20893.061954581153,132.0,S_2070
2024-05-11 19:14:21,-57.382725,6.6535645,-47.378128,155.90579,869.11395,0.0448288,21210.586944366194,132.0,S_2070
2024-05-11 19:14:22,-57.447678,6.6539154,-47.43408,155.88481,869.1029,0.050502196,21572.112227173704,132.0,S_2070
2024-05-11 19:14:23,-57.512634,6.6542664,-47.490032,155.85683,869.07874,0.050548706,21965.244716316338,132.0,S_2070
2024-05-11 19:14:24,-57.5776,6.6546173,-47.55298,155.83585,869.07874,0.054298095,22355.061551184015,132.0,S_2070
2024-05-11 19:14:25,-57.642567,6.6549683,-47.608932,155.80788,869.1325,0.054346777,22734.30251039334,132.0,S_2070
2024-05-11 19:14:26,-57.707542,6.655319,-47.664886,155.7869,869.2214,0.05367956,23116.518784445063,132.0,S_2070
2024-05-11 19:14:27,-57.772522,6.6556854,-47.720837,155.75891,869.29175,0.05301234,23487.14747653908,132.0,S_2070
2024-05-11 19:14:28,-57.83751,6.6560364,-47.77679,155.73793,869.3066,0.0519296,23850.116913816706,132.0,S_2070
2024-05-11 19:14:29,-57.9025,6.6563873,-47.832745,155.71695,869.28436,0.051976386,24252.6808538281,132.0,S_2070
2024-05-11 19:14:30,-57.9675,6.6567383,-47.89569,155.69597,869.26215,0.050601624,24618.002911384236,132.0,S_2070
2024-05-11 19:14:31,-58.0325,6.6571045,-47.951645,155.66798,869.29364,0.05065059,24973.38245282872,132.0,S_2070
2024-05-11 19:14:32,-58.09751,6.6574554,-48.0076,155.647,869.3955,0.05361837,25354.933582963335,132.0,S_2070
2024-05-11 19:14:33,-58.162525,6.6578217,-48.06355,155.61903,869.48627,0.05366519,25737.477193805447,132.0,S_2070
2024-05-11 19:14:34,-58.227543,6.6581726,-48.119503,155.59105,869.4992,0.05013494,26089.481086061394,132.0,S_2070
2024-05-11 19:14:35,-58.29257,6.658539,-48.175457,155.57007,869.4807,0.053049516,26467.180113089213,132.0,S_2070
2024-05-11 19:14:36,-58.357597,6.65889,-48.231407,155.5421,869.4807,0.055964094,26856.52841594414,132.0,S_2070
2024-05-11 19:14:37,-58.422634,6.659256,-48.28736,155.52112,869.4844,0.056011595,27287.865346527524,132.0,S_2070
2024-05-11 19:14:38,-58.487675,6.659622,-48.350307,155.50014,869.46954,0.060887747,27711.507543325446,132.0,S_2070
2024-05-11 19:14:39,-58.552723,6.6599884,-48.40626,155.47916,869.4659,0.060937986,28140.820341716953,132.0,S_2070
2024-05-11 19:14:40,-58.617775,6.6603546,-48.462215,155.45117,869.5325,0.057858706,28542.197368954367,132.0,S_2070
2024-05-11 19:14:41,-58.682835,6.6607056,-48.518166,155.43019,869.6418,0.057907052,28951.523822510237,132.0,S_2070
2024-05-11 19:14:42,-58.7479,6.661072,-48.57412,155.40222,869.69916,0.05616653,29384.559847645127,132.0,S_2070
2024-05-11 19:14:43,-58.81297,6.661438,-48.637066,155.38123,869.68805,0.056215893,29786.159486866207,132.0,S_2070
2024-05-11 19:14:44,-58.878044,6.661804,-48.69302,155.35326,869.6622,0.042645115,30089.90729251245,132.0,S_2070
2024-05-11 19:14:45,-58.943123,6.6621857,-48.748974,155.33228,869.6622,0.042684853,30399.30682640161,132.0,S_2070
2024-05-11 19:14:46,-59.00821,6.662552,-48.804928,155.30429,869.7159,0.04165738,30696.666656912348,132.0,S_2070
2024-05-11 19:14:47,-59.0733,6.662918,-48.860878,155.28331,869.80475,0.040629912,30992.518151721833,132.0,S_2070
2024-05-11 19:14:48,-59.138397,6.6632843,-48.916832,155.25534,869.8751,0.044673055,31309.18620031778,132.0,S_2070
2024-05-11 19:14:49,-59.203503,6.6636505,-48.972786,155.23436,869.88995,0.044716798,31631.74897071965,132.0,S_2070
2024-05-11 19:14:50,-59.26861,6.664032,-49.028736,155.20638,869.86774,0.045369253,31987.225221627206,132.0,S_2070
2024-05-11 19:14:51,-59.333725,6.664398,-49.091686,155.1854,869.84735,0.045411702,32351.453943545428,132.0,S_2070
2024-05-11 19:14:52,-59.39884,6.6647797,-49.154633,155.15742,869.877,0.04484147,32645.93563980039,132.0,S_2070
2024-05-11 19:14:53,-59.463966,6.665146,-49.20359,155.12944,869.9807,0.044883084,32966.688633027145,132.0,S_2070
2024-05-11 19:14:54,-59.5291,6.6655273,-49.259544,155.10147,870.0714,0.042682026,33270.45307230351,132.0,S_2070
2024-05-11 19:14:55,-59.594234,6.6658936,-49.315495,155.08049,870.0826,0.042720914,33579.753165990165,132.0,S_2070
2024-05-11 19:14:56,-59.659374,6.666275,-49.37145,155.0525,870.0641,0.04115655,33873.7217891884,132.0,S_2070
2024-05-11 19:14:57,-59.72452,6.6666565,-49.427402,155.03152,870.0641,0.041197818,34172.97279382634,132.0,S_2070
2024-05-11 19:14:58,-59.789677,6.6670227,-49.483356,155.00356,870.06775,0.04289435,34510.546462821156,132.0,S_2070
2024-05-11 19:14:59,-59.854836,6.667404,-49.546303,154.98257,870.0548,0.042934988,34824.55187641685,132.0,S_2070
2024-05-11 19:15:00,-59.92,6.6677856,-49.602257,154.95459,870.04926,0.049089838,35212.53967943516,132.0,S_2070
2024-05-11 19:15:01,-59.98492,6.668091,-49.665203,154.92662,870.11584,0.049137108,35531.610912102136,132.0,S_2070
2024-05-11 19:15:02,-60.04986,6.668396,-49.71416,154.89864,870.22516,0.05060008,35920.87379562913,132.0,S_2070
2024-05-11 19:15:03,-60.11481,6.668701,-49.777107,154.87766,870.2844,0.047313437,36263.36883023036,132.0,S_2070
2024-05-11 19:15:04,-60.179775,6.6690063,-49.83306,154.84969,870.2733,0.04441944,36611.763912167386,132.0,S_2070
2024-05-11 19:15:05,-60.244755,6.669327,-49.896008,154.82869,870.24,0.053472575,36994.46732786386,132.0,S_2070
2024-05-11 19:15:06,-60.30975,6.669632,-49.95196,154.80072,870.227,0.054676883,37374.813437818986,132.0,S_2070
2024-05-11 19:15:07,-60.374756,6.6699524,-50.007915,154.77974,870.26776,0.017312558,37517.53946657831,132.0,S_2070
2024-05-11 19:15:08,-60.439777,6.670288,-50.063866,154.75175,870.3696,0.0042723375,37575.663883217865,132.0,S_2070
2024-05-11 19:15:09,-60.50481,6.6706085,-50.11982,154.72379,870.4604,-0.0042445255,37581.22214358373,132.0,S_2070
2024-05-11 19:15:10,-60.56986,6.670944,-50.168777,154.69582,870.47705,-0.0035667848,37585.13044750136,132.0,S_2070
2024-05-11 19:15:11,-60.634922,6.67128,-50.22473,154.67482,870.4511,0.007433646,37668.7541991299,132.0,S_2070
2024-05-11 19:15:12,-60.7,6.6716156,-50.287678,154.64685,870.4307,-0.009412729,37633.819720608364,132.0,S_2070
2024-05-11 19:15:13,-60.76509,6.6719513,-50.350624,154.61887,870.4604,-0.001801685,37655.639519631084,132.0,S_2070
2024-05-11 19:15:14,-60.830193,6.6723022,-50.406578,154.5909,870.56226,0.017754346,37786.056310340544,132.0,S_2070
2024-05-11 19:15:15,-60.895313,6.672653,-50.455536,154.56992,870.6548,0.020332072,37960.101797726726,132.0,S_2070
2024-05-11 19:15:16,-60.960445,6.673004,-50.518482,154.54193,870.6752,0.022909796,38140.30892078149,132.0,S_2070
2024-05-11 19:15:17,-61.02559,6.673355,-50.574436,154.52095,870.6567,0.011401994,38244.25728703757,132.0,S_2070
2024-05-11 19:15:18,-61.090748,6.6737213,-50.63039,154.49298,870.64746,0.0227094,38406.001346267774,132.0,S_2070
2024-05-11 19:15:19,-61.155922,6.6740875,-50.679348,154.465,870.6511,0.048197355,38783.42001860037,132.0,S_2070
2024-05-11 19:15:20,-61.22111,6.6744537,-50.742294,154.43703,870.6382,0.050531644,39184.66007285695,132.0,S_2070
2024-05-11 19:15:21,-61.286312,6.67482,-50.805244,154.40906,870.6326,0.045549266,39509.64781486037,132.0,S_2070
2024-05-11 19:15:22,-61.35153,6.675186,-50.861195,154.38806,870.6993,0.040566884,39803.955764849125,132.0,S_2070
2024-05-11 19:15:23,-61.416756,6.6755676,-50.91715,154.36009,870.81036,0.036244333,40070.6995453348,132.0,S_2070
2024-05-11 19:15:24,-61.482,6.675949,-50.973103,154.3321,870.8678,0.03855971,40376.76733139506,132.0,S_2070
2024-05-11 19:15:25,-61.547256,6.6763306,-51.03605,154.31113,870.8567,0.04071116,40675.341505050856,132.0,S_2070
2024-05-11 19:15:26,-61.612526,6.676712,-51.092003,154.28316,870.8252,0.041041594,40943.026336868934,132.0,S_2070
2024-05-11 19:15:27,-61.67781,6.677109,-51.14096,154.25517,870.81036,0.04063787,41241.50812057614,132.0,S_2070
2024-05-11 19:15:28,-61.74311,6.6775055,-51.196915,154.22021,870.85114,0.0364531,41505.40502934621,132.0,S_2070
2024-05-11 19:15:29,-61.808422,6.677902,-51.252865,154.19923,870.9549,0.03336971,41777.434678986836,132.0,S_2070
2024-05-11 19:15:30,-61.87375,6.678299,-51.31581,154.17125,871.04376,0.0290615,41996.78211397218,132.0,S_2070
2024-05-11 19:15:31,-61.93909,6.6786957,-51.371765,154.15027,871.0604,0.022617193,42173.71500630422,132.0,S_2070
2024-05-11 19:15:32,-62.004444,6.6791077,-51.42772,154.12228,871.0363,0.00840741,42258.6101110942,132.0,S_2070
2024-05-11 19:15:33,-62.069813,6.6795197,-51.483673,154.09431,871.0197,0.011120361,42369.4869075039,132.0,S_2070
2024-05-11 19:15:34,-62.135193,6.6799316,-51.54662,154.06635,871.04376,0.013104259,42478.73005423096,132.0,S_2070
2024-05-11 19:15:35,-62.20059,6.680359,-51.595577,154.03836,871.12335,0.015088157,42603.7354372976,132.0,S_2070
2024-05-11 19:15:36,-62.266,6.680771,-51.65153,154.01039,871.21045,0.007227557,42680.89061640885,132.0,S_2070
2024-05-11 19:15:37,-62.331425,6.681198,-51.70748,153.9824,871.2475,0.0072899475,42763.88893890859,132.0,S_2070
2024-05-11 19:15:38,-62.396862,6.6816254,-51.77043,153.95444,871.23816,0.012666232,42879.89114294095,132.0,S_2070
2024-05-11 19:15:39,-62.46231,6.682068,-51.82638,153.92645,871.2326,0.02194163,43050.15932384216,132.0,S_2070
2024-05-11 19:15:40,-62.52778,6.682495,-51.882336,153.90547,871.2364,0.022828577,43228.27703304239,132.0,S_2070
2024-05-11 19:15:41,-62.593258,6.6829376,-51.93829,153.8775,871.2234,0.03182856,43489.4838739722,132.0,S_2070
2024-05-11 19:15:42,-62.65875,6.68338,-52.001236,153.84952,871.21783,0.035703562,43755.53740369517,132.0,S_2070
2024-05-11 19:15:43,-62.72426,6.6838226,-52.05719,153.82155,871.2827,0.01105382,43857.54477560257,132.0,S_2070
2024-05-11 19:15:44,-62.78978,6.6842804,-52.11314,153.79356,871.39197,0.008054951,43940.00296627609,132.0,S_2070
2024-05-11 19:15:45,-62.855312,6.684723,-52.169094,153.7656,871.4567,0.0029048235,43988.902970539944,132.0,S_2070
2024-05-11 19:15:46,-62.92086,6.6851807,-52.225048,153.73761,871.4567,-0.0020470717,44005.54188504274,132.0,S_2070
2024-05-11 19:15:47,-62.986423,6.6856384,-52.281002,153.70964,871.42523,-0.004018552,44009.33520508522,132.0,S_2070
2024-05-11 19:15:48,-63.052002,6.6861115,-52.336952,153.68166,871.4031,-0.004450586,44010.31079138899,132.0,S_2070
2024-05-11 19:15:49,-63.11759,6.686569,-52.392906,153.65369,871.4345,-0.00488262,44008.46893566595,132.0,S_2070
2024-05-11 19:15:50,-63.183193,6.687042,-52.44886,153.6257,871.5364,0.02779864,44219.397274296265,132.0,S_2070
2024-05-11 19:15:51,-63.248814,6.6875153,-52.50481,153.59773,871.629,0.02782719,44430.495304130076,132.0,S_2070
2024-05-11 19:15:52,-63.314445,6.6880035,-52.560764,153.56976,871.6456,0.0047258395,44495.380270158465,132.0,S_2070
2024-05-11 19:15:53,-63.38009,6.6884766,-52.62371,153.53479,871.61975,0.0047463616,44560.2782472652,132.0,S_2070
2024-05-11 19:15:54,-63.44575,6.688965,-52.679665,153.5068,871.6031,0.01113214,44662.65006370717,132.0,S_2070
2024-05-11 19:15:55,-63.511425,6.689453,-52.73562,153.47884,871.62714,0.011156999,44765.17213219369,132.0,S_2070
2024-05-11 19:15:56,-63.57711,6.6899414,-52.791573,153.45085,871.7086,0.013507348,44882.96679888709,132.0,S_2070
2024-05-11 19:15:57,-63.64281,6.6904297,-52.847523,153.42288,871.7938,0.013530037,45000.90029980763,132.0,S_2070
2024-05-11 19:15:58,-63.708527,6.690933,-52.903477,153.3949,871.8309,0.0076513155,45080.573645945704,132.0,S_2070
2024-05-11 19:15:59,-63.774258,6.691437,-52.95943,153.36693,871.82153,0.011034585,45182.24090596494,132.0,S_2070
2024-05-11 19:16:00,-63.84,6.6919403,-53.01538,153.33894,871.81604,0.013525843,45310.230668856646,132.0,S_2070
2024-05-11 19:16:01,-63.90633,6.692581,-53.07833,153.31097,871.81976,0.013333797,45430.22011736192,132.0,S_2070
2024-05-11 19:16:02,-63.972656,6.693222,-53.13428,153.283,871.80676,0.019984437,45590.05069004587,132.0,S_2070
2024-05-11 19:16:03,-64.03898,6.693863,-53.190235,153.25502,871.8013,0.022432655,45765.778406894766,132.0,S_2070
2024-05-11 19:16:04,-64.105286,6.694504,-53.24619,153.22705,871.8661,0.024880873,45943.12859236457,132.0,S_2070
2024-05-11 19:16:05,-64.1716,6.6951294,-53.295147,153.19208,871.9772,0.021532813,46110.24134383,132.0,S_2070
2024-05-11 19:16:06,-64.2379,6.6957703,-53.3511,153.1641,872.0401,0.022526689,46286.5108641862,132.0,S_2070
2024-05-11 19:16:07,-64.3042,6.696411,-53.40705,153.13612,872.0401,0.023520565,46486.86216284993,132.0,S_2070
2024-05-11 19:16:08,-64.37049,6.6970367,-53.47,153.10814,872.0086,0.025058132,46701.72051499093,132.0,S_2070
2024-05-11 19:16:09,-64.436775,6.6976776,-53.532948,153.08017,871.98645,0.028076446,46921.52418610872,132.0,S_2070
2024-05-11 19:16:10,-64.50305,6.698303,-53.5889,153.0452,872.0179,0.029051794,47140.76570504241,132.0,S_2070
2024-05-11 19:16:11,-64.56933,6.698929,-53.64485,153.01723,872.11975,0.028332079,47351.360828343124,132.0,S_2070
2024-05-11 19:16:12,-64.6356,6.6995697,-53.700806,152.99625,872.2124,0.027487097,47563.085556926366,132.0,S_2070
2024-05-11 19:16:13,-64.701866,6.7001953,-53.75676,152.96127,872.2309,0.029348219,47784.18438434877,132.0,S_2070
2024-05-11 19:16:14,-64.76812,6.700821,-53.81271,152.93329,872.2031,0.017719753,47931.643877567774,132.0,S_2070
2024-05-11 19:16:15,-64.83437,6.7014465,-53.868664,152.89832,872.1753,0.01517088,48060.620555616726,132.0,S_2070
2024-05-11 19:16:16,-64.90062,6.702072,-53.924618,152.87035,872.1846,0.018941494,48213.40591932824,132.0,S_2070
2024-05-11 19:16:17,-64.966866,6.7026978,-53.98057,152.84236,872.2624,0.024632683,48403.112677377416,132.0,S_2070
2024-05-11 19:16:18,-65.0331,6.7033234,-54.036522,152.81439,872.3698,0.028206471,48616.00683990036,132.0,S_2070
2024-05-11 19:16:19,-65.09933,6.703949,-54.092476,152.78642,872.4198,0.026005233,48834.102389738866,132.0,S_2070
2024-05-11 19:16:20,-65.16556,6.7045593,-54.155422,152.75844,872.4087,0.024267044,49028.237191865366,132.0,S_2070
2024-05-11 19:16:21,-65.23177,6.705185,-54.211376,152.72346,872.3994,0.035244677,49287.40200508434,132.0,S_2070
2024-05-11 19:16:22,-65.29799,6.7058105,-54.26733,152.6955,872.40314,0.037105355,49530.378482689695,132.0,S_2070
2024-05-11 19:16:23,-65.3642,6.706421,-54.316288,152.66751,872.39386,0.03845222,49811.71982699111,132.0,S_2070
2024-05-11 19:16:24,-65.4304,6.7070465,-54.372242,152.63254,872.39014,0.036478486,50078.790805915574,132.0,S_2070
2024-05-11 19:16:25,-65.4966,6.707657,-54.428192,152.60457,872.4383,0.03616612,50374.90870718143,132.0,S_2070
2024-05-11 19:16:26,-65.56279,6.708267,-54.491142,152.5696,872.52716,0.038218282,50656.58499648902,132.0,S_2070
2024-05-11 19:16:27,-65.628975,6.708893,-54.547092,152.54163,872.5994,0.03459643,50884.993286769735,132.0,S_2070
2024-05-11 19:16:28,-65.69515,6.709503,-54.596054,152.51364,872.61426,0.031892605,51122.63256002942,132.0,S_2070
2024-05-11 19:16:29,-65.76133,6.7101135,-54.652004,152.47867,872.5939,0.032950286,51391.426388466105,132.0,S_2070
2024-05-11 19:16:30,-65.8275,6.710724,-54.71495,152.4507,872.57166,0.026041962,51612.93222375234,132.0,S_2070
2024-05-11 19:16:31,-65.89366,6.711334,-54.7779,152.42273,872.60315,0.026070327,51818.64392695503,132.0,S_2070
2024-05-11 19:16:32,-65.95982,6.7119446,-54.83385,152.38776,872.705,0.035080925,52055.80148396423,132.0,S_2070
2024-05-11 19:16:33,-66.02597,6.712555,-54.882812,152.35278,872.7958,0.034536432,52306.638697514965,132.0,S_2070
2024-05-11 19:16:34,-66.09212,6.7131653,-54.938763,152.3248,872.8087,0.03399194,52556.63592710971,132.0,S_2070
2024-05-11 19:16:35,-66.158264,6.7137756,-54.994717,152.29683,872.79016,0.03402062,52811.474973109944,132.0,S_2070
2024-05-11 19:16:36,-66.224396,6.7143707,-55.05067,152.26186,872.79016,0.036778215,53107.77392316384,132.0,S_2070
2024-05-11 19:16:37,-66.29053,6.714981,-55.113617,152.23389,872.7939,0.0368092,53357.574736941184,132.0,S_2070
2024-05-11 19:16:38,-66.35665,6.715576,-55.162575,152.19891,872.77905,0.04068015,53648.09322795784,132.0,S_2070
2024-05-11 19:16:39,-66.422775,6.7161865,-55.21853,152.17093,872.7735,0.04071282,53977.07884135412,132.0,S_2070
2024-05-11 19:16:40,-66.488884,6.7167816,-55.281475,152.13596,872.8402,0.043828443,54294.65730124244,132.0,S_2070
2024-05-11 19:16:41,-66.55499,6.717392,-55.33743,152.10799,872.9513,0.043858413,54646.674141568554,132.0,S_2070
2024-05-11 19:16:42,-66.62109,6.717987,-55.400375,152.07301,873.0087,0.048505373,54958.31777961731,132.0,S_2070
2024-05-11 19:16:43,-66.687195,6.718582,-55.449333,152.04504,872.99945,0.048534654,55305.40825366076,132.0,S_2070
2024-05-11 19:16:44,-66.75329,6.7191772,-55.505287,152.01007,872.9661,0.049580384,55656.73718599323,132.0,S_2070
2024-05-11 19:16:45,-66.819374,6.7197723,-55.56124,151.98209,872.9513,0.049615614,56050.859543825914,132.0,S_2070
2024-05-11 19:16:46,-66.88545,6.7203674,-55.624187,151.94713,872.99207,0.049686983,56406.16086886055,132.0,S_2070
2024-05-11 19:16:47,-66.95153,6.7209625,-55.68014,151.91914,873.0976,0.049718715,56727.9802692901,132.0,S_2070
2024-05-11 19:16:48,-67.0176,6.7215576,-55.7291,151.88417,873.1847,0.04866043,57069.81942471527,132.0,S_2070
2024-05-11 19:16:49,-67.083664,6.7221527,-55.785053,151.8562,873.19574,0.04869156,57420.963380831265,132.0,S_2070
2024-05-11 19:16:50,-67.14972,6.722748,-55.841003,151.82123,873.17914,0.04797211,57797.74039466546,132.0,S_2070
2024-05-11 19:16:51,-67.215775,6.723343,-55.90395,151.79326,873.17914,0.048005417,58147.616892684775,132.0,S_2070
2024-05-11 19:16:52,-67.28182,6.7239227,-55.959904,151.75829,873.17914,0.054345395,58536.591264896226,132.0,S_2070
2024-05-11 19:16:53,-67.34786,6.724518,-56.015858,151.72331,873.16614,0.055990744,58936.36535156948,132.0,S_2070
2024-05-11 19:16:54,-67.413895,6.7250977,-56.07181,151.68834,873.1847,0.057636093,59339.381486503175,132.0,S_2070
2024-05-11 19:16:55,-67.47993,6.7256927,-56.12776,151.66037,873.26245,0.057669215,59749.44761144813,132.0,S_2070
2024-05-11 19:16:56,-67.54595,6.7262726,-56.183716,151.6254,873.3513,0.057439502,60158.59152973194,132.0,S_2070
2024-05-11 19:16:57,-67.61197,6.7268524,-56.23967,151.59042,873.38837,0.05747494,60567.904560476825,132.0,S_2070
2024-05-11 19:16:58,-67.677986,6.7274475,-56.295624,151.55545,873.37915,0.053483482,60943.89138146289,132.0,S_2070
2024-05-11 19:16:59,-67.743996,6.7280273,-56.351574,151.52748,873.37354,0.053515434,61326.30338883416,132.0,S_2070
2024-05-11 19:17:00,-67.81,6.728607,-56.407528,151.49251,873.37726,0.052080177,61699.847660836436,132.0,S_2070
2024-05-11 19:17:01,-67.87723,6.72908,-56.46348,151.45753,873.3643,0.05211255,62066.860697319324,132.0,S_2070
2024-05-11 19:17:02,-67.944405,6.729553,-56.519432,151.42955,873.35876,0.056285158,62467.33457259435,132.0,S_2070
2024-05-11 19:17:03,-68.011536,6.7300415,-56.575386,151.39459,873.4236,0.056321643,62910.36534390639,132.0,S_2070
2024-05-11 19:17:04,-68.07862,6.7305145,-56.638332,151.35962,873.53284,0.05276555,63284.8447706996,132.0,S_2070
2024-05-11 19:17:05,-68.14566,6.731003,-56.694286,151.33163,873.5977,0.052797828,63623.53163942869,132.0,S_2070
2024-05-11 19:17:06,-68.21265,6.731491,-56.743244,151.29668,873.5977,0.049916886,63979.115097741385,132.0,S_2070
2024-05-11 19:17:07,-68.279594,6.7319794,-56.7992,151.2617,873.56616,0.04703594,64319.015691643195,132.0,S_2070
2024-05-11 19:17:08,-68.34649,6.7324677,-56.855152,151.22673,873.54395,0.043522473,64667.97513624717,132.0,S_2070
2024-05-11 19:17:09,-68.41334,6.732956,-56.9181,151.19176,873.57544,0.043557163,64988.197715321665,132.0,S_2070
2024-05-11 19:17:10,-68.48014,6.7334595,-56.974052,151.15678,873.67914,0.04048465,65284.776084450605,132.0,S_2070
2024-05-11 19:17:11,-68.54689,6.733963,-57.030003,151.12181,873.76807,0.0405132,65551.85007539758,132.0,S_2070
2024-05-11 19:17:12,-68.6136,6.7344666,-57.078964,151.08685,873.781,0.041753404,65853.34454086122,132.0,S_2070
2024-05-11 19:17:13,-68.68026,6.73497,-57.134914,151.05188,873.7625,0.041782033,66189.3262039901,132.0,S_2070
2024-05-11 19:17:14,-68.74687,6.7354736,-57.19786,151.0169,873.7625,0.043880843,66506.01493070916,132.0,S_2070
2024-05-11 19:17:15,-68.81344,6.735977,-57.253815,150.98892,873.7662,0.043909177,66824.23844582165,132.0,S_2070
2024-05-11 19:17:16,-68.87995,6.736496,-57.30977,150.95396,873.75323,0.042371757,67132.95857739614,132.0,S_2070
2024-05-11 19:17:17,-68.94643,6.737015,-57.365723,150.91899,873.7477,0.042402193,67410.75167239262,132.0,S_2070
2024-05-11 19:17:18,-69.01285,6.7375336,-57.41468,150.88402,873.81433,0.044912267,67732.7481160477,132.0,S_2070
2024-05-11 19:17:19,-69.07922,6.7380524,-57.470634,150.84904,873.9254,0.044939715,68091.57284325066,132.0,S_2070
2024-05-11 19:17:20,-69.14555,6.738571,-57.53358,150.81407,873.981,0.0512219,68461.61853354912,132.0,S_2070
2024-05-11 19:17:21,-69.21184,6.739105,-57.589535,150.7791,873.9699,0.051249884,68866.49637686159,132.0,S_2070
2024-05-11 19:17:22,-69.27807,6.739624,-57.65248,150.74414,873.944,0.052139997,69204.19671891842,132.0,S_2070
2024-05-11 19:17:23,-69.34426,6.740158,-57.70144,150.70917,873.944,0.05216819,69573.61449417425,132.0,S_2070
2024-05-11 19:17:24,-69.4104,6.740692,-57.757393,150.6742,873.9996,0.045448553,69935.91860445838,132.0,S_2070
2024-05-11 19:17:25,-69.476494,6.741226,-57.82034,150.63922,874.09033,0.045476966,70267.91843373037,132.0,S_2070
2024-05-11 19:17:26,-69.54254,6.7417603,-57.876293,150.60425,874.1569,0.041573282,70570.87475311664,132.0,S_2070
2024-05-11 19:17:27,-69.608536,6.7423096,-57.932243,150.56927,874.16437,0.041599263,70843.42332801342,132.0,S_2070
2024-05-11 19:17:28,-69.67449,6.742859,-57.981205,150.53432,874.15326,0.04842495,71194.82180592213,132.0,S_2070
2024-05-11 19:17:29,-69.740395,6.743393,-58.037155,150.49234,874.15515,0.04845646,71543.48128413547,132.0,S_2070
2024-05-11 19:17:30,-69.80625,6.7439575,-58.09311,150.45738,874.1514,0.051916573,71914.16658363483,132.0,S_2070
2024-05-11 19:17:31,-69.87206,6.744507,-58.149063,150.42241,874.13477,0.051949028,72284.98646034133,132.0,S_2070
2024-05-11 19:17:32,-69.93782,6.745056,-58.205013,150.38744,874.1588,0.074730694,72805.28481109593,132.0,S_2070
2024-05-11 19:17:33,-70.00354,6.7456207,-58.260967,150.35246,874.2588,0.07476491,73325.72880488375,132.0,S_2070
2024-05-11 19:17:34,-70.06921,6.74617,-58.31692,150.31749,874.3533,0.07943133,73876.70924910303,132.0,S_2070
2024-05-11 19:17:35,-70.13483,6.7467346,-58.372875,150.28252,874.3736,0.07946155,74438.79029157665,132.0,S_2070
2024-05-11 19:17:36,-70.2004,6.747299,-58.428825,150.24055,874.3551,0.05527401,74831.7892628066,132.0,S_2070
2024-05-11 19:17:37,-70.26593,6.747864,-58.48478,150.20558,874.3459,0.05529766,75224.22259522555,132.0,S_2070
2024-05-11 19:17:38,-70.331406,6.7484436,-58.540733,150.17062,874.34955,0.04865891,75573.05556769937,132.0,S_2070
2024-05-11 19:17:39,-70.396835,6.749008,-58.596684,150.13565,874.3366,0.047850117,75952.19568297635,132.0,S_2070
2024-05-11 19:17:40,-70.46223,6.749588,-58.659634,150.10068,874.33105,0.047041327,76300.05154591455,132.0,S_2070
2024-05-11 19:17:41,-70.52756,6.750168,-58.715584,150.05872,874.39954,0.047066383,76638.93547201765,132.0,S_2070
2024-05-11 19:17:42,-70.59285,6.7507477,-58.771538,150.02374,874.5088,0.048039865,76955.45582040928,132.0,S_2070
2024-05-11 19:17:43,-70.6581,6.7513275,-58.820496,149.98178,874.56256,0.04806334,77297.45626966031,132.0,S_2070
2024-05-11 19:17:44,-70.72329,6.7519226,-58.87645,149.94681,874.54956,0.045389988,77630.68424415195,132.0,S_2070
2024-05-11 19:17:45,-70.78844,6.7525024,-58.932404,149.90485,874.5385,0.045415994,77992.39206069213,132.0,S_2070
2024-05-11 19:17:46,-70.85354,6.7530975,-58.99535,149.86987,874.544,0.04322667,78308.52494253605,132.0,S_2070
2024-05-11 19:17:47,-70.918594,6.7536926,-59.051304,149.8349,874.5403,0.04325477,78621.4632699205,132.0,S_2070
2024-05-11 19:17:48,-70.983604,6.7542877,-59.107254,149.79993,874.5237,0.043329034,78902.93021627463,132.0,S_2070
2024-05-11 19:17:49,-71.04856,6.754883,-59.156216,149.76495,874.5477,0.043354504,79218.88045031056,132.0,S_2070
2024-05-11 19:17:50,-71.11347,6.755493,-59.212166,149.72299,874.64777,0.042599063,79528.03843853531,132.0,S_2070
2024-05-11 19:17:51,-71.17834,6.7561035,-59.26812,149.68802,874.7422,0.04262393,79842.29871619678,132.0,S_2070
2024-05-11 19:17:52,-71.24316,6.7566986,-59.324074,149.64606,874.7607,0.04249651,80150.68688679686,132.0,S_2070
2024-05-11 19:17:53,-71.30793,6.757309,-59.380028,149.61108,874.7329,0.042521708,80464.11291768277,132.0,S_2070
2024-05-11 19:17:54,-71.37265,6.7579193,-59.435978,149.56912,874.70514,0.04229536,80771.08305467642,132.0,S_2070
2024-05-11 19:17:55,-71.43733,6.758545,-59.491932,149.53415,874.7144,0.042321153,81083.05337933527,132.0,S_2070
2024-05-11 19:17:56,-71.50196,6.7591553,-59.547886,149.49219,874.7922,0.039446287,81376.40488172305,132.0,S_2070
2024-05-11 19:17:57,-71.566536,6.759781,-59.603836,149.45023,874.9014,0.039474104,81664.77625789374,132.0,S_2070
2024-05-11 19:17:58,-71.63107,6.7604065,-59.65979,149.41525,874.94965,0.034802865,81926.41658600245,132.0,S_2070
2024-05-11 19:17:59,-71.695564,6.761032,-59.715744,149.37329,874.9385,0.034829263,82184.32964081675,132.0,S_2070
2024-05-11 19:18:00,-71.76,6.7616577,-59.771698,149.33832,874.92926,0.03394801,82415.62364424608,132.0,S_2070
2024-05-11 19:18:01,-71.822426,6.762146,-59.820656,149.29636,874.9329,0.033066764,82683.33895378046,132.0,S_2070
2024-05-11 19:18:02,-71.88487,6.7626343,-59.883602,149.26138,874.9237,0.030128578,82939.02392253632,132.0,S_2070
2024-05-11 19:18:03,-71.94734,6.763138,-59.94655,149.21942,874.92,0.030152975,83169.5000002063,132.0,S_2070
2024-05-11 19:18:04,-72.00983,6.7636566,-60.002502,149.18445,874.97,0.026499338,83356.32560821674,132.0,S_2070
2024-05-11 19:18:05,-72.07233,6.7641754,-60.05146,149.14249,875.0607,0.02651817,83559.75239080943,132.0,S_2070
2024-05-11 19:18:06,-72.13485,6.764694,-60.107414,149.10052,875.1293,0.025847683,83743.26279690769,132.0,S_2070
2024-05-11 19:18:07,-72.197395,6.7652283,-60.156372,149.05855,875.1385,0.025866581,83939.01515463619,132.0,S_2070
2024-05-11 19:18:08,-72.25996,6.7657623,-60.212326,149.02359,875.12555,0.025740424,84139.79571975936,132.0,S_2070
2024-05-11 19:18:09,-72.32254,6.7663116,-60.26828,148.98161,875.12744,0.025765274,84341.31871584704,132.0,S_2070
2024-05-11 19:18:10,-72.38514,6.766876,-60.32423,148.93965,875.12555,0.02326828,84540.71269355134,132.0,S_2070
2024-05-11 19:18:11,-72.44776,6.767441,-60.38718,148.90468,875.10706,0.02329522,84728.36309911389,132.0,S_2070
2024-05-11 19:18:12,-72.5104,6.7680054,-60.44313,148.86272,875.13293,0.01765274,84875.8137186408,132.0,S_2070
2024-05-11 19:18:13,-72.57306,6.768585,-60.499084,148.82076,875.233,0.017673578,85023.37045776294,132.0,S_2070
2024-05-11 19:18:14,-72.63574,6.769165,-60.55504,148.7788,875.32745,0.013917125,85135.8386570374,132.0,S_2070
2024-05-11 19:18:15,-72.69844,6.76976,-60.603996,148.73682,875.34784,0.013935166,85255.20920792264,132.0,S_2070
2024-05-11 19:18:16,-72.761154,6.770355,-60.65995,148.69485,875.32745,0.011298285,85360.30682230263,132.0,S_2070
2024-05-11 19:18:17,-72.8239,6.7709656,-60.7159,148.6529,875.3182,0.011318914,85473.85707917508,132.0,S_2070
2024-05-11 19:18:18,-72.88665,6.771576,-60.77885,148.61093,875.3237,0.0064567155,85550.0268395364,132.0,S_2070
2024-05-11 19:18:19,-72.949425,6.7722015,-60.8348,148.56897,875.3107,0.001594517,85590.61738748477,132.0,S_2070
2024-05-11 19:18:20,-73.01222,6.7728424,-60.890755,148.52701,875.3052,0.0021210248,85634.43649789234,132.0,S_2070
2024-05-11 19:18:21,-73.07504,6.773468,-60.94671,148.49203,875.3719,0.0026475324,85681.3577891301,132.0,S_2070
2024-05-11 19:18:22,-73.13787,6.774124,-61.00266,148.45006,875.483,0.00317404,85730.08657452332,132.0,S_2070
2024-05-11 19:18:23,-73.20073,6.774765,-61.05162,148.4081,875.54047,0.0037005476,85781.32867526004,132.0,S_2070
2024-05-11 19:18:24,-73.2636,6.7754364,-61.10757,148.36613,875.53485,0.0042270552,85836.24560284102,132.0,S_2070
2024-05-11 19:18:25,-73.32649,6.7760925,-61.156532,148.32417,875.5145,0.004243983,85894.19486463483,132.0,S_2070
2024-05-11 19:18:26,-73.389404,6.776779,-61.21948,148.28221,875.5163,0.0056984033,85969.37774889286,132.0,S_2070
2024-05-11 19:18:27,-73.45234,6.7774506,-61.282425,148.24023,875.5145,0.0057195695,86040.4756572546,132.0,S_2070
2024-05-11 19:18:28,-73.51529,6.778137,-61.33838,148.19827,875.4959,0.01059456,86134.50088168257,132.0,S_2070
2024-05-11 19:18:29,-73.57826,6.778839,-61.387337,148.14932,875.52185,0.010614509,86230.86076953936,132.0,S_2070
2024-05-11 19:18:30,-73.64125,6.779541,-61.44329,148.11435,875.6238,0.017500902,86376.05419954447,132.0,S_2070
2024-05-11 19:18:31,-73.70426,6.780258,-61.49924,148.07239,875.7164,0.0175209,86524.34325309242,132.0,S_2070
2024-05-11 19:18:32,-73.76729,6.7809753,-61.555195,148.02342,875.7274,0.020352818,86689.6249191793,132.0,S_2070
2024-05-11 19:18:33,-73.83034,6.781708,-61.61115,147.98146,875.7089,0.023184737,86856.0978485786,132.0,S_2070
2024-05-11 19:18:34,-73.89341,6.78244,-61.660107,147.9395,875.7089,0.026016654,87058.38566795149,132.0,S_2070
2024-05-11 19:18:35,-73.9565,6.783188,-61.71606,147.89053,875.71265,0.028848574,87258.76421371878,132.0,S_2070
2024-05-11 19:18:36,-74.0196,6.7839355,-61.76502,147.84857,875.6978,0.03168049,87494.97887637137,132.0,S_2070
2024-05-11 19:18:37,-74.082726,6.784683,-61.820972,147.80661,875.69415,0.031688314,87757.87002191614,132.0,S_2070
2024-05-11 19:18:38,-74.145874,6.7854614,-61.88392,147.76465,875.7608,0.059008893,88189.02691960668,132.0,S_2070
2024-05-11 19:18:39,-74.20904,6.7862244,-61.939873,147.71568,875.87195,0.059032053,88653.50926753206,132.0,S_2070
2024-05-11 19:18:40,-74.272224,6.7870026,-62.00282,147.67372,875.9256,0.057032052,89022.01949576198,132.0,S_2070
2024-05-11 19:18:41,-74.33543,6.787796,-62.051777,147.63176,875.9145,0.05705331,89425.72859948374,132.0,S_2070
2024-05-11 19:18:42,-74.39865,6.7885895,-62.10773,147.58978,875.8978,0.037197456,89706.16201002173,132.0,S_2070
2024-05-11 19:18:43,-74.46189,6.789383,-62.163685,147.54083,875.90155,0.037219767,89982.47516265899,132.0,S_2070
2024-05-11 19:18:44,-74.525154,6.7901917,-62.219635,147.49887,875.9108,0.03129864,90200.67072855565,132.0,S_2070
2024-05-11 19:18:45,-74.58844,6.7910156,-62.268597,147.4499,875.9145,0.031317383,90434.6396282539,132.0,S_2070
2024-05-11 19:18:46,-74.65174,6.7918396,-62.324547,147.40794,875.9034,0.040617723,90737.81205882106,132.0,S_2070
2024-05-11 19:18:47,-74.71506,6.792679,-62.3805,147.35898,875.883,0.040638845,91036.48581181897,132.0,S_2070
2024-05-11 19:18:48,-74.778404,6.793518,-62.436455,147.31702,875.9108,0.04966723,91364.83914551679,132.0,S_2070
2024-05-11 19:18:49,-74.84176,6.7943573,-62.485413,147.26807,876.0127,0.0496867,91719.89078161634,132.0,S_2070
2024-05-11 19:18:50,-74.90514,6.795212,-62.541367,147.22609,876.1052,0.044838645,92051.10660796455,132.0,S_2070
2024-05-11 19:18:51,-74.96854,6.7960815,-62.597317,147.17714,876.1164,0.044860285,92383.03152969423,132.0,S_2070
2024-05-11 19:18:52,-75.03196,6.7969513,-62.65327,147.12817,876.0979,0.018251605,92533.69281936846,132.0,S_2070
2024-05-11 19:18:53,-75.09539,6.797821,-62.709225,147.08621,876.0979,0.0182719,92686.11003374826,132.0,S_2070
2024-05-11 19:18:54,-75.15885,6.798706,-62.76518,147.03725,876.10345,-0.011188582,92641.15987640421,132.0,S_2070
2024-05-11 19:18:55,-75.22233,6.799591,-62.82113,146.9883,876.0886,-0.011169505,92597.71989341258,132.0,S_2070
2024-05-11 19:18:56,-75.28582,6.8004913,-62.877083,146.94633,876.08307,-0.021481482,92483.02171882817,132.0,S_2070
2024-05-11 19:18:57,-75.349335,6.801407,-62.933037,146.89737,876.15155,-0.03179346,92299.75723458557,132.0,S_2070
2024-05-11 19:18:58,-75.41287,6.8023224,-62.988987,146.84842,876.2608,-0.04941362,92004.28924470354,132.0,S_2070
2024-05-11 19:18:59,-75.476425,6.803238,-63.04494,146.80644,876.3127,-0.0493954,91702.35194408908,132.0,S_2070
2024-05-11 19:19:00,-75.54,6.8041687,-63.100895,146.75749,876.3016,-0.05699827,91391.01578633706,132.0,S_2070
2024-05-11 19:19:01,-75.60392,6.804306,-63.149853,146.70853,876.2923,-0.056984514,91042.61908701633,132.0,S_2070
2024-05-11 19:19:02,-75.667854,6.804474,-63.205807,146.66656,876.296,-0.053863294,90710.92435927686,132.0,S_2070
2024-05-11 19:19:03,-75.73179,6.8046722,-63.26176,146.61761,876.2831,-0.05384705,90340.67930993636,132.0,S_2070
2024-05-11 19:19:04,-75.79573,6.8049164,-63.324707,146.56865,876.26636,-0.043180674,90084.57493269778,132.0,S_2070
2024-05-11 19:19:05,-75.85969,6.805176,-63.38066,146.51968,876.3016,-0.043161064,89825.47411797143,132.0,S_2070
2024-05-11 19:19:06,-75.92365,6.805481,-63.43661,146.47073,876.40344,-0.032674935,89660.15343193358,132.0,S_2070
2024-05-11 19:19:07,-75.987625,6.805832,-63.48557,146.42177,876.4942,-0.032656606,89468.28313786795,132.0,S_2070
2024-05-11 19:19:08,-76.0516,6.806198,-63.541523,146.37282,876.50714,-0.026381124,89324.8024920754,132.0,S_2070
2024-05-11 19:19:09,-76.115585,6.80661,-63.597477,146.33086,876.48676,-0.026359916,89177.7490818176,132.0,S_2070
2024-05-11 19:19:10,-76.17958,6.807068,-63.65343,146.28189,876.48303,-0.023669744,89046.21596935467,132.0,S_2070
2024-05-11 19:19:11,-76.24359,6.807541,-63.70938,146.22594,876.4905,-0.02364919,88918.60029986914,132.0,S_2070
2024-05-11 19:19:12,-76.3076,6.8080597,-63.765335,146.17697,876.49603,-0.017419573,88844.62166924364,132.0,S_2070
2024-05-11 19:19:13,-76.37162,6.808609,-63.814293,146.12802,876.48676,-0.017400691,88755.0166215743,132.0,S_2070
2024-05-11 19:19:14,-76.43565,6.809189,-63.870247,146.07906,876.46454,-0.0034612257,88761.83227039923,132.0,S_2070
2024-05-11 19:19:15,-76.49969,6.8098145,-63.9262,146.0301,876.46826,-0.0034399747,88771.26070394242,132.0,S_2070
2024-05-11 19:19:16,-76.563736,6.8104706,-63.97516,145.98114,876.5423,0.010512597,88868.23975665627,132.0,S_2070
2024-05-11 19:19:17,-76.627785,6.811157,-64.03111,145.93219,876.6516,0.010533613,88968.52993802763,132.0,S_2070
2024-05-11 19:19:18,-76.69185,6.8118744,-64.08707,145.88322,876.7016,0.0017209967,89009.92599817914,132.0,S_2070
2024-05-11 19:19:19,-76.75592,6.8126373,-64.14302,145.83427,876.6905,0.0017448129,89051.68612917789,132.0,S_2070
2024-05-11 19:19:20,-76.82,6.813431,-64.19897,145.77832,876.6813,-0.026959099,88902.19120675429,132.0,S_2070
2024-05-11 19:19:21,-76.88409,6.8142548,-64.25492,145.72935,876.68494,-0.026936177,88767.87999574275,132.0,S_2070
2024-05-11 19:19:22,-76.94818,6.8151245,-64.30388,145.6734,876.67566,-0.05677194,88416.32742558498,132.0,S_2070
2024-05-11 19:19:23,-77.01229,6.8160095,-64.35983,145.62445,876.672,-0.05674787,88060.37911159432,132.0,S_2070
2024-05-11 19:19:24,-77.0764,6.8169403,-64.41579,145.5685,876.722,-0.07979163,87616.33106092832,132.0,S_2070
2024-05-11 19:19:25,-77.14052,6.817917,-64.464745,145.51953,876.81274,-0.079771675,87111.01249774476,132.0,S_2070
2024-05-11 19:19:26,-77.20465,6.8189087,-64.5207,145.47057,876.8812,-0.07849822,86617.50792561498,132.0,S_2070
2024-05-11 19:19:27,-77.26879,6.8199463,-64.57665,145.42162,876.8924,-0.077224776,86122.93690246034,132.0,S_2070
2024-05-11 19:19:28,-77.33293,6.8210144,-64.63261,145.36566,876.87756,-0.07595132,85647.22744241846,132.0,S_2070
2024-05-11 19:19:29,-77.39709,6.8221283,-64.68856,145.3167,876.8739,-0.07467787,85223.21283172906,132.0,S_2070
2024-05-11 19:19:30,-77.46125,6.8232727,-64.73752,145.26074,876.8794,-0.07340442,84761.51094899353,132.0,S_2070
2024-05-11 19:19:31,-77.52542,6.8244324,-64.79347,145.21179,876.88495,-0.07213097,84302.06087040107,132.0,S_2070
2024-05-11 19:19:32,-77.5896,6.825653,-64.84943,145.15584,876.8757,-0.07085752,83852.05274292457,132.0,S_2070
2024-05-11 19:19:33,-77.653786,6.826889,-64.90537,145.09988,876.8535,-0.07083604,83350.9624843312,132.0,S_2070
2024-05-11 19:19:34,-77.71799,6.828171,-64.96832,145.04393,876.8572,-0.039631754,83120.73973682981,132.0,S_2070
2024-05-11 19:19:35,-77.78219,6.829483,-65.02428,144.99498,876.9313,-0.039608557,82910.28497597261,132.0,S_2070
2024-05-11 19:19:36,-77.8464,6.830841,-65.073235,144.93903,877.0405,-0.03823665,82683.07966063966,132.0,S_2070
2024-05-11 19:19:37,-77.91062,6.8322144,-65.12919,144.89006,877.09235,-0.038209803,82454.06251020121,132.0,S_2070
2024-05-11 19:19:38,-77.97485,6.8336334,-65.18514,144.8341,877.08124,-0.054372516,82116.35173412651,132.0,S_2070
2024-05-11 19:19:39,-78.039085,6.835083,-65.2411,144.77815,877.06647,-0.05434396,81855.27598852261,132.0,S_2070
2024-05-11 19:19:40,-78.10333,6.8365784,-65.28306,144.7222,877.0702,-0.061174706,81465.40565324666,132.0,S_2070
2024-05-11 19:19:41,-78.16759,6.8381042,-65.33901,144.66624,877.0776,-0.06114789,81082.15433992467,132.0,S_2070
2024-05-11 19:19:42,-78.23185,6.8396606,-65.394966,144.61029,877.0776,-0.061198816,80705.9056338453,132.0,S_2070
2024-05-11 19:19:43,-78.29612,6.8412476,-65.45092,144.56134,877.0591,-0.061171107,80322.15594092547,132.0,S_2070
2024-05-11 19:19:44,-78.3604,6.842865,-65.50687,144.50539,877.04425,-0.055092245,79980.14022213253,132.0,S_2070
2024-05-11 19:19:45,-78.42469,6.844528,-65.56282,144.44943,877.07947,-0.055060875,79638.4380785444,132.0,S_2070
2024-05-11 19:19:46,-78.48898,6.846222,-65.618774,144.39348,877.1831,-0.04696788,79345.39869937363,132.0,S_2070
2024-05-11 19:19:47,-78.55328,6.8479614,-65.67473,144.33054,877.272,-0.04535666,79075.23671254396,132.0,S_2070
2024-05-11 19:19:48,-78.6176,6.849716,-65.73068,144.28157,877.285,-0.043745443,78809.5579243612,132.0,S_2070
2024-05-11 19:19:49,-78.68192,6.8515167,-65.78664,144.22562,877.2665,-0.043715175,78569.76890839853,132.0,S_2070
2024-05-11 19:19:50,-78.74625,6.853363,-65.835594,144.16267,877.2609,-0.04194059,78344.44327894965,132.0,S_2070
2024-05-11 19:19:51,-78.810585,6.8552246,-65.88455,144.10672,877.2683,-0.04191477,78118.73617080455,132.0,S_2070
2024-05-11 19:19:52,-78.87493,6.857132,-65.93351,144.05077,877.27386,-0.0379365,77862.31303903405,132.0,S_2070
2024-05-11 19:19:53,-78.939285,6.85907,-65.99646,143.99481,877.2665,-0.03790456,77635.3140568358,132.0,S_2070
2024-05-11 19:19:54,-79.00365,6.861038,-66.052414,143.93187,877.2424,-0.035865493,77424.37072173023,132.0,S_2070
2024-05-11 19:19:55,-79.06802,6.8630524,-66.10836,143.87592,877.24615,-0.035837464,77238.66144054681,132.0,S_2070
2024-05-11 19:19:56,-79.1324,6.865097,-66.157326,143.81996,877.322,-0.037864137,77037.7187641219,132.0,S_2070
2024-05-11 19:19:57,-79.196785,6.8671722,-66.20628,143.764,877.43134,-0.03783943,76805.1910428598,132.0,S_2070
2024-05-11 19:19:58,-79.261185,6.869278,-66.26224,143.70107,877.4813,-0.040486436,76563.3754728743,132.0,S_2070
2024-05-11 19:19:59,-79.325584,6.8714294,-66.318184,143.64511,877.4702,-0.040454283,76316.22943522602,132.0,S_2070
2024-05-11 19:20:00,-79.39,6.8736115,-66.37414,143.58217,877.4554,-0.04041603,76074.98456496843,132.0,S_2070
2024-05-11 19:20:01,-79.45704,6.8770447,-66.43009,143.52621,877.45905,-0.04038378,75862.38486298874,132.0,S_2070
2024-05-11 19:20:02,-79.524,6.880478,-66.47905,143.47026,877.4665,-0.035998594,75642.83173195782,132.0,S_2070
2024-05-11 19:20:03,-79.59089,6.883896,-66.535,143.4073,877.47205,-0.035966422,75457.47900472107,132.0,S_2070
2024-05-11 19:20:04,-79.657684,6.887314,-66.58396,143.35135,877.46094,-0.03596737,75238.29006009824,132.0,S_2070
2024-05-11 19:20:05,-79.72441,6.890732,-66.639915,143.2884,877.44055,-0.03593755,75023.10312417097,132.0,S_2070
2024-05-11 19:20:06,-79.791046,6.8941345,-66.69587,143.22546,877.4683,-0.035287052,74812.43178595502,132.0,S_2070
2024-05-11 19:20:07,-79.857605,6.897522,-66.75182,143.16252,877.5702,-0.0352543,74602.04489336106,132.0,S_2070
2024-05-11 19:20:08,-79.92409,6.9009094,-66.80778,143.09956,877.66284,-0.030790832,74425.85188955923,132.0,S_2070
2024-05-11 19:20:09,-79.990486,6.904297,-66.86373,143.04361,877.6757,-0.030761827,74267.36351890737,132.0,S_2070
2024-05-11 19:20:10,-80.0568,6.9076843,-66.91269,142.98067,877.6554,-0.03512375,74059.09524996337,132.0,S_2070
2024-05-11 19:20:11,-80.12304,6.9110413,-66.96864,142.92471,877.6517,-0.03509397,73849.50557188327,132.0,S_2070
2024-05-11 19:20:12,-80.1892,6.9144135,-67.02459,142.86177,877.6572,-0.03756115,73623.7409524546,132.0,S_2070
2024-05-11 19:20:13,-80.25527,6.9177704,-67.08054,142.79883,877.6572,-0.037527423,73424.78901542361,132.0,S_2070
2024-05-11 19:20:14,-80.32127,6.921112,-67.1295,142.73587,877.6554,-0.031875145,73230.75217910313,132.0,S_2070
2024-05-11 19:20:15,-80.387184,6.9244537,-67.185455,142.66594,877.6591,-0.031845383,73044.71564303835,132.0,S_2070
2024-05-11 19:20:16,-80.45302,6.9277954,-67.24141,142.60298,877.66095,-0.031100819,72885.21618017681,132.0,S_2070
2024-05-11 19:20:17,-80.518776,6.931122,-67.29037,142.54004,877.6442,-0.031071203,72722.85925294014,132.0,S_2070
2024-05-11 19:20:18,-80.58445,6.9344482,-67.339325,142.4771,877.64056,-0.03478746,72513.27838348263,132.0,S_2070
2024-05-11 19:20:19,-80.65004,6.9377747,-67.39528,142.41414,877.7091,-0.034757946,72307.06823622213,132.0,S_2070
2024-05-11 19:20:20,-80.71555,6.941086,-67.45123,142.3512,877.81836,-0.039666496,72067.55953883822,132.0,S_2070
2024-05-11 19:20:21,-80.78098,6.9443817,-67.50719,142.28825,877.8721,-0.039633498,71856.44743904573,132.0,S_2070
2024-05-11 19:20:22,-80.84634,6.9476776,-67.556145,142.22531,877.86096,-0.052586745,71519.76732169544,132.0,S_2070
2024-05-11 19:20:23,-80.911606,6.9509735,-67.6121,142.15536,877.8443,-0.05255056,71193.60061926793,132.0,S_2070
2024-05-11 19:20:24,-80.9768,6.954254,-67.66805,142.09242,877.8443,-0.06594769,70822.79366722355,132.0,S_2070
2024-05-11 19:20:25,-81.04191,6.957535,-67.71701,142.02946,877.8517,-0.06591362,70402.47924067991,132.0,S_2070
2024-05-11 19:20:26,-81.10693,6.9608,-67.772964,141.96652,877.85724,-0.06894441,69956.48220153329,132.0,S_2070
2024-05-11 19:20:27,-81.17188,6.9640656,-67.82892,141.89658,877.84985,-0.06890284,69511.62820732131,132.0,S_2070
2024-05-11 19:20:28,-81.236755,6.9673157,-67.884865,141.82664,877.8313,-0.07067075,69113.3269030871,132.0,S_2070
2024-05-11 19:20:29,-81.30154,6.970581,-67.93383,141.76369,877.85724,-0.07063331,68702.42548259207,132.0,S_2070
2024-05-11 19:20:30,-81.36625,6.973816,-67.98279,141.69376,877.9573,-0.05345703,68367.7489494076,132.0,S_2070
2024-05-11 19:20:31,-81.43087,6.977051,-68.03874,141.6308,878.05176,-0.053417,68029.66281215822,132.0,S_2070
2024-05-11 19:20:32,-81.49542,6.9802856,-68.09469,141.56087,878.0739,-0.041881546,67771.69368958652,132.0,S_2070
2024-05-11 19:20:33,-81.55988,6.9835052,-68.15064,141.49092,878.0536,-0.041846722,67518.98595548219,132.0,S_2070
2024-05-11 19:20:34,-81.62427,6.986725,-68.2066,141.42798,878.04065,-0.048029438,67251.89799030208,132.0,S_2070
2024-05-11 19:20:35,-81.688576,6.9899445,-68.255554,141.35803,878.0443,-0.046124406,66994.2402932935,132.0,S_2070
2024-05-11 19:20:36,-81.7528,6.993149,-68.30451,141.28809,878.0462,-0.04421937,66717.53840427587,132.0,S_2070
2024-05-11 19:20:37,-81.81694,6.996338,-68.360466,141.21815,878.0462,-0.04418403,66444.22920224635,132.0,S_2070
2024-05-11 19:20:38,-81.881004,6.999527,-68.41642,141.14821,878.048,-0.052101914,66122.6223706053,132.0,S_2070
2024-05-11 19:20:39,-81.944984,7.002716,-68.472374,141.08527,878.04987,-0.05237831,65822.13892323065,132.0,S_2070
2024-05-11 19:20:40,-82.00889,7.00589,-68.52133,141.00833,878.03687,-0.052654706,65525.44775097568,132.0,S_2070
2024-05-11 19:20:41,-82.07271,7.0090637,-68.57029,140.93839,878.0332,-0.05261604,65228.53261122115,132.0,S_2070
2024-05-11 19:20:42,-82.136444,7.0122223,-68.61925,140.86844,878.0851,-0.056137603,64870.69520754318,132.0,S_2070
2024-05-11 19:20:43,-82.2001,7.015381,-68.6752,140.79851,878.17584,-0.056096073,64516.30871253756,132.0,S_2070
2024-05-11 19:20:44,-82.26369,7.0185394,-68.731155,140.72856,878.2443,-0.05967978,64179.410941966315,132.0,S_2070
2024-05-11 19:20:45,-82.32719,7.0216827,-68.78011,140.65862,878.25354,-0.05964048,63797.984924209624,132.0,S_2070
2024-05-11 19:20:46,-82.3906,7.024826,-68.83607,140.58868,878.2388,-0.05245835,63462.59368646992,132.0,S_2070
2024-05-11 19:20:47,-82.45394,7.027954,-68.89202,140.51175,878.23694,-0.048787374,63159.37137700597,132.0,S_2070
2024-05-11 19:20:48,-82.5172,7.031082,-68.947975,140.4418,878.2406,-0.045082547,62906.75622654966,132.0,S_2070
2024-05-11 19:20:49,-82.580376,7.034195,-68.99693,140.36487,878.2406,-0.044010304,62664.3788888094,132.0,S_2070
2024-05-11 19:20:50,-82.64347,7.0373077,-69.04589,140.29492,878.2406,-0.043360353,62394.98002608858,132.0,S_2070
2024-05-11 19:20:51,-82.70648,7.0404053,-69.101845,140.22499,878.2462,-0.04410446,62118.410817711614,132.0,S_2070
2024-05-11 19:20:52,-82.76942,7.043503,-69.1578,140.14806,878.2388,-0.04753911,61857.77454049319,132.0,S_2070
2024-05-11 19:20:53,-82.832275,7.0466003,-69.20676,140.07811,878.21655,-0.06145678,61457.89857888037,132.0,S_2070
2024-05-11 19:20:54,-82.89505,7.0496826,-69.26271,140.00117,878.2203,-0.058752388,61080.58903081082,132.0,S_2070
2024-05-11 19:20:55,-82.95774,7.052765,-69.318665,139.92424,878.2962,-0.058708053,60703.80706531624,132.0,S_2070
2024-05-11 19:20:56,-83.020355,7.055832,-69.37461,139.8473,878.4036,-0.06941846,60300.92432821903,132.0,S_2070
2024-05-11 19:20:57,-83.082886,7.058899,-69.42358,139.77037,878.45544,-0.06937356,59904.44055539943,132.0,S_2070
2024-05-11 19:20:58,-83.14533,7.0619507,-69.472534,139.70042,878.4425,-0.068449445,59504.47663944824,132.0,S_2070
2024-05-11 19:20:59,-83.2077,7.0650024,-69.52149,139.62349,878.4295,-0.06752533,59064.20020266563,132.0,S_2070
2024-05-11 19:21:00,-83.27,7.068054,-69.577446,139.54655,878.4332,-0.058485873,58689.7122813079,132.0,S_2070
2024-05-11 19:21:01,-83.34737,7.0302734,-69.6334,139.46962,878.43506,-0.05844073,58356.314635719245,132.0,S_2070
2024-05-11 19:21:02,-83.42414,6.993866,-69.68236,139.39268,878.43506,-0.0517966,58061.43351951163,132.0,S_2070
2024-05-11 19:21:03,-83.50032,6.958847,-69.731316,139.31575,878.43884,-0.05175513,57760.04994352594,132.0,S_2070
2024-05-11 19:21:04,-83.575905,6.925186,-69.78027,139.23183,878.4425,-0.04806633,57455.7934676031,132.0,S_2070
2024-05-11 19:21:05,-83.6509,6.892914,-69.83623,139.15489,878.4332,-0.048022434,57154.37468682729,132.0,S_2070
2024-05-11 19:21:06,-83.725296,6.86203,-69.89218,139.07796,878.4147,-0.0485858,56849.20029040325,132.0,S_2070
2024-05-11 19:21:07,-83.7991,6.8325043,-69.948135,139.00102,878.4425,-0.048541706,56578.29919033282,132.0,S_2070
2024-05-11 19:21:08,-83.87231,6.804367,-69.99709,138.92409,878.5425,-0.050907344,56283.2236584506,132.0,S_2070
2024-05-11 19:21:09,-83.94492,6.777603,-70.04605,138.84015,878.63513,-0.053272985,55943.71168872455,132.0,S_2070
2024-05-11 19:21:10,-84.016945,6.7522125,-70.102005,138.76321,878.6481,-0.055638622,55583.950492744196,132.0,S_2070
2024-05-11 19:21:11,-84.08836,6.728195,-70.15796,138.67929,878.6277,-0.05559331,55225.30824917804,132.0,S_2070
2024-05-11 19:21:12,-84.159195,6.7055664,-70.213905,138.59535,878.62213,-0.047101725,54958.55119611422,132.0,S_2070
2024-05-11 19:21:13,-84.22943,6.684311,-70.26287,138.51143,878.6277,-0.04706077,54695.28790263912,132.0,S_2070
2024-05-11 19:21:14,-84.29907,6.6644287,-70.31183,138.4345,878.63135,-0.06073772,54347.03517779909,132.0,S_2070
2024-05-11 19:21:15,-84.368126,6.645935,-70.36079,138.35756,878.63135,-0.060692064,53949.85396176649,132.0,S_2070
2024-05-11 19:21:16,-84.43658,6.6287994,-70.41674,138.27364,878.6296,-0.069071695,53497.90489455631,132.0,S_2070
2024-05-11 19:21:17,-84.50443,6.6130524,-70.47269,138.1897,878.6296,-0.06902046,53093.946415309176,132.0,S_2070
2024-05-11 19:21:18,-84.5717,6.598694,-70.52165,138.10577,878.63324,-0.061876014,52732.25918719474,132.0,S_2070
2024-05-11 19:21:19,-84.63837,6.5856934,-70.57061,138.02184,878.63324,-0.061829578,52328.503826754226,132.0,S_2070
2024-05-11 19:21:20,-84.704445,6.5740814,-70.626564,137.93791,878.6203,-0.05638669,51965.896692399445,132.0,S_2070
2024-05-11 19:21:21,-84.76992,6.563843,-70.68251,137.85399,878.6184,-0.056338686,51635.17198764757,132.0,S_2070
2024-05-11 19:21:22,-84.83481,6.5549774,-70.731476,137.76306,878.66846,-0.04848389,51359.00417415731,132.0,S_2070
2024-05-11 19:21:23,-84.8991,6.5474854,-70.78043,137.67912,878.7592,-0.048440203,51082.69486317555,132.0,S_2070
2024-05-11 19:21:24,-84.9628,6.541382,-70.82939,137.5952,878.8296,-0.04659435,50785.9279710922,132.0,S_2070
2024-05-11 19:21:25,-85.0259,6.5366516,-70.885345,137.51128,878.8388,-0.04654865,50524.71578881712,132.0,S_2070
2024-05-11 19:21:26,-85.08841,6.5332947,-70.9343,137.42734,878.824,-0.05133583,50224.18399113122,132.0,S_2070
2024-05-11 19:21:27,-85.15032,6.531311,-70.98326,137.33643,878.8203,-0.051290922,49889.85435490371,132.0,S_2070
2024-05-11 19:21:28,-85.21165,6.530716,-71.039215,137.2455,878.82587,-0.049402,49611.83532127448,132.0,S_2070
2024-05-11 19:21:29,-85.27237,6.531494,-71.08817,137.16156,878.82587,-0.049357675,49290.94715019665,132.0,S_2070
2024-05-11 19:21:30,-85.3325,6.5336456,-71.14413,137.07065,878.824,-0.04753082,49018.95979798229,132.0,S_2070
2024-05-11 19:21:31,-85.39204,6.5371857,-71.193085,136.97972,878.82214,-0.047487084,48744.51284613311,132.0,S_2070
2024-05-11 19:21:32,-85.45098,6.5420837,-71.24204,136.8888,878.82587,-0.049864538,48421.13155450681,132.0,S_2070
2024-05-11 19:21:33,-85.50932,6.5483704,-71.298,136.79787,878.8314,-0.049817484,48141.34267590282,132.0,S_2070
2024-05-11 19:21:34,-85.56708,6.5560303,-71.346954,136.71394,878.8296,-0.04616074,47843.791565282845,132.0,S_2070
2024-05-11 19:21:35,-85.62424,6.5650787,-71.40291,136.62302,878.81104,-0.046114303,47581.703434406474,132.0,S_2070
2024-05-11 19:21:36,-85.6808,6.5755005,-71.451866,136.53209,878.8073,-0.04607343,47317.15529258754,132.0,S_2070
2024-05-11 19:21:37,-85.73677,6.5872803,-71.500824,136.44118,878.8777,-0.046032555,47053.01847565003,132.0,S_2070
2024-05-11 19:21:38,-85.792145,6.600464,-71.54978,136.35025,878.987,-0.053201634,46743.62187011012,132.0,S_2070
2024-05-11 19:21:39,-85.846924,6.6150055,-71.59874,136.25932,879.0407,-0.053157598,46392.17002093297,132.0,S_2070
2024-05-11 19:21:40,-85.90111,6.6309357,-71.65469,136.1614,879.0278,-0.05307175,46051.119197292435,132.0,S_2070
2024-05-11 19:21:41,-85.954704,6.648239,-71.71065,136.07048,879.01294,-0.053023018,45773.8848662112,132.0,S_2070
2024-05-11 19:21:42,-86.0077,6.666916,-71.75262,135.97256,879.0148,-0.04757047,45498.57910551631,132.0,S_2070
2024-05-11 19:21:43,-86.060104,6.686966,-71.801575,135.88164,879.0203,-0.04752431,45188.03260715507,132.0,S_2070
2024-05-11 19:21:44,-86.11191,6.7084045,-71.85753,135.78372,879.0203,-0.049314704,44868.437177160085,132.0,S_2070
2024-05-11 19:21:45,-86.163124,6.7312164,-71.913475,135.6858,879.01843,-0.049266346,44588.690749254965,132.0,S_2070
2024-05-11 19:21:46,-86.213745,6.7554016,-71.96244,135.59488,879.01843,-0.06565301,44194.33737483451,132.0,S_2070
2024-05-11 19:21:47,-86.26377,6.78096,-72.0114,135.49696,879.01843,-0.065602064,43801.16006786417,132.0,S_2070
2024-05-11 19:21:48,-86.3132,6.807907,-72.060356,135.39905,879.01843,-0.06377091,43420.008422907704,132.0,S_2070
2024-05-11 19:21:49,-86.36204,6.8362274,-72.109314,135.30113,879.0203,-0.063717805,43039.46485607113,132.0,S_2070
2024-05-11 19:21:50,-86.41028,6.865921,-72.15827,135.20322,879.024,-0.048487272,42723.927085671035,132.0,S_2070
2024-05-11 19:21:51,-86.457924,6.896988,-72.214226,135.1053,879.0166,-0.04843996,42444.60281164537,132.0,S_2070
2024-05-11 19:21:52,-86.50498,6.9294434,-72.26318,135.00739,878.9944,-0.048395533,42130.07494283875,132.0,S_2070
2024-05-11 19:21:53,-86.55144,6.963272,-72.31914,134.90945,878.99994,-0.04834832,41851.748278800194,132.0,S_2070
2024-05-11 19:21:54,-86.5973,6.998474,-72.368095,134.81154,879.074,-0.04591154,41580.58289978861,132.0,S_2070
2024-05-11 19:21:55,-86.64257,7.0350494,-72.41705,134.70663,879.1833,-0.045867857,41316.20618306266,132.0,S_2070
2024-05-11 19:21:56,-86.68725,7.0730133,-72.46601,134.60872,879.23334,-0.043408386,41067.125095026466,132.0,S_2070
2024-05-11 19:21:57,-86.73132,7.1123505,-72.51497,134.5108,879.22217,-0.04336261,40813.09992278111,132.0,S_2070
2024-05-11 19:21:58,-86.77481,7.153061,-72.563934,134.40588,879.2092,-0.04456255,40552.09621157242,132.0,S_2070
2024-05-11 19:21:59,-86.8177,7.1951447,-72.61289,134.30098,879.21106,-0.044519212,40261.77184322268,132.0,S_2070
2024-05-11 19:22:00,-86.86,7.238617,-72.66884,134.19606,879.2147,-0.04504373,39970.68709119095,132.0,S_2070
2024-05-11 19:22:01,-86.92301,7.3213196,-72.72479,134.09116,879.2147,-0.044996906,39710.31456120767,132.0,S_2070
2024-05-11 19:22:02,-86.9847,7.404114,-72.77375,133.98624,879.21295,-0.04259221,39462.87321006288,132.0,S_2070
2024-05-11 19:22:03,-87.045074,7.4869995,-72.822716,133.88133,879.21295,-0.042549703,39215.91374416753,132.0,S_2070
2024-05-11 19:22:04,-87.10413,7.569992,-72.87167,133.77641,879.2147,-0.04193445,38973.12363560079,132.0,S_2070
2024-05-11 19:22:05,-87.16187,7.653061,-72.92063,133.67151,879.2147,-0.04189267,38730.77240176065,132.0,S_2070
2024-05-11 19:22:06,-87.2183,7.7362366,-72.96959,133.56659,879.21295,-0.047201693,38454.372585422956,132.0,S_2070
2024-05-11 19:22:07,-87.27341,7.819504,-73.01855,133.46169,879.21295,-0.047154758,38172.64366548227,132.0,S_2070
2024-05-11 19:22:08,-87.3272,7.9028625,-73.067505,133.34978,879.2147,-0.047130045,37897.67381199752,132.0,S_2070
2024-05-11 19:22:09,-87.37968,7.986313,-73.11646,133.24486,879.2185,-0.047086377,37616.82842901247,132.0,S_2070
2024-05-11 19:22:10,-87.43083,8.069855,-73.16543,133.13295,879.21295,-0.045298163,37348.546663528614,132.0,S_2070
2024-05-11 19:22:11,-87.480675,8.153488,-73.214386,133.02106,879.1981,-0.045255374,37080.74957600952,132.0,S_2070
2024-05-11 19:22:12,-87.5292,8.237228,-73.26334,132.90915,879.2185,-0.04938925,36758.695405660896,132.0,S_2070
2024-05-11 19:22:13,-87.57641,8.32106,-73.3193,132.80423,879.2981,-0.049342662,36460.68017169423,132.0,S_2070
2024-05-11 19:22:14,-87.6223,8.404968,-73.368256,132.68533,879.3852,-0.05173239,36117.403983381286,132.0,S_2070
2024-05-11 19:22:15,-87.66688,8.488983,-73.42421,132.57343,879.4241,-0.0516864,35811.35921082461,132.0,S_2070
2024-05-11 19:22:16,-87.71014,8.573105,-73.47317,132.46152,879.4148,-0.045082252,35574.656783713566,132.0,S_2070
2024-05-11 19:22:17,-87.752075,8.657303,-73.51513,132.34961,879.4037,-0.0450409,35306.86751624066,132.0,S_2070
2024-05-11 19:22:18,-87.7927,8.741592,-73.56409,132.23772,879.40735,-0.046023592,35065.061436471486,132.0,S_2070
2024-05-11 19:22:19,-87.83201,8.825989,-73.60606,132.12581,879.40924,-0.04598103,34785.94707273596,132.0,S_2070
2024-05-11 19:22:20,-87.87,8.910461,-73.655014,132.0069,879.40924,-0.0542283,34426.119772490994,132.0,S_2070
2024-05-11 19:22:21,-87.90668,8.995041,-73.71097,131.895,879.40735,-0.054176413,34098.819908010686,132.0,S_2070
2024-05-11 19:22:22,-87.94203,9.079712,-73.759926,131.7761,879.40735,-0.053663418,33737.68746174411,132.0,S_2070
2024-05-11 19:22:23,-87.976074,9.1644745,-73.81588,131.6572,879.40924,-0.05361104,33415.318640315294,132.0,S_2070
2024-05-11 19:22:24,-88.0088,9.249344,-73.86484,131.5383,879.40924,-0.049771238,33115.82735380228,132.0,S_2070
2024-05-11 19:22:25,-88.04021,9.33429,-73.913795,131.4194,879.40924,-0.045931436,32870.88509406388,132.0,S_2070
2024-05-11 19:22:26,-88.0703,9.419342,-73.95576,131.30049,879.40735,-0.032698303,32681.514579566796,132.0,S_2070
2024-05-11 19:22:27,-88.099075,9.504471,-74.004715,131.1816,879.40924,-0.032660205,32495.236743556226,132.0,S_2070
2024-05-11 19:22:28,-88.12653,9.589706,-74.05368,131.0627,879.41296,-0.019858282,32390.812126530338,132.0,S_2070
2024-05-11 19:22:29,-88.15267,9.675034,-74.10264,130.9368,879.40735,-0.019823523,32289.66701134827,132.0,S_2070
2024-05-11 19:22:30,-88.1775,9.760452,-74.151596,130.8179,879.3944,-0.013780556,32226.003694843967,132.0,S_2070
2024-05-11 19:22:31,-88.201004,9.845978,-74.200554,130.69202,879.41296,-0.013745361,32163.18428514008,132.0,S_2070
2024-05-11 19:22:32,-88.2232,9.93158,-74.24951,130.56612,879.49255,-0.023358356,32039.149153823095,132.0,S_2070
2024-05-11 19:22:33,-88.24407,10.017288,-74.29847,130.44722,879.57965,-0.027254358,31885.957587353056,132.0,S_2070
2024-05-11 19:22:34,-88.26363,10.103073,-74.34743,130.32132,879.6185,-0.03115036,31707.56831293325,132.0,S_2070
2024-05-11 19:22:35,-88.281876,10.188965,-74.396385,130.19543,879.60925,-0.031108417,31529.590833193208,132.0,S_2070
2024-05-11 19:22:36,-88.2988,10.274948,-74.44535,130.06953,879.6,-0.03103605,31352.28301724943,132.0,S_2070
2024-05-11 19:22:37,-88.31441,10.361023,-74.49431,129.94363,879.6018,-0.030993572,31171.69325678736,132.0,S_2070
2024-05-11 19:22:38,-88.3287,10.447189,-74.54327,129.81075,879.6037,-0.026772581,31040.31339450758,132.0,S_2070
2024-05-11 19:22:39,-88.341675,10.533463,-74.58523,129.68486,879.6037,-0.02673453,30906.061400103834,132.0,S_2070
2024-05-11 19:22:40,-88.35333,10.619812,-74.6272,129.55896,879.6037,-0.018901141,30792.478877611,132.0,S_2070
2024-05-11 19:22:41,-88.36367,10.706268,-74.68314,129.42607,879.6037,-0.018861651,30697.3114811872,132.0,S_2070
2024-05-11 19:22:42,-88.372696,10.792816,-74.73211,129.29318,879.6037,-0.021236248,30599.55179088097,132.0,S_2070
2024-05-11 19:22:43,-88.38041,10.879456,-74.77407,129.1673,879.6037,-0.025923759,30451.370073380083,132.0,S_2070
2024-05-11 19:22:44,-88.386795,10.966187,-74.82303,129.03441,879.6037,-0.030611271,30251.82460855687,132.0,S_2070
2024-05-11 19:22:45,-88.39188,11.053009,-74.87898,128.89452,879.6037,-0.030567633,30098.179879537944,132.0,S_2070
2024-05-11 19:22:46,-88.39563,11.139938,-74.920944,128.76164,879.6037,-0.031129055,29916.17460026982,132.0,S_2070
2024-05-11 19:22:47,-88.39807,11.226944,-74.9699,128.62875,879.6018,-0.031690475,29752.88323955502,132.0,S_2070
2024-05-11 19:22:48,-88.3992,11.314056,-75.01187,128.49586,879.6037,-0.02898235,29582.125415874747,132.0,S_2070
2024-05-11 19:22:49,-88.39901,11.40126,-75.06083,128.35597,879.60925,-0.026274227,29433.0773715891,132.0,S_2070
2024-05-11 19:22:50,-88.3975,11.488556,-75.10979,128.2161,879.6018,-0.029062403,29268.670014034324,132.0,S_2070
2024-05-11 19:22:51,-88.39468,11.575943,-75.158745,128.0832,879.57965,-0.02901667,29100.805206870842,132.0,S_2070
2024-05-11 19:22:52,-88.39053,11.663422,-75.2077,127.94332,879.5833,-0.034309115,28897.859484362853,132.0,S_2070
2024-05-11 19:22:53,-88.38507,11.751007,-75.25667,127.803444,879.65735,-0.034260947,28712.054194557895,132.0,S_2070
2024-05-11 19:22:54,-88.378296,11.838669,-75.29863,127.65656,879.76666,-0.02958721,28539.37749412951,132.0,S_2070
2024-05-11 19:22:55,-88.37021,11.926437,-75.34759,127.516685,879.8167,-0.027900739,28380.25262661287,132.0,S_2070
2024-05-11 19:22:56,-88.360794,12.0142975,-75.396545,127.3768,879.80554,-0.026214266,28248.786208641115,132.0,S_2070
2024-05-11 19:22:57,-88.350075,12.102249,-75.438515,127.236916,879.7926,-0.024527796,28107.25769179016,132.0,S_2070
2024-05-11 19:22:58,-88.33803,12.190292,-75.48747,127.09004,879.7963,-0.025646815,27976.877591194883,132.0,S_2070
2024-05-11 19:22:59,-88.32467,12.278442,-75.529434,126.94317,879.8,-0.025603244,27828.840444003996,132.0,S_2070
2024-05-11 19:23:00,-88.31,12.366669,-75.57839,126.79629,879.7981,-0.02650537,27677.34962867163,132.0,S_2070
2024-05-11 19:23:01,-88.25705,12.500137,-75.62735,126.649414,879.7981,-0.027407497,27519.87376681762,132.0,S_2070
2024-05-11 19:23:02,-88.20403,12.632156,-75.67631,126.50253,879.7981,-0.026181098,27386.852674060672,132.0,S_2070
2024-05-11 19:23:03,-88.15096,12.762741,-75.71828,126.35566,879.7981,-0.024763543,27257.10542335415,132.0,S_2070
2024-05-11 19:23:04,-88.09782,12.891907,-75.76024,126.20179,879.7981,-0.023345988,27139.95245181892,132.0,S_2070
2024-05-11 19:23:05,-88.04462,13.019623,-75.80221,126.05492,879.7981,-0.021928431,27015.220327856256,132.0,S_2070
2024-05-11 19:23:06,-87.99135,13.145905,-75.851166,125.90104,879.7981,-0.020510877,26903.442771678856,132.0,S_2070
2024-05-11 19:23:07,-87.93802,13.270737,-75.90012,125.74717,879.7981,-0.020466091,26794.42425882365,132.0,S_2070
2024-05-11 19:23:08,-87.88462,13.39415,-75.94908,125.600296,879.7981,-0.023969483,26669.96761268174,132.0,S_2070
2024-05-11 19:23:09,-87.83116,13.516129,-75.99104,125.43943,879.7981,-0.023922501,26547.61076836801,132.0,S_2070
2024-05-11 19:23:10,-87.77763,13.636658,-76.03301,125.28556,879.7981,-0.023352152,26428.44120217509,132.0,S_2070
2024-05-11 19:23:11,-87.724045,13.755753,-76.074974,125.13169,879.7981,-0.023308465,26292.915587212425,132.0,S_2070
2024-05-11 19:23:12,-87.670395,13.873413,-76.12393,124.970825,879.7981,-0.021585086,26172.546858692163,132.0,S_2070
2024-05-11 19:23:13,-87.616684,13.989655,-76.17289,124.80996,879.7981,-0.021541221,26055.05370794471,132.0,S_2070
2024-05-11 19:23:14,-87.562904,14.104431,-76.221855,124.65609,879.7963,-0.018004268,25970.002344168937,132.0,S_2070
2024-05-11 19:23:15,-87.509056,14.217789,-76.26382,124.495224,879.7963,-0.015865821,25896.70141886488,132.0,S_2070
2024-05-11 19:23:16,-87.455154,14.329712,-76.30578,124.33436,879.8,-0.013727375,25828.798246773535,132.0,S_2070
2024-05-11 19:23:17,-87.401184,14.440186,-76.354744,124.1735,879.8019,-0.013524585,25771.21461459063,132.0,S_2070
2024-05-11 19:23:18,-87.347145,14.54924,-76.396706,124.00564,879.7889,-0.013321796,25714.786461551663,132.0,S_2070
2024-05-11 19:23:19,-87.293045,14.656845,-76.43867,123.84477,879.7852,-0.0131190065,25649.799037741952,132.0,S_2070
2024-05-11 19:23:20,-87.238884,14.763016,-76.487625,123.67691,879.83704,-0.012916217,25598.464124161397,132.0,S_2070
2024-05-11 19:23:21,-87.18466,14.867752,-76.529594,123.51605,879.9278,-0.012272431,25546.791465145998,132.0,S_2070
2024-05-11 19:23:22,-87.13037,14.971054,-76.571556,123.34819,879.99634,-0.011628644,25499.83215730259,132.0,S_2070
2024-05-11 19:23:23,-87.07601,15.072922,-76.613525,123.18033,880.00555,-0.0115903085,25444.997513064776,132.0,S_2070
2024-05-11 19:23:24,-87.0216,15.173355,-76.66248,123.00548,879.9907,-0.010368297,25409.119912341725,132.0,S_2070
2024-05-11 19:23:25,-86.96712,15.272339,-76.704445,122.83762,879.98895,-0.010330597,25370.599557410802,132.0,S_2070
2024-05-11 19:23:26,-86.91257,15.369904,-76.746414,122.66976,879.9926,-0.010908554,25320.747623875126,132.0,S_2070
2024-05-11 19:23:27,-86.857956,15.466019,-76.79537,122.49491,879.9926,-0.010871012,25280.4768628505,132.0,S_2070
2024-05-11 19:23:28,-86.80328,15.560699,-76.83733,122.32005,879.9926,-0.01841394,25189.218958626898,132.0,S_2070
2024-05-11 19:23:29,-86.74855,15.653946,-76.879295,122.1452,879.9926,-0.018371722,25098.345878772565,132.0,S_2070
2024-05-11 19:23:30,-86.69375,15.745758,-76.921265,121.97035,879.9926,-0.022500487,24965.276553785003,132.0,S_2070
2024-05-11 19:23:31,-86.63888,15.836136,-76.97022,121.788506,879.9926,-0.02245371,24851.320018761973,132.0,S_2070
2024-05-11 19:23:32,-86.583954,15.925064,-77.012184,121.61365,879.9926,-0.018945552,24754.86302667253,132.0,S_2070
2024-05-11 19:23:33,-86.52896,16.012573,-77.05415,121.4318,879.9926,-0.018901188,24659.38711088736,132.0,S_2070
2024-05-11 19:23:34,-86.4739,16.098633,-77.096115,121.249954,879.9926,-0.017651225,24561.921949548032,132.0,S_2070
2024-05-11 19:23:35,-86.418785,16.183273,-77.14507,121.06811,879.9926,-0.017607082,24477.438283322394,132.0,S_2070
2024-05-11 19:23:36,-86.363594,16.266464,-77.18704,120.88626,879.9926,-0.014062247,24413.816737069115,132.0,S_2070
2024-05-11 19:23:37,-86.30835,16.34822,-77.229004,120.704414,879.9926,-0.014020081,24356.260839648156,132.0,S_2070
2024-05-11 19:23:38,-86.25304,16.428543,-77.26398,120.51557,879.9926,-0.011046306,24310.593118449196,132.0,S_2070
2024-05-11 19:23:39,-86.19766,16.507416,-77.30594,120.333725,879.9926,-0.011005294,24259.32106231733,132.0,S_2070
2024-05-11 19:23:40,-86.14222,16.58487,-77.3549,120.14489,879.9926,-0.017278489,24176.005306395695,132.0,S_2070
2024-05-11 19:23:41,-86.086716,16.660889,-77.396866,119.95605,879.9926,-0.01723556,24090.855247108902,132.0,S_2070
2024-05-11 19:23:42,-86.03114,16.735458,-77.43883,119.767204,879.9926,-0.02356512,23964.35598821091,132.0,S_2070
2024-05-11 19:23:43,-85.97552,16.808594,-77.48079,119.57836,879.9926,-0.02351553,23835.557633221473,132.0,S_2070
2024-05-11 19:23:44,-85.919815,16.880295,-77.52276,119.38253,879.9926,-0.022355514,23726.93143174915,132.0,S_2070
2024-05-11 19:23:45,-85.86406,16.950562,-77.55773,119.18669,879.9926,-0.022309553,23592.09411895972,132.0,S_2070
2024-05-11 19:23:46,-85.808235,17.019394,-77.60669,118.99086,879.9907,-0.021169003,23482.194154137094,132.0,S_2070
2024-05-11 19:23:47,-85.75235,17.086792,-77.64865,118.79502,879.9926,-0.021121707,23381.702671610037,132.0,S_2070
2024-05-11 19:23:48,-85.696396,17.15274,-77.683624,118.59919,879.99634,-0.017044146,23294.98077799967,132.0,S_2070
2024-05-11 19:23:49,-85.64038,17.21727,-77.725586,118.40335,879.9907,-0.016999345,23208.862443303547,132.0,S_2070
2024-05-11 19:23:50,-85.584305,17.28035,-77.76755,118.20052,879.9778,-0.014153209,23134.454996302513,132.0,S_2070
2024-05-11 19:23:51,-85.52816,17.34201,-77.81651,117.997696,879.99817,-0.014110752,23077.988554252996,132.0,S_2070
2024-05-11 19:23:52,-85.471954,17.402222,-77.85148,117.79486,880.0759,-0.015836107,22998.409135868875,132.0,S_2070
2024-05-11 19:23:53,-85.41568,17.460999,-77.89345,117.59203,880.163,-0.015792968,22929.650235168607,132.0,S_2070
2024-05-11 19:23:54,-85.359344,17.518341,-77.92841,117.389206,880.2019,-0.015203171,22852.73602514302,132.0,S_2070
2024-05-11 19:23:55,-85.30295,17.574234,-77.97038,117.17938,880.1926,-0.015162867,22786.69054067367,132.0,S_2070
2024-05-11 19:23:56,-85.24648,17.628708,-78.00535,116.96956,880.18335,-0.01654511,22703.390664410697,132.0,S_2070
2024-05-11 19:23:57,-85.18996,17.681732,-78.04732,116.76673,880.18524,-0.017927352,22610.580990593415,132.0,S_2070
2024-05-11 19:23:58,-85.13337,17.733337,-78.08928,116.55691,880.18896,-0.019596018,22504.926627810095,132.0,S_2070
2024-05-11 19:23:59,-85.07671,17.783493,-78.13125,116.34009,880.1871,-0.019550031,22402.572783346943,132.0,S_2070
2024-05-11 19:24:00,-85.02,17.832214,-78.17321,116.130264,880.1871,-0.013672391,22337.676364744104,132.0,S_2070
2024-05-11 19:24:01,-84.96141,17.838364,-78.21517,115.913445,880.1871,-0.013627274,22280.676144497313,132.0,S_2070
2024-05-11 19:24:02,-84.902824,17.844467,-78.250145,115.69663,880.1871,-0.018005248,22184.9883382378,132.0,S_2070
2024-05-11 19:24:03,-84.84423,17.85054,-78.29211,115.47981,880.1871,-0.017955828,22101.0413425246,132.0,S_2070
2024-05-11 19:24:04,-84.785645,17.856552,-78.32708,115.26299,880.1871,-0.02476897,21956.994505447332,132.0,S_2070
2024-05-11 19:24:05,-84.72704,17.862534,-78.36904,115.039185,880.1871,-0.02471747,21828.591419271164,132.0,S_2070
2024-05-11 19:24:06,-84.66845,17.868484,-78.404015,114.81537,880.1871,-0.023456937,21697.205712461,132.0,S_2070
2024-05-11 19:24:07,-84.60985,17.874374,-78.445984,114.59856,880.1871,-0.023405574,21577.1065405457,132.0,S_2070
2024-05-11 19:24:08,-84.55124,17.880234,-78.48095,114.37474,880.1871,-0.022756865,21457.03852736515,132.0,S_2070
2024-05-11 19:24:09,-84.49264,17.886047,-78.51592,114.143936,880.1871,-0.022705879,21338.048794421644,132.0,S_2070
2024-05-11 19:24:10,-84.43403,17.891815,-78.550896,113.91313,880.1871,-0.016409997,21261.782523703943,132.0,S_2070
2024-05-11 19:24:11,-84.37541,17.897552,-78.58586,113.68932,880.1871,-0.016363356,21175.193229435376,132.0,S_2070
2024-05-11 19:24:12,-84.316795,17.903244,-78.62783,113.45851,880.1871,-0.013414664,21111.612788293445,132.0,S_2070
2024-05-11 19:24:13,-84.25818,17.90889,-78.66979,113.22771,880.1871,-0.013367,21055.18780250702,132.0,S_2070
2024-05-11 19:24:14,-84.19956,17.91449,-78.704765,112.9969,880.1871,-0.018423917,20953.305628273218,132.0,S_2070
2024-05-11 19:24:15,-84.14094,17.92006,-78.74673,112.7591,880.1871,-0.01837273,20863.53538263896,132.0,S_2070
2024-05-11 19:24:16,-84.082306,17.925583,-78.7817,112.5213,880.1871,-0.02186842,20749.408022734522,132.0,S_2070
2024-05-11 19:24:17,-84.02368,17.93106,-78.816666,112.2835,880.1871,-0.021818567,20635.80091334101,132.0,S_2070
2024-05-11 19:24:18,-83.96505,17.936493,-78.85164,112.0457,880.1871,-0.022908973,20515.377633260898,132.0,S_2070
2024-05-11 19:24:19,-83.90641,17.941895,-78.88661,111.8079,880.1871,-0.022858344,20381.518020762654,132.0,S_2070
2024-05-11 19:24:20,-83.84778,17.94725,-78.92857,111.56311,880.1871,-0.018703114,20286.4669159177,132.0,S_2070
2024-05-11 19:24:21,-83.78914,17.95256,-78.96355,111.31132,880.1871,-0.018651607,20192.86296189229,132.0,S_2070
2024-05-11 19:24:22,-83.73049,17.95784,-78.99851,111.06653,880.1871,-0.01587855,20116.950823195588,132.0,S_2070
2024-05-11 19:24:23,-83.671844,17.963074,-79.033485,110.82173,880.1871,-0.015832167,20048.383496572893,132.0,S_2070
2024-05-11 19:24:24,-83.6132,17.968262,-79.06146,110.57694,880.1871,-0.018739522,19950.11623418396,132.0,S_2070
2024-05-11 19:24:25,-83.55455,17.973404,-79.096436,110.32515,880.1871,-0.018692408,19845.541605264647,132.0,S_2070
2024-05-11 19:24:26,-83.495895,17.9785,-79.1384,110.073364,880.1871,-0.018810363,19751.336001392618,132.0,S_2070
2024-05-11 19:24:27,-83.43723,17.983566,-79.17337,109.82157,880.1871,-0.018762002,19653.631961026967,132.0,S_2070
2024-05-11 19:24:28,-83.37858,17.988586,-79.208336,109.56279,880.1871,-0.018290678,19561.923475934524,132.0,S_2070
2024-05-11 19:24:29,-83.319916,17.993576,-79.24331,109.311005,880.1871,-0.018246485,19468.014942104382,132.0,S_2070
2024-05-11 19:24:30,-83.261246,17.998505,-79.27828,109.05222,880.18524,-0.017749641,19378.11348523873,132.0,S_2070
2024-05-11 19:24:31,-83.20258,18.003403,-79.31325,108.79344,880.18524,-0.017706485,19286.57875440136,132.0,S_2070
2024-05-11 19:24:32,-83.14391,18.008255,-79.34822,108.527664,880.19073,-0.016532209,19212.648943437875,132.0,S_2070
2024-05-11 19:24:33,-83.085236,18.013077,-79.3762,108.26888,880.19073,-0.016489882,19127.9000578555,132.0,S_2070
2024-05-11 19:24:34,-83.02656,18.017838,-79.41117,108.003105,880.17413,-0.01645416,19045.778447571232,132.0,S_2070
2024-05-11 19:24:35,-82.96788,18.022568,-79.44614,107.73733,880.1704,-0.016409436,18962.19182255274,132.0,S_2070
2024-05-11 19:24:36,-82.9092,18.027252,-79.48111,107.46456,880.23895,-0.01515001,18896.008749789675,132.0,S_2070
2024-05-11 19:24:37,-82.85052,18.031906,-79.50909,107.198784,880.35004,-0.015110431,18826.156114085956,132.0,S_2070
2024-05-11 19:24:38,-82.791824,18.036514,-79.53706,106.92601,880.4019,-0.016871484,18745.77894643598,132.0,S_2070
2024-05-11 19:24:39,-82.73314,18.041077,-79.56504,106.653244,880.3908,-0.016824843,18658.82347004074,132.0,S_2070
2024-05-11 19:24:40,-82.674446,18.045593,-79.600006,106.38047,880.37415,-0.019449282,18555.960540901535,132.0,S_2070
2024-05-11 19:24:41,-82.615746,18.050064,-79.63498,106.1077,880.376,-0.019397596,18451.42483129599,132.0,S_2070
2024-05-11 19:24:42,-82.55705,18.054504,-79.66995,105.827934,880.3816,-0.017883413,18365.339299971976,132.0,S_2070
2024-05-11 19:24:43,-82.498344,18.058899,-79.69793,105.54817,880.38336,-0.01783414,18278.157769193094,132.0,S_2070
2024-05-11 19:24:44,-82.439644,18.063248,-79.72591,105.26841,880.3816,-0.019341838,18181.5196675466,132.0,S_2070
2024-05-11 19:24:45,-82.380936,18.067566,-79.75388,104.98864,880.3816,-0.019293258,18075.168969531023,132.0,S_2070
2024-05-11 19:24:46,-82.32223,18.071838,-79.78885,104.70188,880.3816,-0.018801816,17982.155973513632,132.0,S_2070
2024-05-11 19:24:47,-82.26351,18.076065,-79.816826,104.41512,880.3816,-0.01875424,17888.11262613508,132.0,S_2070
2024-05-11 19:24:48,-82.204796,18.080246,-79.8448,104.128365,880.3816,-0.016670031,17800.83736307134,132.0,S_2070
2024-05-11 19:24:49,-82.14608,18.084396,-79.879776,103.841606,880.3816,-0.016622968,17720.39938359692,132.0,S_2070
2024-05-11 19:24:50,-82.087364,18.088501,-79.90775,103.54785,880.3816,-0.016584674,17639.406253489502,132.0,S_2070
2024-05-11 19:24:51,-82.02864,18.09256,-79.93573,103.254105,880.3816,-0.016540041,17558.86657048624,132.0,S_2070
2024-05-11 19:24:52,-81.96991,18.096573,-79.9637,102.96035,880.3816,-0.014847815,17489.490674489054,132.0,S_2070
2024-05-11 19:24:53,-81.91118,18.100555,-79.99168,102.666595,880.3816,-0.014804518,17412.826451396664,132.0,S_2070
2024-05-11 19:24:54,-81.85245,18.104492,-80.02665,102.36585,880.3816,-0.014765122,17346.20597420987,132.0,S_2070
2024-05-11 19:24:55,-81.79372,18.108383,-80.05463,102.0721,880.3816,-0.014166597,17279.988324474474,132.0,S_2070
2024-05-11 19:24:56,-81.73498,18.112244,-80.0826,101.77135,880.3816,-0.013568072,17218.340578816256,132.0,S_2070
2024-05-11 19:24:57,-81.67624,18.116043,-80.11058,101.470604,880.3816,-0.013525734,17155.487155731847,132.0,S_2070
2024-05-11 19:24:58,-81.61749,18.119812,-80.13856,101.162865,880.3816,-0.012293518,17101.465275326183,132.0,S_2070
2024-05-11 19:24:59,-81.55875,18.123535,-80.166534,100.85512,880.3816,-0.0122491,17047.839664310253,132.0,S_2070
2024-05-11 19:25:00,-81.5,18.127228,-80.19451,100.54738,880.3816,-0.012627205,16991.80462559132,132.0,S_2070
2024-05-11 19:25:01,-81.43977,18.130402,-80.22249,100.23964,880.3816,-0.012578567,16936.193014839613,132.0,S_2070
2024-05-11 19:25:02,-81.37959,18.13356,-80.250465,99.9319,880.3816,-0.01536688,16865.4662363283,132.0,S_2070
2024-05-11 19:25:03,-81.319466,18.136688,-80.27145,99.617165,880.3816,-0.015319444,16794.398892785182,132.0,S_2070
2024-05-11 19:25:04,-81.25938,18.139801,-80.29243,99.30243,880.3816,-0.01755563,16709.21852376437,132.0,S_2070
2024-05-11 19:25:05,-81.19934,18.142868,-80.31341,98.98769,880.3816,-0.01750737,16618.795595849315,132.0,S_2070
2024-05-11 19:25:06,-81.13935,18.14592,-80.341385,98.67296,880.3816,-0.018269721,16522.577306398693,132.0,S_2070
2024-05-11 19:25:07,-81.07941,18.148941,-80.36936,98.35123,880.3816,-0.01903207,16428.013672181747,132.0,S_2070
2024-05-11 19:25:08,-81.01951,18.151947,-80.39034,98.029495,880.3816,-0.02105697,16312.619226558874,132.0,S_2070
2024-05-11 19:25:09,-80.95966,18.154922,-80.41832,97.70777,880.3816,-0.021005487,16205.758774670636,132.0,S_2070
2024-05-11 19:25:10,-80.899864,18.157867,-80.4393,97.38604,880.3816,-0.02215111,16083.428704173471,132.0,S_2070
2024-05-11 19:25:11,-80.84011,18.160782,-80.46728,97.06431,880.3816,-0.022099612,15960.306360597579,132.0,S_2070
2024-05-11 19:25:12,-80.7804,18.163681,-80.495255,96.73559,880.3816,-0.023652755,15834.905096712477,132.0,S_2070
2024-05-11 19:25:13,-80.72074,18.16655,-80.516235,96.40687,880.3816,-0.023493066,15709.644058184971,132.0,S_2070
2024-05-11 19:25:14,-80.661125,18.169388,-80.537224,96.07814,880.3816,-0.023333376,15585.654730860952,132.0,S_2070
2024-05-11 19:25:15,-80.60156,18.17221,-80.558205,95.74942,880.3816,-0.023277326,15459.467700695322,132.0,S_2070
2024-05-11 19:25:16,-80.542046,18.175003,-80.579185,95.413704,880.3816,-0.02333313,15333.644762924509,132.0,S_2070
2024-05-11 19:25:17,-80.482574,18.177765,-80.60017,95.07798,880.3816,-0.023280405,15208.39851284914,132.0,S_2070
2024-05-11 19:25:18,-80.42315,18.180496,-80.62115,94.74226,880.3816,-0.02237427,15082.212090068968,132.0,S_2070
2024-05-11 19:25:19,-80.36378,18.183212,-80.649124,94.40655,880.3816,-0.02232393,14962.078167845906,132.0,S_2070
2024-05-11 19:25:20,-80.30444,18.185898,-80.670105,94.063835,880.3816,-0.019464752,14860.617761885294,132.0,S_2070
2024-05-11 19:25:21,-80.24516,18.188553,-80.69109,93.72112,880.3816,-0.019419238,14761.934678819794,132.0,S_2070
2024-05-11 19:25:22,-80.18593,18.191193,-80.712074,93.38541,880.3816,-0.019373726,14660.936298083087,132.0,S_2070
2024-05-11 19:25:23,-80.12674,18.193802,-80.733055,93.042694,880.3816,-0.019323088,14558.679675721254,132.0,S_2070
2024-05-11 19:25:24,-80.067604,18.19638,-80.754036,92.69299,880.3816,-0.022063293,14443.824735856664,132.0,S_2070
2024-05-11 19:25:25,-80.00851,18.198929,-80.76803,92.343285,880.3816,-0.022011252,14326.09050086843,132.0,S_2070
2024-05-11 19:25:26,-79.94946,18.201462,-80.78901,92.00057,880.3816,-0.02356171,14196.025520306042,132.0,S_2070
2024-05-11 19:25:27,-79.890465,18.203964,-80.80999,91.65086,880.3816,-0.023510918,14067.034804235998,132.0,S_2070
2024-05-11 19:25:28,-79.83151,18.206436,-80.83097,91.30116,880.3816,-0.023452112,13935.92123321435,132.0,S_2070
2024-05-11 19:25:29,-79.772606,18.208893,-80.85196,90.94446,880.3816,-0.024197698,13806.032348972176,132.0,S_2070
2024-05-11 19:25:30,-79.71375,18.211319,-80.865944,90.58776,880.3816,-0.024943285,13670.663492241643,132.0,S_2070
2024-05-11 19:25:31,-79.65494,18.213715,-80.87993,90.231064,880.3816,-0.02489158,13533.00627770907,132.0,S_2070
2024-05-11 19:25:32,-79.596176,18.216095,-80.90092,89.881355,880.3816,-0.025662411,13393.689645985303,132.0,S_2070
2024-05-11 19:25:33,-79.53746,18.218445,-80.9149,89.52466,880.3816,-0.02560661,13248.805503666772,132.0,S_2070
2024-05-11 19:25:34,-79.4788,18.220764,-80.93588,89.16795,880.3816,-0.024799775,13113.037263200147,132.0,S_2070
2024-05-11 19:25:35,-79.42017,18.223053,-80.949875,88.80426,880.3816,-0.025971865,12963.679221711533,132.0,S_2070
2024-05-11 19:25:36,-79.3616,18.225327,-80.970856,88.44057,880.3816,-0.027143955,12817.223746643758,132.0,S_2070
2024-05-11 19:25:37,-79.30308,18.22757,-80.97785,88.07687,880.3816,-0.028129734,12662.66968108188,132.0,S_2070
2024-05-11 19:25:38,-79.2446,18.229782,-80.99184,87.72018,880.3816,-0.029115515,12495.220024519173,132.0,S_2070
2024-05-11 19:25:39,-79.186165,18.231964,-81.00583,87.34949,880.3816,-0.029060189,12326.212360937894,132.0,S_2070
2024-05-11 19:25:40,-79.12778,18.23413,-81.02681,86.985794,880.3816,-0.02848884,12164.58912922776,132.0,S_2070
2024-05-11 19:25:41,-79.06944,18.236267,-81.040794,86.615105,880.3816,-0.028434154,12010.779667473158,132.0,S_2070
2024-05-11 19:25:42,-79.011154,18.238388,-81.04779,86.25141,880.3816,-0.029299669,11842.964580958234,132.0,S_2070
2024-05-11 19:25:43,-78.95291,18.240463,-81.061775,85.88072,880.3816,-0.030165182,11670.685341527245,132.0,S_2070
2024-05-11 19:25:44,-78.894714,18.242523,-81.07577,85.51003,880.3816,-0.03049108,11489.642906403431,132.0,S_2070
2024-05-11 19:25:45,-78.83656,18.244568,-81.09675,85.13935,880.3816,-0.030465487,11320.661015321024,132.0,S_2070
2024-05-11 19:25:46,-78.778465,18.246567,-81.103745,84.76866,880.3816,-0.030439895,11143.226806584327,132.0,S_2070
2024-05-11 19:25:47,-78.720406,18.24855,-81.11773,84.390976,880.3816,-0.030414302,10970.718249501639,132.0,S_2070
2024-05-11 19:25:48,-78.6624,18.250504,-81.13172,84.02029,880.3816,-0.03038871,10798.69236417177,132.0,S_2070
2024-05-11 19:25:49,-78.60444,18.252441,-81.13872,83.64261,880.3816,-0.030333908,10627.215993707581,132.0,S_2070
2024-05-11 19:25:50,-78.54653,18.254349,-81.145706,83.26492,880.3816,-0.036385093,10411.351296769339,132.0,S_2070
2024-05-11 19:25:51,-78.48866,18.256226,-81.1597,82.887245,880.3816,-0.036322758,10201.527514331323,132.0,S_2070
2024-05-11 19:25:52,-78.43085,18.258072,-81.16669,82.50956,880.3816,-0.037415013,9984.368700320745,132.0,S_2070
2024-05-11 19:25:53,-78.37308,18.259903,-81.17368,82.13188,880.3816,-0.03850727,9754.985254626732,132.0,S_2070
2024-05-11 19:25:54,-78.31535,18.261688,-81.187675,81.754196,880.3816,-0.028488217,9592.807876300092,132.0,S_2070
2024-05-11 19:25:55,-78.257675,18.263474,-81.20166,81.37651,880.3816,-0.02843334,9431.720023730548,132.0,S_2070
2024-05-11 19:25:56,-78.20004,18.265213,-81.20866,80.99184,880.3816,-0.02837317,9275.97934996002,132.0,S_2070
2024-05-11 19:25:57,-78.14246,18.266937,-81.20866,80.61416,880.3816,-0.028316239,9111.431009943146,132.0,S_2070
2024-05-11 19:25:58,-78.08493,18.268631,-81.22264,80.22948,880.3816,-0.031278808,8932.318210578007,132.0,S_2070
2024-05-11 19:25:59,-78.02744,18.270294,-81.22964,79.8448,880.3816,-0.03424138,8728.949959195132,132.0,S_2070
2024-05-11 19:26:00,-77.97,18.271942,-81.24363,79.46013,880.3816,-0.03642792,8517.865198551153,132.0,S_2070
2024-05-11 19:26:01,-77.91236,18.273026,-81.24363,79.07545,880.3816,-0.035676114,8309.78757780117,132.0,S_2070
2024-05-11 19:26:02,-77.85478,18.274094,-81.25062,78.69077,880.3816,-0.03492431,8104.332859917129,132.0,S_2070
2024-05-11 19:26:03,-77.79725,18.275146,-81.25062,78.2991,880.3816,-0.03486248,7902.2537327317295,132.0,S_2070
2024-05-11 19:26:04,-77.73978,18.2762,-81.257614,77.91443,880.3816,-0.03419895,7704.296322985811,132.0,S_2070
2024-05-11 19:26:05,-77.682365,18.277252,-81.26461,77.529755,880.3816,-0.03413946,7502.841166238322,132.0,S_2070
2024-05-11 19:26:06,-77.625,18.27829,-81.2716,77.138084,880.3816,-0.03583421,7294.889682017751,132.0,S_2070
2024-05-11 19:26:07,-77.567696,18.279327,-81.278595,76.7534,880.3816,-0.037528962,7072.684506628422,132.0,S_2070
2024-05-11 19:26:08,-77.510445,18.28035,-81.278595,76.36173,880.3816,-0.039223712,6842.604893191652,132.0,S_2070
2024-05-11 19:26:09,-77.453255,18.281357,-81.28559,75.97706,880.3816,-0.03915896,6608.018979146607,132.0,S_2070
2024-05-11 19:26:10,-77.39611,18.282364,-81.29259,75.58539,880.3816,-0.049034916,6316.157848196697,132.0,S_2070
2024-05-11 19:26:11,-77.33903,18.283371,-81.29259,75.200714,880.3816,-0.051640213,6000.780581179548,132.0,S_2070
2024-05-11 19:26:12,-77.282,18.284363,-81.29259,74.809044,880.3816,-0.054245505,5675.030967197134,132.0,S_2070
2024-05-11 19:26:13,-77.22503,18.28534,-81.29259,74.42436,880.3816,-0.05416873,5342.882298755074,132.0,S_2070
2024-05-11 19:26:14,-77.16811,18.286316,-81.29259,74.03269,880.3816,-0.047631316,5054.501486122295,132.0,S_2070
2024-05-11 19:26:15,-77.11125,18.287292,-81.29259,73.64102,880.3816,-0.047558162,4770.119078331973,132.0,S_2070
2024-05-11 19:26:16,-77.05444,18.288239,-81.299576,73.25635,880.3816,-0.044186685,4502.169564282289,132.0,S_2070
2024-05-11 19:26:17,-76.997696,18.2892,-81.30657,72.86468,880.3816,-0.04411958,4237.234822191313,132.0,S_2070
2024-05-11 19:26:18,-76.941,18.290146,-81.30657,72.47301,880.3816,-0.04836163,3942.0627314137855,132.0,S_2070
2024-05-11 19:26:19,-76.88436,18.291077,-81.299576,72.08134,880.3816,-0.048291862,3653.0063140813727,132.0,S_2070
2024-05-11 19:26:20,-76.82778,18.292007,-81.29259,71.69666,880.3816,-0.04969832,3350.5893188380724,132.0,S_2070
2024-05-11 19:26:21,-76.77125,18.292923,-81.29259,71.30499,880.3816,-0.049627364,3048.852448256457,132.0,S_2070
2024-05-11 19:26:22,-76.71478,18.293839,-81.29259,70.91332,880.3816,-0.049603466,2753.1115535085664,132.0,S_2070
2024-05-11 19:26:23,-76.65836,18.294754,-81.29259,70.52864,880.3816,-0.049529307,2451.4945175124667,132.0,S_2070
2024-05-11 19:26:24,-76.602005,18.295654,-81.29259,70.13697,880.3816,-0.049946047,2147.5709960256427,132.0,S_2070
2024-05-11 19:26:25,-76.54569,18.29654,-81.29259,69.7453,880.3816,-0.05036279,1844.3331622408514,132.0,S_2070
2024-05-11 19:26:26,-76.48945,18.297424,-81.28559,69.36063,880.3816,-0.048008583,1550.5198867481813,132.0,S_2070
2024-05-11 19:26:27,-76.43325,18.298294,-81.278595,68.968956,880.3816,-0.047938716,1263.0562646002509,132.0,S_2070
2024-05-11 19:26:28,-76.37711,18.299164,-81.2716,68.58428,880.3816,-0.046424527,981.6051455816232,132.0,S_2070
2024-05-11 19:26:29,-76.32103,18.300018,-81.2716,68.19261,880.3816,-0.046602644,696.747890409817,132.0,S_2070
2024-05-11 19:26:30,-76.265,18.300873,-81.26461,67.80094,880.3816,-0.046780758,416.4053052615345,132.0,S_2070
2024-05-11 19:26:31,-76.20903,18.301712,-81.257614,67.41626,880.3816,-0.049101673,122.49973646685248,132.0,S_2070
2024-05-11 19:26:32,-76.153114,18.302551,-81.257614,67.031586,880.3816,-0.051422585,-195.67430626634814,132.0,S_2070
2024-05-11 19:26:33,-76.09725,18.303375,-81.25062,66.639915,880.3816,-0.05134747,-506.56254677028846,132.0,S_2070
2024-05-11 19:26:34,-76.04144,18.3042,-81.24363,66.25524,880.3816,-0.054940365,-841.8723222551889,132.0,S_2070
2024-05-11 19:26:35,-75.985695,18.305008,-81.23663,65.87057,880.3816,-0.05486163,-1174.259323967388,132.0,S_2070
2024-05-11 19:26:36,-75.93,18.305817,-81.23663,65.485886,880.3816,-0.056023337,-1517.5932663338826,132.0,S_2070
2024-05-11 19:26:37,-75.87436,18.30661,-81.22964,65.10121,880.3816,-0.05594554,-1853.505456493287,132.0,S_2070
2024-05-11 19:26:38,-75.81878,18.307404,-81.22264,64.723526,880.3816,-0.054734435,-2188.7888419103583,132.0,S_2070
2024-05-11 19:26:39,-75.76325,18.308182,-81.21565,64.33885,880.3816,-0.054658547,-2523.3860947586327,132.0,S_2070
2024-05-11 19:26:40,-75.70778,18.30896,-81.20866,63.954178,880.3816,-0.05134484,-2830.256156593772,132.0,S_2070
2024-05-11 19:26:41,-75.65236,18.309723,-81.20166,63.576496,880.3816,-0.051269326,-3143.4595519149625,132.0,S_2070
2024-05-11 19:26:42,-75.597,18.310486,-81.194664,63.19182,880.3816,-0.043950927,-3408.9613387590543,132.0,S_2070
2024-05-11 19:26:43,-75.541695,18.311234,-81.18068,62.814137,880.3816,-0.043883957,-3674.1970691482893,132.0,S_2070
2024-05-11 19:26:44,-75.48644,18.311966,-81.16669,62.436455,880.3816,-0.03967,-3906.122174324624,132.0,S_2070
2024-05-11 19:26:45,-75.43125,18.312714,-81.1597,62.058773,880.3816,-0.039607663,-4144.189749074463,132.0,S_2070
2024-05-11 19:26:46,-75.376114,18.31343,-81.145706,61.68109,880.3816,-0.0422483,-4393.547364674236,132.0,S_2070
2024-05-11 19:26:47,-75.32103,18.314148,-81.13872,61.303406,880.3816,-0.042184073,-4644.49776126894,132.0,S_2070
2024-05-11 19:26:48,-75.266,18.314865,-81.124725,60.93272,880.3816,-0.04134445,-4894.81215456385,132.0,S_2070
2024-05-11 19:26:49,-75.21103,18.315567,-81.11074,60.55504,880.3816,-0.04127865,-5139.760078210558,132.0,S_2070
2024-05-11 19:26:50,-75.15611,18.316254,-81.09675,60.18435,880.3816,-0.03771811,-5361.196712832196,132.0,S_2070
2024-05-11 19:26:51,-75.10125,18.316956,-81.08975,59.806667,880.3816,-0.037655886,-5583.657896947607,132.0,S_2070
2024-05-11 19:26:52,-75.04645,18.317627,-81.07577,59.435978,880.3816,-0.036037385,-5795.3506378367965,132.0,S_2070
2024-05-11 19:26:53,-74.99169,18.318298,-81.061775,59.065292,880.3816,-0.035979025,-6006.979556630777,132.0,S_2070
2024-05-11 19:26:54,-74.937004,18.31897,-81.04779,58.694603,880.3816,-0.036449976,-6217.753985183375,132.0,S_2070
2024-05-11 19:26:55,-74.88236,18.319626,-81.033806,58.33091,880.3816,-0.036390856,-6433.255505572502,132.0,S_2070
2024-05-11 19:26:56,-74.82778,18.320267,-81.01981,57.96022,880.3816,-0.036465112,-6644.78469481795,132.0,S_2070
2024-05-11 19:26:57,-74.773254,18.320908,-81.00583,57.596527,880.3816,-0.036406405,-6856.736617144059,132.0,S_2070
2024-05-11 19:26:58,-74.71878,18.321548,-80.99184,57.232834,880.3816,-0.035364,-7062.178140028027,132.0,S_2070
2024-05-11 19:26:59,-74.66436,18.322174,-80.97785,56.86914,880.3816,-0.035304982,-7267.564704873523,132.0,S_2070
2024-05-11 19:27:00,-74.61,18.322784,-80.96386,56.505444,880.3816,-0.033888564,-7463.952079385494,132.0,S_2070
2024-05-11 19:27:01,-74.55635,18.323303,-80.949875,56.14175,880.3816,-0.033835825,-7656.269564309459,132.0,S_2070
2024-05-11 19:27:02,-74.50273,18.323822,-80.93588,55.785053,880.3816,-0.03484046,-7863.999366142143,132.0,S_2070
2024-05-11 19:27:03,-74.44915,18.324326,-80.9149,55.428352,880.3816,-0.03478693,-8062.593581583031,132.0,S_2070
2024-05-11 19:27:04,-74.3956,18.32483,-80.90092,55.07165,880.3816,-0.04190383,-8318.613956964997,132.0,S_2070
2024-05-11 19:27:05,-74.34209,18.325333,-80.87993,54.71495,880.3816,-0.041841004,-8573.59640699159,132.0,S_2070
2024-05-11 19:27:06,-74.2886,18.32582,-80.85895,54.358253,880.3816,-0.04457672,-8842.401577079567,132.0,S_2070
2024-05-11 19:27:07,-74.23515,18.32631,-80.83797,54.008545,880.3816,-0.044511195,-9106.66582611898,132.0,S_2070
2024-05-11 19:27:08,-74.18173,18.326797,-80.82398,53.651848,880.3816,-0.041358586,-9346.412654230644,132.0,S_2070
2024-05-11 19:27:09,-74.12835,18.327286,-80.80999,53.302143,880.3816,-0.041298464,-9596.308713395134,132.0,S_2070
2024-05-11 19:27:10,-74.075,18.327759,-80.78901,52.952435,880.3816,-0.040625706,-9831.486648379374,132.0,S_2070
2024-05-11 19:27:11,-74.02168,18.328232,-80.77502,52.60273,880.3816,-0.03995295,-10073.261719864731,132.0,S_2070
2024-05-11 19:27:12,-73.9684,18.32869,-80.754036,52.253025,880.3816,-0.03898377,-10315.629827618643,132.0,S_2070
2024-05-11 19:27:13,-73.915146,18.329147,-80.72606,51.910313,880.3816,-0.038388427,-10541.450774050481,132.0,S_2070
2024-05-11 19:27:14,-73.86193,18.329605,-80.70508,51.5676,880.3816,-0.037793085,-10765.069900740811,132.0,S_2070
2024-05-11 19:27:15,-73.80875,18.330063,-80.6841,51.224888,880.3816,-0.037736643,-10984.306626285175,132.0,S_2070
2024-05-11 19:27:16,-73.7556,18.330505,-80.66312,50.88917,880.3816,-0.036453806,-11200.40296851012,132.0,S_2070
2024-05-11 19:27:17,-73.702484,18.330948,-80.642136,50.54646,880.3816,-0.03639665,-11411.782916088552,132.0,S_2070
2024-05-11 19:27:18,-73.6494,18.33139,-80.62115,50.210743,880.3816,-0.034298353,-11602.087173830838,132.0,S_2070
2024-05-11 19:27:19,-73.59635,18.331833,-80.60716,49.875027,880.3816,-0.03347584,-11796.858094874795,132.0,S_2070
2024-05-11 19:27:20,-73.543335,18.33226,-80.58618,49.539307,880.3816,-0.032653328,-11991.95770488301,132.0,S_2070
2024-05-11 19:27:21,-73.49035,18.332672,-80.558205,49.210583,880.3816,-0.032600246,-12189.945568885723,132.0,S_2070
2024-05-11 19:27:22,-73.4374,18.3331,-80.53023,48.874866,880.3816,-0.034159668,-12383.781924649487,132.0,S_2070
2024-05-11 19:27:23,-73.38448,18.333511,-80.50925,48.546143,880.38336,-0.03410717,-12579.563819688206,132.0,S_2070
2024-05-11 19:27:24,-73.3316,18.333923,-80.48826,48.21742,880.3816,-0.036326155,-12790.176860438547,132.0,S_2070
2024-05-11 19:27:25,-73.27875,18.334335,-80.46728,47.8887,880.3778,-0.036269255,-12996.473513496228,132.0,S_2070
2024-05-11 19:27:26,-73.22593,18.334732,-80.4463,47.566967,880.38336,-0.03401855,-13204.242347736988,132.0,S_2070
2024-05-11 19:27:27,-73.17315,18.335129,-80.41832,47.238243,880.39636,-0.033966225,-13406.268711794273,132.0,S_2070
2024-05-11 19:27:28,-73.1204,18.33551,-80.39034,46.916515,880.376,-0.030853681,-13578.115188787611,132.0,S_2070
2024-05-11 19:27:29,-73.06768,18.335907,-80.36936,46.594788,880.2982,-0.030804759,-13747.760444657953,132.0,S_2070
2024-05-11 19:27:30,-73.015,18.336288,-80.34838,46.280052,880.2111,-0.034122616,-13950.524890979752,132.0,S_2070
2024-05-11 19:27:31,-72.96235,18.336655,-80.320404,45.965317,880.17224,-0.034068167,-14155.824604160644,132.0,S_2070
2024-05-11 19:27:32,-72.90973,18.337036,-80.29243,45.643585,880.1815,-0.044883646,-14424.486969471898,132.0,S_2070
2024-05-11 19:27:33,-72.85715,18.337402,-80.26445,45.335846,880.19073,-0.044817697,-14694.236111018432,132.0,S_2070
2024-05-11 19:27:34,-72.804596,18.337769,-80.23647,45.028103,880.18896,-0.047155615,-14970.19098844114,132.0,S_2070
2024-05-11 19:27:35,-72.75208,18.33812,-80.21549,44.71337,880.18524,-0.047089268,-15241.590288918862,132.0,S_2070
2024-05-11 19:27:36,-72.6996,18.33847,-80.19451,44.40563,880.1871,-0.033454727,-15439.011781528621,132.0,S_2070
2024-05-11 19:27:37,-72.64715,18.338821,-80.166534,44.09789,880.1871,-0.033401046,-15634.90497017272,132.0,S_2070
2024-05-11 19:27:38,-72.594734,18.339172,-80.13856,43.790146,880.1871,-0.02724571,-15786.959765364354,132.0,S_2070
2024-05-11 19:27:39,-72.54235,18.339508,-80.11058,43.4894,880.1871,-0.021090373,-15910.332401268155,132.0,S_2070
2024-05-11 19:27:40,-72.49,18.339844,-80.07561,43.18166,880.1871,-0.025859632,-16052.367736225304,132.0,S_2070
2024-05-11 19:27:41,-72.43768,18.34018,-80.04763,42.880913,880.1871,-0.025816761,-16193.513818706346,132.0,S_2070
2024-05-11 19:27:42,-72.3854,18.3405,-80.01965,42.58716,880.1871,-0.0383062,-16421.1200596056,132.0,S_2070
2024-05-11 19:27:43,-72.333145,18.34082,-79.99168,42.28641,880.1871,-0.038248077,-16643.826519831797,132.0,S_2070
2024-05-11 19:27:44,-72.28093,18.34114,-79.9637,41.99266,880.1871,-0.042197093,-16893.224578622598,132.0,S_2070
2024-05-11 19:27:45,-72.228745,18.341446,-79.93573,41.698906,880.1871,-0.0421871,-17160.38232299711,132.0,S_2070
2024-05-11 19:27:46,-72.1766,18.341751,-79.90076,41.405155,880.1871,-0.042177103,-17409.15469468856,132.0,S_2070
2024-05-11 19:27:47,-72.12448,18.342056,-79.87278,41.1114,880.1871,-0.04211656,-17654.752352499647,132.0,S_2070
2024-05-11 19:27:48,-72.072395,18.342346,-79.8448,40.824642,880.1871,-0.0383202,-17876.80942470351,132.0,S_2070
2024-05-11 19:27:49,-72.02035,18.342651,-79.816826,40.537884,880.1871,-0.038263723,-18098.98838034672,132.0,S_2070
2024-05-11 19:27:50,-71.96833,18.342926,-79.78885,40.251125,880.1871,-0.03131345,-18285.880543197283,132.0,S_2070
2024-05-11 19:27:51,-71.91634,18.343216,-79.75388,39.97136,880.1871,-0.031262647,-18475.098244994046,132.0,S_2070
2024-05-11 19:27:52,-71.864395,18.34349,-79.71891,39.6846,880.1871,-0.02708092,-18620.91797971417,132.0,S_2070
2024-05-11 19:27:53,-71.81248,18.343765,-79.69093,39.40484,880.1871,-0.027034491,-18769.041665808345,132.0,S_2070
2024-05-11 19:27:54,-71.7606,18.34404,-79.66296,39.125072,880.1871,-0.022193689,-18886.390178963702,132.0,S_2070
2024-05-11 19:27:55,-71.70875,18.3443,-79.63498,38.845306,880.1871,-0.02215427,-19001.033089064204,132.0,S_2070
2024-05-11 19:27:56,-71.65693,18.344559,-79.607,38.572536,880.1871,-0.018544242,-19101.349472094127,132.0,S_2070
2024-05-11 19:27:57,-71.60515,18.344818,-79.57203,38.299767,880.1871,-0.021029443,-19216.831165930427,132.0,S_2070
2024-05-11 19:27:58,-71.5534,18.345062,-79.53706,38.026997,880.1871,-0.023514643,-19349.444950013974,132.0,S_2070
2024-05-11 19:27:59,-71.50168,18.345306,-79.50209,37.754227,880.1871,-0.023473332,-19479.358664912877,132.0,S_2070
2024-05-11 19:28:00,-71.45,18.34555,-79.46712,37.48845,880.1871,-0.029879272,-19656.36042025102,132.0,S_2070
2024-05-11 19:28:01,-71.39802,18.345596,-79.43215,37.21568,880.1871,-0.029832473,-19829.527200058776,132.0,S_2070
2024-05-11 19:28:02,-71.346085,18.345642,-79.39718,36.9499,880.1871,-0.025138102,-19958.198611968397,132.0,S_2070
2024-05-11 19:28:03,-71.2942,18.345703,-79.3692,36.69112,880.1871,-0.025098734,-20103.012027697845,132.0,S_2070
2024-05-11 19:28:04,-71.242355,18.345749,-79.334236,36.425346,880.1871,-0.0151704885,-20177.00041407734,132.0,S_2070
2024-05-11 19:28:05,-71.19055,18.345795,-79.29926,36.16656,880.1871,-0.015142746,-20251.418312937523,132.0,S_2070
2024-05-11 19:28:06,-71.138794,18.345856,-79.26429,35.90778,880.1871,-0.013706451,-20310.588282175104,132.0,S_2070
2024-05-11 19:28:07,-71.08708,18.345917,-79.23631,35.649,880.18896,-0.01367981,-20375.931410234414,132.0,S_2070
2024-05-11 19:28:08,-71.035416,18.345978,-79.20135,35.39721,880.1871,-0.015134555,-20451.234337717255,132.0,S_2070
2024-05-11 19:28:09,-70.983795,18.346039,-79.166374,35.138428,880.1815,-0.015106227,-20524.286996005303,132.0,S_2070
2024-05-11 19:28:10,-70.93222,18.3461,-79.1314,34.88664,880.1815,-0.013156997,-20585.09309292201,132.0,S_2070
2024-05-11 19:28:11,-70.880684,18.34616,-79.096436,34.634853,880.2001,-0.013131045,-20645.883184867613,132.0,S_2070
2024-05-11 19:28:12,-70.82919,18.346222,-79.06146,34.383064,880.20374,-0.016994135,-20732.390077053085,132.0,S_2070
2024-05-11 19:28:13,-70.777756,18.346298,-79.02649,34.131275,880.13525,-0.020857226,-20842.212409120883,132.0,S_2070
2024-05-11 19:28:14,-70.72635,18.34636,-78.99152,33.886482,880.0241,-0.024720317,-20977.94402513319,132.0,S_2070
2024-05-11 19:28:15,-70.674995,18.346436,-78.95655,33.641685,879.9722,-0.024678255,-21113.69034503774,132.0,S_2070
2024-05-11 19:28:16,-70.62369,18.346512,-78.92158,33.396893,879.98517,-0.027428817,-21267.741697928366,132.0,S_2070
2024-05-11 19:28:17,-70.57242,18.346573,-78.88661,33.1521,879.99817,-0.027385533,-21432.31287221987,132.0,S_2070
2024-05-11 19:28:18,-70.521194,18.34665,-78.84464,32.9143,879.99445,-0.025610458,-21573.478432060372,132.0,S_2070
2024-05-11 19:28:19,-70.47002,18.346725,-78.80968,32.669506,879.9907,-0.02556772,-21713.222932343662,132.0,S_2070
2024-05-11 19:28:20,-70.418884,18.346817,-78.774704,32.431705,879.9907,-0.020023648,-21815.31758438144,132.0,S_2070
2024-05-11 19:28:21,-70.3678,18.346893,-78.73973,32.2009,879.9926,-0.019990036,-21930.234915039397,132.0,S_2070
2024-05-11 19:28:22,-70.31675,18.34697,-78.69777,31.9631,879.9926,-0.01824324,-22019.311382965654,132.0,S_2070
2024-05-11 19:28:23,-70.265755,18.347061,-78.662796,31.732294,879.9926,-0.018212132,-22120.12960343756,132.0,S_2070
2024-05-11 19:28:24,-70.2148,18.347153,-78.620834,31.501488,879.9926,-0.02457177,-22250.678543628575,132.0,S_2070
2024-05-11 19:28:25,-70.16389,18.347229,-78.58586,31.270683,879.9926,-0.024533175,-22395.7236217046,132.0,S_2070
2024-05-11 19:28:26,-70.11302,18.34732,-78.5439,31.039877,879.9926,-0.023663078,-22518.098383332752,132.0,S_2070
2024-05-11 19:28:27,-70.062195,18.347412,-78.50893,30.816065,879.9926,-0.023624849,-22645.982813760325,132.0,S_2070
2024-05-11 19:28:28,-70.01142,18.347504,-78.47395,30.58526,879.9926,-0.017164743,-22729.767243056638,132.0,S_2070
2024-05-11 19:28:29,-69.960686,18.347595,-78.43899,30.361448,879.9926,-0.017133705,-22813.979273439243,132.0,S_2070
2024-05-11 19:28:30,-69.909996,18.347702,-78.404015,30.137636,879.9926,-0.018794235,-22916.331449824953,132.0,S_2070
2024-05-11 19:28:31,-69.85935,18.347794,-78.36205,29.920818,879.9926,-0.018760102,-23007.237847398374,132.0,S_2070
2024-05-11 19:28:32,-69.808754,18.3479,-78.32708,29.704,879.9926,-0.019261759,-23115.799375303217,132.0,S_2070
2024-05-11 19:28:33,-69.758194,18.347992,-78.28512,29.48019,879.9926,-0.019763418,-23212.985195616522,132.0,S_2070
2024-05-11 19:28:34,-69.70769,18.348099,-78.250145,29.263372,879.9926,-0.020872358,-23330.6883133388,132.0,S_2070
2024-05-11 19:28:35,-69.65722,18.348206,-78.20818,29.046555,879.9926,-0.020835876,-23446.178028600465,132.0,S_2070
2024-05-11 19:28:36,-69.6068,18.348312,-78.166214,28.829737,879.9926,-0.025785506,-23595.70982426756,132.0,S_2070
2024-05-11 19:28:37,-69.55642,18.34842,-78.12425,28.612919,879.9926,-0.025745042,-23742.27674515809,132.0,S_2070
2024-05-11 19:28:38,-69.50609,18.348526,-78.08228,28.403095,879.9926,-0.026165118,-23892.366305384872,132.0,S_2070
2024-05-11 19:28:39,-69.455795,18.348648,-78.04032,28.193274,879.9926,-0.02612226,-24025.668678908092,132.0,S_2070
2024-05-11 19:28:40,-69.40555,18.348755,-78.00535,27.990444,879.9926,-0.023307027,-24159.630279078512,132.0,S_2070
2024-05-11 19:28:41,-69.355354,18.348877,-77.96339,27.78062,879.99445,-0.0232671,-24278.910335968394,132.0,S_2070
2024-05-11 19:28:42,-69.3052,18.348984,-77.92841,27.570797,879.9926,-0.024201911,-24416.15364931748,132.0,S_2070
2024-05-11 19:28:43,-69.25508,18.349106,-77.88645,27.367968,879.98706,-0.02416275,-24538.912759358085,132.0,S_2070
2024-05-11 19:28:44,-69.20502,18.349228,-77.85148,27.165138,879.99445,-0.02042021,-24663.386159306676,132.0,S_2070
2024-05-11 19:28:45,-69.155,18.34935,-77.80252,26.962309,880.013,-0.020383831,-24771.675234346083,132.0,S_2070
2024-05-11 19:28:46,-69.10502,18.349472,-77.76056,26.75948,879.98517,-0.018934663,-24862.874504475025,132.0,S_2070
2024-05-11 19:28:47,-69.055084,18.349594,-77.725586,26.55665,879.8852,-0.018901981,-24963.923105875052,132.0,S_2070
2024-05-11 19:28:48,-69.005196,18.349716,-77.683624,26.360815,879.7908,-0.02043149,-25073.422917248216,132.0,S_2070
2024-05-11 19:28:49,-68.95535,18.349854,-77.641655,26.16498,879.7704,-0.021961,-25205.857612522916,132.0,S_2070
2024-05-11 19:28:50,-68.90555,18.349976,-77.5927,25.969145,879.7889,-0.02080994,-25305.014816470917,132.0,S_2070
2024-05-11 19:28:51,-68.8558,18.350113,-77.55773,25.77331,879.8037,-0.020774094,-25419.715522713792,132.0,S_2070
2024-05-11 19:28:52,-68.80608,18.35025,-77.51576,25.577475,879.8,-0.018653702,-25518.164798677346,132.0,S_2070
2024-05-11 19:28:53,-68.75642,18.350388,-77.4738,25.38164,879.7963,-0.018617809,-25614.343448270956,132.0,S_2070
2024-05-11 19:28:54,-68.706795,18.350525,-77.43183,25.192799,879.7981,-0.022189837,-25734.551926863314,132.0,S_2070
2024-05-11 19:28:55,-68.65722,18.350662,-77.38987,25.003958,879.7981,-0.02215213,-25842.93875488646,132.0,S_2070
2024-05-11 19:28:56,-68.60768,18.3508,-77.3549,24.815115,879.7981,-0.023040373,-25971.483072899166,132.0,S_2070
2024-05-11 19:28:57,-68.5582,18.350937,-77.312935,24.626274,879.7981,-0.023002174,-26094.914767466536,132.0,S_2070
2024-05-11 19:28:58,-68.50875,18.35109,-77.270966,24.444427,879.7981,-0.021450084,-26223.835764372852,132.0,S_2070
2024-05-11 19:28:59,-68.45935,18.351227,-77.22201,24.255587,879.7981,-0.021412212,-26335.017390897425,132.0,S_2070
2024-05-11 19:29:00,-68.409996,18.35138,-77.180046,24.07374,879.7981,-0.022956781,-26475.200569497858,132.0,S_2070
2024-05-11 19:29:01,-68.36093,18.351639,-77.13109,23.8849,879.7981,-0.022917435,-26596.619202911992,132.0,S_2070
2024-05-11 19:29:02,-68.311905,18.351898,-77.08912,23.703053,879.7981,-0.02382737,-26724.094360054223,132.0,S_2070
2024-05-11 19:29:03,-68.26291,18.352158,-77.04716,23.528198,879.7981,-0.023786753,-26842.083695334215,132.0,S_2070
2024-05-11 19:29:04,-68.21395,18.352417,-77.012184,23.346352,879.7981,-0.024306225,-26975.404120465224,132.0,S_2070
2024-05-11 19:29:05,-68.16503,18.352661,-76.97022,23.1715,879.7981,-0.024825696,-27113.348872917646,132.0,S_2070
2024-05-11 19:29:06,-68.11615,18.35292,-76.92826,22.989653,879.8,-0.02362297,-27254.24591109553,132.0,S_2070
2024-05-11 19:29:07,-68.0673,18.353165,-76.879295,22.814798,879.7981,-0.023584077,-27376.364502340322,132.0,S_2070
2024-05-11 19:29:08,-68.018486,18.353409,-76.83733,22.64694,879.7908,-0.02583412,-27518.908288481813,132.0,S_2070
2024-05-11 19:29:09,-67.96971,18.353653,-76.79537,22.472088,879.7926,-0.02579407,-27661.02242497421,132.0,S_2070
2024-05-11 19:29:10,-67.92097,18.353897,-76.7534,22.297235,879.8111,-0.026651606,-27824.523765113256,132.0,S_2070
2024-05-11 19:29:11,-67.87226,18.354141,-76.704445,22.122381,879.8148,-0.026609285,-27966.719175398444,132.0,S_2070
2024-05-11 19:29:12,-67.82359,18.35437,-76.66248,21.954523,879.74445,-0.023061214,-28089.350748769502,132.0,S_2070
2024-05-11 19:29:13,-67.77496,18.354614,-76.620514,21.786665,879.6352,-0.023024576,-28225.594199808438,132.0,S_2070
2024-05-11 19:29:14,-67.72637,18.354843,-76.571556,21.618805,879.5833,-0.022724865,-28344.0464049934,132.0,S_2070
2024-05-11 19:29:15,-67.67781,18.355072,-76.529594,21.450947,879.5944,-0.022687733,-28464.898355315978,132.0,S_2070
2024-05-11 19:29:16,-67.62929,18.3553,-76.487625,21.283089,879.60925,-0.023799323,-28590.121621340317,132.0,S_2070
2024-05-11 19:29:17,-67.580795,18.35553,-76.44566,21.122223,879.6056,-0.023760375,-28732.68268937648,132.0,S_2070
2024-05-11 19:29:18,-67.53235,18.355759,-76.396706,20.954365,879.6018,-0.024167493,-28872.698052917694,132.0,S_2070
2024-05-11 19:29:19,-67.48393,18.355988,-76.34775,20.7935,879.6018,-0.024125602,-29015.808237452737,132.0,S_2070
2024-05-11 19:29:20,-67.435555,18.356201,-76.29879,20.62564,879.6037,-0.024185473,-29141.891770949725,132.0,S_2070
2024-05-11 19:29:21,-67.38721,18.35643,-76.25682,20.464777,879.6037,-0.024145188,-29267.778018819634,132.0,S_2070
2024-05-11 19:29:22,-67.338905,18.356644,-76.21486,20.310907,879.6037,-0.02554424,-29421.395884439793,132.0,S_2070
2024-05-11 19:29:23,-67.290634,18.356857,-76.1659,20.150042,879.6037,-0.025500894,-29556.86791985319,132.0,S_2070
2024-05-11 19:29:24,-67.2424,18.35707,-76.12393,19.989178,879.6037,-0.026482547,-29697.924835830738,132.0,S_2070
2024-05-11 19:29:25,-67.1942,18.357285,-76.08197,19.835306,879.6037,-0.026439512,-29858.383420194354,132.0,S_2070
2024-05-11 19:29:26,-67.146034,18.357483,-76.03301,19.674442,879.6037,-0.024894055,-30002.508448797635,132.0,S_2070
2024-05-11 19:29:27,-67.09791,18.357697,-75.984055,19.52057,879.6056,-0.024850942,-30146.943286097398,132.0,S_2070
2024-05-11 19:29:28,-67.04982,18.357895,-75.9351,19.366701,879.6018,-0.023221131,-30266.370813484893,132.0,S_2070
2024-05-11 19:29:29,-67.00176,18.358109,-75.89313,19.212831,879.5963,-0.021591322,-30378.19666365927,132.0,S_2070
2024-05-11 19:29:30,-66.95375,18.358307,-75.851166,19.05896,879.59814,-0.020725453,-30482.13782588661,132.0,S_2070
2024-05-11 19:29:31,-66.90577,18.358505,-75.8092,18.912085,879.6167,-0.020689582,-30601.449673710267,132.0,S_2070
2024-05-11 19:29:32,-66.85782,18.358704,-75.76024,18.758213,879.62036,-0.02008912,-30711.53815369167,132.0,S_2070
2024-05-11 19:29:33,-66.80991,18.358887,-75.71128,18.611338,879.55,-0.019488659,-30820.371695549882,132.0,S_2070
2024-05-11 19:29:34,-66.76204,18.359085,-75.66232,18.457466,879.44073,-0.01782663,-30902.238807231966,132.0,S_2070
2024-05-11 19:29:35,-66.7142,18.359268,-75.62036,18.317583,879.38885,-0.01779588,-31000.44163890055,132.0,S_2070
2024-05-11 19:29:36,-66.6664,18.359467,-75.571396,18.170708,879.4,-0.017967427,-31086.089802588285,132.0,S_2070
2024-05-11 19:29:37,-66.61863,18.35965,-75.529434,18.02383,879.4148,-0.01793433,-31185.06805687963,132.0,S_2070
2024-05-11 19:29:38,-66.5709,18.359833,-75.48048,17.876955,879.4148,-0.017315878,-31275.4188743559,132.0,S_2070
2024-05-11 19:29:39,-66.52321,18.360016,-75.43152,17.737072,879.40735,-0.017283326,-31357.632193267964,132.0,S_2070
2024-05-11 19:29:40,-66.475555,18.360199,-75.38955,17.590197,879.40735,-0.015599796,-31439.152274794258,132.0,S_2070
2024-05-11 19:29:41,-66.42793,18.360367,-75.34059,17.450314,879.40924,-0.015567458,-31518.442155254066,132.0,S_2070
2024-05-11 19:29:42,-66.38035,18.36055,-75.29163,17.310432,879.40924,-0.015434344,-31596.937895305426,132.0,S_2070
2024-05-11 19:29:43,-66.3328,18.360718,-75.242676,17.17055,879.40924,-0.015402383,-31665.85862902696,132.0,S_2070
2024-05-11 19:29:44,-66.285286,18.360886,-75.200714,17.030666,879.40735,-0.017904233,-31752.830620478322,132.0,S_2070
2024-05-11 19:29:45,-66.23781,18.361053,-75.158745,16.890785,879.40924,-0.017872721,-31850.67404094388,132.0,S_2070
2024-05-11 19:29:46,-66.19037,18.361221,-75.10979,16.750902,879.40924,-0.019448591,-31956.798920592948,132.0,S_2070
2024-05-11 19:29:47,-66.14297,18.36139,-75.06083,16.611021,879.40735,-0.01941166,-32073.21270048248,132.0,S_2070
2024-05-11 19:29:48,-66.0956,18.361557,-75.004875,16.478132,879.4018,-0.017662676,-32154.554305437778,132.0,S_2070
2024-05-11 19:29:49,-66.04826,18.36171,-74.96291,16.33825,879.4037,-0.017629782,-32249.158937908534,132.0,S_2070
2024-05-11 19:29:50,-66.00097,18.361877,-74.913956,16.205362,879.4222,-0.012892451,-32302.008630677214,132.0,S_2070
2024-05-11 19:29:51,-65.95371,18.36203,-74.87199,16.072474,879.4259,-0.012864513,-32365.291862465383,132.0,S_2070
2024-05-11 19:29:52,-65.90649,18.362183,-74.82303,15.939586,879.3555,-0.013319534,-32429.15847801959,132.0,S_2070
2024-05-11 19:29:53,-65.8593,18.362335,-74.77407,15.806697,879.2463,-0.013291044,-32492.918020187994,132.0,S_2070
2024-05-11 19:29:54,-65.81215,18.362488,-74.72511,15.673809,879.1944,-0.019848935,-32600.85345067815,132.0,S_2070
2024-05-11 19:29:55,-65.76503,18.36264,-74.676155,15.540921,879.2055,-0.019812897,-32706.329659331896,132.0,S_2070
2024-05-11 19:29:56,-65.71796,18.362778,-74.6272,15.415027,879.2185,-0.020875325,-32808.97706756434,132.0,S_2070
2024-05-11 19:29:57,-65.67091,18.36293,-74.58523,15.282139,879.2166,-0.021937754,-32917.52751194431,132.0,S_2070
2024-05-11 19:29:58,-65.6239,18.363068,-74.54327,15.156244,879.21295,-0.020714903,-33032.279727189336,132.0,S_2070
2024-05-11 19:29:59,-65.576935,18.363205,-74.49431,15.030351,879.21295,-0.0206751,-33144.324744860816,132.0,S_2070
2024-05-11 19:30:00,-65.53,18.363342,-74.44535,14.904456,879.2147,-0.019346243,-33262.51160434492,132.0,S_2070
2024-05-11 19:30:01,-65.48286,18.36348,-74.3894,14.771568,879.21295,-0.019308059,-33362.76390125376,132.0,S_2070
2024-05-11 19:30:02,-65.43575,18.363617,-74.34044,14.645675,879.2147,-0.016528536,-33447.61781008211,132.0,S_2070
2024-05-11 19:30:03,-65.3887,18.363739,-74.29147,14.51978,879.2147,-0.016496703,-33532.346258698,132.0,S_2070
2024-05-11 19:30:04,-65.34169,18.363876,-74.242516,14.393887,879.21295,-0.014372554,-33601.29406129354,132.0,S_2070
2024-05-11 19:30:05,-65.29472,18.363998,-74.19356,14.274986,879.2092,-0.014343542,-33672.24813218206,132.0,S_2070
2024-05-11 19:30:06,-65.247795,18.36412,-74.1446,14.149093,879.2147,-0.01412525,-33739.73165379533,132.0,S_2070
2024-05-11 19:30:07,-65.20092,18.364243,-74.09564,14.030192,879.2389,-0.015213918,-33816.684511392144,132.0,S_2070
2024-05-11 19:30:08,-65.15409,18.364365,-74.046684,13.904298,879.23334,-0.016302586,-33898.64029133984,132.0,S_2070
2024-05-11 19:30:09,-65.1073,18.364487,-73.99773,13.7853985,879.1592,-0.016269937,-33980.86775770288,132.0,S_2070
2024-05-11 19:30:10,-65.060555,18.364594,-73.94877,13.666498,879.0499,-0.028889662,-34146.32964388611,132.0,S_2070
2024-05-11 19:30:11,-65.013855,18.364716,-73.8998,13.547599,878.99994,-0.028839255,-34311.605565231104,132.0,S_2070
2024-05-11 19:30:12,-64.9672,18.364822,-73.850845,13.428699,879.01105,-0.031232087,-34492.84350114251,132.0,S_2070
2024-05-11 19:30:13,-64.920586,18.36493,-73.80189,13.309798,879.024,-0.03117812,-34673.90910295912,132.0,S_2070
2024-05-11 19:30:14,-64.87402,18.365036,-73.75293,13.190899,879.0222,-0.024023468,-34807.86061415915,132.0,S_2070
2024-05-11 19:30:15,-64.8275,18.365143,-73.70397,13.071999,879.01843,-0.023978896,-34938.75151503386,132.0,S_2070
2024-05-11 19:30:16,-64.78102,18.36525,-73.655014,12.960093,879.01843,-0.024489358,-35073.47880272501,132.0,S_2070
2024-05-11 19:30:17,-64.73459,18.365356,-73.60606,12.848187,879.0203,-0.024236575,-35209.65958076198,132.0,S_2070
2024-05-11 19:30:18,-64.6882,18.365448,-73.5571,12.729287,879.01843,-0.02398379,-35340.9829734008,132.0,S_2070
2024-05-11 19:30:19,-64.64185,18.365555,-73.50813,12.617381,879.01843,-0.023935065,-35472.48716399318,132.0,S_2070
2024-05-11 19:30:20,-64.59555,18.365646,-73.459175,12.505475,879.0203,-0.024488294,-35607.73133161437,132.0,S_2070
2024-05-11 19:30:21,-64.5493,18.365738,-73.41022,12.39357,879.01843,-0.024441622,-35742.80327938813,132.0,S_2070
2024-05-11 19:30:22,-64.50309,18.36583,-73.36126,12.281664,879.0148,-0.025255818,-35883.3279960744,132.0,S_2070
2024-05-11 19:30:23,-64.456924,18.365921,-73.3123,12.169758,879.0203,-0.025208674,-36023.681625411504,132.0,S_2070
2024-05-11 19:30:24,-64.4108,18.366013,-73.26334,12.057852,879.0388,-0.023931922,-36155.81475685575,132.0,S_2070
2024-05-11 19:30:25,-64.36472,18.366089,-73.214386,11.945947,879.01294,-0.023886597,-36287.782309254246,132.0,S_2070
2024-05-11 19:30:26,-64.31869,18.36618,-73.16543,11.834041,878.9129,-0.024506927,-36420.96556567374,132.0,S_2070
2024-05-11 19:30:27,-64.2727,18.366257,-73.11646,11.729129,878.8184,-0.024461085,-36557.34906414404,132.0,S_2070
2024-05-11 19:30:28,-64.22675,18.366333,-73.067505,11.617223,878.79626,-0.024036305,-36687.722292145074,132.0,S_2070
2024-05-11 19:30:29,-64.180855,18.36641,-73.01855,11.512311,878.81665,-0.023989331,-36818.296524102356,132.0,S_2070
2024-05-11 19:30:30,-64.135,18.366486,-72.96959,11.407399,878.8296,-0.02062786,-36929.86525188786,132.0,S_2070
2024-05-11 19:30:31,-64.08919,18.366562,-72.92063,11.295494,878.8277,-0.020587292,-37038.31516988216,132.0,S_2070
2024-05-11 19:30:32,-64.04342,18.366638,-72.87167,11.190582,878.82214,-0.01934897,-37139.24577243032,132.0,S_2070
2024-05-11 19:30:33,-63.9977,18.3667,-72.822716,11.08567,878.824,-0.019308917,-37252.98918737349,132.0,S_2070
2024-05-11 19:30:34,-63.952023,18.36676,-72.76676,10.980759,878.82587,-0.01838238,-37357.57707631968,132.0,S_2070
2024-05-11 19:30:35,-63.906387,18.366837,-72.71081,10.875847,878.82587,-0.018342797,-37449.6680817838,132.0,S_2070
2024-05-11 19:30:36,-63.860798,18.366898,-72.66185,10.770935,878.8203,-0.017609464,-37537.567580553936,132.0,S_2070
2024-05-11 19:30:37,-63.815254,18.366959,-72.61289,10.6730175,878.8203,-0.01757184,-37627.85230912242,132.0,S_2070
2024-05-11 19:30:38,-63.769753,18.36702,-72.563934,10.568106,878.8369,-0.01843787,-37723.48327655231,132.0,S_2070
2024-05-11 19:30:39,-63.7243,18.367065,-72.51497,10.463194,878.85364,-0.018398972,-37818.93877255902,132.0,S_2070
2024-05-11 19:30:40,-63.678886,18.367126,-72.46601,10.358282,878.81665,-0.02064379,-37926.52048280882,132.0,S_2070
2024-05-11 19:30:41,-63.633522,18.367172,-72.41705,10.260365,878.7129,-0.02060448,-38036.91058153098,132.0,S_2070
2024-05-11 19:30:42,-63.5882,18.367218,-72.368095,10.155454,878.624,-0.018571736,-38144.05308593444,132.0,S_2070
2024-05-11 19:30:43,-63.542923,18.36728,-72.31214,10.057535,878.61285,-0.018533042,-38248.74549273618,132.0,S_2070
2024-05-11 19:30:44,-63.49769,18.367325,-72.25619,9.959618,878.63135,-0.015232016,-38319.8165882076,132.0,S_2070
2024-05-11 19:30:45,-63.4525,18.367355,-72.20723,9.8617,878.63513,-0.015197719,-38393.37971283098,132.0,S_2070
2024-05-11 19:30:46,-63.407356,18.367401,-72.15827,9.7637825,878.6296,-0.013765974,-38457.83251948033,132.0,S_2070
2024-05-11 19:30:47,-63.362255,18.367447,-72.109314,9.665865,878.6277,-0.013735119,-38522.150371160635,132.0,S_2070
2024-05-11 19:30:48,-63.3172,18.367477,-72.060356,9.567947,878.6296,-0.012660065,-38579.62864224924,132.0,S_2070
2024-05-11 19:30:49,-63.272186,18.367523,-72.0114,9.47003,878.63135,-0.0126304915,-38644.102692341265,132.0,S_2070
2024-05-11 19:30:50,-63.227222,18.367554,-71.955444,9.3791065,878.63135,-0.013552489,-38714.3292973662,132.0,S_2070
2024-05-11 19:30:51,-63.1823,18.367584,-71.89949,9.281189,878.6258,-0.013520539,-38774.88752381644,132.0,S_2070
2024-05-11 19:30:52,-63.13742,18.367615,-71.85053,9.183271,878.6258,-0.01206647,-38828.79260358179,132.0,S_2070
2024-05-11 19:30:53,-63.092587,18.36763,-71.801575,9.085354,878.6425,-0.01203784,-38881.050862564356,132.0,S_2070
2024-05-11 19:30:54,-63.0478,18.36766,-71.75262,8.994431,878.6462,-0.0067952597,-38901.4496277741,132.0,S_2070
2024-05-11 19:30:55,-63.003056,18.367691,-71.70365,8.896513,878.5796,-0.0067736325,-38925.13388786379,132.0,S_2070
2024-05-11 19:30:56,-62.958355,18.367706,-71.647705,8.80559,878.46844,-0.0027140593,-38918.092065805686,132.0,S_2070
2024-05-11 19:30:57,-62.9137,18.367722,-71.59175,8.714665,878.4091,-0.0026958105,-38907.693295159435,132.0,S_2070
2024-05-11 19:30:58,-62.869087,18.367737,-71.54978,8.616748,878.4147,-0.0005823504,-38890.22712713705,132.0,S_2070
2024-05-11 19:30:59,-62.82452,18.367752,-71.500824,8.525825,878.43695,-0.0005676161,-38870.780568621274,132.0,S_2070
2024-05-11 19:31:00,-62.78,18.367767,-71.44487,8.434901,878.4406,-0.00013853097,-38845.6625716904,132.0,S_2070
2024-05-11 19:31:01,-62.735847,18.367737,-71.388916,8.343978,878.43506,-0.00012144097,-38820.34140798573,132.0,S_2070
2024-05-11 19:31:02,-62.69173,18.367706,-71.33996,8.253055,878.43506,-0.0005659006,-38800.5043977737,132.0,S_2070
2024-05-11 19:31:03,-62.647648,18.367676,-71.291,8.16213,878.43506,-0.0010103602,-38783.37247427056,132.0,S_2070
2024-05-11 19:31:04,-62.6036,18.367645,-71.24204,8.078201,878.4314,0.00025108457,-38758.711859387244,132.0,S_2070
2024-05-11 19:31:05,-62.55958,18.367615,-71.193085,7.987278,878.43695,0.00026658457,-38733.3996954086,132.0,S_2070
2024-05-11 19:31:06,-62.5156,18.367569,-71.13713,7.8963547,878.4499,0.0009071948,-38700.90675481781,132.0,S_2070
2024-05-11 19:31:07,-62.47165,18.367538,-71.08118,7.805431,878.4295,0.0009230322,-38669.04387361666,132.0,S_2070
2024-05-11 19:31:08,-62.42773,18.367508,-71.03222,7.721502,878.35175,-0.00259905,-38662.579160923255,132.0,S_2070
2024-05-11 19:31:09,-62.38385,18.367462,-70.98326,7.630578,878.2647,-0.00257725,-38655.287455618745,132.0,S_2070
2024-05-11 19:31:10,-62.34,18.367432,-70.9343,7.546649,878.2258,-0.0066934424,-38678.789862968675,132.0,S_2070
2024-05-11 19:31:11,-62.29618,18.367401,-70.87835,7.4627194,878.23505,-0.006660124,-38699.423547560575,132.0,S_2070
2024-05-11 19:31:12,-62.2524,18.367355,-70.822395,7.37879,878.2443,-0.0014563248,-38683.030088554464,132.0,S_2070
2024-05-11 19:31:13,-62.20865,18.367325,-70.77344,7.2878666,878.2425,0.0037474742,-38636.088538409495,132.0,S_2070
2024-05-11 19:31:14,-62.164932,18.36728,-70.72448,7.203937,878.2406,0.008951273,-38550.64599540145,132.0,S_2070
2024-05-11 19:31:15,-62.12125,18.367233,-70.668526,7.120008,878.2406,0.014155072,-38426.21518410869,132.0,S_2070
2024-05-11 19:31:16,-62.0776,18.367203,-70.61257,7.0360785,878.23694,0.019358872,-38276.19592430584,132.0,S_2070
2024-05-11 19:31:17,-62.03398,18.367157,-70.563614,6.945155,878.2332,0.02456267,-38081.31008856029,132.0,S_2070
2024-05-11 19:31:18,-61.9904,18.367111,-70.50766,6.8612256,878.2425,0.029766468,-37868.17336409019,132.0,S_2070
2024-05-11 19:31:19,-61.94685,18.367065,-70.4587,6.777296,878.261,0.03497027,-37629.21938115991,132.0,S_2070
2024-05-11 19:31:20,-61.90333,18.367035,-70.409744,6.700361,878.2332,0.040174067,-37353.28648082516,132.0,S_2070
2024-05-11 19:31:21,-61.859848,18.36699,-70.36079,6.6164317,878.13135,0.040140867,-37077.050307737525,132.0,S_2070
2024-05-11 19:31:22,-61.8164,18.366943,-70.31183,6.532502,878.04065,0.006876318,-37005.89334644216,132.0,S_2070
2024-05-11 19:31:23,-61.772984,18.366898,-70.255875,6.448573,878.02765,0.0068905656,-36932.7408618684,132.0,S_2070
2024-05-11 19:31:24,-61.7296,18.366852,-70.19992,6.371638,878.048,0.011543602,-36834.449394530086,132.0,S_2070
2024-05-11 19:31:25,-61.68625,18.366806,-70.15096,6.2877083,878.04987,0.016196636,-36711.095076241865,132.0,S_2070
2024-05-11 19:31:26,-61.642933,18.366745,-70.102005,6.210773,878.0462,0.020849673,-36559.21616282274,132.0,S_2070
2024-05-11 19:31:27,-61.599648,18.3667,-70.05305,6.1338377,878.0462,0.020838149,-36390.35154062999,132.0,S_2070
2024-05-11 19:31:28,-61.5564,18.366653,-69.99709,6.0499086,878.0462,0.021259753,-36217.931123127266,132.0,S_2070
2024-05-11 19:31:29,-61.513184,18.366608,-69.94114,5.9729733,878.0424,0.021245858,-36045.89972890717,132.0,S_2070
2024-05-11 19:31:30,-61.469997,18.366547,-69.885185,5.896038,878.0424,0.01949684,-35896.88301329558,132.0,S_2070
2024-05-11 19:31:31,-61.42685,18.3665,-69.83623,5.8121085,878.05914,0.01948261,-35752.786246342315,132.0,S_2070
2024-05-11 19:31:32,-61.38373,18.366455,-69.78727,5.735173,878.0628,0.016584463,-35627.011451555125,132.0,S_2070
2024-05-11 19:31:33,-61.34065,18.366394,-69.73831,5.658238,877.9943,0.01657265,-35489.73081839802,132.0,S_2070
2024-05-11 19:31:34,-61.2976,18.366348,-69.68236,5.5813026,877.8832,0.014322304,-35365.30084652763,132.0,S_2070
2024-05-11 19:31:35,-61.25458,18.366287,-69.6264,5.5043674,877.8313,0.014316978,-35240.862549061014,132.0,S_2070
2024-05-11 19:31:36,-61.211597,18.366241,-69.57045,5.4274325,877.8424,0.012109219,-35131.67295184354,132.0,S_2070
2024-05-11 19:31:37,-61.168648,18.36618,-69.514496,5.3504972,877.85913,0.012108057,-35022.453761615405,132.0,S_2070
2024-05-11 19:31:38,-61.125732,18.36612,-69.45854,5.273562,877.85913,0.012221809,-34920.88673882084,132.0,S_2070
2024-05-11 19:31:39,-61.082848,18.366074,-69.409584,5.1966267,877.84985,0.012219299,-34821.970164407096,132.0,S_2070
2024-05-11 19:31:40,-61.039997,18.366013,-69.36063,5.1196914,877.8443,0.012414824,-34721.79565116457,132.0,S_2070
2024-05-11 19:31:41,-60.99718,18.365952,-69.31167,5.042756,877.8536,0.0124109015,-34614.45608655785,132.0,S_2070
2024-05-11 19:31:42,-60.9544,18.36589,-69.255714,4.972815,877.8721,0.011533502,-34509.411946154534,132.0,S_2070
2024-05-11 19:31:43,-60.911648,18.36583,-69.19976,4.8958797,877.8443,0.01153275,-34413.469249684786,132.0,S_2070
2024-05-11 19:31:44,-60.86893,18.365768,-69.1508,4.8259387,877.7443,0.00027142,-34389.52189617624,132.0,S_2070
2024-05-11 19:31:45,-60.82625,18.365707,-69.101845,4.7490034,877.64984,0.0002931105,-34365.12554253392,132.0,S_2070
2024-05-11 19:31:46,-60.7836,18.365646,-69.05289,4.679062,877.62946,-0.0028825384,-34362.94383853025,132.0,S_2070
2024-05-11 19:31:47,-60.740982,18.365585,-68.99693,4.602127,877.648,-0.002855219,-34357.21843115159,132.0,S_2070
2024-05-11 19:31:48,-60.6984,18.365524,-68.94098,4.5321856,877.66284,0.0055748895,-34293.48006996638,132.0,S_2070
2024-05-11 19:31:49,-60.65585,18.365463,-68.885025,4.4552503,877.6591,0.005583908,-34229.98436018461,132.0,S_2070
2024-05-11 19:31:50,-60.61333,18.365402,-68.82907,4.385309,877.6554,0.006283303,-34166.454188033524,132.0,S_2070
2024-05-11 19:31:51,-60.57085,18.365326,-68.78011,4.315368,877.6572,0.0062887925,-34100.365336220726,132.0,S_2070
2024-05-11 19:31:52,-60.5284,18.365265,-68.72416,4.238433,877.6554,0.0063340776,-34036.14125061418,132.0,S_2070
2024-05-11 19:31:53,-60.48598,18.365204,-68.6752,4.168492,877.65356,0.0063401735,-33974.89002731074,132.0,S_2070
2024-05-11 19:31:54,-60.4436,18.365128,-68.62624,4.098551,877.6665,0.0057906504,-33912.94714708794,132.0,S_2070
2024-05-11 19:31:55,-60.40125,18.365067,-68.57029,4.0286098,877.6684,0.0057981648,-33848.928222161114,132.0,S_2070
2024-05-11 19:31:56,-60.358932,18.36499,-68.514336,3.9656625,877.61835,0.006940444,-33780.64857054679,132.0,S_2070
2024-05-11 19:31:57,-60.31665,18.36493,-68.46538,3.8887272,877.52765,0.0069449935,-33710.390379096556,132.0,S_2070
2024-05-11 19:31:58,-60.2744,18.364853,-68.409424,3.8187861,877.4573,0.008336936,-33629.195577607374,132.0,S_2070
2024-05-11 19:31:59,-60.23218,18.364792,-68.35348,3.755839,877.44794,0.008340726,-33547.33790997307,132.0,S_2070
2024-05-11 19:32:00,-60.19,18.364716,-68.29752,3.685898,877.4628,0.008373866,-33464.88079338112,132.0,S_2070
2024-05-11 19:32:01,-60.148014,18.364655,-68.24157,3.6159568,877.4665,0.008377053,-33388.240467239,132.0,S_2070
2024-05-11 19:32:02,-60.106052,18.364578,-68.19261,3.5460157,877.46094,0.009257835,-33308.80456248119,132.0,S_2070
2024-05-11 19:32:03,-60.064125,18.364517,-68.143654,3.4760745,877.4573,0.009258675,-33230.55162232881,132.0,S_2070
2024-05-11 19:32:04,-60.02222,18.36444,-68.09469,3.4131274,877.4628,0.010073877,-33139.33572516943,132.0,S_2070
2024-05-11 19:32:05,-59.980347,18.364365,-68.03874,3.3431864,877.4776,0.01007414,-33046.27083329842,132.0,S_2070
2024-05-11 19:32:06,-59.9385,18.364304,-67.98279,3.2802393,877.4573,0.03936209,-32750.366890839985,132.0,S_2070
2024-05-11 19:32:07,-59.89668,18.364227,-67.926834,3.2102983,877.37946,0.039330024,-32481.655281221356,132.0,S_2070
2024-05-11 19:32:08,-59.85489,18.364151,-67.87788,3.140357,877.2906,0.00580587,-32420.146891197117,132.0,S_2070
2024-05-11 19:32:09,-59.81312,18.364075,-67.82192,3.07741,877.25165,0.009032282,-32333.325630218234,132.0,S_2070
2024-05-11 19:32:10,-59.77139,18.363998,-67.76597,3.007469,877.2609,0.0122586945,-32225.341797408684,132.0,S_2070
2024-05-11 19:32:11,-59.72968,18.363922,-67.710014,2.944522,877.272,0.015485107,-32093.88712821636,132.0,S_2070
2024-05-11 19:32:12,-59.688,18.363846,-67.65406,2.8745809,877.2702,0.018711518,-31955.31500137783,132.0,S_2070
2024-05-11 19:32:13,-59.646347,18.36377,-67.6051,2.8116338,877.26465,0.021937931,-31800.08882289623,132.0,S_2070
2024-05-11 19:32:14,-59.60472,18.363693,-67.556145,2.7486868,877.26276,0.025164343,-31625.179357757414,132.0,S_2070
2024-05-11 19:32:15,-59.56312,18.363617,-67.50719,2.6857398,877.2776,0.028390756,-31406.927011138163,132.0,S_2070
2024-05-11 19:32:16,-59.521553,18.363525,-67.45123,2.6157985,877.2794,0.03161717,-31167.178919858663,132.0,S_2070
2024-05-11 19:32:17,-59.48001,18.36345,-67.39528,2.5528514,877.22754,0.03159879,-30927.825321351113,132.0,S_2070
2024-05-11 19:32:18,-59.4385,18.363373,-67.339325,2.4899044,877.13684,0.025383737,-30748.661524808507,132.0,S_2070
2024-05-11 19:32:19,-59.39701,18.363281,-67.29037,2.4269574,877.0683,0.025366785,-30554.26058155595,132.0,S_2070
2024-05-11 19:32:20,-59.355553,18.363205,-67.23441,2.3640106,877.06085,0.01924344,-30398.8287797237,132.0,S_2070
2024-05-11 19:32:21,-59.31412,18.363113,-67.17846,2.3010635,877.07385,0.019234315,-30243.432217121735,132.0,S_2070
2024-05-11 19:32:22,-59.27272,18.363037,-67.12251,2.2381165,877.072,0.019832328,-30083.906831053282,132.0,S_2070
2024-05-11 19:32:23,-59.231346,18.362946,-67.06656,2.1751695,877.07385,0.020430341,-29934.693626479093,132.0,S_2070
2024-05-11 19:32:24,-59.19,18.362854,-67.0176,2.1122224,877.0868,0.020752728,-29773.906891443134,132.0,S_2070
2024-05-11 19:32:25,-59.148678,18.362778,-66.96165,2.0562694,877.0683,0.020740394,-29608.398194289053,132.0,S_2070
2024-05-11 19:32:26,-59.107388,18.362686,-66.90569,1.9933224,876.9905,0.01739266,-29477.624111326222,132.0,S_2070
2024-05-11 19:32:27,-59.066124,18.362595,-66.856735,1.9303755,876.9016,0.017384127,-29337.268686761097,132.0,S_2070
2024-05-11 19:32:28,-59.024887,18.362503,-66.80078,1.8674284,876.86273,0.016852586,-29199.846709017278,132.0,S_2070
2024-05-11 19:32:29,-58.983677,18.362411,-66.74483,1.8114755,876.872,0.016844673,-29060.771937366124,132.0,S_2070
2024-05-11 19:32:30,-58.942497,18.36232,-66.68887,1.7485285,876.8831,0.015286446,-28931.973193598475,132.0,S_2070
2024-05-11 19:32:31,-58.901344,18.362228,-66.63292,1.6855814,876.8812,0.015281085,-28815.999119016516,132.0,S_2070
2024-05-11 19:32:32,-58.860218,18.362137,-66.58396,1.6296285,876.8739,0.01177436,-28722.44614204688,132.0,S_2070
2024-05-11 19:32:33,-58.819122,18.362045,-66.535,1.5666815,876.8739,0.01177242,-28628.54680842829,132.0,S_2070
2024-05-11 19:32:34,-58.778053,18.361938,-66.486046,1.5037345,876.8887,0.013083699,-28518.966088011206,132.0,S_2070
2024-05-11 19:32:35,-58.73701,18.361847,-66.43009,1.4477816,876.8905,0.013079579,-28396.077713214225,132.0,S_2070
2024-05-11 19:32:36,-58.696,18.361755,-66.36715,1.3848345,876.8387,0.01447577,-28271.769215885768,132.0,S_2070
2024-05-11 19:32:37,-58.65501,18.361649,-66.311195,1.3288816,876.7479,0.01447075,-28148.67790409553,132.0,S_2070
2024-05-11 19:32:38,-58.61405,18.361557,-66.25524,1.2659346,876.6794,0.01531123,-28032.334705143505,132.0,S_2070
2024-05-11 19:32:39,-58.573124,18.36145,-66.20628,1.2099817,876.672,0.015304023,-27919.00444299529,132.0,S_2070
2024-05-11 19:32:40,-58.53222,18.361359,-66.157326,1.1540288,876.68494,0.015762607,-27791.601376851002,132.0,S_2070
2024-05-11 19:32:41,-58.491344,18.361252,-66.10137,1.0980759,876.6813,0.015754823,-27659.588041551768,132.0,S_2070
2024-05-11 19:32:42,-58.450497,18.361145,-66.04542,1.0351288,876.68494,0.018808562,-27522.08173776885,132.0,S_2070
2024-05-11 19:32:43,-58.40968,18.361038,-65.99646,0.9791759,876.7016,0.01879727,-27374.154768676453,132.0,S_2070
2024-05-11 19:32:44,-58.368885,18.360947,-65.940506,0.923223,876.67755,0.02578217,-27176.452110927894,132.0,S_2070
2024-05-11 19:32:45,-58.32812,18.36084,-65.88455,0.8672701,876.5775,0.025764074,-26975.54342964256,132.0,S_2070
2024-05-11 19:32:46,-58.287388,18.360733,-65.8286,0.8043231,876.48303,0.026599862,-26771.90427749379,132.0,S_2070
2024-05-11 19:32:47,-58.246677,18.360626,-65.772644,0.7483702,876.4609,0.027435651,-26582.507611613815,132.0,S_2070
2024-05-11 19:32:48,-58.205997,18.36052,-65.72369,0.69241726,876.48126,0.028271439,-26370.484664582793,132.0,S_2070
2024-05-11 19:32:49,-58.165344,18.360413,-65.66773,0.63646436,876.4942,0.029107228,-26150.110329157484,132.0,S_2070
2024-05-11 19:32:50,-58.12472,18.360306,-65.61178,0.58051145,876.4923,0.029943015,-25924.062394764245,132.0,S_2070
2024-05-11 19:32:51,-58.08412,18.360184,-65.55583,0.52455854,876.4849,0.030778805,-25718.267618183556,132.0,S_2070
2024-05-11 19:32:52,-58.043552,18.360077,-65.50687,0.47559974,876.4849,0.031614594,-25479.665859311244,132.0,S_2070
2024-05-11 19:32:53,-58.00301,18.35997,-65.45092,0.4126527,876.49786,0.03245038,-25236.166017398056,132.0,S_2070
2024-05-11 19:32:54,-57.962498,18.359848,-65.394966,0.3566998,876.50165,0.03328617,-24987.278868491885,132.0,S_2070
2024-05-11 19:32:55,-57.922012,18.359741,-65.33901,0.3007469,876.44977,0.034121957,-24711.56952634288,132.0,S_2070
2024-05-11 19:32:56,-57.881554,18.35962,-65.27606,0.2517881,876.359,0.034957748,-24473.807179173607,132.0,S_2070
2024-05-11 19:32:57,-57.84112,18.359512,-65.227104,0.19583519,876.29047,0.035793535,-24240.708183881536,132.0,S_2070
2024-05-11 19:32:58,-57.80072,18.35939,-65.17815,0.1468764,876.2831,0.036629323,-23997.995259194897,132.0,S_2070
2024-05-11 19:32:59,-57.760345,18.359283,-65.12919,0.09092348,876.2942,0.036596164,-23729.053549801916,132.0,S_2070
2024-05-11 19:33:00,-57.719997,18.359161,-65.073235,0.03497057,876.2923,0.035437856,-23465.89592255834,132.0,S_2070
2024-05-11 19:33:01,-57.67976,18.359009,-65.01728,359.98004,876.296,0.03427955,-23209.915791275496,132.0,S_2070
2024-05-11 19:33:02,-57.63955,18.358871,-64.96133,359.9241,876.3127,0.033121243,-22965.701871157537,132.0,S_2070
2024-05-11 19:33:03,-57.59936,18.358719,-64.90537,359.87512,876.28674,0.03196294,-22725.59679880704,132.0,S_2070
2024-05-11 19:33:04,-57.559196,18.358566,-64.84943,359.81918,876.18677,0.03080463,-22492.92704935804,132.0,S_2070
2024-05-11 19:33:05,-57.51906,18.358429,-64.79347,359.7632,876.0941,0.029646324,-22268.070815108214,132.0,S_2070
2024-05-11 19:33:06,-57.478947,18.358276,-64.73752,359.70728,876.0738,0.028488018,-22054.55337769734,132.0,S_2070
2024-05-11 19:33:07,-57.43886,18.358124,-64.681564,359.65833,876.0923,0.02732971,-21849.021358870617,132.0,S_2070
2024-05-11 19:33:08,-57.398796,18.357986,-64.62561,359.60934,876.10156,0.026171403,-21647.91435959781,132.0,S_2070
2024-05-11 19:33:09,-57.35876,18.357834,-64.56966,359.5534,876.0979,0.025013097,-21457.446018688548,132.0,S_2070
2024-05-11 19:33:10,-57.31875,18.357681,-64.5137,359.50446,876.11084,0.02385479,-21271.988686131263,132.0,S_2070
2024-05-11 19:33:11,-57.27876,18.357544,-64.457756,359.4485,876.1164,0.022696484,-21113.30753131296,132.0,S_2070
2024-05-11 19:33:12,-57.238796,18.357391,-64.40879,359.39954,876.04785,0.021538176,-20948.903884599145,132.0,S_2070
2024-05-11 19:33:13,-57.19886,18.357254,-64.352844,359.3506,875.93677,0.02037987,-20789.535374535604,132.0,S_2070
2024-05-11 19:33:14,-57.158947,18.357101,-64.29689,359.3016,875.8849,0.019221563,-20635.422466484364,132.0,S_2070
2024-05-11 19:33:15,-57.11906,18.356964,-64.24094,359.24567,875.8978,0.019211125,-20483.495580489056,132.0,S_2070
2024-05-11 19:33:16,-57.079197,18.356812,-64.18498,359.19672,875.90894,0.018482083,-20347.407716336667,132.0,S_2070
2024-05-11 19:33:17,-57.03936,18.356674,-64.136024,359.14075,875.9034,0.018473173,-20203.00654064893,132.0,S_2070
2024-05-11 19:33:18,-56.999546,18.356522,-64.08007,359.0918,875.9071,0.017792022,-20060.80983669666,132.0,S_2070
2024-05-11 19:33:19,-56.95976,18.356384,-64.02412,359.04285,875.9256,0.01711087,-19935.482470364143,132.0,S_2070
2024-05-11 19:33:20,-56.92,18.356232,-63.97516,358.99387,875.8978,0.016429719,-19804.989682031184,132.0,S_2070
2024-05-11 19:33:21,-56.88026,18.356094,-63.919205,358.94492,875.796,0.015748566,-19676.400226865844,132.0,S_2070
2024-05-11 19:33:22,-56.84055,18.355942,-63.863255,358.89597,875.70526,0.015067414,-19552.334906206706,132.0,S_2070
2024-05-11 19:33:23,-56.80086,18.355804,-63.8073,358.847,875.69415,0.014386264,-19432.81412320015,132.0,S_2070
2024-05-11 19:33:24,-56.761196,18.355652,-63.751347,358.79803,875.7108,0.013705112,-19317.836371728532,132.0,S_2070
2024-05-11 19:33:25,-56.72156,18.355515,-63.695393,358.74908,875.7108,0.01302396,-19207.407895108474,132.0,S_2070
2024-05-11 19:33:26,-56.68195,18.355362,-63.639442,358.70013,875.7108,0.012342809,-19108.557994276474,132.0,S_2070
2024-05-11 19:33:27,-56.64236,18.355225,-63.59048,358.64417,875.733,0.011661657,-19009.545845002685,132.0,S_2070
2024-05-11 19:33:28,-56.6028,18.355072,-63.53453,358.5952,875.7293,0.0109805055,-18920.661714078982,132.0,S_2070
2024-05-11 19:33:29,-56.56326,18.354935,-63.48557,358.54626,875.6553,0.010980015,-18827.809774101646,132.0,S_2070
2024-05-11 19:33:30,-56.523746,18.354797,-63.42962,358.50427,875.54596,0.010714073,-18733.102117478367,132.0,S_2070
2024-05-11 19:33:31,-56.48426,18.354645,-63.373665,358.45532,875.4959,0.010714197,-18638.07318740972,132.0,S_2070
2024-05-11 19:33:32,-56.444798,18.354507,-63.31771,358.40637,875.5089,0.0067123966,-18569.86532426424,132.0,S_2070
2024-05-11 19:33:33,-56.40536,18.354355,-63.26176,358.35742,875.5182,0.0071018506,-18499.038151670473,132.0,S_2070
2024-05-11 19:33:34,-56.365948,18.354218,-63.205807,358.30844,875.51263,0.0074913045,-18425.59685236036,132.0,S_2070
2024-05-11 19:33:35,-56.32656,18.35408,-63.149853,358.2595,875.52747,0.0078807585,-18350.4992821653,132.0,S_2070
2024-05-11 19:33:36,-56.287197,18.353928,-63.0939,358.21753,875.54224,0.008270212,-18272.135766030086,132.0,S_2070
2024-05-11 19:33:37,-56.24786,18.35379,-63.03795,358.16858,875.5089,0.008659666,-18190.83800480447,132.0,S_2070
2024-05-11 19:33:38,-56.20855,18.353653,-62.981995,358.1196,875.4052,0.009049119,-18106.922064014492,132.0,S_2070
2024-05-11 19:33:39,-56.169262,18.3535,-62.92604,358.07065,875.3163,0.009438573,-18021.55474408975,132.0,S_2070
2024-05-11 19:33:40,-56.129997,18.353363,-62.87009,358.0287,875.30334,0.009828027,-17939.748027214802,132.0,S_2070
2024-05-11 19:33:41,-56.09076,18.353226,-62.82113,357.97974,875.3219,0.010217481,-17850.58561001376,132.0,S_2070
2024-05-11 19:33:42,-56.051548,18.353073,-62.76518,357.93076,875.3219,0.010606935,-17757.499662886526,132.0,S_2070
2024-05-11 19:33:43,-56.01236,18.352936,-62.709225,357.8888,875.3219,0.010606354,-17663.390338822486,132.0,S_2070
2024-05-11 19:33:44,-55.973198,18.352798,-62.65327,357.83984,875.33484,0.011000893,-17566.313716289333,132.0,S_2070
2024-05-11 19:33:45,-55.93406,18.352661,-62.597317,357.7909,875.3163,0.011395431,-17468.015332009294,132.0,S_2070
2024-05-11 19:33:46,-55.894947,18.352509,-62.541367,357.74893,875.2385,0.01178997,-17367.408074555045,132.0,S_2070
2024-05-11 19:33:47,-55.85586,18.352371,-62.485413,357.70697,875.1496,0.011787558,-17265.305246992975,132.0,S_2070
2024-05-11 19:33:48,-55.8168,18.352234,-62.42946,357.658,875.1126,0.012017196,-17161.35231161111,132.0,S_2070
2024-05-11 19:33:49,-55.77776,18.352097,-62.37351,357.60904,875.1219,0.012014345,-17058.941479577763,132.0,S_2070
2024-05-11 19:33:50,-55.738747,18.35196,-62.317554,357.56708,875.12744,0.011896436,-16957.604351140995,132.0,S_2070
2024-05-11 19:33:51,-55.69976,18.351807,-62.2616,357.52512,875.12366,0.011893805,-16854.73956168472,132.0,S_2070
2024-05-11 19:33:52,-55.660797,18.35167,-62.205647,357.47614,875.1385,0.013091773,-16754.748548635478,132.0,S_2070
2024-05-11 19:33:53,-55.62186,18.351532,-62.15669,357.43417,875.1423,0.013086646,-16646.445208727586,132.0,S_2070
2024-05-11 19:33:54,-55.582947,18.351395,-62.100735,357.38522,875.07556,0.013336689,-16535.267022367465,132.0,S_2070
2024-05-11 19:33:55,-55.54406,18.351257,-62.044785,357.34326,874.9644,0.0133325225,-16424.405069292217,132.0,S_2070
2024-05-11 19:33:56,-55.5052,18.351105,-61.98883,357.3013,874.907,0.012906678,-16314.659666056185,132.0,S_2070
2024-05-11 19:33:57,-55.466362,18.350967,-61.932877,357.25235,874.91254,0.012904561,-16196.76954839463,132.0,S_2070
2024-05-11 19:33:58,-55.427547,18.35083,-61.86993,357.2104,874.9329,0.013927044,-16089.485616696911,132.0,S_2070
2024-05-11 19:33:59,-55.38876,18.350693,-61.820972,357.1684,874.93115,0.0139225675,-15975.451497874252,132.0,S_2070
2024-05-11 19:34:00,-55.35,18.350555,-61.76502,357.11945,874.9329,0.014413223,-15857.096119094116,132.0,S_2070
2024-05-11 19:34:01,-55.311424,18.350433,-61.709064,357.07748,874.94965,0.01440942,-15739.060304603008,132.0,S_2070
2024-05-11 19:34:02,-55.27287,18.350311,-61.653114,357.03552,874.92554,0.014580688,-15619.876665843352,132.0,S_2070
2024-05-11 19:34:03,-55.234337,18.350204,-61.59716,356.99356,874.8274,0.014576787,-15500.707954581434,132.0,S_2070
2024-05-11 19:34:04,-55.19582,18.350082,-61.541206,356.9516,874.72925,0.014864657,-15390.448335882356,132.0,S_2070
2024-05-11 19:34:05,-55.157326,18.34996,-61.49225,356.90964,874.7033,0.014859313,-15282.814329737019,132.0,S_2070
2024-05-11 19:34:06,-55.118847,18.349838,-61.44329,356.86768,874.7237,0.013618554,-15160.850633560847,132.0,S_2070
2024-05-11 19:34:07,-55.08039,18.349716,-61.380344,356.8187,874.7552,0.013616906,-15035.053196311987,132.0,S_2070
2024-05-11 19:34:08,-55.041954,18.349594,-61.317394,356.77673,874.757,0.013307919,-14921.65101609024,132.0,S_2070
2024-05-11 19:34:09,-55.003536,18.349472,-61.261444,356.73477,874.6829,0.013303977,-14810.865871661961,132.0,S_2070
2024-05-11 19:34:10,-54.965137,18.34935,-61.20549,356.6928,874.57367,0.01306276,-14711.171058637316,132.0,S_2070
2024-05-11 19:34:11,-54.926758,18.349228,-61.156532,356.65085,874.5237,0.0130579015,-14604.60203574242,132.0,S_2070
2024-05-11 19:34:12,-54.888397,18.349106,-61.10058,356.6089,874.5347,0.011868463,-14503.316841329732,132.0,S_2070
2024-05-11 19:34:13,-54.85006,18.348969,-61.044624,356.56693,874.544,0.011866028,-14402.046550688741,132.0,S_2070
2024-05-11 19:34:14,-54.811737,18.348846,-60.988674,356.52496,874.5403,0.011917667,-14300.417507774953,132.0,S_2070
2024-05-11 19:34:15,-54.773438,18.348724,-60.93272,356.48297,874.5533,0.011915138,-14198.803241974572,132.0,S_2070
2024-05-11 19:34:16,-54.735153,18.348602,-60.876766,356.441,874.56995,0.011683308,-14100.13480502573,132.0,S_2070
2024-05-11 19:34:17,-54.69689,18.348465,-60.820812,356.40604,874.5347,0.011680998,-14000.360317319923,132.0,S_2070
2024-05-11 19:34:18,-54.65865,18.348343,-60.764862,356.36407,874.4311,0.011031999,-13904.597024846196,132.0,S_2070
2024-05-11 19:34:19,-54.620426,18.34822,-60.708908,356.3221,874.34216,0.011031887,-13808.828242457152,132.0,S_2070
2024-05-11 19:34:20,-54.582222,18.348083,-60.652954,356.28015,874.33105,0.0106729735,-13715.439501220368,132.0,S_2070
2024-05-11 19:34:21,-54.544037,18.347961,-60.597,356.2382,874.34955,0.010673278,-13622.048636223335,132.0,S_2070
2024-05-11 19:34:22,-54.50587,18.347824,-60.54105,356.19623,874.3478,0.010079758,-13539.90189974093,132.0,S_2070
2024-05-11 19:34:23,-54.467724,18.347702,-60.49209,356.15427,874.34955,0.010079557,-13453.038682082268,132.0,S_2070
2024-05-11 19:34:24,-54.4296,18.347565,-60.43614,356.1123,874.3607,0.010386361,-13361.54129151057,132.0,S_2070
2024-05-11 19:34:25,-54.39149,18.347427,-60.380184,356.07034,874.34216,0.010386958,-13271.326638580547,132.0,S_2070
2024-05-11 19:34:26,-54.353405,18.347305,-60.32423,356.03537,874.26624,0.011201397,-13166.448453966397,132.0,S_2070
2024-05-11 19:34:27,-54.31534,18.347168,-60.261284,355.9934,874.1773,0.011200829,-13066.933424869196,132.0,S_2070
2024-05-11 19:34:28,-54.277287,18.34703,-60.20533,355.95145,874.13477,0.011738335,-12974.911931916038,132.0,S_2070
2024-05-11 19:34:29,-54.239258,18.346909,-60.156372,355.90945,874.14215,0.011735026,-12878.48261789677,132.0,S_2070
2024-05-11 19:34:30,-54.20125,18.346771,-60.100418,355.8745,874.1699,0.011781764,-12777.9537303393,132.0,S_2070
2024-05-11 19:34:31,-54.163258,18.346634,-60.044468,355.83252,874.17175,0.011779483,-12678.649936244663,132.0,S_2070
2024-05-11 19:34:32,-54.125286,18.346497,-59.988514,355.79758,874.1014,0.010966736,-12583.53371482854,132.0,S_2070
2024-05-11 19:34:33,-54.087337,18.34636,-59.93256,355.75558,873.9921,0.010966737,-12488.136894154763,132.0,S_2070
2024-05-11 19:34:34,-54.049404,18.346222,-59.87661,355.71362,873.93475,0.010506215,-12395.802586571386,132.0,S_2070
2024-05-11 19:34:35,-54.011494,18.346085,-59.820656,355.67166,873.94025,0.010506786,-12304.808517917489,132.0,S_2070
2024-05-11 19:34:36,-53.9736,18.345947,-59.7647,355.6367,873.9588,0.010759221,-12211.060946313584,132.0,S_2070
2024-05-11 19:34:37,-53.935726,18.34581,-59.708748,355.59473,873.9569,0.010759568,-12118.41908685978,132.0,S_2070
2024-05-11 19:34:38,-53.897873,18.345673,-59.652798,355.55975,873.96063,0.010805255,-12024.356556488652,132.0,S_2070
2024-05-11 19:34:39,-53.86004,18.345535,-59.596844,355.5178,873.9773,0.010804064,-11939.396401385951,132.0,S_2070
2024-05-11 19:34:40,-53.82222,18.345398,-59.547886,355.48282,873.95135,0.0107566,-11848.221805081732,132.0,S_2070
2024-05-11 19:34:41,-53.784424,18.34526,-59.491932,355.44086,873.8514,0.010755491,-11755.60346800468,132.0,S_2070
2024-05-11 19:34:42,-53.74665,18.345123,-59.435978,355.40588,873.75696,0.0113793565,-11649.348985559911,132.0,S_2070
2024-05-11 19:34:43,-53.708893,18.34497,-59.37303,355.36392,873.74023,0.011378683,-11541.59408716351,132.0,S_2070
2024-05-11 19:34:44,-53.671154,18.344833,-59.310085,355.32895,873.76807,0.012039988,-11445.372591763422,132.0,S_2070
2024-05-11 19:34:45,-53.63344,18.344696,-59.261127,355.287,873.79584,0.012037872,-11346.928146639657,132.0,S_2070
2024-05-11 19:34:46,-53.595737,18.344559,-59.205173,355.252,873.78656,0.011526649,-11258.039841823906,132.0,S_2070
2024-05-11 19:34:47,-53.55806,18.344406,-59.156216,355.21704,873.7069,0.011525031,-11161.692173460033,132.0,S_2070
2024-05-11 19:34:48,-53.5204,18.344269,-59.10026,355.17508,873.5995,0.010431912,-11071.194503959792,132.0,S_2070
2024-05-11 19:34:49,-53.482758,18.344116,-59.044308,355.1401,873.5514,0.010430973,-10971.946460826628,132.0,S_2070
2024-05-11 19:34:50,-53.445137,18.343979,-58.98136,355.09814,873.5625,0.010429327,-10878.904377363586,132.0,S_2070
2024-05-11 19:34:51,-53.407536,18.343826,-58.925407,355.06317,873.5718,0.010428398,-10788.711750554408,132.0,S_2070
2024-05-11 19:34:52,-53.369957,18.343689,-58.869457,355.0282,873.568,0.010706515,-10695.244231062126,132.0,S_2070
2024-05-11 19:34:53,-53.332394,18.343536,-58.813503,354.98624,873.57733,0.010706768,-10602.947817715089,132.0,S_2070
2024-05-11 19:34:54,-53.29485,18.3434,-58.75755,354.95126,873.581,0.01042708,-10512.760315356383,132.0,S_2070
2024-05-11 19:34:55,-53.257324,18.343246,-58.701595,354.9163,873.531,0.010427614,-10422.579556372446,132.0,S_2070
2024-05-11 19:34:56,-53.219822,18.343094,-58.645645,354.88135,873.4421,0.009566521,-10338.037501021048,132.0,S_2070
2024-05-11 19:34:57,-53.18234,18.342941,-58.58969,354.84637,873.3699,0.009566452,-10252.179052496795,132.0,S_2070
2024-05-11 19:34:58,-53.14487,18.342804,-58.533737,354.8044,873.35504,0.008722471,-10172.901979794871,132.0,S_2070
2024-05-11 19:34:59,-53.107426,18.342651,-58.477787,354.76944,873.37726,0.008723225,-10092.686780351003,132.0,S_2070
2024-05-11 19:35:00,-53.07,18.342499,-58.421833,354.72748,873.39764,0.007868595,-10019.012787016567,132.0,S_2070
2024-05-11 19:35:01,-53.03292,18.34233,-58.36588,354.6925,873.368,0.007870178,-9951.39161989151,132.0,S_2070
2024-05-11 19:35:02,-52.99585,18.342148,-58.31692,354.65753,873.2661,0.006511035,-9889.455942204833,132.0,S_2070
2024-05-11 19:35:03,-52.958786,18.34198,-58.260967,354.62256,873.1736,0.0065153325,-9820.098099090756,132.0,S_2070
2024-05-11 19:35:04,-52.921734,18.341812,-58.19802,354.5876,873.155,0.0068945433,-9745.426038525176,132.0,S_2070
2024-05-11 19:35:05,-52.884686,18.341629,-58.135075,354.5526,873.1828,0.006898015,-9680.932833575098,132.0,S_2070
2024-05-11 19:35:06,-52.84765,18.341461,-58.086117,354.51764,873.2106,0.0078040445,-9609.416827746041,132.0,S_2070
2024-05-11 19:35:07,-52.81062,18.341293,-58.030163,354.47568,873.2013,0.0078055654,-9541.913156920644,132.0,S_2070
2024-05-11 19:35:08,-52.7736,18.341125,-57.981205,354.4407,873.12354,0.008082244,-9469.676552342695,132.0,S_2070
2024-05-11 19:35:09,-52.736588,18.340942,-57.92525,354.40573,873.0161,0.008083499,-9388.88148620903,132.0,S_2070
2024-05-11 19:35:10,-52.699585,18.340775,-57.862305,354.37076,872.9661,0.008883454,-9306.299513477781,132.0,S_2070
2024-05-11 19:35:11,-52.662586,18.340607,-57.80635,354.3358,872.97906,0.0088854255,-9226.247897201327,132.0,S_2070
2024-05-11 19:35:12,-52.6256,18.340439,-57.750397,354.3008,872.9865,0.010280464,-9137.034318474623,132.0,S_2070
2024-05-11 19:35:13,-52.58862,18.340271,-57.694447,354.26584,872.9828,0.010279671,-9047.829752507627,132.0,S_2070
2024-05-11 19:35:14,-52.55165,18.340088,-57.638493,354.2309,872.9957,0.0116851665,-8949.38008271157,132.0,S_2070
2024-05-11 19:35:15,-52.514687,18.33992,-57.58254,354.19592,873.01245,0.011683074,-8842.267034261007,132.0,S_2070
2024-05-11 19:35:16,-52.477734,18.339752,-57.519592,354.16095,872.97723,0.012416696,-8745.574454888396,132.0,S_2070
2024-05-11 19:35:17,-52.44079,18.339584,-57.470634,354.12598,872.87537,0.012412959,-8644.870778014505,132.0,S_2070
2024-05-11 19:35:18,-52.40385,18.339417,-57.41468,354.091,872.7846,0.013474558,-8534.647294793322,132.0,S_2070
2024-05-11 19:35:19,-52.36692,18.339249,-57.358727,354.05603,872.76794,0.013472347,-8424.435684259071,132.0,S_2070
2024-05-11 19:35:20,-52.33,18.33908,-57.302773,354.02106,872.7939,0.014246355,-8309.134549910523,132.0,S_2070
2024-05-11 19:35:21,-52.293087,18.338913,-57.246822,353.98608,872.8143,0.014242042,-8193.85431147465,132.0,S_2070
2024-05-11 19:35:22,-52.256184,18.338745,-57.19087,353.9511,872.7846,0.014965665,-8073.807130440662,132.0,S_2070
2024-05-11 19:35:23,-52.219288,18.338577,-57.134914,353.91614,872.68463,0.014960761,-7942.692898680405,132.0,S_2070
2024-05-11 19:35:24,-52.1824,18.33841,-57.071968,353.88116,872.5883,0.014960056,-7831.1022450781675,132.0,S_2070
2024-05-11 19:35:25,-52.14552,18.338242,-57.02301,353.8462,872.5624,0.014955601,-7715.508173183967,132.0,S_2070
2024-05-11 19:35:26,-52.10865,18.338074,-56.967056,353.81824,872.58276,0.0144409565,-7599.163499393042,132.0,S_2070
2024-05-11 19:35:27,-52.07179,18.337906,-56.911102,353.78326,872.61426,0.014436565,-7471.881045349204,132.0,S_2070
2024-05-11 19:35:28,-52.034935,18.337738,-56.848156,353.7483,872.61615,0.01549572,-7345.801941683683,132.0,S_2070
2024-05-11 19:35:29,-51.99809,18.33757,-56.792206,353.71332,872.542,0.015490427,-7222.271147413405,132.0,S_2070
2024-05-11 19:35:30,-51.96125,18.337402,-56.73625,353.67834,872.43274,0.017334461,-7086.583500974302,132.0,S_2070
2024-05-11 19:35:31,-51.92442,18.337234,-56.680298,353.64337,872.38275,0.017327564,-6953.1329092256055,132.0,S_2070
2024-05-11 19:35:32,-51.8876,18.337067,-56.624344,353.6154,872.39386,0.018643646,-6822.693382072735,132.0,S_2070
2024-05-11 19:35:33,-51.85079,18.336899,-56.575386,353.5804,872.40314,0.018636065,-6680.936812854277,132.0,S_2070
2024-05-11 19:35:34,-51.813984,18.336731,-56.519432,353.54547,872.3994,0.01938996,-6534.1612489950785,132.0,S_2070
2024-05-11 19:35:35,-51.777187,18.336563,-56.46348,353.5175,872.41235,0.019381357,-6370.8483875999445,132.0,S_2070
2024-05-11 19:35:36,-51.740402,18.33641,-56.40053,353.4825,872.4272,0.018614646,-6224.172456042019,132.0,S_2070
2024-05-11 19:35:37,-51.70362,18.336243,-56.34458,353.44754,872.39386,0.018606756,-6093.641993894198,132.0,S_2070
2024-05-11 19:35:38,-51.66685,18.336075,-56.295624,353.41257,872.292,0.01647043,-5968.249350857819,132.0,S_2070
2024-05-11 19:35:39,-51.63009,18.335907,-56.23967,353.38458,872.20123,0.016465887,-5826.311982323685,132.0,S_2070
2024-05-11 19:35:40,-51.593334,18.33574,-56.176723,353.3496,872.1846,0.015295706,-5690.195568146344,132.0,S_2070
2024-05-11 19:35:41,-51.556587,18.335587,-56.113773,353.31467,872.2087,0.015291834,-5567.415137984986,132.0,S_2070
2024-05-11 19:35:42,-51.51985,18.335419,-56.057823,353.28668,872.22534,0.014380925,-5461.895462882705,132.0,S_2070
2024-05-11 19:35:43,-51.48312,18.33525,-56.00886,353.2517,872.20123,0.014377375,-5348.163027499861,132.0,S_2070
2024-05-11 19:35:44,-51.4464,18.335083,-55.95291,353.21674,872.1234,0.010990224,-5246.159247367417,132.0,S_2070
2024-05-11 19:35:45,-51.409687,18.33493,-55.889965,353.18176,872.03644,0.01099156,-5151.217290147601,132.0,S_2070
2024-05-11 19:35:46,-51.372982,18.334763,-55.83401,353.15378,871.99384,0.0070601944,-5084.4876294969,132.0,S_2070
2024-05-11 19:35:47,-51.33629,18.334595,-55.778057,353.12582,872.0012,0.0070624715,-5021.9586765406275,132.0,S_2070
2024-05-11 19:35:48,-51.2996,18.334442,-55.7291,353.09085,872.029,0.0043105874,-4974.714566111055,132.0,S_2070
2024-05-11 19:35:49,-51.26292,18.334274,-55.673145,353.05588,872.0309,0.0036083935,-4927.3829138936635,132.0,S_2070
2024-05-11 19:35:50,-51.22625,18.334106,-55.6102,353.0279,871.9586,0.0029061995,-4884.68785451429,132.0,S_2070
2024-05-11 19:35:51,-51.189587,18.333954,-55.554245,352.99292,871.84937,0.0029134837,-4844.591532532584,132.0,S_2070
2024-05-11 19:35:52,-51.152935,18.333786,-55.498295,352.96494,871.7938,0.0029706152,-4803.985434224931,132.0,S_2070
2024-05-11 19:35:53,-51.116287,18.333633,-55.44234,352.92996,871.80493,0.0029763721,-4763.500414161936,132.0,S_2070
2024-05-11 19:35:54,-51.07965,18.333466,-55.386387,352.902,871.8364,0.0034258054,-4719.89904294553,132.0,S_2070
2024-05-11 19:35:55,-51.043022,18.333313,-55.330433,352.86703,871.85126,0.0034326194,-4673.476363771166,132.0,S_2070
2024-05-11 19:35:56,-51.0064,18.333145,-55.267487,352.83206,871.80865,0.0031153727,-4629.627612484219,132.0,S_2070
2024-05-11 19:35:57,-50.969788,18.332977,-55.211533,352.80408,871.70496,0.0031210189,-4590.815922340407,132.0,S_2070
2024-05-11 19:35:58,-50.933186,18.332825,-55.162575,352.7761,871.61786,-1.0925578e-05,-4572.475575066201,132.0,S_2070
2024-05-11 19:35:59,-50.896587,18.332657,-55.10662,352.74115,871.60675,-2.722023e-06,-4551.354858116159,132.0,S_2070
2024-05-11 19:36:00,-50.86,18.332504,-55.05067,352.71317,871.6234,-0.0018140321,-4543.820575463629,132.0,S_2070
2024-05-11 19:36:01,-50.823666,18.332352,-54.987724,352.6782,871.6234,-0.001802032,-4531.901717181856,132.0,S_2070
2024-05-11 19:36:02,-50.787334,18.332184,-54.93177,352.6502,871.6234,-0.0022427333,-4525.893827669672,132.0,S_2070
2024-05-11 19:36:03,-50.751,18.332031,-54.875816,352.61523,871.63635,-0.0022328396,-4519.278449015008,132.0,S_2070
2024-05-11 19:36:04,-50.71467,18.331863,-54.819862,352.58725,871.61786,-0.0038242629,-4523.2373458851725,132.0,S_2070
2024-05-11 19:36:05,-50.678333,18.33171,-54.763912,352.5593,871.54193,-0.0038131173,-4527.674575141216,132.0,S_2070
2024-05-11 19:36:06,-50.642002,18.331543,-54.70796,352.52432,871.45306,-0.004685952,-4537.008296847838,132.0,S_2070
2024-05-11 19:36:07,-50.605667,18.33139,-54.652004,352.49634,871.41046,-0.004672716,-4547.166913170222,132.0,S_2070
2024-05-11 19:36:08,-50.569332,18.331238,-54.596054,352.46136,871.41785,-0.0039582816,-4551.810099085749,132.0,S_2070
2024-05-11 19:36:09,-50.533,18.33107,-54.5401,352.43338,871.4438,-0.003947079,-4556.634180375746,132.0,S_2070
2024-05-11 19:36:10,-50.496666,18.330917,-54.484146,352.40543,871.4456,-0.0029208495,-4555.228614185173,132.0,S_2070
2024-05-11 19:36:11,-50.460335,18.330765,-54.428192,352.37045,871.37524,-0.0029090992,-4555.287979089648,132.0,S_2070
2024-05-11 19:36:12,-50.424,18.330597,-54.365246,352.34247,871.266,-0.0023630091,-4547.404327331809,132.0,S_2070
2024-05-11 19:36:13,-50.38767,18.330444,-54.30929,352.31448,871.21045,-0.0023531748,-4541.939133900283,132.0,S_2070
2024-05-11 19:36:14,-50.351334,18.330292,-54.25334,352.28653,871.21967,-0.002663497,-4538.885072021767,132.0,S_2070
2024-05-11 19:36:15,-50.315002,18.33014,-54.197388,352.25156,871.253,-0.002653459,-4535.15564536475,132.0,S_2070
2024-05-11 19:36:16,-50.278667,18.329971,-54.141434,352.22357,871.266,-0.0036078584,-4538.391897858579,132.0,S_2070
2024-05-11 19:36:17,-50.242332,18.329819,-54.085484,352.1886,871.2252,-0.0035956549,-4540.8083668954205,132.0,S_2070
2024-05-11 19:36:18,-50.206,18.329666,-54.02953,352.1606,871.1216,-0.0031928376,-4540.859429531265,132.0,S_2070
2024-05-11 19:36:19,-50.169666,18.329514,-53.973576,352.13266,871.03265,-0.0031824026,-4541.318398958341,132.0,S_2070
2024-05-11 19:36:20,-50.133335,18.329361,-53.91762,352.0977,871.0178,-0.0017651789,-4531.885782230347,132.0,S_2070
2024-05-11 19:36:21,-50.097,18.329193,-53.86167,352.0697,871.0419,-0.0017559339,-4522.645853799499,132.0,S_2070
2024-05-11 19:36:22,-50.06067,18.32904,-53.805717,352.04172,871.05853,-0.00081551203,-4507.919118462611,132.0,S_2070
2024-05-11 19:36:23,-50.024334,18.328888,-53.74277,352.01373,871.03265,-0.0008061481,-4490.073493786753,132.0,S_2070
2024-05-11 19:36:24,-49.988,18.328735,-53.686817,351.98578,870.953,-0.00044901646,-4472.445666587722,132.0,S_2070
2024-05-11 19:36:25,-49.951668,18.328583,-53.630863,351.9508,870.86597,-0.00044091977,-4454.473632585963,132.0,S_2070
2024-05-11 19:36:26,-49.915333,18.32843,-53.574913,351.92282,870.83075,-0.0011260464,-4441.203362082575,132.0,S_2070
2024-05-11 19:36:27,-49.879,18.328278,-53.51896,351.89484,870.84,-0.0011160662,-4427.877979855468,132.0,S_2070
2024-05-11 19:36:28,-49.842667,18.328125,-53.463005,351.86688,870.8456,-0.0014419089,-4416.684178459458,132.0,S_2070
2024-05-11 19:36:29,-49.806335,18.327972,-53.40705,351.8389,870.84186,-0.0017677516,-4407.618995169825,132.0,S_2070
2024-05-11 19:36:30,-49.77,18.32782,-53.3511,351.8109,870.85486,-0.0020935943,-4402.534416421186,132.0,S_2070
2024-05-11 19:36:31,-49.733665,18.327667,-53.288155,351.77594,870.86035,-0.002419437,-4395.048796604751,132.0,S_2070
2024-05-11 19:36:32,-49.697334,18.327515,-53.2322,351.748,870.79376,-0.0027452798,-4392.3810082381315,132.0,S_2070
2024-05-11 19:36:33,-49.661,18.327362,-53.176247,351.72,870.68445,-0.0030711223,-4391.844450186225,132.0,S_2070
2024-05-11 19:36:34,-49.62467,18.32721,-53.120293,351.69202,870.6196,-0.003396965,-4393.438899739078,132.0,S_2070
2024-05-11 19:36:35,-49.588333,18.327057,-53.064342,351.66403,870.6215,-0.0033868742,-4394.981682468351,132.0,S_2070
2024-05-11 19:36:36,-49.552002,18.326904,-53.00839,351.63608,870.653,-0.0025997187,-4391.418861258222,132.0,S_2070
2024-05-11 19:36:37,-49.515667,18.326752,-52.952435,351.6081,870.6752,-0.002590263,-4388.19723992137,132.0,S_2070
2024-05-11 19:36:38,-49.479332,18.3266,-52.896484,351.57312,870.64185,-0.0015857142,-4377.83279392511,132.0,S_2070
2024-05-11 19:36:39,-49.443,18.326447,-52.84053,351.54514,870.54,-0.0015770486,-4367.463030395673,132.0,S_2070
2024-05-11 19:36:40,-49.406666,18.326294,-52.784576,351.52417,870.4493,-0.0010876678,-4354.342559829689,132.0,S_2070
2024-05-11 19:36:41,-49.370335,18.326141,-52.728622,351.4962,870.43256,-0.0010779782,-4341.746303915061,132.0,S_2070
2024-05-11 19:36:42,-49.334,18.326004,-52.665676,351.4682,870.4585,-0.0011175565,-4326.349419238664,132.0,S_2070
2024-05-11 19:36:43,-49.29767,18.325851,-52.609722,351.43323,870.47516,-0.0011093013,-4312.94645112865,132.0,S_2070
2024-05-11 19:36:44,-49.261333,18.325699,-52.553772,351.40527,870.4493,-0.0008901624,-4298.361330394975,132.0,S_2070
2024-05-11 19:36:45,-49.225,18.325546,-52.497818,351.3773,870.3715,-0.0008806825,-4283.61641424855,132.0,S_2070
2024-05-11 19:36:46,-49.188667,18.325394,-52.441864,351.3563,870.2844,-8.925656e-05,-4264.064895269439,132.0,S_2070
2024-05-11 19:36:47,-49.152332,18.325256,-52.385914,351.32834,870.2418,-8.181762e-05,-4244.263864846798,132.0,S_2070
2024-05-11 19:36:48,-49.116,18.325104,-52.32996,351.29337,870.24927,0.001007547,-4217.137789386463,132.0,S_2070
2024-05-11 19:36:49,-49.079666,18.324951,-52.274006,351.26538,870.277,0.0010141722,-4189.447905894427,132.0,S_2070
2024-05-11 19:36:50,-49.043335,18.324799,-52.21106,351.2374,870.277,0.0020099152,-4153.615213579309,132.0,S_2070
2024-05-11 19:36:51,-49.007,18.324661,-52.155106,351.2094,870.2085,0.0020158053,-4120.18292232517,132.0,S_2070
2024-05-11 19:36:52,-48.97067,18.324509,-52.099155,351.18146,870.09924,0.0020260578,-4086.69446216942,132.0,S_2070
2024-05-11 19:36:53,-48.934334,18.324356,-52.0432,351.15347,870.03625,0.002031914,-4053.4296821040043,132.0,S_2070
2024-05-11 19:36:54,-48.898,18.324219,-51.987247,351.13248,870.03815,0.001091652,-4026.2729999153744,132.0,S_2070
2024-05-11 19:36:55,-48.861668,18.324066,-51.931293,351.10452,870.06964,0.0010981241,-3998.8615896389238,132.0,S_2070
2024-05-11 19:36:56,-48.825333,18.323914,-51.875343,351.07654,870.0918,-0.0009074104,-3984.5339161760858,132.0,S_2070
2024-05-11 19:36:57,-48.789,18.323776,-51.81939,351.04855,870.0585,-0.00089958997,-3970.1663545403426,132.0,S_2070
2024-05-11 19:36:58,-48.752666,18.323624,-51.763435,351.02057,869.9566,-0.002230566,-3966.153355540453,132.0,S_2070
2024-05-11 19:36:59,-48.716335,18.323486,-51.70049,350.9926,869.86584,-0.0022209932,-3958.013880863131,132.0,S_2070
2024-05-11 19:37:00,-48.68,18.323334,-51.644535,350.96463,869.8492,-0.0027662776,-3955.8560434323517,132.0,S_2070
2024-05-11 19:37:01,-48.64432,18.323166,-51.588585,350.93665,869.8733,-0.0027573188,-3953.653830839321,132.0,S_2070
2024-05-11 19:37:02,-48.608624,18.322998,-51.53263,350.9087,869.88995,-0.0032462091,-3952.257875096482,132.0,S_2070
2024-05-11 19:37:03,-48.5729,18.32283,-51.483673,350.8807,869.86584,-0.0032364277,-3955.2039519150785,132.0,S_2070
2024-05-11 19:37:04,-48.537155,18.322662,-51.42772,350.8597,869.78815,-0.0029771947,-3956.915492029344,132.0,S_2070
2024-05-11 19:37:05,-48.50139,18.322495,-51.364773,350.83176,869.70105,-0.0029673171,-3953.731225963471,132.0,S_2070
2024-05-11 19:37:06,-48.4656,18.322342,-51.30882,350.80377,869.65845,-0.0029612696,-3955.13715101,132.0,S_2070
2024-05-11 19:37:07,-48.42979,18.322174,-51.245872,350.7758,869.6659,-0.0029500257,-3951.870305937089,132.0,S_2070
2024-05-11 19:37:08,-48.393955,18.322021,-51.18992,350.7478,869.69183,-0.002469489,-3947.884274376069,132.0,S_2070
2024-05-11 19:37:09,-48.3581,18.321854,-51.133965,350.71985,869.6936,-0.0024609037,-3943.857244368919,132.0,S_2070
2024-05-11 19:37:10,-48.322224,18.321701,-51.078014,350.69186,869.6232,-0.0017440108,-3935.165581990528,132.0,S_2070
2024-05-11 19:37:11,-48.286324,18.321533,-51.02206,350.66388,869.514,-0.0017345084,-3926.196370535632,132.0,S_2070
2024-05-11 19:37:12,-48.2504,18.32138,-50.966106,350.6429,869.45844,-0.001460154,-3916.9815163738967,132.0,S_2070
2024-05-11 19:37:13,-48.214455,18.321228,-50.90316,350.61493,869.46954,-0.001451438,-3903.8300331673454,132.0,S_2070
2024-05-11 19:37:14,-48.17849,18.32106,-50.847206,350.59393,869.50104,-0.0006477757,-3888.2451388455956,132.0,S_2070
2024-05-11 19:37:15,-48.1425,18.320908,-50.791256,350.56598,869.51587,-0.0006390562,-3872.40306340767,132.0,S_2070
2024-05-11 19:37:16,-48.10649,18.320755,-50.735302,350.538,869.47327,0.0006913239,-3847.881598685657,132.0,S_2070
2024-05-11 19:37:17,-48.070457,18.320602,-50.679348,350.51,869.36957,0.00069773966,-3823.3299045728418,132.0,S_2070
2024-05-11 19:37:18,-48.0344,18.32045,-50.623394,350.48203,869.2825,0.0012530665,-3794.377522071096,132.0,S_2070
2024-05-11 19:37:19,-47.99832,18.320312,-50.560448,350.46106,869.27136,0.0012613813,-3763.9917436878895,132.0,S_2070
2024-05-11 19:37:20,-47.962223,18.32016,-50.504498,350.43307,869.2881,0.0020630637,-3730.554521901293,132.0,S_2070
2024-05-11 19:37:21,-47.9261,18.320007,-50.448544,350.4051,869.2862,0.002068568,-3697.0920789945594,132.0,S_2070
2024-05-11 19:37:22,-47.889957,18.319855,-50.39259,350.37714,869.2881,0.0039368714,-3651.429081118382,132.0,S_2070
2024-05-11 19:37:23,-47.85379,18.319717,-50.336636,350.34915,869.3084,0.0039426265,-3606.2679736182836,132.0,S_2070
2024-05-11 19:37:24,-47.8176,18.319565,-50.280685,350.32816,869.3066,0.0013814215,-3577.540885321854,132.0,S_2070
2024-05-11 19:37:25,-47.78139,18.319427,-50.22473,350.3002,869.2344,0.0013873017,-3548.7614331950317,132.0,S_2070
2024-05-11 19:37:26,-47.745155,18.319275,-50.168777,350.2792,869.12506,-0.0025343094,-3545.655933953036,132.0,S_2070
2024-05-11 19:37:27,-47.7089,18.319138,-50.112823,350.25122,869.0695,-0.0025246488,-3543.8621103268524,132.0,S_2070
2024-05-11 19:37:28,-47.672623,18.319,-50.049877,350.23026,869.0806,-0.0025540353,-3538.5347582296818,132.0,S_2070
2024-05-11 19:37:29,-47.636322,18.318863,-49.993927,350.20227,869.1102,-0.0025458343,-3535.3373046302368,132.0,S_2070
2024-05-11 19:37:30,-47.6,18.318726,-49.937973,350.1743,869.1102,-0.002122512,-3529.382021248908,132.0,S_2070
2024-05-11 19:37:31,-47.563656,18.318573,-49.88202,350.14633,869.03986,-0.0021131863,-3523.092810200127,132.0,S_2070
2024-05-11 19:37:32,-47.52729,18.318436,-49.826065,350.12534,868.9325,-0.0018835396,-3515.8094217693288,132.0,S_2070
2024-05-11 19:37:33,-47.490902,18.318298,-49.770115,350.09735,868.8695,-0.0018758356,-3508.2818688382176,132.0,S_2070
2024-05-11 19:37:34,-47.45449,18.318176,-49.71416,350.0694,868.8695,-0.0018710338,-3500.7369380981254,132.0,S_2070
2024-05-11 19:37:35,-47.418056,18.318039,-49.658207,350.0414,868.901,-0.0018965619,-3494.5474834594206,132.0,S_2070
2024-05-11 19:37:36,-47.3816,18.317902,-49.59526,350.02042,868.9232,-0.0019220902,-3486.630052662338,132.0,S_2070
2024-05-11 19:37:37,-47.345123,18.317764,-49.532314,349.99246,868.8899,-0.0019476183,-3475.5263999110393,132.0,S_2070
2024-05-11 19:37:38,-47.308624,18.317642,-49.483356,349.97147,868.788,-0.0019731466,-3471.2748018967104,132.0,S_2070
2024-05-11 19:37:39,-47.2721,18.317505,-49.427402,349.94348,868.69727,-0.0019986746,-3465.8679836940646,132.0,S_2070
2024-05-11 19:37:40,-47.235558,18.317383,-49.364456,349.92252,868.6806,-0.0020242028,-3458.7546549931285,132.0,S_2070
2024-05-11 19:37:41,-47.19899,18.317245,-49.30151,349.89453,868.7065,-0.0020497309,-3448.286117151787,132.0,S_2070
2024-05-11 19:37:42,-47.1624,18.317123,-49.25255,349.87354,868.7232,-0.002075259,-3444.7469041445656,132.0,S_2070
2024-05-11 19:37:43,-47.12579,18.317001,-49.196598,349.84558,868.69727,-0.0021007874,-3438.8300984345187,132.0,S_2070
2024-05-11 19:37:44,-47.089157,18.31688,-49.140644,349.8176,868.6195,-0.0021263154,-3434.672050303554,132.0,S_2070
2024-05-11 19:37:45,-47.0525,18.316742,-49.077698,349.7896,868.5324,-0.0021518436,-3426.456003629588,132.0,S_2070
2024-05-11 19:37:46,-47.015823,18.31662,-49.021744,349.76865,868.4898,-0.0021470967,-3419.508837857611,132.0,S_2070
2024-05-11 19:37:47,-46.979122,18.316498,-48.972786,349.74066,868.49725,-0.0021389024,-3417.5650584881587,132.0,S_2070
2024-05-11 19:37:48,-46.9424,18.316376,-48.90984,349.71967,868.525,-0.002470214,-3411.982997066494,132.0,S_2070
2024-05-11 19:37:49,-46.905655,18.316254,-48.853886,349.6917,868.52686,-0.0024625082,-3410.0324382843755,132.0,S_2070
2024-05-11 19:37:50,-46.86889,18.316147,-48.79094,349.67072,868.4565,-0.0033643432,-3407.3326292642087,132.0,S_2070
2024-05-11 19:37:51,-46.8321,18.316025,-48.741978,349.64975,868.3472,-0.003357029,-3414.3681594373556,132.0,S_2070
2024-05-11 19:37:52,-46.795288,18.315903,-48.67903,349.62875,868.2898,-0.0041233418,-3419.6856562057073,132.0,S_2070
2024-05-11 19:37:53,-46.758457,18.315796,-48.623077,349.60077,868.30096,-0.004113404,-3430.150606448369,132.0,S_2070
2024-05-11 19:37:54,-46.7216,18.315674,-48.56013,349.5728,868.3342,-0.0039080554,-3433.890777339402,132.0,S_2070
2024-05-11 19:37:55,-46.684723,18.315552,-48.50418,349.54483,868.3472,-0.0038997391,-3439.374419980777,132.0,S_2070
2024-05-11 19:37:56,-46.647823,18.315445,-48.448227,349.52383,868.3065,-0.0029387148,-3438.9020301272612,132.0,S_2070
2024-05-11 19:37:57,-46.6109,18.315338,-48.392273,349.50287,868.2028,-0.0029309862,-3438.8200932835243,132.0,S_2070
2024-05-11 19:37:58,-46.573956,18.315216,-48.33632,349.47488,868.1139,-0.002686889,-3434.5436189257816,132.0,S_2070
2024-05-11 19:37:59,-46.536987,18.31511,-48.28736,349.4539,868.0972,-0.002680147,-3435.1772252670635,132.0,S_2070
2024-05-11 19:38:00,-46.5,18.315002,-48.231407,349.42593,868.12134,-0.0027301558,-3435.2893519738136,132.0,S_2070
2024-05-11 19:38:01,-46.46266,18.31488,-48.16846,349.40494,868.13983,-0.0027801644,-3433.99855834333,132.0,S_2070
2024-05-11 19:38:02,-46.425312,18.314758,-48.105515,349.37695,868.1139,-0.0028301731,-3430.3803361390455,132.0,S_2070
2024-05-11 19:38:03,-46.38795,18.314636,-48.04956,349.356,868.03424,-0.002880182,-3430.047643394122,132.0,S_2070
2024-05-11 19:38:04,-46.35058,18.31453,-47.99361,349.328,867.9472,-0.0029301904,-3429.4322290384516,132.0,S_2070
2024-05-11 19:38:05,-46.313194,18.314407,-47.937656,349.30704,867.9102,-0.0029801992,-3429.7845987014807,132.0,S_2070
2024-05-11 19:38:06,-46.2758,18.314285,-47.881702,349.27905,867.91943,-0.0008906793,-3416.1070871215707,132.0,S_2070
2024-05-11 19:38:07,-46.238396,18.314178,-47.82575,349.25806,867.925,-0.0008842361,-3403.2616070802396,132.0,S_2070
2024-05-11 19:38:08,-46.200977,18.314072,-47.762802,349.2371,867.92126,0.00020782615,-3380.4278363733392,132.0,S_2070
2024-05-11 19:38:09,-46.16355,18.31395,-47.706852,349.2161,867.9361,0.00021377031,-3359.861021860961,132.0,S_2070
2024-05-11 19:38:10,-46.12611,18.313843,-47.650898,349.1881,867.9398,0.0012875248,-3332.062034344046,132.0,S_2070
2024-05-11 19:38:11,-46.08866,18.313736,-47.594944,349.16016,867.875,0.0012929245,-3304.432477785638,132.0,S_2070
2024-05-11 19:38:12,-46.0512,18.31363,-47.53899,349.13916,867.7657,0.0023257646,-3270.376029717838,132.0,S_2070
2024-05-11 19:38:13,-46.013725,18.313522,-47.48304,349.1182,867.70087,0.0023306343,-3236.2988952590604,132.0,S_2070
2024-05-11 19:38:14,-45.976242,18.31343,-47.427086,349.0972,867.70276,0.0011389115,-3209.710748093872,132.0,S_2070
2024-05-11 19:38:15,-45.938747,18.313324,-47.37113,349.0692,867.73236,0.0011458151,-3182.206143575284,132.0,S_2070
2024-05-11 19:38:16,-45.901245,18.313217,-47.308186,349.04825,867.75464,0.0009583798,-3154.5146138834752,132.0,S_2070
2024-05-11 19:38:17,-45.863728,18.313126,-47.25223,349.02026,867.72314,0.0009639051,-3129.0702426359567,132.0,S_2070
2024-05-11 19:38:18,-45.8262,18.313034,-47.19628,348.9993,867.6213,0.0012874759,-3101.7490456974556,132.0,S_2070
2024-05-11 19:38:19,-45.788662,18.312927,-47.140327,348.9783,867.5286,0.0012943053,-3073.2388692951354,132.0,S_2070
2024-05-11 19:38:20,-45.75111,18.312836,-47.07738,348.95032,867.5138,0.0013032365,-3043.343390676877,132.0,S_2070
2024-05-11 19:38:21,-45.71355,18.312744,-47.021427,348.92935,867.53796,0.0013085743,-3015.9206792337573,132.0,S_2070
2024-05-11 19:38:22,-45.675976,18.312653,-46.965473,348.90836,867.55457,0.0010747383,-2990.0116391535557,132.0,S_2070
2024-05-11 19:38:23,-45.638393,18.312561,-46.909523,348.8874,867.5305,0.00108017,-2963.9150301949703,132.0,S_2070
2024-05-11 19:38:24,-45.6008,18.31247,-46.85357,348.8594,867.45087,0.0013693909,-2935.9503640360563,132.0,S_2070
2024-05-11 19:38:25,-45.563194,18.312393,-46.797615,348.8384,867.36566,0.0013746688,-2906.921532673674,132.0,S_2070
2024-05-11 19:38:26,-45.525578,18.312302,-46.73467,348.81046,867.32306,0.001671198,-2873.4808141102985,132.0,S_2070
2024-05-11 19:38:27,-45.48795,18.312225,-46.671722,348.78946,867.3305,0.0016771,-2841.462058518977,132.0,S_2070
2024-05-11 19:38:28,-45.45031,18.312134,-46.61577,348.76846,867.35645,0.0019640902,-2811.041061682925,132.0,S_2070
2024-05-11 19:38:29,-45.41266,18.312057,-46.56681,348.7405,867.3583,0.0019697652,-2780.09021278569,132.0,S_2070
2024-05-11 19:38:30,-45.375,18.311981,-46.503864,348.7195,867.28973,0.0019727321,-2746.2113693593055,132.0,S_2070
2024-05-11 19:38:31,-45.337326,18.311905,-46.44791,348.69855,867.1805,0.001977689,-2713.1133529102226,132.0,S_2070
2024-05-11 19:38:32,-45.299644,18.311813,-46.384964,348.67755,867.1175,0.0017509437,-2680.6863911655673,132.0,S_2070
2024-05-11 19:38:33,-45.261948,18.311752,-46.32901,348.6566,867.1194,0.0017559903,-2650.53004869281,132.0,S_2070
2024-05-11 19:38:34,-45.224243,18.311676,-46.273056,348.6356,867.149,0.0012728596,-2623.290412648872,132.0,S_2070
2024-05-11 19:38:35,-45.186527,18.3116,-46.217102,348.6076,867.17126,0.0012781088,-2595.8486189386313,132.0,S_2070
2024-05-11 19:38:36,-45.1488,18.311523,-46.16115,348.57965,867.1379,0.00079971255,-2572.29497543224,132.0,S_2070
2024-05-11 19:38:37,-45.11106,18.311462,-46.112194,348.55865,867.036,0.00080586254,-2549.9694585955804,132.0,S_2070
2024-05-11 19:38:38,-45.07331,18.311386,-46.049244,348.53766,866.94525,0.0008092846,-2523.6721841747203,132.0,S_2070
2024-05-11 19:38:39,-45.03555,18.311325,-45.993294,348.5167,866.92865,0.00081470323,-2499.022927298778,132.0,S_2070
2024-05-11 19:38:40,-44.997776,18.311264,-45.930344,348.4957,866.9546,0.0008236393,-2472.6605678577544,132.0,S_2070
2024-05-11 19:38:41,-44.95999,18.311203,-45.874393,348.47473,866.9712,0.00082902925,-2449.179525855914,132.0,S_2070
2024-05-11 19:38:42,-44.9222,18.311142,-45.82543,348.45374,866.94525,0.00083087926,-2427.2221197595427,132.0,S_2070
2024-05-11 19:38:43,-44.88439,18.31108,-45.76948,348.42578,866.8656,0.0008372367,-2402.281856495749,132.0,S_2070
2024-05-11 19:38:44,-44.846577,18.31102,-45.706535,348.4048,866.7786,0.00084359414,-2375.7100931679306,132.0,S_2070
2024-05-11 19:38:45,-44.808746,18.310959,-45.65058,348.3768,866.7434,0.0008499516,-2350.70300989884,132.0,S_2070
2024-05-11 19:38:46,-44.77091,18.310898,-45.587635,348.35583,866.7527,0.000856309,-2324.212626911307,132.0,S_2070
2024-05-11 19:38:47,-44.73306,18.310852,-45.53168,348.33484,866.75635,0.00086266646,-2299.9659033838034,132.0,S_2070
2024-05-11 19:38:48,-44.695198,18.310791,-45.475727,348.31387,866.7545,0.0008690239,-2275.6903167361816,132.0,S_2070
2024-05-11 19:38:49,-44.657326,18.310745,-45.419773,348.29288,866.7675,0.00087538135,-2250.724603984905,132.0,S_2070
2024-05-11 19:38:50,-44.619442,18.3107,-45.356827,348.27188,866.7731,0.00091908977,-2223.88455970386,132.0,S_2070
2024-05-11 19:38:51,-44.581547,18.310638,-45.300877,348.25092,866.70636,0.0009243493,-2199.1416008286324,132.0,S_2070
2024-05-11 19:38:52,-44.543644,18.310593,-45.244923,348.22293,866.5971,0.0009771618,-2174.0461412386503,132.0,S_2070
2024-05-11 19:38:53,-44.505726,18.310547,-45.18897,348.20197,866.5322,0.0009823963,-2149.1019889104064,132.0,S_2070
2024-05-11 19:38:54,-44.467796,18.310501,-45.133015,348.18097,866.5341,0.0007352584,-2125.759731372884,132.0,S_2070
2024-05-11 19:38:55,-44.42986,18.31047,-45.077065,348.16,866.5656,0.00074057496,-2101.83797227966,132.0,S_2070
2024-05-11 19:38:56,-44.39191,18.310425,-45.01412,348.139,866.5878,0.00051659637,-2077.2785833144226,132.0,S_2070
2024-05-11 19:38:57,-44.353947,18.310379,-44.951168,348.118,866.5545,0.0005227237,-2053.4745070982754,132.0,S_2070
2024-05-11 19:38:58,-44.315975,18.310349,-44.90221,348.09705,866.45264,0.0005261025,-2033.698890936721,132.0,S_2070
2024-05-11 19:38:59,-44.277992,18.310303,-44.846256,348.06906,866.3619,0.0005314583,-2011.158881839634,132.0,S_2070
2024-05-11 19:39:00,-44.239998,18.310272,-44.78331,348.0481,866.3453,0.0005402871,-1986.4857089486177,132.0,S_2070
2024-05-11 19:39:01,-44.2024,18.310242,-44.720364,348.0271,866.3693,0.0005463631,-1962.1949297831889,132.0,S_2070
2024-05-11 19:39:02,-44.16478,18.310226,-44.66441,348.00613,866.386,0.0005037827,-1940.819197647099,132.0,S_2070
2024-05-11 19:39:03,-44.127136,18.310196,-44.61545,347.98514,866.3619,0.00034977542,-1922.3188984356457,132.0,S_2070
2024-05-11 19:39:04,-44.089466,18.310165,-44.559498,347.96414,866.2841,0.000115086965,-1903.0917427386375,132.0,S_2070
2024-05-11 19:39:05,-44.05177,18.31015,-44.503548,347.94318,866.1971,0.00010659668,-1883.8370778301542,132.0,S_2070
2024-05-11 19:39:06,-44.01405,18.310135,-44.440598,347.9152,866.1545,0.00012676738,-1862.0518280849428,132.0,S_2070
2024-05-11 19:39:07,-43.976303,18.310104,-44.37765,347.89423,866.16187,0.000105009065,-1840.6861529014059,132.0,S_2070
2024-05-11 19:39:08,-43.93853,18.31009,-44.321697,347.87323,866.1878,0.00012591126,-1821.4562691861356,132.0,S_2070
2024-05-11 19:39:09,-43.900734,18.310074,-44.265747,347.85925,866.1897,0.00010338426,-1802.6129664734326,132.0,S_2070
2024-05-11 19:39:10,-43.862915,18.310059,-44.21679,347.83826,866.12115,0.00012203801,-1785.6562065513135,132.0,S_2070
2024-05-11 19:39:11,-43.82507,18.310043,-44.160835,347.8173,866.0119,0.00012743467,-1766.3219715406085,132.0,S_2070
2024-05-11 19:39:12,-43.787197,18.310028,-44.09789,347.7893,865.94885,0.0001894848,-1744.1723868015324,132.0,S_2070
2024-05-11 19:39:13,-43.749302,18.310013,-44.03494,347.7683,865.95074,0.00019558764,-1722.3047857133788,132.0,S_2070
2024-05-11 19:39:14,-43.71138,18.310013,-43.97899,347.74734,865.98224,0.0002444237,-1702.3726964634916,132.0,S_2070
2024-05-11 19:39:15,-43.673435,18.309998,-43.923035,347.72635,866.0026,0.00030149438,-1682.0834556196714,132.0,S_2070
2024-05-11 19:39:16,-43.635464,18.309998,-43.86708,347.70538,865.9711,0.00029281294,-1661.863204872163,132.0,S_2070
2024-05-11 19:39:17,-43.59747,18.309982,-43.81113,347.6844,865.86926,0.00039174332,-1641.0186363719913,132.0,S_2070
2024-05-11 19:39:18,-43.55945,18.309982,-43.755177,347.66342,865.7767,0.00039699528,-1620.151641256416,132.0,S_2070
2024-05-11 19:39:19,-43.5214,18.309967,-43.699223,347.64243,865.7619,0.00037574937,-1599.149994233434,132.0,S_2070
2024-05-11 19:39:20,-43.48333,18.309967,-43.636276,347.62143,865.78595,0.0004892593,-1575.488194027872,132.0,S_2070
2024-05-11 19:39:21,-43.445236,18.309967,-43.580322,347.60046,865.80255,0.00040091499,-1554.6335788374708,132.0,S_2070
2024-05-11 19:39:22,-43.407116,18.309967,-43.52437,347.57947,865.7785,0.0004996286,-1533.1549489844037,132.0,S_2070
2024-05-11 19:39:23,-43.36897,18.309967,-43.46842,347.5585,865.697,0.0005047945,-1511.656829985448,132.0,S_2070
2024-05-11 19:39:24,-43.3308,18.309967,-43.412464,347.5375,865.6118,0.00044604397,-1490.212428477098,132.0,S_2070
2024-05-11 19:39:25,-43.292603,18.309967,-43.349518,347.51654,865.5748,0.0002790942,-1467.9756141516991,132.0,S_2070
2024-05-11 19:39:26,-43.254383,18.309967,-43.293564,347.49554,865.58405,0.00031236163,-1447.754081950472,132.0,S_2070
2024-05-11 19:39:27,-43.216137,18.309982,-43.23761,347.47458,865.5896,0.00035964738,-1427.2406574338602,132.0,S_2070
2024-05-11 19:39:28,-43.177864,18.309982,-43.18166,347.45358,865.58594,0.00037889293,-1406.6161107441367,132.0,S_2070
2024-05-11 19:39:29,-43.13957,18.309998,-43.125706,347.43262,865.5989,0.0003139131,-1386.1859318824718,132.0,S_2070
2024-05-11 19:39:30,-43.10125,18.309998,-43.06276,347.41162,865.60443,0.00027921028,-1363.8077439903645,132.0,S_2070
2024-05-11 19:39:31,-43.062904,18.310013,-42.999813,347.39062,865.5377,0.00038332713,-1341.2696761420084,132.0,S_2070
2024-05-11 19:39:32,-43.024532,18.310028,-42.95085,347.36966,865.4285,0.00034565304,-1323.1179093037572,132.0,S_2070
2024-05-11 19:39:33,-42.986137,18.310028,-42.8949,347.34866,865.3655,0.00033674162,-1302.8284122717378,132.0,S_2070
2024-05-11 19:39:34,-42.947716,18.310043,-42.838947,347.3277,865.3655,0.00019768503,-1283.2985358779115,132.0,S_2070
2024-05-11 19:39:35,-42.909267,18.310059,-42.776,347.3067,865.397,0.00034920347,-1260.7494324681975,132.0,S_2070
2024-05-11 19:39:36,-42.8708,18.310074,-42.720047,347.28574,865.41925,0.00038241182,-1239.9153226773778,132.0,S_2070
2024-05-11 19:39:37,-42.832302,18.310104,-42.6571,347.26474,865.38776,0.00030916737,-1217.6538147711472,132.0,S_2070
2024-05-11 19:39:38,-42.79378,18.31012,-42.601147,347.24377,865.2859,0.00032833655,-1197.5250137167095,132.0,S_2070
2024-05-11 19:39:39,-42.755238,18.310135,-42.545193,347.22977,865.1933,0.00039834488,-1176.9961852251945,132.0,S_2070
2024-05-11 19:39:40,-42.716663,18.31015,-42.489243,347.20178,865.17664,0.0003385158,-1156.3774500781947,132.0,S_2070
2024-05-11 19:39:41,-42.67807,18.31018,-42.426292,347.18082,865.2026,0.000187975,-1134.9538839496308,132.0,S_2070
2024-05-11 19:39:42,-42.63945,18.310196,-42.370342,347.15982,865.2303,0.00023534067,-1115.464598337836,132.0,S_2070
2024-05-11 19:39:43,-42.600803,18.310226,-42.31439,347.14584,865.22107,0.00021228107,-1096.2562831644827,132.0,S_2070
2024-05-11 19:39:44,-42.56213,18.310257,-42.258434,347.12485,865.14514,0.0002737394,-1076.5124877860653,132.0,S_2070
2024-05-11 19:39:45,-42.523438,18.310287,-42.202484,347.10388,865.0359,0.00027883862,-1056.7499421265384,132.0,S_2070
2024-05-11 19:39:46,-42.484715,18.310303,-42.14653,347.0829,864.9821,0.00017693557,-1037.5227022744803,132.0,S_2070
2024-05-11 19:39:47,-42.44597,18.310333,-42.083584,347.06192,864.9932,0.00011960394,-1016.62619520913,132.0,S_2070
2024-05-11 19:39:48,-42.4072,18.310364,-42.02763,347.04092,865.0229,0.00029628974,-996.7877210513907,132.0,S_2070
2024-05-11 19:39:49,-42.368404,18.31041,-41.971676,347.01996,865.0229,0.00019440852,-977.6200403714247,132.0,S_2070
2024-05-11 19:39:50,-42.329582,18.31044,-41.915726,346.99896,864.9525,0.00018535153,-958.38494341763,132.0,S_2070
2024-05-11 19:39:51,-42.290737,18.31047,-41.852776,346.978,864.84326,0.00032014376,-936.010134107979,132.0,S_2070
2024-05-11 19:39:52,-42.251865,18.310501,-41.78983,346.957,864.7858,0.00042009767,-913.2465496183577,132.0,S_2070
2024-05-11 19:39:53,-42.21297,18.310547,-41.733875,346.93604,864.7933,0.00032435695,-893.3359373942294,132.0,S_2070
2024-05-11 19:39:54,-42.17405,18.310577,-41.677925,346.92203,864.81177,0.00020835461,-874.445427632636,132.0,S_2070
2024-05-11 19:39:55,-42.1351,18.310623,-41.628963,346.90106,864.80994,0.00038391212,-856.3053325172514,132.0,S_2070
2024-05-11 19:39:56,-42.09613,18.310669,-41.573013,346.88007,864.81177,0.00036056445,-835.8836579699419,132.0,S_2070
2024-05-11 19:39:57,-42.057137,18.3107,-41.510067,346.8591,864.8284,0.00033010636,-813.5619584284141,132.0,S_2070
2024-05-11 19:39:58,-42.018116,18.310745,-41.447117,346.8451,864.8044,0.00013629987,-792.932127091306,132.0,S_2070
2024-05-11 19:39:59,-41.97907,18.310791,-41.39816,346.8171,864.7025,0.00014214113,-776.2557370015711,132.0,S_2070
2024-05-11 19:40:00,-41.94,18.310837,-41.342205,346.79614,864.60986,9.7005686e-05,-757.7854710577158,132.0,S_2070
2024-05-11 19:40:01,-41.900986,18.310883,-41.27926,346.77515,864.5914,0.00018105598,-736.5780892874973,132.0,S_2070
2024-05-11 19:40:02,-41.861942,18.310928,-41.216312,346.76117,864.6192,0.00012247113,-716.0218747843901,132.0,S_2070
2024-05-11 19:40:03,-41.822872,18.310974,-41.16036,346.74017,864.6469,0.00017740874,-697.1445121407378,132.0,S_2070
2024-05-11 19:40:04,-41.783775,18.311035,-41.10441,346.7192,864.6377,8.979195e-05,-678.8476081303525,132.0,S_2070
2024-05-11 19:40:05,-41.74465,18.31108,-41.048454,346.6982,864.5599,5.3675787e-05,-660.8025027722251,132.0,S_2070
2024-05-11 19:40:06,-41.705498,18.311142,-40.9925,346.68423,864.4525,4.4357555e-05,-642.9646904962065,132.0,S_2070
2024-05-11 19:40:07,-41.666317,18.311188,-40.936546,346.66324,864.39874,-0.00012861384,-626.2114698130026,132.0,S_2070
2024-05-11 19:40:08,-41.62711,18.311249,-40.8736,346.64227,864.40985,-0.00013721059,-607.2761049439723,132.0,S_2070
2024-05-11 19:40:09,-41.587875,18.311295,-40.81765,346.62128,864.4358,-0.000103839266,-590.2801074440504,132.0,S_2070
2024-05-11 19:40:10,-41.54861,18.311356,-40.761696,346.6073,864.4358,-0.00012736378,-573.6019428521613,132.0,S_2070
2024-05-11 19:40:11,-41.50932,18.311417,-40.70574,346.5863,864.38025,-0.00014935347,-557.0505095274057,132.0,S_2070
2024-05-11 19:40:12,-41.469997,18.311478,-40.642796,346.56534,864.2914,-0.00030001893,-539.4509823382541,132.0,S_2070
2024-05-11 19:40:13,-41.430653,18.311539,-40.57985,346.54434,864.221,-0.00032978438,-521.8339262762311,132.0,S_2070
2024-05-11 19:40:14,-41.391277,18.3116,-40.523895,346.52338,864.208,-0.00033909178,-506.18700897475355,132.0,S_2070
2024-05-11 19:40:15,-41.351875,18.31166,-40.474937,346.50238,864.2284,-0.00034908642,-493.27556747990457,132.0,S_2070
2024-05-11 19:40:16,-41.312443,18.311737,-40.41199,346.4814,864.2506,-0.0003435079,-476.048423475062,132.0,S_2070
2024-05-11 19:40:17,-41.272984,18.311798,-40.34904,346.46042,864.2191,-0.00027928123,-458.12399042482866,132.0,S_2070
2024-05-11 19:40:18,-41.233498,18.31186,-40.29309,346.44644,864.11725,-0.00038085884,-442.9067690852462,132.0,S_2070
2024-05-11 19:40:19,-41.193985,18.311935,-40.24413,346.42545,864.02466,-0.00029870123,-429.67788852627564,132.0,S_2070
2024-05-11 19:40:20,-41.15444,18.311996,-40.181183,346.40448,864.008,-0.00030746026,-412.24928041263775,132.0,S_2070
2024-05-11 19:40:21,-41.114876,18.312073,-40.118237,346.38348,864.0358,-0.0003941057,-395.1108167719649,132.0,S_2070
2024-05-11 19:40:22,-41.075275,18.31215,-40.062283,346.3695,864.06354,-0.00045277592,-380.69078569668636,132.0,S_2070
2024-05-11 19:40:23,-41.035652,18.312225,-40.006332,346.3485,864.0543,-0.0005098025,-366.51864535474306,132.0,S_2070
2024-05-11 19:40:24,-40.996,18.312302,-39.95038,346.32755,863.9747,-0.0005192316,-352.42060315751587,132.0,S_2070
2024-05-11 19:40:25,-40.956318,18.312378,-39.894424,346.30655,863.86725,-0.00052868016,-338.39626819728437,132.0,S_2070
2024-05-11 19:40:26,-40.91661,18.312454,-39.83847,346.28555,863.81915,-0.0005585635,-324.92622976646817,132.0,S_2070
2024-05-11 19:40:27,-40.876873,18.31253,-39.775524,346.27158,863.8302,-0.0005386679,-308.99767984942446,132.0,S_2070
2024-05-11 19:40:28,-40.83711,18.312607,-39.719574,346.2506,863.8395,-0.00051943376,-294.9550677358202,132.0,S_2070
2024-05-11 19:40:29,-40.797318,18.312683,-39.66362,346.2296,863.83575,-0.00043527206,-280.37938519351883,132.0,S_2070
2024-05-11 19:40:30,-40.7575,18.312775,-39.607666,346.20862,863.845,-0.00045915914,-266.2569888715225,132.0,S_2070
2024-05-11 19:40:31,-40.71765,18.31285,-39.54472,346.19464,863.84875,-0.0004249367,-249.6505235637378,132.0,S_2070
2024-05-11 19:40:32,-40.677776,18.312943,-39.488766,346.17368,863.79877,-0.0004201097,-235.27908422263135,132.0,S_2070
2024-05-11 19:40:33,-40.637875,18.313034,-39.42582,346.15967,863.70984,-0.00051227317,-218.8869015163873,132.0,S_2070
2024-05-11 19:40:34,-40.597942,18.31311,-39.37686,346.1387,863.63763,-0.00036171384,-206.02049450985214,132.0,S_2070
2024-05-11 19:40:35,-40.557987,18.313202,-39.320908,346.1177,863.6228,-0.00037136042,-191.0572996774863,132.0,S_2070
2024-05-11 19:40:36,-40.517998,18.313293,-39.264954,346.10373,863.645,-0.00038103832,-176.63658244929684,132.0,S_2070
2024-05-11 19:40:37,-40.477985,18.313385,-39.202007,346.08273,863.6654,-0.00045157608,-160.4973351482913,132.0,S_2070
2024-05-11 19:40:38,-40.437943,18.313477,-39.13906,346.06177,863.63574,-0.00044620354,-143.671709886381,132.0,S_2070
2024-05-11 19:40:39,-40.397873,18.313568,-39.090103,346.04077,863.5339,-0.00053402747,-131.90261196565552,132.0,S_2070
2024-05-11 19:40:40,-40.357777,18.31366,-39.03415,346.0268,863.4413,-0.0005293098,-118.6047440530674,132.0,S_2070
2024-05-11 19:40:41,-40.317654,18.313766,-38.971203,346.0058,863.4246,-0.00055804045,-103.29391650841717,132.0,S_2070
2024-05-11 19:40:42,-40.2775,18.313858,-38.908257,345.98483,863.45056,-0.0005526653,-87.46822300930216,132.0,S_2070
2024-05-11 19:40:43,-40.23732,18.313965,-38.852303,345.97083,863.47833,-0.0004349631,-73.2028127918311,132.0,S_2070
2024-05-11 19:40:44,-40.19711,18.314056,-38.79635,345.94986,863.46906,-0.00066237344,-60.29850053046539,132.0,S_2070
2024-05-11 19:40:45,-40.156876,18.314163,-38.740395,345.92886,863.3931,-0.0004740477,-46.11875116380543,132.0,S_2070
2024-05-11 19:40:46,-40.11661,18.314255,-38.684444,345.9149,863.2839,-0.00045489057,-32.02270542160113,132.0,S_2070
2024-05-11 19:40:47,-40.076317,18.314362,-38.62849,345.8939,863.232,-0.00060481223,-19.236591163586127,132.0,S_2070
2024-05-11 19:40:48,-40.036,18.314468,-38.565544,345.87292,863.2413,-0.00058498146,0.0,132.0,S_2070
