datetime,mlat,mlt,glat,glon,alt,Ex,pot,cpcp_kV,pass_id
2024-05-13 12:00:25,-40.00514,5.9710846,-52.05719,262.62897,871.62524,-0.0026382885,-17.189103893732124,29.0,S_1396
2024-05-13 12:00:26,-40.06109,5.9711456,-52.11314,262.60098,871.616,-0.002631588,-17.339095323319203,29.0,S_1396
2024-05-13 12:00:27,-40.11705,5.9712067,-52.169094,262.57303,871.5975,-0.0029491005,-19.55963131280341,29.0,S_1396
2024-05-13 12:00:28,-40.17302,5.9712677,-52.225048,262.54504,871.6142,-0.0029445393,-23.94956866839241,29.0,S_1396
2024-05-13 12:00:29,-40.229004,5.9713287,-52.287994,262.51706,871.7067,-0.0029444,-24.193349438859045,29.0,S_1396
2024-05-13 12:00:30,-40.285,5.97139,-52.34395,262.4891,871.80865,-0.0029380328,-26.341427413233234,29.0,S_1396
2024-05-13 12:00:31,-40.341003,5.971451,-52.399902,262.46112,871.8364,-0.002927819,-28.419904615498766,29.0,S_1396
2024-05-13 12:00:32,-40.397022,5.971512,-52.455853,262.43314,871.81976,-0.0029231324,-30.469852769919754,29.0,S_1396
2024-05-13 12:00:33,-40.45305,5.971573,-52.511806,262.40515,871.81604,-0.0029222437,-32.510973904952436,29.0,S_1396
2024-05-13 12:00:34,-40.509087,5.971634,-52.56776,262.3772,871.8179,-0.0029175011,-34.52318344084409,29.0,S_1396
2024-05-13 12:00:35,-40.565136,5.971695,-52.62371,262.3492,871.80493,-0.0029071309,-38.64421627508054,29.0,S_1396
2024-05-13 12:00:36,-40.621197,5.971756,-52.68666,262.32123,871.8123,-0.0029012049,-38.60480221400758,29.0,S_1396
2024-05-13 12:00:37,-40.67727,5.971817,-52.74261,262.29324,871.879,-0.0029002149,-42.67311777124016,29.0,S_1396
2024-05-13 12:00:38,-40.733353,5.971878,-52.805557,262.2653,871.9716,-0.0028942241,-40.44789327844157,29.0,S_1396
2024-05-13 12:00:39,-40.789448,5.971939,-52.85452,262.2373,872.02344,-0.0029734087,-44.76500109414101,29.0,S_1396
2024-05-13 12:00:40,-40.845554,5.972,-52.91047,262.20932,872.0198,-0.0029685884,-47.10933770905939,29.0,S_1396
2024-05-13 12:00:41,-40.90167,5.972061,-52.966423,262.18134,872.0105,-0.0029676189,-49.444398434970594,29.0,S_1396
2024-05-13 12:00:42,-40.957798,5.972122,-53.022377,262.15338,872.01416,-0.0029627446,-51.75092256304538,29.0,S_1396
2024-05-13 12:00:43,-41.013935,5.9721985,-53.07833,262.1254,872.00494,-0.002952177,-56.59527288783892,29.0,S_1396
2024-05-13 12:00:44,-41.070087,5.9722595,-53.141277,262.09042,871.99384,-0.0029443295,-56.48228752040012,29.0,S_1396
2024-05-13 12:00:45,-41.126247,5.9723206,-53.19723,262.06244,872.0401,-0.0032590053,-60.71022204066253,29.0,S_1396
2024-05-13 12:00:46,-41.18242,5.9723816,-53.25318,262.0345,872.1476,-0.003254437,-64.91402108569434,29.0,S_1396
2024-05-13 12:00:47,-41.2386,5.972458,-53.309135,262.0065,872.2272,-0.0032423746,-69.03651114231002,29.0,S_1396
2024-05-13 12:00:48,-41.294796,5.972519,-53.36509,261.97852,872.23834,-0.0032377366,-73.12727951418896,29.0,S_1396
2024-05-13 12:00:49,-41.351,5.97258,-53.42104,261.95053,872.2105,-0.0032387734,-77.22503923370692,29.0,S_1396
2024-05-13 12:00:50,-41.40722,5.9726562,-53.476994,261.92258,872.18274,-0.0032340796,-81.77108722671244,29.0,S_1396
2024-05-13 12:00:51,-41.463448,5.9727173,-53.532948,261.8876,872.1994,-0.0032218567,-85.4027391356206,29.0,S_1396
2024-05-13 12:00:52,-41.519688,5.9727783,-53.5889,261.85962,872.2901,-0.003217092,-89.35886818231074,29.0,S_1396
2024-05-13 12:00:53,-41.575935,5.9728546,-53.64485,261.83163,872.392,-0.0032180331,-93.32142765495684,29.0,S_1396
2024-05-13 12:00:54,-41.6322,5.9729156,-53.700806,261.80368,872.42163,-0.003211435,-99.65047080543764,29.0,S_1396
2024-05-13 12:00:55,-41.68847,5.972992,-53.763752,261.7757,872.40314,-0.0035407373,-103.77027370376754,29.0,S_1396
2024-05-13 12:00:56,-41.744755,5.973053,-53.819706,261.7477,872.3994,-0.0035363103,-110.31332050639094,29.0,S_1396
2024-05-13 12:00:57,-41.80105,5.973114,-53.87566,261.71274,872.405,-0.0035376218,-115.9948614391717,29.0,S_1396
2024-05-13 12:00:58,-41.857353,5.9731903,-53.93161,261.68475,872.39386,-0.0035313573,-122.50077328955945,29.0,S_1396
2024-05-13 12:00:59,-41.91367,5.9732513,-53.987564,261.6498,872.38086,-0.0035210585,-128.07615721139905,29.0,S_1396
2024-05-13 12:01:00,-41.969997,5.9733276,-54.043518,261.62183,872.43085,-0.0035165057,-133.97697405530312,29.0,S_1396
2024-05-13 12:01:01,-42.02593,5.973404,-54.099472,261.59384,872.5383,-0.003515963,-140.37630087740285,29.0,S_1396
2024-05-13 12:01:02,-42.081882,5.97348,-54.155422,261.55887,872.61426,-0.0035113776,-145.8873742996152,29.0,S_1396
2024-05-13 12:01:03,-42.13786,5.9735565,-54.211376,261.53088,872.61426,-0.0035009466,-151.68483696562987,29.0,S_1396
2024-05-13 12:01:04,-42.193863,5.973633,-54.26733,261.50293,872.5864,-0.0034945006,-157.93911877685935,29.0,S_1396
2024-05-13 12:01:05,-42.249893,5.973694,-54.32328,261.46796,872.5772,-0.0034956438,-165.97230135728262,29.0,S_1396
2024-05-13 12:01:06,-42.305946,5.97377,-54.38623,261.43997,872.6198,-0.0034897393,-169.7604054982395,29.0,S_1396
2024-05-13 12:01:07,-42.362026,5.9738464,-54.44218,261.412,872.70685,-0.0034791408,-175.41652000448903,29.0,S_1396
2024-05-13 12:01:08,-42.418133,5.9739227,-54.498135,261.38403,872.7846,-0.0034725575,-181.03207155957455,29.0,S_1396
2024-05-13 12:01:09,-42.47426,5.973999,-54.55409,261.35605,872.8031,-0.003559582,-187.2088839795557,29.0,S_1396
2024-05-13 12:01:10,-42.530415,5.9740753,-54.61004,261.32806,872.79205,-0.0035548431,-193.8545931816176,29.0,S_1396
2024-05-13 12:01:11,-42.586594,5.9741516,-54.665993,261.2931,872.79205,-0.0035423941,-200.061053620792,29.0,S_1396
2024-05-13 12:01:12,-42.6428,5.974228,-54.721947,261.25812,872.79205,-0.0035375804,-205.73925062133958,29.0,S_1396
2024-05-13 12:01:13,-42.699028,5.974304,-54.7779,261.23016,872.7735,-0.0035386304,-214.88224567961788,29.0,S_1396
2024-05-13 12:01:14,-42.75528,5.9743805,-54.840847,261.1952,872.7846,-0.0035307477,-218.58372040419817,29.0,S_1396
2024-05-13 12:01:15,-42.81156,5.974457,-54.8968,261.1672,872.8717,-0.0035199309,-224.50326246641134,29.0,S_1396
2024-05-13 12:01:16,-42.867863,5.974533,-54.95275,261.13922,872.9754,-0.0035149837,-230.39297741620294,29.0,S_1396
2024-05-13 12:01:17,-42.924194,5.9746094,-55.008705,261.11124,873.01245,-0.003515929,-236.76802851798845,29.0,S_1396
2024-05-13 12:01:18,-42.98055,5.9746857,-55.06466,261.0763,872.9976,-0.0035091185,-242.26480030299467,29.0,S_1396
2024-05-13 12:01:19,-43.036926,5.974762,-55.12061,261.0483,872.9828,-0.003591436,-249.14049024866335,29.0,S_1396
2024-05-13 12:01:20,-43.09333,5.9748383,-55.176563,261.01334,872.9865,-0.0035864736,-255.62707184986346,29.0,S_1396
2024-05-13 12:01:21,-43.14976,5.9749146,-55.232517,260.97836,872.97906,-0.0035856264,-258.9480502646154,29.0,S_1396
2024-05-13 12:01:22,-43.206215,5.974991,-55.281475,260.95038,872.9661,-0.003581835,-270.332649089838,29.0,S_1396
2024-05-13 12:01:23,-43.262695,5.9750824,-55.34442,260.9154,873.0142,-0.0034739973,-276.2802296460118,29.0,S_1396
2024-05-13 12:01:24,-43.3192,5.9751587,-55.407368,260.88745,873.1217,-0.0034675493,-280.39903919142205,29.0,S_1396
2024-05-13 12:01:25,-43.37573,5.975235,-55.46332,260.85248,873.19763,-0.0037997677,-284.946751493424,29.0,S_1396
2024-05-13 12:01:26,-43.43228,5.9753113,-55.51228,260.8245,873.2032,-0.0037961719,-295.0989266477691,29.0,S_1396
2024-05-13 12:01:27,-43.48886,5.9753876,-55.568233,260.78952,873.1809,-0.0038777227,-302.98351993402275,29.0,S_1396
2024-05-13 12:01:28,-43.545464,5.975464,-55.624187,260.76154,873.17914,-0.0038729329,-314.56845624990706,29.0,S_1396
2024-05-13 12:01:29,-43.602093,5.97554,-55.687134,260.72656,873.1809,-0.0038728816,-320.4891548508376,29.0,S_1396
2024-05-13 12:01:30,-43.65875,5.9756165,-55.743088,260.6986,873.1643,-0.0038662108,-329.1655345566264,29.0,S_1396
2024-05-13 12:01:31,-43.715427,5.975708,-55.799038,260.66364,873.1736,-0.0038552894,-334.03221146863666,29.0,S_1396
2024-05-13 12:01:32,-43.772133,5.9757843,-55.848,260.63565,873.26245,-0.0038516184,-344.53829620741885,29.0,S_1396
2024-05-13 12:01:33,-43.82886,5.9758606,-55.90395,260.60068,873.3662,-0.0038508903,-352.75724369914155,29.0,S_1396
2024-05-13 12:01:34,-43.885616,5.975937,-55.959904,260.5657,873.3939,-0.0038459068,-360.94084221084677,29.0,S_1396
2024-05-13 12:01:35,-43.942394,5.976013,-56.015858,260.53073,873.37726,-0.0038348236,-368.5464847849314,29.0,S_1396
2024-05-13 12:01:36,-43.9992,5.9761047,-56.07181,260.50278,873.3717,-0.0038279397,-376.96317346555634,29.0,S_1396
2024-05-13 12:01:37,-44.056026,5.976181,-56.12776,260.4678,873.37726,-0.0034921817,-382.80985450580715,29.0,S_1396
2024-05-13 12:01:38,-44.11288,5.9762573,-56.183716,260.43283,873.368,-0.0034866254,-388.16575045185687,29.0,S_1396
2024-05-13 12:01:39,-44.16976,5.9763336,-56.23967,260.40485,873.35504,-0.003473108,-394.2378870457028,29.0,S_1396
2024-05-13 12:01:40,-44.226665,5.976425,-56.295624,260.36987,873.4032,-0.0034674762,-402.4840191335527,29.0,S_1396
2024-05-13 12:01:41,-44.283596,5.9765015,-56.35857,260.3349,873.51245,-0.0034666471,-408.7966044764671,29.0,S_1396
2024-05-13 12:01:42,-44.34055,5.9765778,-56.421516,260.29993,873.58655,-0.003457841,-409.45861792929736,29.0,S_1396
2024-05-13 12:01:43,-44.397526,5.9766693,-56.470474,260.27194,873.58655,-0.0034472637,-417.2821968770286,29.0,S_1396
2024-05-13 12:01:44,-44.454533,5.9767456,-56.52643,260.237,873.5588,-0.0034414954,-422.78987996418505,29.0,S_1396
2024-05-13 12:01:45,-44.511562,5.976822,-56.582382,260.20203,873.5495,-0.0034400024,-427.84681995749816,29.0,S_1396
2024-05-13 12:01:46,-44.568615,5.976898,-56.638332,260.17404,873.5921,-0.0034341733,-433.65741645256435,29.0,S_1396
2024-05-13 12:01:47,-44.625694,5.9769897,-56.694286,260.13907,873.67914,-0.0034221502,-439.03423016982947,29.0,S_1396
2024-05-13 12:01:48,-44.6828,5.977066,-56.75024,260.1041,873.75696,-0.0034144064,-444.35805199225933,29.0,S_1396
2024-05-13 12:01:49,-44.73993,5.9771423,-56.80619,260.06912,873.7773,-0.0037566698,-451.93833935853286,29.0,S_1396
2024-05-13 12:01:50,-44.79708,5.977234,-56.862144,260.03415,873.7643,-0.0037493026,-462.2468476330155,29.0,S_1396
2024-05-13 12:01:51,-44.85426,5.97731,-56.92509,259.99918,873.7625,-0.0036392014,-466.6702375788634,29.0,S_1396
2024-05-13 12:01:52,-44.911465,5.9774017,-56.981045,259.97122,873.7643,-0.0036334805,-473.7895039094067,29.0,S_1396
2024-05-13 12:01:53,-44.968693,5.977478,-57.037,259.93625,873.7514,-0.0036339383,-480.5573972362531,29.0,S_1396
2024-05-13 12:01:54,-45.025948,5.9775543,-57.092953,259.90128,873.7588,-0.0036263117,-487.27295025723856,29.0,S_1396
2024-05-13 12:01:55,-45.08323,5.977646,-57.148903,259.8663,873.82544,-0.0036142748,-493.91113774313703,29.0,S_1396
2024-05-13 12:01:56,-45.140533,5.977722,-57.204857,259.83133,873.9181,-0.003606571,-500.496965674017,29.0,S_1396
2024-05-13 12:01:57,-45.19786,5.9778137,-57.26081,259.79636,873.9699,-0.0036069213,-506.6402625399178,29.0,S_1396
2024-05-13 12:01:58,-45.255215,5.97789,-57.31676,259.76837,873.9662,-0.0036010062,-513.540961904786,29.0,S_1396
2024-05-13 12:01:59,-45.312595,5.9779816,-57.372715,259.7334,873.9569,-0.003958119,-522.4374001787398,29.0,S_1396
2024-05-13 12:02:00,-45.37,5.978058,-57.42867,259.69843,873.96063,-0.0039525987,-531.8726004168482,29.0,S_1396
2024-05-13 12:02:01,-45.428,5.978119,-57.484623,259.65646,873.95135,-0.003861689,-539.780205977112,29.0,S_1396
2024-05-13 12:02:02,-45.48601,5.978195,-57.540573,259.6215,873.9384,-0.0038541844,-545.1642962386143,29.0,S_1396
2024-05-13 12:02:03,-45.544025,5.978256,-57.589535,259.58655,873.9866,-0.0038435468,-555.2246061438366,29.0,S_1396
2024-05-13 12:02:04,-45.602043,5.9783325,-57.645485,259.55157,874.0959,-0.0038359642,-563.3152523992273,29.0,S_1396
2024-05-13 12:02:05,-45.66007,5.978409,-57.70144,259.5166,874.17175,-0.003836505,-574.2574700063976,29.0,S_1396
2024-05-13 12:02:06,-45.718098,5.97847,-57.764385,259.48163,874.1755,-0.0038293777,-580.3831956979864,29.0,S_1396
2024-05-13 12:02:07,-45.776134,5.978546,-57.82034,259.44666,874.15515,-0.0038153701,-585.534815770877,29.0,S_1396
2024-05-13 12:02:08,-45.83418,5.9786224,-57.869297,259.41168,874.15326,-0.0038108458,-595.3766062592331,29.0,S_1396
2024-05-13 12:02:09,-45.892223,5.9786835,-57.92525,259.3767,874.15515,-0.004162128,-608.6988364337974,29.0,S_1396
2024-05-13 12:02:10,-45.950275,5.97876,-57.988197,259.34174,874.13654,-0.0041534244,-620.0389648202381,29.0,S_1396
2024-05-13 12:02:11,-46.008335,5.978836,-58.051144,259.30676,874.1459,-0.004040807,-627.5512544857261,29.0,S_1396
2024-05-13 12:02:12,-46.0664,5.9789124,-58.107098,259.2718,874.23474,-0.004035118,-634.6159225383967,29.0,S_1396
2024-05-13 12:02:13,-46.12447,5.9789886,-58.156055,259.22983,874.33844,-0.003942267,-644.9654984237063,29.0,S_1396
2024-05-13 12:02:14,-46.182545,5.979065,-58.21201,259.19485,874.36804,-0.0039364076,-653.7087487520578,29.0,S_1396
2024-05-13 12:02:15,-46.240623,5.979141,-58.267963,259.15988,874.34955,-0.004015455,-662.9685394810992,29.0,S_1396
2024-05-13 12:02:16,-46.29871,5.9792175,-58.323914,259.1249,874.3459,-0.004009625,-672.1898909379577,29.0,S_1396
2024-05-13 12:02:17,-46.356804,5.979294,-58.379868,259.08997,874.35144,-0.004203659,-682.6862493335184,29.0,S_1396
2024-05-13 12:02:18,-46.4149,5.9793854,-58.43582,259.055,874.34033,-0.0041961153,-693.7107577349732,29.0,S_1396
2024-05-13 12:02:19,-46.473003,5.9794617,-58.491776,259.01303,874.3274,-0.004183996,-703.7231353855395,29.0,S_1396
2024-05-13 12:02:20,-46.531113,5.979538,-58.547726,258.97806,874.3774,-0.0041782493,-714.0503601782762,29.0,S_1396
2024-05-13 12:02:21,-46.589226,5.9796143,-58.60368,258.94308,874.48663,-0.0040831626,-723.7524305136699,29.0,S_1396
2024-05-13 12:02:22,-46.647343,5.979706,-58.659634,258.9081,874.5589,-0.0040772418,-733.4134639213614,29.0,S_1396
2024-05-13 12:02:23,-46.70547,5.979782,-58.715584,258.87314,874.5551,-0.003801869,-741.2717468034621,29.0,S_1396
2024-05-13 12:02:24,-46.7636,5.9798737,-58.771538,258.83817,874.5403,-0.003793653,-752.3638744531042,29.0,S_1396
2024-05-13 12:02:25,-46.821735,5.97995,-58.834484,258.7962,874.544,-0.0035098873,-756.0450721603288,29.0,S_1396
2024-05-13 12:02:26,-46.87988,5.9800415,-58.890438,258.76123,874.5366,-0.0035012448,-759.8835247871793,29.0,S_1396
2024-05-13 12:02:27,-46.938026,5.980118,-58.939396,258.71927,874.51624,-0.003489371,-767.256723118543,29.0,S_1396
2024-05-13 12:02:28,-46.996178,5.9802094,-58.99535,258.6843,874.5347,-0.0034825383,-770.9803019109745,29.0,S_1396
2024-05-13 12:02:29,-47.054337,5.980301,-59.044308,258.64233,874.6274,-0.003481672,-778.3022214161142,29.0,S_1396
2024-05-13 12:02:30,-47.1125,5.980377,-59.10026,258.60736,874.72925,-0.0034747766,-786.607669023525,29.0,S_1396
2024-05-13 12:02:31,-47.17067,5.9804688,-59.163208,258.5724,874.7552,-0.003458044,-792.8812741877846,29.0,S_1396
2024-05-13 12:02:32,-47.228844,5.9805603,-59.226154,258.5374,874.7385,-0.0034496617,-796.9781635651798,29.0,S_1396
2024-05-13 12:02:33,-47.287025,5.980652,-59.28211,258.49545,874.73663,-0.0030877143,-797.5341509526156,29.0,S_1396
2024-05-13 12:02:34,-47.34521,5.9807434,-59.331066,258.46048,874.7385,-0.0030797492,-802.9804939243677,29.0,S_1396
2024-05-13 12:02:35,-47.403404,5.980835,-59.38702,258.41852,874.72,-0.0030656927,-808.3200656056015,29.0,S_1396
2024-05-13 12:02:36,-47.4616,5.9809265,-59.449966,258.37656,874.7126,-0.0030548177,-809.0319988808369,29.0,S_1396
2024-05-13 12:02:37,-47.519802,5.981018,-59.50592,258.34158,874.7681,-0.0034169895,-814.816106867092,29.0,S_1396
2024-05-13 12:02:38,-47.57801,5.9811096,-59.561874,258.29962,874.8774,-0.0034079028,-817.2316668304893,29.0,S_1396
2024-05-13 12:02:39,-47.636227,5.981201,-59.610832,258.26465,874.94775,-0.003395535,-824.7793911109161,29.0,S_1396
2024-05-13 12:02:40,-47.694447,5.9812927,-59.666786,258.2227,874.9441,-0.0033882714,-829.5821369522287,29.0,S_1396
2024-05-13 12:02:41,-47.75267,5.9813995,-59.722736,258.1877,874.92926,-0.0031167073,-833.3623459262758,29.0,S_1396
2024-05-13 12:02:42,-47.8109,5.981491,-59.77869,258.14575,874.9329,-0.0031090477,-836.3427079407365,29.0,S_1396
2024-05-13 12:02:43,-47.869137,5.9815826,-59.834644,258.11078,874.92737,-0.0031978758,-840.6618442019371,29.0,S_1396
2024-05-13 12:02:44,-47.92738,5.9816895,-59.8906,258.06882,874.91815,-0.003188346,-844.1610767798825,29.0,S_1396
2024-05-13 12:02:45,-47.985626,5.981781,-59.94655,258.03384,874.9533,-0.003187306,-848.4098036909513,29.0,S_1396
2024-05-13 12:02:46,-48.043877,5.981888,-60.002502,257.99188,875.0404,-0.0031777108,-852.2453865230009,29.0,S_1396
2024-05-13 12:02:47,-48.10214,5.9819794,-60.058456,257.94992,875.12,-0.0031633554,-855.5842756114967,29.0,S_1396
2024-05-13 12:02:48,-48.1604,5.982086,-60.114407,257.91495,875.1423,-0.003153679,-859.6079747159797,29.0,S_1396
2024-05-13 12:02:49,-48.21867,5.9821777,-60.17036,257.873,875.12744,-0.0031525253,-863.275156921602,29.0,S_1396
2024-05-13 12:02:50,-48.276943,5.9822845,-60.226315,257.83102,875.1219,-0.0031446954,-866.8919016052073,29.0,S_1396
2024-05-13 12:02:51,-48.335224,5.9823914,-60.28227,257.78903,875.12555,-0.0031282506,-868.1298113876051,29.0,S_1396
2024-05-13 12:02:52,-48.393513,5.982483,-60.331226,257.74707,875.1311,-0.0031217989,-873.106632244122,29.0,S_1396
2024-05-13 12:02:53,-48.451805,5.9825897,-60.38718,257.7121,875.12744,-0.0031186177,-876.8941352333272,29.0,S_1396
2024-05-13 12:02:54,-48.5101,5.9826965,-60.44313,257.67014,875.1126,-0.0031106463,-880.2832668936408,29.0,S_1396
2024-05-13 12:02:55,-48.568405,5.9828033,-60.499084,257.62817,875.1219,-0.003094024,-883.5608730085405,29.0,S_1396
2024-05-13 12:02:56,-48.626713,5.98291,-60.55504,257.5862,875.1885,-0.0030859732,-886.7837944561634,29.0,S_1396
2024-05-13 12:02:57,-48.685024,5.983017,-60.61099,257.54425,875.27924,-0.0034546896,-892.4591539108274,29.0,S_1396
2024-05-13 12:02:58,-48.743343,5.983124,-60.666943,257.5023,875.333,-0.003447013,-898.0821291052453,29.0,S_1396
2024-05-13 12:02:59,-48.80167,5.9832306,-60.722897,257.46033,875.3292,-0.0038321016,-905.7970628416542,29.0,S_1396
2024-05-13 12:03:00,-48.86,5.9833374,-60.77885,257.42535,875.32,-0.00382289,-914.2610287436901,29.0,S_1396
2024-05-13 12:03:01,-48.9185,5.9835052,-60.8348,257.3834,875.3219,-0.0038223583,-922.3762481242143,29.0,S_1396
2024-05-13 12:03:02,-48.977,5.9836884,-60.890755,257.34143,875.3163,-0.0038131247,-927.6591328664281,29.0,S_1396
2024-05-13 12:03:03,-49.0355,5.983856,-60.939713,257.29947,875.30707,-0.0033990855,-934.8602869885194,29.0,S_1396
2024-05-13 12:03:04,-49.094,5.984024,-60.995667,257.2575,875.3422,-0.0033892943,-942.5985063849357,29.0,S_1396
2024-05-13 12:03:05,-49.1525,5.984192,-61.058613,257.2155,875.4293,-0.0033866782,-945.9223718019193,29.0,S_1396
2024-05-13 12:03:06,-49.211002,5.9843597,-61.114567,257.17355,875.5089,-0.0033787473,-951.0906685651776,29.0,S_1396
2024-05-13 12:03:07,-49.2695,5.9845276,-61.17052,257.1316,875.5293,-0.0033620554,-956.1469217806248,29.0,S_1396
2024-05-13 12:03:08,-49.328,5.9846954,-61.22647,257.08963,875.5163,-0.0033540411,-958.7143899749417,29.0,S_1396
2024-05-13 12:03:09,-49.3865,5.9848633,-61.275433,257.04767,875.5163,-0.003352358,-965.6002518627829,29.0,S_1396
2024-05-13 12:03:10,-49.445,5.985016,-61.331383,257.0057,875.5163,-0.0033442792,-970.5413284998053,29.0,S_1396
2024-05-13 12:03:11,-49.5035,5.9851837,-61.387337,256.96375,875.4997,-0.0033274011,-975.3696625484467,29.0,S_1396
2024-05-13 12:03:12,-49.562,5.9853363,-61.44329,256.92178,875.5089,-0.0033192383,-980.1427593689955,29.0,S_1396
2024-05-13 12:03:13,-49.6205,5.985489,-61.49924,256.87982,875.59595,-0.0033159326,-985.3444070555852,29.0,S_1396
2024-05-13 12:03:14,-49.679,5.9856567,-61.555195,256.83084,875.7015,-0.003307701,-989.6958050988037,29.0,S_1396
2024-05-13 12:03:15,-49.7375,5.9858093,-61.61115,256.78888,875.73676,-0.0036977306,-996.9772518254067,29.0,S_1396
2024-05-13 12:03:16,-49.796,5.985962,-61.667103,256.74692,875.72186,-0.003689886,-1004.6962157876119,29.0,S_1396
2024-05-13 12:03:17,-49.8545,5.9861145,-61.723053,256.69797,875.7089,-0.0040677628,-1014.0821361405688,29.0,S_1396
2024-05-13 12:03:18,-49.913002,5.986252,-61.779007,256.656,875.71265,-0.0040602908,-1023.7624867428981,29.0,S_1396
2024-05-13 12:03:19,-49.9715,5.9864044,-61.83496,256.61404,875.70337,-0.0040458967,-1033.345388565484,29.0,S_1396
2024-05-13 12:03:20,-50.03,5.986557,-61.89091,256.57208,875.6904,-0.004036391,-1040.5220498186354,29.0,S_1396
2024-05-13 12:03:21,-50.0885,5.9866943,-61.939873,256.5231,875.7386,-0.0036546395,-1049.0575502974161,29.0,S_1396
2024-05-13 12:03:22,-50.147,5.9868317,-61.995823,256.48114,875.8497,-0.0036446266,-1055.9885654319974,29.0,S_1396
2024-05-13 12:03:23,-50.2055,5.9869843,-62.051777,256.43918,875.92194,-0.0033193605,-1061.1997135212277,29.0,S_1396
2024-05-13 12:03:24,-50.264,5.9871216,-62.10773,256.39023,875.92004,-0.0033089016,-1065.5659448649276,29.0,S_1396
2024-05-13 12:03:25,-50.3225,5.987259,-62.163685,256.34827,875.89966,-0.0030309728,-1068.4397983615427,29.0,S_1396
2024-05-13 12:03:26,-50.381,5.9873962,-62.219635,256.3063,875.896,-0.0030201233,-1071.2451070381217,29.0,S_1396
2024-05-13 12:03:27,-50.4395,5.9875336,-62.27559,256.26434,875.9034,-0.0030042457,-1074.332377794337,29.0,S_1396
2024-05-13 12:03:28,-50.498,5.9876556,-62.331543,256.21536,875.9108,-0.0029933106,-1076.9971036865559,29.0,S_1396
2024-05-13 12:03:29,-50.5565,5.987793,-62.387493,256.1664,875.9071,-0.0030925197,-1079.939479228838,29.0,S_1396
2024-05-13 12:03:30,-50.614998,5.9879303,-62.443447,256.12445,875.8868,-0.0030816232,-1083.1542200729668,29.0,S_1396
2024-05-13 12:03:31,-50.6735,5.9880524,-62.4994,256.0825,875.8978,-0.0026510675,-1083.8629895337085,29.0,S_1396
2024-05-13 12:03:32,-50.732,5.9881744,-62.555355,256.03354,875.9886,-0.0026396187,-1084.1519851413395,29.0,S_1396
2024-05-13 12:03:33,-50.7905,5.988312,-62.611305,255.98456,876.09045,-0.0025353958,-1081.5677600616586,29.0,S_1396
2024-05-13 12:03:34,-50.849,5.988434,-62.660267,255.9426,876.12006,-0.0025220138,-1083.2903366965102,29.0,S_1396
2024-05-13 12:03:35,-50.9075,5.988556,-62.716217,255.89365,876.10156,-0.002508632,-1082.702281234544,29.0,S_1396
2024-05-13 12:03:36,-50.966,5.988678,-62.77217,255.84468,876.0979,-0.0024969243,-1083.575355046818,29.0,S_1396
2024-05-13 12:03:37,-51.024498,5.9888,-62.835117,255.80272,876.10345,-0.0021030174,-1078.7283101300113,29.0,S_1396
2024-05-13 12:03:38,-51.083,5.988907,-62.89107,255.75375,876.0923,-0.002090802,-1073.5459046101064,29.0,S_1396
2024-05-13 12:03:39,-51.1415,5.989029,-62.94003,255.71179,876.0793,-0.0016567182,-1069.4627030125089,29.0,S_1396
2024-05-13 12:03:40,-51.2,5.989151,-62.995983,255.66284,876.12933,-0.001643956,-1063.0748668764136,29.0,S_1396
2024-05-13 12:03:41,-51.2585,5.989258,-63.051937,255.61388,876.23865,-0.0016356567,-1056.432484390415,29.0,S_1396
2024-05-13 12:03:42,-51.316998,5.9893646,-63.107887,255.57191,876.3108,-0.0016273572,-1050.2823992691779,29.0,S_1396
2024-05-13 12:03:43,-51.3755,5.9894867,-63.16384,255.52295,876.309,-0.0016093964,-1043.669552585262,29.0,S_1396
2024-05-13 12:03:44,-51.434,5.9895935,-63.219795,255.474,876.28864,-0.001596482,-1035.8269325382485,29.0,S_1396
2024-05-13 12:03:45,-51.4925,5.9897003,-63.268753,255.42503,876.2849,-0.0015941906,-1030.9928113432743,29.0,S_1396
2024-05-13 12:03:46,-51.551,5.989807,-63.324707,255.37608,876.2923,-0.0015794327,-1023.0529854056867,29.0,S_1396
2024-05-13 12:03:47,-51.6095,5.9898987,-63.373665,255.32712,876.29974,-0.0015646749,-1018.0256575795015,29.0,S_1396
2024-05-13 12:03:48,-51.668,5.9900055,-63.42962,255.27815,876.296,-0.0015516152,-1011.0389209148798,29.0,S_1396
2024-05-13 12:03:49,-51.726498,5.9901123,-63.48557,255.2292,876.27563,-0.0015476209,-1003.8473049619333,29.0,S_1396
2024-05-13 12:03:50,-51.785,5.990204,-63.541523,255.18724,876.28674,-0.0015344934,-997.0961778659334,29.0,S_1396
2024-05-13 12:03:51,-51.8435,5.9903107,-63.597477,255.13828,876.3775,-0.0019400989,-992.7196647451337,29.0,S_1396
2024-05-13 12:03:52,-51.902,5.990402,-63.65343,255.08932,876.4794,-0.0019273516,-988.2608582151643,29.0,S_1396
2024-05-13 12:03:53,-51.9605,5.990494,-63.70938,255.04036,876.509,-0.0019237042,-982.396063442839,29.0,S_1396
2024-05-13 12:03:54,-52.018997,5.9905853,-63.758343,254.9914,876.4905,-0.0019125049,-981.3393965993009,29.0,S_1396
2024-05-13 12:03:55,-52.0775,5.990677,-63.82129,254.93546,876.48676,-0.001890871,-974.4355214099128,29.0,S_1396
2024-05-13 12:03:56,-52.135998,5.9907684,-63.877243,254.88649,876.4923,-0.0018799645,-969.6697818682674,29.0,S_1396
2024-05-13 12:03:57,-52.1945,5.99086,-63.933193,254.83752,876.48126,-0.0018742061,-964.8695885492702,29.0,S_1396
2024-05-13 12:03:58,-52.253,5.9909515,-63.989147,254.78857,876.46826,-0.0018632341,-958.6554579799695,29.0,S_1396
2024-05-13 12:03:59,-52.3115,5.991028,-64.03811,254.73961,876.51825,-0.0018446618,-955.5262940137459,29.0,S_1396
2024-05-13 12:04:00,-52.37,5.9911194,-64.094055,254.69066,876.6275,-0.001833612,-950.4655155075793,29.0,S_1396
2024-05-13 12:04:01,-52.42801,5.99115,-64.15001,254.6417,876.69977,-0.0022277203,-948.3230596256703,29.0,S_1396
2024-05-13 12:04:02,-52.48603,5.991165,-64.20596,254.58574,876.69794,-0.0022170509,-945.4838761119317,29.0,S_1396
2024-05-13 12:04:03,-52.544075,5.9911957,-64.26192,254.53679,876.6794,-0.0026265834,-946.0579670419297,29.0,S_1396
2024-05-13 12:04:04,-52.60213,5.991226,-64.31787,254.48083,876.67755,-0.0026162935,-945.888526054096,29.0,S_1396
2024-05-13 12:04:05,-52.660206,5.9912567,-64.373825,254.43187,876.6868,-0.0026112034,-944.1391255722092,29.0,S_1396
2024-05-13 12:04:06,-52.7183,5.991272,-64.42278,254.38292,876.6924,-0.002602493,-946.4131440134929,29.0,S_1396
2024-05-13 12:04:07,-52.776405,5.9913025,-64.47874,254.32697,876.68494,-0.0024699068,-943.4867445975829,29.0,S_1396
2024-05-13 12:04:08,-52.834534,5.991333,-64.527695,254.278,876.66455,-0.0024589952,-944.7855658605199,29.0,S_1396
2024-05-13 12:04:09,-52.892673,5.9913635,-64.58365,254.22205,876.67566,-0.0027534813,-945.5396064605948,29.0,S_1396
2024-05-13 12:04:10,-52.950832,5.991394,-64.6396,254.1731,876.7664,-0.0027411715,-946.8943248331889,29.0,S_1396
2024-05-13 12:04:11,-53.009007,5.9914246,-64.69555,254.11714,876.8701,-0.0031567095,-950.3411515756934,29.0,S_1396
2024-05-13 12:04:12,-53.0672,5.991455,-64.7515,254.06818,876.8998,-0.0031447727,-954.0472662794677,29.0,S_1396
2024-05-13 12:04:13,-53.12541,5.9914856,-64.80746,254.01923,876.8812,-0.0031421147,-958.124748658357,29.0,S_1396
2024-05-13 12:04:14,-53.18363,5.991516,-64.86341,253.96327,876.8683,-0.003130107,-961.3968286533304,29.0,S_1396
2024-05-13 12:04:15,-53.241875,5.9915466,-64.919365,253.9143,876.872,-0.0026757387,-962.3127462674847,29.0,S_1396
2024-05-13 12:04:16,-53.300133,5.991577,-64.97532,253.85835,876.8812,-0.0026652028,-960.9246343282866,29.0,S_1396
2024-05-13 12:04:17,-53.358406,5.9916077,-65.02428,253.8024,876.88495,-0.0023612517,-959.548586115628,29.0,S_1396
2024-05-13 12:04:18,-53.4167,5.991638,-65.073235,253.74644,876.8701,-0.0023499876,-959.7757255809861,29.0,S_1396
2024-05-13 12:04:19,-53.475006,5.9916687,-65.12919,253.69049,876.8572,-0.0018948459,-954.8425246202478,29.0,S_1396
2024-05-13 12:04:20,-53.533333,5.991699,-65.18514,253.64154,876.90717,-0.001881365,-950.3894655725221,29.0,S_1396
2024-05-13 12:04:21,-53.591675,5.9917297,-65.2411,253.58559,877.0164,-0.0014686633,-942.6309602741644,29.0,S_1396
2024-05-13 12:04:22,-53.650032,5.9917603,-65.29704,253.53662,877.0887,-0.0014546866,-934.264329992106,29.0,S_1396
2024-05-13 12:04:23,-53.708405,5.991806,-65.34601,253.48067,877.0868,-0.001437007,-928.3220649469672,29.0,S_1396
2024-05-13 12:04:24,-53.7668,5.9918365,-65.401955,253.42471,877.06647,-0.0014229488,-921.6464633738806,29.0,S_1396
2024-05-13 12:04:25,-53.825207,5.991867,-65.464905,253.36177,877.06464,-0.0014145523,-911.5278084113543,29.0,S_1396
2024-05-13 12:04:26,-53.883633,5.991913,-65.52086,253.30582,877.072,-0.0014024519,-902.5182254867032,29.0,S_1396
2024-05-13 12:04:27,-53.942074,5.9919434,-65.56982,253.24986,877.07947,-0.0014978424,-895.738593866392,29.0,S_1396
2024-05-13 12:04:28,-54.00053,5.991974,-65.618774,253.20091,877.0757,-0.0014874841,-890.4959331836526,29.0,S_1396
2024-05-13 12:04:29,-54.059006,5.9920197,-65.67473,253.14496,877.0553,-0.0014807798,-883.0271851299976,29.0,S_1396
2024-05-13 12:04:30,-54.117496,5.99205,-65.73068,253.089,877.06647,-0.0014666191,-875.4671050238148,29.0,S_1396
2024-05-13 12:04:31,-54.176006,5.9920807,-65.78664,253.03305,877.1554,-0.0013312808,-866.2370945372586,29.0,S_1396
2024-05-13 12:04:32,-54.23453,5.9921265,-65.835594,252.97011,877.25903,-0.0013186329,-859.1917511305746,29.0,S_1396
2024-05-13 12:04:33,-54.29307,5.992157,-65.89155,252.91415,877.2887,-0.0016171224,-852.6589397948155,29.0,S_1396
2024-05-13 12:04:34,-54.35163,5.9922028,-65.9475,252.8582,877.2702,-0.0016050499,-846.0476246120943,29.0,S_1396
2024-05-13 12:04:35,-54.410206,5.9922333,-66.00345,252.80225,877.25903,-0.0020275505,-840.8409005074864,29.0,S_1396
2024-05-13 12:04:36,-54.4688,5.992279,-66.052414,252.74629,877.26276,-0.0020175714,-839.105444527786,29.0,S_1396
2024-05-13 12:04:37,-54.527405,5.992325,-66.10836,252.68335,877.2702,-0.0024266362,-837.7034503063833,29.0,S_1396
2024-05-13 12:04:38,-54.586033,5.9923553,-66.164314,252.6274,877.27386,-0.002413247,-836.5497925492409,29.0,S_1396
2024-05-13 12:04:39,-54.644672,5.992401,-66.22027,252.57144,877.25903,-0.0027236233,-835.9131753883767,29.0,S_1396
2024-05-13 12:04:40,-54.70333,5.9924316,-66.269226,252.50848,877.2479,-0.002712216,-838.2737062197411,29.0,S_1396
2024-05-13 12:04:41,-54.762005,5.9924774,-66.32518,252.45253,877.29614,-0.0031235998,-842.2886925154799,29.0,S_1396
2024-05-13 12:04:42,-54.820698,5.992523,-66.381134,252.38959,877.4035,-0.0031128626,-845.5122171531984,29.0,S_1396
2024-05-13 12:04:43,-54.879406,5.992569,-66.43709,252.33363,877.4813,-0.003540237,-849.4069548562265,29.0,S_1396
2024-05-13 12:04:44,-54.93813,5.9925995,-66.486046,252.27768,877.4869,-0.0035295559,-858.0312115663937,29.0,S_1396
2024-05-13 12:04:45,-54.996872,5.9926453,-66.542,252.21474,877.4646,-0.0035266946,-864.4655508630376,29.0,S_1396
2024-05-13 12:04:46,-55.05563,5.992691,-66.59795,252.1518,877.4554,-0.0035142028,-870.3909515290261,29.0,S_1396
2024-05-13 12:04:47,-55.114407,5.992737,-66.65391,252.09584,877.46094,-0.0036117143,-875.1976611858554,29.0,S_1396
2024-05-13 12:04:48,-55.1732,5.9927826,-66.702866,252.0329,877.4683,-0.0036030598,-883.5506438431867,29.0,S_1396
2024-05-13 12:04:49,-55.232006,5.9928284,-66.75882,251.97694,877.4646,-0.004018537,-893.6750991794634,29.0,S_1396
2024-05-13 12:04:50,-55.290833,5.992859,-66.814766,251.91399,877.4443,-0.004006422,-903.3819459531605,29.0,S_1396
2024-05-13 12:04:51,-55.349674,5.9929047,-66.87072,251.85104,877.4554,-0.0044400594,-916.0445285788892,29.0,S_1396
2024-05-13 12:04:52,-55.40853,5.9929504,-66.926674,251.7881,877.5424,-0.0044283075,-928.6254608732888,29.0,S_1396
2024-05-13 12:04:53,-55.467407,5.992996,-66.98263,251.72514,877.648,-0.0048461882,-940.6292869717836,29.0,S_1396
2024-05-13 12:04:54,-55.5263,5.993042,-67.031586,251.6622,877.685,-0.004838611,-957.8245917695858,29.0,S_1396
2024-05-13 12:04:55,-55.585205,5.993088,-67.08754,251.59926,877.67017,-0.0052726506,-972.4242544501531,29.0,S_1396
2024-05-13 12:04:56,-55.64413,5.9931335,-67.1365,251.53632,877.6517,-0.0052633737,-992.5058007108219,29.0,S_1396
2024-05-13 12:04:57,-55.70307,5.9931946,-67.19245,251.47336,877.65356,-0.0057159914,-1013.1833589403295,29.0,S_1396
2024-05-13 12:04:58,-55.76203,5.9932404,-67.248405,251.4174,877.6572,-0.0057053166,-1030.7399171500938,29.0,S_1396
2024-05-13 12:04:59,-55.821007,5.993286,-67.29736,251.35446,877.6572,-0.005688728,-1050.4685807967562,29.0,S_1396
2024-05-13 12:05:00,-55.879997,5.993332,-67.34632,251.28452,877.6572,-0.0056797476,-1073.0250551457812,29.0,S_1396
2024-05-13 12:05:01,-55.939663,5.9933777,-67.402275,251.22157,877.66095,-0.0047671692,-1087.8898317870153,29.0,S_1396
2024-05-13 12:05:02,-55.99932,5.9934235,-67.45823,251.15863,877.6517,-0.004755486,-1102.6735769835732,29.0,S_1396
2024-05-13 12:05:03,-56.05897,5.993469,-67.51418,251.09567,877.64246,-0.003853167,-1111.3220028872593,29.0,S_1396
2024-05-13 12:05:04,-56.118618,5.993515,-67.57014,251.03273,877.6776,-0.0038426043,-1117.7003275793668,29.0,S_1396
2024-05-13 12:05:05,-56.17826,5.993576,-67.619095,250.96278,877.7647,-0.0034123498,-1124.8336411382743,29.0,S_1396
2024-05-13 12:05:06,-56.237896,5.993622,-67.67505,250.89984,877.8443,-0.0033992236,-1128.4494718243304,29.0,S_1396
2024-05-13 12:05:07,-56.297527,5.9936676,-67.72401,250.82991,877.8665,-0.003919998,-1139.0257386806597,29.0,S_1396
2024-05-13 12:05:08,-56.35715,5.9937134,-67.77995,250.76695,877.8536,-0.0039093923,-1148.5285302176999,29.0,S_1396
2024-05-13 12:05:09,-56.41677,5.9937744,-67.83591,250.69702,877.8461,-0.004912668,-1164.0272488579685,29.0,S_1396
2024-05-13 12:05:10,-56.476387,5.99382,-67.89186,250.63406,877.84985,-0.004900885,-1176.291985407389,29.0,S_1396
2024-05-13 12:05:11,-56.535995,5.993866,-67.94082,250.57112,877.8554,-0.005685263,-1195.8753084599612,29.0,S_1396
2024-05-13 12:05:12,-56.595596,5.993927,-67.98978,250.50117,877.8536,-0.0056759715,-1219.015838259069,29.0,S_1396
2024-05-13 12:05:13,-56.655193,5.993973,-68.04573,250.43124,877.83875,-0.0068818606,-1247.840109928893,29.0,S_1396
2024-05-13 12:05:14,-56.714787,5.994034,-68.101685,250.36829,877.8461,-0.006871841,-1277.729601034528,29.0,S_1396
2024-05-13 12:05:15,-56.774372,5.9940796,-68.15764,250.29836,877.91284,-0.008642532,-1313.4272460915581,29.0,S_1396
2024-05-13 12:05:16,-56.833954,5.9941406,-68.2066,250.22841,878.00543,-0.008635945,-1356.9060777667119,29.0,S_1396
2024-05-13 12:05:17,-56.893528,5.9941864,-68.26255,250.15846,878.05725,-0.009871962,-1398.8827569359328,29.0,S_1396
2024-05-13 12:05:18,-56.9531,5.9942474,-68.31151,250.09552,878.0554,-0.009866471,-1451.1256065913267,29.0,S_1396
2024-05-13 12:05:19,-57.01266,5.994293,-68.36746,250.02557,878.0424,-0.009738029,-1500.3303733390148,29.0,S_1396
2024-05-13 12:05:20,-57.07222,5.9943542,-68.423416,249.95564,878.0443,-0.009732602,-1549.4828402856665,29.0,S_1396
2024-05-13 12:05:21,-57.13177,5.9944153,-68.47937,249.8857,878.0462,-0.008834526,-1586.259256854093,29.0,S_1396
2024-05-13 12:05:22,-57.19132,5.994461,-68.52833,249.81575,878.0462,-0.008827906,-1624.7718339196836,29.0,S_1396
2024-05-13 12:05:23,-57.250862,5.994522,-68.577286,249.74582,878.048,-0.008347886,-1660.313577331759,29.0,S_1396
2024-05-13 12:05:24,-57.3104,5.994583,-68.62624,249.67587,878.0536,-0.00834074,-1702.6686456686066,29.0,S_1396
2024-05-13 12:05:25,-57.369926,5.994644,-68.6822,249.59894,878.048,-0.007906351,-1738.8839678064005,29.0,S_1396
2024-05-13 12:05:26,-57.42945,5.99469,-68.73815,249.52899,878.02765,-0.007896878,-1775.35304437183,29.0,S_1396
2024-05-13 12:05:27,-57.48897,5.994751,-68.794106,249.45906,878.03876,-0.0069761043,-1805.5049009970053,29.0,S_1396
2024-05-13 12:05:28,-57.548485,5.994812,-68.85006,249.38911,878.1295,-0.006965694,-1835.569783749448,29.0,S_1396
2024-05-13 12:05:29,-57.607994,5.994873,-68.906006,249.31917,878.2314,-0.0064970776,-1858.7261040710137,29.0,S_1396
2024-05-13 12:05:30,-57.667496,5.994934,-68.95497,249.24223,878.261,-0.0064880075,-1882.3965503447025,29.0,S_1396
2024-05-13 12:05:31,-57.726994,5.994995,-69.00393,249.1723,878.2425,-0.006471008,-1906.289604895821,29.0,S_1396
2024-05-13 12:05:32,-57.786484,5.995056,-69.05289,249.10236,878.23505,-0.006461854,-1935.4310096838663,29.0,S_1396
2024-05-13 12:05:33,-57.84597,5.995117,-69.10884,249.02542,878.2406,-0.007043392,-1966.4883235079642,29.0,S_1396
2024-05-13 12:05:34,-57.905453,5.995178,-69.164795,248.94849,878.2406,-0.0070328447,-1991.6782652007241,29.0,S_1396
2024-05-13 12:05:35,-57.964928,5.9952393,-69.21375,248.87854,878.2406,-0.0070183123,-2024.6499751846386,29.0,S_1396
2024-05-13 12:05:36,-58.024395,5.9953003,-69.26971,248.8016,878.2425,-0.0070076752,-2055.417923007022,29.0,S_1396
2024-05-13 12:05:37,-58.083862,5.9953613,-69.32565,248.72467,878.2462,-0.00641808,-2081.3462235047746,29.0,S_1396
2024-05-13 12:05:38,-58.14332,5.9954224,-69.38161,248.65474,878.2332,-0.006406824,-2103.819316478175,29.0,S_1396
2024-05-13 12:05:39,-58.20277,5.9954987,-69.430565,248.5778,878.2203,-0.0054760147,-2121.219162653807,29.0,S_1396
2024-05-13 12:05:40,-58.26222,5.9955597,-69.47952,248.50786,878.27026,-0.005465715,-2143.367829744042,29.0,S_1396
2024-05-13 12:05:41,-58.32166,5.9956207,-69.53548,248.43092,878.3795,-0.0059369104,-2167.3938830274983,29.0,S_1396
2024-05-13 12:05:42,-58.381096,5.995682,-69.59143,248.347,878.4517,-0.0059250905,-2185.4119781341788,29.0,S_1396
2024-05-13 12:05:43,-58.44053,5.995758,-69.64039,248.27705,878.4499,-0.0071422984,-2215.1395741565348,29.0,S_1396
2024-05-13 12:05:44,-58.49995,5.995819,-69.68935,248.19312,878.4295,-0.007133389,-2243.1782673126836,29.0,S_1396
2024-05-13 12:05:45,-58.559372,5.9958954,-69.73831,248.11618,878.4277,-0.008050841,-2282.826008666184,29.0,S_1396
2024-05-13 12:05:46,-58.618786,5.9959564,-69.79426,248.03925,878.43506,-0.008040795,-2320.631751330907,29.0,S_1396
2024-05-13 12:05:47,-58.678196,5.9960175,-69.85021,247.96231,878.43695,-0.008147322,-2359.1567533951584,29.0,S_1396
2024-05-13 12:05:48,-58.7376,5.9960938,-69.906166,247.88538,878.43506,-0.008139424,-2393.0124542510866,29.0,S_1396
2024-05-13 12:05:49,-58.796993,5.996155,-69.955124,247.80145,878.4332,-0.0070905844,-2420.7079036097257,29.0,S_1396
2024-05-13 12:05:50,-58.856384,5.996231,-70.00408,247.72452,878.43506,-0.0070835752,-2448.682140787282,29.0,S_1396
2024-05-13 12:05:51,-58.91577,5.9963074,-70.05305,247.64758,878.4406,-0.0066206083,-2479.1574169134456,29.0,S_1396
2024-05-13 12:05:52,-58.97515,5.9963684,-70.10899,247.56364,878.43695,-0.006609082,-2506.685958302295,29.0,S_1396
2024-05-13 12:05:53,-59.034527,5.9964447,-70.16495,247.48671,878.41656,-0.006252437,-2532.801610118746,29.0,S_1396
2024-05-13 12:05:54,-59.093895,5.9965057,-70.2209,247.40279,878.4091,-0.0062405257,-2554.2118209221744,29.0,S_1396
2024-05-13 12:05:55,-59.15326,5.996582,-70.26986,247.31886,878.46655,-0.0067017097,-2579.4207420531447,29.0,S_1396
2024-05-13 12:05:56,-59.21262,5.9966583,-70.31882,247.24193,878.5758,-0.006692047,-2605.74499779105,29.0,S_1396
2024-05-13 12:05:57,-59.271973,5.9967346,-70.36778,247.15799,878.6462,-0.0071385503,-2639.430290532111,29.0,S_1396
2024-05-13 12:05:58,-59.331318,5.9967957,-70.42373,247.07407,878.6425,-0.0071272925,-2671.282859285109,29.0,S_1396
2024-05-13 12:05:59,-59.39066,5.996872,-70.47968,246.99013,878.6258,-0.006532996,-2694.472422928702,29.0,S_1396
2024-05-13 12:06:00,-59.449997,5.9969482,-70.52864,246.9062,878.6277,-0.0065230657,-2718.5221314181354,29.0,S_1396
2024-05-13 12:06:01,-59.509083,5.997055,-70.5776,246.82927,878.63135,-0.006041512,-2745.557176633408,29.0,S_1396
2024-05-13 12:06:02,-59.56817,5.9971466,-70.63355,246.73834,878.6296,-0.0060269977,-2769.3543559076506,29.0,S_1396
2024-05-13 12:06:03,-59.62726,5.9972534,-70.68951,246.65442,878.63135,-0.0056846044,-2783.3871092043373,29.0,S_1396
2024-05-13 12:06:04,-59.68635,5.997345,-70.731476,246.57048,878.63696,-0.005673596,-2804.6034542900597,29.0,S_1396
2024-05-13 12:06:05,-59.74545,5.997452,-70.78043,246.48656,878.63135,-0.0056730513,-2828.650143943848,29.0,S_1396
2024-05-13 12:06:06,-59.804546,5.9975586,-70.83639,246.39563,878.611,-0.005658106,-2849.8451697309665,29.0,S_1396
2024-05-13 12:06:07,-59.863647,5.99765,-70.892334,246.3117,878.62213,-0.005154932,-2864.3097865822874,29.0,S_1396
2024-05-13 12:06:08,-59.922752,5.9977417,-70.9413,246.22778,878.7129,-0.005143573,-2881.085844799015,29.0,S_1396
2024-05-13 12:06:09,-59.98186,5.9978485,-70.99026,246.13686,878.81665,-0.0046875165,-2897.2583683984885,29.0,S_1396
2024-05-13 12:06:10,-60.04097,5.99794,-71.04621,246.05292,878.84436,-0.004673757,-2912.456353674048,29.0,S_1396
2024-05-13 12:06:11,-60.100082,5.998047,-71.10216,245.962,878.8277,-0.004770716,-2924.167705822304,29.0,S_1396
2024-05-13 12:06:12,-60.1592,5.9981384,-71.15112,245.87807,878.8184,-0.004758935,-2938.449208272611,29.0,S_1396
2024-05-13 12:06:13,-60.218315,5.99823,-71.20008,245.78714,878.824,-0.004149317,-2948.5148477426746,29.0,S_1396
2024-05-13 12:06:14,-60.277435,5.998337,-71.24904,245.69623,878.82587,-0.0041369493,-2961.3177294055904,29.0,S_1396
2024-05-13 12:06:15,-60.33656,5.9984283,-71.30499,245.6053,878.82587,-0.0049293023,-2974.606526348487,29.0,S_1396
2024-05-13 12:06:16,-60.395687,5.99852,-71.35395,245.51437,878.824,-0.004917541,-2992.8929706285953,29.0,S_1396
2024-05-13 12:06:17,-60.454815,5.9986115,-71.409904,245.42345,878.824,-0.0064730532,-3011.7080030179777,29.0,S_1396
2024-05-13 12:06:18,-60.51395,5.998703,-71.451866,245.33253,878.824,-0.006462357,-3038.144400810379,29.0,S_1396
2024-05-13 12:06:19,-60.573082,5.9987946,-71.500824,245.24161,878.824,-0.006315221,-3066.230088021025,29.0,S_1396
2024-05-13 12:06:20,-60.63222,5.9989014,-71.55678,245.15068,878.82587,-0.006302559,-3092.497378870353,29.0,S_1396
2024-05-13 12:06:21,-60.69136,5.998993,-71.61273,245.05975,878.8277,-0.0064266995,-3115.223084959088,29.0,S_1396
2024-05-13 12:06:22,-60.750504,5.9990845,-71.66169,244.96884,878.8184,-0.0064160526,-3140.4027554823724,29.0,S_1396
2024-05-13 12:06:23,-60.80965,5.999176,-71.71065,244.87091,878.8092,-0.0067265155,-3170.9952282995,29.0,S_1396
2024-05-13 12:06:24,-60.868797,5.9992676,-71.7666,244.78,878.84625,-0.0067140786,-3196.3463417384164,29.0,S_1396
2024-05-13 12:06:25,-60.92795,5.999359,-71.81556,244.68208,878.9332,-0.0067118597,-3227.5746788236675,29.0,S_1396
2024-05-13 12:06:26,-60.987106,5.9994354,-71.87151,244.58415,879.01294,-0.006699352,-3251.630412813526,29.0,S_1396
2024-05-13 12:06:27,-61.04626,5.999527,-71.92047,244.49324,879.0351,-0.006849864,-3279.507152612716,29.0,S_1396
2024-05-13 12:06:28,-61.105423,5.9996185,-71.96943,244.39532,879.0203,-0.0068394225,-3306.973649587142,29.0,S_1396
2024-05-13 12:06:29,-61.164585,5.99971,-72.01839,244.2974,879.0148,-0.006707755,-3333.5787740916494,29.0,S_1396
2024-05-13 12:06:30,-61.223747,5.9998016,-72.06735,244.19948,879.01843,-0.0066949558,-3360.0782530932293,29.0,S_1396
2024-05-13 12:06:31,-61.282917,5.999893,-72.11631,244.10156,879.0203,-0.006765396,-3386.189245063255,29.0,S_1396
2024-05-13 12:06:32,-61.342087,5.9999695,-72.16527,244.01064,879.0203,-0.006754756,-3417.940286687899,29.0,S_1396
2024-05-13 12:06:33,-61.40126,6.000061,-72.22122,243.91272,879.0166,-0.0072454433,-3446.2169396816926,29.0,S_1396
2024-05-13 12:06:34,-61.460438,6.0001526,-72.27018,243.8148,879.0166,-0.0072351405,-3481.839465397652,29.0,S_1396
2024-05-13 12:06:35,-61.51962,6.000229,-72.32613,243.7099,879.0222,-0.0087573305,-3519.415943791295,29.0,S_1396
2024-05-13 12:06:36,-61.5788,6.0003204,-72.37509,243.61198,879.024,-0.008748199,-3560.0224508762567,29.0,S_1396
2024-05-13 12:06:37,-61.637985,6.0003967,-72.42405,243.50706,879.01105,-0.010080342,-3608.9380228192704,29.0,S_1396
2024-05-13 12:06:38,-61.69717,6.0004883,-72.47301,243.40216,878.99805,-0.010072218,-3656.516329493722,29.0,S_1396
2024-05-13 12:06:39,-61.756363,6.0005646,-72.521965,243.30423,879.0481,-0.009803213,-3709.3428491106934,29.0,S_1396
2024-05-13 12:06:40,-61.815556,6.000656,-72.57792,243.20631,879.15735,-0.009792781,-3761.4746981423423,29.0,S_1396
2024-05-13 12:06:41,-61.874752,6.0007324,-72.63387,243.10141,879.22955,-0.009080302,-3802.07015539216,29.0,S_1396
2024-05-13 12:06:42,-61.93395,6.000824,-72.68283,242.99649,879.2277,-0.009071245,-3844.2517105524184,29.0,S_1396
2024-05-13 12:06:43,-61.993153,6.0009003,-72.73179,242.89159,879.2092,-0.007712166,-3877.6056602939534,29.0,S_1396
2024-05-13 12:06:44,-62.052357,6.0009766,-72.78075,242.78667,879.2074,-0.007699761,-3905.898320386739,29.0,S_1396
2024-05-13 12:06:45,-62.11156,6.001068,-72.822716,242.68176,879.21295,-0.006611119,-3938.1954497687357,29.0,S_1396
2024-05-13 12:06:46,-62.170773,6.0011444,-72.87866,242.57684,879.2147,-0.0065979483,-3962.615558249362,29.0,S_1396
2024-05-13 12:06:47,-62.229984,6.0012207,-72.92763,242.47194,879.2147,-0.0056104497,-3982.3074221723873,29.0,S_1396
2024-05-13 12:06:48,-62.2892,6.0013123,-72.976585,242.36702,879.21295,-0.0055962647,-4002.58885044043,29.0,S_1396
2024-05-13 12:06:49,-62.34842,6.0013885,-73.02554,242.25513,879.21295,-0.0048701763,-4017.1634858773114,29.0,S_1396
2024-05-13 12:06:50,-62.40764,6.001465,-73.0745,242.1502,879.2147,-0.0048575583,-4032.5679039474808,29.0,S_1396
2024-05-13 12:06:51,-62.46686,6.001541,-73.12346,242.0383,879.2147,-0.0047024013,-4046.0444175364764,29.0,S_1396
2024-05-13 12:06:52,-62.52609,6.0016174,-73.17242,241.9334,879.21295,-0.0046896064,-4060.327196861117,29.0,S_1396
2024-05-13 12:06:53,-62.58532,6.0016937,-73.221375,241.82149,879.21295,-0.005402413,-4078.941730868736,29.0,S_1396
2024-05-13 12:06:54,-62.64455,6.00177,-73.27033,241.70958,879.2185,-0.005390122,-4101.046373469649,29.0,S_1396
2024-05-13 12:06:55,-62.703785,6.0018463,-73.32629,241.59767,879.22034,-0.0068016453,-4127.1230853275,29.0,S_1396
2024-05-13 12:06:56,-62.763023,6.0019226,-73.375244,241.48576,879.2055,-0.0067904023,-4159.278463917864,29.0,S_1396
2024-05-13 12:06:57,-62.82226,6.001999,-73.4312,241.37386,879.19257,-0.008149614,-4194.104976311344,29.0,S_1396
2024-05-13 12:06:58,-62.881504,6.002075,-73.480156,241.26195,879.24255,-0.008139362,-4230.486289807338,29.0,S_1396
2024-05-13 12:06:59,-62.94075,6.0021515,-73.52912,241.15005,879.3537,-0.010196185,-4280.2252518274,29.0,S_1396
2024-05-13 12:07:00,-63.0,6.002228,-73.57808,241.03815,879.4241,-0.01018745,-4331.113352424749,29.0,S_1396
2024-05-13 12:07:01,-63.059742,6.002304,-73.62704,240.91925,879.4222,-0.01163788,-4389.823652400694,29.0,S_1396
2024-05-13 12:07:02,-63.119473,6.0023804,-73.675995,240.80734,879.4037,-0.011627765,-4450.152656999047,29.0,S_1396
2024-05-13 12:07:03,-63.179188,6.0024567,-73.72495,240.68843,879.4018,-0.011395567,-4508.56868064703,29.0,S_1396
2024-05-13 12:07:04,-63.238888,6.002533,-73.77391,240.56953,879.40735,-0.011387466,-4566.880752181966,29.0,S_1396
2024-05-13 12:07:05,-63.298576,6.0026093,-73.82287,240.45064,879.40924,-0.010877976,-4620.485756971184,29.0,S_1396
2024-05-13 12:07:06,-63.35825,6.0026855,-73.871826,240.33873,879.40924,-0.010869426,-4675.611462279997,29.0,S_1396
2024-05-13 12:07:07,-63.417908,6.002762,-73.92079,240.21983,879.40735,-0.010375497,-4727.107105395232,29.0,S_1396
2024-05-13 12:07:08,-63.477554,6.002838,-73.96975,240.10094,879.40924,-0.010366512,-4778.504225134826,29.0,S_1396
2024-05-13 12:07:09,-63.537186,6.0029144,-74.01871,239.98203,879.40924,-0.009598078,-4825.970984620454,29.0,S_1396
2024-05-13 12:07:10,-63.596806,6.0029755,-74.067665,239.85614,879.40924,-0.009586201,-4865.759520355087,29.0,S_1396
2024-05-13 12:07:11,-63.65641,6.0030518,-74.10963,239.73724,879.40735,-0.008968893,-4910.563249037805,29.0,S_1396
2024-05-13 12:07:12,-63.716,6.003128,-74.15859,239.61134,879.40735,-0.008956494,-4947.728508155961,29.0,S_1396
2024-05-13 12:07:13,-63.775574,6.003189,-74.200554,239.48544,879.41296,-0.00745871,-4981.1625419227,29.0,S_1396
2024-05-13 12:07:14,-63.835136,6.0032654,-74.24951,239.36655,879.4148,-0.007445138,-5014.080174921721,29.0,S_1396
2024-05-13 12:07:15,-63.894688,6.0033417,-74.29847,239.24066,879.4,-0.005187166,-5031.008553890156,29.0,S_1396
2024-05-13 12:07:16,-63.95422,6.0034027,-74.34743,239.12175,879.387,-0.0051718545,-5048.752377998649,29.0,S_1396
2024-05-13 12:07:17,-64.01374,6.003479,-74.396385,238.99586,879.4389,-0.005776785,-5074.608742785181,29.0,S_1396
2024-05-13 12:07:18,-64.07325,6.00354,-74.45234,238.86298,879.5481,-0.0060898587,-5096.18033327455,29.0,S_1396
2024-05-13 12:07:19,-64.132744,6.003601,-74.5013,238.73708,879.6185,-0.0049015568,-5111.773813490622,29.0,S_1396
2024-05-13 12:07:20,-64.19222,6.0036774,-74.55026,238.61119,879.6167,-0.004731131,-5126.224591442829,29.0,S_1396
2024-05-13 12:07:21,-64.251686,6.0037384,-74.59922,238.48529,879.59814,-0.003572852,-5131.226899777619,29.0,S_1396
2024-05-13 12:07:22,-64.311134,6.0037994,-74.64118,238.3524,879.6,-0.0021523375,-5128.5261771398145,29.0,S_1396
2024-05-13 12:07:23,-64.370575,6.0038757,-74.68314,238.22652,879.6037,-0.0010204588,-5120.149568847155,29.0,S_1396
2024-05-13 12:07:24,-64.43,6.003937,-74.73211,238.09363,879.6056,-0.00070481456,-5107.763256398287,29.0,S_1396
2024-05-13 12:07:25,-64.48941,6.003998,-74.78107,237.96074,879.6037,-0.0012927343,-5099.339799268821,29.0,S_1396
2024-05-13 12:07:26,-64.548805,6.004059,-74.830025,237.82785,879.6037,-0.0021854455,-5097.17470578733,29.0,S_1396
2024-05-13 12:07:27,-64.608185,6.00412,-74.87898,237.68796,879.6037,-0.0032981855,-5101.882979478585,29.0,S_1396
2024-05-13 12:07:28,-64.66756,6.004181,-74.92794,237.55507,879.6037,-0.0035110721,-5108.33426495372,29.0,S_1396
2024-05-13 12:07:29,-64.726906,6.004242,-74.9769,237.42218,879.6037,-0.0031961384,-5112.680072563494,29.0,S_1396
2024-05-13 12:07:30,-64.78625,6.004303,-75.025856,237.28929,879.6037,-0.0025054119,-5111.1836708525925,29.0,S_1396
2024-05-13 12:07:31,-64.84557,6.004364,-75.067825,237.14941,879.6037,-0.0023230878,-5110.950218006674,29.0,S_1396
2024-05-13 12:07:32,-64.904884,6.004425,-75.11678,237.01653,879.6018,-0.0021760873,-5108.759137239683,29.0,S_1396
2024-05-13 12:07:33,-64.96419,6.004486,-75.16574,236.87665,879.6018,-0.0018239248,-5102.755706131054,29.0,S_1396
2024-05-13 12:07:34,-65.02347,6.004547,-75.2077,236.73677,879.6056,0.00027953717,-5085.20540309571,29.0,S_1396
2024-05-13 12:07:35,-65.08274,6.004593,-75.25667,236.59688,879.60925,0.0024819244,-5052.776836435961,29.0,S_1396
2024-05-13 12:07:36,-65.142,6.004654,-75.29863,236.457,879.5963,-0.0035845684,-5061.770020727696,29.0,S_1396
2024-05-13 12:07:37,-65.20124,6.004715,-75.34759,236.31012,879.5833,-0.003452614,-5067.5851386837885,29.0,S_1396
2024-05-13 12:07:38,-65.26047,6.0047607,-75.396545,236.17024,879.6333,-0.003479836,-5071.758747641252,29.0,S_1396
2024-05-13 12:07:39,-65.31969,6.004822,-75.438515,236.03036,879.7426,-0.0040950924,-5084.223116431936,29.0,S_1396
2024-05-13 12:07:40,-65.37888,6.0048676,-75.48747,235.88348,879.8148,-0.005051319,-5101.36377956113,29.0,S_1396
2024-05-13 12:07:41,-65.43807,6.0049286,-75.53643,235.7366,879.8111,-0.004655064,-5115.784377003326,29.0,S_1396
2024-05-13 12:07:42,-65.497246,6.0049744,-75.58539,235.58972,879.7926,-0.0054720463,-5132.436593251389,29.0,S_1396
2024-05-13 12:07:43,-65.556404,6.0050354,-75.62735,235.44286,879.7908,-0.006010313,-5153.937776776926,29.0,S_1396
2024-05-13 12:07:44,-65.615555,6.005081,-75.66932,235.29597,879.7963,-0.0071767173,-5187.005889277882,29.0,S_1396
2024-05-13 12:07:45,-65.67468,6.005142,-75.71828,235.1491,879.8,-0.007126482,-5219.010934665632,29.0,S_1396
2024-05-13 12:07:46,-65.7338,6.005188,-75.767235,234.99522,879.7981,-0.0074052317,-5252.5890051372935,29.0,S_1396
2024-05-13 12:07:47,-65.79291,6.005234,-75.81619,234.84135,879.7981,-0.007889081,-5283.739838665196,29.0,S_1396
2024-05-13 12:07:48,-65.852,6.0052795,-75.85816,234.69449,879.7981,-0.007879615,-5317.603307550211,29.0,S_1396
2024-05-13 12:07:49,-65.91107,6.0053406,-75.90012,234.54062,879.7981,-0.0075741378,-5352.8882403791595,29.0,S_1396
2024-05-13 12:07:50,-65.97014,6.0053864,-75.94908,234.39374,879.7981,-0.009589216,-5402.776052761933,29.0,S_1396
2024-05-13 12:07:51,-66.02918,6.005432,-75.99804,234.23286,879.7981,-0.010154905,-5454.741789276562,29.0,S_1396
2024-05-13 12:07:52,-66.08822,6.005478,-76.047,234.079,879.7981,-0.010720595,-5504.371820158303,29.0,S_1396
2024-05-13 12:07:53,-66.14724,6.0055237,-76.08897,233.92513,879.7981,-0.011460211,-5561.4750093622415,29.0,S_1396
2024-05-13 12:07:54,-66.206245,6.0055695,-76.13093,233.76427,879.7981,-0.0120312795,-5627.605689813701,29.0,S_1396
2024-05-13 12:07:55,-66.26524,6.005615,-76.179886,233.6104,879.7981,-0.01313599,-5693.715317302627,29.0,S_1396
2024-05-13 12:07:56,-66.32422,6.005661,-76.221855,233.44952,879.7981,-0.014786162,-5771.3492163855,29.0,S_1396
2024-05-13 12:07:57,-66.38319,6.005707,-76.26382,233.28867,879.7981,-0.016229596,-5858.0212141322245,29.0,S_1396
2024-05-13 12:07:58,-66.44214,6.0057373,-76.30578,233.1278,879.7963,-0.015269801,-5947.653183677906,29.0,S_1396
2024-05-13 12:07:59,-66.501076,6.005783,-76.354744,232.96693,879.8,-0.016414193,-6045.4763725177745,29.0,S_1396
2024-05-13 12:08:00,-66.56,6.005829,-76.4037,232.79907,879.8019,-0.016458612,-6141.299172533917,29.0,S_1396
2024-05-13 12:08:01,-66.61817,6.005951,-76.45266,232.63821,879.7926,-0.015689433,-6224.533982541862,29.0,S_1396
2024-05-13 12:08:02,-66.67635,6.0060577,-76.49462,232.47035,879.7833,-0.014770741,-6302.916486799128,29.0,S_1396
2024-05-13 12:08:03,-66.73455,6.00618,-76.53659,232.30249,879.8185,-0.014994173,-6389.800074384107,29.0,S_1396
2024-05-13 12:08:04,-66.792755,6.0062866,-76.58555,232.14163,879.9056,-0.013467434,-6458.478531141116,29.0,S_1396
2024-05-13 12:08:05,-66.85097,6.0063934,-76.62751,231.97377,879.98517,-0.012065271,-6520.740311122093,29.0,S_1396
2024-05-13 12:08:06,-66.909195,6.006485,-76.66947,231.79892,880.00745,-0.008708912,-6564.9102543627605,29.0,S_1396
2024-05-13 12:08:07,-66.96744,6.006592,-76.71844,231.63106,879.99445,-0.005006013,-6579.781260603182,29.0,S_1396
2024-05-13 12:08:08,-67.02569,6.0066833,-76.7604,231.4562,879.98895,-0.0011021896,-6570.486674705658,29.0,S_1396
2024-05-13 12:08:09,-67.08395,6.006775,-76.80236,231.28136,879.9926,0.0036023348,-6528.690161257877,29.0,S_1396
2024-05-13 12:08:10,-67.14222,6.0068665,-76.851326,231.1065,879.99445,0.005211889,-6477.269639490115,29.0,S_1396
2024-05-13 12:08:11,-67.2005,6.006958,-76.89329,230.93166,879.9926,0.004673704,-6430.816687963838,29.0,S_1396
2024-05-13 12:08:12,-67.2588,6.0070343,-76.93525,230.75679,879.9926,0.0054335957,-6382.499440587246,29.0,S_1396
2024-05-13 12:08:13,-67.3171,6.007126,-76.97022,230.58194,879.9926,0.0061541647,-6328.078093534345,29.0,S_1396
2024-05-13 12:08:14,-67.37542,6.007202,-77.012184,230.40709,879.9926,0.00917489,-6251.8414103962405,29.0,S_1396
2024-05-13 12:08:15,-67.43375,6.007263,-77.05415,230.22525,879.9926,0.009415302,-6168.376109426313,29.0,S_1396
2024-05-13 12:08:16,-67.49209,6.0073395,-77.10311,230.0434,879.9926,0.00866452,-6094.019897563209,29.0,S_1396
2024-05-13 12:08:17,-67.55044,6.0074005,-77.14507,229.86156,879.9926,0.008780149,-6020.418471329455,29.0,S_1396
2024-05-13 12:08:18,-67.608795,6.007477,-77.18704,229.6797,879.9926,0.0095075,-5942.214186288497,29.0,S_1396
2024-05-13 12:08:19,-67.66717,6.0075226,-77.229004,229.49785,879.9926,0.010174392,-5852.7461288966215,29.0,S_1396
2024-05-13 12:08:20,-67.725555,6.0075836,-77.27796,229.30902,879.9926,0.011413316,-5759.414933623231,29.0,S_1396
2024-05-13 12:08:21,-67.78395,6.0076447,-77.31993,229.12018,879.9926,0.01057155,-5674.417846298413,29.0,S_1396
2024-05-13 12:08:22,-67.842354,6.0076904,-77.36189,228.93832,879.9926,0.009689158,-5594.417312031452,29.0,S_1396
2024-05-13 12:08:23,-67.90077,6.007736,-77.403854,228.74948,879.9926,0.010747399,-5511.605247956416,29.0,S_1396
2024-05-13 12:08:24,-67.9592,6.007782,-77.43883,228.55365,879.9926,0.012315983,-5408.247518446047,29.0,S_1396
2024-05-13 12:08:25,-68.01764,6.0078278,-77.487785,228.3648,879.9926,0.012815833,-5306.524541882605,29.0,S_1396
2024-05-13 12:08:26,-68.07609,6.0078583,-77.529755,228.17596,879.9926,0.013441252,-5207.707661548464,29.0,S_1396
2024-05-13 12:08:27,-68.13455,6.007889,-77.56472,227.98013,879.9926,0.012724239,-5107.781919559555,29.0,S_1396
2024-05-13 12:08:28,-68.19302,6.0079346,-77.60669,227.7843,879.9926,0.013060537,-5004.457032573891,29.0,S_1396
2024-05-13 12:08:29,-68.2515,6.00795,-77.64865,227.58846,879.9926,0.012522851,-4903.384587374954,29.0,S_1396
2024-05-13 12:08:30,-68.31,6.0079803,-77.69061,227.38564,879.9926,0.012031947,-4806.895204435295,29.0,S_1396
2024-05-13 12:08:31,-68.36851,6.0079956,-77.73258,227.1898,879.9907,0.011372046,-4715.238162701349,29.0,S_1396
2024-05-13 12:08:32,-68.427025,6.008026,-77.77454,226.99396,879.9926,0.011366237,-4628.357480136854,29.0,S_1396
2024-05-13 12:08:33,-68.48555,6.0080414,-77.80952,226.79114,879.99817,0.010600317,-4541.83918646991,29.0,S_1396
2024-05-13 12:08:34,-68.54409,6.0080414,-77.85148,226.5883,880.0,0.009834398,-4458.113211266536,29.0,S_1396
2024-05-13 12:08:35,-68.60264,6.0080566,-77.89345,226.37848,879.98517,0.010952407,-4367.937843766011,29.0,S_1396
2024-05-13 12:08:36,-68.6612,6.0080566,-77.93541,226.17566,879.9722,0.014306139,-4254.244696670221,29.0,S_1396
2024-05-13 12:08:37,-68.71977,6.0080566,-77.97737,225.96584,880.0223,0.010864852,-4164.968782247848,29.0,S_1396
2024-05-13 12:08:38,-68.77836,6.0080566,-78.01934,225.763,880.1315,0.0069475137,-4104.931557904445,29.0,S_1396
2024-05-13 12:08:39,-68.83695,6.0080566,-78.05431,225.55318,880.20374,0.0075402837,-4042.293708636018,29.0,S_1396
2024-05-13 12:08:40,-68.89555,6.0080566,-78.08928,225.34335,880.2001,0.0073188217,-3976.4982006428017,29.0,S_1396
2024-05-13 12:08:41,-68.95417,6.0080414,-78.13125,225.12654,880.1815,0.004806392,-3926.9671571000727,29.0,S_1396
2024-05-13 12:08:42,-69.0128,6.008026,-78.17321,224.91672,880.1797,0.0038617472,-3885.699311896533,29.0,S_1396
2024-05-13 12:08:43,-69.07144,6.008011,-78.20818,224.69989,880.1871,0.0024461919,-3853.1292384071166,29.0,S_1396
2024-05-13 12:08:44,-69.13009,6.0079803,-78.250145,224.48308,880.18896,0.0031777832,-3816.0216201780113,29.0,S_1396
2024-05-13 12:08:45,-69.18875,6.007965,-78.28512,224.26627,880.1871,0.0024146417,-3783.5072835943447,29.0,S_1396
2024-05-13 12:08:46,-69.24742,6.0079346,-78.32708,224.04245,880.1871,0.0020651876,-3753.208747600338,29.0,S_1396
2024-05-13 12:08:47,-69.30611,6.007904,-78.36205,223.82562,880.1871,0.0023061845,-3721.5635655477417,29.0,S_1396
2024-05-13 12:08:48,-69.3648,6.0078735,-78.404015,223.60182,880.1871,0.0022364866,-3690.0520262084137,29.0,S_1396
2024-05-13 12:08:49,-69.42351,6.007843,-78.43899,223.378,880.1871,0.0019837571,-3660.4290292230544,29.0,S_1396
2024-05-13 12:08:50,-69.48222,6.0077972,-78.48095,223.15419,880.1871,0.0017310274,-3632.2557828605077,29.0,S_1396
2024-05-13 12:08:51,-69.54095,6.0077515,-78.51592,222.93039,880.1871,-0.001004956,-3623.1603374605547,29.0,S_1396
2024-05-13 12:08:52,-69.599686,6.0077057,-78.557884,222.70657,880.1871,-0.0059901457,-3647.5402634552265,29.0,S_1396
2024-05-13 12:08:53,-69.65844,6.00766,-78.59985,222.47577,880.1871,-0.0052059963,-3663.5320758012003,29.0,S_1396
2024-05-13 12:08:54,-69.7172,6.007599,-78.63482,222.24496,880.1871,-0.0077064903,-3701.464790086993,29.0,S_1396
2024-05-13 12:08:55,-69.77597,6.007553,-78.67679,222.00716,880.1871,-0.0031103701,-3703.709350677693,29.0,S_1396
2024-05-13 12:08:56,-69.834755,6.007492,-78.711754,221.77635,880.1871,0.0044799475,-3659.0672888828503,29.0,S_1396
2024-05-13 12:08:57,-69.89355,6.007431,-78.74673,221.54555,880.1871,0.00853409,-3587.6872638365203,29.0,S_1396
2024-05-13 12:08:58,-69.952354,6.0073547,-78.7817,221.30775,880.1871,0.0029630386,-3552.1916287320764,29.0,S_1396
2024-05-13 12:08:59,-70.01117,6.0072937,-78.816666,221.06995,880.1871,-0.00064428034,-3540.386360738472,29.0,S_1396
2024-05-13 12:09:00,-70.07,6.0072174,-78.858635,220.83215,880.1871,0.007448811,-3474.09300663905,29.0,S_1396
2024-05-13 12:09:01,-70.12933,6.007065,-78.8936,220.58736,880.1871,-0.0042707464,-3487.6549805142113,29.0,S_1396
2024-05-13 12:09:02,-70.18865,6.006912,-78.93557,220.34256,880.1871,-0.009251955,-3529.3803568088606,29.0,S_1396
2024-05-13 12:09:03,-70.24797,6.0067596,-78.970535,220.10477,880.1871,-0.0065317117,-3555.8487562434857,29.0,S_1396
2024-05-13 12:09:04,-70.30729,6.006607,-79.00551,219.85997,880.1871,-0.007541703,-3586.217293588894,29.0,S_1396
2024-05-13 12:09:05,-70.36659,6.0064545,-79.033485,219.60818,880.1871,-0.011387899,-3646.0267231123125,29.0,S_1396
2024-05-13 12:09:06,-70.425896,6.006302,-79.06846,219.35638,880.1871,-0.011765808,-3705.6804862089175,29.0,S_1396
2024-05-13 12:09:07,-70.4852,6.0061493,-79.103424,219.1116,880.1871,-0.013391154,-3784.199822837525,29.0,S_1396
2024-05-13 12:09:08,-70.54449,6.0059967,-79.14539,218.8598,880.1871,-0.015816338,-3870.5050082117286,29.0,S_1396
2024-05-13 12:09:09,-70.603775,6.005844,-79.18036,218.60802,880.1871,-0.02450584,-4007.2799483298077,29.0,S_1396
2024-05-13 12:09:10,-70.663055,6.0056763,-79.208336,218.34924,880.1871,-0.029760735,-4190.0104604491025,29.0,S_1396
2024-05-13 12:09:11,-70.72233,6.0055237,-79.24331,218.09045,880.1871,-0.014231466,-4267.9498615445245,29.0,S_1396
2024-05-13 12:09:12,-70.7816,6.005371,-79.27828,217.83168,880.1871,-0.025771258,-4422.337515299339,29.0,S_1396
2024-05-13 12:09:13,-70.84086,6.0052032,-79.31325,217.57289,880.1871,-0.021080146,-4547.813315870757,29.0,S_1396
2024-05-13 12:09:14,-70.90012,6.0050507,-79.34822,217.30711,880.1871,-0.026991712,-4709.333744905776,29.0,S_1396
2024-05-13 12:09:15,-70.95937,6.004883,-79.383194,217.04834,880.1871,-0.03335544,-4916.677701146995,29.0,S_1396
2024-05-13 12:09:16,-71.01862,6.00473,-79.41816,216.78256,880.1871,-0.028770724,-5080.448114427423,29.0,S_1396
2024-05-13 12:09:17,-71.07786,6.0045624,-79.44614,216.51678,880.1871,-0.015708735,-5169.74602784484,29.0,S_1396
2024-05-13 12:09:18,-71.1371,6.0043945,-79.48111,216.251,880.1871,-0.018500092,-5278.592366796174,29.0,S_1396
2024-05-13 12:09:19,-71.19633,6.004242,-79.51608,215.97824,880.1871,-0.01804416,-5374.073785239447,29.0,S_1396
2024-05-13 12:09:20,-71.255554,6.004074,-79.54406,215.71246,880.1871,-0.016171252,-5467.774045224858,29.0,S_1396
2024-05-13 12:09:21,-71.31477,6.0039062,-79.579025,215.43968,880.1871,-0.014960986,-5551.797163867423,29.0,S_1396
2024-05-13 12:09:22,-71.373985,6.0037384,-79.614,215.16692,880.1871,-0.010015176,-5599.377518545105,29.0,S_1396
2024-05-13 12:09:23,-71.4332,6.003586,-79.641975,214.88715,880.1871,-0.0109789185,-5653.7425776633845,29.0,S_1396
2024-05-13 12:09:24,-71.49239,6.003418,-79.66995,214.60739,880.18524,-0.011861619,-5713.658045592927,29.0,S_1396
2024-05-13 12:09:25,-71.55159,6.00325,-79.69793,214.32762,880.1871,-0.013160227,-5781.757337690955,29.0,S_1396
2024-05-13 12:09:26,-71.61079,6.0030823,-79.72591,214.04785,880.1926,-0.009377621,-5830.533780717735,29.0,S_1396
2024-05-13 12:09:27,-71.66997,6.0029144,-79.76087,213.7611,880.18896,-0.006923669,-5860.233183440048,29.0,S_1396
2024-05-13 12:09:28,-71.72915,6.0027313,-79.795845,213.48134,880.1704,-0.0044697165,-5871.712756825895,29.0,S_1396
2024-05-13 12:09:29,-71.78833,6.0025635,-79.82382,213.20157,880.1797,0.0007230008,-5851.040028237152,29.0,S_1396
2024-05-13 12:09:30,-71.847496,6.0023956,-79.8518,212.90782,880.26855,0.008196203,-5781.7369796906405,29.0,S_1396
2024-05-13 12:09:31,-71.90666,6.002228,-79.879776,212.62106,880.37225,0.010343928,-5693.645683793307,29.0,S_1396
2024-05-13 12:09:32,-71.96582,6.00206,-79.91474,212.3273,880.4093,0.014089276,-5584.276143030491,29.0,S_1396
2024-05-13 12:09:33,-72.02497,6.001877,-79.94272,212.03355,880.39636,0.0017476355,-5556.518245236286,29.0,S_1396
2024-05-13 12:09:34,-72.08412,6.001709,-79.970695,211.7398,880.3778,0.01824818,-5421.474065343129,29.0,S_1396
2024-05-13 12:09:35,-72.14326,6.001526,-79.99867,211.44604,880.3778,0.041420106,-5136.300700270092,29.0,S_1396
2024-05-13 12:09:36,-72.20239,6.001358,-80.02665,211.1523,880.38336,0.035500173,-4885.870456968129,29.0,S_1396
2024-05-13 12:09:37,-72.26153,6.001175,-80.05463,210.85155,880.38336,0.0045944154,-4839.1201010227305,29.0,S_1396
2024-05-13 12:09:38,-72.32065,6.001007,-80.0826,210.5508,880.3816,0.0009399674,-4816.369012719868,29.0,S_1396
2024-05-13 12:09:39,-72.37977,6.000824,-80.11058,210.24306,880.3816,-0.0026218744,-4816.8271332454915,29.0,S_1396
2024-05-13 12:09:40,-72.43888,6.000656,-80.13856,209.9423,880.3816,-0.005584097,-4837.622810324225,29.0,S_1396
2024-05-13 12:09:41,-72.49799,6.000473,-80.166534,209.63457,880.3816,0.0014261821,-4811.509877672597,29.0,S_1396
2024-05-13 12:09:42,-72.5571,6.00029,-80.19451,209.32683,880.3816,0.017947432,-4681.8509740555,29.0,S_1396
2024-05-13 12:09:43,-72.616196,6.000107,-80.21549,209.01909,880.3816,0.033373564,-4445.2657800660545,29.0,S_1396
2024-05-13 12:09:44,-72.675285,5.999939,-80.24347,208.71135,880.3816,0.009315277,-4366.15901489854,29.0,S_1396
2024-05-13 12:09:45,-72.73437,5.999756,-80.27145,208.39662,880.3816,0.0022462518,-4334.330006586371,29.0,S_1396
2024-05-13 12:09:46,-72.79345,5.9995728,-80.29942,208.08188,880.3816,0.0037964084,-4293.447062066367,29.0,S_1396
2024-05-13 12:09:47,-72.85252,5.9993896,-80.320404,207.76715,880.3816,0.014891162,-4182.946188016702,29.0,S_1396
2024-05-13 12:09:48,-72.9116,5.9992065,-80.341385,207.45241,880.3816,0.023219686,-4009.5693433564884,29.0,S_1396
2024-05-13 12:09:49,-72.97066,5.9990234,-80.36936,207.13068,880.3816,0.03331922,-3767.174064746716,29.0,S_1396
2024-05-13 12:09:50,-73.02972,5.9988403,-80.39734,206.80894,880.3816,0.02674397,-3578.360094371241,29.0,S_1396
2024-05-13 12:09:51,-73.08877,5.998642,-80.41832,206.48723,880.3816,0.024117041,-3407.50549275095,29.0,S_1396
2024-05-13 12:09:52,-73.14782,5.998459,-80.4393,206.1655,880.3816,0.013056749,-3302.1036157673934,29.0,S_1396
2024-05-13 12:09:53,-73.206856,5.9982758,-80.46728,205.83676,880.3816,0.009568823,-3220.846345047674,29.0,S_1396
2024-05-13 12:09:54,-73.26589,5.9980927,-80.495255,205.51505,880.3816,0.015716841,-3097.105897216621,29.0,S_1396
2024-05-13 12:09:55,-73.32493,5.9978943,-80.52323,205.18631,880.3816,-0.011777449,-3156.488434451294,29.0,S_1396
2024-05-13 12:09:56,-73.38395,5.997711,-80.54421,204.85759,880.3816,-0.0033164932,-3162.156744761616,29.0,S_1396
2024-05-13 12:09:57,-73.44297,5.997528,-80.56519,204.52188,880.3816,-0.01947005,-3273.6906338627123,29.0,S_1396
2024-05-13 12:09:58,-73.50198,5.9973297,-80.58618,204.18616,880.3816,-0.018925779,-3381.436202944802,29.0,S_1396
2024-05-13 12:09:59,-73.56099,5.9971466,-80.60716,203.85043,880.3816,-0.022062035,-3506.888672385079,29.0,S_1396
2024-05-13 12:10:00,-73.619995,5.9969482,-80.62814,203.52171,880.3816,-0.01189594,-3570.0061648737537,29.0,S_1396
2024-05-13 12:10:01,-73.67915,5.996765,-80.649124,203.179,880.3816,-0.005023163,-3587.7712645376596,29.0,S_1396
2024-05-13 12:10:02,-73.738304,5.996582,-80.6771,202.84329,880.3816,0.0016092248,-3560.2463284814785,29.0,S_1396
2024-05-13 12:10:03,-73.79745,5.996414,-80.69808,202.50058,880.3816,-0.0010440566,-3550.4040292016816,29.0,S_1396
2024-05-13 12:10:04,-73.856575,5.996231,-80.712074,202.15787,880.3816,0.007947174,-3483.9281036994416,29.0,S_1396
2024-05-13 12:10:05,-73.91569,5.996048,-80.72606,201.81516,880.3816,0.025945943,-3285.9591805927266,29.0,S_1396
2024-05-13 12:10:06,-73.97479,5.9958496,-80.754036,201.46545,880.3816,0.023790123,-3112.2561527587877,29.0,S_1396
2024-05-13 12:10:07,-74.03389,5.9956665,-80.77502,201.12274,880.3816,0.00062275026,-3091.8913044562396,29.0,S_1396
2024-05-13 12:10:08,-74.09297,5.9954834,-80.78901,200.77303,880.3816,-0.0078114327,-3126.1430872827405,29.0,S_1396
2024-05-13 12:10:09,-74.15205,5.9953003,-80.80299,200.42332,880.3816,-0.046133626,-3417.4566527009465,29.0,S_1396
2024-05-13 12:10:10,-74.211105,5.995102,-80.82398,200.07362,880.3816,-0.030588036,-3613.8275611213194,29.0,S_1396
2024-05-13 12:10:11,-74.27016,5.994919,-80.85196,199.7239,880.3816,-0.030106073,-3793.0886308096015,29.0,S_1396
2024-05-13 12:10:12,-74.3292,5.9947205,-80.865944,199.36722,880.3816,-0.031967204,-3988.5588607811296,29.0,S_1396
2024-05-13 12:10:13,-74.38822,5.9945374,-80.886925,199.0175,880.3816,-0.03260784,-4183.985491269546,29.0,S_1396
2024-05-13 12:10:14,-74.44724,5.994339,-80.90092,198.66081,880.3816,-0.025884388,-4341.649620545335,29.0,S_1396
2024-05-13 12:10:15,-74.50625,5.9941406,-80.9219,198.30411,880.3816,-0.016073668,-4429.078074522049,29.0,S_1396
2024-05-13 12:10:16,-74.56524,5.9939423,-80.93588,197.9474,880.3816,-0.008164883,-4466.720801319045,29.0,S_1396
2024-05-13 12:10:17,-74.62422,5.993744,-80.949875,197.58371,880.3816,0.0057430454,-4411.953858265875,29.0,S_1396
2024-05-13 12:10:18,-74.6832,5.9935455,-80.970856,197.22702,880.3816,0.012691085,-4310.706287520919,29.0,S_1396
2024-05-13 12:10:19,-74.74216,5.993347,-80.98484,196.85632,880.3816,-0.0017405308,-4305.496326077218,29.0,S_1396
2024-05-13 12:10:20,-74.80111,5.993149,-80.99883,196.49263,880.3816,-0.0053057475,-4323.912406221338,29.0,S_1396
2024-05-13 12:10:21,-74.86005,5.9929504,-81.01282,196.12894,880.3816,-0.0042167716,-4335.19673858545,29.0,S_1396
2024-05-13 12:10:22,-74.918976,5.992737,-81.02681,195.76524,880.3816,-0.0021165828,-4332.734588599027,29.0,S_1396
2024-05-13 12:10:23,-74.97789,5.9925385,-81.033806,195.39456,880.3816,0.0027825432,-4298.487075609597,29.0,S_1396
2024-05-13 12:10:24,-75.0368,5.992325,-81.04779,195.03087,880.3816,0.0021797584,-4267.870853047149,29.0,S_1396
2024-05-13 12:10:25,-75.095695,5.9921265,-81.061775,194.66017,880.3816,-0.0030034075,-4271.973305738371,29.0,S_1396
2024-05-13 12:10:26,-75.15458,5.991913,-81.08276,194.28949,880.3816,-0.0049786945,-4288.08955991195,29.0,S_1396
2024-05-13 12:10:27,-75.21345,5.9917145,-81.09675,193.9188,880.3816,-0.005179741,-4305.153333248645,29.0,S_1396
2024-05-13 12:10:28,-75.27231,5.991501,-81.103745,193.54811,880.3816,-0.0071552135,-4336.139164245711,29.0,S_1396
2024-05-13 12:10:29,-75.33116,5.991287,-81.11074,193.17043,880.3816,-0.008609666,-4376.503627361868,29.0,S_1396
2024-05-13 12:10:30,-75.39,5.9910736,-81.124725,192.79974,880.3816,-0.01221991,-4441.96094252791,29.0,S_1396
2024-05-13 12:10:31,-75.44883,5.99086,-81.13872,192.42206,880.3816,-0.010645347,-4496.518713415604,29.0,S_1396
2024-05-13 12:10:32,-75.507645,5.9906464,-81.1527,192.04437,880.3816,-0.006327077,-4521.35017789831,29.0,S_1396
2024-05-13 12:10:33,-75.56645,5.9904327,-81.1597,191.66669,880.3816,0.0029898374,-4485.623629605207,29.0,S_1396
2024-05-13 12:10:34,-75.625244,5.990219,-81.16669,191.28902,880.3816,0.0071940687,-4422.502789603401,29.0,S_1396
2024-05-13 12:10:35,-75.68403,5.98999,-81.17368,190.91133,880.3816,-0.007786286,-4459.039151654588,29.0,S_1396
2024-05-13 12:10:36,-75.7428,5.9897766,-81.187675,190.52666,880.3816,-0.01138738,-4516.465021127053,29.0,S_1396
2024-05-13 12:10:37,-75.80156,5.9895477,-81.194664,190.14897,880.3816,-0.0071070427,-4547.514157591537,29.0,S_1396
2024-05-13 12:10:38,-75.86031,5.989334,-81.20866,189.77129,880.3816,-0.005848149,-4569.8631632120905,29.0,S_1396
2024-05-13 12:10:39,-75.91905,5.989105,-81.21565,189.38661,880.3816,0.0036591925,-4529.306761288335,29.0,S_1396
2024-05-13 12:10:40,-75.977776,5.9888916,-81.22264,189.00194,880.3816,0.013166534,-4426.033517292593,29.0,S_1396
2024-05-13 12:10:41,-76.03649,5.9886627,-81.22964,188.61726,880.3816,0.02012444,-4276.956644029451,29.0,S_1396
2024-05-13 12:10:42,-76.0952,5.988434,-81.23663,188.23259,880.3816,-0.021673273,-4403.46151842739,29.0,S_1396
2024-05-13 12:10:43,-76.15389,5.988205,-81.24363,187.84792,880.3816,-0.029576965,-4581.926844142692,29.0,S_1396
2024-05-13 12:10:44,-76.21258,5.987976,-81.25062,187.46323,880.3816,-0.038065087,-4816.107762425741,29.0,S_1396
2024-05-13 12:10:45,-76.27125,5.987747,-81.257614,187.07855,880.3816,-0.038247045,-5051.311483348647,29.0,S_1396
2024-05-13 12:10:46,-76.32991,5.9875183,-81.26461,186.69388,880.3816,-0.06655615,-5472.316278164984,29.0,S_1396
2024-05-13 12:10:47,-76.388565,5.9872894,-81.2716,186.3092,880.3816,-0.036697205,-5701.322893828303,29.0,S_1396
2024-05-13 12:10:48,-76.447205,5.9870453,-81.278595,185.91753,880.3816,-0.03961152,-5942.915379411916,29.0,S_1396
2024-05-13 12:10:49,-76.50583,5.9868164,-81.278595,185.53285,880.3816,-0.013249632,-6013.122584363766,29.0,S_1396
2024-05-13 12:10:50,-76.564445,5.9865875,-81.278595,185.14818,880.3816,-0.013856278,-6088.922228758414,29.0,S_1396
2024-05-13 12:10:51,-76.623055,5.9863434,-81.278595,184.75652,880.3816,-0.03158524,-6279.700130164403,29.0,S_1396
2024-05-13 12:10:52,-76.68165,5.9860992,-81.28559,184.37183,880.3816,-0.059221845,-6658.677650638983,29.0,S_1396
2024-05-13 12:10:53,-76.74023,5.9858704,-81.29259,183.98016,880.3816,-0.039316565,-6902.691295185683,29.0,S_1396
2024-05-13 12:10:54,-76.7988,5.985626,-81.29259,183.58849,880.3816,-0.03794184,-7133.121229410395,29.0,S_1396
2024-05-13 12:10:55,-76.85736,5.985382,-81.29259,183.20381,880.3816,-0.033692356,-7340.186651757456,29.0,S_1396
2024-05-13 12:10:56,-76.91591,5.985138,-81.29259,182.81215,880.3816,-0.028191613,-7508.443514054683,29.0,S_1396
2024-05-13 12:10:57,-76.97445,5.984894,-81.299576,182.42747,880.38336,-0.021607544,-7636.358667301116,29.0,S_1396
2024-05-13 12:10:58,-77.03298,5.9846497,-81.30657,182.0358,880.3797,-0.020163646,-7753.408540645876,29.0,S_1396
2024-05-13 12:10:59,-77.0915,5.9844055,-81.30657,181.64413,880.376,-0.0077700815,-7788.841414654715,29.0,S_1396
2024-05-13 12:11:00,-77.15,5.9841614,-81.299576,181.25246,880.3889,-0.003387831,-7794.998178529428,29.0,S_1396
2024-05-13 12:11:01,-77.208496,5.9839783,-81.30657,180.8608,880.4093,-0.0007133547,-7783.409305853385,29.0,S_1396
2024-05-13 12:11:02,-77.26698,5.983795,-81.30657,180.4761,880.3889,0.0019611216,-7754.333064431419,29.0,S_1396
2024-05-13 12:11:03,-77.325455,5.983612,-81.299576,180.08444,880.2963,0.010314433,-7670.361913894794,29.0,S_1396
2024-05-13 12:11:04,-77.38391,5.983429,-81.29259,179.69977,880.1963,0.0242132,-7493.842773520728,29.0,S_1396
2024-05-13 12:11:05,-77.44236,5.9832306,-81.29259,179.30809,880.1667,0.060083214,-7079.606854083921,29.0,S_1396
2024-05-13 12:11:06,-77.5008,5.983032,-81.29259,178.91643,880.18524,0.04340964,-6778.802150663116,29.0,S_1396
2024-05-13 12:11:07,-77.55923,5.982834,-81.28559,178.53175,880.1926,0.020949118,-6622.757962506215,29.0,S_1396
2024-05-13 12:11:08,-77.617645,5.9826202,-81.278595,178.14008,880.1871,0.01921584,-6478.8189990765895,29.0,S_1396
2024-05-13 12:11:09,-77.67605,5.982422,-81.278595,177.74841,880.18524,0.006924726,-6417.428561612631,29.0,S_1396
2024-05-13 12:11:10,-77.73444,5.9822083,-81.278595,177.36374,880.1871,0.010896623,-6330.461659650948,29.0,S_1396
2024-05-13 12:11:11,-77.79283,5.9819946,-81.278595,176.97905,880.1871,0.010814511,-6242.242135610904,29.0,S_1396
2024-05-13 12:11:12,-77.851204,5.981781,-81.2716,176.58739,880.1871,0.009232906,-6165.114022550797,29.0,S_1396
2024-05-13 12:11:13,-77.90956,5.981552,-81.26461,176.20271,880.1871,-0.0009655682,-6155.224201438745,29.0,S_1396
2024-05-13 12:11:14,-77.96791,5.9813232,-81.26461,175.81804,880.1871,-0.0015010198,-6149.338709530699,29.0,S_1396
2024-05-13 12:11:15,-78.02625,5.9810944,-81.257614,175.42636,880.1871,0.012527123,-6050.426270546606,29.0,S_1396
2024-05-13 12:11:16,-78.08458,5.9808655,-81.25062,175.04169,880.1871,0.013348205,-5946.326856433394,29.0,S_1396
2024-05-13 12:11:17,-78.1429,5.9806366,-81.24363,174.65701,880.1871,-0.010041845,-5997.7047266597765,29.0,S_1396
2024-05-13 12:11:18,-78.2012,5.9803925,-81.22964,174.27234,880.1871,-0.007052424,-6026.8904961562275,29.0,S_1396
2024-05-13 12:11:19,-78.2595,5.9801483,-81.22264,173.89465,880.1871,-0.0031445571,-6031.72145222956,29.0,S_1396
2024-05-13 12:11:20,-78.31778,5.979904,-81.21565,173.50998,880.1871,-0.016278071,-6122.3036892730015,29.0,S_1396
2024-05-13 12:11:21,-78.37605,5.97966,-81.21565,173.1253,880.1871,-0.026310809,-6284.038904695304,29.0,S_1396
2024-05-13 12:11:22,-78.43431,5.9794006,-81.20166,172.74062,880.1871,-0.019722464,-6398.029686423331,29.0,S_1396
2024-05-13 12:11:23,-78.49256,5.979141,-81.194664,172.35594,880.1871,-0.015134455,-6482.415494353185,29.0,S_1396
2024-05-13 12:11:24,-78.550804,5.978882,-81.18068,171.97827,880.1871,-0.015172297,-6564.959530889208,29.0,S_1396
2024-05-13 12:11:25,-78.60903,5.9786224,-81.17368,171.60059,880.1871,-0.008472497,-6604.256900609607,29.0,S_1396
2024-05-13 12:11:26,-78.667244,5.978363,-81.16669,171.2229,880.1871,-0.008454112,-6643.476190864192,29.0,S_1396
2024-05-13 12:11:27,-78.72545,5.9780884,-81.1597,170.84521,880.1871,-0.025626648,-6794.926005016538,29.0,S_1396
2024-05-13 12:11:28,-78.783646,5.9778137,-81.1527,170.46753,880.1871,-0.02561383,-6950.024098756825,29.0,S_1396
2024-05-13 12:11:29,-78.84183,5.977539,-81.13872,170.08986,880.1871,-0.03775665,-7186.160911173365,29.0,S_1396
2024-05-13 12:11:30,-78.9,5.9772644,-81.124725,169.71217,880.1871,-0.037763596,-7418.264104663056,29.0,S_1396
2024-05-13 12:11:31,-78.95816,5.9769745,-81.11074,169.34148,880.1871,-0.037684884,-7645.094459787544,29.0,S_1396
2024-05-13 12:11:32,-79.01631,5.9766846,-81.103745,168.9708,880.1871,-0.03769966,-7882.494992412865,29.0,S_1396
2024-05-13 12:11:33,-79.07445,5.9763947,-81.08975,168.59311,880.1871,-0.033506736,-8087.33924040766,29.0,S_1396
2024-05-13 12:11:34,-79.132576,5.9761047,-81.07577,168.22243,880.1871,-0.022246668,-8218.30175701163,29.0,S_1396
2024-05-13 12:11:35,-79.1907,5.9757996,-81.061775,167.85173,880.1871,-0.014701265,-8299.46429201056,29.0,S_1396
2024-05-13 12:11:36,-79.2488,5.9754944,-81.04779,167.48105,880.1871,-0.010099375,-8350.222552068697,29.0,S_1396
2024-05-13 12:11:37,-79.30689,5.975189,-81.033806,167.11037,880.1871,-0.008577283,-8389.936958155602,29.0,S_1396
2024-05-13 12:11:38,-79.364975,5.974884,-81.01981,166.74667,880.1871,-0.0011250249,-8381.29749206065,29.0,S_1396
2024-05-13 12:11:39,-79.42305,5.974579,-81.00583,166.38298,880.1871,0.006189496,-8324.778352739086,29.0,S_1396
2024-05-13 12:11:40,-79.48111,5.9742584,-80.99184,166.01927,880.1871,0.012869437,-8224.404318664989,29.0,S_1396
2024-05-13 12:11:41,-79.53916,5.973938,-80.97785,165.65558,880.1871,0.0045439024,-8178.5436073132205,29.0,S_1396
2024-05-13 12:11:42,-79.5972,5.9736176,-80.96386,165.29189,880.1871,0.004556239,-8132.546194746239,29.0,S_1396
2024-05-13 12:11:43,-79.65523,5.973297,-80.949875,164.92819,880.1871,0.026268989,-7940.549662471169,29.0,S_1396
2024-05-13 12:11:44,-79.71324,5.9729614,-80.928894,164.5715,880.1871,0.026300656,-7753.769554358658,29.0,S_1396
2024-05-13 12:11:45,-79.77125,5.9726257,-80.9149,164.2148,880.1871,-0.00035527817,-7740.267262047457,29.0,S_1396
2024-05-13 12:11:46,-79.82925,5.97229,-80.90092,163.8581,880.1871,-0.00033299517,-7726.691544383206,29.0,S_1396
2024-05-13 12:11:47,-79.88723,5.9719543,-80.87993,163.5014,880.1871,-0.0025895487,-7727.068256226286,29.0,S_1396
2024-05-13 12:11:48,-79.9452,5.9716187,-80.865944,163.1447,880.1871,-0.0025655383,-7728.544565099863,29.0,S_1396
2024-05-13 12:11:49,-80.00316,5.9712677,-80.84496,162.788,880.1871,0.0068301572,-7666.602439908427,29.0,S_1396
2024-05-13 12:11:50,-80.06111,5.9709167,-80.82398,162.4383,880.1871,0.0068628113,-7604.6064181235815,29.0,S_1396
2024-05-13 12:11:51,-80.11905,5.970566,-80.80299,162.0886,880.1871,0.0021656663,-7574.354225466079,29.0,S_1396
2024-05-13 12:11:52,-80.17698,5.9701996,-80.78901,161.73888,880.1871,0.0021964952,-7544.050488192715,29.0,S_1396
2024-05-13 12:11:53,-80.23489,5.9698486,-80.76803,161.38918,880.1871,-0.0023625912,-7543.248146203041,29.0,S_1396
2024-05-13 12:11:54,-80.2928,5.9694824,-80.74705,161.04646,880.1871,0.0003989339,-7524.528086542643,29.0,S_1396
2024-05-13 12:11:55,-80.35069,5.969116,-80.72606,160.70375,880.1871,0.003160459,-7488.28529549821,29.0,S_1396
2024-05-13 12:11:56,-80.40858,5.96875,-80.712074,160.36104,880.18896,0.0031778032,-7451.876331962327,29.0,S_1396
2024-05-13 12:11:57,-80.466446,5.9683685,-80.69109,160.01833,880.18524,0.0071836314,-7388.112895676692,29.0,S_1396
2024-05-13 12:11:58,-80.52431,5.967987,-80.670105,159.67561,880.18335,0.0072048656,-7324.09341333693,29.0,S_1396
2024-05-13 12:11:59,-80.58216,5.9676056,-80.649124,159.3329,880.1926,0.012049249,-7225.293003631248,29.0,S_1396
2024-05-13 12:12:00,-80.64,5.967224,-80.62115,158.9972,880.2019,0.012068332,-7129.501804435147,29.0,S_1396
2024-05-13 12:12:01,-80.6975,5.970215,-80.60017,158.66147,880.16486,0.014113581,-7022.5753699055185,29.0,S_1396
2024-05-13 12:12:02,-80.755,5.9730988,-80.579185,158.33275,880.0778,0.014135169,-6913.906704170417,29.0,S_1396
2024-05-13 12:12:03,-80.8125,5.9758453,-80.558205,157.99702,879.99817,0.011018317,-6826.614339450189,29.0,S_1396
2024-05-13 12:12:04,-80.87,5.978485,-80.537224,157.6683,879.9778,0.011044551,-6737.950821582654,29.0,S_1396
2024-05-13 12:12:05,-80.9275,5.981018,-80.516235,157.3326,879.9907,0.010781763,-6648.398696241227,29.0,S_1396
2024-05-13 12:12:06,-80.985,5.9834137,-80.48826,157.00386,879.99634,0.010815939,-6559.105260441454,29.0,S_1396
2024-05-13 12:12:07,-81.042496,5.9857025,-80.46028,156.68214,879.9926,0.012408584,-6461.72354429121,29.0,S_1396
2024-05-13 12:12:08,-81.1,5.9878693,-80.4393,156.35341,879.9907,0.012446383,-6365.997619571175,29.0,S_1396
2024-05-13 12:12:09,-81.1575,5.989914,-80.41832,156.03168,879.9926,0.014813494,-6250.341267989255,29.0,S_1396
2024-05-13 12:12:10,-81.215,5.991852,-80.39034,155.70996,879.9926,0.014851178,-6133.298764574911,29.0,S_1396
2024-05-13 12:12:11,-81.2725,5.9936676,-80.362366,155.38823,879.9926,0.01745124,-6004.007997509096,29.0,S_1396
2024-05-13 12:12:12,-81.33,5.9953613,-80.341385,155.0665,879.9926,0.017481688,-5877.312115703653,29.0,S_1396
2024-05-13 12:12:13,-81.3875,5.996933,-80.320404,154.75175,879.9926,0.019947514,-5728.424031279734,29.0,S_1396
2024-05-13 12:12:14,-81.445,5.9983826,-80.29243,154.43703,879.9926,0.019978134,-5580.423154755039,29.0,S_1396
2024-05-13 12:12:15,-81.502495,5.9997253,-80.26445,154.12929,879.9926,0.020670816,-5425.385821398881,29.0,S_1396
2024-05-13 12:12:16,-81.56,6.000946,-80.23647,153.81454,879.9926,0.0206993,-5271.96568310717,29.0,S_1396
2024-05-13 12:12:17,-81.6175,6.00206,-80.208496,153.5068,879.9926,0.020221336,-5119.289221917899,29.0,S_1396
2024-05-13 12:12:18,-81.674995,6.0030365,-80.18052,153.19208,879.9926,0.018143728,-4982.202076574669,29.0,S_1396
2024-05-13 12:12:19,-81.7325,6.0039062,-80.15254,152.88434,879.9926,0.016066121,-4866.250145120013,29.0,S_1396
2024-05-13 12:12:20,-81.79,6.004654,-80.13156,152.58359,879.9926,0.016092865,-4743.86556751169,29.0,S_1396
2024-05-13 12:12:21,-81.847496,6.005295,-80.103584,152.27585,879.9926,0.009772182,-4663.421411032348,29.0,S_1396
2024-05-13 12:12:22,-81.905,6.0057983,-80.07561,151.9751,879.9926,0.009796909,-4582.928583163173,29.0,S_1396
2024-05-13 12:12:23,-81.962494,6.006195,-80.04763,151.67435,879.9926,0.020178631,-4433.753109419462,29.0,S_1396
2024-05-13 12:12:24,-82.02,6.0064697,-80.01965,151.37361,879.9926,0.020209825,-4286.460840803655,29.0,S_1396
2024-05-13 12:12:25,-82.0775,6.0066376,-79.99168,151.07985,879.9926,0.013055362,-4184.152829965122,29.0,S_1396
2024-05-13 12:12:26,-82.134995,6.006668,-79.9637,150.7791,879.9926,0.013090813,-4084.2592989319,29.0,S_1396
2024-05-13 12:12:27,-82.1925,6.006592,-79.93573,150.49234,879.9926,-0.0014279338,-4078.6422663099256,29.0,S_1396
2024-05-13 12:12:28,-82.25,6.0064087,-79.90076,150.1986,879.9926,-0.001394157,-4070.9063750384903,29.0,S_1396
2024-05-13 12:12:29,-82.307495,6.0060883,-79.87278,149.90485,879.9926,0.0039328053,-4029.6813775745304,29.0,S_1396
2024-05-13 12:12:30,-82.365,6.005661,-79.8448,149.61809,879.9926,0.003963478,-3988.461570844831,29.0,S_1396
2024-05-13 12:12:31,-82.4225,6.0051117,-79.816826,149.33133,879.99445,0.010425051,-3905.33269923809,29.0,S_1396
2024-05-13 12:12:32,-82.479996,6.0044403,-79.78885,149.04457,879.99445,0.0104594,-3817.515970055825,29.0,S_1396
2024-05-13 12:12:33,-82.5375,6.003647,-79.75388,148.75781,879.9907,0.02257248,-3647.249715507991,29.0,S_1396
2024-05-13 12:12:34,-82.59499,6.0027466,-79.71891,148.47804,879.98706,0.022611663,-3486.044234252462,29.0,S_1396
2024-05-13 12:12:35,-82.6525,6.0017242,-79.69093,148.19827,880.0,0.030710742,-3273.6680339216873,29.0,S_1396
2024-05-13 12:12:36,-82.71,6.00058,-79.66296,147.91852,880.013,0.030751018,-3060.6034625467,29.0,S_1396
2024-05-13 12:12:37,-82.767494,5.9993286,-79.63498,147.63875,879.9648,0.030884396,-2837.010306894901,29.0,S_1396
2024-05-13 12:12:38,-82.825,5.9979553,-79.600006,147.36598,879.8556,0.030923,-2611.8555100489175,29.0,S_1396
2024-05-13 12:12:39,-82.8825,5.99646,-79.56504,147.0932,879.7796,0.028269343,-2416.041603764599,29.0,S_1396
2024-05-13 12:12:40,-82.939995,5.9948425,-79.53706,146.82043,879.77405,0.028296487,-2208.913720019669,29.0,S_1396
2024-05-13 12:12:41,-82.9975,5.9931183,-79.50209,146.54767,879.7963,0.02542649,-2033.5070329667815,29.0,S_1396
2024-05-13 12:12:42,-83.05499,5.9912567,-79.47411,146.28189,879.8037,0.025452795,-1848.1873167192516,29.0,S_1396
2024-05-13 12:12:43,-83.112495,5.9892883,-79.43915,146.01611,879.7981,0.016700612,-1720.011361351655,29.0,S_1396
2024-05-13 12:12:44,-83.17,5.987213,-79.404175,145.75034,879.7963,0.016728273,-1598.4613582789843,29.0,S_1396
2024-05-13 12:12:45,-83.22749,5.9850006,-79.3762,145.48456,879.7981,0.010986704,-1504.1062094637327,29.0,S_1396
2024-05-13 12:12:46,-83.284996,5.9826813,-79.334236,145.21878,879.7981,0.011013927,-1413.6358256564508,29.0,S_1396
2024-05-13 12:12:47,-83.3425,5.98024,-79.29926,144.96,879.7981,0.017419143,-1281.8495482618982,29.0,S_1396
2024-05-13 12:12:48,-83.399994,5.9776917,-79.26429,144.70122,879.7981,0.01744689,-1149.6197558684962,29.0,S_1396
2024-05-13 12:12:49,-83.4575,5.975006,-79.229324,144.44244,879.7981,0.026010262,-959.9655940221055,29.0,S_1396
2024-05-13 12:12:50,-83.515,5.9722137,-79.19435,144.18365,879.7981,0.026050482,-772.7407860978601,29.0,S_1396
2024-05-13 12:12:51,-83.572495,5.9692993,-79.15938,143.93187,879.7981,0.02892034,-566.5395634928918,29.0,S_1396
2024-05-13 12:12:52,-83.63,5.966278,-79.12441,143.68008,879.7981,0.028967418,-359.5970108955553,29.0,S_1396
2024-05-13 12:12:53,-83.6875,5.9631195,-79.08944,143.4283,879.7981,0.027877338,-171.44375031468007,29.0,S_1396
2024-05-13 12:12:54,-83.744995,5.959854,-79.06146,143.1765,879.7981,0.026787259,20.616062316285024,29.0,S_1396
2024-05-13 12:12:55,-83.8025,5.9564667,-79.02649,142.92471,879.7981,0.023956995,192.6129567098924,29.0,S_1396
2024-05-13 12:12:56,-83.85999,5.9529724,-78.99152,142.67992,879.7981,0.023997284,364.9400366324553,29.0,S_1396
2024-05-13 12:12:57,-83.917496,5.949341,-78.95655,142.43513,879.7981,0.022848146,541.4099452639584,29.0,S_1396
2024-05-13 12:12:58,-83.975,5.9456024,-78.91459,142.19034,879.7981,0.0228923,708.4705073639943,29.0,S_1396
2024-05-13 12:12:59,-84.03249,5.941757,-78.879616,141.94554,879.7981,0.021772552,875.5683270455993,29.0,S_1396
2024-05-13 12:13:00,-84.09,5.9377747,-78.837654,141.70773,879.7981,0.021816183,1033.341315843285,29.0,S_1396
2024-05-13 12:13:01,-84.16733,6.0178223,-78.80268,141.46994,879.8,0.015448553,1148.9390996595375,29.0,S_1396
2024-05-13 12:13:02,-84.24399,6.0949097,-78.76771,141.23215,879.7981,0.015483292,1264.9751304903803,29.0,S_1396
2024-05-13 12:13:03,-84.31997,6.1690063,-78.73274,140.99434,879.7926,0.009111978,1344.3516514457406,29.0,S_1396
2024-05-13 12:13:04,-84.39529,6.240158,-78.69077,140.75655,879.7963,0.009143503,1419.696135342043,29.0,S_1396
2024-05-13 12:13:05,-84.469925,6.308319,-78.65581,140.52574,879.8148,0.005649103,1468.740877163351,29.0,S_1396
2024-05-13 12:13:06,-84.5439,6.37352,-78.62783,140.29492,879.80554,0.005675508,1519.2698978992503,29.0,S_1396
2024-05-13 12:13:07,-84.617195,6.4357452,-78.59286,140.06412,879.7167,0.0015915579,1545.7035615769728,29.0,S_1396
2024-05-13 12:13:08,-84.68982,6.494995,-78.550896,139.83331,879.6129,0.0016204286,1573.4782269221541,29.0,S_1396
2024-05-13 12:13:09,-84.76177,6.551285,-78.50893,139.60951,879.57404,0.0039863577,1615.683725602199,29.0,S_1396
2024-05-13 12:13:10,-84.83305,6.604599,-78.47395,139.3787,879.58887,0.0040138317,1658.6655639291203,29.0,S_1396
2024-05-13 12:13:11,-84.90366,6.654953,-78.43199,139.15489,879.60736,0.00817768,1726.18354936164,29.0,S_1396
2024-05-13 12:13:12,-84.973595,6.7023163,-78.39702,138.93806,879.60736,0.008206138,1797.5950952316107,29.0,S_1396
2024-05-13 12:13:13,-85.04286,6.7467346,-78.35506,138.71426,879.6018,0.0029224397,1832.4541412651452,29.0,S_1396
2024-05-13 12:13:14,-85.11145,6.788162,-78.32008,138.49744,879.6018,0.002948952,1867.8101251919725,29.0,S_1396
2024-05-13 12:13:15,-85.179375,6.8266296,-78.27812,138.27364,879.6037,-0.0011679882,1877.0706624612612,29.0,S_1396
2024-05-13 12:13:16,-85.24662,6.8621216,-78.24315,138.05681,879.6037,-0.0011446642,1884.30987431645,29.0,S_1396
2024-05-13 12:13:17,-85.313194,6.894638,-78.20119,137.84,879.6037,-0.011073463,1832.173348184915,29.0,S_1396
2024-05-13 12:13:18,-85.3791,6.9241943,-78.166214,137.63017,879.6037,-0.011050999,1771.4500102590882,29.0,S_1396
2024-05-13 12:13:19,-85.44433,6.950775,-78.12425,137.41336,879.6037,-0.0257061,1614.8494544015757,29.0,S_1396
2024-05-13 12:13:20,-85.50889,6.9743805,-78.08228,137.20354,879.6037,-0.025693525,1471.1170192346071,29.0,S_1396
2024-05-13 12:13:21,-85.57278,6.9950256,-78.04732,136.99371,879.6037,-0.0147117935,1386.620378494701,29.0,S_1396
2024-05-13 12:13:22,-85.63599,7.0126953,-78.00535,136.78389,879.6037,-0.014703621,1310.9737555314296,29.0,S_1396
2024-05-13 12:13:23,-85.69853,7.0273895,-77.97038,136.57407,879.6037,-0.00050004385,1322.2405941688612,29.0,S_1396
2024-05-13 12:13:24,-85.7604,7.0391235,-77.921425,136.37123,879.6037,-0.00048077558,1336.3191424405304,29.0,S_1396
2024-05-13 12:13:25,-85.821594,7.047882,-77.879456,136.1614,879.6037,-0.00083203794,1347.475896423086,29.0,S_1396
2024-05-13 12:13:26,-85.88212,7.0536804,-77.84449,135.95857,879.6037,-0.00080684066,1356.7396086866647,29.0,S_1396
2024-05-13 12:13:27,-85.94197,7.056488,-77.80252,135.75575,879.6037,-0.001263934,1364.3147010234043,29.0,S_1396
2024-05-13 12:13:28,-86.00115,7.0563354,-77.76056,135.55292,879.59814,-0.0012308119,1372.261571803414,29.0,S_1396
2024-05-13 12:13:29,-86.05966,7.0532227,-77.71859,135.35709,879.6018,-0.0023864708,1372.026754540544,29.0,S_1396
2024-05-13 12:13:30,-86.1175,7.047119,-77.67663,135.15425,879.6222,-0.0023563216,1372.536711715351,29.0,S_1396
2024-05-13 12:13:31,-86.17466,7.0380554,-77.63467,134.95842,879.62964,2.7096947e-05,1388.5734235113086,29.0,S_1396
2024-05-13 12:13:32,-86.231155,7.0260315,-77.5927,134.76259,879.5722,5.7173937e-05,1404.8307966221346,29.0,S_1396
2024-05-13 12:13:33,-86.28697,7.011017,-77.550735,134.56674,879.46295,0.007797706,1472.6070844411188,29.0,S_1396
2024-05-13 12:13:34,-86.342125,6.993042,-77.508766,134.37091,879.3926,0.007830406,1535.5770920429968,29.0,S_1396
2024-05-13 12:13:35,-86.3966,6.972107,-77.4738,134.18207,879.39624,0.013786693,1640.1965754592202,29.0,S_1396
2024-05-13 12:13:36,-86.4504,6.948181,-77.43183,133.99323,879.41296,0.013821088,1748.2585779399178,29.0,S_1396
2024-05-13 12:13:37,-86.50353,6.921295,-77.38987,133.7974,879.4111,0.0067845993,1812.0116624273742,29.0,S_1396
2024-05-13 12:13:38,-86.55599,6.8914337,-77.34091,133.61555,879.40735,0.0068202564,1873.7955593562565,29.0,S_1396
2024-05-13 12:13:39,-86.60777,6.858612,-77.29894,133.42671,879.40735,-0.0045384774,1859.587140299789,29.0,S_1396
2024-05-13 12:13:40,-86.65889,6.822815,-77.25698,133.23787,879.40924,-0.004512138,1846.0632406316145,29.0,S_1396
2024-05-13 12:13:41,-86.70933,6.7840424,-77.21502,133.05602,879.40924,-0.0035182869,1840.1330804848276,29.0,S_1396
2024-05-13 12:13:42,-86.7591,6.7423096,-77.180046,132.86717,879.40924,-0.0034993303,1829.679946070386,29.0,S_1396
2024-05-13 12:13:43,-86.8082,6.6976013,-77.13109,132.68533,879.40924,0.0013394272,1855.2053717970903,29.0,S_1396
2024-05-13 12:13:44,-86.85662,6.6499176,-77.08912,132.51048,879.40924,0.0013663659,1879.4034313699613,29.0,S_1396
2024-05-13 12:13:45,-86.90437,6.5992737,-77.04716,132.32863,879.40735,-0.00026545807,1893.2284897421123,29.0,S_1396
2024-05-13 12:13:46,-86.951454,6.5456543,-77.005196,132.14679,879.40924,-0.00023840932,1907.103883659236,29.0,S_1396
2024-05-13 12:13:47,-86.99786,6.4890594,-76.95624,131.96494,879.40924,-0.0031378998,1903.9354670659668,29.0,S_1396
2024-05-13 12:13:48,-87.0436,6.429489,-76.91427,131.79008,879.40924,-0.0031115506,1899.217799686896,29.0,S_1396
2024-05-13 12:13:49,-87.08866,6.3669586,-76.87231,131.61523,879.4037,-0.0072528156,1863.480278048015,29.0,S_1396
2024-05-13 12:13:50,-87.13306,6.301468,-76.82335,131.44038,879.4018,-0.00722486,1833.569680073706,29.0,S_1396
2024-05-13 12:13:51,-87.17677,6.2329865,-76.78138,131.26553,879.4166,-0.010084304,1783.6366655876209,29.0,S_1396
2024-05-13 12:13:52,-87.219826,6.161545,-76.73942,131.09067,879.4296,-0.010058703,1735.0186648935978,29.0,S_1396
2024-05-13 12:13:53,-87.2622,6.0871277,-76.69745,130.92282,879.37964,-0.0030079978,1728.8659828382515,29.0,S_1396
2024-05-13 12:13:54,-87.3039,6.0097504,-76.64849,130.74797,879.2685,-0.0029797328,1726.7340546815249,29.0,S_1396
2024-05-13 12:13:55,-87.34493,5.9293976,-76.60653,130.58011,879.1981,0.008828411,1798.3524557002002,29.0,S_1396
2024-05-13 12:13:56,-87.38529,5.8460693,-76.56456,130.41225,879.19995,0.008855247,1875.4793980238937,29.0,S_1396
2024-05-13 12:13:57,-87.42497,5.7597656,-76.5156,130.24438,879.2185,0.01598903,1992.7093049100076,29.0,S_1396
2024-05-13 12:13:58,-87.46399,5.6705017,-76.47364,130.08353,879.2185,0.016017241,2110.5140493351864,29.0,S_1396
2024-05-13 12:13:59,-87.502335,5.5782623,-76.43168,129.91566,879.21295,0.021636171,2262.1965205107263,29.0,S_1396
2024-05-13 12:14:00,-87.54,5.4830627,-76.38971,129.7548,879.21295,0.027255103,2468.752876703782,29.0,S_1396
2024-05-13 12:14:01,-87.59388,5.207138,-76.34075,129.58694,879.21295,0.032874033,2693.415092155461,29.0,S_1396
2024-05-13 12:14:02,-87.646515,4.93425,-76.29879,129.42607,879.2147,0.032900617,2916.80506339382,29.0,S_1396
2024-05-13 12:14:03,-87.6979,4.6644287,-76.25682,129.26521,879.2147,0.03670201,3164.587352107059,29.0,S_1396
2024-05-13 12:14:04,-87.74805,4.3976746,-76.21486,129.10434,879.2147,0.036724545,3434.749864399131,29.0,S_1396
2024-05-13 12:14:05,-87.79694,4.133957,-76.1659,128.94348,879.2147,0.033122163,3677.9157286154277,29.0,S_1396
2024-05-13 12:14:06,-87.844604,3.8733063,-76.11694,128.78961,879.21295,0.03496503,3937.777110264402,29.0,S_1396
2024-05-13 12:14:07,-87.891014,3.6157074,-76.06798,128.62875,879.21295,0.034796897,4171.981940425216,29.0,S_1396
2024-05-13 12:14:08,-87.93618,3.3611603,-76.02602,128.47487,879.2147,0.031731475,4404.691259025671,29.0,S_1396
2024-05-13 12:14:09,-87.9801,3.109665,-75.97706,128.321,879.2147,0.023997128,4571.522986694952,29.0,S_1396
2024-05-13 12:14:10,-88.02278,2.8612366,-75.9351,128.16713,879.2092,0.026661862,4753.8091359079135,29.0,S_1396
2024-05-13 12:14:11,-88.06421,2.6158447,-75.89313,128.01326,879.2074,0.03734546,5021.702734210774,29.0,S_1396
2024-05-13 12:14:12,-88.1044,2.37352,-75.84417,127.86639,879.22217,0.03765904,5297.614115853376,29.0,S_1396
2024-05-13 12:14:13,-88.14335,2.134262,-75.79521,127.71252,879.2351,0.023580227,5476.876311840357,29.0,S_1396
2024-05-13 12:14:14,-88.181046,1.8980408,-75.746254,127.55865,879.1851,0.026445711,5656.958264420728,29.0,S_1396
2024-05-13 12:14:15,-88.2175,1.6648865,-75.704285,127.41177,879.074,0.03744411,5908.4111337969725,29.0,S_1396
2024-05-13 12:14:16,-88.25271,1.4347687,-75.66232,127.257904,879.0036,0.02705152,6087.755135574914,29.0,S_1396
2024-05-13 12:14:17,-88.28668,1.2077332,-75.62036,127.11802,879.0055,0.01665893,6215.7735094877535,29.0,S_1396
2024-05-13 12:14:18,-88.319405,0.98373413,-75.571396,126.97114,879.024,0.026108563,6410.242651607965,29.0,S_1396
2024-05-13 12:14:19,-88.350876,0.76278687,-75.52244,126.824265,879.0259,0.021729123,6574.992070207547,29.0,S_1396
2024-05-13 12:14:20,-88.38111,0.5449066,-75.47348,126.67739,879.0203,0.025828708,6752.3317726677915,29.0,S_1396
2024-05-13 12:14:21,-88.4101,0.33007812,-75.43152,126.53051,879.01843,0.028166788,6939.35301979747,29.0,S_1396
2024-05-13 12:14:22,-88.43784,0.11830139,-75.38955,126.39063,879.01843,0.0316352,7167.06085028437,29.0,S_1396
2024-05-13 12:14:23,-88.46435,23.909592,-75.34059,126.25075,879.01843,0.03752741,7436.318740522281,29.0,S_1396
2024-05-13 12:14:24,-88.4896,23.703918,-75.29163,126.11086,879.01843,0.027391251,7655.087229874058,29.0,S_1396
2024-05-13 12:14:25,-88.51361,23.501312,-75.23568,125.970985,879.0203,0.024572076,7838.865262823382,29.0,S_1396
2024-05-13 12:14:26,-88.53638,23.301758,-75.18672,125.8311,879.0203,0.006555207,7896.11206832879,29.0,S_1396
2024-05-13 12:14:27,-88.5579,23.105255,-75.14476,125.68423,879.0148,-0.022151018,7774.228363358583,29.0,S_1396
2024-05-13 12:14:28,-88.57818,22.91182,-75.10279,125.54434,879.0166,-0.022207228,7640.610145123976,29.0,S_1396
2024-05-13 12:14:29,-88.59721,22.721436,-75.05383,125.41145,879.0388,0.010833074,7729.982042172845,29.0,S_1396
2024-05-13 12:14:30,-88.615,22.534088,-75.004875,125.271576,879.0444,0.010856054,7818.578543878033,29.0,S_1396
2024-05-13 12:14:31,-88.631546,22.349823,-74.95592,125.13869,878.98883,-0.009776793,7775.0460326945495,29.0,S_1396
2024-05-13 12:14:32,-88.64684,22.168594,-74.913956,125.0058,878.8796,-0.009758507,7730.010478328211,29.0,S_1396
2024-05-13 12:14:33,-88.660904,21.990433,-74.87199,124.87291,878.8092,-0.0027738633,7725.347147050932,29.0,S_1396
2024-05-13 12:14:34,-88.67371,21.815308,-74.82303,124.733025,878.81104,0.0042107804,7772.420056763065,29.0,S_1396
2024-05-13 12:14:35,-88.68528,21.64325,-74.767075,124.600136,878.8296,0.0063669523,7831.831917363384,29.0,S_1396
2024-05-13 12:14:36,-88.6956,21.474258,-74.71812,124.47424,878.8277,0.0063920063,7890.3984985830875,29.0,S_1396
2024-05-13 12:14:37,-88.70468,21.308304,-74.66916,124.341354,878.824,0.000280165,7908.13767799008,29.0,S_1396
2024-05-13 12:14:38,-88.71251,21.145416,-74.6202,124.208466,878.824,0.00030568638,7926.023630239756,29.0,S_1396
2024-05-13 12:14:39,-88.7191,20.98558,-74.57124,124.08257,878.824,0.0061072353,7982.834158050577,29.0,S_1396
2024-05-13 12:14:40,-88.72444,20.828796,-74.522285,123.949684,878.824,0.011257282,8073.385681469599,29.0,S_1396
2024-05-13 12:14:41,-88.728546,20.675064,-74.47332,123.82379,878.824,0.01640733,8187.657720667067,29.0,S_1396
2024-05-13 12:14:42,-88.7314,20.524399,-74.43136,123.6979,878.82587,0.016429206,8300.60013416662,29.0,S_1396
2024-05-13 12:14:43,-88.73301,20.37677,-74.3894,123.57201,878.82587,0.02569413,8485.549219005145,29.0,S_1396
2024-05-13 12:14:44,-88.733376,20.232208,-74.34044,123.446106,878.8203,0.025721915,8672.445771407169,29.0,S_1396
2024-05-13 12:14:45,-88.7325,20.090714,-74.29147,123.32021,878.82214,0.02042892,8824.234339908366,29.0,S_1396
2024-05-13 12:14:46,-88.73038,19.952255,-74.242516,123.19432,878.8425,0.020456385,8973.902418961894,29.0,S_1396
2024-05-13 12:14:47,-88.72701,19.816864,-74.19356,123.075424,878.8314,0.013766469,9090.231645965523,29.0,S_1396
2024-05-13 12:14:48,-88.7224,19.684525,-74.1376,122.949524,878.7444,0.013794251,9198.03290847018,29.0,S_1396
2024-05-13 12:14:49,-88.716545,19.555237,-74.088646,122.83063,878.6388,0.017358463,9327.505834597234,29.0,S_1396
2024-05-13 12:14:50,-88.70944,19.429,-74.03969,122.71172,878.60175,0.017386604,9446.257760550201,29.0,S_1396
2024-05-13 12:14:51,-88.7011,19.305817,-73.99773,122.59283,878.6166,0.021492241,9604.191657595311,29.0,S_1396
2024-05-13 12:14:52,-88.69151,19.1857,-73.94877,122.466934,878.63513,0.021520082,9761.669782582885,29.0,S_1396
2024-05-13 12:14:53,-88.68068,19.068634,-73.8998,122.34803,878.63324,0.022250421,9938.51598104602,29.0,S_1396
2024-05-13 12:14:54,-88.6686,18.95462,-73.84386,122.22913,878.6296,0.02227894,10102.626567431871,29.0,S_1396
2024-05-13 12:14:55,-88.65528,18.843674,-73.79489,122.11023,878.6296,0.018903866,10242.98332019908,29.0,S_1396
2024-05-13 12:14:56,-88.64071,18.735764,-73.74593,121.99133,878.6296,0.020298326,10390.23143145558,29.0,S_1396
2024-05-13 12:14:57,-88.6249,18.63092,-73.696976,121.879425,878.6296,0.021692786,10549.03136879478,29.0,S_1396
2024-05-13 12:14:58,-88.60784,18.529129,-73.64802,121.76053,878.6296,0.021720976,10705.767183098309,29.0,S_1396
2024-05-13 12:14:59,-88.58955,18.430405,-73.59906,121.64862,878.63135,0.024540216,10880.720762370285,29.0,S_1396
2024-05-13 12:15:00,-88.57,18.334717,-73.5501,121.53671,878.63135,0.02456471,11058.998728196093,29.0,S_1396
2024-05-13 12:15:01,-88.51151,18.331863,-73.501144,121.417816,878.6258,0.019649807,11202.612978347028,29.0,S_1396
2024-05-13 12:15:02,-88.453064,18.329025,-73.45219,121.30591,878.6277,0.01906747,11344.670061999841,29.0,S_1396
2024-05-13 12:15:03,-88.394646,18.326202,-73.40322,121.18701,878.6481,0.01848513,11480.911374216283,29.0,S_1396
2024-05-13 12:15:04,-88.336266,18.32338,-73.35426,121.0751,878.63696,0.017902793,11611.046816392865,29.0,S_1396
2024-05-13 12:15:05,-88.277916,18.320572,-73.305305,120.97019,878.54803,0.026847132,11801.691641281044,29.0,S_1396
2024-05-13 12:15:06,-88.2196,18.31778,-73.25635,120.858284,878.44434,0.026870789,11992.898914717971,29.0,S_1396
2024-05-13 12:15:07,-88.161316,18.315002,-73.20739,120.74638,878.4147,0.03535719,12235.559399093818,29.0,S_1396
2024-05-13 12:15:08,-88.103065,18.312225,-73.15843,120.64147,878.4332,0.035382375,12482.647716444011,29.0,S_1396
2024-05-13 12:15:09,-88.044846,18.309479,-73.109474,120.529564,878.4425,0.030740533,12699.727835047383,29.0,S_1396
2024-05-13 12:15:10,-87.986664,18.306732,-73.06052,120.417656,878.43884,0.03076822,12913.383104212899,29.0,S_1396
2024-05-13 12:15:11,-87.92851,18.304,-73.01155,120.312744,878.4332,0.023168292,13080.781245299368,29.0,S_1396
2024-05-13 12:15:12,-87.8704,18.30127,-72.96259,120.200836,878.4332,0.023192905,13245.832274756123,29.0,S_1396
2024-05-13 12:15:13,-87.81232,18.298569,-72.913635,120.095924,878.43695,0.019160144,13384.697552535705,29.0,S_1396
2024-05-13 12:15:14,-87.754265,18.295868,-72.86468,119.99101,878.43695,0.015127384,13497.5901339191,29.0,S_1396
2024-05-13 12:15:15,-87.69625,18.293182,-72.81572,119.8861,878.4332,0.0074846535,13566.137627163693,29.0,S_1396
2024-05-13 12:15:16,-87.63827,18.290512,-72.759766,119.7812,878.4314,0.0075115166,13636.53645083667,29.0,S_1396
2024-05-13 12:15:17,-87.580315,18.287842,-72.70381,119.676285,878.4406,0.0016804544,13664.14255331851,29.0,S_1396
2024-05-13 12:15:18,-87.5224,18.285202,-72.654854,119.57137,878.4499,0.0017047244,13690.095786435246,29.0,S_1396
2024-05-13 12:15:19,-87.464516,18.282562,-72.605896,119.47345,878.4129,-0.0021330365,13691.1006151636,29.0,S_1396
2024-05-13 12:15:20,-87.40666,18.279938,-72.55694,119.36854,878.3258,-0.0021050107,13692.5334567436,29.0,S_1396
2024-05-13 12:15:21,-87.34885,18.277328,-72.50798,119.263626,878.248,-0.0018324403,13695.732156234331,29.0,S_1396
2024-05-13 12:15:22,-87.29106,18.27472,-72.45902,119.158714,878.2258,-0.0018061012,13699.321403627662,29.0,S_1396
2024-05-13 12:15:23,-87.233315,18.272125,-72.41006,119.0608,878.2388,-0.0005171745,13710.539618082807,29.0,S_1396
2024-05-13 12:15:24,-87.1756,18.269547,-72.35411,118.96288,878.2443,-0.00048803992,13723.583830705116,29.0,S_1396
2024-05-13 12:15:25,-87.11791,18.266983,-72.29816,118.86497,878.2406,0.0028255873,13758.166598210897,29.0,S_1396
2024-05-13 12:15:26,-87.060265,18.264435,-72.2492,118.767044,878.2406,0.002851245,13791.673924453551,29.0,S_1396
2024-05-13 12:15:27,-87.00265,18.261887,-72.20023,118.66213,878.2406,0.011661854,13881.540045056337,29.0,S_1396
2024-05-13 12:15:28,-86.94506,18.259369,-72.151276,118.56422,878.23505,0.011687367,13963.763417992437,29.0,S_1396
2024-05-13 12:15:29,-86.88751,18.256851,-72.109314,118.4663,878.2332,0.023049006,14140.523156266949,29.0,S_1396
2024-05-13 12:15:30,-86.829994,18.254333,-72.05336,118.368385,878.248,0.023077944,14320.858363983429,29.0,S_1396
2024-05-13 12:15:31,-86.772514,18.251846,-71.997406,118.27046,878.261,0.03363034,14549.355422269075,29.0,S_1396
2024-05-13 12:15:32,-86.715065,18.24936,-71.94845,118.17954,878.211,0.033656757,14803.20886805323,29.0,S_1396
2024-05-13 12:15:33,-86.657646,18.246887,-71.892494,118.08163,878.10175,0.043068267,15069.050675418426,29.0,S_1396
2024-05-13 12:15:34,-86.600266,18.24443,-71.85053,117.9837,878.0295,0.03492718,15302.90286964733,29.0,S_1396
2024-05-13 12:15:35,-86.542915,18.24199,-71.801575,117.892784,878.0332,0.026786089,15505.222854670794,29.0,S_1396
2024-05-13 12:15:36,-86.485596,18.239548,-71.74562,117.80186,878.04987,0.026813122,15712.554050334566,29.0,S_1396
2024-05-13 12:15:37,-86.428314,18.237137,-71.68967,117.70394,878.04987,0.00054151565,15732.606521280517,29.0,S_1396
2024-05-13 12:15:38,-86.37106,18.234726,-71.64071,117.606026,878.0443,0.0005636229,15751.102669886266,29.0,S_1396
2024-05-13 12:15:39,-86.31384,18.23233,-71.59175,117.5151,878.0462,0.00058948173,15769.518276050223,29.0,S_1396
2024-05-13 12:15:40,-86.25666,18.229935,-71.54279,117.42418,878.0462,0.00061534054,15788.523941552758,29.0,S_1396
2024-05-13 12:15:41,-86.19951,18.22757,-71.48684,117.33325,878.04065,0.0062504425,15848.782961308663,29.0,S_1396
2024-05-13 12:15:42,-86.142395,18.225204,-71.430885,117.24233,878.0443,0.0062762843,15904.967210543997,29.0,S_1396
2024-05-13 12:15:43,-86.08531,18.222855,-71.38193,117.151405,878.0628,0.0040110024,15945.148421904581,29.0,S_1396
2024-05-13 12:15:44,-86.02826,18.22052,-71.33297,117.060486,878.0536,0.0040344624,15985.501258839766,29.0,S_1396
2024-05-13 12:15:45,-85.971245,18.218185,-71.284004,116.96956,877.9628,0.005895952,16037.716600796046,29.0,S_1396
2024-05-13 12:15:46,-85.91426,18.215866,-71.23505,116.87864,877.86096,0.0059176753,16094.129223462505,29.0,S_1396
2024-05-13 12:15:47,-85.857315,18.213562,-71.17909,116.78771,877.8295,0.004163603,16139.361202034077,29.0,S_1396
2024-05-13 12:15:48,-85.80039,18.211273,-71.123146,116.70378,877.848,0.0041876445,16182.163773594206,29.0,S_1396
2024-05-13 12:15:49,-85.743515,18.209,-71.07418,116.61286,877.85913,0.002189724,16209.10145150478,29.0,S_1396
2024-05-13 12:15:50,-85.68666,18.206726,-71.03222,116.52893,877.8554,0.0022098345,16237.532986760783,29.0,S_1396
2024-05-13 12:15:51,-85.629845,18.204483,-70.976265,116.438,877.84985,-0.0011423149,16245.811685099767,29.0,S_1396
2024-05-13 12:15:52,-85.57306,18.20224,-70.92031,116.347084,877.8517,-0.001116806,16255.17084477436,29.0,S_1396
2024-05-13 12:15:53,-85.51631,18.199997,-70.87135,116.26315,877.84985,-0.021184659,16136.831033367127,29.0,S_1396
2024-05-13 12:15:54,-85.459595,18.197784,-70.822395,116.17922,877.848,-0.021164315,16003.92406733691,29.0,S_1396
2024-05-13 12:15:55,-85.40291,18.195572,-70.76644,116.09529,877.85724,-0.039445166,15767.290213335815,29.0,S_1396
2024-05-13 12:15:56,-85.34626,18.19339,-70.71748,116.00437,877.8665,-0.039429527,15507.16382165676,29.0,S_1396
2024-05-13 12:15:57,-85.28964,18.191208,-70.66153,115.92044,877.8295,-0.045104794,15208.706767348094,29.0,S_1396
2024-05-13 12:15:58,-85.23306,18.189026,-70.605576,115.83651,877.74243,-0.04508817,14941.27175428479,29.0,S_1396
2024-05-13 12:15:59,-85.17651,18.186874,-70.55662,115.75259,877.66284,-0.031409953,14736.461396841187,29.0,S_1396
2024-05-13 12:16:00,-85.119995,18.184723,-70.50066,115.668655,877.64246,-0.031390358,14554.92236286078,29.0,S_1396
2024-05-13 12:16:01,-85.06556,18.18245,-70.451706,115.584724,877.6554,-0.018338148,14468.624890388412,29.0,S_1396
2024-05-13 12:16:02,-85.01109,18.180206,-70.409744,115.50779,877.66095,-0.018320765,14353.124063045992,29.0,S_1396
2024-05-13 12:16:03,-84.95658,18.177963,-70.35379,115.42386,877.6572,-0.018110367,14255.013866011332,29.0,S_1396
2024-05-13 12:16:04,-84.90204,18.17575,-70.30483,115.33993,877.6572,-0.018089987,14142.895613591092,29.0,S_1396
2024-05-13 12:16:05,-84.84746,18.173553,-70.24888,115.256004,877.6572,-0.018016854,14032.868448324747,29.0,S_1396
2024-05-13 12:16:06,-84.79285,18.171371,-70.192924,115.17207,877.6517,-0.0179938,13937.600573101272,29.0,S_1396
2024-05-13 12:16:07,-84.7382,18.16919,-70.14397,115.09514,877.6554,-0.026104625,13786.751779890406,29.0,S_1396
2024-05-13 12:16:08,-84.68351,18.167038,-70.09501,115.01121,877.6757,-0.02608411,13639.575861391831,29.0,S_1396
2024-05-13 12:16:09,-84.628784,18.164902,-70.04605,114.93427,877.68317,-0.021470653,13505.70014859577,29.0,S_1396
2024-05-13 12:16:10,-84.57402,18.162796,-69.9901,114.85734,877.62573,-0.021447781,13371.02664890131,29.0,S_1396
2024-05-13 12:16:11,-84.519226,18.16069,-69.93414,114.77341,877.5165,-0.021417418,13239.27571535395,29.0,S_1396
2024-05-13 12:16:12,-84.46439,18.1586,-69.87819,114.69647,877.4461,-0.021394525,13119.436149145427,29.0,S_1396
2024-05-13 12:16:13,-84.40953,18.156525,-69.82923,114.61254,877.4498,-0.03093482,12941.656253841511,29.0,S_1396
2024-05-13 12:16:14,-84.35462,18.15448,-69.78027,114.53561,877.4665,-0.040475115,12676.0345763154,29.0,S_1396
2024-05-13 12:16:15,-84.29968,18.152435,-69.72432,114.45867,877.4646,-0.03877952,12423.66321874029,29.0,S_1396
2024-05-13 12:16:16,-84.244705,18.150421,-69.668365,114.38174,877.46094,-0.038761042,12171.291234501261,29.0,S_1396
2024-05-13 12:16:17,-84.1897,18.148407,-69.61241,114.3048,877.4628,-0.0191954,12067.616713469117,29.0,S_1396
2024-05-13 12:16:18,-84.13464,18.146423,-69.56345,114.22787,877.46094,-0.01917408,11949.042636182923,29.0,S_1396
2024-05-13 12:16:19,-84.07956,18.144455,-69.5075,114.15093,877.4554,-0.006890169,11917.208133504286,29.0,S_1396
2024-05-13 12:16:20,-84.024445,18.142502,-69.45155,114.074,877.45905,-0.00686506,11895.865851728222,29.0,S_1396
2024-05-13 12:16:21,-83.969284,18.140564,-69.409584,114.00405,877.47943,-0.0020238664,11894.191658283968,29.0,S_1396
2024-05-13 12:16:22,-83.91409,18.138641,-69.35363,113.92712,877.4683,-0.0019985484,11897.626106825488,29.0,S_1396
2024-05-13 12:16:23,-83.858864,18.136734,-69.30467,113.85018,877.37946,0.0071715238,11961.68524485223,29.0,S_1396
2024-05-13 12:16:24,-83.8036,18.134842,-69.24872,113.77325,877.27576,0.007194563,12022.606340570848,29.0,S_1396
2024-05-13 12:16:25,-83.7483,18.132965,-69.19976,113.69631,877.24615,0.02413236,12184.734282021418,29.0,S_1396
2024-05-13 12:16:26,-83.69296,18.131119,-69.1508,113.62637,877.26465,0.024156544,12366.713881711496,29.0,S_1396
2024-05-13 12:16:27,-83.63759,18.129272,-69.09485,113.54944,877.27386,0.035705853,12626.783527855356,29.0,S_1396
2024-05-13 12:16:28,-83.58218,18.127457,-69.038895,113.4795,877.2683,0.035733033,12886.905166696048,29.0,S_1396
2024-05-13 12:16:29,-83.52673,18.12564,-68.98294,113.40955,877.2609,0.026587399,13065.825531559962,29.0,S_1396
2024-05-13 12:16:30,-83.47125,18.123856,-68.93398,113.339615,877.25903,0.026611354,13265.228249242362,29.0,S_1396
2024-05-13 12:16:31,-83.41573,18.12207,-68.87803,113.26268,877.27576,0.016898463,13398.916535463237,29.0,S_1396
2024-05-13 12:16:32,-83.360176,18.120316,-68.82208,113.185745,877.2887,0.016924154,13518.908619759393,29.0,S_1396
2024-05-13 12:16:33,-83.30459,18.118576,-68.773125,113.1158,877.2368,0.017892228,13643.01610900895,29.0,S_1396
2024-05-13 12:16:34,-83.24896,18.116852,-68.72416,113.04586,877.12756,0.017914904,13779.869027334795,29.0,S_1396
2024-05-13 12:16:35,-83.1933,18.115143,-68.66821,112.97592,877.0572,0.009920069,13863.60450924009,29.0,S_1396
2024-05-13 12:16:36,-83.137596,18.11345,-68.61226,112.905975,877.0591,0.009944471,13940.560776582934,29.0,S_1396
2024-05-13 12:16:37,-83.08186,18.11177,-68.5633,112.83604,877.0776,0.00782559,14008.31153135616,29.0,S_1396
2024-05-13 12:16:38,-83.02609,18.110123,-68.50735,112.7661,877.08124,0.007850526,14072.416337274095,29.0,S_1396
2024-05-13 12:16:39,-82.97028,18.108475,-68.45839,112.69615,877.07385,0.0040582926,14114.326463631898,29.0,S_1396
2024-05-13 12:16:40,-82.914444,18.106842,-68.402435,112.62621,877.06647,-0.015708342,14022.043443221904,29.0,S_1396
2024-05-13 12:16:41,-82.85857,18.10524,-68.34648,112.556274,877.0702,-0.03547498,13793.789925873654,29.0,S_1396
2024-05-13 12:16:42,-82.80265,18.103653,-68.29053,112.486336,877.0905,-0.035451673,13569.719737481968,29.0,S_1396
2024-05-13 12:16:43,-82.7467,18.102066,-68.23457,112.423386,877.07947,-0.033591494,13377.471723523904,29.0,S_1396
2024-05-13 12:16:44,-82.69071,18.10051,-68.185616,112.35345,876.9905,-0.033571675,13183.820699121885,29.0,S_1396
2024-05-13 12:16:45,-82.63469,18.098969,-68.13666,112.2835,876.88684,0.0055273254,13235.91625942895,29.0,S_1396
2024-05-13 12:16:46,-82.57863,18.097443,-68.0807,112.21356,876.8572,0.005551861,13289.859937559573,29.0,S_1396
2024-05-13 12:16:47,-82.52253,18.095932,-68.02475,112.14362,876.8757,0.013983021,13390.325959539587,29.0,S_1396
2024-05-13 12:16:48,-82.4664,18.094437,-67.97579,112.08067,876.88684,0.0140033495,13500.679781412673,29.0,S_1396
2024-05-13 12:16:49,-82.41023,18.092957,-67.91984,112.010735,876.8831,0.014902716,13606.797573713951,29.0,S_1396
2024-05-13 12:16:50,-82.35403,18.091492,-67.87088,111.947784,876.8757,0.014925225,13721.792761274803,29.0,S_1396
2024-05-13 12:16:51,-82.29779,18.090042,-67.814926,111.88484,876.872,0.0193914,13871.13379419969,29.0,S_1396
2024-05-13 12:16:52,-82.24151,18.088608,-67.75897,111.814896,876.88684,0.019415665,14018.575406245352,29.0,S_1396
2024-05-13 12:16:53,-82.185196,18.087204,-67.70302,111.75195,876.89795,0.022272903,14187.927541761994,29.0,S_1396
2024-05-13 12:16:54,-82.12885,18.0858,-67.64707,111.68201,876.84973,0.022296794,14339.221358166147,29.0,S_1396
2024-05-13 12:16:55,-82.072464,18.084427,-67.59811,111.619064,876.73865,0.025773125,14509.80512622973,29.0,S_1396
2024-05-13 12:16:56,-82.016045,18.083069,-67.54915,111.556114,876.66644,0.025794305,14698.865565472377,29.0,S_1396
2024-05-13 12:16:57,-81.95959,18.08171,-67.493195,111.49317,876.6701,0.023527231,14874.227787762022,29.0,S_1396
2024-05-13 12:16:58,-81.9031,18.080383,-67.43725,111.43022,876.6886,0.023548143,15036.404237095698,29.0,S_1396
2024-05-13 12:16:59,-81.846565,18.079071,-67.38828,111.36028,876.6924,0.008963629,15111.39121554923,29.0,S_1396
2024-05-13 12:17:00,-81.79,18.077774,-67.33234,111.29733,876.68494,0.008987953,15182.896872712241,29.0,S_1396
2024-05-13 12:17:01,-81.73291,18.076538,-67.28337,111.227394,876.67755,0.0020853493,15211.107899060384,29.0,S_1396
2024-05-13 12:17:02,-81.6758,18.075317,-67.227425,111.164444,876.6813,0.0021099765,15240.67532766645,29.0,S_1396
2024-05-13 12:17:03,-81.61866,18.074112,-67.17147,111.10849,876.7016,0.0006449992,15260.27714878533,29.0,S_1396
2024-05-13 12:17:04,-81.561516,18.072937,-67.11552,111.04555,876.6905,0.0006700639,15280.286328189608,29.0,S_1396
2024-05-13 12:17:05,-81.50434,18.071762,-67.05956,110.9826,876.60345,-0.0018020194,15283.444249152977,29.0,S_1396
2024-05-13 12:17:06,-81.44715,18.070602,-67.00361,110.91965,876.49786,-0.0017771041,15288.021953773863,29.0,S_1396
2024-05-13 12:17:07,-81.38994,18.069458,-66.95465,110.856705,876.4609,0.013827235,15394.49378364236,29.0,S_1396
2024-05-13 12:17:08,-81.33271,18.068329,-66.8987,110.80075,876.4738,0.013849059,15494.43549152665,29.0,S_1396
2024-05-13 12:17:09,-81.27547,18.067215,-66.84974,110.7378,876.4942,0.024781736,15677.375928898475,29.0,S_1396
2024-05-13 12:17:10,-81.21819,18.066101,-66.793785,110.67486,876.4942,0.024806315,15862.21469427783,29.0,S_1396
2024-05-13 12:17:11,-81.16091,18.065018,-66.73783,110.61191,876.4849,0.020587794,16018.293574371915,29.0,S_1396
2024-05-13 12:17:12,-81.1036,18.06395,-66.68188,110.548965,876.48303,0.020609446,16174.557786022666,29.0,S_1396
2024-05-13 12:17:13,-81.04627,18.062897,-66.62593,110.486015,876.49603,0.00308852,16208.513868961785,29.0,S_1396
2024-05-13 12:17:14,-80.98893,18.06186,-66.57697,110.43006,876.509,0.0031113748,16241.136334366349,29.0,S_1396
2024-05-13 12:17:15,-80.931564,18.060837,-66.52801,110.36712,876.4609,-0.0075045316,16204.483635367258,29.0,S_1396
2024-05-13 12:17:16,-80.874176,18.059814,-66.47206,110.311165,876.35156,-0.0074788257,16169.410643309464,29.0,S_1396
2024-05-13 12:17:17,-80.81677,18.058823,-66.41611,110.25521,876.27563,0.0049290094,16218.350760249688,29.0,S_1396
2024-05-13 12:17:18,-80.75935,18.057846,-66.36015,110.19226,876.2719,0.00495416,16267.098085394107,29.0,S_1396
2024-05-13 12:17:19,-80.70191,18.05687,-66.3042,110.13631,876.2923,0.0067487536,16323.786702039355,29.0,S_1396
2024-05-13 12:17:20,-80.64445,18.055923,-66.25524,110.073364,876.2942,0.0067713005,16379.196894100714,29.0,S_1396
2024-05-13 12:17:21,-80.58697,18.054993,-66.20628,110.010414,876.2923,-0.015895125,16285.962742068592,29.0,S_1396
2024-05-13 12:17:22,-80.529465,18.054062,-66.15033,109.95446,876.3108,-0.01586977,16194.301313069365,29.0,S_1396
2024-05-13 12:17:23,-80.47194,18.053162,-66.094376,109.89851,876.3016,-0.021898638,16061.998110359636,29.0,S_1396
2024-05-13 12:17:24,-80.414406,18.052261,-66.03842,109.84256,876.2127,-0.027927507,15885.511123098346,29.0,S_1396
2024-05-13 12:17:25,-80.35684,18.051392,-65.98247,109.77961,876.109,-0.018821962,15774.082015150963,29.0,S_1396
2024-05-13 12:17:26,-80.29926,18.050522,-65.92651,109.723656,876.0775,-0.018800052,15662.543071197948,29.0,S_1396
2024-05-13 12:17:27,-80.24166,18.049683,-65.87057,109.6677,876.096,-0.021075442,15550.65298185075,29.0,S_1396
2024-05-13 12:17:28,-80.184044,18.048843,-65.8216,109.61175,876.109,-0.021052957,15422.181855348997,29.0,S_1396
2024-05-13 12:17:29,-80.12641,18.04802,-65.765656,109.5558,876.1052,-0.013624041,15355.156200635765,29.0,S_1396
2024-05-13 12:17:30,-80.068756,18.047226,-65.71669,109.49985,876.096,-0.013601491,15276.882439880954,29.0,S_1396
2024-05-13 12:17:31,-80.01108,18.046432,-65.66074,109.44389,876.0923,-0.0030575166,15271.415425857998,29.0,S_1396
2024-05-13 12:17:32,-79.95338,18.045654,-65.60479,109.38794,876.1071,-0.0030331714,15266.106664414874,29.0,S_1396
2024-05-13 12:17:33,-79.89567,18.044891,-65.548836,109.331985,876.12006,-0.0009493346,15274.866955008145,29.0,S_1396
2024-05-13 12:17:34,-79.83793,18.044159,-65.49288,109.27603,876.07007,-0.000927645,15283.770027181828,29.0,S_1396
2024-05-13 12:17:35,-79.780174,18.043427,-65.43693,109.22008,875.9608,0.014646286,15387.498590517947,29.0,S_1396
2024-05-13 12:17:36,-79.722404,18.04271,-65.38797,109.16413,875.88855,0.014668412,15498.440010760269,29.0,S_1396
2024-05-13 12:17:37,-79.66461,18.042007,-65.332016,109.115166,875.89233,-0.010875873,15439.819639056299,29.0,S_1396
2024-05-13 12:17:38,-79.6068,18.04132,-65.27606,109.05922,875.9071,-0.010850662,15381.573457374641,29.0,S_1396
2024-05-13 12:17:39,-79.548965,18.04065,-65.22011,109.003265,875.9034,-0.05166684,15083.85382593638,29.0,S_1396
2024-05-13 12:17:40,-79.49111,18.039993,-65.17115,108.94731,875.9034,-0.051643737,14747.747874670371,29.0,S_1396
2024-05-13 12:17:41,-79.43324,18.039352,-65.1152,108.89136,875.92194,-0.0599485,14357.008024288418,29.0,S_1396
2024-05-13 12:17:42,-79.37535,18.038727,-65.05925,108.8354,875.91266,-0.059923712,13973.534675522169,29.0,S_1396
2024-05-13 12:17:43,-79.317444,18.038116,-65.003296,108.786446,875.82196,-0.075325936,13531.614437525583,29.0,S_1396
2024-05-13 12:17:44,-79.259514,18.037521,-64.95434,108.73049,875.7182,-0.07614997,13038.298541012966,29.0,S_1396
2024-05-13 12:17:45,-79.20157,18.036942,-64.898384,108.68153,875.6904,-0.076974005,12531.356217557295,29.0,S_1396
2024-05-13 12:17:46,-79.1436,18.036377,-64.84243,108.62558,875.7089,-0.07779804,12018.889306859644,29.0,S_1396
2024-05-13 12:17:47,-79.08561,18.035828,-64.786476,108.569626,875.71265,-0.07862207,11510.393518601992,29.0,S_1396
2024-05-13 12:17:48,-79.0276,18.035294,-64.73052,108.52067,875.7071,-0.07944611,10928.755971535144,29.0,S_1396
2024-05-13 12:17:49,-78.969574,18.03476,-64.66758,108.464714,875.7164,-0.08027014,10468.727363293994,29.0,S_1396
2024-05-13 12:17:50,-78.91153,18.034256,-64.618614,108.41576,875.7312,-0.081094176,9931.38120424169,29.0,S_1396
2024-05-13 12:17:51,-78.85346,18.033768,-64.56267,108.3598,875.6812,-0.08202113,9399.695681986788,29.0,S_1396
2024-05-13 12:17:52,-78.79538,18.033295,-64.506714,108.310844,875.5719,-0.07875485,8879.494218375436,29.0,S_1396
2024-05-13 12:17:53,-78.737274,18.032822,-64.45076,108.25489,875.4997,-0.075488575,8445.71101458597,29.0,S_1396
2024-05-13 12:17:54,-78.67915,18.03238,-64.4018,108.20593,875.50336,-0.07222229,8019.07701488768,29.0,S_1396
2024-05-13 12:17:55,-78.62101,18.031937,-64.352844,108.14998,875.5182,-0.06895602,7572.394509216127,29.0,S_1396
2024-05-13 12:17:56,-78.56284,18.031525,-64.29689,108.10102,875.5145,-0.065689735,7148.834134293573,29.0,S_1396
2024-05-13 12:17:57,-78.50466,18.031128,-64.24094,108.05206,875.52185,-0.062423453,6746.969220356046,29.0,S_1396
2024-05-13 12:17:58,-78.446465,18.030731,-64.18498,108.003105,875.54224,-0.059157174,6366.810454463477,29.0,S_1396
2024-05-13 12:17:59,-78.388245,18.030365,-64.12903,107.95415,875.52374,-0.055890895,6001.13734418981,29.0,S_1396
2024-05-13 12:18:00,-78.33,18.029999,-64.073074,107.89819,875.43115,-0.055868555,5642.975164474241,29.0,S_1396
2024-05-13 12:18:01,-78.27117,18.030136,-64.01712,107.849236,875.3292,-0.04640073,5347.783204088424,29.0,S_1396
2024-05-13 12:18:02,-78.21233,18.030258,-63.96117,107.80028,875.3015,-0.046378177,5052.642749820836,29.0,S_1396
2024-05-13 12:18:03,-78.1535,18.030396,-63.905216,107.75132,875.3182,-0.03839112,4810.842989235107,29.0,S_1396
2024-05-13 12:18:04,-78.094666,18.030518,-63.849266,107.70236,875.3237,-0.039392393,4590.645585329061,29.0,S_1396
2024-05-13 12:18:05,-78.035835,18.03064,-63.800304,107.6534,875.32,-0.040393665,4328.327703392397,29.0,S_1396
2024-05-13 12:18:06,-77.977,18.030762,-63.744354,107.59745,875.333,-0.040368244,4073.309251973782,29.0,S_1396
2024-05-13 12:18:07,-77.91817,18.030884,-63.6884,107.548485,875.32556,-0.049780678,3760.8602819461157,29.0,S_1396
2024-05-13 12:18:08,-77.85934,18.031006,-63.632446,107.50652,875.25885,-0.049757272,3478.2365735789936,29.0,S_1396
2024-05-13 12:18:09,-77.8005,18.031128,-63.58349,107.457565,875.16815,-0.046462696,3180.3250002941822,29.0,S_1396
2024-05-13 12:18:10,-77.74167,18.03125,-63.527534,107.40861,875.11444,-0.046436682,2877.936719882069,29.0,S_1396
2024-05-13 12:18:11,-77.68283,18.031372,-63.471584,107.35265,875.1181,-0.04100006,2623.2324193626428,29.0,S_1396
2024-05-13 12:18:12,-77.624,18.031494,-63.41563,107.310684,875.12744,-0.04097507,2392.7651247361464,29.0,S_1396
2024-05-13 12:18:13,-77.56516,18.0316,-63.366673,107.26173,875.12555,-0.055775978,2032.1156929572226,29.0,S_1396
2024-05-13 12:18:14,-77.50633,18.031723,-63.31072,107.21277,875.1311,-0.055750247,1673.2031756944525,29.0,S_1396
2024-05-13 12:18:15,-77.4475,18.03183,-63.254765,107.16381,875.1404,-0.06285633,1266.5395427644817,29.0,S_1396
2024-05-13 12:18:16,-77.388664,18.031937,-63.19881,107.11485,875.10516,-0.062829815,867.600620828187,29.0,S_1396
2024-05-13 12:18:17,-77.329834,18.032059,-63.14286,107.07289,875.0181,-0.05717475,498.6051277165134,29.0,S_1396
2024-05-13 12:18:18,-77.270996,18.032166,-63.086906,107.023926,874.9385,-0.05151968,167.694010865147,29.0,S_1396
2024-05-13 12:18:19,-77.212166,18.032272,-63.030952,106.97497,874.91815,-0.03806185,-72.95266247872132,29.0,S_1396
2024-05-13 12:18:20,-77.153336,18.03238,-62.975002,106.92601,874.93115,-0.032684356,-277.5756840453432,29.0,S_1396
2024-05-13 12:18:21,-77.0945,18.032486,-62.91905,106.87705,874.93115,-0.02730686,-446.1399481038752,29.0,S_1396
2024-05-13 12:18:22,-77.03567,18.032578,-62.863094,106.828094,874.93115,-0.021929365,-575.9062168314922,29.0,S_1396
2024-05-13 12:18:23,-76.97683,18.032684,-62.80714,106.78613,874.94775,0.007577476,-510.3818331851544,29.0,S_1396
2024-05-13 12:18:24,-76.918,18.032791,-62.75119,106.73717,874.9385,0.00759847,-450.99173854038963,29.0,S_1396
2024-05-13 12:18:25,-76.85916,18.032883,-62.70223,106.695206,874.85144,-0.050206326,-769.2652708001733,29.0,S_1396
2024-05-13 12:18:26,-76.80033,18.03299,-62.64628,106.653244,874.74585,-0.050180238,-1092.1106582296597,29.0,S_1396
2024-05-13 12:18:27,-76.7415,18.033081,-62.590324,106.60429,874.7107,-0.057608478,-1506.7665538998954,29.0,S_1396
2024-05-13 12:18:28,-76.68266,18.033173,-62.527378,106.55532,874.7255,-0.065036714,-1919.634211275261,29.0,S_1396
2024-05-13 12:18:29,-76.62383,18.03328,-62.471424,106.51336,874.7385,-0.07246496,-2392.7348392042186,29.0,S_1396
2024-05-13 12:18:30,-76.564995,18.033371,-62.41547,106.4644,874.7348,-0.072437935,-2803.3707494506198,29.0,S_1396
2024-05-13 12:18:31,-76.506165,18.033463,-62.366512,106.42243,874.7441,-0.07365636,-3286.391800185571,29.0,S_1396
2024-05-13 12:18:32,-76.447334,18.033554,-62.31056,106.373474,874.757,-0.07487479,-3766.217928408234,29.0,S_1396
2024-05-13 12:18:33,-76.3885,18.03363,-62.25461,106.33151,874.70886,-0.07609321,-4264.259876134904,29.0,S_1396
2024-05-13 12:18:34,-76.329666,18.033722,-62.198654,106.282555,874.5978,-0.07731164,-4760.430730673994,29.0,S_1396
2024-05-13 12:18:35,-76.27083,18.033813,-62.1427,106.240585,874.5274,-0.078530066,-5275.135965676804,29.0,S_1396
2024-05-13 12:18:36,-76.212,18.03389,-62.08675,106.19163,874.5292,-0.07850197,-5779.373249285691,29.0,S_1396
2024-05-13 12:18:37,-76.15316,18.033981,-62.030796,106.149666,874.5459,-0.039146982,-6023.6873412405,29.0,S_1396
2024-05-13 12:18:38,-76.09433,18.034058,-61.974842,106.1077,874.5422,-0.035153978,-6246.25172160548,29.0,S_1396
2024-05-13 12:18:39,-76.0355,18.03415,-61.918888,106.05874,874.5403,-0.054878145,-6594.496352015089,29.0,S_1396
2024-05-13 12:18:40,-75.97666,18.034225,-61.862938,106.01678,874.5589,-0.0553852,-6946.412852859485,29.0,S_1396
2024-05-13 12:18:41,-75.91783,18.034302,-61.806984,105.974815,874.54956,-0.07124203,-7351.413254326497,29.0,S_1396
2024-05-13 12:18:42,-75.85899,18.034378,-61.758026,105.932846,874.4607,-0.07281195,-7830.15830074063,29.0,S_1396
2024-05-13 12:18:43,-75.80016,18.034454,-61.702072,105.88389,874.357,-0.07438188,-8307.839694932372,29.0,S_1396
2024-05-13 12:18:44,-75.74133,18.03453,-61.64612,105.84193,874.3274,-0.07595181,-8796.246166765835,29.0,S_1396
2024-05-13 12:18:45,-75.682495,18.034607,-61.590164,105.79996,874.3459,-0.079481564,-9308.090480484829,29.0,S_1396
2024-05-13 12:18:46,-75.623665,18.034683,-61.534214,105.757996,874.34955,-0.07823794,-9754.87039700339,29.0,S_1396
2024-05-13 12:18:47,-75.56483,18.034744,-61.485256,105.71603,874.344,-0.07699433,-10252.121772449096,29.0,S_1396
2024-05-13 12:18:48,-75.506,18.03482,-61.429302,105.674065,874.3551,-0.07575071,-10804.760266000572,29.0,S_1396
2024-05-13 12:18:49,-75.44717,18.034882,-61.366356,105.62511,874.36804,-0.074507095,-11282.221768931919,29.0,S_1396
2024-05-13 12:18:50,-75.38833,18.034958,-61.310402,105.583145,874.31995,-0.073263474,-11753.420178183234,29.0,S_1396
2024-05-13 12:18:51,-75.3295,18.035019,-61.254448,105.541176,874.2088,-0.05999977,-12136.755848821853,29.0,S_1396
2024-05-13 12:18:52,-75.27066,18.03508,-61.198494,105.499214,874.13477,-0.046736073,-12432.192466124827,29.0,S_1396
2024-05-13 12:18:53,-75.21183,18.035141,-61.142544,105.457245,874.13654,-0.028731138,-12608.268274842627,29.0,S_1396
2024-05-13 12:18:54,-75.15299,18.035217,-61.08659,105.41528,874.1625,-0.012858349,-12679.069281921795,29.0,S_1396
2024-05-13 12:18:55,-75.09416,18.035263,-61.030636,105.37332,874.17175,-0.016907088,-12764.475528036692,29.0,S_1396
2024-05-13 12:18:56,-75.03533,18.035324,-60.981678,105.33135,874.1292,-0.027438678,-12913.806589809068,29.0,S_1396
2024-05-13 12:18:57,-74.976494,18.035385,-60.93272,105.28939,874.0421,-0.0074205957,-12950.217275579082,29.0,S_1396
2024-05-13 12:18:58,-74.91766,18.035446,-60.876766,105.24742,873.96436,0.01401384,-12832.34172312414,29.0,S_1396
2024-05-13 12:18:59,-74.858826,18.035492,-60.81382,105.20546,873.9458,0.016588222,-12706.02639964623,29.0,S_1396
2024-05-13 12:19:00,-74.799995,18.035553,-60.757866,105.1635,873.9569,0.016261918,-12573.312217769344,29.0,S_1396
2024-05-13 12:19:01,-74.741,18.035568,-60.69492,105.128525,873.9569,0.024136951,-12414.533274690322,29.0,S_1396
2024-05-13 12:19:02,-74.68201,18.035583,-60.64596,105.08656,873.9569,0.023268841,-12247.06320199207,29.0,S_1396
2024-05-13 12:19:03,-74.623024,18.035599,-60.590008,105.04459,873.97546,0.0073345834,-12183.8293027496,29.0,S_1396
2024-05-13 12:19:04,-74.56404,18.035614,-60.534054,105.00263,873.9662,-0.0004907097,-12172.612060770953,29.0,S_1396
2024-05-13 12:19:05,-74.505066,18.03563,-60.478104,104.96066,873.8773,-0.008316003,-12213.43305084702,29.0,S_1396
2024-05-13 12:19:06,-74.4461,18.035645,-60.42215,104.9187,873.7736,-0.005215229,-12233.645812176426,29.0,S_1396
2024-05-13 12:19:07,-74.38713,18.03566,-60.366196,104.87674,873.7366,-0.0002805941,-12221.008869480305,29.0,S_1396
2024-05-13 12:19:08,-74.32817,18.035675,-60.31024,104.84177,873.7514,0.008735127,-12148.643884947855,29.0,S_1396
2024-05-13 12:19:09,-74.26922,18.03569,-60.25429,104.799805,873.7662,0.012228297,-12054.339848356369,29.0,S_1396
2024-05-13 12:19:10,-74.21027,18.035706,-60.198338,104.76483,873.7625,0.016322596,-11931.450170377902,29.0,S_1396
2024-05-13 12:19:11,-74.15133,18.035736,-60.142384,104.72286,873.7699,0.016312968,-11820.203533721735,29.0,S_1396
2024-05-13 12:19:12,-74.09239,18.035751,-60.093426,104.6809,873.7829,0.010932826,-11734.602643370832,29.0,S_1396
2024-05-13 12:19:13,-74.03346,18.035767,-60.03747,104.63894,873.7347,0.010925027,-11648.78667222974,29.0,S_1396
2024-05-13 12:19:14,-73.97454,18.035782,-59.98152,104.603966,873.6273,0.021106912,-11493.960108697742,29.0,S_1396
2024-05-13 12:19:15,-73.91562,18.035797,-59.925568,104.562004,873.5514,0.026550926,-11302.619567108792,29.0,S_1396
2024-05-13 12:19:16,-73.856705,18.035812,-59.869614,104.520035,873.5495,0.027933257,-11105.62028334715,29.0,S_1396
2024-05-13 12:19:17,-73.7978,18.035828,-59.81366,104.48507,873.5828,0.016489083,-10981.501431090517,29.0,S_1396
2024-05-13 12:19:18,-73.73889,18.035828,-59.75771,104.4431,873.6032,0.013033867,-10881.863794136923,29.0,S_1396
2024-05-13 12:19:19,-73.68,18.035843,-59.701756,104.408134,873.57733,0.013531618,-10777.421828441933,29.0,S_1396
2024-05-13 12:19:20,-73.62111,18.035858,-59.6458,104.366165,873.4828,0.014138879,-10668.710194203853,29.0,S_1396
2024-05-13 12:19:21,-73.56222,18.035873,-59.58985,104.3242,873.3828,0.014746141,-10557.84682322171,29.0,S_1396
2024-05-13 12:19:22,-73.50334,18.035889,-59.533897,104.28923,873.3569,0.015353402,-10441.207942043206,29.0,S_1396
2024-05-13 12:19:23,-73.444466,18.035904,-59.477943,104.24727,873.37354,0.011845546,-10349.300200706446,29.0,S_1396
2024-05-13 12:19:24,-73.3856,18.03592,-59.42199,104.212296,873.3754,0.0060542584,-10299.064870558119,29.0,S_1396
2024-05-13 12:19:25,-73.32673,18.035934,-59.37303,104.170334,873.37354,0.0020013195,-10271.714827627013,29.0,S_1396
2024-05-13 12:19:26,-73.267876,18.03595,-59.310085,104.13536,873.3921,0.007489653,-10206.865788218336,29.0,S_1396
2024-05-13 12:19:27,-73.20902,18.035965,-59.25413,104.10039,873.3995,0.0011763868,-10184.826006950407,29.0,S_1396
2024-05-13 12:19:28,-73.15018,18.03598,-59.198177,104.058426,873.34393,0.0056292485,-10137.731401190602,29.0,S_1396
2024-05-13 12:19:29,-73.09133,18.035995,-59.14922,104.02345,873.2365,0.002609505,-10105.850765019713,29.0,S_1396
2024-05-13 12:19:30,-73.03249,18.03601,-59.086273,103.98149,873.1624,-0.009887384,-10154.581674313762,29.0,S_1396
2024-05-13 12:19:31,-72.97366,18.036026,-59.03032,103.94652,873.1624,-0.026187625,-10331.461772634866,29.0,S_1396
2024-05-13 12:19:32,-72.91484,18.036041,-58.967373,103.911545,873.1921,-0.017461145,-10432.399523918848,29.0,S_1396
2024-05-13 12:19:33,-72.85602,18.036057,-58.91142,103.86958,873.2032,-0.008734667,-10468.82406135611,29.0,S_1396
2024-05-13 12:19:34,-72.7972,18.036057,-58.86246,103.83461,873.1495,-0.0052628648,-10491.505979540383,29.0,S_1396
2024-05-13 12:19:35,-72.738396,18.036072,-58.806507,103.79265,873.04205,-0.0014634363,-10486.734191926898,29.0,S_1396
2024-05-13 12:19:36,-72.679596,18.036087,-58.750557,103.757675,872.968,0.00029189535,-10470.673173910305,29.0,S_1396
2024-05-13 12:19:37,-72.6208,18.036102,-58.694603,103.72271,872.96246,0.0016202285,-10444.700128564033,29.0,S_1396
2024-05-13 12:19:38,-72.562004,18.036118,-58.631657,103.68774,872.9828,-0.0005874501,-10432.774651651605,29.0,S_1396
2024-05-13 12:19:39,-72.50322,18.036133,-58.575703,103.65276,872.9865,-0.0009905697,-10424.557736285133,29.0,S_1396
2024-05-13 12:19:40,-72.44444,18.036148,-58.526745,103.6108,872.9846,-0.003909041,-10437.48971414299,29.0,S_1396
2024-05-13 12:19:41,-72.385666,18.036163,-58.47079,103.57583,873.00134,-0.0068275123,-10468.144399997582,29.0,S_1396
2024-05-13 12:19:42,-72.3269,18.036163,-58.414837,103.54086,872.99207,-0.009745983,-10517.95329038936,29.0,S_1396
2024-05-13 12:19:43,-72.268135,18.036179,-58.358887,103.50589,872.905,-0.0064145806,-10545.921441603732,29.0,S_1396
2024-05-13 12:19:44,-72.20937,18.036194,-58.302933,103.47092,872.79944,-0.0030831778,-10552.036475321838,29.0,S_1396
2024-05-13 12:19:45,-72.15062,18.03621,-58.24698,103.43595,872.7642,0.0024246138,-10523.41018425181,29.0,S_1396
2024-05-13 12:19:46,-72.09187,18.036224,-58.19802,103.39398,872.7865,0.0039114966,-10482.141918832054,29.0,S_1396
2024-05-13 12:19:47,-72.033134,18.03624,-58.135075,103.35902,872.81793,0.0024645273,-10450.223145862255,29.0,S_1396
2024-05-13 12:19:48,-71.974396,18.036255,-58.07912,103.32404,872.8198,0.003796903,-10410.653832466345,29.0,S_1396
2024-05-13 12:19:49,-71.915665,18.036255,-58.023167,103.28208,872.75867,0.0067303777,-10352.152200208191,29.0,S_1396
2024-05-13 12:19:50,-71.85694,18.03627,-57.967216,103.24711,872.6494,0.006713479,-10293.96470764033,29.0,S_1396
2024-05-13 12:19:51,-71.79822,18.036285,-57.911263,103.212135,872.57904,0.008764595,-10215.787131654823,29.0,S_1396
2024-05-13 12:19:52,-71.73951,18.0363,-57.848316,103.17717,872.57904,0.0093846675,-10138.412224650128,29.0,S_1396
2024-05-13 12:19:53,-71.6808,18.036316,-57.792362,103.1422,872.605,0.009652453,-10062.06024256175,29.0,S_1396
2024-05-13 12:19:54,-71.62209,18.036316,-57.73641,103.11422,872.61426,0.013929723,-9956.647672750896,29.0,S_1396
2024-05-13 12:19:55,-71.5634,18.036331,-57.680458,103.07925,872.5735,0.014333341,-9848.363338101484,29.0,S_1396
2024-05-13 12:19:56,-71.50471,18.036346,-57.624504,103.04428,872.4846,0.014833838,-9736.77626032844,29.0,S_1396
2024-05-13 12:19:57,-71.44602,18.036362,-57.56855,103.00931,872.4068,0.012967374,-9637.450746985483,29.0,S_1396
2024-05-13 12:19:58,-71.387344,18.036362,-57.512596,102.974335,872.3883,0.018784106,-9497.14010646685,29.0,S_1396
2024-05-13 12:19:59,-71.32867,18.036377,-57.456646,102.93237,872.3994,0.020645002,-9347.097377192691,29.0,S_1396
2024-05-13 12:20:00,-71.27,18.036392,-57.400692,102.8974,872.40125,0.024677759,-9188.810199614418,29.0,S_1396
2024-05-13 12:20:01,-71.21207,18.036331,-57.351734,102.862434,872.3994,0.03143606,-8969.578902102025,29.0,S_1396
2024-05-13 12:20:02,-71.15412,18.036285,-57.29578,102.82746,872.4179,0.0359079,-8723.686076264814,29.0,S_1396
2024-05-13 12:20:03,-71.09616,18.03624,-57.239826,102.799484,872.4087,0.038187455,-8458.564587373865,29.0,S_1396
2024-05-13 12:20:04,-71.03818,18.036194,-57.183876,102.76451,872.32166,0.039471596,-8184.74458458761,29.0,S_1396
2024-05-13 12:20:05,-70.98017,18.036133,-57.127922,102.729546,872.21606,0.022961086,-8019.567514256909,29.0,S_1396
2024-05-13 12:20:06,-70.92215,18.036102,-57.071968,102.69457,872.1735,0.027026653,-7827.605604062715,29.0,S_1396
2024-05-13 12:20:07,-70.864105,18.036057,-57.016014,102.6596,872.18646,0.027652323,-7631.5169260414,29.0,S_1396
2024-05-13 12:20:08,-70.806046,18.03601,-56.960064,102.62463,872.21796,0.031440448,-7387.124325573328,29.0,S_1396
2024-05-13 12:20:09,-70.74796,18.03598,-56.897114,102.58966,872.2309,0.027118294,-7172.764890653674,29.0,S_1396
2024-05-13 12:20:10,-70.68986,18.03595,-56.834167,102.55469,872.1753,0.020879941,-7034.859249305959,29.0,S_1396
2024-05-13 12:20:11,-70.63174,18.035904,-56.78521,102.51972,872.06793,0.01574597,-6920.721555616565,29.0,S_1396
2024-05-13 12:20:12,-70.5736,18.035873,-56.729256,102.491745,871.99384,0.017072888,-6794.426211758153,29.0,S_1396
2024-05-13 12:20:13,-70.51544,18.035843,-56.673306,102.45677,871.99567,0.017532814,-6664.877583512443,29.0,S_1396
2024-05-13 12:20:14,-70.45726,18.035828,-56.61735,102.4218,872.0216,0.016662104,-6543.178928764373,29.0,S_1396
2024-05-13 12:20:15,-70.39906,18.035797,-56.561398,102.39383,872.0309,0.013737459,-6438.828137003682,29.0,S_1396
2024-05-13 12:20:16,-70.34084,18.035782,-56.505444,102.35886,871.9882,0.011108954,-6351.600749048004,29.0,S_1396
2024-05-13 12:20:17,-70.28261,18.035751,-56.449493,102.32388,871.90125,0.011195827,-6265.228590870618,29.0,S_1396
2024-05-13 12:20:18,-70.22435,18.035736,-56.39354,102.295906,871.8234,0.009840242,-6186.555543404989,29.0,S_1396
2024-05-13 12:20:19,-70.16607,18.03572,-56.337585,102.26094,871.80304,0.010883072,-6100.798560772739,29.0,S_1396
2024-05-13 12:20:20,-70.10778,18.035706,-56.281635,102.22597,871.81604,0.011925904,-6008.151433811501,29.0,S_1396
2024-05-13 12:20:21,-70.04946,18.03569,-56.22568,102.190994,871.81604,0.013574557,-5896.157314185624,29.0,S_1396
2024-05-13 12:20:22,-69.99113,18.03569,-56.162735,102.16302,871.81604,0.015666628,-5777.392067676421,29.0,S_1396
2024-05-13 12:20:23,-69.93277,18.035675,-56.10678,102.12805,871.8327,0.014966154,-5664.653649768261,29.0,S_1396
2024-05-13 12:20:24,-69.8744,18.035675,-56.050827,102.09308,871.8234,0.01084093,-5580.562807180955,29.0,S_1396
2024-05-13 12:20:25,-69.81601,18.035675,-55.994877,102.0651,871.7382,0.009528167,-5510.858724770536,29.0,S_1396
2024-05-13 12:20:26,-69.75759,18.035675,-55.945915,102.03013,871.6327,0.009788783,-5426.660535787414,29.0,S_1396
2024-05-13 12:20:27,-69.699165,18.035675,-55.88297,101.99516,871.58826,0.010094474,-5344.440084918624,29.0,S_1396
2024-05-13 12:20:28,-69.64071,18.035675,-55.827015,101.96019,871.6012,0.010400165,-5263.19291385221,29.0,S_1396
2024-05-13 12:20:29,-69.58224,18.03569,-55.771065,101.93221,871.6346,-0.019348135,-5374.722368125218,29.0,S_1396
2024-05-13 12:20:30,-69.52375,18.03569,-55.71511,101.904236,871.6475,-0.019323686,-5488.680160672684,29.0,S_1396
2024-05-13 12:20:31,-69.46524,18.035706,-55.659157,101.86927,871.5919,0.010918545,-5410.565197529959,29.0,S_1396
2024-05-13 12:20:32,-69.40671,18.03572,-55.6102,101.8343,871.4845,0.010930954,-5327.483802378316,29.0,S_1396
2024-05-13 12:20:33,-69.34816,18.035736,-55.554245,101.80632,871.41046,0.0125012,-5221.905467353088,29.0,S_1396
2024-05-13 12:20:34,-69.2896,18.035751,-55.4913,101.77135,871.4086,0.012517488,-5114.388918860615,29.0,S_1396
2024-05-13 12:20:35,-69.23101,18.035767,-55.428352,101.73638,871.44006,0.01714324,-4987.832094772333,29.0,S_1396
2024-05-13 12:20:36,-69.1724,18.035782,-55.3724,101.708405,871.46234,0.01715942,-4860.651584642052,29.0,S_1396
2024-05-13 12:20:37,-69.11378,18.035812,-55.316444,101.67343,871.4364,0.018194443,-4728.891497523375,29.0,S_1396
2024-05-13 12:20:38,-69.05513,18.035828,-55.260494,101.645454,871.3419,0.018207192,-4597.23437748204,29.0,S_1396
2024-05-13 12:20:39,-68.99646,18.035858,-55.20454,101.61748,871.24194,0.016897524,-4471.751532259917,29.0,S_1396
2024-05-13 12:20:40,-68.93778,18.035889,-55.148586,101.58251,871.2141,0.016913615,-4358.253820597976,29.0,S_1396
2024-05-13 12:20:41,-68.879074,18.03592,-55.09963,101.54754,871.23083,0.016157411,-4241.272759064239,29.0,S_1396
2024-05-13 12:20:42,-68.82035,18.035965,-55.043674,101.51956,871.2345,0.01617361,-4122.7753344862795,29.0,S_1396
2024-05-13 12:20:43,-68.76161,18.035995,-54.987724,101.491585,871.2326,0.016803006,-3985.4717003124133,29.0,S_1396
2024-05-13 12:20:44,-68.70284,18.036026,-54.924774,101.45661,871.2438,0.016817966,-3858.6530447407604,29.0,S_1396
2024-05-13 12:20:45,-68.644066,18.036072,-54.868824,101.421646,871.23816,0.018226968,-3712.920439037978,29.0,S_1396
2024-05-13 12:20:46,-68.585266,18.036118,-54.805874,101.39367,871.1734,0.018241521,-3576.8430696011383,29.0,S_1396
2024-05-13 12:20:47,-68.52644,18.036163,-54.749924,101.358696,871.08264,0.018338686,-3444.0713202068546,29.0,S_1396
2024-05-13 12:20:48,-68.4676,18.03621,-54.69397,101.33072,871.02527,0.017760936,-3315.236029353051,29.0,S_1396
2024-05-13 12:20:49,-68.408745,18.036255,-54.638016,101.30274,871.0234,0.017183186,-3202.9251159949563,29.0,S_1396
2024-05-13 12:20:50,-68.34986,18.036316,-54.589058,101.274765,871.0493,0.01719365,-3076.9491886266514,29.0,S_1396
2024-05-13 12:20:51,-68.29096,18.036362,-54.533104,101.2398,871.06226,0.017853232,-2947.306405210358,29.0,S_1396
2024-05-13 12:20:52,-68.23205,18.036423,-54.477154,101.21182,871.00854,0.017868707,-2817.74651942763,29.0,S_1396
2024-05-13 12:20:53,-68.17311,18.036469,-54.4212,101.183846,870.9011,0.019584386,-2674.271365767716,29.0,S_1396
2024-05-13 12:20:54,-68.11415,18.03653,-54.365246,101.14887,870.8252,0.019596212,-2518.5827189382326,29.0,S_1396
2024-05-13 12:20:55,-68.055176,18.03659,-54.3023,101.120895,870.8252,0.02219667,-2359.307632555592,29.0,S_1396
2024-05-13 12:20:56,-67.99618,18.036667,-54.246346,101.09292,870.8567,0.022207756,-2182.0440307745484,29.0,S_1396
2024-05-13 12:20:57,-67.937164,18.036728,-54.1834,101.05795,870.8771,0.0247114,-2006.2293361499724,29.0,S_1396
2024-05-13 12:20:58,-67.87813,18.036804,-54.127445,101.029976,870.853,0.024721762,-1832.143695434177,29.0,S_1396
2024-05-13 12:20:59,-67.81908,18.036865,-54.071495,101.002,870.75854,0.025838133,-1669.9760909918114,29.0,S_1396
2024-05-13 12:21:00,-67.76,18.036942,-54.022533,100.97402,870.65857,0.025846044,-1490.1700327194267,29.0,S_1396
2024-05-13 12:21:01,-67.700745,18.037033,-53.966583,100.946045,870.6271,0.02649244,-1300.7113352943743,29.0,S_1396
2024-05-13 12:21:02,-67.64147,18.037125,-53.91063,100.91107,870.64557,0.026505306,-1094.9181120552894,29.0,S_1396
2024-05-13 12:21:03,-67.58219,18.0372,-53.847683,100.883095,870.6678,0.026374537,-908.4316840962638,29.0,S_1396
2024-05-13 12:21:04,-67.52289,18.037292,-53.79173,100.85512,870.6548,0.026384192,-723.469364144501,29.0,S_1396
2024-05-13 12:21:05,-67.46358,18.0374,-53.735775,100.82714,870.5863,0.026838074,-555.4749509442081,29.0,S_1396
2024-05-13 12:21:06,-67.40425,18.03749,-53.686817,100.79917,870.49744,0.027134188,-363.2398831391947,29.0,S_1396
2024-05-13 12:21:07,-67.34491,18.037582,-53.630863,100.7642,870.4419,0.027430303,-150.69267625561042,29.0,S_1396
2024-05-13 12:21:08,-67.28556,18.03769,-53.567917,100.73622,870.44,0.027441569,63.35114787082421,29.0,S_1396
2024-05-13 12:21:09,-67.22619,18.03778,-53.50497,100.708244,870.46594,0.027448904,241.0880880770237,29.0,S_1396
2024-05-13 12:21:10,-67.16681,18.037888,-53.456013,100.67327,870.47705,0.02745595,431.68719309283915,29.0,S_1396
2024-05-13 12:21:11,-67.107414,18.037994,-53.40006,100.645294,870.4252,0.02740005,623.3388176892149,29.0,S_1396
2024-05-13 12:21:12,-67.048004,18.038101,-53.344105,100.61732,870.3159,0.02741224,815.0673741074061,29.0,S_1396
2024-05-13 12:21:13,-66.98858,18.038208,-53.288155,100.58935,870.2418,0.025603812,1014.2521820520342,29.0,S_1396
2024-05-13 12:21:14,-66.92914,18.038315,-53.225204,100.56137,870.2418,0.025615288,1195.9226553724584,29.0,S_1396
2024-05-13 12:21:15,-66.86969,18.038437,-53.169254,100.533394,870.2733,0.023859074,1385.6903286554225,29.0,S_1396
2024-05-13 12:21:16,-66.81023,18.038544,-53.106304,100.49842,870.2937,0.023874125,1556.2531329139165,29.0,S_1396
2024-05-13 12:21:17,-66.75075,18.038666,-53.050354,100.47044,870.26965,0.02263733,1714.2955009153193,29.0,S_1396
2024-05-13 12:21:18,-66.69125,18.038773,-52.9944,100.44946,870.1752,0.022647396,1858.1474338819644,29.0,S_1396
2024-05-13 12:21:19,-66.631744,18.038895,-52.945442,100.421486,870.0733,0.01893568,1996.1115073492983,29.0,S_1396
2024-05-13 12:21:20,-66.57222,18.039017,-52.88949,100.38651,870.0418,0.018949917,2133.091649149177,29.0,S_1396
2024-05-13 12:21:21,-66.51269,18.039139,-52.833534,100.358536,870.0622,0.014671338,2253.02546482662,29.0,S_1396
2024-05-13 12:21:22,-66.45314,18.03926,-52.770588,100.33056,870.08813,0.01468558,2363.6654128971277,29.0,S_1396
2024-05-13 12:21:23,-66.39358,18.039383,-52.714634,100.30259,870.0733,0.013542212,2465.275429106412,29.0,S_1396
2024-05-13 12:21:24,-66.334,18.03952,-52.658684,100.27461,869.98444,0.013554668,2566.9751968452365,29.0,S_1396
2024-05-13 12:21:25,-66.274414,18.039642,-52.60273,100.246635,869.8807,0.016749397,2689.4768835029136,29.0,S_1396
2024-05-13 12:21:26,-66.214806,18.03978,-52.546776,100.21866,869.83813,0.016760856,2812.05247226157,29.0,S_1396
2024-05-13 12:21:27,-66.15519,18.039917,-52.490826,100.19068,869.8511,0.018166678,2943.7935783521025,29.0,S_1396
2024-05-13 12:21:28,-66.09556,18.04004,-52.43487,100.162704,869.88257,0.01817762,3075.6137433307595,29.0,S_1396
2024-05-13 12:21:29,-66.03591,18.040176,-52.378918,100.13473,869.8955,0.014690351,3184.73025355798,29.0,S_1396
2024-05-13 12:21:30,-65.97625,18.040314,-52.322964,100.10675,869.83997,0.014705427,3304.943374193088,29.0,S_1396
2024-05-13 12:21:31,-65.91658,18.040466,-52.260017,100.07877,869.7307,0.014802835,3429.528721985538,29.0,S_1396
2024-05-13 12:21:32,-65.85689,18.040604,-52.19707,100.0438,869.65845,0.014816611,3528.213804142233,29.0,S_1396
2024-05-13 12:21:33,-65.79719,18.040741,-52.148113,100.02282,869.65845,0.018229935,3658.6365783378424,29.0,S_1396
2024-05-13 12:21:34,-65.73747,18.040894,-52.09216,99.99484,869.6863,0.01824384,3790.93060882001,29.0,S_1396
2024-05-13 12:21:35,-65.67774,18.04103,-52.036205,99.966866,869.6955,0.017629335,3919.2200350772528,29.0,S_1396
2024-05-13 12:21:36,-65.618004,18.041183,-51.980255,99.93889,869.6529,0.01764016,4047.59001532446,29.0,S_1396
2024-05-13 12:21:37,-65.55824,18.041336,-51.9243,99.91092,869.56586,0.015956927,4164.9990502906385,29.0,S_1396
2024-05-13 12:21:38,-65.498474,18.041489,-51.868347,99.88294,869.48804,0.015968163,4294.414452417735,29.0,S_1396
2024-05-13 12:21:39,-65.43869,18.041641,-51.8054,99.854965,869.4677,0.013364948,4404.988793447426,29.0,S_1396
2024-05-13 12:21:40,-65.37889,18.041794,-51.742455,99.83398,869.4807,0.010761733,4489.934864898756,29.0,S_1396
2024-05-13 12:21:41,-65.31908,18.041962,-51.6865,99.80601,869.4825,0.0071413103,4544.609545158386,29.0,S_1396
2024-05-13 12:21:42,-65.259254,18.042114,-51.637543,99.77803,869.4807,0.007496977,4605.29980954603,29.0,S_1396
2024-05-13 12:21:43,-65.19941,18.042282,-51.58159,99.75005,869.49365,0.007852645,4669.889164151809,29.0,S_1396
2024-05-13 12:21:44,-65.13956,18.042435,-51.525635,99.72208,869.48627,0.0078661535,4734.563524945857,29.0,S_1396
2024-05-13 12:21:45,-65.07969,18.042603,-51.469685,99.6941,869.4214,0.0032431833,4769.084696357999,29.0,S_1396
2024-05-13 12:21:46,-65.019806,18.04277,-51.41373,99.66612,869.3306,0.0032580644,4806.13235554233,29.0,S_1396
2024-05-13 12:21:47,-64.95991,18.042938,-51.350784,99.638145,869.27325,-0.0014949273,4811.503899527908,29.0,S_1396
2024-05-13 12:21:48,-64.9,18.043106,-51.29483,99.617165,869.27136,-0.0014785922,4813.91772844817,29.0,S_1396
2024-05-13 12:21:49,-64.84008,18.043274,-51.231884,99.58919,869.2973,0.0020061806,4841.930479196684,29.0,S_1396
2024-05-13 12:21:50,-64.780136,18.043457,-51.17593,99.56121,869.31024,0.0020213898,4866.972154278148,29.0,S_1396
2024-05-13 12:21:51,-64.720184,18.043625,-51.126972,99.53323,869.2566,0.007294511,4926.344757729652,29.0,S_1396
2024-05-13 12:21:52,-64.660225,18.043808,-51.07102,99.50526,869.1491,0.00730799,4986.426878021237,29.0,S_1396
2024-05-13 12:21:53,-64.60024,18.043991,-51.015064,99.484276,869.0751,0.005886873,5042.388598565529,29.0,S_1396
2024-05-13 12:21:54,-64.54025,18.044174,-50.952118,99.4563,869.07324,0.0044657565,5089.768437788076,29.0,S_1396
2024-05-13 12:21:55,-64.48024,18.044342,-50.88917,99.42832,869.1047,0.0026665921,5122.067436753539,29.0,S_1396
2024-05-13 12:21:56,-64.42022,18.04454,-50.833218,99.400345,869.12695,0.0047818413,5166.602913635634,29.0,S_1396
2024-05-13 12:21:57,-64.36019,18.044724,-50.777267,99.37237,869.101,0.006897091,5224.952232418465,29.0,S_1396
2024-05-13 12:21:58,-64.30014,18.044907,-50.721313,99.34439,869.0066,0.007598813,5287.885136598794,29.0,S_1396
2024-05-13 12:21:59,-64.240074,18.04509,-50.66536,99.316414,868.90656,0.008300535,5348.04033739397,29.0,S_1396
2024-05-13 12:22:00,-64.18,18.045288,-50.6164,99.29543,868.87317,0.0062841093,5400.630029452001,29.0,S_1396
2024-05-13 12:22:01,-64.11958,18.045517,-50.560448,99.267456,868.89355,0.0042676837,5444.469034819,29.0,S_1396
2024-05-13 12:22:02,-64.05916,18.045761,-50.4975,99.246475,868.9195,0.004283789,5487.124106414605,29.0,S_1396
2024-05-13 12:22:03,-63.998737,18.04599,-50.441547,99.2185,868.90466,0.0030829564,5520.5443218537,29.0,S_1396
2024-05-13 12:22:04,-63.938313,18.046234,-50.385597,99.19052,868.8158,0.0031007207,5554.077752745856,29.0,S_1396
2024-05-13 12:22:05,-63.877884,18.046478,-50.329643,99.162544,868.71204,0.0049998933,5599.3503701036225,29.0,S_1396
2024-05-13 12:22:06,-63.81745,18.046707,-50.27369,99.14156,868.6695,0.0050137034,5648.933832939729,29.0,S_1396
2024-05-13 12:22:07,-63.757015,18.046951,-50.210743,99.11359,868.68243,0.0074116127,5712.207036423084,29.0,S_1396
2024-05-13 12:22:08,-63.69658,18.04718,-50.15479,99.08561,868.7158,0.007427808,5767.416915071804,29.0,S_1396
2024-05-13 12:22:09,-63.63614,18.047424,-50.10583,99.06463,868.72687,0.007986678,5831.13725746455,29.0,S_1396
2024-05-13 12:22:10,-63.575695,18.047668,-50.049877,99.03665,868.6732,0.007999368,5902.642291646631,29.0,S_1396
2024-05-13 12:22:11,-63.515247,18.047897,-49.98693,99.008675,868.56396,0.006317939,5963.460946567653,29.0,S_1396
2024-05-13 12:22:12,-63.4548,18.048141,-49.923985,98.9807,868.4898,0.0063363253,6014.056267229229,29.0,S_1396
2024-05-13 12:22:13,-63.39435,18.048386,-49.875027,98.95972,868.4898,0.008042432,6078.14467320193,29.0,S_1396
2024-05-13 12:22:14,-63.333893,18.048615,-49.819073,98.93174,868.5213,0.008054993,6144.059893555683,29.0,S_1396
2024-05-13 12:22:15,-63.273438,18.048859,-49.76312,98.90376,868.5417,0.009291212,6223.830603391838,29.0,S_1396
2024-05-13 12:22:16,-63.21298,18.049103,-49.700172,98.88278,868.51575,0.009305179,6299.305312030327,29.0,S_1396
2024-05-13 12:22:17,-63.152515,18.049347,-49.64422,98.854805,868.4232,0.008167438,6371.0198256323765,29.0,S_1396
2024-05-13 12:22:18,-63.09205,18.049576,-49.581272,98.833824,868.3232,0.008181732,6439.142551304969,29.0,S_1396
2024-05-13 12:22:19,-63.03158,18.04982,-49.52532,98.80585,868.2898,0.0065027256,6494.89495742343,29.0,S_1396
2024-05-13 12:22:20,-62.97111,18.050064,-49.469368,98.77787,868.3102,0.0065156366,6544.923087886686,29.0,S_1396
2024-05-13 12:22:21,-62.910637,18.050308,-49.420406,98.75689,868.3361,0.0036419164,6580.207517945886,29.0,S_1396
2024-05-13 12:22:22,-62.850163,18.050552,-49.364456,98.72891,868.3213,0.0036557796,6619.577863442582,29.0,S_1396
2024-05-13 12:22:23,-62.78968,18.050797,-49.30151,98.70793,868.2324,0.00017768204,6635.417984794145,29.0,S_1396
2024-05-13 12:22:24,-62.7292,18.05104,-49.23856,98.679955,868.12866,0.00019462834,6651.38429214982,29.0,S_1396
2024-05-13 12:22:25,-62.668716,18.051285,-49.18261,98.658966,868.0861,-0.0010112426,6657.7381105929,29.0,S_1396
2024-05-13 12:22:26,-62.608227,18.051529,-49.126656,98.63099,868.09906,-0.0009957921,6664.367997622267,29.0,S_1396
2024-05-13 12:22:27,-62.547737,18.051773,-49.0707,98.60302,868.13055,-0.0032183072,6656.885879549358,29.0,S_1396
2024-05-13 12:22:28,-62.487244,18.052017,-49.014748,98.58203,868.1435,-0.0032021042,6648.870598133553,29.0,S_1396
2024-05-13 12:22:29,-62.426746,18.052261,-48.958797,98.554054,868.08795,-0.007203724,6610.370187449076,29.0,S_1396
2024-05-13 12:22:30,-62.36625,18.052505,-48.89585,98.53307,867.9806,-0.007184229,6577.794250799536,29.0,S_1396
2024-05-13 12:22:31,-62.305748,18.05275,-48.839897,98.5051,867.90643,-0.008260903,6536.779158443451,29.0,S_1396
2024-05-13 12:22:32,-62.245243,18.052994,-48.783943,98.47712,867.9083,-0.0082429275,6497.048710993893,29.0,S_1396
2024-05-13 12:22:33,-62.18474,18.053238,-48.72799,98.45614,867.93427,-0.0076783593,6459.655534242187,29.0,S_1396
2024-05-13 12:22:34,-62.124226,18.053482,-48.67204,98.42816,867.9435,-0.0076606115,6429.399832651476,29.0,S_1396
2024-05-13 12:22:35,-62.063713,18.053726,-48.623077,98.40718,867.90094,-0.0071619963,6388.504628501951,29.0,S_1396
2024-05-13 12:22:36,-62.0032,18.053986,-48.56013,98.3792,867.8157,-0.007142571,6357.349013187206,29.0,S_1396
2024-05-13 12:22:37,-61.94268,18.05423,-48.50418,98.35822,867.7361,-0.008230637,6310.177845769158,29.0,S_1396
2024-05-13 12:22:38,-61.88216,18.054474,-48.44123,98.330246,867.71014,-0.0082075205,6272.175387036486,29.0,S_1396
2024-05-13 12:22:39,-61.821636,18.054718,-48.38528,98.309265,867.7268,-0.009834391,6222.000275170394,29.0,S_1396
2024-05-13 12:22:40,-61.761112,18.054962,-48.329327,98.288284,867.75085,-0.009815902,6171.934676175639,29.0,S_1396
2024-05-13 12:22:41,-61.70058,18.055222,-48.273373,98.267296,867.7361,-0.010352847,6116.909635421369,29.0,S_1396
2024-05-13 12:22:42,-61.64005,18.055466,-48.21742,98.23932,867.64905,-0.010330851,6055.883093969069,29.0,S_1396
2024-05-13 12:22:43,-61.579514,18.05571,-48.154472,98.21834,867.5453,-0.013196061,5973.93332702378,29.0,S_1396
2024-05-13 12:22:44,-61.51898,18.05597,-48.091526,98.19036,867.50275,-0.013174476,5904.003650626473,29.0,S_1396
2024-05-13 12:22:45,-61.458435,18.056213,-48.035572,98.16938,867.5157,-0.0160079,5811.817996819997,29.0,S_1396
2024-05-13 12:22:46,-61.397892,18.056458,-47.97962,98.1414,867.5472,-0.015987085,5734.280453992826,29.0,S_1396
2024-05-13 12:22:47,-61.33735,18.056717,-47.93066,98.12042,867.5583,-0.015957944,5640.851271364472,29.0,S_1396
2024-05-13 12:22:48,-61.2768,18.056961,-47.87471,98.092445,867.5046,-0.015937142,5549.252961836943,29.0,S_1396
2024-05-13 12:22:49,-61.216248,18.05722,-47.818756,98.06447,867.3953,-0.015376284,5463.599706638028,29.0,S_1396
2024-05-13 12:22:50,-61.155693,18.057465,-47.762802,98.04349,867.32306,-0.015355706,5366.277960942965,29.0,S_1396
2024-05-13 12:22:51,-61.09514,18.057724,-47.699856,98.02251,867.32306,-0.01586962,5278.79975649631,29.0,S_1396
2024-05-13 12:22:52,-61.034576,18.057968,-47.6439,98.001526,867.3509,-0.015848868,5187.547893631037,29.0,S_1396
2024-05-13 12:22:53,-60.974014,18.058228,-47.58795,97.97355,867.3583,-0.01642001,5095.147154891662,29.0,S_1396
2024-05-13 12:22:54,-60.91345,18.058472,-47.531998,97.95256,867.3175,-0.016399032,5000.2433310067445,29.0,S_1396
2024-05-13 12:22:55,-60.852882,18.058731,-47.476044,97.92458,867.2323,-0.017459173,4901.151691786377,29.0,S_1396
2024-05-13 12:22:56,-60.79231,18.058975,-47.42009,97.9036,867.1527,-0.017437803,4788.827590348526,29.0,S_1396
2024-05-13 12:22:57,-60.731735,18.059235,-47.357143,97.88262,867.1268,-0.019641249,4662.214272323752,29.0,S_1396
2024-05-13 12:22:58,-60.67116,18.059494,-47.294197,97.86164,867.14154,-0.019617196,4547.627191013376,29.0,S_1396
2024-05-13 12:22:59,-60.61058,18.059738,-47.238243,97.833664,867.1675,-0.019588152,4446.170215648432,29.0,S_1396
2024-05-13 12:23:00,-60.55,18.059998,-47.189285,97.80569,867.1527,-0.019564386,4331.965134851413,29.0,S_1396
2024-05-13 12:23:01,-60.48958,18.060257,-47.13333,97.784706,867.06384,-0.01839259,4226.641849816748,29.0,S_1396
2024-05-13 12:23:02,-60.42915,18.060532,-47.07738,97.763725,866.9601,-0.018370887,4107.551945281317,29.0,S_1396
2024-05-13 12:23:03,-60.368713,18.060791,-47.014435,97.74274,866.92487,-0.016669942,4012.2530083170204,29.0,S_1396
2024-05-13 12:23:04,-60.308266,18.061066,-46.95848,97.71477,866.94714,-0.01664892,3905.6755798381782,29.0,S_1396
2024-05-13 12:23:05,-60.24781,18.061325,-46.895535,97.69378,866.97864,-0.014416734,3827.365080574229,29.0,S_1396
2024-05-13 12:23:06,-60.18735,18.0616,-46.83958,97.6728,866.9804,-0.014396595,3747.6424300305516,29.0,S_1396
2024-05-13 12:23:07,-60.126877,18.06186,-46.783627,97.65182,866.9194,-0.012047674,3689.943572452019,29.0,S_1396
2024-05-13 12:23:08,-60.0664,18.062119,-46.73467,97.62384,866.81006,-0.012030317,3613.295062906367,29.0,S_1396
2024-05-13 12:23:09,-60.005913,18.062393,-46.671722,97.59586,866.7397,-0.009260932,3561.2424902379535,29.0,S_1396
2024-05-13 12:23:10,-59.945415,18.062653,-46.608776,97.57488,866.7397,-0.009241141,3516.130292026137,29.0,S_1396
2024-05-13 12:23:11,-59.88491,18.062927,-46.552822,97.5539,866.7675,-0.0058470634,3491.2903693949556,29.0,S_1396
2024-05-13 12:23:12,-59.824398,18.063187,-46.49687,97.53291,866.7786,-0.005830463,3466.5507425860815,29.0,S_1396
2024-05-13 12:23:13,-59.763878,18.063461,-46.440914,97.51193,866.72675,-0.0040848916,3452.386945589602,29.0,S_1396
2024-05-13 12:23:14,-59.70335,18.06372,-46.384964,97.483955,866.6193,-0.004065688,3436.0724371978213,29.0,S_1396
2024-05-13 12:23:15,-59.64281,18.06398,-46.322014,97.462975,866.54156,-0.0034613863,3428.062778496347,29.0,S_1396
2024-05-13 12:23:16,-59.582268,18.064255,-46.266064,97.44199,866.53046,-0.003445834,3418.6188151176248,29.0,S_1396
2024-05-13 12:23:17,-59.521713,18.064514,-46.21011,97.42101,866.55817,-0.0033912337,3409.5201390618167,29.0,S_1396
2024-05-13 12:23:18,-59.46115,18.064774,-46.154156,97.40003,866.586,-0.0043283715,3393.711787713266,29.0,S_1396
2024-05-13 12:23:19,-59.400578,18.065048,-46.098206,97.372055,866.56934,-0.0046806335,3376.479321312756,29.0,S_1396
2024-05-13 12:23:20,-59.34,18.065308,-46.04225,97.35107,866.4786,-0.003898822,3360.602507827618,29.0,S_1396
2024-05-13 12:23:21,-59.27941,18.065567,-45.979305,97.32309,866.3767,-0.0031617254,3354.642626607925,29.0,S_1396
2024-05-13 12:23:22,-59.218815,18.065842,-45.92335,97.30211,866.3415,-0.0033320661,3345.89031327211,29.0,S_1396
2024-05-13 12:23:23,-59.15821,18.066101,-45.867397,97.28113,866.3638,-0.0032937045,3337.37954487927,29.0,S_1396
2024-05-13 12:23:24,-59.0976,18.06636,-45.811447,97.26015,866.3934,-0.0034604901,3327.7875365059917,29.0,S_1396
2024-05-13 12:23:25,-59.03698,18.066635,-45.755493,97.23917,866.39703,-0.0049270648,3308.7584201010322,29.0,S_1396
2024-05-13 12:23:26,-58.97635,18.066895,-45.69954,97.218185,866.33594,-0.0065766666,3278.062601762558,29.0,S_1396
2024-05-13 12:23:27,-58.915714,18.067154,-45.643585,97.19021,866.2267,-0.0074834544,3242.7479837576575,29.0,S_1396
2024-05-13 12:23:28,-58.85507,18.067429,-45.587635,97.16922,866.1545,-0.010854963,3177.375878146151,29.0,S_1396
2024-05-13 12:23:29,-58.79441,18.067688,-45.524685,97.14824,866.1545,-0.012854175,3108.8498822913243,29.0,S_1396
2024-05-13 12:23:30,-58.73375,18.067947,-45.468735,97.12726,866.18414,-0.014921967,3025.4896370263414,29.0,S_1396
2024-05-13 12:23:31,-58.67308,18.068222,-45.41278,97.10628,866.1952,-0.01597758,2935.3287084987933,29.0,S_1396
2024-05-13 12:23:32,-58.6124,18.068481,-45.356827,97.0853,866.1434,-0.017053852,2825.3690229950007,29.0,S_1396
2024-05-13 12:23:33,-58.551712,18.06874,-45.29388,97.06431,866.03595,-0.01812615,2706.5713881485135,29.0,S_1396
2024-05-13 12:23:34,-58.491016,18.069016,-45.230934,97.03633,865.9563,-0.019215524,2597.221012910868,29.0,S_1396
2024-05-13 12:23:35,-58.430313,18.069275,-45.17498,97.01535,865.9471,-0.020102976,2480.4678993313973,29.0,S_1396
2024-05-13 12:23:36,-58.3696,18.069534,-45.119026,96.99437,865.973,-0.019898595,2379.9030641929457,29.0,S_1396
2024-05-13 12:23:37,-58.30888,18.069794,-45.07007,96.97339,866.00073,-0.021171698,2254.7458176677574,29.0,S_1396
2024-05-13 12:23:38,-58.24815,18.070068,-45.01412,96.95241,865.98596,-0.021737637,2111.0370618873603,29.0,S_1396
2024-05-13 12:23:39,-58.187412,18.070328,-44.951168,96.93142,865.8952,-0.022437328,1963.8075969764868,29.0,S_1396
2024-05-13 12:23:40,-58.126667,18.070587,-44.88822,96.91044,865.7915,-0.022408564,1829.980369222314,29.0,S_1396
2024-05-13 12:23:41,-58.065914,18.070847,-44.832268,96.88246,865.76,-0.02148015,1720.5135438203215,29.0,S_1396
2024-05-13 12:23:42,-58.00515,18.071121,-44.78331,96.86148,865.7804,-0.020145573,1586.706969200197,29.0,S_1396
2024-05-13 12:23:43,-57.944378,18.07138,-44.720364,96.8405,865.8007,-0.018648209,1466.6705754455506,29.0,S_1396
2024-05-13 12:23:44,-57.8836,18.07164,-44.657417,96.81952,865.7896,-0.017898863,1365.4966495851368,29.0,S_1396
2024-05-13 12:23:45,-57.82281,18.0719,-44.601463,96.79854,865.7211,-0.017329108,1266.4697525913652,29.0,S_1396
2024-05-13 12:23:46,-57.762016,18.072159,-44.54551,96.77755,865.6304,-0.017670734,1165.2417268927493,29.0,S_1396
2024-05-13 12:23:47,-57.701214,18.072433,-44.48956,96.75657,865.5748,-0.018192979,1057.604731428597,29.0,S_1396
2024-05-13 12:23:48,-57.6404,18.072693,-44.433605,96.72859,865.5748,-0.019076519,947.458452055529,29.0,S_1396
2024-05-13 12:23:49,-57.57958,18.072952,-44.37765,96.70761,865.5989,-0.02016131,814.9628401414775,29.0,S_1396
2024-05-13 12:23:50,-57.51875,18.073212,-44.314705,96.68663,865.61,-0.021058321,693.365489027743,29.0,S_1396
2024-05-13 12:23:51,-57.457912,18.073486,-44.25875,96.66565,865.56,-0.021755792,565.7659266888077,29.0,S_1396
2024-05-13 12:23:52,-57.397068,18.073746,-44.2028,96.64466,865.4526,-0.0225871,432.792734713792,29.0,S_1396
2024-05-13 12:23:53,-57.336212,18.074005,-44.146847,96.62368,865.3729,-0.023304345,295.18687629613123,29.0,S_1396
2024-05-13 12:23:54,-57.27535,18.074265,-44.090893,96.6027,865.3618,-0.023123182,158.73423872407147,29.0,S_1396
2024-05-13 12:23:55,-57.214478,18.074524,-44.03494,96.58172,865.38965,-0.0228714,6.668997931770718,29.0,S_1396
2024-05-13 12:23:56,-57.1536,18.074783,-43.971992,96.56074,865.41736,-0.021948414,-120.74056342108815,29.0,S_1396
2024-05-13 12:23:57,-57.092712,18.075058,-43.916042,96.53975,865.4007,-0.021565583,-247.20204569206544,29.0,S_1396
2024-05-13 12:23:58,-57.03182,18.075317,-43.86009,96.51877,865.30994,-0.019924974,-363.1060979324793,29.0,S_1396
2024-05-13 12:23:59,-56.970913,18.075577,-43.804134,96.49779,865.2081,-0.01810192,-483.66645810877526,29.0,S_1396
2024-05-13 12:24:00,-56.91,18.075836,-43.741188,96.46981,865.17664,-0.016904844,-578.4781320372713,29.0,S_1396
2024-05-13 12:24:01,-56.848995,18.076126,-43.685234,96.44883,865.1951,-0.016409667,-682.2914854413175,29.0,S_1396
2024-05-13 12:24:02,-56.787987,18.076416,-43.622288,96.43484,865.21735,-0.015102345,-754.56521959167,29.0,S_1396
2024-05-13 12:24:03,-56.726974,18.076706,-43.57333,96.41386,865.20435,-0.012964118,-827.1687694675966,29.0,S_1396
2024-05-13 12:24:04,-56.665955,18.076996,-43.517376,96.392876,865.13586,-0.011860307,-891.173604856318,29.0,S_1396
2024-05-13 12:24:05,-56.60493,18.077286,-43.461422,96.371895,865.047,-0.010755912,-957.8235274489743,29.0,S_1396
2024-05-13 12:24:06,-56.5439,18.07756,-43.398476,96.34392,864.99146,-0.009872276,-1014.8086505023603,29.0,S_1396
2024-05-13 12:24:07,-56.482864,18.07785,-43.33553,96.32294,864.98956,-0.009671966,-1063.2474885193296,29.0,S_1396
2024-05-13 12:24:08,-56.42182,18.07814,-43.279575,96.301956,865.0155,-0.00874942,-1106.1347908830867,29.0,S_1396
2024-05-13 12:24:09,-56.360775,18.078415,-43.22362,96.287964,865.0266,-0.0081892125,-1146.6815908975695,29.0,S_1396
2024-05-13 12:24:10,-56.29972,18.07869,-43.16767,96.26698,864.97473,-0.0069050505,-1183.9947012763005,29.0,S_1396
2024-05-13 12:24:11,-56.238663,18.07898,-43.104725,96.246,864.8655,-0.005800465,-1207.512653798476,29.0,S_1396
2024-05-13 12:24:12,-56.1776,18.079254,-43.04877,96.22501,864.7914,-0.0048754876,-1226.5618297705405,29.0,S_1396
2024-05-13 12:24:13,-56.11653,18.079529,-42.992817,96.20403,864.7914,-0.0041135456,-1240.7052223690043,29.0,S_1396
2024-05-13 12:24:14,-56.055454,18.079803,-42.936863,96.18305,864.8229,-0.0033521086,-1249.9440848092017,29.0,S_1396
2024-05-13 12:24:15,-55.994373,18.080093,-42.880913,96.16207,864.84326,-0.0029754199,-1256.7627544123498,29.0,S_1396
2024-05-13 12:24:16,-55.93329,18.080368,-42.82496,96.14109,864.8192,-0.0028237584,-1264.7323315260655,29.0,S_1396
2024-05-13 12:24:17,-55.872196,18.080643,-42.762012,96.12011,864.72473,-0.0018554725,-1262.856617564743,29.0,S_1396
2024-05-13 12:24:18,-55.8111,18.080902,-42.70606,96.09912,864.62476,-0.0018199263,-1262.2424888838868,29.0,S_1396
2024-05-13 12:24:19,-55.749996,18.081177,-42.650105,96.07814,864.5914,-0.0016252797,-1260.378550399335,29.0,S_1396
2024-05-13 12:24:20,-55.68889,18.081451,-42.594154,96.05716,864.61176,-0.0010690608,-1255.7381948946058,29.0,S_1396
2024-05-13 12:24:21,-55.627773,18.081726,-42.531204,96.03618,864.6377,-0.0014375794,-1251.1935274295356,29.0,S_1396
2024-05-13 12:24:22,-55.566654,18.081985,-42.475254,96.0152,864.62286,-0.0014241519,-1248.0532967144354,29.0,S_1396
2024-05-13 12:24:23,-55.505527,18.08226,-42.4193,95.99421,864.534,-0.0017684797,-1247.1397917129616,29.0,S_1396
2024-05-13 12:24:24,-55.444397,18.08252,-42.363346,95.97323,864.43024,-0.0015743792,-1244.9798204545332,29.0,S_1396
2024-05-13 12:24:25,-55.383263,18.082779,-42.307396,95.95225,864.3877,-0.001900035,-1244.9288296686464,29.0,S_1396
2024-05-13 12:24:26,-55.32212,18.083054,-42.251442,95.93127,864.40063,-0.0017062272,-1244.7156779011457,29.0,S_1396
2024-05-13 12:24:27,-55.260975,18.083313,-42.188496,95.917274,864.4321,-0.0013523004,-1239.8216976891526,29.0,S_1396
2024-05-13 12:24:28,-55.19982,18.083572,-42.13254,95.89629,864.44507,-0.0009786868,-1234.578702881292,29.0,S_1396
2024-05-13 12:24:29,-55.138664,18.083832,-42.069595,95.87531,864.39136,-3.8242186e-05,-1221.0322521002818,29.0,S_1396
2024-05-13 12:24:30,-55.0775,18.084091,-42.020638,95.85433,864.2821,0.0005130009,-1206.5300228689266,29.0,S_1396
2024-05-13 12:24:31,-55.01633,18.08435,-41.957687,95.83334,864.208,0.0009085648,-1186.9128952766514,29.0,S_1396
2024-05-13 12:24:32,-54.955154,18.08461,-41.901737,95.81236,864.208,0.0011837595,-1166.1122509904926,29.0,S_1396
2024-05-13 12:24:33,-54.893974,18.08487,-41.838787,95.79138,864.2395,0.0014589543,-1143.148101205974,29.0,S_1396
2024-05-13 12:24:34,-54.832787,18.085129,-41.782837,95.7774,864.2599,0.0017341491,-1119.8510676490077,29.0,S_1396
2024-05-13 12:24:35,-54.771595,18.085373,-41.726883,95.75641,864.23395,0.0020093438,-1094.6253419009117,29.0,S_1396
2024-05-13 12:24:36,-54.7104,18.085632,-41.67093,95.73543,864.14136,0.0022845385,-1067.2142132897534,29.0,S_1396
2024-05-13 12:24:37,-54.649197,18.085876,-41.61498,95.70745,864.0395,0.0025597333,-1038.2901738679757,29.0,S_1396
2024-05-13 12:24:38,-54.587986,18.086136,-41.559025,95.68647,864.008,0.002834928,-1005.9588975692714,29.0,S_1396
2024-05-13 12:24:39,-54.52677,18.08638,-41.49608,95.672485,864.0284,0.0028473078,-974.0277637875915,29.0,S_1396
2024-05-13 12:24:40,-54.465553,18.08664,-41.440125,95.6515,864.0543,0.002323599,-946.7986009717715,29.0,S_1396
2024-05-13 12:24:41,-54.404327,18.086884,-41.38417,95.630516,864.0395,0.0021127558,-920.9364153619536,29.0,S_1396
2024-05-13 12:24:42,-54.343098,18.087128,-41.328217,95.609535,863.9487,0.002145206,-893.2599306970005,29.0,S_1396
2024-05-13 12:24:43,-54.28186,18.087372,-41.26527,95.588554,863.845,0.0017785379,-866.7652195670307,29.0,S_1396
2024-05-13 12:24:44,-54.22062,18.087616,-41.202324,95.56757,863.8098,0.00087562104,-847.4438935962971,29.0,S_1396
2024-05-13 12:24:45,-54.159374,18.08786,-41.14637,95.546585,863.82465,0.0010661562,-829.3199968856024,29.0,S_1396
2024-05-13 12:24:46,-54.09812,18.088104,-41.097412,95.5326,863.8395,0.0016582742,-808.0403354781556,29.0,S_1396
2024-05-13 12:24:47,-54.03686,18.088348,-41.04146,95.51162,863.83575,0.0018693083,-783.7827487964605,29.0,S_1396
2024-05-13 12:24:48,-53.975597,18.088593,-40.985508,95.49064,863.8432,0.0018592719,-758.2001649462873,29.0,S_1396
2024-05-13 12:24:49,-53.91433,18.088821,-40.92256,95.46965,863.85614,0.00189304,-731.1450128330143,29.0,S_1396
2024-05-13 12:24:50,-53.853054,18.089066,-40.85961,95.455666,863.808,0.0019056164,-706.7753922120937,29.0,S_1396
2024-05-13 12:24:51,-53.791775,18.089294,-40.810654,95.434685,863.6987,0.0022717146,-681.401063296682,29.0,S_1396
2024-05-13 12:24:52,-53.730488,18.089539,-40.7547,95.413704,863.62463,0.0026425105,-650.1904312390106,29.0,S_1396
2024-05-13 12:24:53,-53.669193,18.089767,-40.691753,95.392715,863.6228,0.0026545895,-617.7624589443294,29.0,S_1396
2024-05-13 12:24:54,-53.6079,18.090012,-40.628807,95.37873,863.65424,0.0026666485,-587.0815669386757,29.0,S_1396
2024-05-13 12:24:55,-53.546597,18.09024,-40.572853,95.35775,863.6765,0.0027191304,-557.3742110894636,29.0,S_1396
2024-05-13 12:24:56,-53.485287,18.09047,-40.516903,95.33676,863.6506,0.0021541899,-531.3235964292726,29.0,S_1396
2024-05-13 12:24:57,-53.423973,18.090698,-40.46095,95.31578,863.55615,0.0019872084,-506.35704198837993,29.0,S_1396
2024-05-13 12:24:58,-53.36265,18.090927,-40.404995,95.2948,863.4561,0.0020016069,-481.5787899787392,29.0,S_1396
2024-05-13 12:24:59,-53.301327,18.091156,-40.34904,95.280815,863.4246,0.002012385,-455.1027789468026,29.0,S_1396
2024-05-13 12:25:00,-53.239998,18.091385,-40.286095,95.25983,863.445,0.002024631,-428.4540374419048,29.0,S_1396
2024-05-13 12:25:01,-53.17866,18.091583,-40.23014,95.238846,863.4654,0.0024108398,-400.77054789003523,29.0,S_1396
2024-05-13 12:25:02,-53.11732,18.091782,-40.17419,95.217865,863.4524,0.0024421234,-374.7033617299239,29.0,S_1396
2024-05-13 12:25:03,-53.055973,18.09198,-40.125233,95.196884,863.38385,0.0028052903,-344.17794562101335,29.0,S_1396
2024-05-13 12:25:04,-52.99462,18.092178,-40.062283,95.18289,863.295,0.0029524416,-311.7044481967423,29.0,S_1396
2024-05-13 12:25:05,-52.93326,18.092377,-40.006332,95.16191,863.23944,0.0031638406,-276.79951594797967,29.0,S_1396
2024-05-13 12:25:06,-52.8719,18.092575,-39.943382,95.14093,863.23755,0.002624037,-246.31060497079307,29.0,S_1396
2024-05-13 12:25:07,-52.810528,18.092773,-39.887432,95.11995,863.2635,0.0021041606,-220.9358706639432,29.0,S_1396
2024-05-13 12:25:08,-52.749153,18.092972,-39.83148,95.10596,863.2764,0.0015849438,-198.7795483604241,29.0,S_1396
2024-05-13 12:25:09,-52.687775,18.09317,-39.775524,95.08498,863.2228,0.0017721672,-173.940046536296,29.0,S_1396
2024-05-13 12:25:10,-52.62639,18.093369,-39.712578,95.063995,863.1135,0.002489809,-144.69277659625732,29.0,S_1396
2024-05-13 12:25:11,-52.564995,18.093567,-39.656624,95.05,863.0394,0.00267634,-115.49342899407202,29.0,S_1396
2024-05-13 12:25:12,-52.503597,18.093765,-39.600674,95.02902,863.0394,0.0023375745,-88.34073289542357,29.0,S_1396
2024-05-13 12:25:13,-52.442196,18.093964,-39.54472,95.00804,863.07086,0.001819607,-63.180876385791635,29.0,S_1396
2024-05-13 12:25:14,-52.380787,18.094162,-39.481773,94.98706,863.09125,0.000600304,-45.383068645554886,29.0,S_1396
2024-05-13 12:25:15,-52.319374,18.09436,-39.418827,94.96608,863.0672,-0.00026554207,-33.607025830504426,29.0,S_1396
2024-05-13 12:25:16,-52.257954,18.094559,-39.362873,94.95209,862.9728,-0.000956001,-27.93685736592306,29.0,S_1396
2024-05-13 12:25:17,-52.19653,18.094757,-39.30692,94.93111,862.87274,-0.00059310824,-19.77594538845733,29.0,S_1396
2024-05-13 12:25:18,-52.135098,18.09494,-39.250965,94.910126,862.83936,-0.00040232556,-10.687646878086525,29.0,S_1396
2024-05-13 12:25:19,-52.07366,18.095139,-39.18802,94.889145,862.85974,-3.873484e-05,2.4965597270274884,29.0,S_1396
2024-05-13 12:25:20,-52.012222,18.095337,-39.132065,94.87515,862.8857,0.00014784065,15.286230440189684,29.0,S_1396
2024-05-13 12:25:21,-51.950775,18.095535,-39.076115,94.85417,862.87085,-0.00019089138,26.024536539025576,29.0,S_1396
2024-05-13 12:25:22,-51.88932,18.095734,-39.02016,94.83319,862.782,-0.00017939496,36.69754020410255,29.0,S_1396
2024-05-13 12:25:23,-51.82786,18.095932,-38.957214,94.81221,862.6782,8.330186e-06,50.15199564534487,29.0,S_1396
2024-05-13 12:25:24,-51.7664,18.096115,-38.90126,94.79822,862.6357,2.331569e-05,62.11175777629251,29.0,S_1396
2024-05-13 12:25:25,-51.70493,18.096313,-38.845306,94.77724,862.6486,7.51544e-05,74.53754036730606,29.0,S_1396
2024-05-13 12:25:26,-51.643456,18.096512,-38.789356,94.763245,862.682,0.00022041104,87.76120119457119,29.0,S_1396
2024-05-13 12:25:27,-51.581974,18.09671,-38.733402,94.74226,862.69305,0.00025177168,101.32954537873229,29.0,S_1396
2024-05-13 12:25:28,-51.52049,18.096909,-38.67745,94.72128,862.6394,-1.6624117e-05,113.14142831757272,29.0,S_1396
2024-05-13 12:25:29,-51.458996,18.097092,-38.614502,94.7003,862.53015,-0.00028501992,124.69796075290651,29.0,S_1396
2024-05-13 12:25:30,-51.3975,18.09729,-38.558548,94.68631,862.4579,-0.0005534157,132.88747859386785,29.0,S_1396
2024-05-13 12:25:31,-51.335995,18.097488,-38.502598,94.66533,862.4579,-0.0008218115,139.47775550225924,29.0,S_1396
2024-05-13 12:25:32,-51.274487,18.097687,-38.446644,94.64435,862.4838,-0.0010902073,143.50879840132257,29.0,S_1396
2024-05-13 12:25:33,-51.212975,18.09787,-38.383698,94.62337,862.49304,-0.0013586031,147.20375318644437,29.0,S_1396
2024-05-13 12:25:34,-51.151455,18.098068,-38.32075,94.609375,862.4505,-0.0016269989,149.8456999997834,29.0,S_1396
2024-05-13 12:25:35,-51.089928,18.098267,-38.264797,94.588394,862.36346,-0.0018953946,149.7329835959208,29.0,S_1396
2024-05-13 12:25:36,-51.0284,18.09845,-38.208843,94.57441,862.28564,-0.0021637904,147.45192729087285,29.0,S_1396
2024-05-13 12:25:37,-50.96686,18.098648,-38.15289,94.55342,862.26526,-0.0024321864,145.372055381682,29.0,S_1396
2024-05-13 12:25:38,-50.90532,18.098846,-38.10393,94.53244,862.27826,-0.0027005821,136.29683157252293,29.0,S_1396
2024-05-13 12:25:39,-50.843773,18.09903,-38.040985,94.51146,862.2801,-0.002968978,128.52453540002534,29.0,S_1396
2024-05-13 12:25:40,-50.782223,18.099228,-37.97804,94.497475,862.27826,-0.0032373737,120.68789658209425,29.0,S_1396
2024-05-13 12:25:41,-50.72066,18.099426,-37.922085,94.47649,862.2912,-0.0016168233,121.06735487834885,29.0,S_1396
2024-05-13 12:25:42,-50.6591,18.09961,-37.85914,94.4625,862.2838,-0.0011454236,126.77142372882372,29.0,S_1396
2024-05-13 12:25:43,-50.59753,18.099808,-37.803185,94.44152,862.219,-0.00096118404,131.6620129485891,29.0,S_1396
2024-05-13 12:25:44,-50.535954,18.100006,-37.74024,94.42054,862.12823,-0.001289572,137.73147572617017,29.0,S_1396
2024-05-13 12:25:45,-50.474373,18.10019,-37.69128,94.40655,862.0708,-0.0010673238,141.07124561767705,29.0,S_1396
2024-05-13 12:25:46,-50.41279,18.100388,-37.635326,94.38557,862.0708,-0.0014003613,144.02281620006397,29.0,S_1396
2024-05-13 12:25:47,-50.351196,18.10057,-37.579372,94.371574,862.09485,-0.001483866,144.96673620799265,29.0,S_1396
2024-05-13 12:25:48,-50.2896,18.100769,-37.516426,94.35059,862.10785,-0.0015673707,148.0359316849681,29.0,S_1396
2024-05-13 12:25:49,-50.227997,18.100967,-37.460472,94.32961,862.056,-0.0015359151,150.11025026756397,29.0,S_1396
2024-05-13 12:25:50,-50.16639,18.10115,-37.404522,94.31563,861.9468,-0.001543837,151.75260085332047,29.0,S_1396
2024-05-13 12:25:51,-50.104774,18.101349,-37.348568,94.29464,861.8726,-0.0015480164,152.5564799680069,29.0,S_1396
2024-05-13 12:25:52,-50.043156,18.101532,-37.28562,94.280655,861.8708,-0.0018387325,152.32057845962117,29.0,S_1396
2024-05-13 12:25:53,-49.98153,18.10173,-37.222675,94.259674,861.9022,-0.0018059291,153.80435124032374,29.0,S_1396
2024-05-13 12:25:54,-49.9199,18.101913,-37.16672,94.238686,861.9245,-0.00097633945,159.24254676749842,29.0,S_1396
2024-05-13 12:25:55,-49.85826,18.102112,-37.110767,94.217705,861.89856,-0.0010237591,164.52096299557525,29.0,S_1396
2024-05-13 12:25:56,-49.796623,18.102295,-37.054813,94.20372,861.806,-0.00067006605,171.89214463278768,29.0,S_1396
2024-05-13 12:25:57,-49.734974,18.102493,-36.998863,94.18973,861.7041,-0.00048790147,180.33657439016315,29.0,S_1396
2024-05-13 12:25:58,-49.67332,18.102676,-36.94291,94.16875,861.6708,-0.0009703894,185.06289818055302,29.0,S_1396
2024-05-13 12:25:59,-49.611664,18.102875,-36.879963,94.147766,861.6911,-0.0009346518,192.29453223417295,29.0,S_1396
2024-05-13 12:26:00,-49.55,18.103058,-36.82401,94.13377,861.71893,-0.0009428874,197.91297903810118,29.0,S_1396
2024-05-13 12:26:01,-49.48841,18.103256,-36.768055,94.11979,861.7023,-0.0014241046,200.26066484144758,29.0,S_1396
2024-05-13 12:26:02,-49.426815,18.10347,-36.712105,94.09881,861.61523,-0.0023770928,194.78333134970308,29.0,S_1396
2024-05-13 12:26:03,-49.36521,18.103668,-36.649155,94.07783,861.5115,-0.002042398,194.9702762420311,29.0,S_1396
2024-05-13 12:26:04,-49.3036,18.103882,-36.593204,94.063835,861.46893,-0.0023903912,191.02745806135863,29.0,S_1396
2024-05-13 12:26:05,-49.241978,18.10408,-36.53725,94.042854,861.48,-0.002189053,188.5247047466255,29.0,S_1396
2024-05-13 12:26:06,-49.18035,18.104279,-36.481297,94.02187,861.51337,-0.0020612609,185.58862778973344,29.0,S_1396
2024-05-13 12:26:07,-49.118713,18.104477,-36.41835,94.00788,861.5245,-0.0015963385,186.99562182959926,29.0,S_1396
2024-05-13 12:26:08,-49.057068,18.10469,-36.355404,93.9869,861.47076,-0.001602733,191.1459877202251,29.0,S_1396
2024-05-13 12:26:09,-48.99541,18.104889,-36.306446,93.972916,861.3615,-0.0015733835,191.06277983146356,29.0,S_1396
2024-05-13 12:26:10,-48.93375,18.105087,-36.250492,93.95193,861.28925,-0.002056018,187.85428689056062,29.0,S_1396
2024-05-13 12:26:11,-48.872078,18.105286,-36.187546,93.93095,861.2874,-0.0025386524,182.9023341236898,29.0,S_1396
2024-05-13 12:26:12,-48.8104,18.105484,-36.1246,93.91696,861.31885,-0.0030212868,176.2135989654962,29.0,S_1396
2024-05-13 12:26:13,-48.74871,18.105682,-36.068645,93.89598,861.3411,-0.0033814055,166.4369730201215,29.0,S_1396
2024-05-13 12:26:14,-48.687016,18.10588,-36.01269,93.88199,861.3152,-0.003387876,155.94963918254507,29.0,S_1396
2024-05-13 12:26:15,-48.625313,18.106064,-35.956738,93.86101,861.2189,-0.003973901,142.40693748996637,29.0,S_1396
2024-05-13 12:26:16,-48.5636,18.106262,-35.900787,93.847015,861.1207,-0.0041105445,127.21286375439013,29.0,S_1396
2024-05-13 12:26:17,-48.50188,18.10646,-35.844833,93.826035,861.09296,-0.0037986112,111.87190045438547,29.0,S_1396
2024-05-13 12:26:18,-48.44015,18.106659,-35.781887,93.81205,861.1096,-0.003466696,99.65920179242312,29.0,S_1396
2024-05-13 12:26:19,-48.378414,18.106842,-35.71894,93.79107,861.11334,-0.0030048469,93.62762855435358,29.0,S_1396
2024-05-13 12:26:20,-48.316666,18.10704,-35.662987,93.77708,861.1115,-0.0031608245,84.57019319477331,29.0,S_1396
2024-05-13 12:26:21,-48.254913,18.107224,-35.607033,93.756096,861.12256,-0.0033126639,74.65637308488294,29.0,S_1396
2024-05-13 12:26:22,-48.19315,18.107422,-35.55108,93.735115,861.117,-0.0047165332,56.35949040624109,29.0,S_1396
2024-05-13 12:26:23,-48.13138,18.107605,-35.49513,93.72112,861.05035,-0.0040701004,41.37464420047036,29.0,S_1396
2024-05-13 12:26:24,-48.0696,18.107803,-35.439175,93.70014,860.9596,-0.003443179,28.509389970757184,29.0,S_1396
2024-05-13 12:26:25,-48.007812,18.107986,-35.37623,93.68616,860.90405,-0.0032619024,20.153785870799766,29.0,S_1396
2024-05-13 12:26:26,-47.94602,18.108185,-35.320274,93.66517,860.90216,-0.0034169639,7.461133498174604,29.0,S_1396
2024-05-13 12:26:27,-47.884212,18.108368,-35.257328,93.651184,860.9281,-0.0033845422,1.3938104806256888,29.0,S_1396
2024-05-13 12:26:28,-47.8224,18.108551,-35.20837,93.63719,860.9393,-0.003392116,-10.617667403792439,29.0,S_1396
2024-05-13 12:26:29,-47.76058,18.108734,-35.152416,93.61621,860.8874,-0.0046185404,-31.86103760725382,29.0,S_1396
2024-05-13 12:26:30,-47.69875,18.108917,-35.08947,93.60223,860.77814,-0.004493242,-51.603559331648285,29.0,S_1396
2024-05-13 12:26:31,-47.636913,18.109116,-35.026524,93.581245,860.70404,-0.0046259486,-64.49532956517942,29.0,S_1396
2024-05-13 12:26:32,-47.575066,18.109299,-34.977562,93.56725,860.70404,-0.0032639187,-75.69840511467191,29.0,S_1396
2024-05-13 12:26:33,-47.513214,18.109482,-34.92161,93.54627,860.7355,-0.0032516145,-87.26617577249999,29.0,S_1396
2024-05-13 12:26:34,-47.45135,18.109665,-34.85866,93.53228,860.75586,-0.003256661,-98.08407254974009,29.0,S_1396
2024-05-13 12:26:35,-47.38948,18.109848,-34.795715,93.5113,860.7299,-0.0032431323,-105.74583043176972,29.0,S_1396
2024-05-13 12:26:36,-47.3276,18.110016,-34.73976,93.497314,860.6374,-0.003227043,-115.34946880012285,29.0,S_1396
2024-05-13 12:26:37,-47.265713,18.110199,-34.68381,93.47633,860.53735,-0.0032148142,-124.23453453251204,29.0,S_1396
2024-05-13 12:26:38,-47.203815,18.110382,-34.627857,93.46234,860.504,-0.0031841702,-135.94593859452652,29.0,S_1396
2024-05-13 12:26:39,-47.141914,18.110565,-34.56491,93.44136,860.52435,-0.0031523681,-143.5688250884632,29.0,S_1396
2024-05-13 12:26:40,-47.08,18.110748,-34.508957,93.42038,860.54663,-0.0031770598,-152.2343989694673,29.0,S_1396
2024-05-13 12:26:41,-47.018078,18.110916,-34.453003,93.40639,860.5336,-0.0031649354,-160.96102343623716,29.0,S_1396
2024-05-13 12:26:42,-46.95615,18.1111,-34.397053,93.3924,860.46515,-0.0031528356,-170.127992640897,29.0,S_1396
2024-05-13 12:26:43,-46.894215,18.111267,-34.3411,93.37142,860.3744,-0.0031002543,-180.68701834308376,29.0,S_1396
2024-05-13 12:26:44,-46.832268,18.11145,-34.278152,93.35743,860.3188,-0.003123623,-188.29669224041572,29.0,S_1396
2024-05-13 12:26:45,-46.770313,18.111618,-34.2222,93.33645,860.3188,-0.003075042,-198.6900256563531,29.0,S_1396
2024-05-13 12:26:46,-46.70835,18.111801,-34.159252,93.322464,860.3447,-0.0030618962,-203.09910910233884,29.0,S_1396
2024-05-13 12:26:47,-46.646378,18.111969,-34.110294,93.30847,860.3559,-0.0028861717,-211.94756525007324,29.0,S_1396
2024-05-13 12:26:48,-46.5844,18.112152,-34.05434,93.28749,860.3021,-0.0027458959,-220.42263089801781,29.0,S_1396
2024-05-13 12:26:49,-46.52241,18.11232,-33.991394,93.26651,860.1929,-0.0025682359,-225.86654800875476,29.0,S_1396
2024-05-13 12:26:50,-46.46042,18.112488,-33.928448,93.25252,860.1225,-0.002390885,-230.53975406346945,29.0,S_1396
2024-05-13 12:26:51,-46.39841,18.112656,-33.865498,93.23154,860.12616,-0.0020272736,-230.61289075767854,29.0,S_1396
2024-05-13 12:26:52,-46.3364,18.112823,-33.809547,93.21755,860.141,-0.0021805717,-233.17461793172333,29.0,S_1396
2024-05-13 12:26:53,-46.27438,18.113007,-33.753593,93.20356,860.1373,-0.002023213,-235.07472133270858,29.0,S_1396
2024-05-13 12:26:54,-46.21235,18.113174,-33.69764,93.18258,860.1373,-0.0020121625,-236.44977595630917,29.0,S_1396
2024-05-13 12:26:55,-46.150314,18.113342,-33.641685,93.16859,860.1558,-0.0020011407,-238.21904645233735,29.0,S_1396
2024-05-13 12:26:56,-46.08827,18.11351,-33.585735,93.147606,860.1448,-0.0019901393,-240.98256180747921,29.0,S_1396
2024-05-13 12:26:57,-46.026215,18.113663,-33.52279,93.13362,860.0577,-0.0016322536,-238.7273494210349,29.0,S_1396
2024-05-13 12:26:58,-45.96415,18.11383,-33.466835,93.11963,859.95215,-0.001639531,-238.16606135091206,29.0,S_1396
2024-05-13 12:26:59,-45.90208,18.113998,-33.41088,93.09865,859.92065,-0.0014294051,-235.87873215567015,29.0,S_1396
2024-05-13 12:27:00,-45.84,18.114166,-33.354927,93.08466,859.941,-0.0014329188,-234.84024203100853,29.0,S_1396
2024-05-13 12:27:01,-45.777832,18.114334,-33.29198,93.07067,859.96326,-0.0017301897,-233.51989904052243,29.0,S_1396
2024-05-13 12:27:02,-45.715656,18.114502,-33.23603,93.04969,859.95026,-0.0017552174,-234.65622158607584,29.0,S_1396
2024-05-13 12:27:03,-45.653477,18.11467,-33.17308,93.0357,859.8799,-0.0015802573,-232.37541346416037,29.0,S_1396
2024-05-13 12:27:04,-45.59129,18.114822,-33.11713,93.01472,859.791,-0.001732739,-232.04682307028634,29.0,S_1396
2024-05-13 12:27:05,-45.5291,18.11499,-33.061176,93.00073,859.7354,-0.001884992,-234.53284457024347,29.0,S_1396
2024-05-13 12:27:06,-45.4669,18.115158,-32.99823,92.97975,859.7336,-0.0018731154,-233.74282620184022,29.0,S_1396
2024-05-13 12:27:07,-45.404697,18.11531,-32.942276,92.96576,859.7595,-0.0015371927,-232.3216934730226,29.0,S_1396
2024-05-13 12:27:08,-45.342487,18.115479,-32.886322,92.951775,859.7725,-0.0016892722,-232.15273332119978,29.0,S_1396
2024-05-13 12:27:09,-45.280273,18.115631,-32.83037,92.93079,859.71875,-0.0015124411,-231.61157480988913,29.0,S_1396
2024-05-13 12:27:10,-45.218056,18.115799,-32.76742,92.9168,859.6114,-0.0016631908,-229.64623748630765,29.0,S_1396
2024-05-13 12:27:11,-45.15583,18.115952,-32.71147,92.90282,859.53723,-0.0018148368,-230.31771594941893,29.0,S_1396
2024-05-13 12:27:12,-45.0936,18.116104,-32.655518,92.88183,859.53546,-0.0016423014,-229.46840562094803,29.0,S_1396
2024-05-13 12:27:13,-45.031364,18.116272,-32.599564,92.86784,859.56696,-0.0018112914,-230.12904444000742,29.0,S_1396
2024-05-13 12:27:14,-44.96912,18.116425,-32.54361,92.84686,859.5891,-0.0016215271,-229.16081522768945,29.0,S_1396
2024-05-13 12:27:15,-44.906876,18.116577,-32.48766,92.83287,859.5632,-0.0014495897,-228.5572896595222,29.0,S_1396
2024-05-13 12:27:16,-44.84462,18.11673,-32.424713,92.81189,859.46875,-0.0014557508,-225.19443867822338,29.0,S_1396
2024-05-13 12:27:17,-44.782364,18.116882,-32.36876,92.797905,859.3688,-0.0014415949,-224.3289376219327,29.0,S_1396
2024-05-13 12:27:18,-44.7201,18.117035,-32.305813,92.78391,859.3373,-0.0015915033,-223.42032835290593,29.0,S_1396
2024-05-13 12:27:19,-44.65783,18.117188,-32.242863,92.76293,859.3558,-0.0014016505,-219.73647583965794,29.0,S_1396
2024-05-13 12:27:20,-44.595554,18.11734,-32.186913,92.74894,859.378,-0.0017134197,-218.2236495553043,29.0,S_1396
2024-05-13 12:27:21,-44.533276,18.117493,-32.137955,92.734955,859.36505,-0.0013826306,-217.5025228526756,29.0,S_1396
2024-05-13 12:27:22,-44.47099,18.117645,-32.082,92.713974,859.2947,-0.0012119369,-214.91208468554396,29.0,S_1396
2024-05-13 12:27:23,-44.408695,18.117798,-32.019054,92.69998,859.20575,-0.0013614984,-211.3606837447296,29.0,S_1396
2024-05-13 12:27:24,-44.346397,18.117935,-31.9631,92.679,859.15393,-0.0011911241,-208.6362803751581,29.0,S_1396
2024-05-13 12:27:25,-44.284096,18.118088,-31.900152,92.665016,859.15765,-0.0013404863,-204.9633139935504,29.0,S_1396
2024-05-13 12:27:26,-44.221786,18.11824,-31.8442,92.64403,859.1669,-0.0013265775,-202.20631292367034,29.0,S_1396
2024-05-13 12:27:27,-44.159473,18.118378,-31.788248,92.63004,859.1632,-0.0011566841,-198.50302895482673,29.0,S_1396
2024-05-13 12:27:28,-44.097153,18.11853,-31.732294,92.61606,859.1724,-0.0016265705,-199.27298435935882,29.0,S_1396
2024-05-13 12:27:29,-44.03483,18.118668,-31.669348,92.59507,859.18353,-0.0012959042,-194.99404122413398,29.0,S_1396
2024-05-13 12:27:30,-43.9725,18.11882,-31.613394,92.581085,859.13727,-0.0014285743,-194.1216863985719,29.0,S_1396
2024-05-13 12:27:31,-43.910164,18.118958,-31.550447,92.56709,859.0298,-0.0011157716,-189.8588788550005,29.0,S_1396
2024-05-13 12:27:32,-43.84782,18.119095,-31.487501,92.54611,858.9502,-0.000962828,-183.49030911975933,29.0,S_1396
2024-05-13 12:27:33,-43.785473,18.119247,-31.431547,92.53213,858.9391,-0.0009362869,-178.42859506585228,29.0,S_1396
2024-05-13 12:27:34,-43.72312,18.119385,-31.375595,92.518135,858.96686,-0.0010859505,-174.3231589113384,29.0,S_1396
2024-05-13 12:27:35,-43.660763,18.119522,-31.319641,92.50415,858.9946,-0.0010723986,-169.53603800521887,29.0,S_1396
2024-05-13 12:27:36,-43.5984,18.11966,-31.270683,92.48317,858.978,-0.0010639699,-167.33194181935687,29.0,S_1396
2024-05-13 12:27:37,-43.53603,18.119797,-31.207735,92.46918,858.88727,-0.0010534121,-162.4975973380242,29.0,S_1396
2024-05-13 12:27:38,-43.473656,18.119934,-31.144789,92.45519,858.7854,-0.0010429191,-156.98509202948844,29.0,S_1396
2024-05-13 12:27:39,-43.411274,18.120071,-31.088837,92.434204,858.752,-0.0010166031,-151.58148871067533,29.0,S_1396
2024-05-13 12:27:40,-43.34889,18.120209,-31.039877,92.42022,858.7724,-0.0010251815,-149.406441053663,29.0,S_1396
2024-05-13 12:27:41,-43.286495,18.120346,-30.97693,92.39924,858.7946,-0.0009978963,-144.08542322658104,29.0,S_1396
2024-05-13 12:27:42,-43.2241,18.120483,-30.913982,92.38525,858.7817,-0.0010043831,-138.17649228048685,29.0,S_1396
2024-05-13 12:27:43,-43.161697,18.12062,-30.85803,92.37126,858.7113,-0.001136111,-134.44907771833823,29.0,S_1396
2024-05-13 12:27:44,-43.09929,18.120743,-30.802076,92.35727,858.62054,-0.0009649809,-129.8091928223257,29.0,S_1396
2024-05-13 12:27:45,-43.036873,18.12088,-30.746124,92.33629,858.5705,-0.0010965612,-126.55505452618672,29.0,S_1396
2024-05-13 12:27:46,-42.974453,18.121017,-30.683178,92.3223,858.5724,-0.00108621,-121.19576754112131,29.0,S_1396
2024-05-13 12:27:47,-42.91203,18.12114,-30.627224,92.30831,858.5835,-0.0010769356,-117.3064492421654,29.0,S_1396
2024-05-13 12:27:48,-42.849598,18.121277,-30.571272,92.28733,858.57983,-0.00092723087,-112.16491554878303,29.0,S_1396
2024-05-13 12:27:49,-42.787163,18.121399,-30.515318,92.273346,858.5854,-0.0007444794,-106.5558951861749,29.0,S_1396
2024-05-13 12:27:50,-42.72472,18.121536,-30.452372,92.25935,858.5946,-0.00089137326,-100.80622003529788,29.0,S_1396
2024-05-13 12:27:51,-42.662273,18.121658,-30.389425,92.23837,858.5613,-0.00072462315,-93.06882485513052,29.0,S_1396
2024-05-13 12:27:52,-42.59982,18.12178,-30.333471,92.22439,858.47424,-0.0007157743,-86.73282934822419,29.0,S_1396
2024-05-13 12:27:53,-42.53736,18.121918,-30.27752,92.210396,858.3946,-0.0008261923,-81.10438797231473,29.0,S_1396
2024-05-13 12:27:54,-42.4749,18.12204,-30.221565,92.19641,858.3668,-0.00081730506,-76.17551993298548,29.0,S_1396
2024-05-13 12:27:55,-42.41243,18.122162,-30.158619,92.17542,858.3835,-0.0009470754,-69.88023761383374,29.0,S_1396
2024-05-13 12:27:56,-42.349953,18.122284,-30.102665,92.16144,858.4076,-0.0007821197,-63.99157701991862,29.0,S_1396
2024-05-13 12:27:57,-42.28747,18.122406,-30.046713,92.147446,858.3946,-0.0009456657,-59.31499191441981,29.0,S_1396
2024-05-13 12:27:58,-42.224987,18.122528,-29.99076,92.126465,858.30383,-0.0009038918,-54.78047099192554,29.0,S_1396
2024-05-13 12:27:59,-42.162495,18.12265,-29.927813,92.11248,858.202,-0.0007712783,-47.65492969546176,29.0,S_1396
2024-05-13 12:28:00,-42.1,18.122772,-29.87186,92.0915,858.1668,-0.0012124947,-44.40728111324279,29.0,S_1396
2024-05-13 12:28:01,-42.037743,18.122894,-29.815907,92.07751,858.1872,-0.0007538883,-38.37214190695886,29.0,S_1396
2024-05-13 12:28:02,-41.97547,18.123016,-29.759954,92.06352,858.2186,-0.00047980784,-30.968346336259856,29.0,S_1396
2024-05-13 12:28:03,-41.913185,18.123138,-29.697006,92.04953,858.2205,-0.00060910406,-23.265423678793013,29.0,S_1396
2024-05-13 12:28:04,-41.850887,18.12326,-29.63406,92.02855,858.15936,-0.00075447676,-15.81650248308506,29.0,S_1396
2024-05-13 12:28:05,-41.788574,18.123367,-29.578108,92.014565,858.052,-0.00074586587,-9.758704091167601,29.0,S_1396
2024-05-13 12:28:06,-41.72625,18.12349,-29.522154,92.00057,857.97974,-0.00090809143,-4.898765178000758,29.0,S_1396
2024-05-13 12:28:07,-41.66391,18.123611,-29.466202,91.97959,857.97974,-0.0011758241,-2.3593550202058395,29.0,S_1396
2024-05-13 12:28:08,-41.601555,18.123718,-29.403254,91.9656,858.0094,-0.0011659041,2.330227903185005,29.0,S_1396
2024-05-13 12:28:09,-41.539185,18.12384,-29.347301,91.951614,858.0205,-0.0011569982,5.543996498177876,29.0,S_1396
2024-05-13 12:28:10,-41.476803,18.123947,-29.29135,91.93063,857.9686,-0.001148118,9.257782314420183,29.0,S_1396
2024-05-13 12:28:11,-41.41441,18.12407,-29.235395,91.92364,857.8612,-0.0011231591,11.73093432513997,29.0,S_1396
2024-05-13 12:28:12,-41.351997,18.124176,-29.17245,91.90266,857.78156,-0.0010931325,16.968163543002447,29.0,S_1396
2024-05-13 12:28:13,-41.289574,18.124298,-29.116495,91.888664,857.77045,-0.0010683414,20.733624966815114,29.0,S_1396
2024-05-13 12:28:14,-41.22714,18.124405,-29.060543,91.86768,857.7983,-0.0010917282,23.822942675386003,29.0,S_1396
2024-05-13 12:28:15,-41.16469,18.124512,-28.997595,91.8537,857.826,-0.0012351878,28.019634809443232,29.0,S_1396
2024-05-13 12:28:16,-41.102222,18.124619,-28.941643,91.83971,857.81116,-0.0012103663,31.054843274931045,29.0,S_1396
2024-05-13 12:28:17,-41.03974,18.124725,-28.88569,91.82572,857.7186,-0.001370407,33.066433555861295,29.0,S_1396
2024-05-13 12:28:18,-40.97725,18.124832,-28.829737,91.81173,857.61676,-0.0019404561,29.664577988074598,29.0,S_1396
2024-05-13 12:28:19,-40.91474,18.124939,-28.76679,91.79075,857.589,-0.0019300735,29.53274888179658,29.0,S_1396
2024-05-13 12:28:20,-40.852222,18.125046,-28.710836,91.776764,857.60565,-0.0019206547,26.572189000755316,29.0,S_1396
2024-05-13 12:28:21,-40.78969,18.125153,-28.64789,91.76277,857.6112,-0.0019103135,26.435675034746964,29.0,S_1396
2024-05-13 12:28:22,-40.72714,18.12526,-28.591938,91.74879,857.60565,-0.0019009471,24.69812537148755,29.0,S_1396
2024-05-13 12:28:23,-40.664577,18.125366,-28.535984,91.727806,857.61487,-0.0018874126,22.067874964657676,29.0,S_1396
2024-05-13 12:28:24,-40.602,18.125473,-28.473038,91.71381,857.62787,-0.0020288632,21.154957938470034,29.0,S_1396
2024-05-13 12:28:25,-40.53941,18.125565,-28.417084,91.69983,857.5797,-0.0021709653,18.027641109325486,29.0,S_1396
2024-05-13 12:28:26,-40.476807,18.125671,-28.361132,91.68584,857.47046,-0.0021614158,14.953913731220382,29.0,S_1396
2024-05-13 12:28:27,-40.41419,18.125778,-28.305178,91.67185,857.39636,-0.002151872,9.94906264983365,29.0,S_1396
2024-05-13 12:28:28,-40.351555,18.12587,-28.242231,91.65086,857.39636,-0.0021414293,8.404662199904124,29.0,S_1396
2024-05-13 12:28:29,-40.28891,18.125961,-28.18628,91.63688,857.42413,-0.0021162592,5.597108252502949,29.0,S_1396
2024-05-13 12:28:30,-40.22625,18.126068,-28.130325,91.622894,857.4316,-0.002424083,0.3833572168259707,29.0,S_1396
2024-05-13 12:28:31,-40.163578,18.12616,-28.074373,91.601906,857.3908,-0.0023788814,-5.797967540067475,29.0,S_1396
2024-05-13 12:28:32,-40.100887,18.126251,-28.011425,91.58792,857.3056,-0.002534382,-11.906036945507367,29.0,S_1396
2024-05-13 12:28:33,-40.03819,18.126358,-27.948479,91.57393,857.226,-0.0022073858,0.0,29.0,S_1396
