datetime,mlat,mlt,glat,glon,alt,Ex,pot,cpcp_kV,pass_id
2024-05-13 21:16:06,40.024147,18.679474,36.019688,308.63626,843.01,9.755194e-05,0.6180965748017199,20.0,N_609
2024-05-13 21:16:07,40.094772,18.678925,36.075638,308.62225,843.01,0.000105431965,-7.929799595303859,20.0,N_609
2024-05-13 21:16:08,40.165375,18.678375,36.13159,308.6013,843.01,0.00011605398,-16.54197849546596,20.0,N_609
2024-05-13 21:16:09,40.235962,18.67781,36.19454,308.58728,843.01,0.00012493783,-26.057726146532207,20.0,N_609
2024-05-13 21:16:10,40.306526,18.677261,36.250492,308.5663,843.01,0.00025488393,-33.65123422618011,20.0,N_609
2024-05-13 21:16:11,40.37707,18.676697,36.31344,308.54532,843.0082,0.00014187332,-43.29375021744991,20.0,N_609
2024-05-13 21:16:12,40.447598,18.676132,36.369392,308.53134,843.01,0.00014992514,-51.56635838370379,20.0,N_609
2024-05-13 21:16:13,40.518105,18.675568,36.425346,308.51736,843.01556,0.00028053572,-58.7611487768321,20.0,N_609
2024-05-13 21:16:14,40.588593,18.675003,36.488293,308.49637,843.01,0.00016708029,-68.21533376362677,20.0,N_609
2024-05-13 21:16:15,40.65906,18.674438,36.544243,308.4754,842.9915,-6.7855755e-05,-78.0846908399255,20.0,N_609
2024-05-13 21:16:16,40.729507,18.673874,36.600197,308.4614,843.0063,-6.004041e-05,-87.69672552332375,20.0,N_609
2024-05-13 21:16:17,40.79994,18.67331,36.65615,308.44043,843.09705,7.108138e-05,-96.63215183455071,20.0,N_609
2024-05-13 21:16:18,40.870346,18.672745,36.719097,308.42642,843.1989,-4.334504e-05,-107.23315564513629,20.0,N_609
2024-05-13 21:16:19,40.94074,18.672165,36.77505,308.40546,843.23224,-3.542297e-05,-116.92779396606912,20.0,N_609
2024-05-13 21:16:20,41.01111,18.6716,36.837997,308.38446,843.2174,-2.6500566e-05,-127.61305381271931,20.0,N_609
2024-05-13 21:16:21,41.08146,18.67102,36.886955,308.37048,843.1989,-1.9483618e-05,-135.86089106491806,20.0,N_609
2024-05-13 21:16:22,41.15179,18.67044,36.94291,308.3495,843.2008,0.000115457005,-144.56972022578745,20.0,N_609
2024-05-13 21:16:23,41.222103,18.669876,36.998863,308.3355,843.2063,0.00012369969,-152.89317013395214,20.0,N_609
2024-05-13 21:16:24,41.292397,18.669296,37.06181,308.3145,843.2045,8.3849445e-06,-163.36851182902492,20.0,N_609
2024-05-13 21:16:25,41.36267,18.668716,37.124756,308.29355,843.2045,3.6785255e-05,-173.63719822238522,20.0,N_609
2024-05-13 21:16:26,41.432926,18.668121,37.187702,308.27255,843.2045,-9.829021e-05,-184.79501948615385,20.0,N_609
2024-05-13 21:16:27,41.50316,18.667542,37.243656,308.25858,843.2045,3.4847726e-05,-193.79071362627263,20.0,N_609
2024-05-13 21:16:28,41.573376,18.666962,37.29961,308.24457,843.2045,4.3083674e-05,-202.7612676806665,20.0,N_609
2024-05-13 21:16:29,41.64357,18.666382,37.348568,308.2236,843.2045,-0.00015942671,-212.13318890008088,20.0,N_609
2024-05-13 21:16:30,41.71375,18.665787,37.404522,308.2026,843.2045,-0.00018997569,-222.94404264351164,20.0,N_609
2024-05-13 21:16:31,41.783905,18.665207,37.46747,308.18164,843.2045,-0.00026843342,-235.1764237934622,20.0,N_609
2024-05-13 21:16:32,41.854042,18.664612,37.523422,308.16763,843.2045,-0.00029904657,-246.5131593753564,20.0,N_609
2024-05-13 21:16:33,41.92416,18.664017,37.58637,308.15366,843.2045,-0.00025179377,-258.6444281691208,20.0,N_609
2024-05-13 21:16:34,41.99426,18.663422,37.649315,308.1327,843.2045,-0.00026209658,-270.8735128752659,20.0,N_609
2024-05-13 21:16:35,42.06434,18.662827,37.70527,308.1117,843.2045,-0.00023500583,-281.83091554386976,20.0,N_609
2024-05-13 21:16:36,42.1344,18.662231,37.76122,308.0907,843.2045,-0.00026265677,-292.9280449531258,20.0,N_609
2024-05-13 21:16:37,42.204437,18.661636,37.817173,308.07672,843.2045,-0.00021636329,-303.7041286768801,20.0,N_609
2024-05-13 21:16:38,42.27446,18.661041,37.88012,308.05576,843.20264,-0.0002455973,-315.82423068632676,20.0,N_609
2024-05-13 21:16:39,42.34446,18.66043,37.936073,308.03476,843.2045,-0.00019928093,-326.67131166547284,20.0,N_609
2024-05-13 21:16:40,42.41444,18.659836,37.99902,308.02078,843.2101,-0.00019016968,-338.21082687353106,20.0,N_609
2024-05-13 21:16:41,42.484406,18.659225,38.054974,307.9998,843.21185,-0.00018204766,-348.79529655728794,20.0,N_609
2024-05-13 21:16:42,42.554348,18.65863,38.110928,307.9858,843.19525,-0.00017389239,-359.00393690812604,20.0,N_609
2024-05-13 21:16:43,42.62427,18.65802,38.159885,307.9648,843.18414,-0.0001449359,-368.3855254269562,20.0,N_609
2024-05-13 21:16:44,42.694176,18.65741,38.22283,307.94385,843.2397,-0.00013568734,-379.79019253854085,20.0,N_609
2024-05-13 21:16:45,42.76406,18.6568,38.278786,307.92285,843.34894,-0.00040345374,-392.0830831323943,20.0,N_609
2024-05-13 21:16:46,42.833923,18.656189,38.341732,307.90887,843.4174,-0.0003754359,-405.0995804051199,20.0,N_609
2024-05-13 21:16:47,42.90377,18.655579,38.40468,307.88788,843.4119,-0.00038545727,-418.0647370516324,20.0,N_609
2024-05-13 21:16:48,42.9736,18.654968,38.460632,307.8739,843.3934,-0.00035842793,-429.86233999907586,20.0,N_609
2024-05-13 21:16:49,43.043404,18.654358,38.52358,307.8529,843.3934,-0.00022014267,-441.8116042654162,20.0,N_609
2024-05-13 21:16:50,43.113194,18.653732,38.579533,307.83194,843.3989,-0.00020916674,-452.43766710276157,20.0,N_609
2024-05-13 21:16:51,43.18296,18.653122,38.62849,307.81094,843.4008,-0.00033150014,-462.86757161153446,20.0,N_609
2024-05-13 21:16:52,43.25271,18.652496,38.684444,307.79697,843.3989,-0.00032336116,-474.4089482800648,20.0,N_609
2024-05-13 21:16:53,43.322437,18.651886,38.74739,307.77597,843.3989,-0.00044404168,-487.8054091420694,20.0,N_609
2024-05-13 21:16:54,43.392147,18.65126,38.803345,307.755,843.3989,-0.00043601004,-500.0531250187047,20.0,N_609
2024-05-13 21:16:55,43.461838,18.650635,38.859295,307.734,843.3989,-0.00029493566,-511.34505490169994,20.0,N_609
2024-05-13 21:16:56,43.53151,18.65001,38.91525,307.72003,843.3989,-0.00041710955,-523.5609382973792,20.0,N_609
2024-05-13 21:16:57,43.60116,18.649384,38.978195,307.69904,843.3989,-0.00040789676,-536.6621709664997,20.0,N_609
2024-05-13 21:16:58,43.67079,18.648758,39.03415,307.68506,843.3989,-0.00039972106,-548.7517801296879,20.0,N_609
2024-05-13 21:16:59,43.740406,18.648117,39.097095,307.66406,843.3989,-0.00039042783,-561.7968249595283,20.0,N_609
2024-05-13 21:17:00,43.809998,18.647491,39.15305,307.6431,843.3989,-0.00051334203,-574.5409212480706,20.0,N_609
2024-05-13 21:17:01,43.87949,18.646866,39.209003,307.6221,843.3989,-0.0003738976,-586.6150676907451,20.0,N_609
2024-05-13 21:17:02,43.948963,18.64624,39.27195,307.60812,843.3989,-0.00062753155,-600.9721225606676,20.0,N_609
2024-05-13 21:17:03,44.01842,18.645615,39.327904,307.58713,843.3989,-0.0004851023,-613.5315795782855,20.0,N_609
2024-05-13 21:17:04,44.087864,18.644989,39.383854,307.56616,843.3989,-0.00060876657,-626.8897206737349,20.0,N_609
2024-05-13 21:17:05,44.15729,18.644363,39.439808,307.54517,843.4008,-0.0006006933,-640.5700595935255,20.0,N_609
2024-05-13 21:17:06,44.2267,18.643723,39.502754,307.5312,843.40265,-0.0005914849,-654.6905553569576,20.0,N_609
2024-05-13 21:17:07,44.29609,18.643097,39.55871,307.5102,843.3934,-0.0007157457,-668.739396622538,20.0,N_609
2024-05-13 21:17:08,44.365463,18.642456,39.614662,307.48923,843.38416,-0.00057515834,-681.8773933537423,20.0,N_609
2024-05-13 21:17:09,44.434822,18.641815,39.670612,307.46823,843.42487,-0.0006969667,-696.2374030116257,20.0,N_609
2024-05-13 21:17:10,44.504166,18.641174,39.73356,307.45425,843.51373,-0.0006877768,-711.492973587554,20.0,N_609
2024-05-13 21:17:11,44.57349,18.640533,39.79651,307.43326,843.58966,-0.0006785456,-726.3926886642996,20.0,N_609
2024-05-13 21:17:12,44.6428,18.639893,39.85246,307.4123,843.6083,-0.0006703896,-740.1429341852261,20.0,N_609
2024-05-13 21:17:13,44.71209,18.639252,39.908413,307.3913,843.5953,-0.0006621997,-753.7482363721646,20.0,N_609
2024-05-13 21:17:14,44.781364,18.63861,39.964367,307.37732,843.58966,-0.0006539708,-767.6622218771072,20.0,N_609
2024-05-13 21:17:15,44.850624,18.637955,40.027313,307.35632,843.59344,-0.00064457976,-782.338426325989,20.0,N_609
2024-05-13 21:17:16,44.919865,18.637314,40.083267,307.33536,843.5953,-0.0006335472,-795.8474259375683,20.0,N_609
2024-05-13 21:17:17,44.98909,18.636658,40.139217,307.31436,843.59344,-0.0006252098,-809.30197434075,20.0,N_609
2024-05-13 21:17:18,45.0583,18.636002,40.19517,307.2934,843.59344,-0.000616836,-822.6162789944785,20.0,N_609
2024-05-13 21:17:19,45.12749,18.635345,40.251125,307.2794,843.59344,-0.00060842576,-835.74217469415,20.0,N_609
2024-05-13 21:17:20,45.196667,18.63469,40.30708,307.25842,843.59344,-0.0005999816,-849.4809623601625,20.0,N_609
2024-05-13 21:17:21,45.265823,18.634033,40.370026,307.23743,843.59344,-0.00059035723,-864.2438529677247,20.0,N_609
2024-05-13 21:17:22,45.334965,18.633377,40.432972,307.21646,843.59344,-0.00057795586,-878.402951991865,20.0,N_609
2024-05-13 21:17:23,45.40409,18.632706,40.488926,307.20245,843.59344,-0.0005693968,-891.700581939065,20.0,N_609
2024-05-13 21:17:24,45.473198,18.63205,40.551872,307.1815,843.59344,-0.00055964885,-905.4032766838826,20.0,N_609
2024-05-13 21:17:25,45.54229,18.631378,40.60083,307.1605,843.59344,-0.00055217295,-917.2852076350508,20.0,N_609
2024-05-13 21:17:26,45.611366,18.630707,40.656784,307.13953,843.59344,-0.0005435073,-930.5452911639027,20.0,N_609
2024-05-13 21:17:27,45.680424,18.630035,40.71973,307.12552,843.59344,-0.0006510528,-945.5223019324476,20.0,N_609
2024-05-13 21:17:28,45.749466,18.629364,40.782677,307.10455,843.59344,-0.00065988203,-960.2849317971773,20.0,N_609
2024-05-13 21:17:29,45.818493,18.628693,40.83863,307.08356,843.59155,-0.00078484975,-974.7609595225257,20.0,N_609
2024-05-13 21:17:30,45.8875,18.628021,40.894585,307.0626,843.59344,-0.00073933206,-988.9413235065629,20.0,N_609
2024-05-13 21:17:31,45.95649,18.62735,40.950535,307.0416,843.59894,-0.0007493605,-1003.1862934532218,20.0,N_609
2024-05-13 21:17:32,46.025467,18.626663,41.00649,307.0206,843.5953,-0.0008591547,-1018.1397534004955,20.0,N_609
2024-05-13 21:17:33,46.094425,18.625992,41.062443,306.99963,843.5749,-0.00086925837,-1033.809363231185,20.0,N_609
2024-05-13 21:17:34,46.16337,18.625305,41.12539,306.97864,843.58966,-0.00058257027,-1047.9887743188137,20.0,N_609
2024-05-13 21:17:35,46.232292,18.624619,41.181343,306.96466,843.6823,-0.00084843516,-1062.6511025771108,20.0,N_609
2024-05-13 21:17:36,46.3012,18.623932,41.237293,306.94366,843.7842,-0.00085837825,-1077.5949518958998,20.0,N_609
2024-05-13 21:17:37,46.37009,18.623245,41.293247,306.9227,843.81006,-0.00083137944,-1092.9876153500359,20.0,N_609
2024-05-13 21:17:38,46.43897,18.622559,41.356194,306.9017,843.78973,-0.0008216061,-1108.7853049260048,20.0,N_609
2024-05-13 21:17:39,46.507824,18.621872,41.412148,306.88074,843.78046,-0.0007761534,-1123.1953810862242,20.0,N_609
2024-05-13 21:17:40,46.576668,18.62117,41.4681,306.85974,843.7842,-0.0009213739,-1139.2343039533969,20.0,N_609
2024-05-13 21:17:41,46.645493,18.620483,41.531048,306.83878,843.78973,-0.00075491,-1154.5976331336242,20.0,N_609
2024-05-13 21:17:42,46.714302,18.619781,41.587,306.81778,843.78973,-0.00090310804,-1170.3956888191044,20.0,N_609
2024-05-13 21:17:43,46.783092,18.61908,41.64995,306.8038,843.7879,-0.0008749458,-1185.6629876728525,20.0,N_609
2024-05-13 21:17:44,46.851868,18.618393,41.698906,306.7828,843.7879,-0.0010247631,-1201.3499270606087,20.0,N_609
2024-05-13 21:17:45,46.920624,18.617691,41.761852,306.76184,843.7879,-0.0010150578,-1218.388605078747,20.0,N_609
2024-05-13 21:17:46,46.98937,18.61699,41.817806,306.74084,843.7879,-0.0009854521,-1234.8831514329154,20.0,N_609
2024-05-13 21:17:47,47.058094,18.616272,41.880753,306.71988,843.7879,-0.00083631044,-1250.1429488983852,20.0,N_609
2024-05-13 21:17:48,47.1268,18.61557,41.92971,306.69888,843.7879,-0.0011261464,-1266.5578316159995,20.0,N_609
2024-05-13 21:17:49,47.19549,18.614868,41.99266,306.6779,843.7879,-0.00095845095,-1283.101158390989,20.0,N_609
2024-05-13 21:17:50,47.264168,18.614151,42.04861,306.6639,843.7879,-0.001089651,-1300.1237477830496,20.0,N_609
2024-05-13 21:17:51,47.332825,18.613434,42.11156,306.64294,843.7879,-0.0010798832,-1317.5738912800823,20.0,N_609
2024-05-13 21:17:52,47.401466,18.612732,42.16751,306.62195,843.7879,-0.0010685646,-1334.0488713218024,20.0,N_609
2024-05-13 21:17:53,47.470093,18.612015,42.223465,306.59396,843.7879,-0.0010599501,-1351.1667554151368,20.0,N_609
2024-05-13 21:17:54,47.5387,18.611298,42.28641,306.58,843.7879,-0.0010500589,-1368.2031140632243,20.0,N_609
2024-05-13 21:17:55,47.607292,18.610565,42.342365,306.559,843.7879,-0.0010413703,-1384.3083069023933,20.0,N_609
2024-05-13 21:17:56,47.67587,18.609848,42.39832,306.53802,843.79346,-0.0010326444,-1400.3554311766381,20.0,N_609
2024-05-13 21:17:57,47.744427,18.60913,42.45427,306.51703,843.78973,-0.00088010967,-1415.4175310522062,20.0,N_609
2024-05-13 21:17:58,47.812965,18.608398,42.510223,306.49606,843.7675,-0.0010123403,-1431.3318716986937,20.0,N_609
2024-05-13 21:17:59,47.881493,18.607681,42.566177,306.47507,843.7638,-0.0010035038,-1447.9426611966753,20.0,N_609
2024-05-13 21:18:00,47.95,18.606949,42.629124,306.4541,843.82495,-0.0009933746,-1464.8233609927174,20.0,N_609
2024-05-13 21:18:01,48.018658,18.606232,42.685078,306.4331,843.9342,-0.0009844683,-1481.2948063182848,20.0,N_609
2024-05-13 21:18:02,48.087288,18.605515,42.748024,306.41214,844.00085,-0.0009742649,-1497.3234925841812,20.0,N_609
2024-05-13 21:18:03,48.1559,18.604797,42.79698,306.39114,843.9953,-0.0009638026,-1512.5531546693517,20.0,N_609
2024-05-13 21:18:04,48.22449,18.604065,42.85993,306.37015,843.97864,-0.0009535194,-1529.1721284271227,20.0,N_609
2024-05-13 21:18:05,48.293056,18.603348,42.915882,306.34918,843.9805,-0.0009444635,-1545.3507079455308,20.0,N_609
2024-05-13 21:18:06,48.3616,18.602615,42.97883,306.3282,843.9842,-0.00093409687,-1561.1453132656914,20.0,N_609
2024-05-13 21:18:07,48.430122,18.601883,43.027786,306.30722,843.9842,-0.00092624204,-1575.9946136485926,20.0,N_609
2024-05-13 21:18:08,48.498623,18.60115,43.090736,306.2932,843.9823,-0.00091579696,-1592.9807796421264,20.0,N_609
2024-05-13 21:18:09,48.5671,18.600418,43.153683,306.26526,843.9823,-0.0009025666,-1609.4810958226547,20.0,N_609
2024-05-13 21:18:10,48.635555,18.599686,43.209637,306.24426,843.9823,-0.0008933242,-1624.613892796586,20.0,N_609
2024-05-13 21:18:11,48.70399,18.598938,43.265587,306.2233,843.9823,-0.00088403875,-1639.6851141544912,20.0,N_609
2024-05-13 21:18:12,48.7724,18.598206,43.32154,306.2023,843.9823,-0.0008747228,-1655.3547201679175,20.0,N_609
2024-05-13 21:18:13,48.84079,18.597458,43.384487,306.1813,843.9823,-0.000864076,-1671.3857974528764,20.0,N_609
2024-05-13 21:18:14,48.909157,18.59671,43.44044,306.16034,843.9823,-0.0009958241,-1687.1745771843434,20.0,N_609
2024-05-13 21:18:15,48.9775,18.595963,43.496395,306.13934,843.9823,-0.000842509,-1701.974100828092,20.0,N_609
2024-05-13 21:18:16,49.045822,18.595215,43.552345,306.11838,843.9823,-0.0009772531,-1718.3759958752664,20.0,N_609
2024-05-13 21:18:17,49.11412,18.594467,43.615295,306.09738,843.9842,-0.0011109783,-1735.9931447577476,20.0,N_609
2024-05-13 21:18:18,49.1824,18.593704,43.671246,306.07642,843.9823,-0.0011017574,-1753.288227998084,20.0,N_609
2024-05-13 21:18:19,49.250656,18.592957,43.73419,306.05542,843.9823,-0.0012358839,-1771.707235107475,20.0,N_609
2024-05-13 21:18:20,49.31889,18.592194,43.790146,306.03445,843.9805,-0.0012240044,-1788.958782036822,20.0,N_609
2024-05-13 21:18:21,49.3871,18.59143,43.8461,306.01346,843.986,-0.0010698187,-1804.417054841716,20.0,N_609
2024-05-13 21:18:22,49.455288,18.590668,43.895058,305.9925,843.98785,-0.001206942,-1821.37504145533,20.0,N_609
2024-05-13 21:18:23,49.523457,18.589905,43.958004,305.9715,843.9749,-0.001196376,-1839.5347479173683,20.0,N_609
2024-05-13 21:18:24,49.5916,18.589127,44.013958,305.9505,843.9638,-0.0011870947,-1857.4373702949033,20.0,N_609
2024-05-13 21:18:25,49.65972,18.588364,44.076904,305.92953,844.0175,-0.0011737008,-1875.6445973310701,20.0,N_609
2024-05-13 21:18:26,49.72782,18.587585,44.13286,305.90155,844.12683,-0.0011643397,-1891.8500913383746,20.0,N_609
2024-05-13 21:18:27,49.7959,18.586823,44.181816,305.88058,844.199,-0.0011562796,-1908.4378712245473,20.0,N_609
2024-05-13 21:18:28,49.863956,18.586044,44.244762,305.8596,844.20087,-0.0011455131,-1926.2619597670428,20.0,N_609
2024-05-13 21:18:29,49.931988,18.585266,44.300716,305.83862,844.17865,-0.0011360438,-1942.9350805395143,20.0,N_609
2024-05-13 21:18:30,50.0,18.584473,44.35667,305.81763,844.17303,-0.0012702345,-1961.2900303769245,20.0,N_609
2024-05-13 21:18:31,50.06799,18.583694,44.419617,305.80365,844.1768,-0.0011129035,-1979.6886975054338,20.0,N_609
2024-05-13 21:18:32,50.135956,18.582916,44.482563,305.77567,844.17865,-0.0011019722,-1997.442763034399,20.0,N_609
2024-05-13 21:18:33,50.2039,18.582123,44.538517,305.75467,844.17865,-0.0010923523,-2013.829324641661,20.0,N_609
2024-05-13 21:18:34,50.27182,18.58133,44.59447,305.7337,844.1768,-0.0013768355,-2032.045301670501,20.0,N_609
2024-05-13 21:18:35,50.33972,18.580536,44.65042,305.7127,844.1768,-0.0012202262,-2050.1718095189135,20.0,N_609
2024-05-13 21:18:36,50.4076,18.579742,44.71337,305.69174,844.17865,-0.0013539301,-2069.325871894409,20.0,N_609
2024-05-13 21:18:37,50.475456,18.578949,44.76932,305.67075,844.1768,-0.0013444716,-2088.342482105066,20.0,N_609
2024-05-13 21:18:38,50.54329,18.57814,44.832268,305.64978,844.1768,-0.0013336113,-2107.581427570973,20.0,N_609
2024-05-13 21:18:39,50.6111,18.577347,44.88822,305.6218,844.1768,-0.0014719274,-2126.6183783715423,20.0,N_609
2024-05-13 21:18:40,50.678886,18.576538,44.944176,305.6008,844.17865,-0.0014597643,-2144.268006980762,20.0,N_609
2024-05-13 21:18:41,50.746655,18.57573,44.993134,305.57983,844.17865,-0.0013035218,-2161.897265513271,20.0,N_609
2024-05-13 21:18:42,50.8144,18.57492,45.05608,305.55884,844.1768,-0.0014408187,-2182.687351469343,20.0,N_609
2024-05-13 21:18:43,50.882122,18.574112,45.119026,305.53787,844.1768,-0.0014299103,-2202.319287424525,20.0,N_609
2024-05-13 21:18:44,50.94982,18.573303,45.17498,305.51688,844.17865,-0.0014203448,-2220.801085798807,20.0,N_609
2024-05-13 21:18:45,51.017498,18.572495,45.230934,305.4959,844.1823,-0.0014107398,-2239.4479438178223,20.0,N_609
2024-05-13 21:18:46,51.085155,18.57167,45.28689,305.46793,844.17126,-0.0013983521,-2258.0001624770007,20.0,N_609
2024-05-13 21:18:47,51.152786,18.570847,45.34284,305.44693,844.1638,-0.001388673,-2277.32103632103,20.0,N_609
2024-05-13 21:18:48,51.220398,18.570038,45.40579,305.42596,844.2027,-0.0013775652,-2296.6081187052373,20.0,N_609
2024-05-13 21:18:49,51.287987,18.569214,45.46174,305.40497,844.2916,-0.0013678113,-2314.964403876175,20.0,N_609
2024-05-13 21:18:50,51.355553,18.568375,45.517693,305.37698,844.3694,-0.0013552721,-2333.2330766167534,20.0,N_609
2024-05-13 21:18:51,51.4231,18.56755,45.573647,305.35602,844.38794,-0.0013454444,-2351.2218580579256,20.0,N_609
2024-05-13 21:18:52,51.49062,18.566727,45.629597,305.33502,844.3731,-0.0013355801,-2370.1539880359037,20.0,N_609
2024-05-13 21:18:53,51.55812,18.565887,45.692547,305.31406,844.36755,-0.0013242698,-2389.090179097048,20.0,N_609
2024-05-13 21:18:54,51.6256,18.565048,45.748497,305.29306,844.3713,-0.0013143303,-2407.0842757188702,20.0,N_609
2024-05-13 21:18:55,51.693054,18.564224,45.80445,305.26508,844.3731,-0.0013016058,-2425.0000359871915,20.0,N_609
2024-05-13 21:18:56,51.760487,18.563385,45.860405,305.2441,844.3731,-0.0012915916,-2442.6354773222474,20.0,N_609
2024-05-13 21:18:57,51.8279,18.56253,45.91636,305.2231,844.3713,-0.0012815419,-2461.1721928471534,20.0,N_609
2024-05-13 21:18:58,51.895287,18.561691,45.979305,305.20215,844.3731,-0.0012700338,-2480.7099727193636,20.0,N_609
2024-05-13 21:18:59,51.962654,18.560852,46.04225,305.18115,844.3731,-0.0012584826,-2499.411469384256,20.0,N_609
2024-05-13 21:19:00,52.03,18.559998,46.098206,305.1532,844.3731,-0.0012455704,-2516.958115533922,20.0,N_609
2024-05-13 21:19:01,52.09724,18.559143,46.154156,305.1322,844.3731,-0.0012353751,-2533.2997255343535,20.0,N_609
2024-05-13 21:19:02,52.16446,18.558289,46.203117,305.1112,844.3731,-0.001226576,-2550.3493183774085,20.0,N_609
2024-05-13 21:19:03,52.231663,18.557434,46.266064,305.09024,844.3731,-0.0013664541,-2569.7531244792663,20.0,N_609
2024-05-13 21:19:04,52.298843,18.55658,46.322014,305.06226,844.3731,-0.0015080278,-2590.119819384422,20.0,N_609
2024-05-13 21:19:05,52.366005,18.55571,46.384964,305.0413,844.3731,-0.0014937967,-2609.2688043214484,20.0,N_609
2024-05-13 21:19:06,52.433147,18.554855,46.43392,305.0133,844.3731,-0.0014851583,-2628.3838417465095,20.0,N_609
2024-05-13 21:19:07,52.50027,18.553986,46.49687,304.9923,844.3713,-0.0014735949,-2648.25616957784,20.0,N_609
2024-05-13 21:19:08,52.567375,18.553116,46.552822,304.97134,844.3713,-0.0014634394,-2668.0824584774055,20.0,N_609
2024-05-13 21:19:09,52.63446,18.552246,46.61577,304.95035,844.3713,-0.0014517931,-2688.0350919537395,20.0,N_609
2024-05-13 21:19:10,52.701527,18.551376,46.671722,304.9224,844.37683,-0.001591432,-2707.787887538345,20.0,N_609
2024-05-13 21:19:11,52.768574,18.550491,46.727673,304.9014,844.3731,-0.0015813137,-2727.2615663060606,20.0,N_609
2024-05-13 21:19:12,52.835598,18.549622,46.783627,304.8804,844.35455,-0.0015711545,-2746.9087736665915,20.0,N_609
2024-05-13 21:19:13,52.902607,18.548737,46.83958,304.85245,844.36755,-0.0015609581,-2766.461410482576,20.0,N_609
2024-05-13 21:19:14,52.969593,18.547867,46.895535,304.83145,844.462,-0.0015507275,-2787.1183065920586,20.0,N_609
2024-05-13 21:19:15,53.03656,18.546982,46.95848,304.80347,844.562,-0.0015362392,-2807.592113173918,20.0,N_609
2024-05-13 21:19:16,53.10351,18.546097,47.014435,304.7825,844.58795,-0.0016794316,-2827.6863526568463,20.0,N_609
2024-05-13 21:19:17,53.17044,18.545212,47.070385,304.7615,844.56757,-0.0015155853,-2846.7267823093275,20.0,N_609
2024-05-13 21:19:18,53.23735,18.544312,47.12634,304.74054,844.5601,-0.001505202,-2867.0415128281124,20.0,N_609
2024-05-13 21:19:19,53.304237,18.543427,47.189285,304.71255,844.5639,-0.0014905528,-2888.3417730306296,20.0,N_609
2024-05-13 21:19:20,53.37111,18.542526,47.25223,304.69156,844.56757,-0.0016326964,-2907.98759674742,20.0,N_609
2024-05-13 21:19:21,53.43796,18.541641,47.301193,304.6706,844.56757,-0.0017780621,-2928.968354152198,20.0,N_609
2024-05-13 21:19:22,53.504795,18.540741,47.36414,304.6496,844.56757,-0.0016119533,-2949.94340583732,20.0,N_609
2024-05-13 21:19:23,53.571606,18.53984,47.42009,304.62164,844.56757,-0.0016015279,-2971.1644825588282,20.0,N_609
2024-05-13 21:19:24,53.638397,18.53894,47.48304,304.59366,844.56757,-0.0017414863,-2992.939247676973,20.0,N_609
2024-05-13 21:19:25,53.705173,18.538025,47.53899,304.57266,844.56757,-0.0017311261,-3012.3415281635125,20.0,N_609
2024-05-13 21:19:26,53.771927,18.537125,47.58795,304.5447,844.56757,-0.001877181,-3032.8178732944452,20.0,N_609
2024-05-13 21:19:27,53.83866,18.53621,47.6439,304.5237,844.56757,-0.0018668941,-3054.095760744103,20.0,N_609
2024-05-13 21:19:28,53.905376,18.535309,47.699856,304.50275,844.56757,-0.0018538228,-3076.6906944289954,20.0,N_609
2024-05-13 21:19:29,53.972073,18.534393,47.762802,304.48175,844.56757,-0.0018419531,-3100.5257747231844,20.0,N_609
2024-05-13 21:19:30,54.03875,18.533478,47.82575,304.45377,844.56757,-0.0018300397,-3122.855868567226,20.0,N_609
2024-05-13 21:19:31,54.105404,18.532562,47.881702,304.4328,844.5657,-0.0018196013,-3144.0915221244168,20.0,N_609
2024-05-13 21:19:32,54.172043,18.531631,47.937656,304.40482,844.56757,-0.0018091236,-3165.2029669761605,20.0,N_609
2024-05-13 21:19:33,54.238663,18.530716,47.99361,304.38382,844.5712,-0.0017958628,-3187.6090882862973,20.0,N_609
2024-05-13 21:19:34,54.30526,18.529785,48.056557,304.35587,844.56757,-0.0017837881,-3209.8946461187525,20.0,N_609
2024-05-13 21:19:35,54.371838,18.52887,48.112507,304.32788,844.55273,-0.0017731971,-3230.769140272527,20.0,N_609
2024-05-13 21:19:36,54.4384,18.527939,48.16846,304.3069,844.5639,-0.0017625708,-3251.3610580005807,20.0,N_609
2024-05-13 21:19:37,54.50494,18.527008,48.224415,304.28592,844.6343,-0.0017491588,-3272.119745165767,20.0,N_609
2024-05-13 21:19:38,54.57146,18.526077,48.28037,304.25793,844.725,-0.0017384602,-3294.0811285562477,20.0,N_609
2024-05-13 21:19:39,54.637962,18.525131,48.343315,304.23697,844.775,-0.0017261866,-3315.764479263574,20.0,N_609
2024-05-13 21:19:40,54.704445,18.5242,48.39927,304.20898,844.77124,-0.0017154107,-3337.557529541378,20.0,N_609
2024-05-13 21:19:41,54.770905,18.523254,48.462215,304.188,844.7583,-0.0017030552,-3357.55783724347,20.0,N_609
2024-05-13 21:19:42,54.83735,18.522324,48.511173,304.16702,844.7602,-0.0016910018,-3376.8423473039784,20.0,N_609
2024-05-13 21:19:43,54.90377,18.521378,48.567127,304.13904,844.762,-0.001680117,-3397.1041730370007,20.0,N_609
2024-05-13 21:19:44,54.970177,18.520432,48.623077,304.11804,844.762,-0.0016691962,-3417.3207428124724,20.0,N_609
2024-05-13 21:19:45,55.03656,18.519485,48.67903,304.0901,844.762,-0.0016582367,-3438.693824616418,20.0,N_609
2024-05-13 21:19:46,55.10293,18.51854,48.741978,304.0691,844.762,-0.0016429403,-3459.8145485526566,20.0,N_609
2024-05-13 21:19:47,55.169273,18.517578,48.79793,304.0411,844.762,-0.0016319057,-3481.2030761432006,20.0,N_609
2024-05-13 21:19:48,55.2356,18.516632,48.860878,304.01315,844.762,-0.0016192753,-3502.373735773621,20.0,N_609
2024-05-13 21:19:49,55.301907,18.51567,48.916832,303.98517,844.762,-0.0016081692,-3520.95324592645,20.0,N_609
2024-05-13 21:19:50,55.368195,18.51471,48.96579,303.96417,844.762,-0.0015958449,-3539.5957830325297,20.0,N_609
2024-05-13 21:19:51,55.43446,18.513748,49.021744,303.93622,844.762,-0.0015846697,-3560.4303953816097,20.0,N_609
2024-05-13 21:19:52,55.50071,18.512787,49.08469,303.91522,844.762,-0.0015718845,-3582.2378180339656,20.0,N_609
2024-05-13 21:19:53,55.56694,18.511826,49.147636,303.88724,844.762,-0.0015423241,-3602.674792672595,20.0,N_609
2024-05-13 21:19:54,55.63315,18.510849,49.20359,303.86627,844.7602,-0.001547768,-3620.935448092532,20.0,N_609
2024-05-13 21:19:55,55.69934,18.509888,49.25255,303.8383,844.762,-0.0015185715,-3640.2101910518677,20.0,N_609
2024-05-13 21:19:56,55.76551,18.508911,49.315495,303.81732,844.76575,-0.0015056437,-3661.524717411605,20.0,N_609
2024-05-13 21:19:57,55.83166,18.507935,49.378445,303.78934,844.762,-0.0014926749,-3681.8436474333903,20.0,N_609
2024-05-13 21:19:58,55.897793,18.506958,49.434395,303.76135,844.74164,-0.0014979176,-3700.9072207060453,20.0,N_609
2024-05-13 21:19:59,55.963905,18.505981,49.49035,303.7404,844.7361,-0.001483701,-3719.873196356631,20.0,N_609
2024-05-13 21:20:00,56.03,18.505005,49.546303,303.7124,844.7991,-0.0014555597,-3738.864216133068,20.0,N_609
2024-05-13 21:20:01,56.096073,18.504135,49.602257,303.68442,844.9083,-0.0014274141,-3757.4704184530583,20.0,N_609
2024-05-13 21:20:02,56.16213,18.503265,49.658207,303.66345,844.97314,-0.0014324771,-3777.158976933132,20.0,N_609
2024-05-13 21:20:03,56.22816,18.502396,49.721153,303.63547,844.9676,-0.0014165333,-3796.769638972002,20.0,N_609
2024-05-13 21:20:04,56.294178,18.50151,49.777107,303.61447,844.9509,-0.0014048986,-3815.2081119408435,20.0,N_609
2024-05-13 21:20:05,56.360172,18.500626,49.83306,303.58652,844.95276,-0.0013932318,-3833.778280051274,20.0,N_609
2024-05-13 21:20:06,56.426147,18.499725,49.889015,303.55853,844.9583,-0.0013980822,-3853.419064039255,20.0,N_609
2024-05-13 21:20:07,56.492107,18.498825,49.95196,303.53055,844.9565,-0.0013819693,-3872.7990452706704,20.0,N_609
2024-05-13 21:20:08,56.558044,18.497925,50.007915,303.50958,844.9565,-0.0013536558,-3891.9003581891648,20.0,N_609
2024-05-13 21:20:09,56.623962,18.49701,50.07086,303.4816,844.9565,-0.0015011488,-3911.138339108944,20.0,N_609
2024-05-13 21:20:10,56.68986,18.496094,50.11982,303.4536,844.9565,-0.0013464921,-3928.1326082884716,20.0,N_609
2024-05-13 21:20:11,56.755737,18.495163,50.175774,303.43265,844.9565,-0.0013153692,-3945.968696374146,20.0,N_609
2024-05-13 21:20:12,56.821598,18.494232,50.231724,303.40466,844.9565,-0.0013034537,-3964.906519139849,20.0,N_609
2024-05-13 21:20:13,56.88744,18.493286,50.294674,303.37668,844.9565,-0.001467777,-3985.0206564073533,20.0,N_609
2024-05-13 21:20:14,56.95326,18.49234,50.350624,303.3487,844.9565,-0.0014394624,-4003.677866861297,20.0,N_609
2024-05-13 21:20:15,57.019062,18.491394,50.406578,303.32773,844.9565,-0.0012302678,-4020.948922670602,20.0,N_609
2024-05-13 21:20:16,57.084843,18.490433,50.462532,303.29974,844.9565,-0.00126747,-4038.502003920573,20.0,N_609
2024-05-13 21:20:17,57.150604,18.489471,50.518482,303.27875,844.95465,-0.0012553626,-4055.932098835772,20.0,N_609
2024-05-13 21:20:18,57.21635,18.48851,50.574436,303.2508,844.95465,-0.001243223,-4074.4169565981792,20.0,N_609
2024-05-13 21:20:19,57.282074,18.487534,50.637383,303.2228,844.9583,-0.0012266553,-4093.854609000763,20.0,N_609
2024-05-13 21:20:20,57.34778,18.486557,50.700333,303.19482,844.96204,-0.0011800901,-4112.07011396067,20.0,N_609
2024-05-13 21:20:21,57.41346,18.485565,50.756283,303.16687,844.94727,-0.0015091733,-4131.158604969497,20.0,N_609
2024-05-13 21:20:22,57.479126,18.484573,50.812237,303.14587,844.9361,-0.0014971606,-4149.053379544382,20.0,N_609
2024-05-13 21:20:23,57.544773,18.483566,50.861195,303.1179,844.9917,-0.0013212862,-4166.035334574966,20.0,N_609
2024-05-13 21:20:24,57.610397,18.48256,50.91715,303.08994,845.10095,-0.0012927817,-4183.903136145751,20.0,N_609
2024-05-13 21:20:25,57.676006,18.481552,50.973103,303.06195,845.16943,-0.0012968351,-4202.762903459781,20.0,N_609
2024-05-13 21:20:26,57.741592,18.48053,51.03605,303.03397,845.1639,-0.0012828937,-4222.591889608712,20.0,N_609
2024-05-13 21:20:27,57.807163,18.479507,51.098995,303.00598,845.1454,-0.0012499213,-4241.083189313757,20.0,N_609
2024-05-13 21:20:28,57.87271,18.47847,51.15495,302.98502,845.1454,-0.001253821,-4258.477076381617,20.0,N_609
2024-05-13 21:20:29,57.93824,18.477432,51.2109,302.95703,845.15094,-0.0013887112,-4276.958529537935,20.0,N_609
2024-05-13 21:20:30,58.00375,18.476395,51.266853,302.92905,845.15283,-0.0012290198,-4294.39533812177,20.0,N_609
2024-05-13 21:20:31,58.06924,18.475342,51.322807,302.9011,845.15094,-0.0013937597,-4312.904417416151,20.0,N_609
2024-05-13 21:20:32,58.13471,18.474289,51.37876,302.8731,845.15094,-0.0012013388,-4331.053127990211,20.0,N_609
2024-05-13 21:20:33,58.20016,18.473236,51.441708,302.84512,845.15094,-0.0013349671,-4350.246339509462,20.0,N_609
2024-05-13 21:20:34,58.265594,18.472168,51.49766,302.81714,845.15094,-0.0014839282,-4369.335039171356,20.0,N_609
2024-05-13 21:20:35,58.331005,18.471085,51.55361,302.78918,845.15094,-0.001471601,-4388.153359576467,20.0,N_609
2024-05-13 21:20:36,58.3964,18.470001,51.609566,302.7682,845.15094,-0.001475357,-4408.0755228745,20.0,N_609
2024-05-13 21:20:37,58.461773,18.468918,51.672512,302.7402,845.15094,-0.0014451491,-4427.975357164121,20.0,N_609
2024-05-13 21:20:38,58.527126,18.467834,51.728466,302.71225,845.15094,-0.0014460632,-4446.807157450039,20.0,N_609
2024-05-13 21:20:39,58.59246,18.466736,51.78442,302.68427,845.15094,-0.001449655,-4465.660110934912,20.0,N_609
2024-05-13 21:20:40,58.657776,18.465622,51.84037,302.65628,845.15094,-0.0014371248,-4484.428802319162,20.0,N_609
2024-05-13 21:20:41,58.723072,18.464508,51.896324,302.6283,845.14905,-0.0014085167,-4503.008160768217,20.0,N_609
2024-05-13 21:20:42,58.78835,18.463394,51.95228,302.60034,845.15283,-0.0014092206,-4521.5889232144,20.0,N_609
2024-05-13 21:20:43,58.853607,18.46228,52.00823,302.57236,845.1546,-0.0013965867,-4540.08567176902,20.0,N_609
2024-05-13 21:20:44,58.918842,18.461151,52.064182,302.54437,845.1435,-0.0013679247,-4559.415063874797,20.0,N_609
2024-05-13 21:20:45,58.984062,18.460007,52.12713,302.51642,845.1361,-0.0013667672,-4578.781645122739,20.0,N_609
2024-05-13 21:20:46,59.04926,18.458862,52.183083,302.48843,845.1769,-0.0013540289,-4598.005682853902,20.0,N_609
2024-05-13 21:20:47,59.11444,18.457718,52.24603,302.46045,845.26575,-0.0013076382,-4616.015416735041,20.0,N_609
2024-05-13 21:20:48,59.1796,18.456558,52.29499,302.43246,845.3417,-0.0012965861,-4632.777516118795,20.0,N_609
2024-05-13 21:20:49,59.24474,18.455399,52.35094,302.4045,845.36017,-0.00128104,-4650.50500479011,20.0,N_609
2024-05-13 21:20:50,59.30986,18.454239,52.406895,302.37653,845.3472,-0.0012841058,-4669.211544596617,20.0,N_609
2024-05-13 21:20:51,59.37496,18.453064,52.46984,302.34854,845.3417,-0.0012377072,-4687.721788385396,20.0,N_609
2024-05-13 21:20:52,59.440044,18.451889,52.525795,302.32056,845.3454,-0.0012406902,-4705.179386300688,20.0,N_609
2024-05-13 21:20:53,59.505104,18.450699,52.58175,302.2926,845.3472,-0.0012091509,-4722.428493069286,20.0,N_609
2024-05-13 21:20:54,59.57015,18.449509,52.6377,302.26462,845.3454,-0.0011961914,-4740.486839590676,20.0,N_609
2024-05-13 21:20:55,59.635174,18.448303,52.70065,302.23663,845.3454,-0.0011972896,-4758.7229738637425,20.0,N_609
2024-05-13 21:20:56,59.700176,18.447113,52.7566,302.20865,845.3454,-0.0009989162,-4775.343791917154,20.0,N_609
2024-05-13 21:20:57,59.765163,18.445892,52.819546,302.1807,845.3454,-0.0008170963,-4791.099398445057,20.0,N_609
2024-05-13 21:20:58,59.830128,18.444687,52.8755,302.1527,845.3454,-0.00065253605,-4804.71524349035,20.0,N_609
2024-05-13 21:20:59,59.895073,18.443466,52.931454,302.12473,845.3454,-0.00095753523,-4820.457657239596,20.0,N_609
2024-05-13 21:21:00,59.96,18.44223,52.987408,302.08975,845.3454,-0.0007742754,-4834.493507739744,20.0,N_609
2024-05-13 21:21:01,60.025562,18.441116,53.036366,302.0618,845.3454,-0.00092996715,-4848.839087164755,20.0,N_609
2024-05-13 21:21:02,60.091084,18.439987,53.09232,302.0338,845.3454,-0.00074915134,-4863.074351298009,20.0,N_609
2024-05-13 21:21:03,60.156563,18.438858,53.14827,302.00583,845.3454,-0.00073292584,-4877.750345395691,20.0,N_609
2024-05-13 21:21:04,60.222,18.437714,53.211216,301.97784,845.34357,-0.0007333303,-4893.493610071806,20.0,N_609
2024-05-13 21:21:05,60.287395,18.436554,53.274166,301.9499,845.3472,-0.0008858209,-4909.019314316612,20.0,N_609
2024-05-13 21:21:06,60.35275,18.435394,53.323124,301.9219,845.35095,-0.0008584452,-4922.889476673479,20.0,N_609
2024-05-13 21:21:07,60.41806,18.43422,53.379078,301.89392,845.3361,-0.00050609943,-4935.608144488911,20.0,N_609
2024-05-13 21:21:08,60.483334,18.43303,53.435028,301.85895,845.3176,-0.000492338,-4948.735103252759,20.0,N_609
2024-05-13 21:21:09,60.54856,18.431839,53.49798,301.831,845.3417,-0.00047676938,-4961.895043952793,20.0,N_609
2024-05-13 21:21:10,60.61375,18.430634,53.546936,301.803,845.4361,-0.0004775758,-4973.281233454171,20.0,N_609
2024-05-13 21:21:11,60.678894,18.429413,53.602886,301.77502,845.53613,-0.00044813057,-4985.875263478025,20.0,N_609
2024-05-13 21:21:12,60.744,18.428177,53.665836,301.74704,845.56024,-0.00044802172,-4999.590693177859,20.0,N_609
2024-05-13 21:21:13,60.809063,18.42694,53.728783,301.71207,845.5417,-0.00041675556,-5012.910954056435,20.0,N_609
2024-05-13 21:21:14,60.874084,18.425705,53.784737,301.6841,845.5343,-0.00040006943,-5024.552422889043,20.0,N_609
2024-05-13 21:21:15,60.93906,18.424438,53.833694,301.65613,845.53986,-0.0003878781,-5035.402323031196,20.0,N_609
2024-05-13 21:21:16,61.003998,18.423172,53.88965,301.62115,845.5417,-0.00037386775,-5047.373296025364,20.0,N_609
2024-05-13 21:21:17,61.068893,18.42189,53.9456,301.59317,845.5417,-0.00035709108,-5059.340830064539,20.0,N_609
2024-05-13 21:21:18,61.13375,18.420609,54.008545,301.5582,845.53986,-0.00035668287,-5072.526601816125,20.0,N_609
2024-05-13 21:21:19,61.198563,18.419312,54.071495,301.53024,845.53986,-0.00032531336,-5085.032286985664,20.0,N_609
2024-05-13 21:21:20,61.263332,18.418,54.127445,301.50226,845.53986,-0.00032387066,-5096.463200476344,20.0,N_609
2024-05-13 21:21:21,61.32806,18.416687,54.1834,301.47427,845.53986,-0.00029427605,-5107.742483536113,20.0,N_609
2024-05-13 21:21:22,61.39275,18.415344,54.239353,301.4393,845.53986,-0.0002800769,-5118.882602167486,20.0,N_609
2024-05-13 21:21:23,61.457394,18.414017,54.28831,301.41135,845.53986,-0.00026492827,-5129.060308420403,20.0,N_609
2024-05-13 21:21:24,61.522,18.412659,54.351257,301.38336,845.53986,-0.00024885745,-5141.093832913683,20.0,N_609
2024-05-13 21:21:25,61.586563,18.4113,54.40721,301.3484,845.53986,-0.00040463265,-5153.547625837087,20.0,N_609
2024-05-13 21:21:26,61.65108,18.409927,54.470158,301.3204,845.53986,-0.00038860657,-5166.447643323556,20.0,N_609
2024-05-13 21:21:27,61.71556,18.408554,54.52611,301.29242,845.538,-0.0007121926,-5180.482517074401,20.0,N_609
2024-05-13 21:21:28,61.78,18.40715,54.582066,301.25748,845.53986,-0.00035736064,-5192.317726145009,20.0,N_609
2024-05-13 21:21:29,61.844395,18.405762,54.638016,301.2295,845.5454,-0.00051355583,-5205.030949945231,20.0,N_609
2024-05-13 21:21:30,61.90875,18.404343,54.69397,301.19452,845.5417,-0.00032599372,-5216.659223153181,20.0,N_609
2024-05-13 21:21:31,61.97306,18.402924,54.749924,301.16653,845.5213,-0.000482348,-5229.093986754446,20.0,N_609
2024-05-13 21:21:32,62.037334,18.40149,54.805874,301.13855,845.53613,-0.0006388825,-5242.540736514655,20.0,N_609
2024-05-13 21:21:33,62.101562,18.400055,54.861828,301.1106,845.6287,-0.00062467565,-5256.439875519127,20.0,N_609
2024-05-13 21:21:34,62.16575,18.39859,54.924774,301.07562,845.73065,-0.0006058681,-5270.933107873963,20.0,N_609
2024-05-13 21:21:35,62.229897,18.397125,54.98073,301.04764,845.7566,-0.00060678006,-5284.248619609967,20.0,N_609
2024-05-13 21:21:36,62.294,18.39566,55.036682,301.01266,845.7362,-0.0005745676,-5297.5527074646,20.0,N_609
2024-05-13 21:21:37,62.358063,18.39418,55.092636,300.9777,845.7269,-0.000560239,-5310.682154382679,20.0,N_609
2024-05-13 21:21:38,62.422085,18.392685,55.148586,300.94974,845.7324,-0.0007173328,-5324.719598480664,20.0,N_609
2024-05-13 21:21:39,62.48606,18.391174,55.20454,300.91476,845.7362,-0.0007154326,-5338.850200439776,20.0,N_609
2024-05-13 21:21:40,62.55,18.389664,55.260494,300.88678,845.7362,-0.0007161988,-5352.8757364558805,20.0,N_609
2024-05-13 21:21:41,62.613895,18.388138,55.316444,300.8518,845.7343,-0.0010453588,-5369.924316006547,20.0,N_609
2024-05-13 21:21:42,62.67775,18.386612,55.379395,300.82382,845.7343,-0.0010443621,-5387.172526539427,20.0,N_609
2024-05-13 21:21:43,62.74156,18.385056,55.435345,300.78885,845.7343,-0.0010123381,-5403.214303427612,20.0,N_609
2024-05-13 21:21:44,62.805332,18.3835,55.4913,300.7609,845.7343,-0.0010131052,-5419.19041639528,20.0,N_609
2024-05-13 21:21:45,62.86906,18.381943,55.547253,300.72592,845.7343,-0.000968769,-5435.790577099148,20.0,N_609
2024-05-13 21:21:46,62.93275,18.380356,55.6102,300.69095,845.7343,-0.00096486165,-5452.574484925883,20.0,N_609
2024-05-13 21:21:47,62.996395,18.378769,55.666153,300.66296,845.7343,-0.00093552563,-5467.347313200797,20.0,N_609
2024-05-13 21:21:48,63.06,18.377182,55.71511,300.628,845.7362,-0.00095295074,-5481.934252120536,20.0,N_609
2024-05-13 21:21:49,63.12356,18.37558,55.771065,300.6,845.7343,-0.00092084875,-5497.285740510884,20.0,N_609
2024-05-13 21:21:50,63.187084,18.373962,55.827015,300.56503,845.7343,-0.0009064051,-5513.4119121341355,20.0,N_609
2024-05-13 21:21:51,63.25056,18.37233,55.889965,300.5301,845.7343,-0.00070234615,-5528.480952898507,20.0,N_609
2024-05-13 21:21:52,63.314,18.370697,55.945915,300.5021,845.738,-0.00088770816,-5543.603859702547,20.0,N_609
2024-05-13 21:21:53,63.377396,18.36905,56.00187,300.46713,845.7362,-0.00087315636,-5558.8315937951575,20.0,N_609
2024-05-13 21:21:54,63.44075,18.367386,56.057823,300.43216,845.7214,-0.00084371684,-5573.122031414436,20.0,N_609
2024-05-13 21:21:55,63.504063,18.365723,56.10678,300.40417,845.7324,-0.00084312336,-5586.886732414285,20.0,N_609
2024-05-13 21:21:56,63.567333,18.364044,56.162735,300.3692,845.8028,-0.00082848227,-5602.423537385499,20.0,N_609
2024-05-13 21:21:57,63.63056,18.36235,56.22568,300.33423,845.89355,-0.0007971183,-5618.191665236504,20.0,N_609
2024-05-13 21:21:58,63.69375,18.360657,56.281635,300.29926,845.9418,-0.00079449435,-5633.380354232363,20.0,N_609
2024-05-13 21:21:59,63.756897,18.358948,56.34458,300.2713,845.93805,-0.00077786524,-5648.810248763614,20.0,N_609
2024-05-13 21:22:00,63.82,18.357224,56.40053,300.23633,845.92694,-0.00076310383,-5663.289267337565,20.0,N_609
2024-05-13 21:22:01,63.882324,18.355484,56.456486,300.20135,845.92694,-0.00074558787,-5677.554920444118,20.0,N_609
2024-05-13 21:22:02,63.944633,18.35373,56.51244,300.17337,845.9306,-0.0007307659,-5691.612446114448,20.0,N_609
2024-05-13 21:22:03,64.00693,18.35196,56.568394,300.1384,845.9306,-0.00071591575,-5705.771486426502,20.0,N_609
2024-05-13 21:22:04,64.0692,18.35019,56.624344,300.10342,845.9288,-0.00069831323,-5720.32865542929,20.0,N_609
2024-05-13 21:22:05,64.131454,18.348404,56.687294,300.06845,845.9288,-0.0010299969,-5737.603241757357,20.0,N_609
2024-05-13 21:22:06,64.1937,18.346603,56.743244,300.0335,845.9288,-0.0006638318,-5751.408403632665,20.0,N_609
2024-05-13 21:22:07,64.25593,18.344803,56.7992,299.99854,845.9288,-0.0008233103,-5766.159043193955,20.0,N_609
2024-05-13 21:22:08,64.31813,18.342987,56.855152,299.97055,845.9288,-0.0009829518,-5781.858789894208,20.0,N_609
2024-05-13 21:22:09,64.380325,18.341156,56.911102,299.93558,845.9288,-0.0006188459,-5795.3595018695305,20.0,N_609
2024-05-13 21:22:10,64.4425,18.339325,56.967056,299.9006,845.9288,-0.000950537,-5811.041794990386,20.0,N_609
2024-05-13 21:22:11,64.504654,18.337479,57.02301,299.86563,845.9306,-0.00093564834,-5826.622723661429,20.0,N_609
2024-05-13 21:22:12,64.5668,18.335632,57.078964,299.83066,845.9288,-0.00091800734,-5842.083820067706,20.0,N_609
2024-05-13 21:22:13,64.62892,18.33377,57.134914,299.7957,845.9288,-0.00090305856,-5858.012282710655,20.0,N_609
2024-05-13 21:22:14,64.69103,18.331894,57.19786,299.76773,845.9288,-0.0010612638,-5875.257008096177,20.0,N_609
2024-05-13 21:22:15,64.75313,18.330017,57.253815,299.73276,845.9343,-0.001043629,-5891.688091595274,20.0,N_609
2024-05-13 21:22:16,64.8152,18.328125,57.30977,299.6908,845.9306,-0.0010286886,-5908.065618765355,20.0,N_609
2024-05-13 21:22:17,64.87726,18.326218,57.365723,299.65582,845.90845,-0.0010137198,-5924.1391020985475,20.0,N_609
2024-05-13 21:22:18,64.9393,18.32431,57.421673,299.62085,845.90466,-0.0009960011,-5940.092431891686,20.0,N_609
2024-05-13 21:22:19,65.00133,18.322388,57.477627,299.58588,845.9658,-0.001156555,-5957.098636865141,20.0,N_609
2024-05-13 21:22:20,65.06333,18.320465,57.53358,299.5509,846.07697,-0.001138873,-5973.984982859276,20.0,N_609
2024-05-13 21:22:21,65.12532,18.318527,57.589535,299.51593,846.1417,-0.0009481148,-5988.918284343829,20.0,N_609
2024-05-13 21:22:22,65.1873,18.316574,57.638493,299.48096,846.13617,-0.001462535,-6007.962670155007,20.0,N_609
2024-05-13 21:22:23,65.24926,18.314606,57.70144,299.44598,846.11957,-0.0014429998,-6027.884563124191,20.0,N_609
2024-05-13 21:22:24,65.311195,18.312637,57.757393,299.411,846.1214,-0.001428106,-6047.717798150448,20.0,N_609
2024-05-13 21:22:25,65.37312,18.310669,57.82034,299.37604,846.12506,-0.0014112259,-6067.422124229307,20.0,N_609
2024-05-13 21:22:26,65.435036,18.30867,57.876293,299.34106,846.12506,-0.0013935548,-6085.958615671658,20.0,N_609
2024-05-13 21:22:27,65.496925,18.306671,57.932243,299.3061,846.12506,-0.0013785718,-6104.588474761149,20.0,N_609
2024-05-13 21:22:28,65.5588,18.304672,57.988197,299.26413,846.1232,-0.0013608444,-6123.103760831816,20.0,N_609
2024-05-13 21:22:29,65.62066,18.302658,58.04415,299.22916,846.1232,-0.0016989235,-6143.6323486086185,20.0,N_609
2024-05-13 21:22:30,65.682495,18.300629,58.1001,299.1942,846.12506,-0.001860683,-6165.21884418632,20.0,N_609
2024-05-13 21:22:31,65.74432,18.298584,58.156055,299.15924,846.12506,-0.0018573229,-6185.415465395528,20.0,N_609
2024-05-13 21:22:32,65.80613,18.29654,58.205013,299.12427,846.1232,-0.0018444228,-6205.842545308995,20.0,N_609
2024-05-13 21:22:33,65.86793,18.29448,58.260967,299.0893,846.1232,-0.0019922904,-6229.7634667012435,20.0,N_609
2024-05-13 21:22:34,65.929695,18.29242,58.323914,299.05432,846.12506,-0.0021639054,-6255.978886209041,20.0,N_609
2024-05-13 21:22:35,65.991455,18.290344,58.386864,299.01935,846.12506,-0.0024872709,-6282.698805504954,20.0,N_609
2024-05-13 21:22:36,66.0532,18.288254,58.442814,298.98438,846.1232,-0.0028271165,-6310.988677578893,20.0,N_609
2024-05-13 21:22:37,66.11492,18.286163,58.498768,298.9424,846.1232,-0.002987251,-6340.133428168545,20.0,N_609
2024-05-13 21:22:38,66.176636,18.284058,58.55472,298.90744,846.12695,-0.0033276523,-6371.760192200732,20.0,N_609
2024-05-13 21:22:39,66.23833,18.281937,58.610672,298.86548,846.1288,-0.0033246973,-6403.105514024981,20.0,N_609
2024-05-13 21:22:40,66.299995,18.279816,58.666626,298.8305,846.1158,-0.0033103721,-6434.15155772248,20.0,N_609
2024-05-13 21:22:41,66.36166,18.27768,58.72258,298.79553,846.10474,-0.003651449,-6464.73895328445,20.0,N_609
2024-05-13 21:22:42,66.4233,18.275528,58.771538,298.76056,846.15845,-0.004703418,-6504.49849832158,20.0,N_609
2024-05-13 21:22:43,66.484924,18.273376,58.82749,298.7186,846.2696,-0.005757326,-6551.760980491268,20.0,N_609
2024-05-13 21:22:44,66.54653,18.27121,58.883446,298.68362,846.3196,-0.0062755058,-6598.538965692836,20.0,N_609
2024-05-13 21:22:45,66.60812,18.269043,58.932404,298.64166,846.3196,-0.0059221447,-6645.823463717728,20.0,N_609
2024-05-13 21:22:46,66.6697,18.266861,58.988358,298.6067,846.3196,-0.005936694,-6694.8309917538645,20.0,N_609
2024-05-13 21:22:47,66.731255,18.264664,59.044308,298.56473,846.3196,-0.0059067896,-6747.442585530839,20.0,N_609
2024-05-13 21:22:48,66.7928,18.262466,59.107254,298.52975,846.3196,-0.0058914484,-6801.483391624395,20.0,N_609
2024-05-13 21:22:49,66.854324,18.260254,59.170204,298.4878,846.3196,-0.006230298,-6857.477933810044,20.0,N_609
2024-05-13 21:22:50,66.91583,18.258026,59.23315,298.45282,846.3196,-0.006750756,-6912.916661229625,20.0,N_609
2024-05-13 21:22:51,66.977325,18.255798,59.289104,298.41086,846.3196,-0.006916395,-6962.594754828995,20.0,N_609
2024-05-13 21:22:52,67.038795,18.253555,59.338062,298.3759,846.3196,-0.006902728,-7016.942805836609,20.0,N_609
2024-05-13 21:22:53,67.10026,18.251312,59.394012,298.33392,846.3196,-0.0072473795,-7073.869644638933,20.0,N_609
2024-05-13 21:22:54,67.1617,18.249039,59.449966,298.29895,846.3196,-0.0074244435,-7132.7171597892475,20.0,N_609
2024-05-13 21:22:55,67.22312,18.24678,59.50592,298.257,846.3196,-0.007411591,-7190.69914030692,20.0,N_609
2024-05-13 21:22:56,67.28453,18.244492,59.561874,298.22202,846.3196,-0.0073987003,-7249.346216462287,20.0,N_609
2024-05-13 21:22:57,67.345924,18.242203,59.617825,298.18005,846.3177,-0.0073693893,-7307.031820656526,20.0,N_609
2024-05-13 21:22:58,67.407295,18.239899,59.67378,298.14508,846.3177,-0.007356444,-7365.374376552607,20.0,N_609
2024-05-13 21:22:59,67.46866,18.237595,59.729733,298.10312,846.32135,-0.007340758,-7423.798254408893,20.0,N_609
2024-05-13 21:23:00,67.53,18.235275,59.785686,298.06116,846.32324,-0.007327741,-7481.179525244455,20.0,N_609
2024-05-13 21:23:01,67.59141,18.233139,59.841637,298.02618,846.3103,-0.006773499,-7539.792221345859,20.0,N_609
2024-05-13 21:23:02,67.652794,18.231003,59.904583,297.9912,846.2992,-0.007103662,-7597.434310471446,20.0,N_609
2024-05-13 21:23:03,67.714165,18.228836,59.960537,297.94925,846.3529,-0.0074633206,-7656.6214330301045,20.0,N_609
2024-05-13 21:23:04,67.77551,18.226654,60.01649,297.9073,846.4621,-0.0074068955,-7715.419780359323,20.0,N_609
2024-05-13 21:23:05,67.83684,18.224457,60.072445,297.86533,846.53436,-0.007254549,-7773.187969351343,20.0,N_609
2024-05-13 21:23:06,67.89815,18.222244,60.128395,297.82336,846.53625,-0.0072250916,-7829.840768057027,20.0,N_609
2024-05-13 21:23:07,67.95944,18.220016,60.18435,297.7884,846.514,-0.007211821,-7887.103871863569,20.0,N_609
2024-05-13 21:23:08,68.02071,18.217773,60.240303,297.74643,846.5084,-0.007738694,-7948.054846930743,20.0,N_609
2024-05-13 21:23:09,68.08196,18.215515,60.296253,297.70447,846.514,-0.007556185,-8007.7852380114355,20.0,N_609
2024-05-13 21:23:10,68.143196,18.213226,60.352207,297.66248,846.514,-0.0077231633,-8068.609979264047,20.0,N_609
2024-05-13 21:23:11,68.20441,18.210938,60.40816,297.6205,846.514,-0.0077072647,-8122.65559808234,20.0,N_609
2024-05-13 21:23:12,68.2656,18.208618,60.45712,297.58554,846.5122,-0.007682717,-8181.954200240234,20.0,N_609
2024-05-13 21:23:13,68.326775,18.206299,60.513073,297.54358,846.514,-0.0076801255,-8247.25547698406,20.0,N_609
2024-05-13 21:23:14,68.387924,18.203949,60.57602,297.5086,846.514,-0.007123185,-8310.115526883488,20.0,N_609
2024-05-13 21:23:15,68.44906,18.201584,60.638966,297.46664,846.514,-0.0076493598,-8367.077603811333,20.0,N_609
2024-05-13 21:23:16,68.51018,18.199219,60.687927,297.4177,846.514,-0.007816031,-8426.648838655798,20.0,N_609
2024-05-13 21:23:17,68.57127,18.196823,60.743877,297.38272,846.514,-0.008177482,-8490.198383979568,20.0,N_609
2024-05-13 21:23:18,68.63235,18.194412,60.79983,297.34076,846.514,-0.008188047,-8554.001907072696,20.0,N_609
2024-05-13 21:23:19,68.693405,18.191986,60.855785,297.2988,846.514,-0.008717479,-8627.728177664638,20.0,N_609
2024-05-13 21:23:20,68.75444,18.189545,60.91873,297.25684,846.5122,-0.009242554,-8700.81767560513,20.0,N_609
2024-05-13 21:23:21,68.81546,18.187073,60.974686,297.2079,846.5122,-0.009772818,-8768.197288035666,20.0,N_609
2024-05-13 21:23:22,68.87646,18.1846,61.023643,297.1659,846.51587,-0.010316041,-8845.034806648546,20.0,N_609
2024-05-13 21:23:23,68.93744,18.182114,61.079597,297.12393,846.5177,-0.010484669,-8923.999041262452,20.0,N_609
2024-05-13 21:23:24,68.9984,18.179596,61.135548,297.08197,846.50665,-0.010818867,-9005.166370745803,20.0,N_609
2024-05-13 21:23:25,69.05934,18.177078,61.1915,297.04,846.4992,-0.010262386,-9082.626634517805,20.0,N_609
2024-05-13 21:23:26,69.12026,18.17453,61.247456,296.99805,846.5399,-0.010068274,-9158.779172618448,20.0,N_609
2024-05-13 21:23:27,69.18116,18.171982,61.303406,296.9561,846.627,-0.009858221,-9233.526319297274,20.0,N_609
2024-05-13 21:23:28,69.24204,18.169403,61.35936,296.91412,846.7048,-0.009495214,-9305.852043623221,20.0,N_609
2024-05-13 21:23:29,69.30291,18.16681,61.415314,296.87216,846.7233,-0.009740365,-9381.108622965585,20.0,N_609
2024-05-13 21:23:30,69.36375,18.1642,61.471268,296.82318,846.7085,-0.009985516,-9456.843951759005,20.0,N_609
2024-05-13 21:23:31,69.424576,18.161575,61.527218,296.78122,846.7048,-0.009060908,-9526.245132652703,20.0,N_609
2024-05-13 21:23:32,69.485374,18.158936,61.58317,296.73926,846.7085,-0.008670906,-9593.049074212191,20.0,N_609
2024-05-13 21:23:33,69.546165,18.15628,61.639126,296.6973,846.7085,-0.008290862,-9651.281631171565,20.0,N_609
2024-05-13 21:23:34,69.606926,18.15361,61.688084,296.65533,846.7085,-0.008097313,-9719.217592064822,20.0,N_609
2024-05-13 21:23:35,69.66767,18.150925,61.75103,296.61337,846.7085,-0.009148239,-9790.161235210431,20.0,N_609
2024-05-13 21:23:36,69.7284,18.148209,61.806984,296.5714,846.7085,-0.010458835,-9870.116926643786,20.0,N_609
2024-05-13 21:23:37,69.78911,18.145493,61.862938,296.52246,846.7085,-0.011344184,-9956.222482112824,20.0,N_609
2024-05-13 21:23:38,69.84979,18.142761,61.918888,296.47348,846.7085,-0.011719118,-10034.751730652504,20.0,N_609
2024-05-13 21:23:39,69.91046,18.14,61.96785,296.43152,846.7085,-0.011888359,-10121.703631767065,20.0,N_609
2024-05-13 21:23:40,69.97111,18.137222,62.0238,296.38956,846.7085,-0.012058281,-10221.12574684752,20.0,N_609
2024-05-13 21:23:41,70.03174,18.134445,62.08675,296.3406,846.7066,-0.012226185,-10312.512277179596,20.0,N_609
2024-05-13 21:23:42,70.09235,18.131638,62.1427,296.29865,846.7066,-0.0131619265,-10418.588805961255,20.0,N_609
2024-05-13 21:23:43,70.15294,18.128815,62.205647,296.25668,846.7103,-0.013903408,-10522.623542069761,20.0,N_609
2024-05-13 21:23:44,70.21351,18.125977,62.2616,296.2077,846.714,-0.013863319,-10615.61585019323,20.0,N_609
2024-05-13 21:23:45,70.27406,18.123123,62.31056,296.15875,846.69916,-0.013840759,-10705.442342935523,20.0,N_609
2024-05-13 21:23:46,70.334595,18.120255,62.35952,296.1168,846.68066,-0.013267165,-10801.369870088352,20.0,N_609
2024-05-13 21:23:47,70.3951,18.11737,62.41547,296.07483,846.70294,-0.013242284,-10909.466317865343,20.0,N_609
2024-05-13 21:23:48,70.4556,18.114456,62.47842,296.02588,846.79926,-0.013408114,-11008.523149693488,20.0,N_609
2024-05-13 21:23:49,70.516075,18.111542,62.53437,295.9839,846.8974,-0.013225462,-11106.805490464794,20.0,N_609
2024-05-13 21:23:50,70.57653,18.108612,62.590324,295.93494,846.92334,-0.013210396,-11205.154400548878,20.0,N_609
2024-05-13 21:23:51,70.63696,18.105652,62.64628,295.886,846.9048,-0.013210512,-11303.47232808462,20.0,N_609
2024-05-13 21:23:52,70.69738,18.102676,62.70223,295.83704,846.8974,-0.013170308,-11399.854488843055,20.0,N_609
2024-05-13 21:23:53,70.757774,18.0997,62.758183,295.79507,846.90295,-0.013157826,-11497.583770364174,20.0,N_609
2024-05-13 21:23:54,70.81815,18.096695,62.814137,295.7461,846.9048,-0.01314262,-11595.37220557742,20.0,N_609
2024-05-13 21:23:55,70.87851,18.093674,62.87009,295.69714,846.90295,-0.013105155,-11691.25840084865,20.0,N_609
2024-05-13 21:23:56,70.93884,18.090637,62.92604,295.65518,846.90295,-0.013848589,-11793.538502900625,20.0,N_609
2024-05-13 21:23:57,70.99916,18.087585,62.981995,295.60623,846.90295,-0.014190841,-11898.291291122525,20.0,N_609
2024-05-13 21:23:58,71.05946,18.084518,63.03795,295.55725,846.90295,-0.014138738,-12002.653442948798,20.0,N_609
2024-05-13 21:23:59,71.11974,18.081436,63.0939,295.5083,846.90295,-0.014126492,-12105.190331065132,20.0,N_609
2024-05-13 21:24:00,71.18,18.078339,63.149853,295.46634,846.90295,-0.014136199,-12199.135856059838,20.0,N_609
2024-05-13 21:24:01,71.24073,18.075745,63.19881,295.4174,846.90295,-0.01470173,-12306.190773394788,20.0,N_609
2024-05-13 21:24:02,71.30143,18.07312,63.254765,295.3684,846.90295,-0.014649798,-12413.876174717647,20.0,N_609
2024-05-13 21:24:03,71.36209,18.07045,63.31072,295.31946,846.90295,-0.014600647,-12521.202435565781,20.0,N_609
2024-05-13 21:24:04,71.422714,18.067764,63.366673,295.2705,846.90295,-0.014769584,-12629.626098076082,20.0,N_609
2024-05-13 21:24:05,71.4833,18.065033,63.422623,295.22156,846.90106,-0.014597759,-12736.883058238342,20.0,N_609
2024-05-13 21:24:06,71.54385,18.062256,63.478577,295.17258,846.9048,-0.014999559,-12846.795593997189,20.0,N_609
2024-05-13 21:24:07,71.60436,18.059464,63.53453,295.12363,846.91034,-0.014984441,-12956.570729336148,20.0,N_609
2024-05-13 21:24:08,71.66485,18.056625,63.59048,295.07468,846.9048,-0.014775633,-13064.932246793522,20.0,N_609
2024-05-13 21:24:09,71.72529,18.053757,63.646435,295.0257,846.88446,-0.015141007,-13175.703250885977,20.0,N_609
2024-05-13 21:24:10,71.7857,18.050858,63.70239,294.97675,846.89923,-0.015128515,-13286.360261014286,20.0,N_609
2024-05-13 21:24:11,71.84607,18.047928,63.758343,294.9278,846.9918,-0.01508913,-13396.71832602465,20.0,N_609
2024-05-13 21:24:12,71.9064,18.044952,63.814293,294.87885,847.0918,-0.014880119,-13505.662701229881,20.0,N_609
2024-05-13 21:24:13,71.9667,18.041946,63.870247,294.82986,847.11774,-0.013918351,-13598.104697249837,20.0,N_609
2024-05-13 21:24:14,72.02696,18.03891,63.919205,294.7809,847.09924,-0.013967732,-13701.702363770422,20.0,N_609
2024-05-13 21:24:15,72.08719,18.035843,63.97516,294.72498,847.09,-0.014136611,-13795.588503956027,20.0,N_609
2024-05-13 21:24:16,72.14738,18.03273,64.02412,294.676,847.0937,-0.013881246,-13896.734956514985,20.0,N_609
2024-05-13 21:24:17,72.207535,18.029587,64.08007,294.62704,847.09924,-0.013889466,-14000.718674186552,20.0,N_609
2024-05-13 21:24:18,72.267654,18.026413,64.136024,294.57108,847.09735,-0.013897559,-14103.120247990024,20.0,N_609
2024-05-13 21:24:19,72.327736,18.023209,64.19198,294.52213,847.09735,-0.01404902,-14216.613455949027,20.0,N_609
2024-05-13 21:24:20,72.38778,18.019974,64.25492,294.47318,847.09735,-0.014200482,-14321.790771093329,20.0,N_609
2024-05-13 21:24:21,72.44779,18.016693,64.310875,294.42422,847.09735,-0.013829366,-14425.225239930427,20.0,N_609
2024-05-13 21:24:22,72.50776,18.013382,64.36683,294.36826,847.09735,-0.013813455,-14526.952453456852,20.0,N_609
2024-05-13 21:24:23,72.5677,18.010025,64.42278,294.3193,847.09735,-0.013800187,-14630.120747117355,20.0,N_609
2024-05-13 21:24:24,72.6276,18.006653,64.47874,294.26334,847.09735,-0.013772424,-14721.556359641902,20.0,N_609
2024-05-13 21:24:25,72.68747,18.003235,64.527695,294.2144,847.09735,-0.013773062,-14823.464608295126,20.0,N_609
2024-05-13 21:24:26,72.7473,17.999786,64.58365,294.15845,847.0956,-0.014139246,-14917.030078467238,20.0,N_609
2024-05-13 21:24:27,72.80709,17.996307,64.63261,294.10947,847.09735,-0.014322472,-15022.605853207922,20.0,N_609
2024-05-13 21:24:28,72.866844,17.992798,64.68856,294.05353,847.10297,-0.01429746,-15127.3993176378,20.0,N_609
2024-05-13 21:24:29,72.92657,17.989243,64.744514,294.00458,847.09924,-0.014072698,-15232.210650561792,20.0,N_609
2024-05-13 21:24:30,72.98625,17.985657,64.80046,293.9486,847.07886,-0.014094243,-15337.328075237394,20.0,N_609
2024-05-13 21:24:31,73.0459,17.98204,64.856415,293.89267,847.0937,-0.0148434555,-15445.67924010066,20.0,N_609
2024-05-13 21:24:32,73.105515,17.978378,64.91237,293.8437,847.18634,-0.014841695,-15555.602948759115,20.0,N_609
2024-05-13 21:24:33,73.16509,17.9747,64.96832,293.78775,847.28815,-0.014802473,-15654.89545246261,20.0,N_609
2024-05-13 21:24:34,73.22463,17.970978,65.01728,293.7318,847.31226,-0.0144634,-15759.635216885872,20.0,N_609
2024-05-13 21:24:35,73.284134,17.967224,65.073235,293.68283,847.2937,-0.013869439,-15862.872829523647,20.0,N_609
2024-05-13 21:24:36,73.343605,17.963425,65.12919,293.6269,847.2844,-0.014270591,-15979.325986957732,20.0,N_609
2024-05-13 21:24:37,73.40303,17.95961,65.19213,293.57092,847.28815,-0.0148236295,-16090.136656864564,20.0,N_609
2024-05-13 21:24:38,73.46243,17.95575,65.248085,293.51498,847.2937,-0.014784346,-16199.65568999057,20.0,N_609
2024-05-13 21:24:39,73.52179,17.951859,65.30404,293.459,847.2937,-0.014722271,-16298.2260446812,20.0,N_609
2024-05-13 21:24:40,73.581116,17.947922,65.353,293.40308,847.2919,-0.014350182,-16403.745725459063,20.0,N_609
2024-05-13 21:24:41,73.6404,17.94397,65.40895,293.3471,847.2919,-0.013646237,-16505.46317117234,20.0,N_609
2024-05-13 21:24:42,73.69965,17.939972,65.464905,293.29117,847.2919,-0.014362595,-16611.986276692493,20.0,N_609
2024-05-13 21:24:43,73.758865,17.935944,65.52086,293.23523,847.2919,-0.014478167,-16719.263007871094,20.0,N_609
2024-05-13 21:24:44,73.81805,17.93187,65.57681,293.17926,847.2919,-0.013750572,-16811.774056358878,20.0,N_609
2024-05-13 21:24:45,73.87719,17.92778,65.62577,293.12332,847.2919,-0.01335471,-16910.406649144155,20.0,N_609
2024-05-13 21:24:46,73.936295,17.923645,65.681725,293.06735,847.2919,-0.01241703,-16994.80159992881,20.0,N_609
2024-05-13 21:24:47,73.99537,17.91948,65.73068,293.0114,847.2919,-0.011853781,-17083.24753142306,20.0,N_609
2024-05-13 21:24:48,74.054405,17.915283,65.78664,292.95544,847.2919,-0.011861362,-17172.702932567296,20.0,N_609
2024-05-13 21:24:49,74.1134,17.911041,65.84259,292.8995,847.2919,-0.011284037,-17259.668036388408,20.0,N_609
2024-05-13 21:24:50,74.17236,17.906784,65.89854,292.83655,847.2919,-0.011639552,-17347.758275981152,20.0,N_609
2024-05-13 21:24:51,74.23129,17.902481,65.95449,292.7806,847.29553,-0.01129564,-17433.318440076084,20.0,N_609
2024-05-13 21:24:52,74.29018,17.898132,66.010445,292.72464,847.2937,-0.010366112,-17512.584019896945,20.0,N_609
2024-05-13 21:24:53,74.34904,17.893768,66.0664,292.6687,847.2789,-0.010119377,-17591.43259793795,20.0,N_609
2024-05-13 21:24:54,74.40785,17.889359,66.12235,292.60574,847.28815,-0.009892138,-17660.561497821516,20.0,N_609
2024-05-13 21:24:55,74.46664,17.884918,66.17131,292.5498,847.36035,-0.009798899,-17734.94900652957,20.0,N_609
2024-05-13 21:24:56,74.52538,17.880447,66.227264,292.49384,847.4493,-0.0102014085,-17807.11035405917,20.0,N_609
2024-05-13 21:24:57,74.58409,17.875946,66.27622,292.43088,847.49927,-0.009866329,-17883.30568420477,20.0,N_609
2024-05-13 21:24:58,74.64276,17.871399,66.33218,292.36795,847.49554,-0.009495645,-17956.759480535857,20.0,N_609
2024-05-13 21:24:59,74.7014,17.866821,66.38813,292.31198,847.4826,-0.009445654,-18029.659332991683,20.0,N_609
2024-05-13 21:25:00,74.76,17.862213,66.444084,292.25604,847.48444,-0.009395663,-18103.33918947979,20.0,N_609
2024-05-13 21:25:01,74.81922,17.858505,66.50003,292.19308,847.48816,-0.008617266,-18170.812900041015,20.0,N_609
2024-05-13 21:25:02,74.87839,17.854736,66.555984,292.13715,847.48816,-0.009184744,-18236.5361993265,20.0,N_609
2024-05-13 21:25:03,74.93749,17.850906,66.60494,292.0742,847.4863,-0.010047579,-18313.80045441982,20.0,N_609
2024-05-13 21:25:04,74.99654,17.847,66.6609,292.01123,847.4863,-0.009819794,-18389.28099334983,20.0,N_609
2024-05-13 21:25:05,75.05552,17.843033,66.71685,291.9553,847.4863,-0.008095128,-18459.76784281573,20.0,N_609
2024-05-13 21:25:06,75.11445,17.839005,66.7798,291.89233,847.4863,-0.0080628665,-18525.34891492461,20.0,N_609
2024-05-13 21:25:07,75.173325,17.8349,66.835754,291.8294,847.4863,-0.008606223,-18587.563694993478,20.0,N_609
2024-05-13 21:25:08,75.23213,17.830734,66.88471,291.76645,847.4863,-0.008747496,-18649.635596210708,20.0,N_609
2024-05-13 21:25:09,75.290886,17.826492,66.93367,291.7035,847.4863,-0.008645322,-18711.05166974874,20.0,N_609
2024-05-13 21:25:10,75.34959,17.822205,66.98263,291.64056,847.4863,-0.007899326,-18773.463932625727,20.0,N_609
2024-05-13 21:25:11,75.408226,17.81784,67.03858,291.5776,847.4863,-0.006764473,-18829.097332234014,20.0,N_609
2024-05-13 21:25:12,75.466805,17.8134,67.094536,291.51465,847.48444,-0.0073639825,-18888.788730906424,20.0,N_609
2024-05-13 21:25:13,75.52532,17.808914,67.15049,291.45172,847.4863,-0.008283617,-18954.715929512553,20.0,N_609
2024-05-13 21:25:14,75.583786,17.804352,67.206436,291.38876,847.4919,-0.008405108,-19028.47597287997,20.0,N_609
2024-05-13 21:25:15,75.64219,17.799713,67.26939,291.31882,847.4938,-0.0085266,-19091.135242582084,20.0,N_609
2024-05-13 21:25:16,75.70053,17.795029,67.318344,291.2559,847.47705,-0.008718833,-19152.80246186268,20.0,N_609
2024-05-13 21:25:17,75.75882,17.790268,67.3673,291.19293,847.46594,-0.008681167,-19214.215211653398,20.0,N_609
2024-05-13 21:25:18,75.817055,17.78543,67.41626,291.12997,847.5215,-0.009030107,-19284.119151596657,20.0,N_609
2024-05-13 21:25:19,75.87522,17.780548,67.47221,291.06705,847.6326,-0.008585606,-19353.01470790983,20.0,N_609
2024-05-13 21:25:20,75.933334,17.775589,67.52817,290.9971,847.69934,-0.008159284,-19418.113591577836,20.0,N_609
2024-05-13 21:25:21,75.99139,17.770554,67.58412,290.93414,847.6937,-0.008725645,-19486.840839252436,20.0,N_609
2024-05-13 21:25:22,76.049385,17.765472,67.640076,290.87122,847.67706,-0.007854376,-19549.629311929835,20.0,N_609
2024-05-13 21:25:23,76.10732,17.760315,67.69603,290.80826,847.67706,-0.006983107,-19607.3289086941,20.0,N_609
2024-05-13 21:25:24,76.1652,17.755081,67.75198,290.7383,847.6826,-0.005456761,-19650.849991732415,20.0,N_609
2024-05-13 21:25:25,76.22302,17.749802,67.80094,290.66837,847.6826,-0.0033774083,-19682.418066964572,20.0,N_609
2024-05-13 21:25:26,76.280785,17.744446,67.856895,290.60544,847.6807,-0.0025445377,-19707.64243658405,20.0,N_609
2024-05-13 21:25:27,76.338486,17.739014,67.90585,290.5355,847.6807,-0.0007344195,-19721.273812229138,20.0,N_609
2024-05-13 21:25:28,76.39613,17.733536,67.96181,290.47253,847.6807,-0.001527531,-19741.23402783058,20.0,N_609
2024-05-13 21:25:29,76.45372,17.727982,68.01775,290.4026,847.6807,-0.003988829,-19778.32870818033,20.0,N_609
2024-05-13 21:25:30,76.51125,17.722351,68.07371,290.33267,847.6807,-0.0064501273,-19831.600274552246,20.0,N_609
2024-05-13 21:25:31,76.56872,17.716675,68.12966,290.2697,847.6807,-0.0076692184,-19893.815001052746,20.0,N_609
2024-05-13 21:25:32,76.62614,17.710922,68.185616,290.19977,847.6807,-0.0069750515,-19946.534996229024,20.0,N_609
2024-05-13 21:25:33,76.68349,17.705109,68.23457,290.12982,847.6807,-0.0034419645,-19976.42768274394,20.0,N_609
2024-05-13 21:25:34,76.74078,17.699219,68.28353,290.05988,847.6807,-0.004140285,-20013.51310977722,20.0,N_609
2024-05-13 21:25:35,76.79802,17.693268,68.339485,289.98996,847.67896,-0.0034329044,-20046.287557101932,20.0,N_609
2024-05-13 21:25:36,76.8552,17.687256,68.39544,289.927,847.67896,-0.00094359805,-20062.152339906403,20.0,N_609
2024-05-13 21:25:37,76.91232,17.681168,68.45139,289.85706,847.6845,0.0015457083,-20061.966156284594,20.0,N_609
2024-05-13 21:25:38,76.96938,17.675018,68.50035,289.78012,847.68634,-0.0007982467,-20075.665153116563,20.0,N_609
2024-05-13 21:25:39,77.02639,17.668808,68.54931,289.71017,847.6734,0.0027740146,-20065.21381446702,20.0,N_609
2024-05-13 21:25:40,77.083336,17.662537,68.60526,289.64023,847.66223,0.003025351,-20054.002886784092,20.0,N_609
2024-05-13 21:25:41,77.14022,17.656189,68.66122,289.5703,847.71594,0.0016686041,-20052.095214237106,20.0,N_609
2024-05-13 21:25:42,77.19705,17.649765,68.71717,289.50037,847.8271,0.0023975691,-20044.89830097661,20.0,N_609
2024-05-13 21:25:43,77.25382,17.643295,68.773125,289.42343,847.89374,0.005288772,-20018.37350785833,20.0,N_609
2024-05-13 21:25:44,77.31053,17.63675,68.82907,289.3535,847.8882,0.006414744,-19983.955278020876,20.0,N_609
2024-05-13 21:25:45,77.36719,17.630142,68.885025,289.28354,847.8697,0.0060414653,-19956.353205483072,20.0,N_609
2024-05-13 21:25:46,77.42378,17.623459,68.93398,289.2136,847.8697,0.0072625894,-19914.331234776248,20.0,N_609
2024-05-13 21:25:47,77.48032,17.616714,68.98994,289.13666,847.87524,0.0040717614,-19899.02441367038,20.0,N_609
2024-05-13 21:25:48,77.5368,17.60991,69.038895,289.0667,847.8771,0.0051398133,-19875.35392538851,20.0,N_609
2024-05-13 21:25:49,77.59322,17.603043,69.08785,288.98978,847.87524,0.00881725,-19828.844513291864,20.0,N_609
2024-05-13 21:25:50,77.64958,17.5961,69.13682,288.91284,847.87524,0.010452808,-19766.14364103858,20.0,N_609
2024-05-13 21:25:51,77.70589,17.589096,69.192764,288.84293,847.87524,0.01317825,-19684.062917116054,20.0,N_609
2024-05-13 21:25:52,77.76213,17.582016,69.24872,288.766,847.87524,0.016470268,-19579.339652765233,20.0,N_609
2024-05-13 21:25:53,77.81832,17.574875,69.30467,288.68903,847.87524,0.014215036,-19490.325821022485,20.0,N_609
2024-05-13 21:25:54,77.87445,17.567673,69.36063,288.6121,847.87524,0.015424565,-19403.650320746332,20.0,N_609
2024-05-13 21:25:55,77.93052,17.560394,69.409584,288.53516,847.87524,0.014714725,-19311.99350770026,20.0,N_609
2024-05-13 21:25:56,77.986534,17.55307,69.46554,288.46524,847.87524,0.014004886,-19224.366981479474,20.0,N_609
2024-05-13 21:25:57,78.04249,17.545654,69.52149,288.3883,847.87524,0.017244315,-19126.49442405281,20.0,N_609
2024-05-13 21:25:58,78.09838,17.538193,69.57045,288.31137,847.87524,0.015999876,-19035.47627842924,20.0,N_609
2024-05-13 21:25:59,78.15422,17.530655,69.61941,288.23444,847.8771,0.0098004155,-18976.295806190075,20.0,N_609
2024-05-13 21:26:00,78.21,17.523056,69.67536,288.1575,847.87524,0.00958895,-18924.923967251674,20.0,N_609
2024-05-13 21:26:01,78.267525,17.518448,69.72432,288.07355,847.87524,0.0073495554,-18882.923899960966,20.0,N_609
2024-05-13 21:26:02,78.32493,17.513657,69.78027,287.9966,847.87897,0.010588708,-18818.045928271866,20.0,N_609
2024-05-13 21:26:03,78.38221,17.508713,69.83623,287.9127,847.8808,0.010402851,-18755.931259328197,20.0,N_609
2024-05-13 21:26:04,78.43938,17.503586,69.89218,287.83575,847.8678,0.010191789,-18695.11712117669,20.0,N_609
2024-05-13 21:26:05,78.49642,17.498291,69.948135,287.75882,847.8474,0.0105941035,-18637.54757638006,20.0,N_609
2024-05-13 21:26:06,78.55335,17.492828,69.99709,287.6749,847.8715,0.010265141,-18582.676078353266,20.0,N_609
2024-05-13 21:26:07,78.61015,17.487198,70.04605,287.59796,847.96783,0.009359175,-18533.2633829821,20.0,N_609
2024-05-13 21:26:08,78.66684,17.4814,70.09501,287.52103,848.066,0.010920619,-18465.306395163865,20.0,N_609
2024-05-13 21:26:09,78.72341,17.475433,70.15096,287.4371,848.0901,0.009783015,-18406.47575457781,20.0,N_609
2024-05-13 21:26:10,78.77986,17.4693,70.20692,287.35318,848.07153,0.010419136,-18350.361553596966,20.0,N_609
2024-05-13 21:26:11,78.83619,17.462982,70.255875,287.26923,848.066,0.011055256,-18289.333594016036,20.0,N_609
2024-05-13 21:26:12,78.892395,17.456512,70.30483,287.1853,848.0697,0.0108052725,-18223.733294436035,20.0,N_609
2024-05-13 21:26:13,78.94849,17.44986,70.36079,287.10837,848.07153,0.009713274,-18165.317360857618,20.0,N_609
2024-05-13 21:26:14,79.00446,17.443039,70.41674,287.02444,848.07153,0.0076588932,-18121.473209483305,20.0,N_609
2024-05-13 21:26:15,79.06031,17.43605,70.47269,286.94052,848.0697,0.010064672,-18067.75945567374,20.0,N_609
2024-05-13 21:26:16,79.11604,17.428894,70.52165,286.8566,848.0697,0.011755619,-18002.506695450087,20.0,N_609
2024-05-13 21:26:17,79.17165,17.42157,70.57061,286.77264,848.07153,0.014575414,-17919.56654280061,20.0,N_609
2024-05-13 21:26:18,79.22715,17.414078,70.61957,286.68872,848.07153,0.01739521,-17806.96580203616,20.0,N_609
2024-05-13 21:26:19,79.282524,17.406418,70.67552,286.6048,848.0697,0.014100123,-17718.31875597282,20.0,N_609
2024-05-13 21:26:20,79.337776,17.398575,70.731476,286.52087,848.0697,0.012455003,-17648.136428706777,20.0,N_609
2024-05-13 21:26:21,79.392914,17.39058,70.78043,286.42993,848.07153,0.01821572,-17542.747672722144,20.0,N_609
2024-05-13 21:26:22,79.44793,17.3824,70.82939,286.346,848.07153,0.020327754,-17421.366858858208,20.0,N_609
2024-05-13 21:26:23,79.50282,17.374054,70.87835,286.2551,848.0697,0.022217363,-17273.080828046073,20.0,N_609
2024-05-13 21:26:24,79.5576,17.36554,70.9343,286.16415,848.0697,0.016423432,-17180.026510457,20.0,N_609
2024-05-13 21:26:25,79.61226,17.356857,70.98326,286.08023,848.0697,0.02064963,-17042.810614120128,20.0,N_609
2024-05-13 21:26:26,79.666794,17.348007,71.039215,285.98932,848.07153,0.019417413,-16917.70439759008,20.0,N_609
2024-05-13 21:26:27,79.721214,17.33899,71.09517,285.9054,848.07153,0.01683085,-16819.95623743431,20.0,N_609
2024-05-13 21:26:28,79.77551,17.329788,71.14413,285.81445,848.0697,0.016209403,-16727.539155760962,20.0,N_609
2024-05-13 21:26:29,79.82969,17.320435,71.193085,285.73053,848.0697,0.01969654,-16597.344815572476,20.0,N_609
2024-05-13 21:26:30,79.88375,17.310898,71.24904,285.63962,848.07336,0.01824506,-16478.542255943994,20.0,N_609
2024-05-13 21:26:31,79.93769,17.301193,71.30499,285.54868,848.07153,0.017907863,-16372.055198505856,20.0,N_609
2024-05-13 21:26:32,79.99151,17.291336,71.35395,285.45078,848.05676,0.019804794,-16255.185509476774,20.0,N_609
2024-05-13 21:26:33,80.04521,17.281296,71.40291,285.35983,848.0678,0.019296935,-16128.268573573656,20.0,N_609
2024-05-13 21:26:34,80.09879,17.271072,71.45886,285.26892,848.1382,0.016679183,-16032.133659968602,20.0,N_609
2024-05-13 21:26:35,80.15225,17.260696,71.50782,285.178,848.22894,0.01577341,-15928.255184019274,20.0,N_609
2024-05-13 21:26:36,80.2056,17.250153,71.563774,285.08008,848.27893,0.014867637,-15853.708771372458,20.0,N_609
2024-05-13 21:26:37,80.25882,17.23944,71.605736,284.98917,848.27344,0.013961865,-15763.568550226424,20.0,N_609
2024-05-13 21:26:38,80.31193,17.228546,71.66169,284.89822,848.2623,0.012434318,-15684.593914386194,20.0,N_609
2024-05-13 21:26:39,80.364914,17.217484,71.71764,284.80032,848.2623,0.010540153,-15627.762981973528,20.0,N_609
2024-05-13 21:26:40,80.41778,17.206268,71.7666,284.70938,848.266,0.01357149,-15539.878390726924,20.0,N_609
2024-05-13 21:26:41,80.47052,17.19487,71.822556,284.61148,848.266,0.014882699,-15463.47353091255,20.0,N_609
2024-05-13 21:26:42,80.52315,17.183304,71.86452,284.51355,848.2641,0.018281382,-15356.091006411049,20.0,N_609
2024-05-13 21:26:43,80.57565,17.17157,71.913475,284.42264,848.266,0.015677666,-15253.380976225963,20.0,N_609
2024-05-13 21:26:44,80.628044,17.159653,71.96943,284.3247,848.266,0.015553115,-15163.22371029996,20.0,N_609
2024-05-13 21:26:45,80.68031,17.147583,72.01839,284.2268,848.266,0.0154285645,-15062.584923516875,20.0,N_609
2024-05-13 21:26:46,80.73246,17.135345,72.07434,284.12888,848.266,0.021064589,-14937.208844956118,20.0,N_609
2024-05-13 21:26:47,80.784485,17.122925,72.1233,284.03098,848.266,0.01777779,-14832.075537739112,20.0,N_609
2024-05-13 21:26:48,80.836395,17.110336,72.17226,283.93304,848.266,0.0197354,-14701.107491797236,20.0,N_609
2024-05-13 21:26:49,80.88819,17.09758,72.22821,283.8351,848.266,0.020549493,-14565.37178497613,20.0,N_609
2024-05-13 21:26:50,80.93986,17.084671,72.284164,283.7372,848.266,0.018647179,-14453.462626282999,20.0,N_609
2024-05-13 21:26:51,80.99141,17.071564,72.33312,283.6323,848.266,0.020332564,-14332.508044286398,20.0,N_609
2024-05-13 21:26:52,81.04284,17.058304,72.38208,283.5344,848.266,0.01896418,-14217.797182423441,20.0,N_609
2024-05-13 21:26:53,81.094154,17.044876,72.431046,283.42947,848.266,0.022501905,-14083.157732280677,20.0,N_609
2024-05-13 21:26:54,81.14535,17.03128,72.48,283.33154,848.266,0.021210218,-13939.860026776567,20.0,N_609
2024-05-13 21:26:55,81.19642,17.017502,72.53596,283.22662,848.2641,0.018741168,-13827.9743951429,20.0,N_609
2024-05-13 21:26:56,81.247375,17.00357,72.584915,283.12173,848.2641,0.020872347,-13687.466037823557,20.0,N_609
2024-05-13 21:26:57,81.29821,16.989456,72.64087,283.0168,848.2679,0.023199096,-13546.848383166594,20.0,N_609
2024-05-13 21:26:58,81.34892,16.975174,72.68983,282.9119,848.2697,0.020871723,-13433.948510562836,20.0,N_609
2024-05-13 21:26:59,81.39952,16.960724,72.73179,282.80698,848.2568,0.021082146,-13305.470903119487,20.0,N_609
2024-05-13 21:27:00,81.45,16.946106,72.78075,282.7021,848.2456,0.019594913,-13174.433816218336,20.0,N_609
2024-05-13 21:27:01,81.50666,16.937592,72.8367,282.59717,848.2993,0.019261839,-13046.75359899076,20.0,N_609
2024-05-13 21:27:02,81.562996,16.928696,72.892654,282.49225,848.4086,0.01879447,-12922.495287338901,20.0,N_609
2024-05-13 21:27:03,81.618996,16.919418,72.94861,282.38733,848.48083,0.02067024,-12809.385701925126,20.0,N_609
2024-05-13 21:27:04,81.67466,16.909744,72.99057,282.27545,848.48267,0.024299083,-12657.844130079557,20.0,N_609
2024-05-13 21:27:05,81.729996,16.899704,73.03953,282.16354,848.46045,0.020517057,-12534.676125912061,20.0,N_609
2024-05-13 21:27:06,81.784996,16.889282,73.088486,282.05862,848.45496,0.018270547,-12423.63170822454,20.0,N_609
2024-05-13 21:27:07,81.83966,16.878479,73.13745,281.94672,848.46045,0.018841429,-12309.129978867008,20.0,N_609
2024-05-13 21:27:08,81.894,16.86728,73.18641,281.8348,848.46045,0.018418247,-12197.49453249625,20.0,N_609
2024-05-13 21:27:09,81.948,16.855713,73.23537,281.7229,848.46045,0.018246138,-12076.951763513945,20.0,N_609
2024-05-13 21:27:10,82.00166,16.84375,73.29132,281.61798,848.4586,0.01733416,-11973.300879176873,20.0,N_609
2024-05-13 21:27:11,82.05499,16.83142,73.34028,281.50607,848.46045,0.019400077,-11855.544706215089,20.0,N_609
2024-05-13 21:27:12,82.107994,16.818695,73.38924,281.39417,848.46045,0.020366292,-11729.047093850757,20.0,N_609
2024-05-13 21:27:13,82.16066,16.805588,73.438194,281.27527,848.46045,0.018877584,-11612.733249490986,20.0,N_609
2024-05-13 21:27:14,82.213,16.792114,73.48715,281.15637,848.46045,0.018964069,-11485.633876477837,20.0,N_609
2024-05-13 21:27:15,82.265,16.778244,73.543106,281.04446,848.46045,0.020151611,-11364.25926035149,20.0,N_609
2024-05-13 21:27:16,82.316666,16.763992,73.592064,280.93256,848.46045,0.022063404,-11226.993997431611,20.0,N_609
2024-05-13 21:27:17,82.368,16.74936,73.64102,280.81366,848.46045,0.021143159,-11098.685974781416,20.0,N_609
2024-05-13 21:27:18,82.419,16.734344,73.68998,280.70175,848.46045,0.020439813,-10972.391107351392,20.0,N_609
2024-05-13 21:27:19,82.469666,16.718948,73.738945,280.58286,848.46045,0.02009141,-10848.703871150425,20.0,N_609
2024-05-13 21:27:20,82.52,16.70317,73.7879,280.46396,848.46045,0.0201275,-10724.8888144097,20.0,N_609
2024-05-13 21:27:21,82.56999,16.687012,73.83686,280.34506,848.46045,0.019438412,-10592.90111893805,20.0,N_609
2024-05-13 21:27:22,82.61966,16.670471,73.892815,280.22617,848.46045,0.019823419,-10472.187294153267,20.0,N_609
2024-05-13 21:27:23,82.669,16.65355,73.94177,280.10727,848.46045,0.018205767,-10359.138265127553,20.0,N_609
2024-05-13 21:27:24,82.717995,16.63623,73.99073,279.98138,848.4586,0.015611631,-10275.519936250563,20.0,N_609
2024-05-13 21:27:25,82.76666,16.618546,74.03269,279.86246,848.4586,0.016489238,-10175.30726476372,20.0,N_609
2024-05-13 21:27:26,82.814995,16.60048,74.08165,279.74356,848.46045,0.016672162,-10072.811312509404,20.0,N_609
2024-05-13 21:27:27,82.863,16.582016,74.130615,279.61768,848.4642,0.021050576,-9929.944776561944,20.0,N_609
2024-05-13 21:27:28,82.91066,16.563187,74.18656,279.49878,848.46045,0.01987454,-9807.146299507143,20.0,N_609
2024-05-13 21:27:29,82.95799,16.543976,74.23553,279.3729,848.44196,0.018698502,-9691.634613960829,20.0,N_609
2024-05-13 21:27:30,83.005,16.524368,74.284485,279.24698,848.4567,0.019746006,-9569.26996907752,20.0,N_609
2024-05-13 21:27:31,83.05166,16.50438,74.33344,279.1211,848.5475,0.019377222,-9449.475046513193,20.0,N_609
2024-05-13 21:27:32,83.09799,16.484024,74.3824,278.9952,848.64935,0.019380284,-9329.764620183525,20.0,N_609
2024-05-13 21:27:33,83.144,16.463272,74.43136,278.8693,848.6827,0.01827326,-9217.527939454561,20.0,N_609
2024-05-13 21:27:34,83.18966,16.442139,74.480316,278.7434,848.6661,0.018346531,-9102.704764053513,20.0,N_609
2024-05-13 21:27:35,83.23499,16.420639,74.529274,278.61053,848.64935,0.0187466,-8985.466976078367,20.0,N_609
2024-05-13 21:27:36,83.28,16.398743,74.57823,278.47763,848.65125,0.019526433,-8877.684391996809,20.0,N_609
2024-05-13 21:27:37,83.32466,16.376465,74.6202,278.35175,848.6549,0.019917998,-8751.77341421421,20.0,N_609
2024-05-13 21:27:38,83.368996,16.353806,74.66916,278.21884,848.6549,0.020571278,-8635.31850552209,20.0,N_609
2024-05-13 21:27:39,83.412994,16.330765,74.71112,278.08597,848.6549,0.01959976,-8511.947700463588,20.0,N_609
2024-05-13 21:27:40,83.456665,16.307343,74.760086,277.95306,848.6549,0.018657219,-8395.887990690211,20.0,N_609
2024-05-13 21:27:41,83.49999,16.283539,74.809044,277.8202,848.6549,0.01901894,-8265.159919270634,20.0,N_609
2024-05-13 21:27:42,83.54299,16.259354,74.86499,277.6873,848.6549,0.018263841,-8152.803599370251,20.0,N_609
2024-05-13 21:27:43,83.58566,16.234772,74.913956,277.5544,848.6549,0.018113265,-8040.744344559834,20.0,N_609
2024-05-13 21:27:44,83.628,16.209824,74.96291,277.4215,848.6549,0.01850884,-7935.258430775099,20.0,N_609
2024-05-13 21:27:45,83.67,16.184494,75.004875,277.28165,848.6549,0.018119067,-7820.585006911733,20.0,N_609
2024-05-13 21:27:46,83.71166,16.158768,75.05383,277.14175,848.6549,0.01745712,-7722.00874438243,20.0,N_609
2024-05-13 21:27:47,83.753,16.132675,75.0958,277.00186,848.6549,0.016795173,-7616.55521643822,20.0,N_609
2024-05-13 21:27:48,83.79399,16.106201,75.14476,276.862,848.6549,0.016228164,-7517.749103284855,20.0,N_609
2024-05-13 21:27:49,83.83466,16.07933,75.19372,276.7291,848.6549,0.016831521,-7412.923118323326,20.0,N_609
2024-05-13 21:27:50,83.87499,16.052078,75.242676,276.58923,848.6549,0.01706004,-7304.807470524818,20.0,N_609
2024-05-13 21:27:51,83.91499,16.02446,75.29163,276.44235,848.6549,0.017253937,-7197.69511859808,20.0,N_609
2024-05-13 21:27:52,83.95466,15.996445,75.34059,276.30246,848.6549,0.017328303,-7098.442892104488,20.0,N_609
2024-05-13 21:27:53,83.993996,15.968048,75.38256,276.15558,848.6549,0.017356694,-6990.050657657763,20.0,N_609
2024-05-13 21:27:54,84.033,15.939285,75.43152,276.01572,848.6549,0.017590417,-6878.785656199527,20.0,N_609
2024-05-13 21:27:55,84.07166,15.910126,75.48048,275.86884,848.6549,0.017088342,-6781.61268560318,20.0,N_609
2024-05-13 21:27:56,84.10999,15.880585,75.52244,275.72195,848.6549,0.016777322,-6685.675671800371,20.0,N_609
2024-05-13 21:27:57,84.147995,15.850662,75.56441,275.57507,848.6531,0.016771441,-6579.714607657839,20.0,N_609
2024-05-13 21:27:58,84.18566,15.820358,75.613365,275.4282,848.65674,0.016401269,-6475.274313111728,20.0,N_609
2024-05-13 21:27:59,84.22299,15.789673,75.66232,275.27432,848.6586,0.016047413,-6375.456856433865,20.0,N_609
2024-05-13 21:28:00,84.259995,15.758606,75.71128,275.12744,848.6475,0.01607466,-6283.141307345762,20.0,N_609
2024-05-13 21:28:01,84.307556,15.718323,75.75325,274.97357,848.64014,0.016283046,-6181.146247971929,20.0,N_609
2024-05-13 21:28:02,84.35442,15.677963,75.80221,274.82672,848.68085,0.016126156,-6079.09121934249,20.0,N_609
2024-05-13 21:28:03,84.40058,15.637527,75.851166,274.67285,848.7679,0.015953122,-5978.516835560377,20.0,N_609
2024-05-13 21:28:04,84.44604,15.597,75.90012,274.51895,848.8457,0.015588121,-5889.965388336643,20.0,N_609
2024-05-13 21:28:05,84.49079,15.5563965,75.942085,274.36508,848.8642,0.015188926,-5803.229672762521,20.0,N_609
2024-05-13 21:28:06,84.53484,15.515701,75.984055,274.2112,848.84937,0.014395282,-5711.233370413448,20.0,N_609
2024-05-13 21:28:07,84.57819,15.474915,76.03301,274.05035,848.8457,0.0128502995,-5632.563271248643,20.0,N_609
2024-05-13 21:28:08,84.62084,15.434067,76.08197,273.89648,848.84937,0.012325907,-5555.993767159033,20.0,N_609
2024-05-13 21:28:09,84.66278,15.393127,76.13093,273.73563,848.84937,0.012203795,-5487.800966586645,20.0,N_609
2024-05-13 21:28:10,84.704025,15.352097,76.17289,273.57477,848.84937,0.0122407,-5418.67711392861,20.0,N_609
2024-05-13 21:28:11,84.74456,15.310989,76.21486,273.4139,848.84937,0.012424777,-5350.022615853764,20.0,N_609
2024-05-13 21:28:12,84.78439,15.269806,76.25682,273.26004,848.84937,0.012264061,-5273.441318172602,20.0,N_609
2024-05-13 21:28:13,84.823524,15.228531,76.30578,273.09915,848.84937,0.012258693,-5196.530630907812,20.0,N_609
2024-05-13 21:28:14,84.86195,15.187164,76.354744,272.9313,848.84937,0.012856052,-5117.169815541589,20.0,N_609
2024-05-13 21:28:15,84.89968,15.145721,76.4037,272.77045,848.84937,0.012895228,-5043.5920532962355,20.0,N_609
2024-05-13 21:28:16,84.93671,15.104202,76.44566,272.60257,848.84937,0.012155945,-4974.273168092399,20.0,N_609
2024-05-13 21:28:17,84.97303,15.062607,76.487625,272.43472,848.84937,0.0114166625,-4903.037613011315,20.0,N_609
2024-05-13 21:28:18,85.008644,15.020905,76.53659,272.26688,848.84937,0.011431249,-4839.319622486795,20.0,N_609
2024-05-13 21:28:19,85.04356,14.979141,76.57855,272.099,848.84937,0.011307438,-4774.31992678998,20.0,N_609
2024-05-13 21:28:20,85.077774,14.937286,76.620514,271.92416,848.84937,0.011105798,-4705.678797850335,20.0,N_609
2024-05-13 21:28:21,85.11128,14.89534,76.66947,271.7563,848.84937,0.010915867,-4645.517215583148,20.0,N_609
2024-05-13 21:28:22,85.14409,14.8533325,76.71144,271.58844,848.84937,0.01111023,-4582.087614160064,20.0,N_609
2024-05-13 21:28:23,85.17619,14.811218,76.7534,271.41357,848.84937,0.01113678,-4518.747096695899,20.0,N_609
2024-05-13 21:28:24,85.207596,14.769028,76.79537,271.23874,848.84937,0.011351729,-4446.166699279913,20.0,N_609
2024-05-13 21:28:25,85.2383,14.726761,76.84433,271.0569,848.84937,0.011169753,-4385.075873691371,20.0,N_609
2024-05-13 21:28:26,85.26829,14.684418,76.88629,270.889,848.84937,0.011402608,-4318.741754357351,20.0,N_609
2024-05-13 21:28:27,85.297585,14.641983,76.92826,270.70718,848.84937,0.01142243,-4247.390920290585,20.0,N_609
2024-05-13 21:28:28,85.32617,14.599457,76.97722,270.53232,848.84937,0.010887123,-4185.555738490777,20.0,N_609
2024-05-13 21:28:29,85.35406,14.556854,77.01918,270.35046,848.84937,0.010121859,-4128.251291039211,20.0,N_609
2024-05-13 21:28:30,85.38124,14.514175,77.06114,270.16864,848.84937,0.010332608,-4069.6448185656086,20.0,N_609
2024-05-13 21:28:31,85.40773,14.471405,77.10311,269.9868,848.84937,0.010079792,-4005.7856339010473,20.0,N_609
2024-05-13 21:28:32,85.4335,14.428543,77.15207,269.79794,848.84937,0.009826976,-3951.561803614268,20.0,N_609
2024-05-13 21:28:33,85.45858,14.38562,77.19403,269.6161,848.84937,0.009647013,-3897.683272115013,20.0,N_609
2024-05-13 21:28:34,85.482956,14.342606,77.236,269.43423,848.84937,0.009092918,-3852.389768607303,20.0,N_609
2024-05-13 21:28:35,85.50663,14.2994995,77.270966,269.2524,848.84937,0.00891714,-3801.5926093213257,20.0,N_609
2024-05-13 21:28:36,85.529594,14.256317,77.312935,269.06357,848.84937,0.008725146,-3753.033939404861,20.0,N_609
2024-05-13 21:28:37,85.55186,14.213043,77.3549,268.87473,848.8475,0.008532105,-3699.9463100630014,20.0,N_609
2024-05-13 21:28:38,85.573425,14.169693,77.403854,268.6789,848.85126,0.008560579,-3653.5050987621153,20.0,N_609
2024-05-13 21:28:39,85.594284,14.1262665,77.44582,268.49005,848.8531,0.008578645,-3605.1155783436707,20.0,N_609
2024-05-13 21:28:40,85.61444,14.082748,77.487785,268.29422,848.842,0.008417559,-3553.2399825510356,20.0,N_609
2024-05-13 21:28:41,85.633896,14.039154,77.53674,268.09836,848.83453,0.008256201,-3508.029221764503,20.0,N_609
2024-05-13 21:28:42,85.65264,13.995468,77.57871,267.90253,848.8753,0.00808638,-3467.5667251717296,20.0,N_609
2024-05-13 21:28:43,85.67069,13.951706,77.61368,267.7067,848.9642,0.007916559,-3423.3312547798146,20.0,N_609
2024-05-13 21:28:44,85.68804,13.907852,77.65565,267.51086,849.0401,0.0075474028,-3381.4161508831817,20.0,N_609
2024-05-13 21:28:45,85.70468,13.863922,77.69761,267.30804,849.0587,0.0077506714,-3333.9858990035154,20.0,N_609
2024-05-13 21:28:46,85.72062,13.819916,77.74657,267.1052,849.0438,0.007786063,-3295.5171921995084,20.0,N_609
2024-05-13 21:28:47,85.73586,13.775818,77.78154,266.90237,849.0401,0.0076251477,-3252.7633494505353,20.0,N_609
2024-05-13 21:28:48,85.7504,13.731644,77.8235,266.69955,849.0438,0.007860922,-3209.1807919231533,20.0,N_609
2024-05-13 21:28:49,85.76423,13.687378,77.86547,266.4967,849.0457,0.0074915662,-3168.1440342851174,20.0,N_609
2024-05-13 21:28:50,85.77736,13.643036,77.90743,266.29388,849.0438,0.0073289503,-3128.2506226126266,20.0,N_609
2024-05-13 21:28:51,85.78978,13.598602,77.9494,266.09106,849.0438,0.007353845,-3091.1815309090143,20.0,N_609
2024-05-13 21:28:52,85.801506,13.554092,77.98437,265.88123,849.0438,0.0071781357,-3051.0665220003402,20.0,N_609
2024-05-13 21:28:53,85.81253,13.509491,78.02634,265.67142,849.0438,0.006430215,-3019.240833916532,20.0,N_609
2024-05-13 21:28:54,85.822845,13.464813,78.0613,265.4546,849.0438,0.006264431,-2985.57298221611,20.0,N_609
2024-05-13 21:28:55,85.83246,13.420059,78.10327,265.24478,849.0438,0.006282406,-2954.8035444961233,20.0,N_609
2024-05-13 21:28:56,85.84137,13.375214,78.13824,265.02795,849.0438,0.0061033713,-2922.320073967543,20.0,N_609
2024-05-13 21:28:57,85.84958,13.330292,78.18021,264.81815,849.0438,0.0055518355,-2890.344595133264,20.0,N_609
2024-05-13 21:28:58,85.857086,13.285278,78.229164,264.60132,849.0438,0.0053690043,-2862.9660170234974,20.0,N_609
2024-05-13 21:28:59,85.86389,13.240189,78.271126,264.3775,849.0438,0.004817127,-2841.978416619333,20.0,N_609
2024-05-13 21:29:00,85.869995,13.195007,78.3061,264.16068,849.0438,0.004456493,-2821.9145744628004,20.0,N_609
2024-05-13 21:29:01,85.86818,13.134918,78.34107,263.93686,849.0438,0.004844781,-2797.689751912796,20.0,N_609
2024-05-13 21:29:02,85.86591,13.075241,78.38303,263.72006,849.0438,0.005060051,-2771.947532474155,20.0,N_609
2024-05-13 21:29:03,85.86318,13.015991,78.424995,263.49625,849.0438,0.0047048586,-2748.3069428780345,20.0,N_609
2024-05-13 21:29:04,85.85999,12.957169,78.466965,263.26544,849.0438,0.0049230354,-2726.4215806176853,20.0,N_609
2024-05-13 21:29:05,85.856346,12.898743,78.50193,263.04163,849.0438,0.0051387292,-2701.7727313577516,20.0,N_609
2024-05-13 21:29:06,85.85225,12.840759,78.5369,262.81082,849.0438,0.00400655,-2686.3867466580678,20.0,N_609
2024-05-13 21:29:07,85.84768,12.783188,78.56488,262.58002,849.0438,0.003431719,-2670.607525185116,20.0,N_609
2024-05-13 21:29:08,85.84266,12.726028,78.60684,262.3492,849.0438,0.002867627,-2661.4428162094146,20.0,N_609
2024-05-13 21:29:09,85.83718,12.669296,78.641815,262.1184,849.0438,0.0023035351,-2653.8607363596902,20.0,N_609
2024-05-13 21:29:10,85.831245,12.612991,78.68378,261.8806,849.0438,0.0025192304,-2646.806798021429,20.0,N_609
2024-05-13 21:29:11,85.82485,12.557098,78.71875,261.6428,849.0438,0.0029063176,-2635.1955534652943,20.0,N_609
2024-05-13 21:29:12,85.81799,12.501617,78.76071,261.405,849.0438,0.0031175343,-2622.7356519163086,20.0,N_609
2024-05-13 21:29:13,85.810684,12.446564,78.80268,261.1672,849.0438,0.002574074,-2615.360546303881,20.0,N_609
2024-05-13 21:29:14,85.80291,12.391937,78.837654,260.9294,849.0438,0.0010531325,-2617.0744727995498,20.0,N_609
2024-05-13 21:29:15,85.794685,12.3377075,78.87262,260.6846,849.0438,0.00070259656,-2621.2458393947927,20.0,N_609
2024-05-13 21:29:16,85.785995,12.28392,78.90759,260.43982,849.0438,0.00011943762,-2629.2219949096307,20.0,N_609
2024-05-13 21:29:17,85.77685,12.230545,78.942566,260.195,849.0438,0.0007154483,-2633.2866631462202,20.0,N_609
2024-05-13 21:29:18,85.76724,12.177597,78.97753,259.95023,849.0438,0.00032802168,-2639.823481770961,20.0,N_609
2024-05-13 21:29:19,85.75719,12.125061,79.012505,259.69843,849.0438,0.0007392293,-2643.873599115411,20.0,N_609
2024-05-13 21:29:20,85.746666,12.072937,79.04748,259.45364,849.0438,-0.00020195014,-2653.9787610142894,20.0,N_609
2024-05-13 21:29:21,85.73568,12.02124,79.08944,259.20184,849.042,-0.0005685754,-2667.1160162963242,20.0,N_609
2024-05-13 21:29:22,85.72424,11.969971,79.12441,258.95007,849.0457,-0.0015067821,-2685.9995260227533,20.0,N_609
2024-05-13 21:29:23,85.71235,11.919113,79.15938,258.69128,849.0513,-0.0026315458,-2712.213704441251,20.0,N_609
2024-05-13 21:29:24,85.7,11.868668,79.19435,258.43948,849.0457,-0.0049331733,-2753.8710709707584,20.0,N_609
2024-05-13 21:29:25,85.68719,11.818649,79.229324,258.18073,849.0253,-0.0037643537,-2786.2193781807273,20.0,N_609
2024-05-13 21:29:26,85.67391,11.769058,79.25729,257.92194,849.0401,-0.0025962759,-2812.0893012964834,20.0,N_609
2024-05-13 21:29:27,85.66019,11.719879,79.29227,257.65616,849.13275,-0.0033446662,-2843.2791092683574,20.0,N_609
2024-05-13 21:29:28,85.645996,11.671127,79.32724,257.39737,849.2346,-0.0035109902,-2875.7436901601386,20.0,N_609
2024-05-13 21:29:29,85.63135,11.622787,79.362206,257.1316,849.25867,-0.0036773144,-2907.870580279313,20.0,N_609
2024-05-13 21:29:30,85.61625,11.57486,79.39018,256.8658,849.2401,-0.0038677258,-2942.21574700146,20.0,N_609
2024-05-13 21:29:31,85.600685,11.527374,79.425156,256.60004,849.2327,-0.0054037664,-2987.9368823416908,20.0,N_609
2024-05-13 21:29:32,85.58466,11.480286,79.46013,256.32727,849.23834,-0.0059576165,-3036.7848997243136,20.0,N_609
2024-05-13 21:29:33,85.568184,11.433624,79.495094,256.0615,849.2401,-0.007581001,-3097.0596438761495,20.0,N_609
2024-05-13 21:29:34,85.55125,11.38739,79.53007,255.78873,849.2401,-0.009204386,-3169.4146400028258,20.0,N_609
2024-05-13 21:29:35,85.53385,11.341568,79.56504,255.50897,849.23834,-0.008210556,-3230.557744609586,20.0,N_609
2024-05-13 21:29:36,85.516,11.296173,79.59302,255.23619,849.23834,-0.008380153,-3296.436249287267,20.0,N_609
2024-05-13 21:29:37,85.49768,11.25119,79.62798,254.95644,849.23834,-0.0075840885,-3357.3967775051915,20.0,N_609
2024-05-13 21:29:38,85.47891,11.2066345,79.66296,254.67667,849.23834,-0.008733701,-3422.4508035200633,20.0,N_609
2024-05-13 21:29:39,85.45969,11.162491,79.69093,254.3969,849.23834,-0.007744415,-3480.530601060006,20.0,N_609
2024-05-13 21:29:40,85.439995,11.118774,79.71891,254.11714,849.23834,-0.008109635,-3541.8102623366567,20.0,N_609
2024-05-13 21:29:41,85.41985,11.07547,79.74689,253.83038,849.23834,-0.008478745,-3608.978726966451,20.0,N_609
2024-05-13 21:29:42,85.39925,11.032593,79.78185,253.54362,849.23834,-0.008458169,-3676.3392308117077,20.0,N_609
2024-05-13 21:29:43,85.37818,10.990128,79.816826,253.25687,849.23834,-0.008040143,-3737.365019909122,20.0,N_609
2024-05-13 21:29:44,85.35667,10.94809,79.8448,252.97011,849.23834,-0.008402387,-3801.1272094850106,20.0,N_609
2024-05-13 21:29:45,85.33469,10.906464,79.87278,252.67635,849.23834,-0.007990677,-3862.2136838849788,20.0,N_609
2024-05-13 21:29:46,85.31225,10.865265,79.90076,252.3826,849.23834,-0.0073898574,-3919.23986183663,20.0,N_609
2024-05-13 21:29:47,85.28935,10.824478,79.928734,252.08884,849.23834,-0.0063844034,-3972.169828345179,20.0,N_609
2024-05-13 21:29:48,85.266,10.784119,79.9637,251.79509,849.23834,-0.0061581754,-4023.86794815434,20.0,N_609
2024-05-13 21:29:49,85.24219,10.744171,79.99867,251.50134,849.23834,-0.0069139786,-4078.6499194545736,20.0,N_609
2024-05-13 21:29:50,85.21791,10.704651,80.02665,251.20059,849.23834,-0.0076697813,-4138.001402346354,20.0,N_609
2024-05-13 21:29:51,85.193184,10.665543,80.05463,250.89984,849.23834,-0.008622155,-4200.635316423673,20.0,N_609
2024-05-13 21:29:52,85.168,10.626862,80.07561,250.59909,849.23834,-0.0093790535,-4271.655741718011,20.0,N_609
2024-05-13 21:29:53,85.14235,10.588593,80.103584,250.29135,849.23834,-0.010331187,-4349.475105773912,20.0,N_609
2024-05-13 21:29:54,85.11625,10.550751,80.13156,249.98361,849.23834,-0.011475285,-4434.739980221431,20.0,N_609
2024-05-13 21:29:55,85.08968,10.513336,80.15954,249.67587,849.23834,-0.0118404655,-4522.239650475517,20.0,N_609
2024-05-13 21:29:56,85.06266,10.476318,80.187515,249.36813,849.23834,-0.012016878,-4612.12604659154,20.0,N_609
2024-05-13 21:29:57,85.03519,10.439743,80.21549,249.05339,849.23834,-0.010631777,-4691.392668060866,20.0,N_609
2024-05-13 21:29:58,85.00725,10.40358,80.24347,248.74565,849.23834,-0.0111950645,-4775.342306578412,20.0,N_609
2024-05-13 21:29:59,84.97885,10.367828,80.27145,248.43092,849.23834,-0.012341811,-4868.392166377675,20.0,N_609
2024-05-13 21:30:00,84.95,10.332504,80.29942,248.10919,849.23834,-0.012903155,-4963.70180179738,20.0,N_609
2024-05-13 21:30:01,84.91135,10.304031,80.3274,247.79446,849.23834,-0.013467807,-5059.653189986933,20.0,N_609
2024-05-13 21:30:02,84.87254,10.275772,80.34838,247.47273,849.23834,-0.014029778,-5158.818495909735,20.0,N_609
2024-05-13 21:30:03,84.83361,10.247711,80.36936,247.151,849.23834,-0.01478331,-5262.654564869951,20.0,N_609
2024-05-13 21:30:04,84.79453,10.219849,80.39034,246.82927,849.23834,-0.0149581395,-5372.234069824601,20.0,N_609
2024-05-13 21:30:05,84.75531,10.192184,80.41832,246.50754,849.23834,-0.014354576,-5477.8675282283275,20.0,N_609
2024-05-13 21:30:06,84.71595,10.164734,80.4463,246.1858,849.23834,-0.0139436815,-5577.660304966888,20.0,N_609
2024-05-13 21:30:07,84.676445,10.137466,80.46728,245.85709,849.23834,-0.0133393025,-5674.72660448721,20.0,N_609
2024-05-13 21:30:08,84.636795,10.110413,80.48826,245.52138,849.23834,-0.012926457,-5771.601234339363,20.0,N_609
2024-05-13 21:30:09,84.59701,10.083557,80.516235,245.19264,849.23834,-0.016213274,-5887.560600414238,20.0,N_609
2024-05-13 21:30:10,84.55708,10.0569,80.537224,244.85693,849.23834,-0.01424422,-5988.418182655228,20.0,N_609
2024-05-13 21:30:11,84.517006,10.030457,80.558205,244.52821,849.23834,-0.012860303,-6081.522110844002,20.0,N_609
2024-05-13 21:30:12,84.4768,10.004196,80.579185,244.19249,849.23834,-0.0143964365,-6186.4043837259105,20.0,N_609
2024-05-13 21:30:13,84.43644,9.978149,80.60017,243.84978,849.23834,-0.012035007,-6274.054386491191,20.0,N_609
2024-05-13 21:30:14,84.39595,9.952301,80.62115,243.51405,849.23834,-0.013570401,-6373.0266189728245,20.0,N_609
2024-05-13 21:30:15,84.35531,9.926666,80.642136,243.17134,849.23834,-0.016076775,-6491.799390960439,20.0,N_609
2024-05-13 21:30:16,84.31453,9.901215,80.670105,242.83563,849.23834,-0.011576912,-6577.413978038267,20.0,N_609
2024-05-13 21:30:17,84.27361,9.875977,80.69109,242.49292,849.23834,-0.014866575,-6686.213498994721,20.0,N_609
2024-05-13 21:30:18,84.232544,9.850937,80.712074,242.14322,849.23834,-0.013869866,-6786.621298954913,20.0,N_609
2024-05-13 21:30:19,84.191345,9.826096,80.733055,241.8005,849.23834,-0.014044865,-6889.474549070163,20.0,N_609
2024-05-13 21:30:20,84.149994,9.801453,80.754036,241.45079,849.23834,-0.014607441,-6996.039067875435,20.0,N_609
2024-05-13 21:30:21,84.10851,9.777008,80.77502,241.10109,849.23834,-0.0138048595,-7093.8509189913975,20.0,N_609
2024-05-13 21:30:22,84.06688,9.752777,80.78901,240.75139,849.23834,-0.014368517,-7198.182433425446,20.0,N_609
2024-05-13 21:30:23,84.02511,9.7287445,80.80999,240.40167,849.23834,-0.012978157,-7294.832598585992,20.0,N_609
2024-05-13 21:30:24,83.9832,9.70491,80.83097,240.04498,849.23834,-0.013929696,-7396.259277304712,20.0,N_609
2024-05-13 21:30:25,83.94115,9.681274,80.85196,239.69527,849.23834,-0.011373471,-7481.681427033484,20.0,N_609
2024-05-13 21:30:26,83.89895,9.657852,80.87294,239.33858,849.23834,-0.011738487,-7568.274685720178,20.0,N_609
2024-05-13 21:30:27,83.85661,9.634628,80.886925,238.97488,849.23834,-0.012096217,-7655.5637148576225,20.0,N_609
2024-05-13 21:30:28,83.81413,9.611603,80.90092,238.61818,849.242,-0.012279286,-7746.562406713866,20.0,N_609
2024-05-13 21:30:29,83.77151,9.588776,80.9219,238.26147,849.2401,-0.0116714295,-7832.254518796051,20.0,N_609
2024-05-13 21:30:30,83.728745,9.566147,80.93588,237.89778,849.22534,-0.00638327,-7882.931385529896,20.0,N_609
2024-05-13 21:30:31,83.685844,9.543732,80.949875,237.53409,849.23645,-0.0075276196,-7941.053094736102,20.0,N_609
2024-05-13 21:30:32,83.6428,9.5215,80.96386,237.1704,849.3068,-0.0075050453,-7999.8336846700195,20.0,N_609
2024-05-13 21:30:33,83.59961,9.499481,80.97785,236.79971,849.39575,-0.0074824705,-8058.532356301434,20.0,N_609
2024-05-13 21:30:34,83.55628,9.477661,80.99184,236.42902,849.44574,-0.006680336,-8112.516713617547,20.0,N_609
2024-05-13 21:30:35,83.51281,9.456055,81.01282,236.06532,849.442,-0.0064655957,-8164.271774788718,20.0,N_609
2024-05-13 21:30:36,83.4692,9.434631,81.02681,235.69464,849.4291,-0.006349587,-8215.828897047262,20.0,N_609
2024-05-13 21:30:37,83.425446,9.413422,81.04779,235.33095,849.4309,-0.0062335785,-8265.83422897858,20.0,N_609
2024-05-13 21:30:38,83.381546,9.39241,81.061775,234.96027,849.43463,-0.007192931,-8321.958965541326,20.0,N_609
2024-05-13 21:30:39,83.33751,9.371597,81.06877,234.58258,849.43463,-0.008151571,-8384.480941658167,20.0,N_609
2024-05-13 21:30:40,83.29333,9.350983,81.08276,234.21188,849.43274,-0.010670189,-8463.35356489224,20.0,N_609
2024-05-13 21:30:41,83.24901,9.330582,81.08975,233.83421,849.43274,-0.014161379,-8567.041510655934,20.0,N_609
2024-05-13 21:30:42,83.204544,9.310379,81.103745,233.45653,849.43274,-0.016473949,-8686.228608370384,20.0,N_609
2024-05-13 21:30:43,83.15994,9.290375,81.11773,233.07884,849.43274,-0.01528405,-8795.477448404836,20.0,N_609
2024-05-13 21:30:44,83.1152,9.270569,81.13172,232.70816,849.43274,-0.018570146,-8925.630672437666,20.0,N_609
2024-05-13 21:30:45,83.07031,9.250961,81.13872,232.33047,849.43274,-0.018341795,-9058.839517561071,20.0,N_609
2024-05-13 21:30:46,83.02528,9.231567,81.1527,231.9458,849.43274,-0.015002521,-9165.680569837215,20.0,N_609
2024-05-13 21:30:47,82.98011,9.212357,81.1597,231.56812,849.43274,-0.014991991,-9275.874565015201,20.0,N_609
2024-05-13 21:30:48,82.9348,9.193359,81.17368,231.18344,849.43274,-0.02120452,-9425.768029105891,20.0,N_609
2024-05-13 21:30:49,82.88934,9.174576,81.187675,230.80576,849.43274,-0.019820638,-9565.718245597362,20.0,N_609
2024-05-13 21:30:50,82.84375,9.155975,81.194664,230.42108,849.43274,-0.02251998,-9723.479722947104,20.0,N_609
2024-05-13 21:30:51,82.79801,9.1375885,81.20166,230.0364,849.43274,-0.023852969,-9889.933933373988,20.0,N_609
2024-05-13 21:30:52,82.75213,9.119385,81.20866,229.65173,849.43274,-0.02129472,-10039.347872101158,20.0,N_609
2024-05-13 21:30:53,82.70611,9.101395,81.21565,229.26704,849.43274,-0.02086778,-10188.283115253404,20.0,N_609
2024-05-13 21:30:54,82.65995,9.083618,81.22264,228.87538,849.43274,-0.019096902,-10323.097834928945,20.0,N_609
2024-05-13 21:30:55,82.61364,9.066025,81.22964,228.4907,849.43274,-0.020631796,-10467.77036821693,20.0,N_609
2024-05-13 21:30:56,82.5672,9.048645,81.23663,228.10603,849.43274,-0.021381559,-10619.79524745076,20.0,N_609
2024-05-13 21:30:57,82.52061,9.031448,81.24363,227.71436,849.43274,-0.02290727,-10782.460010941148,20.0,N_609
2024-05-13 21:30:58,82.47388,9.014465,81.257614,227.32968,849.43274,-0.020743819,-10927.445463888245,20.0,N_609
2024-05-13 21:30:59,82.42701,8.997696,81.26461,226.945,849.43274,-0.02207609,-11083.618560710194,20.0,N_609
2024-05-13 21:31:00,82.38,8.98111,81.2716,226.55333,849.43274,-0.02264084,-11242.608904552148,20.0,N_609
2024-05-13 21:31:01,82.32997,8.968277,81.2716,226.16167,849.43274,-0.022427604,-11401.124310842391,20.0,N_609
2024-05-13 21:31:02,82.27991,8.955521,81.278595,225.76999,849.43274,-0.023373662,-11565.844505805091,20.0,N_609
2024-05-13 21:31:03,82.2298,8.942841,81.28559,225.37833,849.43274,-0.022377867,-11722.82048703443,20.0,N_609
2024-05-13 21:31:04,82.17964,8.930252,81.28559,224.98665,849.43274,-0.023519315,-11884.561008512937,20.0,N_609
2024-05-13 21:31:05,82.12944,8.91774,81.28559,224.60197,849.43274,-0.024660762,-12056.492527518702,20.0,N_609
2024-05-13 21:31:06,82.07919,8.905304,81.28559,224.21031,849.43274,-0.005901045,-12105.17929930582,20.0,N_609
2024-05-13 21:31:07,82.02891,8.89296,81.29259,223.81165,849.43274,-0.02549805,-12282.812937696403,20.0,N_609
2024-05-13 21:31:08,81.97858,8.880692,81.29259,223.41997,849.43274,-0.020083139,-12424.434434482351,20.0,N_609
2024-05-13 21:31:09,81.9282,8.868515,81.29259,223.0283,849.43274,-0.014668229,-12530.826035413345,20.0,N_609
2024-05-13 21:31:10,81.87778,8.8564,81.299576,222.63663,849.43274,-0.018811498,-12664.691156519737,20.0,N_609
2024-05-13 21:31:11,81.82731,8.844391,81.30657,222.24496,849.43274,-0.0077483803,-12725.384310027375,20.0,N_609
2024-05-13 21:31:12,81.776794,8.832443,81.30657,221.8463,849.43274,-0.010752028,-12805.216153997553,20.0,N_609
2024-05-13 21:31:13,81.72624,8.820587,81.30657,221.45462,849.43274,-0.013755676,-12904.748344705273,20.0,N_609
2024-05-13 21:31:14,81.675644,8.808807,81.30657,221.06296,849.43274,-0.008259285,-12967.931610056601,20.0,N_609
2024-05-13 21:31:15,81.625,8.797104,81.30657,220.67128,849.43274,-0.0037242055,-13001.118656487954,20.0,N_609
2024-05-13 21:31:16,81.57431,8.785492,81.30657,220.27962,849.43274,-0.0025970049,-13027.276582345516,20.0,N_609
2024-05-13 21:31:17,81.523575,8.773956,81.299576,219.88095,849.43274,-0.002578581,-13052.953101396532,20.0,N_609
2024-05-13 21:31:18,81.47279,8.762497,81.29259,219.49628,849.43274,-0.0005749242,-13065.25113907189,20.0,N_609
2024-05-13 21:31:19,81.421974,8.751129,81.29259,219.1046,849.43274,-0.0021134792,-13087.794429123976,20.0,N_609
2024-05-13 21:31:20,81.37111,8.739838,81.29259,218.71294,849.43274,0.0017873959,-13084.40632036201,20.0,N_609
2024-05-13 21:31:21,81.3202,8.728638,81.28559,218.32126,849.43274,0.0024176838,-13077.02681770451,20.0,N_609
2024-05-13 21:31:22,81.26924,8.717514,81.28559,217.9296,849.43274,0.0068758884,-13039.97583278406,20.0,N_609
2024-05-13 21:31:23,81.21824,8.706467,81.28559,217.53792,849.43274,0.0039704624,-13022.175868764178,20.0,N_609
2024-05-13 21:31:24,81.1672,8.695496,81.28559,217.14626,849.43274,-0.00206117,-13044.44619642153,20.0,N_609
2024-05-13 21:31:25,81.116104,8.684616,81.278595,216.75458,849.43274,-0.0037985477,-13078.91762009081,20.0,N_609
2024-05-13 21:31:26,81.06497,8.673813,81.2716,216.35591,849.43274,-0.004547711,-13117.590043287455,20.0,N_609
2024-05-13 21:31:27,81.013794,8.663086,81.26461,215.97124,849.43274,0.0033778646,-13104.042272903567,20.0,N_609
2024-05-13 21:31:28,80.96257,8.652451,81.26461,215.58656,849.43274,0.0035615633,-13088.540264030507,20.0,N_609
2024-05-13 21:31:29,80.91131,8.6418915,81.257614,215.1949,849.43274,0.0057447315,-13058.705574460142,20.0,N_609
2024-05-13 21:31:30,80.85999,8.631424,81.25062,214.80322,849.43274,0.0023949058,-13051.580786887245,20.0,N_609
2024-05-13 21:31:31,80.80864,8.621033,81.24363,214.41855,849.43274,-0.00229056,-13075.17118720946,20.0,N_609
2024-05-13 21:31:32,80.75724,8.610718,81.23663,214.03387,849.43274,-0.0054126712,-13120.006796070818,20.0,N_609
2024-05-13 21:31:33,80.705795,8.600479,81.22964,213.6422,849.43274,-0.005182745,-13162.863207111166,20.0,N_609
2024-05-13 21:31:34,80.654305,8.590332,81.22264,213.25752,849.43274,-0.0033988184,-13193.810633313713,20.0,N_609
2024-05-13 21:31:35,80.602776,8.580261,81.21565,212.87285,849.43274,-0.002034515,-13216.040145446232,20.0,N_609
2024-05-13 21:31:36,80.55119,8.570267,81.20166,212.48817,849.43274,-0.00064617005,-13229.119023183044,20.0,N_609
2024-05-13 21:31:37,80.49957,8.560364,81.187675,212.1035,849.43274,0.0033067388,-13215.911830032168,20.0,N_609
2024-05-13 21:31:38,80.44791,8.550537,81.18068,211.71881,849.43274,0.00473166,-13193.579029397824,20.0,N_609
2024-05-13 21:31:39,80.396194,8.540802,81.17368,211.34114,849.43274,0.008889251,-13142.891794142819,20.0,N_609
2024-05-13 21:31:40,80.34444,8.531143,81.16669,210.95647,849.43274,0.0083214175,-13096.0801292121,20.0,N_609
2024-05-13 21:31:41,80.29264,8.521561,81.1597,210.57178,849.43274,0.008482135,-13047.970681986066,20.0,N_609
2024-05-13 21:31:42,80.2408,8.512054,81.145706,210.1941,849.43274,0.007509369,-13006.37887490582,20.0,N_609
2024-05-13 21:31:43,80.1889,8.50264,81.13172,209.81642,849.43274,0.004225196,-12986.704189277025,20.0,N_609
2024-05-13 21:31:44,80.13697,8.493301,81.11773,209.43874,849.43274,0.004474263,-12965.95648442144,20.0,N_609
2024-05-13 21:31:45,80.085,8.484055,81.11074,209.06105,849.43274,0.0025378508,-12957.582360835935,20.0,N_609
2024-05-13 21:31:46,80.032974,8.474869,81.09675,208.69037,849.43274,0.003928865,-12940.214736508391,20.0,N_609
2024-05-13 21:31:47,79.9809,8.46579,81.08975,208.31268,849.43274,0.006107731,-12906.123502547965,20.0,N_609
2024-05-13 21:31:48,79.928795,8.456772,81.06877,207.935,849.43274,0.0055646915,-12878.211965691626,20.0,N_609
2024-05-13 21:31:49,79.87664,8.447845,81.05479,207.56432,849.43274,0.0050216517,-12853.418498753072,20.0,N_609
2024-05-13 21:31:50,79.82444,8.438995,81.040794,207.19363,849.43274,0.0052492586,-12827.815844649429,20.0,N_609
2024-05-13 21:31:51,79.772194,8.430237,81.033806,206.82294,849.43274,0.0054878835,-12798.303610585466,20.0,N_609
2024-05-13 21:31:52,79.71991,8.421539,81.01282,206.45226,849.43274,0.0064981906,-12764.631061555907,20.0,N_609
2024-05-13 21:31:53,79.66757,8.412949,80.99883,206.08856,849.43274,0.0063536037,-12730.63402142701,20.0,N_609
2024-05-13 21:31:54,79.6152,8.404419,80.98484,205.71786,849.43274,0.0085399365,-12683.147889850523,20.0,N_609
2024-05-13 21:31:55,79.562775,8.395981,80.970856,205.35417,849.43274,0.0085584335,-12634.29312840565,20.0,N_609
2024-05-13 21:31:56,79.51031,8.387619,80.95686,204.98349,849.43274,0.011512104,-12567.101560663104,20.0,N_609
2024-05-13 21:31:57,79.457794,8.379349,80.94288,204.6198,849.43274,0.012091085,-12494.456743498971,20.0,N_609
2024-05-13 21:31:58,79.40524,8.37114,80.9219,204.26309,849.43274,0.018344374,-12377.735864164551,20.0,N_609
2024-05-13 21:31:59,79.35264,8.363037,80.90092,203.8994,849.43274,0.016533656,-12275.232489343256,20.0,N_609
2024-05-13 21:32:00,79.299995,8.354996,80.87993,203.5427,849.43274,0.014963866,-12186.44540946081,20.0,N_609
2024-05-13 21:32:01,79.246895,8.348434,80.865944,203.186,849.43274,0.013626181,-12102.71921027229,20.0,N_609
2024-05-13 21:32:02,79.19377,8.341888,80.84496,202.8293,849.43274,0.015105059,-12012.675613955094,20.0,N_609
2024-05-13 21:32:03,79.14061,8.335388,80.83097,202.4726,849.43274,0.015133803,-11918.444255458095,20.0,N_609
2024-05-13 21:32:04,79.08742,8.328934,80.80999,202.1159,849.43274,0.015184278,-11829.391314169818,20.0,N_609
2024-05-13 21:32:05,79.034195,8.3224945,80.796005,201.76619,849.43274,0.015578444,-11737.137104150554,20.0,N_609
2024-05-13 21:32:06,78.98095,8.316101,80.78201,201.41649,849.43274,0.015609686,-11640.88482318531,20.0,N_609
2024-05-13 21:32:07,78.927666,8.309738,80.76103,201.06679,849.43274,0.018216943,-11521.636309762649,20.0,N_609
2024-05-13 21:32:08,78.87435,8.303421,80.733055,200.71707,849.43274,0.023604022,-11374.784661976839,20.0,N_609
2024-05-13 21:32:09,78.82101,8.297119,80.712074,200.37436,849.43274,0.022593802,-11233.779883049783,20.0,N_609
2024-05-13 21:32:10,78.76763,8.290863,80.69109,200.03166,849.43274,0.018645126,-11118.650172922651,20.0,N_609
2024-05-13 21:32:11,78.71423,8.284637,80.670105,199.68895,849.43274,0.022494001,-10977.739230548199,20.0,N_609
2024-05-13 21:32:12,78.6608,8.278458,80.649124,199.34624,849.43274,0.021339623,-10844.22683783539,20.0,N_609
2024-05-13 21:32:13,78.60733,8.272293,80.62814,199.00352,849.43274,0.01610524,-10747.256196599694,20.0,N_609
2024-05-13 21:32:14,78.55383,8.266174,80.60716,198.6678,849.43274,0.016694732,-10638.835124826264,20.0,N_609
2024-05-13 21:32:15,78.500305,8.260086,80.579185,198.32509,849.43274,0.016273681,-10540.744494280481,20.0,N_609
2024-05-13 21:32:16,78.446754,8.254044,80.558205,197.98938,849.43274,0.016317863,-10441.578846221291,20.0,N_609
2024-05-13 21:32:17,78.393166,8.248032,80.537224,197.65366,849.43274,0.013816342,-10360.386463140952,20.0,N_609
2024-05-13 21:32:18,78.33955,8.24205,80.516235,197.32494,849.43274,0.016611481,-10258.7363545329,20.0,N_609
2024-05-13 21:32:19,78.2859,8.236099,80.495255,196.98921,849.43274,0.013696164,-10178.004160697461,20.0,N_609
2024-05-13 21:32:20,78.232216,8.230179,80.47427,196.66049,849.43274,0.01311679,-10096.51990858666,20.0,N_609
2024-05-13 21:32:21,78.17851,8.224304,80.4463,196.33177,849.43274,0.013321679,-10015.436926342662,20.0,N_609
2024-05-13 21:32:22,78.12477,8.21846,80.41832,196.01004,849.43274,0.011775604,-9946.87570291516,20.0,N_609
2024-05-13 21:32:23,78.071,8.2126465,80.39734,195.68132,849.43274,0.011584519,-9880.51367651358,20.0,N_609
2024-05-13 21:32:24,78.0172,8.206879,80.37636,195.35959,849.43274,0.009776395,-9822.368258721115,20.0,N_609
2024-05-13 21:32:25,77.96336,8.201141,80.34838,195.03786,849.43274,0.007968271,-9780.408627528639,20.0,N_609
2024-05-13 21:32:26,77.9095,8.195435,80.3274,194.72313,849.43274,0.008770325,-9728.719172574754,20.0,N_609
2024-05-13 21:32:27,77.855606,8.189758,80.29942,194.4014,849.43274,0.0109321475,-9664.073731293764,20.0,N_609
2024-05-13 21:32:28,77.80169,8.184113,80.27145,194.08665,849.43274,0.009186758,-9610.864881034599,20.0,N_609
2024-05-13 21:32:29,77.747734,8.178513,80.24347,193.77193,849.43274,0.010588097,-9548.092184733436,20.0,N_609
2024-05-13 21:32:30,77.69375,8.172943,80.21549,193.45718,849.43274,0.008232816,-9502.041260951393,20.0,N_609
2024-05-13 21:32:31,77.63973,8.167419,80.187515,193.14944,849.43274,0.010030209,-9443.792264754984,20.0,N_609
2024-05-13 21:32:32,77.585686,8.161911,80.15954,192.8417,849.43274,0.008696891,-9393.26261011313,20.0,N_609
2024-05-13 21:32:33,77.53161,8.156448,80.13156,192.52698,849.43274,0.018498387,-9284.457520938202,20.0,N_609
2024-05-13 21:32:34,77.4775,8.151016,80.11058,192.21922,849.43274,0.013831698,-9201.537407356353,20.0,N_609
2024-05-13 21:32:35,77.42336,8.14563,80.0826,191.91849,849.43274,0.01894698,-9085.137490140236,20.0,N_609
2024-05-13 21:32:36,77.369194,8.140259,80.05463,191.61774,849.43274,0.0202119,-8960.13598571341,20.0,N_609
2024-05-13 21:32:37,77.314995,8.134933,80.02665,191.31699,849.43274,0.011984766,-8889.247373998189,20.0,N_609
2024-05-13 21:32:38,77.26077,8.129639,79.99867,191.01624,849.43274,0.016507093,-8781.573761461968,20.0,N_609
2024-05-13 21:32:39,77.20651,8.12439,79.9637,190.7155,849.43274,0.018257042,-8663.920362555411,20.0,N_609
2024-05-13 21:32:40,77.15222,8.119171,79.928734,190.42174,849.43274,0.01777017,-8562.476780816327,20.0,N_609
2024-05-13 21:32:41,77.0979,8.113983,79.90775,190.12799,849.43274,0.021075105,-8432.116155727232,20.0,N_609
2024-05-13 21:32:42,77.04355,8.108826,79.879776,189.83424,849.43274,0.019307107,-8307.95486188132,20.0,N_609
2024-05-13 21:32:43,76.98917,8.103699,79.8448,189.54749,849.43274,0.021124776,-8177.598438231536,20.0,N_609
2024-05-13 21:32:44,76.93475,8.098618,79.816826,189.25372,849.43274,0.019778265,-8057.828167346777,20.0,N_609
2024-05-13 21:32:45,76.88031,8.093567,79.78885,188.96696,849.43274,0.0160554,-7961.809946190515,20.0,N_609
2024-05-13 21:32:46,76.825836,8.088547,79.76087,188.6802,849.43274,0.003330123,-7946.945994079512,20.0,N_609
2024-05-13 21:32:47,76.77133,8.083572,79.72591,188.39345,849.43274,0.0006185549,-7951.472444940029,20.0,N_609
2024-05-13 21:32:48,76.7168,8.078613,79.69093,188.11368,849.43274,0.0072685922,-7909.614005611295,20.0,N_609
2024-05-13 21:32:49,76.66223,8.0737,79.65596,187.82692,849.43274,0.0066387067,-7875.70978827388,20.0,N_609
2024-05-13 21:32:50,76.607635,8.068832,79.62798,187.54716,849.43274,0.0060088215,-7843.260259730196,20.0,N_609
2024-05-13 21:32:51,76.55301,8.06398,79.59302,187.27438,849.43274,0.0061310055,-7812.9353198707795,20.0,N_609
2024-05-13 21:32:52,76.49835,8.059174,79.56504,187.00162,849.43274,0.0051539936,-7788.151395150725,20.0,N_609
2024-05-13 21:32:53,76.443665,8.054398,79.53706,186.72885,849.43274,0.0073139323,-7745.648920654335,20.0,N_609
2024-05-13 21:32:54,76.38895,8.049667,79.50209,186.44908,849.43274,-0.004176425,-7782.719415422012,20.0,N_609
2024-05-13 21:32:55,76.3342,8.044952,79.46712,186.17632,849.43274,0.0130144125,-7704.182942453541,20.0,N_609
2024-05-13 21:32:56,76.27942,8.040283,79.43215,185.91054,849.43274,-0.005095378,-7744.634305177835,20.0,N_609
2024-05-13 21:32:57,76.22461,8.035645,79.404175,185.64476,849.43274,-0.0045003416,-7783.23631604321,20.0,N_609
2024-05-13 21:32:58,76.16977,8.031036,79.3692,185.372,849.43274,0.023269586,-7637.880460939535,20.0,N_609
2024-05-13 21:32:59,76.1149,8.026474,79.334236,185.1132,849.43274,0.021805419,-7488.561033031352,20.0,N_609
2024-05-13 21:33:00,76.06,8.021942,79.29227,184.84743,849.43274,0.01595069,-7391.641175808212,20.0,N_609
2024-05-13 21:33:01,76.00425,8.017914,79.25729,184.58865,849.43274,0.026090438,-7237.356655926651,20.0,N_609
2024-05-13 21:33:02,75.948494,8.013901,79.229324,184.32986,849.43274,0.021566037,-7110.395111169872,20.0,N_609
2024-05-13 21:33:03,75.89274,8.009903,79.20135,184.07109,849.43274,0.016985472,-6996.355492849798,20.0,N_609
2024-05-13 21:33:04,75.836975,8.005936,79.15938,183.8123,849.43274,0.011355332,-6930.6475594857,20.0,N_609
2024-05-13 21:33:05,75.78121,8.001984,79.12441,183.56052,849.43274,0.0057251914,-6901.147612310007,20.0,N_609
2024-05-13 21:33:06,75.72545,7.998047,79.08944,183.30873,849.43274,0.0075609167,-6859.449555561571,20.0,N_609
2024-05-13 21:33:07,75.66968,7.9941254,79.05447,183.05695,849.43274,0.0034027433,-6845.197444843135,20.0,N_609
2024-05-13 21:33:08,75.61391,7.990219,79.0195,182.80515,849.43274,0.0055278735,-6814.102124465688,20.0,N_609
2024-05-13 21:33:09,75.558136,7.9863434,78.97753,182.55336,849.43274,0.008702804,-6766.213947388933,20.0,N_609
2024-05-13 21:33:10,75.50236,7.982483,78.942566,182.30856,849.43274,0.0036625382,-6750.417231898673,20.0,N_609
2024-05-13 21:33:11,75.44658,7.9786377,78.90759,182.06378,849.43274,0.0039034933,-6733.47063977507,20.0,N_609
2024-05-13 21:33:12,75.3908,7.9748077,78.87262,181.82597,849.43274,0.022009788,-6586.040415657398,20.0,N_609
2024-05-13 21:33:13,75.335014,7.970993,78.83066,181.58118,849.43274,0.00018376566,-6593.69570931331,20.0,N_609
2024-05-13 21:33:14,75.27923,7.967209,78.795685,181.3364,849.43274,0.005862256,-6566.511441426115,20.0,N_609
2024-05-13 21:33:15,75.223434,7.96344,78.76771,181.09859,849.43274,0.00605003,-6534.675433338196,20.0,N_609
2024-05-13 21:33:16,75.16764,7.9596863,78.73274,180.8608,849.43274,0.004129917,-6513.856546612522,20.0,N_609
2024-05-13 21:33:17,75.11185,7.955963,78.69077,180.62299,849.43274,0.0061101383,-6483.562563848937,20.0,N_609
2024-05-13 21:33:18,75.056046,7.95224,78.65581,180.39218,849.43274,0.0023211096,-6475.4896904721245,20.0,N_609
2024-05-13 21:33:19,75.000244,7.9485474,78.61384,180.16138,849.43274,-0.001467919,-6493.573260762749,20.0,N_609
2024-05-13 21:33:20,74.94444,7.94487,78.578865,179.93057,849.43274,-0.00049833854,-6505.019238910765,20.0,N_609
2024-05-13 21:33:21,74.88863,7.941208,78.5369,179.69977,849.43274,-0.0045668595,-6545.437995621576,20.0,N_609
2024-05-13 21:33:22,74.832825,7.9375763,78.49494,179.46896,849.43274,-0.008855395,-6611.362173543348,20.0,N_609
2024-05-13 21:33:23,74.777016,7.93396,78.45997,179.23816,849.43274,-0.0066689937,-6665.126496358493,20.0,N_609
2024-05-13 21:33:24,74.7212,7.9303436,78.41801,179.01434,849.43274,-0.0042685084,-6700.872998489892,20.0,N_609
2024-05-13 21:33:25,74.66538,7.926773,78.38303,178.79053,849.43274,-0.0018680233,-6721.626834807416,20.0,N_609
2024-05-13 21:33:26,74.60956,7.9232025,78.34107,178.56673,849.43274,0.00791838,-6679.616257754032,20.0,N_609
2024-05-13 21:33:27,74.553734,7.919647,78.3061,178.34291,849.43274,-0.0038483192,-6713.668442234974,20.0,N_609
2024-05-13 21:33:28,74.49791,7.9161224,78.26413,178.12608,849.43274,-0.005210335,-6754.927403060436,20.0,N_609
2024-05-13 21:33:29,74.44208,7.912613,78.229164,177.90927,849.43274,-0.008308257,-6819.340771313206,20.0,N_609
2024-05-13 21:33:30,74.386246,7.9091187,78.187195,177.69246,849.43274,-0.00750784,-6875.262301898681,20.0,N_609
2024-05-13 21:33:31,74.330414,7.905655,78.15223,177.47563,849.43274,-0.007075786,-6931.454294902424,20.0,N_609
2024-05-13 21:33:32,74.274574,7.9022064,78.11026,177.25882,849.43274,-0.006455524,-6983.445594271841,20.0,N_609
2024-05-13 21:33:33,74.218735,7.898758,78.0683,177.049,849.43274,-0.0045999037,-7023.407541233024,20.0,N_609
2024-05-13 21:33:34,74.162895,7.895355,78.02634,176.83218,849.43274,-0.0027442835,-7050.494081606729,20.0,N_609
2024-05-13 21:33:35,74.10705,7.8919525,77.98437,176.62236,849.43274,0.00059511495,-7054.945822754019,20.0,N_609
2024-05-13 21:33:36,74.0512,7.888565,77.942406,176.41953,849.43274,-0.0066184327,-7104.711912875391,20.0,N_609
2024-05-13 21:33:37,73.995346,7.885208,77.90743,176.2097,849.43274,-0.0023092462,-7128.108037407028,20.0,N_609
2024-05-13 21:33:38,73.93949,7.8818665,77.86547,175.99988,849.43274,-0.005026538,-7170.158033046122,20.0,N_609
2024-05-13 21:33:39,73.88364,7.87854,77.8235,175.79704,849.43274,-0.0040334607,-7205.4834582089725,20.0,N_609
2024-05-13 21:33:40,73.827774,7.875244,77.78154,175.59422,849.43274,-0.0018551042,-7226.248502199751,20.0,N_609
2024-05-13 21:33:41,73.77191,7.8719482,77.73958,175.39139,849.43274,-0.0024182575,-7250.544641021647,20.0,N_609
2024-05-13 21:33:42,73.71605,7.868683,77.69761,175.19556,849.43274,-0.001617699,-7268.796831777705,20.0,N_609
2024-05-13 21:33:43,73.66018,7.8654327,77.662636,174.99272,849.43274,-0.0012130494,-7284.443665084673,20.0,N_609
2024-05-13 21:33:44,73.60431,7.862213,77.620674,174.79689,849.43274,-2.3508255e-05,-7292.82683541983,20.0,N_609
2024-05-13 21:33:45,73.54844,7.8589935,77.57172,174.60106,849.43274,-0.00019606632,-7302.984812003611,20.0,N_609
2024-05-13 21:33:46,73.49256,7.8558044,77.53674,174.40523,849.43274,1.54283e-05,-7310.37681766013,20.0,N_609
2024-05-13 21:33:47,73.43668,7.8526306,77.49478,174.20938,849.43274,0.0006214271,-7314.471328639012,20.0,N_609
2024-05-13 21:33:48,73.3808,7.849472,77.45282,174.01355,849.43274,0.0010308278,-7315.954980083139,20.0,N_609
2024-05-13 21:33:49,73.32491,7.8463287,77.41085,173.8247,849.43274,0.0010463332,-7316.593379639613,20.0,N_609
2024-05-13 21:33:50,73.26903,7.843216,77.36189,173.63586,849.43274,0.00047888275,-7322.3108647857935,20.0,N_609
2024-05-13 21:33:51,73.213135,7.8401184,77.31993,173.44702,849.43274,0.0005018116,-7327.135997554555,20.0,N_609
2024-05-13 21:33:52,73.15724,7.837036,77.27796,173.2582,849.43274,0.0007215222,-7330.097080069639,20.0,N_609
2024-05-13 21:33:53,73.10135,7.833969,77.229004,173.06935,849.43274,0.0009409179,-7333.267445981229,20.0,N_609
2024-05-13 21:33:54,73.04545,7.8309326,77.19403,172.88051,849.43274,0.00056742463,-7336.982314984504,20.0,N_609
2024-05-13 21:33:55,72.98955,7.827896,77.15207,172.69865,849.43274,0.00018788021,-7343.761245466008,20.0,N_609
2024-05-13 21:33:56,72.93365,7.82489,77.11011,172.50981,849.43274,0.00079323427,-7346.7536726588805,20.0,N_609
2024-05-13 21:33:57,72.87774,7.8218994,77.06814,172.32797,849.43274,0.0010122438,-7348.3020979287085,20.0,N_609
2024-05-13 21:33:58,72.82183,7.818939,77.02618,172.15312,849.43274,0.0006421,-7351.637496157441,20.0,N_609
2024-05-13 21:33:59,72.765915,7.815979,76.97722,171.97127,849.43274,0.0008590986,-7354.921203116153,20.0,N_609
2024-05-13 21:34:00,72.71,7.8130493,76.93525,171.79642,849.43274,0.00068592007,-7358.342556108086,20.0,N_609
2024-05-13 21:34:01,72.65474,7.81044,76.89329,171.61456,849.43274,0.0003181844,-7364.353695276137,20.0,N_609
2024-05-13 21:34:02,72.59945,7.807831,76.851326,171.43971,849.43274,0.0001434735,-7371.2611009036555,20.0,N_609
2024-05-13 21:34:03,72.544136,7.805237,76.80236,171.25787,849.43274,-0.0002265643,-7381.5688246835,20.0,N_609
2024-05-13 21:34:04,72.4888,7.802658,76.7604,171.08302,849.43274,0.000179603,-7388.374226225286,20.0,N_609
2024-05-13 21:34:05,72.43343,7.8000793,76.71844,170.91516,849.43274,-0.00038793657,-7398.939000590077,20.0,N_609
2024-05-13 21:34:06,72.37805,7.7975006,76.66947,170.74031,849.43274,-0.00056132046,-7411.318309760866,20.0,N_609
2024-05-13 21:34:07,72.32264,7.794937,76.62751,170.56546,849.43274,-0.00073280174,-7423.964222110665,20.0,N_609
2024-05-13 21:34:08,72.2672,7.792389,76.58555,170.3976,849.43274,6.6119756e-05,-7431.338204104311,20.0,N_609
2024-05-13 21:34:09,72.21174,7.7898407,76.53659,170.22974,849.43274,0.00028414917,-7437.964427624984,20.0,N_609
2024-05-13 21:34:10,72.15625,7.7873077,76.487625,170.06187,849.43274,-8.4854546e-05,-7447.1734416162,20.0,N_609
2024-05-13 21:34:11,72.10074,7.784775,76.43867,169.90102,849.43274,0.00032432858,-7453.585242829165,20.0,N_609
2024-05-13 21:34:12,72.0452,7.782257,76.396706,169.73315,849.43274,-0.00023658523,-7462.938248337995,20.0,N_609
2024-05-13 21:34:13,71.98964,7.7797546,76.354744,169.5723,849.43274,-0.0008024094,-7475.842820486485,20.0,N_609
2024-05-13 21:34:14,71.93405,7.777252,76.312775,169.40443,849.43274,-0.00039169766,-7486.4260193934015,20.0,N_609
2024-05-13 21:34:15,71.87843,7.7747498,76.26382,169.24356,849.43274,-0.00056468253,-7498.599592231294,20.0,N_609
2024-05-13 21:34:16,71.8228,7.7722626,76.221855,169.07571,849.43274,-0.00073985726,-7511.175025016637,20.0,N_609
2024-05-13 21:34:17,71.767136,7.7697906,76.179886,168.91484,849.43274,-0.00072119164,-7524.319256979384,20.0,N_609
2024-05-13 21:34:18,71.71145,7.7673187,76.12393,168.76097,849.43274,-0.0005048658,-7537.027659342362,20.0,N_609
2024-05-13 21:34:19,71.65574,7.764862,76.074974,168.60011,849.43274,-0.000678019,-7549.813697881389,20.0,N_609
2024-05-13 21:34:20,71.6,7.7624054,76.03301,168.44624,849.43274,-0.00065887003,-7561.655340249919,20.0,N_609
2024-05-13 21:34:21,71.544235,7.759964,75.99104,168.28537,849.43274,-0.00063986407,-7573.435982812005,20.0,N_609
2024-05-13 21:34:22,71.48845,7.7575226,75.94908,168.1315,849.43274,-0.0006205132,-7584.970914144518,20.0,N_609
2024-05-13 21:34:23,71.43263,7.7550964,75.90712,167.97763,849.43274,-0.0006012216,-7597.137483518394,20.0,N_609
2024-05-13 21:34:24,71.3768,7.7526703,75.851166,167.82376,849.43274,-0.00018790126,-7607.665907738374,20.0,N_609
2024-05-13 21:34:25,71.32094,7.7502594,75.80221,167.66989,849.43274,2.7789312e-05,-7615.940509361821,20.0,N_609
2024-05-13 21:34:26,71.265045,7.747864,75.76024,167.52301,849.43274,0.00024148733,-7621.942219591801,20.0,N_609
2024-05-13 21:34:27,71.20914,7.745468,75.71828,167.36914,849.43274,0.00064905937,-7625.185696983414,20.0,N_609
2024-05-13 21:34:28,71.1532,7.7430725,75.66932,167.22226,849.43274,0.0006671348,-7628.891568738669,20.0,N_609
2024-05-13 21:34:29,71.09724,7.7407074,75.62036,167.06839,849.43274,0.0010775321,-7630.006738508408,20.0,N_609
2024-05-13 21:34:30,71.041245,7.738327,75.571396,166.92152,849.43274,0.0012929959,-7630.303136641942,20.0,N_609
2024-05-13 21:34:31,70.98524,7.735962,75.529434,166.77464,849.43274,0.0013121072,-7629.674938088356,20.0,N_609
2024-05-13 21:34:32,70.9292,7.733612,75.48747,166.62776,849.43274,0.0013310267,-7628.26882524483,20.0,N_609
2024-05-13 21:34:33,70.87314,7.7312775,75.438515,166.48788,849.43274,0.0019341789,-7622.004067753231,20.0,N_609
2024-05-13 21:34:34,70.81705,7.7289276,75.38256,166.341,849.43274,0.00195779,-7617.733122810439,20.0,N_609
2024-05-13 21:34:35,70.76093,7.7266083,75.3336,166.19414,849.43274,0.0023653575,-7610.125965654739,20.0,N_609
2024-05-13 21:34:36,70.704796,7.724289,75.28464,166.05424,849.43274,0.002582623,-7602.498663025572,20.0,N_609
2024-05-13 21:34:37,70.648636,7.7219696,75.242676,165.91437,849.43274,0.003185225,-7590.344333579305,20.0,N_609
2024-05-13 21:34:38,70.592445,7.7196655,75.200714,165.77449,849.43274,0.0032038752,-7576.08772836651,20.0,N_609
2024-05-13 21:34:39,70.53624,7.7173767,75.15176,165.6346,849.43274,0.003028436,-7561.855071075901,20.0,N_609
2024-05-13 21:34:40,70.479996,7.715088,75.0958,165.49472,849.43274,0.0030525983,-7550.196590896256,20.0,N_609
2024-05-13 21:34:41,70.42374,7.7128143,75.046844,165.35484,849.43274,0.003070586,-7539.463256412258,20.0,N_609
2024-05-13 21:34:42,70.36745,7.710541,75.004875,165.21495,849.43274,0.0032824364,-7524.589293546829,20.0,N_609
2024-05-13 21:34:43,70.311134,7.7082825,74.95592,165.07507,849.43274,0.0031091159,-7513.985890138101,20.0,N_609
2024-05-13 21:34:44,70.2548,7.706024,74.913956,164.94218,849.43274,0.0033226924,-7499.06032496704,20.0,N_609
2024-05-13 21:34:45,70.19843,7.703781,74.86499,164.8093,849.43274,0.0031481737,-7485.720894804978,20.0,N_609
2024-05-13 21:34:46,70.14205,7.7015533,74.81603,164.66942,849.43274,0.0029742783,-7474.383321744175,20.0,N_609
2024-05-13 21:34:47,70.08563,7.6993256,74.767075,164.54352,849.43274,0.003381312,-7459.689109408763,20.0,N_609
2024-05-13 21:34:48,70.0292,7.697098,74.71812,164.41063,849.43274,0.0034023554,-7444.961814570586,20.0,N_609
2024-05-13 21:34:49,69.97273,7.6948853,74.66916,164.27774,849.43274,0.0032265363,-7431.397213855316,20.0,N_609
2024-05-13 21:34:50,69.91625,7.692688,74.6202,164.14485,849.43274,0.0028591605,-7420.288491766336,20.0,N_609
2024-05-13 21:34:51,69.85973,7.6904907,74.57124,164.01196,849.43274,0.0030683565,-7408.119615494434,20.0,N_609
2024-05-13 21:34:52,69.8032,7.6883087,74.522285,163.88608,849.43274,0.0030883907,-7395.297596066448,20.0,N_609
2024-05-13 21:34:53,69.746635,7.6861267,74.47332,163.75319,849.43274,0.0031092744,-7384.772701409107,20.0,N_609
2024-05-13 21:34:54,69.69005,7.68396,74.43136,163.62729,849.43274,0.0031269675,-7373.177026280473,20.0,N_609
2024-05-13 21:34:55,69.63344,7.681793,74.3894,163.5014,849.43274,0.0033424634,-7355.60826473007,20.0,N_609
2024-05-13 21:34:56,69.5768,7.6796417,74.33344,163.36852,849.43274,0.0035573465,-7341.340431353206,20.0,N_609
2024-05-13 21:34:57,69.520134,7.67749,74.284485,163.2496,849.43274,0.0035803632,-7325.402732340266,20.0,N_609
2024-05-13 21:34:58,69.46345,7.675354,74.23553,163.12372,849.43274,0.003597659,-7309.452754452073,20.0,N_609
2024-05-13 21:34:59,69.40674,7.673233,74.18656,162.99782,849.43274,0.004199526,-7289.971644375393,20.0,N_609
2024-05-13 21:35:00,69.35,7.671112,74.1376,162.87892,849.43274,0.004217733,-7269.70965799467,20.0,N_609
2024-05-13 21:35:01,69.29315,7.669098,74.088646,162.75302,849.43274,0.0044275536,-7248.147131141799,20.0,N_609
2024-05-13 21:35:02,69.23629,7.6670837,74.03969,162.62714,849.43274,0.004448254,-7226.960877945366,20.0,N_609
2024-05-13 21:35:03,69.1794,7.6650696,73.99073,162.50824,849.43274,0.004468759,-7205.486917666771,20.0,N_609
2024-05-13 21:35:04,69.12249,7.6630554,73.94177,162.38933,849.43274,0.0042956104,-7185.130349694669,20.0,N_609
2024-05-13 21:35:05,69.06555,7.6610565,73.892815,162.27043,849.43274,0.0043150173,-7164.6217963670315,20.0,N_609
2024-05-13 21:35:06,69.0086,7.659073,73.84386,162.15154,849.43463,0.0043357816,-7143.408839170681,20.0,N_609
2024-05-13 21:35:07,68.95162,7.657074,73.79489,162.02563,849.43274,0.004352578,-7122.73168383084,20.0,N_609
2024-05-13 21:35:08,68.89462,7.6550903,73.74593,161.90674,849.4291,0.0041768784,-7103.567846560533,20.0,N_609
2024-05-13 21:35:09,68.8376,7.653122,73.696976,161.79483,849.43274,0.0038100816,-7083.6686283488325,20.0,N_609
2024-05-13 21:35:10,68.780556,7.6511383,73.64102,161.67593,849.455,0.0038320993,-7067.531601873952,20.0,N_609
2024-05-13 21:35:11,68.72349,7.64917,73.592064,161.56403,849.4568,0.0038502528,-7047.727421303542,20.0,N_609
2024-05-13 21:35:12,68.6664,7.647217,73.53611,161.45212,849.39575,0.0034834882,-7033.266220712259,20.0,N_609
2024-05-13 21:35:13,68.60929,7.6452637,73.48715,161.33322,849.28644,0.0036964258,-7016.665879566364,20.0,N_609
2024-05-13 21:35:14,68.552155,7.6433105,73.438194,161.21432,849.2216,0.0035209153,-7001.649603485383,20.0,N_609
2024-05-13 21:35:15,68.495,7.6413574,73.38924,161.10242,849.2272,0.003928861,-6983.825179548208,20.0,N_609
2024-05-13 21:35:16,68.43782,7.6394196,73.34028,160.99051,849.2439,0.003556562,-6968.414276988431,20.0,N_609
2024-05-13 21:35:17,68.38062,7.6374817,73.29132,160.8786,849.242,0.0031924478,-6955.367372495339,20.0,N_609
2024-05-13 21:35:18,68.3234,7.635544,73.24236,160.7667,849.23645,0.003405093,-6940.910135230562,20.0,N_609
2024-05-13 21:35:19,68.26616,7.633621,73.1934,160.6548,849.23834,0.003036224,-6928.854933837314,20.0,N_609
2024-05-13 21:35:20,68.208885,7.6316986,73.14444,160.5429,849.23834,0.0028609135,-6917.93337253243,20.0,N_609
2024-05-13 21:35:21,68.1516,7.6297913,73.09548,160.43098,849.23834,0.0028817076,-6907.215496483813,20.0,N_609
2024-05-13 21:35:22,68.09429,7.627884,73.046524,160.32607,849.23834,0.0029016542,-6893.948831103842,20.0,N_609
2024-05-13 21:35:23,68.03696,7.6259766,72.99057,160.21416,849.23834,0.0029204322,-6881.822372263241,20.0,N_609
2024-05-13 21:35:24,67.9796,7.624069,72.934616,160.10925,849.23834,0.0025543314,-6873.888159143552,20.0,N_609
2024-05-13 21:35:25,67.922226,7.622177,72.88566,160.00435,849.23834,0.0021840238,-6867.498486654813,20.0,N_609
2024-05-13 21:35:26,67.86482,7.620285,72.8367,159.89943,849.23834,0.0029798357,-6855.952022649911,20.0,N_609
2024-05-13 21:35:27,67.8074,7.618408,72.78774,159.79453,849.23834,0.0029940442,-6844.298463469804,20.0,N_609
2024-05-13 21:35:28,67.749954,7.6165314,72.738785,159.6896,849.23834,0.0034004913,-6829.998517701966,20.0,N_609
2024-05-13 21:35:29,67.69249,7.6146545,72.68983,159.5847,849.23834,0.003032067,-6816.036349726633,20.0,N_609
2024-05-13 21:35:30,67.635,7.6127777,72.63387,159.47978,849.23834,0.0032477125,-6803.113057797824,20.0,N_609
2024-05-13 21:35:31,67.57749,7.610916,72.584915,159.36787,849.23834,0.003075214,-6791.377427295157,20.0,N_609
2024-05-13 21:35:32,67.51996,7.60907,72.53596,159.26996,849.23834,0.0030911514,-6778.89395984124,20.0,N_609
2024-05-13 21:35:33,67.4624,7.6072083,72.48699,159.16505,849.23834,0.003696847,-6760.111688774982,20.0,N_609
2024-05-13 21:35:34,67.40482,7.605362,72.431046,159.06013,849.23834,0.0037129652,-6747.404671796205,20.0,N_609
2024-05-13 21:35:35,67.34722,7.6035156,72.38908,158.96222,849.23834,0.00469402,-6724.184624185747,20.0,N_609
2024-05-13 21:35:36,67.289604,7.6016846,72.34012,158.8643,849.23834,0.005286309,-6694.406769734844,20.0,N_609
2024-05-13 21:35:37,67.23196,7.5998535,72.284164,158.76639,849.23834,0.0062621455,-6657.817655593177,20.0,N_609
2024-05-13 21:35:38,67.17429,7.5980225,72.22821,158.66147,849.23834,0.0060979594,-6626.564941503465,20.0,N_609
2024-05-13 21:35:39,67.1166,7.5962067,72.17925,158.55656,849.23834,0.005927049,-6596.31567851864,20.0,N_609
2024-05-13 21:35:40,67.05889,7.594391,72.130295,158.45865,849.23834,0.0057493285,-6567.055144770948,20.0,N_609
2024-05-13 21:35:41,67.00116,7.592575,72.08134,158.36072,849.23834,0.0053884657,-6537.039253657284,20.0,N_609
2024-05-13 21:35:42,66.9434,7.5907745,72.02538,158.2698,849.23834,0.0050178175,-6509.751582611049,20.0,N_609
2024-05-13 21:35:43,66.88562,7.588974,71.96943,158.17189,849.23834,0.00542335,-6483.345449372538,20.0,N_609
2024-05-13 21:35:44,66.82782,7.5871735,71.92047,158.07396,849.23834,0.005628897,-6454.7497970160985,20.0,N_609
2024-05-13 21:35:45,66.770004,7.585388,71.87151,157.97604,849.23834,0.0052657994,-6429.126891277409,20.0,N_609
2024-05-13 21:35:46,66.71216,7.583603,71.822556,157.88513,849.23834,0.005085602,-6403.8561195248085,20.0,N_609
2024-05-13 21:35:47,66.65429,7.5818176,71.7736,157.7872,849.23834,0.0049103997,-6376.506126404016,20.0,N_609
2024-05-13 21:35:48,66.596405,7.5800476,71.71764,157.68929,849.23834,0.004935376,-6349.8000063240315,20.0,N_609
2024-05-13 21:35:49,66.53849,7.5782776,71.66169,157.59137,849.23834,0.004570136,-6329.334341633417,20.0,N_609
2024-05-13 21:35:50,66.48056,7.576523,71.61273,157.50044,849.23834,0.0047775963,-6306.569723530183,20.0,N_609
2024-05-13 21:35:51,66.4226,7.574768,71.563774,157.40953,849.23834,0.0057443227,-6277.655580851459,20.0,N_609
2024-05-13 21:35:52,66.364624,7.5730133,71.51482,157.3186,849.23834,0.0053899083,-6246.649138448845,20.0,N_609
2024-05-13 21:35:53,66.306625,7.5712585,71.45886,157.22069,849.23834,0.004837758,-6224.407753743762,20.0,N_609
2024-05-13 21:35:54,66.248604,7.569519,71.409904,157.12976,849.23834,0.0048578754,-6201.050598709741,20.0,N_609
2024-05-13 21:35:55,66.19056,7.5677795,71.36095,157.03883,849.23834,0.0046829768,-6175.5884021249785,20.0,N_609
2024-05-13 21:35:56,66.13249,7.5660553,71.30499,156.9479,849.23834,0.0050819153,-6148.145278831541,20.0,N_609
2024-05-13 21:35:57,66.0744,7.564316,71.24904,156.857,849.23834,0.00472271,-6123.210762418352,20.0,N_609
2024-05-13 21:35:58,66.01629,7.562607,71.193085,156.76607,849.23834,0.004358059,-6103.7967626871705,20.0,N_609
2024-05-13 21:35:59,65.95816,7.5608826,71.14413,156.67514,849.23834,0.004177595,-6082.300168356831,20.0,N_609
2024-05-13 21:36:00,65.9,7.5591736,71.08817,156.59122,849.23834,0.0045847013,-6064.28222429511,20.0,N_609
2024-05-13 21:36:01,65.84084,7.557495,71.04621,156.50029,849.23834,0.004215442,-6041.16023327126,20.0,N_609
2024-05-13 21:36:02,65.78169,7.555832,70.99026,156.40936,849.23834,0.004238257,-6022.980360228283,20.0,N_609
2024-05-13 21:36:03,65.72255,7.5541687,70.9413,156.32544,849.23834,0.004057672,-6001.667982550523,20.0,N_609
2024-05-13 21:36:04,65.66342,7.5525055,70.885345,156.23451,849.23834,0.0042725476,-5983.239944079914,20.0,N_609
2024-05-13 21:36:05,65.60431,7.5508575,70.83639,156.15059,849.23834,0.003899866,-5965.653466507687,20.0,N_609
2024-05-13 21:36:06,65.545204,7.5492096,70.78742,156.05966,849.23834,0.004112318,-5944.514033604558,20.0,N_609
2024-05-13 21:36:07,65.48611,7.5475616,70.731476,155.97574,849.23834,0.003946398,-5925.239507416313,20.0,N_609
2024-05-13 21:36:08,65.427025,7.5459137,70.67552,155.8918,849.23834,0.0043468648,-5903.159658843561,20.0,N_609
2024-05-13 21:36:09,65.36795,7.544281,70.61957,155.80788,849.23834,0.0043639457,-5883.950215758673,20.0,N_609
2024-05-13 21:36:10,65.30889,7.542633,70.57061,155.72394,849.23834,0.0043748743,-5860.793219384077,20.0,N_609
2024-05-13 21:36:11,65.24984,7.5410156,70.514656,155.64001,849.23834,0.0043945108,-5841.357605723951,20.0,N_609
2024-05-13 21:36:12,65.1908,7.539383,70.4657,155.55609,849.23834,0.004408489,-5820.9653137178475,20.0,N_609
2024-05-13 21:36:13,65.131775,7.5377655,70.41674,155.47215,849.23834,0.0044191093,-5797.451921068814,20.0,N_609
2024-05-13 21:36:14,65.072754,7.536133,70.36079,155.38823,849.23834,0.0046335687,-5773.270718621655,20.0,N_609
2024-05-13 21:36:15,65.01375,7.5345306,70.30483,155.30429,849.23834,0.0046496894,-5755.233181777324,20.0,N_609
2024-05-13 21:36:16,64.95476,7.532913,70.26287,155.22037,849.23834,0.005054259,-5726.956262316009,20.0,N_609
2024-05-13 21:36:17,64.895775,7.531311,70.20692,155.14343,849.23834,0.005083842,-5699.453529000697,20.0,N_609
2024-05-13 21:36:18,64.8368,7.529709,70.15096,155.05951,849.23834,0.0050929957,-5671.983482723078,20.0,N_609
2024-05-13 21:36:19,64.77784,7.5281067,70.09501,154.97557,849.23834,0.005115796,-5647.840216839971,20.0,N_609
2024-05-13 21:36:20,64.71889,7.52652,70.04605,154.89165,849.23834,0.0047464706,-5622.471296925439,20.0,N_609
2024-05-13 21:36:21,64.65995,7.5249176,69.9901,154.81471,849.23834,0.00456745,-5601.6406803079035,20.0,N_609
2024-05-13 21:36:22,64.60102,7.523346,69.94114,154.73077,849.23834,0.0045844363,-5580.555493786536,20.0,N_609
2024-05-13 21:36:23,64.54211,7.521759,69.89218,154.65384,849.23834,0.004410117,-5560.419719903486,20.0,N_609
2024-05-13 21:36:24,64.4832,7.520172,69.84322,154.5769,849.2401,0.0044307127,-5536.525309022251,20.0,N_609
2024-05-13 21:36:25,64.42431,7.5186005,69.78727,154.49298,849.23834,0.0042552394,-5515.328833082524,20.0,N_609
2024-05-13 21:36:26,64.365425,7.517029,69.731316,154.41605,849.2346,0.0046542785,-5491.239952532553,20.0,N_609
2024-05-13 21:36:27,64.30655,7.5154724,69.67536,154.33911,849.23834,0.0042912867,-5472.630540876361,20.0,N_609
2024-05-13 21:36:28,64.24769,7.513916,69.6264,154.26218,849.2531,0.004128318,-5454.16882084979,20.0,N_609
2024-05-13 21:36:29,64.18884,7.5123596,69.577446,154.18524,849.242,0.0041528805,-5432.655381056693,20.0,N_609
2024-05-13 21:36:30,64.13,7.510803,69.52149,154.1083,849.16974,0.0041534915,-5414.859026189425,20.0,N_609
2024-05-13 21:36:31,64.071175,7.509247,69.472534,154.03137,849.079,0.004170453,-5393.195865692839,20.0,N_609
2024-05-13 21:36:32,64.01235,7.5077057,69.41658,153.95444,849.0309,0.0041935686,-5372.210631276791,20.0,N_609
2024-05-13 21:36:33,63.95355,7.5061646,69.36063,153.8775,849.03455,0.00420636,-5351.121708088311,20.0,N_609
2024-05-13 21:36:34,63.894756,7.5046234,69.30467,153.80057,849.04755,0.00422561,-5330.375819400339,20.0,N_609
2024-05-13 21:36:35,63.83597,7.5030975,69.24872,153.73062,849.0457,0.004244844,-5311.811967870934,20.0,N_609
2024-05-13 21:36:36,63.7772,7.5015717,69.19976,153.65369,849.042,0.0042617125,-5292.946861093047,20.0,N_609
2024-05-13 21:36:37,63.718437,7.500046,69.1508,153.58374,849.0438,0.0042785667,-5270.329726861694,20.0,N_609
2024-05-13 21:36:38,63.659687,7.49852,69.09485,153.5068,849.0438,0.0042977454,-5248.532868783689,20.0,N_609
2024-05-13 21:36:39,63.60095,7.4970093,69.038895,153.42987,849.0438,0.0043102237,-5227.147406242506,20.0,N_609
2024-05-13 21:36:40,63.54222,7.4954987,68.98294,153.35994,849.0438,0.004519889,-5206.777411267904,20.0,N_609
2024-05-13 21:36:41,63.483505,7.493988,68.93398,153.283,849.0438,0.004350162,-5186.7185301821655,20.0,N_609
2024-05-13 21:36:42,63.4248,7.4924774,68.885025,153.20607,849.0438,0.004366926,-5164.052724966615,20.0,N_609
2024-05-13 21:36:43,63.366104,7.490982,68.82907,153.13612,849.0438,0.0043860055,-5141.984607471886,20.0,N_609
2024-05-13 21:36:44,63.307423,7.4894867,68.773125,153.06618,849.0438,0.0044050654,-5119.76901320265,20.0,N_609
2024-05-13 21:36:45,63.24875,7.4879913,68.71717,152.99625,849.0438,0.0044214474,-5097.4269052427835,20.0,N_609
2024-05-13 21:36:46,63.19009,7.486511,68.66122,152.9263,849.0438,0.0044362526,-5077.47829901689,20.0,N_609
2024-05-13 21:36:47,63.13144,7.485016,68.61226,152.84937,849.0438,0.0048333686,-5051.544133489889,20.0,N_609
2024-05-13 21:36:48,63.0728,7.483551,68.556305,152.77942,849.0438,0.0050381464,-5024.929399857284,20.0,N_609
2024-05-13 21:36:49,63.01417,7.482071,68.50035,152.70949,849.0438,0.004678263,-5000.769181428215,20.0,N_609
2024-05-13 21:36:50,62.955555,7.480591,68.4444,152.63954,849.0438,0.0045027086,-4980.955063762515,20.0,N_609
2024-05-13 21:36:51,62.89695,7.479126,68.39544,152.5696,849.0438,0.0047092964,-4958.999029970759,20.0,N_609
2024-05-13 21:36:52,62.838356,7.477661,68.34648,152.49966,849.0438,0.0047301506,-4936.897861380878,20.0,N_609
2024-05-13 21:36:53,62.77977,7.4762115,68.29752,152.42972,849.0438,0.0045567006,-4913.197201934814,20.0,N_609
2024-05-13 21:36:54,62.7212,7.4747467,68.24157,152.36678,849.0438,0.005332467,-4884.351728540437,20.0,N_609
2024-05-13 21:36:55,62.66264,7.473297,68.185616,152.29683,849.0438,0.004596127,-4860.672968849607,20.0,N_609
2024-05-13 21:36:56,62.604088,7.471863,68.12966,152.22688,849.0438,0.004990069,-4834.2672175280395,20.0,N_609
2024-05-13 21:36:57,62.545547,7.470413,68.07371,152.15695,849.0438,0.005582524,-4803.761228038719,20.0,N_609
2024-05-13 21:36:58,62.487022,7.468979,68.01775,152.087,849.0438,0.0054086843,-4778.92974271047,20.0,N_609
2024-05-13 21:36:59,62.428505,7.4675446,67.968796,152.02406,849.0438,0.005235271,-4749.817994010905,20.0,N_609
2024-05-13 21:37:00,62.37,7.46611,67.91284,151.95412,849.0438,0.0052538556,-4725.1916948495145,20.0,N_609
2024-05-13 21:37:01,62.311913,7.464737,67.863884,151.88417,849.0438,0.0052701025,-4696.556965123027,20.0,N_609
2024-05-13 21:37:02,62.253826,7.4633636,67.80793,151.82123,849.0438,0.0048976573,-4670.585414429,20.0,N_609
2024-05-13 21:37:03,62.195736,7.4620056,67.75198,151.75128,849.0438,0.0047361073,-4646.398657563086,20.0,N_609
2024-05-13 21:37:04,62.13764,7.4606323,67.69603,151.68834,849.0438,0.005318273,-4617.484522880876,20.0,N_609
2024-05-13 21:37:05,62.079548,7.4592743,67.640076,151.6184,849.0438,0.004773367,-4593.019380556199,20.0,N_609
2024-05-13 21:37:06,62.02145,7.4579163,67.58412,151.55545,849.0438,0.0047893003,-4571.717290286001,20.0,N_609
2024-05-13 21:37:07,61.96335,7.456558,67.535164,151.49251,849.0438,0.004800795,-4545.48035646105,20.0,N_609
2024-05-13 21:37:08,61.905243,7.4552,67.47921,151.42256,849.0438,0.004819326,-4524.079985575178,20.0,N_609
2024-05-13 21:37:09,61.847137,7.453842,67.43025,151.35962,849.0438,0.004840372,-4498.143210178563,20.0,N_609
2024-05-13 21:37:10,61.78903,7.4524994,67.3743,151.29668,849.0438,0.00485622,-4472.937378375957,20.0,N_609
2024-05-13 21:37:11,61.730915,7.4511414,67.318344,151.23372,849.0438,0.004874711,-4446.9813800042575,20.0,N_609
2024-05-13 21:37:12,61.6728,7.4497986,67.26239,151.16379,849.0438,0.004883346,-4421.675131080437,20.0,N_609
2024-05-13 21:37:13,61.61468,7.448456,67.206436,151.10083,849.0438,0.004904016,-4399.57296440073,20.0,N_609
2024-05-13 21:37:14,61.55656,7.447113,67.15748,151.03789,849.0438,0.004920127,-4376.5054767661095,20.0,N_609
2024-05-13 21:37:15,61.498436,7.4457703,67.10852,150.97495,849.0438,0.0045535755,-4352.443773828487,20.0,N_609
2024-05-13 21:37:16,61.440308,7.4444427,67.05257,150.91199,849.0438,0.004954575,-4330.636787286685,20.0,N_609
2024-05-13 21:37:17,61.38218,7.4431,67.00361,150.85603,849.0457,0.0047741923,-4301.498965780297,20.0,N_609
2024-05-13 21:37:18,61.324047,7.4417725,66.94067,150.79309,849.042,0.0046163006,-4278.676710378505,20.0,N_609
2024-05-13 21:37:19,61.265915,7.440445,66.88471,150.73015,849.03644,0.004813129,-4253.645814347387,20.0,N_609
2024-05-13 21:37:20,61.207775,7.439102,66.82876,150.6672,849.042,0.004828756,-4228.493083560413,20.0,N_609
2024-05-13 21:37:21,61.149635,7.43779,66.772804,150.60425,849.0624,0.0048521794,-4203.16802317987,20.0,N_609
2024-05-13 21:37:22,61.09149,7.4364624,66.71685,150.5413,849.04755,0.0048652724,-4178.3218371742805,20.0,N_609
2024-05-13 21:37:23,61.033348,7.435135,66.6609,150.48535,848.9531,0.004498845,-4158.442065859906,20.0,N_609
2024-05-13 21:37:24,60.975197,7.4338226,66.61194,150.42241,848.8531,0.00451486,-4137.7075606117605,20.0,N_609
2024-05-13 21:37:25,60.917046,7.432495,66.56298,150.35945,848.829,0.004530857,-4114.224651026454,20.0,N_609
2024-05-13 21:37:26,60.85889,7.431183,66.50703,150.30351,848.8475,0.004546432,-4094.0112925697604,20.0,N_609
2024-05-13 21:37:27,60.800735,7.4298706,66.45807,150.24055,848.8549,0.0045623896,-4070.2946334162443,20.0,N_609
2024-05-13 21:37:28,60.742577,7.4285583,66.402115,150.1846,848.84937,0.0043924805,-4047.913283050885,20.0,N_609
2024-05-13 21:37:29,60.684414,7.427246,66.34616,150.12166,848.8475,0.0042199893,-4023.783583707309,20.0,N_609
2024-05-13 21:37:30,60.626247,7.425949,66.28322,150.05872,848.8475,0.0044285194,-4002.635694991299,20.0,N_609
2024-05-13 21:37:31,60.56808,7.424637,66.227264,150.00276,848.84937,0.0042533563,-3984.7429721186672,20.0,N_609
2024-05-13 21:37:32,60.50991,7.42334,66.17831,149.94681,848.84937,0.0042720633,-3962.8158669790873,20.0,N_609
2024-05-13 21:37:33,60.451736,7.422043,66.12235,149.89085,848.84937,0.0041024373,-3942.3588823265036,20.0,N_609
2024-05-13 21:37:34,60.39356,7.420746,66.0664,149.82791,848.84937,0.004118002,-3921.8903112056123,20.0,N_609
2024-05-13 21:37:35,60.33538,7.419449,66.010445,149.76495,848.84937,0.0043184184,-3900.57946494064,20.0,N_609
2024-05-13 21:37:36,60.2772,7.418152,65.95449,149.709,848.84937,0.00415441,-3880.254351475138,20.0,N_609
2024-05-13 21:37:37,60.219013,7.416855,65.89854,149.65305,848.84937,0.0041643437,-3859.856167625986,20.0,N_609
2024-05-13 21:37:38,60.160824,7.415573,65.84259,149.5971,848.84937,0.0041824663,-3841.708765367118,20.0,N_609
2024-05-13 21:37:39,60.102634,7.4142914,65.793625,149.53415,848.84937,0.0041983197,-3820.3187807810564,20.0,N_609
2024-05-13 21:37:40,60.04444,7.4129944,65.73768,149.4782,848.84937,0.004208084,-3802.591886808602,20.0,N_609
2024-05-13 21:37:41,59.986248,7.4117126,65.68871,149.42224,848.84937,0.0042295363,-3780.8628256746533,20.0,N_609
2024-05-13 21:37:42,59.928047,7.410446,65.63277,149.36629,848.84937,0.004247572,-3759.8478640580934,20.0,N_609
2024-05-13 21:37:43,59.869846,7.4091644,65.57681,149.31035,848.84937,0.00426862,-3738.6794282361707,20.0,N_609
2024-05-13 21:37:44,59.81164,7.4078827,65.52086,149.2544,848.84937,0.004275157,-3717.456126791787,20.0,N_609
2024-05-13 21:37:45,59.753433,7.406616,65.464905,149.19844,848.84937,0.004109089,-3697.344208727228,20.0,N_609
2024-05-13 21:37:46,59.695225,7.4053497,65.40895,149.14249,848.84937,0.0041213045,-3680.076430941406,20.0,N_609
2024-05-13 21:37:47,59.637012,7.404068,65.35999,149.08653,848.84937,0.004329816,-3657.6018062103685,20.0,N_609
2024-05-13 21:37:48,59.578796,7.4028015,65.30404,149.03058,848.84937,0.00435087,-3638.9224041659445,20.0,N_609
2024-05-13 21:37:49,59.52058,7.4015503,65.25508,148.97462,848.84937,0.003805983,-3620.4266240633915,20.0,N_609
2024-05-13 21:37:50,59.46236,7.400284,65.19913,148.92566,848.84937,0.0038154786,-3602.1440493029922,20.0,N_609
2024-05-13 21:37:51,59.404137,7.3990173,65.14317,148.8697,848.84937,0.0038334918,-3583.8372318552892,20.0,N_609
2024-05-13 21:37:52,59.34591,7.397766,65.08722,148.81377,848.84937,0.0038455473,-3565.4402125907263,20.0,N_609
2024-05-13 21:37:53,59.287678,7.396515,65.03127,148.75781,848.84937,0.0038667696,-3546.885386382676,20.0,N_609
2024-05-13 21:37:54,59.229446,7.3952637,64.97532,148.70186,848.84937,0.0038906978,-3531.455544392993,20.0,N_609
2024-05-13 21:37:55,59.17121,7.3940125,64.92636,148.6529,848.84937,0.0033443025,-3515.4687143129404,20.0,N_609
2024-05-13 21:37:56,59.112976,7.392761,64.87041,148.59694,848.84937,0.0033624142,-3500.304750611711,20.0,N_609
2024-05-13 21:37:57,59.054733,7.39151,64.81445,148.54099,848.84937,0.0033744485,-3485.4669031972153,20.0,N_609
2024-05-13 21:37:58,58.99649,7.390274,64.7585,148.49203,848.84937,0.0033958894,-3469.950983253131,20.0,N_609
2024-05-13 21:37:59,58.938248,7.389023,64.702545,148.43608,848.85126,0.0034139368,-3452.3249236752144,20.0,N_609
2024-05-13 21:38:00,58.879997,7.387787,64.6396,148.38712,848.84937,0.0034314825,-3439.8257344036774,20.0,N_609
2024-05-13 21:38:01,58.821747,7.386566,64.59064,148.33116,848.8438,0.003447265,-3423.627017709561,20.0,N_609
2024-05-13 21:38:02,58.763493,7.38533,64.53469,148.28221,848.8475,0.0034501986,-3407.7036206796893,20.0,N_609
2024-05-13 21:38:03,58.705235,7.3841095,64.47874,148.22626,848.86786,0.0034618967,-3392.2345349409843,20.0,N_609
2024-05-13 21:38:04,58.646976,7.382889,64.42278,148.17729,848.8531,0.0034859732,-3376.0498934059306,20.0,N_609
2024-05-13 21:38:05,58.58871,7.381668,64.36683,148.12134,848.7586,0.003494893,-3360.3452219371484,20.0,N_609
2024-05-13 21:38:06,58.53045,7.3804626,64.310875,148.07239,848.6586,0.0035126992,-3346.946444477062,20.0,N_609
2024-05-13 21:38:07,58.47218,7.379242,64.26192,148.02342,848.6346,0.0035318956,-3330.027845557106,20.0,N_609
2024-05-13 21:38:08,58.41391,7.3780365,64.20596,147.97447,848.6531,0.00354336,-3313.870269365314,20.0,N_609
2024-05-13 21:38:09,58.355633,7.376816,64.15001,147.9255,848.6623,0.0035584134,-3294.580854435646,20.0,N_609
2024-05-13 21:38:10,58.29736,7.3756104,64.08707,147.86955,848.6586,0.0033928368,-3280.362400859158,20.0,N_609
2024-05-13 21:38:11,58.23908,7.374405,64.03111,147.8206,848.6531,0.003037075,-3267.1674409505067,20.0,N_609
2024-05-13 21:38:12,58.180798,7.3731995,63.97516,147.76465,848.6531,0.0032402908,-3255.4439408023027,20.0,N_609
2024-05-13 21:38:13,58.122513,7.371994,63.9262,147.71568,848.6549,0.003070597,-3241.5603483249015,20.0,N_609
2024-05-13 21:38:14,58.064224,7.3707886,63.870247,147.66672,848.6549,0.0034561625,-3225.9374395034883,20.0,N_609
2024-05-13 21:38:15,58.005936,7.3695984,63.814293,147.61777,848.6549,0.003473827,-3210.188418767182,20.0,N_609
2024-05-13 21:38:16,57.947643,7.368393,63.758343,147.5688,848.6549,0.0033037,-3195.568772146249,20.0,N_609
2024-05-13 21:38:17,57.889347,7.3672028,63.70239,147.51985,848.6549,0.003506396,-3182.1101248311606,20.0,N_609
2024-05-13 21:38:18,57.831047,7.3659973,63.65343,147.47089,848.6549,0.0035191237,-3164.7187991689843,20.0,N_609
2024-05-13 21:38:19,57.772747,7.364807,63.597477,147.41493,848.6549,0.0031669436,-3151.095378170545,20.0,N_609
2024-05-13 21:38:20,57.714443,7.363617,63.541523,147.36598,848.6549,0.003181938,-3134.9315467340257,20.0,N_609
2024-05-13 21:38:21,57.656136,7.3624268,63.478577,147.31702,848.6549,0.003201771,-3122.1802506912045,20.0,N_609
2024-05-13 21:38:22,57.597824,7.3612366,63.422623,147.27505,848.6549,0.0032167176,-3107.993102902883,20.0,N_609
2024-05-13 21:38:23,57.539513,7.3600616,63.366673,147.22609,848.6549,0.003234329,-3093.782282723305,20.0,N_609
2024-05-13 21:38:24,57.481197,7.3588715,63.31072,147.17714,848.6549,0.0030646978,-3082.903421658244,20.0,N_609
2024-05-13 21:38:25,57.42288,7.3576965,63.26176,147.12817,848.6549,0.0030801678,-3068.868294961885,20.0,N_609
2024-05-13 21:38:26,57.36456,7.3565063,63.205807,147.07922,848.6549,0.0029133912,-3056.786391290465,20.0,N_609
2024-05-13 21:38:27,57.306236,7.3553314,63.149853,147.03026,848.6549,0.00292836,-3044.953997564591,20.0,N_609
2024-05-13 21:38:28,57.24791,7.3541565,63.0939,146.9883,848.6549,0.0029433034,-3034.667862784072,20.0,N_609
2024-05-13 21:38:29,57.18958,7.3529816,63.04494,146.93933,848.6549,0.0027745822,-3022.654498329961,20.0,N_609
2024-05-13 21:38:30,57.13125,7.3518066,62.988987,146.89038,848.6549,0.0029763496,-3007.948487037467,20.0,N_609
2024-05-13 21:38:31,57.072914,7.350647,62.92604,146.84142,848.6549,0.0028093415,-2997.3716599438085,20.0,N_609
2024-05-13 21:38:32,57.014576,7.349472,62.87009,146.79247,848.6549,0.0028269545,-2986.1751523311905,20.0,N_609
2024-05-13 21:38:33,56.956234,7.3483124,62.814137,146.75049,848.6549,0.003025741,-2973.185123047975,20.0,N_609
2024-05-13 21:38:34,56.897892,7.3471375,62.758183,146.70154,848.6549,0.0030432334,-2960.170136846533,20.0,N_609
2024-05-13 21:38:35,56.839546,7.345978,62.70223,146.65257,848.65674,0.0030580088,-2947.4332732562707,20.0,N_609
2024-05-13 21:38:36,56.781197,7.344818,62.64628,146.61061,848.6531,0.0034428008,-2934.0800782339393,20.0,N_609
2024-05-13 21:38:37,56.722847,7.3436584,62.597317,146.56166,848.64935,0.0034552393,-2917.4320244209484,20.0,N_609
2024-05-13 21:38:38,56.66449,7.342499,62.541367,146.5127,848.6642,0.0034724907,-2899.3655289009184,20.0,N_609
2024-05-13 21:38:39,56.606136,7.341339,62.47842,146.47073,848.6827,0.0029387982,-2887.753195563284,20.0,N_609
2024-05-13 21:38:40,56.547775,7.3401947,62.422466,146.42177,848.6586,0.002956219,-2875.2776474611946,20.0,N_609
2024-05-13 21:38:41,56.489414,7.339035,62.366512,146.37282,848.5623,0.0031542256,-2861.8642482631385,20.0,N_609
2024-05-13 21:38:42,56.431046,7.3378906,62.31056,146.33086,848.4642,0.0031715243,-2850.0892260220535,20.0,N_609
2024-05-13 21:38:43,56.37268,7.336746,62.2616,146.28189,848.44006,0.003000815,-2836.8374690606506,20.0,N_609
2024-05-13 21:38:44,56.31431,7.335602,62.205647,146.23993,848.4586,0.00301814,-2824.205126044708,20.0,N_609
2024-05-13 21:38:45,56.255936,7.3344574,62.149696,146.19797,848.466,0.0030327432,-2811.4673350988487,20.0,N_609
2024-05-13 21:38:46,56.19756,7.333313,62.093742,146.15599,848.46045,0.0030473229,-2798.231663728875,20.0,N_609
2024-05-13 21:38:47,56.13918,7.3321686,62.03779,146.10704,848.4586,0.0030645726,-2784.971543591688,20.0,N_609
2024-05-13 21:38:48,56.080795,7.331024,61.98184,146.05807,848.4586,0.0030817997,-2771.9902634651753,20.0,N_609
2024-05-13 21:38:49,56.02241,7.329895,61.925884,146.01611,848.46045,0.0031035377,-2758.75918188351,20.0,N_609
2024-05-13 21:38:50,55.964024,7.3287506,61.86993,145.97415,848.46045,0.0031180365,-2745.425533575417,20.0,N_609
2024-05-13 21:38:51,55.905636,7.3276215,61.813976,145.93219,848.46045,0.003135208,-2731.5568790555353,20.0,N_609
2024-05-13 21:38:52,55.84724,7.3264923,61.758026,145.88322,848.46045,0.0031496563,-2718.0993987310667,20.0,N_609
2024-05-13 21:38:53,55.788845,7.325363,61.702072,145.84126,848.46045,0.0031667762,-2704.4229082071015,20.0,N_609
2024-05-13 21:38:54,55.730446,7.324234,61.64612,145.7993,848.46045,0.003173833,-2692.5287854187736,20.0,N_609
2024-05-13 21:38:55,55.672047,7.323105,61.59716,145.75034,848.46045,0.0032034991,-2677.8583936652594,20.0,N_609
2024-05-13 21:38:56,55.61364,7.3219757,61.541206,145.70837,848.46045,0.0032031033,-2663.922810691618,20.0,N_609
2024-05-13 21:38:57,55.555233,7.320862,61.485256,145.66641,848.46045,0.0032349087,-2649.7678884304933,20.0,N_609
2024-05-13 21:38:58,55.496826,7.3197327,61.429302,145.62445,848.46045,0.0032343783,-2633.2217861824665,20.0,N_609
2024-05-13 21:38:59,55.43841,7.318619,61.366356,145.58247,848.46045,0.003268311,-2619.6667903660527,20.0,N_609
2024-05-13 21:39:00,55.379997,7.317505,61.310402,145.54051,848.46045,0.0032751076,-2607.1065797199662,20.0,N_609
2024-05-13 21:39:01,55.321663,7.3164215,61.261444,145.49156,848.46045,0.0032974065,-2592.1617413070453,20.0,N_609
2024-05-13 21:39:02,55.26332,7.315338,61.20549,145.45659,848.46045,0.0033041053,-2577.415643535973,20.0,N_609
2024-05-13 21:39:03,55.20497,7.3142548,61.149536,145.41463,848.46045,0.0033257855,-2559.749913282003,20.0,N_609
2024-05-13 21:39:04,55.146618,7.3131714,61.08659,145.36566,848.46045,0.003344724,-2545.749027675316,20.0,N_609
2024-05-13 21:39:05,55.08826,7.312088,61.030636,145.3237,848.46045,0.0029884507,-2533.174523624928,20.0,N_609
2024-05-13 21:39:06,55.029896,7.3110046,60.974686,145.28174,848.46045,0.003005389,-2520.478359440798,20.0,N_609
2024-05-13 21:39:07,54.971527,7.3099213,60.91873,145.23976,848.46045,0.002838345,-2508.885930126453,20.0,N_609
2024-05-13 21:39:08,54.913155,7.308853,60.862778,145.1978,848.45496,0.0032252846,-2494.7173614029634,20.0,N_609
2024-05-13 21:39:09,54.85477,7.30777,60.806824,145.15584,848.45306,0.0032393816,-2480.4493740684666,20.0,N_609
2024-05-13 21:39:10,54.796387,7.3066864,60.750874,145.11388,848.4697,0.0030674809,-2467.6877424887334,20.0,N_609
2024-05-13 21:39:11,54.737995,7.3056183,60.69492,145.0789,848.48083,0.0029083423,-2455.5070266413895,20.0,N_609
2024-05-13 21:39:12,54.679596,7.304535,60.638966,145.03694,848.42346,0.0025608307,-2445.726740100017,20.0,N_609
2024-05-13 21:39:13,54.621197,7.303467,60.583015,144.99498,848.31415,0.0023970902,-2437.0263212580503,20.0,N_609
2024-05-13 21:39:14,54.562786,7.3023834,60.52706,144.953,848.2475,0.0024037224,-2428.277146841794,20.0,N_609
2024-05-13 21:39:15,54.50437,7.3013153,60.471107,144.91104,848.25305,0.0026091202,-2420.0474098251125,20.0,N_609
2024-05-13 21:39:16,54.445953,7.300247,60.42215,144.86908,848.2697,0.0024330013,-2410.2604532585174,20.0,N_609
2024-05-13 21:39:17,54.387527,7.299164,60.366196,144.82712,848.2679,0.002638223,-2399.9335980920514,20.0,N_609
2024-05-13 21:39:18,54.329098,7.2980957,60.31024,144.78516,848.2641,0.0026524146,-2387.8534369550034,20.0,N_609
2024-05-13 21:39:19,54.27066,7.2970276,60.247295,144.75018,848.2641,0.0026686364,-2378.0450942920925,20.0,N_609
2024-05-13 21:39:20,54.21222,7.2959595,60.19134,144.70822,848.266,0.0026776195,-2369.373947877615,20.0,N_609
2024-05-13 21:39:21,54.153774,7.2948914,60.142384,144.66624,848.266,0.0026975393,-2357.7977179932022,20.0,N_609
2024-05-13 21:39:22,54.09532,7.2938232,60.086433,144.62428,848.266,0.0027222314,-2345.1873627971527,20.0,N_609
2024-05-13 21:39:23,54.03686,7.292755,60.023483,144.58931,848.266,0.0025584286,-2334.207688741799,20.0,N_609
2024-05-13 21:39:24,53.978397,7.291687,59.960537,144.54735,848.266,0.0027571595,-2324.2220488684216,20.0,N_609
2024-05-13 21:39:25,53.91993,7.290634,59.904583,144.51237,848.266,0.0025914225,-2315.933053233677,20.0,N_609
2024-05-13 21:39:26,53.861454,7.289566,59.855625,144.47041,848.266,0.0026034624,-2304.9504478287563,20.0,N_609
2024-05-13 21:39:27,53.802975,7.288498,59.79967,144.42845,848.266,0.0026202274,-2292.755128025001,20.0,N_609
2024-05-13 21:39:28,53.744488,7.287445,59.736725,144.38649,848.266,0.0026362925,-2283.537455684307,20.0,N_609
2024-05-13 21:39:29,53.685997,7.286377,59.680775,144.35152,848.266,0.0026530027,-2272.9379918863033,20.0,N_609
2024-05-13 21:39:30,53.6275,7.285309,59.62482,144.30956,848.266,0.0026669751,-2264.649301239284,20.0,N_609
2024-05-13 21:39:31,53.568996,7.284256,59.575863,144.27458,848.266,0.0023205015,-2255.4289716502444,20.0,N_609
2024-05-13 21:39:32,53.510487,7.283203,59.51991,144.23262,848.2641,0.0023615588,-2247.158536610692,20.0,N_609
2024-05-13 21:39:33,53.451973,7.282135,59.463955,144.19765,848.266,0.0025303985,-2237.352681365077,20.0,N_609
2024-05-13 21:39:34,53.393456,7.281082,59.408,144.15569,848.266,0.0027422393,-2226.5818882986878,20.0,N_609
2024-05-13 21:39:35,53.33493,7.2800293,59.35205,144.12071,848.2623,0.0027561162,-2215.25597004251,20.0,N_609
2024-05-13 21:39:36,53.276398,7.2789764,59.296097,144.07875,848.26044,0.002764523,-2204.3269715689385,20.0,N_609
2024-05-13 21:39:37,53.21786,7.2779083,59.240143,144.04378,848.27527,0.0024373336,-2195.1183603598365,20.0,N_609
2024-05-13 21:39:38,53.15932,7.2768555,59.184193,144.00182,848.2938,0.0022645486,-2187.451101840854,20.0,N_609
2024-05-13 21:39:39,53.100773,7.2758026,59.12824,143.96684,848.2697,0.0021110126,-2179.1173054488754,20.0,N_609
2024-05-13 21:39:40,53.04222,7.2747498,59.065292,143.93187,848.1734,0.002297311,-2171.648305659057,20.0,N_609
2024-05-13 21:39:41,52.98366,7.273712,59.00934,143.88991,848.07526,0.0021356882,-2164.521657159661,20.0,N_609
2024-05-13 21:39:42,52.9251,7.2726593,58.953384,143.84793,848.0512,0.0023362152,-2156.364687463929,20.0,N_609
2024-05-13 21:39:43,52.866528,7.2716064,58.89743,143.81297,848.0697,0.0023418777,-2148.0725557758396,20.0,N_609
2024-05-13 21:39:44,52.807953,7.2705536,58.84148,143.778,848.07526,0.0023584869,-2139.6652252094136,20.0,N_609
2024-05-13 21:39:45,52.749374,7.2695007,58.785526,143.74303,848.07153,0.002380672,-2130.7839115185852,20.0,N_609
2024-05-13 21:39:46,52.69079,7.268463,58.729572,143.70107,848.0697,0.0020331834,-2126.0882452927563,20.0,N_609
2024-05-13 21:39:47,52.632195,7.2674103,58.680614,143.66609,848.0697,0.0020535341,-2117.0607068836016,20.0,N_609
2024-05-13 21:39:48,52.573597,7.2663727,58.61767,143.62413,848.07153,0.0020695163,-2111.4416540484344,20.0,N_609
2024-05-13 21:39:49,52.514996,7.26532,58.561714,143.58916,848.07153,0.00226378,-2103.62963690737,20.0,N_609
2024-05-13 21:39:50,52.456387,7.264282,58.50576,143.55418,848.0697,0.0024551228,-2094.5584805083618,20.0,N_609
2024-05-13 21:39:51,52.397774,7.2632446,58.44981,143.51921,848.0697,0.0024688444,-2085.390545693066,20.0,N_609
2024-05-13 21:39:52,52.339153,7.262192,58.393856,143.48424,848.07153,0.0024852538,-2073.9498716879643,20.0,N_609
2024-05-13 21:39:53,52.28053,7.261154,58.33091,143.44228,848.07153,0.0023236757,-2066.635452465611,20.0,N_609
2024-05-13 21:39:54,52.221897,7.2601166,58.274956,143.4073,848.0697,0.0025172501,-2057.1341885406964,20.0,N_609
2024-05-13 21:39:55,52.16326,7.259079,58.219,143.37234,848.0697,0.0025308589,-2047.5382883441707,20.0,N_609
2024-05-13 21:39:56,52.10462,7.2580414,58.16305,143.33737,848.07153,0.0025444387,-2037.8465201961899,20.0,N_609
2024-05-13 21:39:57,52.045975,7.257004,58.107098,143.3024,848.07153,0.0025607075,-2028.042905572891,20.0,N_609
2024-05-13 21:39:58,51.98732,7.255966,58.051144,143.26743,848.07153,0.0023974716,-2018.9665160032364,20.0,N_609
2024-05-13 21:39:59,51.92866,7.2549286,57.99519,143.22546,848.0697,0.0025877254,-2009.0661249736804,20.0,N_609
2024-05-13 21:40:00,51.87,7.253891,57.93924,143.19049,848.0697,0.0026039095,-2000.8737988365574,20.0,N_609
2024-05-13 21:40:01,51.811165,7.252884,57.89028,143.15552,848.07153,0.0026153815,-1989.8709926928677,20.0,N_609
2024-05-13 21:40:02,51.75233,7.251892,57.834328,143.12054,848.07153,0.002631508,-1977.6204420459453,20.0,N_609
2024-05-13 21:40:03,51.6935,7.250885,57.77138,143.08559,848.0678,0.0022942736,-1968.6462237489686,20.0,N_609
2024-05-13 21:40:04,51.634666,7.249893,57.70843,143.05061,848.0697,0.0024859603,-1960.1129254908083,20.0,N_609
2024-05-13 21:40:05,51.575832,7.248886,57.65248,143.01564,848.0845,0.002325995,-1953.5122991268017,20.0,N_609
2024-05-13 21:40:06,51.517,7.247879,57.60352,142.98067,848.07336,0.0023375251,-1944.3105071648515,20.0,N_609
2024-05-13 21:40:07,51.458164,7.246887,57.54757,142.9457,848.003,0.0021750766,-1935.3715415130828,20.0,N_609
2024-05-13 21:40:08,51.399334,7.24588,57.484623,142.91072,847.91223,0.002193264,-1928.7389724852019,20.0,N_609
2024-05-13 21:40:09,51.3405,7.244873,57.42867,142.87576,847.86224,0.0022067586,-1920.872561276119,20.0,N_609
2024-05-13 21:40:10,51.281666,7.243866,57.372715,142.83379,847.8678,0.0023985582,-1913.91091945048,20.0,N_609
2024-05-13 21:40:11,51.22283,7.242874,57.323757,142.79883,847.87897,0.0022344391,-1905.6344541523267,20.0,N_609
2024-05-13 21:40:12,51.163998,7.241867,57.267803,142.77084,847.87897,0.0024232715,-1896.562460314748,20.0,N_609
2024-05-13 21:40:13,51.105167,7.24086,57.21185,142.73587,847.87524,0.002439278,-1885.6592299707481,20.0,N_609
2024-05-13 21:40:14,51.046333,7.239853,57.148903,142.7009,847.87524,0.0026296913,-1874.1702123959403,20.0,N_609
2024-05-13 21:40:15,50.9875,7.238861,57.085957,142.66594,847.8771,0.00246962,-1867.486220014025,20.0,N_609
2024-05-13 21:40:16,50.928665,7.237854,57.037,142.63097,847.87524,0.0024836082,-1857.269634030601,20.0,N_609
2024-05-13 21:40:17,50.869835,7.236847,56.981045,142.596,847.87524,0.0024967752,-1847.7744359368771,20.0,N_609
2024-05-13 21:40:18,50.811,7.23584,56.92509,142.56102,847.87524,0.0023350804,-1837.607721993165,20.0,N_609
2024-05-13 21:40:19,50.752167,7.234833,56.862144,142.52605,847.87524,0.002352931,-1831.9163050521947,20.0,N_609
2024-05-13 21:40:20,50.693333,7.2338257,56.813187,142.49808,847.87524,0.0023641898,-1822.377096622653,20.0,N_609
2024-05-13 21:40:21,50.6345,7.2328186,56.757233,142.4631,847.87524,0.0023773413,-1811.8850588952864,20.0,N_609
2024-05-13 21:40:22,50.57567,7.2318115,56.694286,142.42813,847.87524,0.0023950995,-1802.0683278063352,20.0,N_609
2024-05-13 21:40:23,50.516834,7.2308044,56.63134,142.39316,847.87524,0.0024101012,-1793.9203914215905,20.0,N_609
2024-05-13 21:40:24,50.458,7.2297974,56.575386,142.35818,847.87524,0.0024231602,-1786.642019147188,20.0,N_609
2024-05-13 21:40:25,50.399166,7.2287903,56.52643,142.32323,847.87524,0.0024370074,-1776.6841252822287,20.0,N_609
2024-05-13 21:40:26,50.340332,7.227783,56.470474,142.28825,847.87524,0.00245001,-1767.7599008894395,20.0,N_609
2024-05-13 21:40:27,50.2815,7.226776,56.41452,142.26027,847.87524,0.002462983,-1758.3450710342004,20.0,N_609
2024-05-13 21:40:28,50.222668,7.225769,56.35857,142.22531,847.8771,0.0024786522,-1748.9060185615963,20.0,N_609
2024-05-13 21:40:29,50.163834,7.224762,56.302616,142.19034,847.8771,0.002491567,-1739.6987843052175,20.0,N_609
2024-05-13 21:40:30,50.105,7.223755,56.246662,142.16235,847.87335,0.0025044521,-1729.9930169061845,20.0,N_609
2024-05-13 21:40:31,50.046165,7.2227325,56.190712,142.12738,847.8715,0.0025200322,-1720.2648517210255,20.0,N_609
2024-05-13 21:40:32,49.98733,7.2217255,56.134758,142.09242,847.8845,0.0025328582,-1708.5722996497934,20.0,N_609
2024-05-13 21:40:33,49.9285,7.2207184,56.07181,142.05745,847.8956,0.002550269,-1699.7732590276773,20.0,N_609
2024-05-13 21:40:34,49.869667,7.2197113,56.015858,142.02946,847.84186,0.0025630328,-1689.6566318271998,20.0,N_609
2024-05-13 21:40:35,49.810833,7.218704,55.959904,141.99449,847.7326,0.0025757672,-1679.5371467512705,20.0,N_609
2024-05-13 21:40:36,49.752,7.217682,55.90395,141.95953,847.6604,0.0025911985,-1669.6516469024064,20.0,N_609
2024-05-13 21:40:37,49.69317,7.216675,55.848,141.93155,847.65857,0.0024310139,-1658.5928961183636,20.0,N_609
2024-05-13 21:40:38,49.634335,7.2156677,55.785053,141.89658,847.6807,0.002272887,-1653.258190988301,20.0,N_609
2024-05-13 21:40:39,49.5755,7.2146454,55.73609,141.8686,847.68634,0.0024564818,-1643.0122836566152,20.0,N_609
2024-05-13 21:40:40,49.516666,7.2136383,55.68014,141.83363,847.6807,0.0026444446,-1630.7711842184035,20.0,N_609
2024-05-13 21:40:41,49.457832,7.212631,55.61719,141.80566,847.6807,0.0024864255,-1620.089306632759,20.0,N_609
2024-05-13 21:40:42,49.399002,7.211609,55.554245,141.77069,847.6807,0.002500919,-1611.2274816392273,20.0,N_609
2024-05-13 21:40:43,49.340168,7.210602,55.498295,141.73572,847.6826,0.0025162399,-1603.2842096698496,20.0,N_609
2024-05-13 21:40:44,49.281334,7.2095795,55.449333,141.70074,847.6807,0.0023548172,-1594.0866854900596,20.0,N_609
2024-05-13 21:40:45,49.2225,7.2085724,55.393383,141.67278,847.6807,0.0021954398,-1586.6338168165003,20.0,N_609
2024-05-13 21:40:46,49.163666,7.2075653,55.33743,141.64479,847.6807,0.0023827993,-1577.640242772206,20.0,N_609
2024-05-13 21:40:47,49.10483,7.206543,55.281475,141.60982,847.6807,0.0022235736,-1569.7790233530977,20.0,N_609
2024-05-13 21:40:48,49.046,7.205536,55.22552,141.57484,847.6807,0.0022389614,-1560.432950114864,20.0,N_609
2024-05-13 21:40:49,48.987167,7.2045135,55.162575,141.54688,847.6807,0.0025966242,-1550.8091922171698,20.0,N_609
2024-05-13 21:40:50,48.928333,7.2035065,55.10662,141.5119,847.6807,0.0022660317,-1541.2576989861009,20.0,N_609
2024-05-13 21:40:51,48.8695,7.202484,55.043674,141.48393,847.6826,0.002280443,-1534.0282923026734,20.0,N_609
2024-05-13 21:40:52,48.810665,7.201462,54.987724,141.45595,847.6826,0.0022957055,-1527.2445015077083,20.0,N_609
2024-05-13 21:40:53,48.751835,7.2004547,54.938763,141.42097,847.67896,0.002306369,-1518.3203143436913,20.0,N_609
2024-05-13 21:40:54,48.693,7.1994324,54.882812,141.393,847.67706,0.0023188428,-1509.7042953126856,20.0,N_609
2024-05-13 21:40:55,48.634167,7.19841,54.82686,141.35803,847.6882,0.0023433738,-1499.570228489718,20.0,N_609
2024-05-13 21:40:56,48.575333,7.197403,54.763912,141.33006,847.69556,0.002348264,-1489.816574792092,20.0,N_609
2024-05-13 21:40:57,48.5165,7.1963806,54.700962,141.29509,847.6548,0.0023624743,-1482.1084120589658,20.0,N_609
2024-05-13 21:40:58,48.45767,7.1953583,54.64501,141.2671,847.5659,0.0023775527,-1473.4135631221689,20.0,N_609
2024-05-13 21:40:59,48.398834,7.194351,54.589058,141.23914,847.49,0.0023992762,-1464.235743187306,20.0,N_609
2024-05-13 21:41:00,48.34,7.193329,54.533104,141.20416,847.4715,0.0024209884,-1455.334066209909,20.0,N_609
2024-05-13 21:41:01,48.281002,7.1922913,54.477154,141.1762,847.4863,0.0024332665,-1448.0712661537655,20.0,N_609
2024-05-13 21:41:02,48.22201,7.191269,54.428192,141.14821,847.49,0.0024369895,-1437.8304429436666,20.0,N_609
2024-05-13 21:41:03,48.163025,7.1902313,54.372242,141.11324,847.4863,0.002279127,-1428.122177679752,20.0,N_609
2024-05-13 21:41:04,48.104046,7.1891937,54.30929,141.08527,847.4863,0.0022932247,-1420.7442279058778,20.0,N_609
2024-05-13 21:41:05,48.04507,7.1881714,54.25334,141.05728,847.4863,0.0024970074,-1409.047206741112,20.0,N_609
2024-05-13 21:41:06,47.9861,7.187134,54.190395,141.02232,847.4863,0.0023222407,-1401.55098738169,20.0,N_609
2024-05-13 21:41:07,47.927135,7.1861115,54.13444,140.99434,847.4863,0.0025135498,-1391.9302035638666,20.0,N_609
2024-05-13 21:41:08,47.868176,7.185074,54.078487,140.96637,847.4863,0.0025283424,-1381.8440728070618,20.0,N_609
2024-05-13 21:41:09,47.809223,7.1840515,54.022533,140.9314,847.4863,0.002549889,-1373.9528921242145,20.0,N_609
2024-05-13 21:41:10,47.75028,7.183014,53.973576,140.90341,847.4863,0.002550568,-1363.2820910646515,20.0,N_609
2024-05-13 21:41:11,47.691334,7.1819763,53.91762,140.87544,847.4863,0.0025720764,-1350.9977614790314,20.0,N_609
2024-05-13 21:41:12,47.6324,7.180954,53.854675,140.84047,847.4863,0.002588547,-1341.7421169421214,20.0,N_609
2024-05-13 21:41:13,47.573467,7.1799164,53.798725,140.8125,847.4863,0.002600457,-1329.5753246263175,20.0,N_609
2024-05-13 21:41:14,47.514545,7.178894,53.735775,140.78452,847.4863,0.0026141235,-1321.5704639242413,20.0,N_609
2024-05-13 21:41:15,47.455624,7.1778564,53.686817,140.74954,847.4863,0.0026269194,-1310.4611159615688,20.0,N_609
2024-05-13 21:41:16,47.39671,7.176834,53.630863,140.72157,847.48816,0.0023015165,-1300.4480388857937,20.0,N_609
2024-05-13 21:41:17,47.337803,7.1757965,53.567917,140.69359,847.48816,0.0024838033,-1291.7633059278523,20.0,N_609
2024-05-13 21:41:18,47.2789,7.174774,53.511963,140.66562,847.4863,0.0023396385,-1284.9532172372,20.0,N_609
2024-05-13 21:41:19,47.22,7.1737366,53.463005,140.63763,847.4808,0.0021815556,-1276.3165667791272,20.0,N_609
2024-05-13 21:41:20,47.16111,7.172714,53.40705,140.60268,847.4863,0.0023617493,-1265.9287204784414,20.0,N_609
2024-05-13 21:41:21,47.102222,7.171692,53.344105,140.57469,847.5048,0.0022197603,-1257.276624818256,20.0,N_609
2024-05-13 21:41:22,47.043343,7.1706543,53.28116,140.54672,847.49,0.0022142003,-1250.3169052995363,20.0,N_609
2024-05-13 21:41:23,46.984467,7.169632,53.225204,140.51874,847.39746,0.0022261334,-1244.1355872238364,20.0,N_609
2024-05-13 21:41:24,46.9256,7.1685944,53.176247,140.49077,847.29553,0.0022362738,-1233.7675363726958,20.0,N_609
2024-05-13 21:41:25,46.866734,7.167572,53.1133,140.46278,847.2715,0.002429903,-1223.5709964703128,20.0,N_609
2024-05-13 21:41:26,46.807877,7.1665344,53.050354,140.43481,847.29,0.0026205461,-1213.9470329971882,20.0,N_609
2024-05-13 21:41:27,46.749023,7.165512,52.9944,140.40683,847.29926,0.0022877487,-1205.348598006707,20.0,N_609
2024-05-13 21:41:28,46.690178,7.1644897,52.938446,140.37186,847.29553,0.0024889256,-1195.8628578874595,20.0,N_609
2024-05-13 21:41:29,46.631336,7.163452,52.882496,140.34389,847.29,0.0026579588,-1185.191276085723,20.0,N_609
2024-05-13 21:41:30,46.5725,7.16243,52.82654,140.31592,847.2919,0.0025024614,-1175.5261312252696,20.0,N_609
2024-05-13 21:41:31,46.513668,7.1614075,52.770588,140.28793,847.2919,0.0023374239,-1168.6623273767364,20.0,N_609
2024-05-13 21:41:32,46.45484,7.16037,52.72163,140.25996,847.2919,0.0023598296,-1157.3630238379228,20.0,N_609
2024-05-13 21:41:33,46.396023,7.1593475,52.658684,140.23198,847.2919,0.0023634396,-1149.3754406196385,20.0,N_609
2024-05-13 21:41:34,46.337208,7.158325,52.60273,140.20401,847.2919,0.0023945766,-1138.601497640937,20.0,N_609
2024-05-13 21:41:35,46.2784,7.1572876,52.539783,140.17603,847.2919,0.0023981035,-1130.007123704223,20.0,N_609
2024-05-13 21:41:36,46.219597,7.1562653,52.48383,140.14105,847.2919,0.0024221644,-1120.9134040599365,20.0,N_609
2024-05-13 21:41:37,46.1608,7.155243,52.427876,140.11308,847.2919,0.002423872,-1111.7252563272232,20.0,N_609
2024-05-13 21:41:38,46.10201,7.1542206,52.371925,140.0851,847.2919,0.0024451497,-1102.6942590868384,20.0,N_609
2024-05-13 21:41:39,46.043224,7.153183,52.31597,140.06412,847.2919,0.0024495125,-1091.4197231722774,20.0,N_609
2024-05-13 21:41:40,45.984444,7.1521606,52.253025,140.03615,847.2937,0.0024724617,-1082.6827996061802,20.0,N_609
2024-05-13 21:41:41,45.925667,7.1511383,52.19707,140.00816,847.2919,0.0024838361,-1073.083563153281,20.0,N_609
2024-05-13 21:41:42,45.866898,7.150116,52.141117,139.9802,847.28815,0.0024951787,-1063.4054627589885,20.0,N_609
2024-05-13 21:41:43,45.808132,7.1490784,52.085167,139.95221,847.2919,0.0025092294,-1053.6302654689625,20.0,N_609
2024-05-13 21:41:44,45.749374,7.148056,52.029213,139.92424,847.3067,0.0025205058,-1043.7767894653625,20.0,N_609
2024-05-13 21:41:45,45.690624,7.1470337,51.97326,139.89627,847.29553,0.0025317478,-1033.844158541533,20.0,N_609
2024-05-13 21:41:46,45.631874,7.1460114,51.917305,139.86829,847.2233,0.0025429574,-1023.8352953222839,20.0,N_609
2024-05-13 21:41:47,45.573135,7.1449738,51.861355,139.84032,847.13257,0.0025568763,-1013.7281591953924,20.0,N_609
2024-05-13 21:41:48,45.514397,7.1439514,51.8054,139.81233,847.0844,0.002568021,-1001.6266915476226,20.0,N_609
2024-05-13 21:41:49,45.455666,7.142929,51.742455,139.78436,847.08813,0.002580827,-992.1338775094155,20.0,N_609
2024-05-13 21:41:50,45.396942,7.1419067,51.6865,139.75638,847.10114,0.0025946433,-981.7660369667447,20.0,N_609
2024-05-13 21:41:51,45.338223,7.1408844,51.630547,139.72841,847.09924,0.002605684,-971.3210933312948,20.0,N_609
2024-05-13 21:41:52,45.27951,7.139862,51.574596,139.70042,847.0956,0.0026166928,-958.8441355383475,20.0,N_609
2024-05-13 21:41:53,45.220802,7.1388397,51.511646,139.67245,847.09735,0.0021368868,-952.2255437842596,20.0,N_609
2024-05-13 21:41:54,45.162098,7.137802,51.455696,139.64447,847.09735,0.0024790019,-942.907977581337,20.0,N_609
2024-05-13 21:41:55,45.1034,7.13678,51.399742,139.62349,847.09735,0.0023261236,-934.1893768072605,20.0,N_609
2024-05-13 21:41:56,45.04471,7.1357574,51.34379,139.59552,847.09735,0.0026648117,-923.3323002384441,20.0,N_609
2024-05-13 21:41:57,44.986023,7.134735,51.287838,139.56754,847.09735,0.00267565,-912.3987762978577,20.0,N_609
2024-05-13 21:41:58,44.92734,7.133713,51.231884,139.53957,847.09735,0.0023621265,-901.743233686535,20.0,N_609
2024-05-13 21:41:59,44.868668,7.1326904,51.168938,139.51158,847.09735,0.002374817,-891.7678331743555,20.0,N_609
2024-05-13 21:42:00,44.809998,7.131668,51.10599,139.48361,847.09735,0.0025507535,-882.7410685946779,20.0,N_609
2024-05-13 21:42:01,44.75158,7.1306458,51.050037,139.46263,847.09735,0.0023984185,-875.2886385847378,20.0,N_609
2024-05-13 21:42:02,44.693157,7.129608,51.00108,139.43465,847.09735,0.0025734494,-864.2197318854705,20.0,N_609
2024-05-13 21:42:03,44.634735,7.128586,50.945126,139.40668,847.09735,0.002747114,-852.7869631425601,20.0,N_609
2024-05-13 21:42:04,44.57631,7.127548,50.88917,139.3787,847.09735,0.0022693754,-842.7773948075628,20.0,N_609
2024-05-13 21:42:05,44.51788,7.126526,50.826225,139.35072,847.09924,0.0022847191,-835.1285410908877,20.0,N_609
2024-05-13 21:42:06,44.459446,7.1254883,50.77027,139.32275,847.09735,0.0024581524,-823.7342654153581,20.0,N_609
2024-05-13 21:42:07,44.401012,7.124466,50.707325,139.29477,847.0918,0.00263295,-814.1476566629372,20.0,N_609
2024-05-13 21:42:08,44.342575,7.1234436,50.65137,139.27379,847.09,0.0024812624,-804.3513404389414,20.0,N_609
2024-05-13 21:42:09,44.284134,7.122406,50.59542,139.24582,847.1066,0.0024946856,-796.7461242461886,20.0,N_609
2024-05-13 21:42:10,44.225693,7.1213837,50.54646,139.22482,847.11774,0.0023416728,-785.3341177939146,20.0,N_609
2024-05-13 21:42:11,44.167248,7.1203613,50.483513,139.19685,847.0622,0.002677828,-773.0879261298451,20.0,N_609
2024-05-13 21:42:12,44.1088,7.119339,50.420567,139.16887,846.95105,0.0026899094,-762.7522453616966,20.0,N_609
2024-05-13 21:42:13,44.050346,7.1183167,50.364613,139.1409,846.88446,0.0025414345,-752.950232333651,20.0,N_609
2024-05-13 21:42:14,43.991894,7.117279,50.30866,139.11992,846.88995,0.0023904466,-745.4752719921289,20.0,N_609
2024-05-13 21:42:15,43.933437,7.1162567,50.2597,139.09193,846.9085,0.0027221583,-733.3715044071287,20.0,N_609
2024-05-13 21:42:16,43.874977,7.1152344,50.20375,139.06396,846.9085,0.002732467,-719.9289026146726,20.0,N_609
2024-05-13 21:42:17,43.816513,7.114212,50.1408,139.036,846.90295,0.002908223,-706.3244649455228,20.0,N_609
2024-05-13 21:42:18,43.75805,7.1131897,50.077854,139.015,846.90106,0.0027589675,-695.429541640864,20.0,N_609
2024-05-13 21:42:19,43.69958,7.1121674,50.0219,138.98703,846.90295,0.0027691708,-683.7659220217283,20.0,N_609
2024-05-13 21:42:20,43.64111,7.111145,49.96595,138.95905,846.90295,0.0026186146,-673.4378568826178,20.0,N_609
2024-05-13 21:42:21,43.582638,7.1101227,49.909996,138.93806,846.90295,0.0026288792,-660.6520445476363,20.0,N_609
2024-05-13 21:42:22,43.52416,7.1091003,49.84705,138.9101,846.90295,0.0028039194,-649.5113091198127,20.0,N_609
2024-05-13 21:42:23,43.46568,7.108078,49.791096,138.88211,846.90295,0.0024933224,-639.9722392849799,20.0,N_609
2024-05-13 21:42:24,43.4072,7.1070557,49.73514,138.86113,846.90295,0.0025036128,-629.947236781858,20.0,N_609
2024-05-13 21:42:25,43.348713,7.1060333,49.67919,138.83316,846.90295,0.0025138655,-620.2671357033814,20.0,N_609
2024-05-13 21:42:26,43.290226,7.105011,49.623238,138.81218,846.90295,0.0025369856,-610.0116963213859,20.0,N_609
2024-05-13 21:42:27,43.231735,7.1039886,49.567284,138.7842,846.90295,0.0028566173,-597.7320222676517,20.0,N_609
2024-05-13 21:42:28,43.173244,7.1029816,49.51133,138.75623,846.90295,0.0030261683,-584.7578436986842,20.0,N_609
2024-05-13 21:42:29,43.114746,7.101959,49.45538,138.73524,846.9048,0.0025572816,-574.3537306902999,20.0,N_609
2024-05-13 21:42:30,43.056248,7.100937,49.399426,138.70726,846.90106,0.0030483129,-558.9170930523469,20.0,N_609
2024-05-13 21:42:31,42.997746,7.0999146,49.33648,138.68628,846.8974,0.0027511816,-547.9983794306281,20.0,N_609
2024-05-13 21:42:32,42.939243,7.0989075,49.280525,138.65831,846.9122,0.0025917473,-537.4242009184163,20.0,N_609
2024-05-13 21:42:33,42.880737,7.097885,49.22457,138.63033,846.92145,0.002760721,-525.7401910411099,20.0,N_609
2024-05-13 21:42:34,42.822227,7.096863,49.16862,138.60236,846.86774,0.0026245967,-513.3209707471942,20.0,N_609
2024-05-13 21:42:35,42.763714,7.0958557,49.105675,138.58138,846.7585,0.0028050055,-499.9400795159563,20.0,N_609
2024-05-13 21:42:36,42.7052,7.0948334,49.042725,138.55339,846.6863,0.0026475212,-490.1170112114687,20.0,N_609
2024-05-13 21:42:37,42.64668,7.093811,48.986774,138.53241,846.6844,0.0026675614,-478.94816759141577,20.0,N_609
2024-05-13 21:42:38,42.58816,7.092804,48.93082,138.50444,846.7066,0.0026801063,-470.1593519883427,20.0,N_609
2024-05-13 21:42:39,42.529636,7.0917816,48.881863,138.48346,846.714,0.0026883136,-458.08231422287645,20.0,N_609
2024-05-13 21:42:40,42.47111,7.0907745,48.82591,138.45547,846.7085,0.0026878314,-445.18355160218016,20.0,N_609
2024-05-13 21:42:41,42.412582,7.089752,48.762962,138.4345,846.7066,0.002709304,-432.469548137291,20.0,N_609
2024-05-13 21:42:42,42.35405,7.088745,48.700016,138.40652,846.7085,0.0027232666,-422.12831049256965,20.0,N_609
2024-05-13 21:42:43,42.295513,7.087738,48.644062,138.38553,846.7085,0.0027431175,-412.4446339149745,20.0,N_609
2024-05-13 21:42:44,42.236977,7.0867157,48.595104,138.35756,846.7085,0.0027306972,-400.5278030397476,20.0,N_609
2024-05-13 21:42:45,42.178436,7.0857086,48.53915,138.33658,846.7085,0.0027504847,-386.73143948077995,20.0,N_609
2024-05-13 21:42:46,42.119892,7.0846863,48.476204,138.3086,846.7085,0.002761546,-376.12564859107806,20.0,N_609
2024-05-13 21:42:47,42.061348,7.083679,48.42025,138.28761,846.7085,0.0027840196,-362.0745452883166,20.0,N_609
2024-05-13 21:42:48,42.0028,7.082672,48.357304,138.25964,846.7085,0.0027847588,-351.3091280597073,20.0,N_609
2024-05-13 21:42:49,41.94425,7.08165,48.30135,138.23866,846.7085,0.0028044211,-339.17758237580347,20.0,N_609
2024-05-13 21:42:50,41.885693,7.0806427,48.245396,138.21068,846.7085,0.0026468479,-328.1455649461295,20.0,N_609
2024-05-13 21:42:51,41.827137,7.0796356,48.189445,138.18271,846.7085,0.002825877,-314.2045073146801,20.0,N_609
2024-05-13 21:42:52,41.768578,7.0786285,48.126495,138.16173,846.7085,0.0023674914,-306.02818178138114,20.0,N_609
2024-05-13 21:42:53,41.710014,7.0776215,48.070545,138.14075,846.7085,0.0023771734,-296.6781249065134,20.0,N_609
2024-05-13 21:42:54,41.65145,7.076599,48.01459,138.11276,846.7103,0.00238682,-287.68004534736065,20.0,N_609
2024-05-13 21:42:55,41.59288,7.075592,47.958637,138.09178,846.7048,0.0027084048,-276.5466053468863,20.0,N_609
2024-05-13 21:42:56,41.53431,7.074585,47.902687,138.0708,846.70105,0.0025646037,-265.9517122538982,20.0,N_609
2024-05-13 21:42:57,41.47574,7.073578,47.846733,138.04283,846.7066,0.0027297083,-252.67397722913483,20.0,N_609
2024-05-13 21:42:58,41.41716,7.072571,47.783787,138.02184,846.727,0.00289601,-238.49897092068386,20.0,N_609
2024-05-13 21:42:59,41.35858,7.0715637,47.720837,137.99387,846.71216,0.0027511357,-229.9586760928487,20.0,N_609
2024-05-13 21:43:00,41.3,7.0705566,47.67188,137.97289,846.61774,0.002761526,-217.29488312202193,20.0,N_609
2024-05-13 21:43:01,41.241413,7.0695496,47.615925,137.9449,846.5177,0.0024603612,-205.93192923167226,20.0,N_609
2024-05-13 21:43:02,41.182827,7.0685425,47.55298,137.92392,846.49365,0.0026262198,-196.04557961472528,20.0,N_609
2024-05-13 21:43:03,41.124237,7.0675354,47.49703,137.90294,846.5122,0.0024908357,-184.0515290032654,20.0,N_609
2024-05-13 21:43:04,41.065643,7.0665283,47.43408,137.87497,846.5196,0.0025016197,-176.89916699324567,20.0,N_609
2024-05-13 21:43:05,41.00705,7.0655212,47.38512,137.85399,846.514,0.0025121307,-165.84877574489292,20.0,N_609
2024-05-13 21:43:06,40.94845,7.0645294,47.329166,137.826,846.5122,0.0025316484,-155.8665155086328,20.0,N_609
2024-05-13 21:43:07,40.889847,7.0635223,47.273216,137.80502,846.5122,0.002530535,-143.9056431230092,20.0,N_609
2024-05-13 21:43:08,40.83124,7.0625153,47.21027,137.78404,846.514,0.002561768,-132.11643382355578,20.0,N_609
2024-05-13 21:43:09,40.772636,7.061508,47.14732,137.75606,846.514,0.002564805,-122.65613420874615,20.0,N_609
2024-05-13 21:43:10,40.714027,7.060501,47.09137,137.73508,846.514,0.0025738762,-112.31533810226392,20.0,N_609
2024-05-13 21:43:11,40.655415,7.0595093,47.035416,137.7141,846.514,0.0025932207,-101.45145402937123,20.0,N_609
2024-05-13 21:43:12,40.596798,7.058502,46.97946,137.68613,846.514,0.0026022214,-89.01978020624847,20.0,N_609
2024-05-13 21:43:13,40.53818,7.057495,46.916515,137.66515,846.514,0.0026126537,-79.16392903669112,20.0,N_609
2024-05-13 21:43:14,40.47956,7.0565033,46.86056,137.64417,846.514,0.002614016,-68.14683046828577,20.0,N_609
2024-05-13 21:43:15,40.420937,7.055496,46.80461,137.61618,846.514,0.0026229033,-57.53393898652939,20.0,N_609
2024-05-13 21:43:16,40.36231,7.054489,46.748657,137.5952,846.514,0.0026317546,-46.79420920394841,20.0,N_609
2024-05-13 21:43:17,40.30368,7.0534973,46.692703,137.57422,846.5122,0.0026508851,-35.927074573275604,20.0,N_609
2024-05-13 21:43:18,40.24505,7.05249,46.63675,137.55324,846.514,0.0026596654,-22.62078531217412,20.0,N_609
2024-05-13 21:43:19,40.186413,7.0514984,46.573803,137.52525,846.514,0.00266229,-12.481278603710962,20.0,N_609
2024-05-13 21:43:20,40.127777,7.0504913,46.51785,137.50427,846.514,0.0025289645,-1.9922882918635878,20.0,N_609
2024-05-13 21:43:21,40.069138,7.0494995,46.4619,137.4763,846.5103,0.002233361,6.145920557642967,20.0,N_609
2024-05-13 21:43:22,40.010494,7.0484924,46.405945,137.45532,846.5122,0.002242431,0.0,20.0,N_609
