datetime,mlat,mlt,glat,glon,alt,Ex,pot,cpcp_kV,pass_id
2024-05-11 23:23:50,40.04667,18.269257,29.067537,278.22586,843.01,0.003204334,23.298683967129765,74.0,N_489
2024-05-11 23:23:51,40.103,18.268402,29.130484,278.20486,843.01,0.0032190913,12.220703195242294,74.0,N_489
2024-05-11 23:23:52,40.159332,18.267532,29.186438,278.1909,843.01,0.003229754,5.239093123623299,74.0,N_489
2024-05-11 23:23:53,40.215668,18.266678,29.24239,278.17688,843.01,0.003240445,-1.701000742655637,74.0,N_489
2024-05-11 23:23:54,40.272,18.265808,29.298342,278.1629,843.01,0.0031276424,-6.984576810546173,74.0,N_489
2024-05-11 23:23:55,40.328335,18.264938,29.36129,278.14893,843.01,0.0030153058,-18.092177572366978,74.0,N_489
2024-05-11 23:23:56,40.384666,18.264069,29.417242,278.12793,843.01,0.0031415122,-26.34951031838304,74.0,N_489
2024-05-11 23:23:57,40.441,18.263199,29.473196,278.11395,843.01,0.0030281008,-34.63802854400183,74.0,N_489
2024-05-11 23:23:58,40.497334,18.262314,29.529148,278.09995,843.01,0.0030385836,-40.5573656358502,74.0,N_489
2024-05-11 23:23:59,40.55367,18.261444,29.592096,278.08597,843.01,0.0029255007,-50.082801787258376,74.0,N_489
2024-05-11 23:24:00,40.61,18.26056,29.655043,278.06497,843.01,0.0031938495,-61.27422981297181,74.0,N_489
2024-05-11 23:24:01,40.66617,18.25969,29.710995,278.051,843.01,0.0032159665,-68.3718333275834,74.0,N_489
2024-05-11 23:24:02,40.722343,18.258804,29.766949,278.03702,843.01,0.0030857553,-75.74815792062884,74.0,N_489
2024-05-11 23:24:03,40.778526,18.257935,29.8229,278.01602,843.01,0.0029712978,-82.82967096374904,74.0,N_489
2024-05-11 23:24:04,40.834713,18.25705,29.885849,278.00204,843.01,0.002982598,-92.40769521150719,74.0,N_489
2024-05-11 23:24:05,40.890903,18.256165,29.948795,277.98804,843.01,0.0029859242,-103.71042047655556,74.0,N_489
2024-05-11 23:24:06,40.9471,18.25528,30.004747,277.96707,843.01,0.0030044725,-112.8293647268465,74.0,N_489
2024-05-11 23:24:07,41.003304,18.25438,30.060701,277.95306,843.01,0.0027554813,-122.85155246089369,74.0,N_489
2024-05-11 23:24:08,41.05951,18.253494,30.116653,277.9391,843.01,0.0027577602,-132.36689301251482,74.0,N_489
2024-05-11 23:24:09,41.115726,18.252594,30.172607,277.9181,843.01,0.0027839916,-142.89499999577038,74.0,N_489
2024-05-11 23:24:10,41.171944,18.251694,30.22856,277.9041,843.01,0.0026633414,-151.47164864898002,74.0,N_489
2024-05-11 23:24:11,41.22817,18.250793,30.291508,277.89014,843.01,0.0028008209,-163.97398640901048,74.0,N_489
2024-05-11 23:24:12,41.2844,18.249893,30.34746,277.86914,843.01,0.002676588,-173.1478631241352,74.0,N_489
2024-05-11 23:24:13,41.340637,18.248993,30.410406,277.85516,843.01,0.0026876577,-184.81470532885908,74.0,N_489
2024-05-11 23:24:14,41.396877,18.248077,30.473354,277.84116,843.01,0.002698756,-197.98973321423313,74.0,N_489
2024-05-11 23:24:15,41.453125,18.247162,30.529306,277.8202,843.01,0.0027090441,-208.983410252966,74.0,N_489
2024-05-11 23:24:16,41.509377,18.246246,30.58526,277.8062,843.01,0.0027193609,-219.2254236223804,74.0,N_489
2024-05-11 23:24:17,41.565636,18.24533,30.641212,277.7922,843.01,0.0027297041,-227.33133215639543,74.0,N_489
2024-05-11 23:24:18,41.6219,18.244415,30.704159,277.77823,843.01,0.0027409252,-238.1923855475652,74.0,N_489
2024-05-11 23:24:19,41.67817,18.2435,30.767107,277.75723,843.01,0.0028800422,-253.54403538765234,74.0,N_489
2024-05-11 23:24:20,41.734444,18.242569,30.816065,277.74326,843.01,0.0027650548,-260.2281883749879,74.0,N_489
2024-05-11 23:24:21,41.790726,18.241638,30.872019,277.72928,843.01,0.0027755087,-267.5710540680633,74.0,N_489
2024-05-11 23:24:22,41.84701,18.240707,30.934965,277.70828,843.01,0.0027868499,-279.217823760691,74.0,N_489
2024-05-11 23:24:23,41.9033,18.239777,30.997911,277.6943,843.01,0.002798223,-294.3360679355716,74.0,N_489
2024-05-11 23:24:24,41.9596,18.238846,31.046871,277.6803,843.01,0.002807897,-300.2652341535255,74.0,N_489
2024-05-11 23:24:25,42.015903,18.2379,31.102823,277.65933,843.01,0.0028184596,-308.4141573435372,74.0,N_489
2024-05-11 23:24:26,42.07221,18.236954,31.165771,277.64532,843.01,0.0028299233,-319.0683772100257,74.0,N_489
2024-05-11 23:24:27,42.128525,18.236008,31.228718,277.63135,843.01,0.002970654,-330.4633502132185,74.0,N_489
2024-05-11 23:24:28,42.184845,18.235062,31.284672,277.61035,843.01,0.0028520704,-340.54328076083004,74.0,N_489
2024-05-11 23:24:29,42.24117,18.234116,31.340624,277.59637,843.01,0.002866042,-349.84835149036223,74.0,N_489
2024-05-11 23:24:30,42.2975,18.23317,31.396576,277.5824,843.0082,0.0028767472,-356.4532824609614,74.0,N_489
2024-05-11 23:24:31,42.353836,18.232208,31.459524,277.5614,843.0082,0.0028883643,-369.5671600723043,74.0,N_489
2024-05-11 23:24:32,42.410175,18.231247,31.515476,277.54742,843.01373,0.0028991238,-378.6581112784951,74.0,N_489
2024-05-11 23:24:33,42.466522,18.230286,31.57143,277.53342,843.01373,0.002909913,-387.1889180456991,74.0,N_489
2024-05-11 23:24:34,42.522877,18.229324,31.627382,277.51245,842.9971,0.0029207293,-394.60268451154127,74.0,N_489
2024-05-11 23:24:35,42.579235,18.228363,31.69033,277.49844,842.99335,0.002924742,-404.5765467370944,74.0,N_489
2024-05-11 23:24:36,42.635597,18.227402,31.753277,277.48447,843.0637,0.0029442434,-416.1460923726552,74.0,N_489
2024-05-11 23:24:37,42.691967,18.226425,31.809229,277.4635,843.173,0.0029551461,-423.31094776060434,74.0,N_489
2024-05-11 23:24:38,42.748344,18.225449,31.872177,277.4495,843.2304,0.0029702631,-434.71381463268324,74.0,N_489
2024-05-11 23:24:39,42.80472,18.224472,31.92813,277.42853,843.22485,0.002981222,-443.95925307887194,74.0,N_489
2024-05-11 23:24:40,42.86111,18.223495,31.984083,277.41452,843.20264,0.0029922074,-450.1852490676066,74.0,N_489
2024-05-11 23:24:41,42.9175,18.222519,32.047028,277.40054,843.1989,0.0027406972,-463.07533548648007,74.0,N_489
2024-05-11 23:24:42,42.9739,18.221527,32.10298,277.37955,843.2045,0.0027514065,-473.78141874643416,74.0,N_489
2024-05-11 23:24:43,43.0303,18.220535,32.158936,277.36557,843.2063,0.0026300831,-484.1274533098617,74.0,N_489
2024-05-11 23:24:44,43.086708,18.219543,32.21489,277.34457,843.2045,0.0027729021,-492.58848438072505,74.0,N_489
2024-05-11 23:24:45,43.143124,18.218552,32.277836,277.3306,843.2045,0.0026445938,-506.55025331472893,74.0,N_489
2024-05-11 23:24:46,43.199543,18.21756,32.33379,277.31662,843.2045,0.0026628745,-516.6832261507998,74.0,N_489
2024-05-11 23:24:47,43.255966,18.216568,32.38974,277.29562,843.2045,0.0026768292,-525.821399203579,74.0,N_489
2024-05-11 23:24:48,43.312397,18.21556,32.452686,277.28165,843.2045,0.0026884682,-539.0488090595966,74.0,N_489
2024-05-11 23:24:49,43.368835,18.214554,32.50864,277.26065,843.2045,0.0026992068,-548.0280602431642,74.0,N_489
2024-05-11 23:24:50,43.425274,18.213547,32.571587,277.24667,843.2045,0.0027109087,-561.5644993367507,74.0,N_489
2024-05-11 23:24:51,43.481724,18.21254,32.62754,277.2327,843.2045,0.0027217055,-571.3119312267968,74.0,N_489
2024-05-11 23:24:52,43.538177,18.211533,32.683495,277.2117,843.2045,0.0024653994,-583.8234684989266,74.0,N_489
2024-05-11 23:24:53,43.594635,18.21051,32.73945,277.19772,843.2045,0.0024683648,-593.3849695702215,74.0,N_489
2024-05-11 23:24:54,43.651096,18.209503,32.802395,277.17673,843.2045,0.0024874131,-609.0188181621841,74.0,N_489
2024-05-11 23:24:55,43.70757,18.20848,32.858345,277.16275,843.2045,0.0024937238,-620.6623121110158,74.0,N_489
2024-05-11 23:24:56,43.76404,18.207458,32.9143,277.14874,843.2045,0.0025043378,-631.8279890716683,74.0,N_489
2024-05-11 23:24:57,43.820522,18.206436,32.970253,277.12778,843.2045,0.0025074703,-642.1560912612047,74.0,N_489
2024-05-11 23:24:58,43.87701,18.205399,33.0332,277.11377,843.2045,0.002392049,-655.5350346182872,74.0,N_489
2024-05-11 23:24:59,43.933502,18.204376,33.096146,277.0928,843.2045,0.0025307874,-672.7996188249285,74.0,N_489
2024-05-11 23:25:00,43.989998,18.203339,33.145103,277.07883,843.2045,0.0024131539,-681.687860894426,74.0,N_489
2024-05-11 23:25:01,44.046665,18.202316,33.201057,277.06482,843.2045,0.002416301,-691.6274795499407,74.0,N_489
2024-05-11 23:25:02,44.103333,18.20131,33.264004,277.04385,843.2045,0.00243539,-705.7220154043489,74.0,N_489
2024-05-11 23:25:03,44.16,18.200287,33.326954,277.02985,843.2045,0.002439586,-722.3635552177468,74.0,N_489
2024-05-11 23:25:04,44.216663,18.19925,33.37591,277.00888,843.2045,0.0024525824,-731.2722046051365,74.0,N_489
2024-05-11 23:25:05,44.27333,18.198227,33.431866,276.98788,843.2045,0.002455893,-741.9633052297088,74.0,N_489
2024-05-11 23:25:06,44.329998,18.19719,33.494812,276.9739,843.2045,0.0024750747,-755.0917186478666,74.0,N_489
2024-05-11 23:25:07,44.386665,18.196152,33.55776,276.9599,843.2045,0.0024868625,-769.6258860671564,74.0,N_489
2024-05-11 23:25:08,44.443333,18.195114,33.613712,276.93893,843.2045,0.0024976903,-781.9122646820649,74.0,N_489
2024-05-11 23:25:09,44.5,18.194077,33.669662,276.92493,843.2045,0.0025085506,-793.0417741738397,74.0,N_489
2024-05-11 23:25:10,44.556664,18.193024,33.725616,276.90396,843.2045,0.00251206,-803.3238533412591,74.0,N_489
2024-05-11 23:25:11,44.61333,18.19197,33.788563,276.88998,843.2045,0.0025345923,-816.0238940830532,74.0,N_489
2024-05-11 23:25:12,44.67,18.190918,33.85151,276.87598,843.2045,0.0025391765,-830.2150907435391,74.0,N_489
2024-05-11 23:25:13,44.726665,18.189865,33.907463,276.855,843.2045,0.0024130116,-841.1939294437652,74.0,N_489
2024-05-11 23:25:14,44.783333,18.188812,33.97041,276.841,843.2045,0.0025768518,-857.0348104140428,74.0,N_489
2024-05-11 23:25:15,44.84,18.187744,34.01937,276.82004,843.2045,0.0025795435,-865.5335515285262,74.0,N_489
2024-05-11 23:25:16,44.896664,18.186676,34.07532,276.80603,843.2045,0.002445644,-877.0681704393862,74.0,N_489
2024-05-11 23:25:17,44.95333,18.185608,34.131275,276.78506,843.2045,0.0024565773,-887.733487212683,74.0,N_489
2024-05-11 23:25:18,45.01,18.18454,34.19422,276.77106,843.2045,0.002490433,-902.6382424710282,74.0,N_489
2024-05-11 23:25:19,45.066666,18.183456,34.250175,276.75708,843.2045,0.0022105563,-914.0530425064737,74.0,N_489
2024-05-11 23:25:20,45.123333,18.182373,34.31312,276.7361,843.2045,0.002356523,-928.3423196428826,74.0,N_489
2024-05-11 23:25:21,45.18,18.18129,34.37607,276.71512,843.2045,0.0022372322,-945.5250303369712,74.0,N_489
2024-05-11 23:25:22,45.236664,18.180206,34.432022,276.70114,843.2045,0.0022407286,-958.3846454446232,74.0,N_489
2024-05-11 23:25:23,45.29333,18.179108,34.487976,276.68015,843.2045,0.0022587534,-972.1708275318306,74.0,N_489
2024-05-11 23:25:24,45.35,18.178024,34.543926,276.66617,843.2045,0.002262325,-983.5260497339557,74.0,N_489
2024-05-11 23:25:25,45.406666,18.176926,34.606876,276.65216,843.2045,0.0022814213,-999.3849307891637,74.0,N_489
2024-05-11 23:25:26,45.463333,18.175827,34.662827,276.6312,843.2045,0.0021458017,-1013.8752558107678,74.0,N_489
2024-05-11 23:25:27,45.52,18.174713,34.71878,276.6172,843.2045,0.0023031747,-1024.6149446143354,74.0,N_489
2024-05-11 23:25:28,45.576664,18.173615,34.781727,276.59622,843.2045,0.002039168,-1043.0389999146319,74.0,N_489
2024-05-11 23:25:29,45.63333,18.1725,34.83768,276.58224,843.2045,0.0022039036,-1054.4913233071195,74.0,N_489
2024-05-11 23:25:30,45.69,18.171387,34.900627,276.56125,843.2045,0.0021942544,-1071.5815202480608,74.0,N_489
2024-05-11 23:25:31,45.746666,18.170273,34.95658,276.54025,843.2045,0.0023595023,-1084.716568618128,74.0,N_489
2024-05-11 23:25:32,45.803333,18.169144,35.012535,276.52628,843.2045,0.0020829043,-1098.9259360248195,74.0,N_489
2024-05-11 23:25:33,45.86,18.16803,35.068485,276.5123,843.20264,0.0021007813,-1111.11848468195,74.0,N_489
2024-05-11 23:25:34,45.916664,18.1669,35.131435,276.4913,843.20264,0.0021054824,-1129.1178144781143,74.0,N_489
2024-05-11 23:25:35,45.97333,18.165771,35.187386,276.47733,843.2082,0.002116289,-1142.7737815189187,74.0,N_489
2024-05-11 23:25:36,46.03,18.164627,35.24334,276.45633,843.2082,0.0021303422,-1157.0176383595713,74.0,N_489
2024-05-11 23:25:37,46.086666,18.163498,35.299294,276.43536,843.1915,0.0021482934,-1169.8420777701294,74.0,N_489
2024-05-11 23:25:38,46.143333,18.162354,35.36224,276.42136,843.1767,0.002019045,-1185.8832061320861,74.0,N_489
2024-05-11 23:25:39,46.2,18.16121,35.425186,276.4004,843.21375,0.0020238054,-1205.9196196694638,74.0,N_489
2024-05-11 23:25:40,46.256664,18.160065,35.474144,276.38638,843.31744,0.0020335254,-1217.1758242107235,74.0,N_489
2024-05-11 23:25:41,46.31333,18.158905,35.530098,276.3724,843.4064,0.0020443473,-1229.771123400543,74.0,N_489
2024-05-11 23:25:42,46.37,18.157745,35.593044,276.3514,843.41565,0.0020562792,-1246.2115055260392,74.0,N_489
2024-05-11 23:25:43,46.426666,18.156586,35.65599,276.33044,843.3971,0.0020855016,-1265.8973028568735,74.0,N_489
2024-05-11 23:25:44,46.483334,18.155426,35.704952,276.31647,843.39526,0.0020882995,-1276.4738346435634,74.0,N_489
2024-05-11 23:25:45,46.54,18.154266,35.760902,276.29547,843.3989,0.0020852275,-1289.7340833623032,74.0,N_489
2024-05-11 23:25:46,46.596664,18.153091,35.823853,276.2815,843.4008,0.002104285,-1305.1452844680946,74.0,N_489
2024-05-11 23:25:47,46.65333,18.151932,35.8868,276.2605,843.3989,0.0021094077,-1322.767762550383,74.0,N_489
2024-05-11 23:25:48,46.71,18.150757,35.94275,276.23953,843.3989,0.002120451,-1337.385441913239,74.0,N_489
2024-05-11 23:25:49,46.766666,18.149567,35.998703,276.22552,843.3989,0.0021315243,-1351.2638589609978,74.0,N_489
2024-05-11 23:25:50,46.823334,18.148392,36.054657,276.21155,843.3989,0.0021426273,-1363.137263568232,74.0,N_489
2024-05-11 23:25:51,46.88,18.147202,36.117603,276.19055,843.3989,0.0020147134,-1381.6785854683953,74.0,N_489
2024-05-11 23:25:52,46.936665,18.146011,36.173557,276.17657,843.3989,0.0021692326,-1394.975358337775,74.0,N_489
2024-05-11 23:25:53,46.993332,18.144821,36.22951,276.15558,843.3989,0.0021804215,-1408.8754170290963,74.0,N_489
2024-05-11 23:25:54,47.05,18.143631,36.28546,276.1346,843.3989,0.0021916414,-1421.3613780888109,74.0,N_489
2024-05-11 23:25:55,47.106667,18.142426,36.348408,276.1206,843.3989,0.0019229322,-1438.0740093579548,74.0,N_489
2024-05-11 23:25:56,47.163334,18.14122,36.411358,276.09964,843.3989,0.0020791448,-1455.8769970849562,74.0,N_489
2024-05-11 23:25:57,47.22,18.140015,36.467308,276.07864,843.3989,0.0019491962,-1471.567968738138,74.0,N_489
2024-05-11 23:25:58,47.276665,18.13881,36.523262,276.06467,843.3989,0.0019602147,-1484.7507965387067,74.0,N_489
2024-05-11 23:25:59,47.333332,18.137604,36.58621,276.04367,843.3989,0.0018346265,-1504.4171775664013,74.0,N_489
2024-05-11 23:26:00,47.39,18.136383,36.642162,276.0297,843.3989,0.0018455402,-1519.8045104525909,74.0,N_489
2024-05-11 23:26:01,47.446747,18.135178,36.698116,276.0087,843.3989,0.0018428586,-1535.8839776318991,74.0,N_489
2024-05-11 23:26:02,47.503494,18.133987,36.754066,275.98773,843.3989,0.0018606664,-1552.124015256832,74.0,N_489
2024-05-11 23:26:03,47.560238,18.132782,36.81002,275.97375,843.3989,0.0017264652,-1567.2251735763252,74.0,N_489
2024-05-11 23:26:04,47.616978,18.131561,36.872967,275.95975,843.3989,0.0014613102,-1587.2635255659843,74.0,N_489
2024-05-11 23:26:05,47.673714,18.130356,36.935913,275.93878,843.3989,0.0014627,-1609.0479556475457,74.0,N_489
2024-05-11 23:26:06,47.73045,18.129135,36.991867,275.9178,843.3989,0.0014733532,-1626.614031936023,74.0,N_489
2024-05-11 23:26:07,47.78718,18.1279,37.054813,275.9038,843.3989,0.0014784369,-1647.623188371067,74.0,N_489
2024-05-11 23:26:08,47.84391,18.126678,37.110767,275.8828,843.3989,0.001489164,-1666.2084415689633,74.0,N_489
2024-05-11 23:26:09,47.900635,18.125443,37.16672,275.86884,843.3989,0.0014999191,-1684.934400076077,74.0,N_489
2024-05-11 23:26:10,47.95736,18.124207,37.21568,275.84784,843.3989,0.001522969,-1698.684674764164,74.0,N_489
2024-05-11 23:26:11,48.01408,18.12297,37.278625,275.82687,843.3989,0.0015282211,-1719.0971148391277,74.0,N_489
2024-05-11 23:26:12,48.070797,18.121735,37.34157,275.81287,843.3989,0.0015367144,-1739.7237794818616,74.0,N_489
2024-05-11 23:26:13,48.127514,18.120483,37.397526,275.7919,843.3989,0.001560944,-1759.0263856154465,74.0,N_489
2024-05-11 23:26:14,48.184227,18.119232,37.446484,275.7779,843.3971,0.0015573261,-1771.8530824187742,74.0,N_489
2024-05-11 23:26:15,48.240936,18.117966,37.509434,275.75693,843.40265,0.0015694333,-1792.929439612491,74.0,N_489
2024-05-11 23:26:16,48.29764,18.116714,37.565384,275.73593,843.40265,0.0015803991,-1809.5032418228166,74.0,N_489
2024-05-11 23:26:17,48.354347,18.115448,37.628334,275.71497,843.386,0.0015925744,-1830.6625196437853,74.0,N_489
2024-05-11 23:26:18,48.41105,18.114182,37.684284,275.70096,843.3712,0.0016036043,-1847.5952851558231,74.0,N_489
2024-05-11 23:26:19,48.467747,18.112915,37.74024,275.68,843.4082,0.0016178408,-1864.1067917735713,74.0,N_489
2024-05-11 23:26:20,48.52444,18.111633,37.803185,275.66602,843.51196,0.0011929309,-1886.9428913696142,74.0,N_489
2024-05-11 23:26:21,48.581135,18.110352,37.85914,275.64502,843.6008,0.0011970057,-1907.1743378385772,74.0,N_489
2024-05-11 23:26:22,48.637825,18.10907,37.915092,275.62402,843.61194,0.0013559287,-1926.375994530712,74.0,N_489
2024-05-11 23:26:23,48.69451,18.107773,37.971043,275.60306,843.59155,0.0012184309,-1945.7111683480139,74.0,N_489
2024-05-11 23:26:24,48.751198,18.106491,38.03399,275.58908,843.58966,0.0012303857,-1968.295883390013,74.0,N_489
2024-05-11 23:26:25,48.80788,18.105194,38.089943,275.56808,843.59344,0.0012443495,-1987.2829961583911,74.0,N_489
2024-05-11 23:26:26,48.86456,18.103882,38.15289,275.5471,843.5953,0.0012563744,-2010.5509254831604,74.0,N_489
2024-05-11 23:26:27,48.921234,18.102585,38.208843,275.5331,843.59344,0.0012672275,-2029.6457748559092,74.0,N_489
2024-05-11 23:26:28,48.97791,18.101273,38.264797,275.51212,843.59344,0.0012781121,-2048.5506079967504,74.0,N_489
2024-05-11 23:26:29,49.03458,18.09996,38.327744,275.49814,843.59344,0.0011409601,-2071.705935413786,74.0,N_489
2024-05-11 23:26:30,49.091248,18.098648,38.383698,275.47717,843.59344,0.0010088081,-2093.1362845693534,74.0,N_489
2024-05-11 23:26:31,49.14791,18.09732,38.439648,275.45618,843.59344,0.0010259382,-2114.454649045183,74.0,N_489
2024-05-11 23:26:32,49.204575,18.095993,38.4956,275.43518,843.59344,0.0010333401,-2134.9528867684844,74.0,N_489
2024-05-11 23:26:33,49.261234,18.094666,38.558548,275.4142,843.59344,0.001208039,-2158.506400318182,74.0,N_489
2024-05-11 23:26:34,49.31789,18.093338,38.614502,275.40024,843.59344,0.001062481,-2179.0679422135363,74.0,N_489
2024-05-11 23:26:35,49.374546,18.091995,38.670456,275.38623,843.59344,0.0010732597,-2199.408299087002,74.0,N_489
2024-05-11 23:26:36,49.4312,18.090652,38.72641,275.36526,843.59344,0.00093375525,-2220.6133497214873,74.0,N_489
2024-05-11 23:26:37,49.487846,18.08931,38.789356,275.34427,843.59344,0.0009392955,-2245.022668822432,74.0,N_489
2024-05-11 23:26:38,49.54449,18.087952,38.852303,275.3233,843.59344,0.00095765095,-2270.1475476674063,74.0,N_489
2024-05-11 23:26:39,49.601135,18.086609,38.908257,275.3093,843.59344,0.0009747764,-2291.117799022647,74.0,N_489
2024-05-11 23:26:40,49.657776,18.08525,38.964207,275.28833,843.59344,0.0009887151,-2312.654930000791,74.0,N_489
2024-05-11 23:26:41,49.714413,18.083878,39.02016,275.26733,843.59344,0.0009868434,-2333.4690085879406,74.0,N_489
2024-05-11 23:26:42,49.771046,18.08252,39.083107,275.24637,843.59344,0.000847669,-2359.2793954820318,74.0,N_489
2024-05-11 23:26:43,49.82768,18.081146,39.13906,275.23236,843.59155,0.0007069869,-2382.4982119011024,74.0,N_489
2024-05-11 23:26:44,49.884308,18.079773,39.18802,275.2114,843.5953,0.00071006594,-2402.0577139946895,74.0,N_489
2024-05-11 23:26:45,49.940933,18.078384,39.250965,275.1904,843.59894,0.0007377315,-2427.9018497098186,74.0,N_489
2024-05-11 23:26:46,49.99756,18.077011,39.313915,275.16943,843.59155,0.00074968056,-2454.323583398544,74.0,N_489
2024-05-11 23:26:47,50.05418,18.075623,39.369865,275.15543,843.56934,0.0006083855,-2477.645447601772,74.0,N_489
2024-05-11 23:26:48,50.110798,18.074234,39.42582,275.13446,843.5749,0.00062524504,-2501.1296527782797,74.0,N_489
2024-05-11 23:26:49,50.16741,18.07283,39.488766,275.12045,843.6508,0.000478592,-2528.528863309186,74.0,N_489
2024-05-11 23:26:50,50.224026,18.071442,39.54472,275.0995,843.7601,0.00048912,-2553.277629151697,74.0,N_489
2024-05-11 23:26:51,50.280636,18.070038,39.600674,275.0785,843.8082,0.00019448856,-2579.933338366776,74.0,N_489
2024-05-11 23:26:52,50.337242,18.068619,39.656624,275.05753,843.7952,0.00021414207,-2606.48473066551,74.0,N_489
2024-05-11 23:26:53,50.393845,18.067215,39.712578,275.04352,843.7823,0.0002244626,-2632.1102320859727,74.0,N_489
2024-05-11 23:26:54,50.450447,18.065796,39.775524,275.02255,843.786,0.00038912363,-2660.7345954598136,74.0,N_489
2024-05-11 23:26:55,50.507046,18.064377,39.83148,275.00156,843.78973,0.0002464871,-2687.077951979637,74.0,N_489
2024-05-11 23:26:56,50.56364,18.062958,39.887432,274.98758,843.78973,0.00025690394,-2712.4591517431077,74.0,N_489
2024-05-11 23:26:57,50.620235,18.061523,39.95038,274.96658,843.7879,0.00026864582,-2741.655912742347,74.0,N_489
2024-05-11 23:26:58,50.676826,18.06009,40.013325,274.94562,843.7879,0.00028042533,-2770.971532900229,74.0,N_489
2024-05-11 23:26:59,50.733414,18.058655,40.06928,274.92462,843.7879,0.00029408472,-2796.9617051368673,74.0,N_489
2024-05-11 23:27:00,50.789997,18.05722,40.125233,274.90366,843.7879,0.00030463625,-2822.920487606201,74.0,N_489
2024-05-11 23:27:01,50.846497,18.055801,40.181183,274.88965,843.7879,0.00046924062,-2846.7583320467406,74.0,N_489
2024-05-11 23:27:02,50.902996,18.054367,40.24413,274.86868,843.7879,0.00078963174,-2872.769903372622,74.0,N_489
2024-05-11 23:27:03,50.959496,18.052948,40.300083,274.8477,843.7879,0.00049209327,-2897.4693690136055,74.0,N_489
2024-05-11 23:27:04,51.016,18.051498,40.356037,274.82672,843.7879,0.00034846406,-2923.0916616457794,74.0,N_489
2024-05-11 23:27:05,51.0725,18.050064,40.41199,274.80573,843.7879,0.0003623097,-2948.6249426352933,74.0,N_489
2024-05-11 23:27:06,51.128998,18.048615,40.46794,274.78473,843.7879,0.0005277842,-2973.084485682816,74.0,N_489
2024-05-11 23:27:07,51.185497,18.047165,40.523895,274.76376,843.7879,0.00038382865,-2998.1827435866785,74.0,N_489
2024-05-11 23:27:08,51.241997,18.045715,40.58684,274.74277,843.7879,0.0003959536,-3026.778987491617,74.0,N_489
2024-05-11 23:27:09,51.298496,18.04425,40.642796,274.7288,843.7879,0.00040679253,-3051.0449460819846,74.0,N_489
2024-05-11 23:27:10,51.355,18.042786,40.70574,274.7078,843.7879,0.00041899245,-3079.1178701907215,74.0,N_489
2024-05-11 23:27:11,51.4115,18.04132,40.76869,274.68683,843.7879,0.000589789,-3106.3948163416467,74.0,N_489
2024-05-11 23:27:12,51.468,18.03984,40.824642,274.66583,843.79156,0.00044529533,-3131.772027859926,74.0,N_489
2024-05-11 23:27:13,51.524498,18.03836,40.8736,274.65186,843.79156,0.00045492806,-3152.446065574113,74.0,N_489
2024-05-11 23:27:14,51.580997,18.03688,40.936546,274.63086,843.7786,0.00046726552,-3180.1584439128137,74.0,N_489
2024-05-11 23:27:15,51.637497,18.035385,40.999496,274.6099,843.77673,0.00047963858,-3208.1370294532635,74.0,N_489
2024-05-11 23:27:16,51.694,18.03389,41.055447,274.5889,843.8286,0.00049070525,-3232.874624480828,74.0,N_489
2024-05-11 23:27:17,51.7505,18.032394,41.1114,274.57492,843.9212,0.0003454438,-3257.8216895334635,74.0,N_489
2024-05-11 23:27:18,51.807,18.0309,41.167355,274.55392,843.98785,0.00035955594,-3283.270429188489,74.0,N_489
2024-05-11 23:27:19,51.8635,18.029388,41.22331,274.52597,843.9953,0.00021394072,-3310.3788850873907,74.0,N_489
2024-05-11 23:27:20,51.92,18.027863,41.27926,274.50497,843.9823,-8.868717e-05,-3338.7695260122773,74.0,N_489
2024-05-11 23:27:21,51.976498,18.026352,41.335213,274.491,843.97864,7.889239e-05,-3365.3673899232053,74.0,N_489
2024-05-11 23:27:22,52.032997,18.024826,41.39816,274.47,843.9842,-0.00022299842,-3398.0302404377762,74.0,N_489
2024-05-11 23:27:23,52.0895,18.0233,41.461105,274.44904,843.9842,-0.00036509836,-3431.436940029369,74.0,N_489
2024-05-11 23:27:24,52.146,18.021759,41.51706,274.42804,843.9823,-0.0001972783,-3460.529657810335,74.0,N_489
2024-05-11 23:27:25,52.2025,18.020233,41.573013,274.40707,843.9823,-0.0003440678,-3490.564325612095,74.0,N_489
2024-05-11 23:27:26,52.259,18.018692,41.628963,274.38608,843.9823,-0.00033350135,-3520.5289290051023,74.0,N_489
2024-05-11 23:27:27,52.3155,18.017136,41.684917,274.36508,843.9823,-0.0003229054,-3550.423557028619,74.0,N_489
2024-05-11 23:27:28,52.371998,18.01558,41.74087,274.34412,843.9823,-0.0003091614,-3580.419102310311,74.0,N_489
2024-05-11 23:27:29,52.428497,18.014023,41.803818,274.33014,843.9823,-0.00013912142,-3611.7926425703636,74.0,N_489
2024-05-11 23:27:30,52.485,18.012466,41.866764,274.30914,843.9823,-0.00028504254,-3644.660544217873,74.0,N_489
2024-05-11 23:27:31,52.5415,18.010895,41.922718,274.28815,843.9842,-0.00026860504,-3674.191279300621,74.0,N_489
2024-05-11 23:27:32,52.598,18.009323,41.978672,274.26718,843.9842,-0.0002635471,-3703.683429243042,74.0,N_489
2024-05-11 23:27:33,52.6545,18.007751,42.034622,274.2462,843.9823,-0.00024707205,-3733.2528260769973,74.0,N_489
2024-05-11 23:27:34,52.711,18.006165,42.097572,274.22522,843.9823,-0.00024052737,-3765.8176831837145,74.0,N_489
2024-05-11 23:27:35,52.767498,18.004578,42.153522,274.20422,843.986,-0.000215257,-3794.9612426006674,74.0,N_489
2024-05-11 23:27:36,52.824,18.00299,42.209476,274.19025,843.9916,-5.1088875e-05,-3822.4135453282443,74.0,N_489
2024-05-11 23:27:37,52.8805,18.001389,42.26543,274.16925,843.9805,-0.00018786201,-3851.5749360949,74.0,N_489
2024-05-11 23:27:38,52.937,17.999786,42.328377,274.1413,843.9619,-0.00035166947,-3885.7606100660532,74.0,N_489
2024-05-11 23:27:39,52.9935,17.998184,42.391323,274.1203,843.9916,-0.00081767765,-3921.3019453367533,74.0,N_489
2024-05-11 23:27:40,53.05,17.996567,42.44028,274.10632,844.09534,-0.0011277093,-3952.461885700421,74.0,N_489
2024-05-11 23:27:41,53.1065,17.994965,42.496235,274.08533,844.1842,-0.0011143454,-3988.2529263547594,74.0,N_489
2024-05-11 23:27:42,53.163,17.993332,42.55918,274.06436,844.1953,-0.0011026332,-4027.1775380057015,74.0,N_489
2024-05-11 23:27:43,53.2195,17.991714,42.62213,274.04337,844.1749,-0.0015709893,-4068.293793391836,74.0,N_489
2024-05-11 23:27:44,53.276,17.990082,42.67808,274.02237,844.17303,-0.00106391,-4102.115490070844,74.0,N_489
2024-05-11 23:27:45,53.3325,17.98845,42.72704,274.0014,844.17865,-0.0010494532,-4133.409117945535,74.0,N_489
2024-05-11 23:27:46,53.389,17.986801,42.782993,273.9804,844.1805,-0.00087562803,-4166.804643578727,74.0,N_489
2024-05-11 23:27:47,53.4455,17.985153,42.838947,273.95944,844.17865,-0.0010310595,-4201.971920075126,74.0,N_489
2024-05-11 23:27:48,53.502,17.983505,42.901894,273.93845,844.1768,-0.0010136858,-4240.233737216622,74.0,N_489
2024-05-11 23:27:49,53.5585,17.981857,42.96484,273.91748,844.1768,-0.0009963015,-4277.6146499305105,74.0,N_489
2024-05-11 23:27:50,53.615,17.980194,43.020794,273.89648,844.17865,-0.0009912521,-4311.740457505577,74.0,N_489
2024-05-11 23:27:51,53.6715,17.97853,43.076748,273.87552,844.17865,-0.0009861429,-4345.827059927831,74.0,N_489
2024-05-11 23:27:52,53.728,17.976868,43.132698,273.85452,844.1768,-0.0009670271,-4380.515369572215,74.0,N_489
2024-05-11 23:27:53,53.7845,17.97519,43.19565,273.83356,844.1768,-0.0009603788,-4417.649480090699,74.0,N_489
2024-05-11 23:27:54,53.841,17.97351,43.2516,273.81256,844.17865,-0.001111184,-4452.532191937398,74.0,N_489
2024-05-11 23:27:55,53.8975,17.971832,43.307552,273.79156,844.17865,-0.0010898391,-4487.2745980656855,74.0,N_489
2024-05-11 23:27:56,53.954,17.970139,43.363506,273.7706,844.1768,-0.00091216323,-4521.552046626826,74.0,N_489
2024-05-11 23:27:57,54.0105,17.968445,43.426453,273.7496,844.1749,-0.0010694716,-4560.178079836067,74.0,N_489
2024-05-11 23:27:58,54.067,17.966751,43.4894,273.72864,844.17865,-0.0008953746,-4596.202516161447,74.0,N_489
2024-05-11 23:27:59,54.1235,17.965042,43.538357,273.70764,844.1842,-0.0012048995,-4628.451617278695,74.0,N_489
2024-05-11 23:28:00,54.18,17.963333,43.59431,273.68668,844.1749,-0.0011996417,-4664.782884314907,74.0,N_489
2024-05-11 23:28:01,54.236828,17.96167,43.657257,273.66568,844.15643,-0.0013446045,-4705.372468906384,74.0,N_489
2024-05-11 23:28:02,54.293644,17.959991,43.720207,273.6447,844.18604,-0.0006774363,-4740.139927141405,74.0,N_489
2024-05-11 23:28:03,54.35045,17.958298,43.769165,273.62372,844.28973,-0.0011525517,-4772.037637656507,74.0,N_489
2024-05-11 23:28:04,54.407246,17.95662,43.825115,273.60272,844.3786,-0.0013046025,-4809.10938966314,74.0,N_489
2024-05-11 23:28:05,54.464027,17.954926,43.888065,273.58176,844.3916,-0.0012925183,-4849.50222755878,74.0,N_489
2024-05-11 23:28:06,54.5208,17.953217,43.95101,273.55377,844.3694,-0.0016116342,-4891.427402961723,74.0,N_489
2024-05-11 23:28:07,54.57756,17.951508,44.006966,273.5328,844.36566,-0.0015981193,-4929.393427933695,74.0,N_489
2024-05-11 23:28:08,54.63431,17.949799,44.062916,273.5118,844.3694,-0.0015928599,-4967.322208100191,74.0,N_489
2024-05-11 23:28:09,54.69105,17.948074,44.11887,273.49084,844.3731,-0.0017509194,-5006.264889539437,74.0,N_489
2024-05-11 23:28:10,54.74778,17.94635,44.174824,273.46985,844.3731,-0.0017404789,-5045.138275374487,74.0,N_489
2024-05-11 23:28:11,54.804493,17.94461,44.230774,273.44885,844.3713,-0.0018937085,-5086.419148787765,74.0,N_489
2024-05-11 23:28:12,54.8612,17.942871,44.293724,273.4279,844.3731,-0.0017179953,-5128.350150230471,74.0,N_489
2024-05-11 23:28:13,54.917896,17.941132,44.349674,273.4069,844.3731,-0.0018683283,-5168.031564204863,74.0,N_489
2024-05-11 23:28:14,54.97458,17.939377,44.40563,273.38593,844.3731,-0.0020219523,-5208.698038961789,74.0,N_489
2024-05-11 23:28:15,55.03125,17.937622,44.461582,273.36493,844.3731,-0.0021757882,-5251.991370674704,74.0,N_489
2024-05-11 23:28:16,55.08791,17.935852,44.52453,273.34396,844.3731,-0.0023334327,-5299.622978502519,74.0,N_489
2024-05-11 23:28:17,55.14456,17.934082,44.587475,273.32297,844.3731,-0.0023217157,-5345.417337001962,74.0,N_489
2024-05-11 23:28:18,55.2012,17.932312,44.64343,273.302,844.3713,-0.002146903,-5385.664674814659,74.0,N_489
2024-05-11 23:28:19,55.257828,17.930527,44.692387,273.27402,844.3731,-0.002129887,-5424.443439056653,74.0,N_489
2024-05-11 23:28:20,55.314445,17.928741,44.74834,273.25302,844.1657,-0.0019546554,-5464.651335321456,74.0,N_489
2024-05-11 23:28:21,55.37105,17.92694,44.804295,273.23206,844.1842,-0.0022689172,-5508.586107604609,74.0,N_489
2024-05-11 23:28:22,55.427643,17.92514,44.86724,273.21106,844.27124,-0.0017518098,-5550.687046731917,74.0,N_489
2024-05-11 23:28:23,55.484226,17.923325,44.92319,273.1901,844.38794,-0.0009154841,-5584.880385969739,74.0,N_489
2024-05-11 23:28:24,55.540802,17.921509,44.98614,273.1691,844.4991,-0.0007243006,-5620.907961543743,74.0,N_489
2024-05-11 23:28:25,55.597363,17.919693,45.049088,273.14813,844.5731,-0.0010419639,-5658.59460196629,74.0,N_489
2024-05-11 23:28:26,55.65391,17.917862,45.10504,273.12015,844.58795,-0.0013616121,-5695.605977484844,74.0,N_489
2024-05-11 23:28:27,55.71045,17.91603,45.16099,273.09915,844.5731,-0.0006832234,-5727.599383431172,74.0,N_489
2024-05-11 23:28:28,55.76698,17.914185,45.216946,273.0782,844.5639,-0.0005059377,-5758.4474305240365,74.0,N_489
2024-05-11 23:28:29,55.823494,17.912338,45.2729,273.0572,844.5657,-0.0008326634,-5791.395574060813,74.0,N_489
2024-05-11 23:28:30,55.88,17.910492,45.32885,273.03622,844.56757,-0.0018120385,-5832.003868414595,74.0,N_489
2024-05-11 23:28:31,55.936493,17.90863,45.3918,273.01523,844.56757,-0.00246919,-5878.676052223383,74.0,N_489
2024-05-11 23:28:32,55.992977,17.906754,45.44775,272.99426,844.56757,-0.0024609286,-5922.477335661892,74.0,N_489
2024-05-11 23:28:33,56.04945,17.904892,45.503704,272.96628,844.56757,-0.0024526676,-5966.4753772353815,74.0,N_489
2024-05-11 23:28:34,56.10591,17.903015,45.559658,272.94528,844.56757,-0.0024444063,-6011.962959289388,74.0,N_489
2024-05-11 23:28:35,56.16236,17.901123,45.622604,272.91733,844.56757,-0.0026086813,-6060.1542719139225,74.0,N_489
2024-05-11 23:28:36,56.2188,17.899231,45.67856,272.89633,844.56757,-0.002922124,-6108.715257107497,74.0,N_489
2024-05-11 23:28:37,56.275227,17.897339,45.741505,272.87534,844.56757,-0.0027530002,-6155.117439012052,74.0,N_489
2024-05-11 23:28:38,56.331646,17.895432,45.790462,272.85437,844.56757,-0.0024100237,-6194.964854744877,74.0,N_489
2024-05-11 23:28:39,56.38805,17.893524,45.846416,272.83337,844.5657,-0.002740165,-6240.134818986837,74.0,N_489
2024-05-11 23:28:40,56.444443,17.891602,45.90237,272.8124,844.56757,-0.0027200503,-6287.222016288203,74.0,N_489
2024-05-11 23:28:41,56.500828,17.889679,45.965317,272.7914,844.5712,-0.0025405176,-6336.575387886396,74.0,N_489
2024-05-11 23:28:42,56.5572,17.887756,46.028263,272.76346,844.5657,-0.0027052462,-6383.3212510004,74.0,N_489
2024-05-11 23:28:43,56.61356,17.885818,46.07722,272.74246,844.55273,-0.002854314,-6426.45398012847,74.0,N_489
2024-05-11 23:28:44,56.66991,17.88388,46.133175,272.71448,844.5731,-0.0028454445,-6475.067413760969,74.0,N_489
2024-05-11 23:28:45,56.72625,17.881927,46.19612,272.6935,844.6528,-0.0030058308,-6527.380141518766,74.0,N_489
2024-05-11 23:28:46,56.782578,17.879974,46.259068,272.67252,844.7398,-0.0033296535,-6579.500100290136,74.0,N_489
2024-05-11 23:28:47,56.838894,17.878006,46.31502,272.65155,844.7768,-0.0033193105,-6628.349544923731,74.0,N_489
2024-05-11 23:28:48,56.8952,17.876038,46.370975,272.63055,844.7676,-0.003313606,-6677.674369922173,74.0,N_489
2024-05-11 23:28:49,56.951496,17.87407,46.426926,272.60257,844.7583,-0.0034685219,-6730.734704227562,74.0,N_489
2024-05-11 23:28:50,57.00778,17.872086,46.489876,272.5816,844.7602,-0.0041305595,-6788.617323576281,74.0,N_489
2024-05-11 23:28:51,57.06405,17.870102,46.545826,272.55362,844.762,-0.0041206297,-6843.237521959965,74.0,N_489
2024-05-11 23:28:52,57.12031,17.868118,46.60178,272.53262,844.762,-0.004279389,-6898.228775760331,74.0,N_489
2024-05-11 23:28:53,57.17656,17.86612,46.657734,272.51166,844.762,-0.0042664576,-6956.943171388842,74.0,N_489
2024-05-11 23:28:54,57.2328,17.864105,46.72068,272.48367,844.762,-0.0042549223,-7015.601675291894,74.0,N_489
2024-05-11 23:28:55,57.28903,17.862091,46.776634,272.4627,844.762,-0.0042449534,-7073.560422797239,74.0,N_489
2024-05-11 23:28:56,57.345245,17.860077,46.83958,272.4417,844.762,-0.0040641567,-7130.338616964613,74.0,N_489
2024-05-11 23:28:57,57.40145,17.858047,46.895535,272.42075,844.762,-0.0038847157,-7180.521017430842,74.0,N_489
2024-05-11 23:28:58,57.457645,17.856018,46.944492,272.39276,844.7602,-0.0040424,-7231.404576042592,74.0,N_489
2024-05-11 23:28:59,57.51383,17.853989,47.000446,272.37177,844.762,-0.0038626627,-7286.597814654822,74.0,N_489
2024-05-11 23:29:00,57.57,17.851944,47.063393,272.3508,844.7676,-0.0041899094,-7347.895518790422,74.0,N_489
2024-05-11 23:29:01,57.62665,17.84996,47.12634,272.3228,844.7602,-0.004347886,-7403.845036741814,74.0,N_489
2024-05-11 23:29:02,57.683277,17.847961,47.175297,272.30182,844.74164,-0.004509309,-7457.742906442882,74.0,N_489
2024-05-11 23:29:03,57.739876,17.845947,47.23125,272.27386,844.7694,-0.0048362687,-7520.541180860005,74.0,N_489
2024-05-11 23:29:04,57.796444,17.843948,47.294197,272.25287,844.87134,-0.004994901,-7587.020691237457,74.0,N_489
2024-05-11 23:29:05,57.852985,17.841919,47.357143,272.2319,844.96387,-0.0051537105,-7650.736976235427,74.0,N_489
2024-05-11 23:29:06,57.9095,17.83989,47.413097,272.2109,844.98425,-0.00497365,-7710.85060905105,74.0,N_489
2024-05-11 23:29:07,57.965984,17.837845,47.46905,272.18292,844.96387,-0.0056427293,-7775.141143885169,74.0,N_489
2024-05-11 23:29:08,58.022446,17.8358,47.525,272.16196,844.9509,-0.005462652,-7838.446923508429,74.0,N_489
2024-05-11 23:29:09,58.078873,17.833755,47.580956,272.13397,844.95465,-0.005111596,-7899.32054354272,74.0,N_489
2024-05-11 23:29:10,58.135277,17.83168,47.63691,272.11298,844.9583,-0.005101728,-7963.341012227962,74.0,N_489
2024-05-11 23:29:11,58.19165,17.829605,47.699856,272.092,844.9565,-0.005090167,-8027.363879673636,74.0,N_489
2024-05-11 23:29:12,58.248,17.82753,47.75581,272.06403,844.9565,-0.0054192957,-8090.189108188026,74.0,N_489
2024-05-11 23:29:13,58.304317,17.82544,47.811764,272.04306,844.9565,-0.006098526,-8157.627814362001,74.0,N_489
2024-05-11 23:29:14,58.36061,17.823349,47.867714,272.01508,844.9565,-0.006949945,-8235.521153543219,74.0,N_489
2024-05-11 23:29:15,58.416874,17.821243,47.93066,271.99408,844.9565,-0.0071107885,-8312.770633469783,74.0,N_489
2024-05-11 23:29:16,58.47311,17.819122,47.986614,271.96613,844.9565,-0.0070946408,-8386.318959743512,74.0,N_489
2024-05-11 23:29:17,58.52932,17.817001,48.04257,271.94513,844.9565,-0.0070857736,-8460.20669730076,74.0,N_489
2024-05-11 23:29:18,58.5855,17.814865,48.098522,271.91714,844.9565,-0.007085389,-8533.677223779938,74.0,N_489
2024-05-11 23:29:19,58.64165,17.812729,48.154472,271.89618,844.95465,-0.0070721633,-8607.452580713303,74.0,N_489
2024-05-11 23:29:20,58.697777,17.810577,48.210426,271.8682,844.9565,-0.0070601422,-8686.092832723632,74.0,N_489
2024-05-11 23:29:21,58.753876,17.808426,48.273373,271.84723,844.9602,-0.0070494195,-8762.882216710279,74.0,N_489
2024-05-11 23:29:22,58.809944,17.80626,48.329327,271.81924,844.95465,-0.0070361267,-8836.013599689206,74.0,N_489
2024-05-11 23:29:23,58.865986,17.804092,48.38528,271.79825,844.9417,-0.0073758056,-8910.672867813359,74.0,N_489
2024-05-11 23:29:24,58.921997,17.80191,48.44123,271.77728,844.96204,-0.0073626684,-8986.306068175225,74.0,N_489
2024-05-11 23:29:25,58.977985,17.799713,48.497185,271.7493,845.0417,-0.007876531,-9065.939757446264,74.0,N_489
2024-05-11 23:29:26,59.033943,17.797516,48.55314,271.7213,845.12866,-0.008036253,-9151.535882371109,74.0,N_489
2024-05-11 23:29:27,59.089874,17.795319,48.616085,271.70035,845.1658,-0.008030028,-9240.654303528721,74.0,N_489
2024-05-11 23:29:28,59.145775,17.79309,48.67903,271.67236,845.1565,-0.0081842095,-9324.279076955496,74.0,N_489
2024-05-11 23:29:29,59.201653,17.790878,48.734985,271.65137,845.1473,-0.008526694,-9401.23442143007,74.0,N_489
2024-05-11 23:29:30,59.2575,17.788635,48.783943,271.6234,845.14905,-0.008515806,-9487.06096402583,74.0,N_489
2024-05-11 23:29:31,59.313316,17.786407,48.84689,271.60242,845.15283,-0.007990172,-9575.85400114742,74.0,N_489
2024-05-11 23:29:32,59.36911,17.78415,48.90984,271.57443,845.15094,-0.007979572,-9658.126712236579,74.0,N_489
2024-05-11 23:29:33,59.424873,17.78189,48.96579,271.55347,845.15094,-0.007974687,-9737.680195465007,74.0,N_489
2024-05-11 23:29:34,59.48061,17.779633,49.021744,271.52548,845.15094,-0.008305591,-9813.932670938751,74.0,N_489
2024-05-11 23:29:35,59.53632,17.777359,49.0707,271.4975,845.15094,-0.00795538,-9889.678644076877,74.0,N_489
2024-05-11 23:29:36,59.592,17.77507,49.126656,271.47653,845.15094,-0.007954334,-9973.979047086146,74.0,N_489
2024-05-11 23:29:37,59.64765,17.772781,49.1896,271.45554,845.15094,-0.008464787,-10066.163913451403,74.0,N_489
2024-05-11 23:29:38,59.703278,17.770477,49.25255,271.42758,845.14905,-0.008617084,-10152.474118320642,74.0,N_489
2024-05-11 23:29:39,59.758873,17.768173,49.308502,271.4066,845.15094,-0.008956229,-10238.397464818188,74.0,N_489
2024-05-11 23:29:40,59.81444,17.765854,49.364456,271.3786,845.1565,-0.009291823,-10327.1295653878,74.0,N_489
2024-05-11 23:29:41,59.869984,17.763535,49.420406,271.35065,845.14905,-0.009457549,-10416.94105254823,74.0,N_489
2024-05-11 23:29:42,59.9255,17.7612,49.47636,271.32266,845.13055,-0.009632227,-10506.553394356011,74.0,N_489
2024-05-11 23:29:43,59.980984,17.758865,49.532314,271.30167,845.1584,-0.009790395,-10597.886138323247,74.0,N_489
2024-05-11 23:29:44,60.03644,17.756516,49.58827,271.2737,845.2602,-0.009436993,-10693.381394224449,74.0,N_489
2024-05-11 23:29:45,60.091873,17.75415,49.651215,271.25272,845.3528,-0.009779757,-10787.795556459965,74.0,N_489
2024-05-11 23:29:46,60.147278,17.751785,49.70717,271.22473,845.37317,-0.010467143,-10882.711058400213,74.0,N_489
2024-05-11 23:29:47,60.202652,17.74942,49.76312,271.20377,845.3528,-0.010979616,-10981.779621706715,74.0,N_489
2024-05-11 23:29:48,60.258,17.747025,49.819073,271.17578,845.3398,-0.01026834,-11076.818479236666,74.0,N_489
2024-05-11 23:29:49,60.313316,17.744644,49.875027,271.1478,845.34357,-0.010256265,-11171.76226784136,74.0,N_489
2024-05-11 23:29:50,60.36861,17.742233,49.930977,271.1198,845.3472,-0.00989481,-11270.487900017946,74.0,N_489
2024-05-11 23:29:51,60.423874,17.739822,49.993927,271.09885,845.3454,-0.009884543,-11365.508586693384,74.0,N_489
2024-05-11 23:29:52,60.47911,17.737411,50.049877,271.07086,845.3454,-0.0097044995,-11456.809225817487,74.0,N_489
2024-05-11 23:29:53,60.534317,17.734985,50.10583,271.04288,845.3454,-0.009871163,-11549.183055945525,74.0,N_489
2024-05-11 23:29:54,60.589497,17.73256,50.161785,271.01492,845.3454,-0.009859522,-11640.13834707345,74.0,N_489
2024-05-11 23:29:55,60.64465,17.730118,50.217735,270.99393,845.3454,-0.010560645,-11736.37054125847,74.0,N_489
2024-05-11 23:29:56,60.699776,17.727661,50.27369,270.96594,845.3454,-0.010727119,-11842.291937654718,74.0,N_489
2024-05-11 23:29:57,60.75487,17.725204,50.336636,270.938,845.34357,-0.010893593,-11951.274491222755,74.0,N_489
2024-05-11 23:29:58,60.809944,17.722733,50.399586,270.917,845.3454,-0.011762903,-12049.825048930848,74.0,N_489
2024-05-11 23:29:59,60.864983,17.72026,50.448544,270.889,845.35095,-0.011929805,-12150.825668476926,74.0,N_489
2024-05-11 23:30:00,60.92,17.717773,50.504498,270.86804,845.34357,-0.011921996,-12264.771479706738,74.0,N_489
2024-05-11 23:30:01,60.975395,17.715347,50.567444,270.84006,845.325,-0.011644287,-12380.4730395629,74.0,N_489
2024-05-11 23:30:02,61.030746,17.712921,50.63039,270.81207,845.3547,-0.011366578,-12485.661997716994,74.0,N_489
2024-05-11 23:30:03,61.08606,17.71048,50.686344,270.78412,845.4547,-0.011711713,-12581.306414067261,74.0,N_489
2024-05-11 23:30:04,61.14133,17.708023,50.735302,270.75613,845.54724,-0.012238353,-12685.854372030972,74.0,N_489
2024-05-11 23:30:05,61.19656,17.705566,50.791256,270.72815,845.5676,-0.012407018,-12803.890143833361,74.0,N_489
2024-05-11 23:30:06,61.251747,17.703094,50.854202,270.7002,845.54724,-0.012217798,-12912.979764071206,74.0,N_489
2024-05-11 23:30:07,61.306892,17.700607,50.910152,270.6792,845.5343,-0.012033117,-13027.651730161268,74.0,N_489
2024-05-11 23:30:08,61.362,17.698105,50.973103,270.6512,845.538,-0.012196454,-13138.179433069381,74.0,N_489
2024-05-11 23:30:09,61.41706,17.695602,51.029053,270.62323,845.5417,-0.012722672,-13248.966799138036,74.0,N_489
2024-05-11 23:30:10,61.47208,17.693085,51.085007,270.59528,845.53986,-0.013065852,-13361.987307579058,74.0,N_489
2024-05-11 23:30:11,61.52706,17.690552,51.14096,270.5673,845.53986,-0.0132352365,-13464.396672166322,74.0,N_489
2024-05-11 23:30:12,61.581997,17.688019,51.18992,270.5463,845.53986,-0.013760904,-13588.405782683829,74.0,N_489
2024-05-11 23:30:13,61.636894,17.68547,51.252865,270.51834,845.53986,-0.01392893,-13720.559095090704,74.0,N_489
2024-05-11 23:30:14,61.69175,17.682907,51.31581,270.49036,845.53986,-0.013920255,-13842.24953548843,74.0,N_489
2024-05-11 23:30:15,61.74656,17.680328,51.371765,270.46237,845.53986,-0.013377011,-13957.221462351086,74.0,N_489
2024-05-11 23:30:16,61.80133,17.67775,51.42772,270.43442,845.538,-0.01354679,-14073.292134807087,74.0,N_489
2024-05-11 23:30:17,61.85606,17.675156,51.483673,270.40643,845.5417,-0.013720625,-14190.479197648358,74.0,N_489
2024-05-11 23:30:18,61.910748,17.672546,51.539623,270.37845,845.5454,-0.014242603,-14311.059541109205,74.0,N_489
2024-05-11 23:30:19,61.965393,17.669937,51.595577,270.35046,845.538,-0.014409511,-14441.825678905327,74.0,N_489
2024-05-11 23:30:20,62.019997,17.667313,51.658524,270.3295,845.5195,-0.014756023,-14568.243670689955,74.0,N_489
2024-05-11 23:30:21,62.074562,17.664673,51.714478,270.3015,845.54913,-0.015104641,-14694.398921616825,74.0,N_489
2024-05-11 23:30:22,62.12908,17.662018,51.77043,270.27353,845.6491,-0.015988039,-14826.280941087469,74.0,N_489
2024-05-11 23:30:23,62.18356,17.659363,51.82638,270.24557,845.74176,-0.016878411,-14963.962416053648,74.0,N_489
2024-05-11 23:30:24,62.238,17.656693,51.882336,270.2176,845.76215,-0.016687134,-15100.38472446002,74.0,N_489
2024-05-11 23:30:25,62.292393,17.654007,51.93829,270.1896,845.74176,-0.016674314,-15249.163147334584,74.0,N_489
2024-05-11 23:30:26,62.34675,17.651321,52.001236,270.16162,845.72876,-0.017385857,-15393.235891926086,74.0,N_489
2024-05-11 23:30:27,62.401062,17.64862,52.05719,270.13367,845.7324,-0.018093143,-15552.283634849935,74.0,N_489
2024-05-11 23:30:28,62.45533,17.645905,52.120136,270.10568,845.7362,-0.018617311,-15690.583548501141,74.0,N_489
2024-05-11 23:30:29,62.50956,17.643188,52.169094,270.0777,845.7362,-0.019145988,-15839.79423083699,74.0,N_489
2024-05-11 23:30:30,62.563747,17.640442,52.225048,270.0497,845.7343,-0.019146929,-15992.124347638037,74.0,N_489
2024-05-11 23:30:31,62.617893,17.637695,52.281002,270.02176,845.7343,-0.019492052,-16146.684906205512,74.0,N_489
2024-05-11 23:30:32,62.671997,17.634949,52.336952,269.99377,845.7343,-0.019665541,-16317.075884908041,74.0,N_489
2024-05-11 23:30:33,62.726063,17.632172,52.399902,269.9658,845.7343,-0.019115286,-16486.57710064985,74.0,N_489
2024-05-11 23:30:34,62.780083,17.629395,52.46285,269.93784,845.7343,-0.018938296,-16640.610296306677,74.0,N_489
2024-05-11 23:30:35,62.83406,17.626602,52.5188,269.90985,845.7324,-0.01838882,-16787.918154752035,74.0,N_489
2024-05-11 23:30:36,62.887997,17.62381,52.574753,269.88187,845.7362,-0.016043954,-16908.067329721798,74.0,N_489
2024-05-11 23:30:37,62.941895,17.620987,52.62371,269.85388,845.73987,-0.012096092,-17011.237839056488,74.0,N_489
2024-05-11 23:30:38,62.995747,17.61818,52.679665,269.82593,845.7324,-0.009577697,-17108.311474483413,74.0,N_489
2024-05-11 23:30:39,63.04956,17.615341,52.74261,269.79794,845.7139,-0.010100748,-17213.68731451167,74.0,N_489
2024-05-11 23:30:40,63.103333,17.612488,52.805557,269.76297,845.7436,-0.008106926,-17297.755025586303,74.0,N_489
2024-05-11 23:30:41,63.157063,17.609634,52.86151,269.735,845.84546,-0.010084636,-17382.074899134062,74.0,N_489
2024-05-11 23:30:42,63.210747,17.606781,52.91047,269.71402,845.93616,-0.013863745,-17498.157286610134,74.0,N_489
2024-05-11 23:30:43,63.264393,17.603897,52.966423,269.67905,845.9473,-0.015994616,-17630.367301225288,74.0,N_489
2024-05-11 23:30:44,63.317997,17.601013,53.022377,269.65106,845.92694,-0.015620932,-17759.510424649736,74.0,N_489
2024-05-11 23:30:45,63.37156,17.598114,53.07833,269.62308,845.9214,-0.014573984,-17881.813550840565,74.0,N_489
2024-05-11 23:30:46,63.425083,17.5952,53.13428,269.59512,845.92694,-0.013527036,-18007.436661681313,74.0,N_489
2024-05-11 23:30:47,63.47856,17.592285,53.19723,269.56714,845.9306,-0.012480088,-18128.582612487025,74.0,N_489
2024-05-11 23:30:48,63.531998,17.589355,53.260178,269.53915,845.9306,-0.011433139,-18233.552882305932,74.0,N_489
2024-05-11 23:30:49,63.585396,17.58641,53.316128,269.51117,845.9288,-0.009622597,-18318.087914764696,74.0,N_489
2024-05-11 23:30:50,63.63875,17.58345,53.36509,269.4762,845.9288,-0.008705601,-18406.18469324673,74.0,N_489
2024-05-11 23:30:51,63.692062,17.58049,53.428036,269.44824,845.9306,-0.008689431,-18499.78965137293,74.0,N_489
2024-05-11 23:30:52,63.74533,17.577515,53.490982,269.42026,845.9306,-0.00813448,-18583.2667400449,74.0,N_489
2024-05-11 23:30:53,63.79856,17.57454,53.546936,269.39227,845.9288,-0.0072167735,-18657.6353732325,74.0,N_489
2024-05-11 23:30:54,63.85175,17.571533,53.602886,269.36432,845.9288,-0.0060386565,-18724.340493579442,74.0,N_489
2024-05-11 23:30:55,63.904896,17.568527,53.65884,269.33633,845.9325,-0.00486054,-18784.095845762185,74.0,N_489
2024-05-11 23:30:56,63.957996,17.565506,53.714794,269.30136,845.93805,-0.006192793,-18852.402239779043,74.0,N_489
2024-05-11 23:30:57,64.01106,17.562485,53.77075,269.27338,845.92694,-0.0075250464,-18929.827325454462,74.0,N_489
2024-05-11 23:30:58,64.06408,17.559448,53.8267,269.2384,845.90845,-0.003172636,-18978.494050337402,74.0,N_489
2024-05-11 23:30:59,64.11706,17.556396,53.882652,269.21042,845.93805,0.0013548657,-18997.13417936403,74.0,N_489
2024-05-11 23:31:00,64.17,17.55333,53.938606,269.18246,846.04175,0.0004588519,-19021.18031736166,74.0,N_489
2024-05-11 23:31:01,64.222404,17.55043,54.001553,269.1475,846.1306,-0.0038646078,-19076.992492511963,74.0,N_489
2024-05-11 23:31:02,64.27478,17.5475,54.057507,269.1265,846.1417,-0.0054591615,-19139.234214883265,74.0,N_489
2024-05-11 23:31:03,64.32713,17.54457,54.113457,269.09854,846.1214,-0.0045423172,-19196.780366895586,74.0,N_489
2024-05-11 23:31:04,64.37946,17.54161,54.16941,269.06357,846.1158,-0.0047184825,-19255.428875572783,74.0,N_489
2024-05-11 23:31:05,64.43177,17.53865,54.225365,269.03558,846.1214,-0.006693301,-19327.22446490448,74.0,N_489
2024-05-11 23:31:06,64.48405,17.53566,54.28132,269.0006,846.12506,-0.0073989322,-19403.246308149668,74.0,N_489
2024-05-11 23:31:07,64.5363,17.532654,54.33727,268.97263,846.12506,-0.008479588,-19485.65171116848,74.0,N_489
2024-05-11 23:31:08,64.58853,17.529633,54.393223,268.94467,846.1232,-0.0075558987,-19567.726268349397,74.0,N_489
2024-05-11 23:31:09,64.64073,17.526596,54.45617,268.9167,846.1232,-0.008459224,-19654.286501740426,74.0,N_489
2024-05-11 23:31:10,64.69292,17.523544,54.512123,268.8817,846.12506,-0.008623549,-19739.419763845995,74.0,N_489
2024-05-11 23:31:11,64.74507,17.520477,54.568077,268.84674,846.1232,-0.008061215,-19819.677279261305,74.0,N_489
2024-05-11 23:31:12,64.797195,17.517395,54.624027,268.81876,846.12506,-0.007498881,-19891.269378439385,74.0,N_489
2024-05-11 23:31:13,64.849304,17.514282,54.67299,268.78378,846.12506,-0.009856691,-19980.031938205,74.0,N_489
2024-05-11 23:31:14,64.90138,17.51117,54.72894,268.75583,846.1232,-0.012759049,-20099.693088507585,74.0,N_489
2024-05-11 23:31:15,64.95344,17.508026,54.79189,268.72784,846.1214,-0.013111427,-20216.96387112237,74.0,N_489
2024-05-11 23:31:16,65.00546,17.504883,54.84784,268.69287,846.12506,-0.013280672,-20340.978912585757,74.0,N_489
2024-05-11 23:31:17,65.057465,17.501709,54.910786,268.6649,846.1306,-0.011808447,-20447.953208178922,74.0,N_489
2024-05-11 23:31:18,65.10944,17.49852,54.96674,268.6369,846.1214,-0.01106725,-20548.51650922093,74.0,N_489
2024-05-11 23:31:19,65.1614,17.495316,55.022694,268.60196,846.1029,-0.011609178,-20653.264430531584,74.0,N_489
2024-05-11 23:31:20,65.21333,17.492096,55.078648,268.567,846.1325,-0.013247406,-20757.159103035374,74.0,N_489
2024-05-11 23:31:21,65.265236,17.488861,55.127605,268.539,846.2362,-0.013972562,-20884.10213951812,74.0,N_489
2024-05-11 23:31:22,65.317116,17.485611,55.19055,268.50403,846.32513,-0.014516484,-21009.157996688336,74.0,N_489
2024-05-11 23:31:23,65.368965,17.482346,55.246506,268.47604,846.3381,-0.015417928,-21149.793175806877,74.0,N_489
2024-05-11 23:31:24,65.4208,17.479065,55.309452,268.44107,846.31586,-0.015406136,-21280.567586398436,74.0,N_489
2024-05-11 23:31:25,65.4726,17.475754,55.365406,268.41312,846.31213,-0.0159528,-21413.30662375518,74.0,N_489
2024-05-11 23:31:26,65.52438,17.472443,55.421356,268.37814,846.31586,-0.016479429,-21547.902981736188,74.0,N_489
2024-05-11 23:31:27,65.57613,17.4691,55.47731,268.35016,846.3196,-0.016464954,-21683.990644314676,74.0,N_489
2024-05-11 23:31:28,65.62786,17.465744,55.533264,268.3152,846.3196,-0.016445562,-21820.53578528813,74.0,N_489
2024-05-11 23:31:29,65.679565,17.462387,55.58922,268.2802,846.3177,-0.016428228,-21954.742034927305,74.0,N_489
2024-05-11 23:31:30,65.73125,17.459,55.64517,268.25223,846.3177,-0.016416239,-22088.240277302604,74.0,N_489
2024-05-11 23:31:31,65.7829,17.455597,55.701122,268.22427,846.3196,-0.016775848,-22238.678577925828,74.0,N_489
2024-05-11 23:31:32,65.83453,17.452179,55.76407,268.1893,846.3196,-0.016027546,-22375.459983086486,74.0,N_489
2024-05-11 23:31:33,65.88613,17.448746,55.820023,268.15433,846.3177,-0.01565298,-22506.648154000468,74.0,N_489
2024-05-11 23:31:34,65.93771,17.445297,55.875977,268.11935,846.31586,-0.015551994,-22635.092127326447,74.0,N_489
2024-05-11 23:31:35,65.989265,17.441818,55.931927,268.09137,846.3196,-0.015451007,-22764.291113727006,74.0,N_489
2024-05-11 23:31:36,66.040794,17.43834,55.98788,268.0564,846.32513,-0.016171155,-22898.830726417444,74.0,N_489
2024-05-11 23:31:37,66.0923,17.434845,56.043835,268.02142,846.31586,-0.015795853,-23028.7920673585,74.0,N_489
2024-05-11 23:31:38,66.14378,17.43132,56.099785,267.99347,846.2973,-0.014865545,-23154.056222536245,74.0,N_489
2024-05-11 23:31:39,66.19524,17.42778,56.15574,267.9585,846.32697,-0.014116665,-23285.409833538433,74.0,N_489
2024-05-11 23:31:40,66.246666,17.42424,56.218685,267.92352,846.43066,-0.013824815,-23407.460623798437,74.0,N_489
2024-05-11 23:31:41,66.298065,17.42067,56.27464,267.88855,846.5196,-0.0135329645,-23522.728590333376,74.0,N_489
2024-05-11 23:31:42,66.34945,17.417084,56.330593,267.86057,846.5325,-0.012975982,-23635.44270056575,74.0,N_489
2024-05-11 23:31:43,66.4008,17.413483,56.386547,267.8256,846.5122,-0.013144361,-23749.84732057351,74.0,N_489
2024-05-11 23:31:44,66.45213,17.409866,56.442497,267.79062,846.50665,-0.014056381,-23868.44185468538,74.0,N_489
2024-05-11 23:31:45,66.50343,17.406235,56.49845,267.76266,846.5122,-0.0151583785,-23995.48004004323,74.0,N_489
2024-05-11 23:31:46,66.55471,17.402588,56.554405,267.7277,846.514,-0.015514046,-24125.44159841405,74.0,N_489
2024-05-11 23:31:47,66.605965,17.39891,56.610355,267.69272,846.514,-0.015869714,-24255.714260523768,74.0,N_489
2024-05-11 23:31:48,66.657196,17.395233,56.66631,267.66473,846.5122,-0.016505271,-24403.788900267544,74.0,N_489
2024-05-11 23:31:49,66.708405,17.391525,56.729256,267.62976,846.514,-0.01714083,-24547.484289162625,74.0,N_489
2024-05-11 23:31:50,66.75958,17.387817,56.78521,267.5948,846.514,-0.01731235,-24689.203101090858,74.0,N_489
2024-05-11 23:31:51,66.81074,17.384079,56.841164,267.5598,846.514,-0.016561098,-24825.941953015084,74.0,N_489
2024-05-11 23:31:52,66.86186,17.380325,56.897114,267.52484,846.514,-0.016181013,-24960.15832707075,74.0,N_489
2024-05-11 23:31:53,66.912964,17.376556,56.953068,267.48987,846.514,-0.01615683,-25094.18350267708,74.0,N_489
2024-05-11 23:31:54,66.96405,17.372772,57.00902,267.45493,846.5122,-0.016824216,-25232.585684016056,74.0,N_489
2024-05-11 23:31:55,67.0151,17.368973,57.064976,267.41995,846.5122,-0.017491603,-25375.352121168908,74.0,N_489
2024-05-11 23:31:56,67.06613,17.365158,57.120926,267.38498,846.514,-0.018158989,-25520.24583887501,74.0,N_489
2024-05-11 23:31:57,67.117134,17.361328,57.17688,267.357,846.5196,-0.018703887,-25670.34427978663,74.0,N_489
2024-05-11 23:31:58,67.16811,17.357483,57.232834,267.32202,846.5103,-0.019247,-25824.59231674046,74.0,N_489
2024-05-11 23:31:59,67.21907,17.353607,57.288788,267.28705,846.49365,-0.019791538,-25997.080358050596,74.0,N_489
2024-05-11 23:32:00,67.27,17.349731,57.351734,267.25208,846.5214,-0.020157665,-26163.27406053042,74.0,N_489
2024-05-11 23:32:01,67.321144,17.34607,57.407684,267.2101,846.6251,-0.020523792,-26326.43466606777,74.0,N_489
2024-05-11 23:32:02,67.37226,17.342392,57.46364,267.17514,846.7159,-0.020141507,-26468.924849324074,74.0,N_489
2024-05-11 23:32:03,67.42335,17.338684,57.512596,267.14716,846.727,-0.020137561,-26625.20954098521,74.0,N_489
2024-05-11 23:32:04,67.474396,17.334946,57.56855,267.1122,846.7066,-0.02030606,-26801.33251855267,74.0,N_489
2024-05-11 23:32:05,67.52541,17.331192,57.631496,267.07724,846.70105,-0.020483334,-26969.535108354485,74.0,N_489
2024-05-11 23:32:06,67.5764,17.327408,57.68745,267.03528,846.7066,-0.020470448,-27132.20393843328,74.0,N_489
2024-05-11 23:32:07,67.62735,17.323608,57.743404,267.0003,846.7103,-0.02045266,-27276.354720796648,74.0,N_489
2024-05-11 23:32:08,67.67826,17.319778,57.792362,266.97232,846.7085,-0.020446585,-27449.738353420602,74.0,N_489
2024-05-11 23:32:09,67.72915,17.315918,57.85531,266.93735,846.7085,-0.020434404,-27629.73355963541,74.0,N_489
2024-05-11 23:32:10,67.78,17.312027,57.918255,266.90237,846.7085,-0.020419313,-27797.313184548446,74.0,N_489
2024-05-11 23:32:11,67.83081,17.308136,57.97421,266.8604,846.7085,-0.020407222,-27959.420291535345,74.0,N_489
2024-05-11 23:32:12,67.8816,17.3042,58.030163,266.82544,846.7085,-0.020394119,-28123.69424322535,74.0,N_489
2024-05-11 23:32:13,67.93235,17.300247,58.086117,266.78348,846.7085,-0.020012075,-28283.142022932516,74.0,N_489
2024-05-11 23:32:14,67.98306,17.296265,58.142067,266.7485,846.7085,-0.019812832,-28440.66176484141,74.0,N_489
2024-05-11 23:32:15,68.033745,17.292252,58.19802,266.71353,846.7085,-0.020174265,-28600.527574140426,74.0,N_489
2024-05-11 23:32:16,68.0844,17.288223,58.253975,266.67856,846.7085,-0.020907756,-28765.17016725376,74.0,N_489
2024-05-11 23:32:17,68.13502,17.28418,58.309925,266.6436,846.7085,-0.0218246,-28919.768813339404,74.0,N_489
2024-05-11 23:32:18,68.1856,17.28009,58.358887,266.6086,846.7066,-0.021816611,-29090.292034147024,74.0,N_489
2024-05-11 23:32:19,68.236145,17.275986,58.414837,266.56665,846.7085,-0.022180395,-29280.318812787264,74.0,N_489
2024-05-11 23:32:20,68.28667,17.271866,58.477787,266.53168,846.71216,-0.02216539,-29472.654874654556,74.0,N_489
2024-05-11 23:32:21,68.33715,17.2677,58.540733,266.4967,846.7066,-0.022342848,-29649.599082085468,74.0,N_489
2024-05-11 23:32:22,68.387596,17.263535,58.596684,266.46176,846.6936,-0.022151664,-29805.931392455124,74.0,N_489
2024-05-11 23:32:23,68.43801,17.259323,58.645645,266.4268,846.714,-0.02232691,-29979.675407252907,74.0,N_489
2024-05-11 23:32:24,68.488396,17.255096,58.701595,266.38483,846.7937,-0.022502985,-30171.913794976826,74.0,N_489
2024-05-11 23:32:25,68.53875,17.25084,58.764545,266.34985,846.8807,-0.022484398,-30349.674490696067,74.0,N_489
2024-05-11 23:32:26,68.589066,17.246567,58.820496,266.31488,846.9177,-0.022474114,-30527.33699331058,74.0,N_489
2024-05-11 23:32:27,68.63935,17.242264,58.87645,266.27292,846.9085,-0.021907585,-30682.674580092644,74.0,N_489
2024-05-11 23:32:28,68.6896,17.237946,58.925407,266.23795,846.89923,-0.021336598,-30849.612174047947,74.0,N_489
2024-05-11 23:32:29,68.739815,17.233582,58.98136,266.19598,846.90106,-0.021327453,-31033.12575282955,74.0,N_489
2024-05-11 23:32:30,68.79,17.229218,59.044308,266.161,846.90295,-0.021311667,-31203.056086717224,74.0,N_489
2024-05-11 23:32:31,68.84015,17.224808,59.10026,266.12604,846.90295,-0.021485887,-31373.918733278304,74.0,N_489
2024-05-11 23:32:32,68.89027,17.220383,59.156216,266.08408,846.90295,-0.021848567,-31544.84695266541,74.0,N_489
2024-05-11 23:32:33,68.940346,17.215927,59.212166,266.0491,846.90295,-0.021834923,-31717.96191613139,74.0,N_489
2024-05-11 23:32:34,68.990395,17.211456,59.26812,266.00714,846.90295,-0.021820933,-31888.657616890894,74.0,N_489
2024-05-11 23:32:35,69.04041,17.206955,59.324074,265.97217,846.90295,-0.021244885,-32073.32348834874,74.0,N_489
2024-05-11 23:32:36,69.0904,17.202423,59.38702,265.9302,846.90295,-0.02122863,-32230.585276856385,74.0,N_489
2024-05-11 23:32:37,69.14035,17.197876,59.435978,265.88824,846.90295,-0.021216828,-32394.20027217149,74.0,N_489
2024-05-11 23:32:38,69.19026,17.193298,59.491932,265.85327,846.90295,-0.021204192,-32560.148192674253,74.0,N_489
2024-05-11 23:32:39,69.24015,17.188705,59.547886,265.8183,846.90106,-0.021473859,-32730.61393805225,74.0,N_489
2024-05-11 23:32:40,69.29,17.184082,59.603836,265.77634,846.90295,-0.021743523,-32900.62011341289,74.0,N_489
2024-05-11 23:32:41,69.33981,17.179428,59.65979,265.74136,846.9085,-0.022298528,-33076.51591486567,74.0,N_489
2024-05-11 23:32:42,69.389595,17.174759,59.715744,265.6994,846.90106,-0.022471752,-33254.1317468123,74.0,N_489
2024-05-11 23:32:43,69.43935,17.17006,59.771698,265.6574,846.87885,-0.0228295,-33431.12874127401,74.0,N_489
2024-05-11 23:32:44,69.48907,17.165344,59.82765,265.62247,846.88446,-0.02281855,-33610.38019408871,74.0,N_489
2024-05-11 23:32:45,69.53875,17.160583,59.883602,265.58047,846.9603,-0.022803305,-33790.07344299542,74.0,N_489
2024-05-11 23:32:46,69.5884,17.155823,59.939556,265.5385,847.06775,-0.023167076,-33972.13729252099,74.0,N_489
2024-05-11 23:32:47,69.638016,17.151016,59.995506,265.49655,847.11774,-0.023343502,-34169.836999476276,74.0,N_489
2024-05-11 23:32:48,69.6876,17.146194,60.058456,265.46158,847.1048,-0.023238998,-34354.728571678264,74.0,N_489
2024-05-11 23:32:49,69.73715,17.141342,60.114407,265.41962,847.0918,-0.023134496,-34536.454606122956,74.0,N_489
2024-05-11 23:32:50,69.78667,17.136475,60.17036,265.37766,847.0956,-0.023215707,-34715.768478694925,74.0,N_489
2024-05-11 23:32:51,69.83615,17.131577,60.226315,265.34268,847.09924,-0.023296919,-34897.90581021732,74.0,N_489
2024-05-11 23:32:52,69.8856,17.126663,60.28227,265.30072,847.09735,-0.023467818,-35081.71839160133,74.0,N_489
2024-05-11 23:32:53,69.93501,17.12172,60.33822,265.25876,847.09735,-0.023454,-35265.40516965884,74.0,N_489
2024-05-11 23:32:54,69.9844,17.116745,60.394173,265.2168,847.09735,-0.02381535,-35451.45499219285,74.0,N_489
2024-05-11 23:32:55,70.03375,17.11174,60.450127,265.17484,847.09735,-0.023804182,-35637.37900012511,74.0,N_489
2024-05-11 23:32:56,70.08307,17.10672,60.506077,265.13287,847.09735,-0.023602359,-35819.022807641915,74.0,N_489
2024-05-11 23:32:57,70.13235,17.101685,60.56203,265.0979,847.09735,-0.023780145,-36004.1250414036,74.0,N_489
2024-05-11 23:32:58,70.1816,17.096603,60.617985,265.05594,847.09735,-0.023208916,-36169.141724763664,74.0,N_489
2024-05-11 23:32:59,70.23081,17.091522,60.666943,265.01398,847.09735,-0.023197938,-36347.8705446191,74.0,N_489
2024-05-11 23:33:00,70.28,17.086395,60.722897,264.97202,847.09735,-0.022435268,-36524.519289896634,74.0,N_489
2024-05-11 23:33:01,70.3298,17.081589,60.77885,264.93002,847.09735,-0.02204426,-36714.75575021492,74.0,N_489
2024-05-11 23:33:02,70.379555,17.076752,60.841797,264.88806,847.09735,-0.021652307,-36889.10823719797,74.0,N_489
2024-05-11 23:33:03,70.429245,17.071869,60.897747,264.8461,847.09735,-0.021638459,-37060.32751997467,74.0,N_489
2024-05-11 23:33:04,70.47889,17.066956,60.9537,264.80414,847.0956,-0.021437852,-37214.60450716747,74.0,N_489
2024-05-11 23:33:05,70.52847,17.062012,61.00266,264.76218,847.0956,-0.021431128,-37381.36867752476,74.0,N_489
2024-05-11 23:33:06,70.577995,17.057022,61.058613,264.7202,847.10114,-0.021227455,-37547.22198870682,74.0,N_489
2024-05-11 23:33:07,70.62747,17.052002,61.114567,264.68524,847.10114,-0.021589383,-37720.35021538864,74.0,N_489
2024-05-11 23:33:08,70.67689,17.046936,61.17052,264.6363,847.0844,-0.02195131,-37910.22773393028,74.0,N_489
2024-05-11 23:33:09,70.72625,17.04184,61.233467,264.59433,847.08075,-0.02363388,-38097.4346853615,74.0,N_489
2024-05-11 23:33:10,70.77555,17.036713,61.289417,264.55237,847.15295,-0.023432765,-38283.4786487387,74.0,N_489
2024-05-11 23:33:11,70.82481,17.03154,61.34537,264.5034,847.26227,-0.023702454,-38468.65125184982,74.0,N_489
2024-05-11 23:33:12,70.874,17.026337,61.401325,264.46143,847.31226,-0.023972142,-38652.18604029443,74.0,N_489
2024-05-11 23:33:13,70.923134,17.021103,61.45728,264.42645,847.29926,-0.024149595,-38839.05732150479,74.0,N_489
2024-05-11 23:33:14,70.97222,17.015823,61.51323,264.3845,847.2844,-0.02413744,-39029.63950615826,74.0,N_489
2024-05-11 23:33:15,71.02125,17.010513,61.569183,264.33554,847.2863,-0.023556544,-39213.674025152315,74.0,N_489
2024-05-11 23:33:16,71.07022,17.005157,61.625137,264.29358,847.2919,-0.02354619,-39397.01532566483,74.0,N_489
2024-05-11 23:33:17,71.11914,16.999771,61.68109,264.25162,847.2937,-0.024095109,-39587.158094522485,74.0,N_489
2024-05-11 23:33:18,71.168,16.994354,61.73704,264.20264,847.2919,-0.02332775,-39769.55284949747,74.0,N_489
2024-05-11 23:33:19,71.216805,16.988892,61.792995,264.16068,847.2919,-0.023314351,-39934.23693383667,74.0,N_489
2024-05-11 23:33:20,71.26556,16.983398,61.841953,264.1187,847.2919,-0.022925297,-40113.337222674214,74.0,N_489
2024-05-11 23:33:21,71.31425,16.977875,61.897907,264.06976,847.2919,-0.02309772,-40294.08905153481,74.0,N_489
2024-05-11 23:33:22,71.362885,16.972305,61.95386,264.0278,847.2919,-0.022896092,-40472.875397941636,74.0,N_489
2024-05-11 23:33:23,71.41147,16.966705,62.00981,263.98584,847.2919,-0.022880511,-40668.45725542012,74.0,N_489
2024-05-11 23:33:24,71.46,16.96106,62.07276,263.94388,847.2919,-0.022109084,-40847.82310475134,74.0,N_489
2024-05-11 23:33:25,71.50847,16.955383,62.12871,263.8949,847.2919,-0.02284983,-41013.407985600796,74.0,N_489
2024-05-11 23:33:26,71.556885,16.949677,62.177673,263.84595,847.2919,-0.023217296,-41191.75206620504,74.0,N_489
2024-05-11 23:33:27,71.60525,16.943924,62.233624,263.804,847.2919,-0.023769874,-41376.113499448125,74.0,N_489
2024-05-11 23:33:28,71.65356,16.93814,62.289577,263.76202,847.2919,-0.023945391,-41564.66106028574,74.0,N_489
2024-05-11 23:33:29,71.701805,16.932312,62.34553,263.71307,847.2919,-0.024118906,-41751.827004841965,74.0,N_489
2024-05-11 23:33:30,71.75,16.926453,62.40148,263.67108,847.29,-0.023158344,-41934.97202094385,74.0,N_489
2024-05-11 23:33:31,71.798134,16.920563,62.457436,263.62213,847.29553,-0.023898868,-42106.522627021695,74.0,N_489
2024-05-11 23:33:32,71.84622,16.914642,62.506393,263.57318,847.29553,-0.023886606,-42292.07235662428,74.0,N_489
2024-05-11 23:33:33,71.89425,16.908676,62.562347,263.52423,847.2789,-0.023492202,-42492.34036442532,74.0,N_489
2024-05-11 23:33:34,71.94222,16.902664,62.625294,263.48227,847.26404,-0.023854896,-42682.944040669834,74.0,N_489
2024-05-11 23:33:35,71.990135,16.896637,62.681248,263.4333,847.30115,-0.024217924,-42870.5046585153,74.0,N_489
2024-05-11 23:33:36,72.037994,16.890564,62.7372,263.39133,847.4048,-0.02439437,-43061.63407832847,74.0,N_489
2024-05-11 23:33:37,72.0858,16.884445,62.79315,263.34238,847.4938,-0.023808949,-43232.301143926685,74.0,N_489
2024-05-11 23:33:38,72.13355,16.878296,62.842113,263.29343,847.5048,-0.022658762,-43406.49245035056,74.0,N_489
2024-05-11 23:33:39,72.18125,16.872116,62.898064,263.25143,847.48444,-0.021508574,-43578.09851484374,74.0,N_489
2024-05-11 23:33:40,72.22889,16.86589,62.954018,263.20248,847.4826,-0.021681786,-43751.39407803908,74.0,N_489
2024-05-11 23:33:41,72.276474,16.859634,63.00997,263.15353,847.4863,-0.015782705,-43894.829034262075,74.0,N_489
2024-05-11 23:33:42,72.324,16.853348,63.072918,263.11157,847.48816,-0.015766239,-44030.711915288965,74.0,N_489
2024-05-11 23:33:43,72.37147,16.847015,63.128872,263.06262,847.4863,-0.015933469,-44165.30204940629,74.0,N_489
2024-05-11 23:33:44,72.418884,16.840652,63.184826,263.01364,847.4863,-0.015345191,-44284.875636641096,74.0,N_489
2024-05-11 23:33:45,72.46625,16.834259,63.233784,262.9647,847.4863,-0.011140512,-44384.28407241462,74.0,N_489
2024-05-11 23:33:46,72.51355,16.82782,63.289734,262.91574,847.4863,-0.012266542,-44494.17570985379,74.0,N_489
2024-05-11 23:33:47,72.56081,16.82135,63.345688,262.86676,847.4863,-0.013392571,-44611.57685215169,74.0,N_489
2024-05-11 23:33:48,72.608,16.814835,63.40164,262.8178,847.4863,-0.012045912,-44719.91760941105,74.0,N_489
2024-05-11 23:33:49,72.655136,16.808289,63.457596,262.76886,847.4863,-0.010699254,-44810.078477691655,74.0,N_489
2024-05-11 23:33:50,72.70222,16.801712,63.506554,262.7269,847.4863,-0.009729646,-44899.326581407106,74.0,N_489
2024-05-11 23:33:51,72.749245,16.79509,63.562508,262.67792,847.4863,-0.008760037,-44986.74263416186,74.0,N_489
2024-05-11 23:33:52,72.79622,16.788437,63.618458,262.62198,847.4863,-0.0049333186,-45047.91969072947,74.0,N_489
2024-05-11 23:33:53,72.84314,16.781738,63.67441,262.57303,847.4863,-0.011589197,-45161.53025643274,74.0,N_489
2024-05-11 23:33:54,72.89,16.77501,63.73736,262.52405,847.4863,-0.009669812,-45256.7210406605,74.0,N_489
2024-05-11 23:33:55,72.936806,16.76825,63.793312,262.4751,847.4863,-0.0050639217,-45314.48258766802,74.0,N_489
2024-05-11 23:33:56,72.98355,16.761444,63.84227,262.42615,847.4863,-0.0134314615,-45428.88179746541,74.0,N_489
2024-05-11 23:33:57,73.03025,16.754608,63.898224,262.3772,847.4863,-0.014943288,-45556.30152096704,74.0,N_489
2024-05-11 23:33:58,73.07689,16.747742,63.954178,262.32822,847.4863,-0.020067066,-45717.9199493202,74.0,N_489
2024-05-11 23:33:59,73.123474,16.74083,64.01013,262.27927,847.49,-0.014912931,-45846.98701248808,74.0,N_489
2024-05-11 23:34:00,73.17,16.733887,64.066086,262.22333,847.48444,-0.00021745004,-45876.48917153881,74.0,N_489
2024-05-11 23:34:01,73.21795,16.727386,64.12203,262.17435,847.4715,-0.013533987,-45986.52254108673,74.0,N_489
2024-05-11 23:34:02,73.265785,16.720825,64.171,262.1184,847.4938,-0.0035840427,-46038.172613738934,74.0,N_489
2024-05-11 23:34:03,73.31352,16.714218,64.23394,262.06946,847.5715,0.0027307584,-46050.31033002921,74.0,N_489
2024-05-11 23:34:04,73.36115,16.70755,64.289894,262.02048,847.65857,-0.0010629037,-46084.829567102555,74.0,N_489
2024-05-11 23:34:05,73.408676,16.700836,64.34585,261.97153,847.69556,-0.008877541,-46172.591871081284,74.0,N_489
2024-05-11 23:34:06,73.4561,16.694061,64.4018,261.9156,847.68634,-0.0031224003,-46219.12672261695,74.0,N_489
2024-05-11 23:34:07,73.50341,16.68724,64.45076,261.8666,847.67706,-0.007312089,-46293.26702606954,74.0,N_489
2024-05-11 23:34:08,73.55062,16.680374,64.506714,261.81067,847.67896,0.0007347726,-46316.30639266134,74.0,N_489
2024-05-11 23:34:09,73.597725,16.673447,64.56267,261.7617,847.6826,0.0059044105,-46303.57760527462,74.0,N_489
2024-05-11 23:34:10,73.64472,16.666473,64.618614,261.70575,847.6826,0.0045866454,-46300.92123289651,74.0,N_489
2024-05-11 23:34:11,73.69161,16.65944,64.67457,261.6568,847.6807,0.0019369442,-46315.10334952502,74.0,N_489
2024-05-11 23:34:12,73.738396,16.652359,64.73052,261.60083,847.6807,0.000681475,-46338.363221507854,74.0,N_489
2024-05-11 23:34:13,73.78508,16.645233,64.786476,261.5449,847.6807,-0.0005739943,-46370.05069523565,74.0,N_489
2024-05-11 23:34:14,73.83166,16.638046,64.84243,261.49594,847.6807,-0.0018294635,-46409.73826425959,74.0,N_489
2024-05-11 23:34:15,73.87813,16.630798,64.898384,261.43997,847.6807,-0.0018124736,-46449.639214197436,74.0,N_489
2024-05-11 23:34:16,73.92449,16.623505,64.95434,261.39102,847.6807,-0.0033224055,-46499.403445512915,74.0,N_489
2024-05-11 23:34:17,73.97075,16.616165,65.010284,261.33505,847.6807,-0.003113421,-46548.29679966632,74.0,N_489
2024-05-11 23:34:18,74.0169,16.608765,65.06624,261.2791,847.6807,-0.002517886,-46593.13832072097,74.0,N_489
2024-05-11 23:34:19,74.06295,16.601318,65.12219,261.22314,847.6807,-0.0023050352,-46634.56942535011,74.0,N_489
2024-05-11 23:34:20,74.10889,16.593826,65.17115,261.1742,847.6807,-0.001840566,-46671.31612684262,74.0,N_489
2024-05-11 23:34:21,74.154724,16.586273,65.227104,261.11826,847.6807,-0.0013760969,-46708.374128723066,74.0,N_489
2024-05-11 23:34:22,74.200455,16.57866,65.28306,261.0623,847.6826,-0.0009116277,-46742.274563038896,74.0,N_489
2024-05-11 23:34:23,74.24608,16.571,65.33901,261.00635,847.6807,0.00025752035,-46768.43425417079,74.0,N_489
2024-05-11 23:34:24,74.2916,16.563293,65.38797,260.95038,847.67896,0.0014250774,-46783.60851235031,74.0,N_489
2024-05-11 23:34:25,74.33701,16.555527,65.443924,260.89444,847.6807,0.0002947453,-46809.30506241391,74.0,N_489
2024-05-11 23:34:26,74.382324,16.547714,65.49988,260.83847,847.6845,0.0022309266,-46821.910866498525,74.0,N_489
2024-05-11 23:34:27,74.42753,16.53984,65.55583,260.78253,847.68634,0.0024411925,-46834.82352546452,74.0,N_489
2024-05-11 23:34:28,74.472626,16.531921,65.60479,260.72656,847.6678,0.0045657144,-46828.753260356476,74.0,N_489
2024-05-11 23:34:29,74.51762,16.523956,65.66074,260.67062,847.66595,0.0047790436,-46824.12916127879,74.0,N_489
2024-05-11 23:34:30,74.5625,16.51593,65.71669,260.61465,847.7345,0.006327162,-46809.05267908676,74.0,N_489
2024-05-11 23:34:31,74.60728,16.507858,65.772644,260.55872,847.84375,0.0053942464,-46799.574110431844,74.0,N_489
2024-05-11 23:34:32,74.651955,16.499725,65.8286,260.49576,847.9012,0.0027350567,-46811.23210267126,74.0,N_489
2024-05-11 23:34:33,74.696526,16.491547,65.877556,260.43982,847.8956,0.007728714,-46783.81100818173,74.0,N_489
2024-05-11 23:34:34,74.74099,16.483307,65.93351,260.38385,847.87335,0.00928017,-46748.82638932705,74.0,N_489
2024-05-11 23:34:35,74.78535,16.475021,65.98946,260.3279,847.8715,0.0073892255,-46731.863015987954,74.0,N_489
2024-05-11 23:34:36,74.8296,16.466675,66.03842,260.27194,847.8771,0.007982113,-46701.745548899926,74.0,N_489
2024-05-11 23:34:37,74.87375,16.458282,66.094376,260.209,847.8771,0.009438388,-46665.0786035737,74.0,N_489
2024-05-11 23:34:38,74.917786,16.449844,66.15033,260.14606,847.87524,0.010894664,-46619.79844243952,74.0,N_489
2024-05-11 23:34:39,74.96172,16.441345,66.20628,260.09012,847.87524,0.015302486,-46544.29389414431,74.0,N_489
2024-05-11 23:34:40,75.005554,16.4328,66.26224,260.03415,847.87524,0.020638216,-46430.393618805596,74.0,N_489
2024-05-11 23:34:41,75.04928,16.424194,66.318184,259.97122,847.87524,0.018548068,-46333.64820995166,74.0,N_489
2024-05-11 23:34:42,75.0929,16.415543,66.37414,259.91525,847.87524,0.018242788,-46236.19008588868,74.0,N_489
2024-05-11 23:34:43,75.13641,16.406845,66.43009,259.8523,847.87524,0.0046888553,-46232.64351550878,74.0,N_489
2024-05-11 23:34:44,75.179825,16.398087,66.486046,259.79636,847.87524,0.0010649444,-46252.745961743574,74.0,N_489
2024-05-11 23:34:45,75.22313,16.389267,66.542,259.7334,847.87524,-0.005447267,-46310.369113448265,74.0,N_489
2024-05-11 23:34:46,75.26632,16.380402,66.58396,259.67047,847.87524,-0.014834518,-46432.1810592306,74.0,N_489
2024-05-11 23:34:47,75.30942,16.37149,66.639915,259.6145,847.87524,-0.010220506,-46529.359018734714,74.0,N_489
2024-05-11 23:34:48,75.3524,16.362518,66.69587,259.55157,847.87524,-0.005008347,-46590.852945209626,74.0,N_489
2024-05-11 23:34:49,75.39528,16.3535,66.75182,259.4956,847.87524,-0.004601334,-46649.58084580569,74.0,N_489
2024-05-11 23:34:50,75.43806,16.344437,66.80778,259.43265,847.87524,-0.0026576885,-46693.69453074562,74.0,N_489
2024-05-11 23:34:51,75.48073,16.335312,66.856735,259.36972,847.87524,-0.0037919465,-46744.54598918598,74.0,N_489
2024-05-11 23:34:52,75.52329,16.326126,66.91269,259.30676,847.87524,0.006792302,-46726.03232994987,74.0,N_489
2024-05-11 23:34:53,75.56575,16.316895,66.96864,259.24384,847.8771,-0.005478333,-46795.12506896179,74.0,N_489
2024-05-11 23:34:54,75.6081,16.307617,67.031586,259.18088,847.8771,-0.019277845,-46957.14233275042,74.0,N_489
2024-05-11 23:34:55,75.650345,16.298279,67.08754,259.11792,847.87524,-0.013871885,-47067.80758630292,74.0,N_489
2024-05-11 23:34:56,75.69249,16.288895,67.1365,259.06198,847.87524,-0.015498651,-47188.94721820671,74.0,N_489
2024-05-11 23:34:57,75.73453,16.27945,67.185455,258.99203,847.8771,-0.017125417,-47330.994143581476,74.0,N_489
2024-05-11 23:34:58,75.77646,16.269958,67.24141,258.92908,847.8808,-0.017092526,-47475.034474082175,74.0,N_489
2024-05-11 23:34:59,75.81828,16.260422,67.29736,258.86615,847.87524,-0.01523904,-47597.75164282248,74.0,N_489
2024-05-11 23:35:00,75.86,16.250824,67.34632,258.7962,847.8604,-0.013385555,-47714.190075949315,74.0,N_489
2024-05-11 23:35:01,75.90235,16.24199,67.402275,258.73325,847.8826,-0.026069697,-47919.09017960276,74.0,N_489
2024-05-11 23:35:02,75.94457,16.233078,67.45823,258.67032,847.9623,-0.04083545,-48195.346517385704,74.0,N_489
2024-05-11 23:35:03,75.986664,16.22409,67.50719,258.60736,848.0493,-0.021630466,-48367.11008441509,74.0,N_489
2024-05-11 23:35:04,76.028625,16.215012,67.56314,258.5444,848.08636,-0.018442776,-48519.97095701823,74.0,N_489
2024-05-11 23:35:05,76.07045,16.205872,67.619095,258.48148,848.07715,-0.015255087,-48652.99530785439,74.0,N_489
2024-05-11 23:35:06,76.11215,16.19664,67.67505,258.41153,848.066,-0.013504695,-48772.762405818474,74.0,N_489
2024-05-11 23:35:07,76.15372,16.187317,67.730995,258.34857,848.0697,-0.011754303,-48873.29797840219,74.0,N_489
2024-05-11 23:35:08,76.19515,16.177933,67.77995,258.27863,848.07153,-0.023851775,-49060.32637068679,74.0,N_489
2024-05-11 23:35:09,76.236465,16.168457,67.83591,258.2157,848.07153,-0.026713949,-49272.17259256789,74.0,N_489
2024-05-11 23:35:10,76.27764,16.158905,67.89186,258.14575,848.0697,-0.021792384,-49450.527122367756,74.0,N_489
2024-05-11 23:35:11,76.31869,16.149277,67.947815,258.0758,848.0697,-0.016870819,-49592.85525419281,74.0,N_489
2024-05-11 23:35:12,76.359604,16.139557,68.00377,258.01285,848.07153,-0.028375136,-49796.05685693976,74.0,N_489
2024-05-11 23:35:13,76.40038,16.12976,68.05273,257.9429,848.07153,-0.027012816,-50007.30713521297,74.0,N_489
2024-05-11 23:35:14,76.44104,16.119888,68.10868,257.873,848.0697,-0.019693475,-50170.87856395599,74.0,N_489
2024-05-11 23:35:15,76.48156,16.10994,68.164635,257.80304,848.0697,-0.0111820465,-50275.78844862849,74.0,N_489
2024-05-11 23:35:16,76.52196,16.0999,68.22059,257.7331,848.0697,-0.02002341,-50439.126320639014,74.0,N_489
2024-05-11 23:35:17,76.56222,16.089798,68.276535,257.67014,848.0697,-0.01585973,-50564.457033469786,74.0,N_489
2024-05-11 23:35:18,76.60235,16.079605,68.3255,257.60022,848.0697,-0.011696054,-50661.76343710693,74.0,N_489
2024-05-11 23:35:19,76.64235,16.06932,68.37446,257.53027,848.0697,-0.028819062,-50864.704838436985,74.0,N_489
2024-05-11 23:35:20,76.68222,16.058975,68.423416,257.46033,848.0697,-0.039651386,-51162.14485071374,74.0,N_489
2024-05-11 23:35:21,76.72196,16.048538,68.47937,257.39038,848.0697,-0.044132132,-51493.012314194144,74.0,N_489
2024-05-11 23:35:22,76.76157,16.038025,68.535324,257.32043,848.0697,-0.025490565,-51695.758891938196,74.0,N_489
2024-05-11 23:35:23,76.80105,16.027435,68.59127,257.2505,848.07153,-0.047342163,-52015.15221124639,74.0,N_489
2024-05-11 23:35:24,76.8404,16.016754,68.640236,257.18057,848.07153,-0.05400922,-52410.50164254472,74.0,N_489
2024-05-11 23:35:25,76.879616,16.006012,68.69618,257.11063,848.0697,-0.04839225,-52775.88718098667,74.0,N_489
2024-05-11 23:35:26,76.91871,15.995178,68.75214,257.0337,848.0697,-0.03304784,-53030.61785219607,74.0,N_489
2024-05-11 23:35:27,76.957664,15.984253,68.80809,256.96375,848.07153,-0.039343767,-53332.55880914352,74.0,N_489
2024-05-11 23:35:28,76.99649,15.973267,68.864044,256.8868,848.07153,-0.040638804,-53610.457927046766,74.0,N_489
2024-05-11 23:35:29,77.03519,15.962189,68.913,256.81686,848.0697,-0.044964842,-53911.466479263065,74.0,N_489
2024-05-11 23:35:30,77.073746,15.951035,68.96196,256.74692,848.0697,-0.03508549,-54156.343934659715,74.0,N_489
2024-05-11 23:35:31,77.11218,15.939804,69.01092,256.66998,848.07336,-0.052393433,-54577.73831163392,74.0,N_489
2024-05-11 23:35:32,77.15049,15.928482,69.07387,256.60004,848.0789,-0.041753612,-54898.46225092859,74.0,N_489
2024-05-11 23:35:33,77.18866,15.917084,69.12982,256.5231,848.0678,-0.05534633,-55273.01104592194,74.0,N_489
2024-05-11 23:35:34,77.22671,15.905609,69.17878,256.44617,848.0493,-0.06825484,-55716.452400595386,74.0,N_489
2024-05-11 23:35:35,77.26462,15.894058,69.22774,256.37622,848.0789,-0.070170775,-56228.53994061498,74.0,N_489
2024-05-11 23:35:36,77.3024,15.882431,69.28369,256.2993,848.1827,-0.071851104,-56755.337283454144,74.0,N_489
2024-05-11 23:35:37,77.34005,15.870712,69.339645,256.22235,848.27155,-0.07445326,-57299.92164235158,74.0,N_489
2024-05-11 23:35:38,77.37757,15.858917,69.3956,256.14542,848.2827,-0.07143375,-57773.77460538037,74.0,N_489
2024-05-11 23:35:39,77.41496,15.847046,69.44456,256.06848,848.2641,-0.06247886,-58188.7390599761,74.0,N_489
2024-05-11 23:35:40,77.452225,15.835083,69.493515,255.99156,848.26044,-0.06846404,-58640.812706845965,74.0,N_489
2024-05-11 23:35:41,77.48935,15.823044,69.54247,255.91463,848.266,-0.06957311,-59147.853274950714,74.0,N_489
2024-05-11 23:35:42,77.52635,15.810928,69.59843,255.83769,848.2679,-0.07281336,-59679.81486797576,74.0,N_489
2024-05-11 23:35:43,77.56322,15.798737,69.65438,255.76076,848.266,-0.074944586,-60174.16987177473,74.0,N_489
2024-05-11 23:35:44,77.59995,15.7864685,69.70334,255.68382,848.2641,-0.07511815,-60718.82752790731,74.0,N_489
2024-05-11 23:35:45,77.63656,15.774109,69.75929,255.60689,848.266,-0.07721512,-61289.73277757533,74.0,N_489
2024-05-11 23:35:46,77.673035,15.761673,69.81525,255.52295,848.266,-0.07931209,-61866.10127244581,74.0,N_489
2024-05-11 23:35:47,77.70938,15.749161,69.8712,255.44601,848.266,-0.074271426,-62355.10083790698,74.0,N_489
2024-05-11 23:35:48,77.7456,15.736557,69.92016,255.36908,848.266,-0.069230765,-62818.91987601211,74.0,N_489
2024-05-11 23:35:49,77.781685,15.723892,69.96912,255.28516,848.266,-0.067344606,-63309.18564306012,74.0,N_489
2024-05-11 23:35:50,77.817635,15.711136,70.02507,255.20822,848.266,-0.066754304,-63805.11628459605,74.0,N_489
2024-05-11 23:35:51,77.85346,15.698288,70.08102,255.12428,848.266,-0.072937325,-64336.166713801795,74.0,N_489
2024-05-11 23:35:52,77.88915,15.685379,70.13697,255.04735,848.266,-0.07366515,-64829.49396279981,74.0,N_489
2024-05-11 23:35:53,77.92471,15.672379,70.18593,254.96342,848.266,-0.06914026,-65282.925936225816,74.0,N_489
2024-05-11 23:35:54,77.96015,15.659302,70.23489,254.88649,848.266,-0.06782625,-65736.0777174771,74.0,N_489
2024-05-11 23:35:55,77.99545,15.646149,70.28385,254.80257,848.266,-0.067624375,-66234.6598102822,74.0,N_489
2024-05-11 23:35:56,78.030624,15.632904,70.339806,254.71863,848.266,-0.0601214,-66641.88875931877,74.0,N_489
2024-05-11 23:35:57,78.06566,15.619598,70.38876,254.6347,848.266,-0.0597359,-67084.80425225834,74.0,N_489
2024-05-11 23:35:58,78.10057,15.606201,70.44472,254.55077,848.266,-0.05636277,-67506.55364114992,74.0,N_489
2024-05-11 23:35:59,78.13535,15.592712,70.50066,254.46684,848.266,-0.055959288,-67925.28298833813,74.0,N_489
2024-05-11 23:36:00,78.17,15.579163,70.55662,254.38292,848.266,-0.05148569,-68277.1213184183,74.0,N_489
2024-05-11 23:36:01,78.20771,15.565628,70.605576,254.29898,848.266,-0.04675705,-68596.3477224211,74.0,N_489
2024-05-11 23:36:02,78.245186,15.552017,70.65454,254.21506,848.266,-0.041457243,-68887.51472338976,74.0,N_489
2024-05-11 23:36:03,78.282425,15.538315,70.7035,254.12413,848.266,-0.045047097,-69227.18908329013,74.0,N_489
2024-05-11 23:36:04,78.31942,15.524536,70.75945,254.0402,848.266,-0.04106907,-69541.0968204778,74.0,N_489
2024-05-11 23:36:05,78.35618,15.510681,70.8154,253.95627,848.266,-0.047074147,-69896.63690987273,74.0,N_489
2024-05-11 23:36:06,78.3927,15.496719,70.87135,253.87234,848.266,-0.05190842,-70249.74724531932,74.0,N_489
2024-05-11 23:36:07,78.42898,15.482697,70.92031,253.7884,848.2641,-0.043582514,-70553.44115693426,74.0,N_489
2024-05-11 23:36:08,78.46502,15.468582,70.96928,253.6975,848.2641,-0.04260715,-70880.12307489617,74.0,N_489
2024-05-11 23:36:09,78.500824,15.454376,71.02522,253.60657,848.2679,-0.039796192,-71189.4496102072,74.0,N_489
2024-05-11 23:36:10,78.536385,15.440094,71.08118,253.51564,848.2697,-0.028471755,-71399.30284401948,74.0,N_489
2024-05-11 23:36:11,78.57171,15.42572,71.130135,253.42471,848.25116,-0.028657878,-71603.9082288018,74.0,N_489
2024-05-11 23:36:12,78.6068,15.41127,71.17909,253.34079,848.2364,-0.027108653,-71801.60941436916,74.0,N_489
2024-05-11 23:36:13,78.64165,15.396744,71.22806,253.24986,848.27527,-0.02265122,-71986.74211016907,74.0,N_489
2024-05-11 23:36:14,78.676254,15.382126,71.284004,253.15894,848.379,-0.018193787,-72143.03486507834,74.0,N_489
2024-05-11 23:36:15,78.710625,15.367416,71.33996,253.06802,848.466,-0.019717932,-72296.49756007601,74.0,N_489
2024-05-11 23:36:16,78.74475,15.352631,71.388916,252.9771,848.4771,-0.0260624,-72487.50442456425,74.0,N_489
2024-05-11 23:36:17,78.77864,15.337769,71.43788,252.88617,848.4586,-0.022580612,-72671.67628088637,74.0,N_489
2024-05-11 23:36:18,78.812294,15.322815,71.49383,252.79524,848.45496,-0.021049688,-72833.2511803111,74.0,N_489
2024-05-11 23:36:19,78.84571,15.30777,71.54279,252.70433,848.46045,-0.019280473,-72983.32711433238,74.0,N_489
2024-05-11 23:36:20,78.87888,15.292648,71.59175,252.60641,848.46045,-0.019460777,-73132.49210749588,74.0,N_489
2024-05-11 23:36:21,78.91182,15.277451,71.64071,252.51549,848.46045,-0.013621527,-73254.96298802283,74.0,N_489
2024-05-11 23:36:22,78.94452,15.262161,71.69666,252.41757,848.4586,-0.008161889,-73340.67947131816,74.0,N_489
2024-05-11 23:36:23,78.976974,15.246796,71.75262,252.32664,848.46045,-0.0044567394,-73397.35124466756,74.0,N_489
2024-05-11 23:36:24,79.00919,15.2313385,71.801575,252.22873,848.46045,-0.006971366,-73468.06914651436,74.0,N_489
2024-05-11 23:36:25,79.041176,15.21579,71.85053,252.13081,848.46045,-0.009474132,-73553.65347079984,74.0,N_489
2024-05-11 23:36:26,79.07292,15.200165,71.89949,252.03989,848.46045,-0.009073622,-73643.37143040316,74.0,N_489
2024-05-11 23:36:27,79.10442,15.1844635,71.955444,251.94197,848.46045,-0.007891787,-73727.77476479215,74.0,N_489
2024-05-11 23:36:28,79.13568,15.168671,72.0114,251.84406,848.46045,-0.0053485227,-73790.44536840638,74.0,N_489
2024-05-11 23:36:29,79.16671,15.1528015,72.060356,251.74612,848.46045,-0.0037810018,-73840.38952605,74.0,N_489
2024-05-11 23:36:30,79.197495,15.136841,72.109314,251.64821,848.46045,-0.0024111865,-73881.50653452752,74.0,N_489
2024-05-11 23:36:31,79.22804,15.120804,72.15827,251.5503,848.46045,-0.0018123772,-73918.98157766144,74.0,N_489
2024-05-11 23:36:32,79.258354,15.104675,72.20723,251.44539,848.46045,-0.0014006528,-73955.03074716826,74.0,N_489
2024-05-11 23:36:33,79.28842,15.08847,72.26318,251.34747,848.46045,-0.0011831018,-73990.7763591574,74.0,N_489
2024-05-11 23:36:34,79.31825,15.072174,72.31214,251.24954,848.46045,0.0009843456,-74010.03404933412,74.0,N_489
2024-05-11 23:36:35,79.34784,15.055801,72.3611,251.15163,848.46045,0.0020643072,-74022.11079480677,74.0,N_489
2024-05-11 23:36:36,79.3772,15.039337,72.41006,251.04672,848.46045,0.003144269,-74028.05914052526,74.0,N_489
2024-05-11 23:36:37,79.40631,15.022797,72.45902,250.9488,848.46045,0.0016148132,-74041.9505186231,74.0,N_489
2024-05-11 23:36:38,79.43518,15.006165,72.51497,250.84389,848.46045,0.004538473,-74037.97430510019,74.0,N_489
2024-05-11 23:36:39,79.46382,14.989456,72.57092,250.73898,848.46045,0.0031846547,-74045.8138449133,74.0,N_489
2024-05-11 23:36:40,79.49222,14.972656,72.61988,250.63406,848.46045,0.0037819908,-74047.18782844757,74.0,N_489
2024-05-11 23:36:41,79.52038,14.95578,72.66884,250.52916,848.46045,0.004379327,-74045.21083111566,74.0,N_489
2024-05-11 23:36:42,79.548294,14.938812,72.717804,250.43124,848.46045,0.004973531,-74038.3268912516,74.0,N_489
2024-05-11 23:36:43,79.57597,14.921768,72.76676,250.32632,848.46045,0.002249783,-74049.30297187492,74.0,N_489
2024-05-11 23:36:44,79.60342,14.904633,72.81572,250.21442,848.46045,0.0026586312,-74056.64110512646,74.0,N_489
2024-05-11 23:36:45,79.63062,14.887421,72.87167,250.10951,848.4586,0.0011385886,-74076.70749434127,74.0,N_489
2024-05-11 23:36:46,79.657585,14.870132,72.92763,249.9976,848.4586,0.002911555,-74086.7195560959,74.0,N_489
2024-05-11 23:36:47,79.68431,14.852753,72.976585,249.89268,848.46234,0.001766331,-74101.02385430828,74.0,N_489
2024-05-11 23:36:48,79.71079,14.835281,73.02554,249.78778,848.46234,0.0027602052,-74108.56051791922,74.0,N_489
2024-05-11 23:36:49,79.737045,14.817734,73.0745,249.67587,848.4494,0.0031691878,-74114.31233350141,74.0,N_489
2024-05-11 23:36:50,79.763054,14.800095,73.12346,249.57097,848.4475,0.003187894,-74119.01614116417,74.0,N_489
2024-05-11 23:36:51,79.78882,14.782379,73.17242,249.45906,848.50116,0.0032066002,-74124.107672126,74.0,N_489
2024-05-11 23:36:52,79.814354,14.764587,73.221375,249.34715,848.5919,0.0038096954,-74125.23910455596,74.0,N_489
2024-05-11 23:36:53,79.839645,14.746704,73.27033,249.23524,848.6605,0.0036812816,-74127.19797166146,74.0,N_489
2024-05-11 23:36:54,79.86469,14.728729,73.3193,249.12334,848.66785,0.003552868,-74129.99051939261,74.0,N_489
2024-05-11 23:36:55,79.88951,14.710678,73.368256,249.01143,848.6531,0.0034244545,-74131.32643507334,74.0,N_489
2024-05-11 23:36:56,79.914085,14.692551,73.42421,248.89952,848.65125,0.0032960407,-74135.71996740272,74.0,N_489
2024-05-11 23:36:57,79.93842,14.674332,73.480156,248.78062,848.6549,0.0044941516,-74135.36745294352,74.0,N_489
2024-05-11 23:36:58,79.96252,14.656021,73.52912,248.66872,848.6549,0.004898911,-74129.34688549838,74.0,N_489
2024-05-11 23:36:59,79.986374,14.637634,73.57808,248.55681,848.6549,0.0049467883,-74122.40310095539,74.0,N_489
2024-05-11 23:37:00,80.009995,14.619171,73.62704,248.43791,848.6549,0.0053451057,-74113.33832643314,74.0,N_489
2024-05-11 23:37:01,80.034935,14.59877,73.675995,248.31902,848.6549,-0.0033816304,-74161.5865143525,74.0,N_489
2024-05-11 23:37:02,80.05958,14.578339,73.72495,248.2071,848.6549,0.018770715,-74063.28207540716,74.0,N_489
2024-05-11 23:37:03,80.08393,14.557907,73.77391,248.08821,848.6549,0.014733226,-73992.23271935919,74.0,N_489
2024-05-11 23:37:04,80.107994,14.53743,73.82287,247.96931,848.6549,0.009122681,-73958.24460191064,74.0,N_489
2024-05-11 23:37:05,80.13177,14.5169525,73.871826,247.8504,848.6549,0.009926595,-73918.97647784936,74.0,N_489
2024-05-11 23:37:06,80.15524,14.496445,73.92079,247.7315,848.6549,0.0045561735,-73915.10161345892,74.0,N_489
2024-05-11 23:37:07,80.17844,14.475922,73.96975,247.61261,848.6549,0.0036321864,-73916.85025807332,74.0,N_489
2024-05-11 23:37:08,80.20133,14.455368,74.01871,247.48671,848.6549,0.003649273,-73919.4354799602,74.0,N_489
2024-05-11 23:37:09,80.22393,14.434799,74.067665,247.36781,848.6549,-0.0010107239,-73952.209554319,74.0,N_489
2024-05-11 23:37:10,80.24625,14.4142,74.11662,247.24193,848.6549,-0.0056707207,-74016.58814058368,74.0,N_489
2024-05-11 23:37:11,80.268265,14.393585,74.16558,247.11603,848.6549,-0.0052770292,-74077.63354145111,74.0,N_489
2024-05-11 23:37:12,80.28999,14.372955,74.21454,246.99713,848.6549,-0.0048833373,-74136.10370667731,74.0,N_489
2024-05-11 23:37:13,80.31143,14.352295,74.263504,246.87123,848.6549,0.011480678,-74086.02857094895,74.0,N_489
2024-05-11 23:37:14,80.33258,14.331619,74.31246,246.74535,848.6549,0.028583165,-73922.18432118229,74.0,N_489
2024-05-11 23:37:15,80.35343,14.310928,74.36142,246.61945,848.6549,0.039649535,-73680.09888802675,74.0,N_489
2024-05-11 23:37:16,80.37399,14.290207,74.41038,246.48656,848.6549,0.03267076,-73468.5004743626,74.0,N_489
2024-05-11 23:37:17,80.394264,14.26947,74.46633,246.36066,848.6549,0.032509644,-73301.89243039042,74.0,N_489
2024-05-11 23:37:18,80.414246,14.248718,74.50829,246.23477,848.6549,0.028493598,-73136.81469824459,74.0,N_489
2024-05-11 23:37:19,80.43394,14.227936,74.55725,246.10887,848.6549,0.028984945,-72985.42222780827,74.0,N_489
2024-05-11 23:37:20,80.45333,14.207123,74.59922,245.97598,848.6549,0.029476294,-72814.64872736014,74.0,N_489
2024-05-11 23:37:21,80.472435,14.18631,74.64818,245.8501,848.6549,0.028169336,-72651.23001080303,74.0,N_489
2024-05-11 23:37:22,80.49125,14.165466,74.697136,245.71721,848.6549,0.026068408,-72502.60412598564,74.0,N_489
2024-05-11 23:37:23,80.509766,14.144592,74.74609,245.58432,848.6549,0.029358486,-72328.48071294933,74.0,N_489
2024-05-11 23:37:24,80.528,14.123703,74.79505,245.44444,848.6549,0.02995627,-72154.58243996894,74.0,N_489
2024-05-11 23:37:25,80.54594,14.102798,74.84401,245.31155,848.6549,0.03281249,-71961.20991855273,74.0,N_489
2024-05-11 23:37:26,80.56358,14.081879,74.89297,245.17867,848.6549,0.03686921,-71740.85465078753,74.0,N_489
2024-05-11 23:37:27,80.58093,14.060928,74.94193,245.04578,848.6531,0.034877267,-71529.91673790698,74.0,N_489
2024-05-11 23:37:28,80.598,14.0399475,74.99089,244.90588,848.6531,0.032885324,-71337.13826494745,74.0,N_489
2024-05-11 23:37:29,80.61477,14.018967,75.03985,244.773,848.6586,0.030999854,-71171.91271932209,74.0,N_489
2024-05-11 23:37:30,80.63125,13.997955,75.08181,244.63312,848.6586,0.03540164,-70977.83004900691,74.0,N_489
2024-05-11 23:37:31,80.64743,13.976913,75.12378,244.49324,848.64014,0.03389228,-70772.5422043972,74.0,N_489
2024-05-11 23:37:32,80.66333,13.955856,75.17274,244.35335,848.6253,0.03526072,-70537.85050452243,74.0,N_489
2024-05-11 23:37:33,80.67893,13.934784,75.22869,244.21347,848.6642,0.03375756,-70338.65530905561,74.0,N_489
2024-05-11 23:37:34,80.694244,13.913681,75.27765,244.0736,848.7679,0.034921188,-70125.32809102407,74.0,N_489
2024-05-11 23:37:35,80.70927,13.892563,75.32661,243.92671,848.8568,0.0376136,-69921.84844712663,74.0,N_489
2024-05-11 23:37:36,80.724,13.871429,75.36857,243.78683,848.8661,0.031129664,-69751.41182021171,74.0,N_489
2024-05-11 23:37:37,80.738434,13.8502655,75.41054,243.63995,848.8475,0.03651403,-69530.26714954515,74.0,N_489
2024-05-11 23:37:38,80.75258,13.829086,75.459496,243.50008,848.8438,0.03501833,-69317.16563117811,74.0,N_489
2024-05-11 23:37:39,80.76643,13.807892,75.50845,243.3532,848.84937,0.033507813,-69115.12960725531,74.0,N_489
2024-05-11 23:37:40,80.78,13.786667,75.55741,243.20631,848.85126,0.03162359,-68945.39200333964,74.0,N_489
2024-05-11 23:37:41,80.79327,13.765427,75.59937,243.05945,848.84937,0.03720106,-68716.26106070742,74.0,N_489
2024-05-11 23:37:42,80.806244,13.744156,75.64834,242.91257,848.84937,0.034727853,-68502.50198736951,74.0,N_489
2024-05-11 23:37:43,80.81893,13.72287,75.697296,242.7587,848.84937,0.03285017,-68326.33394725843,74.0,N_489
2024-05-11 23:37:44,80.83133,13.701553,75.73926,242.61182,848.84937,0.028856166,-68168.6043119923,74.0,N_489
2024-05-11 23:37:45,80.84344,13.680237,75.78122,242.45795,848.84937,0.034796104,-67953.25096173969,74.0,N_489
2024-05-11 23:37:46,80.85525,13.6588745,75.830185,242.30408,848.84937,0.035674684,-67734.40809628976,74.0,N_489
2024-05-11 23:37:47,80.86677,13.637512,75.87914,242.1502,848.84937,0.036553267,-67509.77313365924,74.0,N_489
2024-05-11 23:37:48,80.878,13.616119,75.9281,241.99634,848.84937,0.039404698,-67289.53202213498,74.0,N_489
2024-05-11 23:37:49,80.88893,13.594711,75.97006,241.84247,848.84937,0.040548302,-67030.96954357496,74.0,N_489
2024-05-11 23:37:50,80.89958,13.573273,76.01902,241.6816,848.84937,0.037337102,-66802.21571311583,74.0,N_489
2024-05-11 23:37:51,80.909935,13.551819,76.06798,241.52773,848.84937,0.03754185,-66571.79873741651,74.0,N_489
2024-05-11 23:37:52,80.92,13.530334,76.11694,241.37386,848.84937,0.03583836,-66370.55743513387,74.0,N_489
2024-05-11 23:37:53,80.92977,13.50885,76.158905,241.213,848.84937,0.034143284,-66178.6059685213,74.0,N_489
2024-05-11 23:37:54,80.93925,13.48732,76.20087,241.05214,848.84937,0.03799194,-65939.80723942496,74.0,N_489
2024-05-11 23:37:55,80.94843,13.46579,76.24983,240.89127,848.84937,0.039941546,-65713.90653680958,74.0,N_489
2024-05-11 23:37:56,80.95733,13.444229,76.291794,240.73041,848.84937,0.035603065,-65509.039735151644,74.0,N_489
2024-05-11 23:37:57,80.965935,13.422638,76.333755,240.56255,848.84937,0.040742796,-65276.91082626571,74.0,N_489
2024-05-11 23:37:58,80.97425,13.401047,76.375725,240.40167,848.84937,0.037553765,-65014.572347467954,74.0,N_489
2024-05-11 23:37:59,80.98227,13.379425,76.43168,240.23383,848.84937,0.033945788,-64806.187789334384,74.0,N_489
2024-05-11 23:38:00,80.99,13.357773,76.48064,240.06596,848.84937,0.032257315,-64626.7415217801,74.0,N_489
2024-05-11 23:38:01,80.99694,13.334122,76.5226,239.8981,848.84937,0.03395581,-64434.47352616253,74.0,N_489
2024-05-11 23:38:02,81.00362,13.310516,76.56456,239.73024,848.84937,0.039582565,-64206.485397749355,74.0,N_489
2024-05-11 23:38:03,81.01001,13.286957,76.60653,239.5624,848.84937,0.045209326,-63910.96391602725,74.0,N_489
2024-05-11 23:38:04,81.01613,13.263443,76.65549,239.38753,848.84937,0.040139478,-63682.80251447478,74.0,N_489
2024-05-11 23:38:05,81.02198,13.239975,76.69745,239.21968,848.84937,0.040172674,-63452.039259793164,74.0,N_489
2024-05-11 23:38:06,81.02755,13.216568,76.73942,239.05182,848.84937,0.04245636,-63177.091445093945,74.0,N_489
2024-05-11 23:38:07,81.032845,13.193192,76.788376,238.87697,848.84937,0.037887342,-62959.57696449393,74.0,N_489
2024-05-11 23:38:08,81.037865,13.169861,76.83034,238.7021,848.84937,0.040968213,-62715.264887000645,74.0,N_489
2024-05-11 23:38:09,81.04261,13.146576,76.87231,238.52026,848.8475,0.03907049,-62489.11058910421,74.0,N_489
2024-05-11 23:38:10,81.04708,13.123352,76.91427,238.34541,848.8475,0.040602684,-62224.47242458682,74.0,N_489
2024-05-11 23:38:11,81.05128,13.100159,76.96323,238.16356,848.8531,0.040244468,-61993.57456761422,74.0,N_489
2024-05-11 23:38:12,81.0552,13.077011,77.005196,237.98871,848.8568,0.044793244,-61725.81009426307,74.0,N_489
2024-05-11 23:38:13,81.058846,13.053925,77.04716,237.80687,848.8475,0.043663938,-61466.30096536099,74.0,N_489
2024-05-11 23:38:14,81.06222,13.030869,77.08912,237.62502,848.8272,0.04198307,-61193.70596255259,74.0,N_489
2024-05-11 23:38:15,81.06531,13.007874,77.138084,237.44318,848.8568,0.04144337,-60946.548129744726,74.0,N_489
2024-05-11 23:38:16,81.06813,12.984909,77.180046,237.25433,848.9605,0.04145696,-60703.101891399725,74.0,N_489
2024-05-11 23:38:17,81.07068,12.962006,77.22201,237.07248,849.0513,0.04013916,-60463.21689615042,74.0,N_489
2024-05-11 23:38:18,81.072945,12.939133,77.26398,236.88364,849.0624,0.04034973,-60249.456757917884,74.0,N_489
2024-05-11 23:38:19,81.07494,12.916321,77.29894,236.7018,849.042,0.04037122,-60006.658316828005,74.0,N_489
2024-05-11 23:38:20,81.07667,12.893539,77.34091,236.51295,849.0383,0.03983261,-59742.95552975683,74.0,N_489
2024-05-11 23:38:21,81.07811,12.870819,77.38987,236.31712,849.0438,0.041598763,-59498.035532132366,74.0,N_489
2024-05-11 23:38:22,81.079285,12.848145,77.43183,236.12828,849.0457,0.04087235,-59227.55937393516,74.0,N_489
2024-05-11 23:38:23,81.08018,12.8255005,77.48079,235.93243,849.0438,0.04162216,-59000.11087562757,74.0,N_489
2024-05-11 23:38:24,81.080795,12.8029175,77.51576,235.7366,849.0438,0.04146354,-58748.207858877664,74.0,N_489
2024-05-11 23:38:25,81.08115,12.78038,77.55773,235.54077,849.0438,0.04130005,-58499.84465042198,74.0,N_489
2024-05-11 23:38:26,81.081215,12.757889,77.59969,235.34494,849.0438,0.04113656,-58252.95192554208,74.0,N_489
2024-05-11 23:38:27,81.08101,12.735428,77.641655,235.1491,849.0438,0.043813054,-57983.52365553387,74.0,N_489
2024-05-11 23:38:28,81.08053,12.713028,77.683624,234.94627,849.0438,0.042509414,-57704.44300357891,74.0,N_489
2024-05-11 23:38:29,81.07978,12.690674,77.73258,234.75044,849.0438,0.043097153,-57442.79637135021,74.0,N_489
2024-05-11 23:38:30,81.07875,12.6683655,77.77454,234.5476,849.0438,0.042924836,-57203.544080408115,74.0,N_489
2024-05-11 23:38:31,81.077446,12.646103,77.80952,234.34477,849.0438,0.042394046,-56943.95181654045,74.0,N_489
2024-05-11 23:38:32,81.07587,12.623886,77.85148,234.14195,849.0438,0.043175574,-56704.02827996643,74.0,N_489
2024-05-11 23:38:33,81.07401,12.601715,77.88645,233.93912,849.0438,0.04298701,-56436.22635939313,74.0,N_489
2024-05-11 23:38:34,81.071884,12.57959,77.92841,233.7293,849.0438,0.0435574,-56167.43280714073,74.0,N_489
2024-05-11 23:38:35,81.06947,12.55751,77.97038,233.51947,849.0438,0.043004416,-55902.86997865788,74.0,N_489
2024-05-11 23:38:36,81.066795,12.535477,78.012344,233.30965,849.0438,0.042090736,-55644.90313433505,74.0,N_489
2024-05-11 23:38:37,81.06384,12.513489,78.05431,233.09982,849.0438,0.043230772,-55396.598443828625,74.0,N_489
2024-05-11 23:38:38,81.060616,12.491547,78.08928,232.88301,849.0438,0.043432415,-55123.927291515254,74.0,N_489
2024-05-11 23:38:39,81.05711,12.46965,78.13125,232.66618,849.0438,0.042324055,-54888.10613633778,74.0,N_489
2024-05-11 23:38:40,81.05333,12.4478,78.166214,232.45636,849.0438,0.041595332,-54628.38999804933,74.0,N_489
2024-05-11 23:38:41,81.04928,12.42601,78.20818,232.23955,849.0438,0.041991994,-54368.833699647446,74.0,N_489
2024-05-11 23:38:42,81.044945,12.404251,78.250145,232.02274,849.0438,0.04370627,-54093.011997603004,74.0,N_489
2024-05-11 23:38:43,81.040344,12.382538,78.29211,231.79892,849.0438,0.044104874,-53820.49868699972,74.0,N_489
2024-05-11 23:38:44,81.03546,12.36087,78.334076,231.5821,849.0438,0.043172188,-53549.36643569997,74.0,N_489
2024-05-11 23:38:45,81.03031,12.339264,78.37604,231.35829,849.0438,0.04205695,-53308.12488172196,74.0,N_489
2024-05-11 23:38:46,81.02488,12.317688,78.41101,231.13448,849.0438,0.043020442,-53037.58808470169,74.0,N_489
2024-05-11 23:38:47,81.01918,12.296158,78.45297,230.91066,849.0438,0.042849958,-52792.284147546,74.0,N_489
2024-05-11 23:38:48,81.0132,12.274689,78.487946,230.68686,849.0438,0.042490937,-52521.433885421895,74.0,N_489
2024-05-11 23:38:49,81.00694,12.25325,78.52991,230.45605,849.0438,0.042531926,-52274.36969937034,74.0,N_489
2024-05-11 23:38:50,81.00041,12.231873,78.56488,230.22525,849.0438,0.04123279,-52013.65066821828,74.0,N_489
2024-05-11 23:38:51,80.993614,12.2105255,78.60684,229.99443,849.042,0.039711274,-51803.23892828508,74.0,N_489
2024-05-11 23:38:52,80.986534,12.1892395,78.63482,229.76363,849.042,0.039348047,-51554.56440593103,74.0,N_489
2024-05-11 23:38:53,80.97918,12.167984,78.67679,229.53282,849.0438,0.03955892,-51323.60151572429,74.0,N_489
2024-05-11 23:38:54,80.97155,12.14679,78.711754,229.29503,849.0494,0.03958038,-51067.46907898886,74.0,N_489
2024-05-11 23:38:55,80.963646,12.125626,78.75372,229.05023,849.042,0.03886227,-50842.94112043931,74.0,N_489
2024-05-11 23:38:56,80.95547,12.104523,78.78869,228.81244,849.0235,0.03718012,-50608.93519559492,74.0,N_489
2024-05-11 23:38:57,80.947014,12.083466,78.83066,228.57463,849.0513,0.037974086,-50402.31607617742,74.0,N_489
2024-05-11 23:38:58,80.93828,12.062454,78.858635,228.32983,849.15314,0.03663988,-50189.93671629109,74.0,N_489
2024-05-11 23:38:59,80.929276,12.041473,78.8936,228.09204,849.24567,0.036658388,-49956.59148865224,74.0,N_489
2024-05-11 23:39:00,80.92,12.020554,78.93557,227.84724,849.26605,0.035899155,-49744.63526237634,74.0,N_489
2024-05-11 23:39:01,80.90799,11.998566,78.970535,227.59546,849.24567,0.03574288,-49537.19704059903,74.0,N_489
2024-05-11 23:39:02,80.89578,11.976669,79.00551,227.35066,849.2327,0.0355866,-49326.44931173079,74.0,N_489
2024-05-11 23:39:03,80.883385,11.954849,79.04048,227.09888,849.23645,0.035430323,-49117.65039130945,74.0,N_489
2024-05-11 23:39:04,80.8708,11.933121,79.07545,226.84709,849.2401,0.03428194,-48900.05458119899,74.0,N_489
2024-05-11 23:39:05,80.85802,11.9114685,79.11742,226.59529,849.23834,0.03390547,-48703.83120379989,74.0,N_489
2024-05-11 23:39:06,80.84505,11.889893,79.15239,226.3435,849.23834,0.033926655,-48502.21600013918,74.0,N_489
2024-05-11 23:39:07,80.83189,11.868408,79.187355,226.08473,849.23834,0.03493311,-48309.528970464016,74.0,N_489
2024-05-11 23:39:08,80.818535,11.847015,79.21533,225.82594,849.23834,0.034761816,-48101.93484319003,74.0,N_489
2024-05-11 23:39:09,80.804985,11.825699,79.250305,225.56717,849.23834,0.034590524,-47897.50863303938,74.0,N_489
2024-05-11 23:39:10,80.79125,11.804474,79.28527,225.30838,849.23834,0.034037378,-47697.15696228067,74.0,N_489
2024-05-11 23:39:11,80.77732,11.783325,79.320244,225.0496,849.23834,0.033873618,-47494.31668808007,74.0,N_489
2024-05-11 23:39:12,80.7632,11.762253,79.35522,224.78383,849.23834,0.033690777,-47293.617016300304,74.0,N_489
2024-05-11 23:39:13,80.748886,11.741272,79.39018,224.51805,849.23834,0.032371093,-47115.79493301791,74.0,N_489
2024-05-11 23:39:14,80.73438,11.720383,79.41816,224.25227,849.23834,0.031250942,-46926.97846837885,74.0,N_489
2024-05-11 23:39:15,80.71969,11.69957,79.45313,223.9795,849.23834,0.031880427,-46736.27305577857,74.0,N_489
2024-05-11 23:39:16,80.704796,11.678833,79.488106,223.70673,849.23834,0.031805664,-46559.71161163412,74.0,N_489
2024-05-11 23:39:17,80.68972,11.658188,79.51608,223.43396,849.23834,0.0317309,-46369.25875616385,74.0,N_489
2024-05-11 23:39:18,80.674446,11.637634,79.55105,223.1612,849.23834,0.031172894,-46184.44338616679,74.0,N_489
2024-05-11 23:39:19,80.65899,11.617157,79.58602,222.88841,849.23834,0.030432034,-46005.019198073576,74.0,N_489
2024-05-11 23:39:20,80.64333,11.596756,79.620995,222.61565,849.23834,0.031033775,-45831.13476684911,74.0,N_489
2024-05-11 23:39:21,80.62749,11.576447,79.64897,222.33588,849.23834,0.031635515,-45648.88220773077,74.0,N_489
2024-05-11 23:39:22,80.61145,11.556229,79.67694,222.04912,849.23834,0.030522658,-45465.83564357838,74.0,N_489
2024-05-11 23:39:23,80.59522,11.536087,79.711914,221.76936,849.23834,0.031897187,-45274.774967828635,74.0,N_489
2024-05-11 23:39:24,80.5788,11.516022,79.74689,221.4896,849.23834,0.03182097,-45094.00506287055,74.0,N_489
2024-05-11 23:39:25,80.56219,11.496048,79.774864,221.20284,849.23834,0.031744756,-44909.3012699909,74.0,N_489
2024-05-11 23:39:26,80.54538,11.476166,79.80284,220.90909,849.23834,0.03177532,-44729.096291609996,74.0,N_489
2024-05-11 23:39:27,80.52839,11.45636,79.83082,220.62233,849.23834,0.03142169,-44538.17672156096,74.0,N_489
2024-05-11 23:39:28,80.5112,11.43663,79.86578,220.33557,849.23834,0.030662134,-44363.1470730186,74.0,N_489
2024-05-11 23:39:29,80.49382,11.416992,79.89376,220.04181,849.23834,0.030878294,-44186.18947545593,74.0,N_489
2024-05-11 23:39:30,80.47625,11.39743,79.92174,219.74806,849.23834,0.0307016,-44010.74668672405,74.0,N_489
2024-05-11 23:39:31,80.45849,11.37796,79.949715,219.45432,849.23834,0.030717028,-43819.5900787944,74.0,N_489
2024-05-11 23:39:32,80.44054,11.358582,79.98469,219.15356,849.23834,0.030728953,-43642.876951077196,74.0,N_489
2024-05-11 23:39:33,80.422386,11.339279,80.012665,218.85281,849.23834,0.031038463,-43463.18848975333,74.0,N_489
2024-05-11 23:39:34,80.40405,11.320053,80.04064,218.55206,849.23834,0.031347975,-43281.85302211497,74.0,N_489
2024-05-11 23:39:35,80.38552,11.300919,80.06861,218.25133,849.23834,0.030793073,-43100.85807982654,74.0,N_489
2024-05-11 23:39:36,80.3668,11.28186,80.09659,217.94357,849.23645,0.031573746,-42919.24626462937,74.0,N_489
2024-05-11 23:39:37,80.347885,11.262894,80.124565,217.64284,849.23834,0.03178448,-42732.40885280712,74.0,N_489
2024-05-11 23:39:38,80.32878,11.244003,80.15254,217.3351,849.2439,0.03085037,-42548.99455510546,74.0,N_489
2024-05-11 23:39:39,80.30949,11.225204,80.18052,217.02036,849.23645,0.02973306,-42387.24201281275,74.0,N_489
2024-05-11 23:39:40,80.29,11.206482,80.2015,216.71262,849.21423,0.030331882,-42206.81978494048,74.0,N_489
2024-05-11 23:39:41,80.270325,11.187851,80.22948,216.39789,849.2198,0.030737862,-42025.6870640517,74.0,N_489
2024-05-11 23:39:42,80.25045,11.169312,80.257454,216.08315,849.2957,0.029992351,-41849.94904908889,74.0,N_489
2024-05-11 23:39:43,80.230385,11.150833,80.28543,215.76842,849.405,0.030594239,-41670.540994632756,74.0,N_489
2024-05-11 23:39:44,80.21014,11.132462,80.31341,215.45367,849.4531,0.028882178,-41499.59519991491,74.0,N_489
2024-05-11 23:39:45,80.18969,11.114151,80.341385,215.13194,849.4402,0.029481962,-41338.4546183631,74.0,N_489
2024-05-11 23:39:46,80.16905,11.095947,80.362366,214.81721,849.4272,0.028662723,-41177.73092890503,74.0,N_489
2024-05-11 23:39:47,80.148224,11.077805,80.38335,214.49548,849.4309,0.027843483,-41010.86120166876,74.0,N_489
2024-05-11 23:39:48,80.1272,11.059769,80.41132,214.16676,849.43463,0.027276918,-40849.766756113975,74.0,N_489
2024-05-11 23:39:49,80.10599,11.041794,80.4393,213.83803,849.43463,0.028247828,-40694.76186506958,74.0,N_489
2024-05-11 23:39:50,80.08459,11.023926,80.46028,213.51631,849.43274,0.02827558,-40534.92409032728,74.0,N_489
2024-05-11 23:39:51,80.06299,11.006119,80.48127,213.18758,849.43274,0.028118715,-40367.92207081423,74.0,N_489
2024-05-11 23:39:52,80.0412,10.988419,80.50925,212.85886,849.43274,0.02698486,-40206.91355598383,74.0,N_489
2024-05-11 23:39:53,80.01922,10.970779,80.537224,212.52315,849.43274,0.026794905,-40048.02521217772,74.0,N_489
2024-05-11 23:39:54,79.99705,10.953232,80.56519,212.18742,849.43274,0.02535518,-39907.3683025925,74.0,N_489
2024-05-11 23:39:55,79.974686,10.935776,80.58618,211.8517,849.43274,0.025959713,-39762.0543580663,74.0,N_489
2024-05-11 23:39:56,79.95213,10.918396,80.60716,211.51599,849.43274,0.027102232,-39609.51768819035,74.0,N_489
2024-05-11 23:39:57,79.92939,10.901108,80.62814,211.18027,849.43274,0.027706161,-39450.026942379816,74.0,N_489
2024-05-11 23:39:58,79.90645,10.883896,80.649124,210.83755,849.43274,0.027332574,-39300.09615961874,74.0,N_489
2024-05-11 23:39:59,79.88332,10.8667755,80.66312,210.49484,849.43274,0.026569566,-39148.2029697172,74.0,N_489
2024-05-11 23:40:00,79.86,10.849731,80.6841,210.15213,849.43274,0.026778147,-38996.09699270502,74.0,N_489
2024-05-11 23:40:01,79.83477,10.833282,80.70508,209.80943,849.43274,0.026793938,-38844.15732893196,74.0,N_489
2024-05-11 23:40:02,79.8094,10.816895,80.72606,209.46672,849.43274,0.026088137,-38694.06700549245,74.0,N_489
2024-05-11 23:40:03,79.7839,10.800583,80.74705,209.117,849.43274,0.026886076,-38539.382870438276,74.0,N_489
2024-05-11 23:40:04,79.75827,10.784332,80.76803,208.7673,849.43274,0.026324164,-38388.73646313926,74.0,N_489
2024-05-11 23:40:05,79.7325,10.768143,80.78901,208.4176,849.43274,0.026738005,-38241.760153600946,74.0,N_489
2024-05-11 23:40:06,79.706604,10.752029,80.80299,208.06789,849.43274,0.027143018,-38082.16710280607,74.0,N_489
2024-05-11 23:40:07,79.680565,10.735977,80.82398,207.7112,849.43274,0.026035637,-37931.581243736015,74.0,N_489
2024-05-11 23:40:08,79.6544,10.719986,80.84496,207.35449,849.43274,0.026651194,-37780.21848981916,74.0,N_489
2024-05-11 23:40:09,79.6281,10.704071,80.865944,207.00479,849.43274,0.026254646,-37625.19884334586,74.0,N_489
2024-05-11 23:40:10,79.60167,10.688217,80.886925,206.6411,849.43274,0.02662906,-37477.979586664005,74.0,N_489
2024-05-11 23:40:11,79.5751,10.67244,80.90092,206.2844,849.43274,0.026305754,-37328.76557612866,74.0,N_489
2024-05-11 23:40:12,79.5484,10.656723,80.9149,205.9207,849.43274,0.026259031,-37174.61050286449,74.0,N_489
2024-05-11 23:40:13,79.52157,10.6410675,80.93588,205.557,849.43274,0.026212309,-37027.61796056304,74.0,N_489
2024-05-11 23:40:14,79.4946,10.625488,80.949875,205.19331,849.43274,0.026165588,-36877.599348059026,74.0,N_489
2024-05-11 23:40:15,79.4675,10.60997,80.970856,204.83661,849.43274,0.026118865,-36728.13699374865,74.0,N_489
2024-05-11 23:40:16,79.44027,10.594513,80.98484,204.46593,849.43274,0.026072143,-36582.58355743129,74.0,N_489
2024-05-11 23:40:17,79.4129,10.579132,80.99883,204.10223,849.43274,0.026085252,-36433.59422003516,74.0,N_489
2024-05-11 23:40:18,79.3854,10.563812,81.01282,203.73154,849.43274,0.026877724,-36286.9181033043,74.0,N_489
2024-05-11 23:40:19,79.357765,10.548553,81.01981,203.36784,849.43274,0.02594552,-36138.62021841087,74.0,N_489
2024-05-11 23:40:20,79.33,10.533371,81.033806,202.99716,849.43274,0.028072735,-35977.38977381197,74.0,N_489
2024-05-11 23:40:21,79.3021,10.5182495,81.04779,202.62646,849.43274,0.025413886,-35830.999006700644,74.0,N_489
2024-05-11 23:40:22,79.27407,10.503204,81.061775,202.2488,849.43274,0.025833376,-35679.66300086139,74.0,N_489
2024-05-11 23:40:23,79.2459,10.48822,81.08276,201.8781,849.43274,0.023323203,-35548.2653820432,74.0,N_489
2024-05-11 23:40:24,79.2176,10.473297,81.09675,201.50041,849.43274,0.025275728,-35410.38861566626,74.0,N_489
2024-05-11 23:40:25,79.18917,10.45845,81.103745,201.12973,849.43274,0.02457926,-35269.93892815741,74.0,N_489
2024-05-11 23:40:26,79.1606,10.443665,81.11773,200.75204,849.43274,0.02242647,-35147.99137069911,74.0,N_489
2024-05-11 23:40:27,79.131905,10.42894,81.124725,200.37436,849.43274,0.020283468,-35037.025445132196,74.0,N_489
2024-05-11 23:40:28,79.103065,10.414291,81.13872,199.99669,849.43274,0.01990517,-34931.80874755375,74.0,N_489
2024-05-11 23:40:29,79.074104,10.399704,81.145706,199.619,849.43274,0.019555148,-34823.64416557289,74.0,N_489
2024-05-11 23:40:30,79.045,10.385178,81.1597,199.23433,849.43646,0.020397775,-34710.69499615938,74.0,N_489
2024-05-11 23:40:31,79.01577,10.370728,81.17368,198.84966,849.4402,0.022549639,-34585.93462912354,74.0,N_489
2024-05-11 23:40:32,78.986404,10.3563385,81.187675,198.47197,849.4309,0.021975514,-34466.05151493152,74.0,N_489
2024-05-11 23:40:33,78.9569,10.342026,81.187675,198.0873,849.41235,0.022372289,-34345.11994589225,74.0,N_489
2024-05-11 23:40:34,78.92727,10.327774,81.194664,197.70961,849.442,0.022192108,-34219.64418879914,74.0,N_489
2024-05-11 23:40:35,78.8975,10.313583,81.20866,197.32494,849.5458,0.022903211,-34090.58402377991,74.0,N_489
2024-05-11 23:40:36,78.8676,10.299469,81.21565,196.93326,849.63464,0.023614313,-33959.84950608314,74.0,N_489
2024-05-11 23:40:37,78.83757,10.285416,81.22264,196.54858,849.64575,0.024610898,-33822.172080743025,74.0,N_489
2024-05-11 23:40:38,78.8074,10.271423,81.22964,196.16391,849.62537,0.024277873,-33680.69038881906,74.0,N_489
2024-05-11 23:40:39,78.7771,10.257507,81.24363,195.77223,849.6235,0.02451219,-33544.54976907723,74.0,N_489
2024-05-11 23:40:40,78.746666,10.243652,81.25062,195.38756,849.6291,0.023562394,-33411.36803896519,74.0,N_489
2024-05-11 23:40:41,78.7161,10.229858,81.257614,194.9959,849.6291,0.023786847,-33281.06085554975,74.0,N_489
2024-05-11 23:40:42,78.6854,10.216141,81.257614,194.61122,849.6291,0.022625394,-33154.1134744851,74.0,N_489
2024-05-11 23:40:43,78.654564,10.202484,81.26461,194.21954,849.62726,0.023206307,-33023.90397752182,74.0,N_489
2024-05-11 23:40:44,78.623604,10.188904,81.2716,193.82788,849.62726,0.023216028,-32896.433798383456,74.0,N_489
2024-05-11 23:40:45,78.5925,10.1753845,81.278595,193.4432,849.62726,0.02265396,-32769.614226598234,74.0,N_489
2024-05-11 23:40:46,78.561264,10.161926,81.28559,193.05153,849.62726,0.023850096,-32636.36377832011,74.0,N_489
2024-05-11 23:40:47,78.5299,10.148544,81.28559,192.65985,849.62726,0.023112392,-32507.98664934816,74.0,N_489
2024-05-11 23:40:48,78.4984,10.135223,81.28559,192.26819,849.62726,0.02410234,-32373.031725755034,74.0,N_489
2024-05-11 23:40:49,78.46677,10.1219635,81.28559,191.87651,849.62726,0.024693133,-32233.08946012261,74.0,N_489
2024-05-11 23:40:50,78.435,10.10878,81.29259,191.48485,849.62726,0.02625768,-32083.8814756466,74.0,N_489
2024-05-11 23:40:51,78.4031,10.095657,81.29259,191.09317,849.62726,0.026852377,-31930.7941976627,74.0,N_489
2024-05-11 23:40:52,78.37107,10.082596,81.29259,190.7015,849.62726,0.02706317,-31773.091263559818,74.0,N_489
2024-05-11 23:40:53,78.3389,10.069611,81.29259,190.30284,849.62726,0.028060185,-31611.205295966167,74.0,N_489
2024-05-11 23:40:54,78.3066,10.056686,81.299576,189.91118,849.62726,0.028292136,-31447.291271670674,74.0,N_489
2024-05-11 23:40:55,78.27417,10.0438385,81.30657,189.5195,849.62726,0.028118012,-31285.85674949451,74.0,N_489
2024-05-11 23:40:56,78.2416,10.031052,81.30657,189.12784,849.62726,0.027568605,-31128.191335187883,74.0,N_489
2024-05-11 23:40:57,78.2089,10.018326,81.30657,188.73616,849.62726,0.028385293,-30965.11472766621,74.0,N_489
2024-05-11 23:40:58,78.17607,10.005676,81.30657,188.3445,849.62726,0.028027613,-30801.06817977437,74.0,N_489
2024-05-11 23:40:59,78.1431,9.993088,81.30657,187.94583,849.62726,0.027099736,-30645.56495449458,74.0,N_489
2024-05-11 23:41:00,78.11,9.98056,81.299576,187.55415,849.62726,0.027140936,-30489.472830909002,74.0,N_489
2024-05-11 23:41:01,78.0748,9.968552,81.29259,187.16249,849.62726,0.025814416,-30343.346751179768,74.0,N_489
2024-05-11 23:41:02,78.039536,9.956604,81.29259,186.77081,849.62726,0.026095629,-30195.062366427894,74.0,N_489
2024-05-11 23:41:03,78.0042,9.944702,81.29259,186.37915,849.62726,0.02637684,-30044.88220852315,74.0,N_489
2024-05-11 23:41:04,77.9688,9.932846,81.29259,185.98747,849.62726,0.026658053,-29891.52642129536,74.0,N_489
2024-05-11 23:41:05,77.933334,9.921051,81.28559,185.59581,849.62726,0.026265841,-29742.264260885433,74.0,N_489
2024-05-11 23:41:06,77.8978,9.909302,81.28559,185.20413,849.62726,0.026285093,-29592.49682496266,74.0,N_489
2024-05-11 23:41:07,77.8622,9.897598,81.28559,184.81247,849.62726,0.026100615,-29442.648387395006,74.0,N_489
2024-05-11 23:41:08,77.82653,9.885956,81.278595,184.42079,849.62726,0.026608473,-29289.679576007245,74.0,N_489
2024-05-11 23:41:09,77.7908,9.874359,81.2716,184.02913,849.62726,0.02711633,-29134.486910054486,74.0,N_489
2024-05-11 23:41:10,77.755,9.8628235,81.2716,183.63745,849.62726,0.027339587,-28979.249177325044,74.0,N_489
2024-05-11 23:41:11,77.71913,9.851334,81.26461,183.25278,849.62726,0.027354121,-28820.564490852747,74.0,N_489
2024-05-11 23:41:12,77.6832,9.83989,81.257614,182.8611,849.62726,0.027369685,-28662.07795678061,74.0,N_489
2024-05-11 23:41:13,77.6472,9.828506,81.25062,182.46944,849.62726,0.02739292,-28502.690668630003,74.0,N_489
2024-05-11 23:41:14,77.61113,9.817169,81.23663,182.08476,849.62726,0.02742487,-28343.510615942057,74.0,N_489
2024-05-11 23:41:15,77.575,9.805878,81.22964,181.69308,849.62726,0.028605077,-28180.954640335764,74.0,N_489
2024-05-11 23:41:16,77.5388,9.794647,81.22964,181.30841,849.62726,0.028430218,-28017.130594028553,74.0,N_489
2024-05-11 23:41:17,77.50253,9.783463,81.22264,180.92374,849.62726,0.028842648,-27851.002649572984,74.0,N_489
2024-05-11 23:41:18,77.4662,9.772324,81.21565,180.53906,849.62726,0.029187564,-27682.439131362727,74.0,N_489
2024-05-11 23:41:19,77.4298,9.761246,81.20866,180.15439,849.62726,0.02953248,-27511.439536914895,74.0,N_489
2024-05-11 23:41:20,77.39333,9.750214,81.20166,179.76971,849.62726,0.029877394,-27333.831625817285,74.0,N_489
2024-05-11 23:41:21,77.3568,9.739243,81.187675,179.38503,849.62726,0.029906312,-27164.121894372052,74.0,N_489
2024-05-11 23:41:22,77.3202,9.728317,81.18068,179.00735,849.62726,0.031264868,-26976.22707316758,74.0,N_489
2024-05-11 23:41:23,77.28353,9.717438,81.16669,178.62267,849.62726,0.03147915,-26791.39497105206,74.0,N_489
2024-05-11 23:41:24,77.246796,9.706604,81.1527,178.245,849.62726,0.031500716,-26606.373910302285,74.0,N_489
2024-05-11 23:41:25,77.21,9.695831,81.145706,177.86032,849.62726,0.03152228,-26420.079834048836,74.0,N_489
2024-05-11 23:41:26,77.173134,9.68512,81.13172,177.48264,849.62726,0.032512546,-26231.7403338379,74.0,N_489
2024-05-11 23:41:27,77.1362,9.674438,81.124725,177.10495,849.62726,0.032539845,-26037.726348780154,74.0,N_489
2024-05-11 23:41:28,77.0992,9.663818,81.11074,176.72726,849.62726,0.032382432,-25849.036095817046,74.0,N_489
2024-05-11 23:41:29,77.06213,9.653259,81.09675,176.35658,849.62726,0.033551306,-25647.963624679585,74.0,N_489
2024-05-11 23:41:30,77.025,9.642746,81.08276,175.9789,849.62726,0.033758305,-25450.334909023637,74.0,N_489
2024-05-11 23:41:31,76.9878,9.632278,81.07577,175.60121,849.62726,0.034367558,-25246.931791159,74.0,N_489
2024-05-11 23:41:32,76.95053,9.621857,81.061775,175.23053,849.62726,0.033994406,-25046.826983396946,74.0,N_489
2024-05-11 23:41:33,76.9132,9.611496,81.05479,174.85284,849.62726,0.03364878,-24843.823052153595,74.0,N_489
2024-05-11 23:41:34,76.8758,9.601181,81.033806,174.48915,849.62726,0.0350095,-24636.07588325057,74.0,N_489
2024-05-11 23:41:35,76.83833,9.590927,81.01981,174.11847,849.62726,0.03483694,-24424.751911489933,74.0,N_489
2024-05-11 23:41:36,76.8008,9.580719,80.99883,173.75478,849.62726,0.03370678,-24224.913468881576,74.0,N_489
2024-05-11 23:41:37,76.7632,9.570557,80.98484,173.38408,849.62726,0.032950737,-24033.24841364906,74.0,N_489
2024-05-11 23:41:38,76.72553,9.560455,80.970856,173.02039,849.62726,0.032386925,-23837.09002141063,74.0,N_489
2024-05-11 23:41:39,76.6878,9.5504,80.949875,172.6567,849.62726,0.031833645,-23652.574021179862,74.0,N_489
2024-05-11 23:41:40,76.65,9.54039,80.93588,172.293,849.62726,0.030886704,-23477.449217867677,74.0,N_489
2024-05-11 23:41:41,76.61213,9.530441,80.928894,171.9293,849.62726,0.029360382,-23306.816778583532,74.0,N_489
2024-05-11 23:41:42,76.574196,9.520538,80.9149,171.56561,849.62726,0.028278252,-23140.86581468537,74.0,N_489
2024-05-11 23:41:43,76.5362,9.510696,80.89392,171.20891,849.62726,0.027196124,-22982.465070220653,74.0,N_489
2024-05-11 23:41:44,76.49813,9.5009,80.87294,170.85222,849.62726,0.026113994,-22831.028827477996,74.0,N_489
2024-05-11 23:41:45,76.46,9.49115,80.85196,170.49551,849.62726,0.025556454,-22683.039490664993,74.0,N_489
2024-05-11 23:41:46,76.4218,9.481461,80.83097,170.13881,849.62726,0.03179749,-22499.836728138842,74.0,N_489
2024-05-11 23:41:47,76.38353,9.471817,80.816986,169.78212,849.62726,0.03491551,-22299.029888250807,74.0,N_489
2024-05-11 23:41:48,76.3452,9.462219,80.80299,169.4324,849.62726,0.03474698,-22086.358948385943,74.0,N_489
2024-05-11 23:41:49,76.3068,9.4526825,80.78201,169.07571,849.62726,0.03399157,-21891.878904596022,74.0,N_489
2024-05-11 23:41:50,76.26833,9.443192,80.76803,168.726,849.62726,0.033627056,-21683.2435183628,74.0,N_489
2024-05-11 23:41:51,76.2298,9.433746,80.74005,168.38329,849.62726,0.03384744,-21481.260183333077,74.0,N_489
2024-05-11 23:41:52,76.1912,9.424362,80.71907,168.03358,849.62726,0.033291183,-21285.77354519711,74.0,N_489
2024-05-11 23:41:53,76.152534,9.415024,80.69808,167.69087,849.62726,0.03331127,-21089.343238387686,74.0,N_489
2024-05-11 23:41:54,76.1138,9.405731,80.6771,167.34816,849.62726,0.034302782,-20885.928824697643,74.0,N_489
2024-05-11 23:41:55,76.075,9.3965,80.65612,167.00545,849.62726,0.03471368,-20679.365043567617,74.0,N_489
2024-05-11 23:41:56,76.03613,9.387314,80.63514,166.66273,849.62726,0.035121415,-20469.66113464282,74.0,N_489
2024-05-11 23:41:57,75.9972,9.378189,80.61416,166.32002,849.62726,0.035529148,-20249.674836710576,74.0,N_489
2024-05-11 23:41:58,75.9582,9.36911,80.58618,165.98431,849.62726,0.035553016,-20041.175004118497,74.0,N_489
2024-05-11 23:41:59,75.91913,9.360077,80.56519,165.64859,849.62726,0.035573054,-19830.859369829024,74.0,N_489
2024-05-11 23:42:00,75.88,9.351105,80.54421,165.31287,849.62726,0.035786435,-19623.00445344263,74.0,N_489
2024-05-11 23:42:01,75.84063,9.342758,80.52323,164.98415,849.62726,0.036769543,-19403.512348285774,74.0,N_489
2024-05-11 23:42:02,75.80121,9.334442,80.50225,164.64844,849.62726,0.036211148,-19180.361576820444,74.0,N_489
2024-05-11 23:42:03,75.76172,9.326157,80.47427,164.3197,849.62726,0.03565621,-18965.507773692996,74.0,N_489
2024-05-11 23:42:04,75.722176,9.317902,80.4463,163.99799,849.62726,0.036255553,-18753.137897787245,74.0,N_489
2024-05-11 23:42:05,75.68256,9.309677,80.425316,163.66925,849.6309,0.034731165,-18549.3910630447,74.0,N_489
2024-05-11 23:42:06,75.6429,9.301483,80.404335,163.34053,849.6309,0.03726629,-18320.99619517534,74.0,N_489
2024-05-11 23:42:07,75.603165,9.29332,80.37636,163.0188,849.6179,0.03902319,-18081.137685935555,74.0,N_489
2024-05-11 23:42:08,75.56338,9.285202,80.34838,162.69708,849.61615,0.0386584,-17855.714480132316,74.0,N_489
2024-05-11 23:42:09,75.52352,9.2771,80.3274,162.37535,849.6679,0.03694862,-17639.50397245848,74.0,N_489
2024-05-11 23:42:10,75.483604,9.269043,80.30641,162.05362,849.76056,0.040607564,-17390.7381389118,74.0,N_489
2024-05-11 23:42:11,75.443634,9.261002,80.278435,161.73888,849.8273,0.041985758,-17146.945001934444,74.0,N_489
2024-05-11 23:42:12,75.403595,9.253006,80.257454,161.42415,849.8346,0.049896423,-16819.914711528647,74.0,N_489
2024-05-11 23:42:13,75.3635,9.245041,80.22249,161.11641,849.8217,0.07224991,-16381.616548565153,74.0,N_489
2024-05-11 23:42:14,75.32334,9.237106,80.2015,160.80167,849.8198,0.056197893,-16031.523409374267,74.0,N_489
2024-05-11 23:42:15,75.28312,9.229202,80.17352,160.49393,849.82355,0.057954196,-15670.052782361714,74.0,N_489
2024-05-11 23:42:16,75.24284,9.221329,80.14555,160.18619,849.82355,0.059710495,-15296.033662273683,74.0,N_489
2024-05-11 23:42:17,75.2025,9.213486,80.11758,159.87845,849.8217,0.0614668,-14909.439591918212,74.0,N_489
2024-05-11 23:42:18,75.162094,9.205673,80.0896,159.57071,849.8217,0.0632231,-14517.720713132525,74.0,N_489
2024-05-11 23:42:19,75.121635,9.197891,80.06162,159.26996,849.8217,0.054980908,-14156.75398656464,74.0,N_489
2024-05-11 23:42:20,75.08111,9.190155,80.02665,158.96921,849.8217,0.05864686,-13794.501009225245,74.0,N_489
2024-05-11 23:42:21,75.04052,9.182434,79.99867,158.66847,849.8217,0.062312815,-13405.581860307746,74.0,N_489
2024-05-11 23:42:22,74.99987,9.174759,79.970695,158.36772,849.8217,0.05755409,-13054.294854414231,74.0,N_489
2024-05-11 23:42:23,74.95917,9.167099,79.94272,158.07396,849.8217,0.05786524,-12699.812491493547,74.0,N_489
2024-05-11 23:42:24,74.918396,9.159485,79.91474,157.78021,849.8217,0.052437887,-12358.695434436504,74.0,N_489
2024-05-11 23:42:25,74.87756,9.151901,79.879776,157.48647,849.8217,0.047010537,-12075.32768430189,74.0,N_489
2024-05-11 23:42:26,74.83667,9.144348,79.8518,157.1927,849.8217,0.037257712,-11858.393752364573,74.0,N_489
2024-05-11 23:42:27,74.79572,9.136826,79.82382,156.90594,849.8217,0.048256148,-11569.40567387276,74.0,N_489
2024-05-11 23:42:28,74.75471,9.1293335,79.795845,156.61919,849.8217,0.038034637,-11330.39727145989,74.0,N_489
2024-05-11 23:42:29,74.71363,9.121872,79.76087,156.33243,849.8217,0.046338134,-11054.131243657452,74.0,N_489
2024-05-11 23:42:30,74.67249,9.114441,79.732895,156.04567,849.8217,0.046875037,-10758.282323093576,74.0,N_489
2024-05-11 23:42:31,74.6313,9.10704,79.69793,155.76591,849.8217,0.028018747,-10588.462651057336,74.0,N_489
2024-05-11 23:42:32,74.59004,9.099686,79.66296,155.47916,849.8217,0.02779418,-10423.424449828697,74.0,N_489
2024-05-11 23:42:33,74.54872,9.092346,79.62798,155.19939,849.8217,0.031951677,-10242.334642304893,74.0,N_489
2024-05-11 23:42:34,74.50734,9.0850525,79.600006,154.91962,849.8217,0.024967736,-10107.307412125741,74.0,N_489
2024-05-11 23:42:35,74.4659,9.077774,79.57203,154.64685,849.8217,0.035736803,-9903.268684653063,74.0,N_489
2024-05-11 23:42:36,74.42439,9.070541,79.54406,154.37408,849.8217,0.028924128,-9729.939582909006,74.0,N_489
2024-05-11 23:42:37,74.382835,9.063339,79.50909,154.1013,849.8217,0.025812436,-9589.898364243509,74.0,N_489
2024-05-11 23:42:38,74.34121,9.056168,79.48111,153.82854,849.8217,0.014112786,-9509.879872582624,74.0,N_489
2024-05-11 23:42:39,74.29952,9.0490265,79.43915,153.55577,849.8217,-0.0046981503,-9567.671420982257,74.0,N_489
2024-05-11 23:42:40,74.257774,9.041916,79.404175,153.29,849.8217,0.0047287596,-9562.068079697801,74.0,N_489
2024-05-11 23:42:41,74.215965,9.034836,79.3762,153.02422,849.8217,0.008482879,-9527.386742194652,74.0,N_489
2024-05-11 23:42:42,74.174095,9.027786,79.341225,152.75844,849.8217,0.009574251,-9488.163793072126,74.0,N_489
2024-05-11 23:42:43,74.132164,9.020767,79.30626,152.49966,849.8217,0.0106656235,-9444.410282456687,74.0,N_489
2024-05-11 23:42:44,74.09017,9.013794,79.27828,152.23389,849.8217,0.011074287,-9387.805509224763,74.0,N_489
2024-05-11 23:42:45,74.04812,9.006836,79.23631,151.9751,849.8217,0.015408719,-9310.779499858305,74.0,N_489
2024-05-11 23:42:46,74.006004,8.999924,79.20135,151.71632,849.8217,0.01789892,-9217.212205844688,74.0,N_489
2024-05-11 23:42:47,73.96383,8.993027,79.166374,151.46452,849.8217,0.020389123,-9104.234608337596,74.0,N_489
2024-05-11 23:42:48,73.92159,8.986176,79.1314,151.20575,849.8217,0.022879325,-8977.426379320263,74.0,N_489
2024-05-11 23:42:49,73.879295,8.979355,79.096436,150.95396,849.8217,0.025369527,-8833.466335506222,74.0,N_489
2024-05-11 23:42:50,73.83694,8.972565,79.06146,150.70216,849.8217,0.018895803,-8732.053512280323,74.0,N_489
2024-05-11 23:42:51,73.79452,8.965805,79.02649,150.45038,849.8217,-0.014008806,-8855.523412208157,74.0,N_489
2024-05-11 23:42:52,73.75204,8.959076,78.98453,150.1986,849.82355,0.01176789,-8804.292880532303,74.0,N_489
2024-05-11 23:42:53,73.709496,8.952377,78.949554,149.9538,849.8217,0.037544586,-8582.039654852022,74.0,N_489
2024-05-11 23:42:54,73.66689,8.945709,78.91459,149.709,849.818,-0.0042548953,-8631.468686097753,74.0,N_489
2024-05-11 23:42:55,73.62423,8.939072,78.88661,149.46422,849.82355,-0.008083399,-8710.043105736884,74.0,N_489
2024-05-11 23:42:56,73.581505,8.93248,78.84464,149.21942,849.8384,-0.013875318,-8826.70639869682,74.0,N_489
2024-05-11 23:42:57,73.53872,8.925903,78.80968,148.97462,849.8161,-0.019667236,-8977.480368527118,74.0,N_489
2024-05-11 23:42:58,73.49587,8.919373,78.774704,148.73682,849.7365,-0.025459154,-9162.61698650608,74.0,N_489
2024-05-11 23:42:59,73.452965,8.912857,78.73973,148.50601,849.6494,-0.031251073,-9403.98298091445,74.0,N_489
2024-05-11 23:43:00,73.409996,8.906387,78.69777,148.26822,849.6124,-0.03704299,-9670.349852204683,74.0,N_489
2024-05-11 23:43:01,73.366394,8.900314,78.662796,148.03043,849.6217,-0.015642084,-9801.584250908756,74.0,N_489
2024-05-11 23:43:02,73.32275,8.894257,78.620834,147.7996,849.6309,0.0057588206,-9789.366880636546,74.0,N_489
2024-05-11 23:43:03,73.27906,8.888214,78.58586,147.5688,849.6291,-0.012099665,-9896.080386517078,74.0,N_489
2024-05-11 23:43:04,73.23533,8.882202,78.5439,147.338,849.62726,-0.002910721,-9939.650532557953,74.0,N_489
2024-05-11 23:43:05,73.19156,8.876205,78.50893,147.1072,849.62726,0.00967909,-9895.159773462947,74.0,N_489
2024-05-11 23:43:06,73.14774,8.870224,78.466965,146.87639,849.62726,0.012280206,-9842.064084275855,74.0,N_489
2024-05-11 23:43:07,73.10389,8.864258,78.43199,146.65257,849.62726,0.014881322,-9762.372727915674,74.0,N_489
2024-05-11 23:43:08,73.06,8.858322,78.39003,146.42877,849.62726,0.017446764,-9675.687456356518,74.0,N_489
2024-05-11 23:43:09,73.01606,8.852402,78.35506,146.20496,849.62726,0.012380794,-9614.33783421186,74.0,N_489
2024-05-11 23:43:10,72.972084,8.846497,78.313095,145.98814,849.62726,0.012408235,-9552.84010687131,74.0,N_489
2024-05-11 23:43:11,72.92806,8.840622,78.271126,145.76433,849.62726,0.009699168,-9516.46182677001,74.0,N_489
2024-05-11 23:43:12,72.883995,8.834747,78.23616,145.5475,849.62726,0.0057786116,-9499.3187360614,74.0,N_489
2024-05-11 23:43:13,72.8399,8.828918,78.19419,145.33069,849.62726,0.010721534,-9455.900463925675,74.0,N_489
2024-05-11 23:43:14,72.795746,8.82309,78.15922,145.11388,849.62726,0.0081712995,-9426.483012864348,74.0,N_489
2024-05-11 23:43:15,72.751564,8.817276,78.12425,144.89705,849.62726,0.0054482445,-9412.094872466776,74.0,N_489
2024-05-11 23:43:16,72.70733,8.811493,78.08228,144.68723,849.62726,0.0062616793,-9393.105980522916,74.0,N_489
2024-05-11 23:43:17,72.66306,8.805725,78.04032,144.47041,849.62726,0.003913125,-9388.84079320199,74.0,N_489
2024-05-11 23:43:18,72.61875,8.799988,77.99136,144.26059,849.62726,0.0051320605,-9380.180087940887,74.0,N_489
2024-05-11 23:43:19,72.574394,8.7942505,77.9494,144.05077,849.62726,0.005738346,-9368.996146494108,74.0,N_489
2024-05-11 23:43:20,72.53,8.788544,77.91443,143.84793,849.62726,0.021465687,-9255.87947822619,74.0,N_489
2024-05-11 23:43:21,72.485565,8.782867,77.879456,143.63812,849.62726,0.009685445,-9212.018363129497,74.0,N_489
2024-05-11 23:43:22,72.441086,8.777191,77.837494,143.4283,849.62726,0.009325154,-9174.779387024835,74.0,N_489
2024-05-11 23:43:23,72.39656,8.771545,77.795525,143.23245,849.62726,0.008964864,-9138.02166851021,74.0,N_489
2024-05-11 23:43:24,72.352,8.765915,77.75356,143.02963,849.62726,0.011493629,-9084.577133774259,74.0,N_489
2024-05-11 23:43:25,72.307396,8.7603,77.7116,142.8268,849.62726,-0.030491127,-9309.937517356098,74.0,N_489
2024-05-11 23:43:26,72.26275,8.754715,77.66963,142.63097,849.62726,0.031906962,-9134.836275490055,74.0,N_489
2024-05-11 23:43:27,72.21806,8.74913,77.63467,142.42813,849.62726,0.009094646,-9091.022156476465,74.0,N_489
2024-05-11 23:43:28,72.17333,8.743576,77.5857,142.2323,849.62726,-0.013717669,-9207.73505521477,74.0,N_489
2024-05-11 23:43:29,72.12856,8.738052,77.54374,142.03647,849.62726,-0.020197025,-9377.183187794992,74.0,N_489
2024-05-11 23:43:30,72.08375,8.732529,77.49478,141.84062,849.62726,-0.02667638,-9577.498489246202,74.0,N_489
2024-05-11 23:43:31,72.038895,8.7270355,77.45282,141.65178,849.62726,-0.033155736,-9804.73109614656,74.0,N_489
2024-05-11 23:43:32,71.994,8.721558,77.41785,141.45595,849.62726,0.016101325,-9720.388568124323,74.0,N_489
2024-05-11 23:43:33,71.949066,8.71611,77.37588,141.2671,849.62726,0.00012722984,-9742.733405193369,74.0,N_489
2024-05-11 23:43:34,71.90408,8.710678,77.333916,141.07826,849.62726,-0.015846865,-9870.335900076818,74.0,N_489
2024-05-11 23:43:35,71.85906,8.705246,77.291954,140.88943,849.62726,-0.03182096,-10121.889038671947,74.0,N_489
2024-05-11 23:43:36,71.814,8.69986,77.243,140.70059,849.62726,-0.026106875,-10319.903284965552,74.0,N_489
2024-05-11 23:43:37,71.7689,8.694473,77.20103,140.51175,849.62726,-0.02039279,-10475.733178815692,74.0,N_489
2024-05-11 23:43:38,71.72375,8.689117,77.159065,140.3299,849.62726,-0.0146787055,-10604.40848763238,74.0,N_489
2024-05-11 23:43:39,71.678566,8.683777,77.11011,140.14105,849.62726,-0.008964621,-10683.527621411802,74.0,N_489
2024-05-11 23:43:40,71.63333,8.678452,77.075134,139.95921,849.62726,-0.0032505363,-10725.510923309095,74.0,N_489
2024-05-11 23:43:41,71.588066,8.673157,77.03317,139.77736,849.62726,0.0024635487,-10733.979839408512,74.0,N_489
2024-05-11 23:43:42,71.54275,8.667877,76.9982,139.60251,849.62726,0.008177633,-10696.067010575913,74.0,N_489
2024-05-11 23:43:43,71.4974,8.662613,76.94924,139.42067,849.62726,0.00819948,-10668.419930743461,74.0,N_489
2024-05-11 23:43:44,71.452,8.657364,76.90727,139.24582,849.62726,0.012940113,-10605.989896951585,74.0,N_489
2024-05-11 23:43:45,71.40656,8.652145,76.86531,139.06396,849.62726,0.0129595585,-10537.676067021966,74.0,N_489
2024-05-11 23:43:46,71.361084,8.646942,76.81635,138.88911,849.62726,0.00967116,-10499.940542183045,74.0,N_489
2024-05-11 23:43:47,71.31557,8.641754,76.77438,138.71426,849.62726,0.009892912,-10459.7095871341,74.0,N_489
2024-05-11 23:43:48,71.270004,8.636581,76.73242,138.5464,849.62726,0.00814173,-10429.170997416852,74.0,N_489
2024-05-11 23:43:49,71.224396,8.631439,76.69046,138.37155,849.62726,0.008163671,-10394.951772096945,74.0,N_489
2024-05-11 23:43:50,71.17875,8.626312,76.6415,138.20369,849.62726,0.008188149,-10362.330861178081,74.0,N_489
2024-05-11 23:43:51,71.133064,8.621201,76.59254,138.03583,849.62726,0.008407576,-10327.163491648946,74.0,N_489
2024-05-11 23:43:52,71.08733,8.616119,76.54358,137.86098,849.62726,0.008429675,-10298.106620024471,74.0,N_489
2024-05-11 23:43:53,71.041565,8.611053,76.50162,137.69312,849.62726,0.008449253,-10261.26571622639,74.0,N_489
2024-05-11 23:43:54,70.99575,8.606003,76.45266,137.52525,849.62726,0.0084713595,-10232.480139551455,74.0,N_489
2024-05-11 23:43:55,70.9499,8.600967,76.41069,137.3644,849.62726,0.008293592,-10201.12488002317,74.0,N_489
2024-05-11 23:43:56,70.904,8.595963,76.36873,137.19653,849.62726,0.007918471,-10168.73918421036,74.0,N_489
2024-05-11 23:43:57,70.85806,8.590973,76.31977,137.03568,849.62726,0.0075509325,-10144.270785559816,74.0,N_489
2024-05-11 23:43:58,70.81209,8.585999,76.2778,136.86781,849.62726,0.0073731747,-10119.968392690385,74.0,N_489
2024-05-11 23:43:59,70.76606,8.581039,76.23584,136.70695,849.62726,0.0075875577,-10093.87365782321,74.0,N_489
2024-05-11 23:44:00,70.72,8.576111,76.19388,136.54608,849.62726,0.007607141,-10063.92894393668,74.0,N_489
2024-05-11 23:44:01,70.67341,8.571381,76.14492,136.39221,849.62726,0.007429338,-10036.174962234203,74.0,N_489
2024-05-11 23:44:02,70.626785,8.566681,76.095955,136.23135,849.62726,0.0074593946,-10008.536365006232,74.0,N_489
2024-05-11 23:44:03,70.58014,8.561981,76.047,136.07048,849.62726,0.007484257,-9986.063263736676,74.0,N_489
2024-05-11 23:44:04,70.53347,8.5572815,76.005035,135.91661,849.62726,0.007114476,-9958.926521224374,74.0,N_489
2024-05-11 23:44:05,70.48677,8.552612,75.95608,135.76274,849.62726,0.0067419326,-9936.568859672516,74.0,N_489
2024-05-11 23:44:06,70.44005,8.547958,75.90712,135.60887,849.62726,0.006369342,-9916.734047205493,74.0,N_489
2024-05-11 23:44:07,70.3933,8.543304,75.85816,135.455,849.62726,0.0063834134,-9900.597818128499,74.0,N_489
2024-05-11 23:44:08,70.346535,8.538666,75.81619,135.30113,849.62726,0.006397602,-9882.062872131097,74.0,N_489
2024-05-11 23:44:09,70.299736,8.534058,75.77423,135.14726,849.62726,0.0064255157,-9863.300507775399,74.0,N_489
2024-05-11 23:44:10,70.252914,8.529449,75.73226,134.9934,849.62726,0.006639873,-9839.93726096686,74.0,N_489
2024-05-11 23:44:11,70.20607,8.524841,75.683304,134.84651,849.62726,0.007054169,-9814.796000098075,74.0,N_489
2024-05-11 23:44:12,70.1592,8.520264,75.634346,134.69264,849.62726,0.0068817097,-9791.980117227755,74.0,N_489
2024-05-11 23:44:13,70.112305,8.515701,75.58539,134.54576,849.62726,0.006706625,-9774.030013903735,74.0,N_489
2024-05-11 23:44:14,70.065384,8.511139,75.54343,134.3989,849.62726,0.0067263134,-9754.468950931707,74.0,N_489
2024-05-11 23:44:15,70.01844,8.506592,75.50146,134.259,849.62726,0.0067460015,-9729.436069438878,74.0,N_489
2024-05-11 23:44:16,69.971466,8.50206,75.4525,134.11214,849.62726,0.0067682043,-9702.541964278898,74.0,N_489
2024-05-11 23:44:17,69.92447,8.497543,75.396545,133.96526,849.62726,0.00698484,-9681.556780098523,74.0,N_489
2024-05-11 23:44:18,69.87745,8.493042,75.34759,133.82538,849.6291,0.0072074183,-9659.866383937617,74.0,N_489
2024-05-11 23:44:19,69.83041,8.488556,75.305626,133.6785,849.6291,0.007230042,-9632.540343455566,74.0,N_489
2024-05-11 23:44:20,69.78333,8.48407,75.25667,133.53862,849.6235,0.007447091,-9609.239070084244,74.0,N_489
2024-05-11 23:44:21,69.73624,8.479599,75.2147,133.39174,849.6235,0.007068851,-9582.917280627647,74.0,N_489
2024-05-11 23:44:22,69.68912,8.475159,75.16574,133.25186,849.6402,0.006702029,-9560.978607620516,74.0,N_489
2024-05-11 23:44:23,69.64197,8.470718,75.11678,133.11197,849.64386,0.0073140785,-9534.849028627697,74.0,N_489
2024-05-11 23:44:24,69.5948,8.466293,75.067825,132.97209,849.5735,0.007527763,-9508.106216317577,74.0,N_489
2024-05-11 23:44:25,69.5476,8.461868,75.01887,132.8392,849.4624,0.00735549,-9481.23310492024,74.0,N_489
2024-05-11 23:44:26,69.50038,8.457474,74.9699,132.69933,849.41235,0.0073750336,-9460.014378197193,74.0,N_489
2024-05-11 23:44:27,69.45314,8.453079,74.92794,132.56644,849.42535,0.006805269,-9439.52363220053,74.0,N_489
2024-05-11 23:44:28,69.40587,8.448715,74.88598,132.43355,849.4402,0.0064268247,-9417.302866730952,74.0,N_489
2024-05-11 23:44:29,69.35857,8.444351,74.83702,132.30066,849.4383,0.006446346,-9397.236859607136,74.0,N_489
2024-05-11 23:44:30,69.31125,8.440002,74.788055,132.16777,849.43274,0.006471648,-9372.051197966739,74.0,N_489
2024-05-11 23:44:31,69.2639,8.435654,74.73211,132.0279,849.43274,0.0068887556,-9351.622616169148,74.0,N_489
2024-05-11 23:44:32,69.21653,8.431335,74.68314,131.895,849.43274,0.0069078,-9329.15774363768,74.0,N_489
2024-05-11 23:44:33,69.169136,8.427032,74.634186,131.7691,849.43274,0.0069241496,-9305.361090041424,74.0,N_489
2024-05-11 23:44:34,69.12171,8.4227295,74.58523,131.63622,849.43274,0.0069399416,-9282.605548199987,74.0,N_489
2024-05-11 23:44:35,69.07427,8.418442,74.53627,131.51031,849.43274,0.0069562015,-9258.508506152382,74.0,N_489
2024-05-11 23:44:36,69.0268,8.414169,74.48731,131.37743,849.43274,0.0069879484,-9239.742047117714,74.0,N_489
2024-05-11 23:44:37,68.9793,8.409912,74.44535,131.25154,849.43274,0.0070043667,-9218.126397973796,74.0,N_489
2024-05-11 23:44:38,68.93178,8.40567,74.40338,131.12564,849.43274,0.007018087,-9186.61840233728,74.0,N_489
2024-05-11 23:44:39,68.88424,8.4014435,74.34743,130.99275,849.43274,0.0068451483,-9162.16883526128,74.0,N_489
2024-05-11 23:44:40,68.83666,8.397217,74.29147,130.86687,849.43274,0.007064649,-9140.340143591002,74.0,N_489
2024-05-11 23:44:41,68.78907,8.393005,74.242516,130.74097,849.43274,0.0070873774,-9121.326163479476,74.0,N_489
2024-05-11 23:44:42,68.74145,8.388824,74.200554,130.62207,849.43274,0.0070098797,-9099.091732783261,74.0,N_489
2024-05-11 23:44:43,68.6938,8.384644,74.15859,130.49617,849.43274,0.006932382,-9073.322950153844,74.0,N_489
2024-05-11 23:44:44,68.64613,8.380463,74.10963,130.37029,849.43274,0.0071527367,-9044.529837878246,74.0,N_489
2024-05-11 23:44:45,68.598434,8.376312,74.05368,130.25139,849.43274,0.006776239,-9024.076687830111,74.0,N_489
2024-05-11 23:44:46,68.55071,8.372177,74.004715,130.12549,849.43274,0.0066007976,-9003.573724039295,74.0,N_489
2024-05-11 23:44:47,68.50297,8.368042,73.95576,130.00659,849.43274,0.006426065,-8979.575791009695,74.0,N_489
2024-05-11 23:44:48,68.4552,8.363922,73.8998,129.88768,849.43274,0.006257259,-8963.27106448288,74.0,N_489
2024-05-11 23:44:49,68.4074,8.359833,73.850845,129.76878,849.43274,0.0062862397,-8944.375544945291,74.0,N_489
2024-05-11 23:44:50,68.35958,8.355743,73.80189,129.64989,849.43274,0.0061047566,-8926.64469176804,74.0,N_489
2024-05-11 23:44:51,68.31174,8.351654,73.75293,129.53099,849.43274,0.0061165905,-8908.802406689138,74.0,N_489
2024-05-11 23:44:52,68.26386,8.347595,73.70397,129.4121,849.43274,0.0059419195,-8892.080745613057,74.0,N_489
2024-05-11 23:44:53,68.215965,8.343552,73.655014,129.29318,849.43274,0.0055627553,-8878.517164688925,74.0,N_489
2024-05-11 23:44:54,68.168045,8.339508,73.60606,129.18127,849.43274,0.0059765237,-8861.150276158252,74.0,N_489
2024-05-11 23:44:55,68.1201,8.33548,73.5571,129.06238,849.43274,0.0056042983,-8847.256613968766,74.0,N_489
2024-05-11 23:44:56,68.07213,8.331467,73.50813,128.95047,849.43274,0.005428833,-8829.903957948878,74.0,N_489
2024-05-11 23:44:57,68.02413,8.327469,73.45219,128.83157,849.43274,0.0050732563,-8825.034078321947,74.0,N_489
2024-05-11 23:44:58,67.97611,8.323486,73.41022,128.71967,849.43274,0.0052807406,-8810.444406373976,74.0,N_489
2024-05-11 23:44:59,67.92807,8.319519,73.36126,128.60776,849.43274,0.0053028823,-8798.06252613951,74.0,N_489
2024-05-11 23:45:00,67.88,8.315552,73.3123,128.49586,849.43463,0.0055199116,-8784.232175028403,74.0,N_489
2024-05-11 23:45:01,67.83231,8.311676,73.26334,128.38396,849.43463,0.0061213863,-8762.366003530402,74.0,N_489
2024-05-11 23:45:02,67.784584,8.3078,73.20739,128.27205,849.4291,0.0063409223,-8746.254713258404,74.0,N_489
2024-05-11 23:45:03,67.736824,8.30394,73.15843,128.16713,849.4291,0.0063558565,-8726.50778310007,74.0,N_489
2024-05-11 23:45:04,67.68902,8.300079,73.109474,128.05524,849.44574,0.0067740483,-8704.327239960014,74.0,N_489
2024-05-11 23:45:05,67.641174,8.296249,73.06052,127.94332,849.44946,0.007389829,-8678.976173967614,74.0,N_489
2024-05-11 23:45:06,67.5933,8.292419,73.01155,127.83841,849.3791,0.0078034317,-8644.449238304194,74.0,N_489
2024-05-11 23:45:07,67.54538,8.2885895,72.955605,127.72651,849.26984,0.0088094305,-8606.318309414644,74.0,N_489
2024-05-11 23:45:08,67.49742,8.28479,72.89965,127.6216,849.2124,0.0088239685,-8578.096842860596,74.0,N_489
2024-05-11 23:45:09,67.449425,8.280991,72.85768,127.50969,849.2198,0.009433426,-8536.996676234867,74.0,N_489
2024-05-11 23:45:10,67.40138,8.277206,72.80872,127.40478,849.2401,0.009846828,-8495.21909636672,74.0,N_489
2024-05-11 23:45:11,67.35331,8.273422,72.759766,127.299866,849.2439,0.009866173,-8453.267316779675,74.0,N_489
2024-05-11 23:45:12,67.3052,8.269669,72.71081,127.194954,849.23834,0.0098817805,-8412.371241694724,74.0,N_489
2024-05-11 23:45:13,67.25704,8.265915,72.66185,127.09704,849.23645,0.010102354,-8361.671334628783,74.0,N_489
2024-05-11 23:45:14,67.208855,8.262161,72.605896,126.99213,849.23834,0.010321634,-8312.092623859859,74.0,N_489
2024-05-11 23:45:15,67.16062,8.258438,72.54994,126.887215,849.23834,0.010142169,-8270.53631042891,74.0,N_489
2024-05-11 23:45:16,67.11235,8.254715,72.500984,126.7823,849.23834,0.0103578465,-8225.125847445433,74.0,N_489
2024-05-11 23:45:17,67.06404,8.251007,72.45203,126.67739,849.23834,0.009583289,-8185.901546121317,74.0,N_489
2024-05-11 23:45:18,67.01569,8.247299,72.40307,126.57947,849.23834,0.010005167,-8142.339796152355,74.0,N_489
2024-05-11 23:45:19,66.96731,8.243622,72.35411,126.474556,849.23834,0.011004211,-8086.4706230458905,74.0,N_489
2024-05-11 23:45:20,66.918884,8.239944,72.29816,126.37664,849.23834,0.0114285005,-8028.295380767206,74.0,N_489
2024-05-11 23:45:21,66.87042,8.236267,72.2422,126.27173,849.23834,0.010852796,-7983.1614108876165,74.0,N_489
2024-05-11 23:45:22,66.82192,8.23262,72.193245,126.17381,849.23834,0.010678371,-7936.348281525068,74.0,N_489
2024-05-11 23:45:23,66.77338,8.228973,72.14429,126.0759,849.23834,0.0103064915,-7891.861739351847,74.0,N_489
2024-05-11 23:45:24,66.7248,8.225327,72.09532,125.977974,849.23834,0.0103295725,-7847.191124907113,74.0,N_489
2024-05-11 23:45:25,66.67618,8.22171,72.046364,125.88006,849.23834,0.010344887,-7802.370982950466,74.0,N_489
2024-05-11 23:45:26,66.62752,8.218094,71.997406,125.78214,849.23834,0.010652427,-7756.844863082846,74.0,N_489
2024-05-11 23:45:27,66.57882,8.214493,71.94845,125.691216,849.23834,0.010959965,-7700.229202039813,74.0,N_489
2024-05-11 23:45:28,66.53008,8.210907,71.892494,125.5933,849.23834,0.010404874,-7650.258213084093,74.0,N_489
2024-05-11 23:45:29,66.48131,8.207321,71.83654,125.495384,849.23834,0.010422555,-7607.141896597255,74.0,N_489
2024-05-11 23:45:30,66.432495,8.203751,71.78758,125.39747,849.23834,0.010053377,-7558.31514238182,74.0,N_489
2024-05-11 23:45:31,66.383644,8.200195,71.73163,125.30654,849.23834,0.009474641,-7520.872948938613,74.0,N_489
2024-05-11 23:45:32,66.334755,8.19664,71.68267,125.208626,849.23834,0.008518215,-7488.570935777545,74.0,N_489
2024-05-11 23:45:33,66.28582,8.1931,71.63371,125.1177,849.23834,0.008537376,-7455.77566525642,74.0,N_489
2024-05-11 23:45:34,66.236855,8.189575,71.584755,125.02678,849.23834,0.010104381,-7411.712232184051,74.0,N_489
2024-05-11 23:45:35,66.18784,8.186066,71.5358,124.92886,849.23834,0.010518308,-7359.420974179819,74.0,N_489
2024-05-11 23:45:36,66.138794,8.182556,71.47984,124.83794,849.2401,0.010930594,-7306.267249946013,74.0,N_489
2024-05-11 23:45:37,66.089714,8.179062,71.42389,124.74702,849.23834,0.010561214,-7255.663136985826,74.0,N_489
2024-05-11 23:45:38,66.04059,8.175583,71.367935,124.65609,849.2327,0.010203914,-7214.495883586802,74.0,N_489
2024-05-11 23:45:39,65.991425,8.172104,71.31898,124.56517,849.2327,0.009634668,-7167.912962945953,74.0,N_489
2024-05-11 23:45:40,65.94222,8.16864,71.26302,124.47424,849.2531,0.0094627915,-7131.368602070357,74.0,N_489
2024-05-11 23:45:41,65.892975,8.165192,71.214066,124.383316,849.255,0.009461472,-7092.374440065265,74.0,N_489
2024-05-11 23:45:42,65.8437,8.161758,71.16511,124.2924,849.18274,0.009579148,-7052.586734259672,74.0,N_489
2024-05-11 23:45:43,65.79438,8.158325,71.11615,124.20147,849.0735,0.009696825,-7012.007838382484,74.0,N_489
2024-05-11 23:45:44,65.74502,8.154907,71.06719,124.11055,849.0235,0.009518367,-6967.1436948306655,74.0,N_489
2024-05-11 23:45:45,65.695625,8.151489,71.01124,124.02662,849.03644,0.0093464535,-6924.44725633931,74.0,N_489
2024-05-11 23:45:46,65.64619,8.148102,70.955284,123.9357,849.0494,0.009463266,-6888.858492028612,74.0,N_489
2024-05-11 23:45:47,65.59671,8.144714,70.90633,123.85177,849.0457,0.009580079,-6848.510384784415,74.0,N_489
2024-05-11 23:45:48,65.547195,8.141342,70.85737,123.76084,849.042,0.009204175,-6812.050972225748,74.0,N_489
2024-05-11 23:45:49,65.49764,8.13797,70.80841,123.67691,849.042,0.009021535,-6770.140973548925,74.0,N_489
2024-05-11 23:45:50,65.44805,8.134613,70.75246,123.59299,849.0438,0.00884966,-6730.767161733467,74.0,N_489
2024-05-11 23:45:51,65.39842,8.131271,70.6965,123.50206,849.0438,0.009463184,-6688.457413227814,74.0,N_489
2024-05-11 23:45:52,65.348755,8.127945,70.64055,123.41813,849.0438,0.009686079,-6650.903300612619,74.0,N_489
2024-05-11 23:45:53,65.29904,8.124619,70.59159,123.334206,849.0438,0.009713347,-6610.714175624005,74.0,N_489
2024-05-11 23:45:54,65.2493,8.121307,70.54263,123.250275,849.0438,0.009723811,-6563.725118241324,74.0,N_489
2024-05-11 23:45:55,65.19951,8.118011,70.48668,123.16634,849.0438,0.009753542,-6518.913065284829,74.0,N_489
2024-05-11 23:45:56,65.14969,8.114716,70.430725,123.08241,849.0438,0.009769376,-6480.669396627916,74.0,N_489
2024-05-11 23:45:57,65.09982,8.111435,70.38177,122.99848,849.0438,0.009785211,-6433.137142456231,74.0,N_489
2024-05-11 23:45:58,65.04992,8.10817,70.32581,122.91456,849.0438,0.009411803,-6397.066131545758,74.0,N_489
2024-05-11 23:45:59,64.99998,8.104919,70.276855,122.83063,849.0438,0.0092375595,-6359.632082290518,74.0,N_489
2024-05-11 23:46:00,64.95,8.101669,70.2279,122.7467,849.0438,0.009844067,-6319.5951196714195,74.0,N_489
2024-05-11 23:46:01,64.89941,8.0985565,70.17894,122.66976,849.0438,0.009854371,-6271.101775876919,74.0,N_489
2024-05-11 23:46:02,64.84879,8.095444,70.122986,122.58583,849.0438,0.009875638,-6226.32542481738,74.0,N_489
2024-05-11 23:46:03,64.79816,8.092346,70.06703,122.508896,849.0438,0.009502305,-6182.646440072105,74.0,N_489
2024-05-11 23:46:04,64.747505,8.089249,70.01108,122.424965,849.0438,0.009336462,-6140.4178728707775,74.0,N_489
2024-05-11 23:46:05,64.69684,8.086151,69.955124,122.34104,849.0457,0.00976524,-6103.103122592329,74.0,N_489
2024-05-11 23:46:06,64.64615,8.083069,69.906166,122.26411,849.0457,0.009784076,-6062.884247339611,74.0,N_489
2024-05-11 23:46:07,64.595436,8.079987,69.85721,122.187164,849.0401,0.009005186,-6026.2773585500145,74.0,N_489
2024-05-11 23:46:08,64.54471,8.07692,69.80825,122.10324,849.03644,0.00821758,-5990.330776796036,74.0,N_489
2024-05-11 23:46:09,64.49396,8.073868,69.7523,122.026306,849.0457,0.007853012,-5958.979495740055,74.0,N_489
2024-05-11 23:46:10,64.44319,8.070801,69.69634,121.94937,849.0642,0.0076988484,-5928.665414131039,74.0,N_489
2024-05-11 23:46:11,64.3924,8.067749,69.64039,121.87244,849.03455,0.00790865,-5896.868442536688,74.0,N_489
2024-05-11 23:46:12,64.3416,8.064713,69.584435,121.795494,848.93274,0.007914035,-5870.502125716739,74.0,N_489
2024-05-11 23:46:13,64.29077,8.061676,69.53548,121.71856,848.842,0.007748787,-5842.708447988738,74.0,N_489
2024-05-11 23:46:14,64.23992,8.058655,69.48652,121.641624,848.8309,0.007574787,-5815.971108918002,74.0,N_489
2024-05-11 23:46:15,64.18906,8.055634,69.43756,121.56469,848.85126,0.007387594,-5785.249542025595,74.0,N_489
2024-05-11 23:46:16,64.138176,8.052612,69.38161,121.487755,848.8549,0.007413247,-5756.748993060413,74.0,N_489
2024-05-11 23:46:17,64.08727,8.049606,69.32565,121.41082,848.84937,0.00702683,-5730.907166973477,74.0,N_489
2024-05-11 23:46:18,64.03635,8.0466,69.26971,121.333885,848.8475,0.006452085,-5714.322557632124,74.0,N_489
2024-05-11 23:46:19,63.985405,8.04361,69.22074,121.26395,848.84937,0.0049069305,-5700.411956652351,74.0,N_489
2024-05-11 23:46:20,63.93444,8.040619,69.164795,121.18701,848.84937,0.004912167,-5689.76034541005,74.0,N_489
2024-05-11 23:46:21,63.88346,8.037643,69.10884,121.117065,848.84937,0.005039741,-5680.790824058648,74.0,N_489
2024-05-11 23:46:22,63.83246,8.034668,69.05988,121.04013,848.84937,0.005167315,-5668.886437975267,74.0,N_489
2024-05-11 23:46:23,63.781437,8.0316925,69.01092,120.963196,848.84937,0.004397756,-5659.283453603683,74.0,N_489
2024-05-11 23:46:24,63.730396,8.028732,68.95497,120.89326,848.84937,0.0044146036,-5651.121039190864,74.0,N_489
2024-05-11 23:46:25,63.679337,8.025787,68.89902,120.81632,848.84937,0.004650976,-5645.442663763446,74.0,N_489
2024-05-11 23:46:26,63.628258,8.022827,68.85006,120.74638,848.84937,0.005056775,-5630.9520743204375,74.0,N_489
2024-05-11 23:46:27,63.57716,8.019897,68.794106,120.67644,848.84937,0.00564668,-5618.796708454636,74.0,N_489
2024-05-11 23:46:28,63.526043,8.0169525,68.74515,120.6065,848.84937,0.0054684104,-5600.781511710542,74.0,N_489
2024-05-11 23:46:29,63.474903,8.014038,68.68919,120.529564,848.84937,0.005118162,-5588.557945904024,74.0,N_489
2024-05-11 23:46:30,63.423748,8.011108,68.63324,120.459625,848.84937,0.0057213926,-5571.860023938534,74.0,N_489
2024-05-11 23:46:31,63.37257,8.008194,68.577286,120.38968,848.84937,0.005739813,-5555.015332857594,74.0,N_489
2024-05-11 23:46:32,63.321373,8.005295,68.52133,120.31974,848.84937,0.006136777,-5535.422651613553,74.0,N_489
2024-05-11 23:46:33,63.27016,8.002396,68.46538,120.2498,848.85126,0.0067351554,-5510.855585740523,74.0,N_489
2024-05-11 23:46:34,63.218925,7.9994965,68.409424,120.17287,848.84937,0.007919736,-5491.344238266862,74.0,N_489
2024-05-11 23:46:35,63.16767,7.9966125,68.36746,120.10992,848.8438,0.008119052,-5452.892011287524,74.0,N_489
2024-05-11 23:46:36,63.116398,7.9937286,68.31151,120.03998,848.85126,0.008938586,-5413.939256795133,74.0,N_489
2024-05-11 23:46:37,63.065105,7.99086,68.255554,119.97003,848.8734,0.009723964,-5369.55215515933,74.0,N_489
2024-05-11 23:46:38,63.01379,7.9879913,68.1996,119.90009,848.86786,0.010509342,-5319.732078501143,74.0,N_489
2024-05-11 23:46:39,62.96246,7.985138,68.143654,119.830154,848.792,0.009962065,-5280.585451701543,74.0,N_489
2024-05-11 23:46:40,62.91111,7.9822845,68.09469,119.76021,848.6827,0.009414788,-5242.381264756263,74.0,N_489
2024-05-11 23:46:41,62.859737,7.9794464,68.04573,119.69027,848.6346,0.009433073,-5198.562857659374,74.0,N_489
2024-05-11 23:46:42,62.808346,7.976593,67.98978,119.62732,848.6475,0.0094306385,-5155.732286112838,74.0,N_489
2024-05-11 23:46:43,62.75694,7.97377,67.93383,119.55738,848.6605,0.010037056,-5110.186452503789,74.0,N_489
2024-05-11 23:46:44,62.70551,7.9709473,67.87788,119.49443,848.65674,0.010645208,-5058.900029886328,74.0,N_489
2024-05-11 23:46:45,62.65406,7.9681244,67.82192,119.42449,848.6531,0.010468913,-5009.101916911062,74.0,N_489
2024-05-11 23:46:46,62.602592,7.965317,67.76597,119.35455,848.6531,0.010095877,-4970.238940590869,74.0,N_489
2024-05-11 23:46:47,62.551105,7.962509,67.71701,119.2916,848.6549,0.0097343195,-4923.901145341835,74.0,N_489
2024-05-11 23:46:48,62.499596,7.959717,67.66106,119.22866,848.6549,0.009372763,-4887.785258039981,74.0,N_489
2024-05-11 23:46:49,62.44807,7.9569244,67.6121,119.158714,848.6549,0.009194221,-4845.367641831745,74.0,N_489
2024-05-11 23:46:50,62.396526,7.954132,67.556145,119.09577,848.6549,0.009603528,-4801.070304383546,74.0,N_489
2024-05-11 23:46:51,62.34496,7.951355,67.50019,119.025826,848.6549,0.009628728,-4758.065679736141,74.0,N_489
2024-05-11 23:46:52,62.293373,7.948593,67.44424,118.96288,848.6549,0.009253122,-4717.277641605153,74.0,N_489
2024-05-11 23:46:53,62.24177,7.9458313,67.38828,118.89993,848.6549,0.008683688,-4680.342561027093,74.0,N_489
2024-05-11 23:46:54,62.190147,7.9430695,67.33234,118.83699,848.6549,0.0077210516,-4654.300199951118,74.0,N_489
2024-05-11 23:46:55,62.138504,7.940323,67.28337,118.767044,848.6549,0.0061804773,-4632.234637489462,74.0,N_489
2024-05-11 23:46:56,62.08684,7.9375763,67.227425,118.7041,848.6549,0.005412106,-4621.3108094155905,74.0,N_489
2024-05-11 23:46:57,62.03516,7.9348297,67.17846,118.64115,848.6549,0.005027972,-4606.749725530015,74.0,N_489
2024-05-11 23:46:58,61.98346,7.9320984,67.12251,118.57821,848.6549,0.0050441106,-4595.058179474785,74.0,N_489
2024-05-11 23:46:59,61.931736,7.9293823,67.06656,118.522255,848.6549,0.0050621787,-4582.338282140576,74.0,N_489
2024-05-11 23:47:00,61.879997,7.9266663,67.010605,118.459305,848.65125,0.005083014,-4569.760381548436,74.0,N_489
2024-05-11 23:47:01,61.828484,7.9239655,66.95465,118.396355,848.65125,0.0051011276,-4557.04038921517,74.0,N_489
2024-05-11 23:47:02,61.776943,7.92128,66.8987,118.33341,848.66785,0.00590793,-4538.794274812197,74.0,N_489
2024-05-11 23:47:03,61.725372,7.9185944,66.84274,118.27046,848.66974,0.0067145857,-4519.757183080659,74.0,N_489
2024-05-11 23:47:04,61.673775,7.915924,66.793785,118.20752,848.6012,0.0075187176,-4493.351761249778,74.0,N_489
2024-05-11 23:47:05,61.62215,7.913254,66.74483,118.14457,848.49194,0.007927034,-4465.479887857535,74.0,N_489
2024-05-11 23:47:06,61.570496,7.9105835,66.69587,118.088615,848.4346,0.008136843,-4423.351340957244,74.0,N_489
2024-05-11 23:47:07,61.518818,7.9079285,66.63292,118.02567,848.44006,0.007766925,-4394.717932389027,74.0,N_489
2024-05-11 23:47:08,61.46711,7.9052734,66.57697,117.96272,848.46234,0.0075930785,-4364.8199440868775,74.0,N_489
2024-05-11 23:47:09,61.41537,7.9026337,66.52102,117.89977,848.4642,0.0077955667,-4334.46229063924,74.0,N_489
2024-05-11 23:47:10,61.36361,7.899994,66.465065,117.84383,848.4586,0.00782084,-4308.157123111767,74.0,N_489
2024-05-11 23:47:11,61.311817,7.897354,66.41611,117.780876,848.4586,0.007831337,-4275.09793506411,74.0,N_489
2024-05-11 23:47:12,61.26,7.8947296,66.36015,117.72492,848.46045,0.00764585,-4244.442102929348,74.0,N_489
2024-05-11 23:47:13,61.20815,7.892105,66.3042,117.66198,848.46045,0.0074686185,-4216.193472016272,74.0,N_489
2024-05-11 23:47:14,61.156277,7.889496,66.248245,117.606026,848.46045,0.0072913873,-4187.913388241675,74.0,N_489
2024-05-11 23:47:15,61.104374,7.8868866,66.19229,117.543076,848.46045,0.006933851,-4163.219895284528,74.0,N_489
2024-05-11 23:47:16,61.05244,7.8842926,66.13634,117.48712,848.46045,0.006557074,-4145.4410082552495,74.0,N_489
2024-05-11 23:47:17,61.000484,7.8816986,66.08738,117.43117,848.46045,0.0065820967,-4120.366886108604,74.0,N_489
2024-05-11 23:47:18,60.948498,7.8791046,66.031425,117.37522,848.46045,0.006607426,-4101.313138049605,74.0,N_489
2024-05-11 23:47:19,60.896484,7.876526,65.98247,117.31227,848.46045,0.0066255415,-4076.2023708201014,74.0,N_489
2024-05-11 23:47:20,60.84444,7.873947,65.92651,117.25632,848.46045,0.006250987,-4055.719017010975,74.0,N_489
2024-05-11 23:47:21,60.792374,7.8713837,65.87057,117.20036,848.46045,0.0054871375,-4040.359092905732,74.0,N_489
2024-05-11 23:47:22,60.740276,7.86882,65.81461,117.14441,848.46045,0.0055048983,-4024.1593305812494,74.0,N_489
2024-05-11 23:47:23,60.68815,7.8662567,65.75866,117.08147,848.4567,0.0055254353,-4008.7995197708588,74.0,N_489
2024-05-11 23:47:24,60.635998,7.8637085,65.702705,117.02551,848.4567,0.005565473,-3992.8575221691717,74.0,N_489
2024-05-11 23:47:25,60.583817,7.8611603,65.64675,116.96956,848.4697,0.0058614234,-3974.8985501433635,74.0,N_489
2024-05-11 23:47:26,60.53161,7.8586273,65.5908,116.913605,848.47156,0.006157374,-3959.314937371295,74.0,N_489
2024-05-11 23:47:27,60.479374,7.8560944,65.54184,116.85765,848.41974,0.0057835355,-3939.435548132242,74.0,N_489
2024-05-11 23:47:28,60.42711,7.8535767,65.485886,116.8017,848.32715,0.005610131,-3927.1190194137016,74.0,N_489
2024-05-11 23:47:29,60.374817,7.851059,65.43693,116.74575,848.26044,0.0058044973,-3907.0614873223167,74.0,N_489
2024-05-11 23:47:30,60.3225,7.8485413,65.380974,116.6898,848.25305,0.0056360085,-3890.532353202296,74.0,N_489
2024-05-11 23:47:31,60.27015,7.846039,65.32502,116.63384,848.266,0.004692038,-3880.372240000397,74.0,N_489
2024-05-11 23:47:32,60.217773,7.8435364,65.26907,116.57789,848.2679,0.0043357443,-3872.598864557134,74.0,N_489
2024-05-11 23:47:33,60.16537,7.841034,65.21312,116.521935,848.2641,0.003986633,-3867.6528272417927,74.0,N_489
2024-05-11 23:47:34,60.11294,7.8385468,65.157166,116.47298,848.2641,0.0045894543,-3861.107667409902,74.0,N_489
2024-05-11 23:47:35,60.060482,7.836075,65.10821,116.41702,848.266,0.004609765,-3845.6853112073586,74.0,N_489
2024-05-11 23:47:36,60.007996,7.833603,65.04526,116.36107,848.266,0.004256101,-3840.7911899885657,74.0,N_489
2024-05-11 23:47:37,59.955482,7.831131,64.9893,116.305115,848.266,0.0062906654,-3819.6896980833044,74.0,N_489
2024-05-11 23:47:38,59.902943,7.8286743,64.93335,116.24917,848.266,0.0047675674,-3809.477009577211,74.0,N_489
2024-05-11 23:47:39,59.850372,7.8262177,64.8774,116.2002,848.266,0.004456036,-3803.644919714192,74.0,N_489
2024-05-11 23:47:40,59.797775,7.823761,64.82844,116.14426,848.266,0.005048106,-3788.512664313508,74.0,N_489
2024-05-11 23:47:41,59.74515,7.8213196,64.77249,116.0883,848.266,0.004892738,-3777.414851981186,74.0,N_489
2024-05-11 23:47:42,59.692497,7.818878,64.71654,116.039345,848.266,0.0052120397,-3763.242547584763,74.0,N_489
2024-05-11 23:47:43,59.639816,7.816452,64.66058,115.98339,848.266,0.004465367,-3754.9630922789,74.0,N_489
2024-05-11 23:47:44,59.58711,7.814026,64.60463,115.93443,848.2641,0.003718695,-3750.894258994158,74.0,N_489
2024-05-11 23:47:45,59.534374,7.811615,64.548676,115.87848,848.2641,0.00415194,-3747.678190301609,74.0,N_489
2024-05-11 23:47:46,59.48161,7.809204,64.49972,115.82952,848.266,0.0034184002,-3743.221407405581,74.0,N_489
2024-05-11 23:47:47,59.428818,7.806793,64.44376,115.77357,848.2679,0.0036214218,-3740.510492361471,74.0,N_489
2024-05-11 23:47:48,59.376,7.8043976,64.38781,115.72461,848.2641,0.0034565574,-3740.6096678136237,74.0,N_489
2024-05-11 23:47:49,59.32315,7.802002,64.33885,115.668655,848.26044,0.003669953,-3735.1507191832206,74.0,N_489
2024-05-11 23:47:50,59.270275,7.7996216,64.2829,115.6197,848.2679,0.0036775644,-3729.043197412444,74.0,N_489
2024-05-11 23:47:51,59.217373,7.797241,64.219955,115.57074,848.2864,0.0033198977,-3727.9611647268684,74.0,N_489
2024-05-11 23:47:52,59.164444,7.794861,64.157005,115.521774,848.2568,0.0031646818,-3729.93233338579,74.0,N_489
2024-05-11 23:47:53,59.111485,7.7924957,64.10105,115.46583,848.153,0.0032826313,-3731.7657471439234,74.0,N_489
2024-05-11 23:47:54,59.0585,7.790146,64.05209,115.41686,848.06415,0.0034005805,-3727.75504188623,74.0,N_489
2024-05-11 23:47:55,59.005486,7.787781,63.99614,115.367905,848.053,0.0027757233,-3730.3012470652975,74.0,N_489
2024-05-11 23:47:56,58.952442,7.785431,63.94019,115.31895,848.07336,0.0026233941,-3735.7421633436534,74.0,N_489
2024-05-11 23:47:57,58.899372,7.7830963,63.891228,115.26999,848.0789,0.0028666733,-3734.889034024338,74.0,N_489
2024-05-11 23:47:58,58.846275,7.7807617,63.835278,115.214035,848.07336,0.0034719878,-3733.01780982894,74.0,N_489
2024-05-11 23:47:59,58.79315,7.778427,63.779324,115.16508,848.0697,0.0025199857,-3737.2233111683818,74.0,N_489
2024-05-11 23:48:00,58.739998,7.776108,63.72337,115.11612,848.0697,0.0027051568,-3742.1263262775537,74.0,N_489
2024-05-11 23:48:01,58.686653,7.7738495,63.67441,115.06716,848.07153,0.00253574,-3743.81367898958,74.0,N_489
2024-05-11 23:48:02,58.633286,7.7716064,63.618458,115.0182,848.07153,0.0027459592,-3744.4601364757254,74.0,N_489
2024-05-11 23:48:03,58.5799,7.7693634,63.55551,114.969246,848.0697,0.0027457022,-3749.4892156156056,74.0,N_489
2024-05-11 23:48:04,58.526485,7.7671204,63.499557,114.92028,848.0697,0.0035501244,-3746.732692077094,74.0,N_489
2024-05-11 23:48:05,58.473053,7.7648926,63.443607,114.87132,848.07153,0.0035624923,-3743.8757494565652,74.0,N_489
2024-05-11 23:48:06,58.419598,7.7626495,63.387653,114.822365,848.07153,0.0047206604,-3736.6388359321936,74.0,N_489
2024-05-11 23:48:07,58.36612,7.7604218,63.338696,114.77341,848.0697,0.004381482,-3725.8808077951253,74.0,N_489
2024-05-11 23:48:08,58.312622,7.758209,63.28274,114.72445,848.0697,0.0040324526,-3719.831479481996,74.0,N_489
2024-05-11 23:48:09,58.259098,7.7559814,63.226788,114.67549,848.07153,0.004034598,-3713.753797192432,74.0,N_489
2024-05-11 23:48:10,58.205555,7.753769,63.170837,114.62653,848.07153,0.0040394785,-3708.115877872442,74.0,N_489
2024-05-11 23:48:11,58.15199,7.7515564,63.114883,114.584564,848.0697,0.0050192378,-3698.7293709823934,74.0,N_489
2024-05-11 23:48:12,58.0984,7.749359,63.065926,114.53561,848.066,0.00504187,-3679.7805866307535,74.0,N_489
2024-05-11 23:48:13,58.04479,7.7471466,63.002975,114.48665,848.07153,0.0063870596,-3660.228015798617,74.0,N_489
2024-05-11 23:48:14,57.991154,7.7449493,62.947025,114.43769,848.08636,0.006436969,-3633.239382239648,74.0,N_489
2024-05-11 23:48:15,57.9375,7.742752,62.88408,114.38873,848.06415,0.006466055,-3617.7444387478026,74.0,N_489
2024-05-11 23:48:16,57.88382,7.74057,62.835117,114.339775,847.9845,0.00572612,-3598.526904476057,74.0,N_489
2024-05-11 23:48:17,57.83012,7.738388,62.779167,114.297806,847.89746,0.0047865324,-3590.425222775608,74.0,N_489
2024-05-11 23:48:18,57.776398,7.736206,62.730206,114.24885,847.8604,0.0047837715,-3577.3954998084737,74.0,N_489
2024-05-11 23:48:19,57.722652,7.734024,62.674255,114.20689,847.8697,0.004223101,-3569.6209234574126,74.0,N_489
2024-05-11 23:48:20,57.668888,7.731842,62.6183,114.15793,847.8808,0.0042379084,-3562.002016232487,74.0,N_489
2024-05-11 23:48:21,57.615097,7.7296753,62.562347,114.10896,847.8771,0.004262857,-3554.7389113421013,74.0,N_489
2024-05-11 23:48:22,57.561287,7.7275085,62.506393,114.067,847.87524,0.0042849416,-3543.8711064524105,74.0,N_489
2024-05-11 23:48:23,57.507454,7.725357,62.443447,114.02504,847.87524,0.004689981,-3535.2612089078902,74.0,N_489
2024-05-11 23:48:24,57.453598,7.7231903,62.387493,113.97608,847.8771,0.005095021,-3521.8064061991827,74.0,N_489
2024-05-11 23:48:25,57.399723,7.721039,62.331543,113.92712,847.87524,0.005310873,-3507.5591813193896,74.0,N_489
2024-05-11 23:48:26,57.34582,7.7189026,62.27559,113.885155,847.87524,0.005524383,-3494.856281806795,74.0,N_489
2024-05-11 23:48:27,57.2919,7.716751,62.22663,113.8362,847.87524,0.0053550615,-3477.9175287862963,74.0,N_489
2024-05-11 23:48:28,57.237953,7.714615,62.170677,113.79423,847.87524,0.0054660765,-3457.6484471109434,74.0,N_489
2024-05-11 23:48:29,57.183987,7.7124786,62.10773,113.74527,847.87524,0.005577092,-3443.944360745925,74.0,N_489
2024-05-11 23:48:30,57.129997,7.7103424,62.051777,113.70331,847.87524,0.0056016236,-3427.4286525658463,74.0,N_489
2024-05-11 23:48:31,57.07599,7.7082214,61.995823,113.66135,847.87524,0.0056130625,-3410.0870484391708,74.0,N_489
2024-05-11 23:48:32,57.021954,7.7061005,61.939873,113.61238,847.87524,0.0056375535,-3393.5659985809107,74.0,N_489
2024-05-11 23:48:33,56.9679,7.7039795,61.88392,113.57042,847.8771,0.0056489413,-3376.6886612073213,74.0,N_489
2024-05-11 23:48:34,56.913822,7.7018585,61.827965,113.52846,847.87524,0.0058568,-3362.689310498361,74.0,N_489
2024-05-11 23:48:35,56.859722,7.699753,61.779007,113.48649,847.8697,0.005300462,-3345.021298616739,74.0,N_489
2024-05-11 23:48:36,56.8056,7.697647,61.723053,113.43753,847.87897,0.0055031343,-3329.3282311318762,74.0,N_489
2024-05-11 23:48:37,56.751453,7.6955414,61.667103,113.39557,847.9012,0.0047507687,-3314.820965980529,74.0,N_489
2024-05-11 23:48:38,56.69729,7.6934357,61.604153,113.3536,847.8956,0.004571048,-3306.7494324997315,74.0,N_489
2024-05-11 23:48:39,56.6431,7.691345,61.548203,113.30464,847.8197,0.004600767,-3300.3270757670907,74.0,N_489
2024-05-11 23:48:40,56.58889,7.6892548,61.49924,113.26268,847.7104,0.004246743,-3290.2696691316014,74.0,N_489
2024-05-11 23:48:41,56.534657,7.6871643,61.44329,113.22071,847.66223,0.0040598917,-3283.2411290175223,74.0,N_489
2024-05-11 23:48:42,56.4804,7.685089,61.387337,113.17175,847.6734,0.0044505163,-3274.9435819141654,74.0,N_489
2024-05-11 23:48:43,56.42612,7.683014,61.331383,113.13679,847.68634,0.004090987,-3267.971077124166,74.0,N_489
2024-05-11 23:48:44,56.371822,7.6809387,61.275433,113.09482,847.6826,0.0037367584,-3263.5918656075373,74.0,N_489
2024-05-11 23:48:45,56.3175,7.6788635,61.21948,113.05286,847.67896,0.003532481,-3260.069122646106,74.0,N_489
2024-05-11 23:48:46,56.263157,7.6768036,61.163525,113.0039,847.6807,0.0033510877,-3258.4800287909748,74.0,N_489
2024-05-11 23:48:47,56.20879,7.6747437,61.10757,112.96193,847.6807,0.0035944618,-3255.004645936926,74.0,N_489
2024-05-11 23:48:48,56.1544,7.6726837,61.05162,112.91997,847.6807,0.0045296676,-3245.3063933510493,74.0,N_489
2024-05-11 23:48:49,56.099987,7.670639,60.995667,112.878006,847.6807,0.004397141,-3236.4730449631606,74.0,N_489
2024-05-11 23:48:50,56.045555,7.668579,60.939713,112.83604,847.6807,0.004596169,-3226.3060009680994,74.0,N_489
2024-05-11 23:48:51,55.9911,7.6665344,60.883762,112.794075,847.6807,0.0050061964,-3213.396875769984,74.0,N_489
2024-05-11 23:48:52,55.936623,7.664505,60.82781,112.752106,847.6807,0.005043018,-3196.5147209997886,74.0,N_489
2024-05-11 23:48:53,55.882122,7.6624603,60.764862,112.710144,847.6807,0.0050563263,-3185.58691851762,74.0,N_489
2024-05-11 23:48:54,55.8276,7.660431,60.708908,112.66818,847.6807,0.005445362,-3169.711166619134,74.0,N_489
2024-05-11 23:48:55,55.773056,7.6584015,60.652954,112.62621,847.6807,0.0058569997,-3151.0842889863998,74.0,N_489
2024-05-11 23:48:56,55.71849,7.6563873,60.597,112.58425,847.6807,0.0060581393,-3131.8493073023783,74.0,N_489
2024-05-11 23:48:57,55.6639,7.654358,60.54105,112.54928,847.6807,0.0060483073,-3111.659360645899,74.0,N_489
2024-05-11 23:48:58,55.609287,7.6523438,60.485096,112.50732,847.6826,0.006103052,-3091.3434740698067,74.0,N_489
2024-05-11 23:48:59,55.554657,7.650345,60.429142,112.46535,847.6826,0.0062856125,-3069.799324538748,74.0,N_489
2024-05-11 23:49:00,55.5,7.6483307,60.37319,112.423386,847.67706,0.0063116527,-3048.059789150444,74.0,N_489
2024-05-11 23:49:01,55.445324,7.6463623,60.317238,112.381424,847.67706,0.0061379615,-3031.904644267197,74.0,N_489
2024-05-11 23:49:02,55.39062,7.644409,60.26828,112.339455,847.6937,0.0067284913,-3005.019045530411,74.0,N_489
2024-05-11 23:49:03,55.3359,7.642441,60.212326,112.29749,847.69745,0.0071315123,-2978.667054200363,74.0,N_489
2024-05-11 23:49:04,55.281155,7.6404877,60.156372,112.26252,847.6271,0.006965098,-2952.2556568276923,74.0,N_489
2024-05-11 23:49:05,55.22639,7.6385345,60.100418,112.22056,847.5178,0.006978349,-2926.8740420152317,74.0,N_489
2024-05-11 23:49:06,55.1716,7.6365967,60.044468,112.185585,847.4604,0.006998981,-2900.198537370372,74.0,N_489
2024-05-11 23:49:07,55.11679,7.6346436,59.988514,112.14362,847.46783,0.006438285,-2877.490719806221,74.0,N_489
2024-05-11 23:49:08,55.061954,7.6327057,59.93256,112.101654,847.48816,0.006264758,-2856.72451435987,74.0,N_489
2024-05-11 23:49:09,55.0071,7.6307526,59.87661,112.06669,847.4919,0.00628036,-2834.7802538426695,74.0,N_489
2024-05-11 23:49:10,54.95222,7.6288147,59.820656,112.02472,847.4863,0.006298822,-2808.3243793521906,74.0,N_489
2024-05-11 23:49:11,54.897324,7.626892,59.75771,111.98276,847.4863,0.0063062343,-2789.5644099602287,74.0,N_489
2024-05-11 23:49:12,54.8424,7.624954,59.701756,111.947784,847.4863,0.006145442,-2768.466426533967,74.0,N_489
2024-05-11 23:49:13,54.787457,7.6230164,59.6458,111.90582,847.4863,0.005765007,-2750.8866597931265,74.0,N_489
2024-05-11 23:49:14,54.73249,7.6210938,59.58985,111.87085,847.4863,0.0055889683,-2733.4638472442093,74.0,N_489
2024-05-11 23:49:15,54.6775,7.619171,59.533897,111.82889,847.4863,0.0056075025,-2716.148560696485,74.0,N_489
2024-05-11 23:49:16,54.62249,7.6172485,59.477943,111.78692,847.4863,0.005814651,-2698.1963812620597,74.0,N_489
2024-05-11 23:49:17,54.567455,7.615326,59.42199,111.75195,847.4863,0.0054501058,-2681.6512266875216,74.0,N_489
2024-05-11 23:49:18,54.5124,7.6134186,59.36604,111.709984,847.4863,0.005657142,-2664.6975584379834,74.0,N_489
2024-05-11 23:49:19,54.45732,7.611511,59.310085,111.67502,847.4863,0.0052899183,-2649.185873233342,74.0,N_489
2024-05-11 23:49:20,54.40222,7.6095886,59.25413,111.63305,847.4863,0.0060736854,-2629.4751559927536,74.0,N_489
2024-05-11 23:49:21,54.3471,7.6076813,59.198177,111.598076,847.48816,0.0060890364,-2604.1332225926017,74.0,N_489
2024-05-11 23:49:22,54.291954,7.605789,59.13523,111.556114,847.48816,0.006491811,-2583.9729458700967,74.0,N_489
2024-05-11 23:49:23,54.23679,7.603882,59.07928,111.52114,847.4826,0.006501832,-2560.292472843699,74.0,N_489
2024-05-11 23:49:24,54.1816,7.6019897,59.023327,111.47918,847.4826,0.0065221223,-2537.5789427735726,74.0,N_489
2024-05-11 23:49:25,54.12639,7.6000977,58.967373,111.44421,847.5011,0.0067311865,-2513.236673460662,74.0,N_489
2024-05-11 23:49:26,54.071156,7.5981903,58.91142,111.40924,847.5159,0.0065552155,-2489.1460728281454,74.0,N_489
2024-05-11 23:49:27,54.0159,7.5963135,58.85547,111.36727,847.47705,0.006573167,-2466.0487491553067,74.0,N_489
2024-05-11 23:49:28,53.96062,7.5944214,58.799515,111.332306,847.3733,0.0062064826,-2444.2505816042685,74.0,N_489
2024-05-11 23:49:29,53.905323,7.5925446,58.74356,111.29034,847.2844,0.0058400063,-2425.92922150941,74.0,N_489
2024-05-11 23:49:30,53.85,7.5906525,58.68761,111.25537,847.2752,0.005858105,-2407.22694982127,74.0,N_489
2024-05-11 23:49:31,53.794655,7.5887756,58.631657,111.2204,847.2937,0.005683029,-2393.8416457744097,74.0,N_489
2024-05-11 23:49:32,53.73929,7.586899,58.5827,111.185425,847.2974,0.0055079525,-2374.339522691058,74.0,N_489
2024-05-11 23:49:33,53.6839,7.585037,58.526745,111.14346,847.2919,0.0053337705,-2355.3029606517593,74.0,N_489
2024-05-11 23:49:34,53.62849,7.5831604,58.4638,111.10849,847.29,0.0051595885,-2339.5884455845953,74.0,N_489
2024-05-11 23:49:35,53.573055,7.581299,58.40085,111.073524,847.2919,0.0047991304,-2330.065830224121,74.0,N_489
2024-05-11 23:49:36,53.5176,7.5794373,58.3449,111.03855,847.2919,0.0044492916,-2319.893625749297,74.0,N_489
2024-05-11 23:49:37,53.462124,7.5775757,58.288944,110.99659,847.2919,0.0044596125,-2310.4992026647233,74.0,N_489
2024-05-11 23:49:38,53.406624,7.575714,58.23299,110.96162,847.2919,0.0044728266,-2300.766610665094,74.0,N_489
2024-05-11 23:49:39,53.3511,7.5738525,58.17704,110.92664,847.2919,0.004483095,-2290.949944403277,74.0,N_489
2024-05-11 23:49:40,53.295555,7.572006,58.121086,110.89168,847.2919,0.0043113623,-2282.2468732637208,74.0,N_489
2024-05-11 23:49:41,53.23999,7.57016,58.065132,110.856705,847.2919,0.0045167585,-2275.4994328770335,74.0,N_489
2024-05-11 23:49:42,53.1844,7.5683136,58.016174,110.82173,847.2919,0.0045402604,-2262.3221235910605,74.0,N_489
2024-05-11 23:49:43,53.128788,7.5664673,57.96022,110.77977,847.2919,0.0045481957,-2252.2589393898306,74.0,N_489
2024-05-11 23:49:44,53.073154,7.564621,57.904266,110.7448,847.2919,0.004573755,-2238.377737862371,74.0,N_489
2024-05-11 23:49:45,53.0175,7.56279,57.84132,110.70982,847.2919,0.004970619,-2223.876000705881,74.0,N_489
2024-05-11 23:49:46,52.961823,7.5609436,57.778374,110.67486,847.2937,0.00536497,-2210.4577118031666,74.0,N_489
2024-05-11 23:49:47,52.906124,7.5591125,57.72242,110.639885,847.2937,0.0054761134,-2194.0005422170143,74.0,N_489
2024-05-11 23:49:48,52.8504,7.5572815,57.66647,110.60491,847.2919,0.0055872574,-2176.7946903223856,74.0,N_489
2024-05-11 23:49:49,52.794655,7.5554657,57.610516,110.56995,847.2863,0.0058018146,-2158.1628762684195,74.0,N_489
2024-05-11 23:49:50,52.738888,7.5536346,57.55456,110.53497,847.2937,0.005831916,-2143.5948231380607,74.0,N_489
2024-05-11 23:49:51,52.6831,7.551819,57.505604,110.5,847.31226,0.0058474,-2122.3427729861723,74.0,N_489
2024-05-11 23:49:52,52.62729,7.550003,57.44965,110.465034,847.2844,0.005851755,-2103.339000969776,74.0,N_489
2024-05-11 23:49:53,52.571457,7.5481873,57.3937,110.43006,847.18256,0.005871481,-2084.1868164019106,74.0,N_489
2024-05-11 23:49:54,52.515602,7.5463715,57.337746,110.395096,847.09,0.005689551,-2066.215731810502,74.0,N_489
2024-05-11 23:49:55,52.45972,7.5445557,57.28179,110.36012,847.06964,0.0057092817,-2048.0994707029095,74.0,N_489
2024-05-11 23:49:56,52.403824,7.542755,57.225838,110.32515,847.09,0.005912863,-2024.2421258911418,74.0,N_489
2024-05-11 23:49:57,52.3479,7.5409546,57.16289,110.290184,847.10297,0.0055647027,-2005.2007830553339,74.0,N_489
2024-05-11 23:49:58,52.291958,7.539154,57.099945,110.25521,847.09924,0.005576223,-1990.1925121718305,74.0,N_489
2024-05-11 23:49:59,52.23599,7.5373535,57.04399,110.22024,847.0956,0.005404881,-1974.689211225028,74.0,N_489
2024-05-11 23:50:00,52.18,7.535553,56.98804,110.19226,847.09735,0.005414326,-1962.1637385817376,74.0,N_489
2024-05-11 23:50:01,52.12399,7.5337677,56.93908,110.157295,847.09735,0.0054216385,-1942.7537119351982,74.0,N_489
2024-05-11 23:50:02,52.067955,7.5319824,56.88313,110.115326,847.09735,0.0054289512,-1926.5992824195564,74.0,N_489
2024-05-11 23:50:03,52.0119,7.530197,56.827175,110.08036,847.09735,0.0054434706,-1906.6862979350917,74.0,N_489
2024-05-11 23:50:04,51.955822,7.528412,56.76423,110.05238,847.09735,0.0054651466,-1888.0291729410455,74.0,N_489
2024-05-11 23:50:05,51.899723,7.5266266,56.70128,110.01741,847.09735,0.0054897205,-1874.170704368502,74.0,N_489
2024-05-11 23:50:06,51.8436,7.5248566,56.64533,109.98943,847.09735,0.005875647,-1854.5488490764328,74.0,N_489
2024-05-11 23:50:07,51.787457,7.5230865,56.589375,109.95446,847.09735,0.005701641,-1836.287374554442,74.0,N_489
2024-05-11 23:50:08,51.73129,7.5213165,56.53342,109.919495,847.09735,0.00572397,-1821.0630406988057,74.0,N_489
2024-05-11 23:50:09,51.6751,7.5195465,56.484463,109.877525,847.09735,0.006102125,-1798.864755421142,74.0,N_489
2024-05-11 23:50:10,51.61889,7.5177765,56.42851,109.84955,847.09735,0.0059281653,-1778.8392282362838,74.0,N_489
2024-05-11 23:50:11,51.562656,7.5160217,56.37256,109.81458,847.09735,0.006128055,-1753.1616884652685,74.0,N_489
2024-05-11 23:50:12,51.5064,7.5142517,56.30961,109.77961,847.09735,0.0061441003,-1730.335661356774,74.0,N_489
2024-05-11 23:50:13,51.450123,7.512497,56.246662,109.75163,847.09735,0.006160107,-1715.4904570474755,74.0,N_489
2024-05-11 23:50:14,51.39382,7.510742,56.197704,109.71666,847.09735,0.0061749257,-1691.7253078393624,74.0,N_489
2024-05-11 23:50:15,51.3375,7.5089874,56.14175,109.681694,847.09735,0.006188812,-1670.927629764752,74.0,N_489
2024-05-11 23:50:16,51.281155,7.507248,56.0858,109.65372,847.09924,0.006015085,-1645.7752489965715,74.0,N_489
2024-05-11 23:50:17,51.22479,7.505493,56.02285,109.618744,847.09924,0.0057503115,-1629.2952414729298,74.0,N_489
2024-05-11 23:50:18,51.1684,7.5037537,55.9669,109.58378,847.0937,0.0054855375,-1616.2780519691732,74.0,N_489
2024-05-11 23:50:19,51.111988,7.502014,55.91794,109.548805,847.0937,0.0051228493,-1600.0602840896026,74.0,N_489
2024-05-11 23:50:20,51.055553,7.5002747,55.861988,109.52083,847.11035,0.0047655017,-1587.5474996952398,74.0,N_489
2024-05-11 23:50:21,50.9991,7.4985504,55.806034,109.485855,847.1141,0.00477979,-1575.1483718890668,74.0,N_489
2024-05-11 23:50:22,50.942623,7.496811,55.75008,109.45089,847.0437,0.004606964,-1561.0203200218311,74.0,N_489
2024-05-11 23:50:23,50.88612,7.4950867,55.687134,109.42291,846.93445,0.0046262443,-1548.7747743919026,74.0,N_489
2024-05-11 23:50:24,50.8296,7.4933624,55.624187,109.394936,846.877,0.0040817694,-1542.9738779155741,74.0,N_489
2024-05-11 23:50:25,50.773056,7.491638,55.568233,109.35996,846.88257,0.0040962324,-1535.0275062304936,74.0,N_489
2024-05-11 23:50:26,50.716488,7.489914,55.51228,109.32499,846.9048,0.004113622,-1526.953529334518,74.0,N_489
2024-05-11 23:50:27,50.6599,7.4881897,55.45633,109.29002,846.9066,0.0041229487,-1522.4266725479756,74.0,N_489
2024-05-11 23:50:28,50.603287,7.4864807,55.407368,109.26205,846.90295,0.0041403733,-1512.237642116248,74.0,N_489
2024-05-11 23:50:29,50.546654,7.4847717,55.351418,109.23407,846.90106,0.0041576675,-1503.6080766940577,74.0,N_489
2024-05-11 23:50:30,50.489998,7.4830627,55.295464,109.1991,846.90295,0.004166906,-1492.0470753724876,74.0,N_489
2024-05-11 23:50:31,50.433323,7.4813538,55.232517,109.16413,846.90295,0.0041781245,-1486.2865964625234,74.0,N_489
2024-05-11 23:50:32,50.37662,7.479645,55.176563,109.136154,846.90295,0.0040090913,-1478.596046034283,74.0,N_489
2024-05-11 23:50:33,50.3199,7.477951,55.12061,109.10118,846.90295,0.004209534,-1470.359417639731,74.0,N_489
2024-05-11 23:50:34,50.263153,7.476242,55.06466,109.073204,846.90295,0.0042237076,-1461.7988070999418,74.0,N_489
2024-05-11 23:50:35,50.206387,7.4745483,55.008705,109.04523,846.90295,0.004054826,-1450.7723937727424,74.0,N_489
2024-05-11 23:50:36,50.149597,7.4728546,54.94576,109.010254,846.90295,0.0041593867,-1448.156667664247,74.0,N_489
2024-05-11 23:50:37,50.09279,7.471176,54.8968,108.982285,846.90295,0.0042639473,-1436.4640062917897,74.0,N_489
2024-05-11 23:50:38,50.035954,7.4694824,54.840847,108.94731,846.90295,0.0042809565,-1423.9450777861712,74.0,N_489
2024-05-11 23:50:39,49.9791,7.467804,54.7779,108.91234,846.90295,0.0043020025,-1417.2630185906164,74.0,N_489
2024-05-11 23:50:40,49.922222,7.46611,54.721947,108.88436,846.90295,0.004315974,-1404.783406065806,74.0,N_489
2024-05-11 23:50:41,49.865322,7.464432,54.659,108.856384,846.90295,0.0043369364,-1400.8559242121773,74.0,N_489
2024-05-11 23:50:42,49.8084,7.4627533,54.61004,108.82841,846.90295,0.004341751,-1385.3819230895897,74.0,N_489
2024-05-11 23:50:43,49.751453,7.46109,54.547092,108.79344,846.90295,0.0043626367,-1378.2476555275862,74.0,N_489
2024-05-11 23:50:44,49.69449,7.4594116,54.491142,108.765465,846.90295,0.0043764734,-1365.2741327136755,74.0,N_489
2024-05-11 23:50:45,49.6375,7.4577484,54.428192,108.73749,846.90295,0.00439019,-1357.0982562220015,74.0,N_489
2024-05-11 23:50:46,49.580486,7.456085,54.372242,108.702515,846.9048,0.0044140085,-1347.3510969535346,74.0,N_489
2024-05-11 23:50:47,49.523453,7.454422,54.316288,108.67454,846.90295,0.004427735,-1336.662154650934,74.0,N_489
2024-05-11 23:50:48,49.4664,7.452759,54.260334,108.63957,846.8974,0.0042595156,-1327.890932527902,74.0,N_489
2024-05-11 23:50:49,49.40932,7.4510956,54.20438,108.611595,846.9048,0.0042682425,-1322.0121718912342,74.0,N_489
2024-05-11 23:50:50,49.352222,7.4494476,54.155422,108.58362,846.92334,0.004285007,-1310.6150251342478,74.0,N_489
2024-05-11 23:50:51,49.295097,7.4477997,54.099472,108.55564,846.8937,0.004104041,-1298.9933216076897,74.0,N_489
2024-05-11 23:50:52,49.237953,7.4461517,54.036522,108.52067,846.7937,0.004128718,-1290.144767481026,74.0,N_489
2024-05-11 23:50:53,49.180786,7.444504,53.973576,108.49269,846.70105,0.004153394,-1283.4071182082043,74.0,N_489
2024-05-11 23:50:54,49.1236,7.442856,53.91762,108.457726,846.68066,0.004351405,-1273.9566214940278,74.0,N_489
2024-05-11 23:50:55,49.066387,7.441223,53.86167,108.42975,846.70105,0.0041836514,-1265.3720727268737,74.0,N_489
2024-05-11 23:50:56,49.009155,7.439575,53.805717,108.40177,846.714,0.0041972403,-1256.0754981465216,74.0,N_489
2024-05-11 23:50:57,48.9519,7.4379425,53.749763,108.3668,846.7103,0.004210792,-1247.4969223478038,74.0,N_489
2024-05-11 23:50:58,48.894623,7.43631,53.693813,108.33882,846.7066,0.0044112867,-1240.6658587367929,74.0,N_489
2024-05-11 23:50:59,48.837322,7.4346924,53.64485,108.310844,846.7085,0.004243825,-1226.2427649672973,74.0,N_489
2024-05-11 23:51:00,48.78,7.4330597,53.581905,108.28287,846.7085,0.0040754033,-1217.45649226581,74.0,N_489
2024-05-11 23:51:01,48.722492,7.4314423,53.51896,108.25489,846.7085,0.004453311,-1209.252175517744,74.0,N_489
2024-05-11 23:51:02,48.664967,7.42984,53.463005,108.22691,846.7085,0.0042909537,-1199.2419055029168,74.0,N_489
2024-05-11 23:51:03,48.607426,7.4282227,53.40705,108.19195,846.7085,0.004120774,-1194.218958196434,74.0,N_489
2024-05-11 23:51:04,48.549866,7.4266205,53.358093,108.16397,846.7085,0.0041422043,-1180.4700705569412,74.0,N_489
2024-05-11 23:51:05,48.49229,7.4250183,53.295147,108.135994,846.7085,0.004150547,-1174.1750464480283,74.0,N_489
2024-05-11 23:51:06,48.4347,7.423416,53.239193,108.10802,846.7085,0.004163885,-1162.4525968675007,74.0,N_489
2024-05-11 23:51:07,48.37709,7.421814,53.176247,108.08004,846.7085,0.004174147,-1155.347645421425,74.0,N_489
2024-05-11 23:51:08,48.319466,7.420227,53.120293,108.04507,846.7085,0.004566459,-1144.300300585819,74.0,N_489
2024-05-11 23:51:09,48.261826,7.418625,53.064342,108.01709,846.7085,0.004401485,-1134.1079839156228,74.0,N_489
2024-05-11 23:51:10,48.204166,7.417038,53.00839,107.98912,846.7085,0.004770415,-1121.5024260317732,74.0,N_489
2024-05-11 23:51:11,48.146492,7.415451,52.952435,107.96114,846.7085,0.0047783325,-1108.8336241410652,74.0,N_489
2024-05-11 23:51:12,48.0888,7.413864,52.896484,107.93317,846.7085,0.004794163,-1096.0447643548032,74.0,N_489
2024-05-11 23:51:13,48.03109,7.412277,52.84053,107.90519,846.7085,0.0048119063,-1079.5267414201007,74.0,N_489
2024-05-11 23:51:14,47.973366,7.4107056,52.777584,107.87721,846.7085,0.0048364545,-1068.6326569973971,74.0,N_489
2024-05-11 23:51:15,47.915623,7.4091187,52.72163,107.849236,846.7085,0.0048343493,-1055.5400355749734,74.0,N_489
2024-05-11 23:51:16,47.857864,7.407547,52.665676,107.82126,846.7085,0.0048549627,-1042.2992257902806,74.0,N_489
2024-05-11 23:51:17,47.80009,7.4059753,52.609722,107.79328,846.7085,0.004862675,-1028.9961436639496,74.0,N_489
2024-05-11 23:51:18,47.7423,7.4044037,52.553772,107.765305,846.7085,0.004885139,-1015.5295793819896,74.0,N_489
2024-05-11 23:51:19,47.68449,7.402832,52.497818,107.73733,846.7085,0.0048908493,-997.6771316049999,74.0,N_489
2024-05-11 23:51:20,47.626667,7.4012604,52.43487,107.70236,846.7085,0.0049151145,-986.3742826998423,74.0,N_489
2024-05-11 23:51:21,47.568825,7.399704,52.378918,107.674385,846.7048,0.004917764,-972.6521413620358,74.0,N_489
2024-05-11 23:51:22,47.510967,7.3981323,52.322964,107.64641,846.7048,0.0049332166,-958.8172108370272,74.0,N_489
2024-05-11 23:51:23,47.45309,7.396576,52.267014,107.61843,846.7178,0.0049407245,-945.5282042103063,74.0,N_489
2024-05-11 23:51:24,47.3952,7.3950195,52.21106,107.59745,846.71954,0.004776507,-931.7422616007243,74.0,N_489
2024-05-11 23:51:25,47.33729,7.393463,52.155106,107.56248,846.6677,0.004788945,-918.9993270615378,74.0,N_489
2024-05-11 23:51:26,47.279366,7.3919067,52.099155,107.5345,846.57513,0.004623049,-907.1250082691695,74.0,N_489
2024-05-11 23:51:27,47.221424,7.3903656,52.0432,107.50652,846.5084,0.004816711,-890.3769076157769,74.0,N_489
2024-05-11 23:51:28,47.163467,7.388809,51.980255,107.478546,846.50104,0.0050120004,-878.1212648975852,74.0,N_489
2024-05-11 23:51:29,47.10549,7.387268,51.9243,107.45057,846.514,0.004838303,-865.4102413776054,74.0,N_489
2024-05-11 23:51:30,47.0475,7.385727,51.868347,107.42959,846.5177,0.0044966536,-854.1111090486447,74.0,N_489
2024-05-11 23:51:31,46.98949,7.384186,51.812393,107.40161,846.5122,0.004328279,-840.8557088357775,74.0,N_489
2024-05-11 23:51:32,46.931465,7.3826447,51.749447,107.373634,846.5122,0.003981249,-835.2584714213153,74.0,N_489
2024-05-11 23:51:33,46.873425,7.3811035,51.693497,107.34566,846.514,0.003993893,-824.4016197971796,74.0,N_489
2024-05-11 23:51:34,46.815365,7.3795776,51.630547,107.31768,846.514,0.0040162294,-818.5460165371915,74.0,N_489
2024-05-11 23:51:35,46.75729,7.3780365,51.574596,107.2897,846.514,0.004023928,-810.448159727508,74.0,N_489
2024-05-11 23:51:36,46.6992,7.3765106,51.518642,107.26173,846.514,0.0040364587,-805.2369547023118,74.0,N_489
2024-05-11 23:51:37,46.64109,7.3749847,51.469685,107.23375,846.514,0.004050113,-792.2120212210793,74.0,N_489
2024-05-11 23:51:38,46.582966,7.373459,51.406734,107.21277,846.514,0.0040789777,-782.6523357780097,74.0,N_489
2024-05-11 23:51:39,46.524826,7.3719482,51.34379,107.18479,846.514,0.0037431323,-778.5011074322902,74.0,N_489
2024-05-11 23:51:40,46.466667,7.3704224,51.287838,107.156815,846.514,0.0039354935,-770.9101495934447,74.0,N_489
2024-05-11 23:51:41,46.40849,7.3689117,51.231884,107.12884,846.514,0.0037615635,-767.2183454042097,74.0,N_489
2024-05-11 23:51:42,46.3503,7.367386,51.182926,107.10087,846.514,0.0039566476,-757.2983751804713,74.0,N_489
2024-05-11 23:51:43,46.29209,7.3658752,51.126972,107.07289,846.514,0.0037943716,-747.7596050132415,74.0,N_489
2024-05-11 23:51:44,46.233868,7.3643646,51.064026,107.044914,846.514,0.0036292723,-741.5690546262704,74.0,N_489
2024-05-11 23:51:45,46.175625,7.3628693,51.00108,107.01694,846.514,0.0036466003,-737.9555818076042,74.0,N_489
2024-05-11 23:51:46,46.117367,7.3613586,50.945126,106.98896,846.514,0.003659052,-732.5657740636161,74.0,N_489
2024-05-11 23:51:47,46.05909,7.3598633,50.88917,106.96798,846.514,0.0036762867,-726.3847891663754,74.0,N_489
2024-05-11 23:51:48,46.0008,7.3583527,50.833218,106.94,846.514,0.0035049233,-721.4963755578137,74.0,N_489
2024-05-11 23:51:49,45.94249,7.3568573,50.777267,106.912025,846.514,0.0037040163,-715.7803028151902,74.0,N_489
2024-05-11 23:51:50,45.884167,7.355362,50.721313,106.891045,846.514,0.0037163163,-709.2982771652532,74.0,N_489
2024-05-11 23:51:51,45.825825,7.3538666,50.66536,106.86307,846.514,0.0037285776,-700.1283771504604,74.0,N_489
2024-05-11 23:51:52,45.767467,7.3523865,50.602413,106.83509,846.514,0.003564126,-696.9485306353963,74.0,N_489
2024-05-11 23:51:53,45.70909,7.350891,50.54646,106.80711,846.5122,0.0035794408,-691.9808896282702,74.0,N_489
2024-05-11 23:51:54,45.6507,7.349411,50.49051,106.78613,846.514,0.0035869111,-686.2886187911135,74.0,N_489
2024-05-11 23:51:55,45.59229,7.347931,50.434555,106.758156,846.51587,0.0036039262,-680.6555512078412,74.0,N_489
2024-05-11 23:51:56,45.533867,7.346451,50.3786,106.73018,846.514,0.0036160978,-672.2358459837196,74.0,N_489
2024-05-11 23:51:57,45.475426,7.3449707,50.315655,106.7022,846.5103,0.0036282875,-668.5606585220085,74.0,N_489
2024-05-11 23:51:58,45.416965,7.3434906,50.2597,106.674225,846.5084,0.0034625852,-664.2768152372519,74.0,N_489
2024-05-11 23:51:59,45.35849,7.3420105,50.20375,106.653244,846.527,0.0034747687,-659.2498988351144,74.0,N_489
2024-05-11 23:52:00,45.3,7.3405457,50.147797,106.62527,846.5288,0.0036644998,-653.1506753182039,74.0,N_489
2024-05-11 23:52:01,45.24141,7.339081,50.091843,106.59729,846.4603,0.0035068332,-645.4578631868571,74.0,N_489
2024-05-11 23:52:02,45.182804,7.337631,50.028896,106.56931,846.3511,0.0033433554,-641.4883711503062,74.0,N_489
2024-05-11 23:52:03,45.124187,7.3361664,49.96595,106.54833,846.29364,0.0038890152,-635.8356720046941,74.0,N_489
2024-05-11 23:52:04,45.065556,7.334717,49.909996,106.520355,846.2992,0.0035465409,-630.9346792881406,74.0,N_489
2024-05-11 23:52:05,45.00691,7.333267,49.854042,106.499374,846.32135,0.0033797815,-628.9341226593024,74.0,N_489
2024-05-11 23:52:06,44.94825,7.3318176,49.805084,106.4714,846.32324,0.0037343758,-620.1574559273213,74.0,N_489
2024-05-11 23:52:07,44.889576,7.330368,49.74913,106.44342,846.3177,0.0037367055,-610.7079455343264,74.0,N_489
2024-05-11 23:52:08,44.830887,7.3289337,49.686184,106.41544,846.3177,0.0037407703,-603.8085876449113,74.0,N_489
2024-05-11 23:52:09,44.772186,7.327484,49.623238,106.39446,846.3196,0.003938562,-597.741590476784,74.0,N_489
2024-05-11 23:52:10,44.71347,7.32605,49.567284,106.366486,846.3196,0.0037736928,-594.1491841518,74.0,N_489
2024-05-11 23:52:11,44.654743,7.3246,49.518326,106.3455,846.3196,0.0036166927,-585.9025723949671,74.0,N_489
2024-05-11 23:52:12,44.596,7.323166,49.46237,106.31752,846.3196,0.0037998895,-579.2786304632391,74.0,N_489
2024-05-11 23:52:13,44.537243,7.3217316,49.40642,106.29654,846.3196,0.0039858506,-567.7522098782283,74.0,N_489
2024-05-11 23:52:14,44.47847,7.3202972,49.34347,106.26856,846.3196,0.004003711,-558.3842619767311,74.0,N_489
2024-05-11 23:52:15,44.419685,7.318878,49.280525,106.240585,846.3196,0.0036698345,-554.6746555715508,74.0,N_489
2024-05-11 23:52:16,44.36089,7.317444,49.22457,106.219604,846.3196,0.0036907685,-548.0039490325144,74.0,N_489
2024-05-11 23:52:17,44.302074,7.316025,49.16862,106.19163,846.3196,0.0038762134,-540.8213052362989,74.0,N_489
2024-05-11 23:52:18,44.243248,7.3145905,49.112667,106.17065,846.3196,0.0037261313,-536.6265481689334,74.0,N_489
2024-05-11 23:52:19,44.18441,7.3131714,49.06371,106.14267,846.3196,0.0035604567,-526.1765356996257,74.0,N_489
2024-05-11 23:52:20,44.125553,7.3117523,49.000763,106.11469,846.3196,0.0035736812,-520.3046504536251,74.0,N_489
2024-05-11 23:52:21,44.066685,7.3103333,48.937813,106.09371,846.3196,0.0035915354,-516.3323083277064,74.0,N_489
2024-05-11 23:52:22,44.007805,7.308914,48.881863,106.065735,846.3196,0.0036106454,-510.7863599869088,74.0,N_489
2024-05-11 23:52:23,43.94891,7.3075104,48.82591,106.044754,846.3196,0.0036313303,-507.07208971471846,74.0,N_489
2024-05-11 23:52:24,43.89,7.3060913,48.77695,106.01678,846.3196,0.0036455772,-496.4032403191086,74.0,N_489
2024-05-11 23:52:25,43.831074,7.3046875,48.714,105.9958,846.3196,0.003658568,-491.93267253220984,74.0,N_489
2024-05-11 23:52:26,43.772137,7.3032837,48.65805,105.96782,846.3196,0.003677486,-483.12239077332197,74.0,N_489
2024-05-11 23:52:27,43.71319,7.30188,48.595104,105.94684,846.3196,0.0036903769,-478.4093580330082,74.0,N_489
2024-05-11 23:52:28,43.65422,7.300476,48.53915,105.91886,846.3196,0.003701516,-472.20352479605936,74.0,N_489
2024-05-11 23:52:29,43.59524,7.2990723,48.483196,105.89788,846.3196,0.0038913754,-464.03655055382114,74.0,N_489
2024-05-11 23:52:30,43.536247,7.2976685,48.427242,105.8699,846.3196,0.003731342,-454.7886708248625,74.0,N_489
2024-05-11 23:52:31,43.47724,7.29628,48.364296,105.848915,846.3196,0.0037440588,-449.6641277122908,74.0,N_489
2024-05-11 23:52:32,43.41822,7.294876,48.308346,105.82094,846.3196,0.003768895,-442.971929507461,74.0,N_489
2024-05-11 23:52:33,43.359184,7.2934875,48.25239,105.79996,846.3177,0.0037844249,-435.45003182226355,74.0,N_489
2024-05-11 23:52:34,43.300137,7.292099,48.196438,105.77198,846.3196,0.0037983372,-428.54418600242934,74.0,N_489
2024-05-11 23:52:35,43.241074,7.2907104,48.140484,105.751,846.32135,0.003809163,-420.8340690058176,74.0,N_489
2024-05-11 23:52:36,43.182,7.289322,48.084534,105.72302,846.3196,0.0038245525,-410.83744015308184,74.0,N_489
2024-05-11 23:52:37,43.12291,7.2879333,48.021584,105.70204,846.31586,0.0038369861,-405.01264134950907,74.0,N_489
2024-05-11 23:52:38,43.063805,7.28656,47.965633,105.674065,846.314,0.0038476822,-394.8246419926436,74.0,N_489
2024-05-11 23:52:39,43.004684,7.2851715,47.902687,105.65308,846.3325,0.0038630588,-391.6210985022626,74.0,N_489
2024-05-11 23:52:40,42.945553,7.283798,47.853725,105.62511,846.33435,0.0036993201,-380.38092165971466,74.0,N_489
2024-05-11 23:52:41,42.88641,7.282425,47.79078,105.604126,846.2658,0.0037208577,-375.80558944011136,74.0,N_489
2024-05-11 23:52:42,42.827248,7.2810516,47.734825,105.583145,846.1547,0.0039039145,-364.9989156364318,74.0,N_489
2024-05-11 23:52:43,42.768074,7.2796783,47.67188,105.56216,846.0992,0.0040883985,-357.4267704738959,74.0,N_489
2024-05-11 23:52:44,42.70889,7.278305,47.615925,105.53418,846.10474,0.0032409483,-353.4829005878055,74.0,N_489
2024-05-11 23:52:45,42.649685,7.276932,47.559975,105.50621,846.12506,0.0037770285,-346.5646160201577,74.0,N_489
2024-05-11 23:52:46,42.59047,7.2755737,47.50402,105.48522,846.1288,0.0037829468,-338.8690752541297,74.0,N_489
2024-05-11 23:52:47,42.531242,7.2742004,47.448067,105.457245,846.1232,0.003969686,-330.6911000003456,74.0,N_489
2024-05-11 23:52:48,42.472,7.2728424,47.392117,105.436264,846.1232,0.0039829914,-319.23856985710154,74.0,N_489
2024-05-11 23:52:49,42.412743,7.2714844,47.329166,105.41528,846.12506,0.0038233644,-313.89400161323283,74.0,N_489
2024-05-11 23:52:50,42.35347,7.2701263,47.273216,105.3943,846.12506,0.0038382013,-305.7773575466781,74.0,N_489
2024-05-11 23:52:51,42.294186,7.2687683,47.217262,105.366325,846.1232,0.0033393109,-301.0863039009637,74.0,N_489
2024-05-11 23:52:52,42.234886,7.2674255,47.16131,105.33835,846.1232,0.0036951525,-291.8096953698914,74.0,N_489
2024-05-11 23:52:53,42.175575,7.2660675,47.098362,105.31737,846.1232,0.0040490055,-284.95570483193296,74.0,N_489
2024-05-11 23:52:54,42.11625,7.2647247,47.042408,105.29639,846.12506,0.00405899,-275.950856100666,74.0,N_489
2024-05-11 23:52:55,42.056908,7.2633667,46.986458,105.2754,846.1232,0.003727556,-268.4908801018828,74.0,N_489
2024-05-11 23:52:56,41.997555,7.262024,46.930504,105.24742,846.1232,0.0040833377,-259.4601006771554,74.0,N_489
2024-05-11 23:52:57,41.938187,7.260681,46.87455,105.22644,846.1232,0.004091741,-250.20537087893172,74.0,N_489
2024-05-11 23:52:58,41.878803,7.2593384,46.818596,105.20546,846.1232,0.0039312732,-238.45704123431642,74.0,N_489
2024-05-11 23:52:59,41.81941,7.258011,46.75565,105.17748,846.1232,0.0036070086,-234.5141048903679,74.0,N_489
2024-05-11 23:53:00,41.76,7.256668,46.6997,105.1565,846.1232,0.003952666,-225.50201860748348,74.0,N_489
2024-05-11 23:53:01,41.700657,7.2553406,46.643745,105.128525,846.1232,0.0036258057,-219.34304873433575,74.0,N_489
2024-05-11 23:53:02,41.641296,7.254013,46.58779,105.107544,846.1232,0.0038145545,-208.92249583744706,74.0,N_489
2024-05-11 23:53:03,41.581924,7.2526855,46.524845,105.08656,846.1232,0.0038260347,-200.46728411191725,74.0,N_489
2024-05-11 23:53:04,41.522533,7.2513733,46.4619,105.065575,846.1232,0.0041719116,-192.66397677195346,74.0,N_489
2024-05-11 23:53:05,41.463123,7.250046,46.405945,105.04459,846.1232,0.004016559,-183.7853685237642,74.0,N_489
2024-05-11 23:53:06,41.403698,7.2487335,46.34999,105.02361,846.1232,0.0040216963,-177.16644971934875,74.0,N_489
2024-05-11 23:53:07,41.344257,7.247406,46.301033,104.995636,846.1232,0.004037161,-163.17762635172403,74.0,N_489
2024-05-11 23:53:08,41.284798,7.2460938,46.238087,104.974655,846.1232,0.004217177,-154.36522733268794,74.0,N_489
2024-05-11 23:53:09,41.225323,7.2447815,46.182133,104.94668,846.1232,0.004053292,-142.29070224842144,74.0,N_489
2024-05-11 23:53:10,41.165833,7.243469,46.119186,104.9257,846.1232,0.004059872,-135.12050527190877,74.0,N_489
2024-05-11 23:53:11,41.106323,7.2421722,46.063232,104.90472,846.1232,0.0039052095,-126.87988852622948,74.0,N_489
2024-05-11 23:53:12,41.0468,7.24086,46.007282,104.88373,846.1232,0.004090511,-117.43319169322058,74.0,N_489
2024-05-11 23:53:13,40.987255,7.2395477,45.95133,104.86275,846.12506,0.0037589849,-106.735185012687,74.0,N_489
2024-05-11 23:53:14,40.927696,7.2382507,45.888382,104.83477,846.12506,0.0037745128,-101.49125595539226,74.0,N_489
2024-05-11 23:53:15,40.868122,7.2369537,45.832428,104.81379,846.1232,0.0037795824,-94.0044698895872,74.0,N_489
2024-05-11 23:53:16,40.808533,7.2356415,45.776474,104.79281,846.1232,0.0039523845,-82.41149414787651,74.0,N_489
2024-05-11 23:53:17,40.748924,7.2343445,45.713528,104.77183,846.12506,0.0037986587,-76.21217564078688,74.0,N_489
2024-05-11 23:53:18,40.689297,7.2330475,45.657574,104.74385,846.12506,0.0038124097,-68.62331849048496,74.0,N_489
2024-05-11 23:53:19,40.629658,7.2317505,45.601624,104.72286,846.1214,0.0038217185,-60.8116420539518,74.0,N_489
2024-05-11 23:53:20,40.57,7.2304688,45.54567,104.70188,846.1214,0.0038309884,-52.928497272121604,74.0,N_489
2024-05-11 23:53:21,40.510323,7.2291718,45.489716,104.6809,846.1344,0.003843269,-42.054718641105865,74.0,N_489
2024-05-11 23:53:22,40.45063,7.22789,45.42677,104.65992,846.13617,0.0038583775,-33.09528894555842,74.0,N_489
2024-05-11 23:53:23,40.390923,7.226593,45.363823,104.63894,846.0825,0.0038646876,-26.988758201659948,74.0,N_489
2024-05-11 23:53:24,40.3312,7.2253113,45.30787,104.61795,845.99176,0.0038694106,-18.17840083723422,74.0,N_489
2024-05-11 23:53:25,40.271458,7.2240295,45.251915,104.58998,845.92505,0.0038784537,-10.068354032118805,74.0,N_489
2024-05-11 23:53:26,40.211697,7.222748,45.195965,104.56899,845.91583,0.0038905304,-1.0885797393566463,74.0,N_489
2024-05-11 23:53:27,40.151924,7.221466,45.14001,104.541016,845.9306,0.0039038218,7.212347482978657,74.0,N_489
2024-05-11 23:53:28,40.092133,7.2201843,45.084057,104.520035,845.9325,0.003912736,18.67782812537189,74.0,N_489
2024-05-11 23:53:29,40.032322,7.218918,45.02111,104.499054,845.9288,0.0039187986,0.0,74.0,N_489
