datetime,mlat,mlt,glat,glon,alt,Ex,pot,cpcp_kV,pass_id
2024-05-12 03:38:54,-40.03,5.720024,-30.906988,34.082317,860.7244,-0.0073476653,-46.63414770811328,55.0,S_1912
2024-05-12 03:38:55,-40.0768,5.717533,-30.962942,34.06833,860.7207,-0.007346107,-80.83981651784859,55.0,S_1912
2024-05-12 03:38:56,-40.123554,5.7150345,-31.025888,34.047344,860.70404,-0.007340958,-105.55136943911468,55.0,S_1912
2024-05-12 03:38:57,-40.170246,5.712532,-31.081842,34.03336,860.7318,-0.007339347,-132.9972948880923,55.0,S_1912
2024-05-12 03:38:58,-40.216885,5.710026,-31.137794,34.01937,860.8337,-0.007340664,-161.71668079915747,55.0,S_1912
2024-05-12 03:38:59,-40.26347,5.7075157,-31.193747,33.998386,860.9281,-0.007339007,-194.26144697917468,55.0,S_1912
2024-05-12 03:39:00,-40.309998,5.705002,-31.256695,33.984398,860.9522,-0.0073337713,-226.10616033464015,55.0,S_1912
2024-05-12 03:39:01,-40.35647,5.7024727,-31.319641,33.963417,860.9281,-0.0073289876,-250.73568512738007,55.0,S_1912
2024-05-12 03:39:02,-40.402885,5.6999435,-31.375595,33.94943,860.8966,-0.007596555,-275.5457887303868,55.0,S_1912
2024-05-12 03:39:03,-40.44925,5.697407,-31.424553,33.928448,860.9004,-0.007595364,-312.1736594456444,55.0,S_1912
2024-05-12 03:39:04,-40.495552,5.69487,-31.487501,33.91446,860.97626,-0.0078108776,-346.2827044658361,55.0,S_1912
2024-05-12 03:39:05,-40.541805,5.6923256,-31.550447,33.90047,861.0856,-0.0078083654,-375.76918235043604,55.0,S_1912
2024-05-12 03:39:06,-40.587997,5.689781,-31.6064,33.879486,861.13556,-0.007809396,-399.81105609477834,55.0,S_1912
2024-05-12 03:39:07,-40.634136,5.687233,-31.65536,33.865498,861.1207,-0.007808101,-438.4351001978879,55.0,S_1912
2024-05-12 03:39:08,-40.68022,5.684677,-31.718306,33.85151,861.0967,-0.008069402,-469.618444804552,55.0,S_1912
2024-05-12 03:39:09,-40.72625,5.6821213,-31.77426,33.83053,861.0985,-0.008065207,-507.3174159542095,55.0,S_1912
2024-05-12 03:39:10,-40.77222,5.679558,-31.837206,33.81654,861.15594,-0.008290601,-538.5247690607184,55.0,S_1912
2024-05-12 03:39:11,-40.81814,5.6769943,-31.893158,33.80255,861.2467,-0.00828863,-571.9894900246064,55.0,S_1912
2024-05-12 03:39:12,-40.864,5.674423,-31.949112,33.788563,861.3133,-0.008283702,-612.9789352168661,55.0,S_1912
2024-05-12 03:39:13,-40.909805,5.671852,-32.01206,33.767582,861.32446,-0.008281063,-643.6485040887922,55.0,S_1912
2024-05-12 03:39:14,-40.955555,5.6692734,-32.068012,33.753593,861.30225,-0.008549131,-678.7636460469448,55.0,S_1912
2024-05-12 03:39:15,-41.001247,5.6666946,-32.123966,33.739605,861.2837,-0.008547146,-715.3084487193613,55.0,S_1912
2024-05-12 03:39:16,-41.046886,5.664112,-32.179916,33.718624,861.3171,-0.008542209,-756.4022104462814,55.0,S_1912
2024-05-12 03:39:17,-41.092472,5.661522,-32.242863,33.704636,861.41895,-0.008539552,-790.6268014652064,55.0,S_1912
2024-05-12 03:39:18,-41.138,5.6589317,-32.298817,33.68365,861.5115,-0.008332585,-830.2289317900998,55.0,S_1912
2024-05-12 03:39:19,-41.18347,5.6563377,-32.361763,33.669662,861.5356,-0.008329943,-863.0837478153131,55.0,S_1912
2024-05-12 03:39:20,-41.22889,5.653736,-32.417717,33.64868,861.51337,-0.008038394,-894.4825206204312,55.0,S_1912
2024-05-12 03:39:21,-41.27425,5.6511345,-32.47367,33.634693,861.4819,-0.008036293,-920.2607581414296,55.0,S_1912
2024-05-12 03:39:22,-41.319553,5.648529,-32.52263,33.620705,861.48376,-0.007770166,-959.7806871291543,55.0,S_1912
2024-05-12 03:39:23,-41.364803,5.645916,-32.585575,33.599724,861.5597,-0.007767329,-987.1881383856692,55.0,S_1912
2024-05-12 03:39:24,-41.41,5.643303,-32.64153,33.585735,861.66895,-0.007828998,-1023.6868677193095,55.0,S_1912
2024-05-12 03:39:25,-41.45514,5.640686,-32.704475,33.571747,861.71893,-0.007826231,-1059.0660157994898,55.0,S_1912
2024-05-12 03:39:26,-41.50022,5.6380615,-32.76742,33.550762,861.70593,-0.00782638,-1086.848141104011,55.0,S_1912
2024-05-12 03:39:27,-41.54525,5.635437,-32.823376,33.536777,861.68005,-0.007821987,-1117.3462163596992,55.0,S_1912
2024-05-12 03:39:28,-41.59022,5.6328087,-32.87933,33.52279,861.6838,-0.007749675,-1148.6760914632623,55.0,S_1912
2024-05-12 03:39:29,-41.63514,5.6301727,-32.935284,33.501804,861.7393,-0.0077473912,-1178.2255566186075,55.0,S_1912
2024-05-12 03:39:30,-41.68,5.627537,-32.991234,33.487816,861.8301,-0.008016044,-1211.2866127264394,55.0,S_1912
2024-05-12 03:39:31,-41.724804,5.624897,-33.047188,33.466835,861.8967,-0.008013779,-1248.6241499334474,55.0,S_1912
2024-05-12 03:39:32,-41.769554,5.6222534,-33.110134,33.452847,861.90784,-0.008295194,-1281.2267872115585,55.0,S_1912
2024-05-12 03:39:33,-41.81425,5.619602,-33.16609,33.431866,861.8856,-0.0082929535,-1314.2379327098706,55.0,S_1912
2024-05-12 03:39:34,-41.858887,5.616951,-33.222042,33.417877,861.86707,-0.008293624,-1347.7226598066322,55.0,S_1912
2024-05-12 03:39:35,-41.903473,5.614296,-33.277992,33.40389,861.9022,-0.008291349,-1388.7314514943303,55.0,S_1912
2024-05-12 03:39:36,-41.947998,5.611637,-33.34094,33.382904,862.00415,-0.008283257,-1419.4106218044953,55.0,S_1912
2024-05-12 03:39:37,-41.992474,5.6089706,-33.396893,33.368916,862.09485,-0.008280952,-1452.8171353895714,55.0,S_1912
2024-05-12 03:39:38,-42.03689,5.606304,-33.452847,33.354927,862.10785,-0.008281555,-1487.588620717718,55.0,S_1912
2024-05-12 03:39:39,-42.08125,5.603634,-33.5088,33.333946,862.0801,-0.008279213,-1526.8128636496995,55.0,S_1912
2024-05-12 03:39:40,-42.125557,5.60096,-33.571747,33.319958,862.05414,-0.008273268,-1565.4100479768026,55.0,S_1912
2024-05-12 03:39:41,-42.169804,5.598282,-33.634693,33.298977,862.06525,-0.008270227,-1596.0069414888396,55.0,S_1912
2024-05-12 03:39:42,-42.214,5.5956,-33.690647,33.28499,862.1467,-0.008270759,-1630.69761832457,55.0,S_1912
2024-05-12 03:39:43,-42.258137,5.592911,-33.746597,33.264004,862.2523,-0.008266161,-1663.5392924339965,55.0,S_1912
2024-05-12 03:39:44,-42.302223,5.5902214,-33.80255,33.250015,862.3023,-0.007972856,-1702.2230954769702,55.0,S_1912
2024-05-12 03:39:45,-42.34625,5.587528,-33.865498,33.229034,862.2912,-0.007969692,-1732.212349749649,55.0,S_1912
2024-05-12 03:39:46,-42.39022,5.584831,-33.92145,33.208054,862.26154,-0.007701236,-1761.4693656182017,55.0,S_1912
2024-05-12 03:39:47,-42.43414,5.5821304,-33.977406,33.194065,862.2634,-0.007698651,-1791.1825120182016,55.0,S_1912
2024-05-12 03:39:48,-42.478,5.579426,-34.03336,33.180077,862.3375,-0.0076931412,-1826.7161736759108,55.0,S_1912
2024-05-12 03:39:49,-42.521805,5.5767174,-34.096306,33.16609,862.44495,-0.007689853,-1855.3466165849904,55.0,S_1912
2024-05-12 03:39:50,-42.565556,5.574005,-34.152256,33.145103,862.5042,-0.007959213,-1887.5301298452534,55.0,S_1912
2024-05-12 03:39:51,-42.60925,5.5712852,-34.20821,33.124123,862.5005,-0.007954454,-1924.4485544762879,55.0,S_1912
2024-05-12 03:39:52,-42.65289,5.5685654,-34.271156,33.110134,862.469,-0.008236648,-1955.30297360133,55.0,S_1912
2024-05-12 03:39:53,-42.696472,5.5658417,-34.32711,33.096146,862.4486,-0.008234077,-1995.8659093110755,55.0,S_1912
2024-05-12 03:39:54,-42.74,5.563114,-34.390057,33.075165,862.4857,-0.008233719,-2026.2311883356226,55.0,S_1912
2024-05-12 03:39:55,-42.783474,5.560383,-34.44601,33.061176,862.58936,-0.008231118,-2059.318052709143,55.0,S_1912
2024-05-12 03:39:56,-42.82689,5.5576477,-34.501965,33.047188,862.6782,-0.008225582,-2093.686603850704,55.0,S_1912
2024-05-12 03:39:57,-42.87025,5.5549088,-34.557915,33.026207,862.6912,-0.008222945,-2133.6997953916443,55.0,S_1912
2024-05-12 03:39:58,-42.913555,5.552166,-34.620865,33.005222,862.66345,-0.008491988,-2167.0571865843976,55.0,S_1912
2024-05-12 03:39:59,-42.956806,5.5494194,-34.676815,32.98424,862.6375,-0.008487226,-2201.2986209673245,55.0,S_1912
2024-05-12 03:40:00,-43.0,5.546669,-34.73277,32.970253,862.6486,-0.008770508,-2237.805046873382,55.0,S_1912
2024-05-12 03:40:01,-43.043056,5.543915,-34.788723,32.956264,862.7301,-0.008767756,-2275.688168504318,55.0,S_1912
2024-05-12 03:40:02,-43.08606,5.541157,-34.844673,32.935284,862.8376,-0.008767904,-2311.708990769872,55.0,S_1912
2024-05-12 03:40:03,-43.129013,5.538395,-34.900627,32.921295,862.8876,-0.008765128,-2354.856239091324,55.0,S_1912
2024-05-12 03:40:04,-43.17191,5.5356293,-34.963573,32.907307,862.8746,-0.008758739,-2390.410489912754,55.0,S_1912
2024-05-12 03:40:05,-43.214756,5.53286,-35.019527,32.886322,862.8449,-0.008755941,-2427.7435112754265,55.0,S_1912
2024-05-12 03:40:06,-43.25755,5.5300865,-35.07548,32.86534,862.8468,-0.008689778,-2463.2677267115823,55.0,S_1912
2024-05-12 03:40:07,-43.30029,5.5273094,-35.131435,32.851353,862.9209,-0.008684746,-2507.0742187297246,55.0,S_1912
2024-05-12 03:40:08,-43.342976,5.5245285,-35.19438,32.83037,863.0283,-0.008317826,-2537.9702211500935,55.0,S_1912
2024-05-12 03:40:09,-43.385612,5.521744,-35.25033,32.816383,863.0876,-0.008314749,-2572.9003556288735,55.0,S_1912
2024-05-12 03:40:10,-43.428192,5.518955,-35.306286,32.7954,863.08386,-0.008247949,-2611.9074214403217,55.0,S_1912
2024-05-12 03:40:11,-43.470722,5.516163,-35.369232,32.78141,863.05237,-0.008244056,-2642.8086932562237,55.0,S_1912
2024-05-12 03:40:12,-43.5132,5.5133667,-35.425186,32.76742,863.032,-0.008166386,-2682.853629842387,55.0,S_1912
2024-05-12 03:40:13,-43.555622,5.5105667,-35.488132,32.74644,863.0691,-0.008162376,-2714.049432955165,55.0,S_1912
2024-05-12 03:40:14,-43.597992,5.5077667,-35.544086,32.72546,863.1727,-0.008161963,-2746.229326449835,55.0,S_1912
2024-05-12 03:40:15,-43.640312,5.504959,-35.60004,32.71147,863.2616,-0.008156533,-2780.1161895417126,55.0,S_1912
2024-05-12 03:40:16,-43.682575,5.5021477,-35.65599,32.690487,863.2746,-0.008222248,-2818.94764812655,55.0,S_1912
2024-05-12 03:40:17,-43.72479,5.4993324,-35.71894,32.6765,863.24866,-0.008218291,-2850.9631449609506,55.0,S_1912
2024-05-12 03:40:18,-43.76695,5.4965134,-35.77489,32.655518,863.2339,-0.007947552,-2883.0240794141964,55.0,S_1912
2024-05-12 03:40:19,-43.809055,5.4936905,-35.830845,32.634537,863.2616,-0.007944234,-2913.824419942878,55.0,S_1912
2024-05-12 03:40:20,-43.85111,5.490864,-35.8868,32.62055,863.3413,-0.007938004,-2946.284490614294,55.0,S_1912
2024-05-12 03:40:21,-43.893112,5.4880333,-35.94275,32.599564,863.4265,-0.007934665,-2983.075729213311,55.0,S_1912
2024-05-12 03:40:22,-43.93506,5.485203,-36.0057,32.585575,863.4654,-0.007933496,-3012.006444723786,55.0,S_1912
2024-05-12 03:40:23,-43.976955,5.4823647,-36.06165,32.571587,863.4561,-0.007928047,-3044.399830530659,55.0,S_1912
2024-05-12 03:40:24,-44.0188,5.4795227,-36.117603,32.550606,863.4302,-0.007559097,-3073.9290209926976,55.0,S_1912
2024-05-12 03:40:25,-44.06059,5.476677,-36.173557,32.529625,863.432,-0.0075555723,-3102.2681035473997,55.0,S_1912
2024-05-12 03:40:26,-44.102325,5.4738274,-36.22951,32.515636,863.5043,-0.007284197,-3135.912453250944,55.0,S_1912
2024-05-12 03:40:27,-44.144012,5.470978,-36.292458,32.49465,863.6135,-0.00727988,-3160.2369012560384,55.0,S_1912
2024-05-12 03:40:28,-44.185642,5.4681206,-36.348408,32.480663,863.6728,-0.007273381,-3192.8049089658025,55.0,S_1912
2024-05-12 03:40:29,-44.227222,5.4652596,-36.411358,32.466675,863.66907,-0.007269048,-3218.6412057943935,55.0,S_1912
2024-05-12 03:40:30,-44.26875,5.4623947,-36.467308,32.445694,863.63763,-0.0072662532,-3251.68866652009,55.0,S_1912
2024-05-12 03:40:31,-44.310223,5.45953,-36.53026,32.424713,863.61725,-0.007261894,-3277.011095717785,55.0,S_1912
2024-05-12 03:40:32,-44.351643,5.4566574,-36.58621,32.40373,863.65424,-0.0072553526,-3303.4515866247934,55.0,S_1912
2024-05-12 03:40:33,-44.393013,5.453781,-36.642162,32.38974,863.758,-0.0072516967,-3330.3347128959017,55.0,S_1912
2024-05-12 03:40:34,-44.434326,5.450901,-36.698116,32.37575,863.845,-0.007250919,-3358.3135004228607,55.0,S_1912
2024-05-12 03:40:35,-44.47559,5.448021,-36.754066,32.35477,863.858,-0.0072472394,-3391.2186812114956,55.0,S_1912
2024-05-12 03:40:36,-44.5168,5.445133,-36.817017,32.33379,863.8321,-0.0072399285,-3416.39294211209,55.0,S_1912
2024-05-12 03:40:37,-44.557957,5.4422417,-36.872967,32.312805,863.81726,-0.0072341817,-3442.7009962216653,55.0,S_1912
2024-05-12 03:40:38,-44.59906,5.43935,-36.92892,32.298817,863.845,-0.00723336,-3470.5641966597336,55.0,S_1912
2024-05-12 03:40:39,-44.64011,5.436451,-36.984875,32.277836,863.9247,-0.0072296346,-3496.8402303183684,55.0,S_1912
2024-05-12 03:40:40,-44.68111,5.433548,-37.040825,32.263847,864.01166,-0.0069322516,-3527.9292881704414,55.0,S_1912
2024-05-12 03:40:41,-44.722054,5.430645,-37.103775,32.242863,864.0506,-0.0069277263,-3550.028548578237,55.0,S_1912
2024-05-12 03:40:42,-44.762947,5.4277344,-37.159725,32.228878,864.0413,-0.006364476,-3572.2543464167356,55.0,S_1912
2024-05-12 03:40:43,-44.803787,5.42482,-37.21568,32.207893,864.01355,-0.0063605662,-3593.0307699413347,55.0,S_1912
2024-05-12 03:40:44,-44.844578,5.4219055,-37.271633,32.193905,864.01544,-0.0060821893,-3613.4223245303656,55.0,S_1912
2024-05-12 03:40:45,-44.88531,5.4189835,-37.327587,32.172924,864.0895,-0.006076187,-3637.848347294692,55.0,S_1912
2024-05-12 03:40:46,-44.92599,5.4160614,-37.390533,32.15194,864.1987,-0.005783281,-3652.7043824020398,55.0,S_1912
2024-05-12 03:40:47,-44.96662,5.4131317,-37.446484,32.137955,864.2506,-0.005779229,-3671.131538470746,55.0,S_1912
2024-05-12 03:40:48,-45.0072,5.410198,-37.502438,32.11697,864.2376,-0.0052093714,-3684.6202426146897,55.0,S_1912
2024-05-12 03:40:49,-45.04772,5.4072647,-37.55839,32.10298,864.2043,-0.005205202,-3699.3231754524722,55.0,S_1912
2024-05-12 03:40:50,-45.088192,5.4043236,-37.614346,32.082,864.1932,-0.00493206,-3715.476440315523,55.0,S_1912
2024-05-12 03:40:51,-45.128613,5.4013824,-37.67729,32.061016,864.2376,-0.004925057,-3724.9023948763192,55.0,S_1912
2024-05-12 03:40:52,-45.168976,5.3984337,-37.733242,32.047028,864.3432,-0.0046265638,-3739.3144150662765,55.0,S_1912
2024-05-12 03:40:53,-45.20929,5.395485,-37.796192,32.026047,864.43024,-0.0046215076,-3750.3473367408073,55.0,S_1912
2024-05-12 03:40:54,-45.249546,5.3925285,-37.85914,32.01206,864.44135,-0.0046193125,-3758.988301216638,55.0,S_1912
2024-05-12 03:40:55,-45.289757,5.3895683,-37.915092,31.991077,864.4173,-0.0046149776,-3769.3983998206954,55.0,S_1912
2024-05-12 03:40:56,-45.32991,5.386608,-37.971043,31.970095,864.40063,-0.0046077496,-3779.7642169074156,55.0,S_1912
2024-05-12 03:40:57,-45.37001,5.3836403,-38.026997,31.949112,864.42847,-0.0046033924,-3789.422926416154,55.0,S_1912
2024-05-12 03:40:58,-45.410057,5.3806725,-38.08295,31.935123,864.5099,-0.0043296805,-3798.4476685548752,55.0,S_1912
2024-05-12 03:40:59,-45.450054,5.377697,-38.1389,31.91414,864.5951,-0.004323257,-3809.636762522014,55.0,S_1912
2024-05-12 03:41:00,-45.489998,5.3747215,-38.20185,31.900152,864.634,-0.0043151844,-3816.3043017216523,55.0,S_1912
2024-05-12 03:41:01,-45.52956,5.37175,-38.2578,31.879171,864.62476,-0.004310677,-3824.7452189021615,55.0,S_1912
2024-05-12 03:41:02,-45.56908,5.3687744,-38.313755,31.858189,864.5988,-0.0043090363,-3833.1739104980657,55.0,S_1912
2024-05-12 03:41:03,-45.60856,5.365795,-38.36971,31.837206,864.5988,-0.00430451,-3844.231029258411,55.0,S_1912
2024-05-12 03:41:04,-45.648,5.362808,-38.432655,31.823217,864.67474,-0.0042963354,-3850.7802243338547,55.0,S_1912
2024-05-12 03:41:05,-45.687393,5.3598213,-38.48861,31.802235,864.7821,-0.0042898105,-3862.2928100421727,55.0,S_1912
2024-05-12 03:41:06,-45.72675,5.356827,-38.551556,31.781254,864.834,-0.004559941,-3865.958219977221,55.0,S_1912
2024-05-12 03:41:07,-45.76606,5.3538322,-38.600513,31.767265,864.821,-0.004556186,-3878.711540797154,55.0,S_1912
2024-05-12 03:41:08,-45.805332,5.35083,-38.656467,31.746283,864.78955,-0.004548782,-3888.0345137679565,55.0,S_1912
2024-05-12 03:41:09,-45.84456,5.347828,-38.71242,31.732294,864.77655,-0.0045442455,-3901.8486504148905,55.0,S_1912
2024-05-12 03:41:10,-45.883747,5.344818,-38.775368,31.711311,864.8229,-0.0042690546,-3907.7568235817857,55.0,S_1912
2024-05-12 03:41:11,-45.922894,5.3418045,-38.831318,31.69033,864.92664,-0.0042644525,-3919.0909272440394,55.0,S_1912
2024-05-12 03:41:12,-45.961998,5.338787,-38.894268,31.669348,865.0136,-0.0042542345,-3924.9025620099483,55.0,S_1912
2024-05-12 03:41:13,-46.00106,5.335766,-38.95022,31.648365,865.0266,-0.0042496165,-3932.337987016724,55.0,S_1912
2024-05-12 03:41:14,-46.04008,5.332741,-39.006172,31.634377,865.0007,-0.0041758073,-3940.3669280577883,55.0,S_1912
2024-05-12 03:41:15,-46.07906,5.329712,-39.062126,31.613394,864.9803,-0.004171089,-3951.024649245143,55.0,S_1912
2024-05-12 03:41:16,-46.117996,5.326679,-39.125072,31.592413,865.0155,-0.004162718,-3956.248036334178,55.0,S_1912
2024-05-12 03:41:17,-46.156895,5.3236427,-39.181026,31.57143,865.1174,-0.0041579804,-3963.104660485268,55.0,S_1912
2024-05-12 03:41:18,-46.195747,5.3206024,-39.236977,31.557442,865.20996,-0.004154149,-3967.915680782077,55.0,S_1912
2024-05-12 03:41:19,-46.23456,5.3175545,-39.28594,31.536459,865.2322,-0.004150174,-3980.1542172577692,55.0,S_1912
2024-05-12 03:41:20,-46.27333,5.3145065,-39.348885,31.52247,865.2118,-0.0037713274,-3983.3081068504343,55.0,S_1912
2024-05-12 03:41:21,-46.31206,5.311451,-39.40484,31.501488,865.1803,-0.0037664194,-3991.046574144418,55.0,S_1912
2024-05-12 03:41:22,-46.350746,5.3083954,-39.467785,31.480507,865.1822,-0.0034902843,-3991.4274490722228,55.0,S_1912
2024-05-12 03:41:23,-46.389393,5.305332,-39.52374,31.466518,865.2581,-0.0034853104,-3994.9876213070825,55.0,S_1912
2024-05-12 03:41:24,-46.427998,5.302265,-39.57969,31.445536,865.3674,-0.0034774602,-3998.038898381843,55.0,S_1912
2024-05-12 03:41:25,-46.46656,5.299198,-39.635643,31.424553,865.41736,-0.0034705275,-4003.6437824471445,55.0,S_1912
2024-05-12 03:41:26,-46.50508,5.2961235,-39.69859,31.40357,865.4044,-0.0034676017,-4003.886471671302,55.0,S_1912
2024-05-12 03:41:27,-46.54356,5.293045,-39.754543,31.389584,865.3785,-0.0034625898,-4007.3025983691173,55.0,S_1912
2024-05-12 03:41:28,-46.581997,5.289963,-39.810497,31.3686,865.3803,-0.003454703,-4010.2058379556124,55.0,S_1912
2024-05-12 03:41:29,-46.62039,5.2868767,-39.866447,31.347618,865.43774,-0.003449671,-4015.663968316538,55.0,S_1912
2024-05-12 03:41:30,-46.65875,5.283783,-39.929394,31.326635,865.5285,-0.0033733887,-4018.316171978194,55.0,S_1912
2024-05-12 03:41:31,-46.69706,5.2806892,-39.992344,31.305653,865.5952,-0.00336554,-4017.917747447962,55.0,S_1912
2024-05-12 03:41:32,-46.73533,5.2775917,-40.048294,31.291666,865.60626,-0.0033575392,-4020.65765424114,55.0,S_1912
2024-05-12 03:41:33,-46.77356,5.2744904,-40.104248,31.270683,865.58405,-0.0033523908,-4020.4138784719707,55.0,S_1912
2024-05-12 03:41:34,-46.81175,5.2713814,-40.153206,31.2497,865.56366,-0.003350889,-4024.9069251973024,55.0,S_1912
2024-05-12 03:41:35,-46.84989,5.2682724,-40.20916,31.228718,865.60077,-0.0033457219,-4029.203440875602,55.0,S_1912
2024-05-12 03:41:36,-46.887997,5.265156,-40.272106,31.21473,865.7081,-0.0029642861,-4029.3683112599642,55.0,S_1912
2024-05-12 03:41:37,-46.92606,5.2620354,-40.335052,31.193747,865.7896,-0.002958164,-4026.8122252001262,55.0,S_1912
2024-05-12 03:41:38,-46.96408,5.258915,-40.391006,31.172766,865.78595,-0.0029537762,-4026.483923902618,55.0,S_1912
2024-05-12 03:41:39,-47.00206,5.255787,-40.44696,31.151783,865.77295,-0.002948434,-4026.121621299832,55.0,S_1912
2024-05-12 03:41:40,-47.039997,5.252655,-40.502914,31.1308,865.83777,-0.0030195904,-4028.113091967303,55.0,S_1912
2024-05-12 03:41:41,-47.077892,5.2495193,-40.56586,31.116812,865.95074,-0.003013506,-4026.3780464147794,55.0,S_1912
2024-05-12 03:41:42,-47.115746,5.24638,-40.621815,31.095829,865.9989,-0.0027367778,-4024.6489473432753,55.0,S_1912
2024-05-12 03:41:43,-47.15356,5.2432365,-40.677765,31.074848,865.9841,-0.0027314234,-4022.888620773568,55.0,S_1912
2024-05-12 03:41:44,-47.19133,5.2400894,-40.73372,31.053865,865.9748,-0.0026833867,-4022.502485964088,55.0,S_1912
2024-05-12 03:41:45,-47.22906,5.2369347,-40.796665,31.039877,865.9785,-0.0026353498,-4018.3269282132674,55.0,S_1912
2024-05-12 03:41:46,-47.266747,5.23378,-40.85262,31.018894,865.96924,-0.0026327432,-4015.9303239417045,55.0,S_1912
2024-05-12 03:41:47,-47.304394,5.2306213,-40.908573,30.997911,865.9656,-0.0026272698,-4013.4980115015032,55.0,S_1912
2024-05-12 03:41:48,-47.341995,5.227455,-40.964523,30.97693,866.02484,-0.0026989416,-4011.1664686575923,55.0,S_1912
2024-05-12 03:41:49,-47.37956,5.224289,-41.020477,30.962942,866.1193,-0.002693524,-4011.644135877299,55.0,S_1912
2024-05-12 03:41:50,-47.41708,5.221115,-41.083424,30.94196,866.1748,-0.0027649705,-4008.3623798262533,55.0,S_1912
2024-05-12 03:41:51,-47.45456,5.2179375,-41.139378,30.913982,866.16376,-0.0027577225,-4008.3885365444667,55.0,S_1912
2024-05-12 03:41:52,-47.491997,5.21476,-41.202324,30.893002,866.18225,-0.0027486794,-4004.124543420693,55.0,S_1912
2024-05-12 03:41:53,-47.529392,5.2115746,-41.258278,30.879013,866.2841,-0.0027432987,-4000.866077731669,55.0,S_1912
2024-05-12 03:41:54,-47.566746,5.2083855,-41.307236,30.85803,866.3767,-0.0027415794,-4003.4903479428967,55.0,S_1912
2024-05-12 03:41:55,-47.60406,5.2051926,-41.370182,30.837048,866.3897,-0.0027353575,-4001.566172052559,55.0,S_1912
2024-05-12 03:41:56,-47.64133,5.201996,-41.43313,30.816065,866.3638,-0.0027243914,-3997.1554565087954,55.0,S_1912
2024-05-12 03:41:57,-47.67856,5.1987953,-41.489082,30.802076,866.34705,-0.0027189674,-3993.760168505123,55.0,S_1912
2024-05-12 03:41:58,-47.715748,5.195591,-41.53804,30.781096,866.3749,-0.00271721,-3994.17293419693,55.0,S_1912
2024-05-12 03:41:59,-47.75289,5.192379,-41.593994,30.760113,866.45636,-0.0027117662,-3994.334660096358,55.0,S_1912
2024-05-12 03:42:00,-47.789997,5.189167,-41.65694,30.73913,866.54156,-0.0024077138,-3988.2478523910618,55.0,S_1912
2024-05-12 03:42:01,-47.826977,5.1859627,-41.712894,30.718147,866.58044,-0.0024021748,-3986.18073858782,55.0,S_1912
2024-05-12 03:42:02,-47.86392,5.1827507,-41.77584,30.697165,866.57117,-0.002358812,-3979.780905294961,55.0,S_1912
2024-05-12 03:42:03,-47.90082,5.179535,-41.831795,30.676184,866.5452,-0.0023154488,-3975.0471185294205,55.0,S_1912
2024-05-12 03:42:04,-47.937687,5.1763153,-41.88775,30.662195,866.5452,-0.0026021067,-3973.3945322430077,55.0,S_1912
2024-05-12 03:42:05,-47.97451,5.173092,-41.9437,30.634218,866.6193,-0.0025965148,-3972.27845800065,55.0,S_1912
2024-05-12 03:42:06,-48.0113,5.1698647,-42.00665,30.613235,866.72675,-0.002668932,-3967.883436499059,55.0,S_1912
2024-05-12 03:42:07,-48.048046,5.16663,-42.0626,30.592255,866.786,-0.0026615276,-3967.693986433193,55.0,S_1912
2024-05-12 03:42:08,-48.084755,5.163395,-42.125546,30.571272,866.7823,-0.002652298,-3960.829080381908,55.0,S_1912
2024-05-12 03:42:09,-48.12142,5.1601524,-42.174507,30.557283,866.7508,-0.0026475736,-3961.255178738071,55.0,S_1912
2024-05-12 03:42:10,-48.158054,5.156906,-42.230457,30.5363,866.7304,-0.0026448537,-3958.962001509281,55.0,S_1912
2024-05-12 03:42:11,-48.194645,5.153656,-42.28641,30.515318,866.7675,-0.002639274,-3958.615595333197,55.0,S_1912
2024-05-12 03:42:12,-48.231197,5.1503983,-42.349358,30.494337,866.8712,-0.0024162643,-3954.417188362591,55.0,S_1912
2024-05-12 03:42:13,-48.26771,5.1471405,-42.412308,30.473354,866.9601,-0.0024079913,-3948.347968758863,55.0,S_1912
2024-05-12 03:42:14,-48.304188,5.143875,-42.468258,30.452372,866.9731,-0.002205791,-3941.5841587915625,55.0,S_1912
2024-05-12 03:42:15,-48.340622,5.140606,-42.51722,30.431389,866.94714,-0.0022010407,-3938.6788734819766,55.0,S_1912
2024-05-12 03:42:16,-48.37702,5.137333,-42.57317,30.410406,866.9304,-0.0021925888,-3933.4749387548577,55.0,S_1912
2024-05-12 03:42:17,-48.41338,5.134056,-42.629124,30.389425,866.9601,-0.0021869757,-3929.878948865588,55.0,S_1912
2024-05-12 03:42:18,-48.4497,5.1307755,-42.69207,30.368443,867.04156,-0.001887365,-3921.6632573111165,55.0,S_1912
2024-05-12 03:42:19,-48.485977,5.127487,-42.755016,30.354454,867.1268,-0.0018808169,-3912.9899271851386,55.0,S_1912
2024-05-12 03:42:20,-48.52222,5.124199,-42.81097,30.326477,867.1601,-0.0015940418,-3903.475394029725,55.0,S_1912
2024-05-12 03:42:21,-48.558422,5.120903,-42.866924,30.305494,867.149,-0.0015882638,-3893.1957756804786,55.0,S_1912
2024-05-12 03:42:22,-48.594585,5.1176033,-42.915882,30.284513,867.1453,-0.0012899272,-3884.260395514213,55.0,S_1912
2024-05-12 03:42:23,-48.63071,5.114296,-42.971836,30.270525,867.149,-0.0012840577,-3874.6270796365716,55.0,S_1912
2024-05-12 03:42:24,-48.666798,5.1109886,-43.034782,30.249542,867.1323,-0.0016536359,-3863.712367556791,55.0,S_1912
2024-05-12 03:42:25,-48.702847,5.1076736,-43.090736,30.22856,867.1305,-0.001646047,-3856.233753096397,55.0,S_1912
2024-05-12 03:42:26,-48.738853,5.1043587,-43.153683,30.207577,867.2064,-0.0024092975,-3848.3972687733694,55.0,S_1912
2024-05-12 03:42:27,-48.774822,5.101036,-43.20264,30.186596,867.3157,-0.0024044844,-3846.8193430295687,55.0,S_1912
2024-05-12 03:42:28,-48.810753,5.0977097,-43.258595,30.165613,867.35266,-0.002531956,-3843.818310795381,55.0,S_1912
2024-05-12 03:42:29,-48.846645,5.0943756,-43.31455,30.14463,867.3305,-0.0025261922,-3842.681860747043,55.0,S_1912
2024-05-12 03:42:30,-48.8825,5.0910416,-43.377495,30.123648,867.3509,-0.0025205822,-3839.262535011847,55.0,S_1912
2024-05-12 03:42:31,-48.918312,5.0877,-43.44044,30.102665,867.45276,-0.0025139372,-3833.905508079656,55.0,S_1912
2024-05-12 03:42:32,-48.954086,5.0843544,-43.496395,30.081684,867.5435,-0.0027823946,-3832.5229222983735,55.0,S_1912
2024-05-12 03:42:33,-48.989822,5.081005,-43.552345,30.060701,867.55273,-0.0027766493,-3831.1068013349222,55.0,S_1912
2024-05-12 03:42:34,-49.02552,5.077652,-43.6083,30.039719,867.5342,-0.0027314571,-3829.399478385514,55.0,S_1912
2024-05-12 03:42:35,-49.06118,5.074295,-43.664253,30.018736,867.5342,-0.0026862647,-3829.4239154187408,55.0,S_1912
2024-05-12 03:42:36,-49.096798,5.0709343,-43.7272,29.997753,867.5342,-0.0026410725,-3825.343410887419,55.0,S_1912
2024-05-12 03:42:37,-49.132378,5.067566,-43.783154,29.969778,867.52124,-0.002635362,-3822.566797776085,55.0,S_1912
2024-05-12 03:42:38,-49.16792,5.0641937,-43.839104,29.948795,867.5435,-0.0028317468,-3821.1613120057164,55.0,S_1912
2024-05-12 03:42:39,-49.203423,5.0608177,-43.895058,29.934807,867.6213,-0.0028260124,-3820.5226741601937,55.0,S_1912
2024-05-12 03:42:40,-49.238888,5.057438,-43.95101,29.913824,867.7083,-0.003030908,-3823.033964295646,55.0,S_1912
2024-05-12 03:42:41,-49.27431,5.0540543,-44.013958,29.892843,867.7491,-0.0030242796,-3820.9807211132666,55.0,S_1912
2024-05-12 03:42:42,-49.3097,5.050663,-44.069912,29.87186,867.7398,-0.0030195506,-3821.6465913302427,55.0,S_1912
2024-05-12 03:42:43,-49.345047,5.047268,-44.125862,29.843884,867.712,-0.0030137738,-3821.318479600239,55.0,S_1912
2024-05-12 03:42:44,-49.380356,5.043869,-44.181816,29.8229,867.71387,-0.0030893735,-3821.9296615526646,55.0,S_1912
2024-05-12 03:42:45,-49.415623,5.0404663,-44.23777,29.801918,867.7861,-0.0030836458,-3824.827448993373,55.0,S_1912
2024-05-12 03:42:46,-49.450855,5.03706,-44.300716,29.780937,867.8954,-0.0029433393,-3824.4776987434916,55.0,S_1912
2024-05-12 03:42:47,-49.486046,5.0336494,-44.363663,29.759954,867.95465,-0.0029367758,-3821.870261160083,55.0,S_1912
2024-05-12 03:42:48,-49.5212,5.0302315,-44.419617,29.738972,867.9509,-0.0019393212,-3815.0814591381395,55.0,S_1912
2024-05-12 03:42:49,-49.556313,5.0268135,-44.47557,29.717989,867.91943,-0.0019334662,-3808.255841629366,55.0,S_1912
2024-05-12 03:42:50,-49.59139,5.023388,-44.53152,29.697006,867.89905,-0.0016407296,-3799.5491294954354,55.0,S_1912
2024-05-12 03:42:51,-49.626423,5.0199585,-44.587475,29.676025,867.9361,-0.0013479929,-3788.9585379371083,55.0,S_1912
2024-05-12 03:42:52,-49.661423,5.0165215,-44.64343,29.655043,868.0398,-0.0020484058,-3784.422128010987,55.0,S_1912
2024-05-12 03:42:53,-49.69638,5.0130844,-44.706375,29.63406,868.12866,-0.0020415562,-3776.0614842896384,55.0,S_1912
2024-05-12 03:42:54,-49.7313,5.0096397,-44.76233,29.613077,868.13983,-0.0022320473,-3769.9122483840256,55.0,S_1912
2024-05-12 03:42:55,-49.76618,5.0061913,-44.811287,29.585102,868.1157,-0.0022269457,-3766.774992226735,55.0,S_1912
2024-05-12 03:42:56,-49.80102,5.002743,-44.86724,29.56412,868.09906,-0.0017749467,-3758.9412263870427,55.0,S_1912
2024-05-12 03:42:57,-49.835823,4.999283,-44.92319,29.543137,868.1269,-0.001766951,-3752.392316240781,55.0,S_1912
2024-05-12 03:42:58,-49.870586,4.995823,-44.98614,29.522154,868.2083,-0.0016831614,-3743.0029300160077,55.0,S_1912
2024-05-12 03:42:59,-49.90531,4.992359,-45.049088,29.501171,868.2935,-0.0016759696,-3732.301806212462,55.0,S_1912
2024-05-12 03:43:00,-49.94,4.988888,-45.10504,29.48019,868.33246,-0.0014475558,-3722.369188096076,55.0,S_1912
2024-05-12 03:43:01,-49.974483,4.9854164,-45.16099,29.459208,868.3232,-0.0014412096,-3712.6333527098222,55.0,S_1912
2024-05-12 03:43:02,-50.00893,4.981945,-45.216946,29.43123,868.29535,-0.0015697317,-3703.041278446227,55.0,S_1912
2024-05-12 03:43:03,-50.04335,4.978466,-45.2729,29.410248,868.29724,-0.0015633092,-3693.859166118371,55.0,S_1912
2024-05-12 03:43:04,-50.077732,4.9749794,-45.32885,29.389267,868.37134,-0.0018332798,-3687.8010669551095,55.0,S_1912
2024-05-12 03:43:05,-50.112083,4.971493,-45.3918,29.368284,868.4806,-0.0018260034,-3678.0764050964744,55.0,S_1912
2024-05-12 03:43:06,-50.146397,4.9679985,-45.44775,29.347301,868.5324,-0.00083074067,-3664.1899605997933,55.0,S_1912
2024-05-12 03:43:07,-50.180683,4.9645004,-45.503704,29.326319,868.5195,-0.0008224114,-3650.2509572844265,55.0,S_1912
2024-05-12 03:43:08,-50.21493,4.9609985,-45.559658,29.305336,868.488,0.0007056147,-3626.4863461799996,55.0,S_1912
2024-05-12 03:43:09,-50.24915,4.957493,-45.615612,29.284355,868.475,0.0007123387,-3602.5677619137596,55.0,S_1912
2024-05-12 03:43:10,-50.283333,4.9539795,-45.671562,29.256378,868.5213,0.0006750855,-3578.04806363671,55.0,S_1912
2024-05-12 03:43:11,-50.317482,4.9504623,-45.73451,29.235395,868.62506,0.00063783233,-3552.393035095296,55.0,S_1912
2024-05-12 03:43:12,-50.351597,4.946945,-45.790462,29.207418,868.71204,0.00023603963,-3531.2106878080476,55.0,S_1912
2024-05-12 03:43:13,-50.38568,4.9434166,-45.846416,29.186438,868.7232,0.00024274015,-3510.4370141907,55.0,S_1912
2024-05-12 03:43:14,-50.41973,4.939888,-45.90237,29.165455,868.6991,0.00016609975,-3490.03329869936,55.0,S_1912
2024-05-12 03:43:15,-50.453747,4.936352,-45.965317,29.144472,868.6843,0.00017368398,-3467.476804126334,55.0,S_1912
2024-05-12 03:43:16,-50.487732,4.9328156,-46.021267,29.12349,868.71204,0.00013074384,-3447.333716696524,55.0,S_1912
2024-05-12 03:43:17,-50.521683,4.929268,-46.084217,29.102507,868.79175,0.00014022435,-3424.974960050683,55.0,S_1912
2024-05-12 03:43:18,-50.5556,4.92572,-46.140167,29.074532,868.87695,0.00081128115,-3400.114097644584,55.0,S_1912
2024-05-12 03:43:19,-50.58948,4.9221687,-46.19612,29.053549,868.91583,0.00081834453,-3375.6572290995246,55.0,S_1912
2024-05-12 03:43:20,-50.62333,4.9186096,-46.252075,29.032566,868.90656,0.0010420826,-3350.5461250203107,55.0,S_1912
2024-05-12 03:43:21,-50.657146,4.9150467,-46.301033,29.011583,868.8806,0.0010482809,-3326.6853057066883,55.0,S_1912
2024-05-12 03:43:22,-50.69093,4.91148,-46.356987,28.983608,868.8806,0.00039213162,-3304.232544057195,55.0,S_1912
2024-05-12 03:43:23,-50.72468,4.9079094,-46.419933,28.962626,868.95654,0.00039997208,-3280.2461886223546,55.0,S_1912
2024-05-12 03:43:24,-50.758396,4.904331,-46.475887,28.941643,869.0658,-0.000620487,-3265.049686154087,55.0,S_1912
2024-05-12 03:43:25,-50.79208,4.900753,-46.531837,28.92066,869.1121,-0.00061388896,-3249.8147182726034,55.0,S_1912
2024-05-12 03:43:26,-50.82573,4.897167,-46.58779,28.899677,869.0991,-0.0011919722,-3238.479460524298,55.0,S_1912
2024-05-12 03:43:27,-50.85935,4.8935738,-46.643745,28.871702,869.0899,-0.001183762,-3226.463006610029,55.0,S_1912
2024-05-12 03:43:28,-50.89293,4.8899803,-46.6997,28.85072,869.09546,-0.0012257327,-3216.260337953594,55.0,S_1912
2024-05-12 03:43:29,-50.92648,4.8863792,-46.762646,28.822742,869.0899,-0.0012182218,-3202.241464386131,55.0,S_1912
2024-05-12 03:43:30,-50.96,4.882778,-46.818596,28.80176,869.07324,-0.0007444537,-3188.4209672538827,55.0,S_1912
2024-05-12 03:43:31,-50.99348,4.8791695,-46.881546,28.780779,869.1029,-0.0007367079,-3171.8730443500226,55.0,S_1912
2024-05-12 03:43:32,-51.02693,4.875553,-46.937496,28.752802,869.20654,-0.00044390856,-3155.118439380869,55.0,S_1912
2024-05-12 03:43:33,-51.06035,4.871937,-46.99345,28.73182,869.2954,-0.0004369797,-3138.7669744187033,55.0,S_1912
2024-05-12 03:43:34,-51.09373,4.868313,-47.049404,28.710836,869.3084,-0.000602086,-3123.9334603184107,55.0,S_1912
2024-05-12 03:43:35,-51.12708,4.864685,-47.11235,28.689856,869.2825,-0.000594318,-3106.4615965343346,55.0,S_1912
2024-05-12 03:43:36,-51.160397,4.8610535,-47.168304,28.661879,869.2677,-8.114474e-05,-3087.3878237971576,55.0,S_1912
2024-05-12 03:43:37,-51.19368,4.857418,-47.224255,28.640896,869.2954,-7.4159005e-05,-3068.729893097053,55.0,S_1912
2024-05-12 03:43:38,-51.22693,4.853775,-47.28021,28.612919,869.3751,0.000211854,-3047.7805589339214,55.0,S_1912
2024-05-12 03:43:39,-51.260147,4.850132,-47.336163,28.591938,869.4603,0.00021895522,-3027.2341267929114,55.0,S_1912
2024-05-12 03:43:40,-51.29333,4.8464813,-47.392117,28.570955,869.4992,-0.0004230218,-3010.875351331736,55.0,S_1912
2024-05-12 03:43:41,-51.32648,4.842827,-47.448067,28.542978,869.4899,-0.0004143886,-2993.956725712983,55.0,S_1912
2024-05-12 03:43:42,-51.359596,4.8391647,-47.50402,28.521996,869.464,-0.00041032681,-2977.823952260236,55.0,S_1912
2024-05-12 03:43:43,-51.39268,4.8355026,-47.566967,28.49402,869.4659,-0.00040244928,-2958.6097685871264,55.0,S_1912
2024-05-12 03:43:44,-51.42573,4.831833,-47.62292,28.473038,869.5381,0.00026023423,-2937.8134329389923,55.0,S_1912
2024-05-12 03:43:45,-51.458748,4.8281593,-47.678875,28.452055,869.64734,0.00026915886,-2916.96281742676,55.0,S_1912
2024-05-12 03:43:46,-51.49173,4.824482,-47.734825,28.431072,869.7066,0.0011615386,-2890.2167948956485,55.0,S_1912
2024-05-12 03:43:47,-51.52468,4.820797,-47.79078,28.403095,869.7029,0.001169045,-2863.1529001354747,55.0,S_1912
2024-05-12 03:43:48,-51.5576,4.817112,-47.846733,28.382114,869.67145,0.001373803,-2834.001632769955,55.0,S_1912
2024-05-12 03:43:49,-51.59048,4.8134193,-47.90968,28.354137,869.65106,0.0013823237,-2803.3545086566255,55.0,S_1912
2024-05-12 03:43:50,-51.62333,4.809723,-47.965633,28.333155,869.68805,0.0008027592,-2778.9778243908013,55.0,S_1912
2024-05-12 03:43:51,-51.656147,4.806019,-48.021584,28.305178,869.7918,0.0008101838,-2754.2319655139718,55.0,S_1912
2024-05-12 03:43:52,-51.68893,4.8023148,-48.077538,28.284197,869.8788,0.0007086664,-2730.58334609759,55.0,S_1912
2024-05-12 03:43:53,-51.72168,4.798603,-48.13349,28.263214,869.8918,0.00071614794,-2706.78515846333,55.0,S_1912
2024-05-12 03:43:54,-51.7544,4.7948875,-48.189445,28.235237,869.86584,0.00050770096,-2683.989021540223,55.0,S_1912
2024-05-12 03:43:55,-51.78708,4.791168,-48.245396,28.214254,869.8511,0.0004726894,-2661.4454450017647,55.0,S_1912
2024-05-12 03:43:56,-51.81973,4.787445,-48.308346,28.18628,869.8788,0.00043767784,-2636.884690682896,55.0,S_1912
2024-05-12 03:43:57,-51.85235,4.7837143,-48.364296,28.165297,869.96216,0.0004451312,-2614.549389633541,55.0,S_1912
2024-05-12 03:43:58,-51.88493,4.7799797,-48.427242,28.13732,870.04736,0.0005396224,-2589.7489086123096,55.0,S_1912
2024-05-12 03:43:59,-51.91748,4.7762413,-48.476204,28.116337,870.07886,0.00054791477,-2569.294278632473,55.0,S_1912
2024-05-12 03:44:00,-51.949997,4.772499,-48.532154,28.088362,870.06964,0.0008624204,-2543.5916962255524,55.0,S_1912
2024-05-12 03:44:01,-51.982315,4.7687683,-48.595104,28.067379,870.06586,0.000871042,-2516.588245528872,55.0,S_1912
2024-05-12 03:44:02,-52.014606,4.7650337,-48.651054,28.039402,870.06775,0.0015757686,-2485.779095732785,55.0,S_1912
2024-05-12 03:44:03,-52.04687,4.7612953,-48.714,28.01842,870.0529,0.0015863107,-2455.259683368724,55.0,S_1912
2024-05-12 03:44:04,-52.07911,4.7575493,-48.762962,27.990444,870.0511,0.0024892457,-2421.656432158112,55.0,S_1912
2024-05-12 03:44:05,-52.111317,4.7537994,-48.818913,27.962467,870.12146,0.0024974472,-2386.1427577382474,55.0,S_1912
2024-05-12 03:44:06,-52.143497,4.750042,-48.874866,27.941484,870.2308,0.0026977956,-2349.4064672664363,55.0,S_1912
2024-05-12 03:44:07,-52.17565,4.7462845,-48.93082,27.913507,870.29,0.0027077815,-2312.551661533601,55.0,S_1912
2024-05-12 03:44:08,-52.207775,4.7425156,-48.986774,27.892527,870.2863,0.0018449555,-2281.6744106727792,55.0,S_1912
2024-05-12 03:44:09,-52.239872,4.7387466,-49.042725,27.871544,870.2548,0.0018529879,-2249.110892149478,55.0,S_1912
2024-05-12 03:44:10,-52.271942,4.73497,-49.105675,27.843567,870.23444,0.0011374274,-2219.1129811761903,55.0,S_1912
2024-05-12 03:44:11,-52.303986,4.731186,-49.16862,27.81559,870.2714,0.0011479788,-2190.058917938103,55.0,S_1912
2024-05-12 03:44:12,-52.336,4.727398,-49.22457,27.79461,870.3752,0.0012484508,-2163.7623525594263,55.0,S_1912
2024-05-12 03:44:13,-52.367985,4.723606,-49.273533,27.766632,870.46405,0.0013623504,-2137.769816623105,55.0,S_1912
2024-05-12 03:44:14,-52.399944,4.7198105,-49.329483,27.74565,870.47516,0.00147625,-2109.072945494371,55.0,S_1912
2024-05-12 03:44:15,-52.431873,4.716007,-49.385437,27.717672,870.4511,0.0014843054,-2078.967541108791,55.0,S_1912
2024-05-12 03:44:16,-52.463776,4.7121964,-49.448383,27.696692,870.43445,0.0009068863,-2051.7928132539346,55.0,S_1912
2024-05-12 03:44:17,-52.49565,4.7083855,-49.504337,27.668715,870.46405,0.00091477693,-2025.6624595119201,55.0,S_1912
2024-05-12 03:44:18,-52.5275,4.704567,-49.567284,27.640738,870.54553,0.0002178424,-2002.5960790263152,55.0,S_1912
2024-05-12 03:44:19,-52.55932,4.700741,-49.623238,27.619755,870.63074,0.00022556569,-1982.2702307065974,55.0,S_1912
2024-05-12 03:44:20,-52.59111,4.6969147,-49.672195,27.59178,870.66406,2.0877807e-05,-1964.8966668258208,55.0,S_1912
2024-05-12 03:44:21,-52.622875,4.693077,-49.72815,27.570797,870.653,2.8577168e-05,-1945.679197350325,55.0,S_1912
2024-05-12 03:44:22,-52.65461,4.6892395,-49.791096,27.54282,870.64746,-0.00025153352,-1925.8253741600456,55.0,S_1912
2024-05-12 03:44:23,-52.686317,4.6853943,-49.854042,27.521837,870.6511,-0.00024291361,-1906.2019947782092,55.0,S_1912
2024-05-12 03:44:24,-52.718,4.6815453,-49.909996,27.493862,870.64,-0.0003626229,-1888.8694608873056,55.0,S_1912
2024-05-12 03:44:25,-52.749653,4.6776886,-49.958954,27.465885,870.6382,-0.0003559616,-1873.9734828716,55.0,S_1912
2024-05-12 03:44:26,-52.781277,4.673828,-50.014908,27.437908,870.6919,-0.0002667692,-1856.452906838892,55.0,S_1912
2024-05-12 03:44:27,-52.812874,4.669964,-50.077854,27.416925,870.78265,-0.00025804696,-1836.9430865602098,55.0,S_1912
2024-05-12 03:44:28,-52.844444,4.666092,-50.13381,27.38895,870.85114,-0.00050528254,-1820.8230345500397,55.0,S_1912
2024-05-12 03:44:29,-52.875984,4.662216,-50.189762,27.360973,870.86224,-0.00049766974,-1804.6561187478246,55.0,S_1912
2024-05-12 03:44:30,-52.9075,4.658333,-50.245712,27.332996,870.84,-0.00058356987,-1788.9768269658762,55.0,S_1912
2024-05-12 03:44:31,-52.938984,4.6544456,-50.301666,27.312014,870.8197,-0.00057597505,-1774.1956588354724,55.0,S_1912
2024-05-12 03:44:32,-52.970444,4.6505547,-50.364613,27.284039,870.85486,-0.0003400169,-1754.8021217164815,55.0,S_1912
2024-05-12 03:44:33,-53.001873,4.646656,-50.420567,27.256062,870.96045,-0.00033232267,-1737.3234666634617,55.0,S_1912
2024-05-12 03:44:34,-53.033276,4.6427536,-50.469524,27.228085,871.0474,-0.00041934848,-1722.8123239058168,55.0,S_1912
2024-05-12 03:44:35,-53.06465,4.6388474,-50.52548,27.207102,871.0549,-0.0004116727,-1706.5412382200002,55.0,S_1912
2024-05-12 03:44:36,-53.096,4.6349335,-50.581432,27.179127,871.0363,-0.00061639905,-1691.091038187693,55.0,S_1912
2024-05-12 03:44:37,-53.12732,4.631016,-50.637383,27.158144,871.0382,-0.00060875714,-1676.1148364632027,55.0,S_1912
2024-05-12 03:44:38,-53.15861,4.6270905,-50.693336,27.130167,871.0419,-0.00060399296,-1661.1221411047654,55.0,S_1912
2024-05-12 03:44:39,-53.189877,4.6231613,-50.756283,27.10219,871.02527,-0.00059531117,-1643.8659967140738,55.0,S_1912
2024-05-12 03:44:40,-53.22111,4.6192284,-50.81923,27.074215,871.0234,-0.0005820382,-1626.0836857219656,55.0,S_1912
2024-05-12 03:44:41,-53.25232,4.615288,-50.875183,27.046238,871.09564,-0.0007197987,-1611.3132170102117,55.0,S_1912
2024-05-12 03:44:42,-53.2835,4.6113434,-50.931137,27.025255,871.2049,-0.00085755927,-1597.3438818616632,55.0,S_1912
2024-05-12 03:44:43,-53.31465,4.607395,-50.980095,26.99728,871.2568,-0.0008509442,-1585.7337443654505,55.0,S_1912
2024-05-12 03:44:44,-53.34578,4.6034393,-51.03605,26.969303,871.2438,-0.0008387262,-1572.4687948851342,55.0,S_1912
2024-05-12 03:44:45,-53.376877,4.5994797,-51.098995,26.941326,871.21783,-0.0008300514,-1556.3237780958243,55.0,S_1912
2024-05-12 03:44:46,-53.407944,4.5955124,-51.15495,26.91335,871.21967,-0.00014233659,-1538.0016471397657,55.0,S_1912
2024-05-12 03:44:47,-53.438988,4.5915413,-51.217896,26.885374,871.27893,-0.00013334781,-1517.300973855522,55.0,S_1912
2024-05-12 03:44:48,-53.47,4.5875664,-51.27385,26.864391,871.3697,0.00034487149,-1496.1375278044661,55.0,S_1912
2024-05-12 03:44:49,-53.500988,4.583584,-51.3298,26.836414,871.4345,0.00035307993,-1474.4897797968997,55.0,S_1912
2024-05-12 03:44:50,-53.531944,4.5795975,-51.385754,26.808437,871.44006,0.0011604081,-1447.578500094015,55.0,S_1912
2024-05-12 03:44:51,-53.562874,4.5756073,-51.441708,26.780462,871.4271,0.0011689591,-1421.4792527007785,55.0,S_1912
2024-05-12 03:44:52,-53.593777,4.5716095,-51.490665,26.752485,871.42896,0.0015111219,-1394.4890245824463,55.0,S_1912
2024-05-12 03:44:53,-53.624653,4.567608,-51.54662,26.724508,871.4271,0.0015198138,-1364.286026022468,55.0,S_1912
2024-05-12 03:44:54,-53.6555,4.5635986,-51.609566,26.703526,871.4141,0.001329016,-1333.5387655741451,55.0,S_1912
2024-05-12 03:44:55,-53.68632,4.5595856,-51.672512,26.67555,871.4364,0.0013387061,-1303.2910053696714,55.0,S_1912
2024-05-12 03:44:56,-53.71711,4.5555687,-51.728466,26.647573,871.51416,0.0017072397,-1272.8428185304756,55.0,S_1912
2024-05-12 03:44:57,-53.747875,4.551544,-51.78442,26.619596,871.6012,0.001716115,-1242.3425458502943,55.0,S_1912
2024-05-12 03:44:58,-53.77861,4.547516,-51.84037,26.591621,871.64197,0.002144765,-1209.0539357443158,55.0,S_1912
2024-05-12 03:44:59,-53.80932,4.5434837,-51.896324,26.563644,871.6327,0.0021555002,-1175.6993959077745,55.0,S_1912
2024-05-12 03:45:00,-53.84,4.539444,-51.95228,26.535667,871.6049,0.0020096102,-1144.7866042663509,55.0,S_1912
2024-05-12 03:45:01,-53.87065,4.5354347,-52.001236,26.50769,871.60675,0.0020175714,-1113.0296007080378,55.0,S_1912
2024-05-12 03:45:02,-53.90128,4.5314217,-52.064182,26.479715,871.6827,0.0026061083,-1072.6134732579349,55.0,S_1912
2024-05-12 03:45:03,-53.931873,4.527401,-52.12713,26.451738,871.79193,0.0026181047,-1034.0731888193113,55.0,S_1912
2024-05-12 03:45:04,-53.962444,4.5233727,-52.183083,26.423761,871.8364,0.0037873145,-990.1165219032828,55.0,S_1912
2024-05-12 03:45:05,-53.992985,4.5193405,-52.239037,26.395786,871.8234,0.0037971546,-946.1022330176156,55.0,S_1912
2024-05-12 03:45:06,-54.0235,4.5153008,-52.29499,26.36781,871.8142,0.0039180974,-901.3082280233411,55.0,S_1912
2024-05-12 03:45:07,-54.053986,4.5112534,-52.35094,26.339832,871.81976,0.0039280206,-856.4557717059724,55.0,S_1912
2024-05-12 03:45:08,-54.084442,4.5071983,-52.406895,26.311855,871.8142,0.004074106,-810.657644381221,55.0,S_1912
2024-05-12 03:45:09,-54.114876,4.5031395,-52.46285,26.28388,871.7975,0.004186001,-764.1393576315031,55.0,S_1912
2024-05-12 03:45:10,-54.14528,4.499073,-52.5188,26.255903,871.82715,0.0042978963,-720.0786558361087,55.0,S_1912
2024-05-12 03:45:11,-54.17565,4.494999,-52.56776,26.227926,871.93085,0.0043070028,-675.501084591232,55.0,S_1912
2024-05-12 03:45:12,-54.205997,4.490921,-52.62371,26.206944,872.0216,0.004632514,-623.0608363301981,55.0,S_1912
2024-05-12 03:45:13,-54.236317,4.4868355,-52.68666,26.178968,872.0328,0.004643903,-567.9225252061906,55.0,S_1912
2024-05-12 03:45:14,-54.26661,4.4827423,-52.749607,26.150991,872.00684,0.004945866,-513.5515885887917,55.0,S_1912
2024-05-12 03:45:15,-54.296875,4.4786453,-52.805557,26.11602,871.992,0.004956387,-465.29948682950453,55.0,S_1912
2024-05-12 03:45:16,-54.32711,4.4745407,-52.85452,26.088045,872.0216,0.005394512,-409.11543235900353,55.0,S_1912
2024-05-12 03:45:17,-54.35732,4.4704285,-52.917465,26.060068,872.10315,0.0054079765,-352.51316429365033,55.0,S_1912
2024-05-12 03:45:18,-54.387497,4.4663086,-52.97342,26.032091,872.1883,0.0061342125,-293.38479151807223,55.0,S_1912
2024-05-12 03:45:19,-54.417652,4.462185,-53.02937,26.004114,872.2197,0.0061453395,-238.7434474049569,55.0,S_1912
2024-05-12 03:45:20,-54.447777,4.4580536,-53.07833,25.97614,872.2105,0.0069641103,-171.20320050753253,55.0,S_1912
2024-05-12 03:45:21,-54.477875,4.4539185,-53.141277,25.948162,872.2068,0.0069783614,-98.25720833081596,55.0,S_1912
2024-05-12 03:45:22,-54.507942,4.449772,-53.204224,25.91319,872.2087,0.008180322,-23.23953280447313,55.0,S_1912
2024-05-12 03:45:23,-54.537983,4.4456215,-53.260178,25.885216,872.1938,0.008192456,49.22779491937399,55.0,S_1912
2024-05-12 03:45:24,-54.567997,4.4414673,-53.316128,25.857239,872.192,0.00881635,119.20848755205952,55.0,S_1912
2024-05-12 03:45:25,-54.597984,4.4373016,-53.36509,25.829262,872.2642,0.008827757,193.60302582871645,55.0,S_1912
2024-05-12 03:45:26,-54.62794,4.433132,-53.42104,25.801287,872.3735,0.008750381,269.6714635123417,55.0,S_1912
2024-05-12 03:45:27,-54.657875,4.428955,-53.476994,25.77331,872.4272,0.00876289,352.3783093815382,55.0,S_1912
2024-05-12 03:45:28,-54.687775,4.424774,-53.53994,25.745333,872.4179,0.008687879,430.20367524047924,55.0,S_1912
2024-05-12 03:45:29,-54.71765,4.420582,-53.595894,25.717356,872.3994,0.008700425,500.8971736995554,55.0,S_1912
2024-05-12 03:45:30,-54.747498,4.4163895,-53.64485,25.682386,872.40314,0.008394106,572.8589435771019,55.0,S_1912
2024-05-12 03:45:31,-54.777317,4.4121857,-53.700806,25.65441,872.3994,0.008408226,652.9586686995835,55.0,S_1912
2024-05-12 03:45:32,-54.80711,4.407978,-53.763752,25.626432,872.38275,0.008130618,734.2808298577856,55.0,S_1912
2024-05-12 03:45:33,-54.836872,4.403763,-53.8267,25.591463,872.41235,0.00814411,802.9059527145091,55.0,S_1912
2024-05-12 03:45:34,-54.866608,4.39954,-53.87566,25.563486,872.5142,0.0075918585,869.1876545591613,55.0,S_1912
2024-05-12 03:45:35,-54.896317,4.3953094,-53.93161,25.53551,872.605,0.0076041063,937.7213740702891,55.0,S_1912
2024-05-12 03:45:36,-54.926,4.391075,-53.987564,25.507532,872.62164,0.007820517,1013.5172817432567,55.0,S_1912
2024-05-12 03:45:37,-54.95565,4.386837,-54.05051,25.479557,872.6013,0.007834017,1086.8294197434889,55.0,S_1912
2024-05-12 03:45:38,-54.985275,4.3825874,-54.106464,25.444586,872.5939,0.008637096,1156.052062019763,55.0,S_1912
2024-05-12 03:45:39,-55.014874,4.378334,-54.155422,25.416609,872.59753,0.0086488575,1235.6412148285226,55.0,S_1912
2024-05-12 03:45:40,-55.04444,4.374073,-54.21837,25.388634,872.5846,0.009051104,1323.6512979474883,55.0,S_1912
2024-05-12 03:45:41,-55.073982,4.3698044,-54.28132,25.353662,872.58093,0.009453351,1406.7313019421654,55.0,S_1912
2024-05-12 03:45:42,-55.103497,4.365532,-54.33727,25.325686,872.65314,0.010075818,1491.2367342018006,55.0,S_1912
2024-05-12 03:45:43,-55.132984,4.361252,-54.393223,25.29771,872.76245,0.00944531,1566.1233250360847,55.0,S_1912
2024-05-12 03:45:44,-55.16244,4.356964,-54.44218,25.26274,872.8161,0.008814801,1640.6794642282648,55.0,S_1912
2024-05-12 03:45:45,-55.19187,4.3526726,-54.498135,25.234762,872.80133,0.008199672,1712.9832677274126,55.0,S_1912
2024-05-12 03:45:46,-55.221275,4.3483734,-54.55409,25.206785,872.76984,0.0075845434,1782.3485780012497,55.0,S_1912
2024-05-12 03:45:47,-55.25065,4.3440666,-54.61004,25.171816,872.7569,0.0075971,1856.8579780868322,55.0,S_1912
2024-05-12 03:45:48,-55.28,4.339752,-54.67299,25.143839,872.8031,0.0079117585,1923.5515219687695,55.0,S_1912
2024-05-12 03:45:49,-55.30932,4.335434,-54.721947,25.115862,872.9087,0.007923433,1992.954447346122,55.0,S_1912
2024-05-12 03:45:50,-55.338608,4.331108,-54.7779,25.080893,872.99396,0.008892677,2076.808930906467,55.0,S_1912
2024-05-12 03:45:51,-55.367874,4.3267784,-54.840847,25.052916,873.00134,0.008908749,2162.513685435436,55.0,S_1912
2024-05-12 03:45:52,-55.39711,4.322441,-54.903793,25.024939,872.9828,0.009816979,2248.7576144095,55.0,S_1912
2024-05-12 03:45:53,-55.426315,4.318096,-54.959747,24.98997,872.9846,0.009830824,2324.6604671386385,55.0,S_1912
2024-05-12 03:45:54,-55.455498,4.3137436,-55.008705,24.961992,872.9828,0.010753481,2412.73397279834,55.0,S_1912
2024-05-12 03:45:55,-55.48465,4.3093834,-55.06466,24.927021,872.9717,0.010769482,2503.490156585369,55.0,S_1912
2024-05-12 03:45:56,-55.513775,4.3050194,-55.12061,24.892052,872.99396,0.01105694,2594.6250041418516,55.0,S_1912
2024-05-12 03:45:57,-55.542873,4.3006516,-55.176563,24.864075,873.07355,0.011073117,2685.428338145817,55.0,S_1912
2024-05-12 03:45:58,-55.57194,4.2962723,-55.232517,24.836098,873.1606,0.009850986,2769.6405533149737,55.0,S_1912
2024-05-12 03:45:59,-55.600983,4.291889,-55.28847,24.801128,873.1939,0.009864953,2853.01451693303,55.0,S_1912
2024-05-12 03:46:00,-55.629997,4.2874985,-55.34442,24.773151,873.1847,0.010085718,2937.385109096197,55.0,S_1912
2024-05-12 03:46:01,-55.65915,4.283104,-55.400375,24.745174,873.17914,0.010101495,3023.210302638362,55.0,S_1912
2024-05-12 03:46:02,-55.688263,4.278702,-55.45633,24.710203,873.1809,0.0098142885,3107.5422806425368,55.0,S_1912
2024-05-12 03:46:03,-55.717346,4.274296,-55.51228,24.675234,873.1717,0.009828355,3199.21684054248,55.0,S_1912
2024-05-12 03:46:04,-55.7464,4.269882,-55.57523,24.640263,873.16986,0.008930844,3278.651007793487,55.0,S_1912
2024-05-12 03:46:05,-55.775414,4.265461,-55.63118,24.612286,873.2236,0.008944534,3363.378427302201,55.0,S_1912
2024-05-12 03:46:06,-55.804398,4.261032,-55.69413,24.577316,873.31433,0.009139105,3437.3248300936884,55.0,S_1912
2024-05-12 03:46:07,-55.833347,4.2565994,-55.743088,24.54934,873.381,0.009153438,3514.6278505029304,55.0,S_1912
2024-05-12 03:46:08,-55.862263,4.252159,-55.799038,24.514368,873.3865,0.007243585,3580.934447954207,55.0,S_1912
2024-05-12 03:46:09,-55.891148,4.247711,-55.854992,24.486393,873.37354,0.0072565214,3647.849836610071,55.0,S_1912
2024-05-12 03:46:10,-55.92,4.2432594,-55.910946,24.451422,873.37726,0.0061649783,3707.969229101528,55.0,S_1912
2024-05-12 03:46:11,-55.948814,4.2388,-55.9669,24.41645,873.3717,0.006177457,3767.346671703107,55.0,S_1912
2024-05-12 03:46:12,-55.977596,4.234333,-56.02285,24.388475,873.35504,0.007597062,3835.478409849731,55.0,S_1912
2024-05-12 03:46:13,-56.006348,4.2298584,-56.078804,24.360498,873.3847,0.0076119173,3904.690980037818,55.0,S_1912
2024-05-12 03:46:14,-56.035065,4.22538,-56.134758,24.325527,873.4884,0.008149247,3983.8871574381956,55.0,S_1912
2024-05-12 03:46:15,-56.063747,4.220894,-56.197704,24.290558,873.5791,0.008163965,4053.3361492691383,55.0,S_1912
2024-05-12 03:46:16,-56.0924,4.2164,-56.246662,24.255587,873.5958,0.008364413,4124.656365846127,55.0,S_1912
2024-05-12 03:46:17,-56.121014,4.2119026,-56.302616,24.22761,873.57544,0.008378127,4198.872121662868,55.0,S_1912
2024-05-12 03:46:18,-56.149597,4.2073936,-56.35857,24.19264,873.568,0.010449038,4294.888471996567,55.0,S_1912
2024-05-12 03:46:19,-56.17815,4.202881,-56.421516,24.15767,873.5718,0.010466679,4384.084576205219,55.0,S_1912
2024-05-12 03:46:20,-56.206665,4.1983643,-56.47747,24.129692,873.55695,0.011042542,4475.8208671126395,55.0,S_1912
2024-05-12 03:46:21,-56.23515,4.193836,-56.53342,24.094723,873.55505,0.0110578835,4568.067478348258,55.0,S_1912
2024-05-12 03:46:22,-56.2636,4.1893044,-56.589375,24.059752,873.6273,0.011476929,4654.670741387573,55.0,S_1912
2024-05-12 03:46:23,-56.292015,4.1847687,-56.638332,24.02478,873.7366,0.011895975,4750.255647325363,55.0,S_1912
2024-05-12 03:46:24,-56.3204,4.1802216,-56.694286,23.98981,873.78467,0.015086915,4869.005054180614,55.0,S_1912
2024-05-12 03:46:25,-56.348747,4.1756706,-56.75024,23.95484,873.7699,0.010685487,4957.384469842121,55.0,S_1912
2024-05-12 03:46:26,-56.377064,4.171112,-56.80619,23.926863,873.7606,0.006284057,5017.683922943357,55.0,S_1912
2024-05-12 03:46:27,-56.40535,4.166546,-56.862144,23.891893,873.7662,0.006297272,5083.148325678355,55.0,S_1912
2024-05-12 03:46:28,-56.433598,4.161976,-56.92509,23.856922,873.7606,-0.0031592958,5086.121413465633,55.0,S_1912
2024-05-12 03:46:29,-56.461815,4.157398,-56.974052,23.82195,873.74396,-0.0031526769,5082.524369901441,55.0,S_1912
2024-05-12 03:46:30,-56.489998,4.152813,-57.030003,23.786982,873.77545,0.0024322588,5119.645105489812,55.0,S_1912
2024-05-12 03:46:31,-56.51815,4.14822,-57.092953,23.75201,873.8792,0.00244431,5158.996507806869,55.0,S_1912
2024-05-12 03:46:32,-56.546265,4.1436234,-57.1559,23.71704,873.9662,0.008509738,5229.023233700862,55.0,S_1912
2024-05-12 03:46:33,-56.57435,4.139019,-57.204857,23.689064,873.97546,0.008522857,5301.82507011831,55.0,S_1912
2024-05-12 03:46:34,-56.602398,4.134407,-57.26081,23.654093,873.9569,0.00842749,5376.551581949243,55.0,S_1912
2024-05-12 03:46:35,-56.630417,4.1297913,-57.31676,23.619122,873.9569,0.0084420005,5457.629307230626,55.0,S_1912
2024-05-12 03:46:36,-56.658398,4.125168,-57.37971,23.584152,873.96063,0.006062894,5518.922436086636,55.0,S_1912
2024-05-12 03:46:37,-56.686348,4.120537,-57.43566,23.549181,873.9458,0.0060761496,5573.692669061429,55.0,S_1912
2024-05-12 03:46:38,-56.714264,4.115898,-57.484623,23.51421,873.944,0.0028625508,5609.628525103376,55.0,S_1912
2024-05-12 03:46:39,-56.74215,4.1112556,-57.540573,23.47924,874.0162,0.0028752617,5648.201719491202,55.0,S_1912
2024-05-12 03:46:40,-56.77,4.1066055,-57.596527,23.437275,874.1273,-0.0007091569,5663.292870645995,55.0,S_1912
2024-05-12 03:46:41,-56.797817,4.101948,-57.65248,23.409298,874.17365,-0.0007000622,5677.515854747772,55.0,S_1912
2024-05-12 03:46:42,-56.8256,4.097286,-57.70843,23.374329,874.1588,-0.0021818308,5682.413321356187,55.0,S_1912
2024-05-12 03:46:43,-56.853348,4.092613,-57.764385,23.339357,874.1514,-0.0021733372,5685.74970741841,55.0,S_1912
2024-05-12 03:46:44,-56.881065,4.0879364,-57.82733,23.304388,874.15515,-0.002856576,5688.34952585598,55.0,S_1912
2024-05-12 03:46:45,-56.90875,4.083256,-57.883286,23.269417,874.1403,-0.0028466766,5690.959890992182,55.0,S_1912
2024-05-12 03:46:46,-56.936398,4.0785637,-57.932243,23.234446,874.1255,-0.0042756246,5679.951025387109,55.0,S_1912
2024-05-12 03:46:47,-56.964016,4.073868,-57.988197,23.199476,874.16437,-0.0042666597,5674.274369652833,55.0,S_1912
2024-05-12 03:46:48,-56.9916,4.069168,-58.037155,23.164505,874.26996,-0.0036559042,5664.614429317737,55.0,S_1912
2024-05-12 03:46:49,-57.01915,4.064457,-58.1001,23.129534,874.3551,-0.0036471188,5661.492989561191,55.0,S_1912
2024-05-12 03:46:50,-57.046665,4.059742,-58.156055,23.08757,874.3644,-0.0021881324,5665.110282982159,55.0,S_1912
2024-05-12 03:46:51,-57.07415,4.0550194,-58.219,23.052599,874.3459,-0.0021785686,5672.1335075242805,55.0,S_1912
2024-05-12 03:46:52,-57.1016,4.050289,-58.274956,23.017628,874.34216,-0.00104104,5684.334886542007,55.0,S_1912
2024-05-12 03:46:53,-57.129017,4.045555,-58.33091,22.975664,874.34955,-0.0010304331,5697.920147361135,55.0,S_1912
2024-05-12 03:46:54,-57.1564,4.0408134,-58.379868,22.940693,874.3551,1.9054161e-05,5715.075124554409,55.0,S_1912
2024-05-12 03:46:55,-57.18375,4.036064,-58.43582,22.905724,874.344,3.0501455e-05,5734.458052734373,55.0,S_1912
2024-05-12 03:46:56,-57.211067,4.031307,-58.498768,22.870752,874.32184,-0.00082489674,5750.222202574743,55.0,S_1912
2024-05-12 03:46:57,-57.23835,4.0265465,-58.55472,22.828787,874.32916,-0.0008155614,5764.438392066739,55.0,S_1912
2024-05-12 03:46:58,-57.2656,4.021778,-58.610672,22.793818,874.4088,-0.0013412525,5775.771792259417,55.0,S_1912
2024-05-12 03:46:59,-57.292816,4.017002,-58.659634,22.758846,874.51624,-0.0013336821,5784.033889817007,55.0,S_1912
2024-05-12 03:47:00,-57.32,4.0122223,-58.715584,22.723875,874.56256,-0.00049740454,5799.902582877788,55.0,S_1912
2024-05-12 03:47:01,-57.34674,4.0074577,-58.771538,22.688906,874.5477,-0.00048821297,5815.826899457959,55.0,S_1912
2024-05-12 03:47:02,-57.373463,4.0026894,-58.82749,22.653934,874.5403,-0.0011205048,5827.4509266692185,55.0,S_1912
2024-05-12 03:47:03,-57.40016,3.9979095,-58.883446,22.611969,874.544,-0.0011100334,5839.555728922891,55.0,S_1912
2024-05-12 03:47:04,-57.426846,3.993126,-58.939396,22.570005,874.53296,-0.0006716398,5854.174481237327,55.0,S_1912
2024-05-12 03:47:05,-57.453506,3.9883347,-59.002342,22.535034,874.53107,-0.00065972685,5871.079817885222,55.0,S_1912
2024-05-12 03:47:06,-57.48015,3.983532,-59.058296,22.500065,874.5848,0.0030675216,5910.669771226805,55.0,S_1912
2024-05-12 03:47:07,-57.506775,3.9787254,-59.11425,22.4581,874.67737,0.0030788628,5948.059310742652,55.0,S_1912
2024-05-12 03:47:08,-57.53338,3.9739113,-59.163208,22.423128,874.7422,0.0042397366,5993.332406568198,55.0,S_1912
2024-05-12 03:47:09,-57.559963,3.9690895,-59.219162,22.381165,874.74963,0.0028562308,6031.51649025218,55.0,S_1912
2024-05-12 03:47:10,-57.58653,3.96426,-59.275116,22.346193,874.73663,0.0014727253,6060.222067046587,55.0,S_1912
2024-05-12 03:47:11,-57.61307,3.959423,-59.331066,22.311222,874.7385,0.0014836348,6090.097578804347,55.0,S_1912
2024-05-12 03:47:12,-57.6396,3.9545784,-59.394012,22.276253,874.7348,0.0015338936,6121.512332594466,55.0,S_1912
2024-05-12 03:47:13,-57.666107,3.949726,-59.449966,22.234287,874.7237,0.0015466238,6151.091105028404,55.0,S_1912
2024-05-12 03:47:14,-57.692593,3.9448662,-59.50592,22.199318,874.7441,-0.0017172915,6158.675769866977,55.0,S_1912
2024-05-12 03:47:15,-57.719063,3.9399986,-59.561874,22.157352,874.82556,-0.0017082102,6166.730456869202,55.0,S_1912
2024-05-12 03:47:16,-57.74551,3.9351273,-59.617825,22.115387,874.91254,-0.005057856,6153.096946111187,55.0,S_1912
2024-05-12 03:47:17,-57.77194,3.9302444,-59.67378,22.080418,874.94775,-0.0050512734,6138.4402413944645,55.0,S_1912
2024-05-12 03:47:18,-57.79835,3.925354,-59.729733,22.038452,874.93665,-0.0027396143,6139.958645313132,55.0,S_1912
2024-05-12 03:47:19,-57.82474,3.9204597,-59.785686,22.003483,874.92737,-0.002732127,6140.759829350797,55.0,S_1912
2024-05-12 03:47:20,-57.851112,3.915554,-59.841637,21.961517,874.92926,-0.0025940337,6145.135804357571,55.0,S_1912
2024-05-12 03:47:21,-57.87746,3.9106445,-59.8906,21.926546,874.9348,-0.0025875852,6144.777639473812,55.0,S_1912
2024-05-12 03:47:22,-57.903793,3.9057274,-59.94655,21.884583,874.9348,0.0008546202,6169.870289011147,55.0,S_1912
2024-05-12 03:47:23,-57.930107,3.9007988,-60.002502,21.842617,874.9218,0.0008667064,6194.92674577694,55.0,S_1912
2024-05-12 03:47:24,-57.956398,3.8958664,-60.058456,21.807648,874.92,0.0062400703,6255.447548948789,55.0,S_1912
2024-05-12 03:47:25,-57.982674,3.8909264,-60.114407,21.765682,874.9756,0.0062556854,6316.469979470714,55.0,S_1912
2024-05-12 03:47:26,-58.008926,3.8859787,-60.17036,21.723717,875.0663,0.006393877,6377.594814968139,55.0,S_1912
2024-05-12 03:47:27,-58.035164,3.8810234,-60.226315,21.688747,875.13293,0.0064744563,6439.632613467029,55.0,S_1912
2024-05-12 03:47:28,-58.06138,3.8760605,-60.28227,21.646782,875.13666,0.0065550357,6502.59898894137,55.0,S_1912
2024-05-12 03:47:29,-58.087574,3.87109,-60.33822,21.604818,875.12555,0.006569851,6565.649741801813,55.0,S_1912
2024-05-12 03:47:30,-58.11375,3.8661118,-60.394173,21.562853,875.1293,0.004600537,6615.589875369911,55.0,S_1912
2024-05-12 03:47:31,-58.139908,3.861126,-60.450127,21.520887,875.12366,0.0046133553,6665.029989900502,55.0,S_1912
2024-05-12 03:47:32,-58.166042,3.8561325,-60.506077,21.485918,875.10706,-0.002402212,6669.723004777413,55.0,S_1912
2024-05-12 03:47:33,-58.19216,3.8511314,-60.55504,21.443953,875.13666,-0.0023953158,6671.021889071557,55.0,S_1912
2024-05-12 03:47:34,-58.21826,3.8461266,-60.61099,21.401989,875.2385,-0.004188771,6662.505292558104,55.0,S_1912
2024-05-12 03:47:35,-58.24434,3.8411102,-60.666943,21.360023,875.3311,-0.0041803624,6654.044214233427,55.0,S_1912
2024-05-12 03:47:36,-58.2704,3.83609,-60.722897,21.318058,875.3496,-0.0016215267,6661.384049485758,55.0,S_1912
2024-05-12 03:47:37,-58.29644,3.8310585,-60.785843,21.276094,875.32745,-0.0016100663,6672.093175744699,55.0,S_1912
2024-05-12 03:47:38,-58.32246,3.826023,-60.841797,21.234129,875.31445,-0.0001156833,6690.713985779535,55.0,S_1912
2024-05-12 03:47:39,-58.34846,3.8209763,-60.890755,21.19916,875.3182,-0.00010549638,6706.782880281433,55.0,S_1912
2024-05-12 03:47:40,-58.374443,3.8159256,-60.94671,21.157194,875.32556,0.00043132572,6728.921026293595,55.0,S_1912
2024-05-12 03:47:41,-58.400406,3.8108673,-61.00266,21.115229,875.3237,0.0004413902,6751.117096416012,55.0,S_1912
2024-05-12 03:47:42,-58.42635,3.8058014,-61.058613,21.073265,875.3107,0.0047628474,6802.634455326179,55.0,S_1912
2024-05-12 03:47:43,-58.452274,3.800724,-61.114567,21.024305,875.30896,0.004777991,6853.988701422342,55.0,S_1912
2024-05-12 03:47:44,-58.478176,3.7956429,-61.17052,20.982342,875.36444,0.007640949,6923.904458649326,55.0,S_1912
2024-05-12 03:47:45,-58.504063,3.790554,-61.22647,20.940376,875.4552,0.00765677,6993.909475294306,55.0,S_1912
2024-05-12 03:47:46,-58.529926,3.7854576,-61.282425,20.898413,875.52185,0.0045038546,7042.997270347612,55.0,S_1912
2024-05-12 03:47:47,-58.555775,3.7803535,-61.33838,20.856447,875.5293,0.004517294,7092.159053305693,55.0,S_1912
2024-05-12 03:47:48,-58.5816,3.7752457,-61.39433,20.814482,875.5145,0.0022147065,7126.049935500512,55.0,S_1912
2024-05-12 03:47:49,-58.607407,3.7701263,-61.450283,20.772518,875.51074,0.002226566,7160.0101222256335,55.0,S_1912
2024-05-12 03:47:50,-58.633194,3.7649994,-61.506237,20.730553,875.5163,-0.002274217,7165.803412404194,55.0,S_1912
2024-05-12 03:47:51,-58.658962,3.7598648,-61.555195,20.68859,875.5201,-0.0022664932,7167.588348405183,55.0,S_1912
2024-05-12 03:47:52,-58.68471,3.7547264,-61.61115,20.63963,875.51263,-0.0064728973,7144.322301801851,55.0,S_1912
2024-05-12 03:47:53,-58.710438,3.7495766,-61.667103,20.597666,875.4997,-0.00646595,7120.6985108891,55.0,S_1912
2024-05-12 03:47:54,-58.73615,3.744423,-61.723053,20.5557,875.52374,0.0021235012,7153.924129669642,55.0,S_1912
2024-05-12 03:47:55,-58.76184,3.7392578,-61.779007,20.513735,875.6052,0.002137761,7187.234840847985,55.0,S_1912
2024-05-12 03:47:56,-58.78751,3.734089,-61.83496,20.471771,875.6904,0.0063732946,7248.555855638008,55.0,S_1912
2024-05-12 03:47:57,-58.813164,3.7289124,-61.89091,20.429806,875.72375,0.010608828,7337.879890878763,55.0,S_1912
2024-05-12 03:47:58,-58.838795,3.7237244,-61.946865,20.387842,875.7145,-0.001533304,7346.679189320395,55.0,S_1912
2024-05-12 03:47:59,-58.864407,3.7185326,-62.00282,20.338882,875.7089,-0.0015214882,7355.958401136545,55.0,S_1912
2024-05-12 03:48:00,-58.89,3.7133331,-62.058773,20.289925,875.71265,-0.0021169337,7361.494238066565,55.0,S_1912
2024-05-12 03:48:01,-58.916065,3.708191,-62.114723,20.24796,875.6978,-0.0021057627,7366.4188162099945,55.0,S_1912
2024-05-12 03:48:02,-58.942093,3.7030373,-62.170677,20.199001,875.696,0.011116162,7451.276639254656,55.0,S_1912
2024-05-12 03:48:03,-58.968086,3.6978722,-62.219635,20.157036,875.76636,0.009598467,7531.714246832861,55.0,S_1912
2024-05-12 03:48:04,-58.994045,3.6926994,-62.27559,20.11507,875.8756,0.008080771,7605.227446360477,55.0,S_1912
2024-05-12 03:48:05,-59.019966,3.687519,-62.331543,20.066113,875.9312,0.0065630767,7672.925203662304,55.0,S_1912
2024-05-12 03:48:06,-59.04585,3.6823273,-62.39449,20.024147,875.92377,0.0050453814,7728.042978702815,55.0,S_1912
2024-05-12 03:48:07,-59.071697,3.6771278,-62.450443,19.97519,875.9034,0.003943283,7773.548313528741,55.0,S_1912
2024-05-12 03:48:08,-59.09751,3.671917,-62.506393,19.933224,875.89966,0.002841185,7809.285938146381,55.0,S_1912
2024-05-12 03:48:09,-59.123287,3.6666946,-62.555355,19.89126,875.9071,0.0017390868,7837.9569907421155,55.0,S_1912
2024-05-12 03:48:10,-59.14903,3.6614647,-62.611305,19.8423,875.9108,4.4822926e-05,7857.706561474604,55.0,S_1912
2024-05-12 03:48:11,-59.174732,3.656227,-62.66726,19.793343,875.90155,0.0006460933,7881.409682906812,55.0,S_1912
2024-05-12 03:48:12,-59.2004,3.650978,-62.723213,19.751377,875.8849,0.0012473636,7908.822158208559,55.0,S_1912
2024-05-12 03:48:13,-59.226032,3.6457214,-62.779167,19.70242,875.9164,0.0012612862,7936.720075326863,55.0,S_1912
2024-05-12 03:48:14,-59.25163,3.6404533,-62.835117,19.65346,876.01825,0.0022434513,7969.284337149025,55.0,S_1912
2024-05-12 03:48:15,-59.277187,3.6351738,-62.88408,19.611496,876.109,0.0032256162,8010.231353434159,55.0,S_1912
2024-05-12 03:48:16,-59.30271,3.6298866,-62.947025,19.562536,876.1275,0.0032542103,8053.14913594985,55.0,S_1912
2024-05-12 03:48:17,-59.328197,3.6245918,-63.002975,19.52057,876.1071,0.003266463,8094.060543368267,55.0,S_1912
2024-05-12 03:48:18,-59.35365,3.6192856,-63.05893,19.471613,876.0941,-0.00087627955,8107.440655320661,55.0,S_1912
2024-05-12 03:48:19,-59.379066,3.613968,-63.114883,19.415659,876.096,-0.00086525397,8122.149925813849,55.0,S_1912
2024-05-12 03:48:20,-59.404446,3.6086426,-63.16384,19.373695,876.10345,-0.0023382627,8123.359913102036,55.0,S_1912
2024-05-12 03:48:21,-59.429787,3.6033058,-63.219795,19.324736,876.10345,-0.0023278338,8127.107118010494,55.0,S_1912
2024-05-12 03:48:22,-59.455093,3.5979614,-63.27575,19.275778,876.0886,-0.0007944438,8141.22468973937,55.0,S_1912
2024-05-12 03:48:23,-59.480366,3.5926094,-63.3317,19.233812,876.0886,-0.0007831125,8154.912941552998,55.0,S_1912
2024-05-12 03:48:24,-59.5056,3.587246,-63.387653,19.184855,876.14233,-0.0016466968,8164.393812221012,55.0,S_1912
2024-05-12 03:48:25,-59.5308,3.581871,-63.43661,19.135895,876.2349,-0.001637602,8170.680247323849,55.0,S_1912
2024-05-12 03:48:26,-59.55596,3.5764885,-63.492565,19.086937,876.29974,-0.003001159,8169.894118254384,55.0,S_1912
2024-05-12 03:48:27,-59.581085,3.5710983,-63.54852,19.037977,876.3071,-0.0029913443,8169.171187266765,55.0,S_1912
2024-05-12 03:48:28,-59.60618,3.565693,-63.60447,18.98902,876.2923,-0.0019806894,8176.632365323179,55.0,S_1912
2024-05-12 03:48:29,-59.631233,3.5602837,-63.65343,18.94006,876.29047,-0.0019714963,8180.665791608673,55.0,S_1912
2024-05-12 03:48:30,-59.65625,3.554863,-63.70938,18.891102,876.296,-0.0022696657,8184.757273286012,55.0,S_1912
2024-05-12 03:48:31,-59.681232,3.5494308,-63.765335,18.842142,876.29974,-0.002259635,8188.911915146177,55.0,S_1912
2024-05-12 03:48:32,-59.706177,3.543991,-63.82129,18.793184,876.2923,-0.0035095592,8184.240892240397,55.0,S_1912
2024-05-12 03:48:33,-59.731087,3.53854,-63.877243,18.73723,876.27936,-0.0035004248,8180.490072012808,55.0,S_1912
2024-05-12 03:48:34,-59.755962,3.533081,-63.933193,18.688272,876.3016,-0.0029076352,8180.2960195464875,55.0,S_1912
2024-05-12 03:48:35,-59.7808,3.5276146,-63.989147,18.639313,876.38306,-0.0028996468,8180.153555820291,55.0,S_1912
2024-05-12 03:48:36,-59.8056,3.5221329,-64.0451,18.590355,876.46826,-0.0018587677,8186.957913044997,55.0,S_1912
2024-05-12 03:48:37,-59.830364,3.5166473,-64.10105,18.541395,876.5034,-0.0018500581,8193.81554023637,55.0,S_1912
2024-05-12 03:48:38,-59.855095,3.5111504,-64.157005,18.492437,876.4942,-0.002501833,8195.992914189505,55.0,S_1912
2024-05-12 03:48:39,-59.879787,3.505642,-64.21296,18.436483,876.4849,-0.0024938725,8198.938146553282,55.0,S_1912
2024-05-12 03:48:40,-59.904446,3.500126,-64.26891,18.387526,876.48676,-0.005954057,8182.68939815053,55.0,S_1912
2024-05-12 03:48:41,-59.929066,3.4945984,-64.31787,18.338566,876.4923,-0.005950018,8160.115456593056,55.0,S_1912
2024-05-12 03:48:42,-59.953648,3.4890633,-64.373825,18.289608,876.4923,-0.0056839385,8140.646333635819,55.0,S_1912
2024-05-12 03:48:43,-59.9782,3.4835167,-64.42978,18.233654,876.4775,-0.005678297,8122.3372480919825,55.0,S_1912
2024-05-12 03:48:44,-60.002712,3.4779625,-64.485725,18.184696,876.4775,-0.0059527745,8101.044711841933,55.0,S_1912
2024-05-12 03:48:45,-60.027187,3.4723969,-64.54168,18.128742,876.5331,-0.0059444937,8085.257678664597,55.0,S_1912
2024-05-12 03:48:46,-60.05163,3.4668236,-64.59064,18.079784,876.62384,0.011285961,8178.966623458533,55.0,S_1912
2024-05-12 03:48:47,-60.07603,3.4612389,-64.64659,18.02383,876.6905,0.011305619,8273.810100485825,55.0,S_1912
2024-05-12 03:48:48,-60.1004,3.4556465,-64.702545,17.974873,876.69604,-0.006572881,8248.323617397167,55.0,S_1912
2024-05-12 03:48:49,-60.124733,3.4500427,-64.7585,17.918919,876.6813,-0.0100493515,8208.178630705837,55.0,S_1912
2024-05-12 03:48:50,-60.14903,3.4444313,-64.80746,17.86996,876.6794,-0.013525822,8133.5107865397595,55.0,S_1912
2024-05-12 03:48:51,-60.173286,3.4388084,-64.86341,17.814009,876.68494,-0.017002292,8039.815302369745,55.0,S_1912
2024-05-12 03:48:52,-60.19751,3.433178,-64.919365,17.765049,876.6905,-0.020478763,7920.107236505417,55.0,S_1912
2024-05-12 03:48:53,-60.2217,3.427536,-64.97532,17.709097,876.6813,-0.023955233,7794.299935462777,55.0,S_1912
2024-05-12 03:48:54,-60.24585,3.4218864,-65.02428,17.653143,876.65717,-0.027431704,7629.24597420984,55.0,S_1912
2024-05-12 03:48:55,-60.269966,3.4162254,-65.08023,17.604185,876.66455,-0.027429402,7462.570835550915,55.0,S_1912
2024-05-12 03:48:56,-60.294044,3.410553,-65.136185,17.548231,876.7442,-0.0054959217,7444.803790503505,55.0,S_1912
2024-05-12 03:48:57,-60.31809,3.4048767,-65.19213,17.49228,876.8516,-0.0054875896,7430.988798568396,55.0,S_1912
2024-05-12 03:48:58,-60.342094,3.3991852,-65.2411,17.436325,876.89795,-0.009525794,7383.935629698673,55.0,S_1912
2024-05-12 03:48:59,-60.366066,3.393486,-65.29704,17.380373,876.88495,-0.013563997,7311.6030140418525,55.0,S_1912
2024-05-12 03:49:00,-60.39,3.3877792,-65.353,17.324419,876.8739,-0.007680186,7279.978256669308,55.0,S_1912
2024-05-12 03:49:01,-60.414062,3.3820534,-65.40895,17.275461,876.87756,-0.0076748366,7247.091265149366,55.0,S_1912
2024-05-12 03:49:02,-60.438084,3.37632,-65.464905,17.219507,876.8794,0.018966617,7394.603523342029,55.0,S_1912
2024-05-12 03:49:03,-60.462063,3.3705788,-65.52086,17.163555,876.87756,0.018988477,7528.6702595045845,55.0,S_1912
2024-05-12 03:49:04,-60.486,3.3648262,-65.56982,17.107603,876.8812,0.02346043,7704.407406160628,55.0,S_1912
2024-05-12 03:49:05,-60.509895,3.3590622,-65.62577,17.05165,876.88495,0.023487136,7865.527843918032,55.0,S_1912
2024-05-12 03:49:06,-60.53375,3.3532906,-65.67473,16.995697,876.8757,-0.0031125513,7861.82517855209,55.0,S_1912
2024-05-12 03:49:07,-60.55756,3.3475113,-65.73068,16.939743,876.8572,-0.0031010266,7860.2197771132405,55.0,S_1912
2024-05-12 03:49:08,-60.581333,3.3417206,-65.78664,16.883791,876.8887,-0.013019394,7791.715761186908,55.0,S_1912
2024-05-12 03:49:09,-60.60506,3.3359222,-65.84259,16.827837,876.99426,-0.013013511,7721.621953216717,55.0,S_1912
2024-05-12 03:49:10,-60.62875,3.3301125,-65.89854,16.76489,877.08124,-0.0072938497,7692.132351151278,55.0,S_1912
2024-05-12 03:49:11,-60.652393,3.324295,-65.95449,16.708939,877.0905,-0.007286754,7662.30401031798,55.0,S_1912
2024-05-12 03:49:12,-60.676,3.3184662,-66.010445,16.652985,877.0702,-0.0031792172,7662.423724557856,55.0,S_1912
2024-05-12 03:49:13,-60.699562,3.3126297,-66.0594,16.597033,877.06647,-0.0031722845,7657.898026634844,55.0,S_1912
2024-05-12 03:49:14,-60.723083,3.3067856,-66.11536,16.534084,877.07385,-0.00083221775,7671.926736165721,55.0,S_1912
2024-05-12 03:49:15,-60.746563,3.30093,-66.17131,16.478132,877.08124,-0.00082047575,7686.220762970443,55.0,S_1912
2024-05-12 03:49:16,-60.77,3.2950668,-66.22027,16.422178,877.0776,-0.0010189507,7696.57120367652,55.0,S_1912
2024-05-12 03:49:17,-60.793396,3.2891922,-66.27622,16.366226,877.0572,-0.0010082002,7708.872494403943,55.0,S_1912
2024-05-12 03:49:18,-60.81675,3.28331,-66.33218,16.30328,877.0572,-0.0066930815,7682.629909279627,55.0,S_1912
2024-05-12 03:49:19,-60.84006,3.2774162,-66.38813,16.240332,877.1312,-0.0066879024,7657.246477593313,55.0,S_1912
2024-05-12 03:49:20,-60.86333,3.271515,-66.444084,16.18438,877.24054,-0.010535865,7604.339276685152,55.0,S_1912
2024-05-12 03:49:21,-60.886562,3.265602,-66.50003,16.121431,877.2887,-0.010531346,7560.6860089916345,55.0,S_1912
2024-05-12 03:49:22,-60.909748,3.2596817,-66.548996,16.06548,877.27576,-0.0065821116,7532.834857732217,55.0,S_1912
2024-05-12 03:49:23,-60.932896,3.2537498,-66.60494,16.002533,877.25903,-0.006575293,7508.211809590573,55.0,S_1912
2024-05-12 03:49:24,-60.955997,3.2478142,-66.6609,15.946579,877.2609,-0.002338226,7513.010963910835,55.0,S_1912
2024-05-12 03:49:25,-60.97906,3.2418633,-66.709854,15.883633,877.2683,-0.00233146,7514.592211000268,55.0,S_1912
2024-05-12 03:49:26,-61.002083,3.2359047,-66.76581,15.820685,877.27386,-0.0032974104,7511.965557930708,55.0,S_1912
2024-05-12 03:49:27,-61.025063,3.2299385,-66.82176,15.764732,877.26465,-0.0032879415,7508.618587812754,55.0,S_1912
2024-05-12 03:49:28,-61.048,3.2239609,-66.877716,15.701785,877.24615,-0.0018110874,7517.01063905631,55.0,S_1912
2024-05-12 03:49:29,-61.070896,3.2179756,-66.926674,15.638839,877.2776,-0.0018012181,7523.460221331395,55.0,S_1912
2024-05-12 03:49:30,-61.09375,3.211979,-66.97563,15.5758915,877.3831,-0.0022467696,7525.595149110378,55.0,S_1912
2024-05-12 03:49:31,-61.11656,3.2059746,-67.031586,15.512944,877.4702,-0.0022373323,7531.362894961576,55.0,S_1912
2024-05-12 03:49:32,-61.13933,3.1999626,-67.08054,15.449997,877.47943,0.001140005,7556.5634376510725,55.0,S_1912
2024-05-12 03:49:33,-61.16206,3.1939392,-67.1365,15.387051,877.45905,0.0011528822,7583.828739703922,55.0,S_1912
2024-05-12 03:49:34,-61.18475,3.1879044,-67.19245,15.324103,877.4554,0.0040108482,7627.184706904654,55.0,S_1912
2024-05-12 03:49:35,-61.207394,3.1818619,-67.24141,15.26815,877.46094,0.004025245,7671.59528573353,55.0,S_1912
2024-05-12 03:49:36,-61.23,3.1758118,-67.29736,15.205203,877.4628,0.0034517203,7714.457488403245,55.0,S_1912
2024-05-12 03:49:37,-61.25256,3.1697502,-67.35332,15.142257,877.46094,0.0034692248,7757.850719330585,55.0,S_1912
2024-05-12 03:49:38,-61.27508,3.163681,-67.40927,15.072315,877.4646,0.004395445,7807.4739300197525,55.0,S_1912
2024-05-12 03:49:39,-61.29756,3.1576004,-67.465225,15.009368,877.4665,0.0044146786,7856.813565135167,55.0,S_1912
2024-05-12 03:49:40,-61.32,3.1515121,-67.52117,14.946422,877.44794,0.004702836,7904.7582702228665,55.0,S_1912
2024-05-12 03:49:41,-61.342396,3.1454163,-67.57014,14.883474,877.44794,0.0047184527,7954.717110279492,55.0,S_1912
2024-05-12 03:49:42,-61.36475,3.139309,-67.62608,14.813533,877.5183,0.0031580841,7995.844370581625,55.0,S_1912
2024-05-12 03:49:43,-61.387062,3.1331902,-67.68204,14.750586,877.6276,-0.00060091785,8010.981386975259,55.0,S_1912
2024-05-12 03:49:44,-61.409332,3.1270638,-67.73799,14.680645,877.68317,-0.0020461623,8016.760314576849,55.0,S_1912
2024-05-12 03:49:45,-61.43156,3.1209297,-67.793945,14.617698,877.6757,-0.0071254596,7992.758784950948,55.0,S_1912
2024-05-12 03:49:46,-61.453747,3.1147842,-67.8429,14.55475,877.6554,-0.009584362,7950.580517894041,55.0,S_1912
2024-05-12 03:49:47,-61.475895,3.1086311,-67.89186,14.48481,877.6517,-0.012307071,7893.5657093747,55.0,S_1912
2024-05-12 03:49:48,-61.497997,3.1024666,-67.94082,14.421863,877.6572,-0.018474726,7783.438935924299,55.0,S_1912
2024-05-12 03:49:49,-61.52006,3.0962944,-67.99677,14.351921,877.6572,-0.016458403,7689.606292535794,55.0,S_1912
2024-05-12 03:49:50,-61.54208,3.0901146,-68.05273,14.2819805,877.6572,0.0006123076,7713.336341900245,55.0,S_1912
2024-05-12 03:49:51,-61.56406,3.0839195,-68.10868,14.219033,877.66095,0.008810535,7787.038624539219,55.0,S_1912
2024-05-12 03:49:52,-61.586,3.0777206,-68.15764,14.149093,877.6554,0.0045986054,7835.746637885793,55.0,S_1912
2024-05-12 03:49:53,-61.607895,3.0715103,-68.21359,14.086145,877.64246,0.0060362285,7896.439439572687,55.0,S_1912
2024-05-12 03:49:54,-61.62975,3.0652924,-68.26955,14.016204,877.6646,0.0029369567,7936.539657025719,55.0,S_1912
2024-05-12 03:49:55,-61.65156,3.059063,-68.3255,13.939269,877.74615,-0.00975525,7896.201628352342,55.0,S_1912
2024-05-12 03:49:56,-61.673332,3.052826,-68.37446,13.869328,877.8313,-0.00975032,7854.819431014721,55.0,S_1912
2024-05-12 03:49:57,-61.69506,3.0465775,-68.423416,13.80638,877.8665,-0.0035880362,7849.833299977155,55.0,S_1912
2024-05-12 03:49:58,-61.716747,3.0403214,-68.472374,13.73644,877.85724,-0.0017216954,7855.53160783958,55.0,S_1912
2024-05-12 03:49:59,-61.738396,3.0340538,-68.52833,13.666498,877.848,0.003586378,7900.055772202478,55.0,S_1912
2024-05-12 03:50:00,-61.76,3.0277786,-68.58428,13.589563,877.84985,0.0007924654,7925.325124306887,55.0,S_1912
2024-05-12 03:50:01,-61.781643,3.0215263,-68.640236,13.519622,877.8517,-0.00039018953,7942.128021449051,55.0,S_1912
2024-05-12 03:50:02,-61.80324,3.0152626,-68.69618,13.456675,877.84985,0.0016319903,7971.20722507352,55.0,S_1912
2024-05-12 03:50:03,-61.8248,3.0089874,-68.74515,13.386734,877.8554,0.0032970614,8011.659264935181,55.0,S_1912
2024-05-12 03:50:04,-61.84631,3.0027046,-68.801094,13.309798,877.85913,0.0025359914,8047.022985486286,55.0,S_1912
2024-05-12 03:50:05,-61.867775,2.9964104,-68.85006,13.239858,877.848,0.0018318188,8076.99970605129,55.0,S_1912
2024-05-12 03:50:06,-61.8892,2.9901047,-68.906006,13.169916,877.8295,0.002510009,8113.842597589748,55.0,S_1912
2024-05-12 03:50:07,-61.910576,2.9837914,-68.96196,13.092981,877.8628,0.002256385,8147.423100422119,55.0,S_1912
2024-05-12 03:50:08,-61.93191,2.9774628,-69.01092,13.02304,877.9665,0.0027881744,8182.29405425523,55.0,S_1912
2024-05-12 03:50:09,-61.953197,2.9711266,-69.05988,12.946105,878.0536,0.0031058649,8221.658233023478,55.0,S_1912
2024-05-12 03:50:10,-61.97444,2.964779,-69.11583,12.869169,878.0628,0.0034235553,8264.739781712611,55.0,S_1912
2024-05-12 03:50:11,-61.995644,2.9584236,-69.17178,12.799229,878.0443,0.0036810683,8307.062012133025,55.0,S_1912
2024-05-12 03:50:12,-62.0168,2.952057,-69.22074,12.722293,878.0424,0.00093680527,8330.521974077286,55.0,S_1912
2024-05-12 03:50:13,-62.03791,2.9456787,-69.26971,12.652351,878.0462,-0.0027885824,8330.426024377011,55.0,S_1912
2024-05-12 03:50:14,-62.058975,2.939289,-69.318665,12.575417,878.0462,-0.0026955758,8329.420906760985,55.0,S_1912
2024-05-12 03:50:15,-62.079998,2.9328918,-69.37461,12.498482,878.0443,-0.001247663,8340.37954036156,55.0,S_1912
2024-05-12 03:50:16,-62.100975,2.9264832,-69.430565,12.421546,878.04987,6.3080806e-05,8360.415284554812,55.0,S_1912
2024-05-12 03:50:17,-62.12191,2.920063,-69.48652,12.344611,878.04987,0.0006623599,8384.511570447094,55.0,S_1912
2024-05-12 03:50:18,-62.1428,2.9136314,-69.54247,12.27467,878.0332,4.956778e-05,8404.042005810268,55.0,S_1912
2024-05-12 03:50:19,-62.163643,2.9071922,-69.59843,12.197735,878.0314,0.0014097393,8432.371844521844,55.0,S_1912
2024-05-12 03:50:20,-62.184444,2.9007416,-69.647385,12.120799,878.1036,-0.0012011966,8442.508300586702,55.0,S_1912
2024-05-12 03:50:21,-62.2052,2.8942795,-69.69634,12.043864,878.21466,-0.0008525634,8454.690333153761,55.0,S_1912
2024-05-12 03:50:22,-62.22591,2.8878098,-69.7453,11.959934,878.261,-0.0071475264,8423.24110410262,55.0,S_1912
2024-05-12 03:50:23,-62.24658,2.8813248,-69.801254,11.882999,878.248,-0.00663492,8396.881613507423,55.0,S_1912
2024-05-12 03:50:24,-62.2672,2.8748322,-69.85721,11.806064,878.2332,-0.016886313,8299.72257680685,55.0,S_1912
2024-05-12 03:50:25,-62.287777,2.868332,-69.91316,11.729129,878.23694,-0.01729506,8211.831619135097,55.0,S_1912
2024-05-12 03:50:26,-62.30831,2.8618164,-69.96212,11.652194,878.2406,-0.011266051,8157.994060908298,55.0,S_1912
2024-05-12 03:50:27,-62.3288,2.8552933,-70.01108,11.568264,878.2406,-0.0032530634,8155.716843217016,55.0,S_1912
2024-05-12 03:50:28,-62.349243,2.8487587,-70.060036,11.491329,878.2406,-0.00016061263,8172.111239554134,55.0,S_1912
2024-05-12 03:50:29,-62.369644,2.8422165,-70.11599,11.414393,878.2443,0.00082689384,8197.299800732319,55.0,S_1912
2024-05-12 03:50:30,-62.39,2.835659,-70.17194,11.330464,878.2388,0.0007931129,8222.064320979982,55.0,S_1912
2024-05-12 03:50:31,-62.41031,2.829094,-70.2209,11.246535,878.2258,0.00080961175,8245.010644080347,55.0,S_1912
2024-05-12 03:50:32,-62.430576,2.8225174,-70.26986,11.162605,878.248,-0.0027331458,8245.930654804146,55.0,S_1912
2024-05-12 03:50:33,-62.450798,2.8159332,-70.31882,11.08567,878.3295,-0.002719306,8244.341211263913,55.0,S_1912
2024-05-12 03:50:34,-62.470978,2.8093376,-70.37477,11.001741,878.4147,0.0023323682,8280.067363453174,55.0,S_1912
2024-05-12 03:50:35,-62.49111,2.8027306,-70.430725,10.924806,878.4499,0.0023484305,8315.768514524065,55.0,S_1912
2024-05-12 03:50:36,-62.5112,2.796112,-70.48668,10.840877,878.4406,0.0036285454,8358.260273795091,55.0,S_1912
2024-05-12 03:50:37,-62.531242,2.789482,-70.53564,10.756947,878.4314,0.0036457772,8398.937761588519,55.0,S_1912
2024-05-12 03:50:38,-62.551243,2.7828445,-70.584595,10.6730175,878.43506,5.9038983e-05,8417.085020219583,55.0,S_1912
2024-05-12 03:50:39,-62.571198,2.7761955,-70.64055,10.582094,878.43506,0.00041706802,8439.968667874198,55.0,S_1912
2024-05-12 03:50:40,-62.59111,2.7695389,-70.6965,10.498165,878.43506,0.0025743537,8475.714124556238,55.0,S_1912
2024-05-12 03:50:41,-62.610977,2.762867,-70.74546,10.414235,878.43884,0.0033016356,8514.111751144192,55.0,S_1912
2024-05-12 03:50:42,-62.6308,2.7561874,-70.79442,10.330306,878.43884,0.0022551767,8545.919758408168,55.0,S_1912
2024-05-12 03:50:43,-62.650578,2.7494965,-70.843376,10.246377,878.4202,0.002065368,8578.182598737034,55.0,S_1912
2024-05-12 03:50:44,-62.67031,2.7427979,-70.89933,10.155454,878.4073,0.004142515,8624.015391844387,55.0,S_1912
2024-05-12 03:50:45,-62.69,2.736084,-70.94829,10.071524,878.44617,0.0065318155,8683.357418121592,55.0,S_1912
2024-05-12 03:50:46,-62.709644,2.7293625,-70.997246,9.9806,878.55176,0.0058596595,8742.04645998947,55.0,S_1912
2024-05-12 03:50:47,-62.729244,2.7226295,-71.0532,9.896671,878.6388,0.003941119,8786.645249202176,55.0,S_1912
2024-05-12 03:50:48,-62.7488,2.715889,-71.10216,9.805748,878.6462,0.002645826,8822.953051958999,55.0,S_1912
2024-05-12 03:50:49,-62.76831,2.709137,-71.15811,9.721818,878.6277,0.009159204,8900.717223007252,55.0,S_1912
2024-05-12 03:50:50,-62.787777,2.7023735,-71.20707,9.630895,878.6258,0.011268005,8990.362182925206,55.0,S_1912
2024-05-12 03:50:51,-62.807198,2.6955986,-71.256035,9.539971,878.63135,0.011086551,9078.783549646298,55.0,S_1912
2024-05-12 03:50:52,-62.826576,2.688816,-71.30499,9.449048,878.63135,0.0047723474,9127.000143602076,55.0,S_1912
2024-05-12 03:50:53,-62.84591,2.682022,-71.35395,9.358124,878.6296,-0.0007168808,9139.818386786636,55.0,S_1912
2024-05-12 03:50:54,-62.8652,2.6752167,-71.409904,9.2672,878.6277,-0.00031586678,9157.300587950827,55.0,S_1912
2024-05-12 03:50:55,-62.884445,2.6683998,-71.46586,9.176277,878.6277,-0.00055989774,9173.43155639009,55.0,S_1912
2024-05-12 03:50:56,-62.903645,2.6615753,-71.51482,9.085354,878.63324,0.0053484077,9225.145508776073,55.0,S_1912
2024-05-12 03:50:57,-62.9228,2.6547394,-71.563774,8.994431,878.63324,0.00784966,9293.674418957398,55.0,S_1912
2024-05-12 03:50:58,-62.94191,2.647892,-71.61273,8.896513,878.6166,0.01058567,9386.086545495575,55.0,S_1912
2024-05-12 03:50:59,-62.960976,2.6410332,-71.668686,8.80559,878.61475,0.009417385,9471.721503187238,55.0,S_1912
2024-05-12 03:51:00,-62.98,2.6341667,-71.72464,8.714665,878.68695,0.009307221,9551.320614870981,55.0,S_1912
2024-05-12 03:51:01,-62.99947,2.6272507,-71.7736,8.616748,878.79626,0.0081515685,9620.909441630927,55.0,S_1912
2024-05-12 03:51:02,-63.01888,2.6203308,-71.822556,8.525825,878.8518,0.0065158494,9684.960275418656,55.0,S_1912
2024-05-12 03:51:03,-63.038223,2.6133957,-71.87851,8.427907,878.8425,0.0026090252,9721.314871683899,55.0,S_1912
2024-05-12 03:51:04,-63.05751,2.606453,-71.92747,8.336984,878.82214,-0.00025901815,9737.316531832501,55.0,S_1912
2024-05-12 03:51:05,-63.076736,2.5995026,-71.976425,8.239066,878.8203,-0.0006620272,9751.082719109281,55.0,S_1912
2024-05-12 03:51:06,-63.0959,2.5925446,-72.02538,8.141149,878.82587,-0.0003658643,9766.735452212415,55.0,S_1912
2024-05-12 03:51:07,-63.115,2.585575,-72.07434,8.043231,878.824,0.0007961221,9789.825986395761,55.0,S_1912
2024-05-12 03:51:08,-63.134045,2.5785942,-72.1233,7.9453135,878.82587,0.0004067372,9810.398817942742,55.0,S_1912
2024-05-12 03:51:09,-63.153027,2.5716057,-72.17226,7.847396,878.8277,0.00037880626,9831.02939136442,55.0,S_1912
2024-05-12 03:51:10,-63.171944,2.5646095,-72.22821,7.749478,878.82214,0.0022998166,9867.32512661278,55.0,S_1912
2024-05-12 03:51:11,-63.190804,2.5576057,-72.284164,7.6445665,878.8092,0.004278701,9914.785416453095,55.0,S_1912
2024-05-12 03:51:12,-63.2096,2.5505905,-72.33312,7.546649,878.83325,0.0030051202,9951.8774176796,55.0,S_1912
2024-05-12 03:51:13,-63.228336,2.5435638,-72.38208,7.4487314,878.9129,0.0017315397,9981.0224635459,55.0,S_1912
2024-05-12 03:51:14,-63.247013,2.5365295,-72.431046,7.3438196,878.99994,0.005061571,10031.542507488852,55.0,S_1912
2024-05-12 03:51:15,-63.265625,2.5294876,-72.48,7.245902,879.0351,0.0064488417,10091.297568256403,55.0,S_1912
2024-05-12 03:51:16,-63.28418,2.5224342,-72.52896,7.1409903,879.024,0.00646746,10150.689696980618,55.0,S_1912
2024-05-12 03:51:17,-63.30267,2.5153732,-72.57792,7.0430727,879.0148,0.004941078,10200.554038189108,55.0,S_1912
2024-05-12 03:51:18,-63.321102,2.5083046,-72.62688,6.938161,879.01843,0.0037912256,10245.403693902279,55.0,S_1912
2024-05-12 03:51:19,-63.33947,2.5012245,-72.68283,6.8402433,879.0203,0.0019684527,10279.035233574647,55.0,S_1912
2024-05-12 03:51:20,-63.357777,2.4941368,-72.738785,6.7353315,879.0203,0.002978782,10318.218774109126,55.0,S_1912
2024-05-12 03:51:21,-63.376026,2.4870377,-72.78774,6.6304197,879.01843,0.005715126,10373.266119102276,55.0,S_1912
2024-05-12 03:51:22,-63.39421,2.4799309,-72.8367,6.5255084,879.01843,0.004627154,10421.232200865941,55.0,S_1912
2024-05-12 03:51:23,-63.41234,2.4728165,-72.88566,6.4205966,879.024,0.0034628897,10462.068933905055,55.0,S_1912
2024-05-12 03:51:24,-63.4304,2.4656906,-72.934616,6.3086905,879.0278,0.003388512,10502.31996976363,55.0,S_1912
2024-05-12 03:51:25,-63.448402,2.4585533,-72.983574,6.2037787,879.0166,0.004158997,10547.65481445928,55.0,S_1912
2024-05-12 03:51:26,-63.466347,2.4514122,-73.03254,6.091873,878.99805,0.0015968154,10576.287589399915,55.0,S_1912
2024-05-12 03:51:27,-63.484226,2.4442558,-73.0815,5.9869614,879.02954,0.002632106,10611.513163713935,55.0,S_1912
2024-05-12 03:51:28,-63.502045,2.4370956,-73.130455,5.875056,879.13513,0.002567236,10646.329157188578,55.0,S_1912
2024-05-12 03:51:29,-63.519802,2.429924,-73.17941,5.770144,879.22217,0.0004745914,10667.351856806617,55.0,S_1912
2024-05-12 03:51:30,-63.537502,2.4227448,-73.22837,5.658238,879.23145,-0.0006362575,10681.445710316773,55.0,S_1912
2024-05-12 03:51:31,-63.555138,2.415554,-73.27733,5.5463324,879.21106,-0.0021798308,10685.691231438896,55.0,S_1912
2024-05-12 03:51:32,-63.572712,2.4083557,-73.32629,5.4414206,879.2092,-0.0038519115,10675.812860489967,55.0,S_1912
2024-05-12 03:51:33,-63.590225,2.401146,-73.38224,5.3295145,879.2147,-0.0026485974,10678.154991013147,55.0,S_1912
2024-05-12 03:51:34,-63.607677,2.3939285,-73.4312,5.2106147,879.2166,-0.0034477215,10671.90532248031,55.0,S_1912
2024-05-12 03:51:35,-63.62507,2.3867035,-73.48715,5.098709,879.2147,-0.007162728,10645.147650937753,55.0,S_1912
2024-05-12 03:51:36,-63.642403,2.379467,-73.53611,4.986803,879.21295,-0.0075997575,10613.799700217027,55.0,S_1912
2024-05-12 03:51:37,-63.65967,2.372223,-73.58507,4.8748975,879.21295,-0.005285721,10596.872249883596,55.0,S_1912
2024-05-12 03:51:38,-63.67688,2.3649673,-73.63403,4.755997,879.2166,-0.007579131,10566.062171931357,55.0,S_1912
2024-05-12 03:51:39,-63.694027,2.3577042,-73.68299,4.6440916,879.2166,-0.009524986,10521.12087258108,55.0,S_1912
2024-05-12 03:51:40,-63.711113,2.3504333,-73.73195,4.525192,879.2037,-0.0073290337,10491.08696705784,55.0,S_1912
2024-05-12 03:51:41,-63.728138,2.343151,-73.78091,4.4062915,879.2018,-0.008185941,10455.417657461185,55.0,S_1912
2024-05-12 03:51:42,-63.745102,2.3358612,-73.829865,4.2873917,879.2574,-0.0015526665,10463.52348011285,55.0,S_1912
2024-05-12 03:51:43,-63.762005,2.3285599,-73.87882,4.168492,879.34814,-0.0015377717,10471.713253301383,55.0,S_1912
2024-05-12 03:51:44,-63.778847,2.321251,-73.92778,4.049592,879.4148,-0.008466283,10435.274825104476,55.0,S_1912
2024-05-12 03:51:45,-63.795628,2.3139343,-73.97674,3.937686,879.42035,-0.008459833,10396.507006722284,55.0,S_1912
2024-05-12 03:51:46,-63.812344,2.3066063,-74.0257,3.8117921,879.40735,-0.007697165,10369.414859433717,55.0,S_1912
2024-05-12 03:51:47,-63.829002,2.2992668,-74.067665,3.692892,879.4055,-0.0076905703,10334.48786980189,55.0,S_1912
2024-05-12 03:51:48,-63.8456,2.2919235,-74.11662,3.566998,879.40924,-0.008984237,10294.117287616373,55.0,S_1912
2024-05-12 03:51:49,-63.862137,2.2845688,-74.16558,3.4480982,879.40924,-0.008976393,10253.466405676416,55.0,S_1912
2024-05-12 03:51:50,-63.878613,2.2772026,-74.21454,3.3291981,879.40924,-0.009057117,10211.229907150078,55.0,S_1912
2024-05-12 03:51:51,-63.895027,2.2698288,-74.263504,3.203304,879.40924,-0.00913784,10168.85880213417,55.0,S_1912
2024-05-12 03:51:52,-63.911377,2.2624474,-74.31246,3.07741,879.40924,-0.0072545833,10139.051571881782,55.0,S_1912
2024-05-12 03:51:53,-63.92767,2.2550545,-74.36142,2.951516,879.40735,-0.007245437,10109.327094095972,55.0,S_1912
2024-05-12 03:51:54,-63.9439,2.247654,-74.41038,2.825622,879.40735,-0.008023163,10074.459406576976,55.0,S_1912
2024-05-12 03:51:55,-63.96007,2.2402458,-74.459335,2.699728,879.41296,-0.008014544,10039.675352902043,55.0,S_1912
2024-05-12 03:51:56,-63.976177,2.2328262,-74.50829,2.573834,879.41296,-0.010805135,9985.12489905177,55.0,S_1912
2024-05-12 03:51:57,-63.992226,2.2253952,-74.55725,2.4409456,879.3944,-0.01079819,9932.32022747391,55.0,S_1912
2024-05-12 03:51:58,-64.00821,2.2179604,-74.60621,2.3150516,879.3926,-0.009080146,9889.479685311613,55.0,S_1912
2024-05-12 03:51:59,-64.02414,2.210514,-74.655174,2.1821635,879.4666,-0.009072493,9853.875857876428,55.0,S_1912
2024-05-12 03:52:00,-64.04,2.2030563,-74.697136,2.0562694,879.5759,-0.006182639,9832.712634522919,55.0,S_1912
2024-05-12 03:52:01,-64.05621,2.19561,-74.7391,1.9233813,879.6241,-0.00617496,9804.148280883872,55.0,S_1912
2024-05-12 03:52:02,-64.07235,2.1881561,-74.79505,1.7904931,879.61115,-0.0073344302,9775.203915208233,55.0,S_1912
2024-05-12 03:52:03,-64.08841,2.1806908,-74.84401,1.6576049,879.5963,-0.007325925,9744.658014510036,55.0,S_1912
2024-05-12 03:52:04,-64.1044,2.1732178,-74.89297,1.5247169,879.59814,-0.008429129,9711.977739593018,55.0,S_1912
2024-05-12 03:52:05,-64.120316,2.1657333,-74.93494,1.3918287,879.6037,-0.008425082,9671.454164866864,55.0,S_1912
2024-05-12 03:52:06,-64.136154,2.1582413,-74.983894,1.2519463,879.6037,-0.009357624,9632.362597958963,55.0,S_1912
2024-05-12 03:52:07,-64.15192,2.1507378,-75.025856,1.1120641,879.6037,-0.009351984,9587.072023532477,55.0,S_1912
2024-05-12 03:52:08,-64.1676,2.1432228,-75.074814,0.9791759,879.6037,-0.012002551,9524.044942685676,55.0,S_1912
2024-05-12 03:52:09,-64.18321,2.1357002,-75.12378,0.83929366,879.6037,-0.011996091,9462.88617096482,55.0,S_1912
2024-05-12 03:52:10,-64.19875,2.1281662,-75.17274,0.7064055,879.6018,-0.013282282,9391.330014359672,55.0,S_1912
2024-05-12 03:52:11,-64.21421,2.1206207,-75.221695,0.5665232,879.6037,-0.013277741,9328.379040664273,55.0,S_1912
2024-05-12 03:52:12,-64.2296,2.1130676,-75.26366,0.42664093,879.60925,-0.01356176,9253.773751547182,55.0,S_1912
2024-05-12 03:52:13,-64.24491,2.105507,-75.312614,0.28675866,879.60736,-0.013558098,9179.306874745522,55.0,S_1912
2024-05-12 03:52:14,-64.26015,2.097931,-75.36158,0.13988228,879.58887,-0.014999043,9097.16443180228,55.0,S_1912
2024-05-12 03:52:15,-64.275314,2.0903473,-75.41054,0.0,879.587,-0.014443845,9025.815867714471,55.0,S_1912
2024-05-12 03:52:16,-64.2904,2.082756,-75.4525,359.85416,879.66113,-0.015195592,8948.25461831512,55.0,S_1912
2024-05-12 03:52:17,-64.30541,2.0751534,-75.49446,359.70728,879.7704,-0.020010155,8831.016770696093,55.0,S_1912
2024-05-12 03:52:18,-64.32035,2.0675392,-75.54343,359.56738,879.8185,-0.023346018,8690.122651186679,55.0,S_1912
2024-05-12 03:52:19,-64.33521,2.0599174,-75.592384,359.4205,879.80554,-0.020891884,8566.479466356795,55.0,S_1912
2024-05-12 03:52:20,-64.35,2.0522842,-75.64134,359.27365,879.7926,-0.019339785,8462.820996428127,55.0,S_1912
2024-05-12 03:52:21,-64.36471,2.0446434,-75.683304,359.11978,879.7963,-0.0197694,8345.793657895945,55.0,S_1912
2024-05-12 03:52:22,-64.37935,2.0369911,-75.73226,358.9729,879.8,-0.01741924,8246.121236680216,55.0,S_1912
2024-05-12 03:52:23,-64.39391,2.0293312,-75.78122,358.82602,879.8,-0.018505,8137.043440700432,55.0,S_1912
2024-05-12 03:52:24,-64.4084,2.021656,-75.830185,358.67215,879.7981,-0.019590762,8035.205401586363,55.0,S_1912
2024-05-12 03:52:25,-64.42281,2.013977,-75.87215,358.52527,879.7981,-0.019592129,7929.071291507507,55.0,S_1912
2024-05-12 03:52:26,-64.43715,2.0062828,-75.91411,358.3714,879.7981,-0.01712823,7838.874749823277,55.0,S_1912
2024-05-12 03:52:27,-64.45141,1.9985809,-75.95608,358.21753,879.7981,-0.017126359,7738.49096361574,55.0,S_1912
2024-05-12 03:52:28,-64.4656,1.9908714,-76.005035,358.06366,879.7981,-0.014746378,7665.041327678398,55.0,S_1912
2024-05-12 03:52:29,-64.47971,1.9831505,-76.047,357.9098,879.7963,-0.01474279,7588.25294730809,55.0,S_1912
2024-05-12 03:52:30,-64.49375,1.9754181,-76.08897,357.74893,879.7981,-0.014400341,7496.501169230905,55.0,S_1912
2024-05-12 03:52:31,-64.50771,1.9676781,-76.14492,357.58804,879.8037,-0.014392729,7418.753055308838,55.0,S_1912
2024-05-12 03:52:32,-64.5216,1.9599266,-76.19388,357.43417,879.79443,-0.015528775,7338.905153032141,55.0,S_1912
2024-05-12 03:52:33,-64.53541,1.9521675,-76.23584,357.27332,879.7723,-0.015525638,7257.962960100953,55.0,S_1912
2024-05-12 03:52:34,-64.54915,1.944397,-76.2778,357.11246,879.7796,-0.016125774,7173.316908738234,55.0,S_1912
2024-05-12 03:52:35,-64.56281,1.936615,-76.31977,356.9516,879.85925,-0.016124014,7079.1576116504075,55.0,S_1912
2024-05-12 03:52:36,-64.5764,1.9288254,-76.36873,356.79074,879.9667,-0.01417575,7006.84432547669,55.0,S_1912
2024-05-12 03:52:37,-64.58991,1.9210243,-76.41069,356.62286,880.013,-0.014174292,6935.193884560922,55.0,S_1912
2024-05-12 03:52:38,-64.60335,1.9132156,-76.45266,356.462,880.0,-0.014850394,6857.206980307537,55.0,S_1912
2024-05-12 03:52:39,-64.61671,1.9053955,-76.49462,356.29416,879.98706,-0.014850093,6770.895279828006,55.0,S_1912
2024-05-12 03:52:40,-64.63,1.8975639,-76.54358,356.12628,879.9907,-0.015971305,6687.839956691956,55.0,S_1912
2024-05-12 03:52:41,-64.64321,1.8897247,-76.58555,355.95844,879.99445,-0.015972141,6603.359565973871,55.0,S_1912
2024-05-12 03:52:42,-64.65635,1.8818741,-76.62751,355.79056,879.9926,-0.015587805,6512.206273555212,55.0,S_1912
2024-05-12 03:52:43,-64.66941,1.8740158,-76.67647,355.6227,879.9926,-0.015586668,6431.945274125605,55.0,S_1912
2024-05-12 03:52:44,-64.682396,1.8661461,-76.71844,355.45486,879.9926,-0.017461525,6336.213514874753,55.0,S_1912
2024-05-12 03:52:45,-64.69531,1.8582649,-76.7604,355.28,879.9926,-0.017464135,6243.085620131647,55.0,S_1912
2024-05-12 03:52:46,-64.708145,1.8503761,-76.80236,355.11215,879.9926,-0.016991092,6140.693977673307,55.0,S_1912
2024-05-12 03:52:47,-64.72091,1.8424797,-76.851326,354.9373,879.9926,-0.01699203,6050.271839644318,55.0,S_1912
2024-05-12 03:52:48,-64.7336,1.834568,-76.89329,354.76242,879.9926,-0.024046084,5910.095723255459,55.0,S_1912
2024-05-12 03:52:49,-64.74621,1.8266487,-76.93525,354.5806,879.9926,-0.024047188,5759.233832078253,55.0,S_1912
2024-05-12 03:52:50,-64.75875,1.8187218,-76.98421,354.40573,879.9907,-0.03095615,5575.756771570663,55.0,S_1912
2024-05-12 03:52:51,-64.77121,1.8107834,-77.02618,354.22388,879.9926,-0.03786511,5350.892085302614,55.0,S_1912
2024-05-12 03:52:52,-64.7836,1.8028336,-77.06814,354.04904,880.0,-0.033994637,5146.659794258952,55.0,S_1912
2024-05-12 03:52:53,-64.79591,1.7948761,-77.11011,353.8672,879.99817,-0.030124165,4950.781772616463,55.0,S_1912
2024-05-12 03:52:54,-64.80815,1.7869072,-77.159065,353.68533,879.9778,-0.015801191,4865.411621541369,55.0,S_1912
2024-05-12 03:52:55,-64.82031,1.7789307,-77.20103,353.4965,879.9778,-0.01577974,4781.09520439169,55.0,S_1912
2024-05-12 03:52:56,-64.8324,1.7709427,-77.243,353.31467,880.0519,-0.015732216,4703.2897703857725,55.0,S_1912
2024-05-12 03:52:57,-64.844406,1.7629433,-77.27796,353.12582,880.16113,-0.015715849,4616.26855953266,55.0,S_1912
2024-05-12 03:52:58,-64.856346,1.7549362,-77.31993,352.93698,880.20746,-0.01753587,4520.9484392954,55.0,S_1912
2024-05-12 03:52:59,-64.86821,1.7469177,-77.36189,352.75513,880.1945,-0.017525565,4413.294846789777,55.0,S_1912
2024-05-12 03:53:00,-64.88,1.7388916,-77.41085,352.56628,880.1815,-0.02098045,4295.039526518329,55.0,S_1912
2024-05-12 03:53:01,-64.89204,1.7307396,-77.45282,352.37744,880.18524,-0.022228964,4164.715116514173,55.0,S_1912
2024-05-12 03:53:02,-64.90399,1.72258,-77.49478,352.1816,880.18896,-0.023477478,4041.9461304093184,55.0,S_1912
2024-05-12 03:53:03,-64.91586,1.7144127,-77.529755,351.99277,880.18896,-0.023475852,3902.2924433204043,55.0,S_1912
2024-05-12 03:53:04,-64.92764,1.7062416,-77.57172,351.79694,880.1871,-0.020021494,3776.095547821238,55.0,S_1912
2024-05-12 03:53:05,-64.93934,1.6980629,-77.620674,351.6011,880.1871,-0.020012252,3663.0336145916954,55.0,S_1912
2024-05-12 03:53:06,-64.95095,1.6898804,-77.662636,351.40527,880.1871,-0.018224102,3567.8144145199694,55.0,S_1912
2024-05-12 03:53:07,-64.96247,1.681694,-77.69761,351.20242,880.1871,-0.018216379,3464.466469290064,55.0,S_1912
2024-05-12 03:53:08,-64.97391,1.6734962,-77.73958,351.0066,880.1871,-0.018035728,3361.4154747376906,55.0,S_1912
2024-05-12 03:53:09,-64.98526,1.6652946,-77.78154,350.80377,880.1871,-0.01856472,3255.320638141744,55.0,S_1912
2024-05-12 03:53:10,-64.99653,1.6570892,-77.8235,350.60092,880.1871,-0.019093713,3145.8608369348112,55.0,S_1912
2024-05-12 03:53:11,-65.007706,1.6488762,-77.86547,350.3981,880.1871,-0.023479888,3019.572721498078,55.0,S_1912
2024-05-12 03:53:12,-65.0188,1.6406555,-77.90044,350.19528,880.1871,-0.019519355,2906.22850670126,55.0,S_1912
2024-05-12 03:53:13,-65.0298,1.632431,-77.942406,349.99246,880.18524,-0.016659198,2811.5287673332496,55.0,S_1912
2024-05-12 03:53:14,-65.040726,1.6242027,-77.98437,349.78262,880.18524,-0.018715136,2713.072702392419,55.0,S_1912
2024-05-12 03:53:15,-65.05156,1.6159668,-78.01934,349.5728,880.19073,-0.019826751,2596.2733861490015,55.0,S_1912
2024-05-12 03:53:16,-65.06231,1.6077232,-78.0613,349.36298,880.19073,-0.016890889,2500.79555022575,55.0,S_1912
2024-05-12 03:53:17,-65.07297,1.599472,-78.10327,349.15317,880.17413,-0.017360764,2402.317333896837,55.0,S_1912
2024-05-12 03:53:18,-65.08355,1.5912209,-78.14523,348.94333,880.17224,-0.016926479,2304.961368472381,55.0,S_1912
2024-05-12 03:53:19,-65.09404,1.5829582,-78.187195,348.7265,880.2445,-0.016920056,2216.7924447554906,55.0,S_1912
2024-05-12 03:53:20,-65.10444,1.5746918,-78.22217,348.5097,880.35376,-0.018462757,2108.3056326942933,55.0,S_1912
2024-05-12 03:53:21,-65.11476,1.5664215,-78.26413,348.29288,880.4074,-0.018456299,2001.3567831794517,55.0,S_1912
2024-05-12 03:53:22,-65.12499,1.5581436,-78.3061,348.07605,880.4001,-0.020234598,1892.9334944478906,55.0,S_1912
2024-05-12 03:53:23,-65.13514,1.5498581,-78.34107,347.85925,880.3797,-0.020229597,1773.0237522489242,55.0,S_1912
2024-05-12 03:53:24,-65.145195,1.5415688,-78.38303,347.64243,880.3778,-0.022078725,1650.7684824102762,55.0,S_1912
2024-05-12 03:53:25,-65.15517,1.5332718,-78.41801,347.4186,880.3816,-0.022072889,1516.6452888230597,55.0,S_1912
2024-05-12 03:53:26,-65.165054,1.524971,-78.45997,347.1948,880.38336,-0.022471705,1392.7163802531923,55.0,S_1912
2024-05-12 03:53:27,-65.17486,1.5166626,-78.49494,346.97098,880.3816,-0.022465957,1265.017479729022,55.0,S_1912
2024-05-12 03:53:28,-65.18458,1.5083466,-78.52991,346.74017,880.3816,-0.020818356,1148.4893021398002,55.0,S_1912
2024-05-12 03:53:29,-65.19421,1.5000267,-78.56488,346.50937,880.3816,-0.020809522,1034.7744659261825,55.0,S_1912
2024-05-12 03:53:30,-65.20375,1.491703,-78.59985,346.28555,880.3816,-0.019477652,917.1664571209967,55.0,S_1912
2024-05-12 03:53:31,-65.2132,1.4833717,-78.641815,346.05475,880.3816,-0.019470694,801.4092731229939,55.0,S_1912
2024-05-12 03:53:32,-65.22257,1.4750328,-78.68378,345.82394,880.3816,-0.020310184,687.8432890343865,55.0,S_1912
2024-05-12 03:53:33,-65.23186,1.4666901,-78.71875,345.58615,880.3816,-0.020303031,573.6391139198713,55.0,S_1912
2024-05-12 03:53:34,-65.24106,1.4583397,-78.75372,345.34836,880.3816,-0.020685006,457.18624044716853,55.0,S_1912
2024-05-12 03:53:35,-65.25017,1.4499855,-78.78869,345.11057,880.3816,-0.02067848,340.97304896214337,55.0,S_1912
2024-05-12 03:53:36,-65.25919,1.4416237,-78.82366,344.87274,880.3816,-0.017012773,248.65706662068624,55.0,S_1912
2024-05-12 03:53:37,-65.268135,1.4332542,-78.858635,344.63495,880.3816,-0.017007394,148.04881328320698,55.0,S_1912
2024-05-12 03:53:38,-65.27699,1.424881,-78.9006,344.39716,880.3816,-0.015374751,58.418186206814426,55.0,S_1912
2024-05-12 03:53:39,-65.28576,1.4165039,-78.942566,344.15237,880.3816,-0.0153712295,-16.431630530198163,55.0,S_1912
2024-05-12 03:53:40,-65.29444,1.4081192,-78.970535,343.90756,880.3816,-0.017629918,-114.91999635082539,55.0,S_1912
2024-05-12 03:53:41,-65.30304,1.3997269,-79.00551,343.66278,880.3816,-0.017632825,-214.1753423915252,55.0,S_1912
2024-05-12 03:53:42,-65.31155,1.3913307,-79.04048,343.41098,880.38525,-0.020415599,-328.85586270584463,55.0,S_1912
2024-05-12 03:53:43,-65.31997,1.382927,-79.07545,343.1662,880.3889,-0.02041651,-446.09991368115516,55.0,S_1912
2024-05-12 03:53:44,-65.32831,1.3745155,-79.11042,342.9144,880.3778,-0.021654813,-570.9215132353784,55.0,S_1912
2024-05-12 03:53:45,-65.33656,1.3661041,-79.14539,342.66263,880.3612,-0.02164904,-695.4607242961029,55.0,S_1912
2024-05-12 03:53:46,-65.34473,1.3576813,-79.18036,342.41083,880.39264,-0.022541182,-828.2805024084773,55.0,S_1912
2024-05-12 03:53:47,-65.352806,1.3492546,-79.21533,342.15204,880.4964,-0.022536602,-968.8974901023867,55.0,S_1912
2024-05-12 03:53:48,-65.360794,1.3408203,-79.25729,341.90027,880.58527,-0.022712208,-1094.3496081864178,55.0,S_1912
2024-05-12 03:53:49,-65.368706,1.3323822,-79.28527,341.6345,880.5945,-0.022704743,-1227.8967017488794,55.0,S_1912
2024-05-12 03:53:50,-65.376526,1.3239403,-79.320244,341.3757,880.5741,-0.021741854,-1344.7374130977914,55.0,S_1912
2024-05-12 03:53:51,-65.38426,1.3154869,-79.34822,341.1169,880.56854,-0.021729019,-1474.210053545914,55.0,S_1912
2024-05-12 03:53:52,-65.39191,1.3070335,-79.383194,340.85114,880.5741,-0.021002343,-1585.6650521878692,55.0,S_1912
2024-05-12 03:53:53,-65.39947,1.2985687,-79.41117,340.59235,880.5779,-0.02098706,-1712.1209014973974,55.0,S_1912
2024-05-12 03:53:54,-65.406944,1.2901001,-79.44614,340.31958,880.576,-0.01917789,-1822.0408114497986,55.0,S_1912
2024-05-12 03:53:55,-65.41434,1.2816277,-79.48111,340.0538,880.576,-0.019163083,-1923.8548188995046,55.0,S_1912
2024-05-12 03:53:56,-65.42164,1.2731476,-79.50909,339.78802,880.576,-0.019009689,-2035.8359127282674,55.0,S_1912
2024-05-12 03:53:57,-65.428856,1.2646599,-79.54406,339.51526,880.576,-0.018995075,-2148.296605666379,55.0,S_1912
2024-05-12 03:53:58,-65.43599,1.2561684,-79.579025,339.2355,880.576,-0.020277118,-2266.6562063100137,55.0,S_1912
2024-05-12 03:53:59,-65.44304,1.2476692,-79.614,338.96274,880.576,-0.02026434,-2376.5146994003007,55.0,S_1912
2024-05-12 03:54:00,-65.45,1.2391663,-79.641975,338.68997,880.576,-0.020021405,-2496.360028973868,55.0,S_1912
2024-05-12 03:54:01,-65.456955,1.2305489,-79.67694,338.4102,880.576,-0.02000122,-2606.1925097616804,55.0,S_1912
2024-05-12 03:54:02,-65.46382,1.2219315,-79.70492,338.13043,880.576,-0.02001682,-2725.211063042072,55.0,S_1912
2024-05-12 03:54:03,-65.4706,1.2133102,-79.73989,337.85068,880.576,-0.019995835,-2836.968117455148,55.0,S_1912
2024-05-12 03:54:04,-65.47729,1.2046852,-79.76787,337.5639,880.576,-0.019801661,-2955.985446095572,55.0,S_1912
2024-05-12 03:54:05,-65.48389,1.1960602,-79.80284,337.27716,880.576,-0.018209688,-3053.1717987803167,55.0,S_1912
2024-05-12 03:54:06,-65.490395,1.1874313,-79.83082,336.99738,880.576,-0.016617717,-3143.361647871905,55.0,S_1912
2024-05-12 03:54:07,-65.49682,1.1787987,-79.85879,336.71063,880.576,-0.01660524,-3229.467292155139,55.0,S_1912
2024-05-12 03:54:08,-65.50315,1.170166,-79.879776,336.41687,880.576,-0.01929669,-3346.9947488418766,55.0,S_1912
2024-05-12 03:54:09,-65.5094,1.1615295,-79.91474,336.1231,880.576,-0.019279012,-3452.1286513831183,55.0,S_1912
2024-05-12 03:54:10,-65.51556,1.1528931,-79.94272,335.83636,880.576,-0.023116594,-3595.045592368333,55.0,S_1912
2024-05-12 03:54:11,-65.52162,1.1442528,-79.97769,335.5426,880.576,-0.023087831,-3729.5349810426414,55.0,S_1912
2024-05-12 03:54:12,-65.527596,1.1356125,-80.00567,335.24185,880.576,-0.019294117,-3839.264581852178,55.0,S_1912
2024-05-12 03:54:13,-65.533485,1.1269646,-80.033646,334.9411,880.576,-0.019263322,-3939.7821358978726,55.0,S_1912
2024-05-12 03:54:14,-65.53928,1.1183205,-80.05463,334.64737,880.576,-0.016376605,-4031.131340725904,55.0,S_1912
2024-05-12 03:54:15,-65.545,1.1096687,-80.0826,334.34662,880.576,-0.016352566,-4120.922372697096,55.0,S_1912
2024-05-12 03:54:16,-65.55062,1.101017,-80.11058,334.04587,880.576,-0.014328596,-4198.956742641927,55.0,S_1912
2024-05-12 03:54:17,-65.55615,1.0923653,-80.13856,333.73813,880.576,-0.014315,-4276.414505701909,55.0,S_1912
2024-05-12 03:54:18,-65.5616,1.0837097,-80.166534,333.4304,880.576,-0.012550179,-4341.9918183696755,55.0,S_1912
2024-05-12 03:54:19,-65.566956,1.0750504,-80.19451,333.12265,880.576,-0.012536877,-4407.3505200939435,55.0,S_1912
2024-05-12 03:54:20,-65.57222,1.0663872,-80.22249,332.8149,880.5797,-0.012187634,-4470.269903443896,55.0,S_1912
2024-05-12 03:54:21,-65.5774,1.057724,-80.250465,332.50717,880.5797,-0.012170442,-4534.3659326090965,55.0,S_1912
2024-05-12 03:54:22,-65.58249,1.0490608,-80.278435,332.19244,880.56116,-0.013496782,-4602.529534811041,55.0,S_1912
2024-05-12 03:54:23,-65.58749,1.0403938,-80.29942,331.8777,880.5482,-0.013477395,-4675.620952725654,55.0,S_1912
2024-05-12 03:54:24,-65.5924,1.031723,-80.3274,331.56296,880.5889,-0.015563198,-4763.49545978579,55.0,S_1912
2024-05-12 03:54:25,-65.59722,1.0230484,-80.35537,331.24124,880.6927,-0.0155444555,-4848.953210478128,55.0,S_1912
2024-05-12 03:54:26,-65.60195,1.0143738,-80.38335,330.92648,880.77966,-0.016801178,-4939.438576058132,55.0,S_1912
2024-05-12 03:54:27,-65.6066,1.0056992,-80.404335,330.60477,880.7871,-0.01678713,-5030.101355254308,55.0,S_1912
2024-05-12 03:54:28,-65.61115,0.9970169,-80.425316,330.28305,880.7686,-0.019792331,-5142.279085233156,55.0,S_1912
2024-05-12 03:54:29,-65.61562,0.98833466,-80.4463,329.9543,880.7667,-0.019777007,-5257.835140264491,55.0,S_1912
2024-05-12 03:54:30,-65.619995,0.9796524,-80.47427,329.63257,880.77234,-0.0210682,-5377.099817450522,55.0,S_1912
2024-05-12 03:54:31,-65.62429,0.97096634,-80.495255,329.30386,880.77234,-0.021052048,-5503.162054788332,55.0,S_1912
2024-05-12 03:54:32,-65.62849,0.96227646,-80.52323,328.97513,880.77234,-0.019274136,-5616.151839162474,55.0,S_1912
2024-05-12 03:54:33,-65.6326,0.9535866,-80.55121,328.64642,880.77045,-0.019261224,-5722.651835157729,55.0,S_1912
2024-05-12 03:54:34,-65.63662,0.9448929,-80.57219,328.3177,880.77045,-0.018828651,-5829.094739163738,55.0,S_1912
2024-05-12 03:54:35,-65.64056,0.9361992,-80.59317,327.98196,880.77045,-0.018814163,-5932.683647476126,55.0,S_1912
2024-05-12 03:54:36,-65.6444,0.92749786,-80.61416,327.65326,880.77045,-0.019243259,-6041.449758844825,55.0,S_1912
2024-05-12 03:54:37,-65.648155,0.91880035,-80.63514,327.31754,880.77045,-0.019227162,-6151.867987081692,55.0,S_1912
2024-05-12 03:54:38,-65.65182,0.9100952,-80.65612,326.97482,880.77045,-0.01861733,-6255.510946797178,55.0,S_1912
2024-05-12 03:54:39,-65.655396,0.9013939,-80.6771,326.6391,880.77045,-0.017865846,-6352.361157381212,55.0,S_1912
2024-05-12 03:54:40,-65.65889,0.89268494,-80.69109,326.2964,880.77045,-0.019148853,-6462.006788072045,55.0,S_1912
2024-05-12 03:54:41,-65.662285,0.883976,-80.712074,325.95367,880.77045,-0.020287964,-6578.3667593273385,55.0,S_1912
2024-05-12 03:54:42,-65.665596,0.8752632,-80.733055,325.61096,880.77045,-0.021433394,-6704.577693279007,55.0,S_1912
2024-05-12 03:54:43,-65.66882,0.86655045,-80.754036,325.26126,880.77045,-0.020420674,-6827.496730173894,55.0,S_1912
2024-05-12 03:54:44,-65.67195,0.85783386,-80.78201,324.91855,880.77045,-0.023288222,-6964.979888423,55.0,S_1912
2024-05-12 03:54:45,-65.674995,0.84911346,-80.80299,324.56885,880.77045,-0.026000928,-7114.519116989326,55.0,S_1912
2024-05-12 03:54:46,-65.677956,0.84039307,-80.816986,324.21915,880.77045,-0.026927158,-7273.604349479516,55.0,S_1912
2024-05-12 03:54:47,-65.680824,0.83166885,-80.83097,323.86243,880.77045,-0.03221464,-7470.2552481013045,55.0,S_1912
2024-05-12 03:54:48,-65.6836,0.82294464,-80.85196,323.51273,880.77045,-0.03873678,-7700.587978490552,55.0,S_1912
2024-05-12 03:54:49,-65.68629,0.8142166,-80.865944,323.16302,880.77045,-0.026809758,-7858.114946249003,55.0,S_1912
2024-05-12 03:54:50,-65.68889,0.8054848,-80.87993,322.80634,880.77045,-0.017024845,-7955.393792529318,55.0,S_1912
2024-05-12 03:54:51,-65.6914,0.7967529,-80.90092,322.44962,880.77045,-0.029956052,-8135.572414260478,55.0,S_1912
2024-05-12 03:54:52,-65.693825,0.7880173,-80.9149,322.08594,880.77045,-0.020214548,-8253.602010258237,55.0,S_1912
2024-05-12 03:54:53,-65.69615,0.7792816,-80.93588,321.72925,880.77045,-0.027082017,-8411.041354111712,55.0,S_1912
2024-05-12 03:54:54,-65.6984,0.77054214,-80.949875,321.37253,880.77045,-0.03533839,-8630.100867872337,55.0,S_1912
2024-05-12 03:54:55,-65.700554,0.76179886,-80.970856,321.01584,880.77045,-0.029319147,-8804.900371038999,55.0,S_1912
2024-05-12 03:54:56,-65.70262,0.7530556,-80.98484,320.65213,880.77045,-0.02940481,-8983.60212178649,55.0,S_1912
2024-05-12 03:54:57,-65.7046,0.7443085,-80.99883,320.28146,880.77045,-0.032656927,-9179.529982974524,55.0,S_1912
2024-05-12 03:54:58,-65.70649,0.7355614,-81.01282,319.91776,880.77045,-0.026615929,-9336.038975992633,55.0,S_1912
2024-05-12 03:54:59,-65.70829,0.72681046,-81.02681,319.55408,880.77045,-0.02702095,-9491.21760317716,55.0,S_1912
2024-05-12 03:55:00,-65.71,0.7180557,-81.033806,319.19037,880.77045,-0.02890492,-9666.105120405453,55.0,S_1912
2024-05-12 03:55:01,-65.71211,0.7092056,-81.04779,318.81967,880.77045,-0.03049057,-9850.564077042596,55.0,S_1912
2024-05-12 03:55:02,-65.71412,0.7003555,-81.061775,318.449,880.77045,-0.025738321,-10006.202574558189,55.0,S_1912
2024-05-12 03:55:03,-65.71603,0.69150543,-81.08276,318.0853,880.77045,-0.025183743,-10157.957518152867,55.0,S_1912
2024-05-12 03:55:04,-65.71782,0.68265533,-81.09675,317.7076,880.77045,-0.025098737,-10305.667681589453,55.0,S_1912
2024-05-12 03:55:05,-65.71951,0.67380905,-81.11074,317.33694,880.77045,-0.025013732,-10449.488723698916,55.0,S_1912
2024-05-12 03:55:06,-65.7211,0.66496277,-81.11773,316.96625,880.77045,-0.023701174,-10591.097716434768,55.0,S_1912
2024-05-12 03:55:07,-65.72258,0.6561165,-81.13172,316.58856,880.77045,-0.024704488,-10735.266875038269,55.0,S_1912
2024-05-12 03:55:08,-65.72395,0.6472702,-81.13872,316.21088,880.77045,-0.025935067,-10891.170851435225,55.0,S_1912
2024-05-12 03:55:09,-65.72523,0.63842773,-81.1527,315.8332,880.77045,-0.02575894,-11041.93093838944,55.0,S_1912
2024-05-12 03:55:10,-65.72639,0.62958527,-81.1597,315.4555,880.77045,-0.02752352,-11204.336929283625,55.0,S_1912
2024-05-12 03:55:11,-65.72745,0.6207428,-81.16669,315.07782,880.77045,-0.027359603,-11369.276805514615,55.0,S_1912
2024-05-12 03:55:12,-65.7284,0.6119003,-81.18068,314.70016,880.77045,-0.02850184,-11537.49456628369,55.0,S_1912
2024-05-12 03:55:13,-65.72925,0.6030617,-81.187675,314.32248,880.77045,-0.02873102,-11714.54287415399,55.0,S_1912
2024-05-12 03:55:14,-65.72999,0.594223,-81.20166,313.9378,880.77045,-0.030602966,-11895.749160319465,55.0,S_1912
2024-05-12 03:55:15,-65.73062,0.58538437,-81.20866,313.56012,880.77045,-0.025067553,-12044.341879135398,55.0,S_1912
2024-05-12 03:55:16,-65.731155,0.5765457,-81.21565,313.17545,880.77045,-0.022424288,-12175.052608565937,55.0,S_1912
2024-05-12 03:55:17,-65.73158,0.5677109,-81.22264,312.79077,880.77045,-0.024235908,-12318.095036489856,55.0,S_1912
2024-05-12 03:55:18,-65.7319,0.5588722,-81.23663,312.4131,880.77045,-0.012895729,-12385.92274393631,55.0,S_1912
2024-05-12 03:55:19,-65.73212,0.5500374,-81.24363,312.0284,880.77045,-0.004289492,-12396.65783679649,55.0,S_1912
2024-05-12 03:55:20,-65.73222,0.54120636,-81.24363,311.6437,880.77045,-0.02100673,-12517.767447095695,55.0,S_1912
2024-05-12 03:55:21,-65.73222,0.5323715,-81.25062,311.25903,880.77045,-0.01023913,-12569.063313260693,55.0,S_1912
2024-05-12 03:55:22,-65.732124,0.5235405,-81.257614,310.86737,880.77045,-0.0071460027,-12598.164468475348,55.0,S_1912
2024-05-12 03:55:23,-65.73191,0.5147095,-81.257614,310.4827,880.77045,-0.013201898,-12667.776947586925,55.0,S_1912
2024-05-12 03:55:24,-65.7316,0.50587845,-81.26461,310.09802,880.77045,-0.010406294,-12718.932009081982,55.0,S_1912
2024-05-12 03:55:25,-65.73118,0.49705124,-81.2716,309.71335,880.77045,-0.007626718,-12751.81862579993,55.0,S_1912
2024-05-12 03:55:26,-65.73066,0.48822403,-81.278595,309.32867,880.77045,-0.0077578756,-12786.13372418511,55.0,S_1912
2024-05-12 03:55:27,-65.73003,0.47939682,-81.278595,308.937,880.77045,-0.009077431,-12828.233653758354,55.0,S_1912
2024-05-12 03:55:28,-65.72929,0.4705696,-81.28559,308.55234,880.77045,-0.005826101,-12850.01020791844,55.0,S_1912
2024-05-12 03:55:29,-65.72845,0.4617424,-81.29259,308.16064,880.77045,-0.009118118,-12891.94843745706,55.0,S_1912
2024-05-12 03:55:30,-65.7275,0.452919,-81.29259,307.77597,880.77045,-0.0018709374,-12887.255433095903,55.0,S_1912
2024-05-12 03:55:31,-65.72645,0.4440956,-81.29259,307.3843,880.77045,-0.008474225,-12924.992997014124,55.0,S_1912
2024-05-12 03:55:32,-65.72529,0.43527222,-81.29259,306.99963,880.77045,-0.008924199,-12967.031309464961,55.0,S_1912
2024-05-12 03:55:33,-65.72403,0.42645264,-81.29259,306.60797,880.77045,-0.010842129,-13021.477541156943,55.0,S_1912
2024-05-12 03:55:34,-65.72266,0.41762924,-81.29259,306.21628,880.77045,-0.008943173,-13062.687900685094,55.0,S_1912
2024-05-12 03:55:35,-65.72118,0.40880966,-81.299576,305.8316,880.77045,-0.010323496,-13114.54274304178,55.0,S_1912
2024-05-12 03:55:36,-65.719604,0.39999008,-81.30657,305.43994,880.77045,-0.0072204624,-13145.10663164737,55.0,S_1912
2024-05-12 03:55:37,-65.71792,0.39117432,-81.30657,305.04828,880.77045,-0.0092375325,-13189.345901629658,55.0,S_1912
2024-05-12 03:55:38,-65.716125,0.38235474,-81.299576,304.65662,880.77045,-0.007361933,-13220.117543051038,55.0,S_1912
2024-05-12 03:55:39,-65.714226,0.37353897,-81.29259,304.2719,880.77045,-0.010178686,-13270.38080504,55.0,S_1912
2024-05-12 03:55:40,-65.71223,0.3647232,-81.29259,303.88025,880.77045,-0.010637824,-13323.558552858503,55.0,S_1912
2024-05-12 03:55:41,-65.71011,0.35591125,-81.29259,303.4886,880.77045,-0.010520756,-13374.733661352813,55.0,S_1912
2024-05-12 03:55:42,-65.7079,0.3470955,-81.29259,303.1039,880.77045,-0.0070473915,-13404.472004983003,55.0,S_1912
2024-05-12 03:55:43,-65.70558,0.33828354,-81.29259,302.71225,880.77045,-0.011609147,-13462.76101617601,55.0,S_1912
2024-05-12 03:55:44,-65.703156,0.3294716,-81.29259,302.32758,880.77045,-0.008528875,-13502.764693677374,55.0,S_1912
2024-05-12 03:55:45,-65.70062,0.32066345,-81.28559,301.93588,880.77045,-0.0110000335,-13558.758683221753,55.0,S_1912
2024-05-12 03:55:46,-65.69799,0.3118515,-81.278595,301.54422,880.77045,-0.0102625955,-13608.670041029287,55.0,S_1912
2024-05-12 03:55:47,-65.69525,0.30304337,-81.2716,301.15955,880.77045,-0.008966207,-13649.976147308334,55.0,S_1912
2024-05-12 03:55:48,-65.6924,0.29423523,-81.2716,300.77487,880.77045,-0.004960585,-13666.045799155963,55.0,S_1912
2024-05-12 03:55:49,-65.689445,0.2854309,-81.2716,300.3832,880.77045,0.003684775,-13624.871534025035,55.0,S_1912
2024-05-12 03:55:50,-65.68639,0.27662277,-81.2716,299.99854,880.77045,-0.003823965,-13633.173787482629,55.0,S_1912
2024-05-12 03:55:51,-65.68323,0.26781845,-81.26461,299.61386,880.77045,0.0058935313,-13576.458216211035,55.0,S_1912
2024-05-12 03:55:52,-65.679955,0.25901413,-81.25062,299.22916,880.77045,0.007224494,-13511.390666631905,55.0,S_1912
2024-05-12 03:55:53,-65.67658,0.2502098,-81.24363,298.84448,880.77045,0.0074974867,-13444.825863653052,55.0,S_1912
2024-05-12 03:55:54,-65.6731,0.2414093,-81.23663,298.4598,880.77045,0.0077704797,-13376.801425428643,55.0,S_1912
2024-05-12 03:55:55,-65.66952,0.2326088,-81.23663,298.07513,880.77045,0.004024423,-13333.494839980904,55.0,S_1912
2024-05-12 03:55:56,-65.665825,0.22380829,-81.22964,297.69046,880.77045,0.00085780537,-13310.570155131747,55.0,S_1912
2024-05-12 03:55:57,-65.662025,0.21500778,-81.21565,297.3058,880.77045,0.0043281405,-13264.910033418837,55.0,S_1912
2024-05-12 03:55:58,-65.65813,0.20620728,-81.20866,296.9281,880.77045,0.004042132,-13221.318175318494,55.0,S_1912
2024-05-12 03:55:59,-65.65411,0.19741058,-81.20166,296.54343,880.77045,0.002505497,-13187.875613891392,55.0,S_1912
2024-05-12 03:56:00,-65.65,0.18861389,-81.194664,296.16574,880.77045,0.004670252,-13140.08582546785,55.0,S_1912
2024-05-12 03:56:01,-65.64578,0.17966843,-81.187675,295.78107,880.77045,0.0056767613,-13085.972537213067,55.0,S_1912
2024-05-12 03:56:02,-65.64146,0.17073059,-81.18068,295.40338,880.77045,0.0066832704,-13024.631857726796,55.0,S_1912
2024-05-12 03:56:03,-65.637024,0.16180038,-81.16669,295.0257,880.77045,0.00144181,-12997.89549832201,55.0,S_1912
2024-05-12 03:56:04,-65.63249,0.152874,-81.1597,294.64804,880.77045,-0.0015133445,-12991.160519242203,55.0,S_1912
2024-05-12 03:56:05,-65.627846,0.14395523,-81.145706,294.27036,880.77045,-0.0014127898,-12983.05363214327,55.0,S_1912
2024-05-12 03:56:06,-65.6231,0.13504028,-81.13872,293.89267,880.77045,-0.0015633149,-12976.675609047252,55.0,S_1912
2024-05-12 03:56:07,-65.61825,0.12613297,-81.124725,293.51498,880.77045,0.0015699186,-12949.195136329425,55.0,S_1912
2024-05-12 03:56:08,-65.61329,0.11722946,-81.11773,293.1443,880.77045,-0.0061167926,-12972.952254727763,55.0,S_1912
2024-05-12 03:56:09,-65.60822,0.10833359,-81.103745,292.7736,880.77045,-0.0125888055,-13040.372199527188,55.0,S_1912
2024-05-12 03:56:10,-65.60306,0.09944153,-81.08975,292.39594,880.77045,-0.01490243,-13121.408158671198,55.0,S_1912
2024-05-12 03:56:11,-65.59778,0.0905571,-81.07577,292.02524,880.77045,-0.02028885,-13236.124304762128,55.0,S_1912
2024-05-12 03:56:12,-65.5924,0.0816803,-81.061775,291.66153,880.77045,-0.02340691,-13379.707690962463,55.0,S_1912
2024-05-12 03:56:13,-65.586914,0.07280731,-81.040794,291.29086,880.77045,-0.02652497,-13534.302541038323,55.0,S_1912
2024-05-12 03:56:14,-65.58132,0.063941956,-81.033806,290.92017,880.77234,-0.022191128,-13662.593666872894,55.0,S_1912
2024-05-12 03:56:15,-65.57562,0.055080414,-81.01981,290.55646,880.77234,-0.024741886,-13807.41933686052,55.0,S_1912
2024-05-12 03:56:16,-65.569824,0.0462265,-81.00583,290.19278,880.7686,-0.021864776,-13933.65779134236,55.0,S_1912
2024-05-12 03:56:17,-65.56391,0.037376404,-80.99184,289.82907,880.7686,-0.020114724,-14053.254307455652,55.0,S_1912
2024-05-12 03:56:18,-65.5579,0.028533936,-80.970856,289.4654,880.78156,-0.019464927,-14163.551726345653,55.0,S_1912
2024-05-12 03:56:19,-65.55178,0.019695282,-80.95686,289.10168,880.78156,-0.018640976,-14269.255778810057,55.0,S_1912
2024-05-12 03:56:20,-65.545555,0.010864258,-80.94288,288.738,880.7279,-0.018648062,-14377.324134151848,55.0,S_1912
2024-05-12 03:56:21,-65.53922,0.002040863,-80.9219,288.3813,880.63525,-0.023084447,-14509.6210946912,55.0,S_1912
2024-05-12 03:56:22,-65.53279,23.993221,-80.907906,288.0246,880.57043,-0.026787534,-14673.107007827213,55.0,S_1912
2024-05-12 03:56:23,-65.526245,23.98441,-80.886925,287.6679,880.563,-0.030490624,-14854.088354442276,55.0,S_1912
2024-05-12 03:56:24,-65.5196,23.975601,-80.87294,287.3112,880.5779,-0.03258977,-15053.518679074125,55.0,S_1912
2024-05-12 03:56:25,-65.51285,23.9668,-80.85196,286.9615,880.5797,-0.03468892,-15262.865598852863,55.0,S_1912
2024-05-12 03:56:26,-65.50599,23.958004,-80.83797,286.6048,880.576,-0.036788065,-15482.256009339308,55.0,S_1912
2024-05-12 03:56:27,-65.49902,23.949215,-80.82398,286.2551,880.576,-0.038887214,-15724.931085162294,55.0,S_1912
2024-05-12 03:56:28,-65.49196,23.94043,-80.80299,285.9054,880.576,-0.034449343,-15937.710094884613,55.0,S_1912
2024-05-12 03:56:29,-65.48478,23.931652,-80.78201,285.55566,880.576,-0.030011473,-16121.221309814606,55.0,S_1912
2024-05-12 03:56:30,-65.4775,23.922882,-80.76103,285.20596,880.576,-0.025573604,-16269.385262428023,55.0,S_1912
2024-05-12 03:56:31,-65.470116,23.914116,-80.74705,284.85626,880.576,-0.033582702,-16474.361077751622,55.0,S_1912
2024-05-12 03:56:32,-65.46262,23.905357,-80.72606,284.51355,880.576,-0.047332477,-16770.0483345679,55.0,S_1912
2024-05-12 03:56:33,-65.455025,23.896603,-80.70508,284.17084,880.576,-0.013821033,-16842.90192100762,55.0,S_1912
2024-05-12 03:56:34,-65.44732,23.887856,-80.6841,283.8351,880.576,-0.031178497,-17032.943902590734,55.0,S_1912
2024-05-12 03:56:35,-65.439514,23.879112,-80.66312,283.4924,880.576,-0.04853596,-17332.628747061553,55.0,S_1912
2024-05-12 03:56:36,-65.4316,23.870377,-80.642136,283.1567,880.576,-0.032904584,-17531.03300718377,55.0,S_1912
2024-05-12 03:56:37,-65.423584,23.861649,-80.62115,282.82098,880.576,-0.017273203,-17634.91546255433,55.0,S_1912
2024-05-12 03:56:38,-65.41546,23.852924,-80.59317,282.47827,880.576,-0.0016418244,-17627.719428519158,55.0,S_1912
2024-05-12 03:56:39,-65.40723,23.844204,-80.57219,282.14255,880.576,0.011386535,-17537.32989739197,55.0,S_1912
2024-05-12 03:56:40,-65.39889,23.835495,-80.55121,281.8138,880.576,0.014177516,-17429.016789862537,55.0,S_1912
2024-05-12 03:56:41,-65.39045,23.826786,-80.53023,281.4851,880.576,0.016968496,-17302.404181972965,55.0,S_1912
2024-05-12 03:56:42,-65.3819,23.818089,-80.50925,281.15637,880.576,0.008440167,-17230.987325392398,55.0,S_1912
2024-05-12 03:56:43,-65.373245,23.809391,-80.48826,280.82767,880.576,0.013227729,-17128.27954200294,55.0,S_1912
2024-05-12 03:56:44,-65.36449,23.800705,-80.46728,280.49893,880.576,0.00742763,-17061.69764235099,55.0,S_1912
2024-05-12 03:56:45,-65.35562,23.792023,-80.4393,280.17722,880.576,-0.0020431234,-17058.19719166797,55.0,S_1912
2024-05-12 03:56:46,-65.34666,23.783344,-80.41132,279.85547,880.576,0.00783992,-16989.487601908815,55.0,S_1912
2024-05-12 03:56:47,-65.33758,23.774673,-80.39034,279.52676,880.576,0.0054695527,-16936.425304703647,55.0,S_1912
2024-05-12 03:56:48,-65.3284,23.76601,-80.362366,279.212,880.576,0.006165295,-16879.50856056425,55.0,S_1912
2024-05-12 03:56:49,-65.319115,23.75735,-80.341385,278.8903,880.576,0.0068610366,-16819.529854203935,55.0,S_1912
2024-05-12 03:56:50,-65.30972,23.7487,-80.320404,278.57556,880.576,0.010141392,-16736.712747744685,55.0,S_1912
2024-05-12 03:56:51,-65.300224,23.740051,-80.29243,278.26782,880.576,0.009655187,-16655.087749359634,55.0,S_1912
2024-05-12 03:56:52,-65.29062,23.731411,-80.26445,277.95306,880.5779,0.0075070364,-16587.446149687457,55.0,S_1912
2024-05-12 03:56:53,-65.280914,23.722775,-80.23647,277.63834,880.5779,0.0053588855,-16534.769298495667,55.0,S_1912
2024-05-12 03:56:54,-65.2711,23.714146,-80.208496,277.3306,880.5723,0.003210735,-16496.53275704729,55.0,S_1912
2024-05-12 03:56:55,-65.26118,23.705524,-80.18052,277.02286,880.5723,0.004167307,-16451.86247388497,55.0,S_1912
2024-05-12 03:56:56,-65.25115,23.696907,-80.15254,276.71512,880.5889,0.007888359,-16382.30654214705,55.0,S_1912
2024-05-12 03:56:57,-65.24103,23.688297,-80.124565,276.40738,880.5908,0.0031393985,-16344.70263399979,55.0,S_1912
2024-05-12 03:56:58,-65.23079,23.679691,-80.09659,276.10663,880.51855,-0.0020156957,-16341.216887466839,55.0,S_1912
2024-05-12 03:56:59,-65.22044,23.671093,-80.06861,275.80588,880.4093,-0.0010424706,-16330.975029466954,55.0,S_1912
2024-05-12 03:57:00,-65.21,23.662498,-80.04763,275.50513,880.35565,0.0029412785,-16295.870729295144,55.0,S_1912
2024-05-12 03:57:01,-65.19928,23.653854,-80.01965,275.20438,880.363,0.006881737,-16234.375719068586,55.0,S_1912
2024-05-12 03:57:02,-65.18847,23.645218,-79.99168,274.91064,880.38336,0.008603156,-16158.316022376559,55.0,S_1912
2024-05-12 03:57:03,-65.17755,23.63659,-79.95671,274.61688,880.3871,0.00011018943,-16139.881962560135,55.0,S_1912
2024-05-12 03:57:04,-65.166534,23.627968,-79.92174,274.32312,880.3816,0.0011362452,-16114.74015364466,55.0,S_1912
2024-05-12 03:57:05,-65.15542,23.619354,-79.89376,274.0294,880.3797,-0.00714783,-16141.698593873483,55.0,S_1912
2024-05-12 03:57:06,-65.144196,23.610752,-79.87278,273.7426,880.3816,-0.010565321,-16195.894922811713,55.0,S_1912
2024-05-12 03:57:07,-65.13288,23.602154,-79.8448,273.44885,880.3816,-0.014614532,-16273.674579733935,55.0,S_1912
2024-05-12 03:57:08,-65.12147,23.593563,-79.816826,273.1621,880.3816,-0.018663742,-16385.847807162838,55.0,S_1912
2024-05-12 03:57:09,-65.10995,23.584984,-79.78185,272.87534,880.3816,-0.01841392,-16493.29319598682,55.0,S_1912
2024-05-12 03:57:10,-65.098335,23.576408,-79.74689,272.59558,880.3816,-0.020098455,-16606.793713246698,55.0,S_1912
2024-05-12 03:57:11,-65.08662,23.567844,-79.71891,272.30884,880.3816,-0.026198827,-16758.022777333223,55.0,S_1912
2024-05-12 03:57:12,-65.0748,23.559288,-79.69093,272.02905,880.3816,-0.03231412,-16962.517281815017,55.0,S_1912
2024-05-12 03:57:13,-65.06288,23.550735,-79.65596,271.7493,880.3816,-0.038429417,-17203.72256862541,55.0,S_1912
2024-05-12 03:57:14,-65.050865,23.542194,-79.620995,271.47653,880.3816,-0.031259686,-17388.074426749656,55.0,S_1912
2024-05-12 03:57:15,-65.03875,23.53366,-79.59302,271.19678,880.3816,-0.024089953,-17521.509087484443,55.0,S_1912
2024-05-12 03:57:16,-65.026535,23.525135,-79.56504,270.931,880.3816,-0.01692022,-17613.253497754267,55.0,S_1912
2024-05-12 03:57:17,-65.01421,23.516617,-79.53706,270.6582,880.3816,-0.014379054,-17694.773846260603,55.0,S_1912
2024-05-12 03:57:18,-65.0018,23.508106,-79.50209,270.38544,880.3816,-0.008300857,-17733.968760492036,55.0,S_1912
2024-05-12 03:57:19,-64.98928,23.499603,-79.46712,270.11267,880.38336,-0.0096737,-17781.477650803765,55.0,S_1912
2024-05-12 03:57:20,-64.97667,23.491108,-79.43215,269.8469,880.38336,-0.011046542,-17837.317010125866,55.0,S_1912
2024-05-12 03:57:21,-64.96395,23.482624,-79.39718,269.5881,880.3816,-0.012419385,-17904.083272874774,55.0,S_1912
2024-05-12 03:57:22,-64.95113,23.474144,-79.362206,269.32233,880.376,-0.0028775316,-17905.22514576829,55.0,S_1912
2024-05-12 03:57:23,-64.93822,23.465672,-79.334236,269.05655,880.38525,0.007815887,-17837.61602640293,55.0,S_1912
2024-05-12 03:57:24,-64.9252,23.45721,-79.29926,268.7978,880.4019,0.018509306,-17697.842637945218,55.0,S_1912
2024-05-12 03:57:25,-64.91208,23.448753,-79.26429,268.539,880.3704,0.018552145,-17565.43119505933,55.0,S_1912
2024-05-12 03:57:26,-64.898865,23.440308,-79.23631,268.2802,880.26666,0.0063118106,-17507.783502779595,55.0,S_1912
2024-05-12 03:57:27,-64.88555,23.431866,-79.20135,268.02142,880.1778,-0.0009141348,-17497.390933097256,55.0,S_1912
2024-05-12 03:57:28,-64.87213,23.423435,-79.15938,267.76965,880.1686,0.0027771026,-17461.235273610804,55.0,S_1912
2024-05-12 03:57:29,-64.85862,23.415012,-79.12441,267.51785,880.18896,0.0026452565,-17425.875068764795,55.0,S_1912
2024-05-12 03:57:30,-64.845,23.406593,-79.08244,267.26608,880.1945,0.003156462,-17388.42599995783,55.0,S_1912
2024-05-12 03:57:31,-64.83128,23.398186,-79.05447,267.01428,880.18896,0.0037590722,-17348.631171923353,55.0,S_1912
2024-05-12 03:57:32,-64.81747,23.389786,-79.0195,266.7695,880.18524,-0.0005391296,-17335.816602140618,55.0,S_1912
2024-05-12 03:57:33,-64.80355,23.381393,-78.98453,266.5177,880.1871,0.0031034597,-17298.858709507007,55.0,S_1912
2024-05-12 03:57:34,-64.789536,23.373009,-78.949554,266.27292,880.1871,0.0068983315,-17240.296276116915,55.0,S_1912
2024-05-12 03:57:35,-64.77541,23.364632,-78.92158,266.0281,880.1871,0.0036850157,-17201.473941531087,55.0,S_1912
2024-05-12 03:57:36,-64.7612,23.356266,-78.88661,265.7903,880.1871,0.007462286,-17133.44496348518,55.0,S_1912
2024-05-12 03:57:37,-64.74688,23.347904,-78.84464,265.55252,880.1871,0.011036943,-17037.819309258735,55.0,S_1912
2024-05-12 03:57:38,-64.73247,23.33955,-78.80268,265.3077,880.1871,0.0075262627,-16971.228079764784,55.0,S_1912
2024-05-12 03:57:39,-64.71795,23.331207,-78.76771,265.06992,880.1871,0.005939272,-16916.447190815124,55.0,S_1912
2024-05-12 03:57:40,-64.70333,23.322868,-78.73274,264.83212,880.18896,0.005241303,-16866.74702934611,55.0,S_1912
2024-05-12 03:57:41,-64.688614,23.314537,-78.69777,264.60132,880.18896,0.009012589,-16792.0387728792,55.0,S_1912
2024-05-12 03:57:42,-64.6738,23.306217,-78.662796,264.36353,880.1871,0.008851433,-16714.589938359473,55.0,S_1912
2024-05-12 03:57:43,-64.65888,23.297905,-78.620834,264.13272,880.1815,0.003918605,-16672.030716335852,55.0,S_1912
2024-05-12 03:57:44,-64.64387,23.289597,-78.58586,263.90192,880.19073,0.0052856626,-16619.92648510403,55.0,S_1912
2024-05-12 03:57:45,-64.628746,23.2813,-78.5439,263.6781,880.20746,0.006745996,-16559.269580061493,55.0,S_1912
2024-05-12 03:57:46,-64.61353,23.27301,-78.50893,263.4473,880.17596,0.008206329,-16487.01456105957,55.0,S_1912
2024-05-12 03:57:47,-64.59821,23.264729,-78.466965,263.22348,880.0741,0.009240094,-16411.134090290165,55.0,S_1912
2024-05-12 03:57:48,-64.5828,23.256454,-78.43199,262.99966,879.9834,0.007899353,-16341.035135981583,55.0,S_1912
2024-05-12 03:57:49,-64.56728,23.248188,-78.39003,262.77585,879.9648,0.006558613,-16278.638973219317,55.0,S_1912
2024-05-12 03:57:50,-64.55167,23.23993,-78.34806,262.55203,879.98517,0.002772054,-16243.991623166647,55.0,S_1912
2024-05-12 03:57:51,-64.53595,23.231678,-78.313095,262.3352,879.99817,0.010227674,-16158.929726232509,55.0,S_1912
2024-05-12 03:57:52,-64.520134,23.223434,-78.271126,262.1184,879.99445,0.017683294,-16030.674085724422,55.0,S_1912
2024-05-12 03:57:53,-64.50422,23.215199,-78.23616,261.90158,879.9907,0.007735028,-15962.326303837312,55.0,S_1912
2024-05-12 03:57:54,-64.4882,23.206974,-78.19419,261.68475,879.9926,0.0065228967,-15904.057506909729,55.0,S_1912
2024-05-12 03:57:55,-64.472084,23.198753,-78.15922,261.46796,879.9926,0.002891229,-15868.956397453738,55.0,S_1912
2024-05-12 03:57:56,-64.455864,23.190544,-78.117256,261.25812,879.9926,-0.0014632605,-15861.204847416353,55.0,S_1912
2024-05-12 03:57:57,-64.43955,23.182339,-78.08228,261.0483,879.9926,-0.00581775,-15885.007809246032,55.0,S_1912
2024-05-12 03:57:58,-64.423134,23.174145,-78.04032,260.83847,879.9926,-0.0101722395,-15931.574183960158,55.0,S_1912
2024-05-12 03:57:59,-64.40662,23.165955,-78.00535,260.62866,879.99445,-0.0083149215,-15972.372984326401,55.0,S_1912
2024-05-12 03:58:00,-64.39,23.157776,-77.96339,260.41882,879.99445,-0.010099253,-16023.89715772156,55.0,S_1912
2024-05-12 03:58:01,-64.37263,23.149529,-77.921425,260.209,879.9907,-0.0065087746,-16050.393301780743,55.0,S_1912
2024-05-12 03:58:02,-64.35518,23.141293,-77.879456,260.0062,879.98706,0.0011930095,-16025.747365925654,55.0,S_1912
2024-05-12 03:58:03,-64.33765,23.133064,-77.837494,259.80334,879.99634,0.0031410772,-15988.028996629262,55.0,S_1912
2024-05-12 03:58:04,-64.320045,23.124851,-77.795525,259.60052,880.013,-0.0016052024,-15981.24799681054,55.0,S_1912
2024-05-12 03:58:05,-64.30236,23.116646,-77.76056,259.3977,879.9815,-0.0075345826,-16011.716211413695,55.0,S_1912
2024-05-12 03:58:06,-64.2846,23.108448,-77.725586,259.20184,879.8778,-0.008541252,-16053.156018976788,55.0,S_1912
2024-05-12 03:58:07,-64.26676,23.100266,-77.683624,259.006,879.7889,-0.009547923,-16106.403063113827,55.0,S_1912
2024-05-12 03:58:08,-64.24884,23.09209,-77.63467,258.8032,879.7796,-0.010435513,-16157.357217042056,55.0,S_1912
2024-05-12 03:58:09,-64.23085,23.083927,-77.5927,258.60736,879.8,-0.01791446,-16257.713789781174,55.0,S_1912
2024-05-12 03:58:10,-64.212776,23.075775,-77.550735,258.41852,879.80554,-0.013468061,-16323.982497720484,55.0,S_1912
2024-05-12 03:58:11,-64.194626,23.06763,-77.51576,258.2227,879.8,-0.0068018255,-16354.249187186793,55.0,S_1912
2024-05-12 03:58:12,-64.1764,23.059498,-77.4738,258.02686,879.7963,-0.012657329,-16420.655774941228,55.0,S_1912
2024-05-12 03:58:13,-64.1581,23.051376,-77.43183,257.838,879.7981,-0.016376335,-16521.342056475285,55.0,S_1912
2024-05-12 03:58:14,-64.13971,23.043266,-77.38287,257.64917,879.7981,-0.016078463,-16609.26617427758,55.0,S_1912
2024-05-12 03:58:15,-64.12125,23.035164,-77.34091,257.46033,879.7981,-0.013832996,-16682.415936734058,55.0,S_1912
2024-05-12 03:58:16,-64.10271,23.027073,-77.29894,257.27847,879.7981,-0.016297126,-16765.216010307442,55.0,S_1912
2024-05-12 03:58:17,-64.08409,23.018993,-77.26398,257.08963,879.7981,-0.021384344,-16891.663766725378,55.0,S_1912
2024-05-12 03:58:18,-64.0654,23.010921,-77.22201,256.9008,879.7981,-0.0177184,-17000.762942995723,55.0,S_1912
2024-05-12 03:58:19,-64.04662,23.002861,-77.17305,256.71893,879.7981,-0.012218505,-17062.645621122723,55.0,S_1912
2024-05-12 03:58:20,-64.02778,22.994812,-77.13109,256.5371,879.79443,-0.013896581,-17137.11036933441,55.0,S_1912
2024-05-12 03:58:21,-64.00885,22.986774,-77.08912,256.35526,879.7908,-0.019358862,-17247.348621479407,55.0,S_1912
2024-05-12 03:58:22,-63.989845,22.978748,-77.04716,256.1734,879.8019,-0.030008592,-17444.839428515665,55.0,S_1912
2024-05-12 03:58:23,-63.97076,22.97073,-76.9982,255.99156,879.8185,-0.027265206,-17602.40631656082,55.0,S_1912
2024-05-12 03:58:24,-63.9516,22.962723,-76.95624,255.81671,879.78705,-0.02452182,-17744.38206905393,55.0,S_1912
2024-05-12 03:58:25,-63.93236,22.954723,-76.91427,255.64185,879.6833,-0.019316439,-17864.37411395773,55.0,S_1912
2024-05-12 03:58:26,-63.913044,22.94674,-76.86531,255.467,879.5944,-0.022988597,-17995.370190487058,55.0,S_1912
2024-05-12 03:58:27,-63.89365,22.938763,-76.82335,255.29214,879.5852,-0.026307382,-18152.861105998047,55.0,S_1912
2024-05-12 03:58:28,-63.874176,22.930794,-76.78138,255.1103,879.6056,-0.01831568,-18253.04482901289,55.0,S_1912
2024-05-12 03:58:29,-63.854626,22.92284,-76.73942,254.94244,879.61115,-0.010323977,-18310.37086596319,55.0,S_1912
2024-05-12 03:58:30,-63.835,22.914894,-76.69046,254.7676,879.6056,-0.028945573,-18477.387331709237,55.0,S_1912
2024-05-12 03:58:31,-63.815292,22.90696,-76.64849,254.59973,879.6018,-0.031323895,-18661.635955096415,55.0,S_1912
2024-05-12 03:58:32,-63.79551,22.899036,-76.60653,254.43187,879.6018,-0.028786287,-18847.019843482518,55.0,S_1912
2024-05-12 03:58:33,-63.77565,22.89112,-76.55757,254.264,879.6037,-0.03475018,-19052.257344302026,55.0,S_1912
2024-05-12 03:58:34,-63.75571,22.88322,-76.5156,254.09616,879.6037,-0.025535574,-19197.117966736132,55.0,S_1912
2024-05-12 03:58:35,-63.735695,22.875328,-76.47364,253.93529,879.6,-0.020808246,-19315.253937537458,55.0,S_1912
2024-05-12 03:58:36,-63.7156,22.867443,-76.43168,253.76743,879.6,-0.028744815,-19498.053654151852,55.0,S_1912
2024-05-12 03:58:37,-63.695427,22.859573,-76.38271,253.60657,879.6129,-0.03476884,-19704.935124817086,55.0,S_1912
2024-05-12 03:58:38,-63.67518,22.851711,-76.34075,253.4387,879.6148,-0.03189302,-19890.87298226766,55.0,S_1912
2024-05-12 03:58:39,-63.65485,22.84386,-76.29879,253.27785,879.55927,-0.044811096,-20185.981120030097,55.0,S_1912
2024-05-12 03:58:40,-63.634445,22.836018,-76.24983,253.11697,879.4685,-0.034760393,-20389.391805451804,55.0,S_1912
2024-05-12 03:58:41,-63.61396,22.828186,-76.20786,252.95612,879.4018,-0.032183543,-20578.289327226143,55.0,S_1912
2024-05-12 03:58:42,-63.5934,22.820366,-76.1659,252.79524,879.39624,-0.03914673,-20806.874348376445,55.0,S_1912
2024-05-12 03:58:43,-63.57276,22.812557,-76.12393,252.64137,879.4111,-0.046109915,-21141.72103307974,55.0,S_1912
2024-05-12 03:58:44,-63.552044,22.80476,-76.06798,252.48051,879.41296,-0.045375008,-21434.242093995996,55.0,S_1912
2024-05-12 03:58:45,-63.53125,22.79697,-76.01902,252.32664,879.40735,-0.04355383,-21690.159763860756,55.0,S_1912
2024-05-12 03:58:46,-63.510376,22.789192,-75.97706,252.17278,879.40735,-0.041732647,-21936.58995637766,55.0,S_1912
2024-05-12 03:58:47,-63.489426,22.781425,-75.9351,252.0189,879.40924,-0.039911464,-22171.940281123847,55.0,S_1912
2024-05-12 03:58:48,-63.4684,22.773666,-75.89313,251.86504,879.4111,-0.038090285,-22419.06878479952,55.0,S_1912
2024-05-12 03:58:49,-63.447292,22.765919,-75.84417,251.71117,879.40735,-0.029709226,-22603.684866395248,55.0,S_1912
2024-05-12 03:58:50,-63.42611,22.758183,-75.79521,251.56429,879.4018,-0.03045816,-22797.398910453277,55.0,S_1912
2024-05-12 03:58:51,-63.40485,22.750458,-75.746254,251.41042,879.4037,-0.031027969,-22972.50455021359,55.0,S_1912
2024-05-12 03:58:52,-63.38351,22.74274,-75.704285,251.26353,879.4222,-0.03159778,-23153.20343330213,55.0,S_1912
2024-05-12 03:58:53,-63.362095,22.735035,-75.66232,251.11667,879.4241,-0.02541436,-23311.275152528568,55.0,S_1912
2024-05-12 03:58:54,-63.3406,22.72734,-75.613365,250.96979,879.35,-0.019230943,-23428.02160460375,55.0,S_1912
2024-05-12 03:58:55,-63.319027,22.719654,-75.56441,250.81592,879.24066,-0.013047526,-23500.15208122575,55.0,S_1912
2024-05-12 03:58:56,-63.29738,22.711983,-75.51545,250.66904,879.19257,-0.014085895,-23569.40173698976,55.0,S_1912
2024-05-12 03:58:57,-63.27565,22.704319,-75.47348,250.52916,879.2074,-0.0045225597,-23585.48838781452,55.0,S_1912
2024-05-12 03:58:58,-63.253845,22.696663,-75.42452,250.38228,879.22034,-0.00475933,-23600.79683493115,55.0,S_1912
2024-05-12 03:58:59,-63.23196,22.689022,-75.375565,250.2424,879.2185,-0.013136903,-23666.490115918183,55.0,S_1912
2024-05-12 03:59:00,-63.21,22.681389,-75.3336,250.09552,879.21295,-0.010743999,-23723.87693420901,55.0,S_1912
2024-05-12 03:59:01,-63.188206,22.67374,-75.28464,249.95564,879.21295,-0.008351095,-23758.66176299888,55.0,S_1912
2024-05-12 03:59:02,-63.16633,22.6661,-75.242676,249.81575,879.2147,-0.012841983,-23830.631676494482,55.0,S_1912
2024-05-12 03:59:03,-63.144363,22.658474,-75.19372,249.67587,879.2147,-0.021613397,-23960.469061073047,55.0,S_1912
2024-05-12 03:59:04,-63.12231,22.65086,-75.14476,249.536,879.21295,-0.016203858,-24041.78784637451,55.0,S_1912
2024-05-12 03:59:05,-63.100174,22.643253,-75.10279,249.4031,879.2092,-0.017420886,-24145.3548350582,55.0,S_1912
2024-05-12 03:59:06,-63.07795,22.635662,-75.05383,249.26321,879.2166,-0.018637914,-24255.427226266613,55.0,S_1912
2024-05-12 03:59:07,-63.05564,22.628082,-75.004875,249.12334,879.22955,-0.012168807,-24320.19559774261,55.0,S_1912
2024-05-12 03:59:08,-63.033245,22.62051,-74.95592,248.99045,879.2055,-0.0078094807,-24356.134925575967,55.0,S_1912
2024-05-12 03:59:09,-63.01076,22.612953,-74.90696,248.85756,879.12585,-0.013032661,-24428.662533156334,55.0,S_1912
2024-05-12 03:59:10,-62.988194,22.605404,-74.858,248.71768,879.0388,-0.018255841,-24520.82391079717,55.0,S_1912
2024-05-12 03:59:11,-62.965538,22.59787,-74.81603,248.59178,879.0036,-0.013236884,-24595.213968449523,55.0,S_1912
2024-05-12 03:59:12,-62.9428,22.590343,-74.767075,248.4589,879.0148,-0.0051088557,-24610.03844082695,55.0,S_1912
2024-05-12 03:59:13,-62.91997,22.582832,-74.72511,248.326,879.024,-0.0021540327,-24609.827160820183,55.0,S_1912
2024-05-12 03:59:14,-62.89706,22.575329,-74.676155,248.19312,879.0203,-0.0058480254,-24636.64029512458,55.0,S_1912
2024-05-12 03:59:15,-62.87406,22.56784,-74.6202,248.06023,879.01843,-0.009318784,-24680.33148157443,55.0,S_1912
2024-05-12 03:59:16,-62.85098,22.56036,-74.57124,247.93434,879.01843,-0.010032713,-24730.709936394745,55.0,S_1912
2024-05-12 03:59:17,-62.827805,22.55289,-74.522285,247.80844,879.0203,-0.010746643,-24785.887768617697,55.0,S_1912
2024-05-12 03:59:18,-62.80455,22.545433,-74.47332,247.68256,879.0203,-0.011460573,-24845.864419215297,55.0,S_1912
2024-05-12 03:59:19,-62.781208,22.53799,-74.42436,247.55666,879.0148,-0.012174503,-24912.13755578138,55.0,S_1912
2024-05-12 03:59:20,-62.75778,22.530556,-74.375404,247.42377,879.01105,-0.007679352,-24942.04259630549,55.0,S_1912
2024-05-12 03:59:21,-62.73426,22.523132,-74.33344,247.29788,879.0222,-0.010127746,-24995.001718124287,55.0,S_1912
2024-05-12 03:59:22,-62.71066,22.51572,-74.284485,247.17198,879.0407,-0.008559423,-25029.45246922856,55.0,S_1912
2024-05-12 03:59:23,-62.686974,22.508324,-74.242516,247.05309,879.0074,-0.017732564,-25133.50579481596,55.0,S_1912
2024-05-12 03:59:24,-62.6632,22.500935,-74.19356,246.92719,878.9036,-0.017802836,-25234.094018420572,55.0,S_1912
2024-05-12 03:59:25,-62.63934,22.493557,-74.1446,246.80829,878.81665,-0.023117194,-25372.706718766527,55.0,S_1912
2024-05-12 03:59:26,-62.615395,22.48619,-74.09564,246.68239,878.8073,-0.023282781,-25509.4958469535,55.0,S_1912
2024-05-12 03:59:27,-62.591362,22.478836,-74.046684,246.56349,878.8277,-0.011310162,-25567.95903341581,55.0,S_1912
2024-05-12 03:59:28,-62.567245,22.471493,-73.99773,246.4446,878.8314,-0.021602875,-25696.869263531487,55.0,S_1912
2024-05-12 03:59:29,-62.54304,22.46416,-73.94877,246.3187,878.82587,-0.018019449,-25799.414794420514,55.0,S_1912
2024-05-12 03:59:30,-62.51875,22.45684,-73.8998,246.1998,878.824,-0.014436025,-25876.963919326798,55.0,S_1912
2024-05-12 03:59:31,-62.494373,22.449532,-73.850845,246.08789,878.82587,-0.02444603,-26022.617149967442,55.0,S_1912
2024-05-12 03:59:32,-62.46991,22.442234,-73.80189,245.969,878.82214,-0.012423002,-26088.755277886554,55.0,S_1912
2024-05-12 03:59:33,-62.445362,22.434948,-73.75293,245.8501,878.8203,-0.01047411,-26142.08196077028,55.0,S_1912
2024-05-12 03:59:34,-62.420727,22.427673,-73.70397,245.7312,878.8388,-0.012986066,-26219.21552605222,55.0,S_1912
2024-05-12 03:59:35,-62.396008,22.42041,-73.64802,245.6193,878.8388,-0.017311959,-26316.551129872027,55.0,S_1912
2024-05-12 03:59:36,-62.3712,22.413155,-73.59906,245.50038,878.76654,-0.018683644,-26422.2074975458,55.0,S_1912
2024-05-12 03:59:37,-62.346306,22.405914,-73.5501,245.38849,878.6573,-0.017704593,-26524.025682041276,55.0,S_1912
2024-05-12 03:59:38,-62.321327,22.398685,-73.501144,245.26958,878.60364,-0.017612897,-26622.909026337573,55.0,S_1912
2024-05-12 03:59:39,-62.29626,22.391468,-73.45219,245.15767,878.611,-0.019535346,-26722.20383306593,55.0,S_1912
2024-05-12 03:59:40,-62.27111,22.384258,-73.41022,245.04578,878.63135,-0.020474074,-26855.51668603397,55.0,S_1912
2024-05-12 03:59:41,-62.245872,22.377064,-73.35426,244.93387,878.63513,-0.02090732,-26974.79103791634,55.0,S_1912
2024-05-12 03:59:42,-62.22055,22.36988,-73.305305,244.82196,878.6296,-0.020535676,-27093.42458125401,55.0,S_1912
2024-05-12 03:59:43,-62.19514,22.362705,-73.25635,244.71005,878.6296,-0.01933387,-27204.303052451964,55.0,S_1912
2024-05-12 03:59:44,-62.169643,22.355545,-73.20739,244.59814,878.6296,-0.020579498,-27323.44986045561,55.0,S_1912
2024-05-12 03:59:45,-62.144062,22.348396,-73.15843,244.48624,878.6258,-0.020050704,-27436.78254333364,55.0,S_1912
2024-05-12 03:59:46,-62.118393,22.341255,-73.109474,244.38133,878.63135,-0.020431623,-27555.43326037444,55.0,S_1912
2024-05-12 03:59:47,-62.09264,22.33413,-73.06052,244.26942,878.64435,-0.019709729,-27666.78634437619,55.0,S_1912
2024-05-12 03:59:48,-62.0668,22.327011,-73.01155,244.1645,878.62213,-0.020311706,-27796.017932774776,55.0,S_1912
2024-05-12 03:59:49,-62.040874,22.319908,-72.955605,244.0596,878.54065,-0.019739594,-27908.80379123122,55.0,S_1912
2024-05-12 03:59:50,-62.014862,22.312813,-72.90664,243.9477,878.45544,-0.019754905,-28034.013936622825,55.0,S_1912
2024-05-12 03:59:51,-61.98876,22.305729,-72.85069,243.84279,878.4202,-0.017745998,-28131.6496316053,55.0,S_1912
2024-05-12 03:59:52,-61.962578,22.29866,-72.80173,243.73787,878.4295,-0.014904968,-28212.648989770096,55.0,S_1912
2024-05-12 03:59:53,-61.936306,22.2916,-72.75277,243.63297,878.4406,-0.01944255,-28323.12220490138,55.0,S_1912
2024-05-12 03:59:54,-61.90995,22.284554,-72.70381,243.52805,878.43695,-0.018954054,-28430.52120710082,55.0,S_1912
2024-05-12 03:59:55,-61.883507,22.277515,-72.654854,243.42314,878.4314,-0.019242832,-28537.5314903059,55.0,S_1912
2024-05-12 03:59:56,-61.85698,22.270489,-72.605896,243.32523,878.4314,-0.019939264,-28651.768923799456,55.0,S_1912
2024-05-12 03:59:57,-61.830364,22.263474,-72.55694,243.2203,878.44617,-0.020203153,-28767.572985019986,55.0,S_1912
2024-05-12 03:59:58,-61.80366,22.256474,-72.50798,243.1154,878.44617,-0.015657224,-28851.976612883995,55.0,S_1912
2024-05-12 03:59:59,-61.776875,22.249481,-72.45902,243.01747,878.3906,-0.018441947,-28969.095261301398,55.0,S_1912
2024-05-12 04:00:00,-61.75,22.2425,-72.40307,242.91257,878.29987,-0.018032065,-29067.127405390645,55.0,S_1912
2024-05-12 04:00:01,-61.7223,22.235554,-72.35411,242.81465,878.23505,-0.025996454,-29218.110772479526,55.0,S_1912
2024-05-12 04:00:02,-61.694546,22.228615,-72.305145,242.71674,878.22766,-0.020476151,-29333.875057797464,55.0,S_1912
2024-05-12 04:00:03,-61.666725,22.221687,-72.25619,242.61882,878.2425,-0.018167524,-29434.959333094106,55.0,S_1912
2024-05-12 04:00:04,-61.638844,22.214771,-72.20723,242.52089,878.2443,-0.016849821,-29539.101876768385,55.0,S_1912
2024-05-12 04:00:05,-61.6109,22.207867,-72.151276,242.42297,878.2406,-0.018604873,-29643.861576175666,55.0,S_1912
2024-05-12 04:00:06,-61.5829,22.20097,-72.10232,242.31807,878.2406,-0.017286072,-29739.30633426213,55.0,S_1912
2024-05-12 04:00:07,-61.554836,22.194084,-72.05336,242.22015,878.2406,-0.016487062,-29829.941378367548,55.0,S_1912
2024-05-12 04:00:08,-61.52671,22.18721,-72.0044,242.12224,878.23505,-0.02175269,-29966.764442797823,55.0,S_1912
2024-05-12 04:00:09,-61.498524,22.180347,-71.94845,242.03131,878.23505,-0.026996212,-30123.69554631548,55.0,S_1912
2024-05-12 04:00:10,-61.470276,22.173496,-71.89949,241.9334,878.25543,-0.018365778,-30226.662665253054,55.0,S_1912
2024-05-12 04:00:11,-61.44197,22.166653,-71.85053,241.83548,878.25543,-0.023920802,-30378.918530700084,55.0,S_1912
2024-05-12 04:00:12,-61.4136,22.15982,-71.79458,241.74455,878.1814,-0.024407756,-30536.012394003013,55.0,S_1912
2024-05-12 04:00:13,-61.38517,22.153,-71.738625,241.64664,878.0721,-0.02545115,-30680.046901126767,55.0,S_1912
2024-05-12 04:00:14,-61.356678,22.14619,-71.68967,241.55571,878.0258,-0.025215775,-30824.634331509715,55.0,S_1912
2024-05-12 04:00:15,-61.328125,22.139393,-71.64071,241.46478,878.03876,-0.02448364,-30967.822204859858,55.0,S_1912
2024-05-12 04:00:16,-61.29951,22.132603,-71.59175,241.36687,878.05176,-0.024862582,-31110.1422333043,55.0,S_1912
2024-05-12 04:00:17,-61.270836,22.125824,-71.54279,241.27594,878.04987,-0.023494547,-31260.20258120731,55.0,S_1912
2024-05-12 04:00:18,-61.2421,22.119057,-71.48684,241.18501,878.04065,-0.02207944,-31383.614055262282,55.0,S_1912
2024-05-12 04:00:19,-61.213303,22.1123,-71.43788,241.0941,878.03687,-0.023115395,-31531.197396855427,55.0,S_1912
2024-05-12 04:00:20,-61.184444,22.105556,-71.38193,241.00317,878.04987,-0.024493722,-31654.06512219024,55.0,S_1912
2024-05-12 04:00:21,-61.155525,22.09882,-71.33996,240.91225,878.06836,-0.025811624,-31822.507071293618,55.0,S_1912
2024-05-12 04:00:22,-61.126545,22.092094,-71.284004,240.82132,878.03503,-0.024094133,-31975.533819268712,55.0,S_1912
2024-05-12 04:00:23,-61.097504,22.08538,-71.22806,240.73041,877.9295,-0.0204155,-32088.860977915374,55.0,S_1912
2024-05-12 04:00:24,-61.0684,22.078678,-71.17909,240.63948,877.8424,-0.021220885,-32206.410821021967,55.0,S_1912
2024-05-12 04:00:25,-61.039238,22.071983,-71.130135,240.55556,877.8351,-0.021215074,-32341.371985772297,55.0,S_1912
2024-05-12 04:00:26,-61.01001,22.065304,-71.07418,240.46463,877.8536,-0.02013186,-32464.510619415345,55.0,S_1912
2024-05-12 04:00:27,-60.980724,22.058632,-71.018234,240.38069,877.8554,-0.017989276,-32562.92854787574,55.0,S_1912
2024-05-12 04:00:28,-60.951378,22.051971,-70.96928,240.28978,877.8517,-0.019367436,-32671.71724037423,55.0,S_1912
2024-05-12 04:00:29,-60.92197,22.045319,-70.92031,240.19885,877.8517,-0.020315181,-32784.01385359157,55.0,S_1912
2024-05-12 04:00:30,-60.8925,22.038681,-70.87135,240.11491,877.8517,-0.021100117,-32901.538195632435,55.0,S_1912
2024-05-12 04:00:31,-60.86297,22.032051,-70.822395,240.03099,877.848,-0.021505728,-33039.07139723324,55.0,S_1912
2024-05-12 04:00:32,-60.833378,22.025433,-70.76644,239.94006,877.848,-0.022728683,-33180.736889051,55.0,S_1912
2024-05-12 04:00:33,-60.803726,22.018826,-70.71049,239.85614,877.8647,-0.028023172,-33340.306721784975,55.0,S_1912
2024-05-12 04:00:34,-60.77401,22.01223,-70.66153,239.7722,877.8665,-0.028640818,-33505.5613616535,55.0,S_1912
2024-05-12 04:00:35,-60.744236,22.005642,-70.61257,239.68828,877.7943,-0.03028728,-33702.15025071466,55.0,S_1912
2024-05-12 04:00:36,-60.7144,21.999065,-70.55662,239.60435,877.685,-0.034388706,-33925.79178898907,55.0,S_1912
2024-05-12 04:00:37,-60.6845,21.9925,-70.50066,239.52042,877.62946,-0.03533037,-34156.10759025891,55.0,S_1912
2024-05-12 04:00:38,-60.654545,21.985947,-70.44472,239.4365,877.6369,-0.038693704,-34378.62687903726,55.0,S_1912
2024-05-12 04:00:39,-60.624523,21.979404,-70.39575,239.35956,877.6591,-0.034930594,-34584.36500947809,55.0,S_1912
2024-05-12 04:00:40,-60.594444,21.97287,-70.346794,239.27562,877.66284,-0.031877548,-34770.73384107674,55.0,S_1912
2024-05-12 04:00:41,-60.564304,21.966347,-70.29784,239.1917,877.6554,-0.031238081,-34974.640240705965,55.0,S_1912
2024-05-12 04:00:42,-60.5341,21.959835,-70.24188,239.10777,877.64984,-0.030720783,-35169.78555998707,55.0,S_1912
2024-05-12 04:00:43,-60.503838,21.953335,-70.18593,239.03084,877.6591,-0.028732039,-35335.20139351921,55.0,S_1912
2024-05-12 04:00:44,-60.47351,21.946846,-70.13697,238.9469,877.6776,-0.02844441,-35500.37659795418,55.0,S_1912
2024-05-12 04:00:45,-60.443123,21.940365,-70.08801,238.86298,877.6461,-0.028698063,-35683.565594039144,55.0,S_1912
2024-05-12 04:00:46,-60.412678,21.933895,-70.03206,238.78604,877.54425,-0.029232765,-35872.51296820706,55.0,S_1912
2024-05-12 04:00:47,-60.382168,21.927437,-69.976105,238.7021,877.45166,-0.028607264,-36033.61328159275,55.0,S_1912
2024-05-12 04:00:48,-60.3516,21.92099,-69.92715,238.62517,877.435,-0.028746435,-36217.62423730468,55.0,S_1912
2024-05-12 04:00:49,-60.32097,21.91455,-69.8712,238.54823,877.4554,-0.030594973,-36395.58479496525,55.0,S_1912
2024-05-12 04:00:50,-60.29028,21.908123,-69.822235,238.46431,877.4683,-0.032877877,-36581.161081784645,55.0,S_1912
2024-05-12 04:00:51,-60.259525,21.90171,-69.77328,238.39436,877.4646,-0.037158556,-36823.86485064413,55.0,S_1912
2024-05-12 04:00:52,-60.22871,21.895302,-69.71732,238.31743,877.4573,-0.04002175,-37084.5346985425,55.0,S_1912
2024-05-12 04:00:53,-60.197834,21.888908,-69.66138,238.2405,877.4573,-0.029287748,-37250.73702212431,55.0,S_1912
2024-05-12 04:00:54,-60.1669,21.882526,-69.61241,238.16356,877.47577,-0.023509048,-37382.719927819504,55.0,S_1912
2024-05-12 04:00:55,-60.135902,21.876152,-69.56345,238.08662,877.4776,-0.021621518,-37503.018523286075,55.0,S_1912
2024-05-12 04:00:56,-60.104843,21.86979,-69.514496,238.00969,877.4054,-0.020230327,-37628.75619410447,55.0,S_1912
2024-05-12 04:00:57,-60.073723,21.863438,-69.45854,237.93275,877.29614,-0.026430909,-37795.850095348476,55.0,S_1912
2024-05-12 04:00:58,-60.042545,21.857094,-69.40259,237.85582,877.24054,-0.025681075,-37957.81404062462,55.0,S_1912
2024-05-12 04:00:59,-60.011303,21.850765,-69.34664,237.77888,877.2479,-0.024799585,-38096.60426667938,55.0,S_1912
2024-05-12 04:01:00,-59.98,21.844444,-69.297676,237.70195,877.2702,-0.023918094,-38231.656966137896,55.0,S_1912
2024-05-12 04:01:01,-59.9488,21.838173,-69.24872,237.62502,877.27386,-0.02162465,-38352.448980731606,55.0,S_1912
2024-05-12 04:01:02,-59.917534,21.83191,-69.19976,237.54808,877.2665,-0.02276459,-38493.52814723142,55.0,S_1912
2024-05-12 04:01:03,-59.8862,21.825653,-69.14381,237.47813,877.26276,-0.02374101,-38642.664471659686,55.0,S_1912
2024-05-12 04:01:04,-59.8548,21.819408,-69.08785,237.4012,877.2702,-0.023061253,-38784.17360384144,55.0,S_1912
2024-05-12 04:01:05,-59.823334,21.813171,-69.031906,237.33127,877.28314,-0.022990614,-38925.51967484539,55.0,S_1912
2024-05-12 04:01:06,-59.791798,21.806946,-68.97595,237.26132,877.25903,-0.024230314,-39058.36369073652,55.0,S_1912
2024-05-12 04:01:07,-59.7602,21.800732,-68.926994,237.19138,877.17944,-0.024998419,-39218.295714347536,55.0,S_1912
2024-05-12 04:01:08,-59.72853,21.794525,-68.87104,237.11444,877.09235,-0.023094138,-39344.0774555051,55.0,S_1912
2024-05-12 04:01:09,-59.6968,21.788326,-68.82208,237.04451,877.0572,-0.02300314,-39471.30974634332,55.0,S_1912
2024-05-12 04:01:10,-59.665,21.782139,-68.773125,236.97456,877.0683,-0.022481235,-39598.45406666594,55.0,S_1912
2024-05-12 04:01:11,-59.633133,21.775959,-68.72416,236.89763,877.0776,-0.021425342,-39730.91485396316,55.0,S_1912
2024-05-12 04:01:12,-59.6012,21.769787,-68.66821,236.82768,877.0757,-0.02110267,-39859.755110781305,55.0,S_1912
2024-05-12 04:01:13,-59.5692,21.76363,-68.61226,236.75775,877.0683,-0.017700687,-39965.316897475466,55.0,S_1912
2024-05-12 04:01:14,-59.537132,21.757477,-68.556305,236.6878,877.0702,-0.016090611,-40048.59539202896,55.0,S_1912
2024-05-12 04:01:15,-59.504997,21.751335,-68.50735,236.61786,877.0831,-0.015556582,-40130.33532716221,55.0,S_1912
2024-05-12 04:01:16,-59.472797,21.745205,-68.45839,236.54793,877.085,-0.0155158965,-40222.74766430991,55.0,S_1912
2024-05-12 04:01:17,-59.440533,21.739082,-68.402435,236.47798,877.0294,-0.01271529,-40303.350738133406,55.0,S_1912
2024-05-12 04:01:18,-59.4082,21.732967,-68.339485,236.40804,876.93866,-0.012833694,-40373.99623961386,55.0,S_1912
2024-05-12 04:01:19,-59.375797,21.726864,-68.28353,236.3381,876.872,-0.012952097,-40438.150789166786,55.0,S_1912
2024-05-12 04:01:20,-59.34333,21.720772,-68.23457,236.26816,876.86456,-0.011678243,-40496.17894177407,55.0,S_1912
2024-05-12 04:01:21,-59.3108,21.714687,-68.185616,236.19821,876.8794,-0.01040439,-40546.36074504109,55.0,S_1912
2024-05-12 04:01:22,-59.2782,21.70861,-68.13666,236.12828,876.8831,-0.012496703,-40616.78685557327,55.0,S_1912
2024-05-12 04:01:23,-59.245533,21.702545,-68.0807,236.06532,876.87756,-0.012125721,-40693.33821475858,55.0,S_1912
2024-05-12 04:01:24,-59.2128,21.696487,-68.01775,235.99539,876.8739,-0.011158131,-40743.40748885402,55.0,S_1912
2024-05-12 04:01:25,-59.18,21.690441,-67.968796,235.93243,876.8812,-0.011141958,-40797.04455553368,55.0,S_1912
2024-05-12 04:01:26,-59.147133,21.684402,-67.91984,235.86949,876.8942,-0.011125784,-40852.10352628367,55.0,S_1912
2024-05-12 04:01:27,-59.114197,21.678375,-67.87088,235.79955,876.8701,-0.011987531,-40919.23489538312,55.0,S_1912
2024-05-12 04:01:28,-59.0812,21.672356,-67.814926,235.7366,876.78864,-0.011729345,-40992.92925779757,55.0,S_1912
2024-05-12 04:01:29,-59.04813,21.666348,-67.75198,235.66667,876.7034,-0.009121811,-41030.79817982317,55.0,S_1912
2024-05-12 04:01:30,-59.015,21.660347,-67.70302,235.60371,876.6683,-0.012541272,-41094.804501709485,55.0,S_1912
2024-05-12 04:01:31,-58.9818,21.654358,-67.65406,235.53378,876.67755,-0.01153853,-41159.018879700336,55.0,S_1912
2024-05-12 04:01:32,-58.948532,21.648376,-67.59811,235.47083,876.6886,-0.010959989,-41219.18011812408,55.0,S_1912
2024-05-12 04:01:33,-58.9152,21.642403,-67.54216,235.4009,876.68494,-0.011209981,-41279.51964852573,55.0,S_1912
2024-05-12 04:01:34,-58.881798,21.63644,-67.486206,235.33794,876.6794,-0.00802689,-41312.77524275494,55.0,S_1912
2024-05-12 04:01:35,-58.84833,21.63049,-67.43725,235.275,876.6794,-0.008432182,-41356.20596979307,55.0,S_1912
2024-05-12 04:01:36,-58.814796,21.624546,-67.381294,235.21205,876.6942,-0.014938208,-41442.21488340365,55.0,S_1912
2024-05-12 04:01:37,-58.781197,21.61861,-67.32534,235.1491,876.6942,-0.009705118,-41493.86715588828,55.0,S_1912
2024-05-12 04:01:38,-58.74753,21.612686,-67.26939,235.07916,876.6386,-0.004616419,-41505.612508506245,55.0,S_1912
2024-05-12 04:01:39,-58.7138,21.60677,-67.22043,235.02321,876.54785,-0.001272015,-41500.596555519354,55.0,S_1912
2024-05-12 04:01:40,-58.679996,21.600864,-67.164474,234.96027,876.48303,0.0009002759,-41478.8656727646,55.0,S_1912
2024-05-12 04:01:41,-58.64613,21.594967,-67.10852,234.89731,876.4775,-0.00012292713,-41464.109163049434,55.0,S_1912
2024-05-12 04:01:42,-58.612198,21.58908,-67.05257,234.83437,876.4905,-0.00060834386,-41452.66676086905,55.0,S_1912
2024-05-12 04:01:43,-58.578197,21.583202,-66.99661,234.77142,876.48865,0.03264026,-41237.5239103191,55.0,S_1912
2024-05-12 04:01:44,-58.544132,21.577335,-66.947655,234.70847,876.4905,0.017122982,-41118.92445917266,55.0,S_1912
2024-05-12 04:01:45,-58.51,21.571476,-66.8987,234.64552,876.5034,0.018283997,-40995.597079926316,55.0,S_1912
2024-05-12 04:01:46,-58.4758,21.565624,-66.84974,234.58957,876.48126,0.0017156708,-40970.232475152654,55.0,S_1912
2024-05-12 04:01:47,-58.441532,21.559788,-66.793785,234.52663,876.40155,-0.001080458,-40962.81889741284,55.0,S_1912
2024-05-12 04:01:48,-58.4072,21.553955,-66.73084,234.46368,876.3146,-0.006210356,-40987.97975243202,55.0,S_1912
2024-05-12 04:01:49,-58.3728,21.548134,-66.67489,234.40073,876.27936,-0.011340254,-41048.55863390156,55.0,S_1912
2024-05-12 04:01:50,-58.338333,21.542324,-66.618935,234.34477,876.28864,-0.005547774,-41067.2384741405,55.0,S_1912
2024-05-12 04:01:51,-58.3038,21.536518,-66.56998,234.28183,876.29974,-0.0021006917,-41066.28004825639,55.0,S_1912
2024-05-12 04:01:52,-58.2692,21.530727,-66.52102,234.21889,876.296,-0.0011762397,-41059.49764705654,55.0,S_1912
2024-05-12 04:01:53,-58.23453,21.524944,-66.47206,234.16293,876.29047,-0.008009149,-41100.683666152654,55.0,S_1912
2024-05-12 04:01:54,-58.1998,21.519169,-66.41611,234.09998,876.29047,-0.014032877,-41179.491024527335,55.0,S_1912
2024-05-12 04:01:55,-58.164997,21.513405,-66.36015,234.04404,876.3053,-0.020056605,-41299.06017502904,55.0,S_1912
2024-05-12 04:01:56,-58.13013,21.507648,-66.3042,233.98808,876.3053,0.05305256,-40920.266078068205,55.0,S_1912
2024-05-12 04:01:57,-58.0952,21.501904,-66.248245,233.92513,876.24976,0.03085566,-40719.20764504577,55.0,S_1912
2024-05-12 04:01:58,-58.0602,21.496166,-66.19929,233.86917,876.159,0.013734744,-40611.440423446,55.0,S_1912
2024-05-12 04:01:59,-58.02513,21.49044,-66.14333,233.80623,876.0941,-0.003386171,-40618.726674533,55.0,S_1912
2024-05-12 04:02:00,-57.989998,21.484722,-66.08738,233.75027,876.08673,-0.0012133676,-40611.600189413584,55.0,S_1912
2024-05-12 04:02:01,-57.95406,21.479027,-66.031425,233.69432,876.10156,-0.03078522,-40786.0184894415,55.0,S_1912
2024-05-12 04:02:02,-57.91808,21.473343,-65.98247,233.63138,876.10345,-0.030058596,-40974.79445836174,55.0,S_1912
2024-05-12 04:02:03,-57.88206,21.467667,-65.92651,233.57542,876.0979,0.005653543,-40921.40096410108,55.0,S_1912
2024-05-12 04:02:04,-57.845997,21.461998,-65.87057,233.51947,876.0941,0.0011228635,-40898.550187085406,55.0,S_1912
2024-05-12 04:02:05,-57.809895,21.456337,-65.81461,233.46352,876.10156,0.01725534,-40766.878411258556,55.0,S_1912
2024-05-12 04:02:06,-57.773746,21.450687,-65.75866,233.40756,876.1145,-0.001481079,-40761.6008539787,55.0,S_1912
2024-05-12 04:02:07,-57.73756,21.44505,-65.702705,233.35161,876.0923,-0.014147304,-40831.721282623505,55.0,S_1912
2024-05-12 04:02:08,-57.701332,21.439415,-65.65375,233.29565,876.0108,-0.00637788,-40861.2194771308,55.0,S_1912
2024-05-12 04:02:09,-57.665062,21.433792,-65.59779,233.2397,875.92377,-0.035881292,-41062.68301037242,55.0,S_1912
2024-05-12 04:02:10,-57.62875,21.42818,-65.548836,233.18375,875.89044,-0.007055847,-41096.792812819665,55.0,S_1912
2024-05-12 04:02:11,-57.592396,21.422573,-65.49288,233.1278,875.90155,0.0013310944,-41072.550971058015,55.0,S_1912
2024-05-12 04:02:12,-57.556,21.416977,-65.43693,233.07185,875.9071,0.0011744052,-41049.37005829836,55.0,S_1912
2024-05-12 04:02:13,-57.51956,21.411392,-65.380974,233.0159,875.9034,0.00058920076,-41030.14868009099,55.0,S_1912
2024-05-12 04:02:14,-57.48308,21.405811,-65.32502,232.95995,875.9145,0.005642283,-40976.75800757983,55.0,S_1912
2024-05-12 04:02:15,-57.44656,21.400242,-65.26907,232.90399,875.9164,0.005669906,-40927.963095581326,55.0,S_1912
2024-05-12 04:02:16,-57.41,21.394684,-65.22011,232.85503,875.86084,-0.001585549,-40925.37123274961,55.0,S_1912
2024-05-12 04:02:17,-57.373394,21.38913,-65.16416,232.79907,875.7701,0.0009615049,-40903.64662524917,55.0,S_1912
2024-05-12 04:02:18,-57.33675,21.38359,-65.10821,232.74312,875.70337,-0.0055121807,-40921.840983084156,55.0,S_1912
2024-05-12 04:02:19,-57.30006,21.378056,-65.05925,232.68716,875.6978,-0.0002094775,-40909.74873263315,55.0,S_1912
2024-05-12 04:02:20,-57.263332,21.372532,-65.003296,232.63123,875.71265,-0.00705547,-40941.494360688164,55.0,S_1912
2024-05-12 04:02:21,-57.226562,21.367016,-64.94734,232.58226,875.7145,-0.013901462,-41020.7248271033,55.0,S_1912
2024-05-12 04:02:22,-57.189747,21.361507,-64.89139,232.5263,875.7089,-0.016515477,-41115.48168242351,55.0,S_1912
2024-05-12 04:02:23,-57.152893,21.35601,-64.835434,232.47734,875.70526,0.0025956533,-41082.89617534646,55.0,S_1912
2024-05-12 04:02:24,-57.115997,21.350521,-64.77948,232.4214,875.71265,-0.0075043356,-41113.3001056138,55.0,S_1912
2024-05-12 04:02:25,-57.07906,21.345043,-64.73052,232.36545,875.72565,-0.019747294,-41231.37501823706,55.0,S_1912
2024-05-12 04:02:26,-57.04208,21.339573,-64.67457,232.31648,875.7015,-0.012020125,-41306.68885329766,55.0,S_1912
2024-05-12 04:02:27,-57.005062,21.33411,-64.611626,232.26053,875.6219,-0.012502587,-41373.16617827237,55.0,S_1912
2024-05-12 04:02:28,-56.968,21.328655,-64.55567,232.21158,875.53485,-0.010583304,-41428.77110675731,55.0,S_1912
2024-05-12 04:02:29,-56.930893,21.323212,-64.49972,232.16261,875.5015,-0.008664021,-41472.690938892054,55.0,S_1912
2024-05-12 04:02:30,-56.89375,21.31778,-64.44376,232.10666,875.51074,-0.018834678,-41569.5506343354,55.0,S_1912
2024-05-12 04:02:31,-56.85656,21.312351,-64.394806,232.05771,875.5163,-0.016432507,-41668.02421532171,55.0,S_1912
2024-05-12 04:02:32,-56.819332,21.306934,-64.33885,232.00175,875.51263,-0.0140303355,-41746.51953603186,55.0,S_1912
2024-05-12 04:02:33,-56.782063,21.301525,-64.2829,231.95279,875.52747,-0.015867691,-41837.50997591422,55.0,S_1912
2024-05-12 04:02:34,-56.744747,21.296127,-64.226944,231.90382,875.5293,-0.017968025,-41944.84370835568,55.0,S_1912
2024-05-12 04:02:35,-56.707394,21.290737,-64.171,231.84789,875.4589,-0.016933288,-42042.81602348393,55.0,S_1912
2024-05-12 04:02:36,-56.67,21.285355,-64.11504,231.79892,875.3496,-0.016084047,-42123.734298697935,55.0,S_1912
2024-05-12 04:02:37,-56.63256,21.279984,-64.066086,231.74995,875.29407,-0.013553167,-42201.06882850966,55.0,S_1912
2024-05-12 04:02:38,-56.59508,21.27462,-64.01013,231.701,875.3015,-0.012389497,-42260.03334784278,55.0,S_1912
2024-05-12 04:02:39,-56.55756,21.269264,-63.96117,231.65204,875.3237,-0.011954937,-42326.73538049601,55.0,S_1912
2024-05-12 04:02:40,-56.519997,21.26392,-63.905216,231.60309,875.32745,-0.011520378,-42388.869192741055,55.0,S_1912
2024-05-12 04:02:41,-56.482395,21.258583,-63.849266,231.55412,875.32,-0.01068676,-42446.86459496623,55.0,S_1912
2024-05-12 04:02:42,-56.444748,21.253258,-63.793312,231.49817,875.31445,-0.011566395,-42509.15823056791,55.0,S_1912
2024-05-12 04:02:43,-56.407063,21.247936,-63.73736,231.44922,875.3237,-0.01334871,-42583.60068492502,55.0,S_1912
2024-05-12 04:02:44,-56.36933,21.242626,-63.681408,231.40025,875.3422,-0.012536249,-42652.63554919964,55.0,S_1912
2024-05-12 04:02:45,-56.331562,21.237328,-63.625454,231.3513,875.3107,-0.011810924,-42708.33850863522,55.0,S_1912
2024-05-12 04:02:46,-56.293747,21.232037,-63.576496,231.30234,875.2071,-0.011085599,-42769.39741423864,55.0,S_1912
2024-05-12 04:02:47,-56.255894,21.226753,-63.520542,231.25337,875.11633,-0.012869732,-42850.15728057333,55.0,S_1912
2024-05-12 04:02:48,-56.218,21.221478,-63.457596,231.20442,875.1015,-0.012456829,-42917.08742324056,55.0,S_1912
2024-05-12 04:02:49,-56.18006,21.216213,-63.40164,231.15546,875.12,-0.01173327,-42980.87466770271,55.0,S_1912
2024-05-12 04:02:50,-56.142082,21.210957,-63.345688,231.1065,875.12744,-0.011239492,-43041.38134385653,55.0,S_1912
2024-05-12 04:02:51,-56.10406,21.205711,-63.289734,231.05754,875.12366,-0.012465264,-43101.16671624883,55.0,S_1912
2024-05-12 04:02:52,-56.065998,21.200474,-63.240776,231.00859,875.1385,-0.012928183,-43173.15799460192,55.0,S_1912
2024-05-12 04:02:53,-56.027893,21.195244,-63.184826,230.96661,875.1404,-0.010873674,-43231.47583466096,55.0,S_1912
2024-05-12 04:02:54,-55.98975,21.190022,-63.128872,230.91766,875.07,-0.011049308,-43290.80333578316,55.0,S_1912
2024-05-12 04:02:55,-55.95156,21.18481,-63.072918,230.8687,874.96075,-0.011925021,-43354.570848693416,55.0,S_1912
2024-05-12 04:02:56,-55.91333,21.179611,-63.016964,230.82674,874.9052,-0.012089813,-43412.44622132408,55.0,S_1912
2024-05-12 04:02:57,-55.87506,21.174416,-62.968006,230.77779,874.91254,-0.012066241,-43480.35322694888,55.0,S_1912
2024-05-12 04:02:58,-55.83675,21.169231,-62.912052,230.72882,874.9348,-0.0130498465,-43553.20817307889,55.0,S_1912
2024-05-12 04:02:59,-55.798393,21.164055,-62.856102,230.67986,874.9385,-0.014033452,-43622.642159455165,55.0,S_1912
2024-05-12 04:03:00,-55.76,21.15889,-62.80714,230.6309,874.93115,-0.016903864,-43721.0172933444,55.0,S_1912
2024-05-12 04:03:01,-55.721397,21.153763,-62.75119,230.58894,874.92554,-0.016319513,-43816.13168490404,55.0,S_1912
2024-05-12 04:03:02,-55.68276,21.148643,-62.695236,230.53998,874.9348,-0.01399502,-43893.69919112636,55.0,S_1912
2024-05-12 04:03:03,-55.644085,21.143528,-62.639282,230.49802,874.9515,-0.009565083,-43942.247250133034,55.0,S_1912
2024-05-12 04:03:04,-55.605377,21.138424,-62.583332,230.45605,874.9218,-0.0060670283,-43972.91984133185,55.0,S_1912
2024-05-12 04:03:05,-55.56663,21.133331,-62.520382,230.40709,874.8181,-0.015130838,-44058.29567323899,55.0,S_1912
2024-05-12 04:03:06,-55.527847,21.128242,-62.46443,230.35814,874.72736,-0.004879481,-44075.77496533694,55.0,S_1912
2024-05-12 04:03:07,-55.48903,21.123161,-62.408478,230.31616,874.7107,-0.005687316,-44095.44757791048,55.0,S_1912
2024-05-12 04:03:08,-55.450176,21.118088,-62.35952,230.26721,874.7311,-0.0064951503,-44125.29411536925,55.0,S_1912
2024-05-12 04:03:09,-55.411285,21.113026,-62.303566,230.22525,874.7385,-0.008046587,-44164.95825093909,55.0,S_1912
2024-05-12 04:03:10,-55.37236,21.107967,-62.247612,230.17628,874.7348,-0.011906151,-44228.915020097294,55.0,S_1912
2024-05-12 04:03:11,-55.333397,21.10292,-62.191658,230.13432,874.74963,-0.006094775,-44250.22495618392,55.0,S_1912
2024-05-12 04:03:12,-55.2944,21.097878,-62.1427,230.09236,874.75146,-0.0015949951,-44248.13173410916,55.0,S_1912
2024-05-12 04:03:13,-55.255363,21.092846,-62.08675,230.0434,874.67926,-0.0011075849,-44240.75548861733,55.0,S_1912
2024-05-12 04:03:14,-55.216293,21.087822,-62.030796,230.00143,874.56995,-0.0017215759,-44237.862343743946,55.0,S_1912
2024-05-12 04:03:15,-55.177185,21.082806,-61.974842,229.95247,874.5218,-0.002173717,-44237.552300639916,55.0,S_1912
2024-05-12 04:03:16,-55.138042,21.077797,-61.918888,229.9105,874.5366,-0.002625858,-44240.43135912853,55.0,S_1912
2024-05-12 04:03:17,-55.09886,21.072796,-61.862938,229.86855,874.5459,-0.00015071267,-44226.9641110409,55.0,S_1912
2024-05-12 04:03:18,-55.059647,21.067802,-61.806984,229.81958,874.5403,0.0007634328,-44207.24303658216,55.0,S_1912
2024-05-12 04:03:19,-55.020397,21.062817,-61.75103,229.77762,874.5459,-0.0051086806,-44226.58650253469,55.0,S_1912
2024-05-12 04:03:20,-54.98111,21.057842,-61.695076,229.73566,874.56256,-0.0049039703,-44245.24068828933,55.0,S_1912
2024-05-12 04:03:21,-54.941784,21.052872,-61.639126,229.68669,874.53107,-0.0046992595,-44261.16778053094,55.0,S_1912
2024-05-12 04:03:22,-54.902424,21.047913,-61.58317,229.65173,874.42737,-0.0044945492,-44276.67172627954,55.0,S_1912
2024-05-12 04:03:23,-54.86303,21.042957,-61.527218,229.60976,874.34033,-0.004289839,-44288.164617129936,55.0,S_1912
2024-05-12 04:03:24,-54.823597,21.038013,-61.47826,229.5608,874.33105,-0.004085128,-44302.266873024884,55.0,S_1912
2024-05-12 04:03:25,-54.78413,21.033077,-61.422306,229.51884,874.34955,-0.003880418,-44316.41118532085,55.0,S_1912
2024-05-12 04:03:26,-54.744625,21.028145,-61.35936,229.47687,874.3478,-0.0036757074,-44324.68207763678,55.0,S_1912
2024-05-12 04:03:27,-54.705086,21.023224,-61.303406,229.4349,874.344,-0.0034709969,-44333.26922900403,55.0,S_1912
2024-05-12 04:03:28,-54.66551,21.01831,-61.247456,229.39294,874.3607,-0.0032662866,-44340.51195083739,55.0,S_1912
2024-05-12 04:03:29,-54.625896,21.013405,-61.1915,229.35098,874.36255,-0.003061576,-44344.180231170896,55.0,S_1912
2024-05-12 04:03:30,-54.586246,21.00851,-61.142544,229.30902,874.2903,-0.0028568655,-44350.389079577726,55.0,S_1912
2024-05-12 04:03:31,-54.546562,21.00362,-61.08659,229.26704,874.1792,-0.002652155,-44353.5866189275,55.0,S_1912
2024-05-12 04:03:32,-54.506844,20.998737,-61.030636,229.22508,874.1329,-0.0024474447,-44355.434754793394,55.0,S_1912
2024-05-12 04:03:33,-54.467083,20.993866,-60.974686,229.18312,874.1459,-0.0022427342,-44355.935438037835,55.0,S_1912
2024-05-12 04:03:34,-54.42729,20.988998,-60.91873,229.14116,874.1607,-0.0020380237,-44355.0854855028,55.0,S_1912
2024-05-12 04:03:35,-54.387463,20.984142,-60.862778,229.0992,874.1569,-0.0018333133,-44352.885853292435,55.0,S_1912
2024-05-12 04:03:36,-54.3476,20.97929,-60.806824,229.05722,874.1477,-0.0016286029,-44349.33389954045,55.0,S_1912
2024-05-12 04:03:37,-54.307697,20.97445,-60.750874,229.01526,874.144,-0.0014238923,-44344.43261398813,55.0,S_1912
2024-05-12 04:03:38,-54.267757,20.969616,-60.69492,228.9733,874.1569,-0.0012191819,-44338.178596068814,55.0,S_1912
2024-05-12 04:03:39,-54.227783,20.96479,-60.638966,228.93134,874.1755,-0.0010144714,-44330.44756651194,55.0,S_1912
2024-05-12 04:03:40,-54.187775,20.959972,-60.583015,228.89636,874.14215,-0.000809761,-44321.672223776884,55.0,S_1912
2024-05-12 04:03:41,-54.147728,20.955162,-60.52706,228.8544,874.03656,-0.00060505053,-44310.920930006585,55.0,S_1912
2024-05-12 04:03:42,-54.107647,20.95036,-60.478104,228.81244,873.9496,-0.0004003401,-44300.90887099369,55.0,S_1912
2024-05-12 04:03:43,-54.067528,20.945564,-60.42215,228.77046,873.94214,-0.00019562963,-44287.886796942745,55.0,S_1912
2024-05-12 04:03:44,-54.027374,20.94078,-60.366196,228.7285,873.96063,9.080827e-06,-44273.50451432542,55.0,S_1912
2024-05-12 04:03:45,-53.987186,20.936,-60.30325,228.69353,873.9569,0.00021379128,-44256.30228162049,55.0,S_1912
2024-05-12 04:03:46,-53.946957,20.931229,-60.247295,228.65157,873.96063,0.00041850173,-44239.21457768434,55.0,S_1912
2024-05-12 04:03:47,-53.906696,20.926468,-60.19134,228.6096,873.981,0.0006232122,-44220.770587579245,55.0,S_1912
2024-05-12 04:03:48,-53.866398,20.921715,-60.13539,228.56764,873.97546,0.00082792266,-44201.569600364805,55.0,S_1912
2024-05-12 04:03:49,-53.82606,20.916965,-60.086433,228.52568,873.8977,0.0010326331,-44182.19187953594,55.0,S_1912
2024-05-12 04:03:50,-53.78569,20.912228,-60.03048,228.4907,873.7902,0.0012373435,-44160.0118704146,55.0,S_1912
2024-05-12 04:03:51,-53.745285,20.907497,-59.974525,228.45573,873.74396,0.001442054,-44135.25656081013,55.0,S_1912
2024-05-12 04:03:52,-53.70484,20.902775,-59.91158,228.41377,873.7588,0.0016467645,-44108.37339680636,55.0,S_1912
2024-05-12 04:03:53,-53.664364,20.89806,-59.855625,228.37181,873.7662,0.001851475,-44081.77792565844,55.0,S_1912
2024-05-12 04:03:54,-53.623848,20.893353,-59.79967,228.32983,873.7625,0.0020561854,-44054.08767239475,55.0,S_1912
2024-05-12 04:03:55,-53.583294,20.888657,-59.74372,228.29486,873.7773,0.0019923202,-44028.18090753391,55.0,S_1912
2024-05-12 04:03:56,-53.54271,20.883965,-59.69476,228.2529,873.7902,0.0016593214,-44004.74036579946,55.0,S_1912
2024-05-12 04:03:57,-53.502087,20.87928,-59.63881,228.21793,873.7514,0.0010188126,-43983.147326673614,55.0,S_1912
2024-05-12 04:03:58,-53.461426,20.874607,-59.575863,228.17596,873.6458,0.00037830393,-43964.75707028272,55.0,S_1912
2024-05-12 04:03:59,-53.42073,20.869938,-59.51991,228.134,873.5606,-0.00018732878,-43951.76691715635,55.0,S_1912
2024-05-12 04:04:00,-53.379997,20.86528,-59.463955,228.09903,873.55316,0.002333728,-43922.16080015081,55.0,S_1912
2024-05-12 04:04:01,-53.339394,20.860657,-59.408,228.05707,873.5718,0.0016932031,-43896.879614426274,55.0,S_1912
2024-05-12 04:04:02,-53.298748,20.856041,-59.35205,228.0221,873.5699,0.0020914366,-43868.89871476058,55.0,S_1912
2024-05-12 04:04:03,-53.25806,20.851429,-59.296097,227.98013,873.5699,0.0023386565,-43841.127522536095,55.0,S_1912
2024-05-12 04:04:04,-53.21733,20.846828,-59.24714,227.94516,873.5828,0.0011166325,-43821.45278469886,55.0,S_1912
2024-05-12 04:04:05,-53.17656,20.842232,-59.191185,227.91019,873.5606,0.002323125,-43791.93402649976,55.0,S_1912
2024-05-12 04:04:06,-53.135746,20.837643,-59.13523,227.86823,873.481,0.0032643233,-43753.95609049703,55.0,S_1912
2024-05-12 04:04:07,-53.094894,20.833061,-59.072285,227.83325,873.3939,0.0038960096,-43712.294385408386,55.0,S_1912
2024-05-12 04:04:08,-53.053997,20.828487,-59.01633,227.79129,873.3606,0.0031786487,-43679.66174523729,55.0,S_1912
2024-05-12 04:04:09,-53.01306,20.823917,-58.967373,227.75632,873.3699,0.0028434265,-43648.69911811305,55.0,S_1912
2024-05-12 04:04:10,-52.97208,20.819359,-58.91142,227.72134,873.3754,0.0014701391,-43624.902066163755,55.0,S_1912
2024-05-12 04:04:11,-52.93106,20.814804,-58.85547,227.67938,873.3717,0.0014855632,-43601.033818465716,55.0,S_1912
2024-05-12 04:04:12,-52.89,20.810257,-58.799515,227.64441,873.3865,0.0017290467,-43575.74897782244,55.0,S_1912
2024-05-12 04:04:13,-52.848892,20.805717,-58.74356,227.60945,873.38837,0.00197253,-43548.87381566238,55.0,S_1912
2024-05-12 04:04:14,-52.807747,20.801186,-58.68761,227.57448,873.318,0.0015270321,-43523.5980672982,55.0,S_1912
2024-05-12 04:04:15,-52.76656,20.796658,-58.62466,227.53252,873.20874,0.0001228411,-43507.052901329705,55.0,S_1912
2024-05-12 04:04:16,-52.72533,20.792141,-58.56871,227.49754,873.155,2.3345347e-05,-43492.99204269642,55.0,S_1912
2024-05-12 04:04:17,-52.68406,20.787628,-58.51975,227.46257,873.1624,0.00034175973,-43478.462523572765,55.0,S_1912
2024-05-12 04:04:18,-52.64275,20.783123,-58.4638,227.4276,873.1809,0.00027938662,-43462.47455506118,55.0,S_1912
2024-05-12 04:04:19,-52.601395,20.778625,-58.40085,227.38564,873.17914,0.0006789763,-43442.31096351802,55.0,S_1912
2024-05-12 04:04:20,-52.559998,20.774136,-58.3449,227.35066,873.1828,0.00076968904,-43423.36244545302,55.0,S_1912
2024-05-12 04:04:21,-52.518562,20.769653,-58.288944,227.31569,873.1995,0.002545144,-43392.76736956184,55.0,S_1912
2024-05-12 04:04:22,-52.47708,20.765175,-58.23299,227.28072,873.16986,0.0036295003,-43355.06191650515,55.0,S_1912
2024-05-12 04:04:23,-52.435562,20.760708,-58.17704,227.24576,873.06433,0.0048287027,-43309.48645901492,55.0,S_1912
2024-05-12 04:04:24,-52.393997,20.756245,-58.121086,227.21078,872.97723,0.0074451943,-43251.025700627724,55.0,S_1912
2024-05-12 04:04:25,-52.352394,20.75179,-58.07213,227.16882,872.968,0.010129348,-43172.10404767566,55.0,S_1912
2024-05-12 04:04:26,-52.31075,20.747341,-58.016174,227.13385,872.9865,0.011134194,-43085.12356300173,55.0,S_1912
2024-05-12 04:04:27,-52.269062,20.7429,-57.96022,227.09888,872.9865,0.009693478,-43000.39710716967,55.0,S_1912
2024-05-12 04:04:28,-52.227333,20.738464,-57.897274,227.0639,872.9828,0.008749596,-42927.449047675575,55.0,S_1912
2024-05-12 04:04:29,-52.185562,20.73404,-57.84132,227.02893,872.9976,0.004523627,-42883.89150795237,55.0,S_1912
2024-05-12 04:04:30,-52.14375,20.729618,-57.78537,226.99396,872.99945,0.0062898975,-42833.34504511325,55.0,S_1912
2024-05-12 04:04:31,-52.101894,20.725204,-57.73641,226.959,872.92725,0.005307896,-42786.26123055978,55.0,S_1912
2024-05-12 04:04:32,-52.059998,20.720798,-57.680458,226.92403,872.81793,0.005854256,-42729.61344906247,55.0,S_1912
2024-05-12 04:04:33,-52.018063,20.7164,-57.617508,226.88905,872.76984,0.006859408,-42669.089305887566,55.0,S_1912
2024-05-12 04:04:34,-51.97608,20.712006,-57.561558,226.85408,872.7846,0.0075572077,-42605.59711088547,55.0,S_1912
2024-05-12 04:04:35,-51.93406,20.707623,-57.505604,226.8191,872.7939,0.0069600227,-42546.03081227715,55.0,S_1912
2024-05-12 04:04:36,-51.892,20.703243,-57.44965,226.78413,872.7883,0.00647589,-42494.398932002834,55.0,S_1912
2024-05-12 04:04:37,-51.849895,20.698872,-57.400692,226.74918,872.7939,0.0071312855,-42430.03332940598,55.0,S_1912
2024-05-12 04:04:38,-51.807747,20.694508,-57.337746,226.7142,872.81055,0.0068037095,-42364.829774206926,55.0,S_1912
2024-05-12 04:04:39,-51.76556,20.690151,-57.2748,226.67923,872.77905,0.007424308,-42300.592497634454,55.0,S_1912
2024-05-12 04:04:40,-51.72333,20.685802,-57.218845,226.64426,872.67535,0.007626431,-42242.228780575926,55.0,S_1912
2024-05-12 04:04:41,-51.68106,20.681458,-57.169888,226.60928,872.5883,0.008626556,-42173.311110599185,55.0,S_1912
2024-05-12 04:04:42,-51.63875,20.677124,-57.113934,226.57431,872.58093,0.009281197,-42099.61990929833,55.0,S_1912
2024-05-12 04:04:43,-51.596394,20.672794,-57.05798,226.54634,872.59753,0.0108465,-42013.017685431696,55.0,S_1912
2024-05-12 04:04:44,-51.553997,20.668472,-57.002026,226.50438,872.59576,0.011693594,-41922.122799670244,55.0,S_1912
2024-05-12 04:04:45,-51.511562,20.664158,-56.946075,226.4694,872.59753,0.011664376,-41833.037115191124,55.0,S_1912
2024-05-12 04:04:46,-51.46908,20.659851,-56.89012,226.44142,872.6198,0.011065709,-41746.59774300112,55.0,S_1912
2024-05-12 04:04:47,-51.42656,20.655548,-56.834167,226.40646,872.61426,0.010467043,-41663.93508693259,55.0,S_1912
2024-05-12 04:04:48,-51.384,20.651257,-56.778217,226.37149,872.5346,0.010178217,-41584.453405734654,55.0,S_1912
2024-05-12 04:04:49,-51.341396,20.646969,-56.722263,226.3435,872.4272,0.009734767,-41506.76939858043,55.0,S_1912
2024-05-12 04:04:50,-51.298748,20.642689,-56.66631,226.30853,872.38275,0.009854902,-41420.830073543446,55.0,S_1912
2024-05-12 04:04:51,-51.25606,20.638416,-56.603363,226.27357,872.3957,0.009982455,-41339.735995654264,55.0,S_1912
2024-05-12 04:04:52,-51.213333,20.634151,-56.54741,226.2386,872.40314,0.0119566675,-41247.23626482522,55.0,S_1912
2024-05-12 04:04:53,-51.170563,20.62989,-56.49146,226.20363,872.3994,0.012343623,-41152.17656549043,55.0,S_1912
2024-05-12 04:04:54,-51.12775,20.62564,-56.435505,226.16866,872.4105,0.01460784,-41052.85275866563,55.0,S_1912
2024-05-12 04:04:55,-51.084896,20.621395,-56.386547,226.13368,872.41235,0.01495977,-40932.7872125211,55.0,S_1912
2024-05-12 04:04:56,-51.042,20.617157,-56.323597,226.10571,872.3587,0.017638827,-40801.34423592745,55.0,S_1912
2024-05-12 04:04:57,-50.99906,20.612926,-56.267647,226.07074,872.26605,0.019189157,-40661.099473395465,55.0,S_1912
2024-05-12 04:04:58,-50.95608,20.608704,-56.211693,226.03577,872.20123,0.021411313,-40508.96465760669,55.0,S_1912
2024-05-12 04:04:59,-50.913063,20.604488,-56.15574,226.0078,872.1957,0.021601249,-40352.93753566603,55.0,S_1912
2024-05-12 04:05:00,-50.87,20.600277,-56.099785,225.97282,872.2087,0.022128023,-40196.156447629575,55.0,S_1912
2024-05-12 04:05:01,-50.82665,20.596115,-56.043835,225.94484,872.2068,0.022882659,-40014.72676649005,55.0,S_1912
2024-05-12 04:05:02,-50.783264,20.59196,-55.98089,225.90988,872.2087,0.02448627,-39841.061107267975,55.0,S_1912
2024-05-12 04:05:03,-50.73985,20.58781,-55.924934,225.8819,872.2197,0.02448695,-39665.91721471827,55.0,S_1912
2024-05-12 04:05:04,-50.6964,20.583664,-55.86898,225.84692,872.1994,0.023890024,-39494.53897343629,55.0,S_1912
2024-05-12 04:05:05,-50.652916,20.579525,-55.813026,225.81195,872.11975,0.023891283,-39323.15342566499,55.0,S_1912
2024-05-12 04:05:06,-50.609398,20.575394,-55.757076,225.777,872.0328,0.02467128,-39149.85897095046,55.0,S_1912
2024-05-12 04:05:07,-50.56585,20.571266,-55.701122,225.74901,871.99384,0.024674438,-38976.699727989195,55.0,S_1912
2024-05-12 04:05:08,-50.522266,20.567142,-55.64517,225.72104,872.00305,0.02756982,-38781.10676875523,55.0,S_1912
2024-05-12 04:05:09,-50.47865,20.563026,-55.58922,225.68607,872.0309,0.027569002,-38585.329982111325,55.0,S_1912
2024-05-12 04:05:10,-50.434998,20.558914,-55.533264,225.6511,872.029,0.03199844,-38388.411028126386,55.0,S_1912
2024-05-12 04:05:11,-50.391315,20.55481,-55.484306,225.62312,871.95123,0.031993594,-38165.09491243424,55.0,S_1912
2024-05-12 04:05:12,-50.3476,20.550713,-55.428352,225.58815,871.8438,0.035889953,-37914.23667192567,55.0,S_1912
2024-05-12 04:05:13,-50.30385,20.546616,-55.3724,225.55318,871.7975,0.035886936,-37641.24158627835,55.0,S_1912
2024-05-12 04:05:14,-50.260067,20.54253,-55.309452,225.52519,871.8105,0.038176443,-37350.2515629103,55.0,S_1912
2024-05-12 04:05:15,-50.216248,20.538445,-55.246506,225.49722,871.81976,0.03817134,-37087.98005909637,55.0,S_1912
2024-05-12 04:05:16,-50.172398,20.53437,-55.19055,225.46925,871.8142,0.038962584,-36816.825831564274,55.0,S_1912
2024-05-12 04:05:17,-50.128517,20.530296,-55.134598,225.43428,871.81976,0.0389577,-36545.531267916216,55.0,S_1912
2024-05-12 04:05:18,-50.0846,20.526234,-55.078648,225.3993,871.83826,0.038942687,-36279.634112694635,55.0,S_1912
2024-05-12 04:05:19,-50.04065,20.522171,-55.022694,225.37132,871.80676,0.03893528,-36036.89442801189,55.0,S_1912
2024-05-12 04:05:20,-49.996666,20.518116,-54.973736,225.33636,871.7012,0.039472986,-35769.114671838644,55.0,S_1912
2024-05-12 04:05:21,-49.95265,20.514069,-54.91778,225.30838,871.6142,0.039465122,-35499.94586504527,55.0,S_1912
2024-05-12 04:05:22,-49.9086,20.510025,-54.861828,225.28041,871.60675,0.04020675,-35220.36515333769,55.0,S_1912
2024-05-12 04:05:23,-49.864517,20.50599,-54.805874,225.24544,871.6234,0.040200736,-34916.02895471449,55.0,S_1912
2024-05-12 04:05:24,-49.8204,20.501957,-54.742928,225.21745,871.6216,0.04324704,-34614.68388853378,55.0,S_1912
2024-05-12 04:05:25,-49.77625,20.497929,-54.686977,225.1825,871.62524,0.043236893,-34282.89759891902,55.0,S_1912
2024-05-12 04:05:26,-49.732067,20.493908,-54.624027,225.14752,871.6456,0.048385724,-33954.04084079653,55.0,S_1912
2024-05-12 04:05:27,-49.687847,20.489895,-54.568077,225.11954,871.64014,0.04837268,-33626.97618104083,55.0,S_1912
2024-05-12 04:05:28,-49.6436,20.485886,-54.512123,225.09157,871.5623,0.05263423,-33303.017705359234,55.0,S_1912
2024-05-12 04:05:29,-49.599316,20.48188,-54.463165,225.0566,871.45306,0.052619528,-32949.76686255951,55.0,S_1912
2024-05-12 04:05:30,-49.555,20.477882,-54.40721,225.02861,871.4086,0.05671625,-32568.492541496486,55.0,S_1912
2024-05-12 04:05:31,-49.51065,20.473892,-54.351257,225.00064,871.4216,0.056698374,-32187.32854396758,55.0,S_1912
2024-05-12 04:05:32,-49.466267,20.469902,-54.295307,224.97267,871.4308,0.061649665,-31765.18428818597,55.0,S_1912
2024-05-12 04:05:33,-49.42185,20.465923,-54.239353,224.9377,871.4271,0.061628968,-31351.76631193223,55.0,S_1912
2024-05-12 04:05:34,-49.3774,20.461948,-54.1834,224.90971,871.4364,0.06165979,-30892.023069120518,55.0,S_1912
2024-05-12 04:05:35,-49.332916,20.457977,-54.120453,224.88174,871.43823,0.061690614,-30467.859473893048,55.0,S_1912
2024-05-12 04:05:36,-49.2884,20.454014,-54.0645,224.84677,871.38635,0.061721437,-30007.445569251784,55.0,S_1912
2024-05-12 04:05:37,-49.24385,20.450054,-54.001553,224.81879,871.29565,0.061752256,-29591.685705537067,55.0,S_1912
2024-05-12 04:05:38,-49.199265,20.446102,-53.9456,224.79082,871.2271,0.06178308,-29223.15874844479,55.0,S_1912
2024-05-12 04:05:39,-49.154648,20.442154,-53.89664,224.76285,871.2141,0.061813902,-28810.06740712713,55.0,S_1912
2024-05-12 04:05:40,-49.11,20.43821,-53.840687,224.73486,871.23816,0.061844725,-28386.205123251635,55.0,S_1912
2024-05-12 04:05:41,-49.065315,20.434277,-53.784737,224.69989,871.2568,0.06187555,-27970.94449889932,55.0,S_1912
2024-05-12 04:05:42,-49.0206,20.430344,-53.728783,224.67192,871.22156,0.06190637,-27509.177429768402,55.0,S_1912
2024-05-12 04:05:43,-48.97585,20.426418,-53.665836,224.64394,871.1197,0.061937194,-27092.027075122074,55.0,S_1912
2024-05-12 04:05:44,-48.931065,20.4225,-53.609882,224.61597,871.02893,0.061968014,-26676.19552121571,55.0,S_1912
2024-05-12 04:05:45,-48.88625,20.418587,-53.55393,224.58798,871.0141,0.061998837,-26295.88899253283,55.0,S_1912
2024-05-12 04:05:46,-48.8414,20.41468,-53.50497,224.55302,871.03265,0.06202966,-25881.01548442028,55.0,S_1912
2024-05-12 04:05:47,-48.796516,20.410778,-53.449017,224.52504,871.04004,0.062060483,-25418.00947803642,55.0,S_1912
2024-05-12 04:05:48,-48.7516,20.40688,-53.38607,224.49707,871.0363,0.062091306,-24999.681118617533,55.0,S_1912
2024-05-12 04:05:49,-48.70665,20.402988,-53.330116,224.46909,871.0512,0.06212213,-24582.72796184631,55.0,S_1912
2024-05-12 04:05:50,-48.661667,20.399101,-53.274166,224.44112,871.053,0.06215295,-24165.499543784837,55.0,S_1912
2024-05-12 04:05:51,-48.61665,20.395222,-53.218212,224.41313,870.98083,0.06218377,-23748.05522976681,55.0,S_1912
2024-05-12 04:05:52,-48.571598,20.39135,-53.16226,224.38516,870.8715,0.062214594,-23330.359894425503,55.0,S_1912
2024-05-12 04:05:53,-48.526516,20.387482,-53.106304,224.35718,870.8197,0.062245417,-22857.422291808434,55.0,S_1912
2024-05-12 04:05:54,-48.4814,20.383617,-53.043358,224.3222,870.83264,0.06227624,-22437.593381790695,55.0,S_1912
2024-05-12 04:05:55,-48.43625,20.37976,-52.987408,224.29424,870.86597,0.062307063,-22019.213235719933,55.0,S_1912
2024-05-12 04:05:56,-48.391068,20.375908,-52.931454,224.26627,870.8771,0.062337887,-21600.580439238867,55.0,S_1912
2024-05-12 04:05:57,-48.345848,20.372063,-52.8755,224.23828,870.83075,0.062368706,-21181.732634310112,55.0,S_1912
2024-05-12 04:05:58,-48.3006,20.368221,-52.819546,224.21031,870.72516,0.06239953,-20762.65858320214,55.0,S_1912
2024-05-12 04:05:59,-48.255314,20.364388,-52.763596,224.18233,870.64185,0.062430352,-20343.344832914423,55.0,S_1912
2024-05-12 04:06:00,-48.21,20.360558,-52.70764,224.15436,870.63446,0.062461175,-19914.230768127592,55.0,S_1912
2024-05-12 04:06:01,-48.164486,20.356743,-52.651688,224.11938,870.6511,0.062435973,-19447.945212961626,55.0,S_1912
2024-05-12 04:06:02,-48.118942,20.352936,-52.58874,224.0914,870.64923,0.058910288,-19057.076780351108,55.0,S_1912
2024-05-12 04:06:03,-48.073376,20.349129,-52.532787,224.07042,870.6511,0.056776628,-18674.601206112748,55.0,S_1912
2024-05-12 04:06:04,-48.02778,20.345333,-52.476837,224.04245,870.66223,0.054642968,-18305.806823521416,55.0,S_1912
2024-05-12 04:06:05,-47.98215,20.341537,-52.420883,224.01447,870.64185,0.054622,-17937.136569875114,55.0,S_1912
2024-05-12 04:06:06,-47.9365,20.33775,-52.36493,223.9865,870.56226,0.05149816,-17580.778113297223,55.0,S_1912
2024-05-12 04:06:07,-47.89082,20.33397,-52.308975,223.95152,870.47516,0.051481295,-17232.38688470622,55.0,S_1912
2024-05-12 04:06:08,-47.84511,20.330193,-52.253025,223.92355,870.43634,0.049267065,-16904.603951544133,55.0,S_1912
2024-05-12 04:06:09,-47.799374,20.32642,-52.19707,223.90256,870.44556,0.04924897,-16570.965536322063,55.0,S_1912
2024-05-12 04:06:10,-47.75361,20.32265,-52.141117,223.87459,870.4733,0.046837125,-16217.87033516296,55.0,S_1912
2024-05-12 04:06:11,-47.707817,20.31889,-52.07817,223.84662,870.4715,0.0468242,-15898.276651999819,55.0,S_1912
2024-05-12 04:06:12,-47.662,20.315136,-52.022217,223.81863,870.39557,0.045748875,-15587.246953019403,55.0,S_1912
2024-05-12 04:06:13,-47.616154,20.311386,-51.966267,223.79066,870.28815,0.04467355,-15283.171855909855,55.0,S_1912
2024-05-12 04:06:14,-47.57028,20.30764,-51.910313,223.76268,870.23444,0.043191053,-14988.750346159402,55.0,S_1912
2024-05-12 04:06:15,-47.524376,20.303902,-51.85436,223.73471,870.2437,0.04170855,-14709.243544318579,55.0,S_1912
2024-05-12 04:06:16,-47.478443,20.300163,-51.79841,223.71373,870.2622,0.038297523,-14446.810387460875,55.0,S_1912
2024-05-12 04:06:17,-47.432487,20.296436,-51.742455,223.68575,870.2585,0.038285438,-14184.30986170968,55.0,S_1912
2024-05-12 04:06:18,-47.3865,20.292713,-51.6865,223.65778,870.2622,0.03531556,-13914.776448561945,55.0,S_1912
2024-05-12 04:06:19,-47.340485,20.288994,-51.623554,223.62979,870.2789,0.034246773,-13677.035008617568,55.0,S_1912
2024-05-12 04:06:20,-47.294445,20.285278,-51.5676,223.60182,870.24927,0.033177987,-13447.779328174602,55.0,S_1912
2024-05-12 04:06:21,-47.248375,20.28157,-51.511646,223.57384,870.1474,0.032109197,-13225.504000864905,55.0,S_1912
2024-05-12 04:06:22,-47.20228,20.27787,-51.455696,223.54587,870.05664,0.031040411,-13010.165342499193,55.0,S_1912
2024-05-12 04:06:23,-47.15615,20.274174,-51.399742,223.51788,870.0418,0.029971626,-12801.794988317437,55.0,S_1912
2024-05-12 04:06:24,-47.11,20.270481,-51.34379,223.48991,870.0714,0.02890284,-12600.388527951018,55.0,S_1912
2024-05-12 04:06:25,-47.06382,20.266792,-51.287838,223.46193,870.09735,0.027834052,-12409.534515549218,55.0,S_1912
2024-05-12 04:06:26,-47.017612,20.263111,-51.231884,223.44095,870.08624,0.026765266,-12202.220422936905,55.0,S_1912
2024-05-12 04:06:27,-46.971375,20.259438,-51.168938,223.41298,870.0029,0.025696479,-12020.160224660238,55.0,S_1912
2024-05-12 04:06:28,-46.92511,20.255764,-51.112984,223.385,869.8955,0.024627693,-11828.239117552344,55.0,S_1912
2024-05-12 04:06:29,-46.87882,20.252098,-51.050037,223.35703,869.8511,0.023558907,-11677.493988294129,55.0,S_1912
2024-05-12 04:06:30,-46.8325,20.24844,-51.00108,223.32904,869.86584,0.02249012,-11519.411845615145,55.0,S_1912
2024-05-12 04:06:31,-46.78615,20.244785,-50.945126,223.30107,869.8733,0.021421334,-11369.573289178465,55.0,S_1912
2024-05-12 04:06:32,-46.739777,20.241135,-50.88917,223.28009,869.86957,0.020352546,-11224.031381435922,55.0,S_1912
2024-05-12 04:06:33,-46.693375,20.237492,-50.833218,223.2521,869.8788,0.01928376,-11070.958775510113,55.0,S_1912
2024-05-12 04:06:34,-46.646946,20.233852,-50.77027,223.22414,869.8807,0.015803117,-10953.455585541597,55.0,S_1912
2024-05-12 04:06:35,-46.600487,20.23022,-50.714317,223.19615,869.8288,0.016050424,-10823.904756572549,55.0,S_1912
2024-05-12 04:06:36,-46.554,20.226593,-50.65137,223.16818,869.73804,0.016048087,-10706.935790337597,55.0,S_1912
2024-05-12 04:06:37,-46.507484,20.22297,-50.59542,223.1472,869.66956,0.016653307,-10597.79677347268,55.0,S_1912
2024-05-12 04:06:38,-46.460945,20.219353,-50.54646,223.11922,869.65845,0.015162063,-10489.552373348655,55.0,S_1912
2024-05-12 04:06:39,-46.414375,20.21574,-50.49051,223.09824,869.68066,0.016120324,-10371.630000539222,55.0,S_1912
2024-05-12 04:06:40,-46.36778,20.212132,-50.434555,223.07027,869.69916,0.01647425,-10251.25247896065,55.0,S_1912
2024-05-12 04:06:41,-46.32115,20.20853,-50.3786,223.04228,869.6659,0.017892838,-10108.278940799759,55.0,S_1912
2024-05-12 04:06:42,-46.2745,20.204933,-50.315655,223.01431,869.564,0.01785945,-9979.724411133178,55.0,S_1912
2024-05-12 04:06:43,-46.22782,20.201344,-50.2597,222.99333,869.4714,0.017643755,-9838.686169109918,55.0,S_1912
2024-05-12 04:06:44,-46.18111,20.197758,-50.196754,222.96535,869.4473,0.017786438,-9708.202579634792,55.0,S_1912
2024-05-12 04:06:45,-46.134377,20.194176,-50.1408,222.93738,869.46954,0.016232125,-9589.398492435539,55.0,S_1912
2024-05-12 04:06:46,-46.087612,20.190601,-50.08485,222.9094,869.50104,0.015951667,-9474.587680038032,55.0,S_1912
2024-05-12 04:06:47,-46.04082,20.187035,-50.028896,222.88841,869.4992,0.01584479,-9370.10110616171,55.0,S_1912
2024-05-12 04:06:48,-45.994,20.183468,-49.97994,222.86044,869.4214,0.015453692,-9257.890768811449,55.0,S_1912
2024-05-12 04:06:49,-45.94715,20.179909,-49.923985,222.83246,869.31213,0.0155592095,-9131.897404612868,55.0,S_1912
2024-05-12 04:06:50,-45.90028,20.176357,-49.86104,222.80449,869.2677,0.015317757,-9019.640666505165,55.0,S_1912
2024-05-12 04:06:51,-45.853374,20.17281,-49.805084,222.78351,869.28064,0.014719697,-8912.860884669666,55.0,S_1912
2024-05-12 04:06:52,-45.806446,20.169266,-49.74913,222.76253,869.2881,0.01503711,-8801.98478952538,55.0,S_1912
2024-05-12 04:06:53,-45.759487,20.165726,-49.69318,222.73454,869.28436,0.015072009,-8690.748372673184,55.0,S_1912
2024-05-12 04:06:54,-45.7125,20.162197,-49.637226,222.70657,869.2992,0.015177199,-8578.815821573895,55.0,S_1912
2024-05-12 04:06:55,-45.665485,20.158669,-49.581272,222.67859,869.314,0.015003114,-8458.7280386717,55.0,S_1912
2024-05-12 04:06:56,-45.618446,20.155148,-49.518326,222.65761,869.2751,0.014374519,-8361.234725268285,55.0,S_1912
2024-05-12 04:06:57,-45.571377,20.15163,-49.469368,222.62964,869.1714,0.014168254,-8259.383758531938,55.0,S_1912
2024-05-12 04:06:58,-45.524277,20.14812,-49.413414,222.60866,869.0825,0.014203418,-8143.387277782334,55.0,S_1912
2024-05-12 04:06:59,-45.477154,20.144615,-49.350468,222.58067,869.0695,0.014178909,-8027.712278897168,55.0,S_1912
2024-05-12 04:07:00,-45.43,20.141113,-49.28752,222.5597,869.0973,0.0141544,-7931.482477110356,55.0,S_1912
2024-05-12 04:07:01,-45.382656,20.137638,-49.23856,222.53172,869.1158,0.01412989,-7829.890083009974,55.0,S_1912
2024-05-12 04:07:02,-45.33529,20.13417,-49.18261,222.51074,869.0806,0.014105381,-7714.600679974534,55.0,S_1912
2024-05-12 04:07:03,-45.2879,20.130703,-49.11966,222.48276,868.97876,0.014247898,-7598.448583245936,55.0,S_1912
2024-05-12 04:07:04,-45.24049,20.127243,-49.056713,222.46178,868.888,0.01425022,-7491.200767978946,55.0,S_1912
2024-05-12 04:07:05,-45.193054,20.123787,-49.000763,222.4338,868.86395,0.014251112,-7387.329433590043,55.0,S_1912
2024-05-12 04:07:06,-45.1456,20.120335,-48.94481,222.41281,868.88617,0.014112199,-7282.47845563032,55.0,S_1912
2024-05-12 04:07:07,-45.09812,20.11689,-48.888855,222.38484,868.9176,0.013556886,-7183.066303219497,55.0,S_1912
2024-05-12 04:07:08,-45.05062,20.113445,-48.8329,222.36386,868.91394,0.013206724,-7093.832556031615,55.0,S_1912
2024-05-12 04:07:09,-45.0031,20.110008,-48.783943,222.33588,868.838,0.01268254,-6999.721693023996,55.0,S_1912
2024-05-12 04:07:10,-44.955555,20.106575,-48.72799,222.3079,868.73065,0.012686772,-6896.291200284515,55.0,S_1912
2024-05-12 04:07:11,-44.90799,20.103146,-48.665043,222.28693,868.6806,0.012723483,-6799.040455543549,55.0,S_1912
2024-05-12 04:07:12,-44.8604,20.099724,-48.609093,222.25894,868.69354,0.012758714,-6695.09763016432,55.0,S_1912
2024-05-12 04:07:13,-44.81279,20.096306,-48.546143,222.23796,868.7195,0.012377975,-6609.187812127151,55.0,S_1912
2024-05-12 04:07:14,-44.765156,20.092892,-48.497185,222.20999,868.7158,0.012378489,-6518.849848970447,55.0,S_1912
2024-05-12 04:07:15,-44.7175,20.089481,-48.44123,222.18901,868.6565,0.01207153,-6427.368220228895,55.0,S_1912
2024-05-12 04:07:16,-44.669823,20.086075,-48.38528,222.16103,868.56573,0.011901323,-6329.590681265039,55.0,S_1912
2024-05-12 04:07:17,-44.622124,20.082676,-48.32233,222.14005,868.5028,0.011766105,-6229.890436363326,55.0,S_1912
2024-05-12 04:07:18,-44.574398,20.07928,-48.259384,222.11208,868.49725,0.011459072,-6142.485119224526,55.0,S_1912
2024-05-12 04:07:19,-44.526657,20.07589,-48.203434,222.0911,868.5102,0.011045993,-6057.726817237653,55.0,S_1912
2024-05-12 04:07:20,-44.47889,20.072502,-48.14748,222.06311,868.50836,0.010912668,-5975.320157477789,55.0,S_1912
2024-05-12 04:07:21,-44.4311,20.069118,-48.091526,222.04213,868.5102,0.010777082,-5893.909035563993,55.0,S_1912
2024-05-12 04:07:22,-44.38329,20.065742,-48.035572,222.02115,868.5232,0.010813129,-5820.39466951006,55.0,S_1912
2024-05-12 04:07:23,-44.335457,20.06237,-47.986614,222.00017,868.5009,0.011090609,-5736.830995981352,55.0,S_1912
2024-05-12 04:07:24,-44.2876,20.059002,-47.93066,221.97218,868.4213,0.011299938,-5643.406611458657,55.0,S_1912
2024-05-12 04:07:25,-44.239723,20.055637,-47.867714,221.9512,868.3342,0.011099224,-5556.824577576805,55.0,S_1912
2024-05-12 04:07:26,-44.191822,20.05228,-47.811764,221.92323,868.29535,0.011305744,-5463.364434052808,55.0,S_1912
2024-05-12 04:07:27,-44.143898,20.048923,-47.748814,221.90225,868.3046,0.011893029,-5371.567356359752,55.0,S_1912
2024-05-12 04:07:28,-44.095955,20.045574,-47.692863,221.87427,868.33057,0.012100998,-5279.768449923064,55.0,S_1912
2024-05-12 04:07:29,-44.04799,20.042229,-47.63691,221.8463,868.33057,0.011552726,-5193.29105322262,55.0,S_1912
2024-05-12 04:07:30,-44.0,20.03889,-47.580956,221.82532,868.25464,0.011417266,-5099.17235795992,55.0,S_1912
2024-05-12 04:07:31,-43.95199,20.035553,-47.51801,221.80434,868.1473,0.011557759,-5011.310473650825,55.0,S_1912
2024-05-12 04:07:32,-43.903954,20.032223,-47.462055,221.78336,868.0954,0.011833809,-4921.3850908071545,55.0,S_1912
2024-05-12 04:07:33,-43.8559,20.028896,-47.406105,221.75537,868.10834,0.0117007615,-4833.97360180286,55.0,S_1912
2024-05-12 04:07:34,-43.807823,20.025574,-47.35015,221.73439,868.13983,0.011669361,-4745.123846737402,55.0,S_1912
2024-05-12 04:07:35,-43.75972,20.022259,-47.294197,221.7064,868.15094,0.011637969,-4658.1226051999,55.0,S_1912
2024-05-12 04:07:36,-43.7116,20.018944,-47.238243,221.68542,868.1065,0.011639543,-4571.2374125103925,55.0,S_1912
2024-05-12 04:07:37,-43.663456,20.015636,-47.182293,221.66444,868.00275,0.0114324335,-4483.9505967817095,55.0,S_1912
2024-05-12 04:07:38,-43.615288,20.012333,-47.12634,221.63647,867.9158,0.011225325,-4391.127782254738,55.0,S_1912
2024-05-12 04:07:39,-43.5671,20.009037,-47.063393,221.6155,867.9028,0.011018217,-4305.08760418056,55.0,S_1912
2024-05-12 04:07:40,-43.518887,20.005741,-47.00744,221.58751,867.9287,0.010811107,-4223.417189163454,55.0,S_1912
2024-05-12 04:07:41,-43.470654,20.002453,-46.951485,221.56653,867.94904,0.010603998,-4143.201582502217,55.0,S_1912
2024-05-12 04:07:42,-43.422398,19.999168,-46.895535,221.54555,867.9139,0.010396889,-4056.4570590175863,55.0,S_1912
2024-05-12 04:07:43,-43.374123,19.995888,-46.832584,221.52457,867.812,0.010466055,-3975.6669428632704,55.0,S_1912
2024-05-12 04:07:44,-43.32582,19.99261,-46.776634,221.50359,867.7194,0.01019655,-3888.965971025358,55.0,S_1912
2024-05-12 04:07:45,-43.2775,19.989342,-46.713688,221.4756,867.6972,0.009825737,-3812.18163275607,55.0,S_1912
2024-05-12 04:07:46,-43.229156,19.986076,-46.657734,221.45462,867.7176,0.009692729,-3745.1050331538318,55.0,S_1912
2024-05-12 04:07:47,-43.18079,19.982815,-46.608776,221.43364,867.7491,0.009696575,-3672.2055704524246,55.0,S_1912
2024-05-12 04:07:48,-43.1324,19.979557,-46.552822,221.41266,867.7472,0.00929302,-3592.128354972214,55.0,S_1912
2024-05-12 04:07:49,-43.08399,19.976303,-46.489876,221.38469,867.67126,0.008891361,-3514.6523388390924,55.0,S_1912
2024-05-12 04:07:50,-43.035557,19.973057,-46.426926,221.36371,867.562,0.008490374,-3445.2698240093996,55.0,S_1912
2024-05-12 04:07:51,-42.9871,19.969814,-46.370975,221.33572,867.51013,0.008226199,-3386.423144467961,55.0,S_1912
2024-05-12 04:07:52,-42.93862,19.966576,-46.322014,221.31474,867.52313,0.008093662,-3323.84656665293,55.0,S_1912
2024-05-12 04:07:53,-42.89012,19.96334,-46.266064,221.29376,867.55646,0.008097448,-3253.674201014852,55.0,S_1912
2024-05-12 04:07:54,-42.8416,19.960114,-46.203117,221.27278,867.5694,0.0076983245,-3190.726955468057,55.0,S_1912
2024-05-12 04:07:55,-42.793056,19.956886,-46.147163,221.2518,867.52313,0.007702359,-3134.9883258565715,55.0,S_1912
2024-05-12 04:07:56,-42.744488,19.953667,-46.098206,221.23082,867.4157,0.00770509,-3068.0139089033437,55.0,S_1912
2024-05-12 04:07:57,-42.6959,19.95045,-46.035255,221.20284,867.33234,0.0077127586,-3004.8829619870303,55.0,S_1912
2024-05-12 04:07:58,-42.64729,19.947243,-45.979305,221.18185,867.32495,0.007313867,-2939.3305966748303,55.0,S_1912
2024-05-12 04:07:59,-42.598656,19.944035,-45.91636,221.15388,867.3416,0.0073193507,-2878.7380276238946,55.0,S_1912
2024-05-12 04:08:00,-42.55,19.940834,-45.860405,221.13289,867.3416,0.007157116,-2820.7606430904343,55.0,S_1912
2024-05-12 04:08:01,-42.501484,19.937641,-45.80445,221.11191,867.3416,0.0069283824,-2764.259652691686,55.0,S_1912
2024-05-12 04:08:02,-42.45294,19.934456,-45.748497,221.09093,867.35455,0.0070019295,-2702.0080011172395,55.0,S_1912
2024-05-12 04:08:03,-42.404373,19.93127,-45.68555,221.06995,867.33234,0.0072058784,-2642.2832845846206,55.0,S_1912
2024-05-12 04:08:04,-42.355778,19.928093,-45.629597,221.04897,867.2546,0.0073435996,-2583.131671142157,55.0,S_1912
2024-05-12 04:08:05,-42.30715,19.92492,-45.573647,221.02798,867.1675,0.0073476047,-2522.7771029943215,55.0,S_1912
2024-05-12 04:08:06,-42.2585,19.92175,-45.517693,221.0,867.1268,0.0073540164,-2463.4571089000347,55.0,S_1912
2024-05-12 04:08:07,-42.20982,19.918583,-45.46174,220.97902,867.136,0.007624512,-2402.514381777135,55.0,S_1912
2024-05-12 04:08:08,-42.16111,19.91542,-45.40579,220.95804,867.1638,0.007628179,-2335.7945485394775,55.0,S_1912
2024-05-12 04:08:09,-42.112373,19.912266,-45.34284,220.93706,867.1619,0.0076330593,-2273.3618949396478,55.0,S_1912
2024-05-12 04:08:10,-42.06361,19.909115,-45.28689,220.91608,867.0879,0.007370789,-2214.065460355676,55.0,S_1912
2024-05-12 04:08:11,-42.01482,19.905968,-45.230934,220.8951,866.97864,0.007374583,-2154.74917721211,55.0,S_1912
2024-05-12 04:08:12,-41.966,19.902824,-45.17498,220.87411,866.92676,0.0073807896,-2099.5650244614917,55.0,S_1912
2024-05-12 04:08:13,-41.917152,19.899685,-45.126022,220.84613,866.93976,0.007383297,-2035.9712962034791,55.0,S_1912
2024-05-12 04:08:14,-41.86828,19.896553,-45.063076,220.82515,866.9731,0.007388207,-1969.5726323073468,55.0,S_1912
2024-05-12 04:08:15,-41.819374,19.893421,-45.00013,220.80417,866.9842,0.0073930877,-1903.143151739012,55.0,S_1912
2024-05-12 04:08:16,-41.770443,19.890297,-44.93718,220.78319,866.93976,0.0073979176,-1842.2679523378538,55.0,S_1912
2024-05-12 04:08:17,-41.721485,19.887177,-44.88123,220.7622,866.8341,0.007403957,-1788.3302365283525,55.0,S_1912
2024-05-12 04:08:18,-41.6725,19.88406,-44.832268,220.74123,866.74713,0.007274285,-1731.137147301397,55.0,S_1912
2024-05-12 04:08:19,-41.623486,19.880947,-44.776318,220.72025,866.73413,0.007277912,-1671.286081838054,55.0,S_1912
2024-05-12 04:08:20,-41.574444,19.877842,-44.720364,220.69226,866.76196,0.0070179584,-1608.9203383629028,55.0,S_1912
2024-05-12 04:08:21,-41.525375,19.87474,-44.657417,220.67128,866.78046,0.0065960684,-1553.2360941931074,55.0,S_1912
2024-05-12 04:08:22,-41.476276,19.87164,-44.601463,220.6503,866.74524,0.006634524,-1498.744182618204,55.0,S_1912
2024-05-12 04:08:23,-41.427155,19.868546,-44.54551,220.62932,866.6434,0.006343929,-1446.1316170179452,55.0,S_1912
2024-05-12 04:08:24,-41.378,19.86546,-44.48956,220.60834,866.5526,0.005954376,-1396.0311846204568,55.0,S_1912
2024-05-12 04:08:25,-41.32882,19.862373,-44.433605,220.58736,866.52856,0.005795974,-1346.9556447149953,55.0,S_1912
2024-05-12 04:08:26,-41.27961,19.859291,-44.37765,220.56638,866.55084,0.0058006826,-1292.6157942908212,55.0,S_1912
2024-05-12 04:08:27,-41.230373,19.856216,-44.314705,220.53839,866.58234,0.005808984,-1237.5619690006642,55.0,S_1912
2024-05-12 04:08:28,-41.18111,19.853146,-44.25176,220.51741,866.57855,0.005878309,-1186.5477061150377,55.0,S_1912
2024-05-12 04:08:29,-41.13182,19.850079,-44.195805,220.49643,866.5026,0.005882858,-1141.3327133321036,55.0,S_1912
2024-05-12 04:08:30,-41.0825,19.847015,-44.146847,220.47545,866.39526,0.0060167736,-1087.7615416516564,55.0,S_1912
2024-05-12 04:08:31,-41.033154,19.84396,-44.0839,220.45447,866.3434,0.0061528003,-1034.9996901925879,55.0,S_1912
2024-05-12 04:08:32,-40.983776,19.840904,-44.027946,220.43349,866.3563,0.006420183,-977.8193468608406,55.0,S_1912
2024-05-12 04:08:33,-40.934376,19.837856,-43.965,220.4195,866.3878,0.006749046,-920.1907724263438,55.0,S_1912
2024-05-12 04:08:34,-40.884945,19.834812,-43.909046,220.39153,866.4008,0.006689473,-865.3134259762483,55.0,S_1912
2024-05-12 04:08:35,-40.835487,19.831772,-43.853092,220.37054,866.3545,0.0067247027,-810.3164310165484,55.0,S_1912
2024-05-12 04:08:36,-40.786,19.828735,-43.797142,220.34955,866.25073,0.006759853,-755.0987032683188,55.0,S_1912
2024-05-12 04:08:37,-40.736485,19.825706,-43.741188,220.32857,866.16376,0.0067003225,-695.2264549892898,55.0,S_1912
2024-05-12 04:08:38,-40.686943,19.822678,-43.67824,220.30759,866.15076,0.006448179,-640.6097387561167,55.0,S_1912
2024-05-12 04:08:39,-40.637375,19.819656,-43.622288,220.2866,866.1767,0.006742483,-585.5206099340321,55.0,S_1912
2024-05-12 04:08:40,-40.587776,19.816639,-43.566334,220.26562,866.1971,0.006777403,-530.2148779802737,55.0,S_1912
2024-05-12 04:08:41,-40.538155,19.813625,-43.510384,220.24464,866.16187,0.0067179063,-475.2963913215208,55.0,S_1912
2024-05-12 04:08:42,-40.4885,19.810616,-43.45443,220.22366,866.06,0.0067527345,-415.0776569223017,55.0,S_1912
2024-05-12 04:08:43,-40.43882,19.807613,-43.391483,220.20268,865.9674,0.006630639,-354.3277987156107,55.0,S_1912
2024-05-12 04:08:44,-40.38911,19.804611,-43.328533,220.1817,865.9452,0.0063773417,-300.21108014032507,55.0,S_1912
2024-05-12 04:08:45,-40.339375,19.801617,-43.272583,220.16072,865.9656,0.006123329,-253.71280628221575,55.0,S_1912
2024-05-12 04:08:46,-40.28961,19.798626,-43.22362,220.13972,865.9971,0.0059973095,-204.88134423603697,55.0,S_1912
2024-05-12 04:08:47,-40.23982,19.795639,-43.16767,220.11874,865.9952,0.0060012355,-150.10424133471315,55.0,S_1912
2024-05-12 04:08:48,-40.19,19.79266,-43.104725,220.09776,865.91925,0.005461284,-101.91911261873611,55.0,S_1912
2024-05-12 04:08:49,-40.140152,19.78968,-43.04877,220.07678,865.81,0.0052114762,-52.84099385152149,55.0,S_1912
2024-05-12 04:08:50,-40.09028,19.786709,-42.985825,220.0558,865.76,0.0052171824,-10.133170517547114,55.0,S_1912
2024-05-12 04:08:51,-40.040375,19.783741,-42.936863,220.03482,865.77295,0.0047084787,0.0,55.0,S_1912
