datetime,mlat,mlt,glat,glon,alt,Ex,pot,cpcp_kV,pass_id
2024-05-11 14:58:58,40.037483,17.779465,44.559498,40.656784,844.5712,-0.0119953705,-77.22736439095264,206.0,N_756
2024-05-11 14:58:59,40.098747,17.778748,44.61545,40.6358,844.675,-0.012141541,-172.69782619894218,206.0,N_756
2024-05-11 14:59:00,40.16,17.778046,44.671406,40.61482,844.76575,-0.012277258,-278.28779208195965,206.0,N_756
2024-05-11 14:59:01,40.221245,17.777328,44.734352,40.593838,844.7806,-0.01226801,-376.5825793931963,206.0,N_756
2024-05-11 14:59:02,40.282482,17.776611,44.790306,40.572853,844.7602,-0.012430498,-473.8908391844906,206.0,N_756
2024-05-11 14:59:03,40.34371,17.77591,44.846256,40.551872,844.7564,-0.012422616,-573.1855302353529,206.0,N_756
2024-05-11 14:59:04,40.404934,17.775192,44.90221,40.523895,844.762,-0.012716355,-672.7152354566532,206.0,N_756
2024-05-11 14:59:05,40.466145,17.774475,44.958164,40.502914,844.76385,-0.012705891,-781.3627842512755,206.0,N_756
2024-05-11 14:59:06,40.52735,17.773773,45.02111,40.48193,844.762,-0.012720616,-882.5363295684082,206.0,N_756
2024-05-11 14:59:07,40.588547,17.773056,45.077065,40.46095,844.762,-0.012867971,-982.6329298921956,206.0,N_756
2024-05-11 14:59:08,40.649734,17.772354,45.133015,40.439964,844.762,-0.013023488,-1093.552533594742,206.0,N_756
2024-05-11 14:59:09,40.71091,17.771637,45.195965,40.418983,844.762,-0.012874892,-1205.4129042140707,206.0,N_756
2024-05-11 14:59:10,40.772083,17.770935,45.25891,40.398003,844.762,-0.013168827,-1311.5819437619305,206.0,N_756
2024-05-11 14:59:11,40.833244,17.770218,45.314865,40.370026,844.762,-0.013166385,-1413.9568116378646,206.0,N_756
2024-05-11 14:59:12,40.8944,17.769516,45.370815,40.34904,844.762,-0.013462338,-1517.8508490693937,206.0,N_756
2024-05-11 14:59:13,40.955547,17.768814,45.42677,40.32806,844.762,-0.013462755,-1631.8966141772867,206.0,N_756
2024-05-11 14:59:14,41.01668,17.768097,45.489716,40.30708,844.762,-0.013461735,-1737.7936274831031,206.0,N_756
2024-05-11 14:59:15,41.077812,17.767395,45.54567,40.286095,844.762,-0.0133110825,-1842.831413475098,206.0,N_756
2024-05-11 14:59:16,41.13893,17.766693,45.601624,40.258118,844.762,-0.013467582,-1937.0383265056175,206.0,N_756
2024-05-11 14:59:17,41.200047,17.765991,45.65058,40.237137,844.762,-0.013758144,-2040.789933501027,206.0,N_756
2024-05-11 14:59:18,41.26115,17.76529,45.706535,40.216156,844.762,-0.013609923,-2155.867716666144,206.0,N_756
2024-05-11 14:59:19,41.322247,17.764587,45.76948,40.19517,844.762,-0.013906205,-2277.0671940883535,206.0,N_756
2024-05-11 14:59:20,41.38333,17.763885,45.832428,40.167194,844.762,-0.013753656,-2385.1883123550383,206.0,N_756
2024-05-11 14:59:21,41.444412,17.763184,45.888382,40.146214,844.762,-0.013902849,-2491.855119594889,206.0,N_756
2024-05-11 14:59:22,41.50548,17.762482,45.944332,40.125233,844.762,-0.014023199,-2599.295344169668,206.0,N_756
2024-05-11 14:59:23,41.566544,17.76178,46.000286,40.104248,844.762,-0.01414355,-2709.7352341828596,206.0,N_756
2024-05-11 14:59:24,41.627598,17.761078,46.05624,40.07627,844.7602,-0.0142639,-2829.8642951392085,206.0,N_756
2024-05-11 14:59:25,41.688644,17.760391,46.119186,40.05529,844.762,-0.014384251,-2952.478831127458,206.0,N_756
2024-05-11 14:59:26,41.749683,17.75969,46.182133,40.034306,844.7676,-0.014504601,-3065.0021838817147,206.0,N_756
2024-05-11 14:59:27,41.81071,17.758987,46.238087,40.013325,844.7676,-0.014497058,-3164.5930013932475,206.0,N_756
2024-05-11 14:59:28,41.871735,17.7583,46.287045,39.992344,844.7491,-0.014948346,-3278.2611521564318,206.0,N_756
2024-05-11 14:59:29,41.932747,17.757599,46.343,39.964367,844.7435,-0.0153961545,-3406.4933603349373,206.0,N_756
2024-05-11 14:59:30,41.99375,17.756912,46.405945,39.943382,844.8102,-0.015711958,-3529.1916972576046,206.0,N_756
2024-05-11 14:59:31,42.054745,17.75621,46.4619,39.91541,844.9213,-0.01617166,-3662.980705674321,206.0,N_756
2024-05-11 14:59:32,42.115734,17.755524,46.524845,39.894424,844.97687,-0.016472291,-3775.7580279068834,206.0,N_756
2024-05-11 14:59:33,42.176712,17.754822,46.573803,39.873444,844.96576,-0.016475456,-3909.3152525095966,206.0,N_756
2024-05-11 14:59:34,42.237682,17.754135,46.63675,39.85246,844.9509,-0.016475707,-4034.4493890344274,206.0,N_756
2024-05-11 14:59:35,42.298645,17.753448,46.692703,39.83148,844.95465,-0.016474623,-4172.276160763679,206.0,N_756
2024-05-11 14:59:36,42.3596,17.752747,46.75565,39.8035,844.9583,-0.016474746,-4297.773683119316,206.0,N_756
2024-05-11 14:59:37,42.420544,17.75206,46.811604,39.78252,844.9583,-0.016928673,-4426.377936475106,206.0,N_756
2024-05-11 14:59:38,42.481483,17.751373,46.867558,39.754543,844.9565,-0.016930468,-4552.769954933521,206.0,N_756
2024-05-11 14:59:39,42.54241,17.750687,46.923508,39.73356,844.9565,-0.01708055,-4682.345025465351,206.0,N_756
2024-05-11 14:59:40,42.603333,17.75,46.97946,39.705585,844.9565,-0.017384678,-4811.647302075844,206.0,N_756
2024-05-11 14:59:41,42.664246,17.749313,47.035416,39.6846,844.9565,-0.017386649,-4953.706086806698,206.0,N_756
2024-05-11 14:59:42,42.72515,17.748627,47.098362,39.66362,844.9565,-0.01738711,-5084.633422428068,206.0,N_756
2024-05-11 14:59:43,42.786045,17.74794,47.154316,39.642635,844.9565,-0.017540434,-5217.180592053718,206.0,N_756
2024-05-11 14:59:44,42.84693,17.747253,47.21027,39.614662,844.9565,-0.017539639,-5347.438582578387,206.0,N_756
2024-05-11 14:59:45,42.907814,17.746567,47.26622,39.593678,844.9565,-0.017853003,-5492.816184180359,206.0,N_756
2024-05-11 14:59:46,42.96868,17.74588,47.329166,39.572697,844.9565,-0.018309034,-5632.386406735481,206.0,N_756
2024-05-11 14:59:47,43.029545,17.745209,47.38512,39.54472,844.9565,-0.018311346,-5767.580651491494,206.0,N_756
2024-05-11 14:59:48,43.0904,17.744522,47.441074,39.52374,844.9565,-0.018631125,-5907.228056357496,206.0,N_756
2024-05-11 14:59:49,43.151245,17.743835,47.49703,39.49576,844.9565,-0.018777553,-6045.393370581128,206.0,N_756
2024-05-11 14:59:50,43.212082,17.743164,47.55298,39.474777,844.9565,-0.019252963,-6189.096578698447,206.0,N_756
2024-05-11 14:59:51,43.27291,17.742477,47.608932,39.4468,844.9565,-0.019271964,-6345.000007982544,206.0,N_756
2024-05-11 14:59:52,43.333733,17.741806,47.67188,39.42582,844.95465,-0.019578006,-6489.90844041051,206.0,N_756
2024-05-11 14:59:53,43.394547,17.74112,47.727833,39.40484,844.9583,-0.019730693,-6633.780131220119,206.0,N_756
2024-05-11 14:59:54,43.45535,17.740448,47.783787,39.383854,844.9602,-0.02003888,-6782.578471739305,206.0,N_756
2024-05-11 14:59:55,43.516144,17.739761,47.839737,39.355877,844.94727,-0.020194717,-6947.749823007503,206.0,N_756
2024-05-11 14:59:56,43.576935,17.73909,47.902687,39.327904,844.9435,-0.020501956,-7114.449125947176,206.0,N_756
2024-05-11 14:59:57,43.63771,17.738419,47.965633,39.30692,844.9935,-0.020967932,-7271.306499567454,206.0,N_756
2024-05-11 14:59:58,43.698483,17.737732,48.021584,39.278942,845.0842,-0.021116385,-7424.40625565173,206.0,N_756
2024-05-11 14:59:59,43.759247,17.73706,48.077538,39.25796,845.1546,-0.021587335,-7567.483990072669,206.0,N_756
2024-05-11 15:00:00,43.82,17.73639,48.126495,39.229984,845.1639,-0.021609003,-7738.079296664845,206.0,N_756
2024-05-11 15:00:01,43.880745,17.735733,48.189445,39.209003,845.15094,-0.021627543,-7896.0498939661675,206.0,N_756
2024-05-11 15:00:02,43.941483,17.735077,48.245396,39.18802,845.1473,-0.021943491,-8070.651460315479,206.0,N_756
2024-05-11 15:00:03,44.002213,17.73442,48.308346,39.167038,845.15094,-0.022252787,-8235.842911369064,206.0,N_756
2024-05-11 15:00:04,44.062935,17.733765,48.364296,39.13906,845.15283,-0.022879127,-8382.993943530284,206.0,N_756
2024-05-11 15:00:05,44.123646,17.733109,48.413254,39.11808,845.15094,-0.023063144,-8549.458168895706,206.0,N_756
2024-05-11 15:00:06,44.18435,17.732452,48.469208,39.090103,845.15094,-0.023542246,-8735.867303309973,206.0,N_756
2024-05-11 15:00:07,44.245045,17.731796,48.532154,39.06912,845.15094,-0.023853028,-8911.492983658027,206.0,N_756
2024-05-11 15:00:08,44.305733,17.73114,48.588108,39.04114,845.15094,-0.024173759,-9102.409531368761,206.0,N_756
2024-05-11 15:00:09,44.366413,17.730484,48.651054,39.02016,845.15094,-0.024809256,-9284.266607630008,206.0,N_756
2024-05-11 15:00:10,44.427082,17.729828,48.70701,38.992184,845.15094,-0.02527543,-9463.92217956671,206.0,N_756
2024-05-11 15:00:11,44.487747,17.729172,48.762962,38.971203,845.15094,-0.025741603,-9649.83561545346,206.0,N_756
2024-05-11 15:00:12,44.5484,17.728516,48.818913,38.943226,845.15094,-0.026217379,-9858.718764318779,206.0,N_756
2024-05-11 15:00:13,44.609047,17.72786,48.881863,38.91525,845.15094,-0.026693156,-10049.42718410776,206.0,N_756
2024-05-11 15:00:14,44.669685,17.727203,48.937813,38.894268,845.15094,-0.026699562,-10241.568114854792,206.0,N_756
2024-05-11 15:00:15,44.730312,17.726547,48.993767,38.86629,845.15094,-0.027166089,-10433.290201564952,206.0,N_756
2024-05-11 15:00:16,44.790936,17.725891,49.04972,38.845306,845.15094,-0.027481403,-10630.513064456414,206.0,N_756
2024-05-11 15:00:17,44.851547,17.725235,49.105675,38.817333,845.15094,-0.027935077,-10831.060841891202,206.0,N_756
2024-05-11 15:00:18,44.91215,17.724579,49.161625,38.789356,845.15094,-0.028576253,-11053.436530029052,206.0,N_756
2024-05-11 15:00:19,44.972748,17.723923,49.22457,38.76837,845.15094,-0.029747348,-11289.56313366133,206.0,N_756
2024-05-11 15:00:20,45.033333,17.723267,49.28752,38.740395,845.15094,-0.030918444,-11484.002393445133,206.0,N_756
2024-05-11 15:00:21,45.093914,17.72261,49.33648,38.719414,845.14905,-0.0312574,-11703.84175732058,206.0,N_756
2024-05-11 15:00:22,45.154484,17.721954,49.392433,38.691437,845.15094,-0.03159635,-11947.813494655997,206.0,N_756
2024-05-11 15:00:23,45.215046,17.721313,49.45538,38.670456,845.1546,-0.031378593,-12195.740416728928,206.0,N_756
2024-05-11 15:00:24,45.2756,17.720657,49.518326,38.64248,845.15094,-0.031160835,-12419.268976937554,206.0,N_756
2024-05-11 15:00:25,45.336147,17.720001,49.57428,38.614502,845.1361,-0.03135696,-12619.002968108309,206.0,N_756
2024-05-11 15:00:26,45.396683,17.719345,49.623238,38.586525,845.1546,-0.033207476,-12847.290659046877,206.0,N_756
2024-05-11 15:00:27,45.457214,17.718689,49.67919,38.565544,845.2306,-0.034109663,-13087.649079486582,206.0,N_756
2024-05-11 15:00:28,45.517735,17.718033,49.73514,38.537567,845.3195,-0.034771077,-13354.306699914461,206.0,N_756
2024-05-11 15:00:29,45.578247,17.717392,49.79809,38.516586,845.36017,-0.035691064,-13633.531427170656,206.0,N_756
2024-05-11 15:00:30,45.638752,17.716736,49.86104,38.48861,845.3528,-0.036870703,-13894.255977560813,206.0,N_756
2024-05-11 15:00:31,45.699245,17.71608,49.91699,38.460632,845.3417,-0.037586115,-14157.643294855563,206.0,N_756
2024-05-11 15:00:32,45.759735,17.715424,49.972942,38.432655,845.34357,-0.037752826,-14416.959082721878,206.0,N_756
2024-05-11 15:00:33,45.820213,17.714783,50.028896,38.411674,845.3472,-0.038098548,-14711.621118741194,206.0,N_756
2024-05-11 15:00:34,45.880684,17.714127,50.091843,38.383698,845.3454,-0.03856966,-14978.140310172663,206.0,N_756
2024-05-11 15:00:35,45.941147,17.71347,50.147797,38.362713,845.3454,-0.039040774,-15250.54889662629,206.0,N_756
2024-05-11 15:00:36,46.001602,17.712814,50.20375,38.334736,845.3454,-0.03920678,-15524.376145741482,206.0,N_756
2024-05-11 15:00:37,46.062046,17.712173,50.2597,38.306763,845.3454,-0.039372783,-15799.27870616812,206.0,N_756
2024-05-11 15:00:38,46.122482,17.711517,50.315655,38.278786,845.3454,-0.039762765,-16076.703720489748,206.0,N_756
2024-05-11 15:00:39,46.182915,17.710861,50.37161,38.25081,845.3454,-0.040152747,-16351.257093701784,206.0,N_756
2024-05-11 15:00:40,46.243336,17.71022,50.42756,38.229828,845.3454,-0.040157754,-16630.825134018673,206.0,N_756
2024-05-11 15:00:41,46.303745,17.709564,50.483513,38.20185,845.3454,-0.040162485,-16910.777669441646,206.0,N_756
2024-05-11 15:00:42,46.36415,17.708908,50.539467,38.173874,845.3454,-0.04111254,-17227.53955294672,206.0,N_756
2024-05-11 15:00:43,46.424545,17.708267,50.602413,38.145897,845.3454,-0.041903265,-17515.24703271276,206.0,N_756
2024-05-11 15:00:44,46.484936,17.707611,50.658367,38.124916,845.3454,-0.042389363,-17809.258950604886,206.0,N_756
2024-05-11 15:00:45,46.545315,17.706955,50.714317,38.09694,845.3454,-0.041922852,-18095.05877692494,206.0,N_756
2024-05-11 15:00:46,46.605682,17.706314,50.77027,38.075954,845.3454,-0.041488286,-18383.144437900664,206.0,N_756
2024-05-11 15:00:47,46.666046,17.705658,50.826225,38.047977,845.3454,-0.041664522,-18703.78747560894,206.0,N_756
2024-05-11 15:00:48,46.726402,17.705002,50.88917,38.020004,845.3454,-0.04214759,-18998.49536794758,206.0,N_756
2024-05-11 15:00:49,46.786747,17.704361,50.945126,37.992027,845.34357,-0.042349078,-19292.488960777122,206.0,N_756
2024-05-11 15:00:50,46.847084,17.703705,51.00108,37.96405,845.3491,-0.042362656,-19586.524303666036,206.0,N_756
2024-05-11 15:00:51,46.907413,17.703064,51.05703,37.936073,845.35095,-0.041915677,-19877.628458901017,206.0,N_756
2024-05-11 15:00:52,46.967735,17.702408,51.112984,37.908096,845.3343,-0.04223971,-20202.324479006733,206.0,N_756
2024-05-11 15:00:53,47.028046,17.701767,51.17593,37.88012,845.32874,-0.04112852,-20516.139480339207,206.0,N_756
2024-05-11 15:00:54,47.088352,17.70111,51.238876,37.85914,845.39355,-0.038517486,-20758.18364943815,206.0,N_756
2024-05-11 15:00:55,47.148647,17.70047,51.287838,37.83116,845.5028,-0.037744153,-21019.936321502995,206.0,N_756
2024-05-11 15:00:56,47.208935,17.699814,51.34379,37.803185,845.5658,-0.03744894,-21281.749200645492,206.0,N_756
2024-05-11 15:00:57,47.269215,17.699158,51.399742,37.775208,845.56024,-0.03730172,-21570.413991294998,206.0,N_756
2024-05-11 15:00:58,47.329483,17.698517,51.46269,37.74723,845.53986,-0.038450066,-21840.695818344328,206.0,N_756
2024-05-11 15:00:59,47.389748,17.69786,51.518642,37.719257,845.53613,-0.038457643,-22137.711895790973,206.0,N_756
2024-05-11 15:01:00,47.45,17.69722,51.58159,37.69128,845.53986,-0.03940669,-22414.176488053985,206.0,N_756
2024-05-11 15:01:01,47.51033,17.696594,51.637543,37.663303,845.5417,-0.04080559,-22697.73723516689,206.0,N_756
2024-05-11 15:01:02,47.570644,17.695969,51.693497,37.635326,845.53986,-0.042204488,-22959.20782273909,206.0,N_756
2024-05-11 15:01:03,47.63095,17.695343,51.742455,37.60735,845.53986,-0.042218093,-23249.925440796964,206.0,N_756
2024-05-11 15:01:04,47.691246,17.694702,51.79841,37.579372,845.53986,-0.045051,-23594.723774499053,206.0,N_756
2024-05-11 15:01:05,47.75153,17.694077,51.861355,37.551395,845.53986,-0.045062818,-23936.497032686737,206.0,N_756
2024-05-11 15:01:06,47.811802,17.69345,51.9243,37.530415,845.53986,-0.04599389,-24255.339759204617,206.0,N_756
2024-05-11 15:01:07,47.872063,17.69281,51.980255,37.502438,845.53986,-0.046007715,-24572.604277993712,206.0,N_756
2024-05-11 15:01:08,47.932312,17.692184,52.036205,37.47446,845.53986,-0.045539286,-24886.80202036813,206.0,N_756
2024-05-11 15:01:09,47.99255,17.691559,52.09216,37.446484,845.53986,-0.045315504,-25199.50751607775,206.0,N_756
2024-05-11 15:01:10,48.052776,17.690918,52.148113,37.41851,845.53986,-0.04509172,-25510.72670097998,206.0,N_756
2024-05-11 15:01:11,48.112995,17.690292,52.204067,37.390533,845.53986,-0.04510464,-25855.711777679462,206.0,N_756
2024-05-11 15:01:12,48.1732,17.689651,52.267014,37.362556,845.53986,-0.043715216,-26159.87544089289,206.0,N_756
2024-05-11 15:01:13,48.233395,17.689026,52.322964,37.33458,845.53986,-0.043727122,-26462.10818783094,206.0,N_756
2024-05-11 15:01:14,48.29358,17.688385,52.378918,37.306602,845.53986,-0.040432308,-26742.85630848145,206.0,N_756
2024-05-11 15:01:15,48.35375,17.687744,52.43487,37.278625,845.5436,-0.040442128,-27023.639773339466,206.0,N_756
2024-05-11 15:01:16,48.41391,17.687119,52.490826,37.25065,845.54724,-0.039024226,-27295.144667047764,206.0,N_756
2024-05-11 15:01:17,48.47406,17.686478,52.546776,37.222675,845.538,-0.039030414,-27595.871823240755,206.0,N_756
2024-05-11 15:01:18,48.5342,17.685837,52.609722,37.1947,845.5195,-0.04049221,-27878.88478956247,206.0,N_756
2024-05-11 15:01:19,48.594326,17.685211,52.665676,37.16672,845.5454,-0.04098949,-28163.11276284489,206.0,N_756
2024-05-11 15:01:20,48.654446,17.68457,52.72163,37.138744,845.64545,-0.041486762,-28450.547948224572,206.0,N_756
2024-05-11 15:01:21,48.71455,17.68393,52.777584,37.110767,845.738,-0.04149399,-28737.98402395,206.0,N_756
2024-05-11 15:01:22,48.774643,17.683289,52.833534,37.08279,845.7528,-0.041965898,-29034.84342548959,206.0,N_756
2024-05-11 15:01:23,48.83473,17.682648,52.88949,37.04782,845.7343,-0.04197588,-29325.749274724472,206.0,N_756
2024-05-11 15:01:24,48.8948,17.682007,52.945442,37.019844,845.73065,-0.043396477,-29657.972753659422,206.0,N_756
2024-05-11 15:01:25,48.95486,17.681366,53.00839,36.991867,845.7343,-0.043405373,-29992.22118440549,206.0,N_756
2024-05-11 15:01:26,49.01491,17.680725,53.071335,36.96389,845.7362,-0.04435499,-30300.11827103698,206.0,N_756
2024-05-11 15:01:27,49.07495,17.680084,53.12729,36.935913,845.7362,-0.044365946,-30573.170958238534,206.0,N_756
2024-05-11 15:01:28,49.13498,17.679443,53.176247,36.90794,845.7343,-0.045298636,-30883.16359844377,206.0,N_756
2024-05-11 15:01:29,49.194996,17.678802,53.2322,36.879963,845.7343,-0.045309957,-31235.195276188173,206.0,N_756
2024-05-11 15:01:30,49.255,17.678162,53.295147,36.84499,845.7343,-0.046701472,-31558.59404720008,206.0,N_756
2024-05-11 15:01:31,49.314995,17.67752,53.3511,36.817017,845.7343,-0.046868734,-31915.793814266723,206.0,N_756
2024-05-11 15:01:32,49.374977,17.67688,53.414047,36.78904,845.7343,-0.046878938,-32205.12705568751,206.0,N_756
2024-05-11 15:01:33,49.434948,17.676224,53.463005,36.761063,845.7343,-0.04685972,-32525.104569065516,206.0,N_756
2024-05-11 15:01:34,49.49491,17.675583,53.51896,36.733086,845.7343,-0.046729594,-32846.193528742406,206.0,N_756
2024-05-11 15:01:35,49.55486,17.674942,53.574913,36.70511,845.7343,-0.046506256,-33172.60706512295,206.0,N_756
2024-05-11 15:01:36,49.6148,17.674286,53.630863,36.67014,845.7343,-0.046282917,-33491.10261737992,206.0,N_756
2024-05-11 15:01:37,49.67473,17.673645,53.686817,36.642162,845.7324,-0.047569465,-33817.549897459896,206.0,N_756
2024-05-11 15:01:38,49.734642,17.673004,53.74277,36.614185,845.7343,-0.048686344,-34187.71666321634,206.0,N_756
2024-05-11 15:01:39,49.794548,17.672348,53.805717,36.58621,845.73987,-0.049171314,-34563.350341305355,206.0,N_756
2024-05-11 15:01:40,49.854443,17.671707,53.868664,36.55823,845.7343,-0.04981385,-34913.469239091064,206.0,N_756
2024-05-11 15:01:41,49.914326,17.671051,53.924618,36.523262,845.7158,-0.049667854,-35216.88702779041,206.0,N_756
2024-05-11 15:01:42,49.9742,17.670395,53.973576,36.495285,845.73987,-0.049521856,-35553.85491108917,206.0,N_756
2024-05-11 15:01:43,50.03406,17.669754,54.02953,36.467308,845.838,-0.04937586,-35898.92778743642,206.0,N_756
2024-05-11 15:01:44,50.09391,17.669098,54.085484,36.43234,845.9343,-0.0487294,-36233.02385234769,206.0,N_756
2024-05-11 15:01:45,50.153748,17.668457,54.141434,36.40436,845.95844,-0.048888933,-36574.75997635988,206.0,N_756
2024-05-11 15:01:46,50.213577,17.6678,54.197388,36.369392,845.93805,-0.050152358,-36955.67298503864,206.0,N_756
2024-05-11 15:01:47,50.273396,17.667145,54.260334,36.341415,845.92505,-0.05237605,-37354.26170589866,206.0,N_756
2024-05-11 15:01:48,50.3332,17.666489,54.32328,36.31344,845.92694,-0.053489003,-37728.31861640864,206.0,N_756
2024-05-11 15:01:49,50.392994,17.665833,54.379234,36.27847,845.9306,-0.05428985,-38057.97083942173,206.0,N_756
2024-05-11 15:01:50,50.452778,17.665192,54.428192,36.250492,845.9306,-0.055720557,-38476.72784915943,206.0,N_756
2024-05-11 15:01:51,50.51255,17.664536,54.491142,36.222515,845.9288,-0.05776827,-38878.956161199305,206.0,N_756
2024-05-11 15:01:52,50.57231,17.66388,54.547092,36.187546,845.9288,-0.05825313,-39318.3052069172,206.0,N_756
2024-05-11 15:01:53,50.63206,17.663223,54.61004,36.15957,845.9288,-0.057336163,-39666.90587433981,206.0,N_756
2024-05-11 15:01:54,50.6918,17.662567,54.659,36.13159,845.9288,-0.058465205,-40061.436326779134,206.0,N_756
2024-05-11 15:01:55,50.751526,17.661911,54.71495,36.103615,845.9288,-0.059235815,-40514.84963296963,206.0,N_756
2024-05-11 15:01:56,50.811245,17.661255,54.7779,36.068645,845.9288,-0.058476124,-40913.70400099125,206.0,N_756
2024-05-11 15:01:57,50.87095,17.660599,54.83385,36.04067,845.9288,-0.05833347,-41317.340670236634,206.0,N_756
2024-05-11 15:01:58,50.930645,17.659927,54.889805,36.0057,845.9306,-0.058190815,-41720.350037902186,206.0,N_756
2024-05-11 15:01:59,50.990326,17.659271,54.94576,35.970726,845.9288,-0.059632145,-42124.594725227085,206.0,N_756
2024-05-11 15:02:00,51.05,17.658615,55.00171,35.94275,845.9288,-0.058691386,-42566.473967990736,206.0,N_756
2024-05-11 15:02:01,51.109577,17.657959,55.06466,35.914776,845.9306,-0.057453252,-42965.9963939371,206.0,N_756
2024-05-11 15:02:02,51.169147,17.657288,55.12061,35.879803,845.9343,-0.055724625,-43352.42876389338,206.0,N_756
2024-05-11 15:02:03,51.22871,17.656631,55.176563,35.844833,845.9288,-0.054630082,-43683.4230320997,206.0,N_756
2024-05-11 15:02:04,51.288265,17.65596,55.22552,35.816856,845.91394,-0.052736223,-44040.45532449923,206.0,N_756
2024-05-11 15:02:05,51.347813,17.655304,55.281475,35.78888,845.9325,-0.051799957,-44400.38936865135,206.0,N_756
2024-05-11 15:02:06,51.40735,17.654633,55.33743,35.75391,846.01025,-0.05276724,-44767.037778093836,206.0,N_756
2024-05-11 15:02:07,51.466877,17.653976,55.393383,35.71894,846.0992,-0.0526166,-45165.105061322975,206.0,N_756
2024-05-11 15:02:08,51.526398,17.653305,55.45633,35.690964,846.13806,-0.052474666,-45570.05220415327,206.0,N_756
2024-05-11 15:02:09,51.58591,17.652634,55.519276,35.65599,846.1306,-0.052794725,-45931.59856074269,206.0,N_756
2024-05-11 15:02:10,51.645416,17.651978,55.57523,35.628017,846.11957,-0.05262741,-46296.69756056416,206.0,N_756
2024-05-11 15:02:11,51.704914,17.651306,55.63118,35.593044,846.1232,-0.053276554,-46666.41827983663,206.0,N_756
2024-05-11 15:02:12,51.7644,17.650635,55.687134,35.558075,846.12506,-0.05313636,-46988.46481999796,206.0,N_756
2024-05-11 15:02:13,51.82388,17.649963,55.73609,35.530098,846.12506,-0.052994795,-47353.87150345147,206.0,N_756
2024-05-11 15:02:14,51.88335,17.649307,55.792046,35.49513,846.1232,-0.052693956,-47719.58798282192,206.0,N_756
2024-05-11 15:02:15,51.942814,17.648636,55.848,35.460155,846.1232,-0.053016312,-48120.278580137485,206.0,N_756
2024-05-11 15:02:16,52.002266,17.647964,55.910946,35.432182,846.12506,-0.053326093,-48531.073271381545,206.0,N_756
2024-05-11 15:02:17,52.061714,17.647293,55.973892,35.39721,846.12506,-0.053814664,-48898.924071685855,206.0,N_756
2024-05-11 15:02:18,52.12115,17.646622,56.029846,35.369232,846.1232,-0.054464366,-49275.716106448424,206.0,N_756
2024-05-11 15:02:19,52.18058,17.64595,56.0858,35.334263,846.1232,-0.05463276,-49653.91115011902,206.0,N_756
2024-05-11 15:02:20,52.24,17.645279,56.14175,35.299294,846.12506,-0.055282664,-49987.92176699983,206.0,N_756
2024-05-11 15:02:21,52.29941,17.644608,56.190712,35.271317,846.12506,-0.054656576,-50363.82715791972,206.0,N_756
2024-05-11 15:02:22,52.358818,17.643936,56.246662,35.236343,846.1232,-0.05496041,-50784.70468184436,206.0,N_756
2024-05-11 15:02:23,52.418213,17.643265,56.30961,35.201374,846.1232,-0.054019958,-51194.37203978386,206.0,N_756
2024-05-11 15:02:24,52.4776,17.642593,56.37256,35.173397,846.12506,-0.053079505,-51563.633751623776,206.0,N_756
2024-05-11 15:02:25,52.53698,17.641922,56.42851,35.138428,846.1306,-0.05196367,-51931.870869866994,206.0,N_756
2024-05-11 15:02:26,52.59635,17.64125,56.484463,35.096462,846.1306,-0.050543208,-52276.62924641183,206.0,N_756
2024-05-11 15:02:27,52.655712,17.640564,56.540417,35.068485,846.1121,-0.050233595,-52625.01228857062,206.0,N_756
2024-05-11 15:02:28,52.715065,17.639893,56.59637,35.033516,846.10657,-0.049923982,-52971.65178844155,206.0,N_756
2024-05-11 15:02:29,52.774414,17.639221,56.65232,34.998547,846.1733,-0.04961437,-53272.84722331823,206.0,N_756
2024-05-11 15:02:30,52.83375,17.63855,56.70128,34.97057,846.28436,-0.049304757,-53649.532818667096,206.0,N_756
2024-05-11 15:02:31,52.893078,17.637863,56.76423,34.9356,846.3381,-0.048995145,-54028.19112863149,206.0,N_756
2024-05-11 15:02:32,52.9524,17.637192,56.827175,34.900627,846.32697,-0.04868553,-54368.4457679774,206.0,N_756
2024-05-11 15:02:33,53.01171,17.63652,56.88313,34.865658,846.314,-0.048375916,-54704.62151103531,206.0,N_756
2024-05-11 15:02:34,53.07102,17.635834,56.93908,34.83069,846.31586,-0.048066303,-55038.72954472095,206.0,N_756
2024-05-11 15:02:35,53.130314,17.635162,56.995033,34.795715,846.32135,-0.04775669,-55370.74617695377,206.0,N_756
2024-05-11 15:02:36,53.1896,17.634476,57.050987,34.760746,846.3196,-0.047447078,-55700.65506874321,206.0,N_756
2024-05-11 15:02:37,53.24888,17.633804,57.106937,34.725777,846.3196,-0.047137465,-56028.49764146202,206.0,N_756
2024-05-11 15:02:38,53.30815,17.633118,57.16289,34.690804,846.3177,-0.046827853,-56348.47076872205,206.0,N_756
2024-05-11 15:02:39,53.367413,17.632446,57.218845,34.662827,846.3196,-0.04651824,-56645.38180600481,206.0,N_756
2024-05-11 15:02:40,53.426666,17.63176,57.267803,34.620865,846.3196,-0.046208628,-56965.3737029669,206.0,N_756
2024-05-11 15:02:41,53.485912,17.631073,57.323757,34.58589,846.3196,-0.045899015,-57313.895283997284,206.0,N_756
2024-05-11 15:02:42,53.54515,17.630402,57.386703,34.557915,846.3196,-0.0455894,-57666.73651690098,206.0,N_756
2024-05-11 15:02:43,53.604378,17.629715,57.44965,34.522945,846.3196,-0.045279786,-57984.02128191131,206.0,N_756
2024-05-11 15:02:44,53.6636,17.629028,57.505604,34.487976,846.3177,-0.044970173,-58264.28511604493,206.0,N_756
2024-05-11 15:02:45,53.722813,17.628357,57.55456,34.453003,846.3196,-0.04466056,-58573.480357599256,206.0,N_756
2024-05-11 15:02:46,53.782017,17.62767,57.610516,34.418034,846.32513,-0.04435095,-58915.49326002289,206.0,N_756
2024-05-11 15:02:47,53.841213,17.626984,57.673462,34.383064,846.32513,-0.044041336,-59224.44936059687,206.0,N_756
2024-05-11 15:02:48,53.900402,17.626297,57.729416,34.34809,846.3066,-0.043731723,-59535.63560940011,206.0,N_756
2024-05-11 15:02:49,53.95958,17.62561,57.78537,34.30613,846.301,-0.04342211,-59806.964425271704,206.0,N_756
2024-05-11 15:02:50,54.01875,17.624939,57.834328,34.271156,846.3677,-0.043112498,-60105.75671090282,206.0,N_756
2024-05-11 15:02:51,54.07791,17.624252,57.89028,34.236187,846.4788,-0.042802885,-60404.41474382078,206.0,N_756
2024-05-11 15:02:52,54.137066,17.623566,57.94623,34.201218,846.53436,-0.04249327,-60732.59715410893,206.0,N_756
2024-05-11 15:02:53,54.196213,17.622879,58.00918,34.166245,846.52325,-0.042183656,-61060.447023005276,206.0,N_756
2024-05-11 15:02:54,54.255352,17.622192,58.07213,34.131275,846.50665,-0.041874044,-61360.72846207087,206.0,N_756
2024-05-11 15:02:55,54.31448,17.621506,58.12808,34.08931,846.5084,-0.04156443,-61651.44813358077,206.0,N_756
2024-05-11 15:02:56,54.3736,17.62082,58.184032,34.05434,846.514,-0.04125482,-61939.72568307245,206.0,N_756
2024-05-11 15:02:57,54.432713,17.620117,58.239986,34.01937,846.514,-0.040945206,-62225.91412877837,206.0,N_756
2024-05-11 15:02:58,54.491817,17.61943,58.295937,33.984398,846.514,-0.040635593,-62510.04053273854,206.0,N_756
2024-05-11 15:02:59,54.550915,17.618744,58.35189,33.94943,846.514,-0.04032598,-62762.44002885719,206.0,N_756
2024-05-11 15:03:00,54.61,17.618057,58.40085,33.91446,846.514,-0.040016368,-63046.01335795868,206.0,N_756
2024-05-11 15:03:01,54.66908,17.61737,58.456802,33.872494,846.514,-0.039706755,-63324.2915320855,206.0,N_756
2024-05-11 15:03:02,54.72815,17.616684,58.512756,33.837524,846.514,-0.03939714,-63629.45972139046,206.0,N_756
2024-05-11 15:03:03,54.787212,17.616013,58.575703,33.80255,846.514,-0.039087527,-63910.54503315139,206.0,N_756
2024-05-11 15:03:04,54.846268,17.615326,58.631657,33.760586,846.514,-0.038777914,-64211.47694043329,206.0,N_756
2024-05-11 15:03:05,54.90531,17.61464,58.694603,33.725616,846.5122,-0.0384683,-64483.04677880511,206.0,N_756
2024-05-11 15:03:06,54.96435,17.613953,58.750557,33.690647,846.5122,-0.03815869,-64755.76735512565,206.0,N_756
2024-05-11 15:03:07,55.02338,17.613266,58.806507,33.64868,846.5177,-0.037849076,-65021.60779282033,206.0,N_756
2024-05-11 15:03:08,55.0824,17.61258,58.86246,33.613712,846.5177,-0.03734459,-65256.23381112761,206.0,N_756
2024-05-11 15:03:09,55.141415,17.611877,58.91142,33.57874,846.50104,-0.041383654,-65542.83499168392,206.0,N_756
2024-05-11 15:03:10,55.200417,17.61119,58.967373,33.54377,846.4955,-0.041225053,-65835.84916449123,206.0,N_756
2024-05-11 15:03:11,55.259415,17.610504,59.023327,33.501804,846.5622,-0.04290121,-66134.62093174292,206.0,N_756
2024-05-11 15:03:12,55.3184,17.609818,59.07928,33.466835,846.67334,-0.04155888,-66429.72827446587,206.0,N_756
2024-05-11 15:03:13,55.37738,17.609116,59.13523,33.42487,846.7288,-0.043062884,-66761.575278907,206.0,N_756
2024-05-11 15:03:14,55.43635,17.608429,59.198177,33.3899,846.7178,-0.043405358,-67070.85264980573,206.0,N_756
2024-05-11 15:03:15,55.49531,17.607742,59.25413,33.347935,846.70105,-0.0470843,-67369.09569921638,206.0,N_756
2024-05-11 15:03:16,55.554268,17.60704,59.30309,33.30597,846.70294,-0.04376565,-67671.34863581636,206.0,N_756
2024-05-11 15:03:17,55.613213,17.606354,59.359043,33.271,846.7085,-0.04523034,-68023.818896094,206.0,N_756
2024-05-11 15:03:18,55.67215,17.605652,59.42199,33.229034,846.7103,-0.04456516,-68335.10404767678,206.0,N_756
2024-05-11 15:03:19,55.73108,17.604965,59.477943,33.194065,846.7085,-0.04494359,-68652.37769027876,206.0,N_756
2024-05-11 15:03:20,55.79,17.604263,59.533897,33.1521,846.7085,-0.044969186,-68964.26369372923,206.0,N_756
2024-05-11 15:03:21,55.84891,17.603561,59.58985,33.11713,846.7085,-0.045292675,-69283.71709610225,206.0,N_756
2024-05-11 15:03:22,55.907818,17.60286,59.6458,33.075165,846.7085,-0.04561617,-69599.74147639892,206.0,N_756
2024-05-11 15:03:23,55.966713,17.602173,59.701756,33.04019,846.7085,-0.045939658,-69923.39156806884,206.0,N_756
2024-05-11 15:03:24,56.0256,17.60147,59.75771,32.99823,846.7066,-0.044801254,-70239.73674957435,206.0,N_756
2024-05-11 15:03:25,56.08448,17.600769,59.81366,32.956264,846.7066,-0.0472939,-70566.58094264833,206.0,N_756
2024-05-11 15:03:26,56.14335,17.600067,59.869614,32.921295,846.71216,-0.04290078,-70869.78822581508,206.0,N_756
2024-05-11 15:03:27,56.202213,17.599365,59.925568,32.87933,846.71216,-0.045745604,-71186.42204286664,206.0,N_756
2024-05-11 15:03:28,56.261066,17.598663,59.98152,32.844357,846.6955,-0.050131723,-71501.39423601009,206.0,N_756
2024-05-11 15:03:29,56.319912,17.597961,60.03048,32.802395,846.68994,-0.04942532,-71882.59147160109,206.0,N_756
2024-05-11 15:03:30,56.37875,17.59726,60.093426,32.76043,846.75665,-0.04857745,-72255.82721614356,206.0,N_756
2024-05-11 15:03:31,56.43758,17.596558,60.156372,32.72546,846.86774,-0.052702133,-72625.89321328398,206.0,N_756
2024-05-11 15:03:32,56.4964,17.595856,60.212326,32.683495,846.92334,-0.05269988,-72994.28995371494,206.0,N_756
2024-05-11 15:03:33,56.555214,17.595139,60.26828,32.64153,846.9122,-0.05269762,-73362.57538752293,206.0,N_756
2024-05-11 15:03:34,56.614017,17.594437,60.32423,32.599564,846.8955,-0.052024174,-73726.32594747205,206.0,N_756
2024-05-11 15:03:35,56.672813,17.593735,60.380184,32.5576,846.8974,-0.051029634,-74083.3854684515,206.0,N_756
2024-05-11 15:03:36,56.7316,17.593018,60.43614,32.515636,846.90295,-0.052974876,-74446.73866755296,206.0,N_756
2024-05-11 15:03:37,56.79038,17.592316,60.49209,32.480663,846.9048,-0.054292828,-74824.98176327591,206.0,N_756
2024-05-11 15:03:38,56.849148,17.591614,60.548042,32.4387,846.90295,-0.051770054,-75186.74737653304,206.0,N_756
2024-05-11 15:03:39,56.907913,17.590897,60.603996,32.396736,846.90295,-0.05494891,-75529.7067383981,206.0,N_756
2024-05-11 15:03:40,56.966667,17.590195,60.652954,32.35477,846.90295,-0.05397579,-75904.05074538791,206.0,N_756
2024-05-11 15:03:41,57.025414,17.589478,60.708908,32.312805,846.90295,-0.055550076,-76290.71364083483,206.0,N_756
2024-05-11 15:03:42,57.08415,17.58876,60.764862,32.27084,846.90295,-0.051020633,-76684.7863066953,206.0,N_756
2024-05-11 15:03:43,57.14288,17.588058,60.82781,32.228878,846.90295,-0.05172701,-77047.83308604245,206.0,N_756
2024-05-11 15:03:44,57.2016,17.587341,60.883762,32.186913,846.90295,-0.048496407,-77387.40556196799,206.0,N_756
2024-05-11 15:03:45,57.26031,17.586624,60.939713,32.144947,846.90106,-0.047807183,-77687.64487894236,206.0,N_756
2024-05-11 15:03:46,57.319016,17.585907,60.988674,32.10298,846.90106,-0.047034226,-78015.45145156908,206.0,N_756
2024-05-11 15:03:47,57.377712,17.58519,61.044624,32.061016,846.9066,-0.046261273,-78340.01071737327,206.0,N_756
2024-05-11 15:03:48,57.4364,17.584488,61.10058,32.019054,846.9066,-0.04586269,-78661.86401042172,206.0,N_756
2024-05-11 15:03:49,57.49508,17.58377,61.156532,31.977089,846.88995,-0.047271755,-79027.85656910205,206.0,N_756
2024-05-11 15:03:50,57.55375,17.583054,61.21948,31.935123,846.88446,-0.047652833,-79363.37195667099,206.0,N_756
2024-05-11 15:03:51,57.61241,17.582336,61.275433,31.893158,846.95105,-0.047964573,-79698.9338818391,206.0,N_756
2024-05-11 15:03:52,57.671066,17.581604,61.331383,31.851194,847.0622,-0.048013344,-80034.77058718396,206.0,N_756
2024-05-11 15:03:53,57.729713,17.580887,61.387337,31.809229,847.11774,-0.051374186,-80392.80950059963,206.0,N_756
2024-05-11 15:03:54,57.78835,17.58017,61.44329,31.767265,847.1066,-0.051347136,-80757.51138201938,206.0,N_756
2024-05-11 15:03:55,57.846977,17.579453,61.49924,31.718306,847.09,-0.054218408,-81134.60438868971,206.0,N_756
2024-05-11 15:03:56,57.905598,17.578735,61.555195,31.676342,847.0918,-0.052173484,-81497.72077411119,206.0,N_756
2024-05-11 15:03:57,57.96421,17.578003,61.61115,31.634377,847.09735,-0.05470411,-81884.83018527704,206.0,N_756
2024-05-11 15:03:58,58.022816,17.577286,61.667103,31.585419,847.09924,-0.0533375,-82255.84413339938,206.0,N_756
2024-05-11 15:03:59,58.081413,17.576553,61.723053,31.543453,847.09735,-0.052294113,-82619.53758601294,206.0,N_756
2024-05-11 15:04:00,58.14,17.575836,61.779007,31.501488,847.09735,-0.051250722,-82938.89011849975,206.0,N_756
2024-05-11 15:04:01,58.198578,17.575104,61.827965,31.459524,847.09735,-0.05206428,-83305.86830873736,206.0,N_756
2024-05-11 15:04:02,58.25715,17.574356,61.88392,31.410564,847.09735,-0.051838767,-83666.6972856372,206.0,N_756
2024-05-11 15:04:03,58.315712,17.573624,61.939873,31.3686,847.09735,-0.05143873,-84024.42903725144,206.0,N_756
2024-05-11 15:04:04,58.374268,17.572876,61.995823,31.326635,847.0956,-0.051038694,-84423.23164372392,206.0,N_756
2024-05-11 15:04:05,58.43281,17.572144,62.058773,31.277678,847.0956,-0.051110774,-84780.92479256597,206.0,N_756
2024-05-11 15:04:06,58.49135,17.571396,62.114723,31.235712,847.10114,-0.052771613,-85108.75622410062,206.0,N_756
2024-05-11 15:04:07,58.549877,17.570663,62.163685,31.193747,847.10297,-0.05225557,-85476.42711544877,206.0,N_756
2024-05-11 15:04:08,58.6084,17.569916,62.219635,31.144789,847.08624,-0.051739525,-85836.16418112007,206.0,N_756
2024-05-11 15:04:09,58.666912,17.569183,62.27559,31.102823,847.08075,-0.051223483,-86198.63343940006,206.0,N_756
2024-05-11 15:04:10,58.725414,17.568436,62.331543,31.053865,847.1474,-0.05039562,-86555.774996568,206.0,N_756
2024-05-11 15:04:11,58.783913,17.567703,62.387493,31.004906,847.2567,-0.05092266,-86909.89904935713,206.0,N_756
2024-05-11 15:04:12,58.8424,17.566956,62.443447,30.962942,847.31226,-0.050588172,-87298.85804788396,206.0,N_756
2024-05-11 15:04:13,58.90088,17.566223,62.506393,30.920977,847.30115,-0.05110119,-87662.03248299497,206.0,N_756
2024-05-11 15:04:14,58.95935,17.565475,62.562347,30.872019,847.2863,-0.05045822,-87975.96515087136,206.0,N_756
2024-05-11 15:04:15,59.01781,17.564728,62.611305,30.830053,847.2863,-0.046576183,-88304.70259706087,206.0,N_756
2024-05-11 15:04:16,59.076267,17.563995,62.66726,30.781096,847.2919,-0.046455517,-88634.8192174827,206.0,N_756
2024-05-11 15:04:17,59.134712,17.563248,62.723213,30.732136,847.2937,-0.048544534,-88972.83154958123,206.0,N_756
2024-05-11 15:04:18,59.19315,17.5625,62.779167,30.690172,847.2919,-0.047120225,-89273.10550724097,206.0,N_756
2024-05-11 15:04:19,59.25158,17.561768,62.828125,30.641212,847.2919,-0.045695916,-89595.95630938282,206.0,N_756
2024-05-11 15:04:20,59.309998,17.56102,62.88408,30.592255,847.2919,-0.041312486,-89921.3377420369,206.0,N_756
2024-05-11 15:04:21,59.368412,17.560272,62.947025,30.543295,847.2919,-0.04181792,-90252.31376994231,206.0,N_756
2024-05-11 15:04:22,59.426815,17.55954,63.00997,30.494337,847.2919,-0.040930495,-90546.7328995755,206.0,N_756
2024-05-11 15:04:23,59.48521,17.558792,63.065926,30.445377,847.2919,-0.041469246,-90807.3232194648,206.0,N_756
2024-05-11 15:04:24,59.5436,17.558044,63.114883,30.403412,847.2919,-0.040765814,-91096.31409364274,206.0,N_756
2024-05-11 15:04:25,59.60198,17.557297,63.170837,30.354454,847.29,-0.04020028,-91354.82582084203,206.0,N_756
2024-05-11 15:04:26,59.66035,17.556564,63.219795,30.305494,847.29,-0.039982896,-91638.78286596111,206.0,N_756
2024-05-11 15:04:27,59.71871,17.555817,63.27575,30.256536,847.29553,-0.041287024,-91933.30250416318,206.0,N_756
2024-05-11 15:04:28,59.777065,17.555069,63.3317,30.207577,847.2974,-0.040089384,-92214.92450414541,206.0,N_756
2024-05-11 15:04:29,59.83541,17.554321,63.387653,30.165613,847.28076,-0.03981852,-92533.08759681696,206.0,N_756
2024-05-11 15:04:30,59.89375,17.553574,63.4506,30.10966,847.2752,-0.040172767,-92822.18130406932,206.0,N_756
2024-05-11 15:04:31,59.95208,17.552826,63.506554,30.060701,847.34,-0.043117434,-93128.6594101319,206.0,N_756
2024-05-11 15:04:32,60.0104,17.552094,63.562508,30.011742,847.4493,-0.039874688,-93384.6404943354,206.0,N_756
2024-05-11 15:04:33,60.06871,17.551346,63.611465,29.962784,847.51227,-0.03820831,-93656.20545039751,206.0,N_756
2024-05-11 15:04:34,60.127014,17.550598,63.66742,29.913824,847.5067,-0.037321053,-93919.27198702085,206.0,N_756
2024-05-11 15:04:35,60.18531,17.54985,63.72337,29.87186,847.4863,-0.04024508,-94176.88744366223,206.0,N_756
2024-05-11 15:04:36,60.2436,17.549103,63.77233,29.8229,847.4826,-0.042941518,-94485.5580266749,206.0,N_756
2024-05-11 15:04:37,60.30188,17.548355,63.82828,29.766949,847.4863,-0.032461975,-94720.68061270859,206.0,N_756
2024-05-11 15:04:38,60.36015,17.547607,63.884235,29.717989,847.48816,-0.026080992,-94916.14356229609,206.0,N_756
2024-05-11 15:04:39,60.41841,17.54686,63.94019,29.662037,847.4863,-0.023956623,-95094.28780754334,206.0,N_756
2024-05-11 15:04:40,60.476665,17.546112,63.99614,29.613077,847.4863,-0.021479506,-95255.48551357884,206.0,N_756
2024-05-11 15:04:41,60.534912,17.545364,64.05209,29.56412,847.4863,-0.01731995,-95388.85483061979,206.0,N_756
2024-05-11 15:04:42,60.59315,17.544617,64.10805,29.51516,847.4863,-0.019390387,-95524.81494968996,206.0,N_756
2024-05-11 15:04:43,60.65138,17.543869,64.157005,29.459208,847.4863,-0.020629678,-95693.81477198238,206.0,N_756
2024-05-11 15:04:44,60.7096,17.543121,64.219955,29.410248,847.4863,-0.020630661,-95851.07209371957,206.0,N_756
2024-05-11 15:04:45,60.76781,17.542374,64.27591,29.36129,847.4863,-0.022386724,-96018.09400822986,206.0,N_756
2024-05-11 15:04:46,60.826015,17.541626,64.331856,29.31233,847.4863,-0.023537545,-96195.75697874752,206.0,N_756
2024-05-11 15:04:47,60.884212,17.540878,64.38781,29.256378,847.4863,-0.024688365,-96360.5636070784,206.0,N_756
2024-05-11 15:04:48,60.942398,17.54013,64.43677,29.207418,847.49,-0.02521811,-96547.64691009841,206.0,N_756
2024-05-11 15:04:49,61.00058,17.539368,64.49272,29.151466,847.4919,-0.024376994,-96728.13836432483,206.0,N_756
2024-05-11 15:04:50,61.05875,17.53862,64.548676,29.102507,847.47516,-0.023535877,-96905.5690607897,206.0,N_756
2024-05-11 15:04:51,61.116913,17.537872,64.60463,29.046555,847.4696,-0.022694763,-97074.75480956215,206.0,N_756
2024-05-11 15:04:52,61.175068,17.537125,64.66058,28.997595,847.5344,-0.021853646,-97240.65416955523,206.0,N_756
2024-05-11 15:04:53,61.23321,17.536377,64.71654,28.941643,847.64374,-0.022141766,-97406.06616355559,206.0,N_756
2024-05-11 15:04:54,61.291348,17.53563,64.77249,28.892685,847.70667,-0.02229482,-97574.83343114065,206.0,N_756
2024-05-11 15:04:55,61.34948,17.534866,64.82844,28.836731,847.703,-0.022447871,-97742.1933559054,206.0,N_756
2024-05-11 15:04:56,61.4076,17.534119,64.88439,28.787773,847.6807,-0.021563087,-97905.90897102175,206.0,N_756
2024-05-11 15:04:57,61.465714,17.533371,64.940346,28.73182,847.67706,-0.020138945,-98060.27357742788,206.0,N_756
2024-05-11 15:04:58,61.523815,17.532623,64.9963,28.675867,847.6807,-0.0210362,-98220.66647705485,206.0,N_756
2024-05-11 15:04:59,61.581913,17.53186,65.05225,28.619913,847.6826,-0.02183897,-98386.44279371397,206.0,N_756
2024-05-11 15:05:00,61.64,17.531113,65.10821,28.563961,847.6807,-0.022152321,-98538.53008025186,206.0,N_756
2024-05-11 15:05:01,61.698162,17.530441,65.157166,28.508007,847.6807,-0.0226534,-98705.11455228046,206.0,N_756
2024-05-11 15:05:02,61.75631,17.52977,65.21312,28.45905,847.6807,-0.021455914,-98867.79299063468,206.0,N_756
2024-05-11 15:05:03,61.81445,17.529099,65.26907,28.403095,847.6826,-0.017072158,-99001.10660646993,206.0,N_756
2024-05-11 15:05:04,61.872578,17.528427,65.32502,28.347143,847.6807,-0.019881146,-99139.23447297975,206.0,N_756
2024-05-11 15:05:05,61.930695,17.52774,65.373985,28.291191,847.67896,-0.01796199,-99276.603535791,206.0,N_756
2024-05-11 15:05:06,61.9888,17.527054,65.42993,28.235237,847.67896,-0.018277956,-99417.95100422719,206.0,N_756
2024-05-11 15:05:07,62.046894,17.526367,65.485886,28.179285,847.6845,-0.018678172,-99559.76739640119,206.0,N_756
2024-05-11 15:05:08,62.104977,17.52568,65.54184,28.130325,847.68634,-0.018343588,-99690.69279482223,206.0,N_756
2024-05-11 15:05:09,62.163048,17.524994,65.5908,28.067379,847.6697,-0.015154125,-99809.29426206513,206.0,N_756
2024-05-11 15:05:10,62.22111,17.524292,65.64675,28.011425,847.6641,-0.017153714,-99942.87644051357,206.0,N_756
2024-05-11 15:05:11,62.27916,17.52359,65.702705,27.955473,847.72894,-0.019153303,-100089.90759213739,206.0,N_756
2024-05-11 15:05:12,62.3372,17.522888,65.75866,27.899519,847.8382,-0.017353365,-100226.97067007107,206.0,N_756
2024-05-11 15:05:13,62.39523,17.522186,65.81461,27.836573,847.9012,-0.02163076,-100390.96247501193,206.0,N_756
2024-05-11 15:05:14,62.453243,17.521484,65.87057,27.78062,847.89746,-0.025908157,-100583.36590317344,206.0,N_756
2024-05-11 15:05:15,62.51125,17.520767,65.92651,27.724667,847.87524,-0.026302239,-100778.38092109971,206.0,N_756
2024-05-11 15:05:16,62.569244,17.52005,65.98247,27.668715,847.8715,-0.023693478,-100955.76037472446,206.0,N_756
2024-05-11 15:05:17,62.627228,17.519333,66.03842,27.61276,847.8771,-0.021355927,-101120.01797447543,206.0,N_756
2024-05-11 15:05:18,62.6852,17.518616,66.094376,27.549814,847.8771,-0.019018374,-101266.15441049823,206.0,N_756
2024-05-11 15:05:19,62.74316,17.517899,66.15033,27.493862,847.87524,-0.019710429,-101402.43753159221,206.0,N_756
2024-05-11 15:05:20,62.80111,17.517166,66.19929,27.437908,847.87524,-0.017387478,-101522.83901781114,206.0,N_756
2024-05-11 15:05:21,62.85905,17.516434,66.248245,27.381956,847.87524,-0.016930353,-101654.67492716736,206.0,N_756
2024-05-11 15:05:22,62.916977,17.515701,66.3042,27.319008,847.87524,-0.01647323,-101785.5423966013,206.0,N_756
2024-05-11 15:05:23,62.974895,17.514969,66.36015,27.256062,847.87524,-0.017537363,-101921.49440058354,206.0,N_756
2024-05-11 15:05:24,63.0328,17.514221,66.41611,27.20011,847.87524,-0.02024492,-102077.72239391805,206.0,N_756
2024-05-11 15:05:25,63.090694,17.513489,66.47206,27.137161,847.87524,-0.02239566,-102246.21170701651,206.0,N_756
2024-05-11 15:05:26,63.14858,17.512741,66.52801,27.08121,847.87524,-0.022895599,-102420.44345803774,206.0,N_756
2024-05-11 15:05:27,63.20645,17.511993,66.58396,27.018261,847.8771,-0.02163753,-102583.75032994249,206.0,N_756
2024-05-11 15:05:28,63.264313,17.511246,66.639915,26.962309,847.87524,-0.024198962,-102749.71490940163,206.0,N_756
2024-05-11 15:05:29,63.322163,17.510483,66.68887,26.899363,847.87524,-0.025484778,-102939.93441961957,206.0,N_756
2024-05-11 15:05:30,63.38,17.509735,66.74483,26.836414,847.87897,-0.02475596,-103126.96016616304,206.0,N_756
2024-05-11 15:05:31,63.437828,17.508972,66.80078,26.773468,847.87897,-0.024027143,-103308.94001950359,206.0,N_756
2024-05-11 15:05:32,63.495644,17.50821,66.856735,26.71052,847.8678,-0.026584312,-103486.03656443334,206.0,N_756
2024-05-11 15:05:33,63.55345,17.507431,66.90569,26.654568,847.86224,-0.029141482,-103680.00685585462,206.0,N_756
2024-05-11 15:05:34,63.611244,17.506668,66.95465,26.591621,847.91223,-0.028784951,-103892.38672539456,206.0,N_756
2024-05-11 15:05:35,63.66903,17.50589,67.010605,26.528673,848.003,-0.03039667,-104142.96090257406,206.0,N_756
2024-05-11 15:05:36,63.7268,17.505112,67.073555,26.458733,848.07336,-0.028802708,-104359.31527907251,206.0,N_756
2024-05-11 15:05:37,63.78456,17.504333,67.1295,26.395786,848.0845,-0.027208745,-104543.32273929515,206.0,N_756
2024-05-11 15:05:38,63.84231,17.503555,67.17846,26.332838,848.0697,-0.028470777,-104753.24053007802,206.0,N_756
2024-05-11 15:05:39,63.90005,17.502777,67.23441,26.269892,848.0678,-0.029705575,-104973.33144812212,206.0,N_756
2024-05-11 15:05:40,63.95778,17.501984,67.29037,26.206944,848.07153,-0.027693735,-105160.05055621806,206.0,N_756
2024-05-11 15:05:41,64.015495,17.50119,67.339325,26.143997,848.07153,-0.025717612,-105332.80594857702,206.0,N_756
2024-05-11 15:05:42,64.073204,17.500397,67.38828,26.08105,848.0697,-0.024177494,-105513.232709636,206.0,N_756
2024-05-11 15:05:43,64.1309,17.499603,67.44424,26.018103,848.0697,-0.018139584,-105669.53669604792,206.0,N_756
2024-05-11 15:05:44,64.188576,17.498795,67.50719,25.948162,848.0697,-0.014779532,-105789.99134586439,206.0,N_756
2024-05-11 15:05:45,64.246254,17.498001,67.56314,25.885216,848.07153,-0.01141948,-105886.79230779978,206.0,N_756
2024-05-11 15:05:46,64.30391,17.497192,67.619095,25.815273,848.0697,-0.020702772,-106030.84150674459,206.0,N_756
2024-05-11 15:05:47,64.361565,17.496384,67.66805,25.752327,848.07153,-0.02369306,-106190.82129919699,206.0,N_756
2024-05-11 15:05:48,64.4192,17.49556,67.71701,25.68938,848.07153,-0.026969144,-106374.29000510224,206.0,N_756
2024-05-11 15:05:49,64.47683,17.494751,67.76597,25.619438,848.0697,-0.03024523,-106595.75811557077,206.0,N_756
2024-05-11 15:05:50,64.53445,17.493927,67.82192,25.556492,848.0697,-0.033521313,-106844.88165745372,206.0,N_756
2024-05-11 15:05:51,64.59205,17.493103,67.87788,25.486551,848.07336,-0.030110499,-107067.10442642949,206.0,N_756
2024-05-11 15:05:52,64.64964,17.49228,67.93383,25.423603,848.07526,-0.036457557,-107336.22620399832,206.0,N_756
2024-05-11 15:05:53,64.70723,17.491455,67.98978,25.353662,848.05853,-0.035457183,-107569.29655615473,206.0,N_756
2024-05-11 15:05:54,64.7648,17.490616,68.03874,25.290716,848.04193,-0.032054838,-107806.03831848648,206.0,N_756
2024-05-11 15:05:55,64.822365,17.489792,68.09469,25.220774,848.07526,-0.035627387,-108069.4736690545,206.0,N_756
2024-05-11 15:05:56,64.87991,17.488953,68.15064,25.150833,848.1771,-0.036601044,-108313.9246668627,206.0,N_756
2024-05-11 15:05:57,64.937454,17.488113,68.1996,25.080893,848.2697,-0.03287821,-108556.40066142776,206.0,N_756
2024-05-11 15:05:58,64.99498,17.487259,68.255554,25.01095,848.2827,-0.04200958,-108858.51720876346,206.0,N_756
2024-05-11 15:05:59,65.0525,17.48642,68.31151,24.948004,848.2641,-0.041450456,-109161.1963687276,206.0,N_756
2024-05-11 15:06:00,65.11,17.485565,68.36746,24.878063,848.26044,-0.040891334,-109460.2466060887,206.0,N_756
2024-05-11 15:06:01,65.16725,17.48468,68.423416,24.80812,848.266,-0.039472587,-109721.77364356979,206.0,N_756
2024-05-11 15:06:02,65.224495,17.483795,68.472374,24.73818,848.266,-0.04107817,-109991.2570851969,206.0,N_756
2024-05-11 15:06:03,65.28174,17.48291,68.52133,24.66824,848.266,-0.04268375,-110305.70780382947,206.0,N_756
2024-05-11 15:06:04,65.33898,17.482025,68.577286,24.591305,848.2641,-0.030851316,-110557.83573249224,206.0,N_756
2024-05-11 15:06:05,65.39622,17.48114,68.640236,24.521362,848.266,-0.035770446,-110797.84531003555,206.0,N_756
2024-05-11 15:06:06,65.45345,17.480255,68.68919,24.451422,848.266,-0.04560926,-111094.65462095334,206.0,N_756
2024-05-11 15:06:07,65.51068,17.479355,68.73815,24.381481,848.266,-0.02110543,-111240.6059642021,206.0,N_756
2024-05-11 15:06:08,65.56791,17.478455,68.78711,24.311539,848.266,0.0033984042,-111233.03775009417,206.0,N_756
2024-05-11 15:06:09,65.62514,17.477554,68.84306,24.234604,848.266,-0.040715937,-111530.11991414092,206.0,N_756
2024-05-11 15:06:10,65.682365,17.476654,68.89902,24.164663,848.266,-0.048629325,-111886.72628805792,206.0,N_756
2024-05-11 15:06:11,65.739586,17.475754,68.95497,24.087729,848.266,-0.059445173,-112269.87154840033,206.0,N_756
2024-05-11 15:06:12,65.7968,17.474854,69.00393,24.017786,848.2641,-0.053193912,-112619.366295058,206.0,N_756
2024-05-11 15:06:13,65.85402,17.473953,69.05289,23.940851,848.2641,-0.04694265,-112956.72785334414,206.0,N_756
2024-05-11 15:06:14,65.91123,17.473038,69.10884,23.87091,848.2679,-0.026604598,-113178.37543334477,206.0,N_756
2024-05-11 15:06:15,65.96844,17.472122,69.17178,23.793976,848.27344,-0.022669584,-113355.8870380135,206.0,N_756
2024-05-11 15:06:16,66.02564,17.471207,69.22774,23.71704,848.2641,-0.018734569,-113488.7795092628,206.0,N_756
2024-05-11 15:06:17,66.08285,17.470291,69.276695,23.647099,848.2438,-0.015091441,-113599.12036171182,206.0,N_756
2024-05-11 15:06:18,66.14005,17.469376,69.32565,23.570164,848.2697,-0.032844212,-113820.62859537928,206.0,N_756
2024-05-11 15:06:19,66.19725,17.46846,69.37461,23.493229,848.3697,-0.03286805,-114064.94752526484,206.0,N_756
2024-05-11 15:06:20,66.25445,17.467545,69.430565,23.416292,848.4642,-0.032891892,-114311.1062269575,206.0,N_756
2024-05-11 15:06:21,66.31164,17.466614,69.48652,23.339357,848.479,-0.03291573,-114557.30604610655,206.0,N_756
2024-05-11 15:06:22,66.36883,17.465683,69.54247,23.262423,848.4586,-0.019565484,-114710.92226553848,206.0,N_756
2024-05-11 15:06:23,66.42602,17.464767,69.59843,23.185488,848.45306,-0.0021274937,-114742.27043979219,206.0,N_756
2024-05-11 15:06:24,66.4832,17.463837,69.647385,23.108551,848.4567,0.0023305356,-114744.05835970497,206.0,N_756
2024-05-11 15:06:25,66.54038,17.46289,69.69634,23.031616,848.46045,-0.012531095,-114838.30054221119,206.0,N_756
2024-05-11 15:06:26,66.597565,17.46196,69.7453,22.954681,848.46045,-0.027392726,-115047.24780687384,206.0,N_756
2024-05-11 15:06:27,66.65474,17.46103,69.801254,22.870752,848.4586,-0.024432903,-115234.47455288956,206.0,N_756
2024-05-11 15:06:28,66.711914,17.460083,69.85721,22.793818,848.46045,-0.0024109264,-115269.16252383775,206.0,N_756
2024-05-11 15:06:29,66.76908,17.459152,69.91316,22.71688,848.46045,-0.044655774,-115595.46766192514,206.0,N_756
2024-05-11 15:06:30,66.82625,17.458206,69.96912,22.639946,848.46045,-0.02188138,-115752.07452009502,206.0,N_756
2024-05-11 15:06:31,66.883415,17.45726,70.018074,22.556017,848.46045,-0.021666793,-115905.78546630537,206.0,N_756
2024-05-11 15:06:32,66.94058,17.456314,70.06703,22.472088,848.46045,-0.019612033,-116043.85665802442,206.0,N_756
2024-05-11 15:06:33,66.99774,17.455353,70.11599,22.395153,848.46045,-0.017557273,-116183.08966305773,206.0,N_756
2024-05-11 15:06:34,67.05489,17.454407,70.17194,22.311222,848.46045,-0.0155025115,-116309.96829785555,206.0,N_756
2024-05-11 15:06:35,67.11205,17.453445,70.2279,22.227293,848.46045,-0.013447751,-116420.83816593893,206.0,N_756
2024-05-11 15:06:36,67.169205,17.4525,70.28385,22.150358,848.46045,-0.007304053,-116484.85484905858,206.0,N_756
2024-05-11 15:06:37,67.22635,17.451538,70.33281,22.06643,848.46045,-0.0080472855,-116552.08405450507,206.0,N_756
2024-05-11 15:06:38,67.28349,17.450577,70.38177,21.9825,848.4586,-0.014318383,-116658.79461245549,206.0,N_756
2024-05-11 15:06:39,67.34064,17.449615,70.430725,21.898571,848.46045,-0.027135652,-116864.83203919423,206.0,N_756
2024-05-11 15:06:40,67.39778,17.448654,70.48668,21.81464,848.4642,-0.03995292,-117162.0167601798,206.0,N_756
2024-05-11 15:06:41,67.45492,17.447678,70.54263,21.730711,848.4586,-0.052770186,-117512.14928667434,206.0,N_756
2024-05-11 15:06:42,67.512054,17.446716,70.59159,21.646782,848.4456,-0.0077887196,-117577.53309618743,206.0,N_756
2024-05-11 15:06:43,67.56918,17.44574,70.64055,21.562853,848.46234,0.025268957,-117435.18352092266,206.0,N_756
2024-05-11 15:06:44,67.62631,17.444763,70.68951,21.478924,848.5401,0.058326636,-117045.12258176955,206.0,N_756
2024-05-11 15:06:45,67.68344,17.443787,70.74546,21.394995,848.629,0.057408158,-116656.6694038737,206.0,N_756
2024-05-11 15:06:46,67.74056,17.44281,70.801414,21.304071,848.66974,0.05466019,-116294.64221469895,206.0,N_756
2024-05-11 15:06:47,67.79768,17.441833,70.85737,21.22014,848.6605,0.051912226,-115980.7468195241,206.0,N_756
2024-05-11 15:06:48,67.8548,17.440857,70.90633,21.129217,848.65125,0.049164258,-115689.52619631674,206.0,N_756
2024-05-11 15:06:49,67.91192,17.439865,70.955284,21.045288,848.6531,0.04641629,-115377.87013615962,206.0,N_756
2024-05-11 15:06:50,67.96903,17.438873,71.01124,20.954365,848.6549,0.043668326,-115092.91731578506,206.0,N_756
2024-05-11 15:06:51,68.02614,17.437897,71.06719,20.870436,848.6549,0.04092036,-114822.17534929683,206.0,N_756
2024-05-11 15:06:52,68.083244,17.436905,71.123146,20.779512,848.6549,0.040250044,-114584.04950771012,206.0,N_756
2024-05-11 15:06:53,68.14035,17.435913,71.172104,20.68859,848.6549,0.034741342,-114379.41176847434,206.0,N_756
2024-05-11 15:06:54,68.19745,17.434906,71.22106,20.597666,848.6549,0.045589715,-114074.80357579389,206.0,N_756
2024-05-11 15:06:55,68.25455,17.433914,71.277016,20.506742,848.6549,0.056438092,-113734.21147700964,206.0,N_756
2024-05-11 15:06:56,68.311646,17.432907,71.32597,20.415817,848.6549,0.042314272,-113509.65460840616,206.0,N_756
2024-05-11 15:06:57,68.36874,17.431915,71.367935,20.324894,848.6549,0.040815663,-113237.36277063646,206.0,N_756
2024-05-11 15:06:58,68.42583,17.430908,71.42389,20.23397,848.6549,0.03931705,-112979.24682471449,206.0,N_756
2024-05-11 15:06:59,68.48292,17.429901,71.47984,20.143047,848.6549,0.03781844,-112757.65943186742,206.0,N_756
2024-05-11 15:07:00,68.54,17.428894,71.5288,20.052124,848.6549,0.03631983,-112539.29842670889,206.0,N_756
2024-05-11 15:07:01,68.59692,17.42804,71.57776,19.954206,848.6549,0.03978439,-112276.91886195226,206.0,N_756
2024-05-11 15:07:02,68.65384,17.42717,71.63371,19.863283,848.6549,0.04324895,-112021.40438820708,206.0,N_756
2024-05-11 15:07:03,68.71076,17.4263,71.68267,19.77236,848.6549,0.0371119,-111777.71123672929,206.0,N_756
2024-05-11 15:07:04,68.76769,17.425415,71.738625,19.681437,848.6549,0.03874821,-111546.096758287,206.0,N_756
2024-05-11 15:07:05,68.824615,17.42453,71.78758,19.583519,848.6531,0.029030638,-111375.85772386416,206.0,N_756
2024-05-11 15:07:06,68.88155,17.42363,71.83654,19.485601,848.6531,0.032009333,-111186.56497908177,206.0,N_756
2024-05-11 15:07:07,68.938484,17.42273,71.8855,19.387684,848.65674,0.025876017,-111022.3128141975,206.0,N_756
2024-05-11 15:07:08,68.99542,17.42183,71.94145,19.29676,848.6586,0.019742701,-110900.20531150674,206.0,N_756
2024-05-11 15:07:09,69.05236,17.420914,71.997406,19.198843,848.6438,0.020598408,-110786.35701420691,206.0,N_756
2024-05-11 15:07:10,69.10931,17.419983,72.046364,19.100925,848.63824,0.03392839,-110580.93738305355,206.0,N_756
2024-05-11 15:07:11,69.16625,17.419052,72.09532,18.996014,848.70306,0.03141412,-110396.48354491287,206.0,N_756
2024-05-11 15:07:12,69.2232,17.418106,72.14429,18.898096,848.8123,0.029345702,-110225.1047459476,206.0,N_756
2024-05-11 15:07:13,69.28015,17.41716,72.193245,18.800179,848.8734,0.027277282,-110048.60592130611,206.0,N_756
2024-05-11 15:07:14,69.337105,17.416214,72.2492,18.702261,848.86975,0.025570244,-109903.34964013558,206.0,N_756
2024-05-11 15:07:15,69.394066,17.415253,72.29816,18.604343,848.8475,0.025822924,-109751.60829977966,206.0,N_756
2024-05-11 15:07:16,69.45102,17.414291,72.347115,18.499432,848.8438,0.026248898,-109583.02084898608,206.0,N_756
2024-05-11 15:07:17,69.50799,17.413315,72.40307,18.401514,848.84937,0.025730776,-109433.83640278454,206.0,N_756
2024-05-11 15:07:18,69.56495,17.412323,72.45203,18.296602,848.85126,0.025212653,-109272.76319850591,206.0,N_756
2024-05-11 15:07:19,69.62192,17.411331,72.50798,18.198685,848.84937,0.02469453,-109130.55896792034,206.0,N_756
2024-05-11 15:07:20,69.67889,17.41034,72.55694,18.093773,848.84937,0.03460573,-108922.74797725743,206.0,N_756
2024-05-11 15:07:21,69.73586,17.409332,72.605896,17.988861,848.84937,0.034649633,-108719.06448167395,206.0,N_756
2024-05-11 15:07:22,69.79284,17.408325,72.654854,17.890944,848.84937,0.059296314,-108351.18470157223,206.0,N_756
2024-05-11 15:07:23,69.849815,17.407303,72.70381,17.786032,848.84937,0.059315316,-107944.02124898141,206.0,N_756
2024-05-11 15:07:24,69.9068,17.40628,72.759766,17.68112,848.84937,0.059334323,-107531.88263681249,206.0,N_756
2024-05-11 15:07:25,69.96378,17.405243,72.81572,17.569214,848.84937,0.059346434,-107166.97287102218,206.0,N_756
2024-05-11 15:07:26,70.020775,17.404205,72.86468,17.464302,848.84937,0.059358545,-106800.24958548804,206.0,N_756
2024-05-11 15:07:27,70.07776,17.403152,72.913635,17.35939,848.84937,0.05937066,-106433.73253631942,206.0,N_756
2024-05-11 15:07:28,70.13476,17.4021,72.96259,17.254478,848.84937,0.05938277,-106060.03982070608,206.0,N_756
2024-05-11 15:07:29,70.19175,17.401031,73.01155,17.142572,848.84937,0.05939488,-105686.87604516665,206.0,N_756
2024-05-11 15:07:30,70.24875,17.399963,73.06052,17.030666,848.84937,0.06263012,-105300.55009175195,206.0,N_756
2024-05-11 15:07:31,70.30575,17.39888,73.109474,16.925755,848.84937,0.057978235,-104944.12520589249,206.0,N_756
2024-05-11 15:07:32,70.362755,17.397797,73.15843,16.820843,848.84937,0.04451387,-104669.12903962823,206.0,N_756
2024-05-11 15:07:33,70.41976,17.396713,73.20739,16.708939,848.84937,0.04331162,-104397.07591106217,206.0,N_756
2024-05-11 15:07:34,70.47677,17.395615,73.25635,16.590038,848.84937,0.042109367,-104110.9399495176,206.0,N_756
2024-05-11 15:07:35,70.53378,17.3945,73.3123,16.478132,848.84937,0.042860854,-103820.95008609186,206.0,N_756
2024-05-11 15:07:36,70.5908,17.393387,73.368256,16.366226,848.84937,0.038593397,-103587.58872739076,206.0,N_756
2024-05-11 15:07:37,70.64782,17.392258,73.41721,16.25432,848.8475,0.038970295,-103350.30262241629,206.0,N_756
2024-05-11 15:07:38,70.70484,17.391129,73.46617,16.142414,848.84937,0.039011505,-103108.12563726421,206.0,N_756
2024-05-11 15:07:39,70.76186,17.39,73.51513,16.023514,848.8531,0.048574127,-102809.02992055497,206.0,N_756
2024-05-11 15:07:40,70.818886,17.388855,73.56409,15.911609,848.8475,0.04523557,-102526.03955506001,206.0,N_756
2024-05-11 15:07:41,70.875916,17.38771,73.613045,15.792709,848.83453,0.041897014,-102270.81786556538,206.0,N_756
2024-05-11 15:07:42,70.93295,17.38655,73.66201,15.680803,848.8531,0.06203614,-101877.18819392065,206.0,N_756
2024-05-11 15:07:43,70.98998,17.385376,73.71097,15.561903,848.929,0.05827949,-101516.10502985134,206.0,N_756
2024-05-11 15:07:44,71.04702,17.384201,73.759926,15.449997,849.01794,0.054522835,-101172.81128182393,206.0,N_756
2024-05-11 15:07:45,71.104065,17.383026,73.80888,15.331098,849.0587,0.05076618,-100854.94503521059,206.0,N_756
2024-05-11 15:07:46,71.1611,17.381836,73.85784,15.212197,849.0513,0.056770287,-100497.7901243618,206.0,N_756
2024-05-11 15:07:47,71.21815,17.380646,73.9068,15.093298,849.0401,0.0627744,-100101.41673402807,206.0,N_756
2024-05-11 15:07:48,71.2752,17.37944,73.95576,14.974398,849.042,0.047234513,-99801.86792317148,206.0,N_756
2024-05-11 15:07:49,71.33225,17.378235,74.004715,14.848503,849.0457,0.031694625,-99610.82994112428,206.0,N_756
2024-05-11 15:07:50,71.389305,17.377014,74.05368,14.729604,849.0438,0.016154738,-99521.71757633825,206.0,N_756
2024-05-11 15:07:51,71.446365,17.375793,74.10264,14.610703,849.0438,0.0006148529,-99534.57306590003,206.0,N_756
2024-05-11 15:07:52,71.50342,17.374557,74.151596,14.48481,849.0438,0.0350369,-99317.95162228626,206.0,N_756
2024-05-11 15:07:53,71.560486,17.373322,74.200554,14.358915,849.0438,0.044408396,-99039.04249890926,206.0,N_756
2024-05-11 15:07:54,71.617546,17.37207,74.24951,14.233022,849.0438,0.023278207,-98901.18249278015,206.0,N_756
2024-05-11 15:07:55,71.674614,17.37082,74.29847,14.107127,849.0438,0.032050785,-98705.06583890552,206.0,N_756
2024-05-11 15:07:56,71.73169,17.369553,74.34743,13.981234,849.0438,0.040823363,-98450.80627747855,206.0,N_756
2024-05-11 15:07:57,71.788765,17.368286,74.396385,13.855339,849.0438,0.03906792,-98182.84143243422,206.0,N_756
2024-05-11 15:07:58,71.84584,17.36702,74.45234,13.729445,849.0438,0.03731248,-97977.35804387023,206.0,N_756
2024-05-11 15:07:59,71.902916,17.365738,74.49431,13.603551,849.0438,0.03555704,-97752.87127704498,206.0,N_756
2024-05-11 15:08:00,71.96,17.36444,74.54327,13.470663,849.0438,0.03978877,-97526.49663591475,206.0,N_756
2024-05-11 15:08:01,72.01774,17.36345,74.58523,13.337775,849.0438,0.039746456,-97279.28007509904,206.0,N_756
2024-05-11 15:08:02,72.07546,17.362427,74.634186,13.211881,849.0438,0.03970414,-97029.1473121335,206.0,N_756
2024-05-11 15:08:03,72.13316,17.36139,74.68314,13.078993,849.0438,0.03408295,-96817.36503964126,206.0,N_756
2024-05-11 15:08:04,72.19084,17.360336,74.73211,12.946105,849.0438,0.028461758,-96643.57361881861,206.0,N_756
2024-05-11 15:08:05,72.248505,17.359268,74.78107,12.813216,849.0438,0.03857611,-96402.11003751692,206.0,N_756
2024-05-11 15:08:06,72.30615,17.358185,74.830025,12.680328,849.0438,0.046848577,-96099.83275789578,206.0,N_756
2024-05-11 15:08:07,72.36377,17.357086,74.87898,12.540446,849.0438,0.03810457,-95862.34855445063,206.0,N_756
2024-05-11 15:08:08,72.42138,17.355957,74.92794,12.4075575,849.0438,0.040399544,-95609.43568776958,206.0,N_756
2024-05-11 15:08:09,72.47896,17.354828,74.9769,12.27467,849.0438,0.04824887,-95304.34895423503,206.0,N_756
2024-05-11 15:08:10,72.53653,17.353668,75.025856,12.141782,849.0438,0.043858882,-95050.46232883798,206.0,N_756
2024-05-11 15:08:11,72.59407,17.352493,75.067825,12.0019,849.0438,0.044950068,-94761.44474986572,206.0,N_756
2024-05-11 15:08:12,72.651596,17.351303,75.11678,11.862017,849.0438,0.04604125,-94495.09491229097,206.0,N_756
2024-05-11 15:08:13,72.70911,17.350098,75.158745,11.722135,849.0438,0.045888755,-94170.74611262922,206.0,N_756
2024-05-11 15:08:14,72.766594,17.348862,75.2147,11.5822525,849.0438,0.045030985,-93885.25755204837,206.0,N_756
2024-05-11 15:08:15,72.82406,17.347626,75.26366,11.44237,849.042,0.046828583,-93586.3836980481,206.0,N_756
2024-05-11 15:08:16,72.88151,17.34636,75.312614,11.302488,849.0438,0.048085317,-93302.67923119989,206.0,N_756
2024-05-11 15:08:17,72.93894,17.345078,75.35458,11.155611,849.0494,0.04615993,-93036.11623068595,206.0,N_756
2024-05-11 15:08:18,72.996346,17.343796,75.396545,11.015729,849.042,0.04030594,-92775.79591089547,206.0,N_756
2024-05-11 15:08:19,73.05374,17.342484,75.4455,10.868853,849.0235,0.04157266,-92508.98245255476,206.0,N_756
2024-05-11 15:08:20,73.11111,17.34114,75.49446,10.721976,849.04755,0.041954443,-92239.84217614665,206.0,N_756
2024-05-11 15:08:21,73.168465,17.339798,75.54343,10.5751,849.1476,0.039833333,-92009.70812350686,206.0,N_756
2024-05-11 15:08:22,73.22579,17.33844,75.58539,10.428224,849.2439,0.04075743,-91747.8045148392,206.0,N_756
2024-05-11 15:08:23,73.283104,17.337051,75.634346,10.281347,849.26605,0.041326966,-91483.85725431412,206.0,N_756
2024-05-11 15:08:24,73.3404,17.335648,75.683304,10.134471,849.24756,0.04260271,-91232.02790988992,206.0,N_756
2024-05-11 15:08:25,73.397675,17.334229,75.72527,9.9806,849.2327,0.04387846,-90950.10980262037,206.0,N_756
2024-05-11 15:08:26,73.454926,17.332794,75.77423,9.833724,849.23645,0.047110472,-90670.59352269542,206.0,N_756
2024-05-11 15:08:27,73.51216,17.331345,75.81619,9.679853,849.2401,0.046605237,-90335.91104067132,206.0,N_756
2024-05-11 15:08:28,73.569374,17.32988,75.87215,9.525983,849.23834,0.0461,-90065.41672603524,206.0,N_756
2024-05-11 15:08:29,73.62657,17.328384,75.91411,9.372112,849.23834,0.04452092,-89802.129975063,206.0,N_756
2024-05-11 15:08:30,73.68375,17.326874,75.95608,9.218242,849.23834,0.043296024,-89520.79044352694,206.0,N_756
2024-05-11 15:08:31,73.740906,17.325363,76.005035,9.064371,849.23834,0.043316778,-89236.14613310527,206.0,N_756
2024-05-11 15:08:32,73.79804,17.323822,76.05399,8.903507,849.23834,0.044591993,-89036.02214779504,206.0,N_756
2024-05-11 15:08:33,73.85516,17.322266,76.08197,8.763624,849.23834,0.044965435,-88707.11085679258,206.0,N_756
2024-05-11 15:08:34,73.91226,17.320694,76.137924,8.60276,849.23834,0.04490357,-88408.99206475996,206.0,N_756
2024-05-11 15:08:35,73.96934,17.319092,76.18688,8.434901,849.23834,0.044841707,-88115.768093513,206.0,N_756
2024-05-11 15:08:36,74.0264,17.31749,76.23584,8.274036,849.23834,0.04397837,-87849.26918498047,206.0,N_756
2024-05-11 15:08:37,74.08344,17.315857,76.2778,8.106178,849.23834,0.04275416,-87595.24290844408,206.0,N_756
2024-05-11 15:08:38,74.14046,17.314209,76.31977,7.9453135,849.23834,0.041162036,-87321.98856448103,206.0,N_756
2024-05-11 15:08:39,74.197464,17.312546,76.36873,7.7774544,849.23834,0.040107355,-87062.87633229079,206.0,N_756
2024-05-11 15:08:40,74.25444,17.310867,76.41769,7.61659,849.23834,0.041928813,-86786.45524334106,206.0,N_756
2024-05-11 15:08:41,74.31141,17.309174,76.466644,7.4487314,849.23834,0.04249538,-86531.8154339171,206.0,N_756
2024-05-11 15:08:42,74.36835,17.307465,76.50861,7.2808723,849.23834,0.041441895,-86282.84775681472,206.0,N_756
2024-05-11 15:08:43,74.42527,17.305725,76.550575,7.1130137,849.23834,0.040927317,-86037.519584171,206.0,N_756
2024-05-11 15:08:44,74.48218,17.303986,76.59254,6.945155,849.23834,0.04113116,-85766.83552792981,206.0,N_756
2024-05-11 15:08:45,74.53906,17.302216,76.6415,6.777296,849.23834,0.03971754,-85526.50771127782,206.0,N_756
2024-05-11 15:08:46,74.595924,17.30043,76.683464,6.602443,849.23834,0.040641923,-85279.40718621027,206.0,N_756
2024-05-11 15:08:47,74.65277,17.29863,76.725426,6.4275904,849.23834,0.04264363,-84999.54628297614,206.0,N_756
2024-05-11 15:08:48,74.7096,17.296814,76.77438,6.259732,849.23834,0.0414087,-84749.36018177836,206.0,N_756
2024-05-11 15:08:49,74.7664,17.294968,76.81635,6.084879,849.23834,0.041253485,-84499.45780017754,206.0,N_756
2024-05-11 15:08:50,74.8232,17.293121,76.858315,5.910026,849.23834,0.041455135,-84243.48928884696,206.0,N_756
2024-05-11 15:08:51,74.87996,17.291245,76.90028,5.728179,849.23834,0.04201654,-83965.02003561099,206.0,N_756
2024-05-11 15:08:52,74.936714,17.289352,76.94924,5.553326,849.23834,0.041501813,-83711.03662781807,206.0,N_756
2024-05-11 15:08:53,74.99344,17.287445,76.9912,5.3714795,849.23834,0.038821954,-83478.55860321247,206.0,N_756
2024-05-11 15:08:54,75.05015,17.285522,77.03317,5.1966267,849.23834,0.037577778,-83227.75436216478,206.0,N_756
2024-05-11 15:08:55,75.10684,17.283585,77.08213,5.0147796,849.23834,0.037963614,-82998.37597959125,206.0,N_756
2024-05-11 15:08:56,75.16351,17.281631,77.12409,4.8329325,849.23834,0.039429806,-82753.59720339115,206.0,N_756
2024-05-11 15:08:57,75.22016,17.279648,77.16605,4.6440916,849.23834,0.039903402,-82506.36620158855,206.0,N_756
2024-05-11 15:08:58,75.276794,17.277664,77.20802,4.4552503,849.23834,0.040377,-82261.29491833708,206.0,N_756
2024-05-11 15:08:59,75.333405,17.27565,77.249985,4.2734036,849.23834,0.040218554,-82038.97345086175,206.0,N_756
2024-05-11 15:09:00,75.39,17.27362,77.28496,4.0915565,849.23834,0.0440169,-81738.73143353371,206.0,N_756
2024-05-11 15:09:01,75.44657,17.272278,77.333916,3.9027154,849.23834,0.047064923,-81447.3571235806,206.0,N_756
2024-05-11 15:09:02,75.50313,17.270874,77.37588,3.7138743,849.23834,0.050285798,-81099.27031893903,206.0,N_756
2024-05-11 15:09:03,75.55966,17.269455,77.42484,3.5180392,849.23834,0.043913677,-80824.60482832193,206.0,N_756
2024-05-11 15:09:04,75.61618,17.267975,77.466805,3.322204,849.23834,0.04411215,-80576.47209843877,206.0,N_756
2024-05-11 15:09:05,75.672676,17.266464,77.50178,3.133363,849.23834,0.044860005,-80293.29908031001,206.0,N_756
2024-05-11 15:09:06,75.72915,17.264908,77.54374,2.937528,849.23834,0.044879556,-80012.13252229082,206.0,N_756
2024-05-11 15:09:07,75.78561,17.263306,77.5857,2.7416925,849.2401,0.04437162,-79734.7704967804,206.0,N_756
2024-05-11 15:09:08,75.84204,17.261673,77.62767,2.5458574,849.242,0.041702714,-79475.5640406668,206.0,N_756
2024-05-11 15:09:09,75.89846,17.259995,77.66963,2.3500223,849.22906,0.04208511,-79185.50334665716,206.0,N_756
2024-05-11 15:09:10,75.95486,17.25827,77.71859,2.147193,849.22534,0.040848453,-78929.66310048319,206.0,N_756
2024-05-11 15:09:11,76.01124,17.256516,77.76056,1.9443636,849.2753,0.042323925,-78685.05576407179,206.0,N_756
2024-05-11 15:09:12,76.0676,17.254715,77.795525,1.7415344,849.3661,0.041264135,-78424.57920310854,206.0,N_756
2024-05-11 15:09:13,76.12394,17.252869,77.837494,1.538705,849.43646,0.040930368,-78189.46303230498,206.0,N_756
2024-05-11 15:09:14,76.18026,17.250992,77.87246,1.3358757,849.4476,0.04130928,-77924.64179506138,206.0,N_756
2024-05-11 15:09:15,76.236565,17.24907,77.91443,1.1260524,849.43274,0.040616434,-77671.3861539343,206.0,N_756
2024-05-11 15:09:16,76.29285,17.2471,77.95639,0.923223,849.4291,0.0413641,-77408.42919124935,206.0,N_756
2024-05-11 15:09:17,76.349106,17.245102,77.99836,0.7133996,849.43274,0.040312838,-77148.63043013199,206.0,N_756
2024-05-11 15:09:18,76.40535,17.243042,78.04032,0.4965821,849.43463,0.04053204,-76913.77000774222,206.0,N_756
2024-05-11 15:09:19,76.46157,17.240967,78.075294,0.28675866,849.43274,0.04092224,-76654.14894273071,206.0,N_756
2024-05-11 15:09:20,76.51778,17.23883,78.117256,0.076935254,849.43274,0.042220656,-76404.87511022606,206.0,N_756
2024-05-11 15:09:21,76.57396,17.236664,78.15223,359.86115,849.43274,0.044427544,-76117.70118522976,206.0,N_756
2024-05-11 15:09:22,76.63013,17.234451,78.19419,359.64432,849.43274,0.043740314,-75831.91967456444,206.0,N_756
2024-05-11 15:09:23,76.68627,17.232193,78.23616,359.4205,849.43274,0.043591086,-75575.4265524766,206.0,N_756
2024-05-11 15:09:24,76.7424,17.229904,78.271126,359.2037,849.43274,0.045053776,-75285.49994915024,206.0,N_756
2024-05-11 15:09:25,76.79851,17.22757,78.313095,358.98688,849.43274,0.04418528,-74998.18851584128,206.0,N_756
2024-05-11 15:09:26,76.85459,17.22519,78.35506,358.76306,849.43274,0.043854106,-74714.0052642121,206.0,N_756
2024-05-11 15:09:27,76.91066,17.222778,78.39702,358.53925,849.43274,0.041367345,-74447.4035236645,206.0,N_756
2024-05-11 15:09:28,76.96671,17.220322,78.43899,358.31543,849.43274,0.042480085,-74195.27080651735,206.0,N_756
2024-05-11 15:09:29,77.02274,17.21782,78.47395,358.09164,849.43274,0.042327005,-73921.78533085629,206.0,N_756
2024-05-11 15:09:30,77.07875,17.215271,78.51592,357.86783,849.43274,0.044518676,-73652.27427025896,206.0,N_756
2024-05-11 15:09:31,77.13474,17.212692,78.550896,357.63702,849.43274,0.043468244,-73367.36846354647,206.0,N_756
2024-05-11 15:09:32,77.19071,17.210083,78.59286,357.40622,849.43274,0.042773545,-73110.47949666184,206.0,N_756
2024-05-11 15:09:33,77.246666,17.207413,78.62783,357.1754,849.43274,0.04298245,-72846.27123739725,206.0,N_756
2024-05-11 15:09:34,77.3026,17.204712,78.662796,356.9376,849.43274,0.0430128,-72587.93739132019,206.0,N_756
2024-05-11 15:09:35,77.358505,17.201965,78.69777,356.7068,849.43274,0.041592713,-72313.17998337767,206.0,N_756
2024-05-11 15:09:36,77.4144,17.199173,78.73973,356.469,849.43274,0.04287909,-72052.76970571744,206.0,N_756
2024-05-11 15:09:37,77.470276,17.19635,78.774704,356.2312,849.43274,0.04254984,-71767.82195005649,206.0,N_756
2024-05-11 15:09:38,77.52613,17.193481,78.816666,355.9864,849.43274,0.04331042,-71525.04756508023,206.0,N_756
2024-05-11 15:09:39,77.58196,17.190567,78.84464,355.7486,849.43274,0.043147862,-71256.88039888779,206.0,N_756
2024-05-11 15:09:40,77.63778,17.187622,78.879616,355.5038,849.43274,0.04371615,-70970.37316772756,206.0,N_756
2024-05-11 15:09:41,77.69357,17.184631,78.92158,355.26602,849.43274,0.043929007,-70678.87587969349,206.0,N_756
2024-05-11 15:09:42,77.74935,17.181595,78.96355,355.0212,849.43274,0.043057468,-70410.55941252843,206.0,N_756
2024-05-11 15:09:43,77.80511,17.178528,78.99851,354.76944,849.43274,0.042184003,-70171.09900657888,206.0,N_756
2024-05-11 15:09:44,77.86085,17.175415,79.02649,354.52463,849.43274,0.042939134,-69902.26159057124,206.0,N_756
2024-05-11 15:09:45,77.916565,17.172256,79.06146,354.27286,849.43274,0.043874674,-69602.88811635431,206.0,N_756
2024-05-11 15:09:46,77.97226,17.169052,79.103424,354.01407,849.43274,0.04317541,-69336.52376281754,206.0,N_756
2024-05-11 15:09:47,78.02794,17.165817,79.1384,353.76227,849.43274,0.043383285,-69067.93755083962,206.0,N_756
2024-05-11 15:09:48,78.0836,17.162537,79.17337,353.5105,849.43274,0.044131175,-68808.41445399726,206.0,N_756
2024-05-11 15:09:49,78.13924,17.159225,79.20135,353.2517,849.43274,0.04218371,-68542.91857310256,206.0,N_756
2024-05-11 15:09:50,78.19486,17.155869,79.23631,352.99292,849.43274,0.042022716,-68280.1100798273,206.0,N_756
2024-05-11 15:09:51,78.250465,17.152466,79.271286,352.73413,849.43274,0.04151431,-68021.2461317319,206.0,N_756
2024-05-11 15:09:52,78.306046,17.149017,79.30626,352.47537,849.43274,0.04209299,-67754.14116397398,206.0,N_756
2024-05-11 15:09:53,78.36161,17.145538,79.341225,352.2096,849.43274,0.04193707,-67488.94055496702,206.0,N_756
2024-05-11 15:09:54,78.41715,17.142014,79.3762,351.94382,849.43274,0.043422,-67232.5920032969,206.0,N_756
2024-05-11 15:09:55,78.47267,17.138443,79.404175,351.67804,849.43274,0.043815333,-66954.76418391717,206.0,N_756
2024-05-11 15:09:56,78.528175,17.134827,79.43915,351.41226,849.43274,0.043292776,-66677.0415314376,206.0,N_756
2024-05-11 15:09:57,78.583664,17.13118,79.47411,351.1395,849.43274,0.04350713,-66398.72810297774,206.0,N_756
2024-05-11 15:09:58,78.63913,17.127502,79.50909,350.8667,849.43274,0.042445194,-66145.91675017764,206.0,N_756
2024-05-11 15:09:59,78.69457,17.123764,79.53706,350.59393,849.43274,0.042472124,-65874.71712711669,206.0,N_756
2024-05-11 15:10:00,78.75,17.119995,79.57203,350.32117,849.43274,0.04249996,-65599.994030149,206.0,N_756
2024-05-11 15:10:01,78.806145,17.118881,79.607,350.0414,849.43274,0.0412457,-65356.815396012724,206.0,N_756
2024-05-11 15:10:02,78.86224,17.11763,79.63498,349.76865,849.43274,0.0418315,-65086.7408310057,206.0,N_756
2024-05-11 15:10:03,78.9183,17.116257,79.66995,349.48886,849.43274,0.04149685,-64832.940226923805,206.0,N_756
2024-05-11 15:10:04,78.97431,17.114746,79.69793,349.20212,849.43274,0.04170467,-64565.46663158358,206.0,N_756
2024-05-11 15:10:05,79.03028,17.113098,79.732895,348.92236,849.43274,0.04227499,-64290.50146392644,206.0,N_756
2024-05-11 15:10:06,79.0862,17.111328,79.76787,348.6356,849.43274,0.0413949,-64039.47887248067,206.0,N_756
2024-05-11 15:10:07,79.142075,17.10942,79.795845,348.34885,849.43274,0.04197765,-63767.02888224162,206.0,N_756
2024-05-11 15:10:08,79.197914,17.107376,79.83082,348.06207,849.43274,0.045098696,-63487.80463058113,206.0,N_756
2024-05-11 15:10:09,79.2537,17.10521,79.85879,347.7683,849.43274,0.040562853,-63256.91336057807,206.0,N_756
2024-05-11 15:10:10,79.30945,17.102905,79.879776,347.48157,849.43274,0.040959552,-63003.952927788385,206.0,N_756
2024-05-11 15:10:11,79.36514,17.100464,79.90775,347.1878,849.43274,0.042068526,-62745.49863440042,206.0,N_756
2024-05-11 15:10:12,79.4208,17.0979,79.93573,346.89404,849.43274,0.042464714,-62467.77735497203,206.0,N_756
2024-05-11 15:10:13,79.47641,17.095184,79.970695,346.6003,849.43274,0.04376661,-62195.1608506537,206.0,N_756
2024-05-11 15:10:14,79.531975,17.092346,79.99867,346.29956,849.43274,0.0437756,-61922.482122772024,206.0,N_756
2024-05-11 15:10:15,79.5875,17.089386,80.02665,345.9988,849.43274,0.043084152,-61654.9450642966,206.0,N_756
2024-05-11 15:10:16,79.642975,17.086288,80.05463,345.69806,849.43274,0.042936802,-61383.84659047591,206.0,N_756
2024-05-11 15:10:17,79.69841,17.083054,80.0826,345.39032,849.43274,0.043059908,-61117.913343592474,206.0,N_756
2024-05-11 15:10:18,79.7538,17.079681,80.11058,345.08957,849.43274,0.043183014,-60846.338989501426,206.0,N_756
2024-05-11 15:10:19,79.80914,17.076187,80.13856,344.78183,849.43274,0.04337488,-60569.252974135736,206.0,N_756
2024-05-11 15:10:20,79.86445,17.072556,80.166534,344.4671,849.43274,0.04484393,-60293.682079609476,206.0,N_756
2024-05-11 15:10:21,79.9197,17.068787,80.19451,344.16635,849.43274,0.04578557,-59983.23031393973,206.0,N_756
2024-05-11 15:10:22,79.974915,17.064896,80.22948,343.85162,849.43274,0.04510097,-59712.18307806645,206.0,N_756
2024-05-11 15:10:23,80.030075,17.060867,80.250465,343.5369,849.43274,0.043665852,-59449.18585981962,206.0,N_756
2024-05-11 15:10:24,80.0852,17.056702,80.27145,343.22214,849.43274,0.044057526,-59169.90080326238,206.0,N_756
2024-05-11 15:10:25,80.14028,17.052414,80.29942,342.9074,849.43274,0.042433653,-58897.93707451846,206.0,N_756
2024-05-11 15:10:26,80.19531,17.047989,80.3274,342.5857,849.43274,0.04264528,-58625.4376461462,206.0,N_756
2024-05-11 15:10:27,80.2503,17.043427,80.35537,342.26395,849.43274,0.043212876,-58349.70149626355,206.0,N_756
2024-05-11 15:10:28,80.305244,17.038727,80.38335,341.94223,849.43274,0.04088202,-58103.449941005645,206.0,N_756
2024-05-11 15:10:29,80.360146,17.033905,80.404335,341.62048,849.43274,0.040988185,-57856.26427412318,206.0,N_756
2024-05-11 15:10:30,80.415,17.028946,80.425316,341.29877,849.43274,0.04109435,-57590.837979146105,206.0,N_756
2024-05-11 15:10:31,80.46981,17.023865,80.45329,340.97003,849.43274,0.041109663,-57326.95511853749,206.0,N_756
2024-05-11 15:10:32,80.52458,17.018631,80.48127,340.64133,849.43274,0.04240578,-57068.31162410178,206.0,N_756
2024-05-11 15:10:33,80.5793,17.01329,80.50225,340.3126,849.43274,0.043154143,-56790.8182116271,206.0,N_756
2024-05-11 15:10:34,80.63398,17.007797,80.53023,339.98386,849.43274,0.04174166,-56537.61907692272,206.0,N_756
2024-05-11 15:10:35,80.688614,17.002182,80.55121,339.65515,849.43274,0.041028228,-56278.98251376451,206.0,N_756
2024-05-11 15:10:36,80.7432,16.99643,80.57219,339.31244,849.43274,0.041445695,-56023.60773513218,206.0,N_756
2024-05-11 15:10:37,80.797745,16.99054,80.59317,338.9767,849.43274,0.04201705,-55764.65858378417,206.0,N_756
2024-05-11 15:10:38,80.85225,16.984528,80.61416,338.641,849.43274,0.04183148,-55502.457342329086,206.0,N_756
2024-05-11 15:10:39,80.9067,16.978378,80.63514,338.29828,849.43274,0.043132853,-55237.54532835241,206.0,N_756
2024-05-11 15:10:40,80.96111,16.972092,80.65612,337.9626,849.43274,0.04244723,-54959.00072829355,206.0,N_756
2024-05-11 15:10:41,81.01548,16.965668,80.6841,337.61987,849.43274,0.04136773,-54702.458305145,206.0,N_756
2024-05-11 15:10:42,81.0698,16.959122,80.70508,337.27716,849.43274,0.042116933,-54435.86019614656,206.0,N_756
2024-05-11 15:10:43,81.12408,16.952454,80.72606,336.92743,849.43274,0.0425009,-54172.53272721981,206.0,N_756
2024-05-11 15:10:44,81.178314,16.945633,80.74705,336.58475,849.43274,0.042544,-53913.86728028616,206.0,N_756
2024-05-11 15:10:45,81.2325,16.93869,80.76103,336.23502,849.43274,0.042904157,-53643.128372153085,206.0,N_756
2024-05-11 15:10:46,81.286644,16.93161,80.78201,335.8853,849.43274,0.04276393,-53369.40853160586,206.0,N_756
2024-05-11 15:10:47,81.340744,16.924408,80.80299,335.52863,849.43274,0.042827554,-53101.08101576449,206.0,N_756
2024-05-11 15:10:48,81.3948,16.917053,80.82398,335.17892,849.43274,0.042744692,-52838.23994896308,206.0,N_756
2024-05-11 15:10:49,81.448814,16.909576,80.83797,334.8222,849.43274,0.04266183,-52576.09537328701,206.0,N_756
2024-05-11 15:10:50,81.50278,16.901978,80.85196,334.4655,849.43274,0.042331778,-52311.76051270637,206.0,N_756
2024-05-11 15:10:51,81.5567,16.894241,80.87294,334.1158,849.43274,0.04364311,-52044.37276104975,206.0,N_756
2024-05-11 15:10:52,81.61058,16.886368,80.886925,333.75912,849.43274,0.043487735,-51763.177576097594,206.0,N_756
2024-05-11 15:10:53,81.66441,16.878357,80.907906,333.39542,849.43274,0.042909548,-51502.0684036443,206.0,N_756
2024-05-11 15:10:54,81.7182,16.870224,80.9219,333.03873,849.43274,0.042331364,-51239.22467173146,206.0,N_756
2024-05-11 15:10:55,81.77194,16.861938,80.93588,332.67502,849.43274,0.041753177,-50971.46929221306,206.0,N_756
2024-05-11 15:10:56,81.825645,16.853546,80.95686,332.31134,849.43274,0.041806936,-50713.74177693553,206.0,N_756
2024-05-11 15:10:57,81.8793,16.845001,80.970856,331.94763,849.43274,0.041864578,-50441.28689761268,206.0,N_756
2024-05-11 15:10:58,81.932915,16.836334,80.99184,331.57693,849.43274,0.042083863,-50182.96861071196,206.0,N_756
2024-05-11 15:10:59,81.98648,16.82753,81.00583,331.21326,849.43274,0.041933157,-49920.3059654898,206.0,N_756
2024-05-11 15:11:00,82.04,16.818604,81.01981,330.84256,849.43274,0.041782446,-49659.311888371354,206.0,N_756
2024-05-11 15:11:01,82.0993,16.825317,81.033806,330.47186,849.43274,0.042348728,-49394.96456125569,206.0,N_756
2024-05-11 15:11:02,82.15835,16.83136,81.04779,330.1012,849.43274,0.042140324,-49132.352269563824,206.0,N_756
2024-05-11 15:11:03,82.21716,16.836746,81.061775,329.7305,849.43274,0.041408412,-48880.6405038285,206.0,N_756
2024-05-11 15:11:04,82.275734,16.841446,81.06877,329.3598,849.43274,0.040873334,-48626.63128241399,206.0,N_756
2024-05-11 15:11:05,82.33406,16.84549,81.08276,328.98914,849.43274,0.041257344,-48356.813614761355,206.0,N_756
2024-05-11 15:11:06,82.39215,16.848877,81.103745,328.61145,849.43274,0.04123356,-48097.45511101289,206.0,N_756
2024-05-11 15:11:07,82.45,16.851578,81.11773,328.23376,849.43274,0.04014038,-47850.904269265375,206.0,N_756
2024-05-11 15:11:08,82.5076,16.853622,81.124725,327.85608,849.43274,0.040596463,-47595.734194893244,206.0,N_756
2024-05-11 15:11:09,82.564964,16.854996,81.13872,327.4784,849.43274,0.041357026,-47341.77240538784,206.0,N_756
2024-05-11 15:11:10,82.622086,16.855698,81.145706,327.1007,849.43274,0.04226436,-47071.09753150896,206.0,N_756
2024-05-11 15:11:11,82.67896,16.855743,81.1597,326.71603,849.43274,0.043391533,-46804.71265702933,206.0,N_756
2024-05-11 15:11:12,82.7356,16.855103,81.16669,326.33835,849.43274,0.04591459,-46516.05224892628,206.0,N_756
2024-05-11 15:11:13,82.79199,16.853806,81.17368,325.95367,849.43274,0.043946516,-46240.19440369502,206.0,N_756
2024-05-11 15:11:14,82.84815,16.851852,81.187675,325.576,849.43274,0.044030398,-45964.906719513194,206.0,N_756
2024-05-11 15:11:15,82.90406,16.849213,81.194664,325.1913,849.43274,0.044629764,-45679.93530355724,206.0,N_756
2024-05-11 15:11:16,82.95973,16.845917,81.20866,324.80664,849.43274,0.045038745,-45398.879722346006,206.0,N_756
2024-05-11 15:11:17,83.01516,16.84195,81.21565,324.42197,849.43274,0.044952687,-45113.09578660993,206.0,N_756
2024-05-11 15:11:18,83.07035,16.837326,81.22264,324.0303,849.43274,0.044067442,-44838.97762134472,206.0,N_756
2024-05-11 15:11:19,83.1253,16.832016,81.22964,323.64563,849.43274,0.043532588,-44568.297509144,206.0,N_756
2024-05-11 15:11:20,83.18,16.82605,81.23663,323.26096,849.43274,0.04339821,-44298.70587427546,206.0,N_756
2024-05-11 15:11:21,83.23446,16.819412,81.24363,322.87628,849.43274,0.04360154,-44027.981063783496,206.0,N_756
2024-05-11 15:11:22,83.28868,16.812103,81.25062,322.4916,849.43274,0.043260485,-43754.57620807807,206.0,N_756
2024-05-11 15:11:23,83.34266,16.804138,81.257614,322.0999,849.43274,0.044208758,-43475.34719933896,206.0,N_756
2024-05-11 15:11:24,83.3964,16.795502,81.26461,321.70825,849.43274,0.044392932,-43200.32111145329,206.0,N_756
2024-05-11 15:11:25,83.4499,16.786194,81.2716,321.32358,849.43274,0.045870654,-42910.10483360179,206.0,N_756
2024-05-11 15:11:26,83.50315,16.77623,81.278595,320.93192,849.43274,0.04559748,-42622.19866248609,206.0,N_756
2024-05-11 15:11:27,83.55616,16.76558,81.28559,320.54022,849.43274,0.044708967,-42342.39207272983,206.0,N_756
2024-05-11 15:11:28,83.60893,16.754272,81.28559,320.14856,849.43274,0.04455072,-42063.57926333402,206.0,N_756
2024-05-11 15:11:29,83.66146,16.742294,81.28559,319.7569,849.43274,0.045294803,-41779.83244390118,206.0,N_756
2024-05-11 15:11:30,83.713745,16.72966,81.28559,319.36523,849.43274,0.043866113,-41503.632057237075,206.0,N_756
2024-05-11 15:11:31,83.76579,16.71634,81.29259,318.97354,849.43274,0.044079687,-41228.154293524,206.0,N_756
2024-05-11 15:11:32,83.8176,16.702362,81.29259,318.58188,849.43274,0.043942243,-40953.581093254776,206.0,N_756
2024-05-11 15:11:33,83.86916,16.687729,81.29259,318.19022,849.43274,0.0440093,-40678.55876831594,206.0,N_756
2024-05-11 15:11:34,83.92048,16.67241,81.29259,317.79855,849.43274,0.043302838,-40401.235536256434,206.0,N_756
2024-05-11 15:11:35,83.97156,16.656433,81.299576,317.39987,849.43274,0.043233626,-40129.921909487246,206.0,N_756
2024-05-11 15:11:36,84.0224,16.639786,81.30657,317.0082,849.43274,0.04316441,-39860.84038636703,206.0,N_756
2024-05-11 15:11:37,84.073,16.622467,81.30657,316.61655,849.43274,0.044095166,-39585.638494626095,206.0,N_756
2024-05-11 15:11:38,84.12335,16.604492,81.30657,316.22485,849.43274,0.045222387,-39302.99817676928,206.0,N_756
2024-05-11 15:11:39,84.17346,16.58583,81.30657,315.8332,849.43274,0.045978963,-39015.34431237931,206.0,N_756
2024-05-11 15:11:40,84.223335,16.566513,81.30657,315.44153,849.43274,0.0440284,-38733.2533797973,206.0,N_756
2024-05-11 15:11:41,84.272964,16.54654,81.299576,315.04285,849.43274,0.04440397,-38454.04178372303,206.0,N_756
2024-05-11 15:11:42,84.32235,16.525879,81.29259,314.65118,849.43274,0.044236884,-38177.576465340426,206.0,N_756
2024-05-11 15:11:43,84.37149,16.504562,81.29259,314.25952,849.43274,0.04335981,-37906.76475095037,206.0,N_756
2024-05-11 15:11:44,84.420395,16.482574,81.29259,313.86786,849.43274,0.04340348,-37635.628317434705,206.0,N_756
2024-05-11 15:11:45,84.46906,16.459915,81.29259,313.47617,849.43274,0.04379191,-37359.803011503944,206.0,N_756
2024-05-11 15:11:46,84.51748,16.4366,81.28559,313.0845,849.43274,0.043642607,-37087.05393625744,206.0,N_756
2024-05-11 15:11:47,84.56566,16.412613,81.28559,312.69284,849.43274,0.043506034,-36815.00020987383,206.0,N_756
2024-05-11 15:11:48,84.6136,16.387955,81.28559,312.30118,849.43274,0.043348867,-36541.8469691134,206.0,N_756
2024-05-11 15:11:49,84.66129,16.362625,81.278595,311.9095,849.43274,0.043397896,-36270.49534891931,206.0,N_756
2024-05-11 15:11:50,84.70875,16.33664,81.278595,311.51782,849.43274,0.043232545,-35997.892996534145,206.0,N_756
2024-05-11 15:11:51,84.75596,16.309982,81.2716,311.12616,849.43274,0.043605994,-35722.824257667795,206.0,N_756
2024-05-11 15:11:52,84.80293,16.282654,81.26461,310.7345,849.43274,0.043241717,-35457.18657110829,206.0,N_756
2024-05-11 15:11:53,84.84966,16.254654,81.26461,310.34982,849.43274,0.042877436,-35186.16469666811,206.0,N_756
2024-05-11 15:11:54,84.89615,16.225998,81.257614,309.95813,849.43274,0.04329003,-34917.859546919164,206.0,N_756
2024-05-11 15:11:55,84.94239,16.19667,81.25062,309.57346,849.43274,0.043317366,-34642.8030003034,206.0,N_756
2024-05-11 15:11:56,84.988396,16.166672,81.23663,309.18878,849.43274,0.04352914,-34367.160826228945,206.0,N_756
2024-05-11 15:11:57,85.034164,16.136002,81.22964,308.79712,849.43274,0.04411391,-34092.54885924471,206.0,N_756
2024-05-11 15:11:58,85.07968,16.104675,81.22264,308.41245,849.43274,0.043961685,-33818.43273432626,206.0,N_756
2024-05-11 15:11:59,85.12496,16.072678,81.21565,308.02777,849.43274,0.04360242,-33541.29809852576,206.0,N_756
2024-05-11 15:12:00,85.17,16.040009,81.20866,307.6361,849.43274,0.04327175,-33271.55855332832,206.0,N_756
2024-05-11 15:12:01,85.2361,15.998795,81.20166,307.2514,849.43274,0.043023296,-33002.00804101289,206.0,N_756
2024-05-11 15:12:02,85.30124,15.957184,81.187675,306.87375,849.43274,0.042774845,-32734.747534573184,206.0,N_756
2024-05-11 15:12:03,85.36541,15.915161,81.18068,306.48907,849.43274,0.043174412,-32463.53121160913,206.0,N_756
2024-05-11 15:12:04,85.42862,15.872757,81.16669,306.1114,849.43274,0.043781083,-32188.961843173543,206.0,N_756
2024-05-11 15:12:05,85.49087,15.829941,81.1597,305.7267,849.43274,0.042886667,-31919.032485971737,206.0,N_756
2024-05-11 15:12:06,85.55215,15.786713,81.145706,305.34903,849.43274,0.043972883,-31636.450454129532,206.0,N_756
2024-05-11 15:12:07,85.612465,15.743103,81.13172,304.96436,849.43274,0.044162832,-31363.820776429042,206.0,N_756
2024-05-11 15:12:08,85.67182,15.699081,81.124725,304.58667,849.43274,0.043436293,-31088.88224350829,206.0,N_756
2024-05-11 15:12:09,85.73021,15.654663,81.11074,304.20898,849.43274,0.043634385,-30818.79258961026,206.0,N_756
2024-05-11 15:12:10,85.787636,15.609848,81.103745,303.8313,849.43274,0.04404739,-30539.098934066787,206.0,N_756
2024-05-11 15:12:11,85.8441,15.564636,81.08975,303.4536,849.43274,0.043806277,-30266.262961659384,206.0,N_756
2024-05-11 15:12:12,85.8996,15.519012,81.07577,303.08292,849.43274,0.04356517,-29994.339619448445,206.0,N_756
2024-05-11 15:12:13,85.95413,15.472992,81.061775,302.71225,849.43274,0.044140916,-29724.451923559718,206.0,N_756
2024-05-11 15:12:14,86.007706,15.426575,81.05479,302.34155,849.43274,0.04363331,-29440.934083960492,206.0,N_756
2024-05-11 15:12:15,86.06031,15.379761,81.033806,301.97086,849.43274,0.043588337,-29168.186297082117,206.0,N_756
2024-05-11 15:12:16,86.11195,15.33255,81.01981,301.6002,849.43274,0.04303393,-28898.15167400005,206.0,N_756
2024-05-11 15:12:17,86.162636,15.284927,81.00583,301.2295,849.43274,0.04306639,-28633.574882050176,206.0,N_756
2024-05-11 15:12:18,86.21235,15.236908,80.99883,300.8588,849.43274,0.04306846,-28362.103039197715,206.0,N_756
2024-05-11 15:12:19,86.2611,15.188492,80.98484,300.4881,849.43274,0.04367032,-28081.934180084703,206.0,N_756
2024-05-11 15:12:20,86.30889,15.139664,80.96386,300.12442,849.43274,0.04389446,-27799.960340425827,206.0,N_756
2024-05-11 15:12:21,86.35571,15.090439,80.94288,299.7607,849.43274,0.044118598,-27531.322058685688,206.0,N_756
2024-05-11 15:12:22,86.40157,15.040817,80.928894,299.40402,849.43274,0.04472512,-27252.08840767286,206.0,N_756
2024-05-11 15:12:23,86.446465,14.990799,80.9149,299.04034,849.43274,0.044326477,-26970.3123237984,206.0,N_756
2024-05-11 15:12:24,86.4904,14.940384,80.89392,298.68362,849.43274,0.045274336,-26687.06204508873,206.0,N_756
2024-05-11 15:12:25,86.53337,14.889557,80.87993,298.31995,849.43274,0.0447745,-26401.293979261827,206.0,N_756
2024-05-11 15:12:26,86.57537,14.838333,80.85895,297.96323,849.43274,0.04583914,-26118.796950144875,206.0,N_756
2024-05-11 15:12:27,86.61641,14.786713,80.84496,297.60654,849.43274,0.046618287,-25830.102228163127,206.0,N_756
2024-05-11 15:12:28,86.65649,14.734695,80.83097,297.24985,849.43274,0.046116326,-25533.57806336866,206.0,N_756
2024-05-11 15:12:29,86.6956,14.682266,80.80999,296.89313,849.43274,0.045578703,-25246.160047034355,206.0,N_756
2024-05-11 15:12:30,86.73375,14.629456,80.78901,296.54343,849.43274,0.045969374,-24955.269320474363,206.0,N_756
2024-05-11 15:12:31,86.770935,14.576218,80.76803,296.19373,849.43274,0.046360042,-24677.656635708165,206.0,N_756
2024-05-11 15:12:32,86.80715,14.522598,80.754036,295.851,849.43274,0.046942793,-24378.242819504863,206.0,N_756
2024-05-11 15:12:33,86.842415,14.468582,80.733055,295.5013,849.43274,0.04716118,-24083.341558650405,206.0,N_756
2024-05-11 15:12:34,86.8767,14.414154,80.712074,295.1586,849.43274,0.047173906,-23781.915318261796,206.0,N_756
2024-05-11 15:12:35,86.910034,14.359329,80.69109,294.8089,849.43274,0.046326138,-23491.35913622925,206.0,N_756
2024-05-11 15:12:36,86.9424,14.304108,80.670105,294.4662,849.43274,0.045478366,-23191.21922138022,206.0,N_756
2024-05-11 15:12:37,86.9738,14.248474,80.642136,294.12347,849.43274,0.04636697,-22905.05911438512,206.0,N_756
2024-05-11 15:12:38,87.00424,14.192459,80.62115,293.78775,849.43274,0.046066836,-22619.242495941668,206.0,N_756
2024-05-11 15:12:39,87.033714,14.136032,80.60017,293.45203,849.43274,0.046054598,-22327.444527225274,206.0,N_756
2024-05-11 15:12:40,87.062225,14.079193,80.579185,293.1093,849.43274,0.04610414,-22040.536850888417,206.0,N_756
2024-05-11 15:12:41,87.08977,14.021973,80.558205,292.7736,849.43274,0.045555174,-21761.874112605517,206.0,N_756
2024-05-11 15:12:42,87.11635,13.96434,80.537224,292.4449,849.43274,0.04561857,-21476.462785598967,206.0,N_756
2024-05-11 15:12:43,87.14197,13.906326,80.516235,292.10916,849.43274,0.045681965,-21181.11028508272,206.0,N_756
2024-05-11 15:12:44,87.16662,13.847885,80.48826,291.78043,849.43274,0.04574536,-20885.231613435928,206.0,N_756
2024-05-11 15:12:45,87.190315,13.7890625,80.46028,291.45172,849.43274,0.04612369,-20586.071290769527,206.0,N_756
2024-05-11 15:12:46,87.213036,13.729843,80.43231,291.123,849.43274,0.045957725,-20307.65140402309,206.0,N_756
2024-05-11 15:12:47,87.2348,13.670212,80.41132,290.80127,849.43274,0.04581065,-20022.908939701872,206.0,N_756
2024-05-11 15:12:48,87.2556,13.610184,80.39034,290.47253,849.43274,0.04585721,-19728.283290349238,206.0,N_756
2024-05-11 15:12:49,87.27544,13.549744,80.362366,290.15082,849.43274,0.046959475,-19426.094748468753,206.0,N_756
2024-05-11 15:12:50,87.294304,13.488922,80.33439,289.82907,849.43274,0.04718054,-19121.737686178993,206.0,N_756
2024-05-11 15:12:51,87.31221,13.427689,80.30641,289.50735,849.43274,0.047742188,-18834.120378522777,206.0,N_756
2024-05-11 15:12:52,87.329155,13.366058,80.28543,289.19263,849.43274,0.046886086,-18550.18977533735,206.0,N_756
2024-05-11 15:12:53,87.34514,13.304031,80.26445,288.87787,849.43274,0.046602387,-18252.294696373086,206.0,N_756
2024-05-11 15:12:54,87.36015,13.241608,80.23647,288.56314,849.43274,0.04663658,-17954.43837093158,206.0,N_756
2024-05-11 15:12:55,87.3742,13.178772,80.208496,288.2484,849.43274,0.04759534,-17655.03216805557,206.0,N_756
2024-05-11 15:12:56,87.38729,13.11554,80.18052,287.94067,849.43274,0.047915023,-17352.55383769551,206.0,N_756
2024-05-11 15:12:57,87.399414,13.05191,80.15254,287.63293,849.43274,0.047503706,-17067.843390054084,206.0,N_756
2024-05-11 15:12:58,87.410576,12.987869,80.13156,287.3252,849.43274,0.047092386,-16774.25596284911,206.0,N_756
2024-05-11 15:12:59,87.42077,12.923447,80.103584,287.02444,849.43274,0.04668107,-16477.90051420749,206.0,N_756
2024-05-11 15:13:00,87.43,12.858612,80.07561,286.7167,849.43274,0.04709264,-16159.614473830268,206.0,N_756
2024-05-11 15:13:01,87.424995,12.752869,80.04064,286.40897,849.43274,0.047092732,-15865.920024467647,206.0,N_756
2024-05-11 15:13:02,87.41947,12.648117,80.012665,286.10822,849.43274,0.047072634,-15570.428011510061,206.0,N_756
2024-05-11 15:13:03,87.41344,12.544327,79.98469,285.80746,849.43463,0.04744396,-15277.500298585615,206.0,N_756
2024-05-11 15:13:04,87.40689,12.441498,79.95671,285.5137,849.43463,0.046912383,-14967.935705037404,206.0,N_756
2024-05-11 15:13:05,87.399826,12.339661,79.92174,285.21997,849.4309,0.047511026,-14673.903444099833,206.0,N_756
2024-05-11 15:13:06,87.39225,12.238785,79.89376,284.9262,849.4291,0.047518637,-14358.767602687212,206.0,N_756
2024-05-11 15:13:07,87.38416,12.1388855,79.85879,284.63245,849.442,0.047793124,-14061.509910135774,206.0,N_756
2024-05-11 15:13:08,87.37556,12.039963,79.83082,284.3387,849.44574,0.047658455,-13785.400797517235,206.0,N_756
2024-05-11 15:13:09,87.36644,11.942001,79.80983,284.05194,849.39575,0.04696947,-13476.384537414364,206.0,N_756
2024-05-11 15:13:10,87.356804,11.845032,79.774864,283.7652,849.3068,0.046634194,-13195.908035980941,206.0,N_756
2024-05-11 15:13:11,87.346664,11.749008,79.74689,283.4854,849.23645,0.04718889,-12884.848401072188,206.0,N_756
2024-05-11 15:13:12,87.336,11.653976,79.711914,283.19867,849.22534,0.047361553,-12578.65415755723,206.0,N_756
2024-05-11 15:13:13,87.32483,11.559921,79.67694,282.91888,849.2401,0.04773681,-12268.971112697578,206.0,N_756
2024-05-11 15:13:14,87.31314,11.466827,79.641975,282.63913,849.242,0.04775171,-11978.273832196584,206.0,N_756
2024-05-11 15:13:15,87.30094,11.37471,79.614,282.35938,849.23834,0.04777058,-11665.930087099177,206.0,N_756
2024-05-11 15:13:16,87.28822,11.283554,79.579025,282.0796,849.23834,0.04689602,-11360.055787373693,206.0,N_756
2024-05-11 15:13:17,87.274994,11.19339,79.54406,281.79984,849.23834,0.04654076,-11080.86390332092,206.0,N_756
2024-05-11 15:13:18,87.26125,11.104187,79.51608,281.52707,849.23834,0.046749096,-10804.142842427576,206.0,N_756
2024-05-11 15:13:19,87.246994,11.015961,79.488106,281.2613,849.23834,0.045829654,-10526.659033949081,206.0,N_756
2024-05-11 15:13:20,87.23222,10.928711,79.46013,280.98853,849.23834,0.046393868,-10203.75964345673,206.0,N_756
2024-05-11 15:13:21,87.21694,10.8424225,79.41816,280.71576,849.23834,0.046614654,-9908.493370328619,206.0,N_756
2024-05-11 15:13:22,87.20114,10.757111,79.383194,280.44998,849.23834,0.045595072,-9637.268153163677,206.0,N_756
2024-05-11 15:13:23,87.18483,10.672775,79.35522,280.1842,849.23834,0.045214538,-9347.651848433294,206.0,N_756
2024-05-11 15:13:24,87.168,10.5894165,79.320244,279.91843,849.23834,0.045411035,-9062.58894622279,206.0,N_756
2024-05-11 15:13:25,87.15066,10.507019,79.28527,279.65964,849.23834,0.045786485,-8774.16741932367,206.0,N_756
2024-05-11 15:13:26,87.132805,10.425598,79.250305,279.40085,849.23834,0.04610236,-8483.023270846206,206.0,N_756
2024-05-11 15:13:27,87.11444,10.345154,79.21533,279.1421,849.23834,0.046418235,-8166.5775531630625,206.0,N_756
2024-05-11 15:13:28,87.09556,10.265686,79.17337,278.8833,849.23834,0.046111796,-7894.772687927275,206.0,N_756
2024-05-11 15:13:29,87.076164,10.18718,79.14539,278.6245,849.23834,0.045731895,-7603.014771770733,206.0,N_756
2024-05-11 15:13:30,87.05625,10.10965,79.11042,278.36572,849.23834,0.04558313,-7318.316794215172,206.0,N_756
2024-05-11 15:13:31,87.03583,10.033096,79.07545,278.11395,849.23834,0.045613177,-7032.548498322833,206.0,N_756
2024-05-11 15:13:32,87.01489,9.95752,79.04048,277.86215,849.23834,0.046003845,-6726.183173955127,206.0,N_756
2024-05-11 15:13:33,86.99344,9.882904,78.99851,277.61737,849.23834,0.046030674,-6442.809584429415,206.0,N_756
2024-05-11 15:13:34,86.97147,9.809265,78.96355,277.37256,849.23834,0.04643532,-6149.380326804099,206.0,N_756
2024-05-11 15:13:35,86.949,9.736603,78.92857,277.1208,849.23834,0.045560878,-5886.754625835547,206.0,N_756
2024-05-11 15:13:36,86.926,9.664917,78.9006,276.87598,849.23834,0.045032836,-5583.589647689409,206.0,N_756
2024-05-11 15:13:37,86.9025,9.5941925,78.858635,276.6312,849.23834,0.04524128,-5285.867560739187,206.0,N_756
2024-05-11 15:13:38,86.87847,9.524445,78.816666,276.3934,849.23834,0.045063443,-5011.064382869228,206.0,N_756
2024-05-11 15:13:39,86.85394,9.455673,78.7817,276.15558,849.23834,0.045468185,-4731.830091750617,206.0,N_756
2024-05-11 15:13:40,86.82889,9.387878,78.74673,275.9178,849.23834,0.046041656,-4448.31262755293,206.0,N_756
2024-05-11 15:13:41,86.80333,9.321045,78.711754,275.68,849.23834,0.045877844,-4165.318485761227,206.0,N_756
2024-05-11 15:13:42,86.77725,9.255188,78.67679,275.4422,849.23834,0.045349017,-3862.6238458651733,206.0,N_756
2024-05-11 15:13:43,86.75066,9.190308,78.63482,275.20438,849.23834,0.046115912,-3583.7804388884324,206.0,N_756
2024-05-11 15:13:44,86.72356,9.126389,78.59985,274.97357,849.23834,0.045779854,-3281.9100041317433,206.0,N_756
2024-05-11 15:13:45,86.69594,9.063461,78.557884,274.74277,849.23834,0.045800865,-3003.631429754152,206.0,N_756
2024-05-11 15:13:46,86.66781,9.001495,78.52292,274.51196,849.23834,0.04620537,-2702.970308390153,206.0,N_756
2024-05-11 15:13:47,86.63916,8.940506,78.48095,274.28815,849.23834,0.045860946,-2428.5447109039123,206.0,N_756
2024-05-11 15:13:48,86.61,8.880478,78.445984,274.06436,849.23834,0.04588452,-2128.744696212554,206.0,N_756
2024-05-11 15:13:49,86.58033,8.821426,78.404015,273.84055,849.23834,0.047031865,-1821.8143323827426,206.0,N_756
2024-05-11 15:13:50,86.55014,8.763367,78.36205,273.61673,849.23834,0.04705543,-1537.9450446297506,206.0,N_756
2024-05-11 15:13:51,86.51944,8.706253,78.32708,273.3929,849.23834,0.046321057,-1233.5109379506393,206.0,N_756
2024-05-11 15:13:52,86.48822,8.650131,78.28512,273.1691,849.23834,0.0463495,-958.7852986081762,206.0,N_756
2024-05-11 15:13:53,86.4565,8.594971,78.250145,272.95227,849.23834,0.046743724,-655.5349376917802,206.0,N_756
2024-05-11 15:13:54,86.42425,8.540787,78.20818,272.73547,849.23834,0.046957448,-375.58841365070475,206.0,N_756
2024-05-11 15:13:55,86.391495,8.487579,78.17321,272.51865,849.23834,0.04716866,-68.36352187963894,206.0,N_756
2024-05-11 15:13:56,86.35822,8.435333,78.13125,272.30182,849.23834,0.047199443,214.22276678492562,206.0,N_756
2024-05-11 15:13:57,86.32444,8.384079,78.096275,272.08502,849.23834,0.04870869,533.0682841878388,206.0,N_756
2024-05-11 15:13:58,86.29014,8.333786,78.05431,271.8682,849.23834,0.04894517,874.6903417951817,206.0,N_756
2024-05-11 15:13:59,86.255325,8.284454,78.00535,271.6584,849.23834,0.048885375,1187.8309698485537,206.0,N_756
2024-05-11 15:14:00,86.22,8.2361145,77.96339,271.44855,849.23834,0.048825577,1471.1332055253479,206.0,N_756
2024-05-11 15:14:01,86.17228,8.211426,77.92841,271.24573,849.23834,0.04863915,1761.5974078111667,206.0,N_756
2024-05-11 15:14:02,86.12444,8.186935,77.89345,271.0359,849.23834,0.049046725,2074.313466942014,206.0,N_756
2024-05-11 15:14:03,86.0765,8.162659,77.85148,270.83307,849.23834,0.049429074,2394.882094657205,206.0,N_756
2024-05-11 15:14:04,86.02844,8.13858,77.80952,270.62323,849.23834,0.04851652,2703.7707815863287,206.0,N_756
2024-05-11 15:14:05,85.98028,8.1147,77.76755,270.4204,849.23834,0.048917644,3016.1332237309507,206.0,N_756
2024-05-11 15:14:06,85.932,8.091034,77.725586,270.2176,849.23834,0.048936658,3323.3888192663107,206.0,N_756
2024-05-11 15:14:07,85.88361,8.067566,77.683624,270.02176,849.23834,0.04877143,3610.875819910121,206.0,N_756
2024-05-11 15:14:08,85.83511,8.044296,77.64865,269.8189,849.23834,0.048616048,3946.278908457345,206.0,N_756
2024-05-11 15:14:09,85.7865,8.02124,77.59969,269.62308,849.23834,0.047883026,4246.975716824094,206.0,N_756
2024-05-11 15:14:10,85.73778,7.9983826,77.55773,269.42725,849.23834,0.048482023,4581.351998412281,206.0,N_756
2024-05-11 15:14:11,85.68894,7.9757233,77.508766,269.2314,849.23834,0.048326347,4880.347615836612,206.0,N_756
2024-05-11 15:14:12,85.64,7.9532776,77.466805,269.04257,849.23834,0.048334077,5162.040091158848,206.0,N_756
2024-05-11 15:14:13,85.59094,7.9310303,77.43183,268.84674,849.23834,0.04872865,5467.396299769971,206.0,N_756
2024-05-11 15:14:14,85.54178,7.9089966,77.38987,268.6579,849.23834,0.048376895,5769.792979917691,206.0,N_756
2024-05-11 15:14:15,85.4925,7.8871613,77.34791,268.46906,849.23834,0.049153786,6077.830806895619,206.0,N_756
2024-05-11 15:14:16,85.44311,7.8655243,77.30594,268.2802,849.23834,0.049168736,6414.80135146413,206.0,N_756
2024-05-11 15:14:17,85.39361,7.8440857,77.25698,268.09137,849.23834,0.049932618,6727.624468246429,206.0,N_756
2024-05-11 15:14:18,85.344,7.8228607,77.21502,267.90253,849.23834,0.049401768,7038.9049691497985,206.0,N_756
2024-05-11 15:14:19,85.29427,7.801834,77.17305,267.71368,849.23834,0.04979113,7376.2388245690945,206.0,N_756
2024-05-11 15:14:20,85.244446,7.781021,77.12409,267.53186,849.23834,0.049828082,7657.404042458977,206.0,N_756
2024-05-11 15:14:21,85.194496,7.7604065,77.08912,267.35,849.23834,0.04910619,7963.894742277756,206.0,N_756
2024-05-11 15:14:22,85.14444,7.73999,77.04716,267.16815,849.23834,0.048561458,8265.86810593238,206.0,N_756
2024-05-11 15:14:23,85.09428,7.7197876,77.005196,266.9863,849.23834,0.049137242,8566.119422833948,206.0,N_756
2024-05-11 15:14:24,85.044,7.6997833,76.96323,266.81146,849.23834,0.049532317,8875.67758601062,206.0,N_756
2024-05-11 15:14:25,84.99361,7.6799774,76.921265,266.6296,849.23834,0.049558148,9214.323250380743,206.0,N_756
2024-05-11 15:14:26,84.94311,7.660385,76.87231,266.44775,849.23834,0.049577035,9517.402552433805,206.0,N_756
2024-05-11 15:14:27,84.8925,7.640991,76.83034,266.27292,849.23834,0.049791016,9824.040581986816,206.0,N_756
2024-05-11 15:14:28,84.841774,7.6217957,76.788376,266.09805,849.23834,0.050205506,10133.828372581389,206.0,N_756
2024-05-11 15:14:29,84.79094,7.6028137,76.746414,265.9232,849.23834,0.049860176,10435.738022905492,206.0,N_756
2024-05-11 15:14:30,84.74,7.58403,76.704445,265.75534,849.23834,0.050635755,10779.138109818567,206.0,N_756
2024-05-11 15:14:31,84.68894,7.565445,76.65549,265.58047,849.23834,0.050095543,11111.771214428549,206.0,N_756
2024-05-11 15:14:32,84.63777,7.5470734,76.60653,265.41263,849.23834,0.050867245,11450.525477763715,206.0,N_756
2024-05-11 15:14:33,84.586494,7.5289,76.55757,265.24478,849.23834,0.051075794,11791.24008094838,206.0,N_756
2024-05-11 15:14:34,84.53511,7.5109406,76.50861,265.0769,849.23834,0.05166601,12106.00885405889,206.0,N_756
2024-05-11 15:14:35,84.48361,7.4931793,76.466644,264.90906,849.23834,0.050942887,12418.066328724659,206.0,N_756
2024-05-11 15:14:36,84.432,7.4756165,76.42468,264.74118,849.23834,0.05133634,12733.113165092549,206.0,N_756
2024-05-11 15:14:37,84.38027,7.458252,76.38271,264.57333,849.23834,0.051531818,13043.410015221056,206.0,N_756
2024-05-11 15:14:38,84.328445,7.441101,76.34075,264.41248,849.23834,0.051182874,13382.85901104824,206.0,N_756
2024-05-11 15:14:39,84.2765,7.4241486,76.291794,264.25162,849.23834,0.051040307,13726.204729369852,206.0,N_756
2024-05-11 15:14:40,84.22444,7.4074097,76.242836,264.08374,849.2401,0.05124978,14065.274879291352,206.0,N_756
2024-05-11 15:14:41,84.17227,7.390869,76.19388,263.92288,849.2401,0.05126104,14374.593435946232,206.0,N_756
2024-05-11 15:14:42,84.119995,7.374527,76.15191,263.76202,849.2346,0.05018073,14708.830606722846,206.0,N_756
2024-05-11 15:14:43,84.06761,7.3583984,76.10295,263.60117,849.2346,0.0511344,15011.811337467834,206.0,N_756
2024-05-11 15:14:44,84.01511,7.3424683,76.06099,263.4473,849.24945,0.051525988,15325.97770401373,206.0,N_756
2024-05-11 15:14:45,83.962494,7.3267365,76.01902,263.2864,849.255,0.05136865,15663.778975525523,206.0,N_756
2024-05-11 15:14:46,83.909775,7.3112183,75.97006,263.13254,849.1901,0.051580284,16002.220256215373,206.0,N_756
2024-05-11 15:14:47,83.85694,7.2958984,75.921104,262.97867,849.0809,0.052168738,16345.145349285336,206.0,N_756
2024-05-11 15:14:48,83.80399,7.280777,75.87215,262.8248,849.0198,0.053118028,16663.082589733902,206.0,N_756
2024-05-11 15:14:49,83.75094,7.265869,75.830185,262.67093,849.0235,0.05352568,16985.55963018285,206.0,N_756
2024-05-11 15:14:50,83.69778,7.2511597,75.788216,262.51706,849.0457,0.0539065,17336.962398371452,206.0,N_756
2024-05-11 15:14:51,83.64449,7.2366486,75.73926,262.37018,849.0494,0.05392345,17693.918191891382,206.0,N_756
2024-05-11 15:14:52,83.59111,7.222351,75.6903,262.2163,849.0438,0.053397298,18008.579125435703,206.0,N_756
2024-05-11 15:14:53,83.537605,7.208252,75.64834,262.06946,849.042,0.05360057,18359.409269165422,206.0,N_756
2024-05-11 15:14:54,83.48399,7.1943665,75.59937,261.92258,849.0438,0.053719684,18716.259225632843,206.0,N_756
2024-05-11 15:14:55,83.430275,7.1806793,75.550415,261.7687,849.0438,0.053838797,19067.743353628422,206.0,N_756
2024-05-11 15:14:56,83.37644,7.1671906,75.50146,261.62183,849.0438,0.052742448,19380.399611354605,206.0,N_756
2024-05-11 15:14:57,83.322495,7.1539,75.459496,261.47495,849.0438,0.052026168,19715.9982031201,206.0,N_756
2024-05-11 15:14:58,83.26844,7.1408234,75.41054,261.33505,849.0438,0.052973535,20031.24601582908,206.0,N_756
2024-05-11 15:14:59,83.21427,7.127945,75.36857,261.18817,849.0438,0.054291077,20382.805325033893,206.0,N_756
2024-05-11 15:15:00,83.159996,7.11528,75.31961,261.0483,849.0438,0.05430889,20740.055126201194,206.0,N_756
2024-05-11 15:15:01,83.10298,7.1073914,75.27065,260.90143,849.0438,0.05379186,21054.460810594985,206.0,N_756
2024-05-11 15:15:02,83.04595,7.0995483,75.22869,260.76154,849.0438,0.053625077,21402.959149903138,206.0,N_756
2024-05-11 15:15:03,82.9889,7.0917664,75.179726,260.62167,849.0438,0.05438618,21755.45792653369,206.0,N_756
2024-05-11 15:15:04,82.931816,7.084015,75.13077,260.48178,849.0438,0.056258086,22121.05676689694,206.0,N_756
2024-05-11 15:15:05,82.87472,7.0763245,75.08181,260.3419,849.0438,0.053879675,22470.898259948353,206.0,N_756
2024-05-11 15:15:06,82.8176,7.06868,75.03285,260.20203,849.0438,0.054280322,22817.485621174957,206.0,N_756
2024-05-11 15:15:07,82.76045,7.061081,74.983894,260.06912,849.0438,0.055431984,23137.877266178715,206.0,N_756
2024-05-11 15:15:08,82.703285,7.053528,74.94193,259.93625,849.0438,0.055079084,23465.332572160052,206.0,N_756
2024-05-11 15:15:09,82.646095,7.046036,74.89996,259.79636,849.0438,0.054726183,23817.444970847515,206.0,N_756
2024-05-11 15:15:10,82.58888,7.0385895,74.851006,259.66348,849.0438,0.05120774,24184.035712029054,206.0,N_756
2024-05-11 15:15:11,82.531654,7.0311737,74.79505,259.5236,849.0438,0.052352153,24517.93530359826,206.0,N_756
2024-05-11 15:15:12,82.474396,7.023819,74.74609,259.3907,849.0438,0.05386778,24857.83651305638,206.0,N_756
2024-05-11 15:15:13,82.41712,7.0165253,74.697136,259.2648,849.0438,0.057597823,25229.79222496408,206.0,N_756
2024-05-11 15:15:14,82.35982,7.009262,74.64818,259.13193,849.0438,0.056869715,25597.022458389383,206.0,N_756
2024-05-11 15:15:15,82.3025,7.0020447,74.59922,258.99902,849.0438,0.058183134,25966.525876389893,206.0,N_756
2024-05-11 15:15:16,82.245155,6.9948883,74.55026,258.87314,849.0438,0.05877158,26347.682064609235,206.0,N_756
2024-05-11 15:15:17,82.18778,6.9877777,74.5013,258.74023,849.0438,0.059164207,26724.43779780759,206.0,N_756
2024-05-11 15:15:18,82.130394,6.980713,74.45234,258.61435,849.0438,0.058621783,27105.33536767988,206.0,N_756
2024-05-11 15:15:19,82.07298,6.973694,74.40338,258.48148,849.0438,0.058832653,27480.68135124566,206.0,N_756
2024-05-11 15:15:20,82.01555,6.966736,74.35442,258.35556,849.0438,0.058852475,27856.759633016067,206.0,N_756
2024-05-11 15:15:21,81.9581,6.9598083,74.305466,258.22968,849.0438,0.059248175,28235.855259113207,206.0,N_756
2024-05-11 15:15:22,81.90062,6.952942,74.25651,258.1038,849.0438,0.059454,28616.738706817272,206.0,N_756
2024-05-11 15:15:23,81.84312,6.946121,74.20755,257.97787,849.0438,0.058921605,28994.422089076856,206.0,N_756
2024-05-11 15:15:24,81.7856,6.9393463,74.15859,257.852,849.0438,0.058200315,29360.703374121986,206.0,N_756
2024-05-11 15:15:25,81.72805,6.932617,74.10963,257.7331,849.0438,0.058219112,29734.70736514468,206.0,N_756
2024-05-11 15:15:26,81.67049,6.925949,74.06067,257.6072,849.0438,0.05879739,30068.288627761252,206.0,N_756
2024-05-11 15:15:27,81.6129,6.919327,74.01871,257.4883,849.0438,0.058820076,30441.45664216511,206.0,N_756
2024-05-11 15:15:28,81.55528,6.912735,73.96975,257.3694,849.0438,0.058472432,30818.249057626148,206.0,N_756
2024-05-11 15:15:29,81.49765,6.906204,73.92079,257.2435,849.0438,0.05923149,31232.122255819108,206.0,N_756
2024-05-11 15:15:30,81.439995,6.899719,73.86484,257.1246,849.0438,0.059070908,31604.844172007288,206.0,N_756
2024-05-11 15:15:31,81.38232,6.8932953,73.81588,257.0057,849.0438,0.05918421,31973.209278303042,206.0,N_756
2024-05-11 15:15:32,81.324615,6.886902,73.766914,256.8938,849.0438,0.059297506,32349.973565879623,206.0,N_756
2024-05-11 15:15:33,81.2669,6.8805695,73.71796,256.7749,849.0438,0.059134305,32725.76626314912,206.0,N_756
2024-05-11 15:15:34,81.20915,6.874283,73.669,256.656,849.0438,0.059153676,33102.043744800365,206.0,N_756
2024-05-11 15:15:35,81.15138,6.868042,73.62004,256.5371,849.0438,0.05991737,33476.41958818042,206.0,N_756
2024-05-11 15:15:36,81.0936,6.861847,73.57108,256.4252,849.0438,0.059936054,33898.23790245388,206.0,N_756
2024-05-11 15:15:37,81.03578,6.855713,73.51513,256.3063,849.0438,0.061249826,34280.40182502095,206.0,N_756
2024-05-11 15:15:38,80.97795,6.8496094,73.46617,256.1944,849.0438,0.06127054,34634.126224325315,206.0,N_756
2024-05-11 15:15:39,80.9201,6.843567,73.42421,256.0755,849.0438,0.060736496,35016.81894367357,206.0,N_756
2024-05-11 15:15:40,80.86222,6.83757,73.375244,255.96358,849.0438,0.060386743,35396.14909750447,206.0,N_756
2024-05-11 15:15:41,80.80432,6.8316193,73.32629,255.85167,849.0438,0.060963195,35772.22693068337,206.0,N_756
2024-05-11 15:15:42,80.7464,6.825714,73.27733,255.74677,849.0438,0.061720226,36161.20120477565,206.0,N_756
2024-05-11 15:15:43,80.68845,6.81987,73.22837,255.63486,849.0438,0.061555352,36557.005684459145,206.0,N_756
2024-05-11 15:15:44,80.630486,6.8140564,73.17941,255.51596,849.0438,0.061393067,36984.79714998942,206.0,N_756
2024-05-11 15:15:45,80.572495,6.808304,73.12346,255.40405,849.0438,0.061414935,37404.88396550222,206.0,N_756
2024-05-11 15:15:46,80.51449,6.802597,73.067505,255.29915,849.0438,0.061436802,37832.58811509532,206.0,N_756
2024-05-11 15:15:47,80.45645,6.796936,73.01155,255.18724,849.0438,0.062011834,38215.783144607485,206.0,N_756
2024-05-11 15:15:48,80.3984,6.791321,72.96259,255.08232,849.0438,0.06166186,38559.00588285703,206.0,N_756
2024-05-11 15:15:49,80.34032,6.7857666,72.92063,254.97742,849.0438,0.06186634,38953.05527897462,206.0,N_756
2024-05-11 15:15:50,80.28222,6.780258,72.87167,254.86551,849.0438,0.061331093,39334.34595635306,206.0,N_756
2024-05-11 15:15:51,80.2241,6.7747803,72.822716,254.76059,849.0438,0.060795847,39712.7563135716,206.0,N_756
2024-05-11 15:15:52,80.165955,6.7693634,72.77375,254.65569,849.0438,0.061556138,40096.36786132732,206.0,N_756
2024-05-11 15:15:53,80.10779,6.7640076,72.72479,254.55077,849.0438,0.062316425,40527.01993124974,206.0,N_756
2024-05-11 15:15:54,80.0496,6.7586823,72.66884,254.44586,849.0438,0.06326186,40963.118557324546,206.0,N_756
2024-05-11 15:15:55,79.99139,6.753418,72.61289,254.34094,849.0438,0.06364982,41359.71642316639,206.0,N_756
2024-05-11 15:15:56,79.93315,6.748184,72.563934,254.23604,849.0438,0.063483216,41757.232801641294,206.0,N_756
2024-05-11 15:15:57,79.87489,6.7430115,72.51497,254.13112,849.0438,0.06313624,42187.838649301586,206.0,N_756
2024-05-11 15:15:58,79.81662,6.7378845,72.45902,254.0332,849.0438,0.06371247,42578.19624933832,206.0,N_756
2024-05-11 15:15:59,79.758316,6.7328186,72.41006,253.93529,849.0438,0.064100154,43023.697414227514,206.0,N_756
2024-05-11 15:16:00,79.7,6.727783,72.35411,253.83038,849.0438,0.06393529,43423.93395215465,206.0,N_756
2024-05-11 15:16:01,79.64214,6.7234497,72.305145,253.72546,849.0438,0.06358631,43815.71689011461,206.0,N_756
2024-05-11 15:16:02,79.58425,6.7191467,72.25619,253.62755,849.0438,0.063234285,44205.78344344924,206.0,N_756
2024-05-11 15:16:03,79.52632,6.714859,72.20723,253.52963,849.0438,0.06307187,44595.098559070786,206.0,N_756
2024-05-11 15:16:04,79.46835,6.710602,72.15827,253.43172,849.0438,0.06309523,44984.85240396949,206.0,N_756
2024-05-11 15:16:05,79.41035,6.706375,72.109314,253.3338,849.0438,0.063114084,45375.016906467805,206.0,N_756
2024-05-11 15:16:06,79.352295,6.702179,72.060356,253.23589,849.0438,0.06294598,45814.39393059764,206.0,N_756
2024-05-11 15:16:07,79.29421,6.697998,72.0044,253.13097,849.0457,0.0629659,46237.887977033664,206.0,N_756
2024-05-11 15:16:08,79.236084,6.6938477,71.94845,253.04004,849.0401,0.06298576,46585.9237023856,206.0,N_756
2024-05-11 15:16:09,79.177925,6.689728,71.90649,252.94212,849.03644,0.063005626,47020.761663116195,206.0,N_756
2024-05-11 15:16:10,79.11972,6.6856384,71.85053,252.84421,849.0457,0.06376207,47415.012601831906,206.0,N_756
2024-05-11 15:16:11,79.06148,6.6815643,71.801575,252.74629,849.0642,0.06452225,47859.587481940376,206.0,N_756
2024-05-11 15:16:12,79.0032,6.6775208,71.74562,252.64838,849.0401,0.06435824,48250.161913690215,206.0,N_756
2024-05-11 15:16:13,78.94488,6.6735077,71.69666,252.55745,848.93823,0.06436852,48642.93641169052,206.0,N_756
2024-05-11 15:16:14,78.88652,6.669525,71.647705,252.46652,848.8457,0.064017765,49085.00968110979,206.0,N_756
2024-05-11 15:16:15,78.828125,6.665558,71.59175,252.3686,848.8309,0.06385267,49516.91812894976,206.0,N_756
2024-05-11 15:16:16,78.769684,6.661621,71.5358,252.27768,848.84937,0.06331662,49902.24164590107,206.0,N_756
2024-05-11 15:16:17,78.71121,6.657715,71.48684,252.18677,848.8549,0.06352161,50299.0365236365,206.0,N_756
2024-05-11 15:16:18,78.652695,6.653839,71.43788,252.08884,848.84937,0.0637266,50732.418829873204,206.0,N_756
2024-05-11 15:16:19,78.59415,6.6499786,71.38193,251.99792,848.8475,0.062266767,51104.205528017614,206.0,N_756
2024-05-11 15:16:20,78.53555,6.6461487,71.33297,251.91399,848.84937,0.062472768,51529.752355418546,206.0,N_756
2024-05-11 15:16:21,78.47692,6.6423492,71.277016,251.82307,848.84937,0.06212246,51908.877711849884,206.0,N_756
2024-05-11 15:16:22,78.41825,6.638565,71.22806,251.73215,848.84937,0.06251435,52292.437145729506,206.0,N_756
2024-05-11 15:16:23,78.35954,6.6348114,71.17909,251.64122,848.84937,0.06253485,52718.88481413521,206.0,N_756
2024-05-11 15:16:24,78.3008,6.6310883,71.123146,251.5503,848.84937,0.062184412,53099.265360618185,206.0,N_756
2024-05-11 15:16:25,78.24201,6.6273956,71.07418,251.45937,848.84937,0.0620151,53472.50884308791,206.0,N_756
2024-05-11 15:16:26,78.18318,6.6237335,71.02522,251.37544,848.84937,0.062221847,53897.7303051106,206.0,N_756
2024-05-11 15:16:27,78.12432,6.6200867,70.96928,251.28452,848.84937,0.062241066,54321.51132394114,206.0,N_756
2024-05-11 15:16:28,78.06542,6.6164703,70.91332,251.1936,848.84937,0.06170407,54734.592555146344,206.0,N_756
2024-05-11 15:16:29,78.00648,6.6128693,70.85737,251.10966,848.84937,0.061167076,55102.124552687616,206.0,N_756
2024-05-11 15:16:30,77.947495,6.609314,70.80841,251.02574,848.84937,0.061556295,55523.726637897635,206.0,N_756
2024-05-11 15:16:31,77.88847,6.605774,70.75246,250.93481,848.84937,0.061947923,55896.402160265396,206.0,N_756
2024-05-11 15:16:32,77.82942,6.6022644,70.7035,250.85089,848.84937,0.061777897,56278.25215390789,206.0,N_756
2024-05-11 15:16:33,77.770325,6.59877,70.65454,250.75996,848.84937,0.061425544,56685.24493403199,206.0,N_756
2024-05-11 15:16:34,77.71118,6.5953217,70.59859,250.68303,848.84937,0.062373985,57061.81309052507,206.0,N_756
2024-05-11 15:16:35,77.65201,6.5918884,70.54963,250.59909,848.84937,0.062392414,57483.08003868048,206.0,N_756
2024-05-11 15:16:36,77.5928,6.5884857,70.493675,250.51517,848.84937,0.06297265,57872.100397921604,206.0,N_756
2024-05-11 15:16:37,77.53355,6.5850983,70.44472,250.42424,848.84937,0.06355289,58258.01882557971,206.0,N_756
2024-05-11 15:16:38,77.47425,6.5817566,70.39575,250.34032,848.84937,0.06374869,58682.10295139314,206.0,N_756
2024-05-11 15:16:39,77.414925,6.57843,70.339806,250.26338,848.84937,0.06326869,59065.58835631053,206.0,N_756
2024-05-11 15:16:40,77.35555,6.5751343,70.29084,250.17944,848.84937,0.062788695,59490.68533575199,206.0,N_756
2024-05-11 15:16:41,77.29614,6.5718536,70.23489,250.09552,848.84937,0.062308695,59911.07015733121,206.0,N_756
2024-05-11 15:16:42,77.236694,6.5686035,70.17894,250.0116,848.84937,0.061597172,60276.51070927709,206.0,N_756
2024-05-11 15:16:43,77.17721,6.565384,70.12998,249.93466,848.84937,0.06088565,60647.57803502762,206.0,N_756
2024-05-11 15:16:44,77.11768,6.562195,70.08102,249.85072,848.84937,0.061460108,61057.058984127696,206.0,N_756
2024-05-11 15:16:45,77.05812,6.5590363,70.02507,249.77379,848.84937,0.061277837,61471.348872776965,206.0,N_756
2024-05-11 15:16:46,76.99852,6.555893,69.96912,249.68987,848.84937,0.062221825,61884.89949755429,206.0,N_756
2024-05-11 15:16:47,76.93887,6.55278,69.91316,249.61293,848.84937,0.061310615,62299.91048671133,206.0,N_756
2024-05-11 15:16:48,76.879196,6.549698,69.85721,249.52899,848.84937,0.06095103,62662.64365071881,206.0,N_756
2024-05-11 15:16:49,76.81947,6.546631,69.80825,249.45206,848.84937,0.061142046,63071.20747064067,206.0,N_756
2024-05-11 15:16:50,76.75972,6.5435944,69.7523,249.37512,848.84937,0.062286757,63442.911096119424,206.0,N_756
2024-05-11 15:16:51,76.69992,6.5405884,69.70334,249.29819,848.84937,0.062313147,63816.629860842426,206.0,N_756
2024-05-11 15:16:52,76.64008,6.537613,69.65438,249.22125,848.84937,0.060836863,64189.56631939608,206.0,N_756
2024-05-11 15:16:53,76.58021,6.5346527,69.60542,249.13733,848.84937,0.061232504,64599.265654340765,206.0,N_756
2024-05-11 15:16:54,76.520294,6.5317383,69.54947,249.0604,848.84937,0.060509726,65002.74963495252,206.0,N_756
2024-05-11 15:16:55,76.46034,6.528824,69.493515,248.98346,848.84937,0.06165086,65414.347929492826,206.0,N_756
2024-05-11 15:16:56,76.40035,6.525955,69.43756,248.90652,848.84937,0.061480302,65782.3308217354,206.0,N_756
2024-05-11 15:16:57,76.340324,6.523102,69.3886,248.82959,848.84937,0.061399817,66143.76761603577,206.0,N_756
2024-05-11 15:16:58,76.28025,6.520294,69.339645,248.75964,848.84937,0.06131933,66555.52195310048,206.0,N_756
2024-05-11 15:16:59,76.220146,6.5174866,69.28369,248.68271,848.84937,0.061364967,66915.4628018869,206.0,N_756
2024-05-11 15:17:00,76.159996,6.5147247,69.23473,248.61276,848.84937,0.06090753,67324.74721663169,206.0,N_756
2024-05-11 15:17:01,76.09899,6.5125885,69.17878,248.53583,848.84937,0.060450096,67736.82677989994,206.0,N_756
2024-05-11 15:17:02,76.03797,6.5104523,69.122826,248.4519,848.84937,0.06157232,68141.75889275315,206.0,N_756
2024-05-11 15:17:03,75.976944,6.5083313,69.06687,248.38196,848.84937,0.0614151,68546.24298128078,206.0,N_756
2024-05-11 15:17:04,75.91591,6.5062103,69.01092,248.31203,848.84937,0.06273918,68924.13175135913,206.0,N_756
2024-05-11 15:17:05,75.85486,6.5040894,68.96196,248.23509,848.84937,0.06274634,69295.33919238341,206.0,N_756
2024-05-11 15:17:06,75.79379,6.5019836,68.913,248.16515,848.84937,0.06088472,69705.6651661325,206.0,N_756
2024-05-11 15:17:07,75.73273,6.499878,68.85705,248.08821,848.84937,0.061088588,70108.36064262503,206.0,N_756
2024-05-11 15:17:08,75.67164,6.4977875,68.801094,248.01826,848.84937,0.06074037,70509.01624117431,206.0,N_756
2024-05-11 15:17:09,75.61054,6.495697,68.74515,247.94833,848.84937,0.060196303,70872.10205645113,206.0,N_756
2024-05-11 15:17:10,75.54944,6.493622,68.69618,247.8714,848.85126,0.059848648,71226.43623547247,206.0,N_756
2024-05-11 15:17:11,75.48833,6.4915314,68.647224,247.80145,848.84937,0.060610645,71628.40304135304,206.0,N_756
2024-05-11 15:17:12,75.42719,6.4894714,68.59127,247.7315,848.8438,0.061386038,72034.15332876985,206.0,N_756
2024-05-11 15:17:13,75.36606,6.4873962,68.535324,247.66158,848.85126,0.06185752,72443.38644951713,206.0,N_756
2024-05-11 15:17:14,75.30491,6.4853363,68.47937,247.59163,848.86975,0.062329,72856.03748201614,206.0,N_756
2024-05-11 15:17:15,75.243744,6.4832916,68.423416,247.52168,848.8457,0.06161773,73263.96722621616,206.0,N_756
2024-05-11 15:17:16,75.18257,6.481247,68.36746,247.45175,848.74567,0.05958649,73616.4145055329,206.0,N_756
2024-05-11 15:17:17,75.12139,6.4792023,68.318504,247.3818,848.64935,0.060754247,74020.41502181394,206.0,N_756
2024-05-11 15:17:18,75.060196,6.477173,68.26255,247.31186,848.62714,0.060698185,74380.08398921824,206.0,N_756
2024-05-11 15:17:19,74.99899,6.4751434,68.21359,247.24193,848.6457,0.060642127,74776.54659832166,206.0,N_756
2024-05-11 15:17:20,74.937775,6.473114,68.15764,247.17897,848.6605,0.060586065,75178.46606310073,206.0,N_756
2024-05-11 15:17:21,74.87655,6.4711,68.101685,247.10904,848.65674,0.061557245,75587.04371644203,206.0,N_756
2024-05-11 15:17:22,74.81531,6.4690857,68.04573,247.0391,848.6531,0.060811527,75990.6643090688,206.0,N_756
2024-05-11 15:17:23,74.75406,6.467087,67.98978,246.96915,848.6531,0.059524592,76344.04047733458,206.0,N_756
2024-05-11 15:17:24,74.692795,6.465088,67.94082,246.89922,848.6549,0.06072385,76698.59703973646,206.0,N_756
2024-05-11 15:17:25,74.63152,6.463089,67.89186,246.83626,848.6549,0.061923105,77112.25334929998,206.0,N_756
2024-05-11 15:17:26,74.57024,6.4611053,67.83591,246.76633,848.6549,0.059129566,77455.78999500774,206.0,N_756
2024-05-11 15:17:27,74.50894,6.4591217,67.78695,246.70337,848.6549,0.06233887,77872.66549700097,206.0,N_756
2024-05-11 15:17:28,74.44764,6.4571533,67.730995,246.63344,848.6549,0.05969297,78269.53746527119,206.0,N_756
2024-05-11 15:17:29,74.38632,6.455185,67.67505,246.56349,848.6549,0.058212433,78607.99898601744,206.0,N_756
2024-05-11 15:17:30,74.325,6.453232,67.62608,246.50055,848.6549,0.05729186,78983.44260016395,206.0,N_756
2024-05-11 15:17:31,74.26366,6.4512634,67.57014,246.4376,848.6549,0.0571217,79356.2814717169,206.0,N_756
2024-05-11 15:17:32,74.20231,6.4493256,67.51418,246.37465,848.6549,0.056951538,79728.08909976366,206.0,N_756
2024-05-11 15:17:33,74.140945,6.4473724,67.45823,246.3117,848.6549,0.056040462,80100.82469738011,206.0,N_756
2024-05-11 15:17:34,74.079575,6.4454346,67.402275,246.24176,848.6549,0.05661322,80470.38927709966,206.0,N_756
2024-05-11 15:17:35,74.01819,6.443512,67.34632,246.17882,848.6549,0.057384677,80804.94134688238,206.0,N_756
2024-05-11 15:17:36,73.956795,6.4415894,67.29736,246.11588,848.6549,0.056852832,81178.29958501527,206.0,N_756
2024-05-11 15:17:37,73.895386,6.4396667,67.24141,246.05292,848.6549,0.057992574,81557.89132336236,206.0,N_756
2024-05-11 15:17:38,73.83397,6.4377594,67.185455,245.98997,848.6549,0.058728665,81942.64333207726,206.0,N_756
2024-05-11 15:17:39,73.772545,6.435852,67.1295,245.92703,848.6549,0.05854522,82284.92632517705,206.0,N_756
2024-05-11 15:17:40,73.711105,6.4339447,67.08054,245.86407,848.6549,0.057453863,82662.92138410683,206.0,N_756
2024-05-11 15:17:41,73.64966,6.4320526,67.02459,245.80113,848.6549,0.058060307,83043.49793449641,206.0,N_756
2024-05-11 15:17:42,73.588196,6.4301605,66.96864,245.73819,848.6549,0.05862793,83428.14050308969,206.0,N_756
2024-05-11 15:17:43,73.526726,6.4282837,66.91269,245.67525,848.6549,0.05825296,83769.27877022143,206.0,N_756
2024-05-11 15:17:44,73.46524,6.426407,66.86373,245.61229,848.6549,0.05675379,84143.06078636246,206.0,N_756
2024-05-11 15:17:45,73.40375,6.42453,66.80778,245.54935,848.6549,0.056417488,84513.0375398722,206.0,N_756
2024-05-11 15:17:46,73.34224,6.4226685,66.75182,245.4864,848.6549,0.056796823,84878.96585876783,206.0,N_756
2024-05-11 15:17:47,73.28072,6.420807,66.69587,245.43045,848.6549,0.056255564,85208.73050589948,206.0,N_756
2024-05-11 15:17:48,73.21919,6.4189606,66.64691,245.3675,848.6549,0.05458084,85568.2218307677,206.0,N_756
2024-05-11 15:17:49,73.15765,6.4171143,66.59096,245.30455,848.6549,0.051975284,85908.38323283604,206.0,N_756
2024-05-11 15:17:50,73.09611,6.415283,66.535,245.24161,848.6549,0.049386162,86224.97291230144,206.0,N_756
2024-05-11 15:17:51,73.034546,6.413437,66.47905,245.18565,848.6549,0.047696643,86536.34675026411,206.0,N_756
2024-05-11 15:17:52,72.97298,6.411621,66.423096,245.12271,848.6549,0.047525458,86806.53882659554,206.0,N_756
2024-05-11 15:17:53,72.91139,6.40979,66.37414,245.06676,848.6549,0.047566842,87113.06598796703,206.0,N_756
2024-05-11 15:17:54,72.84979,6.4079742,66.318184,245.0108,848.6549,0.023188647,87256.88936562417,206.0,N_756
2024-05-11 15:17:55,72.78819,6.4061737,66.26224,244.94786,848.6549,0.017920312,87362.24881328816,206.0,N_756
2024-05-11 15:17:56,72.72657,6.404373,66.20628,244.8919,848.6549,-0.004640801,87315.42924775417,206.0,N_756
2024-05-11 15:17:57,72.66495,6.4025726,66.15033,244.82895,848.6549,-0.008808782,87247.20314953984,206.0,N_756
2024-05-11 15:17:58,72.60331,6.4007874,66.10137,244.773,848.65674,-0.01748288,87113.92119045905,206.0,N_756
2024-05-11 15:17:59,72.54166,6.399002,66.04542,244.71005,848.65674,-0.0016552093,87088.73645167952,206.0,N_756
2024-05-11 15:18:00,72.479996,6.397217,65.99646,244.6541,848.65125,0.007985948,87129.21078854849,206.0,N_756
2024-05-11 15:18:01,72.41816,6.3953857,65.940506,244.59814,848.64935,0.008839223,87173.80254539887,206.0,N_756
2024-05-11 15:18:02,72.356316,6.39357,65.88455,244.54219,848.6661,0.009692498,87225.40220994402,206.0,N_756
2024-05-11 15:18:03,72.29447,6.391754,65.8286,244.47925,848.6716,0.009709361,87275.6837230786,206.0,N_756
2024-05-11 15:18:04,72.23262,6.3899536,65.772644,244.4233,848.6049,0.050706863,87602.8197244154,206.0,N_756
2024-05-11 15:18:05,72.17076,6.3881683,65.71669,244.36734,848.4956,0.050718,87930.098676518,206.0,N_756
2024-05-11 15:18:06,72.108894,6.386368,65.66074,244.31139,848.44006,0.023760272,88058.58714482337,206.0,N_756
2024-05-11 15:18:07,72.04703,6.384598,65.61178,244.25543,848.4512,0.023788163,88223.17630676311,206.0,N_756
2024-05-11 15:18:08,71.98515,6.3828278,65.548836,244.19948,848.466,0.0133082755,88296.45391453202,206.0,N_756
2024-05-11 15:18:09,71.92327,6.3810577,65.49288,244.14352,848.466,0.0028283878,88300.59557041572,206.0,N_756
2024-05-11 15:18:10,71.86139,6.379303,65.43693,244.08757,848.46045,-0.0076515,88233.90926938981,206.0,N_756
2024-05-11 15:18:11,71.79949,6.3775635,65.380974,244.03163,848.4586,-0.007626219,88167.37911562518,206.0,N_756
2024-05-11 15:18:12,71.737595,6.375824,65.32502,243.97568,848.46045,-0.039965875,87910.57005888468,206.0,N_756
2024-05-11 15:18:13,71.6757,6.3740845,65.27606,243.91972,848.46045,-0.039933134,87627.09385743512,206.0,N_756
2024-05-11 15:18:14,71.613785,6.37236,65.22011,243.86377,848.46045,-0.047100198,87293.4184603766,206.0,N_756
2024-05-11 15:18:15,71.55187,6.3706512,65.16416,243.80782,848.46045,-0.04706239,86959.86791022567,206.0,N_756
2024-05-11 15:18:16,71.48995,6.3689423,65.10821,243.75186,848.46045,-0.044569448,86648.48865955284,206.0,N_756
2024-05-11 15:18:17,71.42803,6.3672333,65.05225,243.7029,848.46045,-0.042076506,86378.65633145288,206.0,N_756
2024-05-11 15:18:18,71.3661,6.365555,65.003296,243.64694,848.46045,-0.039583568,86097.15312331152,206.0,N_756
2024-05-11 15:18:19,71.30416,6.363861,64.94734,243.59099,848.46045,-0.037090626,85835.35893706474,206.0,N_756
2024-05-11 15:18:20,71.24222,6.3621826,64.89139,243.54204,848.46045,-0.034597684,85586.06610709346,206.0,N_756
2024-05-11 15:18:21,71.180275,6.3605194,64.835434,243.48608,848.46045,-0.034562577,85361.26578486229,206.0,N_756
2024-05-11 15:18:22,71.118324,6.358856,64.786476,243.43013,848.46045,-0.021399066,85202.81254169416,206.0,N_756
2024-05-11 15:18:23,71.056366,6.3572083,64.73052,243.37418,848.46045,-0.021367328,85045.53940959468,206.0,N_756
2024-05-11 15:18:24,70.9944,6.3555603,64.67457,243.32523,848.46045,-0.03561097,84793.53140879961,206.0,N_756
2024-05-11 15:18:25,70.932434,6.3539276,64.618614,243.27626,848.46045,-0.049854614,84440.33424627905,206.0,N_756
2024-05-11 15:18:26,70.87045,6.352295,64.56267,243.2203,848.46045,-0.047511205,84108.66169437679,206.0,N_756
2024-05-11 15:18:27,70.80847,6.3506775,64.506714,243.17134,848.46045,-0.04747056,83771.43168006503,206.0,N_756
2024-05-11 15:18:28,70.74649,6.34906,64.45076,243.1154,848.46045,-0.017988924,83636.52805836029,206.0,N_756
2024-05-11 15:18:29,70.684494,6.347458,64.394806,243.06644,848.46045,-0.017955383,83502.03690431258,206.0,N_756
2024-05-11 15:18:30,70.6225,6.345871,64.33885,243.01747,848.46045,-0.016601302,83374.43992273505,206.0,N_756
2024-05-11 15:18:31,70.5605,6.344284,64.2829,242.96152,848.46045,-0.016567104,83248.95161029774,206.0,N_756
2024-05-11 15:18:32,70.49849,6.342697,64.226944,242.91257,848.46045,-0.018722393,83106.87030927202,206.0,N_756
2024-05-11 15:18:33,70.43648,6.3411255,64.171,242.85661,848.46045,-0.020877684,82967.60529619928,206.0,N_756
2024-05-11 15:18:34,70.37446,6.339554,64.12203,242.80765,848.46045,-0.023032973,82800.73604353449,206.0,N_756
2024-05-11 15:18:35,70.31243,6.3379974,64.066086,242.7587,848.46045,-0.025188264,82617.76279573968,206.0,N_756
2024-05-11 15:18:36,70.250404,6.3364563,64.01013,242.70973,848.4586,-0.027343553,82416.7817394193,206.0,N_756
2024-05-11 15:18:37,70.18836,6.334915,63.954178,242.65378,848.46045,-0.027310573,82219.33421026796,206.0,N_756
2024-05-11 15:18:38,70.12632,6.333374,63.898224,242.60483,848.46234,-0.027017567,82024.01070141133,206.0,N_756
2024-05-11 15:18:39,70.06428,6.331848,63.84227,242.55586,848.46234,-0.026980337,81828.90106565757,206.0,N_756
2024-05-11 15:18:40,70.00222,6.3303375,63.786316,242.50691,848.4567,-0.02477158,81648.52920032112,206.0,N_756
2024-05-11 15:18:41,69.94016,6.328827,63.730366,242.45795,848.45496,-0.022562826,81482.89627900733,206.0,N_756
2024-05-11 15:18:42,69.878105,6.3273315,63.67441,242.409,848.47156,-0.02035407,81332.00635014565,206.0,N_756
2024-05-11 15:18:43,69.81603,6.325836,63.618458,242.36003,848.4771,-0.018145315,81195.88020340714,206.0,N_756
2024-05-11 15:18:44,69.75396,6.324356,63.562508,242.31107,848.41046,-0.015936559,81074.51677892757,206.0,N_756
2024-05-11 15:18:45,69.69188,6.322876,63.506554,242.26212,848.3012,-0.015904156,80962.3958075291,206.0,N_756
2024-05-11 15:18:46,69.62979,6.321396,63.457596,242.20616,848.2456,-0.012543434,80865.14956615682,206.0,N_756
2024-05-11 15:18:47,69.567696,6.3199463,63.40164,242.1572,848.2568,-0.009182712,80788.9785143372,206.0,N_756
2024-05-11 15:18:48,69.5056,6.3184814,63.345688,242.10825,848.27155,-0.015333244,80682.58982392855,206.0,N_756
2024-05-11 15:18:49,69.4435,6.317047,63.29673,242.05928,848.27155,-0.01530353,80568.84751963193,206.0,N_756
2024-05-11 15:18:50,69.38139,6.3155975,63.240776,242.01732,848.2641,-0.023898954,80376.69491507592,206.0,N_756
2024-05-11 15:18:51,69.319275,6.3141785,63.17783,241.96835,848.2641,-0.023863414,80200.35268949266,206.0,N_756
2024-05-11 15:18:52,69.25716,6.3127594,63.121876,241.9194,848.266,-0.024206707,80026.27387316737,206.0,N_756
2024-05-11 15:18:53,69.19503,6.3113403,63.065926,241.87744,848.266,-0.02455,79847.09694477177,206.0,N_756
2024-05-11 15:18:54,69.132904,6.3099365,63.00997,241.82848,848.266,-0.024893291,79665.37198518515,206.0,N_756
2024-05-11 15:18:55,69.07076,6.3085327,62.954018,241.77953,848.266,-0.025236584,79481.29627843638,206.0,N_756
2024-05-11 15:18:56,69.00862,6.307144,62.898064,241.73056,848.266,-0.025579877,79313.22442165978,206.0,N_756
2024-05-11 15:18:57,68.94648,6.305771,62.849106,241.6816,848.266,-0.02592317,79129.32716723168,206.0,N_756
2024-05-11 15:18:58,68.88432,6.3043976,62.79315,241.63963,848.266,-0.027406696,78930.78314378596,206.0,N_756
2024-05-11 15:18:59,68.82217,6.3030243,62.7372,241.59068,848.266,-0.027371619,78712.24971069144,206.0,N_756
2024-05-11 15:19:00,68.76,6.3016663,62.674255,241.54172,848.266,-0.03287564,78479.10703297792,206.0,N_756
2024-05-11 15:19:01,68.69824,6.3002625,62.6183,241.49976,848.266,-0.032838978,78243.87280325097,206.0,N_756
2024-05-11 15:19:02,68.63646,6.2988586,62.562347,241.45079,848.266,-0.033427343,78028.36441751712,206.0,N_756
2024-05-11 15:19:03,68.57466,6.29747,62.51339,241.40184,848.266,-0.03401571,77790.86532608264,206.0,N_756
2024-05-11 15:19:04,68.51285,6.2960815,62.457436,241.35988,848.266,-0.03204863,77564.87624666069,206.0,N_756
2024-05-11 15:19:05,68.45101,6.2947235,62.40148,241.3179,848.266,-0.032013927,77335.01307301245,206.0,N_756
2024-05-11 15:19:06,68.38915,6.2933655,62.34553,241.26895,848.266,-0.0320364,77104.71795695832,206.0,N_756
2024-05-11 15:19:07,68.32728,6.2920074,62.289577,241.21999,848.266,-0.032058876,76878.34909185927,206.0,N_756
2024-05-11 15:19:08,68.26538,6.2906647,62.233624,241.17802,848.266,-0.032856032,76642.65842642957,206.0,N_756
2024-05-11 15:19:09,68.20346,6.289337,62.177673,241.12907,848.266,-0.03365319,76405.67000126073,206.0,N_756
2024-05-11 15:19:10,68.141525,6.288025,62.12172,241.0871,848.2641,-0.03636721,76150.91525276493,206.0,N_756
2024-05-11 15:19:11,68.079575,6.2867126,62.065765,241.04514,848.266,-0.03769806,75882.40489477103,206.0,N_756
2024-05-11 15:19:12,68.0176,6.2854156,62.00981,240.99619,848.266,-0.039028913,75609.75985436086,206.0,N_756
2024-05-11 15:19:13,67.955605,6.2841187,61.95386,240.95421,848.2641,-0.03899233,75337.51241335456,206.0,N_756
2024-05-11 15:19:14,67.89359,6.282837,61.897907,240.91225,848.26044,-0.040108714,75052.5504154831,206.0,N_756
2024-05-11 15:19:15,67.831566,6.2815704,61.841953,240.8633,848.266,-0.040595032,74798.98781416609,206.0,N_756
2024-05-11 15:19:16,67.76951,6.280319,61.792995,240.82132,848.2808,-0.041081354,74514.4148353026,206.0,N_756
2024-05-11 15:19:17,67.70744,6.279068,61.73704,240.77936,848.2623,-0.04104392,74228.42205587239,206.0,N_756
2024-05-11 15:19:18,67.64535,6.277817,61.68109,240.7374,848.1845,-0.041840106,73901.12095012318,206.0,N_756
2024-05-11 15:19:19,67.58324,6.276596,61.61814,240.68843,848.09564,-0.04263629,73602.63834936367,206.0,N_756
2024-05-11 15:19:20,67.52111,6.2753754,61.56219,240.64647,848.05676,-0.046910267,73311.766772385,206.0,N_756
2024-05-11 15:19:21,67.45896,6.2741547,61.51323,240.6045,848.06415,-0.046875853,72982.25641744418,206.0,N_756
2024-05-11 15:19:22,67.3968,6.2729645,61.45728,240.55556,848.07526,-0.048928518,72643.53742717262,206.0,N_756
2024-05-11 15:19:23,67.3346,6.2717743,61.401325,240.51358,848.07153,-0.04889096,72305.22462342805,206.0,N_756
2024-05-11 15:19:24,67.2724,6.270584,61.34537,240.47162,848.0697,-0.042348977,72010.21824282792,206.0,N_756
2024-05-11 15:19:25,67.210175,6.2694244,61.289417,240.42966,848.0697,-0.042313233,71715.41442518907,206.0,N_756
2024-05-11 15:19:26,67.14793,6.268265,61.233467,240.3877,848.07153,-0.052127667,71355.4590392389,206.0,N_756
2024-05-11 15:19:27,67.08566,6.267105,61.177513,240.34573,848.07153,-0.052088283,70995.68514096255,206.0,N_756
2024-05-11 15:19:28,67.02338,6.265976,61.12156,240.30376,848.0697,-0.05289843,70630.50767558746,206.0,N_756
2024-05-11 15:19:29,66.961075,6.2648315,61.06561,240.2618,848.0697,-0.052857623,70265.51580238121,206.0,N_756
2024-05-11 15:19:30,66.89875,6.2637177,61.009655,240.21983,848.0697,-0.03837459,69968.29319089104,206.0,N_756
2024-05-11 15:19:31,66.8364,6.2626038,60.94671,240.17787,848.07153,-0.038335588,69697.9330919155,206.0,N_756
2024-05-11 15:19:32,66.77404,6.261505,60.890755,240.13591,848.0697,-0.038895812,69425.42471847424,206.0,N_756
2024-05-11 15:19:33,66.71166,6.2604218,60.8348,240.09393,848.0697,-0.03885606,69153.15941426113,206.0,N_756
2024-05-11 15:19:34,66.64926,6.2593384,60.77885,240.05197,848.0697,-0.03673781,68894.90269156138,206.0,N_756
2024-05-11 15:19:35,66.58684,6.2582703,60.722897,240.01001,848.0697,-0.03669909,68636.85805076355,206.0,N_756
2024-05-11 15:19:36,66.5244,6.257202,60.666943,239.96805,848.0697,-0.0353005,68388.06256412397,206.0,N_756
2024-05-11 15:19:37,66.46194,6.2561493,60.61099,239.92609,848.07153,-0.033901915,68148.52359274597,206.0,N_756
2024-05-11 15:19:38,66.39946,6.2551117,60.55504,239.88411,848.07153,-0.033293433,67917.09249356067,206.0,N_756
2024-05-11 15:19:39,66.33696,6.254074,60.499084,239.84915,848.0697,-0.032684956,67685.75226134922,206.0,N_756
2024-05-11 15:19:40,66.274445,6.2530518,60.44313,239.80717,848.0697,-0.030294683,67470.08783740383,206.0,N_756
2024-05-11 15:19:41,66.21191,6.2520447,60.38718,239.76521,848.07153,-0.030261839,67254.59527607857,206.0,N_756
2024-05-11 15:19:42,66.149345,6.251053,60.331226,239.72325,848.07153,-0.027825227,67075.43573684101,206.0,N_756
2024-05-11 15:19:43,66.08677,6.250061,60.28227,239.68129,848.0678,-0.02649851,66886.54128854003,206.0,N_756
2024-05-11 15:19:44,66.02418,6.249069,60.226315,239.63933,848.0678,-0.025171792,66704.81341940517,206.0,N_756
2024-05-11 15:19:45,65.96156,6.248108,60.17036,239.59735,848.0789,-0.02514244,66526.4303684601,206.0,N_756
2024-05-11 15:19:46,65.898926,6.2471466,60.114407,239.5624,848.08264,-0.023937715,66356.10152378179,206.0,N_756
2024-05-11 15:19:47,65.83627,6.2461853,60.058456,239.52742,848.0345,-0.023908593,66182.89925526633,206.0,N_756
2024-05-11 15:19:48,65.7736,6.2452545,60.002502,239.48544,847.9437,-0.025196683,66000.89598250482,206.0,N_756
2024-05-11 15:19:49,65.71091,6.2443237,59.94655,239.44348,847.87335,-0.02648477,65810.29323875946,206.0,N_756
2024-05-11 15:19:50,65.64819,6.243393,59.8906,239.40152,847.86224,-0.029581152,65599.01755640424,206.0,N_756
2024-05-11 15:19:51,65.58546,6.2424774,59.834644,239.35956,847.8771,-0.029546026,65369.66210755532,206.0,N_756
2024-05-11 15:19:52,65.522705,6.241577,59.771698,239.32458,847.87897,-0.032163177,65139.67690965839,206.0,N_756
2024-05-11 15:19:53,65.45994,6.240692,59.715744,239.28262,847.87524,-0.032126777,64915.46790064817,206.0,N_756
2024-05-11 15:19:54,65.39715,6.239807,59.65979,239.24765,847.87524,-0.03276169,64683.03372282469,206.0,N_756
2024-05-11 15:19:55,65.334335,6.2389374,59.603836,239.20569,847.87524,-0.03272825,64454.853107333714,206.0,N_756
2024-05-11 15:19:56,65.27151,6.2380676,59.547886,239.17072,847.8771,-0.034384847,64211.51124146539,206.0,N_756
2024-05-11 15:19:57,65.20866,6.2372284,59.491932,239.12875,847.87524,-0.034350917,63972.649437085274,206.0,N_756
2024-05-11 15:19:58,65.14579,6.236374,59.435978,239.09378,847.87524,-0.038012672,63705.02455811329,206.0,N_756
2024-05-11 15:19:59,65.0829,6.23555,59.380028,239.05182,847.87524,-0.037974164,63437.398231126135,206.0,N_756
2024-05-11 15:20:00,65.02,6.234726,59.324074,239.00986,847.87524,-0.044229638,63133.79766940366,206.0,N_756
2024-05-11 15:20:01,64.95658,6.234146,59.26812,238.97488,847.87524,-0.046246644,62811.0273056537,206.0,N_756
2024-05-11 15:20:02,64.89316,6.233551,59.212166,238.93292,847.87524,-0.04826365,62516.53234186613,206.0,N_756
2024-05-11 15:20:03,64.829735,6.232971,59.163208,238.89795,847.87524,-0.04822195,62146.76022758968,206.0,N_756
2024-05-11 15:20:04,64.76631,6.2323914,59.10026,238.85599,847.87524,-0.04398092,61810.23618691646,206.0,N_756
2024-05-11 15:20:05,64.70288,6.2318115,59.037315,238.82101,847.87524,-0.043939542,61506.92713483122,206.0,N_756
2024-05-11 15:20:06,64.63945,6.231247,58.98136,238.78604,847.8771,-0.044097856,61198.22339359266,206.0,N_756
2024-05-11 15:20:07,64.57601,6.230667,58.925407,238.74408,847.8771,-0.046989057,60876.29828525705,206.0,N_756
2024-05-11 15:20:08,64.51257,6.2301025,58.869457,238.7091,847.87524,-0.04988026,60535.56568805505,206.0,N_756
2024-05-11 15:20:09,64.449135,6.2295227,58.813503,238.67413,847.8697,-0.049835596,60195.08203516634,206.0,N_756
2024-05-11 15:20:10,64.38569,6.228958,58.75755,238.63916,847.8771,-0.048904717,59853.99436899777,206.0,N_756
2024-05-11 15:20:11,64.32224,6.2283936,58.701595,238.5972,847.8956,-0.047973838,59525.45427471798,206.0,N_756
2024-05-11 15:20:12,64.2588,6.227844,58.645645,238.56223,847.8715,-0.047042962,59237.759950520864,206.0,N_756
2024-05-11 15:20:13,64.19534,6.2272797,58.596684,238.52725,847.7715,-0.046112083,58916.81878871254,206.0,N_756
2024-05-11 15:20:14,64.13189,6.226715,58.540733,238.48529,847.67706,-0.045181204,58572.82347861758,206.0,N_756
2024-05-11 15:20:15,64.068436,6.226166,58.477787,238.45032,847.66223,-0.045135226,58222.07271252612,206.0,N_756
2024-05-11 15:20:16,64.004974,6.2256165,58.414837,238.40836,847.6826,-0.043977205,57950.25769887141,206.0,N_756
2024-05-11 15:20:17,63.941513,6.225067,58.36588,238.37338,847.6882,-0.04393555,57654.86322332374,206.0,N_756
2024-05-11 15:20:18,63.878048,6.224518,58.309925,238.34541,847.6845,-0.036379315,57397.42792604145,206.0,N_756
2024-05-11 15:20:19,63.81458,6.2239685,58.253975,238.30345,847.6807,-0.03633735,57117.883849238504,206.0,N_756
2024-05-11 15:20:20,63.75111,6.2234344,58.19103,238.26848,847.6807,-0.030306775,56899.25109367861,206.0,N_756
2024-05-11 15:20:21,63.687634,6.222885,58.135075,238.22652,847.6807,-0.030268755,56686.5145356423,206.0,N_756
2024-05-11 15:20:22,63.62416,6.222351,58.07912,238.19154,847.6807,-0.03999862,56439.444687409305,206.0,N_756
2024-05-11 15:20:23,63.56068,6.221817,58.030163,238.15657,847.6807,-0.03996033,56164.81762442432,206.0,N_756
2024-05-11 15:20:24,63.497196,6.221283,57.97421,238.1216,847.6807,-0.036664482,55882.94371259278,206.0,N_756
2024-05-11 15:20:25,63.433712,6.220749,57.911263,238.08662,847.6807,-0.036623448,55626.95315508524,206.0,N_756
2024-05-11 15:20:26,63.370224,6.220215,57.85531,238.05165,847.6807,-0.025339328,55446.68169997068,206.0,N_756
2024-05-11 15:20:27,63.306736,6.219696,57.799355,238.0167,847.6807,-0.025496611,55265.36056270776,206.0,N_756
2024-05-11 15:20:28,63.243244,6.2191772,57.743404,237.98172,847.6807,-0.025653895,55101.80281187012,206.0,N_756
2024-05-11 15:20:29,63.17975,6.218643,57.694447,237.94675,847.6807,-0.02561879,54902.195884858564,206.0,N_756
2024-05-11 15:20:30,63.11625,6.2181244,57.631496,237.91177,847.6807,-0.022948124,54718.91262228186,206.0,N_756
2024-05-11 15:20:31,63.052746,6.2176056,57.56855,237.8768,847.6807,-0.022912122,54549.56594986637,206.0,N_756
2024-05-11 15:20:32,62.989243,6.217102,57.512596,237.83484,847.6826,-0.024837902,54390.48778814408,206.0,N_756
2024-05-11 15:20:33,62.925735,6.2165833,57.46364,237.79987,847.6807,-0.024455834,54220.469653083375,206.0,N_756
2024-05-11 15:20:34,62.862225,6.2160797,57.407684,237.7719,847.6752,-0.024073767,54048.559023406124,206.0,N_756
2024-05-11 15:20:35,62.798714,6.215561,57.351734,237.73692,847.6826,-0.026252395,53862.09778557956,206.0,N_756
2024-05-11 15:20:36,62.7352,6.2150574,57.29578,237.70195,847.7049,-0.028431023,53661.280305940396,206.0,N_756
2024-05-11 15:20:37,62.67168,6.214554,57.239826,237.66698,847.703,-0.027618736,53465.79676639708,206.0,N_756
2024-05-11 15:20:38,62.60816,6.2140503,57.183876,237.632,847.63074,-0.022301357,53305.28524057701,206.0,N_756
2024-05-11 15:20:39,62.544636,6.213562,57.127922,237.59705,847.5215,-0.021523036,53149.87344897566,206.0,N_756
2024-05-11 15:20:40,62.48111,6.2130585,57.071968,237.56207,847.46783,-0.024445267,52957.07944872462,206.0,N_756
2024-05-11 15:20:41,62.41758,6.21257,57.00902,237.5271,847.4789,-0.025632847,52772.97388253868,206.0,N_756
2024-05-11 15:20:42,62.35405,6.2120667,56.953068,237.49213,847.4919,-0.026669025,52583.62151837941,206.0,N_756
2024-05-11 15:20:43,62.290516,6.2115784,56.897114,237.45715,847.48816,-0.036103196,52332.12267112962,206.0,N_756
2024-05-11 15:20:44,62.226974,6.21109,56.841164,237.42218,847.48444,-0.033130392,52100.17388189141,206.0,N_756
2024-05-11 15:20:45,62.163437,6.210617,56.78521,237.38722,847.4863,-0.028493064,51902.33593478163,206.0,N_756
2024-05-11 15:20:46,62.09989,6.210129,56.729256,237.35924,847.4863,-0.029775327,51692.62984912737,206.0,N_756
2024-05-11 15:20:47,62.036346,6.2096405,56.673306,237.32426,847.4863,-0.03483782,51449.33590837655,206.0,N_756
2024-05-11 15:20:48,61.972797,6.2091675,56.61735,237.28929,847.4863,-0.03516922,51181.80472132427,206.0,N_756
2024-05-11 15:20:49,61.90925,6.2086945,56.554405,237.26132,847.4863,-0.03580183,50904.176046520515,206.0,N_756
2024-05-11 15:20:50,61.84569,6.2082214,56.49146,237.22635,847.4863,-0.032450303,50674.93692671482,206.0,N_756
2024-05-11 15:20:51,61.782135,6.2077484,56.435505,237.19138,847.4863,-0.029098773,50490.63840928995,206.0,N_756
2024-05-11 15:20:52,61.71858,6.2072754,56.386547,237.15642,847.4863,-0.025747245,50308.745468503956,206.0,N_756
2024-05-11 15:20:53,61.655014,6.2068176,56.330593,237.12144,847.4863,-0.022796324,50144.70599423091,206.0,N_756
2024-05-11 15:20:54,61.59145,6.2063446,56.27464,237.08647,847.4863,-0.026299104,49941.135665294016,206.0,N_756
2024-05-11 15:20:55,61.52788,6.205887,56.211693,237.05849,847.48816,-0.024232041,49766.18907695293,206.0,N_756
2024-05-11 15:20:56,61.46431,6.205429,56.15574,237.02353,847.4863,-0.0225271,49603.872729868155,206.0,N_756
2024-05-11 15:20:57,61.400738,6.2049713,56.099785,236.98856,847.4808,-0.026162526,49436.63787862209,206.0,N_756
2024-05-11 15:20:58,61.337162,6.2045135,56.050827,236.95358,847.4808,-0.02140988,49286.06545046982,206.0,N_756
2024-05-11 15:20:59,61.273582,6.204071,55.994877,236.9256,847.49927,-0.018908678,49133.79385679535,206.0,N_756
2024-05-11 15:21:00,61.21,6.2036133,55.931927,236.89064,847.5048,-0.0095653385,49055.420681258474,206.0,N_756
2024-05-11 15:21:01,61.14625,6.203186,55.875977,236.85567,847.4382,-0.013149177,48956.694319395974,206.0,N_756
2024-05-11 15:21:02,61.082504,6.2027435,55.820023,236.82768,847.3271,-0.013254564,48857.469771620745,206.0,N_756
2024-05-11 15:21:03,61.01876,6.2023163,55.76407,236.79971,847.2715,-0.014133084,48750.67496870795,206.0,N_756
2024-05-11 15:21:04,60.95502,6.201889,55.708115,236.76474,847.2826,-0.014925259,48638.458314146206,206.0,N_756
2024-05-11 15:21:05,60.891285,6.201462,55.652164,236.72977,847.2974,-0.015774556,48508.96205950172,206.0,N_756
2024-05-11 15:21:06,60.82755,6.2010345,55.58922,236.6948,847.2937,-0.018330231,48375.0887262281,206.0,N_756
2024-05-11 15:21:07,60.763817,6.2006073,55.533264,236.66682,847.29,-0.0192134,48237.252145813,206.0,N_756
2024-05-11 15:21:08,60.70009,6.2001953,55.47731,236.63884,847.29,-0.01816747,48103.74272217064,206.0,N_756
2024-05-11 15:21:09,60.63636,6.199768,55.421356,236.60388,847.2919,-0.016082872,47983.82328271297,206.0,N_756
2024-05-11 15:21:10,60.57264,6.199356,55.365406,236.56891,847.2919,-0.014000581,47879.554164002984,206.0,N_756
2024-05-11 15:21:11,60.50892,6.198944,55.309452,236.54092,847.2919,-0.0123451855,47784.51300529441,206.0,N_756
2024-05-11 15:21:12,60.445198,6.198517,55.253498,236.50595,847.2919,-0.011970886,47693.39588638403,206.0,N_756
2024-05-11 15:21:13,60.381485,6.198105,55.197548,236.47798,847.2919,-0.012140415,47599.69667919728,206.0,N_756
2024-05-11 15:21:14,60.317772,6.197708,55.141594,236.44301,847.2919,-0.015470082,47474.265644771,206.0,N_756
2024-05-11 15:21:15,60.254063,6.197296,55.078648,236.41504,847.2919,-0.012818204,47365.02676023846,206.0,N_756
2024-05-11 15:21:16,60.190353,6.196884,55.015697,236.38007,847.2919,-0.017780483,47234.660613218555,206.0,N_756
2024-05-11 15:21:17,60.12665,6.1964874,54.959747,236.35208,847.2919,-0.02274276,47073.87863057843,206.0,N_756
2024-05-11 15:21:18,60.06295,6.1960754,54.903793,236.32411,847.2937,-0.027705038,46897.213534651426,206.0,N_756
2024-05-11 15:21:19,59.999252,6.1956787,54.854836,236.28914,847.2937,-0.032667316,46673.46063609235,206.0,N_756
2024-05-11 15:21:20,59.935555,6.195282,54.79888,236.26117,847.28815,-0.035866633,46422.55273087998,206.0,N_756
2024-05-11 15:21:21,59.87186,6.1948853,54.742928,236.2262,847.28815,-0.007145926,46361.70625726883,206.0,N_756
2024-05-11 15:21:22,59.80817,6.1944885,54.686977,236.19122,847.3029,-0.0039819684,46319.38582733646,206.0,N_756
2024-05-11 15:21:23,59.744484,6.194092,54.624027,236.16325,847.3085,-0.007741442,46254.28016732498,206.0,N_756
2024-05-11 15:21:24,59.680798,6.193695,54.568077,236.13527,847.2437,-0.0115009155,46166.36150533444,206.0,N_756
2024-05-11 15:21:25,59.61712,6.1933136,54.512123,236.1073,847.13446,-0.01526039,46051.89481601879,206.0,N_756
2024-05-11 15:21:26,59.55344,6.192917,54.45617,236.07233,847.0733,-0.019019864,45915.00842416257,206.0,N_756
2024-05-11 15:21:27,59.48976,6.1925354,54.40022,236.04434,847.077,-0.022779338,45750.664036875256,206.0,N_756
2024-05-11 15:21:28,59.426086,6.192154,54.344265,236.00937,847.09924,-0.026538812,45564.966498063724,206.0,N_756
2024-05-11 15:21:29,59.36242,6.1917725,54.28831,235.9814,847.10297,-0.030298285,45355.03668045194,206.0,N_756
2024-05-11 15:21:30,59.298748,6.191391,54.232357,235.95343,847.09735,-0.03405776,45090.75794116354,206.0,N_756
2024-05-11 15:21:31,59.235085,6.1910095,54.16941,235.91846,847.0956,-0.034013677,44854.9211457428,206.0,N_756
2024-05-11 15:21:32,59.17142,6.190628,54.113457,235.89047,847.09735,-0.04157195,44571.77217422372,206.0,N_756
2024-05-11 15:21:33,59.10776,6.190262,54.057507,235.8625,847.09735,-0.04151813,44282.948406544456,206.0,N_756
2024-05-11 15:21:34,59.044106,6.1898804,54.001553,235.82753,847.09735,-0.041226093,43970.87760592669,206.0,N_756
2024-05-11 15:21:35,58.98045,6.189514,53.938606,235.79955,847.09735,-0.040934056,43690.220640365565,206.0,N_756
2024-05-11 15:21:36,58.916798,6.189148,53.882652,235.77158,847.09735,-0.04274946,43367.26426173988,206.0,N_756
2024-05-11 15:21:37,58.85315,6.1887817,53.819706,235.7436,847.09735,-0.04269921,43075.08654857433,206.0,N_756
2024-05-11 15:21:38,58.789505,6.1884155,53.763752,235.71562,847.09735,-0.04116562,42788.41125841136,206.0,N_756
2024-05-11 15:21:39,58.72586,6.1880493,53.707798,235.68065,847.09735,-0.0411153,42507.89839030629,206.0,N_756
2024-05-11 15:21:40,58.66222,6.187683,53.651848,235.65268,847.09735,-0.039055213,42269.87248794596,206.0,N_756
2024-05-11 15:21:41,58.598583,6.187332,53.602886,235.6247,847.0956,-0.036995128,42012.38646284071,206.0,N_756
2024-05-11 15:21:42,58.53495,6.186966,53.546936,235.58972,847.0937,-0.03615539,41764.031789031884,206.0,N_756
2024-05-11 15:21:43,58.471317,6.186615,53.490982,235.56175,847.1066,-0.03539577,41494.25040084336,206.0,N_756
2024-05-11 15:21:44,58.40769,6.186249,53.428036,235.53378,847.11035,-0.034636155,41228.388107016915,206.0,N_756
2024-05-11 15:21:45,58.344063,6.185898,53.36509,235.5058,847.06036,-0.0345938,40983.59382189015,206.0,N_756
2024-05-11 15:21:46,58.280437,6.185547,53.309135,235.47083,846.9696,-0.032685935,40757.72044103763,206.0,N_756
2024-05-11 15:21:47,58.216816,6.185196,53.25318,235.44286,846.89923,-0.032646984,40536.1409515495,206.0,N_756
2024-05-11 15:21:48,58.1532,6.18486,53.19723,235.42188,846.88995,-0.035984285,40289.12852331054,206.0,N_756
2024-05-11 15:21:49,58.089584,6.1845093,53.141277,235.39389,846.90295,-0.037676137,40052.492693494234,206.0,N_756
2024-05-11 15:21:50,58.02597,6.1841583,53.09232,235.35892,846.9066,-0.039367985,39784.65923423834,206.0,N_756
2024-05-11 15:21:51,57.96236,6.1838226,53.036366,235.33095,846.90295,-0.041059837,39473.66645568213,206.0,N_756
2024-05-11 15:21:52,57.898754,6.183487,52.97342,235.30296,846.90106,-0.037475996,39187.08826861388,206.0,N_756
2024-05-11 15:21:53,57.83515,6.1831512,52.91047,235.275,846.90295,-0.03742662,38928.89370678588,206.0,N_756
2024-05-11 15:21:54,57.77155,6.1828156,52.85452,235.24702,846.90295,-0.029053068,38743.24882079942,206.0,N_756
2024-05-11 15:21:55,57.70795,6.18248,52.805557,235.21205,846.90295,-0.033164524,38515.68232255007,206.0,N_756
2024-05-11 15:21:56,57.644356,6.182144,52.749607,235.18407,846.90295,-0.03481981,38249.88925165728,206.0,N_756
2024-05-11 15:21:57,57.58076,6.1818085,52.68666,235.1561,846.90295,-0.04261118,37957.850997318674,206.0,N_756
2024-05-11 15:21:58,57.51717,6.181488,52.630707,235.12811,846.90295,-0.05330441,37557.87700248879,206.0,N_756
2024-05-11 15:21:59,57.453583,6.1811523,52.56776,235.10014,846.90295,-0.040823642,37277.43070215826,206.0,N_756
2024-05-11 15:22:00,57.39,6.180832,52.511806,235.07216,846.90295,-0.038382873,37019.11908462146,206.0,N_756
2024-05-11 15:22:01,57.326252,6.1805115,52.455853,235.05118,846.90295,-0.040477633,36736.37069020633,206.0,N_756
2024-05-11 15:22:02,57.262516,6.180176,52.399902,235.0162,846.90295,-0.038691986,36499.756926983726,206.0,N_756
2024-05-11 15:22:03,57.198788,6.1798553,52.35094,234.98824,846.9048,-0.04552306,36157.70540612721,206.0,N_756
2024-05-11 15:22:04,57.135067,6.179535,52.287994,234.96027,846.89923,-0.045898933,35844.099481061945,206.0,N_756
2024-05-11 15:22:05,57.071354,6.1792145,52.23204,234.93228,846.8974,-0.031319402,35603.592610470136,206.0,N_756
2024-05-11 15:22:06,57.00765,6.178894,52.169094,234.90431,846.9159,-0.02771074,35411.87803264306,206.0,N_756
2024-05-11 15:22:07,56.943954,6.1785736,52.11314,234.88332,846.93066,-0.030938186,35197.41786120288,206.0,N_756
2024-05-11 15:22:08,56.880264,6.1782684,52.05719,234.85535,846.8974,-0.0367282,34939.24942355568,206.0,N_756
2024-05-11 15:22:09,56.816586,6.177948,52.001236,234.82037,846.7955,-0.037019614,34684.77645962333,206.0,N_756
2024-05-11 15:22:10,56.752914,6.177643,51.945282,234.7924,846.7048,-0.036967847,34403.165281771944,206.0,N_756
2024-05-11 15:22:11,56.689255,6.1773376,51.882336,234.76442,846.68994,-0.03431277,34164.920992142004,206.0,N_756
2024-05-11 15:22:12,56.6256,6.1770325,51.82638,234.73645,846.7085,-0.031657696,33945.51671409024,206.0,N_756
2024-05-11 15:22:13,56.561954,6.1767273,51.77043,234.70847,846.714,-0.029002618,33743.40435043519,206.0,N_756
2024-05-11 15:22:14,56.498314,6.176422,51.714478,234.6805,846.7085,-0.031227674,33530.7287323738,206.0,N_756
2024-05-11 15:22:15,56.434685,6.176132,51.658524,234.65952,846.7066,-0.03144434,33312.840058171445,206.0,N_756
2024-05-11 15:22:16,56.371067,6.175827,51.602573,234.63153,846.7066,-0.031654883,33093.39200599986,206.0,N_756
2024-05-11 15:22:17,56.307453,6.175537,51.54662,234.60356,846.7085,-0.03186542,32872.54546110662,206.0,N_756
2024-05-11 15:22:18,56.243847,6.175232,51.490665,234.57558,846.7085,-0.032075964,32650.320341989885,206.0,N_756
2024-05-11 15:22:19,56.180252,6.174942,51.43471,234.5476,846.7085,-0.06075217,32195.66039793087,206.0,N_756
2024-05-11 15:22:20,56.116665,6.174652,51.371765,234.51962,846.7085,-0.054133035,31827.96378782547,206.0,N_756
2024-05-11 15:22:21,56.053085,6.174362,51.31581,234.49165,846.7085,-0.047513902,31504.984677261233,206.0,N_756
2024-05-11 15:22:22,55.989513,6.1740875,51.25986,234.46368,846.7085,-0.04089477,31230.42685228179,206.0,N_756
2024-05-11 15:22:23,55.925953,6.1737976,51.203907,234.44269,846.7048,-0.034275636,30968.366650646858,206.0,N_756
2024-05-11 15:22:24,55.8624,6.173523,51.14096,234.41472,846.70294,-0.027656503,30752.715928028974,206.0,N_756
2024-05-11 15:22:25,55.79885,6.173233,51.078014,234.38673,846.71954,-0.029939283,30542.78863463769,206.0,N_756
2024-05-11 15:22:26,55.735313,6.1729584,51.02206,234.35876,846.73627,-0.029857798,30334.91692892377,206.0,N_756
2024-05-11 15:22:27,55.671787,6.1726837,50.966106,234.3308,846.70294,-0.03162889,30138.7855627753,206.0,N_756
2024-05-11 15:22:28,55.608265,6.172409,50.91715,234.30281,846.6011,-0.032745983,29917.858059496484,206.0,N_756
2024-05-11 15:22:29,55.544754,6.1721344,50.861195,234.28183,846.5103,-0.03780868,29630.00801885875,206.0,N_756
2024-05-11 15:22:30,55.481247,6.171875,50.79825,234.25386,846.4955,-0.03784776,29340.144318480918,206.0,N_756
2024-05-11 15:22:31,55.41775,6.1716003,50.735302,234.22588,846.514,-0.035869397,29091.404787953797,206.0,N_756
2024-05-11 15:22:32,55.354263,6.171341,50.679348,234.1979,846.5177,-0.03389103,28882.071223583567,206.0,N_756
2024-05-11 15:22:33,55.290787,6.1710815,50.63039,234.16992,846.514,-0.03185564,28666.809604264985,206.0,N_756
2024-05-11 15:22:34,55.227314,6.170807,50.574436,234.14894,846.5122,-0.031825654,28446.137079971406,206.0,N_756
2024-05-11 15:22:35,55.163853,6.1705475,50.518482,234.12097,846.514,-0.033077296,28196.403618171447,206.0,N_756
2024-05-11 15:22:36,55.1004,6.1703033,50.455536,234.09998,846.514,-0.034328938,27932.23741918475,206.0,N_756
2024-05-11 15:22:37,55.036953,6.170044,50.39259,234.072,846.514,-0.03558058,27685.28147354938,206.0,N_756
2024-05-11 15:22:38,54.973515,6.1697845,50.336636,234.04404,846.514,-0.03683222,27431.659400758366,206.0,N_756
2024-05-11 15:22:39,54.910088,6.1695404,50.280685,234.01605,846.514,-0.032875147,27203.883106788366,206.0,N_756
2024-05-11 15:22:40,54.846664,6.169281,50.22473,233.98808,846.514,-0.03426442,26997.456058507,206.0,N_756
2024-05-11 15:22:41,54.783253,6.169037,50.175774,233.9671,846.514,-0.039788503,26696.490568061043,206.0,N_756
2024-05-11 15:22:42,54.71985,6.1687927,50.112823,233.93912,846.514,-0.03830801,26407.746712455235,206.0,N_756
2024-05-11 15:22:43,54.656452,6.1685486,50.049877,233.91814,846.514,-0.037315477,26149.508494698875,206.0,N_756
2024-05-11 15:22:44,54.593063,6.1683044,49.993927,233.89015,846.5103,-0.0395715,25877.857221503036,206.0,N_756
2024-05-11 15:22:45,54.529686,6.1680756,49.937973,233.86218,846.5084,-0.041730702,25622.766409217256,206.0,N_756
2024-05-11 15:22:46,54.466316,6.1678314,49.889015,233.83421,846.52515,-0.0438899,25330.339996400067,206.0,N_756
2024-05-11 15:22:47,54.40295,6.1676025,49.83306,233.81322,846.5418,-0.042275697,25009.64759318409,206.0,N_756
2024-05-11 15:22:48,54.3396,6.1673584,49.770115,233.78525,846.5084,-0.042798094,24683.443528528267,206.0,N_756
2024-05-11 15:22:49,54.276253,6.1671295,49.70717,233.75728,846.4066,-0.041590597,24396.941759340258,206.0,N_756
2024-05-11 15:22:50,54.212914,6.1669006,49.651215,233.7293,846.314,-0.042244356,24113.50322578436,206.0,N_756
2024-05-11 15:22:51,54.149586,6.1666718,49.59526,233.70831,846.301,-0.044411633,23810.177811321526,206.0,N_756
2024-05-11 15:22:52,54.086266,6.166443,49.539307,233.68033,846.3196,-0.040366534,23538.768732857738,206.0,N_756
2024-05-11 15:22:53,54.022953,6.1662292,49.483356,233.65935,846.32324,-0.041995235,23219.988389138023,206.0,N_756
2024-05-11 15:22:54,53.95965,6.1660004,49.420406,233.63138,846.3177,-0.043623935,22893.092539639845,206.0,N_756
2024-05-11 15:22:55,53.89635,6.1657867,49.35746,233.6104,846.3177,-0.044307288,22588.850670457043,206.0,N_756
2024-05-11 15:22:56,53.833065,6.165573,49.30151,233.58241,846.3177,-0.04703855,22302.59300490543,206.0,N_756
2024-05-11 15:22:57,53.769787,6.1653595,49.25255,233.55444,846.3196,-0.045641176,21998.857126397204,206.0,N_756
2024-05-11 15:22:58,53.706516,6.165146,49.196598,233.53346,846.3196,-0.045501314,21654.39833783336,206.0,N_756
2024-05-11 15:22:59,53.643253,6.1649323,49.133648,233.50548,846.3196,-0.04705054,21338.575854326806,206.0,N_756
2024-05-11 15:23:00,53.579998,6.1647186,49.077698,233.4845,846.3196,-0.048086476,20975.23101974006,206.0,N_756
2024-05-11 15:23:01,53.51675,6.1645203,49.014748,233.45653,846.3177,-0.046741273,20689.036494287026,206.0,N_756
2024-05-11 15:23:02,53.453514,6.164337,48.96579,233.42854,846.3177,-0.045795005,20384.25997172333,206.0,N_756
2024-05-11 15:23:03,53.390285,6.164154,48.90984,233.40756,846.3196,-0.045208532,20041.84649886617,206.0,N_756
2024-05-11 15:23:04,53.327065,6.1639557,48.84689,233.3796,846.3196,-0.042805605,19720.750221092338,206.0,N_756
2024-05-11 15:23:05,53.26385,6.1637726,48.783943,233.35861,846.31586,-0.04478389,19413.133260566545,206.0,N_756
2024-05-11 15:23:06,53.20065,6.1635895,48.72799,233.33063,846.3103,-0.04676218,19100.598579087695,206.0,N_756
2024-05-11 15:23:07,53.13745,6.1634064,48.67204,233.30965,846.3196,-0.050383788,18757.751094198422,206.0,N_756
2024-05-11 15:23:08,53.074265,6.1632233,48.616085,233.28168,846.33997,-0.045254733,18454.843266308624,206.0,N_756
2024-05-11 15:23:09,53.011086,6.1630554,48.56013,233.2607,846.314,-0.04069011,18175.502882347773,206.0,N_756
2024-05-11 15:23:10,52.947914,6.1628723,48.50418,233.23271,846.214,-0.039637472,17878.57795602822,206.0,N_756
2024-05-11 15:23:11,52.884754,6.162689,48.44123,233.21173,846.11957,-0.04210219,17588.424449956383,206.0,N_756
2024-05-11 15:23:12,52.821598,6.1625214,48.38528,233.18375,846.10474,-0.03617335,17343.725219839478,206.0,N_756
2024-05-11 15:23:13,52.758453,6.1623535,48.329327,233.16277,846.12506,-0.03493548,17127.649804664125,206.0,N_756
2024-05-11 15:23:14,52.695316,6.1621704,48.28037,233.1348,846.1288,-0.03676385,16880.655478170098,206.0,N_756
2024-05-11 15:23:15,52.632187,6.1620026,48.224415,233.11382,846.1232,-0.03374659,16621.701832950075,206.0,N_756
2024-05-11 15:23:16,52.569065,6.1618347,48.16147,233.08583,846.1214,-0.03345763,16367.576004548187,206.0,N_756
2024-05-11 15:23:17,52.50595,6.161667,48.098522,233.06485,846.1232,-0.031703085,16145.533861349511,206.0,N_756
2024-05-11 15:23:18,52.44285,6.161499,48.04257,233.03688,846.12506,-0.032658268,15923.346891962323,206.0,N_756
2024-05-11 15:23:19,52.379753,6.161331,47.986614,233.0159,846.12506,-0.035231113,15679.608012000419,206.0,N_756
2024-05-11 15:23:20,52.316666,6.1611786,47.93066,232.98792,846.1232,-0.03020115,15473.189625328992,206.0,N_756
2024-05-11 15:23:21,52.253586,6.1610107,47.87471,232.96693,846.12506,-0.025171187,15299.18973124455,206.0,N_756
2024-05-11 15:23:22,52.190514,6.160858,47.818756,232.94595,846.1232,-0.02511827,15103.193312580697,206.0,N_756
2024-05-11 15:23:23,52.127453,6.1606903,47.75581,232.91798,846.1232,-0.025065353,14928.204654201258,206.0,N_756
2024-05-11 15:23:24,52.0644,6.1605377,47.699856,232.89699,846.12506,-0.025012437,14751.496062523875,206.0,N_756
2024-05-11 15:23:25,52.001354,6.160385,47.6439,232.86902,846.12695,-0.026736286,14567.29348574784,206.0,N_756
2024-05-11 15:23:26,51.938316,6.1602173,47.58795,232.84804,846.1232,-0.025187265,14370.739523670181,206.0,N_756
2024-05-11 15:23:27,51.875286,6.1600647,47.525,232.82005,846.1177,-0.024567422,14180.368432168729,206.0,N_756
2024-05-11 15:23:28,51.812267,6.159912,47.462055,232.79907,846.12506,-0.024130628,14011.54061047898,206.0,N_756
2024-05-11 15:23:29,51.749252,6.159775,47.406105,232.77809,846.1436,-0.024530899,13860.03013439706,206.0,N_756
2024-05-11 15:23:30,51.68625,6.159622,47.357143,232.75711,846.11957,-0.026205417,13676.922492753529,206.0,N_756
2024-05-11 15:23:31,51.623253,6.1594696,47.301193,232.72914,846.0195,-0.028014706,13484.480880258503,206.0,N_756
2024-05-11 15:23:32,51.560265,6.1593323,47.24524,232.70816,845.92505,-0.029702771,13254.861260903173,206.0,N_756
2024-05-11 15:23:33,51.497288,6.1591797,47.182293,232.68018,845.9103,-0.03279894,13030.195332326068,206.0,N_756
2024-05-11 15:23:34,51.434315,6.1590424,47.12634,232.6592,845.9306,-0.03523808,12764.872430619158,206.0,N_756
2024-05-11 15:23:35,51.371353,6.158905,47.063393,232.63821,845.93616,-0.033407252,12531.348577989673,206.0,N_756
2024-05-11 15:23:36,51.3084,6.1587524,47.00744,232.61023,845.9325,-0.032160737,12312.2566621671,206.0,N_756
2024-05-11 15:23:37,51.245453,6.158615,46.951485,232.58925,845.9288,-0.03091422,12073.72514934924,206.0,N_756
2024-05-11 15:23:38,51.182514,6.158478,46.88854,232.56128,845.9288,-0.030397039,11864.46339428033,206.0,N_756
2024-05-11 15:23:39,51.119587,6.1583405,46.832584,232.5403,845.9306,-0.031492878,11649.810372637698,206.0,N_756
2024-05-11 15:23:40,51.056667,6.1582184,46.776634,232.51932,845.9288,-0.03172154,11433.671046440744,206.0,N_756
2024-05-11 15:23:41,50.99375,6.158081,46.72068,232.49834,845.9288,-0.030829744,11199.958271086827,206.0,N_756
2024-05-11 15:23:42,50.930847,6.1579437,46.657734,232.47734,845.9288,-0.030335639,10986.544329966287,206.0,N_756
2024-05-11 15:23:43,50.867954,6.1578217,46.60178,232.44937,845.9288,-0.029086284,10787.16970474795,206.0,N_756
2024-05-11 15:23:44,50.805065,6.1576843,46.545826,232.42839,845.9288,-0.02984786,10578.424329819081,206.0,N_756
2024-05-11 15:23:45,50.742188,6.1575623,46.489876,232.4004,845.9288,-0.030807974,10367.978413755452,206.0,N_756
2024-05-11 15:23:46,50.679317,6.15744,46.43392,232.37943,845.9288,-0.028868806,10170.13945243177,206.0,N_756
2024-05-11 15:23:47,50.61645,6.157318,46.377968,232.35844,845.9288,-0.03159407,9930.925193404644,206.0,N_756
2024-05-11 15:23:48,50.5536,6.157196,46.31502,232.33746,845.9306,-0.0321697,9681.583633083126,206.0,N_756
2024-05-11 15:23:49,50.490753,6.157074,46.252075,232.3095,845.9288,-0.032745324,9481.7213004008,206.0,N_756
2024-05-11 15:23:50,50.427917,6.156952,46.203117,232.28851,845.92505,-0.032777756,9260.219412773404,206.0,N_756
2024-05-11 15:23:51,50.365086,6.15683,46.147163,232.26753,845.9306,-0.0314486,9022.027194439605,206.0,N_756
2024-05-11 15:23:52,50.302265,6.156723,46.084217,232.24654,845.9491,-0.029997807,8788.532627090506,206.0,N_756
2024-05-11 15:23:53,50.239452,6.156601,46.021267,232.21857,845.92505,-0.028844457,8610.79890190424,206.0,N_756
2024-05-11 15:23:54,50.17665,6.156494,45.97231,232.19759,845.82697,-0.025166167,8438.21987382236,206.0,N_756
2024-05-11 15:23:55,50.113853,6.156372,45.91636,232.1766,845.73065,-0.022850253,8279.041230132647,206.0,N_756
2024-05-11 15:23:56,50.051067,6.1562653,45.860405,232.15562,845.70654,-0.020534337,8131.485089023285,206.0,N_756
2024-05-11 15:23:57,49.988285,6.1561584,45.80445,232.12764,845.72504,-0.019371752,7979.904748842386,206.0,N_756
2024-05-11 15:23:58,49.925514,6.1560516,45.741505,232.10666,845.73987,-0.019851787,7823.548975707887,206.0,N_756
2024-05-11 15:23:59,49.862755,6.155945,45.67856,232.08568,845.738,-0.021450358,7671.89022788675,206.0,N_756
2024-05-11 15:24:00,49.8,6.155838,45.622604,232.0647,845.7343,-0.023325428,7509.643911896408,206.0,N_756
2024-05-11 15:24:01,49.737335,6.155731,45.56665,232.04372,845.7343,-0.025200497,7331.296220459699,206.0,N_756
2024-05-11 15:24:02,49.67468,6.1556244,45.5107,232.01573,845.7343,-0.024596212,7142.162565447183,206.0,N_756
2024-05-11 15:24:03,49.612022,6.1555176,45.44775,231.99475,845.7343,-0.024555564,6970.534880040952,206.0,N_756
2024-05-11 15:24:04,49.549377,6.155426,45.3918,231.97377,845.7343,-0.02308407,6809.833263863908,206.0,N_756
2024-05-11 15:24:05,49.486736,6.155319,45.335846,231.95279,845.7343,-0.023046948,6649.36761620954,206.0,N_756
2024-05-11 15:24:06,49.4241,6.1552277,45.279892,231.93181,845.7343,-0.022745635,6490.838519826088,206.0,N_756
2024-05-11 15:24:07,49.36147,6.155136,45.223938,231.91083,845.7343,-0.022444325,6334.25538172941,206.0,N_756
2024-05-11 15:24:08,49.298843,6.1550293,45.167988,231.88985,845.7343,-0.02289241,6157.518509012247,206.0,N_756
2024-05-11 15:24:09,49.236225,6.1549377,45.10504,231.86887,845.7362,-0.023340495,5989.87992269508,206.0,N_756
2024-05-11 15:24:10,49.17361,6.154846,45.049088,231.84088,845.7343,-0.02286673,5830.418377632603,206.0,N_756
2024-05-11 15:24:11,49.111,6.1547546,44.993134,231.8199,845.73065,-0.022829786,5667.607692431728,206.0,N_756
2024-05-11 15:24:12,49.0484,6.154663,44.93718,231.79193,845.7362,-0.02199711,5497.159486311095,206.0,N_756
2024-05-11 15:24:13,48.9858,6.154587,44.874233,231.77095,845.74915,-0.021959731,5342.21361252385,206.0,N_756
2024-05-11 15:24:14,48.92321,6.1544952,44.818283,231.74995,845.73065,-0.022544207,5167.966294398477,206.0,N_756
2024-05-11 15:24:15,48.860622,6.154419,44.755333,231.72897,845.65466,-0.022506585,5009.504699289697,206.0,N_756
2024-05-11 15:24:16,48.798042,6.1543274,44.699383,231.708,845.5658,-0.022476094,4852.692272446355,206.0,N_756
2024-05-11 15:24:17,48.73547,6.154251,44.64343,231.68701,845.5251,-0.022215283,4714.163158927968,206.0,N_756
2024-05-11 15:24:18,48.672897,6.154175,44.59447,231.66603,845.5343,-0.021954471,4545.615111668692,206.0,N_756
2024-05-11 15:24:19,48.610336,6.1540833,44.53152,231.64505,845.5436,-0.021917367,4390.942544566984,206.0,N_756
2024-05-11 15:24:20,48.547775,6.154007,44.47557,231.62407,845.5417,-0.020166576,4233.801394606031,206.0,N_756
2024-05-11 15:24:21,48.485226,6.153946,44.412624,231.60309,845.53986,-0.020131325,4075.446780743201,206.0,N_756
2024-05-11 15:24:22,48.422676,6.1538696,44.349674,231.5821,845.53986,-0.018861072,3937.2958377513532,206.0,N_756
2024-05-11 15:24:23,48.360134,6.1537933,44.293724,231.55412,845.53986,-0.018825833,3803.8359246783803,206.0,N_756
2024-05-11 15:24:24,48.2976,6.153717,44.23777,231.53314,845.53986,-0.018843424,3670.404132293632,206.0,N_756
2024-05-11 15:24:25,48.23507,6.153656,44.181816,231.51216,845.53986,-0.018811092,3537.1801595292745,206.0,N_756
2024-05-11 15:24:26,48.172543,6.1535797,44.125862,231.49118,845.53986,-0.017772764,3410.651052145913,206.0,N_756
2024-05-11 15:24:27,48.110023,6.1535187,44.069912,231.4702,845.53986,-0.01774134,3270.959150204664,206.0,N_756
2024-05-11 15:24:28,48.047512,6.1534576,44.006966,231.44922,845.53986,-0.016445998,3151.516635834003,206.0,N_756
2024-05-11 15:24:29,47.985,6.1533966,43.95101,231.42824,845.53986,-0.016415996,3033.7154463135957,206.0,N_756
2024-05-11 15:24:30,47.9225,6.1533356,43.895058,231.40724,845.53986,-0.015612442,2921.0966507474695,206.0,N_756
2024-05-11 15:24:31,47.86,6.1532745,43.839104,231.38626,845.53986,-0.0155835245,2796.9345872544327,206.0,N_756
2024-05-11 15:24:32,47.797512,6.1532135,43.776157,231.36528,845.5417,-0.014734916,2688.5279228117543,206.0,N_756
2024-05-11 15:24:33,47.735023,6.1531525,43.720207,231.3443,845.53986,-0.014706975,2570.6718152723406,206.0,N_756
2024-05-11 15:24:34,47.672543,6.1531067,43.657257,231.32332,845.5343,-0.01285059,2474.4101101911256,206.0,N_756
2024-05-11 15:24:35,47.61007,6.1530457,43.601307,231.30234,845.5343,-0.012824515,2377.5703921501845,206.0,N_756
2024-05-11 15:24:36,47.5476,6.153,43.545353,231.27437,845.5528,-0.011470906,2300.065389535692,206.0,N_756
2024-05-11 15:24:37,47.485134,6.152954,43.496395,231.25337,845.55835,-0.011447615,2207.123679636832,206.0,N_756
2024-05-11 15:24:38,47.422676,6.1529083,43.433445,231.23239,845.4917,-0.011072861,2115.2401039571014,206.0,N_756
2024-05-11 15:24:39,47.360226,6.1528473,43.3705,231.21841,845.38055,-0.011047455,2030.7497700628737,206.0,N_756
2024-05-11 15:24:40,47.297775,6.1528015,43.31455,231.19742,845.325,-0.011076987,1955.636257373848,206.0,N_756
2024-05-11 15:24:41,47.235336,6.152771,43.265587,231.17644,845.3361,-0.011054341,1863.8234058749222,206.0,N_756
2024-05-11 15:24:42,47.172897,6.152725,43.20264,231.14847,845.35095,-0.011023527,1779.2183530672119,206.0,N_756
2024-05-11 15:24:43,47.11047,6.1526794,43.146687,231.12749,845.3472,-0.010999601,1688.0778664458085,206.0,N_756
2024-05-11 15:24:44,47.048042,6.152649,43.08374,231.1065,845.34357,-0.010130452,1609.376092334449,206.0,N_756
2024-05-11 15:24:45,46.985622,6.152603,43.027786,231.08553,845.34357,-0.010107553,1533.5568249498538,206.0,N_756
2024-05-11 15:24:46,46.92321,6.1525726,42.971836,231.07153,845.3454,-0.009649708,1450.768738555853,206.0,N_756
2024-05-11 15:24:47,46.8608,6.152527,42.90889,231.04355,845.3454,-0.009606889,1375.3166899940843,206.0,N_756
2024-05-11 15:24:48,46.7984,6.1524963,42.852936,231.02257,845.3454,-0.009564071,1302.9466451259723,206.0,N_756
2024-05-11 15:24:49,46.736004,6.152466,42.79698,231.00859,845.3454,-0.00954171,1229.6310824698558,206.0,N_756
2024-05-11 15:24:50,46.67361,6.1524353,42.741028,230.9876,845.3454,-0.009938704,1146.1522474502744,206.0,N_756
2024-05-11 15:24:51,46.611225,6.152405,42.67808,230.96661,845.3454,-0.009914636,1068.8717761209518,206.0,N_756
2024-05-11 15:24:52,46.548843,6.1523895,42.62213,230.94563,845.3454,-0.009422234,996.2031678871899,206.0,N_756
2024-05-11 15:24:53,46.48647,6.152359,42.566177,230.92465,845.3454,-0.009399956,923.6805807881428,206.0,N_756
2024-05-11 15:24:54,46.4241,6.1523285,42.510223,230.90367,845.3454,-0.008064467,859.7767711892084,206.0,N_756
2024-05-11 15:24:55,46.361736,6.152313,42.45427,230.88269,845.3454,-0.008043671,796.0139968517906,206.0,N_756
2024-05-11 15:24:56,46.299377,6.1522827,42.39832,230.86171,845.3454,-0.007145387,732.6757327393971,206.0,N_756
2024-05-11 15:24:57,46.237022,6.1522675,42.33537,230.84073,845.3472,-0.0071243104,668.06389115001,206.0,N_756
2024-05-11 15:24:58,46.17468,6.152252,42.272423,230.81975,845.3472,-0.0068052155,610.8729785729483,206.0,N_756
2024-05-11 15:24:59,46.112335,6.152237,42.216473,230.79877,845.3417,-0.006511665,557.0091582182577,206.0,N_756
2024-05-11 15:25:00,46.05,6.1522217,42.16052,230.77779,845.3417,-0.006156034,505.4416898876334,206.0,N_756
2024-05-11 15:25:01,45.987423,6.1522064,42.104565,230.75679,845.3565,-0.005700459,456.8205029610326,206.0,N_756
2024-05-11 15:25:02,45.924862,6.1522064,42.04861,230.73581,845.36206,-0.0049277665,410.06906980899294,206.0,N_756
2024-05-11 15:25:03,45.862312,6.1522064,41.985664,230.72183,845.29724,-0.0047645993,362.62524317806674,206.0,N_756
2024-05-11 15:25:04,45.799778,6.152191,41.922718,230.70084,845.188,-0.0044729365,320.5159243149974,206.0,N_756
2024-05-11 15:25:05,45.737255,6.152191,41.866764,230.67986,845.1269,-0.0041675447,278.6795957406721,206.0,N_756
2024-05-11 15:25:06,45.674747,6.152191,41.803818,230.65887,845.13055,-0.0040528057,239.29450078259833,206.0,N_756
2024-05-11 15:25:07,45.612255,6.152191,41.747864,230.6379,845.15283,-0.0038897358,205.28715610888685,206.0,N_756
2024-05-11 15:25:08,45.549778,6.152191,41.698906,230.61691,845.1565,-0.003571396,171.86839162111573,206.0,N_756
2024-05-11 15:25:09,45.487312,6.152191,41.642952,230.59593,845.15094,-0.0034276592,135.38564822621993,206.0,N_756
2024-05-11 15:25:10,45.424862,6.1522064,41.580006,230.57495,845.14905,-0.003379381,98.23750940505124,206.0,N_756
2024-05-11 15:25:11,45.362423,6.1522064,41.51706,230.56096,845.15094,-0.0032034605,66.2252644676264,206.0,N_756
2024-05-11 15:25:12,45.3,6.1522217,41.4681,230.53299,845.15094,-0.0029028966,37.01020158398387,206.0,N_756
2024-05-11 15:25:13,45.23759,6.1522217,41.412148,230.51201,845.15094,-0.0028850776,4.460415949146409,206.0,N_756
2024-05-11 15:25:14,45.175194,6.152237,41.3492,230.49101,845.15094,-0.0027258764,-28.0261588820249,206.0,N_756
2024-05-11 15:25:15,45.112812,6.152237,41.286255,230.47704,845.15094,-0.0024241826,-56.70700385222153,206.0,N_756
2024-05-11 15:25:16,45.050446,6.152252,41.2303,230.45605,845.15094,-0.0024098125,-84.00303567570882,206.0,N_756
2024-05-11 15:25:17,44.98809,6.1522675,41.174347,230.43507,845.15094,-0.002680548,-113.0420935183356,206.0,N_756
2024-05-11 15:25:18,44.92575,6.1522827,41.118397,230.41408,845.15094,-0.0027767,-144.44512715040764,206.0,N_756
2024-05-11 15:25:19,44.863422,6.152298,41.055447,230.4001,845.15094,-0.0024920956,-173.53910248249667,206.0,N_756
2024-05-11 15:25:20,44.80111,6.152313,40.999496,230.37912,845.15094,-0.0020170794,-198.64779989504314,206.0,N_756
2024-05-11 15:25:21,44.73881,6.1523438,40.943542,230.35114,845.15094,-0.0021291012,-224.23126888093248,206.0,N_756
2024-05-11 15:25:22,44.67653,6.152359,40.88759,230.33015,845.15094,-0.002241123,-251.81112003069939,206.0,N_756
2024-05-11 15:25:23,44.614258,6.1523895,40.824642,230.31616,845.15094,-0.0018169215,-276.5172195631676,206.0,N_756
2024-05-11 15:25:24,44.552,6.152405,40.76869,230.29518,845.15094,-0.001536163,-299.2728843809964,206.0,N_756
2024-05-11 15:25:25,44.489758,6.1524353,40.70574,230.2742,845.15094,-0.0010473005,-319.12065668286596,206.0,N_756
2024-05-11 15:25:26,44.42753,6.1524506,40.649788,230.25322,845.15094,-0.0002187076,-332.0003181431348,206.0,N_756
2024-05-11 15:25:27,44.36531,6.152481,40.60083,230.23923,845.15283,-3.5375473e-05,-342.3476656122584,206.0,N_756
2024-05-11 15:25:28,44.303112,6.1525116,40.544876,230.21825,845.15094,0.00025810406,-352.1362453541151,206.0,N_756
2024-05-11 15:25:29,44.240925,6.152542,40.48193,230.19727,845.1454,-0.0002610539,-367.06978016196445,206.0,N_756
2024-05-11 15:25:30,44.17875,6.1525726,40.418983,230.17628,845.15283,0.0006277641,-376.14034510667625,206.0,N_756
2024-05-11 15:25:31,44.11659,6.152603,40.36303,230.1623,845.1713,0.0005300155,-383.8180721135577,206.0,N_756
2024-05-11 15:25:32,44.054443,6.152649,40.300083,230.14131,845.1473,0.0010587554,-389.99988089776525,206.0,N_756
2024-05-11 15:25:33,43.992313,6.1526794,40.24413,230.12033,845.04724,0.00067989295,-397.2194832968635,206.0,N_756
2024-05-11 15:25:34,43.930195,6.152725,40.18818,230.09935,844.9509,0.00079869665,-403.77380405924487,206.0,N_756
2024-05-11 15:25:35,43.86809,6.1527557,40.132225,230.08536,844.9287,0.0007392677,-410.46878071989704,206.0,N_756
2024-05-11 15:25:36,43.806,6.1528015,40.07627,230.06438,844.94727,0.0006798387,-417.66861502466054,206.0,N_756
2024-05-11 15:25:37,43.743923,6.152832,40.02032,230.0434,844.96204,0.0007410156,-423.9093483432225,206.0,N_756
2024-05-11 15:25:38,43.68186,6.152878,39.95737,230.02242,844.9583,0.00047395332,-433.8271689491812,206.0,N_756
2024-05-11 15:25:39,43.619812,6.1529236,39.90142,230.00143,844.95465,0.00032959657,-443.3158514452298,206.0,N_756
2024-05-11 15:25:40,43.557777,6.1529694,39.845467,229.98744,844.9565,0.00016958627,-453.66161974811257,206.0,N_756
2024-05-11 15:25:41,43.495758,6.153015,39.789513,229.96646,844.9565,0.00022850628,-463.57439465669813,206.0,N_756
2024-05-11 15:25:42,43.43375,6.153061,39.726566,229.94548,844.9565,0.00024068751,-474.9693306933441,206.0,N_756
2024-05-11 15:25:43,43.371758,6.153122,39.670612,229.9245,844.9565,0.00039307063,-484.02995489021487,206.0,N_756
2024-05-11 15:25:44,43.309776,6.1531677,39.614662,229.9105,844.9565,0.00054223265,-491.5312683025586,206.0,N_756
2024-05-11 15:25:45,43.24781,6.1532135,39.551712,229.88953,844.9565,0.0006602062,-500.189914022576,206.0,N_756
2024-05-11 15:25:46,43.18586,6.1532745,39.49576,229.86855,844.9565,0.0009946222,-504.5359691392623,206.0,N_756
2024-05-11 15:25:47,43.123924,6.1533356,39.43281,229.84756,844.9565,0.00085191283,-511.93806280015997,206.0,N_756
2024-05-11 15:25:48,43.062,6.1533813,39.37686,229.82658,844.9565,0.000602602,-519.6367359634933,206.0,N_756
2024-05-11 15:25:49,43.00009,6.1534424,39.320908,229.81259,844.9565,0.00047547388,-527.9425742513558,206.0,N_756
2024-05-11 15:25:50,42.938194,6.1535034,39.264954,229.79161,844.9565,0.00077965256,-533.8134390239866,206.0,N_756
2024-05-11 15:25:51,42.876312,6.1535645,39.202007,229.77063,844.9565,0.0010493976,-540.054364876647,206.0,N_756
2024-05-11 15:25:52,42.814445,6.1536255,39.146053,229.75664,844.9565,0.0013814396,-542.4765500691101,206.0,N_756
2024-05-11 15:25:53,42.75259,6.1536865,39.090103,229.73566,844.9565,0.0018178122,-542.189204531318,206.0,N_756
2024-05-11 15:25:54,42.69075,6.153763,39.03415,229.71468,844.9565,0.0016578778,-541.6897121096408,206.0,N_756
2024-05-11 15:25:55,42.62892,6.153824,38.971203,229.6937,844.9565,0.0016680416,-542.4959652680627,206.0,N_756
2024-05-11 15:25:56,42.567112,6.153885,38.908257,229.67271,844.9565,0.0016970575,-545.8873870876705,206.0,N_756
2024-05-11 15:25:57,42.505314,6.153961,38.859295,229.65872,844.9565,0.0017901161,-543.1331730866186,206.0,N_756
2024-05-11 15:25:58,42.443527,6.154022,38.79635,229.64473,844.9565,0.0018831745,-543.6480457399484,206.0,N_756
2024-05-11 15:25:59,42.381756,6.1540985,38.740395,229.62375,844.9565,0.0019240098,-541.1890393298272,206.0,N_756
2024-05-11 15:26:00,42.32,6.154175,38.67745,229.60277,844.9565,0.0019338154,-542.9140205209842,206.0,N_756
2024-05-11 15:26:01,42.25842,6.154251,38.62849,229.58179,844.9583,0.002061816,-538.3289039807423,206.0,N_756
2024-05-11 15:26:02,42.19685,6.1543274,38.565544,229.5678,844.95276,0.0021898164,-536.8255732505422,206.0,N_756
2024-05-11 15:26:03,42.13529,6.1544037,38.50959,229.54681,844.9509,0.0022008792,-532.336544909198,206.0,N_756
2024-05-11 15:26:04,42.073734,6.1544952,38.446644,229.52583,844.9694,0.0021940635,-530.9096328929008,206.0,N_756
2024-05-11 15:26:05,42.012188,6.1545715,38.39069,229.50485,844.98425,0.0023532992,-527.0637312071813,206.0,N_756
2024-05-11 15:26:06,41.95065,6.154648,38.334736,229.48387,844.9509,0.0027657817,-518.8313374385398,206.0,N_756
2024-05-11 15:26:07,41.889122,6.1547394,38.27179,229.46988,844.84906,0.0029250267,-512.9524823068787,206.0,N_756
2024-05-11 15:26:08,41.8276,6.154831,38.21584,229.45589,844.7583,0.0030506216,-504.44512242557175,206.0,N_756
2024-05-11 15:26:09,41.766087,6.154907,38.159885,229.4349,844.7435,0.0030575823,-496.0058398987421,206.0,N_756
2024-05-11 15:26:10,41.704582,6.154999,38.10393,229.41393,844.762,0.0032177086,-484.11575128961704,206.0,N_756
2024-05-11 15:26:11,41.643085,6.1550903,38.040985,229.39294,844.76575,0.0034775492,-474.8253140519264,206.0,N_756
2024-05-11 15:26:12,41.5816,6.155182,37.98503,229.37895,844.762,0.003783925,-461.537911186002,206.0,N_756
2024-05-11 15:26:13,41.52012,6.1552734,37.92908,229.35797,844.7602,0.003741528,-448.6340716434752,206.0,N_756
2024-05-11 15:26:14,41.45865,6.155365,37.873127,229.33699,844.762,0.0038810065,-432.4315696875092,206.0,N_756
2024-05-11 15:26:15,41.397186,6.1554565,37.81018,229.323,844.762,0.0038716435,-417.0262018090398,206.0,N_756
2024-05-11 15:26:16,41.33573,6.1555634,37.74723,229.30202,844.762,0.004193359,-403.1640050526257,206.0,N_756
2024-05-11 15:26:17,41.27429,6.155655,37.69128,229.28802,844.762,0.0043184888,-386.368857511472,206.0,N_756
2024-05-11 15:26:18,41.21285,6.1557617,37.635326,229.26704,844.762,0.0045733303,-368.0325702609298,206.0,N_756
2024-05-11 15:26:19,41.15142,6.1558533,37.579372,229.24606,844.762,0.004775392,-345.44770764645364,206.0,N_756
2024-05-11 15:26:20,41.09,6.15596,37.516426,229.23209,844.762,0.0044672797,-329.0293278324789,206.0,N_756
2024-05-11 15:26:21,41.028587,6.156067,37.460472,229.21109,844.762,0.004472069,-311.995130933592,206.0,N_756
2024-05-11 15:26:22,40.967182,6.1561584,37.404522,229.19711,844.762,0.004460649,-294.2371811449484,206.0,N_756
2024-05-11 15:26:23,40.90579,6.1562653,37.348568,229.17613,844.762,0.0042173374,-275.0162806979424,206.0,N_756
2024-05-11 15:26:24,40.8444,6.156372,37.28562,229.15515,844.762,0.0043743416,-256.602929153054,206.0,N_756
2024-05-11 15:26:25,40.78302,6.156479,37.222675,229.14116,844.762,0.00467605,-238.78664186613605,206.0,N_756
2024-05-11 15:26:26,40.72165,6.156601,37.16672,229.12018,844.762,0.0046804743,-223.1471627575811,206.0,N_756
2024-05-11 15:26:27,40.660286,6.156708,37.117764,229.0992,844.762,0.004815246,-198.85431852631882,206.0,N_756
2024-05-11 15:26:28,40.598934,6.1568146,37.054813,229.0852,844.762,0.004804276,-176.59307871135752,206.0,N_756
2024-05-11 15:26:29,40.537586,6.1569366,36.991867,229.06422,844.762,0.0047932547,-158.82039656113557,206.0,N_756
2024-05-11 15:26:30,40.47625,6.1570435,36.935913,229.05023,844.762,0.0049445024,-141.51279119703395,206.0,N_756
2024-05-11 15:26:31,40.41492,6.1571655,36.886955,229.02925,844.762,0.0053101843,-112.96236978060188,206.0,N_756
2024-05-11 15:26:32,40.3536,6.1572723,36.82401,229.00827,844.762,0.0051839175,-88.73784311826239,206.0,N_756
2024-05-11 15:26:33,40.292286,6.1573944,36.761063,228.99428,844.762,0.0055797207,-64.98610167930383,206.0,N_756
2024-05-11 15:26:34,40.230984,6.1575165,36.70511,228.9733,844.762,0.005517753,-41.22583332519207,206.0,N_756
2024-05-11 15:26:35,40.169685,6.1576385,36.649155,228.9593,844.762,0.0055205994,-16.485860589564254,206.0,N_756
2024-05-11 15:26:36,40.1084,6.1577606,36.593204,228.93832,844.762,0.005555855,12.526609068449034,206.0,N_756
2024-05-11 15:26:37,40.04712,6.1578827,36.53026,228.91734,844.762,0.0058517056,0.0,206.0,N_756
