datetime,mlat,mlt,glat,glon,alt,Ex,pot,cpcp_kV,pass_id
2024-05-10 16:55:00,40.0,18.03389,45.468735,11.372429,844.9565,-0.0005687153,-3.7492700947729567,31.0,N_772
2024-05-10 16:55:01,40.069996,18.033691,45.524685,11.344453,844.95465,-0.00042496016,-13.283511900260594,31.0,N_772
2024-05-10 16:55:02,40.139988,18.033478,45.58064,11.32347,844.9583,-0.000412198,-22.86982136307021,31.0,N_772
2024-05-10 16:55:03,40.209976,18.03328,45.643585,11.302488,844.96204,-0.000538563,-33.73513360939799,31.0,N_772
2024-05-10 16:55:04,40.279957,18.033081,45.69954,11.281506,844.94727,-0.00080415636,-46.14694182421324,31.0,N_772
2024-05-10 16:55:05,40.34993,18.032883,45.762486,11.260523,844.9287,-0.00065830455,-57.89226696925169,31.0,N_772
2024-05-10 16:55:06,40.4199,18.032684,45.81844,11.232547,844.9509,-0.0007811662,-69.11224319420451,31.0,N_772
2024-05-10 16:55:07,40.489864,18.032486,45.867397,11.211564,845.04724,-0.0007756647,-79.95963808764365,31.0,N_772
2024-05-10 16:55:08,40.559822,18.032288,45.92335,11.190582,845.1454,-0.0007659896,-92.09426370033904,31.0,N_772
2024-05-10 16:55:09,40.629776,18.03209,45.986298,11.1696,845.1713,-0.0006137757,-103.90764037369068,31.0,N_772
2024-05-10 16:55:10,40.699722,18.031906,46.049244,11.148618,845.15283,-0.0007383051,-115.6374518358895,31.0,N_772
2024-05-10 16:55:11,40.769665,18.031708,46.098206,11.120641,845.1454,-0.0007329412,-126.3556848065046,31.0,N_772
2024-05-10 16:55:12,40.8396,18.031525,46.154156,11.099659,845.15094,-0.00072033884,-138.15953964061404,31.0,N_772
2024-05-10 16:55:13,40.90953,18.031342,46.217102,11.078676,845.15283,-0.00070919166,-150.7557888735735,31.0,N_772
2024-05-10 16:55:14,40.979454,18.031158,46.280052,11.0507,845.15094,-0.0007007875,-162.8111840734618,31.0,N_772
2024-05-10 16:55:15,41.049374,18.03096,46.336002,11.029717,845.15094,-0.00069088145,-173.88001385738897,31.0,N_772
2024-05-10 16:55:16,41.11929,18.030777,46.391956,11.008735,845.15094,-0.00067289063,-184.8330656587042,31.0,N_772
2024-05-10 16:55:17,41.189198,18.030594,46.44791,10.987753,845.15094,-0.00066569034,-195.84264642518627,31.0,N_772
2024-05-10 16:55:18,41.259098,18.030426,46.503864,10.959776,845.15094,-0.0006584436,-206.84993111643072,31.0,N_772
2024-05-10 16:55:19,41.328995,18.030243,46.559814,10.938794,845.15094,-0.00064840674,-218.13267209468492,31.0,N_772
2024-05-10 16:55:20,41.398888,18.03006,46.62276,10.917811,845.15094,-0.00063427404,-229.60730864684433,31.0,N_772
2024-05-10 16:55:21,41.468773,18.029892,46.678715,10.89683,845.15094,-0.00062438124,-240.3415415218164,31.0,N_772
2024-05-10 16:55:22,41.538654,18.029709,46.73467,10.868853,845.14905,-0.00089177483,-252.84462194491974,31.0,N_772
2024-05-10 16:55:23,41.60853,18.029541,46.790623,10.847871,845.15283,-0.0007443353,-264.9163509125137,31.0,N_772
2024-05-10 16:55:24,41.6784,18.029373,46.85357,10.819894,845.1565,-0.00059253915,-276.26823728760246,31.0,N_772
2024-05-10 16:55:25,41.748264,18.029205,46.909523,10.798912,845.14166,-0.0005797867,-286.616452763115,31.0,N_772
2024-05-10 16:55:26,41.818123,18.029037,46.965473,10.777929,845.12317,-0.00085081806,-298.83442023499424,31.0,N_772
2024-05-10 16:55:27,41.887974,18.02887,47.021427,10.749953,845.1454,-0.00084078626,-311.6416547126149,31.0,N_772
2024-05-10 16:55:28,41.95782,18.028702,47.084373,10.728971,845.2417,-0.0008267,-324.97041673286833,31.0,N_772
2024-05-10 16:55:29,42.027664,18.028534,47.14732,10.707988,845.3398,-0.00095629314,-338.65120586249486,31.0,N_772
2024-05-10 16:55:30,42.0975,18.028366,47.203274,10.680012,845.3657,-0.00080260367,-349.9722931379025,31.0,N_772
2024-05-10 16:55:31,42.167328,18.028214,47.25223,10.659029,845.3472,-0.0009351084,-361.8257098656502,31.0,N_772
2024-05-10 16:55:32,42.237156,18.028046,47.308186,10.638047,845.3398,-0.00092505116,-374.38615117439144,31.0,N_772
2024-05-10 16:55:33,42.306973,18.027893,47.36414,10.617064,845.3454,-0.00091495976,-387.69608871146295,31.0,N_772
2024-05-10 16:55:34,42.37679,18.02774,47.427086,10.589088,845.3472,-0.0009061789,-401.053250546427,31.0,N_772
2024-05-10 16:55:35,42.446594,18.027573,47.48304,10.568106,845.3454,-0.0008933983,-414.2033722160183,31.0,N_772
2024-05-10 16:55:36,42.5164,18.02742,47.545986,10.54013,845.3454,-0.00087922753,-427.3855856109824,31.0,N_772
2024-05-10 16:55:37,42.586197,18.027267,47.60194,10.519147,845.3454,-0.00087418436,-439.745145003656,31.0,N_772
2024-05-10 16:55:38,42.655987,18.02713,47.65789,10.491171,845.3454,-0.0008613297,-452.6899496895136,31.0,N_772
2024-05-10 16:55:39,42.725773,18.026978,47.720837,10.470188,845.3454,-0.0008497027,-465.6583903790156,31.0,N_772
2024-05-10 16:55:40,42.795555,18.026825,47.77679,10.442212,845.3454,-0.00083680014,-477.7929171466585,31.0,N_772
2024-05-10 16:55:41,42.86533,18.026672,47.832745,10.421229,845.34357,-0.00082643656,-489.7126267178166,31.0,N_772
2024-05-10 16:55:42,42.935097,18.026535,47.8887,10.400248,845.3472,-0.0008134996,-501.0729459080231,31.0,N_772
2024-05-10 16:55:43,43.004864,18.026382,47.937656,10.372271,845.35095,-0.00080449024,-512.834587762691,31.0,N_772
2024-05-10 16:55:44,43.07462,18.026245,48.000603,10.351289,845.3361,-0.00079263974,-526.010184836105,31.0,N_772
2024-05-10 16:55:45,43.144375,18.026108,48.06355,10.323312,845.3176,-0.00078327314,-538.5682339711317,31.0,N_772
2024-05-10 16:55:46,43.21412,18.02597,48.119503,10.30233,845.3398,-0.0009135259,-551.8533912405709,31.0,N_772
2024-05-10 16:55:47,43.283863,18.025833,48.18245,10.274353,845.4361,-0.001047618,-565.3179680031371,31.0,N_772
2024-05-10 16:55:48,43.3536,18.025696,48.231407,10.253371,845.5343,-0.001179705,-578.8979957926657,31.0,N_772
2024-05-10 16:55:49,43.42333,18.025558,48.28736,10.225394,845.56024,-0.0008821084,-591.3153575634939,31.0,N_772
2024-05-10 16:55:50,43.493053,18.025421,48.343315,10.204412,845.5417,-0.000871575,-603.6431173389966,31.0,N_772
2024-05-10 16:55:51,43.562775,18.0253,48.39927,10.176435,845.5343,-0.00086101115,-616.5751790762474,31.0,N_772
2024-05-10 16:55:52,43.63249,18.025162,48.462215,10.155454,845.53986,-0.0009905298,-630.4509685380738,31.0,N_772
2024-05-10 16:55:53,43.702194,18.02504,48.518166,10.127477,845.5417,-0.0009800234,-643.4920346230589,31.0,N_772
2024-05-10 16:55:54,43.7719,18.024902,48.57412,10.106495,845.53986,-0.0011137875,-657.403093426874,31.0,N_772
2024-05-10 16:55:55,43.841595,18.02478,48.630074,10.078518,845.53986,-0.001103343,-671.2334894704582,31.0,N_772
2024-05-10 16:55:56,43.91129,18.024658,48.686028,10.057535,845.53986,-0.0010903465,-685.7976432381282,31.0,N_772
2024-05-10 16:55:57,43.980972,18.024536,48.748974,10.029559,845.53986,-0.00093373744,-699.308922318663,31.0,N_772
2024-05-10 16:55:58,44.050655,18.024414,48.804928,10.008576,845.53986,-0.001067868,-713.7065848748472,31.0,N_772
2024-05-10 16:55:59,44.12033,18.024292,48.867874,9.9806,845.53986,-0.0010558617,-727.2042908706306,31.0,N_772
2024-05-10 16:56:00,44.19,18.02417,48.916832,9.959618,845.53986,-0.001046687,-739.8968420999302,31.0,N_772
2024-05-10 16:56:01,44.2604,18.024094,48.972786,9.931642,845.5417,-0.0010335234,-754.0562419490468,31.0,N_772
2024-05-10 16:56:02,44.330772,18.024017,49.035732,9.910659,845.5436,-0.0010214079,-768.880290026399,31.0,N_772
2024-05-10 16:56:03,44.40111,18.023941,49.09868,9.882683,845.5343,-0.0010092572,-782.2701607150843,31.0,N_772
2024-05-10 16:56:04,44.47142,18.023865,49.147636,9.854707,845.5251,-0.0009999584,-794.6578579455008,31.0,N_772
2024-05-10 16:56:05,44.5417,18.023788,49.20359,9.833724,845.5658,-0.000986669,-807.5830527710285,31.0,N_772
2024-05-10 16:56:06,44.61195,18.023712,49.259544,9.812741,845.65283,-0.0011216387,-822.362885899058,31.0,N_772
2024-05-10 16:56:07,44.682167,18.023636,49.32249,9.784765,845.73065,-0.00096357934,-836.1892160892945,31.0,N_772
2024-05-10 16:56:08,44.752354,18.02356,49.378445,9.756789,845.74915,-0.0012447421,-852.0103131699916,31.0,N_772
2024-05-10 16:56:09,44.822514,18.023483,49.44139,9.728812,845.7362,-0.0012301087,-867.4075937826117,31.0,N_772
2024-05-10 16:56:10,44.89264,18.023407,49.497345,9.707829,845.73065,-0.0009269047,-880.0729906913618,31.0,N_772
2024-05-10 16:56:11,44.962734,18.02333,49.553295,9.679853,845.7343,-0.0012086938,-894.5605939559782,31.0,N_772
2024-05-10 16:56:12,45.0328,18.023254,49.60925,9.658871,845.7362,-0.0011979388,-909.8884570571108,31.0,N_772
2024-05-10 16:56:13,45.102833,18.023178,49.672195,9.630895,845.7343,-0.0011831672,-925.1430265432724,31.0,N_772
2024-05-10 16:56:14,45.17284,18.023102,49.72815,9.602919,845.7343,-0.001319084,-940.3346465115491,31.0,N_772
2024-05-10 16:56:15,45.242813,18.023026,49.784103,9.581936,845.7343,-0.0013083516,-955.4889169096978,31.0,N_772
2024-05-10 16:56:16,45.312756,18.02295,49.840054,9.55396,845.7343,-0.0012975871,-970.7175369372194,31.0,N_772
2024-05-10 16:56:17,45.382668,18.022873,49.896008,9.525983,845.7343,-0.0012842756,-985.6828062919648,31.0,N_772
2024-05-10 16:56:18,45.45255,18.022797,49.95196,9.505001,845.7343,-0.0012734502,-1001.5523840015982,31.0,N_772
2024-05-10 16:56:19,45.5224,18.02272,50.014908,9.477024,845.7343,-0.0012611103,-1017.3071941455332,31.0,N_772
2024-05-10 16:56:20,45.59222,18.022644,50.07086,9.449048,845.7343,-0.0012502176,-1032.2196032780798,31.0,N_772
2024-05-10 16:56:21,45.662014,18.022583,50.126812,9.421071,845.7343,-0.0012367794,-1046.875571323355,31.0,N_772
2024-05-10 16:56:22,45.731773,18.022507,50.182766,9.400089,845.738,-0.001225826,-1062.3924748765617,31.0,N_772
2024-05-10 16:56:23,45.801502,18.02243,50.245712,9.372112,845.73987,-0.00121335,-1078.5856792516856,31.0,N_772
2024-05-10 16:56:24,45.8712,18.022354,50.30866,9.3511305,845.7269,-0.0012008365,-1093.7924066072005,31.0,N_772
2024-05-10 16:56:25,45.94087,18.022278,50.364613,9.3231535,845.70654,-0.0011897822,-1108.3021049195127,31.0,N_772
2024-05-10 16:56:26,46.010506,18.022202,50.420567,9.295177,845.73065,-0.0011761836,-1122.7214836758276,31.0,N_772
2024-05-10 16:56:27,46.080112,18.022125,50.47652,9.2672,845.8251,-0.0011650699,-1136.2084857415293,31.0,N_772
2024-05-10 16:56:28,46.14969,18.022049,50.52548,9.239224,845.92505,-0.0011554285,-1149.5670494264368,31.0,N_772
2024-05-10 16:56:29,46.219234,18.021973,50.581432,9.218242,845.9491,-0.001144254,-1163.6271878257794,31.0,N_772
2024-05-10 16:56:30,46.28875,18.021912,50.637383,9.190266,845.9306,-0.0011305324,-1178.585087394837,31.0,N_772
2024-05-10 16:56:31,46.358234,18.021835,50.700333,9.162289,845.92505,-0.0011177874,-1193.3836958563188,31.0,N_772
2024-05-10 16:56:32,46.42769,18.021759,50.756283,9.134313,845.9288,-0.0011065182,-1207.3386522896008,31.0,N_772
2024-05-10 16:56:33,46.497112,18.021683,50.812237,9.106337,845.9306,-0.0010927034,-1221.0587365641527,31.0,N_772
2024-05-10 16:56:34,46.566505,18.021606,50.86819,9.085354,845.9288,-0.0010813725,-1234.7007267256301,31.0,N_772
2024-05-10 16:56:35,46.635868,18.02153,50.92414,9.057378,845.9288,-0.0010700118,-1248.4128692059653,31.0,N_772
2024-05-10 16:56:36,46.7052,18.021454,50.980095,9.029401,845.9288,-0.0010586195,-1262.8389968947185,31.0,N_772
2024-05-10 16:56:37,46.7745,18.021393,51.04304,9.001425,845.9306,-0.0010431563,-1277.919149614072,31.0,N_772
2024-05-10 16:56:38,46.843773,18.021317,51.10599,8.973448,845.9306,-0.001030173,-1292.1344629137438,31.0,N_772
2024-05-10 16:56:39,46.913013,18.02124,51.16194,8.945472,845.9288,-0.0010186844,-1305.3733678431709,31.0,N_772
2024-05-10 16:56:40,46.982224,18.021164,51.217896,8.924489,845.9288,-0.0010071641,-1318.522566357874,31.0,N_772
2024-05-10 16:56:41,47.051403,18.021088,51.27385,8.896513,845.9306,-0.0009931021,-1332.4649481969334,31.0,N_772
2024-05-10 16:56:42,47.120552,18.021027,51.336796,8.868536,845.9343,-0.0009799841,-1346.3464871905985,31.0,N_772
2024-05-10 16:56:43,47.189667,18.02095,51.39275,8.84056,845.9233,-0.000968371,-1359.3830984345686,31.0,N_772
2024-05-10 16:56:44,47.258755,18.020874,51.4487,8.812583,845.91394,-0.0009567266,-1372.2198437788702,31.0,N_772
2024-05-10 16:56:45,47.327812,18.020798,51.504654,8.791601,845.9547,-0.0009425404,-1384.9403538205188,31.0,N_772
2024-05-10 16:56:46,47.39684,18.020721,51.560608,8.763624,846.04364,-0.00093083695,-1397.727856285384,31.0,N_772
2024-05-10 16:56:47,47.465836,18.02066,51.616558,8.735648,846.11957,-0.00091910304,-1410.437359788356,31.0,N_772
2024-05-10 16:56:48,47.5348,18.020584,51.672512,8.707672,846.13995,-0.0009073388,-1423.0691704302053,31.0,N_772
2024-05-10 16:56:49,47.603737,18.020508,51.728466,8.679695,846.12506,-0.0008930322,-1435.6062901221524,31.0,N_772
2024-05-10 16:56:50,47.672638,18.020432,51.78442,8.651719,846.11957,-0.00088120834,-1448.7230354146968,31.0,N_772
2024-05-10 16:56:51,47.741512,18.02037,51.847366,8.623742,846.1232,-0.00086779275,-1461.8591321329086,31.0,N_772
2024-05-10 16:56:52,47.810356,18.020294,51.90332,8.595766,846.12506,-0.00085525005,-1474.0378394960553,31.0,N_772
2024-05-10 16:56:53,47.87917,18.020218,51.95927,8.574783,846.12506,-0.0008414786,-1486.2204640624182,31.0,N_772
2024-05-10 16:56:54,47.947952,18.020142,52.015224,8.539813,846.1232,-0.00083136634,-1498.4932554788475,31.0,N_772
2024-05-10 16:56:55,48.0167,18.02008,52.07118,8.511836,846.1232,-0.0008193783,-1510.5413938449042,31.0,N_772
2024-05-10 16:56:56,48.085423,18.020004,52.12713,8.48386,846.12506,-0.0008030377,-1523.0820391562925,31.0,N_772
2024-05-10 16:56:57,48.154114,18.019928,52.19008,8.455884,846.1232,-0.0007912299,-1535.6120726189142,31.0,N_772
2024-05-10 16:56:58,48.222775,18.019852,52.24603,8.434901,846.12506,-0.0007791494,-1547.2490586028225,31.0,N_772
2024-05-10 16:56:59,48.2914,18.01979,52.301983,8.406925,846.12506,-0.00076525874,-1558.939267985264,31.0,N_772
2024-05-10 16:57:00,48.36,18.019714,52.357937,8.378948,846.1232,-0.00075062294,-1571.198528998336,31.0,N_772
2024-05-10 16:57:01,48.428406,18.019638,52.420883,8.343978,846.1232,-0.000736878,-1583.611187896562,31.0,N_772
2024-05-10 16:57:02,48.496784,18.019562,52.476837,8.316001,846.12695,-0.000878721,-1596.0354115023952,31.0,N_772
2024-05-10 16:57:03,48.56514,18.019485,52.532787,8.288025,846.1288,-0.0008640873,-1608.3628356736713,31.0,N_772
2024-05-10 16:57:04,48.63347,18.01941,52.58874,8.260048,846.1158,-0.00085020903,-1620.598876354873,31.0,N_772
2024-05-10 16:57:05,48.70177,18.019333,52.644695,8.232072,846.09546,-0.0006871321,-1631.7720250666648,31.0,N_772
2024-05-10 16:57:06,48.77005,18.019257,52.70065,8.204096,846.11957,-0.0006748121,-1642.8633767764911,31.0,N_772
2024-05-10 16:57:07,48.838303,18.01918,52.7566,8.176119,846.214,-0.00065995037,-1653.8565303205319,31.0,N_772
2024-05-10 16:57:08,48.906532,18.019104,52.812553,8.148143,846.314,-0.0006458942,-1665.2406158571766,31.0,N_772
2024-05-10 16:57:09,48.97474,18.019028,52.8755,8.120166,846.3381,-0.00063356094,-1676.920418270753,31.0,N_772
2024-05-10 16:57:10,49.042915,18.018951,52.931454,8.085196,846.3196,-0.0007701137,-1688.7707308539984,31.0,N_772
2024-05-10 16:57:11,49.111073,18.018875,52.987408,8.0572195,846.314,-0.0009110269,-1701.2824267422918,31.0,N_772
2024-05-10 16:57:12,49.1792,18.018799,53.043358,8.036237,846.3177,-0.00059364503,-1712.217728121625,31.0,N_772
2024-05-10 16:57:13,49.247303,18.018723,53.106304,8.0012665,846.3196,-0.0007313656,-1724.5758052274368,31.0,N_772
2024-05-10 16:57:14,49.315384,18.018646,53.16226,7.9732895,846.3196,-0.00056283304,-1734.927960927162,31.0,N_772
2024-05-10 16:57:15,49.38344,18.01857,53.218212,7.9453135,846.3177,-0.00085763773,-1746.5596821525712,31.0,N_772
2024-05-10 16:57:16,49.451466,18.018509,53.26717,7.917337,846.3177,-0.0010038287,-1759.011970110569,31.0,N_772
2024-05-10 16:57:17,49.51947,18.018433,53.323124,7.8893604,846.3196,-0.0009874117,-1772.9917808304644,31.0,N_772
2024-05-10 16:57:18,49.58745,18.018356,53.38607,7.8543897,846.3196,-0.00097187696,-1787.6334650154336,31.0,N_772
2024-05-10 16:57:19,49.655403,18.01828,53.449017,7.826413,846.3196,-0.000957877,-1800.5997929417465,31.0,N_772
2024-05-10 16:57:20,49.72333,18.018204,53.49798,7.7984366,846.3196,-0.000947103,-1812.6772018911072,31.0,N_772
2024-05-10 16:57:21,49.791237,18.018143,53.55393,7.7704606,846.3177,-0.00093216304,-1826.1180749634086,31.0,N_772
2024-05-10 16:57:22,49.859116,18.018066,53.616875,7.742484,846.3177,-0.00091807183,-1840.219424565402,31.0,N_772
2024-05-10 16:57:23,49.92697,18.01799,53.679825,7.7145076,846.32135,-0.0009054463,-1853.6809268122306,31.0,N_772
2024-05-10 16:57:24,49.9948,18.01793,53.735775,7.679537,846.32697,-0.0008889157,-1866.2808508160538,31.0,N_772
2024-05-10 16:57:25,50.062603,18.017853,53.79173,7.6515603,846.3196,-0.0008763648,-1878.654420505611,31.0,N_772
2024-05-10 16:57:26,50.130383,18.017776,53.847683,7.6235843,846.2992,-0.00086378533,-1890.9443733665753,31.0,N_772
2024-05-10 16:57:27,50.198135,18.017715,53.903633,7.5956078,846.314,-0.00085117726,-1902.6576571090568,31.0,N_772
2024-05-10 16:57:28,50.265865,18.01764,53.952595,7.560637,846.4066,-0.00083912065,-1914.1653118314575,31.0,N_772
2024-05-10 16:57:29,50.33357,18.017578,54.008545,7.5326605,846.5084,-0.00082501484,-1926.8179910863632,31.0,N_772
2024-05-10 16:57:30,50.40125,18.017502,54.071495,7.504684,846.53436,-0.0008106709,-1940.2327394740014,31.0,N_772
2024-05-10 16:57:31,50.468903,18.01744,54.13444,7.4697137,846.514,-0.0009491536,-1953.9750631445715,31.0,N_772
2024-05-10 16:57:32,50.536533,18.017365,54.190395,7.441737,846.5084,-0.0007824258,-1965.1460719654897,31.0,N_772
2024-05-10 16:57:33,50.604137,18.017303,54.239353,7.4137607,846.5122,-0.0007712881,-1976.73967102288,31.0,N_772
2024-05-10 16:57:34,50.671715,18.017227,54.3023,7.37879,846.51587,-0.0009086079,-1990.2134691311558,31.0,N_772
2024-05-10 16:57:35,50.73927,18.017166,54.358253,7.3508134,846.514,-0.00089587,-2002.697054488255,31.0,N_772
2024-05-10 16:57:36,50.806797,18.01709,54.414204,7.3228374,846.514,-0.0007272245,-2013.6600251222103,31.0,N_772
2024-05-10 16:57:37,50.874302,18.017029,54.463165,7.2878666,846.514,-0.0008708023,-2026.013543423399,31.0,N_772
2024-05-10 16:57:38,50.94178,18.016953,54.52611,7.25989,846.514,-0.00085498136,-2039.6307809277246,31.0,N_772
2024-05-10 16:57:39,51.009235,18.016891,54.589058,7.2319136,846.514,-0.00084045733,-2052.6279555437936,31.0,N_772
2024-05-10 16:57:40,51.076664,18.01683,54.64501,7.1969433,846.514,-0.0009838638,-2065.954450847726,31.0,N_772
2024-05-10 16:57:41,51.14407,18.016754,54.700962,7.1619725,846.514,-0.0009698301,-2079.050704669872,31.0,N_772
2024-05-10 16:57:42,51.21145,18.016693,54.756916,7.133996,846.514,-0.0011134724,-2093.7702099427806,31.0,N_772
2024-05-10 16:57:43,51.2788,18.016632,54.819862,7.1060195,846.514,-0.0009411637,-2107.4257992614403,31.0,N_772
2024-05-10 16:57:44,51.34613,18.016571,54.875816,7.071049,846.5122,-0.0010837013,-2120.4484620087806,31.0,N_772
2024-05-10 16:57:45,51.413437,18.016495,54.924774,7.0430727,846.5122,-0.0010713206,-2133.2917751061873,31.0,N_772
2024-05-10 16:57:46,51.480717,18.016434,54.98073,7.015096,846.5122,-0.0010596863,-2146.964927730738,31.0,N_772
2024-05-10 16:57:47,51.54797,18.016373,55.036682,6.9801254,846.5177,-0.0010442903,-2161.3183536107495,31.0,N_772
2024-05-10 16:57:48,51.6152,18.016312,55.09963,6.952149,846.514,-0.0010284855,-2175.54086345409,31.0,N_772
2024-05-10 16:57:49,51.682404,18.01625,55.155582,6.9171786,846.4955,-0.0010155459,-2189.057500482045,31.0,N_772
2024-05-10 16:57:50,51.74958,18.016174,55.211533,6.882208,846.5084,-0.0010000764,-2202.333559862076,31.0,N_772
2024-05-10 16:57:51,51.816734,18.016113,55.267487,6.8542314,846.6011,-0.0009882333,-2216.1316459077284,31.0,N_772
2024-05-10 16:57:52,51.883865,18.016052,55.330433,6.826255,846.70294,-0.0009723552,-2229.9735720643084,31.0,N_772
2024-05-10 16:57:53,51.95097,18.015991,55.386387,6.7912846,846.7288,-0.00095679914,-2243.093073107092,31.0,N_772
2024-05-10 16:57:54,52.018047,18.01593,55.44234,6.756314,846.7103,-0.0009437161,-2255.996957762729,31.0,N_772
2024-05-10 16:57:55,52.085102,18.01587,55.498295,6.7283373,846.70105,-0.000931707,-2268.80337435836,31.0,N_772
2024-05-10 16:57:56,52.15213,18.015808,55.554245,6.693367,846.7048,-0.0009160516,-2281.6467040489865,31.0,N_772
2024-05-10 16:57:57,52.219135,18.015747,55.6102,6.6583962,846.7085,-0.000901797,-2294.273775587478,31.0,N_772
2024-05-10 16:57:58,52.286114,18.015686,55.666153,6.6304197,846.7085,-0.00088966114,-2306.6775776918357,31.0,N_772
2024-05-10 16:57:59,52.35307,18.015625,55.722103,6.602443,846.7085,-0.0008764271,-2318.471805113603,31.0,N_772
2024-05-10 16:58:00,52.42,18.015564,55.771065,6.567473,846.7085,-0.00086237985,-2330.831066197747,31.0,N_772
2024-05-10 16:58:01,52.486904,18.015533,55.83401,6.532502,846.7085,-0.0008483872,-2343.975998494321,31.0,N_772
2024-05-10 16:58:02,52.553783,18.015488,55.889965,6.497532,846.7085,-0.0008305313,-2356.7579583096776,31.0,N_772
2024-05-10 16:58:03,52.620636,18.015457,55.95291,6.4695554,846.7085,-0.0008164618,-2369.544750906817,31.0,N_772
2024-05-10 16:58:04,52.687466,18.015411,56.00886,6.4345846,846.7085,-0.00080308126,-2381.6248805615596,31.0,N_772
2024-05-10 16:58:05,52.75427,18.015366,56.064816,6.3996143,846.7085,-0.0009460109,-2394.5232602198544,31.0,N_772
2024-05-10 16:58:06,52.82105,18.015335,56.12077,6.371638,846.7066,-0.001250536,-2409.4103927690226,31.0,N_772
2024-05-10 16:58:07,52.887802,18.01529,56.176723,6.336667,846.7085,-0.00091835926,-2422.2450211297228,31.0,N_772
2024-05-10 16:58:08,52.954533,18.015244,56.232674,6.3016963,846.71216,-0.0009024797,-2434.855823654052,31.0,N_772
2024-05-10 16:58:09,53.021236,18.015213,56.288628,6.2737203,846.7085,-0.0012093459,-2449.463791276404,31.0,N_772
2024-05-10 16:58:10,53.087914,18.015167,56.34458,6.2387495,846.68994,-0.0010367567,-2463.8403547649227,31.0,N_772
2024-05-10 16:58:11,53.154568,18.015121,56.407528,6.2037787,846.70294,-0.0010182301,-2478.0822468315087,31.0,N_772
2024-05-10 16:58:12,53.2212,18.015076,56.46348,6.1688085,846.7937,-0.001164329,-2492.3782339622367,31.0,N_772
2024-05-10 16:58:13,53.287804,18.015045,56.519432,6.140832,846.8974,-0.0011518464,-2506.5966712327418,31.0,N_772
2024-05-10 16:58:14,53.35438,18.015,56.575386,6.105861,846.93066,-0.00097541325,-2519.791985043127,31.0,N_772
2024-05-10 16:58:15,53.420937,18.014954,56.63134,6.070891,846.9159,-0.0011233845,-2533.9601874689542,31.0,N_772
2024-05-10 16:58:16,53.487465,18.014908,56.687294,6.03592,846.8974,-0.0011091108,-2548.0314519574295,31.0,N_772
2024-05-10 16:58:17,53.55397,18.014862,56.743244,6.00095,846.89923,-0.0010923371,-2561.9898114069756,31.0,N_772
2024-05-10 16:58:18,53.62045,18.014816,56.7992,5.965979,846.9048,-0.001079649,-2576.540766968947,31.0,N_772
2024-05-10 16:58:19,53.6869,18.01477,56.862144,5.9380026,846.90295,-0.001064365,-2590.9247733310144,31.0,N_772
2024-05-10 16:58:20,53.75333,18.014725,56.9181,5.903032,846.90295,-0.0010475478,-2604.5810217435983,31.0,N_772
2024-05-10 16:58:21,53.819736,18.014679,56.974052,5.8680615,846.90295,-0.0010347336,-2618.150088719194,31.0,N_772
2024-05-10 16:58:22,53.886116,18.014633,57.030003,5.833091,846.90295,-0.0010218631,-2630.884296831503,31.0,N_772
2024-05-10 16:58:23,53.95247,18.014587,57.078964,5.7981205,846.90295,-0.0011665944,-2644.5611513242807,31.0,N_772
2024-05-10 16:58:24,54.0188,18.014542,57.134914,5.7631497,846.90295,-0.0009923931,-2658.4706418271535,31.0,N_772
2024-05-10 16:58:25,54.085102,18.01448,57.19786,5.735173,846.90295,-0.0009776421,-2672.26881779606,31.0,N_772
2024-05-10 16:58:26,54.151382,18.014435,57.253815,5.700203,846.90295,-0.00096142647,-2685.344004786215,31.0,N_772
2024-05-10 16:58:27,54.217636,18.014389,57.30977,5.665232,846.90295,-0.0009470156,-2697.628061977655,31.0,N_772
2024-05-10 16:58:28,54.283867,18.014343,57.358727,5.6302614,846.90295,-0.0010967148,-2711.6472431968405,31.0,N_772
2024-05-10 16:58:29,54.35007,18.014282,57.421673,5.595291,846.90295,-0.0010787317,-2727.184394772112,31.0,N_772
2024-05-10 16:58:30,54.41625,18.014236,57.484623,5.553326,846.90295,-0.0010619629,-2741.806722109738,31.0,N_772
2024-05-10 16:58:31,54.482403,18.01419,57.540573,5.518356,846.90106,-0.0012082546,-2755.6065408527693,31.0,N_772
2024-05-10 16:58:32,54.54853,18.01413,57.589535,5.483385,846.90295,-0.0011957514,-2770.341588028553,31.0,N_772
2024-05-10 16:58:33,54.614635,18.014084,57.65248,5.448415,846.9085,-0.0010193483,-2784.534289399893,31.0,N_772
2024-05-10 16:58:34,54.680714,18.014023,57.70843,5.413444,846.91034,-0.0013261671,-2799.986761497982,31.0,N_772
2024-05-10 16:58:35,54.74677,18.013977,57.764385,5.3784733,846.8937,-0.0011502561,-2814.2810451057867,31.0,N_772
2024-05-10 16:58:36,54.812798,18.013916,57.82034,5.343503,846.88257,-0.0012987672,-2828.5950417150166,31.0,N_772
2024-05-10 16:58:37,54.878803,18.01387,57.869297,5.308532,846.9363,-0.0011224765,-2841.948120132205,31.0,N_772
2024-05-10 16:58:38,54.944782,18.01381,57.92525,5.273562,847.04736,-0.0009461625,-2855.5977184273015,31.0,N_772
2024-05-10 16:58:39,55.010735,18.013763,57.988197,5.238591,847.1141,-0.0010899373,-2870.2387134029077,31.0,N_772
2024-05-10 16:58:40,55.076664,18.013702,58.04415,5.2036204,847.11035,-0.0012386498,-2886.178741243163,31.0,N_772
2024-05-10 16:58:41,55.14257,18.013641,58.107098,5.161656,847.0918,-0.0012229898,-2900.929593456417,31.0,N_772
2024-05-10 16:58:42,55.20845,18.013596,58.156055,5.1266856,847.0937,-0.0012084271,-2914.8344401957747,31.0,N_772
2024-05-10 16:58:43,55.274303,18.013535,58.21201,5.091715,847.09924,-0.0011940876,-2929.39555104485,31.0,N_772
2024-05-10 16:58:44,55.340134,18.013474,58.267963,5.056744,847.09924,-0.0011805941,-2944.7436936325566,31.0,N_772
2024-05-10 16:58:45,55.405937,18.013412,58.33091,5.021774,847.09735,-0.0011623224,-2959.8429303501703,31.0,N_772
2024-05-10 16:58:46,55.471714,18.013367,58.386864,4.986803,847.09735,-0.0011479422,-2973.427627995955,31.0,N_772
2024-05-10 16:58:47,55.53747,18.013306,58.43582,4.9448385,847.09735,-0.0011332722,-2986.9674008199354,31.0,N_772
2024-05-10 16:58:48,55.6032,18.013245,58.491776,4.909868,847.09735,-0.0011192486,-3001.023805067708,31.0,N_772
2024-05-10 16:58:49,55.668903,18.013184,58.547726,4.8748975,847.09735,-0.001104849,-3015.8057240034914,31.0,N_772
2024-05-10 16:58:50,55.73458,18.013123,58.610672,4.8399267,847.09735,-0.0010864651,-3030.542324163779,31.0,N_772
2024-05-10 16:58:51,55.800236,18.013062,58.666626,4.797962,847.09735,-0.0010723732,-3044.4240389248034,31.0,N_772
2024-05-10 16:58:52,55.865868,18.013,58.72258,4.7629914,847.09735,-0.0010582559,-3058.070280523897,31.0,N_772
2024-05-10 16:58:53,55.93147,18.01294,58.778534,4.728021,847.09735,-0.0010421975,-3071.6082865563603,31.0,N_772
2024-05-10 16:58:54,55.997047,18.012878,58.834484,4.6930504,847.09735,-0.0010277213,-3085.1880046591514,31.0,N_772
2024-05-10 16:58:55,56.062603,18.012817,58.890438,4.651086,847.09735,-0.0010107566,-3099.4085445950823,31.0,N_772
2024-05-10 16:58:56,56.12813,18.012756,58.953384,4.616115,847.09735,-0.000995181,-3112.7984207014274,31.0,N_772
2024-05-10 16:58:57,56.193638,18.012695,59.002342,4.5741506,847.0956,-0.0009800204,-3125.308721456625,31.0,N_772
2024-05-10 16:58:58,56.259117,18.012619,59.058296,4.53918,847.09924,-0.00096572953,-3138.4624730226465,31.0,N_772
2024-05-10 16:58:59,56.32457,18.012558,59.11425,4.4972153,847.10114,-0.0011153017,-3152.603892407464,31.0,N_772
2024-05-10 16:59:00,56.39,18.012497,59.170204,4.4622445,847.0918,-0.0012623504,-3167.7324739208952,31.0,N_772
2024-05-10 16:59:01,56.455074,18.01242,59.226154,4.42028,847.0826,-0.0009200324,-3180.589829592307,31.0,N_772
2024-05-10 16:59:02,56.520138,18.01233,59.28211,4.385309,847.1233,-0.0010699561,-3194.2862806770113,31.0,N_772
2024-05-10 16:59:03,56.585186,18.012253,59.338062,4.350339,847.2104,-0.0008888849,-3206.911895046398,31.0,N_772
2024-05-10 16:59:04,56.650223,18.012177,59.394012,4.308374,847.28815,-0.0008743118,-3219.4623661700753,31.0,N_772
2024-05-10 16:59:05,56.715244,18.0121,59.449966,4.2734036,847.3067,-0.00085735763,-3231.8721741176923,31.0,N_772
2024-05-10 16:59:06,56.78025,18.012009,59.50592,4.2314386,847.2937,-0.0010074631,-3245.2888569529064,31.0,N_772
2024-05-10 16:59:07,56.84524,18.011932,59.561874,4.1964684,847.28815,-0.00082835514,-3258.106936942075,31.0,N_772
2024-05-10 16:59:08,56.91022,18.011856,59.62482,4.154504,847.2919,-0.0009741329,-3272.1742762169742,31.0,N_772
2024-05-10 16:59:09,56.975185,18.01178,59.680775,4.112539,847.2937,-0.00095965224,-3285.3934866716477,31.0,N_772
2024-05-10 16:59:10,57.04014,18.011688,59.736725,4.0705743,847.2919,-0.0007778082,-3297.2973400884493,31.0,N_772
2024-05-10 16:59:11,57.105076,18.011612,59.79268,4.0356035,847.2919,-0.0009281241,-3309.4903292105,31.0,N_772
2024-05-10 16:59:12,57.17,18.011536,59.841637,3.993639,847.2919,-0.0007479311,-3321.005593088039,31.0,N_772
2024-05-10 16:59:13,57.23491,18.01146,59.904583,3.9586685,847.2919,-0.00073138636,-3333.2999108688264,31.0,N_772
2024-05-10 16:59:14,57.299805,18.011368,59.960537,3.9167037,847.2919,-0.0008818829,-3345.9861361586,31.0,N_772
2024-05-10 16:59:15,57.36469,18.011292,60.01649,3.874739,847.2919,-0.0011953117,-3360.7564998838493,31.0,N_772
2024-05-10 16:59:16,57.429554,18.011215,60.072445,3.8327744,847.2919,-0.0010154599,-3373.4468988561975,31.0,N_772
2024-05-10 16:59:17,57.49441,18.011139,60.121403,3.7978039,847.2919,-0.00083480746,-3384.9250765205416,31.0,N_772
2024-05-10 16:59:18,57.55925,18.011063,60.177357,3.755839,847.2919,-0.0009856315,-3398.9032592560798,31.0,N_772
2024-05-10 16:59:19,57.624077,18.010971,60.240303,3.7208686,847.2919,-0.0006378579,-3410.5572744842616,31.0,N_772
2024-05-10 16:59:20,57.68889,18.010895,60.296253,3.6789038,847.2919,-0.00062064844,-3421.943736500858,31.0,N_772
2024-05-10 16:59:21,57.75369,18.010818,60.359203,3.6369393,847.2919,-0.00060375524,-3433.06720301595,31.0,N_772
2024-05-10 16:59:22,57.818474,18.010742,60.40816,3.5949745,847.2919,-0.0009200066,-3445.2369726349416,31.0,N_772
2024-05-10 16:59:23,57.883244,18.010666,60.464115,3.5530097,847.2919,-0.0007392961,-3457.491839399494,31.0,N_772
2024-05-10 16:59:24,57.948,18.010574,60.52706,3.5110452,847.29,-0.0007200442,-3469.72801682482,31.0,N_772
2024-05-10 16:59:25,58.012745,18.010498,60.583015,3.4760745,847.2919,-0.0007051536,-3481.0669269117197,31.0,N_772
2024-05-10 16:59:26,58.077473,18.010422,60.638966,3.43411,847.2974,-0.000690238,-3491.9421259511046,31.0,N_772
2024-05-10 16:59:27,58.14219,18.010345,60.687927,3.3921452,847.2937,-0.00084100745,-3503.5725614251924,31.0,N_772
2024-05-10 16:59:28,58.20689,18.01027,60.743877,3.3501804,847.2733,-0.00082612806,-3515.8454126587917,31.0,N_772
2024-05-10 16:59:29,58.271576,18.010193,60.79983,3.3082159,847.28815,-0.00080873375,-3528.000132902775,31.0,N_772
2024-05-10 16:59:30,58.33625,18.010101,60.855785,3.266251,847.38074,-0.000960635,-3541.1599497942984,31.0,N_772
2024-05-10 16:59:31,58.40091,18.010025,60.911736,3.2242866,847.4808,-0.0009429873,-3554.199375003266,31.0,N_772
2024-05-10 16:59:32,58.465557,18.009949,60.96769,3.1823218,847.5067,-0.00092841027,-3567.139247195675,31.0,N_772
2024-05-10 16:59:33,58.53019,18.009872,61.023643,3.140357,847.48816,-0.0010774733,-3581.0649624377647,31.0,N_772
2024-05-10 16:59:34,58.594807,18.009796,61.079597,3.0983925,847.4789,-0.0010626087,-3594.8882403853995,31.0,N_772
2024-05-10 16:59:35,58.65941,18.00972,61.135548,3.0564277,847.4826,-0.0013791493,-3610.8076139426466,31.0,N_772
2024-05-10 16:59:36,58.724,18.009644,61.1915,3.014463,847.48816,-0.0008632744,-3623.3027014446816,31.0,N_772
2024-05-10 16:59:37,58.788578,18.009552,61.247456,2.9724984,847.48816,-0.0005140039,-3633.549032445067,31.0,N_772
2024-05-10 16:59:38,58.853138,18.009476,61.303406,2.9235396,847.4863,-0.0006635123,-3644.281406146485,31.0,N_772
2024-05-10 16:59:39,58.917686,18.0094,61.352367,2.8885689,847.4863,-0.00081757497,-3656.1877496536417,31.0,N_772
2024-05-10 16:59:40,58.982224,18.009323,61.415314,2.8466043,847.4863,-0.00079806073,-3669.0875895112786,31.0,N_772
2024-05-10 16:59:41,59.046745,18.009247,61.471268,2.7976456,847.4863,-0.0009503919,-3682.9837734653565,31.0,N_772
2024-05-10 16:59:42,59.11125,18.00917,61.534214,2.7556808,847.4863,-0.0012659738,-3697.9457638025165,31.0,N_772
2024-05-10 16:59:43,59.175743,18.009094,61.58317,2.7137163,847.4863,-0.0010853654,-3711.293370001077,31.0,N_772
2024-05-10 16:59:44,59.240223,18.009018,61.639126,2.6647573,847.4863,-0.0010678465,-3724.4775086064947,31.0,N_772
2024-05-10 16:59:45,59.304688,18.008942,61.688084,2.6227927,847.4863,-0.0010552661,-3737.4744221974647,31.0,N_772
2024-05-10 16:59:46,59.36914,18.008865,61.744038,2.580828,847.4863,-0.0010371624,-3751.8551855908345,31.0,N_772
2024-05-10 16:59:47,59.43358,18.00879,61.806984,2.5388634,847.4863,-0.0011880519,-3767.3609941205295,31.0,N_772
2024-05-10 16:59:48,59.498,18.008698,61.862938,2.4899044,847.4863,-0.001171101,-3782.857753121155,31.0,N_772
2024-05-10 16:59:49,59.56241,18.008621,61.925884,2.4479399,847.4863,-0.0011534892,-3797.128383308095,31.0,N_772
2024-05-10 16:59:50,59.626804,18.008545,61.974842,2.405975,847.4863,-0.0011403362,-3810.8201999842695,31.0,N_772
2024-05-10 16:59:51,59.69119,18.008469,62.030796,2.3570163,847.4863,-0.0011227245,-3825.1202627821112,31.0,N_772
2024-05-10 16:59:52,59.755554,18.008392,62.08675,2.3150516,847.4863,-0.0011088807,-3839.186984491674,31.0,N_772
2024-05-10 16:59:53,59.819912,18.008316,62.1427,2.273087,847.48444,-0.001091254,-3853.274864168559,31.0,N_772
2024-05-10 16:59:54,59.88425,18.00824,62.198654,2.2241282,847.48444,-0.0010753993,-3867.389840237759,31.0,N_772
2024-05-10 16:59:55,59.948578,18.008163,62.25461,2.1751695,847.49,-0.0010584126,-3881.249884592382,31.0,N_772
2024-05-10 16:59:56,60.01289,18.008087,62.31056,2.1332047,847.4919,-0.0010439185,-3894.8730457865668,31.0,N_772
2024-05-10 16:59:57,60.077187,18.00801,62.366512,2.09124,847.4789,-0.0011942651,-3909.6383474567156,31.0,N_772
2024-05-10 16:59:58,60.14147,18.007935,62.422466,2.0422812,847.46594,-0.0010102066,-3923.298077596186,31.0,N_772
2024-05-10 16:59:59,60.20574,18.007858,62.47842,1.9933224,847.5215,-0.0009908855,-3936.6978420639853,31.0,N_772
2024-05-10 17:00:00,60.27,18.007782,62.53437,1.9513577,847.63074,-0.0009771202,-3949.2900393255904,31.0,N_772
2024-05-10 17:00:01,60.33367,18.007736,62.583332,1.902399,847.69934,-0.0009604589,-3961.8666295139556,31.0,N_772
2024-05-10 17:00:02,60.397346,18.007675,62.639282,1.8534402,847.6937,-0.0012817985,-3977.1754268055192,31.0,N_772
2024-05-10 17:00:03,60.461025,18.00763,62.695236,1.8114755,847.6752,-0.0014349923,-3993.5332241396263,31.0,N_772
2024-05-10 17:00:04,60.52471,18.007568,62.75119,1.7625166,847.6752,-0.0014215207,-4010.8099781775572,31.0,N_772
2024-05-10 17:00:05,60.5884,18.007523,62.814137,1.720552,847.6807,-0.0015695414,-4028.797177292135,31.0,N_772
2024-05-10 17:00:06,60.6521,18.007462,62.87009,1.6715932,847.6826,-0.001385767,-4043.9527147784447,31.0,N_772
2024-05-10 17:00:07,60.7158,18.0074,62.91905,1.6226344,847.6807,-0.001369104,-4059.0819445731922,31.0,N_772
2024-05-10 17:00:08,60.77951,18.007355,62.975002,1.5806698,847.6807,-0.0013547401,-4074.8766222590107,31.0,N_772
2024-05-10 17:00:09,60.843224,18.007294,63.030952,1.5317109,847.6807,-0.0013369612,-4090.684408679982,31.0,N_772
2024-05-10 17:00:10,60.906944,18.007233,63.086906,1.4827521,847.6807,-0.0014904875,-4107.3363115920265,31.0,N_772
2024-05-10 17:00:11,60.97067,18.007172,63.14286,1.4407874,847.6807,-0.001811515,-4126.18072233181,31.0,N_772
2024-05-10 17:00:12,61.0344,18.00711,63.19881,1.3918287,847.6807,-0.0017983455,-4145.068442988204,31.0,N_772
2024-05-10 17:00:13,61.098137,18.00705,63.254765,1.3428699,847.6807,-0.0017796801,-4163.825907000966,31.0,N_772
2024-05-10 17:00:14,61.161877,18.006989,63.31072,1.2939111,847.6807,-0.0017644758,-4182.475970975428,31.0,N_772
2024-05-10 17:00:15,61.225624,18.006927,63.366673,1.2449522,847.6807,-0.0017467643,-4201.0011807141655,31.0,N_772
2024-05-10 17:00:16,61.28938,18.006866,63.422623,1.1959934,847.6807,-0.0017325835,-4219.42622415489,31.0,N_772
2024-05-10 17:00:17,61.353134,18.006805,63.478577,1.1470346,847.6807,-0.0017148411,-4237.958042646853,31.0,N_772
2024-05-10 17:00:18,61.4169,18.00673,63.53453,1.0910817,847.6807,-0.0016970737,-4255.04977589032,31.0,N_772
2024-05-10 17:00:19,61.48067,18.006668,63.58349,1.042123,847.6807,-0.0016837746,-4272.400483561119,31.0,N_772
2024-05-10 17:00:20,61.544445,18.006607,63.639442,0.9931642,847.6807,-0.0016659627,-4290.358168998456,31.0,N_772
2024-05-10 17:00:21,61.608223,18.00653,63.695393,0.94420534,847.6807,-0.0016506077,-4308.208013075715,31.0,N_772
2024-05-10 17:00:22,61.672012,18.00647,63.751347,0.89524657,847.6807,-0.0018035263,-4327.075833295735,31.0,N_772
2024-05-10 17:00:23,61.7358,18.006393,63.8073,0.8462878,847.6807,-0.0017870002,-4345.827527091982,31.0,N_772
2024-05-10 17:00:24,61.7996,18.006332,63.863255,0.79732895,847.6807,-0.0017703691,-4364.461735719572,31.0,N_772
2024-05-10 17:00:25,61.863403,18.006256,63.919205,0.7483702,847.6807,-0.00175376,-4382.979661376607,31.0,N_772
2024-05-10 17:00:26,61.92721,18.006195,63.97516,0.6994114,847.6807,-0.0015647816,-4400.43328546347,31.0,N_772
2024-05-10 17:00:27,61.991024,18.006119,64.03111,0.6434585,847.6807,-0.0017192111,-4418.845780039643,31.0,N_772
2024-05-10 17:00:28,62.054844,18.006042,64.08707,0.59449965,847.6807,-0.0018749969,-4438.157148874943,31.0,N_772
2024-05-10 17:00:29,62.118668,18.005966,64.14302,0.54554087,847.6845,-0.0018558142,-4457.572120608132,31.0,N_772
2024-05-10 17:00:30,62.1825,18.005905,64.19897,0.48958796,847.6826,-0.0018416999,-4475.455886717142,31.0,N_772
2024-05-10 17:00:31,62.246334,18.005829,64.24793,0.44062915,847.6678,-0.001995924,-4494.827996716929,31.0,N_772
2024-05-10 17:00:32,62.310177,18.005753,64.30388,0.39167038,847.67896,-0.0018103445,-4513.684611559479,31.0,N_772
2024-05-10 17:00:33,62.374023,18.005676,64.35983,0.34271157,847.74744,-0.0021369727,-4533.473809947295,31.0,N_772
2024-05-10 17:00:34,62.437878,18.0056,64.40879,0.28675866,847.8382,-0.002122265,-4553.808730722546,31.0,N_772
2024-05-10 17:00:35,62.501736,18.005524,64.464745,0.23779987,847.8882,-0.0019326392,-4573.708532514972,31.0,N_772
2024-05-10 17:00:36,62.565598,18.005447,64.5207,0.18184696,847.8845,-0.0019146783,-4593.374947225745,31.0,N_772
2024-05-10 17:00:37,62.629467,18.005356,64.57665,0.13288817,847.87335,-0.0019006246,-4614.417710273796,31.0,N_772
2024-05-10 17:00:38,62.693344,18.00528,64.6396,0.076935254,847.87335,-0.0018791177,-4634.55977748956,31.0,N_772
2024-05-10 17:00:39,62.757225,18.005203,64.69555,0.027976455,847.8771,-0.0018650526,-4653.9361402879,31.0,N_772
2024-05-10 17:00:40,62.82111,18.005112,64.7515,359.97305,847.8771,-0.0021882502,-4675.379439528846,31.0,N_772
2024-05-10 17:00:41,62.885002,18.005035,64.80746,359.9241,847.87524,-0.0021758329,-4696.886667054113,31.0,N_772
2024-05-10 17:00:42,62.9489,18.00496,64.86341,359.86813,847.87524,-0.0023301698,-4717.912312788427,31.0,N_772
2024-05-10 17:00:43,63.012802,18.004868,64.91237,359.8122,847.87524,-0.0023143305,-4739.471492035971,31.0,N_772
2024-05-10 17:00:44,63.07671,18.004791,64.96832,359.7632,847.87524,-0.0024713594,-4761.20224565655,31.0,N_772
2024-05-10 17:00:45,63.140625,18.0047,65.01728,359.70728,847.87524,-0.0028006216,-4786.323768021943,31.0,N_772
2024-05-10 17:00:46,63.204544,18.004608,65.073235,359.6513,847.87524,-0.0031305803,-4814.39418023944,31.0,N_772
2024-05-10 17:00:47,63.268467,18.004532,65.12919,359.59537,847.87524,-0.0027676006,-4839.997556557803,31.0,N_772
2024-05-10 17:00:48,63.332397,18.00444,65.18514,359.53943,847.87524,-0.0027498135,-4865.1439067312185,31.0,N_772
2024-05-10 17:00:49,63.396336,18.004349,65.2411,359.49045,847.87524,-0.0027344823,-4890.369102601395,31.0,N_772
2024-05-10 17:00:50,63.460278,18.004257,65.29704,359.4345,847.87524,-0.0027166493,-4913.669647225783,31.0,N_772
2024-05-10 17:00:51,63.524223,18.004166,65.34601,359.37854,847.87524,-0.0027033354,-4940.043373605333,31.0,N_772
2024-05-10 17:00:52,63.588177,18.004074,65.40895,359.3226,847.87524,-0.0026833892,-4965.75662100513,31.0,N_772
2024-05-10 17:00:53,63.652134,18.003983,65.464905,359.26663,847.87524,-0.0024923647,-4989.4481469369675,31.0,N_772
2024-05-10 17:00:54,63.7161,18.003891,65.52086,359.2107,847.87524,-0.0028232245,-5015.366961097303,31.0,N_772
2024-05-10 17:00:55,63.780067,18.0038,65.57681,359.15472,847.87524,-0.0031518717,-5043.494869695474,31.0,N_772
2024-05-10 17:00:56,63.844044,18.003708,65.63277,359.0988,847.87524,-0.002963255,-5070.337062358733,31.0,N_772
2024-05-10 17:00:57,63.908024,18.003616,65.68871,359.04285,847.87524,-0.0031188065,-5095.998543057727,31.0,N_772
2024-05-10 17:00:58,63.972008,18.003525,65.73768,358.98688,847.87524,-0.003623607,-5123.97315010945,31.0,N_772
2024-05-10 17:00:59,64.036,18.003418,65.78664,358.93094,847.87524,-0.0036105507,-5151.8599546026035,31.0,N_772
2024-05-10 17:01:00,64.1,18.003326,65.835594,358.87497,847.87524,-0.003594996,-5182.67027770413,31.0,N_772
2024-05-10 17:01:01,64.16482,18.00319,65.89155,358.812,847.8771,-0.0037510553,-5214.916667348518,31.0,N_772
2024-05-10 17:01:02,64.22962,18.003052,65.9475,358.75607,847.87524,-0.00390971,-5248.578617741563,31.0,N_772
2024-05-10 17:01:03,64.294395,18.00293,66.00345,358.6931,847.87335,-0.0040660077,-5285.885635630424,31.0,N_772
2024-05-10 17:01:04,64.35915,18.002792,66.0664,358.63718,847.87524,-0.0042169318,-5318.802384801723,31.0,N_772
2024-05-10 17:01:05,64.42389,18.002655,66.11536,358.5812,847.8808,-0.0045535224,-5356.122373483317,31.0,N_772
2024-05-10 17:01:06,64.4886,18.002533,66.17131,358.51828,847.8771,-0.004712254,-5394.784382414364,31.0,N_772
2024-05-10 17:01:07,64.55328,18.002396,66.227264,358.4623,847.8567,-0.0050437395,-5435.527627183925,31.0,N_772
2024-05-10 17:01:08,64.61795,18.002274,66.28322,358.40637,847.8715,-0.0046800836,-5474.389668821681,31.0,N_772
2024-05-10 17:01:09,64.682594,18.002136,66.33917,358.3434,847.9641,-0.005011351,-5515.017978005126,31.0,N_772
2024-05-10 17:01:10,64.74722,18.002014,66.39512,358.28748,848.066,-0.0049965843,-5556.015036055801,31.0,N_772
2024-05-10 17:01:11,64.81182,18.001877,66.45107,358.22452,848.0919,-0.004802755,-5592.427961160739,31.0,N_772
2024-05-10 17:01:12,64.876396,18.001755,66.50003,358.16156,848.07153,-0.0040914984,-5626.125906951952,31.0,N_772
2024-05-10 17:01:13,64.940956,18.001617,66.555984,358.10562,848.0623,-0.0047746915,-5661.556056036678,31.0,N_772
2024-05-10 17:01:14,65.005486,18.001495,66.60494,358.04965,848.0678,-0.0051087327,-5702.543058974855,31.0,N_772
2024-05-10 17:01:15,65.07,18.001373,66.6609,357.98672,848.07153,-0.0052661886,-5745.440182041857,31.0,N_772
2024-05-10 17:01:16,65.13448,18.001236,66.71685,357.92377,848.07153,-0.005426238,-5789.411227417104,31.0,N_772
2024-05-10 17:01:17,65.19895,18.001114,66.772804,357.86084,848.0697,-0.0057588127,-5835.638071053148,31.0,N_772
2024-05-10 17:01:18,65.2634,18.000992,66.82876,357.79788,848.0697,-0.0055645197,-5880.521385002021,31.0,N_772
2024-05-10 17:01:19,65.32782,18.000854,66.88471,357.73492,848.07153,-0.0054621375,-5924.685674371323,31.0,N_772
2024-05-10 17:01:20,65.39222,18.000732,66.94067,357.672,848.07153,-0.0053597554,-5964.353901692644,31.0,N_772
2024-05-10 17:01:21,65.4566,18.00061,66.989624,357.60904,848.0697,-0.006045246,-6011.045791674735,31.0,N_772
2024-05-10 17:01:22,65.52095,18.000488,67.04558,357.55307,848.0697,-0.006210577,-6055.740083598497,31.0,N_772
2024-05-10 17:01:23,65.58529,18.000366,67.094536,357.49014,848.0697,-0.006015724,-6102.902104177349,31.0,N_772
2024-05-10 17:01:24,65.6496,18.000244,67.15049,357.4272,848.0697,-0.0060057235,-6150.681297496605,31.0,N_772
2024-05-10 17:01:25,65.71388,18.000122,67.206436,357.36426,848.0697,-0.0061641154,-6199.526683261693,31.0,N_772
2024-05-10 17:01:26,65.77815,18.0,67.26239,357.3013,848.0697,-0.0063202837,-6249.41719869615,31.0,N_772
2024-05-10 17:01:27,65.8424,17.999878,67.318344,357.23834,848.0697,-0.006300842,-6299.94420736281,31.0,N_772
2024-05-10 17:01:28,65.90662,17.999756,67.3743,357.1684,848.0697,-0.006469228,-6346.357099069073,31.0,N_772
2024-05-10 17:01:29,65.97082,17.999634,67.423256,357.10547,848.0697,-0.00645197,-6391.807072606503,31.0,N_772
2024-05-10 17:01:30,66.034996,17.999512,67.47221,357.0425,848.0697,-0.006434619,-6441.693144872263,31.0,N_772
2024-05-10 17:01:31,66.09915,17.99939,67.52817,356.97955,848.0697,-0.006590932,-6488.653614564924,31.0,N_772
2024-05-10 17:01:32,66.163284,17.999268,67.577126,356.91663,848.0697,-0.0072873496,-6550.374149256217,31.0,N_772
2024-05-10 17:01:33,66.227394,17.999146,67.640076,356.84668,848.0697,-0.0070949835,-6606.232753009724,31.0,N_772
2024-05-10 17:01:34,66.29149,17.999039,67.69603,356.78372,848.07153,-0.007254246,-6663.188177960741,31.0,N_772
2024-05-10 17:01:35,66.35555,17.998917,67.75198,356.7138,848.07153,-0.0075897505,-6716.263083782049,31.0,N_772
2024-05-10 17:01:36,66.41959,17.998795,67.80094,356.65085,848.0697,-0.007753923,-6770.516697107759,31.0,N_772
2024-05-10 17:01:37,66.48362,17.998672,67.8499,356.5809,848.0697,-0.0077394582,-6830.180689115201,31.0,N_772
2024-05-10 17:01:38,66.54762,17.998566,67.90585,356.51096,848.07153,-0.007899156,-6885.060306974256,31.0,N_772
2024-05-10 17:01:39,66.611595,17.998444,67.95481,356.44803,848.07153,-0.0082375035,-6947.97489988909,31.0,N_772
2024-05-10 17:01:40,66.67555,17.998337,68.010765,356.37808,848.0697,-0.008400181,-7012.819857488668,31.0,N_772
2024-05-10 17:01:41,66.73949,17.998215,68.06672,356.30814,848.0697,-0.008739301,-7079.965070401595,31.0,N_772
2024-05-10 17:01:42,66.8034,17.998093,68.122665,356.2382,848.07336,-0.008725728,-7139.761086561357,31.0,N_772
2024-05-10 17:01:43,66.86729,17.997986,68.17163,356.17523,848.0789,-0.0090593565,-7208.213417396544,31.0,N_772
2024-05-10 17:01:44,66.93115,17.997864,68.22758,356.10532,848.07153,-0.008512953,-7273.720677535854,31.0,N_772
2024-05-10 17:01:45,66.994995,17.997757,68.28353,356.03537,848.0512,-0.0076149805,-7333.024732580961,31.0,N_772
2024-05-10 17:01:46,67.05882,17.99765,68.339485,355.96542,848.066,-0.007775006,-7393.402218646153,31.0,N_772
2024-05-10 17:01:47,67.12262,17.997528,68.39544,355.89548,848.15857,-0.008996699,-7455.847744074791,31.0,N_772
2024-05-10 17:01:48,67.18639,17.997421,68.4444,355.82553,848.26044,-0.009159493,-7524.9832472646485,31.0,N_772
2024-05-10 17:01:49,67.25015,17.997314,68.50035,355.75558,848.2864,-0.008611644,-7591.022480020684,31.0,N_772
2024-05-10 17:01:50,67.31389,17.997192,68.556305,355.68567,848.266,-0.008775106,-7652.005195564598,31.0,N_772
2024-05-10 17:01:51,67.377594,17.997086,68.60526,355.61572,848.26044,-0.009123905,-7714.408534552233,31.0,N_772
2024-05-10 17:01:52,67.441284,17.996979,68.65422,355.54578,848.2641,-0.009106814,-7783.068062116909,31.0,N_772
2024-05-10 17:01:53,67.50495,17.996872,68.710175,355.47583,848.2679,-0.009093413,-7859.830744596087,31.0,N_772
2024-05-10 17:01:54,67.568596,17.99675,68.773125,355.3989,848.266,-0.008542233,-7920.084232905694,31.0,N_772
2024-05-10 17:01:55,67.63222,17.996643,68.82208,355.32895,848.2641,-0.008530802,-7978.712339831369,31.0,N_772
2024-05-10 17:01:56,67.695816,17.996536,68.87104,355.259,848.2641,-0.008693869,-8045.471071349956,31.0,N_772
2024-05-10 17:01:57,67.7594,17.99643,68.926994,355.18207,848.266,-0.008499721,-8104.672434649507,31.0,N_772
2024-05-10 17:01:58,67.82295,17.996323,68.97595,355.11215,848.266,-0.009018145,-8179.99838592184,31.0,N_772
2024-05-10 17:01:59,67.88648,17.996216,69.038895,355.03522,848.266,-0.00899947,-8242.900519786563,31.0,N_772
2024-05-10 17:02:00,67.95,17.996109,69.08785,354.96527,848.266,-0.008987607,-8311.570376979811,31.0,N_772
2024-05-10 17:02:01,68.01226,17.996109,69.14381,354.88834,848.266,-0.0093236,-8383.366339391836,31.0,N_772
2024-05-10 17:02:02,68.07454,17.996109,69.19976,354.8114,848.266,-0.0091292495,-8447.459739329772,31.0,N_772
2024-05-10 17:02:03,68.13683,17.996109,69.24872,354.73447,848.266,-0.0094644595,-8518.370389674836,31.0,N_772
2024-05-10 17:02:04,68.19915,17.996109,69.30467,354.66452,848.266,-0.009273151,-8589.579972549827,31.0,N_772
2024-05-10 17:02:05,68.26149,17.996094,69.36063,354.5876,848.266,-0.008897197,-8652.111397699236,31.0,N_772
2024-05-10 17:02:06,68.323845,17.996078,69.409584,354.51065,848.266,-0.008357152,-8710.54712600493,31.0,N_772
2024-05-10 17:02:07,68.38622,17.996063,69.45854,354.43372,848.266,-0.00834571,-8774.668928317718,31.0,N_772
2024-05-10 17:02:08,68.44862,17.996048,69.514496,354.35678,848.266,-0.008688661,-8841.824742431982,31.0,N_772
2024-05-10 17:02:09,68.51103,17.996017,69.57045,354.27985,848.266,-0.00850015,-8907.641097136746,31.0,N_772
2024-05-10 17:02:10,68.57347,17.995987,69.6264,354.2029,848.266,-0.008298253,-8966.261170488777,31.0,N_772
2024-05-10 17:02:11,68.635925,17.995972,69.67536,354.12598,848.266,-0.008637097,-9032.272618120915,31.0,N_772
2024-05-10 17:02:12,68.698395,17.995926,69.731316,354.04904,848.266,-0.008798763,-9100.057183772935,31.0,N_772
2024-05-10 17:02:13,68.760895,17.995895,69.78727,353.9721,848.266,-0.008791196,-9162.805485447163,31.0,N_772
2024-05-10 17:02:14,68.8234,17.99585,69.83623,353.88818,848.266,-0.008769746,-9223.66216306855,31.0,N_772
2024-05-10 17:02:15,68.88593,17.99582,69.885185,353.81125,848.266,-0.008755067,-9284.26441267688,31.0,N_772
2024-05-10 17:02:16,68.94849,17.995773,69.93414,353.7343,848.266,-0.008382778,-9349.361147247548,31.0,N_772
2024-05-10 17:02:17,69.011055,17.995728,69.9901,353.65036,848.266,-0.00818686,-9412.895625151355,31.0,N_772
2024-05-10 17:02:18,69.07365,17.995667,70.04605,353.57343,848.266,-0.008169714,-9470.448619893456,31.0,N_772
2024-05-10 17:02:19,69.13626,17.99562,70.09501,353.4965,848.266,-0.0081547545,-9528.248817398962,31.0,N_772
2024-05-10 17:02:20,69.19889,17.99556,70.14397,353.41257,848.266,-0.008497867,-9594.138043212011,31.0,N_772
2024-05-10 17:02:21,69.261536,17.995499,70.19992,353.32864,848.266,-0.008663451,-9661.832760561432,31.0,N_772
2024-05-10 17:02:22,69.3242,17.995422,70.255875,353.24472,848.2641,-0.009001171,-9725.679636808574,31.0,N_772
2024-05-10 17:02:23,69.386894,17.995361,70.30483,353.16077,848.2641,-0.009165667,-9796.132193216541,31.0,N_772
2024-05-10 17:02:24,69.4496,17.995285,70.36079,353.07684,848.2641,-0.009148751,-9866.065990766638,31.0,N_772
2024-05-10 17:02:25,69.51233,17.995209,70.41674,352.9999,848.2697,-0.009313623,-9938.015592552296,31.0,N_772
2024-05-10 17:02:26,69.57507,17.995132,70.47269,352.916,848.266,-0.009655514,-10005.812477098802,31.0,N_772
2024-05-10 17:02:27,69.63784,17.995056,70.52165,352.83206,848.2475,-0.00910626,-10069.426682413665,31.0,N_772
2024-05-10 17:02:28,69.70062,17.994965,70.57061,352.74814,848.26044,-0.009087768,-10134.093647317342,31.0,N_772
2024-05-10 17:02:29,69.76343,17.994888,70.61957,352.6572,848.3512,-0.0088971,-10202.577557041555,31.0,N_772
2024-05-10 17:02:30,69.82625,17.994797,70.67552,352.57327,848.45496,-0.00888,-10271.451144261653,31.0,N_772
2024-05-10 17:02:31,69.88909,17.99469,70.731476,352.48935,848.4882,-0.0090501895,-10341.463812759754,31.0,N_772
2024-05-10 17:02:32,69.95196,17.994598,70.78742,352.40543,848.47156,-0.009381236,-10408.501406719453,31.0,N_772
2024-05-10 17:02:33,70.01484,17.994492,70.83639,352.31448,848.45496,-0.009546284,-10474.75807893688,31.0,N_772
2024-05-10 17:02:34,70.077736,17.9944,70.885345,352.23056,848.4567,-0.009355513,-10540.853537271196,31.0,N_772
2024-05-10 17:02:35,70.14066,17.994293,70.9343,352.13965,848.46045,-0.009433493,-10612.846292708007,31.0,N_772
2024-05-10 17:02:36,70.2036,17.994171,70.99026,352.05573,848.46045,-0.009511474,-10686.984263385148,31.0,N_772
2024-05-10 17:02:37,70.26656,17.994064,71.04621,351.96478,848.46045,-0.009486641,-10753.371007694412,31.0,N_772
2024-05-10 17:02:38,70.32954,17.993942,71.09517,351.88086,848.46045,-0.009839999,-10822.365636237733,31.0,N_772
2024-05-10 17:02:39,70.39254,17.99382,71.14413,351.78995,848.46045,-0.010009502,-10892.529049839985,31.0,N_772
2024-05-10 17:02:40,70.45556,17.993698,71.193085,351.699,848.46045,-0.009998892,-10962.572929392521,31.0,N_772
2024-05-10 17:02:41,70.51859,17.993576,71.24204,351.6081,848.46045,-0.010517115,-11035.872413457028,31.0,N_772
2024-05-10 17:02:42,70.58165,17.993454,71.291,351.51715,848.46045,-0.010860841,-11118.709264595616,31.0,N_772
2024-05-10 17:02:43,70.64473,17.993317,71.346954,351.42624,848.46045,-0.01102867,-11203.344166067807,31.0,N_772
2024-05-10 17:02:44,70.707825,17.99318,71.40291,351.33533,848.46045,-0.011006397,-11287.77425212535,31.0,N_772
2024-05-10 17:02:45,70.770935,17.993042,71.45886,351.2444,848.46045,-0.011170234,-11365.664222260042,31.0,N_772
2024-05-10 17:02:46,70.834076,17.99289,71.50782,351.15347,848.46045,-0.011514486,-11446.506660407329,31.0,N_772
2024-05-10 17:02:47,70.897224,17.992752,71.55678,351.05554,848.46045,-0.012046187,-11537.544842817775,31.0,N_772
2024-05-10 17:02:48,70.9604,17.9926,71.61273,350.96463,848.46045,-0.012029842,-11628.94838507807,31.0,N_772
2024-05-10 17:02:49,71.0236,17.992447,71.668686,350.87372,848.46045,-0.0120092705,-11713.455108055567,31.0,N_772
2024-05-10 17:02:50,71.08681,17.992294,71.71764,350.7758,848.46045,-0.01218007,-11798.464847101732,31.0,N_772
2024-05-10 17:02:51,71.15004,17.992126,71.7666,350.67786,848.46045,-0.012342523,-11882.89807738057,31.0,N_772
2024-05-10 17:02:52,71.21329,17.991974,71.81556,350.58694,848.46045,-0.012324167,-11976.883553889029,31.0,N_772
2024-05-10 17:02:53,71.27656,17.991806,71.87151,350.48904,848.46045,-0.012303481,-12061.619665248385,31.0,N_772
2024-05-10 17:02:54,71.33985,17.991638,71.92047,350.3981,848.46045,-0.012478892,-12148.156861863003,31.0,N_772
2024-05-10 17:02:55,71.40316,17.99147,71.96943,350.3002,848.46045,-0.012288086,-12233.539566679176,31.0,N_772
2024-05-10 17:02:56,71.46649,17.991287,72.01839,350.20227,848.46045,-0.0128190825,-12322.278637992937,31.0,N_772
2024-05-10 17:02:57,71.52984,17.991104,72.06735,350.10434,848.46045,-0.012981869,-12420.753913125314,31.0,N_772
2024-05-10 17:02:58,71.59321,17.990921,72.1233,350.00644,848.46045,-0.012961224,-12519.688364152875,31.0,N_772
2024-05-10 17:02:59,71.65659,17.990738,72.17925,349.9085,848.46045,-0.01294493,-12611.314724393093,31.0,N_772
2024-05-10 17:03:00,71.72,17.990555,72.22821,349.80362,848.46045,-0.012935329,-12700.637922315324,31.0,N_772
2024-05-10 17:03:01,71.78474,17.990326,72.27717,349.7057,848.46045,-0.012912332,-12791.2632302524,31.0,N_772
2024-05-10 17:03:02,71.84945,17.990097,72.32613,349.60077,848.46045,-0.012898209,-12888.959383042686,31.0,N_772
2024-05-10 17:03:03,71.91414,17.989868,72.38208,349.50287,848.46045,-0.012879303,-12988.455777099116,31.0,N_772
2024-05-10 17:03:04,71.9788,17.989624,72.438034,349.39795,848.46045,-0.012881025,-13077.808406493368,31.0,N_772
2024-05-10 17:03:05,72.04344,17.989395,72.48699,349.30002,848.4586,-0.01341618,-13171.390832737812,31.0,N_772
2024-05-10 17:03:06,72.10805,17.989151,72.53596,349.19513,848.46045,-0.0134022515,-13264.933758734658,31.0,N_772
2024-05-10 17:03:07,72.17264,17.988922,72.584915,349.0902,848.4642,-0.013024938,-13354.352874915121,31.0,N_772
2024-05-10 17:03:08,72.2372,17.988678,72.63387,348.99228,848.46045,-0.013560696,-13448.638012095627,31.0,N_772
2024-05-10 17:03:09,72.301735,17.988434,72.68283,348.8874,848.4456,-0.013917207,-13545.292457921572,31.0,N_772
2024-05-10 17:03:10,72.36625,17.98819,72.73179,348.78247,848.4567,-0.014085215,-13652.408116242472,31.0,N_772
2024-05-10 17:03:11,72.43074,17.98793,72.78774,348.67755,848.5271,-0.014241603,-13751.64571130074,31.0,N_772
2024-05-10 17:03:12,72.4952,17.987686,72.8367,348.57263,848.61786,-0.014227841,-13861.249058371566,31.0,N_772
2024-05-10 17:03:13,72.55964,17.987442,72.892654,348.46072,848.66785,-0.014757562,-13963.768026007223,31.0,N_772
2024-05-10 17:03:14,72.62405,17.987183,72.94161,348.35583,848.6642,-0.015842807,-14072.440234382211,31.0,N_772
2024-05-10 17:03:15,72.68844,17.986923,72.99057,348.25092,848.65125,-0.01599711,-14173.887834839838,31.0,N_772
2024-05-10 17:03:16,72.7528,17.986664,73.03254,348.139,848.6549,-0.015813684,-14294.108390290097,31.0,N_772
2024-05-10 17:03:17,72.81714,17.986404,73.088486,348.0271,848.6549,-0.015421628,-14402.484212384701,31.0,N_772
2024-05-10 17:03:18,72.88145,17.986145,73.13745,347.9152,848.6549,-0.01615619,-14512.954613669852,31.0,N_772
2024-05-10 17:03:19,72.94574,17.985886,73.18641,347.81027,848.6549,-0.016507242,-14627.471178857686,31.0,N_772
2024-05-10 17:03:20,73.01,17.985611,73.23537,347.69836,848.6549,-0.017043138,-14745.513223420094,31.0,N_772
2024-05-10 17:03:21,73.074234,17.985352,73.284325,347.5865,848.6549,-0.017025199,-14874.667364782243,31.0,N_772
2024-05-10 17:03:22,73.13845,17.985077,73.34028,347.47458,848.6549,-0.017556543,-14996.493372567316,31.0,N_772
2024-05-10 17:03:23,73.20264,17.984802,73.38924,347.36267,848.6549,-0.018100485,-15133.182385551841,31.0,N_772
2024-05-10 17:03:24,73.2668,17.984528,73.44519,347.25076,848.6549,-0.01808299,-15260.451691821405,31.0,N_772
2024-05-10 17:03:25,73.33094,17.984253,73.49415,347.13187,848.6549,-0.018050082,-15384.650204453332,31.0,N_772
2024-05-10 17:03:26,73.39505,17.983978,73.543106,347.01996,848.6549,-0.018037226,-15510.740753135993,31.0,N_772
2024-05-10 17:03:27,73.45914,17.983688,73.592064,346.90106,848.6549,-0.018401954,-15637.013031919318,31.0,N_772
2024-05-10 17:03:28,73.5232,17.983414,73.64102,346.78915,848.6549,-0.018044736,-15762.917664554541,31.0,N_772
2024-05-10 17:03:29,73.587234,17.983124,73.68998,346.67026,848.6549,-0.01768214,-15886.455638367617,31.0,N_772
2024-05-10 17:03:30,73.651245,17.98285,73.738945,346.55133,848.6549,-0.017656509,-16009.688172547316,31.0,N_772
2024-05-10 17:03:31,73.71523,17.98256,73.7879,346.43243,848.6549,-0.017352562,-16128.724135928345,31.0,N_772
2024-05-10 17:03:32,73.7792,17.98227,73.83686,346.32053,848.6549,-0.017048614,-16247.59008239955,31.0,N_772
2024-05-10 17:03:33,73.84314,17.98198,73.88582,346.20163,848.6549,-0.016857749,-16365.21406041868,31.0,N_772
2024-05-10 17:03:34,73.90705,17.981674,73.93478,346.08273,848.6549,-0.016823415,-16484.564836447113,31.0,N_772
2024-05-10 17:03:35,73.97094,17.981384,73.983734,345.95685,848.6549,-0.0168075,-16601.765226636988,31.0,N_772
2024-05-10 17:03:36,74.0348,17.98108,74.03269,345.83795,848.6549,-0.017337725,-16724.32740367434,31.0,N_772
2024-05-10 17:03:37,74.09863,17.98079,74.08165,345.71204,848.6549,-0.017698642,-16849.309181628807,31.0,N_772
2024-05-10 17:03:38,74.162445,17.980484,74.130615,345.58615,848.6549,-0.017889913,-16973.28107295338,31.0,N_772
2024-05-10 17:03:39,74.226234,17.980179,74.17957,345.46725,848.6549,-0.017874338,-17099.04548160776,31.0,N_772
2024-05-10 17:03:40,74.29,17.979874,74.22853,345.34137,848.6549,-0.017699575,-17223.65457906689,31.0,N_772
2024-05-10 17:03:41,74.35374,17.979568,74.27749,345.21545,848.6549,-0.017495302,-17346.769842945385,31.0,N_772
2024-05-10 17:03:42,74.41745,17.979248,74.32645,345.08957,848.6549,-0.016754257,-17464.831802494115,31.0,N_772
2024-05-10 17:03:43,74.48113,17.978943,74.375404,344.96368,848.6549,-0.017266616,-17586.18020959846,31.0,N_772
2024-05-10 17:03:44,74.5448,17.978622,74.42436,344.8378,848.6549,-0.017447634,-17708.61782233955,31.0,N_772
2024-05-10 17:03:45,74.60844,17.978317,74.47332,344.71188,848.6549,-0.017806793,-17835.46215389059,31.0,N_772
2024-05-10 17:03:46,74.67205,17.977997,74.522285,344.579,848.6549,-0.01854146,-17965.019483648222,31.0,N_772
2024-05-10 17:03:47,74.735634,17.977676,74.57124,344.45312,848.6531,-0.018893013,-18098.908762598265,31.0,N_772
2024-05-10 17:03:48,74.799194,17.977356,74.6202,344.32022,848.6549,-0.017951265,-18224.304220935053,31.0,N_772
2024-05-10 17:03:49,74.86273,17.97702,74.66916,344.19434,848.6586,-0.01756269,-18348.96107224466,31.0,N_772
2024-05-10 17:03:50,74.92625,17.9767,74.71812,344.06143,848.6549,-0.017198723,-18484.225024629337,31.0,N_772
2024-05-10 17:03:51,74.98974,17.97638,74.77407,343.92157,848.6346,-0.017542424,-18598.468572199123,31.0,N_772
2024-05-10 17:03:52,75.0532,17.976044,74.81603,343.78867,848.629,-0.017720828,-18723.291827157373,31.0,N_772
2024-05-10 17:03:53,75.11664,17.975708,74.86499,343.6558,848.6901,-0.016969528,-18833.057508791528,31.0,N_772
2024-05-10 17:03:54,75.180046,17.975372,74.90696,343.5229,848.8013,-0.016760282,-18953.212492944123,31.0,N_772
2024-05-10 17:03:55,75.24344,17.975037,74.95592,343.383,848.8661,-0.017103318,-19074.261445944627,31.0,N_772
2024-05-10 17:03:56,75.3068,17.9747,75.004875,343.25012,848.8605,-0.01799558,-19203.14053801319,31.0,N_772
2024-05-10 17:03:57,75.37013,17.974365,75.05383,343.11023,848.8438,-0.017999694,-19329.908241321406,31.0,N_772
2024-05-10 17:03:58,75.43345,17.974014,75.10279,342.97736,848.8457,-0.01870265,-19463.299766585667,31.0,N_772
2024-05-10 17:03:59,75.496735,17.973679,75.15176,342.83746,848.85126,-0.019238828,-19588.48837971045,31.0,N_772
2024-05-10 17:04:00,75.56,17.973328,75.19372,342.6976,848.84937,-0.017535182,-19702.459334805764,31.0,N_772
2024-05-10 17:04:01,75.62266,17.97348,75.23568,342.5577,848.84937,-0.018989388,-19839.143096389744,31.0,N_772
2024-05-10 17:04:02,75.68532,17.973618,75.28464,342.41083,848.84937,-0.018468332,-19970.639462596406,31.0,N_772
2024-05-10 17:04:03,75.74797,17.97374,75.3336,342.27094,848.84937,-0.019207437,-20121.292165304487,31.0,N_772
2024-05-10 17:04:04,75.81062,17.973846,75.38955,342.12408,848.84937,-0.02010125,-20264.061163453083,31.0,N_772
2024-05-10 17:04:05,75.87326,17.973923,75.438515,341.9842,848.84937,-0.020626552,-20399.375329496706,31.0,N_772
2024-05-10 17:04:06,75.9359,17.973984,75.48048,341.8373,848.84937,-0.019495538,-20527.006774284437,31.0,N_772
2024-05-10 17:04:07,75.99853,17.97403,75.52244,341.69043,848.84937,-0.019452326,-20666.01626368314,31.0,N_772
2024-05-10 17:04:08,76.06115,17.974045,75.571396,341.54355,848.84937,-0.019629516,-20806.671621957015,31.0,N_772
2024-05-10 17:04:09,76.12377,17.974045,75.62036,341.39667,848.84937,-0.01724418,-20930.884977621157,31.0,N_772
2024-05-10 17:04:10,76.186386,17.97403,75.66932,341.24982,848.84937,-0.018545238,-21054.883730976137,31.0,N_772
2024-05-10 17:04:11,76.24899,17.973999,75.71128,341.09595,848.84937,-0.019460417,-21184.051186068144,31.0,N_772
2024-05-10 17:04:12,76.3116,17.973953,75.75325,340.94208,848.84937,-0.021088718,-21349.276435910106,31.0,N_772
2024-05-10 17:04:13,76.37419,17.973877,75.8092,340.7882,848.84937,-0.021837726,-21491.440134401266,31.0,N_772
2024-05-10 17:04:14,76.43678,17.973785,75.851166,340.64133,848.84937,-0.023496123,-21659.41343841481,31.0,N_772
2024-05-10 17:04:15,76.499374,17.973679,75.90012,340.48746,848.84937,-0.023527823,-21813.937303776333,31.0,N_772
2024-05-10 17:04:16,76.56195,17.973541,75.942085,340.3336,848.84937,-0.015962051,-21929.856005995527,31.0,N_772
2024-05-10 17:04:17,76.62453,17.973389,75.99104,340.17972,848.84937,-0.0176171,-22059.626671881615,31.0,N_772
2024-05-10 17:04:18,76.687096,17.97322,76.04001,340.01883,848.84937,-0.015343297,-22164.374183433676,31.0,N_772
2024-05-10 17:04:19,76.749664,17.973038,76.08197,339.85797,848.84937,-0.015264128,-22275.215592969224,31.0,N_772
2024-05-10 17:04:20,76.81222,17.97284,76.13093,339.7041,848.84937,-0.013894291,-22370.314037007134,31.0,N_772
2024-05-10 17:04:21,76.87477,17.97261,76.17289,339.54324,848.84937,-0.01165815,-22450.639631005295,31.0,N_772
2024-05-10 17:04:22,76.93732,17.972366,76.21486,339.3824,848.84937,-0.010924795,-22526.19805555642,31.0,N_772
2024-05-10 17:04:23,76.99986,17.972092,76.25682,339.22153,848.84937,-0.010900229,-22608.010809261403,31.0,N_772
2024-05-10 17:04:24,77.0624,17.971817,76.30578,339.06064,848.84937,-0.01090371,-22690.308178288877,31.0,N_772
2024-05-10 17:04:25,77.12493,17.971512,76.354744,338.89978,848.8475,-0.013288197,-22790.483094961673,31.0,N_772
2024-05-10 17:04:26,77.187454,17.971191,76.4037,338.73193,848.84937,-0.01102698,-22868.28373191308,31.0,N_772
2024-05-10 17:04:27,77.24997,17.970856,76.44566,338.56406,848.8531,-0.0125049185,-22954.888367344305,31.0,N_772
2024-05-10 17:04:28,77.312485,17.97049,76.487625,338.3962,848.84937,-0.015290273,-23068.26079822044,31.0,N_772
2024-05-10 17:04:29,77.37499,17.970108,76.53659,338.22836,848.8364,-0.015657894,-23175.341262634727,31.0,N_772
2024-05-10 17:04:30,77.4375,17.969711,76.57855,338.0605,848.8457,-0.013688653,-23269.117598315002,31.0,N_772
2024-05-10 17:04:31,77.49999,17.9693,76.620514,337.89264,848.9161,-0.011719411,-23358.479316193985,31.0,N_772
2024-05-10 17:04:32,77.562485,17.968857,76.66947,337.71777,849.00684,-0.011315452,-23437.53486755795,31.0,N_772
2024-05-10 17:04:33,77.62497,17.968414,76.71144,337.54993,849.0568,-0.010354811,-23510.9548132422,31.0,N_772
2024-05-10 17:04:34,77.687454,17.967926,76.7534,337.37506,849.0531,-0.010192228,-23583.33596845407,31.0,N_772
2024-05-10 17:04:35,77.74993,17.967438,76.79537,337.20023,849.0401,-0.010182635,-23661.512209907763,31.0,N_772
2024-05-10 17:04:36,77.8124,17.966919,76.84433,337.02536,849.042,-0.0107300645,-23737.67844994864,31.0,N_772
2024-05-10 17:04:37,77.87486,17.9664,76.88629,336.8505,849.0438,-0.010314035,-23811.766200012713,31.0,N_772
2024-05-10 17:04:38,77.93732,17.96585,76.92826,336.66867,849.0438,-0.01014929,-23890.65040917694,31.0,N_772
2024-05-10 17:04:39,77.99977,17.965271,76.97722,336.48682,849.0438,-0.010476603,-23964.947090582067,31.0,N_772
2024-05-10 17:04:40,78.06222,17.964691,77.01918,336.31195,849.0438,-0.010280593,-24038.44440270758,31.0,N_772
2024-05-10 17:04:41,78.124664,17.96408,77.06114,336.13013,849.0438,-0.011197555,-24117.94374131189,31.0,N_772
2024-05-10 17:04:42,78.187096,17.963455,77.10311,335.94827,849.0438,-0.0110196285,-24202.565218350337,31.0,N_772
2024-05-10 17:04:43,78.24953,17.9628,77.15207,335.76642,849.0438,-0.011366971,-24284.807873449306,31.0,N_772
2024-05-10 17:04:44,78.31195,17.962143,77.19403,335.57758,849.0438,-0.007828905,-24342.163458096722,31.0,N_772
2024-05-10 17:04:45,78.374374,17.961456,77.236,335.39572,849.0438,-0.009667187,-24417.93510002157,31.0,N_772
2024-05-10 17:04:46,78.43678,17.960754,77.28496,335.20688,849.0438,-0.008973157,-24484.098953838293,31.0,N_772
2024-05-10 17:04:47,78.49919,17.960022,77.32692,335.01804,849.0438,-0.008279128,-24540.665370414747,31.0,N_772
2024-05-10 17:04:48,78.5616,17.95929,77.36189,334.82922,849.0438,-0.0069942586,-24592.567588485832,31.0,N_772
2024-05-10 17:04:49,78.62399,17.958527,77.403854,334.64038,849.0438,-0.0058052265,-24637.115267119614,31.0,N_772
2024-05-10 17:04:50,78.686386,17.957733,77.44582,334.45154,849.0438,-0.0072361273,-24691.82286731184,31.0,N_772
2024-05-10 17:04:51,78.74877,17.95694,77.487785,334.2557,849.0438,-0.007763913,-24754.50344461812,31.0,N_772
2024-05-10 17:04:52,78.81115,17.956116,77.53674,334.05984,849.0438,-0.006115021,-24802.206236115526,31.0,N_772
2024-05-10 17:04:53,78.87353,17.955276,77.57871,333.864,849.0438,-0.0076289787,-24860.26026891872,31.0,N_772
2024-05-10 17:04:54,78.9359,17.954422,77.620674,333.6612,849.0438,-0.007194544,-24910.76296934738,31.0,N_772
2024-05-10 17:04:55,78.99826,17.953552,77.65565,333.46536,849.0438,-0.007696656,-24967.656359414872,31.0,N_772
2024-05-10 17:04:56,79.06062,17.952652,77.69761,333.26953,849.0438,-0.0076436372,-25029.84238541313,31.0,N_772
2024-05-10 17:04:57,79.12297,17.951736,77.74657,333.06668,849.0438,-0.0077213477,-25088.74482618294,31.0,N_772
2024-05-10 17:04:58,79.18532,17.950806,77.788536,332.86386,849.0438,-0.007956061,-25144.459666691033,31.0,N_772
2024-05-10 17:04:59,79.24766,17.94986,77.8235,332.66104,849.0438,-0.0057655224,-25186.072420719367,31.0,N_772
2024-05-10 17:05:00,79.31,17.948883,77.858475,332.4582,849.0438,-0.005557562,-25229.230328806534,31.0,N_772
2024-05-10 17:05:01,79.373146,17.949326,77.90044,332.25537,849.0438,-0.0053496026,-25272.057777124428,31.0,N_772
2024-05-10 17:05:02,79.436264,17.949692,77.942406,332.04556,849.0438,-0.0036470853,-25303.400343522524,31.0,N_772
2024-05-10 17:05:03,79.49935,17.949997,77.98437,331.83572,849.0438,-0.0024095562,-25326.605311233856,31.0,N_772
2024-05-10 17:05:04,79.5624,17.950241,78.02634,331.6189,849.0438,-0.0011720271,-25341.253172168268,31.0,N_772
2024-05-10 17:05:05,79.62541,17.950409,78.0683,331.4091,849.042,0.0002086531,-25346.55953827895,31.0,N_772
2024-05-10 17:05:06,79.6884,17.950516,78.10327,331.19925,849.0438,-0.00093655096,-25358.955607978023,31.0,N_772
2024-05-10 17:05:07,79.75135,17.950546,78.14523,330.98944,849.04755,-0.00089537597,-25371.188565825214,31.0,N_772
2024-05-10 17:05:08,79.81426,17.950516,78.18021,330.7726,849.0438,-0.0008688228,-25383.88545160981,31.0,N_772
2024-05-10 17:05:09,79.87715,17.950409,78.229164,330.5488,849.0309,-0.0048393686,-25424.075868657863,31.0,N_772
2024-05-10 17:05:10,79.939995,17.950241,78.271126,330.332,849.0401,-0.0027567055,-25448.031317074943,31.0,N_772
2024-05-10 17:05:11,80.002815,17.950012,78.3061,330.11517,849.1105,-0.0014283296,-25463.313641158977,31.0,N_772
2024-05-10 17:05:12,80.0656,17.949707,78.34107,329.89136,849.20123,-0.005512589,-25504.74025893315,31.0,N_772
2024-05-10 17:05:13,80.12835,17.94934,78.37604,329.66754,849.2512,-0.0025426862,-25529.87192920441,31.0,N_772
2024-05-10 17:05:14,80.19106,17.948898,78.424995,329.44376,849.24756,-0.00080429163,-25542.569626829656,31.0,N_772
2024-05-10 17:05:15,80.253746,17.948395,78.466965,329.21994,849.2346,-0.0012048198,-25557.644717333795,31.0,N_772
2024-05-10 17:05:16,80.3164,17.947815,78.50893,328.98914,849.23645,0.0003236236,-25562.49474573959,31.0,N_772
2024-05-10 17:05:17,80.37901,17.947174,78.5369,328.75833,849.2401,-0.00039804465,-25570.902530587548,31.0,N_772
2024-05-10 17:05:18,80.4416,17.946472,78.57188,328.52753,849.23834,-0.0012502033,-25585.233466210517,31.0,N_772
2024-05-10 17:05:19,80.50415,17.945694,78.60684,328.29672,849.23834,-0.0015546342,-25602.269970174482,31.0,N_772
2024-05-10 17:05:20,80.566666,17.94484,78.64881,328.0659,849.23834,-0.0013750847,-25618.49034300491,31.0,N_772
2024-05-10 17:05:21,80.62915,17.94394,78.69077,327.83508,849.23834,-0.0017332088,-25636.475758289245,31.0,N_772
2024-05-10 17:05:22,80.6916,17.942947,78.725746,327.5973,849.23834,-0.0024277696,-25659.801431793203,31.0,N_772
2024-05-10 17:05:23,80.75401,17.94191,78.76771,327.3595,849.23834,-0.0019820267,-25679.43493852645,31.0,N_772
2024-05-10 17:05:24,80.8164,17.940796,78.80268,327.1217,849.23834,-0.0015362838,-25696.63518779772,31.0,N_772
2024-05-10 17:05:25,80.878746,17.939606,78.84464,326.8769,849.23834,-0.0019388313,-25715.167306611173,31.0,N_772
2024-05-10 17:05:26,80.94106,17.938354,78.87262,326.6391,849.23834,-0.0015835145,-25731.41015256309,31.0,N_772
2024-05-10 17:05:27,81.00335,17.937042,78.90759,326.39432,849.23834,-0.0018698061,-25750.057446547435,31.0,N_772
2024-05-10 17:05:28,81.0656,17.935654,78.942566,326.1495,849.23834,-0.0025051043,-25774.33084011394,31.0,N_772
2024-05-10 17:05:29,81.127815,17.934189,78.98453,325.89774,849.23834,-0.0017824476,-25792.878898963347,31.0,N_772
2024-05-10 17:05:30,81.19,17.932678,79.0195,325.65292,849.23834,-0.0006997674,-25803.873997676135,31.0,N_772
2024-05-10 17:05:31,81.25215,17.931091,79.05447,325.40115,849.23834,-0.0005917446,-25814.249692775415,31.0,N_772
2024-05-10 17:05:32,81.31427,17.929428,79.08944,325.14935,849.23834,-0.0008399292,-25826.239129652065,31.0,N_772
2024-05-10 17:05:33,81.37635,17.927704,79.12441,324.89758,849.23834,-0.0027250657,-25850.93182058609,31.0,N_772
2024-05-10 17:05:34,81.4384,17.925919,79.15938,324.6388,849.23834,-0.0021229698,-25871.664976553657,31.0,N_772
2024-05-10 17:05:35,81.50042,17.924057,79.19435,324.38,849.23834,-0.0019121972,-25891.87043896797,31.0,N_772
2024-05-10 17:05:36,81.5624,17.92212,79.23631,324.12122,849.23834,-0.00039318192,-25901.190129771978,31.0,N_772
2024-05-10 17:05:37,81.62435,17.920135,79.26429,323.86945,849.23834,-0.002660285,-25925.13398417314,31.0,N_772
2024-05-10 17:05:38,81.686264,17.91806,79.29926,323.60367,849.23834,-0.0029724245,-25950.16601871318,31.0,N_772
2024-05-10 17:05:39,81.74815,17.91594,79.32724,323.34488,849.23834,-0.0011935337,-25964.253344281686,31.0,N_772
2024-05-10 17:05:40,81.81,17.913742,79.362206,323.0791,849.23834,-0.0008325826,-25976.40817308039,31.0,N_772
2024-05-10 17:05:41,81.87182,17.911469,79.39718,322.81332,849.23834,0.00027569852,-25981.09977306769,31.0,N_772
2024-05-10 17:05:42,81.9336,17.909134,79.43215,322.54755,849.23834,0.000100394114,-25986.9391234569,31.0,N_772
2024-05-10 17:05:43,81.99535,17.906738,79.46712,322.27478,849.23834,-0.0005662074,-25997.40974165767,31.0,N_772
2024-05-10 17:05:44,82.05707,17.904266,79.50209,322.002,849.23834,-0.0005441557,-26007.70432506018,31.0,N_772
2024-05-10 17:05:45,82.11875,17.901733,79.53706,321.72925,849.23834,-0.0012644733,-26022.474238007977,31.0,N_772
2024-05-10 17:05:46,82.1804,17.899124,79.56504,321.44946,849.23834,-0.0015521792,-26039.257221272295,31.0,N_772
2024-05-10 17:05:47,82.24202,17.896454,79.600006,321.1767,849.242,-0.00024253155,-26047.442502481357,31.0,N_772
2024-05-10 17:05:48,82.303604,17.893707,79.63498,320.90393,849.2401,-0.0007919813,-26059.063345575916,31.0,N_772
2024-05-10 17:05:49,82.36515,17.8909,79.66296,320.62418,849.22534,-0.0007803758,-26070.4188084356,31.0,N_772
2024-05-10 17:05:50,82.42667,17.888031,79.69093,320.3374,849.2346,0.00026314086,-26075.096062945366,31.0,N_772
2024-05-10 17:05:51,82.48815,17.885086,79.71891,320.05765,849.305,0.00048898126,-26078.14192145136,31.0,N_772
2024-05-10 17:05:52,82.5496,17.88208,79.74689,319.77087,849.39575,0.002896313,-26064.484837985845,31.0,N_772
2024-05-10 17:05:53,82.611015,17.878998,79.78185,319.48413,849.44574,0.0023738078,-26054.816468313686,31.0,N_772
2024-05-10 17:05:54,82.6724,17.875854,79.816826,319.19736,849.442,0.00115598,-26054.008513986286,31.0,N_772
2024-05-10 17:05:55,82.73375,17.872635,79.8448,318.9106,849.4291,0.0006303815,-26056.150777634568,31.0,N_772
2024-05-10 17:05:56,82.79507,17.869354,79.87278,318.61685,849.4309,0.0011397494,-26055.067127504906,31.0,N_772
2024-05-10 17:05:57,82.85635,17.866013,79.90076,318.3231,849.43463,-9.1090726e-05,-26062.071128612362,31.0,N_772
2024-05-10 17:05:58,82.9176,17.862595,79.93573,318.02936,849.43463,-0.0023040972,-26083.80073055213,31.0,N_772
2024-05-10 17:05:59,82.97882,17.859116,79.9637,317.7356,849.43274,-0.0040015536,-26116.662360570597,31.0,N_772
2024-05-10 17:06:00,83.04,17.85556,79.99168,317.43484,849.43274,-0.006462274,-26165.845913102858,31.0,N_772
2024-05-10 17:06:01,83.11066,17.922058,80.01965,317.1341,849.43274,-0.0051668915,-26206.371456463887,31.0,N_772
2024-05-10 17:06:02,83.180954,17.986115,80.04763,316.83334,849.43274,-0.0040148073,-26240.836896341414,31.0,N_772
2024-05-10 17:06:03,83.2509,18.04773,80.0826,316.5326,849.43274,-0.0046857344,-26278.329079336952,31.0,N_772
2024-05-10 17:06:04,83.32049,18.106888,80.11058,316.23187,849.43274,-0.005262249,-26319.80777839969,31.0,N_772
2024-05-10 17:06:05,83.389725,18.16362,80.13856,315.92413,849.43274,-0.002510928,-26342.99384376723,31.0,N_772
2024-05-10 17:06:06,83.4586,18.217896,80.166534,315.6164,849.43274,-0.0019888345,-26362.89283980088,31.0,N_772
2024-05-10 17:06:07,83.52712,18.26973,80.19451,315.30164,849.43274,-0.005196219,-26403.887252229677,31.0,N_772
2024-05-10 17:06:08,83.59529,18.319107,80.22249,314.9939,849.43274,-0.0052424097,-26445.58855956385,31.0,N_772
2024-05-10 17:06:09,83.6631,18.366058,80.250465,314.67917,849.43274,-0.005849357,-26489.491457719454,31.0,N_772
2024-05-10 17:06:10,83.73056,18.410553,80.27145,314.36444,849.43274,-0.0037055998,-26519.784543477122,31.0,N_772
2024-05-10 17:06:11,83.79766,18.452606,80.29243,314.0427,849.43274,-0.0015618426,-26536.03203309836,31.0,N_772
2024-05-10 17:06:12,83.8644,18.492218,80.31341,313.72797,849.43274,0.00057114306,-26538.3214523863,31.0,N_772
2024-05-10 17:06:13,83.93079,18.529388,80.341385,313.40625,849.43274,0.00040308072,-26542.041497473572,31.0,N_772
2024-05-10 17:06:14,83.996826,18.564102,80.37636,313.0915,849.43274,0.000490881,-26545.38280104648,31.0,N_772
2024-05-10 17:06:15,84.0625,18.596375,80.404335,312.7628,849.43274,0.0017149695,-26541.002874071793,31.0,N_772
2024-05-10 17:06:16,84.12782,18.626205,80.425316,312.44104,849.43274,0.0019929814,-26534.20480098304,31.0,N_772
2024-05-10 17:06:17,84.19279,18.653595,80.4463,312.11234,849.43274,0.0022709933,-26525.720548382553,31.0,N_772
2024-05-10 17:06:18,84.2574,18.678543,80.46728,311.7836,849.43274,0.002713815,-26514.370264769685,31.0,N_772
2024-05-10 17:06:19,84.321655,18.701035,80.48826,311.4549,849.43274,0.00043838494,-26517.685114260163,31.0,N_772
2024-05-10 17:06:20,84.38556,18.721085,80.516235,311.12616,849.43274,0.00028392597,-26522.27460381043,31.0,N_772
2024-05-10 17:06:21,84.449104,18.738693,80.54421,310.79044,849.43274,0.0021101336,-26515.280865078348,31.0,N_772
2024-05-10 17:06:22,84.51229,18.75386,80.56519,310.46173,849.43274,0.0014400181,-26511.61667488926,31.0,N_772
2024-05-10 17:06:23,84.57513,18.766571,80.59317,310.126,849.43274,-0.0004392006,-26521.155656103623,31.0,N_772
2024-05-10 17:06:24,84.6376,18.776855,80.61416,309.7833,849.43274,-0.0025915643,-26544.566443417345,31.0,N_772
2024-05-10 17:06:25,84.69972,18.784683,80.63514,309.44757,849.43274,-0.0020228974,-26564.339355290256,31.0,N_772
2024-05-10 17:06:26,84.76149,18.79007,80.65612,309.10486,849.43274,-0.0029343767,-26590.235669734662,31.0,N_772
2024-05-10 17:06:27,84.8229,18.793,80.6771,308.76215,849.43274,-0.0028878322,-26615.770334007964,31.0,N_772
2024-05-10 17:06:28,84.88396,18.793503,80.69808,308.41943,849.43274,-0.0017127753,-26633.485487924867,31.0,N_772
2024-05-10 17:06:29,84.94466,18.79155,80.71907,308.07672,849.4309,1.4679215e-05,-26639.76798497484,31.0,N_772
2024-05-10 17:06:30,85.005005,18.787155,80.733055,307.72702,849.4309,0.0002141521,-26644.6135790792,31.0,N_772
2024-05-10 17:06:31,85.06499,18.78032,80.754036,307.3843,849.43646,0.00041362498,-26648.19430594745,31.0,N_772
2024-05-10 17:06:32,85.124626,18.771042,80.77502,307.0346,849.4383,0.00083535135,-26649.062639964726,31.0,N_772
2024-05-10 17:06:33,85.1839,18.759308,80.796005,306.6849,849.4235,0.0018045634,-26643.66111736573,31.0,N_772
2024-05-10 17:06:34,85.24282,18.745132,80.80999,306.3282,849.41235,0.002011107,-26636.36441199603,31.0,N_772
2024-05-10 17:06:35,85.30139,18.728516,80.83097,305.9715,849.46796,0.0040100426,-26615.769243757957,31.0,N_772
2024-05-10 17:06:36,85.359604,18.709457,80.85196,305.6148,849.5773,0.004200871,-26594.409651456554,31.0,N_772
2024-05-10 17:06:37,85.41746,18.687958,80.87294,305.26508,849.64575,0.007275747,-26551.782657464188,31.0,N_772
2024-05-10 17:06:38,85.47496,18.664001,80.89392,304.9084,849.6402,0.007299816,-26509.982626687466,31.0,N_772
2024-05-10 17:06:39,85.532104,18.637604,80.907906,304.5447,849.6217,0.009226609,-26455.440549349565,31.0,N_772
2024-05-10 17:06:40,85.58889,18.608765,80.9219,304.181,849.6217,0.009243234,-26399.85894460068,31.0,N_772
2024-05-10 17:06:41,85.645325,18.577484,80.94288,303.8243,849.62726,0.010189087,-26339.242211870493,31.0,N_772
2024-05-10 17:06:42,85.7014,18.543762,80.95686,303.4606,849.6291,0.010006141,-26277.59381710375,31.0,N_772
2024-05-10 17:06:43,85.757126,18.507584,80.97785,303.09692,849.62726,0.009510769,-26221.90934612474,31.0,N_772
2024-05-10 17:06:44,85.81249,18.468964,80.98484,302.72623,849.62726,0.010264339,-26160.94708481598,31.0,N_772
2024-05-10 17:06:45,85.8675,18.427902,80.99883,302.36252,849.62726,0.01101791,-26093.89122952441,31.0,N_772
2024-05-10 17:06:46,85.92216,18.3844,81.01282,301.99185,849.62726,0.009102421,-26039.77402766975,31.0,N_772
2024-05-10 17:06:47,85.976456,18.33844,81.02681,301.62115,849.62726,0.008400346,-25989.482100057186,31.0,N_772
2024-05-10 17:06:48,86.0304,18.290054,81.04779,301.25748,849.62726,0.0074173044,-25945.875755481877,31.0,N_772
2024-05-10 17:06:49,86.08399,18.239212,81.061775,300.8798,849.62726,0.007703851,-25901.393123574235,31.0,N_772
2024-05-10 17:06:50,86.13722,18.185928,81.07577,300.5091,849.62726,0.008710066,-25851.409303849003,31.0,N_772
2024-05-10 17:06:51,86.1901,18.130188,81.08276,300.1384,849.62726,0.0068690237,-25812.40509288072,31.0,N_772
2024-05-10 17:06:52,86.24262,18.072021,81.08975,299.7607,849.62726,0.005239353,-25782.39804304976,31.0,N_772
2024-05-10 17:06:53,86.29479,18.011398,81.11074,299.38303,849.62726,0.005163329,-25754.36739987627,31.0,N_772
2024-05-10 17:06:54,86.3466,17.948334,81.124725,299.00537,849.62726,0.005906787,-25721.27606812918,31.0,N_772
2024-05-10 17:06:55,86.398056,17.882828,81.13872,298.6277,849.62726,0.007405465,-25679.227644826027,31.0,N_772
2024-05-10 17:06:56,86.44916,17.81488,81.145706,298.25,849.62726,0.006323184,-25643.314843349017,31.0,N_772
2024-05-10 17:06:57,86.4999,17.744476,81.1597,297.8723,849.62726,0.007004259,-25603.1383510223,31.0,N_772
2024-05-10 17:06:58,86.55029,17.67163,81.16669,297.48764,849.62726,0.007685334,-25558.346812146578,31.0,N_772
2024-05-10 17:06:59,86.60033,17.596344,81.18068,297.10995,849.62726,0.006149803,-25523.917620908374,31.0,N_772
2024-05-10 17:07:00,86.65,17.518616,81.187675,296.72528,849.62726,0.005717003,-25492.302272766676,31.0,N_772
2024-05-10 17:07:01,86.73644,17.30481,81.20166,296.3476,849.62726,0.004547345,-25468.542275560227,31.0,N_772
2024-05-10 17:07:02,86.82127,17.093079,81.20866,295.96292,849.62726,0.004184494,-25447.413084091528,31.0,N_772
2024-05-10 17:07:03,86.90449,16.883438,81.20866,295.57825,849.62726,0.0047380677,-25421.806013336474,31.0,N_772
2024-05-10 17:07:04,86.98609,16.675888,81.21565,295.18658,849.62726,0.0063298913,-25385.596508499766,31.0,N_772
2024-05-10 17:07:05,87.06608,16.470428,81.22964,294.8019,849.62726,0.0067292866,-25347.600859388764,31.0,N_772
2024-05-10 17:07:06,87.14445,16.267044,81.23663,294.4172,849.62726,0.007515408,-25304.393272215944,31.0,N_772
2024-05-10 17:07:07,87.22121,16.065735,81.24363,294.03253,849.62726,0.00887497,-25251.21667007772,31.0,N_772
2024-05-10 17:07:08,87.29636,15.866531,81.25062,293.64087,849.62726,0.003588336,-25233.59966751185,31.0,N_772
2024-05-10 17:07:09,87.36989,15.669403,81.257614,293.2492,849.62726,0.0039320593,-25213.86172705453,31.0,N_772
2024-05-10 17:07:10,87.4418,15.474365,81.257614,292.85754,849.62726,0.0042757825,-25192.116084374808,31.0,N_772
2024-05-10 17:07:11,87.51211,15.281403,81.26461,292.47287,849.62726,0.004410618,-25168.899705268006,31.0,N_772
2024-05-10 17:07:12,87.5808,15.09053,81.2716,292.08118,849.62726,0.0054613245,-25138.791590618654,31.0,N_772
2024-05-10 17:07:13,87.64787,14.901749,81.278595,291.6895,849.62726,0.0074934536,-25095.457287108533,31.0,N_772
2024-05-10 17:07:14,87.71334,14.715042,81.278595,291.29785,849.62726,0.00547809,-25065.87643832404,31.0,N_772
2024-05-10 17:07:15,87.77718,14.530441,81.28559,290.91318,849.62726,0.0055836663,-25034.8666214736,31.0,N_772
2024-05-10 17:07:16,87.839424,14.3479,81.29259,290.52148,849.62726,0.0077022673,-24990.202033482616,31.0,N_772
2024-05-10 17:07:17,87.90004,14.167465,81.29259,290.12982,849.62726,0.0073411325,-24947.920378896215,31.0,N_772
2024-05-10 17:07:18,87.959045,13.989105,81.29259,289.73816,849.62726,0.007121688,-24907.09063403942,31.0,N_772
2024-05-10 17:07:19,88.01644,13.812836,81.29259,289.3465,849.62726,0.005260344,-24877.96254571678,31.0,N_772
2024-05-10 17:07:20,88.07222,13.638641,81.29259,288.9478,849.62726,0.006809535,-24839.309864577663,31.0,N_772
2024-05-10 17:07:21,88.12639,13.466537,81.29259,288.55615,849.62726,0.0072256834,-24797.47289477854,31.0,N_772
2024-05-10 17:07:22,88.17894,13.296524,81.299576,288.1645,849.62726,0.006609965,-24759.743783485337,31.0,N_772
2024-05-10 17:07:23,88.22987,13.128586,81.30657,287.77283,849.62726,0.0059942473,-24726.391562644687,31.0,N_772
2024-05-10 17:07:24,88.2792,12.962738,81.30657,287.38113,849.62726,0.0035556515,-24709.1929196798,31.0,N_772
2024-05-10 17:07:25,88.326904,12.798981,81.30657,286.98947,849.62726,0.0041426267,-24687.42184401245,31.0,N_772
2024-05-10 17:07:26,88.373,12.637299,81.299576,286.59082,849.62726,0.0046208613,-24663.08145404561,31.0,N_772
2024-05-10 17:07:27,88.41749,12.477722,81.29259,286.19913,849.62726,0.0029915294,-24649.628144686656,31.0,N_772
2024-05-10 17:07:28,88.46035,12.320206,81.29259,285.80746,849.62726,0.0026555227,-24638.34734518001,31.0,N_772
2024-05-10 17:07:29,88.50161,12.164795,81.29259,285.4158,849.62726,0.005507729,-24608.1715998719,31.0,N_772
2024-05-10 17:07:30,88.541245,12.011459,81.29259,285.02414,849.63275,0.004741499,-24583.063303485058,31.0,N_772
2024-05-10 17:07:31,88.57928,11.860199,81.29259,284.63245,849.63464,0.0024407795,-24573.19057816456,31.0,N_772
2024-05-10 17:07:32,88.615685,11.711044,81.29259,284.24078,849.6179,0.00019828785,-24578.154441147304,31.0,N_772
2024-05-10 17:07:33,88.65048,11.563965,81.28559,283.84912,849.6069,0.0015781203,-24573.981372399587,31.0,N_772
2024-05-10 17:07:34,88.68367,11.418976,81.278595,283.45746,849.6624,-0.00031717532,-24582.46866318508,31.0,N_772
2024-05-10 17:07:35,88.71524,11.276062,81.2716,283.06577,849.7735,-0.00067615067,-24593.329393355565,31.0,N_772
2024-05-10 17:07:36,88.74519,11.135239,81.2716,282.6741,849.8402,-0.0035810068,-24623.380266163236,31.0,N_772
2024-05-10 17:07:37,88.77354,10.996506,81.2716,282.28244,849.8346,-0.0012473038,-24637.931714805636,31.0,N_772
2024-05-10 17:07:38,88.80027,10.859848,81.2716,281.89075,849.8161,0.0017037634,-24632.801715273024,31.0,N_772
2024-05-10 17:07:39,88.825386,10.725281,81.26461,281.49908,849.8161,0.0035647647,-24615.231486479,31.0,N_772
2024-05-10 17:07:40,88.848885,10.592804,81.25062,281.1144,849.8217,0.0071726064,-24574.37544512802,31.0,N_772
2024-05-10 17:07:41,88.87077,10.462402,81.24363,280.72974,849.82355,0.008977013,-24520.85352136349,31.0,N_772
2024-05-10 17:07:42,88.891045,10.334091,81.24363,280.33807,849.8217,0.00706127,-24480.569514216506,31.0,N_772
2024-05-10 17:07:43,88.909706,10.2078705,81.23663,279.9534,849.8217,0.0070855846,-24439.263392156,31.0,N_772
2024-05-10 17:07:44,88.92675,10.08374,81.22964,279.56174,849.8217,0.0037861643,-24420.11775493525,31.0,N_772
2024-05-10 17:07:45,88.942184,9.961685,81.21565,279.17703,849.8217,0.00363983,-24402.462114037953,31.0,N_772
2024-05-10 17:07:46,88.956,9.841705,81.20866,278.79236,849.8217,0.0028705813,-24389.740714065578,31.0,N_772
2024-05-10 17:07:47,88.96821,9.723831,81.20166,278.40768,849.8217,0.0015628005,-24385.849068845902,31.0,N_772
2024-05-10 17:07:48,88.9788,9.608032,81.194664,278.03,849.8217,0.0023525779,-24376.092326035367,31.0,N_772
2024-05-10 17:07:49,88.98777,9.494308,81.18068,277.64532,849.8217,0.0021940044,-24367.656688544976,31.0,N_772
2024-05-10 17:07:50,88.99513,9.38269,81.16669,277.26065,849.8217,0.0027359547,-24356.236465295875,31.0,N_772
2024-05-10 17:07:51,89.000885,9.273148,81.1597,276.88297,849.8217,0.003276192,-24341.16247525018,31.0,N_772
2024-05-10 17:07:52,89.00502,9.16568,81.1597,276.50528,849.8217,0.0062235603,-24304.89146786713,31.0,N_772
2024-05-10 17:07:53,89.00754,9.060318,81.145706,276.1206,849.8217,0.0064927684,-24267.948729727817,31.0,N_772
2024-05-10 17:07:54,89.008446,8.957031,81.13172,275.74295,849.8217,0.006355602,-24230.312924603873,31.0,N_772
2024-05-10 17:07:55,89.00774,8.855835,81.11074,275.36526,849.8217,0.006008583,-24197.38931286524,31.0,N_772
2024-05-10 17:07:56,89.00542,8.756714,81.103745,274.98758,849.8217,0.005245533,-24168.34584871999,31.0,N_772
2024-05-10 17:07:57,89.00148,8.659683,81.08975,274.6099,849.8217,0.006199794,-24134.64337224388,31.0,N_772
2024-05-10 17:07:58,88.99593,8.564743,81.08276,274.2392,849.8217,0.0050979317,-24106.4040241025,31.0,N_772
2024-05-10 17:07:59,88.98877,8.471878,81.06877,273.8615,849.8217,0.0035599037,-24089.214434913712,31.0,N_772
2024-05-10 17:08:00,88.979996,8.3811035,81.05479,273.49084,849.8217,0.0043344563,-24066.74720567085,31.0,N_772
2024-05-10 17:08:01,88.92445,8.342712,81.040794,273.12015,849.8217,0.0033976324,-24050.465321847194,31.0,N_772
2024-05-10 17:08:02,88.86883,8.304718,81.02681,272.74945,849.8217,0.0018525063,-24044.42927438498,31.0,N_772
2024-05-10 17:08:03,88.81312,8.26709,81.01282,272.37875,849.8217,0.003444297,-24027.393857912644,31.0,N_772
2024-05-10 17:08:04,88.75733,8.229843,80.99184,272.01508,849.8217,0.0042818403,-24005.22869037804,31.0,N_772
2024-05-10 17:08:05,88.701454,8.192978,80.97785,271.64438,849.8217,0.0044372184,-23982.404297240893,31.0,N_772
2024-05-10 17:08:06,88.64549,8.156494,80.96386,271.2807,849.8217,0.0022812642,-23973.92926945766,31.0,N_772
2024-05-10 17:08:07,88.589455,8.120392,80.95686,270.917,849.8217,0.0002366525,-23978.330908090255,31.0,N_772
2024-05-10 17:08:08,88.53333,8.084671,80.94288,270.5533,849.8217,0.0027353072,-23965.88029488614,31.0,N_772
2024-05-10 17:08:09,88.47712,8.049332,80.9219,270.1896,849.8217,0.0026103451,-23955.411798181798,31.0,N_772
2024-05-10 17:08:10,88.42083,8.0143585,80.907906,269.83292,849.8217,0.0028306898,-23942.47559811939,31.0,N_772
2024-05-10 17:08:11,88.364456,7.979782,80.886925,269.4762,849.8217,0.0026458867,-23931.00946319885,31.0,N_772
2024-05-10 17:08:12,88.308,7.945587,80.865944,269.1195,849.8217,0.0032275273,-23915.59140240298,31.0,N_772
2024-05-10 17:08:13,88.25146,7.9117584,80.84496,268.76282,849.8217,0.0045695277,-23891.059667043875,31.0,N_772
2024-05-10 17:08:14,88.19483,7.878311,80.82398,268.4061,849.8217,0.0042088362,-23869.89701472132,31.0,N_772
2024-05-10 17:08:15,88.13812,7.8452454,80.80999,268.0494,849.8217,0.0038705566,-23850.208230792494,31.0,N_772
2024-05-10 17:08:16,88.08133,7.812561,80.78901,267.6997,849.8217,0.0053031123,-23821.064557441914,31.0,N_772
2024-05-10 17:08:17,88.02445,7.780258,80.76803,267.35,849.8217,0.0034021128,-23804.591594474423,31.0,N_772
2024-05-10 17:08:18,87.9675,7.748337,80.74705,267.0003,849.8217,0.009613222,-23749.820099390672,31.0,N_772
2024-05-10 17:08:19,87.91045,7.716797,80.733055,266.6576,849.8217,0.0022583366,-23740.576327315466,31.0,N_772
2024-05-10 17:08:20,87.85333,7.6856384,80.712074,266.3079,849.8217,0.0009347001,-23740.61795250921,31.0,N_772
2024-05-10 17:08:21,87.79612,7.6548615,80.69109,265.95816,849.8217,0.005030498,-23713.622623856772,31.0,N_772
2024-05-10 17:08:22,87.73883,7.6244507,80.670105,265.61545,849.8217,0.0089194365,-23660.640262599223,31.0,N_772
2024-05-10 17:08:23,87.68146,7.5944366,80.649124,265.27274,849.8217,0.0056352336,-23629.400163540588,31.0,N_772
2024-05-10 17:08:24,87.624,7.564789,80.62814,264.93002,849.8217,0.0019424198,-23622.94325851868,31.0,N_772
2024-05-10 17:08:25,87.56646,7.5355225,80.60716,264.59433,849.8217,0.0016833118,-23617.520393117713,31.0,N_772
2024-05-10 17:08:26,87.508835,7.506653,80.579185,264.2586,849.8217,0.0014242039,-23614.637446408837,31.0,N_772
2024-05-10 17:08:27,87.451126,7.4781494,80.558205,263.92288,849.8217,0.0055905245,-23584.646164542646,31.0,N_772
2024-05-10 17:08:28,87.39333,7.4500275,80.537224,263.59415,849.8217,0.009756845,-23526.310609599368,31.0,N_772
2024-05-10 17:08:29,87.33546,7.422287,80.516235,263.25845,849.8217,0.010735646,-23462.781231149012,31.0,N_772
2024-05-10 17:08:30,87.2775,7.394928,80.495255,262.92972,849.8217,0.009651163,-23402.96258723224,31.0,N_772
2024-05-10 17:08:31,87.21946,7.367935,80.46728,262.60098,849.8217,0.013193963,-23319.09198547959,31.0,N_772
2024-05-10 17:08:32,87.16133,7.341339,80.4393,262.27228,849.8217,0.008208896,-23271.852898049332,31.0,N_772
2024-05-10 17:08:33,87.10313,7.3151093,80.41832,261.94354,849.8217,0.007845332,-23227.52033385567,31.0,N_772
2024-05-10 17:08:34,87.04483,7.289276,80.39734,261.62183,849.8217,0.005535439,-23196.06708473497,31.0,N_772
2024-05-10 17:08:35,86.98646,7.263809,80.36936,261.30008,849.8217,0.004785141,-23169.97696493486,31.0,N_772
2024-05-10 17:08:36,86.928,7.238739,80.341385,260.97836,849.8217,0.005184776,-23141.10827338261,31.0,N_772
2024-05-10 17:08:37,86.86945,7.214035,80.31341,260.65665,849.8217,0.004431615,-23117.30130241552,31.0,N_772
2024-05-10 17:08:38,86.81083,7.1897125,80.28543,260.3349,849.8217,0.0036808734,-23100.205804346526,31.0,N_772
2024-05-10 17:08:39,86.75212,7.1657715,80.26445,260.02017,849.8217,0.0033213424,-23084.205437593897,31.0,N_772
2024-05-10 17:08:40,86.69333,7.142212,80.23647,259.71243,849.8217,0.0048591425,-23057.66947102882,31.0,N_772
2024-05-10 17:08:41,86.63446,7.119034,80.208496,259.3977,849.8217,0.0074145393,-23014.794099151128,31.0,N_772
2024-05-10 17:08:42,86.5755,7.096237,80.18052,259.08997,849.8217,0.0062753735,-22978.5455905935,31.0,N_772
2024-05-10 17:08:43,86.51646,7.073807,80.15254,258.7752,849.8217,0.006721592,-22940.0935702539,31.0,N_772
2024-05-10 17:08:44,86.45733,7.051773,80.124565,258.46747,849.8217,0.0053573083,-22910.558016330382,31.0,N_772
2024-05-10 17:08:45,86.398125,7.0301056,80.09659,258.15973,849.8217,0.0069355727,-22871.211772340943,31.0,N_772
2024-05-10 17:08:46,86.33883,7.008835,80.06861,257.85898,849.8217,0.0066008577,-22836.082053207978,31.0,N_772
2024-05-10 17:08:47,86.27946,6.9879303,80.04763,257.55823,849.8217,0.01026561,-22774.111818584974,31.0,N_772
2024-05-10 17:08:48,86.22,6.967407,80.01965,257.2575,849.8217,0.011262935,-22705.78857361368,31.0,N_772
2024-05-10 17:08:49,86.16046,6.9472656,79.99168,256.95676,849.8217,0.0049090674,-22679.43250898962,31.0,N_772
2024-05-10 17:08:50,86.10083,6.9275208,79.9637,256.656,849.8217,0.0012296805,-22677.101394435333,31.0,N_772
2024-05-10 17:08:51,86.04112,6.908127,79.928734,256.36224,849.8217,0.015035862,-22585.25759600073,31.0,N_772
2024-05-10 17:08:52,85.98133,6.8891296,79.90076,256.06848,849.8217,0.0074955705,-22542.238464651626,31.0,N_772
2024-05-10 17:08:53,85.921455,6.870514,79.87278,255.77473,849.8217,0.00031758563,-22546.267166805446,31.0,N_772
2024-05-10 17:08:54,85.8615,6.8522797,79.8448,255.48099,849.8217,-0.0012095862,-22560.704654078327,31.0,N_772
2024-05-10 17:08:55,85.80146,6.8344116,79.80983,255.19423,849.8217,0.007555853,-22515.08482232182,31.0,N_772
2024-05-10 17:08:56,85.74133,6.8169403,79.774864,254.90747,849.8217,0.0073909233,-22473.534796143038,31.0,N_772
2024-05-10 17:08:57,85.68112,6.799835,79.74689,254.62071,849.8217,0.0017652235,-22468.915743349673,31.0,N_772
2024-05-10 17:08:58,85.620834,6.783127,79.72591,254.34094,849.8217,0.0014037644,-22464.875080890517,31.0,N_772
2024-05-10 17:08:59,85.560455,6.7667847,79.69093,254.06119,849.8217,0.009380958,-22409.94490820315,31.0,N_772
2024-05-10 17:09:00,85.5,6.750824,79.66296,253.77443,849.8217,0.008047253,-22360.958358848366,31.0,N_772
2024-05-10 17:09:01,85.43749,6.7449036,79.62798,253.49466,849.8217,0.007680391,-22314.697173845256,31.0,N_772
2024-05-10 17:09:02,85.37497,6.739044,79.59302,253.21489,849.8217,0.007693356,-22269.128498433023,31.0,N_772
2024-05-10 17:09:03,85.31242,6.7332306,79.558044,252.94212,849.8217,0.009852142,-22212.872773546394,31.0,N_772
2024-05-10 17:09:04,85.24987,6.727463,79.53007,252.66936,849.8217,0.01184315,-22138.429553209447,31.0,N_772
2024-05-10 17:09:05,85.187294,6.721756,79.495094,252.39659,849.8217,0.012849692,-22058.91271230636,31.0,N_772
2024-05-10 17:09:06,85.1247,6.71611,79.46013,252.13081,849.8217,0.012878357,-21982.78502786547,31.0,N_772
2024-05-10 17:09:07,85.062096,6.7105103,79.43215,251.85803,849.8217,0.010774522,-21916.423340409216,31.0,N_772
2024-05-10 17:09:08,84.999466,6.704956,79.39718,251.59225,849.8217,0.00807455,-21868.404542826625,31.0,N_772
2024-05-10 17:09:09,84.93683,6.699463,79.362206,251.32649,849.8217,0.0049725017,-21841.17645696531,31.0,N_772
2024-05-10 17:09:10,84.87417,6.6940155,79.32724,251.06071,849.8217,0.003052366,-21827.205578764762,31.0,N_772
2024-05-10 17:09:11,84.81149,6.688629,79.29227,250.80193,849.8217,0.0017034556,-21821.862492623528,31.0,N_772
2024-05-10 17:09:12,84.7488,6.6832886,79.25729,250.53615,849.8217,0.0048390185,-21797.99561007179,31.0,N_772
2024-05-10 17:09:13,84.68609,6.677994,79.229324,250.27737,849.8217,0.005248247,-21768.715686969495,31.0,N_772
2024-05-10 17:09:14,84.62337,6.67276,79.19435,250.01859,849.8217,7.878067e-06,-21774.872203148705,31.0,N_772
2024-05-10 17:09:15,84.56062,6.6675873,79.15938,249.7668,849.8217,0.0023734476,-21763.93076401728,31.0,N_772
2024-05-10 17:09:16,84.49786,6.6624603,79.11742,249.50801,849.8217,0.0070754644,-21723.94010610185,31.0,N_772
2024-05-10 17:09:17,84.43509,6.657379,79.08244,249.25623,849.8217,0.0051550916,-21695.9916813662,31.0,N_772
2024-05-10 17:09:18,84.3723,6.652359,79.04748,249.00444,849.8217,0.0055643064,-21665.267636840865,31.0,N_772
2024-05-10 17:09:19,84.309494,6.6473846,79.012505,248.75266,849.8217,0.008705517,-21614.666961114304,31.0,N_772
2024-05-10 17:09:20,84.246666,6.6424713,78.97753,248.50786,849.8217,0.0052222703,-21588.88609992243,31.0,N_772
2024-05-10 17:09:21,84.18382,6.6376038,78.949554,248.26306,849.8217,0.0017376037,-21582.240585608037,31.0,N_772
2024-05-10 17:09:22,84.120964,6.632782,78.90759,248.01826,849.8217,0.004879859,-21556.78379900136,31.0,N_772
2024-05-10 17:09:23,84.05809,6.6280212,78.87262,247.77347,849.8217,0.0060709277,-21519.974997208083,31.0,N_772
2024-05-10 17:09:24,83.9952,6.6233215,78.83066,247.52869,849.8217,0.0055104108,-21490.245014782773,31.0,N_772
2024-05-10 17:09:25,83.93229,6.6186676,78.795685,247.28389,849.8217,0.006606971,-21454.333635359853,31.0,N_772
2024-05-10 17:09:26,83.86937,6.6140594,78.76071,247.05309,849.8217,0.0077035306,-21410.224149389207,31.0,N_772
2024-05-10 17:09:27,83.80643,6.6095123,78.725746,246.81528,849.8217,0.0073340284,-21368.529643421418,31.0,N_772
2024-05-10 17:09:28,83.74347,6.605011,78.69077,246.57748,849.8217,0.007741599,-21321.125259495846,31.0,N_772
2024-05-10 17:09:29,83.6805,6.6005707,78.64881,246.34668,849.8217,0.009715496,-21259.25110057818,31.0,N_772
2024-05-10 17:09:30,83.6175,6.596176,78.60684,246.10887,849.8217,0.011299236,-21193.198174791974,31.0,N_772
2024-05-10 17:09:31,83.5545,6.5918427,78.57188,245.87807,849.8217,0.0093718795,-21134.097936532216,31.0,N_772
2024-05-10 17:09:32,83.49147,6.587555,78.52991,245.64726,849.8217,0.009005349,-21083.55860513378,31.0,N_772
2024-05-10 17:09:33,83.42843,6.583313,78.49494,245.42345,849.8217,0.010586688,-21015.674618350415,31.0,N_772
2024-05-10 17:09:34,83.36537,6.579132,78.45297,245.19264,849.8217,0.009442678,-20962.144597503604,31.0,N_772
2024-05-10 17:09:35,83.30229,6.575012,78.41801,244.96884,849.8217,0.0059539005,-20927.076258787813,31.0,N_772
2024-05-10 17:09:36,83.239204,6.570938,78.37604,244.74503,849.8217,0.0069555724,-20889.07717223098,31.0,N_772
2024-05-10 17:09:37,83.176094,6.56691,78.34107,244.52121,849.8217,0.008927927,-20834.39615164197,31.0,N_772
2024-05-10 17:09:38,83.11297,6.5629425,78.2991,244.3044,849.8217,0.006404842,-20799.653178633045,31.0,N_772
2024-05-10 17:09:39,83.04983,6.559021,78.26413,244.08058,849.8217,0.005266297,-20769.70109690292,31.0,N_772
2024-05-10 17:09:40,82.98667,6.5551605,78.22217,243.86377,849.8217,0.014469702,-20677.3544485095,31.0,N_772
2024-05-10 17:09:41,82.92349,6.551346,78.18021,243.64694,849.8217,0.01235689,-20605.58158445099,31.0,N_772
2024-05-10 17:09:42,82.8603,6.547577,78.14523,243.43013,849.8217,0.016641915,-20506.034035854274,31.0,N_772
2024-05-10 17:09:43,82.7971,6.543869,78.11026,243.21332,849.8217,0.020926937,-20370.912450352385,31.0,N_772
2024-05-10 17:09:44,82.73387,6.540222,78.0683,243.0035,849.8217,0.020950362,-20235.8033227777,31.0,N_772
2024-05-10 17:09:45,82.67062,6.536621,78.02634,242.79367,849.8217,0.015142566,-20131.147120765105,31.0,N_772
2024-05-10 17:09:46,82.60737,6.533066,77.97737,242.58385,849.8217,0.014591731,-20046.62473522176,31.0,N_772
2024-05-10 17:09:47,82.54409,6.5295715,77.942406,242.37402,849.8217,0.016945986,-19937.40439122099,31.0,N_772
2024-05-10 17:09:48,82.480804,6.526123,77.90044,242.1642,849.8217,0.01403983,-19857.277965593643,31.0,N_772
2024-05-10 17:09:49,82.417496,6.5227356,77.86547,241.96136,849.8217,0.012307647,-19779.153582374634,31.0,N_772
2024-05-10 17:09:50,82.35417,6.519394,77.8235,241.75154,849.8217,0.0218755,-19641.463768285554,31.0,N_772
2024-05-10 17:09:51,82.290825,6.5161133,77.78154,241.55571,849.8217,0.02074362,-19508.354382728645,31.0,N_772
2024-05-10 17:09:52,82.22747,6.5128784,77.73958,241.35287,849.8217,0.020766484,-19374.954085920464,31.0,N_772
2024-05-10 17:09:53,82.16409,6.5096893,77.69761,241.15005,849.8217,0.02622662,-19207.675536440358,31.0,N_772
2024-05-10 17:09:54,82.1007,6.5065613,77.65565,240.95421,849.8217,0.024129305,-19063.530562708063,31.0,N_772
2024-05-10 17:09:55,82.03729,6.503479,77.620674,240.75139,849.8217,0.023365587,-18900.776734699008,31.0,N_772
2024-05-10 17:09:56,81.97387,6.500458,77.57172,240.55556,849.8217,0.023173427,-18753.38003668225,31.0,N_772
2024-05-10 17:09:57,81.91042,6.4974823,77.529755,240.35971,849.82355,0.022792105,-18594.690563764572,31.0,N_772
2024-05-10 17:09:58,81.84697,6.494568,77.48079,240.16388,849.82355,0.022016421,-18457.11158580386,31.0,N_772
2024-05-10 17:09:59,81.78349,6.491699,77.43883,239.97504,849.82355,0.024562284,-18311.84909854488,31.0,N_772
2024-05-10 17:10:00,81.72,6.4888916,77.403854,239.7792,849.818,0.022469623,-18169.791993110186,31.0,N_772
2024-05-10 17:10:01,81.656654,6.487259,77.36189,239.59036,849.8217,0.021717831,-18032.893159140298,31.0,N_772
2024-05-10 17:10:02,81.59329,6.4856567,77.31993,239.40152,849.8402,0.020971622,-17900.67705390843,31.0,N_772
2024-05-10 17:10:03,81.5299,6.4840546,77.27796,239.21268,849.8273,0.019234635,-17779.726827625786,31.0,N_772
2024-05-10 17:10:04,81.46649,6.482483,77.236,239.02383,849.7346,0.015940836,-17672.961720435826,31.0,N_772
2024-05-10 17:10:05,81.40305,6.4809113,77.18704,238.842,849.63275,0.016741823,-17568.536614785975,31.0,N_772
2024-05-10 17:10:06,81.3396,6.479355,77.14507,238.65315,849.6069,0.016750723,-17465.48578226591,31.0,N_772
2024-05-10 17:10:07,81.27612,6.4778137,77.10311,238.4713,849.62726,0.01876248,-17338.118861970645,31.0,N_772
2024-05-10 17:10:08,81.21262,6.476288,77.05415,238.28946,849.63464,0.018038526,-17226.738306729254,31.0,N_772
2024-05-10 17:10:09,81.1491,6.474777,77.012184,238.1076,849.6309,0.019780183,-17105.644604884557,31.0,N_772
2024-05-10 17:10:10,81.085556,6.473282,76.97022,237.93275,849.62726,0.019802075,-16981.70728732644,31.0,N_772
2024-05-10 17:10:11,81.02199,6.4717865,76.92826,237.75092,849.62726,0.017845038,-16862.185577604727,31.0,N_772
2024-05-10 17:10:12,80.9584,6.4703217,76.879295,237.57605,849.62726,0.016514609,-16762.047317753993,31.0,N_772
2024-05-10 17:10:13,80.89479,6.468872,76.83733,237.4012,849.62726,0.016167475,-16663.43941121573,31.0,N_772
2024-05-10 17:10:14,80.831154,6.4674225,76.79537,237.22635,849.62726,0.016016215,-16554.433023728132,31.0,N_772
2024-05-10 17:10:15,80.7675,6.4660034,76.746414,237.04451,849.62726,0.021525802,-16424.040413663417,31.0,N_772
2024-05-10 17:10:16,80.70382,6.4645844,76.704445,236.87665,849.62726,0.024130043,-16273.140780421032,31.0,N_772
2024-05-10 17:10:17,80.64012,6.4631805,76.66248,236.7018,849.62726,0.023304071,-16130.356179414212,31.0,N_772
2024-05-10 17:10:18,80.5764,6.4618073,76.620514,236.53394,849.62726,0.021690033,-15984.716233107501,31.0,N_772
2024-05-10 17:10:19,80.51266,6.460434,76.571556,236.36607,849.62726,0.020356564,-15860.829671408967,31.0,N_772
2024-05-10 17:10:20,80.44889,6.459076,76.529594,236.19821,849.62726,0.020038065,-15738.2291155505,31.0,N_772
2024-05-10 17:10:21,80.3851,6.457733,76.487625,236.03036,849.62726,0.018475318,-15614.565774220955,31.0,N_772
2024-05-10 17:10:22,80.32129,6.4564056,76.43867,235.8625,849.62726,0.015948456,-15518.449389237263,31.0,N_772
2024-05-10 17:10:23,80.257454,6.4550934,76.396706,235.69464,849.62726,0.012514583,-15445.29252023868,31.0,N_772
2024-05-10 17:10:24,80.193596,6.453781,76.354744,235.53378,849.62726,0.00626856,-15410.627013954221,31.0,N_772
2024-05-10 17:10:25,80.12972,6.4524994,76.312775,235.36592,849.62726,0.010022085,-15347.040491114954,31.0,N_772
2024-05-10 17:10:26,80.06582,6.451233,76.26382,235.20505,849.62726,0.013777329,-15266.024521165938,31.0,N_772
2024-05-10 17:10:27,80.0019,6.4499664,76.221855,235.04419,849.62726,0.013247786,-15179.759197841231,31.0,N_772
2024-05-10 17:10:28,79.93796,6.4487305,76.17289,234.88332,849.62726,0.012258685,-15102.243449642643,31.0,N_772
2024-05-10 17:10:29,79.873985,6.4474945,76.12393,234.72945,849.62726,0.01458999,-15015.571324847255,31.0,N_772
2024-05-10 17:10:30,79.81,6.446289,76.08197,234.56859,849.62726,0.015367117,-14914.205981817508,31.0,N_772
2024-05-10 17:10:31,79.74599,6.4450836,76.03301,234.40773,849.62726,0.019307071,-14799.672736768116,31.0,N_772
2024-05-10 17:10:32,79.68195,6.4438934,75.99104,234.25386,849.62726,0.01878045,-14687.616190003755,31.0,N_772
2024-05-10 17:10:33,79.6179,6.4427185,75.94908,234.09998,849.62726,0.019974409,-14543.168461500636,31.0,N_772
2024-05-10 17:10:34,79.55382,6.441559,75.89313,233.9461,849.62726,0.02116506,-14416.939493662481,31.0,N_772
2024-05-10 17:10:35,79.48972,6.4404144,75.851166,233.79224,849.62726,0.020279856,-14282.751512896652,31.0,N_772
2024-05-10 17:10:36,79.4256,6.4392853,75.80221,233.63837,849.62726,0.01407369,-14200.28385924363,31.0,N_772
2024-05-10 17:10:37,79.36145,6.4381714,75.76024,233.4845,849.62726,0.026200876,-14024.839054027167,31.0,N_772
2024-05-10 17:10:38,79.29729,6.4370728,75.71128,233.33063,849.62726,0.026822474,-13848.582945308259,31.0,N_772
2024-05-10 17:10:39,79.2331,6.435974,75.66232,233.18375,849.62726,0.027324652,-13685.257178537282,31.0,N_772
2024-05-10 17:10:40,79.168884,6.434906,75.62036,233.03688,849.62726,0.029458644,-13489.917998567933,31.0,N_772
2024-05-10 17:10:41,79.10465,6.433838,75.571396,232.89,849.62726,0.03111056,-13283.672045219355,31.0,N_772
2024-05-10 17:10:42,79.0404,6.4328003,75.52244,232.74312,849.62726,0.029937383,-13085.20606433392,31.0,N_772
2024-05-10 17:10:43,78.97612,6.4317627,75.47348,232.59625,849.62726,0.033298098,-12883.682784847802,31.0,N_772
2024-05-10 17:10:44,78.91182,6.4307404,75.43152,232.44937,849.62726,0.03787357,-12652.711971293835,31.0,N_772
2024-05-10 17:10:45,78.847496,6.4297485,75.38955,232.30249,849.62726,0.036776695,-12410.407161299827,31.0,N_772
2024-05-10 17:10:46,78.78315,6.4287567,75.34059,232.16261,849.62726,0.03497841,-12180.457884093626,31.0,N_772
2024-05-10 17:10:47,78.71879,6.42778,75.29163,232.02274,849.62726,0.030147688,-11960.12188601365,31.0,N_772
2024-05-10 17:10:48,78.654396,6.426819,75.23568,231.87585,849.6291,0.042238984,-11707.132308238663,31.0,N_772
2024-05-10 17:10:49,78.58999,6.425873,75.19372,231.73598,849.6291,0.03449111,-11479.096446002928,31.0,N_772
2024-05-10 17:10:50,78.52555,6.424942,75.14476,231.59608,849.62537,0.03451779,-11272.357627712254,31.0,N_772
2024-05-10 17:10:51,78.4611,6.424011,75.10279,231.4562,849.6217,0.029977808,-11074.477162817753,31.0,N_772
2024-05-10 17:10:52,78.39662,6.423111,75.05383,231.31633,849.6365,0.033860628,-10854.576734953509,31.0,N_772
2024-05-10 17:10:53,78.33212,6.422226,75.004875,231.18344,849.64764,0.034359638,-10626.930968737446,31.0,N_772
2024-05-10 17:10:54,78.2676,6.421341,74.95592,231.04355,849.5939,0.037657626,-10381.159991518234,31.0,N_772
2024-05-10 17:10:55,78.20306,6.4204865,74.90696,230.91066,849.4827,0.04095561,-10112.95213291956,31.0,N_772
2024-05-10 17:10:56,78.13849,6.419632,74.858,230.77779,849.41614,0.036763363,-9895.33665889622,31.0,N_772
2024-05-10 17:10:57,78.0739,6.4187927,74.81603,230.6449,849.4198,0.045937043,-9614.916284255329,31.0,N_772
2024-05-10 17:10:58,78.009285,6.417984,74.77407,230.505,849.4383,0.0359429,-9383.307025390843,31.0,N_772
2024-05-10 17:10:59,77.94466,6.4171753,74.72511,230.37912,849.4402,0.029755615,-9189.227658659078,31.0,N_772
2024-05-10 17:11:00,77.88,6.416382,74.676155,230.24623,849.43274,0.02356833,-9036.681668364152,31.0,N_772
2024-05-10 17:11:01,77.81532,6.4161224,74.6272,230.11334,849.4309,0.027618226,-8856.665273609126,31.0,N_772
2024-05-10 17:11:02,77.75062,6.415848,74.57823,229.98045,849.43274,0.02688963,-8663.998445360883,31.0,N_772
2024-05-10 17:11:03,77.6859,6.4155884,74.522285,229.84756,849.43274,0.029038172,-8478.075285546587,31.0,N_772
2024-05-10 17:11:04,77.621155,6.4153137,74.47332,229.72166,849.43274,0.024778591,-8319.570873116738,31.0,N_772
2024-05-10 17:11:05,77.55639,6.415039,74.42436,229.59578,849.43274,0.026764913,-8147.699354295689,31.0,N_772
2024-05-10 17:11:06,77.4916,6.414749,74.375404,229.46988,849.43274,0.02236521,-8004.9227892501585,31.0,N_772
2024-05-10 17:11:07,77.42679,6.4144745,74.32645,229.34398,849.43274,0.02387417,-7851.960384858362,31.0,N_772
2024-05-10 17:11:08,77.36195,6.4141846,74.27749,229.2181,849.43274,0.026426341,-7681.825738540718,31.0,N_772
2024-05-10 17:11:09,77.2971,6.4138947,74.22853,229.0922,849.43274,0.03141815,-7481.979028321905,31.0,N_772
2024-05-10 17:11:10,77.23222,6.4136047,74.17957,228.9733,849.43274,0.03246086,-7271.10111392925,31.0,N_772
2024-05-10 17:11:11,77.16732,6.4132996,74.130615,228.8474,849.43274,0.038036164,-7022.819960277836,31.0,N_772
2024-05-10 17:11:12,77.102394,6.4130096,74.08165,228.72151,849.43274,0.029613359,-6834.272125765016,31.0,N_772
2024-05-10 17:11:13,77.03745,6.4127045,74.03269,228.60262,849.43274,0.04012873,-6576.288283828295,31.0,N_772
2024-05-10 17:11:14,76.97249,6.4123993,73.983734,228.4837,849.43274,0.043616816,-6289.767704941094,31.0,N_772
2024-05-10 17:11:15,76.9075,6.412079,73.93478,228.35782,849.43274,0.04092969,-6026.133302191456,31.0,N_772
2024-05-10 17:11:16,76.84248,6.4117737,73.88582,228.23892,849.43274,0.031396862,-5825.010713636905,31.0,N_772
2024-05-10 17:11:17,76.77745,6.4114532,73.83686,228.12001,849.43274,0.024856303,-5666.878847080628,31.0,N_772
2024-05-10 17:11:18,76.712395,6.411133,73.7879,228.00111,849.43274,0.03273076,-5456.574424414463,31.0,N_772
2024-05-10 17:11:19,76.64732,6.4108124,73.738945,227.88222,849.43274,0.043534786,-5174.5982510421445,31.0,N_772
2024-05-10 17:11:20,76.58222,6.410492,73.68998,227.76332,849.43274,0.04128282,-4912.303009615929,31.0,N_772
2024-05-10 17:11:21,76.5171,6.4101562,73.64102,227.65141,849.43274,0.04319119,-4632.0086531582765,31.0,N_772
2024-05-10 17:11:22,76.45195,6.4098206,73.592064,227.53252,849.43274,0.037145995,-4391.62374163491,31.0,N_772
2024-05-10 17:11:23,76.38679,6.409485,73.543106,227.4136,849.43274,0.039482616,-4140.375357856919,31.0,N_772
2024-05-10 17:11:24,76.3216,6.409149,73.49415,227.3017,849.43463,0.041625172,-3874.8554339457046,31.0,N_772
2024-05-10 17:11:25,76.256386,6.408798,73.44519,227.1898,849.43274,0.03910953,-3625.5096982929863,31.0,N_772
2024-05-10 17:11:26,76.191154,6.4084625,73.39623,227.0779,849.4291,0.044385448,-3341.492339227805,31.0,N_772
2024-05-10 17:11:27,76.1259,6.4081116,73.347275,226.96599,849.43274,0.043653637,-3061.981299945472,31.0,N_772
2024-05-10 17:11:28,76.06062,6.4077606,73.29831,226.85408,849.4531,0.041951876,-2793.3924762441115,31.0,N_772
2024-05-10 17:11:29,75.99532,6.4073944,73.24935,226.74217,849.4587,0.04552912,-2501.147521650962,31.0,N_772
2024-05-10 17:11:30,75.93,6.4070435,73.20039,226.63026,849.3976,0.028950717,-2298.0553260961588,31.0,N_772
2024-05-10 17:11:31,75.864655,6.4066772,73.14444,226.51836,849.28644,0.03488858,-2052.532100317653,31.0,N_772
2024-05-10 17:11:32,75.799286,6.406311,73.088486,226.40646,849.2216,0.04049854,-1798.093637824043,31.0,N_772
2024-05-10 17:11:33,75.7339,6.405945,73.03953,226.30154,849.2272,0.033273056,-1585.20494574832,31.0,N_772
2024-05-10 17:11:34,75.66849,6.4055634,72.99057,226.18964,849.2439,0.015706375,-1489.7259934144613,31.0,N_772
2024-05-10 17:11:35,75.60306,6.405197,72.94161,226.08473,849.242,0.024427077,-1334.6966762771226,31.0,N_772
2024-05-10 17:11:36,75.5376,6.4048157,72.892654,225.97282,849.23645,0.025394922,-1176.439836647216,31.0,N_772
2024-05-10 17:11:37,75.47212,6.404434,72.8437,225.8679,849.23645,0.01944365,-1056.4584705262587,31.0,N_772
2024-05-10 17:11:38,75.406624,6.4040375,72.79474,225.763,849.23834,0.015176775,-953.7996441486594,31.0,N_772
2024-05-10 17:11:39,75.341095,6.403656,72.738785,225.65808,849.23834,0.013718681,-862.1131873297654,31.0,N_772
2024-05-10 17:11:40,75.27555,6.4032593,72.68283,225.55318,849.23834,0.00595812,-829.878954070462,31.0,N_772
2024-05-10 17:11:41,75.209984,6.4028625,72.63387,225.44826,849.23834,0.020453136,-702.9267256330568,31.0,N_772
2024-05-10 17:11:42,75.1444,6.402466,72.584915,225.34335,849.23834,0.016592503,-600.9402863150035,31.0,N_772
2024-05-10 17:11:43,75.07879,6.402069,72.53596,225.23843,849.23834,0.017014707,-498.2272984693682,31.0,N_772
2024-05-10 17:11:44,75.01315,6.401657,72.48699,225.14052,849.23834,0.011620384,-428.3273328621244,31.0,N_772
2024-05-10 17:11:45,74.9475,6.401245,72.438034,225.03561,849.23834,0.018547222,-315.687880311305,31.0,N_772
2024-05-10 17:11:46,74.88182,6.400833,72.38908,224.9377,849.23834,0.026465345,-131.26916593417627,31.0,N_772
2024-05-10 17:11:47,74.816124,6.400421,72.33312,224.83278,849.23834,0.014908062,-42.3467174105017,31.0,N_772
2024-05-10 17:11:48,74.7504,6.400009,72.284164,224.73486,849.23834,0.011262278,24.030722123792657,31.0,N_772
2024-05-10 17:11:49,74.684654,6.399582,72.23521,224.63695,849.23834,0.010767697,88.6680195636045,31.0,N_772
2024-05-10 17:11:50,74.61889,6.3991547,72.18625,224.53203,849.23834,0.018712671,215.4829661617414,31.0,N_772
2024-05-10 17:11:51,74.5531,6.3987274,72.130295,224.43411,849.23834,0.018367559,339.40777771596277,31.0,N_772
2024-05-10 17:11:52,74.48729,6.3983,72.07434,224.3362,849.23834,0.016339974,437.9737519217779,31.0,N_772
2024-05-10 17:11:53,74.421455,6.3978577,72.02538,224.23828,849.23834,0.014312389,524.2151057994497,31.0,N_772
2024-05-10 17:11:54,74.3556,6.397415,71.976425,224.14037,849.2401,0.008763968,573.7655779246988,31.0,N_772
2024-05-10 17:11:55,74.28972,6.3969727,71.92747,224.04944,849.23645,0.011736155,645.1985015307291,31.0,N_772
2024-05-10 17:11:56,74.22382,6.39653,71.87851,223.94453,849.2327,0.014708342,744.0190821614196,31.0,N_772
2024-05-10 17:11:57,74.1579,6.3960876,71.822556,223.84662,849.24756,-0.030343266,545.9906147986685,31.0,N_772
2024-05-10 17:11:58,74.09196,6.39563,71.7736,223.75569,849.26605,0.057222694,947.9180417357375,31.0,N_772
2024-05-10 17:11:59,74.025986,6.395172,71.71764,223.65778,849.2439,0.005367928,975.5418301157797,31.0,N_772
2024-05-10 17:12:00,73.96,6.3947144,71.668686,223.56685,849.1476,0.005837174,1006.8791566358668,31.0,N_772
2024-05-10 17:12:01,73.89276,6.3939514,71.61973,223.47592,849.0494,0.020457286,1147.2335089591415,31.0,N_772
2024-05-10 17:12:02,73.82554,6.3932037,71.563774,223.378,849.0235,0.0350774,1387.2671212368905,31.0,N_772
2024-05-10 17:12:03,73.75834,6.392456,71.50782,223.28708,849.042,0.020765627,1512.7602211094136,31.0,N_772
2024-05-10 17:12:04,73.691154,6.3917084,71.45886,223.19615,849.0494,0.020317635,1638.7665021659104,31.0,N_772
2024-05-10 17:12:05,73.62399,6.390976,71.409904,223.09824,849.0438,0.0035940714,1658.339263183243,31.0,N_772
2024-05-10 17:12:06,73.55685,6.390259,71.35395,223.00732,849.042,0.023649776,1818.578776250105,31.0,N_772
2024-05-10 17:12:07,73.48972,6.3895416,71.298,222.9164,849.0438,-0.0010620158,1805.5719092469535,31.0,N_772
2024-05-10 17:12:08,73.42262,6.3888245,71.24904,222.82547,849.0438,0.017340638,1896.5458324824158,31.0,N_772
2024-05-10 17:12:09,73.35554,6.3881226,71.20707,222.74155,849.0438,0.0147738885,1995.8078737897486,31.0,N_772
2024-05-10 17:12:10,73.288475,6.3874207,71.15112,222.65062,849.0438,0.012207138,2075.682242915944,31.0,N_772
2024-05-10 17:12:11,73.22143,6.3867188,71.09517,222.5597,849.0438,0.009640388,2129.701840317007,31.0,N_772
2024-05-10 17:12:12,73.154396,6.3860474,71.04621,222.47577,849.0438,0.007073639,2169.3319095547304,31.0,N_772
2024-05-10 17:12:13,73.087395,6.3853607,70.997246,222.38484,849.0438,0.0045068893,2191.9182572470027,31.0,N_772
2024-05-10 17:12:14,73.0204,6.3846893,70.94829,222.30092,849.0438,-0.0036010658,2160.923335772696,31.0,N_772
2024-05-10 17:12:15,72.95344,6.384018,70.892334,222.20999,849.0438,-0.011709021,2073.1948337162166,31.0,N_772
2024-05-10 17:12:16,72.88649,6.383362,70.83639,222.12605,849.0438,-0.019816976,1926.734201165359,31.0,N_772
2024-05-10 17:12:17,72.81956,6.382721,70.78043,222.03514,849.0438,-0.029937353,1732.588870782195,31.0,N_772
2024-05-10 17:12:18,72.75265,6.382065,70.731476,221.9512,849.0438,0.033990536,1940.5227106438351,31.0,N_772
2024-05-10 17:12:19,72.68576,6.381424,70.68251,221.86728,849.0438,0.022329431,2078.2334248030456,31.0,N_772
2024-05-10 17:12:20,72.61889,6.3807983,70.63355,221.77635,849.0438,0.010668324,2147.0310514360162,31.0,N_772
2024-05-10 17:12:21,72.55204,6.3801727,70.5776,221.69243,849.0457,0.048226148,2477.45716012257,31.0,N_772
2024-05-10 17:12:22,72.48521,6.3795624,70.52165,221.60849,849.0438,-0.0036148485,2448.5306102081886,31.0,N_772
2024-05-10 17:12:23,72.418396,6.378952,70.47269,221.52457,849.0401,-0.009566708,2382.733381382417,31.0,N_772
2024-05-10 17:12:24,72.3516,6.3783417,70.42373,221.44064,849.0438,-0.0042983564,2347.1526173220873,31.0,N_772
2024-05-10 17:12:25,72.28483,6.3777466,70.36778,221.3567,849.0568,-0.014915865,2236.6573472478576,31.0,N_772
2024-05-10 17:12:26,72.21807,6.3771515,70.31183,221.27278,849.04755,0.0027150218,2247.2770045795787,31.0,N_772
2024-05-10 17:12:27,72.15134,6.3765717,70.26287,221.19585,848.9772,-0.0075690495,2188.8354602565078,31.0,N_772
2024-05-10 17:12:28,72.08462,6.375992,70.20692,221.11191,848.8864,-0.009038244,2120.3966650323164,31.0,N_772
2024-05-10 17:12:29,72.01793,6.3754272,70.15096,221.03497,848.8364,-0.0026349283,2095.8487809472126,31.0,N_772
2024-05-10 17:12:30,71.95125,6.3748627,70.09501,220.95105,848.84015,-0.018700883,1971.3384943470492,31.0,N_772
2024-05-10 17:12:31,71.88459,6.374298,70.04605,220.86713,848.8531,-0.015854841,1867.4822317876988,31.0,N_772
2024-05-10 17:12:32,71.817955,6.373749,69.99709,220.79019,848.85126,-0.0130087985,1779.614857965039,31.0,N_772
2024-05-10 17:12:33,71.751335,6.3732147,69.948135,220.70625,848.8475,-0.010162756,1703.90632644592,31.0,N_772
2024-05-10 17:12:34,71.68474,6.3726807,69.89218,220.62932,848.84937,-0.016314195,1585.1257788449202,31.0,N_772
2024-05-10 17:12:35,71.61816,6.3721466,69.83623,220.55238,848.84937,-0.0077780583,1529.6698933849884,31.0,N_772
2024-05-10 17:12:36,71.5516,6.371628,69.78727,220.46846,848.84937,0.00019535067,1525.3477842669126,31.0,N_772
2024-05-10 17:12:37,71.48506,6.371109,69.73831,220.39153,848.84937,0.0039872252,1547.48283819467,31.0,N_772
2024-05-10 17:12:38,71.41854,6.3706055,69.68236,220.31459,848.84937,0.009244654,1598.953512491782,31.0,N_772
2024-05-10 17:12:39,71.352036,6.370102,69.6334,220.23766,848.84937,0.011188228,1670.970394127833,31.0,N_772
2024-05-10 17:12:40,71.28555,6.3695984,69.577446,220.16072,848.84937,0.008128678,1721.196119635758,31.0,N_772
2024-05-10 17:12:41,71.21909,6.36911,69.52149,220.08379,848.84937,-0.01211022,1631.183814845931,31.0,N_772
2024-05-10 17:12:42,71.15265,6.368622,69.46554,220.00684,848.84937,0.0036235645,1650.2268370277134,31.0,N_772
2024-05-10 17:12:43,71.08623,6.368149,69.409584,219.9299,848.84937,0.0023142006,1658.594465962451,31.0,N_772
2024-05-10 17:12:44,71.01982,6.367691,69.36063,219.85297,848.85126,0.0066256975,1694.5395568568165,31.0,N_772
2024-05-10 17:12:45,70.95344,6.367218,69.31167,219.77603,848.84937,0.0064550787,1733.9117681129592,31.0,N_772
2024-05-10 17:12:46,70.88707,6.3667755,69.255714,219.6991,848.8438,0.010314222,1798.2694223738945,31.0,N_772
2024-05-10 17:12:47,70.820724,6.3663177,69.19976,219.62917,848.842,0.010898159,1868.0186775466918,31.0,N_772
2024-05-10 17:12:48,70.7544,6.3658752,69.14381,219.55223,848.85864,0.01658755,1965.803262217154,31.0,N_772
2024-05-10 17:12:49,70.688095,6.365448,69.09485,219.4753,848.86975,0.016407253,2060.9887074843227,31.0,N_772
2024-05-10 17:12:50,70.6218,6.3650208,69.04589,219.40535,848.8142,0.012097997,2139.8265959083856,31.0,N_772
2024-05-10 17:12:51,70.555534,6.3645935,68.98994,219.32841,848.70496,0.009354977,2197.763414584121,31.0,N_772
2024-05-10 17:12:52,70.48929,6.3641815,68.93398,219.25847,848.63635,0.008607376,2250.6968860597844,31.0,N_772
2024-05-10 17:12:53,70.42306,6.3637695,68.87803,219.18854,848.64197,0.010670623,2311.7155442594167,31.0,N_772
2024-05-10 17:12:54,70.35685,6.363373,68.82907,219.1116,848.6586,0.0072748847,2351.0020131180436,31.0,N_772
2024-05-10 17:12:55,70.29066,6.362976,68.78011,219.04166,848.6586,0.003648779,2371.100537346113,31.0,N_772
2024-05-10 17:12:56,70.22449,6.3625946,68.72416,218.96472,848.6531,0.0027700476,2384.012471766281,31.0,N_772
2024-05-10 17:12:57,70.15833,6.362213,68.66821,218.89478,848.6531,0.008683782,2437.5897754731704,31.0,N_772
2024-05-10 17:12:58,70.0922,6.361847,68.61226,218.82484,848.6549,0.0145975165,2531.778406076165,31.0,N_772
2024-05-10 17:12:59,70.02609,6.3614807,68.556305,218.7549,848.6549,0.005817085,2561.6474880552196,31.0,N_772
2024-05-10 17:13:00,69.96,6.3611145,68.50735,218.68495,848.6549,0.0087188175,2611.2697061050512,31.0,N_772
2024-05-10 17:13:01,69.894585,6.360962,68.45839,218.60802,848.6549,0.013145393,2696.143484921353,31.0,N_772
2024-05-10 17:13:02,69.82916,6.360794,68.402435,218.53809,848.6549,0.01337879,2782.1159739117456,31.0,N_772
2024-05-10 17:13:03,69.76373,6.3606415,68.34648,218.46814,848.6549,0.014527415,2874.3391775905557,31.0,N_772
2024-05-10 17:13:04,69.69831,6.360489,68.29053,218.4052,848.6549,0.008411279,2926.305708318392,31.0,N_772
2024-05-10 17:13:05,69.63288,6.3603363,68.23457,218.33525,848.6549,0.005397168,2957.4636539078792,31.0,N_772
2024-05-10 17:13:06,69.56745,6.3601685,68.17862,218.2653,848.6549,0.005005105,2982.4387153733833,31.0,N_772
2024-05-10 17:13:07,69.502014,6.360016,68.12966,218.19537,848.6549,0.0069191223,3024.748139823887,31.0,N_772
2024-05-10 17:13:08,69.43658,6.3598633,68.07371,218.12543,848.6549,0.005985041,3055.032896219209,31.0,N_772
2024-05-10 17:13:09,69.37114,6.3596954,68.02475,218.06248,848.6549,0.0043809214,3079.973114932418,31.0,N_772
2024-05-10 17:13:10,69.305695,6.359543,67.968796,217.99254,848.65674,0.010211055,3144.40775514482,31.0,N_772
2024-05-10 17:13:11,69.24025,6.3593903,67.91284,217.92259,848.6531,0.009079488,3199.967305508736,31.0,N_772
2024-05-10 17:13:12,69.1748,6.3592377,67.856895,217.85965,848.64935,0.008101653,3249.9928712450883,31.0,N_772
2024-05-10 17:13:13,69.109344,6.359085,67.80094,217.7897,848.6623,0.0060049067,3280.4803755957737,31.0,N_772
2024-05-10 17:13:14,69.04389,6.358917,67.75198,217.72676,848.67346,0.0019036678,3286.791122472994,31.0,N_772
2024-05-10 17:13:15,68.97844,6.3587646,67.70302,217.66382,848.6216,0.0037410697,3307.383646926235,31.0,N_772
2024-05-10 17:13:16,68.91298,6.358612,67.64707,217.59387,848.5123,0.0016872773,3312.8599002326073,31.0,N_772
2024-05-10 17:13:17,68.84751,6.3584595,67.59112,217.53093,848.43823,-0.0017047189,3295.175339620555,31.0,N_772
2024-05-10 17:13:18,68.78205,6.358307,67.535164,217.46098,848.4364,-0.0034125308,3266.0031862882242,31.0,N_772
2024-05-10 17:13:19,68.71658,6.3581543,67.47921,217.39804,848.4586,-0.012187814,3185.892857656144,31.0,N_772
2024-05-10 17:13:20,68.65111,6.3580017,67.43025,217.3351,848.466,-0.010239764,3118.2557799826827,31.0,N_772
2024-05-10 17:13:21,68.58564,6.357834,67.381294,217.27214,848.46045,-0.013804702,3017.3687961804226,31.0,N_772
2024-05-10 17:13:22,68.52016,6.3576813,67.32534,217.20221,848.4586,-0.0027664625,2992.563559600516,31.0,N_772
2024-05-10 17:13:23,68.45468,6.3575287,67.26939,217.13925,848.46045,0.00040362333,2989.4207100906115,31.0,N_772
2024-05-10 17:13:24,68.3892,6.357376,67.21343,217.07631,848.46045,-0.006034278,2942.4374391165748,31.0,N_772
2024-05-10 17:13:25,68.323715,6.3572235,67.15748,217.01337,848.46045,-0.024491725,2787.007418558047,31.0,N_772
2024-05-10 17:13:26,68.258224,6.357071,67.10852,216.95041,848.46045,-0.021377666,2636.074484097493,31.0,N_772
2024-05-10 17:13:27,68.19273,6.3569183,67.05257,216.88747,848.46045,-0.0047066226,2601.425874849032,31.0,N_772
2024-05-10 17:13:28,68.12724,6.3567657,67.00361,216.82452,848.46045,0.006714152,2641.963046483608,31.0,N_772
2024-05-10 17:13:29,68.061745,6.356613,66.947655,216.76158,848.46045,-0.007951281,2581.8318223672713,31.0,N_772
2024-05-10 17:13:30,67.99625,6.3564606,66.8917,216.69862,848.46045,-0.004665577,2544.1098962243623,31.0,N_772
2024-05-10 17:13:31,67.93075,6.356308,66.835754,216.63568,848.46045,-0.011087372,2462.5332818647375,31.0,N_772
2024-05-10 17:13:32,67.86524,6.3561554,66.7798,216.57274,848.4586,0.017335817,2572.976477112021,31.0,N_772
2024-05-10 17:13:33,67.799736,6.356003,66.72385,216.51678,848.4567,-0.007321545,2517.1575480933216,31.0,N_772
2024-05-10 17:13:34,67.73423,6.35585,66.66789,216.45383,848.466,0.0072223498,2560.635593717737,31.0,N_772
2024-05-10 17:13:35,67.66872,6.3556976,66.61194,216.39088,848.4752,0.015175256,2645.7760386419795,31.0,N_772
2024-05-10 17:13:36,67.603195,6.355545,66.56298,216.33493,848.4346,0.054059975,3010.346540521924,31.0,N_772
2024-05-10 17:13:37,67.53768,6.3553925,66.50703,216.27199,848.34564,-0.03127915,2816.717999587323,31.0,N_772
2024-05-10 17:13:38,67.47216,6.35524,66.45807,216.21603,848.2697,0.01645375,2924.1716157065875,31.0,N_772
2024-05-10 17:13:39,67.40664,6.3550873,66.402115,216.15309,848.25116,0.016634375,3030.1411263752125,31.0,N_772
2024-05-10 17:13:40,67.34111,6.3549347,66.34616,216.09714,848.2641,0.053289946,3389.349761463931,31.0,N_772
2024-05-10 17:13:41,67.27558,6.354782,66.29021,216.03418,848.2697,0.03925152,3652.377618791462,31.0,N_772
2024-05-10 17:13:42,67.21005,6.3546295,66.23426,215.97124,848.266,0.026060494,3821.890498454147,31.0,N_772
2024-05-10 17:13:43,67.144516,6.354492,66.17831,215.91528,848.2641,0.012869468,3893.5221372612878,31.0,N_772
2024-05-10 17:13:44,67.07898,6.3543396,66.12935,215.85933,848.266,-0.00032155914,3886.206353429231,31.0,N_772
2024-05-10 17:13:45,67.013435,6.354187,66.073395,215.80338,848.266,0.029018005,4079.526005149133,31.0,N_772
2024-05-10 17:13:46,66.94789,6.3540344,66.01744,215.74043,848.266,0.042435963,4359.586746097996,31.0,N_772
2024-05-10 17:13:47,66.88235,6.353882,65.96149,215.68448,848.266,0.025297299,4527.508468661685,31.0,N_772
2024-05-10 17:13:48,66.816795,6.3537292,65.90553,215.62154,848.266,0.014713946,4620.841271147216,31.0,N_772
2024-05-10 17:13:49,66.75124,6.3535767,65.84958,215.56558,848.266,0.010259211,4684.247584674559,31.0,N_772
2024-05-10 17:13:50,66.68569,6.3534393,65.793625,215.50963,848.2641,0.013910899,4772.300254460375,31.0,N_772
2024-05-10 17:13:51,66.62013,6.3532867,65.73768,215.45367,848.266,0.0038683466,4792.624038934473,31.0,N_772
2024-05-10 17:13:52,66.55457,6.353134,65.681725,215.39772,848.266,-0.012236781,4704.240286811891,31.0,N_772
2024-05-10 17:13:53,66.48901,6.3529816,65.62577,215.34177,848.2623,-0.0012188525,4690.072211028123,31.0,N_772
2024-05-10 17:13:54,66.42345,6.352829,65.56982,215.27882,848.26044,0.005041401,4714.663641515686,31.0,N_772
2024-05-10 17:13:55,66.35788,6.3526917,65.52086,215.22287,848.27344,0.0075723333,4759.795520043825,31.0,N_772
2024-05-10 17:13:56,66.29231,6.352539,65.464905,215.1739,848.2938,0.010103266,4815.1826463052785,31.0,N_772
2024-05-10 17:13:57,66.22674,6.3523865,65.41595,215.11795,848.2697,-0.023177968,4653.360750879896,31.0,N_772
2024-05-10 17:13:58,66.16116,6.352234,65.35999,215.06201,848.17523,-0.011562493,4569.3963428394345,31.0,N_772
2024-05-10 17:13:59,66.09558,6.3520966,65.30404,215.00606,848.07526,0.010994644,4637.995429144868,31.0,N_772
2024-05-10 17:14:00,66.03,6.351944,65.248085,214.9501,848.0512,-0.034060847,4401.748130336129,31.0,N_772
2024-05-10 17:14:01,65.96425,6.3518066,65.19213,214.89415,848.0697,-0.02169712,4251.740752689421,31.0,N_772
2024-05-10 17:14:02,65.898506,6.3516693,65.136185,214.84518,848.07526,-0.03706334,3995.1086943587343,31.0,N_772
2024-05-10 17:14:03,65.83276,6.3515167,65.08023,214.78923,848.07153,0.019586679,4108.066606126512,31.0,N_772
2024-05-10 17:14:04,65.76702,6.3513794,65.03127,214.73328,848.0697,0.021903569,4251.325057702882,31.0,N_772
2024-05-10 17:14:05,65.70129,6.351242,64.97532,214.67732,848.0697,-0.014056745,4150.297830619998,31.0,N_772
2024-05-10 17:14:06,65.63555,6.3510895,64.919365,214.62137,848.07153,-0.015348103,4031.0704862075327,31.0,N_772
2024-05-10 17:14:07,65.56982,6.350952,64.856415,214.57242,848.07153,-0.010768684,3951.727752832947,31.0,N_772
2024-05-10 17:14:08,65.50409,6.350815,64.80046,214.51646,848.0697,0.014682215,4045.5481574307805,31.0,N_772
2024-05-10 17:14:09,65.43836,6.3506775,64.744514,214.46051,848.07153,-0.0033516726,4019.88425689625,31.0,N_772
2024-05-10 17:14:10,65.372635,6.350525,64.69555,214.41154,848.0697,-0.006609093,3969.9908784248437,31.0,N_772
2024-05-10 17:14:11,65.306915,6.3503876,64.6396,214.3556,848.0697,-0.01463158,3866.716844437058,31.0,N_772
2024-05-10 17:14:12,65.241196,6.3502502,64.58365,214.30664,848.07153,-0.01318221,3771.5125501963503,31.0,N_772
2024-05-10 17:14:13,65.17548,6.3500977,64.527695,214.25069,848.07153,-0.011732839,3687.523468961288,31.0,N_772
2024-05-10 17:14:14,65.10977,6.3499603,64.47174,214.20174,848.0678,0.03822362,3941.615530577942,31.0,N_772
2024-05-10 17:14:15,65.04406,6.349823,64.41579,214.14578,848.066,0.011962973,4007.017063073101,31.0,N_772
2024-05-10 17:14:16,64.978355,6.3496704,64.36683,214.09682,848.0789,0.0053396774,4037.6124580435326,31.0,N_772
2024-05-10 17:14:17,64.91265,6.349533,64.310875,214.04785,848.0993,-0.0033580535,4011.9580569742748,31.0,N_772
2024-05-10 17:14:18,64.84695,6.3493958,64.26192,213.9989,848.07526,0.0051058754,4041.665616221936,31.0,N_772
2024-05-10 17:14:19,64.78125,6.349243,64.20596,213.94295,847.97894,0.0054731374,4072.462028154984,31.0,N_772
2024-05-10 17:14:20,64.71555,6.349106,64.15001,213.89398,847.8808,0.0060787424,4108.181634993304,31.0,N_772
2024-05-10 17:14:21,64.649864,6.3489685,64.094055,213.83803,847.8567,0.006563188,4146.274385397025,31.0,N_772
2024-05-10 17:14:22,64.584175,6.348816,64.03811,213.78908,847.87524,0.005252001,4175.708312673786,31.0,N_772
2024-05-10 17:14:23,64.518486,6.3486786,63.982155,213.74011,847.8808,0.0046498026,4201.124927539133,31.0,N_772
2024-05-10 17:14:24,64.4528,6.3485413,63.9262,213.69116,847.8771,0.0054038,4232.301027362958,31.0,N_772
2024-05-10 17:14:25,64.387115,6.3483887,63.870247,213.63521,847.87335,0.0032384752,4248.215801960071,31.0,N_772
2024-05-10 17:14:26,64.32144,6.3482513,63.814293,213.58624,847.87524,0.0051674224,4277.1199114408,31.0,N_772
2024-05-10 17:14:27,64.25576,6.348114,63.758343,213.5373,847.8771,0.0043630768,4300.656158046516,31.0,N_772
2024-05-10 17:14:28,64.19009,6.3479614,63.70239,213.48833,847.8771,0.003649586,4319.424406473879,31.0,N_772
2024-05-10 17:14:29,64.12442,6.347824,63.646435,213.43938,847.87524,0.004410415,4340.117950613801,31.0,N_772
2024-05-10 17:14:30,64.05875,6.3476715,63.597477,213.39041,847.87524,-0.003830531,4309.450819570675,31.0,N_772
2024-05-10 17:14:31,63.993084,6.347534,63.541523,213.34145,847.87524,-0.0099829575,4236.941086245935,31.0,N_772
2024-05-10 17:14:32,63.92742,6.347397,63.48557,213.2925,847.87524,-0.000449476,4228.279525845364,31.0,N_772
2024-05-10 17:14:33,63.861763,6.3472443,63.42962,213.24353,847.87524,-0.011296536,4146.9373140412945,31.0,N_772
2024-05-10 17:14:34,63.796104,6.347107,63.373665,213.19458,847.87524,-0.0049199876,4108.312994027135,31.0,N_772
2024-05-10 17:14:35,63.73045,6.3469543,63.31771,213.14561,847.8771,-0.0056532067,4064.769653149071,31.0,N_772
2024-05-10 17:14:36,63.6648,6.346817,63.26176,213.09666,847.8771,-0.0088228835,3999.959145712035,31.0,N_772
2024-05-10 17:14:37,63.59915,6.3466644,63.205807,213.0477,847.8771,-0.010514525,3923.7905418014334,31.0,N_772
2024-05-10 17:14:38,63.533504,6.346527,63.149853,212.99875,847.8715,-0.012206166,3836.252833504849,31.0,N_772
2024-05-10 17:14:39,63.46786,6.34639,63.0939,212.94978,847.87524,0.0031301898,3851.6172196186562,31.0,N_772
2024-05-10 17:14:40,63.40222,6.346237,63.03795,212.90082,847.89374,0.010677577,3916.3416825860304,31.0,N_772
2024-05-10 17:14:41,63.336586,6.3461,62.981995,212.85886,847.8808,0.0058092093,3945.619865183732,31.0,N_772
2024-05-10 17:14:42,63.27095,6.3459473,62.933037,212.8099,847.7882,0.008723388,3998.1253694556463,31.0,N_772
2024-05-10 17:14:43,63.20532,6.34581,62.877083,212.76793,847.68634,0.0020828235,4006.5623468082895,31.0,N_772
2024-05-10 17:14:44,63.13969,6.3456573,62.82113,212.71898,847.6604,-0.0012025058,3992.8486143062364,31.0,N_772
2024-05-10 17:14:45,63.074062,6.34552,62.76518,212.67001,847.6807,-0.00029639393,3985.2610845195086,31.0,N_772
2024-05-10 17:14:46,63.00844,6.3453674,62.709225,212.62805,847.6882,0.00095811975,3986.1521397388424,31.0,N_772
2024-05-10 17:14:47,62.942818,6.34523,62.65327,212.5791,847.6845,-0.0013783904,3971.2533246095654,31.0,N_772
2024-05-10 17:14:48,62.8772,6.3450775,62.597317,212.53014,847.6807,-0.0004543339,3962.6265103593632,31.0,N_772
2024-05-10 17:14:49,62.811584,6.34494,62.541367,212.48817,847.6807,0.0022940908,3972.5157411472046,31.0,N_772
2024-05-10 17:14:50,62.74597,6.3447876,62.485413,212.43921,847.6807,0.0022993525,3982.363570634886,31.0,N_772
2024-05-10 17:14:51,62.680363,6.3446503,62.42946,212.39026,847.6807,0.00068966043,3981.294019760481,31.0,N_772
2024-05-10 17:14:52,62.614754,6.3444977,62.37351,212.34828,847.6807,0.00016439753,3976.9603687822,31.0,N_772
2024-05-10 17:14:53,62.549152,6.3443604,62.31056,212.30632,847.6807,-0.00016342211,3969.6877406466274,31.0,N_772
2024-05-10 17:14:54,62.48355,6.344208,62.25461,212.25737,847.6807,2.3463741e-05,3964.2269665785434,31.0,N_772
2024-05-10 17:14:55,62.41795,6.3440704,62.198654,212.2084,847.6807,0.0014990321,3968.5163351145857,31.0,N_772
2024-05-10 17:14:56,62.352356,6.343918,62.1427,212.16644,847.6826,0.0035014541,3984.0803221953656,31.0,N_772
2024-05-10 17:14:57,62.286762,6.3437805,62.093742,212.11748,847.6826,0.0038673545,4004.6659775438684,31.0,N_772
2024-05-10 17:14:58,62.221172,6.343628,62.03779,212.07552,847.6807,0.0018989632,4011.689844490318,31.0,N_772
2024-05-10 17:14:59,62.155586,6.3434906,61.98184,212.03355,847.67706,-0.00256068,3987.327691386883,31.0,N_772
2024-05-10 17:15:00,62.09,6.343338,61.918888,211.9916,847.6807,0.0003159907,3983.298719952274,31.0,N_772
2024-05-10 17:15:01,62.02376,6.3431244,61.862938,211.94263,847.69934,0.00069294195,3982.3670449131487,31.0,N_772
2024-05-10 17:15:02,61.95755,6.342911,61.806984,211.89368,847.68634,0.0008924047,3982.015995218844,31.0,N_772
2024-05-10 17:15:03,61.89136,6.342697,61.758026,211.8517,847.59375,-4.656613e-10,3977.121499299379,31.0,N_772
2024-05-10 17:15:04,61.8252,6.342499,61.702072,211.80974,847.4919,-0.0007122536,3966.3560851261327,31.0,N_772
2024-05-10 17:15:05,61.759064,6.342285,61.639126,211.76778,847.4585,-0.0008718951,3954.4300684849777,31.0,N_772
2024-05-10 17:15:06,61.69295,6.342087,61.58317,211.72581,847.4734,-0.00085148984,3943.2698055021156,31.0,N_772
2024-05-10 17:15:07,61.62686,6.3418884,61.527218,211.68385,847.4919,0.00042085839,3940.538704614404,31.0,N_772
2024-05-10 17:15:08,61.5608,6.34169,61.471268,211.64188,847.49,-0.0017086652,3924.6846026924113,31.0,N_772
2024-05-10 17:15:09,61.494762,6.3414917,61.422306,211.59293,847.4863,-0.0025985683,3902.4988831462088,31.0,N_772
2024-05-10 17:15:10,61.42875,6.3412933,61.366356,211.55096,847.4863,-0.0031018981,3876.4242197783624,31.0,N_772
2024-05-10 17:15:11,61.362762,6.34111,61.310402,211.509,847.4863,-0.0022007287,3856.320554548346,31.0,N_772
2024-05-10 17:15:12,61.2968,6.340912,61.254448,211.46703,847.4863,-0.0011085166,3843.4584508313847,31.0,N_772
2024-05-10 17:15:13,61.23086,6.3407288,61.198494,211.42506,847.4863,-0.0023402548,3822.42831992885,31.0,N_772
2024-05-10 17:15:14,61.16495,6.3405457,61.142544,211.3831,847.4863,-0.0030580887,3796.2119035510877,31.0,N_772
2024-05-10 17:15:15,61.099064,6.3403625,61.08659,211.33414,847.4863,-0.0015991307,3780.015973252658,31.0,N_772
2024-05-10 17:15:16,61.0332,6.3401794,61.030636,211.29218,847.4863,-0.0006759402,3770.0255911162913,31.0,N_772
2024-05-10 17:15:17,60.96736,6.3399963,60.974686,211.25021,847.4863,-0.000836362,3759.0716261589205,31.0,N_772
2024-05-10 17:15:18,60.90155,6.3398285,60.91873,211.21524,847.48816,-0.0047553554,3722.0784410036104,31.0,N_772
2024-05-10 17:15:19,60.835762,6.3396454,60.862778,211.17328,847.4863,-0.0029562335,3698.6303223440545,31.0,N_772
2024-05-10 17:15:20,60.77,6.3394775,60.81382,211.12431,847.4826,-0.0023833138,3677.85291578997,31.0,N_772
2024-05-10 17:15:21,60.70426,6.3393097,60.757866,211.08235,847.4863,-0.0018527968,3658.6839644645543,31.0,N_772
2024-05-10 17:15:22,60.63855,6.339142,60.69492,211.04039,847.5048,-0.00022308691,3650.914406577521,31.0,N_772
2024-05-10 17:15:23,60.57286,6.338974,60.631973,210.99843,847.49,-0.0007571635,3639.7614689313186,31.0,N_772
2024-05-10 17:15:24,60.5072,6.338806,60.57602,210.95647,847.39923,-0.0021583473,3621.7872318991904,31.0,N_772
2024-05-10 17:15:25,60.441563,6.3386536,60.52706,210.9215,847.2974,-0.0035473974,3590.8091958986797,31.0,N_772
2024-05-10 17:15:26,60.37595,6.3384857,60.464115,210.87953,847.26404,-0.003181569,3563.5362608500673,31.0,N_772
2024-05-10 17:15:27,60.310364,6.338333,60.40816,210.83755,847.2789,-0.002632225,3540.8699437185023,31.0,N_772
2024-05-10 17:15:28,60.2448,6.3381805,60.352207,210.8026,847.2974,-0.00190398,3522.7966449834285,31.0,N_772
2024-05-10 17:15:29,60.179264,6.338028,60.296253,210.76062,847.29553,-0.0032993904,3495.3613760438893,31.0,N_772
2024-05-10 17:15:30,60.11375,6.3378754,60.240303,210.71866,847.29,-0.004865839,3461.0199267236585,31.0,N_772
2024-05-10 17:15:31,60.048264,6.337738,60.19134,210.6767,847.2919,-0.0051770164,3421.7093213154876,31.0,N_772
2024-05-10 17:15:32,59.9828,6.3375854,60.13539,210.63474,847.2919,-0.0047903196,3384.9439939879912,31.0,N_772
2024-05-10 17:15:33,59.917362,6.337448,60.079437,210.59976,847.2919,-0.004254355,3351.215899919024,31.0,N_772
2024-05-10 17:15:34,59.85195,6.337311,60.023483,210.5578,847.2919,-0.0042586736,3317.9197719558924,31.0,N_772
2024-05-10 17:15:35,59.786564,6.3371735,59.967533,210.52283,847.2919,-0.0049398853,3279.6172071105084,31.0,N_772
2024-05-10 17:15:36,59.7212,6.337036,59.91158,210.48087,847.2919,-0.0047207335,3242.690619505208,31.0,N_772
2024-05-10 17:15:37,59.65586,6.336899,59.855625,210.43889,847.2919,-0.0041598678,3209.498430379539,31.0,N_772
2024-05-10 17:15:38,59.59055,6.3367615,59.79967,210.39693,847.2919,-0.003965041,3174.691100258472,31.0,N_772
2024-05-10 17:15:39,59.52526,6.3366394,59.736725,210.35497,847.2919,-0.0037565597,3144.040815195446,31.0,N_772
2024-05-10 17:15:40,59.46,6.3365173,59.680775,210.31999,847.2919,-0.0035714975,3114.8377046393425,31.0,N_772
2024-05-10 17:15:41,59.394764,6.33638,59.62482,210.27803,847.2937,-0.0039149965,3083.7714244960625,31.0,N_772
2024-05-10 17:15:42,59.32955,6.336258,59.568867,210.24306,847.2919,-0.0040803407,3051.16715040457,31.0,N_772
2024-05-10 17:15:43,59.264362,6.336136,59.512913,210.2011,847.2863,-0.004597826,3015.6319773213345,31.0,N_772
2024-05-10 17:15:44,59.1992,6.336029,59.456963,210.16612,847.29,-0.00509071,2976.277388058861,31.0,N_772
2024-05-10 17:15:45,59.134064,6.335907,59.40101,210.12416,847.31226,-0.0047069932,2940.020865723295,31.0,N_772
2024-05-10 17:15:46,59.06895,6.3358,59.345055,210.08919,847.31775,-0.004488913,2904.675252784951,31.0,N_772
2024-05-10 17:15:47,59.00386,6.335678,59.289104,210.04723,847.2548,-0.004617212,2869.001483577963,31.0,N_772
2024-05-10 17:15:48,58.9388,6.3355713,59.23315,210.01225,847.14557,-0.004074782,2836.4115001285627,31.0,N_772
2024-05-10 17:15:49,58.873764,6.3354645,59.177197,209.97029,847.08075,-0.00747492,2782.0215832661715,31.0,N_772
2024-05-10 17:15:50,58.80875,6.3353577,59.121243,209.93532,847.08624,-0.0042975275,2747.937255468437,31.0,N_772
2024-05-10 17:15:51,58.743763,6.335266,59.065292,209.89336,847.10114,-0.0041403705,2712.28801979977,31.0,N_772
2024-05-10 17:15:52,58.6788,6.3351593,59.002342,209.85838,847.10114,-0.0037446616,2681.770540449512,31.0,N_772
2024-05-10 17:15:53,58.61386,6.3350677,58.946392,209.82341,847.0956,-0.0033780285,2653.8199164454218,31.0,N_772
2024-05-10 17:15:54,58.54895,6.334961,58.890438,209.78145,847.09735,-0.0033713018,2626.291031718437,31.0,N_772
2024-05-10 17:15:55,58.484062,6.3348694,58.834484,209.74648,847.09735,-0.002607152,2603.8454813101907,31.0,N_772
2024-05-10 17:15:56,58.4192,6.334778,58.778534,209.7115,847.09735,-0.003803038,2573.042856876892,31.0,N_772
2024-05-10 17:15:57,58.354362,6.3347015,58.72258,209.66954,847.09735,-0.002765732,2549.4794760183413,31.0,N_772
2024-05-10 17:15:58,58.28955,6.33461,58.666626,209.63457,847.09735,-0.0024130917,2527.972634469096,31.0,N_772
2024-05-10 17:15:59,58.224762,6.3345184,58.610672,209.5926,847.09735,-0.0021850334,2509.8235089867985,31.0,N_772
2024-05-10 17:16:00,58.16,6.334442,58.561714,209.55763,847.09735,-0.0021788513,2490.8043145873417,31.0,N_772
2024-05-10 17:16:01,58.095425,6.3343964,58.50576,209.52266,847.09735,-0.0025554094,2466.7914437320624,31.0,N_772
2024-05-10 17:16:02,58.030872,6.334366,58.442814,209.4877,847.09735,-0.003720305,2433.1825489449584,31.0,N_772
2024-05-10 17:16:03,57.96634,6.33432,58.379868,209.44572,847.09735,-0.0024511444,2411.0577570325813,31.0,N_772
2024-05-10 17:16:04,57.90182,6.3342896,58.323914,209.41077,847.09735,-0.0017558674,2395.4820149774314,31.0,N_772
2024-05-10 17:16:05,57.837326,6.334244,58.274956,209.3758,847.09735,-0.002291816,2374.0141053126945,31.0,N_772
2024-05-10 17:16:06,57.77285,6.3342133,58.21201,209.34082,847.09924,-0.002432121,2352.0879002036654,31.0,N_772
2024-05-10 17:16:07,57.708393,6.3341675,58.156055,209.30585,847.09924,-0.0025863121,2329.769540727383,31.0,N_772
2024-05-10 17:16:08,57.643955,6.334137,58.1001,209.27087,847.0956,-0.0023936694,2308.378532653993,31.0,N_772
2024-05-10 17:16:09,57.579536,6.3341064,58.04415,209.22891,847.0918,-0.0023758127,2289.1109533001654,31.0,N_772
2024-05-10 17:16:10,57.51514,6.334076,57.99519,209.19394,847.1066,-0.0020136181,2271.17273865259,31.0,N_772
2024-05-10 17:16:11,57.45076,6.3340454,57.93924,209.15897,847.11597,-0.0023394583,2250.4743913464,31.0,N_772
2024-05-10 17:16:12,57.3864,6.334015,57.883286,209.12401,847.0641,-0.0026646554,2225.3149539602928,31.0,N_772
2024-05-10 17:16:13,57.32206,6.3339844,57.82034,209.08203,846.95483,-0.002813466,2198.716450803746,31.0,N_772
2024-05-10 17:16:14,57.25774,6.333954,57.757393,209.04707,846.88257,-0.00227979,2177.788909287284,31.0,N_772
2024-05-10 17:16:15,57.193436,6.3339233,57.70144,209.0121,846.87885,-0.002604329,2155.346864890991,31.0,N_772
2024-05-10 17:16:16,57.129154,6.333893,57.645485,208.97713,846.90106,-0.0029257429,2130.792450836373,31.0,N_772
2024-05-10 17:16:17,57.06489,6.3338776,57.589535,208.94215,846.9085,-0.0027367799,2107.4786012238274,31.0,N_772
2024-05-10 17:16:18,57.00065,6.333847,57.53358,208.90718,846.90295,-0.0028868983,2083.176518822296,31.0,N_772
2024-05-10 17:16:19,56.936428,6.3338165,57.477627,208.87221,846.90106,-0.0032100356,2059.5437355771246,31.0,N_772
2024-05-10 17:16:20,56.872223,6.3338013,57.42867,208.84424,846.90295,-0.0031936457,2033.9148697524752,31.0,N_772
2024-05-10 17:16:21,56.808037,6.3337708,57.372715,208.80927,846.90295,-0.0035132421,2004.9748950238873,31.0,N_772
2024-05-10 17:16:22,56.743874,6.3337555,57.31676,208.7673,846.90295,-0.004005121,1970.2663348628475,31.0,N_772
2024-05-10 17:16:23,56.679726,6.33374,57.253815,208.73233,846.90295,-0.0036568958,1940.2752281820212,31.0,N_772
2024-05-10 17:16:24,56.6156,6.3337097,57.19786,208.69736,846.90295,-0.004145307,1904.6105967735557,31.0,N_772
2024-05-10 17:16:25,56.551495,6.3336945,57.134914,208.66238,846.90295,-0.003627831,1875.259581133042,31.0,N_772
2024-05-10 17:16:26,56.487404,6.333679,57.078964,208.63441,846.90295,-0.0037664678,1845.2333730249557,31.0,N_772
2024-05-10 17:16:27,56.423336,6.333664,57.02301,208.59944,846.90295,-0.0042410586,1812.0063833622671,31.0,N_772
2024-05-10 17:16:28,56.359287,6.3336487,56.967056,208.56447,846.90295,-0.00456061,1780.0110793624162,31.0,N_772
2024-05-10 17:16:29,56.29526,6.3336334,56.9181,208.5295,846.90295,-0.0050757336,1741.9007187372872,31.0,N_772
2024-05-10 17:16:30,56.23125,6.333618,56.862144,208.49454,846.90295,-0.0036888283,1712.3052904876786,31.0,N_772
2024-05-10 17:16:31,56.16726,6.333603,56.80619,208.45956,846.90295,-0.0038517886,1679.2158706194596,31.0,N_772
2024-05-10 17:16:32,56.103287,6.3335876,56.743244,208.43158,846.9048,-0.005906158,1630.0890311997991,31.0,N_772
2024-05-10 17:16:33,56.039337,6.3335724,56.680298,208.39662,846.90106,-0.005207668,1593.670882862445,31.0,N_772
2024-05-10 17:16:34,55.975407,6.3335724,56.63134,208.36165,846.8974,-0.004179349,1561.4507595758569,31.0,N_772
2024-05-10 17:16:35,55.91149,6.333557,56.575386,208.32668,846.9122,-0.0046630315,1525.4242327056727,31.0,N_772
2024-05-10 17:16:36,55.8476,6.333542,56.519432,208.2917,846.93066,-0.004643989,1486.082124972485,31.0,N_772
2024-05-10 17:16:37,55.783726,6.333542,56.456486,208.25673,846.9066,-0.003938213,1457.6635345268005,31.0,N_772
2024-05-10 17:16:38,55.71987,6.3335266,56.407528,208.22876,846.8122,-0.0044354056,1423.8181123027243,31.0,N_772
2024-05-10 17:16:39,55.656036,6.3335266,56.351574,208.19379,846.71216,-0.005087702,1381.2145554460658,31.0,N_772
2024-05-10 17:16:40,55.59222,6.3335266,56.288628,208.15881,846.6881,-0.004563615,1342.3703537655674,31.0,N_772
2024-05-10 17:16:41,55.528427,6.3335266,56.22568,208.13084,846.7066,-0.0035374204,1313.2132599302968,31.0,N_772
2024-05-10 17:16:42,55.46465,6.3335114,56.169727,208.09587,846.714,-0.0020084819,1296.1524923685192,31.0,N_772
2024-05-10 17:16:43,55.400894,6.3335114,56.12077,208.0609,846.7085,-0.0013235025,1282.7604990044983,31.0,N_772
2024-05-10 17:16:44,55.337154,6.3335114,56.064816,208.02592,846.7066,-0.0019741787,1263.232371855438,31.0,N_772
2024-05-10 17:16:45,55.273438,6.3335114,56.00187,207.99796,846.7066,-0.0014537926,1247.8267729511554,31.0,N_772
2024-05-10 17:16:46,55.20974,6.3335114,55.945915,207.96298,846.7085,-0.0017716684,1230.8642693139645,31.0,N_772
2024-05-10 17:16:47,55.14606,6.3335114,55.889965,207.92801,846.7085,-0.0034215043,1206.0093518200265,31.0,N_772
2024-05-10 17:16:48,55.0824,6.3335114,55.841003,207.90004,846.7085,-0.003751587,1176.6547571781302,31.0,N_772
2024-05-10 17:16:49,55.01876,6.3335266,55.785053,207.86507,846.7085,-0.003054411,1151.2185000210375,31.0,N_772
2024-05-10 17:16:50,54.95514,6.3335266,55.7291,207.8301,846.7085,-0.0010356808,1138.354015431576,31.0,N_772
2024-05-10 17:16:51,54.891537,6.3335266,55.666153,207.79512,846.7085,-0.0011844384,1123.927544183709,31.0,N_772
2024-05-10 17:16:52,54.827957,6.333542,55.603203,207.76715,846.7085,-0.00199809,1106.6861551172697,31.0,N_772
2024-05-10 17:16:53,54.764393,6.333542,55.554245,207.73917,846.7085,-0.0026579748,1084.5502446234404,31.0,N_772
2024-05-10 17:16:54,54.70085,6.333557,55.498295,207.7042,846.7085,-0.0011594631,1071.6369309205293,31.0,N_772
2024-05-10 17:16:55,54.637325,6.333557,55.44234,207.66922,846.7085,-0.00047974073,1062.9228029649948,31.0,N_772
2024-05-10 17:16:56,54.573822,6.3335724,55.379395,207.64125,846.7085,0.00036939897,1059.3137483432183,31.0,N_772
2024-05-10 17:16:57,54.510338,6.3335876,55.330433,207.60628,846.7085,0.00020362882,1056.001668943618,31.0,N_772
2024-05-10 17:16:58,54.446873,6.3335876,55.274483,207.57831,846.7085,-0.00011289184,1050.0031722395634,31.0,N_772
2024-05-10 17:16:59,54.383427,6.333603,55.211533,207.54333,846.7085,-0.0007553388,1038.6925180016005,31.0,N_772
2024-05-10 17:17:00,54.32,6.333618,55.148586,207.51535,846.7085,-0.0010686195,1026.6241950031672,31.0,N_772
2024-05-10 17:17:01,54.25659,6.3336487,55.09963,207.4804,846.7048,-0.000724488,1017.305337815289,31.0,N_772
2024-05-10 17:17:02,54.193207,6.3336945,55.043674,207.45241,846.7066,-0.0005441379,1008.1414406073072,31.0,N_772
2024-05-10 17:17:03,54.129837,6.333725,54.98073,207.41743,846.72144,0.00097276916,1009.4604102519879,31.0,N_772
2024-05-10 17:17:04,54.06649,6.3337708,54.91778,207.38246,846.7103,0.0014571807,1013.0715312858047,31.0,N_772
2024-05-10 17:17:05,54.00316,6.3338013,54.861828,207.35449,846.6418,0.0006342022,1012.0296375495727,31.0,N_772
2024-05-10 17:17:06,53.93985,6.333847,54.805874,207.3265,846.5511,0.00030895803,1008.9235833430794,31.0,N_772
2024-05-10 17:17:07,53.87656,6.3338776,54.749924,207.29155,846.50104,-0.0004726182,1000.6383542245621,31.0,N_772
2024-05-10 17:17:08,53.81329,6.3339233,54.69397,207.26357,846.50476,-0.0006087261,991.542010792331,31.0,N_772
2024-05-10 17:17:09,53.75004,6.333954,54.638016,207.2356,846.5177,-0.00042705605,983.875984348022,31.0,N_772
2024-05-10 17:17:10,53.686806,6.3339996,54.589058,207.20062,846.51587,-0.0005777109,975.088124436028,31.0,N_772
2024-05-10 17:17:11,53.623592,6.33403,54.52611,207.17264,846.5122,-0.00088831637,963.5750603427878,31.0,N_772
2024-05-10 17:17:12,53.5604,6.334076,54.470158,207.14467,846.5122,-0.0008963172,951.8325846043808,31.0,N_772
2024-05-10 17:17:13,53.497227,6.3341064,54.40721,207.1097,846.514,-0.0005265186,942.6008250936666,31.0,N_772
2024-05-10 17:17:14,53.43407,6.334152,54.351257,207.08173,846.514,-0.0006618671,933.661549084618,31.0,N_772
2024-05-10 17:17:15,53.370937,6.334198,54.3023,207.05374,846.514,0.00014147314,930.1768946269749,31.0,N_772
2024-05-10 17:17:16,53.307823,6.3342285,54.239353,207.01877,846.514,0.0011127258,931.5911875093425,31.0,N_772
2024-05-10 17:17:17,53.244724,6.3342743,54.1834,206.9908,846.514,0.0011261827,933.7722909931072,31.0,N_772
2024-05-10 17:17:18,53.18165,6.334305,54.127445,206.96281,846.514,0.0008138885,933.45479318449,31.0,N_772
2024-05-10 17:17:19,53.11859,6.3343506,54.078487,206.92786,846.514,-0.00031034017,926.617904130635,31.0,N_772
2024-05-10 17:17:20,53.055553,6.3343964,54.01554,206.89987,846.514,0.00019347228,922.2896981475042,31.0,N_772
2024-05-10 17:17:21,52.99254,6.334427,53.952595,206.8719,846.514,-0.00057626574,912.7368760185564,31.0,N_772
2024-05-10 17:17:22,52.92954,6.3344727,53.89664,206.83693,846.514,-0.0007470825,902.6958234284648,31.0,N_772
2024-05-10 17:17:23,52.866558,6.3345184,53.840687,206.80894,846.514,-0.00040819863,895.2300443565291,31.0,N_772
2024-05-10 17:17:24,52.8036,6.334549,53.79173,206.78098,846.514,-0.000705985,885.5117606050444,31.0,N_772
2024-05-10 17:17:25,52.740658,6.3345947,53.728783,206.746,846.514,-0.0011719426,872.111089078604,31.0,N_772
2024-05-10 17:17:26,52.67774,6.3346405,53.67283,206.71803,846.514,-0.0012920334,857.6363963322128,31.0,N_772
2024-05-10 17:17:27,52.614838,6.334671,53.609882,206.69005,846.514,-0.0017589905,840.4931741133387,31.0,N_772
2024-05-10 17:17:28,52.551956,6.334717,53.55393,206.66208,846.514,-0.0028449576,816.8981623141972,31.0,N_772
2024-05-10 17:17:29,52.489094,6.3347626,53.49798,206.6341,846.5122,-0.0029996585,791.8540987413216,31.0,N_772
2024-05-10 17:17:30,52.42625,6.3348083,53.442024,206.59912,846.514,-0.0018831536,774.4422948612737,31.0,N_772
2024-05-10 17:17:31,52.363426,6.334839,53.38607,206.57115,846.514,-0.0006073804,765.3931957244677,31.0,N_772
2024-05-10 17:17:32,52.30062,6.3348846,53.330116,206.54317,846.5103,0.0003742159,763.0077352993048,31.0,N_772
2024-05-10 17:17:33,52.23784,6.3349304,53.26717,206.5152,846.5084,-9.230792e-05,756.7085150788225,31.0,N_772
2024-05-10 17:17:34,52.17507,6.334976,53.211216,206.48723,846.5214,0.00024271577,753.2289296598738,31.0,N_772
2024-05-10 17:17:35,52.112328,6.3350067,53.155266,206.45226,846.5418,5.9273778e-05,748.4544527167745,31.0,N_772
2024-05-10 17:17:36,52.0496,6.3350525,53.09931,206.42427,846.5177,-0.00020772422,742.0134022047114,31.0,N_772
2024-05-10 17:17:37,51.986893,6.3350983,53.043358,206.3963,846.4233,-0.00083349086,731.504251275057,31.0,N_772
2024-05-10 17:17:38,51.924206,6.335144,52.987408,206.36832,846.32324,-0.0014578784,716.9349719249658,31.0,N_772
2024-05-10 17:17:39,51.861538,6.33519,52.931454,206.34035,846.2992,-0.0019188361,699.3671205371538,31.0,N_772
2024-05-10 17:17:40,51.79889,6.3352203,52.8755,206.31236,846.3177,-0.0019032296,681.6133991817569,31.0,N_772
2024-05-10 17:17:41,51.73626,6.335266,52.819546,206.2774,846.32324,-0.0012504609,667.5286542659414,31.0,N_772
2024-05-10 17:17:42,51.67365,6.335312,52.7566,206.25641,846.3196,-0.0004642515,658.8971087841983,31.0,N_772
2024-05-10 17:17:43,51.61106,6.3353577,52.70065,206.22844,846.3177,-0.0014017423,644.6991849059705,31.0,N_772
2024-05-10 17:17:44,51.54849,6.3354034,52.644695,206.20047,846.3196,-0.001995633,626.6358048278016,31.0,N_772
2024-05-10 17:17:45,51.485935,6.335449,52.58874,206.17249,846.3196,-0.0027731615,603.5121398727224,31.0,N_772
2024-05-10 17:17:46,51.423405,6.335495,52.532787,206.14452,846.3196,-0.002754259,580.5122985158214,31.0,N_772
2024-05-10 17:17:47,51.360893,6.3355255,52.476837,206.11653,846.3196,-0.0019463731,561.3165513608583,31.0,N_772
2024-05-10 17:17:48,51.2984,6.3355713,52.413887,206.08856,846.3196,0.00012868388,556.4906115960821,31.0,N_772
2024-05-10 17:17:49,51.235928,6.335617,52.357937,206.06058,846.3196,-5.5837852e-05,551.0564427219197,31.0,N_772
2024-05-10 17:17:50,51.173473,6.335663,52.301983,206.0256,846.3196,-0.00019766742,544.642078270861,31.0,N_772
2024-05-10 17:17:51,51.11104,6.3357086,52.24603,205.99763,846.3196,-0.00018394797,538.2486579540127,31.0,N_772
2024-05-10 17:17:52,51.048622,6.3357544,52.183083,205.96965,846.3196,-0.0003263783,530.2245983110515,31.0,N_772
2024-05-10 17:17:53,50.986225,6.3358,52.120136,205.94168,846.3196,-0.0015289125,514.6122244384715,31.0,N_772
2024-05-10 17:17:54,50.92385,6.335846,52.064182,205.91371,846.3196,-0.0016713166,498.67082272571497,31.0,N_772
2024-05-10 17:17:55,50.861492,6.3358917,52.00823,205.88573,846.3196,-0.00071256375,488.9788976991804,31.0,N_772
2024-05-10 17:17:56,50.799156,6.3359375,51.95228,205.85776,846.3196,-0.0024261158,468.1205590533409,31.0,N_772
2024-05-10 17:17:57,50.736835,6.3359833,51.896324,205.82977,846.3196,-0.002564577,448.25634693105894,31.0,N_772
2024-05-10 17:17:58,50.674538,6.336029,51.847366,205.8018,846.3196,-0.002550318,427.18658156813217,31.0,N_772
2024-05-10 17:17:59,50.61226,6.336075,51.791412,205.77382,846.3196,-0.0025477873,403.63424053529707,31.0,N_772
2024-05-10 17:18:00,50.55,6.3361206,51.728466,205.74585,846.3196,-0.0020452638,384.66450336646994,31.0,N_772
2024-05-10 17:18:01,50.487595,6.3361664,51.672512,205.71786,846.3196,-0.0018736777,366.2255524342254,31.0,N_772
2024-05-10 17:18:02,50.425217,6.336197,51.609566,205.69688,846.3177,-0.0017008253,350.8271691244554,31.0,N_772
2024-05-10 17:18:03,50.36286,6.3362427,51.560608,205.66891,846.3196,-0.0012194981,338.4384015834603,31.0,N_772
2024-05-10 17:18:04,50.300533,6.3362885,51.504654,205.64093,846.3196,-0.0010465462,326.5831159187128,31.0,N_772
2024-05-10 17:18:05,50.238228,6.336334,51.4487,205.61296,846.32135,-0.0014993814,310.6561061837492,31.0,N_772
2024-05-10 17:18:06,50.17595,6.33638,51.385754,205.58498,846.31586,-0.0013275092,295.3851724584747,31.0,N_772
2024-05-10 17:18:07,50.113693,6.336426,51.322807,205.557,846.314,-0.0005343716,286.2814466426298,31.0,N_772
2024-05-10 17:18:08,50.051464,6.3364563,51.266853,205.52902,846.32697,-0.000518045,277.88105164092667,31.0,N_772
2024-05-10 17:18:09,49.98926,6.336502,51.2109,205.50105,846.3381,-0.0005311224,269.4663047715494,31.0,N_772
2024-05-10 17:18:10,49.927082,6.336548,51.15495,205.48007,846.28436,-5.2421034e-05,264.1352124793757,31.0,N_772
2024-05-10 17:18:11,49.86493,6.3365936,51.092003,205.45209,846.1733,-0.0005022263,255.24990701977003,31.0,N_772
2024-05-10 17:18:12,49.8028,6.3366394,51.03605,205.42412,846.10657,-0.00062737556,246.2254190569638,31.0,N_772
2024-05-10 17:18:13,49.740696,6.336685,50.980095,205.40314,846.1121,-0.0012316178,233.24075035779788,31.0,N_772
2024-05-10 17:18:14,49.678616,6.336731,50.92414,205.37515,846.1306,-0.0013582732,219.36617956882765,31.0,N_772
2024-05-10 17:18:15,49.61656,6.3367767,50.86819,205.34718,846.1306,-0.0019602347,201.5615399649305,31.0,N_772
2024-05-10 17:18:16,49.55453,6.3368225,50.812237,205.3192,846.12506,-0.0025582148,179.8529301131075,31.0,N_772
2024-05-10 17:18:17,49.492527,6.3368683,50.756283,205.29123,846.1232,-0.003311006,153.2287061002171,31.0,N_772
2024-05-10 17:18:18,49.43055,6.336914,50.700333,205.26324,846.1232,-0.0031009917,128.38628872252048,31.0,N_772
2024-05-10 17:18:19,49.368595,6.33696,50.64438,205.24226,846.12506,-0.0014105951,113.18964469143975,31.0,N_772
2024-05-10 17:18:20,49.306667,6.337021,50.581432,205.2143,846.12506,-0.00034530353,105.34876323759454,31.0,N_772
2024-05-10 17:18:21,49.244762,6.3370667,50.52548,205.18631,846.1232,0.00028123445,102.19536645885819,31.0,N_772
2024-05-10 17:18:22,49.18288,6.3371124,50.469524,205.15834,846.1232,0.0012131244,105.13435558743367,31.0,N_772
2024-05-10 17:18:23,49.12103,6.337158,50.41357,205.13036,846.12506,0.00058815605,104.4296991068004,31.0,N_772
2024-05-10 17:18:24,49.0592,6.337204,50.350624,205.10239,846.1232,-0.00089936296,93.0979594609289,31.0,N_772
2024-05-10 17:18:25,48.997395,6.3372498,50.294674,205.0814,846.1232,-0.0025367201,70.01492137564674,31.0,N_772
2024-05-10 17:18:26,48.935616,6.337311,50.231724,205.06042,846.1232,-0.002354008,50.85273158528071,31.0,N_772
2024-05-10 17:18:27,48.873863,6.3373566,50.182766,205.03244,846.1232,-0.001731597,35.144885437845005,31.0,N_772
2024-05-10 17:18:28,48.812134,6.3374023,50.126812,205.00447,846.1232,-0.00082879397,24.750948617958784,31.0,N_772
2024-05-10 17:18:29,48.750427,6.3374634,50.07086,204.97649,846.1232,-0.00020720347,18.294487267601653,31.0,N_772
2024-05-10 17:18:30,48.688747,6.337509,50.007915,204.9555,846.1232,0.0008572899,18.405280711886007,31.0,N_772
2024-05-10 17:18:31,48.627094,6.337555,49.95196,204.92754,846.1232,0.0014764324,23.0944911530878,31.0,N_772
2024-05-10 17:18:32,48.565464,6.337616,49.896008,204.89955,846.1232,0.00027689213,19.93988123942472,31.0,N_772
2024-05-10 17:18:33,48.50386,6.3376617,49.840054,204.87158,846.1232,-0.0007706521,10.040822596109138,31.0,N_772
2024-05-10 17:18:34,48.442284,6.3377075,49.784103,204.8506,846.1232,-0.0014996041,-5.7844842277154385,31.0,N_772
2024-05-10 17:18:35,48.38073,6.3377686,49.721153,204.82262,846.1232,-0.0017723928,-22.684393369057943,31.0,N_772
2024-05-10 17:18:36,48.3192,6.3378143,49.665203,204.80164,846.12506,-0.0009877323,-34.77551348565248,31.0,N_772
2024-05-10 17:18:37,48.257694,6.3378754,49.602257,204.77367,846.12506,-0.00024591206,-41.926528739200876,31.0,N_772
2024-05-10 17:18:38,48.196217,6.337921,49.546303,204.74568,846.1232,0.0006572869,-42.667192173912554,31.0,N_772
2024-05-10 17:18:39,48.13476,6.337982,49.49035,204.7247,846.1232,0.001421927,-38.245633678765444,31.0,N_772
2024-05-10 17:18:40,48.073334,6.338028,49.434395,204.69673,846.12506,0.0008338484,-37.1136622220838,31.0,N_772
2024-05-10 17:18:41,48.01193,6.338089,49.37145,204.66875,846.12506,-5.4289005e-05,-42.99282627314096,31.0,N_772
2024-05-10 17:18:42,47.95055,6.338135,49.315495,204.64777,846.11957,-0.0010915734,-55.01952071349115,31.0,N_772
2024-05-10 17:18:43,47.889194,6.338196,49.259544,204.6198,846.1232,-0.0013774892,-67.75071840215423,31.0,N_772
2024-05-10 17:18:44,47.827866,6.338257,49.210583,204.59882,846.14545,-0.0009003172,-78.49243285694683,31.0,N_772
2024-05-10 17:18:45,47.76656,6.3383026,49.147636,204.57784,846.1492,-0.00030111815,-85.92329066319871,31.0,N_772
2024-05-10 17:18:46,47.70528,6.3383636,49.091686,204.54985,846.0881,0.00030900986,-88.60237989644338,31.0,N_772
2024-05-10 17:18:47,47.644028,6.3384094,49.028736,204.52188,845.9788,0.0010687868,-87.11639019228642,31.0,N_772
2024-05-10 17:18:48,47.582798,6.3384705,48.972786,204.4939,845.9121,0.0009334174,-85.9286938832247,31.0,N_772
2024-05-10 17:18:49,47.521595,6.3385315,48.916832,204.46593,845.91766,-9.787327e-05,-91.48214014095902,31.0,N_772
2024-05-10 17:18:50,47.460415,6.3385925,48.860878,204.44495,845.9343,-0.0012749082,-104.69859949096644,31.0,N_772
2024-05-10 17:18:51,47.39926,6.3386383,48.804928,204.41696,845.9325,-0.0005188009,-112.94610561063746,31.0,N_772
2024-05-10 17:18:52,47.33813,6.3386993,48.748974,204.39598,845.9288,0.00024944285,-115.9830105736437,31.0,N_772
2024-05-10 17:18:53,47.277027,6.3387604,48.686028,204.36801,845.9288,0.0009933042,-115.11361171108001,31.0,N_772
2024-05-10 17:18:54,47.21595,6.3388214,48.630074,204.34702,845.9306,0.001597219,-109.49467113249375,31.0,N_772
2024-05-10 17:18:55,47.154896,6.3388824,48.57412,204.31905,845.9306,0.00028909254,-112.55270782312073,31.0,N_772
2024-05-10 17:18:56,47.093864,6.338928,48.518166,204.29807,845.9288,-0.00029018757,-119.26162600373573,31.0,N_772
2024-05-10 17:18:57,47.03286,6.3389893,48.462215,204.27708,845.9288,-0.00042279888,-126.87999059036338,31.0,N_772
2024-05-10 17:18:58,46.97188,6.3390503,48.40626,204.2491,845.9288,-0.0007187651,-137.03269670754162,31.0,N_772
2024-05-10 17:18:59,46.910927,6.3391113,48.343315,204.22113,845.9288,-0.0007045247,-147.03631119754937,31.0,N_772
2024-05-10 17:19:00,46.85,6.3391724,48.28736,204.20015,845.9288,0.00019090009,-150.65053097635246,31.0,N_772
2024-05-10 17:19:01,46.789177,6.3392334,48.231407,204.17917,845.9288,0.00020265447,-154.18715173296732,31.0,N_772
2024-05-10 17:19:02,46.728374,6.3393097,48.175457,204.15819,845.9288,0.00036382058,-156.36392559700653,31.0,N_772
2024-05-10 17:19:03,46.6676,6.3393707,48.112507,204.1302,845.9288,-4.954994e-05,-162.1938127585072,31.0,N_772
2024-05-10 17:19:04,46.606842,6.339432,48.04956,204.10922,845.9288,-0.00032908382,-169.7635466883039,31.0,N_772
2024-05-10 17:19:05,46.54611,6.339493,47.99361,204.08125,845.9288,-0.0004767829,-177.7107898000486,31.0,N_772
2024-05-10 17:19:06,46.485397,6.339569,47.937656,204.06026,845.9288,-0.0004618303,-185.56735910435964,31.0,N_772
2024-05-10 17:19:07,46.42471,6.33963,47.881702,204.03229,845.9288,-0.00030351125,-192.17052192118354,31.0,N_772
2024-05-10 17:19:08,46.364044,6.339691,47.832745,204.0113,845.9288,0.0002904869,-194.28848889838446,31.0,N_772
2024-05-10 17:19:09,46.3034,6.3397675,47.7698,203.98332,845.9288,0.0003033615,-197.754893866575,31.0,N_772
2024-05-10 17:19:10,46.242775,6.3398285,47.713844,203.95535,845.9288,0.00031735777,-200.35428898869213,31.0,N_772
2024-05-10 17:19:11,46.182175,6.3398895,47.650898,203.93437,845.9288,0.00033015045,-203.6273384198612,31.0,N_772
2024-05-10 17:19:12,46.121597,6.339966,47.594944,203.91339,845.9288,0.00034149268,-206.5026840048631,31.0,N_772
2024-05-10 17:19:13,46.061043,6.340027,47.545986,203.89241,845.9288,7.5049786e-05,-210.2399441123598,31.0,N_772
2024-05-10 17:19:14,46.00051,6.340088,47.490032,203.86443,845.9288,-5.8197067e-05,-215.52470397753677,31.0,N_772
2024-05-10 17:19:15,45.94,6.340164,47.427086,203.84344,845.9288,-4.249619e-05,-221.217548016406,31.0,N_772
2024-05-10 17:19:16,45.87951,6.340225,47.36414,203.81548,845.9288,0.0002459491,-225.0778373566245,31.0,N_772
2024-05-10 17:19:17,45.819042,6.3403015,47.308186,203.7945,845.9288,0.00041531917,-227.2103852713044,31.0,N_772
2024-05-10 17:19:18,45.7586,6.3403625,47.25223,203.7735,845.9288,0.0004264434,-229.20510448639652,31.0,N_772
2024-05-10 17:19:19,45.698177,6.340439,47.19628,203.74553,845.9288,0.00045380116,-231.1453547721594,31.0,N_772
2024-05-10 17:19:20,45.637775,6.3405,47.140327,203.72455,845.9306,0.00045115716,-232.63809409974237,31.0,N_772
2024-05-10 17:19:21,45.577396,6.340561,47.07738,203.69656,845.9306,0.00017612524,-236.93312404162134,31.0,N_772
2024-05-10 17:19:22,45.517044,6.340637,47.021427,203.67558,845.92505,-0.00011336879,-242.44898421050857,31.0,N_772
2024-05-10 17:19:23,45.45671,6.3406982,46.965473,203.6546,845.9288,6.9019385e-05,-246.79115494513644,31.0,N_772
2024-05-10 17:19:24,45.396397,6.3407745,46.909523,203.63362,845.951,0.00052379473,-247.7416418873272,31.0,N_772
2024-05-10 17:19:25,45.33611,6.3408356,46.846573,203.60565,845.9547,0.0009268609,-246.50296009019257,31.0,N_772
2024-05-10 17:19:26,45.27584,6.340912,46.783627,203.58467,845.89355,0.0010815328,-244.9076076843503,31.0,N_772
2024-05-10 17:19:27,45.2156,6.340973,46.727673,203.56367,845.7825,0.00096258,-244.0538724039725,31.0,N_772
2024-05-10 17:19:28,45.155376,6.341049,46.678715,203.5357,845.71765,0.0009577569,-242.15838236414675,31.0,N_772
2024-05-10 17:19:29,45.095177,6.34111,46.62276,203.51472,845.7232,0.00068559195,-242.41877255655527,31.0,N_772
2024-05-10 17:19:30,45.034996,6.3411865,46.56681,203.48674,845.73987,0.00042527576,-244.19280094251008,31.0,N_772
2024-05-10 17:19:31,44.974842,6.341263,46.503864,203.46576,845.738,0.00015327355,-248.4322781351584,31.0,N_772
2024-05-10 17:19:32,44.914707,6.341324,46.440914,203.44478,845.7343,2.3807748e-05,-253.61699623639834,31.0,N_772
2024-05-10 17:19:33,44.8546,6.3414,46.384964,203.4238,845.7324,0.00031853182,-256.2816059966153,31.0,N_772
2024-05-10 17:19:34,44.79451,6.341461,46.32901,203.39583,845.7343,0.0007568004,-255.6641344053587,31.0,N_772
2024-05-10 17:19:35,44.734444,6.3415375,46.266064,203.37485,845.7343,0.0014897131,-251.4178711067816,31.0,N_772
2024-05-10 17:19:36,44.674397,6.3415985,46.21011,203.35385,845.7343,0.0016130965,-245.8036455076617,31.0,N_772
2024-05-10 17:19:37,44.614376,6.341675,46.154156,203.33287,845.7343,0.0014811279,-241.03535616397494,31.0,N_772
2024-05-10 17:19:38,44.554375,6.341751,46.098206,203.31189,845.7343,0.00136327,-236.80644866783405,31.0,N_772
2024-05-10 17:19:39,44.494396,6.341812,46.04225,203.28392,845.7343,0.0006711409,-236.7909380796682,31.0,N_772
2024-05-10 17:19:40,44.43444,6.3418884,45.979305,203.26294,845.7343,0.00040155835,-239.46177232080663,31.0,N_772
2024-05-10 17:19:41,44.374508,6.3419647,45.92335,203.23495,845.7343,0.00043968158,-241.43554021808814,31.0,N_772
2024-05-10 17:19:42,44.314598,6.3420258,45.867397,203.21397,845.7343,0.000730813,-241.47689579528196,31.0,N_772
2024-05-10 17:19:43,44.254707,6.342102,45.811447,203.193,845.7343,0.0008562326,-240.7085656458221,31.0,N_772
2024-05-10 17:19:44,44.194843,6.3421783,45.755493,203.17201,845.7343,0.0011462817,-237.20779684664558,31.0,N_772
2024-05-10 17:19:45,44.135,6.3422394,45.692547,203.15103,845.7343,0.0014369411,-233.26953049495387,31.0,N_772
2024-05-10 17:19:46,44.075176,6.3423157,45.636593,203.13005,845.7343,0.0015721248,-226.7030358409138,31.0,N_772
2024-05-10 17:19:47,44.015377,6.342392,45.573647,203.10907,845.7343,0.0015962732,-222.63856152563494,31.0,N_772
2024-05-10 17:19:48,43.955597,6.3424683,45.524685,203.08109,845.7343,0.0014671864,-217.41642471520754,31.0,N_772
2024-05-10 17:19:49,43.895844,6.3425293,45.468735,203.0601,845.7343,0.00091953634,-215.53120122632208,31.0,N_772
2024-05-10 17:19:50,43.83611,6.3426056,45.40579,203.03912,845.7343,0.00080536166,-215.03224109796793,31.0,N_772
2024-05-10 17:19:51,43.776398,6.342682,45.34284,203.01814,845.7343,0.0008027778,-215.60891972004174,31.0,N_772
2024-05-10 17:19:52,43.71671,6.342758,45.29388,202.99016,845.7343,0.00081134576,-214.5943118662326,31.0,N_772
2024-05-10 17:19:53,43.657043,6.342819,45.237926,202.96918,845.7343,0.0012255667,-211.4234253003924,31.0,N_772
2024-05-10 17:19:54,43.597397,6.3428955,45.181976,202.9482,845.7343,0.0016637966,-204.17402544925608,31.0,N_772
2024-05-10 17:19:55,43.537777,6.342972,45.119026,202.92722,845.7343,0.0016600481,-198.76919200922384,31.0,N_772
2024-05-10 17:19:56,43.478176,6.343048,45.063076,202.90623,845.7343,0.0012684404,-194.17112388251553,31.0,N_772
2024-05-10 17:19:57,43.4186,6.343109,45.00013,202.87827,845.7343,0.0012650974,-191.3566481371363,31.0,N_772
2024-05-10 17:19:58,43.359043,6.3431854,44.944176,202.85727,845.7343,0.00113908,-188.72740281498955,31.0,N_772
2024-05-10 17:19:59,43.299507,6.3432617,44.88822,202.83629,845.7343,0.0011483568,-186.03557137153075,31.0,N_772
2024-05-10 17:20:00,43.239998,6.343338,44.832268,202.8153,845.7343,0.0010202092,-183.396922626378,31.0,N_772
2024-05-10 17:20:01,43.180428,6.3434143,44.76932,202.79433,845.7343,0.0013052748,-180.25529116869075,31.0,N_772
2024-05-10 17:20:02,43.12088,6.3434906,44.71337,202.77335,845.7362,0.0013142584,-176.26982409931043,31.0,N_772
2024-05-10 17:20:03,43.06136,6.343567,44.657417,202.74538,845.7343,0.0013257626,-172.48080975531047,31.0,N_772
2024-05-10 17:20:04,43.001865,6.343628,44.601463,202.7244,845.72876,0.0013346697,-168.57483997765667,31.0,N_772
2024-05-10 17:20:05,42.942394,6.343704,44.54551,202.7034,845.72876,0.0012208138,-165.40013543655004,31.0,N_772
2024-05-10 17:20:06,42.88295,6.3437805,44.48956,202.68242,845.7436,0.0012298252,-161.37031600460796,31.0,N_772
2024-05-10 17:20:07,42.82353,6.343857,44.42661,202.66844,845.7547,0.0013624416,-157.78540481197706,31.0,N_772
2024-05-10 17:20:08,42.76413,6.343933,44.37066,202.64745,845.701,0.0013712137,-153.40399507254915,31.0,N_772
2024-05-10 17:20:09,42.70476,6.3440094,44.314705,202.61948,845.5899,0.0015183752,-148.35668476422507,31.0,N_772
2024-05-10 17:20:10,42.645416,6.3440857,44.25875,202.5985,845.5232,0.0017983445,-140.09310439570072,31.0,N_772
2024-05-10 17:20:11,42.586094,6.344162,44.195805,202.57751,845.52686,0.0016721871,-133.2967227241461,31.0,N_772
2024-05-10 17:20:12,42.5268,6.3442383,44.13286,202.55653,845.5454,0.001817096,-126.82266637775137,31.0,N_772
2024-05-10 17:20:13,42.467525,6.3443146,44.076904,202.53555,845.54724,0.0016899579,-120.60196832127804,31.0,N_772
2024-05-10 17:20:14,42.408283,6.344391,44.02095,202.51457,845.53986,0.0014306207,-116.04900430636917,31.0,N_772
2024-05-10 17:20:15,42.34906,6.344467,43.965,202.49358,845.538,0.0013042354,-111.12723538013597,31.0,N_772
2024-05-10 17:20:16,42.289864,6.3445435,43.902054,202.4656,845.53986,0.001179392,-108.80327714458508,31.0,N_772
2024-05-10 17:20:17,42.230694,6.3446198,43.8461,202.44463,845.53986,0.0010536117,-106.67012501524732,31.0,N_772
2024-05-10 17:20:18,42.171547,6.344696,43.790146,202.42365,845.53986,0.0013312849,-102.74509127729834,31.0,N_772
2024-05-10 17:20:19,42.112427,6.3447723,43.73419,202.40266,845.53986,0.0016107975,-95.98289386342003,31.0,N_772
2024-05-10 17:20:20,42.053333,6.3448486,43.671246,202.38867,845.53986,0.0018882749,-88.96873408960892,31.0,N_772
2024-05-10 17:20:21,41.994263,6.344925,43.615295,202.36769,845.53986,0.0017621825,-81.95580527325728,31.0,N_772
2024-05-10 17:20:22,41.935215,6.345001,43.55934,202.3397,845.53986,0.0015026741,-76.96938813511042,31.0,N_772
2024-05-10 17:20:23,41.876194,6.3450775,43.503387,202.31873,845.53986,0.0015108973,-71.8720646792408,31.0,N_772
2024-05-10 17:20:24,41.8172,6.345154,43.447433,202.29774,845.53986,0.0012548631,-67.4778860581846,31.0,N_772
2024-05-10 17:20:25,41.75823,6.34523,43.384487,202.27676,845.53986,0.0011313353,-65.37988344073347,31.0,N_772
2024-05-10 17:20:26,41.699284,6.3453064,43.328533,202.25578,845.53986,0.00087399525,-64.48953767888815,31.0,N_772
2024-05-10 17:20:27,41.64036,6.3453827,43.272583,202.24179,845.53986,0.00061728084,-64.97951058250328,31.0,N_772
2024-05-10 17:20:28,41.581467,6.3454742,43.21663,202.21382,845.53986,0.0007591379,-64.7680041922431,31.0,N_772
2024-05-10 17:20:29,41.522594,6.3455505,43.160675,202.19284,845.53986,0.0011655851,-61.00229776681044,31.0,N_772
2024-05-10 17:20:30,41.46375,6.345627,43.09773,202.17186,845.53986,0.0011777857,-58.58863348901832,31.0,N_772
2024-05-10 17:20:31,41.404926,6.345703,43.041775,202.15086,845.53986,0.0011862222,-55.56116346277304,31.0,N_772
2024-05-10 17:20:32,41.34613,6.3457794,42.985825,202.12988,845.53986,0.0011946252,-52.475760910900135,31.0,N_772
2024-05-10 17:20:33,41.28736,6.3458557,42.92987,202.1089,845.53986,0.0010711838,-49.37839351412913,31.0,N_772
2024-05-10 17:20:34,41.228615,6.3459473,42.866924,202.08792,845.53986,0.00094921456,-47.712697540389854,31.0,N_772
2024-05-10 17:20:35,41.169895,6.3460236,42.803978,202.06694,845.53986,0.00082753843,-47.54205349843323,31.0,N_772
2024-05-10 17:20:36,41.1112,6.3461,42.748024,202.04596,845.53986,0.0009701433,-46.01737758856143,31.0,N_772
2024-05-10 17:20:37,41.05253,6.346176,42.69207,202.03197,845.53986,0.0011098408,-43.21548251201784,31.0,N_772
2024-05-10 17:20:38,40.99388,6.3462524,42.636116,202.004,845.53986,0.0012491711,-38.87538736580973,31.0,N_772
2024-05-10 17:20:39,40.93526,6.346344,42.57317,201.98302,845.53986,0.0010107546,-37.64143838393102,31.0,N_772
2024-05-10 17:20:40,40.876667,6.3464203,42.51722,201.96902,845.53986,0.00088856777,-36.453378333817454,31.0,N_772
2024-05-10 17:20:41,40.818096,6.3464966,42.461266,201.94804,845.53986,0.00089715107,-35.26089629819944,31.0,N_772
2024-05-10 17:20:42,40.75955,6.346573,42.40531,201.92706,845.53986,0.0008943415,-34.083782833533405,31.0,N_772
2024-05-10 17:20:43,40.701027,6.3466644,42.349358,201.90608,845.53986,0.0011631246,-30.10951896996812,31.0,N_772
2024-05-10 17:20:44,40.642532,6.3467407,42.28641,201.8781,845.5417,0.0013162775,-26.982138523826507,31.0,N_772
2024-05-10 17:20:45,40.58406,6.346817,42.230457,201.8641,845.5417,0.001310319,-22.074653262852735,31.0,N_772
2024-05-10 17:20:46,40.525616,6.3469086,42.16751,201.84312,845.538,0.0013193612,-19.67867715537068,31.0,N_772
2024-05-10 17:20:47,40.467194,6.346985,42.118553,201.82214,845.5343,0.001328622,-15.13163533102852,31.0,N_772
2024-05-10 17:20:48,40.4088,6.347061,42.0626,201.80116,845.54913,0.0010778623,-11.943529742569808,31.0,N_772
2024-05-10 17:20:49,40.35043,6.3471527,41.999653,201.78018,845.56024,0.0009579988,-10.168200760090258,31.0,N_772
2024-05-10 17:20:50,40.292084,6.347229,41.936707,201.7592,845.5065,0.00072337664,-11.162003226521847,31.0,N_772
2024-05-10 17:20:51,40.23376,6.3473053,41.88775,201.73822,845.3973,0.0009884017,-8.930562927913343,31.0,N_772
2024-05-10 17:20:52,40.175465,6.347397,41.831795,201.72423,845.325,0.0012538539,-4.4102914187624265,31.0,N_772
2024-05-10 17:20:53,40.117195,6.347473,41.76885,201.70325,845.3213,0.001407701,0.6183646952886193,31.0,N_772
2024-05-10 17:20:54,40.05895,6.3475494,41.705902,201.68227,845.34357,0.0014025305,4.560215387728022,31.0,N_772
2024-05-10 17:20:55,40.00073,6.347641,41.64995,201.66129,845.35095,0.0011538689,0.0,31.0,N_772
