Synthetic SuperMAG Indices
it year mo dy hr mn sc msc SML SMU SME SMO
0001056 2024 05 10 17 00 20 006    -39.54    112.29    151.82     36.37
0002102 2024 05 10 17 00 40 008    -45.28    108.42    153.70     31.57
0003148 2024 05 10 17 01 00 012    -50.14    105.76    155.89     27.81
0004193 2024 05 10 17 01 20 002    -52.50    103.42    155.92     25.46
0005239 2024 05 10 17 01 40 014    -52.87    102.49    155.37     24.81
0006284 2024 05 10 17 02 00 010    -50.59    104.13    154.71     26.77
0007329 2024 05 10 17 02 20 010    -48.64    104.55    153.19     27.95
0008374 2024 05 10 17 02 40 013    -47.75    104.57    152.31     28.41
0009418 2024 05 10 17 03 00 004    -44.83    107.89    152.72     31.53
0010462 2024 05 10 17 03 20 004    -43.33    110.53    153.85     33.60
0011506 2024 05 10 17 03 40 010    -42.81    112.07    154.88     34.63
0012550 2024 05 10 17 04 00 012    -42.78    112.91    155.69     35.07
0013594 2024 05 10 17 04 20 005    -43.04    113.59    156.62     35.27
0014639 2024 05 10 17 04 40 008    -43.30    114.06    157.37     35.38
0015684 2024 05 10 17 05 00 007    -43.93    114.19    158.12     35.13
0016729 2024 05 10 17 05 20 004    -44.46    114.40    158.86     34.97
0017774 2024 05 10 17 05 40 001    -45.21    114.58    159.79     34.69
0018819 2024 05 10 17 06 00 000    -46.76    114.06    160.82     33.65
0019864 2024 05 10 17 06 20 003    -47.16    114.35    161.51     33.60
0020909 2024 05 10 17 06 40 009    -47.91    114.41    162.32     33.25
0021954 2024 05 10 17 07 00 017    -48.46    114.22    162.68     32.88
0022998 2024 05 10 17 07 20 005    -48.63    114.35    162.99     32.86
0024043 2024 05 10 17 07 40 012    -48.12    114.72    162.84     33.30
0025087 2024 05 10 17 08 00 000    -48.43    113.64    162.07     32.60
0026132 2024 05 10 17 08 20 007    -49.15    112.33    161.48     31.59
0027177 2024 05 10 17 08 40 014    -51.08    109.97    161.04     29.45
0028221 2024 05 10 17 09 00 002    -51.95    107.28    159.23     27.67
0029266 2024 05 10 17 09 20 008    -56.34    107.29    163.63     25.48
0030311 2024 05 10 17 09 40 015    -60.48    106.63    167.12     23.08
0031355 2024 05 10 17 10 00 002    -64.99    105.73    170.72     20.37
0032400 2024 05 10 17 10 20 008    -67.93    105.76    173.69     18.91
0033445 2024 05 10 17 10 40 015    -68.62    106.63    175.25     19.00
0034489 2024 05 10 17 11 00 004    -88.97    161.01    249.98     36.02
0035534 2024 05 10 17 11 20 011   -126.39    205.50    331.89     39.56
0036579 2024 05 10 17 11 40 008   -112.42    134.65    247.07     11.11
0037624 2024 05 10 17 12 00 006    -95.15    170.83    265.98     37.84
0038668 2024 05 10 17 12 20 001    -85.22    230.07    315.29     72.43
0039711 2024 05 10 17 12 40 017    -78.63    262.46    341.09     91.91
0040755 2024 05 10 17 13 00 011    -79.19    287.02    366.21    103.92
0041801 2024 05 10 17 13 20 000    -76.35    330.37    406.72    127.01
0042848 2024 05 10 17 13 40 001    -76.15    379.89    456.04    151.87
0043895 2024 05 10 17 14 00 018    -73.96    392.58    466.53    159.31
0044940 2024 05 10 17 14 20 007    -83.13    397.86    481.00    157.36
0045985 2024 05 10 17 14 40 004    -86.97    394.76    481.73    153.90
0047030 2024 05 10 17 15 00 016    -82.05    386.97    469.02    152.46
0048073 2024 05 10 17 15 20 005    -79.96    380.71    460.67    150.38
0049117 2024 05 10 17 15 40 007    -74.21    382.87    457.08    154.33
0050161 2024 05 10 17 16 00 003    -63.40    397.24    460.64    166.92
0051206 2024 05 10 17 16 20 016    -52.32    417.39    469.71    182.53
0052250 2024 05 10 17 16 40 000    -38.89    449.89    488.77    205.50
0053296 2024 05 10 17 17 00 003    -24.58    504.17    528.75    239.80
0054344 2024 05 10 17 17 20 014    -17.96    559.56    577.52    270.80
0055392 2024 05 10 17 17 40 000    -12.41    597.66    610.07    292.62
0056442 2024 05 10 17 18 00 009    -14.57    657.76    672.33    321.60
0057492 2024 05 10 17 18 20 013    -30.47    728.23    758.70    348.88
0058542 2024 05 10 17 18 40 018    -46.51    795.97    842.48    374.73
0059591 2024 05 10 17 19 00 004    -61.46    864.90    926.36    401.72
0060641 2024 05 10 17 19 20 009    -69.54    904.43    973.97    417.45
0061691 2024 05 10 17 19 40 017    -72.43    918.40    990.83    422.99
0062739 2024 05 10 17 20 00 000    -73.35    921.04    994.39    423.85
0063788 2024 05 10 17 20 20 016    -70.85    901.97    972.82    415.56
0064835 2024 05 10 17 20 40 007    -64.07    869.20    933.27    402.57
0065882 2024 05 10 17 21 00 009   -100.95    845.58    946.53    372.31
0066929 2024 05 10 17 21 20 015    -93.40    834.49    927.89    370.55
0067975 2024 05 10 17 21 40 002    -91.20    847.73    938.93    378.26
0069022 2024 05 10 17 22 00 003    -87.04    856.29    943.33    384.62
0070070 2024 05 10 17 22 20 012    -77.47    879.26    956.73    400.90
0071118 2024 05 10 17 22 40 014   -115.72    928.19   1043.91    406.24
0072166 2024 05 10 17 23 00 012   -137.31    957.29   1094.60    409.99
0073214 2024 05 10 17 23 20 010   -168.26    993.63   1161.90    412.68
0074262 2024 05 10 17 23 40 007   -209.51   1021.56   1231.07    406.03
0075310 2024 05 10 17 24 00 004   -257.53   1033.42   1290.96    387.95
0076358 2024 05 10 17 24 20 008   -294.41   1046.55   1340.95    376.07
0077405 2024 05 10 17 24 40 005   -335.12   1048.45   1383.57    356.66
0078452 2024 05 10 17 25 00 014   -349.41   1055.21   1404.63    352.90
0079498 2024 05 10 17 25 20 014   -391.68   1050.24   1441.91    329.28
0080543 2024 05 10 17 25 40 003   -435.34   1048.87   1484.21    306.76
0081589 2024 05 10 17 26 00 016   -476.96   1049.70   1526.66    286.37
0082634 2024 05 10 17 26 20 017   -515.53   1056.85   1572.38    270.66
0083678 2024 05 10 17 26 40 004   -548.70   1060.94   1609.64    256.12
0084723 2024 05 10 17 27 00 016   -570.76   1065.01   1635.78    247.12
0085767 2024 05 10 17 27 20 013   -590.37   1061.07   1651.44    235.35
0086811 2024 05 10 17 27 40 017   -607.53   1055.18   1662.71    223.83
0087854 2024 05 10 17 28 00 011   -623.89   1046.50   1670.39    211.31
0088897 2024 05 10 17 28 20 012   -636.74   1040.91   1677.65    202.08
0089939 2024 05 10 17 28 40 005   -649.89   1040.90   1690.79    195.50
0090981 2024 05 10 17 29 00 008   -653.78   1039.05   1692.83    192.64
0092022 2024 05 10 17 29 20 002   -650.10   1031.51   1681.61    190.71
0093063 2024 05 10 17 29 40 008   -645.19   1024.01   1669.20    189.41
0094103 2024 05 10 17 30 00 004   -644.85   1021.09   1665.94    188.12
0095143 2024 05 10 17 30 20 000   -668.65   1030.02   1698.67    180.68
0096184 2024 05 10 17 30 40 011   -697.19   1057.62   1754.81    180.22
0097225 2024 05 10 17 31 00 017   -708.81   1101.27   1810.08    196.23
0098266 2024 05 10 17 31 20 009   -751.63   1133.52   1885.15    190.94
0099308 2024 05 10 17 31 40 000   -781.57   1148.39   1929.96    183.41
0100352 2024 05 10 17 32 00 017   -808.22   1146.15   1954.37    168.97
0101395 2024 05 10 17 32 20 010   -834.64   1132.75   1967.39    149.06
0102438 2024 05 10 17 32 40 007   -852.96   1113.51   1966.46    130.27
0103481 2024 05 10 17 33 00 011   -866.75   1087.37   1954.12    110.31
0104523 2024 05 10 17 33 20 001   -869.65   1059.39   1929.04     94.87
0105566 2024 05 10 17 33 40 008   -868.09   1033.38   1901.47     82.64
0106609 2024 05 10 17 34 00 012   -891.66   1008.86   1900.52     58.60
0107652 2024 05 10 17 34 20 009   -911.69    987.81   1899.50     38.06
0108695 2024 05 10 17 34 40 000   -904.05    975.03   1879.08     35.49
0109739 2024 05 10 17 35 00 001   -924.42    955.91   1880.33     15.75
0110784 2024 05 10 17 35 20 014   -920.33    949.96   1870.30     14.81
0111828 2024 05 10 17 35 40 000   -904.59    950.07   1854.66     22.74
0112874 2024 05 10 17 36 00 018   -907.91    955.69   1863.60     23.89
0113919 2024 05 10 17 36 20 012   -929.38    953.32   1882.70     11.97
0114965 2024 05 10 17 36 40 018   -924.83    944.15   1868.98      9.66
0116011 2024 05 10 17 37 00 018   -921.34    941.11   1862.45      9.88
0117057 2024 05 10 17 37 20 013   -896.65    941.18   1837.83     22.26
0118103 2024 05 10 17 37 40 003   -885.66    947.87   1833.54     31.10
0119150 2024 05 10 17 38 00 006   -873.93    962.89   1836.82     44.48
0120197 2024 05 10 17 38 20 006   -867.36    975.64   1843.00     54.14
0121244 2024 05 10 17 38 40 001   -838.32    975.74   1814.05     68.71
0122292 2024 05 10 17 39 00 012   -844.68    963.73   1808.40     59.52
0123340 2024 05 10 17 39 20 018   -866.64    944.70   1811.34     39.03
0124387 2024 05 10 17 39 40 003   -866.70    925.87   1792.57     29.59
0125435 2024 05 10 17 40 00 003   -892.69    900.67   1793.37      3.99
0126484 2024 05 10 17 40 20 018   -915.78    883.33   1799.11    -16.22
0127532 2024 05 10 17 40 40 010   -932.64    882.41   1815.06    -25.11
0128581 2024 05 10 17 41 00 017   -917.49    875.74   1793.23    -20.87
0129629 2024 05 10 17 41 20 003   -889.58    869.71   1759.29     -9.94
0130678 2024 05 10 17 41 40 005   -883.44    867.17   1750.61     -8.13
0131727 2024 05 10 17 42 00 005   -863.48    859.08   1722.55     -2.20
0132776 2024 05 10 17 42 20 002   -857.82    830.07   1687.88    -13.87
0133826 2024 05 10 17 42 40 016   -856.33    790.95   1647.28    -32.69
0134875 2024 05 10 17 43 00 005   -835.21    750.80   1586.01    -42.21
0135925 2024 05 10 17 43 20 007   -829.02    711.73   1540.75    -58.64
0136975 2024 05 10 17 43 40 004   -836.98    681.58   1518.56    -77.70
0138026 2024 05 10 17 44 00 015   -851.71    667.12   1518.84    -92.30
0139076 2024 05 10 17 44 20 001   -850.95    662.40   1513.35    -94.28
0140127 2024 05 10 17 44 40 002   -859.44    662.21   1521.65    -98.61
0141179 2024 05 10 17 45 00 018   -880.72    657.12   1537.84   -111.80
0142230 2024 05 10 17 45 20 014   -870.69    649.96   1520.65   -110.36
0143281 2024 05 10 17 45 40 007   -896.92    627.55   1524.47   -134.69
0144333 2024 05 10 17 46 00 016   -913.72    611.75   1525.47   -150.99
0145384 2024 05 10 17 46 20 003   -953.76    597.37   1551.13   -178.19
0146436 2024 05 10 17 46 40 007  -1000.53    579.32   1579.85   -210.61
0147488 2024 05 10 17 47 00 009  -1119.64    563.89   1683.53   -277.87
0148540 2024 05 10 17 47 20 007  -1163.52    559.66   1723.18   -301.93
0149592 2024 05 10 17 47 40 005  -1192.82    601.73   1794.55   -295.55
0150644 2024 05 10 17 48 00 002  -1117.39    630.13   1747.51   -243.63
0151697 2024 05 10 17 48 20 018  -1039.77    641.65   1681.42   -199.06
0152749 2024 05 10 17 48 40 015  -1036.29    652.76   1689.06   -191.76
0153801 2024 05 10 17 49 00 006  -1023.42    665.29   1688.71   -179.07
0154854 2024 05 10 17 49 20 013   -981.36    671.18   1652.54   -155.09
0155907 2024 05 10 17 49 40 018   -955.63    670.37   1626.00   -142.63
0156959 2024 05 10 17 50 00 000   -919.92    680.35   1600.27   -119.78
0158013 2024 05 10 17 50 20 017   -915.17    680.16   1595.32   -117.50
0159066 2024 05 10 17 50 40 013   -904.80    681.69   1586.49   -111.56
0160119 2024 05 10 17 51 00 006   -955.84    675.76   1631.60   -140.04
0161173 2024 05 10 17 51 20 016   -996.41    674.45   1670.86   -160.98
0162226 2024 05 10 17 51 40 005   -965.45    695.29   1660.74   -135.08
0163280 2024 05 10 17 52 00 011  -1001.88    726.19   1728.07   -137.85
0164334 2024 05 10 17 52 20 015  -1051.25    765.78   1817.02   -142.73
0165388 2024 05 10 17 52 40 018  -1115.16    802.41   1917.57   -156.38
0166441 2024 05 10 17 53 00 001  -1158.95    832.59   1991.54   -163.18
0167496 2024 05 10 17 53 20 018  -1166.42    855.12   2021.54   -155.65
0168550 2024 05 10 17 53 40 014  -1174.41    870.27   2044.68   -152.07
0169604 2024 05 10 17 54 00 007  -1140.84    877.80   2018.63   -131.52
0170659 2024 05 10 17 54 20 016  -1114.93    875.86   1990.79   -119.54
0171713 2024 05 10 17 54 40 002  -1109.10    870.11   1979.21   -119.49
0172768 2024 05 10 17 55 00 004  -1088.82    862.17   1950.99   -113.33
0173823 2024 05 10 17 55 20 002  -1032.55    848.04   1880.59    -92.25
0174879 2024 05 10 17 55 40 015   -955.32    844.66   1799.98    -55.33
0175934 2024 05 10 17 56 00 007   -943.37    838.31   1781.68    -52.53
0176990 2024 05 10 17 56 20 015   -934.06    826.03   1760.09    -54.01
0178045 2024 05 10 17 56 40 002   -940.97    813.56   1754.53    -63.70
0179101 2024 05 10 17 57 00 008   -954.46    800.86   1755.32    -76.80
0180157 2024 05 10 17 57 20 015   -973.81    788.62   1762.43    -92.59
0181212 2024 05 10 17 57 40 003   -995.49    789.87   1785.36   -102.81
0182268 2024 05 10 17 58 00 009   -969.62    788.45   1758.08    -90.59
0183324 2024 05 10 17 58 20 012  -1010.76    800.72   1811.49   -105.02
0184380 2024 05 10 17 58 40 014  -1041.13    821.93   1863.06   -109.60
0185436 2024 05 10 17 59 00 013  -1114.78    851.54   1966.31   -131.62
0186492 2024 05 10 17 59 20 011  -1131.25    856.28   1987.53   -137.48
0187548 2024 05 10 17 59 40 006  -1204.20    852.86   2057.05   -175.67
0188605 2024 05 10 18 00 00 000  -1214.01    834.84   2048.86   -189.59
0189662 2024 05 10 18 00 20 008  -1197.29    818.72   2016.01   -189.29
0190719 2024 05 10 18 00 40 017  -1169.43    802.26   1971.70   -183.58
0191775 2024 05 10 18 01 00 010  -1139.08    786.21   1925.28   -176.43
0192831 2024 05 10 18 01 20 005  -1105.06    768.36   1873.42   -168.35
0193887 2024 05 10 18 01 40 001  -1101.94    743.58   1845.53   -179.18
0194944 2024 05 10 18 02 00 017  -1078.94    730.54   1809.48   -174.20
0196000 2024 05 10 18 02 20 015  -1067.97    733.01   1800.98   -167.48
0197056 2024 05 10 18 02 40 012  -1057.82    730.15   1787.97   -163.83
0198112 2024 05 10 18 03 00 008  -1072.62    691.90   1764.52   -190.36
0199168 2024 05 10 18 03 20 002  -1063.95    663.33   1727.29   -200.31
0200225 2024 05 10 18 03 40 014  -1055.03    650.96   1705.99   -202.04
0201281 2024 05 10 18 04 00 006  -1036.10    647.17   1683.27   -194.47
0202338 2024 05 10 18 04 20 017  -1024.51    639.87   1664.37   -192.32
0203394 2024 05 10 18 04 40 010  -1034.88    618.99   1653.87   -207.94
0204450 2024 05 10 18 05 00 004  -1027.96    604.30   1632.27   -211.83
0205506 2024 05 10 18 05 20 001  -1030.06    597.00   1627.06   -216.53
0206563 2024 05 10 18 05 40 016  -1042.06    595.69   1637.75   -223.19
0207619 2024 05 10 18 06 00 010  -1081.17    599.91   1681.07   -240.63
0208675 2024 05 10 18 06 20 002  -1120.92    617.46   1738.37   -251.73
0209732 2024 05 10 18 06 40 010  -1157.75    647.06   1804.81   -255.35
0210789 2024 05 10 18 07 00 014  -1169.64    695.36   1865.00   -237.14
0211846 2024 05 10 18 07 20 013  -1146.19    725.60   1871.79   -210.29
0212903 2024 05 10 18 07 40 010  -1145.83    749.29   1895.12   -198.27
0213960 2024 05 10 18 08 00 006  -1186.11    778.70   1964.81   -203.70
0215017 2024 05 10 18 08 20 000  -1231.85    821.87   2053.72   -204.99
0216075 2024 05 10 18 08 40 011  -1293.89    854.26   2148.15   -219.81
0217132 2024 05 10 18 09 00 001  -1346.34    881.13   2227.48   -232.60
0218190 2024 05 10 18 09 20 010  -1378.77    911.03   2289.80   -233.87
0219247 2024 05 10 18 09 40 000  -1390.68    939.79   2330.47   -225.44
0220305 2024 05 10 18 10 00 008  -1407.23    970.85   2378.08   -218.19
0221363 2024 05 10 18 10 20 015  -1431.19    995.65   2426.84   -217.77
0222420 2024 05 10 18 10 40 004  -1470.47   1019.68   2490.15   -225.40
0223478 2024 05 10 18 11 00 012  -1494.03   1042.17   2536.19   -225.93
0224535 2024 05 10 18 11 20 001  -1514.19   1054.33   2568.52   -229.93
0225593 2024 05 10 18 11 40 010  -1517.38   1057.29   2574.67   -230.04
0226650 2024 05 10 18 12 00 002  -1529.72   1049.75   2579.47   -239.98
0227708 2024 05 10 18 12 20 014  -1516.46   1039.24   2555.69   -238.61
0228765 2024 05 10 18 12 40 009  -1503.45   1024.25   2527.70   -239.60
0229822 2024 05 10 18 13 00 007  -1476.06   1007.76   2483.82   -234.15
0230879 2024 05 10 18 13 20 006  -1452.72    989.67   2442.38   -231.53
0231936 2024 05 10 18 13 40 006  -1425.23    972.76   2397.98   -226.24
0232993 2024 05 10 18 14 00 004  -1405.06    955.29   2360.34   -224.89
0234050 2024 05 10 18 14 20 000  -1400.80    942.63   2343.42   -229.09
0235108 2024 05 10 18 14 40 013  -1409.87    938.36   2348.23   -235.76
0236165 2024 05 10 18 15 00 006  -1424.21    943.55   2367.75   -240.33
0237223 2024 05 10 18 15 20 018  -1449.26    954.50   2403.76   -247.38
0238280 2024 05 10 18 15 40 011  -1451.83    963.83   2415.66   -244.00
0239337 2024 05 10 18 16 00 005  -1451.18    966.60   2417.78   -242.29
0240395 2024 05 10 18 16 20 018  -1452.20    966.89   2419.09   -242.66
0241452 2024 05 10 18 16 40 013  -1443.19    981.88   2425.07   -230.66
0242509 2024 05 10 18 17 00 006  -1439.83   1000.00   2439.84   -219.91
0243566 2024 05 10 18 17 20 000  -1415.30   1020.60   2435.90   -197.35
0244624 2024 05 10 18 17 40 012  -1394.14   1049.97   2444.11   -172.08
0245681 2024 05 10 18 18 00 007  -1398.88   1072.00   2470.88   -163.44
0246738 2024 05 10 18 18 20 003  -1408.05   1088.70   2496.75   -159.67
0247795 2024 05 10 18 18 40 006  -1429.39   1096.60   2525.99   -166.39
0248852 2024 05 10 18 19 00 018  -1420.69   1090.84   2511.53   -164.93
0249908 2024 05 10 18 19 20 017  -1394.83   1079.19   2474.02   -157.82
0250964 2024 05 10 18 19 40 015  -1368.50   1066.41   2434.91   -151.05
0252020 2024 05 10 18 20 00 009  -1348.69   1054.63   2403.32   -147.03
0253076 2024 05 10 18 20 20 002  -1344.89   1041.17   2386.06   -151.86
0254133 2024 05 10 18 20 40 012  -1337.81   1039.26   2377.06   -149.28
0255189 2024 05 10 18 21 00 000  -1340.62   1036.08   2376.69   -152.27
0256246 2024 05 10 18 21 20 006  -1353.17   1028.52   2381.69   -162.33
0257303 2024 05 10 18 21 40 013  -1373.92   1015.09   2389.01   -179.41
0258359 2024 05 10 18 22 00 002  -1381.19   1006.30   2387.49   -187.44
0259416 2024 05 10 18 22 20 010  -1390.34    982.86   2373.20   -203.74
0260473 2024 05 10 18 22 40 018  -1391.76    953.64   2345.41   -219.06
0261529 2024 05 10 18 23 00 008  -1390.06    917.68   2307.74   -236.19
0262586 2024 05 10 18 23 20 018  -1390.15    884.12   2274.26   -253.02
0263642 2024 05 10 18 23 40 012  -1393.94    880.03   2273.97   -256.96
0264698 2024 05 10 18 24 00 009  -1391.02    858.35   2249.37   -266.34
0265754 2024 05 10 18 24 20 010  -1372.55    822.06   2194.61   -275.24
0266810 2024 05 10 18 24 40 011  -1351.13    794.76   2145.89   -278.18
0267866 2024 05 10 18 25 00 012  -1337.79    779.70   2117.50   -279.04
0268922 2024 05 10 18 25 20 013  -1316.27    770.76   2087.03   -272.76
0269978 2024 05 10 18 25 40 014  -1284.36    775.41   2059.77   -254.48
0271034 2024 05 10 18 26 00 017  -1263.15    784.07   2047.22   -239.54
0272089 2024 05 10 18 26 20 003  -1286.61    797.73   2084.34   -244.44
0273145 2024 05 10 18 26 40 010  -1335.46    824.42   2159.88   -255.52
0274200 2024 05 10 18 27 00 002  -1388.94    845.28   2234.22   -271.83
0275256 2024 05 10 18 27 20 018  -1505.16    848.81   2353.97   -328.17
0276310 2024 05 10 18 27 40 004  -1493.02    853.11   2346.12   -319.95
0277364 2024 05 10 18 28 00 002  -1534.29    854.71   2389.00   -339.79
0278418 2024 05 10 18 28 20 003  -1583.39    855.71   2439.10   -363.84
0279472 2024 05 10 18 28 40 006  -1582.52    871.80   2454.32   -355.36
0280526 2024 05 10 18 29 00 006  -1619.17    884.90   2504.07   -367.13
0281580 2024 05 10 18 29 20 005  -1640.09    891.46   2531.55   -374.31
0282634 2024 05 10 18 29 40 006  -1659.70    894.88   2554.58   -382.41
0283688 2024 05 10 18 30 00 010  -1673.41    902.80   2576.21   -385.30
0284742 2024 05 10 18 30 20 015  -1688.96    900.17   2589.13   -394.40
0285795 2024 05 10 18 30 40 006  -1703.73    894.19   2597.92   -404.77
0286849 2024 05 10 18 31 00 016  -1726.19    891.85   2618.04   -417.17
0287902 2024 05 10 18 31 20 006  -1751.05    904.34   2655.39   -423.35
0288956 2024 05 10 18 31 40 012  -1791.44    925.25   2716.69   -433.10
0290009 2024 05 10 18 32 00 001  -1820.09    948.98   2769.07   -435.55
0291062 2024 05 10 18 32 20 001  -1847.60    971.34   2818.94   -438.13
0292115 2024 05 10 18 32 40 008  -1869.38    977.39   2846.77   -446.00
0293167 2024 05 10 18 33 00 003  -1867.69    975.81   2843.50   -445.94
0294220 2024 05 10 18 33 20 016  -1867.91    967.46   2835.37   -450.23
0295272 2024 05 10 18 33 40 011  -1854.33    955.49   2809.82   -449.42
0296324 2024 05 10 18 34 00 011  -1850.51    950.63   2801.14   -449.94
0297376 2024 05 10 18 34 20 018  -1852.51    953.60   2806.11   -449.45
0298427 2024 05 10 18 34 40 013  -1860.92    966.96   2827.89   -446.98
0299478 2024 05 10 18 35 00 016  -1861.11    975.96   2837.07   -442.57
0300528 2024 05 10 18 35 20 008  -1851.85    976.61   2828.46   -437.62
0301578 2024 05 10 18 35 40 004  -1816.71    974.20   2790.91   -421.25
0302628 2024 05 10 18 36 00 008  -1744.94    969.57   2714.52   -387.68
0303677 2024 05 10 18 36 20 002  -1656.86    923.13   2579.99   -366.86
0304726 2024 05 10 18 36 40 007  -1565.30    815.21   2380.51   -375.05
0305774 2024 05 10 18 37 00 001  -1472.53    707.54   2180.07   -382.49
0306822 2024 05 10 18 37 20 004  -1429.13    668.97   2098.10   -380.08
0307870 2024 05 10 18 37 40 015  -1378.45    662.36   2040.80   -358.05
0308917 2024 05 10 18 38 00 013  -1296.57    645.63   1942.20   -325.47
0309964 2024 05 10 18 38 20 016  -1226.82    623.22   1850.04   -301.80
0311010 2024 05 10 18 38 40 005  -1162.56    598.84   1761.39   -281.86
0312056 2024 05 10 18 39 00 002  -1113.93    582.28   1696.21   -265.83
0313103 2024 05 10 18 39 20 018  -1077.16    571.13   1648.29   -253.01
0314149 2024 05 10 18 39 40 012  -1036.48    575.24   1611.72   -230.62
0315195 2024 05 10 18 40 00 004  -1021.02    589.07   1610.09   -215.98
0316242 2024 05 10 18 40 20 010  -1060.50    600.82   1661.32   -229.84
0317289 2024 05 10 18 40 40 014  -1058.74    625.42   1684.16   -216.66
0318336 2024 05 10 18 41 00 017  -1024.82    646.13   1670.94   -189.34
0319382 2024 05 10 18 41 20 001   -979.13    668.85   1647.97   -155.14
0320429 2024 05 10 18 41 40 002   -992.86    691.98   1684.84   -150.44
0321476 2024 05 10 18 42 00 001   -997.10    713.86   1710.96   -141.62
0322524 2024 05 10 18 42 20 018   -893.61    724.37   1617.97    -84.62
0323571 2024 05 10 18 42 40 016   -793.99    743.10   1537.09    -25.44
0324618 2024 05 10 18 43 00 015   -764.49    793.06   1557.54     14.29
0325665 2024 05 10 18 43 20 010   -768.67    838.08   1606.76     34.71
0326713 2024 05 10 18 43 40 018   -777.27    879.96   1657.23     51.34
0327760 2024 05 10 18 44 00 000   -783.55    907.74   1691.29     62.10
0328809 2024 05 10 18 44 20 013   -795.35    925.75   1721.10     65.20
0329857 2024 05 10 18 44 40 000   -814.39    933.59   1747.98     59.60
0330907 2024 05 10 18 45 00 017   -820.96    936.33   1757.29     57.68
0331956 2024 05 10 18 45 20 006   -835.65    930.05   1765.70     47.20
0333006 2024 05 10 18 45 40 007   -848.32    925.88   1774.19     38.78
0334056 2024 05 10 18 46 00 002   -872.95    923.09   1796.04     25.07
0335107 2024 05 10 18 46 20 011   -892.37    919.66   1812.03     13.65
0336158 2024 05 10 18 46 40 014   -935.16    926.32   1861.47     -4.42
0337209 2024 05 10 18 47 00 014   -980.51    928.43   1908.94    -26.04
0338260 2024 05 10 18 47 20 011  -1024.47    922.81   1947.27    -50.83
0339311 2024 05 10 18 47 40 007  -1069.22    910.58   1979.80    -79.32
0340362 2024 05 10 18 48 00 006  -1118.65    902.80   2021.45   -107.93
0341413 2024 05 10 18 48 20 007  -1180.45    882.55   2063.00   -148.95
0342464 2024 05 10 18 48 40 013  -1227.94    867.16   2095.10   -180.39
0343514 2024 05 10 18 49 00 000  -1264.81    848.47   2113.28   -208.17
0344565 2024 05 10 18 49 20 003  -1298.81    835.25   2134.06   -231.78
0345616 2024 05 10 18 49 40 002  -1319.04    824.81   2143.86   -247.12
0346668 2024 05 10 18 50 00 011  -1345.38    830.92   2176.30   -257.23
0347720 2024 05 10 18 50 20 012  -1367.63    828.72   2196.35   -269.46
0348772 2024 05 10 18 50 40 008  -1376.50    831.21   2207.71   -272.64
0349824 2024 05 10 18 51 00 001  -1394.94    835.10   2230.04   -279.92
0350877 2024 05 10 18 51 20 011  -1401.40    847.30   2248.70   -277.05
0351929 2024 05 10 18 51 40 001  -1400.79    863.97   2264.75   -268.41
0352982 2024 05 10 18 52 00 013  -1389.52    889.02   2278.54   -250.25
0354034 2024 05 10 18 52 20 009  -1380.15    915.67   2295.81   -232.24
0355086 2024 05 10 18 52 40 009  -1358.98    961.20   2320.18   -198.89
0356138 2024 05 10 18 53 00 016  -1344.29   1004.87   2349.16   -169.71
0357189 2024 05 10 18 53 20 011  -1333.67   1059.60   2393.28   -137.04
0358240 2024 05 10 18 53 40 018  -1314.83   1115.44   2430.27    -99.69
0359290 2024 05 10 18 54 00 018  -1293.36   1136.02   2429.39    -78.67
0360338 2024 05 10 18 54 20 000  -1283.14   1157.74   2440.87    -62.70
0361387 2024 05 10 18 54 40 012  -1303.84   1189.37   2493.20    -57.23
0362435 2024 05 10 18 55 00 011  -1309.20   1210.30   2519.50    -49.45
0363483 2024 05 10 18 55 20 015  -1316.54   1241.43   2557.97    -37.56
0364530 2024 05 10 18 55 40 002  -1363.94   1260.25   2624.19    -51.84
0365578 2024 05 10 18 56 00 011  -1378.61   1279.88   2658.49    -49.36
0366625 2024 05 10 18 56 20 004  -1378.48   1302.53   2681.02    -37.97
0367672 2024 05 10 18 56 40 002  -1371.86   1319.66   2691.51    -26.10
0368719 2024 05 10 18 57 00 009  -1373.97   1334.15   2708.12    -19.91
0369765 2024 05 10 18 57 20 008  -1372.24   1348.55   2720.79    -11.84
0370810 2024 05 10 18 57 40 003  -1377.29   1357.54   2734.83     -9.88
0371855 2024 05 10 18 58 00 016  -1378.75   1350.94   2729.69    -13.90
0372898 2024 05 10 18 58 20 005  -1377.92   1336.90   2714.82    -20.51
0373941 2024 05 10 18 58 40 002  -1386.58   1331.19   2717.77    -27.69
0374984 2024 05 10 18 59 00 010  -1370.65   1364.88   2735.53     -2.89
0376026 2024 05 10 18 59 20 010  -1344.08   1420.37   2764.45     38.14
0377067 2024 05 10 18 59 40 008  -1314.42   1465.78   2780.20     75.68
0378108 2024 05 10 19 00 00 000  -1310.06   1484.22   2794.28     87.08
0379149 2024 05 10 19 00 20 006  -1299.45   1468.22   2767.67     84.38
0380189 2024 05 10 19 00 40 009  -1312.11   1440.29   2752.39     64.09
0381228 2024 05 10 19 01 00 017  -1305.40   1406.76   2712.17     50.68
0382266 2024 05 10 19 01 20 005  -1252.42   1377.62   2630.03     62.60
0383305 2024 05 10 19 01 40 017  -1259.40   1336.96   2596.35     38.78
0384343 2024 05 10 19 02 00 011  -1287.37   1290.42   2577.78      1.52
0385382 2024 05 10 19 02 20 018  -1314.07   1241.31   2555.38    -36.38
0386421 2024 05 10 19 02 40 016  -1323.20   1215.75   2538.94    -53.72
0387460 2024 05 10 19 03 00 009  -1338.58   1215.90   2554.47    -61.34
0388500 2024 05 10 19 03 20 010  -1357.39   1206.65   2564.04    -75.37
0389541 2024 05 10 19 03 40 018  -1373.31   1175.51   2548.82    -98.90
0390581 2024 05 10 19 04 00 003  -1391.03   1131.67   2522.69   -129.68
0391622 2024 05 10 19 04 20 005  -1411.95   1084.09   2496.04   -163.93
0392663 2024 05 10 19 04 40 007  -1424.74   1043.81   2468.55   -190.47
0393704 2024 05 10 19 05 00 008  -1446.85    999.65   2446.49   -223.60
0394745 2024 05 10 19 05 20 007  -1459.85    947.54   2407.39   -256.15
0395786 2024 05 10 19 05 40 001  -1470.44    932.17   2402.61   -269.13
0396828 2024 05 10 19 06 00 009  -1469.78    914.58   2384.35   -277.60
0397870 2024 05 10 19 06 20 011  -1467.42    898.28   2365.70   -284.57
0398912 2024 05 10 19 06 40 008  -1464.14    879.64   2343.78   -292.25
0399954 2024 05 10 19 07 00 003  -1462.15    859.44   2321.59   -301.36
0400997 2024 05 10 19 07 20 016  -1462.37    841.88   2304.25   -310.24
0402039 2024 05 10 19 07 40 012  -1453.85    835.63   2289.47   -309.11
0403081 2024 05 10 19 08 00 005  -1440.53    835.16   2275.69   -302.69
0404124 2024 05 10 19 08 20 013  -1433.23    829.23   2262.46   -302.00
0405166 2024 05 10 19 08 40 001  -1437.54    816.98   2254.52   -310.28
0406209 2024 05 10 19 09 00 018  -1440.18    802.87   2243.05   -318.65
0407250 2024 05 10 19 09 20 003  -1456.81    787.36   2244.17   -334.72
0408292 2024 05 10 19 09 40 012  -1450.47    780.02   2230.49   -335.23
0409333 2024 05 10 19 10 00 009  -1447.10    771.54   2218.64   -337.78
0410374 2024 05 10 19 10 20 006  -1438.06    763.29   2201.35   -337.39
0411416 2024 05 10 19 10 40 018  -1451.29    754.40   2205.69   -348.45
0412457 2024 05 10 19 11 00 011  -1459.34    750.34   2209.68   -354.50
0413498 2024 05 10 19 11 20 006  -1470.64    742.56   2213.19   -364.04
0414540 2024 05 10 19 11 40 017  -1487.82    732.29   2220.11   -377.76
0415581 2024 05 10 19 12 00 006  -1509.22    722.77   2231.99   -393.23
0416623 2024 05 10 19 12 20 011  -1517.88    712.64   2230.52   -402.62
0417665 2024 05 10 19 12 40 016  -1545.10    704.57   2249.67   -420.26
0418706 2024 05 10 19 13 00 003  -1550.34    706.03   2256.37   -422.15
0419748 2024 05 10 19 13 20 015  -1558.52    709.61   2268.13   -424.46
0420789 2024 05 10 19 13 40 014  -1578.51    712.22   2290.72   -433.15
0421829 2024 05 10 19 14 00 002  -1580.56    719.11   2299.67   -430.73
0422870 2024 05 10 19 14 20 007  -1579.14    729.15   2308.29   -424.99
0423911 2024 05 10 19 14 40 010  -1581.63    740.34   2321.97   -420.65
0424952 2024 05 10 19 15 00 010  -1563.58    755.34   2318.92   -404.12
0425993 2024 05 10 19 15 20 008  -1534.09    763.05   2297.13   -385.52
0427034 2024 05 10 19 15 40 015  -1489.19    780.51   2269.69   -354.34
0428074 2024 05 10 19 16 00 001  -1466.17    790.58   2256.74   -337.80
0429115 2024 05 10 19 16 20 000  -1446.16    793.73   2239.89   -326.22
0430157 2024 05 10 19 16 40 017  -1419.54    790.16   2209.70   -314.69
0431198 2024 05 10 19 17 00 014  -1385.06    785.21   2170.27   -299.92
0432239 2024 05 10 19 17 20 002  -1370.09    776.09   2146.18   -297.00
0433282 2024 05 10 19 17 40 017  -1368.02    768.06   2136.08   -299.98
0434324 2024 05 10 19 18 00 009  -1367.50    755.79   2123.29   -305.85
0435367 2024 05 10 19 18 20 015  -1328.49    743.06   2071.56   -292.72
0436409 2024 05 10 19 18 40 000  -1300.10    727.23   2027.32   -286.44
0437452 2024 05 10 19 19 00 001  -1294.52    709.69   2004.20   -292.41
0438495 2024 05 10 19 19 20 002  -1272.00    697.95   1969.95   -287.02
0439538 2024 05 10 19 19 40 004  -1263.44    689.68   1953.12   -286.88
0440581 2024 05 10 19 20 00 007  -1260.74    691.49   1952.23   -284.63
0441624 2024 05 10 19 20 20 008  -1243.37    687.23   1930.60   -278.07
0442667 2024 05 10 19 20 40 006  -1194.58    673.78   1868.36   -260.40
0443710 2024 05 10 19 21 00 002  -1171.11    652.48   1823.60   -259.32
0444754 2024 05 10 19 21 20 013  -1168.56    628.51   1797.07   -270.02
0445798 2024 05 10 19 21 40 016  -1241.21    593.34   1834.55   -323.94
0446841 2024 05 10 19 22 00 004  -1269.93    566.18   1836.10   -351.87
0447884 2024 05 10 19 22 20 000  -1300.47    537.01   1837.49   -381.73
0448928 2024 05 10 19 22 40 009  -1306.12    530.78   1836.91   -387.67
0449971 2024 05 10 19 23 00 007  -1262.86    523.41   1786.27   -369.73
0451015 2024 05 10 19 23 20 007  -1244.67    507.18   1751.84   -368.75
0452060 2024 05 10 19 23 40 016  -1249.53    493.55   1743.09   -377.99
0453104 2024 05 10 19 24 00 003  -1246.51    481.09   1727.60   -382.71
0454149 2024 05 10 19 24 20 008  -1230.81    472.06   1702.86   -379.38
0455194 2024 05 10 19 24 40 010  -1198.99    465.78   1664.77   -366.61
0456239 2024 05 10 19 25 00 010  -1162.39    461.70   1624.09   -350.34
0457284 2024 05 10 19 25 20 004  -1130.53    464.98   1595.51   -332.77
0458330 2024 05 10 19 25 40 011  -1100.34    466.44   1566.78   -316.95
0459376 2024 05 10 19 26 00 015  -1076.16    462.47   1538.63   -306.85
0460422 2024 05 10 19 26 20 019  -1058.80    452.24   1511.04   -303.28
0461467 2024 05 10 19 26 40 008  -1050.71    450.70   1501.41   -300.01
0462513 2024 05 10 19 27 00 016  -1043.53    453.79   1497.32   -294.87
0463558 2024 05 10 19 27 20 003  -1032.86    457.31   1490.16   -287.77
0464604 2024 05 10 19 27 40 015  -1035.79    458.10   1493.89   -288.85
0465649 2024 05 10 19 28 00 009   -999.19    465.27   1464.46   -266.96
0466694 2024 05 10 19 28 20 009   -970.72    464.29   1435.01   -253.21
0467739 2024 05 10 19 28 40 013   -969.79    468.08   1437.87   -250.86
0468783 2024 05 10 19 29 00 002   -967.57    472.07   1439.64   -247.75
0469828 2024 05 10 19 29 20 014   -964.80    467.71   1432.51   -248.54
0470872 2024 05 10 19 29 40 003   -956.93    461.05   1417.98   -247.94
0471917 2024 05 10 19 30 00 008   -949.20    462.25   1411.44   -243.48
0472962 2024 05 10 19 30 20 010   -945.39    469.09   1414.48   -238.15
0474007 2024 05 10 19 30 40 008   -940.61    472.47   1413.08   -234.07
0475052 2024 05 10 19 31 00 002   -942.82    467.75   1410.57   -237.54
0476098 2024 05 10 19 31 20 013   -948.31    457.79   1406.10   -245.26
0477143 2024 05 10 19 31 40 005   -946.24    445.08   1391.33   -250.58
0478189 2024 05 10 19 32 00 017   -930.55    445.69   1376.24   -242.43
0479234 2024 05 10 19 32 20 012   -922.03    437.10   1359.13   -242.46
0480279 2024 05 10 19 32 40 009   -924.78    438.14   1362.92   -243.32
0481324 2024 05 10 19 33 00 009   -917.63    434.96   1352.59   -241.34
0482369 2024 05 10 19 33 20 008   -921.44    438.67   1360.11   -241.38
0483414 2024 05 10 19 33 40 005   -929.93    455.08   1385.01   -237.43
0484459 2024 05 10 19 34 00 003   -939.22    485.21   1424.43   -227.00
0485504 2024 05 10 19 34 20 002   -952.27    510.26   1462.53   -221.00
0486549 2024 05 10 19 34 40 003   -959.25    541.12   1500.37   -209.07
0487594 2024 05 10 19 35 00 008   -973.01    569.83   1542.85   -201.59
0488639 2024 05 10 19 35 20 015   -991.53    584.36   1575.89   -203.59
0489683 2024 05 10 19 35 40 001  -1009.20    593.75   1602.95   -207.73
0490728 2024 05 10 19 36 00 002  -1004.64    603.99   1608.63   -200.33
0491773 2024 05 10 19 36 20 000  -1010.49    612.44   1622.93   -199.03
0492819 2024 05 10 19 36 40 016  -1014.83    625.76   1640.60   -194.53
0493864 2024 05 10 19 37 00 014  -1025.96    636.59   1662.55   -194.69
0494909 2024 05 10 19 37 20 013  -1022.79    654.05   1676.84   -184.37
0495954 2024 05 10 19 37 40 013  -1041.74    655.20   1696.94   -193.27
0496999 2024 05 10 19 38 00 014  -1061.97    658.39   1720.35   -201.79
0498043 2024 05 10 19 38 20 001  -1094.53    649.79   1744.31   -222.37
0499088 2024 05 10 19 38 40 009  -1124.44    639.00   1763.44   -242.72
0500132 2024 05 10 19 39 00 000  -1154.13    629.44   1783.56   -262.35
0501177 2024 05 10 19 39 20 007  -1168.34    622.89   1791.23   -272.73
0502222 2024 05 10 19 39 40 014  -1184.52    610.84   1795.36   -286.84
0503266 2024 05 10 19 40 00 003  -1182.08    606.14   1788.21   -287.97
0504311 2024 05 10 19 40 20 008  -1183.65    597.68   1781.33   -292.98
0505356 2024 05 10 19 40 40 011  -1194.62    588.94   1783.56   -302.84
0506401 2024 05 10 19 41 00 015  -1199.82    586.02   1785.84   -306.90
0507445 2024 05 10 19 41 20 001  -1214.56    577.62   1792.18   -318.47
0508490 2024 05 10 19 41 40 008  -1209.56    568.33   1777.89   -320.61
0509535 2024 05 10 19 42 00 015  -1200.78    563.17   1763.95   -318.81
0510579 2024 05 10 19 42 20 005  -1214.31    557.69   1772.00   -328.31
0511624 2024 05 10 19 42 40 013  -1206.69    561.12   1767.80   -322.78
0512668 2024 05 10 19 43 00 001  -1178.94    574.44   1753.38   -302.25
0513713 2024 05 10 19 43 20 008  -1168.87    593.18   1762.04   -287.84
0514758 2024 05 10 19 43 40 018  -1167.06    616.77   1783.82   -275.15
0515802 2024 05 10 19 44 00 015  -1183.97    641.54   1825.52   -271.22
0516846 2024 05 10 19 44 20 013  -1208.10    650.23   1858.34   -278.93
0517890 2024 05 10 19 44 40 014  -1211.63    654.31   1865.94   -278.66
0518934 2024 05 10 19 45 00 014  -1219.14    643.54   1862.69   -287.80
0519977 2024 05 10 19 45 20 000  -1243.89    629.82   1873.70   -307.03
0521021 2024 05 10 19 45 40 005  -1252.20    627.92   1880.12   -312.14
0522065 2024 05 10 19 46 00 011  -1281.22    617.60   1898.83   -331.81
0523109 2024 05 10 19 46 20 018  -1292.52    609.77   1902.29   -341.38
0524152 2024 05 10 19 46 40 006  -1294.21    596.28   1890.49   -348.97
0525196 2024 05 10 19 47 00 011  -1284.67    589.82   1874.49   -347.43
0526240 2024 05 10 19 47 20 011  -1273.14    590.17   1863.31   -341.48
0527284 2024 05 10 19 47 40 012  -1265.46    587.86   1853.32   -338.80
0528328 2024 05 10 19 48 00 016  -1258.63    579.98   1838.61   -339.32
0529371 2024 05 10 19 48 20 002  -1242.21    575.15   1817.35   -333.53
0530415 2024 05 10 19 48 40 009  -1215.81    570.30   1786.12   -322.75
0531459 2024 05 10 19 49 00 013  -1185.72    566.66   1752.38   -309.53
0532503 2024 05 10 19 49 20 017  -1174.20    557.17   1731.37   -308.52
0533546 2024 05 10 19 49 40 003  -1164.38    542.61   1706.99   -310.89
0534590 2024 05 10 19 50 00 007  -1148.70    529.88   1678.58   -309.41
0535634 2024 05 10 19 50 20 012  -1131.51    526.33   1657.84   -302.59
0536678 2024 05 10 19 50 40 014  -1102.61    530.70   1633.31   -285.96
0537722 2024 05 10 19 51 00 013  -1077.14    543.18   1620.32   -266.98
0538766 2024 05 10 19 51 20 010  -1047.01    568.14   1615.15   -239.44
0539810 2024 05 10 19 51 40 008  -1048.21    587.22   1635.43   -230.50
0540854 2024 05 10 19 52 00 005  -1042.87    623.22   1666.09   -209.82
0541898 2024 05 10 19 52 20 001  -1043.40    669.34   1712.74   -187.03
0542942 2024 05 10 19 52 40 001  -1040.28    711.61   1751.89   -164.33
0543986 2024 05 10 19 53 00 004  -1064.71    746.36   1811.07   -159.18
0545030 2024 05 10 19 53 20 018  -1111.62    760.55   1872.17   -175.53
0546073 2024 05 10 19 53 40 016  -1145.75    772.09   1917.85   -186.83
0547116 2024 05 10 19 54 00 013  -1172.70    778.99   1951.69   -196.86
0548159 2024 05 10 19 54 20 013  -1184.94    786.59   1971.53   -199.17
0549202 2024 05 10 19 54 40 015  -1236.98    779.60   2016.58   -228.69
0550245 2024 05 10 19 55 00 018  -1242.60    788.67   2031.27   -226.96
0551287 2024 05 10 19 55 20 006  -1236.68    807.48   2044.17   -214.60
0552330 2024 05 10 19 55 40 018  -1243.24    817.21   2060.46   -213.02
0553372 2024 05 10 19 56 00 009  -1259.81    824.62   2084.43   -217.60
0554414 2024 05 10 19 56 20 006  -1267.23    834.83   2102.05   -216.20
0555456 2024 05 10 19 56 40 006  -1264.94    855.76   2120.70   -204.59
0556498 2024 05 10 19 57 00 007  -1270.45    877.83   2148.29   -196.31
0557540 2024 05 10 19 57 20 010  -1277.62    905.07   2182.69   -186.27
0558582 2024 05 10 19 57 40 015  -1303.07    923.10   2226.17   -189.99
0559623 2024 05 10 19 58 00 004  -1343.60    931.92   2275.52   -205.84
0560665 2024 05 10 19 58 20 011  -1390.21    944.12   2334.33   -223.04
0561707 2024 05 10 19 58 40 015  -1429.67    952.51   2382.19   -238.58
0562749 2024 05 10 19 59 00 011  -1453.89    956.75   2410.64   -248.57
0563791 2024 05 10 19 59 20 004  -1470.24    952.35   2422.59   -258.94
0564834 2024 05 10 19 59 40 013  -1485.92    944.62   2430.55   -270.65
0565876 2024 05 10 20 00 00 000  -1495.13    938.40   2433.52   -278.37
0566919 2024 05 10 20 00 20 009  -1465.98    934.97   2400.95   -265.51
0567962 2024 05 10 20 00 40 015  -1458.14    939.75   2397.89   -259.20
0569005 2024 05 10 20 01 00 015  -1450.72    953.08   2403.80   -248.82
0570048 2024 05 10 20 01 20 014  -1453.21    970.11   2423.32   -241.55
0571091 2024 05 10 20 01 40 017  -1486.10    994.17   2480.27   -245.97
0572133 2024 05 10 20 02 00 010  -1495.13   1028.09   2523.22   -233.52
0573175 2024 05 10 20 02 20 009  -1513.85   1057.78   2571.63   -228.03
0574217 2024 05 10 20 02 40 009  -1515.52   1094.06   2609.57   -210.73
0575259 2024 05 10 20 03 00 011  -1537.80   1111.92   2649.72   -212.94
0576301 2024 05 10 20 03 20 012  -1555.39   1122.25   2677.64   -216.57
0577343 2024 05 10 20 03 40 015  -1554.85   1139.87   2694.72   -207.49
0578384 2024 05 10 20 04 00 002  -1569.40   1146.50   2715.90   -211.45
0579426 2024 05 10 20 04 20 013  -1594.72   1138.52   2733.24   -228.10
0580467 2024 05 10 20 04 40 008  -1606.77   1127.50   2734.26   -239.63
0581508 2024 05 10 20 05 00 005  -1609.61   1109.72   2719.33   -249.94
0582549 2024 05 10 20 05 20 004  -1614.31   1079.01   2693.32   -267.65
0583590 2024 05 10 20 05 40 002  -1609.23   1049.48   2658.70   -279.87
0584632 2024 05 10 20 06 00 015  -1595.16   1023.83   2618.99   -285.67
0585673 2024 05 10 20 06 20 004  -1588.13   1003.45   2591.58   -292.34
0586715 2024 05 10 20 06 40 007  -1580.99    992.02   2573.00   -294.48
0587757 2024 05 10 20 07 00 002  -1565.26    989.89   2555.15   -287.68
0588800 2024 05 10 20 07 20 012  -1557.72    992.47   2550.18   -282.62
0589843 2024 05 10 20 07 40 018  -1579.69    995.56   2575.25   -292.07
0590885 2024 05 10 20 08 00 005  -1585.16   1002.43   2587.59   -291.36
0591927 2024 05 10 20 08 20 000  -1591.75   1005.51   2597.26   -293.12
0592969 2024 05 10 20 08 40 001  -1589.30   1015.02   2604.32   -287.14
0594011 2024 05 10 20 09 00 007  -1591.03   1025.90   2616.93   -282.57
0595053 2024 05 10 20 09 20 010  -1596.89   1033.11   2629.99   -281.89
0596095 2024 05 10 20 09 40 009  -1619.79   1037.81   2657.60   -290.99
0597137 2024 05 10 20 10 00 017  -1634.16   1037.67   2671.82   -298.25
0598177 2024 05 10 20 10 20 005  -1650.65   1034.64   2685.30   -308.01
0599217 2024 05 10 20 10 40 007  -1638.99   1038.62   2677.61   -300.19
0600257 2024 05 10 20 11 00 008  -1618.31   1045.61   2663.92   -286.35
0601297 2024 05 10 20 11 20 006  -1617.32   1043.85   2661.17   -286.73
0602337 2024 05 10 20 11 40 004  -1616.81   1033.57   2650.38   -291.62
0603378 2024 05 10 20 12 00 018  -1619.95   1021.05   2641.00   -299.45
0604418 2024 05 10 20 12 20 007  -1612.11   1024.53   2636.64   -293.79
0605459 2024 05 10 20 12 40 016  -1607.79   1036.67   2644.46   -285.56
0606499 2024 05 10 20 13 00 005  -1603.47   1036.12   2639.60   -283.68
0607540 2024 05 10 20 13 20 011  -1593.01   1032.91   2625.93   -280.05
0608581 2024 05 10 20 13 40 018  -1576.23   1015.87   2592.10   -280.18
0609621 2024 05 10 20 14 00 008  -1550.21   1012.67   2562.88   -268.77
0610662 2024 05 10 20 14 20 017  -1531.59   1010.50   2542.10   -260.54
0611702 2024 05 10 20 14 40 004  -1500.09   1023.22   2523.31   -238.43
0612743 2024 05 10 20 15 00 018  -1470.08   1039.56   2509.64   -215.26
0613782 2024 05 10 20 15 20 008  -1476.04   1045.09   2521.13   -215.48
0614821 2024 05 10 20 15 40 011  -1460.17   1029.36   2489.53   -215.40
0615859 2024 05 10 20 16 00 002  -1460.88   1026.98   2487.86   -216.95
0616898 2024 05 10 20 16 20 011  -1503.31   1038.51   2541.81   -232.40
0617937 2024 05 10 20 16 40 016  -1504.93   1069.12   2574.05   -217.90
0618975 2024 05 10 20 17 00 003  -1507.65   1048.93   2556.58   -229.36
0620014 2024 05 10 20 17 20 007  -1548.82   1033.32   2582.14   -257.75
0621053 2024 05 10 20 17 40 007  -1558.33   1036.32   2594.64   -261.01
0622093 2024 05 10 20 18 00 018  -1574.20   1042.45   2616.65   -265.87
0623133 2024 05 10 20 18 20 018  -1549.93   1045.07   2595.00   -252.43
0624173 2024 05 10 20 18 40 015  -1543.50   1056.09   2599.58   -243.70
0625213 2024 05 10 20 19 00 012  -1542.76   1068.36   2611.12   -237.20
0626253 2024 05 10 20 19 20 012  -1542.65   1077.22   2619.87   -232.72
0627293 2024 05 10 20 19 40 013  -1566.09   1088.99   2655.07   -238.55
0628332 2024 05 10 20 20 00 001  -1552.00   1101.50   2653.49   -225.25
0629371 2024 05 10 20 20 20 000  -1567.75   1114.13   2681.88   -226.81
0630410 2024 05 10 20 20 40 008  -1579.31   1136.44   2715.75   -221.44
0631448 2024 05 10 20 21 00 002  -1532.59   1163.76   2696.35   -184.41
0632487 2024 05 10 20 21 20 016  -1487.23   1186.55   2673.78   -150.34
0633525 2024 05 10 20 21 40 003  -1463.89   1198.41   2662.30   -132.74
0634564 2024 05 10 20 22 00 006  -1440.22   1222.83   2663.06   -108.70
0635603 2024 05 10 20 22 20 006  -1380.71   1248.78   2629.48    -65.96
0636642 2024 05 10 20 22 40 007  -1306.57   1276.36   2582.93    -15.10
0637681 2024 05 10 20 23 00 010  -1264.01   1308.45   2572.46     22.22
0638720 2024 05 10 20 23 20 014  -1215.94   1334.47   2550.40     59.27
0639759 2024 05 10 20 23 40 015  -1208.01   1358.83   2566.83     75.41
0640798 2024 05 10 20 24 00 017  -1231.36   1375.28   2606.64     71.96
0641836 2024 05 10 20 24 20 002  -1205.00   1377.38   2582.38     86.19
0642875 2024 05 10 20 24 40 003  -1220.12   1375.60   2595.73     77.74
0643914 2024 05 10 20 25 00 005  -1282.04   1394.01   2676.05     55.99
0644953 2024 05 10 20 25 20 010  -1289.82   1379.54   2669.36     44.86
0645992 2024 05 10 20 25 40 014  -1281.72   1355.02   2636.74     36.65
0647031 2024 05 10 20 26 00 015  -1322.53   1302.08   2624.60    -10.23
0648070 2024 05 10 20 26 20 018  -1303.35   1247.79   2551.14    -27.78
0649108 2024 05 10 20 26 40 006  -1286.98   1240.96   2527.94    -23.01
0650147 2024 05 10 20 27 00 014  -1302.95   1258.02   2560.97    -22.46
0651185 2024 05 10 20 27 20 006  -1328.48   1278.24   2606.72    -25.12
0652223 2024 05 10 20 27 40 006  -1351.25   1298.04   2649.29    -26.61
0653261 2024 05 10 20 28 00 013  -1382.00   1300.48   2682.48    -40.76
0654299 2024 05 10 20 28 20 010  -1414.32   1290.34   2704.66    -61.99
0655338 2024 05 10 20 28 40 011  -1421.02   1240.39   2661.41    -90.31
0656377 2024 05 10 20 29 00 009  -1428.10   1235.75   2663.85    -96.18
0657416 2024 05 10 20 29 20 005  -1420.69   1231.02   2651.71    -94.84
0658456 2024 05 10 20 29 40 016  -1421.13   1235.27   2656.40    -92.93
0659495 2024 05 10 20 30 00 009  -1420.25   1238.96   2659.21    -90.64
0660534 2024 05 10 20 30 20 003  -1419.12   1248.66   2667.79    -85.23
0661574 2024 05 10 20 30 40 012  -1358.85   1238.94   2597.79    -59.96
0662613 2024 05 10 20 31 00 003  -1405.74   1214.05   2619.78    -95.85
0663653 2024 05 10 20 31 20 016  -1407.30   1216.36   2623.66    -95.47
0664692 2024 05 10 20 31 40 010  -1430.40   1211.17   2641.57   -109.61
0665731 2024 05 10 20 32 00 000  -1397.05   1184.81   2581.86   -106.12
0666771 2024 05 10 20 32 20 008  -1423.27   1169.30   2592.57   -126.98
0667811 2024 05 10 20 32 40 010  -1447.74   1163.98   2611.71   -141.88
0668851 2024 05 10 20 33 00 006  -1429.11   1157.75   2586.87   -135.68
0669891 2024 05 10 20 33 20 000  -1410.29   1163.20   2573.49   -123.54
0670932 2024 05 10 20 33 40 012  -1376.84   1185.88   2562.72    -95.48
0671972 2024 05 10 20 34 00 008  -1361.19   1200.25   2561.44    -80.47
0673012 2024 05 10 20 34 20 003  -1354.30   1215.71   2570.01    -69.29
0674053 2024 05 10 20 34 40 016  -1354.09   1231.46   2585.55    -61.31
0675093 2024 05 10 20 35 00 006  -1359.17   1236.99   2596.16    -61.09
0676134 2024 05 10 20 35 20 011  -1314.51   1244.03   2558.54    -35.24
0677175 2024 05 10 20 35 40 012  -1295.62   1253.13   2548.75    -21.24
0678216 2024 05 10 20 36 00 013  -1274.40   1291.36   2565.77      8.48
0679257 2024 05 10 20 36 20 018  -1247.58   1338.30   2585.88     45.36
0680297 2024 05 10 20 36 40 007  -1212.41   1367.35   2579.76     77.47
0681337 2024 05 10 20 37 00 001  -1230.24   1400.20   2630.44     84.98
0682378 2024 05 10 20 37 20 018  -1209.54   1419.51   2629.05    104.98
0683418 2024 05 10 20 37 40 017  -1201.47   1416.18   2617.65    107.36
0684458 2024 05 10 20 38 00 012  -1206.60   1403.76   2610.36     98.58
0685498 2024 05 10 20 38 20 007  -1182.24   1364.98   2547.23     91.37
0686539 2024 05 10 20 38 40 017  -1220.01   1328.21   2548.22     54.10
0687579 2024 05 10 20 39 00 003  -1281.33   1287.25   2568.58      2.96
0688620 2024 05 10 20 39 20 004  -1238.12   1246.61   2484.73      4.24
0689661 2024 05 10 20 39 40 003  -1238.86   1206.02   2444.89    -16.42
0690702 2024 05 10 20 40 00 012  -1235.44   1203.47   2438.90    -15.98
0691742 2024 05 10 20 40 20 010  -1311.51   1195.39   2506.90    -58.06
0692782 2024 05 10 20 40 40 016  -1325.52   1198.02   2523.54    -63.75
0693822 2024 05 10 20 41 00 018  -1307.09   1187.32   2494.40    -59.88
0694862 2024 05 10 20 41 20 015  -1322.22   1164.20   2486.42    -79.01
0695902 2024 05 10 20 41 40 000  -1320.35   1158.83   2479.18    -80.76
0696943 2024 05 10 20 42 00 003  -1299.23   1164.06   2463.28    -67.58
0697984 2024 05 10 20 42 20 010  -1289.50   1161.55   2451.05    -63.98
0699024 2024 05 10 20 42 40 003  -1315.17   1161.22   2476.39    -76.97
0700065 2024 05 10 20 43 00 017  -1315.01   1164.12   2479.13    -75.44
0701105 2024 05 10 20 43 20 006  -1308.95   1156.98   2465.93    -75.99
0702146 2024 05 10 20 43 40 014  -1310.89   1148.36   2459.24    -81.27
0703186 2024 05 10 20 44 00 004  -1326.01   1141.49   2467.50    -92.26
0704227 2024 05 10 20 44 20 013  -1337.19   1139.74   2476.93    -98.72
0705267 2024 05 10 20 44 40 001  -1348.37   1139.39   2487.77   -104.49
0706308 2024 05 10 20 45 00 009  -1362.05   1131.69   2493.74   -115.18
0707349 2024 05 10 20 45 20 015  -1377.39   1125.97   2503.37   -125.71
0708389 2024 05 10 20 45 40 005  -1384.96   1112.09   2497.05   -136.43
0709430 2024 05 10 20 46 00 014  -1383.32   1102.23   2485.55   -140.54
0710470 2024 05 10 20 46 20 002  -1381.88   1094.73   2476.61   -143.57
0711511 2024 05 10 20 46 40 008  -1375.91   1090.29   2466.20   -142.81
0712552 2024 05 10 20 47 00 009  -1376.69   1084.61   2461.30   -146.04
0713593 2024 05 10 20 47 20 009  -1367.65   1079.13   2446.78   -144.26
0714634 2024 05 10 20 47 40 010  -1368.43   1072.14   2440.57   -148.15
0715675 2024 05 10 20 48 00 012  -1364.86   1065.88   2430.74   -149.49
0716715 2024 05 10 20 48 20 000  -1360.91   1071.50   2432.41   -144.71
0717756 2024 05 10 20 48 40 009  -1375.47   1074.38   2449.85   -150.55
0718796 2024 05 10 20 49 00 000  -1396.48   1085.10   2481.58   -155.69
0719837 2024 05 10 20 49 20 012  -1412.47   1086.08   2498.55   -163.20
0720877 2024 05 10 20 49 40 006  -1419.21   1084.61   2503.82   -167.30
0721918 2024 05 10 20 50 00 017  -1421.10   1083.29   2504.39   -168.90
0722958 2024 05 10 20 50 20 007  -1414.61   1082.59   2497.20   -166.01
0723999 2024 05 10 20 50 40 015  -1411.21   1077.48   2488.69   -166.87
0725040 2024 05 10 20 51 00 018  -1409.91   1076.33   2486.24   -166.79
0726080 2024 05 10 20 51 20 001  -1369.73   1098.23   2467.96   -135.75
0727121 2024 05 10 20 51 40 003  -1373.50   1097.27   2470.77   -138.12
0728162 2024 05 10 20 52 00 005  -1439.93   1064.97   2504.90   -187.48
0729203 2024 05 10 20 52 20 010  -1459.59   1060.86   2520.44   -199.37
0730244 2024 05 10 20 52 40 012  -1471.27   1057.75   2529.02   -206.76
0731285 2024 05 10 20 53 00 012  -1477.35   1055.87   2533.22   -210.74
0732326 2024 05 10 20 53 20 013  -1466.68   1058.13   2524.81   -204.27
0733367 2024 05 10 20 53 40 016  -1457.15   1059.77   2516.92   -198.69
0734407 2024 05 10 20 54 00 001  -1447.31   1054.81   2502.11   -196.25
0735448 2024 05 10 20 54 20 005  -1467.61   1055.38   2522.99   -206.12
0736489 2024 05 10 20 54 40 009  -1503.31   1059.72   2563.03   -221.79
0737530 2024 05 10 20 55 00 014  -1525.11   1059.83   2584.94   -232.64
0738570 2024 05 10 20 55 20 003  -1477.26   1072.37   2549.63   -202.44
0739611 2024 05 10 20 55 40 012  -1485.72   1069.15   2554.87   -208.28
0740651 2024 05 10 20 56 00 003  -1542.98   1059.03   2602.01   -241.97
0741692 2024 05 10 20 56 20 014  -1552.19   1071.86   2624.05   -240.16
0742732 2024 05 10 20 56 40 005  -1559.14   1083.97   2643.12   -237.59
0743773 2024 05 10 20 57 00 017  -1563.39   1088.39   2651.78   -237.50
0744813 2024 05 10 20 57 20 009  -1562.55   1092.63   2655.19   -234.96
0745853 2024 05 10 20 57 40 001  -1544.65   1088.43   2633.08   -228.11
0746894 2024 05 10 20 58 00 014  -1532.62   1092.16   2624.78   -220.23
0747934 2024 05 10 20 58 20 010  -1522.93   1097.36   2620.29   -212.78
0748974 2024 05 10 20 58 40 008  -1534.29   1099.02   2633.31   -217.63
0750014 2024 05 10 20 59 00 009  -1563.28   1102.45   2665.73   -230.42
0751054 2024 05 10 20 59 20 011  -1579.60   1106.01   2685.61   -236.79
0752094 2024 05 10 20 59 40 012  -1569.14   1102.96   2672.11   -233.09
0753134 2024 05 10 21 00 00 000  -1564.24   1102.27   2666.51   -230.99
0754175 2024 05 10 21 00 20 017  -1532.51   1118.81   2651.32   -206.85
0755215 2024 05 10 21 00 40 012  -1530.00   1122.98   2652.98   -203.51
0756255 2024 05 10 21 01 00 004  -1553.76   1105.88   2659.64   -223.94
0757296 2024 05 10 21 01 20 012  -1555.30   1111.93   2667.23   -221.69
0758337 2024 05 10 21 01 40 018  -1544.83   1107.01   2651.85   -218.91
0759377 2024 05 10 21 02 00 003  -1533.65   1104.53   2638.18   -214.56
0760418 2024 05 10 21 02 20 005  -1524.88   1102.86   2627.74   -211.01
0761459 2024 05 10 21 02 40 001  -1523.72   1106.67   2630.39   -208.53
0762501 2024 05 10 21 03 00 009  -1527.06   1114.56   2641.62   -206.25
0763543 2024 05 10 21 03 20 015  -1519.21   1116.88   2636.09   -201.17
0764584 2024 05 10 21 03 40 002  -1524.34   1128.53   2652.87   -197.90
0765626 2024 05 10 21 04 00 009  -1530.63   1142.15   2672.78   -194.24
0766667 2024 05 10 21 04 20 000  -1509.41   1163.23   2672.64   -173.09
0767709 2024 05 10 21 04 40 015  -1511.98   1164.88   2676.87   -173.55
0768750 2024 05 10 21 05 00 011  -1520.64   1169.40   2690.04   -175.62
0769791 2024 05 10 21 05 20 005  -1530.13   1172.96   2703.09   -178.58
0770833 2024 05 10 21 05 40 013  -1530.55   1163.27   2693.82   -183.64
0771874 2024 05 10 21 06 00 002  -1532.88   1148.75   2681.63   -192.07
0772916 2024 05 10 21 06 20 014  -1524.38   1132.12   2656.50   -196.13
0773957 2024 05 10 21 06 40 006  -1531.08   1121.37   2652.45   -204.85
0774999 2024 05 10 21 07 00 018  -1534.61   1107.32   2641.93   -213.64
0776040 2024 05 10 21 07 20 011  -1548.52   1102.16   2650.68   -223.18
0777081 2024 05 10 21 07 40 001  -1546.28   1089.76   2636.05   -228.26
0778123 2024 05 10 21 08 00 002  -1534.35   1079.32   2613.66   -227.52
0779166 2024 05 10 21 08 20 015  -1526.46   1060.17   2586.63   -233.14
0780208 2024 05 10 21 08 40 004  -1525.67   1041.20   2566.87   -242.23
0781251 2024 05 10 21 09 00 008  -1532.35   1018.40   2550.75   -256.97
0782294 2024 05 10 21 09 20 011  -1558.33   1001.23   2559.55   -278.55
0783337 2024 05 10 21 09 40 015  -1569.01    987.39   2556.40   -290.81
0784380 2024 05 10 21 10 00 017  -1586.11    976.41   2562.52   -304.85
0785423 2024 05 10 21 10 20 017  -1601.95    971.50   2573.45   -315.23
0786465 2024 05 10 21 10 40 000  -1617.25    954.03   2571.28   -331.61
0787508 2024 05 10 21 11 00 003  -1623.40    924.22   2547.62   -349.59
0788551 2024 05 10 21 11 20 006  -1647.82    898.58   2546.40   -374.62
0789594 2024 05 10 21 11 40 007  -1661.88    879.10   2540.98   -391.39
0790637 2024 05 10 21 12 00 005  -1689.46    871.67   2561.13   -408.89
0791680 2024 05 10 21 12 20 001  -1716.03    871.67   2587.71   -422.18
0792724 2024 05 10 21 12 40 018  -1724.64    884.54   2609.19   -420.05
0793767 2024 05 10 21 13 00 015  -1732.27    888.70   2620.97   -421.79
0794810 2024 05 10 21 13 20 015  -1728.93    901.90   2630.83   -413.52
0795853 2024 05 10 21 13 40 015  -1725.96    916.17   2642.13   -404.89
0796896 2024 05 10 21 14 00 015  -1698.55    910.71   2609.26   -393.92
0797939 2024 05 10 21 14 20 015  -1699.73    920.88   2620.60   -389.43
0798981 2024 05 10 21 14 40 000  -1701.94    921.30   2623.25   -390.32
0800024 2024 05 10 21 15 00 008  -1695.38    929.05   2624.43   -383.16
0801066 2024 05 10 21 15 20 000  -1716.27    932.94   2649.20   -391.66
0802109 2024 05 10 21 15 40 014  -1744.28    945.45   2689.73   -399.41
0803151 2024 05 10 21 16 00 010  -1731.72    939.26   2670.99   -396.23
0804193 2024 05 10 21 16 20 011  -1713.26    940.96   2654.22   -386.15
0805235 2024 05 10 21 16 40 007  -1721.08    927.97   2649.05   -396.56
0806278 2024 05 10 21 17 00 018  -1711.63    938.81   2650.44   -386.41
0807320 2024 05 10 21 17 20 008  -1712.57    934.04   2646.60   -389.27
0808363 2024 05 10 21 17 40 017  -1689.87    932.13   2621.99   -378.87
0809405 2024 05 10 21 18 00 007  -1672.99    938.12   2611.11   -367.44
0810448 2024 05 10 21 18 20 014  -1657.90    961.38   2619.27   -348.26
0811490 2024 05 10 21 18 40 000  -1641.27    970.90   2612.17   -335.19
0812533 2024 05 10 21 19 00 004  -1630.71    981.59   2612.30   -324.56
0813576 2024 05 10 21 19 20 004  -1609.23    984.61   2593.84   -312.31
0814619 2024 05 10 21 19 40 006  -1580.42    989.13   2569.54   -295.65
0815662 2024 05 10 21 20 00 012  -1556.58   1002.36   2558.95   -277.11
0816704 2024 05 10 21 20 20 004  -1524.52   1014.72   2539.23   -254.90
0817747 2024 05 10 21 20 40 017  -1492.15   1022.00   2514.15   -235.07
0818789 2024 05 10 21 21 00 012  -1457.79   1036.42   2494.21   -210.69
0819831 2024 05 10 21 21 20 008  -1430.36   1030.87   2461.22   -199.74
0820873 2024 05 10 21 21 40 004  -1406.94   1033.09   2440.04   -186.93
0821916 2024 05 10 21 22 00 015  -1398.98   1046.16   2445.14   -176.41
0822958 2024 05 10 21 22 20 001  -1365.67   1057.91   2423.58   -153.88
0824001 2024 05 10 21 22 40 009  -1334.96   1062.37   2397.33   -136.29
0825043 2024 05 10 21 23 00 002  -1335.76   1076.64   2412.40   -129.56
0826086 2024 05 10 21 23 20 019  -1318.64   1100.34   2418.98   -109.15
0827128 2024 05 10 21 23 40 013  -1295.03   1130.74   2425.77    -82.15
0828170 2024 05 10 21 24 00 004  -1288.51   1160.81   2449.31    -63.85
0829213 2024 05 10 21 24 20 015  -1302.14   1191.36   2493.50    -55.39
0830255 2024 05 10 21 24 40 005  -1308.65   1214.77   2523.42    -46.94
0831298 2024 05 10 21 25 00 014  -1346.73   1236.74   2583.47    -55.00
0832340 2024 05 10 21 25 20 009  -1384.49   1255.72   2640.21    -64.39
0833382 2024 05 10 21 25 40 017  -1393.53   1278.60   2672.13    -57.47
0834422 2024 05 10 21 26 00 000  -1423.46   1288.73   2712.19    -67.36
0835463 2024 05 10 21 26 20 012  -1469.92   1303.01   2772.93    -83.45
0836503 2024 05 10 21 26 40 015  -1454.79   1303.18   2757.97    -75.80
0837542 2024 05 10 21 27 00 000  -1441.71   1294.94   2736.65    -73.38
0838582 2024 05 10 21 27 20 003  -1455.12   1280.30   2735.43    -87.41
0839622 2024 05 10 21 27 40 007  -1466.63   1249.52   2716.14   -108.56
0840662 2024 05 10 21 28 00 013  -1491.64   1215.73   2707.38   -137.95
0841701 2024 05 10 21 28 20 000  -1544.30   1206.63   2750.93   -168.83
0842741 2024 05 10 21 28 40 006  -1580.80   1165.93   2746.72   -207.44
0843781 2024 05 10 21 29 00 012  -1614.76   1153.39   2768.16   -230.68
0844821 2024 05 10 21 29 20 014  -1652.09   1163.66   2815.75   -244.21
0845861 2024 05 10 21 29 40 013  -1708.93   1166.26   2875.19   -271.34
0846901 2024 05 10 21 30 00 013  -1755.96   1173.81   2929.77   -291.08
0847941 2024 05 10 21 30 20 015  -1760.07   1194.97   2955.04   -282.55
0848980 2024 05 10 21 30 40 009  -1768.19   1207.10   2975.29   -280.55
0850019 2024 05 10 21 31 00 011  -1815.97   1209.47   3025.44   -303.25
0851058 2024 05 10 21 31 20 006  -1829.74   1215.21   3044.95   -307.27
0852098 2024 05 10 21 31 40 018  -1825.93   1232.32   3058.26   -296.81
0853137 2024 05 10 21 32 00 016  -1805.78   1254.14   3059.92   -275.82
0854176 2024 05 10 21 32 20 018  -1814.08   1264.83   3078.91   -274.63
0855214 2024 05 10 21 32 40 009  -1818.80   1280.54   3099.34   -269.13
0856252 2024 05 10 21 33 00 000  -1829.53   1284.24   3113.77   -272.65
0857291 2024 05 10 21 33 20 010  -1837.19   1292.31   3129.50   -272.44
0858329 2024 05 10 21 33 40 001  -1851.22   1297.14   3148.37   -277.04
0859368 2024 05 10 21 34 00 018  -1882.41   1307.28   3189.69   -287.57
0860405 2024 05 10 21 34 20 004  -1935.37   1309.69   3245.05   -312.84
0861443 2024 05 10 21 34 40 016  -1966.31   1277.23   3243.54   -344.54
0862479 2024 05 10 21 35 00 005  -2002.01   1161.00   3163.01   -420.51
0863515 2024 05 10 21 35 20 000  -1958.21   1146.58   3104.79   -405.82
0864551 2024 05 10 21 35 40 005  -1943.43   1158.50   3101.93   -392.47
0865587 2024 05 10 21 36 00 007  -1915.68   1207.75   3123.42   -353.96
0866623 2024 05 10 21 36 20 003  -1934.59   1233.93   3168.52   -350.33
0867660 2024 05 10 21 36 40 016  -1971.37   1275.84   3247.21   -347.76
0868696 2024 05 10 21 37 00 010  -1933.11   1301.18   3234.28   -315.97
0869732 2024 05 10 21 37 20 009  -1948.90   1332.23   3281.13   -308.33
0870768 2024 05 10 21 37 40 005  -1975.91   1330.70   3306.61   -322.61
0871806 2024 05 10 21 38 00 015  -1943.16   1327.10   3270.26   -308.03
0872843 2024 05 10 21 38 20 000  -2017.93   1338.82   3356.75   -339.56
0873881 2024 05 10 21 38 40 012  -2116.32   1333.46   3449.78   -391.43
0874918 2024 05 10 21 39 00 015  -2164.60   1310.04   3474.64   -427.28
0875954 2024 05 10 21 39 20 004  -2159.26   1310.86   3470.12   -424.20
0876991 2024 05 10 21 39 40 014  -2114.78   1322.14   3436.92   -396.32
0878028 2024 05 10 21 40 00 018  -2090.57   1336.52   3427.08   -377.03
0879064 2024 05 10 21 40 20 012  -2069.09   1344.85   3413.94   -362.12
0880100 2024 05 10 21 40 40 006  -2035.42   1356.18   3391.60   -339.62
0881137 2024 05 10 21 41 00 012  -1956.26   1361.54   3317.80   -297.36
0882173 2024 05 10 21 41 20 007  -1903.97   1362.42   3266.39   -270.78
0883209 2024 05 10 21 41 40 013  -1853.37   1357.71   3211.08   -247.83
0884245 2024 05 10 21 42 00 016  -1819.00   1344.27   3163.28   -237.37
0885281 2024 05 10 21 42 20 012  -1780.52   1328.79   3109.31   -225.87
0886317 2024 05 10 21 42 40 005  -1749.08   1310.34   3059.43   -219.37
0887354 2024 05 10 21 43 00 015  -1705.89   1286.93   2992.81   -209.48
0888390 2024 05 10 21 43 20 001  -1669.06   1262.40   2931.46   -203.33
0889428 2024 05 10 21 43 40 012  -1643.91   1234.45   2878.35   -204.73
0890466 2024 05 10 21 44 00 002  -1601.32   1216.98   2818.30   -192.17
0891506 2024 05 10 21 44 20 011  -1558.11   1203.70   2761.81   -177.21
0892546 2024 05 10 21 44 40 014  -1539.39   1187.60   2726.98   -175.89
0893585 2024 05 10 21 45 00 017  -1565.78   1162.40   2728.18   -201.69
0894623 2024 05 10 21 45 20 015  -1601.54   1133.80   2735.33   -233.87
0895660 2024 05 10 21 45 40 003  -1697.93   1119.65   2817.59   -289.14
0896697 2024 05 10 21 46 00 015  -1610.22   1155.43   2765.65   -227.40
0897732 2024 05 10 21 46 20 004  -1667.71   1201.24   2868.95   -233.23
0898768 2024 05 10 21 46 40 014  -1825.81   1267.67   3093.48   -279.07
0899803 2024 05 10 21 47 00 005  -1888.79   1253.54   3142.33   -317.62
0900839 2024 05 10 21 47 20 018  -1882.41   1230.30   3112.71   -326.05
0901874 2024 05 10 21 47 40 003  -1846.98   1195.53   3042.51   -325.73
0902911 2024 05 10 21 48 00 005  -1874.48   1173.63   3048.11   -350.43
0903950 2024 05 10 21 48 20 018  -1904.78   1137.14   3041.91   -383.82
0904989 2024 05 10 21 48 40 011  -1933.05   1121.62   3054.67   -405.72
0906029 2024 05 10 21 49 00 005  -2021.59   1134.48   3156.07   -443.55
0907070 2024 05 10 21 49 20 010  -2023.82   1141.52   3165.35   -441.15
0908110 2024 05 10 21 49 40 008  -2013.70   1140.33   3154.03   -436.68
0909149 2024 05 10 21 50 00 005  -1998.45   1145.65   3144.11   -426.40
0910188 2024 05 10 21 50 20 009  -1959.29   1145.89   3105.18   -406.70
0911227 2024 05 10 21 50 40 005  -1919.89   1135.05   3054.94   -392.42
0912267 2024 05 10 21 51 00 005  -1909.09   1124.06   3033.14   -392.52
0913308 2024 05 10 21 51 20 018  -1896.12   1105.09   3001.21   -395.52
0914348 2024 05 10 21 51 40 004  -1901.99   1085.03   2987.03   -408.48
0915389 2024 05 10 21 52 00 008  -1860.28   1057.03   2917.32   -401.63
0916430 2024 05 10 21 52 20 013  -1859.23   1025.44   2884.67   -416.90
0917471 2024 05 10 21 52 40 015  -1830.01    996.98   2826.99   -416.52
0918512 2024 05 10 21 53 00 006  -1784.35    957.75   2742.11   -413.30
0919554 2024 05 10 21 53 20 007  -1769.64    929.94   2699.59   -419.85
0920597 2024 05 10 21 53 40 015  -1749.65    917.39   2667.04   -416.13
0921640 2024 05 10 21 54 00 013  -1755.44    914.61   2670.05   -420.42
0922684 2024 05 10 21 54 20 015  -1739.75    930.34   2670.09   -404.71
0923728 2024 05 10 21 54 40 004  -1744.90    947.56   2692.47   -398.67
0924773 2024 05 10 21 55 00 004  -1746.77    965.98   2712.75   -390.39
0925819 2024 05 10 21 55 20 014  -1742.69    969.00   2711.70   -386.85
0926865 2024 05 10 21 55 40 013  -1720.69    969.80   2690.49   -375.44
0927912 2024 05 10 21 56 00 012  -1704.16    970.54   2674.70   -366.81
0928960 2024 05 10 21 56 20 016  -1695.57    959.06   2654.63   -368.25
0930008 2024 05 10 21 56 40 013  -1692.09    946.25   2638.34   -372.92
0931056 2024 05 10 21 57 00 009  -1692.47    945.44   2637.91   -373.51
0932104 2024 05 10 21 57 20 004  -1691.40    950.64   2642.05   -370.38
0933153 2024 05 10 21 57 40 014  -1691.14    953.09   2644.23   -369.03
0934201 2024 05 10 21 58 00 000  -1686.57    958.32   2644.89   -364.12
0935250 2024 05 10 21 58 20 002  -1673.81    955.04   2628.85   -359.38
0936299 2024 05 10 21 58 40 004  -1674.27    949.16   2623.44   -362.56
0937348 2024 05 10 21 59 00 009  -1667.93    958.76   2626.69   -354.58
0938396 2024 05 10 21 59 20 003  -1664.20    979.16   2643.36   -342.52
0939444 2024 05 10 21 59 40 007  -1679.17    996.70   2675.87   -341.23
0940492 2024 05 10 22 00 00 000  -1694.10   1005.39   2699.49   -344.36
0941540 2024 05 10 22 00 20 005  -1710.08   1010.42   2720.50   -349.83
0942588 2024 05 10 22 00 40 011  -1729.26   1019.00   2748.26   -355.13
0943635 2024 05 10 22 01 00 000  -1716.12   1037.78   2753.91   -339.17
0944683 2024 05 10 22 01 20 007  -1685.03   1051.89   2736.92   -316.57
0945731 2024 05 10 22 01 40 015  -1666.29   1062.90   2729.19   -301.70
0946778 2024 05 10 22 02 00 011  -1673.05   1079.16   2752.21   -296.94
0947824 2024 05 10 22 02 20 002  -1659.51   1085.71   2745.22   -286.90
0948871 2024 05 10 22 02 40 015  -1658.54   1093.16   2751.70   -282.69
0949917 2024 05 10 22 03 00 002  -1648.57   1093.32   2741.89   -277.62
0950965 2024 05 10 22 03 20 014  -1641.95   1086.90   2728.85   -277.53
0952013 2024 05 10 22 03 40 013  -1621.09   1069.07   2690.16   -276.01
0953061 2024 05 10 22 04 00 009  -1624.11   1051.19   2675.30   -286.46
0954109 2024 05 10 22 04 20 008  -1613.92   1024.35   2638.28   -294.79
0955157 2024 05 10 22 04 40 012  -1610.52    998.62   2609.14   -305.95
0956204 2024 05 10 22 05 00 001  -1606.45    987.99   2594.44   -309.23
0957252 2024 05 10 22 05 20 010  -1606.62    982.30   2588.92   -312.16
0958300 2024 05 10 22 05 40 016  -1593.80   1000.87   2594.66   -296.46
0959347 2024 05 10 22 06 00 001  -1585.98   1015.04   2601.02   -285.47
0960396 2024 05 10 22 06 20 009  -1572.27   1025.89   2598.16   -273.19
0961445 2024 05 10 22 06 40 004  -1574.19   1029.70   2603.89   -272.24
0962495 2024 05 10 22 07 00 014  -1588.80   1034.83   2623.63   -276.99
0963544 2024 05 10 22 07 20 010  -1590.36   1053.39   2643.74   -268.48
0964593 2024 05 10 22 07 40 013  -1634.10   1101.05   2735.15   -266.53
0965641 2024 05 10 22 08 00 000  -1649.99   1140.93   2790.93   -254.53
0966691 2024 05 10 22 08 20 017  -1741.40   1161.09   2902.49   -290.15
0967740 2024 05 10 22 08 40 001  -1772.08   1177.23   2949.31   -297.42
0968791 2024 05 10 22 09 00 016  -1740.00   1167.85   2907.85   -286.07
0969841 2024 05 10 22 09 20 007  -1695.92   1156.01   2851.92   -269.96
0970892 2024 05 10 22 09 40 009  -1709.58   1145.32   2854.90   -282.13
0971943 2024 05 10 22 10 00 010  -1687.06   1158.35   2845.41   -264.36
0972994 2024 05 10 22 10 20 016  -1718.91   1171.27   2890.18   -273.82
0974044 2024 05 10 22 10 40 009  -1765.39   1186.53   2951.92   -289.43
0975094 2024 05 10 22 11 00 008  -1818.78   1201.64   3020.41   -308.57
0976144 2024 05 10 22 11 20 017  -1872.89   1213.23   3086.12   -329.83
0977192 2024 05 10 22 11 40 002  -1938.47   1213.19   3151.66   -362.64
0978240 2024 05 10 22 12 00 004  -1918.16   1224.71   3142.87   -346.72
0979287 2024 05 10 22 12 20 005  -1950.03   1218.69   3168.72   -365.67
0980333 2024 05 10 22 12 40 008  -1975.21   1199.77   3174.98   -387.72
0981377 2024 05 10 22 13 00 003  -1995.68   1180.98   3176.65   -407.35
0982420 2024 05 10 22 13 20 012  -2029.98   1160.36   3190.35   -434.81
0983461 2024 05 10 22 13 40 008  -2132.25   1160.85   3293.11   -485.70
0984502 2024 05 10 22 14 00 010  -2206.07   1189.63   3395.69   -508.22
0985543 2024 05 10 22 14 20 013  -2236.80   1238.11   3474.91   -499.34
0986584 2024 05 10 22 14 40 018  -2331.68   1286.26   3617.94   -522.71
0987624 2024 05 10 22 15 00 008  -2417.85   1288.17   3706.03   -564.84
0988664 2024 05 10 22 15 20 004  -2459.50   1276.22   3735.72   -591.64
0989705 2024 05 10 22 15 40 017  -2452.90   1261.65   3714.55   -595.63
0990745 2024 05 10 22 16 00 004  -2436.98   1281.81   3718.79   -577.58
0991786 2024 05 10 22 16 20 005  -2444.06   1284.19   3728.25   -579.93
0992827 2024 05 10 22 16 40 005  -2455.63   1297.66   3753.29   -578.98
0993868 2024 05 10 22 17 00 004  -2456.92   1329.42   3786.35   -563.75
0994909 2024 05 10 22 17 20 000  -2454.42   1339.46   3793.88   -557.48
0995951 2024 05 10 22 17 40 018  -2395.67   1365.85   3761.52   -514.91
0996991 2024 05 10 22 18 00 006  -2378.19   1382.51   3760.69   -497.84
0998031 2024 05 10 22 18 20 004  -2407.23   1395.53   3802.76   -505.85
0999071 2024 05 10 22 18 40 012  -2435.27   1414.84   3850.11   -510.21
1000110 2024 05 10 22 19 00 010  -2479.67   1429.86   3909.53   -524.91
1001148 2024 05 10 22 19 20 001  -2478.15   1430.70   3908.85   -523.73
1002186 2024 05 10 22 19 40 002  -2427.53   1435.30   3862.83   -496.12
1003224 2024 05 10 22 20 00 006  -2382.37   1445.71   3828.08   -468.33
1004262 2024 05 10 22 20 20 007  -2346.42   1449.08   3795.50   -448.67
1005300 2024 05 10 22 20 40 001  -2313.41   1427.44   3740.85   -442.99
1006340 2024 05 10 22 21 00 018  -2219.00   1414.62   3633.61   -402.19
1007379 2024 05 10 22 21 20 002  -2159.87   1387.97   3547.83   -385.95
1008420 2024 05 10 22 21 40 015  -2276.42   1305.84   3582.26   -485.29
1009460 2024 05 10 22 22 00 000  -2275.21   1286.45   3561.66   -494.38
1010502 2024 05 10 22 22 20 011  -2290.21   1276.04   3566.25   -507.09
1011544 2024 05 10 22 22 40 015  -2263.69   1292.87   3556.56   -485.41
1012586 2024 05 10 22 23 00 015  -2254.83   1292.78   3547.61   -481.02
1013628 2024 05 10 22 23 20 016  -2238.45   1288.64   3527.09   -474.91
1014669 2024 05 10 22 23 40 005  -2222.91   1271.44   3494.35   -475.74
1015710 2024 05 10 22 24 00 000  -2166.41   1265.74   3432.14   -450.33
1016751 2024 05 10 22 24 20 000  -2181.27   1244.47   3425.74   -468.40
1017792 2024 05 10 22 24 40 005  -2108.40   1240.86   3349.26   -433.77
1018833 2024 05 10 22 25 00 016  -2046.33   1239.87   3286.20   -403.23
1019873 2024 05 10 22 25 20 016  -2050.62   1229.94   3280.57   -410.34
1020912 2024 05 10 22 25 40 000  -1970.29   1217.09   3187.38   -376.60
1021952 2024 05 10 22 26 00 006  -1937.29   1201.73   3139.02   -367.78
1022992 2024 05 10 22 26 20 012  -1920.86   1188.27   3109.12   -366.30
1024031 2024 05 10 22 26 40 001  -1911.39   1172.66   3084.05   -369.36
1025071 2024 05 10 22 27 00 004  -1958.65   1168.71   3127.36   -394.97
1026112 2024 05 10 22 27 20 015  -2028.72   1177.44   3206.16   -425.64
1027152 2024 05 10 22 27 40 005  -2073.58   1176.47   3250.05   -448.55
1028192 2024 05 10 22 28 00 001  -2044.14   1189.53   3233.67   -427.31
1029232 2024 05 10 22 28 20 004  -1980.62   1178.31   3158.93   -401.15
1030272 2024 05 10 22 28 40 015  -2196.15   1233.76   3429.91   -481.20
1031311 2024 05 10 22 29 00 012  -2344.38   1292.04   3636.41   -526.17
1032350 2024 05 10 22 29 20 017  -2385.00   1317.08   3702.08   -533.96
1033388 2024 05 10 22 29 40 007  -2365.63   1355.10   3720.73   -505.27
1034426 2024 05 10 22 30 00 011  -2410.60   1397.14   3807.74   -506.73
1035463 2024 05 10 22 30 20 004  -2436.66   1452.94   3889.60   -491.86
1036500 2024 05 10 22 30 40 000  -2371.43   1462.09   3833.52   -454.67
1037538 2024 05 10 22 31 00 013  -2394.75   1475.97   3870.72   -459.39
1038576 2024 05 10 22 31 20 016  -2392.86   1472.82   3865.68   -460.02
1039614 2024 05 10 22 31 40 013  -2253.73   1472.80   3726.53   -390.46
1040652 2024 05 10 22 32 00 015  -2308.72   1386.60   3695.32   -461.06
1041689 2024 05 10 22 32 20 013  -2304.47   1368.21   3672.68   -468.13
1042727 2024 05 10 22 32 40 012  -2267.35   1349.16   3616.51   -459.10
1043766 2024 05 10 22 33 00 003  -2263.33   1346.19   3609.52   -458.57
1044806 2024 05 10 22 33 20 002  -2231.18   1345.72   3576.89   -442.73
1045847 2024 05 10 22 33 40 016  -2248.50   1362.71   3611.22   -442.89
1046887 2024 05 10 22 34 00 006  -2202.85   1386.33   3589.18   -408.26
1047928 2024 05 10 22 34 20 010  -2217.25   1415.35   3632.60   -400.95
1048969 2024 05 10 22 34 40 009  -2113.67   1439.77   3553.44   -336.95
1050010 2024 05 10 22 35 00 015  -2156.75   1431.28   3588.04   -362.74
1051049 2024 05 10 22 35 20 002  -2357.90   1418.80   3776.70   -469.55
1052088 2024 05 10 22 35 40 007  -2487.99   1447.90   3935.88   -520.05
1053127 2024 05 10 22 36 00 018  -2507.47   1491.06   3998.53   -508.20
1054165 2024 05 10 22 36 20 012  -2470.35   1552.51   4022.87   -458.92
1055203 2024 05 10 22 36 40 001  -2483.76   1623.72   4107.48   -430.02
1056242 2024 05 10 22 37 00 011  -2454.85   1695.45   4150.29   -379.70
1057280 2024 05 10 22 37 20 004  -2393.89   1765.78   4159.67   -314.05
1058319 2024 05 10 22 37 40 018  -2395.27   1780.89   4176.16   -307.19
1059356 2024 05 10 22 38 00 003  -2427.06   1803.42   4230.48   -311.82
1060393 2024 05 10 22 38 20 008  -2427.63   1839.42   4267.04   -294.11
1061429 2024 05 10 22 38 40 010  -2445.61   1844.20   4289.82   -300.71
1062465 2024 05 10 22 39 00 011  -2488.43   1896.73   4385.16   -295.85
1063501 2024 05 10 22 39 20 014  -2563.47   1878.45   4441.92   -342.51
1064535 2024 05 10 22 39 40 001  -2563.07   1779.17   4342.24   -391.95
1065569 2024 05 10 22 40 00 018  -2641.55   1666.14   4307.68   -487.70
1066601 2024 05 10 22 40 20 004  -2679.02   1609.03   4288.05   -535.00
1067634 2024 05 10 22 40 40 003  -2768.35   1560.13   4328.48   -604.11
1068667 2024 05 10 22 41 00 000  -2754.71   1527.01   4281.71   -613.85
1069701 2024 05 10 22 41 20 015  -2621.33   1496.00   4117.34   -562.66
1070734 2024 05 10 22 41 40 017  -2469.25   1442.69   3911.94   -513.28
1071767 2024 05 10 22 42 00 018  -2281.94   1382.80   3664.74   -449.57
1072801 2024 05 10 22 42 20 014  -2243.18   1289.90   3533.07   -476.64
1073835 2024 05 10 22 42 40 012  -2158.31   1164.12   3322.42   -497.09
1074869 2024 05 10 22 43 00 008  -2019.93   1062.38   3082.32   -478.77
1075903 2024 05 10 22 43 20 015  -1922.92   1007.63   2930.56   -457.65
1076936 2024 05 10 22 43 40 018  -1775.77    964.54   2740.31   -405.61
1077970 2024 05 10 22 44 00 015  -1519.45   1025.43   2544.87   -247.01
1079006 2024 05 10 22 44 20 009  -1332.31   1162.44   2494.75    -84.94
1080044 2024 05 10 22 44 40 017  -1123.22   1291.96   2415.18     84.37
1081082 2024 05 10 22 45 00 013  -1037.75   1409.01   2446.76    185.63
1082120 2024 05 10 22 45 20 015   -994.29   1537.15   2531.44    271.43
1083156 2024 05 10 22 45 40 004   -917.33   1630.00   2547.33    356.33
1084191 2024 05 10 22 46 00 000   -872.56   1726.89   2599.45    427.16
1085226 2024 05 10 22 46 20 008   -819.48   1808.39   2627.87    494.46
1086260 2024 05 10 22 46 40 005   -790.75   1870.72   2661.47    539.98
1087294 2024 05 10 22 47 00 018   -682.26   1965.16   2647.42    641.45
1088325 2024 05 10 22 47 20 002   -520.71   2041.51   2562.22    760.40
1089355 2024 05 10 22 47 40 011   -552.12   2074.54   2626.66    761.21
1090382 2024 05 10 22 48 00 009   -583.00   2087.76   2670.76    752.38
1091409 2024 05 10 22 48 20 000   -486.05   2111.95   2598.00    812.95
1092438 2024 05 10 22 48 40 009   -424.33   2159.53   2583.86    867.60
1093467 2024 05 10 22 49 00 001   -419.05   2197.76   2616.81    889.35
1094498 2024 05 10 22 49 20 017   -442.57   2225.06   2667.63    891.25
1095529 2024 05 10 22 49 40 018   -474.08   2236.36   2710.44    881.14
1096560 2024 05 10 22 50 00 005   -518.09   2244.03   2762.12    862.97
1097593 2024 05 10 22 50 20 017   -546.18   2245.03   2791.22    849.43
1098626 2024 05 10 22 50 40 014   -524.90   2244.47   2769.37    859.78
1099659 2024 05 10 22 51 00 001   -516.96   2239.50   2756.46    861.27
1100694 2024 05 10 22 51 20 014   -491.24   2238.60   2729.84    873.68
1101729 2024 05 10 22 51 40 015   -491.27   2236.31   2727.58    872.52
1102764 2024 05 10 22 52 00 005   -477.38   2246.18   2723.56    884.40
1103800 2024 05 10 22 52 20 005   -406.78   2269.90   2676.68    931.56
1104837 2024 05 10 22 52 40 017   -345.45   2263.43   2608.88    958.99
1105873 2024 05 10 22 53 00 005   -343.65   2257.56   2601.21    956.95
1106910 2024 05 10 22 53 20 003   -341.76   2239.49   2581.25    948.87
1107948 2024 05 10 22 53 40 011   -341.57   2247.34   2588.91    952.88
1108986 2024 05 10 22 54 00 015   -336.63   2222.39   2559.02    942.88
1110024 2024 05 10 22 54 20 018   -332.23   2234.34   2566.57    951.05
1111061 2024 05 10 22 54 40 003   -326.99   2219.57   2546.56    946.29
1112099 2024 05 10 22 55 00 009   -322.07   2209.43   2531.50    943.68
1113136 2024 05 10 22 55 20 002   -316.38   2224.12   2540.50    953.87
1114173 2024 05 10 22 55 40 007   -311.35   2207.41   2518.76    948.03
1115209 2024 05 10 22 56 00 009   -305.58   2214.87   2520.45    954.65
1116244 2024 05 10 22 56 20 013   -299.86   2232.81   2532.68    966.48
1117278 2024 05 10 22 56 40 018   -294.45   2248.37   2542.83    976.96
1118310 2024 05 10 22 57 00 000   -297.16   2197.61   2494.76    950.22
1119343 2024 05 10 22 57 20 012   -289.69   2240.39   2530.08    975.35
1120375 2024 05 10 22 57 40 014   -286.86   2236.43   2523.29    974.79
1121406 2024 05 10 22 58 00 001   -294.60   2209.06   2503.65    957.23
1122438 2024 05 10 22 58 20 013   -305.29   2204.33   2509.62    949.52
1123469 2024 05 10 22 58 40 009   -312.95   2196.19   2509.14    941.62
1124500 2024 05 10 22 59 00 001   -319.62   2185.77   2505.39    933.08
1125534 2024 05 10 22 59 20 019   -341.78   2143.73   2485.51    900.97
1126568 2024 05 10 22 59 40 004   -348.06   2122.69   2470.75    887.32
1127605 2024 05 10 23 00 00 000   -362.85   2107.79   2470.64    872.47
1128644 2024 05 10 23 00 20 014   -375.76   2097.36   2473.12    860.80
1129683 2024 05 10 23 00 40 002   -386.61   2087.59   2474.20    850.49
1130724 2024 05 10 23 01 00 006   -387.39   2071.60   2458.99    842.11
1131766 2024 05 10 23 01 20 015   -396.06   2049.71   2445.77    826.83
1132808 2024 05 10 23 01 40 017   -407.22   2028.62   2435.83    810.70
1133849 2024 05 10 23 02 00 000   -417.44   1996.12   2413.56    789.34
1134891 2024 05 10 23 02 20 002   -433.22   1973.23   2406.45    770.00
1135933 2024 05 10 23 02 40 008   -441.29   1946.84   2388.13    752.78
1136975 2024 05 10 23 03 00 015   -453.95   1928.60   2382.55    737.32
1138016 2024 05 10 23 03 20 008   -455.32   1935.79   2391.11    740.23
1139057 2024 05 10 23 03 40 005   -459.67   1926.05   2385.72    733.19
1140098 2024 05 10 23 04 00 005   -459.38   1916.09   2375.46    728.35
1141139 2024 05 10 23 04 20 013   -484.19   1918.22   2402.41    717.01
1142179 2024 05 10 23 04 40 011   -491.42   1932.12   2423.54    720.35
1143219 2024 05 10 23 05 00 016   -486.12   1920.68   2406.80    717.28
1144258 2024 05 10 23 05 20 001   -500.05   1908.95   2409.00    704.45
1145299 2024 05 10 23 05 40 012   -513.09   1906.08   2419.17    696.50
1146340 2024 05 10 23 06 00 013   -518.75   1896.46   2415.21    688.86
1147381 2024 05 10 23 06 20 008   -518.42   1886.83   2405.26    684.21
1148422 2024 05 10 23 06 40 010   -522.19   1882.84   2405.03    680.32
1149462 2024 05 10 23 07 00 000   -519.10   1895.98   2415.07    688.44
1150503 2024 05 10 23 07 20 008   -512.08   1905.33   2417.40    696.63
1151544 2024 05 10 23 07 40 010   -522.85   1928.64   2451.49    702.90
1152585 2024 05 10 23 08 00 008   -520.06   1951.97   2472.04    715.96
1153626 2024 05 10 23 08 20 008   -513.77   1980.15   2493.92    733.19
1154667 2024 05 10 23 08 40 008   -507.41   1998.84   2506.25    745.72
1155708 2024 05 10 23 09 00 012   -509.62   2022.18   2531.80    756.28
1156748 2024 05 10 23 09 20 005   -496.33   2038.93   2535.27    771.30
1157788 2024 05 10 23 09 40 002   -487.72   2054.08   2541.80    783.18
1158828 2024 05 10 23 10 00 002   -488.33   2080.86   2569.20    796.27
1159868 2024 05 10 23 10 20 006   -496.88   2120.36   2617.23    811.74
1160908 2024 05 10 23 10 40 015   -486.61   2138.38   2625.00    825.89
1161947 2024 05 10 23 11 00 007   -482.90   2145.65   2628.55    831.37
1162986 2024 05 10 23 11 20 000   -490.73   2145.04   2635.77    827.16
1164026 2024 05 10 23 11 40 015   -505.20   2143.66   2648.86    819.23
1165065 2024 05 10 23 12 00 008   -505.49   2131.27   2636.76    812.89
1166105 2024 05 10 23 12 20 019   -504.67   2107.65   2612.31    801.49
1167144 2024 05 10 23 12 40 010   -518.67   2091.49   2610.15    786.41
1168183 2024 05 10 23 13 00 002   -531.43   2046.01   2577.44    757.29
1169223 2024 05 10 23 13 20 012   -568.14   1982.46   2550.60    707.16
1170262 2024 05 10 23 13 40 000   -619.51   1907.98   2527.49    644.24
1171302 2024 05 10 23 14 00 003   -659.60   1858.63   2518.23    599.52
1172342 2024 05 10 23 14 20 005   -661.69   1843.70   2505.40    591.00
1173383 2024 05 10 23 14 40 018   -621.80   1853.91   2475.71    616.06
1174424 2024 05 10 23 15 00 015   -595.65   1830.24   2425.88    617.30
1175465 2024 05 10 23 15 20 000   -542.60   1841.03   2383.64    649.22
1176507 2024 05 10 23 15 40 004   -504.63   1854.98   2359.61    675.17
1177549 2024 05 10 23 16 00 014   -478.76   1874.41   2353.17    697.82
1178590 2024 05 10 23 16 20 012   -459.40   1913.19   2372.59    726.90
1179630 2024 05 10 23 16 40 002   -436.43   1978.42   2414.85    770.99
1180670 2024 05 10 23 17 00 007   -437.68   2008.55   2446.23    785.43
1181709 2024 05 10 23 17 20 004   -435.49   2019.33   2454.82    791.92
1182748 2024 05 10 23 17 40 008   -441.94   2020.45   2462.38    789.26
1183787 2024 05 10 23 18 00 018   -444.08   2006.07   2450.15    780.99
1184825 2024 05 10 23 18 20 015   -445.28   2003.17   2448.45    778.95
1185862 2024 05 10 23 18 40 006   -456.48   1994.41   2450.89    768.97
1186899 2024 05 10 23 19 00 012   -467.14   1980.29   2447.42    756.58
1187935 2024 05 10 23 19 20 011   -488.62   1955.68   2444.29    733.53
1188970 2024 05 10 23 19 40 000   -518.81   1922.35   2441.16    701.77
1190006 2024 05 10 23 20 00 013   -576.46   1887.10   2463.57    655.32
1191041 2024 05 10 23 20 20 011   -608.12   1856.04   2464.16    623.96
1192076 2024 05 10 23 20 40 013   -623.91   1823.51   2447.42    599.80
1193111 2024 05 10 23 21 00 017   -619.86   1784.32   2404.17    582.23
1194145 2024 05 10 23 21 20 004   -633.68   1753.92   2387.60    560.12
1195180 2024 05 10 23 21 40 009   -647.00   1724.07   2371.07    538.54
1196215 2024 05 10 23 22 00 012   -644.58   1710.52   2355.10    532.97
1197250 2024 05 10 23 22 20 003   -638.37   1722.99   2361.36    542.31
1198287 2024 05 10 23 22 40 018   -640.47   1727.47   2367.94    543.50
1199324 2024 05 10 23 23 00 016   -608.14   1740.03   2348.18    565.95
1200362 2024 05 10 23 23 20 014   -585.94   1745.98   2331.92    580.02
1201401 2024 05 10 23 23 40 014   -559.41   1746.77   2306.18    593.68
1202440 2024 05 10 23 24 00 010   -549.67   1758.09   2307.77    604.21
1203478 2024 05 10 23 24 20 003   -522.32   1761.70   2284.02    619.69
1204516 2024 05 10 23 24 40 004   -543.27   1794.75   2338.02    625.74
1205555 2024 05 10 23 25 00 013   -535.91   1796.81   2332.72    630.45
1206594 2024 05 10 23 25 20 010   -531.17   1801.76   2332.93    635.30
1207634 2024 05 10 23 25 40 019   -521.21   1806.79   2328.00    642.79
1208673 2024 05 10 23 26 00 001   -513.01   1814.74   2327.74    650.87
1209714 2024 05 10 23 26 20 012   -508.99   1822.79   2331.78    656.90
1210755 2024 05 10 23 26 40 014   -491.72   1826.52   2318.25    667.40
1211796 2024 05 10 23 27 00 012   -486.64   1826.96   2313.60    670.16
1212837 2024 05 10 23 27 20 009   -483.32   1834.32   2317.64    675.50
1213878 2024 05 10 23 27 40 010   -524.61   1791.79   2316.40    633.59
1214919 2024 05 10 23 28 00 015   -529.23   1781.58   2310.81    626.17
1215959 2024 05 10 23 28 20 003   -545.08   1760.15   2305.23    607.53
1216999 2024 05 10 23 28 40 001   -507.04   1806.54   2313.59    649.75
1218039 2024 05 10 23 29 00 011   -507.35   1789.46   2296.82    641.06
1219078 2024 05 10 23 29 20 008   -515.89   1786.84   2302.73    635.47
1220117 2024 05 10 23 29 40 007   -498.54   1786.05   2284.59    643.75
1221156 2024 05 10 23 30 00 013   -488.36   1783.07   2271.43    647.35
1222194 2024 05 10 23 30 20 010   -489.15   1787.36   2276.51    649.11
1223231 2024 05 10 23 30 40 004   -505.44   1798.38   2303.82    646.47
1224268 2024 05 10 23 31 00 014   -526.34   1799.62   2325.95    636.64
1225304 2024 05 10 23 31 20 019   -547.59   1806.73   2354.32    629.57
1226339 2024 05 10 23 31 40 014   -593.70   1813.91   2407.62    610.10
1227374 2024 05 10 23 32 00 016   -623.17   1809.29   2432.46    593.06
1228408 2024 05 10 23 32 20 003   -691.98   1794.23   2486.21    551.13
1229443 2024 05 10 23 32 40 010   -717.32   1811.64   2528.96    547.16
1230478 2024 05 10 23 33 00 014   -699.85   1770.41   2470.26    535.28
1231513 2024 05 10 23 33 20 014   -730.14   1769.17   2499.31    519.52
1232548 2024 05 10 23 33 40 009   -755.61   1754.73   2510.35    499.56
1233584 2024 05 10 23 34 00 012   -742.85   1742.42   2485.26    499.78
1234620 2024 05 10 23 34 20 001   -740.99   1732.06   2473.05    495.53
1235658 2024 05 10 23 34 40 011   -748.24   1716.00   2464.24    483.88
1236696 2024 05 10 23 35 00 008   -775.69   1699.05   2474.74    461.68
1237735 2024 05 10 23 35 20 014   -785.46   1678.57   2464.04    446.56
1238774 2024 05 10 23 35 40 012   -794.33   1654.13   2448.46    429.90
1239813 2024 05 10 23 36 00 007   -795.22   1648.80   2444.02    426.79
1240852 2024 05 10 23 36 20 008   -795.56   1635.17   2430.73    419.80
1241890 2024 05 10 23 36 40 006   -819.24   1641.44   2460.67    411.10
1242927 2024 05 10 23 37 00 009   -833.51   1638.77   2472.29    402.63
1243963 2024 05 10 23 37 20 000   -826.75   1654.72   2481.47    413.99
1244999 2024 05 10 23 37 40 010   -818.14   1649.08   2467.22    415.47
1246034 2024 05 10 23 38 00 019   -827.06   1644.45   2471.51    408.69
1247068 2024 05 10 23 38 20 011   -810.49   1643.29   2453.78    416.40
1248102 2024 05 10 23 38 40 011   -797.26   1628.99   2426.25    415.86
1249135 2024 05 10 23 39 00 007   -801.91   1630.95   2432.86    414.52
1250168 2024 05 10 23 39 20 018   -823.25   1623.07   2446.32    399.91
1251198 2024 05 10 23 39 40 000   -836.41   1619.31   2455.71    391.45
1252227 2024 05 10 23 40 00 000   -856.91   1605.42   2462.33    374.26
1253256 2024 05 10 23 40 20 001   -840.84   1605.49   2446.33    382.33
1254286 2024 05 10 23 40 40 012   -821.72   1613.79   2435.52    396.03
1255316 2024 05 10 23 41 00 007   -815.70   1614.04   2429.74    399.17
1256347 2024 05 10 23 41 20 008   -820.22   1628.79   2449.01    404.28
1257378 2024 05 10 23 41 40 006   -795.03   1610.93   2405.96    407.95
1258409 2024 05 10 23 42 00 007   -833.03   1604.87   2437.90    385.92
1259441 2024 05 10 23 42 20 018   -862.19   1584.67   2446.86    361.24
1260473 2024 05 10 23 42 40 003   -886.95   1594.40   2481.34    353.73
1261506 2024 05 10 23 43 00 002   -858.38   1592.74   2451.12    367.18
1262539 2024 05 10 23 43 20 006   -811.34   1621.08   2432.42    404.87
1263572 2024 05 10 23 43 40 006   -780.47   1641.27   2421.74    430.40
1264606 2024 05 10 23 44 00 016   -763.61   1678.45   2442.06    457.42
1265639 2024 05 10 23 44 20 005   -849.31   1719.19   2568.50    434.94
1266672 2024 05 10 23 44 40 015   -785.18   1757.54   2542.72    486.18
1267701 2024 05 10 23 45 00 011   -771.07   1780.97   2552.04    504.95
1268730 2024 05 10 23 45 20 013   -777.68   1810.94   2588.63    516.63
1269759 2024 05 10 23 45 40 003   -823.04   1828.01   2651.04    502.48
1270789 2024 05 10 23 46 00 007   -854.58   1834.84   2689.42    490.13
1271819 2024 05 10 23 46 20 012   -839.55   1822.72   2662.27    491.59
1272848 2024 05 10 23 46 40 000   -802.82   1803.80   2606.62    500.49
1273878 2024 05 10 23 47 00 006   -787.19   1784.51   2571.70    498.66
1274908 2024 05 10 23 47 20 007   -791.33   1757.20   2548.53    482.93
1275938 2024 05 10 23 47 40 002   -837.07   1734.36   2571.43    448.65
1276969 2024 05 10 23 48 00 012   -838.65   1704.65   2543.30    433.00
1278000 2024 05 10 23 48 20 019   -835.26   1673.74   2509.01    419.24
1279030 2024 05 10 23 48 40 010   -830.43   1621.25   2451.68    395.41
1280060 2024 05 10 23 49 00 011   -825.67   1563.82   2389.49    369.08
1281089 2024 05 10 23 49 20 005   -838.15   1501.39   2339.54    331.62
1282118 2024 05 10 23 49 40 015   -847.84   1423.66   2271.50    287.91
1283146 2024 05 10 23 50 00 016   -915.80   1355.92   2271.72    220.06
1284173 2024 05 10 23 50 20 002   -931.31   1320.56   2251.87    194.62
1285201 2024 05 10 23 50 40 003   -906.58   1278.83   2185.41    186.12
1286229 2024 05 10 23 51 00 001   -897.83   1252.63   2150.47    177.40
1287258 2024 05 10 23 51 20 013   -883.84   1224.74   2108.58    170.45
1288287 2024 05 10 23 51 40 018   -879.00   1205.98   2084.97    163.49
1289316 2024 05 10 23 52 00 014   -881.14   1199.34   2080.48    159.10
1290346 2024 05 10 23 52 20 001   -878.74   1209.05   2087.79    165.16
1291378 2024 05 10 23 52 40 003   -859.86   1216.84   2076.70    178.49
1292411 2024 05 10 23 53 00 005   -857.27   1225.18   2082.45    183.95
1293444 2024 05 10 23 53 20 011   -863.60   1230.37   2093.97    183.38
1294475 2024 05 10 23 53 40 000   -870.31   1226.81   2097.12    178.25
1295507 2024 05 10 23 54 00 017   -873.41   1220.03   2093.44    173.31
1296538 2024 05 10 23 54 20 017   -848.40   1221.95   2070.35    186.77
1297569 2024 05 10 23 54 40 009   -823.14   1245.82   2068.96    211.34
1298601 2024 05 10 23 55 00 015   -785.20   1267.01   2052.21    240.90
1299633 2024 05 10 23 55 20 017   -773.76   1281.19   2054.95    253.72
1300666 2024 05 10 23 55 40 017   -773.75   1268.98   2042.73    247.62
1301699 2024 05 10 23 56 00 001   -790.26   1277.66   2067.92    243.70
1302734 2024 05 10 23 56 20 016   -798.50   1273.12   2071.61    237.31
1303767 2024 05 10 23 56 40 004   -801.43   1271.73   2073.17    235.15
1304800 2024 05 10 23 57 00 006   -811.51   1278.91   2090.41    233.70
1305833 2024 05 10 23 57 20 012   -821.55   1290.39   2111.95    234.42
1306866 2024 05 10 23 57 40 002   -826.01   1282.11   2108.12    228.05
1307901 2024 05 10 23 58 00 019   -830.56   1279.81   2110.37    224.62
1308936 2024 05 10 23 58 20 017   -830.14   1273.51   2103.65    221.69
1309972 2024 05 10 23 58 40 011   -840.23   1283.33   2123.55    221.55
1311009 2024 05 10 23 59 00 006   -847.65   1278.65   2126.31    215.50
1312047 2024 05 10 23 59 20 014   -847.00   1268.76   2115.76    210.88
1313084 2024 05 10 23 59 40 002   -844.29   1260.73   2105.02    208.22
1314122 2024 05 11 00 00 00 000   -826.45   1259.85   2086.30    216.70
1315160 2024 05 11 00 00 20 003   -819.00   1254.63   2073.63    217.82
1316198 2024 05 11 00 00 40 006   -813.10   1249.41   2062.51    218.15
1317236 2024 05 11 00 01 00 010   -809.64   1247.57   2057.21    218.96
1318274 2024 05 11 00 01 20 018   -806.66   1245.58   2052.24    219.46
1319311 2024 05 11 00 01 40 008   -808.51   1243.96   2052.47    217.72
1320349 2024 05 11 00 02 00 018   -807.76   1233.64   2041.41    212.94
1321386 2024 05 11 00 02 20 007   -824.19   1232.10   2056.29    203.96
1322424 2024 05 11 00 02 40 014   -832.68   1222.01   2054.69    194.66
1323461 2024 05 11 00 03 00 002   -845.41   1214.70   2060.11    184.65
1324499 2024 05 11 00 03 20 009   -868.74   1206.06   2074.80    168.66
1325537 2024 05 11 00 03 40 007   -897.66   1191.56   2089.21    146.95
1326576 2024 05 11 00 04 00 009   -967.82   1174.27   2142.09    103.23
1327616 2024 05 11 00 04 20 012  -1073.70   1155.76   2229.46     41.03
1328656 2024 05 11 00 04 40 000  -1129.11   1135.03   2264.14      2.96
1329697 2024 05 11 00 05 00 000  -1142.66   1132.79   2275.45     -4.94
1330739 2024 05 11 00 05 20 013  -1145.50   1129.86   2275.35     -7.82
1331780 2024 05 11 00 05 40 008  -1098.33   1127.46   2225.78     14.57
1332821 2024 05 11 00 06 00 010  -1037.33   1109.09   2146.42     35.88
1333861 2024 05 11 00 06 20 005  -1036.05   1119.78   2155.84     41.87
1334901 2024 05 11 00 06 40 010  -1063.38   1127.34   2190.72     31.98
1335941 2024 05 11 00 07 00 014  -1082.37   1134.95   2217.31     26.29
1336981 2024 05 11 00 07 20 007  -1069.98   1139.99   2209.97     35.01
1338023 2024 05 11 00 07 40 016  -1061.89   1151.57   2213.46     44.84
1339065 2024 05 11 00 08 00 003  -1068.85   1161.40   2230.25     46.27
1340109 2024 05 11 00 08 20 016  -1052.11   1183.37   2235.48     65.63
1341152 2024 05 11 00 08 40 009  -1048.63   1197.35   2245.97     74.36
1342195 2024 05 11 00 09 00 002  -1039.13   1215.56   2254.69     88.21
1343239 2024 05 11 00 09 20 015  -1025.10   1227.41   2252.51    101.15
1344282 2024 05 11 00 09 40 005  -1005.52   1251.15   2256.66    122.82
1345326 2024 05 11 00 10 00 005  -1003.20   1266.51   2269.70    131.65
1346371 2024 05 11 00 10 20 017  -1019.21   1279.10   2298.32    129.95
1347415 2024 05 11 00 10 40 008  -1005.59   1304.26   2309.85    149.33
1348460 2024 05 11 00 11 00 015   -986.18   1306.55   2292.73    160.19
1349504 2024 05 11 00 11 20 002   -981.18   1318.14   2299.31    168.48
1350549 2024 05 11 00 11 40 008   -988.73   1320.08   2308.81    165.68
1351594 2024 05 11 00 12 00 017   -999.65   1317.12   2316.77    158.73
1352638 2024 05 11 00 12 20 010  -1097.59   1310.30   2407.89    106.35
1353682 2024 05 11 00 12 40 006  -1134.76   1306.97   2441.73     86.10
1354726 2024 05 11 00 13 00 003  -1123.89   1296.79   2420.68     86.45
1355770 2024 05 11 00 13 20 002  -1075.71   1293.60   2369.31    108.95
1356814 2024 05 11 00 13 40 009  -1098.87   1293.19   2392.05     97.16
1357857 2024 05 11 00 14 00 011  -1094.15   1286.46   2380.61     96.16
1358899 2024 05 11 00 14 20 011  -1113.12   1272.04   2385.16     79.46
1359940 2024 05 11 00 14 40 016  -1150.88   1267.16   2418.04     58.14
1360979 2024 05 11 00 15 00 009  -1141.27   1262.57   2403.84     60.65
1362018 2024 05 11 00 15 20 014  -1254.06   1237.63   2491.70     -8.22
1363056 2024 05 11 00 15 40 000  -1235.23   1270.61   2505.84     17.69
1364096 2024 05 11 00 16 00 019  -1174.14   1305.40   2479.54     65.63
1365135 2024 05 11 00 16 20 002  -1145.97   1330.89   2476.86     92.46
1366175 2024 05 11 00 16 40 000  -1168.46   1378.40   2546.86    104.97
1367216 2024 05 11 00 17 00 014  -1141.52   1372.35   2513.87    115.42
1368256 2024 05 11 00 17 20 013  -1132.92   1390.01   2522.94    128.55
1369295 2024 05 11 00 17 40 000  -1123.87   1411.98   2535.86    144.06
1370335 2024 05 11 00 18 00 008  -1126.32   1426.88   2553.21    150.28
1371374 2024 05 11 00 18 20 004  -1125.42   1454.14   2579.56    164.36
1372413 2024 05 11 00 18 40 009  -1082.04   1463.70   2545.74    190.83
1373451 2024 05 11 00 19 00 000  -1193.51   1459.16   2652.66    132.82
1374490 2024 05 11 00 19 20 012  -1258.37   1452.52   2710.89     97.08
1375528 2024 05 11 00 19 40 001  -1321.09   1434.10   2755.19     56.51
1376567 2024 05 11 00 20 00 003  -1370.18   1415.90   2786.08     22.86
1377606 2024 05 11 00 20 20 014  -1361.93   1413.39   2775.33     25.73
1378643 2024 05 11 00 20 40 011  -1351.43   1433.08   2784.51     40.83
1379680 2024 05 11 00 21 00 014  -1401.33   1463.12   2864.45     30.89
1380716 2024 05 11 00 21 20 002  -1406.00   1482.44   2888.43     38.22
1381751 2024 05 11 00 21 40 009  -1436.86   1497.93   2934.79     30.54
1382782 2024 05 11 00 22 00 012  -1452.33   1510.72   2963.05     29.19
1383812 2024 05 11 00 22 20 012  -1417.10   1523.06   2940.16     52.98
1384843 2024 05 11 00 22 40 003  -1381.69   1555.98   2937.67     87.14
1385875 2024 05 11 00 23 00 005  -1412.69   1576.55   2989.24     81.93
1386907 2024 05 11 00 23 20 004  -1406.00   1611.63   3017.62    102.82
1387940 2024 05 11 00 23 40 016  -1310.63   1650.00   2960.63    169.68
1388972 2024 05 11 00 24 00 007  -1229.35   1705.42   2934.76    238.04
1390004 2024 05 11 00 24 20 003  -1230.40   1724.85   2955.25    247.23
1391038 2024 05 11 00 24 40 018  -1234.34   1737.11   2971.45    251.38
1392072 2024 05 11 00 25 00 005  -1278.07   1655.79   2933.86    188.86
1393108 2024 05 11 00 25 20 008  -1270.85   1627.62   2898.47    178.39
1394144 2024 05 11 00 25 40 006  -1299.43   1627.47   2926.90    164.02
1395180 2024 05 11 00 26 00 013  -1322.22   1605.67   2927.89    141.72
1396215 2024 05 11 00 26 20 008  -1376.67   1591.78   2968.44    107.55
1397249 2024 05 11 00 26 40 016  -1438.58   1586.43   3025.01     73.92
1398280 2024 05 11 00 27 00 007  -1488.22   1586.40   3074.63     49.09
1399311 2024 05 11 00 27 20 004  -1501.15   1592.77   3093.92     45.81
1400342 2024 05 11 00 27 40 010  -1507.34   1606.54   3113.88     49.60
1401372 2024 05 11 00 28 00 008  -1511.56   1600.28   3111.83     44.36
1402401 2024 05 11 00 28 20 000  -1496.82   1622.93   3119.74     63.06
1403430 2024 05 11 00 28 40 009  -1532.29   1624.20   3156.49     45.96
1404458 2024 05 11 00 29 00 009  -1589.34   1609.83   3199.17     10.24
1405485 2024 05 11 00 29 20 004  -1649.31   1576.14   3225.45    -36.59
1406511 2024 05 11 00 29 40 006  -1698.19   1551.23   3249.41    -73.48
1407536 2024 05 11 00 30 00 015  -1698.54   1521.67   3220.21    -88.44
1408559 2024 05 11 00 30 20 006  -1681.77   1510.98   3192.75    -85.40
1409583 2024 05 11 00 30 40 009  -1673.30   1483.22   3156.52    -95.04
1410608 2024 05 11 00 31 00 015  -1787.11   1466.08   3253.19   -160.51
1411632 2024 05 11 00 31 20 001  -1794.54   1440.86   3235.40   -176.84
1412657 2024 05 11 00 31 40 003  -1784.34   1438.53   3222.88   -172.91
1413683 2024 05 11 00 32 00 014  -1758.79   1467.46   3226.25   -145.66
1414708 2024 05 11 00 32 20 002  -1763.52   1492.28   3255.80   -135.62
1415734 2024 05 11 00 32 40 013  -1803.33   1528.03   3331.36   -137.65
1416759 2024 05 11 00 33 00 013  -1629.95   1527.99   3157.94    -50.98
1417784 2024 05 11 00 33 20 007  -1653.69   1568.93   3222.61    -42.38
1418812 2024 05 11 00 33 40 008  -1706.12   1623.78   3329.90    -41.17
1419836 2024 05 11 00 34 00 000  -1751.24   1651.10   3402.33    -50.07
1420860 2024 05 11 00 34 20 012  -1744.28   1654.17   3398.45    -45.06
1421884 2024 05 11 00 34 40 016  -1701.07   1645.30   3346.37    -27.88
1422908 2024 05 11 00 35 00 011  -1668.80   1659.94   3328.74     -4.43
1423932 2024 05 11 00 35 20 004  -1626.78   1658.44   3285.22     15.83
1424956 2024 05 11 00 35 40 003  -1575.98   1641.25   3217.24     32.64
1425981 2024 05 11 00 36 00 007  -1496.92   1638.63   3135.55     70.85
1427007 2024 05 11 00 36 20 016  -1450.66   1635.20   3085.85     92.27
1428032 2024 05 11 00 36 40 004  -1433.90   1626.91   3060.81     96.51
1429057 2024 05 11 00 37 00 003  -1419.16   1627.65   3046.81    104.25
1430082 2024 05 11 00 37 20 004  -1396.95   1626.77   3023.72    114.91
1431108 2024 05 11 00 37 40 014  -1376.49   1639.12   3015.61    131.32
1432134 2024 05 11 00 38 00 018  -1362.18   1644.59   3006.77    141.20
1433159 2024 05 11 00 38 20 001  -1380.20   1654.56   3034.76    137.18
1434185 2024 05 11 00 38 40 001  -1397.99   1640.69   3038.68    121.35
1435212 2024 05 11 00 39 00 013  -1414.38   1602.56   3016.94     94.09
1436239 2024 05 11 00 39 20 016  -1418.39   1571.05   2989.44     76.33
1437266 2024 05 11 00 39 40 007  -1420.42   1527.00   2947.42     53.29
1438294 2024 05 11 00 40 00 008  -1416.22   1478.13   2894.34     30.95
1439322 2024 05 11 00 40 20 003  -1400.97   1425.21   2826.18     12.12
1440351 2024 05 11 00 40 40 018  -1381.30   1376.21   2757.51     -2.55
1441379 2024 05 11 00 41 00 015  -1389.36   1344.39   2733.74    -22.48
1442407 2024 05 11 00 41 20 015  -1370.41   1307.08   2677.49    -31.67
1443435 2024 05 11 00 41 40 013  -1380.28   1303.32   2683.60    -38.48
1444463 2024 05 11 00 42 00 001  -1394.34   1299.01   2693.35    -47.67
1445492 2024 05 11 00 42 20 002  -1385.27   1301.60   2686.87    -41.83
1446522 2024 05 11 00 42 40 019  -1389.07   1306.21   2695.27    -41.43
1447551 2024 05 11 00 43 00 011  -1407.44   1315.90   2723.34    -45.77
1448580 2024 05 11 00 43 20 003  -1424.54   1323.57   2748.11    -50.49
1449610 2024 05 11 00 43 40 014  -1442.73   1319.78   2762.51    -61.47
1450639 2024 05 11 00 44 00 004  -1447.65   1314.49   2762.14    -66.58
1451668 2024 05 11 00 44 20 000  -1466.63   1317.85   2784.48    -74.39
1452697 2024 05 11 00 44 40 001  -1469.59   1311.16   2780.75    -79.22
1453726 2024 05 11 00 45 00 007  -1474.01   1295.11   2769.11    -89.45
1454755 2024 05 11 00 45 20 019  -1490.69   1276.23   2766.91   -107.23
1455783 2024 05 11 00 45 40 014  -1508.83   1269.46   2778.30   -119.68
1456811 2024 05 11 00 46 00 010  -1533.39   1259.49   2792.88   -136.95
1457839 2024 05 11 00 46 20 006  -1553.48   1249.50   2802.98   -151.99
1458867 2024 05 11 00 46 40 004  -1581.35   1221.90   2803.26   -179.72
1459895 2024 05 11 00 47 00 006  -1602.31   1205.21   2807.52   -198.55
1460923 2024 05 11 00 47 20 003  -1642.37   1203.80   2846.17   -219.28
1461952 2024 05 11 00 47 40 000  -1649.10   1198.66   2847.75   -225.22
1462983 2024 05 11 00 48 00 015  -1666.54   1197.52   2864.06   -234.51
1464014 2024 05 11 00 48 20 015  -1678.53   1219.70   2898.24   -229.42
1465045 2024 05 11 00 48 40 012  -1696.89   1222.19   2919.08   -237.35
1466076 2024 05 11 00 49 00 013  -1732.77   1215.95   2948.72   -258.41
1467106 2024 05 11 00 49 20 001  -1762.78   1215.46   2978.25   -273.66
1468137 2024 05 11 00 49 40 013  -1784.00   1219.52   3003.52   -282.24
1469167 2024 05 11 00 50 00 009  -1800.78   1193.14   2993.92   -303.82
1470197 2024 05 11 00 50 20 006  -1845.04   1214.85   3059.90   -315.09
1471227 2024 05 11 00 50 40 006  -1834.40   1202.05   3036.46   -316.18
1472257 2024 05 11 00 51 00 009  -1869.25   1235.93   3105.18   -316.66
1473287 2024 05 11 00 51 20 018  -1894.66   1274.75   3169.42   -309.95
1474316 2024 05 11 00 51 40 016  -1926.67   1283.52   3210.19   -321.58
1475344 2024 05 11 00 52 00 000  -1969.31   1344.72   3314.03   -312.30
1476373 2024 05 11 00 52 20 004  -1939.51   1389.57   3329.08   -274.97
1477401 2024 05 11 00 52 40 011  -1915.55   1437.25   3352.80   -239.15
1478428 2024 05 11 00 53 00 010  -1898.44   1432.02   3330.46   -233.21
1479455 2024 05 11 00 53 20 010  -1891.79   1414.13   3305.92   -238.83
1480482 2024 05 11 00 53 40 016  -1863.32   1427.78   3291.10   -217.77
1481508 2024 05 11 00 54 00 013  -1840.41   1444.39   3284.80   -198.01
1482534 2024 05 11 00 54 20 019  -1834.02   1440.74   3274.76   -196.64
1483559 2024 05 11 00 54 40 004  -1852.56   1436.18   3288.74   -208.19
1484585 2024 05 11 00 55 00 000  -1846.01   1457.50   3303.52   -194.26
1485612 2024 05 11 00 55 20 003  -1829.24   1432.14   3261.37   -198.55
1486640 2024 05 11 00 55 40 008  -1825.99   1419.59   3245.58   -203.20
1487668 2024 05 11 00 56 00 001  -1855.36   1383.74   3239.10   -235.81
1488697 2024 05 11 00 56 20 013  -1880.45   1354.40   3234.85   -263.03
1489725 2024 05 11 00 56 40 010  -1892.60   1328.49   3221.09   -282.05
1490753 2024 05 11 00 57 00 004  -1862.37   1297.67   3160.04   -282.35
1491782 2024 05 11 00 57 20 015  -1871.40   1307.49   3178.90   -281.95
1492810 2024 05 11 00 57 40 006  -1886.12   1342.12   3228.24   -272.00
1493838 2024 05 11 00 58 00 005  -1898.17   1389.83   3288.00   -254.17
1494866 2024 05 11 00 58 20 007  -1897.90   1415.05   3312.95   -241.42
1495894 2024 05 11 00 58 40 012  -1928.93   1422.11   3351.04   -253.41
1496922 2024 05 11 00 59 00 018  -1933.61   1402.87   3336.48   -265.37
1497949 2024 05 11 00 59 20 008  -1900.44   1373.05   3273.49   -263.69
1498976 2024 05 11 00 59 40 002  -1889.51   1362.53   3252.03   -263.49
1500004 2024 05 11 01 00 00 000  -1863.12   1333.68   3196.80   -264.72
1501032 2024 05 11 01 00 20 009  -1836.87   1312.46   3149.32   -262.20
1502059 2024 05 11 01 00 40 006  -1809.43   1294.75   3104.18   -257.34
1503086 2024 05 11 01 01 00 014  -1801.34   1295.04   3096.39   -253.15
1504112 2024 05 11 01 01 20 012  -1787.64   1292.41   3080.05   -247.62
1505138 2024 05 11 01 01 40 009  -1812.44   1300.91   3113.35   -255.77
1506165 2024 05 11 01 02 00 019  -1796.28   1286.91   3083.19   -254.69
1507191 2024 05 11 01 02 20 007  -1795.11   1286.64   3081.75   -254.24
1508218 2024 05 11 01 02 40 007  -1832.52   1285.45   3117.97   -273.54
1509246 2024 05 11 01 03 00 011  -1874.18   1299.18   3173.36   -287.50
1510274 2024 05 11 01 03 20 002  -1912.08   1307.75   3219.83   -302.16
1511304 2024 05 11 01 03 40 016  -1924.91   1307.21   3232.12   -308.85
1512334 2024 05 11 01 04 00 017  -1893.73   1303.03   3196.76   -295.35
1513364 2024 05 11 01 04 20 013  -1853.42   1291.25   3144.67   -281.09
1514394 2024 05 11 01 04 40 010  -1785.26   1269.23   3054.48   -258.01
1515424 2024 05 11 01 05 00 015  -1741.73   1265.09   3006.82   -238.32
1516453 2024 05 11 01 05 20 016  -1741.25   1281.45   3022.71   -229.90
1517481 2024 05 11 01 05 40 011  -1762.31   1279.96   3042.28   -241.18
1518509 2024 05 11 01 06 00 005  -1775.59   1280.77   3056.36   -247.41
1519538 2024 05 11 01 06 20 009  -1773.05   1280.49   3053.54   -246.28
1520568 2024 05 11 01 06 40 018  -1779.60   1282.64   3062.25   -248.48
1521598 2024 05 11 01 07 00 018  -1778.65   1288.09   3066.75   -245.28
1522628 2024 05 11 01 07 20 009  -1773.02   1298.42   3071.44   -237.30
1523659 2024 05 11 01 07 40 016  -1753.39   1326.37   3079.76   -213.51
1524689 2024 05 11 01 08 00 010  -1746.55   1343.32   3089.87   -201.61
1525718 2024 05 11 01 08 20 003  -1754.33   1374.97   3129.30   -189.68
1526747 2024 05 11 01 08 40 002  -1786.71   1400.32   3187.03   -193.19
1527776 2024 05 11 01 09 00 004  -1820.95   1400.37   3221.32   -210.29
1528805 2024 05 11 01 09 20 009  -1831.19   1391.50   3222.69   -219.85
1529834 2024 05 11 01 09 40 015  -1867.63   1384.51   3252.14   -241.56
1530863 2024 05 11 01 10 00 018  -1922.41   1386.60   3309.01   -267.91
1531891 2024 05 11 01 10 20 002  -1973.78   1391.59   3365.37   -291.10
1532920 2024 05 11 01 10 40 010  -1978.10   1372.95   3351.05   -302.57
1533948 2024 05 11 01 11 00 001  -1955.40   1370.26   3325.66   -292.57
1534976 2024 05 11 01 11 20 000  -1973.61   1368.66   3342.27   -302.47
1536004 2024 05 11 01 11 40 002  -1959.69   1375.65   3335.34   -292.02
1537032 2024 05 11 01 12 00 008  -1928.33   1390.87   3319.21   -268.73
1538060 2024 05 11 01 12 20 015  -1933.41   1398.94   3332.35   -267.24
1539087 2024 05 11 01 12 40 000  -1927.92   1429.91   3357.83   -249.00
1540115 2024 05 11 01 13 00 009  -1977.45   1483.32   3460.77   -247.06
1541142 2024 05 11 01 13 20 006  -2007.10   1495.75   3502.85   -255.68
1542169 2024 05 11 01 13 40 005  -2029.25   1477.21   3506.46   -276.02
1543196 2024 05 11 01 14 00 005  -2007.52   1457.72   3465.23   -274.90
1544223 2024 05 11 01 14 20 011  -1986.81   1434.25   3421.07   -276.28
1545249 2024 05 11 01 14 40 005  -2020.37   1413.89   3434.27   -303.24
1546275 2024 05 11 01 15 00 005  -2040.27   1401.44   3441.71   -319.41
1547301 2024 05 11 01 15 20 006  -2048.47   1407.16   3455.63   -320.65
1548328 2024 05 11 01 15 40 016  -2029.42   1399.63   3429.05   -314.90
1549355 2024 05 11 01 16 00 012  -2037.37   1399.86   3437.23   -318.75
1550383 2024 05 11 01 16 20 013  -2019.46   1380.41   3399.87   -319.52
1551411 2024 05 11 01 16 40 011  -2015.27   1364.95   3380.22   -325.16
1552439 2024 05 11 01 17 00 010  -1995.76   1349.49   3345.25   -323.14
1553467 2024 05 11 01 17 20 013  -2003.77   1339.17   3342.94   -332.30
1554494 2024 05 11 01 17 40 002  -1950.32   1331.52   3281.84   -309.40
1555522 2024 05 11 01 18 00 002  -1918.45   1362.87   3281.33   -277.79
1556551 2024 05 11 01 18 20 012  -1992.85   1380.67   3373.53   -306.09
1557580 2024 05 11 01 18 40 013  -2068.84   1399.48   3468.32   -334.68
1558609 2024 05 11 01 19 00 008  -2076.92   1389.31   3466.22   -343.81
1559639 2024 05 11 01 19 20 014  -2063.51   1367.62   3431.13   -347.94
1560669 2024 05 11 01 19 40 018  -2049.89   1355.99   3405.89   -346.95
1561698 2024 05 11 01 20 00 008  -2005.04   1368.14   3373.18   -318.45
1562727 2024 05 11 01 20 20 007  -1950.09   1394.82   3344.91   -277.64
1563756 2024 05 11 01 20 40 006  -1907.64   1431.35   3338.99   -238.14
1564786 2024 05 11 01 21 00 018  -1910.47   1459.95   3370.41   -225.26
1565815 2024 05 11 01 21 20 005  -1938.36   1480.82   3419.18   -228.77
1566845 2024 05 11 01 21 40 007  -1936.98   1514.12   3451.11   -211.43
1567875 2024 05 11 01 22 00 010  -1954.10   1533.51   3487.61   -210.29
1568905 2024 05 11 01 22 20 015  -2005.41   1530.22   3535.64   -237.60
1569935 2024 05 11 01 22 40 017  -2035.62   1528.37   3564.00   -253.62
1570965 2024 05 11 01 23 00 011  -2089.84   1495.96   3585.80   -296.94
1571996 2024 05 11 01 23 20 012  -2062.76   1491.23   3553.99   -285.76
1573027 2024 05 11 01 23 40 005  -2051.43   1490.96   3542.39   -280.24
1574058 2024 05 11 01 24 00 005  -2043.18   1491.04   3534.22   -276.07
1575089 2024 05 11 01 24 20 018  -1976.78   1491.89   3468.67   -242.44
1576118 2024 05 11 01 24 40 009  -1995.17   1510.97   3506.14   -242.10
1577147 2024 05 11 01 25 00 017  -2066.11   1503.44   3569.54   -281.34
1578175 2024 05 11 01 25 20 013  -2141.03   1508.33   3649.36   -316.35
1579204 2024 05 11 01 25 40 017  -2187.67   1504.21   3691.88   -341.73
1580233 2024 05 11 01 26 00 019  -2223.49   1492.77   3716.26   -365.36
1581261 2024 05 11 01 26 20 016  -2269.25   1528.14   3797.40   -370.55
1582289 2024 05 11 01 26 40 012  -2304.78   1513.33   3818.10   -395.73
1583317 2024 05 11 01 27 00 003  -2381.06   1502.51   3883.57   -439.28
1584346 2024 05 11 01 27 20 013  -2495.50   1494.93   3990.44   -500.29
1585374 2024 05 11 01 27 40 004  -2431.31   1442.49   3873.80   -494.41
1586403 2024 05 11 01 28 00 010  -2374.64   1445.07   3819.72   -464.78
1587432 2024 05 11 01 28 20 014  -2367.65   1449.33   3816.98   -459.16
1588461 2024 05 11 01 28 40 016  -2326.58   1504.69   3831.28   -410.94
1589490 2024 05 11 01 29 00 016  -2295.89   1530.56   3826.46   -382.66
1590519 2024 05 11 01 29 20 002  -2342.92   1516.99   3859.91   -412.97
1591550 2024 05 11 01 29 40 014  -2336.09   1483.09   3819.18   -426.50
1592580 2024 05 11 01 30 00 011  -2347.07   1489.00   3836.07   -429.03
1593610 2024 05 11 01 30 20 015  -2425.54   1495.22   3920.75   -465.16
1594639 2024 05 11 01 30 40 008  -2402.24   1469.70   3871.94   -466.27
1595669 2024 05 11 01 31 00 018  -2542.14   1478.96   4021.10   -531.59
1596699 2024 05 11 01 31 20 018  -2621.22   1473.57   4094.79   -573.82
1597729 2024 05 11 01 31 40 010  -2645.24   1475.25   4120.49   -585.00
1598759 2024 05 11 01 32 00 003  -2683.03   1469.28   4152.31   -606.87
1599789 2024 05 11 01 32 20 000  -2620.66   1440.05   4060.70   -590.30
1600820 2024 05 11 01 32 40 008  -2596.62   1421.50   4018.12   -587.56
1601851 2024 05 11 01 33 00 002  -2523.94   1421.94   3945.89   -551.00
1602882 2024 05 11 01 33 20 007  -2574.36   1396.47   3970.83   -588.94
1603911 2024 05 11 01 33 40 006  -2667.50   1396.28   4063.78   -635.61
1604939 2024 05 11 01 34 00 005  -2663.52   1380.92   4044.44   -641.30
1605967 2024 05 11 01 34 20 008  -2626.61   1387.87   4014.49   -619.37
1606995 2024 05 11 01 34 40 011  -2620.46   1379.99   4000.44   -620.24
1608023 2024 05 11 01 35 00 018  -2676.34   1427.39   4103.73   -624.47
1609050 2024 05 11 01 35 20 008  -2619.21   1432.65   4051.86   -593.28
1610077 2024 05 11 01 35 40 007  -2580.65   1478.91   4059.56   -550.87
1611103 2024 05 11 01 36 00 005  -2577.21   1552.55   4129.76   -512.33
1612130 2024 05 11 01 36 20 018  -2581.15   1529.73   4110.88   -525.71
1613156 2024 05 11 01 36 40 011  -2629.78   1506.11   4135.89   -561.84
1614183 2024 05 11 01 37 00 019  -2641.57   1491.02   4132.58   -575.27
1615209 2024 05 11 01 37 20 015  -2694.72   1482.59   4177.31   -606.07
1616235 2024 05 11 01 37 40 008  -2704.19   1493.25   4197.45   -605.47
1617262 2024 05 11 01 38 00 008  -2643.92   1503.32   4147.24   -570.30
1618289 2024 05 11 01 38 20 004  -2650.91   1538.49   4189.39   -556.21
1619316 2024 05 11 01 38 40 006  -2646.36   1563.65   4210.00   -541.36
1620342 2024 05 11 01 39 00 000  -2700.16   1573.55   4273.71   -563.30
1621368 2024 05 11 01 39 20 004  -2581.01   1553.95   4134.96   -513.53
1622393 2024 05 11 01 39 40 000  -2575.64   1529.98   4105.62   -522.83
1623418 2024 05 11 01 40 00 001  -2529.00   1489.74   4018.74   -519.63
1624443 2024 05 11 01 40 20 000  -2498.69   1480.38   3979.07   -509.15
1625469 2024 05 11 01 40 40 012  -2498.76   1451.61   3950.37   -523.57
1626495 2024 05 11 01 41 00 015  -2481.29   1426.68   3907.96   -527.30
1627521 2024 05 11 01 41 20 018  -2470.81   1410.23   3881.03   -530.29
1628546 2024 05 11 01 41 40 017  -2457.80   1420.97   3878.77   -518.41
1629570 2024 05 11 01 42 00 015  -2463.77   1409.84   3873.60   -526.96
1630593 2024 05 11 01 42 20 001  -2445.49   1399.47   3844.96   -523.01
1631618 2024 05 11 01 42 40 019  -2507.73   1400.74   3908.47   -553.49
1632642 2024 05 11 01 43 00 007  -2482.23   1428.70   3910.93   -526.77
1633667 2024 05 11 01 43 20 009  -2451.48   1459.25   3910.73   -496.11
1634692 2024 05 11 01 43 40 010  -2458.53   1440.37   3898.90   -509.08
1635717 2024 05 11 01 44 00 012  -2474.50   1387.05   3861.56   -543.72
1636742 2024 05 11 01 44 20 016  -2453.66   1306.18   3759.83   -573.74
1637767 2024 05 11 01 44 40 016  -2416.52   1301.25   3717.77   -557.63
1638791 2024 05 11 01 45 00 002  -2419.61   1297.35   3716.96   -561.13
1639815 2024 05 11 01 45 20 007  -2354.76   1282.90   3637.67   -535.93
1640839 2024 05 11 01 45 40 018  -2316.11   1276.67   3592.78   -519.72
1641862 2024 05 11 01 46 00 014  -2316.44   1255.31   3571.76   -530.56
1642884 2024 05 11 01 46 20 014  -2290.48   1248.00   3538.48   -521.24
1643905 2024 05 11 01 46 40 006  -2259.27   1250.36   3509.63   -504.46
1644926 2024 05 11 01 47 00 005  -2321.13   1233.05   3554.18   -544.04
1645947 2024 05 11 01 47 20 003  -2338.87   1227.00   3565.87   -555.94
1646969 2024 05 11 01 47 40 013  -2288.86   1226.83   3515.70   -531.01
1647990 2024 05 11 01 48 00 005  -2270.16   1232.83   3502.99   -518.67
1649012 2024 05 11 01 48 20 012  -2281.48   1284.44   3565.91   -498.52
1650034 2024 05 11 01 48 40 017  -2257.66   1330.28   3587.94   -463.69
1651055 2024 05 11 01 49 00 001  -2211.23   1319.02   3530.25   -446.11
1652077 2024 05 11 01 49 20 009  -2225.97   1301.97   3527.93   -462.00
1653098 2024 05 11 01 49 40 008  -2203.07   1310.34   3513.41   -446.36
1654118 2024 05 11 01 50 00 000  -2180.03   1338.59   3518.63   -420.72
1655138 2024 05 11 01 50 20 004  -2143.59   1378.78   3522.38   -382.40
1656158 2024 05 11 01 50 40 017  -2129.92   1379.32   3509.24   -375.30
1657177 2024 05 11 01 51 00 007  -2107.60   1346.23   3453.84   -380.68
1658197 2024 05 11 01 51 20 011  -2073.11   1328.44   3401.55   -372.33
1659217 2024 05 11 01 51 40 005  -2059.44   1308.74   3368.17   -375.35
1660238 2024 05 11 01 52 00 003  -2036.84   1306.35   3343.19   -365.24
1661260 2024 05 11 01 52 20 002  -2039.80   1295.20   3335.00   -372.30
1662283 2024 05 11 01 52 40 003  -2037.48   1293.13   3330.61   -372.18
1663307 2024 05 11 01 53 00 009  -2020.83   1293.40   3314.23   -363.72
1664332 2024 05 11 01 53 20 010  -2030.97   1296.86   3327.82   -367.05
1665358 2024 05 11 01 53 40 010  -2024.26   1304.56   3328.82   -359.85
1666385 2024 05 11 01 54 00 005  -2024.97   1308.56   3333.52   -358.20
1667414 2024 05 11 01 54 20 019  -1983.31   1330.22   3313.54   -326.54
1668442 2024 05 11 01 54 40 006  -1993.36   1332.13   3325.49   -330.62
1669470 2024 05 11 01 55 00 000  -1980.31   1319.11   3299.42   -330.60
1670498 2024 05 11 01 55 20 003  -2017.49   1325.38   3342.87   -346.06
1671526 2024 05 11 01 55 40 007  -2041.09   1346.02   3387.11   -347.54
1672554 2024 05 11 01 56 00 013  -2036.38   1405.69   3442.07   -315.35
1673581 2024 05 11 01 56 20 000  -2054.39   1439.29   3493.68   -307.55
1674609 2024 05 11 01 56 40 009  -2126.70   1449.74   3576.45   -338.48
1675637 2024 05 11 01 57 00 019  -2118.82   1404.05   3522.86   -357.38
1676664 2024 05 11 01 57 20 013  -2101.98   1327.67   3429.65   -387.15
1677691 2024 05 11 01 57 40 010  -2080.82   1287.15   3367.97   -396.83
1678718 2024 05 11 01 58 00 003  -2077.85   1266.26   3344.10   -405.80
1679746 2024 05 11 01 58 20 006  -1995.53   1341.54   3337.07   -327.00
1680775 2024 05 11 01 58 40 019  -1986.24   1345.19   3331.44   -320.53
1681803 2024 05 11 01 59 00 001  -1982.80   1325.11   3307.91   -328.84
1682833 2024 05 11 01 59 20 011  -2034.30   1273.96   3308.26   -380.17
1683863 2024 05 11 01 59 40 013  -2005.56   1222.96   3228.52   -391.30
1684893 2024 05 11 02 00 00 000  -1928.86   1176.06   3104.91   -376.40
1685924 2024 05 11 02 00 20 018  -1912.28   1129.15   3041.43   -391.56
1686953 2024 05 11 02 00 40 000  -1955.59   1075.16   3030.75   -440.22
1687983 2024 05 11 02 01 00 003  -1940.08   1048.50   2988.58   -445.79
1689014 2024 05 11 02 01 20 016  -1929.41   1035.26   2964.67   -447.07
1690045 2024 05 11 02 01 40 016  -1929.85   1026.41   2956.27   -451.72
1691076 2024 05 11 02 02 00 000  -1916.76   1057.31   2974.07   -429.73
1692109 2024 05 11 02 02 20 005  -1918.35   1091.52   3009.88   -413.41
1693143 2024 05 11 02 02 40 011  -1884.79   1123.39   3008.18   -380.70
1694177 2024 05 11 02 03 00 005  -1821.21   1142.80   2964.01   -339.20
1695212 2024 05 11 02 03 20 012  -1795.09   1152.08   2947.17   -321.50
1696246 2024 05 11 02 03 40 004  -1772.35   1145.60   2917.95   -313.37
1697280 2024 05 11 02 04 00 002  -1745.10   1129.18   2874.28   -307.96
1698314 2024 05 11 02 04 20 001  -1713.28   1102.95   2816.23   -305.17
1699349 2024 05 11 02 04 40 017  -1708.00   1080.09   2788.10   -313.95
1700383 2024 05 11 02 05 00 011  -1681.72   1068.23   2749.95   -306.75
1701417 2024 05 11 02 05 20 004  -1663.80   1056.96   2720.76   -303.42
1702452 2024 05 11 02 05 40 017  -1614.80   1048.92   2663.72   -282.94
1703486 2024 05 11 02 06 00 015  -1630.04   1031.86   2661.89   -299.09
1704520 2024 05 11 02 06 20 017  -1636.70   1001.13   2637.83   -317.78
1705553 2024 05 11 02 06 40 005  -1636.43   1004.74   2641.17   -315.84
1706587 2024 05 11 02 07 00 017  -1608.47    996.19   2604.66   -306.14
1707620 2024 05 11 02 07 20 010  -1548.36    993.44   2541.80   -277.46
1708653 2024 05 11 02 07 40 000  -1492.56    968.67   2461.24   -261.94
1709687 2024 05 11 02 08 00 007  -1418.84    933.86   2352.70   -242.49
1710720 2024 05 11 02 08 20 001  -1356.85    908.32   2265.17   -224.26
1711753 2024 05 11 02 08 40 005  -1342.16    889.45   2231.61   -226.35
1712786 2024 05 11 02 09 00 012  -1371.23    875.75   2246.99   -247.74
1713819 2024 05 11 02 09 20 003  -1384.99    861.01   2246.00   -261.99
1714854 2024 05 11 02 09 40 010  -1448.71    859.92   2308.63   -294.40
1715889 2024 05 11 02 10 00 002  -1477.15    852.50   2329.66   -312.33
1716925 2024 05 11 02 10 20 004  -1449.61    846.32   2295.93   -301.65
1717962 2024 05 11 02 10 40 016  -1401.53    835.91   2237.44   -282.81
1718999 2024 05 11 02 11 00 017  -1364.73    824.33   2189.06   -270.20
1720036 2024 05 11 02 11 20 003  -1334.20    818.53   2152.73   -257.83
1721075 2024 05 11 02 11 40 009  -1293.24    817.63   2110.87   -237.81
1722115 2024 05 11 02 12 00 017  -1232.63    819.76   2052.40   -206.43
1723155 2024 05 11 02 12 20 012  -1207.30    834.47   2041.78   -186.42
1724195 2024 05 11 02 12 40 000  -1169.21    859.47   2028.67   -154.87
1725236 2024 05 11 02 13 00 005  -1155.28    892.37   2047.65   -131.46
1726277 2024 05 11 02 13 20 011  -1155.85    923.77   2079.62   -116.04
1727317 2024 05 11 02 13 40 004  -1167.87    948.92   2116.79   -109.48
1728357 2024 05 11 02 14 00 008  -1198.96    979.93   2178.89   -109.52
1729396 2024 05 11 02 14 20 006  -1178.15    991.71   2169.86    -93.22
1730434 2024 05 11 02 14 40 000  -1191.71    988.21   2179.92   -101.75
1731472 2024 05 11 02 15 00 015  -1254.26    996.34   2250.60   -128.96
1732508 2024 05 11 02 15 20 001  -1282.36   1005.56   2287.92   -138.40
1733545 2024 05 11 02 15 40 004  -1215.94    991.57   2207.51   -112.18
1734582 2024 05 11 02 16 00 004  -1167.03    987.26   2154.29    -89.88
1735620 2024 05 11 02 16 20 016  -1165.45   1001.41   2166.86    -82.02
1736657 2024 05 11 02 16 40 004  -1216.36   1013.61   2229.97   -101.37
1737695 2024 05 11 02 17 00 004  -1187.29   1001.25   2188.54    -93.02
1738734 2024 05 11 02 17 20 014  -1155.12    994.43   2149.55    -80.34
1739773 2024 05 11 02 17 40 016  -1125.63    994.18   2119.80    -65.73
1740812 2024 05 11 02 18 00 017  -1085.00    994.55   2079.54    -45.23
1741851 2024 05 11 02 18 20 014  -1127.04    989.01   2116.05    -69.02
1742890 2024 05 11 02 18 40 008  -1135.37    981.20   2116.57    -77.09
1743929 2024 05 11 02 19 00 004  -1117.01    971.81   2088.82    -72.60
1744968 2024 05 11 02 19 20 005  -1108.18    966.97   2075.15    -70.60
1746007 2024 05 11 02 19 40 008  -1105.01    969.82   2074.83    -67.59
1747046 2024 05 11 02 20 00 010  -1098.87    971.78   2070.65    -63.55
1748085 2024 05 11 02 20 20 011  -1082.68    967.01   2049.69    -57.84
1749124 2024 05 11 02 20 40 012  -1114.26    959.67   2073.93    -77.30
1750163 2024 05 11 02 21 00 015  -1118.16    957.26   2075.42    -80.45
1751202 2024 05 11 02 21 20 016  -1113.65    966.26   2079.92    -73.70
1752241 2024 05 11 02 21 40 014  -1119.20    971.01   2090.21    -74.09
1753280 2024 05 11 02 22 00 009  -1127.43    983.63   2111.06    -71.90
1754319 2024 05 11 02 22 20 003  -1132.54    993.28   2125.81    -69.63
1755359 2024 05 11 02 22 40 015  -1146.12   1005.43   2151.56    -70.35
1756398 2024 05 11 02 23 00 007  -1169.92   1013.39   2183.31    -78.26
1757437 2024 05 11 02 23 20 002  -1192.25   1029.87   2222.11    -81.19
1758477 2024 05 11 02 23 40 018  -1203.58   1058.13   2261.71    -72.72
1759516 2024 05 11 02 24 00 013  -1237.72   1081.92   2319.65    -77.90
1760555 2024 05 11 02 24 20 012  -1232.72   1099.89   2332.61    -66.42
1761594 2024 05 11 02 24 40 015  -1212.39   1095.41   2307.80    -58.49
1762632 2024 05 11 02 25 00 000  -1259.11   1067.38   2326.49    -95.87
1763671 2024 05 11 02 25 20 009  -1270.02   1036.52   2306.53   -116.75
1764710 2024 05 11 02 25 40 017  -1255.44   1028.37   2283.81   -113.53
1765748 2024 05 11 02 26 00 005  -1279.80   1022.05   2301.85   -128.88
1766787 2024 05 11 02 26 20 015  -1298.36   1016.78   2315.14   -140.79
1767825 2024 05 11 02 26 40 003  -1327.05   1001.60   2328.65   -162.73
1768864 2024 05 11 02 27 00 009  -1360.08    978.33   2338.42   -190.87
1769903 2024 05 11 02 27 20 011  -1357.90    981.13   2339.03   -188.38
1770942 2024 05 11 02 27 40 012  -1369.12    993.34   2362.46   -187.89
1771981 2024 05 11 02 28 00 011  -1359.89   1013.14   2373.03   -173.38
1773020 2024 05 11 02 28 20 014  -1349.75   1055.36   2405.11   -147.19
1774058 2024 05 11 02 28 40 004  -1346.28   1078.12   2424.40   -134.08
1775096 2024 05 11 02 29 00 001  -1348.32   1092.64   2440.96   -127.84
1776134 2024 05 11 02 29 20 008  -1374.69   1106.07   2480.76   -134.31
1777172 2024 05 11 02 29 40 019  -1383.54   1114.00   2497.54   -134.77
1778209 2024 05 11 02 30 00 016  -1364.88   1136.92   2501.80   -113.98
1779246 2024 05 11 02 30 20 019  -1324.68   1164.26   2488.94    -80.21
1780282 2024 05 11 02 30 40 007  -1304.60   1183.90   2488.50    -60.35
1781319 2024 05 11 02 31 00 015  -1322.23   1192.55   2514.77    -64.84
1782356 2024 05 11 02 31 20 019  -1329.32   1214.84   2544.15    -57.24
1783392 2024 05 11 02 31 40 006  -1349.01   1223.25   2572.27    -62.88
1784429 2024 05 11 02 32 00 014  -1352.38   1216.90   2569.28    -67.74
1785465 2024 05 11 02 32 20 001  -1336.25   1215.45   2551.70    -60.40
1786502 2024 05 11 02 32 40 001  -1348.12   1200.29   2548.41    -73.92
1787540 2024 05 11 02 33 00 011  -1360.02   1197.98   2558.01    -81.02
1788578 2024 05 11 02 33 20 016  -1374.02   1196.31   2570.32    -88.85
1789616 2024 05 11 02 33 40 015  -1392.98   1187.88   2580.86   -102.55
1790654 2024 05 11 02 34 00 013  -1412.75   1177.13   2589.88   -117.81
1791692 2024 05 11 02 34 20 014  -1440.04   1175.47   2615.51   -132.29
1792730 2024 05 11 02 34 40 014  -1459.67   1165.08   2624.76   -147.30
1793768 2024 05 11 02 35 00 004  -1472.98   1170.13   2643.12   -151.43
1794807 2024 05 11 02 35 20 004  -1476.57   1163.99   2640.55   -156.29
1795846 2024 05 11 02 35 40 004  -1474.55   1155.57   2630.12   -159.49
1796885 2024 05 11 02 36 00 012  -1477.64   1132.07   2609.71   -172.78
1797923 2024 05 11 02 36 20 013  -1481.39   1112.35   2593.74   -184.52
1798961 2024 05 11 02 36 40 016  -1498.76   1076.73   2575.49   -211.02
1799999 2024 05 11 02 37 00 015  -1563.65   1049.37   2613.02   -257.14
1801037 2024 05 11 02 37 20 008  -1588.78   1047.66   2636.44   -270.56
1802075 2024 05 11 02 37 40 001  -1616.62   1029.25   2645.87   -293.68
1803114 2024 05 11 02 38 00 016  -1605.28   1079.51   2684.79   -262.88
1804152 2024 05 11 02 38 20 013  -1622.61   1101.12   2723.73   -260.75
1805190 2024 05 11 02 38 40 012  -1571.36   1125.41   2696.77   -222.97
1806227 2024 05 11 02 39 00 001  -1561.23   1141.25   2702.47   -209.99
1807264 2024 05 11 02 39 20 001  -1499.24   1165.27   2664.51   -166.99
1808301 2024 05 11 02 39 40 006  -1512.24   1132.78   2645.02   -189.73
1809338 2024 05 11 02 40 00 015  -1521.58   1118.61   2640.19   -201.49
1810373 2024 05 11 02 40 20 000  -1509.93   1100.74   2610.67   -204.59
1811408 2024 05 11 02 40 40 007  -1522.82   1077.96   2600.78   -222.43
1812441 2024 05 11 02 41 00 000  -1499.45   1080.20   2579.65   -209.63
1813474 2024 05 11 02 41 20 012  -1477.90   1041.74   2519.64   -218.08
1814505 2024 05 11 02 41 40 002  -1471.67   1051.27   2522.94   -210.20
1815536 2024 05 11 02 42 00 009  -1464.66   1059.04   2523.70   -202.81
1816566 2024 05 11 02 42 20 008  -1461.34   1067.28   2528.62   -197.03
1817596 2024 05 11 02 42 40 011  -1476.31   1039.25   2515.57   -218.53
1818626 2024 05 11 02 43 00 005  -1538.07   1006.61   2544.67   -265.73
1819657 2024 05 11 02 43 20 003  -1615.06   1004.29   2619.35   -305.39
1820689 2024 05 11 02 43 40 004  -1656.17   1030.72   2686.89   -312.73
1821722 2024 05 11 02 44 00 012  -1748.56   1088.65   2837.21   -329.95
1822755 2024 05 11 02 44 20 011  -1803.80   1149.49   2953.29   -327.16
1823788 2024 05 11 02 44 40 003  -1814.79   1178.11   2992.90   -318.34
1824822 2024 05 11 02 45 00 001  -1748.78   1200.62   2949.41   -274.08
1825857 2024 05 11 02 45 20 012  -1720.71   1193.64   2914.35   -263.54
1826891 2024 05 11 02 45 40 003  -1694.42   1184.58   2879.00   -254.92
1827926 2024 05 11 02 46 00 015  -1682.82   1176.20   2859.03   -253.31
1828960 2024 05 11 02 46 20 012  -1660.97   1154.38   2815.35   -253.29
1829994 2024 05 11 02 46 40 019  -1649.51   1139.72   2789.23   -254.89
1831027 2024 05 11 02 47 00 011  -1717.07   1115.55   2832.63   -300.76
1832060 2024 05 11 02 47 20 003  -1744.87   1123.04   2867.90   -310.92
1833093 2024 05 11 02 47 40 006  -1773.39   1126.21   2899.59   -323.59
1834125 2024 05 11 02 48 00 006  -1762.59   1122.41   2885.01   -320.09
1835156 2024 05 11 02 48 20 007  -1770.89   1134.99   2905.87   -317.95
1836186 2024 05 11 02 48 40 000  -1755.42   1154.72   2910.14   -300.35
1837216 2024 05 11 02 49 00 001  -1796.06   1166.17   2962.23   -314.94
1838246 2024 05 11 02 49 20 005  -1829.85   1177.32   3007.16   -326.27
1839276 2024 05 11 02 49 40 012  -1834.29   1164.51   2998.80   -334.89
1840305 2024 05 11 02 50 00 000  -1837.65   1135.12   2972.77   -351.26
1841335 2024 05 11 02 50 20 002  -1830.09   1127.72   2957.81   -351.18
1842365 2024 05 11 02 50 40 005  -1799.43   1085.99   2885.42   -356.72
1843395 2024 05 11 02 51 00 009  -1791.26   1065.99   2857.25   -362.63
1844425 2024 05 11 02 51 20 009  -1812.84   1084.40   2897.24   -364.22
1845456 2024 05 11 02 51 40 015  -1824.46   1158.80   2983.26   -332.83
1846487 2024 05 11 02 52 00 003  -1764.60   1191.74   2956.34   -286.43
1847520 2024 05 11 02 52 20 016  -1645.71   1205.17   2850.88   -220.27
1848553 2024 05 11 02 52 40 018  -1625.51   1248.41   2873.92   -188.55
1849586 2024 05 11 02 53 00 018  -1672.96   1246.17   2919.12   -213.40
1850619 2024 05 11 02 53 20 015  -1701.74   1251.38   2953.12   -225.18
1851652 2024 05 11 02 53 40 003  -1763.31   1240.90   3004.21   -261.21
1852686 2024 05 11 02 54 00 003  -1778.71   1192.75   2971.46   -292.98
1853720 2024 05 11 02 54 20 012  -1760.84   1152.16   2913.00   -304.34
1854753 2024 05 11 02 54 40 017  -1819.74   1114.82   2934.56   -352.46
1855785 2024 05 11 02 55 00 013  -1845.61   1130.24   2975.85   -357.69
1856816 2024 05 11 02 55 20 001  -1817.51   1147.12   2964.63   -335.19
1857848 2024 05 11 02 55 40 016  -1842.59   1153.63   2996.22   -344.48
1858879 2024 05 11 02 56 00 000  -1840.50   1141.56   2982.06   -349.47
1859912 2024 05 11 02 56 20 007  -1829.96   1100.87   2930.83   -364.54
1860946 2024 05 11 02 56 40 018  -1742.83   1076.05   2818.88   -333.39
1861979 2024 05 11 02 57 00 006  -1703.35   1043.70   2747.06   -329.83
1863013 2024 05 11 02 57 20 015  -1681.89   1011.17   2693.07   -335.36
1864046 2024 05 11 02 57 40 009  -1709.84   1035.32   2745.16   -337.26
1865079 2024 05 11 02 58 00 001  -1736.80   1064.65   2801.45   -336.07
1866113 2024 05 11 02 58 20 015  -1713.10   1065.48   2778.58   -323.81
1867146 2024 05 11 02 58 40 008  -1736.78   1076.63   2813.42   -330.08
1868180 2024 05 11 02 59 00 004  -1709.19   1104.66   2813.85   -302.26
1869215 2024 05 11 02 59 20 004  -1694.93   1133.24   2828.17   -280.84
1870251 2024 05 11 02 59 40 014  -1665.28   1138.10   2803.38   -263.59
1871287 2024 05 11 03 00 00 000  -1687.40   1155.76   2843.15   -265.82
1872324 2024 05 11 03 00 20 019  -1709.96   1119.06   2829.02   -295.45
1873360 2024 05 11 03 00 40 019  -1701.33   1103.01   2804.34   -299.16
1874396 2024 05 11 03 01 00 018  -1669.60   1079.67   2749.27   -294.97
1875432 2024 05 11 03 01 20 013  -1617.62   1061.01   2678.63   -278.30
1876468 2024 05 11 03 01 40 004  -1626.35   1054.75   2681.10   -285.80
1877505 2024 05 11 03 02 00 014  -1635.10   1052.04   2687.14   -291.53
1878541 2024 05 11 03 02 20 006  -1642.77   1051.52   2694.30   -295.62
1879577 2024 05 11 03 02 40 001  -1644.79   1052.79   2697.58   -296.00
1880614 2024 05 11 03 03 00 016  -1644.19   1049.04   2693.23   -297.57
1881650 2024 05 11 03 03 20 010  -1656.58   1047.88   2704.46   -304.35
1882686 2024 05 11 03 03 40 005  -1685.39   1048.99   2734.38   -318.20
1883723 2024 05 11 03 04 00 018  -1712.84   1075.22   2788.05   -318.81
1884759 2024 05 11 03 04 20 013  -1733.21   1079.47   2812.68   -326.87
1885795 2024 05 11 03 04 40 007  -1658.39   1089.20   2747.59   -284.60
1886832 2024 05 11 03 05 00 017  -1647.92   1087.21   2735.13   -280.35
1887868 2024 05 11 03 05 20 004  -1636.74   1094.01   2730.75   -271.36
1888905 2024 05 11 03 05 40 003  -1591.64   1080.80   2672.44   -255.42
1889943 2024 05 11 03 06 00 013  -1550.05   1069.48   2619.52   -240.28
1890980 2024 05 11 03 06 20 001  -1497.64   1057.41   2555.06   -220.11
1892018 2024 05 11 03 06 40 010  -1481.53   1014.81   2496.34   -233.36
1893055 2024 05 11 03 07 00 007  -1491.22    969.82   2461.04   -260.70
1894092 2024 05 11 03 07 20 014  -1469.24    941.82   2411.06   -263.71
1895128 2024 05 11 03 07 40 009  -1449.84    922.21   2372.05   -263.82
1896164 2024 05 11 03 08 00 004  -1445.40    908.14   2353.54   -268.63
1897201 2024 05 11 03 08 20 012  -1432.70    891.59   2324.29   -270.55
1898238 2024 05 11 03 08 40 009  -1429.81    869.53   2299.34   -280.14
1899276 2024 05 11 03 09 00 016  -1417.83    850.17   2268.00   -283.83
1900314 2024 05 11 03 09 20 012  -1425.69    844.99   2270.68   -290.35
1901353 2024 05 11 03 09 40 014  -1417.57    844.79   2262.36   -286.39
1902392 2024 05 11 03 10 00 006  -1403.77    855.44   2259.21   -274.17
1903432 2024 05 11 03 10 20 008  -1430.61    838.51   2269.12   -296.05
1904472 2024 05 11 03 10 40 004  -1459.83    822.67   2282.50   -318.58
1905513 2024 05 11 03 11 00 011  -1454.92    832.04   2286.96   -311.44
1906554 2024 05 11 03 11 20 012  -1472.63    824.73   2297.37   -323.95
1907595 2024 05 11 03 11 40 007  -1486.93    827.63   2314.56   -329.65
1908637 2024 05 11 03 12 00 018  -1493.41    834.95   2328.36   -329.23
1909678 2024 05 11 03 12 20 011  -1500.95    828.13   2329.08   -336.41
1910719 2024 05 11 03 12 40 007  -1509.81    813.85   2323.66   -347.98
1911760 2024 05 11 03 13 00 004  -1517.88    826.94   2344.82   -345.47
1912801 2024 05 11 03 13 20 002  -1517.41    837.73   2355.14   -339.84
1913842 2024 05 11 03 13 40 001  -1521.05    829.02   2350.07   -346.02
1914883 2024 05 11 03 14 00 002  -1521.76    847.57   2369.33   -337.09
1915924 2024 05 11 03 14 20 006  -1536.03    862.13   2398.17   -336.95
1916965 2024 05 11 03 14 40 012  -1537.80    880.11   2417.91   -328.84
1918006 2024 05 11 03 15 00 017  -1548.32    896.66   2444.97   -325.83
1919046 2024 05 11 03 15 20 002  -1563.52    927.30   2490.81   -318.11
1920087 2024 05 11 03 15 40 001  -1593.94    928.63   2522.57   -332.65
1921129 2024 05 11 03 16 00 012  -1604.88    944.37   2549.25   -330.25
1922171 2024 05 11 03 16 20 016  -1613.52    964.69   2578.21   -324.41
1923213 2024 05 11 03 16 40 016  -1629.53    964.73   2594.26   -332.40
1924255 2024 05 11 03 17 00 016  -1619.22    979.55   2598.77   -319.84
1925297 2024 05 11 03 17 20 017  -1620.96    982.12   2603.08   -319.42
1926339 2024 05 11 03 17 40 017  -1614.00    985.41   2599.40   -314.30
1927381 2024 05 11 03 18 00 017  -1618.64    976.22   2594.86   -321.21
1928423 2024 05 11 03 18 20 015  -1626.33    977.40   2603.73   -324.47
1929465 2024 05 11 03 18 40 011  -1607.28    997.97   2605.25   -304.65
1930507 2024 05 11 03 19 00 002  -1606.13    960.38   2566.51   -322.87
1931550 2024 05 11 03 19 20 008  -1589.18    947.26   2536.43   -320.96
1932593 2024 05 11 03 19 40 011  -1558.94    954.51   2513.45   -302.21
1933636 2024 05 11 03 20 00 012  -1540.27    944.01   2484.29   -298.13
1934679 2024 05 11 03 20 20 010  -1528.37    929.44   2457.81   -299.46
1935722 2024 05 11 03 20 40 005  -1499.19    929.44   2428.63   -284.88
1936766 2024 05 11 03 21 00 015  -1480.44    927.15   2407.59   -276.64
1937809 2024 05 11 03 21 20 001  -1470.08    923.88   2393.96   -273.10
1938853 2024 05 11 03 21 40 004  -1492.22    924.95   2417.17   -283.64
1939897 2024 05 11 03 22 00 007  -1493.04    920.58   2413.61   -286.23
1940941 2024 05 11 03 22 20 010  -1496.76    900.86   2397.62   -297.95
1941985 2024 05 11 03 22 40 014  -1491.95    903.68   2395.62   -294.14
1943029 2024 05 11 03 23 00 017  -1481.08    907.72   2388.80   -286.68
1944072 2024 05 11 03 23 20 000  -1465.99    914.39   2380.38   -275.80
1945116 2024 05 11 03 23 40 003  -1459.60    915.88   2375.48   -271.86
1946160 2024 05 11 03 24 00 007  -1462.12    917.82   2379.94   -272.15
1947204 2024 05 11 03 24 20 014  -1470.14    920.48   2390.62   -274.83
1948247 2024 05 11 03 24 40 006  -1478.22    920.58   2398.81   -278.82
1949291 2024 05 11 03 25 00 017  -1478.71    920.27   2398.98   -279.22
1950334 2024 05 11 03 25 20 007  -1461.37    920.30   2381.67   -270.54
1951378 2024 05 11 03 25 40 013  -1449.12    926.88   2375.99   -261.12
1952422 2024 05 11 03 26 00 018  -1464.13    925.69   2389.82   -269.22
1953465 2024 05 11 03 26 20 002  -1470.29    927.08   2397.37   -271.60
1954509 2024 05 11 03 26 40 003  -1472.67    955.71   2428.38   -258.48
1955553 2024 05 11 03 27 00 004  -1503.93    923.49   2427.42   -290.22
1956597 2024 05 11 03 27 20 007  -1501.84    923.98   2425.82   -288.93
1957641 2024 05 11 03 27 40 010  -1528.11    940.57   2468.68   -293.77
1958685 2024 05 11 03 28 00 012  -1528.34    924.11   2452.45   -302.11
1959729 2024 05 11 03 28 20 016  -1512.00    909.16   2421.16   -301.42
1960772 2024 05 11 03 28 40 003  -1509.08    899.80   2408.89   -304.64
1961816 2024 05 11 03 29 00 012  -1504.48    898.83   2403.31   -302.83
1962859 2024 05 11 03 29 20 005  -1492.37    896.60   2388.97   -297.89
1963902 2024 05 11 03 29 40 000  -1482.50    885.05   2367.55   -298.73
1964946 2024 05 11 03 30 00 014  -1469.18    854.15   2323.33   -307.52
1965989 2024 05 11 03 30 20 009  -1460.04    820.78   2280.83   -319.63
1967032 2024 05 11 03 30 40 003  -1452.52    784.04   2236.56   -334.24
1968076 2024 05 11 03 31 00 013  -1442.16    778.27   2220.43   -331.95
1969119 2024 05 11 03 31 20 003  -1424.70    774.75   2199.45   -324.97
1970163 2024 05 11 03 31 40 012  -1405.11    775.24   2180.36   -314.94
1971206 2024 05 11 03 32 00 001  -1390.84    774.84   2165.68   -308.00
1972250 2024 05 11 03 32 20 009  -1377.93    772.02   2149.95   -302.95
1973294 2024 05 11 03 32 40 017  -1354.80    788.55   2143.35   -283.13
1974337 2024 05 11 03 33 00 009  -1352.39    811.35   2163.74   -270.52
1975380 2024 05 11 03 33 20 004  -1383.47    820.38   2203.86   -281.54
1976424 2024 05 11 03 33 40 018  -1388.16    819.60   2207.76   -284.28
1977467 2024 05 11 03 34 00 008  -1407.81    842.19   2250.00   -282.81
1978511 2024 05 11 03 34 20 011  -1457.13    841.58   2298.71   -307.77
1979555 2024 05 11 03 34 40 008  -1498.12    862.14   2360.27   -317.99
1980599 2024 05 11 03 35 00 004  -1610.60    885.60   2496.19   -362.50
1981643 2024 05 11 03 35 20 005  -1660.10    897.36   2557.46   -381.37
1982687 2024 05 11 03 35 40 011  -1682.94    922.74   2605.68   -380.10
1983730 2024 05 11 03 36 00 003  -1698.54    947.56   2646.10   -375.49
1984774 2024 05 11 03 36 20 015  -1727.12    951.46   2678.59   -387.83
1985817 2024 05 11 03 36 40 004  -1763.80    979.70   2743.50   -392.05
1986861 2024 05 11 03 37 00 011  -1789.08    969.67   2758.75   -409.70
1987905 2024 05 11 03 37 20 011  -1848.46    977.22   2825.68   -435.62
1988949 2024 05 11 03 37 40 003  -1913.93   1006.21   2920.14   -453.86
1989994 2024 05 11 03 38 00 009  -1906.77    997.12   2903.89   -454.82
1991039 2024 05 11 03 38 20 013  -1886.56   1000.05   2886.61   -443.25
1992083 2024 05 11 03 38 40 003  -1817.98    996.86   2814.84   -410.56
1993127 2024 05 11 03 39 00 002  -1797.62    992.77   2790.38   -402.43
1994171 2024 05 11 03 39 20 010  -1827.71    981.24   2808.95   -423.24
1995214 2024 05 11 03 39 40 005  -1784.39    955.60   2739.99   -414.40
1996258 2024 05 11 03 40 00 018  -1758.22    947.19   2705.41   -405.52
1997301 2024 05 11 03 40 20 008  -1746.82    947.08   2693.90   -399.87
1998345 2024 05 11 03 40 40 011  -1766.21    974.13   2740.34   -396.04
1999389 2024 05 11 03 41 00 015  -1729.34    971.27   2700.61   -379.03
2000432 2024 05 11 03 41 20 001  -1680.18    956.19   2636.37   -362.00
2001476 2024 05 11 03 41 40 009  -1668.31    957.82   2626.13   -355.25
2002520 2024 05 11 03 42 00 018  -1656.29    989.19   2645.48   -333.55
2003563 2024 05 11 03 42 20 006  -1612.18    970.68   2582.86   -320.75
2004607 2024 05 11 03 42 40 010  -1590.93    962.54   2553.47   -314.20
2005651 2024 05 11 03 43 00 008  -1609.48    997.88   2607.35   -305.80
2006695 2024 05 11 03 43 20 000  -1595.61    985.06   2580.68   -305.28
2007740 2024 05 11 03 43 40 008  -1586.01    995.11   2581.12   -295.45
2008785 2024 05 11 03 44 00 013  -1561.04    992.77   2553.81   -284.14
2009830 2024 05 11 03 44 20 018  -1562.69    987.35   2550.04   -287.67
2010874 2024 05 11 03 44 40 002  -1574.18    986.69   2560.87   -293.74
2011920 2024 05 11 03 45 00 016  -1602.03   1005.64   2607.67   -298.20
2012966 2024 05 11 03 45 20 018  -1605.50   1008.07   2613.57   -298.72
2014012 2024 05 11 03 45 40 014  -1579.56   1003.69   2583.25   -287.94
2015058 2024 05 11 03 46 00 013  -1591.72   1004.04   2595.77   -293.84
2016104 2024 05 11 03 46 20 016  -1583.73    988.69   2572.42   -297.52
2017149 2024 05 11 03 46 40 002  -1589.51    994.72   2584.23   -297.39
2018195 2024 05 11 03 47 00 009  -1586.25    993.20   2579.46   -296.53
2019241 2024 05 11 03 47 20 014  -1564.62    986.66   2551.28   -288.98
2020287 2024 05 11 03 47 40 017  -1547.45    963.63   2511.08   -291.91
2021332 2024 05 11 03 48 00 001  -1529.46    945.35   2474.80   -292.06
2022378 2024 05 11 03 48 20 006  -1537.00    936.61   2473.61   -300.20
2023424 2024 05 11 03 48 40 015  -1551.83    938.24   2490.07   -306.80
2024469 2024 05 11 03 49 00 007  -1546.28    950.22   2496.50   -298.03
2025514 2024 05 11 03 49 20 002  -1531.54    951.54   2483.08   -290.00
2026559 2024 05 11 03 49 40 000  -1511.68    949.53   2461.21   -281.08
2027604 2024 05 11 03 50 00 001  -1497.95    945.21   2443.16   -276.37
2028649 2024 05 11 03 50 20 006  -1488.15    940.81   2428.97   -273.67
2029694 2024 05 11 03 50 40 014  -1475.70    942.80   2418.50   -266.45
2030738 2024 05 11 03 51 00 004  -1478.59    945.76   2424.36   -266.41
2031783 2024 05 11 03 51 20 015  -1497.51    950.35   2447.86   -273.58
2032827 2024 05 11 03 51 40 007  -1483.40    960.31   2443.71   -261.54
2033872 2024 05 11 03 52 00 017  -1453.21    970.89   2424.10   -241.16
2034916 2024 05 11 03 52 20 006  -1458.67    976.94   2435.61   -240.87
2035961 2024 05 11 03 52 40 010  -1476.76    985.82   2462.58   -245.47
2037006 2024 05 11 03 53 00 011  -1510.39    992.08   2502.48   -259.16
2038051 2024 05 11 03 53 20 011  -1524.26    995.11   2519.37   -264.57
2039096 2024 05 11 03 53 40 012  -1572.25    976.39   2548.65   -297.93
2040141 2024 05 11 03 54 00 014  -1583.60    957.77   2541.37   -312.92
2041186 2024 05 11 03 54 20 016  -1595.20    932.53   2527.73   -331.34
2042231 2024 05 11 03 54 40 017  -1565.67    901.81   2467.48   -331.93
2043276 2024 05 11 03 55 00 017  -1578.53    897.34   2475.87   -340.59
2044321 2024 05 11 03 55 20 015  -1547.68    860.80   2408.48   -343.44
2045366 2024 05 11 03 55 40 011  -1507.04    847.96   2355.00   -329.54
2046411 2024 05 11 03 56 00 006  -1502.99    828.62   2331.62   -337.19
2047456 2024 05 11 03 56 20 000  -1514.89    820.57   2335.46   -347.16
2048502 2024 05 11 03 56 40 013  -1418.93    834.21   2253.15   -292.36
2049547 2024 05 11 03 57 00 009  -1514.56    802.77   2317.33   -355.90
2050592 2024 05 11 03 57 20 007  -1439.10    802.09   2241.19   -318.51
2051637 2024 05 11 03 57 40 004  -1473.03    778.80   2251.83   -347.12
2052683 2024 05 11 03 58 00 016  -1482.36    760.62   2242.98   -360.87
2053728 2024 05 11 03 58 20 007  -1485.31    768.76   2254.07   -358.28
2054774 2024 05 11 03 58 40 014  -1497.98    782.46   2280.44   -357.76
2055819 2024 05 11 03 59 00 001  -1467.88    784.83   2252.71   -341.52
2056865 2024 05 11 03 59 20 005  -1439.13    787.95   2227.07   -325.59
2057911 2024 05 11 03 59 40 011  -1499.40    773.65   2273.05   -362.87
2058957 2024 05 11 04 00 00 000  -1460.50    782.30   2242.79   -339.10
2060003 2024 05 11 04 00 20 007  -1444.17    784.77   2228.94   -329.70
2061049 2024 05 11 04 00 40 015  -1417.43    797.02   2214.46   -310.21
2062094 2024 05 11 04 01 00 004  -1419.10    799.98   2219.09   -309.56
2063140 2024 05 11 04 01 20 012  -1409.01    790.73   2199.74   -309.14
2064185 2024 05 11 04 01 40 000  -1394.06    792.55   2186.61   -300.75
2065231 2024 05 11 04 02 00 004  -1384.30    787.85   2172.15   -298.22
2066277 2024 05 11 04 02 20 006  -1371.43    776.70   2148.13   -297.36
2067323 2024 05 11 04 02 40 007  -1369.40    769.47   2138.86   -299.97
2068369 2024 05 11 04 03 00 008  -1319.33    769.59   2088.92   -274.87
2069415 2024 05 11 04 03 20 009  -1256.57    765.77   2022.33   -245.40
2070461 2024 05 11 04 03 40 011  -1252.68    755.47   2008.15   -248.61
2071507 2024 05 11 04 04 00 015  -1249.94    739.35   1989.29   -255.29
2072552 2024 05 11 04 04 20 001  -1272.91    728.98   2001.89   -271.96
2073598 2024 05 11 04 04 40 007  -1276.65    718.99   1995.64   -278.83
2074644 2024 05 11 04 05 00 013  -1254.07    719.77   1973.84   -267.15
2075689 2024 05 11 04 05 20 000  -1235.84    717.88   1953.72   -258.98
2076735 2024 05 11 04 05 40 004  -1206.48    717.51   1923.99   -244.48
2077781 2024 05 11 04 06 00 005  -1208.22    705.90   1914.12   -251.16
2078827 2024 05 11 04 06 20 006  -1205.63    702.33   1907.96   -251.65
2079873 2024 05 11 04 06 40 008  -1199.65    694.22   1893.87   -252.71
2080919 2024 05 11 04 07 00 011  -1178.98    692.46   1871.44   -243.26
2081965 2024 05 11 04 07 20 015  -1132.55    694.18   1826.73   -219.18
2083010 2024 05 11 04 07 40 001  -1111.97    693.45   1805.42   -209.26
2084056 2024 05 11 04 08 00 006  -1150.26    683.68   1833.93   -233.29
2085102 2024 05 11 04 08 20 013  -1144.27    683.98   1828.25   -230.15
2086147 2024 05 11 04 08 40 002  -1146.90    678.43   1825.33   -234.23
2087193 2024 05 11 04 09 00 009  -1145.49    677.01   1822.50   -234.24
2088239 2024 05 11 04 09 20 017  -1153.52    672.07   1825.59   -240.72
2089284 2024 05 11 04 09 40 005  -1162.45    669.71   1832.16   -246.37
2090330 2024 05 11 04 10 00 015  -1176.31    669.76   1846.07   -253.27
2091375 2024 05 11 04 10 20 009  -1181.51    677.29   1858.80   -252.11
2092420 2024 05 11 04 10 40 008  -1189.45    687.79   1877.24   -250.83
2093465 2024 05 11 04 11 00 009  -1225.65    707.08   1932.73   -259.29
2094510 2024 05 11 04 11 20 011  -1270.52    720.39   1990.91   -275.07
2095555 2024 05 11 04 11 40 011  -1282.94    728.88   2011.82   -277.03
2096600 2024 05 11 04 12 00 011  -1271.83    752.09   2023.91   -259.87
2097645 2024 05 11 04 12 20 011  -1353.61    743.28   2096.89   -305.17
2098690 2024 05 11 04 12 40 015  -1358.56    735.56   2094.12   -311.50
2099734 2024 05 11 04 13 00 002  -1376.31    739.27   2115.58   -318.52
2100779 2024 05 11 04 13 20 009  -1381.46    735.53   2116.99   -322.96
2101824 2024 05 11 04 13 40 019  -1381.91    728.65   2110.56   -326.63
2102868 2024 05 11 04 14 00 010  -1406.49    727.72   2134.21   -339.39
2103912 2024 05 11 04 14 20 004  -1433.25    735.98   2169.23   -348.63
2104957 2024 05 11 04 14 40 017  -1426.67    742.65   2169.32   -342.01
2106001 2024 05 11 04 15 00 011  -1422.15    753.95   2176.10   -334.10
2107045 2024 05 11 04 15 20 004  -1439.86    769.89   2209.75   -334.99
2108090 2024 05 11 04 15 40 014  -1437.25    778.73   2215.98   -329.26
2109134 2024 05 11 04 16 00 003  -1393.55    781.33   2174.88   -306.11
2110179 2024 05 11 04 16 20 010  -1359.90    776.78   2136.68   -291.56
2111224 2024 05 11 04 16 40 017  -1367.88    780.98   2148.86   -293.45
2112268 2024 05 11 04 17 00 005  -1391.86    794.52   2186.38   -298.67
2113313 2024 05 11 04 17 20 015  -1366.00    785.71   2151.71   -290.15
2114357 2024 05 11 04 17 40 008  -1351.55    780.50   2132.05   -285.53
2115401 2024 05 11 04 18 00 004  -1337.08    780.09   2117.17   -278.49
2116446 2024 05 11 04 18 20 017  -1313.04    793.31   2106.35   -259.86
2117490 2024 05 11 04 18 40 007  -1317.79    767.93   2085.73   -274.93
2118535 2024 05 11 04 19 00 016  -1308.19    778.07   2086.26   -265.06
2119579 2024 05 11 04 19 20 006  -1314.61    782.91   2097.52   -265.85
2120624 2024 05 11 04 19 40 013  -1333.29    775.44   2108.73   -278.93
2121668 2024 05 11 04 20 00 001  -1372.98    777.28   2150.26   -297.85
2122713 2024 05 11 04 20 20 012  -1389.75    775.71   2165.46   -307.02
2123757 2024 05 11 04 20 40 005  -1401.49    782.97   2184.46   -309.26
2124802 2024 05 11 04 21 00 016  -1432.93    776.43   2209.36   -328.25
2125846 2024 05 11 04 21 20 006  -1437.72    764.70   2202.42   -336.51
2126891 2024 05 11 04 21 40 011  -1451.59    751.85   2203.44   -349.87
2127936 2024 05 11 04 22 00 013  -1471.14    745.26   2216.39   -362.94
2128981 2024 05 11 04 22 20 015  -1478.63    736.66   2215.29   -370.98
2130025 2024 05 11 04 22 40 000  -1417.81    723.80   2141.61   -347.01
2131070 2024 05 11 04 23 00 007  -1408.57    724.36   2132.93   -342.10
2132114 2024 05 11 04 23 20 000  -1404.19    736.94   2141.12   -333.62
2133158 2024 05 11 04 23 40 002  -1385.89    743.26   2129.16   -321.32
2134202 2024 05 11 04 24 00 012  -1402.97    745.16   2148.13   -328.91
2135245 2024 05 11 04 24 20 004  -1478.28    747.52   2225.80   -365.38
2136289 2024 05 11 04 24 40 017  -1484.03    747.42   2231.45   -368.31
2137332 2024 05 11 04 25 00 013  -1524.18    772.65   2296.83   -375.77
2138375 2024 05 11 04 25 20 014  -1570.08    802.56   2372.64   -383.76
2139418 2024 05 11 04 25 40 016  -1546.00    859.17   2405.17   -343.41
2140460 2024 05 11 04 26 00 001  -1675.01    909.08   2584.09   -382.96
2141503 2024 05 11 04 26 20 008  -1699.78    934.52   2634.30   -382.63
2142545 2024 05 11 04 26 40 003  -1742.31    960.72   2703.03   -390.79
2143587 2024 05 11 04 27 00 005  -1748.30    951.24   2699.54   -398.53
2144629 2024 05 11 04 27 20 001  -1688.59    925.73   2614.32   -381.43
2145672 2024 05 11 04 27 40 013  -1669.85    888.57   2558.42   -390.64
2146714 2024 05 11 04 28 00 007  -1673.06    873.24   2546.30   -399.91
2147757 2024 05 11 04 28 20 008  -1689.93    858.54   2548.47   -415.69
2148800 2024 05 11 04 28 40 006  -1690.54    852.57   2543.12   -418.99
2149843 2024 05 11 04 29 00 001  -1649.02    819.42   2468.43   -414.80
2150887 2024 05 11 04 29 20 012  -1647.12    819.52   2466.64   -413.80
2151930 2024 05 11 04 29 40 008  -1654.92    846.51   2501.43   -404.20
2152973 2024 05 11 04 30 00 008  -1636.55    807.74   2444.29   -414.40
2154016 2024 05 11 04 30 20 011  -1582.99    843.33   2426.32   -369.83
2155059 2024 05 11 04 30 40 015  -1632.30    789.47   2421.76   -421.41
2156102 2024 05 11 04 31 00 018  -1655.20    763.22   2418.43   -445.99
2157145 2024 05 11 04 31 20 018  -1634.56    760.91   2395.47   -436.82
2158188 2024 05 11 04 31 40 010  -1660.40    748.07   2408.47   -456.16
2159232 2024 05 11 04 32 00 015  -1684.07    759.32   2443.40   -462.38
2160276 2024 05 11 04 32 20 016  -1673.21    740.07   2413.29   -466.57
2161320 2024 05 11 04 32 40 018  -1698.67    678.24   2376.91   -510.22
2162363 2024 05 11 04 33 00 007  -1616.71    613.33   2230.04   -501.69
2163407 2024 05 11 04 33 20 009  -1646.56    591.46   2238.02   -527.55
2164451 2024 05 11 04 33 40 005  -1641.43    599.18   2240.62   -521.12
2165496 2024 05 11 04 34 00 015  -1684.17    630.02   2314.19   -527.08
2166540 2024 05 11 04 34 20 008  -1681.17    668.71   2349.88   -506.23
2167584 2024 05 11 04 34 40 013  -1668.33    702.03   2370.36   -483.15
2168627 2024 05 11 04 35 00 010  -1658.35    748.44   2406.79   -454.96
2169670 2024 05 11 04 35 20 014  -1675.55    784.45   2460.00   -445.55
2170712 2024 05 11 04 35 40 007  -1718.58    798.61   2517.19   -459.99
2171754 2024 05 11 04 36 00 006  -1793.14    818.30   2611.44   -487.42
2172796 2024 05 11 04 36 20 001  -1809.36    856.29   2665.65   -476.53
2173839 2024 05 11 04 36 40 018  -1892.63    847.13   2739.76   -522.75
2174880 2024 05 11 04 37 00 008  -2000.05    846.25   2846.30   -576.90
2175921 2024 05 11 04 37 20 004  -2062.10    838.39   2900.48   -611.86
2176963 2024 05 11 04 37 40 016  -2072.06    822.92   2894.98   -624.57
2178004 2024 05 11 04 38 00 002  -2113.04    806.52   2919.56   -653.26
2179046 2024 05 11 04 38 20 005  -1926.73    786.13   2712.86   -570.30
2180088 2024 05 11 04 38 40 000  -1826.43    763.71   2590.14   -531.36
2181131 2024 05 11 04 39 00 015  -1823.51    740.58   2564.09   -541.47
2182174 2024 05 11 04 39 20 018  -1739.72    739.46   2479.19   -500.13
2183217 2024 05 11 04 39 40 016  -1742.15    731.85   2474.00   -505.15
2184260 2024 05 11 04 40 00 011  -1672.97    735.23   2408.21   -468.87
2185303 2024 05 11 04 40 20 005  -1720.73    709.24   2429.98   -505.74
2186347 2024 05 11 04 40 40 017  -1820.82    685.44   2506.27   -567.69
2187390 2024 05 11 04 41 00 010  -1748.97    713.54   2462.51   -517.72
2188433 2024 05 11 04 41 20 005  -1681.00    679.37   2360.37   -500.82
2189477 2024 05 11 04 41 40 017  -1661.07    646.89   2307.96   -507.09
2190520 2024 05 11 04 42 00 007  -1660.87    628.77   2289.64   -516.05
2191564 2024 05 11 04 42 20 013  -1714.97    597.59   2312.55   -558.69
2192608 2024 05 11 04 42 40 016  -1717.01    542.59   2259.60   -587.21
2193652 2024 05 11 04 43 00 015  -1665.54    521.89   2187.43   -571.82
2194696 2024 05 11 04 43 20 010  -1647.61    497.31   2144.91   -575.15
2195741 2024 05 11 04 43 40 019  -1569.96    484.39   2054.35   -542.78
2196785 2024 05 11 04 44 00 009  -1585.96    484.65   2070.61   -550.65
2197828 2024 05 11 04 44 20 006  -1491.32    512.08   2003.40   -489.62
2198869 2024 05 11 04 44 40 003  -1448.70    531.89   1980.59   -458.40
2199909 2024 05 11 04 45 00 016  -1439.57    541.97   1981.54   -448.80
2200947 2024 05 11 04 45 20 010  -1435.14    552.90   1988.04   -441.12
2201985 2024 05 11 04 45 40 015  -1395.86    544.36   1940.22   -425.75
2203023 2024 05 11 04 46 00 010  -1355.20    539.41   1894.61   -407.90
2204062 2024 05 11 04 46 20 009  -1317.70    548.10   1865.80   -384.80
2205102 2024 05 11 04 46 40 014  -1317.24    568.80   1886.04   -374.22
2206142 2024 05 11 04 47 00 006  -1325.86    603.40   1929.26   -361.23
2207184 2024 05 11 04 47 20 016  -1356.56    643.19   1999.75   -356.69
2208226 2024 05 11 04 47 40 003  -1391.49    677.30   2068.79   -357.10
2209270 2024 05 11 04 48 00 014  -1393.25    714.88   2108.13   -339.18
2210314 2024 05 11 04 48 20 014  -1403.29    746.38   2149.67   -328.46
2211358 2024 05 11 04 48 40 007  -1433.02    775.32   2208.34   -328.85
2212402 2024 05 11 04 49 00 013  -1435.10    793.66   2228.76   -320.72
2213445 2024 05 11 04 49 20 014  -1449.40    810.28   2259.68   -319.56
2214487 2024 05 11 04 49 40 000  -1438.07    816.87   2254.94   -310.60
2215530 2024 05 11 04 50 00 007  -1442.23    814.42   2256.65   -313.90
2216573 2024 05 11 04 50 20 013  -1473.36    809.16   2282.52   -332.10
2217616 2024 05 11 04 50 40 014  -1491.11    812.58   2303.69   -339.26
2218658 2024 05 11 04 51 00 001  -1498.54    800.97   2299.51   -348.78
2219701 2024 05 11 04 51 20 013  -1496.85    782.54   2279.39   -357.16
2220743 2024 05 11 04 51 40 009  -1488.86    759.81   2248.67   -364.53
2221785 2024 05 11 04 52 00 004  -1461.50    739.10   2200.60   -361.20
2222828 2024 05 11 04 52 20 014  -1434.38    724.73   2159.11   -354.83
2223870 2024 05 11 04 52 40 002  -1400.05    714.13   2114.18   -342.96
2224913 2024 05 11 04 53 00 008  -1400.40    701.21   2101.60   -349.59
2225956 2024 05 11 04 53 20 014  -1421.93    695.00   2116.93   -363.47
2226998 2024 05 11 04 53 40 002  -1436.91    684.13   2121.04   -376.39
2228041 2024 05 11 04 54 00 005  -1426.79    672.82   2099.61   -376.98
2229084 2024 05 11 04 54 20 002  -1429.02    658.28   2087.30   -385.37
2230128 2024 05 11 04 54 40 015  -1422.27    643.56   2065.83   -389.36
2231171 2024 05 11 04 55 00 006  -1407.16    623.80   2030.96   -391.68
2232215 2024 05 11 04 55 20 015  -1393.25    604.97   1998.22   -394.14
2233258 2024 05 11 04 55 40 005  -1387.20    585.72   1972.92   -400.74
2234302 2024 05 11 04 56 00 015  -1382.51    570.17   1952.68   -406.17
2235345 2024 05 11 04 56 20 005  -1359.60    565.15   1924.74   -397.23
2236389 2024 05 11 04 56 40 014  -1349.03    569.63   1918.65   -389.70
2237432 2024 05 11 04 57 00 002  -1337.59    567.85   1905.44   -384.87
2238476 2024 05 11 04 57 20 010  -1312.80    559.64   1872.44   -376.58
2239519 2024 05 11 04 57 40 003  -1310.29    546.96   1857.25   -381.67
2240562 2024 05 11 04 58 00 000  -1319.03    552.09   1871.12   -383.47
2241605 2024 05 11 04 58 20 003  -1320.39    568.86   1889.25   -375.77
2242648 2024 05 11 04 58 40 015  -1312.76    583.14   1895.90   -364.81
2243690 2024 05 11 04 59 00 011  -1319.37    577.03   1896.40   -371.17
2244732 2024 05 11 04 59 20 006  -1332.70    578.09   1910.79   -377.31
2245774 2024 05 11 04 59 40 004  -1323.24    573.55   1896.79   -374.85
2246816 2024 05 11 05 00 00 000  -1329.20    566.10   1895.30   -381.55
2247859 2024 05 11 05 00 20 011  -1306.47    548.69   1855.16   -378.89
2248902 2024 05 11 05 00 40 019  -1237.05    526.80   1763.86   -355.13
2249944 2024 05 11 05 01 00 003  -1179.66    515.50   1695.16   -332.08
2250987 2024 05 11 05 01 20 002  -1144.90    525.10   1670.01   -309.90
2252031 2024 05 11 05 01 40 018  -1131.90    534.29   1666.18   -298.80
2253074 2024 05 11 05 02 00 014  -1134.72    482.83   1617.54   -325.94
2254117 2024 05 11 05 02 20 012  -1129.42    473.59   1603.01   -327.92
2255160 2024 05 11 05 02 40 011  -1129.23    483.97   1613.20   -322.63
2256203 2024 05 11 05 03 00 008  -1169.97    492.30   1662.27   -338.83
2257246 2024 05 11 05 03 20 006  -1156.37    494.55   1650.92   -330.91
2258289 2024 05 11 05 03 40 006  -1136.04    492.13   1628.17   -321.96
2259332 2024 05 11 05 04 00 009  -1110.10    494.64   1604.74   -307.73
2260375 2024 05 11 05 04 20 016  -1089.08    501.08   1590.15   -294.00
2261417 2024 05 11 05 04 40 003  -1082.00    502.30   1584.30   -289.85
2262460 2024 05 11 05 05 00 012  -1062.73    502.89   1565.62   -279.92
2263502 2024 05 11 05 05 20 001  -1054.49    503.13   1557.62   -275.68
2264545 2024 05 11 05 05 40 008  -1038.30    496.85   1535.15   -270.72
2265588 2024 05 11 05 06 00 015  -1009.63    488.82   1498.45   -260.41
2266630 2024 05 11 05 06 20 000   -991.44    483.89   1475.33   -253.77
2267673 2024 05 11 05 06 40 001   -981.81    479.45   1461.25   -251.18
2268716 2024 05 11 05 07 00 000   -976.61    474.05   1450.66   -251.28
2269760 2024 05 11 05 07 20 014   -979.07    468.77   1447.84   -255.15
2270803 2024 05 11 05 07 40 007   -976.54    464.75   1441.29   -255.89
2271846 2024 05 11 05 08 00 000   -975.27    459.20   1434.47   -258.03
2272890 2024 05 11 05 08 20 012   -977.95    454.86   1432.81   -261.55
2273933 2024 05 11 05 08 40 004   -984.80    447.26   1432.06   -268.77
2274977 2024 05 11 05 09 00 018   -987.41    440.63   1428.04   -273.39
2276020 2024 05 11 05 09 20 011   -985.40    436.51   1421.90   -274.45
2277063 2024 05 11 05 09 40 002   -982.19    431.74   1413.93   -275.22
2278107 2024 05 11 05 10 00 014   -970.26    425.31   1395.57   -272.47
2279150 2024 05 11 05 10 20 010   -955.51    416.99   1372.51   -269.26
2280193 2024 05 11 05 10 40 010   -952.75    409.05   1361.80   -271.85
2281236 2024 05 11 05 11 00 014   -953.48    400.56   1354.04   -276.46
2282279 2024 05 11 05 11 20 018   -954.44    393.51   1347.95   -280.46
2283321 2024 05 11 05 11 40 004   -953.01    386.77   1339.79   -283.12
2284364 2024 05 11 05 12 00 009   -951.85    379.13   1330.98   -286.36
2285407 2024 05 11 05 12 20 012   -944.00    370.72   1314.72   -286.64
2286450 2024 05 11 05 12 40 014   -927.91    359.77   1287.68   -284.07
2287493 2024 05 11 05 13 00 015   -915.13    346.07   1261.19   -284.53
2288536 2024 05 11 05 13 20 015   -908.15    330.20   1238.35   -288.97
2289579 2024 05 11 05 13 40 013   -919.68    314.12   1233.80   -302.78
2290622 2024 05 11 05 14 00 008   -944.90    300.56   1245.46   -322.17
2291665 2024 05 11 05 14 20 002   -948.71    288.76   1237.47   -329.98
2292709 2024 05 11 05 14 40 012   -946.29    280.75   1227.04   -332.77
2293752 2024 05 11 05 15 00 000   -937.74    277.37   1215.10   -330.19
2294796 2024 05 11 05 15 20 007   -921.04    273.48   1194.52   -323.78
2295840 2024 05 11 05 15 40 017   -913.88    261.62   1175.49   -326.13
2296883 2024 05 11 05 16 00 008   -917.14    249.88   1167.02   -333.63
2297927 2024 05 11 05 16 20 017   -925.10    237.91   1163.01   -343.60
2298970 2024 05 11 05 16 40 006   -935.26    227.72   1162.98   -353.77
2300014 2024 05 11 05 17 00 013   -933.26    228.22   1161.48   -352.52
2301057 2024 05 11 05 17 20 001   -946.81    221.53   1168.34   -362.64
2302101 2024 05 11 05 17 40 009   -961.17    222.23   1183.40   -369.47
2303145 2024 05 11 05 18 00 018   -965.39    232.44   1197.83   -366.47
2304188 2024 05 11 05 18 20 009   -966.25    242.56   1208.81   -361.85
2305232 2024 05 11 05 18 40 019   -968.41    245.65   1214.06   -361.38
2306275 2024 05 11 05 19 00 009   -972.81    259.93   1232.74   -356.44
2307318 2024 05 11 05 19 20 000   -969.19    272.69   1241.88   -348.25
2308362 2024 05 11 05 19 40 010   -963.25    280.12   1243.37   -341.56
2309405 2024 05 11 05 20 00 002   -943.20    290.97   1234.17   -326.11
2310449 2024 05 11 05 20 20 011   -933.52    289.13   1222.65   -322.20
2311492 2024 05 11 05 20 40 001   -934.62    307.89   1242.50   -313.37
2312536 2024 05 11 05 21 00 012   -923.92    324.41   1248.33   -299.75
2313579 2024 05 11 05 21 20 009   -939.26    352.76   1292.02   -293.25
2314622 2024 05 11 05 21 40 006   -952.05    371.55   1323.60   -290.25
2315665 2024 05 11 05 22 00 002   -953.36    378.15   1331.51   -287.60
2316709 2024 05 11 05 22 20 017   -946.05    392.36   1338.41   -276.84
2317752 2024 05 11 05 22 40 016   -982.36    413.75   1396.12   -284.31
2318794 2024 05 11 05 23 00 001  -1004.25    421.60   1425.85   -291.33
2319837 2024 05 11 05 23 20 009  -1038.41    434.15   1472.56   -302.13
2320879 2024 05 11 05 23 40 001  -1057.15    437.82   1494.97   -309.66
2321922 2024 05 11 05 24 00 013  -1059.54    433.89   1493.43   -312.82
2322964 2024 05 11 05 24 20 006  -1082.23    445.74   1527.97   -318.25
2324007 2024 05 11 05 24 40 017  -1103.63    443.19   1546.82   -330.22
2325049 2024 05 11 05 25 00 011  -1086.30    439.18   1525.47   -323.56
2326091 2024 05 11 05 25 20 003  -1089.59    429.01   1518.60   -330.29
2327134 2024 05 11 05 25 40 010  -1079.22    421.18   1500.39   -329.02
2328177 2024 05 11 05 26 00 012  -1096.54    425.86   1522.41   -335.34
2329220 2024 05 11 05 26 20 011  -1093.35    420.68   1514.03   -336.33
2330263 2024 05 11 05 26 40 005  -1099.08    408.69   1507.77   -345.19
2331307 2024 05 11 05 27 00 016  -1100.69    378.50   1479.19   -361.10
2332350 2024 05 11 05 27 20 006  -1124.64    376.47   1501.11   -374.09
2333394 2024 05 11 05 27 40 009  -1119.35    368.69   1488.04   -375.33
2334438 2024 05 11 05 28 00 009  -1103.37    354.76   1458.13   -374.31
2335482 2024 05 11 05 28 20 006  -1053.83    330.95   1384.78   -361.44
2336526 2024 05 11 05 28 40 002  -1030.61    322.34   1352.95   -354.13
2337571 2024 05 11 05 29 00 017  -1006.33    335.81   1342.13   -335.26
2338615 2024 05 11 05 29 20 016   -975.69    345.01   1320.70   -315.34
2339659 2024 05 11 05 29 40 017   -959.26    338.45   1297.71   -310.40
2340703 2024 05 11 05 30 00 017   -948.54    338.17   1286.71   -305.19
2341747 2024 05 11 05 30 20 013   -960.57    334.04   1294.61   -313.26
2342791 2024 05 11 05 30 40 005   -906.03    349.54   1255.57   -278.24
2343836 2024 05 11 05 31 00 015   -896.57    355.92   1252.49   -270.32
2344880 2024 05 11 05 31 20 005   -908.44    359.03   1267.47   -274.70
2345925 2024 05 11 05 31 40 016   -867.63    366.24   1233.86   -250.69
2346969 2024 05 11 05 32 00 006   -832.71    351.93   1184.65   -240.39
2348014 2024 05 11 05 32 20 015   -836.84    334.76   1171.60   -251.04
2349058 2024 05 11 05 32 40 003   -843.66    315.83   1159.49   -263.91
2350103 2024 05 11 05 33 00 006   -850.36    312.23   1162.59   -269.06
2351148 2024 05 11 05 33 20 003   -844.40    351.56   1195.96   -246.42
2352194 2024 05 11 05 33 40 016   -832.51    359.84   1192.35   -236.34
2353239 2024 05 11 05 34 00 009   -833.28    326.91   1160.18   -253.18
2354284 2024 05 11 05 34 20 001   -836.40    265.20   1101.61   -285.60
2355330 2024 05 11 05 34 40 009   -840.50    256.95   1097.45   -291.77
2356376 2024 05 11 05 35 00 016   -837.03    240.97   1078.00   -298.03
2357421 2024 05 11 05 35 20 004   -833.06    239.75   1072.81   -296.65
2358467 2024 05 11 05 35 40 011   -850.51    231.59   1082.09   -309.46
2359513 2024 05 11 05 36 00 018   -856.00    225.15   1081.15   -315.43
2360558 2024 05 11 05 36 20 009   -863.71    223.46   1087.17   -320.12
2361603 2024 05 11 05 36 40 000   -869.71    228.29   1098.01   -320.71
2362649 2024 05 11 05 37 00 013   -876.69    238.82   1115.52   -318.94
2363694 2024 05 11 05 37 20 007   -905.56    255.37   1160.93   -325.09
2364739 2024 05 11 05 37 40 002   -936.99    265.31   1202.31   -335.84
2365785 2024 05 11 05 38 00 018   -933.07    274.14   1207.21   -329.47
2366830 2024 05 11 05 38 20 016   -949.77    284.10   1233.87   -332.83
2367875 2024 05 11 05 38 40 012   -977.66    293.97   1271.63   -341.85
2368920 2024 05 11 05 39 00 006   -979.27    300.89   1280.16   -339.19
2369966 2024 05 11 05 39 20 019   -974.03    309.60   1283.63   -332.22
2371011 2024 05 11 05 39 40 014   -980.26    320.55   1300.81   -329.86
2372056 2024 05 11 05 40 00 009   -972.44    332.18   1304.62   -320.13
2373101 2024 05 11 05 40 20 004  -1001.13    352.68   1353.81   -324.22
2374147 2024 05 11 05 40 40 018  -1001.01    374.60   1375.61   -313.20
2375192 2024 05 11 05 41 00 014  -1087.11    413.68   1500.78   -336.72
2376237 2024 05 11 05 41 20 010  -1075.62    406.36   1481.98   -334.63
2377282 2024 05 11 05 41 40 005  -1072.44    416.88   1489.32   -327.78
2378328 2024 05 11 05 42 00 017  -1134.64    424.18   1558.82   -355.23
2379373 2024 05 11 05 42 20 011  -1137.65    428.02   1565.67   -354.81
2380418 2024 05 11 05 42 40 009  -1152.81    500.21   1653.02   -326.30
2381463 2024 05 11 05 43 00 012  -1129.63    509.91   1639.54   -309.86
2382507 2024 05 11 05 43 20 002  -1090.96    545.66   1636.62   -272.65
2383552 2024 05 11 05 43 40 017  -1062.29    547.16   1609.45   -257.56
2384596 2024 05 11 05 44 00 014  -1024.31    546.22   1570.53   -239.04
2385640 2024 05 11 05 44 20 011   -991.28    533.12   1524.40   -229.08
2386684 2024 05 11 05 44 40 006   -998.22    517.79   1516.01   -240.21
2387729 2024 05 11 05 45 00 011   -909.45    460.84   1370.28   -224.30
2388774 2024 05 11 05 45 20 010   -910.97    456.84   1367.81   -227.06
2389819 2024 05 11 05 45 40 009   -916.02    461.85   1377.86   -227.08
2390864 2024 05 11 05 46 00 012   -945.12    486.23   1431.35   -229.44
2391909 2024 05 11 05 46 20 016   -931.04    481.84   1412.88   -224.60
2392953 2024 05 11 05 46 40 001   -915.66    500.09   1415.75   -207.78
2393998 2024 05 11 05 47 00 010   -923.92    533.86   1457.78   -195.03
2395042 2024 05 11 05 47 20 006   -949.22    580.14   1529.36   -184.54
2396087 2024 05 11 05 47 40 015   -924.32    585.71   1510.03   -169.31
2397132 2024 05 11 05 48 00 011   -946.27    604.20   1550.48   -171.03
2398177 2024 05 11 05 48 20 005   -924.14    590.70   1514.84   -166.72
2399222 2024 05 11 05 48 40 001   -926.32    580.49   1506.81   -172.91
2400268 2024 05 11 05 49 00 017   -944.42    558.31   1502.73   -193.05
2401313 2024 05 11 05 49 20 018   -949.53    544.17   1493.70   -202.68
2402358 2024 05 11 05 49 40 017   -922.99    542.74   1465.73   -190.13
2403403 2024 05 11 05 50 00 012   -908.70    534.54   1443.24   -187.08
2404448 2024 05 11 05 50 20 004   -957.64    532.15   1489.79   -212.74
2405494 2024 05 11 05 50 40 013   -975.79    528.94   1504.72   -223.42
2406539 2024 05 11 05 51 00 003  -1037.80    535.09   1572.89   -251.35
2407585 2024 05 11 05 51 20 010  -1071.67    541.59   1613.26   -265.04
2408631 2024 05 11 05 51 40 015  -1128.14    559.23   1687.37   -284.46
2409676 2024 05 11 05 52 00 002  -1148.24    584.60   1732.84   -281.82
2410722 2024 05 11 05 52 20 010  -1166.17    611.47   1777.64   -277.35
2411767 2024 05 11 05 52 40 005  -1164.53    632.78   1797.32   -265.87
2412812 2024 05 11 05 53 00 005  -1122.56    643.88   1766.45   -239.34
2413857 2024 05 11 05 53 20 009  -1132.83    659.28   1792.11   -236.78
2414902 2024 05 11 05 53 40 012  -1127.26    666.01   1793.28   -230.63
2415947 2024 05 11 05 54 00 010  -1127.10    669.01   1796.12   -229.04
2416992 2024 05 11 05 54 20 001  -1140.74    677.95   1818.69   -231.39
2418038 2024 05 11 05 54 40 011  -1156.46    702.03   1858.49   -227.22
2419083 2024 05 11 05 55 00 004  -1237.72    730.31   1968.03   -253.70
2420129 2024 05 11 05 55 20 018  -1315.73    747.83   2063.55   -283.95
2421174 2024 05 11 05 55 40 015  -1323.49    756.51   2080.00   -283.49
2422219 2024 05 11 05 56 00 014  -1358.31    760.26   2118.57   -299.03
2423263 2024 05 11 05 56 20 002  -1370.01    768.21   2138.22   -300.90
2424308 2024 05 11 05 56 40 018  -1322.93    770.63   2093.55   -276.15
2425351 2024 05 11 05 57 00 004  -1276.36    776.87   2053.23   -249.74
2426395 2024 05 11 05 57 20 013  -1206.27    773.86   1980.13   -216.20
2427438 2024 05 11 05 57 40 008  -1186.45    764.34   1950.78   -211.06
2428481 2024 05 11 05 58 00 002  -1131.77    747.30   1879.07   -192.23
2429525 2024 05 11 05 58 20 015  -1129.77    732.58   1862.36   -198.59
2430568 2024 05 11 05 58 40 008  -1109.20    735.25   1844.45   -186.98
2431611 2024 05 11 05 59 00 001  -1101.12    733.61   1834.73   -183.75
2432655 2024 05 11 05 59 20 014  -1095.55    736.90   1832.45   -179.32
2433698 2024 05 11 05 59 40 011  -1103.02    729.91   1832.92   -186.56
2434741 2024 05 11 06 00 00 000  -1123.95    713.02   1836.97   -205.47
2435785 2024 05 11 06 00 20 018  -1109.90    713.00   1822.91   -198.45
2436828 2024 05 11 06 00 40 009  -1175.25    713.88   1889.13   -230.68
2437872 2024 05 11 06 01 00 016  -1207.28    709.94   1917.21   -248.67
2438915 2024 05 11 06 01 20 005  -1234.64    703.77   1938.41   -265.43
2439959 2024 05 11 06 01 40 011  -1233.35    715.94   1949.28   -258.71
2441003 2024 05 11 06 02 00 015  -1188.52    722.94   1911.46   -232.79
2442046 2024 05 11 06 02 20 001  -1166.58    750.91   1917.49   -207.84
2443090 2024 05 11 06 02 40 005  -1117.15    709.28   1826.43   -203.94
2444134 2024 05 11 06 03 00 003  -1089.75    718.58   1808.32   -185.58
2445179 2024 05 11 06 03 20 012  -1042.06    730.77   1772.83   -155.64
2446224 2024 05 11 06 03 40 016  -1016.47    713.58   1730.05   -151.45
2447268 2024 05 11 06 04 00 000  -1034.53    690.02   1724.55   -172.25
2448313 2024 05 11 06 04 20 006  -1027.89    657.85   1685.75   -185.02
2449358 2024 05 11 06 04 40 014  -1039.01    652.37   1691.38   -193.32
2450402 2024 05 11 06 05 00 002  -1002.04    646.55   1648.59   -177.74
2451447 2024 05 11 06 05 20 012   -962.71    639.43   1602.14   -161.64
2452491 2024 05 11 06 05 40 006   -915.73    623.59   1539.32   -146.07
2453535 2024 05 11 06 06 00 003   -880.21    613.77   1493.98   -133.22
2454580 2024 05 11 06 06 20 012   -904.04    575.13   1479.17   -164.45
2455625 2024 05 11 06 06 40 010   -868.31    566.21   1434.52   -151.05
2456670 2024 05 11 06 07 00 003   -871.19    552.08   1423.28   -159.56
2457716 2024 05 11 06 07 20 016   -876.26    533.35   1409.61   -171.45
2458761 2024 05 11 06 07 40 013   -903.40    544.78   1448.18   -179.31
2459806 2024 05 11 06 08 00 013   -895.29    540.87   1436.16   -177.21
2460851 2024 05 11 06 08 20 015   -871.24    534.51   1405.75   -168.37
2461896 2024 05 11 06 08 40 016   -824.57    509.04   1333.61   -157.77
2462941 2024 05 11 06 09 00 017   -798.94    494.14   1293.08   -152.40
2463986 2024 05 11 06 09 20 016   -758.12    472.27   1230.40   -142.93
2465031 2024 05 11 06 09 40 013   -748.89    464.68   1213.57   -142.11
2466076 2024 05 11 06 10 00 011   -755.78    459.93   1215.71   -147.93
2467121 2024 05 11 06 10 20 008   -750.89    562.39   1313.28    -94.25
2468166 2024 05 11 06 10 40 008   -744.36    460.79   1205.15   -141.78
2469211 2024 05 11 06 11 00 010   -743.19    432.39   1175.59   -155.40
2470256 2024 05 11 06 11 20 011   -738.44    438.33   1176.77   -150.06
2471301 2024 05 11 06 11 40 012   -733.96    449.45   1183.41   -142.26
2472346 2024 05 11 06 12 00 014   -750.55    443.19   1193.73   -153.68
2473391 2024 05 11 06 12 20 018   -758.82    434.56   1193.38   -162.13
2474435 2024 05 11 06 12 40 003   -752.64    429.61   1182.26   -161.52
2475480 2024 05 11 06 13 00 008   -754.52    430.26   1184.78   -162.13
2476525 2024 05 11 06 13 20 012   -741.13    429.28   1170.42   -155.93
2477570 2024 05 11 06 13 40 016   -754.46    416.23   1170.68   -169.11
2478614 2024 05 11 06 14 00 001   -754.42    412.16   1166.58   -171.13
2479659 2024 05 11 06 14 20 003   -778.32    447.25   1225.57   -165.53
2480704 2024 05 11 06 14 40 004   -767.18    449.19   1216.37   -158.99
2481749 2024 05 11 06 15 00 006   -737.70    410.15   1147.85   -163.78
2482794 2024 05 11 06 15 20 010   -725.72    415.38   1141.10   -155.17
2483838 2024 05 11 06 15 40 001   -719.40    400.94   1120.34   -159.23
2484883 2024 05 11 06 16 00 013   -718.14    409.48   1127.63   -154.33
2485927 2024 05 11 06 16 20 008   -719.52    413.06   1132.58   -153.23
2486971 2024 05 11 06 16 40 004   -742.83    413.71   1156.54   -164.56
2488016 2024 05 11 06 17 00 018   -754.60    390.16   1144.76   -182.22
2489060 2024 05 11 06 17 20 012   -779.43    398.18   1177.61   -190.62
2490104 2024 05 11 06 17 40 002   -774.65    401.45   1176.09   -186.60
2491149 2024 05 11 06 18 00 010   -768.72    401.67   1170.39   -183.52
2492194 2024 05 11 06 18 20 015   -775.49    413.87   1189.36   -180.81
2493238 2024 05 11 06 18 40 004   -700.04    450.93   1150.97   -124.55
2494283 2024 05 11 06 19 00 010   -697.38    453.58   1150.95   -121.90
2495328 2024 05 11 06 19 20 016   -633.37    537.88   1171.25    -47.75
2496372 2024 05 11 06 19 40 001   -713.45    479.10   1192.55   -117.17
2497417 2024 05 11 06 20 00 009   -705.64    488.15   1193.79   -108.74
2498462 2024 05 11 06 20 20 014   -697.18    472.60   1169.79   -112.29
2499507 2024 05 11 06 20 40 016   -722.21    425.47   1147.67   -148.37
2500552 2024 05 11 06 21 00 016   -688.21    453.13   1141.34   -117.54
2501597 2024 05 11 06 21 20 013   -728.67    429.83   1158.50   -149.42
2502642 2024 05 11 06 21 40 008   -741.63    434.31   1175.94   -153.66
2503687 2024 05 11 06 22 00 002   -748.83    434.75   1183.57   -157.04
2504733 2024 05 11 06 22 20 013   -753.21    431.68   1184.89   -160.77
2505778 2024 05 11 06 22 40 004   -758.90    438.66   1197.57   -160.12
2506824 2024 05 11 06 23 00 015   -768.08    446.42   1214.50   -160.83
2507868 2024 05 11 06 23 20 002   -735.95    465.74   1201.69   -135.10
2508912 2024 05 11 06 23 40 006   -747.24    481.49   1228.73   -132.88
2509956 2024 05 11 06 24 00 013   -749.56    479.03   1228.60   -135.27
2511000 2024 05 11 06 24 20 017   -815.34    471.41   1286.75   -171.96
2512044 2024 05 11 06 24 40 010   -836.73    472.34   1309.07   -182.20
2513089 2024 05 11 06 25 00 015   -847.21    474.73   1321.94   -186.24
2514133 2024 05 11 06 25 20 000   -881.92    476.63   1358.55   -202.64
2515178 2024 05 11 06 25 40 012   -888.86    484.87   1373.72   -201.99
2516222 2024 05 11 06 26 00 017   -925.99    495.27   1421.26   -215.36
2517265 2024 05 11 06 26 20 007   -957.70    503.92   1461.62   -226.89
2518309 2024 05 11 06 26 40 015  -1016.44    498.27   1514.71   -259.08
2519353 2024 05 11 06 27 00 015  -1098.52    483.61   1582.13   -307.45
2520397 2024 05 11 06 27 20 011  -1130.52    580.66   1711.18   -274.93
2521441 2024 05 11 06 27 40 004  -1093.81    597.95   1691.77   -247.93
2522486 2024 05 11 06 28 00 018  -1111.89    607.12   1719.01   -252.38
2523530 2024 05 11 06 28 20 017  -1102.67    608.06   1710.73   -247.30
2524574 2024 05 11 06 28 40 019  -1119.82    640.98   1760.80   -239.42
2525617 2024 05 11 06 29 00 003  -1130.05    667.75   1797.80   -231.15
2526661 2024 05 11 06 29 20 008  -1155.96    677.49   1833.45   -239.23
2527705 2024 05 11 06 29 40 014  -1129.09    674.26   1803.36   -227.42
2528748 2024 05 11 06 30 00 003  -1097.26    669.55   1766.81   -213.86
2529792 2024 05 11 06 30 20 012   -995.42    659.30   1654.72   -168.06
2530835 2024 05 11 06 30 40 002   -925.69    651.79   1577.49   -136.95
2531879 2024 05 11 06 31 00 009   -875.31    645.55   1520.86   -114.88
2532923 2024 05 11 06 31 20 014   -824.75    641.66   1466.41    -91.54
2533967 2024 05 11 06 31 40 017   -822.94    637.44   1460.38    -92.75
2535011 2024 05 11 06 32 00 018   -837.04    637.22   1474.25    -99.91
2536055 2024 05 11 06 32 20 017   -862.93    644.17   1507.10   -109.38
2537099 2024 05 11 06 32 40 014   -891.80    647.61   1539.41   -122.10
2538143 2024 05 11 06 33 00 007   -918.80    648.64   1567.44   -135.08
2539188 2024 05 11 06 33 20 017   -886.60    635.29   1521.89   -125.66
2540232 2024 05 11 06 33 40 007   -856.97    627.22   1484.19   -114.88
2541277 2024 05 11 06 34 00 015   -838.94    631.53   1470.47   -103.70
2542321 2024 05 11 06 34 20 003   -828.99    642.89   1471.88    -93.05
2543366 2024 05 11 06 34 40 011   -847.17    649.28   1496.45    -98.95
2544410 2024 05 11 06 35 00 000   -862.73    667.31   1530.04    -97.71
2545455 2024 05 11 06 35 20 008   -858.05    668.37   1526.42    -94.84
2546500 2024 05 11 06 35 40 016   -857.31    666.86   1524.17    -95.23
2547544 2024 05 11 06 36 00 005   -861.44    650.23   1511.67   -105.61
2548589 2024 05 11 06 36 20 012   -872.15    645.02   1517.17   -113.56
2549633 2024 05 11 06 36 40 001   -866.87    662.09   1528.96   -102.39
2550678 2024 05 11 06 37 00 010   -882.19    688.95   1571.14    -96.62
2551722 2024 05 11 06 37 20 000   -892.73    694.73   1587.46    -99.00
2552767 2024 05 11 06 37 40 009   -898.86    707.38   1606.24    -95.74
2553811 2024 05 11 06 38 00 000   -907.46    733.94   1641.40    -86.76
2554856 2024 05 11 06 38 20 012   -893.41    760.25   1653.66    -66.58
2555900 2024 05 11 06 38 40 004   -897.81    763.28   1661.09    -67.27
2556945 2024 05 11 06 39 00 016   -905.74    772.88   1678.62    -66.43
2557989 2024 05 11 06 39 20 010   -909.59    773.06   1682.65    -68.26
2559033 2024 05 11 06 39 40 005   -908.87    773.32   1682.19    -67.78
2560077 2024 05 11 06 40 00 000   -912.34    759.12   1671.45    -76.61
2561122 2024 05 11 06 40 20 016   -921.53    743.48   1665.01    -89.03
2562166 2024 05 11 06 40 40 014   -929.30    739.29   1668.59    -95.01
2563210 2024 05 11 06 41 00 014   -947.63    748.41   1696.04    -99.61
2564254 2024 05 11 06 41 20 015   -962.02    766.83   1728.85    -97.59
2565298 2024 05 11 06 41 40 015   -982.14    784.66   1766.80    -98.74
2566342 2024 05 11 06 42 00 017  -1006.35    788.84   1795.19   -108.75
2567386 2024 05 11 06 42 20 018  -1018.68    786.68   1805.36   -116.00
2568430 2024 05 11 06 42 40 016  -1040.36    787.95   1828.31   -126.20
2569474 2024 05 11 06 43 00 011  -1051.83    787.96   1839.79   -131.94
2570518 2024 05 11 06 43 20 005  -1073.00    786.78   1859.78   -143.11
2571563 2024 05 11 06 43 40 017  -1083.94    804.86   1888.80   -139.54
2572607 2024 05 11 06 44 00 011  -1143.28    817.38   1960.66   -162.95
2573651 2024 05 11 06 44 20 009  -1176.90    806.03   1982.93   -185.43
2574695 2024 05 11 06 44 40 012  -1215.73    842.01   2057.74   -186.86
2575739 2024 05 11 06 45 00 018  -1254.90    832.61   2087.51   -211.14
2576782 2024 05 11 06 45 20 007  -1293.55    855.55   2149.10   -219.00
2577825 2024 05 11 06 45 40 001  -1300.17    854.58   2154.74   -222.80
2578868 2024 05 11 06 46 00 002  -1294.64    860.27   2154.90   -217.18
2579911 2024 05 11 06 46 20 007  -1290.77    867.62   2158.40   -211.57
2580954 2024 05 11 06 46 40 008  -1282.88    843.90   2126.77   -219.49
2581997 2024 05 11 06 47 00 008  -1276.73    849.28   2126.01   -213.72
2583040 2024 05 11 06 47 20 007  -1249.33    892.36   2141.69   -178.48
2584083 2024 05 11 06 47 40 007  -1273.58    882.72   2156.29   -195.43
2585126 2024 05 11 06 48 00 006  -1254.34    883.61   2137.95   -185.36
2586169 2024 05 11 06 48 20 001  -1231.76    861.50   2093.25   -185.13
2587213 2024 05 11 06 48 40 012  -1236.06    829.99   2066.05   -203.03
2588256 2024 05 11 06 49 00 005  -1249.67    847.67   2097.35   -201.00
2589299 2024 05 11 06 49 20 000  -1268.01    862.57   2130.57   -202.72
2590343 2024 05 11 06 49 40 018  -1288.07    908.78   2196.85   -189.64
2591385 2024 05 11 06 50 00 003  -1261.53    903.21   2164.75   -179.16
2592428 2024 05 11 06 50 20 011  -1285.55    857.72   2143.27   -213.92
2593470 2024 05 11 06 50 40 003  -1300.94    874.48   2175.42   -213.23
2594513 2024 05 11 06 51 00 016  -1301.90    839.49   2141.39   -231.20
2595555 2024 05 11 06 51 20 010  -1315.82    829.44   2145.26   -243.19
2596597 2024 05 11 06 51 40 007  -1338.28    838.04   2176.31   -250.12
2597639 2024 05 11 06 52 00 002  -1350.96    841.29   2192.25   -254.83
2598682 2024 05 11 06 52 20 016  -1334.88    811.17   2146.06   -261.86
2599724 2024 05 11 06 52 40 009  -1358.43    822.08   2180.50   -268.18
2600766 2024 05 11 06 53 00 004  -1366.40    810.99   2177.39   -277.70
2601808 2024 05 11 06 53 20 001  -1357.52    785.94   2143.46   -285.79
2602851 2024 05 11 06 53 40 018  -1385.58    795.18   2180.77   -295.20
2603893 2024 05 11 06 54 00 014  -1430.04    803.34   2233.38   -313.35
2604935 2024 05 11 06 54 20 009  -1417.18    808.49   2225.67   -304.34
2605977 2024 05 11 06 54 40 003  -1454.55    825.05   2279.60   -314.75
2607020 2024 05 11 06 55 00 016  -1468.86    841.30   2310.16   -313.78
2608062 2024 05 11 06 55 20 010  -1467.78    846.97   2314.76   -310.40
2609104 2024 05 11 06 55 40 006  -1512.58    852.47   2365.05   -330.05
2610146 2024 05 11 06 56 00 003  -1528.22    871.24   2399.46   -328.49
2611188 2024 05 11 06 56 20 004  -1527.13    919.58   2446.71   -303.78
2612230 2024 05 11 06 56 40 007  -1503.46    908.84   2412.30   -297.31
2613272 2024 05 11 06 57 00 015  -1489.36    999.51   2488.87   -244.93
2614313 2024 05 11 06 57 20 004  -1466.41    996.23   2462.65   -235.09
2615355 2024 05 11 06 57 40 010  -1466.69   1054.34   2521.03   -206.18
2616397 2024 05 11 06 58 00 008  -1465.29   1060.92   2526.21   -202.19
2617440 2024 05 11 06 58 20 012  -1436.82   1003.46   2440.28   -216.68
2618483 2024 05 11 06 58 40 014  -1424.09    994.16   2418.25   -214.96
2619526 2024 05 11 06 59 00 018  -1394.92    975.86   2370.78   -209.53
2620568 2024 05 11 06 59 20 006  -1429.41    990.78   2420.19   -219.32
2621610 2024 05 11 06 59 40 000  -1427.52   1005.62   2433.13   -210.95
2622652 2024 05 11 07 00 00 000  -1440.40   1000.20   2440.60   -220.10
2623694 2024 05 11 07 00 20 017  -1428.52    988.19   2416.71   -220.16
2624734 2024 05 11 07 00 40 013  -1419.10    986.92   2406.02   -216.09
2625773 2024 05 11 07 01 00 003  -1427.47   1011.57   2439.04   -207.95
2626812 2024 05 11 07 01 20 007  -1432.15    998.57   2430.72   -216.79
2627849 2024 05 11 07 01 40 010  -1402.21    974.45   2376.67   -213.88
2628884 2024 05 11 07 02 00 002  -1346.35    954.60   2300.95   -195.88
2629920 2024 05 11 07 02 20 005  -1360.91    961.01   2321.92   -199.95
2630956 2024 05 11 07 02 40 014  -1342.85   1016.42   2359.28   -163.21
2631991 2024 05 11 07 03 00 007  -1299.53    995.36   2294.88   -152.09
2633027 2024 05 11 07 03 20 006  -1301.28   1024.00   2325.28   -138.64
2634064 2024 05 11 07 03 40 004  -1303.06   1061.65   2364.71   -120.71
2635102 2024 05 11 07 04 00 006  -1290.45   1112.66   2403.11    -88.89
2636141 2024 05 11 07 04 20 018  -1329.83   1114.06   2443.89   -107.89
2637180 2024 05 11 07 04 40 017  -1365.21   1137.93   2503.14   -113.64
2638219 2024 05 11 07 05 00 007  -1366.73   1143.28   2510.02   -111.72
2639259 2024 05 11 07 05 20 019  -1348.90   1182.89   2531.78    -83.01
2640297 2024 05 11 07 05 40 000  -1344.93   1190.88   2535.81    -77.02
2641336 2024 05 11 07 06 00 012  -1286.31   1176.29   2462.61    -55.01
2642374 2024 05 11 07 06 20 011  -1209.38   1198.09   2407.47     -5.64
2643412 2024 05 11 07 06 40 007  -1229.94   1191.98   2421.91    -18.98
2644451 2024 05 11 07 07 00 014  -1217.20   1171.10   2388.30    -23.05
2645490 2024 05 11 07 07 20 017  -1230.40   1165.38   2395.78    -32.51
2646529 2024 05 11 07 07 40 014  -1249.36   1200.87   2450.24    -24.24
2647568 2024 05 11 07 08 00 008  -1253.52   1204.38   2457.89    -24.57
2648607 2024 05 11 07 08 20 006  -1251.08   1181.21   2432.29    -34.93
2649646 2024 05 11 07 08 40 011  -1267.48   1167.36   2434.84    -50.06
2650685 2024 05 11 07 09 00 012  -1291.47   1153.99   2445.46    -68.74
2651724 2024 05 11 07 09 20 011  -1285.49   1123.81   2409.30    -80.84
2652763 2024 05 11 07 09 40 009  -1276.43   1126.12   2402.55    -75.16
2653802 2024 05 11 07 10 00 010  -1226.55   1135.53   2362.08    -45.51
2654840 2024 05 11 07 10 20 003  -1181.46   1140.29   2321.75    -20.59
2655878 2024 05 11 07 10 40 003  -1141.48   1147.53   2289.01      3.03
2656916 2024 05 11 07 11 00 002  -1145.41   1146.09   2291.50      0.34
2657955 2024 05 11 07 11 20 012  -1132.86   1173.46   2306.32     20.30
2658993 2024 05 11 07 11 40 009  -1087.02   1214.95   2301.97     63.96
2660030 2024 05 11 07 12 00 009  -1084.22   1218.88   2303.11     67.33
2661066 2024 05 11 07 12 20 008  -1039.97   1197.39   2237.35     78.71
2662102 2024 05 11 07 12 40 007   -999.59   1190.09   2189.68     95.25
2663138 2024 05 11 07 13 00 001  -1155.06   1206.73   2361.79     25.83
2664175 2024 05 11 07 13 20 010  -1164.62   1221.96   2386.58     28.67
2665212 2024 05 11 07 13 40 012  -1053.13   1231.90   2285.03     89.39
2666249 2024 05 11 07 14 00 015  -1119.09   1221.29   2340.38     51.10
2667286 2024 05 11 07 14 20 000  -1165.94   1216.51   2382.45     25.28
2668325 2024 05 11 07 14 40 001  -1185.60   1232.23   2417.83     23.32
2669364 2024 05 11 07 15 00 005  -1186.70   1271.54   2458.24     42.42
2670403 2024 05 11 07 15 20 010  -1146.54   1269.61   2416.15     61.53
2671442 2024 05 11 07 15 40 008  -1104.67   1260.25   2364.92     77.79
2672481 2024 05 11 07 16 00 004  -1027.70   1279.04   2306.74    125.67
2673521 2024 05 11 07 16 20 015   -975.22   1273.39   2248.60    149.09
2674561 2024 05 11 07 16 40 018   -976.26   1271.21   2247.46    147.47
2675600 2024 05 11 07 17 00 008   -942.51   1243.97   2186.49    150.73
2676639 2024 05 11 07 17 20 007   -887.35   1232.53   2119.88    172.59
2677678 2024 05 11 07 17 40 013   -850.91   1205.48   2056.39    177.28
2678716 2024 05 11 07 18 00 003   -885.13   1224.87   2110.00    169.87
2679755 2024 05 11 07 18 20 013  -1009.27   1251.89   2261.16    121.31
2680793 2024 05 11 07 18 40 002  -1057.85   1292.24   2350.10    117.20
2681831 2024 05 11 07 19 00 001  -1092.03   1268.56   2360.59     88.26
2682869 2024 05 11 07 19 20 017  -1060.12   1238.38   2298.50     89.13
2683905 2024 05 11 07 19 40 019  -1088.67   1260.21   2348.88     85.77
2684940 2024 05 11 07 20 00 014  -1099.35   1262.32   2361.67     81.49
2685975 2024 05 11 07 20 20 015  -1075.00   1253.92   2328.92     89.46
2687010 2024 05 11 07 20 40 017  -1043.41   1256.56   2299.97    106.57
2688045 2024 05 11 07 21 00 010  -1045.49   1269.16   2314.65    111.84
2689081 2024 05 11 07 21 20 012   -977.36   1256.79   2234.15    139.71
2690117 2024 05 11 07 21 40 013   -978.03   1265.03   2243.06    143.50
2691153 2024 05 11 07 22 00 005  -1032.14   1273.98   2306.12    120.92
2692190 2024 05 11 07 22 20 005  -1090.90   1252.23   2343.13     80.67
2693228 2024 05 11 07 22 40 016  -1081.35   1222.72   2304.08     70.68
2694265 2024 05 11 07 23 00 005  -1043.67   1204.04   2247.71     80.19
2695303 2024 05 11 07 23 20 016  -1214.39   1183.49   2397.88    -15.45
2696340 2024 05 11 07 23 40 002  -1345.90   1197.20   2543.09    -74.35
2697378 2024 05 11 07 24 00 004  -1224.28   1199.43   2423.71    -12.43
2698416 2024 05 11 07 24 20 002  -1167.52   1191.53   2359.05     12.01
2699454 2024 05 11 07 24 40 001  -1109.42   1194.42   2303.84     42.50
2700492 2024 05 11 07 25 00 008  -1161.17   1170.48   2331.65      4.66
2701530 2024 05 11 07 25 20 015  -1160.79   1176.88   2337.67      8.05
2702568 2024 05 11 07 25 40 017  -1133.36   1188.00   2321.37     27.32
2703606 2024 05 11 07 26 00 018  -1107.45   1188.38   2295.84     40.47
2704643 2024 05 11 07 26 20 011  -1051.72   1224.27   2275.98     86.28
2705680 2024 05 11 07 26 40 004  -1044.31   1229.70   2274.01     92.69
2706718 2024 05 11 07 27 00 012  -1117.58   1265.42   2383.00     73.92
2707755 2024 05 11 07 27 20 003  -1051.88   1269.22   2321.09    108.67
2708793 2024 05 11 07 27 40 016  -1018.81   1278.47   2297.28    129.83
2709830 2024 05 11 07 28 00 018  -1375.01   1342.68   2717.69    -16.16
2710866 2024 05 11 07 28 20 013  -1350.48   1309.01   2659.49    -20.74
2711901 2024 05 11 07 28 40 005  -1075.33   1257.05   2332.38     90.86
2712936 2024 05 11 07 29 00 009  -1092.88   1256.07   2348.95     81.59
2713970 2024 05 11 07 29 20 010  -1090.58   1212.02   2302.60     60.72
2715004 2024 05 11 07 29 40 006  -1162.90   1210.79   2373.69     23.95
2716040 2024 05 11 07 30 00 016  -1089.60   1214.75   2304.36     62.57
2717077 2024 05 11 07 30 20 014  -1039.03   1217.49   2256.52     89.23
2718116 2024 05 11 07 30 40 018  -1005.46   1226.99   2232.45    110.77
2719156 2024 05 11 07 31 00 017  -1118.36   1221.81   2340.18     51.73
2720196 2024 05 11 07 31 20 003  -1316.35   1208.11   2524.47    -54.12
2721237 2024 05 11 07 31 40 003  -1268.88   1220.89   2489.77    -24.00
2722278 2024 05 11 07 32 00 005  -1290.58   1233.14   2523.72    -28.72
2723318 2024 05 11 07 32 20 002  -1377.54   1226.83   2604.37    -75.35
2724358 2024 05 11 07 32 40 009  -1352.36   1226.81   2579.17    -62.77
2725397 2024 05 11 07 33 00 012  -1255.13   1240.96   2496.09     -7.08
2726435 2024 05 11 07 33 20 010  -1086.90   1261.89   2348.79     87.50
2727472 2024 05 11 07 33 40 004   -975.11   1288.58   2263.69    156.74
2728508 2024 05 11 07 34 00 007   -920.04   1320.12   2240.16    200.04
2729542 2024 05 11 07 34 20 006  -1106.80   1378.65   2485.45    135.92
2730576 2024 05 11 07 34 40 005  -1103.64   1388.41   2492.05    142.39
2731611 2024 05 11 07 35 00 013  -1000.63   1414.35   2414.98    206.86
2732646 2024 05 11 07 35 20 002  -1256.64   1321.14   2577.78     32.25
2733683 2024 05 11 07 35 40 010  -1315.93   1215.75   2531.69    -50.09
2734720 2024 05 11 07 36 00 012  -1237.93   1202.57   2440.50    -17.68
2735756 2024 05 11 07 36 20 006  -1229.10   1224.12   2453.23     -2.49
2736792 2024 05 11 07 36 40 016  -1126.20   1448.70   2574.91    161.25
2737827 2024 05 11 07 37 00 016  -1060.70   1285.78   2346.48    112.54
2738862 2024 05 11 07 37 20 012  -1003.18   1319.51   2322.69    158.17
2739898 2024 05 11 07 37 40 011   -981.02   1383.71   2364.73    201.34
2740934 2024 05 11 07 38 00 011   -966.00   1474.16   2440.16    254.08
2741970 2024 05 11 07 38 20 015   -958.60   1558.47   2517.07    299.94
2743005 2024 05 11 07 38 40 003   -928.52   1665.92   2594.44    368.70
2744041 2024 05 11 07 39 00 015   -847.94   1675.54   2523.49    413.80
2745076 2024 05 11 07 39 20 003   -885.43   1663.26   2548.70    388.91
2746112 2024 05 11 07 39 40 012   -854.50   1647.46   2501.95    396.48
2747147 2024 05 11 07 40 00 002   -840.64   1614.36   2455.00    386.86
2748183 2024 05 11 07 40 20 004   -823.75   1584.00   2407.75    380.12
2749220 2024 05 11 07 40 40 018   -801.96   1547.17   2349.12    372.61
2750256 2024 05 11 07 41 00 002   -774.56   1522.76   2297.32    374.10
2751294 2024 05 11 07 41 20 015   -734.22   1508.57   2242.79    387.17
2752331 2024 05 11 07 41 40 000   -736.63   1500.44   2237.07    381.90
2753370 2024 05 11 07 42 00 011   -752.49   1492.81   2245.31    370.16
2754409 2024 05 11 07 42 20 012   -773.18   1494.15   2267.33    360.48
2755448 2024 05 11 07 42 40 003   -750.27   1497.38   2247.65    373.55
2756488 2024 05 11 07 43 00 005   -779.03   1509.57   2288.60    365.27
2757528 2024 05 11 07 43 20 003   -787.76   1529.05   2316.81    370.64
2758568 2024 05 11 07 43 40 001   -841.25   1513.84   2355.10    336.30
2759608 2024 05 11 07 44 00 001   -841.24   1506.71   2347.95    332.73
2760648 2024 05 11 07 44 20 009   -856.30   1492.99   2349.29    318.34
2761687 2024 05 11 07 44 40 002   -837.06   1490.21   2327.27    326.57
2762727 2024 05 11 07 45 00 016   -807.70   1477.35   2285.05    334.83
2763766 2024 05 11 07 45 20 011   -807.03   1481.36   2288.39    337.17
2764805 2024 05 11 07 45 40 014   -768.26   1500.65   2268.91    366.20
2765843 2024 05 11 07 46 00 007   -736.05   1487.50   2223.55    375.72
2766881 2024 05 11 07 46 20 012   -700.27   1498.08   2198.35    398.91
2767918 2024 05 11 07 46 40 010   -688.28   1495.78   2184.06    403.75
2768955 2024 05 11 07 47 00 018   -678.67   1495.78   2174.45    408.56
2769991 2024 05 11 07 47 20 014   -671.59   1490.66   2162.25    409.53
2771027 2024 05 11 07 47 40 017   -661.17   1501.91   2163.08    420.37
2772062 2024 05 11 07 48 00 004   -632.92   1553.83   2186.75    460.45
2773098 2024 05 11 07 48 20 008   -600.37   1594.92   2195.30    497.27
2774134 2024 05 11 07 48 40 001   -581.05   1616.62   2197.66    517.78
2775172 2024 05 11 07 49 00 017   -560.66   1656.81   2217.46    548.08
2776210 2024 05 11 07 49 20 015   -557.25   1676.41   2233.66    559.58
2777249 2024 05 11 07 49 40 014   -562.67   1665.84   2228.50    551.58
2778288 2024 05 11 07 50 00 000   -558.33   1680.58   2238.92    561.12
2779328 2024 05 11 07 50 20 002   -561.36   1673.28   2234.64    555.96
2780368 2024 05 11 07 50 40 011   -578.20   1678.31   2256.51    550.05
2781407 2024 05 11 07 51 00 017   -599.25   1669.29   2268.54    535.02
2782444 2024 05 11 07 51 20 003   -631.48   1682.36   2313.83    525.44
2783481 2024 05 11 07 51 40 008   -623.86   1686.27   2310.13    531.21
2784517 2024 05 11 07 52 00 013   -628.00   1668.99   2296.99    520.50
2785552 2024 05 11 07 52 20 016   -651.43   1627.46   2278.89    488.01
2786587 2024 05 11 07 52 40 017   -671.44   1572.17   2243.61    450.37
2787622 2024 05 11 07 53 00 007   -668.96   1551.52   2220.48    441.28
2788658 2024 05 11 07 53 20 007   -684.62   1510.67   2195.30    413.02
2789695 2024 05 11 07 53 40 014   -692.61   1461.09   2153.70    384.24
2790732 2024 05 11 07 54 00 013   -696.47   1420.45   2116.93    361.99
2791769 2024 05 11 07 54 20 006   -688.33   1383.38   2071.71    347.53
2792807 2024 05 11 07 54 40 014   -709.34   1355.26   2064.60    322.96
2793844 2024 05 11 07 55 00 000   -731.49   1331.96   2063.46    300.24
2794882 2024 05 11 07 55 20 004   -732.58   1311.14   2043.72    289.28
2795920 2024 05 11 07 55 40 018   -712.01   1300.29   2012.30    294.14
2796956 2024 05 11 07 56 00 015   -697.82   1291.07   1988.89    296.63
2797991 2024 05 11 07 56 20 014   -699.47   1273.46   1972.94    286.99
2799025 2024 05 11 07 56 40 007   -678.67   1259.56   1938.23    290.44
2800059 2024 05 11 07 57 00 004   -653.11   1253.43   1906.53    300.16
2801094 2024 05 11 07 57 20 013   -636.93   1253.45   1890.38    308.26
2802129 2024 05 11 07 57 40 011   -622.96   1262.75   1885.71    319.90
2803165 2024 05 11 07 58 00 018   -615.83   1268.59   1884.42    326.38
2804201 2024 05 11 07 58 20 015   -597.36   1282.93   1880.29    342.79
2805237 2024 05 11 07 58 40 003   -562.88   1299.04   1861.93    368.08
2806275 2024 05 11 07 59 00 012   -533.53   1324.19   1857.72    395.33
2807313 2024 05 11 07 59 20 007   -508.10   1350.63   1858.74    421.27
2808352 2024 05 11 07 59 40 008   -492.49   1359.09   1851.59    433.30
2809392 2024 05 11 08 00 00 000   -476.43   1392.52   1868.95    458.05
2810432 2024 05 11 08 00 20 005   -471.25   1410.17   1881.42    469.46
2811472 2024 05 11 08 00 40 005   -465.54   1419.70   1885.24    477.08
2812512 2024 05 11 08 01 00 006   -475.80   1427.40   1903.19    475.80
2813552 2024 05 11 08 01 20 012   -499.80   1395.78   1895.59    447.99
2814591 2024 05 11 08 01 40 002   -513.69   1361.69   1875.38    424.00
2815631 2024 05 11 08 02 00 013   -534.39   1330.14   1864.53    397.88
2816670 2024 05 11 08 02 20 007   -547.29   1308.80   1856.10    380.76
2817709 2024 05 11 08 02 40 000   -558.45   1284.94   1843.39    363.25
2818749 2024 05 11 08 03 00 010   -566.18   1248.94   1815.12    341.38
2819788 2024 05 11 08 03 20 000   -566.66   1222.84   1789.50    328.09
2820828 2024 05 11 08 03 40 012   -551.06   1209.14   1760.20    329.04
2821867 2024 05 11 08 04 00 007   -541.95   1224.11   1766.06    341.08
2822906 2024 05 11 08 04 20 006   -547.14   1253.51   1800.65    353.18
2823945 2024 05 11 08 04 40 010   -546.47   1286.19   1832.67    369.86
2824984 2024 05 11 08 05 00 015   -535.51   1285.09   1820.61    374.79
2826022 2024 05 11 08 05 20 000   -534.49   1273.02   1807.51    369.26
2827061 2024 05 11 08 05 40 001   -529.05   1257.03   1786.08    363.99
2828101 2024 05 11 08 06 00 018   -525.79   1240.93   1766.72    357.57
2829140 2024 05 11 08 06 20 010   -521.26   1234.38   1755.64    356.56
2830180 2024 05 11 08 06 40 017   -521.00   1215.55   1736.55    347.27
2831219 2024 05 11 08 07 00 001   -526.18   1193.61   1719.79    333.71
2832259 2024 05 11 08 07 20 000   -541.79   1161.18   1702.97    309.70
2833300 2024 05 11 08 07 40 014   -542.75   1147.47   1690.23    302.36
2834340 2024 05 11 08 08 00 004   -532.61   1116.62   1649.24    292.01
2835381 2024 05 11 08 08 20 008   -508.16   1090.79   1598.95    291.31
2836422 2024 05 11 08 08 40 006   -472.10   1116.93   1589.03    322.41
2837463 2024 05 11 08 09 00 000   -441.09   1162.40   1603.48    360.66
2838505 2024 05 11 08 09 20 010   -412.64   1180.30   1592.94    383.83
2839546 2024 05 11 08 09 40 000   -392.14   1191.12   1583.26    399.49
2840588 2024 05 11 08 10 00 008   -390.76   1220.30   1611.06    414.77
2841630 2024 05 11 08 10 20 016   -388.80   1246.73   1635.53    428.96
2842671 2024 05 11 08 10 40 003   -380.56   1257.83   1638.39    438.64
2843713 2024 05 11 08 11 00 009   -368.48   1263.91   1632.40    447.72
2844755 2024 05 11 08 11 20 015   -368.69   1261.48   1630.18    446.40
2845796 2024 05 11 08 11 40 002   -351.11   1248.13   1599.24    448.51
2846838 2024 05 11 08 12 00 010   -402.64   1223.29   1625.93    410.32
2847880 2024 05 11 08 12 20 013   -419.35   1224.71   1644.07    402.68
2848922 2024 05 11 08 12 40 006   -456.16   1229.35   1685.51    386.59
2849965 2024 05 11 08 13 00 017   -508.37   1216.39   1724.77    354.01
2851007 2024 05 11 08 13 20 015   -541.91   1189.98   1731.90    324.04
2852049 2024 05 11 08 13 40 015   -571.49   1151.84   1723.34    290.18
2853091 2024 05 11 08 14 00 009   -599.34   1112.47   1711.81    256.57
2854134 2024 05 11 08 14 20 011   -588.63   1086.96   1675.58    249.17
2855177 2024 05 11 08 14 40 005   -612.48   1056.10   1668.58    221.81
2856221 2024 05 11 08 15 00 011   -647.12   1032.14   1679.26    192.51
2857265 2024 05 11 08 15 20 012   -703.47   1008.77   1712.24    152.65
2858309 2024 05 11 08 15 40 017   -733.37    980.68   1714.06    123.65
2859352 2024 05 11 08 16 00 007   -752.57    942.82   1695.38     95.12
2860396 2024 05 11 08 16 20 013   -781.44    908.39   1689.84     63.47
2861440 2024 05 11 08 16 40 007   -795.82    865.77   1661.59     34.98
2862485 2024 05 11 08 17 00 013   -901.22    836.32   1737.54    -32.45
2863529 2024 05 11 08 17 20 005   -921.62    796.99   1718.62    -62.32
2864573 2024 05 11 08 17 40 009   -915.69    765.23   1680.92    -75.23
2865617 2024 05 11 08 18 00 016   -941.77    730.41   1672.18   -105.68
2866661 2024 05 11 08 18 20 018   -941.92    699.32   1641.24   -121.30
2867705 2024 05 11 08 18 40 014   -930.63    678.99   1609.62   -125.82
2868749 2024 05 11 08 19 00 006   -916.50    667.66   1584.16   -124.42
2869794 2024 05 11 08 19 20 016   -924.74    647.87   1572.61   -138.43
2870838 2024 05 11 08 19 40 006   -951.28    631.52   1582.80   -159.88
2871883 2024 05 11 08 20 00 014   -981.43    619.54   1600.97   -180.94
2872927 2024 05 11 08 20 20 002  -1001.87    619.38   1621.26   -191.25
2873972 2024 05 11 08 20 40 009  -1006.21    641.56   1647.77   -182.32
2875017 2024 05 11 08 21 00 015   -950.46    663.54   1614.00   -143.46
2876061 2024 05 11 08 21 20 003   -895.72    686.49   1582.21   -104.61
2877106 2024 05 11 08 21 40 009   -846.49    697.02   1543.51    -74.73
2878151 2024 05 11 08 22 00 014   -839.23    713.09   1552.32    -63.07
2879196 2024 05 11 08 22 20 018   -856.23    741.36   1597.58    -57.43
2880240 2024 05 11 08 22 40 004   -814.07    770.43   1584.50    -21.82
2881285 2024 05 11 08 23 00 009   -830.26    795.53   1625.79    -17.36
2882330 2024 05 11 08 23 20 014   -783.11    804.71   1587.82     10.80
2883375 2024 05 11 08 23 40 016   -742.72    840.72   1583.44     49.00
2884420 2024 05 11 08 24 00 015   -737.90    866.30   1604.20     64.20
2885465 2024 05 11 08 24 20 014   -799.52    895.28   1694.80     47.88
2886510 2024 05 11 08 24 40 017   -835.17    935.21   1770.38     50.02
2887554 2024 05 11 08 25 00 004   -841.33    964.21   1805.54     61.44
2888599 2024 05 11 08 25 20 011   -856.11    983.49   1839.60     63.69
2889643 2024 05 11 08 25 40 001   -862.31    994.81   1857.12     66.25
2890688 2024 05 11 08 26 00 014   -870.92   1002.90   1873.83     65.99
2891732 2024 05 11 08 26 20 010   -839.27   1019.33   1858.60     90.03
2892776 2024 05 11 08 26 40 006   -779.23   1029.40   1808.63    125.09
2893820 2024 05 11 08 27 00 002   -757.37   1142.96   1900.33    192.80
2894865 2024 05 11 08 27 20 016   -709.84   1259.49   1969.33    274.83
2895909 2024 05 11 08 27 40 012   -701.74   1337.94   2039.68    318.10
2896953 2024 05 11 08 28 00 014   -729.07   1335.08   2064.16    303.01
2897996 2024 05 11 08 28 20 005   -738.85   1264.27   2003.11    262.71
2899039 2024 05 11 08 28 40 003   -674.73   1196.20   1870.93    260.73
2900082 2024 05 11 08 29 00 002   -715.84   1136.15   1851.99    210.15
2901126 2024 05 11 08 29 20 012   -767.34   1097.88   1865.22    165.27
2902170 2024 05 11 08 29 40 012   -725.60   1084.20   1809.80    179.30
2903214 2024 05 11 08 30 00 003   -616.74   1092.11   1708.86    237.68
2904259 2024 05 11 08 30 20 005   -523.24   1080.13   1603.37    278.44
2905304 2024 05 11 08 30 40 005   -499.12   1070.44   1569.56    285.66
2906349 2024 05 11 08 31 00 009   -518.59   1067.81   1586.40    274.61
2907393 2024 05 11 08 31 20 002   -573.73   1100.29   1674.02    263.28
2908437 2024 05 11 08 31 40 002   -612.56   1115.42   1727.98    251.43
2909481 2024 05 11 08 32 00 005   -679.50   1137.79   1817.29    229.14
2910524 2024 05 11 08 32 20 003   -744.51   1171.18   1915.69    213.33
2911566 2024 05 11 08 32 40 006   -760.42   1201.02   1961.44    220.30
2912608 2024 05 11 08 33 00 008   -717.73   1225.05   1942.79    253.66
2913651 2024 05 11 08 33 20 010   -718.95   1251.03   1969.98    266.04
2914694 2024 05 11 08 33 40 006   -688.41   1270.35   1958.75    290.97
2915737 2024 05 11 08 34 00 009   -670.72   1284.78   1955.51    307.03
2916779 2024 05 11 08 34 20 003   -709.07   1292.01   2001.08    291.47
2917821 2024 05 11 08 34 40 001   -612.68   1349.55   1962.23    368.44
2918863 2024 05 11 08 35 00 002   -540.34   1393.50   1933.84    426.58
2919905 2024 05 11 08 35 20 004   -475.78   1441.44   1917.22    482.83
2920947 2024 05 11 08 35 40 009   -476.86   1480.98   1957.85    502.06
2921988 2024 05 11 08 36 00 001   -476.63   1516.12   1992.75    519.75
2923030 2024 05 11 08 36 20 015   -467.33   1546.34   2013.66    539.50
2924071 2024 05 11 08 36 40 011   -459.64   1565.40   2025.04    552.88
2925112 2024 05 11 08 37 00 006   -451.14   1575.74   2026.87    562.30
2926153 2024 05 11 08 37 20 000   -440.72   1564.40   2005.11    561.84
2927195 2024 05 11 08 37 40 012   -451.26   1535.66   1986.92    542.20
2928236 2024 05 11 08 38 00 002   -477.61   1506.96   1984.57    514.68
2929278 2024 05 11 08 38 20 006   -566.36   1469.88   2036.24    451.76
2930320 2024 05 11 08 38 40 006   -576.22   1430.27   2006.49    427.02
2931362 2024 05 11 08 39 00 002   -588.36   1392.99   1981.35    402.31
2932405 2024 05 11 08 39 20 017   -590.59   1341.41   1932.00    375.41
2933447 2024 05 11 08 39 40 012   -559.86   1286.49   1846.35    363.31
2934489 2024 05 11 08 40 00 004   -636.34   1241.43   1877.77    302.54
2935532 2024 05 11 08 40 20 012   -571.40   1205.76   1777.15    317.18
2936575 2024 05 11 08 40 40 017   -563.45   1177.87   1741.31    307.21
2937617 2024 05 11 08 41 00 001   -544.50   1159.11   1703.61    307.31
2938660 2024 05 11 08 41 20 000   -534.68   1141.44   1676.12    303.38
2939704 2024 05 11 08 41 40 017   -555.70   1107.03   1662.74    275.66
2940747 2024 05 11 08 42 00 015   -619.66   1054.66   1674.31    217.50
2941790 2024 05 11 08 42 20 012   -634.76    965.38   1600.13    165.31
2942833 2024 05 11 08 42 40 002   -633.01    891.13   1524.14    129.06
2943877 2024 05 11 08 43 00 005   -629.61    807.10   1436.70     88.75
2944922 2024 05 11 08 43 20 017   -668.82    768.85   1437.67     50.01
2945966 2024 05 11 08 43 40 001   -757.73    753.41   1511.13     -2.16
2947011 2024 05 11 08 44 00 002   -802.35    740.06   1542.40    -31.14
2948056 2024 05 11 08 44 20 003   -833.00    726.23   1559.23    -53.38
2949102 2024 05 11 08 44 40 017   -865.78    718.85   1584.63    -73.46
2950147 2024 05 11 08 45 00 006   -904.52    707.02   1611.54    -98.75
2951193 2024 05 11 08 45 20 012   -931.34    693.44   1624.78   -118.95
2952239 2024 05 11 08 45 40 015   -951.31    690.87   1642.18   -130.22
2953285 2024 05 11 08 46 00 017   -971.48    690.99   1662.46   -140.25
2954331 2024 05 11 08 46 20 018   -990.33    697.91   1688.24   -146.21
2955376 2024 05 11 08 46 40 000  -1004.23    713.52   1717.75   -145.35
2956422 2024 05 11 08 47 00 000   -999.84    727.32   1727.17   -136.26
2957468 2024 05 11 08 47 20 000  -1000.05    757.58   1757.63   -121.23
2958515 2024 05 11 08 47 40 017  -1006.55    778.42   1784.97   -114.06
2959561 2024 05 11 08 48 00 017   -991.33    809.74   1801.07    -90.79
2960606 2024 05 11 08 48 20 001   -997.93    838.62   1836.55    -79.66
2961652 2024 05 11 08 48 40 006   -978.37    864.36   1842.73    -57.00
2962698 2024 05 11 08 49 00 012   -940.78    887.93   1828.70    -26.43
2963743 2024 05 11 08 49 20 001   -942.52    909.84   1852.36    -16.34
2964789 2024 05 11 08 49 40 012   -947.12    930.51   1877.63     -8.30
2965834 2024 05 11 08 50 00 009   -958.32    942.85   1901.17     -7.74
2966879 2024 05 11 08 50 20 010   -954.10    952.81   1906.91     -0.65
2967924 2024 05 11 08 50 40 016   -941.24    961.31   1902.55     10.04
2968968 2024 05 11 08 51 00 012   -934.99    962.06   1897.05     13.53
2970012 2024 05 11 08 51 20 009   -914.74    971.86   1886.60     28.56
2971056 2024 05 11 08 51 40 010   -898.52    981.74   1880.26     41.61
2972100 2024 05 11 08 52 00 011   -860.69   1001.50   1862.19     70.40
2973144 2024 05 11 08 52 20 014   -860.26   1004.86   1865.13     72.30
2974188 2024 05 11 08 52 40 015   -842.46   1033.75   1876.21     95.65
2975232 2024 05 11 08 53 00 014   -830.13   1052.95   1883.09    111.41
2976276 2024 05 11 08 53 20 011   -824.52   1056.24   1880.76    115.86
2977320 2024 05 11 08 53 40 008   -828.32   1044.28   1872.60    107.98
2978364 2024 05 11 08 54 00 004   -843.60   1042.81   1886.41     99.61
2979408 2024 05 11 08 54 20 002   -886.90   1034.68   1921.58     73.89
2980453 2024 05 11 08 54 40 016   -900.27   1023.78   1924.05     61.75
2981497 2024 05 11 08 55 00 006   -914.76   1013.23   1927.99     49.23
2982542 2024 05 11 08 55 20 010   -933.87   1015.91   1949.78     41.02
2983587 2024 05 11 08 55 40 016   -952.14   1004.44   1956.58     26.15
2984631 2024 05 11 08 56 00 004   -955.26   1048.53   2003.80     46.63
2985676 2024 05 11 08 56 20 005   -990.73   1042.52   2033.25     25.89
2986721 2024 05 11 08 56 40 002  -1008.50   1036.31   2044.82     13.91
2987766 2024 05 11 08 57 00 005   -997.98   1026.00   2023.98     14.01
2988811 2024 05 11 08 57 20 014   -971.30   1020.00   1991.31     24.35
2989855 2024 05 11 08 57 40 008   -954.65   1014.27   1968.91     29.81
2990899 2024 05 11 08 58 00 002   -962.49    996.68   1959.17     17.09
2991944 2024 05 11 08 58 20 014   -973.80    993.04   1966.84      9.62
2992988 2024 05 11 08 58 40 011   -992.20    963.95   1956.15    -14.13
2994032 2024 05 11 08 59 00 011  -1002.27    964.72   1966.99    -18.77
2995075 2024 05 11 08 59 20 003  -1001.87    958.86   1960.73    -21.51
2996118 2024 05 11 08 59 40 015  -1005.64    935.70   1941.34    -34.97
2997158 2024 05 11 09 00 00 000  -1048.19    935.45   1983.64    -56.37
2998198 2024 05 11 09 00 20 018  -1054.87    919.64   1974.52    -67.61
2999235 2024 05 11 09 00 40 007  -1066.39    909.83   1976.22    -78.28
3000272 2024 05 11 09 01 00 014  -1091.00    895.33   1986.33    -97.83
3001308 2024 05 11 09 01 20 018  -1114.87    876.28   1991.16   -119.30
3002343 2024 05 11 09 01 40 010  -1157.42    856.58   2013.99   -150.42
3003379 2024 05 11 09 02 00 017  -1200.58    849.91   2050.48   -175.33
3004415 2024 05 11 09 02 20 019  -1239.45    834.20   2073.65   -202.62
3005451 2024 05 11 09 02 40 018  -1245.95    820.00   2065.95   -212.97
3006487 2024 05 11 09 03 00 010  -1229.84    803.67   2033.51   -213.08
3007524 2024 05 11 09 03 20 019  -1233.04    792.06   2025.10   -220.49
3008560 2024 05 11 09 03 40 010  -1236.89    774.23   2011.12   -231.33
3009596 2024 05 11 09 04 00 008  -1254.50    769.88   2024.37   -242.31
3010632 2024 05 11 09 04 20 005  -1253.83    801.15   2054.98   -226.34
3011668 2024 05 11 09 04 40 005  -1268.11    852.95   2121.06   -207.58
3012704 2024 05 11 09 05 00 015  -1267.02    875.03   2142.05   -195.99
3013738 2024 05 11 09 05 20 000  -1258.69    891.67   2150.36   -183.51
3014773 2024 05 11 09 05 40 018  -1267.12    924.57   2191.69   -171.28
3015806 2024 05 11 09 06 00 011  -1278.74    927.81   2206.55   -175.47
3016839 2024 05 11 09 06 20 015  -1279.41    913.71   2193.12   -182.85
3017871 2024 05 11 09 06 40 000  -1271.31    895.45   2166.76   -187.93
3018905 2024 05 11 09 07 00 011  -1265.20    868.58   2133.78   -198.31
3019939 2024 05 11 09 07 20 013  -1255.82    851.12   2106.94   -202.35
3020973 2024 05 11 09 07 40 004  -1259.35    834.19   2093.54   -212.58
3022008 2024 05 11 09 08 00 000  -1270.89    825.20   2096.09   -222.84
3023045 2024 05 11 09 08 20 017  -1276.44    811.91   2088.35   -232.27
3024081 2024 05 11 09 08 40 003  -1298.41    796.07   2094.48   -251.17
3025118 2024 05 11 09 09 00 004  -1299.90    782.39   2082.29   -258.76
3026155 2024 05 11 09 09 20 003  -1305.01    764.69   2069.70   -270.16
3027193 2024 05 11 09 09 40 014  -1321.43    751.63   2073.06   -284.90
3028231 2024 05 11 09 10 00 013  -1335.04    736.47   2071.51   -299.28
3029270 2024 05 11 09 10 20 016  -1359.15    743.77   2102.92   -307.69
3030309 2024 05 11 09 10 40 006  -1381.33    749.31   2130.64   -316.01
3031349 2024 05 11 09 11 00 011  -1393.16    758.72   2151.89   -317.22
3032388 2024 05 11 09 11 20 000  -1369.34    773.16   2142.49   -298.09
3033428 2024 05 11 09 11 40 013  -1354.02    779.70   2133.72   -287.16
3034467 2024 05 11 09 12 00 018  -1404.28    780.89   2185.17   -311.69
3035505 2024 05 11 09 12 20 005  -1418.23    772.89   2191.12   -322.67
3036544 2024 05 11 09 12 40 005  -1426.60    759.59   2186.18   -333.50
3037583 2024 05 11 09 13 00 001  -1422.93    750.03   2172.97   -336.45
3038623 2024 05 11 09 13 20 014  -1403.34    751.43   2154.76   -325.96
3039662 2024 05 11 09 13 40 005  -1370.17    755.78   2125.95   -307.20
3040702 2024 05 11 09 14 00 009  -1330.74    771.71   2102.45   -279.51
3041742 2024 05 11 09 14 20 005  -1305.51    787.24   2092.75   -259.14
3042783 2024 05 11 09 14 40 014  -1279.36    798.51   2077.88   -240.42
3043824 2024 05 11 09 15 00 018  -1274.39    801.00   2075.39   -236.70
3044865 2024 05 11 09 15 20 017  -1255.32    810.27   2065.59   -222.53
3045906 2024 05 11 09 15 40 008  -1247.39    835.38   2082.77   -206.00
3046948 2024 05 11 09 16 00 007  -1253.27    883.91   2137.18   -184.68
3047991 2024 05 11 09 16 20 013  -1249.33    905.43   2154.77   -171.95
3049034 2024 05 11 09 16 40 011  -1250.65    910.11   2160.76   -170.27
3050077 2024 05 11 09 17 00 004  -1252.00    920.76   2172.76   -165.62
3051121 2024 05 11 09 17 20 009  -1257.15    911.31   2168.46   -172.92
3052165 2024 05 11 09 17 40 007  -1267.95    907.07   2175.02   -180.44
3053209 2024 05 11 09 18 00 004  -1322.44    898.93   2221.37   -211.75
3054253 2024 05 11 09 18 20 004  -1338.67    884.67   2223.34   -227.00
3055297 2024 05 11 09 18 40 012  -1345.58    873.47   2219.05   -236.05
3056340 2024 05 11 09 19 00 012  -1362.81    865.84   2228.65   -248.49
3057383 2024 05 11 09 19 20 016  -1396.30    853.32   2249.63   -271.49
3058425 2024 05 11 09 19 40 001  -1361.35    868.01   2229.36   -246.67
3059468 2024 05 11 09 20 00 002  -1354.37    876.07   2230.45   -239.15
3060512 2024 05 11 09 20 20 014  -1338.31    893.60   2231.91   -222.35
3061556 2024 05 11 09 20 40 016  -1314.06    901.17   2215.23   -206.45
3062600 2024 05 11 09 21 00 010  -1295.63    908.50   2204.13   -193.57
3063644 2024 05 11 09 21 20 000  -1337.77    919.84   2257.61   -208.97
3064689 2024 05 11 09 21 40 007  -1387.51    916.01   2303.52   -235.75
3065734 2024 05 11 09 22 00 014  -1402.10    908.91   2311.01   -246.60
3066779 2024 05 11 09 22 20 017  -1409.40    892.27   2301.67   -258.56
3067824 2024 05 11 09 22 40 014  -1403.49    889.17   2292.67   -257.16
3068869 2024 05 11 09 23 00 008  -1416.74    894.40   2311.14   -261.17
3069914 2024 05 11 09 23 20 002  -1408.12    918.43   2326.56   -244.84
3070960 2024 05 11 09 23 40 017  -1386.33    939.00   2325.32   -223.67
3072005 2024 05 11 09 24 00 016  -1382.85    942.79   2325.64   -220.03
3073050 2024 05 11 09 24 20 014  -1387.50    947.93   2335.44   -219.78
3074095 2024 05 11 09 24 40 011  -1417.82    930.80   2348.61   -243.51
3075140 2024 05 11 09 25 00 007  -1445.02    897.25   2342.26   -273.88
3076186 2024 05 11 09 25 20 018  -1456.11    870.65   2326.76   -292.73
3077231 2024 05 11 09 25 40 005  -1484.43    851.42   2335.84   -316.50
3078277 2024 05 11 09 26 00 004  -1492.14    836.29   2328.43   -327.93
3079324 2024 05 11 09 26 20 015  -1520.71    804.00   2324.71   -358.36
3080370 2024 05 11 09 26 40 002  -1510.38    799.68   2310.06   -355.35
3081417 2024 05 11 09 27 00 001  -1494.37    803.00   2297.37   -345.69
3082465 2024 05 11 09 27 20 014  -1491.35    815.98   2307.33   -337.68
3083512 2024 05 11 09 27 40 008  -1452.03    844.36   2296.39   -303.84
3084559 2024 05 11 09 28 00 002  -1426.07    868.60   2294.67   -278.73
3085607 2024 05 11 09 28 20 013  -1398.24    881.42   2279.66   -258.41
3086654 2024 05 11 09 28 40 005  -1395.02    891.68   2286.70   -251.67
3087702 2024 05 11 09 29 00 016  -1395.94    901.59   2297.53   -247.17
3088749 2024 05 11 09 29 20 005  -1403.01    905.22   2308.22   -248.89
3089797 2024 05 11 09 29 40 010  -1412.10    906.28   2318.37   -252.91
3090845 2024 05 11 09 30 00 010  -1398.89    912.30   2311.19   -243.29
3091893 2024 05 11 09 30 20 007  -1372.12    918.85   2290.97   -226.63
3092941 2024 05 11 09 30 40 000  -1370.94    920.85   2291.79   -225.04
3093990 2024 05 11 09 31 00 012  -1358.28    926.21   2284.48   -216.03
3095038 2024 05 11 09 31 20 004  -1359.25    915.97   2275.22   -221.64
3096087 2024 05 11 09 31 40 016  -1366.03    890.87   2256.90   -237.58
3097135 2024 05 11 09 32 00 002  -1361.15    872.79   2233.94   -244.18
3098185 2024 05 11 09 32 20 016  -1370.49    861.61   2232.10   -254.44
3099234 2024 05 11 09 32 40 000  -1375.91    855.03   2230.94   -260.44
3100285 2024 05 11 09 33 00 014  -1386.09    843.34   2229.43   -271.37
3101335 2024 05 11 09 33 20 003  -1393.50    839.64   2233.14   -276.93
3102386 2024 05 11 09 33 40 007  -1389.88    851.22   2241.10   -269.33
3103437 2024 05 11 09 34 00 003  -1383.67    865.56   2249.23   -259.06
3104489 2024 05 11 09 34 20 011  -1377.24    878.98   2256.21   -249.13
3105541 2024 05 11 09 34 40 011  -1349.95    890.63   2240.57   -229.66
3106593 2024 05 11 09 35 00 008  -1345.25    901.03   2246.28   -222.11
3107645 2024 05 11 09 35 20 002  -1345.58    895.35   2240.93   -225.11
3108698 2024 05 11 09 35 40 009  -1338.80    894.83   2233.63   -221.98
3109751 2024 05 11 09 36 00 011  -1353.50    883.70   2237.20   -234.90
3110804 2024 05 11 09 36 20 010  -1344.71    873.42   2218.13   -235.65
3111857 2024 05 11 09 36 40 008  -1346.32    851.77   2198.09   -247.27
3112910 2024 05 11 09 37 00 008  -1360.28    839.97   2200.25   -260.16
3113963 2024 05 11 09 37 20 011  -1371.59    816.98   2188.56   -277.30
3115016 2024 05 11 09 37 40 015  -1365.35    806.43   2171.78   -279.46
3116069 2024 05 11 09 38 00 015  -1377.54    804.95   2182.49   -286.29
3117122 2024 05 11 09 38 20 011  -1385.17    786.70   2171.88   -299.24
3118175 2024 05 11 09 38 40 004  -1391.08    778.29   2169.37   -306.39
3119229 2024 05 11 09 39 00 015  -1384.18    766.13   2150.31   -309.03
3120282 2024 05 11 09 39 20 006  -1375.84    776.18   2152.02   -299.83
3121336 2024 05 11 09 39 40 016  -1372.17    790.84   2163.00   -290.66
3122389 2024 05 11 09 40 00 009  -1361.80    801.67   2163.48   -280.07
3123442 2024 05 11 09 40 20 002  -1357.18    814.11   2171.29   -271.54
3124496 2024 05 11 09 40 40 015  -1343.42    818.77   2162.19   -262.33
3125549 2024 05 11 09 41 00 007  -1330.59    813.33   2143.92   -258.63
3126603 2024 05 11 09 41 20 016  -1323.42    814.31   2137.73   -254.55
3127656 2024 05 11 09 41 40 005  -1329.05    809.35   2138.40   -259.85
3128710 2024 05 11 09 42 00 008  -1315.60    804.62   2120.22   -255.49
3129764 2024 05 11 09 42 20 003  -1311.24    798.66   2109.90   -256.29
3130818 2024 05 11 09 42 40 002  -1303.23    788.41   2091.65   -257.41
3131872 2024 05 11 09 43 00 006  -1299.82    778.75   2078.57   -260.54
3132926 2024 05 11 09 43 20 010  -1284.11    768.75   2052.86   -257.68
3133980 2024 05 11 09 43 40 012  -1283.95    751.40   2035.35   -266.28
3135034 2024 05 11 09 44 00 014  -1286.70    731.85   2018.55   -277.42
3136088 2024 05 11 09 44 20 014  -1285.23    716.15   2001.38   -284.54
3137142 2024 05 11 09 44 40 016  -1277.18    703.92   1981.10   -286.63
3138195 2024 05 11 09 45 00 000  -1278.30    688.77   1967.07   -294.77
3139249 2024 05 11 09 45 20 004  -1275.77    678.72   1954.49   -298.52
3140303 2024 05 11 09 45 40 008  -1288.73    670.18   1958.90   -309.28
3141357 2024 05 11 09 46 00 011  -1301.23    669.97   1971.20   -315.63
3142411 2024 05 11 09 46 20 015  -1342.79    660.34   2003.13   -341.22
3143464 2024 05 11 09 46 40 000  -1365.83    671.62   2037.45   -347.10
3144518 2024 05 11 09 47 00 010  -1362.85    688.41   2051.26   -337.22
3145571 2024 05 11 09 47 20 010  -1363.56    697.32   2060.89   -333.12
3146623 2024 05 11 09 47 40 001  -1369.07    708.30   2077.36   -330.38
3147676 2024 05 11 09 48 00 017  -1345.70    724.95   2070.65   -310.37
3148727 2024 05 11 09 48 20 003  -1370.69    756.69   2127.39   -307.00
3149779 2024 05 11 09 48 40 016  -1383.28    756.47   2139.75   -313.40
3150830 2024 05 11 09 49 00 014  -1388.40    768.46   2156.86   -309.97
3151881 2024 05 11 09 49 20 014  -1392.50    774.11   2166.61   -309.20
3152931 2024 05 11 09 49 40 000  -1418.23    787.86   2206.09   -315.18
3153982 2024 05 11 09 50 00 008  -1446.28    808.92   2255.20   -318.68
3155033 2024 05 11 09 50 20 015  -1449.59    828.87   2278.46   -310.36
3156084 2024 05 11 09 50 40 018  -1467.12    856.99   2324.11   -305.06
3157134 2024 05 11 09 51 00 001  -1454.77    865.58   2320.34   -294.60
3158185 2024 05 11 09 51 20 007  -1440.86    867.03   2307.89   -286.91
3159235 2024 05 11 09 51 40 001  -1423.79    848.95   2272.74   -287.42
3160285 2024 05 11 09 52 00 002  -1406.27    828.12   2234.39   -289.07
3161335 2024 05 11 09 52 20 006  -1384.69    815.90   2200.59   -284.39
3162385 2024 05 11 09 52 40 012  -1365.49    805.27   2170.76   -280.11
3163434 2024 05 11 09 53 00 004  -1351.47    799.81   2151.28   -275.83
3164483 2024 05 11 09 53 20 002  -1346.69    796.54   2143.23   -275.07
3165532 2024 05 11 09 53 40 002  -1341.06    792.89   2133.96   -274.09
3166582 2024 05 11 09 54 00 014  -1331.31    793.46   2124.77   -268.93
3167631 2024 05 11 09 54 20 001  -1321.85    790.80   2112.66   -265.53
3168681 2024 05 11 09 54 40 001  -1302.98    792.98   2095.96   -255.00
3169732 2024 05 11 09 55 00 018  -1294.69    791.40   2086.10   -251.64
3170782 2024 05 11 09 55 20 013  -1288.15    787.60   2075.75   -250.27
3171832 2024 05 11 09 55 40 005  -1290.77    779.31   2070.08   -255.73
3172883 2024 05 11 09 56 00 012  -1292.52    770.02   2062.55   -261.25
3173934 2024 05 11 09 56 20 018  -1290.51    764.56   2055.07   -262.97
3174984 2024 05 11 09 56 40 005  -1283.49    770.50   2053.99   -256.50
3176035 2024 05 11 09 57 00 008  -1285.25    780.77   2066.02   -252.24
3177086 2024 05 11 09 57 20 007  -1297.70    785.50   2083.20   -256.10
3178137 2024 05 11 09 57 40 007  -1300.70    799.61   2100.31   -250.55
3179188 2024 05 11 09 58 00 012  -1299.84    815.79   2115.63   -242.02
3180238 2024 05 11 09 58 20 006  -1310.19    821.90   2132.09   -244.15
3181288 2024 05 11 09 58 40 011  -1320.25    826.00   2146.25   -247.12
3182337 2024 05 11 09 59 00 004  -1323.31    828.89   2152.20   -247.21
3183387 2024 05 11 09 59 20 016  -1337.54    822.52   2160.05   -257.51
3184436 2024 05 11 09 59 40 008  -1344.83    817.89   2162.72   -263.47
3185486 2024 05 11 10 00 00 000  -1351.00    821.72   2172.72   -264.64
3186536 2024 05 11 10 00 20 010  -1344.72    835.42   2180.14   -254.65
3187585 2024 05 11 10 00 40 004  -1352.09    838.37   2190.47   -256.86
3188634 2024 05 11 10 01 00 000  -1356.65    842.78   2199.43   -256.93
3189684 2024 05 11 10 01 20 017  -1344.76    858.37   2203.13   -243.19
3190733 2024 05 11 10 01 40 009  -1338.38    872.70   2211.08   -232.84
3191783 2024 05 11 10 02 00 014  -1324.44    879.11   2203.55   -222.66
3192833 2024 05 11 10 02 20 018  -1310.19    873.28   2183.47   -218.46
3193882 2024 05 11 10 02 40 004  -1294.43    859.62   2154.05   -217.41
3194932 2024 05 11 10 03 00 012  -1281.61    840.18   2121.79   -220.71
3195981 2024 05 11 10 03 20 007  -1265.84    819.68   2085.52   -223.08
3197030 2024 05 11 10 03 40 002  -1256.74    797.73   2054.46   -229.50
3198080 2024 05 11 10 04 00 017  -1234.00    778.52   2012.52   -227.74
3199129 2024 05 11 10 04 20 015  -1204.82    765.98   1970.80   -219.42
3200178 2024 05 11 10 04 40 013  -1190.58    750.07   1940.65   -220.25
3201227 2024 05 11 10 05 00 008  -1173.43    726.92   1900.34   -223.25
3202277 2024 05 11 10 05 20 011  -1157.76    706.73   1864.49   -225.52
3203327 2024 05 11 10 05 40 003  -1128.54    692.57   1821.11   -217.99
3204378 2024 05 11 10 06 00 001  -1128.60    687.94   1816.54   -220.33
3205430 2024 05 11 10 06 20 005  -1124.86    685.60   1810.46   -219.63
3206482 2024 05 11 10 06 40 000  -1121.96    680.17   1802.12   -220.90
3207535 2024 05 11 10 07 00 006  -1122.34    671.36   1793.70   -225.49
3208588 2024 05 11 10 07 20 005  -1116.81    660.17   1776.98   -228.32
3209642 2024 05 11 10 07 40 017  -1110.65    649.43   1760.08   -230.61
3210695 2024 05 11 10 08 00 004  -1098.40    639.47   1737.87   -229.46
3211749 2024 05 11 10 08 20 005  -1084.95    621.26   1706.21   -231.84
3212803 2024 05 11 10 08 40 001  -1079.17    599.39   1678.55   -239.89
3213858 2024 05 11 10 09 00 013  -1064.14    573.60   1637.74   -245.27
3214912 2024 05 11 10 09 20 006  -1053.95    546.50   1600.45   -253.73
3215967 2024 05 11 10 09 40 017  -1045.41    530.06   1575.47   -257.67
3217021 2024 05 11 10 10 00 011  -1039.56    536.73   1576.28   -251.42
3218075 2024 05 11 10 10 20 004  -1042.84    539.49   1582.33   -251.68
3219130 2024 05 11 10 10 40 018  -1046.64    539.71   1586.35   -253.47
3220184 2024 05 11 10 11 00 015  -1054.53    538.65   1593.18   -257.94
3221238 2024 05 11 10 11 20 015  -1070.30    540.79   1611.08   -264.75
3222292 2024 05 11 10 11 40 014  -1077.89    544.98   1622.87   -266.46
3223346 2024 05 11 10 12 00 015  -1080.36    549.18   1629.55   -265.59
3224400 2024 05 11 10 12 20 018  -1087.75    550.20   1637.95   -268.78
3225453 2024 05 11 10 12 40 006  -1085.91    551.12   1637.03   -267.40
3226507 2024 05 11 10 13 00 018  -1082.13    562.46   1644.59   -259.83
3227560 2024 05 11 10 13 20 015  -1083.46    582.90   1666.36   -250.28
3228613 2024 05 11 10 13 40 015  -1095.84    606.85   1702.69   -244.49
3229666 2024 05 11 10 14 00 018  -1122.64    625.01   1747.65   -248.81
3230718 2024 05 11 10 14 20 006  -1154.97    637.65   1792.62   -258.66
3231771 2024 05 11 10 14 40 014  -1174.28    649.69   1823.96   -262.30
3232823 2024 05 11 10 15 00 005  -1192.91    658.97   1851.88   -266.97
3233876 2024 05 11 10 15 20 018  -1199.29    666.20   1865.49   -266.55
3234928 2024 05 11 10 15 40 014  -1179.24    673.88   1853.12   -252.68
3235980 2024 05 11 10 16 00 013  -1171.46    675.15   1846.60   -248.16
3237032 2024 05 11 10 16 20 012  -1173.33    669.08   1842.42   -252.12
3238084 2024 05 11 10 16 40 015  -1165.98    663.59   1829.57   -251.20
3239135 2024 05 11 10 17 00 004  -1162.13    658.42   1820.55   -251.85
3240186 2024 05 11 10 17 20 005  -1164.72    655.16   1819.88   -254.78
3241236 2024 05 11 10 17 40 003  -1162.41    670.60   1833.01   -245.90
3242286 2024 05 11 10 18 00 015  -1149.57    679.85   1829.42   -234.86
3243334 2024 05 11 10 18 20 001  -1127.92    682.58   1810.50   -222.67
3244383 2024 05 11 10 18 40 017  -1109.70    678.93   1788.63   -215.39
3245430 2024 05 11 10 19 00 003  -1097.94    667.25   1765.19   -215.35
3246478 2024 05 11 10 19 20 018  -1098.58    663.94   1762.53   -217.32
3247525 2024 05 11 10 19 40 018  -1089.67    662.47   1752.14   -213.60
3248571 2024 05 11 10 20 00 000  -1071.57    656.29   1727.86   -207.64
3249618 2024 05 11 10 20 20 003  -1050.48    649.21   1699.69   -200.64
3250665 2024 05 11 10 20 40 010  -1042.21    642.83   1685.04   -199.69
3251712 2024 05 11 10 21 00 018  -1029.46    635.57   1665.03   -196.94
3252758 2024 05 11 10 21 20 000  -1016.23    634.54   1650.77   -190.84
3253806 2024 05 11 10 21 40 013  -1008.63    639.55   1648.18   -184.54
3254853 2024 05 11 10 22 00 001  -1001.82    643.36   1645.18   -179.23
3255901 2024 05 11 10 22 20 006   -997.47    652.43   1649.90   -172.52
3256949 2024 05 11 10 22 40 008   -995.89    661.74   1657.64   -167.08
3257997 2024 05 11 10 23 00 005   -996.17    673.29   1669.47   -161.44
3259046 2024 05 11 10 23 20 016  -1003.41    686.23   1689.64   -158.59
3260094 2024 05 11 10 23 40 005  -1002.28    694.86   1697.14   -153.71
3261143 2024 05 11 10 24 00 010  -1012.79    703.42   1716.21   -154.69
3262192 2024 05 11 10 24 20 014  -1019.63    705.60   1725.23   -157.01
3263240 2024 05 11 10 24 40 004   -994.60    699.57   1694.17   -147.51
3264288 2024 05 11 10 25 00 005   -978.75    689.46   1668.21   -144.64
3265335 2024 05 11 10 25 20 003   -985.69    678.91   1664.60   -153.39
3266382 2024 05 11 10 25 40 019   -967.23    659.06   1626.28   -154.08
3267427 2024 05 11 10 26 00 015   -930.77    635.63   1566.40   -147.57
3268471 2024 05 11 10 26 20 008   -909.99    618.25   1528.24   -145.87
3269515 2024 05 11 10 26 40 005   -907.09    608.88   1515.97   -149.11
3270559 2024 05 11 10 27 00 000   -891.88    602.02   1493.90   -144.93
3271604 2024 05 11 10 27 20 011   -916.43    603.73   1520.15   -156.35
3272648 2024 05 11 10 27 40 000   -907.40    603.48   1510.88   -151.96
3273693 2024 05 11 10 28 00 004   -872.78    607.63   1480.41   -132.58
3274738 2024 05 11 10 28 20 008   -844.48    614.72   1459.20   -114.88
3275783 2024 05 11 10 28 40 017   -874.40    640.42   1514.82   -116.99
3276827 2024 05 11 10 29 00 011   -871.53    639.79   1511.33   -115.87
3277871 2024 05 11 10 29 20 010   -872.04    661.24   1533.27   -105.40
3278915 2024 05 11 10 29 40 011   -864.75    666.40   1531.15    -99.17
3279959 2024 05 11 10 30 00 017   -871.99    688.11   1560.10    -91.94
3281002 2024 05 11 10 30 20 009   -878.92    688.29   1567.21    -95.31
3282045 2024 05 11 10 30 40 001   -889.34    690.81   1580.15    -99.27
3283089 2024 05 11 10 31 00 011   -887.41    693.86   1581.28    -96.77
3284133 2024 05 11 10 31 20 017   -875.35    701.93   1577.28    -86.71
3285176 2024 05 11 10 31 40 000   -871.75    710.10   1581.84    -80.83
3286220 2024 05 11 10 32 00 004   -871.73    712.08   1583.81    -79.82
3287264 2024 05 11 10 32 20 011   -858.05    707.81   1565.86    -75.12
3288307 2024 05 11 10 32 40 000   -839.41    700.66   1540.07    -69.38
3289351 2024 05 11 10 33 00 011   -830.20    695.34   1525.54    -67.43
