datetime,mlat,mlt,glat,glon,alt,Ex,pot,cpcp_kV,pass_id
2024-05-11 02:25:40,-40.02667,5.442314,-30.781096,47.035416,854.28314,0.0026361058,19.14511105336588,54.0,S_1865
2024-05-11 02:25:41,-40.07781,5.4397964,-30.844042,47.014435,854.3628,0.0025393507,46.16864638486257,54.0,S_1865
2024-05-11 02:25:42,-40.128902,5.437273,-30.899994,47.000446,854.4702,0.0025458527,72.2887532480352,54.0,S_1865
2024-05-11 02:25:43,-40.179943,5.434746,-30.955948,46.97946,854.51465,0.0022418364,96.29554814948521,54.0,S_1865
2024-05-11 02:25:44,-40.230934,5.4322147,-31.0119,46.965473,854.4998,0.002248239,120.08331980494118,54.0,S_1865
2024-05-11 02:25:45,-40.281876,5.42968,-31.067854,46.951485,854.49054,0.0022546465,144.30588394618684,54.0,S_1865
2024-05-11 02:25:46,-40.332767,5.4271393,-31.123806,46.930504,854.49615,0.002261069,170.1477480748067,54.0,S_1865
2024-05-11 02:25:47,-40.38361,5.424593,-31.186754,46.916515,854.49054,0.002294842,195.7575118734609,54.0,S_1865
2024-05-11 02:25:48,-40.434402,5.4220448,-31.242706,46.895535,854.47394,0.0021703113,220.95206079869885,54.0,S_1865
2024-05-11 02:25:49,-40.48514,5.419491,-31.305653,46.881546,854.50726,0.0020221074,242.90613032114362,54.0,S_1865
2024-05-11 02:25:50,-40.535835,5.416933,-31.354612,46.867558,854.61096,0.0019743228,264.16921923455965,54.0,S_1865
2024-05-11 02:25:51,-40.586475,5.4143715,-31.410564,46.846573,854.6999,0.0019833287,288.03307805335226,54.0,S_1865
2024-05-11 02:25:52,-40.637066,5.411804,-31.473513,46.832584,854.71094,0.0019904077,313.13306240418603,54.0,S_1865
2024-05-11 02:25:53,-40.68761,5.409233,-31.536459,46.811604,854.68134,0.0019974983,336.70551005874233,54.0,S_1865
2024-05-11 02:25:54,-40.738102,5.4066563,-31.592413,46.797615,854.6554,0.002003889,359.2861131853068,54.0,S_1865
2024-05-11 02:25:55,-40.788544,5.4040775,-31.648365,46.776634,854.6702,0.0022194812,384.8246758623789,54.0,S_1865
2024-05-11 02:25:56,-40.838936,5.401493,-31.711311,46.762646,854.75354,0.0022773554,409.9247684714319,54.0,S_1865
2024-05-11 02:25:57,-40.889275,5.398905,-31.767265,46.748657,854.861,0.0024281908,435.26817620474765,54.0,S_1865
2024-05-11 02:25:58,-40.939568,5.396311,-31.823217,46.727673,854.90173,0.0025790264,461.39752294801576,54.0,S_1865
2024-05-11 02:25:59,-40.98981,5.393713,-31.879171,46.713688,854.88873,0.0027298618,488.70348801548755,54.0,S_1865
2024-05-11 02:26:00,-41.04,5.3911114,-31.935123,46.692703,854.88135,0.0028806971,518.9366542436171,54.0,S_1865
2024-05-11 02:26:01,-41.090305,5.3885098,-31.99807,46.678715,854.8851,0.0029575413,548.8519989867757,54.0,S_1865
2024-05-11 02:26:02,-41.140556,5.3859024,-32.054024,46.657734,854.87396,0.0030343856,577.8687219788017,54.0,S_1865
2024-05-11 02:26:03,-41.19075,5.383293,-32.109978,46.643745,854.8721,0.0031112297,607.1259221059893,54.0,S_1865
2024-05-11 02:26:04,-41.24089,5.3806763,-32.165928,46.629757,854.9295,0.003300397,640.5944486563751,54.0,S_1865
2024-05-11 02:26:05,-41.290974,5.3780575,-32.228878,46.608776,855.02026,0.0032292095,674.4290699998924,54.0,S_1865
2024-05-11 02:26:06,-41.341,5.375433,-32.291824,46.594788,855.0851,0.0031580217,705.6438021562169,54.0,S_1865
2024-05-11 02:26:07,-41.390972,5.3728027,-32.347775,46.573803,855.08875,0.0030868342,734.9878822490454,54.0,S_1865
2024-05-11 02:26:08,-41.44089,5.3701687,-32.40373,46.559814,855.0758,0.0029657036,766.0224934779912,54.0,S_1865
2024-05-11 02:26:09,-41.49075,5.367531,-32.466675,46.538834,855.0777,0.0028132189,794.758751010837,54.0,S_1865
2024-05-11 02:26:10,-41.540558,5.364887,-32.52263,46.524845,855.0758,0.0025869703,820.6874132907101,54.0,S_1865
2024-05-11 02:26:11,-41.590305,5.3622417,-32.578583,46.510857,855.0647,0.0026710725,847.5971870414348,54.0,S_1865
2024-05-11 02:26:12,-41.64,5.3595886,-32.634537,46.489876,855.0869,0.0028050872,877.2839077161345,54.0,S_1865
2024-05-11 02:26:13,-41.68964,5.3569317,-32.697483,46.475887,855.16656,0.0022638962,904.3515486972951,54.0,S_1865
2024-05-11 02:26:14,-41.739223,5.354271,-32.76043,46.454903,855.2536,0.0023763727,930.3126700486766,54.0,S_1865
2024-05-11 02:26:15,-41.78875,5.3516064,-32.816383,46.440914,855.2925,0.0024884394,954.1994912270247,54.0,S_1865
2024-05-11 02:26:16,-41.838223,5.348936,-32.86534,46.419933,855.2814,0.002495616,980.5558494364325,54.0,S_1865
2024-05-11 02:26:17,-41.887638,5.346262,-32.928288,46.405945,855.2536,0.0025027927,1008.9786470370763,54.0,S_1865
2024-05-11 02:26:18,-41.937,5.343582,-32.991234,46.391956,855.2573,0.0025099693,1035.9605432659687,54.0,S_1865
2024-05-11 02:26:19,-41.986305,5.3408985,-33.047188,46.370975,855.33325,0.0025171458,1060.2485754059953,54.0,S_1865
2024-05-11 02:26:20,-42.035557,5.338209,-33.096146,46.34999,855.4425,0.0025243226,1086.8067718249663,54.0,S_1865
2024-05-11 02:26:21,-42.08475,5.335516,-33.159092,46.336002,855.4925,0.0025314991,1113.9237634618728,54.0,S_1865
2024-05-11 02:26:22,-42.13389,5.332819,-33.215046,46.31502,855.47766,0.0028764948,1144.1111284695126,54.0,S_1865
2024-05-11 02:26:23,-42.182972,5.330118,-33.277992,46.301033,855.4444,0.0030975367,1174.90894099277,54.0,S_1865
2024-05-11 02:26:24,-42.232,5.3274117,-33.333946,46.280052,855.4332,0.0031042858,1204.3506294155554,54.0,S_1865
2024-05-11 02:26:25,-42.28097,5.3246994,-33.3899,46.266064,855.4814,0.0031908331,1234.097441224973,54.0,S_1865
2024-05-11 02:26:26,-42.329887,5.3219833,-33.44585,46.252075,855.5888,0.0032773805,1264.932817947303,54.0,S_1865
2024-05-11 02:26:27,-42.37875,5.3192635,-33.501804,46.23109,855.6703,0.0033639278,1296.5711012706913,54.0,S_1865
2024-05-11 02:26:28,-42.427555,5.31654,-33.55776,46.21011,855.6759,0.003166392,1328.8134015332216,54.0,S_1865
2024-05-11 02:26:29,-42.476307,5.3138103,-33.620705,46.19612,855.6592,0.0031179707,1362.0543315882305,54.0,S_1865
2024-05-11 02:26:30,-42.525,5.311077,-33.68365,46.17514,855.6611,0.0034945235,1395.093796684962,54.0,S_1865
2024-05-11 02:26:31,-42.57364,5.308338,-33.739605,46.16115,855.6592,0.0035685445,1427.2322890039784,54.0,S_1865
2024-05-11 02:26:32,-42.622223,5.3055954,-33.79556,46.147163,855.6481,0.0036425656,1460.4329877100065,54.0,S_1865
2024-05-11 02:26:33,-42.67075,5.302847,-33.85151,46.12618,855.6721,0.0036495887,1493.3237307515565,54.0,S_1865
2024-05-11 02:26:34,-42.719223,5.3000946,-33.907463,46.112194,855.7536,0.0038539956,1527.8975037537562,54.0,S_1865
2024-05-11 02:26:35,-42.76764,5.2973385,-33.963417,46.09121,855.8388,0.0040584025,1566.4687343275773,54.0,S_1865
2024-05-11 02:26:36,-42.815998,5.2945766,-34.026363,46.07722,855.8703,0.004326414,1608.4583869522307,54.0,S_1865
2024-05-11 02:26:37,-42.864304,5.291811,-34.08931,46.05624,855.8611,0.0044684266,1648.3905883689363,54.0,S_1865
2024-05-11 02:26:38,-42.912556,5.2890415,-34.145264,46.035255,855.8555,0.0046899873,1684.320477997117,54.0,S_1865
2024-05-11 02:26:39,-42.96075,5.2862663,-34.19422,46.021267,855.85736,0.004662201,1726.4814746668837,54.0,S_1865
2024-05-11 02:26:40,-43.00889,5.2834873,-34.257168,46.000286,855.8481,0.0046344143,1770.2684827177077,54.0,S_1865
2024-05-11 02:26:41,-43.056973,5.2807026,-34.320118,45.986298,855.84625,0.004606628,1810.8488833521878,54.0,S_1865
2024-05-11 02:26:42,-43.105,5.277914,-34.37607,45.965317,855.9018,0.004450826,1849.528167491988,54.0,S_1865
2024-05-11 02:26:43,-43.152973,5.2751217,-34.432022,45.944332,855.99255,0.004486422,1887.7160780824515,54.0,S_1865
2024-05-11 02:26:44,-43.20089,5.2723236,-34.487976,45.930344,856.05927,0.004917108,1932.135731696162,54.0,S_1865
2024-05-11 02:26:45,-43.24875,5.2695217,-34.550922,45.91636,856.0685,0.005050752,1979.357030361718,54.0,S_1865
2024-05-11 02:26:46,-43.296555,5.266716,-34.61387,45.895374,856.04626,0.0059079225,2024.272868629671,54.0,S_1865
2024-05-11 02:26:47,-43.344303,5.2639046,-34.662827,45.874393,856.0278,0.0055781705,2068.2486979759497,54.0,S_1865
2024-05-11 02:26:48,-43.392,5.2610893,-34.71878,45.860405,856.06476,0.005248418,2115.7682604630672,54.0,S_1865
2024-05-11 02:26:49,-43.439636,5.2582684,-34.781727,45.83942,856.1685,0.005786343,2167.723413804814,54.0,S_1865
2024-05-11 02:26:50,-43.48722,5.2554436,-34.844673,45.82543,856.2555,0.005948801,2212.6253946351553,54.0,S_1865
2024-05-11 02:26:51,-43.534748,5.252613,-34.893635,45.80445,856.2685,0.0059415554,2258.897838433347,54.0,S_1865
2024-05-11 02:26:52,-43.582222,5.2497807,-34.949585,45.790462,856.2389,0.0059343097,2306.955129948481,54.0,S_1865
2024-05-11 02:26:53,-43.62964,5.2469406,-35.00554,45.76948,856.21295,0.006550619,2358.215507256201,54.0,S_1865
2024-05-11 02:26:54,-43.677,5.2440987,-35.061493,45.755493,856.2277,0.006535558,2415.0443645525893,54.0,S_1865
2024-05-11 02:26:55,-43.724304,5.241251,-35.12444,45.73451,856.31104,0.006520497,2472.2049838103303,54.0,S_1865
2024-05-11 02:26:56,-43.771553,5.2383976,-35.187386,45.72052,856.4185,0.0065054363,2525.0899458821405,54.0,S_1865
2024-05-11 02:26:57,-43.81875,5.2355423,-35.24334,45.69954,856.4592,0.0064903754,2581.823052273315,54.0,S_1865
2024-05-11 02:26:58,-43.865887,5.2326794,-35.306286,45.67856,856.44446,0.0064753145,2633.7259522593176,54.0,S_1865
2024-05-11 02:26:59,-43.91297,5.2298145,-35.36224,45.66457,856.4389,0.0064342776,2684.000942501585,54.0,S_1865
2024-05-11 02:27:00,-43.96,5.226944,-35.418194,45.65058,856.44257,0.00681038,2737.7264091631896,54.0,S_1865
2024-05-11 02:27:01,-44.00681,5.224064,-35.474144,45.629597,856.42773,0.007186482,2793.0038827898643,54.0,S_1865
2024-05-11 02:27:02,-44.053566,5.22118,-35.530098,45.615612,856.4148,0.0075625842,2851.6112327229375,54.0,S_1865
2024-05-11 02:27:03,-44.100273,5.218292,-35.586052,45.594627,856.4537,0.007938687,2918.813988575099,54.0,S_1865
2024-05-11 02:27:04,-44.146935,5.215399,-35.649,45.573647,856.55927,0.008279795,2988.452109636347,54.0,S_1865
2024-05-11 02:27:05,-44.193542,5.2125015,-35.711945,45.559658,856.6444,0.008620903,3048.6865590389716,54.0,S_1865
2024-05-11 02:27:06,-44.2401,5.2096004,-35.760902,45.538673,856.6574,0.008901966,3115.087954925895,54.0,S_1865
2024-05-11 02:27:07,-44.28661,5.2066956,-35.816856,45.517693,856.62964,0.009183029,3190.0070650835837,54.0,S_1865
2024-05-11 02:27:08,-44.333065,5.203785,-35.879803,45.503704,856.61115,0.009464092,3269.1227526250022,54.0,S_1865
2024-05-11 02:27:09,-44.379475,5.2008705,-35.94275,45.482723,856.64813,0.0097451545,3334.3389644284603,54.0,S_1865
2024-05-11 02:27:10,-44.425835,5.1979504,-35.99171,45.468735,856.7519,0.010026217,3407.782666737334,54.0,S_1865
2024-05-11 02:27:11,-44.47214,5.1950283,-36.04766,45.44775,856.84076,0.01030728,3492.106373769776,54.0,S_1865
2024-05-11 02:27:12,-44.5184,5.1920986,-36.11061,45.42677,856.863,0.010588343,3578.1198100343827,54.0,S_1865
2024-05-11 02:27:13,-44.56461,5.189167,-36.173557,45.41278,856.84076,0.011119817,3660.9041930499357,54.0,S_1865
2024-05-11 02:27:14,-44.610767,5.1862297,-36.22951,45.3918,856.80927,0.0116512915,3746.241843879062,54.0,S_1865
2024-05-11 02:27:15,-44.656876,5.1832886,-36.28546,45.370815,856.813,0.012182765,3833.153385663965,54.0,S_1865
2024-05-11 02:27:16,-44.702934,5.1803436,-36.341415,45.356827,856.89264,0.012714239,3934.6309574531656,54.0,S_1865
2024-05-11 02:27:17,-44.748943,5.177395,-36.40436,45.335846,857.00006,0.013245713,4031.429901016473,54.0,S_1865
2024-05-11 02:27:18,-44.7949,5.1744404,-36.460316,45.314865,857.0445,0.013314324,4125.504072296371,54.0,S_1865
2024-05-11 02:27:19,-44.84081,5.171482,-36.51627,45.300877,857.02966,0.013382936,4219.7666873138105,54.0,S_1865
2024-05-11 02:27:20,-44.886665,5.168518,-36.57222,45.28689,857.0223,0.013646653,4327.972704464414,54.0,S_1865
2024-05-11 02:27:21,-44.932476,5.16555,-36.635166,45.265903,857.02594,0.012773795,4431.228134962253,54.0,S_1865
2024-05-11 02:27:22,-44.978233,5.1625786,-36.698116,45.244923,857.0111,0.013683416,4528.751386009238,54.0,S_1865
2024-05-11 02:27:23,-45.02394,5.159603,-36.754066,45.230934,856.99817,0.013542571,4626.079777056683,54.0,S_1865
2024-05-11 02:27:24,-45.0696,5.156622,-36.81002,45.209953,857.03894,0.014000445,4716.265089289996,54.0,S_1865
2024-05-11 02:27:25,-45.115208,5.153637,-36.85898,45.18897,857.14264,0.014468702,4816.509213327824,54.0,S_1865
2024-05-11 02:27:26,-45.160767,5.150648,-36.914932,45.17498,857.2297,0.01454765,4931.20287505188,54.0,S_1865
2024-05-11 02:27:27,-45.206276,5.1476536,-36.97788,45.154,857.23895,0.014626599,5047.826551193645,54.0,S_1865
2024-05-11 02:27:28,-45.25173,5.144655,-37.040825,45.133015,857.213,0.014591524,5142.512356686046,54.0,S_1865
2024-05-11 02:27:29,-45.297142,5.141653,-37.089787,45.112034,857.2001,0.01455645,5243.297186990108,54.0,S_1865
2024-05-11 02:27:30,-45.3425,5.138645,-37.145737,45.098045,857.2297,0.014521375,5357.786056527166,54.0,S_1865
2024-05-11 02:27:31,-45.38781,5.1356335,-37.208687,45.077065,857.31116,0.01418641,5469.298939378605,54.0,S_1865
2024-05-11 02:27:32,-45.433067,5.132618,-37.271633,45.063076,857.3945,0.01433185,5572.823558124254,54.0,S_1865
2024-05-11 02:27:33,-45.478275,5.1295986,-37.327587,45.04209,857.43335,0.01447729,5676.390466500845,54.0,S_1865
2024-05-11 02:27:34,-45.523434,5.1265736,-37.383537,45.02111,857.4223,0.015129703,5784.186459098546,54.0,S_1865
2024-05-11 02:27:35,-45.568542,5.1235447,-37.43949,45.00013,857.3945,0.015782116,5905.888165293187,54.0,S_1865
2024-05-11 02:27:36,-45.6136,5.12051,-37.502438,44.98614,857.3982,0.016434528,6023.019434013794,54.0,S_1865
2024-05-11 02:27:37,-45.658607,5.1174736,-37.55839,44.965157,857.476,0.016220497,6137.868132831946,54.0,S_1865
2024-05-11 02:27:38,-45.703568,5.1144314,-37.614346,44.944176,857.58527,0.016396534,6253.84646923788,54.0,S_1865
2024-05-11 02:27:39,-45.748474,5.1113834,-37.670296,44.92319,857.62787,0.017192243,6385.54318736292,54.0,S_1865
2024-05-11 02:27:40,-45.793335,5.1083336,-37.733242,44.909206,857.61304,0.017136496,6520.010489440609,54.0,S_1865
2024-05-11 02:27:41,-45.838142,5.105278,-37.796192,44.88822,857.60565,0.017080747,6638.997989030983,54.0,S_1865
2024-05-11 02:27:42,-45.8829,5.1022186,-37.852142,44.874233,857.6112,0.017025,6758.789619294168,54.0,S_1865
2024-05-11 02:27:43,-45.92761,5.0991535,-37.908096,44.853252,857.60565,0.016969252,6865.891565072316,54.0,S_1865
2024-05-11 02:27:44,-45.972267,5.0960846,-37.957054,44.832268,857.589,0.015156809,6982.01680372301,54.0,S_1865
2024-05-11 02:27:45,-46.016876,5.093012,-38.020004,44.818283,857.6204,0.013344367,7079.063547699909,54.0,S_1865
2024-05-11 02:27:46,-46.06143,5.0899353,-38.075954,44.7973,857.7242,0.014840576,7196.008870995578,54.0,S_1865
2024-05-11 02:27:47,-46.10594,5.086853,-38.1389,44.776318,857.81305,0.017091956,7317.563768700547,54.0,S_1865
2024-05-11 02:27:48,-46.150402,5.083767,-38.194855,44.755333,857.826,0.016472805,7419.045175173832,54.0,S_1865
2024-05-11 02:27:49,-46.19481,5.080675,-38.243813,44.741344,857.7964,0.015853653,7530.079781664224,54.0,S_1865
2024-05-11 02:27:50,-46.239166,5.0775814,-38.299767,44.720364,857.77045,0.015234501,7649.851400269705,54.0,S_1865
2024-05-11 02:27:51,-46.283474,5.074482,-38.362713,44.699383,857.78534,0.01517524,7758.965200437218,54.0,S_1865
2024-05-11 02:27:52,-46.327732,5.071377,-38.418667,44.6784,857.86676,0.015115978,7877.869663946749,54.0,S_1865
2024-05-11 02:27:53,-46.37194,5.0682697,-38.481613,44.657417,857.9742,0.016224138,8003.788862503985,54.0,S_1865
2024-05-11 02:27:54,-46.4161,5.065157,-38.54456,44.64343,858.0205,0.016948363,8124.12899688601,54.0,S_1865
2024-05-11 02:27:55,-46.46021,5.0620403,-38.600513,44.622444,858.0075,0.016278915,8239.239031675186,54.0,S_1865
2024-05-11 02:27:56,-46.50427,5.058918,-38.656467,44.601463,857.9779,0.015348605,8348.318864313269,54.0,S_1865
2024-05-11 02:27:57,-46.548275,5.055792,-38.71242,44.580482,857.9816,0.016884852,8464.894513577427,54.0,S_1865
2024-05-11 02:27:58,-46.59223,5.052662,-38.76837,44.566494,858.0575,0.016717989,8595.101274120685,54.0,S_1865
2024-05-11 02:27:59,-46.636143,5.049528,-38.831318,44.54551,858.1668,0.016240865,8723.221078347771,54.0,S_1865
2024-05-11 02:28:00,-46.68,5.0463886,-38.894268,44.52453,858.22235,0.015854953,8834.39224339401,54.0,S_1865
2024-05-11 02:28:01,-46.72381,5.043268,-38.95022,44.51054,858.2168,0.015568965,8944.630295765211,54.0,S_1865
2024-05-11 02:28:02,-46.767567,5.040142,-39.006172,44.48956,858.1853,0.015914926,9042.956086375738,54.0,S_1865
2024-05-11 02:28:03,-46.811275,5.037012,-39.05513,44.47557,858.1668,0.016260887,9168.717155791834,54.0,S_1865
2024-05-11 02:28:04,-46.854935,5.0338745,-39.11808,44.454586,858.2057,0.017090948,9293.470805823777,54.0,S_1865
2024-05-11 02:28:05,-46.89854,5.030733,-39.17403,44.42661,858.3131,0.017028373,9426.347675215677,54.0,S_1865
2024-05-11 02:28:06,-46.9421,5.027588,-39.236977,44.40563,858.3964,0.01716445,9545.79527451842,54.0,S_1865
2024-05-11 02:28:07,-46.985607,5.024435,-39.29293,44.39164,858.402,0.017063327,9653.010533016188,54.0,S_1865
2024-05-11 02:28:08,-47.029068,5.0212784,-39.34189,44.37066,858.3853,0.016962204,9771.335607878094,54.0,S_1865
2024-05-11 02:28:09,-47.072475,5.018116,-39.397842,44.349674,858.3872,0.016902884,9903.048176821321,54.0,S_1865
2024-05-11 02:28:10,-47.115833,5.01495,-39.46079,44.328693,858.38904,0.016843567,10022.834979058094,54.0,S_1865
2024-05-11 02:28:11,-47.15914,5.011778,-39.516743,44.307713,858.37427,0.016784247,10151.559327092948,54.0,S_1865
2024-05-11 02:28:12,-47.2024,5.0086,-39.57969,44.293724,858.3724,0.016615044,10269.619403009556,54.0,S_1865
2024-05-11 02:28:13,-47.24561,5.005417,-39.635643,44.27274,858.4483,0.018532455,10399.188714640799,54.0,S_1865
2024-05-11 02:28:14,-47.288765,5.0022297,-39.691597,44.25176,858.55566,0.020488622,10541.397879607175,54.0,S_1865
2024-05-11 02:28:15,-47.331875,4.999037,-39.747547,44.230774,858.6058,0.019210622,10687.326096325785,54.0,S_1865
2024-05-11 02:28:16,-47.37493,4.995838,-39.810497,44.21679,858.5909,0.01793262,10813.874173284166,54.0,S_1865
2024-05-11 02:28:17,-47.417942,4.9926357,-39.866447,44.195805,858.565,0.01665462,10931.267857668505,54.0,S_1865
2024-05-11 02:28:18,-47.4609,4.9894257,-39.9224,44.174824,858.56866,0.019600552,11064.971117160434,54.0,S_1865
2024-05-11 02:28:19,-47.503807,4.986212,-39.978355,44.160835,858.6279,0.020390652,11206.271063247194,54.0,S_1865
2024-05-11 02:28:20,-47.546665,4.982994,-40.034306,44.13985,858.7187,0.02003848,11345.52649273613,54.0,S_1865
2024-05-11 02:28:21,-47.589474,4.9797707,-40.09026,44.11887,858.7835,0.020565292,11503.592411132318,54.0,S_1865
2024-05-11 02:28:22,-47.632233,4.9765415,-40.153206,44.09789,858.7946,0.021092102,11670.170776600175,54.0,S_1865
2024-05-11 02:28:23,-47.674942,4.9733067,-40.216156,44.069912,858.77057,0.021618914,11801.528017968367,54.0,S_1865
2024-05-11 02:28:24,-47.717598,4.970066,-40.265114,44.055923,858.752,0.022145724,11953.020680809794,54.0,S_1865
2024-05-11 02:28:25,-47.76021,4.9668217,-40.321068,44.03494,858.78906,0.022672536,12126.260127521355,54.0,S_1865
2024-05-11 02:28:26,-47.802765,4.9635715,-40.384014,44.013958,858.89465,0.02338091,12302.841948896605,54.0,S_1865
2024-05-11 02:28:27,-47.845272,4.9603176,-40.44696,43.99997,858.9817,0.02342775,12447.428846185278,54.0,S_1865
2024-05-11 02:28:28,-47.887733,4.957056,-40.49592,43.97899,858.9928,0.023474593,12607.710423608427,54.0,S_1865
2024-05-11 02:28:29,-47.93014,4.9537907,-40.551872,43.958004,858.965,0.023521435,12787.041368962917,54.0,S_1865
2024-05-11 02:28:30,-47.9725,4.9505215,-40.61482,43.937023,858.9391,0.0239857,12970.832281552008,54.0,S_1865
2024-05-11 02:28:31,-48.014805,4.9472446,-40.677765,43.916042,858.9521,0.023518456,13133.60934646468,54.0,S_1865
2024-05-11 02:28:32,-48.057064,4.943964,-40.73372,43.895058,859.0354,0.021031484,13279.183876296865,54.0,S_1865
2024-05-11 02:28:33,-48.099274,4.9406776,-40.789673,43.874077,859.1409,0.021127898,13425.366284674103,54.0,S_1865
2024-05-11 02:28:34,-48.14143,4.9373875,-40.845623,43.853092,859.18726,0.022777312,13596.530510283588,54.0,S_1865
2024-05-11 02:28:35,-48.18354,4.9340916,-40.908573,43.839104,859.1743,0.024357254,13764.443691295804,54.0,S_1865
2024-05-11 02:28:36,-48.225597,4.93079,-40.964523,43.818123,859.1502,0.02730133,13955.543850576585,54.0,S_1865
2024-05-11 02:28:37,-48.267605,4.9274826,-41.020477,43.790146,859.15393,0.028100044,14146.975119698465,54.0,S_1865
2024-05-11 02:28:38,-48.309566,4.9241695,-41.07643,43.769165,859.2132,0.028860267,14339.164751209526,54.0,S_1865
2024-05-11 02:28:39,-48.351475,4.9208527,-41.13238,43.755177,859.30396,0.027763732,14548.778768189197,54.0,S_1865
2024-05-11 02:28:40,-48.39333,4.917532,-41.19533,43.73419,859.3669,0.026247445,14729.085409925545,54.0,S_1865
2024-05-11 02:28:41,-48.43514,4.9142036,-41.25128,43.71321,859.3706,0.024856713,14917.952602536274,54.0,S_1865
2024-05-11 02:28:42,-48.4769,4.9108715,-41.31423,43.69223,859.3595,0.024002794,15065.898032094166,54.0,S_1865
2024-05-11 02:28:43,-48.518604,4.9075336,-41.36319,43.671246,859.3613,0.023213275,15224.349875169042,54.0,S_1865
2024-05-11 02:28:44,-48.560265,4.90419,-41.419144,43.650265,859.3576,0.023082439,15400.394259745104,54.0,S_1865
2024-05-11 02:28:45,-48.60187,4.9008427,-41.48209,43.62928,859.34094,0.023492243,15577.698947888857,54.0,S_1865
2024-05-11 02:28:46,-48.643433,4.8974895,-41.545036,43.615295,859.37244,0.023902047,15746.923311534281,54.0,S_1865
2024-05-11 02:28:47,-48.68494,4.8941307,-41.60099,43.58732,859.4743,0.024311852,15895.692003001941,54.0,S_1865
2024-05-11 02:28:48,-48.7264,4.890766,-41.64995,43.566334,859.56696,0.025658106,16069.882504896159,54.0,S_1865
2024-05-11 02:28:49,-48.767807,4.887398,-41.705902,43.545353,859.5891,0.026863918,16269.956319433142,54.0,S_1865
2024-05-11 02:28:50,-48.809166,4.8840237,-41.76885,43.531364,859.56506,0.026843436,16453.770807370867,54.0,S_1865
2024-05-11 02:28:51,-48.85047,4.8806458,-41.8248,43.510384,859.53357,0.026117157,16655.867979886512,54.0,S_1865
2024-05-11 02:28:52,-48.89173,4.87726,-41.88775,43.482407,859.5391,0.026488528,16834.346637025505,54.0,S_1865
2024-05-11 02:28:53,-48.932938,4.873871,-41.9437,43.46842,859.61694,0.026859896,17017.129302010882,54.0,S_1865
2024-05-11 02:28:54,-48.9741,4.8704777,-41.999653,43.447433,859.7243,0.028833758,17212.872617493715,54.0,S_1865
2024-05-11 02:28:55,-49.015205,4.867077,-42.055607,43.426453,859.7743,0.031397216,17448.732948632103,54.0,S_1865
2024-05-11 02:28:56,-49.056263,4.8636723,-42.118553,43.40547,859.7595,0.030115414,17653.843834588675,54.0,S_1865
2024-05-11 02:28:57,-49.09727,4.860262,-42.174507,43.384487,859.728,0.028180422,17866.50704582552,54.0,S_1865
2024-05-11 02:28:58,-49.13823,4.856846,-42.237453,43.363506,859.7169,0.027282218,18032.988933356777,54.0,S_1865
2024-05-11 02:28:59,-49.17914,4.853426,-42.28641,43.34252,859.76324,0.026953071,18215.421971719767,54.0,S_1865
2024-05-11 02:29:00,-49.219997,4.8500004,-42.342365,43.32154,859.86884,0.02689737,18398.603033347612,54.0,S_1865
2024-05-11 02:29:01,-49.260643,4.846588,-42.39832,43.30056,859.954,0.02670336,18604.84191275866,54.0,S_1865
2024-05-11 02:29:02,-49.301243,4.84317,-42.461266,43.272583,859.9651,0.025800953,18801.668850055485,54.0,S_1865
2024-05-11 02:29:03,-49.341797,4.8397446,-42.52421,43.2516,859.9373,0.022320764,18936.50636895219,54.0,S_1865
2024-05-11 02:29:04,-49.38231,4.836315,-42.57317,43.23761,859.92065,0.021458067,19083.207464855343,54.0,S_1865
2024-05-11 02:29:05,-49.422775,4.83288,-42.629124,43.21663,859.9577,0.020595372,19241.16610848961,54.0,S_1865
2024-05-11 02:29:06,-49.463196,4.8294373,-42.69207,43.19565,860.0596,0.02098744,19403.058287304397,54.0,S_1865
2024-05-11 02:29:07,-49.503574,4.8259907,-42.755016,43.174664,860.1503,0.021615338,19557.004717293697,54.0,S_1865
2024-05-11 02:29:08,-49.543907,4.8225384,-42.81097,43.146687,860.1725,0.021893004,19708.05593401762,54.0,S_1865
2024-05-11 02:29:09,-49.584198,4.8190784,-42.866924,43.125706,860.14844,0.01836912,19836.134081269334,54.0,S_1865
2024-05-11 02:29:10,-49.624443,4.8156147,-42.922874,43.104725,860.11884,0.018173821,19960.63398590688,54.0,S_1865
2024-05-11 02:29:11,-49.664642,4.8121433,-42.97883,43.090736,860.1225,0.017978523,20085.95555928604,54.0,S_1865
2024-05-11 02:29:12,-49.704796,4.808666,-43.034782,43.06975,860.20215,0.01752141,20221.729733888158,54.0,S_1865
2024-05-11 02:29:13,-49.744907,4.8051853,-43.09773,43.04877,860.3096,0.017386405,20347.58258653259,54.0,S_1865
2024-05-11 02:29:14,-49.784977,4.801697,-43.153683,43.020794,860.3559,0.017086238,20467.590469255156,54.0,S_1865
2024-05-11 02:29:15,-49.824997,4.7982044,-43.209637,42.999813,860.3429,0.014576251,20571.17388323458,54.0,S_1865
2024-05-11 02:29:16,-49.864975,4.7947044,-43.265587,42.97883,860.31696,0.012066263,20667.652234099325,54.0,S_1865
2024-05-11 02:29:17,-49.904907,4.7911987,-43.328533,42.957848,860.3207,0.011806463,20754.489791916752,54.0,S_1865
2024-05-11 02:29:18,-49.944798,4.7876873,-43.384487,42.936863,860.38184,0.011154058,20836.000884287707,54.0,S_1865
2024-05-11 02:29:19,-49.984642,4.784172,-43.44044,42.915882,860.47253,0.011612994,20920.464678249387,54.0,S_1865
2024-05-11 02:29:20,-50.02444,4.780649,-43.496395,42.8949,860.5355,0.008192225,20984.27841506768,54.0,S_1865
2024-05-11 02:29:21,-50.064198,4.7771206,-43.552345,42.866924,860.5392,0.009761311,21057.03038587671,54.0,S_1865
2024-05-11 02:29:22,-50.10391,4.7735863,-43.6083,42.84594,860.52625,0.011330396,21146.92090490716,54.0,S_1865
2024-05-11 02:29:23,-50.143574,4.770046,-43.671246,42.83195,860.52814,0.010634344,21225.94029306073,54.0,S_1865
2024-05-11 02:29:24,-50.183197,4.7665005,-43.7272,42.81097,860.52625,0.010374829,21302.399327241576,54.0,S_1865
2024-05-11 02:29:25,-50.222775,4.762949,-43.783154,42.78999,860.51324,0.012327963,21391.43342936434,54.0,S_1865
2024-05-11 02:29:26,-50.26231,4.759392,-43.839104,42.769005,860.53735,0.011642602,21478.02446067379,54.0,S_1865
2024-05-11 02:29:27,-50.301796,4.755829,-43.895058,42.741028,860.617,0.010957242,21558.45200986026,54.0,S_1865
2024-05-11 02:29:28,-50.341244,4.75226,-43.95101,42.720047,860.70404,0.010271882,21641.961951225414,54.0,S_1865
2024-05-11 02:29:29,-50.380642,4.748686,-44.013958,42.699066,860.7411,0.009586521,21721.6508066625,54.0,S_1865
2024-05-11 02:29:30,-50.42,4.745104,-44.076904,42.67808,860.7318,0.01137,21805.603435102275,54.0,S_1865
2024-05-11 02:29:31,-50.45931,4.741518,-44.13286,42.6571,860.70404,0.012896104,21888.634162494975,54.0,S_1865
2024-05-11 02:29:32,-50.498577,4.7379265,-44.181816,42.636116,860.70776,0.010965672,21967.74513929099,54.0,S_1865
2024-05-11 02:29:33,-50.537796,4.734329,-44.23777,42.615135,860.7837,0.00902446,22036.974288182326,54.0,S_1865
2024-05-11 02:29:34,-50.576977,4.7307243,-44.293724,42.58716,860.89294,0.010560775,22114.807945471246,54.0,S_1865
2024-05-11 02:29:35,-50.616108,4.7271156,-44.349674,42.566177,860.94104,0.010650674,22201.01626087209,54.0,S_1865
2024-05-11 02:29:36,-50.655197,4.723501,-44.412624,42.545193,860.9281,0.009703664,22281.517543783713,54.0,S_1865
2024-05-11 02:29:37,-50.69424,4.719879,-44.47557,42.52421,860.89484,0.008756655,22350.056824669202,54.0,S_1865
2024-05-11 02:29:38,-50.733242,4.7162533,-44.53152,42.496235,860.8855,0.008913293,22417.26600522592,54.0,S_1865
2024-05-11 02:29:39,-50.772198,4.71262,-44.587475,42.475254,860.9318,0.009321979,22479.904820732692,54.0,S_1865
2024-05-11 02:29:40,-50.811108,4.7089825,-44.636433,42.45427,861.03735,0.010530849,22564.115690537205,54.0,S_1865
2024-05-11 02:29:41,-50.849976,4.7053375,-44.699383,42.43329,861.12256,0.011739719,22652.320084124276,54.0,S_1865
2024-05-11 02:29:42,-50.888798,4.701689,-44.755333,42.40531,861.1319,0.01166072,22745.988709830483,54.0,S_1865
2024-05-11 02:29:43,-50.927574,4.6980324,-44.818283,42.38433,861.10596,0.011562476,22831.105423109373,54.0,S_1865
2024-05-11 02:29:44,-50.96631,4.6943703,-44.874233,42.363346,861.09296,0.011464231,22905.90227804965,54.0,S_1865
2024-05-11 02:29:45,-51.004997,4.6907043,-44.92319,42.342365,861.12256,0.010534302,22982.171036345993,54.0,S_1865
2024-05-11 02:29:46,-51.043644,4.687031,-44.979145,42.321384,861.20404,0.009604374,23060.803239816116,54.0,S_1865
2024-05-11 02:29:47,-51.08224,4.6833515,-45.04209,42.3004,861.2874,0.008520985,23126.329586439788,54.0,S_1865
2024-05-11 02:29:48,-51.120796,4.6796665,-45.098045,42.27942,861.32446,0.007437595,23189.37683499629,54.0,S_1865
2024-05-11 02:29:49,-51.15931,4.675976,-45.16099,42.258434,861.3152,0.007435937,23249.11992797722,54.0,S_1865
2024-05-11 02:29:50,-51.197777,4.6722813,-45.216946,42.230457,861.2874,0.0070488323,23304.279218511132,54.0,S_1865
2024-05-11 02:29:51,-51.2362,4.668579,-45.2729,42.209476,861.29114,0.006246305,23355.050082980517,54.0,S_1865
2024-05-11 02:29:52,-51.274574,4.664871,-45.32885,42.1815,861.3689,0.0055241855,23404.56122367693,54.0,S_1865
2024-05-11 02:29:53,-51.31291,4.6611576,-45.3918,42.16052,861.4763,0.0058753444,23453.039541060156,54.0,S_1865
2024-05-11 02:29:54,-51.351196,4.6574383,-45.44775,42.139534,861.5263,0.006226503,23502.66364062187,54.0,S_1865
2024-05-11 02:29:55,-51.389442,4.653713,-45.503704,42.118553,861.5115,0.0061320458,23551.677168922717,54.0,S_1865
2024-05-11 02:29:56,-51.427643,4.6499825,-45.559658,42.097572,861.4782,0.006146106,23601.762281001626,54.0,S_1865
2024-05-11 02:29:57,-51.465797,4.646246,-45.615612,42.069595,861.46893,0.005531717,23647.135244952584,54.0,S_1865
2024-05-11 02:29:58,-51.50391,4.642502,-45.671562,42.04861,861.5152,0.005583065,23697.618257844773,54.0,S_1865
2024-05-11 02:29:59,-51.541977,4.638754,-45.73451,42.020638,861.6207,0.0047924453,23742.95993739656,54.0,S_1865
2024-05-11 02:30:00,-51.579998,4.635,-45.79746,41.999653,861.70593,0.004001826,23776.37094602011,54.0,S_1865
2024-05-11 02:30:01,-51.617813,4.631258,-45.846416,41.978672,861.7153,0.0032112063,23805.472648200503,54.0,S_1865
2024-05-11 02:30:02,-51.655586,4.62751,-45.90237,41.957687,861.6911,0.0024205865,23832.768986638115,54.0,S_1865
2024-05-11 02:30:03,-51.69332,4.6237564,-45.965317,41.92971,861.67633,0.0034865458,23868.714740797124,54.0,S_1865
2024-05-11 02:30:04,-51.73102,4.619995,-46.028263,41.90873,861.70593,0.004552505,23908.650022355203,54.0,S_1865
2024-05-11 02:30:05,-51.768677,4.616228,-46.084217,41.88775,861.7874,0.0030777468,23937.99210096961,54.0,S_1865
2024-05-11 02:30:06,-51.806297,4.6124535,-46.140167,41.866764,861.8726,0.002941982,23966.921591961658,54.0,S_1865
2024-05-11 02:30:07,-51.84388,4.608675,-46.19612,41.838787,861.90967,0.0028062167,23994.742900603127,54.0,S_1865
2024-05-11 02:30:08,-51.88142,4.604887,-46.252075,41.817806,861.89856,0.0026704515,24019.931005419003,54.0,S_1865
2024-05-11 02:30:09,-51.918922,4.601095,-46.301033,41.78983,861.8726,0.0025346866,24044.89389756166,54.0,S_1865
2024-05-11 02:30:10,-51.956387,4.5972958,-46.356987,41.76885,861.8745,0.003980193,24083.030191007736,54.0,S_1865
2024-05-11 02:30:11,-51.993813,4.5934906,-46.419933,41.747864,861.95233,0.0009477094,24100.62614548082,54.0,S_1865
2024-05-11 02:30:12,-52.031197,4.589678,-46.48288,41.71989,862.0597,0.0015786864,24121.654955995473,54.0,S_1865
2024-05-11 02:30:13,-52.068546,4.5858593,-46.538834,41.698906,862.1097,0.0022096634,24144.129851775182,54.0,S_1865
2024-05-11 02:30:14,-52.105854,4.582035,-46.58779,41.67093,862.09485,0.00023688585,24154.317775984004,54.0,S_1865
2024-05-11 02:30:15,-52.143124,4.578203,-46.643745,41.64995,862.06335,0.0021697097,24177.802185421067,54.0,S_1865
2024-05-11 02:30:16,-52.180355,4.5743656,-46.6997,41.628963,862.0523,0.005855825,24229.389201768387,54.0,S_1865
2024-05-11 02:30:17,-52.217545,4.5705204,-46.762646,41.607983,862.10046,0.0022712832,24256.65725867282,54.0,S_1865
2024-05-11 02:30:18,-52.2547,4.5666714,-46.825592,41.580006,862.206,0.0019742846,24280.21393379668,54.0,S_1865
2024-05-11 02:30:19,-52.291813,4.562813,-46.881546,41.559025,862.28937,0.0016772863,24300.782008382062,54.0,S_1865
2024-05-11 02:30:20,-52.328888,4.5589504,-46.937496,41.531048,862.3004,0.001681419,24321.345741594716,54.0,S_1865
2024-05-11 02:30:21,-52.365925,4.5550804,-46.99345,41.510067,862.2745,0.0016855516,24342.980704630834,54.0,S_1865
2024-05-11 02:30:22,-52.40292,4.5512047,-47.056396,41.489082,862.256,-0.00093169615,24347.495946593885,54.0,S_1865
2024-05-11 02:30:23,-52.43988,4.5473213,-47.11235,41.461105,862.2931,0.0005455257,24360.759163030103,54.0,S_1865
2024-05-11 02:30:24,-52.4768,4.543432,-47.168304,41.440125,862.3967,-0.00017512206,24369.139295051027,54.0,S_1865
2024-05-11 02:30:25,-52.51368,4.5395374,-47.224255,41.412148,862.4857,-0.0008957698,24373.143789216494,54.0,S_1865
2024-05-11 02:30:26,-52.55052,4.535637,-47.28021,41.391167,862.5079,-0.0016164175,24372.0495484497,54.0,S_1865
2024-05-11 02:30:27,-52.587322,4.5317287,-47.336163,41.36319,862.4857,-0.0013576486,24373.08668194378,54.0,S_1865
2024-05-11 02:30:28,-52.62409,4.527813,-47.392117,41.342205,862.45416,-0.0010988798,24375.392609566963,54.0,S_1865
2024-05-11 02:30:29,-52.660812,4.5238914,-47.448067,41.31423,862.4579,-0.00084011094,24379.749419595355,54.0,S_1865
2024-05-11 02:30:30,-52.6975,4.519964,-47.50402,41.293247,862.5375,-0.0031964807,24365.906807613712,54.0,S_1865
2024-05-11 02:30:31,-52.734146,4.5160313,-47.566967,41.26527,862.64496,-0.00054998405,24373.22884713318,54.0,S_1865
2024-05-11 02:30:32,-52.770756,4.5120907,-47.62292,41.24429,862.69305,0.0009198634,24388.78913543214,54.0,S_1865
2024-05-11 02:30:33,-52.807323,4.5081444,-47.678875,41.216312,862.6801,0.0023897109,24413.870382290697,54.0,S_1865
2024-05-11 02:30:34,-52.843853,4.5041924,-47.734825,41.19533,862.6468,0.0038595584,24448.728410965814,54.0,S_1865
2024-05-11 02:30:35,-52.880344,4.5002327,-47.79078,41.167355,862.6357,0.004038389,24484.386569127382,54.0,S_1865
2024-05-11 02:30:36,-52.916798,4.4962654,-47.846733,41.14637,862.68384,0.002637415,24513.16851182319,54.0,S_1865
2024-05-11 02:30:37,-52.953213,4.4922943,-47.90968,41.118397,862.79126,0.0035537356,24549.50237561878,54.0,S_1865
2024-05-11 02:30:38,-52.989586,4.4883156,-47.972626,41.097412,862.87274,0.002769312,24578.29184802166,54.0,S_1865
2024-05-11 02:30:39,-53.025925,4.484331,-48.02858,41.069435,862.8783,-0.00080196065,24583.48354477107,54.0,S_1865
2024-05-11 02:30:40,-53.06222,4.480339,-48.077538,41.048454,862.86163,0.0028063129,24610.301890115417,54.0,S_1865
2024-05-11 02:30:41,-53.09848,4.4763412,-48.13349,41.020477,862.86346,0.003022885,24639.426421980086,54.0,S_1865
2024-05-11 02:30:42,-53.134697,4.4723377,-48.189445,40.999496,862.86163,0.003239457,24672.586130817886,54.0,S_1865
2024-05-11 02:30:43,-53.17088,4.4683266,-48.25239,40.97152,862.8505,0.003456029,24706.08887016877,54.0,S_1865
2024-05-11 02:30:44,-53.20702,4.4643097,-48.308346,40.943542,862.87274,0.004089166,24745.139419550873,54.0,S_1865
2024-05-11 02:30:45,-53.243122,4.460285,-48.371292,40.92256,862.9524,0.0042651133,24783.09483931781,54.0,S_1865
2024-05-11 02:30:46,-53.279186,4.456257,-48.427242,40.901577,863.0394,0.00444106,24818.462203661973,54.0,S_1865
2024-05-11 02:30:47,-53.315212,4.452219,-48.476204,40.8736,863.0783,0.0046170074,24856.68965849067,54.0,S_1865
2024-05-11 02:30:48,-53.3512,4.4481773,-48.532154,40.85262,863.0672,0.0039080703,24894.709518094904,54.0,S_1865
2024-05-11 02:30:49,-53.387146,4.444128,-48.595104,40.824642,863.04126,0.0031991329,24928.466461967964,54.0,S_1865
2024-05-11 02:30:50,-53.423054,4.440073,-48.65805,40.80366,863.04315,-0.00015848689,24938.019903247685,54.0,S_1865
2024-05-11 02:30:51,-53.458923,4.4360104,-48.714,40.775684,863.1191,-0.0001011563,24947.145005675935,54.0,S_1865
2024-05-11 02:30:52,-53.494755,4.431942,-48.762962,40.747707,863.22644,-4.3825712e-05,24955.469734973773,54.0,S_1865
2024-05-11 02:30:53,-53.530544,4.427868,-48.818913,40.71973,863.2839,0.0031447262,24987.724547696598,54.0,S_1865
2024-05-11 02:30:54,-53.5663,4.423786,-48.881863,40.69875,863.2783,0.006164532,25038.701683357558,54.0,S_1865
2024-05-11 02:30:55,-53.602013,4.4196987,-48.937813,40.670773,863.2468,0.0026292638,25065.263492671802,54.0,S_1865
2024-05-11 02:30:56,-53.637688,4.4156055,-48.993767,40.649788,863.22833,0.0026821832,25092.316228142554,54.0,S_1865
2024-05-11 02:30:57,-53.673325,4.4115047,-49.04972,40.621815,863.2672,0.0031863225,25122.89320730347,54.0,S_1865
2024-05-11 02:30:58,-53.70892,4.407398,-49.105675,40.593838,863.37274,0.003687635,25159.489976335935,54.0,S_1865
2024-05-11 02:30:59,-53.74448,4.403286,-49.16862,40.56586,863.45795,0.0053431243,25204.532133472814,54.0,S_1865
2024-05-11 02:31:00,-53.78,4.399166,-49.22457,40.544876,863.46906,0.0036963758,25238.211667440548,54.0,S_1865
2024-05-11 02:31:01,-53.8154,4.3950577,-49.280525,40.516903,863.4431,0.0048196623,25278.794333663693,54.0,S_1865
2024-05-11 02:31:02,-53.85076,4.3909435,-49.33648,40.49592,863.4283,0.0046134926,25321.90054975592,54.0,S_1865
2024-05-11 02:31:03,-53.886086,4.3868217,-49.399426,40.46794,863.45795,0.0039644707,25358.647227302525,54.0,S_1865
2024-05-11 02:31:04,-53.921375,4.3826942,-49.45538,40.439964,863.5394,0.0046374258,25398.0494923254,54.0,S_1865
2024-05-11 02:31:05,-53.95663,4.378557,-49.51133,40.418983,863.62463,0.0039102966,25433.1085162364,54.0,S_1865
2024-05-11 02:31:06,-53.991848,4.3744144,-49.567284,40.391006,863.6617,0.003810619,25467.736016497864,54.0,S_1865
2024-05-11 02:31:07,-54.02703,4.370264,-49.623238,40.36303,863.6506,0.004416393,25506.32339336956,54.0,S_1865
2024-05-11 02:31:08,-54.062176,4.366108,-49.67919,40.335052,863.62463,0.0041292403,25542.457057216056,54.0,S_1865
2024-05-11 02:31:09,-54.097286,4.361944,-49.73514,40.31407,863.6265,0.0042811064,25579.92499273996,54.0,S_1865
2024-05-11 02:31:10,-54.13236,4.357773,-49.791096,40.286095,863.7042,0.004443124,25621.978793316925,54.0,S_1865
2024-05-11 02:31:11,-54.167397,4.3535957,-49.854042,40.258118,863.8117,0.0043058256,25660.921353342972,54.0,S_1865
2024-05-11 02:31:12,-54.2024,4.349411,-49.909996,40.23014,863.8617,0.004177783,25697.35429152918,54.0,S_1865
2024-05-11 02:31:13,-54.237366,4.3452187,-49.96595,40.20916,863.84686,0.004049741,25733.28943781346,54.0,S_1865
2024-05-11 02:31:14,-54.272293,4.3410206,-50.0219,40.181183,863.81537,0.003921699,25768.607920252856,54.0,S_1865
2024-05-11 02:31:15,-54.307186,4.336813,-50.077854,40.153206,863.8043,0.0036700089,25802.27661997444,54.0,S_1865
2024-05-11 02:31:16,-54.342045,4.3326015,-50.13381,40.125233,863.8524,0.003418319,25834.29576371001,54.0,S_1865
2024-05-11 02:31:17,-54.376865,4.3283806,-50.189762,40.097256,863.958,0.0036785882,25867.51501170047,54.0,S_1865
2024-05-11 02:31:18,-54.411648,4.324154,-50.245712,40.07627,864.0413,0.00298549,25898.695699685006,54.0,S_1865
2024-05-11 02:31:19,-54.4464,4.3199196,-50.30866,40.048294,864.0524,0.0021027736,25923.199959783895,54.0,S_1865
2024-05-11 02:31:20,-54.48111,4.3156796,-50.364613,40.02032,864.0265,0.0026765259,25950.35451322449,54.0,S_1865
2024-05-11 02:31:21,-54.515785,4.31143,-50.420567,39.992344,864.01166,0.0027647077,25977.712589502233,54.0,S_1865
2024-05-11 02:31:22,-54.550426,4.3071747,-50.47652,39.97136,864.0413,0.0030815199,26007.281725354827,54.0,S_1865
2024-05-11 02:31:23,-54.58503,4.3029137,-50.53247,39.943382,864.1228,0.0033983318,26039.708441253184,54.0,S_1865
2024-05-11 02:31:24,-54.6196,4.298645,-50.588425,39.908413,864.208,0.003715144,26073.363866973814,54.0,S_1865
2024-05-11 02:31:25,-54.654133,4.2943687,-50.64438,39.887432,864.24506,0.002685653,26100.336758955098,54.0,S_1865
2024-05-11 02:31:26,-54.68863,4.290085,-50.700333,39.859455,864.23395,0.0016561619,26120.804783497122,54.0,S_1865
2024-05-11 02:31:27,-54.723087,4.285795,-50.756283,39.83148,864.208,0.0026354005,26149.629296772244,54.0,S_1865
2024-05-11 02:31:28,-54.75751,4.281498,-50.81923,39.8035,864.21173,0.002441731,26176.31566281452,54.0,S_1865
2024-05-11 02:31:29,-54.791897,4.277193,-50.875183,39.775524,864.2876,0.0032733332,26206.904758017707,54.0,S_1865
2024-05-11 02:31:30,-54.82625,4.2728825,-50.931137,39.754543,864.3969,0.0038779385,26241.64343326315,54.0,S_1865
2024-05-11 02:31:31,-54.860565,4.268564,-50.98709,39.726566,864.44507,0.005002473,26287.671783849808,54.0,S_1865
2024-05-11 02:31:32,-54.894844,4.2642384,-51.050037,39.69859,864.43024,0.0040872763,26325.083816081646,54.0,S_1865
2024-05-11 02:31:33,-54.92909,4.259905,-51.10599,39.670612,864.39874,0.0034648217,26354.778912588652,54.0,S_1865
2024-05-11 02:31:34,-54.963295,4.2555656,-51.15495,39.642635,864.3877,0.004443421,26392.317157773978,54.0,S_1865
2024-05-11 02:31:35,-54.997463,4.2512207,-51.2109,39.614662,864.4358,0.0029228914,26423.205437470155,54.0,S_1865
2024-05-11 02:31:36,-55.0316,4.246866,-51.27385,39.586685,864.5414,0.0034977018,26456.750646882843,54.0,S_1865
2024-05-11 02:31:37,-55.065697,4.242506,-51.3298,39.55871,864.62476,0.004400963,26495.09203937309,54.0,S_1865
2024-05-11 02:31:38,-55.099762,4.238138,-51.385754,39.53073,864.6358,0.0038837518,26530.05525538186,54.0,S_1865
2024-05-11 02:31:39,-55.13379,4.2337646,-51.441708,39.502754,864.60986,0.0038296077,26567.519024741465,54.0,S_1865
2024-05-11 02:31:40,-55.167778,4.2293835,-51.504654,39.474777,864.5951,0.004431762,26607.13855473105,54.0,S_1865
2024-05-11 02:31:41,-55.201733,4.2249947,-51.560608,39.4468,864.6266,0.005033916,26649.585822603225,54.0,S_1865
2024-05-11 02:31:42,-55.23565,4.220598,-51.616558,39.418827,864.70996,0.0045188926,26684.68570294855,54.0,S_1865
2024-05-11 02:31:43,-55.26953,4.216196,-51.66552,39.397842,864.7933,0.0048996964,26725.71688176857,54.0,S_1865
2024-05-11 02:31:44,-55.30338,4.2117863,-51.72147,39.362873,864.82477,0.0049765273,26771.71677222314,54.0,S_1865
2024-05-11 02:31:45,-55.33719,4.207369,-51.78442,39.334896,864.8136,0.004257082,26810.171021698818,54.0,S_1865
2024-05-11 02:31:46,-55.37096,4.2029457,-51.84037,39.30692,864.80994,0.0035376363,26842.840992389618,54.0,S_1865
2024-05-11 02:31:47,-55.404697,4.198515,-51.896324,39.278942,864.81177,0.0069966414,26898.0508273736,54.0,S_1865
2024-05-11 02:31:48,-55.4384,4.1940784,-51.95228,39.250965,864.79694,0.005500278,26947.61150443026,54.0,S_1865
2024-05-11 02:31:49,-55.472065,4.1896324,-52.015224,39.222992,864.79694,0.0039372356,26983.962095748484,54.0,S_1865
2024-05-11 02:31:50,-55.505695,4.1851807,-52.07118,39.195015,864.8692,0.0068281586,27038.050954702383,54.0,S_1865
2024-05-11 02:31:51,-55.539288,4.180723,-52.12713,39.167038,864.97845,0.0060051195,27087.713440058444,54.0,S_1865
2024-05-11 02:31:52,-55.572845,4.176256,-52.183083,39.132065,865.0359,0.005182081,27131.29043002581,54.0,S_1865
2024-05-11 02:31:53,-55.606365,4.1717834,-52.239037,39.10409,865.03033,0.004359042,27172.538464155612,54.0,S_1865
2024-05-11 02:31:54,-55.63985,4.167305,-52.301983,39.076115,864.99884,0.0033986908,27202.36804292289,54.0,S_1865
2024-05-11 02:31:55,-55.673298,4.162817,-52.35094,39.05513,864.97845,0.00336811,27233.106775144952,54.0,S_1865
2024-05-11 02:31:56,-55.70671,4.1583233,-52.406895,39.02016,865.01917,0.0031189718,27263.228223164162,54.0,S_1865
2024-05-11 02:31:57,-55.74009,4.153822,-52.46285,38.992184,865.1229,0.00383655,27297.79508095068,54.0,S_1865
2024-05-11 02:31:58,-55.773426,4.149315,-52.5188,38.964207,865.20996,0.0032852888,27331.227941031717,54.0,S_1865
2024-05-11 02:31:59,-55.806732,4.1448,-52.58175,38.93623,865.22107,0.0030685854,27361.874348362802,54.0,S_1865
2024-05-11 02:32:00,-55.84,4.140278,-52.6377,38.908257,865.1933,0.005444939,27410.97180644362,54.0,S_1865
2024-05-11 02:32:01,-55.873478,4.13579,-52.70065,38.88028,865.16736,0.004025123,27447.834187435485,54.0,S_1865
2024-05-11 02:32:02,-55.90691,4.1312943,-52.7566,38.852303,865.1822,0.0057305386,27494.70297689939,54.0,S_1865
2024-05-11 02:32:03,-55.9403,4.126789,-52.812553,38.824326,865.2637,0.0058925445,27539.262286442077,54.0,S_1865
2024-05-11 02:32:04,-55.973644,4.1222763,-52.86151,38.789356,865.37103,0.005865524,27586.1321120681,54.0,S_1865
2024-05-11 02:32:05,-56.006947,4.117754,-52.917465,38.76138,865.41736,0.0049737305,27628.061183045975,54.0,S_1865
2024-05-11 02:32:06,-56.0402,4.113224,-52.97342,38.733402,865.4044,0.0043809847,27666.127364001426,54.0,S_1865
2024-05-11 02:32:07,-56.07341,4.1086845,-53.02937,38.705425,865.37476,0.0040125563,27704.798967305494,54.0,S_1865
2024-05-11 02:32:08,-56.10658,4.1041393,-53.09232,38.67745,865.3785,0.005123876,27748.771894249956,54.0,S_1865
2024-05-11 02:32:09,-56.1397,4.0995827,-53.14827,38.64947,865.45447,0.005360786,27793.99742128312,54.0,S_1865
2024-05-11 02:32:10,-56.17278,4.0950203,-53.204224,38.614502,865.5618,0.0055928985,27840.1448135333,54.0,S_1865
2024-05-11 02:32:11,-56.20581,4.0904484,-53.260178,38.586525,865.61926,0.0053009717,27884.95572998848,54.0,S_1865
2024-05-11 02:32:12,-56.2388,4.085867,-53.316128,38.551556,865.6137,0.0052015237,27928.54650464621,54.0,S_1865
2024-05-11 02:32:13,-56.271744,4.081278,-53.37208,38.52358,865.5822,0.004760258,27969.04422641788,54.0,S_1865
2024-05-11 02:32:14,-56.304646,4.076681,-53.428036,38.4956,865.56366,0.004693273,28009.794844863973,54.0,S_1865
2024-05-11 02:32:15,-56.3375,4.072075,-53.48399,38.460632,865.60254,0.0060990686,28059.20005481036,54.0,S_1865
2024-05-11 02:32:16,-56.37031,4.067461,-53.53994,38.432655,865.7081,0.005429347,28104.029374581707,54.0,S_1865
2024-05-11 02:32:17,-56.40308,4.0628376,-53.595894,38.40468,865.79333,0.0048787785,28149.57528557042,54.0,S_1865
2024-05-11 02:32:18,-56.435802,4.0582066,-53.65884,38.36971,865.80444,0.0055676894,28196.59424475164,54.0,S_1865
2024-05-11 02:32:19,-56.46848,4.053568,-53.714794,38.341732,865.7785,0.0062566004,28246.78043032561,54.0,S_1865
2024-05-11 02:32:20,-56.50111,4.0489197,-53.77075,38.313755,865.7637,0.005817066,28294.949384718817,54.0,S_1865
2024-05-11 02:32:21,-56.5337,4.044264,-53.8267,38.278786,865.79333,0.0049964786,28337.156909719415,54.0,S_1865
2024-05-11 02:32:22,-56.566246,4.0395985,-53.882652,38.25081,865.8767,0.0045128237,28375.99943221963,54.0,S_1865
2024-05-11 02:32:23,-56.598743,4.0349255,-53.938606,38.22283,865.96185,0.005243704,28420.340216605066,54.0,S_1865
2024-05-11 02:32:24,-56.6312,4.030245,-53.99456,38.187862,865.9915,0.0044678007,28459.097072662225,54.0,S_1865
2024-05-11 02:32:25,-56.663612,4.0255547,-54.05051,38.159885,865.98224,0.004972225,28500.906148612343,54.0,S_1865
2024-05-11 02:32:26,-56.69598,4.020857,-54.106464,38.13191,865.9767,0.0050229235,28547.45397998304,54.0,S_1865
2024-05-11 02:32:27,-56.728302,4.0161495,-54.16941,38.09694,865.98035,0.005073622,28591.209675815247,54.0,S_1865
2024-05-11 02:32:28,-56.76058,4.0114346,-54.225365,38.068962,865.96924,0.004329254,28628.829062921315,54.0,S_1865
2024-05-11 02:32:29,-56.792812,4.006712,-54.28132,38.040985,865.9674,0.004983136,28671.393381714744,54.0,S_1865
2024-05-11 02:32:30,-56.825,4.00198,-54.33727,38.006016,866.023,0.0030298994,28700.78845016399,54.0,S_1865
2024-05-11 02:32:31,-56.857143,3.99724,-54.393223,37.97804,866.1138,0.0044111847,28739.54839122946,54.0,S_1865
2024-05-11 02:32:32,-56.889244,3.9924908,-54.449177,37.943066,866.18036,0.0036253377,28772.796952236476,54.0,S_1865
2024-05-11 02:32:33,-56.9213,3.9877338,-54.505127,37.915092,866.1915,0.0028394905,28801.12520770335,54.0,S_1865
2024-05-11 02:32:34,-56.953312,3.9829674,-54.56108,37.88012,866.1674,0.0020536436,28824.170842554795,54.0,S_1865
2024-05-11 02:32:35,-56.98528,3.9781933,-54.617035,37.852142,866.1489,0.003923447,28859.671435463406,54.0,S_1865
2024-05-11 02:32:36,-57.0172,3.9734116,-54.67299,37.817173,866.1859,0.0048802104,28904.705894606486,54.0,S_1865
2024-05-11 02:32:37,-57.04908,3.9686203,-54.735935,37.789196,866.2915,0.005836974,28953.94646739766,54.0,S_1865
2024-05-11 02:32:38,-57.080914,3.9638214,-54.79189,37.754227,866.37854,0.004218901,28991.0145293675,54.0,S_1865
2024-05-11 02:32:39,-57.1127,3.959015,-54.84784,37.72625,866.3897,0.002439576,29016.66250664899,54.0,S_1865
2024-05-11 02:32:40,-57.144444,3.9541988,-54.903793,37.69128,866.36005,0.005002435,29058.801458262125,54.0,S_1865
2024-05-11 02:32:41,-57.176144,3.9493732,-54.959747,37.663303,866.3341,0.005092358,29101.999419800504,54.0,S_1865
2024-05-11 02:32:42,-57.2078,3.94454,-55.015697,37.628334,866.34894,0.0040023183,29138.19409628227,54.0,S_1865
2024-05-11 02:32:43,-57.23941,3.9396992,-55.07165,37.59336,866.43225,0.0029500895,29167.41911238691,54.0,S_1865
2024-05-11 02:32:44,-57.270977,3.9348507,-55.127605,37.55839,866.53784,0.002730016,29194.80942822394,54.0,S_1865
2024-05-11 02:32:45,-57.3025,3.9299927,-55.18356,37.530415,866.5841,0.0025099423,29220.5512451462,54.0,S_1865
2024-05-11 02:32:46,-57.333977,3.9251251,-55.23951,37.502438,866.57117,0.003668003,29251.62300094065,54.0,S_1865
2024-05-11 02:32:47,-57.365414,3.92025,-55.28847,37.46747,866.5452,0.001875042,29272.639984285546,54.0,S_1865
2024-05-11 02:32:48,-57.3968,3.9153671,-55.34442,37.432495,866.54895,0.0024765092,29298.37091025882,54.0,S_1865
2024-05-11 02:32:49,-57.428146,3.9104748,-55.400375,37.404522,866.61005,0.0030779762,29328.192379150965,54.0,S_1865
2024-05-11 02:32:50,-57.459446,3.9055748,-55.45633,37.36955,866.7008,0.0032829964,29362.004379405556,54.0,S_1865
2024-05-11 02:32:51,-57.4907,3.9006672,-55.519276,37.33458,866.76373,0.003067432,29394.93150306011,54.0,S_1865
2024-05-11 02:32:52,-57.52191,3.89575,-55.582222,37.306602,866.7675,0.003271695,29427.089393583825,54.0,S_1865
2024-05-11 02:32:53,-57.553078,3.8908253,-55.638176,37.271633,866.75635,0.00320554,29457.94684605589,54.0,S_1865
2024-05-11 02:32:54,-57.5842,3.885891,-55.69413,37.23666,866.75824,0.0029081095,29486.832126097783,54.0,S_1865
2024-05-11 02:32:55,-57.61528,3.880949,-55.75008,37.20169,866.7545,0.002969525,29515.724466088217,54.0,S_1865
2024-05-11 02:32:56,-57.646313,3.8759975,-55.806034,37.173714,866.73785,0.0030309404,29542.9847759143,54.0,S_1865
2024-05-11 02:32:57,-57.6773,3.8710384,-55.854992,37.138744,866.7693,0.003092356,29571.998568588147,54.0,S_1865
2024-05-11 02:32:58,-57.708244,3.8660717,-55.910946,37.103775,866.8712,0.0035339934,29604.531536211365,54.0,S_1865
2024-05-11 02:32:59,-57.739143,3.8610954,-55.9669,37.075798,866.9638,0.00307493,29634.27526709454,54.0,S_1865
2024-05-11 02:33:00,-57.77,3.8561115,-56.02285,37.040825,866.986,0.0011793962,29652.589994818743,54.0,S_1865
2024-05-11 02:33:01,-57.80081,3.8511238,-56.0858,37.005856,866.9619,-0.0007161377,29659.112923210483,54.0,S_1865
2024-05-11 02:33:02,-57.831577,3.8461266,-56.134758,36.970886,866.9304,-0.0026116716,29650.458166294167,54.0,S_1865
2024-05-11 02:33:03,-57.8623,3.8411217,-56.190712,36.935913,866.936,-0.0025469016,29641.418835065957,54.0,S_1865
2024-05-11 02:33:04,-57.89298,3.8361073,-56.25366,36.900944,867.0138,-0.0024821316,29635.762449781476,54.0,S_1865
2024-05-11 02:33:05,-57.92361,3.8310852,-56.30961,36.865974,867.1212,-0.0014687038,29634.80036248982,54.0,S_1865
2024-05-11 02:33:06,-57.9542,3.8260536,-56.37256,36.837997,867.1694,-0.0016734927,29635.482434411566,54.0,S_1865
2024-05-11 02:33:07,-57.984745,3.8210144,-56.421516,36.80303,867.15454,-0.0018782817,29631.66446490539,54.0,S_1865
2024-05-11 02:33:08,-58.015244,3.8159676,-56.47747,36.768055,867.1305,-0.0020830706,29627.567096454855,54.0,S_1865
2024-05-11 02:33:09,-58.0457,3.8109112,-56.53342,36.733086,867.1342,-0.0017858058,29625.42706995098,54.0,S_1865
2024-05-11 02:33:10,-58.07611,3.8058453,-56.589375,36.698116,867.1934,-0.0014885411,29625.245807137246,54.0,S_1865
2024-05-11 02:33:11,-58.106476,3.8007717,-56.64533,36.663143,867.2823,-0.0011912764,29627.17395406498,54.0,S_1865
2024-05-11 02:33:12,-58.1368,3.7956886,-56.70128,36.635166,867.349,-0.0005844957,29632.73146427582,54.0,S_1865
2024-05-11 02:33:13,-58.167076,3.790598,-56.757233,36.600197,867.3583,2.228492e-05,29642.50325093349,54.0,S_1865
2024-05-11 02:33:14,-58.19731,3.7854996,-56.813187,36.55823,867.33606,-0.00016012148,29651.282241395515,54.0,S_1865
2024-05-11 02:33:15,-58.2275,3.7803898,-56.86914,36.523262,867.3175,-0.00034252787,29658.642351001523,54.0,S_1865
2024-05-11 02:33:16,-58.257645,3.7752743,-56.92509,36.488293,867.35455,-0.00052493426,29664.467609511452,54.0,S_1865
2024-05-11 02:33:17,-58.287743,3.7701492,-56.98804,36.460316,867.45825,-0.000508118,29671.58534941537,54.0,S_1865
2024-05-11 02:33:18,-58.3178,3.7650146,-57.04399,36.425346,867.5453,-0.00049130176,29677.957678744766,54.0,S_1865
2024-05-11 02:33:19,-58.34781,3.7598724,-57.099945,36.390373,867.5601,9.7874785e-05,29688.13471365693,54.0,S_1865
2024-05-11 02:33:20,-58.377777,3.7547226,-57.148903,36.355404,867.53973,0.00068705133,29701.191499062545,54.0,S_1865
2024-05-11 02:33:21,-58.4077,3.7495632,-57.204857,36.320435,867.5342,0.00045175367,29714.0982694533,54.0,S_1865
2024-05-11 02:33:22,-58.437576,3.7443943,-57.267803,36.28546,867.53796,0.00021645601,29726.215615590965,54.0,S_1865
2024-05-11 02:33:23,-58.46741,3.7392178,-57.323757,36.243496,867.52313,0.0004238491,29738.810797872666,54.0,S_1865
2024-05-11 02:33:24,-58.4972,3.7340336,-57.37971,36.208527,867.52124,0.0015923814,29758.873586368572,54.0,S_1865
2024-05-11 02:33:25,-58.526943,3.7288399,-57.43566,36.173557,867.59534,0.00091589557,29774.483315953832,54.0,S_1865
2024-05-11 02:33:26,-58.556644,3.7236366,-57.491615,36.138584,867.70465,-0.00039007107,29781.788768096278,54.0,S_1865
2024-05-11 02:33:27,-58.5863,3.7184258,-57.540573,36.103615,867.75464,-0.001628221,29779.60111886419,54.0,S_1865
2024-05-11 02:33:28,-58.61591,3.7132072,-57.596527,36.068645,867.7398,-0.002391698,29773.457851344217,54.0,S_1865
2024-05-11 02:33:29,-58.645477,3.7079792,-57.65248,36.033676,867.7083,-0.0016218597,29770.958690648466,54.0,S_1865
2024-05-11 02:33:30,-58.675,3.7027435,-57.715427,35.99171,867.6972,-0.0008520215,29776.208546949798,54.0,S_1865
2024-05-11 02:33:31,-58.704475,3.6974983,-57.77138,35.956738,867.7453,-8.2183185e-05,29785.238075975627,54.0,S_1865
2024-05-11 02:33:32,-58.73391,3.6922436,-57.82733,35.92177,867.8509,0.0006876551,29798.81695959577,54.0,S_1865
2024-05-11 02:33:33,-58.763298,3.6869812,-57.876293,35.8868,867.93427,0.0014574934,29816.892048194768,54.0,S_1865
2024-05-11 02:33:34,-58.79264,3.6817112,-57.932243,35.851826,867.9454,0.0009628908,29832.7763199077,54.0,S_1865
2024-05-11 02:33:35,-58.82194,3.6764317,-57.988197,35.816856,867.91943,0.0024927375,29860.874093994607,54.0,S_1865
2024-05-11 02:33:36,-58.851196,3.6711445,-58.051144,35.77489,867.9046,0.0014970227,29881.5315893358,54.0,S_1865
2024-05-11 02:33:37,-58.88041,3.6658478,-58.107098,35.73992,867.93427,0.0013586062,29900.19307948781,54.0,S_1865
2024-05-11 02:33:38,-58.909576,3.6605434,-58.16305,35.697956,868.0176,0.002650044,29925.40105822635,54.0,S_1865
2024-05-11 02:33:39,-58.938698,3.6552296,-58.21201,35.662987,868.1027,0.003136094,29956.800529223066,54.0,S_1865
2024-05-11 02:33:40,-58.967777,3.6499062,-58.274956,35.628017,868.13245,0.0032220092,29988.54484089412,54.0,S_1865
2024-05-11 02:33:41,-58.996807,3.644577,-58.33091,35.593044,868.1231,0.0017879598,30011.368778251806,54.0,S_1865
2024-05-11 02:33:42,-59.0258,3.6392365,-58.393856,35.55108,868.11945,0.00035391058,30024.237399934813,54.0,S_1865
2024-05-11 02:33:43,-59.05474,3.6338902,-58.442814,35.51611,868.12134,-0.0010801387,30025.477095263217,54.0,S_1865
2024-05-11 02:33:44,-59.08364,3.6285324,-58.498768,35.474144,868.1065,-0.0024716384,30019.01038816369,54.0,S_1865
2024-05-11 02:33:45,-59.1125,3.623167,-58.55472,35.439175,868.1065,-0.00061797525,30024.485208550806,54.0,S_1865
2024-05-11 02:33:46,-59.141308,3.617794,-58.610672,35.404205,868.1787,-0.0027405352,30016.040890643333,54.0,S_1865
2024-05-11 02:33:47,-59.170074,3.6124115,-58.666626,35.369232,868.288,-0.004863095,29993.019233266325,54.0,S_1865
2024-05-11 02:33:48,-59.1988,3.6070213,-58.72258,35.32727,868.3454,-0.0017552411,29991.00526987049,54.0,S_1865
2024-05-11 02:33:49,-59.227474,3.6016216,-58.778534,35.285305,868.3398,-0.0012408615,29992.600184672196,54.0,S_1865
2024-05-11 02:33:50,-59.256107,3.5962143,-58.834484,35.25033,868.3065,-0.0024327151,29985.841618598184,54.0,S_1865
2024-05-11 02:33:51,-59.2847,3.5907993,-58.890438,35.20837,868.288,-0.0036903522,29971.384191913443,54.0,S_1865
2024-05-11 02:33:52,-59.31324,3.585373,-58.946392,35.173397,868.32874,-0.00015593693,29979.846477500163,54.0,S_1865
2024-05-11 02:33:53,-59.341743,3.5799408,-59.002342,35.131435,868.4343,-0.0070799235,29948.403408758204,54.0,S_1865
2024-05-11 02:33:54,-59.370197,3.5744972,-59.051304,35.096462,868.51764,-0.007011801,29909.994251791162,54.0,S_1865
2024-05-11 02:33:55,-59.39861,3.569048,-59.107254,35.054497,868.5232,-0.0069436785,29874.235777927894,54.0,S_1865
2024-05-11 02:33:56,-59.426975,3.563589,-59.163208,35.019527,868.5065,-0.006875556,29837.80124484034,54.0,S_1865
2024-05-11 02:33:57,-59.455296,3.5581207,-59.219162,34.977562,868.50836,-0.006121591,29802.13630419825,54.0,S_1865
2024-05-11 02:33:58,-59.483574,3.5526447,-59.28211,34.9356,868.5121,-0.00854099,29756.987426544958,54.0,S_1865
2024-05-11 02:33:59,-59.511806,3.5471592,-59.338062,34.900627,868.49536,-0.006138725,29729.91879420165,54.0,S_1865
2024-05-11 02:34:00,-59.539997,3.541666,-59.38702,34.85866,868.4936,-0.0037364608,29714.10806862677,54.0,S_1865
2024-05-11 02:34:01,-59.568222,3.5362034,-59.442974,34.823692,868.5695,-0.0028402167,29704.632270391885,54.0,S_1865
2024-05-11 02:34:02,-59.5964,3.5307293,-59.498924,34.781727,868.6788,-0.0021085604,29700.52279551961,54.0,S_1865
2024-05-11 02:34:03,-59.624535,3.5252457,-59.55488,34.746758,868.72687,-0.00057343184,29706.1668298733,54.0,S_1865
2024-05-11 02:34:04,-59.65262,3.5197544,-59.610832,34.704792,868.71204,0.00017146027,29716.98664493857,54.0,S_1865
2024-05-11 02:34:05,-59.680656,3.5142517,-59.666786,34.662827,868.6861,0.0018477461,29740.12010953211,54.0,S_1865
2024-05-11 02:34:06,-59.70865,3.5087376,-59.729733,34.627857,868.6899,-0.00032640877,29748.45349617207,54.0,S_1865
2024-05-11 02:34:07,-59.73659,3.5032158,-59.785686,34.58589,868.751,-0.0025005636,29743.261123543078,54.0,S_1865
2024-05-11 02:34:08,-59.764484,3.4976826,-59.834644,34.543926,868.84174,-0.0021781635,29737.359226161338,54.0,S_1865
2024-05-11 02:34:09,-59.792336,3.4921417,-59.8906,34.501965,868.90466,-0.0022280933,29732.17523377238,54.0,S_1865
2024-05-11 02:34:10,-59.820137,3.4865894,-59.94655,34.46,868.9084,-0.0022780232,29726.656773548195,54.0,S_1865
2024-05-11 02:34:11,-59.84789,3.4810276,-60.002502,34.418034,868.89734,-0.002327953,29722.8222170274,54.0,S_1865
2024-05-11 02:34:12,-59.8756,3.4754543,-60.05146,34.383064,868.8991,-0.0034730998,29708.087127322262,54.0,S_1865
2024-05-11 02:34:13,-59.903255,3.4698734,-60.107414,34.3411,868.89545,-0.0045987675,29683.73996444201,54.0,S_1865
2024-05-11 02:34:14,-59.93087,3.464281,-60.17036,34.299133,868.8787,-0.0025392403,29675.66324633511,54.0,S_1865
2024-05-11 02:34:15,-59.958435,3.4586792,-60.233307,34.257168,868.9103,-0.0014014997,29677.022629734147,54.0,S_1865
2024-05-11 02:34:16,-59.985954,3.4530678,-60.28926,34.215206,869.0139,-0.0008222215,29681.782056266893,54.0,S_1865
2024-05-11 02:34:17,-60.013424,3.4474468,-60.33822,34.17324,869.1029,-0.00024294325,29688.779878487472,54.0,S_1865
2024-05-11 02:34:18,-60.040848,3.4418163,-60.394173,34.138268,869.1177,0.00033633498,29700.190393945362,54.0,S_1865
2024-05-11 02:34:19,-60.068222,3.4361744,-60.44313,34.096306,869.0973,-0.002270854,29693.343727180178,54.0,S_1865
2024-05-11 02:34:20,-60.095554,3.4305248,-60.499084,34.047344,869.0899,-0.0019843047,29689.982622629792,54.0,S_1865
2024-05-11 02:34:21,-60.122833,3.4248638,-60.55504,34.005383,869.0936,-0.0016977552,29688.31592103186,54.0,S_1865
2024-05-11 02:34:22,-60.15007,3.4191933,-60.61099,33.963417,869.0806,-0.0014112057,29687.51150630287,54.0,S_1865
2024-05-11 02:34:23,-60.177258,3.4135113,-60.67394,33.92145,869.07874,-0.00079652027,29692.873672579306,54.0,S_1865
2024-05-11 02:34:24,-60.204395,3.4078217,-60.72989,33.879486,869.151,-0.00078403077,29697.270603034573,54.0,S_1865
2024-05-11 02:34:25,-60.23149,3.4021206,-60.785843,33.837524,869.26025,-0.00039690826,29704.236086102595,54.0,S_1865
2024-05-11 02:34:26,-60.258537,3.396412,-60.841797,33.79556,869.3177,-9.7857555e-06,29713.775869737372,54.0,S_1865
2024-05-11 02:34:27,-60.285534,3.3906918,-60.890755,33.753593,869.31213,0.0018377558,29734.526560802882,54.0,S_1865
2024-05-11 02:34:28,-60.312485,3.3849602,-60.94671,33.711628,869.28064,0.0022491254,29757.410752560325,54.0,S_1865
2024-05-11 02:34:29,-60.33939,3.379221,-60.995667,33.669662,869.26025,0.0042411657,29797.224810862306,54.0,S_1865
2024-05-11 02:34:30,-60.36625,3.3734722,-61.058613,33.6277,869.301,0.0018763029,29820.297296110373,54.0,S_1865
2024-05-11 02:34:31,-60.39306,3.367712,-61.114567,33.585735,869.40656,0.0022832202,29846.98815728099,54.0,S_1865
2024-05-11 02:34:32,-60.41982,3.3619423,-61.177513,33.536777,869.49176,-0.00014682885,29856.838358981793,54.0,S_1865
2024-05-11 02:34:33,-60.446533,3.356163,-61.233467,33.494812,869.4973,0.00051269657,29869.43599025873,54.0,S_1865
2024-05-11 02:34:34,-60.4732,3.3503742,-61.282425,33.452847,869.4807,0.00087403075,29883.876542909664,54.0,S_1865
2024-05-11 02:34:35,-60.499825,3.344574,-61.33838,33.40389,869.4825,-6.460643e-05,29893.220234321405,54.0,S_1865
2024-05-11 02:34:36,-60.526398,3.338766,-61.39433,33.361923,869.4788,-0.0010032436,29896.13170212913,54.0,S_1865
2024-05-11 02:34:37,-60.552925,3.3329468,-61.450283,33.319958,869.45844,-0.0043385583,29880.102523284768,54.0,S_1865
2024-05-11 02:34:38,-60.579403,3.327118,-61.49924,33.277992,869.4659,-0.007673873,29836.7520302769,54.0,S_1865
2024-05-11 02:34:39,-60.605835,3.3212795,-61.555195,33.229034,869.5455,-0.00505673,29813.019087397355,54.0,S_1865
2024-05-11 02:34:40,-60.63222,3.3154316,-61.61115,33.18707,869.6529,-0.0026950163,29804.358969559657,54.0,S_1865
2024-05-11 02:34:41,-60.658558,3.3095722,-61.667103,33.13811,869.6955,-0.003589367,29792.960682560173,54.0,S_1865
2024-05-11 02:34:42,-60.68485,3.3037052,-61.71606,33.096146,869.68066,-0.004483718,29771.18791738635,54.0,S_1865
2024-05-11 02:34:43,-60.71109,3.2978268,-61.772015,33.047188,869.6751,-0.0019444043,29768.061931807308,54.0,S_1865
2024-05-11 02:34:44,-60.737286,3.2919388,-61.827965,33.005222,869.67883,-0.0032119872,29756.338921758757,54.0,S_1865
2024-05-11 02:34:45,-60.763435,3.2860413,-61.88392,32.963257,869.6622,-0.0064672125,29722.23306350251,54.0,S_1865
2024-05-11 02:34:46,-60.789536,3.2801342,-61.939873,32.9143,869.6492,-0.0067357547,29681.63708059123,54.0,S_1865
2024-05-11 02:34:47,-60.81559,3.2742157,-62.00282,32.86534,869.68994,-0.0070042964,29651.19138871293,54.0,S_1865
2024-05-11 02:34:48,-60.8416,3.2682877,-62.051777,32.823376,869.79736,-0.0072728386,29611.587899558333,54.0,S_1865
2024-05-11 02:34:49,-60.867558,3.26235,-62.10773,32.78141,869.8807,-0.0059047067,29581.302052773794,54.0,S_1865
2024-05-11 02:34:50,-60.89347,3.256403,-62.163685,32.732452,869.8862,-0.0045365747,29560.449037119823,54.0,S_1865
2024-05-11 02:34:51,-60.919334,3.2504463,-62.219635,32.683495,869.86957,-0.0031684428,29549.22106978415,54.0,S_1865
2024-05-11 02:34:52,-60.945152,3.2444801,-62.27559,32.64153,869.86957,-0.0031579693,29537.451130645808,54.0,S_1865
2024-05-11 02:34:53,-60.970924,3.2385025,-62.331543,32.59257,869.86957,-0.0010962136,29540.553804531548,54.0,S_1865
2024-05-11 02:34:54,-60.996647,3.2325153,-62.3805,32.54361,869.8566,-0.0010842908,29542.057292914218,54.0,S_1865
2024-05-11 02:34:55,-61.022324,3.2265186,-62.436455,32.501648,869.8807,0.0010833391,29559.621102921043,54.0,S_1865
2024-05-11 02:34:56,-61.047955,3.2205124,-62.4994,32.452686,869.9603,0.0010988355,29577.591378009794,54.0,S_1865
2024-05-11 02:34:57,-61.073536,3.2144966,-62.555355,32.410725,870.04736,0.0015183606,29597.279106010476,54.0,S_1865
2024-05-11 02:34:58,-61.09907,3.2084694,-62.611305,32.361763,870.0844,-0.006227104,29565.085550274445,54.0,S_1865
2024-05-11 02:34:59,-61.124557,3.2024345,-62.66726,32.312805,870.0733,-0.0082181925,29525.40202765873,54.0,S_1865
2024-05-11 02:35:00,-61.149998,3.1963882,-62.716217,32.263847,870.04736,-0.01310168,29445.989144862357,54.0,S_1865
2024-05-11 02:35:01,-61.175392,3.1903896,-62.77217,32.21489,870.0511,-0.011197232,29380.41883332097,54.0,S_1865
2024-05-11 02:35:02,-61.200737,3.1843777,-62.828125,32.165928,870.127,-0.009292783,29328.8089458792,54.0,S_1865
2024-05-11 02:35:03,-61.226036,3.1783562,-62.88408,32.123966,870.23627,-0.0062225666,29296.47355706104,54.0,S_1865
2024-05-11 02:35:04,-61.251286,3.1723213,-62.94003,32.075005,870.2863,-0.005355381,29274.012223100934,54.0,S_1865
2024-05-11 02:35:05,-61.276493,3.166275,-62.988987,32.026047,870.277,-0.0008261457,29277.08810907785,54.0,S_1865
2024-05-11 02:35:06,-61.301647,3.1602173,-63.04494,31.977089,870.2585,-0.0005786205,29282.84886482664,54.0,S_1865
2024-05-11 02:35:07,-61.32676,3.154148,-63.100895,31.92813,870.2622,-0.0028947468,29275.146114908915,54.0,S_1865
2024-05-11 02:35:08,-61.35182,3.1480656,-63.149853,31.879171,870.25665,-0.002486357,29267.078575952957,54.0,S_1865
2024-05-11 02:35:09,-61.376835,3.1419735,-63.205807,31.830212,870.24,-0.0056571965,29238.77328355766,54.0,S_1865
2024-05-11 02:35:10,-61.401806,3.135868,-63.26176,31.781254,870.2733,-0.0004121411,29245.63664957003,54.0,S_1865
2024-05-11 02:35:11,-61.426723,3.1297512,-63.31771,31.732294,870.37885,6.299402e-05,29255.680118121458,54.0,S_1865
2024-05-11 02:35:12,-61.4516,3.123621,-63.373665,31.683336,870.46405,-0.0011816199,29257.37957676124,54.0,S_1865
2024-05-11 02:35:13,-61.476425,3.1174812,-63.42962,31.634377,870.4715,-0.002194521,29251.99583784327,54.0,S_1865
2024-05-11 02:35:14,-61.501205,3.1113281,-63.48557,31.578424,870.45294,-0.00363203,29237.48273370074,54.0,S_1865
2024-05-11 02:35:15,-61.525936,3.1051655,-63.541523,31.529465,870.45483,-0.005069539,29213.14227461195,54.0,S_1865
2024-05-11 02:35:16,-61.55062,3.0989895,-63.597477,31.480507,870.4585,-0.005059414,29188.87330797969,54.0,S_1865
2024-05-11 02:35:17,-61.57526,3.0928001,-63.65343,31.431547,870.4419,-0.00033976976,29196.1937435546,54.0,S_1865
2024-05-11 02:35:18,-61.59985,3.0866013,-63.70938,31.38259,870.44,0.0037508379,29230.878073396805,54.0,S_1865
2024-05-11 02:35:19,-61.624393,3.080389,-63.765335,31.33363,870.5178,0.0078414455,29288.419953102682,54.0,S_1865
2024-05-11 02:35:20,-61.648888,3.0741673,-63.814293,31.277678,870.6252,0.007858867,29350.774897000352,54.0,S_1865
2024-05-11 02:35:21,-61.673336,3.0679321,-63.870247,31.221724,870.6696,0.007334545,29409.591615696794,54.0,S_1865
2024-05-11 02:35:22,-61.69774,3.0616837,-63.9262,31.172766,870.6548,0.007998481,29472.62535509384,54.0,S_1865
2024-05-11 02:35:23,-61.72209,3.0554256,-63.982155,31.123806,870.64746,0.0086624175,29540.077479611133,54.0,S_1865
2024-05-11 02:35:24,-61.7464,3.0491562,-64.03811,31.074848,870.6511,0.009326354,29611.93883542135,54.0,S_1865
2024-05-11 02:35:25,-61.77066,3.0428734,-64.094055,31.025888,870.6363,0.0076524066,29668.192438398008,54.0,S_1865
2024-05-11 02:35:26,-61.794872,3.0365791,-64.14302,30.969936,870.62335,0.0074165007,29727.40648980521,54.0,S_1865
2024-05-11 02:35:27,-61.81904,3.0302734,-64.19897,30.913982,870.66406,0.0071805953,29779.912229458012,54.0,S_1865
2024-05-11 02:35:28,-61.843155,3.0239563,-64.24793,30.865025,870.76965,0.0066294763,29833.53189242827,54.0,S_1865
2024-05-11 02:35:29,-61.867226,3.0176258,-64.30388,30.80907,870.853,0.006078357,29883.832125173773,54.0,S_1865
2024-05-11 02:35:30,-61.89125,3.0112839,-64.35983,30.760113,870.8586,0.007423676,29943.832191311667,54.0,S_1865
2024-05-11 02:35:31,-61.915226,3.0049324,-64.41579,30.704159,870.84186,0.0066730455,29998.913005197046,54.0,S_1865
2024-05-11 02:35:32,-61.939156,2.9985657,-64.47174,30.648207,870.8456,0.0059224153,30048.129307554635,54.0,S_1865
2024-05-11 02:35:33,-61.963036,2.9921894,-64.527695,30.599247,870.84186,0.005171785,30089.107819582823,54.0,S_1865
2024-05-11 02:35:34,-61.986874,2.9858017,-64.57665,30.543295,870.8197,0.0044211545,30127.2780161303,54.0,S_1865
2024-05-11 02:35:35,-62.01066,2.9794006,-64.63261,30.494337,870.8271,0.0033379842,30157.077152339756,54.0,S_1865
2024-05-11 02:35:36,-62.0344,2.9729881,-64.681564,30.438383,870.90857,0.0022816514,30181.25568082014,54.0,S_1865
2024-05-11 02:35:37,-62.058094,2.9665642,-64.73752,30.382431,871.016,0.0041057644,30218.80984509068,54.0,S_1865
2024-05-11 02:35:38,-62.081738,2.9601288,-64.79347,30.326477,871.05853,0.0037510302,30253.944329559712,54.0,S_1865
2024-05-11 02:35:39,-62.10534,2.953682,-64.84943,30.270525,871.04565,0.0019200416,30276.415447522446,54.0,S_1865
2024-05-11 02:35:40,-62.128887,2.9472218,-64.90537,30.221565,871.03265,8.905318e-05,30286.501929235572,54.0,S_1865
2024-05-11 02:35:41,-62.152393,2.9407501,-64.96133,30.165613,871.0363,-0.000116533134,30295.393318369286,54.0,S_1865
2024-05-11 02:35:42,-62.17585,2.934269,-65.01728,30.10966,871.04376,-0.00069571775,30300.356842935824,54.0,S_1865
2024-05-11 02:35:43,-62.19926,2.9277725,-65.073235,30.053707,871.04376,-0.0012749024,30302.301406582814,54.0,S_1865
2024-05-11 02:35:44,-62.222622,2.9212666,-65.12219,29.997753,871.0234,-0.0009865464,30304.281936039457,54.0,S_1865
2024-05-11 02:35:45,-62.245937,2.9147491,-65.17815,29.941801,871.01044,-0.00069819036,30309.71430039423,54.0,S_1865
2024-05-11 02:35:46,-62.269207,2.9082184,-65.227104,29.885849,871.053,-0.00040983438,30315.59123476662,54.0,S_1865
2024-05-11 02:35:47,-62.292427,2.9016762,-65.28306,29.829895,871.16046,-0.00012147836,30324.41977681184,54.0,S_1865
2024-05-11 02:35:48,-62.3156,2.8951225,-65.33901,29.773943,871.24194,0.00016687764,30335.192692885987,54.0,S_1865
2024-05-11 02:35:49,-62.338726,2.8885574,-65.394966,29.717989,871.2475,0.0015350484,30355.40891557056,54.0,S_1865
2024-05-11 02:35:50,-62.361805,2.881979,-65.45092,29.655043,871.2326,0.002903219,30384.85828289526,54.0,S_1865
2024-05-11 02:35:51,-62.38484,2.875389,-65.50687,29.599089,871.2345,0.00427139,30420.29485631711,54.0,S_1865
2024-05-11 02:35:52,-62.40782,2.8687897,-65.55583,29.543137,871.23083,0.004782438,30461.20866219278,54.0,S_1865
2024-05-11 02:35:53,-62.43076,2.862177,-65.61178,29.487185,871.21045,0.0052934852,30502.78766843545,54.0,S_1865
2024-05-11 02:35:54,-62.45365,2.8555508,-65.66074,29.43123,871.21783,0.005804533,30551.319414362024,54.0,S_1865
2024-05-11 02:35:55,-62.476494,2.848915,-65.71669,29.368284,871.2975,0.0071215383,30609.175573509852,54.0,S_1865
2024-05-11 02:35:56,-62.49929,2.842266,-65.772644,29.31233,871.40485,0.006960479,30665.72516302429,54.0,S_1865
2024-05-11 02:35:57,-62.522038,2.8356075,-65.8286,29.256378,871.4475,0.0075748246,30726.397404939446,54.0,S_1865
2024-05-11 02:35:58,-62.54474,2.8289356,-65.88455,29.200424,871.4327,0.00818917,30792.228422555134,54.0,S_1865
2024-05-11 02:35:59,-62.567394,2.8222504,-65.940506,29.137478,871.42523,0.004205403,30827.938313521314,54.0,S_1865
2024-05-11 02:36:00,-62.59,2.8155556,-65.98946,29.074532,871.42896,0.0039734985,30863.48961137091,54.0,S_1865
2024-05-11 02:36:01,-62.613297,2.8088226,-66.04542,29.018578,871.4197,0.008095104,30928.59819984982,54.0,S_1865
2024-05-11 02:36:02,-62.63652,2.8020802,-66.10137,28.955631,871.41785,0.0036581554,30962.996009863564,54.0,S_1865
2024-05-11 02:36:03,-62.659676,2.7953262,-66.157326,28.899677,871.47345,0.004120752,30997.91559492197,54.0,S_1865
2024-05-11 02:36:04,-62.682755,2.7885609,-66.20628,28.836731,871.566,0.0025917052,31024.116633837803,54.0,S_1865
2024-05-11 02:36:05,-62.705765,2.781784,-66.26224,28.780779,871.6308,0.0058468133,31073.716405344632,54.0,S_1865
2024-05-11 02:36:06,-62.7287,2.7749977,-66.318184,28.71783,871.6346,0.007022361,31131.548336948188,54.0,S_1865
2024-05-11 02:36:07,-62.751564,2.768198,-66.37414,28.654884,871.61975,0.0058407458,31176.36543681851,54.0,S_1865
2024-05-11 02:36:08,-62.774357,2.7613907,-66.423096,28.59893,871.61786,0.0061256494,31222.523074874403,54.0,S_1865
2024-05-11 02:36:09,-62.797073,2.75457,-66.47206,28.535984,871.6234,0.005506322,31265.055385257576,54.0,S_1865
2024-05-11 02:36:10,-62.81972,2.7477398,-66.52102,28.473038,871.62714,0.0049493094,31311.185986950273,54.0,S_1865
2024-05-11 02:36:11,-62.842297,2.7408962,-66.58396,28.41009,871.61975,0.006148375,31359.592914479566,54.0,S_1865
2024-05-11 02:36:12,-62.8648,2.734045,-66.63292,28.347143,871.60675,0.00589021,31407.856743671087,54.0,S_1865
2024-05-11 02:36:13,-62.88723,2.7271805,-66.68887,28.291191,871.6327,0.005647105,31455.937800351512,54.0,S_1865
2024-05-11 02:36:14,-62.909588,2.7203064,-66.74483,28.228243,871.7142,0.005404,31499.514810303048,54.0,S_1865
2024-05-11 02:36:15,-62.931873,2.713419,-66.793785,28.158302,871.7994,0.0039036893,31535.065545908183,54.0,S_1865
2024-05-11 02:36:16,-62.954086,2.706524,-66.84974,28.095356,871.8327,0.0020182736,31558.52391775085,54.0,S_1865
2024-05-11 02:36:17,-62.97623,2.6996155,-66.90569,28.032408,871.82153,0.004204226,31596.8820409217,54.0,S_1865
2024-05-11 02:36:18,-62.9983,2.6926975,-66.96165,27.969461,871.81604,0.0042211288,31635.338663305687,54.0,S_1865
2024-05-11 02:36:19,-63.020298,2.6857681,-67.0176,27.906513,871.81976,0.0036767125,31667.47077598285,54.0,S_1865
2024-05-11 02:36:20,-63.04222,2.6788273,-67.06656,27.843567,871.80865,0.0036923646,31701.307227800888,54.0,S_1865
2024-05-11 02:36:21,-63.064075,2.671875,-67.12251,27.78062,871.80676,0.00496291,31745.394682397236,54.0,S_1865
2024-05-11 02:36:22,-63.085854,2.6649132,-67.17846,27.710678,871.8623,0.004979977,31789.14966865731,54.0,S_1865
2024-05-11 02:36:23,-63.107563,2.65794,-67.23441,27.647732,871.95496,0.0055419616,31832.59362419257,54.0,S_1865
2024-05-11 02:36:24,-63.1292,2.6509552,-67.28337,27.584785,872.0198,0.006103947,31878.467068659156,54.0,S_1865
2024-05-11 02:36:25,-63.15076,2.643959,-67.33234,27.521837,872.0253,0.0066659315,31928.670300787646,54.0,S_1865
2024-05-11 02:36:26,-63.172253,2.6369534,-67.381294,27.451897,872.0105,0.00668256,31982.953891635123,54.0,S_1865
2024-05-11 02:36:27,-63.193672,2.6299362,-67.43725,27.38895,872.00684,0.0077361325,32046.11346106846,54.0,S_1865
2024-05-11 02:36:28,-63.21502,2.6229076,-67.493195,27.319008,872.0124,0.0077549247,32108.617613439754,54.0,S_1865
2024-05-11 02:36:29,-63.236294,2.6158695,-67.54915,27.256062,872.0179,0.0073883617,32169.318044277697,54.0,S_1865
2024-05-11 02:36:30,-63.2575,2.608818,-67.6051,27.186121,872.0086,0.0070217988,32221.812476093965,54.0,S_1865
2024-05-11 02:36:31,-63.27863,2.601757,-67.65406,27.123173,871.99567,0.006655236,32276.415159255066,54.0,S_1865
2024-05-11 02:36:32,-63.299686,2.5946865,-67.710014,27.053232,872.0216,0.006288673,32329.634035924057,54.0,S_1865
2024-05-11 02:36:33,-63.320675,2.5876026,-67.76597,26.983292,872.10315,0.0052168453,32371.794694749828,54.0,S_1865
2024-05-11 02:36:34,-63.341587,2.5805092,-67.814926,26.91335,872.1883,0.005233041,32412.35600562545,54.0,S_1865
2024-05-11 02:36:35,-63.362427,2.5734043,-67.863884,26.850403,872.2216,0.0032987464,32443.704822740896,54.0,S_1865
2024-05-11 02:36:36,-63.383198,2.566288,-67.91984,26.780462,872.2124,0.002723789,32470.344455506638,54.0,S_1865
2024-05-11 02:36:37,-63.403896,2.5591621,-67.968796,26.71052,872.20123,0.0021488317,32493.933114027186,54.0,S_1865
2024-05-11 02:36:38,-63.42452,2.552023,-68.02475,26.64058,872.20496,0.0021635136,32518.582730196085,54.0,S_1865
2024-05-11 02:36:39,-63.445072,2.5448742,-68.0807,26.570639,872.2124,0.0014222554,32538.113377696696,54.0,S_1865
2024-05-11 02:36:40,-63.465553,2.537716,-68.13666,26.500698,872.2105,0.0006809972,32552.449455567166,54.0,S_1865
2024-05-11 02:36:41,-63.485962,2.5305443,-68.19261,26.43775,872.1901,-6.0260994e-05,32561.601199369514,54.0,S_1865
2024-05-11 02:36:42,-63.506298,2.523363,-68.24157,26.36781,872.179,-0.0008015192,32565.279701608524,54.0,S_1865
2024-05-11 02:36:43,-63.52656,2.5161705,-68.29053,26.290874,872.2216,-0.0015427774,32564.684648180613,54.0,S_1865
2024-05-11 02:36:44,-63.546753,2.5089664,-68.339485,26.220932,872.3272,-0.0022840356,32557.71716272937,54.0,S_1865
2024-05-11 02:36:45,-63.56687,2.5017529,-68.39544,26.150991,872.4105,-0.0018713131,32555.86318546596,54.0,S_1865
2024-05-11 02:36:46,-63.586918,2.4945278,-68.4444,26.08105,872.4179,-0.0014585906,32554.383660315885,54.0,S_1865
2024-05-11 02:36:47,-63.606895,2.4872913,-68.50035,26.004114,872.3994,-0.0010458681,32557.078464750248,54.0,S_1865
2024-05-11 02:36:48,-63.626797,2.4800434,-68.556305,25.934174,872.3957,-0.0006331457,32562.32729076084,54.0,S_1865
2024-05-11 02:36:49,-63.64663,2.472786,-68.61226,25.857239,872.40314,0.0002522592,32573.740689313436,54.0,S_1865
2024-05-11 02:36:50,-63.666386,2.465517,-68.66122,25.787298,872.4087,-0.00057846465,32578.874101761998,54.0,S_1865
2024-05-11 02:36:51,-63.686073,2.4582367,-68.710175,25.717356,872.3976,-0.0014091885,32578.701304755974,54.0,S_1865
2024-05-11 02:36:52,-63.705685,2.450945,-68.75913,25.64042,872.3753,-0.0007455404,32582.379639781902,54.0,S_1865
2024-05-11 02:36:53,-63.725227,2.4436436,-68.81509,25.563486,872.38464,-0.00016720721,32591.065846394773,54.0,S_1865
2024-05-11 02:36:54,-63.744698,2.436329,-68.87104,25.493546,872.46606,-0.0005880927,32596.597432377777,54.0,S_1865
2024-05-11 02:36:55,-63.764095,2.4290066,-68.926994,25.416609,872.5735,1.9725529e-05,32606.5344118846,54.0,S_1865
2024-05-11 02:36:56,-63.78342,2.421671,-68.97595,25.346668,872.61615,-0.00039739703,32612.69787481756,54.0,S_1865
2024-05-11 02:36:57,-63.802673,2.4143257,-69.02491,25.269733,872.60315,-0.0008145196,32615.874749907533,54.0,S_1865
2024-05-11 02:36:58,-63.821854,2.4069672,-69.080864,25.192799,872.5902,-0.0012316422,32617.103815646977,54.0,S_1865
2024-05-11 02:36:59,-63.84096,2.399601,-69.13682,25.115862,872.5939,-0.0016487647,32616.56998193926,54.0,S_1865
2024-05-11 02:37:00,-63.859997,2.3922215,-69.185776,25.038927,872.6013,-0.0020658872,32611.04037211444,54.0,S_1865
2024-05-11 02:37:01,-63.878716,2.3848,-69.24173,24.961992,872.605,-0.0024830098,32605.28729126874,54.0,S_1865
2024-05-11 02:37:02,-63.89737,2.377369,-69.29069,24.885057,872.592,-0.0033067905,32591.143898728744,54.0,S_1865
2024-05-11 02:37:03,-63.91596,2.3699265,-69.34664,24.80812,872.5735,-0.004130571,32572.245670760985,54.0,S_1865
2024-05-11 02:37:04,-63.934486,2.3624763,-69.40259,24.731186,872.6087,-0.0034696637,32560.334516503008,54.0,S_1865
2024-05-11 02:37:05,-63.95295,2.3550148,-69.45155,24.654251,872.71423,-0.0028087562,32551.60316227221,54.0,S_1865
2024-05-11 02:37:06,-63.971348,2.3475437,-69.50051,24.577316,872.79944,-0.0021478487,32545.503234985994,54.0,S_1865
2024-05-11 02:37:07,-63.98968,2.340063,-69.556465,24.500381,872.8069,-0.0016401549,32543.669169175515,54.0,S_1865
2024-05-11 02:37:08,-64.00795,2.332573,-69.61241,24.41645,872.7883,-0.001132461,32546.52383299541,54.0,S_1865
2024-05-11 02:37:09,-64.02616,2.3250713,-69.66138,24.339516,872.7865,-0.0035589729,32533.13434272176,54.0,S_1865
2024-05-11 02:37:10,-64.044304,2.317562,-69.710335,24.26258,872.79205,-0.005985485,32499.771187710678,54.0,S_1865
2024-05-11 02:37:11,-64.06238,2.3100414,-69.76629,24.178652,872.79016,-0.006123277,32471.589441069642,54.0,S_1865
2024-05-11 02:37:12,-64.0804,2.3025112,-69.81525,24.101717,872.79016,-0.006261069,32440.594107326753,54.0,S_1865
2024-05-11 02:37:13,-64.09835,2.2949715,-69.864204,24.017786,872.7939,-0.0063988613,32409.780688838237,54.0,S_1865
2024-05-11 02:37:14,-64.116234,2.2874203,-69.91316,23.940851,872.7939,-0.0065366533,32372.60351905359,54.0,S_1865
2024-05-11 02:37:15,-64.134056,2.2798615,-69.96912,23.856922,872.7754,-0.0066744452,32335.61252160865,54.0,S_1865
2024-05-11 02:37:16,-64.15182,2.2722912,-70.02507,23.772993,872.7754,-0.006474164,32304.475050817226,54.0,S_1865
2024-05-11 02:37:17,-64.16951,2.2647114,-70.07403,23.689064,872.85315,-0.00622508,32273.988785524867,54.0,S_1865
2024-05-11 02:37:18,-64.18715,2.257122,-70.122986,23.605135,872.9606,-0.0064958846,32237.354974809852,54.0,S_1865
2024-05-11 02:37:19,-64.20471,2.2495232,-70.17894,23.521204,873.0069,-0.0071259066,32197.264852961795,54.0,S_1865
2024-05-11 02:37:20,-64.22222,2.2419128,-70.23489,23.437275,872.99207,-0.007916505,32151.664990435795,54.0,S_1865
2024-05-11 02:37:21,-64.239655,2.234295,-70.29084,23.353346,872.97906,-0.008707104,32106.520006119063,54.0,S_1865
2024-05-11 02:37:22,-64.257034,2.2266655,-70.339806,23.269417,872.98096,-0.009497704,32055.48632222134,54.0,S_1865
2024-05-11 02:37:23,-64.274345,2.2190266,-70.38876,23.185488,872.9865,-0.010288303,31992.426114160313,54.0,S_1865
2024-05-11 02:37:24,-64.291595,2.211378,-70.44472,23.101559,872.9846,-0.01047973,31936.201082210697,54.0,S_1865
2024-05-11 02:37:25,-64.30878,2.20372,-70.493675,23.017628,872.9865,-0.0106711555,31884.953649638068,54.0,S_1865
2024-05-11 02:37:26,-64.3259,2.1960506,-70.53564,22.933699,872.9884,-0.009931433,31822.3412929783,54.0,S_1865
2024-05-11 02:37:27,-64.34296,2.1883717,-70.59159,22.842775,872.9828,-0.010918987,31756.116649667572,54.0,S_1865
2024-05-11 02:37:28,-64.35995,2.180685,-70.647545,22.758846,872.9698,-0.0103874635,31692.204153774506,54.0,S_1865
2024-05-11 02:37:29,-64.37688,2.172987,-70.7035,22.667923,872.9957,-0.009150358,31644.677595397494,54.0,S_1865
2024-05-11 02:37:30,-64.393745,2.1652775,-70.75246,22.583994,873.0773,-0.007913251,31597.426217966837,54.0,S_1865
2024-05-11 02:37:31,-64.410545,2.1575603,-70.80841,22.49307,873.1624,-0.013482013,31521.044186330786,54.0,S_1865
2024-05-11 02:37:32,-64.427284,2.1498318,-70.85737,22.402147,873.19574,-0.013472773,31443.8422897041,54.0,S_1865
2024-05-11 02:37:33,-64.443954,2.1420956,-70.90633,22.311222,873.1847,-0.013493025,31368.296199243818,54.0,S_1865
2024-05-11 02:37:34,-64.46056,2.134348,-70.955284,22.227293,873.17535,-0.013513277,31290.742983155807,54.0,S_1865
2024-05-11 02:37:35,-64.47711,2.1265907,-71.00424,22.13637,873.17725,-0.013533529,31204.104617655423,54.0,S_1865
2024-05-11 02:37:36,-64.49359,2.118822,-71.060196,22.045446,873.1847,-0.013524852,31127.695929159643,54.0,S_1865
2024-05-11 02:37:37,-64.51001,2.1110458,-71.10915,21.954523,873.1828,-0.012070212,31051.472919602027,54.0,S_1865
2024-05-11 02:37:38,-64.52637,2.1032581,-71.16511,21.8636,873.16986,-0.012060627,30984.492268435584,54.0,S_1865
2024-05-11 02:37:39,-64.542656,2.095461,-71.214066,21.772676,873.16986,-0.011270501,30921.66248502596,54.0,S_1865
2024-05-11 02:37:40,-64.55888,2.087654,-71.26302,21.681753,873.22546,-0.011262096,30864.65491923233,54.0,S_1865
2024-05-11 02:37:41,-64.57504,2.0798378,-71.30499,21.583836,873.318,-0.010077226,30801.88399030851,54.0,S_1865
2024-05-11 02:37:42,-64.59115,2.072012,-71.36095,21.492912,873.381,-0.009486487,30744.95201173756,54.0,S_1865
2024-05-11 02:37:43,-64.60718,2.0641747,-71.41689,21.401989,873.3865,-0.008895747,30697.107010587468,54.0,S_1865
2024-05-11 02:37:44,-64.62315,2.0563297,-71.46586,21.304071,873.3717,-0.008884313,30643.73850206865,54.0,S_1865
2024-05-11 02:37:45,-64.63906,2.0484734,-71.521805,21.213146,873.3717,-0.007993641,30606.947689847333,54.0,S_1865
2024-05-11 02:37:46,-64.6549,2.0406075,-71.563774,21.115229,873.3754,-0.007985288,30563.458565762205,54.0,S_1865
2024-05-11 02:37:47,-64.67068,2.03273,-71.61273,21.017311,873.3754,-0.0076697245,30517.791032289366,54.0,S_1865
2024-05-11 02:37:48,-64.68639,2.0248451,-71.668686,20.919394,873.37354,-0.0076577696,30478.2979282933,54.0,S_1865
2024-05-11 02:37:49,-64.70205,2.0169487,-71.71764,20.821476,873.3717,-0.007542728,30434.448365436812,54.0,S_1865
2024-05-11 02:37:50,-64.717636,2.0090446,-71.7736,20.730553,873.37354,-0.0074276864,30396.30407237723,54.0,S_1865
2024-05-11 02:37:51,-64.733154,2.0011292,-71.822556,20.632635,873.37915,-0.0076497076,30356.037766636917,54.0,S_1865
2024-05-11 02:37:52,-64.74862,1.9932041,-71.87151,20.534718,873.37915,-0.007871729,30314.36954190376,54.0,S_1865
2024-05-11 02:37:53,-64.764015,1.9852676,-71.92047,20.4368,873.3606,-0.009215331,30264.090210376206,54.0,S_1865
2024-05-11 02:37:54,-64.77934,1.9773235,-71.96943,20.338882,873.3606,-0.009206867,30213.898922951736,54.0,S_1865
2024-05-11 02:37:55,-64.79462,1.969368,-72.01839,20.240965,873.4366,-0.010054917,30156.985735790615,54.0,S_1865
2024-05-11 02:37:56,-64.809814,1.9614029,-72.06735,20.136053,873.54584,-0.010902966,30088.802299221592,54.0,S_1865
2024-05-11 02:37:57,-64.82496,1.9534283,-72.1233,20.038136,873.5903,-0.011751017,30013.983930802213,54.0,S_1865
2024-05-11 02:37:58,-64.840034,1.9454441,-72.17925,19.933224,873.57544,-0.011741783,29948.786458724666,54.0,S_1865
2024-05-11 02:37:59,-64.85505,1.9374504,-72.22821,19.835306,873.5625,-0.012407846,29876.705956174534,54.0,S_1865
2024-05-11 02:38:00,-64.869995,1.9294453,-72.27717,19.730394,873.56433,-0.012400736,29806.475460528614,54.0,S_1865
2024-05-11 02:38:01,-64.88578,1.9213657,-72.32613,19.632477,873.5699,-0.012290396,29735.270728666295,54.0,S_1865
2024-05-11 02:38:02,-64.901474,1.9132767,-72.37509,19.527565,873.568,-0.012180056,29665.0254538484,54.0,S_1865
2024-05-11 02:38:03,-64.91707,1.9051819,-72.42405,19.422653,873.5699,-0.011273682,29600.730723930683,54.0,S_1865
2024-05-11 02:38:04,-64.93257,1.8970776,-72.47301,19.317741,873.57355,-0.010633763,29540.645006233888,54.0,S_1865
2024-05-11 02:38:05,-64.94798,1.8889675,-72.521965,19.212831,873.56616,-0.009993844,29484.76076274333,54.0,S_1865
2024-05-11 02:38:06,-64.963295,1.8808498,-72.57092,19.10792,873.5495,-0.00998443,29428.97890335765,54.0,S_1865
2024-05-11 02:38:07,-64.978516,1.8727226,-72.61988,19.003008,873.5828,-0.009564564,29375.961456789344,54.0,S_1865
2024-05-11 02:38:08,-64.993645,1.8645897,-72.66884,18.898096,873.6866,-0.009660676,29314.76315042662,54.0,S_1865
2024-05-11 02:38:09,-65.008675,1.8564472,-72.72479,18.78619,873.77545,-0.00975679,29260.415475878253,54.0,S_1865
2024-05-11 02:38:10,-65.023605,1.848299,-72.77375,18.674284,873.7902,-0.0097486805,29199.97047462995,54.0,S_1865
2024-05-11 02:38:11,-65.03845,1.8401432,-72.829704,18.569372,873.7699,-0.010664746,29139.545826856152,54.0,S_1865
2024-05-11 02:38:12,-65.0532,1.8319778,-72.87866,18.457466,873.7588,-0.0106901005,29079.640861970784,54.0,S_1865
2024-05-11 02:38:13,-65.06785,1.8238068,-72.92763,18.352554,873.7625,-0.010715455,29018.101071893303,54.0,S_1865
2024-05-11 02:38:14,-65.082405,1.8156261,-72.976585,18.240648,873.7662,-0.010740809,28956.630405480995,54.0,S_1865
2024-05-11 02:38:15,-65.09687,1.8074398,-73.02554,18.128742,873.7643,-0.011214098,28892.101511353223,54.0,S_1865
2024-05-11 02:38:16,-65.111244,1.7992439,-73.0745,18.016838,873.7625,-0.011687388,28825.955714741736,54.0,S_1865
2024-05-11 02:38:17,-65.12552,1.7910423,-73.12346,17.911926,873.7625,-0.012476728,28753.0660935017,54.0,S_1865
2024-05-11 02:38:18,-65.1397,1.7828312,-73.17242,17.80002,873.76807,-0.012069216,28681.556458661784,54.0,S_1865
2024-05-11 02:38:19,-65.153786,1.7746143,-73.221375,17.68112,873.7717,-0.011661703,28614.49189767069,54.0,S_1865
2024-05-11 02:38:20,-65.16778,1.7663898,-73.27033,17.569214,873.7606,-0.011653694,28545.87117150315,54.0,S_1865
2024-05-11 02:38:21,-65.18167,1.7581558,-73.3193,17.450314,873.7421,-0.011749434,28478.34197079369,54.0,S_1865
2024-05-11 02:38:22,-65.19548,1.7499161,-73.368256,17.338408,873.7773,-0.011845174,28408.57692241234,54.0,S_1865
2024-05-11 02:38:23,-65.20918,1.7416668,-73.41721,17.219507,873.8829,-0.011940914,28339.906124073143,54.0,S_1865
2024-05-11 02:38:24,-65.2228,1.7334118,-73.46617,17.107603,873.9681,-0.011554232,28279.42576354223,54.0,S_1865
2024-05-11 02:38:25,-65.23632,1.7251472,-73.50813,16.988703,873.97546,-0.011167549,28213.646822028895,54.0,S_1865
2024-05-11 02:38:26,-65.24974,1.716877,-73.5571,16.869802,873.95514,-0.010780866,28151.360274753868,54.0,S_1865
2024-05-11 02:38:27,-65.26308,1.7085972,-73.60606,16.750902,873.95325,-0.010394183,28091.688056489427,54.0,S_1865
2024-05-11 02:38:28,-65.27631,1.7003117,-73.655014,16.632002,873.9588,-0.010007501,28034.626506125984,54.0,S_1865
2024-05-11 02:38:29,-65.28945,1.6920166,-73.70397,16.513103,873.96063,-0.010359467,27975.28675369127,54.0,S_1865
2024-05-11 02:38:30,-65.3025,1.6837158,-73.75293,16.394203,873.9588,-0.010711434,27913.673341932845,54.0,S_1865
2024-05-11 02:38:31,-65.31545,1.6754055,-73.80189,16.275303,873.9569,-0.011063401,27848.414338896797,54.0,S_1865
2024-05-11 02:38:32,-65.32831,1.6670895,-73.850845,16.149408,873.9569,-0.011054237,27784.831573504198,54.0,S_1865
2024-05-11 02:38:33,-65.34107,1.6587639,-73.8998,16.030508,873.96063,-0.009062194,27733.117261060223,54.0,S_1865
2024-05-11 02:38:34,-65.353745,1.6504326,-73.94877,15.904614,873.96063,-0.008748801,27684.81552202718,54.0,S_1865
2024-05-11 02:38:35,-65.36632,1.6420918,-73.99773,15.785715,873.9477,-0.008435409,27637.400138810437,54.0,S_1865
2024-05-11 02:38:36,-65.3788,1.6337433,-74.046684,15.659821,873.9477,-0.008424404,27589.22577370432,54.0,S_1865
2024-05-11 02:38:37,-65.39119,1.6253891,-74.09564,15.526933,874.0051,-0.008715853,27541.443378355318,54.0,S_1865
2024-05-11 02:38:38,-65.40348,1.6170254,-74.1446,15.408032,874.0959,-0.009007303,27490.339167168375,54.0,S_1865
2024-05-11 02:38:39,-65.41567,1.6086559,-74.19356,15.282139,874.1607,-0.00978294,27440.377777959482,54.0,S_1865
2024-05-11 02:38:40,-65.42778,1.600277,-74.23553,15.156244,874.16626,-0.009775549,27389.677084306008,54.0,S_1865
2024-05-11 02:38:41,-65.43979,1.5918922,-74.27749,15.030351,874.1514,-0.010886142,27324.193409556723,54.0,S_1865
2024-05-11 02:38:42,-65.4517,1.583498,-74.32645,14.897463,874.14954,-0.010876011,27254.075963589188,54.0,S_1865
2024-05-11 02:38:43,-65.463524,1.575098,-74.3824,14.771568,874.15326,-0.010160218,27195.318638800025,54.0,S_1865
2024-05-11 02:38:44,-65.47524,1.5666885,-74.43136,14.63868,874.15515,-0.01034884,27134.69296580913,54.0,S_1865
2024-05-11 02:38:45,-65.48688,1.5582714,-74.480316,14.505792,874.15326,-0.010537461,27079.321543232807,54.0,S_1865
2024-05-11 02:38:46,-65.49841,1.5498486,-74.522285,14.372904,874.1514,-0.010527607,27023.245834285073,54.0,S_1865
2024-05-11 02:38:47,-65.50986,1.5414162,-74.56425,14.240016,874.15326,-0.0109053375,26958.202142744078,54.0,S_1865
2024-05-11 02:38:48,-65.5212,1.532978,-74.613205,14.107127,874.1607,-0.011283068,26891.50850648326,54.0,S_1865
2024-05-11 02:38:49,-65.532455,1.5245304,-74.66216,13.974239,874.1569,-0.011226877,26825.258671393545,54.0,S_1865
2024-05-11 02:38:50,-65.54361,1.5160751,-74.71112,13.8413515,874.1384,-0.011170685,26758.084895023618,54.0,S_1865
2024-05-11 02:38:51,-65.55468,1.5076141,-74.760086,13.701468,874.1384,-0.010593278,26696.40139494113,54.0,S_1865
2024-05-11 02:38:52,-65.56564,1.4991436,-74.809044,13.568581,874.21436,-0.008762764,26651.13224315717,54.0,S_1865
2024-05-11 02:38:53,-65.57652,1.4906654,-74.851006,13.428699,874.3236,-0.010132717,26590.610117640626,54.0,S_1865
2024-05-11 02:38:54,-65.5873,1.4821815,-74.89996,13.288816,874.36804,-0.01474932,26499.529487188687,54.0,S_1865
2024-05-11 02:38:55,-65.597984,1.4736881,-74.94892,13.148934,874.3551,-0.013117191,26419.649175352013,54.0,S_1865
2024-05-11 02:38:56,-65.60858,1.465189,-74.99788,13.009051,874.34033,-0.012772897,26349.97866350071,54.0,S_1865
2024-05-11 02:38:57,-65.61908,1.4566803,-75.03985,12.869169,874.34216,-0.01167377,26286.373530639194,54.0,S_1865
2024-05-11 02:38:58,-65.62948,1.448164,-75.08181,12.729287,874.3478,-0.011027605,26220.08382644438,54.0,S_1865
2024-05-11 02:38:59,-65.639786,1.439642,-75.13077,12.589405,874.34955,-0.010381441,26159.04995808089,54.0,S_1865
2024-05-11 02:39:00,-65.65,1.4311104,-75.179726,12.449523,874.3478,-0.012442588,26090.118126021513,54.0,S_1865
2024-05-11 02:39:01,-65.66012,1.4225197,-75.221695,12.302646,874.3478,-0.014503735,25998.985922410364,54.0,S_1865
2024-05-11 02:39:02,-65.67014,1.4139233,-75.27065,12.155769,874.3478,-0.015293196,25903.33601041807,54.0,S_1865
2024-05-11 02:39:03,-65.68008,1.4053192,-75.31961,12.008893,874.3459,-0.016082656,25802.377088631307,54.0,S_1865
2024-05-11 02:39:04,-65.68991,1.3967113,-75.36857,11.862017,874.34955,-0.015860144,25712.632797591763,54.0,S_1865
2024-05-11 02:39:05,-65.69965,1.3880978,-75.41054,11.71514,874.3533,-0.015637634,25623.598470266093,54.0,S_1865
2024-05-11 02:39:06,-65.7093,1.3794765,-75.4525,11.568264,874.344,-0.015942972,25532.766536373034,54.0,S_1865
2024-05-11 02:39:07,-65.71886,1.3708515,-75.49446,11.421388,874.32184,-0.015701795,25432.145382629602,54.0,S_1865
2024-05-11 02:39:08,-65.72831,1.3622189,-75.54343,11.267517,874.33105,-0.015460618,25336.13533114496,54.0,S_1865
2024-05-11 02:39:09,-65.73768,1.3535805,-75.592384,11.120641,874.41254,-0.015219441,25239.903939618358,54.0,S_1865
2024-05-11 02:39:10,-65.74695,1.3449383,-75.64134,10.96677,874.51996,-0.0149782635,25145.639496682874,54.0,S_1865
2024-05-11 02:39:11,-65.75612,1.3362885,-75.6903,10.8129,874.56256,-0.014737086,25061.972944843124,54.0,S_1865
2024-05-11 02:39:12,-65.7652,1.3276329,-75.73226,10.659029,874.5477,-0.014495909,24979.140911452065,54.0,S_1865
2024-05-11 02:39:13,-65.774185,1.3189716,-75.77423,10.505159,874.5366,-0.0145875085,24895.845723840528,54.0,S_1865
2024-05-11 02:39:14,-65.78308,1.3103046,-75.81619,10.351289,874.5403,-0.01593621,24794.59641828529,54.0,S_1865
2024-05-11 02:39:15,-65.79188,1.3016319,-75.86515,10.197418,874.544,-0.016708842,24696.81251512053,54.0,S_1865
2024-05-11 02:39:16,-65.800575,1.2929516,-75.90712,10.036553,874.5422,-0.01748147,24593.625057288795,54.0,S_1865
2024-05-11 02:39:17,-65.80919,1.2842674,-75.94908,9.875689,874.5422,-0.018254101,24487.957762953134,54.0,S_1865
2024-05-11 02:39:18,-65.8177,1.2755775,-75.99104,9.721818,874.5422,-0.018551137,24367.029380380685,54.0,S_1865
2024-05-11 02:39:19,-65.82612,1.26688,-76.04001,9.560953,874.5422,-0.019584589,24251.63190951887,54.0,S_1865
2024-05-11 02:39:20,-65.83444,1.2581787,-76.08197,9.400089,874.5422,-0.019385817,24136.885131366776,54.0,S_1865
2024-05-11 02:39:21,-65.842674,1.2494698,-76.12393,9.239224,874.5422,-0.019353136,24008.721151887414,54.0,S_1865
2024-05-11 02:39:22,-65.85081,1.240757,-76.17289,9.071365,874.5403,-0.01844522,23888.07272414814,54.0,S_1865
2024-05-11 02:39:23,-65.85885,1.2320366,-76.221855,8.903507,874.544,-0.017219132,23778.241150684917,54.0,S_1865
2024-05-11 02:39:24,-65.8668,1.2233105,-76.27081,8.742642,874.5477,-0.018992439,23665.0344625745,54.0,S_1865
2024-05-11 02:39:25,-65.87465,1.2145786,-76.312775,8.574783,874.5385,-0.018778473,23552.775952368105,54.0,S_1865
2024-05-11 02:39:26,-65.88241,1.2058411,-76.354744,8.406925,874.51624,-0.020962624,23416.68681025615,54.0,S_1865
2024-05-11 02:39:27,-65.890076,1.1970978,-76.4037,8.24606,874.5255,-0.021219462,23298.26871645282,54.0,S_1865
2024-05-11 02:39:28,-65.897644,1.1883488,-76.43867,8.071207,874.607,-0.021476302,23168.585739221602,54.0,S_1865
2024-05-11 02:39:29,-65.90512,1.179594,-76.48064,7.9033484,874.7144,-0.019594628,23049.263812350255,54.0,S_1865
2024-05-11 02:39:30,-65.9125,1.1708336,-76.5226,7.7284956,874.757,-0.013652846,22970.78488720832,54.0,S_1865
2024-05-11 02:39:31,-65.919785,1.1620655,-76.56456,7.560637,874.7422,-0.013413565,22892.084119590923,54.0,S_1865
2024-05-11 02:39:32,-65.92698,1.1532936,-76.60653,7.385784,874.7311,-0.01024998,22827.109334814064,54.0,S_1865
2024-05-11 02:39:33,-65.934074,1.1445141,-76.65549,7.203937,874.7348,-0.013343712,22750.208723740914,54.0,S_1865
2024-05-11 02:39:34,-65.94108,1.1357307,-76.69745,7.029084,874.7385,-0.016437445,22652.42575361328,54.0,S_1865
2024-05-11 02:39:35,-65.94798,1.1269398,-76.73942,6.8542314,874.73663,-0.017417448,22538.259629079123,54.0,S_1865
2024-05-11 02:39:36,-65.954796,1.1181431,-76.788376,6.6793785,874.73663,-0.01839745,22428.847885766198,54.0,S_1865
2024-05-11 02:39:37,-65.96152,1.1093426,-76.83034,6.5045257,874.73663,-0.019377455,22310.132720930364,54.0,S_1865
2024-05-11 02:39:38,-65.96814,1.1005344,-76.87231,6.322679,874.73663,-0.020357458,22196.162851614008,54.0,S_1865
2024-05-11 02:39:39,-65.97467,1.0917206,-76.90727,6.140832,874.73663,-0.015368777,22101.616237533988,54.0,S_1865
2024-05-11 02:39:40,-65.98111,1.082901,-76.94924,5.9519906,874.73663,-0.015383109,22009.942306239616,54.0,S_1865
2024-05-11 02:39:41,-65.98745,1.0740757,-76.9912,5.770144,874.7348,-0.0170921,21895.197453353077,54.0,S_1865
2024-05-11 02:39:42,-65.9937,1.0652447,-77.04016,5.5813026,874.7385,-0.008496636,21849.493028096127,54.0,S_1865
2024-05-11 02:39:43,-65.99985,1.056406,-77.08213,5.399456,874.7422,-0.0097079035,21795.0733104483,54.0,S_1865
2024-05-11 02:39:44,-66.005905,1.0475636,-77.12409,5.217609,874.7329,-0.0058802315,21764.930538734065,54.0,S_1865
2024-05-11 02:39:45,-66.01187,1.0387154,-77.16605,5.0287676,874.7107,-0.0020525595,21761.429327451184,54.0,S_1865
2024-05-11 02:39:46,-66.01774,1.0298595,-77.20103,4.8399267,874.72,-0.0012571018,21761.250382150432,54.0,S_1865
2024-05-11 02:39:47,-66.02351,1.0209999,-77.243,4.6440916,874.80145,-0.00046164414,21767.08677938704,54.0,S_1865
2024-05-11 02:39:48,-66.0292,1.0121326,-77.291954,4.4552503,874.9089,-0.012162523,21695.119578550533,54.0,S_1865
2024-05-11 02:39:49,-66.03478,1.0032597,-77.333916,4.259415,874.9515,-0.0016884157,21693.791427248576,54.0,S_1865
2024-05-11 02:39:50,-66.040276,0.99438286,-77.36889,4.06358,874.9385,0.0043815244,21731.499520358782,54.0,S_1865
2024-05-11 02:39:51,-66.04567,0.9854984,-77.41085,3.867745,874.92554,0.010451464,21810.37623377851,54.0,S_1865
2024-05-11 02:39:52,-66.05097,0.9766083,-77.45282,3.6719098,874.92926,0.009592061,21883.38055361969,54.0,S_1865
2024-05-11 02:39:53,-66.05618,0.9677124,-77.49478,3.4760745,874.9329,0.0011101845,21899.797182366037,54.0,S_1865
2024-05-11 02:39:54,-66.061295,0.9588108,-77.53674,3.2802393,874.9329,0.013444545,21992.857050903716,54.0,S_1865
2024-05-11 02:39:55,-66.066315,0.9499035,-77.57172,3.07741,874.93115,0.014336094,22096.479584476154,54.0,S_1865
2024-05-11 02:39:56,-66.07124,0.94099045,-77.61368,2.8815749,874.93115,0.015227644,22202.293331135224,54.0,S_1865
2024-05-11 02:39:57,-66.07607,0.9320698,-77.64865,2.6717515,874.93115,0.019308936,22340.960938878372,54.0,S_1865
2024-05-11 02:39:58,-66.08081,0.9231453,-77.69061,2.4689221,874.93115,0.023390228,22498.257224439072,54.0,S_1865
2024-05-11 02:39:59,-66.08545,0.9142132,-77.725586,2.2590988,874.93115,0.012512712,22590.852225611474,54.0,S_1865
2024-05-11 02:40:00,-66.09,0.90527725,-77.76755,2.0562694,874.9329,0.019370079,22729.738955568268,54.0,S_1865
2024-05-11 02:40:01,-66.09478,0.8961315,-77.80952,1.8534402,874.93115,0.0138426125,22833.028613295686,54.0,S_1865
2024-05-11 02:40:02,-66.09945,0.8869877,-77.85148,1.6436168,874.93115,-0.0022043248,22827.234800632563,54.0,S_1865
2024-05-11 02:40:03,-66.10402,0.87784386,-77.89345,1.4337933,874.9329,0.0013318259,22845.596479920336,54.0,S_1865
2024-05-11 02:40:04,-66.10848,0.86870193,-77.93541,1.2169758,874.93665,-0.00015262293,22853.939378944153,54.0,S_1865
2024-05-11 02:40:05,-66.11285,0.85956,-77.97038,1.0001583,874.92737,0.0062064286,22901.364008668348,54.0,S_1865
2024-05-11 02:40:06,-66.117096,0.85042,-78.00535,0.7903349,874.907,0.009366375,22969.432143871825,54.0,S_1865
2024-05-11 02:40:07,-66.12125,0.8412819,-78.04032,0.5735173,874.9144,0.013537979,23064.053395821473,54.0,S_1865
2024-05-11 02:40:08,-66.12528,0.8321419,-78.075294,0.3566998,874.9959,0.012661005,23159.361718323595,54.0,S_1865
2024-05-11 02:40:09,-66.12922,0.8230057,-78.117256,0.13988228,875.10333,0.011266053,23241.08648988919,54.0,S_1865
2024-05-11 02:40:10,-66.13305,0.8138695,-78.15223,359.91708,875.14594,0.010461379,23322.419391755426,54.0,S_1865
2024-05-11 02:40:11,-66.13678,0.8047333,-78.19419,359.6933,875.13293,0.0072066374,23377.179839414894,54.0,S_1865
2024-05-11 02:40:12,-66.140396,0.795599,-78.229164,359.47647,875.12,0.0036302838,23410.812402127987,54.0,S_1865
2024-05-11 02:40:13,-66.14391,0.7864666,-78.271126,359.25266,875.12366,0.002568969,23437.84268233167,54.0,S_1865
2024-05-11 02:40:14,-66.147316,0.7773342,-78.313095,359.02884,875.12744,-0.0025184387,23430.700493876033,54.0,S_1865
2024-05-11 02:40:15,-66.15062,0.76820374,-78.34806,358.79803,875.12744,-0.00059442245,23435.406724070635,54.0,S_1865
2024-05-11 02:40:16,-66.15382,0.75907326,-78.39003,358.57422,875.12555,-0.0006656042,23440.59254508286,54.0,S_1865
2024-05-11 02:40:17,-66.156906,0.7499428,-78.41801,358.3434,875.12555,0.0014308784,23458.0094705363,54.0,S_1865
2024-05-11 02:40:18,-66.1599,0.7408142,-78.45297,358.1126,875.12555,0.0025273277,23483.40210983651,54.0,S_1865
2024-05-11 02:40:19,-66.16277,0.73168755,-78.487946,357.87482,875.12555,0.0032953408,23515.201115919175,54.0,S_1865
2024-05-11 02:40:20,-66.16555,0.7225609,-78.52991,357.644,875.12555,0.003971034,23552.502281281668,54.0,S_1865
2024-05-11 02:40:21,-66.16822,0.7134361,-78.57188,357.40622,875.12555,0.004764218,23593.128386223572,54.0,S_1865
2024-05-11 02:40:22,-66.170784,0.7043114,-78.60684,357.1684,875.12555,0.0041072583,23628.78503272806,54.0,S_1865
2024-05-11 02:40:23,-66.17324,0.6951885,-78.641815,356.9306,875.12744,0.0039513046,23661.634823787746,54.0,S_1865
2024-05-11 02:40:24,-66.1756,0.6860657,-78.66979,356.6928,875.12555,0.0037953504,23695.010311267644,54.0,S_1865
2024-05-11 02:40:25,-66.17784,0.67694473,-78.704765,356.44803,875.12366,0.0028914262,23724.164263051585,54.0,S_1865
2024-05-11 02:40:26,-66.179985,0.6678257,-78.74673,356.2102,875.12555,0.001987502,23745.748180984563,54.0,S_1865
2024-05-11 02:40:27,-66.18202,0.65870667,-78.774704,355.96542,875.1311,0.0010835779,23761.205696068075,54.0,S_1865
2024-05-11 02:40:28,-66.18395,0.64958763,-78.80968,355.72064,875.1293,-0.00078742305,23764.88388976769,54.0,S_1865
2024-05-11 02:40:29,-66.185776,0.6404705,-78.84464,355.47583,875.1126,-0.002658424,23754.652052682955,54.0,S_1865
2024-05-11 02:40:30,-66.18749,0.6313534,-78.88661,355.22406,875.1126,-0.004529425,23734.51456342893,54.0,S_1865
2024-05-11 02:40:31,-66.18911,0.62223816,-78.92158,354.97925,875.1867,-0.003287191,23722.37286525627,54.0,S_1865
2024-05-11 02:40:32,-66.19062,0.61312485,-78.949554,354.72046,875.29596,-0.0033910442,23708.381099646806,54.0,S_1865
2024-05-11 02:40:33,-66.19202,0.60401154,-78.98453,354.4687,875.34784,-0.0030718362,23696.90830606143,54.0,S_1865
2024-05-11 02:40:34,-66.19331,0.59490013,-79.0195,354.2169,875.33856,-0.0016032486,23694.986955356457,54.0,S_1865
2024-05-11 02:40:35,-66.19451,0.5857887,-79.05447,353.9581,875.3182,-0.0001346611,23703.115245959823,54.0,S_1865
2024-05-11 02:40:36,-66.195595,0.5766773,-79.08944,353.69934,875.3163,0.0014159621,23721.63206396079,54.0,S_1865
2024-05-11 02:40:37,-66.19658,0.5675678,-79.12441,353.44055,875.3219,0.0032557894,23751.059598562584,54.0,S_1865
2024-05-11 02:40:38,-66.19745,0.55846024,-79.15239,353.18176,875.3219,0.0050956164,23792.075885554943,54.0,S_1865
2024-05-11 02:40:39,-66.19822,0.54935265,-79.18036,352.916,875.32,0.0069354437,23844.043561180406,54.0,S_1865
2024-05-11 02:40:40,-66.19888,0.54024696,-79.208336,352.6572,875.32,0.008908195,23912.89064097355,54.0,S_1865
2024-05-11 02:40:41,-66.19944,0.5311413,-79.24331,352.39142,875.3219,0.007868966,23975.23529870384,54.0,S_1865
2024-05-11 02:40:42,-66.1999,0.5220375,-79.27828,352.12564,875.3219,0.009844863,24046.67532590714,54.0,S_1865
2024-05-11 02:40:43,-66.20024,0.51293373,-79.30626,351.85986,875.3219,0.006339658,24098.687568823356,54.0,S_1865
2024-05-11 02:40:44,-66.200485,0.50383186,-79.341225,351.5871,875.3219,0.0052927164,24141.907311909396,54.0,S_1865
2024-05-11 02:40:45,-66.20062,0.4947319,-79.3692,351.31433,875.3219,0.015493542,24256.46045675144,54.0,S_1865
2024-05-11 02:40:46,-66.20065,0.48563004,-79.404175,351.04156,875.32,0.007816527,24318.88128464651,54.0,S_1865
2024-05-11 02:40:47,-66.20058,0.47653198,-79.43915,350.7688,875.32,0.013875602,24416.640541996898,54.0,S_1865
2024-05-11 02:40:48,-66.20039,0.46743393,-79.46712,350.49603,875.3219,0.009190759,24484.980792933588,54.0,S_1865
2024-05-11 02:40:49,-66.20011,0.45833588,-79.495094,350.21625,875.3219,0.004505916,24522.936280783622,54.0,S_1865
2024-05-11 02:40:50,-66.199715,0.44923973,-79.52307,349.9365,875.32,0.0038024392,24557.81008783714,54.0,S_1865
2024-05-11 02:40:51,-66.19922,0.4401455,-79.558044,349.65674,875.32,0.0016924621,24578.573337636746,54.0,S_1865
2024-05-11 02:40:52,-66.198616,0.43105125,-79.59302,349.37695,875.32556,0.0007747391,24592.76433180471,54.0,S_1865
2024-05-11 02:40:53,-66.19791,0.42195702,-79.620995,349.0902,875.3292,-0.00091272354,24595.561317986863,54.0,S_1865
2024-05-11 02:40:54,-66.1971,0.41286469,-79.64897,348.80344,875.3163,-0.0024041636,24588.594117081317,54.0,S_1865
2024-05-11 02:40:55,-66.196175,0.40377426,-79.67694,348.5167,875.2996,-0.003989751,24571.281596953704,54.0,S_1865
2024-05-11 02:40:56,-66.19515,0.39468384,-79.70492,348.22992,875.33484,-0.0033505913,24557.75623500291,54.0,S_1865
2024-05-11 02:40:57,-66.19402,0.38559532,-79.732895,347.9362,875.44037,-0.005008349,24533.43974744277,54.0,S_1865
2024-05-11 02:40:58,-66.19279,0.3765068,-79.76087,347.64243,875.5256,-0.004900867,24509.880077198803,54.0,S_1865
2024-05-11 02:40:59,-66.191444,0.3674202,-79.78885,347.34866,875.533,-0.0046639643,24487.929254805236,54.0,S_1865
2024-05-11 02:41:00,-66.189995,0.3583336,-79.816826,347.05493,875.51263,-0.0037298317,24472.163879756255,54.0,S_1865
2024-05-11 02:41:01,-66.18861,0.3491192,-79.8448,346.76117,875.51074,-0.003167814,24460.764441064268,54.0,S_1865
2024-05-11 02:41:02,-66.1871,0.3399086,-79.86578,346.46042,875.5163,-0.0037836104,24443.98306700582,54.0,S_1865
2024-05-11 02:41:03,-66.18549,0.33070564,-79.89376,346.15967,875.5182,-0.0024937293,24436.246502318434,54.0,S_1865
2024-05-11 02:41:04,-66.18377,0.3215065,-79.92174,345.85892,875.5163,-0.0021386845,24430.880637238144,54.0,S_1865
2024-05-11 02:41:05,-66.18194,0.31231308,-79.949715,345.55817,875.5145,-0.0017833151,24427.878127873646,54.0,S_1865
2024-05-11 02:41:06,-66.17999,0.30312538,-79.97769,345.25745,875.5163,-0.0017095304,24425.708068985427,54.0,S_1865
2024-05-11 02:41:07,-66.17794,0.2939434,-79.99867,344.9497,875.5163,-0.0016357456,24423.78087977219,54.0,S_1865
2024-05-11 02:41:08,-66.17577,0.28476524,-80.01965,344.64194,875.5163,-0.0001727707,24431.158006319245,54.0,S_1865
2024-05-11 02:41:09,-66.17349,0.2755947,-80.04763,344.3342,875.5163,-0.00091055606,24433.9522865931,54.0,S_1865
2024-05-11 02:41:10,-66.171104,0.266428,-80.07561,344.02646,875.5163,-0.00029870204,24440.8851353313,54.0,S_1865
2024-05-11 02:41:11,-66.16861,0.257267,-80.09659,343.71173,875.5163,-0.00032060887,24447.448970432393,54.0,S_1865
2024-05-11 02:41:12,-66.16599,0.24811172,-80.11758,343.397,875.5163,-0.0003425157,24453.74731176954,54.0,S_1865
2024-05-11 02:41:13,-66.16328,0.23896217,-80.14555,343.08228,875.5163,-0.00030573338,24460.639170007446,54.0,S_1865
2024-05-11 02:41:14,-66.16044,0.22981644,-80.17352,342.76752,875.5163,-0.0015370368,24459.490044955444,54.0,S_1865
2024-05-11 02:41:15,-66.15749,0.22067833,-80.19451,342.4458,875.5163,-0.0004309237,24465.30500480432,54.0,S_1865
2024-05-11 02:41:16,-66.15444,0.21154404,-80.22249,342.13107,875.5163,-0.00070938945,24469.549190183243,54.0,S_1865
2024-05-11 02:41:17,-66.151276,0.20241547,-80.24347,341.80933,875.5163,0.0010363394,24484.85419931706,54.0,S_1865
2024-05-11 02:41:18,-66.147995,0.19329262,-80.26445,341.4946,875.5163,0.0027820684,24511.79010332543,54.0,S_1865
2024-05-11 02:41:19,-66.14461,0.18417358,-80.28543,341.16586,875.5163,-0.006501338,24478.36853885654,54.0,S_1865
2024-05-11 02:41:20,-66.141106,0.17506218,-80.30641,340.84415,875.5163,-0.0016036752,24476.388886263878,54.0,S_1865
2024-05-11 02:41:21,-66.1375,0.16595459,-80.3274,340.5154,875.5145,0.0048422343,24517.07216034041,54.0,S_1865
2024-05-11 02:41:22,-66.13377,0.15685463,-80.34838,340.1867,875.5145,0.0027058697,24544.468266340915,54.0,S_1865
2024-05-11 02:41:23,-66.12994,0.14775848,-80.37636,339.85797,875.5145,0.00056950515,24557.225362651778,54.0,S_1865
2024-05-11 02:41:24,-66.12599,0.13866806,-80.39734,339.52927,875.5201,0.003394416,24588.565012138308,54.0,S_1865
2024-05-11 02:41:25,-66.12194,0.12958145,-80.41832,339.19354,875.5201,0.003211814,24617.643364117554,54.0,S_1865
2024-05-11 02:41:26,-66.117775,0.12050247,-80.43231,338.8648,875.5015,0.0030292117,24646.150368035902,54.0,S_1865
2024-05-11 02:41:27,-66.113495,0.11142731,-80.45329,338.52908,875.5015,0.011115132,24728.735676249493,54.0,S_1865
2024-05-11 02:41:28,-66.10911,0.102357864,-80.47427,338.1934,875.57745,0.0076213367,24788.928619423015,54.0,S_1865
2024-05-11 02:41:29,-66.10461,0.09329414,-80.495255,337.85068,875.6867,0.009574177,24861.162260231107,54.0,S_1865
2024-05-11 02:41:30,-66.1,0.084236145,-80.516235,337.51495,875.7312,0.011527017,24944.730106290488,54.0,S_1865
2024-05-11 02:41:31,-66.095276,0.07518387,-80.53023,337.17224,875.7164,0.0062322915,24993.741563080013,54.0,S_1865
2024-05-11 02:41:32,-66.09044,0.06613541,-80.54421,336.82953,875.70337,0.010998313,25076.067529543998,54.0,S_1865
2024-05-11 02:41:33,-66.085495,0.057094574,-80.56519,336.48682,875.70526,0.009080365,25143.563246694164,54.0,S_1865
2024-05-11 02:41:34,-66.08044,0.048057556,-80.579185,336.1441,875.7108,0.014545563,25255.500952353064,54.0,S_1865
2024-05-11 02:41:35,-66.07527,0.03902626,-80.60716,335.7944,875.7108,0.02001076,25398.058034593574,54.0,S_1865
2024-05-11 02:41:36,-66.06999,0.030000687,-80.62814,335.4517,875.7108,0.009223715,25466.02886711787,54.0,S_1865
2024-05-11 02:41:37,-66.064606,0.020980835,-80.642136,335.10898,875.7108,-0.0015633295,25464.297847763137,54.0,S_1865
2024-05-11 02:41:38,-66.059105,0.011964798,-80.65612,334.75928,875.7108,0.0017153288,25484.128408831537,54.0,S_1865
2024-05-11 02:41:39,-66.0535,0.002954483,-80.670105,334.40958,875.7108,-0.00025045002,25491.118041475354,54.0,S_1865
2024-05-11 02:41:40,-66.047775,23.993952,-80.6771,334.05286,875.7108,-0.0022162287,25484.74201316233,54.0,S_1865
2024-05-11 02:41:41,-66.04194,23.984953,-80.69808,333.70316,875.7108,-0.0041820076,25465.836304206867,54.0,S_1865
2024-05-11 02:41:42,-66.035995,23.97596,-80.712074,333.34647,875.7108,-0.0039839167,25447.79980952264,54.0,S_1865
2024-05-11 02:41:43,-66.02994,23.96697,-80.733055,332.99677,875.7108,-0.0069659455,25410.564046400745,54.0,S_1865
2024-05-11 02:41:44,-66.02377,23.957989,-80.74705,332.64005,875.7108,-0.0062182215,25378.28094770536,54.0,S_1865
2024-05-11 02:41:45,-66.017494,23.94901,-80.76103,332.28336,875.7108,-0.005923451,25347.251967363525,54.0,S_1865
2024-05-11 02:41:46,-66.01111,23.940039,-80.77502,331.91965,875.7108,-0.0063408995,25315.281197702243,54.0,S_1865
2024-05-11 02:41:47,-66.00461,23.931072,-80.78201,331.56296,875.7108,-0.0074821557,25273.713720641616,54.0,S_1865
2024-05-11 02:41:48,-65.99799,23.922112,-80.796005,331.19925,875.7108,-0.005882711,25243.92672085503,54.0,S_1865
2024-05-11 02:41:49,-65.99127,23.913157,-80.80999,330.84256,875.7108,-0.0074662105,25202.738183914364,54.0,S_1865
2024-05-11 02:41:50,-65.98444,23.904205,-80.82398,330.47888,875.7108,-0.009335724,25150.439223499987,54.0,S_1865
2024-05-11 02:41:51,-65.97749,23.895262,-80.83797,330.12216,875.7108,-0.013056865,25072.352178839556,54.0,S_1865
2024-05-11 02:41:52,-65.97044,23.886322,-80.84496,329.7515,875.7108,-0.012325194,25000.869763335264,54.0,S_1865
2024-05-11 02:41:53,-65.96327,23.877388,-80.85196,329.3878,875.7108,-0.0115935225,24932.45656553891,54.0,S_1865
2024-05-11 02:41:54,-65.95599,23.86846,-80.865944,329.0241,875.7108,-0.011161048,24867.120245622013,54.0,S_1865
2024-05-11 02:41:55,-65.94861,23.859535,-80.87993,328.6604,875.7108,-0.009862418,24810.608903198226,54.0,S_1865
2024-05-11 02:41:56,-65.94111,23.850618,-80.886925,328.2897,875.7108,-0.008694842,24760.7243620642,54.0,S_1865
2024-05-11 02:41:57,-65.933495,23.841705,-80.90092,327.91904,875.7108,-0.010712179,24700.193488862948,54.0,S_1865
2024-05-11 02:41:58,-65.92577,23.832798,-80.907906,327.55533,875.7089,-0.01460801,24610.49212992699,54.0,S_1865
2024-05-11 02:41:59,-65.91794,23.823896,-80.9219,327.18463,875.7108,-0.012574885,24537.076738910568,54.0,S_1865
2024-05-11 02:42:00,-65.909996,23.815,-80.9219,326.81396,875.7164,-0.010541761,24476.295846167493,54.0,S_1865
2024-05-11 02:42:01,-65.901695,23.806023,-80.928894,326.44327,875.7071,-0.009736635,24419.61350075929,54.0,S_1865
2024-05-11 02:42:02,-65.89329,23.797054,-80.94288,326.07257,875.6849,-0.008931509,24369.683979003814,54.0,S_1865
2024-05-11 02:42:03,-65.88478,23.788094,-80.949875,325.7019,875.69415,-0.0112505965,24303.13430099783,54.0,S_1865
2024-05-11 02:42:04,-65.876175,23.77914,-80.95686,325.32422,875.77374,-0.009499347,24249.63452002337,54.0,S_1865
2024-05-11 02:42:05,-65.86746,23.770197,-80.96386,324.95352,875.88116,-0.009928698,24193.63674278959,54.0,S_1865
2024-05-11 02:42:06,-65.85864,23.761261,-80.96386,324.58282,875.9256,-0.005537104,24165.229485136864,54.0,S_1865
2024-05-11 02:42:07,-65.84973,23.752335,-80.970856,324.20514,875.9108,-0.0046479176,24143.533756796154,54.0,S_1865
2024-05-11 02:42:08,-65.840706,23.743416,-80.97785,323.83447,875.89966,-0.004343496,24123.146256203854,54.0,S_1865
2024-05-11 02:42:09,-65.83158,23.734505,-80.98484,323.4568,875.9034,-0.013695915,24040.695224764302,54.0,S_1865
2024-05-11 02:42:10,-65.82236,23.725603,-80.99184,323.0791,875.9071,-0.024965698,23883.36547881936,54.0,S_1865
2024-05-11 02:42:11,-65.81303,23.71671,-80.99883,322.70142,875.9071,-0.03623548,23655.66298944308,54.0,S_1865
2024-05-11 02:42:12,-65.8036,23.707823,-81.00583,322.33072,875.9053,-0.030959023,23459.955453360744,54.0,S_1865
2024-05-11 02:42:13,-65.79406,23.698946,-81.00583,321.95303,875.9053,-0.027673434,23286.085450352206,54.0,S_1865
2024-05-11 02:42:14,-65.784424,23.690077,-81.00583,321.57538,875.9053,-0.028553955,23105.14764911824,54.0,S_1865
2024-05-11 02:42:15,-65.77468,23.681215,-81.01282,321.1977,875.9053,-0.02842042,22925.211844835867,54.0,S_1865
2024-05-11 02:42:16,-65.76484,23.672363,-81.01981,320.82,875.9053,-0.027195385,22754.710729879975,54.0,S_1865
2024-05-11 02:42:17,-65.75489,23.663519,-81.01981,320.44232,875.9053,-0.02597035,22592.29502013426,54.0,S_1865
2024-05-11 02:42:18,-65.74484,23.654684,-81.01981,320.06464,875.9053,-0.026996788,22421.80038663387,54.0,S_1865
2024-05-11 02:42:19,-65.734695,23.645857,-81.01282,319.68695,875.9053,-0.02700547,22251.29223435194,54.0,S_1865
2024-05-11 02:42:20,-65.72444,23.637037,-81.01981,319.30927,875.9053,-0.022496706,22108.946517636974,54.0,S_1865
2024-05-11 02:42:21,-65.71408,23.628227,-81.01981,318.9246,875.9053,-0.020707225,21980.423933008453,54.0,S_1865
2024-05-11 02:42:22,-65.70362,23.619425,-81.02681,318.5469,875.9053,-0.020116331,21856.565584423577,54.0,S_1865
2024-05-11 02:42:23,-65.69306,23.61063,-81.02681,318.16922,875.9053,-0.01997471,21733.69497007347,54.0,S_1865
2024-05-11 02:42:24,-65.682396,23.601845,-81.02681,317.79153,875.9053,-0.019833088,21611.760193991737,54.0,S_1865
2024-05-11 02:42:25,-65.67163,23.593067,-81.02681,317.41388,875.9053,-0.019691467,21489.779093293706,54.0,S_1865
2024-05-11 02:42:26,-65.66076,23.5843,-81.01981,317.0362,875.9053,-0.021021469,21357.426346278284,54.0,S_1865
2024-05-11 02:42:27,-65.64978,23.575537,-81.01981,316.65152,875.9053,-0.019261323,21239.28789856121,54.0,S_1865
2024-05-11 02:42:28,-65.63871,23.566786,-81.01981,316.27383,875.9053,-0.018652992,21124.080525009125,54.0,S_1865
2024-05-11 02:42:29,-65.627525,23.55804,-81.01282,315.89615,875.9053,-0.011080816,21060.49954029786,54.0,S_1865
2024-05-11 02:42:30,-65.61624,23.549305,-81.00583,315.52545,875.9053,-0.012542506,20986.264442654177,54.0,S_1865
2024-05-11 02:42:31,-65.60486,23.540579,-81.00583,315.14777,875.9053,-0.015467618,20892.771650875726,54.0,S_1865
2024-05-11 02:42:32,-65.593376,23.531858,-81.00583,314.77008,875.9053,-0.01839273,20779.97735454935,54.0,S_1865
2024-05-11 02:42:33,-65.58178,23.52315,-81.00583,314.3924,875.9053,-0.021085963,20648.395942199524,54.0,S_1865
2024-05-11 02:42:34,-65.57009,23.514446,-80.99883,314.01474,875.9053,-0.025488745,20487.55861048017,54.0,S_1865
2024-05-11 02:42:35,-65.5583,23.505753,-80.99184,313.63705,875.9053,-0.035630465,20260.842626481986,54.0,S_1865
2024-05-11 02:42:36,-65.546394,23.497066,-80.99184,313.25937,875.9053,-0.038275413,20014.638490794503,54.0,S_1865
2024-05-11 02:42:37,-65.53439,23.48839,-80.98484,312.88168,875.9053,-0.037703764,19776.787769951938,54.0,S_1865
2024-05-11 02:42:38,-65.52229,23.479721,-80.97785,312.511,875.9053,-0.03642717,19546.94306365824,54.0,S_1865
2024-05-11 02:42:39,-65.510086,23.47106,-80.970856,312.1403,875.9053,-0.035150573,19322.72260265425,54.0,S_1865
2024-05-11 02:42:40,-65.49777,23.462408,-80.970856,311.76263,875.9053,-0.027192557,19153.13400465393,54.0,S_1865
2024-05-11 02:42:41,-65.48536,23.453764,-80.96386,311.39194,875.9053,-0.02632013,18985.9450423757,54.0,S_1865
2024-05-11 02:42:42,-65.47285,23.445127,-80.95686,311.01425,875.9053,-0.01693479,18881.15323711365,54.0,S_1865
2024-05-11 02:42:43,-65.46023,23.4365,-80.94288,310.64355,875.9053,-0.015638562,18787.139938126635,54.0,S_1865
2024-05-11 02:42:44,-65.44751,23.427881,-80.93588,310.2729,875.9053,-0.014342335,18701.36256060334,54.0,S_1865
2024-05-11 02:42:45,-65.434685,23.419271,-80.928894,309.9022,875.9053,-0.013046108,18624.03770623129,54.0,S_1865
2024-05-11 02:42:46,-65.42175,23.41067,-80.9219,309.5315,875.9053,-0.016040226,18524.691701181313,54.0,S_1865
2024-05-11 02:42:47,-65.40873,23.402075,-80.907906,309.1608,875.9053,-0.014919251,18435.060331936555,54.0,S_1865
2024-05-11 02:42:48,-65.39559,23.393488,-80.90092,308.79013,875.9034,-0.013798276,18352.51495678279,54.0,S_1865
2024-05-11 02:42:49,-65.38236,23.38491,-80.89392,308.41943,875.9034,-0.014858344,18264.732162934968,54.0,S_1865
2024-05-11 02:42:50,-65.369026,23.376343,-80.886925,308.05576,875.9053,-0.0151122995,18171.101333788447,54.0,S_1865
2024-05-11 02:42:51,-65.35558,23.367783,-80.87294,307.68506,875.9108,-0.015516668,18076.86437299702,54.0,S_1865
2024-05-11 02:42:52,-65.34204,23.35923,-80.85895,307.32135,875.90155,-0.015921036,17981.91255325129,54.0,S_1865
2024-05-11 02:42:53,-65.32839,23.350685,-80.85196,306.95767,875.8849,-0.016325405,17881.671925784685,54.0,S_1865
2024-05-11 02:42:54,-65.314644,23.34215,-80.83797,306.59396,875.9182,-0.017256334,17777.793805547175,54.0,S_1865
2024-05-11 02:42:55,-65.3008,23.333622,-80.83097,306.2303,876.02374,-0.012732085,17701.26798330906,54.0,S_1865
2024-05-11 02:42:56,-65.28684,23.325104,-80.816986,305.86658,876.109,-0.016955696,17596.718596174047,54.0,S_1865
2024-05-11 02:42:57,-65.27278,23.316593,-80.80299,305.5029,876.1164,-0.016480876,17497.502212974217,54.0,S_1865
2024-05-11 02:42:58,-65.25862,23.30809,-80.796005,305.1392,876.096,-0.015135168,17406.441848789487,54.0,S_1865
2024-05-11 02:42:59,-65.24436,23.299597,-80.78201,304.7825,876.0923,-0.013165286,17328.33698536832,54.0,S_1865
2024-05-11 02:43:00,-65.229996,23.291111,-80.76803,304.4258,876.0979,-0.012966245,17251.41611907853,54.0,S_1865
2024-05-11 02:43:01,-65.21536,23.282558,-80.754036,304.0691,876.10156,-0.014040167,17164.084296348203,54.0,S_1865
2024-05-11 02:43:02,-65.20064,23.274017,-80.733055,303.7124,876.0997,-0.014476679,17079.27006869743,54.0,S_1865
2024-05-11 02:43:03,-65.18581,23.265486,-80.72606,303.35568,876.0997,-0.014385588,16992.30894197327,54.0,S_1865
2024-05-11 02:43:04,-65.17088,23.256966,-80.712074,302.999,876.0997,-0.014498046,16906.563065120736,54.0,S_1865
2024-05-11 02:43:05,-65.15586,23.248457,-80.69808,302.6493,876.0997,-0.013603075,16826.363977854355,54.0,S_1865
2024-05-11 02:43:06,-65.14075,23.23996,-80.6841,302.2996,876.0997,-0.01522589,16731.931786444267,54.0,S_1865
2024-05-11 02:43:07,-65.125534,23.231472,-80.66312,301.9499,876.0997,-0.01538568,16638.22696394862,54.0,S_1865
2024-05-11 02:43:08,-65.11022,23.222996,-80.649124,301.59317,876.0997,-0.011525029,16568.6876867788,54.0,S_1865
2024-05-11 02:43:09,-65.09481,23.21453,-80.62814,301.24347,876.0997,-0.012604059,16496.348006140084,54.0,S_1865
2024-05-11 02:43:10,-65.0793,23.206076,-80.61416,300.90076,876.0997,-0.012066635,16422.575383273594,54.0,S_1865
2024-05-11 02:43:11,-65.0637,23.197632,-80.59317,300.55106,876.0997,-0.01568467,16330.095963878484,54.0,S_1865
2024-05-11 02:43:12,-65.048,23.1892,-80.579185,300.20834,876.0997,-0.01961867,16211.536371006716,54.0,S_1865
2024-05-11 02:43:13,-65.032196,23.180779,-80.56519,299.86563,876.0997,-0.021251382,16070.62251646406,54.0,S_1865
2024-05-11 02:43:14,-65.016304,23.172367,-80.537224,299.52292,876.0997,-0.021012034,15938.365918940694,54.0,S_1865
2024-05-11 02:43:15,-65.00031,23.163967,-80.516235,299.1802,876.0997,-0.02088085,15813.826290862013,54.0,S_1865
2024-05-11 02:43:16,-64.98422,23.155577,-80.50225,298.84448,876.0997,-0.025660133,15658.05478234384,54.0,S_1865
2024-05-11 02:43:17,-64.96803,23.1472,-80.48826,298.5088,876.0997,-0.02572007,15492.477030471942,54.0,S_1865
2024-05-11 02:43:18,-64.951744,23.138832,-80.46728,298.16608,876.0997,-0.024802638,15342.18865585799,54.0,S_1865
2024-05-11 02:43:19,-64.93536,23.130476,-80.45329,297.83035,876.0997,-0.0218162,15207.798296354376,54.0,S_1865
2024-05-11 02:43:20,-64.918884,23.12213,-80.43231,297.50162,876.0997,-0.018094867,15095.550437604103,54.0,S_1865
2024-05-11 02:43:21,-64.90231,23.113794,-80.41132,297.1659,876.0997,-0.017555915,14983.366840141374,54.0,S_1865
2024-05-11 02:43:22,-64.885635,23.10547,-80.38335,296.8372,876.0997,-0.017829372,14872.810882709364,54.0,S_1865
2024-05-11 02:43:23,-64.868866,23.097158,-80.362366,296.50146,876.0997,-0.0185647,14759.110102070297,54.0,S_1865
2024-05-11 02:43:24,-64.852,23.088856,-80.341385,296.17273,876.0997,-0.020437635,14632.691463006075,54.0,S_1865
2024-05-11 02:43:25,-64.83503,23.080564,-80.320404,295.84402,876.0997,-0.020159043,14510.331325332485,54.0,S_1865
2024-05-11 02:43:26,-64.81797,23.072283,-80.29942,295.52228,876.0997,-0.019544028,14391.586989787933,54.0,S_1865
2024-05-11 02:43:27,-64.80081,23.064014,-80.278435,295.20056,876.0997,-0.020809107,14264.38355593267,54.0,S_1865
2024-05-11 02:43:28,-64.783554,23.055756,-80.257454,294.87885,876.0997,-0.020235522,14134.160161869991,54.0,S_1865
2024-05-11 02:43:29,-64.7662,23.047508,-80.22948,294.5571,876.0997,-0.01894281,14019.047584343236,54.0,S_1865
2024-05-11 02:43:30,-64.74875,23.03927,-80.208496,294.23538,876.0997,-0.017071044,13915.510287012696,54.0,S_1865
2024-05-11 02:43:31,-64.7312,23.031044,-80.187515,293.91364,876.0997,-0.01634599,13818.57214932529,54.0,S_1865
2024-05-11 02:43:32,-64.713554,23.02283,-80.166534,293.5989,876.0997,-0.016957317,13711.843961556537,54.0,S_1865
2024-05-11 02:43:33,-64.69581,23.014626,-80.13856,293.28418,876.0997,-0.019755587,13586.34350288332,54.0,S_1865
2024-05-11 02:43:34,-64.67797,23.006432,-80.11058,292.96945,876.0997,-0.01881933,13473.00918040457,54.0,S_1865
2024-05-11 02:43:35,-64.660034,22.99825,-80.0896,292.6547,876.0997,-0.021424575,13342.065661444767,54.0,S_1865
2024-05-11 02:43:36,-64.642,22.990078,-80.06861,292.33997,876.0997,-0.023117496,13195.190205198516,54.0,S_1865
2024-05-11 02:43:37,-64.62387,22.981916,-80.04064,292.03223,876.0997,-0.02282168,13050.306897607445,54.0,S_1865
2024-05-11 02:43:38,-64.60564,22.973766,-80.012665,291.7245,876.0997,-0.021861266,12914.1943655465,54.0,S_1865
2024-05-11 02:43:39,-64.58731,22.965628,-79.98469,291.42374,876.0997,-0.020946456,12781.183998770055,54.0,S_1865
2024-05-11 02:43:40,-64.568886,22.9575,-79.95671,291.116,876.0997,-0.021066617,12656.738143533155,54.0,S_1865
2024-05-11 02:43:41,-64.55037,22.949383,-79.93573,290.81525,876.0997,-0.020447848,12532.716533865076,54.0,S_1865
2024-05-11 02:43:42,-64.531746,22.941277,-79.91474,290.5075,876.0997,-0.019951474,12410.185245351156,54.0,S_1865
2024-05-11 02:43:43,-64.51303,22.93318,-79.886765,290.21375,876.0997,-0.018438186,12295.312253574633,54.0,S_1865
2024-05-11 02:43:44,-64.494225,22.925097,-79.85879,289.91302,876.0997,-0.017715186,12185.174930960027,54.0,S_1865
2024-05-11 02:43:45,-64.47531,22.917023,-79.83082,289.61227,876.0997,-0.0152283525,12098.419884420717,54.0,S_1865
2024-05-11 02:43:46,-64.45631,22.90896,-79.80983,289.3185,876.0997,-0.017877322,11981.02911760921,54.0,S_1865
2024-05-11 02:43:47,-64.4372,22.900908,-79.774864,289.02475,876.0997,-0.017870663,11871.698301267814,54.0,S_1865
2024-05-11 02:43:48,-64.418,22.892866,-79.74689,288.73102,876.0997,-0.018384654,11750.758126707195,54.0,S_1865
2024-05-11 02:43:49,-64.398705,22.884836,-79.711914,288.43726,876.0997,-0.018898644,11636.381164861928,54.0,S_1865
2024-05-11 02:43:50,-64.3793,22.876818,-79.68394,288.15048,876.0997,-0.019412635,11524.261783021917,54.0,S_1865
2024-05-11 02:43:51,-64.35981,22.868809,-79.66296,287.86374,876.0997,-0.01146153,11456.917972705942,54.0,S_1865
2024-05-11 02:43:52,-64.340225,22.860811,-79.63498,287.57697,876.0997,-0.011678337,11388.562826879926,54.0,S_1865
2024-05-11 02:43:53,-64.32053,22.852825,-79.607,287.29022,876.0997,-0.014140492,11299.764492717804,54.0,S_1865
2024-05-11 02:43:54,-64.30075,22.844849,-79.57203,287.01047,876.0997,-0.016053447,11198.011489080487,54.0,S_1865
2024-05-11 02:43:55,-64.28087,22.836884,-79.53706,286.73068,876.0997,-0.016439307,11098.089661760601,54.0,S_1865
2024-05-11 02:43:56,-64.26089,22.82893,-79.50909,286.44394,876.0997,-0.015808435,11011.130439015087,54.0,S_1865
2024-05-11 02:43:57,-64.240814,22.820986,-79.488106,286.17117,876.0997,-0.015079824,10914.256260680771,54.0,S_1865
2024-05-11 02:43:58,-64.22064,22.813053,-79.45313,285.8914,876.0997,-0.015810657,10821.85446433405,54.0,S_1865
2024-05-11 02:43:59,-64.20037,22.805132,-79.425156,285.61862,876.0997,-0.016541492,10716.962455394809,54.0,S_1865
2024-05-11 02:44:00,-64.18,22.797222,-79.39018,285.34586,876.0997,-0.015963595,10614.484180634712,54.0,S_1865
2024-05-11 02:44:01,-64.15896,22.789309,-79.35522,285.0661,876.0997,-0.014499513,10531.688671258486,54.0,S_1865
2024-05-11 02:44:02,-64.13785,22.781406,-79.32724,284.80032,876.0997,-0.012461776,10459.166826561686,54.0,S_1865
2024-05-11 02:44:03,-64.11665,22.773516,-79.29926,284.52756,876.0997,-0.01320152,10383.526260998862,54.0,S_1865
2024-05-11 02:44:04,-64.095375,22.765636,-79.271286,284.26178,876.0997,-0.013368095,10300.912331502961,54.0,S_1865
2024-05-11 02:44:05,-64.07403,22.757769,-79.23631,283.996,876.0997,-0.012171064,10226.846922995768,54.0,S_1865
2024-05-11 02:44:06,-64.0526,22.749912,-79.20135,283.73022,876.0997,-0.012908271,10149.136797381949,54.0,S_1865
2024-05-11 02:44:07,-64.0311,22.742067,-79.166374,283.47144,876.0997,-0.012714773,10072.409093514092,54.0,S_1865
2024-05-11 02:44:08,-64.009514,22.734234,-79.1314,283.21265,876.0997,-0.012521277,9995.312049858912,54.0,S_1865
2024-05-11 02:44:09,-63.98785,22.72641,-79.096436,282.94687,876.0997,-0.011974308,9928.441241105591,54.0,S_1865
2024-05-11 02:44:10,-63.96611,22.7186,-79.06846,282.68808,876.0997,-0.011485402,9860.299465860704,54.0,S_1865
2024-05-11 02:44:11,-63.944294,22.7108,-79.033485,282.4363,876.0997,-0.010158695,9800.048625436906,54.0,S_1865
2024-05-11 02:44:12,-63.9224,22.70301,-78.99851,282.17752,876.0997,-0.010595869,9742.678472925574,54.0,S_1865
2024-05-11 02:44:13,-63.90043,22.695234,-78.970535,281.92572,876.0997,-0.0107370755,9678.961691243772,54.0,S_1865
2024-05-11 02:44:14,-63.878376,22.687468,-78.93557,281.67395,876.0997,-0.011625074,9609.801244834292,54.0,S_1865
2024-05-11 02:44:15,-63.85625,22.679714,-78.9006,281.42215,876.0997,-0.009752513,9554.198530332766,54.0,S_1865
2024-05-11 02:44:16,-63.834045,22.67197,-78.86562,281.17737,876.0997,-0.010397469,9492.823872005109,54.0,S_1865
2024-05-11 02:44:17,-63.81176,22.664238,-78.83066,280.92557,876.0997,-0.010789355,9430.155207492959,54.0,S_1865
2024-05-11 02:44:18,-63.7894,22.656519,-78.795685,280.6808,876.0997,-0.011181241,9367.971960827594,54.0,S_1865
2024-05-11 02:44:19,-63.76696,22.64881,-78.76771,280.429,876.0997,-0.012131515,9295.554564924096,54.0,S_1865
2024-05-11 02:44:20,-63.744446,22.641111,-78.73274,280.1842,876.0997,-0.014823098,9207.469876916246,54.0,S_1865
2024-05-11 02:44:21,-63.72185,22.633425,-78.69777,279.9464,876.0997,-0.014003777,9117.434364296845,54.0,S_1865
2024-05-11 02:44:22,-63.699177,22.62575,-78.65581,279.7086,876.0997,-0.012550684,9044.302908046948,54.0,S_1865
2024-05-11 02:44:23,-63.676426,22.618086,-78.620834,279.4708,876.0997,-0.01088495,8981.265483719073,54.0,S_1865
2024-05-11 02:44:24,-63.6536,22.610434,-78.58586,279.233,876.0997,-0.014119949,8903.030499145862,54.0,S_1865
2024-05-11 02:44:25,-63.630695,22.602793,-78.557884,278.9952,876.0997,-0.016512798,8802.15138499508,54.0,S_1865
2024-05-11 02:44:26,-63.60771,22.595163,-78.52292,278.7574,876.0997,-0.014551304,8709.142997780353,54.0,S_1865
2024-05-11 02:44:27,-63.58465,22.587545,-78.48095,278.52658,876.0997,-0.016523432,8611.00901470297,54.0,S_1865
2024-05-11 02:44:28,-63.561512,22.579937,-78.445984,278.29578,876.0997,-0.015460571,8511.16466485845,54.0,S_1865
2024-05-11 02:44:29,-63.538296,22.572342,-78.404015,278.06497,876.0997,-0.01439771,8426.405503832728,54.0,S_1865
2024-05-11 02:44:30,-63.515,22.564758,-78.36904,277.83417,876.0997,-0.015712822,8326.262043451465,54.0,S_1865
2024-05-11 02:44:31,-63.491627,22.557184,-78.32708,277.61035,876.0997,-0.015520556,8233.669163856888,54.0,S_1865
2024-05-11 02:44:32,-63.468178,22.549623,-78.29211,277.37955,876.0997,-0.015842212,8132.278119828559,54.0,S_1865
2024-05-11 02:44:33,-63.44465,22.542072,-78.250145,277.15576,876.0997,-0.014986301,8046.571533049539,54.0,S_1865
2024-05-11 02:44:34,-63.421043,22.534533,-78.21517,276.93893,876.0997,-0.015276059,7948.448660013882,54.0,S_1865
2024-05-11 02:44:35,-63.39736,22.527006,-78.17321,276.71512,876.0997,-0.015809596,7855.181557677238,54.0,S_1865
2024-05-11 02:44:36,-63.3736,22.51949,-78.13824,276.4913,876.0997,-0.014289854,7770.872991851266,54.0,S_1865
2024-05-11 02:44:37,-63.349762,22.511984,-78.10327,276.2675,876.0997,-0.014943691,7684.078783554749,54.0,S_1865
2024-05-11 02:44:38,-63.325844,22.50449,-78.0683,276.0507,876.0997,-0.015982822,7592.391773374049,54.0,S_1865
2024-05-11 02:44:39,-63.30185,22.49701,-78.033325,275.84085,876.0997,-0.017698389,7478.460328691305,54.0,S_1865
2024-05-11 02:44:40,-63.27778,22.489538,-77.99136,275.62402,876.0997,-0.01512478,7384.672850823465,54.0,S_1865
2024-05-11 02:44:41,-63.253628,22.482079,-77.9494,275.4142,876.0997,-0.014362809,7301.2798246470065,54.0,S_1865
2024-05-11 02:44:42,-63.2294,22.47463,-77.91443,275.1974,876.0997,-0.013684054,7223.29123741098,54.0,S_1865
2024-05-11 02:44:43,-63.205093,22.467194,-77.879456,274.98758,876.0997,-0.013457981,7139.523930547295,54.0,S_1865
2024-05-11 02:44:44,-63.18071,22.459766,-77.837494,274.77774,876.0997,-0.0141992355,7051.255771781713,54.0,S_1865
2024-05-11 02:44:45,-63.15625,22.452353,-77.795525,274.56793,876.0997,-0.018188203,6944.907384654209,54.0,S_1865
2024-05-11 02:44:46,-63.13171,22.44495,-77.76056,274.3581,876.0997,-0.02217717,6803.750017787646,54.0,S_1865
2024-05-11 02:44:47,-63.107094,22.43756,-77.71859,274.15527,876.0997,-0.015380209,6714.6343521710705,54.0,S_1865
2024-05-11 02:44:48,-63.082397,22.430178,-77.683624,273.94543,876.0997,-0.018402942,6588.0425071614245,54.0,S_1865
2024-05-11 02:44:49,-63.05763,22.42281,-77.63467,273.7426,876.0997,-0.016206458,6487.731798170661,54.0,S_1865
2024-05-11 02:44:50,-63.032776,22.415453,-77.5927,273.5398,876.0997,-0.01719711,6381.901354127637,54.0,S_1865
2024-05-11 02:44:51,-63.00785,22.408106,-77.550735,273.34396,876.0997,-0.013878751,6303.29410108573,54.0,S_1865
2024-05-11 02:44:52,-62.98284,22.40077,-77.51576,273.1411,876.0997,-0.0141353635,6224.220740371987,54.0,S_1865
2024-05-11 02:44:53,-62.95776,22.393448,-77.48079,272.94528,876.0997,-0.013222447,6143.554362716357,54.0,S_1865
2024-05-11 02:44:54,-62.9326,22.386135,-77.43883,272.74945,876.0997,-0.013811758,6059.534932238226,54.0,S_1865
2024-05-11 02:44:55,-62.90736,22.378834,-77.396866,272.55362,876.0997,-0.013951111,5966.497248946249,54.0,S_1865
2024-05-11 02:44:56,-62.882042,22.371546,-77.34791,272.3578,876.0997,-0.012628927,5897.402952959473,54.0,S_1865
2024-05-11 02:44:57,-62.856647,22.364267,-77.312935,272.16196,876.0997,-0.011292554,5830.5019214895765,54.0,S_1865
2024-05-11 02:44:58,-62.831177,22.357,-77.270966,271.9731,876.0997,-0.012706197,5753.195193712586,54.0,S_1865
2024-05-11 02:44:59,-62.805626,22.349745,-77.229004,271.77728,876.0997,-0.012242015,5680.526688786663,54.0,S_1865
2024-05-11 02:45:00,-62.78,22.3425,-77.18704,271.58844,876.0997,-0.013919981,5596.470031817904,54.0,S_1865
2024-05-11 02:45:01,-62.753803,22.335226,-77.14507,271.3996,876.0997,-0.014511516,5516.008225269364,54.0,S_1865
2024-05-11 02:45:02,-62.727543,22.327967,-77.11011,271.21075,876.0997,-0.01377967,5431.883525302528,54.0,S_1865
2024-05-11 02:45:03,-62.701225,22.320717,-77.06814,271.0219,876.0997,-0.008592299,5378.95398835677,54.0,S_1865
2024-05-11 02:45:04,-62.674843,22.313482,-77.01918,270.84006,876.0997,-0.011131545,5313.539483743479,54.0,S_1865
2024-05-11 02:45:05,-62.648403,22.30626,-76.97722,270.6512,876.0997,-0.013252304,5227.202892850688,54.0,S_1865
2024-05-11 02:45:06,-62.6219,22.29905,-76.92826,270.46936,876.0997,-0.014731682,5139.298617775225,54.0,S_1865
2024-05-11 02:45:07,-62.595333,22.291851,-76.88629,270.28754,876.0997,-0.016061967,5050.308143353077,54.0,S_1865
2024-05-11 02:45:08,-62.56871,22.284668,-76.851326,270.10568,876.0997,-0.015865287,4953.168149831322,54.0,S_1865
2024-05-11 02:45:09,-62.542023,22.277496,-76.80936,269.92383,876.0997,-0.015666613,4859.900408615612,54.0,S_1865
2024-05-11 02:45:10,-62.515278,22.270336,-76.767395,269.749,876.0997,-0.013590439,4778.089792438476,54.0,S_1865
2024-05-11 02:45:11,-62.48847,22.26319,-76.725426,269.56714,876.0997,-0.016729886,4667.831691116763,54.0,S_1865
2024-05-11 02:45:12,-62.461597,22.256056,-76.67647,269.39227,876.0997,-0.019213244,4551.668105451788,54.0,S_1865
2024-05-11 02:45:13,-62.43467,22.248936,-76.63451,269.21744,876.0997,-0.022325404,4414.279226997627,54.0,S_1865
2024-05-11 02:45:14,-62.407677,22.241827,-76.59254,269.04257,876.0997,-0.024720844,4264.172480257267,54.0,S_1865
2024-05-11 02:45:15,-62.380623,22.234732,-76.550575,268.87473,876.0997,-0.025009569,4094.156232012091,54.0,S_1865
2024-05-11 02:45:16,-62.35351,22.22765,-76.50162,268.69986,876.0997,-0.024076043,3948.4730088169026,54.0,S_1865
2024-05-11 02:45:17,-62.326336,22.22058,-76.459656,268.532,876.0997,-0.024214277,3797.693313513475,54.0,S_1865
2024-05-11 02:45:18,-62.2991,22.213522,-76.41769,268.35715,876.0997,-0.02357087,3654.068593693999,54.0,S_1865
2024-05-11 02:45:19,-62.2718,22.206476,-76.375725,268.1893,876.0997,-0.024971657,3486.345503403878,54.0,S_1865
2024-05-11 02:45:20,-62.244442,22.199446,-76.32677,268.02142,876.0997,-0.024554925,3339.6153773642836,54.0,S_1865
2024-05-11 02:45:21,-62.217022,22.192427,-76.2848,267.86057,876.0997,-0.025254576,3184.168799312886,54.0,S_1865
2024-05-11 02:45:22,-62.189545,22.18542,-76.242836,267.69272,876.0997,-0.024796365,3017.033917775054,54.0,S_1865
2024-05-11 02:45:23,-62.162003,22.178427,-76.19388,267.52484,876.0997,-0.024968078,2863.8450466713666,54.0,S_1865
2024-05-11 02:45:24,-62.1344,22.171446,-76.15191,267.357,876.0997,-0.02573748,2707.97542239585,54.0,S_1865
2024-05-11 02:45:25,-62.106735,22.164476,-76.10995,267.19614,876.0997,-0.026130663,2549.2292673455668,54.0,S_1865
2024-05-11 02:45:26,-62.07901,22.157522,-76.06798,267.03528,876.0997,-0.026381817,2372.9832052775055,54.0,S_1865
2024-05-11 02:45:27,-62.051224,22.15058,-76.01902,266.8744,876.0997,-0.026148163,2217.7579320299737,54.0,S_1865
2024-05-11 02:45:28,-62.023376,22.143648,-75.97706,266.72052,876.0997,-0.025731593,2060.7432277450444,54.0,S_1865
2024-05-11 02:45:29,-61.99547,22.136732,-75.9351,266.55966,876.0997,-0.024640419,1896.0334640212295,54.0,S_1865
2024-05-11 02:45:30,-61.9675,22.129827,-75.88613,266.3988,876.0997,-0.02380825,1754.8700520295897,54.0,S_1865
2024-05-11 02:45:31,-61.93947,22.122934,-75.84417,266.24493,876.0997,-0.023760999,1609.8240490430162,54.0,S_1865
2024-05-11 02:45:32,-61.911377,22.116056,-75.80221,266.08408,876.0997,-0.024417343,1463.6415807334251,54.0,S_1865
2024-05-11 02:45:33,-61.883224,22.10919,-75.76024,265.9302,876.0997,-0.023766423,1306.9954097211594,54.0,S_1865
2024-05-11 02:45:34,-61.85501,22.102337,-75.71128,265.77634,876.0997,-0.023530724,1152.5636357942458,54.0,S_1865
2024-05-11 02:45:35,-61.826736,22.095495,-75.66232,265.62247,876.0997,-0.024933117,988.2116276058186,54.0,S_1865
2024-05-11 02:45:36,-61.798397,22.088667,-75.613365,265.4686,876.0997,-0.0245484,844.142384090339,54.0,S_1865
2024-05-11 02:45:37,-61.77,22.081852,-75.571396,265.32172,876.0997,-0.023376655,703.2372825017101,54.0,S_1865
2024-05-11 02:45:38,-61.741543,22.075048,-75.529434,265.16785,876.0997,-0.022508528,557.0604822092446,54.0,S_1865
2024-05-11 02:45:39,-61.713024,22.06826,-75.48048,265.02097,876.0997,-0.022719728,423.6984713662987,54.0,S_1865
2024-05-11 02:45:40,-61.684444,22.061481,-75.438515,264.87408,876.0997,-0.027027395,246.0763393146226,54.0,S_1865
2024-05-11 02:45:41,-61.6558,22.054718,-75.38955,264.7272,876.0997,-0.026901815,69.91136691976499,54.0,S_1865
2024-05-11 02:45:42,-61.627098,22.047966,-75.34059,264.58032,876.0997,-0.0238355,-71.00703145952684,54.0,S_1865
2024-05-11 02:45:43,-61.598335,22.041227,-75.29863,264.43344,876.0997,-0.023819335,-227.16570630973547,54.0,S_1865
2024-05-11 02:45:44,-61.56951,22.0345,-75.24967,264.2866,876.0997,-0.024517342,-369.56702958893766,54.0,S_1865
2024-05-11 02:45:45,-61.540623,22.027786,-75.2077,264.1467,876.0997,-0.02446805,-530.6973694386943,54.0,S_1865
2024-05-11 02:45:46,-61.511677,22.021086,-75.158745,263.99982,876.0997,-0.024602145,-692.0203879552937,54.0,S_1865
2024-05-11 02:45:47,-61.48267,22.014399,-75.10979,263.85294,876.0997,-0.024624,-835.6235383352923,54.0,S_1865
2024-05-11 02:45:48,-61.453598,22.007723,-75.067825,263.71307,876.0997,-0.024275834,-993.0447646329449,54.0,S_1865
2024-05-11 02:45:49,-61.42447,22.00106,-75.01887,263.57318,876.0997,-0.02489658,-1154.0844506194953,54.0,S_1865
2024-05-11 02:45:50,-61.395275,21.99441,-74.9699,263.4333,876.0997,-0.025067838,-1316.4454054260495,54.0,S_1865
2024-05-11 02:45:51,-61.366024,21.987774,-74.920944,263.29343,876.0997,-0.02311359,-1451.6066444542266,54.0,S_1865
2024-05-11 02:45:52,-61.336708,21.98115,-74.87898,263.15353,876.0997,-0.02242825,-1583.477602836805,54.0,S_1865
2024-05-11 02:45:53,-61.307335,21.974537,-74.83702,263.01364,876.0997,-0.023125345,-1731.1228357569507,54.0,S_1865
2024-05-11 02:45:54,-61.277897,21.967937,-74.788055,262.88077,876.0997,-0.02396832,-1883.911206683366,54.0,S_1865
2024-05-11 02:45:55,-61.2484,21.961351,-74.7391,262.74786,876.0997,-0.023507247,-2033.7547777260988,54.0,S_1865
2024-05-11 02:45:56,-61.21884,21.954779,-74.69014,262.615,876.0997,-0.02248364,-2166.019605098818,54.0,S_1865
2024-05-11 02:45:57,-61.189224,21.948217,-74.64818,262.4751,876.0997,-0.022881191,-2312.62783092837,54.0,S_1865
2024-05-11 02:45:58,-61.159542,21.94167,-74.59922,262.34222,876.0997,-0.020658344,-2443.745714681467,54.0,S_1865
2024-05-11 02:45:59,-61.129803,21.935135,-74.55026,262.20932,876.0997,-0.021393389,-2579.971612446865,54.0,S_1865
2024-05-11 02:46:00,-61.1,21.928612,-74.5013,262.07645,876.0997,-0.0215649,-2717.502618242157,54.0,S_1865
2024-05-11 02:46:01,-61.07038,21.922195,-74.45234,261.94354,876.0997,-0.022186767,-2859.3795046184932,54.0,S_1865
2024-05-11 02:46:02,-61.04069,21.915789,-74.40338,261.81067,876.0997,-0.022282392,-2985.407767713892,54.0,S_1865
2024-05-11 02:46:03,-61.010937,21.909391,-74.36142,261.68475,876.0997,-0.023091156,-3120.5054228323334,54.0,S_1865
2024-05-11 02:46:04,-60.98111,21.903004,-74.31945,261.55188,876.0997,-0.021467505,-3256.1036511542898,54.0,S_1865
2024-05-11 02:46:05,-60.951214,21.896626,-74.27049,261.426,876.0997,-0.019843854,-3395.56712655742,54.0,S_1865
2024-05-11 02:46:06,-60.92125,21.890257,-74.21454,261.2931,876.0997,-0.018664507,-3511.1288276225623,54.0,S_1865
2024-05-11 02:46:07,-60.891212,21.883898,-74.16558,261.1672,876.0997,-0.017934313,-3622.8793094516022,54.0,S_1865
2024-05-11 02:46:08,-60.86111,21.877548,-74.11662,261.04132,876.0997,-0.017582074,-3730.264182322704,54.0,S_1865
2024-05-11 02:46:09,-60.830936,21.871208,-74.067665,260.92242,876.10156,-0.017076612,-3836.645694650326,54.0,S_1865
2024-05-11 02:46:10,-60.800694,21.864878,-74.01871,260.7965,876.0979,-0.016911294,-3931.4057819187547,54.0,S_1865
2024-05-11 02:46:11,-60.77038,21.858557,-73.97674,260.67062,876.0941,-0.017046914,-4027.9029165423453,54.0,S_1865
2024-05-11 02:46:12,-60.739998,21.852245,-73.93478,260.54474,876.10345,-0.016956639,-4132.372782588369,54.0,S_1865
2024-05-11 02:46:13,-60.709545,21.845943,-73.88582,260.42584,876.1256,-0.016979419,-4238.5159471738625,54.0,S_1865
2024-05-11 02:46:14,-60.679024,21.839651,-73.83686,260.29993,876.1164,-0.017788248,-4347.857181266716,54.0,S_1865
2024-05-11 02:46:15,-60.648434,21.833368,-73.7879,260.18103,876.03485,-0.018187309,-4460.0709490467325,54.0,S_1865
2024-05-11 02:46:16,-60.617775,21.827095,-73.738945,260.06213,875.9275,-0.018396227,-4573.788108479617,54.0,S_1865
2024-05-11 02:46:17,-60.587048,21.820833,-73.68998,259.94324,875.8849,-0.017666671,-4685.004037598421,54.0,S_1865
2024-05-11 02:46:18,-60.556248,21.814579,-73.64102,259.81735,875.89966,-0.016110208,-4783.664716056202,54.0,S_1865
2024-05-11 02:46:19,-60.52538,21.808334,-73.592064,259.69843,875.9108,-0.014587454,-4882.033725916483,54.0,S_1865
2024-05-11 02:46:20,-60.494442,21.8021,-73.53611,259.57953,875.9071,-0.013703482,-4953.763208309931,54.0,S_1865
2024-05-11 02:46:21,-60.463436,21.795874,-73.49415,259.46762,875.9034,-0.013575144,-5036.946907058307,54.0,S_1865
2024-05-11 02:46:22,-60.432358,21.78966,-73.44519,259.34872,875.9034,-0.013862443,-5121.170362435334,54.0,S_1865
2024-05-11 02:46:23,-60.401215,21.783453,-73.39623,259.22983,875.9053,-0.014977104,-5211.025751416175,54.0,S_1865
2024-05-11 02:46:24,-60.37,21.777256,-73.347275,259.11792,875.9053,-0.014696797,-5299.269466136488,54.0,S_1865
2024-05-11 02:46:25,-60.33871,21.77107,-73.29831,259.006,875.9053,-0.014793809,-5399.747749661668,54.0,S_1865
2024-05-11 02:46:26,-60.307358,21.764893,-73.24236,258.88712,875.9053,-0.015717003,-5493.891772317986,54.0,S_1865
2024-05-11 02:46:27,-60.275936,21.758724,-73.1934,258.7752,875.9053,-0.01521053,-5585.7449811392435,54.0,S_1865
2024-05-11 02:46:28,-60.244442,21.752567,-73.14444,258.6633,875.9053,-0.015006872,-5676.347331540899,54.0,S_1865
2024-05-11 02:46:29,-60.21288,21.746418,-73.09548,258.5514,875.9053,-0.016646063,-5777.794598743514,54.0,S_1865
2024-05-11 02:46:30,-60.181248,21.740278,-73.046524,258.43948,875.9053,-0.01659073,-5878.9617990662755,54.0,S_1865
2024-05-11 02:46:31,-60.149548,21.73415,-72.99757,258.3276,875.9053,-0.01627486,-5978.15400763704,54.0,S_1865
2024-05-11 02:46:32,-60.117775,21.72803,-72.94861,258.2157,875.9053,-0.015994722,-6073.594001879534,54.0,S_1865
2024-05-11 02:46:33,-60.085934,21.721918,-72.89965,258.11078,875.9053,-0.015450114,-6167.661358076739,54.0,S_1865
2024-05-11 02:46:34,-60.054024,21.715818,-72.85069,257.99887,875.9053,-0.013777979,-6250.673115520629,54.0,S_1865
2024-05-11 02:46:35,-60.022045,21.709726,-72.80173,257.88696,875.9053,-0.013083782,-6327.512308890211,54.0,S_1865
2024-05-11 02:46:36,-59.989998,21.703646,-72.75277,257.78204,875.9053,-0.012895853,-6404.969474094372,54.0,S_1865
2024-05-11 02:46:37,-59.95788,21.697573,-72.70381,257.67014,875.9053,-0.0127079245,-6479.498076389837,54.0,S_1865
2024-05-11 02:46:38,-59.92569,21.691511,-72.654854,257.56525,875.9053,-0.0135976495,-6559.996979660993,54.0,S_1865
2024-05-11 02:46:39,-59.893436,21.685457,-72.605896,257.46033,875.9053,-0.0137687465,-6641.675149663333,54.0,S_1865
2024-05-11 02:46:40,-59.861107,21.679415,-72.55694,257.3554,875.9053,-0.014318843,-6728.8552878809405,54.0,S_1865
2024-05-11 02:46:41,-59.828712,21.67338,-72.50798,257.2435,875.9053,-0.014830823,-6815.6032065641775,54.0,S_1865
2024-05-11 02:46:42,-59.796246,21.667356,-72.45902,257.1456,875.9053,-0.0148879215,-6914.853077932996,54.0,S_1865
2024-05-11 02:46:43,-59.763714,21.661343,-72.40307,257.04068,875.9053,-0.014941771,-7011.908085599283,54.0,S_1865
2024-05-11 02:46:44,-59.73111,21.655336,-72.347115,256.94275,875.9053,-0.015450749,-7104.205986646541,54.0,S_1865
2024-05-11 02:46:45,-59.698433,21.649342,-72.29816,256.83786,875.9053,-0.014310963,-7189.864802628668,54.0,S_1865
2024-05-11 02:46:46,-59.66569,21.643354,-72.2492,256.73294,875.9053,-0.013578532,-7270.823417995334,54.0,S_1865
2024-05-11 02:46:47,-59.632877,21.637379,-72.20023,256.62802,875.9053,-0.013562598,-7349.994483237988,54.0,S_1865
2024-05-11 02:46:48,-59.6,21.631413,-72.151276,256.53012,875.9053,-0.0130894035,-7428.009956897171,54.0,S_1865
2024-05-11 02:46:49,-59.567047,21.625454,-72.10232,256.4252,875.9053,-0.012095864,-7497.902065041773,54.0,S_1865
2024-05-11 02:46:50,-59.534023,21.619507,-72.05336,256.32727,875.9053,-0.011102324,-7563.034579241428,54.0,S_1865
2024-05-11 02:46:51,-59.500935,21.61357,-72.0044,256.22235,875.9053,-0.011008911,-7626.047342964539,54.0,S_1865
2024-05-11 02:46:52,-59.467773,21.607641,-71.955444,256.12445,875.9053,-0.011330847,-7691.312454810444,54.0,S_1865
2024-05-11 02:46:53,-59.434547,21.60172,-71.90649,256.02652,875.9053,-0.011387808,-7764.678676384026,54.0,S_1865
2024-05-11 02:46:54,-59.401245,21.595812,-71.85053,255.92862,875.9053,-0.010385904,-7830.137992151529,54.0,S_1865
2024-05-11 02:46:55,-59.367878,21.589912,-71.79458,255.83069,875.90155,-0.009877536,-7885.365109316341,54.0,S_1865
2024-05-11 02:46:56,-59.334442,21.584023,-71.74562,255.73277,875.90155,-0.008880922,-7933.922952931578,54.0,S_1865
2024-05-11 02:46:57,-59.300934,21.57814,-71.69666,255.64185,875.9182,-0.0093551185,-7986.832579683416,54.0,S_1865
2024-05-11 02:46:58,-59.267357,21.57227,-71.647705,255.54393,875.9182,-0.00960142,-8041.260622084013,54.0,S_1865
2024-05-11 02:46:59,-59.23371,21.566408,-71.59874,255.44601,875.8441,-0.009806972,-8095.795439259673,54.0,S_1865
2024-05-11 02:47:00,-59.199997,21.560556,-71.54978,255.35509,875.73486,-0.0096402215,-8150.6814235632555,54.0,S_1865
2024-05-11 02:47:01,-59.164818,21.554682,-71.500824,255.25717,875.683,-0.00864394,-8204.843424728046,54.0,S_1865
2024-05-11 02:47:02,-59.12962,21.548819,-71.44487,255.15926,875.69226,-0.008062323,-8247.588825966763,54.0,S_1865
2024-05-11 02:47:03,-59.0944,21.542965,-71.39591,255.06833,875.71265,-0.0089879595,-8297.2101112805,54.0,S_1865
2024-05-11 02:47:04,-59.059155,21.537123,-71.346954,254.97742,875.7145,-0.010213484,-8356.005205724736,54.0,S_1865
2024-05-11 02:47:05,-59.023888,21.531292,-71.298,254.8795,875.7089,-0.011103367,-8419.040062448134,54.0,S_1865
2024-05-11 02:47:06,-58.988598,21.52547,-71.24904,254.78857,875.7089,-0.011459983,-8492.326250711825,54.0,S_1865
2024-05-11 02:47:07,-58.953285,21.519659,-71.193085,254.69765,875.7108,-0.011141399,-8562.573295211492,54.0,S_1865
2024-05-11 02:47:08,-58.917953,21.51386,-71.13713,254.60672,875.7108,-0.008976256,-8611.477091411134,54.0,S_1865
2024-05-11 02:47:09,-58.8826,21.50807,-71.08817,254.51581,875.7108,-0.0064703273,-8645.276053105334,54.0,S_1865
2024-05-11 02:47:10,-58.84722,21.502293,-71.039215,254.42488,875.7108,-0.0060006334,-8676.103721832242,54.0,S_1865
2024-05-11 02:47:11,-58.81182,21.496525,-70.99026,254.33395,875.7108,-0.009296607,-8728.013198423841,54.0,S_1865
2024-05-11 02:47:12,-58.776398,21.490767,-70.9413,254.24303,875.7108,-0.014765279,-8824.948534783764,54.0,S_1865
2024-05-11 02:47:13,-58.74095,21.48502,-70.885345,254.1521,875.7108,-0.009478953,-8883.69634700714,54.0,S_1865
2024-05-11 02:47:14,-58.705486,21.479284,-70.82939,254.06119,875.7108,-0.008176813,-8926.661034636008,54.0,S_1865
2024-05-11 02:47:15,-58.67,21.473558,-70.78043,253.97725,875.7108,-0.012377543,-8998.596644100251,54.0,S_1865
2024-05-11 02:47:16,-58.634487,21.467844,-70.731476,253.88634,875.7108,-0.011501133,-9063.350601777594,54.0,S_1865
2024-05-11 02:47:17,-58.598953,21.462141,-70.68251,253.8024,875.7108,-0.014404736,-9148.399809542718,54.0,S_1865
2024-05-11 02:47:18,-58.563396,21.456448,-70.63355,253.71147,875.7108,-0.014602934,-9242.794700834142,54.0,S_1865
2024-05-11 02:47:19,-58.52782,21.450766,-70.5776,253.62755,875.7108,-0.013942598,-9333.579478521468,54.0,S_1865
2024-05-11 02:47:20,-58.49222,21.445093,-70.52165,253.53662,875.7108,-0.00930045,-9390.211814165159,54.0,S_1865
2024-05-11 02:47:21,-58.456596,21.439432,-70.4657,253.4527,875.7108,-0.016141083,-9483.699175779999,54.0,S_1865
2024-05-11 02:47:22,-58.42095,21.43378,-70.41674,253.36876,875.7108,-0.01941617,-9601.345743832402,54.0,S_1865
2024-05-11 02:47:23,-58.38529,21.42814,-70.36778,253.27785,875.7108,-0.019657012,-9717.870385295486,54.0,S_1865
2024-05-11 02:47:24,-58.349598,21.422512,-70.31882,253.19391,875.7108,-0.022019582,-9846.669156033744,54.0,S_1865
2024-05-11 02:47:25,-58.31389,21.416893,-70.26986,253.11697,875.71265,-0.024306305,-9992.92062308264,54.0,S_1865
2024-05-11 02:47:26,-58.278152,21.411283,-70.2209,253.03305,875.7089,-0.026593026,-10171.84628749824,54.0,S_1865
2024-05-11 02:47:27,-58.242397,21.405687,-70.16495,252.94911,875.70526,-0.021309804,-10315.646523226686,54.0,S_1865
2024-05-11 02:47:28,-58.20662,21.4001,-70.10899,252.8582,875.7145,-0.018824046,-10437.11294254954,54.0,S_1865
2024-05-11 02:47:29,-58.170822,21.394524,-70.05305,252.78127,875.73676,-0.010493267,-10495.48376818905,54.0,S_1865
2024-05-11 02:47:30,-58.135,21.388958,-70.00408,252.69733,875.7274,0.020740734,-10359.457021745911,54.0,S_1865
2024-05-11 02:47:31,-58.099155,21.383404,-69.955124,252.62039,875.646,-0.005532544,-10387.297461371443,54.0,S_1865
2024-05-11 02:47:32,-58.063286,21.37786,-69.906166,252.53647,875.5386,-0.004273561,-10409.978691364366,54.0,S_1865
2024-05-11 02:47:33,-58.027397,21.372326,-69.85021,252.45253,875.4959,0.005620414,-10362.945025711844,54.0,S_1865
2024-05-11 02:47:34,-57.991486,21.366802,-69.79426,252.3756,875.5089,0.016941596,-10249.529390550193,54.0,S_1865
2024-05-11 02:47:35,-57.955555,21.36129,-69.7453,252.29866,875.52185,-0.04593318,-10534.21365978479,54.0,S_1865
2024-05-11 02:47:36,-57.919598,21.35579,-69.69634,252.21474,875.5163,-0.057339404,-10923.649540501987,54.0,S_1865
2024-05-11 02:47:37,-57.88362,21.350298,-69.64039,252.1378,875.5145,0.050917387,-10556.866303574236,54.0,S_1865
2024-05-11 02:47:38,-57.847622,21.344818,-69.584435,252.05388,875.5145,0.022622071,-10392.002192206932,54.0,S_1865
2024-05-11 02:47:39,-57.8116,21.339348,-69.52849,251.97694,875.5163,-0.005673245,-10419.31491230928,54.0,S_1865
2024-05-11 02:47:40,-57.775555,21.333889,-69.47952,251.90001,875.5163,-0.021682225,-10550.342068095202,54.0,S_1865
2024-05-11 02:47:41,-57.739487,21.32844,-69.430565,251.81607,875.5163,-0.037691206,-10778.284145418762,54.0,S_1865
2024-05-11 02:47:42,-57.7034,21.323002,-69.38161,251.73914,875.5163,0.001919955,-10757.742466311112,54.0,S_1865
2024-05-11 02:47:43,-57.667286,21.317575,-69.32565,251.6622,875.5163,0.041531116,-10461.39179084499,54.0,S_1865
2024-05-11 02:47:44,-57.631153,21.312159,-69.26971,251.58527,875.5163,0.034606125,-10236.90446712477,54.0,S_1865
2024-05-11 02:47:45,-57.594997,21.306753,-69.22074,251.50833,875.5163,0.027681135,-10056.500554095617,54.0,S_1865
2024-05-11 02:47:46,-57.558823,21.301357,-69.17178,251.4314,875.5163,-0.012549764,-10127.844685578553,54.0,S_1865
2024-05-11 02:47:47,-57.52262,21.295973,-69.122826,251.35446,875.5163,-0.04222013,-10414.252331256337,54.0,S_1865
2024-05-11 02:47:48,-57.4864,21.2906,-69.06687,251.27753,875.5163,-0.028039336,-10581.913395175065,54.0,S_1865
2024-05-11 02:47:49,-57.450153,21.285236,-69.017914,251.20059,875.5163,-0.013858544,-10669.518939943171,54.0,S_1865
2024-05-11 02:47:50,-57.413887,21.279884,-68.96196,251.13065,875.5163,0.00032225042,-10659.333823706713,54.0,S_1865
2024-05-11 02:47:51,-57.377598,21.274542,-68.906006,251.05371,875.5163,0.014503044,-10562.172889908972,54.0,S_1865
2024-05-11 02:47:52,-57.34129,21.26921,-68.85705,250.98378,875.5163,0.018937841,-10436.12845916268,54.0,S_1865
2024-05-11 02:47:53,-57.304955,21.26389,-68.80809,250.90685,875.5163,0.049307525,-10091.039107692812,54.0,S_1865
2024-05-11 02:47:54,-57.2686,21.25858,-68.75214,250.8369,875.51263,0.06534465,-9627.17489432429,54.0,S_1865
2024-05-11 02:47:55,-57.23222,21.25328,-68.69618,250.75996,875.51263,-0.0011267001,-9626.850678630855,54.0,S_1865
2024-05-11 02:47:56,-57.19582,21.247992,-68.640236,250.69002,875.5256,-0.008450709,-9677.939381481705,54.0,S_1865
2024-05-11 02:47:57,-57.1594,21.242714,-68.58428,250.61308,875.5256,-0.01577472,-9767.103169830481,54.0,S_1865
2024-05-11 02:47:58,-57.122955,21.237446,-68.535324,250.54315,875.4682,-0.02618316,-9943.06580574229,54.0,S_1865
2024-05-11 02:47:59,-57.086487,21.23219,-68.47937,250.4662,875.37744,-0.031632666,-10130.150066099137,54.0,S_1865
2024-05-11 02:48:00,-57.05,21.226944,-68.43041,250.39627,875.31445,-0.033669993,-10330.897525660168,54.0,S_1865
2024-05-11 02:48:01,-57.01406,21.221794,-68.38145,250.32632,875.30896,-0.039281666,-10593.839118447757,54.0,S_1865
2024-05-11 02:48:02,-56.97808,21.216654,-68.3255,250.25638,875.3237,-0.044893343,-10863.280951977273,54.0,S_1865
2024-05-11 02:48:03,-56.942062,21.211521,-68.276535,250.18645,875.3237,-0.027528431,-11045.585426276804,54.0,S_1865
2024-05-11 02:48:04,-56.906,21.206394,-68.22059,250.1165,875.32,0.007642251,-10985.060715812759,54.0,S_1865
2024-05-11 02:48:05,-56.869896,21.201277,-68.164635,250.04655,875.32,-0.024377715,-11145.002060402116,54.0,S_1865
2024-05-11 02:48:06,-56.833748,21.196167,-68.10868,249.97662,875.3219,-0.028794207,-11315.336827883906,54.0,S_1865
2024-05-11 02:48:07,-56.79756,21.191063,-68.05972,249.90668,875.3219,-0.020585667,-11435.757392221529,54.0,S_1865
2024-05-11 02:48:08,-56.761333,21.185968,-68.010765,249.83675,875.32,-0.025719628,-11588.057472800396,54.0,S_1865
2024-05-11 02:48:09,-56.725063,21.180882,-67.96181,249.7668,875.32,-0.025537688,-11757.120309938824,54.0,S_1865
2024-05-11 02:48:10,-56.68875,21.175802,-67.90585,249.69685,875.32,-0.02423686,-11916.431320853118,54.0,S_1865
2024-05-11 02:48:11,-56.652397,21.17073,-67.8499,249.62692,875.3219,-0.0057132985,-11947.958259350335,54.0,S_1865
2024-05-11 02:48:12,-56.616,21.165667,-67.793945,249.55698,875.3219,-0.009546342,-12004.815441403125,54.0,S_1865
2024-05-11 02:48:13,-56.579563,21.16061,-67.73799,249.49403,875.32,-0.013379386,-12089.456455380561,54.0,S_1865
2024-05-11 02:48:14,-56.543083,21.155561,-67.68204,249.42409,875.32,-0.02329836,-12223.193266785498,54.0,S_1865
2024-05-11 02:48:15,-56.50656,21.15052,-67.63308,249.36115,875.3219,-0.010477395,-12281.406077867801,54.0,S_1865
2024-05-11 02:48:16,-56.47,21.145487,-67.58412,249.2912,875.3219,-0.014011389,-12361.525468250578,54.0,S_1865
2024-05-11 02:48:17,-56.433395,21.140463,-67.535164,249.22125,875.3163,-0.026054364,-12531.53199213779,54.0,S_1865
2024-05-11 02:48:18,-56.39675,21.135445,-67.47921,249.15831,875.3126,-0.0074430704,-12570.101523464256,54.0,S_1865
2024-05-11 02:48:19,-56.36006,21.130434,-67.43025,249.08836,875.32556,-0.014092948,-12658.889456776333,54.0,S_1865
2024-05-11 02:48:20,-56.323334,21.125433,-67.3743,249.02542,875.3422,-0.018686522,-12778.229726004105,54.0,S_1865
2024-05-11 02:48:21,-56.286564,21.120438,-67.318344,248.96248,875.30707,-0.02068144,-12911.19976467066,54.0,S_1865
2024-05-11 02:48:22,-56.24975,21.11545,-67.26239,248.89952,875.2015,-0.02267636,-13057.79850446024,54.0,S_1865
2024-05-11 02:48:23,-56.212894,21.110472,-67.206436,248.83658,875.11633,-0.0071952175,-13099.931578378848,54.0,S_1865
2024-05-11 02:48:24,-56.176,21.1055,-67.15049,248.76663,875.1089,-0.008858295,-13146.139467761783,54.0,S_1865
2024-05-11 02:48:25,-56.13906,21.100536,-67.101524,248.70369,875.1293,-0.010521373,-13203.479080008487,54.0,S_1865
2024-05-11 02:48:26,-56.10208,21.095581,-67.05257,248.64075,875.1311,-0.014845602,-13297.759414059276,54.0,S_1865
2024-05-11 02:48:27,-56.065063,21.090631,-66.99661,248.5778,875.12555,-0.015374724,-13394.83328170413,54.0,S_1865
2024-05-11 02:48:28,-56.028,21.085691,-66.94067,248.51485,875.12366,-0.011512373,-13467.094068245744,54.0,S_1865
2024-05-11 02:48:29,-55.990894,21.08076,-66.88471,248.44492,875.12555,-0.014957951,-13561.30540467983,54.0,S_1865
2024-05-11 02:48:30,-55.95375,21.075834,-66.82876,248.38196,875.12744,-0.017240398,-13659.086807221716,54.0,S_1865
2024-05-11 02:48:31,-55.91656,21.070915,-66.7798,248.31902,875.12744,-0.008168615,-13702.199015725711,54.0,S_1865
2024-05-11 02:48:32,-55.879333,21.066006,-66.73084,248.25607,875.12555,-0.012624999,-13781.538007417284,54.0,S_1865
2024-05-11 02:48:33,-55.842064,21.061104,-66.67489,248.19312,875.12555,-0.014515189,-13872.979501496486,54.0,S_1865
2024-05-11 02:48:34,-55.80475,21.05621,-66.618935,248.13017,875.12744,-0.014042675,-13961.229570251533,54.0,S_1865
2024-05-11 02:48:35,-55.767395,21.051323,-66.56298,248.06723,875.12744,-0.0053743715,-13985.72292983382,54.0,S_1865
2024-05-11 02:48:36,-55.73,21.046444,-66.51402,248.01128,875.1219,-0.0059501845,-14019.63476829658,54.0,S_1865
2024-05-11 02:48:37,-55.692562,21.041574,-66.45807,247.94833,875.1181,-0.008873401,-14065.16472302708,54.0,S_1865
2024-05-11 02:48:38,-55.655083,21.03671,-66.40911,247.89238,875.1311,-0.012460688,-14145.359076603616,54.0,S_1865
2024-05-11 02:48:39,-55.61756,21.031855,-66.35316,247.82243,875.1478,-0.008411078,-14195.109423751297,54.0,S_1865
2024-05-11 02:48:40,-55.579998,21.027006,-66.2972,247.75949,875.1126,-0.004674979,-14218.818905823719,54.0,S_1865
2024-05-11 02:48:41,-55.542397,21.022167,-66.24125,247.70354,875.007,-0.004181508,-14239.847400002043,54.0,S_1865
2024-05-11 02:48:42,-55.50475,21.017334,-66.185295,247.6406,874.9218,-0.004117512,-14259.82446692627,54.0,S_1865
2024-05-11 02:48:43,-55.467064,21.012508,-66.12935,247.58464,874.9144,-0.0006379592,-14256.038246975353,54.0,S_1865
2024-05-11 02:48:44,-55.429333,21.007692,-66.08038,247.52869,874.9348,0.00023918925,-14247.783209662235,54.0,S_1865
2024-05-11 02:48:45,-55.391563,21.002882,-66.031425,247.46573,874.93665,-0.0050331913,-14275.436478852069,54.0,S_1865
2024-05-11 02:48:46,-55.35375,20.998081,-65.97548,247.40279,874.93115,-0.003997204,-14294.647437974123,54.0,S_1865
2024-05-11 02:48:47,-55.315895,20.993286,-65.919525,247.34683,874.92926,-0.004685674,-14319.213031965843,54.0,S_1865
2024-05-11 02:48:48,-55.278,20.9885,-65.86357,247.28389,874.93115,-0.0020466275,-14325.290207252601,54.0,S_1865
2024-05-11 02:48:49,-55.240063,20.983723,-65.80762,247.22794,874.9329,-0.0024808706,-14334.411680964175,54.0,S_1865
2024-05-11 02:48:50,-55.202084,20.97895,-65.75166,247.17198,874.93115,-0.0033575082,-14347.057616166807,54.0,S_1865
2024-05-11 02:48:51,-55.164062,20.974188,-65.702705,247.11603,874.93115,-0.0040370165,-14365.237602560062,54.0,S_1865
2024-05-11 02:48:52,-55.126,20.969433,-65.65375,247.05309,874.93115,-0.0054375455,-14395.076744208214,54.0,S_1865
2024-05-11 02:48:53,-55.087894,20.964685,-65.59779,246.99713,874.9329,-0.0040275245,-14414.671706898615,54.0,S_1865
2024-05-11 02:48:54,-55.04975,20.959946,-65.54184,246.94118,874.9329,-0.003757724,-14432.45469365304,54.0,S_1865
2024-05-11 02:48:55,-55.011562,20.955214,-65.485886,246.88522,874.92737,0.0009268862,-14418.469314136431,54.0,S_1865
2024-05-11 02:48:56,-54.97333,20.950489,-65.42993,246.82228,874.92737,-0.005813524,-14445.917979147158,54.0,S_1865
2024-05-11 02:48:57,-54.935062,20.945772,-65.380974,246.76633,874.94775,-0.005078028,-14473.500287331915,54.0,S_1865
2024-05-11 02:48:58,-54.89675,20.941063,-65.32502,246.71037,874.95886,-0.0073852213,-14510.59750687663,54.0,S_1865
2024-05-11 02:48:59,-54.858395,20.936361,-65.27606,246.65442,874.9163,-0.0036836844,-14528.770657407567,54.0,S_1865
2024-05-11 02:49:00,-54.82,20.931667,-65.22011,246.59846,874.8107,-0.010120204,-14589.663966362132,54.0,S_1865
2024-05-11 02:49:01,-54.781235,20.927023,-65.16416,246.54251,874.72736,-0.0047233175,-14614.054336775884,54.0,S_1865
2024-05-11 02:49:02,-54.74244,20.922384,-65.10821,246.48656,874.72,-0.010128224,-14673.830480453844,54.0,S_1865
2024-05-11 02:49:03,-54.703613,20.917751,-65.05225,246.4376,874.7403,-0.016695457,-14779.449872936892,54.0,S_1865
2024-05-11 02:49:04,-54.664757,20.913126,-64.9963,246.38165,874.7422,-0.009146633,-14827.347277821918,54.0,S_1865
2024-05-11 02:49:05,-54.625866,20.908506,-64.94734,246.3257,874.73663,-0.0020029042,-14834.187306135838,54.0,S_1865
2024-05-11 02:49:06,-54.58695,20.903893,-64.89139,246.26974,874.7348,0.00061076274,-14822.906191701764,54.0,S_1865
2024-05-11 02:49:07,-54.548,20.899286,-64.84243,246.21379,874.73663,-0.0023276545,-14831.96118431813,54.0,S_1865
2024-05-11 02:49:08,-54.50902,20.894684,-64.786476,246.15784,874.73663,-0.0022093295,-14839.380216795003,54.0,S_1865
2024-05-11 02:49:09,-54.470013,20.89009,-64.73052,246.10188,874.73663,-0.0020910045,-14845.74411272259,54.0,S_1865
2024-05-11 02:49:10,-54.430973,20.885502,-64.67457,246.05292,874.7385,-0.0019726795,-14851.676743742128,54.0,S_1865
2024-05-11 02:49:11,-54.3919,20.88092,-64.618614,245.99696,874.7385,-0.0018543545,-14856.705203398777,54.0,S_1865
2024-05-11 02:49:12,-54.3528,20.876345,-64.56267,245.94102,874.7348,-0.0068312096,-14889.752466954134,54.0,S_1865
2024-05-11 02:49:13,-54.313667,20.871777,-64.5137,245.89206,874.7348,-0.011808065,-14963.359024623978,54.0,S_1865
2024-05-11 02:49:14,-54.274506,20.867214,-64.457756,245.8361,874.74774,-0.01678492,-15069.884835446079,54.0,S_1865
2024-05-11 02:49:15,-54.235313,20.862658,-64.4018,245.78015,874.74774,-0.018043274,-15185.003425486464,54.0,S_1865
2024-05-11 02:49:16,-54.196087,20.858107,-64.34585,245.7242,874.6903,-0.0004689619,-15180.245786869202,54.0,S_1865
2024-05-11 02:49:17,-54.156834,20.853563,-64.29689,245.67525,874.59955,-0.00057252543,-15177.538609846204,54.0,S_1865
2024-05-11 02:49:18,-54.11755,20.849026,-64.24094,245.6193,874.5347,0.0009863814,-15163.410191981422,54.0,S_1865
2024-05-11 02:49:19,-54.078236,20.844494,-64.18498,245.57033,874.53107,0.0025452883,-15138.64863524587,54.0,S_1865
2024-05-11 02:49:20,-54.038887,20.83997,-64.12903,245.51437,874.544,0.0009175241,-15124.982512094484,54.0,S_1865
2024-05-11 02:49:21,-53.99951,20.835451,-64.073074,245.46542,874.5459,-0.0056890687,-15151.456755929938,54.0,S_1865
2024-05-11 02:49:22,-53.960106,20.830938,-64.02412,245.41646,874.5422,-0.0035648923,-15168.688974038881,54.0,S_1865
2024-05-11 02:49:23,-53.920666,20.826433,-63.968166,245.3675,874.5422,-0.004229375,-15190.086753302692,54.0,S_1865
2024-05-11 02:49:24,-53.8812,20.821934,-63.912212,245.31155,874.5422,0.0018047835,-15170.492955793148,54.0,S_1865
2024-05-11 02:49:25,-53.8417,20.81744,-63.85626,245.26259,874.5422,-0.004598867,-15194.434985234646,54.0,S_1865
2024-05-11 02:49:26,-53.80217,20.812954,-63.800304,245.20663,874.5422,-0.0030978625,-15207.636468845276,54.0,S_1865
2024-05-11 02:49:27,-53.76261,20.808474,-63.744354,245.15767,874.544,-0.002749723,-15218.620568584647,54.0,S_1865
2024-05-11 02:49:28,-53.723022,20.803999,-63.6884,245.10872,874.544,-0.010088498,-15278.73124882022,54.0,S_1865
2024-05-11 02:49:29,-53.6834,20.799532,-63.632446,245.05975,874.5385,-0.0053038336,-15306.825813547714,54.0,S_1865
2024-05-11 02:49:30,-53.64375,20.79507,-63.576496,245.0108,874.5385,-0.0005191695,-15302.896152475792,54.0,S_1865
2024-05-11 02:49:31,-53.604065,20.790615,-63.520542,244.96184,874.557,0.0012918613,-15286.665121859101,54.0,S_1865
2024-05-11 02:49:32,-53.564354,20.786165,-63.46459,244.90588,874.557,-0.007407801,-15328.790008461747,54.0,S_1865
2024-05-11 02:49:33,-53.524612,20.781723,-63.408634,244.85693,874.4811,0.001486097,-15312.50163929901,54.0,S_1865
2024-05-11 02:49:34,-53.484837,20.777287,-63.359676,244.80797,874.3718,-0.010424611,-15375.814129749115,54.0,S_1865
2024-05-11 02:49:35,-53.445034,20.772858,-63.303722,244.75902,874.31995,0.0016801078,-15357.15722974072,54.0,S_1865
2024-05-11 02:49:36,-53.405197,20.768435,-63.247772,244.71005,874.32916,-0.0045579253,-15377.06039856034,54.0,S_1865
2024-05-11 02:49:37,-53.365334,20.764017,-63.19881,244.66109,874.34955,-0.010795958,-15442.917326133704,54.0,S_1865
2024-05-11 02:49:38,-53.32544,20.759605,-63.14286,244.61214,874.35144,-0.016991954,-15549.541790736157,54.0,S_1865
2024-05-11 02:49:39,-53.28551,20.755201,-63.086906,244.56317,874.3478,-0.015335225,-15645.0742755034,54.0,S_1865
2024-05-11 02:49:40,-53.245556,20.750803,-63.030952,244.51422,874.3459,-0.011511067,-15714.964316995469,54.0,S_1865
2024-05-11 02:49:41,-53.205566,20.74641,-62.975002,244.46526,874.3478,-0.009882724,-15766.856218501567,54.0,S_1865
2024-05-11 02:49:42,-53.16555,20.742025,-62.92604,244.4163,874.34955,-0.010469534,-15830.62707495265,54.0,S_1865
2024-05-11 02:49:43,-53.1255,20.737646,-62.87009,244.36734,874.3459,-0.011622688,-15908.519428860636,54.0,S_1865
2024-05-11 02:49:44,-53.085423,20.733274,-62.80714,244.32538,874.34033,-0.008668942,-15958.67013033875,54.0,S_1865
2024-05-11 02:49:45,-53.04531,20.728907,-62.75119,244.27641,874.344,-0.007814566,-16003.82946041115,54.0,S_1865
2024-05-11 02:49:46,-53.005173,20.724546,-62.695236,244.22746,874.36255,-0.014803581,-16095.996340134265,54.0,S_1865
2024-05-11 02:49:47,-52.965,20.720192,-62.639282,244.1785,874.36255,-0.0165689,-16185.851786922496,54.0,S_1865
2024-05-11 02:49:48,-52.924797,20.715845,-62.590324,244.13654,874.2847,0.0129186865,-16092.530320438209,54.0,S_1865
2024-05-11 02:49:49,-52.884567,20.711504,-62.53437,244.08757,874.1755,-0.015188608,-16187.359113682924,54.0,S_1865
2024-05-11 02:49:50,-52.844303,20.707169,-62.47842,244.03862,874.1329,-0.019305525,-16307.476851039077,54.0,S_1865
2024-05-11 02:49:51,-52.804012,20.70284,-62.422466,243.99666,874.1477,-0.01870348,-16426.13557257836,54.0,S_1865
2024-05-11 02:49:52,-52.763687,20.698519,-62.366512,243.9477,874.1588,-0.02125414,-16561.89792685767,54.0,S_1865
2024-05-11 02:49:53,-52.72333,20.694202,-62.31056,243.89874,874.15515,-0.016368322,-16650.73886564916,54.0,S_1865
2024-05-11 02:49:54,-52.68295,20.689892,-62.2616,243.85677,874.1514,-0.011862962,-16724.243569288043,54.0,S_1865
2024-05-11 02:49:55,-52.642532,20.685589,-62.205647,243.80782,874.15326,-0.010326054,-16779.1097387584,54.0,S_1865
2024-05-11 02:49:56,-52.60209,20.681292,-62.15669,243.75885,874.1514,-0.004433093,-16801.90985890053,54.0,S_1865
2024-05-11 02:49:57,-52.56161,20.677002,-62.100735,243.71689,874.1477,-0.0083814245,-16851.180777854184,54.0,S_1865
2024-05-11 02:49:58,-52.521103,20.672718,-62.044785,243.66792,874.1569,-0.0026841331,-16861.953822758962,54.0,S_1865
2024-05-11 02:49:59,-52.480568,20.66844,-61.98883,243.61897,874.17365,-0.012743801,-16938.91667140973,54.0,S_1865
2024-05-11 02:50:00,-52.44,20.664167,-61.932877,243.57701,874.1384,-0.00547706,-16968.645956565786,54.0,S_1865
2024-05-11 02:50:01,-52.399155,20.659927,-61.876926,243.52805,874.0329,-0.03696565,-17205.912175802143,54.0,S_1865
2024-05-11 02:50:02,-52.358288,20.655693,-61.820972,243.48608,873.9477,-0.04634231,-17478.476652749454,54.0,S_1865
2024-05-11 02:50:03,-52.317398,20.651463,-61.772015,243.43712,873.94214,-0.00671008,-17516.406984202407,54.0,S_1865
2024-05-11 02:50:04,-52.27649,20.64724,-61.71606,243.39516,873.96063,-0.017089305,-17624.607307737948,54.0,S_1865
2024-05-11 02:50:05,-52.235554,20.64302,-61.660107,243.3462,873.9662,-0.027468532,-17819.484564776405,54.0,S_1865
2024-05-11 02:50:06,-52.1946,20.638807,-61.59716,243.30423,873.96063,-0.010036938,-17877.92797864005,54.0,S_1865
2024-05-11 02:50:07,-52.15362,20.6346,-61.541206,243.26227,873.9569,-0.0064593237,-17908.81128882613,54.0,S_1865
2024-05-11 02:50:08,-52.11262,20.630398,-61.49225,243.2203,873.9588,-0.020728435,-18042.579082033073,54.0,S_1865
2024-05-11 02:50:09,-52.071598,20.626202,-61.436295,243.17134,873.95514,-0.033172175,-18255.09691240365,54.0,S_1865
2024-05-11 02:50:10,-52.030556,20.622011,-61.380344,243.12938,873.95514,-0.011768037,-18325.90447616092,54.0,S_1865
2024-05-11 02:50:11,-51.989487,20.617825,-61.32439,243.08742,873.9699,-0.026794394,-18496.345330600787,54.0,S_1865
2024-05-11 02:50:12,-51.9484,20.613646,-61.268436,243.04546,873.9681,-0.020327361,-18626.73017322174,54.0,S_1865
2024-05-11 02:50:13,-51.907288,20.60947,-61.212482,242.99649,873.9125,-0.016266234,-18727.32129525779,54.0,S_1865
2024-05-11 02:50:14,-51.866154,20.6053,-61.156532,242.95453,873.8199,-0.009896362,-18785.78753166613,54.0,S_1865
2024-05-11 02:50:15,-51.825,20.601137,-61.10058,242.91257,873.75696,0.0026176716,-18761.243417933187,54.0,S_1865
2024-05-11 02:50:16,-51.78382,20.59698,-61.044624,242.8706,873.7514,-0.0019764258,-18767.184243180716,54.0,S_1865
2024-05-11 02:50:17,-51.742622,20.592827,-60.988674,242.82864,873.7662,-0.0052104355,-18794.59841078029,54.0,S_1865
2024-05-11 02:50:18,-51.7014,20.58868,-60.93272,242.78667,873.7662,-0.008444445,-18844.667698333295,54.0,S_1865
2024-05-11 02:50:19,-51.660156,20.584538,-60.876766,242.73772,873.7643,-0.009387084,-18892.919513226458,54.0,S_1865
2024-05-11 02:50:20,-51.61889,20.580402,-60.82781,242.69576,873.7643,-0.013219203,-18974.374822498474,54.0,S_1865
2024-05-11 02:50:21,-51.5776,20.576271,-60.771854,242.65378,873.7625,-0.017261172,-19081.871394306552,54.0,S_1865
2024-05-11 02:50:22,-51.53629,20.572145,-60.7159,242.61182,873.7588,-0.020982323,-19214.10803297881,54.0,S_1865
2024-05-11 02:50:23,-51.494957,20.568026,-60.65995,242.56985,873.76807,-0.006852164,-19252.489092600452,54.0,S_1865
2024-05-11 02:50:24,-51.4536,20.563911,-60.603996,242.5279,873.78845,-0.012472576,-19328.23721423244,54.0,S_1865
2024-05-11 02:50:25,-51.412224,20.559803,-60.548042,242.48593,873.781,0.0068507795,-19275.547498282707,54.0,S_1865
2024-05-11 02:50:26,-51.370823,20.5557,-60.49209,242.44395,873.6995,0.00013157539,-19267.52985962077,54.0,S_1865
2024-05-11 02:50:27,-51.3294,20.551601,-60.43614,242.402,873.5921,-0.014068746,-19353.95292207414,54.0,S_1865
2024-05-11 02:50:28,-51.287956,20.54751,-60.380184,242.36003,873.5495,-0.0025071232,-19363.49321044772,54.0,S_1865
2024-05-11 02:50:29,-51.24649,20.543423,-60.32423,242.31807,873.5625,-0.013708666,-19445.847935269187,54.0,S_1865
2024-05-11 02:50:30,-51.205,20.539341,-60.26828,242.2831,873.57355,-0.006554459,-19482.42846085269,54.0,S_1865
2024-05-11 02:50:31,-51.16349,20.535265,-60.212326,242.24113,873.5699,-0.008192085,-19529.825567567357,54.0,S_1865
2024-05-11 02:50:32,-51.121956,20.531195,-60.156372,242.19917,873.568,-0.017632054,-19640.08417370361,54.0,S_1865
2024-05-11 02:50:33,-51.080402,20.52713,-60.100418,242.1572,873.5699,-0.0076636467,-19683.9879038551,54.0,S_1865
2024-05-11 02:50:34,-51.038822,20.52307,-60.044468,242.11523,873.568,-0.0053446796,-19712.465250951584,54.0,S_1865
2024-05-11 02:50:35,-50.997223,20.519016,-59.988514,242.07327,873.56433,0.0014065024,-19695.98271102106,54.0,S_1865
2024-05-11 02:50:36,-50.9556,20.514967,-59.93256,242.03131,873.57355,0.0081576845,-19634.52585662828,54.0,S_1865
2024-05-11 02:50:37,-50.913956,20.510923,-59.87661,241.98935,873.5903,-0.030479984,-19808.512314984713,54.0,S_1865
2024-05-11 02:50:38,-50.872288,20.506887,-59.82765,241.94737,873.55505,-0.024991639,-19965.56762846082,54.0,S_1865
2024-05-11 02:50:39,-50.8306,20.502855,-59.771698,241.91241,873.4495,-0.016946655,-20071.5362872972,54.0,S_1865
2024-05-11 02:50:40,-50.78889,20.498827,-59.715744,241.87044,873.3643,-0.008901671,-20123.79119137027,54.0,S_1865
2024-05-11 02:50:41,-50.747158,20.494806,-59.65979,241.82848,873.3569,-0.012184292,-20196.3739897234,54.0,S_1865
2024-05-11 02:50:42,-50.705402,20.490791,-59.603836,241.7935,873.37726,0.0020176698,-20175.91796896048,54.0,S_1865
2024-05-11 02:50:43,-50.663624,20.48678,-59.547886,241.75154,873.381,0.009007902,-20108.733134901348,54.0,S_1865
2024-05-11 02:50:44,-50.621822,20.482777,-59.491932,241.70958,873.3754,-0.005284218,-20136.21889186409,54.0,S_1865
2024-05-11 02:50:45,-50.58,20.478777,-59.435978,241.6746,873.37354,-0.0053076926,-20164.653331750837,54.0,S_1865
2024-05-11 02:50:46,-50.538155,20.474783,-59.380028,241.63264,873.3754,0.0034861222,-20134.762627523967,54.0,S_1865
2024-05-11 02:50:47,-50.49629,20.470795,-59.324074,241.59767,873.3717,0.012279937,-20045.78639107479,54.0,S_1865
2024-05-11 02:50:48,-50.4544,20.466812,-59.26812,241.55571,873.3717,0.003459367,-20015.612163921003,54.0,S_1865
2024-05-11 02:50:49,-50.41249,20.462835,-59.212166,241.51375,873.38837,0.02584949,-19858.372507987948,54.0,S_1865
2024-05-11 02:50:50,-50.370556,20.458862,-59.163208,241.47878,873.38837,0.01020802,-19784.014786637865,54.0,S_1865
2024-05-11 02:50:51,-50.3286,20.454897,-59.107254,241.43681,873.31433,-0.0054334505,-19813.261108722334,54.0,S_1865
2024-05-11 02:50:52,-50.286625,20.450935,-59.051304,241.39484,873.2051,-0.0073233237,-19854.166482787077,54.0,S_1865
2024-05-11 02:50:53,-50.24462,20.44698,-58.99535,241.35988,873.1532,-0.009213197,-19907.554932636194,54.0,S_1865
2024-05-11 02:50:54,-50.202602,20.44303,-58.939396,241.3249,873.1606,-0.01110307,-19982.95847452523,54.0,S_1865
2024-05-11 02:50:55,-50.160557,20.439085,-58.87645,241.28294,873.1828,-0.012992944,-20050.66489505704,54.0,S_1865
2024-05-11 02:50:56,-50.11849,20.435146,-58.82749,241.24797,873.1847,0.023431959,-19887.78468773843,54.0,S_1865
2024-05-11 02:50:57,-50.0764,20.431213,-58.771538,241.20601,873.17914,0.013544301,-19791.969506682162,54.0,S_1865
2024-05-11 02:50:58,-50.03429,20.427284,-58.715584,241.17104,873.17535,0.0036566425,-19760.554155740785,54.0,S_1865
2024-05-11 02:50:59,-49.992157,20.423363,-58.659634,241.12907,873.1828,-0.0062310155,-19794.37269376655,54.0,S_1865
2024-05-11 02:51:00,-49.95,20.419445,-58.60368,241.0941,873.19574,-0.016118674,-19895.34027549049,54.0,S_1865
2024-05-11 02:51:01,-49.90774,20.415539,-58.547726,241.05214,873.16986,0.0012029819,-19880.424218466418,54.0,S_1865
2024-05-11 02:51:02,-49.865463,20.411636,-58.491776,241.01717,873.0884,0.00127329,-19865.139238696396,54.0,S_1865
2024-05-11 02:51:03,-49.823162,20.40774,-58.43582,240.9822,873.0032,-0.002151394,-19872.32211729527,54.0,S_1865
2024-05-11 02:51:04,-49.780846,20.403849,-58.379868,240.94722,872.9698,-0.0109655,-19938.864674521683,54.0,S_1865
2024-05-11 02:51:05,-49.738506,20.399963,-58.323914,240.90526,872.98096,-0.0008188621,-19937.224266306144,54.0,S_1865
2024-05-11 02:51:06,-49.69615,20.396082,-58.267963,240.87029,872.9902,0.0019393738,-19918.696463657303,54.0,S_1865
2024-05-11 02:51:07,-49.653774,20.392208,-58.219,240.82832,872.9865,0.003508158,-19886.862251117233,54.0,S_1865
2024-05-11 02:51:08,-49.611378,20.388338,-58.156055,240.79335,872.98096,0.0031917675,-19855.81266169523,54.0,S_1865
2024-05-11 02:51:09,-49.568962,20.384474,-58.09311,240.75838,872.9828,-0.010455644,-19916.745878641996,54.0,S_1865
2024-05-11 02:51:10,-49.526527,20.380613,-58.037155,240.7234,872.9957,-0.009485727,-19973.47047581036,54.0,S_1865
2024-05-11 02:51:11,-49.484074,20.37676,-57.981205,240.68144,872.9957,8.980837e-05,-19965.954846769313,54.0,S_1865
2024-05-11 02:51:12,-49.4416,20.372911,-57.932243,240.64647,872.93835,-0.0033385896,-19984.273334776946,54.0,S_1865
2024-05-11 02:51:13,-49.399105,20.369068,-57.869297,240.6115,872.8476,-0.0067669875,-20021.025996394863,54.0,S_1865
2024-05-11 02:51:14,-49.356594,20.36523,-57.813343,240.57654,872.7828,-0.010195386,-20081.12063899926,54.0,S_1865
2024-05-11 02:51:15,-49.31406,20.361399,-57.757393,240.54156,872.77905,-0.013623783,-20165.720769625696,54.0,S_1865
2024-05-11 02:51:16,-49.27151,20.35757,-57.70144,240.4996,872.79205,-0.012809958,-20233.54311756108,54.0,S_1865
2024-05-11 02:51:17,-49.22894,20.353748,-57.65248,240.46463,872.7939,-0.011996133,-20306.323115832056,54.0,S_1865
2024-05-11 02:51:18,-49.186348,20.349932,-57.596527,240.42966,872.79016,-0.017685924,-20415.720090424773,54.0,S_1865
2024-05-11 02:51:19,-49.143738,20.34612,-57.540573,240.39468,872.79205,-0.015684245,-20511.969212134332,54.0,S_1865
2024-05-11 02:51:20,-49.10111,20.342316,-57.484623,240.35971,872.79016,-0.01580278,-20609.02326576308,54.0,S_1865
2024-05-11 02:51:21,-49.05846,20.338514,-57.42867,240.32474,872.7846,-0.008600775,-20658.722198102987,54.0,S_1865
2024-05-11 02:51:22,-49.015793,20.334719,-57.372715,240.28978,872.7865,-0.008951604,-20710.743523163754,54.0,S_1865
2024-05-11 02:51:23,-48.973106,20.330929,-57.31676,240.2548,872.805,-0.011959811,-20784.32202721898,54.0,S_1865
2024-05-11 02:51:24,-48.930397,20.327145,-57.26081,240.21284,872.805,-0.0130426735,-20863.201918399813,54.0,S_1865
2024-05-11 02:51:25,-48.887672,20.323366,-57.204857,240.17787,872.72723,-0.0065445774,-20899.418222921468,54.0,S_1865
2024-05-11 02:51:26,-48.844925,20.319592,-57.148903,240.1429,872.6198,-0.0047403486,-20923.766451550626,54.0,S_1865
2024-05-11 02:51:27,-48.802162,20.315823,-57.092953,240.10793,872.5754,-0.006996382,-20957.856559366155,54.0,S_1865
2024-05-11 02:51:28,-48.759377,20.31206,-57.04399,240.07295,872.5902,-0.013683862,-21052.055312804798,54.0,S_1865
2024-05-11 02:51:29,-48.71657,20.308302,-56.981045,240.03798,872.60315,-0.006473602,-21091.839605306188,54.0,S_1865
2024-05-11 02:51:30,-48.673748,20.304548,-56.9181,240.00302,872.5994,-0.006868056,-21128.57536210829,54.0,S_1865
2024-05-11 02:51:31,-48.630905,20.300802,-56.862144,239.97504,872.5902,-0.0014107339,-21130.087062510815,54.0,S_1865
2024-05-11 02:51:32,-48.588043,20.29706,-56.813187,239.94006,872.5864,-0.002484674,-21140.800079615852,54.0,S_1865
2024-05-11 02:51:33,-48.545162,20.293324,-56.757233,239.8981,872.5994,-0.0033184446,-21155.752081001374,54.0,S_1865
2024-05-11 02:51:34,-48.50226,20.28959,-56.70128,239.86313,872.6179,-0.0022614403,-21165.50591576127,54.0,S_1865
2024-05-11 02:51:35,-48.45934,20.285866,-56.638332,239.82816,872.58276,0.00068205595,-21153.4774780527,54.0,S_1865
2024-05-11 02:51:36,-48.416397,20.282145,-56.582382,239.80019,872.4754,0.0036255522,-21122.845527899495,54.0,S_1865
2024-05-11 02:51:37,-48.37344,20.278429,-56.52643,239.76521,872.392,0.0048043933,-21087.86691578544,54.0,S_1865
2024-05-11 02:51:38,-48.33046,20.27472,-56.47747,239.73024,872.3864,0.0090264045,-21022.333992640077,54.0,S_1865
2024-05-11 02:51:39,-48.28746,20.271015,-56.421516,239.69527,872.40314,0.010696036,-20937.071194583656,54.0,S_1865
2024-05-11 02:51:40,-48.244442,20.267315,-56.35857,239.66031,872.40125,0.009917082,-20864.055878106505,54.0,S_1865
2024-05-11 02:51:41,-48.201405,20.26362,-56.302616,239.62534,872.3994,0.008656079,-20801.26971105161,54.0,S_1865
2024-05-11 02:51:42,-48.158348,20.259932,-56.246662,239.59735,872.41425,0.012623565,-20711.27471441376,54.0,S_1865
2024-05-11 02:51:43,-48.115273,20.256248,-56.190712,239.5624,872.4161,0.014422056,-20619.833377869152,54.0,S_1865
2024-05-11 02:51:44,-48.072174,20.252571,-56.14175,239.52742,872.3383,0.0073677665,-20565.21581279278,54.0,S_1865
2024-05-11 02:51:45,-48.02906,20.248898,-56.0858,239.49245,872.2309,0.002904295,-20537.11025315043,54.0,S_1865
2024-05-11 02:51:46,-47.985924,20.24523,-56.02285,239.45747,872.1846,0.0020278976,-20516.14509029771,54.0,S_1865
2024-05-11 02:51:47,-47.942772,20.241568,-55.9669,239.4225,872.1994,0.019463558,-20366.450033818594,54.0,S_1865
2024-05-11 02:51:48,-47.899597,20.237911,-55.90395,239.38753,872.2142,0.012068836,-20289.775610514305,54.0,S_1865
2024-05-11 02:51:49,-47.856403,20.23426,-55.854992,239.35956,872.2087,0.004476484,-20254.315178233493,54.0,S_1865
2024-05-11 02:51:50,-47.81319,20.230614,-55.799038,239.32458,872.20123,0.013663351,-20157.292253054282,54.0,S_1865
2024-05-11 02:51:51,-47.76996,20.226973,-55.743088,239.28961,872.1976,0.013791252,-20050.86820000933,54.0,S_1865
2024-05-11 02:51:52,-47.726707,20.223337,-55.68014,239.26164,872.2105,0.008415898,-19993.91505800747,54.0,S_1865
2024-05-11 02:51:53,-47.683437,20.219707,-55.63118,239.22667,872.229,0.006131133,-19947.43262415204,54.0,S_1865
2024-05-11 02:51:54,-47.64015,20.216082,-55.57523,239.1917,872.192,0.00561494,-19903.56507292297,54.0,S_1865
2024-05-11 02:51:55,-47.596836,20.212463,-55.519276,239.15672,872.0864,0.010212132,-19830.67789130969,54.0,S_1865
2024-05-11 02:51:56,-47.55351,20.208849,-55.46332,239.12875,872.0012,0.009016437,-19765.612502919324,54.0,S_1865
2024-05-11 02:51:57,-47.51016,20.20524,-55.407368,239.10077,871.99567,0.0073114033,-19710.604910929356,54.0,S_1865
2024-05-11 02:51:58,-47.466793,20.201635,-55.351418,239.0658,872.01416,0.010021721,-19631.407384228885,54.0,S_1865
2024-05-11 02:51:59,-47.423405,20.198038,-55.28847,239.03783,872.0179,0.011117167,-19550.422699162464,54.0,S_1865
2024-05-11 02:52:00,-47.379997,20.194445,-55.232517,239.00285,872.0105,0.0109275635,-19479.34595630795,54.0,S_1865
2024-05-11 02:52:01,-47.336735,20.190887,-55.18356,238.96788,872.00305,0.011880854,-19394.796798386604,54.0,S_1865
2024-05-11 02:52:02,-47.293446,20.187332,-55.127605,238.93292,872.00684,0.012834144,-19304.893750908966,54.0,S_1865
2024-05-11 02:52:03,-47.250134,20.183783,-55.07165,238.90494,872.02716,0.009361527,-19229.386471948477,54.0,S_1865
2024-05-11 02:52:04,-47.2068,20.180239,-55.008705,238.86996,872.02716,0.0026598896,-19204.272481909644,54.0,S_1865
2024-05-11 02:52:05,-47.163433,20.176697,-54.95275,238.83499,871.9494,0.010317678,-19130.67673057312,54.0,S_1865
2024-05-11 02:52:06,-47.12005,20.17316,-54.8968,238.80702,871.84015,0.017975466,-19007.501894460358,54.0,S_1865
2024-05-11 02:52:07,-47.076633,20.16963,-54.840847,238.77904,871.7975,-0.004114771,-19028.128448072763,54.0,S_1865
2024-05-11 02:52:08,-47.033195,20.166101,-54.784893,238.74408,871.8123,0.017350182,-18906.497215638126,54.0,S_1865
2024-05-11 02:52:09,-46.989735,20.162579,-54.72894,238.7091,871.81976,0.009971593,-18835.131481978526,54.0,S_1865
2024-05-11 02:52:10,-46.946247,20.15906,-54.67299,238.68112,871.8142,0.010190899,-18762.42014060879,54.0,S_1865
2024-05-11 02:52:11,-46.902737,20.155544,-54.617035,238.65315,871.81976,0.01554705,-18652.777598401564,54.0,S_1865
2024-05-11 02:52:12,-46.859196,20.152033,-54.56108,238.61818,871.83826,0.02147475,-18506.778890669688,54.0,S_1865
2024-05-11 02:52:13,-46.815636,20.148527,-54.505127,238.59021,871.80304,0.018812895,-18375.47011655594,54.0,S_1865
2024-05-11 02:52:14,-46.77205,20.145025,-54.449177,238.55524,871.6975,0.015323378,-18255.913055200966,54.0,S_1865
2024-05-11 02:52:15,-46.728436,20.141527,-54.38623,238.52026,871.6123,0.014567439,-18153.91771305454,54.0,S_1865
2024-05-11 02:52:16,-46.6848,20.138035,-54.330276,238.49228,871.6049,0.0056858575,-18110.425049886137,54.0,S_1865
2024-05-11 02:52:17,-46.641136,20.134546,-54.274323,238.46431,871.62524,0.017608255,-18002.63938799314,54.0,S_1865
2024-05-11 02:52:18,-46.597446,20.131062,-54.225365,238.43634,871.629,0.029530654,-17800.927005370046,54.0,S_1865
2024-05-11 02:52:19,-46.553734,20.12758,-54.16941,238.40137,871.6216,-0.008161086,-17853.37005399316,54.0,S_1865
2024-05-11 02:52:20,-46.51,20.124105,-54.106464,238.37338,871.6142,0.013552722,-17756.06945972927,54.0,S_1865
2024-05-11 02:52:21,-46.466236,20.120634,-54.05051,238.33841,871.61786,0.020256449,-17617.898464712896,54.0,S_1865
2024-05-11 02:52:22,-46.422447,20.117167,-53.99456,238.31044,871.63824,0.004400465,-17585.303849538486,54.0,S_1865
2024-05-11 02:52:23,-46.378635,20.113703,-53.9456,238.27547,871.63635,0.019063937,-17441.33675060002,54.0,S_1865
2024-05-11 02:52:24,-46.334797,20.110245,-53.882652,238.2475,871.55865,0.03216706,-17196.74622354222,54.0,S_1865
2024-05-11 02:52:25,-46.290936,20.10679,-53.819706,238.21252,871.4512,0.023933958,-17033.853557788665,54.0,S_1865
2024-05-11 02:52:26,-46.247047,20.10334,-53.763752,238.18454,871.4086,0.00025081233,-17025.66829181874,54.0,S_1865
2024-05-11 02:52:27,-46.203136,20.099894,-53.707798,238.15657,871.42346,0.025238227,-16851.45641545259,54.0,S_1865
2024-05-11 02:52:28,-46.1592,20.096453,-53.651848,238.1216,871.4308,0.045622054,-16548.396327847768,54.0,S_1865
2024-05-11 02:52:29,-46.115234,20.093016,-53.595894,238.09363,871.42523,0.046674546,-16238.535385179597,54.0,S_1865
2024-05-11 02:52:30,-46.071247,20.089584,-53.53994,238.06564,871.4308,0.036144182,-15997.111701472388,54.0,S_1865
2024-05-11 02:52:31,-46.027237,20.086155,-53.48399,238.03767,871.4475,0.025931876,-15822.02192793582,54.0,S_1865
2024-05-11 02:52:32,-45.983196,20.082731,-53.428036,238.00969,871.4141,0.015719568,-15722.345452601357,54.0,S_1865
2024-05-11 02:52:33,-45.939137,20.079311,-53.379078,237.97472,871.30853,0.013413334,-15629.319123529212,54.0,S_1865
2024-05-11 02:52:34,-45.895046,20.075895,-53.323124,237.94675,871.2234,0.013687666,-15523.547046042373,54.0,S_1865
2024-05-11 02:52:35,-45.850937,20.072485,-53.260178,237.91876,871.216,0.026047349,-15323.884472139925,54.0,S_1865
2024-05-11 02:52:36,-45.806797,20.069078,-53.19723,237.8838,871.2364,0.01297833,-15232.112571973657,54.0,S_1865
2024-05-11 02:52:37,-45.762634,20.065676,-53.141277,237.85582,871.24005,0.01711851,-15126.958682013383,54.0,S_1865
2024-05-11 02:52:38,-45.71845,20.062277,-53.09232,237.82785,871.23083,0.02125869,-14982.94931831925,54.0,S_1865
2024-05-11 02:52:39,-45.674236,20.058884,-53.036366,237.79987,871.2252,0.0061412635,-14931.896116800379,54.0,S_1865
2024-05-11 02:52:40,-45.629997,20.055494,-52.97342,237.7719,871.22894,0.008035129,-14871.128525318063,54.0,S_1865
2024-05-11 02:52:41,-45.585735,20.052109,-52.917465,237.73692,871.2493,0.013540844,-14776.450241996965,54.0,S_1865
2024-05-11 02:52:42,-45.541447,20.048727,-52.86151,237.70894,871.2475,0.026978416,-14614.40092500728,54.0,S_1865
2024-05-11 02:52:43,-45.497135,20.045351,-52.812553,237.68097,871.1697,0.010250042,-14541.981852656732,54.0,S_1865
2024-05-11 02:52:44,-45.452797,20.041979,-52.7566,237.653,871.06226,0.014372606,-14431.19831846029,54.0,S_1865
2024-05-11 02:52:45,-45.408436,20.03861,-52.693653,237.62502,871.0197,0.01849517,-14303.560960629538,54.0,S_1865
2024-05-11 02:52:46,-45.364048,20.035248,-52.6377,237.59705,871.0345,0.013740484,-14205.532680894663,54.0,S_1865
2024-05-11 02:52:47,-45.319633,20.031889,-52.58175,237.56207,871.04004,0.011904697,-14121.476965641039,54.0,S_1865
2024-05-11 02:52:48,-45.275196,20.028534,-52.525795,237.53409,871.0363,0.01006891,-14049.447618452632,54.0,S_1865
2024-05-11 02:52:49,-45.230736,20.025183,-52.46984,237.50612,871.053,0.009656008,-13980.101148217296,54.0,S_1865
2024-05-11 02:52:50,-45.18625,20.021837,-52.413887,237.47813,871.066,0.01265374,-13881.772208872022,54.0,S_1865
2024-05-11 02:52:51,-45.141735,20.018494,-52.35094,237.45016,871.0234,0.010129284,-13808.571367622051,54.0,S_1865
2024-05-11 02:52:52,-45.0972,20.015158,-52.29499,237.42218,870.9178,0.0076048286,-13758.20374248829,54.0,S_1865
2024-05-11 02:52:53,-45.052635,20.011824,-52.24603,237.39421,870.8345,0.012409654,-13671.688269770186,54.0,S_1865
2024-05-11 02:52:54,-45.00805,20.008495,-52.19008,237.36624,870.8289,0.002629997,-13648.102219170867,54.0,S_1865
2024-05-11 02:52:55,-44.963436,20.005169,-52.134125,237.33826,870.8456,0.014205861,-13538.483681172747,54.0,S_1865
2024-05-11 02:52:56,-44.918797,20.00185,-52.07118,237.31029,870.84375,0.017286362,-13415.914434013524,54.0,S_1865
2024-05-11 02:52:57,-44.874134,19.998533,-52.015224,237.27531,870.8474,0.02861742,-13201.524324536193,54.0,S_1865
2024-05-11 02:52:58,-44.82945,19.995222,-51.95228,237.24733,870.8678,0.03994848,-12933.966784203301,54.0,S_1865
2024-05-11 02:52:59,-44.784737,19.991915,-51.896324,237.21936,870.86035,0.019677207,-12799.274265124395,54.0,S_1865
2024-05-11 02:53:00,-44.739998,19.988611,-51.84037,237.19138,870.77893,0.033140693,-12601.31119302989,54.0,S_1865
2024-05-11 02:53:01,-44.695072,19.98533,-51.791412,237.1634,870.6715,0.009543468,-12533.43474154194,54.0,S_1865
2024-05-11 02:53:02,-44.650127,19.982054,-51.73546,237.13542,870.62885,0.014785643,-12430.619957516066,54.0,S_1865
2024-05-11 02:53:03,-44.60516,19.97878,-51.67951,237.10745,870.64374,0.027414393,-12224.96034391188,54.0,S_1865
2024-05-11 02:53:04,-44.560177,19.975512,-51.616558,237.07947,870.6567,0.010898426,-12146.714511549151,54.0,S_1865
2024-05-11 02:53:05,-44.51517,19.972246,-51.560608,237.0515,870.653,0.004214289,-12113.357356552244,54.0,S_1865
2024-05-11 02:53:06,-44.470146,19.968983,-51.504654,237.03052,870.64374,0.025561744,-11940.290519244007,54.0,S_1865
2024-05-11 02:53:07,-44.425106,19.965725,-51.4487,237.00253,870.64557,0.010169577,-11867.554469360792,54.0,S_1865
2024-05-11 02:53:08,-44.380043,19.962471,-51.39275,236.97456,870.66595,0.013785358,-11768.991527032282,54.0,S_1865
2024-05-11 02:53:09,-44.33496,19.959219,-51.336796,236.93959,870.67896,0.017401138,-11636.00750088352,54.0,S_1865
2024-05-11 02:53:10,-44.28986,19.955973,-51.27385,236.91162,870.63446,0.020762391,-11511.723490536586,54.0,S_1865
2024-05-11 02:53:11,-44.24474,19.952728,-51.224888,236.89064,870.52704,0.0008083107,-11500.895255856718,54.0,S_1865
2024-05-11 02:53:12,-44.199596,19.94949,-51.168938,236.86266,870.44556,-0.01914577,-11633.74502283619,54.0,S_1865
2024-05-11 02:53:13,-44.154438,19.946253,-51.10599,236.83469,870.44,-0.0020149727,-11641.259406490552,54.0,S_1865
2024-05-11 02:53:14,-44.10926,19.94302,-51.04304,236.8067,870.45667,0.00959545,-11578.563110009625,54.0,S_1865
2024-05-11 02:53:15,-44.06406,19.939793,-50.994083,236.77873,870.45294,0.018087279,-11454.865777110314,54.0,S_1865
2024-05-11 02:53:16,-44.01884,19.936567,-50.93813,236.75075,870.4585,0.00468852,-11417.887482224914,54.0,S_1865
2024-05-11 02:53:17,-43.973606,19.933346,-50.88218,236.72278,870.4789,0.011673487,-11326.58767981502,54.0,S_1865
2024-05-11 02:53:18,-43.92835,19.930128,-50.81923,236.6948,870.4715,0.024437873,-11181.530336318208,54.0,S_1865
2024-05-11 02:53:19,-43.88307,19.926914,-50.77027,236.67381,870.39,0.022277106,-11030.512138706945,54.0,S_1865
2024-05-11 02:53:20,-43.837776,19.923704,-50.714317,236.64584,870.2826,0.0145125985,-10918.547180691263,54.0,S_1865
2024-05-11 02:53:21,-43.79246,19.920498,-50.65137,236.61786,870.24,0.04749643,-10601.194155548701,54.0,S_1865
2024-05-11 02:53:22,-43.747128,19.917295,-50.59542,236.58989,870.2548,0.031695813,-10364.13953833377,54.0,S_1865
2024-05-11 02:53:23,-43.70177,19.914095,-50.53247,236.5619,870.2622,0.015895192,-10267.288222621408,54.0,S_1865
2024-05-11 02:53:24,-43.6564,19.9109,-50.483513,236.54092,870.2585,0.002172491,-10247.582270887897,54.0,S_1865
2024-05-11 02:53:25,-43.611004,19.90771,-50.42756,236.51295,870.26965,0.029576894,-10047.965710058455,54.0,S_1865
2024-05-11 02:53:26,-43.565594,19.90452,-50.37161,236.48497,870.26965,0.014446729,-9947.217174024205,54.0,S_1865
2024-05-11 02:53:27,-43.52016,19.901337,-50.315655,236.457,870.21405,0.013827961,-9850.502707648599,54.0,S_1865
2024-05-11 02:53:28,-43.47471,19.898155,-50.2597,236.42902,870.12146,0.0123052895,-9754.57799398092,54.0,S_1865
2024-05-11 02:53:29,-43.429237,19.89498,-50.196754,236.40105,870.0585,0.021672038,-9608.74476256018,54.0,S_1865
2024-05-11 02:53:30,-43.383747,19.891806,-50.1408,236.38007,870.0548,0.012381583,-9512.322832311767,54.0,S_1865
2024-05-11 02:53:31,-43.338238,19.888638,-50.077854,236.35208,870.06586,0.011547416,-9429.748753794747,54.0,S_1865
2024-05-11 02:53:32,-43.29271,19.885471,-50.0219,236.32411,870.0641,0.022770833,-9291.27571362883,54.0,S_1865
2024-05-11 02:53:33,-43.24716,19.882309,-49.972942,236.29613,870.06775,0.01023092,-9218.813312570885,54.0,S_1865
2024-05-11 02:53:34,-43.20159,19.87915,-49.91699,236.26816,870.0807,0.017373594,-9101.252864968774,54.0,S_1865
2024-05-11 02:53:35,-43.156006,19.875996,-49.86104,236.24718,870.0548,0.034303427,-8870.614585821011,54.0,S_1865
2024-05-11 02:53:36,-43.110397,19.872845,-49.805084,236.2192,869.9733,0.02618299,-8693.026664497876,54.0,S_1865
2024-05-11 02:53:37,-43.064774,19.869698,-49.74913,236.19122,869.8881,0.01686607,-8565.91580292068,54.0,S_1865
2024-05-11 02:53:38,-43.019127,19.866554,-49.686184,236.17024,869.8566,0.010017207,-8485.945805874771,54.0,S_1865
2024-05-11 02:53:39,-42.97346,19.863415,-49.623238,236.14226,869.86774,0.014676563,-8382.866317967773,54.0,S_1865
2024-05-11 02:53:40,-42.927776,19.86028,-49.567284,236.11429,869.87146,0.013480938,-8288.353080449513,54.0,S_1865
2024-05-11 02:53:41,-42.882072,19.857145,-49.51133,236.0863,869.86774,0.0165082,-8188.7440311492555,54.0,S_1865
2024-05-11 02:53:42,-42.83635,19.854017,-49.46237,236.06532,869.8844,0.016149985,-8077.57766300641,54.0,S_1865
2024-05-11 02:53:43,-42.790604,19.850893,-49.40642,236.03735,869.8844,0.012661325,-7978.9994015708235,54.0,S_1865
2024-05-11 02:53:44,-42.744843,19.84777,-49.34347,236.00937,869.8103,0.016747933,-7862.336931804402,54.0,S_1865
2024-05-11 02:53:45,-42.699062,19.844654,-49.28752,235.9814,869.70105,0.017774342,-7728.700338197545,54.0,S_1865
2024-05-11 02:53:46,-42.65326,19.84154,-49.22457,235.96042,869.65106,0.017685115,-7605.946958307275,54.0,S_1865
2024-05-11 02:53:47,-42.607437,19.838428,-49.16862,235.93243,869.66034,0.0074252626,-7552.110235130691,54.0,S_1865
2024-05-11 02:53:48,-42.5616,19.835323,-49.112667,235.91145,869.677,0.010735058,-7475.614269221045,54.0,S_1865
2024-05-11 02:53:49,-42.51574,19.83222,-49.056713,235.88348,869.6751,0.019252853,-7343.248851382932,54.0,S_1865
2024-05-11 02:53:50,-42.46986,19.82912,-49.000763,235.8555,869.67883,0.016849028,-7238.985559676967,54.0,S_1865
2024-05-11 02:53:51,-42.42396,19.826025,-48.9518,235.82753,869.6955,0.023334367,-7083.92291059841,54.0,S_1865
2024-05-11 02:53:52,-42.378044,19.822933,-48.89585,235.80655,869.6622,0.025736392,-6889.9785861615455,54.0,S_1865
2024-05-11 02:53:53,-42.332104,19.819845,-48.8329,235.77856,869.55664,0.025760956,-6698.338110836812,54.0,S_1865
2024-05-11 02:53:54,-42.286148,19.816761,-48.769955,235.75758,869.4714,0.016147617,-6585.600962263228,54.0,S_1865
2024-05-11 02:53:55,-42.240173,19.81368,-48.714,235.72961,869.4659,0.020797977,-6461.669811307293,54.0,S_1865
2024-05-11 02:53:56,-42.194176,19.810604,-48.665043,235.70863,869.4844,0.019510994,-6313.868985147288,54.0,S_1865
2024-05-11 02:53:57,-42.14816,19.807531,-48.602097,235.68065,869.4825,0.015824772,-6203.163759305522,54.0,S_1865
2024-05-11 02:53:58,-42.102127,19.804462,-48.546143,235.65268,869.4788,0.021790199,-6057.226001749041,54.0,S_1865
2024-05-11 02:53:59,-42.056072,19.801395,-48.490192,235.6317,869.4955,0.020755114,-5930.185964529266,54.0,S_1865
2024-05-11 02:54:00,-42.01,19.798334,-48.44123,235.60371,869.4955,0.018308736,-5791.071327499054,54.0,S_1865
2024-05-11 02:54:01,-41.96407,19.79528,-48.378284,235.57574,869.41956,0.018528562,-5651.267755032926,54.0,S_1865
2024-05-11 02:54:02,-41.918114,19.79223,-48.31534,235.55476,869.31024,0.01641731,-5536.703304875404,54.0,S_1865
2024-05-11 02:54:03,-41.872135,19.789183,-48.259384,235.52678,869.2658,0.018386655,-5412.578230392781,54.0,S_1865
2024-05-11 02:54:04,-41.82613,19.78614,-48.203434,235.5058,869.28064,0.020372,-5287.71846284787,54.0,S_1865
2024-05-11 02:54:05,-41.7801,19.7831,-48.154472,235.47783,869.2899,0.022290591,-5122.407243482965,54.0,S_1865
2024-05-11 02:54:06,-41.734047,19.780066,-48.091526,235.45685,869.28436,0.01857251,-4993.671985607094,54.0,S_1865
2024-05-11 02:54:07,-41.68797,19.777033,-48.035572,235.42886,869.2899,0.026347104,-4798.517460164005,54.0,S_1865
2024-05-11 02:54:08,-41.641865,19.774004,-47.972626,235.40788,869.3066,0.025881369,-4621.787992616253,54.0,S_1865
2024-05-11 02:54:09,-41.595737,19.770977,-47.91667,235.3799,869.27325,0.02702172,-4442.238580718662,54.0,S_1865
2024-05-11 02:54:10,-41.549583,19.767956,-47.86072,235.35892,869.16766,0.02816207,-4251.257889901404,54.0,S_1865
2024-05-11 02:54:11,-41.503403,19.764938,-47.804768,235.33095,869.0825,0.026041793,-4077.9753414393053,54.0,S_1865
2024-05-11 02:54:12,-41.4572,19.761923,-47.748814,235.30997,869.07697,0.023921516,-3914.8110974200354,54.0,S_1865
2024-05-11 02:54:13,-41.41097,19.758911,-47.692863,235.28198,869.0936,0.021801239,-3768.7362873759066,54.0,S_1865
2024-05-11 02:54:14,-41.364716,19.755903,-47.63691,235.261,869.09174,0.022120088,-3600.990696756513,54.0,S_1865
2024-05-11 02:54:15,-41.318436,19.7529,-47.573963,235.23303,869.09546,0.022122813,-3452.10775730133,54.0,S_1865
2024-05-11 02:54:16,-41.272133,19.749899,-47.51801,235.21205,869.1158,0.024335044,-3286.1676839963275,54.0,S_1865
2024-05-11 02:54:17,-41.225803,19.746902,-47.462055,235.18407,869.10846,0.021701824,-3140.724156230335,54.0,S_1865
2024-05-11 02:54:18,-41.179447,19.74391,-47.406105,235.16309,869.0269,0.023397075,-2984.4467278258726,54.0,S_1865
2024-05-11 02:54:19,-41.133068,19.74092,-47.35015,235.1421,868.9195,0.021841781,-2838.150497001736,54.0,S_1865
2024-05-11 02:54:20,-41.086666,19.737932,-47.294197,235.12112,868.8787,0.023066713,-2663.420118247399,54.0,S_1865
2024-05-11 02:54:21,-41.040237,19.73495,-47.23125,235.09314,868.89355,0.021423677,-2515.766641423079,54.0,S_1865
2024-05-11 02:54:22,-40.993782,19.731972,-47.175297,235.06517,868.8991,0.018472886,-2391.0308388988396,54.0,S_1865
2024-05-11 02:54:23,-40.947304,19.728994,-47.119343,235.04419,868.89545,0.020596752,-2249.5884665474023,54.0,S_1865
2024-05-11 02:54:24,-40.9008,19.726023,-47.063393,235.0162,868.9121,0.020935291,-2109.0330069099546,54.0,S_1865
2024-05-11 02:54:25,-40.85427,19.723055,-47.00744,234.99522,868.92505,0.021273833,-1966.3606656775173,54.0,S_1865
2024-05-11 02:54:26,-40.807716,19.720089,-46.951485,234.97424,868.88245,0.021612372,-1818.2185415571294,54.0,S_1865
2024-05-11 02:54:27,-40.761135,19.717127,-46.895535,234.94627,868.77686,0.021950912,-1671.1291494812958,54.0,S_1865
2024-05-11 02:54:28,-40.71453,19.71417,-46.83958,234.9253,868.69354,0.019421186,-1525.6741909275079,54.0,S_1865
2024-05-11 02:54:29,-40.667904,19.711216,-46.776634,234.90431,868.688,0.018177629,-1399.348108557304,54.0,S_1865
2024-05-11 02:54:30,-40.62125,19.708265,-46.72068,234.87633,868.7047,0.01660332,-1286.6027506676764,54.0,S_1865
2024-05-11 02:54:31,-40.57457,19.705317,-46.664726,234.85535,868.7028,0.01807134,-1161.7033241562713,54.0,S_1865
2024-05-11 02:54:32,-40.527866,19.702374,-46.608776,234.82738,868.7047,0.019345418,-1016.7110874618902,54.0,S_1865
2024-05-11 02:54:33,-40.481136,19.699432,-46.545826,234.80638,868.71765,0.020619493,-861.9120471974675,54.0,S_1865
2024-05-11 02:54:34,-40.434383,19.696497,-46.48288,234.7854,868.69354,0.016885294,-744.0578225892586,54.0,S_1865
2024-05-11 02:54:35,-40.387604,19.693563,-46.426926,234.75743,868.6102,0.013933374,-648.4670752484271,54.0,S_1865
2024-05-11 02:54:36,-40.340797,19.690634,-46.370975,234.73645,868.525,0.014400611,-549.9268774582724,54.0,S_1865
2024-05-11 02:54:37,-40.29397,19.687708,-46.31502,234.71547,868.4936,0.014118779,-453.19636397321483,54.0,S_1865
2024-05-11 02:54:38,-40.247116,19.684786,-46.259068,234.69449,868.5047,0.013366556,-368.950466787981,54.0,S_1865
2024-05-11 02:54:39,-40.200237,19.681866,-46.21011,234.6665,868.50836,0.012614332,-282.5543864735355,54.0,S_1865
2024-05-11 02:54:40,-40.15333,19.678951,-46.154156,234.64552,868.5065,0.014242362,-172.26806445187867,54.0,S_1865
2024-05-11 02:54:41,-40.106403,19.676039,-46.09121,234.61755,868.5213,0.011119146,-94.0303518981309,54.0,S_1865
2024-05-11 02:54:42,-40.05945,19.673132,-46.035255,234.59656,868.5213,0.0113281915,-6.684741720482634,54.0,S_1865
2024-05-11 02:54:43,-40.01247,19.670227,-45.97231,234.57558,868.44727,0.004120649,0.0,54.0,S_1865
