datetime,mlat,mlt,glat,glon,alt,Ex,pot,cpcp_kV,pass_id
2024-05-12 19:11:16,-40.045334,6.1925964,-31.263689,155.57007,855.28503,-0.0010725892,-6.991384411029531,65.0,S_2062
2024-05-12 19:11:17,-40.110664,6.1925964,-31.319641,155.54909,855.3054,-0.0010653316,-40.49603782298139,65.0,S_2062
2024-05-12 19:11:18,-40.176,6.1926117,-31.375595,155.5351,855.28326,-0.0010651442,-73.40944407332982,65.0,S_2062
2024-05-12 19:11:19,-40.241333,6.1926117,-31.431547,155.51411,855.2518,-0.001053953,-106.81763923300052,65.0,S_2062
2024-05-12 19:11:20,-40.306667,6.192627,-31.487501,155.50014,855.2573,-0.0010394579,-139.40348708712688,65.0,S_2062
2024-05-12 19:11:21,-40.371998,6.192627,-31.543453,155.48615,855.3369,-0.0010320533,-172.9030032767161,65.0,S_2062
2024-05-12 19:11:22,-40.437332,6.192642,-31.6064,155.46516,855.4444,-0.00049452664,-205.81637340216042,65.0,S_2062
2024-05-12 19:11:23,-40.502666,6.192642,-31.662354,155.45117,855.4906,-0.00048645918,-234.91388203833344,65.0,S_2062
2024-05-12 19:11:24,-40.567997,6.1926575,-31.718306,155.43718,855.4758,-0.0004711931,-263.9992978313592,65.0,S_2062
2024-05-12 19:11:25,-40.63333,6.1926727,-31.77426,155.4162,855.4517,-0.00046304706,-293.9749005708631,65.0,S_2062
2024-05-12 19:11:26,-40.698666,6.1926727,-31.837206,155.40222,855.45544,-0.0009437803,-329.2187458489579,65.0,S_2062
2024-05-12 19:11:27,-40.764,6.192688,-31.893158,155.38123,855.51654,-0.0009322922,-361.8170541197866,65.0,S_2062
2024-05-12 19:11:28,-40.82933,6.192688,-31.949112,155.36725,855.6055,-0.0009174348,-394.48452881884583,65.0,S_2062
2024-05-12 19:11:29,-40.894665,6.1927032,-32.01206,155.34627,855.6703,-0.0009086551,-430.01400013977695,65.0,S_2062
2024-05-12 19:11:30,-40.96,6.1927032,-32.068012,155.33228,855.67957,-0.00042297068,-459.02922137915454,65.0,S_2062
2024-05-12 19:11:31,-41.025333,6.1927185,-32.13096,155.31828,855.6555,-0.00041353976,-490.51747672085673,65.0,S_2062
2024-05-12 19:11:32,-41.090664,6.192734,-32.179916,155.2973,855.6388,-0.00039899242,-516.6363885361794,65.0,S_2062
2024-05-12 19:11:33,-41.156,6.192734,-32.23587,155.28331,855.6777,-0.00039054925,-545.4789069203841,65.0,S_2062
2024-05-12 19:11:34,-41.221333,6.192749,-32.298817,155.26233,855.77954,-0.000871849,-581.5624262763632,65.0,S_2062
2024-05-12 19:11:35,-41.286667,6.1927643,-32.361763,155.24135,855.8703,-0.0008628328,-616.794187320271,65.0,S_2062
2024-05-12 19:11:36,-41.351997,6.1927643,-32.417717,155.22736,855.8888,-0.0008476062,-648.1758548261629,65.0,S_2062
2024-05-12 19:11:37,-41.41733,6.1927795,-32.47367,155.21338,855.86664,-0.0008395918,-680.1451009926742,65.0,S_2062
2024-05-12 19:11:38,-41.482666,6.192795,-32.536617,155.19939,855.83514,-0.00083771755,-714.6928393660108,65.0,S_2062
2024-05-12 19:11:39,-41.547997,6.192795,-32.59257,155.1784,855.8407,-0.0008296329,-746.7585699861343,65.0,S_2062
2024-05-12 19:11:40,-41.61333,6.19281,-32.64852,155.15742,855.9222,-0.00081422325,-778.5892987927615,65.0,S_2062
2024-05-12 19:11:41,-41.678665,6.1928253,-32.704475,155.14343,856.02954,-0.00080605946,-809.7042439899633,65.0,S_2062
2024-05-12 19:11:42,-41.744,6.1928253,-32.76043,155.12944,856.07404,-0.0008051625,-841.5468843989104,65.0,S_2062
2024-05-12 19:11:43,-41.80933,6.1928406,-32.823376,155.10846,856.05927,-0.0007919793,-876.3168783458268,65.0,S_2062
2024-05-12 19:11:44,-41.874664,6.192856,-32.87933,155.09447,856.0351,-0.0007763903,-907.3717296935987,65.0,S_2062
2024-05-12 19:11:45,-41.94,6.192871,-32.935284,155.07349,856.0389,-0.00076807657,-938.9034973347641,65.0,S_2062
2024-05-12 19:11:46,-42.005333,6.192871,-32.991234,155.05951,856.0999,-0.00027268103,-966.6737493238318,65.0,S_2062
2024-05-12 19:11:47,-42.070663,6.1928864,-33.047188,155.03851,856.1907,-0.00026372133,-995.2078624388105,65.0,S_2062
2024-05-12 19:11:48,-42.135998,6.1929016,-33.110134,155.02454,856.25366,-0.0002462618,-1025.847777873256,65.0,S_2062
2024-05-12 19:11:49,-42.201332,6.192917,-33.16609,155.01054,856.26294,-0.00023722944,-1053.5651511139818,65.0,S_2062
2024-05-12 19:11:50,-42.266666,6.192917,-33.229034,154.98956,856.2389,-0.00023438521,-1085.0019633847028,65.0,S_2062
2024-05-12 19:11:51,-42.331997,6.192932,-33.29198,154.96858,856.22217,-0.00022032124,-1116.1358530846803,65.0,S_2062
2024-05-12 19:11:52,-42.39733,6.1929474,-33.347935,154.95459,856.26105,-0.00020380177,-1143.4553341872854,65.0,S_2062
2024-05-12 19:11:53,-42.462666,6.1929626,-33.40389,154.93361,856.36664,-0.00019460854,-1171.3402813580426,65.0,S_2062
2024-05-12 19:11:54,-42.528,6.192978,-33.45984,154.91962,856.4518,-0.00019278319,-1198.5520008304738,65.0,S_2062
2024-05-12 19:11:55,-42.59333,6.192993,-33.515793,154.90564,856.46295,-0.00018354176,-1225.8722697292314,65.0,S_2062
2024-05-12 19:11:56,-42.658665,6.192993,-33.57874,154.88464,856.4333,-0.00016569406,-1256.7802130214282,65.0,S_2062
2024-05-12 19:11:57,-42.724,6.1930084,-33.641685,154.87067,856.40735,-0.00015520176,-1286.8619990714735,65.0,S_2062
2024-05-12 19:11:58,-42.78933,6.1930237,-33.69764,154.84969,856.4241,-0.00014944328,-1314.3388942020194,65.0,S_2062
2024-05-12 19:11:59,-42.854664,6.193039,-33.746597,154.8357,856.5074,-0.00014120867,-1338.1591348397098,65.0,S_2062
2024-05-12 19:12:00,-42.92,6.193054,-33.80255,154.81471,856.6129,-0.00012433977,-1365.7021733937465,65.0,S_2062
2024-05-12 19:12:01,-42.985332,6.1930695,-33.865498,154.79373,856.6574,-0.00011369736,-1396.1471879200406,65.0,S_2062
2024-05-12 19:12:02,-43.050667,6.1930695,-33.92145,154.77974,856.64264,-0.00011163763,-1422.8554776613469,65.0,S_2062
2024-05-12 19:12:03,-43.115997,6.1930847,-33.977406,154.75876,856.6185,-0.00010209741,-1450.14210422871,65.0,S_2062
2024-05-12 19:12:04,-43.18133,6.1931,-34.03336,154.74477,856.6241,-8.505574e-05,-1476.738265454385,65.0,S_2062
2024-05-12 19:12:05,-43.246666,6.1931,-34.096306,154.72379,856.6833,-7.044418e-05,-1506.9570473381314,65.0,S_2062
2024-05-12 19:12:06,-43.312,6.193115,-34.159252,154.7098,856.77405,-0.00057270686,-1539.7410813623203,65.0,S_2062
2024-05-12 19:12:07,-43.37733,6.1931305,-34.215206,154.68881,856.8389,-0.00056357076,-1569.9469019344306,65.0,S_2062
2024-05-12 19:12:08,-43.442665,6.1931458,-34.271156,154.67482,856.8463,-0.00054689904,-1599.4766954994243,65.0,S_2062
2024-05-12 19:12:09,-43.508,6.1931458,-34.32711,154.65384,856.8241,-0.00053768186,-1629.925435252753,65.0,S_2062
2024-05-12 19:12:10,-43.573334,6.193161,-34.390057,154.63986,856.80554,-0.0005347403,-1662.3695725687212,65.0,S_2062
2024-05-12 19:12:11,-43.638664,6.1931763,-34.44601,154.62587,856.8444,-0.00052545196,-1691.758891697176,65.0,S_2062
2024-05-12 19:12:12,-43.704,6.1931915,-34.501965,154.60489,856.95,-0.0005086013,-1721.6896837610313,65.0,S_2062
2024-05-12 19:12:13,-43.769333,6.193207,-34.557915,154.58391,857.0353,-0.00049544545,-1751.831336099842,65.0,S_2062
2024-05-12 19:12:14,-43.834667,6.193222,-34.620865,154.56992,857.0463,-0.0004923714,-1784.083438818111,65.0,S_2062
2024-05-12 19:12:15,-43.899998,6.1932373,-34.676815,154.54893,857.01666,-0.00048293412,-1814.132621775995,65.0,S_2062
2024-05-12 19:12:16,-43.965332,6.1932373,-34.73976,154.53494,856.9926,-0.00046468698,-1846.200931299903,65.0,S_2062
2024-05-12 19:12:17,-44.030666,6.1932526,-34.795715,154.51396,857.00745,-0.00045516016,-1875.3595086040712,65.0,S_2062
2024-05-12 19:12:18,-44.096,6.193268,-34.844673,154.49997,857.0908,-0.00045440183,-1901.193638086244,65.0,S_2062
2024-05-12 19:12:19,-44.16133,6.193283,-34.900627,154.47899,857.1982,-0.0004448158,-1931.0318528216665,65.0,S_2062
2024-05-12 19:12:20,-44.226665,6.1932983,-34.963573,154.45801,857.2426,-0.000422606,-1963.4067017446864,65.0,S_2062
2024-05-12 19:12:21,-44.292,6.1933136,-35.019527,154.44402,857.2278,-0.0004129401,-1992.298143613997,65.0,S_2062
2024-05-12 19:12:22,-44.357334,6.193329,-35.082474,154.43004,857.20374,0.00010476503,-2020.5785325327945,65.0,S_2062
2024-05-12 19:12:23,-44.422665,6.193344,-35.14542,154.40906,857.20746,0.00011628054,-2049.513596887216,65.0,S_2062
2024-05-12 19:12:24,-44.488,6.1933746,-35.201374,154.38806,857.26855,0.00013420507,-2075.272994205545,65.0,S_2062
2024-05-12 19:12:25,-44.553333,6.19339,-35.257328,154.37408,857.3575,0.00014456268,-2100.287817042535,65.0,S_2062
2024-05-12 19:12:26,-44.618668,6.193405,-35.313282,154.3531,857.4223,0.0001473323,-2125.936582358514,65.0,S_2062
2024-05-12 19:12:27,-44.684,6.1934204,-35.369232,154.3321,857.4316,0.00016152089,-2151.5178202551906,65.0,S_2062
2024-05-12 19:12:28,-44.749332,6.1934357,-35.425186,154.31813,857.4075,0.00017961506,-2176.166300102045,65.0,S_2062
2024-05-12 19:12:29,-44.814667,6.193451,-35.488132,154.29715,857.3908,0.0001913802,-2204.634739902488,65.0,S_2062
2024-05-12 19:12:30,-44.88,6.1934814,-35.544086,154.28316,857.4297,0.00013893525,-2229.680529207621,65.0,S_2062
2024-05-12 19:12:31,-44.94533,6.1934967,-35.60004,154.26218,857.53345,0.00014950748,-2255.3083016097135,65.0,S_2062
2024-05-12 19:12:32,-45.010666,6.193512,-35.65599,154.2412,857.6204,0.00016778806,-2280.7131915867585,65.0,S_2062
2024-05-12 19:12:33,-45.076,6.193527,-35.71894,154.2272,857.6297,0.00017971382,-2308.5980561411284,65.0,S_2062
2024-05-12 19:12:34,-45.141335,6.1935577,-35.77489,154.21321,857.6019,0.00018273789,-2333.352867817627,65.0,S_2062
2024-05-12 19:12:35,-45.206665,6.193573,-35.830845,154.19223,857.576,0.00019721047,-2358.51727724432,65.0,S_2062
2024-05-12 19:12:36,-45.272,6.1935883,-35.89379,154.17125,857.5908,0.00021694429,-2386.7781662750826,65.0,S_2062
2024-05-12 19:12:37,-45.337334,6.193619,-35.949745,154.15027,857.676,0.00022774967,-2411.750884874911,65.0,S_2062
2024-05-12 19:12:38,-45.402668,6.193634,-36.01269,154.13628,857.78156,0.00023217022,-2439.2941799629198,65.0,S_2062
2024-05-12 19:12:39,-45.468,6.1936493,-36.068645,154.12228,857.826,0.00024304117,-2463.6524814197955,65.0,S_2062
2024-05-12 19:12:40,-45.533333,6.19368,-36.1246,154.1013,857.81116,0.00026167,-2488.537579232862,65.0,S_2062
2024-05-12 19:12:41,-45.598667,6.193695,-36.18055,154.08032,857.78345,0.00027637684,-2513.1183610569756,65.0,S_2062
2024-05-12 19:12:42,-45.664,6.1937256,-36.243496,154.05934,857.789,-0.0002440599,-2544.323168648331,65.0,S_2062
2024-05-12 19:12:43,-45.729332,6.193741,-36.29945,154.04535,857.86676,-0.00023356242,-2571.731695721793,65.0,S_2062
2024-05-12 19:12:44,-45.794666,6.193756,-36.355404,154.03137,857.9742,-0.00021528432,-2598.896462645426,65.0,S_2062
2024-05-12 19:12:45,-45.86,6.1937866,-36.40436,154.01039,858.0279,-0.00020601522,-2623.883088907475,65.0,S_2062
2024-05-12 19:12:46,-45.925335,6.193817,-36.467308,153.98941,858.02234,-0.00020184825,-2654.8441472899217,65.0,S_2062
2024-05-12 19:12:47,-45.990665,6.1938324,-36.523262,153.96841,857.99084,-0.00019120736,-2682.7754509695615,65.0,S_2062
2024-05-12 19:12:48,-46.056,6.193863,-36.58621,153.95444,857.9723,-0.00017144394,-2712.8838878594493,65.0,S_2062
2024-05-12 19:12:49,-46.121334,6.193878,-36.642162,153.93346,858.01306,-0.0001569851,-2740.4472166830733,65.0,S_2062
2024-05-12 19:12:50,-46.18667,6.1939087,-36.698116,153.91946,858.11865,-0.00015401555,-2767.3644662638812,65.0,S_2062
2024-05-12 19:12:51,-46.252,6.193924,-36.754066,153.89848,858.2038,-0.0001432255,-2794.964164560489,65.0,S_2062
2024-05-12 19:12:52,-46.317333,6.1939545,-36.817017,153.8775,858.21497,-0.00012326601,-2825.4051472630535,65.0,S_2062
2024-05-12 19:12:53,-46.382668,6.193985,-36.872967,153.85652,858.1853,-0.00011239425,-2852.7633540961847,65.0,S_2062
2024-05-12 19:12:54,-46.448,6.1940002,-36.935913,153.84253,858.15936,-0.00010796481,-2882.450364838284,65.0,S_2062
2024-05-12 19:12:55,-46.513332,6.194031,-36.991867,153.82155,858.1742,-9.329931e-05,-2909.5286200991227,65.0,S_2062
2024-05-12 19:12:56,-46.578667,6.1940613,-37.040825,153.80756,858.2594,-7.5834614e-05,-2932.8515115413043,65.0,S_2062
2024-05-12 19:12:57,-46.644,6.194092,-37.09678,153.78658,858.3649,-6.481972e-05,-2959.875250092742,65.0,S_2062
2024-05-12 19:12:58,-46.70933,6.194107,-37.159725,153.7656,858.41125,-6.0254228e-05,-2989.9310087355484,65.0,S_2062
2024-05-12 19:12:59,-46.774666,6.1941376,-37.222675,153.7516,858.3964,-4.782353e-05,-3019.22084646573,65.0,S_2062
2024-05-12 19:13:00,-46.84,6.194168,-37.278625,153.73062,858.3668,-2.8845825e-05,-3045.933731734206,65.0,S_2062
2024-05-12 19:13:01,-46.90525,6.1941986,-37.327587,153.70964,858.3724,-1.5326921e-05,-3069.5158071018705,65.0,S_2062
2024-05-12 19:13:02,-46.970505,6.1942444,-37.390533,153.69565,858.45013,0.0005246091,-3094.6951002055494,65.0,S_2062
2024-05-12 19:13:03,-47.035763,6.194275,-37.45348,153.67467,858.55756,0.0005377048,-3120.907512531953,65.0,S_2062
2024-05-12 19:13:04,-47.10102,6.1943207,-37.509434,153.66068,858.6131,0.0005573535,-3143.1901217229342,65.0,S_2062
2024-05-12 19:13:05,-47.166286,6.194351,-37.565384,153.6397,858.6058,0.00056916545,-3166.038628817128,65.0,S_2062
2024-05-12 19:13:06,-47.23155,6.1943817,-37.621338,153.61871,858.5743,0.000573121,-3188.4335643939103,65.0,S_2062
2024-05-12 19:13:07,-47.296818,6.1944275,-37.684284,153.59773,858.55566,0.0005863736,-3214.2426752351435,65.0,S_2062
2024-05-12 19:13:08,-47.362087,6.194458,-37.74024,153.57675,858.59644,0.00060990034,-3236.91461825368,65.0,S_2062
2024-05-12 19:13:09,-47.42736,6.194504,-37.796192,153.56276,858.702,0.0006218565,-3258.7704609664033,65.0,S_2062
2024-05-12 19:13:10,-47.492638,6.1945343,-37.852142,153.54178,858.7872,0.0006259325,-3280.774898188426,65.0,S_2062
2024-05-12 19:13:11,-47.55792,6.19458,-37.915092,153.5208,858.79834,0.0006393321,-3306.235053295798,65.0,S_2062
2024-05-12 19:13:12,-47.6232,6.1946106,-37.971043,153.49982,858.7687,0.000659325,-3328.0818125924184,65.0,S_2062
2024-05-12 19:13:13,-47.688484,6.194641,-38.03399,153.48582,858.74274,0.0006728166,-3352.6728226461387,65.0,S_2062
2024-05-12 19:13:14,-47.753773,6.194687,-38.089943,153.46484,858.75946,0.00067701086,-3374.908085992847,65.0,S_2062
2024-05-12 19:13:15,-47.81906,6.1947174,-38.145897,153.45085,858.8446,0.000692873,-3396.807428646873,65.0,S_2062
2024-05-12 19:13:16,-47.884354,6.194763,-38.194855,153.42987,858.9502,0.0007116229,-3415.110103634033,65.0,S_2062
2024-05-12 19:13:17,-47.94965,6.1947937,-38.2578,153.40889,858.9891,0.0007252684,-3439.4573120314926,65.0,S_2062
2024-05-12 19:13:18,-48.01495,6.194824,-38.32075,153.38791,858.97614,0.0007309822,-3464.416549253321,65.0,S_2062
2024-05-12 19:13:19,-48.08025,6.19487,-38.3767,153.37392,858.9687,0.00074329216,-3486.0181122381396,65.0,S_2062
2024-05-12 19:13:20,-48.145554,6.1949005,-38.425663,153.35294,858.9724,0.0007621988,-3503.950650405486,65.0,S_2062
2024-05-12 19:13:21,-48.21086,6.1949463,-38.48861,153.33195,858.9613,0.0007796885,-3527.8968204348357,65.0,S_2062
2024-05-12 19:13:22,-48.276173,6.194977,-38.551556,153.31097,858.9613,0.0007855331,-3552.4999853610097,65.0,S_2062
2024-05-12 19:13:23,-48.341484,6.1950073,-38.60751,153.29698,859.01685,0.0007979806,-3573.1923990299383,65.0,S_2062
2024-05-12 19:13:24,-48.4068,6.195053,-38.66346,153.276,859.1076,0.0008184725,-3594.392519169346,65.0,S_2062
2024-05-12 19:13:25,-48.47212,6.1950836,-38.719414,153.25502,859.1743,0.0008309976,-3615.511593697879,65.0,S_2062
2024-05-12 19:13:26,-48.537437,6.1951294,-38.775368,153.23404,859.18353,0.0008355349,-3636.7203632247515,65.0,S_2062
2024-05-12 19:13:27,-48.60276,6.19516,-38.831318,153.22005,859.1594,0.0008481317,-3656.4440653744005,65.0,S_2062
2024-05-12 19:13:28,-48.668087,6.1952057,-38.894268,153.19907,859.1428,0.0008738993,-3680.351163744169,65.0,S_2062
2024-05-12 19:13:29,-48.733418,6.195236,-38.95022,153.17809,859.1798,0.00088656443,-3701.1014173595418,65.0,S_2062
2024-05-12 19:13:30,-48.798748,6.1952667,-39.006172,153.1571,859.28357,0.00094560586,-3721.6048917940116,65.0,S_2062
2024-05-12 19:13:31,-48.864082,6.1953125,-39.062126,153.14311,859.37244,0.00095831393,-3740.528044545782,65.0,S_2062
2024-05-12 19:13:32,-48.92942,6.195343,-39.125072,153.12213,859.3928,0.000980568,-3763.00041823618,65.0,S_2062
2024-05-12 19:13:33,-48.994762,6.195389,-39.18802,153.10115,859.3706,0.0009948122,-3786.1123137965565,65.0,S_2062
2024-05-12 19:13:34,-49.060104,6.1954193,-39.243973,153.08017,859.3391,0.0010032337,-3806.0995527769073,65.0,S_2062
2024-05-12 19:13:35,-49.12545,6.19545,-39.299927,153.05919,859.34467,0.001016082,-3826.1466518282728,65.0,S_2062
2024-05-12 19:13:36,-49.1908,6.1954956,-39.355877,153.0452,859.42615,0.0010370443,-3844.4904570387157,65.0,S_2062
2024-05-12 19:13:37,-49.25615,6.195526,-39.418827,153.02422,859.53174,0.001051438,-3867.2296974426463,65.0,S_2062
2024-05-12 19:13:38,-49.321503,6.195572,-39.474777,153.00323,859.578,0.0010563063,-3886.8642701805734,65.0,S_2062
2024-05-12 19:13:39,-49.38686,6.1956024,-39.53073,152.98225,859.5632,0.0010729567,-3906.5424018141175,65.0,S_2062
2024-05-12 19:13:40,-49.45222,6.195648,-39.586685,152.96826,859.5391,0.0010940838,-3924.4695695863447,65.0,S_2062
2024-05-12 19:13:41,-49.517582,6.1956787,-39.64963,152.94728,859.5428,0.0011086354,-3946.8281683166606,65.0,S_2062
2024-05-12 19:13:42,-49.582947,6.195709,-39.705585,152.9263,859.60394,0.0011136078,-3966.0864669333628,65.0,S_2062
2024-05-12 19:13:43,-49.648315,6.195755,-39.761536,152.90532,859.6928,0.0011267319,-3985.2559674046697,65.0,S_2062
2024-05-12 19:13:44,-49.713688,6.1957855,-39.81749,152.88434,859.7577,0.0016666541,-4001.166450430478,65.0,S_2062
2024-05-12 19:13:45,-49.77906,6.1958313,-39.873444,152.87035,859.76697,0.001680291,-4016.1135375916538,65.0,S_2062
2024-05-12 19:13:46,-49.844437,6.195862,-39.929394,152.84937,859.74286,0.0016894805,-4030.3713831681657,65.0,S_2062
2024-05-12 19:13:47,-49.909817,6.1958923,-39.992344,152.82838,859.7262,0.0017046677,-4048.8649149219386,65.0,S_2062
2024-05-12 19:13:48,-49.975197,6.195938,-40.048294,152.8074,859.7651,0.0017265499,-4064.145991002111,65.0,S_2062
2024-05-12 19:13:49,-50.040585,6.1959686,-40.104248,152.78642,859.8706,0.0017403176,-4079.337445030224,65.0,S_2062
2024-05-12 19:13:50,-50.105972,6.1960144,-40.160202,152.76543,859.9558,0.0017459553,-4093.184279786893,65.0,S_2062
2024-05-12 19:13:51,-50.17136,6.196045,-40.22315,152.74445,859.9669,0.0017649434,-4111.522000413706,65.0,S_2062
2024-05-12 19:13:52,-50.236755,6.1960907,-40.279102,152.73047,859.9373,0.0017869828,-4124.426175327126,65.0,S_2062
2024-05-12 19:13:53,-50.30215,6.196121,-40.34205,152.70949,859.9114,0.0018024136,-4142.272479818237,65.0,S_2062
2024-05-12 19:13:54,-50.36755,6.1961517,-40.398003,152.68849,859.9262,0.0018081551,-4158.361358987596,65.0,S_2062
2024-05-12 19:13:55,-50.43295,6.1961975,-40.44696,152.66751,860.01135,0.0018205907,-4169.95893811864,65.0,S_2062
2024-05-12 19:13:56,-50.498352,6.196228,-40.502914,152.64653,860.11694,0.0018427835,-4183.094560403933,65.0,S_2062
2024-05-12 19:13:57,-50.563763,6.196274,-40.56586,152.62555,860.1614,0.0018619949,-4200.548081375946,65.0,S_2062
2024-05-12 19:13:58,-50.62917,6.1963043,-40.621815,152.60457,860.14655,0.001867847,-4213.498918776634,65.0,S_2062
2024-05-12 19:13:59,-50.694584,6.19635,-40.68476,152.58359,860.1225,0.0018834741,-4232.500456374795,65.0,S_2062
2024-05-12 19:14:00,-50.76,6.1963806,-40.73372,152.5696,860.12805,0.0019042806,-4242.910449361081,65.0,S_2062
2024-05-12 19:14:01,-50.825417,6.1964417,-40.789673,152.54861,860.1873,0.001918445,-4256.930320448997,65.0,S_2062
2024-05-12 19:14:02,-50.89084,6.1965027,-40.845623,152.52763,860.2781,0.0019244101,-4269.463208598016,65.0,S_2062
2024-05-12 19:14:03,-50.95626,6.1965485,-40.908573,152.50665,860.3429,0.0019438125,-4284.919133360206,65.0,S_2062
2024-05-12 19:14:04,-51.021687,6.1966095,-40.97152,152.48567,860.35034,0.0019678723,-4301.674552799419,65.0,S_2062
2024-05-12 19:14:05,-51.087116,6.1966553,-41.02747,152.46469,860.32806,0.0019821688,-4315.272540514474,65.0,S_2062
2024-05-12 19:14:06,-51.15255,6.1967163,-41.083424,152.44371,860.3096,0.0025539913,-4325.176443087411,65.0,S_2062
2024-05-12 19:14:07,-51.217983,6.196762,-41.139378,152.42273,860.34845,0.0025687949,-4333.364958631886,65.0,S_2062
2024-05-12 19:14:08,-51.28342,6.196823,-41.202324,152.40874,860.454,0.0025934686,-4345.432713614035,65.0,S_2062
2024-05-12 19:14:09,-51.34886,6.196869,-41.258278,152.38776,860.5392,0.0026119738,-4354.9569358428635,65.0,S_2062
2024-05-12 19:14:10,-51.414303,6.19693,-41.31423,152.36678,860.5503,0.0020510687,-4368.10222607805,65.0,S_2062
2024-05-12 19:14:11,-51.47975,6.1969757,-41.370182,152.34578,860.5207,0.0020655475,-4381.151745356622,65.0,S_2062
2024-05-12 19:14:12,-51.5452,6.1970215,-41.426136,152.3248,860.49475,0.0020883575,-4394.052386086914,65.0,S_2062
2024-05-12 19:14:13,-51.61065,6.1970825,-41.48209,152.30382,860.5114,0.0021029136,-4405.278662708352,65.0,S_2062
2024-05-12 19:14:14,-51.676105,6.1971283,-41.545036,152.28284,860.5947,0.0021144035,-4421.065281284287,65.0,S_2062
2024-05-12 19:14:15,-51.74156,6.197174,-41.60099,152.26186,860.7003,0.002129021,-4433.698413780028,65.0,S_2062
2024-05-12 19:14:16,-51.807022,6.19722,-41.65694,152.24088,860.74475,0.0021519808,-4446.178864234815,65.0,S_2062
2024-05-12 19:14:17,-51.872482,6.1972656,-41.712894,152.2199,860.7299,0.002166665,-4458.564266905867,65.0,S_2062
2024-05-12 19:14:18,-51.93795,6.1973114,-41.76885,152.19891,860.7059,0.0027441168,-4465.159393126054,65.0,S_2062
2024-05-12 19:14:19,-52.003418,6.197357,-41.831795,152.17793,860.7114,0.0027608983,-4474.688068658212,65.0,S_2062
2024-05-12 19:14:20,-52.068886,6.197403,-41.89474,152.15695,860.7707,0.0027896566,-4486.101349738721,65.0,S_2062
2024-05-12 19:14:21,-52.13436,6.1974487,-41.950695,152.13596,860.86145,0.0028049133,-4494.3604448785845,65.0,S_2062
2024-05-12 19:14:22,-52.199837,6.1974945,-42.00665,152.11497,860.9263,0.0028118512,-4504.6654559421895,65.0,S_2062
2024-05-12 19:14:23,-52.265316,6.197525,-42.055607,152.094,860.93555,0.0028255347,-4507.6073645461365,65.0,S_2062
2024-05-12 19:14:24,-52.3308,6.197571,-42.118553,152.07301,860.91144,0.0028508448,-4518.6184099874445,65.0,S_2062
2024-05-12 19:14:25,-52.396282,6.1976166,-42.174507,152.05203,860.89294,0.002869816,-4524.629083749756,65.0,S_2062
2024-05-12 19:14:26,-52.46177,6.197647,-42.237453,152.03804,860.9337,0.0028784757,-4534.823260239669,65.0,S_2062
2024-05-12 19:14:27,-52.52726,6.197693,-42.293407,152.01706,861.03925,0.0028939056,-4541.9828743285,65.0,S_2062
2024-05-12 19:14:28,-52.592754,6.1977386,-42.349358,151.98909,861.12256,0.0029177403,-4550.132715326775,65.0,S_2062
2024-05-12 19:14:29,-52.65825,6.197769,-42.40531,151.96811,861.12634,0.0029332344,-4555.343905769504,65.0,S_2062
2024-05-12 19:14:30,-52.723747,6.197815,-42.468258,151.94713,861.1096,0.002942011,-4565.75303908471,65.0,S_2062
2024-05-12 19:14:31,-52.78925,6.1978455,-42.52421,151.92613,861.1115,0.002961155,-4572.9859720329705,65.0,S_2062
2024-05-12 19:14:32,-52.854755,6.197876,-42.580166,151.90515,861.1152,0.0029851326,-4580.062278208869,65.0,S_2062
2024-05-12 19:14:33,-52.92026,6.1979218,-42.636116,151.88417,861.0985,0.0030007504,-4587.033156803503,65.0,S_2062
2024-05-12 19:14:34,-52.98577,6.1979523,-42.69207,151.86319,861.0985,0.0030079903,-4593.957208178189,65.0,S_2062
2024-05-12 19:14:35,-53.051285,6.197983,-42.748024,151.84221,861.17444,0.0030236617,-4598.505273837008,65.0,S_2062
2024-05-12 19:14:36,-53.1168,6.1980133,-42.81097,151.82123,861.2837,0.0030530212,-4608.1866047687245,65.0,S_2062
2024-05-12 19:14:37,-53.182316,6.198044,-42.866924,151.80025,861.33185,0.0030687582,-4614.7143912311585,65.0,S_2062
2024-05-12 19:14:38,-53.247837,6.1980896,-42.922874,151.77927,861.3171,0.0030761084,-4621.190009584166,65.0,S_2062
2024-05-12 19:14:39,-53.313362,6.19812,-42.97883,151.75829,861.2837,0.0030918987,-4627.563632475603,65.0,S_2062
2024-05-12 19:14:40,-53.378887,6.1981506,-43.034782,151.7373,861.2744,0.0031161516,-4633.779050003192,65.0,S_2062
2024-05-12 19:14:41,-53.444416,6.198181,-43.090736,151.71632,861.32263,0.0031355876,-4637.508160600759,65.0,S_2062
2024-05-12 19:14:42,-53.50995,6.1981964,-43.153683,151.69533,861.43,0.0031446961,-4644.2214775767325,65.0,S_2062
2024-05-12 19:14:43,-53.575485,6.198227,-43.21663,151.67435,861.5115,0.003162283,-4655.542048850439,65.0,S_2062
2024-05-12 19:14:44,-53.64102,6.1982574,-43.265587,151.65337,861.52264,0.0037282829,-4654.753111643492,65.0,S_2062
2024-05-12 19:14:45,-53.706562,6.198288,-43.32154,151.63239,861.4948,0.0037446418,-4654.0907304943985,65.0,S_2062
2024-05-12 19:14:46,-53.772102,6.1983185,-43.384487,151.6114,861.4763,0.0037542474,-4656.405665092734,65.0,S_2062
2024-05-12 19:14:47,-53.83765,6.1983337,-43.447433,151.59042,861.5171,0.003775919,-4661.403454879588,65.0,S_2062
2024-05-12 19:14:48,-53.9032,6.1983643,-43.503387,151.56944,861.6207,0.0038008401,-4666.027210518523,65.0,S_2062
2024-05-12 19:14:49,-53.96875,6.198395,-43.552345,151.54846,861.7097,0.0038156253,-4664.668284358386,65.0,S_2062
2024-05-12 19:14:50,-54.034306,6.19841,-43.6083,151.52748,861.7282,0.0044081723,-4658.544293799949,65.0,S_2062
2024-05-12 19:14:51,-54.09986,6.1984406,-43.671246,151.4995,861.70593,0.004430368,-4659.948708505167,65.0,S_2062
2024-05-12 19:14:52,-54.16542,6.198456,-43.7272,151.47852,861.6745,0.0044558244,-4654.1548114504585,65.0,S_2062
2024-05-12 19:14:53,-54.230984,6.198471,-43.790146,151.45753,861.68005,0.0044745193,-4654.638732026468,65.0,S_2062
2024-05-12 19:14:54,-54.296547,6.1985016,-43.8461,151.43655,861.7615,0.004431137,-4652.354568002928,65.0,S_2062
2024-05-12 19:14:55,-54.362118,6.198517,-43.902054,151.41557,861.86896,0.004448218,-4649.96065781457,65.0,S_2062
2024-05-12 19:14:56,-54.42769,6.198532,-43.958004,151.39459,861.9134,0.004473846,-4644.028315696309,65.0,S_2062
2024-05-12 19:14:57,-54.49326,6.1985626,-44.02095,151.37361,861.89856,0.0044962717,-4643.605753203068,65.0,S_2062
2024-05-12 19:14:58,-54.558838,6.198578,-44.076904,151.34563,861.8745,0.004504908,-4641.470634473949,65.0,S_2062
2024-05-12 19:14:59,-54.624416,6.198593,-44.13286,151.32465,861.8782,0.0045221,-4638.592421735913,65.0,S_2062
2024-05-12 19:15:00,-54.69,6.1986084,-44.188812,151.30367,861.94116,0.0050971597,-4632.011152493186,65.0,S_2062
2024-05-12 19:15:01,-54.75583,6.1986694,-44.244762,151.28268,862.0319,0.005114782,-4625.311288119728,65.0,S_2062
2024-05-12 19:15:02,-54.821655,6.198715,-44.300716,151.2617,862.0931,0.0051274463,-4618.530140346404,65.0,S_2062
2024-05-12 19:15:03,-54.887474,6.198761,-44.35667,151.24072,862.09485,0.0051451107,-4611.63383447193,65.0,S_2062
2024-05-12 19:15:04,-54.95329,6.198822,-44.412624,151.21974,862.08374,0.005171359,-4599.898075069056,65.0,S_2062
2024-05-12 19:15:05,-55.019096,6.198868,-44.47557,151.19176,862.08563,0.0051908283,-4596.378375832652,65.0,S_2062
2024-05-12 19:15:06,-55.0849,6.1989136,-44.53152,151.17078,862.0819,0.0052035647,-4589.099540532463,65.0,S_2062
2024-05-12 19:15:07,-55.150696,6.198944,-44.587475,151.1498,862.0708,0.00522134,-4581.706524497617,65.0,S_2062
2024-05-12 19:15:08,-55.216488,6.19899,-44.64343,151.12881,862.09485,0.005247714,-4574.142335798503,65.0,S_2062
2024-05-12 19:15:09,-55.282272,6.1990356,-44.699383,151.10783,862.1764,0.005265543,-4566.464158182747,65.0,S_2062
2024-05-12 19:15:10,-55.348053,6.199066,-44.755333,151.08685,862.26154,0.0058277757,-4549.905762413884,65.0,S_2062
2024-05-12 19:15:11,-55.41383,6.1990967,-44.818283,151.05887,862.29865,0.005851309,-4542.124865065895,65.0,S_2062
2024-05-12 19:15:12,-55.4796,6.199127,-44.874233,151.03789,862.2875,0.005878164,-4529.532845695661,65.0,S_2062
2024-05-12 19:15:13,-55.54536,6.1991577,-44.930187,151.00992,862.26154,0.005896456,-4518.411688088668,65.0,S_2062
2024-05-12 19:15:14,-55.611122,6.199188,-44.98614,150.98892,862.26526,0.005906169,-4502.150021304162,65.0,S_2062
2024-05-12 19:15:15,-55.676872,6.1992188,-45.049088,150.96794,862.3449,0.0059262747,-4493.246707606975,65.0,S_2062
2024-05-12 19:15:16,-55.74262,6.1992493,-45.10504,150.94696,862.45233,0.00595678,-4476.616716863222,65.0,S_2062
2024-05-12 19:15:17,-55.80836,6.1992645,-45.167988,150.92598,862.4986,0.005976948,-4471.855881062998,65.0,S_2062
2024-05-12 19:15:18,-55.8741,6.19928,-45.216946,150.905,862.4838,0.0059849625,-4455.5252317182085,65.0,S_2062
2024-05-12 19:15:19,-55.939827,6.1993103,-45.2729,150.87703,862.45233,0.006003402,-4443.709297792553,65.0,S_2062
2024-05-12 19:15:20,-56.005554,6.1993256,-45.32885,150.85603,862.44305,0.006626758,-4422.254318074041,65.0,S_2062
2024-05-12 19:15:21,-56.071274,6.199341,-45.3918,150.83505,862.4912,0.0066509275,-4402.704751634445,65.0,S_2062
2024-05-12 19:15:22,-56.136986,6.199341,-45.454746,150.80708,862.59674,0.0067136753,-4389.350331851972,65.0,S_2062
2024-05-12 19:15:23,-56.202694,6.199356,-45.5107,150.7861,862.6801,0.0067325323,-4372.214797122411,65.0,S_2062
2024-05-12 19:15:24,-56.2684,6.1993713,-45.56665,150.76512,862.6894,0.0067600594,-4354.896715392417,65.0,S_2062
2024-05-12 19:15:25,-56.334095,6.1993713,-45.622604,150.74414,862.66345,0.006778967,-4336.372621066261,65.0,S_2062
2024-05-12 19:15:26,-56.399788,6.1993713,-45.67856,150.71616,862.6486,0.007300861,-4310.694286620989,65.0,S_2062
2024-05-12 19:15:27,-56.465473,6.1993866,-45.741505,150.69518,862.682,0.007321999,-4292.7944429720155,65.0,S_2062
2024-05-12 19:15:28,-56.531155,6.1993866,-45.79746,150.6742,862.7653,0.007350022,-4271.682899616444,65.0,S_2062
2024-05-12 19:15:29,-56.59683,6.1993713,-45.85341,150.65321,862.84863,0.0073694116,-4250.441132887083,65.0,S_2062
2024-05-12 19:15:30,-56.6625,6.1993713,-45.909363,150.63223,862.8783,0.007380148,-4227.961443064756,65.0,S_2062
2024-05-12 19:15:31,-56.72816,6.1993713,-45.965317,150.60425,862.8672,0.0074030887,-4207.1310246868525,65.0,S_2062
2024-05-12 19:15:32,-56.79382,6.199356,-46.021267,150.58327,862.86346,0.0074312137,-4184.3185679318085,65.0,S_2062
2024-05-12 19:15:33,-56.859474,6.199356,-46.07722,150.5553,862.8653,0.0074506854,-4163.175718365184,65.0,S_2062
2024-05-12 19:15:34,-56.92512,6.199341,-46.133175,150.53432,862.8505,0.0069001396,-4139.738049208641,65.0,S_2062
2024-05-12 19:15:35,-56.99076,6.1993256,-46.19612,150.51334,862.8505,0.00692465,-4124.379047489507,65.0,S_2062
2024-05-12 19:15:36,-57.056396,6.1993103,-46.252075,150.49234,862.92456,0.00695254,-4104.726387423387,65.0,S_2062
2024-05-12 19:15:37,-57.12203,6.199295,-46.30803,150.46437,863.0339,0.006971757,-4086.6594541438644,65.0,S_2062
2024-05-12 19:15:38,-57.187653,6.19928,-46.36398,150.44339,863.0894,0.007544987,-4064.2798838616927,65.0,S_2062
2024-05-12 19:15:39,-57.253273,6.1992493,-46.419933,150.42241,863.08386,0.0075645815,-4041.7750932373,65.0,S_2062
2024-05-12 19:15:40,-57.318886,6.199234,-46.475887,150.40143,863.0505,0.007596411,-4012.2695261617664,65.0,S_2062
2024-05-12 19:15:41,-57.384495,6.1992035,-46.538834,150.37344,863.032,0.0076178918,-3991.8936811889507,65.0,S_2062
2024-05-12 19:15:42,-57.450096,6.199173,-46.594788,150.34547,863.07465,0.007114527,-3972.9022842145964,65.0,S_2062
2024-05-12 19:15:43,-57.515694,6.1991425,-46.650738,150.3245,863.1802,0.0071338275,-3952.0572569594697,65.0,S_2062
2024-05-12 19:15:44,-57.581287,6.199112,-46.70669,150.29651,863.2654,0.007165361,-3927.3223182270026,65.0,S_2062
2024-05-12 19:15:45,-57.646873,6.1990814,-46.769638,150.27553,863.27277,0.007186557,-3910.2654920494724,65.0,S_2062
2024-05-12 19:15:46,-57.712452,6.199051,-46.825592,150.25455,863.2468,0.0071971794,-3890.1129155566855,65.0,S_2062
2024-05-12 19:15:47,-57.778027,6.199005,-46.881546,150.23357,863.2339,0.007216556,-3868.7323885133505,65.0,S_2062
2024-05-12 19:15:48,-57.843597,6.1989746,-46.937496,150.20558,863.2654,0.0072481926,-3848.870297577314,65.0,S_2062
2024-05-12 19:15:49,-57.90916,6.198929,-46.99345,150.1846,863.3487,0.0072676144,-3821.778028706005,65.0,S_2062
2024-05-12 19:15:50,-57.97472,6.198883,-47.056396,150.15663,863.432,0.0077975267,-3807.25674543432,65.0,S_2062
2024-05-12 19:15:51,-58.04027,6.1988373,-47.10536,150.13565,863.4617,0.007815484,-3778.9186786285777,65.0,S_2062
2024-05-12 19:15:52,-58.10582,6.1987915,-47.16131,150.10767,863.45056,0.007801685,-3749.5999369734977,65.0,S_2062
2024-05-12 19:15:53,-58.17136,6.1987457,-47.224255,150.08669,863.4469,0.007823496,-3728.439321292363,65.0,S_2062
2024-05-12 19:15:54,-58.236897,6.1986847,-47.28021,150.0657,863.44867,0.00783468,-3697.2025174946657,65.0,S_2062
2024-05-12 19:15:55,-58.30243,6.198639,-47.343155,150.03773,863.43756,0.007856536,-3682.34020277236,65.0,S_2062
2024-05-12 19:15:56,-58.367954,6.198578,-47.392117,150.01675,863.43756,0.007929101,-3653.2642689069035,65.0,S_2062
2024-05-12 19:15:57,-58.43347,6.198517,-47.448067,149.98877,863.495,0.00795254,-3628.866839559901,65.0,S_2062
2024-05-12 19:15:58,-58.498985,6.198456,-47.50402,149.96779,863.58575,0.007963734,-3596.6862815778973,65.0,S_2062
2024-05-12 19:15:59,-58.564495,6.198395,-47.566967,149.9398,863.6506,0.007985624,-3569.0571906741047,65.0,S_2062
2024-05-12 19:16:00,-58.629997,6.1983337,-47.629913,149.91882,863.6598,0.00797085,-3545.754300422891,65.0,S_2062
2024-05-12 19:16:01,-58.695168,6.198242,-47.685867,149.89085,863.63574,0.007994476,-3521.08208945922,65.0,S_2062
2024-05-12 19:16:02,-58.76034,6.1981354,-47.74182,149.86987,863.6191,0.008005837,-3494.5288404502253,65.0,S_2062
2024-05-12 19:16:03,-58.825523,6.198044,-47.797775,149.84189,863.658,0.008026004,-3475.681131379737,65.0,S_2062
2024-05-12 19:16:04,-58.89071,6.1979523,-47.846733,149.8209,863.76355,0.008098352,-3445.505709719563,65.0,S_2062
2024-05-12 19:16:05,-58.955902,6.1978455,-47.902687,149.79294,863.84875,0.008121976,-3413.86585526461,65.0,S_2062
2024-05-12 19:16:06,-59.0211,6.1977386,-47.965633,149.77196,863.8598,0.00818364,-3383.1009819039373,65.0,S_2062
2024-05-12 19:16:07,-59.0863,6.197647,-48.02858,149.74397,863.8302,0.008205683,-3360.083377918145,65.0,S_2062
2024-05-12 19:16:08,-59.15151,6.1975403,-48.084534,149.72299,863.8043,0.008234648,-3332.0422814204103,65.0,S_2062
2024-05-12 19:16:09,-59.216724,6.1974335,-48.140484,149.69502,863.81915,0.008254818,-3305.6866318809225,65.0,S_2062
2024-05-12 19:16:10,-59.28194,6.1973267,-48.196438,149.67404,863.9061,0.008269639,-3277.412296825579,65.0,S_2062
2024-05-12 19:16:11,-59.347168,6.19722,-48.25239,149.64606,864.01166,0.008289834,-3250.8322518571003,65.0,S_2062
2024-05-12 19:16:12,-59.4124,6.197113,-48.308346,149.62508,864.0506,0.008318881,-3216.0690925256113,65.0,S_2062
2024-05-12 19:16:13,-59.477634,6.197006,-48.371292,149.5971,864.0358,0.008341052,-3190.9643655984855,65.0,S_2062
2024-05-12 19:16:14,-59.542877,6.1968994,-48.427242,149.56912,864.0303,0.008355924,-3163.9542247683285,65.0,S_2062
2024-05-12 19:16:15,-59.608124,6.1967926,-48.483196,149.54814,864.03394,0.008376179,-3134.990557576136,65.0,S_2062
2024-05-12 19:16:16,-59.673374,6.196686,-48.53915,149.52017,864.0173,0.0090211155,-3102.412374047456,65.0,S_2062
2024-05-12 19:16:17,-59.738636,6.196579,-48.595104,149.49219,864.0061,0.009041731,-3071.005530328731,65.0,S_2062
2024-05-12 19:16:18,-59.803898,6.196457,-48.651054,149.4712,864.0469,0.009009315,-3037.8902636139937,65.0,S_2062
2024-05-12 19:16:19,-59.869167,6.19635,-48.70701,149.44322,864.15247,0.00903002,-3006.552306011483,65.0,S_2062
2024-05-12 19:16:20,-59.934444,6.196228,-48.762962,149.42224,864.2376,0.009059602,-2966.388858494015,65.0,S_2062
2024-05-12 19:16:21,-59.99972,6.196121,-48.82591,149.39427,864.24695,0.0090823,-2937.721926165773,65.0,S_2062
2024-05-12 19:16:22,-60.06501,6.195999,-48.881863,149.37329,864.2191,0.009721563,-2899.9519484257207,65.0,S_2062
2024-05-12 19:16:23,-60.130302,6.195877,-48.937813,149.3453,864.2006,0.009742557,-2864.0391551336606,65.0,S_2062
2024-05-12 19:16:24,-60.1956,6.1957703,-48.993767,149.32433,864.2414,0.009772437,-2825.939568965504,65.0,S_2062
2024-05-12 19:16:25,-60.260902,6.195648,-49.04972,149.29636,864.3469,0.009478332,-2790.3794579380074,65.0,S_2062
2024-05-12 19:16:26,-60.32621,6.195526,-49.105675,149.26837,864.4321,0.009184226,-2758.0472607614256,65.0,S_2062
2024-05-12 19:16:27,-60.391525,6.195404,-49.161625,149.24739,864.44507,0.009205047,-2723.6679037164777,65.0,S_2062
2024-05-12 19:16:28,-60.456844,6.195282,-49.21758,149.21942,864.4247,0.009190902,-2683.1650516213567,65.0,S_2062
2024-05-12 19:16:29,-60.522167,6.19516,-49.280525,149.19144,864.4191,0.0092138,-2652.354885323308,65.0,S_2062
2024-05-12 19:16:30,-60.587498,6.195038,-49.33648,149.16347,864.42285,0.0104307085,-2610.56742156822,65.0,S_2062
2024-05-12 19:16:31,-60.652836,6.1949005,-49.392433,149.13548,864.4081,0.010452154,-2570.1044007827004,65.0,S_2062
2024-05-12 19:16:32,-60.718178,6.1947784,-49.448383,149.1145,864.4081,0.011682726,-2519.514435296861,65.0,S_2062
2024-05-12 19:16:33,-60.783524,6.1946564,-49.504337,149.08653,864.4821,0.011704781,-2462.146668066608,65.0,S_2062
2024-05-12 19:16:34,-60.848877,6.194519,-49.567284,149.06555,864.5914,0.012301283,-2401.3695473332327,65.0,S_2062
2024-05-12 19:16:35,-60.914234,6.194397,-49.63023,149.03757,864.6469,0.012325719,-2350.2016205166383,65.0,S_2062
2024-05-12 19:16:36,-60.9796,6.1942596,-49.686184,149.0096,864.64136,0.012980971,-2293.5289393742896,65.0,S_2062
2024-05-12 19:16:37,-61.044968,6.1941223,-49.742138,148.98862,864.60803,0.013003644,-2234.311336118093,65.0,S_2062
2024-05-12 19:16:38,-61.110344,6.1940002,-49.79809,148.96063,864.5895,0.013601914,-2181.8056415518695,65.0,S_2062
2024-05-12 19:16:39,-61.175724,6.193863,-49.84705,148.93266,864.63214,0.013622862,-2116.153076337424,65.0,S_2062
2024-05-12 19:16:40,-61.24111,6.1937256,-49.903004,148.90468,864.7377,0.013030011,-2059.1722503313567,65.0,S_2062
2024-05-12 19:16:41,-61.306503,6.1935883,-49.958954,148.8837,864.821,0.013052769,-1989.936718313429,65.0,S_2062
2024-05-12 19:16:42,-61.3719,6.193451,-50.0219,148.85573,864.8303,0.011820064,-1942.0894243266293,65.0,S_2062
2024-05-12 19:16:43,-61.4373,6.1933136,-50.077854,148.82774,864.8044,0.011842345,-1891.1046007325904,65.0,S_2062
2024-05-12 19:16:44,-61.50271,6.1931763,-50.13381,148.79977,864.78955,0.011336733,-1844.9574910111269,65.0,S_2062
2024-05-12 19:16:45,-61.568123,6.193039,-50.189762,148.7788,864.8229,0.011358691,-1796.5291502401851,65.0,S_2062
2024-05-12 19:16:46,-61.633545,6.1929016,-50.245712,148.75081,864.90625,0.010834569,-1742.4209967203951,65.0,S_2062
2024-05-12 19:16:47,-61.698967,6.1927643,-50.30866,148.71584,864.98956,0.010858237,-1711.124482336354,65.0,S_2062
2024-05-12 19:16:48,-61.7644,6.1926117,-50.35762,148.69485,865.01917,0.010261314,-1666.8821434884803,65.0,S_2062
2024-05-12 19:16:49,-61.829834,6.1924744,-50.41357,148.66689,865.00806,0.010286105,-1619.64428681156,65.0,S_2062
2024-05-12 19:16:50,-61.895275,6.192322,-50.47652,148.6459,865.0044,0.01034602,-1580.8434725593052,65.0,S_2062
2024-05-12 19:16:51,-61.960724,6.1921844,-50.53247,148.61792,865.00806,0.010367345,-1531.7878018078563,65.0,S_2062
2024-05-12 19:16:52,-62.026176,6.192032,-50.59542,148.58995,864.99146,0.010354389,-1501.170404461529,65.0,S_2062
2024-05-12 19:16:53,-62.091637,6.1918945,-50.64438,148.56197,864.99146,0.010377179,-1456.7883451859088,65.0,S_2062
2024-05-12 19:16:54,-62.1571,6.191742,-50.700333,148.534,865.0655,0.010260242,-1416.1670171144287,65.0,S_2062
2024-05-12 19:16:55,-62.22257,6.1915894,-50.756283,148.50601,865.17474,0.010281905,-1375.4047584627451,65.0,S_2062
2024-05-12 19:16:56,-62.288044,6.191437,-50.812237,148.47804,865.2303,0.010312546,-1334.440950267258,65.0,S_2062
2024-05-12 19:16:57,-62.353523,6.191284,-50.86819,148.45006,865.22473,0.010337634,-1293.3237668830807,65.0,S_2062
2024-05-12 19:16:58,-62.41901,6.1911316,-50.92414,148.42209,865.19147,0.011065257,-1240.4910087676508,65.0,S_2062
2024-05-12 19:16:59,-62.4845,6.190979,-50.98709,148.40111,865.1729,0.011089052,-1188.5785436350998,65.0,S_2062
2024-05-12 19:17:00,-62.55,6.1908264,-51.050037,148.37312,865.2155,0.012423915,-1136.8355973371808,65.0,S_2062
2024-05-12 19:17:01,-62.615337,6.190674,-51.10599,148.34515,865.32294,0.012449477,-1091.122588286462,65.0,S_2062
2024-05-12 19:17:02,-62.680687,6.190506,-51.15495,148.31718,865.4044,0.01304839,-1029.3285995231909,65.0,S_2062
2024-05-12 19:17:03,-62.746048,6.190338,-51.2109,148.2892,865.4099,0.013070898,-970.3802863337241,65.0,S_2062
2024-05-12 19:17:04,-62.81142,6.1901855,-51.266853,148.26123,865.3914,0.013147203,-910.9334953341331,65.0,S_2062
2024-05-12 19:17:05,-62.876804,6.1900177,-51.322807,148.23325,865.3933,0.013169646,-851.3491205461378,65.0,S_2062
2024-05-12 19:17:06,-62.9422,6.18985,-51.37876,148.20528,865.397,0.012467208,-787.041376515057,65.0,S_2062
2024-05-12 19:17:07,-63.007603,6.189682,-51.441708,148.17729,865.3803,0.012491626,-725.549242586223,65.0,S_2062
2024-05-12 19:17:08,-63.07302,6.189514,-51.504654,148.14932,865.3803,0.012317004,-674.5167842764895,65.0,S_2062
2024-05-12 19:17:09,-63.13845,6.1893616,-51.560608,148.12134,865.4581,0.012339739,-620.3634080991706,65.0,S_2062
2024-05-12 19:17:10,-63.203888,6.1891937,-51.616558,148.09337,865.56555,0.013784984,-566.9538715429699,65.0,S_2062
2024-05-12 19:17:11,-63.269337,6.189026,-51.66552,148.06538,865.6118,0.01380914,-500.2418358441373,65.0,S_2062
2024-05-12 19:17:12,-63.334797,6.188843,-51.72147,148.03741,865.597,0.014643662,-420.1226714402237,65.0,S_2062
2024-05-12 19:17:13,-63.400272,6.188675,-51.78442,148.00943,865.57104,0.014430572,-355.3358095107469,65.0,S_2062
2024-05-12 19:17:14,-63.465755,6.188507,-51.84037,147.98146,865.5766,0.014217483,-278.3193780474685,65.0,S_2062
2024-05-12 19:17:15,-63.53125,6.188339,-51.90332,147.95348,865.63965,0.014246547,-214.73917755837283,65.0,S_2062
2024-05-12 19:17:16,-63.596752,6.188156,-51.95927,147.9255,865.73035,0.013943555,-150.14535423703637,65.0,S_2062
2024-05-12 19:17:17,-63.66227,6.1879883,-52.015224,147.89754,865.7915,0.013967794,-85.39446136340848,65.0,S_2062
2024-05-12 19:17:18,-63.7278,6.1878204,-52.07118,147.86955,865.79333,0.014400894,-28.480615202062836,65.0,S_2062
2024-05-12 19:17:19,-63.79334,6.1876373,-52.120136,147.84158,865.7822,0.01442559,42.227019549287434,65.0,S_2062
2024-05-12 19:17:20,-63.858887,6.1874695,-52.17609,147.8136,865.78406,0.013357831,105.07172509250086,65.0,S_2062
2024-05-12 19:17:21,-63.92445,6.1872864,-52.23204,147.77863,865.7804,0.013384011,173.92765193197556,65.0,S_2062
2024-05-12 19:17:22,-63.99002,6.1871033,-52.29499,147.75764,865.7692,0.012216117,234.00611684341675,65.0,S_2062
2024-05-12 19:17:23,-64.0556,6.1869354,-52.357937,147.72968,865.79517,0.012409119,285.6030586921861,65.0,S_2062
2024-05-12 19:17:24,-64.1212,6.1867523,-52.413887,147.70169,865.8767,0.012602121,341.432634853114,65.0,S_2062
2024-05-12 19:17:25,-64.186806,6.186569,-52.46984,147.67372,865.96185,0.012623716,399.34857841170196,65.0,S_2062
2024-05-12 19:17:26,-64.25242,6.186386,-52.525795,147.63875,865.9915,0.013661166,461.46368197597985,65.0,S_2062
2024-05-12 19:17:27,-64.31805,6.186203,-52.58175,147.61078,865.98035,0.013683651,514.1988523455911,65.0,S_2062
2024-05-12 19:17:28,-64.38369,6.18602,-52.630707,147.5828,865.9785,0.014818224,587.4167107976627,65.0,S_2062
2024-05-12 19:17:29,-64.44933,6.185837,-52.68666,147.55482,865.98035,0.014844684,668.9389852676704,65.0,S_2062
2024-05-12 19:17:30,-64.515,6.1856537,-52.749607,147.52684,865.9656,0.014984612,750.5493885680426,65.0,S_2062
2024-05-12 19:17:31,-64.58067,6.1854706,-52.812553,147.49187,865.9656,0.0150095895,818.4512299159069,65.0,S_2062
2024-05-12 19:17:32,-64.646355,6.1852875,-52.868507,147.4639,866.0396,0.015084034,879.2371996767579,65.0,S_2062
2024-05-12 19:17:33,-64.71205,6.185089,-52.917465,147.43591,866.1489,0.015104633,954.2954187696905,65.0,S_2062
2024-05-12 19:17:34,-64.777756,6.184906,-52.97342,147.40794,866.2045,0.013727886,1027.7033184988213,65.0,S_2062
2024-05-12 19:17:35,-64.84347,6.184723,-53.036366,147.37996,866.1971,0.0137527855,1090.085341852031,65.0,S_2062
2024-05-12 19:17:36,-64.909195,6.1845245,-53.09232,147.345,866.1656,0.013028019,1148.0536825194577,65.0,S_2062
2024-05-12 19:17:37,-64.97494,6.1843414,-53.14827,147.31702,866.14703,0.013050822,1197.0993995179797,65.0,S_2062
2024-05-12 19:17:38,-65.04069,6.184143,-53.19723,147.28905,866.1878,0.013860922,1266.1150856500208,65.0,S_2062
2024-05-12 19:17:39,-65.106445,6.18396,-53.25318,147.25407,866.2952,0.013886938,1329.666645989928,65.0,S_2062
2024-05-12 19:17:40,-65.17222,6.1837616,-53.309135,147.22609,866.3767,0.013161686,1398.9537485157125,65.0,S_2062
2024-05-12 19:17:41,-65.23801,6.183563,-53.37208,147.19812,866.38226,0.0131865665,1465.4588764240452,65.0,S_2062
2024-05-12 19:17:42,-65.303795,6.183365,-53.435028,147.17014,866.3656,0.012092102,1516.7496768992169,65.0,S_2062
2024-05-12 19:17:43,-65.369606,6.183182,-53.490982,147.13518,866.36743,0.012114229,1568.7683821657538,65.0,S_2062
2024-05-12 19:17:44,-65.43542,6.1829834,-53.546936,147.1072,866.3693,0.012859567,1626.2176356050204,65.0,S_2062
2024-05-12 19:17:45,-65.50125,6.182785,-53.602886,147.07922,866.3526,0.012884971,1683.8415292575755,65.0,S_2062
2024-05-12 19:17:46,-65.567085,6.1825867,-53.65884,147.05124,866.3545,0.013457308,1747.1460298085512,65.0,S_2062
2024-05-12 19:17:47,-65.632935,6.1823883,-53.714794,147.01627,866.4304,0.013479662,1798.0168476981435,65.0,S_2062
2024-05-12 19:17:48,-65.6988,6.18219,-53.763752,146.9883,866.5397,0.0134717515,1862.4069852040884,65.0,S_2062
2024-05-12 19:17:49,-65.76467,6.1819763,-53.819706,146.96031,866.586,0.013494201,1923.9728891105115,65.0,S_2062
2024-05-12 19:17:50,-65.83055,6.181778,-53.87566,146.93234,866.57117,0.012987364,1984.124475978224,65.0,S_2062
2024-05-12 19:17:51,-65.89645,6.1815796,-53.93161,146.89737,866.5452,0.013009427,2051.703027523032,65.0,S_2062
2024-05-12 19:17:52,-65.96236,6.181381,-53.99456,146.8694,866.55084,0.01136556,2105.0085353544964,65.0,S_2062
2024-05-12 19:17:53,-66.02827,6.1811676,-54.057507,146.84142,866.61194,0.011388837,2151.5708473636114,65.0,S_2062
2024-05-12 19:17:54,-66.0942,6.180969,-54.113457,146.80644,866.7027,0.0115551315,2199.940888138448,65.0,S_2062
2024-05-12 19:17:55,-66.16013,6.1807556,-54.16941,146.77847,866.76373,0.0115791615,2250.7189006348126,65.0,S_2062
2024-05-12 19:17:56,-66.22609,6.1805573,-54.225365,146.7435,866.7675,0.012322035,2296.8851497757405,65.0,S_2062
2024-05-12 19:17:57,-66.292046,6.1803436,-54.274323,146.70853,866.75635,0.01234043,2353.303786026616,65.0,S_2062
2024-05-12 19:17:58,-66.35802,6.18013,-54.330276,146.68056,866.75824,0.011602876,2402.5793074609173,65.0,S_2062
2024-05-12 19:17:59,-66.424,6.1799316,-54.38623,146.65257,866.7527,0.011623668,2462.183788085371,65.0,S_2062
2024-05-12 19:18:00,-66.49,6.179718,-54.449177,146.61761,866.736,0.010784994,2502.597688461963,65.0,S_2062
2024-05-12 19:18:01,-66.55707,6.179428,-54.505127,146.58963,866.7712,0.010809566,2548.2433619128424,65.0,S_2062
2024-05-12 19:18:02,-66.624115,6.179123,-54.56108,146.55466,866.8768,0.01138942,2595.530128033666,65.0,S_2062
2024-05-12 19:18:03,-66.69114,6.178833,-54.617035,146.52669,866.9638,0.011411071,2645.1522561615056,65.0,S_2062
2024-05-12 19:18:04,-66.75813,6.178543,-54.67299,146.49171,866.97675,0.011520321,2693.2852844791087,65.0,S_2062
2024-05-12 19:18:05,-66.8251,6.178253,-54.72894,146.46373,866.95636,0.011541775,2752.2691423534725,65.0,S_2062
2024-05-12 19:18:06,-66.89205,6.1779633,-54.79189,146.42877,866.949,0.011517671,2790.6680945652915,65.0,S_2062
2024-05-12 19:18:07,-66.95897,6.1776733,-54.840847,146.3938,866.9527,0.011540316,2841.882886893278,65.0,S_2062
2024-05-12 19:18:08,-67.02586,6.1773987,-54.8968,146.36581,866.93787,0.014628358,2910.751925342849,65.0,S_2062
2024-05-12 19:18:09,-67.092735,6.177109,-54.95275,146.33784,866.93787,0.01465092,2981.7943528530504,65.0,S_2062
2024-05-12 19:18:10,-67.159584,6.176834,-55.008705,146.30287,867.0138,0.017191928,3081.728668859312,65.0,S_2062
2024-05-12 19:18:11,-67.2264,6.1765594,-55.07165,146.2679,867.12305,0.017217211,3163.834789091072,65.0,S_2062
2024-05-12 19:18:12,-67.2932,6.176285,-55.127605,146.23993,867.17126,0.017813485,3242.818041965076,65.0,S_2062
2024-05-12 19:18:13,-67.35997,6.17601,-55.176563,146.20496,867.1619,0.017837858,3337.2628604668025,65.0,S_2062
2024-05-12 19:18:14,-67.42671,6.1757507,-55.232517,146.16998,867.14343,0.018535418,3444.777402806134,65.0,S_2062
2024-05-12 19:18:15,-67.49344,6.175476,-55.295464,146.14201,867.1471,0.018561007,3536.174841142847,65.0,S_2062
2024-05-12 19:18:16,-67.560135,6.1752167,-55.351418,146.11403,867.14343,0.018779812,3634.454226123311,65.0,S_2062
2024-05-12 19:18:17,-67.6268,6.174942,-55.407368,146.07906,867.1268,0.018802604,3732.2897284225764,65.0,S_2062
2024-05-12 19:18:18,-67.69345,6.1746826,-55.46332,146.04408,867.1601,0.019950313,3837.69296630562,65.0,S_2062
2024-05-12 19:18:19,-67.76007,6.174423,-55.519276,146.00912,867.2657,0.0199769,3940.590047751866,65.0,S_2062
2024-05-12 19:18:20,-67.82667,6.174164,-55.57523,145.98114,867.35266,0.02115036,4054.488048135816,65.0,S_2062
2024-05-12 19:18:21,-67.893234,6.1739044,-55.63118,145.94617,867.36383,0.021174274,4167.942159722425,65.0,S_2062
2024-05-12 19:18:22,-67.959785,6.1736603,-55.687134,145.91121,867.33234,0.021083951,4277.99000537308,65.0,S_2062
2024-05-12 19:18:23,-68.026306,6.173401,-55.743088,145.88322,867.30646,0.02110815,4391.566898777892,65.0,S_2062
2024-05-12 19:18:24,-68.0928,6.1731567,-55.799038,145.84825,867.32306,0.021070449,4504.30029472535,65.0,S_2062
2024-05-12 19:18:25,-68.15927,6.1729126,-55.854992,145.81328,867.40826,0.021098115,4617.194363559605,65.0,S_2062
2024-05-12 19:18:26,-68.225716,6.1726685,-55.910946,145.77832,867.5138,0.021149848,4727.644170474674,65.0,S_2062
2024-05-12 19:18:27,-68.29214,6.1724243,-55.9669,145.75034,867.55457,0.021174073,4857.263405585685,65.0,S_2062
2024-05-12 19:18:28,-68.358536,6.17218,-56.029846,145.71536,867.53973,0.02167747,4971.013517523803,65.0,S_2062
2024-05-12 19:18:29,-68.424904,6.171936,-56.0858,145.68039,867.5342,0.021702254,5087.829777555982,65.0,S_2062
2024-05-12 19:18:30,-68.49125,6.171707,-56.14175,145.64543,867.53796,0.02250879,5209.972621005883,65.0,S_2062
2024-05-12 19:18:31,-68.55757,6.171463,-56.197704,145.61046,867.52124,0.022533236,5332.259006274437,65.0,S_2062
2024-05-12 19:18:32,-68.62386,6.171234,-56.25366,145.57549,867.5083,0.021089403,5442.271472679351,65.0,S_2062
2024-05-12 19:18:33,-68.69014,6.1710052,-56.30961,145.5475,867.5509,0.021115381,5555.759341773548,65.0,S_2062
2024-05-12 19:18:34,-68.756386,6.1707764,-56.365562,145.51254,867.6583,0.017805558,5646.822935224525,65.0,S_2062
2024-05-12 19:18:35,-68.8226,6.1705475,-56.421516,145.47757,867.7398,0.017828168,5724.998041508152,65.0,S_2062
2024-05-12 19:18:36,-68.8888,6.1703186,-56.470474,145.4426,867.7453,0.017486382,5829.810387240994,65.0,S_2062
2024-05-12 19:18:37,-68.95497,6.170105,-56.53342,145.40762,867.7287,0.01751252,5915.985903704208,65.0,S_2062
2024-05-12 19:18:38,-69.02112,6.169876,-56.589375,145.37265,867.7305,0.018505387,6023.211684838905,65.0,S_2062
2024-05-12 19:18:39,-69.087234,6.1696625,-56.65232,145.34468,867.7268,0.018533636,6116.6853611762035,65.0,S_2062
2024-05-12 19:18:40,-69.153336,6.169449,-56.708275,145.30971,867.7157,0.017378736,6195.109975600259,65.0,S_2062
2024-05-12 19:18:41,-69.219406,6.169235,-56.757233,145.26775,867.74164,0.017399577,6298.6559094053155,65.0,S_2062
2024-05-12 19:18:42,-69.28545,6.1690216,-56.82018,145.23277,867.8231,0.01608193,6375.362538577643,65.0,S_2062
2024-05-12 19:18:43,-69.35147,6.168808,-56.876133,145.1978,867.9083,0.016099462,6453.077453795038,65.0,S_2062
2024-05-12 19:18:44,-69.417465,6.1685944,-56.932087,145.16983,867.9379,0.015487985,6529.364722766326,65.0,S_2062
2024-05-12 19:18:45,-69.48344,6.168396,-56.98804,145.13486,867.9268,0.015833052,6595.738866862348,65.0,S_2062
2024-05-12 19:18:46,-69.549385,6.1681976,-57.037,145.09988,867.925,0.016178118,6678.887790654584,65.0,S_2062
2024-05-12 19:18:47,-69.6153,6.167984,-57.092953,145.06491,867.9268,0.016201211,6759.254700412501,65.0,S_2062
2024-05-12 19:18:48,-69.6812,6.1677856,-57.148903,145.02994,867.912,0.019536577,6864.460602540294,65.0,S_2062
2024-05-12 19:18:49,-69.74707,6.1675873,-57.204857,144.98798,867.912,0.022871943,6988.128901303202,65.0,S_2062
2024-05-12 19:18:50,-69.81292,6.167404,-57.26081,144.953,867.98615,0.029157704,7153.704074496518,65.0,S_2062
2024-05-12 19:18:51,-69.87874,6.167206,-57.31676,144.91805,868.0954,0.029180579,7319.432343257375,65.0,S_2062
2024-05-12 19:18:52,-69.944534,6.1670074,-57.372715,144.88307,868.15094,0.03329078,7512.171948930931,65.0,S_2062
2024-05-12 19:18:53,-70.01031,6.1668243,-57.42867,144.8481,868.1435,0.03331528,7705.048238955944,65.0,S_2062
2024-05-12 19:18:54,-70.07605,6.166641,-57.484623,144.81313,868.11206,0.03413006,7903.2439517959465,65.0,S_2062
2024-05-12 19:18:55,-70.14177,6.166458,-57.540573,144.77815,868.0935,0.03415955,8101.623663484499,65.0,S_2062
2024-05-12 19:18:56,-70.207466,6.166275,-57.596527,144.74318,868.1343,0.032818068,8315.519589304064,65.0,S_2062
2024-05-12 19:18:57,-70.27314,6.166092,-57.659473,144.70822,868.2417,0.032846946,8502.309687094963,65.0,S_2062
2024-05-12 19:18:58,-70.33878,6.165909,-57.715427,144.67325,868.3232,0.036708884,8722.632179499013,65.0,S_2062
2024-05-12 19:18:59,-70.4044,6.1657257,-57.77138,144.63129,868.32874,0.03673527,8937.23318570954,65.0,S_2062
2024-05-12 19:19:00,-70.47,6.165558,-57.82733,144.59631,868.3121,0.031143956,9115.673260509348,65.0,S_2062
2024-05-12 19:19:01,-70.53467,6.1656036,-57.883286,144.56134,868.3139,0.031169591,9294.258101326983,65.0,S_2062
2024-05-12 19:19:02,-70.59934,6.1656494,-57.93924,144.52637,868.31573,0.019936502,9401.866894506313,65.0,S_2062
2024-05-12 19:19:03,-70.664024,6.165695,-57.99519,144.4844,868.2991,0.019963898,9506.243393559771,65.0,S_2062
2024-05-12 19:19:04,-70.728714,6.1657257,-58.051144,144.44943,868.30096,0.016801674,9590.426801426933,65.0,S_2062
2024-05-12 19:19:05,-70.7934,6.165756,-58.107098,144.41446,868.3787,0.017773442,9680.981539092616,65.0,S_2062
2024-05-12 19:19:06,-70.8581,6.1657715,-58.16305,144.37949,868.48615,0.018745208,9780.527038451432,65.0,S_2062
2024-05-12 19:19:07,-70.922806,6.165802,-58.219,144.33752,868.52875,0.01877244,9863.250502024564,65.0,S_2062
2024-05-12 19:19:08,-70.98751,6.165802,-58.267963,144.30255,868.5139,0.022302138,9989.497544964122,65.0,S_2062
2024-05-12 19:19:09,-71.05222,6.1658173,-58.323914,144.26059,868.5065,0.022325082,10109.303005601885,65.0,S_2062
2024-05-12 19:19:10,-71.11694,6.1658173,-58.379868,144.22562,868.5102,0.022923166,10233.598165078296,65.0,S_2062
2024-05-12 19:19:11,-71.18167,6.1658173,-58.43582,144.19064,868.49536,0.022946272,10358.024865118172,65.0,S_2062
2024-05-12 19:19:12,-71.2464,6.165802,-58.491776,144.15569,868.4824,0.023810526,10491.392636121924,65.0,S_2062
2024-05-12 19:19:13,-71.311134,6.1657867,-58.547726,144.11371,868.525,0.023836104,10621.047390073376,65.0,S_2062
2024-05-12 19:19:14,-71.37588,6.1657715,-58.60368,144.07875,868.63245,0.02653339,10772.60181960862,65.0,S_2062
2024-05-12 19:19:15,-71.44063,6.165741,-58.659634,144.03677,868.7139,0.026555322,10920.040789593677,65.0,S_2062
2024-05-12 19:19:16,-71.50538,6.1657104,-58.715584,144.00182,868.71765,0.02520073,11062.62482849873,65.0,S_2062
2024-05-12 19:19:17,-71.57014,6.1656647,-58.771538,143.95984,868.701,0.025220001,11220.078003380042,65.0,S_2062
2024-05-12 19:19:18,-71.6349,6.165634,-58.834484,143.92488,868.7047,0.02126378,11333.385880793472,65.0,S_2062
2024-05-12 19:19:19,-71.69967,6.165573,-58.890438,143.8829,868.6991,0.021280378,11446.216850100765,65.0,S_2062
2024-05-12 19:19:20,-71.76444,6.1655273,-58.946392,143.84793,868.6788,0.022074912,11548.549514942835,65.0,S_2062
2024-05-12 19:19:21,-71.82922,6.1654663,-58.99535,143.81297,868.688,0.022091378,11673.108579170255,65.0,S_2062
2024-05-12 19:19:22,-71.89401,6.1654053,-59.051304,143.771,868.7695,0.02510434,11832.680403917082,65.0,S_2062
2024-05-12 19:19:23,-71.9588,6.165329,-59.11425,143.72903,868.87695,0.025126582,11971.112747921334,65.0,S_2062
2024-05-12 19:19:24,-72.0236,6.1652527,-59.170204,143.68707,868.9176,0.025489116,12111.431682598328,65.0,S_2062
2024-05-12 19:19:25,-72.0884,6.1651764,-59.226154,143.6521,868.90283,0.025510352,12255.840338580721,65.0,S_2062
2024-05-12 19:19:26,-72.15321,6.165085,-59.28211,143.61014,868.89545,0.036721688,12469.653929457896,65.0,S_2062
2024-05-12 19:19:27,-72.218025,6.1649933,-59.338062,143.57516,868.8991,0.036749613,12689.021001102738,65.0,S_2062
2024-05-12 19:19:28,-72.282845,6.1649017,-59.394012,143.5332,868.888,0.042597264,12909.815294477301,65.0,S_2062
2024-05-12 19:19:29,-72.34767,6.164795,-59.442974,143.49823,868.888,0.04262222,13171.169649684418,65.0,S_2062
2024-05-12 19:19:30,-72.4125,6.164688,-59.498924,143.45627,868.94543,0.035775922,13405.414444809792,65.0,S_2062
2024-05-12 19:19:31,-72.47734,6.1645813,-59.561874,143.4213,869.0381,0.035799168,13615.400623360629,65.0,S_2062
2024-05-12 19:19:32,-72.54218,6.164459,-59.617825,143.37933,869.0991,0.032009378,13802.394484218237,65.0,S_2062
2024-05-12 19:19:33,-72.607025,6.164337,-59.67378,143.33737,869.1029,0.032030236,13966.35297868389,65.0,S_2062
2024-05-12 19:19:34,-72.67188,6.1642,-59.722736,143.29541,869.09174,0.027420476,14125.576394023694,65.0,S_2062
2024-05-12 19:19:35,-72.73674,6.1640625,-59.77869,143.25343,869.0936,0.027442336,14282.032673439442,65.0,S_2062
2024-05-12 19:19:36,-72.8016,6.163925,-59.834644,143.21147,869.0899,0.027290829,14433.962124736601,65.0,S_2062
2024-05-12 19:19:37,-72.86647,6.1637726,-59.8906,143.1765,869.07697,0.02731362,14590.070735149424,65.0,S_2062
2024-05-12 19:19:38,-72.93134,6.16362,-59.94655,143.13454,869.1029,0.028287187,14748.479373489594,65.0,S_2062
2024-05-12 19:19:39,-72.99622,6.1634674,-60.002502,143.09956,869.18616,0.029260756,14917.510458011599,65.0,S_2062
2024-05-12 19:19:40,-73.06111,6.1632996,-60.058456,143.0576,869.27136,0.030672155,15095.323180079427,65.0,S_2062
2024-05-12 19:19:41,-73.12601,6.1631317,-60.114407,143.01564,869.301,0.030697206,15273.285093668565,65.0,S_2062
2024-05-12 19:19:42,-73.1909,6.162964,-60.17036,142.97368,869.2899,0.031679478,15457.751483117469,65.0,S_2062
2024-05-12 19:19:43,-73.255806,6.162781,-60.226315,142.93172,869.2862,0.03170238,15642.34702147737,65.0,S_2062
2024-05-12 19:19:44,-73.32071,6.1625977,-60.28227,142.88974,869.2899,0.032521065,15832.332877773779,65.0,S_2062
2024-05-12 19:19:45,-73.38563,6.1623993,-60.33822,142.84778,869.27325,0.03254283,16022.445706229459,65.0,S_2062
2024-05-12 19:19:46,-73.45055,6.162216,-60.394173,142.80582,869.2751,0.03428481,16199.261831721687,65.0,S_2062
2024-05-12 19:19:47,-73.51547,6.1620026,-60.44313,142.76385,869.3492,0.03430508,16403.88979237608,65.0,S_2062
2024-05-12 19:19:48,-73.5804,6.161804,-60.499084,142.7219,869.45654,0.034478255,16606.780717675134,65.0,S_2062
2024-05-12 19:19:49,-73.64534,6.1615906,-60.55504,142.67992,869.514,0.034503747,16831.381086637535,65.0,S_2062
2024-05-12 19:19:50,-73.71028,6.161377,-60.617985,142.64494,869.5066,0.03190156,17019.295370685708,65.0,S_2062
2024-05-12 19:19:51,-73.77522,6.161148,-60.67394,142.596,869.4751,0.031924367,17181.36392967745,65.0,S_2062
2024-05-12 19:19:52,-73.84018,6.160919,-60.722897,142.55403,869.45654,0.033155642,17378.17404410254,65.0,S_2062
2024-05-12 19:19:53,-73.905136,6.1606903,-60.77885,142.51207,869.4973,0.033178877,17572.243624580442,65.0,S_2062
2024-05-12 19:19:54,-73.9701,6.160446,-60.8348,142.4701,869.60474,0.036191426,17786.28545290784,65.0,S_2062
2024-05-12 19:19:55,-74.03507,6.160202,-60.890755,142.42813,869.6863,0.036215223,18000.447292601493,65.0,S_2062
2024-05-12 19:19:56,-74.100044,6.1599426,-60.94671,142.38617,869.68994,0.034125514,18205.441238264226,65.0,S_2062
2024-05-12 19:19:57,-74.16502,6.1596985,-61.00266,142.3372,869.6751,0.032009736,18391.053001577602,65.0,S_2062
2024-05-12 19:19:58,-74.23001,6.159424,-61.058613,142.29524,869.677,0.029893959,18563.16545864388,65.0,S_2062
2024-05-12 19:19:59,-74.295006,6.1591644,-61.114567,142.25328,869.6733,0.029914439,18739.509522626933,65.0,S_2062
2024-05-12 19:20:00,-74.36,6.15889,-61.17052,142.20432,869.6529,0.026384892,18887.71249148578,65.0,S_2062
2024-05-12 19:20:01,-74.42615,6.159195,-61.22647,142.16235,869.66034,0.026403736,19036.59840784531,65.0,S_2062
2024-05-12 19:20:02,-74.49226,6.1594696,-61.282425,142.12039,869.74365,0.025345936,19178.44621425094,65.0,S_2062
2024-05-12 19:20:03,-74.55835,6.159729,-61.33838,142.07843,869.8511,0.025363503,19320.377452768444,65.0,S_2062
2024-05-12 19:20:04,-74.6244,6.1599426,-61.39433,142.03647,869.88995,0.027233535,19454.88738163226,65.0,S_2062
2024-05-12 19:20:05,-74.690414,6.1601562,-61.44329,141.99449,869.8751,0.027248621,19615.781248345324,65.0,S_2062
2024-05-12 19:20:06,-74.7564,6.160324,-61.49924,141.94554,869.86957,0.02502218,19754.831118916925,65.0,S_2062
2024-05-12 19:20:07,-74.82235,6.1604767,-61.555195,141.90358,869.8733,0.025037572,19897.889481017213,65.0,S_2062
2024-05-12 19:20:08,-74.88827,6.1605988,-61.61115,141.85461,869.8566,0.021024464,20010.42279774133,65.0,S_2062
2024-05-12 19:20:09,-74.95415,6.1607056,-61.667103,141.81265,869.8436,0.02103698,20123.582113174984,65.0,S_2062
2024-05-12 19:20:10,-75.02,6.160782,-61.723053,141.77069,869.8881,0.026013996,20269.676285285997,65.0,S_2062
2024-05-12 19:20:11,-75.085815,6.1608276,-61.779007,141.72873,869.9955,0.030991012,20452.787100131372,65.0,S_2062
2024-05-12 19:20:12,-75.151596,6.160858,-61.83496,141.67976,870.077,0.03834142,20684.87469044244,65.0,S_2062
2024-05-12 19:20:13,-75.21735,6.160858,-61.89091,141.6308,870.0807,0.04569183,20960.499755633693,65.0,S_2062
2024-05-12 19:20:14,-75.283066,6.1608276,-61.946865,141.58884,870.0641,0.051037572,21271.99641952714,65.0,S_2062
2024-05-12 19:20:15,-75.34875,6.160782,-62.00282,141.54688,870.06586,0.051056262,21590.23402579462,65.0,S_2062
2024-05-12 19:20:16,-75.4144,6.1607056,-62.058773,141.49791,870.0641,0.05212754,21870.213494587664,65.0,S_2062
2024-05-12 19:20:17,-75.48002,6.160614,-62.10773,141.45595,870.0511,0.052145038,22198.45683926678,65.0,S_2062
2024-05-12 19:20:18,-75.5456,6.1604767,-62.163685,141.407,870.077,0.05422752,22576.706508476593,65.0,S_2062
2024-05-12 19:20:19,-75.611145,6.1603394,-62.22663,141.35803,870.1604,0.054244246,22905.725415338802,65.0,S_2062
2024-05-12 19:20:20,-75.67667,6.1601562,-62.282585,141.31607,870.24554,0.05916718,23278.172708829617,65.0,S_2062
2024-05-12 19:20:21,-75.74215,6.159958,-62.338535,141.2671,870.2752,0.05918364,23650.082168446315,65.0,S_2062
2024-05-12 19:20:22,-75.8076,6.159729,-62.39449,141.21815,870.26404,0.062683865,23991.665661150008,65.0,S_2062
2024-05-12 19:20:23,-75.87302,6.159485,-62.443447,141.1762,870.2585,0.0627001,24390.470714998977,65.0,S_2062
2024-05-12 19:20:24,-75.9384,6.15921,-62.4994,141.12723,870.2622,0.05752016,24750.944330245147,65.0,S_2062
2024-05-12 19:20:25,-76.003746,6.158905,-62.555355,141.07826,870.2511,0.057542574,25104.19251269863,65.0,S_2062
2024-05-12 19:20:26,-76.06906,6.1585693,-62.611305,141.0363,870.2511,0.04844293,25404.00546964415,65.0,S_2062
2024-05-12 19:20:27,-76.134346,6.1582184,-62.66726,140.98735,870.3085,0.04846641,25668.63228042866,65.0,S_2062
2024-05-12 19:20:28,-76.1996,6.157852,-62.716217,140.93839,870.4011,0.03748139,25896.893682985712,65.0,S_2062
2024-05-12 19:20:29,-76.26482,6.15744,-62.77217,140.88943,870.4623,0.037504118,26095.567359667777,65.0,S_2062
2024-05-12 19:20:30,-76.33,6.157013,-62.82113,140.84047,870.46594,0.025263421,26241.6624215646,65.0,S_2062
2024-05-12 19:20:31,-76.39515,6.1565704,-62.877083,140.7915,870.45294,0.025285147,26385.05156874746,65.0,S_2062
2024-05-12 19:20:32,-76.460266,6.156082,-62.933037,140.74255,870.45667,0.023795366,26518.405734939995,65.0,S_2062
2024-05-12 19:20:33,-76.525345,6.155594,-62.988987,140.69359,870.4511,0.022305584,26641.734367376153,65.0,S_2062
2024-05-12 19:20:34,-76.5904,6.15506,-63.04494,140.64464,870.43445,0.026259646,26791.578212266737,65.0,S_2062
2024-05-12 19:20:35,-76.65541,6.1545105,-63.100895,140.59567,870.4696,0.026281215,26941.525386988156,65.0,S_2062
2024-05-12 19:20:36,-76.7204,6.1539307,-63.15685,140.54672,870.5752,0.03226773,27131.59001539796,65.0,S_2062
2024-05-12 19:20:37,-76.78535,6.1533203,-63.2128,140.49776,870.66223,0.032285206,27321.742235496502,65.0,S_2062
2024-05-12 19:20:38,-76.850266,6.1526947,-63.268753,140.44879,870.6752,0.037567396,27547.251889540472,65.0,S_2062
2024-05-12 19:20:39,-76.915146,6.1520386,-63.324707,140.39984,870.6548,0.037580885,27772.812279146332,65.0,S_2062
2024-05-12 19:20:40,-76.979996,6.151367,-63.38066,140.35088,870.64746,0.046030346,28054.905883158488,65.0,S_2062
2024-05-12 19:20:41,-77.044815,6.1506653,-63.43661,140.30193,870.6511,0.04604513,28337.066716620026,65.0,S_2062
2024-05-12 19:20:42,-77.1096,6.149933,-63.492565,140.25296,870.6363,0.052031446,28621.792201885182,65.0,S_2062
2024-05-12 19:20:43,-77.17435,6.14917,-63.541523,140.20401,870.6363,0.052044522,28946.79633276069,65.0,S_2062
2024-05-12 19:20:44,-77.23907,6.1483917,-63.597477,140.15504,870.7141,0.05257255,29279.473358522402,65.0,S_2062
2024-05-12 19:20:45,-77.30375,6.1475983,-63.65343,140.09909,870.82336,0.05258913,29604.58106033981,65.0,S_2062
2024-05-12 19:20:46,-77.3684,6.146759,-63.70938,140.05014,870.86414,0.05165776,29923.977249757372,65.0,S_2062
2024-05-12 19:20:47,-77.433014,6.1459045,-63.765335,140.00117,870.8493,0.051675204,30206.17234357103,65.0,S_2062
2024-05-12 19:20:48,-77.4976,6.145035,-63.814293,139.95221,870.84186,0.043643806,30480.34826451624,65.0,S_2062
2024-05-12 19:20:49,-77.56215,6.1441193,-63.870247,139.89627,870.8474,0.04366319,30745.522793736105,65.0,S_2062
2024-05-12 19:20:50,-77.62666,6.1431885,-63.9262,139.8473,870.84,0.028827822,30891.236658533868,65.0,S_2062
2024-05-12 19:20:51,-77.69115,6.1422424,-63.97516,139.79834,870.82336,0.028845446,31060.60883286079,65.0,S_2062
2024-05-12 19:20:52,-77.7556,6.1412506,-64.03111,139.74939,870.86035,0.020843016,31176.405360890123,65.0,S_2062
2024-05-12 19:20:53,-77.820015,6.140259,-64.08707,139.69344,870.96594,0.020865671,31289.072976467338,65.0,S_2062
2024-05-12 19:20:54,-77.8844,6.139221,-64.14302,139.64447,871.0493,0.02307759,31419.9962002467,65.0,S_2062
2024-05-12 19:20:55,-77.948746,6.1381683,-64.19897,139.58852,871.0549,0.023095364,31547.503840292153,65.0,S_2062
2024-05-12 19:20:56,-78.01306,6.137085,-64.25492,139.53957,871.0363,0.020670034,31661.997331692335,65.0,S_2062
2024-05-12 19:20:57,-78.07735,6.135971,-64.310875,139.48361,871.0382,0.020686496,31773.3845664677,65.0,S_2062
2024-05-12 19:20:58,-78.141594,6.134842,-64.36683,139.43465,871.0419,0.019816373,31882.011890341895,65.0,S_2062
2024-05-12 19:20:59,-78.20581,6.1336823,-64.42278,139.3787,871.02527,0.019836906,31976.142062055565,65.0,S_2062
2024-05-12 19:21:00,-78.27,6.1325073,-64.47174,139.32275,871.02527,0.020496195,32077.035877972317,65.0,S_2062
2024-05-12 19:21:01,-78.332344,6.131119,-64.5207,139.2668,871.10486,0.02051141,32189.950944760643,65.0,S_2062
2024-05-12 19:21:02,-78.39472,6.129715,-64.57665,139.21783,871.21234,0.017395701,32282.035340959883,65.0,S_2062
2024-05-12 19:21:03,-78.45712,6.1282806,-64.63261,139.16188,871.253,0.01741628,32373.682653631316,65.0,S_2062
2024-05-12 19:21:04,-78.519554,6.126831,-64.68856,139.10593,871.23816,0.016784905,32461.022864194994,65.0,S_2062
2024-05-12 19:21:05,-78.58201,6.125366,-64.744514,139.04997,871.23083,0.016806252,32534.23151858809,65.0,S_2062
2024-05-12 19:21:06,-78.64449,6.123886,-64.79347,139.00102,871.2345,0.019350268,32656.23778008058,65.0,S_2062
2024-05-12 19:21:07,-78.70701,6.1223907,-64.856415,138.94507,871.21967,0.019373015,32758.29901219489,65.0,S_2062
2024-05-12 19:21:08,-78.769554,6.120865,-64.91237,138.88911,871.2067,0.04447554,33033.215880245065,65.0,S_2062
2024-05-12 19:21:09,-78.83212,6.1193237,-64.96832,138.83316,871.25116,0.044490647,33308.15550954529,65.0,S_2062
2024-05-12 19:21:10,-78.89472,6.1177673,-65.02428,138.7772,871.35675,0.046906076,33566.02836828133,65.0,S_2062
2024-05-12 19:21:11,-78.957344,6.1161804,-65.073235,138.72125,871.43823,0.049321506,33834.54282901472,65.0,S_2062
2024-05-12 19:21:12,-79.02,6.1145935,-65.12219,138.67229,871.44196,0.031645127,34025.60886859247,65.0,S_2062
2024-05-12 19:21:13,-79.08268,6.112976,-65.17815,138.61635,871.4271,0.03167063,34195.67805912288,65.0,S_2062
2024-05-12 19:21:14,-79.145386,6.111328,-65.227104,138.55339,871.42896,0.027878989,34360.07110314312,65.0,S_2062
2024-05-12 19:21:15,-79.20812,6.10968,-65.28306,138.49744,871.42523,0.027902853,34542.63037184687,65.0,S_2062
2024-05-12 19:21:16,-79.27089,6.1080017,-65.34601,138.44148,871.4031,0.021036388,34655.702731980986,65.0,S_2062
2024-05-12 19:21:17,-79.33368,6.106308,-65.401955,138.38553,871.4123,0.021062065,34771.68240407038,65.0,S_2062
2024-05-12 19:21:18,-79.3965,6.104599,-65.45791,138.32959,871.4956,0.015513844,34850.14943817047,65.0,S_2062
2024-05-12 19:21:19,-79.45934,6.1028748,-65.51386,138.27364,871.6031,0.015541557,34917.70103392347,65.0,S_2062
2024-05-12 19:21:20,-79.52222,6.10112,-65.56282,138.21768,871.64197,0.014417903,34983.28294330879,65.0,S_2062
2024-05-12 19:21:21,-79.58512,6.09935,-65.61178,138.15472,871.62714,0.014440291,35046.35218866363,65.0,S_2062
2024-05-12 19:21:22,-79.648056,6.0975647,-65.66074,138.09877,871.61975,0.016361864,35133.19979618273,65.0,S_2062
2024-05-12 19:21:23,-79.71101,6.095764,-65.71669,138.04283,871.6234,0.016382629,35217.453335712635,65.0,S_2062
2024-05-12 19:21:24,-79.773994,6.093933,-65.772644,137.98688,871.6123,0.018625524,35319.197947870314,65.0,S_2062
2024-05-12 19:21:25,-79.83701,6.092087,-65.8286,137.92392,871.6142,0.020868419,35435.764626213466,65.0,S_2062
2024-05-12 19:21:26,-79.900055,6.090225,-65.88455,137.86098,871.6716,0.027805116,35576.5307769943,65.0,S_2062
2024-05-12 19:21:27,-79.96312,6.088333,-65.93351,137.80502,871.7623,0.032961622,35779.33128933732,65.0,S_2062
2024-05-12 19:21:28,-80.02622,6.086441,-65.98946,137.74208,871.8253,0.038118128,36009.37599979055,65.0,S_2062
2024-05-12 19:21:29,-80.08935,6.0845184,-66.04542,137.68613,871.829,0.043274634,36274.633981131235,65.0,S_2062
2024-05-12 19:21:30,-80.1525,6.0825806,-66.10137,137.63017,871.81604,0.04762173,36541.633082555,65.0,S_2062
2024-05-12 19:21:31,-80.215675,6.0806274,-66.15033,137.56723,871.8179,0.047632065,36838.26356963272,65.0,S_2062
2024-05-12 19:21:32,-80.278885,6.078644,-66.20628,137.51128,871.8142,0.024841325,36982.35739530776,65.0,S_2062
2024-05-12 19:21:33,-80.342125,6.076645,-66.26224,137.44832,871.80304,0.024854245,37125.91906746446,65.0,S_2062
2024-05-12 19:21:34,-80.40539,6.0746307,-66.318184,137.38538,871.829,0.013188912,37189.57544010405,65.0,S_2062
2024-05-12 19:21:35,-80.46868,6.0726013,-66.37414,137.32243,871.9105,0.017949065,37270.728834771115,65.0,S_2062
2024-05-12 19:21:36,-80.532,6.0705414,-66.423096,137.26648,871.99567,0.022709217,37402.759913231675,65.0,S_2062
2024-05-12 19:21:37,-80.595345,6.068466,-66.47905,137.20354,872.02716,0.02746937,37564.05762480551,65.0,S_2062
2024-05-12 19:21:38,-80.65872,6.0663757,-66.535,137.14058,872.01605,0.031101942,37750.13305965218,65.0,S_2062
2024-05-12 19:21:39,-80.72212,6.06427,-66.59096,137.07764,872.00684,0.024879592,37876.10141783318,65.0,S_2062
2024-05-12 19:21:40,-80.78555,6.062134,-66.639915,137.0147,872.0105,0.018657241,37979.74006822886,65.0,S_2062
2024-05-12 19:21:41,-80.849014,6.0599976,-66.69587,136.95174,872.01605,0.016887216,38068.541798898324,65.0,S_2062
2024-05-12 19:21:42,-80.9125,6.0578156,-66.75182,136.8888,872.01416,0.01511719,38134.57831760526,65.0,S_2062
2024-05-12 19:21:43,-80.97601,6.0556335,-66.80078,136.82585,872.0012,0.013347164,38192.467348254664,65.0,S_2062
2024-05-12 19:21:44,-81.03955,6.0534363,-66.84974,136.7629,872.0012,0.011577138,38247.66778061514,65.0,S_2062
2024-05-12 19:21:45,-81.10312,6.0512085,-66.90569,136.69995,872.0605,0.009807113,38295.14553196765,65.0,S_2062
2024-05-12 19:21:46,-81.16672,6.0489655,-66.96864,136.63701,872.15314,0.008037087,38315.10771550493,65.0,S_2062
2024-05-12 19:21:47,-81.23035,6.046707,-67.0176,136.57407,872.2142,0.006267061,38334.07538112157,65.0,S_2062
2024-05-12 19:21:48,-81.294,6.0444183,-67.073555,136.51111,872.21796,0.012444318,38383.642541225665,65.0,S_2062
2024-05-12 19:21:49,-81.35768,6.0421143,-67.12251,136.44817,872.20496,0.018621575,38476.23952269547,65.0,S_2062
2024-05-12 19:21:50,-81.42139,6.039795,-67.17147,136.37822,872.2087,0.024798833,38620.854130362946,65.0,S_2062
2024-05-12 19:21:51,-81.48512,6.0374603,-67.227425,136.31528,872.2031,0.030976089,38805.29940692405,65.0,S_2062
2024-05-12 19:21:52,-81.54889,6.0351105,-67.28337,136.25233,872.18646,0.037153345,39031.755125310614,65.0,S_2062
2024-05-12 19:21:53,-81.61268,6.03273,-67.339325,136.18938,872.2216,0.043330602,39300.140117355484,65.0,S_2062
2024-05-12 19:21:54,-81.6765,6.0303345,-67.39528,136.12643,872.3272,0.04950786,39616.60859509427,65.0,S_2062
2024-05-12 19:21:55,-81.74034,6.0279236,-67.45123,136.05649,872.41425,0.04951794,39898.075642192605,65.0,S_2062
2024-05-12 19:21:56,-81.80422,6.025482,-67.50019,135.98656,872.4272,0.048366744,40208.546732211275,65.0,S_2062
2024-05-12 19:21:57,-81.868126,6.023041,-67.556145,135.91661,872.405,0.047215544,40502.43676798193,65.0,S_2062
2024-05-12 19:21:58,-81.93205,6.020569,-67.6121,135.85367,872.3994,0.046064347,40788.95289621434,65.0,S_2062
2024-05-12 19:21:59,-81.99601,6.0180664,-67.66805,135.79073,872.40314,0.044913147,41041.7936895044,65.0,S_2062
2024-05-12 19:22:00,-82.06,6.015564,-67.71701,135.72078,872.3883,0.04376195,41289.50436322097,65.0,S_2062
2024-05-12 19:22:01,-82.1277,6.021881,-67.76597,135.65083,872.3883,0.04261075,41529.94300879466,65.0,S_2062
2024-05-12 19:22:02,-82.195305,6.027893,-67.814926,135.5809,872.46423,0.041459553,41792.02526789486,65.0,S_2062
2024-05-12 19:22:03,-82.26281,6.0335693,-67.87088,135.51096,872.5735,0.040308356,42038.55027907003,65.0,S_2062
2024-05-12 19:22:04,-82.33022,6.0389404,-67.926834,135.44801,872.62164,0.039157156,42255.11144664442,65.0,S_2062
2024-05-12 19:22:05,-82.39753,6.043976,-67.97579,135.37807,872.61237,0.03800596,42493.08243864721,65.0,S_2062
2024-05-12 19:22:06,-82.464745,6.048706,-68.031746,135.30812,872.5939,0.03685476,42720.3548208656,65.0,S_2062
2024-05-12 19:22:07,-82.53187,6.053116,-68.0877,135.23819,872.59753,0.035703562,42939.62034831783,65.0,S_2062
2024-05-12 19:22:08,-82.598885,6.057205,-68.143654,135.16824,872.592,0.034552366,43126.73423234978,65.0,S_2062
2024-05-12 19:22:09,-82.66581,6.060974,-68.19261,135.0983,872.5754,0.033401165,43309.294508223014,65.0,S_2062
2024-05-12 19:22:10,-82.732635,6.0644226,-68.24157,135.02837,872.61237,0.03224997,43507.22162849124,65.0,S_2062
2024-05-12 19:22:11,-82.79936,6.067566,-68.29752,134.95842,872.71796,0.03109877,43694.503160485314,65.0,S_2062
2024-05-12 19:22:12,-82.866,6.0703735,-68.35348,134.88847,872.80133,0.029947571,43877.52846470619,65.0,S_2062
2024-05-12 19:22:13,-82.93253,6.0728607,-68.409424,134.81154,872.8069,0.028796373,44028.165831322425,65.0,S_2062
2024-05-12 19:22:14,-82.99897,6.0750427,-68.45839,134.74161,872.7883,0.027645174,44194.14778800584,65.0,S_2062
2024-05-12 19:22:15,-83.06531,6.0769043,-68.514336,134.67166,872.79016,0.026493976,44334.63790356954,65.0,S_2062
2024-05-12 19:22:16,-83.13155,6.07843,-68.5633,134.59473,872.7939,0.025342777,44484.1695970282,65.0,S_2062
2024-05-12 19:22:17,-83.1977,6.079651,-68.61925,134.52478,872.7772,0.024191579,44606.70993914342,65.0,S_2062
2024-05-12 19:22:18,-83.26375,6.080551,-68.66821,134.45485,872.7772,0.023040382,44724.73530104407,65.0,S_2062
2024-05-12 19:22:19,-83.3297,6.081131,-68.71717,134.3849,872.855,0.021889184,44853.662205180284,65.0,S_2062
2024-05-12 19:22:20,-83.39555,6.0813904,-68.773125,134.30797,872.96423,0.020737985,44971.32361454587,65.0,S_2062
2024-05-12 19:22:21,-83.46131,6.0813293,-68.82907,134.23103,873.0069,0.019586787,45078.5707339144,65.0,S_2062
2024-05-12 19:22:22,-83.52697,6.080963,-68.885025,134.16109,872.99207,0.018435588,45180.64306908686,65.0,S_2062
2024-05-12 19:22:23,-83.59253,6.080261,-68.94098,134.08415,872.97723,0.01728439,45262.198878720286,65.0,S_2062
2024-05-12 19:22:24,-83.658,6.079254,-68.98994,134.00722,872.97906,0.016133193,45336.98460825073,65.0,S_2062
2024-05-12 19:22:25,-83.723366,6.0779114,-69.038895,133.93729,872.9865,0.014981994,45407.19761907447,65.0,S_2062
2024-05-12 19:22:26,-83.788635,6.0762634,-69.08785,133.86034,872.99207,0.013830796,45479.18854619948,65.0,S_2062
2024-05-12 19:22:27,-83.85381,6.074295,-69.14381,133.7834,872.98096,0.012679597,45540.53508949731,65.0,S_2062
2024-05-12 19:22:28,-83.918884,6.071991,-69.19976,133.70647,872.96423,0.011528399,45585.88795293112,65.0,S_2062
2024-05-12 19:22:29,-83.983864,6.0693817,-69.24872,133.62953,873.00134,0.010377201,45626.63896046096,65.0,S_2062
2024-05-12 19:22:30,-84.048744,6.0664673,-69.297676,133.5526,873.10876,0.009226003,45660.187469335644,65.0,S_2062
2024-05-12 19:22:31,-84.11353,6.063217,-69.34664,133.47566,873.19025,0.008074804,45692.11330131809,65.0,S_2062
2024-05-12 19:22:32,-84.17822,6.0596466,-69.40259,133.39873,873.19574,0.006923606,45713.45535655899,65.0,S_2062
2024-05-12 19:22:33,-84.24281,6.0557556,-69.45854,133.3218,873.17725,0.005772408,45727.52556341448,65.0,S_2062
2024-05-12 19:22:34,-84.307304,6.0515594,-69.514496,133.23787,873.17914,0.00462121,45729.17728180614,65.0,S_2062
2024-05-12 19:22:35,-84.3717,6.0470276,-69.56345,133.16093,873.1828,0.0034700118,45727.261661463715,65.0,S_2062
2024-05-12 19:22:36,-84.436,6.0421906,-69.61241,133.077,873.16614,0.0023188135,45717.18553910415,65.0,S_2062
2024-05-12 19:22:37,-84.5002,6.037033,-69.66138,133.00006,873.16614,0.0037646303,45719.25767361393,65.0,S_2062
2024-05-12 19:22:38,-84.5643,6.03154,-69.71732,132.92313,873.2457,0.005210447,45729.380126917385,65.0,S_2062
2024-05-12 19:22:39,-84.62831,6.0257416,-69.77328,132.8392,873.3532,0.006656264,45743.712024599685,65.0,S_2062
2024-05-12 19:22:40,-84.69222,6.019623,-69.822235,132.76227,873.3958,0.0067201788,45762.45122159828,65.0,S_2062
2024-05-12 19:22:41,-84.756035,6.013199,-69.8712,132.67834,873.37915,0.006784094,45785.68639985198,65.0,S_2062
2024-05-12 19:22:42,-84.81975,6.006439,-69.92715,132.5944,873.3717,0.0063191648,45797.92729589238,65.0,S_2062
2024-05-12 19:22:43,-84.88336,5.999359,-69.976105,132.51747,873.37726,0.0063422793,45818.5867926638,65.0,S_2062
2024-05-12 19:22:44,-84.946884,5.9919586,-70.03206,132.43355,873.3717,0.006390584,45836.47946773673,65.0,S_2062
2024-05-12 19:22:45,-85.01031,5.984253,-70.08801,132.34961,873.35504,0.006438889,45854.70777299977,65.0,S_2062
2024-05-12 19:22:46,-85.07364,5.976227,-70.14397,132.26569,873.39026,0.006487194,45867.99228102528,65.0,S_2062
2024-05-12 19:22:47,-85.13686,5.967865,-70.192924,132.18875,873.4976,0.006535499,45885.51182349898,65.0,S_2062
2024-05-12 19:22:48,-85.2,5.959198,-70.24188,132.10483,873.5791,0.006583804,45907.32544067236,65.0,S_2062
2024-05-12 19:22:49,-85.26303,5.9502106,-70.29784,132.02089,873.5847,0.0066321087,45923.25297163143,65.0,S_2062
2024-05-12 19:22:50,-85.325966,5.9409027,-70.346794,131.92996,873.568,0.0066804136,45940.620211070884,65.0,S_2062
2024-05-12 19:22:51,-85.38881,5.9312744,-70.39575,131.84604,873.5699,0.0067287185,45963.438492407164,65.0,S_2062
2024-05-12 19:22:52,-85.45155,5.9213257,-70.451706,131.76212,873.56616,0.0067770234,45979.3747833101,65.0,S_2062
2024-05-12 19:22:53,-85.5142,5.9110565,-70.50066,131.67818,873.54584,0.0068253283,46002.8615131871,65.0,S_2062
2024-05-12 19:22:54,-85.576744,5.900482,-70.55662,131.59425,873.55316,0.0068736337,46020.310950153,65.0,S_2062
2024-05-12 19:22:55,-85.6392,5.889572,-70.605576,131.50333,873.63654,0.0069219386,46040.094141060166,65.0,S_2062
2024-05-12 19:22:56,-85.70155,5.878357,-70.65454,131.4124,873.7421,0.0069702435,46059.253103586874,65.0,S_2062
2024-05-12 19:22:57,-85.76381,5.866806,-70.7035,131.32848,873.78467,0.0070185484,46080.15833286492,65.0,S_2062
2024-05-12 19:22:58,-85.825966,5.85495,-70.75246,131.23755,873.7699,0.0070668533,46104.794313828315,65.0,S_2062
2024-05-12 19:22:59,-85.88803,5.8427734,-70.80841,131.15363,873.75696,0.0071151583,46128.583355052935,65.0,S_2062
2024-05-12 19:23:00,-85.95,5.8302765,-70.864365,131.0627,873.7606,0.007163463,46147.32716736297,65.0,S_2062
2024-05-12 19:23:01,-86.06513,5.876541,-70.91332,130.97177,873.7699,0.007211768,46168.907211909274,65.0,S_2062
2024-05-12 19:23:02,-86.17836,5.9204865,-70.96228,130.88084,873.76807,0.007260073,46190.78517248745,65.0,S_2062
2024-05-12 19:23:03,-86.28969,5.9621124,-71.01124,130.78993,873.7477,0.007308378,46217.09313652163,65.0,S_2062
2024-05-12 19:23:04,-86.39911,6.001404,-71.06719,130.706,873.7347,0.007356683,46237.56515083906,65.0,S_2062
2024-05-12 19:23:05,-86.50663,6.038391,-71.11615,130.61508,873.781,0.0074049877,46260.34305367002,65.0,S_2062
2024-05-12 19:23:06,-86.61224,6.073044,-71.16511,130.52415,873.8884,0.0074532926,46288.49322706818,65.0,S_2062
2024-05-12 19:23:07,-86.715965,6.105377,-71.22106,130.43323,873.9681,0.0075015975,46310.341867261726,65.0,S_2062
2024-05-12 19:23:08,-86.81777,6.135391,-71.27002,130.33531,873.97363,0.0075499024,46338.64037142893,65.0,S_2062
2024-05-12 19:23:09,-86.91769,6.163086,-71.32597,130.24438,873.9569,0.0075982073,46360.09820058658,65.0,S_2062
2024-05-12 19:23:10,-87.01569,6.188446,-71.37493,130.15346,873.9588,0.0076465122,46385.36251229876,65.0,S_2062
2024-05-12 19:23:11,-87.11179,6.211502,-71.42389,130.05554,873.95514,0.007694817,46409.407886053654,65.0,S_2062
2024-05-12 19:23:12,-87.20599,6.2322235,-71.47285,129.96461,873.93475,0.007743122,46435.27180361686,65.0,S_2062
2024-05-12 19:23:13,-87.298294,6.2506256,-71.521805,129.8667,873.944,0.007791427,46465.23906520422,65.0,S_2062
2024-05-12 19:23:14,-87.388695,6.2667084,-71.57776,129.77579,874.0255,0.007839732,46494.474211754816,65.0,S_2062
2024-05-12 19:23:15,-87.47719,6.280472,-71.63371,129.67786,874.1329,0.007888037,46518.21811309492,65.0,S_2062
2024-05-12 19:23:16,-87.563774,6.291916,-71.68267,129.57994,874.17365,0.007936342,46544.75539918357,65.0,S_2062
2024-05-12 19:23:17,-87.64846,6.3010254,-71.73163,129.48203,874.1588,0.007984647,46571.591407913635,65.0,S_2062
2024-05-12 19:23:18,-87.73125,6.3078156,-71.78059,129.38411,874.1459,0.0080329515,46598.73160896005,65.0,S_2062
2024-05-12 19:23:19,-87.812126,6.3123016,-71.82955,129.2862,874.1514,0.008081256,46626.16143352581,65.0,S_2062
2024-05-12 19:23:20,-87.891106,6.314453,-71.87851,129.18828,874.1588,0.008129561,46653.891876352856,65.0,S_2062
2024-05-12 19:23:21,-87.968185,6.3142853,-71.92747,129.09036,874.1569,0.008177866,46687.441697071976,65.0,S_2062
2024-05-12 19:23:22,-88.04336,6.311783,-71.98342,128.99245,874.13654,0.008226171,46713.29564549511,65.0,S_2062
2024-05-12 19:23:23,-88.11663,6.3069763,-72.03238,128.89452,874.1255,0.008274476,46748.47971846191,65.0,S_2062
2024-05-12 19:23:24,-88.187996,6.299835,-72.08833,128.78961,874.1699,0.008322781,46774.41384902701,65.0,S_2062
2024-05-12 19:23:25,-88.25746,6.2903748,-72.13729,128.6917,874.2773,0.008371087,46804.700566494575,65.0,S_2062
2024-05-12 19:23:26,-88.32503,6.278595,-72.18625,128.58678,874.3588,0.008419392,46833.6927948531,65.0,S_2062
2024-05-12 19:23:27,-88.390686,6.264496,-72.23521,128.48886,874.36255,0.008467697,46864.57274867548,65.0,S_2062
2024-05-12 19:23:28,-88.454445,6.2480774,-72.284164,128.38396,874.3459,0.0085160015,46895.23792667006,65.0,S_2062
2024-05-12 19:23:29,-88.5163,6.2293396,-72.33312,128.27904,874.34955,0.008564306,46926.196948718934,65.0,S_2062
2024-05-12 19:23:30,-88.57625,6.208267,-72.38208,128.17413,874.344,0.008612611,46962.22688546189,65.0,S_2062
2024-05-12 19:23:31,-88.63429,6.1848755,-72.438034,128.07622,874.3236,0.008660916,46991.85167543788,65.0,S_2062
2024-05-12 19:23:32,-88.690445,6.1591797,-72.48699,127.9713,874.3329,0.008709221,47023.705566693985,65.0,S_2062
2024-05-12 19:23:33,-88.74468,6.131134,-72.53596,127.86639,874.41437,0.008757526,47055.84737539395,65.0,S_2062
2024-05-12 19:23:34,-88.79703,6.1007843,-72.584915,127.761475,874.5218,0.008805831,47088.28790522055,65.0,S_2062
2024-05-12 19:23:35,-88.847466,6.068115,-72.63387,127.65656,874.56256,0.008854136,47126.956427524085,65.0,S_2062
2024-05-12 19:23:36,-88.895996,6.0331116,-72.68983,127.55165,874.5477,0.008902441,47158.69486173027,65.0,S_2062
2024-05-12 19:23:37,-88.94263,5.995804,-72.738785,127.43975,874.5366,0.008950746,47192.64481269079,65.0,S_2062
2024-05-12 19:23:38,-88.98736,5.9561615,-72.78774,127.32784,874.5403,0.008999051,47225.75257921888,65.0,S_2062
2024-05-12 19:23:39,-89.03018,5.9142,-72.8367,127.22293,874.5477,0.0090473555,47259.66747381637,65.0,S_2062
2024-05-12 19:23:40,-89.071106,5.869919,-72.88566,127.11802,874.5459,0.00909566,47295.01638131008,65.0,S_2062
2024-05-12 19:23:41,-89.11013,5.823303,-72.934616,127.00611,874.5255,0.009143965,47330.14919118986,65.0,S_2062
2024-05-12 19:23:42,-89.14725,5.7743835,-72.983574,126.8942,874.5144,0.00919227,47365.58249589759,65.0,S_2062
2024-05-12 19:23:43,-89.182465,5.7231293,-73.03254,126.7823,874.5589,0.009240575,47401.30342900925,65.0,S_2062
2024-05-12 19:23:44,-89.215775,5.6695557,-73.0815,126.670395,874.66626,0.00928888,47437.32107288232,65.0,S_2062
2024-05-12 19:23:45,-89.247185,5.6136627,-73.130455,126.55849,874.74774,0.009337185,47473.631965735716,65.0,S_2062
2024-05-12 19:23:46,-89.276695,5.5554504,-73.17941,126.44659,874.7533,0.010107962,47514.97120221153,65.0,S_2062
2024-05-12 19:23:47,-89.3043,5.494919,-73.22837,126.33468,874.7348,0.010127553,47557.693392224166,65.0,S_2062
2024-05-12 19:23:48,-89.329994,5.432068,-73.27733,126.215775,874.7311,0.010258937,47599.456457359986,65.0,S_2062
2024-05-12 19:23:49,-89.3538,5.3668823,-73.32629,126.103874,874.7385,0.010279589,47643.127772738866,65.0,S_2062
2024-05-12 19:23:50,-89.375694,5.2993774,-73.375244,125.98497,874.7441,0.009598347,47680.535157821214,65.0,S_2062
2024-05-12 19:23:51,-89.39568,5.229553,-73.42421,125.87306,874.7329,0.00962127,47719.762337926004,65.0,S_2062
2024-05-12 19:23:52,-89.41377,5.1574097,-73.47317,125.754166,874.7107,0.007648017,47744.41096137818,65.0,S_2062
2024-05-12 19:23:53,-89.42996,5.082947,-73.522125,125.64226,874.7218,0.0076667895,47770.62017342984,65.0,S_2062
2024-05-12 19:23:54,-89.444244,5.0061646,-73.57108,125.52336,874.8052,0.010607585,47815.79881871569,65.0,S_2062
2024-05-12 19:23:55,-89.45663,4.9270477,-73.62004,125.40446,874.91077,0.0106240995,47861.05241407834,65.0,S_2062
2024-05-12 19:23:56,-89.46711,4.8456116,-73.669,125.28556,874.9515,0.011820023,47915.676112744055,65.0,S_2062
2024-05-12 19:23:57,-89.475685,4.7618713,-73.71796,125.15967,874.93665,0.011835488,47968.36772490019,65.0,S_2062
2024-05-12 19:23:58,-89.48236,4.6757965,-73.766914,125.040764,874.92554,0.011754084,48020.99608501153,65.0,S_2062
2024-05-12 19:23:59,-89.48713,4.587387,-73.81588,124.92187,874.92926,0.011672681,48074.48918132142,65.0,S_2062
2024-05-12 19:24:00,-89.49,4.4966736,-73.86484,124.795975,874.9385,0.00859001,48105.675159243976,65.0,S_2062
2024-05-12 19:24:01,-89.437126,4.2576447,-73.913795,124.67707,874.94037,0.008604084,48138.498428745006,65.0,S_2062
2024-05-12 19:24:02,-89.38418,4.0212555,-73.96275,124.55118,874.92737,0.0037287087,48135.81298796544,65.0,S_2062
2024-05-12 19:24:03,-89.33115,3.7874908,-74.004715,124.425285,874.91077,0.0037414837,48137.402489677144,65.0,S_2062
2024-05-12 19:24:04,-89.278046,3.5563507,-74.05368,124.30638,874.94775,0.0033411607,48134.9563541744,65.0,S_2062
2024-05-12 19:24:05,-89.22486,3.327835,-74.10264,124.18049,875.0533,0.0064982027,48153.11756002952,65.0,S_2062
2024-05-12 19:24:06,-89.1716,3.101944,-74.151596,124.054596,875.13666,0.009655245,48192.34674248756,65.0,S_2062
2024-05-12 19:24:07,-89.11826,2.8786774,-74.200554,123.9287,875.1423,0.009672283,48232.860949551046,65.0,S_2062
2024-05-12 19:24:08,-89.06484,2.6580353,-74.24951,123.795815,875.12366,0.012882826,48293.03500795136,65.0,S_2062
2024-05-12 19:24:09,-89.011345,2.440033,-74.29847,123.66992,875.12,0.012900213,48353.780175326596,65.0,S_2062
2024-05-12 19:24:10,-88.95778,2.2246552,-74.34743,123.54403,875.1293,0.010725024,48393.32031920328,65.0,S_2062
2024-05-12 19:24:11,-88.90413,2.0119019,-74.3894,123.41813,875.1348,0.010742678,48436.64909669506,65.0,S_2062
2024-05-12 19:24:12,-88.850395,1.8017731,-74.43136,123.28524,875.1311,-0.021784876,48266.17361566656,65.0,S_2062
2024-05-12 19:24:13,-88.79659,1.5942688,-74.480316,123.15236,875.1108,-0.021611683,48094.77513258245,65.0,S_2062
2024-05-12 19:24:14,-88.742714,1.389389,-74.529274,123.01947,875.1126,-0.021438492,47910.876530535876,65.0,S_2062
2024-05-12 19:24:15,-88.68875,1.187149,-74.58523,122.88658,875.19226,-0.021265302,47739.95259829264,65.0,S_2062
2024-05-12 19:24:16,-88.63471,0.9875183,-74.634186,122.75369,875.2996,-0.02109211,47585.64815730949,65.0,S_2062
2024-05-12 19:24:17,-88.5806,0.79052734,-74.676155,122.620804,875.3422,-0.020918917,47434.85003976594,65.0,S_2062
2024-05-12 19:24:18,-88.5264,0.5961609,-74.71812,122.487915,875.32745,-0.020745726,47269.93926378587,65.0,S_2062
2024-05-12 19:24:19,-88.47213,0.40441895,-74.767075,122.34803,875.3126,-0.02071141,47102.70844378878,65.0,S_2062
2024-05-12 19:24:20,-88.41778,0.21531677,-74.81603,122.20815,875.31445,-0.016914945,46963.616232971,65.0,S_2062
2024-05-12 19:24:21,-88.36335,0.028823853,-74.86499,122.075264,875.3237,-0.016880926,46833.64442846101,65.0,S_2062
2024-05-12 19:24:22,-88.308846,23.844955,-74.90696,121.93538,875.32745,-0.013879545,46724.186972696734,65.0,S_2062
2024-05-12 19:24:23,-88.25426,23.663727,-74.94892,121.795494,875.3163,-0.010878163,46619.846244004955,65.0,S_2062
2024-05-12 19:24:24,-88.1996,23.485123,-75.004875,121.65562,875.2996,-0.0058462317,46552.35138311854,65.0,S_2062
2024-05-12 19:24:25,-88.14486,23.309143,-75.05383,121.51573,875.3367,-0.005816018,46490.92596361556,65.0,S_2062
2024-05-12 19:24:26,-88.09004,23.135788,-75.0958,121.375854,875.44226,-0.0059159696,46430.39874017684,65.0,S_2062
2024-05-12 19:24:27,-88.03515,22.965057,-75.137764,121.22897,875.52747,-0.0060159205,46365.93430614173,65.0,S_2062
2024-05-12 19:24:28,-87.98018,22.796967,-75.18672,121.08909,875.533,-0.006115872,46298.43842394935,65.0,S_2062
2024-05-12 19:24:29,-87.925125,22.631485,-75.23568,120.942215,875.51263,-0.006215823,46234.40105957817,65.0,S_2062
2024-05-12 19:24:30,-87.87,22.468643,-75.27765,120.80233,875.5071,-0.0063157743,46167.90242247121,65.0,S_2062
2024-05-12 19:24:31,-87.8148,22.308426,-75.32661,120.65546,875.51263,-0.0064157257,46098.12212256086,65.0,S_2062
2024-05-12 19:24:32,-87.759514,22.150833,-75.375565,120.50858,875.52185,-0.0065156766,46027.75332614676,65.0,S_2062
2024-05-12 19:24:33,-87.70415,21.995865,-75.42452,120.3617,875.5201,-0.006615628,45959.933588701824,65.0,S_2062
2024-05-12 19:24:34,-87.64871,21.843536,-75.466484,120.20783,875.4997,-0.0067155794,45890.05927109685,65.0,S_2062
2024-05-12 19:24:35,-87.59319,21.693817,-75.51545,120.06096,875.50336,-0.0068155304,45822.05851633975,65.0,S_2062
2024-05-12 19:24:36,-87.5376,21.546738,-75.55741,119.91408,875.5793,-0.0069154818,45754.80187910877,65.0,S_2062
2024-05-12 19:24:37,-87.481926,21.402267,-75.59937,119.76021,875.68854,-0.0070154327,45682.31888199902,65.0,S_2062
2024-05-12 19:24:38,-87.42618,21.260437,-75.64834,119.60634,875.73676,-0.007115384,45607.92711483411,65.0,S_2062
2024-05-12 19:24:39,-87.37035,21.121231,-75.697296,119.459465,875.7274,-0.0072153355,45532.61804213347,65.0,S_2062
2024-05-12 19:24:40,-87.314445,20.984665,-75.746254,119.305595,875.7071,-0.0073152864,45460.6183660878,65.0,S_2062
2024-05-12 19:24:41,-87.25846,20.850708,-75.788216,119.151726,875.7071,-0.007415238,45389.2643300838,65.0,S_2062
2024-05-12 19:24:42,-87.2024,20.719376,-75.830185,118.99086,875.7108,-0.007515189,45317.849926483774,65.0,S_2062
2024-05-12 19:24:43,-87.14626,20.590683,-75.87215,118.83699,875.7108,-0.00761514,45240.928986649335,65.0,S_2062
2024-05-12 19:24:44,-87.09004,20.464615,-75.921104,118.676125,875.7108,-0.0077150916,45166.356355765645,65.0,S_2062
2024-05-12 19:24:45,-87.03375,20.341171,-75.963066,118.522255,875.7145,-0.0078150425,45092.87393346864,65.0,S_2062
2024-05-12 19:24:46,-86.97738,20.220352,-76.005035,118.36139,875.7071,-0.007914994,45018.37038023755,65.0,S_2062
2024-05-12 19:24:47,-86.92093,20.102158,-76.047,118.20052,875.69415,-0.008014945,44938.58444698028,65.0,S_2062
2024-05-12 19:24:48,-86.8644,19.986603,-76.095955,118.03966,875.72186,-0.008114897,44860.94162728496,65.0,S_2062
2024-05-12 19:24:49,-86.80779,19.873657,-76.137924,117.87879,875.80524,-0.008214847,44783.82584730924,65.0,S_2062
2024-05-12 19:24:50,-86.751114,19.763351,-76.179886,117.71094,875.88855,-0.008314799,44700.825973803796,65.0,S_2062
2024-05-12 19:24:51,-86.69435,19.65567,-76.22884,117.543076,875.92004,-0.00841475,44621.15978434753,65.0,S_2062
2024-05-12 19:24:52,-86.63751,19.550613,-76.27081,117.38221,875.90894,-0.008514701,44542.47746279862,65.0,S_2062
2024-05-12 19:24:53,-86.5806,19.448181,-76.312775,117.214355,875.89966,-0.008614653,44462.77652574188,65.0,S_2062
2024-05-12 19:24:54,-86.5236,19.348373,-76.354744,117.04649,875.9034,-0.008714603,44377.431981234964,65.0,S_2062
2024-05-12 19:24:55,-86.46653,19.251205,-76.4037,116.87864,875.90894,-0.008814555,44294.65907140021,65.0,S_2062
2024-05-12 19:24:56,-86.40938,19.156647,-76.44566,116.71078,875.9071,-0.008914506,44213.423321033326,65.0,S_2062
2024-05-12 19:24:57,-86.35215,19.064728,-76.487625,116.542915,875.8941,-0.009014457,44125.304439730215,65.0,S_2062
2024-05-12 19:24:58,-86.294846,18.975433,-76.53659,116.368065,875.8941,-0.009114409,44039.39422844349,65.0,S_2062
2024-05-12 19:24:59,-86.237465,18.888763,-76.57855,116.193214,875.95337,-0.009214359,43955.00346958725,65.0,S_2062
2024-05-12 19:25:00,-86.18,18.804718,-76.620514,116.01836,876.046,-0.009314311,43870.09202610821,65.0,S_2062
2024-05-12 19:25:01,-86.119675,18.800003,-76.66248,115.843506,876.1071,-0.009414262,43779.17876808458,65.0,S_2062
2024-05-12 19:25:02,-86.059364,18.795319,-76.71144,115.668655,876.11084,-0.009514214,43691.259613153146,65.0,S_2062
2024-05-12 19:25:03,-85.99908,18.790665,-76.7534,115.4938,876.0979,-0.009614165,43603.63816706832,65.0,S_2062
2024-05-12 19:25:04,-85.9388,18.786026,-76.79537,115.31195,876.096,-0.009714115,43516.22563182382,65.0,S_2062
2024-05-12 19:25:05,-85.87854,18.781418,-76.83733,115.1371,876.0997,-0.009814067,43427.58613946077,65.0,S_2062
2024-05-12 19:25:06,-85.8183,18.77684,-76.879295,114.95525,876.0997,-0.009914018,43343.21412382907,65.0,S_2062
2024-05-12 19:25:07,-85.75807,18.772278,-76.91427,114.77341,876.0997,-0.01001397,43249.23443111306,65.0,S_2062
2024-05-12 19:25:08,-85.69787,18.767761,-76.96323,114.59156,876.1052,-0.010113921,43156.614744092076,65.0,S_2062
2024-05-12 19:25:09,-85.63767,18.76326,-77.005196,114.40971,876.10345,-0.0102138715,43064.20497278202,65.0,S_2062
2024-05-12 19:25:10,-85.5775,18.75879,-77.04716,114.22087,876.0849,-0.010313823,42977.58704436852,65.0,S_2062
2024-05-12 19:25:11,-85.51734,18.754333,-77.08213,114.039024,876.08673,-0.010413774,42886.09155008437,65.0,S_2062
2024-05-12 19:25:12,-85.4572,18.749924,-77.12409,113.85018,876.1645,-0.010513726,42785.648618024774,65.0,S_2062
2024-05-12 19:25:13,-85.39707,18.74553,-77.17305,113.66135,876.2738,-0.010613677,42688.81088584024,65.0,S_2062
2024-05-12 19:25:14,-85.33697,18.741165,-77.21502,113.4725,876.3146,-0.010713628,42592.099153334966,65.0,S_2062
2024-05-12 19:25:15,-85.27687,18.736816,-77.25698,113.276665,876.29974,-0.010813579,42495.731027686765,65.0,S_2062
2024-05-12 19:25:16,-85.2168,18.732513,-77.29894,113.08783,876.28864,-0.01091353,42403.688653472724,65.0,S_2062
2024-05-12 19:25:17,-85.15674,18.728226,-77.333916,112.89199,876.2923,-0.011013482,42308.21656376668,65.0,S_2062
2024-05-12 19:25:18,-85.096695,18.723969,-77.37588,112.70315,876.2942,-0.011113433,42215.28605536067,65.0,S_2062
2024-05-12 19:25:19,-85.036674,18.719727,-77.41085,112.50732,876.2942,-0.011213385,42117.45086020262,65.0,S_2062
2024-05-12 19:25:20,-84.97666,18.71553,-77.45282,112.31148,876.296,-0.011313335,42009.538240636524,65.0,S_2062
2024-05-12 19:25:21,-84.91667,18.71135,-77.50178,112.10865,876.29974,-0.011413286,41906.52854358732,65.0,S_2062
2024-05-12 19:25:22,-84.8567,18.707184,-77.54374,111.91281,876.29047,-0.011513238,41804.00935083693,65.0,S_2062
2024-05-12 19:25:23,-84.79674,18.703064,-77.5857,111.709984,876.2738,-0.011613189,41708.016599166156,65.0,S_2062
2024-05-12 19:25:24,-84.7368,18.69896,-77.620674,111.51415,876.309,-0.011713141,41612.39248202636,65.0,S_2062
2024-05-12 19:25:25,-84.67687,18.6949,-77.65565,111.31132,876.41455,-0.011813091,41508.3034789581,65.0,S_2062
2024-05-12 19:25:26,-84.61697,18.690842,-77.69761,111.101494,876.50165,-0.0119130425,41402.839801372014,65.0,S_2062
2024-05-12 19:25:27,-84.557076,18.686829,-77.73958,110.89867,876.5164,-0.012012994,41302.07159970992,65.0,S_2062
2024-05-12 19:25:28,-84.4972,18.68283,-77.77454,110.68884,876.4942,-0.012112945,41196.010952628305,65.0,S_2062
2024-05-12 19:25:29,-84.43734,18.678864,-77.81651,110.47902,876.48303,-0.012212897,41093.90944625877,65.0,S_2062
2024-05-12 19:25:30,-84.377495,18.674927,-77.85148,110.269196,876.48676,-0.012312847,40986.85977712204,65.0,S_2062
2024-05-12 19:25:31,-84.31767,18.67102,-77.89345,110.05937,876.4905,-0.012412799,40870.594985357515,65.0,S_2062
2024-05-12 19:25:32,-84.257866,18.66713,-77.942406,109.84955,876.48865,-0.01251275,40763.90538832279,65.0,S_2062
2024-05-12 19:25:33,-84.198074,18.663269,-77.97737,109.63274,876.48676,-0.012471552,40654.44699032932,65.0,S_2062
2024-05-12 19:25:34,-84.1383,18.65944,-78.01934,109.41592,876.48865,-0.014321343,40537.98590407679,65.0,S_2062
2024-05-12 19:25:35,-84.07854,18.65564,-78.05431,109.1991,876.4923,-0.016171135,40403.56894949757,65.0,S_2062
2024-05-12 19:25:36,-84.0188,18.651855,-78.096275,108.982285,876.4923,-0.018020926,40264.15765677388,65.0,S_2062
2024-05-12 19:25:37,-83.959076,18.648102,-78.13125,108.765465,876.4719,-0.017975697,40127.042624591195,65.0,S_2062
2024-05-12 19:25:38,-83.89936,18.644379,-78.166214,108.548645,876.4609,-0.015036091,40006.83023275362,65.0,S_2062
2024-05-12 19:25:39,-83.839676,18.640686,-78.20119,108.32484,876.5053,-0.014992316,39879.13947147447,65.0,S_2062
2024-05-12 19:25:40,-83.78,18.637009,-78.24315,108.10102,876.6127,-0.015864933,39753.9161307686,65.0,S_2062
2024-05-12 19:25:41,-83.72034,18.633362,-78.27812,107.88421,876.6942,-0.015819333,39619.613448359,65.0,S_2062
2024-05-12 19:25:42,-83.6607,18.629745,-78.32008,107.6534,876.69977,-0.0200488,39465.75198182986,65.0,S_2062
2024-05-12 19:25:43,-83.601074,18.626144,-78.35506,107.42959,876.6813,-0.0217465,39290.027570665596,65.0,S_2062
2024-05-12 19:25:44,-83.541466,18.62259,-78.39702,107.198784,876.6794,-0.023444198,39112.30711315066,65.0,S_2062
2024-05-12 19:25:45,-83.48187,18.61905,-78.43199,106.96798,876.68494,-0.023388334,38936.96211347527,65.0,S_2062
2024-05-12 19:25:46,-83.422295,18.61554,-78.466965,106.73717,876.68494,-0.027658746,38734.388381071956,65.0,S_2062
2024-05-12 19:25:47,-83.36274,18.612045,-78.50193,106.50636,876.68494,-0.027602568,38532.560658864015,65.0,S_2062
2024-05-12 19:25:48,-83.3032,18.608597,-78.5369,106.27556,876.6813,-0.031036813,38318.56942042004,65.0,S_2062
2024-05-12 19:25:49,-83.243675,18.605164,-78.56488,106.03776,876.68304,-0.030985147,38077.79695468848,65.0,S_2062
2024-05-12 19:25:50,-83.184166,18.601746,-78.60684,105.79996,876.6868,-0.0324237,37836.14734639923,65.0,S_2062
2024-05-12 19:25:51,-83.12467,18.598373,-78.641815,105.55517,876.6868,-0.031163841,37608.3521435187,65.0,S_2062
2024-05-12 19:25:52,-83.06519,18.595016,-78.67679,105.31737,876.6683,-0.02990398,37389.70139926662,65.0,S_2062
2024-05-12 19:25:53,-83.00574,18.59169,-78.711754,105.07957,876.6701,-0.02864412,37179.66181634125,65.0,S_2062
2024-05-12 19:25:54,-82.9463,18.588394,-78.74673,104.84177,876.7479,-0.024330476,36980.36958870915,65.0,S_2062
2024-05-12 19:25:55,-82.88687,18.585129,-78.78869,104.58998,876.8553,-0.024276793,36794.05140491001,65.0,S_2062
2024-05-12 19:25:56,-82.82746,18.581879,-78.82366,104.345184,876.90533,-0.02516686,36604.29862911822,65.0,S_2062
2024-05-12 19:25:57,-82.768074,18.57866,-78.858635,104.10039,876.89606,-0.025114775,36412.24033468857,65.0,S_2062
2024-05-12 19:25:58,-82.708694,18.57547,-78.8936,103.8486,876.8757,-0.024493592,36224.25302906291,65.0,S_2062
2024-05-12 19:25:59,-82.64934,18.572311,-78.92857,103.59682,876.8739,-0.024441907,36050.54126633919,65.0,S_2062
2024-05-12 19:26:00,-82.59,18.569168,-78.95655,103.35202,876.8794,-0.023515802,35871.75724131065,65.0,S_2062
2024-05-12 19:26:01,-82.53018,18.566101,-78.99152,103.100235,876.8794,-0.022589697,35694.7953660442,65.0,S_2062
2024-05-12 19:26:02,-82.4704,18.56305,-79.02649,102.841446,876.87756,-0.025657415,35507.81732675393,65.0,S_2062
2024-05-12 19:26:03,-82.410645,18.560043,-79.05447,102.582664,876.8757,-0.02715062,35301.86843758957,65.0,S_2062
2024-05-12 19:26:04,-82.35093,18.557053,-79.08944,102.32388,876.8794,-0.028643822,35084.86458353694,65.0,S_2062
2024-05-12 19:26:05,-82.291245,18.554077,-79.12441,102.0651,876.8831,-0.028582953,34868.75668586495,65.0,S_2062
2024-05-12 19:26:06,-82.2316,18.551132,-79.15938,101.80632,876.8739,-0.028909119,34663.145722954505,65.0,S_2062
2024-05-12 19:26:07,-82.17198,18.548218,-79.187355,101.54754,876.8516,-0.028849127,34456.08150896688,65.0,S_2062
2024-05-12 19:26:08,-82.1124,18.545334,-79.21533,101.28176,876.86273,-0.032032922,34215.35649591725,65.0,S_2062
2024-05-12 19:26:09,-82.05285,18.542465,-79.250305,101.01598,876.94604,-0.03196819,33974.20063658607,65.0,S_2062
2024-05-12 19:26:10,-81.99333,18.539612,-79.28527,100.750206,877.05164,-0.031780053,33744.106704937294,65.0,S_2062
2024-05-12 19:26:11,-81.933846,18.536804,-79.31325,100.47744,877.09235,-0.03171828,33506.51854356675,65.0,S_2062
2024-05-12 19:26:12,-81.8744,18.534012,-79.34822,100.21166,877.0776,-0.029044952,33283.10432105127,65.0,S_2062
2024-05-12 19:26:13,-81.81498,18.53125,-79.383194,99.93889,877.06647,-0.028986126,33060.15687974189,65.0,S_2062
2024-05-12 19:26:14,-81.7556,18.528503,-79.41816,99.66612,877.072,-0.03195115,32830.72415934116,65.0,S_2062
2024-05-12 19:26:15,-81.69624,18.525787,-79.44614,99.39335,877.07385,-0.034916174,32591.491565453947,65.0,S_2062
2024-05-12 19:26:16,-81.63693,18.523102,-79.46712,99.11359,877.07385,-0.05208372,32236.652168400164,65.0,S_2062
2024-05-12 19:26:17,-81.577644,18.520432,-79.495094,98.84081,877.072,-0.05201834,31854.370927681375,65.0,S_2062
2024-05-12 19:26:18,-81.518394,18.517792,-79.53007,98.56105,877.072,-0.057796508,31424.641884835844,65.0,S_2062
2024-05-12 19:26:19,-81.45918,18.515182,-79.56504,98.27429,877.072,-0.057730697,31045.857467890055,65.0,S_2062
2024-05-12 19:26:20,-81.399994,18.512589,-79.58602,97.99453,877.072,-0.048190765,30687.314966491907,65.0,S_2062
2024-05-12 19:26:21,-81.34084,18.510025,-79.620995,97.70777,877.07385,-0.04812856,30352.439321243157,65.0,S_2062
2024-05-12 19:26:22,-81.28173,18.507492,-79.64897,97.428,877.0776,-0.041039187,30043.834220083878,65.0,S_2062
2024-05-12 19:26:23,-81.22265,18.504974,-79.68394,97.14124,877.0702,-0.040978745,29746.275002625858,65.0,S_2062
2024-05-12 19:26:24,-81.1636,18.502487,-79.711914,96.847496,877.0572,-0.034392055,29498.035596699006,65.0,S_2062
2024-05-12 19:26:25,-81.104576,18.50003,-79.73989,96.56074,877.085,-0.0343387,29258.2355956046,65.0,S_2062
2024-05-12 19:26:26,-81.04559,18.49759,-79.76087,96.26698,877.16644,-0.03010074,29039.967968762685,65.0,S_2062
2024-05-12 19:26:27,-80.98665,18.495178,-79.78885,95.980225,877.25165,-0.030049063,28814.443372684327,65.0,S_2062
2024-05-12 19:26:28,-80.92773,18.492783,-79.816826,95.679474,877.28314,-0.029356308,28596.7140743004,65.0,S_2062
2024-05-12 19:26:29,-80.86884,18.490433,-79.8448,95.38573,877.272,-0.028663553,28380.989803205437,65.0,S_2062
2024-05-12 19:26:30,-80.81,18.488083,-79.87278,95.08498,877.26276,-0.029488886,28159.77686214244,65.0,S_2062
2024-05-12 19:26:31,-80.75118,18.485779,-79.90076,94.78423,877.2665,-0.032923616,27916.1731367666,65.0,S_2062
2024-05-12 19:26:32,-80.6924,18.48349,-79.928734,94.48348,877.2683,-0.036358345,27650.28486244376,65.0,S_2062
2024-05-12 19:26:33,-80.633644,18.481232,-79.95671,94.18274,877.2683,-0.036299665,27385.371304385113,65.0,S_2062
2024-05-12 19:26:34,-80.57493,18.478989,-79.98469,93.88199,877.2665,-0.042496752,27074.942302319916,65.0,S_2062
2024-05-12 19:26:35,-80.51624,18.476776,-80.012665,93.57425,877.2665,-0.040461514,26791.528867438996,65.0,S_2062
2024-05-12 19:26:36,-80.457596,18.474594,-80.033646,93.26651,877.2683,-0.038426276,26522.706275157558,65.0,S_2062
2024-05-12 19:26:37,-80.39898,18.472443,-80.05463,92.95876,877.2683,-0.03837181,26249.90763281103,65.0,S_2062
2024-05-12 19:26:38,-80.34039,18.470306,-80.07561,92.64403,877.2665,-0.03578921,25982.493960434284,65.0,S_2062
2024-05-12 19:26:39,-80.281845,18.468185,-80.103584,92.3293,877.2665,-0.035740472,25719.226422526193,65.0,S_2062
2024-05-12 19:26:40,-80.22333,18.46611,-80.13156,92.02155,877.2683,-0.04140973,25427.636502511432,65.0,S_2062
2024-05-12 19:26:41,-80.16485,18.46405,-80.15254,91.70682,877.272,-0.041360896,25137.45469325461,65.0,S_2062
2024-05-12 19:26:42,-80.1064,18.46202,-80.17352,91.39208,877.26465,-0.041375022,24842.574388012792,65.0,S_2062
2024-05-12 19:26:43,-80.04798,18.460007,-80.19451,91.07036,877.25165,-0.04138915,24539.489867483444,65.0,S_2062
2024-05-12 19:26:44,-79.98959,18.458023,-80.22249,90.75562,877.2794,-0.03864667,24262.774771025408,65.0,S_2062
2024-05-12 19:26:45,-79.931244,18.45607,-80.24347,90.43389,877.36096,-0.035904188,24004.955490498574,65.0,S_2062
2024-05-12 19:26:46,-79.87293,18.454132,-80.26445,90.11216,877.4461,-0.033161707,23765.476061590554,65.0,S_2062
2024-05-12 19:26:47,-79.814644,18.452225,-80.28543,89.790436,877.4776,-0.030419229,23540.52033956548,65.0,S_2062
2024-05-12 19:26:48,-79.75639,18.450348,-80.30641,89.46171,877.4665,-0.02718283,23336.91698570356,65.0,S_2062
2024-05-12 19:26:49,-79.69818,18.448486,-80.3274,89.13299,877.4573,-0.026284195,23139.638244778987,65.0,S_2062
2024-05-12 19:26:50,-79.64,18.446655,-80.34838,88.80426,877.46094,-0.025385562,22940.66652783417,65.0,S_2062
2024-05-12 19:26:51,-79.58185,18.44484,-80.37636,88.47554,877.4628,-0.025343457,22749.614008123845,65.0,S_2062
2024-05-12 19:26:52,-79.52373,18.44307,-80.39734,88.14681,877.4628,-0.02548259,22558.873348705478,65.0,S_2062
2024-05-12 19:26:53,-79.465645,18.4413,-80.41832,87.81809,877.46094,-0.025438696,22365.70791748852,65.0,S_2062
2024-05-12 19:26:54,-79.4076,18.439575,-80.4393,87.482376,877.4628,-0.023138925,22190.565128569124,65.0,S_2062
2024-05-12 19:26:55,-79.34958,18.437866,-80.46028,87.15365,877.4628,-0.020839155,22033.518528848857,65.0,S_2062
2024-05-12 19:26:56,-79.291595,18.436188,-80.47427,86.81793,877.4628,-0.019491736,21878.756384386463,65.0,S_2062
2024-05-12 19:26:57,-79.23365,18.43454,-80.495255,86.47522,877.4628,-0.018144319,21732.171897508142,65.0,S_2062
2024-05-12 19:26:58,-79.17573,18.432907,-80.516235,86.132515,877.4628,-0.020249201,21574.168986951765,65.0,S_2062
2024-05-12 19:26:59,-79.11785,18.431305,-80.537224,85.79679,877.4628,-0.020206582,21414.803857704952,65.0,S_2062
2024-05-12 19:27:00,-79.06,18.429718,-80.558205,85.45408,877.4628,-0.020676842,21256.921304353968,65.0,S_2062
2024-05-12 19:27:01,-79.001526,18.42894,-80.57219,85.111374,877.46094,-0.020630077,21100.261301082937,65.0,S_2062
2024-05-12 19:27:02,-78.94311,18.428162,-80.58618,84.76866,877.46094,-0.021646189,20934.591603914036,65.0,S_2062
2024-05-12 19:27:03,-78.88475,18.427368,-80.60017,84.41895,877.4628,-0.022463556,20760.94809262233,65.0,S_2062
2024-05-12 19:27:04,-78.82644,18.42659,-80.62115,84.07624,877.4683,-0.023280922,20579.24469902824,65.0,S_2062
2024-05-12 19:27:05,-78.768196,18.425812,-80.642136,83.72654,877.4665,-0.02409829,20397.424708534483,65.0,S_2062
2024-05-12 19:27:06,-78.71,18.425018,-80.65612,83.37683,877.4461,-0.028220944,20189.5814722452,65.0,S_2062
2024-05-12 19:27:07,-78.65186,18.424225,-80.670105,83.02712,877.44794,-0.028177205,19975.902267165984,65.0,S_2062
2024-05-12 19:27:08,-78.59377,18.423447,-80.69109,82.67742,877.52765,-0.030089322,19756.085335887707,65.0,S_2062
2024-05-12 19:27:09,-78.53575,18.422653,-80.70508,82.32771,877.635,-0.029766923,19535.606818626373,65.0,S_2062
2024-05-12 19:27:10,-78.477776,18.42186,-80.71907,81.971016,877.6776,-0.029444523,19324.870263287274,65.0,S_2062
2024-05-12 19:27:11,-78.41986,18.421082,-80.72606,81.62131,877.66284,-0.029122123,19109.665803856802,65.0,S_2062
2024-05-12 19:27:12,-78.362,18.420288,-80.74005,81.26461,877.6517,-0.028799724,18889.456287222314,65.0,S_2062
2024-05-12 19:27:13,-78.30419,18.419495,-80.76103,80.907906,877.6554,-0.028741606,18672.598316460444,65.0,S_2062
2024-05-12 19:27:14,-78.246445,18.418701,-80.77502,80.54421,877.6591,-0.02998355,18451.436523962308,65.0,S_2062
2024-05-12 19:27:15,-78.18875,18.417908,-80.78901,80.187515,877.6572,-0.031225497,18219.11689742969,65.0,S_2062
2024-05-12 19:27:16,-78.13111,18.417099,-80.80299,79.82382,877.6572,-0.030153582,18001.69039695634,65.0,S_2062
2024-05-12 19:27:17,-78.073524,18.416306,-80.80999,79.46712,877.6572,-0.030098991,17777.83085855498,65.0,S_2062
2024-05-12 19:27:18,-78.016,18.415512,-80.82398,79.103424,877.6572,-0.026712315,17579.65229764216,65.0,S_2062
2024-05-12 19:27:19,-77.95853,18.414719,-80.83097,78.73973,877.6572,-0.026114522,17382.352268980932,65.0,S_2062
2024-05-12 19:27:20,-77.90111,18.41391,-80.84496,78.37604,877.6572,-0.025516726,17192.43830356157,65.0,S_2062
2024-05-12 19:27:21,-77.84375,18.413116,-80.85196,78.012344,877.6572,-0.024918932,17003.518254913535,65.0,S_2062
2024-05-12 19:27:22,-77.786446,18.412308,-80.865944,77.64865,877.6572,-0.026091931,16806.768791453924,65.0,S_2062
2024-05-12 19:27:23,-77.729195,18.411514,-80.87993,77.28496,877.6572,-0.026048282,16607.47700924774,65.0,S_2062
2024-05-12 19:27:24,-77.672,18.410706,-80.89392,76.91427,877.6572,-0.026498893,16408.59850784709,65.0,S_2062
2024-05-12 19:27:25,-77.61486,18.409897,-80.90092,76.54358,877.6572,-0.026454873,16213.712679432923,65.0,S_2062
2024-05-12 19:27:26,-77.55778,18.409088,-80.907906,76.179886,877.6572,-0.026370794,16016.735836096523,65.0,S_2062
2024-05-12 19:27:27,-77.50075,18.408295,-80.9149,75.8092,877.6572,-0.026286712,15816.477350655317,65.0,S_2062
2024-05-12 19:27:28,-77.44378,18.407486,-80.928894,75.438515,877.6572,-0.02568305,15623.824879337637,65.0,S_2062
2024-05-12 19:27:29,-77.38686,18.406677,-80.93588,75.067825,877.6554,-0.025079386,15432.117930716635,65.0,S_2062
2024-05-12 19:27:30,-77.33,18.405853,-80.949875,74.697136,877.6554,-0.024901358,15245.089473898039,65.0,S_2062
2024-05-12 19:27:31,-77.27319,18.405045,-80.95686,74.32645,877.66095,-0.026597966,15047.288165689359,65.0,S_2062
2024-05-12 19:27:32,-77.216446,18.404236,-80.96386,73.95576,877.66095,-0.028294574,14839.797515249462,65.0,S_2062
2024-05-12 19:27:33,-77.15975,18.403427,-80.96386,73.58507,877.64056,-0.028252248,14628.046144900323,65.0,S_2062
2024-05-12 19:27:34,-77.10311,18.402618,-80.970856,73.20739,877.62946,-0.028626846,14418.151399443657,65.0,S_2062
2024-05-12 19:27:35,-77.04653,18.401794,-80.970856,72.8367,877.67395,-0.028585315,14204.342476924525,65.0,S_2062
2024-05-12 19:27:36,-76.99,18.400986,-80.97785,72.45902,877.7813,-0.03213443,13966.541929179966,65.0,S_2062
2024-05-12 19:27:37,-76.93353,18.400162,-80.98484,72.08134,877.8628,-0.03208323,13729.28037875055,65.0,S_2062
2024-05-12 19:27:38,-76.87711,18.399353,-80.99184,71.70365,877.8665,-0.041421663,13430.135569640825,65.0,S_2062
2024-05-12 19:27:39,-76.820755,18.39853,-80.99883,71.32597,877.848,-0.042731553,13129.619636984393,65.0,S_2062
2024-05-12 19:27:40,-76.76444,18.397705,-80.99883,70.955284,877.8461,-0.044041444,12813.786847102598,65.0,S_2062
2024-05-12 19:27:41,-76.7082,18.396881,-81.00583,70.5776,877.8517,-0.043976333,12498.21396666206,65.0,S_2062
2024-05-12 19:27:42,-76.652,18.396072,-81.01282,70.19992,877.8536,-0.04025994,12207.551856294565,65.0,S_2062
2024-05-12 19:27:43,-76.59586,18.395248,-81.01981,69.822235,877.8517,-0.040201735,11924.188504175108,65.0,S_2062
2024-05-12 19:27:44,-76.53978,18.394424,-81.01981,69.45155,877.8517,-0.03966337,11639.864367097569,65.0,S_2062
2024-05-12 19:27:45,-76.48375,18.3936,-81.01981,69.07387,877.8517,-0.039610595,11353.53197857348,65.0,S_2062
2024-05-12 19:27:46,-76.42778,18.392776,-81.01282,68.69618,877.8517,-0.0402018,11063.178893370412,65.0,S_2062
2024-05-12 19:27:47,-76.371864,18.391937,-81.01981,68.318504,877.8517,-0.040146437,10770.497720755891,65.0,S_2062
2024-05-12 19:27:48,-76.316,18.391113,-81.01981,67.93383,877.8517,-0.038673352,10490.1825332976,65.0,S_2062
2024-05-12 19:27:49,-76.26019,18.39029,-81.02681,67.556145,877.8517,-0.038618278,10212.736035624464,65.0,S_2062
2024-05-12 19:27:50,-76.204445,18.38945,-81.02681,67.17846,877.8517,-0.039227016,9931.152886378877,65.0,S_2062
2024-05-12 19:27:51,-76.14875,18.388626,-81.02681,66.80078,877.8517,-0.039175946,9654.693121724424,65.0,S_2062
2024-05-12 19:27:52,-76.09311,18.387787,-81.02681,66.43009,877.8517,-0.04027237,9364.737175580514,65.0,S_2062
2024-05-12 19:27:53,-76.03753,18.386963,-81.01981,66.052414,877.8517,-0.041368794,9063.611376935343,65.0,S_2062
2024-05-12 19:27:54,-75.982,18.386124,-81.01981,65.66773,877.8517,-0.044481393,8744.6835342419,65.0,S_2062
2024-05-12 19:27:55,-75.92653,18.3853,-81.01282,65.290054,877.8517,-0.04442168,8426.32323823699,65.0,S_2062
2024-05-12 19:27:56,-75.87111,18.38446,-81.01981,64.91237,877.8517,-0.045694824,8102.32676633092,65.0,S_2062
2024-05-12 19:27:57,-75.81575,18.383621,-81.01981,64.53469,877.8517,-0.045632597,7778.479266619317,65.0,S_2062
2024-05-12 19:27:58,-75.760445,18.382782,-81.01981,64.157005,877.8517,-0.044364225,7460.849143470496,65.0,S_2062
2024-05-12 19:27:59,-75.70519,18.381943,-81.01282,63.779324,877.8517,-0.04430399,7143.075301983652,65.0,S_2062
2024-05-12 19:28:00,-75.65,18.381104,-81.00583,63.40164,877.8517,-0.04447795,6823.908125295646,65.0,S_2062
2024-05-12 19:28:01,-75.5956,18.380157,-80.99883,63.02396,877.8517,-0.044415884,6510.311056341034,65.0,S_2062
2024-05-12 19:28:02,-75.54123,18.379211,-80.99184,62.65327,877.8517,-0.047130864,6175.745497629767,65.0,S_2062
2024-05-12 19:28:03,-75.486885,18.378265,-80.99184,62.27559,877.8517,-0.04706547,5839.307667876699,65.0,S_2062
2024-05-12 19:28:04,-75.43258,18.377335,-80.98484,61.897907,877.8517,-0.04593302,5515.354239843924,65.0,S_2062
2024-05-12 19:28:05,-75.378296,18.376389,-80.97785,61.527218,877.8517,-0.045865994,5188.677333347994,65.0,S_2062
2024-05-12 19:28:06,-75.32405,18.375458,-80.97785,61.149536,877.8517,-0.04452095,4874.196885666039,65.0,S_2062
2024-05-12 19:28:07,-75.26983,18.374527,-80.970856,60.77885,877.8517,-0.043175906,4563.01131193246,65.0,S_2062
2024-05-12 19:28:08,-75.215645,18.373596,-80.96386,60.401165,877.8517,-0.044606812,4247.067462351028,65.0,S_2062
2024-05-12 19:28:09,-75.16148,18.372665,-80.95686,60.03048,877.8517,-0.04454457,3931.740715845528,65.0,S_2062
2024-05-12 19:28:10,-75.10736,18.37175,-80.949875,59.65979,877.8517,-0.044675607,3609.8766136161357,65.0,S_2062
2024-05-12 19:28:11,-75.05327,18.37082,-80.94288,59.28211,877.8517,-0.044612974,3293.2272927781814,65.0,S_2062
2024-05-12 19:28:12,-74.9992,18.369904,-80.93588,58.91142,877.8517,-0.041225456,2999.0572033674543,65.0,S_2062
2024-05-12 19:28:13,-74.94517,18.368988,-80.928894,58.540733,877.8517,-0.04116406,2705.0834523666963,65.0,S_2062
2024-05-12 19:28:14,-74.89116,18.368073,-80.9219,58.170044,877.84985,-0.038456574,2428.7294909616285,65.0,S_2062
2024-05-12 19:28:15,-74.83719,18.367172,-80.9149,57.799355,877.8517,-0.038398515,2157.2779722481246,65.0,S_2062
2024-05-12 19:28:16,-74.78324,18.366257,-80.907906,57.43566,877.85724,-0.03547426,1895.6849907541728,65.0,S_2062
2024-05-12 19:28:17,-74.72933,18.365356,-80.89392,57.064976,877.848,-0.035421334,1633.0161319192557,65.0,S_2062
2024-05-12 19:28:18,-74.675446,18.364456,-80.87993,56.694286,877.8313,-0.030938338,1408.3680439390773,65.0,S_2062
2024-05-12 19:28:19,-74.6216,18.363556,-80.87294,56.330593,877.8665,-0.030889507,1176.8692361479734,65.0,S_2062
2024-05-12 19:28:20,-74.56778,18.362656,-80.85895,55.959904,877.97205,-0.027994629,970.881480480839,65.0,S_2062
2024-05-12 19:28:21,-74.513985,18.361755,-80.85196,55.59621,878.05914,-0.027948482,769.6311866451797,65.0,S_2062
2024-05-12 19:28:22,-74.46023,18.36087,-80.84496,55.23951,878.0721,-0.02517875,579.7095725647159,65.0,S_2062
2024-05-12 19:28:23,-74.406494,18.35997,-80.83097,54.875816,878.05176,-0.025135307,388.6710469802674,65.0,S_2062
2024-05-12 19:28:24,-74.3528,18.359085,-80.816986,54.512123,878.04065,-0.023823192,206.12556904364828,65.0,S_2062
2024-05-12 19:28:25,-74.29913,18.3582,-80.80299,54.14843,878.0443,-0.022511076,34.8399054120091,65.0,S_2062
2024-05-12 19:28:26,-74.24549,18.357315,-80.78901,53.79173,878.048,-0.021198962,-124.59584869272294,65.0,S_2062
2024-05-12 19:28:27,-74.19189,18.356445,-80.78201,53.435028,878.0462,-0.021158691,-293.45676807082054,65.0,S_2062
2024-05-12 19:28:28,-74.138306,18.35556,-80.76103,53.071335,878.0462,-0.024568567,-479.8038941068735,65.0,S_2062
2024-05-12 19:28:29,-74.08476,18.35469,-80.74705,52.714634,878.0462,-0.024524635,-664.8629558525645,65.0,S_2062
2024-05-12 19:28:30,-74.03125,18.35382,-80.733055,52.357937,878.0462,-0.02664479,-864.1728603359807,65.0,S_2062
2024-05-12 19:28:31,-73.97776,18.352951,-80.71907,52.001236,878.0462,-0.026597045,-1060.175489055182,65.0,S_2062
2024-05-12 19:28:32,-73.92431,18.352081,-80.70508,51.65153,878.0462,-0.026895262,-1257.9476075802813,65.0,S_2062
2024-05-12 19:28:33,-73.87089,18.351212,-80.69109,51.301826,878.0462,-0.026849987,-1461.9301108182153,65.0,S_2062
2024-05-12 19:28:34,-73.81749,18.350357,-80.670105,50.952118,878.0462,-0.027137516,-1666.1947428128042,65.0,S_2062
2024-05-12 19:28:35,-73.76413,18.349503,-80.65612,50.59542,878.0462,-0.02709201,-1866.5821174606463,65.0,S_2062
2024-05-12 19:28:36,-73.7108,18.348648,-80.642136,50.245712,878.0462,-0.027149236,-2073.4656435540637,65.0,S_2062
2024-05-12 19:28:37,-73.65749,18.347794,-80.62115,49.896008,878.0462,-0.027103601,-2275.1228074197898,65.0,S_2062
2024-05-12 19:28:38,-73.604225,18.34694,-80.60716,49.546303,878.0462,-0.026340859,-2467.8041166922303,65.0,S_2062
2024-05-12 19:28:39,-73.55099,18.346085,-80.59317,49.20359,878.0462,-0.026296027,-2666.178375522515,65.0,S_2062
2024-05-12 19:28:40,-73.49777,18.345245,-80.57219,48.860878,878.0462,-0.025400162,-2853.977256130205,65.0,S_2062
2024-05-12 19:28:41,-73.444595,18.344406,-80.558205,48.518166,878.0462,-0.025354233,-3046.623855679045,65.0,S_2062
2024-05-12 19:28:42,-73.39145,18.343567,-80.537224,48.175457,878.0462,-0.025959821,-3238.6808847154716,65.0,S_2062
2024-05-12 19:28:43,-73.338326,18.342728,-80.52323,47.832745,878.0462,-0.02591561,-3426.4075476262624,65.0,S_2062
2024-05-12 19:28:44,-73.28524,18.341888,-80.50925,47.49703,878.0462,-0.027258212,-3628.979558103045,65.0,S_2062
2024-05-12 19:28:45,-73.232185,18.341064,-80.48826,47.16131,878.0462,-0.027210772,-3841.2875670173526,65.0,S_2062
2024-05-12 19:28:46,-73.17915,18.340225,-80.46028,46.825592,878.0462,-0.029231492,-4053.1192208270113,65.0,S_2062
2024-05-12 19:28:47,-73.12616,18.339401,-80.4463,46.489876,878.0462,-0.029184312,-4262.716405252613,65.0,S_2062
2024-05-12 19:28:48,-73.0732,18.338577,-80.43231,46.154156,878.0462,-0.03222883,-4499.730999279378,65.0,S_2062
2024-05-12 19:28:49,-73.02026,18.337753,-80.41132,45.81844,878.0462,-0.03217877,-4744.340643027957,65.0,S_2062
2024-05-12 19:28:50,-72.967354,18.33693,-80.38335,45.489716,878.0462,-0.034007862,-4991.9791170559365,65.0,S_2062
2024-05-12 19:28:51,-72.91448,18.33612,-80.362366,45.16099,878.0462,-0.033956166,-5238.5727529745855,65.0,S_2062
2024-05-12 19:28:52,-72.86164,18.335312,-80.341385,44.832268,878.0462,-0.03265426,-5477.020356146953,65.0,S_2062
2024-05-12 19:28:53,-72.80883,18.334488,-80.320404,44.503548,878.0462,-0.032604188,-5715.567011932468,65.0,S_2062
2024-05-12 19:28:54,-72.75604,18.33368,-80.29942,44.174824,878.0462,-0.030824002,-5938.968617067294,65.0,S_2062
2024-05-12 19:28:55,-72.70329,18.332886,-80.278435,43.853092,878.0462,-0.030776042,-6162.029415662666,65.0,S_2062
2024-05-12 19:28:56,-72.65057,18.332077,-80.257454,43.531364,878.0462,-0.03274276,-6408.839101742506,65.0,S_2062
2024-05-12 19:28:57,-72.597885,18.331268,-80.22948,43.209637,878.0462,-0.032691017,-6642.545397686023,65.0,S_2062
2024-05-12 19:28:58,-72.54522,18.330475,-80.208496,42.8949,878.0462,-0.033135835,-6881.970423402861,65.0,S_2062
2024-05-12 19:28:59,-72.49259,18.329681,-80.187515,42.57317,878.0462,-0.033086117,-7128.554580275733,65.0,S_2062
2024-05-12 19:29:00,-72.439995,18.328888,-80.15954,42.258434,878.0462,-0.029912846,-7355.023812958021,65.0,S_2062
2024-05-12 19:29:01,-72.387184,18.328049,-80.13156,41.9437,878.0462,-0.029870884,-7572.022959827558,65.0,S_2062
2024-05-12 19:29:02,-72.334404,18.32721,-80.11058,41.628963,878.0462,-0.029444044,-7785.3269452113855,65.0,S_2062
2024-05-12 19:29:03,-72.28167,18.326385,-80.0896,41.31423,878.0462,-0.029401941,-8004.70557747531,65.0,S_2062
2024-05-12 19:29:04,-72.22897,18.325546,-80.06162,41.00649,878.0462,-0.032543898,-8246.552447468468,65.0,S_2062
2024-05-12 19:29:05,-72.176315,18.324722,-80.033646,40.69875,878.0462,-0.03249483,-8477.950971522772,65.0,S_2062
2024-05-12 19:29:06,-72.123695,18.323914,-80.012665,40.391006,878.0462,-0.033313464,-8713.649805002857,65.0,S_2062
2024-05-12 19:29:07,-72.07111,18.32309,-79.99168,40.083267,878.0462,-0.033265136,-8960.279338146189,65.0,S_2062
2024-05-12 19:29:08,-72.01857,18.32228,-79.9637,39.775524,878.0462,-0.027122213,-9163.968659716586,65.0,S_2062
2024-05-12 19:29:09,-71.96607,18.321472,-79.93573,39.474777,878.0462,-0.027080283,-9367.401326913376,65.0,S_2062
2024-05-12 19:29:10,-71.913605,18.320679,-79.90775,39.17403,878.0462,-0.021882338,-9529.362375677603,65.0,S_2062
2024-05-12 19:29:11,-71.86118,18.319885,-79.886765,38.873283,878.0462,-0.021846231,-9697.14018820618,65.0,S_2062
2024-05-12 19:29:12,-71.80879,18.319092,-79.85879,38.572536,878.0462,-0.02211544,-9865.782630148457,65.0,S_2062
2024-05-12 19:29:13,-71.75645,18.318298,-79.83082,38.278786,878.0462,-0.022077242,-10036.804883737295,65.0,S_2062
2024-05-12 19:29:14,-71.70414,18.317505,-79.80284,37.97804,878.0462,-0.023024824,-10212.138916046104,65.0,S_2062
2024-05-12 19:29:15,-71.65187,18.316727,-79.774864,37.684284,878.0462,-0.02298617,-10384.353869284074,65.0,S_2062
2024-05-12 19:29:16,-71.59964,18.315964,-79.74689,37.397526,878.0462,-0.022327079,-10554.947337607508,65.0,S_2062
2024-05-12 19:29:17,-71.54745,18.315186,-79.71891,37.103775,878.0462,-0.022292584,-10723.31807181818,65.0,S_2062
2024-05-12 19:29:18,-71.49529,18.314423,-79.69093,36.817017,878.0462,-0.018083718,-10864.107984490518,65.0,S_2062
2024-05-12 19:29:19,-71.443184,18.31366,-79.66296,36.53026,878.0462,-0.018054571,-11012.352159573642,65.0,S_2062
2024-05-12 19:29:20,-71.391106,18.312897,-79.62798,36.243496,878.0462,-0.016561868,-11145.280963090707,65.0,S_2062
2024-05-12 19:29:21,-71.33907,18.31215,-79.600006,35.956738,878.0462,-0.01653511,-11274.718667403064,65.0,S_2062
2024-05-12 19:29:22,-71.28707,18.311386,-79.57203,35.676975,878.0462,-0.016862053,-11406.103413208544,65.0,S_2062
2024-05-12 19:29:23,-71.235115,18.310654,-79.54406,35.39721,878.0462,-0.01683316,-11544.490890983672,65.0,S_2062
2024-05-12 19:29:24,-71.1832,18.309906,-79.50909,35.117447,878.0462,-0.013014255,-11652.994939817021,65.0,S_2062
2024-05-12 19:29:25,-71.13132,18.309174,-79.48111,34.83768,878.0462,-0.012988618,-11759.970427732344,65.0,S_2062
2024-05-12 19:29:26,-71.079475,18.308441,-79.45313,34.557915,878.0462,-0.012391621,-11861.691064703351,65.0,S_2062
2024-05-12 19:29:27,-71.02767,18.307709,-79.425156,34.285145,878.0462,-0.012366505,-11968.17752234179,65.0,S_2062
2024-05-12 19:29:28,-70.97591,18.306992,-79.39018,34.012375,878.0462,-0.014951346,-12094.15700199256,65.0,S_2062
2024-05-12 19:29:29,-70.92418,18.30626,-79.35522,33.739605,878.0462,-0.014922431,-12212.144153488782,65.0,S_2062
2024-05-12 19:29:30,-70.8725,18.305542,-79.32724,33.473827,878.0462,-0.016253691,-12338.811435351443,65.0,S_2062
2024-05-12 19:29:31,-70.82085,18.30484,-79.29926,33.201057,878.0462,-0.016221328,-12470.663231828757,65.0,S_2062
2024-05-12 19:29:32,-70.76924,18.304138,-79.26429,32.935284,878.0462,-0.01437324,-12593.201399012725,65.0,S_2062
2024-05-12 19:29:33,-70.717674,18.303436,-79.229324,32.66251,878.0462,-0.014344251,-12712.765558105859,65.0,S_2062
2024-05-12 19:29:34,-70.66614,18.302734,-79.19435,32.40373,878.048,-0.011879904,-12811.74840474745,65.0,S_2062
2024-05-12 19:29:35,-70.61465,18.302032,-79.166374,32.137955,878.0443,-0.011853324,-12912.993940240185,65.0,S_2062
2024-05-12 19:29:36,-70.563194,18.301346,-79.1314,31.879171,878.04065,-0.012758982,-13021.77586120967,65.0,S_2062
2024-05-12 19:29:37,-70.51178,18.30066,-79.096436,31.620388,878.04987,-0.012729537,-13125.193766523425,65.0,S_2062
2024-05-12 19:29:38,-70.4604,18.299988,-79.06846,31.361607,878.0721,-0.013298376,-13230.69599732006,65.0,S_2062
2024-05-12 19:29:39,-70.40907,18.299301,-79.04048,31.102823,878.061,-0.013270153,-13340.184823617134,65.0,S_2062
2024-05-12 19:29:40,-70.35777,18.29863,-79.00551,30.851036,877.9776,-0.0113067,-13438.144993691256,65.0,S_2062
2024-05-12 19:29:41,-70.30652,18.297974,-78.970535,30.599247,877.8721,-0.011280935,-13532.754836577678,65.0,S_2062
2024-05-12 19:29:42,-70.255295,18.297302,-78.942566,30.340466,877.8313,-0.010755088,-13626.042005418594,65.0,S_2062
2024-05-12 19:29:43,-70.20412,18.296646,-78.90759,30.088678,877.8461,-0.010728706,-13719.35326101357,65.0,S_2062
2024-05-12 19:29:44,-70.15298,18.29599,-78.87262,29.843884,877.85724,-0.011160528,-13822.04710298715,65.0,S_2062
2024-05-12 19:29:45,-70.10187,18.295334,-78.83066,29.592096,877.8536,-0.011135068,-13920.156986729446,65.0,S_2062
2024-05-12 19:29:46,-70.050804,18.294693,-78.795685,29.347301,877.84985,-0.009681739,-14006.708318270319,65.0,S_2062
2024-05-12 19:29:47,-69.99978,18.294052,-78.76071,29.102507,877.8517,-0.0096614035,-14087.850306883203,65.0,S_2062
2024-05-12 19:29:48,-69.9488,18.293411,-78.73274,28.864708,877.8517,-0.008307812,-14163.409695314618,65.0,S_2062
2024-05-12 19:29:49,-69.89785,18.292786,-78.69777,28.619913,877.8517,-0.00828907,-14244.244827947274,65.0,S_2062
2024-05-12 19:29:50,-69.84694,18.29216,-78.65581,28.382114,877.8517,-0.008025832,-14320.791941812144,65.0,S_2062
2024-05-12 19:29:51,-69.796074,18.291534,-78.620834,28.144314,877.8517,-0.007862326,-14399.420410837403,65.0,S_2062
2024-05-12 19:29:52,-69.74524,18.290909,-78.578865,27.899519,877.8517,-0.00769882,-14470.147162982288,65.0,S_2062
2024-05-12 19:29:53,-69.69445,18.290298,-78.550896,27.668715,877.8517,-0.0075353137,-14539.865541084047,65.0,S_2062
2024-05-12 19:29:54,-69.6437,18.289688,-78.51592,27.430914,877.8517,-0.007371808,-14613.61018203843,65.0,S_2062
2024-05-12 19:29:55,-69.59298,18.289078,-78.47395,27.20011,877.8517,-0.0073549226,-14685.113364712013,65.0,S_2062
2024-05-12 19:29:56,-69.542305,18.288467,-78.43899,26.969303,877.8517,-0.0069438275,-14752.243376220315,65.0,S_2062
2024-05-12 19:29:57,-69.49167,18.287872,-78.404015,26.738497,877.8517,-0.0065327324,-14813.946355483115,65.0,S_2062
2024-05-12 19:29:58,-69.44107,18.287277,-78.37604,26.50769,877.8517,-0.0044890298,-14865.167450923149,65.0,S_2062
2024-05-12 19:29:59,-69.39052,18.286682,-78.334076,26.28388,877.8517,-0.004470315,-14919.651451658545,65.0,S_2062
2024-05-12 19:30:00,-69.34,18.286102,-78.29211,26.060068,877.8517,-0.003982231,-14971.322720077342,65.0,S_2062
2024-05-12 19:30:01,-69.28944,18.285675,-78.250145,25.829262,877.8517,-0.0039631557,-15020.873379459872,65.0,S_2062
2024-05-12 19:30:02,-69.238914,18.285248,-78.21517,25.60545,877.8517,-0.0053519406,-15077.16908972802,65.0,S_2062
2024-05-12 19:30:03,-69.18843,18.28482,-78.18021,25.38164,877.8517,-0.005333909,-15135.484257928372,65.0,S_2062
2024-05-12 19:30:04,-69.13799,18.284393,-78.13824,25.164822,877.8517,-0.0049046846,-15192.44914309707,65.0,S_2062
2024-05-12 19:30:05,-69.0876,18.283966,-78.096275,24.948004,877.8517,-0.0048843687,-15246.880404758725,65.0,S_2062
2024-05-12 19:30:06,-69.03725,18.283539,-78.0613,24.731186,877.8517,-0.004852279,-15299.28976978384,65.0,S_2062
2024-05-12 19:30:07,-68.98693,18.283112,-78.02634,24.514368,877.8517,-0.0048201894,-15351.567911413413,65.0,S_2062
2024-05-12 19:30:08,-68.93666,18.282684,-77.99136,24.297552,877.8517,-0.0045764656,-15401.779656357754,65.0,S_2062
2024-05-12 19:30:09,-68.88644,18.282242,-77.95639,24.087729,877.8517,-0.0043327417,-15452.890597637852,65.0,S_2062
2024-05-12 19:30:10,-68.83624,18.281815,-77.91443,23.87091,877.8517,-0.004089018,-15502.639386059995,65.0,S_2062
2024-05-12 19:30:11,-68.7861,18.281387,-77.879456,23.654093,877.8517,-0.0038452942,-15550.441619159346,65.0,S_2062
2024-05-12 19:30:12,-68.736,18.280945,-77.837494,23.44427,877.8517,-0.0036015704,-15595.888822106665,65.0,S_2062
2024-05-12 19:30:13,-68.685936,18.280502,-77.80252,23.24144,877.8517,-0.0033578465,-15641.592023845671,65.0,S_2062
2024-05-12 19:30:14,-68.63591,18.280075,-77.75356,23.031616,877.8517,-0.0031141227,-15687.727157600364,65.0,S_2062
2024-05-12 19:30:15,-68.58594,18.279633,-77.7116,22.828787,877.8517,-0.0028703988,-15728.836586325151,65.0,S_2062
2024-05-12 19:30:16,-68.535995,18.27919,-77.67663,22.618963,877.8517,-0.002626675,-15767.897554022304,65.0,S_2062
2024-05-12 19:30:17,-68.4861,18.278748,-77.63467,22.416134,877.8517,-0.0023829513,-15806.654561743364,65.0,S_2062
2024-05-12 19:30:18,-68.43625,18.27832,-77.5927,22.220299,877.8517,-0.0021392275,-15842.610948837952,65.0,S_2062
2024-05-12 19:30:19,-68.38644,18.277878,-77.55773,22.01747,877.8517,-0.0018955036,-15876.472069773354,65.0,S_2062
2024-05-12 19:30:20,-68.33666,18.277435,-77.51576,21.81464,877.8517,-0.0016517797,-15909.63275310326,65.0,S_2062
2024-05-12 19:30:21,-68.286934,18.276978,-77.48079,21.618805,877.8517,-0.0014080559,-15939.698921861254,65.0,S_2062
2024-05-12 19:30:22,-68.23724,18.276535,-77.43883,21.42297,877.848,-0.0011643321,-15970.820461826039,65.0,S_2062
2024-05-12 19:30:23,-68.1876,18.276093,-77.38987,21.227135,877.848,-0.0009206083,-16001.20304410533,65.0,S_2062
2024-05-12 19:30:24,-68.13799,18.27565,-77.3549,21.0313,877.8628,-0.00067688443,-16026.464750514033,65.0,S_2062
2024-05-12 19:30:25,-68.08843,18.275192,-77.312935,20.835464,877.86096,-0.00043316063,-16052.115895027957,65.0,S_2062
2024-05-12 19:30:26,-68.03891,18.27475,-77.270966,20.63963,877.8017,-0.0001894368,-16076.131301221756,65.0,S_2062
2024-05-12 19:30:27,-67.98943,18.274292,-77.229004,20.450788,877.71094,5.4287022e-05,-16098.172675665663,65.0,S_2062
2024-05-12 19:30:28,-67.939995,18.27385,-77.18704,20.261948,877.648,0.00029801085,-16118.618511746967,65.0,S_2062
2024-05-12 19:30:29,-67.8906,18.273392,-77.14507,20.073107,877.6442,0.0005417347,-16137.823386358728,65.0,S_2062
2024-05-12 19:30:30,-67.84125,18.27295,-77.11011,19.89126,877.6591,0.0007854585,-16152.648472630688,65.0,S_2062
2024-05-12 19:30:31,-67.79193,18.272491,-77.06814,19.70242,877.6591,0.0010291823,-16167.68517993861,65.0,S_2062
2024-05-12 19:30:32,-67.74266,18.272034,-77.01918,19.513578,877.6554,0.0012729061,-16183.888953899832,65.0,S_2062
2024-05-12 19:30:33,-67.693436,18.271576,-76.97722,19.33173,877.6554,0.0015166299,-16196.081350712482,65.0,S_2062
2024-05-12 19:30:34,-67.64425,18.271118,-76.93525,19.149883,877.6572,0.0017603538,-16206.679168686522,65.0,S_2062
2024-05-12 19:30:35,-67.5951,18.27066,-76.89329,18.968037,877.6572,0.0020040777,-16216.73799303856,65.0,S_2062
2024-05-12 19:30:36,-67.546,18.270203,-76.858315,18.78619,877.6572,0.0022478015,-16221.024224270372,65.0,S_2062
2024-05-12 19:30:37,-67.49693,18.269745,-76.80936,18.611338,877.6572,0.0024915251,-16228.476845856567,65.0,S_2062
2024-05-12 19:30:38,-67.447914,18.269287,-76.767395,18.42949,877.6572,0.002735249,-16232.96812350921,65.0,S_2062
2024-05-12 19:30:39,-67.39893,18.268814,-76.725426,18.254637,877.6572,0.0029789729,-16233.405928766046,65.0,S_2062
2024-05-12 19:30:40,-67.35,18.268356,-76.67647,18.07279,877.6572,0.0032226967,-16236.780871430567,65.0,S_2062
2024-05-12 19:30:41,-67.3011,18.267883,-76.63451,17.897938,877.6572,0.0034664206,-16236.100313767263,65.0,S_2062
2024-05-12 19:30:42,-67.25224,18.267426,-76.59254,17.723083,877.6572,0.0037101444,-16234.279674971875,65.0,S_2062
2024-05-12 19:30:43,-67.20344,18.266953,-76.550575,17.555225,877.6572,0.003953868,-16232.123636987264,65.0,S_2062
2024-05-12 19:30:44,-67.15466,18.266495,-76.5156,17.380373,877.6572,0.004197592,-16224.522119437974,65.0,S_2062
2024-05-12 19:30:45,-67.105934,18.266022,-76.47364,17.20552,877.6572,0.004441316,-16215.32175505879,65.0,S_2062
2024-05-12 19:30:46,-67.05724,18.265549,-76.42468,17.03766,877.6572,0.0046850396,-16208.868020967304,65.0,S_2062
2024-05-12 19:30:47,-67.0086,18.26509,-76.38271,16.869802,877.6572,0.0049287635,-16198.72284140179,65.0,S_2062
2024-05-12 19:30:48,-66.96,18.264618,-76.34075,16.701944,877.6572,0.0051724873,-16183.92697460766,65.0,S_2062
2024-05-12 19:30:49,-66.91144,18.264145,-76.291794,16.534084,877.6572,0.005416211,-16172.670221394827,65.0,S_2062
2024-05-12 19:30:50,-66.862915,18.263672,-76.24983,16.366226,877.6572,0.005659935,-16158.404730789634,65.0,S_2062
2024-05-12 19:30:51,-66.81444,18.263199,-76.20786,16.205362,877.6554,0.005903659,-16137.9748069923,65.0,S_2062
2024-05-12 19:30:52,-66.766,18.262726,-76.158905,16.037502,877.6517,0.006147383,-16122.652709293972,65.0,S_2062
2024-05-12 19:30:53,-66.7176,18.262238,-76.11694,15.876638,877.6591,0.0063911066,-16103.24020935399,65.0,S_2062
2024-05-12 19:30:54,-66.66925,18.261765,-76.074974,15.715774,877.67206,0.00663483,-16082.235496073503,65.0,S_2062
2024-05-12 19:30:55,-66.62093,18.261292,-76.03301,15.554909,877.6442,0.006878554,-16055.541461884703,65.0,S_2062
2024-05-12 19:30:56,-66.57266,18.260803,-75.984055,15.394045,877.5628,0.0071222777,-16030.057019977228,65.0,S_2062
2024-05-12 19:30:57,-66.52444,18.26033,-75.9351,15.240174,877.4776,0.0073660016,-16001.611507854286,65.0,S_2062
2024-05-12 19:30:58,-66.47625,18.259842,-75.88613,15.079309,877.4461,0.0076097255,-15976.282467937077,65.0,S_2062
2024-05-12 19:30:59,-66.4281,18.259369,-75.84417,14.918445,877.4573,0.007853449,-15948.204978687574,65.0,S_2062
2024-05-12 19:31:00,-66.38,18.25888,-75.80221,14.764574,877.4665,0.008097174,-15913.302227215416,65.0,S_2062
2024-05-12 19:31:01,-66.33226,18.258347,-75.75325,14.610703,877.4628,0.008340897,-15883.803966833366,65.0,S_2062
2024-05-12 19:31:02,-66.28456,18.257812,-75.71128,14.456833,877.46094,0.00858462,-15850.564065293096,65.0,S_2062
2024-05-12 19:31:03,-66.236885,18.257294,-75.66932,14.302962,877.46094,0.008828345,-15810.434347710156,65.0,S_2062
2024-05-12 19:31:04,-66.18924,18.25676,-75.62036,14.149093,877.4628,0.009072068,-15771.77064741738,65.0,S_2062
2024-05-12 19:31:05,-66.14163,18.256226,-75.571396,14.002215,877.4628,0.0093157925,-15729.919021656793,65.0,S_2062
2024-05-12 19:31:06,-66.09405,18.255692,-75.52244,13.848346,877.4628,0.009559516,-15693.615718137411,65.0,S_2062
2024-05-12 19:31:07,-66.04649,18.255173,-75.48048,13.701468,877.4628,0.00980324,-15653.195232703214,65.0,S_2062
2024-05-12 19:31:08,-65.99898,18.254639,-75.438515,13.554592,877.4628,0.010046964,-15609.85550275678,65.0,S_2062
2024-05-12 19:31:09,-65.951485,18.25412,-75.396545,13.400722,877.4628,0.010290688,-15560.393188067848,65.0,S_2062
2024-05-12 19:31:10,-65.90402,18.253586,-75.34759,13.253845,877.4628,0.010534411,-15510.990271173392,65.0,S_2062
2024-05-12 19:31:11,-65.8566,18.253067,-75.29863,13.106969,877.46094,0.010778136,-15461.116628534817,65.0,S_2062
2024-05-12 19:31:12,-65.8092,18.252533,-75.24967,12.967087,877.4628,0.011021859,-15414.483475546462,65.0,S_2062
2024-05-12 19:31:13,-65.76183,18.252014,-75.2077,12.82021,877.4628,0.011265583,-15364.433543672267,65.0,S_2062
2024-05-12 19:31:14,-65.71449,18.251495,-75.16574,12.673334,877.46094,0.011509307,-15307.227883328093,65.0,S_2062
2024-05-12 19:31:15,-65.66718,18.250961,-75.11678,12.533452,877.4554,0.01175303,-15250.114866957287,65.0,S_2062
2024-05-12 19:31:16,-65.61991,18.250443,-75.067825,12.39357,877.4573,0.011996754,-15191.268453076696,65.0,S_2062
2024-05-12 19:31:17,-65.57266,18.249924,-75.01887,12.253687,877.4776,0.012240478,-15138.154843617143,65.0,S_2062
2024-05-12 19:31:18,-65.52545,18.249405,-74.9769,12.113805,877.47577,0.012484202,-15073.646363432987,65.0,S_2062
2024-05-12 19:31:19,-65.478264,18.248886,-74.92794,11.973923,877.3961,0.012727926,-15009.586512133159,65.0,S_2062
2024-05-12 19:31:20,-65.43111,18.248367,-74.87898,11.834041,877.2887,0.01297165,-14943.776774933187,65.0,S_2062
2024-05-12 19:31:21,-65.38399,18.247849,-74.830025,11.694159,877.24615,0.013215373,-14884.239198914504,65.0,S_2062
2024-05-12 19:31:22,-65.33689,18.247314,-74.788055,11.5542755,877.26276,0.013459098,-14814.358317432507,65.0,S_2062
2024-05-12 19:31:23,-65.28983,18.24681,-74.7391,11.421388,877.27386,0.013702821,-14744.595717679656,65.0,S_2062
2024-05-12 19:31:24,-65.2428,18.246292,-74.69014,11.2885,877.2683,0.013946545,-14681.723096907155,65.0,S_2062
2024-05-12 19:31:25,-65.1958,18.245773,-74.64818,11.155611,877.26465,0.014190269,-14604.55405860973,65.0,S_2062
2024-05-12 19:31:26,-65.14883,18.245255,-74.59922,11.015729,877.2665,0.014433993,-14538.860620695696,65.0,S_2062
2024-05-12 19:31:27,-65.10188,18.244736,-74.55725,10.882841,877.2683,0.014677716,-14461.736410342939,65.0,S_2062
2024-05-12 19:31:28,-65.05498,18.244217,-74.50829,10.756947,877.2683,0.01492144,-14382.963525801368,65.0,S_2062
2024-05-12 19:31:29,-65.008095,18.243713,-74.459335,10.624059,877.2683,0.015165164,-14302.804109466662,65.0,S_2062
2024-05-12 19:31:30,-64.96125,18.243195,-74.41038,10.491171,877.2683,0.0154088875,-14220.893870321452,65.0,S_2062
2024-05-12 19:31:31,-64.91443,18.242676,-74.36142,10.358282,877.2665,0.015652612,-14148.926704663125,65.0,S_2062
2024-05-12 19:31:32,-64.867645,18.242172,-74.31945,10.2323885,877.2665,0.015896335,-14060.933783811284,65.0,S_2062
2024-05-12 19:31:33,-64.820885,18.241653,-74.27049,10.099501,877.2683,0.016140059,-13985.833187153614,65.0,S_2062
2024-05-12 19:31:34,-64.77416,18.24115,-74.22853,9.973606,877.2702,0.016383784,-13887.427928336485,65.0,S_2062
2024-05-12 19:31:35,-64.72746,18.240631,-74.17258,9.854707,877.2683,0.016627507,-13800.3176012308,65.0,S_2062
2024-05-12 19:31:36,-64.6808,18.240128,-74.12362,9.728812,877.26276,0.01687123,-13709.598475279734,65.0,S_2062
2024-05-12 19:31:37,-64.63416,18.239609,-74.07466,9.602919,877.26465,0.017114954,-13614.983437083352,65.0,S_2062
2024-05-12 19:31:38,-64.58756,18.239105,-74.0257,9.47003,877.28314,0.01735868,-13521.13239740322,65.0,S_2062
2024-05-12 19:31:39,-64.540985,18.238602,-73.97674,9.344136,877.2813,0.017602403,-13427.356685984301,65.0,S_2062
2024-05-12 19:31:40,-64.494446,18.238083,-73.92778,9.225236,877.2016,0.017846126,-13331.51658406005,65.0,S_2062
2024-05-12 19:31:41,-64.44793,18.23758,-73.87882,9.106337,877.09424,0.01808985,-13231.723271197872,65.0,S_2062
2024-05-12 19:31:42,-64.40145,18.237076,-73.829865,8.980442,877.05164,0.018333573,-13141.861747360614,65.0,S_2062
2024-05-12 19:31:43,-64.354996,18.236572,-73.7879,8.854548,877.06647,0.018577298,-13050.700237730078,65.0,S_2062
2024-05-12 19:31:44,-64.30858,18.236053,-73.74593,8.735648,877.07947,0.018821022,-12945.78360609524,65.0,S_2062
2024-05-12 19:31:45,-64.262184,18.23555,-73.696976,8.616748,877.0776,0.019064745,-12841.392909252227,65.0,S_2062
2024-05-12 19:31:46,-64.21583,18.235046,-73.64802,8.4978485,877.072,0.019308468,-12735.276062611996,65.0,S_2062
2024-05-12 19:31:47,-64.169495,18.234543,-73.59906,8.378948,877.072,0.019552194,-12627.430072899839,65.0,S_2062
2024-05-12 19:31:48,-64.1232,18.23404,-73.5501,8.260048,877.07385,0.019795917,-12507.06346311935,65.0,S_2062
2024-05-12 19:31:49,-64.076935,18.233536,-73.49415,8.148143,877.07385,0.02003964,-12397.638811879395,65.0,S_2062
2024-05-12 19:31:50,-64.03069,18.233047,-73.44519,8.0292425,877.072,0.020283364,-12284.568863332799,65.0,S_2062
2024-05-12 19:31:51,-63.984486,18.232544,-73.39623,7.9103427,877.072,0.020527089,-12172.32202402387,65.0,S_2062
2024-05-12 19:31:52,-63.938313,18.23204,-73.347275,7.7984366,877.07385,0.020770812,-12055.396487080809,65.0,S_2062
2024-05-12 19:31:53,-63.892166,18.231537,-73.29831,7.679537,877.07385,0.021014536,-11939.742265801538,65.0,S_2062
2024-05-12 19:31:54,-63.84605,18.231033,-73.24935,7.5676312,877.072,0.02179252,-11818.526874057337,65.0,S_2062
2024-05-12 19:31:55,-63.799965,18.230545,-73.20039,7.455725,877.06647,0.021783382,-11697.253389041009,65.0,S_2062
2024-05-12 19:31:56,-63.75391,18.230042,-73.151436,7.3438196,877.0683,0.020255305,-11585.883485479419,65.0,S_2062
2024-05-12 19:31:57,-63.707886,18.229553,-73.10248,7.2319136,877.0887,0.020247612,-11474.453980300397,65.0,S_2062
2024-05-12 19:31:58,-63.661896,18.22905,-73.05352,7.120008,877.0868,0.019263903,-11369.376546210464,65.0,S_2062
2024-05-12 19:31:59,-63.615932,18.228546,-73.00456,7.008102,877.0072,0.019257018,-11264.238854177387,65.0,S_2062
2024-05-12 19:32:00,-63.57,18.228058,-72.955605,6.8961964,876.8998,0.019191,-11161.814154778323,65.0,S_2062
2024-05-12 19:32:01,-63.523853,18.22757,-72.90664,6.7912846,876.8572,0.019181892,-11056.613590978643,65.0,S_2062
2024-05-12 19:32:02,-63.477745,18.227097,-72.85768,6.6793785,876.872,0.017993608,-10959.48702918903,65.0,S_2062
2024-05-12 19:32:03,-63.431675,18.226608,-72.80872,6.567473,876.88495,0.016734766,-10870.566797374428,65.0,S_2062
2024-05-12 19:32:04,-63.385643,18.22612,-72.759766,6.455567,876.8831,0.015475924,-10791.83807955771,65.0,S_2062
2024-05-12 19:32:05,-63.339653,18.225647,-72.71081,6.3506556,876.87756,0.015186576,-10704.372412106764,65.0,S_2062
2024-05-12 19:32:06,-63.2937,18.225159,-72.654854,6.2457438,876.87756,0.014897228,-10621.182670037488,65.0,S_2062
2024-05-12 19:32:07,-63.247787,18.22467,-72.5989,6.140832,876.87756,0.01460788,-10549.775640195472,65.0,S_2062
2024-05-12 19:32:08,-63.201912,18.224197,-72.54994,6.03592,876.8794,0.014318532,-10476.033909546975,65.0,S_2062
2024-05-12 19:32:09,-63.156075,18.22371,-72.500984,5.9240146,876.87756,0.014029184,-10406.307614089019,65.0,S_2062
2024-05-12 19:32:10,-63.11028,18.223236,-72.45203,5.819103,876.87756,0.013175787,-10341.720156429921,65.0,S_2062
2024-05-12 19:32:11,-63.064518,18.222748,-72.40307,5.714191,876.87756,0.013177359,-10277.056201896467,65.0,S_2062
2024-05-12 19:32:12,-63.0188,18.222275,-72.35411,5.609279,876.8794,0.01254829,-10218.00179391629,65.0,S_2062
2024-05-12 19:32:13,-62.973118,18.221786,-72.305145,5.5113616,876.87756,0.012312064,-10158.508908482112,65.0,S_2062
2024-05-12 19:32:14,-62.92748,18.221313,-72.25619,5.40645,876.872,0.012075839,-10102.375956787655,65.0,S_2062
2024-05-12 19:32:15,-62.881874,18.220825,-72.20723,5.308532,876.8739,0.012078157,-10044.284755013981,65.0,S_2062
2024-05-12 19:32:16,-62.83631,18.220352,-72.15827,5.2036204,876.8942,0.01219073,-9987.306104786516,65.0,S_2062
2024-05-12 19:32:17,-62.790787,18.219864,-72.109314,5.105703,876.8924,0.012303303,-9929.207271414405,65.0,S_2062
2024-05-12 19:32:18,-62.7453,18.21939,-72.060356,5.0077853,876.81274,0.012415877,-9860.469218298356,65.0,S_2062
2024-05-12 19:32:19,-62.699852,18.218903,-72.0044,4.902874,876.7053,0.01252845,-9794.970523807686,65.0,S_2062
2024-05-12 19:32:20,-62.654446,18.21843,-71.94845,4.804956,876.6627,0.012641023,-9735.15546400096,65.0,S_2062
2024-05-12 19:32:21,-62.609074,18.217957,-71.89949,4.7000446,876.67755,0.0127535965,-9674.259996786706,65.0,S_2062
2024-05-12 19:32:22,-62.563744,18.217468,-71.85053,4.602127,876.6905,0.01286617,-9612.239453568687,65.0,S_2062
2024-05-12 19:32:23,-62.51845,18.216995,-71.801575,4.5042095,876.6886,0.012978743,-9559.650947343092,65.0,S_2062
2024-05-12 19:32:24,-62.473198,18.216522,-71.759605,4.4132857,876.68304,0.013091316,-9493.430454359994,65.0,S_2062
2024-05-12 19:32:25,-62.427986,18.216034,-71.71065,4.315368,876.68304,0.01320389,-9420.167818388873,65.0,S_2062
2024-05-12 19:32:26,-62.38281,18.21556,-71.65469,4.2174506,876.68304,0.013316463,-9349.879932598888,65.0,S_2062
2024-05-12 19:32:27,-62.337673,18.215088,-71.59874,4.1265273,876.68304,0.013429036,-9285.875244746261,65.0,S_2062
2024-05-12 19:32:28,-62.292576,18.2146,-71.54978,4.0286098,876.68304,0.01354161,-9210.01795272608,65.0,S_2062
2024-05-12 19:32:29,-62.24752,18.214127,-71.49383,3.930692,876.68494,0.013654183,-9153.554564617916,65.0,S_2062
2024-05-12 19:32:30,-62.2025,18.213654,-71.451866,3.8327744,876.68304,0.013766756,-9084.697647942146,65.0,S_2062
2024-05-12 19:32:31,-62.15752,18.21318,-71.40291,3.7418509,876.67755,0.014061149,-9006.275797053087,65.0,S_2062
2024-05-12 19:32:32,-62.112576,18.212692,-71.346954,3.6509273,876.6868,0.014355542,-8937.824350871117,65.0,S_2062
2024-05-12 19:32:33,-62.067673,18.21222,-71.298,3.560004,876.709,0.014649935,-8853.391131650624,65.0,S_2062
2024-05-12 19:32:34,-62.02281,18.211746,-71.24204,3.4620864,876.69977,0.014944327,-8781.39983067762,65.0,S_2062
2024-05-12 19:32:35,-61.977985,18.211273,-71.193085,3.371163,876.61646,0.01523872,-8704.826992417191,65.0,S_2062
2024-05-12 19:32:36,-61.9332,18.2108,-71.14413,3.2802393,876.509,0.015533113,-8626.312772967529,65.0,S_2062
2024-05-12 19:32:37,-61.88845,18.210312,-71.09517,3.1893158,876.46826,0.015456647,-8548.220596246265,65.0,S_2062
2024-05-12 19:32:38,-61.843742,18.209839,-71.04621,3.0983925,876.48303,0.01538018,-8460.092655633096,65.0,S_2062
2024-05-12 19:32:39,-61.799076,18.209366,-70.99026,3.007469,876.4942,0.015303714,-8374.747387428972,65.0,S_2062
2024-05-12 19:32:40,-61.754444,18.208893,-70.9343,2.9165454,876.4905,0.015227248,-8291.647527544224,65.0,S_2062
2024-05-12 19:32:41,-61.70985,18.20842,-70.87835,2.832616,876.48676,0.015150782,-8217.197918729988,65.0,S_2062
2024-05-12 19:32:42,-61.6653,18.207947,-70.82939,2.7416925,876.48676,0.0150743155,-8141.195874809571,65.0,S_2062
2024-05-12 19:32:43,-61.620785,18.207474,-70.78043,2.6507692,876.48865,0.014997849,-8065.618157262161,65.0,S_2062
2024-05-12 19:32:44,-61.57631,18.207,-70.731476,2.5598457,876.4905,0.014921384,-7992.4116406791145,65.0,S_2062
2024-05-12 19:32:45,-61.531876,18.206528,-70.68251,2.4759164,876.48865,0.014844918,-7917.354573061388,65.0,S_2062
2024-05-12 19:32:46,-61.487476,18.206055,-70.63355,2.3849928,876.48303,0.014768451,-7834.82717828095,65.0,S_2062
2024-05-12 19:32:47,-61.44312,18.205582,-70.5776,2.3010635,876.4923,0.014691985,-7754.769296521958,65.0,S_2062
2024-05-12 19:32:48,-61.3988,18.205109,-70.52165,2.217134,876.509,0.014615519,-7683.27419078091,65.0,S_2062
2024-05-12 19:32:49,-61.35452,18.204636,-70.47269,2.1262107,876.4738,0.014539053,-7612.189132842555,65.0,S_2062
2024-05-12 19:32:50,-61.310276,18.204163,-70.42373,2.0422812,876.3682,0.0144625865,-7531.261971149626,65.0,S_2062
2024-05-12 19:32:51,-61.266075,18.20369,-70.36778,1.9583519,876.2812,0.01438612,-7462.991069605079,65.0,S_2062
2024-05-12 19:32:52,-61.22191,18.203217,-70.31882,1.8744226,876.26825,0.014309654,-7383.029442760715,65.0,S_2062
2024-05-12 19:32:53,-61.177784,18.202744,-70.26287,1.7904931,876.28864,0.014233188,-7315.60678690239,65.0,S_2062
2024-05-12 19:32:54,-61.133698,18.20227,-70.213905,1.7065637,876.29974,0.0141567215,-7246.311400522289,65.0,S_2062
2024-05-12 19:32:55,-61.089653,18.201797,-70.16495,1.6226344,876.296,0.014080255,-7177.441576632118,65.0,S_2062
2024-05-12 19:32:56,-61.045643,18.201324,-70.11599,1.538705,876.2923,0.014003789,-7099.403084371905,65.0,S_2062
2024-05-12 19:32:57,-61.001675,18.200851,-70.060036,1.4547757,876.2942,0.013927323,-7025.799931323567,65.0,S_2062
2024-05-12 19:32:58,-60.957745,18.200394,-70.00408,1.3778404,876.296,0.013850857,-6960.193298875169,65.0,S_2062
2024-05-12 19:32:59,-60.913853,18.19992,-69.955124,1.2939111,876.296,0.013774391,-6893.026300970407,65.0,S_2062
2024-05-12 19:33:00,-60.87,18.199448,-69.906166,1.2099817,876.29047,0.013697925,-6816.923908044231,65.0,S_2062
2024-05-12 19:33:01,-60.82651,18.199005,-69.85021,1.1260524,876.29047,0.013621459,-6745.252803199241,65.0,S_2062
2024-05-12 19:33:02,-60.783054,18.198547,-69.79426,1.0491171,876.3108,0.013544993,-6672.117614469349,65.0,S_2062
2024-05-12 19:33:03,-60.739624,18.198105,-69.73831,0.9651877,876.32196,0.013468526,-6610.765649857713,65.0,S_2062
2024-05-12 19:33:04,-60.69622,18.197662,-69.68935,0.88825244,876.2775,0.01339206,-6547.213330080514,65.0,S_2062
2024-05-12 19:33:05,-60.652847,18.197205,-69.64039,0.8113172,876.17004,0.013315594,-6482.288550961912,65.0,S_2062
2024-05-12 19:33:06,-60.609497,18.196762,-69.59143,0.72738785,876.0886,0.013239128,-6410.722138490059,65.0,S_2062
2024-05-12 19:33:07,-60.566177,18.196304,-69.53548,0.65045255,876.08307,0.013162661,-6341.634413777112,65.0,S_2062
2024-05-12 19:33:08,-60.52289,18.195862,-69.47952,0.5735173,876.10156,0.013086195,-6282.110149555923,65.0,S_2062
2024-05-12 19:33:09,-60.47962,18.195404,-69.430565,0.4965821,876.10345,0.013009729,-6220.696972295482,65.0,S_2062
2024-05-12 19:33:10,-60.436386,18.194946,-69.38161,0.41964683,876.0979,0.012933263,-6157.930132241301,65.0,S_2062
2024-05-12 19:33:11,-60.39318,18.194504,-69.33265,0.33571747,876.0979,0.012856796,-6088.795639616754,65.0,S_2062
2024-05-12 19:33:12,-60.35,18.194046,-69.276695,0.2587822,876.0997,0.01278033,-6022.144091038645,65.0,S_2062
2024-05-12 19:33:13,-60.306847,18.193588,-69.22074,0.18184696,876.0997,0.012703864,-5957.477479374553,65.0,S_2062
2024-05-12 19:33:14,-60.26372,18.19313,-69.164795,0.11190582,876.0997,0.012627399,-5900.197228509729,65.0,S_2062
2024-05-12 19:33:15,-60.220623,18.192688,-69.11583,0.03497057,876.0997,0.012550932,-5839.85960295545,65.0,S_2062
2024-05-12 19:33:16,-60.177555,18.19223,-69.06687,359.95206,876.0997,0.012474466,-5774.5944454162745,65.0,S_2062
2024-05-12 19:33:17,-60.134514,18.191772,-69.01092,359.8821,876.096,0.012398,-5710.071534873383,65.0,S_2062
2024-05-12 19:33:18,-60.0915,18.191315,-68.95497,359.80518,876.0979,0.012321534,-5654.839486410296,65.0,S_2062
2024-05-12 19:33:19,-60.04851,18.190857,-68.906006,359.72824,876.11084,0.012245067,-5597.7350341303645,65.0,S_2062
2024-05-12 19:33:20,-60.005554,18.1904,-68.85705,359.6513,876.109,0.012168601,-5542.704317283355,65.0,S_2062
2024-05-12 19:33:21,-59.962624,18.189941,-68.80809,359.5814,876.0516,0.012092135,-5477.814551035397,65.0,S_2062
2024-05-12 19:33:22,-59.91972,18.189484,-68.75214,359.50446,875.9589,0.012015669,-5425.95903323876,65.0,S_2062
2024-05-12 19:33:23,-59.876846,18.189026,-68.70318,359.4345,875.896,0.011939202,-5362.05327081816,65.0,S_2062
2024-05-12 19:33:24,-59.834,18.188568,-68.647224,359.35757,875.89233,0.011862736,-5302.734346944864,65.0,S_2062
2024-05-12 19:33:25,-59.79118,18.18811,-68.59127,359.28763,875.9071,0.01178627,-5243.593854624334,65.0,S_2062
2024-05-12 19:33:26,-59.748386,18.187637,-68.535324,359.21768,875.9071,0.011709804,-5183.477253001529,65.0,S_2062
2024-05-12 19:33:27,-59.705624,18.18718,-68.47937,359.14075,875.9053,0.0116333375,-5133.771009239063,65.0,S_2062
2024-05-12 19:33:28,-59.662888,18.186722,-68.43041,359.0708,875.9053,0.011556871,-5081.8520830366,65.0,S_2062
2024-05-12 19:33:29,-59.62018,18.186264,-68.38145,359.00085,875.9034,0.011480406,-5030.386509760996,65.0,S_2062
2024-05-12 19:33:30,-59.5775,18.185791,-68.33249,358.93094,875.8978,0.01140394,-4969.927971211026,65.0,S_2062
2024-05-12 19:33:31,-59.534843,18.185333,-68.276535,358.854,875.90155,0.011327473,-4914.042409127185,65.0,S_2062
2024-05-12 19:33:32,-59.49222,18.184875,-68.22059,358.78406,875.92004,0.011251007,-4859.636716733683,65.0,S_2062
2024-05-12 19:33:33,-59.449623,18.184402,-68.164635,358.7211,875.9182,0.011174541,-4802.664685107455,65.0,S_2062
2024-05-12 19:33:34,-59.407055,18.183945,-68.10868,358.64417,875.83856,0.011098075,-4755.989074258425,65.0,S_2062
2024-05-12 19:33:35,-59.364513,18.183472,-68.05972,358.57422,875.7312,0.0110216085,-4699.419285464144,65.0,S_2062
2024-05-12 19:33:36,-59.322,18.183014,-68.00377,358.50427,875.68854,0.010945142,-4653.30671870564,65.0,S_2062
2024-05-12 19:33:37,-59.27951,18.18254,-67.95481,358.43436,875.70526,0.010868676,-4606.750879872052,65.0,S_2062
2024-05-12 19:33:38,-59.237053,18.182068,-67.90585,358.3714,875.7164,0.01079221,-4551.349247492915,65.0,S_2062
2024-05-12 19:33:39,-59.194622,18.18161,-67.8499,358.30145,875.71265,0.0107157435,-4499.073308106948,65.0,S_2062
2024-05-12 19:33:40,-59.15222,18.181137,-67.793945,358.2315,875.7089,0.010639277,-4454.699742619021,65.0,S_2062
2024-05-12 19:33:41,-59.109844,18.180664,-67.74499,358.16156,875.7089,0.010562811,-4402.3789057546965,65.0,S_2062
2024-05-12 19:33:42,-59.067497,18.180206,-67.68903,358.09863,875.7108,0.010486345,-4351.270292689056,65.0,S_2062
2024-05-12 19:33:43,-59.025177,18.179733,-67.63308,358.0287,875.7108,0.010409879,-4302.2431108932105,65.0,S_2062
2024-05-12 19:33:44,-58.982887,18.17926,-67.577126,357.96573,875.7089,0.010333412,-4252.122043807245,65.0,S_2062
2024-05-12 19:33:45,-58.940624,18.178787,-67.52117,357.89578,875.70526,0.010256947,-4211.350711983167,65.0,S_2062
2024-05-12 19:33:46,-58.898388,18.178314,-67.47221,357.83286,875.71265,0.010180481,-4166.970180925753,65.0,S_2062
2024-05-12 19:33:47,-58.85618,18.177841,-67.423256,357.7629,875.72565,0.010104015,-4124.744519719301,65.0,S_2062
2024-05-12 19:33:48,-58.814,18.177368,-67.3743,357.69995,875.6978,0.010027548,-4075.550772673425,65.0,S_2062
2024-05-12 19:33:49,-58.771847,18.176895,-67.318344,357.63702,875.61633,0.009951082,-4034.814034332583,65.0,S_2062
2024-05-12 19:33:50,-58.72972,18.176422,-67.26939,357.56708,875.5311,0.009874616,-3986.9082839898983,65.0,S_2062
2024-05-12 19:33:51,-58.687622,18.17595,-67.21343,357.50412,875.4997,0.00979815,-3940.2654139908846,65.0,S_2062
2024-05-12 19:33:52,-58.645554,18.175476,-67.15748,357.43417,875.51074,0.009721683,-3895.667252598276,65.0,S_2062
2024-05-12 19:33:53,-58.60351,18.175003,-67.101524,357.37125,875.5201,0.009645217,-3851.2545689908693,65.0,S_2062
2024-05-12 19:33:54,-58.561497,18.17453,-67.04558,357.3083,875.5163,0.009568751,-3807.325279093835,65.0,S_2062
2024-05-12 19:33:55,-58.519512,18.174057,-66.989624,357.24533,875.5163,0.009492285,-3763.8960379612727,65.0,S_2062
2024-05-12 19:33:56,-58.477554,18.173569,-66.93367,357.1824,875.5163,0.009415818,-3727.598790983302,65.0,S_2062
2024-05-12 19:33:57,-58.435623,18.173096,-66.88471,357.11945,875.51263,0.009339352,-3688.0753979737674,65.0,S_2062
2024-05-12 19:33:58,-58.39372,18.172623,-66.835754,357.0495,875.51263,0.009262886,-3650.6441683286976,65.0,S_2062
2024-05-12 19:33:59,-58.351845,18.172134,-66.78679,356.98657,875.5311,0.00918642,-3601.257713168372,65.0,S_2062
2024-05-12 19:34:00,-58.309998,18.171661,-66.72385,356.9306,875.5441,0.009109954,-3562.312024442599,65.0,S_2062
2024-05-12 19:34:01,-58.26834,18.171143,-66.66789,356.86768,875.4978,0.009033488,-3521.842785043649,65.0,S_2062
2024-05-12 19:34:02,-58.226707,18.170639,-66.61194,356.80472,875.3923,0.008957022,-3481.869041375725,65.0,S_2062
2024-05-12 19:34:03,-58.185097,18.170135,-66.555984,356.74176,875.3107,0.008880556,-3448.6454199268082,65.0,S_2062
2024-05-12 19:34:04,-58.14351,18.169617,-66.50703,356.67883,875.3052,0.008804089,-3414.7364162658014,65.0,S_2062
2024-05-12 19:34:05,-58.101944,18.169113,-66.45807,356.62286,875.3237,0.008727623,-3373.6349485604187,65.0,S_2062
2024-05-12 19:34:06,-58.0604,18.168594,-66.402115,356.5599,875.32556,0.008651157,-3335.6530130724022,65.0,S_2062
2024-05-12 19:34:07,-58.018875,18.16809,-66.34616,356.49698,875.32,0.008574691,-3304.185608450316,65.0,S_2062
2024-05-12 19:34:08,-57.977375,18.167587,-66.2972,356.43402,875.32,0.008498224,-3264.8826685508466,65.0,S_2062
2024-05-12 19:34:09,-57.935898,18.167084,-66.24125,356.3711,875.3219,0.008421758,-3229.430494724511,65.0,S_2062
2024-05-12 19:34:10,-57.894444,18.166565,-66.185295,356.31512,875.3237,0.008345292,-3198.9875277760293,65.0,S_2062
2024-05-12 19:34:11,-57.85301,18.166061,-66.13634,356.25217,875.3219,0.008268826,-3162.211897521229,65.0,S_2062
2024-05-12 19:34:12,-57.8116,18.165558,-66.08038,356.19623,875.3163,0.0081923595,-3126.9155252916826,65.0,S_2062
2024-05-12 19:34:13,-57.77021,18.165054,-66.02444,356.13327,875.3182,0.008115893,-3093.4362420359103,65.0,S_2062
2024-05-12 19:34:14,-57.728844,18.16455,-65.96848,356.07733,875.33484,0.008039427,-3059.1298903370407,65.0,S_2062
2024-05-12 19:34:15,-57.687496,18.164047,-65.91253,356.01437,875.33484,0.007962962,-3032.3322274952516,65.0,S_2062
2024-05-12 19:34:16,-57.646175,18.163544,-65.86357,355.95844,875.2571,0.007886495,-2997.718650556355,65.0,S_2062
2024-05-12 19:34:17,-57.604877,18.16304,-65.80762,355.90247,875.1496,0.0078100287,-2965.9170558033693,65.0,S_2062
2024-05-12 19:34:18,-57.5636,18.162537,-65.75166,355.84653,875.0996,0.0077335625,-2939.019156829294,65.0,S_2062
2024-05-12 19:34:19,-57.522343,18.162033,-65.702705,355.78357,875.1089,0.0076570967,-2906.1934022607456,65.0,S_2062
2024-05-12 19:34:20,-57.48111,18.16153,-65.64675,355.72763,875.1293,0.0075806305,-2874.8893905928053,65.0,S_2062
2024-05-12 19:34:21,-57.4399,18.161041,-65.5908,355.66467,875.1311,0.0075041642,-2845.3631465916224,65.0,S_2062
2024-05-12 19:34:22,-57.39871,18.160538,-65.53484,355.60873,875.12555,0.007427698,-2816.0354771551247,65.0,S_2062
2024-05-12 19:34:23,-57.357544,18.160034,-65.4789,355.55276,875.12555,0.007431664,-2791.9499620956485,65.0,S_2062
2024-05-12 19:34:24,-57.3164,18.15953,-65.42993,355.49683,875.12555,0.007102931,-2762.468921475538,65.0,S_2062
2024-05-12 19:34:25,-57.275276,18.159042,-65.373985,355.44086,875.1219,0.0071322815,-2735.0726131577285,65.0,S_2062
2024-05-12 19:34:26,-57.234177,18.158539,-65.31803,355.38492,875.1293,0.0071616326,-2707.453745673116,65.0,S_2062
2024-05-12 19:34:27,-57.1931,18.15805,-65.26208,355.32895,875.1423,0.007164256,-2678.848229500203,65.0,S_2062
2024-05-12 19:34:28,-57.152042,18.157547,-65.20612,355.26602,875.11444,0.0072293943,-2657.1389859580813,65.0,S_2062
2024-05-12 19:34:29,-57.111008,18.157043,-65.157166,355.21704,875.0311,0.007232108,-2626.3841814836815,65.0,S_2062
2024-05-12 19:34:30,-57.07,18.156555,-65.10121,355.1611,874.94775,0.0069217524,-2600.305482744079,65.0,S_2062
2024-05-12 19:34:31,-57.02901,18.156067,-65.04526,355.10513,874.9163,0.006926068,-2573.24668747704,65.0,S_2062
2024-05-12 19:34:32,-56.98804,18.155563,-64.9893,355.0422,874.92737,0.0069340155,-2552.263181698625,65.0,S_2062
2024-05-12 19:34:33,-56.947098,18.155075,-64.940346,354.98624,874.9348,0.0069354987,-2523.7285775257624,65.0,S_2062
2024-05-12 19:34:34,-56.906178,18.154572,-64.88439,354.9303,874.9329,0.0072438386,-2496.2757007095024,65.0,S_2062
2024-05-12 19:34:35,-56.865276,18.154083,-64.82844,354.88135,874.93115,0.007246207,-2468.49928813503,65.0,S_2062
2024-05-12 19:34:36,-56.824398,18.153595,-64.77249,354.83237,874.9329,0.007582663,-2437.522378964899,65.0,S_2062
2024-05-12 19:34:37,-56.783543,18.153107,-64.71654,354.77643,874.92737,0.007584619,-2412.1784424356083,65.0,S_2062
2024-05-12 19:34:38,-56.74271,18.152603,-64.66758,354.72046,874.9237,0.00752714,-2379.524753296835,65.0,S_2062
2024-05-12 19:34:39,-56.701897,18.152115,-64.611626,354.66452,874.93665,0.0075307228,-2349.1215298222996,65.0,S_2062
2024-05-12 19:34:40,-56.66111,18.151627,-64.55567,354.60855,874.9533,0.007156849,-2326.3131958745835,65.0,S_2062
2024-05-12 19:34:41,-56.620342,18.151138,-64.506714,354.5526,874.9163,0.0071596233,-2296.99129149854,65.0,S_2062
2024-05-12 19:34:42,-56.579597,18.15065,-64.45076,354.50366,874.8089,0.0072118915,-2269.3113882143734,65.0,S_2062
2024-05-12 19:34:43,-56.538876,18.150162,-64.394806,354.45468,874.7255,0.0072142617,-2240.686453666076,65.0,S_2062
2024-05-12 19:34:44,-56.498177,18.149673,-64.33885,354.39874,874.72,0.006917522,-2215.2255328474275,65.0,S_2062
2024-05-12 19:34:45,-56.457497,18.149185,-64.2829,354.3498,874.7403,0.0069202026,-2188.5513495951454,65.0,S_2062
2024-05-12 19:34:46,-56.416843,18.148697,-64.226944,354.29382,874.7422,0.006595572,-2165.208935798779,65.0,S_2062
2024-05-12 19:34:47,-56.37621,18.148209,-64.171,354.24487,874.73663,0.0065985955,-2145.337938942128,65.0,S_2062
2024-05-12 19:34:48,-56.335598,18.14772,-64.12203,354.1889,874.7348,0.0066603175,-2119.232356038672,65.0,S_2062
2024-05-12 19:34:49,-56.29501,18.147247,-64.066086,354.13995,874.73663,0.006664698,-2098.918805791982,65.0,S_2062
2024-05-12 19:34:50,-56.254444,18.146759,-64.01712,354.084,874.7385,0.006360576,-2074.774677432877,65.0,S_2062
2024-05-12 19:34:51,-56.213898,18.14627,-63.96117,354.03503,874.7385,0.0063652694,-2051.7597561794755,65.0,S_2062
2024-05-12 19:34:52,-56.173378,18.145782,-63.905216,353.9791,874.7329,0.006050527,-2031.9503907913313,65.0,S_2062
2024-05-12 19:34:53,-56.132877,18.14531,-63.849266,353.93015,874.7329,0.0060540317,-2011.8083684583908,65.0,S_2062
2024-05-12 19:34:54,-56.0924,18.144821,-63.793312,353.88116,874.75146,0.006055457,-1991.645321092612,65.0,S_2062
2024-05-12 19:34:55,-56.051945,18.144333,-63.73736,353.8322,874.74963,0.006058938,-1974.9085476037217,65.0,S_2062
2024-05-12 19:34:56,-56.01151,18.14386,-63.6884,353.77628,874.6737,0.00606626,-1952.6246659530298,65.0,S_2062
2024-05-12 19:34:57,-55.9711,18.143372,-63.632446,353.7273,874.5644,0.0060696984,-1931.5071504285952,65.0,S_2062
2024-05-12 19:34:58,-55.93071,18.142899,-63.576496,353.67136,874.5144,0.005771625,-1918.3764158067715,65.0,S_2062
2024-05-12 19:34:59,-55.890343,18.14241,-63.527534,353.6294,874.5255,0.005774159,-1897.4377301434142,65.0,S_2062
2024-05-12 19:35:00,-55.85,18.141937,-63.471584,353.5804,874.5459,0.0054628365,-1881.1419707592286,65.0,S_2062
2024-05-12 19:35:01,-55.809757,18.141464,-63.41563,353.53146,874.5459,0.005468343,-1864.7925807192878,65.0,S_2062
2024-05-12 19:35:02,-55.76954,18.141006,-63.359676,353.4825,874.5422,0.0051706834,-1850.4215476262616,65.0,S_2062
2024-05-12 19:35:03,-55.729336,18.140533,-63.303722,353.43356,874.5422,0.005176495,-1838.924680770935,65.0,S_2062
2024-05-12 19:35:04,-55.689156,18.140076,-63.254765,353.3776,874.5422,0.0048644464,-1824.5683690984806,65.0,S_2062
2024-05-12 19:35:05,-55.64899,18.139603,-63.19881,353.32864,874.5366,0.004870577,-1812.1645448365089,65.0,S_2062
2024-05-12 19:35:06,-55.60885,18.13913,-63.14286,353.2797,874.5459,0.0048716585,-1799.7316156839079,65.0,S_2062
2024-05-12 19:35:07,-55.568726,18.138672,-63.086906,353.2307,874.5681,0.004877755,-1783.6854827087445,65.0,S_2062
2024-05-12 19:35:08,-55.52862,18.138199,-63.02396,353.18176,874.5589,0.004887066,-1773.4049680115277,65.0,S_2062
2024-05-12 19:35:09,-55.488537,18.137741,-62.968006,353.1328,874.4755,0.004893121,-1764.2902511299035,65.0,S_2062
2024-05-12 19:35:10,-55.44847,18.137268,-62.91905,353.08383,874.36804,0.004943366,-1749.030722379728,65.0,S_2062
2024-05-12 19:35:11,-55.408424,18.13681,-62.863094,353.03488,874.3274,0.004947803,-1736.0096082879973,65.0,S_2062
2024-05-12 19:35:12,-55.368397,18.136337,-62.80714,352.98593,874.34216,0.005009443,-1722.5600408036553,65.0,S_2062
2024-05-12 19:35:13,-55.328392,18.13588,-62.75119,352.93698,874.3533,0.005013744,-1709.6877989945351,65.0,S_2062
2024-05-12 19:35:14,-55.288403,18.135406,-62.695236,352.89502,874.34955,0.005016008,-1695.87958938269,65.0,S_2062
2024-05-12 19:35:15,-55.248436,18.134949,-62.639282,352.84604,874.3478,0.00502028,-1682.9402404056382,65.0,S_2062
2024-05-12 19:35:16,-55.20849,18.134476,-62.583332,352.80408,874.3478,0.0050295326,-1672.6104687823026,65.0,S_2062
2024-05-12 19:35:17,-55.168556,18.134018,-62.53437,352.75513,874.344,0.0050325855,-1660.245873911459,65.0,S_2062
2024-05-12 19:35:18,-55.128647,18.133545,-62.485413,352.70618,874.34033,0.005033622,-1644.252366924491,65.0,S_2062
2024-05-12 19:35:19,-55.088757,18.133087,-62.42946,352.6572,874.35144,0.005037838,-1626.8304622379583,65.0,S_2062
2024-05-12 19:35:20,-55.048885,18.132614,-62.366512,352.60825,874.36993,0.005048189,-1612.172243284178,65.0,S_2062
2024-05-12 19:35:21,-55.009037,18.132156,-62.303566,352.56628,874.33105,0.005053534,-1600.2769565034541,65.0,S_2062
2024-05-12 19:35:22,-54.969204,18.131683,-62.247612,352.51733,874.2255,0.0050556962,-1590.6915684909764,65.0,S_2062
2024-05-12 19:35:23,-54.92939,18.131226,-62.198654,352.47537,874.14215,0.0050586797,-1574.1731616056059,65.0,S_2062
2024-05-12 19:35:24,-54.8896,18.130768,-62.1427,352.4264,874.13654,0.0050677736,-1560.7905438475427,65.0,S_2062
2024-05-12 19:35:25,-54.849823,18.130295,-62.08675,352.38443,874.1569,0.0050718943,-1550.049360539786,65.0,S_2062
2024-05-12 19:35:26,-54.81007,18.129837,-62.03779,352.33548,874.1607,0.0051202956,-1533.3480303296456,65.0,S_2062
2024-05-12 19:35:27,-54.770336,18.12938,-61.98184,352.28653,874.15515,0.005124305,-1519.543956414891,65.0,S_2062
2024-05-12 19:35:28,-54.73062,18.128906,-61.925884,352.24457,874.15326,0.005133238,-1505.3930114936738,65.0,S_2062
2024-05-12 19:35:29,-54.690926,18.128448,-61.86993,352.20258,874.15326,0.005137216,-1490.5275732162918,65.0,S_2062
2024-05-12 19:35:30,-54.65125,18.12799,-61.813976,352.15363,874.14954,0.005139198,-1480.3285550781948,65.0,S_2062
2024-05-12 19:35:31,-54.61159,18.127518,-61.76502,352.11166,874.14954,0.005141999,-1463.125971765112,65.0,S_2062
2024-05-12 19:35:32,-54.571953,18.12706,-61.709064,352.0627,874.1681,0.005201143,-1448.743118580176,65.0,S_2062
2024-05-12 19:35:33,-54.532333,18.126602,-61.653114,352.02075,874.16626,0.0052049784,-1434.0467832581926,65.0,S_2062
2024-05-12 19:35:34,-54.492737,18.12613,-61.59716,351.9788,874.09033,0.0052068275,-1418.6229361596197,65.0,S_2062
2024-05-12 19:35:35,-54.453156,18.125671,-61.541206,351.9298,873.981,0.0052106394,-1404.1322683335966,65.0,S_2062
2024-05-12 19:35:36,-54.413597,18.125214,-61.485256,351.88785,873.931,0.0055270637,-1387.257024895749,65.0,S_2062
2024-05-12 19:35:37,-54.374058,18.12474,-61.429302,351.8459,873.94025,0.005530525,-1369.595737302232,65.0,S_2062
2024-05-12 19:35:38,-54.334538,18.124283,-61.37335,351.79694,873.96063,0.005532,-1352.9259701668634,65.0,S_2062
2024-05-12 19:35:39,-54.295036,18.123825,-61.317394,351.75497,873.9625,0.005535436,-1335.9524293131326,65.0,S_2062
2024-05-12 19:35:40,-54.255554,18.123367,-61.261444,351.713,873.9588,0.0052373405,-1320.9336906470999,65.0,S_2062
2024-05-12 19:35:41,-54.21609,18.122894,-61.20549,351.67102,873.9588,0.0052410755,-1305.1609096023458,65.0,S_2062
2024-05-12 19:35:42,-54.176647,18.122437,-61.149536,351.62207,873.9569,0.0052889427,-1293.8851485840132,65.0,S_2062
2024-05-12 19:35:43,-54.137222,18.121979,-61.10058,351.5801,873.95325,0.0052914447,-1276.2048032061211,65.0,S_2062
2024-05-12 19:35:44,-54.09782,18.121521,-61.044624,351.53815,873.9625,0.0056050606,-1257.916160009896,65.0,S_2062
2024-05-12 19:35:45,-54.058434,18.121063,-60.988674,351.4892,873.98474,0.005608348,-1236.492395557667,65.0,S_2062
2024-05-12 19:35:46,-54.01907,18.12059,-60.925724,351.44724,873.97363,0.0058492054,-1219.5867146733435,65.0,S_2062
2024-05-12 19:35:47,-53.979725,18.120132,-60.869774,351.40527,873.89026,0.0058522536,-1204.624294087822,65.0,S_2062
2024-05-12 19:35:48,-53.9404,18.119675,-60.820812,351.36328,873.78467,0.005859031,-1183.105649709476,65.0,S_2062
2024-05-12 19:35:49,-53.90109,18.119217,-60.764862,351.32132,873.74396,0.0058620586,-1163.803770933664,65.0,S_2062
2024-05-12 19:35:50,-53.8618,18.11876,-60.708908,351.27936,873.7588,0.0058616893,-1144.489476034185,65.0,S_2062
2024-05-12 19:35:51,-53.822536,18.118301,-60.652954,351.2374,873.7699,0.005866153,-1125.1292124480024,65.0,S_2062
2024-05-12 19:35:52,-53.783287,18.117844,-60.597,351.19543,873.7643,0.0058725434,-1105.7124316156114,65.0,S_2062
2024-05-12 19:35:53,-53.744057,18.11737,-60.54105,351.15347,873.7625,0.00587699,-1086.2461448881586,65.0,S_2062
2024-05-12 19:35:54,-53.70485,18.116913,-60.485096,351.1115,873.7643,0.0058765905,-1066.7673249515428,65.0,S_2062
2024-05-12 19:35:55,-53.665657,18.116455,-60.429142,351.06955,873.7606,0.0058810194,-1047.244912638831,65.0,S_2062
2024-05-12 19:35:56,-53.626488,18.115997,-60.37319,351.0276,873.75696,0.0056061256,-1029.530969990643,65.0,S_2062
2024-05-12 19:35:57,-53.587334,18.11554,-60.317238,350.98563,873.76807,0.005610829,-1011.7675160791841,65.0,S_2062
2024-05-12 19:35:58,-53.548203,18.115082,-60.261284,350.94363,873.78467,0.0053099846,-996.661904640503,65.0,S_2062
2024-05-12 19:35:59,-53.50909,18.114624,-60.20533,350.9087,873.7477,0.005313521,-984.431416379819,65.0,S_2062
2024-05-12 19:36:00,-53.469997,18.114166,-60.156372,350.8667,873.64215,0.005320758,-966.3070042816398,65.0,S_2062
2024-05-12 19:36:01,-53.431416,18.113693,-60.100418,350.82474,873.5588,0.005324283,-950.3936558998757,65.0,S_2062
2024-05-12 19:36:02,-53.392838,18.11322,-60.044468,350.78278,873.55316,0.0050463807,-936.3119475310668,65.0,S_2062
2024-05-12 19:36:03,-53.35426,18.112747,-59.988514,350.7408,873.5718,0.0050501707,-922.1906416078127,65.0,S_2062
2024-05-12 19:36:04,-53.315685,18.112274,-59.93256,350.69885,873.57355,0.00475988,-909.9895223892454,65.0,S_2062
2024-05-12 19:36:05,-53.277115,18.111801,-59.87661,350.6569,873.568,0.0047639464,-898.3527389296796,65.0,S_2062
2024-05-12 19:36:06,-53.23855,18.111328,-59.820656,350.62192,873.5699,0.0044678412,-887.8087449700834,65.0,S_2062
2024-05-12 19:36:07,-53.19998,18.110855,-59.7647,350.57996,873.5699,0.004472188,-877.4779009369377,65.0,S_2062
2024-05-12 19:36:08,-53.16142,18.110397,-59.708748,350.538,873.56616,0.0042034867,-868.9253049920808,65.0,S_2062
2024-05-12 19:36:09,-53.12286,18.109924,-59.652798,350.49603,873.56616,0.004208085,-860.8700514440206,65.0,S_2062
2024-05-12 19:36:10,-53.084305,18.109451,-59.596844,350.46106,873.5828,0.0039563263,-853.6798263674573,65.0,S_2062
2024-05-12 19:36:11,-53.04575,18.108994,-59.54089,350.4191,873.5828,0.0039625783,-849.550037123583,65.0,S_2062
2024-05-12 19:36:12,-53.0072,18.10852,-59.491932,350.37714,873.50507,0.003692909,-842.1058410545884,65.0,S_2062
2024-05-12 19:36:13,-52.96865,18.108063,-59.435978,350.33517,873.39764,0.0036994074,-837.3307190342166,65.0,S_2062
2024-05-12 19:36:14,-52.930103,18.10759,-59.380028,350.3002,873.3476,0.0034052471,-831.6697691184818,65.0,S_2062
2024-05-12 19:36:15,-52.89156,18.107132,-59.317078,350.26523,873.3569,0.003411646,-830.2850586687055,65.0,S_2062
2024-05-12 19:36:16,-52.85302,18.106659,-59.261127,350.22327,873.37726,0.0031928895,-828.3595552861734,65.0,S_2062
2024-05-12 19:36:17,-52.814484,18.106201,-59.205173,350.18127,873.381,0.003198386,-828.6938579521448,65.0,S_2062
2024-05-12 19:36:18,-52.775948,18.105743,-59.156216,350.1393,873.37354,0.0032009357,-824.883951462929,65.0,S_2062
2024-05-12 19:36:19,-52.737415,18.10527,-59.10026,350.10434,873.368,0.0032064016,-822.5800259734242,65.0,S_2062
2024-05-12 19:36:20,-52.698887,18.104813,-59.044308,350.06238,873.37915,0.0032165996,-818.4801008005234,65.0,S_2062
2024-05-12 19:36:21,-52.660362,18.104355,-58.98136,350.0274,873.3958,0.0032231035,-815.9089466659061,65.0,S_2062
2024-05-12 19:36:22,-52.621838,18.103897,-58.918415,349.98544,873.35876,0.0029774786,-820.1696512924027,65.0,S_2062
2024-05-12 19:36:23,-52.583317,18.10344,-58.869457,349.95047,873.25507,0.0029820537,-817.0816172968262,65.0,S_2062
2024-05-12 19:36:24,-52.5448,18.102982,-58.813503,349.9085,873.168,0.0027175187,-820.6009388608509,65.0,S_2062
2024-05-12 19:36:25,-52.506283,18.102524,-58.764545,349.87354,873.1532,0.00272377,-819.590771496536,65.0,S_2062
2024-05-12 19:36:26,-52.46777,18.102066,-58.70859,349.8386,873.1736,0.0027263449,-820.4042673106233,65.0,S_2062
2024-05-12 19:36:27,-52.42926,18.101608,-58.652637,349.7966,873.1847,0.0027336278,-819.7494732364212,65.0,S_2062
2024-05-12 19:36:28,-52.390755,18.10115,-58.58969,349.76166,873.1809,0.0027898028,-822.3359605275182,65.0,S_2062
2024-05-12 19:36:29,-52.35225,18.100693,-58.533737,349.71967,873.17914,0.0027955575,-823.285207699053,65.0,S_2062
2024-05-12 19:36:30,-52.313747,18.10025,-58.477787,349.6847,873.1809,0.00279945,-823.9471759967055,65.0,S_2062
2024-05-12 19:36:31,-52.27525,18.099792,-58.421833,349.64975,873.17535,0.0028051746,-824.5585964724232,65.0,S_2062
2024-05-12 19:36:32,-52.236755,18.099335,-58.36588,349.61478,873.17725,0.003085487,-822.8910158412327,65.0,S_2062
2024-05-12 19:36:33,-52.19826,18.098892,-58.309925,349.5728,873.19574,0.0030923518,-821.8436781334676,65.0,S_2062
2024-05-12 19:36:34,-52.15977,18.098434,-58.253975,349.53784,873.20685,0.00309451,-820.5208918369972,65.0,S_2062
2024-05-12 19:36:35,-52.121284,18.097977,-58.19802,349.50287,873.1624,0.0031013493,-818.7069418411484,65.0,S_2062
2024-05-12 19:36:36,-52.082798,18.097534,-58.142067,349.4609,873.0569,0.003109998,-817.5061173591312,65.0,S_2062
2024-05-12 19:36:37,-52.044315,18.097076,-58.086117,349.42593,872.9736,0.0031168072,-815.560284063693,65.0,S_2062
2024-05-12 19:36:38,-52.005836,18.096634,-58.030163,349.38397,872.9698,0.0031189302,-816.5657187341712,65.0,S_2062
2024-05-12 19:36:39,-51.96736,18.096191,-57.981205,349.349,872.9884,0.0031232447,-812.7800155910372,65.0,S_2062
2024-05-12 19:36:40,-51.928886,18.095734,-57.92525,349.31403,872.9902,0.0031332602,-811.1324926696616,65.0,S_2062
2024-05-12 19:36:41,-51.89042,18.095291,-57.869297,349.27905,872.9828,0.0031385887,-809.4378193598895,65.0,S_2062
2024-05-12 19:36:42,-51.851948,18.094849,-57.813343,349.24408,872.97906,0.0031842731,-806.9759284374813,65.0,S_2062
2024-05-12 19:36:43,-51.813484,18.094406,-57.757393,349.20212,872.9902,0.00318952,-805.163737649731,65.0,S_2062
2024-05-12 19:36:44,-51.77502,18.093964,-57.70144,349.16714,873.01245,0.0031979922,-803.0418415171662,65.0,S_2062
2024-05-12 19:36:45,-51.73656,18.093521,-57.645485,349.13217,873.00134,0.0032046465,-800.865120784918,65.0,S_2062
2024-05-12 19:36:46,-51.698105,18.093079,-57.589535,349.0972,872.918,0.0034935276,-796.7740905061291,65.0,S_2062
2024-05-12 19:36:47,-51.65965,18.092636,-57.53358,349.06223,872.81055,0.0034984602,-792.6391510409012,65.0,S_2062
2024-05-12 19:36:48,-51.6212,18.092194,-57.477627,349.02725,872.76984,0.003552888,-785.496376198389,65.0,S_2062
2024-05-12 19:36:49,-51.582752,18.091751,-57.41468,348.99228,872.7846,0.0035587666,-783.14419214589,65.0,S_2062
2024-05-12 19:36:50,-51.544304,18.091309,-57.358727,348.9573,872.7958,0.0035618248,-778.555499418937,65.0,S_2062
2024-05-12 19:36:51,-51.505863,18.090866,-57.302773,348.92236,872.79205,0.0035666642,-773.3933695273881,65.0,S_2062
2024-05-12 19:36:52,-51.467422,18.090424,-57.246822,348.88037,872.79016,0.003574702,-768.9334557873444,65.0,S_2062
2024-05-12 19:36:53,-51.428986,18.089996,-57.19087,348.84543,872.79205,0.0035809483,-764.1769714359762,65.0,S_2062
2024-05-12 19:36:54,-51.39055,18.089554,-57.134914,348.81046,872.7865,0.003582546,-759.3995713737968,65.0,S_2062
2024-05-12 19:36:55,-51.35212,18.089111,-57.078964,348.77548,872.7828,0.0035887684,-754.5656827703642,65.0,S_2062
2024-05-12 19:36:56,-51.31369,18.088684,-57.02301,348.7405,872.7958,0.003596755,-749.6675385263734,65.0,S_2062
2024-05-12 19:36:57,-51.27526,18.088242,-56.967056,348.70554,872.81244,0.0036015308,-744.7250057868077,65.0,S_2062
2024-05-12 19:36:58,-51.23684,18.087814,-56.911102,348.67056,872.7754,0.0036045276,-739.7510510998982,65.0,S_2062
2024-05-12 19:36:59,-51.198418,18.087372,-56.855152,348.6356,872.6679,0.003609287,-735.1836350318699,65.0,S_2062
2024-05-12 19:37:00,-51.16,18.086945,-56.7992,348.6076,872.5846,0.0036172234,-732.508508871826,65.0,S_2062
2024-05-12 19:37:01,-51.121502,18.086502,-56.75024,348.57263,872.57904,0.0036224027,-724.6345996611053,65.0,S_2062
2024-05-12 19:37:02,-51.08301,18.08606,-56.694286,348.53067,872.5994,0.0036239717,-717.0316930713889,65.0,S_2062
2024-05-12 19:37:03,-51.044525,18.085617,-56.63134,348.4957,872.60315,0.003631131,-714.0084446860128,65.0,S_2062
2024-05-12 19:37:04,-51.006046,18.08519,-56.575386,348.46072,872.59753,0.0036390359,-709.1931414889041,65.0,S_2062
2024-05-12 19:37:05,-50.96757,18.084747,-56.519432,348.43277,872.59576,0.0036437544,-706.2956629321998,65.0,S_2062
2024-05-12 19:37:06,-50.9291,18.084305,-56.470474,348.3978,872.59576,0.0036457197,-696.0559049609074,65.0,S_2062
2024-05-12 19:37:07,-50.890636,18.083878,-56.407528,348.36282,872.592,0.0036514124,-690.1399433172919,65.0,S_2062
2024-05-12 19:37:08,-50.852177,18.083435,-56.34458,348.32785,872.592,0.0036602584,-686.8526788288582,65.0,S_2062
2024-05-12 19:37:09,-50.813725,18.083008,-56.288628,348.29288,872.61053,0.0036663546,-681.3242657349692,65.0,S_2062
2024-05-12 19:37:10,-50.775276,18.08258,-56.232674,348.2579,872.6087,0.003711664,-678.1937550328294,65.0,S_2062
2024-05-12 19:37:11,-50.736835,18.082138,-56.183716,348.22293,872.5328,0.0037152984,-670.613975654167,65.0,S_2062
2024-05-12 19:37:12,-50.6984,18.08171,-56.12776,348.19495,872.4235,0.0037244807,-664.4352380835699,65.0,S_2062
2024-05-12 19:37:13,-50.65997,18.081284,-56.07181,348.16,872.3735,0.0037290815,-658.4387888090423,65.0,S_2062
2024-05-12 19:37:14,-50.621544,18.080856,-56.015858,348.12503,872.38275,0.0037305246,-650.1024619301534,65.0,S_2062
2024-05-12 19:37:15,-50.583126,18.08043,-55.95291,348.09705,872.405,0.0037375062,-648.6999926156859,65.0,S_2062
2024-05-12 19:37:16,-50.544712,18.080002,-55.90395,348.06207,872.4068,0.0037442471,-640.3872580592142,65.0,S_2062
2024-05-12 19:37:17,-50.5063,18.079575,-55.848,348.0271,872.3994,0.0037488122,-634.7037301936798,65.0,S_2062
2024-05-12 19:37:18,-50.4679,18.079147,-55.792046,347.9991,872.3957,0.003472881,-630.1057104303909,65.0,S_2062
2024-05-12 19:37:19,-50.429504,18.07872,-55.73609,347.96414,872.405,0.0034776723,-623.1249801987506,65.0,S_2062
2024-05-12 19:37:20,-50.391113,18.078308,-55.673145,347.9292,872.4161,0.003486558,-620.8133323740622,65.0,S_2062
2024-05-12 19:37:21,-50.352726,18.07788,-55.61719,347.89423,872.39014,0.0034927423,-616.7407645421918,65.0,S_2062
2024-05-12 19:37:22,-50.314346,18.077469,-55.56124,347.86624,872.3068,0.0034943759,-614.4908525061255,65.0,S_2062
2024-05-12 19:37:23,-50.27597,18.077042,-55.51228,347.83127,872.2216,0.0034995833,-607.7077350566542,65.0,S_2062
2024-05-12 19:37:24,-50.237602,18.07663,-55.45633,347.7963,872.192,0.0032485966,-602.7361005832936,65.0,S_2062
2024-05-12 19:37:25,-50.199238,18.076202,-55.393383,347.7683,872.2031,0.0032545147,-601.6618356559047,65.0,S_2062
2024-05-12 19:37:26,-50.160877,18.07579,-55.33743,347.73334,872.2124,0.0032577568,-598.6087911736104,65.0,S_2062
2024-05-12 19:37:27,-50.122524,18.075378,-55.281475,347.69836,872.2087,0.0032626942,-595.511902598686,65.0,S_2062
2024-05-12 19:37:28,-50.08418,18.074966,-55.22552,347.66342,872.2031,0.0033109514,-592.5318564261615,65.0,S_2062
2024-05-12 19:37:29,-50.045837,18.074554,-55.16957,347.63544,872.2031,0.0033172476,-588.8190482682985,65.0,S_2062
2024-05-12 19:37:30,-50.0075,18.074127,-55.113617,347.60046,872.21796,0.0030430781,-587.5509490506156,65.0,S_2062
2024-05-12 19:37:31,-49.96917,18.07373,-55.057663,347.57248,872.21606,0.0030481773,-587.8117213065634,65.0,S_2062
2024-05-12 19:37:32,-49.930843,18.073318,-55.008705,347.5375,872.1586,0.0027997147,-583.8308550774236,65.0,S_2062
2024-05-12 19:37:33,-49.892525,18.072906,-54.94576,347.50955,872.06604,0.0028059587,-585.6151900490149,65.0,S_2062
2024-05-12 19:37:34,-49.854214,18.072495,-54.889805,347.47458,872.00305,0.0028081448,-583.7131563026778,65.0,S_2062
2024-05-12 19:37:35,-49.815903,18.072083,-54.82686,347.4466,871.9994,0.0028143683,-585.4147673939151,65.0,S_2062
2024-05-12 19:37:36,-49.7776,18.071686,-54.770905,347.41162,872.01416,0.002824133,-585.4941882670464,65.0,S_2062
2024-05-12 19:37:37,-49.739304,18.071274,-54.71495,347.38364,872.01605,0.0028293836,-584.9116143059509,65.0,S_2062
2024-05-12 19:37:38,-49.70101,18.070877,-54.659,347.34866,872.0105,0.002558837,-586.6884326608197,65.0,S_2062
2024-05-12 19:37:39,-49.662727,18.070465,-54.603046,347.3207,872.00494,0.002564295,-587.8356473828098,65.0,S_2062
2024-05-12 19:37:40,-49.624447,18.070068,-54.547092,347.28574,872.01605,0.0025728233,-589.4992799898973,65.0,S_2062
2024-05-12 19:37:41,-49.58617,18.069656,-54.491142,347.25775,872.03827,0.0025782592,-590.5293250887989,65.0,S_2062
2024-05-12 19:37:42,-49.5479,18.06926,-54.43519,347.22278,872.02716,0.00258202,-591.7435420388938,65.0,S_2062
2024-05-12 19:37:43,-49.509636,18.068863,-54.379234,347.1878,871.9438,0.0025874386,-593.2756244579869,65.0,S_2062
2024-05-12 19:37:44,-49.47138,18.068466,-54.32328,347.15982,871.83826,0.0025973269,-596.4447418904238,65.0,S_2062
2024-05-12 19:37:45,-49.433125,18.06807,-54.274323,347.13187,871.7975,0.002601787,-595.1188443688225,65.0,S_2062
2024-05-12 19:37:46,-49.39488,18.067673,-54.21837,347.0969,871.8123,0.0026041097,-594.555256658401,65.0,S_2062
2024-05-12 19:37:47,-49.356636,18.067276,-54.155422,347.0689,871.8234,0.0026104206,-595.8636548159047,65.0,S_2062
2024-05-12 19:37:48,-49.3184,18.06688,-54.092476,347.04092,871.8179,0.0023674108,-600.3542918046369,65.0,S_2062
2024-05-12 19:37:49,-49.28017,18.066483,-54.036522,347.00595,871.81604,0.002372968,-604.9720955854355,65.0,S_2062
2024-05-12 19:37:50,-49.241943,18.066101,-53.987564,346.978,871.8179,0.0023745324,-605.4398788768158,65.0,S_2062
2024-05-12 19:37:51,-49.203724,18.065704,-53.93161,346.95,871.8142,0.0023814894,-605.9034025145374,65.0,S_2062
2024-05-12 19:37:52,-49.165512,18.065308,-53.868664,346.91504,871.8105,0.002390988,-610.748289070616,65.0,S_2062
2024-05-12 19:37:53,-49.127304,18.064926,-53.81271,346.88705,871.82153,0.0023965049,-613.1883041371475,65.0,S_2062
2024-05-12 19:37:54,-49.0891,18.06453,-53.75676,346.8591,871.83826,0.0024003761,-616.9744566247973,65.0,S_2062
2024-05-12 19:37:55,-49.050903,18.064148,-53.707798,346.82413,871.8013,0.002404954,-617.4115041896584,65.0,S_2062
2024-05-12 19:37:56,-49.01271,18.063766,-53.651848,346.79614,871.6956,0.0026656645,-618.0658218976023,65.0,S_2062
2024-05-12 19:37:57,-48.974525,18.06337,-53.595894,346.76816,871.6123,0.0026723566,-616.3107576448747,65.0,S_2062
2024-05-12 19:37:58,-48.936344,18.062988,-53.532948,346.7332,871.60675,0.0026755114,-617.2248659758625,65.0,S_2062
2024-05-12 19:37:59,-48.89817,18.062607,-53.47,346.7052,871.62524,0.0026816912,-621.8657016904544,65.0,S_2062
2024-05-12 19:38:00,-48.86,18.062225,-53.42104,346.67725,871.629,0.0024376633,-621.4599562560907,65.0,S_2062
2024-05-12 19:38:01,-48.822163,18.061844,-53.36509,346.64227,871.6216,0.0024445483,-623.705861622977,65.0,S_2062
2024-05-12 19:38:02,-48.78432,18.061462,-53.309135,346.6143,871.6142,0.0024890737,-623.5745570524741,65.0,S_2062
2024-05-12 19:38:03,-48.746475,18.061096,-53.24619,346.5863,871.61786,0.0024954176,-627.0131346510389,65.0,S_2062
2024-05-12 19:38:04,-48.708622,18.060715,-53.190235,346.55133,871.63824,0.0027559139,-629.2435645101359,65.0,S_2062
2024-05-12 19:38:05,-48.670765,18.060333,-53.141277,346.52338,871.63635,0.002760232,-624.9795987067846,65.0,S_2062
2024-05-12 19:38:06,-48.6329,18.059967,-53.07833,346.4954,871.55676,0.0027633386,-624.9398903963374,65.0,S_2062
2024-05-12 19:38:07,-48.59503,18.059586,-53.01538,346.4674,871.44934,0.0027708588,-626.9109225012871,65.0,S_2062
2024-05-12 19:38:08,-48.557156,18.05922,-52.95943,346.43945,871.40674,0.002529171,-629.7522611507011,65.0,S_2062
2024-05-12 19:38:09,-48.519276,18.058838,-52.91047,346.40448,871.4216,0.0025336402,-629.1986276487005,65.0,S_2062
2024-05-12 19:38:10,-48.481388,18.058472,-52.85452,346.3765,871.4364,0.002537407,-628.6233076484423,65.0,S_2062
2024-05-12 19:38:11,-48.443497,18.058105,-52.791573,346.3485,871.4345,0.0025436662,-632.0178238817971,65.0,S_2062
2024-05-12 19:38:12,-48.4056,18.05774,-52.73562,346.32053,871.42523,0.0025910973,-632.9701262936942,65.0,S_2062
2024-05-12 19:38:13,-48.3677,18.057373,-52.679665,346.29257,871.4216,0.0025964137,-635.3495697332037,65.0,S_2062
2024-05-12 19:38:14,-48.32979,18.056992,-52.630707,346.2576,871.4327,0.0025992396,-634.628445505572,65.0,S_2062
2024-05-12 19:38:15,-48.291874,18.056625,-52.574753,346.2366,871.44934,0.002604541,-635.2502774674576,65.0,S_2062
2024-05-12 19:38:16,-48.253956,18.056274,-52.5188,346.20862,871.4123,0.0026128243,-633.6997128065923,65.0,S_2062
2024-05-12 19:38:17,-48.21603,18.055908,-52.455853,346.17368,871.30676,0.0026204053,-634.7642704919199,65.0,S_2062
2024-05-12 19:38:18,-48.1781,18.055542,-52.392906,346.1457,871.22156,0.002623578,-639.4888933861512,65.0,S_2062
2024-05-12 19:38:19,-48.140163,18.055176,-52.34395,346.1177,871.216,0.0026279532,-638.0014578671762,65.0,S_2062
2024-05-12 19:38:20,-48.102222,18.05481,-52.287994,346.08972,871.2364,0.0026376003,-638.5570453308828,65.0,S_2062
2024-05-12 19:38:21,-48.064274,18.054459,-52.23204,346.06177,871.24194,0.002642845,-637.0886984999233,65.0,S_2062
2024-05-12 19:38:22,-48.02632,18.054092,-52.169094,346.03378,871.2364,0.0026459869,-639.6746436834801,65.0,S_2062
2024-05-12 19:38:23,-47.98836,18.053741,-52.11314,346.0058,871.2271,0.002651215,-641.5964093846633,65.0,S_2062
2024-05-12 19:38:24,-47.950397,18.053375,-52.064182,345.97083,871.22894,0.0026599371,-640.0524945709112,65.0,S_2062
2024-05-12 19:38:25,-47.91243,18.053024,-52.00823,345.94287,871.2493,0.0026651477,-640.3676546158458,65.0,S_2062
2024-05-12 19:38:26,-47.874454,18.052658,-51.95228,345.9149,871.2456,0.0026673812,-640.9897748570438,65.0,S_2062
2024-05-12 19:38:27,-47.836475,18.052307,-51.896324,345.8939,871.1697,0.0026725763,-639.0346211805081,65.0,S_2062
2024-05-12 19:38:28,-47.79849,18.051956,-51.833378,345.86594,871.06226,0.0026830195,-639.2964132444758,65.0,S_2062
2024-05-12 19:38:29,-47.760498,18.051605,-51.77043,345.83795,871.01044,0.0026890638,-641.0815183881859,65.0,S_2062
2024-05-12 19:38:30,-47.7225,18.051254,-51.714478,345.80298,871.0215,0.0027328727,-641.0947633254618,65.0,S_2062
2024-05-12 19:38:31,-47.684498,18.050903,-51.658524,345.775,871.0419,0.0027394309,-640.852349207169,65.0,S_2062
2024-05-12 19:38:32,-47.64649,18.050552,-51.602573,345.747,871.04376,0.0027475257,-642.968431437439,65.0,S_2062
2024-05-12 19:38:33,-47.608475,18.050201,-51.55361,345.72604,871.0363,0.0027517856,-640.3217061600953,65.0,S_2062
2024-05-12 19:38:34,-47.570454,18.04985,-51.49766,345.69806,871.03265,0.002753954,-639.9478502867933,65.0,S_2062
2024-05-12 19:38:35,-47.53243,18.0495,-51.441708,345.67007,871.04376,0.0027604885,-637.4618432471616,65.0,S_2062
2024-05-12 19:38:36,-47.4944,18.049149,-51.37876,345.64212,871.05853,0.0027694115,-639.0583180234607,65.0,S_2062
2024-05-12 19:38:37,-47.456364,18.048813,-51.322807,345.61414,871.0234,0.002774511,-638.5138366261745,65.0,S_2062
2024-05-12 19:38:38,-47.41832,18.048462,-51.266853,345.58615,870.9178,0.002778075,-637.9337645990672,65.0,S_2062
2024-05-12 19:38:39,-47.380272,18.048111,-51.2109,345.55817,870.83075,0.002783162,-637.3113236970239,65.0,S_2062
2024-05-12 19:38:40,-47.34222,18.047775,-51.15495,345.5302,870.8178,0.0030741743,-632.4796053013852,65.0,S_2062
2024-05-12 19:38:41,-47.30416,18.04744,-51.092003,345.50223,870.8382,0.0030799296,-634.2534701283294,65.0,S_2062
2024-05-12 19:38:42,-47.266098,18.047089,-51.04304,345.47424,870.85114,0.003082442,-629.5518281643672,65.0,S_2062
2024-05-12 19:38:43,-47.228027,18.046753,-50.98709,345.4463,870.8456,0.0030873287,-624.5868305411859,65.0,S_2062
2024-05-12 19:38:44,-47.189953,18.046417,-50.92414,345.4183,870.84,0.003095989,-623.9467302127669,65.0,S_2062
2024-05-12 19:38:45,-47.151875,18.046066,-50.86819,345.39032,870.84186,0.0031022737,-618.8495047383913,65.0,S_2062
2024-05-12 19:38:46,-47.11379,18.04573,-50.805244,345.36234,870.85486,0.0031050667,-620.8712360833961,65.0,S_2062
2024-05-12 19:38:47,-47.075695,18.045395,-50.756283,345.34137,870.85486,0.003109075,-615.7399387726618,65.0,S_2062
2024-05-12 19:38:48,-47.037598,18.04506,-50.700333,345.3134,870.79553,0.0028738808,-612.2672576968762,65.0,S_2062
2024-05-12 19:38:49,-46.999496,18.044724,-50.637383,345.2854,870.703,0.0028811512,-612.9633454255236,65.0,S_2062
2024-05-12 19:38:50,-46.961388,18.044388,-50.581432,345.25745,870.64185,0.0028832366,-613.6689863298016,65.0,S_2062
2024-05-12 19:38:51,-46.923275,18.044067,-50.53247,345.22946,870.6382,0.0028873857,-610.5215987344418,65.0,S_2062
2024-05-12 19:38:52,-46.885155,18.043732,-50.47652,345.20847,870.6511,0.0028952858,-606.653419286311,65.0,S_2062
2024-05-12 19:38:53,-46.847027,18.043396,-50.41357,345.1805,870.653,0.0029025276,-604.9907893672207,65.0,S_2062
2024-05-12 19:38:54,-46.8089,18.043076,-50.350624,345.15253,870.64746,0.0029054387,-605.4569074518222,65.0,S_2062
2024-05-12 19:38:55,-46.770763,18.04274,-50.294674,345.12454,870.64374,0.0029104084,-605.9416356478687,65.0,S_2062
2024-05-12 19:38:56,-46.73262,18.042404,-50.245712,345.09656,870.653,0.0029188546,-602.5415651005678,65.0,S_2062
2024-05-12 19:38:57,-46.694473,18.042084,-50.189762,345.0756,870.66595,0.0029238062,-600.5812348062609,65.0,S_2062
2024-05-12 19:38:58,-46.65632,18.041763,-50.13381,345.0476,870.6382,0.0029672193,-598.5180442419805,65.0,S_2062
2024-05-12 19:38:59,-46.61816,18.041428,-50.077854,345.01962,870.5548,0.0029721614,-596.4118358041087,65.0,S_2062
2024-05-12 19:39:00,-46.579998,18.041107,-50.0219,344.99167,870.4696,0.00298141,-592.3741485229257,65.0,S_2062
2024-05-12 19:39:01,-46.541992,18.040771,-49.958954,344.97067,870.44,0.0029872314,-589.7966462461918,65.0,S_2062
2024-05-12 19:39:02,-46.503975,18.040436,-49.896008,344.9427,870.4511,0.0029901555,-589.600129035287,65.0,S_2062
2024-05-12 19:39:03,-46.465946,18.040115,-49.840054,344.91473,870.4604,0.0029951297,-587.289832605471,65.0,S_2062
2024-05-12 19:39:04,-46.42791,18.03978,-49.784103,344.88675,870.45667,0.0030044003,-587.1131072267526,65.0,S_2062
2024-05-12 19:39:05,-46.38986,18.03946,-49.73514,344.85876,870.4511,0.003008529,-583.0438684358742,65.0,S_2062
2024-05-12 19:39:06,-46.3518,18.039124,-49.67919,344.8378,870.4511,0.0030106003,-578.1653283753476,65.0,S_2062
2024-05-12 19:39:07,-46.313725,18.038803,-49.61624,344.8098,870.46594,0.0030163745,-578.1462710261621,65.0,S_2062
2024-05-12 19:39:08,-46.275642,18.038483,-49.56029,344.78882,870.46405,0.0033026745,-571.1178106278312,65.0,S_2062
2024-05-12 19:39:09,-46.23755,18.038162,-49.497345,344.76086,870.4048,0.0033097037,-568.7295381644144,65.0,S_2062
2024-05-12 19:39:10,-46.199444,18.037842,-49.44139,344.73288,870.3141,0.0033116092,-564.2576178119125,65.0,S_2062
2024-05-12 19:39:11,-46.161327,18.037521,-49.385437,344.7049,870.2529,0.0033163826,-559.7416391367733,65.0,S_2062
2024-05-12 19:39:12,-46.1232,18.0372,-49.329483,344.6769,870.24927,0.00332544,-555.1572538940891,65.0,S_2062
2024-05-12 19:39:13,-46.08506,18.03688,-49.273533,344.64896,870.2622,0.0033302,-553.4950174741025,65.0,S_2062
2024-05-12 19:39:14,-46.04691,18.03656,-49.22457,344.62796,870.2585,0.003331272,-546.6077206623886,65.0,S_2062
2024-05-12 19:39:15,-46.008747,18.03624,-49.16862,344.59998,870.2622,0.0033360175,-539.8557277411965,65.0,S_2062
2024-05-12 19:39:16,-45.970577,18.035934,-49.105675,344.579,870.2752,0.0033458653,-534.4619079132972,65.0,S_2062
2024-05-12 19:39:17,-45.932392,18.035614,-49.042725,344.55103,870.24927,0.0033514162,-532.1661862354886,65.0,S_2062
2024-05-12 19:39:18,-45.8942,18.035309,-48.986774,344.53006,870.1659,0.00335329,-527.1321188961665,65.0,S_2062
2024-05-12 19:39:19,-45.85599,18.034988,-48.93082,344.50208,870.0807,0.0033580163,-522.2395382376199,65.0,S_2062
2024-05-12 19:39:20,-45.817776,18.034683,-48.874866,344.4741,870.04926,0.003367017,-517.7559290674544,65.0,S_2062
2024-05-12 19:39:21,-45.77955,18.034378,-48.818913,344.45312,870.0622,0.0033717249,-515.038986208172,65.0,S_2062
2024-05-12 19:39:22,-45.74131,18.034073,-48.769955,344.42514,870.06964,0.0034141485,-508.18388890958886,65.0,S_2062
2024-05-12 19:39:23,-45.70306,18.033768,-48.714,344.40414,870.06775,0.003418857,-500.1230915956112,65.0,S_2062
2024-05-12 19:39:24,-45.6648,18.033463,-48.651054,344.37616,870.0622,0.0034672606,-493.92047493637074,65.0,S_2062
2024-05-12 19:39:25,-45.626526,18.033157,-48.588108,344.3482,870.0622,0.003472759,-490.7361908210878,65.0,S_2062
2024-05-12 19:39:26,-45.58824,18.032852,-48.532154,344.3272,870.077,0.003474614,-487.35504264618066,65.0,S_2062
2024-05-12 19:39:27,-45.54995,18.032562,-48.483196,344.29922,870.07513,0.003478501,-480.03412105375173,65.0,S_2062
2024-05-12 19:39:28,-45.511642,18.032257,-48.427242,344.27826,870.01587,0.0034874503,-471.40868953782774,65.0,S_2062
2024-05-12 19:39:29,-45.473328,18.031952,-48.364296,344.25027,869.9251,0.00349293,-467.5380307407031,65.0,S_2062
2024-05-12 19:39:30,-45.434998,18.031662,-48.308346,344.2223,869.8622,0.003494773,-462.11355035065935,65.0,S_2062
2024-05-12 19:39:31,-45.39666,18.031372,-48.25239,344.20132,869.8603,0.0034994436,-455.9577208105329,65.0,S_2062
2024-05-12 19:39:32,-45.35831,18.031067,-48.196438,344.17334,869.87146,0.0035083673,-450.4234623990051,65.0,S_2062
2024-05-12 19:39:33,-45.31995,18.030777,-48.140484,344.15237,869.86957,0.0035130265,-441.5480697657331,65.0,S_2062
2024-05-12 19:39:34,-45.281578,18.030487,-48.077538,344.1244,869.8733,0.0037687945,-436.3456954719877,65.0,S_2062
2024-05-12 19:39:35,-45.243195,18.030197,-48.021584,344.1034,869.8862,0.0037733032,-431.1074764639343,65.0,S_2062
2024-05-12 19:39:36,-45.2048,18.029907,-47.972626,344.07544,869.8603,0.0037812663,-421.74228648543067,65.0,S_2062
2024-05-12 19:39:37,-45.166393,18.029617,-47.91667,344.05444,869.777,0.0037857662,-410.82507756142877,65.0,S_2062
2024-05-12 19:39:38,-45.127975,18.029327,-47.853725,344.02646,869.69183,0.003788238,-405.4482584122452,65.0,S_2062
2024-05-12 19:39:39,-45.08955,18.029053,-47.797775,344.0055,869.66034,0.0037927304,-394.4502678629142,65.0,S_2062
2024-05-12 19:39:40,-45.05111,18.028763,-47.734825,343.9775,869.67145,0.003800817,-388.96605821565026,65.0,S_2062
2024-05-12 19:39:41,-45.01266,18.028473,-47.678875,343.95654,869.68066,0.0038067338,-380.6610720904064,65.0,S_2062
2024-05-12 19:39:42,-44.974197,18.028198,-47.62292,343.92856,869.67883,0.0038499043,-372.2354410552289,65.0,S_2062
2024-05-12 19:39:43,-44.935726,18.027908,-47.566967,343.90057,869.67145,0.0038543902,-364.34421645540715,65.0,S_2062
2024-05-12 19:39:44,-44.897243,18.027634,-47.511017,343.87958,869.6733,0.0039004239,-355.97160363264265,65.0,S_2062
2024-05-12 19:39:45,-44.85875,18.027359,-47.455063,343.8586,869.68805,0.0039063464,-344.5940634208382,65.0,S_2062
2024-05-12 19:39:46,-44.820244,18.027084,-47.392117,343.83762,869.6863,0.003908811,-337.5727733887252,65.0,S_2062
2024-05-12 19:39:47,-44.781727,18.02681,-47.336163,343.80966,869.627,0.0039132917,-329.25102982625685,65.0,S_2062
2024-05-12 19:39:48,-44.7432,18.026535,-47.28021,343.78867,869.53625,0.0039205654,-320.10721160090907,65.0,S_2062
2024-05-12 19:39:49,-44.70466,18.02626,-47.224255,343.76068,869.47327,0.0039264774,-311.68081531641656,65.0,S_2062
2024-05-12 19:39:50,-44.66611,18.025986,-47.168304,343.73972,869.46954,0.0039281626,-302.45927655680134,65.0,S_2062
2024-05-12 19:39:51,-44.62755,18.025711,-47.11235,343.71173,869.4844,0.003932626,-290.99515554177196,65.0,S_2062
2024-05-12 19:39:52,-44.588978,18.025436,-47.049404,343.69077,869.48627,0.004174585,-282.13552081571834,65.0,S_2062
2024-05-12 19:39:53,-44.550392,18.025177,-46.99345,343.66278,869.4807,0.00417892,-272.03331074550806,65.0,S_2062
2024-05-12 19:39:54,-44.5118,18.024902,-46.937496,343.64178,869.4769,0.004223536,-261.46686969022267,65.0,S_2062
2024-05-12 19:39:55,-44.473194,18.024643,-46.881546,343.62082,869.4844,0.0042278813,-250.2070411393288,65.0,S_2062
2024-05-12 19:39:56,-44.434578,18.024384,-46.825592,343.59283,869.4973,0.00400157,-241.20712717696006,65.0,S_2062
2024-05-12 19:39:57,-44.39595,18.024109,-46.769638,343.57184,869.46954,0.0040060333,-231.38633266579563,65.0,S_2062
2024-05-12 19:39:58,-44.35731,18.02385,-46.713688,343.54388,869.38617,0.004009162,-222.31068303510256,65.0,S_2062
2024-05-12 19:39:59,-44.31866,18.02359,-46.657734,343.5229,869.30286,0.0040136226,-209.99888977929368,65.0,S_2062
2024-05-12 19:40:00,-44.28,18.02333,-46.594788,343.50192,869.27325,0.0040216167,-202.65067571825057,65.0,S_2062
2024-05-12 19:40:01,-44.24149,18.023071,-46.538834,343.48093,869.28436,0.004026159,-192.638718689268,65.0,S_2062
2024-05-12 19:40:02,-44.202965,18.022797,-46.48288,343.45294,869.2881,0.0039861985,-183.04588013090688,65.0,S_2062
2024-05-12 19:40:03,-44.164425,18.022537,-46.426926,343.425,869.2862,0.003992166,-174.01910386151576,65.0,S_2062
2024-05-12 19:40:04,-44.125866,18.022278,-46.370975,343.404,869.2973,0.003960466,-162.0258097388869,65.0,S_2062
2024-05-12 19:40:05,-44.08729,18.022018,-46.30803,343.383,869.2973,0.0039657233,-151.97649623078905,65.0,S_2062
2024-05-12 19:40:06,-44.0487,18.021759,-46.24508,343.36203,869.23804,0.0036775698,-146.18400721871149,65.0,S_2062
2024-05-12 19:40:07,-44.01009,18.0215,-46.18913,343.33405,869.14545,0.0036836076,-139.08848656335613,65.0,S_2062
2024-05-12 19:40:08,-43.971466,18.021255,-46.133175,343.31308,869.0843,0.0034198917,-133.51020326418075,65.0,S_2062
2024-05-12 19:40:09,-43.932823,18.020996,-46.07722,343.29208,869.0825,0.003424565,-130.45872355516622,65.0,S_2062
2024-05-12 19:40:10,-43.894165,18.020752,-46.028263,343.27112,869.0936,0.0033838653,-122.56778464726813,65.0,S_2062
2024-05-12 19:40:11,-43.85549,18.020493,-45.97231,343.24313,869.0899,0.0033885178,-117.32233846177405,65.0,S_2062
2024-05-12 19:40:12,-43.8168,18.020248,-45.91636,343.22214,869.09546,0.0033973553,-108.79707977927319,65.0,S_2062
2024-05-12 19:40:13,-43.77809,18.020004,-45.85341,343.19418,869.1121,0.0034027384,-102.84923592583073,65.0,S_2062
2024-05-12 19:40:14,-43.739365,18.019745,-45.790462,343.1732,869.07697,0.0031575013,-103.23318798713444,65.0,S_2062
2024-05-12 19:40:15,-43.700623,18.0195,-45.741505,343.1522,868.9732,0.0031615004,-96.75057000876404,65.0,S_2062
2024-05-12 19:40:16,-43.661865,18.019257,-45.68555,343.12424,868.88434,0.002900153,-94.5808422445698,65.0,S_2062
2024-05-12 19:40:17,-43.62309,18.019028,-45.629597,343.10324,868.8714,0.002904975,-92.21133560764429,65.0,S_2062
2024-05-12 19:40:18,-43.584297,18.018784,-45.573647,343.08228,868.8917,0.0026596738,-89.39718386652385,65.0,S_2062
2024-05-12 19:40:19,-43.54549,18.01854,-45.5107,343.06128,868.90466,0.0026653456,-88.50802490464412,65.0,S_2062
2024-05-12 19:40:20,-43.506664,18.01831,-45.44775,343.0403,868.8991,0.0027129827,-88.87279075710103,65.0,S_2062
2024-05-12 19:40:21,-43.467823,18.018066,-45.3918,343.01233,868.89355,0.0027193716,-87.80297196516767,65.0,S_2062
2024-05-12 19:40:22,-43.428967,18.017838,-45.335846,342.99133,868.89545,0.0027215632,-88.09230339748319,65.0,S_2062
2024-05-12 19:40:23,-43.39009,18.017609,-45.28689,342.96338,868.9084,0.0027257418,-84.98634275016957,65.0,S_2062
2024-05-12 19:40:24,-43.3512,18.017365,-45.230934,342.94238,868.9084,0.0025031613,-85.11579539482773,65.0,S_2062
2024-05-12 19:40:25,-43.31229,18.017136,-45.17498,342.9214,868.8472,0.002508168,-85.20283688996278,65.0,S_2062
2024-05-12 19:40:26,-43.273365,18.016907,-45.119026,342.90042,868.7565,0.002511912,-83.3581781449684,65.0,S_2062
2024-05-12 19:40:27,-43.234425,18.016678,-45.05608,342.87943,868.69543,0.002517646,-83.4283952407568,65.0,S_2062
2024-05-12 19:40:28,-43.195465,18.016464,-44.993134,342.85846,868.69354,0.0025260895,-85.32605793366383,65.0,S_2062
2024-05-12 19:40:29,-43.15649,18.016235,-44.93718,342.83746,868.7047,0.0025310707,-85.21811560163769,65.0,S_2062
2024-05-12 19:40:30,-43.1175,18.016006,-44.88123,342.8165,868.701,0.0025333285,-84.66391857321287,65.0,S_2062
2024-05-12 19:40:31,-43.07849,18.015793,-44.825275,342.7885,868.7065,0.0025397711,-82.71509467610304,65.0,S_2062
2024-05-12 19:40:32,-43.039467,18.015564,-44.76233,342.76752,868.7232,0.0025481682,-84.00062936768518,65.0,S_2062
2024-05-12 19:40:33,-43.000423,18.01535,-44.706375,342.73956,868.688,0.0025531203,-83.85335203292198,65.0,S_2062
2024-05-12 19:40:34,-42.961365,18.015137,-44.65042,342.71857,868.58246,0.0025553575,-83.52864354611665,65.0,S_2062
2024-05-12 19:40:35,-42.92229,18.014923,-44.59447,342.6976,868.49536,0.0025603024,-83.15613266708533,65.0,S_2062
2024-05-12 19:40:36,-42.883198,18.01471,-44.538517,342.6766,868.4824,0.0025694063,-82.71533141339023,65.0,S_2062
2024-05-12 19:40:37,-42.84409,18.014496,-44.482563,342.6556,868.5047,0.0025743311,-80.2934351834192,65.0,S_2062
2024-05-12 19:40:38,-42.804966,18.014282,-44.419617,342.63464,868.5102,0.0025772697,-81.30029226032639,65.0,S_2062
2024-05-12 19:40:39,-42.765823,18.014069,-44.363663,342.60666,868.5065,0.002582181,-78.94928488181176,65.0,S_2062
2024-05-12 19:40:40,-42.726665,18.01387,-44.300716,342.5857,868.5213,0.0025919785,-82.19977874919277,65.0,S_2062
2024-05-12 19:40:41,-42.68749,18.013657,-44.25176,342.5647,868.5213,0.002596156,-79.57805596257822,65.0,S_2062
2024-05-12 19:40:42,-42.6483,18.013458,-44.195805,342.54373,868.4454,0.002598351,-78.87819541085628,65.0,S_2062
2024-05-12 19:40:43,-42.60909,18.013245,-44.13985,342.52274,868.3361,0.0026032361,-78.13676819107786,65.0,S_2062
2024-05-12 19:40:44,-42.569866,18.013046,-44.0839,342.50174,868.288,0.0026108045,-75.36753708087781,65.0,S_2062
2024-05-12 19:40:45,-42.530624,18.012848,-44.02095,342.48077,868.2991,0.002616388,-74.09436477832787,65.0,S_2062
2024-05-12 19:40:46,-42.491364,18.01265,-43.958004,342.4528,868.31573,0.0026633693,-75.02191049325484,65.0,S_2062
2024-05-12 19:40:47,-42.45209,18.012451,-43.902054,342.43182,868.3121,0.002668251,-73.80918960679992,65.0,S_2062
2024-05-12 19:40:48,-42.4128,18.012253,-43.8461,342.41083,868.3176,0.0026758083,-74.53554318591341,65.0,S_2062
2024-05-12 19:40:49,-42.37349,18.012054,-43.797142,342.38983,868.3342,0.002679965,-71.2882001748294,65.0,S_2062
2024-05-12 19:40:50,-42.334164,18.011871,-43.741188,342.36887,868.29724,0.0026836302,-67.92349903399008,65.0,S_2062
2024-05-12 19:40:51,-42.294823,18.011673,-43.67824,342.34787,868.1898,0.0026891944,-66.44465865335951,65.0,S_2062
2024-05-12 19:40:52,-42.255466,18.011475,-43.615295,342.3269,868.10834,0.0026974278,-66.91995285150188,65.0,S_2062
2024-05-12 19:40:53,-42.21609,18.011292,-43.55934,342.3059,868.1046,0.0027022678,-67.4362601874891,65.0,S_2062
2024-05-12 19:40:54,-42.176697,18.011108,-43.510384,342.28494,868.12134,0.0027037247,-63.97925438139646,65.0,S_2062
2024-05-12 19:40:55,-42.13729,18.010925,-43.45443,342.26395,868.11945,0.002708554,-60.377744022938714,65.0,S_2062
2024-05-12 19:40:56,-42.097866,18.010727,-43.391483,342.24298,868.1157,0.0027182403,-60.66690693797136,65.0,S_2062
2024-05-12 19:40:57,-42.058422,18.010544,-43.33553,342.222,868.1343,0.002723057,-56.512927487863635,65.0,S_2062
2024-05-12 19:40:58,-42.018967,18.010376,-43.272583,342.194,868.13245,0.0027259006,-56.87195308399532,65.0,S_2062
2024-05-12 19:40:59,-41.97949,18.010193,-43.21663,342.17303,868.05273,0.0027307107,-55.11246569445939,65.0,S_2062
2024-05-12 19:41:00,-41.94,18.01001,-43.160675,342.15204,867.9454,0.002738165,-53.29648403926694,65.0,S_2062
2024-05-12 19:41:01,-41.900738,18.009827,-43.104725,342.13107,867.9028,0.002744511,-49.358133610403456,65.0,S_2062
2024-05-12 19:41:02,-41.86145,18.009644,-43.041775,342.11008,867.91943,0.0027473925,-49.3819982447385,65.0,S_2062
2024-05-12 19:41:03,-41.822136,18.009476,-42.985825,342.0891,867.93054,0.0027522303,-47.434036959042714,65.0,S_2062
2024-05-12 19:41:04,-41.7828,18.009293,-42.92987,342.0681,867.9268,0.002759715,-45.429328856567736,65.0,S_2062
2024-05-12 19:41:05,-41.743435,18.00911,-42.873917,342.04715,867.91754,0.0027645344,-43.38026391342282,65.0,S_2062
2024-05-12 19:41:06,-41.70405,18.008942,-42.817966,342.02615,867.9158,0.0027681934,-41.29412216039782,65.0,S_2062
2024-05-12 19:41:07,-41.664635,18.008774,-42.762012,342.00516,867.9287,0.0027730004,-37.083172072976595,65.0,S_2062
2024-05-12 19:41:08,-41.6252,18.008606,-42.699066,341.9842,867.9454,0.0027811371,-36.80427827049425,65.0,S_2062
2024-05-12 19:41:09,-41.585735,18.008423,-42.643112,341.9632,867.9083,0.002785925,-34.569306158446125,65.0,S_2062
2024-05-12 19:41:10,-41.54625,18.008255,-42.58716,341.94223,867.8009,0.0027880603,-32.30587184997421,65.0,S_2062
2024-05-12 19:41:11,-41.506737,18.008102,-42.531204,341.92123,867.7194,0.0027928334,-30.003363442927366,65.0,S_2062
2024-05-12 19:41:12,-41.4672,18.007935,-42.475254,341.90027,867.71387,0.0028017405,-27.6269723262958,65.0,S_2062
2024-05-12 19:41:13,-41.427635,18.007767,-42.4193,341.87927,867.73236,0.0028065045,-25.211451567032782,65.0,S_2062
2024-05-12 19:41:14,-41.38805,18.007614,-42.363346,341.8583,867.7305,0.0025673558,-24.32553484485834,65.0,S_2062
2024-05-12 19:41:15,-41.34844,18.007446,-42.307396,341.8373,867.7268,0.0025721977,-21.461304832228052,65.0,S_2062
2024-05-12 19:41:16,-41.3088,18.007294,-42.244446,341.8163,867.7435,0.002620913,-22.113540311351244,65.0,S_2062
2024-05-12 19:41:17,-41.26914,18.007141,-42.188496,341.79535,867.7435,0.0026272698,-20.801688725834538,65.0,S_2062
2024-05-12 19:41:18,-41.22945,18.006973,-42.13254,341.77435,867.6639,0.0026294834,-19.466730490828922,65.0,S_2062
2024-05-12 19:41:19,-41.189735,18.00682,-42.076588,341.7534,867.55457,0.0026343232,-16.10735759531235,65.0,S_2062
2024-05-12 19:41:20,-41.15,18.006683,-42.01364,341.7324,867.5157,0.002642458,-16.563873303508444,65.0,S_2062
2024-05-12 19:41:21,-41.110237,18.00653,-41.957687,341.71143,867.5305,0.0026472793,-13.086472542301635,65.0,S_2062
2024-05-12 19:41:22,-41.07045,18.006378,-41.89474,341.69043,867.5361,0.0026516588,-15.430039529557689,65.0,S_2062
2024-05-12 19:41:23,-41.030636,18.006226,-41.845783,341.66946,867.53235,0.0026557914,-11.964160380295652,65.0,S_2062
2024-05-12 19:41:24,-40.9908,18.006088,-41.78983,341.64847,867.549,0.0026632133,-10.33839214128966,65.0,S_2062
2024-05-12 19:41:25,-40.95094,18.00595,-41.733875,341.6275,867.562,0.0026680033,-6.664050384606526,65.0,S_2062
2024-05-12 19:41:26,-40.91105,18.005798,-41.67093,341.6065,867.5176,0.0026708401,-4.849227115344547,65.0,S_2062
2024-05-12 19:41:27,-40.87114,18.005661,-41.607983,341.5855,867.4101,0.0026762912,-4.991179607612139,65.0,S_2062
2024-05-12 19:41:28,-40.8312,18.005524,-41.55203,341.56454,867.3305,0.002461284,-4.616759374679532,65.0,S_2062
2024-05-12 19:41:29,-40.791237,18.005386,-41.49608,341.54355,867.3268,0.002466132,-4.52842796339246,65.0,S_2062
2024-05-12 19:41:30,-40.75125,18.005249,-41.440125,341.52957,867.3416,0.0024683618,-3.951482677090098,65.0,S_2062
2024-05-12 19:41:31,-40.71124,18.005127,-41.38417,341.50858,867.3397,0.0024731962,-1.2035420971733402,65.0,S_2062
2024-05-12 19:41:32,-40.6712,18.00499,-41.321224,341.48062,867.34344,0.002704843,-1.2225899920449592,65.0,S_2062
2024-05-12 19:41:33,-40.631138,18.004852,-41.26527,341.45963,867.36566,0.0027110984,0.45993191465822747,65.0,S_2062
2024-05-12 19:41:34,-40.59105,18.00473,-41.20932,341.44565,867.35455,0.0027132153,2.6675717939724564,65.0,S_2062
2024-05-12 19:41:35,-40.550938,18.004608,-41.153366,341.42465,867.2731,0.0027179297,4.78360466947197,65.0,S_2062
2024-05-12 19:41:36,-40.5108,18.00447,-41.097412,341.4037,867.1657,0.0025020437,5.519581967993872,65.0,S_2062
2024-05-12 19:41:37,-40.47064,18.004349,-41.04146,341.3827,867.1268,0.0025068293,8.176778104025288,65.0,S_2062
2024-05-12 19:41:38,-40.43045,18.004227,-40.97851,341.36172,867.14154,0.0025096699,7.10868808489613,65.0,S_2062
2024-05-12 19:41:39,-40.39024,18.004105,-40.92256,341.34073,867.149,0.0025159772,7.972356319616665,65.0,S_2062
2024-05-12 19:41:40,-40.350002,18.003998,-40.866608,341.31973,867.1453,0.002482039,8.288803454182926,65.0,S_2062
2024-05-12 19:41:41,-40.30974,18.003876,-40.810654,341.30576,867.1564,0.0024867565,10.978670985481585,65.0,S_2062
2024-05-12 19:41:42,-40.26945,18.003754,-40.747707,341.2848,867.15454,0.0024895356,11.702993327962758,65.0,S_2062
2024-05-12 19:41:43,-40.229137,18.003647,-40.68476,341.2638,867.0971,0.0024948951,10.609484246888314,65.0,S_2062
2024-05-12 19:41:44,-40.1888,18.003525,-40.628807,341.2428,867.0046,0.0025436128,11.712123603087093,65.0,S_2062
2024-05-12 19:41:45,-40.148438,18.003418,-40.572853,341.22183,866.9434,0.0025498786,10.975040360135608,65.0,S_2062
2024-05-12 19:41:46,-40.10805,18.003311,-40.523895,341.20084,866.9416,0.002551362,15.931483870073862,65.0,S_2062
2024-05-12 19:41:47,-40.06764,18.003204,-40.46095,341.17987,866.9527,0.0025567207,15.291466933609627,65.0,S_2062
2024-05-12 19:41:48,-40.027203,18.003098,-40.404995,341.15887,866.949,0.0025640035,0.0,65.0,S_2062
