datetime,mlat,mlt,glat,glon,alt,Ex,pot,cpcp_kV,pass_id
2024-05-14 00:02:39,-40.050873,5.5785065,-28.382114,83.35585,853.9368,-0.00052805577,-3.35398296882554,6.0,S_1743
2024-05-14 00:02:40,-40.11111,5.5763855,-28.438066,83.34186,854.02386,-0.0005262506,-25.548900931452014,6.0,S_1743
2024-05-14 00:02:41,-40.171318,5.5742645,-28.501013,83.32787,854.1016,-0.0005183291,-49.49570100655459,6.0,S_1743
2024-05-14 00:02:42,-40.2315,5.5721436,-28.556967,83.31388,854.1239,-0.0005060725,-71.62845331642619,6.0,S_1743
2024-05-14 00:02:43,-40.29165,5.5700073,-28.619913,83.2929,854.1072,-0.00049808307,-95.87602740488614,6.0,S_1743
2024-05-14 00:02:44,-40.351776,5.567871,-28.675867,83.278915,854.0813,-0.00049617275,-117.56787762022552,6.0,S_1743
2024-05-14 00:02:45,-40.411873,5.565735,-28.73182,83.25793,854.0998,-0.00048903114,-139.5855126948788,6.0,S_1743
2024-05-14 00:02:46,-40.471943,5.5635834,-28.787773,83.24394,854.1943,-0.00047665095,-161.42021119976405,6.0,S_1743
2024-05-14 00:02:47,-40.531982,5.561432,-28.85072,83.22996,854.29425,-0.00046853072,-185.46391330638693,6.0,S_1743
2024-05-14 00:02:48,-40.592,5.5592804,-28.913666,83.20897,854.3183,-0.0004614499,-209.49558672964548,6.0,S_1743
2024-05-14 00:02:49,-40.651985,5.557129,-28.96962,83.194984,854.2998,-0.00045436912,-231.17152112289244,6.0,S_1743
2024-05-14 00:02:50,-40.71194,5.554962,-29.032566,83.18099,854.2979,-0.00037985703,-254.22030465379615,6.0,S_1743
2024-05-14 00:02:51,-40.771873,5.5527954,-29.08852,83.16701,854.3017,-0.00037241192,-275.09893744577676,6.0,S_1743
2024-05-14 00:02:52,-40.831776,5.5506134,-29.144472,83.14603,854.2906,-0.00082798826,-298.6385532893407,6.0,S_1743
2024-05-14 00:02:53,-40.89165,5.5484314,-29.193432,83.132034,854.2794,-0.00081865967,-320.09265672643323,6.0,S_1743
2024-05-14 00:02:54,-40.951496,5.5462494,-29.249384,83.11805,854.3331,-0.0008093311,-344.41915372617575,6.0,S_1743
2024-05-14 00:02:55,-41.01132,5.5440674,-29.31233,83.09707,854.44244,-0.0008011791,-371.2139910409186,6.0,S_1743
2024-05-14 00:02:56,-41.07111,5.54187,-29.375278,83.08308,854.51465,-0.00056585297,-395.8671712871984,6.0,S_1743
2024-05-14 00:02:57,-41.13087,5.539673,-29.438225,83.06909,854.5109,-0.0003305268,-418.65662553167704,6.0,S_1743
2024-05-14 00:02:58,-41.19061,5.5374756,-29.494179,83.04811,854.47943,-0.00031828147,-439.5840808292909,6.0,S_1743
2024-05-14 00:02:59,-41.250317,5.535263,-29.55013,83.03412,854.45905,-0.00030603612,-459.9677271060364,6.0,S_1743
2024-05-14 00:03:00,-41.309998,5.5330505,-29.606083,83.020134,854.4888,-0.00030094845,-480.3186242238456,6.0,S_1743
2024-05-14 00:03:01,-41.36973,5.5308533,-29.662037,83.00614,854.585,-0.0002958608,-500.6907764069614,6.0,S_1743
2024-05-14 00:03:02,-41.429436,5.5286407,-29.717989,82.98516,854.68317,-0.0003455349,-521.7892492416075,6.0,S_1743
2024-05-14 00:03:03,-41.48911,5.526428,-29.773943,82.97117,854.7128,-0.00033788104,-542.6836901064685,6.0,S_1743
2024-05-14 00:03:04,-41.54875,5.5242157,-29.83689,82.95019,854.69055,-0.00033451547,-566.1548503936629,6.0,S_1743
2024-05-14 00:03:05,-41.608364,5.521988,-29.899836,82.9362,854.6647,-0.00032585597,-589.0952019995276,6.0,S_1743
2024-05-14 00:03:06,-41.66795,5.51976,-29.962784,82.92221,854.68506,-0.0003079945,-611.7314411338261,6.0,S_1743
2024-05-14 00:03:07,-41.7275,5.5175323,-30.018736,82.90123,854.7758,-0.00030023744,-632.3121464591433,6.0,S_1743
2024-05-14 00:03:08,-41.78702,5.5152893,-30.067696,82.887245,854.8776,-0.0002986829,-650.456195028615,6.0,S_1743
2024-05-14 00:03:09,-41.84651,5.5130463,-30.123648,82.87325,854.91656,-0.00029087684,-670.7890145810416,6.0,S_1743
2024-05-14 00:03:10,-41.90597,5.510788,-30.179602,82.85227,854.90173,-0.00021402098,-691.2130220846773,6.0,S_1743
2024-05-14 00:03:11,-41.9654,5.5085297,-30.242548,82.83829,854.87024,-0.00020504976,-713.3223222948678,6.0,S_1743
2024-05-14 00:03:12,-42.0248,5.5062714,-30.305494,82.8173,854.861,-0.00020133436,-735.6888125674542,6.0,S_1743
2024-05-14 00:03:13,-42.084167,5.504013,-30.361448,82.803314,854.9184,-0.00019328442,-755.3476156427604,6.0,S_1743
2024-05-14 00:03:14,-42.143505,5.5017395,-30.4174,82.78932,855.02765,-0.00017992978,-774.952927689608,6.0,S_1743
2024-05-14 00:03:15,-42.202812,5.4994507,-30.473354,82.76834,855.098,-0.00017202954,-795.0753315518766,6.0,S_1743
2024-05-14 00:03:16,-42.26209,5.497177,-30.5363,82.75436,855.0962,-0.0001641293,-816.7616605887141,6.0,S_1743
2024-05-14 00:03:17,-42.321335,5.4948883,-30.592255,82.733376,855.0628,-0.000155974,-836.6505425137682,6.0,S_1743
2024-05-14 00:03:18,-42.38055,5.4925995,-30.648207,82.71938,855.0443,-0.00014251046,-855.983183879647,6.0,S_1743
2024-05-14 00:03:19,-42.439735,5.4902954,-30.704159,82.7054,855.07214,-0.00013430262,-875.3650922451585,6.0,S_1743
2024-05-14 00:03:20,-42.498886,5.4879913,-30.767107,82.69141,855.1702,-0.00013036933,-896.9270963318747,6.0,S_1743
2024-05-14 00:03:21,-42.55801,5.4856873,-30.830053,82.670425,855.26843,-0.00011894747,-918.7622967260478,6.0,S_1743
2024-05-14 00:03:22,-42.617104,5.483368,-30.886007,82.65643,855.29065,-0.000107525615,-937.8115463662903,6.0,S_1743
2024-05-14 00:03:23,-42.676167,5.4810486,-30.934965,82.63545,855.274,-9.638263e-05,-955.2187318113719,6.0,S_1743
2024-05-14 00:03:24,-42.7352,5.478714,-30.997911,82.61447,855.27026,-9.23468e-05,-976.9548173265987,6.0,S_1743
2024-05-14 00:03:25,-42.7942,5.4763794,-31.06086,82.60049,855.2721,-8.298128e-05,-998.0897239965379,6.0,S_1743
2024-05-14 00:03:26,-42.853172,5.474045,-31.116812,82.586494,855.261,-6.929034e-05,-1017.0157309278499,6.0,S_1743
2024-05-14 00:03:27,-42.912113,5.47171,-31.17976,82.56551,855.27026,-6.301091e-05,-1038.4925375156947,6.0,S_1743
2024-05-14 00:03:28,-42.97102,5.4693604,-31.235712,82.55152,855.3388,-5.6731486e-05,-1057.2738247288999,6.0,S_1743
2024-05-14 00:03:29,-43.0299,5.4670105,-31.291666,82.53754,855.4277,-4.8265123e-05,-1076.0011318153104,6.0,S_1743
2024-05-14 00:03:30,-43.08875,5.4646454,-31.347618,82.52355,855.4833,-3.4460885e-05,-1094.6399021796258,6.0,S_1743
2024-05-14 00:03:31,-43.147568,5.4622803,-31.40357,82.50956,855.4814,-2.5944173e-05,-1113.2292290981752,6.0,S_1743
2024-05-14 00:03:32,-43.206356,5.459915,-31.459524,82.48858,855.45544,-1.890905e-05,-1132.2522597342406,6.0,S_1743
2024-05-14 00:03:33,-43.265114,5.457535,-31.52247,82.4676,855.44617,-9.327079e-06,-1153.3823092131654,6.0,S_1743
2024-05-14 00:03:34,-43.323837,5.4551544,-31.578424,82.453606,855.5018,-6.239975e-05,-1172.2065766931892,6.0,S_1743
2024-05-14 00:03:35,-43.382534,5.452774,-31.634377,82.432625,855.6092,-5.392394e-05,-1191.4331797398281,6.0,S_1743
2024-05-14 00:03:36,-43.4412,5.4503784,-31.69033,82.41864,855.6851,-5.0738046e-05,-1210.2089168260477,6.0,S_1743
2024-05-14 00:03:37,-43.499836,5.447983,-31.753277,82.40465,855.6925,-4.1175284e-05,-1231.1013370594876,6.0,S_1743
2024-05-14 00:03:38,-43.558437,5.445587,-31.816223,82.39066,855.66473,-2.9422787e-05,-1251.8927004528211,6.0,S_1743
2024-05-14 00:03:39,-43.617012,5.4431763,-31.872177,82.369675,855.63696,-1.7670289e-05,-1270.8879664721983,6.0,S_1743
2024-05-14 00:03:40,-43.675556,5.4407654,-31.92813,82.348694,855.6573,-9.82792e-06,-1289.8298938530831,6.0,S_1743
2024-05-14 00:03:41,-43.734066,5.4383545,-31.984083,82.33471,855.75183,-1.9855506e-06,-1308.255747599209,6.0,S_1743
2024-05-14 00:03:42,-43.79255,5.4359283,-32.047028,82.31373,855.8518,0.00045439508,-1326.434713175189,6.0,S_1743
2024-05-14 00:03:43,-43.851,5.433502,-32.10298,82.299736,855.8796,0.00046333173,-1341.905421027304,6.0,S_1743
2024-05-14 00:03:44,-43.909424,5.431061,-32.158936,82.28575,855.8592,0.00046695388,-1357.2731196606208,6.0,S_1743
2024-05-14 00:03:45,-43.96781,5.4286194,-32.21489,82.26476,855.837,0.0004759359,-1372.7680929161397,6.0,S_1743
2024-05-14 00:03:46,-44.026173,5.426178,-32.277836,82.25078,855.85364,4.899474e-05,-1393.0399667488932,6.0,S_1743
2024-05-14 00:03:47,-44.084503,5.4237366,-32.33379,82.2298,855.924,6.151041e-05,-1411.5236394818157,6.0,S_1743
2024-05-14 00:03:48,-44.1428,5.42128,-32.38974,82.215805,856.01294,6.49775e-05,-1429.4571078958606,6.0,S_1743
2024-05-14 00:03:49,-44.20107,5.418808,-32.452686,82.194824,856.06665,0.000111606314,-1449.8045221830853,6.0,S_1743
2024-05-14 00:03:50,-44.259304,5.4163513,-32.50864,82.18084,856.06476,0.00015823513,-1467.0841631838623,6.0,S_1743
2024-05-14 00:03:51,-44.317513,5.4138794,-32.571587,82.16685,856.0389,0.00016831765,-1486.6990821657562,6.0,S_1743
2024-05-14 00:03:52,-44.37569,5.411392,-32.62055,82.14587,856.02954,0.00017469862,-1502.1436402182637,6.0,S_1743
2024-05-14 00:03:53,-44.433834,5.4089203,-32.683495,82.13188,856.087,0.00018107958,-1521.54903150591,6.0,S_1743
2024-05-14 00:03:54,-44.49195,5.406433,-32.73945,82.11089,856.1962,0.00019552006,-1538.998408751054,6.0,S_1743
2024-05-14 00:03:55,-44.550034,5.4039307,-32.802395,82.08991,856.26483,0.00020436439,-1558.751387270686,6.0,S_1743
2024-05-14 00:03:56,-44.60809,5.4014435,-32.858345,82.07593,856.26294,0.00021320874,-1575.9572555308107,6.0,S_1743
2024-05-14 00:03:57,-44.66611,5.398926,-32.907307,82.061935,856.23145,0.00022129035,-1590.7325080224884,6.0,S_1743
2024-05-14 00:03:58,-44.724106,5.3964233,-32.963257,82.040955,856.21106,0.0001528775,-1608.509210118141,6.0,S_1743
2024-05-14 00:03:59,-44.78207,5.3939056,-33.026207,82.02697,856.24066,8.446467e-05,-1628.5382053694645,6.0,S_1743
2024-05-14 00:04:00,-44.84,5.391388,-33.082157,82.00598,856.337,1.6051832e-05,-1647.285223756768,6.0,S_1743
2024-05-14 00:04:01,-44.897984,5.3888855,-33.145103,81.992,856.4352,-5.2361007e-05,-1668.2326672432132,6.0,S_1743
2024-05-14 00:04:02,-44.955933,5.386383,-33.208054,81.978004,856.46295,-0.000120773846,-1689.5956931515318,6.0,S_1743
2024-05-14 00:04:03,-45.01385,5.3838654,-33.264004,81.95702,856.44257,-0.00018918669,-1709.6517747896005,6.0,S_1743
2024-05-14 00:04:04,-45.07173,5.3813477,-33.319958,81.94304,856.4222,-0.00018006894,-1729.2146232962218,6.0,S_1743
2024-05-14 00:04:05,-45.12958,5.37883,-33.37591,81.92206,856.437,-0.0001709512,-1749.182668295841,6.0,S_1743
2024-05-14 00:04:06,-45.1874,5.376297,-33.431866,81.90107,856.5093,-0.00016183345,-1769.0648154318553,6.0,S_1743
2024-05-14 00:04:07,-45.245182,5.373749,-33.487816,81.887085,856.59814,-0.00018595303,-1788.7992784720773,6.0,S_1743
2024-05-14 00:04:08,-45.302933,5.371216,-33.550762,81.866104,856.65,-0.00021007263,-1811.3258272562496,6.0,S_1743
2024-05-14 00:04:09,-45.36065,5.3686523,-33.613712,81.85211,856.64813,-0.00023419221,-1833.3792864851332,6.0,S_1743
2024-05-14 00:04:10,-45.418335,5.366104,-33.669662,81.83813,856.62225,-0.0002583118,-1853.4434973624827,6.0,S_1743
2024-05-14 00:04:11,-45.475983,5.3635406,-33.725616,81.81715,856.6129,-0.00028243137,-1874.0836012551686,6.0,S_1743
2024-05-14 00:04:12,-45.5336,5.360962,-33.78157,81.803154,856.67035,-0.00030655097,-1894.4609626833164,6.0,S_1743
2024-05-14 00:04:13,-45.591183,5.3583984,-33.837524,81.78217,856.7796,-0.00033067053,-1915.7048468836315,6.0,S_1743
2024-05-14 00:04:14,-45.64873,5.3558044,-33.90047,81.76119,856.85,-0.00035479013,-1939.2515648662861,6.0,S_1743
2024-05-14 00:04:15,-45.70625,5.3532257,-33.963417,81.7472,856.8463,-0.00037890972,-1962.2145656942905,6.0,S_1743
2024-05-14 00:04:16,-45.763733,5.3506317,-34.01937,81.733215,856.8148,-0.0004030293,-1983.5142139347313,6.0,S_1743
2024-05-14 00:04:17,-45.821182,5.3480225,-34.082317,81.712234,856.7963,-0.0004271489,-2006.9215865720955,6.0,S_1743
2024-05-14 00:04:18,-45.8786,5.3454285,-34.131275,81.69824,856.8241,-0.00041352698,-2025.8059963109429,6.0,S_1743
2024-05-14 00:04:19,-45.93598,5.342804,-34.18723,81.67726,856.92224,-0.00040051376,-2047.1853478329535,6.0,S_1743
2024-05-14 00:04:20,-45.993332,5.3401947,-34.24318,81.66327,857.02045,-0.000482077,-2069.0524323609893,6.0,S_1743
2024-05-14 00:04:21,-46.050648,5.33757,-34.30613,81.64229,857.0463,-0.00056364026,-2093.7355848374773,6.0,S_1743
2024-05-14 00:04:22,-46.107933,5.3349304,-34.36208,81.62131,857.02594,-0.0006452035,-2116.6617495855144,6.0,S_1743
2024-05-14 00:04:23,-46.165184,5.3322906,-34.418034,81.60732,857.00555,-0.00072676677,-2139.64005618619,6.0,S_1743
2024-05-14 00:04:24,-46.2224,5.329651,-34.473988,81.59333,857.02045,-0.00080833,-2163.8668031942752,6.0,S_1743
2024-05-14 00:04:25,-46.279583,5.326996,-34.536934,81.57235,857.09265,-0.0007952099,-2190.526120464274,6.0,S_1743
2024-05-14 00:04:26,-46.33673,5.324341,-34.59988,81.55836,857.1815,-0.00078208983,-2216.157448214189,6.0,S_1743
2024-05-14 00:04:27,-46.39385,5.321686,-34.655834,81.53738,857.2334,-0.0007689697,-2239.9852026341478,6.0,S_1743
2024-05-14 00:04:28,-46.45093,5.3190155,-34.71179,81.516396,857.2334,-0.0006084421,-2262.6712391910464,6.0,S_1743
2024-05-14 00:04:29,-46.507984,5.31633,-34.76774,81.50241,857.20746,-0.0004479145,-2284.2789215746434,6.0,S_1743
2024-05-14 00:04:30,-46.565,5.3136597,-34.83069,81.48142,857.19635,-0.00028738688,-2307.107989449468,6.0,S_1743
2024-05-14 00:04:31,-46.621983,5.310959,-34.88664,81.46744,857.2537,-0.0002776961,-2327.2732846370554,6.0,S_1743
2024-05-14 00:04:32,-46.678932,5.3082733,-34.942593,81.44646,857.363,-0.00027337662,-2347.873893698454,6.0,S_1743
2024-05-14 00:04:33,-46.735847,5.3055725,-34.998547,81.425476,857.43335,-0.00025856763,-2368.5332990959555,6.0,S_1743
2024-05-14 00:04:34,-46.792732,5.3028564,-35.061493,81.41148,857.4316,-0.00024375861,-2390.615275873217,6.0,S_1743
2024-05-14 00:04:35,-46.849583,5.3001556,-35.117447,81.3975,857.4001,-0.00023536052,-2410.67717277226,6.0,S_1743
2024-05-14 00:04:36,-46.9064,5.2974243,-35.180393,81.37651,857.3797,-0.00022696244,-2433.113369067744,6.0,S_1743
2024-05-14 00:04:37,-46.96318,5.2947083,-35.236343,81.362526,857.4093,-0.00021856435,-2452.726059788039,6.0,S_1743
2024-05-14 00:04:38,-47.01993,5.291977,-35.285305,81.341545,857.5056,-0.00020658482,-2470.706212098808,6.0,S_1743
2024-05-14 00:04:39,-47.07665,5.2892303,-35.341255,81.320564,857.6038,-0.0001946053,-2490.929918073016,6.0,S_1743
2024-05-14 00:04:40,-47.13333,5.286484,-35.404205,81.299576,857.6316,-0.0004115653,-2514.845436102749,6.0,S_1743
2024-05-14 00:04:41,-47.189983,5.283737,-35.46715,81.28559,857.6112,-0.00062852533,-2538.9906448157053,6.0,S_1743
2024-05-14 00:04:42,-47.246597,5.2809753,-35.51611,81.26461,857.58527,-0.000614551,-2559.5185527720705,6.0,S_1743
2024-05-14 00:04:43,-47.30318,5.2782135,-35.572063,81.25062,857.6038,-0.0006047672,-2582.2442598894013,6.0,S_1743
2024-05-14 00:04:44,-47.359734,5.2754517,-35.63501,81.22964,857.69635,-0.00059917517,-2607.0272860172536,6.0,S_1743
2024-05-14 00:04:45,-47.41625,5.2726746,-35.690964,81.21565,857.7983,-0.00074974285,-2630.799338450115,6.0,S_1743
2024-05-14 00:04:46,-47.472733,5.2698975,-35.75391,81.194664,857.8371,-0.0009003105,-2657.4877751238287,6.0,S_1743
2024-05-14 00:04:47,-47.529182,5.267105,-35.809864,81.18068,857.8223,-0.0010508782,-2682.6524152490488,6.0,S_1743
2024-05-14 00:04:48,-47.585598,5.2643127,-35.865814,81.1597,857.789,-0.0010412557,-2708.9911390360508,6.0,S_1743
2024-05-14 00:04:49,-47.641983,5.261505,-35.928764,81.13872,857.7797,-0.0010316331,-2736.6673898829317,6.0,S_1743
2024-05-14 00:04:50,-47.69833,5.2586975,-35.984715,81.11773,857.839,-0.0010220107,-2761.9431721722653,6.0,S_1743
2024-05-14 00:04:51,-47.75465,5.25589,-36.04067,81.103745,857.94824,-0.0010123882,-2786.694705927484,6.0,S_1743
2024-05-14 00:04:52,-47.810932,5.253067,-36.096622,81.08975,858.0168,-0.0010027656,-2812.287634467524,6.0,S_1743
2024-05-14 00:04:53,-47.867184,5.250244,-36.15957,81.06877,858.01495,-0.0009878646,-2839.671209567869,6.0,S_1743
2024-05-14 00:04:54,-47.923397,5.247406,-36.215523,81.04779,857.98346,-0.00097296346,-2865.372161114657,6.0,S_1743
2024-05-14 00:04:55,-47.979584,5.244568,-36.27847,81.033806,857.9631,-0.00096186734,-2892.1214311298936,6.0,S_1743
2024-05-14 00:04:56,-48.035732,5.2417297,-36.33442,81.01282,857.9927,-0.0009573634,-2916.2516970980705,6.0,S_1743
2024-05-14 00:04:57,-48.091846,5.2388763,-36.38338,80.99883,858.089,-0.00094864494,-2938.5609219782446,6.0,S_1743
2024-05-14 00:04:58,-48.14793,5.236023,-36.43933,80.97785,858.1872,-0.00093328167,-2964.1015926094583,6.0,S_1743
2024-05-14 00:04:59,-48.203983,5.2331543,-36.50228,80.95686,858.2168,-0.00092207966,-2991.7367561293145,6.0,S_1743
2024-05-14 00:05:00,-48.26,5.2302856,-36.565228,80.93588,858.1946,-0.0009162584,-3018.502246630926,6.0,S_1743
2024-05-14 00:05:01,-48.316475,5.2274475,-36.62118,80.9219,858.16864,-0.0009027368,-3041.8592984746256,6.0,S_1743
2024-05-14 00:05:02,-48.3729,5.2246094,-36.67014,80.907906,858.1872,-0.00039781493,-3060.884147981966,6.0,S_1743
2024-05-14 00:05:03,-48.42927,5.221756,-36.733086,80.886925,858.2797,-0.0003863258,-3084.6348117403604,6.0,S_1743
2024-05-14 00:05:04,-48.4856,5.2188873,-36.796032,80.865944,858.38165,-0.0003802129,-3108.055520642576,6.0,S_1743
2024-05-14 00:05:05,-48.541874,5.2160187,-36.851986,80.84496,858.4205,-0.00036989612,-3129.1774190487617,6.0,S_1743
2024-05-14 00:05:06,-48.5981,5.21315,-36.90794,80.83097,858.4057,-0.00035414626,-3149.7912637188588,6.0,S_1743
2024-05-14 00:05:07,-48.654274,5.210266,-36.96389,80.80999,858.3724,-0.00034378198,-3171.0057247235973,6.0,S_1743
2024-05-14 00:05:08,-48.7104,5.207367,-37.02684,80.796005,858.3631,-0.00033757355,-3193.6836466897726,6.0,S_1743
2024-05-14 00:05:09,-48.76647,5.204483,-37.08279,80.77502,858.42236,-0.00032371754,-3214.5546227452296,6.0,S_1743
2024-05-14 00:05:10,-48.8225,5.2015686,-37.138744,80.754036,858.5316,-0.00030788803,-3235.3222221348415,6.0,S_1743
2024-05-14 00:05:11,-48.87847,5.198654,-37.1947,80.733055,858.602,-0.00029743902,-3256.202751359348,6.0,S_1743
2024-05-14 00:05:12,-48.9344,5.1957397,-37.257645,80.71907,858.5983,0.00016839165,-3275.465977151319,6.0,S_1743
2024-05-14 00:05:13,-48.990273,5.19281,-37.32059,80.69808,858.56683,0.00018029039,-3295.236751119031,6.0,S_1743
2024-05-14 00:05:14,-49.046097,5.1898804,-37.376545,80.6771,858.54834,0.00019979663,-3312.736206442969,6.0,S_1743
2024-05-14 00:05:15,-49.10187,5.1869354,-37.432495,80.66312,858.57605,0.00021048448,-3329.8297002204317,6.0,S_1743
2024-05-14 00:05:16,-49.157597,5.183975,-37.481457,80.642136,858.67236,0.00021452148,-3345.0286046986557,6.0,S_1743
2024-05-14 00:05:17,-49.213272,5.181015,-37.537407,80.62115,858.77057,0.00022524847,-3362.1900419031354,6.0,S_1743
2024-05-14 00:05:18,-49.268898,5.178055,-37.600357,80.60716,858.8002,0.00032407005,-3380.319503055952,6.0,S_1743
2024-05-14 00:05:19,-49.324474,5.1750793,-37.663303,80.58618,858.77795,0.00033624403,-3399.068912495578,6.0,S_1743
2024-05-14 00:05:20,-49.379997,5.172104,-37.719257,80.56519,858.75385,0.00034175976,-3415.862696553444,6.0,S_1743
2024-05-14 00:05:21,-49.435474,5.169113,-37.768215,80.54421,858.7724,0.00035484618,-3429.9264500745335,6.0,S_1743
2024-05-14 00:05:22,-49.4909,5.1661224,-37.83116,80.53023,858.8631,0.00037249783,-3447.698082983126,6.0,S_1743
2024-05-14 00:05:23,-49.546272,5.1631165,-37.894108,80.50925,858.965,0.00038476035,-3466.1264088083744,6.0,S_1743
2024-05-14 00:05:24,-49.601597,5.160095,-37.95006,80.48826,859.00385,0.0003903594,-3482.40393709845,6.0,S_1743
2024-05-14 00:05:25,-49.65687,5.157089,-38.006016,80.47427,858.9891,0.00040139258,-3498.0916156154176,6.0,S_1743
2024-05-14 00:05:26,-49.712097,5.1540527,-38.061966,80.45329,858.95575,0.00041786896,-3513.870947036054,6.0,S_1743
2024-05-14 00:05:27,-49.767273,5.151016,-38.124916,80.4393,858.9465,0.00043021617,-3531.541611616879,6.0,S_1743
2024-05-14 00:05:28,-49.8224,5.1479797,-38.180866,80.41832,859.00946,0.0004392718,-3547.4366772657254,6.0,S_1743
2024-05-14 00:05:29,-49.877472,5.144928,-38.23682,80.39734,859.12054,0.0004503837,-3563.259574218152,6.0,S_1743
2024-05-14 00:05:30,-49.9325,5.141876,-38.292774,80.37636,859.17615,0.00038385595,-3579.275040604005,6.0,S_1743
2024-05-14 00:05:31,-49.987473,5.138809,-38.35572,80.362366,859.1632,0.00039615858,-3596.8620547094933,6.0,S_1743
2024-05-14 00:05:32,-50.042397,5.135742,-38.418667,80.341385,859.18536,0.00040307635,-3615.156214122572,6.0,S_1743
2024-05-14 00:05:33,-50.09727,5.13266,-38.47462,80.320404,859.2743,0.00041413214,-3631.2075867634594,6.0,S_1743
2024-05-14 00:05:34,-50.152096,5.1295776,-38.53057,80.29942,859.3558,0.00043397222,-3647.127593318483,6.0,S_1743
2024-05-14 00:05:35,-50.20687,5.12648,-38.586525,80.278435,859.3743,0.00044506398,-3663.378913170947,6.0,S_1743
2024-05-14 00:05:36,-50.261597,5.1233826,-38.635483,80.26445,859.3613,0.00044946637,-3676.2325780268247,6.0,S_1743
2024-05-14 00:05:37,-50.316273,5.12027,-38.698433,80.24347,859.3613,0.0004618959,-3693.7928233223356,6.0,S_1743
2024-05-14 00:05:38,-50.3709,5.1171417,-38.76138,80.22249,859.3613,0.00047976646,-3711.5797204081764,6.0,S_1743
2024-05-14 00:05:39,-50.425472,5.114029,-38.817333,80.2015,859.34094,0.0004909371,-3727.568771948871,6.0,S_1743
2024-05-14 00:05:40,-50.479996,5.1108856,-38.86629,80.187515,859.3558,0.0004987443,-3740.061358222252,6.0,S_1743
2024-05-14 00:05:41,-50.534473,5.1077576,-38.929237,80.166534,859.4521,0.000511262,-3757.2566659593504,6.0,S_1743
2024-05-14 00:05:42,-50.588898,5.104599,-38.992184,80.14555,859.55023,0.00052921684,-3774.716300489182,6.0,S_1743
2024-05-14 00:05:43,-50.643272,5.1014557,-39.048138,80.124565,859.5632,0.0005404646,-3789.9343118371635,6.0,S_1743
2024-05-14 00:05:44,-50.697598,5.098282,-39.10409,80.103584,859.5428,0.0005463206,-3805.1906956591174,6.0,S_1743
2024-05-14 00:05:45,-50.751873,5.0951233,-39.16004,80.0896,859.58545,0.00055760867,-3819.8357871766984,6.0,S_1743
2024-05-14 00:05:46,-50.8061,5.091934,-39.215996,80.06861,859.69653,0.0005776467,-3834.8084457346063,6.0,S_1743
2024-05-14 00:05:47,-50.86027,5.0887604,-39.27195,80.04763,859.7706,0.0005889684,-3849.264862218821,6.0,S_1743
2024-05-14 00:05:48,-50.9144,5.085556,-39.334896,80.02665,859.76697,0.0005962193,-3866.3647395267217,6.0,S_1743
2024-05-14 00:05:49,-50.96847,5.082367,-39.39085,80.012665,859.7354,0.0006075894,-3880.6817814954147,6.0,S_1743
2024-05-14 00:05:50,-51.0225,5.0791473,-39.4468,79.99168,859.7262,0.0006243839,-3895.3442285643023,6.0,S_1743
2024-05-14 00:05:51,-51.076473,5.075943,-39.502754,79.970695,859.78357,0.00063577713,-3909.456002498031,6.0,S_1743
2024-05-14 00:05:52,-51.130398,5.0727234,-39.5657,79.949715,859.8929,0.0006464122,-3926.2303674585946,6.0,S_1743
2024-05-14 00:05:53,-51.184273,5.0694885,-39.621655,79.93573,859.9669,0.0006578484,-3939.7232977166022,6.0,S_1743
2024-05-14 00:05:54,-51.2381,5.0662537,-39.6846,79.91474,859.97437,0.00067605224,-3956.211514914761,6.0,S_1743
2024-05-14 00:05:55,-51.291874,5.0630035,-39.740555,79.89376,859.94653,0.0006875245,-3970.967987656217,6.0,S_1743
2024-05-14 00:05:56,-51.345596,5.0597534,-39.789513,79.87278,859.92065,0.00069227105,-3983.1127722846313,6.0,S_1743
2024-05-14 00:05:57,-51.399273,5.056488,-39.845467,79.85879,859.9392,0.00070378033,-3996.147874336159,6.0,S_1743
2024-05-14 00:05:58,-51.452896,5.0532227,-39.908413,79.83082,860.0336,0.00072533917,-4012.2209872208427,6.0,S_1743
2024-05-14 00:05:59,-51.506474,5.049942,-39.97136,79.80983,860.1336,0.0007382324,-4028.845394734213,6.0,S_1743
2024-05-14 00:06:00,-51.559998,5.0466614,-40.02032,79.78885,860.16327,0.0007430404,-4040.6642556571655,6.0,S_1743
2024-05-14 00:06:01,-51.61339,5.0433655,-40.07627,79.774864,860.141,0.0007546268,-4053.4444836622943,6.0,S_1743
2024-05-14 00:06:02,-51.666737,5.0400696,-40.139217,79.75388,860.1114,0.0007729973,-4068.710578363047,6.0,S_1743
2024-05-14 00:06:03,-51.720036,5.0367584,-40.202168,79.732895,860.1114,0.0007859679,-4084.4725182281077,6.0,S_1743
2024-05-14 00:06:04,-51.77329,5.0334473,-40.258118,79.711914,860.1762,0.0007954616,-4098.114614271812,6.0,S_1743
2024-05-14 00:06:05,-51.826492,5.030121,-40.31407,79.69793,860.2855,0.0008071197,-4111.116028068727,6.0,S_1743
2024-05-14 00:06:06,-51.879646,5.0267944,-40.370026,79.67694,860.3521,0.00082420127,-4123.842781964664,6.0,S_1743
2024-05-14 00:06:07,-51.93276,5.0234528,-40.432972,79.65596,860.35034,0.00083725445,-4139.263630961502,6.0,S_1743
2024-05-14 00:06:08,-51.98582,5.020111,-40.488926,79.63498,860.3207,0.0008435617,-4152.4794008199015,6.0,S_1743
2024-05-14 00:06:09,-52.038837,5.016754,-40.544876,79.614,860.31146,0.0008552908,-4165.616196302063,6.0,S_1743
2024-05-14 00:06:10,-52.091805,5.013397,-40.60083,79.59302,860.36884,0.00087568123,-4178.62059984609,6.0,S_1743
2024-05-14 00:06:11,-52.144726,5.010025,-40.656784,79.57203,860.47626,0.0008874425,-4191.669345037572,6.0,S_1743
2024-05-14 00:06:12,-52.197598,5.006653,-40.712738,79.558044,860.5503,0.00089381565,-4203.428996965008,6.0,S_1743
2024-05-14 00:06:13,-52.250423,5.0032654,-40.775684,79.53706,860.55774,0.00090699363,-4217.707431912144,6.0,S_1743
2024-05-14 00:06:14,-52.303204,4.999878,-40.83863,79.51608,860.5299,0.00092557794,-4232.543764242894,6.0,S_1743
2024-05-14 00:06:15,-52.355938,4.996475,-40.894585,79.495094,860.504,0.00093741156,-4245.837954534862,6.0,S_1743
2024-05-14 00:06:16,-52.408623,4.9930725,-40.943542,79.47411,860.52435,0.0009457028,-4255.508119408064,6.0,S_1743
2024-05-14 00:06:17,-52.461258,4.9896545,-41.00649,79.45313,860.617,0.00095894607,-4269.40382190965,6.0,S_1743
2024-05-14 00:06:18,-52.513847,4.9862366,-41.069435,79.43215,860.717,0.0009776105,-4283.89625593558,6.0,S_1743
2024-05-14 00:06:19,-52.56639,4.9828186,-41.12539,79.41117,860.7485,0.0009895099,-4297.036545144662,6.0,S_1743
2024-05-14 00:06:20,-52.61889,4.9793854,-41.174347,79.39718,860.7244,0.000994642,-4306.45843777312,6.0,S_1743
2024-05-14 00:06:21,-52.671337,4.975937,-41.2303,79.3692,860.69476,0.0010097788,-4319.030635028086,6.0,S_1743
2024-05-14 00:06:22,-52.72374,4.9724884,-41.286255,79.34822,860.69476,0.0010271209,-4330.265269383437,6.0,S_1743
2024-05-14 00:06:23,-52.776093,4.9690247,-41.3492,79.32724,860.75964,0.0010404768,-4343.685388630016,6.0,S_1743
2024-05-14 00:06:24,-52.8284,4.965561,-41.412148,79.31325,860.8689,0.0010484552,-4357.256235967097,6.0,S_1743
2024-05-14 00:06:25,-52.880657,4.962097,-41.4681,79.29227,860.93555,0.0010604602,-4368.847391519397,6.0,S_1743
2024-05-14 00:06:26,-52.932873,4.958603,-41.524055,79.26429,860.9337,0.001077869,-4381.114420637696,6.0,S_1743
2024-05-14 00:06:27,-52.98504,4.955124,-41.580006,79.250305,860.90405,0.0010930839,-4391.410531393551,6.0,S_1743
2024-05-14 00:06:28,-53.037155,4.9516296,-41.642952,79.229324,860.89484,0.0010034846,-4405.715692989547,6.0,S_1743
2024-05-14 00:06:29,-53.089226,4.94812,-41.698906,79.208336,860.9522,0.0010154007,-4417.784488305705,6.0,S_1743
2024-05-14 00:06:30,-53.14125,4.9446106,-41.75486,79.187355,861.05963,0.0010327239,-4429.739196365271,6.0,S_1743
2024-05-14 00:06:31,-53.193226,4.941101,-41.810814,79.166374,861.13556,0.0010446708,-4441.6154170772825,6.0,S_1743
2024-05-14 00:06:32,-53.245155,4.9375763,-41.866764,79.14539,861.14294,0.0010512455,-4453.445785292988,6.0,S_1743
2024-05-14 00:06:33,-53.29704,4.9340363,-41.922718,79.12441,861.11334,0.0010663955,-4464.376674178104,6.0,S_1743
2024-05-14 00:06:34,-53.348873,4.930496,-41.985664,79.103424,861.0874,0.0010851913,-4478.14264697588,6.0,S_1743
2024-05-14 00:06:35,-53.400658,4.926956,-42.04162,79.08244,861.1077,0.0010972022,-4489.671977267041,6.0,S_1743
2024-05-14 00:06:36,-53.4524,4.923401,-42.097572,79.06146,861.2023,0.00063445035,-4504.186200745218,6.0,S_1743
2024-05-14 00:06:37,-53.504093,4.9198303,-42.153522,79.04048,861.30225,0.000646408,-4518.133976385263,6.0,S_1743
2024-05-14 00:06:38,-53.55574,4.91626,-42.216473,79.0195,861.33185,0.00066834746,-4534.582211274007,6.0,S_1743
2024-05-14 00:06:39,-53.607338,4.912689,-42.272423,78.99851,861.30963,0.00068033714,-4548.282014741422,6.0,S_1743
2024-05-14 00:06:40,-53.65889,4.9091034,-42.33537,78.97753,861.27814,0.00068838673,-4564.594946530013,6.0,S_1743
2024-05-14 00:06:41,-53.710392,4.9055023,-42.391323,78.95655,861.27814,0.0007004136,-4578.672879855801,6.0,S_1743
2024-05-14 00:06:42,-53.76185,4.9019165,-42.447277,78.93557,861.3448,0.0007178403,-4593.171297455991,6.0,S_1743
2024-05-14 00:06:43,-53.81326,4.8983,-42.496235,78.91459,861.4523,0.0007316078,-4604.338486287989,6.0,S_1743
2024-05-14 00:06:44,-53.864624,4.894684,-42.55918,78.8936,861.52075,0.0007397297,-4619.755412630385,6.0,S_1743
2024-05-14 00:06:45,-53.91594,4.8910675,-42.62213,78.87262,861.5171,0.00075325195,-4635.639948876582,6.0,S_1743
2024-05-14 00:06:46,-53.967205,4.887436,-42.67808,78.85164,861.4874,0.0007707381,-4649.252824371256,6.0,S_1743
2024-05-14 00:06:47,-54.018425,4.8838043,-42.734035,78.83066,861.48,0.0007828595,-4663.370268296108,6.0,S_1743
2024-05-14 00:06:48,-54.0696,4.8801575,-42.782993,78.80968,861.5356,0.0007881803,-4674.713319716269,6.0,S_1743
2024-05-14 00:06:49,-54.120728,4.8764954,-42.838947,78.78869,861.6449,0.00080345484,-4687.506998582438,6.0,S_1743
2024-05-14 00:06:50,-54.171806,4.8728333,-42.901894,78.76771,861.71893,0.0008224399,-4702.932502341911,6.0,S_1743
2024-05-14 00:06:51,-54.22284,4.869171,-42.957848,78.74673,861.7263,0.0008346219,-4715.496876964658,6.0,S_1743
2024-05-14 00:06:52,-54.273823,4.865494,-43.020794,78.725746,861.69855,0.0008428946,-4730.785720906665,6.0,S_1743
2024-05-14 00:06:53,-54.32476,4.8618164,-43.076748,78.704765,861.6708,0.00085511047,-4743.693097752457,6.0,S_1743
2024-05-14 00:06:54,-54.37565,4.858124,-43.132698,78.67679,861.6911,0.0008758204,-4757.172320908879,6.0,S_1743
2024-05-14 00:06:55,-54.426495,4.854431,-43.188652,78.662796,861.78564,0.0008880653,-4769.562474431671,6.0,S_1743
2024-05-14 00:06:56,-54.47729,4.8507233,-43.244606,78.641815,861.8856,0.0008949561,-4782.355102605599,6.0,S_1743
2024-05-14 00:06:57,-54.528038,4.8470154,-43.30056,78.620834,861.9134,0.0009072303,-4794.384037541791,6.0,S_1743
2024-05-14 00:06:58,-54.57874,4.843292,-43.363506,78.59985,861.893,0.0009263473,-4809.1207920904135,6.0,S_1743
2024-05-14 00:06:59,-54.629395,4.839569,-43.41946,78.578865,861.8708,0.00093865395,-4821.465079037805,6.0,S_1743
2024-05-14 00:07:00,-54.68,4.8358307,-43.47541,78.550896,861.88745,0.0010510401,-4833.689943803276,6.0,S_1743
2024-05-14 00:07:01,-54.730724,4.8321533,-43.531364,78.52991,861.9578,0.0010635266,-4845.386016005328,6.0,S_1743
2024-05-14 00:07:02,-54.781395,4.8284607,-43.58732,78.50893,862.0486,0.0010813902,-4856.964897969558,6.0,S_1743
2024-05-14 00:07:03,-54.832012,4.824753,-43.64327,78.487946,862.10046,0.0010939008,-4867.635780884277,6.0,S_1743
2024-05-14 00:07:04,-54.882576,4.821045,-43.70622,78.466965,862.0986,0.0011056138,-4881.204706866487,6.0,S_1743
2024-05-14 00:07:05,-54.93309,4.817322,-43.76217,78.445984,862.0727,0.0011181589,-4892.538503558395,6.0,S_1743
2024-05-14 00:07:06,-54.98355,4.8135834,-43.818123,78.424995,862.06335,0.0011360806,-4903.563847553872,6.0,S_1743
2024-05-14 00:07:07,-55.03396,4.809845,-43.874077,78.39702,862.11896,0.0011486451,-4914.281776279492,6.0,S_1743
2024-05-14 00:07:08,-55.084312,4.8061066,-43.937023,78.37604,862.2283,0.0010538355,-4927.379510250679,6.0,S_1743
2024-05-14 00:07:09,-55.134613,4.8023376,-43.99997,78.35506,862.3023,0.0010708328,-4941.158635361104,6.0,S_1743
2024-05-14 00:07:10,-55.18486,4.7985687,-44.055923,78.334076,862.30975,0.001088658,-4952.672946429229,6.0,S_1743
2024-05-14 00:07:11,-55.235058,4.7948,-44.111877,78.313095,862.2819,0.0011011396,-4964.92706563941,6.0,S_1743
2024-05-14 00:07:12,-55.2852,4.7910156,-44.160835,78.29211,862.256,0.001106801,-4974.172716680245,6.0,S_1743
2024-05-14 00:07:13,-55.33529,4.787216,-44.21679,78.271126,862.2745,0.0011193112,-4984.472239082771,6.0,S_1743
2024-05-14 00:07:14,-55.385326,4.7834015,-44.279736,78.24315,862.369,0.0011417235,-4997.3700934523185,6.0,S_1743
2024-05-14 00:07:15,-55.43531,4.779587,-44.34268,78.22217,862.469,0.0011557481,-5010.587645827126,6.0,S_1743
2024-05-14 00:07:16,-55.485245,4.775757,-44.398636,78.20119,862.4986,0.0011629525,-5022.47954873313,6.0,S_1743
2024-05-14 00:07:17,-55.535122,4.771927,-44.447594,78.18021,862.4764,0.0011740294,-5030.39770176205,6.0,S_1743
2024-05-14 00:07:18,-55.58495,4.7680817,-44.51054,78.15922,862.456,0.0011934532,-5042.466662961789,6.0,S_1743
2024-05-14 00:07:19,-55.634724,4.7642365,-44.573486,78.13824,862.4708,0.0012105706,-5055.3215588752,6.0,S_1743
2024-05-14 00:07:20,-55.684444,4.7603607,-44.62944,78.117256,862.5449,0.001217835,-5065.781092774969,6.0,S_1743
2024-05-14 00:07:21,-55.73411,4.7565002,-44.685394,78.08928,862.6338,0.0012304584,-5076.804925577417,6.0,S_1743
2024-05-14 00:07:22,-55.783726,4.7526093,-44.741344,78.0683,862.682,0.0007422792,-5090.521202819645,6.0,S_1743
2024-05-14 00:07:23,-55.83329,4.7487183,-44.7973,78.04732,862.67645,0.00075487455,-5104.155237051462,6.0,S_1743
2024-05-14 00:07:24,-55.882797,4.744812,-44.853252,78.02634,862.6671,0.0007651683,-5117.143879011735,6.0,S_1743
2024-05-14 00:07:25,-55.932255,4.740906,-44.9162,78.00535,862.6709,0.00077930297,-5132.759825044258,6.0,S_1743
2024-05-14 00:07:26,-55.98166,4.7369843,-44.972153,77.98437,862.66345,0.0013036312,-5142.855700741566,6.0,S_1743
2024-05-14 00:07:27,-56.03101,4.7330627,-45.028103,77.96339,862.65607,0.001316334,-5152.651278995206,6.0,S_1743
2024-05-14 00:07:28,-56.08031,4.729126,-45.084057,77.93541,862.69305,0.0013237152,-5163.0579790017255,6.0,S_1743
2024-05-14 00:07:29,-56.129555,4.725174,-45.14001,77.91443,862.78015,0.0013394523,-5172.698547842005,6.0,S_1743
2024-05-14 00:07:30,-56.17875,4.7212067,-45.195965,77.88645,862.85974,0.0013575295,-5182.883862367286,6.0,S_1743
2024-05-14 00:07:31,-56.22789,4.7172394,-45.251915,77.86547,862.8838,0.0013702741,-5192.538051660151,6.0,S_1743
2024-05-14 00:07:32,-56.276978,4.713272,-45.30787,77.84449,862.8653,0.0013777114,-5201.10422855692,6.0,S_1743
2024-05-14 00:07:33,-56.32601,4.7092743,-45.370815,77.8235,862.84125,0.0013920097,-5212.756773603764,6.0,S_1743
2024-05-14 00:07:34,-56.374992,4.7052917,-45.42677,77.80252,862.85974,0.0014131231,-5221.90236946976,6.0,S_1743
2024-05-14 00:07:35,-56.42392,4.7012787,-45.482723,77.77454,862.9524,0.0014259266,-5231.635712951465,6.0,S_1743
2024-05-14 00:07:36,-56.472797,4.6972656,-45.538673,77.75356,863.05426,0.0014334195,-5240.642666825334,6.0,S_1743
2024-05-14 00:07:37,-56.52162,4.6932373,-45.594627,77.725586,863.08386,0.0014462483,-5249.1491626566585,6.0,S_1743
2024-05-14 00:07:38,-56.570393,4.689209,-45.657574,77.704605,863.05975,0.0009620093,-5262.827553295111,6.0,S_1743
2024-05-14 00:07:39,-56.61911,4.6851654,-45.72052,77.683624,863.03015,0.00097634806,-5277.136582414876,6.0,S_1743
2024-05-14 00:07:40,-56.667774,4.6811066,-45.776474,77.662636,863.03015,0.000983858,-5289.256370389632,6.0,S_1743
2024-05-14 00:07:41,-56.71639,4.6770477,-45.832428,77.641655,863.0949,0.0009967051,-5301.858676411495,6.0,S_1743
2024-05-14 00:07:42,-56.764946,4.6729736,-45.881386,77.61368,863.2042,0.0010133362,-5311.323064292848,6.0,S_1743
2024-05-14 00:07:43,-56.813454,4.6688995,-45.944332,77.5927,863.27277,0.0010307053,-5325.271806985232,6.0,S_1743
2024-05-14 00:07:44,-56.861908,4.664795,-46.000286,77.57172,863.26904,0.0010382701,-5336.247872571174,6.0,S_1743
2024-05-14 00:07:45,-56.91031,4.6607056,-46.063232,77.550735,863.23944,0.0010526987,-5349.884001932318,6.0,S_1743
2024-05-14 00:07:46,-56.95866,4.6565857,-46.119186,77.52276,863.23016,0.0010709155,-5362.673748367595,6.0,S_1743
2024-05-14 00:07:47,-57.006954,4.652466,-46.168144,77.50178,863.28754,0.0010822966,-5371.835296745173,6.0,S_1743
2024-05-14 00:07:48,-57.0552,4.648346,-46.2241,77.4738,863.395,0.0006193865,-5386.72033655802,6.0,S_1743
2024-05-14 00:07:49,-57.103386,4.6441956,-46.280052,77.45282,863.47095,0.0006322942,-5400.599345338218,6.0,S_1743
2024-05-14 00:07:50,-57.151524,4.6400604,-46.343,77.43183,863.47833,0.00065206544,-5416.378708569423,6.0,S_1743
2024-05-14 00:07:51,-57.19961,4.635895,-46.405945,77.403854,863.45056,0.0006665479,-5433.087091935549,6.0,S_1743
2024-05-14 00:07:52,-57.247643,4.631729,-46.4619,77.38287,863.4227,0.0006771416,-5447.147166317847,6.0,S_1743
2024-05-14 00:07:53,-57.29562,4.627548,-46.51785,77.36189,863.4431,0.0006901077,-5461.636984045136,6.0,S_1743
2024-05-14 00:07:54,-57.343548,4.6233673,-46.56681,77.34091,863.5376,0.000199319,-5476.596651234795,6.0,S_1743
2024-05-14 00:07:55,-57.391422,4.619171,-46.62276,77.312935,863.63763,0.00021227032,-5493.886465908883,6.0,S_1743
2024-05-14 00:07:56,-57.439243,4.614975,-46.68571,77.28496,863.66724,0.00022443398,-5513.251344411476,6.0,S_1743
2024-05-14 00:07:57,-57.48701,4.6107483,-46.748657,77.26398,863.645,0.00023897264,-5532.245780335382,6.0,S_1743
2024-05-14 00:07:58,-57.534725,4.606537,-46.80461,77.243,863.6135,0.0007648844,-5545.725783166561,6.0,S_1743
2024-05-14 00:07:59,-57.582386,4.602295,-46.86056,77.22201,863.61536,0.0007779223,-5558.999487551172,6.0,S_1743
2024-05-14 00:08:00,-57.629997,4.598053,-46.916515,77.19403,863.6802,0.0012595189,-5569.737895592227,6.0,S_1743
2024-05-14 00:08:01,-57.6778,4.5938873,-46.97247,77.17305,863.7876,0.0012755278,-5579.735985051822,6.0,S_1743
2024-05-14 00:08:02,-57.72554,4.5897217,-47.02842,77.14507,863.85614,0.0012939088,-5589.268769866473,6.0,S_1743
2024-05-14 00:08:03,-57.773224,4.5855255,-47.09137,77.12409,863.8543,0.0013085818,-5601.1777693360755,6.0,S_1743
2024-05-14 00:08:04,-57.820843,4.5813293,-47.14732,77.096115,863.82465,0.0013164177,-5611.538614191776,6.0,S_1743
2024-05-14 00:08:05,-57.8684,4.577118,-47.203274,77.075134,863.81354,0.0013295502,-5621.373158013211,6.0,S_1743
2024-05-14 00:08:06,-57.915897,4.572891,-47.259228,77.05415,863.8728,0.0018587025,-5627.527917070633,6.0,S_1743
2024-05-14 00:08:07,-57.963333,4.5686646,-47.315178,77.02618,863.98206,0.001871868,-5634.314456774687,6.0,S_1743
2024-05-14 00:08:08,-58.010708,4.5644073,-47.37113,77.005196,864.0524,0.0018797739,-5640.326326139988,6.0,S_1743
2024-05-14 00:08:09,-58.05802,4.56015,-47.427086,76.97722,864.0524,0.0018929698,-5646.973510776959,6.0,S_1743
2024-05-14 00:08:10,-58.105274,4.5558777,-47.48304,76.95624,864.03204,0.0018095232,-5652.102923345849,6.0,S_1743
2024-05-14 00:08:11,-58.152466,4.55159,-47.545986,76.92826,864.03204,0.0018241804,-5661.315004768387,6.0,S_1743
2024-05-14 00:08:12,-58.199596,4.547287,-47.60194,76.90727,864.03204,0.0023060692,-5664.520887702325,6.0,S_1743
2024-05-14 00:08:13,-58.246666,4.5429688,-47.65789,76.879295,864.01544,0.0023191953,-5668.420742545737,6.0,S_1743
2024-05-14 00:08:14,-58.293674,4.5386505,-47.713844,76.858315,864.0284,0.0028145807,-5668.282899839618,6.0,S_1743
2024-05-14 00:08:15,-58.340622,4.534317,-47.7698,76.83034,864.11725,0.0028277384,-5666.776635580651,6.0,S_1743
2024-05-14 00:08:16,-58.38751,4.5299683,-47.832745,76.80936,864.221,0.0033452152,-5662.800480274807,6.0,S_1743
2024-05-14 00:08:17,-58.434334,4.5256042,-47.89569,76.78138,864.2599,0.0033600028,-5662.139315340172,6.0,S_1743
2024-05-14 00:08:18,-58.4811,4.521225,-47.951645,76.7604,864.24506,0.0033784688,-5658.2950641674415,6.0,S_1743
2024-05-14 00:08:19,-58.5278,4.5168304,-48.0076,76.73242,864.21173,0.0033945523,-5655.2824689225135,6.0,S_1743
2024-05-14 00:08:20,-58.574444,4.512436,-48.06355,76.71144,864.20245,0.0034025158,-5653.769509389735,6.0,S_1743
2024-05-14 00:08:21,-58.62102,4.508026,-48.112507,76.683464,864.2618,0.0034141515,-5648.49926656673,6.0,S_1743
2024-05-14 00:08:22,-58.66754,4.503601,-48.16846,76.66248,864.371,0.0034326427,-5644.295773393759,6.0,S_1743
2024-05-14 00:08:23,-58.714,4.499161,-48.224415,76.63451,864.4395,0.0034487594,-5638.31594668907,6.0,S_1743
2024-05-14 00:08:24,-58.7604,4.494705,-48.28736,76.613525,864.4358,0.0034583528,-5636.066202779937,6.0,S_1743
2024-05-14 00:08:25,-58.806736,4.4902496,-48.343315,76.58555,864.40985,0.0034716167,-5632.544693083813,6.0,S_1743
2024-05-14 00:08:26,-58.85301,4.485779,-48.39927,76.56456,864.4025,0.003490137,-5627.962762764218,6.0,S_1743
2024-05-14 00:08:27,-58.899223,4.4812775,-48.45522,76.53659,864.44696,0.003506271,-5623.707460590633,6.0,S_1743
2024-05-14 00:08:28,-58.945377,4.476776,-48.511173,76.50861,864.5358,0.0035143152,-5619.400030526782,6.0,S_1743
2024-05-14 00:08:29,-58.991467,4.472275,-48.567127,76.48064,864.61176,0.0035276113,-5612.8406222125805,6.0,S_1743
2024-05-14 00:08:30,-59.0375,4.467743,-48.630074,76.459656,864.634,0.0035477655,-5607.362830048642,6.0,S_1743
2024-05-14 00:08:31,-59.08347,4.463211,-48.69302,76.43168,864.6173,0.003565533,-5605.347413602706,6.0,S_1743
2024-05-14 00:08:32,-59.129375,4.4586487,-48.748974,76.41069,864.59326,0.0035736188,-5600.210200321563,6.0,S_1743
2024-05-14 00:08:33,-59.175224,4.4540863,-48.804928,76.38271,864.61176,0.0035869495,-5598.629926378416,6.0,S_1743
2024-05-14 00:08:34,-59.22101,4.4495087,-48.853886,76.36173,864.7025,0.003603909,-5591.170062963378,6.0,S_1743
2024-05-14 00:08:35,-59.266735,4.444931,-48.90984,76.333755,864.8044,0.0036200907,-5586.163049385891,6.0,S_1743
2024-05-14 00:08:36,-59.312397,4.440323,-48.96579,76.30578,864.84326,0.0035123462,-5582.355413215171,6.0,S_1743
2024-05-14 00:08:37,-59.358,4.4357147,-49.021744,76.2848,864.8284,0.0035255717,-5574.908471821345,6.0,S_1743
2024-05-14 00:08:38,-59.40354,4.431076,-49.08469,76.25682,864.79694,0.004019971,-5566.409744655505,6.0,S_1743
2024-05-14 00:08:39,-59.449024,4.4264374,-49.147636,76.22884,864.7858,0.004037666,-5561.347914047043,6.0,S_1743
2024-05-14 00:08:40,-59.494442,4.4217834,-49.20359,76.20786,864.8469,0.004045697,-5553.110569881787,6.0,S_1743
2024-05-14 00:08:41,-59.539803,4.4171295,-49.259544,76.179886,864.95624,0.004058961,-5548.844555122417,6.0,S_1743
2024-05-14 00:08:42,-59.5851,4.412445,-49.308502,76.158905,865.02106,0.003601496,-5541.395382983223,6.0,S_1743
2024-05-14 00:08:43,-59.630337,4.4077606,-49.364456,76.13093,865.0155,0.003617587,-5533.704878319861,6.0,S_1743
2024-05-14 00:08:44,-59.67551,4.403061,-49.427402,76.10295,865.0025,0.0031190678,-5534.082535970016,6.0,S_1743
2024-05-14 00:08:45,-59.720623,4.398346,-49.483356,76.074974,865.0062,0.0031323584,-5530.315104857121,6.0,S_1743
2024-05-14 00:08:46,-59.76568,4.3936157,-49.546303,76.05399,864.997,0.0026781706,-5533.139387141378,6.0,S_1743
2024-05-14 00:08:47,-59.81067,4.3888702,-49.602257,76.02602,864.97845,0.0026942836,-5534.176229024942,6.0,S_1743
2024-05-14 00:08:48,-59.8556,4.3841248,-49.658207,75.99804,865.0007,0.0027023884,-5535.5282856344975,6.0,S_1743
2024-05-14 00:08:49,-59.900467,4.379364,-49.71416,75.97706,865.09515,0.0027157129,-5535.985728439029,6.0,S_1743
2024-05-14 00:08:50,-59.94528,4.3745728,-49.770115,75.94908,865.1951,0.003208578,-5533.652645643112,6.0,S_1743
2024-05-14 00:08:51,-59.990025,4.3697968,-49.826065,75.921104,865.22473,0.0032247133,-5528.809415938527,6.0,S_1743
2024-05-14 00:08:52,-60.03471,4.36499,-49.889015,75.89313,865.2007,0.0037426949,-5525.094564803133,6.0,S_1743
2024-05-14 00:08:53,-60.079334,4.3601685,-49.944965,75.86515,865.17664,0.0037560472,-5519.173554043003,6.0,S_1743
2024-05-14 00:08:54,-60.123898,4.3553467,-50.00092,75.83717,865.1951,0.0037773945,-5513.626243567174,6.0,S_1743
2024-05-14 00:08:55,-60.168404,4.3505096,-50.056873,75.81619,865.2877,0.0037907574,-5509.8330410727585,6.0,S_1743
2024-05-14 00:08:56,-60.212845,4.345642,-50.10583,75.788216,865.38965,0.003797287,-5502.040611959721,6.0,S_1743
2024-05-14 00:08:57,-60.257225,4.34079,-50.161785,75.767235,865.4285,0.0038106637,-5492.488311488939,6.0,S_1743
2024-05-14 00:08:58,-60.301544,4.335907,-50.22473,75.73926,865.4137,0.003325496,-5491.4881569176805,6.0,S_1743
2024-05-14 00:08:59,-60.345802,4.331009,-50.280685,75.71128,865.3803,0.0033388925,-5485.800997296888,6.0,S_1743
2024-05-14 00:09:00,-60.39,4.326111,-50.34363,75.683304,865.37103,0.0029935138,-5486.966300061687,6.0,S_1743
2024-05-14 00:09:01,-60.43438,4.3212585,-50.399586,75.65533,865.4303,0.0030070539,-5485.931949749482,6.0,S_1743
2024-05-14 00:09:02,-60.478695,4.316391,-50.455536,75.62735,865.54144,0.0030285602,-5484.7529081098255,6.0,S_1743
2024-05-14 00:09:03,-60.522938,4.311508,-50.51149,75.59937,865.60626,0.0030421116,-5483.8895893727495,6.0,S_1743
2024-05-14 00:09:04,-60.567112,4.30661,-50.567444,75.57839,865.5989,0.0029309322,-5482.914488213994,6.0,S_1743
2024-05-14 00:09:05,-60.611214,4.301697,-50.623394,75.550415,865.58594,0.0029443742,-5482.279832056153,6.0,S_1743
2024-05-14 00:09:06,-60.65525,4.296768,-50.679348,75.52244,865.5896,0.0029657597,-5481.504734348733,6.0,S_1743
2024-05-14 00:09:07,-60.699215,4.2918243,-50.735302,75.49446,865.5896,0.0029792113,-5478.41936435843,6.0,S_1743
2024-05-14 00:09:08,-60.74311,4.286865,-50.79825,75.466484,865.57104,0.0040914966,-5472.396844633893,6.0,S_1743
2024-05-14 00:09:09,-60.786938,4.281891,-50.854202,75.438515,865.58405,0.0041078264,-5464.698500759114,6.0,S_1743
2024-05-14 00:09:10,-60.830692,4.2769012,-50.910152,75.41753,865.67664,0.004480401,-5453.594453079898,6.0,S_1743
2024-05-14 00:09:11,-60.874382,4.2718964,-50.966106,75.38955,865.7785,0.0044938433,-5442.834639773779,6.0,S_1743
2024-05-14 00:09:12,-60.918,4.2668915,-51.02206,75.36158,865.8081,0.0034074257,-5439.1642439194,6.0,S_1743
2024-05-14 00:09:13,-60.961548,4.261856,-51.078014,75.3336,865.78595,0.0034235388,-5435.388796275056,6.0,S_1743
2024-05-14 00:09:14,-61.005028,4.2568054,-51.133965,75.305626,865.7637,0.0030807587,-5431.546951315546,6.0,S_1743
2024-05-14 00:09:15,-61.04844,4.2517548,-51.196915,75.27765,865.7804,0.0030959432,-5432.010973674037,6.0,S_1743
2024-05-14 00:09:16,-61.091778,4.2466736,-51.252865,75.24967,865.8526,0.0035783853,-5427.217350551462,6.0,S_1743
2024-05-14 00:09:17,-61.135048,4.2415924,-51.30882,75.221695,865.9433,0.0035946355,-5422.317215382352,6.0,S_1743
2024-05-14 00:09:18,-61.17825,4.2364807,-51.364773,75.19372,865.9896,0.004121217,-5413.981890425468,6.0,S_1743
2024-05-14 00:09:19,-61.221382,4.231369,-51.420723,75.16574,865.98596,0.0041347244,-5405.554287627768,6.0,S_1743
2024-05-14 00:09:20,-61.264442,4.226227,-51.476677,75.137764,865.9767,0.0041458188,-5397.054139721044,6.0,S_1743
2024-05-14 00:09:21,-61.307438,4.2210846,-51.53263,75.10979,865.98035,0.0041593416,-5388.464474779441,6.0,S_1743
2024-05-14 00:09:22,-61.35036,4.215927,-51.588585,75.08181,865.973,0.0041780137,-5377.108679297909,6.0,S_1743
2024-05-14 00:09:23,-61.393215,4.210739,-51.65153,75.06083,865.9637,0.0041932263,-5369.968283525035,6.0,S_1743
2024-05-14 00:09:24,-61.436,4.205551,-51.70748,75.03285,866.0026,0.0036965518,-5366.458371610979,6.0,S_1743
2024-05-14 00:09:25,-61.478714,4.200348,-51.756443,74.99788,866.0896,0.0037084343,-5359.133741342679,6.0,S_1743
2024-05-14 00:09:26,-61.521362,4.1951294,-51.812393,74.9699,866.1693,0.003727145,-5353.823186201691,6.0,S_1743
2024-05-14 00:09:27,-61.56394,4.1898804,-51.868347,74.94892,866.19336,0.0037407228,-5344.73042841586,6.0,S_1743
2024-05-14 00:09:28,-61.606445,4.1846313,-51.931293,74.920944,866.1748,0.0042612795,-5336.893904105883,6.0,S_1743
2024-05-14 00:09:29,-61.64888,4.179367,-51.987247,74.88598,866.15076,0.004274849,-5327.968682966586,6.0,S_1743
2024-05-14 00:09:30,-61.69125,4.1740875,-52.0432,74.858,866.1693,0.0037858898,-5321.799675482876,6.0,S_1743
2024-05-14 00:09:31,-61.733547,4.1687927,-52.099155,74.830025,866.2619,0.0038021978,-5315.524310366384,6.0,S_1743
2024-05-14 00:09:32,-61.775776,4.1634827,-52.155106,74.80205,866.3619,0.003336903,-5312.275658904928,6.0,S_1743
2024-05-14 00:09:33,-61.817936,4.1581573,-52.21106,74.77407,866.3934,0.0033505398,-5306.43288888077,6.0,S_1743
2024-05-14 00:09:34,-61.860027,4.152832,-52.274006,74.74609,866.3693,0.0039681117,-5301.165912956258,6.0,S_1743
2024-05-14 00:09:35,-61.90205,4.147476,-52.32996,74.71812,866.33966,0.003984559,-5293.694311630224,6.0,S_1743
2024-05-14 00:09:36,-61.944,4.142105,-52.385914,74.69014,866.33966,0.0039931964,-5286.166470155777,6.0,S_1743
2024-05-14 00:09:37,-61.98588,4.1367188,-52.441864,74.66216,866.4063,0.004006962,-5277.926715478665,6.0,S_1743
2024-05-14 00:09:38,-62.027695,4.1313324,-52.497818,74.6272,866.5156,0.0034310229,-5274.480929145093,6.0,S_1743
2024-05-14 00:09:39,-62.06944,4.1259155,-52.553772,74.59922,866.57855,0.0034446963,-5270.518364724838,6.0,S_1743
2024-05-14 00:09:40,-62.11111,4.1204834,-52.609722,74.57124,866.573,0.0034532656,-5266.495400644137,6.0,S_1743
2024-05-14 00:09:41,-62.152714,4.1150513,-52.665676,74.54327,866.56006,0.003469635,-5259.7693330323655,6.0,S_1743
2024-05-14 00:09:42,-62.19425,4.1095886,-52.728622,74.51529,866.56195,0.0034901388,-5257.595447221212,6.0,S_1743
2024-05-14 00:09:43,-62.235714,4.104126,-52.784576,74.48731,866.5564,0.0035038376,-5252.705207428756,6.0,S_1743
2024-05-14 00:09:44,-62.27711,4.098633,-52.84053,74.45234,866.54895,0.003515114,-5248.699015288868,6.0,S_1743
2024-05-14 00:09:45,-62.318436,4.0931396,-52.896484,74.42436,866.5878,0.0035288248,-5244.17638119988,6.0,S_1743
2024-05-14 00:09:46,-62.359695,4.087616,-52.952435,74.396385,866.67676,0.0035476408,-5239.526743807279,6.0,S_1743
2024-05-14 00:09:47,-62.400883,4.0820923,-53.00839,74.36841,866.7527,0.003561362,-5234.787454788137,6.0,S_1743
2024-05-14 00:09:48,-62.442,4.0765533,-53.064342,74.34044,866.7712,0.0032243829,-5231.753507714158,6.0,S_1743
2024-05-14 00:09:49,-62.483047,4.070984,-53.120293,74.305466,866.75635,0.0032382642,-5229.535318787237,6.0,S_1743
2024-05-14 00:09:50,-62.52403,4.0654144,-53.176247,74.27749,866.75635,0.003131905,-5225.236306186829,6.0,S_1743
2024-05-14 00:09:51,-62.564938,4.0598297,-53.239193,74.24951,866.75635,0.0031500538,-5225.249826955149,6.0,S_1743
2024-05-14 00:09:52,-62.605778,4.0542297,-53.295147,74.221535,866.7434,0.004105267,-5216.963111545598,6.0,S_1743
2024-05-14 00:09:53,-62.64655,4.0486145,-53.3511,74.19356,866.7545,0.004118992,-5208.587089997961,6.0,S_1743
2024-05-14 00:09:54,-62.687252,4.042984,-53.40705,74.16558,866.82306,0.0042636255,-5198.636167447088,6.0,S_1743
2024-05-14 00:09:55,-62.727882,4.0373383,-53.463005,74.130615,866.9119,0.004280131,-5189.63184495619,6.0,S_1743
2024-05-14 00:09:56,-62.768444,4.0316772,-53.51896,74.10264,866.9675,0.0032165782,-5186.639366640886,6.0,S_1743
2024-05-14 00:09:57,-62.808937,4.026001,-53.574913,74.067665,866.96564,0.0032303862,-5184.454193940055,6.0,S_1743
2024-05-14 00:09:58,-62.84936,4.0203094,-53.630863,74.03969,866.93976,0.0037249955,-5178.625782271543,6.0,S_1743
2024-05-14 00:09:59,-62.889717,4.0146027,-53.686817,74.01171,866.92865,0.0037387805,-5172.160453658118,6.0,S_1743
2024-05-14 00:10:00,-62.93,4.0088806,-53.74277,73.97674,866.98785,0.0042205104,-5160.370881807928,6.0,S_1743
2024-05-14 00:10:01,-62.970627,4.003296,-53.805717,73.94877,867.0971,0.004238617,-5153.283230729997,6.0,S_1743
2024-05-14 00:10:02,-63.011166,3.997696,-53.86167,73.92079,867.1619,0.0037844898,-5147.062300667883,6.0,S_1743
2024-05-14 00:10:03,-63.051624,3.9920807,-53.91762,73.892815,867.1564,0.0037982748,-5140.1976977252925,6.0,S_1743
2024-05-14 00:10:04,-63.092,3.986435,-53.973576,73.85784,867.14343,0.0057686456,-5121.510230614227,6.0,S_1743
2024-05-14 00:10:05,-63.132294,3.980774,-54.02953,73.829865,867.1471,0.005782289,-5101.477843816458,6.0,S_1743
2024-05-14 00:10:06,-63.1725,3.9750977,-54.085484,73.79489,867.1471,0.0065343315,-5077.819895529952,6.0,S_1743
2024-05-14 00:10:07,-63.212627,3.9693909,-54.141434,73.766914,867.1286,0.0065503013,-5053.631694067778,6.0,S_1743
2024-05-14 00:10:08,-63.252666,3.9636688,-54.197388,73.738945,867.14154,0.0046002096,-5044.7798593008465,6.0,S_1743
2024-05-14 00:10:09,-63.292625,3.9579315,-54.246346,73.70397,867.2342,0.0046119834,-5030.856942018456,6.0,S_1743
2024-05-14 00:10:10,-63.3325,3.952179,-54.3023,73.669,867.33606,0.004373694,-5017.933433302012,6.0,S_1743
2024-05-14 00:10:11,-63.37229,3.9463959,-54.365246,73.64102,867.36566,0.004389217,-5006.549869334536,6.0,S_1743
2024-05-14 00:10:12,-63.412003,3.9405975,-54.428192,73.613045,867.34344,0.004906017,-4997.97160722025,6.0,S_1743
2024-05-14 00:10:13,-63.451626,3.9347687,-54.477154,73.57808,867.312,0.0049206484,-4982.699818180465,6.0,S_1743
2024-05-14 00:10:14,-63.49117,3.9289398,-54.533104,73.5501,867.312,0.0048198076,-4969.05499883359,6.0,S_1743
2024-05-14 00:10:15,-63.530624,3.9230804,-54.589058,73.51513,867.3786,0.0048334617,-4956.42048442365,6.0,S_1743
2024-05-14 00:10:16,-63.57,3.9171906,-54.64501,73.48715,867.4879,0.004207526,-4943.734785362805,6.0,S_1743
2024-05-14 00:10:17,-63.60929,3.9113007,-54.70796,73.45219,867.5509,0.004225471,-4937.113341522851,6.0,S_1743
2024-05-14 00:10:18,-63.648502,3.9053802,-54.763912,73.42421,867.5453,0.0037717838,-4933.1519136686275,6.0,S_1743
2024-05-14 00:10:19,-63.687626,3.8994446,-54.81287,73.38924,867.53235,0.00378628,-4924.699372664251,6.0,S_1743
2024-05-14 00:10:20,-63.72667,3.8934784,-54.868824,73.35426,867.5361,0.0039237766,-4915.005162470181,6.0,S_1743
2024-05-14 00:10:21,-63.765625,3.887497,-54.93177,73.32629,867.5305,0.0039392966,-4909.806615032789,6.0,S_1743
2024-05-14 00:10:22,-63.8045,3.8815002,-54.987724,73.29831,867.52124,0.0039580925,-4901.869186625057,6.0,S_1743
2024-05-14 00:10:23,-63.843292,3.8754883,-55.043674,73.26334,867.5601,0.003974465,-4894.784569050047,6.0,S_1743
2024-05-14 00:10:24,-63.882,3.8694458,-55.09963,73.23537,867.64905,0.0033818255,-4893.116468173702,6.0,S_1743
2024-05-14 00:10:25,-63.920628,3.863388,-55.148586,73.20039,867.7268,0.0033937898,-4884.753425493094,6.0,S_1743
2024-05-14 00:10:26,-63.959167,3.857315,-55.211533,73.16543,867.7435,0.0034168698,-4880.3573302198965,6.0,S_1743
2024-05-14 00:10:27,-63.997627,3.8512115,-55.274483,73.130455,867.7305,0.0034323507,-4878.847459451124,6.0,S_1743
2024-05-14 00:10:28,-64.036,3.8450928,-55.330433,73.10248,867.7287,0.003912966,-4874.642757921509,6.0,S_1743
2024-05-14 00:10:29,-64.074295,3.8389587,-55.379395,73.0745,867.7305,0.003927483,-4864.831713953541,6.0,S_1743
2024-05-14 00:10:30,-64.1125,3.8328094,-55.435345,73.03953,867.7176,0.004076201,-4856.521880900794,6.0,S_1743
2024-05-14 00:10:31,-64.15063,3.8266296,-55.4913,73.00456,867.7268,0.004092591,-4848.652211975732,6.0,S_1743
2024-05-14 00:10:32,-64.18867,3.8204346,-55.547253,72.976585,867.7953,0.0042229597,-4835.832831851484,6.0,S_1743
2024-05-14 00:10:33,-64.22662,3.8142242,-55.6102,72.94161,867.88605,0.0042386493,-4831.601007337904,6.0,S_1743
2024-05-14 00:10:34,-64.2645,3.8079834,-55.659157,72.90664,867.9398,0.004608252,-4817.705536372989,6.0,S_1743
2024-05-14 00:10:35,-64.30229,3.8017273,-55.71511,72.87167,867.9379,0.004622036,-4806.397647377033,6.0,S_1743
2024-05-14 00:10:36,-64.340004,3.795456,-55.771065,72.8437,867.912,0.0050053657,-4787.826134903466,6.0,S_1743
2024-05-14 00:10:37,-64.377625,3.789154,-55.83401,72.80872,867.9028,0.0050233323,-4771.604112968661,6.0,S_1743
2024-05-14 00:10:38,-64.41517,3.782837,-55.896957,72.77375,867.9602,0.0053842696,-4761.437483998401,6.0,S_1743
2024-05-14 00:10:39,-64.45263,3.7765045,-55.945915,72.74578,868.0713,0.005395987,-4741.921035702035,6.0,S_1743
2024-05-14 00:10:40,-64.49,3.7701416,-56.00187,72.71081,868.1361,0.0051535494,-4726.487077506347,6.0,S_1743
2024-05-14 00:10:41,-64.52729,3.7637787,-56.057823,72.675835,868.13055,0.005166831,-4710.967972438642,6.0,S_1743
2024-05-14 00:10:42,-64.5645,3.7573853,-56.113773,72.64087,868.1157,0.005567428,-4692.800337493395,6.0,S_1743
2024-05-14 00:10:43,-64.60162,3.7509613,-56.169727,72.605896,868.12134,0.005583117,-4674.530828144062,6.0,S_1743
2024-05-14 00:10:44,-64.638664,3.7445374,-56.22568,72.57092,868.11945,0.0070384056,-4647.571799793665,6.0,S_1743
2024-05-14 00:10:45,-64.67563,3.738083,-56.281635,72.542946,868.10095,0.0070514022,-4619.203637319049,6.0,S_1743
2024-05-14 00:10:46,-64.7125,3.731598,-56.337585,72.50798,868.1157,0.0070719225,-4591.113245894863,6.0,S_1743
2024-05-14 00:10:47,-64.74929,3.725113,-56.39354,72.47301,868.2083,0.007084923,-4562.940207466572,6.0,S_1743
2024-05-14 00:10:48,-64.786,3.7185974,-56.449493,72.438034,868.3102,0.005901607,-4542.574189407996,6.0,S_1743
2024-05-14 00:10:49,-64.822624,3.7120667,-56.505444,72.40307,868.33246,0.0059175175,-4517.714880978105,6.0,S_1743
2024-05-14 00:10:50,-64.85917,3.7055054,-56.568394,72.368095,868.3139,0.0049622706,-4505.596984495968,6.0,S_1743
2024-05-14 00:10:51,-64.89563,3.6989288,-56.624344,72.33312,868.3139,0.004978285,-4491.313237235761,6.0,S_1743
2024-05-14 00:10:52,-64.932,3.692337,-56.680298,72.29816,868.3139,0.004350001,-4481.168788107101,6.0,S_1743
2024-05-14 00:10:53,-64.96829,3.68573,-56.73625,72.26318,868.29535,0.00436718,-4471.461574112761,6.0,S_1743
2024-05-14 00:10:54,-65.0045,3.6790924,-56.792206,72.23521,868.2898,0.004384359,-4460.674834755614,6.0,S_1743
2024-05-14 00:10:55,-65.04063,3.6724396,-56.848156,72.20023,868.35095,0.0043977983,-4450.211638983767,6.0,S_1743
2024-05-14 00:10:56,-65.07667,3.6657715,-56.90411,72.16527,868.4602,0.0050433003,-4434.740461422004,6.0,S_1743
2024-05-14 00:10:57,-65.112625,3.6590881,-56.960064,72.1233,868.525,0.005059325,-4420.336848194131,6.0,S_1743
2024-05-14 00:10:58,-65.1485,3.6523743,-57.016014,72.08833,868.5195,0.004830946,-4407.016485609776,6.0,S_1743
2024-05-14 00:10:59,-65.184296,3.64563,-57.071968,72.05336,868.5065,0.004847231,-4397.138827114245,6.0,S_1743
2024-05-14 00:11:00,-65.22,3.6388855,-57.120926,72.01839,868.5102,0.004854266,-4381.614172006095,6.0,S_1743
2024-05-14 00:11:01,-65.25579,3.632141,-57.17688,71.98342,868.5009,0.0048680142,-4364.437132960262,6.0,S_1743
2024-05-14 00:11:02,-65.29149,3.6253967,-57.239826,71.94845,868.4824,0.004287302,-4356.740015785143,6.0,S_1743
2024-05-14 00:11:03,-65.3271,3.6186066,-57.29578,71.913475,868.5047,0.0043010074,-4346.903026084636,6.0,S_1743
2024-05-14 00:11:04,-65.362625,3.6118164,-57.351734,71.87851,868.5991,0.001521942,-4356.4590524361465,6.0,S_1743
2024-05-14 00:11:05,-65.398056,3.6049957,-57.400692,71.84354,868.6991,0.001536826,-4362.750237516773,6.0,S_1743
2024-05-14 00:11:06,-65.4334,3.5981445,-57.456646,71.80856,868.7213,0.0016036066,-4370.646787535107,6.0,S_1743
2024-05-14 00:11:07,-65.46866,3.5912933,-57.512596,71.7736,868.7047,0.0016207444,-4377.008045448021,6.0,S_1743
2024-05-14 00:11:08,-65.50382,3.5843964,-57.575546,71.73163,868.701,0.00346888,-4375.093856307355,6.0,S_1743
2024-05-14 00:11:09,-65.5389,3.5774994,-57.631496,71.69666,868.7028,0.0034836503,-4370.616918558553,6.0,S_1743
2024-05-14 00:11:10,-65.57389,3.570572,-57.68745,71.66169,868.6917,0.004344686,-4360.480276312199,6.0,S_1743
2024-05-14 00:11:11,-65.60879,3.5636292,-57.743404,71.62672,868.701,0.004359237,-4350.248702161664,6.0,S_1743
2024-05-14 00:11:12,-65.6436,3.556656,-57.799355,71.59175,868.7695,0.0050817374,-4334.537387175638,6.0,S_1743
2024-05-14 00:11:13,-65.67832,3.5496674,-57.85531,71.54978,868.8602,0.0050984756,-4316.068427445049,6.0,S_1743
2024-05-14 00:11:14,-65.71296,3.5426636,-57.918255,71.51482,868.91394,0.005966373,-4301.692616183787,6.0,S_1743
2024-05-14 00:11:15,-65.7475,3.5356293,-57.967216,71.47984,868.9121,0.005981093,-4278.762353963435,6.0,S_1743
2024-05-14 00:11:16,-65.78196,3.5285797,-58.023167,71.44487,868.88617,0.0060639232,-4257.325762903466,6.0,S_1743
2024-05-14 00:11:17,-65.81632,3.5214996,-58.07912,71.409904,868.87506,0.0060776058,-4235.798978839282,6.0,S_1743
2024-05-14 00:11:18,-65.8506,3.5144043,-58.135075,71.37493,868.9325,0.0051069087,-4219.927241495536,6.0,S_1743
2024-05-14 00:11:19,-65.88479,3.5072937,-58.19103,71.33297,869.04175,0.0051202644,-4205.096956185768,6.0,S_1743
2024-05-14 00:11:20,-65.91889,3.5001526,-58.24698,71.298,869.1121,0.0029797128,-4203.4822425263,6.0,S_1743
2024-05-14 00:11:21,-65.9529,3.4929962,-58.302933,71.256035,869.11395,0.0029935748,-4202.60108240683,6.0,S_1743
2024-05-14 00:11:22,-65.986824,3.4858246,-58.358887,71.22106,869.0936,0.0024619955,-4204.7941424879955,6.0,S_1743
2024-05-14 00:11:23,-66.02065,3.4786224,-58.414837,71.18609,869.09174,0.0024767232,-4206.885091772449,6.0,S_1743
2024-05-14 00:11:24,-66.0544,3.471405,-58.47079,71.15112,869.0936,0.0012214223,-4217.036845702556,6.0,S_1743
2024-05-14 00:11:25,-66.08806,3.464157,-58.526745,71.10915,869.0751,0.001238114,-4227.653652886822,6.0,S_1743
2024-05-14 00:11:26,-66.12162,3.4569092,-58.5827,71.07418,869.0881,-0.0005820467,-4249.450331527777,6.0,S_1743
2024-05-14 00:11:27,-66.1551,3.4496155,-58.631657,71.03222,869.1825,-0.00056848663,-4269.866862907724,6.0,S_1743
2024-05-14 00:11:28,-66.18849,3.4423218,-58.68761,70.997246,869.2825,0.006889149,-4237.0412746190095,6.0,S_1743
2024-05-14 00:11:29,-66.22179,3.4349976,-58.750557,70.955284,869.3066,0.006903923,-4212.538158745841,6.0,S_1743
2024-05-14 00:11:30,-66.255,3.4276428,-58.806507,70.92031,869.2881,0.010446665,-4162.377185300741,6.0,S_1743
2024-05-14 00:11:31,-66.288124,3.4202728,-58.86246,70.885345,869.28436,0.010460496,-4118.243899421475,6.0,S_1743
2024-05-14 00:11:32,-66.32116,3.4128876,-58.91142,70.843376,869.2899,0.007933314,-4082.934473828873,6.0,S_1743
2024-05-14 00:11:33,-66.3541,3.405487,-58.967373,70.80841,869.2788,0.007947371,-4042.2694862539975,6.0,S_1743
2024-05-14 00:11:34,-66.386955,3.398056,-59.03032,70.76644,869.2677,0.008028241,-4004.414180540628,6.0,S_1743
2024-05-14 00:11:35,-66.41972,3.3905945,-59.093266,70.731476,869.32135,0.008047004,-3970.9363569033167,6.0,S_1743
2024-05-14 00:11:36,-66.4524,3.383133,-59.14922,70.68951,869.4325,0.0041768802,-3965.3335948676768,6.0,S_1743
2024-05-14 00:11:37,-66.484985,3.3756409,-59.198177,70.65454,869.4992,0.0041925134,-3953.5538541666338,6.0,S_1743
2024-05-14 00:11:38,-66.51749,3.3681183,-59.25413,70.61257,869.49365,0.0013450702,-3963.2228092813875,6.0,S_1743
2024-05-14 00:11:39,-66.5499,3.3605957,-59.310085,70.57061,869.4788,-0.0015023729,-3991.8962275917356,6.0,S_1743
2024-05-14 00:11:40,-66.58222,3.3530273,-59.36604,70.52864,869.4825,-0.004349816,-4038.993146335748,6.0,S_1743
2024-05-14 00:11:41,-66.614456,3.345459,-59.42199,70.493675,869.4825,-0.0043347417,-4086.1417868920207,6.0,S_1743
2024-05-14 00:11:42,-66.6466,3.33786,-59.477943,70.451706,869.464,-0.005547225,-4141.051336274564,6.0,S_1743
2024-05-14 00:11:43,-66.67866,3.330246,-59.533897,70.41674,869.4769,-0.0055321865,-4196.164084328033,6.0,S_1743
2024-05-14 00:11:44,-66.710625,3.3226013,-59.58985,70.37477,869.5714,-0.0005378103,-4218.360541510691,6.0,S_1743
2024-05-14 00:11:45,-66.7425,3.3149414,-59.6458,70.33281,869.67145,-0.00052408176,-4240.456581587605,6.0,S_1743
2024-05-14 00:11:46,-66.77429,3.307251,-59.701756,70.29084,869.6955,0.0060763853,-4219.327844548499,6.0,S_1743
2024-05-14 00:11:47,-66.80599,3.2995605,-59.75771,70.255875,869.677,0.006090612,-4201.314904820428,6.0,S_1743
2024-05-14 00:11:48,-66.8376,3.2918243,-59.806667,70.213905,869.6751,0.0064670406,-4174.782254460977,6.0,S_1743
2024-05-14 00:11:49,-66.869125,3.2840881,-59.86262,70.17194,869.677,0.006485467,-4150.149529794517,6.0,S_1743
2024-05-14 00:11:50,-66.90056,3.2763214,-59.91857,70.12998,869.6566,0.0031298306,-4145.9267396583555,6.0,S_1743
2024-05-14 00:11:51,-66.9319,3.2685394,-59.98152,70.09501,869.6529,0.0031498028,-4145.122427690289,6.0,S_1743
2024-05-14 00:11:52,-66.96316,3.260727,-60.03747,70.05305,869.714,-0.0016764951,-4174.838335148671,6.0,S_1743
2024-05-14 00:11:53,-66.99432,3.2528992,-60.093426,70.01108,869.8233,-0.0016588358,-4203.22811180247,6.0,S_1743
2024-05-14 00:11:54,-67.0254,3.245041,-60.142384,69.96912,869.8881,-0.0054852385,-4256.2647289522465,6.0,S_1743
2024-05-14 00:11:55,-67.05639,3.2371826,-60.198338,69.92715,869.8807,-0.0054677743,-4311.184600952015,6.0,S_1743
2024-05-14 00:11:56,-67.08729,3.2292786,-60.25429,69.885185,869.86774,-0.002224693,-4344.233525787476,6.0,S_1743
2024-05-14 00:11:57,-67.118095,3.2213745,-60.31024,69.85021,869.87146,-0.0032483335,-4383.954654453528,6.0,S_1743
2024-05-14 00:11:58,-67.14882,3.21344,-60.366196,69.80825,869.86584,-0.0041532656,-4430.088456656543,6.0,S_1743
2024-05-14 00:11:59,-67.17945,3.20549,-60.42215,69.76629,869.8566,-0.004461622,-4478.260518994859,6.0,S_1743
2024-05-14 00:12:00,-67.21,3.1975098,-60.478104,69.72432,869.8974,-0.0032531708,-4518.384133110529,6.0,S_1743
2024-05-14 00:12:01,-67.24127,3.1894836,-60.534054,69.68236,869.98444,-0.0014294977,-4546.374777924316,6.0,S_1743
2024-05-14 00:12:02,-67.27243,3.1814423,-60.590008,69.64039,870.0622,-0.00025936362,-4566.581590542794,6.0,S_1743
2024-05-14 00:12:03,-67.303474,3.1733856,-60.64596,69.59843,870.07886,-0.0012672866,-4593.655819969762,6.0,S_1743
2024-05-14 00:12:04,-67.3344,3.1652985,-60.701912,69.54947,870.06586,-0.0013383987,-4621.417300643508,6.0,S_1743
2024-05-14 00:12:05,-67.365204,3.157196,-60.757866,69.5075,870.06586,-0.0013244968,-4647.532448924632,6.0,S_1743
2024-05-14 00:12:06,-67.3959,3.1490784,-60.806824,69.472534,870.06586,0.0068192338,-4617.340247989851,6.0,S_1743
2024-05-14 00:12:07,-67.426476,3.1409302,-60.862778,69.42358,870.0529,0.0068346243,-4590.814814672141,6.0,S_1743
2024-05-14 00:12:08,-67.45693,3.1327667,-60.91873,69.38161,870.0622,0.0149539625,-4509.996097209324,6.0,S_1743
2024-05-14 00:12:09,-67.487274,3.124588,-60.974686,69.339645,870.13257,0.014966456,-4429.110200080087,6.0,S_1743
2024-05-14 00:12:10,-67.5175,3.1163788,-61.030636,69.297676,870.2233,0.022680989,-4280.327904183289,6.0,S_1743
2024-05-14 00:12:11,-67.54761,3.1081696,-61.093582,69.255714,870.2733,0.022696959,-4166.673291503716,6.0,S_1743
2024-05-14 00:12:12,-67.5776,3.0999146,-61.142544,69.21375,870.26965,0.025335392,-4011.5769293666226,6.0,S_1743
2024-05-14 00:12:13,-67.607475,3.0916595,-61.198494,69.164795,870.25665,0.025349304,-3862.2845473349653,6.0,S_1743
2024-05-14 00:12:14,-67.63723,3.083374,-61.254448,69.122826,870.25665,0.020012222,-3748.0037679476254,6.0,S_1743
2024-05-14 00:12:15,-67.66687,3.0750732,-61.310402,69.080864,870.2622,0.020026842,-3633.6415043030966,6.0,S_1743
2024-05-14 00:12:16,-67.696396,3.066742,-61.366356,69.038895,870.26404,0.016306298,-3541.7513294942255,6.0,S_1743
2024-05-14 00:12:17,-67.72581,3.0583954,-61.422306,68.98994,870.2529,0.016320465,-3464.260217704853,6.0,S_1743
2024-05-14 00:12:18,-67.7551,3.0500336,-61.471268,68.947975,870.24554,0.019054845,-3354.4034576520407,6.0,S_1743
2024-05-14 00:12:19,-67.78427,3.0416565,-61.527218,68.906006,870.2863,0.01906707,-3232.392706733819,6.0,S_1743
2024-05-14 00:12:20,-67.81333,3.033249,-61.590164,68.864044,870.3752,0.013239716,-3163.2892942403296,6.0,S_1743
2024-05-14 00:12:21,-67.84227,3.024826,-61.64612,68.81509,870.4511,0.017631337,-3062.948309041565,6.0,S_1743
2024-05-14 00:12:22,-67.8711,3.0163727,-61.702072,68.76613,870.4678,0.02356972,-2942.8401716684057,6.0,S_1743
2024-05-14 00:12:23,-67.8998,3.0079193,-61.75103,68.72416,870.45483,0.02295625,-2804.203629655385,6.0,S_1743
2024-05-14 00:12:24,-67.9284,2.9994354,-61.806984,68.6752,870.45483,0.027520806,-2640.820541502373,6.0,S_1743
2024-05-14 00:12:25,-67.95687,2.990921,-61.862938,68.63324,870.45483,0.031201534,-2452.723155576641,6.0,S_1743
2024-05-14 00:12:26,-67.98523,2.9823914,-61.918888,68.59127,870.4419,0.03086555,-2262.8216052422376,6.0,S_1743
2024-05-14 00:12:27,-68.01347,2.9738464,-61.974842,68.54231,870.4511,0.029316435,-2083.8130689054306,6.0,S_1743
2024-05-14 00:12:28,-68.041595,2.9652863,-62.030796,68.493355,870.5233,0.022255313,-1955.3533552925983,6.0,S_1743
2024-05-14 00:12:29,-68.0696,2.9566956,-62.08675,68.45139,870.6141,0.022267269,-1826.4416439096567,6.0,S_1743
2024-05-14 00:12:30,-68.097496,2.9480896,-62.1427,68.409424,870.66223,0.022164749,-1695.3531104912763,6.0,S_1743
2024-05-14 00:12:31,-68.125275,2.9394684,-62.198654,68.360466,870.6567,0.022177998,-1564.6052577155187,6.0,S_1743
2024-05-14 00:12:32,-68.15293,2.9308167,-62.25461,68.31151,870.64923,0.021706142,-1439.8638105004466,6.0,S_1743
2024-05-14 00:12:33,-68.18047,2.9221497,-62.31056,68.26955,870.653,0.021720435,-1311.8573143420163,6.0,S_1743
2024-05-14 00:12:34,-68.2079,2.9134674,-62.366512,68.22059,870.64185,0.016274784,-1220.9373336742556,6.0,S_1743
2024-05-14 00:12:35,-68.23521,2.90477,-62.422466,68.17163,870.63074,0.016290128,-1143.9112195435591,6.0,S_1743
2024-05-14 00:12:36,-68.2624,2.8960419,-62.471424,68.12966,870.68445,0.007933497,-1106.773047113953,6.0,S_1743
2024-05-14 00:12:37,-68.289474,2.8872833,-62.527378,68.0807,870.79376,0.0079499865,-1071.9069126207323,6.0,S_1743
2024-05-14 00:12:38,-68.31643,2.8785248,-62.583332,68.031746,870.86414,0.0052126036,-1059.1872052912913,6.0,S_1743
2024-05-14 00:12:39,-68.34327,2.8697357,-62.63229,67.98279,870.86597,0.0052270847,-1040.6621894934215,6.0,S_1743
2024-05-14 00:12:40,-68.369995,2.8609314,-62.68824,67.93383,870.8456,0.0036278605,-1035.3142801248832,6.0,S_1743
2024-05-14 00:12:41,-68.39661,2.8520966,-62.744194,67.89186,870.84375,0.0036416543,-1029.0222438532892,6.0,S_1743
2024-05-14 00:12:42,-68.423096,2.8432617,-62.800148,67.8429,870.8456,0.0027540082,-1029.088154571402,6.0,S_1743
2024-05-14 00:12:43,-68.44947,2.834381,-62.856102,67.793945,870.8271,0.002770673,-1031.025169816592,6.0,S_1743
2024-05-14 00:12:44,-68.47573,2.8255005,-62.90506,67.74499,870.84,0.00045205478,-1044.568214104458,6.0,S_1743
2024-05-14 00:12:45,-68.50187,2.8165894,-62.961014,67.69603,870.9326,0.00046713656,-1060.0323421014855,6.0,S_1743
2024-05-14 00:12:46,-68.5279,2.807663,-63.016964,67.65406,871.0345,-0.0032722277,-1100.130895897175,6.0,S_1743
2024-05-14 00:12:47,-68.5538,2.7987213,-63.072918,67.6051,871.05853,-0.0032568113,-1140.508699274069,6.0,S_1743
2024-05-14 00:12:48,-68.5796,2.7897491,-63.128872,67.556145,871.04004,-0.00881664,-1218.1682178501524,6.0,S_1743
2024-05-14 00:12:49,-68.60527,2.7807617,-63.184826,67.50719,871.0363,-0.008801126,-1295.6963048618054,6.0,S_1743
2024-05-14 00:12:50,-68.63083,2.7717438,-63.240776,67.45823,871.0419,-0.012762472,-1399.762742440842,6.0,S_1743
2024-05-14 00:12:51,-68.65627,2.7627258,-63.29673,67.40927,871.0308,-0.012747023,-1503.6960369243407,6.0,S_1743
2024-05-14 00:12:52,-68.681595,2.7536774,-63.352684,67.36031,871.0197,-0.0128826955,-1610.2502838623059,6.0,S_1743
2024-05-14 00:12:53,-68.7068,2.7445984,-63.408634,67.30436,871.07336,-0.012867928,-1715.3262262364497,6.0,S_1743
2024-05-14 00:12:54,-68.731895,2.7355194,-63.46459,67.2554,871.1845,-0.0105671305,-1804.568133828463,6.0,S_1743
2024-05-14 00:12:55,-68.756874,2.72641,-63.520542,67.206436,871.25116,-0.0105504785,-1893.6705078734303,6.0,S_1743
2024-05-14 00:12:56,-68.78173,2.71727,-63.576496,67.15748,871.2438,-0.007758568,-1959.628460862019,6.0,S_1743
2024-05-14 00:12:57,-68.80647,2.70813,-63.625454,67.101524,871.23083,-0.0077445926,-2028.3332276185338,6.0,S_1743
2024-05-14 00:12:58,-68.8311,2.6989594,-63.681408,67.05257,871.2345,0.0006767269,-2042.718624631485,6.0,S_1743
2024-05-14 00:12:59,-68.855606,2.6897736,-63.730366,67.00361,871.2345,0.00068949675,-2054.5656075076695,6.0,S_1743
2024-05-14 00:13:00,-68.88,2.6805573,-63.786316,66.95465,871.216,0.009787914,-2007.50888362335,6.0,S_1743
2024-05-14 00:13:01,-68.904434,2.6713104,-63.84227,66.90569,871.22894,0.009801577,-1959.081360783579,6.0,S_1743
2024-05-14 00:13:02,-68.92875,2.662033,-63.898224,66.84974,871.32336,0.0065475293,-1934.0951270576516,6.0,S_1743
2024-05-14 00:13:03,-68.95295,2.6527405,-63.954178,66.80078,871.42346,0.006559821,-1907.7793488586867,6.0,S_1743
2024-05-14 00:13:04,-68.97702,2.6434326,-64.01013,66.74483,871.44934,0.0015134868,-1917.523146183521,6.0,S_1743
2024-05-14 00:13:05,-69.00097,2.6340942,-64.05909,66.69587,871.42896,0.0015255072,-1923.742464542418,6.0,S_1743
2024-05-14 00:13:06,-69.024796,2.6247559,-64.11504,66.64691,871.4216,3.2291515e-05,-1941.8756341713488,6.0,S_1743
2024-05-14 00:13:07,-69.0485,2.615387,-64.171,66.59096,871.4271,4.6106055e-05,-1960.3038022606215,6.0,S_1743
2024-05-14 00:13:08,-69.07208,2.6059875,-64.226944,66.542,871.4364,0.004366812,-1945.7760669948584,6.0,S_1743
2024-05-14 00:13:09,-69.09555,2.5965881,-64.289894,66.486046,871.4364,0.008329265,-1916.8761312124116,6.0,S_1743
2024-05-14 00:13:10,-69.11889,2.5871582,-64.33885,66.43709,871.41785,0.012291717,-1858.3724967483759,6.0,S_1743
2024-05-14 00:13:11,-69.142105,2.577713,-64.38781,66.381134,871.40674,0.012303159,-1800.209025305685,6.0,S_1743
2024-05-14 00:13:12,-69.1652,2.5682526,-64.43677,66.32518,871.4641,0.010660333,-1745.8595546131055,6.0,S_1743
2024-05-14 00:13:13,-69.18817,2.5587616,-64.49272,66.27622,871.5734,0.010671233,-1691.6567583216693,6.0,S_1743
2024-05-14 00:13:14,-69.21102,2.5492554,-64.548676,66.22027,871.64014,0.0057531213,-1671.2565544830431,6.0,S_1743
2024-05-14 00:13:15,-69.23375,2.539734,-64.60463,66.164314,871.6346,0.0057630115,-1651.5105060039405,6.0,S_1743
2024-05-14 00:13:16,-69.256355,2.530182,-64.66058,66.11536,871.61975,0.0086480975,-1611.07631066264,6.0,S_1743
2024-05-14 00:13:17,-69.27884,2.52063,-64.71654,66.0594,871.6234,0.008657277,-1570.979015279434,6.0,S_1743
2024-05-14 00:13:18,-69.3012,2.5110474,-64.77249,66.00345,871.6234,0.014515554,-1491.1700905971684,6.0,S_1743
2024-05-14 00:13:19,-69.32343,2.5014496,-64.82844,65.9475,871.6049,0.01452587,-1411.2956440451962,6.0,S_1743
2024-05-14 00:13:20,-69.34555,2.4918213,-64.88439,65.89155,871.61975,0.017412182,-1314.0119368832966,6.0,S_1743
2024-05-14 00:13:21,-69.367546,2.4821777,-64.940346,65.84259,871.71234,0.017420966,-1214.1736822354505,6.0,S_1743
2024-05-14 00:13:22,-69.38942,2.472519,-64.9963,65.78664,871.8123,0.019658875,-1113.565711457497,6.0,S_1743
2024-05-14 00:13:23,-69.41117,2.4628448,-65.04526,65.73068,871.8364,0.01966674,-1011.0075015925631,6.0,S_1743
2024-05-14 00:13:24,-69.4328,2.4531403,-65.094215,65.67473,871.8179,0.010063874,-959.5075140312128,6.0,S_1743
2024-05-14 00:13:25,-69.4543,2.4434204,-65.15017,65.618774,871.81604,0.010074619,-909.8780735785531,6.0,S_1743
2024-05-14 00:13:26,-69.475685,2.4336853,-65.20612,65.56282,871.8179,-0.0032207293,-950.216255447911,6.0,S_1743
2024-05-14 00:13:27,-69.49695,2.423935,-65.26208,65.50687,871.7994,-0.003205092,-990.4308312324865,6.0,S_1743
2024-05-14 00:13:28,-69.51809,2.414154,-65.31803,65.45092,871.7938,-0.002930246,-1028.76959357763,6.0,S_1743
2024-05-14 00:13:29,-69.5391,2.404358,-65.373985,65.394966,871.8549,-0.0029136646,-1067.3611335614387,6.0,S_1743
2024-05-14 00:13:30,-69.56,2.3945465,-65.42993,65.332016,871.9642,0.003349401,-1066.001650292872,6.0,S_1743
2024-05-14 00:13:31,-69.58077,2.3847198,-65.4789,65.27606,872.029,0.0033618454,-1062.2578090623538,6.0,S_1743
2024-05-14 00:13:32,-69.60142,2.3748627,-65.527855,65.22011,872.02344,0.0053533595,-1042.6664137132266,6.0,S_1743
2024-05-14 00:13:33,-69.62195,2.3649902,-65.5838,65.16416,872.00684,0.005368597,-1024.1924357736043,6.0,S_1743
2024-05-14 00:13:34,-69.64236,2.3551025,-65.639755,65.10121,872.00684,0.008179224,-987.8334602485829,6.0,S_1743
2024-05-14 00:13:35,-69.662636,2.3451843,-65.69571,65.04526,872.01605,0.00819264,-951.0022448899781,6.0,S_1743
2024-05-14 00:13:36,-69.6828,2.3352509,-65.75166,64.9893,872.0216,0.013345016,-879.4203821081155,6.0,S_1743
2024-05-14 00:13:37,-69.702835,2.3253021,-65.80762,64.93335,872.0124,0.013355512,-815.426833921987,6.0,S_1743
2024-05-14 00:13:38,-69.722755,2.3153381,-65.856575,64.87041,871.992,0.008544138,-780.818966722838,6.0,S_1743
2024-05-14 00:13:39,-69.742546,2.3053436,-65.90553,64.81445,872.0086,0.008556334,-738.5578256909939,6.0,S_1743
2024-05-14 00:13:40,-69.76222,2.2953339,-65.96149,64.7515,872.10315,0.0011296842,-749.7303976595704,6.0,S_1743
2024-05-14 00:13:41,-69.78177,2.2853088,-66.01744,64.69555,872.2031,0.0011459624,-760.3979604722663,6.0,S_1743
2024-05-14 00:13:42,-69.8012,2.2752686,-66.073395,64.6396,872.22534,0.0011699246,-770.7482016160175,6.0,S_1743
2024-05-14 00:13:43,-69.8205,2.2651978,-66.12935,64.57665,872.2068,0.0011869653,-781.3602751200706,6.0,S_1743
2024-05-14 00:13:44,-69.83968,2.2551117,-66.185295,64.5137,872.2068,0.0027547712,-783.5284021670213,6.0,S_1743
2024-05-14 00:13:45,-69.85875,2.2450104,-66.23426,64.457756,872.2068,0.0027697068,-780.9883655638969,6.0,S_1743
2024-05-14 00:13:46,-69.877686,2.2348785,-66.29021,64.394806,872.1883,0.003233457,-780.2688302837414,6.0,S_1743
2024-05-14 00:13:47,-69.8965,2.2247467,-66.33917,64.33885,872.18274,0.0032477912,-774.4502739256513,6.0,S_1743
2024-05-14 00:13:48,-69.9152,2.2145844,-66.39512,64.27591,872.2439,0.004421768,-762.8766188076188,6.0,S_1743
2024-05-14 00:13:49,-69.93377,2.2043915,-66.45107,64.21296,872.35315,0.0044351947,-751.2128698046563,6.0,S_1743
2024-05-14 00:13:50,-69.95222,2.1941986,-66.50703,64.15001,872.4179,0.0059233224,-729.3712440895306,6.0,S_1743
2024-05-14 00:13:51,-69.97055,2.1839752,-66.56298,64.08707,872.41425,0.0059385207,-708.1444974175411,6.0,S_1743
2024-05-14 00:13:52,-69.988754,2.1737366,-66.618935,64.03111,872.3957,0.0058698407,-686.2897626480299,6.0,S_1743
2024-05-14 00:13:53,-70.006836,2.1634674,-66.67489,63.968166,872.3976,0.0058847787,-668.8642125751849,6.0,S_1743
2024-05-14 00:13:54,-70.024796,2.1531982,-66.72385,63.905216,872.405,0.01047498,-621.4310671103449,6.0,S_1743
2024-05-14 00:13:55,-70.04263,2.1428986,-66.772804,63.84227,872.4068,0.010487127,-572.4175922228351,6.0,S_1743
2024-05-14 00:13:56,-70.060356,2.1325684,-66.82176,63.77233,872.392,0.019923506,-439.17963760798375,6.0,S_1743
2024-05-14 00:13:57,-70.07795,2.1222382,-66.88471,63.70938,872.3735,0.019935824,-323.65127643332926,6.0,S_1743
2024-05-14 00:13:58,-70.09542,2.1118774,-66.94067,63.646435,872.3976,0.020107282,-219.2895597918905,6.0,S_1743
2024-05-14 00:13:59,-70.11277,2.1015015,-66.989624,63.58349,872.4939,0.016500436,-135.1183753465939,6.0,S_1743
2024-05-14 00:14:00,-70.13,2.0911102,-67.03858,63.520542,872.592,0.012893591,-63.90481558283318,6.0,S_1743
2024-05-14 00:14:01,-70.14743,2.08049,-67.094536,63.457596,872.61426,0.012909542,5.509117527300987,6.0,S_1743
2024-05-14 00:14:02,-70.164734,2.06987,-67.15049,63.394646,872.59753,0.006000312,27.84302499945261,6.0,S_1743
2024-05-14 00:14:03,-70.1819,2.0592346,-67.206436,63.3317,872.59576,0.0060160924,46.88441284148212,6.0,S_1743
2024-05-14 00:14:04,-70.19893,2.048584,-67.2554,63.26176,872.59576,0.00051912153,33.41626352046296,6.0,S_1743
2024-05-14 00:14:05,-70.21583,2.037918,-67.31135,63.19881,872.5772,0.0005379794,18.6567626557553,6.0,S_1743
2024-05-14 00:14:06,-70.2326,2.027237,-67.3673,63.128872,872.57166,-0.001616607,-10.049702360807714,6.0,S_1743
2024-05-14 00:14:07,-70.24923,2.0165558,-67.41626,63.065926,872.63275,-0.0015994264,-37.507517228843426,6.0,S_1743
2024-05-14 00:14:08,-70.26573,2.0058594,-67.47221,63.002975,872.7439,-0.0029898968,-76.64866521038311,6.0,S_1743
2024-05-14 00:14:09,-70.2821,1.9951477,-67.52817,62.933037,872.8069,-0.0029705635,-115.64848208996591,6.0,S_1743
2024-05-14 00:14:10,-70.29833,1.9844208,-67.58412,62.87009,872.80133,-0.0066963257,-175.71603308363956,6.0,S_1743
2024-05-14 00:14:11,-70.31443,1.9736786,-67.63308,62.800148,872.7883,-0.0066784373,-234.14621028995498,6.0,S_1743
2024-05-14 00:14:12,-70.3304,1.9629211,-67.68204,62.730206,872.79205,-0.008558039,-310.17815148555746,6.0,S_1743
2024-05-14 00:14:13,-70.34623,1.9521637,-67.73799,62.660267,872.7846,-0.008537903,-386.87141732584314,6.0,S_1743
2024-05-14 00:14:14,-70.36193,1.9413757,-67.793945,62.597317,872.7772,-0.010795191,-472.2424956699233,6.0,S_1743
2024-05-14 00:14:15,-70.377495,1.9305878,-67.8429,62.527378,872.8161,-0.0130524775,-579.1785200158502,6.0,S_1743
2024-05-14 00:14:16,-70.39293,1.9197845,-67.89886,62.457436,872.905,-0.017995417,-709.4786101686095,6.0,S_1743
2024-05-14 00:14:17,-70.408226,1.9089661,-67.947815,62.387493,872.9828,-0.01797444,-848.1105680790879,6.0,S_1743
2024-05-14 00:14:18,-70.42339,1.8981476,-68.00377,62.324547,873.00134,-0.019980684,-1004.1309951988169,6.0,S_1743
2024-05-14 00:14:19,-70.43843,1.8872986,-68.05972,62.25461,872.9865,-0.019958975,-1160.309159013721,6.0,S_1743
2024-05-14 00:14:20,-70.45333,1.8764496,-68.11568,62.184666,872.97906,-0.023631847,-1344.7221247871403,6.0,S_1743
2024-05-14 00:14:21,-70.468094,1.8655853,-68.17163,62.10773,872.9846,-0.023612658,-1506.693589546927,6.0,S_1743
2024-05-14 00:14:22,-70.48273,1.8547058,-68.22059,62.044785,872.99207,-0.024902968,-1677.0299078505996,6.0,S_1743
2024-05-14 00:14:23,-70.49723,1.843811,-68.26955,61.974842,872.9865,-0.024883002,-1847.5382688762074,6.0,S_1743
2024-05-14 00:14:24,-70.5116,1.8329163,-68.318504,61.9049,872.96423,-0.023149844,-2026.367993496422,6.0,S_1743
2024-05-14 00:14:25,-70.525826,1.821991,-68.37446,61.827965,872.9606,-0.023128148,-2204.290318626341,6.0,S_1743
2024-05-14 00:14:26,-70.53993,1.8110657,-68.43041,61.758026,873.02167,-0.02141713,-2372.6516751151303,6.0,S_1743
2024-05-14 00:14:27,-70.553894,1.8001251,-68.48636,61.68109,873.1328,-0.021397827,-2538.527971093976,6.0,S_1743
2024-05-14 00:14:28,-70.567726,1.7891693,-68.54231,61.61115,873.19763,-0.021084119,-2687.017318367103,6.0,S_1743
2024-05-14 00:14:29,-70.58143,1.7781982,-68.59127,61.541206,873.1921,-0.021064475,-2848.2364290866917,6.0,S_1743
2024-05-14 00:14:30,-70.59499,1.7672272,-68.647224,61.471268,873.17535,-0.023219634,-3012.877280403507,6.0,S_1743
2024-05-14 00:14:31,-70.60843,1.7562256,-68.69618,61.39433,873.17535,-0.023199705,-3172.7014345749667,6.0,S_1743
2024-05-14 00:14:32,-70.62173,1.745224,-68.74515,61.32439,873.1828,-0.020784438,-3334.3070021538133,6.0,S_1743
2024-05-14 00:14:33,-70.634895,1.7342072,-68.801094,61.247456,873.1865,-0.020765388,-3497.9255124438496,6.0,S_1743
2024-05-14 00:14:34,-70.64793,1.723175,-68.85705,61.17052,873.16986,-0.017729076,-3638.171407177537,6.0,S_1743
2024-05-14 00:14:35,-70.66083,1.7121277,-68.913,61.10058,873.1513,-0.01770867,-3767.739648722136,6.0,S_1743
2024-05-14 00:14:36,-70.67359,1.7010803,-68.96196,61.023643,873.17535,-0.020409202,-3912.7063900309913,6.0,S_1743
2024-05-14 00:14:37,-70.686226,1.6900177,-69.01092,60.94671,873.27167,-0.020391213,-4054.800429799654,6.0,S_1743
2024-05-14 00:14:38,-70.69873,1.6789246,-69.05988,60.876766,873.3699,-0.018528933,-4200.2424751797535,6.0,S_1743
2024-05-14 00:14:39,-70.7111,1.6678314,-69.11583,60.79983,873.3939,-0.018510375,-4347.6967124192815,6.0,S_1743
2024-05-14 00:14:40,-70.72333,1.656723,-69.17178,60.722897,873.3754,-0.010367571,-4431.325889200074,6.0,S_1743
2024-05-14 00:14:41,-70.73543,1.6456146,-69.22074,60.64596,873.37354,-0.010352204,-4512.987734147022,6.0,S_1743
2024-05-14 00:14:42,-70.7474,1.6344757,-69.26971,60.569027,873.3754,0.007482844,-4477.954892600579,6.0,S_1743
2024-05-14 00:14:43,-70.75923,1.6233368,-69.32565,60.49209,873.3624,0.007497986,-4444.645899787458,6.0,S_1743
2024-05-14 00:14:44,-70.77093,1.6121826,-69.38161,60.415154,873.3717,0.0164181,-4360.862625995613,6.0,S_1743
2024-05-14 00:14:45,-70.78249,1.6010132,-69.430565,60.33822,873.4421,0.016430782,-4263.822331400575,6.0,S_1743
2024-05-14 00:14:46,-70.79393,1.5898285,-69.48652,60.261284,873.53284,0.008586599,-4228.955592382525,6.0,S_1743
2024-05-14 00:14:47,-70.80523,1.5786285,-69.53548,60.18435,873.5828,0.008601085,-4191.023241549288,6.0,S_1743
2024-05-14 00:14:48,-70.8164,1.5674286,-69.584435,60.100418,873.5791,0.004962812,-4177.3052413112455,6.0,S_1743
2024-05-14 00:14:49,-70.82743,1.5561981,-69.6334,60.023483,873.56433,0.004977691,-4159.071230054458,6.0,S_1743
2024-05-14 00:14:50,-70.838326,1.5449677,-69.68935,59.939556,873.56616,0.0052221846,-4141.932018239013,6.0,S_1743
2024-05-14 00:14:51,-70.8491,1.5337219,-69.7453,59.86262,873.5718,0.005466678,-4125.805415157118,6.0,S_1743
2024-05-14 00:14:52,-70.859726,1.5224609,-69.79426,59.77869,873.57544,0.0061294483,-4104.033295038404,6.0,S_1743
2024-05-14 00:14:53,-70.87023,1.5112,-69.84322,59.69476,873.5606,0.0061440147,-4078.7251149105996,6.0,S_1743
2024-05-14 00:14:54,-70.88059,1.4999084,-69.89917,59.617825,873.5402,0.009115782,-4039.474466053791,6.0,S_1743
2024-05-14 00:14:55,-70.89083,1.488617,-69.948135,59.533897,873.56433,0.009129827,-3992.4916337830964,6.0,S_1743
2024-05-14 00:14:56,-70.900925,1.4773102,-70.00408,59.449966,873.66064,0.014686845,-3910.063450697844,6.0,S_1743
2024-05-14 00:14:57,-70.9109,1.4659882,-70.060036,59.37303,873.7588,0.014701897,-3835.541264742382,6.0,S_1743
2024-05-14 00:14:58,-70.92073,1.4546509,-70.10899,59.289104,873.7829,0.027506102,-3678.6415741510755,6.0,S_1743
2024-05-14 00:14:59,-70.93043,1.4432983,-70.15796,59.205173,873.7643,0.027516508,-3502.9448886389564,6.0,S_1743
2024-05-14 00:15:00,-70.939995,1.4319458,-70.213905,59.121243,873.7625,0.031565618,-3300.7646292233003,6.0,S_1743
2024-05-14 00:15:01,-70.94951,1.4203339,-70.26986,59.037315,873.7643,0.03157573,-3120.2906784028382,6.0,S_1743
2024-05-14 00:15:02,-70.95889,1.4087219,-70.31882,58.953384,873.7514,0.023068745,-2991.765071572516,6.0,S_1743
2024-05-14 00:15:03,-70.96813,1.39711,-70.36778,58.869457,873.7606,0.023077851,-2847.430510739192,6.0,S_1743
2024-05-14 00:15:04,-70.97724,1.385498,-70.42373,58.785526,873.831,0.017648444,-2755.0065008100064,6.0,S_1743
2024-05-14 00:15:05,-70.98621,1.3738708,-70.47269,58.701595,873.92175,0.014051763,-2681.601353615906,6.0,S_1743
2024-05-14 00:15:06,-70.99505,1.3622284,-70.52165,58.610672,873.97174,0.010455083,-2633.1218630266703,6.0,S_1743
2024-05-14 00:15:07,-71.003746,1.3506012,-70.57061,58.526745,873.9681,0.010468393,-2575.7493831576758,6.0,S_1743
2024-05-14 00:15:08,-71.01231,1.3389587,-70.626564,58.43582,873.95514,0.005438135,-2556.8835452217045,6.0,S_1743
2024-05-14 00:15:09,-71.02073,1.3273163,-70.68251,58.35189,873.95514,0.0051502595,-2543.198777601365,6.0,S_1743
2024-05-14 00:15:10,-71.02902,1.3156738,-70.731476,58.267963,873.9625,0.0048623835,-2528.9157477953177,6.0,S_1743
2024-05-14 00:15:11,-71.03718,1.3040161,-70.78043,58.17704,873.96436,0.006030104,-2503.4425800078134,6.0,S_1743
2024-05-14 00:15:12,-71.0452,1.2923584,-70.83639,58.086117,873.9496,0.0071978243,-2476.371565092748,6.0,S_1743
2024-05-14 00:15:13,-71.05308,1.2806854,-70.885345,57.99519,873.9292,0.008276469,-2435.991689501845,6.0,S_1743
2024-05-14 00:15:14,-71.06082,1.2690277,-70.9413,57.911263,873.95514,0.009355114,-2394.7999995304945,6.0,S_1743
2024-05-14 00:15:15,-71.068436,1.2573547,-70.99026,57.82034,874.04956,0.010433759,-2345.3421469783552,6.0,S_1743
2024-05-14 00:15:16,-71.075905,1.2456818,-71.039215,57.729416,874.14954,0.009330085,-2296.611333703622,6.0,S_1743
2024-05-14 00:15:17,-71.083244,1.2339935,-71.09517,57.638493,874.17365,0.0082264105,-2257.455320036528,6.0,S_1743
2024-05-14 00:15:18,-71.09045,1.2223053,-71.15112,57.54757,874.15515,0.0046576504,-2246.648824510932,6.0,S_1743
2024-05-14 00:15:19,-71.09751,1.2106171,-71.20008,57.456646,874.1459,0.004675175,-2233.3502802780313,6.0,S_1743
2024-05-14 00:15:20,-71.10444,1.1989136,-71.24904,57.358727,874.15326,0.005270466,-2217.25447253743,6.0,S_1743
2024-05-14 00:15:21,-71.11123,1.1872253,-71.298,57.267803,874.1588,0.005285323,-2200.7033485294214,6.0,S_1743
2024-05-14 00:15:22,-71.11789,1.1755066,-71.346954,57.17688,874.15515,0.004082765,-2191.798386882334,6.0,S_1743
2024-05-14 00:15:23,-71.12441,1.1638031,-71.39591,57.085957,874.13104,0.004097778,-2179.5178403461596,6.0,S_1743
2024-05-14 00:15:24,-71.1308,1.1520844,-71.451866,56.98804,874.1273,-0.0015689295,-2208.589041714131,6.0,S_1743
2024-05-14 00:15:25,-71.13705,1.1403656,-71.500824,56.897114,874.1903,-0.001553043,-2235.620037563347,6.0,S_1743
2024-05-14 00:15:26,-71.14316,1.1286469,-71.54978,56.7992,874.29956,-0.0039013182,-2278.1733871877805,6.0,S_1743
2024-05-14 00:15:27,-71.14913,1.1169128,-71.59874,56.70128,874.3644,-0.003882773,-2320.5739999361595,6.0,S_1743
2024-05-14 00:15:28,-71.154976,1.1051788,-71.647705,56.603363,874.3588,-0.001074967,-2344.6752283931437,6.0,S_1743
2024-05-14 00:15:29,-71.160675,1.0934448,-71.69666,56.51244,874.34216,0.00026600657,-2359.694977199335,6.0,S_1743
2024-05-14 00:15:30,-71.166245,1.0816956,-71.75262,56.41452,874.344,0.0016069801,-2368.3357918893926,6.0,S_1743
2024-05-14 00:15:31,-71.17168,1.0699463,-71.801575,56.316605,874.35144,0.0016223992,-2375.128372738538,6.0,S_1743
2024-05-14 00:15:32,-71.17697,1.058197,-71.85053,56.218685,874.357,0.0015692061,-2381.1950273146795,6.0,S_1743
2024-05-14 00:15:33,-71.18214,1.0464478,-71.90649,56.12077,874.34955,0.0015160132,-2390.3820312710923,6.0,S_1743
2024-05-14 00:15:34,-71.18716,1.0346832,-71.955444,56.02285,874.3274,0.0014628201,-2397.9775372643217,6.0,S_1743
2024-05-14 00:15:35,-71.19205,1.0229187,-72.0044,55.91794,874.344,0.001409627,-2406.4574638933373,6.0,S_1743
2024-05-14 00:15:36,-71.19679,1.0111389,-72.05336,55.820023,874.4384,0.0013564341,-2414.9034461783594,6.0,S_1743
2024-05-14 00:15:37,-71.20141,0.99935913,-72.10232,55.722103,874.5385,0.001303241,-2422.796778198159,6.0,S_1743
2024-05-14 00:15:38,-71.20589,0.98757935,-72.15827,55.624187,874.56256,0.0012500479,-2432.627999796052,6.0,S_1743
2024-05-14 00:15:39,-71.210236,0.97579956,-72.214226,55.519276,874.544,0.001196855,-2443.984950209122,6.0,S_1743
2024-05-14 00:15:40,-71.21444,0.9640045,-72.26318,55.414364,874.5347,0.0011436619,-2453.9577119462083,6.0,S_1743
2024-05-14 00:15:41,-71.21851,0.9522095,-72.31214,55.309452,874.5422,0.0010904688,-2464.401630529963,6.0,S_1743
2024-05-14 00:15:42,-71.22244,0.9404144,-72.3611,55.211533,874.54956,0.0010372759,-2474.679234153711,6.0,S_1743
2024-05-14 00:15:43,-71.22624,0.9286041,-72.41006,55.10662,874.54956,0.0009840828,-2485.6502358570324,6.0,S_1743
2024-05-14 00:15:44,-71.229904,0.9168091,-72.45902,55.00171,874.53296,0.0009308898,-2496.9554187521953,6.0,S_1743
2024-05-14 00:15:45,-71.23344,0.9049835,-72.50798,54.8968,874.5218,0.0008776968,-2508.5893833089176,6.0,S_1743
2024-05-14 00:15:46,-71.236824,0.8931732,-72.55694,54.79189,874.5774,0.0008245037,-2520.5538476184465,6.0,S_1743
2024-05-14 00:15:47,-71.24008,0.88134766,-72.605896,54.686977,874.6885,0.0007713107,-2532.7486901055618,6.0,S_1743
2024-05-14 00:15:48,-71.243195,0.8695221,-72.654854,54.57507,874.7552,0.0007181177,-2545.7323938169175,6.0,S_1743
2024-05-14 00:15:49,-71.24618,0.8576813,-72.70381,54.470158,874.74963,0.0006649247,-2558.6832359291675,6.0,S_1743
2024-05-14 00:15:50,-71.24902,0.8458557,-72.75277,54.365246,874.7311,0.0006117316,-2571.884036553083,6.0,S_1743
2024-05-14 00:15:51,-71.25173,0.8340149,-72.80173,54.25334,874.7329,0.0005585386,-2585.4741874888605,6.0,S_1743
2024-05-14 00:15:52,-71.25431,0.8221588,-72.85768,54.14843,874.7403,-0.0027799061,-2622.667066575321,6.0,S_1743
2024-05-14 00:15:53,-71.256744,0.81030273,-72.90664,54.036522,874.74585,-0.0027637244,-2660.2165786477053,6.0,S_1743
2024-05-14 00:15:54,-71.25905,0.79844666,-72.96259,53.924618,874.7385,-0.002754977,-2697.1795717385303,6.0,S_1743
2024-05-14 00:15:55,-71.261215,0.7865906,-73.01155,53.819706,874.71814,-0.0027462293,-2732.3519679883884,6.0,S_1743
2024-05-14 00:15:56,-71.263245,0.7747345,-73.06052,53.707798,874.7329,-0.0017868662,-2761.549743075382,6.0,S_1743
2024-05-14 00:15:57,-71.26514,0.76286316,-73.109474,53.595894,874.8274,-0.0017686184,-2790.5944391559588,6.0,S_1743
2024-05-14 00:15:58,-71.26689,0.75097656,-73.15843,53.48399,874.92737,0.0017988384,-2796.232432980991,6.0,S_1743
2024-05-14 00:15:59,-71.26851,0.7391052,-73.20739,53.37208,874.9533,0.0018143747,-2801.7573543281196,6.0,S_1743
2024-05-14 00:16:00,-71.27,0.7272186,-73.25635,53.260178,874.9329,0.015469749,-2715.9971183723555,6.0,S_1743
2024-05-14 00:16:01,-71.27159,0.7149353,-73.305305,53.141277,874.9218,0.015482055,-2630.586637344735,6.0,S_1743
2024-05-14 00:16:02,-71.27304,0.702652,-73.35426,53.022377,874.92737,0.0147209605,-2552.1532760400096,6.0,S_1743
2024-05-14 00:16:03,-71.274345,0.6903839,-73.40322,52.91047,874.9348,0.013959867,-2476.6436208900886,6.0,S_1743
2024-05-14 00:16:04,-71.275505,0.67811584,-73.45219,52.791573,874.9385,0.013198772,-2408.2534796686905,6.0,S_1743
2024-05-14 00:16:05,-71.27653,0.66586304,-73.501144,52.679665,874.9218,0.014328881,-2339.4028896346917,6.0,S_1743
2024-05-14 00:16:06,-71.2774,0.6536255,-73.543106,52.560764,874.91077,0.015458989,-2252.848081223421,6.0,S_1743
2024-05-14 00:16:07,-71.27812,0.64138794,-73.592064,52.441864,874.9663,0.016589098,-2160.5281940165405,6.0,S_1743
2024-05-14 00:16:08,-71.27871,0.62916565,-73.64102,52.322964,875.07745,0.01669476,-2067.5883577867207,6.0,S_1743
2024-05-14 00:16:09,-71.279144,0.61694336,-73.68998,52.204067,875.14404,0.016800422,-1974.0151555241646,6.0,S_1743
2024-05-14 00:16:10,-71.27944,0.6047363,-73.738945,52.085167,875.1385,0.0039883587,-1964.6802267605199,6.0,S_1743
2024-05-14 00:16:11,-71.279594,0.59254456,-73.7879,51.95927,875.12,0.0040033115,-1956.100469450299,6.0,S_1743
2024-05-14 00:16:12,-71.279594,0.5803528,-73.83686,51.84037,875.12,0.0017599612,-1961.9587542884328,6.0,S_1743
2024-05-14 00:16:13,-71.27946,0.56817627,-73.88582,51.72147,875.12555,0.0017753465,-1967.483366580047,6.0,S_1743
2024-05-14 00:16:14,-71.279175,0.55599976,-73.93478,51.595577,875.12744,0.0014440315,-1975.7491413646203,6.0,S_1743
2024-05-14 00:16:15,-71.27875,0.5438385,-73.983734,51.476677,875.12555,0.0014595836,-1983.3635650849246,6.0,S_1743
2024-05-14 00:16:16,-71.278175,0.53167725,-74.03269,51.350784,875.1293,0.00033473875,-1998.844738224012,6.0,S_1743
2024-05-14 00:16:17,-71.27746,0.51953125,-74.08165,51.224888,875.12744,0.00035064714,-2014.414355320545,6.0,S_1743
2024-05-14 00:16:18,-71.276596,0.5074005,-74.12362,51.098995,875.1126,-0.00048942445,-2033.7432953079406,6.0,S_1743
2024-05-14 00:16:19,-71.2756,0.49526978,-74.17258,50.973103,875.12366,-0.00047316542,-2054.254204028426,6.0,S_1743
2024-05-14 00:16:20,-71.274445,0.48313904,-74.21454,50.847206,875.1941,0.0012880135,-2061.5228123453526,6.0,S_1743
2024-05-14 00:16:21,-71.27315,0.47103882,-74.263504,50.714317,875.2848,0.0013061846,-2070.7781473088908,6.0,S_1743
2024-05-14 00:16:22,-71.27171,0.4589386,-74.31246,50.588425,875.33484,0.0034577842,-2064.919680860561,6.0,S_1743
2024-05-14 00:16:23,-71.27013,0.44683838,-74.36142,50.455536,875.3292,0.0034756293,-2057.439044167946,6.0,S_1743
2024-05-14 00:16:24,-71.2684,0.43475342,-74.41737,50.329643,875.3163,0.0039135525,-2050.0931273997194,6.0,S_1743
2024-05-14 00:16:25,-71.266525,0.42268372,-74.46633,50.196754,875.3182,0.0039313687,-2044.321718753541,6.0,S_1743
2024-05-14 00:16:26,-71.26451,0.410614,-74.50829,50.07086,875.3237,0.012275573,-1977.3645732859222,6.0,S_1743
2024-05-14 00:16:27,-71.26235,0.3985443,-74.55725,49.937973,875.32556,0.012291765,-1919.8600169617475,6.0,S_1743
2024-05-14 00:16:28,-71.26004,0.38650513,-74.59922,49.805084,875.31445,0.015234954,-1831.5697319363699,6.0,S_1743
2024-05-14 00:16:29,-71.25759,0.37446594,-74.64818,49.665203,875.30707,0.0152482595,-1747.0796228198396,6.0,S_1743
2024-05-14 00:16:30,-71.255,0.36242676,-74.697136,49.532314,875.34784,0.009731459,-1699.3926765736724,6.0,S_1743
2024-05-14 00:16:31,-71.25226,0.35040283,-74.74609,49.399426,875.4348,0.009747669,-1650.4566841277192,6.0,S_1743
2024-05-14 00:16:32,-71.249374,0.33839417,-74.79505,49.259544,875.51263,0.008784019,-1614.9880674588749,6.0,S_1743
2024-05-14 00:16:33,-71.24635,0.3263855,-74.83702,49.126656,875.5311,0.008798386,-1571.0459872101783,6.0,S_1743
2024-05-14 00:16:34,-71.24318,0.3143921,-74.88598,48.986774,875.5163,0.007507952,-1537.8497026620971,6.0,S_1743
2024-05-14 00:16:35,-71.23986,0.30239868,-74.93494,48.84689,875.51074,0.0075225993,-1504.5825497652895,6.0,S_1743
2024-05-14 00:16:36,-71.2364,0.29042053,-74.983894,48.70701,875.5145,0.0052849744,-1489.7760476196563,6.0,S_1743
2024-05-14 00:16:37,-71.232796,0.27844238,-75.025856,48.567127,875.5201,0.0053004785,-1473.3278379529147,6.0,S_1743
2024-05-14 00:16:38,-71.22904,0.26649475,-75.067825,48.427242,875.5163,0.0019931565,-1475.856600069259,6.0,S_1743
2024-05-14 00:16:39,-71.22515,0.25453186,-75.11678,48.28037,875.5015,0.0020115154,-1479.089812757049,6.0,S_1743
2024-05-14 00:16:40,-71.22111,0.24258423,-75.17274,48.140484,875.51263,0.00265028,-1482.0962930945152,6.0,S_1743
2024-05-14 00:16:41,-71.21693,0.23065186,-75.2147,48.000603,875.583,0.0032890446,-1477.6525152017712,6.0,S_1743
2024-05-14 00:16:42,-71.2126,0.21873474,-75.25667,47.853725,875.67377,0.0039573917,-1469.887500458979,6.0,S_1743
2024-05-14 00:16:43,-71.20813,0.20681763,-75.29863,47.713844,875.72375,0.0039729923,-1460.6361942994827,6.0,S_1743
2024-05-14 00:16:44,-71.203514,0.19490051,-75.34059,47.559975,875.7182,-0.0016477504,-1488.772775581212,6.0,S_1743
2024-05-14 00:16:45,-71.19875,0.18299866,-75.38955,47.413097,875.7071,-0.004489692,-1537.517057603276,6.0,S_1743
2024-05-14 00:16:46,-71.19385,0.17111206,-75.438515,47.26622,875.7089,-0.007331633,-1605.6383843643725,6.0,S_1743
2024-05-14 00:16:47,-71.1888,0.15922546,-75.48747,47.119343,875.7108,-0.007311856,-1674.4013373860143,6.0,S_1743
2024-05-14 00:16:48,-71.1836,0.14735413,-75.53643,46.965473,875.7089,-0.008267641,-1744.055174078867,6.0,S_1743
2024-05-14 00:16:49,-71.17826,0.13548279,-75.57839,46.818596,875.71265,-0.008248927,-1812.7139674063055,6.0,S_1743
2024-05-14 00:16:50,-71.172775,0.12362671,-75.62036,46.664726,875.7182,-0.005205973,-1861.6821355688608,6.0,S_1743
2024-05-14 00:16:51,-71.16715,0.11178589,-75.66232,46.51785,875.7108,-0.005188153,-1913.8912506045544,6.0,S_1743
2024-05-14 00:16:52,-71.16138,0.09994507,-75.71128,46.36398,875.6904,-0.0016634664,-1943.5010062880647,6.0,S_1743
2024-05-14 00:16:53,-71.155464,0.08811951,-75.76024,46.21011,875.7071,-0.0016454671,-1973.1332439876896,6.0,S_1743
2024-05-14 00:16:54,-71.1494,0.076293945,-75.8092,46.049244,875.7997,0.0016331986,-1981.2349837903566,6.0,S_1743
2024-05-14 00:16:55,-71.143196,0.06448364,-75.851166,45.895374,875.90155,0.0016480379,-1987.3951306158997,6.0,S_1743
2024-05-14 00:16:56,-71.13685,0.05267334,-75.89313,45.741505,875.9256,0.0022048373,-1988.4579445132858,6.0,S_1743
2024-05-14 00:16:57,-71.13035,0.040878296,-75.942085,45.58064,875.9053,0.0022219692,-1992.5271496866135,6.0,S_1743
2024-05-14 00:16:58,-71.12371,0.02909851,-75.984055,45.419773,875.89966,0.00057133706,-2005.7313662664346,6.0,S_1743
2024-05-14 00:16:59,-71.11693,0.017318726,-76.02602,45.265903,875.9053,0.0005870127,-2018.3926125091566,6.0,S_1743
2024-05-14 00:17:00,-71.11,0.005554199,-76.06798,45.10504,875.9053,0.0021930449,-2019.5797324334108,6.0,S_1743
2024-05-14 00:17:01,-71.102516,23.99356,-76.11694,44.93718,875.9034,0.0022100226,-2024.0191273450582,6.0,S_1743
2024-05-14 00:17:02,-71.09491,23.981583,-76.158905,44.776318,875.9071,-0.0040310025,-2066.8056580147695,6.0,S_1743
2024-05-14 00:17:03,-71.087166,23.969635,-76.20087,44.60846,875.9108,-0.00401282,-2109.2463064888943,6.0,S_1743
2024-05-14 00:17:04,-71.07929,23.957687,-76.242836,44.447594,875.896,-0.0076913517,-2180.064793937847,6.0,S_1743
2024-05-14 00:17:05,-71.07129,23.945755,-76.291794,44.279736,875.8849,-0.0076726098,-2247.92556222884,6.0,S_1743
2024-05-14 00:17:06,-71.06315,23.933853,-76.333755,44.111877,875.93854,0.00017730077,-2263.6660309182953,6.0,S_1743
2024-05-14 00:17:07,-71.054886,23.921967,-76.375725,43.944016,876.04785,0.00019187946,-2279.1727752732168,6.0,S_1743
2024-05-14 00:17:08,-71.046486,23.91008,-76.42468,43.776157,876.12006,0.0037829648,-2273.1234635373075,6.0,S_1743
2024-05-14 00:17:09,-71.037964,23.898224,-76.466644,43.6083,876.12384,0.0037962934,-2265.0796211225097,6.0,S_1743
2024-05-14 00:17:10,-71.029305,23.886383,-76.50861,43.433445,876.10156,0.0056411177,-2246.048856982905,6.0,S_1743
2024-05-14 00:17:11,-71.020515,23.874557,-76.550575,43.265587,876.0941,0.005655946,-2222.6042678132853,6.0,S_1743
2024-05-14 00:17:12,-71.011604,23.862747,-76.59953,43.090736,876.0997,0.007933568,-2189.399756201845,6.0,S_1743
2024-05-14 00:17:13,-71.002556,23.850967,-76.6415,42.915882,876.10156,0.00794572,-2153.750951532249,6.0,S_1743
2024-05-14 00:17:14,-70.99337,23.839188,-76.683464,42.734035,876.0997,0.0034715596,-2146.4993633624345,6.0,S_1743
2024-05-14 00:17:15,-70.98406,23.827423,-76.73242,42.55918,876.0979,-0.0072344667,-2211.6946536278065,6.0,S_1743
2024-05-14 00:17:16,-70.974625,23.81569,-76.77438,42.38433,876.0997,-0.017940493,-2344.6588913501128,6.0,S_1743
2024-05-14 00:17:17,-70.96505,23.803955,-76.81635,42.209476,876.1052,-0.017923854,-2479.517880999525,6.0,S_1743
2024-05-14 00:17:18,-70.95535,23.792252,-76.858315,42.02763,876.0997,-0.031078968,-2700.990317782118,6.0,S_1743
2024-05-14 00:17:19,-70.94552,23.780563,-76.90028,41.845783,876.0793,-0.031058485,-2921.961142823424,6.0,S_1743
2024-05-14 00:17:20,-70.935555,23.76889,-76.942245,41.663937,876.0756,-0.023989335,-3096.257499835263,6.0,S_1743
2024-05-14 00:17:21,-70.92546,23.757233,-76.98421,41.48209,876.1368,-0.023973512,-3270.187243126282,6.0,S_1743
2024-05-14 00:17:22,-70.91524,23.74559,-77.02618,41.300243,876.246,-0.018839402,-3412.6085367951036,6.0,S_1743
2024-05-14 00:17:23,-70.904884,23.733963,-77.06814,41.1114,876.3108,-0.018823147,-3545.157027550418,6.0,S_1743
2024-05-14 00:17:24,-70.8944,23.722351,-77.10311,40.92256,876.3053,-0.015381412,-3661.300397011508,6.0,S_1743
2024-05-14 00:17:25,-70.88379,23.710754,-77.14507,40.74071,876.29047,-0.0153638255,-3790.570812766824,6.0,S_1743
2024-05-14 00:17:26,-70.87304,23.699188,-77.19403,40.544876,876.29047,-0.008534402,-3865.9202588391836,6.0,S_1743
2024-05-14 00:17:27,-70.86216,23.687622,-77.236,40.356037,876.2942,-0.008517527,-3934.8419386706228,6.0,S_1743
2024-05-14 00:17:28,-70.85116,23.676086,-77.270966,40.167194,876.2942,-0.007905991,-4002.791668957003,6.0,S_1743
2024-05-14 00:17:29,-70.84002,23.664566,-77.312935,39.978355,876.2942,-0.007889518,-4072.800709754043,6.0,S_1743
2024-05-14 00:17:30,-70.82875,23.653046,-77.3549,39.78252,876.29974,-0.013647898,-4181.572825337855,6.0,S_1743
2024-05-14 00:17:31,-70.81735,23.641556,-77.396866,39.586685,876.296,-0.013626231,-4290.002030016543,6.0,S_1743
2024-05-14 00:17:32,-70.805824,23.630081,-77.43883,39.39085,876.27563,-0.017688489,-4418.443511296378,6.0,S_1743
2024-05-14 00:17:33,-70.79417,23.618622,-77.4738,39.18802,876.29047,-0.017667899,-4562.545099308743,6.0,S_1743
2024-05-14 00:17:34,-70.78237,23.607193,-77.52276,38.992184,876.38306,-0.018960783,-4707.170990431512,6.0,S_1743
2024-05-14 00:17:35,-70.770454,23.595764,-77.56472,38.79635,876.4849,-0.018942624,-4852.407025795454,6.0,S_1743
2024-05-14 00:17:36,-70.7584,23.58435,-77.60669,38.59352,876.509,-0.0159974,-4969.58422685129,6.0,S_1743
2024-05-14 00:17:37,-70.746216,23.572968,-77.641655,38.39069,876.4905,-0.015980668,-5093.434103605632,6.0,S_1743
2024-05-14 00:17:38,-70.73391,23.561584,-77.683624,38.187862,876.48126,-0.011844889,-5185.929470644554,6.0,S_1743
2024-05-14 00:17:39,-70.721466,23.550232,-77.71859,37.97804,876.4849,-0.011830304,-5281.834824463127,6.0,S_1743
2024-05-14 00:17:40,-70.70889,23.53888,-77.76056,37.775208,876.4905,-0.010241053,-5363.838335019671,6.0,S_1743
2024-05-14 00:17:41,-70.69618,23.527557,-77.795525,37.565384,876.4905,-0.010227833,-5449.908462894404,6.0,S_1743
2024-05-14 00:17:42,-70.68335,23.51625,-77.837494,37.35556,876.48865,-0.0059123375,-5504.6950587419105,6.0,S_1743
2024-05-14 00:17:43,-70.67039,23.50496,-77.87246,37.145737,876.48676,-0.0059011052,-5561.082560300609,6.0,S_1743
2024-05-14 00:17:44,-70.65729,23.493683,-77.91443,36.935913,876.4905,0.00092858006,-5572.783646287438,6.0,S_1743
2024-05-14 00:17:45,-70.644066,23.482422,-77.9494,36.726093,876.4923,0.0009381864,-5582.563035149486,6.0,S_1743
2024-05-14 00:17:46,-70.63071,23.471191,-77.99136,36.509274,876.48303,0.0041637933,-5573.811490525855,6.0,S_1743
2024-05-14 00:17:47,-70.61722,23.45996,-78.02634,36.292458,876.4738,0.004174501,-5561.660769526143,6.0,S_1743
2024-05-14 00:17:48,-70.6036,23.448746,-78.0683,36.075638,876.5146,0.0047025047,-5547.124262358757,6.0,S_1743
2024-05-14 00:17:49,-70.58985,23.437561,-78.11026,35.85882,876.60345,0.004717034,-5534.895895152369,6.0,S_1743
2024-05-14 00:17:50,-70.57597,23.426392,-78.14523,35.642002,876.6813,0.006018486,-5510.1869092081,6.0,S_1743
2024-05-14 00:17:51,-70.561966,23.415222,-78.187195,35.425186,876.69794,0.006035602,-5488.910988346195,6.0,S_1743
2024-05-14 00:17:52,-70.54782,23.404083,-78.22217,35.201374,876.68494,0.006128833,-5462.409107259757,6.0,S_1743
2024-05-14 00:17:53,-70.533554,23.39296,-78.26413,34.97057,876.6794,0.00614349,-5441.173674647904,6.0,S_1743
2024-05-14 00:17:54,-70.51915,23.381851,-78.2991,34.746758,876.68304,-0.002689229,-5474.924500729652,6.0,S_1743
2024-05-14 00:17:55,-70.504616,23.370758,-78.334076,34.522945,876.68494,-0.0026742856,-5508.508970937188,6.0,S_1743
2024-05-14 00:17:56,-70.48996,23.35968,-78.36904,34.299133,876.68304,-0.006432575,-5566.767333589278,6.0,S_1743
2024-05-14 00:17:57,-70.47517,23.348633,-78.404015,34.06833,876.68304,-0.0064183096,-5628.341655235938,6.0,S_1743
2024-05-14 00:17:58,-70.460236,23.337585,-78.445984,33.837524,876.68304,-0.0022435077,-5660.736251607896,6.0,S_1743
2024-05-14 00:17:59,-70.44518,23.326553,-78.48095,33.606716,876.68304,-0.0022328687,-5692.117186837355,6.0,S_1743
2024-05-14 00:18:00,-70.43,23.315552,-78.51592,33.368916,876.6813,-0.0014990745,-5718.757032964681,6.0,S_1743
2024-05-14 00:18:01,-70.41411,23.304428,-78.550896,33.13811,876.68494,-0.0014883075,-5745.85243599298,6.0,S_1743
2024-05-14 00:18:02,-70.39811,23.293335,-78.59286,32.90031,876.6886,-0.0012169024,-5771.829585222622,6.0,S_1743
2024-05-14 00:18:03,-70.382,23.282257,-78.62783,32.66251,876.67566,-0.0012017947,-5796.001703235292,6.0,S_1743
2024-05-14 00:18:04,-70.365776,23.271194,-78.65581,32.424713,876.66455,0.00056002603,-5808.052290560208,6.0,S_1743
2024-05-14 00:18:05,-70.34944,23.260162,-78.69077,32.186913,876.71826,0.0005771799,-5820.7170563509735,6.0,S_1743
2024-05-14 00:18:06,-70.333,23.249146,-78.73274,31.942118,876.8276,0.0047807693,-5807.267062200963,6.0,S_1743
2024-05-14 00:18:07,-70.316444,23.23816,-78.76771,31.697323,876.8998,0.004794785,-5792.639561860089,6.0,S_1743
2024-05-14 00:18:08,-70.299774,23.227188,-78.80268,31.45253,876.9016,0.007638534,-5759.306808367039,6.0,S_1743
2024-05-14 00:18:09,-70.283,23.216232,-78.837654,31.207735,876.8794,0.0076516774,-5725.947502859837,6.0,S_1743
2024-05-14 00:18:10,-70.26611,23.205307,-78.87262,30.962942,876.872,0.007414528,-5693.292249179933,6.0,S_1743
2024-05-14 00:18:11,-70.249115,23.194397,-78.90759,30.711153,876.87756,0.0074301795,-5664.069458003054,6.0,S_1743
2024-05-14 00:18:12,-70.232,23.183502,-78.93557,30.459366,876.8794,0.00603007,-5640.002099703352,6.0,S_1743
2024-05-14 00:18:13,-70.214775,23.172638,-78.970535,30.207577,876.87756,0.0060450546,-5616.189598462799,6.0,S_1743
2024-05-14 00:18:14,-70.19744,23.161789,-79.00551,29.948795,876.87756,0.0044075446,-5604.327627974342,6.0,S_1743
2024-05-14 00:18:15,-70.18,23.15097,-79.04048,29.697006,876.87756,0.0044245482,-5591.506330952512,6.0,S_1743
2024-05-14 00:18:16,-70.162445,23.140167,-79.07545,29.438225,876.87756,0.0059907334,-5569.215237643024,6.0,S_1743
2024-05-14 00:18:17,-70.144775,23.12938,-79.11042,29.186438,876.8757,0.006008034,-5545.075579822318,6.0,S_1743
2024-05-14 00:18:18,-70.127,23.118622,-79.14539,28.92066,876.8812,0.0086363405,-5508.406047617604,6.0,S_1743
2024-05-14 00:18:19,-70.10911,23.10788,-79.17337,28.661879,876.8831,0.0086555965,-5465.656231785528,6.0,S_1743
2024-05-14 00:18:20,-70.09111,23.097153,-79.208336,28.396103,876.8683,0.011344742,-5406.056371408915,6.0,S_1743
2024-05-14 00:18:21,-70.073,23.086456,-79.24331,28.130325,876.859,0.011368886,-5351.1469682665065,6.0,S_1743
2024-05-14 00:18:22,-70.05478,23.075775,-79.271286,27.86455,876.9127,0.018655077,-5249.145940218183,6.0,S_1743
2024-05-14 00:18:23,-70.036446,23.065125,-79.29926,27.598774,877.02386,0.018675674,-5147.208050877423,6.0,S_1743
2024-05-14 00:18:24,-70.018,23.05449,-79.32724,27.332996,877.0905,0.024735687,-4993.899650878313,6.0,S_1743
2024-05-14 00:18:25,-69.99944,23.043869,-79.362206,27.060226,877.085,0.024755217,-4842.048830722035,6.0,S_1743
2024-05-14 00:18:26,-69.980774,23.03328,-79.39718,26.787457,877.06647,0.021922123,-4718.911282069885,6.0,S_1743
2024-05-14 00:18:27,-69.962,23.022705,-79.425156,26.514685,877.06647,0.021939829,-4592.2071575640475,6.0,S_1743
2024-05-14 00:18:28,-69.94311,23.012146,-79.45313,26.23492,877.072,0.017085532,-4492.72775337362,6.0,S_1743
2024-05-14 00:18:29,-69.92411,23.001617,-79.488106,25.96215,877.07385,0.017106395,-4391.916514220273,6.0,S_1743
2024-05-14 00:18:30,-69.905,22.991104,-79.52307,25.682386,877.072,0.011422186,-4335.451610338416,6.0,S_1743
2024-05-14 00:18:31,-69.88578,22.980621,-79.55105,25.402622,877.072,0.011438245,-4278.081087841059,6.0,S_1743
2024-05-14 00:18:32,-69.86645,22.970139,-79.579025,25.122856,877.072,0.0059124273,-4257.697559084832,6.0,S_1743
2024-05-14 00:18:33,-69.847,22.959702,-79.600006,24.836098,877.072,0.005927597,-4234.720696894412,6.0,S_1743
2024-05-14 00:18:34,-69.827446,22.949265,-79.62798,24.54934,877.072,-0.002300745,-4267.507497898039,6.0,S_1743
2024-05-14 00:18:35,-69.80778,22.938873,-79.66296,24.26258,877.0776,-0.0022799782,-4300.664272312999,6.0,S_1743
2024-05-14 00:18:36,-69.788,22.928482,-79.69793,23.982817,877.07385,-0.0051435167,-4352.030163889087,6.0,S_1743
2024-05-14 00:18:37,-69.76811,22.918121,-79.72591,23.689064,877.05164,-0.0037711384,-4393.51240667501,6.0,S_1743
2024-05-14 00:18:38,-69.74811,22.907776,-79.75388,23.402306,877.0479,-0.00239876,-4425.16905101685,6.0,S_1743
2024-05-14 00:18:39,-69.728,22.89746,-79.774864,23.108551,877.1109,-0.0023837178,-4456.947208536438,6.0,S_1743
2024-05-14 00:18:40,-69.70778,22.887146,-79.80284,22.814798,877.2202,-0.0060790605,-4513.823182647904,6.0,S_1743
2024-05-14 00:18:41,-69.68745,22.876877,-79.83082,22.521046,877.285,-0.0060628536,-4571.194826549463,6.0,S_1743
2024-05-14 00:18:42,-69.667,22.866608,-79.85879,22.220299,877.2794,-0.0037837913,-4613.5263029422495,6.0,S_1743
2024-05-14 00:18:43,-69.64645,22.856384,-79.886765,21.919552,877.26276,-0.003768102,-4655.650699004547,6.0,S_1743
2024-05-14 00:18:44,-69.62578,22.84616,-79.91474,21.618805,877.26465,0.000700765,-4667.937335060997,6.0,S_1743
2024-05-14 00:18:45,-69.604996,22.835968,-79.94272,21.318058,877.2683,0.00071879535,-4680.06375053181,6.0,S_1743
2024-05-14 00:18:46,-69.584114,22.82579,-79.970695,21.017311,877.2683,0.0037512626,-4672.818255666893,6.0,S_1743
2024-05-14 00:18:47,-69.56311,22.815643,-79.99168,20.709572,877.2683,0.0037708676,-4665.488979758982,6.0,S_1743
2024-05-14 00:18:48,-69.542,22.805496,-80.012665,20.408825,877.2665,0.0057036146,-4642.4763115463065,6.0,S_1743
2024-05-14 00:18:49,-69.520775,22.795395,-80.04064,20.09409,877.2683,0.0057241526,-4621.428463723956,6.0,S_1743
2024-05-14 00:18:50,-69.49944,22.785294,-80.06861,19.786348,877.2683,0.0041693673,-4611.848434428197,6.0,S_1743
2024-05-14 00:18:51,-69.478,22.775238,-80.0896,19.478607,877.2683,0.004191313,-4599.556786455072,6.0,S_1743
2024-05-14 00:18:52,-69.45644,22.765182,-80.11758,19.163872,877.2683,6.4684136e-05,-4616.334847208425,6.0,S_1743
2024-05-14 00:18:53,-69.43478,22.755157,-80.13856,18.849136,877.2683,8.264405e-05,-4632.230512998822,6.0,S_1743
2024-05-14 00:18:54,-69.413,22.745148,-80.166534,18.5344,877.2665,-0.0016866622,-4660.726723084526,6.0,S_1743
2024-05-14 00:18:55,-69.39111,22.735168,-80.19451,18.219666,877.2665,-0.0016701139,-4688.696788160234,6.0,S_1743
2024-05-14 00:18:56,-69.36911,22.72519,-80.21549,17.897938,877.27386,0.005282797,-4670.815003142323,6.0,S_1743
2024-05-14 00:18:57,-69.347,22.715256,-80.23647,17.576208,877.27386,0.005304463,-4652.817221982559,6.0,S_1743
2024-05-14 00:18:58,-69.324776,22.705322,-80.257454,17.254478,877.2572,0.008470112,-4615.275013111175,6.0,S_1743
2024-05-14 00:18:59,-69.302444,22.695435,-80.278435,16.939743,877.2479,0.008489167,-4575.264009381834,6.0,S_1743
2024-05-14 00:19:00,-69.28,22.685547,-80.29942,16.611021,877.3035,0.0036470578,-4567.961466264882,6.0,S_1743
2024-05-14 00:19:01,-69.25712,22.675613,-80.320404,16.282297,877.4127,0.003660693,-4559.849327074817,6.0,S_1743
2024-05-14 00:19:02,-69.23413,22.66571,-80.34838,15.960567,877.47943,0.00011181537,-4576.104689866948,6.0,S_1743
2024-05-14 00:19:03,-69.21105,22.655823,-80.36936,15.6318445,877.4739,0.00012624587,-4591.9409548651565,6.0,S_1743
2024-05-14 00:19:04,-69.18787,22.64595,-80.39034,15.303121,877.4573,-0.001493125,-4618.001645690125,6.0,S_1743
2024-05-14 00:19:05,-69.16458,22.636124,-80.404335,14.974398,877.4554,-0.0014741849,-4643.854826384906,6.0,S_1743
2024-05-14 00:19:06,-69.1412,22.626297,-80.425316,14.63868,877.46094,-0.0009245829,-4666.870802077354,6.0,S_1743
2024-05-14 00:19:07,-69.117714,22.616516,-80.4463,14.302962,877.4628,-0.0009010198,-4689.6729458877035,6.0,S_1743
2024-05-14 00:19:08,-69.09413,22.606735,-80.46728,13.967245,877.4628,-0.00054885546,-4710.082124310167,6.0,S_1743
2024-05-14 00:19:09,-69.07045,22.597,-80.48826,13.631528,877.46094,-0.0005247591,-4730.278189692264,6.0,S_1743
2024-05-14 00:19:10,-69.04666,22.58728,-80.50925,13.295811,877.4628,-0.002177603,-4761.601489971254,6.0,S_1743
2024-05-14 00:19:11,-69.02278,22.577576,-80.53023,12.953098,877.4628,-0.0021536518,-4792.50927275753,6.0,S_1743
2024-05-14 00:19:12,-68.998795,22.567902,-80.54421,12.610387,877.4628,-0.003193881,-4829.605713847253,6.0,S_1743
2024-05-14 00:19:13,-68.97472,22.558258,-80.558205,12.267675,877.4628,-0.003164028,-4867.179668144325,6.0,S_1743
2024-05-14 00:19:14,-68.95053,22.54863,-80.579185,11.924964,877.4628,0.0007929513,-4878.877904627285,6.0,S_1743
2024-05-14 00:19:15,-68.92625,22.539017,-80.59317,11.5822525,877.4628,0.0008205795,-4889.71955822338,6.0,S_1743
2024-05-14 00:19:16,-68.90186,22.529434,-80.61416,11.239541,877.4628,0.011430116,-4831.52636324844,6.0,S_1743
2024-05-14 00:19:17,-68.87738,22.519882,-80.62814,10.889835,877.4628,0.011447315,-4773.1615119732905,6.0,S_1743
2024-05-14 00:19:18,-68.8528,22.510345,-80.642136,10.54013,877.4628,0.0216157,-4643.501543582546,6.0,S_1743
2024-05-14 00:19:19,-68.82812,22.50084,-80.66312,10.190424,877.46094,0.02163242,-4519.306082647596,6.0,S_1743
2024-05-14 00:19:20,-68.80333,22.491348,-80.6771,9.840718,877.46094,0.028107662,-4346.284026454781,6.0,S_1743
2024-05-14 00:19:21,-68.77845,22.481888,-80.69808,9.491013,877.4646,0.028123407,-4176.842339910687,6.0,S_1743
2024-05-14 00:19:22,-68.75346,22.472443,-80.712074,9.134313,877.4665,0.030945305,-3992.687502838913,6.0,S_1743
2024-05-14 00:19:23,-68.72838,22.463028,-80.72606,8.784607,877.4535,0.030962849,-3804.5655450396207,6.0,S_1743
2024-05-14 00:19:24,-68.70319,22.453644,-80.74005,8.427907,877.4331,0.03219883,-3608.866713288735,6.0,S_1743
2024-05-14 00:19:25,-68.67791,22.44426,-80.754036,8.071207,877.4573,0.032222405,-3413.2709847211627,6.0,S_1743
2024-05-14 00:19:26,-68.65253,22.434921,-80.76803,7.7145076,877.5535,0.02866386,-3234.8734820800746,6.0,S_1743
2024-05-14 00:19:27,-68.627045,22.425598,-80.78901,7.3578076,877.65356,0.028680056,-3067.481635790382,6.0,S_1743
2024-05-14 00:19:28,-68.60146,22.416306,-80.796005,7.0011077,877.6757,0.017843792,-2964.4931197952283,6.0,S_1743
2024-05-14 00:19:29,-68.57578,22.407028,-80.80999,6.637414,877.6572,0.017858177,-2864.5862584216866,6.0,S_1743
2024-05-14 00:19:30,-68.549995,22.397766,-80.816986,6.2737203,877.6517,0.012305709,-2799.027912133155,6.0,S_1743
2024-05-14 00:19:31,-68.52412,22.388535,-80.83097,5.910026,877.6572,0.012320153,-2736.9330711077255,6.0,S_1743
2024-05-14 00:19:32,-68.49813,22.379333,-80.83797,5.553326,877.6591,0.011289239,-2677.9532113456517,6.0,S_1743
2024-05-14 00:19:33,-68.472046,22.370148,-80.85196,5.1896324,877.6572,0.011306537,-2618.128687065593,6.0,S_1743
2024-05-14 00:19:34,-68.44586,22.360992,-80.865944,4.8189445,877.6554,0.010222366,-2567.232928946829,6.0,S_1743
2024-05-14 00:19:35,-68.41958,22.351852,-80.87993,4.4552503,877.6572,0.010248443,-2516.0552398208238,6.0,S_1743
2024-05-14 00:19:36,-68.393196,22.342743,-80.886925,4.0845623,877.6572,0.008242445,-2479.2561162906986,6.0,S_1743
2024-05-14 00:19:37,-68.366714,22.333664,-80.89392,3.7208686,877.6572,0.008267769,-2442.004258166544,6.0,S_1743
2024-05-14 00:19:38,-68.340126,22.3246,-80.90092,3.3571746,877.6572,0.008171579,-2404.3938866878016,6.0,S_1743
2024-05-14 00:19:39,-68.313446,22.315552,-80.907906,2.9864867,877.6572,0.008194332,-2364.8704165772524,6.0,S_1743
2024-05-14 00:19:40,-68.28666,22.306534,-80.9219,2.6088045,877.6572,0.00025663094,-2380.1236741762223,6.0,S_1743
2024-05-14 00:19:41,-68.25978,22.297546,-80.93588,2.2381165,877.6572,0.00028336723,-2394.9170283029034,6.0,S_1743
2024-05-14 00:19:42,-68.232796,22.288574,-80.94288,1.8744226,877.6572,-0.00989402,-2475.988487215536,6.0,S_1743
2024-05-14 00:19:43,-68.20571,22.279617,-80.949875,1.5037345,877.6572,-0.009869911,-2558.340449361156,6.0,S_1743
2024-05-14 00:19:44,-68.17853,22.27069,-80.95686,1.1260524,877.6572,-0.0035847218,-2598.5411585964484,6.0,S_1743
2024-05-14 00:19:45,-68.151245,22.261795,-80.96386,0.7553643,877.6572,-0.0035628944,-2638.6826995906977,6.0,S_1743
2024-05-14 00:19:46,-68.12386,22.252914,-80.970856,0.37768215,877.6572,0.0059337188,-2616.5233553993094,6.0,S_1743
2024-05-14 00:19:47,-68.09638,22.244064,-80.97785,0.006994114,877.6572,0.005961228,-2593.2625067813788,6.0,S_1743
2024-05-14 00:19:48,-68.068794,22.23523,-80.98484,359.63034,877.6572,0.016153116,-2504.302297993683,6.0,S_1743
2024-05-14 00:19:49,-68.041115,22.226425,-80.99184,359.25964,877.6572,0.016188959,-2415.6189368862288,6.0,S_1743
2024-05-14 00:19:50,-68.01333,22.217651,-80.99184,358.88895,877.6572,0.009300981,-2370.007767315823,6.0,S_1743
2024-05-14 00:19:51,-67.98544,22.208893,-80.99883,358.5113,877.6572,0.009339566,-2324.442793346545,6.0,S_1743
2024-05-14 00:19:52,-67.957466,22.20015,-80.99184,358.1336,877.6572,-0.0064300336,-2383.713002496952,6.0,S_1743
2024-05-14 00:19:53,-67.92938,22.191437,-80.99883,357.75592,877.6572,-0.0063977255,-2442.719318035288,6.0,S_1743
2024-05-14 00:19:54,-67.9012,22.182755,-81.00583,357.37823,877.6572,-0.009908417,-2524.5372671095392,6.0,S_1743
2024-05-14 00:19:55,-67.87291,22.174088,-81.00583,357.00055,877.6554,-0.009883484,-2606.6322466768997,6.0,S_1743
2024-05-14 00:19:56,-67.84453,22.165436,-81.01282,356.62286,877.6554,-0.011166774,-2695.7764242675457,6.0,S_1743
2024-05-14 00:19:57,-67.81605,22.156815,-81.01981,356.25217,877.6591,-0.011139203,-2785.203202226705,6.0,S_1743
2024-05-14 00:19:58,-67.78746,22.148224,-81.01981,355.8745,877.66284,-0.013905073,-2893.199853723463,6.0,S_1743
2024-05-14 00:19:59,-67.75878,22.139648,-81.01981,355.49683,877.648,-0.0138703305,-3001.635302276627,6.0,S_1743
2024-05-14 00:20:00,-67.729996,22.131104,-81.01282,355.11914,877.6369,-0.017109534,-3133.7267311749783,6.0,S_1743
2024-05-14 00:20:01,-67.70087,22.12268,-81.01981,354.73447,877.69055,-0.017079398,-3263.540656226778,6.0,S_1743
2024-05-14 00:20:02,-67.671646,22.114258,-81.02681,354.35678,877.8017,-0.017169287,-3392.773160562838,6.0,S_1743
2024-05-14 00:20:03,-67.642334,22.10588,-81.02681,353.9791,877.8721,-0.017152563,-3522.751947205543,6.0,S_1743
2024-05-14 00:20:04,-67.61293,22.097504,-81.033806,353.6014,877.87396,-0.014144329,-3632.635450739106,6.0,S_1743
2024-05-14 00:20:05,-67.583435,22.089157,-81.02681,353.22372,877.8517,-0.012685653,-3733.2204471425302,6.0,S_1743
2024-05-14 00:20:06,-67.55385,22.080826,-81.01981,352.84604,877.8461,-0.011226977,-3823.6568077235006,6.0,S_1743
2024-05-14 00:20:07,-67.52417,22.072525,-81.01981,352.46835,877.8517,-0.011198494,-3914.2671949610813,6.0,S_1743
2024-05-14 00:20:08,-67.4944,22.064224,-81.01282,352.09067,877.8536,-0.010960901,-4003.4865983816035,6.0,S_1743
2024-05-14 00:20:09,-67.46453,22.05597,-81.01981,351.713,877.8517,-0.010923324,-4091.499697530633,6.0,S_1743
2024-05-14 00:20:10,-67.43458,22.047714,-81.01981,351.33533,877.8517,-0.010574242,-4177.404996688432,6.0,S_1743
2024-05-14 00:20:11,-67.40453,22.03949,-81.01981,350.95764,877.8517,-0.010533273,-4263.536092950713,6.0,S_1743
2024-05-14 00:20:12,-67.3744,22.03128,-81.01282,350.57996,877.8517,-0.008800929,-4338.456372739276,6.0,S_1743
2024-05-14 00:20:13,-67.34417,22.023087,-81.00583,350.20227,877.8517,-0.00875978,-4412.72799378283,6.0,S_1743
2024-05-14 00:20:14,-67.31385,22.014923,-81.00583,349.8246,877.8517,-0.005591357,-4465.421576540111,6.0,S_1743
2024-05-14 00:20:15,-67.28343,22.006775,-80.99883,349.4539,877.8517,-0.0056788013,-4518.683693126937,6.0,S_1743
2024-05-14 00:20:16,-67.25293,21.998657,-80.99184,349.08322,877.8517,-0.0057662455,-4573.25098642424,6.0,S_1743
2024-05-14 00:20:17,-67.222336,21.99054,-80.98484,348.70554,877.8517,-0.0057451962,-4627.732488782165,6.0,S_1743
2024-05-14 00:20:18,-67.19165,21.982468,-80.98484,348.32785,877.8517,-0.004542698,-4673.60546606505,6.0,S_1743
2024-05-14 00:20:19,-67.160866,21.974396,-80.97785,347.95715,877.8517,-0.0045195953,-4719.919443038954,6.0,S_1743
2024-05-14 00:20:20,-67.13,21.966354,-80.970856,347.57947,877.8517,-0.0035061222,-4759.368899453186,6.0,S_1743
2024-05-14 00:20:21,-67.09904,21.958328,-80.96386,347.2088,877.8517,-0.003476609,-4798.767977254927,6.0,S_1743
2024-05-14 00:20:22,-67.06798,21.950317,-80.95686,346.83112,877.8517,-0.006779989,-4859.721274734071,6.0,S_1743
2024-05-14 00:20:23,-67.036835,21.942337,-80.949875,346.46042,877.8517,-0.0067611416,-4920.285441929265,6.0,S_1743
2024-05-14 00:20:24,-67.0056,21.934372,-80.94288,346.08972,877.8517,-0.0039362,-4962.3274975712375,6.0,S_1743
2024-05-14 00:20:25,-66.974266,21.926422,-80.93588,345.71906,877.8517,-0.0012740822,-4986.891233283242,6.0,S_1743
2024-05-14 00:20:26,-66.94285,21.918503,-80.928894,345.34836,877.8517,0.0013880355,-4993.949882658155,6.0,S_1743
2024-05-14 00:20:27,-66.91134,21.910599,-80.9219,344.97766,877.8517,0.001400569,-5000.72051039136,6.0,S_1743
2024-05-14 00:20:28,-66.87973,21.90271,-80.907906,344.607,877.8517,0.0055680242,-4980.5342638091715,6.0,S_1743
2024-05-14 00:20:29,-66.84804,21.894852,-80.89392,344.2433,877.8517,0.0055773584,-4960.063609505118,6.0,S_1743
2024-05-14 00:20:30,-66.816246,21.887009,-80.886925,343.8726,877.8517,0.006378268,-4934.902902462452,6.0,S_1743
2024-05-14 00:20:31,-66.78437,21.87918,-80.87993,343.5089,877.8517,0.006387055,-4907.672434191212,6.0,S_1743
2024-05-14 00:20:32,-66.752396,21.871384,-80.865944,343.1382,877.8517,0.0042787488,-4896.543966971369,6.0,S_1743
2024-05-14 00:20:33,-66.72034,21.863602,-80.85895,342.77454,877.8517,0.0042865947,-4883.946850950331,6.0,S_1743
2024-05-14 00:20:34,-66.68818,21.855835,-80.84496,342.41083,877.8517,0.0044202325,-4871.558076423824,6.0,S_1743
2024-05-14 00:20:35,-66.65594,21.848083,-80.83797,342.04715,877.8517,0.0044257357,-4858.503350063951,6.0,S_1743
2024-05-14 00:20:36,-66.6236,21.840363,-80.82398,341.69043,877.8517,0.002534194,-4857.725149893891,6.0,S_1743
2024-05-14 00:20:37,-66.59117,21.832672,-80.80999,341.32675,877.8517,0.0025452392,-4857.1554555856,6.0,S_1743
2024-05-14 00:20:38,-66.55865,21.824982,-80.796005,340.96304,877.8517,0.001160401,-4865.836556992894,6.0,S_1743
2024-05-14 00:20:39,-66.52604,21.817322,-80.78201,340.59937,877.8517,0.0011741896,-4874.567499636687,6.0,S_1743
2024-05-14 00:20:40,-66.49333,21.809677,-80.76803,340.24265,877.8517,0.0010056358,-4884.2589910245315,6.0,S_1743
2024-05-14 00:20:41,-66.46053,21.802063,-80.76103,339.88596,877.8517,0.0010115369,-4893.176178017591,6.0,S_1743
2024-05-14 00:20:42,-66.42765,21.794464,-80.74705,339.52927,877.8517,-0.0006140354,-4913.406071564605,6.0,S_1743
2024-05-14 00:20:43,-66.39467,21.78688,-80.733055,339.17255,877.8517,-0.00060987205,-4933.550251060042,6.0,S_1743
2024-05-14 00:20:44,-66.3616,21.779312,-80.71907,338.82285,877.8517,-0.0025065439,-4966.61361866008,6.0,S_1743
2024-05-14 00:20:45,-66.32844,21.771774,-80.69808,338.46616,877.8517,-0.00249611,-4999.704014629631,6.0,S_1743
2024-05-14 00:20:46,-66.29518,21.764252,-80.6841,338.11646,877.8517,-0.003529195,-5038.637503573484,6.0,S_1743
2024-05-14 00:20:47,-66.26183,21.75676,-80.670105,337.76672,877.8517,-0.003407907,-5077.608059198199,6.0,S_1743
2024-05-14 00:20:48,-66.2284,21.749283,-80.649124,337.41702,877.8517,-0.003286619,-5115.718137181109,6.0,S_1743
2024-05-14 00:20:49,-66.19487,21.741821,-80.63514,337.06732,877.8517,-0.0032681762,-5153.836501766729,6.0,S_1743
2024-05-14 00:20:50,-66.16125,21.734375,-80.61416,336.71762,877.8517,-0.002536169,-5187.138398477844,6.0,S_1743
2024-05-14 00:20:51,-66.12754,21.72696,-80.60017,336.36792,877.8517,-0.0025135921,-5219.325227421112,6.0,S_1743
2024-05-14 00:20:52,-66.093735,21.719559,-80.58618,336.0252,877.8517,-0.001652624,-5246.074034034167,6.0,S_1743
2024-05-14 00:20:53,-66.05984,21.712189,-80.56519,335.6825,877.8517,-0.001629692,-5273.03736162669,6.0,S_1743
2024-05-14 00:20:54,-66.02585,21.704834,-80.55121,335.33978,877.8517,-0.0015302193,-5299.015899761211,6.0,S_1743
2024-05-14 00:20:55,-65.99177,21.697495,-80.53023,334.99707,877.8517,-0.00015318306,-5316.443454380096,6.0,S_1743
2024-05-14 00:20:56,-65.957596,21.69017,-80.516235,334.66135,877.8517,0.0012238532,-5323.915584709983,6.0,S_1743
2024-05-14 00:20:57,-65.92334,21.682877,-80.50225,334.31863,877.8517,0.0012408015,-5331.418106142903,6.0,S_1743
2024-05-14 00:20:58,-65.888985,21.675598,-80.48127,333.9829,877.8517,0.0057180272,-5309.682298623826,6.0,S_1743
2024-05-14 00:20:59,-65.85454,21.668335,-80.46028,333.64722,877.8517,0.0057292115,-5286.010276876894,6.0,S_1743
2024-05-14 00:21:00,-65.82,21.661102,-80.43231,333.3115,877.8517,0.008904139,-5244.778532470304,6.0,S_1743
2024-05-14 00:21:01,-65.78471,21.653992,-80.41132,332.98276,877.8517,0.009108055,-5199.941053899351,6.0,S_1743
2024-05-14 00:21:02,-65.74936,21.646896,-80.39034,332.64703,877.8517,0.009311972,-5157.293288761846,6.0,S_1743
2024-05-14 00:21:03,-65.713936,21.639832,-80.37636,332.31833,877.8517,0.009318303,-5112.2435829695405,6.0,S_1743
2024-05-14 00:21:04,-65.678444,21.632767,-80.362366,331.9826,877.8517,0.005832144,-5089.322328836219,6.0,S_1743
2024-05-14 00:21:05,-65.64288,21.625732,-80.341385,331.65387,877.8517,0.0058410387,-5065.646294473676,6.0,S_1743
2024-05-14 00:21:06,-65.60725,21.618698,-80.31341,331.33215,877.8517,0.003360258,-5060.446540400826,6.0,S_1743
2024-05-14 00:21:07,-65.57155,21.611694,-80.29243,331.01044,877.8517,0.003365676,-5054.343210923356,6.0,S_1743
2024-05-14 00:21:08,-65.535774,21.604706,-80.27145,330.6887,877.8517,0.0033300924,-5047.376648397458,6.0,S_1743
2024-05-14 00:21:09,-65.49994,21.597733,-80.24347,330.36697,877.8517,0.0032945091,-5041.491214180498,6.0,S_1743
2024-05-14 00:21:10,-65.46403,21.590775,-80.21549,330.04523,877.8517,0.0028415695,-5039.6103636993175,6.0,S_1743
2024-05-14 00:21:11,-65.42805,21.583832,-80.19451,329.7235,877.8517,0.002852921,-5037.107614636174,6.0,S_1743
2024-05-14 00:21:12,-65.392,21.576904,-80.17352,329.40878,877.8517,0.0034025598,-5030.330389792267,6.0,S_1743
2024-05-14 00:21:13,-65.35588,21.569992,-80.15254,329.08704,877.8517,0.003409349,-5024.616083584642,6.0,S_1743
2024-05-14 00:21:14,-65.319695,21.563095,-80.13156,328.7793,877.8517,0.0042806454,-5010.851945412147,6.0,S_1743
2024-05-14 00:21:15,-65.28344,21.556229,-80.103584,328.46457,877.8517,0.004285315,-4998.218195158441,6.0,S_1743
2024-05-14 00:21:16,-65.24711,21.549362,-80.07561,328.14984,877.8517,0.002517207,-4997.9144654622105,6.0,S_1743
2024-05-14 00:21:17,-65.21072,21.542526,-80.04763,327.8421,877.8517,0.0025266104,-4998.080322138017,6.0,S_1743
2024-05-14 00:21:18,-65.17425,21.53569,-80.02665,327.53436,877.8517,0.0024753846,-4997.614281650076,6.0,S_1743
2024-05-14 00:21:19,-65.13771,21.528885,-80.00567,327.2266,877.8517,0.0024916385,-4996.2132147915545,6.0,S_1743
2024-05-14 00:21:20,-65.10111,21.522095,-79.97769,326.91885,877.8517,0.0028621245,-4994.547611882785,6.0,S_1743
2024-05-14 00:21:21,-65.06444,21.51532,-79.95671,326.61813,877.8517,0.0028848452,-4990.158375275383,6.0,S_1743
2024-05-14 00:21:22,-65.027695,21.50856,-79.928734,326.31036,877.8517,0.0016673688,-4995.469406417715,6.0,S_1743
2024-05-14 00:21:23,-64.99088,21.501816,-79.90076,326.00964,877.8517,0.0016864309,-5000.569466662404,6.0,S_1743
2024-05-14 00:21:24,-64.953995,21.495087,-79.87278,325.71588,877.8517,-0.0013122302,-5025.2416438902765,6.0,S_1743
2024-05-14 00:21:25,-64.917046,21.488373,-79.8448,325.41513,877.8517,-0.0012928984,-5049.950627472492,6.0,S_1743
2024-05-14 00:21:26,-64.88003,21.481674,-79.816826,325.12137,877.8517,-0.0021319354,-5080.210638122875,6.0,S_1743
2024-05-14 00:21:27,-64.84293,21.47499,-79.78885,324.82062,877.8517,-0.0021085092,-5110.130506234831,6.0,S_1743
2024-05-14 00:21:28,-64.80578,21.468338,-79.76087,324.53387,877.8517,0.0026349726,-5108.373168287151,6.0,S_1743
2024-05-14 00:21:29,-64.76855,21.461685,-79.732895,324.2401,877.8517,0.002656632,-5107.065631864614,6.0,S_1743
2024-05-14 00:21:30,-64.73125,21.455063,-79.70492,323.95337,877.8517,0.0078112567,-5068.610606859962,6.0,S_1743
2024-05-14 00:21:31,-64.69388,21.448456,-79.66995,323.6666,877.8517,0.007827225,-5034.194399935819,6.0,S_1743
2024-05-14 00:21:32,-64.65644,21.441849,-79.641975,323.37985,877.8517,0.010827812,-4978.956142142613,6.0,S_1743
2024-05-14 00:21:33,-64.618935,21.435272,-79.614,323.09308,877.8517,0.010846404,-4923.474056692274,6.0,S_1743
2024-05-14 00:21:34,-64.58136,21.42871,-79.58602,322.80634,877.8517,0.010459812,-4875.267007925719,6.0,S_1743
2024-05-14 00:21:35,-64.54372,21.422165,-79.56504,322.52655,877.8517,0.010477174,-4817.608178799717,6.0,S_1743
2024-05-14 00:21:36,-64.506,21.415634,-79.53007,322.2468,877.8517,0.0031478791,-4812.172814415702,6.0,S_1743
2024-05-14 00:21:37,-64.468216,21.409119,-79.495094,321.96005,877.8517,0.0031610911,-4808.968272462207,6.0,S_1743
2024-05-14 00:21:38,-64.43036,21.402634,-79.46712,321.68726,877.8517,-0.0028313335,-4842.74677765362,6.0,S_1743
2024-05-14 00:21:39,-64.39243,21.396149,-79.43915,321.4075,877.8517,-0.0028195,-4876.42485692958,6.0,S_1743
2024-05-14 00:21:40,-64.35444,21.389679,-79.41117,321.13474,877.8517,-0.002844032,-4910.032928214174,6.0,S_1743
2024-05-14 00:21:41,-64.31638,21.38324,-79.383194,320.86197,877.8517,-0.0028363734,-4944.485927180691,6.0,S_1743
2024-05-14 00:21:42,-64.27825,21.376816,-79.34822,320.5962,877.8517,-0.0014015776,-4970.340892541119,6.0,S_1743
2024-05-14 00:21:43,-64.24004,21.370392,-79.31325,320.32343,877.8517,-0.0013814411,-4995.812397818623,6.0,S_1743
2024-05-14 00:21:44,-64.201775,21.363998,-79.28527,320.05066,877.8517,0.00083187246,-5005.703705476857,6.0,S_1743
2024-05-14 00:21:45,-64.16344,21.35762,-79.250305,319.79187,877.8517,0.0008546252,-5015.938414875527,6.0,S_1743
2024-05-14 00:21:46,-64.12502,21.351257,-79.21533,319.5261,877.8517,0.0014791103,-5022.838322958383,6.0,S_1743
2024-05-14 00:21:47,-64.08655,21.34491,-79.187355,319.2603,877.8517,0.0014860291,-5028.092530969827,6.0,S_1743
2024-05-14 00:21:48,-64.048,21.338577,-79.15239,319.00153,877.8517,-1.3980807e-05,-5044.286991174207,6.0,S_1743
2024-05-14 00:21:49,-64.00938,21.33226,-79.11742,318.73575,877.8517,4.9480295e-06,-5060.656396315666,6.0,S_1743
2024-05-14 00:21:50,-63.97069,21.325958,-79.08944,318.47696,877.8517,0.0012627915,-5067.817978105879,6.0,S_1743
2024-05-14 00:21:51,-63.931934,21.319672,-79.06146,318.2252,877.8517,0.0012959787,-5073.778428399783,6.0,S_1743
2024-05-14 00:21:52,-63.89311,21.313416,-79.02649,317.9664,877.8517,0.005895894,-5050.849104149987,6.0,S_1743
2024-05-14 00:21:53,-63.854214,21.30716,-78.99152,317.7146,877.8517,0.005924515,-5029.931080482651,6.0,S_1743
2024-05-14 00:21:54,-63.815247,21.300934,-78.96355,317.46283,877.8517,0.009445844,-4977.170945250271,6.0,S_1743
2024-05-14 00:21:55,-63.776215,21.294724,-78.92158,317.21103,877.8517,0.009461573,-4931.202491685372,6.0,S_1743
2024-05-14 00:21:56,-63.73711,21.288513,-78.88661,316.95926,877.8517,0.011839629,-4868.0006351812335,6.0,S_1743
2024-05-14 00:21:57,-63.697937,21.282333,-78.85164,316.70746,877.8517,0.011025633,-4811.467927171558,6.0,S_1743
2024-05-14 00:21:58,-63.65869,21.276169,-78.816666,316.46268,877.8517,0.011773887,-4749.600295734192,6.0,S_1743
2024-05-14 00:21:59,-63.61938,21.27002,-78.7817,316.21786,877.8517,0.011756186,-4687.713414764285,6.0,S_1743
2024-05-14 00:22:00,-63.579998,21.263885,-78.74673,315.97308,877.8517,0.012884732,-4618.213532908296,6.0,S_1743
2024-05-14 00:22:01,-63.540302,21.257828,-78.711754,315.72827,877.8517,0.013812441,-4544.123795845022,6.0,S_1743
2024-05-14 00:22:02,-63.50054,21.251785,-78.67679,315.49048,877.8517,0.012012409,-4486.580397534108,6.0,S_1743
2024-05-14 00:22:03,-63.460724,21.245743,-78.64881,315.2527,877.8517,0.007978367,-4444.8182509250655,6.0,S_1743
2024-05-14 00:22:04,-63.42084,21.23973,-78.60684,315.0149,877.8517,0.0071447296,-4413.9899559824335,6.0,S_1743
2024-05-14 00:22:05,-63.3809,21.233734,-78.57188,314.77008,877.8517,0.006311093,-4386.068615912867,6.0,S_1743
2024-05-14 00:22:06,-63.340897,21.227753,-78.52991,314.53928,877.8517,0.007901666,-4351.715477634934,6.0,S_1743
2024-05-14 00:22:07,-63.300835,21.221771,-78.49494,314.30847,877.8517,0.00793118,-4314.827784700181,6.0,S_1743
2024-05-14 00:22:08,-63.260708,21.21582,-78.45997,314.07068,877.8517,0.007566703,-4281.48218441549,6.0,S_1743
2024-05-14 00:22:09,-63.220524,21.20987,-78.424995,313.83987,877.8517,0.0064784917,-4251.615010491936,6.0,S_1743
2024-05-14 00:22:10,-63.180275,21.203949,-78.38303,313.60907,877.8517,0.0051159607,-4235.047092155775,6.0,S_1743
2024-05-14 00:22:11,-63.13997,21.198029,-78.34806,313.37827,877.8517,0.0041144346,-4224.188941440079,6.0,S_1743
2024-05-14 00:22:12,-63.099598,21.192139,-78.313095,313.15445,877.8517,0.007531666,-4191.148720755569,6.0,S_1743
2024-05-14 00:22:13,-63.05917,21.186249,-78.27812,312.93063,877.8517,0.007546086,-4157.942088029387,6.0,S_1743
2024-05-14 00:22:14,-63.018677,21.180374,-78.24315,312.70682,877.84985,0.004295577,-4145.544122584306,6.0,S_1743
2024-05-14 00:22:15,-62.978123,21.17453,-78.20818,312.483,877.848,0.0043111783,-4130.8380375708,6.0,S_1743
2024-05-14 00:22:16,-62.93751,21.168686,-78.166214,312.25922,877.85724,0.003761093,-4121.6732660321795,6.0,S_1743
2024-05-14 00:22:17,-62.896835,21.162857,-78.12425,312.0424,877.8665,0.0037746031,-4114.043072207467,6.0,S_1743
2024-05-14 00:22:18,-62.8561,21.157043,-78.08928,311.82556,877.82574,0.003331534,-4106.184448852597,6.0,S_1743
2024-05-14 00:22:19,-62.815304,21.151245,-78.04732,311.60876,877.7369,0.002888465,-4104.133264604869,6.0,S_1743
2024-05-14 00:22:20,-62.774445,21.145462,-78.012344,311.39194,877.6591,0.0029210488,-4099.392158960811,6.0,S_1743
2024-05-14 00:22:21,-62.733524,21.139694,-77.97038,311.1821,877.64246,0.0029358089,-4096.735607886199,6.0,S_1743
2024-05-14 00:22:22,-62.692543,21.133942,-77.93541,310.9653,877.6554,0.0038229658,-4085.8355104277653,6.0,S_1743
2024-05-14 00:22:23,-62.6515,21.128204,-77.89345,310.75546,877.66095,0.0038377817,-4077.355800438825,6.0,S_1743
2024-05-14 00:22:24,-62.6104,21.122482,-77.858475,310.53867,877.6572,0.004308047,-4063.0931404733274,6.0,S_1743
2024-05-14 00:22:25,-62.569237,21.116776,-77.81651,310.32883,877.6554,0.004321207,-4052.5565654944257,6.0,S_1743
2024-05-14 00:22:26,-62.52801,21.111069,-77.78154,310.126,877.6572,0.0038174521,-4041.036760244642,6.0,S_1743
2024-05-14 00:22:27,-62.486725,21.105392,-77.73958,309.91617,877.6572,0.003831386,-4031.4757233834243,6.0,S_1743
2024-05-14 00:22:28,-62.445377,21.099731,-77.69761,309.71335,877.6572,0.0038391214,-4023.562403063137,6.0,S_1743
2024-05-14 00:22:29,-62.40397,21.09407,-77.662636,309.51053,877.6572,0.003849367,-4012.193857770857,6.0,S_1743
2024-05-14 00:22:30,-62.3625,21.08844,-77.620674,309.30768,877.6572,0.0044268263,-3998.266816083713,6.0,S_1743
2024-05-14 00:22:31,-62.32097,21.082825,-77.57871,309.10486,877.6572,0.004442089,-3984.1971288243403,6.0,S_1743
2024-05-14 00:22:32,-62.279377,21.07721,-77.53674,308.90204,877.6572,0.004980588,-3967.0478481416394,6.0,S_1743
2024-05-14 00:22:33,-62.237724,21.07161,-77.49478,308.7062,877.6572,0.0049971608,-3952.097573476043,6.0,S_1743
2024-05-14 00:22:34,-62.19601,21.06604,-77.45981,308.51035,877.6572,0.005247933,-3931.437488750442,6.0,S_1743
2024-05-14 00:22:35,-62.154236,21.06047,-77.41785,308.3145,877.6572,0.005498705,-3910.4376995793427,6.0,S_1743
2024-05-14 00:22:36,-62.1124,21.054932,-77.37588,308.11868,877.6572,0.005843009,-3883.7666909748623,6.0,S_1743
2024-05-14 00:22:37,-62.070503,21.049393,-77.32692,307.92285,877.6572,0.0058604954,-3864.6915231958956,6.0,S_1743
2024-05-14 00:22:38,-62.028545,21.043869,-77.291954,307.72702,877.6572,0.0054428107,-3843.189959288644,6.0,S_1743
2024-05-14 00:22:39,-61.986526,21.03836,-77.249985,307.53818,877.6572,0.00545639,-3824.8590569284497,6.0,S_1743
2024-05-14 00:22:40,-61.944443,21.032867,-77.21502,307.34235,877.6572,0.0054999758,-3802.8896731899986,6.0,S_1743
2024-05-14 00:22:41,-61.9023,21.027405,-77.17305,307.1535,877.6572,0.005513866,-3782.6022870108063,6.0,S_1743
2024-05-14 00:22:42,-61.8601,21.021942,-77.13109,306.97165,877.6572,0.0059719337,-3758.2884658230178,6.0,S_1743
2024-05-14 00:22:43,-61.817837,21.016495,-77.08912,306.7828,877.6572,0.0059859236,-3730.672454136504,6.0,S_1743
2024-05-14 00:22:44,-61.775513,21.011063,-77.04016,306.59396,877.6572,0.0055589513,-3711.3772503161017,6.0,S_1743
2024-05-14 00:22:45,-61.733124,21.005646,-76.9982,306.41214,877.6572,0.005572706,-3693.237685151278,6.0,S_1743
2024-05-14 00:22:46,-61.690678,21.000229,-76.96323,306.2303,877.6572,0.005124734,-3673.596003542174,6.0,S_1743
2024-05-14 00:22:47,-61.64817,20.994843,-76.921265,306.04843,877.6572,0.0051382473,-3655.2475316686287,6.0,S_1743
2024-05-14 00:22:48,-61.6056,20.989471,-76.879295,305.86658,877.6572,0.004746753,-3638.8412648290177,6.0,S_1743
2024-05-14 00:22:49,-61.56297,20.984116,-76.83733,305.67773,877.6572,0.0047603864,-3620.960640853991,6.0,S_1743
2024-05-14 00:22:50,-61.52028,20.97876,-76.788376,305.5029,877.6572,0.0043531926,-3609.3864108855487,6.0,S_1743
2024-05-14 00:22:51,-61.477524,20.973434,-76.746414,305.32803,877.6572,0.0043687955,-3596.241603934228,6.0,S_1743
2024-05-14 00:22:52,-61.43471,20.968124,-76.704445,305.1532,877.6554,0.0039764177,-3583.288827227938,6.0,S_1743
2024-05-14 00:22:53,-61.391838,20.962814,-76.65549,304.97833,877.65356,0.003992063,-3573.4704977836045,6.0,S_1743
2024-05-14 00:22:54,-61.3489,20.957535,-76.613525,304.79648,877.66284,0.0040121647,-3564.967915299163,6.0,S_1743
2024-05-14 00:22:55,-61.305904,20.952255,-76.57855,304.62164,877.67206,0.004026056,-3552.4779594467545,6.0,S_1743
2024-05-14 00:22:56,-61.262844,20.947006,-76.53659,304.44678,877.62946,0.004432701,-3539.310273056104,6.0,S_1743
2024-05-14 00:22:57,-61.219727,20.941757,-76.49462,304.27893,877.5424,0.0044462695,-3525.7656364014074,6.0,S_1743
2024-05-14 00:22:58,-61.176544,20.936523,-76.45266,304.11105,877.4646,0.004067321,-3512.2246631162125,6.0,S_1743
2024-05-14 00:22:59,-61.133305,20.93132,-76.4037,303.9432,877.44794,0.0040827757,-3501.8925902746305,6.0,S_1743
2024-05-14 00:23:00,-61.09,20.926117,-76.36173,303.76834,877.46094,0.0040517207,-3491.054137759558,6.0,S_1743
2024-05-14 00:23:01,-61.046307,20.92102,-76.31977,303.6005,877.4665,0.004064922,-3477.917443635033,6.0,S_1743
2024-05-14 00:23:02,-61.002567,20.91594,-76.27081,303.43964,877.4628,0.0045686965,-3464.6217964021307,6.0,S_1743
2024-05-14 00:23:03,-60.958775,20.910858,-76.22884,303.27176,877.46094,0.0045822086,-3449.999228753266,6.0,S_1743
2024-05-14 00:23:04,-60.914932,20.905807,-76.18688,303.1039,877.4628,0.004630766,-3435.6153414182045,6.0,S_1743
2024-05-14 00:23:05,-60.87104,20.900757,-76.14492,302.94305,877.4628,0.004644479,-3418.082262805645,6.0,S_1743
2024-05-14 00:23:06,-60.8271,20.895721,-76.095955,302.78217,877.4628,0.0046243286,-3404.8969678805624,6.0,S_1743
2024-05-14 00:23:07,-60.783108,20.890686,-76.05399,302.6213,877.4628,0.0046377266,-3390.1092766094735,6.0,S_1743
2024-05-14 00:23:08,-60.739067,20.885666,-76.01203,302.46045,877.4628,0.0042903335,-3374.960606801342,6.0,S_1743
2024-05-14 00:23:09,-60.694973,20.880676,-75.963066,302.2996,877.4628,0.0043058665,-3361.1654792369736,6.0,S_1743
2024-05-14 00:23:10,-60.650833,20.875671,-75.91411,302.13873,877.4628,0.004681245,-3345.260159852809,6.0,S_1743
2024-05-14 00:23:11,-60.60664,20.870697,-75.86515,301.98486,877.4628,0.0046962732,-3331.18304514424,6.0,S_1743
2024-05-14 00:23:12,-60.5624,20.865723,-75.82319,301.82397,877.4628,0.0051276227,-3313.7252083288477,6.0,S_1743
2024-05-14 00:23:13,-60.51811,20.860779,-75.78122,301.6701,877.4628,0.0051406445,-3292.8116447444227,6.0,S_1743
2024-05-14 00:23:14,-60.473766,20.85582,-75.73226,301.51624,877.4628,0.0052524884,-3275.734427062005,6.0,S_1743
2024-05-14 00:23:15,-60.429375,20.850891,-75.6903,301.36237,877.4628,0.0052659446,-3257.710831806522,6.0,S_1743
2024-05-14 00:23:16,-60.384933,20.845963,-75.64834,301.21548,877.46094,0.0052730883,-3238.6716256597683,6.0,S_1743
2024-05-14 00:23:17,-60.34044,20.841064,-75.60637,301.0616,877.4628,0.0052864878,-3216.6112141819867,6.0,S_1743
2024-05-14 00:23:18,-60.2959,20.836166,-75.55741,300.90775,877.4628,0.0052598435,-3196.8300880040297,6.0,S_1743
2024-05-14 00:23:19,-60.25131,20.831268,-75.50845,300.7609,877.4628,0.005272824,-3176.669021400452,6.0,S_1743
2024-05-14 00:23:20,-60.206665,20.8264,-75.459496,300.614,877.4573,0.0052813175,-3158.9218759686555,6.0,S_1743
2024-05-14 00:23:21,-60.161972,20.821533,-75.41753,300.46014,877.46094,0.005294326,-3140.4984605006575,6.0,S_1743
2024-05-14 00:23:22,-60.117233,20.81668,-75.375565,300.31326,877.47943,0.004891312,-3121.3469969240177,6.0,S_1743
2024-05-14 00:23:23,-60.07244,20.811844,-75.32661,300.16638,877.4665,0.0049062036,-3103.5770328576073,6.0,S_1743
2024-05-14 00:23:24,-60.0276,20.807007,-75.27765,300.0195,877.3739,0.00491295,-3085.728488325498,6.0,S_1743
2024-05-14 00:23:25,-59.982708,20.802185,-75.22869,299.87262,877.272,0.004927775,-3071.359813696017,6.0,S_1743
2024-05-14 00:23:26,-59.937763,20.797379,-75.18672,299.73276,877.2387,0.005368538,-3051.7666525469576,6.0,S_1743
2024-05-14 00:23:27,-59.892773,20.792587,-75.14476,299.58588,877.2554,0.0053813634,-3029.7199266400094,6.0,S_1743
2024-05-14 00:23:28,-59.847733,20.787796,-75.0958,299.44598,877.272,0.0053895903,-3008.8569366350603,6.0,S_1743
2024-05-14 00:23:29,-59.80264,20.783035,-75.046844,299.3061,877.2702,0.005402244,-2987.873365424719,6.0,S_1743
2024-05-14 00:23:30,-59.7575,20.778275,-74.99788,299.16623,877.2665,0.005002416,-2972.6314180742593,6.0,S_1743
2024-05-14 00:23:31,-59.712307,20.77353,-74.95592,299.02634,877.2665,0.005015322,-2952.6878055082234,6.0,S_1743
2024-05-14 00:23:32,-59.667065,20.768784,-74.90696,298.88644,877.2683,0.0050236303,-2934.791085607256,6.0,S_1743
2024-05-14 00:23:33,-59.621773,20.764053,-74.858,298.75357,877.2683,0.0050363704,-2915.920424484735,6.0,S_1743
2024-05-14 00:23:34,-59.57643,20.759338,-74.809044,298.61368,877.2665,0.005057186,-2900.199184431982,6.0,S_1743
2024-05-14 00:23:35,-59.53104,20.754639,-74.767075,298.47382,877.2665,0.005069964,-2883.5059063540575,6.0,S_1743
2024-05-14 00:23:36,-59.4856,20.749954,-74.72511,298.3409,877.2683,0.0046344846,-2866.326823530442,6.0,S_1743
2024-05-14 00:23:37,-59.440105,20.74527,-74.676155,298.20804,877.2683,0.0046489136,-2850.559834192496,6.0,S_1743
2024-05-14 00:23:38,-59.394566,20.7406,-74.6272,298.07513,877.2683,0.0042489637,-2836.937304266903,6.0,S_1743
2024-05-14 00:23:39,-59.348972,20.735947,-74.57823,297.93527,877.2665,0.0042635486,-2823.965213015388,6.0,S_1743
2024-05-14 00:23:40,-59.30333,20.731308,-74.529274,297.80237,877.2665,0.004321449,-2810.3303015771126,6.0,S_1743
2024-05-14 00:23:41,-59.25764,20.72667,-74.480316,297.6695,877.2683,0.004334362,-2799.2438313199746,6.0,S_1743
2024-05-14 00:23:42,-59.2119,20.722046,-74.438354,297.5366,877.2683,0.0043536257,-2784.323206150366,6.0,S_1743
2024-05-14 00:23:43,-59.166107,20.717438,-74.3894,297.4107,877.26276,0.0043682847,-2770.5814322456426,6.0,S_1743
2024-05-14 00:23:44,-59.120266,20.712845,-74.34044,297.28482,877.2665,0.004374807,-2756.230712912682,6.0,S_1743
2024-05-14 00:23:45,-59.07437,20.708252,-74.29147,297.15192,877.2887,0.0043893997,-2742.5508100799743,6.0,S_1743
2024-05-14 00:23:46,-59.02843,20.703674,-74.242516,297.02603,877.29236,0.004408431,-2731.217357490037,6.0,S_1743
2024-05-14 00:23:47,-58.98244,20.699112,-74.200554,296.90012,877.22943,0.0044212565,-2715.4752135157396,6.0,S_1743
2024-05-14 00:23:48,-58.936398,20.694565,-74.151596,296.77423,877.1202,0.0044276514,-2703.972959798826,6.0,S_1743
2024-05-14 00:23:49,-58.890305,20.690018,-74.10963,296.64835,877.0553,0.0044404143,-2688.0539694914223,6.0,S_1743
2024-05-14 00:23:50,-58.844166,20.685486,-74.06067,296.52246,877.06085,0.004461129,-2670.6171614318664,6.0,S_1743
2024-05-14 00:23:51,-58.797974,20.68097,-74.004715,296.39655,877.0776,0.004475409,-2657.5271645502326,6.0,S_1743
2024-05-14 00:23:52,-58.75173,20.676468,-73.95576,296.27066,877.0757,0.0044816737,-2643.358879618365,6.0,S_1743
2024-05-14 00:23:53,-58.70544,20.671982,-73.9068,296.15176,877.072,0.004496002,-2628.2722311287034,6.0,S_1743
2024-05-14 00:23:54,-58.659096,20.667496,-73.85784,296.02588,877.072,0.004514777,-2613.2753353081644,6.0,S_1743
2024-05-14 00:23:55,-58.612705,20.663025,-73.80888,295.89996,877.07385,0.0045290315,-2598.7243006572353,6.0,S_1743
2024-05-14 00:23:56,-58.566265,20.658554,-73.759926,295.78107,877.07385,0.004535168,-2583.8631174483344,6.0,S_1743
2024-05-14 00:23:57,-58.51977,20.654114,-73.71097,295.66217,877.072,0.0045493618,-2568.883775892733,6.0,S_1743
2024-05-14 00:23:58,-58.473232,20.649673,-73.66201,295.54327,877.072,0.004567996,-2553.7532801759044,6.0,S_1743
2024-05-14 00:23:59,-58.42664,20.645248,-73.613045,295.42438,877.072,0.004582123,-2538.509200478922,6.0,S_1743
2024-05-14 00:24:00,-58.379997,20.640839,-73.56409,295.30548,877.072,0.004201865,-2525.761103026529,6.0,S_1743
2024-05-14 00:24:01,-58.331993,20.63649,-73.51513,295.18658,877.072,0.0042160144,-2515.535573610876,6.0,S_1743
2024-05-14 00:24:02,-58.283985,20.632156,-73.47317,295.06766,877.07385,0.0038195243,-2506.1024346027843,6.0,S_1743
2024-05-14 00:24:03,-58.235973,20.627823,-73.4312,294.94876,877.07385,0.0038321638,-2492.098706495857,6.0,S_1743
2024-05-14 00:24:04,-58.187954,20.623505,-73.375244,294.83685,877.06647,0.0038400518,-2480.9288648395595,6.0,S_1743
2024-05-14 00:24:05,-58.139927,20.619186,-73.3193,294.72498,877.06647,0.0038541926,-2471.7075035488015,6.0,S_1743
2024-05-14 00:24:06,-58.091896,20.614883,-73.27033,294.60605,877.0831,0.0038746921,-2463.961559900963,6.0,S_1743
2024-05-14 00:24:07,-58.04386,20.610596,-73.22837,294.49414,877.09235,0.0038854114,-2453.766023677181,6.0,S_1743
2024-05-14 00:24:08,-57.99582,20.606323,-73.18641,294.37524,877.0368,0.0038916504,-2441.825090113707,6.0,S_1743
2024-05-14 00:24:09,-57.947773,20.60205,-73.13745,294.26334,876.92566,0.0039039974,-2431.12015511527,6.0,S_1743
2024-05-14 00:24:10,-57.89972,20.597778,-73.088486,294.15146,876.8609,0.0039225854,-2418.114729398807,6.0,S_1743
2024-05-14 00:24:11,-57.85166,20.593536,-73.03254,294.04654,876.86646,0.00393655,-2408.4909404193168,6.0,S_1743
2024-05-14 00:24:12,-57.803596,20.589294,-72.983574,293.93463,876.8831,0.0035332977,-2400.164584901875,6.0,S_1743
2024-05-14 00:24:13,-57.755527,20.585052,-72.934616,293.82272,876.8812,0.0035457676,-2392.179633399737,6.0,S_1743
2024-05-14 00:24:14,-57.707455,20.580841,-72.88566,293.7178,876.87756,0.0035644746,-2383.3698368498735,6.0,S_1743
2024-05-14 00:24:15,-57.659374,20.57663,-72.8367,293.6059,876.8757,0.0035786873,-2372.3231092395836,6.0,S_1743
2024-05-14 00:24:16,-57.611286,20.572418,-72.78075,293.494,876.87756,0.0035864701,-2365.61014460518,6.0,S_1743
2024-05-14 00:24:17,-57.563194,20.568222,-72.73179,293.3891,876.8794,0.0035988279,-2356.973099959392,6.0,S_1743
2024-05-14 00:24:18,-57.5151,20.564041,-72.68283,293.28418,876.87756,0.0036174157,-2347.7358646649336,6.0,S_1743
2024-05-14 00:24:19,-57.466995,20.559875,-72.63387,293.17227,876.87756,0.003631513,-2339.0915352664233,6.0,S_1743
2024-05-14 00:24:20,-57.418888,20.55571,-72.584915,293.06735,876.87756,0.0036375273,-2330.152502212808,6.0,S_1743
2024-05-14 00:24:21,-57.370773,20.55156,-72.53596,292.96243,876.87756,0.0036497714,-2321.1156414213365,6.0,S_1743
2024-05-14 00:24:22,-57.322655,20.54741,-72.48699,292.85754,876.87756,0.003288644,-2314.4115028063934,6.0,S_1743
2024-05-14 00:24:23,-57.27453,20.543274,-72.438034,292.75262,876.8794,0.0033010493,-2308.022884304206,6.0,S_1743
2024-05-14 00:24:24,-57.2264,20.539154,-72.38908,292.6547,876.8794,0.0033071747,-2300.930152885514,6.0,S_1743
2024-05-14 00:24:25,-57.17826,20.535034,-72.34012,292.5498,876.8757,0.0033195408,-2293.97416850843,6.0,S_1743
2024-05-14 00:24:26,-57.13012,20.53093,-72.29116,292.4449,876.872,0.0033399127,-2284.642665551466,6.0,S_1743
2024-05-14 00:24:27,-57.081974,20.52684,-72.23521,292.33997,876.88684,0.0033538581,-2276.7870650913246,6.0,S_1743
2024-05-14 00:24:28,-57.03382,20.52275,-72.17925,292.23505,876.89795,0.003361526,-2271.530002682648,6.0,S_1743
2024-05-14 00:24:29,-56.98566,20.518677,-72.130295,292.13715,876.84235,0.0033737696,-2263.9122610906998,6.0,S_1743
2024-05-14 00:24:30,-56.937496,20.514618,-72.08134,292.03223,876.73126,0.0033922277,-2256.831415164721,6.0,S_1743
2024-05-14 00:24:31,-56.889328,20.51056,-72.03238,291.9343,876.66644,0.0034062043,-2249.412144862261,6.0,S_1743
2024-05-14 00:24:32,-56.841152,20.506516,-71.98342,291.8364,876.672,0.0034121214,-2241.936507872055,6.0,S_1743
2024-05-14 00:24:33,-56.792973,20.502472,-71.93446,291.73846,876.6886,0.0034242517,-2234.3676084194194,6.0,S_1743
2024-05-14 00:24:34,-56.744785,20.498459,-71.8855,291.64056,876.6905,0.0034425908,-2226.6660069961217,6.0,S_1743
2024-05-14 00:24:35,-56.696594,20.49443,-71.83654,291.54263,876.68304,0.0034546638,-2216.541397389705,6.0,S_1743
2024-05-14 00:24:36,-56.6484,20.490433,-71.78059,291.44473,876.6813,0.0034621065,-2207.945782577008,6.0,S_1743
2024-05-14 00:24:37,-56.600193,20.486435,-71.72464,291.3468,876.68304,0.0034757527,-2201.5738724355506,6.0,S_1743
2024-05-14 00:24:38,-56.551987,20.482452,-71.675674,291.2489,876.68304,0.003495755,-2193.9060530976385,6.0,S_1743
2024-05-14 00:24:39,-56.503773,20.47847,-71.62672,291.15796,876.68304,0.0035077117,-2185.4667935509533,6.0,S_1743
2024-05-14 00:24:40,-56.455555,20.474503,-71.57776,291.06006,876.68304,0.0031091913,-2179.817641481088,6.0,S_1743
2024-05-14 00:24:41,-56.40733,20.47055,-71.5288,290.96213,876.68304,0.003121342,-2174.480726465885,6.0,S_1743
2024-05-14 00:24:42,-56.359097,20.466599,-71.47984,290.87122,876.68494,0.0031396877,-2168.371482751969,6.0,S_1743
2024-05-14 00:24:43,-56.310863,20.462662,-71.430885,290.7733,876.68304,0.0031517802,-2160.6606103311096,6.0,S_1743
2024-05-14 00:24:44,-56.26262,20.458725,-71.37493,290.68237,876.67755,0.0031592455,-2155.9944376460953,6.0,S_1743
2024-05-14 00:24:45,-56.214375,20.454819,-71.32597,290.58444,876.67755,0.0031730642,-2148.10703997788,6.0,S_1743
2024-05-14 00:24:46,-56.16612,20.450912,-71.27002,290.49353,876.6924,0.0031929123,-2143.6122748854796,6.0,S_1743
2024-05-14 00:24:47,-56.117863,20.447006,-71.22106,290.4026,876.7034,0.0032048812,-2137.426797420201,6.0,S_1743
2024-05-14 00:24:48,-56.0696,20.443115,-71.172104,290.31168,876.6479,0.0032106107,-2129.002866111852,6.0,S_1743
2024-05-14 00:24:49,-56.021328,20.43924,-71.11615,290.22076,876.5368,0.0032241512,-2121.680041141364,6.0,S_1743
2024-05-14 00:24:50,-55.973053,20.435364,-71.060196,290.12283,876.47015,0.0032438624,-2117.0339578836138,6.0,S_1743
2024-05-14 00:24:51,-55.924774,20.431503,-71.01124,290.03192,876.4757,0.0032557223,-2110.876402984508,6.0,S_1743
2024-05-14 00:24:52,-55.876488,20.427658,-70.96228,289.94797,876.4942,0.0032613494,-2104.025240332914,6.0,S_1743
2024-05-14 00:24:53,-55.828194,20.423828,-70.91332,289.85706,876.4942,0.0032731546,-2095.4710337099277,6.0,S_1743
2024-05-14 00:24:54,-55.7799,20.419998,-70.85737,289.77313,876.48865,0.0032927357,-2089.991160146099,6.0,S_1743
2024-05-14 00:24:55,-55.731594,20.416168,-70.80841,289.6822,876.48676,0.00330448,-2083.0464223966956,6.0,S_1743
2024-05-14 00:24:56,-55.68329,20.412354,-70.75945,289.59128,876.48865,0.0032497556,-2076.433450745015,6.0,S_1743
2024-05-14 00:24:57,-55.63497,20.408554,-70.71049,289.50037,876.48865,0.0032613478,-2069.7328863337134,6.0,S_1743
2024-05-14 00:24:58,-55.586655,20.40477,-70.66153,289.40942,876.48865,0.0032808806,-2061.0629663554682,6.0,S_1743
2024-05-14 00:24:59,-55.53833,20.400986,-70.605576,289.3255,876.4905,0.003292237,-2053.6819295360656,6.0,S_1743
2024-05-14 00:25:00,-55.489998,20.397217,-70.54963,289.24158,876.48865,0.0032991495,-2048.5045206601862,6.0,S_1743
2024-05-14 00:25:01,-55.442726,20.393524,-70.50066,289.15765,876.48303,0.0033105505,-2041.1950043521429,6.0,S_1743
2024-05-14 00:25:02,-55.395416,20.389832,-70.451706,289.0667,876.48865,0.0033298824,-2032.1295437881272,6.0,S_1743
2024-05-14 00:25:03,-55.34806,20.386154,-70.39575,288.9828,876.509,0.003341054,-2026.6499105366966,6.0,S_1743
2024-05-14 00:25:04,-55.300663,20.382477,-70.346794,288.89886,876.5127,0.0033461894,-2019.514956674393,6.0,S_1743
2024-05-14 00:25:05,-55.253227,20.3788,-70.29784,288.81494,876.45154,0.00335748,-2012.2943865644447,6.0,S_1743
2024-05-14 00:25:06,-55.20575,20.375153,-70.24888,288.73102,876.3405,0.0033094592,-2003.08945792315,6.0,S_1743
2024-05-14 00:25:07,-55.158226,20.37149,-70.192924,288.64706,876.2775,0.003322203,-1995.3933445234798,6.0,S_1743
2024-05-14 00:25:08,-55.110664,20.367844,-70.13697,288.56314,876.2831,0.0033287492,-1989.9179612576227,6.0,S_1743
2024-05-14 00:25:09,-55.06306,20.364212,-70.08801,288.47922,876.29974,0.0033398583,-1983.1823794897318,6.0,S_1743
2024-05-14 00:25:10,-55.015415,20.36058,-70.039055,288.40228,876.29785,0.0029870323,-1978.0074830887133,6.0,S_1743
2024-05-14 00:25:11,-54.967728,20.356964,-69.9901,288.31836,876.2923,0.002998336,-1970.920121199957,6.0,S_1743
2024-05-14 00:25:12,-54.92,20.353348,-69.93414,288.23444,876.2923,0.003005031,-1965.7395776137128,6.0,S_1743
2024-05-14 00:25:13,-54.872227,20.349747,-69.87819,288.1575,876.2942,0.00301786,-1959.8730921004499,6.0,S_1743
2024-05-14 00:25:14,-54.824413,20.346146,-69.822235,288.07355,876.2942,0.0030368217,-1956.1602346338223,6.0,S_1743
2024-05-14 00:25:15,-54.77656,20.34256,-69.77328,287.98962,876.2942,0.0030480153,-1951.1575708353594,6.0,S_1743
2024-05-14 00:25:16,-54.728664,20.338974,-69.72432,287.9127,876.296,0.0030530465,-1943.395720837365,6.0,S_1743
2024-05-14 00:25:17,-54.680725,20.335403,-69.668365,287.82877,876.2942,0.0030657586,-1939.8678953538838,6.0,S_1743
2024-05-14 00:25:18,-54.632748,20.331833,-69.61941,287.75183,876.29047,0.0030830284,-1931.8680088604524,6.0,S_1743
2024-05-14 00:25:19,-54.58473,20.328278,-69.56345,287.6679,876.2942,0.003095691,-1928.1273679253027,6.0,S_1743
2024-05-14 00:25:20,-54.536663,20.324722,-69.514496,287.59097,876.3071,0.003100623,-1922.5098310694848,6.0,S_1743
2024-05-14 00:25:21,-54.48856,20.321167,-69.46554,287.51404,876.296,0.003111671,-1914.6520527971697,6.0,S_1743
2024-05-14 00:25:22,-54.440414,20.317642,-69.409584,287.4371,876.22565,0.0031286268,-1910.4449764252313,6.0,S_1743
2024-05-14 00:25:23,-54.392227,20.314102,-69.36063,287.36017,876.1349,0.0031396213,-1902.3686547739999,6.0,S_1743
2024-05-14 00:25:24,-54.343998,20.310593,-69.30467,287.28323,876.08673,0.003146018,-1895.8469850251458,6.0,S_1743
2024-05-14 00:25:25,-54.295727,20.307068,-69.24872,287.2063,876.09045,0.0031585188,-1889.225445352542,6.0,S_1743
2024-05-14 00:25:26,-54.247414,20.303558,-69.192764,287.12936,876.10345,0.0031771134,-1884.659621240804,6.0,S_1743
2024-05-14 00:25:27,-54.19906,20.300064,-69.14381,287.05243,876.10156,0.0031880087,-1878.4002305443719,6.0,S_1743
2024-05-14 00:25:28,-54.150665,20.29657,-69.09485,286.9755,876.0979,0.0028010635,-1872.6155828088813,6.0,S_1743
2024-05-14 00:25:29,-54.102226,20.29309,-69.038895,286.89856,876.0997,0.0028137243,-1868.6775648980256,6.0,S_1743
2024-05-14 00:25:30,-54.05375,20.289612,-68.98294,286.8286,876.0997,0.002830713,-1866.0094412043254,6.0,S_1743
2024-05-14 00:25:31,-54.005226,20.286148,-68.93398,286.75168,876.0997,0.002841769,-1859.9054753898308,6.0,S_1743
2024-05-14 00:25:32,-53.956665,20.282684,-68.87803,286.67474,876.0997,0.0028482361,-1857.7022677981586,6.0,S_1743
2024-05-14 00:25:33,-53.908062,20.279236,-68.82907,286.6048,876.10156,0.0028592432,-1853.2050448329028,6.0,S_1743
2024-05-14 00:25:34,-53.859413,20.275787,-68.78011,286.52786,876.0997,0.0025122818,-1851.0947535406558,6.0,S_1743
2024-05-14 00:25:35,-53.810726,20.272354,-68.731155,286.45093,876.0941,0.0025234912,-1847.4723239656887,6.0,S_1743
2024-05-14 00:25:36,-53.761997,20.26892,-68.6752,286.38098,876.0979,0.0025301164,-1844.8789016124501,6.0,S_1743
2024-05-14 00:25:37,-53.713226,20.265503,-68.61925,286.30405,876.1182,0.002542812,-1842.7174192818093,6.0,S_1743
2024-05-14 00:25:38,-53.664413,20.262085,-68.5633,286.2341,876.10345,0.0025598197,-1841.6492538806924,6.0,S_1743
2024-05-14 00:25:39,-53.61556,20.258682,-68.514336,286.15717,876.0108,0.0025709246,-1839.4637457652789,6.0,S_1743
2024-05-14 00:25:40,-53.566666,20.25528,-68.46538,286.08722,875.90894,0.0025759195,-1835.2150954279277,6.0,S_1743
2024-05-14 00:25:41,-53.517727,20.251877,-68.409424,286.0173,875.8756,0.002588506,-1834.292326108396,6.0,S_1743
2024-05-14 00:25:42,-53.468746,20.248505,-68.360466,285.94736,875.89233,0.0026056168,-1829.818260275766,6.0,S_1743
2024-05-14 00:25:43,-53.419727,20.245117,-68.30451,285.8774,875.90894,0.0026181452,-1826.8614301507005,6.0,S_1743
2024-05-14 00:25:44,-53.370663,20.24176,-68.248566,285.80746,875.9071,0.002622831,-1823.5249357935354,6.0,S_1743
2024-05-14 00:25:45,-53.32156,20.238388,-68.19261,285.73053,875.9034,0.0026352992,-1824.2654520486067,6.0,S_1743
2024-05-14 00:25:46,-53.272415,20.235046,-68.15064,285.66058,875.9034,0.0026507732,-1817.8285794095282,6.0,S_1743
2024-05-14 00:25:47,-53.22323,20.23169,-68.09469,285.59064,875.9053,0.0026631914,-1814.5205570014768,6.0,S_1743
2024-05-14 00:25:48,-53.173996,20.228348,-68.03874,285.52072,875.9053,0.0026695188,-1811.4684820735056,6.0,S_1743
2024-05-14 00:25:49,-53.124725,20.225021,-67.98279,285.45776,875.9053,0.0026801392,-1807.8034918111953,6.0,S_1743
2024-05-14 00:25:50,-53.075413,20.221695,-67.926834,285.38782,875.9071,0.0027671317,-1805.6706166059303,6.0,S_1743
2024-05-14 00:25:51,-53.026062,20.218384,-67.87788,285.31787,875.9034,0.002777982,-1799.9109670569487,6.0,S_1743
2024-05-14 00:25:52,-52.976665,20.215073,-67.82192,285.24792,875.8978,0.0027842654,-1798.0236956221452,6.0,S_1743
2024-05-14 00:25:53,-52.927227,20.211777,-67.772964,285.185,875.9034,0.002793322,-1791.921770322093,6.0,S_1743
2024-05-14 00:25:54,-52.877747,20.20848,-67.71701,285.11505,875.92377,0.0028116473,-1787.5062215450635,6.0,S_1743
2024-05-14 00:25:55,-52.828228,20.2052,-67.66106,285.0451,875.90894,0.002823902,-1784.9582952897472,6.0,S_1743
2024-05-14 00:25:56,-52.778664,20.20192,-67.6121,284.97516,875.8145,0.0028285722,-1781.146876595114,6.0,S_1743
2024-05-14 00:25:57,-52.72906,20.198654,-67.56314,284.91223,875.7145,0.0028392714,-1775.0320621889769,6.0,S_1743
2024-05-14 00:25:58,-52.679413,20.195389,-67.50719,284.84927,875.6904,0.0028557233,-1770.0530567908718,6.0,S_1743
2024-05-14 00:25:59,-52.629726,20.192139,-67.45123,284.77933,875.7089,0.0028678575,-1767.5777702491396,6.0,S_1743
2024-05-14 00:26:00,-52.579998,20.188889,-67.402275,284.71637,875.7182,0.002872439,-1760.850981359923,6.0,S_1743
2024-05-14 00:26:01,-52.528835,20.1857,-67.34632,284.64645,875.7145,0.002884459,-1756.2083791962796,6.0,S_1743
2024-05-14 00:26:02,-52.477676,20.18251,-67.29037,284.5835,875.7089,0.0029007336,-1753.2870549415893,6.0,S_1743
2024-05-14 00:26:03,-52.426525,20.179337,-67.24141,284.52054,875.7089,0.002911204,-1746.2556769046969,6.0,S_1743
2024-05-14 00:26:04,-52.375378,20.176163,-67.185455,284.45062,875.7108,0.0029171254,-1741.3576407040346,6.0,S_1743
2024-05-14 00:26:05,-52.324234,20.172989,-67.1295,284.38766,875.7108,0.0029290356,-1735.7871178497808,6.0,S_1743
2024-05-14 00:26:06,-52.273098,20.16983,-67.073555,284.31772,875.7089,0.002945191,-1730.6736589461761,6.0,S_1743
2024-05-14 00:26:07,-52.22197,20.166672,-67.0176,284.25476,875.7071,0.0029570423,-1727.350474215411,6.0,S_1743
2024-05-14 00:26:08,-52.17084,20.163528,-66.96864,284.19183,875.7164,0.0029613902,-1722.3758848365142,6.0,S_1743
2024-05-14 00:26:09,-52.119724,20.160385,-66.91968,284.12888,875.72565,0.0029717023,-1715.2371918973913,6.0,S_1743
2024-05-14 00:26:10,-52.06861,20.157242,-66.86373,284.06592,875.683,0.002987738,-1711.6872960887813,6.0,S_1743
2024-05-14 00:26:11,-52.0175,20.154114,-66.814766,284.003,875.59595,0.002998004,-1704.3461551872533,6.0,S_1743
2024-05-14 00:26:12,-51.9664,20.150986,-66.75882,283.94003,875.5182,0.0030037402,-1698.5589698621006,6.0,S_1743
2024-05-14 00:26:13,-51.915302,20.147873,-66.702866,283.8771,875.5015,0.0030154258,-1694.8039249398935,6.0,S_1743
2024-05-14 00:26:14,-51.86421,20.14476,-66.65391,283.81415,875.5145,0.0030298745,-1687.2081336943156,6.0,S_1743
2024-05-14 00:26:15,-51.813126,20.141647,-66.59795,283.7512,875.5201,0.003041503,-1681.4973798778046,6.0,S_1743
2024-05-14 00:26:16,-51.762043,20.13855,-66.542,283.69525,875.5163,0.003112301,-1674.713682258298,6.0,S_1743
2024-05-14 00:26:17,-51.710968,20.135452,-66.486046,283.6323,875.5145,0.0031221905,-1668.057535979311,6.0,S_1743
2024-05-14 00:26:18,-51.6599,20.13237,-66.43009,283.56934,875.5163,0.0031397475,-1663.9070316806028,6.0,S_1743
2024-05-14 00:26:19,-51.608837,20.129288,-66.381134,283.5134,875.5182,0.0031498417,-1655.2248482934774,6.0,S_1743
2024-05-14 00:26:20,-51.557777,20.126205,-66.32518,283.45044,875.5182,0.0031536862,-1648.3185810432878,6.0,S_1743
2024-05-14 00:26:21,-51.506725,20.123138,-66.269226,283.3875,875.51263,0.0031651994,-1641.3179673191516,6.0,S_1743
2024-05-14 00:26:22,-51.455677,20.120071,-66.21327,283.32455,875.51074,0.003182624,-1636.8634487472918,6.0,S_1743
2024-05-14 00:26:23,-51.404636,20.117004,-66.164314,283.26862,875.5256,0.0031908879,-1627.852423944416,6.0,S_1743
2024-05-14 00:26:24,-51.3536,20.113953,-66.10836,283.20566,875.53485,0.0031963605,-1620.6043000186146,6.0,S_1743
2024-05-14 00:26:25,-51.30257,20.110916,-66.052414,283.1427,875.4793,0.0032077546,-1613.665686562701,6.0,S_1743
2024-05-14 00:26:26,-51.251545,20.107864,-65.99646,283.08676,875.37,0.0032233368,-1605.9987534959182,6.0,S_1743
2024-05-14 00:26:27,-51.200523,20.104828,-65.940506,283.0238,875.30334,0.003234671,-1603.422937966643,6.0,S_1743
2024-05-14 00:26:28,-51.14951,20.101807,-65.89854,282.96786,875.30896,0.0032371462,-1592.846566139673,6.0,S_1743
2024-05-14 00:26:29,-51.098503,20.098785,-65.84259,282.9119,875.32745,0.0032467148,-1584.9843404784988,6.0,S_1743
2024-05-14 00:26:30,-51.0475,20.095764,-65.78664,282.84897,875.32745,0.0032638893,-1577.6111216728605,6.0,S_1743
2024-05-14 00:26:31,-50.996502,20.092758,-65.73068,282.793,875.3219,0.0032751118,-1567.5680388307337,6.0,S_1743
2024-05-14 00:26:32,-50.94551,20.089752,-65.66773,282.73706,875.32,0.0032144154,-1563.7356863662208,6.0,S_1743
2024-05-14 00:26:33,-50.894524,20.086746,-65.618774,282.6741,875.32,0.003224106,-1557.2972656899256,6.0,S_1743
2024-05-14 00:26:34,-50.843544,20.083755,-65.56982,282.61816,875.3219,0.0032396896,-1550.5489843598516,6.0,S_1743
2024-05-14 00:26:35,-50.79257,20.080765,-65.52086,282.5622,875.32,0.0032476163,-1541.4283634315943,6.0,S_1743
2024-05-14 00:26:36,-50.7416,20.07779,-65.464905,282.50626,875.3219,0.003252765,-1533.860474666817,6.0,S_1743
2024-05-14 00:26:37,-50.690636,20.074814,-65.40895,282.4503,875.3219,0.0032637941,-1526.2090124392307,6.0,S_1743
2024-05-14 00:26:38,-50.63968,20.071838,-65.353,282.39435,875.3163,0.0032789826,-1518.4404249464387,6.0,S_1743
2024-05-14 00:26:39,-50.588726,20.068878,-65.29704,282.33838,875.32,0.0032899443,-1510.1546973124205,6.0,S_1743
2024-05-14 00:26:40,-50.537777,20.065933,-65.2411,282.27545,875.3422,0.0032949927,-1502.45235235781,6.0,S_1743
2024-05-14 00:26:41,-50.486835,20.062973,-65.18514,282.21948,875.34595,0.003304194,-1494.479975663151,6.0,S_1743
2024-05-14 00:26:42,-50.4359,20.060028,-65.12919,282.16354,875.283,0.0033209643,-1488.74177426799,6.0,S_1743
2024-05-14 00:26:43,-50.384968,20.057098,-65.08023,282.10757,875.1737,0.003330397,-1481.7901294221665,6.0,S_1743
2024-05-14 00:26:44,-50.334045,20.054153,-65.03127,282.05862,875.1089,0.0029622132,-1474.3006194146692,6.0,S_1743
2024-05-14 00:26:45,-50.283127,20.051239,-64.97532,282.00266,875.11444,0.0029733137,-1468.5249215920012,6.0,S_1743
2024-05-14 00:26:46,-50.232212,20.04831,-64.919365,281.94672,875.1311,0.0029177314,-1463.112010564546,6.0,S_1743
2024-05-14 00:26:47,-50.1813,20.045395,-64.86341,281.89075,875.1293,0.0029287445,-1457.6154792315028,6.0,S_1743
2024-05-14 00:26:48,-50.1304,20.042496,-64.80746,281.8348,875.12555,0.0029338668,-1452.0718442383586,6.0,S_1743
2024-05-14 00:26:49,-50.079502,20.039581,-64.7515,281.77887,875.12366,0.0029431258,-1446.4521602118803,6.0,S_1743
2024-05-14 00:26:50,-50.02861,20.036697,-64.69555,281.7229,875.12555,0.0029599078,-1441.0799475593267,6.0,S_1743
2024-05-14 00:26:51,-49.977726,20.033798,-64.6396,281.67395,875.12744,0.002969101,-1435.0619472858816,6.0,S_1743
2024-05-14 00:26:52,-49.926846,20.030914,-64.58365,281.61798,875.12744,0.0029741267,-1431.7251020229924,6.0,S_1743
2024-05-14 00:26:53,-49.87597,20.02803,-64.53469,281.56903,875.1219,0.002983572,-1426.1077034299378,6.0,S_1743
2024-05-14 00:26:54,-49.8251,20.025162,-64.485725,281.5131,875.12555,0.0029971267,-1418.4746208232064,6.0,S_1743
2024-05-14 00:26:55,-49.774235,20.022293,-64.42978,281.45712,875.14404,0.0030079202,-1412.7288351755851,6.0,S_1743
2024-05-14 00:26:56,-49.723377,20.01944,-64.373825,281.40817,875.1293,0.0030111466,-1408.503364111184,6.0,S_1743
2024-05-14 00:26:57,-49.672527,20.016586,-64.32487,281.3522,875.0385,0.0030204905,-1401.0615902470563,6.0,S_1743
2024-05-14 00:26:58,-49.621677,20.013733,-64.26891,281.30325,874.93665,0.0030370306,-1394.5078723216502,6.0,S_1743
2024-05-14 00:26:59,-49.570835,20.010895,-64.21296,281.2473,874.9033,0.0030460102,-1386.2300256526469,6.0,S_1743
2024-05-14 00:27:00,-49.52,20.008057,-64.15001,281.19833,874.92,0.0030522437,-1381.1414396398395,6.0,S_1743
2024-05-14 00:27:01,-49.46909,20.005249,-64.094055,281.1424,874.93665,0.0030611316,-1374.9803229698227,6.0,S_1743
2024-05-14 00:27:02,-49.418182,20.002457,-64.03811,281.09344,874.9348,0.0030775114,-1370.2714247894437,6.0,S_1743
2024-05-14 00:27:03,-49.367287,19.999664,-63.989147,281.03748,874.93115,0.0030866633,-1362.3272123955976,6.0,S_1743
2024-05-14 00:27:04,-49.3164,19.996872,-63.933193,280.98853,874.93115,0.0030896724,-1355.3428640876373,6.0,S_1743
2024-05-14 00:27:05,-49.265522,19.994095,-63.877243,280.93256,874.9329,0.0031001621,-1348.8760392721124,6.0,S_1743
2024-05-14 00:27:06,-49.21465,19.991318,-63.82129,280.8836,874.9329,0.0031147208,-1342.107931960334,6.0,S_1743
2024-05-14 00:27:07,-49.163788,19.98854,-63.765335,280.83466,874.92926,0.0031251512,-1337.0473146447766,6.0,S_1743
2024-05-14 00:27:08,-49.112934,19.985779,-63.716377,280.7787,874.9237,0.0031283891,-1328.7715491197414,6.0,S_1743
2024-05-14 00:27:09,-49.062088,19.983017,-63.660423,280.72974,874.93115,0.003137074,-1321.8226591755847,6.0,S_1743
2024-05-14 00:27:10,-49.01125,19.980255,-63.60447,280.6808,874.9515,0.003153209,-1317.0256299072717,6.0,S_1743
2024-05-14 00:27:11,-48.960423,19.977509,-63.55551,280.63184,874.9348,0.0031604655,-1308.3100282599626,6.0,S_1743
2024-05-14 00:27:12,-48.9096,19.974762,-63.499557,280.58286,874.84216,0.0031649903,-1301.144681898957,6.0,S_1743
2024-05-14 00:27:13,-48.858788,19.972015,-63.443607,280.5339,874.7403,0.0031735701,-1293.9079320634228,6.0,S_1743
2024-05-14 00:27:14,-48.807983,19.969284,-63.387653,280.48495,874.71625,0.0032609766,-1286.073600294545,6.0,S_1743
2024-05-14 00:27:15,-48.757187,19.966553,-63.3317,280.43597,874.73663,0.0032695138,-1278.1748951856607,6.0,S_1743
2024-05-14 00:27:16,-48.7064,19.963821,-63.27575,280.38702,874.7422,0.0032739593,-1270.232132021385,6.0,S_1743
2024-05-14 00:27:17,-48.65562,19.961105,-63.219795,280.33807,874.73663,0.0032824534,-1262.221967530575,6.0,S_1743
2024-05-14 00:27:18,-48.60485,19.95839,-63.16384,280.28912,874.7348,0.0029625508,-1256.3449230328697,6.0,S_1743
2024-05-14 00:27:19,-48.55409,19.955673,-63.107887,280.24014,874.73663,0.0029712643,-1250.4022811623436,6.0,S_1743
2024-05-14 00:27:20,-48.503334,19.952972,-63.051937,280.1912,874.7385,0.0029758993,-1244.4147991826103,6.0,S_1743
2024-05-14 00:27:21,-48.452587,19.950272,-62.995983,280.14224,874.7385,0.0029862528,-1238.3460471942599,6.0,S_1743
2024-05-14 00:27:22,-48.40185,19.94757,-62.94003,280.09326,874.7348,0.002929119,-1234.7543163495793,6.0,S_1743
2024-05-14 00:27:23,-48.35112,19.94487,-62.89107,280.0443,874.7329,0.0029380508,-1227.408111785404,6.0,S_1743
2024-05-14 00:27:24,-48.3004,19.942184,-62.835117,279.99536,874.7441,0.0029408927,-1221.615162939932,6.0,S_1743
2024-05-14 00:27:25,-48.249687,19.939514,-62.779167,279.9464,874.75146,0.0029511258,-1215.7387144912173,6.0,S_1743
2024-05-14 00:27:26,-48.198982,19.936829,-62.723213,279.89743,874.7107,0.002965356,-1211.8841521845243,6.0,S_1743
2024-05-14 00:27:27,-48.14829,19.934158,-62.674255,279.84848,874.6218,0.002974195,-1204.2537877017967,6.0,S_1743
2024-05-14 00:27:28,-48.0976,19.931503,-62.6183,279.79953,874.5459,0.0029769484,-1198.5488493625053,6.0,S_1743
2024-05-14 00:27:29,-48.04692,19.928833,-62.562347,279.75757,874.5274,0.0029870735,-1192.2016759063918,6.0,S_1743
2024-05-14 00:27:30,-47.99625,19.926178,-62.506393,279.7086,874.5422,0.0030011977,-1185.9387992351549,6.0,S_1743
2024-05-14 00:27:31,-47.945587,19.923538,-62.450443,279.65964,874.5459,0.003011258,-1182.17756735261,6.0,S_1743
2024-05-14 00:27:32,-47.89493,19.920883,-62.40148,279.61768,874.5422,0.0030125869,-1174.0531998832303,6.0,S_1743
2024-05-14 00:27:33,-47.844288,19.918243,-62.34553,279.56873,874.5422,0.0030226053,-1167.608965675994,6.0,S_1743
2024-05-14 00:27:34,-47.79365,19.915619,-62.289577,279.51974,874.5422,0.0030382837,-1161.4417125830078,6.0,S_1743
2024-05-14 00:27:35,-47.74302,19.91298,-62.233624,279.47778,874.5385,0.0030465617,-1154.632254975335,6.0,S_1743
2024-05-14 00:27:36,-47.6924,19.910355,-62.177673,279.42883,874.5422,0.0030508155,-1147.965652651823,6.0,S_1743
2024-05-14 00:27:37,-47.64179,19.907745,-62.12172,279.37988,874.56256,0.0030590438,-1141.6302232149465,6.0,S_1743
2024-05-14 00:27:38,-47.591183,19.90512,-62.065765,279.33792,874.5662,0.0030745964,-1134.5951364424436,6.0,S_1743
2024-05-14 00:27:39,-47.54059,19.902512,-62.00981,279.28894,874.5051,0.0030827678,-1128.0844656333575,6.0,S_1743
2024-05-14 00:27:40,-47.49,19.899918,-61.95386,279.24698,874.394,0.0030869278,-1121.3495248891923,6.0,S_1743
2024-05-14 00:27:41,-47.439423,19.897308,-61.897907,279.20502,874.33105,0.003095055,-1114.1443786319032,6.0,S_1743
2024-05-14 00:27:42,-47.38885,19.894714,-61.841953,279.15607,874.3366,0.0031104768,-1107.0081859689562,6.0,S_1743
2024-05-14 00:27:43,-47.338287,19.892136,-61.786003,279.10712,874.3533,0.0031185406,-1102.4894213498374,6.0,S_1743
2024-05-14 00:27:44,-47.287735,19.889542,-61.73704,279.06516,874.35144,0.0031212966,-1093.9180880377098,6.0,S_1743
2024-05-14 00:27:45,-47.237186,19.886963,-61.68109,279.02316,874.3459,0.0031293125,-1086.8546869093843,6.0,S_1743
2024-05-14 00:27:46,-47.18665,19.884384,-61.625137,278.9812,874.3459,0.003142942,-1079.2702968668527,6.0,S_1743
2024-05-14 00:27:47,-47.13612,19.88182,-61.569183,278.93225,874.34955,0.0031525758,-1072.214368020148,6.0,S_1743
2024-05-14 00:27:48,-47.085598,19.879257,-61.51323,278.8903,874.34955,0.003154877,-1064.952549542617,6.0,S_1743
2024-05-14 00:27:49,-47.035088,19.876694,-61.45728,278.84833,874.3478,0.00316446,-1057.1870163862586,6.0,S_1743
2024-05-14 00:27:50,-46.984585,19.874146,-61.401325,278.79938,874.34216,0.0031779665,-1049.9295703735988,6.0,S_1743
2024-05-14 00:27:51,-46.934086,19.871597,-61.34537,278.7574,874.3478,0.00318749,-1042.4203675021272,6.0,S_1743
2024-05-14 00:27:52,-46.8836,19.86905,-61.289417,278.71542,874.3663,0.0031897,-1034.8867664227182,6.0,S_1743
2024-05-14 00:27:53,-46.833122,19.866516,-61.233467,278.67346,874.35144,0.0031991731,-1026.8393947701334,6.0,S_1743
2024-05-14 00:27:54,-46.78265,19.863983,-61.177513,278.6245,874.2588,0.0032125625,-1019.3116779872726,6.0,S_1743
2024-05-14 00:27:55,-46.732185,19.86145,-61.12156,278.58255,874.1569,0.0032219708,-1013.873577671031,6.0,S_1743
2024-05-14 00:27:56,-46.681732,19.858932,-61.0726,278.5406,874.1255,0.0032227999,-1004.0677496291028,6.0,S_1743
2024-05-14 00:27:57,-46.631287,19.856415,-61.016647,278.49164,874.1403,0.0032321662,-998.7255320109434,6.0,S_1743
2024-05-14 00:27:58,-46.58085,19.853897,-60.96769,278.44965,874.1569,0.0032441416,-989.5955773602836,6.0,S_1743
2024-05-14 00:27:59,-46.530422,19.851395,-60.911736,278.41467,874.15515,0.0032534492,-980.9352136519847,6.0,S_1743
2024-05-14 00:28:00,-46.48,19.848892,-60.855785,278.36572,874.1514,0.0031884697,-971.154308915593,6.0,S_1743
2024-05-14 00:28:01,-46.429916,19.84642,-60.792835,278.32376,874.15326,0.0031989715,-962.6708558733771,6.0,S_1743
2024-05-14 00:28:02,-46.379826,19.843948,-60.72989,278.2818,874.1514,0.003213345,-958.7669094661323,6.0,S_1743
2024-05-14 00:28:03,-46.32974,19.841492,-60.68093,278.23984,874.14954,0.003221225,-949.3477224421295,6.0,S_1743
2024-05-14 00:28:04,-46.279644,19.83902,-60.624977,278.19788,874.1588,0.0032231258,-941.4673916597458,6.0,S_1743
2024-05-14 00:28:05,-46.22955,19.836578,-60.569027,278.1559,874.1681,0.003230571,-933.5247943956056,6.0,S_1743
2024-05-14 00:28:06,-46.179447,19.834122,-60.513073,278.11395,874.1273,0.0032452126,-927.8279457170138,6.0,S_1743
2024-05-14 00:28:07,-46.12935,19.83168,-60.464115,278.072,874.03845,0.0032513347,-918.16725132793,6.0,S_1743
2024-05-14 00:28:08,-46.079243,19.829224,-60.40816,278.03,873.96063,0.0032548145,-912.392788688212,6.0,S_1743
2024-05-14 00:28:09,-46.029137,19.826797,-60.359203,277.98804,873.944,0.0032608954,-902.6512430287621,6.0,S_1743
2024-05-14 00:28:10,-45.979027,19.824356,-60.30325,277.94608,873.9569,0.0032754191,-891.9514907445955,6.0,S_1743
2024-05-14 00:28:11,-45.928913,19.82193,-60.240303,277.9041,873.9625,0.0032839791,-882.732385168023,6.0,S_1743
2024-05-14 00:28:12,-45.8788,19.819504,-60.177357,277.86215,873.9588,0.0032886246,-875.8836124923073,6.0,S_1743
2024-05-14 00:28:13,-45.828682,19.817078,-60.121403,277.8202,873.9569,0.0032958663,-869.8066916654025,6.0,S_1743
2024-05-14 00:28:14,-45.77856,19.814667,-60.072445,277.77823,873.9588,0.00330901,-860.1113343115103,6.0,S_1743
2024-05-14 00:28:15,-45.728436,19.812256,-60.01649,277.74326,873.96063,0.0033161985,-853.7180928741291,6.0,S_1743
2024-05-14 00:28:16,-45.67831,19.809845,-59.967533,277.7013,873.96063,0.003318253,-843.522795240453,6.0,S_1743
2024-05-14 00:28:17,-45.62818,19.807434,-59.91158,277.65933,873.95514,0.0033253971,-832.3803984075421,6.0,S_1743
2024-05-14 00:28:18,-45.57805,19.805038,-59.848633,277.61737,873.95325,0.0033392715,-822.6747838286246,6.0,S_1743
2024-05-14 00:28:19,-45.527912,19.802643,-59.785686,277.5754,873.9681,0.0033492602,-818.24488501421,6.0,S_1743
2024-05-14 00:28:20,-45.477776,19.800247,-59.736725,277.54044,873.9792,0.0033495775,-807.6255199801308,6.0,S_1743
2024-05-14 00:28:21,-45.427635,19.797867,-59.680775,277.49844,873.92175,0.0033582733,-798.6599096966966,6.0,S_1743
2024-05-14 00:28:22,-45.37749,19.795471,-59.62482,277.45648,873.8125,0.0032990356,-790.5065693168908,6.0,S_1743
2024-05-14 00:28:23,-45.327347,19.79309,-59.568867,277.4215,873.7458,0.0033060198,-781.6955951352029,6.0,S_1743
2024-05-14 00:28:24,-45.2772,19.790726,-59.512913,277.37955,873.7514,0.0033091563,-773.4582383167362,6.0,S_1743
2024-05-14 00:28:25,-45.227047,19.788345,-59.456963,277.34457,873.7699,0.0033161007,-764.5576910314448,6.0,S_1743
2024-05-14 00:28:26,-45.17689,19.78598,-59.40101,277.3026,873.7699,0.0033301446,-756.1621486178228,6.0,S_1743
2024-05-14 00:28:27,-45.126736,19.78363,-59.345055,277.26764,873.7643,0.003337035,-747.1022106727069,6.0,S_1743
2024-05-14 00:28:28,-45.076576,19.781265,-59.289104,277.22568,873.7643,0.0033400864,-738.17916411841,6.0,S_1743
2024-05-14 00:28:29,-45.026413,19.778915,-59.23315,277.18372,873.7643,0.0033469303,-729.1998690813416,6.0,S_1743
2024-05-14 00:28:30,-44.97625,19.776566,-59.177197,277.14175,873.7588,0.0033608547,-723.0416399445821,6.0,S_1743
2024-05-14 00:28:31,-44.92608,19.774216,-59.12824,277.10678,873.7625,0.0033664203,-712.1973206950897,6.0,S_1743
2024-05-14 00:28:32,-44.875908,19.771881,-59.072285,277.06482,873.7829,0.0033677402,-703.4971901849276,6.0,S_1743
2024-05-14 00:28:33,-44.825737,19.769547,-59.01633,277.02985,873.76807,0.0033761335,-694.1109873155838,6.0,S_1743
2024-05-14 00:28:34,-44.77556,19.767212,-58.96038,276.98788,873.6754,0.0033882926,-685.25519313931,6.0,S_1743
2024-05-14 00:28:35,-44.72538,19.764877,-58.904427,276.9529,873.57355,0.0033966366,-675.7081253936522,6.0,S_1743
2024-05-14 00:28:36,-44.675198,19.762558,-58.848473,276.91095,873.5402,0.003397867,-666.7718577655032,6.0,S_1743
2024-05-14 00:28:37,-44.62501,19.760239,-58.792522,276.87598,873.55695,0.0034045125,-657.6120764032785,6.0,S_1743
2024-05-14 00:28:38,-44.574825,19.75792,-58.73657,276.841,873.57355,0.0034182002,-647.8874926390745,6.0,S_1743
2024-05-14 00:28:39,-44.524635,19.755615,-58.680614,276.79904,873.5718,0.0034247986,-638.7432303082642,6.0,S_1743
2024-05-14 00:28:40,-44.47444,19.753296,-58.62466,276.76407,873.568,0.0030263716,-631.6201799352239,6.0,S_1743
2024-05-14 00:28:41,-44.424248,19.750992,-58.56871,276.7221,873.5699,0.0030332378,-625.0225254018078,6.0,S_1743
2024-05-14 00:28:42,-44.374046,19.748703,-58.512756,276.68713,873.568,0.003045484,-619.9376555569506,6.0,S_1743
2024-05-14 00:28:43,-44.323845,19.746399,-58.4638,276.64517,873.56433,0.0030527385,-611.6580253559841,6.0,S_1743
2024-05-14 00:28:44,-44.273643,19.74411,-58.407845,276.6102,873.5791,0.003387226,-599.6005719743771,6.0,S_1743
2024-05-14 00:28:45,-44.223434,19.741837,-58.3449,276.56824,873.5977,0.003396521,-592.1146712622576,6.0,S_1743
2024-05-14 00:28:46,-44.173225,19.739548,-58.288944,276.53326,873.57355,0.003408337,-582.841577775438,6.0,S_1743
2024-05-14 00:28:47,-44.123013,19.737274,-58.23299,276.4983,873.47723,0.0034163776,-573.5070638251273,6.0,S_1743
2024-05-14 00:28:48,-44.072796,19.735,-58.17704,276.46332,873.37915,0.0030855348,-568.1118339265049,6.0,S_1743
2024-05-14 00:28:49,-44.02258,19.732727,-58.12808,276.42136,873.35504,0.0030910126,-559.5276209712611,6.0,S_1743
2024-05-14 00:28:50,-43.97236,19.730469,-58.07213,276.38638,873.37354,0.0031046676,-549.8993787660984,6.0,S_1743
2024-05-14 00:28:51,-43.922134,19.72821,-58.00918,276.3514,873.37915,0.00311247,-541.7383766884159,6.0,S_1743
2024-05-14 00:28:52,-43.87191,19.725952,-57.94623,276.31647,873.3754,0.0031148838,-535.8618959886808,6.0,S_1743
2024-05-14 00:28:53,-43.82168,19.723694,-57.89028,276.2815,873.37354,0.0031230892,-530.1828177354764,6.0,S_1743
2024-05-14 00:28:54,-43.771446,19.72145,-57.84132,276.23953,873.3754,0.0030622834,-521.7399155904168,6.0,S_1743
2024-05-14 00:28:55,-43.721214,19.719208,-57.78537,276.20456,873.3699,0.0030704471,-512.3139537658244,6.0,S_1743
2024-05-14 00:28:56,-43.670975,19.716965,-57.72242,276.1696,873.368,0.0030727815,-506.2315800669785,6.0,S_1743
2024-05-14 00:28:57,-43.620735,19.714737,-57.66647,276.12762,873.3847,0.0030792616,-499.17175158901955,6.0,S_1743
2024-05-14 00:28:58,-43.57049,19.71251,-57.610516,276.09265,873.3939,0.0030926876,-494.12102252864497,6.0,S_1743
2024-05-14 00:28:59,-43.520245,19.710281,-57.561558,276.05768,873.3384,0.0030979423,-485.2327767035604,6.0,S_1743
2024-05-14 00:29:00,-43.469997,19.708054,-57.505604,276.0227,873.2291,0.003100653,-477.8422484790535,6.0,S_1743
2024-05-14 00:29:01,-43.4195,19.705872,-57.44965,275.98773,873.1624,0.0031070318,-470.4012838364979,6.0,S_1743
2024-05-14 00:29:02,-43.369007,19.703705,-57.3937,275.95276,873.168,0.003190134,-462.40189302566796,6.0,S_1743
2024-05-14 00:29:03,-43.318523,19.701523,-57.337746,275.9178,873.1865,0.0031980858,-454.3411007605173,6.0,S_1743
2024-05-14 00:29:04,-43.268044,19.699356,-57.28179,275.8828,873.18835,0.0031990584,-446.2639056433727,6.0,S_1743
2024-05-14 00:29:05,-43.217567,19.69719,-57.225838,275.84784,873.1809,0.0032053282,-438.1367324039129,6.0,S_1743
2024-05-14 00:29:06,-43.1671,19.695023,-57.169888,275.81287,873.1736,0.003218503,-429.910716439339,6.0,S_1743
2024-05-14 00:29:07,-43.116634,19.692856,-57.113934,275.7779,873.17914,0.0032247247,-421.1557080410057,6.0,S_1743
2024-05-14 00:29:08,-43.066177,19.690704,-57.05798,275.73593,873.1995,0.0032272479,-413.0118883282521,6.0,S_1743
2024-05-14 00:29:09,-43.015724,19.688553,-57.002026,275.70096,873.1828,0.003233418,-405.06437262094914,6.0,S_1743
2024-05-14 00:29:10,-42.965275,19.686401,-56.946075,275.673,873.0902,0.0031735261,-394.5822735677757,6.0,S_1743
2024-05-14 00:29:11,-42.914833,19.68425,-56.88313,275.63803,872.9884,0.0031824368,-388.05938624556075,6.0,S_1743
2024-05-14 00:29:12,-42.8644,19.682098,-56.827175,275.60306,872.96423,0.003183268,-380.00472099021863,6.0,S_1743
2024-05-14 00:29:13,-42.81397,19.679962,-56.77122,275.56808,872.9846,0.003189355,-371.8999391261168,6.0,S_1743
2024-05-14 00:29:14,-42.763542,19.67781,-56.715267,275.5331,872.99207,0.0032023168,-363.7008709133188,6.0,S_1743
2024-05-14 00:29:15,-42.713123,19.675674,-56.659317,275.49814,872.9884,0.003208344,-355.4497854598303,6.0,S_1743
2024-05-14 00:29:16,-42.66271,19.673538,-56.603363,275.46317,872.9846,0.0032107232,-347.17366399793536,6.0,S_1743
2024-05-14 00:29:17,-42.6123,19.671417,-56.54741,275.4282,872.9846,0.003216713,-338.8491547838785,6.0,S_1743
2024-05-14 00:29:18,-42.561897,19.669281,-56.49146,275.39322,872.9846,0.002926994,-332.4226694893041,6.0,S_1743
2024-05-14 00:29:19,-42.5115,19.66716,-56.435505,275.35825,872.98096,0.0029348491,-328.08175406045484,6.0,S_1743
2024-05-14 00:29:20,-42.46111,19.66504,-56.386547,275.3233,872.99207,0.00293469,-320.0749040591727,6.0,S_1743
2024-05-14 00:29:21,-42.410725,19.662918,-56.330593,275.28833,872.99945,0.0029408727,-313.9085257243314,6.0,S_1743
2024-05-14 00:29:22,-42.360344,19.660797,-56.27464,275.26035,872.95874,0.0029538905,-307.11144517629873,6.0,S_1743
2024-05-14 00:29:23,-42.309967,19.658676,-56.218685,275.22537,872.8698,0.0029600267,-298.2291723529379,6.0,S_1743
2024-05-14 00:29:24,-42.259598,19.65657,-56.15574,275.1904,872.7939,0.002962043,-293.4053805863987,6.0,S_1743
2024-05-14 00:29:25,-42.209236,19.654465,-56.099785,275.1624,872.7754,0.0029697544,-288.6410131846533,6.0,S_1743
2024-05-14 00:29:26,-42.15888,19.652359,-56.050827,275.12744,872.79016,0.0029799133,-280.2840763455861,6.0,S_1743
2024-05-14 00:29:27,-42.108524,19.650253,-55.994877,275.0925,872.7958,0.0029859554,-273.3791824507971,6.0,S_1743
2024-05-14 00:29:28,-42.058178,19.648148,-55.938923,275.05753,872.79016,0.002988386,-264.24035461346284,6.0,S_1743
2024-05-14 00:29:29,-42.007835,19.646057,-55.875977,275.02255,872.7865,0.0029954994,-258.75619676205315,6.0,S_1743
2024-05-14 00:29:30,-41.9575,19.643967,-55.820023,274.98758,872.79016,0.0030082841,-252.07202327672712,6.0,S_1743
2024-05-14 00:29:31,-41.90717,19.641876,-55.76407,274.9596,872.805,0.0030142334,-244.78750694105474,6.0,S_1743
2024-05-14 00:29:32,-41.856846,19.639786,-55.708115,274.92462,872.7939,0.003014961,-237.64194257664712,6.0,S_1743
2024-05-14 00:29:33,-41.806526,19.637695,-55.652164,274.88965,872.7217,0.003022476,-230.43430166590406,6.0,S_1743
2024-05-14 00:29:34,-41.75621,19.63562,-55.59621,274.85468,872.6309,0.0030335302,-223.5517462980788,6.0,S_1743
2024-05-14 00:29:35,-41.705902,19.63353,-55.540257,274.82672,872.58276,0.0030393773,-216.06183354226232,6.0,S_1743
2024-05-14 00:29:36,-41.6556,19.631454,-55.484306,274.79175,872.5883,0.003041648,-208.69703525727164,6.0,S_1743
2024-05-14 00:29:37,-41.6053,19.62938,-55.428352,274.75677,872.5994,0.0030474528,-201.69558994638282,6.0,S_1743
2024-05-14 00:29:38,-41.55501,19.62732,-55.3724,274.7288,872.59753,0.0030583926,-194.46343989481466,6.0,S_1743
2024-05-14 00:29:39,-41.504726,19.625244,-55.316444,274.7008,872.59576,0.003065759,-184.49630776789127,6.0,S_1743
2024-05-14 00:29:40,-41.454445,19.623184,-55.253498,274.66583,872.59753,0.003067425,-178.41671208748448,6.0,S_1743
2024-05-14 00:29:41,-41.40417,19.621124,-55.197548,274.63086,872.5939,0.003073139,-170.79320849603027,6.0,S_1743
2024-05-14 00:29:42,-41.3539,19.619064,-55.141594,274.59592,872.5902,0.0030855783,-163.4972528989274,6.0,S_1743
2024-05-14 00:29:43,-41.303635,19.617004,-55.08564,274.56793,872.605,0.003091233,-156.00681962122326,6.0,S_1743
2024-05-14 00:29:44,-41.25338,19.61496,-55.029686,274.53995,872.6235,0.0030917374,-148.08027349836993,6.0,S_1743
2024-05-14 00:29:45,-41.203125,19.6129,-54.973736,274.50497,872.5994,0.0030989533,-140.6699605538961,6.0,S_1743
2024-05-14 00:29:46,-41.152878,19.610855,-54.91778,274.477,872.5031,0.0031096675,-132.60303941037273,6.0,S_1743
2024-05-14 00:29:47,-41.10264,19.60881,-54.861828,274.44202,872.405,0.003115227,-124.63952522774343,6.0,S_1743
2024-05-14 00:29:48,-41.0524,19.606766,-54.805874,274.40707,872.38086,0.0031172582,-116.65066579718041,6.0,S_1743
2024-05-14 00:29:49,-41.00217,19.604736,-54.749924,274.3721,872.3994,0.0031227756,-111.37113164464608,6.0,S_1743
2024-05-14 00:29:50,-40.951946,19.602692,-54.700962,274.34412,872.4087,0.003132306,-102.065352923928,6.0,S_1743
2024-05-14 00:29:51,-40.901726,19.600662,-54.64501,274.31613,872.40125,0.003139375,-91.43862095856457,6.0,S_1743
2024-05-14 00:29:52,-40.851513,19.598633,-54.582066,274.28116,872.39386,0.002829018,-87.20356675632866,6.0,S_1743
2024-05-14 00:29:53,-40.801304,19.596603,-54.52611,274.2532,872.39386,0.0028347531,-80.88733390782727,6.0,S_1743
2024-05-14 00:29:54,-40.751102,19.59459,-54.470158,274.21823,872.4105,0.0028471623,-77.14521844752016,6.0,S_1743
2024-05-14 00:29:55,-40.700905,19.59256,-54.4212,274.19025,872.42163,0.0028517772,-67.1131234038512,6.0,S_1743
2024-05-14 00:29:56,-40.65071,19.590546,-54.358253,274.15527,872.3661,0.0028534252,-62.67832292634557,6.0,S_1743
2024-05-14 00:29:57,-40.600525,19.588531,-54.3023,274.1273,872.25494,0.0028606784,-54.04538817777575,6.0,S_1743
2024-05-14 00:29:58,-40.550346,19.586517,-54.239353,274.09232,872.1883,0.0028724228,-49.46782835550039,6.0,S_1743
2024-05-14 00:29:59,-40.50017,19.584503,-54.1834,274.06436,872.1938,0.002878011,-45.35437528220427,6.0,S_1743
2024-05-14 00:30:00,-40.45,19.582504,-54.13444,274.03638,872.2124,0.0028086451,-38.06367400545059,6.0,S_1743
2024-05-14 00:30:01,-40.4,19.580551,-54.078487,274.0084,872.2105,0.0028142212,-31.804784718184237,6.0,S_1743
2024-05-14 00:30:02,-40.350002,19.578598,-54.022533,273.97342,872.2031,0.002824815,-23.89816085532584,6.0,S_1743
2024-05-14 00:30:03,-40.3,19.576645,-53.959587,273.94543,872.1976,0.0028313869,-18.984609498464124,6.0,S_1743
2024-05-14 00:30:04,-40.25,19.574692,-53.903633,273.9105,872.20496,0.002833438,-15.224815977991966,6.0,S_1743
2024-05-14 00:30:05,-40.2,19.572739,-53.854675,273.8825,872.2272,0.0028378696,-7.7044329275377095,6.0,S_1743
2024-05-14 00:30:06,-40.15,19.570786,-53.798725,273.85452,872.2105,0.0028483528,0.9265376964794996,6.0,S_1743
2024-05-14 00:30:07,-40.100002,19.568848,-53.735775,273.81955,872.1161,0.0028564238,7.63233207250596,6.0,S_1743
2024-05-14 00:30:08,-40.05,19.566895,-53.67283,273.79156,872.01605,0.0028578471,12.35889344338284,6.0,S_1743
2024-05-14 00:30:09,-40.0,19.564957,-53.616875,273.7636,871.9901,0.0028632209,0.0,6.0,S_1743
