datetime,mlat,mlt,glat,glon,alt,Ex,pot,cpcp_kV,pass_id
2024-05-12 14:09:26,-40.035107,6.064026,-44.587475,227.56747,861.55414,-0.0004222823,-2.4029403947688874,56.0,S_2070
2024-05-12 14:09:27,-40.092262,6.0648346,-44.636433,227.5465,861.6615,-0.00041464946,-7.177586211847162,56.0,S_2070
2024-05-12 14:09:28,-40.14942,6.0656433,-44.699383,227.52551,861.71893,-0.0003981977,-12.304492398069414,56.0,S_2070
2024-05-12 14:09:29,-40.206585,6.066452,-44.76233,227.50453,861.7078,-0.0003881926,-17.13177416243206,56.0,S_2070
2024-05-12 14:09:30,-40.26375,6.0672607,-44.818283,227.47656,861.67816,-0.00038582124,-21.688206363140168,56.0,S_2070
2024-05-12 14:09:31,-40.32092,6.0680695,-44.874233,227.45558,861.67633,-0.00037458027,-25.846485219811623,56.0,S_2070
2024-05-12 14:09:32,-40.37809,6.068878,-44.92319,227.43459,861.7449,-0.0003602691,-30.015682878006853,56.0,S_2070
2024-05-12 14:09:33,-40.43526,6.069687,-44.979145,227.40662,861.8541,-0.00035128582,-34.61639255390455,56.0,S_2070
2024-05-12 14:09:34,-40.49244,6.070511,-45.04209,227.38564,861.91895,-0.00034764636,-39.37780401740354,56.0,S_2070
2024-05-12 14:09:35,-40.549618,6.0713196,-45.10504,227.36465,861.91895,-0.00033743458,-43.811646487752654,56.0,S_2070
2024-05-12 14:09:36,-40.6068,6.0721436,-45.16099,227.34367,861.88745,-0.0007122684,-50.42137892050101,56.0,S_2070
2024-05-12 14:09:37,-40.663986,6.0729675,-45.216946,227.3227,861.86523,-0.0007036296,-56.97552401817644,56.0,S_2070
2024-05-12 14:09:38,-40.721172,6.0737915,-45.2729,227.3017,861.8967,-0.0007015249,-63.62872440919142,56.0,S_2070
2024-05-12 14:09:39,-40.778362,6.0746155,-45.32885,227.27373,861.99677,-0.00069282745,-70.15885059850152,56.0,S_2070
2024-05-12 14:09:40,-40.835556,6.0754395,-45.384804,227.25275,862.0893,-0.0006751796,-76.63746638184762,56.0,S_2070
2024-05-12 14:09:41,-40.89275,6.0762634,-45.440758,227.22476,862.10785,-0.0006664049,-83.50019448964647,56.0,S_2070
2024-05-12 14:09:42,-40.94995,6.0770874,-45.503704,227.20378,862.0819,-0.0006630142,-90.02619731936221,56.0,S_2070
2024-05-12 14:09:43,-41.007153,6.0779114,-45.559658,227.1828,862.06525,-0.0006541795,-96.25963038396263,56.0,S_2070
2024-05-12 14:09:44,-41.064354,6.0787506,-45.615612,227.16182,862.0893,-0.0006386956,-102.3928862274695,56.0,S_2070
2024-05-12 14:09:45,-41.121563,6.0795746,-45.671562,227.14084,862.1671,-0.00062744995,-108.5536341768248,56.0,S_2070
2024-05-12 14:09:46,-41.178772,6.080414,-45.727516,227.11287,862.2542,-0.00062514073,-114.6461773401721,56.0,S_2070
2024-05-12 14:09:47,-41.235985,6.081238,-45.78347,227.09187,862.29675,-0.00061617326,-121.0987527824241,56.0,S_2070
2024-05-12 14:09:48,-41.2932,6.082077,-45.846416,227.07089,862.2912,-0.00059932016,-127.3081474288181,56.0,S_2070
2024-05-12 14:09:49,-41.350418,6.0829163,-45.90237,227.04292,862.2634,-0.0005879363,-133.15984597016677,56.0,S_2070
2024-05-12 14:09:50,-41.40764,6.0837555,-45.95832,227.02194,862.26154,-0.0005855162,-139.041681332335,56.0,S_2070
2024-05-12 14:09:51,-41.464863,6.0845947,-46.014275,226.99396,862.32825,-0.0005764152,-145.2541967167922,56.0,S_2070
2024-05-12 14:09:52,-41.522087,6.085434,-46.07722,226.97298,862.4375,-0.0005593866,-151.53240158209738,56.0,S_2070
2024-05-12 14:09:53,-41.57932,6.086273,-46.140167,226.952,862.5023,-0.0005489878,-157.32135467149226,56.0,S_2070
2024-05-12 14:09:54,-41.63655,6.0871277,-46.19612,226.93102,862.5023,-0.00054412225,-162.9283896916497,56.0,S_2070
2024-05-12 14:09:55,-41.693783,6.087967,-46.252075,226.90305,862.4708,-0.00053487974,-168.03611946034783,56.0,S_2070
2024-05-12 14:09:56,-41.751022,6.0888214,-46.301033,226.88206,862.4486,-0.00052012247,-173.1675852192158,56.0,S_2070
2024-05-12 14:09:57,-41.80826,6.0896606,-46.356987,226.86107,862.4801,-0.0005108085,-178.9313997265225,56.0,S_2070
2024-05-12 14:09:58,-41.865505,6.090515,-46.419933,226.8331,862.5819,-0.00050460896,-184.8609650400868,56.0,S_2070
2024-05-12 14:09:59,-41.922752,6.0913696,-46.48288,226.81212,862.67456,-0.0004939987,-190.2943681361162,56.0,S_2070
2024-05-12 14:10:00,-41.98,6.092224,-46.538834,226.79114,862.6912,-0.00047785026,-195.0300653392684,56.0,S_2070
2024-05-12 14:10:01,-42.03725,6.0930634,-46.58779,226.77016,862.6671,-0.00046963748,-199.9080006749313,56.0,S_2070
2024-05-12 14:10:02,-42.094505,6.093918,-46.643745,226.74217,862.6468,-0.0004669067,-205.0494228277775,56.0,S_2070
2024-05-12 14:10:03,-42.15176,6.0947723,-46.6997,226.7142,862.67456,-0.00045505306,-210.04229637679444,56.0,S_2070
2024-05-12 14:10:04,-42.209023,6.0956116,-46.75565,226.69322,862.7579,-0.00043874537,-214.95096996768035,56.0,S_2070
2024-05-12 14:10:05,-42.266285,6.096466,-46.811604,226.66524,862.8449,-0.0004291623,-220.1014596993697,56.0,S_2070
2024-05-12 14:10:06,-42.32355,6.0973206,-46.87455,226.64426,862.8653,-0.00042507547,-225.41064910888224,56.0,S_2070
2024-05-12 14:10:07,-42.380817,6.0981903,-46.937496,226.62328,862.85236,-0.00041417638,-230.32849124968604,56.0,S_2070
2024-05-12 14:10:08,-42.438087,6.099045,-46.99345,226.6023,862.9097,-0.00039535225,-234.950196021605,56.0,S_2070
2024-05-12 14:10:09,-42.49536,6.0998993,-47.049404,226.57431,863.0209,-0.00038563123,-239.49526164606718,56.0,S_2070
2024-05-12 14:10:10,-42.55264,6.100769,-47.10536,226.55333,863.082,-0.0003826872,-244.03252433104223,56.0,S_2070
2024-05-12 14:10:11,-42.609917,6.1016235,-47.16131,226.52536,863.07275,-0.00037290686,-248.77693274918826,56.0,S_2070
2024-05-12 14:10:12,-42.6672,6.1024933,-47.224255,226.50438,863.0394,-0.00035265065,-253.35141249438703,56.0,S_2070
2024-05-12 14:10:13,-42.724483,6.103363,-47.28021,226.4764,863.02454,-0.000342793,-257.62016186922733,56.0,S_2070
2024-05-12 14:10:14,-42.781773,6.104233,-47.336163,226.45541,863.0653,-0.00033973667,-261.82255298393284,56.0,S_2070
2024-05-12 14:10:15,-42.83906,6.1051025,-47.392117,226.43443,863.1672,-0.00032982545,-266.01040187374065,56.0,S_2070
2024-05-12 14:10:16,-42.896355,6.1059723,-47.448067,226.40646,863.25793,-0.00040619733,-270.9923231454083,56.0,S_2070
2024-05-12 14:10:17,-42.95365,6.106842,-47.511017,226.38548,863.2764,-0.00039500342,-275.84289890364096,56.0,S_2070
2024-05-12 14:10:18,-43.01095,6.107727,-47.566967,226.3575,863.25055,-0.00039192,-280.42526392160653,56.0,S_2070
2024-05-12 14:10:19,-43.06825,6.108597,-47.62292,226.33652,863.22833,-0.0003819441,-284.9540507681412,56.0,S_2070
2024-05-12 14:10:20,-43.125553,6.109482,-47.678875,226.30853,863.25793,-0.00036505127,-289.3633241099171,56.0,S_2070
2024-05-12 14:10:21,-43.18286,6.110367,-47.734825,226.28755,863.3579,-0.00035264733,-293.6986039072807,56.0,S_2070
2024-05-12 14:10:22,-43.24017,6.111252,-47.79078,226.25958,863.4524,-0.0003494618,-298.0072689282931,56.0,S_2070
2024-05-12 14:10:23,-43.297485,6.112137,-47.846733,226.2386,863.48206,-0.0003393512,-302.2546753061858,56.0,S_2070
2024-05-12 14:10:24,-43.354797,6.113022,-47.902687,226.21062,863.4617,-0.000322297,-306.3883845706147,56.0,S_2070
2024-05-12 14:10:25,-43.412117,6.113907,-47.958637,226.18964,863.4302,-0.00030975713,-310.6701130356168,56.0,S_2070
2024-05-12 14:10:26,-43.469437,6.114792,-48.021584,226.16167,863.4283,-0.00030515704,-314.9282006259762,56.0,S_2070
2024-05-12 14:10:27,-43.52676,6.115692,-48.077538,226.14069,863.49866,-0.0002949161,-318.8823550704459,56.0,S_2070
2024-05-12 14:10:28,-43.584087,6.116577,-48.13349,226.1127,863.608,-0.00018125463,-322.1100650331174,56.0,S_2070
2024-05-12 14:10:29,-43.64142,6.1174774,-48.189445,226.09172,863.6635,-0.00016849978,-325.3589432767628,56.0,S_2070
2024-05-12 14:10:30,-43.69875,6.1183777,-48.25239,226.06375,863.65424,-0.0001637125,-328.70838256364163,56.0,S_2070
2024-05-12 14:10:31,-43.756084,6.119278,-48.308346,226.04277,863.6283,-0.00015325526,-331.73169396175183,56.0,S_2070
2024-05-12 14:10:32,-43.81342,6.120178,-48.364296,226.01479,863.6283,-0.00023253827,-335.32073403541114,56.0,S_2070
2024-05-12 14:10:33,-43.87076,6.1210785,-48.42025,225.98682,863.6802,-0.00021972282,-338.79373033112574,56.0,S_2070
2024-05-12 14:10:34,-43.928104,6.1219788,-48.476204,225.96584,863.7691,-0.00060831354,-344.80002877846084,56.0,S_2070
2024-05-12 14:10:35,-43.98545,6.1228943,-48.532154,225.93785,863.8413,-0.00059822935,-350.7857399708034,56.0,S_2070
2024-05-12 14:10:36,-44.042797,6.1237946,-48.588108,225.90988,863.85614,-0.0005811118,-356.57533669392,56.0,S_2070
2024-05-12 14:10:37,-44.10015,6.12471,-48.644062,225.8889,863.8339,-0.0005685903,-362.7416919183437,56.0,S_2070
2024-05-12 14:10:38,-44.157505,6.1256104,-48.70701,225.86092,863.8117,-0.00056407385,-368.65596638274803,56.0,S_2070
2024-05-12 14:10:39,-44.21486,6.126526,-48.762962,225.83994,863.8432,-0.00055385113,-374.30227076046174,56.0,S_2070
2024-05-12 14:10:40,-44.27222,6.1274414,-48.818913,225.81195,863.9487,-0.00053656707,-379.80451707440375,56.0,S_2070
2024-05-12 14:10:41,-44.329582,6.128357,-48.874866,225.79097,864.0358,-0.000526272,-385.26901605441446,56.0,S_2070
2024-05-12 14:10:42,-44.386948,6.1292877,-48.93082,225.763,864.0358,-0.00052061985,-390.7421417558429,56.0,S_2070
2024-05-12 14:10:43,-44.444317,6.1302032,-48.986774,225.73502,864.0191,-0.0005102625,-396.5258383840623,56.0,S_2070
2024-05-12 14:10:44,-44.501686,6.131119,-49.04972,225.70705,864.07837,-0.00049146375,-402.34427395866277,56.0,S_2070
2024-05-12 14:10:45,-44.55906,6.1320496,-49.112667,225.68607,864.19135,-0.00047967373,-407.6683723852367,56.0,S_2070
2024-05-12 14:10:46,-44.616436,6.132965,-49.16862,225.66508,864.24695,-0.00018146817,-410.8718870349089,56.0,S_2070
2024-05-12 14:10:47,-44.673817,6.133896,-49.22457,225.6371,864.23395,-0.00017062726,-413.92466318673365,56.0,S_2070
2024-05-12 14:10:48,-44.731197,6.1348267,-49.273533,225.60913,864.22284,-0.0001540303,-416.7592492160993,56.0,S_2070
2024-05-12 14:10:49,-44.78858,6.1357574,-49.329483,225.58115,864.2284,-0.00014075192,-419.8458081198777,56.0,S_2070
2024-05-12 14:10:50,-44.84597,6.136688,-49.392433,225.55318,864.2172,-3.0428579e-05,-422.33546025265355,56.0,S_2070
2024-05-12 14:10:51,-44.903362,6.1376343,-49.448383,225.5322,864.21356,-1.9373721e-05,-424.4904790290694,56.0,S_2070
2024-05-12 14:10:52,-44.960754,6.138565,-49.51133,225.50421,864.26733,0.00042853737,-424.0391402483328,56.0,S_2070
2024-05-12 14:10:53,-45.01815,6.139496,-49.567284,225.48323,864.36176,0.00044012116,-423.17233878086853,56.0,S_2070
2024-05-12 14:10:54,-45.075546,6.140442,-49.623238,225.45526,864.42285,0.0004469799,-422.30640689390134,56.0,S_2070
2024-05-12 14:10:55,-45.13295,6.141388,-49.67919,225.42728,864.4136,0.000458623,-421.36480993664173,56.0,S_2070
2024-05-12 14:10:56,-45.190353,6.142334,-49.73514,225.3993,864.4247,0.00047744115,-420.6505092446122,56.0,S_2070
2024-05-12 14:10:57,-45.24776,6.143265,-49.784103,225.37132,864.5229,0.00049014075,-419.335747693902,56.0,S_2070
2024-05-12 14:10:58,-45.305172,6.144226,-49.840054,225.35034,864.621,0.0004947297,-417.7435280939176,56.0,S_2070
2024-05-12 14:10:59,-45.362583,6.145172,-49.903004,225.32237,864.64136,0.000507893,-416.3359736427774,56.0,S_2070
2024-05-12 14:11:00,-45.42,6.146118,-49.96595,225.29439,864.61176,9.630964e-05,-417.9982687041012,56.0,S_2070
2024-05-12 14:11:01,-45.477497,6.1470795,-50.0219,225.26642,864.584,0.00011007843,-419.33582406682996,56.0,S_2070
2024-05-12 14:11:02,-45.535,6.148041,-50.077854,225.23843,864.59326,0.00011432293,-420.66120534427614,56.0,S_2070
2024-05-12 14:11:03,-45.5925,6.149002,-50.13381,225.21745,864.6692,0.00012577762,-421.850111447293,56.0,S_2070
2024-05-12 14:11:04,-45.649998,6.1499634,-50.189762,225.18948,864.77655,0.00014446556,-422.98205969220896,56.0,S_2070
2024-05-12 14:11:05,-45.707497,6.1509247,-50.245712,225.1685,864.83215,0.0001583703,-423.8395713919941,56.0,S_2070
2024-05-12 14:11:06,-45.765,6.1519012,-50.30866,225.14052,864.8229,-0.00024156112,-427.70885962815504,56.0,S_2070
2024-05-12 14:11:07,-45.8225,6.1528625,-50.364613,225.11255,864.7933,-0.0002303895,-431.27059232518707,56.0,S_2070
2024-05-12 14:11:08,-45.879997,6.153839,-50.420567,225.08456,864.7914,-0.0006475271,-437.5577098325775,56.0,S_2070
2024-05-12 14:11:09,-45.9375,6.1548004,-50.47652,225.0566,864.8599,-0.00063435594,-443.6732827717017,56.0,S_2070
2024-05-12 14:11:10,-45.995,6.155777,-50.53247,225.03561,864.9692,-0.00063076796,-449.33937940473083,56.0,S_2070
2024-05-12 14:11:11,-46.052498,6.1567535,-50.581432,225.00763,865.03217,-0.0006213364,-455.6824680513291,56.0,S_2070
2024-05-12 14:11:12,-46.109997,6.15773,-50.64438,224.97966,865.03217,-0.0006017671,-462.0020802768322,56.0,S_2070
2024-05-12 14:11:13,-46.1675,6.1587067,-50.700333,224.94469,865.0025,-0.00058845803,-468.38437424215516,56.0,S_2070
2024-05-12 14:11:14,-46.225,6.159683,-50.76328,224.91672,864.9803,-0.00058333017,-474.40503668727524,56.0,S_2070
2024-05-12 14:11:15,-46.282497,6.16066,-50.81923,224.89572,865.00995,-0.00057233614,-480.15054997961556,56.0,S_2070
2024-05-12 14:11:16,-46.34,6.1616516,-50.875183,224.86775,865.1118,-0.00055164413,-485.7338147960126,56.0,S_2070
2024-05-12 14:11:17,-46.3975,6.162628,-50.931137,224.84677,865.20435,-0.000540576,-491.27101229336097,56.0,S_2070
2024-05-12 14:11:18,-46.454998,6.16362,-50.98709,224.81879,865.22296,-0.0005367725,-496.8280929512871,56.0,S_2070
2024-05-12 14:11:19,-46.512497,6.1645966,-51.04304,224.79082,865.197,-0.0005256433,-502.31191353429153,56.0,S_2070
2024-05-12 14:11:20,-46.57,6.1655884,-51.098995,224.76285,865.1692,-6.385063e-05,-504.781396468066,56.0,S_2070
2024-05-12 14:11:21,-46.6275,6.16658,-51.15495,224.73486,865.17664,-5.220095e-05,-507.1746117569775,56.0,S_2070
2024-05-12 14:11:22,-46.684998,6.167572,-51.2109,224.7069,865.25256,-4.784594e-05,-509.5746367213392,56.0,S_2070
2024-05-12 14:11:23,-46.7425,6.168564,-51.27385,224.67891,865.3599,-3.4681812e-05,-512.0866995411205,56.0,S_2070
2024-05-12 14:11:24,-46.8,6.1695557,-51.3298,224.65094,865.4155,-1.3213692e-05,-514.2244368694738,56.0,S_2070
2024-05-12 14:11:25,-46.8575,6.1705627,-51.385754,224.62296,865.40625,-1.4300458e-06,-516.2852536748891,56.0,S_2070
2024-05-12 14:11:26,-46.914997,6.1715546,-51.441708,224.59499,865.37665,0.00041705978,-515.6159727660033,56.0,S_2070
2024-05-12 14:11:27,-46.9725,6.1725464,-51.49766,224.567,865.37476,0.0004317008,-514.85161367648,56.0,S_2070
2024-05-12 14:11:28,-47.03,6.1735535,-51.55361,224.53903,865.4433,0.00045135818,-513.6215961611247,56.0,S_2070
2024-05-12 14:11:29,-47.087498,6.1745605,-51.616558,224.51105,865.55255,0.00046516,-512.8723816640917,56.0,S_2070
2024-05-12 14:11:30,-47.144997,6.1755676,-51.672512,224.48308,865.6174,0.0004701443,-511.856984808759,56.0,S_2070
2024-05-12 14:11:31,-47.2025,6.1765594,-51.728466,224.4551,865.61554,0.00048491993,-510.7455383989164,56.0,S_2070
2024-05-12 14:11:32,-47.26,6.1775665,-51.78442,224.42712,865.58594,0.0005047391,-509.50488604511236,56.0,S_2070
2024-05-12 14:11:33,-47.317497,6.1785736,-51.84037,224.39914,865.56366,0.0005172033,-508.1829680404402,56.0,S_2070
2024-05-12 14:11:34,-47.375,6.179596,-51.896324,224.37117,865.5952,0.00010735917,-509.5321737632138,56.0,S_2070
2024-05-12 14:11:35,-47.4325,6.180603,-51.95228,224.3432,865.697,0.00011947079,-510.80225463043035,56.0,S_2070
2024-05-12 14:11:36,-47.489998,6.18161,-52.00823,224.31522,865.7877,0.00013903892,-511.8406423373195,56.0,S_2070
2024-05-12 14:11:37,-47.547497,6.1826324,-52.07118,224.28725,865.80634,0.00015271828,-513.1270405756527,56.0,S_2070
2024-05-12 14:11:38,-47.605,6.1836395,-52.12713,224.25926,865.7804,0.00015989158,-514.1331161408826,56.0,S_2070
2024-05-12 14:11:39,-47.6625,6.184662,-52.183083,224.2313,865.7637,0.0001721379,-515.0592133307787,56.0,S_2070
2024-05-12 14:11:40,-47.719997,6.185684,-52.239037,224.20331,865.7877,-0.00015606519,-518.1229495635622,56.0,S_2070
2024-05-12 14:11:41,-47.7775,6.1867065,-52.29499,224.17534,865.86554,-0.00014171725,-521.0927410550021,56.0,S_2070
2024-05-12 14:11:42,-47.835,6.187729,-52.35094,224.14735,865.95264,-0.00013719227,-524.0539561180258,56.0,S_2070
2024-05-12 14:11:43,-47.892498,6.188751,-52.406895,224.11238,865.9952,-0.00012517706,-526.9607478042798,56.0,S_2070
2024-05-12 14:11:44,-47.949997,6.1897736,-52.46285,224.08441,865.9878,-0.00010325639,-529.6789381888265,56.0,S_2070
2024-05-12 14:11:45,-48.0075,6.190796,-52.5188,224.05644,865.96185,-9.116696e-05,-532.3180066285997,56.0,S_2070
2024-05-12 14:11:46,-48.065,6.1918335,-52.574753,224.02846,865.96,-8.653509e-05,-534.9267685517834,56.0,S_2070
2024-05-12 14:11:47,-48.122498,6.192856,-52.630707,224.00049,866.02856,-7.438654e-05,-537.5219038090802,56.0,S_2070
2024-05-12 14:11:48,-48.18,6.1938934,-52.693653,223.96552,866.1359,-0.00015318606,-540.8419242229224,56.0,S_2070
2024-05-12 14:11:49,-48.2375,6.194931,-52.749607,223.93753,866.20074,-0.00014103341,-543.8041508696163,56.0,S_2070
2024-05-12 14:11:50,-48.295,6.1959534,-52.805557,223.90956,866.20074,-0.00013636547,-546.7354827954492,56.0,S_2070
2024-05-12 14:11:51,-48.352497,6.196991,-52.86151,223.88158,866.1693,-0.000121757505,-549.5715686939548,56.0,S_2070
2024-05-12 14:11:52,-48.41,6.1980286,-52.917465,223.8536,866.14703,0.00045568342,-548.5817089639536,56.0,S_2070
2024-05-12 14:11:53,-48.4675,6.199066,-52.97342,223.81863,866.1786,0.0004684736,-547.6231919509137,56.0,S_2070
2024-05-12 14:11:54,-48.524998,6.200119,-53.02937,223.79066,866.28046,0.00047614676,-546.5689095889865,56.0,S_2070
2024-05-12 14:11:55,-48.5825,6.2011566,-53.085323,223.76268,866.373,0.0004889957,-545.4314299182473,56.0,S_2070
2024-05-12 14:11:56,-48.64,6.202194,-53.141277,223.73471,866.3897,0.00050943653,-543.7793313769507,56.0,S_2070
2024-05-12 14:11:57,-48.6975,6.203247,-53.204224,223.70673,866.3656,0.000523902,-542.647485866844,56.0,S_2070
2024-05-12 14:11:58,-48.754997,6.2042847,-53.260178,223.67876,866.34705,0.0009587365,-538.3133576492289,56.0,S_2070
2024-05-12 14:11:59,-48.8125,6.2053375,-53.316128,223.64378,866.37115,0.0009721201,-534.0799593611134,56.0,S_2070
2024-05-12 14:12:00,-48.87,6.2063904,-53.37208,223.6158,866.4489,0.00088985416,-530.336838478017,56.0,S_2070
2024-05-12 14:12:01,-48.927418,6.207428,-53.428036,223.58783,866.536,0.0009056384,-526.3572509919073,56.0,S_2070
2024-05-12 14:12:02,-48.984837,6.208481,-53.48399,223.55286,866.58044,0.00091145333,-522.5197936652689,56.0,S_2070
2024-05-12 14:12:03,-49.042263,6.2095337,-53.53994,223.52489,866.573,0.00092489383,-518.5492209006752,56.0,S_2070
2024-05-12 14:12:04,-49.09969,6.2105865,-53.595894,223.4969,866.5471,0.00094838475,-514.287472085182,56.0,S_2070
2024-05-12 14:12:05,-49.157116,6.211624,-53.651848,223.46193,866.5434,0.00096189766,-510.1230533554229,56.0,S_2070
2024-05-12 14:12:06,-49.21455,6.2126923,-53.707798,223.43396,866.61194,0.0009678139,-505.1485894567512,56.0,S_2070
2024-05-12 14:12:07,-49.271984,6.213745,-53.77075,223.40598,866.7212,0.0009829568,-500.8923003818106,56.0,S_2070
2024-05-12 14:12:08,-49.329422,6.214798,-53.8267,223.37102,866.7841,0.001110452,-495.7629391332094,56.0,S_2070
2024-05-12 14:12:09,-49.38686,6.215851,-53.882652,223.34303,866.7841,0.0011241673,-490.337331527419,56.0,S_2070
2024-05-12 14:12:10,-49.444305,6.216919,-53.938606,223.30806,866.7545,0.0007008123,-487.86931929433354,56.0,S_2070
2024-05-12 14:12:11,-49.50175,6.217972,-53.99456,223.28009,866.7304,0.0007141876,-485.26946758889545,56.0,S_2070
2024-05-12 14:12:12,-49.5592,6.21904,-54.05051,223.2521,866.76196,0.00027171173,-485.5033569437172,56.0,S_2070
2024-05-12 14:12:13,-49.61665,6.220108,-54.106464,223.21715,866.86383,0.00028473252,-485.736552845774,56.0,S_2070
2024-05-12 14:12:14,-49.674107,6.221176,-54.16242,223.18916,866.95636,0.00029251393,-485.87431718888695,56.0,S_2070
2024-05-12 14:12:15,-49.731564,6.2222443,-54.21837,223.1612,866.9731,0.0003055951,-485.65807818440715,56.0,S_2070
2024-05-12 14:12:16,-49.78902,6.2233124,-54.28132,223.12622,866.949,0.000327998,-485.84218180860137,56.0,S_2070
2024-05-12 14:12:17,-49.846485,6.2243958,-54.33727,223.09824,866.9323,0.00034356222,-485.5992994053695,56.0,S_2070
2024-05-12 14:12:18,-49.90395,6.225464,-54.393223,223.06328,866.95636,-8.598018e-05,-488.237054918978,56.0,S_2070
2024-05-12 14:12:19,-49.96142,6.2265472,-54.449177,223.0353,867.0342,-7.315821e-05,-490.7566309448291,56.0,S_2070
2024-05-12 14:12:20,-50.018887,6.2276154,-54.505127,223.00032,867.1212,-5.017512e-05,-493.16123106344185,56.0,S_2070
2024-05-12 14:12:21,-50.076363,6.2286987,-54.56108,222.97235,867.1638,-3.7281658e-05,-495.4368930446451,56.0,S_2070
2024-05-12 14:12:22,-50.13384,6.229782,-54.617035,222.94437,867.1564,8.023974e-05,-496.9387958639321,56.0,S_2070
2024-05-12 14:12:23,-50.19132,6.2308655,-54.67299,222.9094,867.1305,9.567934e-05,-498.45256270457173,56.0,S_2070
2024-05-12 14:12:24,-50.2488,6.231949,-54.721947,222.87444,867.1268,0.00011487135,-499.46736194864025,56.0,S_2070
2024-05-12 14:12:25,-50.306286,6.233032,-54.784893,222.84645,867.19714,0.00012958806,-500.79377305130106,56.0,S_2070
2024-05-12 14:12:26,-50.363773,6.234131,-54.84784,222.81848,867.30646,0.00013658247,-502.15286442970154,56.0,S_2070
2024-05-12 14:12:27,-50.42126,6.235214,-54.903793,222.78351,867.36383,0.00015215797,-503.22200510625544,56.0,S_2070
2024-05-12 14:12:28,-50.478756,6.236313,-54.959747,222.74854,867.35455,0.0001731262,-504.17606521567427,56.0,S_2070
2024-05-12 14:12:29,-50.53625,6.2374115,-55.015697,222.72057,867.3212,0.00018877308,-504.95735699059594,56.0,S_2070
2024-05-12 14:12:30,-50.59375,6.238495,-55.07165,222.6856,867.30646,0.00019425432,-505.7738256806739,56.0,S_2070
2024-05-12 14:12:31,-50.651253,6.2395935,-55.127605,222.65761,867.34717,0.0002075475,-506.43075471516477,56.0,S_2070
2024-05-12 14:12:32,-50.708755,6.2407074,-55.18356,222.62263,867.449,0.00023108907,-506.97672095518254,56.0,S_2070
2024-05-12 14:12:33,-50.766262,6.241806,-55.23951,222.58768,867.53973,0.00024445495,-507.64894975196387,56.0,S_2070
2024-05-12 14:12:34,-50.823772,6.2429047,-55.28847,222.5597,867.55646,0.00013517065,-508.552953523905,56.0,S_2070
2024-05-12 14:12:35,-50.881283,6.2440033,-55.34442,222.52472,867.53235,0.00015093392,-509.6283042319557,56.0,S_2070
2024-05-12 14:12:36,-50.9388,6.245117,-55.400375,222.48976,867.5157,0.0001721415,-510.5863685647276,56.0,S_2070
2024-05-12 14:12:37,-50.99632,6.246231,-55.45633,222.46178,867.53973,0.00018555907,-511.38769239492643,56.0,S_2070
2024-05-12 14:12:38,-51.053837,6.2473297,-55.51228,222.4268,867.61755,0.00019359,-512.1803058227202,56.0,S_2070
2024-05-12 14:12:39,-51.111362,6.2484436,-55.568233,222.39183,867.70465,0.00020706822,-512.7557326040061,56.0,S_2070
2024-05-12 14:12:40,-51.168888,6.2495575,-55.63118,222.36386,867.7472,-0.00024519063,-516.8148076006592,56.0,S_2070
2024-05-12 14:12:41,-51.226418,6.2506714,-55.69413,222.32889,867.7398,-0.0002279724,-520.6230303195878,56.0,S_2070
2024-05-12 14:12:42,-51.28395,6.2518005,-55.75008,222.29391,867.71387,-0.0002226601,-524.1644698573448,56.0,S_2070
2024-05-12 14:12:43,-51.341484,6.2529144,-55.806034,222.25894,867.712,-0.00020945733,-527.4342225829929,56.0,S_2070
2024-05-12 14:12:44,-51.39902,6.2540436,-55.854992,222.23097,867.7805,-0.00018759372,-530.4673876154783,56.0,S_2070
2024-05-12 14:12:45,-51.456562,6.2551575,-55.910946,222.196,867.88983,-0.00017432099,-533.6879702089607,56.0,S_2070
2024-05-12 14:12:46,-51.514107,6.2562866,-55.9669,222.16103,867.9472,-0.00016648603,-536.834307053975,56.0,S_2070
2024-05-12 14:12:47,-51.57165,6.257416,-56.02285,222.13306,867.9379,-0.00015315399,-539.8691306989418,56.0,S_2070
2024-05-12 14:12:48,-51.6292,6.258545,-56.078804,222.09808,867.9046,-0.00013188741,-542.8078889524423,56.0,S_2070
2024-05-12 14:12:49,-51.686752,6.259674,-56.134758,222.06311,867.8916,-0.00011606079,-545.6416599552426,56.0,S_2070
2024-05-12 14:12:50,-51.744305,6.260803,-56.190712,222.02814,867.93054,-0.00011054221,-548.438408936009,56.0,S_2070
2024-05-12 14:12:51,-51.80186,6.2619324,-56.246662,221.99318,868.03424,-9.707983e-05,-551.1456729733694,56.0,S_2070
2024-05-12 14:12:52,-51.85942,6.263077,-56.302616,221.9582,868.1231,0.00040696288,-550.2267386646276,56.0,S_2070
2024-05-12 14:12:53,-51.916985,6.264206,-56.365562,221.92323,868.14166,0.00042259524,-549.790478114144,56.0,S_2070
2024-05-12 14:12:54,-51.97455,6.2653503,-56.421516,221.89525,868.11755,0.00087756873,-546.0251543537679,56.0,S_2070
2024-05-12 14:12:55,-52.032116,6.2664795,-56.47747,221.86029,868.09906,0.0008943728,-542.1940129828731,56.0,S_2070
2024-05-12 14:12:56,-52.089687,6.267624,-56.53342,221.82532,868.1231,0.0009167404,-538.215484297572,56.0,S_2070
2024-05-12 14:12:57,-52.147263,6.2687683,-56.589375,221.79034,868.2028,0.00093118934,-534.1423157880913,56.0,S_2070
2024-05-12 14:12:58,-52.204838,6.2699127,-56.64533,221.75537,868.2898,0.0009401289,-530.0110909956373,56.0,S_2070
2024-05-12 14:12:59,-52.262417,6.2710724,-56.70128,221.7204,868.3269,0.000954636,-525.784256748878,56.0,S_2070
2024-05-12 14:13:00,-52.32,6.272217,-56.757233,221.68542,868.31946,0.0014630132,-518.2091996775234,56.0,S_2070
2024-05-12 14:13:01,-52.377502,6.2733,-56.813187,221.65047,868.3139,0.0014779979,-510.7215632269227,56.0,S_2070
2024-05-12 14:13:02,-52.43501,6.2743835,-56.86914,221.62248,868.31573,0.001936979,-499.98273893041346,56.0,S_2070
2024-05-12 14:13:03,-52.492523,6.275467,-56.92509,221.58751,868.3028,0.0019548237,-488.8791579351034,56.0,S_2070
2024-05-12 14:13:04,-52.550045,6.2765503,-56.981045,221.54555,868.29724,0.0024633277,-476.56888416235677,56.0,S_2070
2024-05-12 14:13:05,-52.60757,6.277649,-57.030003,221.51057,868.36206,0.002477491,-462.0895497558064,56.0,S_2070
2024-05-12 14:13:06,-52.6651,6.2787476,-57.085957,221.4756,868.4713,0.0029412825,-444.7900735071285,56.0,S_2070
2024-05-12 14:13:07,-52.722637,6.2798615,-57.14191,221.44064,868.53613,0.0029575946,-425.19111333444926,56.0,S_2070
2024-05-12 14:13:08,-52.780178,6.28096,-57.204857,221.40567,868.53613,0.003364805,-405.33858403489484,56.0,S_2070
2024-05-12 14:13:09,-52.837723,6.282074,-57.26081,221.3707,868.5047,0.0033815182,-387.6269185984964,56.0,S_2070
2024-05-12 14:13:10,-52.89528,6.283203,-57.30977,221.33572,868.4824,0.0038434474,-364.1716033680589,56.0,S_2070
2024-05-12 14:13:11,-52.952835,6.284317,-57.365723,221.30075,868.5139,0.003863015,-337.95370279922224,56.0,S_2070
2024-05-12 14:13:12,-53.0104,6.285446,-57.42867,221.26578,868.6157,0.003889973,-311.7721925143487,56.0,S_2070
2024-05-12 14:13:13,-53.06797,6.2865753,-57.491615,221.23082,868.7084,0.0039089154,-288.35601696480717,56.0,S_2070
2024-05-12 14:13:14,-53.125546,6.2877045,-57.54757,221.19585,868.72687,0.0039205137,-266.87553882694715,56.0,S_2070
2024-05-12 14:13:15,-53.183125,6.288849,-57.596527,221.15388,868.701,0.003936018,-242.87297478579632,56.0,S_2070
2024-05-12 14:13:16,-53.24071,6.2899933,-57.65248,221.11891,868.6732,0.0039638113,-215.932328581258,56.0,S_2070
2024-05-12 14:13:17,-53.2983,6.2911377,-57.715427,221.08394,868.6806,0.0039828764,-192.04324851592088,56.0,S_2070
2024-05-12 14:13:18,-53.3559,6.292282,-57.77138,221.04897,868.7565,0.003992126,-167.8692009571081,56.0,S_2070
2024-05-12 14:13:19,-53.4135,6.293442,-57.82733,221.01399,868.86395,0.0040119276,-146.51016873298227,56.0,S_2070
2024-05-12 14:13:20,-53.47111,6.2946014,-57.876293,220.97902,868.9195,0.0035442295,-124.5507313932485,56.0,S_2070
2024-05-12 14:13:21,-53.528725,6.295761,-57.932243,220.93706,868.9103,0.0035636965,-103.24268429105899,56.0,S_2070
2024-05-12 14:13:22,-53.586346,6.296936,-57.988197,220.90208,868.8806,0.0026538176,-87.86924365142778,56.0,S_2070
2024-05-12 14:13:23,-53.64397,6.298111,-58.04415,220.86713,868.8787,0.0026701638,-72.3907792959676,56.0,S_2070
2024-05-12 14:13:24,-53.7016,6.299286,-58.1001,220.83215,868.9491,0.0022040978,-59.66285764840461,56.0,S_2070
2024-05-12 14:13:25,-53.759235,6.300461,-58.156055,220.79019,869.0584,0.0022201173,-47.18581638307171,56.0,S_2070
2024-05-12 14:13:26,-53.816875,6.301651,-58.21201,220.75522,869.1158,0.0017671474,-37.63906285782434,56.0,S_2070
2024-05-12 14:13:27,-53.874523,6.302841,-58.267963,220.72025,869.1102,0.0017852936,-27.975160394963893,56.0,S_2070
2024-05-12 14:13:28,-53.93218,6.3040314,-58.323914,220.68527,869.09174,0.00096229615,-23.577567300190708,56.0,S_2070
2024-05-12 14:13:29,-53.989834,6.3052216,-58.379868,220.64331,869.0936,0.0009798196,-19.24346256443198,56.0,S_2070
2024-05-12 14:13:30,-54.0475,6.306427,-58.43582,220.60834,869.09174,0.00014631166,-20.312547750792135,56.0,S_2070
2024-05-12 14:13:31,-54.105167,6.3076324,-58.491776,220.56638,869.07324,0.00016320977,-21.213272554415425,56.0,S_2070
2024-05-12 14:13:32,-54.16284,6.308838,-58.55472,220.5314,869.0973,-0.00030846783,-25.554468208964977,56.0,S_2070
2024-05-12 14:13:33,-54.220524,6.3100586,-58.610672,220.48944,869.1973,-0.00029432715,-29.575451773572297,56.0,S_2070
2024-05-12 14:13:34,-54.27821,6.3112793,-58.666626,220.45447,869.29175,-0.00028590465,-33.28605099155925,56.0,S_2070
2024-05-12 14:13:35,-54.335903,6.3125,-58.715584,220.4195,869.31213,-0.0002735043,-36.8967801086352,56.0,S_2070
2024-05-12 14:13:36,-54.3936,6.3137207,-58.771538,220.38452,869.28436,-0.00025107205,-40.805756553000606,56.0,S_2070
2024-05-12 14:13:37,-54.4513,6.3149567,-58.834484,220.34256,869.2566,-0.00023256078,-44.678490218643105,56.0,S_2070
2024-05-12 14:13:38,-54.50901,6.3161926,-58.890438,220.3006,869.264,-0.00022647587,-48.251017241736974,56.0,S_2070
2024-05-12 14:13:39,-54.566723,6.3174286,-58.946392,220.26562,869.33997,-0.00020970473,-51.69708357366278,56.0,S_2070
2024-05-12 14:13:40,-54.624443,6.31868,-59.002342,220.22366,869.44916,0.00042214288,-51.33077510447765,56.0,S_2070
2024-05-12 14:13:41,-54.682167,6.319931,-59.051304,220.18869,869.50287,0.00043761774,-50.22206258829999,56.0,S_2070
2024-05-12 14:13:42,-54.7399,6.3211823,-59.107254,220.14673,869.49365,0.0004442481,-49.39983360687603,56.0,S_2070
2024-05-12 14:13:43,-54.797634,6.3224335,-59.163208,220.11176,869.4677,0.00045914509,-48.37515356408994,56.0,S_2070
2024-05-12 14:13:44,-54.855377,6.3237,-59.219162,220.0698,869.4659,0.0004847686,-47.28755136764221,56.0,S_2070
2024-05-12 14:13:45,-54.913124,6.3249664,-59.275116,220.03482,869.5214,0.0004997331,-45.99224661704653,56.0,S_2070
2024-05-12 14:13:46,-54.970875,6.326233,-59.331066,219.99286,869.6121,0.00050891173,-44.67936559751786,56.0,S_2070
2024-05-12 14:13:47,-55.028637,6.3274994,-59.38702,219.9509,869.67883,0.00052393175,-43.335228626708385,56.0,S_2070
2024-05-12 14:13:48,-55.0864,6.328781,-59.442974,219.91592,869.68805,4.498838e-05,-45.074561038957654,56.0,S_2070
2024-05-12 14:13:49,-55.14417,6.330063,-59.498924,219.87396,869.6751,6.214611e-05,-46.75074256211707,56.0,S_2070
2024-05-12 14:13:50,-55.201942,6.33136,-59.55488,219.83899,869.67883,-0.0002823389,-50.67240029065175,56.0,S_2070
2024-05-12 14:13:51,-55.259724,6.3326416,-59.610832,219.79703,869.6751,-0.000265412,-54.52412825109161,56.0,S_2070
2024-05-12 14:13:52,-55.31751,6.3339386,-59.666786,219.75505,869.65845,-0.001216583,-64.55918497410704,56.0,S_2070
2024-05-12 14:13:53,-55.3753,6.3352356,-59.722736,219.72008,869.68066,-0.0012003146,-73.73035986644976,56.0,S_2070
2024-05-12 14:13:54,-55.433098,6.336548,-59.771698,219.67812,869.7788,-0.0018199662,-87.71242774295376,56.0,S_2070
2024-05-12 14:13:55,-55.490902,6.337845,-59.82765,219.63615,869.877,-0.0018040795,-101.81332963560129,56.0,S_2070
2024-05-12 14:13:56,-55.54871,6.339157,-59.883602,219.5942,869.9047,-0.0012769996,-113.33735013204,56.0,S_2070
2024-05-12 14:13:57,-55.606525,6.3404846,-59.94655,219.55223,869.8844,-0.0012612651,-124.04375980940762,56.0,S_2070
2024-05-12 14:13:58,-55.664345,6.341797,-60.002502,219.51025,869.85297,-0.0011341628,-132.69177156249623,56.0,S_2070
2024-05-12 14:13:59,-55.722168,6.3431244,-60.05146,219.4753,869.8511,-0.0011220126,-141.96904426676258,56.0,S_2070
2024-05-12 14:14:00,-55.78,6.344452,-60.107414,219.43332,869.92334,-0.0016039565,-154.7229454144442,56.0,S_2070
2024-05-12 14:14:01,-55.837917,6.345764,-60.16337,219.39136,870.0326,-0.0015902625,-167.3822381172469,56.0,S_2070
2024-05-12 14:14:02,-55.895836,6.3470764,-60.21932,219.3494,870.0844,-0.0017017598,-180.7812363682935,56.0,S_2070
2024-05-12 14:14:03,-55.953762,6.348404,-60.275272,219.30743,870.0733,-0.0016880705,-194.0864092971001,56.0,S_2070
2024-05-12 14:14:04,-56.01169,6.3497314,-60.331226,219.26547,870.0622,-0.0011552415,-203.84494895486506,56.0,S_2070
2024-05-12 14:14:05,-56.06962,6.351059,-60.38718,219.2235,870.06775,-0.0011411053,-213.50663611244613,56.0,S_2070
2024-05-12 14:14:06,-56.12755,6.3524017,-60.44313,219.18153,870.0641,-0.0011328621,-222.9717016893449,56.0,S_2070
2024-05-12 14:14:07,-56.185482,6.3537445,-60.499084,219.14656,870.0455,-0.0011186664,-232.43673114213965,56.0,S_2070
2024-05-12 14:14:08,-56.24342,6.3550873,-60.55504,219.1046,870.0714,-0.0016058132,-245.40855643146688,56.0,S_2070
2024-05-12 14:14:09,-56.30136,6.3564453,-60.61099,219.05565,870.17145,-0.0015894593,-258.08524878116884,56.0,S_2070
2024-05-12 14:14:10,-56.359303,6.3578033,-60.666943,219.01367,870.2659,-0.0014641001,-268.82029536392673,56.0,S_2070
2024-05-12 14:14:11,-56.41725,6.3591614,-60.7159,218.97171,870.2826,-0.0014495074,-280.2922064337963,56.0,S_2070
2024-05-12 14:14:12,-56.475197,6.3605347,-60.771854,218.92975,870.2585,-0.0009157969,-288.44329358874086,56.0,S_2070
2024-05-12 14:14:13,-56.53315,6.3618927,-60.82781,218.88779,870.24,-0.0008988817,-296.48022931259663,56.0,S_2070
2024-05-12 14:14:14,-56.591103,6.3632812,-60.883762,218.84583,870.26404,-0.00041497278,-301.3029143442683,56.0,S_2070
2024-05-12 14:14:15,-56.64906,6.3646545,-60.939713,218.80385,870.3437,-0.0003976564,-306.0095102602055,56.0,S_2070
2024-05-12 14:14:16,-56.70702,6.366043,-60.995667,218.76189,870.4307,0.00013838182,-307.1579454821071,56.0,S_2070
2024-05-12 14:14:17,-56.764984,6.3674316,-61.05162,218.71992,870.4678,0.000156132,-308.16666161532385,56.0,S_2070
2024-05-12 14:14:18,-56.82295,6.3688354,-61.10757,218.67097,870.4604,0.0006422156,-306.01532497405657,56.0,S_2070
2024-05-12 14:14:19,-56.880917,6.3702393,-61.163525,218.629,870.45483,0.00066036213,-303.70076751647656,56.0,S_2070
2024-05-12 14:14:20,-56.93889,6.371643,-61.21948,218.58704,870.4585,0.0011987055,-297.8168409464745,56.0,S_2070
2024-05-12 14:14:21,-56.99686,6.373047,-61.275433,218.54507,870.44366,0.0012148189,-291.6615765422236,56.0,S_2070
2024-05-12 14:14:22,-57.054836,6.374466,-61.331383,218.49611,870.4381,0.0020998386,-281.3773028972172,56.0,S_2070
2024-05-12 14:14:23,-57.112816,6.375885,-61.380344,218.45415,870.5048,0.0021171924,-269.18508086119436,56.0,S_2070
2024-05-12 14:14:24,-57.1708,6.3773193,-61.436295,218.41219,870.6141,0.002623745,-253.5081123116375,56.0,S_2070
2024-05-12 14:14:25,-57.228783,6.3787384,-61.49225,218.36322,870.6734,0.0026434078,-236.15054149298277,56.0,S_2070
2024-05-12 14:14:26,-57.28677,6.380188,-61.555195,218.32126,870.6678,0.0031703925,-217.43915185359367,56.0,S_2070
2024-05-12 14:14:27,-57.34476,6.3816223,-61.61115,218.2793,870.64923,0.0031880026,-198.38967961887647,56.0,S_2070
2024-05-12 14:14:28,-57.402756,6.383072,-61.667103,218.23734,870.64923,0.0046988134,-172.06320205961242,56.0,S_2070
2024-05-12 14:14:29,-57.46075,6.3845215,-61.71606,218.18837,870.64923,0.004715577,-142.72783838834346,56.0,S_2070
2024-05-12 14:14:30,-57.51875,6.385971,-61.772015,218.14641,870.63074,0.006212492,-102.85423234659322,56.0,S_2070
2024-05-12 14:14:31,-57.576748,6.387436,-61.827965,218.09746,870.6548,0.006232244,-63.71792585973992,56.0,S_2070
2024-05-12 14:14:32,-57.634754,6.3889008,-61.88392,218.05548,870.7548,0.0071523204,-17.521868987772677,56.0,S_2070
2024-05-12 14:14:33,-57.69276,6.3903656,-61.939873,218.00653,870.8493,0.007172757,27.81534414098121,56.0,S_2070
2024-05-12 14:14:34,-57.75077,6.3918457,-61.995823,217.96457,870.8715,0.0067025735,70.95751135194212,56.0,S_2070
2024-05-12 14:14:35,-57.808784,6.393326,-62.051777,217.9156,870.85114,0.006722716,114.18106313582439,56.0,S_2070
2024-05-12 14:14:36,-57.8668,6.394806,-62.10773,217.86664,870.84186,0.0057487832,150.08313823526726,56.0,S_2070
2024-05-12 14:14:37,-57.924816,6.3963013,-62.163685,217.82468,870.8456,0.0057682963,186.89317152420392,56.0,S_2070
2024-05-12 14:14:38,-57.982838,6.3977966,-62.219635,217.77573,870.83264,0.0046537747,215.5482785569286,56.0,S_2070
2024-05-12 14:14:39,-58.04086,6.399292,-62.27559,217.73375,870.8271,0.0046725958,244.36418056683783,56.0,S_2070
2024-05-12 14:14:40,-58.09889,6.4008026,-62.331543,217.69179,870.89374,0.0032081113,261.6179108923192,56.0,S_2070
2024-05-12 14:14:41,-58.156918,6.402313,-62.3805,217.64284,871.003,0.0032240283,281.45067652762634,56.0,S_2070
2024-05-12 14:14:42,-58.214947,6.403824,-62.436455,217.59387,871.06226,0.002713823,297.274774409309,56.0,S_2070
2024-05-12 14:14:43,-58.272984,6.4053497,-62.492405,217.55191,871.053,0.0027313933,313.60277491842055,56.0,S_2070
2024-05-12 14:14:44,-58.33102,6.4068756,-62.54836,217.50294,871.0197,0.0032827384,331.2404884918577,56.0,S_2070
2024-05-12 14:14:45,-58.38906,6.4084015,-62.597317,217.454,871.0049,0.00330122,351.5733409988694,56.0,S_2070
2024-05-12 14:14:46,-58.447105,6.4099426,-62.65327,217.40503,871.04565,0.003921025,375.8432350532164,56.0,S_2070
2024-05-12 14:14:47,-58.50515,6.411484,-62.709225,217.35608,871.1493,0.003941892,399.75674338765464,56.0,S_2070
2024-05-12 14:14:48,-58.563198,6.413025,-62.76518,217.3141,871.23816,0.0044929944,428.53090713070424,56.0,S_2070
2024-05-12 14:14:49,-58.62125,6.414566,-62.82113,217.25816,871.2493,0.004514263,453.49131867172,56.0,S_2070
2024-05-12 14:14:50,-58.679302,6.4161224,-62.87009,217.2092,871.2326,0.004522481,481.4403129313424,56.0,S_2070
2024-05-12 14:14:51,-58.737362,6.417694,-62.92604,217.16724,871.2345,0.004543789,509.9070747647356,56.0,S_2070
2024-05-12 14:14:52,-58.79542,6.4192505,-62.981995,217.11827,871.2326,0.004045843,534.9798438246581,56.0,S_2070
2024-05-12 14:14:53,-58.85348,6.420822,-63.03795,217.06932,871.21234,0.0040668654,560.1872074188617,56.0,S_2070
2024-05-12 14:14:54,-58.91155,6.422394,-63.0939,217.02036,871.2141,0.00305962,578.6312097887686,56.0,S_2070
2024-05-12 14:14:55,-58.969616,6.4239807,-63.149853,216.9714,871.2864,0.003080029,597.2085182870323,56.0,S_2070
2024-05-12 14:14:56,-59.027687,6.4255524,-63.205807,216.92244,871.3956,0.0026149629,612.6625664705268,56.0,S_2070
2024-05-12 14:14:57,-59.085762,6.4271545,-63.26176,216.87347,871.4475,0.002635112,628.2462691710616,56.0,S_2070
2024-05-12 14:14:58,-59.143837,6.4287415,-63.31771,216.82452,871.4364,7.9552105e-05,626.6995104731036,56.0,S_2070
2024-05-12 14:14:59,-59.201916,6.4303436,-63.373665,216.77556,871.42523,9.563133e-05,625.2609206251243,56.0,S_2070
2024-05-12 14:15:00,-59.26,6.431946,-63.42962,216.72661,871.42896,-0.0028259421,604.2521056798511,56.0,S_2070
2024-05-12 14:15:01,-59.31825,6.4335175,-63.48557,216.67764,871.4197,-0.0028117248,584.9430071788562,56.0,S_2070
2024-05-12 14:15:02,-59.37649,6.4351044,-63.53453,216.62169,871.416,-0.0028056868,564.2602646787708,56.0,S_2070
2024-05-12 14:15:03,-59.434734,6.4366913,-63.59048,216.57274,871.466,-0.0027914096,543.4977240713008,56.0,S_2070
2024-05-12 14:15:04,-59.492977,6.4382935,-63.646435,216.52377,871.55676,-0.0033747917,521.2677469222774,56.0,S_2070
2024-05-12 14:15:05,-59.551212,6.4398956,-63.695393,216.47482,871.62714,-0.0033628168,496.91403593577184,56.0,S_2070
2024-05-12 14:15:06,-59.609447,6.441498,-63.751347,216.42586,871.6346,-0.004380039,464.96180534629775,56.0,S_2070
2024-05-12 14:15:07,-59.667683,6.443115,-63.8073,216.3699,871.6216,-0.004364159,433.6595004171086,56.0,S_2070
2024-05-12 14:15:08,-59.72591,6.4447327,-63.863255,216.32094,871.6234,-0.0043420023,401.99021462875453,56.0,S_2070
2024-05-12 14:15:09,-59.784138,6.4463654,-63.919205,216.265,871.6216,-0.0043260446,374.07778661639634,56.0,S_2070
2024-05-12 14:15:10,-59.84236,6.447983,-63.968166,216.21603,871.60864,-0.003827202,346.65308668074033,56.0,S_2070
2024-05-12 14:15:11,-59.90058,6.4496307,-64.02412,216.16707,871.62714,-0.0038108688,319.12301122668123,56.0,S_2070
2024-05-12 14:15:12,-59.958797,6.4512634,-64.08007,216.11812,871.70496,-0.0032560667,292.53648639206153,56.0,S_2070
2024-05-12 14:15:13,-60.017014,6.4529266,-64.14302,216.06216,871.7938,-0.0032373,268.5893973516454,56.0,S_2070
2024-05-12 14:15:14,-60.075226,6.4545746,-64.19897,216.0132,871.8309,-0.0032292744,246.83078516381954,56.0,S_2070
2024-05-12 14:15:15,-60.13344,6.456238,-64.24793,215.95724,871.82153,-0.0032169856,223.47393732781245,56.0,S_2070
2024-05-12 14:15:16,-60.191643,6.457901,-64.30388,215.9083,871.81604,-0.0021599706,206.7206153098108,56.0,S_2070
2024-05-12 14:15:17,-60.249847,6.4595795,-64.35983,215.85234,871.81976,-0.0021449465,190.03198762056957,56.0,S_2070
2024-05-12 14:15:18,-60.30805,6.461258,-64.41579,215.79639,871.80676,-0.0007285005,183.593777699694,56.0,S_2070
2024-05-12 14:15:19,-60.36625,6.4629364,-64.464745,215.74742,871.8013,-0.0007120867,177.41828096899724,56.0,S_2070
2024-05-12 14:15:20,-60.424442,6.46463,-64.5137,215.69148,871.8661,-0.00015455396,174.503967811876,56.0,S_2070
2024-05-12 14:15:21,-60.482635,6.466339,-64.56966,215.64252,871.9772,-0.00013571257,171.52136054338382,56.0,S_2070
2024-05-12 14:15:22,-60.54083,6.468033,-64.62561,215.58656,872.03827,0.0003716334,171.94123020953964,56.0,S_2070
2024-05-12 14:15:23,-60.599014,6.469742,-64.681564,215.53061,872.0328,0.00039083176,172.4915178915668,56.0,S_2070
2024-05-12 14:15:24,-60.6572,6.471466,-64.73752,215.47466,872.0105,0.0004188562,173.23201835483007,56.0,S_2070
2024-05-12 14:15:25,-60.71538,6.4731903,-64.79347,215.4187,872.00494,0.00043563015,174.08632046565606,56.0,S_2070
2024-05-12 14:15:26,-60.77356,6.4749146,-64.84943,215.36275,872.0124,-0.00046766578,168.87458930995865,56.0,S_2070
2024-05-12 14:15:27,-60.831738,6.476639,-64.90537,215.3138,872.0179,-0.00045141566,163.75989058248456,56.0,S_2070
2024-05-12 14:15:28,-60.88991,6.4783783,-64.96133,215.25784,872.0105,-0.00042383024,159.09237282078664,56.0,S_2070
2024-05-12 14:15:29,-60.948082,6.480133,-65.010284,215.20189,871.992,-0.00040709216,154.74742074729068,56.0,S_2070
2024-05-12 14:15:30,-61.00625,6.481888,-65.05925,215.14594,872.0179,0.0011765062,160.83717024924647,56.0,S_2070
2024-05-12 14:15:31,-61.064415,6.4836426,-65.1152,215.08998,872.1179,0.0014520836,168.5727570994619,56.0,S_2070
2024-05-12 14:15:32,-61.122578,6.4853973,-65.17115,215.03403,872.2124,0.001727661,178.17095575669066,56.0,S_2070
2024-05-12 14:15:33,-61.180737,6.4871674,-65.227104,214.97807,872.2327,0.0017453068,187.8858847756029,56.0,S_2070
2024-05-12 14:15:34,-61.238895,6.4889526,-65.28306,214.92212,872.2142,0.0017566197,197.674646933801,56.0,S_2070
2024-05-12 14:15:35,-61.297047,6.490738,-65.33901,214.86617,872.20496,0.0017768011,207.59716205235804,56.0,S_2070
2024-05-12 14:15:36,-61.3552,6.492523,-65.394966,214.81021,872.2087,0.0023432693,219.67580734152136,56.0,S_2070
2024-05-12 14:15:37,-61.41335,6.4943085,-65.443924,214.75426,872.1957,0.00236174,232.08030446407338,56.0,S_2070
2024-05-12 14:15:38,-61.471493,6.496109,-65.49288,214.69832,872.1901,0.0027514624,249.15788802375198,56.0,S_2070
2024-05-12 14:15:39,-61.529636,6.497925,-65.548836,214.63536,872.25684,0.0027698162,265.73397057488694,56.0,S_2070
2024-05-12 14:15:40,-61.587776,6.4997253,-65.60479,214.5794,872.3661,0.0022944976,279.1387480945282,56.0,S_2070
2024-05-12 14:15:41,-61.645916,6.501541,-65.66074,214.52345,872.4253,0.0023126157,292.6602354624064,56.0,S_2070
2024-05-12 14:15:42,-61.704052,6.503372,-65.71669,214.4675,872.4198,-0.00018764412,289.3106418802704,56.0,S_2070
2024-05-12 14:15:43,-61.76218,6.5052032,-65.772644,214.41154,872.40125,-0.00016844904,286.1879896582742,56.0,S_2070
2024-05-12 14:15:44,-61.820312,6.5070343,-65.8216,214.3486,872.40125,-0.0032906702,263.97372627963034,56.0,S_2070
2024-05-12 14:15:45,-61.878437,6.5088806,-65.87057,214.28566,872.3994,-0.0032752887,239.991004428824,56.0,S_2070
2024-05-12 14:15:46,-61.93656,6.510727,-65.92651,214.2297,872.38275,-0.004316446,208.82157337518117,56.0,S_2070
2024-05-12 14:15:47,-61.994682,6.5125885,-65.98247,214.17375,872.4068,-0.0043019913,177.21765012876108,56.0,S_2070
2024-05-12 14:15:48,-62.0528,6.514435,-66.03842,214.11081,872.50867,-0.004783448,142.8802954667609,56.0,S_2070
2024-05-12 14:15:49,-62.110916,6.5163116,-66.094376,214.05486,872.6013,-0.00476671,111.45621317512757,56.0,S_2070
2024-05-12 14:15:50,-62.16903,6.518173,-66.14333,213.99191,872.61615,-0.005813076,69.70099538370266,56.0,S_2070
2024-05-12 14:15:51,-62.22714,6.5200653,-66.19929,213.92896,872.5939,-0.0057993536,28.558538157231055,56.0,S_2070
2024-05-12 14:15:52,-62.285244,6.521942,-66.25524,213.873,872.5864,-0.0047208923,-2.5415830818354834,56.0,S_2070
2024-05-12 14:15:53,-62.34335,6.523834,-66.3042,213.81006,872.592,-0.0047061318,-36.090189936113006,56.0,S_2070
2024-05-12 14:15:54,-62.40145,6.5257263,-66.36015,213.7541,872.6013,-0.003262116,-60.493831649125696,56.0,S_2070
2024-05-12 14:15:55,-62.45955,6.5276337,-66.41611,213.69116,872.6013,-0.003244354,-84.80951749847111,56.0,S_2070
2024-05-12 14:15:56,-62.517643,6.529541,-66.47206,213.6282,872.58276,-0.0042732013,-116.1498737284843,56.0,S_2070
2024-05-12 14:15:57,-62.575737,6.5314484,-66.52801,213.56526,872.57904,-0.0042584413,-147.38034029668586,56.0,S_2070
2024-05-12 14:15:58,-62.633827,6.533371,-66.58396,213.50232,872.64575,-0.0047602537,-178.03788826673576,56.0,S_2070
2024-05-12 14:15:59,-62.691914,6.5352936,-66.63292,213.44637,872.755,-0.0047453362,-212.31515142495073,56.0,S_2070
2024-05-12 14:16:00,-62.75,6.5372314,-66.68887,213.38342,872.8161,-0.0037806812,-237.58585168133106,56.0,S_2070
2024-05-12 14:16:01,-62.80841,6.5390167,-66.73783,213.32047,872.81244,-0.003765211,-265.18774597737195,56.0,S_2070
2024-05-12 14:16:02,-62.866806,6.540802,-66.793785,213.25752,872.7883,-0.005363348,-303.90441401809085,56.0,S_2070
2024-05-12 14:16:03,-62.925186,6.5426025,-66.84974,213.19458,872.7846,-0.005540743,-343.8184632394871,56.0,S_2070
2024-05-12 14:16:04,-62.983555,6.5444183,-66.90569,213.13162,872.79205,-0.005718138,-380.89118092227784,56.0,S_2070
2024-05-12 14:16:05,-63.04191,6.546234,-66.95465,213.06868,872.7976,-0.0057036425,-417.6444780291968,56.0,S_2070
2024-05-12 14:16:06,-63.10025,6.5480804,-67.00361,213.00574,872.7883,-0.0035754966,-443.903204364101,56.0,S_2070
2024-05-12 14:16:07,-63.158577,6.5499268,-67.05956,212.9428,872.76984,-0.0035601656,-470.2638072106258,56.0,S_2070
2024-05-12 14:16:08,-63.21689,6.5517883,-67.11552,212.87984,872.7958,-0.0025878937,-490.3191577305758,56.0,S_2070
2024-05-12 14:16:09,-63.27519,6.55365,-67.17147,212.8099,872.89575,-0.0025694582,-508.1383716495696,56.0,S_2070
2024-05-12 14:16:10,-63.33347,6.5555267,-67.22043,212.74695,872.9902,-0.0014985907,-520.4093450258205,56.0,S_2070
2024-05-12 14:16:11,-63.391743,6.557419,-67.27638,212.67702,873.01245,-0.0014820383,-531.5823446645086,56.0,S_2070
2024-05-12 14:16:12,-63.449997,6.559326,-67.32534,212.61406,872.99207,-0.0009421131,-539.9877356776783,56.0,S_2070
2024-05-12 14:16:13,-63.508244,6.561249,-67.381294,212.54413,872.9828,-0.000922728,-548.3966518599705,56.0,S_2070
2024-05-12 14:16:14,-63.56647,6.5631714,-67.43725,212.48117,872.9884,-0.0026181787,-566.4302767525016,56.0,S_2070
2024-05-12 14:16:15,-63.624687,6.5651093,-67.486206,212.41823,872.9736,-0.002604243,-584.5163184414862,56.0,S_2070
2024-05-12 14:16:16,-63.682888,6.5670624,-67.535164,212.34828,872.968,-0.0047124964,-618.4462887211138,56.0,S_2070
2024-05-12 14:16:17,-63.741074,6.569031,-67.59112,212.28534,873.0365,-0.0046949293,-652.9927883402017,56.0,S_2070
2024-05-12 14:16:18,-63.799248,6.570999,-67.64707,212.2154,873.14575,-0.004045137,-682.5777810349352,56.0,S_2070
2024-05-12 14:16:19,-63.857407,6.572983,-67.70302,212.15245,873.2013,-0.004029718,-712.4973305943769,56.0,S_2070
2024-05-12 14:16:20,-63.915554,6.5749817,-67.75897,212.08252,873.18835,-0.0029336533,-732.8360124775546,56.0,S_2070
2024-05-12 14:16:21,-63.973686,6.5769806,-67.80793,212.01257,873.1717,-0.0029172872,-754.8820955740582,56.0,S_2070
2024-05-12 14:16:22,-64.03181,6.5789948,-67.863884,211.94263,873.1717,-0.004103662,-781.9069153443254,56.0,S_2070
2024-05-12 14:16:23,-64.089905,6.5810394,-67.91284,211.87968,873.1809,-0.0040877983,-811.9652710457192,56.0,S_2070
2024-05-12 14:16:24,-64.147995,6.583069,-67.968796,211.80974,873.1865,-0.0048610014,-847.5939778076488,56.0,S_2070
2024-05-12 14:16:25,-64.20608,6.585129,-68.02475,211.7398,873.17914,-0.0056342045,-884.603859739318,56.0,S_2070
2024-05-12 14:16:26,-64.26414,6.5871887,-68.07371,211.66986,873.1606,-0.005623552,-921.3175836977057,56.0,S_2070
2024-05-12 14:16:27,-64.32218,6.589264,-68.122665,211.59991,873.1847,-0.005612899,-961.8673032472695,56.0,S_2070
2024-05-12 14:16:28,-64.38022,6.5913544,-68.17862,211.52998,873.28467,-0.0029215426,-984.090079205665,56.0,S_2070
2024-05-12 14:16:29,-64.43824,6.593445,-68.23457,211.46004,873.37915,-0.002905278,-1004.1597472516646,56.0,S_2070
2024-05-12 14:16:30,-64.49625,6.595566,-68.28353,211.39009,873.4032,0.00088117016,-1000.000757256382,56.0,S_2070
2024-05-12 14:16:31,-64.55424,6.597687,-68.339485,211.32016,873.3828,0.0009018475,-995.9127977097841,56.0,S_2070
2024-05-12 14:16:32,-64.61222,6.599823,-68.39544,211.25021,873.3699,0.0024087557,-981.1714299251931,56.0,S_2070
2024-05-12 14:16:33,-64.67018,6.601959,-68.45139,211.17328,873.3717,0.002430251,-968.3325927728981,56.0,S_2070
2024-05-12 14:16:34,-64.728134,6.6041107,-68.50035,211.10333,873.3754,0.0019207902,-958.1227304538629,56.0,S_2070
2024-05-12 14:16:35,-64.78607,6.6062775,-68.54931,211.0264,873.37354,0.0019398824,-948.1058396778069,56.0,S_2070
2024-05-12 14:16:36,-64.843994,6.6084595,-68.59827,210.95647,873.37726,0.0019655982,-936.51415785426,56.0,S_2070
2024-05-12 14:16:37,-64.90191,6.6106567,-68.65422,210.88652,873.37726,0.0019869371,-924.749038126515,56.0,S_2070
2024-05-12 14:16:38,-64.9598,6.612854,-68.710175,210.80959,873.3662,0.00092063646,-920.5817190304206,56.0,S_2070
2024-05-12 14:16:39,-65.017685,6.6150665,-68.76613,210.73964,873.3624,0.0009415107,-916.1171636435486,56.0,S_2070
2024-05-12 14:16:40,-65.075554,6.6172943,-68.82208,210.6627,873.4124,0.0016103004,-908.1444720239467,56.0,S_2070
2024-05-12 14:16:41,-65.13341,6.619522,-68.87104,210.58577,873.5032,0.0016292754,-898.9186554225333,56.0,S_2070
2024-05-12 14:16:42,-65.191246,6.621765,-68.926994,210.51584,873.57355,0.0038000047,-877.1758381127424,56.0,S_2070
2024-05-12 14:16:43,-65.24907,6.6240234,-68.97595,210.43889,873.5828,0.0038200286,-855.1511155181787,56.0,S_2070
2024-05-12 14:16:44,-65.306885,6.626297,-69.02491,210.36195,873.568,0.0022454723,-841.7207360811254,56.0,S_2070
2024-05-12 14:16:45,-65.364685,6.628586,-69.080864,210.29202,873.56433,0.0022670075,-828.0487586329454,56.0,S_2070
2024-05-12 14:16:46,-65.42247,6.6308746,-69.13682,210.21509,873.5699,0.00076288776,-825.4058686694586,56.0,S_2070
2024-05-12 14:16:47,-65.48024,6.6331787,-69.185776,210.13815,873.57544,0.00078149466,-822.4380289761691,56.0,S_2070
2024-05-12 14:16:48,-65.537994,6.635498,-69.23473,210.06122,873.568,0.0018928617,-812.5230362079292,56.0,S_2070
2024-05-12 14:16:49,-65.59574,6.6378174,-69.28369,209.98428,873.54584,0.001912009,-801.1695046190163,56.0,S_2070
2024-05-12 14:16:50,-65.653465,6.640152,-69.339645,209.90735,873.5476,0.0023566931,-786.9450586031778,56.0,S_2070
2024-05-12 14:16:51,-65.71118,6.642502,-69.3956,209.83041,873.62177,0.0023783608,-772.5767652839434,56.0,S_2070
2024-05-12 14:16:52,-65.76888,6.644867,-69.45155,209.75348,873.731,0.0007621743,-769.8413079055294,56.0,S_2070
2024-05-12 14:16:53,-65.82657,6.6472473,-69.50051,209.66954,873.7829,0.00078092125,-766.9269061122095,56.0,S_2070
2024-05-12 14:16:54,-65.88425,6.6496277,-69.54947,209.5926,873.7717,-0.0017810505,-779.9363225029109,56.0,S_2070
2024-05-12 14:16:55,-65.9419,6.6520233,-69.59843,209.51567,873.75696,-0.0017634691,-794.0540223767431,56.0,S_2070
2024-05-12 14:16:56,-65.99955,6.654434,-69.65438,209.43874,873.7606,-0.00379183,-822.8658537969663,56.0,S_2070
2024-05-12 14:16:57,-66.05718,6.656845,-69.710335,209.35481,873.76807,-0.003772924,-848.4910858756947,56.0,S_2070
2024-05-12 14:16:58,-66.1148,6.6592712,-69.75929,209.27788,873.7699,-0.0031139632,-869.7568023029102,56.0,S_2070
2024-05-12 14:16:59,-66.17241,6.6617126,-69.80825,209.20094,873.7514,-0.003097017,-891.3175064864176,56.0,S_2070
2024-05-12 14:17:00,-66.229996,6.6641693,-69.85721,209.117,873.7347,-0.003070851,-914.8375354381602,56.0,S_2070
2024-05-12 14:17:01,-66.28732,6.666626,-69.91316,209.03308,873.7699,-0.0030516533,-938.0551605657977,56.0,S_2070
2024-05-12 14:17:02,-66.34465,6.6690826,-69.96912,208.95615,873.8736,-0.0041345013,-969.1801750247039,56.0,S_2070
2024-05-12 14:17:03,-66.40197,6.6715546,-70.02507,208.87221,873.9625,-0.00411572,-997.3783020969715,56.0,S_2070
2024-05-12 14:17:04,-66.45928,6.6740417,-70.07403,208.78828,873.97546,-0.0040899473,-1025.189399726021,56.0,S_2070
2024-05-12 14:17:05,-66.516594,6.676544,-70.122986,208.70436,873.9569,-0.0040733498,-1055.6712777352886,56.0,S_2070
2024-05-12 14:17:06,-66.5739,6.6790466,-70.17894,208.62042,873.95325,-0.0029714345,-1078.6239973674446,56.0,S_2070
2024-05-12 14:17:07,-66.631195,6.6815643,-70.23489,208.5365,873.9588,-0.0029520597,-1099.4030848739976,56.0,S_2070
2024-05-12 14:17:08,-66.688484,6.6840973,-70.28385,208.45256,873.9588,-0.0018325064,-1111.6853660035258,56.0,S_2070
2024-05-12 14:17:09,-66.74577,6.6866455,-70.32581,208.36864,873.9569,-0.0018171191,-1126.1187396967132,56.0,S_2070
2024-05-12 14:17:10,-66.803055,6.689209,-70.38177,208.28471,873.96063,-0.002334609,-1144.5727746717575,56.0,S_2070
2024-05-12 14:17:11,-66.86033,6.6917725,-70.43772,208.20078,873.9625,-0.0023148793,-1161.2857804185658,56.0,S_2070
2024-05-12 14:17:12,-66.917595,6.694351,-70.48668,208.11685,873.9458,-0.0028545451,-1181.5612891263388,56.0,S_2070
2024-05-12 14:17:13,-66.97486,6.696945,-70.53564,208.02592,873.94214,-0.002837256,-1203.3288289452232,56.0,S_2070
2024-05-12 14:17:14,-67.03212,6.6995544,-70.59159,207.942,874.0088,-0.0028269142,-1225.5136547555906,56.0,S_2070
2024-05-12 14:17:15,-67.08937,6.7021637,-70.647545,207.85107,874.11993,-0.0028073064,-1245.3171047886694,56.0,S_2070
2024-05-12 14:17:16,-67.146614,6.7048035,-70.6965,207.76715,874.17365,-0.0022133621,-1261.4243937084004,56.0,S_2070
2024-05-12 14:17:17,-67.20386,6.707443,-70.74546,207.67622,874.1625,-0.002195732,-1277.1624372059355,56.0,S_2070
2024-05-12 14:17:18,-67.26109,6.710083,-70.79442,207.59229,874.1459,-0.0027551246,-1298.5823302124988,56.0,S_2070
2024-05-12 14:17:19,-67.31833,6.7127533,-70.85037,207.50137,874.1477,-0.0027354038,-1319.7755512845952,56.0,S_2070
2024-05-12 14:17:20,-67.37555,6.7154236,-70.90633,207.41743,874.15326,-0.003236773,-1342.5811526358102,56.0,S_2070
2024-05-12 14:17:21,-67.43277,6.718109,-70.955284,207.3265,874.15326,-0.0032194832,-1365.0970515782792,56.0,S_2070
2024-05-12 14:17:22,-67.48998,6.72081,-71.00424,207.2356,874.15326,-0.0022352526,-1381.316299153944,56.0,S_2070
2024-05-12 14:17:23,-67.547195,6.723526,-71.0532,207.14467,874.1588,-0.0022174525,-1397.4111076010893,56.0,S_2070
2024-05-12 14:17:24,-67.60439,6.7262573,-71.10216,207.05374,874.1514,-0.0023077868,-1415.6408472563678,56.0,S_2070
2024-05-12 14:17:25,-67.66159,6.7289886,-71.15811,206.96281,874.1329,-0.0022876263,-1433.918855691862,56.0,S_2070
2024-05-12 14:17:26,-67.71879,6.731735,-71.214066,206.8719,874.1588,-0.0028463213,-1454.5598632963683,56.0,S_2070
2024-05-12 14:17:27,-67.77597,6.734497,-71.26302,206.77399,874.2588,-0.0028286127,-1474.5360481981081,56.0,S_2070
2024-05-12 14:17:28,-67.83315,6.737259,-71.31198,206.68306,874.3533,-0.0026002908,-1491.301075357012,56.0,S_2070
2024-05-12 14:17:29,-67.89033,6.7400513,-71.35395,206.59213,874.3755,-0.0025845068,-1509.4591575885288,56.0,S_2070
2024-05-12 14:17:30,-67.947495,6.7428436,-71.40291,206.5012,874.357,-0.0033891108,-1535.6279487217653,56.0,S_2070
2024-05-12 14:17:31,-68.00466,6.7456512,-71.45886,206.40329,874.34216,-0.0033663195,-1561.8575096968896,56.0,S_2070
2024-05-12 14:17:32,-68.06182,6.748474,-71.51482,206.30537,874.3459,-0.0035012206,-1586.2298003847184,56.0,S_2070
2024-05-12 14:17:33,-68.11897,6.751297,-71.563774,206.21445,874.3478,-0.003483477,-1610.6785346017023,56.0,S_2070
2024-05-12 14:17:34,-68.17612,6.754135,-71.61273,206.11653,874.3478,-0.0025819107,-1629.326598203888,56.0,S_2070
2024-05-12 14:17:35,-68.23326,6.7569885,-71.66169,206.01862,874.35144,-0.0019200101,-1643.6888146696208,56.0,S_2070
2024-05-12 14:17:36,-68.2904,6.759857,-71.71065,205.9207,874.35144,-0.0012581093,-1654.474490012627,56.0,S_2070
2024-05-12 14:17:37,-68.34753,6.762741,-71.7666,205.82977,874.3348,-0.00059620873,-1660.442765634577,56.0,S_2070
2024-05-12 14:17:38,-68.40465,6.765625,-71.81556,205.73186,874.31995,0.0017509693,-1649.9518604198863,56.0,S_2070
2024-05-12 14:17:39,-68.46177,6.768524,-71.87151,205.63394,874.3533,0.0017725849,-1640.709416587852,56.0,S_2070
2024-05-12 14:17:40,-68.51888,6.7714386,-71.92047,205.53603,874.457,0.003892716,-1617.6425030313421,56.0,S_2070
2024-05-12 14:17:41,-68.576,6.7743683,-71.96943,205.43811,874.5477,0.0039129155,-1594.461036778588,56.0,S_2070
2024-05-12 14:17:42,-68.633095,6.777313,-72.01839,205.34018,874.56067,0.004629219,-1566.095362151781,56.0,S_2070
2024-05-12 14:17:43,-68.69019,6.780258,-72.06735,205.23528,874.5403,0.005345523,-1533.7973296922137,56.0,S_2070
2024-05-12 14:17:44,-68.747284,6.7832184,-72.11631,205.13736,874.5366,0.006370281,-1494.092444896884,56.0,S_2070
2024-05-12 14:17:45,-68.80437,6.786194,-72.16527,205.03244,874.5422,0.006391666,-1455.138181657973,56.0,S_2070
2024-05-12 14:17:46,-68.86145,6.7891693,-72.214226,204.93452,874.544,0.009365745,-1395.9407799387432,56.0,S_2070
2024-05-12 14:17:47,-68.918526,6.7921753,-72.26318,204.82962,874.5422,0.009388492,-1331.5028449991223,56.0,S_2070
2024-05-12 14:17:48,-68.97559,6.7951813,-72.31914,204.7317,874.5403,0.010827822,-1263.0706088682443,56.0,S_2070
2024-05-12 14:17:49,-69.03266,6.7982025,-72.368095,204.62679,874.5403,0.010853809,-1187.1257401927396,56.0,S_2070
2024-05-12 14:17:50,-69.08972,6.801239,-72.42405,204.52188,874.5459,0.009759186,-1125.8025803003634,56.0,S_2070
2024-05-12 14:17:51,-69.146774,6.8042755,-72.47301,204.41696,874.5477,0.00978228,-1064.1832684278206,56.0,S_2070
2024-05-12 14:17:52,-69.20382,6.8073425,-72.521965,204.31206,874.53107,0.008702852,-1008.4947134818788,56.0,S_2070
2024-05-12 14:17:53,-69.26086,6.8104095,-72.57092,204.20015,874.5255,0.008728112,-953.8525847363287,56.0,S_2070
2024-05-12 14:17:54,-69.317894,6.8134766,-72.61988,204.09523,874.59216,0.010794827,-885.8105305148295,56.0,S_2070
2024-05-12 14:17:55,-69.37492,6.816574,-72.66884,203.99033,874.7014,0.010817967,-817.6609420902141,56.0,S_2070
2024-05-12 14:17:56,-69.43195,6.819687,-72.717804,203.8854,874.7626,0.015622085,-718.464781672527,56.0,S_2070
2024-05-12 14:17:57,-69.48897,6.8227997,-72.76676,203.7805,874.757,0.015649064,-617.1863947165407,56.0,S_2070
2024-05-12 14:17:58,-69.54598,6.8259277,-72.81572,203.6686,874.73663,0.021196406,-482.13777810133195,56.0,S_2070
2024-05-12 14:17:59,-69.603,6.829056,-72.86468,203.56367,874.7329,0.02122269,-344.3298243602526,56.0,S_2070
2024-05-12 14:18:00,-69.659996,6.8322144,-72.913635,203.45178,874.73663,0.025105223,-181.12477500292732,56.0,S_2070
2024-05-12 14:18:01,-69.717896,6.8348236,-72.96259,203.33987,874.73663,0.025132725,-21.000528496424067,56.0,S_2070
2024-05-12 14:18:02,-69.77576,6.8374786,-73.01155,203.23495,874.73663,0.02456145,138.41003197646728,56.0,S_2070
2024-05-12 14:18:03,-69.83359,6.840149,-73.06052,203.12305,874.7403,0.024590911,300.9791408158517,56.0,S_2070
2024-05-12 14:18:04,-69.89137,6.842865,-73.109474,203.00415,874.73663,0.030568263,499.4124951913036,56.0,S_2070
2024-05-12 14:18:05,-69.94913,6.8455963,-73.15843,202.89224,874.7218,0.0331199,714.4355183515947,56.0,S_2070
2024-05-12 14:18:06,-70.00684,6.848358,-73.20739,202.78033,874.7403,0.035671536,969.6660450875756,56.0,S_2070
2024-05-12 14:18:07,-70.06453,6.851166,-73.26334,202.66844,874.8181,0.035705432,1224.752502434386,56.0,S_2070
2024-05-12 14:18:08,-70.12218,6.8539886,-73.3193,202.55653,874.907,0.033288624,1423.4992323635165,56.0,S_2070
2024-05-12 14:18:09,-70.17979,6.856842,-73.36126,202.43762,874.9459,0.033320196,1639.2146660555052,56.0,S_2070
2024-05-12 14:18:10,-70.23736,6.859741,-73.41022,202.32573,874.9385,0.025953358,1793.5721754504411,56.0,S_2070
2024-05-12 14:18:11,-70.2949,6.8626556,-73.45219,202.20682,874.92737,0.025983293,1964.3397626158699,56.0,S_2070
2024-05-12 14:18:12,-70.352394,6.8656006,-73.501144,202.08792,874.92926,0.019197956,2102.324407868547,56.0,S_2070
2024-05-12 14:18:13,-70.40987,6.8685913,-73.5571,201.96902,874.9329,0.019227698,2227.587512234094,56.0,S_2070
2024-05-12 14:18:14,-70.46729,6.8715973,-73.60606,201.85013,874.9329,0.016829537,2337.042541780301,56.0,S_2070
2024-05-12 14:18:15,-70.52469,6.874634,-73.655014,201.73123,874.93115,0.016855922,2446.5760859959705,56.0,S_2070
2024-05-12 14:18:16,-70.58204,6.877716,-73.70397,201.61232,874.93115,0.012565455,2527.640316796167,56.0,S_2070
2024-05-12 14:18:17,-70.639366,6.8808136,-73.75293,201.49342,874.93115,0.012590482,2608.7957100449685,56.0,S_2070
2024-05-12 14:18:18,-70.69665,6.8839417,-73.80189,201.37453,874.92926,0.010603948,2670.093053944454,56.0,S_2070
2024-05-12 14:18:19,-70.7539,6.8871155,-73.84386,201.25563,874.9329,0.010625845,2739.6635411479874,56.0,S_2070
2024-05-12 14:18:20,-70.81111,6.8903046,-73.892815,201.12973,874.93665,0.00923593,2805.6075784306445,56.0,S_2070
2024-05-12 14:18:21,-70.868286,6.893524,-73.94877,201.00383,874.93115,0.009261961,2864.335217915909,56.0,S_2070
2024-05-12 14:18:22,-70.92542,6.8967896,-73.99773,200.88493,874.91254,0.009908692,2928.696686206627,56.0,S_2070
2024-05-12 14:18:23,-70.98253,6.90007,-74.046684,200.75905,874.93665,0.010555423,2990.73309368811,56.0,S_2070
2024-05-12 14:18:24,-71.0396,6.9033813,-74.088646,200.63315,875.0367,0.011840508,3060.6922902688475,56.0,S_2070
2024-05-12 14:18:25,-71.09663,6.9067383,-74.130615,200.50725,875.1311,0.011859234,3138.056088579184,56.0,S_2070
2024-05-12 14:18:26,-71.153625,6.9101105,-74.17957,200.38136,875.1552,0.031153971,3347.7609439715507,56.0,S_2070
2024-05-12 14:18:27,-71.21059,6.913513,-74.22853,200.24847,875.1348,0.031181695,3553.5414021949814,56.0,S_2070
2024-05-12 14:18:28,-71.26751,6.9169617,-74.27749,200.12257,875.1219,0.042762123,3836.2589998038766,56.0,S_2070
2024-05-12 14:18:29,-71.324394,6.9204254,-74.32645,199.99669,875.12366,0.042791236,4118.902976591933,56.0,S_2070
2024-05-12 14:18:30,-71.38125,6.9239197,-74.375404,199.87079,875.12744,0.023250375,4274.234807634684,56.0,S_2070
2024-05-12 14:18:31,-71.438065,6.9274597,-74.42436,199.7379,875.12744,0.023276815,4429.541810924658,56.0,S_2070
2024-05-12 14:18:32,-71.49484,6.931015,-74.47332,199.60501,875.12555,0.0095201805,4485.945172341927,56.0,S_2070
2024-05-12 14:18:33,-71.55159,6.934601,-74.51529,199.47212,875.12555,0.009458089,4547.900197076553,56.0,S_2070
2024-05-12 14:18:34,-71.60829,6.938217,-74.56425,199.33923,875.1293,0.009395998,4608.064919669752,56.0,S_2070
2024-05-12 14:18:35,-71.66496,6.9418793,-74.613205,199.21335,875.1311,0.009418066,4670.635623268103,56.0,S_2070
2024-05-12 14:18:36,-71.721596,6.9455566,-74.66216,199.07346,875.11444,0.01076985,4740.9953310340325,56.0,S_2070
2024-05-12 14:18:37,-71.7782,6.9492645,-74.71112,198.94057,875.0978,0.0107935555,4812.7995808868245,56.0,S_2070
2024-05-12 14:18:38,-71.83476,6.953018,-74.760086,198.80069,875.13293,0.01033867,4873.723562736849,56.0,S_2070
2024-05-12 14:18:39,-71.89129,6.956787,-74.80205,198.6678,875.2348,0.010363894,4934.956569909069,56.0,S_2070
2024-05-12 14:18:40,-71.94778,6.9605865,-74.84401,198.53491,875.32556,0.0156866,5050.124429359947,56.0,S_2070
2024-05-12 14:18:41,-72.004234,6.9644165,-74.89996,198.39503,875.33856,0.015717724,5154.930205257835,56.0,S_2070
2024-05-12 14:18:42,-72.060646,6.968292,-74.94892,198.25514,875.32,0.01982221,5275.650357495504,56.0,S_2070
2024-05-12 14:18:43,-72.11703,6.972183,-74.99089,198.11526,875.3163,0.01984522,5396.540812283766,56.0,S_2070
2024-05-12 14:18:44,-72.17338,6.9761047,-75.03285,197.97539,875.3219,0.019176042,5524.8670387038455,56.0,S_2070
2024-05-12 14:18:45,-72.22969,6.980057,-75.08181,197.83551,875.3237,0.019203953,5653.063877162369,56.0,S_2070
2024-05-12 14:18:46,-72.28596,6.9840546,-75.13077,197.69562,875.3219,0.017408874,5771.0467310813365,56.0,S_2070
2024-05-12 14:18:47,-72.3422,6.9880676,-75.179726,197.54874,875.32,0.017435797,5878.558576847072,56.0,S_2070
2024-05-12 14:18:48,-72.3984,6.992111,-75.221695,197.40187,875.3219,0.015907334,5976.516950154351,56.0,S_2070
2024-05-12 14:18:49,-72.45457,6.9961853,-75.26366,197.25499,875.32,0.015933871,6094.2502887019955,56.0,S_2070
2024-05-12 14:18:50,-72.5107,7.000305,-75.31961,197.10811,875.32,0.014383815,6180.182308973059,56.0,S_2070
2024-05-12 14:18:51,-72.56679,7.0044403,-75.36158,196.96823,875.3237,0.014408887,6277.117823559114,56.0,S_2070
2024-05-12 14:18:52,-72.62284,7.008606,-75.41054,196.82135,875.3237,0.014126292,6363.236761487725,56.0,S_2070
2024-05-12 14:18:53,-72.67886,7.012802,-75.4525,196.67448,875.3126,0.014150904,6449.58506627146,56.0,S_2070
2024-05-12 14:18:54,-72.73485,7.017044,-75.49446,196.5276,875.30896,0.014284454,6547.0288922525415,56.0,S_2070
2024-05-12 14:18:55,-72.7908,7.0213013,-75.54343,196.37373,875.35895,0.014311317,6642.619420930814,56.0,S_2070
2024-05-12 14:18:56,-72.84671,7.025589,-75.592384,196.22685,875.4497,0.016593179,6745.745683533559,56.0,S_2070
2024-05-12 14:18:57,-72.90259,7.029907,-75.634346,196.07298,875.5201,0.016617153,6858.952999403747,56.0,S_2070
2024-05-12 14:18:58,-72.95843,7.0342712,-75.683304,195.91911,875.5293,0.021700079,6994.046046023682,56.0,S_2070
2024-05-12 14:18:59,-73.01423,7.0386505,-75.72527,195.76524,875.5145,0.021724137,7129.277640172504,56.0,S_2070
2024-05-12 14:19:00,-73.07,7.0430603,-75.767235,195.61137,875.51263,0.02343859,7289.196875375639,56.0,S_2070
2024-05-12 14:19:01,-73.12663,7.046646,-75.81619,195.4575,875.5163,0.023462946,7437.867648656151,56.0,S_2070
2024-05-12 14:19:02,-73.1832,7.050293,-75.85816,195.29665,875.5163,0.0224274,7576.930218189704,56.0,S_2070
2024-05-12 14:19:03,-73.2397,7.054001,-75.90012,195.14278,875.5163,0.021391856,7712.094637875364,56.0,S_2070
2024-05-12 14:19:04,-73.296135,7.05777,-75.942085,194.9819,875.5145,0.021172328,7858.150356262591,56.0,S_2070
2024-05-12 14:19:05,-73.3525,7.0615997,-75.99104,194.82104,875.5163,0.02119786,7991.481789013349,56.0,S_2070
2024-05-12 14:19:06,-73.4088,7.0654755,-76.03301,194.66017,875.5163,0.022402368,8159.8068938808065,56.0,S_2070
2024-05-12 14:19:07,-73.465034,7.0694275,-76.08897,194.49931,875.5163,0.02360688,8307.874459309049,56.0,S_2070
2024-05-12 14:19:08,-73.5212,7.0734253,-76.13093,194.33844,875.5145,0.023433464,8468.913634343186,56.0,S_2070
2024-05-12 14:19:09,-73.5773,7.077484,-76.179886,194.17758,875.5145,0.023459766,8618.781084664317,56.0,S_2070
2024-05-12 14:19:10,-73.63333,7.0816193,-76.221855,194.00972,875.5182,0.018404657,8733.526226040844,56.0,S_2070
2024-05-12 14:19:11,-73.6893,7.0858,-76.26382,193.84886,875.5182,0.018432034,8850.655387966515,56.0,S_2070
2024-05-12 14:19:12,-73.7452,7.090042,-76.30578,193.681,875.5071,0.01484058,8953.143686119874,56.0,S_2070
2024-05-12 14:19:13,-73.80103,7.094345,-76.354744,193.51314,875.50336,0.014869159,9046.7680885211,56.0,S_2070
2024-05-12 14:19:14,-73.8568,7.098709,-76.396706,193.34528,875.55334,0.013866157,9135.739489765308,56.0,S_2070
2024-05-12 14:19:15,-73.9125,7.103119,-76.43867,193.17043,875.6441,0.013890931,9222.957134129783,56.0,S_2070
2024-05-12 14:19:16,-73.96813,7.107605,-76.48064,193.00256,875.7145,0.0150652,9317.605470685507,56.0,S_2070
2024-05-12 14:19:17,-74.0237,7.112137,-76.5226,192.83472,875.72375,0.0150902495,9404.045891169544,56.0,S_2070
2024-05-12 14:19:18,-74.0792,7.116745,-76.55757,192.66685,875.7089,0.016684499,9522.70957533559,56.0,S_2070
2024-05-12 14:19:19,-74.134636,7.121399,-76.60653,192.485,875.7071,0.016712578,9629.307253693192,56.0,S_2070
2024-05-12 14:19:20,-74.19,7.126114,-76.64849,192.31015,875.7108,0.020235473,9758.855526937345,56.0,S_2070
2024-05-12 14:19:21,-74.2453,7.13089,-76.69046,192.1353,875.7108,0.020260409,9900.192865707808,56.0,S_2070
2024-05-12 14:19:22,-74.30053,7.135727,-76.73942,191.96045,875.7108,0.027689224,10080.890535484032,56.0,S_2070
2024-05-12 14:19:23,-74.3557,7.140625,-76.78138,191.7786,875.7108,0.027714027,10258.16813758745,56.0,S_2070
2024-05-12 14:19:24,-74.4108,7.145584,-76.82335,191.60374,875.7108,0.027199896,10450.920801025919,56.0,S_2070
2024-05-12 14:19:25,-74.465836,7.1506042,-76.87231,191.4219,875.7108,0.027230792,10627.689472637241,56.0,S_2070
2024-05-12 14:19:26,-74.5208,7.15567,-76.91427,191.24005,875.7108,0.023918685,10782.629257512803,56.0,S_2070
2024-05-12 14:19:27,-74.5757,7.1608124,-76.95624,191.05821,875.7089,0.023372738,10921.288459445743,56.0,S_2070
2024-05-12 14:19:28,-74.63053,7.1660004,-76.9912,190.87636,875.7089,0.02282679,11071.63685312469,56.0,S_2070
2024-05-12 14:19:29,-74.685295,7.1712494,-77.03317,190.68752,875.71265,0.022851866,11218.8818792128,56.0,S_2070
2024-05-12 14:19:30,-74.74,7.1765747,-77.075134,190.50568,875.7145,0.02129015,11358.367563088545,56.0,S_2070
2024-05-12 14:19:31,-74.79463,7.181946,-77.117096,190.31683,875.7015,0.021314647,11497.76704616371,56.0,S_2070
2024-05-12 14:19:32,-74.8492,7.187378,-77.159065,190.12799,875.6978,0.027203243,11661.599992930887,56.0,S_2070
2024-05-12 14:19:33,-74.9037,7.192871,-77.19403,189.93915,875.7478,0.027227132,11855.47703702189,56.0,S_2070
2024-05-12 14:19:34,-74.95813,7.19841,-77.243,189.7503,875.83856,0.030768916,12056.446321236719,56.0,S_2070
2024-05-12 14:19:35,-75.0125,7.2040253,-77.28496,189.56146,875.90894,0.034310702,12266.983073718677,56.0,S_2070
2024-05-12 14:19:36,-75.066795,7.2097015,-77.31993,189.36563,875.9182,0.04017511,12529.545229170948,56.0,S_2070
2024-05-12 14:19:37,-75.12103,7.2154236,-77.36189,189.17679,875.9034,0.046039518,12841.324580295859,56.0,S_2070
2024-05-12 14:19:38,-75.1752,7.2212067,-77.403854,188.97395,875.90155,0.051903926,13215.56679712547,56.0,S_2070
2024-05-12 14:19:39,-75.2293,7.227066,-77.45282,188.77812,875.9053,0.05193591,13532.553125302427,56.0,S_2070
2024-05-12 14:19:40,-75.28333,7.232971,-77.487785,188.58229,875.9053,0.062840536,13956.782142695867,56.0,S_2070
2024-05-12 14:19:41,-75.337296,7.2389374,-77.529755,188.37946,875.9053,0.062876165,14372.705957942724,56.0,S_2070
2024-05-12 14:19:42,-75.3912,7.2449646,-77.57172,188.18362,875.9053,0.07231866,14859.321310481471,56.0,S_2070
2024-05-12 14:19:43,-75.44503,7.251053,-77.61368,187.98079,875.9053,0.072357334,15345.344666558538,56.0,S_2070
2024-05-12 14:19:44,-75.4988,7.257202,-77.65565,187.77797,875.9053,0.055862706,15719.449765447822,56.0,S_2070
2024-05-12 14:19:45,-75.5525,7.263397,-77.69761,187.57513,875.9053,0.05590076,16071.492703090884,56.0,S_2070
2024-05-12 14:19:46,-75.60613,7.2696686,-77.73258,187.36531,875.9053,0.02755566,16254.535459718,56.0,S_2070
2024-05-12 14:19:47,-75.6597,7.2759857,-77.77454,187.16249,875.9053,0.027585713,16426.585012947835,56.0,S_2070
2024-05-12 14:19:48,-75.713196,7.282379,-77.80952,186.95267,875.9053,0.011652104,16504.036281907695,56.0,S_2070
2024-05-12 14:19:49,-75.76663,7.2888184,-77.85148,186.74284,875.9053,0.011685014,16575.45055981363,56.0,S_2070
2024-05-12 14:19:50,-75.82,7.2953186,-77.88645,186.53302,875.9034,0.003446056,16595.19408418261,56.0,S_2070
2024-05-12 14:19:51,-75.8733,7.30188,-77.921425,186.3232,875.9034,0.0034744814,16617.277382109,56.0,S_2070
2024-05-12 14:19:52,-75.92653,7.308502,-77.96339,186.10637,875.90894,0.0003453595,16617.55900855689,56.0,S_2070
2024-05-12 14:19:53,-75.9797,7.3151855,-78.00535,185.89655,875.91266,0.00036822265,16617.891080820966,56.0,S_2070
2024-05-12 14:19:54,-76.0328,7.32193,-78.04032,185.67973,875.9034,-0.003437397,16592.412529506022,56.0,S_2070
2024-05-12 14:19:55,-76.08583,7.32872,-78.08228,185.46292,875.8849,-0.003415478,16568.719873468894,56.0,S_2070
2024-05-12 14:19:56,-76.1388,7.3355865,-78.117256,185.2461,875.9108,-0.010094612,16496.631835546556,56.0,S_2070
2024-05-12 14:19:57,-76.191696,7.342499,-78.15922,185.0223,876.0127,-0.016773745,16388.645054410008,56.0,S_2070
2024-05-12 14:19:58,-76.24453,7.3494873,-78.19419,184.80547,876.1052,-0.016012093,16275.791064486712,56.0,S_2070
2024-05-12 14:19:59,-76.2973,7.3565216,-78.23616,184.58165,876.1182,-0.015988868,16171.178117713513,56.0,S_2070
2024-05-12 14:20:00,-76.35,7.363617,-78.271126,184.35785,876.0979,-0.0030073638,16150.00834478881,56.0,S_2070
2024-05-12 14:20:01,-76.40525,7.368973,-78.3061,184.13403,876.0941,-0.0029866635,16128.634546906342,56.0,S_2070
2024-05-12 14:20:02,-76.46036,7.374466,-78.34107,183.90323,876.0997,0.003922325,16152.202457349715,56.0,S_2070
2024-05-12 14:20:03,-76.5153,7.380066,-78.37604,183.67242,876.10156,0.003941735,16177.356213299076,56.0,S_2070
2024-05-12 14:20:04,-76.57009,7.385788,-78.41801,183.44861,876.0997,0.008575078,16230.863687685447,56.0,S_2070
2024-05-12 14:20:05,-76.62472,7.391632,-78.45297,183.2178,876.0997,0.008592529,16284.48701867822,56.0,S_2070
2024-05-12 14:20:06,-76.6792,7.3975983,-78.487946,182.987,876.0997,0.008960977,16341.502291744426,56.0,S_2070
2024-05-12 14:20:07,-76.73352,7.4036865,-78.52292,182.7492,876.0997,0.008976579,16401.847929505097,56.0,S_2070
2024-05-12 14:20:08,-76.78769,7.409897,-78.56488,182.51839,876.0997,0.02060562,16534.753172691362,56.0,S_2070
2024-05-12 14:20:09,-76.8417,7.416214,-78.59985,182.2806,876.0997,0.020623986,16680.171635867002,56.0,S_2070
2024-05-12 14:20:10,-76.89555,7.4226685,-78.641815,182.0358,876.0997,0.034769837,16904.806987227006,56.0,S_2070
2024-05-12 14:20:11,-76.94926,7.4292297,-78.67679,181.798,876.0997,0.03479724,17129.34519734222,56.0,S_2070
2024-05-12 14:20:12,-77.0028,7.435913,-78.711754,181.5602,876.0997,0.03363109,17350.009665430312,56.0,S_2070
2024-05-12 14:20:13,-77.05619,7.4427185,-78.74673,181.3154,876.0997,0.033658836,17570.37132276672,56.0,S_2070
2024-05-12 14:20:14,-77.10942,7.449646,-78.7817,181.07062,876.0979,0.027508317,17737.950318699768,56.0,S_2070
2024-05-12 14:20:15,-77.1625,7.4566956,-78.80968,180.82582,876.0997,0.027535519,17917.342598769505,56.0,S_2070
2024-05-12 14:20:16,-77.21542,7.463867,-78.84464,180.58102,876.1052,0.014522806,18012.55423632999,56.0,S_2070
2024-05-12 14:20:17,-77.26819,7.4711456,-78.879616,180.32924,876.0979,0.014548299,18101.546662170123,56.0,S_2070
2024-05-12 14:20:18,-77.3208,7.4785614,-78.90759,180.07745,876.0793,0.0025730687,18116.530233473364,56.0,S_2070
2024-05-12 14:20:19,-77.37325,7.486084,-78.942566,179.83266,876.1052,0.0026000808,18133.14656922118,56.0,S_2070
2024-05-12 14:20:20,-77.42555,7.4937286,-78.98453,179.58087,876.20526,0.00045386143,18134.11609698475,56.0,S_2070
2024-05-12 14:20:21,-77.4777,7.5015106,-79.0195,179.32208,876.29974,-0.0016923579,18120.904100008127,56.0,S_2070
2024-05-12 14:20:22,-77.529686,7.5093994,-79.05447,179.0703,876.32196,-0.0027159536,18101.805918625545,56.0,S_2070
2024-05-12 14:20:23,-77.58152,7.5174103,-79.08244,178.81151,876.30347,-0.0037395493,18076.384349448344,56.0,S_2070
2024-05-12 14:20:24,-77.6332,7.525528,-79.11042,178.55273,876.28864,0.014940522,18176.509917298023,56.0,S_2070
2024-05-12 14:20:25,-77.68472,7.533783,-79.14539,178.28696,876.2923,0.014968263,18274.65394596011,56.0,S_2070
2024-05-12 14:20:26,-77.73609,7.54216,-79.18036,178.02817,876.296,0.04285443,18563.982161953798,56.0,S_2070
2024-05-12 14:20:27,-77.7873,7.550644,-79.21533,177.76239,876.2942,0.042885337,18835.018248291966,56.0,S_2070
2024-05-12 14:20:28,-77.838356,7.55925,-79.24331,177.49661,876.2942,0.048419885,19160.988217752787,56.0,S_2070
2024-05-12 14:20:29,-77.88925,7.567993,-79.27828,177.23085,876.2942,0.048452824,19486.354349142162,56.0,S_2070
2024-05-12 14:20:30,-77.94,7.5768433,-79.31325,176.96507,876.2942,0.035467897,19713.124088197023,56.0,S_2070
2024-05-12 14:20:31,-77.990585,7.5858154,-79.341225,176.69229,876.2942,0.03550166,19950.16512188372,56.0,S_2070
2024-05-12 14:20:32,-78.04102,7.5949097,-79.3762,176.42651,876.2942,0.027828962,20141.64971017799,56.0,S_2070
2024-05-12 14:20:33,-78.0913,7.6041107,-79.41117,176.14676,876.2942,0.027861174,20318.045601738177,56.0,S_2070
2024-05-12 14:20:34,-78.14142,7.613449,-79.43915,175.874,876.2942,0.03651401,20549.545767954085,56.0,S_2070
2024-05-12 14:20:35,-78.19139,7.6229095,-79.46712,175.60121,876.2942,0.036549143,20785.36886107307,56.0,S_2070
2024-05-12 14:20:36,-78.2412,7.632477,-79.495094,175.32146,876.2942,0.039320003,21038.674541607004,56.0,S_2070
2024-05-12 14:20:37,-78.290855,7.642166,-79.52307,175.04169,876.2942,0.039359927,21307.837597128277,56.0,S_2070
2024-05-12 14:20:38,-78.340355,7.6519775,-79.558044,174.76192,876.2942,0.019968309,21434.833852093718,56.0,S_2070
2024-05-12 14:20:39,-78.3897,7.661911,-79.58602,174.48216,876.2923,0.020009125,21564.42277526808,56.0,S_2070
2024-05-12 14:20:40,-78.43889,7.6719666,-79.614,174.1954,876.2942,-0.0009947028,21555.952793755576,56.0,S_2070
2024-05-12 14:20:41,-78.48792,7.682144,-79.641975,173.90865,876.29974,-0.00095993676,21547.339828600496,56.0,S_2070
2024-05-12 14:20:42,-78.5368,7.692444,-79.67694,173.62189,876.29974,-0.004470588,21516.11537158783,56.0,S_2070
2024-05-12 14:20:43,-78.585526,7.7028656,-79.70492,173.33513,876.2812,-0.004439313,21485.26367971,56.0,S_2070
2024-05-12 14:20:44,-78.63409,7.713394,-79.732895,173.04837,876.2775,-0.0060644625,21443.168720246744,56.0,S_2070
2024-05-12 14:20:45,-78.6825,7.724045,-79.76087,172.75461,876.346,-0.0060311463,21401.347629842563,56.0,S_2070
2024-05-12 14:20:46,-78.73076,7.734833,-79.78885,172.46086,876.4553,-0.012163361,21319.16647523718,56.0,S_2070
2024-05-12 14:20:47,-78.778854,7.7457275,-79.816826,172.1671,876.509,-0.014929019,21221.99116746066,56.0,S_2070
2024-05-12 14:20:48,-78.8268,7.7567444,-79.83781,171.86636,876.49786,-0.017694678,21101.67901857974,56.0,S_2070
2024-05-12 14:20:49,-78.87459,7.7678833,-79.86578,171.56561,876.48303,-0.017666416,20983.856366877633,56.0,S_2070
2024-05-12 14:20:50,-78.92222,7.7791443,-79.89376,171.27187,876.48676,-0.020630028,20844.436651854296,56.0,S_2070
2024-05-12 14:20:51,-78.969696,7.790512,-79.92174,170.97112,876.4905,-0.02359364,20685.570998338837,56.0,S_2070
2024-05-12 14:20:52,-79.01702,7.802017,-79.949715,170.67036,876.4905,-0.026557252,20507.380828590693,56.0,S_2070
2024-05-12 14:20:53,-79.064186,7.813629,-79.97769,170.36961,876.48865,-0.026527604,20335.150243954635,56.0,S_2070
2024-05-12 14:20:54,-79.1112,7.8253784,-79.99867,170.06187,876.48865,-0.03931727,20081.337203889452,56.0,S_2070
2024-05-12 14:20:55,-79.15806,7.8372345,-80.01965,169.75414,876.48865,-0.03929288,19810.702119790752,56.0,S_2070
2024-05-12 14:20:56,-79.20476,7.8492126,-80.04763,169.4394,876.48865,-0.049780563,19474.89918341038,56.0,S_2070
2024-05-12 14:20:57,-79.2513,7.861313,-80.07561,169.13165,876.48865,-0.04975687,19149.998232275084,56.0,S_2070
2024-05-12 14:20:58,-79.29769,7.873535,-80.09659,168.81693,876.48865,-0.05733928,18783.7594893625,56.0,S_2070
2024-05-12 14:20:59,-79.343925,7.8858643,-80.11758,168.50919,876.48865,-0.057316814,18392.865205761074,56.0,S_2070
2024-05-12 14:21:00,-79.39,7.8983307,-80.14555,168.19444,876.48865,-0.060313985,17982.45665315234,56.0,S_2070
2024-05-12 14:21:01,-79.43953,7.908432,-80.17352,167.87971,876.48865,-0.060291212,17584.978017138255,56.0,S_2070
2024-05-12 14:21:02,-79.48878,7.918747,-80.19451,167.55798,876.48865,-0.052438527,17246.21941088939,56.0,S_2070
2024-05-12 14:21:03,-79.53775,7.9292603,-80.21549,167.24326,876.48865,-0.052418806,16901.75780010451,56.0,S_2070
2024-05-12 14:21:04,-79.58644,7.939972,-80.23647,166.92152,876.48865,-0.042721692,16621.153131808045,56.0,S_2070
2024-05-12 14:21:05,-79.63486,7.950897,-80.257454,166.5998,876.48865,-0.04269853,16322.612270750335,56.0,S_2070
2024-05-12 14:21:06,-79.683,7.962021,-80.28543,166.27107,876.48865,-0.043855414,16035.745984977313,56.0,S_2070
2024-05-12 14:21:07,-79.73086,7.973358,-80.30641,165.94934,876.48865,-0.043831233,15744.298504420965,56.0,S_2070
2024-05-12 14:21:08,-79.77844,7.984894,-80.3274,165.62062,876.48865,-0.047386453,15429.922846673555,56.0,S_2070
2024-05-12 14:21:09,-79.825745,7.996628,-80.34838,165.29189,876.48676,-0.04736373,15116.300758577005,56.0,S_2070
2024-05-12 14:21:10,-79.87277,8.008575,-80.36936,164.96317,876.4923,-0.043100964,14831.268527486047,56.0,S_2070
2024-05-12 14:21:11,-79.919525,8.020721,-80.39034,164.63445,876.49603,-0.043074805,14528.315380838796,56.0,S_2070
2024-05-12 14:21:12,-79.965996,8.033066,-80.41832,164.29872,876.48676,-0.044991057,14232.072248829665,56.0,S_2070
2024-05-12 14:21:13,-80.01219,8.045624,-80.4393,163.97,876.46826,-0.0449606,13931.253721589781,56.0,S_2070
2024-05-12 14:21:14,-80.058105,8.05838,-80.46028,163.6343,876.4942,-0.038565073,13682.331961790474,56.0,S_2070
2024-05-12 14:21:15,-80.103745,8.07135,-80.47427,163.29857,876.59607,-0.03853866,13429.167109581995,56.0,S_2070
2024-05-12 14:21:16,-80.14911,8.084518,-80.48826,162.95586,876.6886,-0.016447278,13313.23986580615,56.0,S_2070
2024-05-12 14:21:17,-80.19419,8.097885,-80.516235,162.62013,876.7016,-0.016421096,13200.853475018435,56.0,S_2070
2024-05-12 14:21:18,-80.239,8.111465,-80.537224,162.27744,876.68304,-0.01019675,13132.809027446134,56.0,S_2070
2024-05-12 14:21:19,-80.28352,8.125244,-80.55121,161.93472,876.67755,-0.010168883,13066.363927370227,56.0,S_2070
2024-05-12 14:21:20,-80.327774,8.139236,-80.56519,161.599,876.68304,-0.0178858,12942.659851330447,56.0,S_2070
2024-05-12 14:21:21,-80.37175,8.153427,-80.58618,161.2493,876.68494,-0.017850183,12825.557032165221,56.0,S_2070
2024-05-12 14:21:22,-80.41544,8.167816,-80.60017,160.90659,876.68494,-0.03040449,12617.218042633232,56.0,S_2070
2024-05-12 14:21:23,-80.458855,8.182419,-80.62115,160.55687,876.68304,-0.03036765,12416.329798888237,56.0,S_2070
2024-05-12 14:21:24,-80.502,8.19722,-80.63514,160.20717,876.68304,-0.04398996,12121.929627320304,56.0,S_2070
2024-05-12 14:21:25,-80.54486,8.212219,-80.65612,159.86446,876.68304,-0.043962706,11833.054304539575,56.0,S_2070
2024-05-12 14:21:26,-80.58744,8.227432,-80.670105,159.51476,876.68304,-0.051950388,11486.13273431513,56.0,S_2070
2024-05-12 14:21:27,-80.629745,8.242844,-80.6841,159.15805,876.68304,-0.051929537,11134.349191343359,56.0,S_2070
2024-05-12 14:21:28,-80.671776,8.258469,-80.70508,158.80835,876.68304,-0.060325425,10733.174329305715,56.0,S_2070
2024-05-12 14:21:29,-80.713524,8.274292,-80.71907,158.45164,876.68304,-0.060309257,10340.081082150731,56.0,S_2070
2024-05-12 14:21:30,-80.755,8.290314,-80.733055,158.10194,876.68304,-0.058081042,9954.898297026892,56.0,S_2070
2024-05-12 14:21:31,-80.79619,8.306549,-80.74705,157.74524,876.68304,-0.058062267,9570.375403205824,56.0,S_2070
2024-05-12 14:21:32,-80.837105,8.322983,-80.76103,157.38855,876.68304,-0.048639067,9248.389143481614,56.0,S_2070
2024-05-12 14:21:33,-80.87775,8.33963,-80.77502,157.03185,876.68304,-0.048612755,8921.115510630538,56.0,S_2070
2024-05-12 14:21:34,-80.918106,8.356476,-80.78901,156.66815,876.68304,-0.044973142,8630.290254306456,56.0,S_2070
2024-05-12 14:21:35,-80.95819,8.37352,-80.796005,156.31145,876.68304,-0.044942416,8328.277248116865,56.0,S_2070
2024-05-12 14:21:36,-80.99799,8.390778,-80.80999,155.94775,876.68304,-0.033015832,8110.649164953886,56.0,S_2070
2024-05-12 14:21:37,-81.03752,8.408234,-80.816986,155.58406,876.68304,-0.03298724,7888.913583601657,56.0,S_2070
2024-05-12 14:21:38,-81.076775,8.425888,-80.83097,155.22037,876.68304,-0.020934869,7747.656501836535,56.0,S_2070
2024-05-12 14:21:39,-81.115746,8.443756,-80.84496,154.85667,876.68304,-0.0209068,7609.6502150899605,56.0,S_2070
2024-05-12 14:21:40,-81.15444,8.4618225,-80.85196,154.49298,876.68304,-0.012931565,7521.878436666663,56.0,S_2070
2024-05-12 14:21:41,-81.192856,8.480103,-80.865944,154.12929,876.68304,-0.012902105,7434.397221475006,56.0,S_2070
2024-05-12 14:21:42,-81.230995,8.498581,-80.87993,153.7656,876.68304,-0.007782845,7379.999135690676,56.0,S_2070
2024-05-12 14:21:43,-81.26886,8.517258,-80.89392,153.3949,876.68304,-0.007751001,7326.907667453162,56.0,S_2070
2024-05-12 14:21:44,-81.30644,8.536148,-80.90092,153.02422,876.6868,-0.008950048,7267.078094744607,56.0,S_2070
2024-05-12 14:21:45,-81.34374,8.555237,-80.907906,152.66052,876.6868,-0.008917933,7206.444814058073,56.0,S_2070
2024-05-12 14:21:46,-81.380775,8.574539,-80.9149,152.28984,876.6738,-0.008863512,7146.177679810131,56.0,S_2070
2024-05-12 14:21:47,-81.41753,8.59404,-80.9219,151.91914,876.6701,-0.007679253,7092.709772997945,56.0,S_2070
2024-05-12 14:21:48,-81.453995,8.613739,-80.93588,151.54846,876.722,-0.0064949933,7048.114188754856,56.0,S_2070
2024-05-12 14:21:49,-81.49019,8.633652,-80.94288,151.17776,876.81274,-0.006461285,7003.7967478350165,56.0,S_2070
2024-05-12 14:21:50,-81.52611,8.653763,-80.949875,150.80708,876.8812,-0.005289635,6966.550852796683,56.0,S_2070
2024-05-12 14:21:51,-81.561745,8.674072,-80.95686,150.4294,876.8924,-0.0052559488,6930.1640946044445,56.0,S_2070
2024-05-12 14:21:52,-81.59711,8.694595,-80.96386,150.05872,876.87756,-0.0033618489,6906.242009037586,56.0,S_2070
2024-05-12 14:21:53,-81.63219,8.715317,-80.970856,149.68802,876.8739,-0.003336994,6882.241700236507,56.0,S_2070
2024-05-12 14:21:54,-81.66699,8.736252,-80.970856,149.31035,876.87756,-0.00026581733,6878.540202707038,56.0,S_2070
2024-05-12 14:21:55,-81.70152,8.757385,-80.97785,148.93266,876.8794,-0.0002483893,6874.946667913338,56.0,S_2070
2024-05-12 14:21:56,-81.73577,8.778732,-80.98484,148.55498,876.87756,0.0015029802,6882.828102649399,56.0,S_2070
2024-05-12 14:21:57,-81.769745,8.800262,-80.99184,148.1843,876.87756,0.0015211755,6891.044439246783,56.0,S_2070
2024-05-12 14:21:58,-81.80344,8.8220215,-80.99883,147.80661,876.87756,0.0015153982,6899.115964542187,56.0,S_2070
2024-05-12 14:21:59,-81.83685,8.843964,-80.99883,147.42892,876.87756,0.0015369935,6907.403437362604,56.0,S_2070
2024-05-12 14:22:00,-81.869995,8.866119,-81.00583,147.05124,876.87756,0.0020589726,6919.146660819257,56.0,S_2070
2024-05-12 14:22:01,-81.90851,8.889481,-81.01282,146.67355,876.87756,0.0020846706,6930.961906422487,56.0,S_2070
2024-05-12 14:22:02,-81.946556,8.912994,-81.01282,146.29588,876.87756,0.007751259,6980.4624855154725,56.0,S_2070
2024-05-12 14:22:03,-81.98413,8.936691,-81.01981,145.9182,876.87756,0.007781346,7029.786461051335,56.0,S_2070
2024-05-12 14:22:04,-82.02124,8.960556,-81.01981,145.54051,876.87756,0.017052319,7140.160797108997,56.0,S_2070
2024-05-12 14:22:05,-82.05788,8.984589,-81.01981,145.16283,876.87756,0.017076155,7250.688179401238,56.0,S_2070
2024-05-12 14:22:06,-82.09405,9.008804,-81.01981,144.78516,876.87756,0.02166847,7391.462012837004,56.0,S_2070
2024-05-12 14:22:07,-82.129745,9.033173,-81.01981,144.40747,876.87756,0.021688592,7533.316105234912,56.0,S_2070
2024-05-12 14:22:08,-82.16497,9.057724,-81.02681,144.02979,876.87756,0.022267122,7680.641410298047,56.0,S_2070
2024-05-12 14:22:09,-82.19973,9.082443,-81.02681,143.64511,876.87756,0.022296935,7825.408961913716,56.0,S_2070
2024-05-12 14:22:10,-82.234024,9.10733,-81.02681,143.26743,876.87756,0.022304332,7970.261604170037,56.0,S_2070
2024-05-12 14:22:11,-82.267845,9.132385,-81.02681,142.88974,876.87756,0.022337085,8113.712597665011,56.0,S_2070
2024-05-12 14:22:12,-82.30119,9.157623,-81.01981,142.51906,876.87756,0.011465497,8188.722288633541,56.0,S_2070
2024-05-12 14:22:13,-82.334076,9.183014,-81.01981,142.13438,876.87756,0.01149572,8263.038745249401,56.0,S_2070
2024-05-12 14:22:14,-82.36649,9.208588,-81.01282,141.7567,876.87756,-0.013065373,8174.437952430376,56.0,S_2070
2024-05-12 14:22:15,-82.39844,9.234329,-81.01981,141.37901,876.87756,-0.013037738,8086.694364528997,56.0,S_2070
2024-05-12 14:22:16,-82.42991,9.260239,-81.01981,141.00133,876.87756,-0.03459601,7856.978145277523,56.0,S_2070
2024-05-12 14:22:17,-82.460915,9.286316,-81.01981,140.62366,876.87756,-0.034571595,7625.730913280603,56.0,S_2070
2024-05-12 14:22:18,-82.49145,9.312576,-81.01282,140.24597,876.8794,-0.052292813,7276.641647231329,56.0,S_2070
2024-05-12 14:22:19,-82.521515,9.3390045,-81.00583,139.86829,876.8794,-0.052265264,6930.007522905444,56.0,S_2070
2024-05-12 14:22:20,-82.55111,9.365585,-81.00583,139.4906,876.87756,-0.05287424,6576.825078600736,56.0,S_2070
2024-05-12 14:22:21,-82.58023,9.392349,-80.99883,139.11293,876.87756,-0.052856956,6223.4496374327355,56.0,S_2070
2024-05-12 14:22:22,-82.608894,9.419296,-80.99184,138.73524,876.8812,-0.024279824,6059.96068335192,56.0,S_2070
2024-05-12 14:22:23,-82.63708,9.446396,-80.98484,138.35756,876.8831,-0.024273673,5899.347544928001,56.0,S_2070
2024-05-12 14:22:24,-82.664795,9.473679,-80.97785,137.98688,876.86646,-0.0037936023,5872.354879982818,56.0,S_2070
2024-05-12 14:22:25,-82.69205,9.501114,-80.97785,137.60919,876.8609,-0.003780927,5845.721076082963,56.0,S_2070
2024-05-12 14:22:26,-82.71883,9.528732,-80.970856,137.2385,876.92755,-0.0025470508,5826.839446371857,56.0,S_2070
2024-05-12 14:22:27,-82.74513,9.556519,-80.96386,136.86082,877.0387,-0.0025251552,5808.362437136941,56.0,S_2070
2024-05-12 14:22:28,-82.77097,9.584473,-80.95686,136.49013,877.09796,-0.0021970035,5791.897839081155,56.0,S_2070
2024-05-12 14:22:29,-82.79635,9.61261,-80.95686,136.11244,877.09235,-0.001868852,5777.752055944221,56.0,S_2070
2024-05-12 14:22:30,-82.82124,9.6409,-80.949875,135.74176,877.072,-0.0007441016,5770.7799036596625,56.0,S_2070
2024-05-12 14:22:31,-82.84568,9.669373,-80.93588,135.36407,877.0683,-0.0007233699,5764.052108855873,56.0,S_2070
2024-05-12 14:22:32,-82.869644,9.698013,-80.928894,134.9934,877.07385,0.00033902732,5764.3431845850355,56.0,S_2070
2024-05-12 14:22:33,-82.893135,9.726822,-80.9219,134.6297,877.07385,-0.0006964216,5757.89672340029,56.0,S_2070
2024-05-12 14:22:34,-82.91616,9.755814,-80.9149,134.259,877.072,-0.0017318706,5744.591599930707,56.0,S_2070
2024-05-12 14:22:35,-82.93871,9.784958,-80.907906,133.88832,877.072,-0.0027673196,5724.065904987009,56.0,S_2070
2024-05-12 14:22:36,-82.9608,9.814285,-80.89392,133.51764,877.072,-0.0038027684,5697.012878632016,56.0,S_2070
2024-05-12 14:22:37,-82.982414,9.8437805,-80.886925,133.14694,877.07385,-0.0048382175,5663.74393316555,56.0,S_2070
2024-05-12 14:22:38,-83.003555,9.873444,-80.87993,132.78325,877.072,-0.005873666,5622.93498726793,56.0,S_2070
2024-05-12 14:22:39,-83.02424,9.903275,-80.865944,132.41956,877.072,-0.0069091152,5575.268942967382,56.0,S_2070
2024-05-12 14:22:40,-83.04444,9.933273,-80.85895,132.04887,877.072,-0.007944564,5520.580037857163,56.0,S_2070
2024-05-12 14:22:41,-83.06418,9.963455,-80.84496,131.68518,877.072,-0.008980013,5461.280176578617,56.0,S_2070
2024-05-12 14:22:42,-83.08345,9.99379,-80.83797,131.32848,877.072,-0.010015462,5392.756721727181,56.0,S_2070
2024-05-12 14:22:43,-83.10225,10.024307,-80.82398,130.96478,877.072,-0.011050911,5314.624767880324,56.0,S_2070
2024-05-12 14:22:44,-83.120575,10.054993,-80.80299,130.60109,877.072,-0.01208636,5231.867169492482,56.0,S_2070
2024-05-12 14:22:45,-83.138435,10.085846,-80.78901,130.2374,877.072,-0.013121809,5145.594184597028,56.0,S_2070
2024-05-12 14:22:46,-83.15582,10.116882,-80.78201,129.88069,877.072,-0.014157258,5048.948713128701,56.0,S_2070
2024-05-12 14:22:47,-83.172745,10.148071,-80.76803,129.517,877.072,-0.015192707,4946.973347754465,56.0,S_2070
2024-05-12 14:22:48,-83.1892,10.179443,-80.754036,129.1603,877.072,-0.016228156,4838.068632881858,56.0,S_2070
2024-05-12 14:22:49,-83.20518,10.210983,-80.74005,128.8036,877.072,-0.017263604,4722.1657314438235,56.0,S_2070
2024-05-12 14:22:50,-83.220695,10.242691,-80.72606,128.4469,877.072,-0.018299054,4597.232326693855,56.0,S_2070
2024-05-12 14:22:51,-83.23573,10.274582,-80.70508,128.0972,877.072,-0.019334503,4469.540691548652,56.0,S_2070
2024-05-12 14:22:52,-83.25031,10.306625,-80.69109,127.74749,877.072,-0.02036995,4332.488336670573,56.0,S_2070
2024-05-12 14:22:53,-83.26441,10.338852,-80.6771,127.390785,877.072,-0.0214054,4186.003314965867,56.0,S_2070
2024-05-12 14:22:54,-83.278046,10.371231,-80.65612,127.041084,877.072,-0.022440849,4037.381126975616,56.0,S_2070
2024-05-12 14:22:55,-83.291214,10.403793,-80.642136,126.691376,877.072,-0.023476299,3881.846285209882,56.0,S_2070
2024-05-12 14:22:56,-83.30391,10.436539,-80.62814,126.341675,877.072,-0.024511747,3722.3405889550895,56.0,S_2070
2024-05-12 14:22:57,-83.31614,10.469437,-80.61416,125.99896,877.072,-0.025547195,3552.8131983544054,56.0,S_2070
2024-05-12 14:22:58,-83.327896,10.502502,-80.60017,125.649254,877.072,-0.026582645,3364.921484595794,56.0,S_2070
2024-05-12 14:22:59,-83.33918,10.535751,-80.57219,125.30654,877.072,-0.027618093,3180.8920048000828,56.0,S_2070
2024-05-12 14:23:00,-83.35,10.569168,-80.558205,124.95684,877.072,-0.028653543,2986.770568299461,56.0,S_2070
2024-05-12 14:23:01,-83.35879,10.612228,-80.537224,124.61413,877.072,-0.029688992,2795.8829684627235,56.0,S_2070
2024-05-12 14:23:02,-83.367165,10.655151,-80.52323,124.278404,877.072,-0.03072444,2594.427935614572,56.0,S_2070
2024-05-12 14:23:03,-83.37512,10.697922,-80.50925,123.9357,877.072,-0.031759888,2382.3593083703545,56.0,S_2070
2024-05-12 14:23:04,-83.38267,10.74054,-80.48826,123.599976,877.07385,-0.03279534,2162.9836190328633,56.0,S_2070
2024-05-12 14:23:05,-83.38979,10.783005,-80.46728,123.26426,877.07385,-0.033830788,1936.3104051199207,56.0,S_2070
2024-05-12 14:23:06,-83.3965,10.825317,-80.4463,122.92854,877.072,-0.034866236,1710.5222852043476,56.0,S_2070
2024-05-12 14:23:07,-83.402794,10.867477,-80.43231,122.59283,877.0702,-0.035901684,1469.405224885715,56.0,S_2070
2024-05-12 14:23:08,-83.40867,10.909485,-80.41132,122.25711,877.07385,-0.036937132,1225.3350922498435,56.0,S_2070
2024-05-12 14:23:09,-83.41412,10.95134,-80.39034,121.92838,877.0776,-0.037972584,969.4044055648853,56.0,S_2070
2024-05-12 14:23:10,-83.41917,10.993057,-80.36936,121.59267,877.072,-0.039008033,702.895109596391,56.0,S_2070
2024-05-12 14:23:11,-83.42379,11.034607,-80.341385,121.27094,877.05164,-0.04004348,436.77423598577616,56.0,S_2070
2024-05-12 14:23:12,-83.428,11.076019,-80.320404,120.942215,877.07947,-0.04107893,163.3750848670761,56.0,S_2070
2024-05-12 14:23:13,-83.43179,11.117279,-80.29942,120.613495,877.17944,-0.042114377,-117.41033205624012,56.0,S_2070
2024-05-12 14:23:14,-83.435165,11.158386,-80.278435,120.28477,877.272,-0.04314983,-400.24571285316006,56.0,S_2070
2024-05-12 14:23:15,-83.438126,11.199341,-80.257454,119.96304,877.2868,-0.044185277,-684.8800645486319,56.0,S_2070
2024-05-12 14:23:16,-83.44067,11.240143,-80.23647,119.64831,877.2665,-0.045220725,-982.2351009447806,56.0,S_2070
2024-05-12 14:23:17,-83.44279,11.280792,-80.21549,119.32658,877.25903,-0.046256173,-1286.9529261442676,56.0,S_2070
2024-05-12 14:23:18,-83.444496,11.321304,-80.19451,119.004845,877.26465,-0.047291625,-1608.547912975118,56.0,S_2070
2024-05-12 14:23:19,-83.44579,11.361649,-80.166534,118.69011,877.2683,-0.048327073,-1937.9385306373813,56.0,S_2070
2024-05-12 14:23:20,-83.44666,11.401855,-80.13856,118.375374,877.2683,-0.04936252,-2275.0897512564757,56.0,S_2070
2024-05-12 14:23:21,-83.44712,11.441895,-80.11058,118.06064,877.2665,-0.05039797,-2603.734985086356,56.0,S_2070
2024-05-12 14:23:22,-83.44717,11.481796,-80.0896,117.7459,877.2665,-0.051433418,-2933.1659677408925,56.0,S_2070
2024-05-12 14:23:23,-83.44679,11.521545,-80.06861,117.43816,877.2683,-0.05246887,-3293.231120912665,56.0,S_2070
2024-05-12 14:23:24,-83.446,11.561142,-80.04064,117.12343,877.2683,-0.053504318,-3654.9068099703213,56.0,S_2070
2024-05-12 14:23:25,-83.44479,11.600586,-80.012665,116.81569,877.2683,-0.054539766,-4017.777416488566,56.0,S_2070
2024-05-12 14:23:26,-83.44317,11.639877,-79.98469,116.51494,877.2683,-0.055575214,-4376.842777584372,56.0,S_2070
2024-05-12 14:23:27,-83.441124,11.679031,-79.9637,116.2072,877.2683,-0.056610662,-4754.6958298332665,56.0,S_2070
2024-05-12 14:23:28,-83.43867,11.718018,-79.93573,115.906456,877.2683,-0.057646114,-5121.305376775155,56.0,S_2070
2024-05-12 14:23:29,-83.43579,11.756866,-79.91474,115.605705,877.2683,-0.058681563,-5521.493065522942,56.0,S_2070
2024-05-12 14:23:30,-83.432495,11.7955475,-79.886765,115.297966,877.2683,-0.05971701,-5922.471355811368,56.0,S_2070
2024-05-12 14:23:31,-83.42879,11.834091,-79.85879,114.997215,877.2683,-0.0596808,-6316.742289498667,56.0,S_2070
2024-05-12 14:23:32,-83.42467,11.872482,-79.83082,114.70347,877.2683,-0.059150178,-6708.346141729499,56.0,S_2070
2024-05-12 14:23:33,-83.42012,11.910721,-79.80284,114.40971,877.2683,-0.05861956,-7077.732058160257,56.0,S_2070
2024-05-12 14:23:34,-83.41517,11.948807,-79.78185,114.11596,877.2683,-0.058088936,-7463.620583116064,56.0,S_2070
2024-05-12 14:23:35,-83.40979,11.98674,-79.75388,113.822205,877.2683,-0.057558313,-7863.546142737147,56.0,S_2070
2024-05-12 14:23:36,-83.404,12.024536,-79.71891,113.535446,877.2683,-0.057027694,-8237.420264504159,56.0,S_2070
2024-05-12 14:23:37,-83.39779,12.062164,-79.69093,113.24869,877.2683,-0.05649707,-8615.441695969925,56.0,S_2070
2024-05-12 14:23:38,-83.39117,12.099655,-79.66296,112.95494,877.2683,-0.055966448,-8983.827780585672,56.0,S_2070
2024-05-12 14:23:39,-83.384125,12.136978,-79.63498,112.66818,877.2683,-0.055435825,-9349.457546731763,56.0,S_2070
2024-05-12 14:23:40,-83.37666,12.174164,-79.607,112.381424,877.2683,-0.054905206,-9705.557413750797,56.0,S_2070
2024-05-12 14:23:41,-83.36879,12.211197,-79.579025,112.101654,877.2683,-0.054374583,-10065.666118127594,56.0,S_2070
2024-05-12 14:23:42,-83.3605,12.248077,-79.55105,111.814896,877.2683,-0.05384396,-10438.511386081573,56.0,S_2070
2024-05-12 14:23:43,-83.35179,12.284805,-79.51608,111.53513,877.2683,-0.05331334,-10802.41402590994,56.0,S_2070
2024-05-12 14:23:44,-83.34267,12.321381,-79.48111,111.26236,877.2683,-0.052782718,-11148.003269511173,56.0,S_2070
2024-05-12 14:23:45,-83.33312,12.357803,-79.45313,110.9826,877.2683,-0.052252095,-11505.989534352495,56.0,S_2070
2024-05-12 14:23:46,-83.323166,12.394089,-79.41816,110.70982,877.2683,-0.051721476,-11839.697826338208,56.0,S_2070
2024-05-12 14:23:47,-83.31279,12.430206,-79.39018,110.43706,877.2683,-0.051190853,-12191.77848277539,56.0,S_2070
2024-05-12 14:23:48,-83.302,12.466187,-79.35522,110.16428,877.2683,-0.05066023,-12520.141689869737,56.0,S_2070
2024-05-12 14:23:49,-83.290794,12.502014,-79.32724,109.89152,877.2683,-0.05012961,-12845.607420834138,56.0,S_2070
2024-05-12 14:23:50,-83.27917,12.537689,-79.29926,109.618744,877.2683,-0.04959899,-13161.99309140407,56.0,S_2070
2024-05-12 14:23:51,-83.26713,12.573196,-79.271286,109.35297,877.2683,-0.049068365,-13496.183222083491,56.0,S_2070
2024-05-12 14:23:52,-83.25467,12.608582,-79.23631,109.0872,877.2683,-0.048537742,-13827.601425753875,56.0,S_2070
2024-05-12 14:23:53,-83.24179,12.643799,-79.20135,108.82142,877.2683,-0.048007123,-14150.404130099676,56.0,S_2070
2024-05-12 14:23:54,-83.2285,12.678864,-79.166374,108.56264,877.2683,-0.0474765,-14456.202246569836,56.0,S_2070
2024-05-12 14:23:55,-83.21479,12.713776,-79.1384,108.29686,877.2683,-0.046945877,-14753.063173567727,56.0,S_2070
2024-05-12 14:23:56,-83.20067,12.74855,-79.11042,108.03808,877.2683,-0.04641526,-15066.764699403851,56.0,S_2070
2024-05-12 14:23:57,-83.18613,12.783173,-79.07545,107.7793,877.2683,-0.045884635,-15377.668098147104,56.0,S_2070
2024-05-12 14:23:58,-83.171165,12.817627,-79.04048,107.52051,877.2683,-0.045354012,-15680.179014461724,56.0,S_2070
2024-05-12 14:23:59,-83.15579,12.851944,-79.00551,107.26872,877.2683,-0.044823393,-16001.634210787208,56.0,S_2070
2024-05-12 14:24:00,-83.14,12.886108,-78.96355,107.01694,877.2683,-0.04429277,-16298.555475465735,56.0,S_2070
2024-05-12 14:24:01,-83.117485,12.922531,-78.92857,106.765144,877.2683,-0.043762147,-16573.732418289328,56.0,S_2070
2024-05-12 14:24:02,-83.09476,12.958725,-78.9006,106.51336,877.2683,-0.04323153,-16864.372809889548,56.0,S_2070
2024-05-12 14:24:03,-83.07184,12.994675,-78.86562,106.26157,877.2683,-0.042700905,-17146.959468595353,56.0,S_2070
2024-05-12 14:24:04,-83.04871,13.0303955,-78.83066,106.01678,877.2683,-0.042170282,-17426.604245597813,56.0,S_2070
2024-05-12 14:24:05,-83.02538,13.065887,-78.795685,105.77198,877.2683,-0.04163966,-17703.299871261166,56.0,S_2070
2024-05-12 14:24:06,-83.00185,13.1011505,-78.76071,105.52719,877.2683,-0.04110904,-17977.023044662248,56.0,S_2070
2024-05-12 14:24:07,-82.97811,13.136169,-78.725746,105.282394,877.2683,-0.040578417,-18230.363771935554,56.0,S_2070
2024-05-12 14:24:08,-82.95418,13.170959,-78.69777,105.0376,877.2683,-0.040047795,-18492.95557836476,56.0,S_2070
2024-05-12 14:24:09,-82.93004,13.205521,-78.662796,104.799805,877.2683,-0.039517175,-18772.312785005535,56.0,S_2070
2024-05-12 14:24:10,-82.90569,13.239853,-78.620834,104.562004,877.2683,-0.038986553,-19029.34847757386,56.0,S_2070
2024-05-12 14:24:11,-82.88115,13.273941,-78.58586,104.3242,877.2683,-0.03845593,-19283.241693769,56.0,S_2070
2024-05-12 14:24:12,-82.8564,13.307816,-78.550896,104.0864,877.2683,-0.03792531,-19517.715215910157,56.0,S_2070
2024-05-12 14:24:13,-82.83145,13.341446,-78.52292,103.8486,877.2683,-0.037394688,-19779.4917402641,56.0,S_2070
2024-05-12 14:24:14,-82.8063,13.374832,-78.48095,103.6178,877.2683,-0.036864065,-20042.617778600616,56.0,S_2070
2024-05-12 14:24:15,-82.78094,13.408005,-78.43899,103.38,877.2683,-0.036333445,-20280.152033050133,56.0,S_2070
2024-05-12 14:24:16,-82.75538,13.440933,-78.404015,103.14919,877.2683,-0.035802823,-20510.03871187952,56.0,S_2070
2024-05-12 14:24:17,-82.729614,13.473633,-78.36904,102.92538,877.2683,-0.0352722,-20736.90787872142,56.0,S_2070
2024-05-12 14:24:18,-82.70365,13.5061035,-78.334076,102.70157,877.2683,-0.034741577,-20965.1992795975,56.0,S_2070
2024-05-12 14:24:19,-82.67748,13.538345,-78.2991,102.470764,877.2683,-0.034210958,-21203.427568283227,56.0,S_2070
2024-05-12 14:24:20,-82.65111,13.570343,-78.25714,102.24695,877.2683,-0.033680335,-21421.588110329085,56.0,S_2070
2024-05-12 14:24:21,-82.624535,13.602112,-78.22217,102.02314,877.2683,-0.03314971,-21653.256031963832,56.0,S_2070
2024-05-12 14:24:22,-82.59776,13.633652,-78.18021,101.799324,877.2683,-0.032619093,-21861.32504580328,56.0,S_2070
2024-05-12 14:24:23,-82.570786,13.6649475,-78.14523,101.58251,877.2683,-0.03208847,-22086.383291390834,56.0,S_2070
2024-05-12 14:24:24,-82.5436,13.69603,-78.10327,101.358696,877.2683,-0.031557847,-22288.545993336225,56.0,S_2070
2024-05-12 14:24:25,-82.51621,13.726868,-78.0683,101.14188,877.2683,-0.031027226,-22499.640060551847,56.0,S_2070
2024-05-12 14:24:26,-82.488625,13.757477,-78.02634,100.93205,877.2683,-0.030496605,-22711.25699628954,56.0,S_2070
2024-05-12 14:24:27,-82.46084,13.787842,-77.98437,100.71524,877.2683,-0.029965982,-22904.44301553927,56.0,S_2070
2024-05-12 14:24:28,-82.432846,13.817993,-77.9494,100.49842,877.2683,-0.02943536,-23105.830042781112,56.0,S_2070
2024-05-12 14:24:29,-82.40465,13.8479,-77.90743,100.2886,877.2683,-0.02890474,-23292.957750666028,56.0,S_2070
2024-05-12 14:24:30,-82.37625,13.877579,-77.87246,100.07178,877.2683,-0.028374117,-23487.766938094166,56.0,S_2070
2024-05-12 14:24:31,-82.34765,13.907013,-77.8305,99.86195,877.2683,-0.027843496,-23665.17298926229,56.0,S_2070
2024-05-12 14:24:32,-82.31885,13.9362335,-77.795525,99.65213,877.2683,-0.027312873,-23850.083250065625,56.0,S_2070
2024-05-12 14:24:33,-82.28984,13.96521,-77.75356,99.4493,877.2683,-0.026782252,-24021.41933998301,56.0,S_2070
2024-05-12 14:24:34,-82.26063,13.9939575,-77.71859,99.23948,877.2683,-0.02625163,-24199.775160670255,56.0,S_2070
2024-05-12 14:24:35,-82.23122,14.022461,-77.67663,99.03665,877.2683,-0.025721008,-24361.657670110853,56.0,S_2070
2024-05-12 14:24:36,-82.2016,14.050751,-77.641655,98.833824,877.2683,-0.025190387,-24533.38613499391,56.0,S_2070
2024-05-12 14:24:37,-82.17178,14.078796,-77.59969,98.63099,877.2683,-0.024659766,-24715.88723352319,56.0,S_2070
2024-05-12 14:24:38,-82.14176,14.106613,-77.550735,98.42816,877.2683,-0.024129143,-24878.48322665281,56.0,S_2070
2024-05-12 14:24:39,-82.111534,14.134201,-77.508766,98.23233,877.2683,-0.023598522,-25025.219839666337,56.0,S_2070
2024-05-12 14:24:40,-82.08111,14.161545,-77.4738,98.03649,877.2683,-0.023067899,-25168.781041787155,56.0,S_2070
2024-05-12 14:24:41,-82.05048,14.18866,-77.43883,97.84066,877.2683,-0.022537278,-25323.85494828737,56.0,S_2070
2024-05-12 14:24:42,-82.01965,14.215546,-77.396866,97.637825,877.2683,-0.022006657,-25473.07469609967,56.0,S_2070
2024-05-12 14:24:43,-81.98862,14.242203,-77.3549,97.44199,877.2683,-0.021476034,-25618.942118967083,56.0,S_2070
2024-05-12 14:24:44,-81.957375,14.268631,-77.312935,97.246155,877.2683,-0.020945413,-25771.012902970404,56.0,S_2070
2024-05-12 14:24:45,-81.92594,14.294815,-77.26398,97.05732,877.2683,-0.02041479,-25897.080913639114,56.0,S_2070
2024-05-12 14:24:46,-81.894295,14.32077,-77.229004,96.86848,877.2683,-0.01988417,-26030.302582155826,56.0,S_2070
2024-05-12 14:24:47,-81.86245,14.346497,-77.18704,96.679634,877.2683,-0.019353548,-26160.396611960092,56.0,S_2070
2024-05-12 14:24:48,-81.8304,14.371979,-77.14507,96.49079,877.2683,-0.018822925,-26287.163136899977,56.0,S_2070
2024-05-12 14:24:49,-81.79815,14.397247,-77.10311,96.301956,877.2683,-0.018292304,-26410.618421264,56.0,S_2070
2024-05-12 14:24:50,-81.76569,14.422272,-77.06114,96.11311,877.2683,-0.017761683,-26521.39356136742,56.0,S_2070
2024-05-12 14:24:51,-81.73304,14.447067,-77.02618,95.92427,877.2683,-0.01723106,-26635.835678226194,56.0,S_2070
2024-05-12 14:24:52,-81.70018,14.471619,-76.98421,95.742424,877.2683,-0.01670044,-26756.789266623287,56.0,S_2070
2024-05-12 14:24:53,-81.667114,14.495941,-76.93525,95.56058,877.2683,-0.016169816,-26864.93541084757,56.0,S_2070
2024-05-12 14:24:54,-81.63385,14.52005,-76.89329,95.37873,877.2683,-0.015639195,-26969.592325625563,56.0,S_2070
2024-05-12 14:24:55,-81.60038,14.5439,-76.851326,95.196884,877.2683,-0.015615629,-27072.33005044832,56.0,S_2070
2024-05-12 14:24:56,-81.56671,14.567535,-76.80936,95.02203,877.2683,-0.009765954,-27138.542613388265,56.0,S_2070
2024-05-12 14:24:57,-81.53284,14.590927,-76.767395,94.84018,877.2683,-0.009740728,-27198.237613530007,56.0,S_2070
2024-05-12 14:24:58,-81.498764,14.61409,-76.73242,94.66533,877.2683,-0.010858231,-27276.683999738325,56.0,S_2070
2024-05-12 14:24:59,-81.464485,14.637024,-76.683464,94.49048,877.2683,-0.010615606,-27347.65695909755,56.0,S_2070
2024-05-12 14:25:00,-81.43,14.659729,-76.6415,94.31563,877.2683,-0.01037298,-27418.309082294498,56.0,S_2070
2024-05-12 14:25:01,-81.39253,14.678543,-76.59953,94.13377,877.2683,-0.010130354,-27490.936029757348,56.0,S_2070
2024-05-12 14:25:02,-81.35495,14.69725,-76.550575,93.96592,877.2683,-0.006783038,-27537.180447834744,56.0,S_2070
2024-05-12 14:25:03,-81.31726,14.715851,-76.50861,93.79107,877.2683,-0.0068042246,-27582.640290120944,56.0,S_2070
2024-05-12 14:25:04,-81.279465,14.734329,-76.466644,93.62321,877.2683,-0.006825411,-27633.08874193079,56.0,S_2070
2024-05-12 14:25:05,-81.24156,14.752716,-76.41769,93.44836,877.2683,-0.0068465974,-27679.125126019047,56.0,S_2070
2024-05-12 14:25:06,-81.20355,14.770981,-76.375725,93.280495,877.2683,-0.006867784,-27725.163033969122,56.0,S_2070
2024-05-12 14:25:07,-81.16543,14.789139,-76.333755,93.11264,877.2683,-0.0068889707,-27771.398710646095,56.0,S_2070
2024-05-12 14:25:08,-81.1272,14.80719,-76.291794,92.94478,877.2683,-0.0069101574,-27821.097038101267,56.0,S_2070
2024-05-12 14:25:09,-81.08886,14.825134,-76.242836,92.78391,877.2683,-0.0069313436,-27867.890229943187,56.0,S_2070
2024-05-12 14:25:10,-81.050415,14.842972,-76.20087,92.61606,877.2683,-0.0069525302,-27913.855583955574,56.0,S_2070
2024-05-12 14:25:11,-81.01186,14.8607025,-76.158905,92.45519,877.2683,-0.006973717,-27964.140912792653,56.0,S_2070
2024-05-12 14:25:12,-80.9732,14.878311,-76.10995,92.29433,877.2683,-0.0069949036,-28011.555476208898,56.0,S_2070
2024-05-12 14:25:13,-80.934425,14.895828,-76.06798,92.126465,877.2683,-0.0070160897,-28058.12057619259,56.0,S_2070
2024-05-12 14:25:14,-80.895546,14.913223,-76.02602,91.9656,877.2683,-0.0070372764,-28104.85028043365,56.0,S_2070
2024-05-12 14:25:15,-80.85656,14.930511,-75.984055,91.80474,877.2683,-0.007058463,-28155.96317414528,56.0,S_2070
2024-05-12 14:25:16,-80.81747,14.947708,-75.9351,91.643875,877.2683,-0.0070796497,-28202.371170378632,56.0,S_2070
2024-05-12 14:25:17,-80.77826,14.964783,-75.89313,91.490005,877.2683,-0.007100836,-28248.76219279677,56.0,S_2070
2024-05-12 14:25:18,-80.73895,14.981735,-75.851166,91.33613,877.2683,-0.0071220226,-28300.470389875405,56.0,S_2070
2024-05-12 14:25:19,-80.69953,14.998596,-75.80221,91.17527,877.2683,-0.007143209,-28351.752343096698,56.0,S_2070
2024-05-12 14:25:20,-80.659996,15.01535,-75.75325,91.0214,877.2683,-0.007164396,-28403.218885775488,56.0,S_2070
2024-05-12 14:25:21,-80.62036,15.031982,-75.704285,90.86752,877.2683,-0.0071855825,-28450.586173750537,56.0,S_2070
2024-05-12 14:25:22,-80.58061,15.048508,-75.66232,90.71365,877.2683,-0.0072067687,-28497.971763522604,56.0,S_2070
2024-05-12 14:25:23,-80.540764,15.064941,-75.62036,90.559784,877.2683,-0.0072279554,-28544.62173098565,56.0,S_2070
2024-05-12 14:25:24,-80.5008,15.081253,-75.57839,90.41291,877.2683,-0.007249142,-28596.692534683818,56.0,S_2070
2024-05-12 14:25:25,-80.46073,15.097458,-75.529434,90.25904,877.2683,-0.0072703287,-28648.31725834075,56.0,S_2070
2024-05-12 14:25:26,-80.42055,15.113556,-75.48048,90.11216,877.2683,-0.007291515,-28700.11544946697,56.0,S_2070
2024-05-12 14:25:27,-80.380264,15.129532,-75.43152,89.96529,877.2683,-0.0073127015,-28747.694118938056,56.0,S_2070
2024-05-12 14:25:28,-80.33987,15.145416,-75.38955,89.81841,877.2683,-0.007333888,-28795.28187109842,56.0,S_2070
2024-05-12 14:25:29,-80.29936,15.161179,-75.34759,89.67153,877.2683,-0.007355075,-28847.504289733177,56.0,S_2070
2024-05-12 14:25:30,-80.25875,15.176849,-75.29863,89.52466,877.2683,-0.007376261,-28895.65975176296,56.0,S_2070
2024-05-12 14:25:31,-80.218025,15.192398,-75.25667,89.37778,877.2683,-0.0073974477,-28948.292746540716,56.0,S_2070
2024-05-12 14:25:32,-80.1772,15.20784,-75.2077,89.2309,877.2683,-0.0074186344,-29000.419263026793,56.0,S_2070
2024-05-12 14:25:33,-80.13626,15.223175,-75.158745,89.09102,877.2683,-0.007439821,-29048.153568082515,56.0,S_2070
2024-05-12 14:25:34,-80.095215,15.238403,-75.11678,88.95114,877.2683,-0.007461007,-29101.367316367938,56.0,S_2070
2024-05-12 14:25:35,-80.05406,15.253525,-75.067825,88.80426,877.2683,-0.007482194,-29149.51750691789,56.0,S_2070
2024-05-12 14:25:36,-80.0128,15.268524,-75.025856,88.66438,877.2683,-0.0075033805,-29207.04820254205,56.0,S_2070
2024-05-12 14:25:37,-79.97143,15.283432,-74.9699,88.5245,877.2683,-0.0074787764,-29255.450186710634,56.0,S_2070
2024-05-12 14:25:38,-79.92995,15.298218,-74.92794,88.38461,877.2683,-0.012221908,-29332.973140994363,56.0,S_2070
2024-05-12 14:25:39,-79.88836,15.312897,-74.88598,88.244736,877.2683,-0.012199791,-29417.877404229577,56.0,S_2070
2024-05-12 14:25:40,-79.846664,15.327469,-74.83702,88.10485,877.2683,-0.0140364645,-29513.912838916378,56.0,S_2070
2024-05-12 14:25:41,-79.80486,15.341934,-74.788055,87.97196,877.2683,-0.015873138,-29624.263969490275,56.0,S_2070
2024-05-12 14:25:42,-79.76295,15.356293,-74.7391,87.832085,877.2683,-0.01770981,-29734.22490531602,56.0,S_2070
2024-05-12 14:25:43,-79.720924,15.370544,-74.697136,87.699196,877.2683,-0.01655738,-29837.053137347244,56.0,S_2070
2024-05-12 14:25:44,-79.678795,15.384674,-74.655174,87.56631,877.2683,-0.01540495,-29942.466326799342,56.0,S_2070
2024-05-12 14:25:45,-79.63656,15.398712,-74.60621,87.43342,877.2683,-0.013627266,-30044.996251065022,56.0,S_2070
2024-05-12 14:25:46,-79.594215,15.412628,-74.55026,87.30053,877.2683,-0.011849581,-30127.012408761406,56.0,S_2070
2024-05-12 14:25:47,-79.55176,15.426453,-74.5013,87.16764,877.2683,-0.011823712,-30207.32228295361,56.0,S_2070
2024-05-12 14:25:48,-79.5092,15.440155,-74.45234,87.04175,877.2683,-0.009508448,-30267.61452009884,56.0,S_2070
2024-05-12 14:25:49,-79.46653,15.453751,-74.41038,86.90886,877.2683,-0.009485554,-30327.685903551843,56.0,S_2070
2024-05-12 14:25:50,-79.42375,15.467224,-74.36841,86.77597,877.2683,-0.020217283,-30466.345087890957,56.0,S_2070
2024-05-12 14:25:51,-79.38086,15.480606,-74.31945,86.64308,877.2683,-0.020190256,-30602.664349196675,56.0,S_2070
2024-05-12 14:25:52,-79.33787,15.493881,-74.27049,86.51719,877.2683,-0.03198531,-30821.671892784867,56.0,S_2070
2024-05-12 14:25:53,-79.29476,15.507034,-74.221535,86.3843,877.2683,-0.031953786,-31036.75503032665,56.0,S_2070
2024-05-12 14:25:54,-79.25155,15.520096,-74.17258,86.25841,877.2683,-0.028186673,-31223.468006580504,56.0,S_2070
2024-05-12 14:25:55,-79.20823,15.533035,-74.12362,86.1395,877.2683,-0.026008854,-31399.166807517868,56.0,S_2070
2024-05-12 14:25:56,-79.164795,15.545868,-74.07466,86.01361,877.2683,-0.023831032,-31560.494268911498,56.0,S_2070
2024-05-12 14:25:57,-79.12126,15.558594,-74.0257,85.88772,877.2683,-0.021653213,-31693.964103678707,56.0,S_2070
2024-05-12 14:25:58,-79.077614,15.571213,-73.983734,85.761826,877.2683,-0.017970242,-31816.107311335953,56.0,S_2070
2024-05-12 14:25:59,-79.03386,15.58371,-73.93478,85.63593,877.2683,-0.014287271,-31913.83762363372,56.0,S_2070
2024-05-12 14:26:00,-78.99,15.596115,-73.88582,85.51003,877.2683,-0.008843369,-31973.99171620531,56.0,S_2070
2024-05-12 14:26:01,-78.94292,15.606903,-73.83686,85.391136,877.2683,-0.008820322,-32034.018915626777,56.0,S_2070
2024-05-12 14:26:02,-78.89583,15.617645,-73.7879,85.27223,877.2683,-0.009891517,-32101.176451956264,56.0,S_2070
2024-05-12 14:26:03,-78.84873,15.628326,-73.738945,85.153336,877.2683,-0.009867228,-32168.241416541878,56.0,S_2070
2024-05-12 14:26:04,-78.80164,15.638931,-73.68998,85.03444,877.2665,-0.00981037,-32234.985713752656,56.0,S_2070
2024-05-12 14:26:05,-78.75455,15.649506,-73.64102,84.915535,877.2683,-0.009787779,-32301.63966226475,56.0,S_2070
2024-05-12 14:26:06,-78.70745,15.660004,-73.592064,84.79664,877.2683,-0.007822594,-32355.32410520108,56.0,S_2070
2024-05-12 14:26:07,-78.66035,15.670441,-73.543106,84.677734,877.2665,-0.0078028673,-32408.9253491108,56.0,S_2070
2024-05-12 14:26:08,-78.61324,15.680832,-73.49415,84.55884,877.26276,-0.005119101,-32444.746698980736,56.0,S_2070
2024-05-12 14:26:09,-78.56613,15.691162,-73.44519,84.43993,877.2683,-0.005097287,-32480.454542740386,56.0,S_2070
2024-05-12 14:26:10,-78.51903,15.701431,-73.39623,84.32104,877.2906,-0.003322753,-32503.968572220223,56.0,S_2070
2024-05-12 14:26:11,-78.47191,15.711655,-73.347275,84.20913,877.2887,-0.003301499,-32527.334992265016,56.0,S_2070
2024-05-12 14:26:12,-78.4248,15.721802,-73.29831,84.09722,877.2146,-0.0007863622,-32534.363604007085,56.0,S_2070
2024-05-12 14:26:13,-78.37768,15.731903,-73.24935,83.978325,877.10535,-0.0007648242,-32541.186997885496,56.0,S_2070
2024-05-12 14:26:14,-78.33056,15.741943,-73.20039,83.86642,877.0535,0.0021573168,-32528.835788258875,56.0,S_2070
2024-05-12 14:26:15,-78.28343,15.751923,-73.151436,83.75451,877.06464,0.0021770853,-32516.34369656646,56.0,S_2070
2024-05-12 14:26:16,-78.236305,15.761841,-73.10248,83.64261,877.0776,-0.0010072659,-32524.743075328974,56.0,S_2070
2024-05-12 14:26:17,-78.18918,15.771713,-73.05352,83.5307,877.0757,-0.0009862024,-32533.664012178262,56.0,S_2070
2024-05-12 14:26:18,-78.142044,15.781525,-72.99757,83.41879,877.072,-0.008331515,-32589.39444831435,56.0,S_2070
2024-05-12 14:26:19,-78.09491,15.791275,-72.94861,83.31388,877.072,-0.008307907,-32645.83657936395,56.0,S_2070
2024-05-12 14:26:20,-78.047775,15.800964,-72.89965,83.20198,877.07385,-0.010893561,-32712.51270785524,56.0,S_2070
2024-05-12 14:26:21,-78.00063,15.810593,-72.85768,83.09007,877.07385,-0.010871866,-32785.791161357774,56.0,S_2070
2024-05-12 14:26:22,-77.95349,15.820175,-72.80872,82.978165,877.072,-0.011761062,-32863.69488718026,56.0,S_2070
2024-05-12 14:26:23,-77.90634,15.829681,-72.759766,82.87325,877.072,-0.011738076,-32949.36118743068,56.0,S_2070
2024-05-12 14:26:24,-77.8592,15.839142,-72.70381,82.76834,877.072,-0.0136771435,-33041.72499277076,56.0,S_2070
2024-05-12 14:26:25,-77.81204,15.848541,-72.654854,82.65643,877.072,-0.013654608,-33132.10396887025,56.0,S_2070
2024-05-12 14:26:26,-77.76489,15.857895,-72.605896,82.55152,877.072,-0.010051841,-33199.12996913101,56.0,S_2070
2024-05-12 14:26:27,-77.717735,15.867172,-72.55694,82.44662,877.072,-0.010030334,-33266.06967303202,56.0,S_2070
2024-05-12 14:26:28,-77.67057,15.876404,-72.50798,82.341705,877.072,-0.010471042,-33335.92745012896,56.0,S_2070
2024-05-12 14:26:29,-77.62341,15.885574,-72.45902,82.23679,877.072,-0.01091175,-33416.00146209559,56.0,S_2070
2024-05-12 14:26:30,-77.57625,15.894684,-72.40307,82.13188,877.072,-0.01351915,-33506.02002258527,56.0,S_2070
2024-05-12 14:26:31,-77.529076,15.903748,-72.35411,82.02697,877.072,-0.013498062,-33594.09044551605,56.0,S_2070
2024-05-12 14:26:32,-77.48191,15.912735,-72.305145,81.92905,877.072,-0.0075247725,-33644.921619066736,56.0,S_2070
2024-05-12 14:26:33,-77.43473,15.921677,-72.25619,81.824135,877.072,-0.007506837,-33695.70465601133,56.0,S_2070
2024-05-12 14:26:34,-77.38756,15.930557,-72.20723,81.71922,877.072,-0.005693374,-33733.94736391911,56.0,S_2070
2024-05-12 14:26:35,-77.34038,15.939377,-72.15827,81.62131,877.072,-0.0038799115,-33763.188503164616,56.0,S_2070
2024-05-12 14:26:36,-77.2932,15.948151,-72.10232,81.52339,877.072,-0.005477825,-33800.97257237003,56.0,S_2070
2024-05-12 14:26:37,-77.24601,15.956848,-72.05336,81.41848,877.072,-0.0054581678,-33837.78892341372,56.0,S_2070
2024-05-12 14:26:38,-77.19882,15.9655,-72.0044,81.320564,877.072,-0.009808365,-33903.835516556355,56.0,S_2070
2024-05-12 14:26:39,-77.151634,15.974091,-71.955444,81.21565,877.072,-0.009783854,-34101.029915339655,56.0,S_2070
2024-05-12 14:26:42,-77.01005,15.999512,-71.801575,80.9219,877.072,-0.011423477,-34178.62415588241,56.0,S_2070
2024-05-12 14:26:43,-76.962845,16.007874,-71.75262,80.83097,877.07385,-0.011402822,-34253.891663378236,56.0,S_2070
2024-05-12 14:26:44,-76.91564,16.016174,-71.70365,80.733055,877.07385,-0.008095762,-34307.888032870665,56.0,S_2070
2024-05-12 14:26:45,-76.86843,16.024414,-71.65469,80.63514,877.072,-0.008075775,-34361.79340070568,56.0,S_2070
2024-05-12 14:26:46,-76.82122,16.032608,-71.605736,80.537224,877.06647,-0.0014547618,-34372.75070163416,56.0,S_2070
2024-05-12 14:26:47,-76.77401,16.040726,-71.55678,80.4463,877.07385,-0.0014374561,-34384.726397581326,56.0,S_2070
2024-05-12 14:26:48,-76.7268,16.048798,-71.500824,80.34838,877.09607,-0.0015403087,-34397.48311073629,56.0,S_2070
2024-05-12 14:26:49,-76.67958,16.056808,-71.44487,80.257454,877.09235,-0.0015209364,-34409.240011578826,56.0,S_2070
2024-05-12 14:26:50,-76.632355,16.064774,-71.39591,80.15954,877.02014,-0.005972073,-34448.92578235275,56.0,S_2070
2024-05-12 14:26:51,-76.58514,16.072662,-71.346954,80.06861,876.9109,-0.005952553,-34488.48242460823,56.0,S_2070
2024-05-12 14:26:52,-76.53791,16.080505,-71.298,79.97769,876.859,-0.00818643,-34543.357123638394,56.0,S_2070
2024-05-12 14:26:53,-76.49068,16.088272,-71.24904,79.879776,876.8701,-0.008165432,-34602.64786304527,56.0,S_2070
2024-05-12 14:26:54,-76.44344,16.095993,-71.193085,79.78885,876.8831,-0.006689544,-34651.726169118796,56.0,S_2070
2024-05-12 14:26:55,-76.39621,16.103668,-71.13713,79.69793,876.8812,-0.006668442,-34696.146309533025,56.0,S_2070
2024-05-12 14:26:56,-76.348976,16.111267,-71.08817,79.607,876.87756,-0.0033734308,-34719.38164672953,56.0,S_2070
2024-05-12 14:26:57,-76.301735,16.11882,-71.039215,79.51608,876.87756,-0.003354693,-34742.51220198912,56.0,S_2070
2024-05-12 14:26:58,-76.25449,16.126312,-70.99026,79.425156,876.8794,0.001926012,-34730.61322987008,56.0,S_2070
2024-05-12 14:26:59,-76.207245,16.133743,-70.9343,79.334236,876.8794,0.0019432744,-34720.344479457206,56.0,S_2070
2024-05-12 14:27:00,-76.159996,16.141113,-70.885345,79.250305,876.87756,0.006862325,-34678.12769879125,56.0,S_2070
2024-05-12 14:27:01,-76.11356,16.14737,-70.83639,79.15938,876.87756,0.0068764132,-34635.816928124965,56.0,S_2070
2024-05-12 14:27:02,-76.0671,16.153595,-70.78742,79.06846,876.87756,0.010023665,-34573.320001824846,56.0,S_2070
2024-05-12 14:27:03,-76.02061,16.159805,-70.738464,78.97753,876.87756,0.01003675,-34505.086530642184,56.0,S_2070
2024-05-12 14:27:04,-75.97408,16.166,-70.68251,78.8936,876.87756,0.012565899,-34417.85690372986,56.0,S_2070
2024-05-12 14:27:05,-75.92753,16.172165,-70.626564,78.80268,876.87756,0.012579772,-34340.65716251527,56.0,S_2070
2024-05-12 14:27:06,-75.88094,16.178299,-70.5776,78.71875,876.87756,0.01451668,-34251.014807493266,56.0,S_2070
2024-05-12 14:27:07,-75.834335,16.184418,-70.52864,78.63482,876.87756,0.014526201,-34159.32082470311,56.0,S_2070
2024-05-12 14:27:08,-75.78769,16.190521,-70.47968,78.5439,876.87756,0.016462706,-34046.01366672028,56.0,S_2070
2024-05-12 14:27:09,-75.74101,16.19661,-70.42373,78.45997,876.87756,0.01647275,-33932.748245362745,56.0,S_2070
2024-05-12 14:27:10,-75.694305,16.202652,-70.36778,78.37604,876.87756,0.017153062,-33826.42442632472,56.0,S_2070
2024-05-12 14:27:11,-75.64757,16.208694,-70.31882,78.29211,876.8794,0.01716125,-33719.80892650522,56.0,S_2070
2024-05-12 14:27:12,-75.6008,16.214706,-70.26986,78.20818,876.8794,0.017109333,-33613.454302431695,56.0,S_2070
2024-05-12 14:27:13,-75.554,16.220688,-70.2209,78.12425,876.8757,0.01711895,-33495.228891847,56.0,S_2070
2024-05-12 14:27:14,-75.50717,16.22667,-70.16495,78.04032,876.8757,0.01870453,-33366.01641727558,56.0,S_2070
2024-05-12 14:27:15,-75.46031,16.232605,-70.10899,77.95639,876.88684,0.018716503,-33249.47360715528,56.0,S_2070
2024-05-12 14:27:16,-75.41342,16.23854,-70.060036,77.87246,876.8905,0.01936503,-33128.56565556467,56.0,S_2070
2024-05-12 14:27:17,-75.3665,16.24443,-70.01108,77.788536,876.8405,0.01937409,-33010.06412585854,56.0,S_2070
2024-05-12 14:27:18,-75.31955,16.25032,-69.96212,77.7116,876.74976,0.017937483,-32885.75472957586,56.0,S_2070
2024-05-12 14:27:19,-75.27257,16.25618,-69.906166,77.62767,876.6794,0.017948939,-32763.65489304751,56.0,S_2070
2024-05-12 14:27:20,-75.225555,16.262009,-69.85021,77.550735,876.6701,0.015244602,-32658.329579880086,56.0,S_2070
2024-05-12 14:27:21,-75.17851,16.267822,-69.79426,77.466805,876.68494,0.015257199,-32563.303312877935,56.0,S_2070
2024-05-12 14:27:22,-75.13144,16.27362,-69.7453,77.38287,876.6868,0.011646969,-32492.532130229047,56.0,S_2070
2024-05-12 14:27:23,-75.084335,16.279388,-69.69634,77.30594,876.68304,0.011657225,-32412.11005977532,56.0,S_2070
2024-05-12 14:27:24,-75.0372,16.285141,-69.64039,77.22201,876.68304,0.011993776,-32330.954122936728,56.0,S_2070
2024-05-12 14:27:25,-74.990036,16.290863,-69.584435,77.14507,876.68304,0.01201007,-32257.95844434625,56.0,S_2070
2024-05-12 14:27:26,-74.94284,16.29657,-69.53548,77.06814,876.68304,0.016066346,-32159.439229507312,56.0,S_2070
2024-05-12 14:27:27,-74.895615,16.302261,-69.48652,76.9912,876.68304,0.016078798,-32060.789501717078,56.0,S_2070
2024-05-12 14:27:28,-74.84835,16.307922,-69.43756,76.91427,876.68304,0.019744929,-31923.06018092348,56.0,S_2070
2024-05-12 14:27:29,-74.80106,16.313553,-69.38161,76.83034,876.68304,0.0197581,-31787.842097547677,56.0,S_2070
2024-05-12 14:27:30,-74.753746,16.319168,-69.32565,76.7534,876.68304,0.016938992,-31672.112368824448,56.0,S_2070
2024-05-12 14:27:31,-74.7064,16.324768,-69.26971,76.67647,876.68304,0.016954172,-31567.933262156323,56.0,S_2070
2024-05-12 14:27:32,-74.65902,16.330338,-69.22074,76.59953,876.68304,0.011301285,-31498.885852120562,56.0,S_2070
2024-05-12 14:27:33,-74.61161,16.335892,-69.17178,76.5226,876.68304,0.011314802,-31429.716072575127,56.0,S_2070
2024-05-12 14:27:34,-74.56417,16.34143,-69.122826,76.44566,876.68494,0.00982769,-31364.190178997334,56.0,S_2070
2024-05-12 14:27:35,-74.5167,16.34694,-69.06687,76.375725,876.68494,0.009839853,-31297.54777950993,56.0,S_2070
2024-05-12 14:27:36,-74.4692,16.352417,-69.01092,76.29879,876.6794,0.01094516,-31224.519402314003,56.0,S_2070
2024-05-12 14:27:37,-74.42167,16.35788,-68.95497,76.22884,876.67566,0.010960495,-31157.56169528474,56.0,S_2070
2024-05-12 14:27:38,-74.37411,16.363327,-68.906006,76.15191,876.68494,0.013459366,-31074.723862535757,56.0,S_2070
2024-05-12 14:27:39,-74.326515,16.368744,-68.85705,76.074974,876.7053,0.013474235,-30993.558372081432,56.0,S_2070
2024-05-12 14:27:40,-74.278885,16.374146,-68.80809,76.005035,876.67755,0.0133172,-30902.31663293275,56.0,S_2070
2024-05-12 14:27:41,-74.23123,16.379517,-68.75214,75.9281,876.5757,0.013332886,-30811.140331690087,56.0,S_2070
2024-05-12 14:27:42,-74.18355,16.384872,-68.69618,75.851166,876.48303,0.00936798,-30755.31934556015,56.0,S_2070
2024-05-12 14:27:43,-74.13583,16.390213,-68.647224,75.78122,876.47015,0.009384269,-30697.8693436216,56.0,S_2070
2024-05-12 14:27:44,-74.08809,16.395523,-68.59827,75.704285,876.4905,0.0030961446,-30678.27759875183,56.0,S_2070
2024-05-12 14:27:45,-74.04031,16.400803,-68.54231,75.634346,876.4942,0.0031170473,-30658.697902839893,56.0,S_2070
2024-05-12 14:27:46,-73.99251,16.406067,-68.48636,75.56441,876.48865,-0.0012457715,-30668.377312888882,56.0,S_2070
2024-05-12 14:27:47,-73.944664,16.411316,-68.4374,75.48747,876.48676,-0.0012250699,-30678.453608944,56.0,S_2070
2024-05-12 14:27:48,-73.8968,16.416534,-68.38145,75.41753,876.48865,-0.001990252,-30693.95687691928,56.0,S_2070
2024-05-12 14:27:49,-73.8489,16.421738,-68.3255,75.34759,876.48865,-0.0019689756,-30709.32088705339,56.0,S_2070
2024-05-12 14:27:50,-73.80097,16.426926,-68.26955,75.27765,876.48865,5.2568066e-06,-30711.110781746465,56.0,S_2070
2024-05-12 14:27:51,-73.75301,16.432083,-68.22059,75.2077,876.48865,2.2120206e-05,-30712.603429859206,56.0,S_2070
2024-05-12 14:27:52,-73.705025,16.43721,-68.17163,75.137764,876.48865,-7.4994634e-05,-30714.69674915778,56.0,S_2070
2024-05-12 14:27:53,-73.657,16.442322,-68.122665,75.067825,876.4905,-6.176683e-05,-30716.751550633722,56.0,S_2070
2024-05-12 14:27:54,-73.60895,16.447418,-68.06672,74.99788,876.4905,0.0013702386,-30709.130801244777,56.0,S_2070
2024-05-12 14:27:55,-73.56087,16.452484,-68.010765,74.92794,876.4849,0.0013871011,-30702.35789090847,56.0,S_2070
2024-05-12 14:27:56,-73.51276,16.457535,-67.96181,74.858,876.48126,0.0035206175,-30679.70542630469,56.0,S_2070
2024-05-12 14:27:57,-73.464615,16.46257,-67.90585,74.788055,876.4905,0.0035371843,-30657.121586682915,56.0,S_2070
2024-05-12 14:27:58,-73.416435,16.46756,-67.8499,74.71812,876.509,0.0021299708,-30644.24062595918,56.0,S_2070
2024-05-12 14:27:59,-73.36823,16.47255,-67.793945,74.64818,876.48303,0.002147317,-30633.018884406134,56.0,S_2070
2024-05-12 14:28:00,-73.32,16.477509,-67.74499,74.58523,876.38116,0.0023339838,-30620.437118284884,56.0,S_2070
2024-05-12 14:28:01,-73.270836,16.48236,-67.69603,74.522285,876.28864,0.0025206506,-30604.617222842728,56.0,S_2070
2024-05-12 14:28:02,-73.221664,16.487213,-67.640076,74.45234,876.27563,0.0049160905,-30572.449075855493,56.0,S_2070
2024-05-12 14:28:03,-73.1725,16.49202,-67.58412,74.3824,876.296,0.004933455,-30540.753134777697,56.0,S_2070
2024-05-12 14:28:04,-73.12333,16.496826,-67.52817,74.31945,876.29974,0.008084285,-30492.222221715565,56.0,S_2070
2024-05-12 14:28:05,-73.074165,16.501602,-67.47921,74.24951,876.2942,0.008098643,-30438.791829148395,56.0,S_2070
2024-05-12 14:28:06,-73.025,16.506363,-67.423256,74.18656,876.2923,0.009781319,-30379.635312059054,56.0,S_2070
2024-05-12 14:28:07,-72.97583,16.511108,-67.3743,74.11662,876.2942,0.009794834,-30314.629007251722,56.0,S_2070
2024-05-12 14:28:08,-72.92667,16.515839,-67.318344,74.05368,876.2942,0.010151131,-30246.061110265386,56.0,S_2070
2024-05-12 14:28:09,-72.877495,16.520538,-67.26239,73.983734,876.2942,0.010166002,-30185.865516268605,56.0,S_2070
2024-05-12 14:28:10,-72.82833,16.525223,-67.21343,73.92079,876.2942,0.012164069,-30113.228856586975,56.0,S_2070
2024-05-12 14:28:11,-72.77917,16.529892,-67.164474,73.85784,876.2942,0.012174386,-30031.891390652432,56.0,S_2070
2024-05-12 14:28:12,-72.729996,16.534546,-67.10852,73.79489,876.2923,0.01714037,-29916.876343769363,56.0,S_2070
2024-05-12 14:28:13,-72.68083,16.53917,-67.05257,73.73195,876.29047,0.017153693,-29799.526630743716,56.0,S_2070
2024-05-12 14:28:14,-72.63167,16.543777,-66.99661,73.66201,876.30347,0.017063376,-29684.989002229333,56.0,S_2070
2024-05-12 14:28:15,-72.5825,16.54837,-66.94067,73.59906,876.3071,0.017073236,-29582.338607259742,56.0,S_2070
2024-05-12 14:28:16,-72.53333,16.552933,-66.8917,73.53611,876.25525,0.01377885,-29489.91475969203,56.0,S_2070
2024-05-12 14:28:17,-72.48416,16.55748,-66.835754,73.47317,876.1645,0.013791619,-29407.26575720439,56.0,S_2070
2024-05-12 14:28:18,-72.435,16.562012,-66.78679,73.41022,876.096,0.016250556,-29297.898863701423,56.0,S_2070
2024-05-12 14:28:19,-72.38583,16.566528,-66.73084,73.347275,876.08673,0.016261283,-29190.542909940534,56.0,S_2070
2024-05-12 14:28:20,-72.33666,16.57103,-66.67489,73.29132,876.0997,0.016207261,-29081.540365115514,56.0,S_2070
2024-05-12 14:28:21,-72.2875,16.5755,-66.618935,73.22837,876.10345,0.016153239,-28972.89550530828,56.0,S_2070
2024-05-12 14:28:22,-72.23833,16.579956,-66.56298,73.16543,876.0997,0.0130721135,-28894.48082028128,56.0,S_2070
2024-05-12 14:28:23,-72.18916,16.584381,-66.51402,73.10248,876.0979,0.013126017,-28815.509507901894,56.0,S_2070
2024-05-12 14:28:24,-72.14,16.588806,-66.465065,73.03953,876.0997,0.013179919,-28726.906692184053,56.0,S_2070
2024-05-12 14:28:25,-72.09083,16.5932,-66.40911,72.976585,876.0997,0.013233822,-28639.715684805604,56.0,S_2070
2024-05-12 14:28:26,-72.041664,16.59758,-66.35316,72.92063,876.0997,0.013287725,-28550.471175375114,56.0,S_2070
2024-05-12 14:28:27,-71.9925,16.601944,-66.2972,72.85768,876.0997,0.013162185,-28463.707682215154,56.0,S_2070
2024-05-12 14:28:28,-71.94333,16.606277,-66.24125,72.80173,876.10156,0.013036645,-28385.27095397204,56.0,S_2070
2024-05-12 14:28:29,-71.894165,16.610596,-66.19229,72.738785,876.096,0.0129111055,-28307.405893206862,56.0,S_2070
2024-05-12 14:28:30,-71.84499,16.614899,-66.14333,72.675835,876.096,0.013296803,-28219.46799471526,56.0,S_2070
2024-05-12 14:28:31,-71.79583,16.619186,-66.08738,72.61988,876.11084,0.0140557485,-28124.793680540206,56.0,S_2070
2024-05-12 14:28:32,-71.746666,16.623444,-66.031425,72.55694,876.1164,0.0148146935,-28024.910385375744,56.0,S_2070
2024-05-12 14:28:33,-71.697495,16.627686,-65.97548,72.49399,876.0497,0.014823753,-27926.791602012454,56.0,S_2070
2024-05-12 14:28:34,-71.64833,16.631912,-65.919525,72.438034,875.9404,0.016315306,-27830.226452608935,56.0,S_2070
2024-05-12 14:28:35,-71.59916,16.636124,-65.87057,72.38208,875.87933,0.016482234,-27718.54610297546,56.0,S_2070
2024-05-12 14:28:36,-71.549995,16.640305,-65.81461,72.31914,875.8849,0.016649164,-27619.922854578606,56.0,S_2070
2024-05-12 14:28:37,-71.50083,16.64447,-65.765656,72.26318,875.9071,0.016816093,-27508.025500674074,56.0,S_2070
2024-05-12 14:28:38,-71.45166,16.64862,-65.7097,72.20723,875.9108,0.014953355,-27406.931161909793,56.0,S_2070
2024-05-12 14:28:39,-71.4025,16.65274,-65.65375,72.14429,875.9053,0.014962876,-27307.695274382273,56.0,S_2070
2024-05-12 14:28:40,-71.35333,16.65686,-65.59779,72.08833,875.9034,0.014043274,-27214.611764091915,56.0,S_2070
2024-05-12 14:28:41,-71.30416,16.66095,-65.54184,72.03238,875.9053,0.014054379,-27121.423725600278,56.0,S_2070
2024-05-12 14:28:42,-71.255,16.665009,-65.485886,71.976425,875.9071,0.01584524,-27025.08705998048,56.0,S_2070
2024-05-12 14:28:43,-71.205826,16.669067,-65.43693,71.913475,875.9053,0.015850611,-26919.53773420091,56.0,S_2070
2024-05-12 14:28:44,-71.15666,16.673096,-65.380974,71.85753,875.8978,0.015942743,-26824.857016293794,56.0,S_2070
2024-05-12 14:28:45,-71.1075,16.677109,-65.332016,71.801575,875.89966,0.0159507,-26718.53914728759,56.0,S_2070
2024-05-12 14:28:46,-71.05833,16.681107,-65.27606,71.74562,875.9182,0.016908985,-26605.897231496037,56.0,S_2070
2024-05-12 14:28:47,-71.00916,16.685074,-65.22011,71.68967,875.92194,0.017879523,-26488.812051533932,56.0,S_2070
2024-05-12 14:28:48,-70.96,16.689041,-65.16416,71.64071,875.8534,0.01885006,-26362.931141341167,56.0,S_2070
2024-05-12 14:28:49,-70.91083,16.692978,-65.10821,71.584755,875.74414,0.018858558,-26236.97956184543,56.0,S_2070
2024-05-12 14:28:50,-70.861664,16.696884,-65.05225,71.5288,875.6904,0.018968718,-26107.682088594745,56.0,S_2070
2024-05-12 14:28:51,-70.81249,16.70079,-64.9963,71.46586,875.7015,0.018974524,-25994.37886780369,56.0,S_2070
2024-05-12 14:28:52,-70.76333,16.704666,-64.94734,71.409904,875.7164,0.020384258,-25857.778102535434,56.0,S_2070
2024-05-12 14:28:53,-70.714165,16.708527,-64.89139,71.35395,875.71265,0.020391827,-25723.780431399977,56.0,S_2070
2024-05-12 14:28:54,-70.66499,16.712357,-64.835434,71.30499,875.7089,0.021622961,-25594.212376122632,56.0,S_2070
2024-05-12 14:28:55,-70.61583,16.716187,-64.786476,71.24904,875.7089,0.021627992,-25451.725350975707,56.0,S_2070
2024-05-12 14:28:56,-70.566666,16.719986,-64.73052,71.20008,875.7108,0.02176718,-25305.737759017677,56.0,S_2070
2024-05-12 14:28:57,-70.517494,16.72377,-64.67457,71.14413,875.71265,0.021773348,-25159.68814704903,56.0,S_2070
2024-05-12 14:28:58,-70.46833,16.72754,-64.618614,71.08817,875.7089,0.020572653,-25021.761087887546,56.0,S_2070
2024-05-12 14:28:59,-70.41916,16.731277,-64.56267,71.03222,875.70526,0.020576708,-24898.315646360363,56.0,S_2070
2024-05-12 14:29:00,-70.369995,16.735,-64.5137,70.976265,875.71265,0.02033836,-24764.269203423013,56.0,S_2070
2024-05-12 14:29:01,-70.32075,16.738525,-64.457756,70.92731,875.7293,0.020345803,-24627.71414690498,56.0,S_2070
2024-05-12 14:29:02,-70.2715,16.742035,-64.4018,70.87135,875.70526,0.018647384,-24505.05744821799,56.0,S_2070
2024-05-12 14:29:03,-70.22226,16.74553,-64.34585,70.822395,875.6052,0.018655831,-24379.907969596505,56.0,S_2070
2024-05-12 14:29:04,-70.17302,16.749008,-64.289894,70.76644,875.51074,0.0144124525,-24295.872574300512,56.0,S_2070
2024-05-12 14:29:05,-70.12378,16.752472,-64.24094,70.71748,875.4886,0.01442084,-24199.273038353414,56.0,S_2070
2024-05-12 14:29:06,-70.07455,16.755936,-64.18498,70.66153,875.5071,0.012771147,-24115.736487023853,56.0,S_2070
2024-05-12 14:29:07,-70.025314,16.759384,-64.12903,70.61257,875.5201,0.012780339,-24039.470465814462,56.0,S_2070
2024-05-12 14:29:08,-69.97608,16.762802,-64.08007,70.55662,875.5182,0.013664755,-23949.730334445263,56.0,S_2070
2024-05-12 14:29:09,-69.92686,16.76622,-64.02412,70.50766,875.5145,0.01367292,-23858.302758660335,56.0,S_2070
2024-05-12 14:29:10,-69.87763,16.769638,-63.968166,70.451706,875.5163,0.014670248,-23761.987340030628,56.0,S_2070
2024-05-12 14:29:11,-69.828415,16.773026,-63.912212,70.40275,875.51263,0.015667576,-23658.95265504152,56.0,S_2070
2024-05-12 14:29:12,-69.7792,16.776398,-63.85626,70.35379,875.51074,0.019290976,-23531.658512003785,56.0,S_2070
2024-05-12 14:29:13,-69.72998,16.77977,-63.800304,70.30483,875.52747,0.019335829,-23415.111996631145,56.0,S_2070
2024-05-12 14:29:14,-69.68077,16.783127,-63.751347,70.24888,875.5441,0.01938068,-23286.989737001808,56.0,S_2070
2024-05-12 14:29:15,-69.63156,16.786469,-63.695393,70.19992,875.5089,0.019425532,-23172.69563745267,56.0,S_2070
2024-05-12 14:29:16,-69.58235,16.789795,-63.646435,70.15096,875.4052,0.01752455,-23056.91069971615,56.0,S_2070
2024-05-12 14:29:17,-69.53315,16.793106,-63.59048,70.102005,875.3163,0.017532343,-22941.242910580844,56.0,S_2070
2024-05-12 14:29:18,-69.48395,16.796402,-63.53453,70.05305,875.30334,0.016889589,-22827.570637726756,56.0,S_2070
2024-05-12 14:29:19,-69.434746,16.799698,-63.478577,69.99709,875.3219,0.016898438,-22716.108403210554,56.0,S_2070
2024-05-12 14:29:20,-69.38555,16.802963,-63.422623,69.948135,875.32556,0.015963603,-22610.85962797115,56.0,S_2070
2024-05-12 14:29:21,-69.33636,16.806229,-63.366673,69.89917,875.32,0.015870558,-22506.202852882,56.0,S_2070
2024-05-12 14:29:22,-69.28717,16.809479,-63.31072,69.85021,875.3219,0.015777515,-22402.142596449838,56.0,S_2070
2024-05-12 14:29:23,-69.23798,16.812714,-63.254765,69.801254,875.32,0.01568447,-22298.679073491396,56.0,S_2070
2024-05-12 14:29:24,-69.1888,16.815933,-63.19881,69.7523,875.31445,0.015591427,-22195.818726096382,56.0,S_2070
2024-05-12 14:29:25,-69.13962,16.819153,-63.14286,69.70334,875.3163,0.015498383,-22093.549402060493,56.0,S_2070
2024-05-12 14:29:26,-69.09044,16.822342,-63.086906,69.65438,875.33484,0.015405338,-21991.87776669719,56.0,S_2070
2024-05-12 14:29:27,-69.04126,16.825531,-63.030952,69.60542,875.33856,0.0153122945,-21890.81003907662,56.0,S_2070
2024-05-12 14:29:28,-68.99209,16.828705,-62.975002,69.556465,875.27,0.015219251,-21801.24824798303,56.0,S_2070
2024-05-12 14:29:29,-68.94292,16.831863,-62.92604,69.5075,875.1589,0.015126206,-21701.188451304133,56.0,S_2070
2024-05-12 14:29:30,-68.893745,16.835007,-62.87009,69.45854,875.10516,0.015033162,-21603.778130328883,56.0,S_2070
2024-05-12 14:29:31,-68.84458,16.838135,-62.814137,69.41658,875.1181,0.014940118,-21505.076305910254,56.0,S_2070
2024-05-12 14:29:32,-68.79542,16.841263,-62.758183,69.36762,875.13293,0.014847075,-21417.642074452284,56.0,S_2070
2024-05-12 14:29:33,-68.74626,16.84436,-62.709225,69.318665,875.1311,0.01475403,-21319.97606879478,56.0,S_2070
2024-05-12 14:29:34,-68.697105,16.847458,-62.65327,69.26971,875.12555,0.014660986,-21223.09957645192,56.0,S_2070
2024-05-12 14:29:35,-68.64795,16.85054,-62.597317,69.22074,875.12744,0.014567942,-21128.670135135355,56.0,S_2070
2024-05-12 14:29:36,-68.5988,16.853607,-62.541367,69.17878,875.12555,0.014474898,-21043.328909800122,56.0,S_2070
2024-05-12 14:29:37,-68.54965,16.856659,-62.492405,69.12982,875.1219,0.014381854,-20948.073041888834,56.0,S_2070
2024-05-12 14:29:38,-68.5005,16.859695,-62.436455,69.080864,875.12744,0.01428881,-20855.424127995615,56.0,S_2070
2024-05-12 14:29:39,-68.45136,16.862732,-62.3805,69.038895,875.14594,0.014195766,-20761.531072125978,56.0,S_2070
2024-05-12 14:29:40,-68.40222,16.865753,-62.324547,68.98994,875.12,0.014102722,-20668.270513576226,56.0,S_2070
2024-05-12 14:29:41,-68.35308,16.868744,-62.268597,68.94098,875.02,0.014009678,-20577.411367646113,56.0,S_2070
2024-05-12 14:29:42,-68.30395,16.871735,-62.212643,68.89902,874.92554,0.013916634,-20485.323927383637,56.0,S_2070
2024-05-12 14:29:43,-68.254814,16.87471,-62.15669,68.85006,874.9033,0.013823589,-20393.862201846034,56.0,S_2070
2024-05-12 14:29:44,-68.20569,16.877686,-62.100735,68.801094,874.9237,0.0137305455,-20304.798592857198,56.0,S_2070
2024-05-12 14:29:45,-68.15656,16.88063,-62.044785,68.75913,874.9385,0.013637502,-20214.51937914519,56.0,S_2070
2024-05-12 14:29:46,-68.10744,16.883575,-61.98883,68.710175,874.9348,0.013544458,-20126.64457161366,56.0,S_2070
2024-05-12 14:29:47,-68.05832,16.88649,-61.932877,68.66821,874.92737,0.013451413,-20037.575716709467,56.0,S_2070
2024-05-12 14:29:48,-68.0092,16.889404,-61.876926,68.61925,874.92737,0.0133583695,-19960.633426255165,56.0,S_2070
2024-05-12 14:29:49,-67.96008,16.892303,-61.827965,68.577286,874.94037,0.013265326,-19874.342963864572,56.0,S_2070
2024-05-12 14:29:50,-67.91097,16.895187,-61.772015,68.535324,874.9441,0.013172281,-19787.084453854262,56.0,S_2070
2024-05-12 14:29:51,-67.86186,16.898071,-61.71606,68.48636,874.8922,0.013079237,-19692.537672978935,56.0,S_2070
2024-05-12 14:29:52,-67.81275,16.900925,-61.653114,68.4444,874.80145,0.012986193,-19606.67941523145,56.0,S_2070
2024-05-12 14:29:53,-67.76365,16.903778,-61.59716,68.39544,874.7329,0.01289315,-19522.991721399478,56.0,S_2070
2024-05-12 14:29:54,-67.71455,16.9066,-61.541206,68.35348,874.7237,0.012800105,-19449.19822045124,56.0,S_2070
2024-05-12 14:29:55,-67.66545,16.909424,-61.49225,68.31151,874.7385,0.012707061,-19364.77806610673,56.0,S_2070
2024-05-12 14:29:56,-67.616356,16.912231,-61.436295,68.26255,874.7403,0.012614017,-19282.895339714476,56.0,S_2070
2024-05-12 14:29:57,-67.56726,16.91504,-61.380344,68.22059,874.73663,0.012520973,-19201.580462983093,56.0,S_2070
2024-05-12 14:29:58,-67.51817,16.917816,-61.32439,68.17862,874.73663,0.012427929,-19119.171292765048,56.0,S_2070
2024-05-12 14:29:59,-67.469086,16.920578,-61.268436,68.12966,874.73663,0.012334885,-19039.083295770884,56.0,S_2070
2024-05-12 14:30:00,-67.42,16.92334,-61.212482,68.0877,874.7311,0.012241841,-18959.57395325844,56.0,S_2070
2024-05-12 14:30:01,-67.37108,16.92575,-61.156532,68.04573,874.7385,0.012148797,-18889.490472971298,56.0,S_2070
2024-05-12 14:30:02,-67.32216,16.928177,-61.10757,68.00377,874.7607,0.012055753,-18810.995643907903,56.0,S_2070
2024-05-12 14:30:03,-67.27324,16.930588,-61.05162,67.96181,874.757,0.011962709,-18741.975043702532,56.0,S_2070
2024-05-12 14:30:04,-67.22431,16.932999,-61.00266,67.91984,874.6829,0.011869664,-18664.684595118542,56.0,S_2070
2024-05-12 14:30:05,-67.17538,16.935394,-60.94671,67.87788,874.57367,0.0117766205,-18586.537875715403,56.0,S_2070
2024-05-12 14:30:06,-67.12645,16.937805,-60.890755,67.82892,874.5218,0.011683577,-18502.05167521144,56.0,S_2070
2024-05-12 14:30:07,-67.077515,16.940216,-60.82781,67.78695,874.5347,0.011590533,-18426.940727172532,56.0,S_2070
2024-05-12 14:30:08,-67.02857,16.942612,-60.771854,67.74499,874.5477,0.011497488,-18352.23987775825,56.0,S_2070
2024-05-12 14:30:09,-66.97964,16.945007,-60.7159,67.70302,874.5459,0.011404444,-18278.147685837834,56.0,S_2070
2024-05-12 14:30:10,-66.930695,16.947418,-60.65995,67.66106,874.5385,0.011311401,-18204.65347532054,56.0,S_2070
2024-05-12 14:30:11,-66.881744,16.949814,-60.603996,67.619095,874.5366,0.011218356,-18131.760643293084,56.0,S_2070
2024-05-12 14:30:12,-66.832794,16.95221,-60.548042,67.577126,874.5551,0.011125312,-18067.54049503964,56.0,S_2070
2024-05-12 14:30:13,-66.783844,16.954605,-60.499084,67.535164,874.57184,0.011032268,-17995.66576614832,56.0,S_2070
2024-05-12 14:30:14,-66.73489,16.956985,-60.44313,67.493195,874.5347,0.010939225,-17932.51586037324,56.0,S_2070
2024-05-12 14:30:15,-66.685936,16.959381,-60.394173,67.45123,874.4329,0.01084618,-17861.852032228468,56.0,S_2070
2024-05-12 14:30:16,-66.63698,16.961761,-60.33822,67.40927,874.34216,0.010753136,-17784.073769247338,56.0,S_2070
2024-05-12 14:30:17,-66.58801,16.964157,-60.275272,67.3673,874.32916,0.010660092,-17707.15954877155,56.0,S_2070
2024-05-12 14:30:18,-66.53905,16.966537,-60.212326,67.32534,874.34955,0.010567048,-17638.68345343523,56.0,S_2070
2024-05-12 14:30:19,-66.49008,16.968918,-60.156372,67.28337,874.3533,0.010474004,-17578.20643990961,56.0,S_2070
2024-05-12 14:30:20,-66.44111,16.971298,-60.107414,67.24141,874.3478,0.01038096,-17511.875117306372,56.0,S_2070
2024-05-12 14:30:21,-66.392136,16.973679,-60.05146,67.206436,874.34033,0.010287916,-17452.44757087823,56.0,S_2070
2024-05-12 14:30:22,-66.343155,16.976059,-60.002502,67.164474,874.34216,0.010194872,-17386.017159035357,56.0,S_2070
2024-05-12 14:30:23,-66.29418,16.97844,-59.94655,67.12251,874.3607,0.010101828,-17320.384769319327,56.0,S_2070
2024-05-12 14:30:24,-66.24519,16.980804,-59.8906,67.08054,874.3644,0.010008784,-17256.637332315226,56.0,S_2070
2024-05-12 14:30:25,-66.19621,16.98317,-59.834644,67.04558,874.2959,0.009915739,-17184.91030100436,56.0,S_2070
2024-05-12 14:30:26,-66.147224,16.98555,-59.771698,67.00361,874.18665,0.0098226955,-17122.548029977075,56.0,S_2070
2024-05-12 14:30:27,-66.098236,16.987915,-59.715744,66.96864,874.1329,0.009729652,-17059.31073120422,56.0,S_2070
2024-05-12 14:30:28,-66.04924,16.99028,-59.65979,66.926674,874.144,0.009636608,-16996.706063212387,56.0,S_2070
2024-05-12 14:30:29,-66.000244,16.992645,-59.603836,66.88471,874.1588,0.009543563,-16934.71078902433,56.0,S_2070
2024-05-12 14:30:30,-65.95125,16.99501,-59.547886,66.84274,874.1569,0.009450519,-16880.140328355417,56.0,S_2070
2024-05-12 14:30:31,-65.902245,16.99736,-59.498924,66.80078,874.1477,0.009357476,-16820.397502795935,56.0,S_2070
2024-05-12 14:30:32,-65.85324,16.999725,-59.442974,66.76581,874.144,0.009264431,-16766.882553057014,56.0,S_2070
2024-05-12 14:30:33,-65.80424,17.002075,-59.394012,66.72385,874.15515,0.009171387,-16701.49338415535,56.0,S_2070
2024-05-12 14:30:34,-65.755226,17.00444,-59.331066,66.68887,874.17365,0.009078343,-16636.049615707045,56.0,S_2070
2024-05-12 14:30:35,-65.706215,17.00679,-59.26812,66.64691,874.1477,0.0089853,-16577.887306348042,56.0,S_2070
2024-05-12 14:30:36,-65.657196,17.00914,-59.212166,66.60494,874.04584,0.008892255,-16527.886255964015,56.0,S_2070
2024-05-12 14:30:37,-65.60818,17.01149,-59.163208,66.56998,873.95325,0.008799211,-16470.541011652647,56.0,S_2070
2024-05-12 14:30:38,-65.55916,17.01384,-59.107254,66.52801,873.9384,0.008706167,-16415.18790634964,56.0,S_2070
2024-05-12 14:30:39,-65.51013,17.016174,-59.051304,66.49304,873.96063,0.008613123,-16359.25050432394,56.0,S_2070
2024-05-12 14:30:40,-65.461105,17.018524,-58.99535,66.45107,873.9681,0.008520079,-16297.712852017114,56.0,S_2070
2024-05-12 14:30:41,-65.41208,17.020859,-58.932404,66.40911,873.9625,0.008427035,-16244.345070053496,56.0,S_2070
2024-05-12 14:30:42,-65.363045,17.023209,-58.87645,66.37414,873.95325,0.008333991,-16196.237290281588,56.0,S_2070
2024-05-12 14:30:43,-65.31401,17.025543,-58.82749,66.33218,873.95325,0.008240947,-16143.69526586274,56.0,S_2070
2024-05-12 14:30:44,-65.26498,17.027878,-58.771538,66.2972,873.97174,0.008147903,-16091.92081120799,56.0,S_2070
2024-05-12 14:30:45,-65.215935,17.030212,-58.715584,66.26224,873.97546,0.008054859,-16040.750102526335,56.0,S_2070
2024-05-12 14:30:46,-65.16689,17.032547,-58.659634,66.227264,873.9069,0.007961814,-15989.086106171264,56.0,S_2070
2024-05-12 14:30:47,-65.11784,17.034882,-58.60368,66.185295,873.79584,0.0078687705,-15939.140758550513,56.0,S_2070
2024-05-12 14:30:48,-65.068794,17.0372,-58.547726,66.15033,873.74396,0.0077757267,-15894.28948584802,56.0,S_2070
2024-05-12 14:30:49,-65.019745,17.039536,-58.498768,66.10836,873.75696,0.0076826825,-15845.360975118601,56.0,S_2070
2024-05-12 14:30:50,-64.97069,17.041855,-58.442814,66.073395,873.7662,0.0075896387,-15790.602380064513,56.0,S_2070
2024-05-12 14:30:51,-64.92163,17.044174,-58.379868,66.031425,873.7625,0.0074965945,-15743.254766403294,56.0,S_2070
2024-05-12 14:30:52,-64.872574,17.046494,-58.323914,65.99646,873.7643,0.005656102,-15707.765984064867,56.0,S_2070
2024-05-12 14:30:53,-64.82351,17.048813,-58.267963,65.96149,873.7829,0.006217163,-15667.71707381029,56.0,S_2070
2024-05-12 14:30:54,-64.774445,17.051132,-58.21201,65.919525,873.75696,0.0067782244,-15629.854118853327,56.0,S_2070
2024-05-12 14:30:55,-64.72538,17.053452,-58.16305,65.88455,873.6569,0.007339285,-15583.10791435662,56.0,S_2070
2024-05-12 14:30:56,-64.67631,17.05577,-58.107098,65.84958,873.56433,0.007900346,-15532.859639697102,56.0,S_2070
2024-05-12 14:30:57,-64.627235,17.058075,-58.051144,65.81461,873.5495,0.007912139,-15482.524632857203,56.0,S_2070
2024-05-12 14:30:58,-64.578156,17.060394,-57.99519,65.77964,873.5699,0.0068550007,-15433.15290692453,56.0,S_2070
2024-05-12 14:30:59,-64.529076,17.062698,-57.932243,65.73768,873.57544,0.006869039,-15389.86649382605,56.0,S_2070
2024-05-12 14:31:00,-64.479996,17.065002,-57.876293,65.702705,873.568,0.005174784,-15357.489459076847,56.0,S_2070
2024-05-12 14:31:01,-64.43091,17.067444,-57.82034,65.66773,873.5606,0.005185673,-15328.842848820655,56.0,S_2070
2024-05-12 14:31:02,-64.38182,17.069885,-57.77138,65.63277,873.5625,0.004270541,-15302.209892400333,56.0,S_2070
2024-05-12 14:31:03,-64.33273,17.072327,-57.715427,65.59779,873.5828,0.004281912,-15271.949527842644,56.0,S_2070
2024-05-12 14:31:04,-64.28364,17.074753,-57.65248,65.55583,873.58655,0.0047465023,-15242.576581795027,56.0,S_2070
2024-05-12 14:31:05,-64.23454,17.077179,-57.596527,65.52086,873.5162,0.0045332164,-15214.38978328285,56.0,S_2070
2024-05-12 14:31:06,-64.18545,17.07959,-57.540573,65.485886,873.40686,0.0043199304,-15187.602848498856,56.0,S_2070
2024-05-12 14:31:07,-64.136345,17.082,-57.484623,65.45092,873.35504,0.004333571,-15160.718957584122,56.0,S_2070
2024-05-12 14:31:08,-64.08724,17.084396,-57.42867,65.41595,873.3662,0.0045277327,-15132.553333991948,56.0,S_2070
2024-05-12 14:31:09,-64.03813,17.086792,-57.372715,65.380974,873.37726,0.0045388043,-15103.644736711307,56.0,S_2070
2024-05-12 14:31:10,-63.989025,17.089172,-57.31676,65.33901,873.3717,0.0059404224,-15066.200040773021,56.0,S_2070
2024-05-12 14:31:11,-63.93991,17.091553,-57.26081,65.30404,873.3754,0.005950657,-15028.656843175633,56.0,S_2070
2024-05-12 14:31:12,-63.890797,17.093933,-57.204857,65.26907,873.3939,0.007455026,-14982.127085994402,56.0,S_2070
2024-05-12 14:31:13,-63.84168,17.096298,-57.148903,65.2411,873.368,0.0074643637,-14934.586519220962,56.0,S_2070
2024-05-12 14:31:14,-63.792557,17.098663,-57.092953,65.20612,873.2661,0.0092600435,-14873.860068094695,56.0,S_2070
2024-05-12 14:31:15,-63.743435,17.101013,-57.037,65.16416,873.17535,0.009270729,-14821.240947662121,56.0,S_2070
2024-05-12 14:31:16,-63.69431,17.103363,-56.98804,65.12919,873.1606,0.009546107,-14759.802258567985,56.0,S_2070
2024-05-12 14:31:17,-63.64518,17.105698,-56.932087,65.094215,873.1809,0.009556621,-14573.849034290548,56.0,S_2070
2024-05-12 14:31:20,-63.497776,17.112686,-56.76423,64.9963,873.1736,0.0042345496,-14550.751318217106,56.0,S_2070
2024-05-12 14:31:21,-63.448635,17.115005,-56.708275,64.96133,873.1736,0.0042456705,-14521.235419094632,56.0,S_2070
2024-05-12 14:31:22,-63.39949,17.11731,-56.64533,64.92636,873.1939,0.0063345185,-14476.585629946903,56.0,S_2070
2024-05-12 14:31:23,-63.350346,17.119598,-56.582382,64.89139,873.19763,0.006348356,-14436.528768582892,56.0,S_2070
2024-05-12 14:31:24,-63.301197,17.121902,-56.52643,64.856415,873.12726,0.006929307,-14392.449280683733,56.0,S_2070
2024-05-12 14:31:25,-63.252045,17.124191,-56.470474,64.82145,873.018,0.006938745,-14353.369726284705,56.0,S_2070
2024-05-12 14:31:26,-63.202892,17.126465,-56.421516,64.786476,872.9661,0.0067683854,-14310.150118441146,56.0,S_2070
2024-05-12 14:31:27,-63.153736,17.128738,-56.365562,64.7515,872.97723,0.006777904,-14267.047946246017,56.0,S_2070
2024-05-12 14:31:28,-63.104576,17.131012,-56.30961,64.71654,872.9884,0.0071059335,-14221.776246307805,56.0,S_2070
2024-05-12 14:31:29,-63.055412,17.13327,-56.25366,64.681564,872.9828,0.0071152067,-14171.996792273429,56.0,S_2070
2024-05-12 14:31:30,-63.00625,17.135513,-56.190712,64.65359,872.9865,0.0071216547,-14131.962413593597,56.0,S_2070
2024-05-12 14:31:31,-62.95708,17.137772,-56.14175,64.618614,873.005,0.00668024,-14089.292338189867,56.0,S_2070
2024-05-12 14:31:32,-62.90791,17.14,-56.0858,64.58365,872.97906,0.0062388256,-14050.52706897968,56.0,S_2070
2024-05-12 14:31:33,-62.858734,17.142242,-56.029846,64.55567,872.87726,0.006248516,-14010.852455333381,56.0,S_2070
2024-05-12 14:31:34,-62.80956,17.14447,-55.973892,64.5207,872.7846,0.007669273,-13961.812494009457,56.0,S_2070
2024-05-12 14:31:35,-62.76038,17.146683,-55.91794,64.485725,872.7735,0.007678069,-13912.710545079852,56.0,S_2070
2024-05-12 14:31:36,-62.711197,17.148895,-55.861988,64.45076,872.79205,0.008333812,-13859.264824212325,56.0,S_2070
2024-05-12 14:31:37,-62.662014,17.151108,-55.806034,64.41579,872.79016,0.00834454,-13799.574082897801,56.0,S_2070
2024-05-12 14:31:38,-62.612827,17.153305,-55.743088,64.38082,872.79205,0.0067491545,-13757.66296205331,56.0,S_2070
2024-05-12 14:31:39,-62.563637,17.155502,-55.687134,64.352844,872.81244,0.006758361,-13714.5777921237,56.0,S_2070
2024-05-12 14:31:40,-62.514442,17.157684,-55.63118,64.31787,872.81055,0.005405387,-13680.451795544273,56.0,S_2070
2024-05-12 14:31:41,-62.46525,17.159866,-55.57523,64.2829,872.7365,0.0054153283,-13646.252682718126,56.0,S_2070
2024-05-12 14:31:42,-62.41605,17.162033,-55.519276,64.24793,872.6272,0.0060802596,-13608.468611376706,56.0,S_2070
2024-05-12 14:31:43,-62.366848,17.1642,-55.46332,64.219955,872.5772,0.0060898275,-13570.595776885239,56.0,S_2070
2024-05-12 14:31:44,-62.317642,17.166367,-55.407368,64.19198,872.5883,0.007525485,-13522.404076458322,56.0,S_2070
2024-05-12 14:31:45,-62.268436,17.168518,-55.351418,64.157005,872.59753,0.005900045,-13484.974181934214,56.0,S_2070
2024-05-12 14:31:46,-62.219227,17.170654,-55.295464,64.12203,872.5939,0.004274605,-13458.871283715707,56.0,S_2070
2024-05-12 14:31:47,-62.170013,17.17279,-55.23951,64.094055,872.6068,0.004285154,-13432.092715627121,56.0,S_2070
2024-05-12 14:31:48,-62.1208,17.174927,-55.18356,64.05909,872.6235,0.0003217326,-13431.554931178624,56.0,S_2070
2024-05-12 14:31:49,-62.07158,17.177063,-55.127605,64.02412,872.5902,0.00033686985,-13430.916151435153,56.0,S_2070
2024-05-12 14:31:50,-62.022358,17.179169,-55.07165,63.989147,872.48645,-0.0009462943,-13438.639558931573,56.0,S_2070
2024-05-12 14:31:51,-61.973137,17.18129,-55.015697,63.96117,872.3957,-0.000932862,-13446.38177433142,56.0,S_2070
2024-05-12 14:31:52,-61.92391,17.183395,-54.959747,63.9262,872.38464,0.0004159601,-13444.961221857491,56.0,S_2070
2024-05-12 14:31:53,-61.87468,17.185486,-54.8968,63.898224,872.40314,0.00043016445,-13443.863191856304,56.0,S_2070
2024-05-12 14:31:54,-61.825447,17.187592,-54.840847,63.863255,872.40125,0.0012948994,-13437.054182552094,56.0,S_2070
2024-05-12 14:31:55,-61.776215,17.189667,-54.784893,63.835278,872.40125,0.0013093653,-13430.896897771981,56.0,S_2070
2024-05-12 14:31:56,-61.72698,17.191742,-54.735935,63.800304,872.41425,0.0017557954,-13420.911627875781,56.0,S_2070
2024-05-12 14:31:57,-61.677734,17.193817,-54.67998,63.77233,872.3976,0.0017675816,-13409.683155905466,56.0,S_2070
2024-05-12 14:31:58,-61.628494,17.195892,-54.617035,63.744354,872.31976,0.002240819,-13396.5801291042,56.0,S_2070
2024-05-12 14:31:59,-61.579247,17.197952,-54.56108,63.70938,872.2309,0.0022522882,-13383.553058494104,56.0,S_2070
2024-05-12 14:32:00,-61.53,17.199997,-54.505127,63.681408,872.192,0.0019315791,-13373.712198582882,56.0,S_2070
2024-05-12 14:32:01,-61.480747,17.201965,-54.45617,63.646435,872.1994,0.0019439743,-13360.791247756571,56.0,S_2070
2024-05-12 14:32:02,-61.43149,17.203934,-54.393223,63.611465,872.2105,0.0019527707,-13348.419843435733,56.0,S_2070
2024-05-12 14:32:03,-61.382236,17.205887,-54.330276,63.58349,872.2087,0.0019659114,-13337.404764355051,56.0,S_2070
2024-05-12 14:32:04,-61.332977,17.20784,-54.274323,63.55551,872.2031,0.0015545636,-13328.873722758071,56.0,S_2070
2024-05-12 14:32:05,-61.283714,17.209793,-54.21837,63.527534,872.2031,0.0015663056,-13321.176974632237,56.0,S_2070
2024-05-12 14:32:06,-61.234447,17.211746,-54.16941,63.492565,872.21606,0.0014476784,-13312.967317437533,56.0,S_2070
2024-05-12 14:32:07,-61.18518,17.213684,-54.113457,63.457596,872.2197,0.0014618259,-13305.056091731403,56.0,S_2070
2024-05-12 14:32:08,-61.13591,17.215622,-54.057507,63.42962,872.1679,0.0017733683,-13293.538208159005,56.0,S_2070
2024-05-12 14:32:09,-61.086636,17.21756,-53.99456,63.394646,872.0772,0.0017864758,-13283.698542321166,56.0,S_2070
2024-05-12 14:32:10,-61.03736,17.219498,-53.938606,63.366673,872.0086,0.0022547217,-13272.285311137448,56.0,S_2070
2024-05-12 14:32:11,-60.988083,17.22142,-53.88965,63.338696,871.9994,0.0022643819,-13258.620533168752,56.0,S_2070
2024-05-12 14:32:12,-60.9388,17.223343,-53.833694,63.303722,872.0124,0.002840389,-13239.61666606615,56.0,S_2070
2024-05-12 14:32:13,-60.889515,17.225266,-53.77075,63.27575,872.0124,0.0028551822,-13220.66342767245,56.0,S_2070
2024-05-12 14:32:14,-60.840225,17.227173,-53.707798,63.247772,872.0124,0.0043294765,-13196.771230928818,56.0,S_2070
2024-05-12 14:32:15,-60.790936,17.22908,-53.65884,63.2128,872.0253,0.0043378714,-13169.975953822597,56.0,S_2070
2024-05-12 14:32:16,-60.741642,17.230988,-53.602886,63.184826,872.00684,0.005238262,-13137.489754074762,56.0,S_2070
2024-05-12 14:32:17,-60.69235,17.232895,-53.546936,63.15685,871.929,0.0052476428,-13101.00401012851,56.0,S_2070
2024-05-12 14:32:18,-60.64305,17.234802,-53.48399,63.128872,871.8419,0.005254236,-13068.58638531568,56.0,S_2070
2024-05-12 14:32:19,-60.593746,17.236694,-53.428036,63.100895,871.80304,0.0052635763,-13035.141312425978,56.0,S_2070
2024-05-12 14:32:20,-60.544445,17.238586,-53.37208,63.065926,871.8123,0.0057052444,-13003.854099712215,56.0,S_2070
2024-05-12 14:32:21,-60.495136,17.240463,-53.323124,63.03795,871.8179,0.0057127443,-12968.078027790261,56.0,S_2070
2024-05-12 14:32:22,-60.445827,17.242355,-53.26717,63.00997,871.8142,0.0061729867,-12928.566955524991,56.0,S_2070
2024-05-12 14:32:23,-60.396515,17.244232,-53.211216,62.975002,871.829,0.0061841,-12885.29026780911,56.0,S_2070
2024-05-12 14:32:24,-60.3472,17.246094,-53.14827,62.947025,871.8327,0.00607553,-12847.509297234608,56.0,S_2070
2024-05-12 14:32:25,-60.297882,17.24797,-53.09232,62.91905,871.7679,0.006084285,-12808.566811942675,56.0,S_2070
2024-05-12 14:32:26,-60.24856,17.249832,-53.036366,62.88408,871.6586,0.00595934,-12771.368733755353,56.0,S_2070
2024-05-12 14:32:27,-60.199238,17.251694,-52.98041,62.856102,871.5938,0.0059681274,-12734.087694683793,56.0,S_2070
2024-05-12 14:32:28,-60.14991,17.253555,-52.924458,62.828125,871.5938,0.005527241,-12695.533668323747,56.0,S_2070
2024-05-12 14:32:29,-60.100582,17.255402,-52.86151,62.800148,871.62524,0.005537777,-12665.328366069858,56.0,S_2070
2024-05-12 14:32:30,-60.05125,17.257263,-52.812553,62.77217,871.64935,0.005674763,-12628.89683711161,56.0,S_2070
2024-05-12 14:32:31,-60.001915,17.25911,-52.7566,62.7372,871.616,0.005683638,-12594.161711118217,56.0,S_2070
2024-05-12 14:32:32,-59.952576,17.26094,-52.70065,62.716217,871.5123,0.0056967787,-12558.603035584354,56.0,S_2070
2024-05-12 14:32:33,-59.903236,17.262787,-52.644695,62.68824,871.42346,0.0057080057,-12517.93136094101,56.0,S_2070
2024-05-12 14:32:34,-59.853893,17.264618,-52.58175,62.65327,871.41046,0.004839439,-12488.16913842191,56.0,S_2070
2024-05-12 14:32:35,-59.804546,17.266449,-52.525795,62.625294,871.42896,0.0048487205,-12454.513330126802,56.0,S_2070
2024-05-12 14:32:36,-59.7552,17.268265,-52.46285,62.597317,871.42896,0.0044420413,-12427.30978255959,56.0,S_2070
2024-05-12 14:32:37,-59.70585,17.270096,-52.406895,62.569344,871.42523,0.004453908,-12399.84331668564,56.0,S_2070
2024-05-12 14:32:38,-59.656494,17.271912,-52.35094,62.541367,871.44006,0.004880323,-12373.207525968735,56.0,S_2070
2024-05-12 14:32:39,-59.607136,17.273712,-52.301983,62.51339,871.4456,0.004887999,-12342.725404333774,56.0,S_2070
2024-05-12 14:32:40,-59.557777,17.275528,-52.24603,62.485413,871.37714,0.0058973148,-12304.928937820328,56.0,S_2070
2024-05-12 14:32:41,-59.508415,17.277328,-52.19008,62.450443,871.266,0.0059058676,-12268.01061048615,56.0,S_2070
2024-05-12 14:32:42,-59.45905,17.279129,-52.134125,62.422466,871.2141,0.0063604163,-12223.352086778863,56.0,S_2070
2024-05-12 14:32:43,-59.409683,17.28093,-52.07118,62.39449,871.2271,0.006372559,-12183.543725674368,56.0,S_2070
2024-05-12 14:32:44,-59.36031,17.282715,-52.015224,62.366512,871.2364,0.0062634223,-12145.045066453129,56.0,S_2070
2024-05-12 14:32:45,-59.310936,17.2845,-51.95927,62.34553,871.23083,0.0062716845,-12104.694078024746,56.0,S_2070
2024-05-12 14:32:46,-59.261562,17.286285,-51.90332,62.31056,871.2438,0.0058264434,-12068.270778625487,56.0,S_2070
2024-05-12 14:32:47,-59.21218,17.28807,-51.847366,62.282585,871.26044,0.005837317,-12031.750941501878,56.0,S_2070
2024-05-12 14:32:48,-59.1628,17.28984,-51.791412,62.25461,871.2271,0.004982498,-12000.7994132635,56.0,S_2070
2024-05-12 14:32:49,-59.113415,17.291626,-51.73546,62.22663,871.12335,0.004991435,-11969.78771981321,56.0,S_2070
2024-05-12 14:32:50,-59.064026,17.29338,-51.67951,62.198654,871.0345,0.00458018,-11941.451596075593,56.0,S_2070
2024-05-12 14:32:51,-59.014637,17.29515,-51.623554,62.170677,871.0215,0.0045893136,-11913.052376653248,56.0,S_2070
2024-05-12 14:32:52,-58.965244,17.296906,-51.5676,62.1427,871.04004,0.0046026637,-11881.126452180351,56.0,S_2070
2024-05-12 14:32:53,-58.915848,17.29866,-51.504654,62.114723,871.04004,0.0046132244,-11852.744442638952,56.0,S_2070
2024-05-12 14:32:54,-58.86645,17.300415,-51.4487,62.08675,871.04004,0.0046204487,-11824.132563319165,56.0,S_2070
2024-05-12 14:32:55,-58.817047,17.30217,-51.39275,62.058773,871.053,0.0046294834,-11795.456102300745,56.0,S_2070
2024-05-12 14:32:56,-58.767643,17.30391,-51.336796,62.030796,871.0345,0.0050595966,-11763.969754946245,56.0,S_2070
2024-05-12 14:32:57,-58.71824,17.305649,-51.28084,62.00282,870.95667,0.005070754,-11733.061969982922,56.0,S_2070
2024-05-12 14:32:58,-58.668827,17.307373,-51.224888,61.98184,870.8678,0.0055213673,-11698.535937877758,56.0,S_2070
2024-05-12 14:32:59,-58.619415,17.309113,-51.168938,61.95386,870.83075,0.005529806,-11663.968768718561,56.0,S_2070
2024-05-12 14:33:00,-58.57,17.310837,-51.112984,61.925884,870.8382,0.0055424413,-11629.31494703671,56.0,S_2070
2024-05-12 14:33:01,-58.520744,17.31253,-51.05703,61.897907,870.8456,0.0055532493,-11590.44473635911,56.0,S_2070
2024-05-12 14:33:02,-58.47148,17.314209,-50.994083,61.86993,870.84186,0.00555885,-11555.854575697464,56.0,S_2070
2024-05-12 14:33:03,-58.42221,17.315887,-50.93813,61.841953,870.853,0.005567195,-11521.02796034024,56.0,S_2070
2024-05-12 14:33:04,-58.372932,17.317566,-50.88218,61.813976,870.8567,0.005699769,-11485.329444978805,56.0,S_2070
2024-05-12 14:33:05,-58.323647,17.319244,-50.826225,61.786003,870.8067,0.0057103904,-11450.30854129546,56.0,S_2070
2024-05-12 14:33:06,-58.27435,17.320908,-50.77027,61.76502,870.7141,0.00571437,-11414.485152875417,56.0,S_2070
2024-05-12 14:33:07,-58.225044,17.322586,-50.714317,61.73704,870.64557,0.0057225376,-11378.62664458348,56.0,S_2070
2024-05-12 14:33:08,-58.17573,17.32425,-50.658367,61.709064,870.6382,0.0057348832,-11342.68112729539,56.0,S_2070
2024-05-12 14:33:09,-58.12641,17.325912,-50.602413,61.68109,870.64923,0.0057454105,-11302.380930972013,56.0,S_2070
2024-05-12 14:33:10,-58.077084,17.327576,-50.539467,61.653114,870.64746,0.005307691,-11269.396147336633,56.0,S_2070
2024-05-12 14:33:11,-58.027744,17.329224,-50.483513,61.625137,870.6511,0.005316025,-11236.173418381622,56.0,S_2070
2024-05-12 14:33:12,-57.9784,17.330887,-50.42756,61.59716,870.6678,0.0049179024,-11205.550302565116,56.0,S_2070
2024-05-12 14:33:13,-57.929047,17.332535,-50.37161,61.569183,870.64374,0.004926415,-11175.52659938083,56.0,S_2070
2024-05-12 14:33:14,-57.879684,17.334183,-50.315655,61.548203,870.54553,0.0049307244,-11144.78971568197,56.0,S_2070
2024-05-12 14:33:15,-57.83031,17.33583,-50.2597,61.520226,870.4493,0.004939182,-11114.015755557859,56.0,S_2070
2024-05-12 14:33:16,-57.780933,17.337479,-50.20375,61.49225,870.4196,0.0049542272,-11083.806744180894,56.0,S_2070
2024-05-12 14:33:17,-57.731544,17.339111,-50.147797,61.471268,870.4419,0.0049626445,-11049.154928204067,56.0,S_2070
2024-05-12 14:33:18,-57.682148,17.34076,-50.08485,61.44329,870.4733,0.0045272824,-11021.238954735976,56.0,S_2070
2024-05-12 14:33:19,-57.632744,17.342392,-50.028896,61.415314,870.47516,0.0045359074,-10989.708082572492,56.0,S_2070
2024-05-12 14:33:20,-57.583332,17.344025,-49.96595,61.387337,870.4011,0.004552526,-10964.966915374454,56.0,S_2070
2024-05-12 14:33:21,-57.533913,17.345642,-49.91699,61.35936,870.2918,0.004559678,-10936.472614571985,56.0,S_2070
2024-05-12 14:33:22,-57.48448,17.347275,-49.86104,61.331383,870.2418,0.0050040353,-10905.929698055508,56.0,S_2070
2024-05-12 14:33:23,-57.435043,17.348892,-49.805084,61.310402,870.2529,0.0050123087,-10874.623477558269,56.0,S_2070
2024-05-12 14:33:24,-57.385597,17.350525,-49.74913,61.282425,870.26404,0.005027148,-10843.23811367993,56.0,S_2070
2024-05-12 14:33:25,-57.336143,17.352142,-49.69318,61.254448,870.2585,0.0050353706,-10811.79280540725,56.0,S_2070
2024-05-12 14:33:26,-57.286682,17.353745,-49.637226,61.22647,870.2622,0.005039406,-10777.193308037009,56.0,S_2070
2024-05-12 14:33:27,-57.237213,17.355362,-49.57428,61.20549,870.28076,0.005049,-10742.0519099144,56.0,S_2070
2024-05-12 14:33:28,-57.187733,17.35698,-49.51133,61.177513,870.2548,0.005474353,-10707.90042890108,56.0,S_2070
2024-05-12 14:33:29,-57.138245,17.358582,-49.45538,61.149536,870.15106,0.0054822387,-10678.403404013228,56.0,S_2070
2024-05-12 14:33:30,-57.08875,17.360184,-49.40642,61.128555,870.0603,0.005922485,-10640.931922641303,56.0,S_2070
2024-05-12 14:33:31,-57.039246,17.361786,-49.350468,61.10058,870.04926,0.0059324983,-10604.417070393114,56.0,S_2070
2024-05-12 14:33:32,-56.98973,17.363373,-49.294514,61.079597,870.06586,0.005944214,-10562.554106927117,56.0,S_2070
2024-05-12 14:33:33,-56.940212,17.364975,-49.231567,61.05162,870.06586,0.0059531494,-10525.242714294407,56.0,S_2070
2024-05-12 14:33:34,-56.890682,17.366562,-49.175613,61.023643,870.06586,0.0059565147,-10484.051873448847,56.0,S_2070
2024-05-12 14:33:35,-56.841145,17.368149,-49.112667,61.00266,870.08813,0.0059654005,-10446.631177162357,56.0,S_2070
2024-05-12 14:33:36,-56.7916,17.369736,-49.056713,60.974686,870.08624,0.0063867588,-10406.289625452613,56.0,S_2070
2024-05-12 14:33:37,-56.742046,17.371323,-49.000763,60.94671,870.0122,0.006393964,-10366.798681066535,56.0,S_2070
2024-05-12 14:33:38,-56.692482,17.37291,-48.94481,60.925724,869.90295,0.006958468,-10327.786466287323,56.0,S_2070
2024-05-12 14:33:39,-56.64291,17.374481,-48.89585,60.897747,869.85297,0.006966317,-10283.45364033245,56.0,S_2070
2024-05-12 14:33:40,-56.59333,17.376053,-48.839897,60.869774,869.864,0.007094241,-10238.453734077357,56.0,S_2070
2024-05-12 14:33:41,-56.543743,17.377625,-48.783943,60.841797,869.8733,0.007100919,-10189.041150987436,56.0,S_2070
2024-05-12 14:33:42,-56.49415,17.379196,-48.720997,60.820812,869.86957,0.007104831,-10138.84316327018,56.0,S_2070
2024-05-12 14:33:43,-56.444546,17.380768,-48.65805,60.792835,869.88257,0.0071152616,-10094.88616547373,56.0,S_2070
2024-05-12 14:33:44,-56.39493,17.382324,-48.602097,60.771854,869.8974,0.007125992,-10049.63584298139,56.0,S_2070
2024-05-12 14:33:45,-56.34531,17.383896,-48.546143,60.743877,869.864,0.0071325703,-10005.387504267517,56.0,S_2070
2024-05-12 14:33:46,-56.29568,17.385452,-48.490192,60.722897,869.7622,0.007135003,-9960.067197790913,56.0,S_2070
2024-05-12 14:33:47,-56.246044,17.386993,-48.43424,60.69492,869.67145,0.007141537,-9915.751938513658,56.0,S_2070
2024-05-12 14:33:48,-56.1964,17.38855,-48.378284,60.67394,869.6529,0.0071546007,-9864.984280686473,56.0,S_2070
2024-05-12 14:33:49,-56.146744,17.390106,-48.31534,60.64596,869.67883,0.0071624587,-9820.70383892592,56.0,S_2070
2024-05-12 14:33:50,-56.09708,17.391647,-48.259384,60.624977,869.70105,0.006731922,-9782.938960377905,56.0,S_2070
2024-05-12 14:33:51,-56.047413,17.393188,-48.210426,60.597,869.66956,0.0067372518,-9741.028055970452,56.0,S_2070
2024-05-12 14:33:52,-55.99773,17.39473,-48.154472,60.57602,869.5677,0.005914559,-9703.686283077772,56.0,S_2070
2024-05-12 14:33:53,-55.948044,17.39627,-48.098522,60.548042,869.4751,0.0059216907,-9666.309799682367,56.0,S_2070
2024-05-12 14:33:54,-55.89835,17.397797,-48.04257,60.520065,869.45654,0.0055216197,-9632.365756228133,56.0,S_2070
2024-05-12 14:33:55,-55.848644,17.399338,-47.986614,60.499084,869.4751,0.005528938,-9593.440111267046,56.0,S_2070
2024-05-12 14:33:56,-55.79893,17.400864,-47.923668,60.471107,869.4825,0.0059467303,-9551.652641379274,56.0,S_2070
2024-05-12 14:33:57,-55.74921,17.40239,-47.86072,60.44313,869.4788,0.00595511,-9515.09375170648,56.0,S_2070
2024-05-12 14:33:58,-55.699482,17.403915,-47.804768,60.42215,869.49365,0.0063888766,-9475.55299738585,56.0,S_2070
2024-05-12 14:33:59,-55.649746,17.405441,-47.748814,60.401165,869.4973,0.006395611,-9435.969158679414,56.0,S_2070
2024-05-12 14:34:00,-55.6,17.406952,-47.692863,60.380184,869.43066,0.006808075,-9387.67189185137,56.0,S_2070
2024-05-12 14:34:01,-55.550243,17.408447,-47.629913,60.352207,869.3196,0.0068183355,-9344.545755692114,56.0,S_2070
2024-05-12 14:34:02,-55.50048,17.409958,-47.573963,60.32423,869.2677,0.0068207034,-9302.24006606669,56.0,S_2070
2024-05-12 14:34:03,-55.45071,17.411453,-47.51801,60.30325,869.2788,0.006827118,-9258.848636262139,56.0,S_2070
2024-05-12 14:34:04,-55.400932,17.412949,-47.462055,60.275272,869.2899,0.006840053,-9216.41536038654,56.0,S_2070
2024-05-12 14:34:05,-55.351143,17.414444,-47.406105,60.25429,869.28436,0.006846429,-9173.91574738716,56.0,S_2070
2024-05-12 14:34:06,-55.30135,17.41594,-47.35015,60.233307,869.2881,0.0072775627,-9127.5486451484,56.0,S_2070
2024-05-12 14:34:07,-55.251545,17.41742,-47.294197,60.20533,869.3066,0.007283632,-9081.155620806258,56.0,S_2070
2024-05-12 14:34:08,-55.201733,17.4189,-47.238243,60.177357,869.28064,0.0072962176,-9035.78016712841,56.0,S_2070
2024-05-12 14:34:09,-55.151913,17.420395,-47.182293,60.156372,869.1806,0.007302247,-8983.826113743697,56.0,S_2070
2024-05-12 14:34:10,-55.10208,17.421875,-47.119343,60.128395,869.0862,0.0073055006,-8938.559327725492,56.0,S_2070
2024-05-12 14:34:11,-55.052246,17.42334,-47.063393,60.107414,869.0677,0.007311481,-8893.054233000952,56.0,S_2070
2024-05-12 14:34:12,-55.0024,17.42482,-47.00744,60.086433,869.09546,0.007321505,-8847.481045192206,56.0,S_2070
2024-05-12 14:34:13,-54.952545,17.4263,-46.951485,60.06545,869.1232,0.007327433,-8800.749662897932,56.0,S_2070
2024-05-12 14:34:14,-54.902683,17.427765,-46.895535,60.03747,869.1158,0.006904876,-8752.645255776362,56.0,S_2070
2024-05-12 14:34:15,-54.85281,17.42923,-46.832584,60.01649,869.0362,0.00691232,-8708.806695754587,56.0,S_2070
2024-05-12 14:34:16,-54.802933,17.430695,-46.776634,59.988514,868.9288,0.006410801,-8664.246478886767,56.0,S_2070
2024-05-12 14:34:17,-54.753044,17.43216,-46.713688,59.967533,868.8787,0.0064185155,-8629.441912354836,56.0,S_2070
2024-05-12 14:34:18,-54.703148,17.433624,-46.664726,59.94655,868.8899,0.0059961327,-8591.266797727296,56.0,S_2070
2024-05-12 14:34:19,-54.653244,17.43509,-46.608776,59.91857,868.901,0.006002756,-8554.162510503751,56.0,S_2070
2024-05-12 14:34:20,-54.603333,17.436539,-46.552822,59.89759,868.89734,0.0060133827,-8516.03616093136,56.0,S_2070
2024-05-12 14:34:21,-54.55341,17.437988,-46.49687,59.869614,868.90466,0.006019942,-8474.26954455471,56.0,S_2070
2024-05-12 14:34:22,-54.503483,17.439438,-46.43392,59.848633,868.9103,0.006026195,-8436.222648404299,56.0,S_2070
2024-05-12 14:34:23,-54.453545,17.440887,-46.377968,59.820656,868.8602,0.00603271,-8394.358481614918,56.0,S_2070
2024-05-12 14:34:24,-54.4036,17.442337,-46.31502,59.79967,868.76764,0.0060445336,-8357.125916342153,56.0,S_2070
2024-05-12 14:34:25,-54.353645,17.443787,-46.259068,59.77869,868.6991,0.0060509946,-8324.20970785124,56.0,S_2070
2024-05-12 14:34:26,-54.30368,17.44522,-46.21011,59.75771,868.6899,0.0059312405,-8286.422057220458,56.0,S_2070
2024-05-12 14:34:27,-54.25371,17.44667,-46.154156,59.729733,868.7047,0.005940231,-8245.211937500422,56.0,S_2070
2024-05-12 14:34:28,-54.20373,17.448105,-46.09121,59.708748,868.7028,0.0059520467,-8204.069463565838,56.0,S_2070
2024-05-12 14:34:29,-54.153744,17.44954,-46.028263,59.687767,868.7047,0.0059597977,-8170.769317683385,56.0,S_2070
2024-05-12 14:34:30,-54.10375,17.450958,-45.979305,59.65979,868.71765,0.005960926,-8133.728653839444,56.0,S_2070
2024-05-12 14:34:31,-54.053745,17.452393,-45.92335,59.63881,868.6991,0.0059698243,-8095.83655171796,56.0,S_2070
2024-05-12 14:34:32,-54.00373,17.453827,-45.867397,59.610832,868.6195,0.0059802523,-8054.326230667741,56.0,S_2070
2024-05-12 14:34:33,-53.953712,17.455246,-45.80445,59.58985,868.5324,0.0059879003,-8017.430572135576,56.0,S_2070
2024-05-12 14:34:34,-53.903683,17.456665,-45.748497,59.568867,868.4936,0.005990223,-7984.830122131165,56.0,S_2070
2024-05-12 14:34:35,-53.853645,17.458084,-45.69954,59.547886,868.5028,0.0059952787,-7943.0129029472355,56.0,S_2070
2024-05-12 14:34:36,-53.803596,17.459503,-45.636593,59.5269,868.50836,0.0056160605,-7907.601430167268,56.0,S_2070
2024-05-12 14:34:37,-53.753544,17.460922,-45.58064,59.498924,868.5065,0.0056225685,-7868.648455950732,56.0,S_2070
2024-05-12 14:34:38,-53.703484,17.462326,-45.517693,59.477943,868.5195,0.0052054124,-7840.667877447191,56.0,S_2070
2024-05-12 14:34:39,-53.65341,17.463745,-45.468735,59.456963,868.525,0.0052108606,-7804.478098923219,56.0,S_2070
2024-05-12 14:34:40,-53.603333,17.465149,-45.40579,59.435978,868.4584,0.004969665,-7774.112437903686,56.0,S_2070
2024-05-12 14:34:41,-53.553246,17.466553,-45.349834,59.414997,868.34906,0.004728469,-7740.8718333550005,56.0,S_2070
2024-05-12 14:34:42,-53.503147,17.467957,-45.28689,59.38702,868.28424,0.004732684,-7712.043332456156,56.0,S_2070
2024-05-12 14:34:43,-53.453045,17.469345,-45.230934,59.36604,868.28613,0.0047396356,-7682.208427791547,56.0,S_2070
2024-05-12 14:34:44,-53.40293,17.470749,-45.17498,59.338062,868.3176,0.004750553,-7653.087636679114,56.0,S_2070
2024-05-12 14:34:45,-53.35281,17.472137,-45.119026,59.317078,868.3398,0.0047599357,-7623.888503972799,56.0,S_2070
2024-05-12 14:34:46,-53.30268,17.473541,-45.063076,59.296097,868.3065,0.004343907,-7597.362127857798,56.0,S_2070
2024-05-12 14:34:47,-53.252544,17.47493,-45.007122,59.275116,868.20465,0.0043510143,-7567.5076004709745,56.0,S_2070
2024-05-12 14:34:48,-53.2024,17.476318,-44.944176,59.25413,868.1139,0.0043633212,-7541.023171015019,56.0,S_2070
2024-05-12 14:34:49,-53.152245,17.477692,-44.88822,59.23315,868.09906,0.004370367,-7514.319188982852,56.0,S_2070
2024-05-12 14:34:50,-53.10208,17.47908,-44.832268,59.212166,868.12134,0.004255022,-7487.65800107244,56.0,S_2070
2024-05-12 14:34:51,-53.05191,17.480453,-44.776318,59.184193,868.1361,0.004264625,-7461.647743152425,56.0,S_2070
2024-05-12 14:34:52,-53.00173,17.481842,-44.720364,59.163208,868.12866,0.0042757,-7435.546679213419,56.0,S_2070
2024-05-12 14:34:53,-52.951546,17.483215,-44.66441,59.142227,868.0954,0.0042827595,-7350.40914597679,56.0,S_2070
2024-05-12 14:34:56,-52.80093,17.48732,-44.48956,59.072285,867.9361,0.0035690523,-7331.880047580202,56.0,S_2070
2024-05-12 14:34:57,-52.75071,17.488693,-44.433605,59.051304,867.91943,0.0035763164,-7310.270658333876,56.0,S_2070
2024-05-12 14:34:58,-52.70048,17.490051,-44.37765,59.03032,867.9231,0.004317459,-7283.166117260176,56.0,S_2070
2024-05-12 14:34:59,-52.650246,17.49141,-44.321697,59.002342,867.9231,0.0043268846,-7253.4778967790035,56.0,S_2070
2024-05-12 14:35:00,-52.6,17.492767,-44.25875,58.98136,867.92126,0.004338978,-7227.123151040725,56.0,S_2070
2024-05-12 14:35:01,-52.54999,17.494064,-44.2028,58.96038,867.9361,0.0043458696,-7197.274331160234,56.0,S_2070
2024-05-12 14:35:02,-52.499966,17.495346,-44.13985,58.939396,867.95276,0.0044670766,-7170.089669608839,56.0,S_2070
2024-05-12 14:35:03,-52.449924,17.496643,-44.0839,58.918415,867.91754,0.0044738115,-7146.026234982449,56.0,S_2070
2024-05-12 14:35:04,-52.399864,17.497925,-44.03494,58.89743,867.8139,0.0040964726,-7120.883592387536,56.0,S_2070
2024-05-12 14:35:05,-52.34979,17.499207,-43.97899,58.87645,867.7249,0.0041058916,-7092.131887350879,56.0,S_2070
2024-05-12 14:35:06,-52.299698,17.500504,-43.916042,58.848473,867.71387,0.0041100313,-7064.157409159381,56.0,S_2070
2024-05-12 14:35:07,-52.24959,17.501785,-43.853092,58.82749,867.7305,0.004118115,-7042.2814213030215,56.0,S_2070
2024-05-12 14:35:08,-52.199467,17.503082,-43.804134,58.806507,867.7305,0.0041277055,-7016.927112941317,56.0,S_2070
2024-05-12 14:35:09,-52.149323,17.504364,-43.74818,58.785526,867.7305,0.0041345265,-6988.584691167929,56.0,S_2070
2024-05-12 14:35:10,-52.099167,17.505661,-43.685234,58.764545,867.7435,0.004141083,-6960.824148706324,56.0,S_2070
2024-05-12 14:35:11,-52.048992,17.506943,-43.622288,58.750557,867.7249,0.0041490537,-6935.647297796268,56.0,S_2070
2024-05-12 14:35:12,-51.9988,17.508224,-43.566334,58.729572,867.6472,0.004159754,-6909.535964998483,56.0,S_2070
2024-05-12 14:35:13,-51.94859,17.509521,-43.510384,58.701595,867.5583,0.004166477,-6884.107320413392,56.0,S_2070
2024-05-12 14:35:14,-51.898365,17.510803,-43.45443,58.680614,867.52124,0.004169224,-6858.641698852321,56.0,S_2070
2024-05-12 14:35:15,-51.848125,17.512085,-43.398476,58.659634,867.5305,0.0041784234,-6833.114235747508,56.0,S_2070
2024-05-12 14:35:16,-51.797867,17.513382,-43.34252,58.63865,867.5361,0.0045730826,-6801.6005195447415,56.0,S_2070
2024-05-12 14:35:17,-51.74759,17.514664,-43.279575,58.61767,867.5342,0.004580666,-6773.644419801911,56.0,S_2070
2024-05-12 14:35:18,-51.6973,17.515945,-43.22362,58.596684,867.5435,0.0045830947,-6744.709936605108,56.0,S_2070
2024-05-12 14:35:19,-51.64699,17.517227,-43.16767,58.56871,867.5472,0.0045894445,-6716.540245780029,56.0,S_2070
2024-05-12 14:35:20,-51.596664,17.518524,-43.111717,58.547726,867.4972,0.0046022376,-6688.853751844215,56.0,S_2070
2024-05-12 14:35:21,-51.546326,17.519806,-43.055763,58.533737,867.40826,0.0046085366,-6660.524639967889,56.0,S_2070
2024-05-12 14:35:22,-51.495964,17.521088,-42.999813,58.512756,867.33606,0.005020895,-6625.771370444301,56.0,S_2070
2024-05-12 14:35:23,-51.44559,17.52237,-42.936863,58.491776,867.3212,0.0050280774,-6594.038775937938,56.0,S_2070
2024-05-12 14:35:24,-51.3952,17.523651,-42.880913,58.4638,867.34344,0.0050380006,-6562.964086640795,56.0,S_2070
2024-05-12 14:35:25,-51.34479,17.524933,-42.82496,58.442814,867.36383,0.0050464803,-6531.815819621364,56.0,S_2070
2024-05-12 14:35:26,-51.294365,17.52623,-42.769005,58.421833,867.33417,0.0050484864,-6500.653709850529,56.0,S_2070
2024-05-12 14:35:27,-51.243923,17.527512,-42.713055,58.40085,867.2305,0.0050543975,-6469.449204932676,56.0,S_2070
2024-05-12 14:35:28,-51.193466,17.528793,-42.6571,58.379868,867.14154,0.0050642192,-6438.178902506704,56.0,S_2070
2024-05-12 14:35:29,-51.14299,17.530075,-42.601147,58.358887,867.1286,0.00507007,-6403.057117916702,56.0,S_2070
2024-05-12 14:35:30,-51.0925,17.531357,-42.5382,58.337902,867.1471,0.004959136,-6368.900254440739,56.0,S_2070
2024-05-12 14:35:31,-51.041992,17.532639,-42.475254,58.31692,867.1471,0.0049687508,-6338.405215263054,56.0,S_2070
2024-05-12 14:35:32,-50.991467,17.53392,-42.4193,58.295937,867.14343,0.0049785804,-6311.386191591986,56.0,S_2070
2024-05-12 14:35:33,-50.940926,17.535202,-42.370342,58.274956,867.15826,0.004983301,-6280.457166208982,56.0,S_2070
2024-05-12 14:35:34,-50.890366,17.536484,-42.31439,58.253975,867.1619,0.004985242,-6246.515639448669,56.0,S_2070
2024-05-12 14:35:35,-50.83979,17.537766,-42.251442,58.239986,867.09344,0.0049922224,-6214.95162233566,56.0,S_2070
2024-05-12 14:35:36,-50.7892,17.539047,-42.195488,58.21201,866.9842,0.0050044875,-6180.302772683636,56.0,S_2070
2024-05-12 14:35:37,-50.73859,17.540329,-42.13254,58.19103,866.9323,0.005011414,-6153.2488463006985,56.0,S_2070
2024-05-12 14:35:38,-50.687965,17.54161,-42.083584,58.170044,866.9434,0.004606062,-6124.742141904185,56.0,S_2070
2024-05-12 14:35:39,-50.637325,17.542892,-42.02763,58.149063,866.9546,0.0046120454,-6096.361487050805,56.0,S_2070
2024-05-12 14:35:40,-50.586666,17.544174,-41.971676,58.12808,866.949,0.0046219076,-6064.4438396993155,56.0,S_2070
2024-05-12 14:35:41,-50.53599,17.545456,-41.90873,58.107098,866.9527,0.0046315338,-6036.09983449744,56.0,S_2070
2024-05-12 14:35:42,-50.4853,17.546738,-41.852776,58.086117,866.9712,0.0046335463,-6004.093403781547,56.0,S_2070
2024-05-12 14:35:43,-50.43459,17.54802,-41.78983,58.065132,866.94525,0.0046405685,-5975.685838683865,56.0,S_2070
2024-05-12 14:35:44,-50.383865,17.549286,-41.733875,58.04415,866.84344,0.0046503246,-5947.664424883317,56.0,S_2070
2024-05-12 14:35:45,-50.333126,17.550568,-41.677925,58.030163,866.7508,0.004656162,-5918.967652674783,56.0,S_2070
2024-05-12 14:35:46,-50.282368,17.55185,-41.62197,58.00918,866.7397,0.0046580844,-5886.015312050294,56.0,S_2070
2024-05-12 14:35:47,-50.23159,17.553131,-41.559025,57.981205,866.75824,0.0046675648,-5858.061629625892,56.0,S_2070
2024-05-12 14:35:48,-50.1808,17.554413,-41.50307,57.967216,866.75635,0.004300537,-5831.654120892501,56.0,S_2070
2024-05-12 14:35:49,-50.12999,17.55568,-41.447117,57.94623,866.75824,0.0043065194,-5808.426490710093,56.0,S_2070
2024-05-12 14:35:50,-50.079166,17.556961,-41.39816,57.92525,866.7786,0.0043074666,-5778.58691385394,56.0,S_2070
2024-05-12 14:35:51,-50.028324,17.558243,-41.335213,57.904266,866.77673,0.0043145157,-5752.265191495387,56.0,S_2070
2024-05-12 14:35:52,-49.977467,17.559525,-41.27926,57.883286,866.7027,0.004700045,-5719.757672101101,56.0,S_2070
2024-05-12 14:35:53,-49.92659,17.560791,-41.216312,57.862305,866.5934,0.0047093774,-5690.879904557216,56.0,S_2070
2024-05-12 14:35:54,-49.875698,17.562073,-41.16036,57.84132,866.5434,0.0047111223,-5661.824763773145,56.0,S_2070
2024-05-12 14:35:55,-49.82479,17.563354,-41.10441,57.82034,866.5545,0.004716724,-5632.728602921574,56.0,S_2070
2024-05-12 14:35:56,-49.773865,17.564621,-41.048454,57.799355,866.5656,0.004726184,-5600.023681007933,56.0,S_2070
2024-05-12 14:35:57,-49.722923,17.565903,-40.985508,57.778374,866.56006,0.0047328323,-5570.984516706364,56.0,S_2070
2024-05-12 14:35:58,-49.671967,17.567184,-40.929554,57.757393,866.56934,0.004737067,-5542.393196482413,56.0,S_2070
2024-05-12 14:35:59,-49.62099,17.56845,-40.8736,57.743404,866.573,0.0047425725,-5513.106115204315,56.0,S_2070
2024-05-12 14:36:00,-49.57,17.569733,-40.81765,57.72242,866.523,0.004751922,-5483.770577638237,56.0,S_2070
2024-05-12 14:36:01,-49.51899,17.57106,-40.761696,57.70144,866.43225,0.0047574094,-5454.397224909908,56.0,S_2070
2024-05-12 14:36:02,-49.467968,17.572403,-40.70574,57.680458,866.3638,0.0047590095,-5422.023937387068,56.0,S_2070
2024-05-12 14:36:03,-49.416924,17.57373,-40.642796,57.66647,866.3545,0.004765545,-5389.168248669255,56.0,S_2070
2024-05-12 14:36:04,-49.365868,17.575058,-40.57985,57.645485,866.36743,0.0047759106,-5363.379501868055,56.0,S_2070
2024-05-12 14:36:05,-49.314793,17.576385,-40.530888,57.624504,866.36743,0.004782805,-5332.771251185708,56.0,S_2070
2024-05-12 14:36:06,-49.2637,17.577713,-40.474937,57.596527,866.36743,0.0047843037,-5300.229275077345,56.0,S_2070
2024-05-12 14:36:07,-49.212593,17.579025,-40.41199,57.58254,866.38043,0.004790733,-5267.1810088892735,56.0,S_2070
2024-05-12 14:36:08,-49.161465,17.580353,-40.34904,57.561558,866.3638,0.004800985,-5237.6744354892535,56.0,S_2070
2024-05-12 14:36:09,-49.110325,17.581665,-40.29309,57.540573,866.28595,0.0048062713,-5207.96482123533,56.0,S_2070
2024-05-12 14:36:10,-49.059166,17.582977,-40.237137,57.519592,866.1989,0.004810282,-5178.893458960686,56.0,S_2070
2024-05-12 14:36:11,-49.00799,17.58429,-40.181183,57.505604,866.1545,0.0048155217,-5149.105524885024,56.0,S_2070
2024-05-12 14:36:12,-48.9568,17.585602,-40.125233,57.484623,866.16187,0.0048245867,-5119.269747518748,56.0,S_2070
2024-05-12 14:36:13,-48.90559,17.586914,-40.06928,57.46364,866.1897,0.004829776,-5085.779269112618,56.0,S_2070
2024-05-12 14:36:14,-48.854366,17.588211,-40.006332,57.442657,866.1915,0.004832172,-5056.053506625483,56.0,S_2070
2024-05-12 14:36:15,-48.803123,17.589508,-39.95038,57.421673,866.1193,0.004837314,-5026.1282813812895,56.0,S_2070
2024-05-12 14:36:16,-48.751865,17.59082,-39.894424,57.400692,866.01,0.0048488877,-4996.125729774592,56.0,S_2070
2024-05-12 14:36:17,-48.700592,17.592117,-39.83847,57.37971,865.9582,0.0048539676,-4962.45112020869,56.0,S_2070
2024-05-12 14:36:18,-48.6493,17.593414,-39.775524,57.358727,865.9711,0.004856264,-4933.243347937106,56.0,S_2070
2024-05-12 14:36:19,-48.597992,17.594711,-39.719574,57.344738,865.98035,0.004861307,-4899.493922835677,56.0,S_2070
2024-05-12 14:36:20,-48.546665,17.595993,-39.656624,57.323757,865.9748,0.004871215,-4873.114594433659,56.0,S_2070
2024-05-12 14:36:21,-48.495323,17.59729,-39.607666,57.302773,865.9785,0.004875149,-4842.765977067449,56.0,S_2070
2024-05-12 14:36:22,-48.443966,17.598572,-39.551712,57.28179,865.9971,0.004878903,-4813.245606117433,56.0,S_2070
2024-05-12 14:36:23,-48.392593,17.599854,-39.49576,57.267803,865.9711,0.0048838495,-4779.3246697907325,56.0,S_2070
2024-05-12 14:36:24,-48.341198,17.60115,-39.43281,57.246822,865.86926,0.0048936484,-4749.177203748978,56.0,S_2070
2024-05-12 14:36:25,-48.28979,17.602417,-39.37686,57.225838,865.7785,0.004898543,-4718.83059670681,56.0,S_2070
2024-05-12 14:36:26,-48.238365,17.603699,-39.320908,57.204857,865.76556,0.004899589,-4689.171578809126,56.0,S_2070
2024-05-12 14:36:27,-48.186924,17.60498,-39.264954,57.19087,865.78406,0.004904435,-4658.768728606941,56.0,S_2070
2024-05-12 14:36:28,-48.135468,17.606247,-39.209003,57.169888,865.78406,0.0049156994,-4628.303250017647,56.0,S_2070
2024-05-12 14:36:29,-48.083992,17.607529,-39.15305,57.148903,865.7804,0.0049204975,-4594.121575210214,56.0,S_2070
2024-05-12 14:36:30,-48.0325,17.608795,-39.090103,57.127922,865.79517,0.0049224943,-4560.085312934656,56.0,S_2070
2024-05-12 14:36:31,-47.98099,17.610062,-39.027157,57.106937,865.8007,0.0049282787,-4530.400413977357,56.0,S_2070
2024-05-12 14:36:32,-47.929466,17.611328,-38.971203,57.092953,865.7322,0.0049368115,-4499.772674273476,56.0,S_2070
2024-05-12 14:36:33,-47.877926,17.612595,-38.91525,57.071968,865.62115,0.0049415156,-4469.127626095538,56.0,S_2070
2024-05-12 14:36:34,-47.826366,17.613846,-38.859295,57.050987,865.5693,0.0049450025,-4434.756835804756,56.0,S_2070
2024-05-12 14:36:35,-47.77479,17.615112,-38.79635,57.030003,865.5822,0.00495068,-4404.9237368839,56.0,S_2070
2024-05-12 14:36:36,-47.723198,17.616364,-38.740395,57.016014,865.59143,0.0045935907,-4376.510534579182,56.0,S_2070
2024-05-12 14:36:37,-47.671593,17.617615,-38.684444,56.995033,865.58594,0.0045984224,-4351.482541005726,56.0,S_2070
2024-05-12 14:36:38,-47.619965,17.618866,-38.635483,56.974052,865.60077,0.0045984043,-4319.444494543255,56.0,S_2070
2024-05-12 14:36:39,-47.568325,17.620117,-38.572536,56.953068,865.61554,0.004604214,-4291.132414961288,56.0,S_2070
2024-05-12 14:36:40,-47.516666,17.621368,-38.516586,56.932087,865.5822,0.0046154135,-4259.727520066592,56.0,S_2070
2024-05-12 14:36:41,-47.464993,17.62262,-38.453636,56.9181,865.4785,0.004621168,-4231.285139212809,56.0,S_2070
2024-05-12 14:36:42,-47.4133,17.623856,-38.397686,56.897114,865.38965,0.0046220846,-4202.686026898771,56.0,S_2070
2024-05-12 14:36:43,-47.36159,17.625092,-38.341732,56.876133,865.37665,0.0046267724,-4174.054273310329,56.0,S_2070
2024-05-12 14:36:44,-47.309868,17.626328,-38.285778,56.855152,865.39514,0.004635225,-4142.505793223625,56.0,S_2070
2024-05-12 14:36:45,-47.258125,17.627563,-38.22283,56.841164,865.3933,0.0046408707,-4113.923814644357,56.0,S_2070
2024-05-12 14:36:46,-47.206367,17.6288,-38.166878,56.82018,865.39514,0.004641683,-4085.189976683234,56.0,S_2070
2024-05-12 14:36:47,-47.15459,17.630035,-38.110928,56.7992,865.4155,0.0046489374,-4053.538351556601,56.0,S_2070
2024-05-12 14:36:48,-47.1028,17.631271,-38.047977,56.78521,865.4137,0.0046582897,-4024.8383317188654,56.0,S_2070
2024-05-12 14:36:49,-47.05099,17.632492,-37.992027,56.76423,865.34143,0.0046628253,-3993.087492011432,56.0,S_2070
2024-05-12 14:36:50,-46.999165,17.633713,-37.92908,56.75024,865.2322,0.0047690747,-3963.661975219821,56.0,S_2070
2024-05-12 14:36:51,-46.947323,17.634933,-37.873127,56.729256,865.1803,0.0047734366,-3934.0600436963523,56.0,S_2070
2024-05-12 14:36:52,-46.895466,17.636154,-37.817173,56.708275,865.19147,0.004781552,-3904.403103001424,56.0,S_2070
2024-05-12 14:36:53,-46.84359,17.637375,-37.76122,56.687294,865.20435,0.004788528,-3871.7553644231184,56.0,S_2070
2024-05-12 14:36:54,-46.7917,17.638596,-37.698273,56.673306,865.2007,0.004790038,-3842.183787924051,56.0,S_2070
2024-05-12 14:36:55,-46.73979,17.639816,-37.64232,56.65232,865.2007,0.004794301,-3812.438626237614,56.0,S_2070
2024-05-12 14:36:56,-46.687866,17.641022,-37.58637,56.63134,865.20435,0.004802312,-3782.6366079320055,56.0,S_2070
2024-05-12 14:36:57,-46.635925,17.642227,-37.530415,56.610355,865.184,0.0048065367,-3688.3758470058633,56.0,S_2070
2024-05-12 14:37:00,-46.48,17.645844,-37.35556,56.561398,865.03766,0.0036280118,-3668.9594690593617,56.0,S_2070
2024-05-12 14:37:01,-46.428238,17.647049,-37.29961,56.540417,865.0025,0.0036327774,-3646.727996314382,56.0,S_2070
2024-05-12 14:37:02,-46.37645,17.648254,-37.243656,56.519432,864.9932,0.0048271976,-3616.7503610938584,56.0,S_2070
2024-05-12 14:37:03,-46.32464,17.649445,-37.187702,56.49845,865.0062,0.004831301,-3583.7863133320825,56.0,S_2070
2024-05-12 14:37:04,-46.2728,17.65065,-37.124756,56.484463,865.0266,0.004840108,-3553.8650995931457,56.0,S_2070
2024-05-12 14:37:05,-46.220936,17.65184,-37.0688,56.46348,864.99884,0.0048441575,-3523.7713854202257,56.0,S_2070
2024-05-12 14:37:06,-46.16905,17.65303,-37.01285,56.442497,864.8988,0.0048471154,-3493.6544608197337,56.0,S_2070
2024-05-12 14:37:07,-46.117138,17.65422,-36.956898,56.421516,864.8044,0.0048511163,-3464.2438818169603,56.0,S_2070
2024-05-12 14:37:08,-46.0652,17.65541,-36.900944,56.407528,864.784,0.0049542696,-3433.412943697182,56.0,S_2070
2024-05-12 14:37:09,-46.013237,17.6566,-36.84499,56.386547,864.8025,0.0049580988,-3399.5413456004567,56.0,S_2070
2024-05-12 14:37:10,-45.96125,17.657791,-36.782043,56.37256,864.81177,0.0049591153,-3365.130597531306,56.0,S_2070
2024-05-12 14:37:11,-45.909237,17.658966,-36.719097,56.351574,864.80804,0.0049638497,-3334.4027677600543,56.0,S_2070
2024-05-12 14:37:12,-45.8572,17.660141,-36.663143,56.330593,864.821,0.004971341,-3307.9969927403176,56.0,S_2070
2024-05-12 14:37:13,-45.805138,17.661316,-36.614185,56.316605,864.82654,0.00497681,-3273.8143732743456,56.0,S_2070
2024-05-12 14:37:14,-45.753048,17.66249,-36.55124,56.302616,864.75995,0.004977722,-3242.97476093709,56.0,S_2070
2024-05-12 14:37:15,-45.700935,17.663666,-36.495285,56.281635,864.65063,0.004981396,-3208.2465086114476,56.0,S_2070
2024-05-12 14:37:16,-45.6488,17.66484,-36.43234,56.26065,864.5895,0.0049897255,-3178.103393373247,56.0,S_2070
2024-05-12 14:37:17,-45.596638,17.666,-36.376385,56.246662,864.5951,0.0049933433,-3146.9981044334572,56.0,S_2070
2024-05-12 14:37:18,-45.54445,17.66716,-36.320435,56.22568,864.6173,0.004993205,-3115.9026609241596,56.0,S_2070
2024-05-12 14:37:19,-45.492237,17.66832,-36.26448,56.204697,864.6192,0.0049967715,-3085.5525249604048,56.0,S_2070
2024-05-12 14:37:20,-45.44,17.66948,-36.208527,56.190712,864.6154,0.005006756,-3054.3503081545855,56.0,S_2070
2024-05-12 14:37:21,-45.387737,17.670639,-36.152573,56.169727,864.621,0.005010273,-3019.399908143482,56.0,S_2070
2024-05-12 14:37:22,-45.33545,17.671799,-36.089626,56.148746,864.61365,0.005010973,-2984.5994329818573,56.0,S_2070
2024-05-12 14:37:23,-45.283134,17.672943,-36.02668,56.12776,864.5747,0.0050153704,-2890.045194697942,56.0,S_2070
2024-05-12 14:37:26,-45.12605,17.676392,-35.85882,56.078804,864.4173,0.0061041303,-2854.2963346181127,56.0,S_2070
2024-05-12 14:37:27,-45.073635,17.677536,-35.802868,56.057823,864.4025,0.006109712,-2816.8818542988643,56.0,S_2070
2024-05-12 14:37:28,-45.0212,17.67868,-35.746914,56.043835,864.41174,0.0050387383,-2781.695016373487,56.0,S_2070
2024-05-12 14:37:29,-44.968735,17.67981,-35.683968,56.02285,864.4358,0.005042966,-2746.6465862528476,56.0,S_2070
2024-05-12 14:37:30,-44.91625,17.680954,-35.62102,56.00187,864.4395,0.0050434526,-2716.141385589215,56.0,S_2070
2024-05-12 14:37:31,-44.863735,17.682083,-35.565067,55.98788,864.36914,0.0050467043,-2685.445375436895,56.0,S_2070
2024-05-12 14:37:32,-44.8112,17.683212,-35.509117,55.973892,864.258,0.0050536394,-2653.9085416219455,56.0,S_2070
2024-05-12 14:37:33,-44.758636,17.684341,-35.453163,55.95291,864.2062,0.0050568394,-2622.3616742644554,56.0,S_2070
2024-05-12 14:37:34,-44.706047,17.68547,-35.39721,55.931927,864.2191,0.00505905,-2587.7406814930014,56.0,S_2070
2024-05-12 14:37:35,-44.653435,17.686584,-35.334263,55.91794,864.2302,0.0050631096,-2556.2915262852894,56.0,S_2070
2024-05-12 14:37:36,-44.6008,17.687714,-35.27831,55.896957,864.2247,0.0050699455,-2525.4547047535557,56.0,S_2070
2024-05-12 14:37:37,-44.548134,17.688828,-35.22236,55.88297,864.2284,0.005073029,-2493.7793714312234,56.0,S_2070
2024-05-12 14:37:38,-44.49545,17.689941,-35.166405,55.861988,864.24506,0.0050724107,-2462.1186586047074,56.0,S_2070
2024-05-12 14:37:39,-44.442738,17.691055,-35.11045,55.841003,864.2191,0.0050754445,-2427.374714098996,56.0,S_2070
2024-05-12 14:37:40,-44.39,17.69217,-35.047504,55.827015,864.11725,0.0050830566,-2395.782892978138,56.0,S_2070
2024-05-12 14:37:41,-44.337234,17.693283,-34.99155,55.806034,864.0265,0.005088804,-2364.8192980459676,56.0,S_2070
2024-05-12 14:37:42,-44.284447,17.694382,-34.9356,55.792046,864.01544,0.004713439,-2335.467908881563,56.0,S_2070
2024-05-12 14:37:43,-44.231636,17.695496,-34.879646,55.771065,864.03204,0.004716644,-2302.593135947705,56.0,S_2070
2024-05-12 14:37:44,-44.1788,17.696594,-34.8167,55.75008,864.03204,0.0047244034,-2274.0888278944067,56.0,S_2070
2024-05-12 14:37:45,-44.125935,17.697693,-34.760746,55.73609,864.03204,0.0047275564,-2245.3939510773143,56.0,S_2070
2024-05-12 14:37:46,-44.073048,17.698792,-34.704792,55.722103,864.0543,0.004726997,-2215.944924881419,56.0,S_2070
2024-05-12 14:37:47,-44.020134,17.69989,-34.648838,55.701122,864.0506,0.004730099,-2183.6426503516973,56.0,S_2070
2024-05-12 14:37:48,-43.967197,17.700974,-34.58589,55.687134,863.9784,0.004737739,-2150.7465596057323,56.0,S_2070
2024-05-12 14:37:49,-43.914234,17.702072,-34.522945,55.666153,863.86914,0.0047444403,-2121.344685254093,56.0,S_2070
2024-05-12 14:37:50,-43.861248,17.703156,-34.46699,55.64517,863.81726,0.0047437856,-2092.5550231318466,56.0,S_2070
2024-05-12 14:37:51,-43.808235,17.704239,-34.41104,55.63118,863.8302,0.0047467807,-2063.729801621578,56.0,S_2070
2024-05-12 14:37:52,-43.7552,17.705322,-34.355087,55.61719,863.8395,0.004663376,-2031.208296175563,56.0,S_2070
2024-05-12 14:37:53,-43.702137,17.706406,-34.29214,55.59621,863.83575,0.004667319,-2003.052249096062,56.0,S_2070
2024-05-12 14:37:54,-43.649048,17.707474,-34.236187,55.582222,863.845,0.0046666916,-1973.9758103910833,56.0,S_2070
2024-05-12 14:37:55,-43.595936,17.708557,-34.180233,55.56124,863.84875,0.004669709,-1948.3286383455759,56.0,S_2070
2024-05-12 14:37:56,-43.542797,17.709625,-34.131275,55.540257,863.79877,0.0046782847,-1916.2279458676776,56.0,S_2070
2024-05-12 14:37:57,-43.489635,17.710693,-34.06833,55.526268,863.708,0.0046821213,-1887.198887006554,56.0,S_2070
2024-05-12 14:37:58,-43.436447,17.711761,-34.012375,55.505287,863.63763,0.0046814014,-1855.2282649712636,56.0,S_2070
2024-05-12 14:37:59,-43.383236,17.71283,-33.94943,55.4913,863.6302,0.00468518,-1826.1742375194049,56.0,S_2070
2024-05-12 14:38:00,-43.329998,17.713898,-33.893475,55.470318,863.6432,0.004691726,-1797.7006316832153,56.0,S_2070
2024-05-12 14:38:01,-43.276737,17.71495,-33.837524,55.45633,863.6413,0.0046946225,-1768.425517472674,56.0,S_2070
2024-05-12 14:38:02,-43.22345,17.716019,-33.78157,55.435345,863.6432,0.004693833,-1736.3615095539744,56.0,S_2070
2024-05-12 14:38:03,-43.170135,17.717072,-33.718624,55.421356,863.6561,0.00469753,-1707.2172550725184,56.0,S_2070
2024-05-12 14:38:04,-43.1168,17.718124,-33.66267,55.400375,863.63763,0.0047068,-1675.0585059742536,56.0,S_2070
2024-05-12 14:38:05,-43.063435,17.719162,-33.599724,55.386387,863.5598,0.0047104387,-1645.8251551817552,56.0,S_2070
2024-05-12 14:38:06,-43.010048,17.720215,-33.54377,55.365406,863.47095,0.00470955,-1617.2280407387484,56.0,S_2070
2024-05-12 14:38:07,-42.956635,17.721252,-33.487816,55.351418,863.4339,0.004712282,-1591.2904134698097,56.0,S_2070
2024-05-12 14:38:08,-42.9032,17.722305,-33.438858,55.330433,863.4431,0.0047177905,-1558.894930795654,56.0,S_2070
2024-05-12 14:38:09,-42.849735,17.723343,-33.37591,55.316444,863.44867,0.0047213156,-1530.3599444528804,56.0,S_2070
2024-05-12 14:38:10,-42.79625,17.72438,-33.319958,55.302456,863.445,0.0047203265,-1497.3869424794377,56.0,S_2070
2024-05-12 14:38:11,-42.742737,17.725418,-33.25701,55.281475,863.45795,0.0047266143,-1464.5319899337535,56.0,S_2070
2024-05-12 14:38:12,-42.689198,17.726456,-33.194065,55.260494,863.4635,0.0048212013,-1435.3714804194215,56.0,S_2070
2024-05-12 14:38:13,-42.635635,17.727478,-33.13811,55.246506,863.3968,0.0048236544,-1406.0281879618424,56.0,S_2070
2024-05-12 14:38:14,-42.58205,17.728516,-33.082157,55.232517,863.28754,0.004822426,-1375.8921666340286,56.0,S_2070
2024-05-12 14:38:15,-42.528435,17.729538,-33.026207,55.211533,863.22833,0.004824819,-1346.5516297112688,56.0,S_2070
2024-05-12 14:38:16,-42.4748,17.73056,-32.970253,55.197548,863.232,0.00483081,-1316.3544338078777,56.0,S_2070
2024-05-12 14:38:17,-42.421135,17.731583,-32.9143,55.176563,863.2543,0.0048331455,-1283.2815794784574,56.0,S_2070
2024-05-12 14:38:18,-42.36745,17.732605,-32.851353,55.162575,863.2598,0.004832652,-1253.2206078373388,56.0,S_2070
2024-05-12 14:38:19,-42.313736,17.733612,-32.7954,55.141594,863.2524,0.0048377733,-1223.7939588331785,56.0,S_2070
2024-05-12 14:38:20,-42.26,17.734634,-32.73945,55.127605,863.2468,0.00475717,-1194.8626947791622,56.0,S_2070
2024-05-12 14:38:21,-42.206238,17.735641,-32.683495,55.113617,863.2543,0.004759527,-1161.581591966168,56.0,S_2070
2024-05-12 14:38:22,-42.15245,17.736649,-32.62055,55.092636,863.26904,0.005030485,-1130.2343402549945,56.0,S_2070
2024-05-12 14:38:23,-42.098637,17.737656,-32.564594,55.07165,863.24866,0.00503265,-1095.7363329172354,56.0,S_2070
2024-05-12 14:38:24,-42.0448,17.738663,-32.501648,55.057663,863.16907,0.0050392156,-1065.1622901822261,56.0,S_2070
2024-05-12 14:38:25,-41.990936,17.73967,-32.445694,55.043674,863.082,0.005041323,-1033.5728478779456,56.0,S_2070
2024-05-12 14:38:26,-41.93705,17.740677,-32.38974,55.022694,863.0449,0.005039791,-999.0201364953027,56.0,S_2070
2024-05-12 14:38:27,-41.883137,17.741669,-32.326794,55.008705,863.05426,0.0050455118,-967.5501317397193,56.0,S_2070
2024-05-12 14:38:28,-41.8292,17.74266,-32.27084,54.987724,863.05975,0.0050511467,-936.7570053086997,56.0,S_2070
2024-05-12 14:38:29,-41.775238,17.743668,-32.21489,54.973736,863.0561,0.0050531467,-905.0800670687318,56.0,S_2070
2024-05-12 14:38:30,-41.72125,17.74466,-32.158936,54.95275,863.0691,0.004689944,-873.0076889108982,56.0,S_2070
2024-05-12 14:38:31,-41.667236,17.745636,-32.09599,54.938763,863.07465,0.004692959,-844.6198597993198,56.0,S_2070
2024-05-12 14:38:32,-41.6132,17.746628,-32.040035,54.924774,863.00793,0.0043618046,-817.4406502341881,56.0,S_2070
2024-05-12 14:38:33,-41.559135,17.74762,-31.984083,54.903793,862.8986,0.0043642386,-790.9964545411813,56.0,S_2070
2024-05-12 14:38:34,-41.50505,17.748596,-31.92813,54.889805,862.83936,0.00436306,-763.8047217820485,56.0,S_2070
2024-05-12 14:38:35,-41.45094,17.749573,-31.872177,54.868824,862.8449,0.004368309,-737.3320779646883,56.0,S_2070
2024-05-12 14:38:36,-41.3968,17.75055,-31.816223,54.854836,862.8653,0.0043742596,-706.8144678951353,56.0,S_2070
2024-05-12 14:38:37,-41.342636,17.751526,-31.753277,54.83385,862.86346,0.004377377,-680.4323379680213,56.0,S_2070
2024-05-12 14:38:38,-41.28845,17.752502,-31.697323,54.819862,862.8653,0.0043760925,-653.8951411400303,56.0,S_2070
2024-05-12 14:38:39,-41.234238,17.753479,-31.64137,54.805874,862.882,0.004378368,-626.5925259631645,56.0,S_2070
2024-05-12 14:38:40,-41.18,17.75444,-31.585419,54.784893,862.8579,0.0043842047,-596.6789387003905,56.0,S_2070
2024-05-12 14:38:41,-41.125736,17.755417,-31.52247,54.770905,862.7579,0.0043872083,-570.2176045323458,56.0,S_2070
2024-05-12 14:38:42,-41.07145,17.756378,-31.466518,54.756916,862.66345,0.0043858197,-539.6032201442504,56.0,S_2070
2024-05-12 14:38:43,-41.01714,17.75734,-31.40357,54.735935,862.64307,0.0043916656,-513.1225310808486,56.0,S_2070
2024-05-12 14:38:44,-40.9628,17.7583,-31.347618,54.721947,862.6616,0.004731154,-483.5085359346731,56.0,S_2070
2024-05-12 14:38:45,-40.908436,17.759247,-31.291666,54.700962,862.6709,0.0047330027,-451.11025701836843,56.0,S_2070
2024-05-12 14:38:46,-40.85405,17.760208,-31.228718,54.686977,862.6671,0.0047320216,-421.6357783679914,56.0,S_2070
2024-05-12 14:38:47,-40.799637,17.761154,-31.172766,54.665993,862.6801,0.0047338177,-392.8269957363418,56.0,S_2070
2024-05-12 14:38:48,-40.7452,17.762115,-31.116812,54.652004,862.68567,0.004739154,-363.9722658523192,56.0,S_2070
2024-05-12 14:38:49,-40.69074,17.763062,-31.06086,54.638016,862.6171,0.0047408924,-330.76511514872846,56.0,S_2070
2024-05-12 14:38:50,-40.63625,17.764008,-30.997911,54.617035,862.5079,0.0047398014,-302.0646821752807,56.0,S_2070
2024-05-12 14:38:51,-40.581738,17.764938,-30.94196,54.603046,862.45416,0.0047414876,-273.19092046619426,56.0,S_2070
2024-05-12 14:38:52,-40.5272,17.765884,-30.886007,54.589058,862.4671,0.0047496255,-243.43734645972836,56.0,S_2070
2024-05-12 14:38:53,-40.472637,17.76683,-30.830053,54.568077,862.4783,0.00475126,-214.5105566377947,56.0,S_2070
2024-05-12 14:38:54,-40.41805,17.767761,-30.774101,54.55409,862.4727,0.004749308,-184.7539733162339,56.0,S_2070
2024-05-12 14:38:55,-40.363438,17.768692,-30.718147,54.533104,862.4764,0.0047508883,-152.21653076422763,56.0,S_2070
2024-05-12 14:38:56,-40.3088,17.769623,-30.655201,54.519115,862.49493,0.0047567463,-119.77348903179836,56.0,S_2070
2024-05-12 14:38:57,-40.25414,17.770554,-30.592255,54.505127,862.469,0.0047590155,-90.09566713265258,56.0,S_2070
2024-05-12 14:38:58,-40.19945,17.771484,-30.5363,54.484146,862.36523,0.0047569736,-57.51091512739322,56.0,S_2070
2024-05-12 14:38:59,-40.144737,17.772415,-30.473354,54.470158,862.2745,0.0047591752,-27.827023676377394,56.0,S_2070
2024-05-12 14:39:00,-40.09,17.77333,-30.4174,54.449177,862.2634,0.004767102,1.2103571369088968,56.0,S_2070
2024-05-12 14:39:01,-40.035236,17.774261,-30.361448,54.43519,862.2801,0.0047685653,0.0,56.0,S_2070
