datetime,mlat,mlt,glat,glon,alt,Ex,pot,cpcp_kV,pass_id
2024-05-13 17:17:11,-40.032578,6.238037,-35.725933,183.0919,857.67975,-0.0010613801,-6.725529874571363,31.0,S_2090
2024-05-13 17:17:12,-40.096397,6.238693,-35.781887,183.07793,857.78534,-0.0010467451,-59.723514025253,31.0,S_2090
2024-05-13 17:17:13,-40.16021,6.2393646,-35.837837,183.05695,857.826,-0.0010359153,-113.67803767929647,31.0,S_2090
2024-05-13 17:17:14,-40.224014,6.2400208,-35.89379,183.03596,857.8094,-0.0010353649,-167.5405516259019,31.0,S_2090
2024-05-13 17:17:15,-40.28781,6.240692,-35.949745,183.02197,857.78534,-0.0010276956,-221.107075985589,31.0,S_2090
2024-05-13 17:17:16,-40.351597,6.2413635,-36.01269,183.00099,857.79266,-0.00101178,-281.0533885120992,31.0,S_2090
2024-05-13 17:17:17,-40.41538,6.242035,-36.075638,182.987,857.8557,-0.001002921,-339.2017465118962,31.0,S_2090
2024-05-13 17:17:18,-40.47915,6.2427063,-36.13159,182.96602,857.9464,-0.0010022493,-392.96988922563594,31.0,S_2090
2024-05-13 17:17:19,-40.54291,6.2433777,-36.187546,182.94504,858.0075,-0.0009912121,-445.77474498671023,31.0,S_2090
2024-05-13 17:17:20,-40.606663,6.244049,-36.236504,182.93105,858.01306,-0.0009773376,-493.49779829293595,31.0,S_2090
2024-05-13 17:17:21,-40.67041,6.2447205,-36.29945,182.91006,857.99084,-0.0009683221,-552.3870606503617,31.0,S_2090
2024-05-13 17:17:22,-40.734146,6.245392,-36.355404,182.89607,857.9742,-0.00096754124,-605.5219265787066,31.0,S_2090
2024-05-13 17:17:23,-40.79788,6.246063,-36.41835,182.87509,858.0168,-0.00095845124,-663.7807853163969,31.0,S_2090
2024-05-13 17:17:24,-40.8616,6.24675,-36.467308,182.85411,858.1224,-0.0013979126,-715.6835662913631,31.0,S_2090
2024-05-13 17:17:25,-40.925312,6.2474213,-36.53026,182.83313,858.2076,-0.001389293,-777.2345949814213,31.0,S_2090
2024-05-13 17:17:26,-40.989014,6.248108,-36.58621,182.81914,858.2242,-0.0014698127,-833.9828689871308,31.0,S_2090
2024-05-13 17:17:27,-41.05271,6.2487793,-36.649155,182.79816,858.20013,-0.001461143,-895.9804262741309,31.0,S_2090
2024-05-13 17:17:28,-41.116398,6.249466,-36.70511,182.78416,858.1705,-0.0014463714,-951.4846565030709,31.0,S_2090
2024-05-13 17:17:29,-41.180077,6.2501526,-36.761063,182.76318,858.17975,-0.0014387527,-1009.1480321784338,31.0,S_2090
2024-05-13 17:17:30,-41.243748,6.250824,-36.82401,182.7422,858.2631,-0.001437166,-1071.204223705126,31.0,S_2090
2024-05-13 17:17:31,-41.30741,6.2515106,-36.879963,182.72122,858.3687,-0.001429472,-1127.515955120551,31.0,S_2090
2024-05-13 17:17:32,-41.371063,6.2521973,-36.935913,182.70723,858.41125,-0.001414528,-1182.5817010848987,31.0,S_2090
2024-05-13 17:17:33,-41.43471,6.252899,-36.991867,182.69325,858.39276,-0.0014067595,-1237.8166252316648,31.0,S_2090
2024-05-13 17:17:34,-41.49835,6.253586,-37.04782,182.67226,858.3705,-0.0013186361,-1294.6002625349477,31.0,S_2090
2024-05-13 17:17:35,-41.561977,6.2542725,-37.110767,182.65128,858.3779,-0.0013096108,-1356.7928513845231,31.0,S_2090
2024-05-13 17:17:36,-41.6256,6.254959,-37.173714,182.6303,858.44086,-0.0008332863,-1414.9159745295792,31.0,S_2090
2024-05-13 17:17:37,-41.68921,6.255661,-37.229668,182.60931,858.5298,-0.0008247971,-1467.3826486627759,31.0,S_2090
2024-05-13 17:17:38,-41.752815,6.2563477,-37.28562,182.59532,858.5928,-0.00039321478,-1515.7403230484492,31.0,S_2090
2024-05-13 17:17:39,-41.81641,6.2570496,-37.33458,182.57434,858.5983,-0.00038212736,-1560.2122063907268,31.0,S_2090
2024-05-13 17:17:40,-41.879997,6.2577515,-37.397526,182.56036,858.5743,-0.00036457914,-1614.143888746961,31.0,S_2090
2024-05-13 17:17:41,-41.943577,6.258438,-37.45348,182.53938,858.55566,-0.00035544948,-1663.9453645456585,31.0,S_2090
2024-05-13 17:17:42,-42.00715,6.25914,-37.516426,182.51839,858.602,-0.0003524062,-1718.8849522433634,31.0,S_2090
2024-05-13 17:17:43,-42.07071,6.259842,-37.57238,182.50441,858.71313,-0.0003432053,-1767.1985296455437,31.0,S_2090
2024-05-13 17:17:44,-42.134266,6.260544,-37.628334,182.48343,858.7854,-0.0003266636,-1816.5395952423996,31.0,S_2090
2024-05-13 17:17:45,-42.19781,6.2612457,-37.684284,182.46245,858.7761,-0.00031738717,-1866.012110296977,31.0,S_2090
2024-05-13 17:17:46,-42.26135,6.2619476,-37.74723,182.44846,858.7872,-0.00031422073,-1919.6085319024237,31.0,S_2090
2024-05-13 17:17:47,-42.32488,6.262665,-37.803185,182.42747,858.8687,-0.00030167506,-1968.734996351256,31.0,S_2090
2024-05-13 17:17:48,-42.388397,6.2633667,-37.85914,182.41348,858.95764,-0.00028495103,-2016.664785821577,31.0,S_2090
2024-05-13 17:17:49,-42.451912,6.2640686,-37.915092,182.3925,858.98724,-0.00027553548,-2065.660575891421,31.0,S_2090
2024-05-13 17:17:50,-42.515415,6.264786,-37.971043,182.37152,858.97424,-0.00027344318,-2114.638947915052,31.0,S_2090
2024-05-13 17:17:51,-42.57891,6.2654877,-38.026997,182.35054,858.9706,-0.00026396516,-2163.7203715146,31.0,S_2090
2024-05-13 17:17:52,-42.6424,6.266205,-38.089943,182.33655,858.9724,-0.0002458572,-2216.85914246422,31.0,S_2090
2024-05-13 17:17:53,-42.705875,6.266922,-38.145897,182.31557,858.9594,-0.00023309514,-2265.57054603073,31.0,S_2090
2024-05-13 17:17:54,-42.76935,6.267624,-38.20185,182.29459,858.9613,-0.0003158588,-2314.8166204295535,31.0,S_2090
2024-05-13 17:17:55,-42.83281,6.268341,-38.2578,182.2736,859.028,-0.00030626467,-2364.225346946081,31.0,S_2090
2024-05-13 17:17:56,-42.896263,6.269058,-38.32075,182.25262,859.12244,-0.00028800635,-2418.939331653761,31.0,S_2090
2024-05-13 17:17:57,-42.95971,6.2697754,-38.383698,182.23863,859.16876,-0.00027710258,-2472.2654506226054,31.0,S_2090
2024-05-13 17:17:58,-43.023148,6.2704926,-38.439648,182.21765,859.15576,-0.0007150229,-2524.081942172746,31.0,S_2090
2024-05-13 17:17:59,-43.08658,6.271225,-38.4956,182.19667,859.1817,-0.00070257246,-2575.8192027351147,31.0,S_2090
2024-05-13 17:18:00,-43.149998,6.271942,-38.551556,182.17567,859.2891,-0.00068584585,-2627.872379541615,31.0,S_2090
2024-05-13 17:18:01,-43.213245,6.2726746,-38.614502,182.1617,859.3743,-0.0006752756,-2683.7629268199544,31.0,S_2090
2024-05-13 17:18:02,-43.276493,6.2733917,-38.670456,182.14072,859.3799,-0.0006733596,-2735.3010789854684,31.0,S_2090
2024-05-13 17:18:03,-43.339737,6.274124,-38.72641,182.11974,859.35205,-0.0006639637,-2786.7762877160526,31.0,S_2090
2024-05-13 17:18:04,-43.402977,6.2748566,-38.78236,182.09874,859.34094,-0.0011218428,-2841.907885325839,31.0,S_2090
2024-05-13 17:18:05,-43.466213,6.2755737,-38.845306,182.08476,859.3761,-0.0011116336,-2900.611416511288,31.0,S_2090
2024-05-13 17:18:06,-43.52945,6.276306,-38.90126,182.06378,859.4595,-0.0011069191,-2954.9442524118003,31.0,S_2090
2024-05-13 17:18:07,-43.592678,6.2770386,-38.957214,182.0428,859.541,-0.0010978928,-3009.2166332270835,31.0,S_2090
2024-05-13 17:18:08,-43.65591,6.277771,-39.01317,182.0218,859.57434,-0.0010813404,-3063.380979954684,31.0,S_2090
2024-05-13 17:18:09,-43.719135,6.2785187,-39.06912,182.00082,859.5614,-0.0010722328,-3117.325265262582,31.0,S_2090
2024-05-13 17:18:10,-43.78236,6.279251,-39.125072,181.98685,859.53546,-0.0010706007,-3171.077692475858,31.0,S_2090
2024-05-13 17:18:11,-43.84558,6.2799835,-39.18802,181.96587,859.5428,-0.0010569699,-3230.5410211515614,31.0,S_2090
2024-05-13 17:18:12,-43.9088,6.280716,-39.243973,181.94487,859.6243,-0.0005613208,-3281.327230494867,31.0,S_2090
2024-05-13 17:18:13,-43.97201,6.2814636,-39.299927,181.92389,859.72986,-0.0005515521,-3331.9665116370747,31.0,S_2090
2024-05-13 17:18:14,-44.035225,6.282196,-39.355877,181.90991,859.78174,-0.00054928847,-3381.5300290646887,31.0,S_2090
2024-05-13 17:18:15,-44.098434,6.2829437,-39.41183,181.88892,859.7725,-0.00053945463,-3432.569281665264,31.0,S_2090
2024-05-13 17:18:16,-44.161644,6.2836914,-39.474777,181.86794,859.741,-0.0005207489,-3488.5448490357894,31.0,S_2090
2024-05-13 17:18:17,-44.224846,6.284424,-39.53073,181.84695,859.7243,-0.0005076474,-3539.2816701135725,31.0,S_2090
2024-05-13 17:18:18,-44.288048,6.2851715,-39.593678,181.83298,859.7706,-5.4118762e-05,-3591.060984807841,31.0,S_2090
2024-05-13 17:18:19,-44.351246,6.285919,-39.642635,181.81198,859.87616,-4.4960616e-05,-3633.047584120136,31.0,S_2090
2024-05-13 17:18:20,-44.414444,6.286667,-39.705585,181.791,859.9577,-2.559302e-05,-3685.809270374933,31.0,S_2090
2024-05-13 17:18:21,-44.477634,6.2874146,-39.761536,181.77002,859.96326,-1.5059719e-05,-3733.036999151656,31.0,S_2090
2024-05-13 17:18:22,-44.540825,6.288162,-39.824486,181.75604,859.9373,-1.0784526e-05,-3784.5680690002164,31.0,S_2090
2024-05-13 17:18:23,-44.604015,6.28891,-39.880436,181.73505,859.9243,-1.7875573e-07,-3831.6850204930856,31.0,S_2090
2024-05-13 17:18:24,-44.6672,6.289673,-39.929394,181.71407,859.9595,1.9947445e-05,-3873.2016664638004,31.0,S_2090
2024-05-13 17:18:25,-44.73038,6.2904205,-39.985348,181.69308,860.04285,3.0613824e-05,-3920.092509528966,31.0,S_2090
2024-05-13 17:18:26,-44.79356,6.2911835,-40.048294,181.6721,860.12616,3.5010977e-05,-3972.4386265010726,31.0,S_2090
2024-05-13 17:18:27,-44.856735,6.291931,-40.104248,181.65112,860.1577,4.5750814e-05,-4019.2137929271257,31.0,S_2090
2024-05-13 17:18:28,-44.91991,6.292694,-40.167194,181.63014,860.1448,6.548638e-05,-4071.35544146566,31.0,S_2090
2024-05-13 17:18:29,-44.98308,6.293442,-40.22315,181.60916,860.11884,7.948509e-05,-4117.9512144103965,31.0,S_2090
2024-05-13 17:18:30,-45.04625,6.2942047,-40.279102,181.59517,860.12616,8.268736e-05,-4163.385754787499,31.0,S_2090
2024-05-13 17:18:31,-45.109413,6.2949677,-40.335052,181.57419,860.2077,9.3569426e-05,-4209.799530612437,31.0,S_2090
2024-05-13 17:18:32,-45.172577,6.2957306,-40.398003,181.5532,860.3151,0.000113486836,-4261.619932456639,31.0,S_2090
2024-05-13 17:18:33,-45.235737,6.2964935,-40.453953,181.53223,860.3651,0.00012444961,-4307.914670589945,31.0,S_2090
2024-05-13 17:18:34,-45.298893,6.2972565,-40.509907,181.51823,860.3559,0.00012776567,-4352.951508630989,31.0,S_2090
2024-05-13 17:18:35,-45.362045,6.2980194,-40.572853,181.49725,860.3244,0.00014013704,-4404.559920017935,31.0,S_2090
2024-05-13 17:18:36,-45.425198,6.2987823,-40.628807,181.46928,860.3077,0.00016206744,-4451.588525930152,31.0,S_2090
2024-05-13 17:18:37,-45.488346,6.2995453,-40.691753,181.44829,860.354,0.00017451736,-4503.018720581742,31.0,S_2090
2024-05-13 17:18:38,-45.551495,6.3003235,-40.747707,181.43431,860.4614,-0.00028129815,-4550.778852277263,31.0,S_2090
2024-05-13 17:18:39,-45.614635,6.3010864,-40.80366,181.41333,860.5411,-0.00027059027,-4599.591367483762,31.0,S_2090
2024-05-13 17:18:40,-45.677776,6.3018494,-40.85961,181.39233,860.54663,-0.00025212494,-4648.469904597896,31.0,S_2090
2024-05-13 17:18:41,-45.740913,6.3026276,-40.92256,181.37135,860.5207,-0.00023680908,-4702.519670728675,31.0,S_2090
2024-05-13 17:18:42,-45.804047,6.303406,-40.97851,181.35037,860.5096,-0.00023371709,-4750.906419379883,31.0,S_2090
2024-05-13 17:18:43,-45.86718,6.3041687,-41.02747,181.32939,860.5429,-0.00022423614,-4793.944147390737,31.0,S_2090
2024-05-13 17:18:44,-45.93031,6.304947,-41.083424,181.30841,860.6262,-0.00078120537,-4846.624279727561,31.0,S_2090
2024-05-13 17:18:45,-45.993435,6.305725,-41.14637,181.28743,860.70953,-0.00076942454,-4903.991797710698,31.0,S_2090
2024-05-13 17:18:46,-46.05656,6.3065033,-41.202324,181.27344,860.7411,-0.0007667392,-4955.4379285458845,31.0,S_2090
2024-05-13 17:18:47,-46.119682,6.3072815,-41.26527,181.25246,860.72815,-0.0007517155,-5012.786865020834,31.0,S_2090
2024-05-13 17:18:48,-46.1828,6.3080597,-41.321224,181.23148,860.7022,-0.00023642811,-5061.34583199145,31.0,S_2090
2024-05-13 17:18:49,-46.245914,6.308838,-41.37718,181.2105,860.70953,-0.00022537654,-5109.829767989382,31.0,S_2090
2024-05-13 17:18:50,-46.309025,6.309616,-41.43313,181.18951,860.7929,-0.00022208283,-5158.452757281516,31.0,S_2090
2024-05-13 17:18:51,-46.372135,6.3104095,-41.49608,181.16853,860.8985,-0.00020958022,-5212.286254610207,31.0,S_2090
2024-05-13 17:18:52,-46.43524,6.3111877,-41.55203,181.14755,860.94293,-0.00018745338,-5260.510967874878,31.0,S_2090
2024-05-13 17:18:53,-46.49835,6.311981,-41.607983,181.12657,860.92444,-0.00017625834,-5308.662738485659,31.0,S_2090
2024-05-13 17:18:54,-46.561447,6.3127594,-41.663937,181.10558,860.89294,0.00029374642,-5353.778692220013,31.0,S_2090
2024-05-13 17:18:55,-46.624546,6.313553,-41.71989,181.0846,860.8855,0.00030545602,-5398.813177941184,31.0,S_2090
2024-05-13 17:18:56,-46.687645,6.314331,-41.77584,181.06361,860.9393,0.0003250383,-5443.470516949953,31.0,S_2090
2024-05-13 17:18:57,-46.750736,6.3151245,-41.838787,181.04263,861.04663,0.00033823273,-5493.484929294608,31.0,S_2090
2024-05-13 17:18:58,-46.813828,6.315918,-41.901737,181.02165,861.12445,0.00034678626,-5543.6971148579405,31.0,S_2090
2024-05-13 17:18:59,-46.876915,6.3167114,-41.957687,181.00067,861.13,0.00035864423,-5588.689996054007,31.0,S_2090
2024-05-13 17:19:00,-46.94,6.317505,-42.00665,180.98668,861.10406,0.00084629335,-5623.493529718969,31.0,S_2090
2024-05-13 17:19:01,-47.003082,6.3182526,-42.0626,180.95871,861.09296,0.0008586658,-5666.05002641901,31.0,S_2090
2024-05-13 17:19:02,-47.06616,6.3190155,-42.118553,180.93773,861.12634,0.000863209,-5706.810374949357,31.0,S_2090
2024-05-13 17:19:03,-47.129234,6.3197784,-42.1815,180.91675,861.2115,0.00088023394,-5752.997364284928,31.0,S_2090
2024-05-13 17:19:04,-47.19231,6.320526,-42.244446,180.90276,861.293,0.0004309136,-5801.522401369244,31.0,S_2090
2024-05-13 17:19:05,-47.25538,6.3213043,-42.3004,180.88177,861.3263,0.0004429839,-5845.551954081874,31.0,S_2090
2024-05-13 17:19:06,-47.318447,6.3220673,-42.356354,180.85379,861.3133,0.0004471907,-5890.747778093141,31.0,S_2090
2024-05-13 17:19:07,-47.381516,6.32283,-42.412308,180.83281,861.2874,0.00045932468,-5934.398104940122,31.0,S_2090
2024-05-13 17:19:08,-47.444576,6.3236084,-42.475254,180.81183,861.2948,0.0004808462,-5983.699640467578,31.0,S_2090
2024-05-13 17:19:09,-47.507637,6.3243713,-42.531204,180.79085,861.37634,0.00049621915,-6027.510134459707,31.0,S_2090
2024-05-13 17:19:10,-47.570694,6.3251495,-42.58716,180.77686,861.48376,0.00050053594,-6070.48625829994,31.0,S_2090
2024-05-13 17:19:11,-47.633747,6.3259277,-42.636116,180.75587,861.5263,0.0005113646,-6108.589176429673,31.0,S_2090
2024-05-13 17:19:12,-47.696796,6.326706,-42.69207,180.7279,861.50964,0.00053161103,-6152.815271216893,31.0,S_2090
2024-05-13 17:19:13,-47.759846,6.3274994,-42.755016,180.70692,861.4763,0.00054541253,-6201.267927369362,31.0,S_2090
2024-05-13 17:19:14,-47.82289,6.3282776,-42.817966,180.68593,861.46893,0.0005544552,-6250.07385425838,31.0,S_2090
2024-05-13 17:19:15,-47.885937,6.329071,-42.873917,180.66495,861.52264,0.00056687184,-6293.3407833966385,31.0,S_2090
2024-05-13 17:19:16,-47.948975,6.3298645,-42.92987,180.64397,861.63007,0.0005872866,-6336.475112457078,31.0,S_2090
2024-05-13 17:19:17,-48.012012,6.330658,-42.985825,180.62299,861.7097,0.0005997778,-6379.525160796955,31.0,S_2090
2024-05-13 17:19:18,-48.075047,6.3314514,-43.041775,180.602,861.7153,0.0006043236,-6422.538661747451,31.0,S_2090
2024-05-13 17:19:19,-48.13808,6.33226,-43.09773,180.58102,861.68933,0.0006200288,-6464.983530983713,31.0,S_2090
2024-05-13 17:19:20,-48.20111,6.3330536,-43.160675,180.56004,861.67633,0.0006420838,-6513.192043444897,31.0,S_2090
2024-05-13 17:19:21,-48.264137,6.3338623,-43.21663,180.53906,861.7115,0.0006547121,-6555.378700766936,31.0,S_2090
2024-05-13 17:19:22,-48.32716,6.334671,-43.279575,180.51808,861.7967,0.0006608517,-6603.457196522991,31.0,S_2090
2024-05-13 17:19:23,-48.39018,6.3354797,-43.33553,180.4971,861.8782,0.00067355,-6646.377963901871,31.0,S_2090
2024-05-13 17:19:24,-48.453197,6.3362885,-43.384487,180.46912,861.9041,0.00069595926,-6684.44925196145,31.0,S_2090
2024-05-13 17:19:25,-48.516212,6.337097,-43.44044,180.44814,861.893,0.000708724,-6726.230409326525,31.0,S_2090
2024-05-13 17:19:26,-48.579227,6.337921,-43.503387,180.42715,861.8912,0.0007149837,-6774.029931707922,31.0,S_2090
2024-05-13 17:19:27,-48.642235,6.338745,-43.55934,180.41316,861.893,0.00072781637,-6815.101264593424,31.0,S_2090
2024-05-13 17:19:28,-48.705242,6.339554,-43.615295,180.39218,861.8764,0.0007487306,-6857.145622001714,31.0,S_2090
2024-05-13 17:19:29,-48.768246,6.340393,-43.671246,180.3712,861.88007,0.00076163537,-6898.40976512346,31.0,S_2090
2024-05-13 17:19:30,-48.83125,6.341217,-43.73419,180.34323,861.9578,0.00068382436,-6947.412643410336,31.0,S_2090
2024-05-13 17:19:31,-48.894245,6.342041,-43.790146,180.32224,862.06525,0.0006967728,-6989.256194855226,31.0,S_2090
2024-05-13 17:19:32,-48.95724,6.3428802,-43.853092,180.30125,862.1171,0.00071933883,-7036.910290377893,31.0,S_2090
2024-05-13 17:19:33,-49.020237,6.343704,-43.909046,180.28027,862.10785,0.00073236617,-7079.037625737028,31.0,S_2090
2024-05-13 17:19:34,-49.083225,6.3445435,-43.965,180.2593,862.07635,0.0008247594,-7120.565836278614,31.0,S_2090
2024-05-13 17:19:35,-49.146214,6.3453827,-44.02095,180.23831,862.0597,0.00084102026,-7161.981749937104,31.0,S_2090
2024-05-13 17:19:36,-49.209198,6.346237,-44.076904,180.21733,862.106,-0.00014272335,-7209.756826770564,31.0,S_2090
2024-05-13 17:19:37,-49.27218,6.3470764,-44.13286,180.18935,862.21344,-0.00013043017,-7258.63313396208,31.0,S_2090
2024-05-13 17:19:38,-49.33516,6.347931,-44.195805,180.16837,862.2931,-0.0006981798,-7315.386670371511,31.0,S_2090
2024-05-13 17:19:39,-49.398136,6.34877,-44.25176,180.14738,862.29865,-0.00068626355,-7366.62324442199,31.0,S_2090
2024-05-13 17:19:40,-49.46111,6.3496246,-44.307713,180.1264,862.2727,-0.00017617637,-7414.570057362139,31.0,S_2090
2024-05-13 17:19:41,-49.52408,6.350479,-44.363663,180.10542,862.2597,-0.0001637569,-7462.5526280514505,31.0,S_2090
2024-05-13 17:19:42,-49.587048,6.3513336,-44.42661,180.08444,862.29486,0.0004173713,-7512.032428074301,31.0,S_2090
2024-05-13 17:19:43,-49.650013,6.3522034,-44.482563,180.05647,862.37823,0.00043030136,-7557.166001915472,31.0,S_2090
2024-05-13 17:19:44,-49.712975,6.353058,-44.538517,180.03548,862.46155,0.00045455134,-7601.034681663897,31.0,S_2090
2024-05-13 17:19:45,-49.775936,6.3539276,-44.59447,180.0145,862.49304,0.0004675537,-7644.8128048792705,31.0,S_2090
2024-05-13 17:19:46,-49.83889,6.3547974,-44.65042,179.99352,862.4801,0.00038481303,-7689.115780567018,31.0,S_2090
2024-05-13 17:19:47,-49.901848,6.355667,-44.706375,179.97253,862.45416,0.00039786167,-7732.97446141218,31.0,S_2090
2024-05-13 17:19:48,-49.964798,6.356537,-44.76932,179.94456,862.46155,0.00033886818,-7784.1024037873585,31.0,S_2090
2024-05-13 17:19:49,-50.027744,6.357422,-44.825275,179.92358,862.5431,0.0003551179,-7828.584476234062,31.0,S_2090
2024-05-13 17:19:50,-50.09069,6.3582916,-44.88123,179.90259,862.6505,0.0003600798,-7873.032574524087,31.0,S_2090
2024-05-13 17:19:51,-50.153637,6.3591766,-44.93718,179.8816,862.7005,0.0003732547,-7917.324594202256,31.0,S_2090
2024-05-13 17:19:52,-50.216576,6.3600616,-44.993134,179.85364,862.69305,0.0010035972,-7958.724555631374,31.0,S_2090
2024-05-13 17:19:53,-50.279514,6.3609467,-45.049088,179.83266,862.6597,0.0010173013,-7998.92597015038,31.0,S_2090
2024-05-13 17:19:54,-50.34245,6.3618317,-45.10504,179.81168,862.64307,0.0011137119,-8038.502920196365,31.0,S_2090
2024-05-13 17:19:55,-50.40538,6.362732,-45.16099,179.7907,862.6894,0.0011274975,-8077.133123799806,31.0,S_2090
2024-05-13 17:19:56,-50.468307,6.363617,-45.223938,179.76971,862.7968,0.0011511157,-8121.885298035318,31.0,S_2090
2024-05-13 17:19:57,-50.531235,6.364517,-45.279892,179.74872,862.87646,0.0011649765,-8160.932214337211,31.0,S_2090
2024-05-13 17:19:58,-50.59416,6.3654175,-45.335846,179.72075,862.882,0.0016650647,-8198.04603365896,31.0,S_2090
2024-05-13 17:19:59,-50.657078,6.3663177,-45.3918,179.69977,862.8561,0.0016825357,-8232.427033332802,31.0,S_2090
2024-05-13 17:20:00,-50.719997,6.367218,-45.454746,179.67178,862.8449,0.0017067385,-8273.401919163283,31.0,S_2090
2024-05-13 17:20:01,-50.78275,6.3681183,-45.517693,179.6508,862.8783,0.0017227408,-8314.449554884775,31.0,S_2090
2024-05-13 17:20:02,-50.845505,6.3690186,-45.573647,179.62982,862.9616,0.0012328401,-8353.221186077502,31.0,S_2090
2024-05-13 17:20:03,-50.90826,6.369919,-45.629597,179.60884,863.0449,0.0012468982,-8391.894282049623,31.0,S_2090
2024-05-13 17:20:04,-50.97102,6.370819,-45.68555,179.58786,863.0783,0.0012723871,-8431.125696215538,31.0,S_2090
2024-05-13 17:20:05,-51.033783,6.3717194,-45.73451,179.55989,863.0653,0.0012849077,-8464.255097419264,31.0,S_2090
2024-05-13 17:20:06,-51.096546,6.372635,-45.79746,179.5389,863.0394,0.0012923931,-8507.074077140325,31.0,S_2090
2024-05-13 17:20:07,-51.159317,6.3735504,-45.860405,179.51791,863.0468,0.0013081932,-8550.549003063466,31.0,S_2090
2024-05-13 17:20:08,-51.222088,6.374466,-45.91636,179.48994,863.12646,0.0013338418,-8589.741793821288,31.0,S_2090
2024-05-13 17:20:09,-51.28486,6.3753815,-45.97231,179.46896,863.2339,0.0013481039,-8628.74397712376,31.0,S_2090
2024-05-13 17:20:10,-51.347637,6.376297,-46.021267,179.44798,863.28577,0.0013524697,-8660.072926655499,31.0,S_2090
2024-05-13 17:20:11,-51.410416,6.377228,-46.084217,179.42,863.2764,0.0013684127,-8704.451256889914,31.0,S_2090
2024-05-13 17:20:12,-51.473198,6.3781586,-46.140167,179.39902,863.2431,0.0013910858,-8741.10154417076,31.0,S_2090
2024-05-13 17:20:13,-51.53598,6.3790894,-46.203117,179.37804,863.22833,0.0014102359,-8783.876466304931,31.0,S_2090
2024-05-13 17:20:14,-51.59877,6.38002,-46.259068,179.35007,863.2746,0.0009153526,-8825.723340936403,31.0,S_2090
2024-05-13 17:20:15,-51.66156,6.380951,-46.31502,179.32907,863.382,0.00092941127,-8866.381389902133,31.0,S_2090
2024-05-13 17:20:16,-51.724354,6.381897,-46.370975,179.30809,863.45984,0.00095183554,-8906.740202644007,31.0,S_2090
2024-05-13 17:20:17,-51.787148,6.382843,-46.426926,179.28012,863.4617,0.0009690775,-8948.225811462113,31.0,S_2090
2024-05-13 17:20:18,-51.84995,6.383774,-46.48288,179.25914,863.445,0.00097488076,-8988.573321317137,31.0,S_2090
2024-05-13 17:20:19,-51.91275,6.384735,-46.538834,179.23816,863.44867,0.0009890635,-9028.07767910223,31.0,S_2090
2024-05-13 17:20:20,-51.97555,6.385681,-46.60178,179.21718,863.4431,0.0010132972,-9073.423547398148,31.0,S_2090
2024-05-13 17:20:21,-52.03836,6.386627,-46.657734,179.1892,863.4227,0.0010275558,-9114.515250250482,31.0,S_2090
2024-05-13 17:20:22,-52.10117,6.3875885,-46.713688,179.16821,863.4339,0.00145268,-9151.549090886992,31.0,S_2090
2024-05-13 17:20:23,-52.163982,6.38855,-46.769638,179.14024,863.51904,0.0014673868,-9189.573559885923,31.0,S_2090
2024-05-13 17:20:24,-52.2268,6.389511,-46.825592,179.11226,863.62463,0.001490513,-9227.675628701274,31.0,S_2090
2024-05-13 17:20:25,-52.289616,6.3904724,-46.881546,179.09128,863.6654,0.0015052897,-9263.44031498271,31.0,S_2090
2024-05-13 17:20:26,-52.352436,6.391449,-46.944492,179.0703,863.6487,0.0021104207,-9301.858355401851,31.0,S_2090
2024-05-13 17:20:27,-52.41526,6.3924103,-47.000446,179.04932,863.62463,0.0021256711,-9334.442298321457,31.0,S_2090
2024-05-13 17:20:28,-52.478085,6.393387,-47.056396,179.02133,863.6321,0.0011000254,-9375.025512563807,31.0,S_2090
2024-05-13 17:20:29,-52.540916,6.3943634,-47.11235,179.00035,863.695,0.0011145149,-9414.24696749741,31.0,S_2090
2024-05-13 17:20:30,-52.60375,6.395355,-47.168304,178.97238,863.78577,0.0011237396,-9454.667695147375,31.0,S_2090
2024-05-13 17:20:31,-52.66658,6.396332,-47.224255,178.9514,863.84686,0.0011382952,-9493.718876677473,31.0,S_2090
2024-05-13 17:20:32,-52.72942,6.3973236,-47.28021,178.92342,863.8543,0.0017057625,-9530.393013423056,31.0,S_2090
2024-05-13 17:20:33,-52.79226,6.3983,-47.336163,178.90244,863.8302,0.0017208158,-9564.566971082135,31.0,S_2090
2024-05-13 17:20:34,-52.855103,6.399292,-47.39911,178.88145,863.81354,0.0011838507,-9608.709394632826,31.0,S_2090
2024-05-13 17:20:35,-52.91795,6.400299,-47.455063,178.85349,863.85614,0.0012016556,-9648.598847232799,31.0,S_2090
2024-05-13 17:20:36,-52.980797,6.401291,-47.511017,178.83249,863.96356,0.0017709502,-9683.474202941998,31.0,S_2090
2024-05-13 17:20:37,-53.043648,6.402298,-47.566967,178.80452,864.04504,0.0017861289,-9718.247023177075,31.0,S_2090
2024-05-13 17:20:38,-53.106503,6.40329,-47.629913,178.78354,864.0524,0.0012840822,-9760.75442854607,31.0,S_2090
2024-05-13 17:20:39,-53.16936,6.404297,-47.692863,178.75555,864.0228,0.0013037504,-9805.369417965656,31.0,S_2090
2024-05-13 17:20:40,-53.23222,6.405319,-47.748814,178.73457,863.9988,0.0013271164,-9843.132173482147,31.0,S_2090
2024-05-13 17:20:41,-53.295082,6.4063263,-47.804768,178.7066,864.0173,0.0013420393,-9882.083502723792,31.0,S_2090
2024-05-13 17:20:42,-53.35795,6.4073334,-47.86072,178.68562,864.1062,0.0012602222,-9920.27767520439,31.0,S_2090
2024-05-13 17:20:43,-53.420815,6.4083557,-47.91667,178.65764,864.2099,0.0012751995,-9960.602854907307,31.0,S_2090
2024-05-13 17:20:44,-53.48369,6.409378,-47.965633,178.63666,864.24506,0.0013001056,-9993.128724308297,31.0,S_2090
2024-05-13 17:20:45,-53.54656,6.4104004,-48.021584,178.60869,864.2302,0.0013151462,-10031.230965561246,31.0,S_2090
2024-05-13 17:20:46,-53.609436,6.411438,-48.084534,178.5877,864.2247,0.0013234264,-10074.386074731616,31.0,S_2090
2024-05-13 17:20:47,-53.672318,6.4124603,-48.140484,178.55972,864.22656,0.0013385314,-10112.309561439926,31.0,S_2090
2024-05-13 17:20:48,-53.7352,6.413498,-48.203434,178.53874,864.21545,0.0013670322,-10156.167674597129,31.0,S_2090
2024-05-13 17:20:49,-53.79808,6.4145355,-48.25239,178.51077,864.2172,0.0013804736,-10189.4271852511,31.0,S_2090
2024-05-13 17:20:50,-53.86097,6.415573,-48.308346,178.48978,864.27655,0.0019022359,-10223.368939378504,31.0,S_2090
2024-05-13 17:20:51,-53.92386,6.4166107,-48.364296,178.4618,864.36914,0.0019178475,-10257.111362746547,31.0,S_2090
2024-05-13 17:20:52,-53.98675,6.4176483,-48.427242,178.44083,864.4321,0.0019468936,-10294.691207426607,31.0,S_2090
2024-05-13 17:20:53,-54.04965,6.418701,-48.490192,178.41284,864.4377,0.0019643174,-10334.689924016817,31.0,S_2090
2024-05-13 17:20:54,-54.11255,6.419754,-48.546143,178.38487,864.4136,0.0019714748,-10369.23670876682,31.0,S_2090
2024-05-13 17:20:55,-54.17545,6.420807,-48.602097,178.3569,864.3969,0.001987216,-10403.962268122603,31.0,S_2090
2024-05-13 17:20:56,-54.238354,6.4218597,-48.65805,178.3359,864.4395,0.0025320232,-10435.59913013077,31.0,S_2090
2024-05-13 17:20:57,-54.30126,6.422928,-48.70701,178.30794,864.54504,0.00254645,-10461.338141676018,31.0,S_2090
2024-05-13 17:20:58,-54.36417,6.4239807,-48.762962,178.28696,864.63214,0.0031092009,-10487.323078925789,31.0,S_2090
2024-05-13 17:20:59,-54.427082,6.425049,-48.818913,178.25897,864.6488,0.0031258385,-10512.356259538374,31.0,S_2090
2024-05-13 17:21:00,-54.489998,6.426117,-48.881863,178.23799,864.62286,0.0031559651,-10543.41413774678,31.0,S_2090
2024-05-13 17:21:01,-54.552998,6.427124,-48.937813,178.21002,864.59326,0.0031726835,-10567.692645880341,31.0,S_2090
2024-05-13 17:21:02,-54.615997,6.428131,-49.000763,178.18204,864.6025,0.0026258796,-10603.299389069161,31.0,S_2090
2024-05-13 17:21:03,-54.678997,6.429138,-49.056713,178.15407,864.6877,0.0026422536,-10633.773164600429,31.0,S_2090
2024-05-13 17:21:04,-54.741997,6.4301605,-49.112667,178.13309,864.7933,0.0026703705,-10662.602173082283,31.0,S_2090
2024-05-13 17:21:05,-54.804996,6.431183,-49.16862,178.1051,864.834,0.0026868081,-10690.747536943285,31.0,S_2090
2024-05-13 17:21:06,-54.868,6.432205,-49.231567,178.08412,864.8173,0.0027848228,-10724.198039358045,31.0,S_2090
2024-05-13 17:21:07,-54.931,6.433243,-49.28752,178.05615,864.7933,0.0028013224,-10753.238466766039,31.0,S_2090
2024-05-13 17:21:08,-54.994,6.4342804,-49.34347,178.02817,864.80066,0.0028295813,-10782.087898532673,31.0,S_2090
2024-05-13 17:21:09,-55.057,6.4353333,-49.399426,178.0002,864.8655,0.002846145,-10811.219871009172,31.0,S_2090
2024-05-13 17:21:10,-55.12,6.436386,-49.45538,177.97922,864.95624,0.0028540923,-10839.212732576962,31.0,S_2090
2024-05-13 17:21:11,-55.183,6.437439,-49.51133,177.95824,865.0136,0.0028707092,-10866.691415987421,31.0,S_2090
2024-05-13 17:21:12,-55.246,6.438492,-49.567284,177.93025,865.0155,0.0023757906,-10898.491732178196,31.0,S_2090
2024-05-13 17:21:13,-55.309,6.43956,-49.623238,177.90228,865.0025,0.0023921053,-10928.39733804294,31.0,S_2090
2024-05-13 17:21:14,-55.371998,6.440628,-49.686184,177.8743,865.0062,0.0024015885,-10965.721011529422,31.0,S_2090
2024-05-13 17:21:15,-55.434998,6.4417114,-49.742138,177.85332,865.0025,0.0024179616,-10996.144196789934,31.0,S_2090
2024-05-13 17:21:16,-55.497997,6.442795,-49.79809,177.82535,864.99146,0.002446129,-11027.458042553424,31.0,S_2090
2024-05-13 17:21:17,-55.561,6.443878,-49.854042,177.79736,865.01917,0.0024625668,-11058.65784015862,31.0,S_2090
2024-05-13 17:21:18,-55.624,6.4449615,-49.909996,177.7694,865.1007,0.002470345,-11089.800697309323,31.0,S_2090
2024-05-13 17:21:19,-55.687,6.44606,-49.96595,177.74141,865.18585,0.0024868345,-11121.172067142987,31.0,S_2090
2024-05-13 17:21:20,-55.75,6.447159,-50.0219,177.72043,865.2192,0.0025151428,-11150.928009244642,31.0,S_2090
2024-05-13 17:21:21,-55.813,6.4482727,-50.077854,177.69246,865.20624,0.0025316963,-11181.651749260274,31.0,S_2090
2024-05-13 17:21:22,-55.876,6.4493866,-50.13381,177.66447,865.17847,0.0025395723,-11210.43057152085,31.0,S_2090
2024-05-13 17:21:23,-55.939,6.4505005,-50.196754,177.6365,865.18774,0.002558011,-11246.336477077062,31.0,S_2090
2024-05-13 17:21:24,-56.002,6.4516296,-50.25271,177.60852,865.27106,0.0031141154,-11273.239102456104,31.0,S_2090
2024-05-13 17:21:25,-56.065,6.452759,-50.30866,177.58055,865.37665,0.0031311447,-11300.437984661588,31.0,S_2090
2024-05-13 17:21:26,-56.128,6.453888,-50.364613,177.55957,865.4137,0.0037055889,-11322.380622983514,31.0,S_2090
2024-05-13 17:21:27,-56.190998,6.4550323,-50.420567,177.53159,865.39886,0.0037261415,-11345.265495399035,31.0,S_2090
2024-05-13 17:21:28,-56.253998,6.4561768,-50.47652,177.50362,865.3914,0.0037523666,-11367.971575232146,31.0,S_2090
2024-05-13 17:21:29,-56.317,6.457321,-50.53247,177.47563,865.397,0.00376989,-11390.556931212548,31.0,S_2090
2024-05-13 17:21:30,-56.38,6.458481,-50.588425,177.44766,865.38965,0.0032110652,-11414.776425086136,31.0,S_2090
2024-05-13 17:21:31,-56.443,6.4596405,-50.65137,177.42668,865.37476,0.0032332025,-11445.13868629548,31.0,S_2090
2024-05-13 17:21:32,-56.506,6.4608,-50.707325,177.3987,865.4137,0.0027286937,-11474.510122083988,31.0,S_2090
2024-05-13 17:21:33,-56.569,6.461975,-50.76328,177.37073,865.52106,0.0027456034,-11503.762867095487,31.0,S_2090
2024-05-13 17:21:34,-56.632,6.46315,-50.81923,177.34274,865.60254,0.002222585,-11536.423751870618,31.0,S_2090
2024-05-13 17:21:35,-56.695,6.464325,-50.875183,177.31477,865.60815,0.0022422834,-11568.949196033114,31.0,S_2090
2024-05-13 17:21:36,-56.758,6.465515,-50.931137,177.28679,865.5822,0.0022677,-11599.879654490685,31.0,S_2090
2024-05-13 17:21:37,-56.821,6.4667053,-50.994083,177.26581,865.5693,0.0022862458,-11636.385557683338,31.0,S_2090
2024-05-13 17:21:38,-56.884,6.467911,-51.050037,177.23784,865.60443,0.0028267468,-11665.075393711,31.0,S_2090
2024-05-13 17:21:39,-56.947,6.469101,-51.10599,177.20985,865.68964,0.0028469085,-11693.631769408808,31.0,S_2090
2024-05-13 17:21:40,-57.01,6.4703064,-51.16194,177.18188,865.7711,0.0034060813,-11718.526349577347,31.0,S_2090
2024-05-13 17:21:41,-57.073,6.471527,-51.217896,177.15392,865.79706,0.0034235658,-11743.302592233857,31.0,S_2090
2024-05-13 17:21:42,-57.136,6.472748,-51.27385,177.12593,865.78595,0.004007452,-11764.268274272143,31.0,S_2090
2024-05-13 17:21:43,-57.199,6.4739685,-51.3298,177.09796,865.7822,0.0040253527,-11785.10332486539,31.0,S_2090
2024-05-13 17:21:44,-57.262,6.475189,-51.385754,177.06998,865.78406,0.004586736,-11802.27721460177,31.0,S_2090
2024-05-13 17:21:45,-57.325,6.476425,-51.441708,177.042,865.77295,0.0046050353,-11815.88566235002,31.0,S_2090
2024-05-13 17:21:46,-57.388,6.477661,-51.504654,177.01402,865.77484,0.0056401016,-11831.525455338098,31.0,S_2090
2024-05-13 17:21:47,-57.451,6.4789124,-51.560608,176.98605,865.83405,0.0056591593,-11837.460476677647,31.0,S_2090
2024-05-13 17:21:48,-57.514,6.4801636,-51.623554,176.95807,865.9248,0.006263266,-11849.025327132375,31.0,S_2090
2024-05-13 17:21:49,-57.577,6.481415,-51.67951,176.9301,865.9896,0.0062858197,-11859.732864839983,31.0,S_2090
2024-05-13 17:21:50,-57.64,6.4826813,-51.728466,176.90211,865.9952,0.00629457,-11860.393334968907,31.0,S_2090
2024-05-13 17:21:51,-57.703,6.4839325,-51.78442,176.87415,865.9711,0.0063140844,-11866.26674543741,31.0,S_2090
2024-05-13 17:21:52,-57.766,6.485214,-51.84037,176.84616,865.95447,0.006260113,-11872.486278840566,31.0,S_2090
2024-05-13 17:21:53,-57.829,6.4864807,-51.896324,176.81819,865.9989,0.006282765,-11873.859174203924,31.0,S_2090
2024-05-13 17:21:54,-57.892002,6.4877625,-51.95927,176.7902,866.10443,0.0057189693,-11888.938232768709,31.0,S_2090
2024-05-13 17:21:55,-57.955,6.489044,-52.015224,176.76224,866.1859,0.005738232,-11898.544727590759,31.0,S_2090
2024-05-13 17:21:56,-58.018,6.490341,-52.07118,176.73427,866.19336,0.0047359494,-11914.676660322231,31.0,S_2090
2024-05-13 17:21:57,-58.081,6.491638,-52.12713,176.70628,866.16376,0.0047545666,-11930.680550987876,31.0,S_2090
2024-05-13 17:21:58,-58.144,6.492935,-52.183083,176.67831,866.13965,0.0036471144,-11953.892024899393,31.0,S_2090
2024-05-13 17:21:59,-58.207,6.4942474,-52.239037,176.65033,866.1582,0.0036650952,-11976.983433264004,31.0,S_2090
2024-05-13 17:22:00,-58.27,6.4955597,-52.29499,176.62236,866.2471,0.0031550617,-12002.898314021064,31.0,S_2090
2024-05-13 17:22:01,-58.333,6.4968414,-52.35094,176.58739,866.3508,0.0031727834,-12027.873765827077,31.0,S_2090
2024-05-13 17:22:02,-58.396,6.498108,-52.413887,176.5594,866.386,0.0037242395,-12056.348252867183,31.0,S_2090
2024-05-13 17:22:03,-58.459,6.499405,-52.46984,176.53842,866.37115,0.0037423428,-12077.263986952985,31.0,S_2090
2024-05-13 17:22:04,-58.522,6.500702,-52.525795,176.50345,866.3656,0.0042701927,-12097.44822809214,31.0,S_2090
2024-05-13 17:22:05,-58.585,6.501999,-52.58175,176.47548,866.3693,0.0042887153,-12116.439443134968,31.0,S_2090
2024-05-13 17:22:06,-58.648,6.503311,-52.6377,176.44751,866.3526,0.0031756698,-12142.663173521913,31.0,S_2090
2024-05-13 17:22:07,-58.711,6.5046234,-52.693653,176.41953,866.3415,0.0031966309,-12166.35808168274,31.0,S_2090
2024-05-13 17:22:08,-58.774,6.5059357,-52.7566,176.39156,866.3878,0.0010595865,-12212.270504919281,31.0,S_2090
2024-05-13 17:22:09,-58.837,6.507263,-52.805557,176.35658,866.4971,0.001074227,-12247.888275813408,31.0,S_2090
2024-05-13 17:22:10,-58.9,6.508606,-52.86151,176.3286,866.5749,-0.00049560895,-12297.97514330347,31.0,S_2090
2024-05-13 17:22:11,-58.963,6.5099487,-52.917465,176.30063,866.5767,-0.00047996413,-12347.948472650669,31.0,S_2090
2024-05-13 17:22:12,-59.026,6.5112915,-52.97342,176.27264,866.56006,-0.00045534136,-12398.095134153948,31.0,S_2090
2024-05-13 17:22:13,-59.089,6.5126495,-53.036366,176.24467,866.56195,-0.0004376587,-12453.160393710477,31.0,S_2090
2024-05-13 17:22:14,-59.152,6.5140076,-53.09232,176.2097,866.56006,0.00070023874,-12496.49355149759,31.0,S_2090
2024-05-13 17:22:15,-59.215,6.515381,-53.14827,176.18173,866.54895,0.00071668025,-12538.642478427526,31.0,S_2090
2024-05-13 17:22:16,-59.278,6.516754,-53.204224,176.15375,866.5767,0.001871464,-12573.279508844316,31.0,S_2090
2024-05-13 17:22:17,-59.341,6.5181274,-53.260178,176.12578,866.6582,0.0018916915,-12607.774845454162,31.0,S_2090
2024-05-13 17:22:18,-59.404,6.519516,-53.316128,176.0978,866.7434,0.0024457523,-12638.295597168772,31.0,S_2090
2024-05-13 17:22:19,-59.467,6.52092,-53.37208,176.06282,866.77673,0.0024632816,-12670.12184266703,31.0,S_2090
2024-05-13 17:22:20,-59.53,6.5223236,-53.428036,176.03485,866.76373,0.0019464118,-12704.235522109446,31.0,S_2090
2024-05-13 17:22:21,-59.593,6.5237274,-53.48399,176.00687,866.736,0.0019636857,-12736.500381616981,31.0,S_2090
2024-05-13 17:22:22,-59.656,6.5251465,-53.546936,175.97191,866.7434,0.0012999356,-12781.170068032185,31.0,S_2090
2024-05-13 17:22:23,-59.718998,6.5265656,-53.602886,175.94392,866.8267,0.0013200087,-12819.327853439887,31.0,S_2090
2024-05-13 17:22:24,-59.781998,6.528,-53.65884,175.91595,866.9342,0.003067445,-12845.675366088912,31.0,S_2090
2024-05-13 17:22:25,-59.845,6.529434,-53.714794,175.88098,866.97675,0.0030854938,-12873.407260286298,31.0,S_2090
2024-05-13 17:22:26,-59.908,6.5308685,-53.77075,175.853,866.96564,0.004781804,-12889.056552400514,31.0,S_2090
2024-05-13 17:22:27,-59.971,6.532318,-53.8267,175.82503,866.949,0.0048008477,-12903.870544257003,31.0,S_2090
2024-05-13 17:22:28,-60.034,6.533783,-53.882652,175.79005,866.9527,0.0070212316,-12906.018869691106,31.0,S_2090
2024-05-13 17:22:29,-60.097,6.5352325,-53.938606,175.76208,866.94714,0.0070416136,-12906.96699629332,31.0,S_2090
2024-05-13 17:22:30,-60.16,6.5367126,-53.99456,175.7341,866.9323,0.008194435,-12899.250037796557,31.0,S_2090
2024-05-13 17:22:31,-60.223,6.5381775,-54.05051,175.69913,866.9712,0.008215482,-12887.462228292798,31.0,S_2090
2024-05-13 17:22:32,-60.286,6.5396576,-54.113457,175.67116,867.0767,0.0076581202,-12889.692563475928,31.0,S_2090
2024-05-13 17:22:33,-60.349,6.541153,-54.16941,175.64317,867.1601,0.0076819425,-12885.369949024465,31.0,S_2090
2024-05-13 17:22:34,-60.412,6.5426483,-54.225365,175.60822,867.1675,0.008244464,-12878.364014648703,31.0,S_2090
2024-05-13 17:22:35,-60.475,6.544159,-54.28132,175.57324,867.136,0.0082655605,-12872.396209782713,31.0,S_2090
2024-05-13 17:22:36,-60.538,6.5456543,-54.33727,175.54526,867.11194,0.008380553,-12863.42759444918,31.0,S_2090
2024-05-13 17:22:37,-60.600998,6.54718,-54.393223,175.51028,867.1305,0.008401668,-12856.565186130294,31.0,S_2090
2024-05-13 17:22:38,-60.663998,6.548706,-54.449177,175.48232,867.22125,0.00900515,-12844.728784943343,31.0,S_2090
2024-05-13 17:22:39,-60.726997,6.550232,-54.505127,175.45435,867.32495,0.009029665,-12831.450323705503,31.0,S_2090
2024-05-13 17:22:40,-60.79,6.551758,-54.56108,175.41937,867.3601,0.010123118,-12811.983156085274,31.0,S_2090
2024-05-13 17:22:41,-60.853,6.553314,-54.617035,175.3844,867.34344,0.010145249,-12793.787986134552,31.0,S_2090
2024-05-13 17:22:42,-60.916,6.5548553,-54.67299,175.35641,867.3379,0.00956871,-12771.090667487668,31.0,S_2090
2024-05-13 17:22:43,-60.979,6.5564117,-54.735935,175.32845,867.3416,0.009592595,-12759.36974319983,31.0,S_2090
2024-05-13 17:22:44,-61.042,6.557968,-54.79189,175.29347,867.3305,0.009623531,-12743.212534259275,31.0,S_2090
2024-05-13 17:22:45,-61.105,6.55954,-54.84784,175.2585,867.33234,0.009648457,-12728.220085903782,31.0,S_2090
2024-05-13 17:22:46,-61.168,6.5611267,-54.903793,175.23053,867.39343,0.010255188,-12708.235526526378,31.0,S_2090
2024-05-13 17:22:47,-61.231,6.5626984,-54.959747,175.20255,867.4842,0.010277399,-12686.69852566414,31.0,S_2090
2024-05-13 17:22:48,-61.294,6.5643005,-55.015697,175.16759,867.5435,0.009798736,-12669.367522143491,31.0,S_2090
2024-05-13 17:22:49,-61.357,6.5658875,-55.07165,175.13261,867.5453,0.009820646,-12653.239963014064,31.0,S_2090
2024-05-13 17:22:50,-61.42,6.5674896,-55.127605,175.10463,867.5342,0.0099207545,-12641.270847622669,31.0,S_2090
2024-05-13 17:22:51,-61.482998,6.569107,-55.176563,175.06966,867.5361,0.0099436445,-12610.367256618478,31.0,S_2090
2024-05-13 17:22:52,-61.545998,6.5707245,-55.23951,175.0347,867.53235,0.008268862,-12609.555217284826,31.0,S_2090
2024-05-13 17:22:53,-61.608997,6.572342,-55.295464,175.00671,867.52124,0.008289925,-12596.0444709919,31.0,S_2090
2024-05-13 17:22:54,-61.672,6.5739746,-55.35841,174.97874,867.549,0.006001014,-12612.418692677751,31.0,S_2090
2024-05-13 17:22:55,-61.735,6.5756073,-55.407368,174.94377,867.6324,0.0060188626,-12614.797722610767,31.0,S_2090
2024-05-13 17:22:56,-61.798,6.5772552,-55.46332,174.9088,867.7157,0.0077990773,-12610.680490499959,31.0,S_2090
2024-05-13 17:22:57,-61.861,6.578903,-55.519276,174.87383,867.7491,0.007822971,-12601.567691388369,31.0,S_2090
2024-05-13 17:22:58,-61.924,6.5805664,-55.582222,174.84586,867.7361,0.0106181335,-12583.03313380267,31.0,S_2090
2024-05-13 17:22:59,-61.987,6.5822296,-55.638176,174.81088,867.71014,0.010640477,-12560.128660540839,31.0,S_2090
2024-05-13 17:23:00,-62.05,6.583893,-55.69413,174.77591,867.7176,0.01007683,-12549.804078197349,31.0,S_2090
2024-05-13 17:23:01,-62.113,6.5855255,-55.743088,174.74794,867.8009,0.010096855,-12524.173744168478,31.0,S_2090
2024-05-13 17:23:02,-62.176,6.5871735,-55.799038,174.71297,867.9083,0.009039141,-12511.840628057522,31.0,S_2090
2024-05-13 17:23:03,-62.239,6.5888214,-55.854992,174.678,867.9454,0.0090637095,-12499.345343619554,31.0,S_2090
2024-05-13 17:23:04,-62.302,6.5904694,-55.910946,174.64302,867.9287,0.010253194,-12480.34341321295,31.0,S_2090
2024-05-13 17:23:05,-62.364998,6.592148,-55.9669,174.61505,867.92126,0.010275324,-12458.799682080253,31.0,S_2090
2024-05-13 17:23:06,-62.428,6.593811,-56.02285,174.58008,867.9268,0.010891313,-12434.229091295758,31.0,S_2090
2024-05-13 17:23:07,-62.491,6.5955048,-56.078804,174.5451,867.91943,0.010913754,-12409.512165664419,31.0,S_2090
2024-05-13 17:23:08,-62.554,6.597183,-56.134758,174.51013,867.9046,0.010428846,-12387.994093263746,31.0,S_2090
2024-05-13 17:23:09,-62.617,6.598892,-56.190712,174.47516,867.9435,0.010450989,-12358.59700546829,31.0,S_2090
2024-05-13 17:23:10,-62.68,6.600601,-56.25366,174.44019,868.05273,0.011067217,-12331.217475474303,31.0,S_2090
2024-05-13 17:23:11,-62.743,6.60231,-56.316605,174.41222,868.13245,0.011094823,-12317.614959462424,31.0,S_2090
2024-05-13 17:23:12,-62.806,6.6040344,-56.365562,174.37724,868.1343,0.011605073,-12283.076143616185,31.0,S_2090
2024-05-13 17:23:13,-62.869,6.6057587,-56.421516,174.34227,868.1157,0.011627844,-12253.643182617454,31.0,S_2090
2024-05-13 17:23:14,-62.932,6.607498,-56.47747,174.3073,868.11945,0.010480058,-12224.021014310114,31.0,S_2090
2024-05-13 17:23:15,-62.995,6.609253,-56.540417,174.27234,868.12134,0.010504418,-12207.239725648597,31.0,S_2090
2024-05-13 17:23:16,-63.058,6.6110077,-56.59637,174.23737,868.1046,0.009973194,-12197.430382572373,31.0,S_2090
2024-05-13 17:23:17,-63.121002,6.6127777,-56.64533,174.20938,868.10834,0.009996093,-12172.464020984606,31.0,S_2090
2024-05-13 17:23:18,-63.184002,6.6145477,-56.70128,174.17442,868.1898,0.01048564,-12150.548405281894,31.0,S_2090
2024-05-13 17:23:19,-63.247,6.616333,-56.757233,174.13945,868.29724,0.010507948,-12126.901003530318,31.0,S_2090
2024-05-13 17:23:20,-63.31,6.6181183,-56.813187,174.09747,868.3342,0.009978792,-12109.370265022957,31.0,S_2090
2024-05-13 17:23:21,-63.373,6.619919,-56.86914,174.06252,868.3176,0.010000864,-12090.647497778109,31.0,S_2090
2024-05-13 17:23:22,-63.436,6.6217194,-56.92509,174.02754,868.3121,0.008934309,-12073.315802378404,31.0,S_2090
2024-05-13 17:23:23,-63.499,6.623535,-56.98804,173.99956,868.31573,0.008957971,-12065.661636035507,31.0,S_2090
2024-05-13 17:23:24,-63.562,6.625351,-57.04399,173.9646,868.2991,0.0084239775,-12063.469255486994,31.0,S_2090
2024-05-13 17:23:25,-63.625,6.627182,-57.092953,173.92963,868.288,0.008446151,-12049.73430242978,31.0,S_2090
2024-05-13 17:23:26,-63.688,6.629013,-57.148903,173.89465,868.3342,0.008458234,-12034.872456628644,31.0,S_2090
2024-05-13 17:23:27,-63.751,6.6308594,-57.21185,173.85968,868.4417,0.008481703,-12031.361571703135,31.0,S_2090
2024-05-13 17:23:28,-63.814,6.632721,-57.267803,173.8247,868.5213,0.008595624,-12020.599886743206,31.0,S_2090
2024-05-13 17:23:29,-63.877003,6.6345825,-57.323757,173.78275,868.52686,0.008616934,-12011.992637389358,31.0,S_2090
2024-05-13 17:23:30,-63.940002,6.6364594,-57.37971,173.74777,868.5009,0.007459071,-12009.962813033797,31.0,S_2090
2024-05-13 17:23:31,-64.003,6.638336,-57.43566,173.7128,868.488,0.0074798856,-12007.786803870502,31.0,S_2090
2024-05-13 17:23:32,-64.066,6.640213,-57.491615,173.67784,868.5232,0.006335947,-12013.125438980715,31.0,S_2090
2024-05-13 17:23:33,-64.129,6.6421204,-57.54757,173.64287,868.6102,0.0063593043,-12018.30857761342,31.0,S_2090
2024-05-13 17:23:34,-64.192,6.6440125,-57.60352,173.6079,868.6917,0.0075454316,-12015.682482922994,31.0,S_2090
2024-05-13 17:23:35,-64.255005,6.645935,-57.659473,173.57292,868.71765,0.0075693214,-12011.80652441887,31.0,S_2090
2024-05-13 17:23:36,-64.318,6.6478424,-57.715427,173.53096,868.7047,0.009951547,-11994.393660857122,31.0,S_2090
2024-05-13 17:23:37,-64.381004,6.6497803,-57.77138,173.49599,868.7028,0.009973454,-11983.118848476643,31.0,S_2090
2024-05-13 17:23:38,-64.444,6.651718,-57.82034,173.46101,868.7047,0.012300467,-11944.012018035475,31.0,S_2090
2024-05-13 17:23:39,-64.507,6.653656,-57.876293,173.42604,868.688,0.012323372,-11909.979224620463,31.0,S_2090
2024-05-13 17:23:40,-64.57,6.655609,-57.932243,173.39107,868.6917,0.01292426,-11862.388226855173,31.0,S_2090
2024-05-13 17:23:41,-64.633,6.6575775,-57.99519,173.35611,868.77136,0.012952623,-11829.427619349732,31.0,S_2090
2024-05-13 17:23:42,-64.696,6.659546,-58.051144,173.32114,868.8787,0.011218287,-11801.05908876843,31.0,S_2090
2024-05-13 17:23:43,-64.759,6.6615143,-58.107098,173.27917,868.92505,0.011243741,-11783.395574805389,31.0,S_2090
2024-05-13 17:23:44,-64.822,6.663498,-58.156055,173.2442,868.9121,0.010093249,-11757.35991951299,31.0,S_2090
2024-05-13 17:23:45,-64.885,6.665497,-58.21201,173.20224,868.89545,0.010118226,-11731.29000537161,31.0,S_2090
2024-05-13 17:23:46,-64.948,6.6674957,-58.274956,173.16727,868.8991,0.0102184005,-11708.657866175887,31.0,S_2090
2024-05-13 17:23:47,-65.011,6.66951,-58.337902,173.1323,868.89355,0.010242528,-11699.392917685625,31.0,S_2090
2024-05-13 17:23:48,-65.074005,6.671524,-58.386864,173.09033,868.87695,0.010885928,-11670.599447557244,31.0,S_2090
2024-05-13 17:23:49,-65.137,6.6735535,-58.442814,173.05536,868.9176,0.010908124,-11645.823832454147,31.0,S_2090
2024-05-13 17:23:50,-65.200005,6.675583,-58.498768,173.02039,869.0251,0.012018856,-11612.108204085558,31.0,S_2090
2024-05-13 17:23:51,-65.263,6.6776276,-58.55472,172.97842,869.1047,0.012044599,-11580.91006865881,31.0,S_2090
2024-05-13 17:23:52,-65.326004,6.6796722,-58.610672,172.94345,869.10657,0.012648156,-11542.98430325924,31.0,S_2090
2024-05-13 17:23:53,-65.389,6.681732,-58.666626,172.90149,869.0899,0.012674139,-11507.648559884456,31.0,S_2090
2024-05-13 17:23:54,-65.452,6.6838074,-58.72258,172.86652,869.09174,0.012772703,-11470.636794209877,31.0,S_2090
2024-05-13 17:23:55,-65.515,6.6858826,-58.778534,172.83154,869.09546,0.012795627,-11431.742166951442,31.0,S_2090
2024-05-13 17:23:56,-65.578,6.687958,-58.834484,172.78958,869.07697,0.012830873,-11395.369154537408,31.0,S_2090
2024-05-13 17:23:57,-65.641,6.6900635,-58.890438,172.75461,869.0806,0.012853808,-11356.086780807767,31.0,S_2090
2024-05-13 17:23:58,-65.704,6.692154,-58.946392,172.71265,869.1621,0.013443307,-11325.604636797034,31.0,S_2090
2024-05-13 17:23:59,-65.767,6.6942596,-58.99535,172.67767,869.2696,0.01346424,-11277.058319374522,31.0,S_2090
2024-05-13 17:24:00,-65.83,6.6963806,-59.051304,172.63571,869.3066,0.015301546,-11224.504818567326,31.0,S_2090
2024-05-13 17:24:01,-65.89374,6.6985016,-59.107254,172.60074,869.29175,0.015325508,-11168.71767477144,31.0,S_2090
2024-05-13 17:24:02,-65.95745,6.700638,-59.163208,172.55878,869.28436,0.0182499,-11094.430658495441,31.0,S_2090
2024-05-13 17:24:03,-66.02114,6.7027893,-59.219162,172.51682,869.2899,0.018277971,-11008.755233253101,31.0,S_2090
2024-05-13 17:24:04,-66.0848,6.704941,-59.28211,172.48184,869.2825,0.021267608,-10933.833182097493,31.0,S_2090
2024-05-13 17:24:05,-66.14844,6.7070923,-59.331066,172.43988,869.2658,0.02129455,-10836.87271266813,31.0,S_2090
2024-05-13 17:24:06,-66.21205,6.709259,-59.38702,172.4049,869.3066,0.021886006,-10737.332970899488,31.0,S_2090
2024-05-13 17:24:07,-66.27564,6.711441,-59.442974,172.36295,869.414,0.021915363,-10638.637026805403,31.0,S_2090
2024-05-13 17:24:08,-66.3392,6.713623,-59.498924,172.32097,869.49365,0.020879453,-10549.591379485031,31.0,S_2090
2024-05-13 17:24:09,-66.40274,6.7158203,-59.55488,172.28601,869.4955,0.020905292,-10456.628312433491,31.0,S_2090
2024-05-13 17:24:10,-66.466255,6.7180176,-59.610832,172.24403,869.4788,0.022651248,-10336.454098453927,31.0,S_2090
2024-05-13 17:24:11,-66.52974,6.720215,-59.67378,172.20207,869.4825,0.022679936,-10237.884569736385,31.0,S_2090
2024-05-13 17:24:12,-66.5932,6.7224426,-59.729733,172.16011,869.4769,0.026256463,-10113.700436584597,31.0,S_2090
2024-05-13 17:24:13,-66.65664,6.724655,-59.785686,172.12514,869.45654,0.026284153,-10003.949809113721,31.0,S_2090
2024-05-13 17:24:14,-66.720055,6.726898,-59.834644,172.08318,869.4677,0.026303196,-9889.961873749466,31.0,S_2090
2024-05-13 17:24:15,-66.78344,6.729141,-59.883602,172.04121,869.55475,0.026328558,-9756.808652349764,31.0,S_2090
2024-05-13 17:24:16,-66.8468,6.7313843,-59.939556,171.99925,869.66034,0.026368504,-9609.202846069198,31.0,S_2090
2024-05-13 17:24:17,-66.91014,6.7336426,-60.002502,171.95728,869.6955,0.026398337,-9466.560723947696,31.0,S_2090
2024-05-13 17:24:18,-66.97345,6.735901,-60.06545,171.91531,869.68066,0.027079517,-9338.790181114644,31.0,S_2090
2024-05-13 17:24:19,-67.03674,6.7381744,-60.121403,171.87335,869.6751,0.02711016,-9209.09174073132,31.0,S_2090
2024-05-13 17:24:20,-67.1,6.7404633,-60.177357,171.83838,869.67883,0.026075486,-9100.749227048285,31.0,S_2090
2024-05-13 17:24:21,-67.16324,6.742752,-60.226315,171.79642,869.66034,0.026103333,-8969.222828687041,31.0,S_2090
2024-05-13 17:24:22,-67.226456,6.745041,-60.28227,171.75446,869.6492,0.026198838,-8861.210033771144,31.0,S_2090
2024-05-13 17:24:23,-67.28964,6.747345,-60.331226,171.7125,869.6974,0.026226558,-8728.894614035395,31.0,S_2090
2024-05-13 17:24:24,-67.3528,6.7496643,-60.38718,171.67052,869.80475,0.025684547,-8605.372404544496,31.0,S_2090
2024-05-13 17:24:25,-67.41594,6.7519836,-60.44313,171.62856,869.88257,0.025714286,-8462.739295698035,31.0,S_2090
2024-05-13 17:24:26,-67.47905,6.754318,-60.506077,171.5866,869.8844,0.02160003,-8371.535417482233,31.0,S_2090
2024-05-13 17:24:27,-67.54214,6.756653,-60.56203,171.54463,869.86774,0.021628326,-8275.013803302858,31.0,S_2090
2024-05-13 17:24:28,-67.6052,6.7590027,-60.617985,171.50267,869.87146,0.018188432,-8201.356127506268,31.0,S_2090
2024-05-13 17:24:29,-67.668236,6.7613525,-60.67394,171.4607,869.86774,0.018212456,-8127.561024944,31.0,S_2090
2024-05-13 17:24:30,-67.731255,6.7637177,-60.72989,171.41873,869.8566,0.018230075,-8053.644011982578,31.0,S_2090
2024-05-13 17:24:31,-67.79424,6.766083,-60.785843,171.37677,869.8844,0.018254066,-7992.828846071314,31.0,S_2090
2024-05-13 17:24:32,-67.8572,6.768463,-60.8348,171.33481,869.96954,0.0159629,-7928.847171726682,31.0,S_2090
2024-05-13 17:24:33,-67.920135,6.7708435,-60.890755,171.29285,870.0529,0.015986023,-7869.845699866764,31.0,S_2090
2024-05-13 17:24:34,-67.983055,6.773239,-60.94671,171.25087,870.0807,0.013101084,-7818.706799318408,31.0,S_2090
2024-05-13 17:24:35,-68.04594,6.77565,-61.009655,171.20192,870.06775,0.013125469,-7784.837434788202,31.0,S_2090
2024-05-13 17:24:36,-68.1088,6.7780457,-61.06561,171.15996,870.06586,0.010795959,-7761.574003806101,31.0,S_2090
2024-05-13 17:24:37,-68.17164,6.780472,-61.12156,171.12498,870.06775,0.010817294,-7742.0525501832035,31.0,S_2090
2024-05-13 17:24:38,-68.23445,6.782898,-61.17052,171.07602,870.0511,0.007800486,-7733.254269426821,31.0,S_2090
2024-05-13 17:24:39,-68.29724,6.7853394,-61.22647,171.03406,870.0548,0.007820878,-7728.415392692101,31.0,S_2090
2024-05-13 17:24:40,-68.36,6.787781,-61.282425,170.9921,870.13446,0.00734893,-7725.697689458593,31.0,S_2090
2024-05-13 17:24:41,-68.42274,6.790222,-61.33838,170.94313,870.2418,0.007369086,-7724.856530783907,31.0,S_2090
2024-05-13 17:24:42,-68.48545,6.792679,-61.39433,170.90117,870.2863,0.006336305,-7734.442463271847,31.0,S_2090
2024-05-13 17:24:43,-68.54814,6.7951508,-61.44329,170.8592,870.2752,0.006353641,-7734.190200565643,31.0,S_2090
2024-05-13 17:24:44,-68.6108,6.7976227,-61.49924,170.81725,870.2585,0.0055661974,-7747.460442154434,31.0,S_2090
2024-05-13 17:24:45,-68.67344,6.80011,-61.548203,170.76828,870.2622,0.0055865664,-7749.156998172839,31.0,S_2090
2024-05-13 17:24:46,-68.73605,6.802597,-61.61115,170.72632,870.25665,0.009018889,-7740.234974713923,31.0,S_2090
2024-05-13 17:24:47,-68.79864,6.8050995,-61.667103,170.67735,870.24,0.0090427855,-7721.580043241478,31.0,S_2090
2024-05-13 17:24:48,-68.8612,6.807617,-61.73005,170.63539,870.2789,0.009775839,-7707.542556759545,31.0,S_2090
2024-05-13 17:24:49,-68.92374,6.8101196,-61.786003,170.58644,870.3863,0.009799846,-7697.683505610592,31.0,S_2090
2024-05-13 17:24:50,-68.98625,6.8126526,-61.83496,170.54446,870.4696,0.012535945,-7654.824339382327,31.0,S_2090
2024-05-13 17:24:51,-69.04874,6.8151855,-61.89091,170.49551,870.4789,0.012558043,-7628.7188936688435,31.0,S_2090
2024-05-13 17:24:52,-69.1112,6.8177185,-61.939873,170.45355,870.4585,0.015977483,-7562.654949232758,31.0,S_2090
2024-05-13 17:24:53,-69.17364,6.8202667,-61.995823,170.40459,870.45294,0.016000826,-7504.627153808966,31.0,S_2090
2024-05-13 17:24:54,-69.23605,6.82283,-62.051777,170.36263,870.45667,0.017302418,-7436.991606943853,31.0,S_2090
2024-05-13 17:24:55,-69.29844,6.8253937,-62.10773,170.32066,870.44,0.017325992,-7366.954649193207,31.0,S_2090
2024-05-13 17:24:56,-69.3608,6.827957,-62.163685,170.2717,870.44366,0.023953166,-7253.298261756439,31.0,S_2090
2024-05-13 17:24:57,-69.42314,6.830536,-62.219635,170.22275,870.5252,0.0239785,-7142.557861513093,31.0,S_2090
2024-05-13 17:24:58,-69.48545,6.83313,-62.27559,170.18077,870.6326,0.024506424,-7041.728521248817,31.0,S_2090
2024-05-13 17:24:59,-69.54774,6.835724,-62.324547,170.13182,870.6696,0.024529593,-6919.153840341038,31.0,S_2090
2024-05-13 17:25:00,-69.61,6.838333,-62.3805,170.08286,870.653,0.018553847,-6844.279580561448,31.0,S_2090
2024-05-13 17:25:01,-69.6724,6.8402405,-62.436455,170.0409,870.64746,0.018577816,-6752.358290703523,31.0,S_2090
2024-05-13 17:25:02,-69.73477,6.8421783,-62.4994,169.99193,870.653,0.014183709,-6709.620764061836,31.0,S_2090
2024-05-13 17:25:03,-69.79711,6.8441467,-62.555355,169.94298,870.64557,0.014206782,-6663.4523959085745,31.0,S_2090
2024-05-13 17:25:04,-69.85942,6.8461456,-62.611305,169.90102,870.62885,0.015379794,-6617.607904602133,31.0,S_2090
2024-05-13 17:25:05,-69.9217,6.848175,-62.660267,169.85205,870.6696,0.0154008875,-6556.566602064007,31.0,S_2090
2024-05-13 17:25:06,-69.98395,6.8502502,-62.716217,169.8031,870.77704,0.019675214,-6471.856540436356,31.0,S_2090
2024-05-13 17:25:07,-70.046165,6.8523407,-62.77217,169.75414,870.8567,0.019699624,-6387.00113916318,31.0,S_2090
2024-05-13 17:25:08,-70.10835,6.854477,-62.828125,169.70517,870.8586,0.02028965,-6300.713628167832,31.0,S_2090
2024-05-13 17:25:09,-70.17051,6.8566284,-62.88408,169.66321,870.84186,0.018980015,-6219.730502879214,31.0,S_2090
2024-05-13 17:25:10,-70.232635,6.8588257,-62.94003,169.61426,870.84375,0.017670378,-6148.535662057737,31.0,S_2090
2024-05-13 17:25:11,-70.29473,6.8610535,-62.995983,169.56529,870.8474,0.017694613,-6077.198031058619,31.0,S_2090
2024-05-13 17:25:12,-70.3568,6.863312,-63.051937,169.51634,870.8289,0.018871872,-5997.970252494109,31.0,S_2090
2024-05-13 17:25:13,-70.41883,6.8656006,-63.107887,169.46738,870.83264,0.018896457,-5918.581250572497,31.0,S_2090
2024-05-13 17:25:14,-70.480835,6.86792,-63.16384,169.41841,870.9141,0.02231255,-5813.241149781246,31.0,S_2090
2024-05-13 17:25:15,-70.54281,6.870285,-63.219795,169.36247,871.0215,0.022340326,-5711.778786482388,31.0,S_2090
2024-05-13 17:25:16,-70.60475,6.8726654,-63.27575,169.3135,871.0604,0.021898521,-5628.041704954801,31.0,S_2090
2024-05-13 17:25:17,-70.666664,6.8750763,-63.324707,169.26454,871.04376,0.02192354,-5523.3725020802995,31.0,S_2090
2024-05-13 17:25:18,-70.728546,6.877533,-63.38066,169.21559,871.03265,0.018655078,-5445.663539314039,31.0,S_2090
2024-05-13 17:25:19,-70.7904,6.88002,-63.43661,169.16663,871.0363,0.018682113,-5367.781374784285,31.0,S_2090
2024-05-13 17:25:20,-70.85222,6.882538,-63.492565,169.11768,871.04565,0.01612932,-5318.608941343318,31.0,S_2090
2024-05-13 17:25:21,-70.91401,6.885071,-63.541523,169.06871,871.0474,0.016153576,-5252.643361993058,31.0,S_2090
2024-05-13 17:25:22,-70.97577,6.8876495,-63.597477,169.01976,871.03265,0.013375067,-5210.312069991389,31.0,S_2090
2024-05-13 17:25:23,-71.0375,6.890274,-63.65343,168.9708,871.0178,0.013400731,-5166.037025097168,31.0,S_2090
2024-05-13 17:25:24,-71.0992,6.892914,-63.70938,168.91484,871.05853,0.013508918,-5133.535873877208,31.0,S_2090
2024-05-13 17:25:25,-71.160866,6.895584,-63.758343,168.86589,871.166,0.013529129,-5085.158695533875,31.0,S_2090
2024-05-13 17:25:26,-71.2225,6.8983,-63.814293,168.81693,871.2456,0.015092222,-5029.362368994884,31.0,S_2090
2024-05-13 17:25:27,-71.28411,6.9010315,-63.870247,168.76097,871.2475,0.013701566,-4985.845833967807,31.0,S_2090
2024-05-13 17:25:28,-71.34569,6.9038086,-63.9262,168.712,871.23083,0.01231091,-4959.517610787159,31.0,S_2090
2024-05-13 17:25:29,-71.407234,6.906616,-63.97516,168.66306,871.2345,0.01233093,-4917.54754424368,31.0,S_2090
2024-05-13 17:25:30,-71.46875,6.909439,-64.03111,168.6071,871.2364,0.0072218133,-4917.324076868652,31.0,S_2090
2024-05-13 17:25:31,-71.530235,6.9123077,-64.08707,168.55814,871.21783,0.005563415,-4926.458660925469,31.0,S_2090
2024-05-13 17:25:32,-71.59168,6.915207,-64.14302,168.50218,871.22156,0.0039050172,-4951.183703389546,31.0,S_2090
2024-05-13 17:25:33,-71.65311,6.918152,-64.19198,168.45323,871.3049,0.0039262744,-4966.4290396511315,31.0,S_2090
2024-05-13 17:25:34,-71.7145,6.921112,-64.24793,168.39728,871.41046,0.0025705001,-4997.211704515532,31.0,S_2090
2024-05-13 17:25:35,-71.77586,6.924103,-64.30388,168.34831,871.4475,0.002591223,-5026.5121214111605,31.0,S_2090
2024-05-13 17:25:36,-71.8372,6.9271393,-64.35983,168.29237,871.4327,0.001957813,-5061.340194004311,31.0,S_2090
2024-05-13 17:25:37,-71.8985,6.930191,-64.41579,168.24341,871.4271,0.0019785701,-5095.024492323442,31.0,S_2090
2024-05-13 17:25:38,-71.95977,6.9332886,-64.47174,168.19444,871.42896,0.006395725,-5098.431427754807,31.0,S_2090
2024-05-13 17:25:39,-72.02101,6.9364166,-64.527695,168.13849,871.4123,0.0064170808,-5102.672198285927,31.0,S_2090
2024-05-13 17:25:40,-72.08222,6.939575,-64.58365,168.08255,871.4012,0.011711556,-5070.951850342681,31.0,S_2090
2024-05-13 17:25:41,-72.143394,6.9427643,-64.6396,168.0266,871.44934,0.01173618,-5040.536934880773,31.0,S_2090
2024-05-13 17:25:42,-72.204544,6.945984,-64.69555,167.97763,871.55676,0.017186144,-4970.684211582222,31.0,S_2090
2024-05-13 17:25:43,-72.26566,6.949234,-64.7515,167.92168,871.6346,0.0172117,-4913.875656710268,31.0,S_2090
2024-05-13 17:25:44,-72.32675,6.9525146,-64.80046,167.86572,871.63635,0.017978843,-4847.429144177979,31.0,S_2090
2024-05-13 17:25:45,-72.38781,6.955841,-64.84943,167.80977,871.61975,0.018001802,-4770.323416148254,31.0,S_2090
2024-05-13 17:25:46,-72.44884,6.9591827,-64.90537,167.76082,871.6234,0.016689906,-4703.878354032891,31.0,S_2090
2024-05-13 17:25:47,-72.509834,6.96257,-64.96133,167.70486,871.61975,0.016712343,-4650.160051099156,31.0,S_2090
2024-05-13 17:25:48,-72.57079,6.965973,-65.010284,167.64891,871.60864,0.017746499,-4572.598980469484,31.0,S_2090
2024-05-13 17:25:49,-72.63173,6.9694214,-65.06624,167.59296,871.63635,0.01777238,-4486.9635733297,31.0,S_2090
2024-05-13 17:25:50,-72.692635,6.9729004,-65.12919,167.537,871.72156,0.014824627,-4439.144209026093,31.0,S_2090
2024-05-13 17:25:51,-72.75351,6.97641,-65.18514,167.48105,871.80493,0.014849871,-4386.194989532782,31.0,S_2090
2024-05-13 17:25:52,-72.814354,6.97995,-65.2411,167.4251,871.8327,0.011062963,-4358.878107827059,31.0,S_2090
2024-05-13 17:25:53,-72.87516,6.9835205,-65.29704,167.36914,871.81976,0.0110878525,-4339.26505700859,31.0,S_2090
2024-05-13 17:25:54,-72.93594,6.987137,-65.34601,167.31319,871.81604,0.0047992542,-4352.047560268085,31.0,S_2090
2024-05-13 17:25:55,-72.9967,6.9907684,-65.394966,167.25024,871.8179,0.004818241,-4366.384714080061,31.0,S_2090
2024-05-13 17:25:56,-73.05742,6.994446,-65.443924,167.19429,871.80676,-0.0025711844,-4426.228759588106,31.0,S_2090
2024-05-13 17:25:57,-73.11811,6.9981384,-65.49988,167.13834,871.80865,-0.0055099204,-4514.841407153148,31.0,S_2090
2024-05-13 17:25:58,-73.178764,7.001877,-65.56282,167.08238,871.86975,-0.008448657,-4624.1978207370885,31.0,S_2090
2024-05-13 17:25:59,-73.239395,7.0056458,-65.618774,167.02643,871.96234,-0.008426408,-4729.511103642963,31.0,S_2090
2024-05-13 17:26:00,-73.299995,7.009445,-65.67473,166.96349,872.0216,-0.015288128,-4870.06203716253,31.0,S_2090
2024-05-13 17:26:01,-73.36032,7.012909,-65.72369,166.90753,872.02344,-0.015273143,-5004.554563893711,31.0,S_2090
2024-05-13 17:26:02,-73.420616,7.0164337,-65.772644,166.85158,872.0086,-0.018092297,-5171.233367205925,31.0,S_2090
2024-05-13 17:26:03,-73.480896,7.019989,-65.8286,166.78864,872.0086,-0.018072626,-5341.313682601412,31.0,S_2090
2024-05-13 17:26:04,-73.54115,7.02359,-65.88455,166.73268,872.01416,-0.01364092,-5472.659099729728,31.0,S_2090
2024-05-13 17:26:05,-73.60139,7.027237,-65.93351,166.66974,872.01605,-0.013622098,-5607.701588397202,31.0,S_2090
2024-05-13 17:26:06,-73.6616,7.0309296,-65.98946,166.61378,872.0086,-0.011371744,-5732.9116462826205,31.0,S_2090
2024-05-13 17:26:07,-73.72179,7.034668,-66.04542,166.55083,871.99567,-0.011352597,-5857.485866267583,31.0,S_2090
2024-05-13 17:26:08,-73.78195,7.038452,-66.10137,166.49487,872.02716,-0.010796877,-5971.066867164005,31.0,S_2090
2024-05-13 17:26:09,-73.842094,7.042282,-66.15033,166.43193,872.1105,-0.010776989,-6086.75573923167,31.0,S_2090
2024-05-13 17:26:10,-73.90222,7.046158,-66.20628,166.37598,872.1938,-0.008695717,-6193.4067440437975,31.0,S_2090
2024-05-13 17:26:11,-73.96232,7.050064,-66.26224,166.31303,872.2216,-0.008673445,-6299.752409104491,31.0,S_2090
2024-05-13 17:26:12,-74.02239,7.054016,-66.318184,166.25708,872.2087,-0.008361008,-6398.140214966399,31.0,S_2090
2024-05-13 17:26:13,-74.08245,7.058029,-66.36715,166.19414,872.20496,-0.008344559,-6498.315974072801,31.0,S_2090
2024-05-13 17:26:14,-74.14249,7.0620728,-66.423096,166.13118,872.2087,-0.0143999215,-6644.777189540764,31.0,S_2090
2024-05-13 17:26:15,-74.2025,7.066162,-66.47905,166.06824,872.1957,-0.014378835,-6791.0324724542115,31.0,S_2090
2024-05-13 17:26:16,-74.26248,7.0702972,-66.535,166.0053,872.1976,-0.023018284,-6996.305483162072,31.0,S_2090
2024-05-13 17:26:17,-74.32245,7.074478,-66.59096,165.94234,872.25867,-0.023000753,-7182.075618787145,31.0,S_2090
2024-05-13 17:26:18,-74.38239,7.078705,-66.639915,165.8864,872.35126,-0.022466045,-7377.5523999166835,31.0,S_2090
2024-05-13 17:26:19,-74.44232,7.0829773,-66.69587,165.82344,872.4105,-0.022445286,-7578.657532624726,31.0,S_2090
2024-05-13 17:26:20,-74.50222,7.0872803,-66.75182,165.7605,872.4105,-0.015116798,-7729.634667523696,31.0,S_2090
2024-05-13 17:26:21,-74.562096,7.0916443,-66.80778,165.69756,872.3994,-0.0150950765,-7880.400516787715,31.0,S_2090
2024-05-13 17:26:22,-74.62195,7.096039,-66.86373,165.6346,872.40314,-0.011977717,-8001.3778325687235,31.0,S_2090
2024-05-13 17:26:23,-74.681786,7.1004944,-66.91269,165.57166,872.3976,-0.01198144,-8117.447663161824,31.0,S_2090
2024-05-13 17:26:24,-74.7416,7.1049805,-66.96165,165.50871,872.38086,-0.0018682717,-8171.645141864592,31.0,S_2090
2024-05-13 17:26:25,-74.801384,7.1095123,-67.010605,165.44576,872.4198,0.01586163,-8106.278168885146,31.0,S_2090
2024-05-13 17:26:26,-74.86115,7.11409,-67.06656,165.38281,872.52716,0.027504893,-7962.932565625029,31.0,S_2090
2024-05-13 17:26:27,-74.9209,7.1187134,-67.12251,165.31287,872.61053,0.037901618,-7753.31937349142,31.0,S_2090
2024-05-13 17:26:28,-74.98062,7.1233826,-67.17846,165.24992,872.6235,0.040153332,-7555.796335492036,31.0,S_2090
2024-05-13 17:26:29,-75.04032,7.1280975,-67.227425,165.18698,872.6013,-0.012215281,-7683.131245702101,31.0,S_2090
2024-05-13 17:26:30,-75.1,7.132843,-67.28337,165.11703,872.5902,-0.038585756,-7994.1196826089945,31.0,S_2090
2024-05-13 17:26:31,-75.15965,7.1376495,-67.339325,165.0541,872.5939,-0.06466799,-8489.52415250273,31.0,S_2090
2024-05-13 17:26:32,-75.219284,7.1424866,-67.39528,164.98415,872.6013,-0.052942574,-8860.386707437603,31.0,S_2090
2024-05-13 17:26:33,-75.2789,7.1473846,-67.44424,164.9212,872.5994,-0.034953587,-9144.859311473767,31.0,S_2090
2024-05-13 17:26:34,-75.338486,7.152313,-67.50019,164.85126,872.5846,-0.026830371,-9375.484770718038,31.0,S_2090
2024-05-13 17:26:35,-75.39805,7.1572876,-67.556145,164.78831,872.5864,-0.022354545,-9577.397369555834,31.0,S_2090
2024-05-13 17:26:36,-75.457596,7.1623077,-67.6121,164.71837,872.6494,-0.015660034,-9720.871810880242,31.0,S_2090
2024-05-13 17:26:37,-75.51712,7.1673737,-67.66106,164.65543,872.7402,-0.018665707,-9892.282663265225,31.0,S_2090
2024-05-13 17:26:38,-75.57662,7.1724854,-67.71701,164.58548,872.79944,-0.02672128,-10102.816896281372,31.0,S_2090
2024-05-13 17:26:39,-75.63609,7.177643,-67.76597,164.52254,872.79944,-0.020236354,-10270.822862992747,31.0,S_2090
2024-05-13 17:26:40,-75.69555,7.182846,-67.814926,164.45259,872.79016,-0.014153537,-10411.818715519417,31.0,S_2090
2024-05-13 17:26:41,-75.75498,7.18808,-67.87088,164.38266,872.7939,-0.0125679895,-10546.620908121422,31.0,S_2090
2024-05-13 17:26:42,-75.8144,7.1933746,-67.926834,164.31271,872.7865,-0.009832834,-10661.318236175168,31.0,S_2090
2024-05-13 17:26:43,-75.87379,7.1987,-67.98279,164.24977,872.77167,-0.0053773466,-10741.705723888044,31.0,S_2090
2024-05-13 17:26:44,-75.93315,7.204071,-68.031746,164.17982,872.81055,-0.0031640432,-10804.951159774013,31.0,S_2090
2024-05-13 17:26:45,-75.9925,7.209503,-68.0807,164.10289,872.91614,-0.003799226,-10875.252510844382,31.0,S_2090
2024-05-13 17:26:46,-76.05182,7.214966,-68.13666,164.03294,872.99945,-0.0044344086,-10953.722367590486,31.0,S_2090
2024-05-13 17:26:47,-76.11112,7.2204742,-68.19261,163.96301,873.01245,-0.0044118357,-11031.98899408786,31.0,S_2090
2024-05-13 17:26:48,-76.170395,7.2260284,-68.248566,163.89307,872.9902,3.651563e-05,-11079.636967405133,31.0,S_2090
2024-05-13 17:26:49,-76.22965,7.231613,-68.29752,163.82312,872.97906,5.6392077e-05,-11122.345377181475,31.0,S_2090
2024-05-13 17:26:50,-76.28889,7.237259,-68.34648,163.75319,872.9828,0.0025812727,-11147.630020626877,31.0,S_2090
2024-05-13 17:26:51,-76.3481,7.2429504,-68.402435,163.68324,872.9902,0.0026053302,-11177.182390271275,31.0,S_2090
2024-05-13 17:26:52,-76.40729,7.2486725,-68.45839,163.60631,872.9884,0.012250396,-11150.329529977378,31.0,S_2090
2024-05-13 17:26:53,-76.46645,7.2544556,-68.50735,163.53636,872.9698,0.01227269,-11117.618836368736,31.0,S_2090
2024-05-13 17:26:54,-76.5256,7.260269,-68.556305,163.46643,872.9736,0.012815134,-11071.003014333302,31.0,S_2090
2024-05-13 17:26:55,-76.58472,7.2661285,-68.61226,163.3895,873.055,0.029624777,-10916.381939934385,31.0,S_2090
2024-05-13 17:26:56,-76.64382,7.2720337,-68.66821,163.31955,873.1624,0.037795156,-10726.228168929407,31.0,S_2090
2024-05-13 17:26:57,-76.702896,7.2779846,-68.71717,163.24261,873.20685,0.03927432,-10500.80072905547,31.0,S_2090
2024-05-13 17:26:58,-76.761955,7.2839813,-68.773125,163.17267,873.1939,0.020594943,-10407.257258400692,31.0,S_2090
2024-05-13 17:26:59,-76.820984,7.290024,-68.82907,163.10274,873.17725,0.029959545,-10245.96471934316,31.0,S_2090
2024-05-13 17:27:00,-76.88,7.296112,-68.885025,163.0258,873.1809,0.015631368,-10196.283554465957,31.0,S_2090
2024-05-13 17:27:01,-76.94267,7.2995605,-68.93398,162.94887,873.17535,-0.0075191353,-10286.094313770776,31.0,S_2090
2024-05-13 17:27:02,-77.0052,7.3031464,-68.98294,162.87892,873.1606,-0.043056022,-10598.722890137458,31.0,S_2090
2024-05-13 17:27:03,-77.06758,7.3068695,-69.031906,162.80199,873.1995,-0.03825793,-10908.432969670564,31.0,S_2090
2024-05-13 17:27:04,-77.12982,7.3107147,-69.08785,162.72505,873.30505,-0.027740058,-11149.595163347669,31.0,S_2090
2024-05-13 17:27:05,-77.19191,7.3147125,-69.14381,162.64812,873.38837,-0.025140619,-11372.564266194491,31.0,S_2090
2024-05-13 17:27:06,-77.253845,7.3188324,-69.19976,162.57118,873.3995,-0.026865145,-11588.802325361929,31.0,S_2090
2024-05-13 17:27:07,-77.31564,7.3230896,-69.24872,162.49425,873.37726,-0.02463747,-11786.271931955369,31.0,S_2090
2024-05-13 17:27:08,-77.37729,7.327484,-69.297676,162.41731,873.37354,-0.031334125,-12025.49342792957,31.0,S_2090
2024-05-13 17:27:09,-77.43878,7.332016,-69.34664,162.34038,873.37726,-0.015057977,-12173.344844218715,31.0,S_2090
2024-05-13 17:27:10,-77.50014,7.336685,-69.40259,162.26344,873.3606,-0.0077747526,-12275.315871263008,31.0,S_2090
2024-05-13 17:27:11,-77.56134,7.3414917,-69.45854,162.18651,873.3624,-0.016665766,-12427.288573671516,31.0,S_2090
2024-05-13 17:27:12,-77.6224,7.3464203,-69.5075,162.10957,873.4458,-0.02483097,-12628.775297027074,31.0,S_2090
2024-05-13 17:27:13,-77.683304,7.351486,-69.556465,162.02563,873.5514,-0.032996174,-12901.458051024225,31.0,S_2090
2024-05-13 17:27:14,-77.74407,7.3567047,-69.61241,161.9487,873.5903,-0.039321247,-13221.53067633664,31.0,S_2090
2024-05-13 17:27:15,-77.80469,7.3620453,-69.668365,161.87177,873.57355,-0.0282007,-13467.912983133958,31.0,S_2090
2024-05-13 17:27:16,-77.86515,7.367523,-69.72432,161.78784,873.5606,-0.0313214,-13715.675323052137,31.0,S_2090
2024-05-13 17:27:17,-77.925476,7.373123,-69.77328,161.70392,873.5625,-0.02297715,-13902.573766475944,31.0,S_2090
2024-05-13 17:27:18,-77.98565,7.3788757,-69.822235,161.62697,873.5718,-0.016973922,-14053.380588644246,31.0,S_2090
2024-05-13 17:27:19,-78.04568,7.3847504,-69.8712,161.54305,873.57544,-0.019081468,-14229.14677632616,31.0,S_2090
2024-05-13 17:27:20,-78.10555,7.3907776,-69.92715,161.46611,873.56433,-0.014368883,-14377.708837851756,31.0,S_2090
2024-05-13 17:27:21,-78.16528,7.396927,-69.9831,161.38219,873.5476,-0.011234956,-14497.446421743956,31.0,S_2090
2024-05-13 17:27:22,-78.22487,7.4032135,-70.03206,161.29825,873.5884,-0.004064695,-14566.534448287175,31.0,S_2090
2024-05-13 17:27:23,-78.28431,7.4096375,-70.08102,161.22131,873.6958,-0.015383772,-14706.767318971297,31.0,S_2090
2024-05-13 17:27:24,-78.3436,7.4161835,-70.12998,161.13739,873.7791,-0.031243749,-14969.501136174018,31.0,S_2090
2024-05-13 17:27:25,-78.40274,7.422882,-70.18593,161.05345,873.7902,-0.046003442,-15308.57618097557,31.0,S_2090
2024-05-13 17:27:26,-78.46174,7.4297028,-70.23489,160.96953,873.76807,-0.04744615,-15684.401391471423,31.0,S_2090
2024-05-13 17:27:27,-78.520584,7.436676,-70.29084,160.8856,873.75696,-0.054141045,-16111.516553800539,31.0,S_2090
2024-05-13 17:27:28,-78.579285,7.4437714,-70.346794,160.80167,873.7625,-0.048174918,-16502.54078620017,31.0,S_2090
2024-05-13 17:27:29,-78.63784,7.451004,-70.40275,160.71074,873.7699,-0.042730432,-16820.970321597983,31.0,S_2090
2024-05-13 17:27:30,-78.69624,7.458374,-70.451706,160.62682,873.76807,-0.02461894,-17003.27152153261,31.0,S_2090
2024-05-13 17:27:31,-78.75451,7.465866,-70.493675,160.5429,873.7477,-0.03343106,-17275.644229093214,31.0,S_2090
2024-05-13 17:27:32,-78.81262,7.4735107,-70.54963,160.45895,873.75323,-0.041967012,-17587.736072860676,31.0,S_2090
2024-05-13 17:27:33,-78.87058,7.4812775,-70.59859,160.37503,873.8329,-0.08154401,-18209.713443340876,31.0,S_2090
2024-05-13 17:27:34,-78.928406,7.4891815,-70.65454,160.2841,873.94025,-0.060904734,-18690.459854868488,31.0,S_2090
2024-05-13 17:27:35,-78.98608,7.497238,-70.71049,160.19318,873.98474,-0.04026546,-18992.18879290027,31.0,S_2090
2024-05-13 17:27:36,-79.043594,7.5054016,-70.75945,160.10925,873.97363,-0.019626183,-19174.53225949844,31.0,S_2090
2024-05-13 17:27:37,-79.100975,7.5137177,-70.8154,160.01833,873.9569,-0.015578996,-19321.065020958467,31.0,S_2090
2024-05-13 17:27:38,-79.1582,7.522171,-70.864365,159.9344,873.96063,-0.016278036,-19468.459714315533,31.0,S_2090
2024-05-13 17:27:39,-79.21529,7.5307617,-70.91332,159.84348,873.95325,-0.0038132274,-19537.018627590238,31.0,S_2090
2024-05-13 17:27:40,-79.27222,7.5394745,-70.96228,159.75255,873.9384,-0.007257687,-19627.519750746047,31.0,S_2090
2024-05-13 17:27:41,-79.32901,7.5483246,-71.01124,159.66164,873.9792,-0.0058406745,-19712.877174325364,31.0,S_2090
2024-05-13 17:27:42,-79.38565,7.557312,-71.06719,159.57071,874.08655,0.0017183886,-19749.3847599649,31.0,S_2090
2024-05-13 17:27:43,-79.44214,7.566437,-71.123146,159.47978,874.16626,0.009277452,-19738.848196262843,31.0,S_2090
2024-05-13 17:27:44,-79.49849,7.575699,-71.172104,159.38885,874.1699,0.015044449,-19687.0271526114,31.0,S_2090
2024-05-13 17:27:45,-79.55469,7.5850983,-71.22106,159.29794,874.14954,0.025105579,-19571.19051329475,31.0,S_2090
2024-05-13 17:27:46,-79.61073,7.5946198,-71.27002,159.20702,874.144,0.041397553,-19318.64774847199,31.0,S_2090
2024-05-13 17:27:47,-79.66664,7.604294,-71.32597,159.1091,874.1514,0.043332506,-19092.584847859995,31.0,S_2090
2024-05-13 17:27:48,-79.7224,7.61409,-71.37493,159.01817,874.1588,0.047428332,-18828.98908607698,31.0,S_2090
2024-05-13 17:27:49,-79.77801,7.6240234,-71.42389,158.92026,874.1569,0.056498688,-18515.097799140298,31.0,S_2090
2024-05-13 17:27:50,-79.833466,7.634094,-71.47285,158.82933,874.13654,0.0009123353,-18553.052691052893,31.0,S_2090
2024-05-13 17:27:51,-79.88879,7.6443024,-71.521805,158.7384,874.14215,0.0039995434,-18570.886544700792,31.0,S_2090
2024-05-13 17:27:52,-79.943954,7.6546326,-71.57076,158.64049,874.2218,0.013086521,-18530.889650438083,31.0,S_2090
2024-05-13 17:27:53,-79.99897,7.6651154,-71.61973,158.54257,874.32916,0.022168664,-18417.3839606288,31.0,S_2090
2024-05-13 17:27:54,-80.05385,7.67572,-71.675674,158.44466,874.3755,0.03164654,-18244.51089151793,31.0,S_2090
2024-05-13 17:27:55,-80.108574,7.6864624,-71.73163,158.35373,874.3644,0.04106395,-18027.777764507995,31.0,S_2090
2024-05-13 17:27:56,-80.163155,7.697342,-71.78059,158.25581,874.344,0.059329256,-17689.90038950997,31.0,S_2090
2024-05-13 17:27:57,-80.21758,7.708359,-71.82955,158.1579,874.34216,0.07759456,-17224.461636103635,31.0,S_2090
2024-05-13 17:27:58,-80.271866,7.719513,-71.87851,158.05298,874.34955,0.062023126,-16870.69189607534,31.0,S_2090
2024-05-13 17:27:59,-80.326004,7.7308044,-71.92747,157.95506,874.3551,0.06203252,-16516.179193536675,31.0,S_2090
2024-05-13 17:28:00,-80.38,7.742218,-71.976425,157.85715,874.34216,0.06436582,-16146.921812872006,31.0,S_2090
2024-05-13 17:28:01,-80.43933,7.7490997,-72.02538,157.75923,874.3274,0.066699125,-15762.94067596353,31.0,S_2090
2024-05-13 17:28:02,-80.49833,7.7562866,-72.07434,157.66132,874.36804,0.06903242,-15309.475623784321,31.0,S_2090
2024-05-13 17:28:03,-80.557,7.763748,-72.130295,157.5564,874.47363,0.069042906,-14869.674171264465,31.0,S_2090
2024-05-13 17:28:04,-80.61533,7.771515,-72.18625,157.45848,874.557,0.049049783,-14597.786346283578,31.0,S_2090
2024-05-13 17:28:05,-80.67333,7.7795715,-72.23521,157.35358,874.5681,0.049063217,-14328.721884427458,31.0,S_2090
2024-05-13 17:28:06,-80.730995,7.7879333,-72.284164,157.25566,874.5477,0.044874366,-14080.01906256086,31.0,S_2090
2024-05-13 17:28:07,-80.78833,7.79657,-72.33312,157.15074,874.5366,0.044891544,-13832.326752046662,31.0,S_2090
2024-05-13 17:28:08,-80.84533,7.8055115,-72.38208,157.04584,874.5403,0.041367494,-13607.721834244356,31.0,S_2090
2024-05-13 17:28:09,-80.902,7.814743,-72.431046,156.94092,874.5477,0.041382268,-13383.235056484416,31.0,S_2090
2024-05-13 17:28:10,-80.95833,7.82428,-72.48,156.83601,874.5459,0.016917732,-13317.940647033312,31.0,S_2090
2024-05-13 17:28:11,-81.01433,7.834091,-72.52896,156.7311,874.53107,0.016938293,-13252.558562422895,31.0,S_2090
2024-05-13 17:28:12,-81.07,7.844208,-72.57792,156.62619,874.5347,-0.020946104,-13447.12887067968,31.0,S_2090
2024-05-13 17:28:13,-81.12533,7.8546143,-72.63387,156.52127,874.5959,-0.020915424,-13631.695087069285,31.0,S_2090
2024-05-13 17:28:14,-81.18033,7.8653107,-72.68283,156.41637,874.68665,-0.06346392,-14137.315035707452,31.0,S_2090
2024-05-13 17:28:15,-81.235,7.8763123,-72.738785,156.30446,874.74585,-0.029542772,-14378.312465716423,31.0,S_2090
2024-05-13 17:28:16,-81.28933,7.8875885,-72.78774,156.19954,874.74774,-0.025014166,-14584.505446061878,31.0,S_2090
2024-05-13 17:28:17,-81.34333,7.89917,-72.8367,156.09464,874.7348,-0.017090127,-14741.455748648317,31.0,S_2090
2024-05-13 17:28:18,-81.396996,7.9110413,-72.88566,155.98273,874.7329,-0.014824621,-14884.261210229171,31.0,S_2090
2024-05-13 17:28:19,-81.45033,7.923218,-72.934616,155.87082,874.7385,-0.033742554,-15147.165287741442,31.0,S_2090
2024-05-13 17:28:20,-81.503334,7.935669,-72.983574,155.76591,874.7422,-0.0646146,-15616.07369965305,31.0,S_2090
2024-05-13 17:28:21,-81.556,7.9484253,-73.03254,155.654,874.7329,-0.037476037,-15907.226778689337,31.0,S_2090
2024-05-13 17:28:22,-81.60833,7.9614716,-73.0815,155.5421,874.7218,-0.03316346,-16174.067845408279,31.0,S_2090
2024-05-13 17:28:23,-81.66033,7.9748077,-73.130455,155.4232,874.75146,-0.03313421,-16437.13989155669,31.0,S_2090
2024-05-13 17:28:24,-81.712,7.988449,-73.17941,155.3113,874.8366,-0.03069281,-16683.067851451073,31.0,S_2090
2024-05-13 17:28:25,-81.76333,8.00238,-73.22837,155.19939,874.92,-0.030663874,-16928.58108438359,31.0,S_2090
2024-05-13 17:28:26,-81.81433,8.016602,-73.27733,155.08748,874.94775,-0.054425012,-17329.237580402405,31.0,S_2090
2024-05-13 17:28:27,-81.865,8.031113,-73.32629,154.97557,874.9348,-0.054388,-17736.102733506188,31.0,S_2090
2024-05-13 17:28:28,-81.91533,8.045914,-73.375244,154.85667,874.92554,-0.06297718,-18192.82451570184,31.0,S_2090
2024-05-13 17:28:29,-81.96533,8.06102,-73.42421,154.74477,874.92926,-0.062940605,-18655.75381806522,31.0,S_2090
2024-05-13 17:28:30,-82.015,8.076416,-73.47317,154.62587,874.93665,-0.035760608,-18938.674726361576,31.0,S_2090
2024-05-13 17:28:31,-82.06433,8.092102,-73.522125,154.50697,874.9348,-0.03573548,-19221.162420689303,31.0,S_2090
2024-05-13 17:28:32,-82.113335,8.108093,-73.57108,154.38806,874.9144,-0.020728571,-19401.368863943106,31.0,S_2090
2024-05-13 17:28:33,-82.161995,8.124359,-73.62004,154.27617,874.9033,-0.02070629,-19582.874323656786,31.0,S_2090
2024-05-13 17:28:34,-82.210335,8.14093,-73.669,154.15726,874.9533,-0.012357246,-19711.428031054405,31.0,S_2090
2024-05-13 17:28:35,-82.25833,8.157791,-73.71796,154.03137,875.0607,-0.0123351095,-19839.05191235467,31.0,S_2090
2024-05-13 17:28:36,-82.306,8.174942,-73.766914,153.91248,875.1385,0.00043266296,-19881.598763130576,31.0,S_2090
2024-05-13 17:28:37,-82.35333,8.192398,-73.80888,153.79356,875.1423,0.00045003067,-19919.476999288476,31.0,S_2090
2024-05-13 17:28:38,-82.40033,8.210144,-73.85784,153.67467,875.1219,0.0006545329,-19960.10213740606,31.0,S_2090
2024-05-13 17:28:39,-82.447,8.22818,-73.9068,153.54877,875.12,0.00067270617,-20001.458711101717,31.0,S_2090
2024-05-13 17:28:40,-82.49333,8.246506,-73.95576,153.42288,875.1293,-0.0036907853,-20072.002222436276,31.0,S_2090
2024-05-13 17:28:41,-82.53933,8.265121,-74.004715,153.29698,875.13293,-0.003670593,-20141.8813440106,31.0,S_2090
2024-05-13 17:28:42,-82.585,8.284042,-74.05368,153.17809,875.12,-0.0032983606,-20208.727425452045,31.0,S_2090
2024-05-13 17:28:43,-82.63033,8.303253,-74.10264,153.05219,875.0996,-0.0029261282,-20273.903898253673,31.0,S_2090
2024-05-13 17:28:44,-82.67533,8.322754,-74.151596,152.9263,875.1126,-0.0071659377,-20367.30121558647,31.0,S_2090
2024-05-13 17:28:45,-82.72,8.34256,-74.200554,152.8004,875.19965,-0.0071399687,-20461.301307379064,31.0,S_2090
2024-05-13 17:28:46,-82.764336,8.36264,-74.24951,152.66751,875.3052,-0.008265217,-20557.550282240365,31.0,S_2090
2024-05-13 17:28:47,-82.808334,8.383026,-74.29147,152.54163,875.3404,-0.0082421675,-20653.634940693177,31.0,S_2090
2024-05-13 17:28:48,-82.852,8.403702,-74.34044,152.41573,875.32556,-0.0046564844,-20727.63695231828,31.0,S_2090
2024-05-13 17:28:49,-82.89533,8.424667,-74.3824,152.28284,875.3163,-0.0046300925,-20803.958981423137,31.0,S_2090
2024-05-13 17:28:50,-82.93833,8.445938,-74.438354,152.14995,875.32,-0.004677265,-20885.225974715766,31.0,S_2090
2024-05-13 17:28:51,-82.980995,8.467499,-74.48731,152.02406,875.3219,-0.0046474957,-20961.715059053487,31.0,S_2090
2024-05-13 17:28:52,-83.02333,8.489349,-74.53627,151.89117,875.32,-0.0038289486,-21031.130538649384,31.0,S_2090
2024-05-13 17:28:53,-83.06533,8.51149,-74.57823,151.75829,875.32556,-0.003804123,-21096.710473387633,31.0,S_2090
2024-05-13 17:28:54,-83.107,8.53392,-74.6202,151.6184,875.32745,0.00025186996,-21137.64210509319,31.0,S_2090
2024-05-13 17:28:55,-83.14833,8.556656,-74.66916,151.4855,875.3163,0.00027815456,-21181.53211264975,31.0,S_2090
2024-05-13 17:28:56,-83.18933,8.579681,-74.71812,151.35262,875.2996,0.0010599896,-21220.103283002092,31.0,S_2090
2024-05-13 17:28:57,-83.229996,8.602997,-74.767075,151.21974,875.3404,-0.0016777259,-21277.184059991298,31.0,S_2090
2024-05-13 17:28:58,-83.27033,8.626617,-74.81603,151.07985,875.4497,-0.0044154413,-21353.762743604882,31.0,S_2090
2024-05-13 17:28:59,-83.31033,8.650513,-74.86499,150.93997,875.5293,-0.0039136847,-21423.92137577941,31.0,S_2090
2024-05-13 17:29:00,-83.35,8.674713,-74.90696,150.80708,875.5311,-0.0034119282,-21488.516160515457,31.0,S_2090
2024-05-13 17:29:01,-83.40072,8.699173,-74.95592,150.6672,875.51074,-0.0033821797,-21557.76085914143,31.0,S_2090
2024-05-13 17:29:02,-83.45073,8.723923,-75.004875,150.52731,875.5071,0.0024410624,-21587.34534980257,31.0,S_2090
2024-05-13 17:29:03,-83.50001,8.748978,-75.05383,150.38744,875.51263,0.0024671268,-21617.873142067016,31.0,S_2090
2024-05-13 17:29:04,-83.54858,8.7743225,-75.0958,150.24055,875.52185,0.019046314,-21543.299562420747,31.0,S_2090
2024-05-13 17:29:05,-83.59642,8.799957,-75.137764,150.10068,875.5182,0.019058406,-21456.160001208154,31.0,S_2090
2024-05-13 17:29:06,-83.64355,8.825897,-75.18672,149.9608,875.4997,0.014121152,-21404.818478025147,31.0,S_2090
2024-05-13 17:29:07,-83.68996,8.852112,-75.23568,149.81392,875.50336,0.014141477,-21354.27160196023,31.0,S_2090
2024-05-13 17:29:08,-83.73564,8.878632,-75.28464,149.66704,875.5867,-0.0011571457,-21407.99712436195,31.0,S_2090
2024-05-13 17:29:09,-83.78061,8.905457,-75.32661,149.52716,875.69415,-0.0011331744,-21456.776565809396,31.0,S_2090
2024-05-13 17:29:10,-83.82486,8.932571,-75.36857,149.38028,875.7312,-0.0059704217,-21540.218705470317,31.0,S_2090
2024-05-13 17:29:11,-83.868385,8.959976,-75.41753,149.2334,875.7145,-0.012171641,-21662.597595972184,31.0,S_2090
2024-05-13 17:29:12,-83.911194,8.987671,-75.459496,149.08653,875.70337,-0.01837286,-21830.646630833733,31.0,S_2090
2024-05-13 17:29:13,-83.953285,9.015671,-75.50845,148.93965,875.7071,-0.018340517,-22004.370359621746,31.0,S_2090
2024-05-13 17:29:14,-83.99466,9.043945,-75.55741,148.78578,875.7108,-0.01573757,-22151.293319550856,31.0,S_2090
2024-05-13 17:29:15,-84.03531,9.07254,-75.59937,148.63191,875.7108,-0.015711397,-22301.465043446547,31.0,S_2090
2024-05-13 17:29:16,-84.07524,9.10141,-75.64834,148.48503,875.7108,-0.0022593397,-22361.78195332743,31.0,S_2090
2024-05-13 17:29:17,-84.114456,9.130585,-75.6903,148.33116,875.7145,-0.0022403973,-22418.867683395867,31.0,S_2090
2024-05-13 17:29:18,-84.15295,9.160049,-75.73226,148.17729,875.7071,0.0068926862,-22417.32592154645,31.0,S_2090
2024-05-13 17:29:19,-84.19072,9.189819,-75.77423,148.01643,875.69415,0.006909128,-22413.32135600435,31.0,S_2090
2024-05-13 17:29:20,-84.227776,9.219864,-75.82319,147.86256,875.72565,-0.0041582678,-22488.580823955694,31.0,S_2090
2024-05-13 17:29:21,-84.26411,9.250214,-75.87215,147.7087,875.80896,-0.0041331556,-22564.030366735264,31.0,S_2090
2024-05-13 17:29:22,-84.29973,9.280869,-75.921104,147.54782,875.89233,-0.012097414,-22687.24178545127,31.0,S_2090
2024-05-13 17:29:23,-84.33462,9.311798,-75.963066,147.39395,875.92004,-0.01206909,-22806.911120254757,31.0,S_2090
2024-05-13 17:29:24,-84.3688,9.343033,-76.005035,147.2331,875.90894,-0.004141811,-22879.12751629712,31.0,S_2090
2024-05-13 17:29:25,-84.40225,9.374573,-76.05399,147.07222,875.90155,-0.004114872,-22952.41312267514,31.0,S_2090
2024-05-13 17:29:26,-84.43499,9.406387,-76.095955,146.91136,875.9034,0.0006293646,-22991.484503054708,31.0,S_2090
2024-05-13 17:29:27,-84.46701,9.438507,-76.137924,146.7435,875.9053,0.00065397733,-23030.914617436894,31.0,S_2090
2024-05-13 17:29:28,-84.49831,9.470917,-76.18688,146.58264,875.9053,0.0051263077,-23045.167369908482,31.0,S_2090
2024-05-13 17:29:29,-84.528885,9.503616,-76.22884,146.42177,875.90894,0.005143786,-23054.839879174644,31.0,S_2090
2024-05-13 17:29:30,-84.55875,9.536621,-76.27081,146.2539,875.9071,0.00943093,-23037.697325147645,31.0,S_2090
2024-05-13 17:29:31,-84.58788,9.569916,-76.312775,146.08606,875.88855,0.009446684,-23015.98988310572,31.0,S_2090
2024-05-13 17:29:32,-84.61631,9.603516,-76.36173,145.92519,875.8775,0.017734967,-22948.269704582337,31.0,S_2090
2024-05-13 17:29:33,-84.64401,9.63739,-76.4037,145.75732,875.9256,0.017750034,-22875.438094664623,31.0,S_2090
2024-05-13 17:29:34,-84.67099,9.67157,-76.44566,145.58247,876.03485,0.04502632,-22604.19998558073,31.0,S_2090
2024-05-13 17:29:35,-84.69725,9.706055,-76.49462,145.41463,876.1127,0.0450293,-22357.01547021349,31.0,S_2090
2024-05-13 17:29:36,-84.72279,9.740814,-76.53659,145.23976,876.1145,0.05187132,-22062.7667810227,31.0,S_2090
2024-05-13 17:29:37,-84.74762,9.775879,-76.57855,145.06491,876.096,0.058713336,-21696.892511713777,31.0,S_2090
2024-05-13 17:29:38,-84.77172,9.8112335,-76.62751,144.89705,876.096,0.06555536,-21317.366482764075,31.0,S_2090
2024-05-13 17:29:39,-84.795105,9.846893,-76.66947,144.7222,876.0997,0.07239737,-20920.173383509486,31.0,S_2090
2024-05-13 17:29:40,-84.81777,9.882828,-76.704445,144.54036,876.0997,0.07923939,-20447.2874729976,31.0,S_2090
2024-05-13 17:29:41,-84.83972,9.919067,-76.746414,144.36551,876.0997,0.07844293,-19973.267280295786,31.0,S_2090
2024-05-13 17:29:42,-84.86095,9.955612,-76.788376,144.18365,876.10345,0.07764647,-19515.73571594977,31.0,S_2090
2024-05-13 17:29:43,-84.881454,9.992432,-76.83034,144.0088,876.10345,0.07685001,-19009.322030091505,31.0,S_2090
2024-05-13 17:29:44,-84.90124,10.029556,-76.879295,143.82695,876.08307,0.07605355,-18557.707836746315,31.0,S_2090
2024-05-13 17:29:45,-84.92031,10.066986,-76.921265,143.64511,876.0886,0.07525709,-18108.4233541405,31.0,S_2090
2024-05-13 17:29:46,-84.93866,10.104691,-76.96323,143.46326,876.17004,0.07446063,-17621.928454290915,31.0,S_2090
2024-05-13 17:29:47,-84.95628,10.1427,-77.012184,143.28142,876.2775,0.073664166,-17227.393595745183,31.0,S_2090
2024-05-13 17:29:48,-84.9732,10.181,-77.04716,143.09956,876.31635,0.07286771,-16783.220290879744,31.0,S_2090
2024-05-13 17:29:49,-84.98939,10.2196045,-77.08912,142.91072,876.29974,0.07207125,-16349.422511359582,31.0,S_2090
2024-05-13 17:29:50,-85.00486,10.258499,-77.13109,142.7219,876.28674,0.07127479,-15921.60660395374,31.0,S_2090
2024-05-13 17:29:51,-85.01961,10.297684,-77.17305,142.53305,876.29047,0.07047833,-15499.683439876993,31.0,S_2090
2024-05-13 17:29:52,-85.03364,10.337158,-77.21502,142.34421,876.296,0.06968187,-15120.508026441687,31.0,S_2090
2024-05-13 17:29:53,-85.04695,10.376938,-77.249985,142.15536,876.296,0.06888541,-14698.385371401138,31.0,S_2090
2024-05-13 17:29:54,-85.05955,10.417007,-77.291954,141.95953,876.2942,0.06808895,-14255.767336561512,31.0,S_2090
2024-05-13 17:29:55,-85.07142,10.457367,-77.34091,141.77069,876.2923,0.06729249,-13852.753367264719,31.0,S_2090
2024-05-13 17:29:56,-85.08257,10.498032,-77.38287,141.57484,876.296,0.06649603,-13487.760467301869,31.0,S_2090
2024-05-13 17:29:57,-85.09301,10.538986,-77.41785,141.37901,876.29785,0.06569957,-13090.564637176838,31.0,S_2090
2024-05-13 17:29:58,-85.10272,10.580231,-77.45981,141.18318,876.29047,0.06490311,-12736.643456240341,31.0,S_2090
2024-05-13 17:29:59,-85.11172,10.621765,-77.49478,140.98735,876.27936,0.06410665,-12343.463678947235,31.0,S_2090
2024-05-13 17:30:00,-85.119995,10.663605,-77.53674,140.78452,876.309,0.06331019,-11960.55708700787,31.0,S_2090
2024-05-13 17:30:01,-85.120094,10.724655,-77.57871,140.58168,876.39417,0.062513724,-11583.723067618579,31.0,S_2090
2024-05-13 17:30:02,-85.11973,10.78537,-77.620674,140.37886,876.4757,0.061717268,-11212.861194169629,31.0,S_2090
2024-05-13 17:30:03,-85.1189,10.845718,-77.662636,140.17603,876.5034,0.06092081,-10847.95460926904,31.0,S_2090
2024-05-13 17:30:04,-85.11759,10.905731,-77.704605,139.9732,876.4923,0.06012435,-10520.154884820498,31.0,S_2090
2024-05-13 17:30:05,-85.11583,10.965408,-77.73958,139.77037,876.4849,0.059327886,-10156.649739237284,31.0,S_2090
2024-05-13 17:30:06,-85.113594,11.024719,-77.78154,139.56055,876.48865,0.058531426,-9840.738449704244,31.0,S_2090
2024-05-13 17:30:07,-85.11089,11.083694,-77.81651,139.35771,876.4905,0.057734966,-9489.22672452833,31.0,S_2090
2024-05-13 17:30:08,-85.10773,11.142319,-77.858475,139.14789,876.48865,0.056938507,-9176.996045267511,31.0,S_2090
2024-05-13 17:30:09,-85.104095,11.200592,-77.89345,138.93806,876.48676,0.056142047,-8838.261746114877,31.0,S_2090
2024-05-13 17:30:10,-85.1,11.25853,-77.93541,138.72824,876.48676,0.055345587,-8530.069221414884,31.0,S_2090
2024-05-13 17:30:11,-85.09543,11.316116,-77.97038,138.51143,876.4905,0.054549128,-8197.594298893688,31.0,S_2090
2024-05-13 17:30:12,-85.09039,11.373352,-78.012344,138.29462,876.4942,0.053752664,-7901.5565004806085,31.0,S_2090
2024-05-13 17:30:13,-85.08489,11.430237,-78.04732,138.07779,876.48303,0.052956205,-7581.086482570521,31.0,S_2090
2024-05-13 17:30:14,-85.078926,11.486786,-78.08928,137.86098,876.46826,0.052159745,-7296.284323143853,31.0,S_2090
2024-05-13 17:30:15,-85.072495,11.542984,-78.12425,137.64417,876.509,0.051363286,-6987.72126751543,31.0,S_2090
2024-05-13 17:30:16,-85.0656,11.598831,-78.166214,137.42734,876.61646,0.050566826,-6707.666973117452,31.0,S_2090
2024-05-13 17:30:17,-85.05823,11.654327,-78.20119,137.20354,876.69604,0.049770366,-6406.004945608602,31.0,S_2090
2024-05-13 17:30:18,-85.05039,11.709488,-78.24315,136.97972,876.69977,0.048973907,-6138.096662644781,31.0,S_2090
2024-05-13 17:30:19,-85.0421,11.7642975,-78.27812,136.7559,876.6794,0.048177443,-5872.655044025567,31.0,S_2090
2024-05-13 17:30:20,-85.033325,11.818756,-78.313095,136.53209,876.67566,0.047380984,-5612.815315267875,31.0,S_2090
2024-05-13 17:30:21,-85.02409,11.872864,-78.34806,136.30829,876.68304,0.046584524,-5329.541277224751,31.0,S_2090
2024-05-13 17:30:22,-85.0144,11.926636,-78.39003,136.07748,876.68494,0.045788065,-5079.0532534503,31.0,S_2090
2024-05-13 17:30:23,-85.00423,11.980057,-78.424995,135.84668,876.68304,0.044991605,-4808.692607512887,31.0,S_2090
2024-05-13 17:30:24,-84.9936,12.033142,-78.466965,135.61586,876.68304,0.044195145,-4569.486176157585,31.0,S_2090
2024-05-13 17:30:25,-84.9825,12.085861,-78.50193,135.38506,876.68304,0.043398682,-4327.414713116559,31.0,S_2090
2024-05-13 17:30:26,-84.97093,12.138245,-78.5369,135.14726,876.68304,0.042602222,-4091.86566919295,31.0,S_2090
2024-05-13 17:30:27,-84.95889,12.190277,-78.57188,134.90945,876.68304,0.041805763,-3862.0060219941806,31.0,S_2090
2024-05-13 17:30:28,-84.946396,12.241959,-78.60684,134.67166,876.6886,0.041009303,-3642.787869824577,31.0,S_2090
2024-05-13 17:30:29,-84.933426,12.293304,-78.641815,134.44086,876.6905,0.040212844,-3418.31704715245,31.0,S_2090
2024-05-13 17:30:30,-84.92,12.344299,-78.67679,134.19606,876.67755,0.039416384,-3186.6124084996554,31.0,S_2090
2024-05-13 17:30:31,-84.9061,12.394943,-78.71875,133.95827,876.6627,0.038619924,-2977.3629376850804,31.0,S_2090
2024-05-13 17:30:32,-84.89173,12.445236,-78.75372,133.71347,876.7034,0.03782346,-2771.751628510683,31.0,S_2090
2024-05-13 17:30:33,-84.87689,12.4951935,-78.78869,133.46867,876.81085,0.037027,-2587.6520184034816,31.0,S_2090
2024-05-13 17:30:34,-84.861595,12.5448,-78.816666,133.22388,876.8905,0.03623054,-2390.354805227362,31.0,S_2090
2024-05-13 17:30:35,-84.845825,12.594055,-78.85164,132.97908,876.8942,0.035434082,-2197.1775986165303,31.0,S_2090
2024-05-13 17:30:36,-84.8296,12.642975,-78.88661,132.7273,876.8739,0.034637623,-2010.551263574991,31.0,S_2090
2024-05-13 17:30:37,-84.8129,12.691528,-78.92158,132.47551,876.8739,0.033841163,-1813.1567463648316,31.0,S_2090
2024-05-13 17:30:38,-84.79573,12.739746,-78.96355,132.22372,876.8794,0.033044703,-1654.70829960618,31.0,S_2090
2024-05-13 17:30:39,-84.7781,12.787613,-78.99152,131.97194,876.8794,0.03224824,-1495.97027351601,31.0,S_2090
2024-05-13 17:30:40,-84.759995,12.835144,-79.0195,131.72014,876.87756,0.03145178,-1325.2674469866251,31.0,S_2090
2024-05-13 17:30:41,-84.74143,12.882324,-79.05447,131.46136,876.87756,0.03065532,-1163.7884418859321,31.0,S_2090
2024-05-13 17:30:42,-84.7224,12.929153,-79.08944,131.20258,876.87756,0.029858861,-1020.5401003403895,31.0,S_2090
2024-05-13 17:30:43,-84.702896,12.975632,-79.11742,130.9438,876.87756,0.029062402,-867.6251450692362,31.0,S_2090
2024-05-13 17:30:44,-84.68293,13.021774,-79.15239,130.68501,876.87756,0.02826594,-723.0087725696503,31.0,S_2090
2024-05-13 17:30:45,-84.6625,13.067566,-79.187355,130.42624,876.8812,0.02746948,-592.0905476703338,31.0,S_2090
2024-05-13 17:30:46,-84.641594,13.113007,-79.21533,130.16046,876.8812,0.02667302,-453.6190857076217,31.0,S_2090
2024-05-13 17:30:47,-84.62023,13.158096,-79.250305,129.89468,876.86646,0.025876561,-323.41130331299064,31.0,S_2090
2024-05-13 17:30:48,-84.5984,13.20285,-79.28527,129.6289,876.8701,0.0250801,-209.29476698261715,31.0,S_2090
2024-05-13 17:30:49,-84.576096,13.247253,-79.31325,129.36313,876.9313,0.02428364,-84.82870787298452,31.0,S_2090
2024-05-13 17:30:50,-84.55333,13.291306,-79.34822,129.09036,877.022,0.02348718,20.902959692117292,31.0,S_2090
2024-05-13 17:30:51,-84.5301,13.335007,-79.3762,128.81758,877.0831,0.022690719,133.19589911573712,31.0,S_2090
2024-05-13 17:30:52,-84.50639,13.378372,-79.41117,128.54482,877.0831,0.02189426,239.9316916219468,31.0,S_2090
2024-05-13 17:30:53,-84.48223,13.421387,-79.44614,128.26506,877.0702,0.0210978,321.7001381614027,31.0,S_2090
2024-05-13 17:30:54,-84.457596,13.46405,-79.46712,127.99228,877.0702,0.02030134,411.193808029333,31.0,S_2090
2024-05-13 17:30:55,-84.432495,13.506378,-79.495094,127.71951,877.07385,0.019504879,503.4214330147006,31.0,S_2090
2024-05-13 17:30:56,-84.40693,13.54834,-79.53007,127.43975,877.07385,0.018708419,586.7629532196879,31.0,S_2090
2024-05-13 17:30:57,-84.3809,13.589966,-79.56504,127.15998,877.072,0.01791196,659.3599691969866,31.0,S_2090
2024-05-13 17:30:58,-84.35439,13.631256,-79.59302,126.87322,877.072,0.017115498,722.440431383031,31.0,S_2090
2024-05-13 17:30:59,-84.32743,13.67218,-79.614,126.586464,877.072,0.016319038,792.9183881433491,31.0,S_2090
2024-05-13 17:31:00,-84.299995,13.712769,-79.64897,126.3067,877.072,0.015522579,855.8379056577032,31.0,S_2090
2024-05-13 17:31:01,-84.26283,13.750778,-79.68394,126.01994,877.072,0.014726118,906.3328317583291,31.0,S_2090
2024-05-13 17:31:02,-84.225525,13.788498,-79.711914,125.733185,877.07385,0.013929659,953.8290045657632,31.0,S_2090
2024-05-13 17:31:03,-84.18806,13.8259735,-79.73989,125.44643,877.07385,0.013133198,993.3590947397388,31.0,S_2090
2024-05-13 17:31:04,-84.15044,13.863159,-79.76087,125.15267,877.072,0.0123367375,1033.273028978154,31.0,S_2090
2024-05-13 17:31:05,-84.11267,13.90007,-79.78885,124.85892,877.072,0.011540278,1067.0816803628259,31.0,S_2090
2024-05-13 17:31:06,-84.074745,13.936722,-79.816826,124.558174,877.0776,0.010743817,1093.3659369522575,31.0,S_2090
2024-05-13 17:31:07,-84.03667,13.973099,-79.8448,124.26442,877.0757,0.009947358,1116.4295526841524,31.0,S_2090
2024-05-13 17:31:08,-83.998436,14.009201,-79.87278,123.96368,877.0553,0.009150897,1132.219703056071,31.0,S_2090
2024-05-13 17:31:09,-83.96006,14.045044,-79.90076,123.66992,877.0461,0.008354437,1144.6364801209565,31.0,S_2090
2024-05-13 17:31:10,-83.921524,14.080612,-79.928734,123.36917,877.09424,0.007557977,1150.9328372194796,31.0,S_2090
2024-05-13 17:31:11,-83.882835,14.1158905,-79.95671,123.06843,877.2016,0.006761517,1150.60301175715,31.0,S_2090
2024-05-13 17:31:12,-83.843994,14.150925,-79.97769,122.76069,877.2794,0.005965057,1146.3689621622689,31.0,S_2090
2024-05-13 17:31:13,-83.805,14.185669,-79.99867,122.45294,877.28314,0.0051685963,1138.7130259924888,31.0,S_2090
2024-05-13 17:31:14,-83.765854,14.220154,-80.02665,122.1452,877.26465,0.004372136,1123.7812961557065,31.0,S_2090
2024-05-13 17:31:15,-83.726555,14.254349,-80.05463,121.83746,877.26276,0.0035756761,1103.5832200693694,31.0,S_2090
2024-05-13 17:31:16,-83.6871,14.288284,-80.0826,121.529724,877.2683,0.002779216,1078.4747187036119,31.0,S_2090
2024-05-13 17:31:17,-83.6475,14.32196,-80.11058,121.21499,877.2702,0.0019827557,1046.3447219358713,31.0,S_2090
2024-05-13 17:31:18,-83.60774,14.355347,-80.13156,120.90724,877.2683,0.0011862956,1012.0931200885607,31.0,S_2090
2024-05-13 17:31:19,-83.56783,14.3884735,-80.15254,120.59251,877.2665,0.00038983554,972.0818748160527,31.0,S_2090
2024-05-13 17:31:20,-83.52777,14.421326,-80.18052,120.27778,877.2665,-0.00040662463,925.0800551307257,31.0,S_2090
2024-05-13 17:31:21,-83.48756,14.453903,-80.2015,119.95605,877.2683,-0.0012030848,874.0928624985245,31.0,S_2090
2024-05-13 17:31:22,-83.44719,14.486221,-80.22249,119.64131,877.2683,-0.001999545,818.6884503666734,31.0,S_2090
2024-05-13 17:31:23,-83.40667,14.5182495,-80.24347,119.31958,877.2665,-0.002796005,757.3894524678471,31.0,S_2090
2024-05-13 17:31:24,-83.366,14.550018,-80.26445,118.99785,877.2665,-0.0035924653,691.0407326361892,31.0,S_2090
2024-05-13 17:31:25,-83.325165,14.581512,-80.28543,118.676125,877.2683,-0.0043889256,619.1231043061271,31.0,S_2090
2024-05-13 17:31:26,-83.28419,14.612747,-80.30641,118.3474,877.2683,-0.0051853857,539.6493482403166,31.0,S_2090
2024-05-13 17:31:27,-83.24306,14.643692,-80.33439,118.01868,877.2665,-0.005981846,455.15654449495923,31.0,S_2090
2024-05-13 17:31:28,-83.201775,14.674377,-80.35537,117.68995,877.26465,-0.006778306,367.21984537531534,31.0,S_2090
2024-05-13 17:31:29,-83.16033,14.704788,-80.37636,117.36123,877.2683,-0.00675005,279.66113727698394,31.0,S_2090
2024-05-13 17:31:30,-83.118744,14.734924,-80.39734,117.03251,877.27386,-0.0022752283,221.614009801684,31.0,S_2090
2024-05-13 17:31:31,-83.077,14.764801,-80.41832,116.70378,877.26276,-0.0022506535,163.59228674360202,31.0,S_2090
2024-05-13 17:31:32,-83.0351,14.794403,-80.4393,116.368065,877.2479,-0.0060721873,79.486218603226,31.0,S_2090
2024-05-13 17:31:33,-82.99306,14.82373,-80.46028,116.03235,877.2868,-0.00605369,-4.307310435862746,31.0,S_2090
2024-05-13 17:31:34,-82.95086,14.852783,-80.48127,115.69663,877.39246,-0.0044414005,-76.19797784688126,31.0,S_2090
2024-05-13 17:31:35,-82.9085,14.881561,-80.495255,115.360916,877.4776,-0.0028291112,-136.27921341894398,31.0,S_2090
2024-05-13 17:31:36,-82.866,14.91008,-80.50925,115.02519,877.4887,-0.001216822,-186.4295351401379,31.0,S_2090
2024-05-13 17:31:37,-82.82333,14.938324,-80.53023,114.68249,877.4665,-0.001195584,-238.4766978152038,31.0,S_2090
2024-05-13 17:31:38,-82.780525,14.966293,-80.55121,114.339775,877.4573,0.001447753,-272.6732066836339,31.0,S_2090
2024-05-13 17:31:39,-82.73756,14.993988,-80.57219,113.99706,877.46094,0.00409109,-289.0849770948771,31.0,S_2090
2024-05-13 17:31:40,-82.69444,15.021423,-80.59317,113.65435,877.4628,0.0056664124,-295.50950684049894,31.0,S_2090
2024-05-13 17:31:41,-82.65117,15.048584,-80.60716,113.30464,877.4628,0.005677224,-302.118260604002,31.0,S_2090
2024-05-13 17:31:42,-82.60774,15.07547,-80.62115,112.96193,877.46094,0.007637647,-292.6148406267166,31.0,S_2090
2024-05-13 17:31:43,-82.56417,15.102081,-80.642136,112.61223,877.4628,0.0076479977,-286.7484960589136,31.0,S_2090
2024-05-13 17:31:44,-82.52044,15.128433,-80.65612,112.26252,877.4628,0.0109450715,-258.19903499536304,31.0,S_2090
2024-05-13 17:31:45,-82.476555,15.154495,-80.670105,111.91281,877.4628,0.010958212,-229.58557883711183,31.0,S_2090
2024-05-13 17:31:46,-82.432526,15.180298,-80.6841,111.56311,877.4628,0.014278738,-177.6283519386052,31.0,S_2090
2024-05-13 17:31:47,-82.388336,15.205841,-80.69808,111.206406,877.4628,0.016132139,-116.23833345770981,31.0,S_2090
2024-05-13 17:31:48,-82.343994,15.231094,-80.712074,110.856705,877.4628,0.017985538,-35.83241009534686,31.0,S_2090
2024-05-13 17:31:49,-82.2995,15.256088,-80.733055,110.5,877.4628,0.019889448,51.17786094533949,31.0,S_2090
2024-05-13 17:31:50,-82.25486,15.280792,-80.74705,110.1433,877.4628,0.021793358,148.59846026965533,31.0,S_2090
2024-05-13 17:31:51,-82.21006,15.305252,-80.754036,109.786606,877.4628,0.021801367,249.95563962393499,31.0,S_2090
2024-05-13 17:31:52,-82.16511,15.329422,-80.76803,109.4299,877.4628,0.018606441,333.47111264442356,31.0,S_2090
2024-05-13 17:31:53,-82.12,15.3533325,-80.78901,109.073204,877.4628,0.015411514,392.70760522825003,31.0,S_2090
2024-05-13 17:31:54,-82.074745,15.376953,-80.80299,108.70951,877.46094,0.012216588,427.4367608397806,31.0,S_2090
2024-05-13 17:31:55,-82.029335,15.400314,-80.80999,108.35281,877.46094,0.01816491,506.6147209496412,31.0,S_2090
2024-05-13 17:31:56,-81.98377,15.423416,-80.82398,107.98912,877.4628,0.024113232,620.8140870186835,31.0,S_2090
2024-05-13 17:31:57,-81.93806,15.446228,-80.83797,107.632416,877.4683,0.024130534,738.7242036082971,31.0,S_2090
2024-05-13 17:31:58,-81.89219,15.4687805,-80.85196,107.26872,877.4665,0.04842109,1010.3603300562827,31.0,S_2090
2024-05-13 17:31:59,-81.84617,15.491058,-80.85895,106.90503,877.4461,0.05473263,1337.6199268359123,31.0,S_2090
2024-05-13 17:32:00,-81.799995,15.513062,-80.87294,106.53434,877.4498,0.061044168,1698.2011327972868,31.0,S_2090
2024-05-13 17:32:01,-81.74966,15.530045,-80.886925,106.17065,877.5332,0.061034746,2058.172216836807,31.0,S_2090
2024-05-13 17:32:02,-81.699295,15.546921,-80.89392,105.79996,877.64056,0.051711876,2356.178336896104,31.0,S_2090
2024-05-13 17:32:03,-81.64892,15.56369,-80.90092,105.42927,877.6776,0.046837017,2616.091350333292,31.0,S_2090
2024-05-13 17:32:04,-81.598526,15.580338,-80.907906,105.065575,877.66095,0.04196216,2850.2577154830287,31.0,S_2090
2024-05-13 17:32:05,-81.54812,15.596878,-80.9149,104.69489,877.64984,0.04198336,3083.60896705505,31.0,S_2090
2024-05-13 17:32:06,-81.497696,15.613312,-80.9219,104.3242,877.6517,0.034712944,3269.519783462798,31.0,S_2090
2024-05-13 17:32:07,-81.44726,15.629639,-80.93588,103.96051,877.6572,0.034739126,3455.2059196271803,31.0,S_2090
2024-05-13 17:32:08,-81.3968,15.6458435,-80.94288,103.58982,877.6572,0.027615337,3597.0039088557896,31.0,S_2090
2024-05-13 17:32:09,-81.34632,15.661957,-80.949875,103.212135,877.6572,0.027645208,3734.743411902462,31.0,S_2090
2024-05-13 17:32:10,-81.29583,15.677948,-80.95686,102.841446,877.6572,0.025799066,3861.1090306690676,31.0,S_2090
2024-05-13 17:32:11,-81.24532,15.693832,-80.96386,102.470764,877.6572,0.025825225,3990.7292464004786,31.0,S_2090
2024-05-13 17:32:12,-81.19479,15.70961,-80.970856,102.09308,877.6572,0.022820156,4096.678081607948,31.0,S_2090
2024-05-13 17:32:13,-81.14426,15.7252655,-80.97785,101.72239,877.6572,0.02284039,4205.292284489078,31.0,S_2090
2024-05-13 17:32:14,-81.0937,15.740814,-80.97785,101.34471,877.6572,0.022585532,4309.87163209686,31.0,S_2090
2024-05-13 17:32:15,-81.04312,15.756256,-80.98484,100.97402,877.6572,0.023311084,4422.600661198609,31.0,S_2090
2024-05-13 17:32:16,-80.99253,15.771591,-80.99184,100.59634,877.6572,0.024036637,4538.25965697725,31.0,S_2090
2024-05-13 17:32:17,-80.941925,15.786819,-80.99184,100.21866,877.6572,0.024044612,4652.222748496766,31.0,S_2090
2024-05-13 17:32:18,-80.8913,15.801926,-80.99883,99.84797,877.6572,0.027187977,4790.656919501547,31.0,S_2090
2024-05-13 17:32:19,-80.84065,15.816925,-81.00583,99.47028,877.6572,0.027194995,4928.273881702982,31.0,S_2090
2024-05-13 17:32:20,-80.79,15.831818,-81.01282,99.092606,877.6572,0.024597004,5048.6036891815165,31.0,S_2090
2024-05-13 17:32:21,-80.73932,15.846603,-81.01981,98.71492,877.6572,0.023136275,5158.19160722728,31.0,S_2090
2024-05-13 17:32:22,-80.68863,15.861282,-81.01981,98.33724,877.6572,0.021675546,5258.131034269711,31.0,S_2090
2024-05-13 17:32:23,-80.637924,15.875839,-81.01981,97.95956,877.6572,0.020214817,5349.450053054832,31.0,S_2090
2024-05-13 17:32:24,-80.5872,15.890289,-81.01282,97.58188,877.6572,0.018754086,5430.102610609829,31.0,S_2090
2024-05-13 17:32:25,-80.53645,15.904633,-81.01282,97.20419,877.6572,0.017293356,5502.051173569103,31.0,S_2090
2024-05-13 17:32:26,-80.485695,15.918869,-81.01981,96.82651,877.6572,0.015832627,5564.49653798998,31.0,S_2090
2024-05-13 17:32:27,-80.43492,15.932983,-81.02681,96.44883,877.6572,0.014371898,5616.650929444491,31.0,S_2090
2024-05-13 17:32:28,-80.38413,15.946991,-81.02681,96.071144,877.6572,0.012911169,5658.971551510389,31.0,S_2090
2024-05-13 17:32:29,-80.33332,15.960892,-81.02681,95.69347,877.6572,0.01145044,5691.711166564899,31.0,S_2090
2024-05-13 17:32:30,-80.2825,15.974686,-81.02681,95.31578,877.6572,0.00998971,5716.563553598498,31.0,S_2090
2024-05-13 17:32:31,-80.23166,15.988373,-81.01981,94.93111,877.6572,0.00852898,5728.987403151179,31.0,S_2090
2024-05-13 17:32:32,-80.1808,16.001938,-81.01981,94.55342,877.6572,0.0070682513,5732.477110635635,31.0,S_2090
2024-05-13 17:32:33,-80.12992,16.015404,-81.01282,94.18274,877.6572,0.0056075216,5727.482866263126,31.0,S_2090
2024-05-13 17:32:34,-80.07903,16.028748,-81.01981,93.80505,877.6572,0.0041467925,5712.792399856451,31.0,S_2090
2024-05-13 17:32:35,-80.02812,16.041992,-81.01981,93.427376,877.6572,0.0026860628,5688.048717130128,31.0,S_2090
2024-05-13 17:32:36,-79.977196,16.055122,-81.01981,93.04969,877.6572,0.0012253335,5653.785130932585,31.0,S_2090
2024-05-13 17:32:37,-79.926254,16.068138,-81.01282,92.672005,877.6572,-0.00023539591,5609.269148506588,31.0,S_2090
2024-05-13 17:32:38,-79.8753,16.081055,-81.00583,92.29433,877.6572,-0.0016961254,5555.02767717703,31.0,S_2090
2024-05-13 17:32:39,-79.824326,16.09385,-80.99883,91.91664,877.6572,-0.0031568548,5491.198738603671,31.0,S_2090
2024-05-13 17:32:40,-79.77333,16.106544,-80.99883,91.53896,877.6572,-0.004617584,5418.748575612153,31.0,S_2090
2024-05-13 17:32:41,-79.72232,16.119125,-80.99184,91.168274,877.6554,-0.0060783136,5336.0934830157785,31.0,S_2090
2024-05-13 17:32:42,-79.6713,16.131592,-80.98484,90.79059,877.6554,-0.0075390427,5242.88575046468,31.0,S_2090
2024-05-13 17:32:43,-79.620255,16.143951,-80.97785,90.41291,877.66095,-0.008999772,5140.330551075749,31.0,S_2090
2024-05-13 17:32:44,-79.5692,16.156204,-80.97785,90.035225,877.6591,-0.009387413,5036.71522726235,31.0,S_2090
2024-05-13 17:32:45,-79.51813,16.168343,-80.970856,89.664536,877.63873,-0.009775053,4929.302927384822,31.0,S_2090
2024-05-13 17:32:46,-79.46703,16.180367,-80.96386,89.28686,877.62946,-0.010162693,4820.20615950194,31.0,S_2090
2024-05-13 17:32:47,-79.415924,16.192291,-80.96386,88.91617,877.6776,-0.010550334,4709.765934322597,31.0,S_2090
2024-05-13 17:32:48,-79.3648,16.204102,-80.95686,88.54548,877.78687,-0.010937974,4595.838318565133,31.0,S_2090
2024-05-13 17:32:49,-79.31366,16.215797,-80.949875,88.17479,877.8647,-0.0113256145,4476.365866161999,31.0,S_2090
2024-05-13 17:32:50,-79.2625,16.227386,-80.93588,87.79711,877.8665,-0.011713254,4355.387217954987,31.0,S_2090
2024-05-13 17:32:51,-79.21133,16.238861,-80.928894,87.42642,877.848,-0.012100895,4235.046210021552,31.0,S_2090
2024-05-13 17:32:52,-79.16013,16.250237,-80.9219,87.06273,877.848,-0.012488536,4111.392539740911,31.0,S_2090
2024-05-13 17:32:53,-79.108925,16.26149,-80.9149,86.69204,877.8517,-0.012876175,3984.3520442076333,31.0,S_2090
2024-05-13 17:32:54,-79.0577,16.272644,-80.907906,86.32135,877.8536,-0.013263816,3854.7013454168045,31.0,S_2090
2024-05-13 17:32:55,-79.006454,16.283676,-80.90092,85.95066,877.8517,-0.013244891,3724.8599250933985,31.0,S_2090
2024-05-13 17:32:56,-78.9552,16.29461,-80.886925,85.58697,877.8517,-0.0058334377,3644.413678177414,31.0,S_2090
2024-05-13 17:32:57,-78.90392,16.305428,-80.87993,85.223274,877.8517,-0.00582265,3564.364523137774,31.0,S_2090
2024-05-13 17:32:58,-78.85263,16.316132,-80.865944,84.85958,877.8517,-0.0047674337,3489.4457238006726,31.0,S_2090
2024-05-13 17:32:59,-78.80132,16.326729,-80.85196,84.48889,877.8517,-0.004754969,3414.99443228553,31.0,S_2090
2024-05-13 17:33:00,-78.75,16.33722,-80.84496,84.1252,877.8517,-0.0057938406,3334.9829507662507,31.0,S_2090
2024-05-13 17:33:01,-78.69759,16.345718,-80.83097,83.761505,877.8517,-0.0055875476,3254.9604505316165,31.0,S_2090
2024-05-13 17:33:02,-78.6452,16.35418,-80.816986,83.39781,877.8517,-0.0053812545,3176.875063851192,31.0,S_2090
2024-05-13 17:33:03,-78.592834,16.362587,-80.80299,83.041115,877.8517,-0.0053676106,3098.9098547067115,31.0,S_2090
2024-05-13 17:33:04,-78.54049,16.370949,-80.78901,82.67742,877.8517,-0.007990839,3004.6467579159216,31.0,S_2090
2024-05-13 17:33:05,-78.48816,16.379265,-80.78201,82.32072,877.8517,-0.007972798,2911.6726447138426,31.0,S_2090
2024-05-13 17:33:06,-78.43585,16.387535,-80.77502,81.95702,877.8517,-0.0063836677,2826.7576644336077,31.0,S_2090
2024-05-13 17:33:07,-78.38356,16.39576,-80.754036,81.60033,877.8517,-0.0063648825,2741.0933315807997,31.0,S_2090
2024-05-13 17:33:08,-78.33129,16.403938,-80.74005,81.24363,877.8517,0.00084533973,2704.543290794958,31.0,S_2090
2024-05-13 17:33:09,-78.27904,16.412064,-80.71907,80.89392,877.8517,0.008055562,2714.7820906418056,31.0,S_2090
2024-05-13 17:33:10,-78.22681,16.42015,-80.70508,80.537224,877.8517,0.015265784,2769.5582072791512,31.0,S_2090
2024-05-13 17:33:11,-78.17459,16.428185,-80.69808,80.187515,877.8517,0.022476006,2875.9194550817992,31.0,S_2090
2024-05-13 17:33:12,-78.1224,16.436172,-80.6841,79.83781,877.8517,0.023406524,2986.92045850827,31.0,S_2090
2024-05-13 17:33:13,-78.07023,16.444122,-80.670105,79.488106,877.8517,0.024337042,3109.828129147165,31.0,S_2090
2024-05-13 17:33:14,-78.018074,16.452019,-80.649124,79.1384,877.8517,0.02228566,3217.425405351656,31.0,S_2090
2024-05-13 17:33:15,-77.965935,16.45987,-80.62814,78.78869,877.8517,0.020234281,3306.6491244018034,31.0,S_2090
2024-05-13 17:33:16,-77.91382,16.467674,-80.61416,78.43899,877.8517,0.0181829,3382.0554571839384,31.0,S_2090
2024-05-13 17:33:17,-77.861725,16.475433,-80.60017,78.096275,877.8517,0.016131518,3448.92049281903,31.0,S_2090
2024-05-13 17:33:18,-77.80965,16.483139,-80.579185,77.75356,877.8517,0.014080139,3500.415346851878,31.0,S_2090
2024-05-13 17:33:19,-77.75759,16.490807,-80.558205,77.41085,877.8517,0.0120287575,3538.263627090244,31.0,S_2090
2024-05-13 17:33:20,-77.70556,16.49842,-80.537224,77.06814,877.8517,0.009977377,3560.0901409422295,31.0,S_2090
2024-05-13 17:33:21,-77.653534,16.505997,-80.52323,76.725426,877.8517,0.007925997,3572.3660756174504,31.0,S_2090
2024-05-13 17:33:22,-77.60154,16.51352,-80.50225,76.38271,877.8517,0.0058746156,3566.8693879941275,31.0,S_2090
2024-05-13 17:33:23,-77.54956,16.520996,-80.48826,76.047,877.8517,0.003823235,3550.9665944221197,31.0,S_2090
2024-05-13 17:33:24,-77.4976,16.528435,-80.47427,75.71128,877.8517,0.0017718541,3522.3754535359185,31.0,S_2090
2024-05-13 17:33:25,-77.445656,16.53582,-80.45329,75.375565,877.8517,-0.00027952663,3478.14227265965,31.0,S_2090
2024-05-13 17:33:26,-77.39374,16.54316,-80.43231,75.03985,877.8517,-0.0023309074,3419.715068016005,31.0,S_2090
2024-05-13 17:33:27,-77.341835,16.550446,-80.404335,74.71112,877.8517,-0.004382288,3346.6438298846406,31.0,S_2090
2024-05-13 17:33:28,-77.289955,16.557693,-80.38335,74.375404,877.8517,-0.006784794,3259.494413225053,31.0,S_2090
2024-05-13 17:33:29,-77.23809,16.564896,-80.362366,74.046684,877.8517,-0.006762811,3173.115186847739,31.0,S_2090
2024-05-13 17:33:30,-77.18625,16.572044,-80.341385,73.71796,877.8517,-0.00447265,3102.261366484672,31.0,S_2090
2024-05-13 17:33:31,-77.13443,16.579155,-80.320404,73.39623,877.8517,-0.002182489,3046.6508471582492,31.0,S_2090
2024-05-13 17:33:32,-77.08262,16.586212,-80.29942,73.067505,877.8517,-0.0055499733,2968.59577036681,31.0,S_2090
2024-05-13 17:33:33,-77.03084,16.593224,-80.278435,72.74578,877.8517,-0.008917457,2866.390074442548,31.0,S_2090
2024-05-13 17:33:34,-76.97907,16.600197,-80.250465,72.42405,877.8517,-0.012284942,2742.6519756205744,31.0,S_2090
2024-05-13 17:33:35,-76.92732,16.607117,-80.22948,72.10232,877.8517,-0.015652426,2598.915400275466,31.0,S_2090
2024-05-13 17:33:36,-76.8756,16.61399,-80.208496,71.78059,877.8517,-0.01901991,2432.8945948829714,31.0,S_2090
2024-05-13 17:33:37,-76.82389,16.620811,-80.187515,71.45886,877.8517,-0.022387395,2247.2869645716055,31.0,S_2090
2024-05-13 17:33:38,-76.7722,16.627594,-80.166534,71.14413,877.8517,-0.025754878,2040.4065168008601,31.0,S_2090
2024-05-13 17:33:39,-76.720535,16.63433,-80.14555,70.82939,877.8517,-0.025711685,1825.1273918828083,31.0,S_2090
2024-05-13 17:33:40,-76.66889,16.641014,-80.11758,70.514656,877.8517,-0.018240731,1657.871959101809,31.0,S_2090
2024-05-13 17:33:41,-76.617256,16.64766,-80.0896,70.19992,877.8517,-0.010769778,1542.4818376695548,31.0,S_2090
2024-05-13 17:33:42,-76.56565,16.654251,-80.06162,69.89218,877.8517,-0.0018745541,1487.3151187701078,31.0,S_2090
2024-05-13 17:33:43,-76.51406,16.660805,-80.033646,69.584435,877.8517,-0.0036683893,1421.18024811754,31.0,S_2090
2024-05-13 17:33:44,-76.46249,16.667305,-80.012665,69.276695,877.8517,-0.0054622246,1345.8938386282389,31.0,S_2090
2024-05-13 17:33:45,-76.410934,16.67376,-79.99168,68.968956,877.8517,-0.0072560594,1256.628760657899,31.0,S_2090
2024-05-13 17:33:46,-76.359406,16.680168,-79.9637,68.66122,877.8517,-0.009049895,1156.686212354929,31.0,S_2090
2024-05-13 17:33:47,-76.30789,16.686531,-79.94272,68.360466,877.8517,-0.01084373,1039.3222988860944,31.0,S_2090
2024-05-13 17:33:48,-76.2564,16.69284,-79.90775,68.05273,877.8517,-0.012637565,915.3023122870145,31.0,S_2090
2024-05-13 17:33:49,-76.204926,16.699112,-79.886765,67.75897,877.8517,-0.0144314,779.9077577783246,31.0,S_2090
2024-05-13 17:33:50,-76.15347,16.705338,-79.85879,67.45823,877.8517,-0.016225236,630.9174700906005,31.0,S_2090
2024-05-13 17:33:51,-76.102036,16.71151,-79.83082,67.164474,877.8517,-0.01801907,468.36592169941287,31.0,S_2090
2024-05-13 17:33:52,-76.05062,16.717644,-79.80284,66.86373,877.8517,-0.019812906,295.11009171748447,31.0,S_2090
2024-05-13 17:33:53,-75.99923,16.723724,-79.774864,66.56998,877.8517,-0.021606741,113.0327888680622,31.0,S_2090
2024-05-13 17:33:54,-75.94785,16.72976,-79.74689,66.28322,877.8517,-0.023400577,-75.41927266489802,31.0,S_2090
2024-05-13 17:33:55,-75.89649,16.735748,-79.72591,65.98946,877.8517,-0.025194412,-281.9060223884444,31.0,S_2090
2024-05-13 17:33:56,-75.84515,16.741692,-79.69793,65.69571,877.8517,-0.026988247,-511.1276682283424,31.0,S_2090
2024-05-13 17:33:57,-75.79384,16.74759,-79.66296,65.40895,877.8517,-0.02878208,-755.3019365802102,31.0,S_2090
2024-05-13 17:33:58,-75.74254,16.75344,-79.62798,65.12219,877.8517,-0.030575916,-996.3002752201501,31.0,S_2090
2024-05-13 17:33:59,-75.69126,16.75924,-79.600006,64.84243,877.8517,-0.03236975,-1245.8577102328782,31.0,S_2090
2024-05-13 17:34:00,-75.64,16.765,-79.57203,64.56267,877.8517,-0.034163587,-1511.7274345767291,31.0,S_2090
2024-05-13 17:34:01,-75.58859,16.770103,-79.54406,64.27591,877.8517,-0.035957422,-1796.8558183036075,31.0,S_2090
2024-05-13 17:34:02,-75.53722,16.775185,-79.50909,64.003136,877.8517,-0.037751257,-2084.998020712301,31.0,S_2090
2024-05-13 17:34:03,-75.48586,16.780235,-79.48111,63.72337,877.8517,-0.039545093,-2383.2889477102435,31.0,S_2090
2024-05-13 17:34:04,-75.43453,16.785263,-79.45313,63.443607,877.8517,-0.025786132,-2589.1500723152494,31.0,S_2090
2024-05-13 17:34:05,-75.38323,16.790268,-79.425156,63.170837,877.8517,-0.025746638,-2797.6323268793203,31.0,S_2090
2024-05-13 17:34:06,-75.33195,16.795242,-79.39718,62.89107,877.8517,-0.019464675,-2971.715428741598,31.0,S_2090
2024-05-13 17:34:07,-75.28069,16.800186,-79.362206,62.6183,877.84985,-0.019425657,-3145.7388008939524,31.0,S_2090
2024-05-13 17:34:08,-75.22947,16.805115,-79.32724,62.352524,877.848,-0.017423917,-3307.9452354031164,31.0,S_2090
2024-05-13 17:34:09,-75.17826,16.810005,-79.29227,62.079754,877.8554,-0.017384728,-3455.5296752273935,31.0,S_2090
2024-05-13 17:34:10,-75.12708,16.81488,-79.271286,61.813976,877.8665,-0.013649945,-3584.7200357143447,31.0,S_2090
2024-05-13 17:34:11,-75.07593,16.819725,-79.23631,61.548203,877.83685,-0.013616368,-3712.421443355357,31.0,S_2090
2024-05-13 17:34:12,-75.024796,16.824547,-79.208336,61.289417,877.7517,-0.009717088,-3822.173178267032,31.0,S_2090
2024-05-13 17:34:13,-74.973694,16.829338,-79.166374,61.023643,877.6684,-0.009688011,-3934.051759554568,31.0,S_2090
2024-05-13 17:34:14,-74.922615,16.834106,-79.1314,60.757866,877.64056,-0.0044986308,-4005.2347598316555,31.0,S_2090
2024-05-13 17:34:15,-74.87156,16.838844,-79.103424,60.499084,877.65356,-0.00447594,-4074.5050015429006,31.0,S_2090
2024-05-13 17:34:16,-74.82053,16.84356,-79.06846,60.240303,877.66095,-0.0006492041,-4121.074045153044,31.0,S_2090
2024-05-13 17:34:17,-74.76953,16.848251,-79.033485,59.988514,877.6572,-0.0006283252,-4166.661556549152,31.0,S_2090
2024-05-13 17:34:18,-74.71855,16.852913,-79.00551,59.729733,877.6554,0.0023773627,-4190.175080367,31.0,S_2090
2024-05-13 17:34:19,-74.667595,16.857552,-78.970535,59.477943,877.6572,0.0023940983,-4215.959202144542,31.0,S_2090
2024-05-13 17:34:20,-74.61667,16.86216,-78.93557,59.226154,877.6572,0.0038381484,-4232.135051874211,31.0,S_2090
2024-05-13 17:34:21,-74.56576,16.866745,-78.9006,58.97437,877.6572,0.0038528042,-4248.220778750168,31.0,S_2090
2024-05-13 17:34:22,-74.514885,16.871307,-78.86562,58.72258,877.6572,0.003385026,-4267.857928579564,31.0,S_2090
2024-05-13 17:34:23,-74.46403,16.87584,-78.83066,58.477787,877.6572,0.0033986396,-4288.153959360985,31.0,S_2090
2024-05-13 17:34:24,-74.4132,16.88034,-78.80268,58.23299,877.6572,0.0052688294,-4291.477342426158,31.0,S_2090
2024-05-13 17:34:25,-74.3624,16.884827,-78.76771,57.988197,877.6572,0.0052800192,-4297.885017202178,31.0,S_2090
2024-05-13 17:34:26,-74.311615,16.889282,-78.73274,57.743404,877.6572,0.008221868,-4280.753446333969,31.0,S_2090
2024-05-13 17:34:27,-74.260864,16.893707,-78.69077,57.498608,877.6572,0.008232219,-4271.756111901726,31.0,S_2090
2024-05-13 17:34:28,-74.21013,16.89811,-78.65581,57.26081,877.6572,0.006583669,-4269.5198259405515,31.0,S_2090
2024-05-13 17:34:29,-74.15943,16.902489,-78.620834,57.02301,877.6572,0.006593747,-4270.058117018845,31.0,S_2090
2024-05-13 17:34:30,-74.10875,16.906837,-78.59286,56.78521,877.6572,0.005362088,-4272.504161341851,31.0,S_2090
2024-05-13 17:34:31,-74.0581,16.911163,-78.557884,56.54741,877.6572,0.004130429,-4286.7866470441,31.0,S_2090
2024-05-13 17:34:32,-74.00746,16.915466,-78.52292,56.316605,877.6572,0.007252068,-4275.714947898981,31.0,S_2090
2024-05-13 17:34:33,-73.95686,16.919739,-78.48095,56.078804,877.6572,0.007264827,-4273.016535634815,31.0,S_2090
2024-05-13 17:34:34,-73.90628,16.92398,-78.445984,55.848,877.6572,0.008923067,-4251.041172189056,31.0,S_2090
2024-05-13 17:34:35,-73.85573,16.928207,-78.404015,55.61719,877.6572,0.008933842,-4237.82595985847,31.0,S_2090
2024-05-13 17:34:36,-73.8052,16.932396,-78.36904,55.393383,877.6572,0.0062024374,-4237.1592894449495,31.0,S_2090
2024-05-13 17:34:37,-73.75469,16.93657,-78.334076,55.162575,877.6572,0.0062127216,-4237.1021809471495,31.0,S_2090
2024-05-13 17:34:38,-73.704216,16.940712,-78.2991,54.93177,877.6572,0.00036094093,-4275.279363406953,31.0,S_2090
2024-05-13 17:34:39,-73.65376,16.944824,-78.26413,54.70796,877.6572,0.0003773598,-4312.523601540983,31.0,S_2090
2024-05-13 17:34:40,-73.60333,16.948921,-78.22217,54.491142,877.6572,-0.0019284219,-4368.426982586396,31.0,S_2090
2024-05-13 17:34:41,-73.552925,16.95298,-78.18021,54.26733,877.6572,-0.001906177,-4424.022465865528,31.0,S_2090
2024-05-13 17:34:42,-73.50255,16.957024,-78.14523,54.043518,877.6572,0.0043223593,-4433.895035360139,31.0,S_2090
2024-05-13 17:34:43,-73.452194,16.961037,-78.10327,53.819706,877.6572,0.0043385453,-4449.787822129983,31.0,S_2090
2024-05-13 17:34:44,-73.40186,16.96502,-78.0683,53.602886,877.6572,0.007631387,-4437.622599460716,31.0,S_2090
2024-05-13 17:34:45,-73.35156,16.968987,-78.02634,53.393066,877.6572,0.0076427283,-4431.039572262729,31.0,S_2090
2024-05-13 17:34:46,-73.301285,16.972916,-77.99136,53.176247,877.6572,0.0077287583,-4417.210748393394,31.0,S_2090
2024-05-13 17:34:47,-73.25103,16.97683,-77.9494,52.95943,877.6572,0.0077372408,-4411.639199995479,31.0,S_2090
2024-05-13 17:34:48,-73.2008,16.980713,-77.91443,52.749607,877.6572,0.008706879,-4391.270583246995,31.0,S_2090
2024-05-13 17:34:49,-73.1506,16.984566,-77.87246,52.539783,877.6572,0.008716447,-4378.748109168417,31.0,S_2090
2024-05-13 17:34:50,-73.10042,16.988396,-77.837494,52.32996,877.6572,0.008519499,-4359.531899951129,31.0,S_2090
2024-05-13 17:34:51,-73.05026,16.992203,-77.795525,52.120136,877.6572,0.008528495,-4343.714148768682,31.0,S_2090
2024-05-13 17:34:52,-73.00013,16.99598,-77.75356,51.910313,877.6572,0.008977452,-4330.514249209147,31.0,S_2090
2024-05-13 17:34:53,-72.95003,16.999733,-77.71859,51.70748,877.6572,0.00898418,-4311.813340653789,31.0,S_2090
2024-05-13 17:34:54,-72.89995,17.003464,-77.683624,51.49766,877.6572,0.009764226,-4284.994874301825,31.0,S_2090
2024-05-13 17:34:55,-72.84989,17.007164,-77.641655,51.29483,877.6572,0.009773112,-4262.067900808579,31.0,S_2090
2024-05-13 17:34:56,-72.799866,17.010834,-77.59969,51.098995,877.65356,0.009613889,-4238.272548653542,31.0,S_2090
2024-05-13 17:34:57,-72.74986,17.014488,-77.55773,50.896168,877.6554,0.009623764,-4215.043857261044,31.0,S_2090
2024-05-13 17:34:58,-72.69988,17.018112,-77.51576,50.693336,877.6684,0.0036050691,-4233.021985220759,31.0,S_2090
2024-05-13 17:34:59,-72.649925,17.021706,-77.4738,50.4975,877.6646,0.003621066,-4251.607046688601,31.0,S_2090
2024-05-13 17:35:00,-72.6,17.025276,-77.43883,50.294674,877.6036,-0.0023471417,-4305.757299468343,31.0,S_2090
2024-05-13 17:35:01,-72.54961,17.02835,-77.396866,50.09884,877.5109,-0.0023278568,-4362.465772207674,31.0,S_2090
2024-05-13 17:35:02,-72.49925,17.03141,-77.3549,49.909996,877.45166,-0.00046412193,-4406.3277392882665,31.0,S_2090
2024-05-13 17:35:03,-72.44894,17.034462,-77.312935,49.71416,877.45166,-0.0004474079,-4450.768226057742,31.0,S_2090
2024-05-13 17:35:04,-72.39867,17.037498,-77.270966,49.52532,877.4646,0.0022466728,-4477.654838931572,31.0,S_2090
2024-05-13 17:35:05,-72.348434,17.040535,-77.236,49.329483,877.4646,0.0022597131,-4500.616415170094,31.0,S_2090
2024-05-13 17:35:06,-72.29825,17.043556,-77.19403,49.140644,877.46094,0.0047077183,-4510.334293384272,31.0,S_2090
2024-05-13 17:35:07,-72.2481,17.04657,-77.15207,48.9518,877.46094,0.004718186,-4517.790010733312,31.0,S_2090
2024-05-13 17:35:08,-72.198,17.049568,-77.10311,48.769955,877.4628,0.008401832,-4510.324097401062,31.0,S_2090
2024-05-13 17:35:09,-72.147934,17.052559,-77.06814,48.581116,877.4628,0.008408626,-4491.682331291398,31.0,S_2090
2024-05-13 17:35:10,-72.097916,17.055542,-77.02618,48.392273,877.4628,0.010121434,-4466.499263949081,31.0,S_2090
2024-05-13 17:35:11,-72.047935,17.05851,-76.98421,48.210426,877.4628,0.010126587,-4439.267472192645,31.0,S_2090
2024-05-13 17:35:12,-71.998,17.061478,-76.942245,48.021584,877.4628,0.010112805,-4408.151991663639,31.0,S_2090
2024-05-13 17:35:13,-71.948105,17.06443,-76.89329,47.839737,877.4628,0.010122277,-4385.780955982438,31.0,S_2090
2024-05-13 17:35:14,-71.89825,17.067368,-76.851326,47.65789,877.4628,0.0058314963,-4388.591282633723,31.0,S_2090
2024-05-13 17:35:15,-71.848434,17.070297,-76.80936,47.48304,877.4628,0.005841287,-4392.997689403637,31.0,S_2090
2024-05-13 17:35:16,-71.79867,17.07322,-76.77438,47.301193,877.4628,0.0023527613,-4414.560457586282,31.0,S_2090
2024-05-13 17:35:17,-71.74894,17.076134,-76.73242,47.12634,877.4628,0.002366356,-4439.092183760804,31.0,S_2090
2024-05-13 17:35:18,-71.69925,17.07904,-76.69046,46.951485,877.4628,0.00413412,-4449.728461720639,31.0,S_2090
2024-05-13 17:35:19,-71.649605,17.081932,-76.6415,46.776634,877.4628,0.004147688,-4466.451273127343,31.0,S_2090
2024-05-13 17:35:20,-71.6,17.084808,-76.59953,46.60178,877.4628,0.0052693645,-4472.088450672563,31.0,S_2090
2024-05-13 17:35:21,-71.55044,17.087685,-76.55757,46.426926,877.4628,0.0052792616,-4474.561793705085,31.0,S_2090
2024-05-13 17:35:22,-71.500916,17.090546,-76.50861,46.252075,877.4628,0.008123559,-4466.293017381038,31.0,S_2090
2024-05-13 17:35:23,-71.45144,17.0934,-76.466644,46.084217,877.4628,0.008130504,-4453.459404062567,31.0,S_2090
2024-05-13 17:35:24,-71.402,17.096245,-76.42468,45.91636,877.4628,0.009971773,-4427.457053064609,31.0,S_2090
2024-05-13 17:35:25,-71.35261,17.099075,-76.38271,45.741505,877.4628,0.0099791065,-4397.430707895997,31.0,S_2090
2024-05-13 17:35:26,-71.30325,17.101898,-76.333755,45.573647,877.46094,0.008859731,-4384.673809618711,31.0,S_2090
2024-05-13 17:35:27,-71.25394,17.104706,-76.291794,45.41278,877.4628,0.008866039,-4366.198335105379,31.0,S_2090
2024-05-13 17:35:28,-71.204666,17.107513,-76.24983,45.244923,877.4646,0.010760854,-4331.02193248945,31.0,S_2090
2024-05-13 17:35:29,-71.15544,17.110306,-76.20087,45.084057,877.4628,0.010766977,-4303.952905108577,31.0,S_2090
2024-05-13 17:35:30,-71.10625,17.113083,-76.158905,44.9162,877.4573,0.013368338,-4256.766201508697,31.0,S_2090
2024-05-13 17:35:31,-71.057106,17.11586,-76.11694,44.74834,877.45905,0.013369787,-4211.180833774917,31.0,S_2090
2024-05-13 17:35:32,-71.008,17.118622,-76.074974,44.587475,877.4776,0.013057477,-4160.5671402031,31.0,S_2090
2024-05-13 17:35:33,-70.95894,17.121376,-76.02602,44.433605,877.4739,0.012745167,-4121.2800032291125,31.0,S_2090
2024-05-13 17:35:34,-70.90992,17.124115,-75.984055,44.27274,877.39056,0.01172357,-4085.2509439469795,31.0,S_2090
2024-05-13 17:35:35,-70.86094,17.126854,-75.942085,44.111877,877.285,0.011726508,-4049.1326573500846,31.0,S_2090
2024-05-13 17:35:36,-70.812004,17.129578,-75.90012,43.95101,877.24615,0.011845547,-4006.554931141167,31.0,S_2090
2024-05-13 17:35:37,-70.76311,17.132286,-75.851166,43.797142,877.26276,0.0118500525,-3965.6782359612407,31.0,S_2090
2024-05-13 17:35:38,-70.71425,17.134987,-75.80221,43.636276,877.27576,0.015506944,-3901.5586875704103,31.0,S_2090
2024-05-13 17:35:39,-70.665436,17.13768,-75.75325,43.482407,877.272,0.015507434,-3847.9190453047268,31.0,S_2090
2024-05-13 17:35:40,-70.61667,17.140366,-75.71128,43.33553,877.2665,0.015814412,-3774.307949846363,31.0,S_2090
2024-05-13 17:35:41,-70.56794,17.143036,-75.66232,43.174664,877.2665,0.01612139,-3717.3494033807947,31.0,S_2090
2024-05-13 17:35:42,-70.51925,17.145706,-75.62036,43.027786,877.2683,0.015603443,-3656.201469490552,31.0,S_2090
2024-05-13 17:35:43,-70.470604,17.148354,-75.57839,42.873917,877.2683,0.015601915,-3597.671815462367,31.0,S_2090
2024-05-13 17:35:44,-70.422005,17.151001,-75.53643,42.72704,877.2665,0.017072406,-3526.9640841165237,31.0,S_2090
2024-05-13 17:35:45,-70.373436,17.153633,-75.49446,42.57317,877.2665,0.017071255,-3448.7089459260023,31.0,S_2090
2024-05-13 17:35:46,-70.32492,17.156258,-75.4455,42.426292,877.2683,0.017294627,-3372.070760691917,31.0,S_2090
2024-05-13 17:35:47,-70.276436,17.158867,-75.396545,42.27942,877.2683,0.0172931,-3295.327562039245,31.0,S_2090
2024-05-13 17:35:48,-70.228004,17.161476,-75.34759,42.13254,877.2683,0.019110046,-3217.5454145426193,31.0,S_2090
2024-05-13 17:35:49,-70.1796,17.16407,-75.305626,41.985664,877.2683,0.019056117,-3124.509382441982,31.0,S_2090
2024-05-13 17:35:50,-70.13125,17.166649,-75.25667,41.838787,877.2683,0.019002188,-3047.120584307748,31.0,S_2090
2024-05-13 17:35:51,-70.08294,17.169228,-75.2147,41.691914,877.2665,0.018948259,-2944.612491683205,31.0,S_2090
2024-05-13 17:35:52,-70.03467,17.171791,-75.158745,41.55203,877.2665,0.01889433,-2870.922918241282,31.0,S_2090
2024-05-13 17:35:53,-69.98644,17.17434,-75.11678,41.405155,877.2683,0.018840402,-2792.6483040092353,31.0,S_2090
2024-05-13 17:35:54,-69.938255,17.176888,-75.074814,41.26527,877.2683,0.018786473,-2702.4378193832235,31.0,S_2090
2024-05-13 17:35:55,-69.89011,17.17942,-75.025856,41.12539,877.26276,0.018732544,-2616.4539673439285,31.0,S_2090
2024-05-13 17:35:56,-69.842,17.181946,-74.9769,40.985508,877.26465,0.018678615,-2530.7152270032457,31.0,S_2090
2024-05-13 17:35:57,-69.79394,17.184456,-74.92794,40.845623,877.285,0.018624686,-2456.576277384658,31.0,S_2090
2024-05-13 17:35:58,-69.74592,17.186958,-74.88598,40.70574,877.29425,0.018570757,-2378.6384691909407,31.0,S_2090
2024-05-13 17:35:59,-69.69794,17.189453,-74.84401,40.56586,877.24615,0.018516827,-2279.847312782491,31.0,S_2090
2024-05-13 17:36:00,-69.65,17.19194,-74.788055,40.432972,877.13684,0.018462898,-2198.455013359475,31.0,S_2090
2024-05-13 17:36:01,-69.60235,17.194359,-74.7391,40.29309,877.06085,0.018408969,-2127.5971584753643,31.0,S_2090
2024-05-13 17:36:02,-69.55473,17.19677,-74.697136,40.160202,877.0572,0.018355042,-2052.2719273910698,31.0,S_2090
2024-05-13 17:36:03,-69.50715,17.199165,-74.655174,40.027313,877.0757,0.018301113,-1965.8530955444585,31.0,S_2090
2024-05-13 17:36:04,-69.4596,17.201561,-74.60621,39.894424,877.0776,0.018247183,-1883.729427709266,31.0,S_2090
2024-05-13 17:36:05,-69.41209,17.203949,-74.55725,39.761536,877.072,0.018193254,-1790.0793235217934,31.0,S_2090
2024-05-13 17:36:06,-69.3646,17.206322,-74.5013,39.628647,877.072,0.018139325,-1723.6389084521506,31.0,S_2090
2024-05-13 17:36:07,-69.317154,17.208694,-74.459335,39.49576,877.07385,0.018085396,-1638.225350323606,31.0,S_2090
2024-05-13 17:36:08,-69.26974,17.211052,-74.41038,39.362873,877.07385,0.018031467,-1570.5824097482546,31.0,S_2090
2024-05-13 17:36:09,-69.22235,17.21341,-74.36841,39.236977,877.072,0.017977538,-1485.0234959308145,31.0,S_2090
2024-05-13 17:36:10,-69.175,17.215752,-74.31945,39.10409,877.072,0.01792361,-1406.629611453427,31.0,S_2090
2024-05-13 17:36:11,-69.127686,17.218086,-74.27049,38.978195,877.072,0.017869681,-1325.622185638662,31.0,S_2090
2024-05-13 17:36:12,-69.0804,17.22042,-74.221535,38.845306,877.072,0.017815752,-1247.7444656640218,31.0,S_2090
2024-05-13 17:36:13,-69.03315,17.22274,-74.17258,38.719414,877.072,0.017761823,-1169.4630969047284,31.0,S_2090
2024-05-13 17:36:14,-68.98593,17.225052,-74.12362,38.59352,877.072,0.017707894,-1091.4387402687717,31.0,S_2090
2024-05-13 17:36:15,-68.93875,17.227356,-74.07466,38.467625,877.072,0.017653964,-1015.8198818636956,31.0,S_2090
2024-05-13 17:36:16,-68.8916,17.229652,-74.0257,38.348724,877.07385,0.017600035,-948.5682550603742,31.0,S_2090
2024-05-13 17:36:17,-68.84448,17.231941,-73.983734,38.22283,877.07385,0.017546106,-878.139859817551,31.0,S_2090
2024-05-13 17:36:18,-68.7974,17.234222,-73.94177,38.09694,877.072,0.017492177,-799.2486034420072,31.0,S_2090
2024-05-13 17:36:19,-68.75035,17.236496,-73.892815,37.97804,877.06647,0.01743825,-721.886431705112,31.0,S_2090
2024-05-13 17:36:20,-68.70333,17.238762,-73.84386,37.852142,877.0776,0.01738432,-636.1268151687473,31.0,S_2090
2024-05-13 17:36:21,-68.65635,17.24102,-73.7879,37.733242,877.09424,0.017330391,-565.5346297887882,31.0,S_2090
2024-05-13 17:36:22,-68.6094,17.24327,-73.738945,37.614346,877.05164,0.017276462,-488.9253798249556,31.0,S_2090
2024-05-13 17:36:23,-68.562485,17.245506,-73.68998,37.48845,876.9443,0.017222533,-415.42475828056195,31.0,S_2090
2024-05-13 17:36:24,-68.5156,17.247742,-73.64102,37.36955,876.86456,0.017168604,-341.5282865025292,31.0,S_2090
2024-05-13 17:36:25,-68.46875,17.24997,-73.592064,37.25065,876.86273,0.017114675,-267.89720681035396,31.0,S_2090
2024-05-13 17:36:26,-68.421936,17.252182,-73.543106,37.131752,876.8831,0.017060746,-196.6303706502149,31.0,S_2090
2024-05-13 17:36:27,-68.37515,17.254395,-73.49415,37.019844,876.88495,0.017006816,-122.8741454025294,31.0,S_2090
2024-05-13 17:36:28,-68.3284,17.256592,-73.44519,36.900944,876.8794,0.016952889,-52.144598951483204,31.0,S_2090
2024-05-13 17:36:29,-68.281685,17.25879,-73.39623,36.78904,876.87756,0.01689896,21.081890760302485,31.0,S_2090
2024-05-13 17:36:30,-68.235,17.260971,-73.347275,36.67014,876.87756,0.01684503,91.288472432876,31.0,S_2090
2024-05-13 17:36:31,-68.18835,17.263145,-73.29831,36.55823,876.8794,0.016791102,163.97955982577696,31.0,S_2090
2024-05-13 17:36:32,-68.14173,17.265312,-73.24935,36.43933,876.87756,0.016737172,233.63679125015915,31.0,S_2090
2024-05-13 17:36:33,-68.095146,17.267479,-73.20039,36.327427,876.87756,0.016683243,303.6748965019142,31.0,S_2090
2024-05-13 17:36:34,-68.0486,17.26963,-73.151436,36.215523,876.87756,0.016629314,373.4449541835129,31.0,S_2090
2024-05-13 17:36:35,-68.00208,17.271774,-73.10248,36.103615,876.87756,0.016575385,442.94425563891855,31.0,S_2090
2024-05-13 17:36:36,-67.9556,17.27391,-73.05352,35.99171,876.87756,0.016521456,512.1757011488153,31.0,S_2090
2024-05-13 17:36:37,-67.90915,17.27604,-73.00456,35.879803,876.87756,0.016467528,581.1362286603035,31.0,S_2090
2024-05-13 17:36:38,-67.86273,17.27816,-72.955605,35.7679,876.87756,0.0164136,649.8403374197369,31.0,S_2090
2024-05-13 17:36:39,-67.81635,17.280273,-72.90664,35.65599,876.87756,0.01635967,716.2034677233896,31.0,S_2090
2024-05-13 17:36:40,-67.77,17.282372,-72.85768,35.55108,876.8794,0.01630574,784.9995813637652,31.0,S_2090
2024-05-13 17:36:41,-67.72369,17.28447,-72.80872,35.439175,876.87756,0.016251812,852.8811202541765,31.0,S_2090
2024-05-13 17:36:42,-67.6774,17.28656,-72.759766,35.32727,876.8739,0.016197883,918.4304593888519,31.0,S_2090
2024-05-13 17:36:43,-67.63115,17.288643,-72.71081,35.22236,876.8812,0.016143953,984.3491265361736,31.0,S_2090
2024-05-13 17:36:44,-67.58493,17.29071,-72.66185,35.117447,876.8942,0.016090024,1049.9936400792576,31.0,S_2090
2024-05-13 17:36:45,-67.53875,17.292778,-72.61289,35.012535,876.86273,0.016036097,1115.3641260999866,31.0,S_2090
2024-05-13 17:36:46,-67.4926,17.29483,-72.563934,34.907623,876.77936,0.015982168,1182.5457801066077,31.0,S_2090
2024-05-13 17:36:47,-67.44648,17.296883,-72.51497,34.795715,876.69604,0.015928239,1246.7231355617114,31.0,S_2090
2024-05-13 17:36:48,-67.4004,17.29892,-72.46601,34.690804,876.6683,0.01587431,1311.2709937642503,31.0,S_2090
2024-05-13 17:36:49,-67.35435,17.300957,-72.41705,34.58589,876.6794,0.01582038,1386.1120788624394,31.0,S_2090
2024-05-13 17:36:50,-67.308334,17.302979,-72.3611,34.48098,876.6868,0.015766451,1454.670394397559,31.0,S_2090
2024-05-13 17:36:51,-67.26235,17.304993,-72.305145,34.383064,876.68494,0.015712522,1514.8784932059207,31.0,S_2090
2024-05-13 17:36:52,-67.2164,17.307,-72.25619,34.278152,876.68304,0.015658593,1576.3511058425356,31.0,S_2090
2024-05-13 17:36:53,-67.17048,17.308998,-72.20723,34.180233,876.68304,0.015604665,1640.1793735325336,31.0,S_2090
2024-05-13 17:36:54,-67.124596,17.310997,-72.15827,34.07532,876.68304,0.015550735,1701.0955678214304,31.0,S_2090
2024-05-13 17:36:55,-67.07875,17.31298,-72.109314,33.977406,876.68304,0.015496806,1764.3716779625684,31.0,S_2090
2024-05-13 17:36:56,-67.03293,17.314957,-72.060356,33.872494,876.68304,0.015442878,1824.7332767652406,31.0,S_2090
2024-05-13 17:36:57,-66.98715,17.316917,-72.0114,33.774574,876.68304,0.015388949,1885.4498598685095,31.0,S_2090
2024-05-13 17:36:58,-66.9414,17.318878,-71.96244,33.67666,876.68304,0.01533502,1958.0702866102802,31.0,S_2090
2024-05-13 17:36:59,-66.89568,17.320831,-71.90649,33.571747,876.68494,0.0152810905,2023.7351588343663,31.0,S_2090
2024-05-13 17:37:00,-66.85,17.322777,-71.85053,33.473827,876.68304,0.015227161,2077.530212630605,31.0,S_2090
2024-05-13 17:37:01,-66.804184,17.3246,-71.801575,33.382904,876.6794,0.015173233,2137.779372881778,31.0,S_2090
2024-05-13 17:37:02,-66.75841,17.326424,-71.75262,33.28499,876.6868,0.015119304,2197.1288562703558,31.0,S_2090
2024-05-13 17:37:03,-66.71268,17.328247,-71.70365,33.18707,876.69977,0.015065375,2256.1818164360448,31.0,S_2090
2024-05-13 17:37:04,-66.66698,17.330055,-71.65469,33.089153,876.6683,0.015011446,2325.0615596934294,31.0,S_2090
2024-05-13 17:37:05,-66.621315,17.331863,-71.59874,32.991234,876.58496,0.014957517,2377.4486920469644,31.0,S_2090
2024-05-13 17:37:06,-66.5757,17.333672,-71.54978,32.90031,876.50165,0.014903588,2446.3177121227855,31.0,S_2090
2024-05-13 17:37:07,-66.53012,17.335472,-71.49383,32.802395,876.4738,0.014849659,2500.0728338712506,31.0,S_2090
2024-05-13 17:37:08,-66.48457,17.337265,-71.44487,32.704475,876.4849,0.01479573,2555.8186702142993,31.0,S_2090
2024-05-13 17:37:09,-66.43907,17.339058,-71.39591,32.613552,876.4923,0.014741802,2613.838890208717,31.0,S_2090
2024-05-13 17:37:10,-66.39361,17.34085,-71.346954,32.515636,876.4905,0.0146878725,2669.0207028242803,31.0,S_2090
2024-05-13 17:37:11,-66.34818,17.342628,-71.298,32.424713,876.48865,0.014633943,2724.5456840097686,31.0,S_2090
2024-05-13 17:37:12,-66.302795,17.344414,-71.24904,32.33379,876.48865,0.014580014,2779.7882231281765,31.0,S_2090
2024-05-13 17:37:13,-66.257454,17.346184,-71.20008,32.242863,876.48865,0.014526085,2844.641908951766,31.0,S_2090
2024-05-13 17:37:14,-66.21214,17.347954,-71.14413,32.15194,876.48865,0.014472157,2904.965533639559,31.0,S_2090
2024-05-13 17:37:15,-66.16687,17.349724,-71.08817,32.061016,876.48865,0.014418228,2945.7195106932413,31.0,S_2090
2024-05-13 17:37:16,-66.12164,17.351486,-71.04621,31.970095,876.48865,0.014364298,3004.0569923281946,31.0,S_2090
2024-05-13 17:37:17,-66.076454,17.353241,-70.997246,31.879171,876.48865,0.014310369,3067.5960903198793,31.0,S_2090
2024-05-13 17:37:18,-66.031296,17.354996,-70.9413,31.788248,876.4905,0.014256441,3126.6198078007146,31.0,S_2090
2024-05-13 17:37:19,-65.98618,17.356743,-70.885345,31.697323,876.48865,0.014202512,3173.840590799955,31.0,S_2090
2024-05-13 17:37:20,-65.94111,17.35849,-70.83639,31.613394,876.4849,0.014148583,3227.4622551161956,31.0,S_2090
2024-05-13 17:37:21,-65.89607,17.36023,-70.78742,31.52247,876.4923,0.014094654,3278.3237125006053,31.0,S_2090
2024-05-13 17:37:22,-65.851074,17.361961,-70.738464,31.438541,876.5034,0.014040724,3331.3636199907924,31.0,S_2090
2024-05-13 17:37:23,-65.806114,17.363693,-70.68951,31.347618,876.4738,0.013986796,3392.9679436541337,31.0,S_2090
2024-05-13 17:37:24,-65.7612,17.365417,-70.63355,31.256695,876.3886,0.013932867,3438.760649566553,31.0,S_2090
2024-05-13 17:37:25,-65.71632,17.367142,-70.584595,31.172766,876.3071,0.013878938,3498.6679219621074,31.0,S_2090
2024-05-13 17:37:26,-65.67148,17.368866,-70.52864,31.088837,876.27936,0.013825009,3555.694601585972,31.0,S_2090
2024-05-13 17:37:27,-65.62667,17.370575,-70.47269,30.997911,876.29047,0.01377108,3610.1018371648897,31.0,S_2090
2024-05-13 17:37:28,-65.58191,17.372284,-70.41674,30.913982,876.29785,0.013717151,3646.29338297667,31.0,S_2090
2024-05-13 17:37:29,-65.537186,17.373993,-70.37477,30.830053,876.2942,0.013663222,3699.7247264102843,31.0,S_2090
2024-05-13 17:37:30,-65.4925,17.375694,-70.32581,30.746124,876.2923,0.013609293,3748.6457871325765,31.0,S_2090
2024-05-13 17:37:31,-65.44785,17.377388,-70.276855,30.662195,876.2942,0.013555365,3808.2568177790163,31.0,S_2090
2024-05-13 17:37:32,-65.403244,17.379082,-70.2209,30.571272,876.2942,0.0135014355,3861.0296968621406,31.0,S_2090
2024-05-13 17:37:33,-65.35867,17.380768,-70.16495,30.487343,876.2942,0.013447506,3912.523777553608,31.0,S_2090
2024-05-13 17:37:34,-65.31414,17.382454,-70.10899,30.410406,876.2942,0.013393577,3956.6917653556666,31.0,S_2090
2024-05-13 17:37:35,-65.26965,17.384132,-70.060036,30.326477,876.2942,0.013339648,4013.3271447878215,31.0,S_2090
2024-05-13 17:37:36,-65.2252,17.38581,-70.00408,30.242548,876.2942,0.01328572,4054.568729970357,31.0,S_2090
2024-05-13 17:37:37,-65.180786,17.387482,-69.955124,30.165613,876.296,0.013231791,4102.1062267636735,31.0,S_2090
2024-05-13 17:37:38,-65.136406,17.389145,-69.906166,30.081684,876.2923,0.013177861,4157.754955310149,31.0,S_2090
2024-05-13 17:37:39,-65.09207,17.390808,-69.85021,29.997753,876.29047,0.013123932,4208.84271650303,31.0,S_2090
2024-05-13 17:37:40,-65.047775,17.392471,-69.79426,29.913824,876.29785,0.013070004,4248.9352194508465,31.0,S_2090
2024-05-13 17:37:41,-65.00352,17.39412,-69.7453,29.83689,876.309,0.013016075,4293.581243378452,31.0,S_2090
2024-05-13 17:37:42,-64.9593,17.395767,-69.69634,29.759954,876.27936,0.012962146,4339.68070333232,31.0,S_2090
2024-05-13 17:37:43,-64.915115,17.397415,-69.647385,29.676025,876.1942,0.012908217,4392.111472379853,31.0,S_2090
2024-05-13 17:37:44,-64.87098,17.399055,-69.59143,29.599089,876.1127,0.012854287,4440.581764106697,31.0,S_2090
2024-05-13 17:37:45,-64.82687,17.400696,-69.53548,29.522154,876.0849,0.012800359,4490.297539284882,31.0,S_2090
2024-05-13 17:37:46,-64.78281,17.402328,-69.47952,29.438225,876.096,0.01274643,4528.662077844601,31.0,S_2090
2024-05-13 17:37:47,-64.738785,17.403954,-69.430565,29.36129,876.10345,0.012692501,4571.579335960836,31.0,S_2090
2024-05-13 17:37:48,-64.6948,17.405579,-69.38161,29.284355,876.0997,0.012638572,4614.205593751372,31.0,S_2090
2024-05-13 17:37:49,-64.65085,17.407196,-69.33265,29.207418,876.0979,0.012584643,4665.258838893373,31.0,S_2090
2024-05-13 17:37:50,-64.60694,17.408813,-69.276695,29.130484,876.0997,0.012530714,4711.74224194698,31.0,S_2090
2024-05-13 17:37:51,-64.56307,17.410423,-69.22074,29.053549,876.0997,0.012476785,4749.261708745515,31.0,S_2090
2024-05-13 17:37:52,-64.51924,17.412025,-69.17178,28.976614,876.0997,0.012422856,4790.731370898553,31.0,S_2090
2024-05-13 17:37:53,-64.47545,17.413628,-69.122826,28.899677,876.10156,0.012368928,4831.9082113948825,31.0,S_2090
2024-05-13 17:37:54,-64.4317,17.41523,-69.07387,28.822742,876.10156,0.012314999,4881.303353708005,31.0,S_2090
2024-05-13 17:37:55,-64.387985,17.416817,-69.017914,28.745808,876.0979,0.012261069,4924.663225970427,31.0,S_2090
2024-05-13 17:37:56,-64.34431,17.418411,-68.96196,28.675867,876.0941,0.01220714,4969.754366899404,31.0,S_2090
2024-05-13 17:37:57,-64.300674,17.41999,-68.906006,28.59893,876.1052,0.012153211,5005.532245549526,31.0,S_2090
2024-05-13 17:37:58,-64.25707,17.42157,-68.85705,28.521996,876.12006,0.012099283,5043.63556541405,31.0,S_2090
2024-05-13 17:37:59,-64.21352,17.42315,-68.80809,28.452055,876.0793,0.012045354,5091.969773633711,31.0,S_2090
2024-05-13 17:38:00,-64.17,17.42472,-68.75214,28.37512,875.9719,0.0119914245,5133.671320978996,31.0,S_2090
2024-05-13 17:38:01,-64.12676,17.426285,-68.69618,28.305178,875.89233,0.011937495,5177.08971871715,31.0,S_2090
2024-05-13 17:38:02,-64.08356,17.427841,-68.640236,28.228243,875.88855,0.011883567,5209.80375251385,31.0,S_2090
2024-05-13 17:38:03,-64.04038,17.42939,-68.59127,28.158302,875.90894,0.011829638,5255.334567411439,31.0,S_2090
2024-05-13 17:38:04,-63.997242,17.430939,-68.535324,28.088362,875.91266,0.011775709,5296.306932671054,31.0,S_2090
2024-05-13 17:38:05,-63.95413,17.43248,-68.47937,28.01842,875.9053,0.01172178,5330.351153326112,31.0,S_2090
2024-05-13 17:38:06,-63.91105,17.434021,-68.43041,27.941484,875.9034,0.011667851,5367.762571021354,31.0,S_2090
2024-05-13 17:38:07,-63.867996,17.435555,-68.38145,27.86455,875.9053,0.011613922,5403.246154923341,31.0,S_2090
2024-05-13 17:38:08,-63.824974,17.437088,-68.33249,27.79461,875.9053,0.011559993,5445.780053528681,31.0,S_2090
2024-05-13 17:38:09,-63.781986,17.438614,-68.276535,27.73166,875.9053,0.011506064,5485.657777515706,31.0,S_2090
2024-05-13 17:38:10,-63.739025,17.44014,-68.22059,27.66172,875.9053,0.011452135,5526.0836764439955,31.0,S_2090
2024-05-13 17:38:11,-63.6961,17.441658,-68.164635,27.584785,875.9053,0.011398206,5564.127579264794,31.0,S_2090
2024-05-13 17:38:12,-63.6532,17.443176,-68.10868,27.514843,875.89966,0.011344277,5594.503964439289,31.0,S_2090
2024-05-13 17:38:13,-63.61033,17.444687,-68.05972,27.444902,875.8978,0.011290348,5636.7150856763765,31.0,S_2090
2024-05-13 17:38:14,-63.567493,17.446198,-68.00377,27.374962,875.9108,0.011236419,5666.505555904179,31.0,S_2090
2024-05-13 17:38:15,-63.524685,17.4477,-67.95481,27.30502,875.9256,0.011182491,5700.246924302381,31.0,S_2090
2024-05-13 17:38:16,-63.48191,17.449196,-67.90585,27.235079,875.8849,0.011128562,5740.11561978449,31.0,S_2090
2024-05-13 17:38:17,-63.439163,17.450691,-67.8499,27.172132,875.77563,0.011074632,5777.326526158227,31.0,S_2090
2024-05-13 17:38:18,-63.396446,17.452179,-67.793945,27.10219,875.6978,0.011020703,5812.2829121647665,31.0,S_2090
2024-05-13 17:38:19,-63.353764,17.453667,-67.73799,27.039244,875.69415,0.010966774,5841.190063268514,31.0,S_2090
2024-05-13 17:38:20,-63.311108,17.455154,-67.68903,26.969303,875.7145,0.010912846,5873.463329841659,31.0,S_2090
2024-05-13 17:38:21,-63.268486,17.456627,-67.640076,26.899363,875.7145,0.010858917,5905.440623688133,31.0,S_2090
2024-05-13 17:38:22,-63.22589,17.458107,-67.59112,26.82942,875.7089,0.0108049875,5951.120127020229,31.0,S_2090
2024-05-13 17:38:23,-63.18333,17.459572,-67.52817,26.766474,875.7089,0.010751058,5980.741205127386,31.0,S_2090
2024-05-13 17:38:24,-63.140797,17.461044,-67.47221,26.703526,875.7108,0.01069713,6008.174047067136,31.0,S_2090
2024-05-13 17:38:25,-63.098297,17.462502,-67.423256,26.633585,875.7108,0.010643201,6037.497197318698,31.0,S_2090
2024-05-13 17:38:26,-63.055824,17.463959,-67.3743,26.570639,875.7108,0.010589272,6075.9291142267175,31.0,S_2090
2024-05-13 17:38:27,-63.013386,17.465416,-67.318344,26.500698,875.7108,0.010535343,6107.876490121256,31.0,S_2090
2024-05-13 17:38:28,-62.970974,17.466866,-67.26239,26.43775,875.7108,0.010481414,6141.391778507132,31.0,S_2090
2024-05-13 17:38:29,-62.928596,17.468315,-67.206436,26.36781,875.70526,0.010427485,6172.664496895995,31.0,S_2090
2024-05-13 17:38:30,-62.886246,17.469757,-67.15049,26.304861,875.7071,0.010373556,6196.867039172343,31.0,S_2090
2024-05-13 17:38:31,-62.84393,17.471191,-67.101524,26.241915,875.7274,0.010319627,6232.286176369336,31.0,S_2090
2024-05-13 17:38:32,-62.801643,17.472626,-67.04558,26.178968,875.73676,0.010265698,6255.89877243909,31.0,S_2090
2024-05-13 17:38:33,-62.759384,17.474052,-66.99661,26.11602,875.68854,0.0102117695,6290.645142682959,31.0,S_2090
2024-05-13 17:38:34,-62.71716,17.47548,-66.94067,26.053074,875.5811,0.01015784,6320.829310190711,31.0,S_2090
2024-05-13 17:38:35,-62.67496,17.476906,-66.88471,25.990128,875.50336,0.010103911,6343.545331873713,31.0,S_2090
2024-05-13 17:38:36,-62.632797,17.478317,-66.835754,25.92718,875.5015,0.010049982,6370.214756382455,31.0,S_2090
2024-05-13 17:38:37,-62.590664,17.479736,-66.78679,25.864233,875.5182,0.009996054,6403.613897959112,31.0,S_2090
2024-05-13 17:38:38,-62.548557,17.48114,-66.73084,25.801287,875.5201,0.009942125,6433.757430756239,31.0,S_2090
2024-05-13 17:38:39,-62.506485,17.482544,-66.67489,25.731344,875.5145,0.009888195,6461.683358910734,31.0,S_2090
2024-05-13 17:38:40,-62.464443,17.483948,-66.618935,25.668398,875.5145,0.009834266,6482.921542536933,31.0,S_2090
2024-05-13 17:38:41,-62.42243,17.485344,-66.56998,25.60545,875.5163,0.009780338,6513.8029107790935,31.0,S_2090
2024-05-13 17:38:42,-62.380447,17.48674,-66.51402,25.549498,875.5163,0.009726409,6541.860277928048,31.0,S_2090
2024-05-13 17:38:43,-62.338497,17.488129,-66.45807,25.486551,875.5163,0.00967248,6562.210180815011,31.0,S_2090
2024-05-13 17:38:44,-62.296574,17.48951,-66.40911,25.423603,875.5163,0.009618551,6592.085175290282,31.0,S_2090
2024-05-13 17:38:45,-62.254684,17.49089,-66.35316,25.367651,875.5163,0.009564621,6619.12981529854,31.0,S_2090
2024-05-13 17:38:46,-62.212826,17.492271,-66.2972,25.304703,875.51074,0.009510693,6645.270063395234,31.0,S_2090
2024-05-13 17:38:47,-62.170998,17.493637,-66.24125,25.241756,875.51263,0.009456764,6669.900369085866,31.0,S_2090
2024-05-13 17:38:48,-62.129196,17.49501,-66.185295,25.185804,875.5311,0.009402835,6695.927064323005,31.0,S_2090
2024-05-13 17:38:49,-62.08743,17.496376,-66.12935,25.122856,875.52747,0.009348906,6714.511508299758,31.0,S_2090
2024-05-13 17:38:50,-62.045692,17.497734,-66.08038,25.05991,875.4459,0.009294977,6742.362983772327,31.0,S_2090
2024-05-13 17:38:51,-62.003986,17.499092,-66.02444,25.003958,875.33856,0.009241048,6767.38687545048,31.0,S_2090
2024-05-13 17:38:52,-61.962307,17.500443,-65.96848,24.94101,875.29407,0.009187119,6783.769522205876,31.0,S_2090
2024-05-13 17:38:53,-61.920662,17.501785,-65.919525,24.885057,875.3052,0.00913319,6812.347297231405,31.0,S_2090
2024-05-13 17:38:54,-61.879047,17.503136,-65.86357,24.82211,875.3237,0.009079261,6834.628434927938,31.0,S_2090
2024-05-13 17:38:55,-61.837463,17.50447,-65.80762,24.766157,875.32556,0.0090253325,6857.136433358843,31.0,S_2090
2024-05-13 17:38:56,-61.79591,17.505806,-65.75166,24.710203,875.32,0.008971403,6879.307944929271,31.0,S_2090
2024-05-13 17:38:57,-61.754383,17.507141,-65.69571,24.654251,875.32,0.008917474,6896.060122268209,31.0,S_2090
2024-05-13 17:38:58,-61.71289,17.508469,-65.64675,24.591305,875.3219,0.008863545,6914.905441210714,31.0,S_2090
2024-05-13 17:38:59,-61.67143,17.509789,-65.59779,24.53535,875.32,0.008809617,6940.297672784982,31.0,S_2090
2024-05-13 17:39:00,-61.629997,17.511108,-65.54184,24.479399,875.3219,0.008755688,6961.119106954138,31.0,S_2090
2024-05-13 17:39:01,-61.58835,17.512367,-65.485886,24.423445,875.3219,0.008701758,6981.603573870911,31.0,S_2090
2024-05-13 17:39:02,-61.54674,17.513618,-65.42993,24.367493,875.3219,0.008647829,7002.882628276064,31.0,S_2090
2024-05-13 17:39:03,-61.505173,17.51487,-65.373985,24.304546,875.3163,0.008593901,7022.142611363546,31.0,S_2090
2024-05-13 17:39:04,-61.463642,17.51612,-65.31803,24.248592,875.3182,0.008539972,7035.534275892365,31.0,S_2090
2024-05-13 17:39:05,-61.42215,17.517365,-65.26907,24.19264,875.3367,0.008486043,7052.8645468148825,31.0,S_2090
2024-05-13 17:39:06,-61.380695,17.518616,-65.22011,24.136686,875.333,0.008432114,7075.879195979025,31.0,S_2090
2024-05-13 17:39:07,-61.339283,17.51986,-65.16416,24.080734,875.24963,0.008378184,7094.342686731863,31.0,S_2090
2024-05-13 17:39:08,-61.29791,17.521095,-65.10821,24.02478,875.1423,0.008324256,7112.464028846021,31.0,S_2090
2024-05-13 17:39:09,-61.256573,17.522339,-65.05225,23.968828,875.10516,0.008270327,7124.367205104667,31.0,S_2090
2024-05-13 17:39:10,-61.215275,17.523575,-65.003296,23.912874,875.1219,0.008216398,7146.038496443565,31.0,S_2090
2024-05-13 17:39:11,-61.174015,17.52481,-64.94734,23.856922,875.13293,0.008162469,7169.057506976322,31.0,S_2090
2024-05-13 17:39:12,-61.132797,17.526047,-64.88439,23.80097,875.1311,0.00810854,7181.602238156818,31.0,S_2090
2024-05-13 17:39:13,-61.091618,17.527275,-64.82844,23.745016,875.12555,0.008054611,7197.03561257902,31.0,S_2090
2024-05-13 17:39:14,-61.050476,17.528503,-64.77249,23.696058,875.12555,0.008000682,7208.012565050754,31.0,S_2090
2024-05-13 17:39:15,-61.009373,17.529732,-64.723526,23.640104,875.12744,0.007946753,7222.347497186936,31.0,S_2090
2024-05-13 17:39:16,-60.968307,17.530952,-64.67457,23.584152,875.12744,0.007892825,7235.285129973876,31.0,S_2090
2024-05-13 17:39:17,-60.927284,17.53218,-64.62561,23.535192,875.12555,0.007838896,7255.127715740862,31.0,S_2090
2024-05-13 17:39:18,-60.886295,17.533401,-64.56966,23.47924,875.12,0.0077849664,7269.861324833888,31.0,S_2090
2024-05-13 17:39:19,-60.84535,17.534615,-64.5137,23.423286,875.1311,0.007731037,7288.958181157723,31.0,S_2090
2024-05-13 17:39:20,-60.80444,17.535835,-64.45076,23.374329,875.1533,0.0076771085,7299.346715941072,31.0,S_2090
2024-05-13 17:39:21,-60.763573,17.537048,-64.394806,23.318375,875.1385,0.0076231794,7312.098042755824,31.0,S_2090
2024-05-13 17:39:22,-60.72274,17.538261,-64.33885,23.269417,875.0533,0.0075692507,7320.666782983673,31.0,S_2090
2024-05-13 17:39:23,-60.68195,17.539467,-64.289894,23.213463,874.94775,0.0075153215,7336.962806974298,31.0,S_2090
2024-05-13 17:39:24,-60.641197,17.54068,-64.23394,23.164505,874.91077,0.007461393,7350.206149008809,31.0,S_2090
2024-05-13 17:39:25,-60.600483,17.541885,-64.177986,23.108551,874.92737,0.0074074636,7361.611123918476,31.0,S_2090
2024-05-13 17:39:26,-60.559807,17.54309,-64.12203,23.059593,874.93665,0.007353535,7374.168047998166,31.0,S_2090
2024-05-13 17:39:27,-60.519173,17.544289,-64.066086,23.003641,874.9329,0.0072996058,7384.9057422121405,31.0,S_2090
2024-05-13 17:39:28,-60.478573,17.545486,-64.01013,22.954681,874.92926,0.007245677,7396.787599952746,31.0,S_2090
2024-05-13 17:39:29,-60.438015,17.546684,-63.954178,22.89873,874.93115,0.007191748,7401.662456913888,31.0,S_2090
2024-05-13 17:39:30,-60.397495,17.547882,-63.905216,22.84977,874.9329,0.0071378187,7416.130719348628,31.0,S_2090
2024-05-13 17:39:31,-60.357018,17.549072,-63.849266,22.800812,874.9348,0.00708389,7420.951742735371,31.0,S_2090
2024-05-13 17:39:32,-60.316574,17.55027,-63.800304,22.751852,874.92926,0.007029961,7435.670391515545,31.0,S_2090
2024-05-13 17:39:33,-60.276173,17.551453,-63.744354,22.6959,874.92554,0.006976032,7444.381514520879,31.0,S_2090
2024-05-13 17:39:34,-60.23581,17.552643,-63.6884,22.64694,874.93665,0.006922103,7453.29008234787,31.0,S_2090
2024-05-13 17:39:35,-60.195484,17.553825,-63.632446,22.597982,874.9515,0.0068681743,7461.858516979344,31.0,S_2090
2024-05-13 17:39:36,-60.155197,17.555008,-63.576496,22.549023,874.91254,0.006814245,7471.007991993698,31.0,S_2090
2024-05-13 17:39:37,-60.11495,17.55619,-63.520542,22.49307,874.8052,0.0067603164,7473.503212667027,31.0,S_2090
2024-05-13 17:39:38,-60.07474,17.557373,-63.471584,22.44411,874.7218,0.0067063873,7485.264487376866,31.0,S_2090
2024-05-13 17:39:39,-60.034573,17.558548,-63.41563,22.395153,874.7107,0.0066524586,7487.696431885735,31.0,S_2090
2024-05-13 17:39:40,-59.994442,17.559723,-63.366673,22.346193,874.7329,0.0065985294,7498.776745701471,31.0,S_2090
2024-05-13 17:39:41,-59.95435,17.560898,-63.31072,22.297235,874.7422,0.0065446002,7505.315201891681,31.0,S_2090
2024-05-13 17:39:42,-59.914295,17.562065,-63.254765,22.248276,874.7385,0.0064906715,7511.5149416654895,31.0,S_2090
2024-05-13 17:39:43,-59.874283,17.563232,-63.19881,22.199318,874.7348,0.0064367424,7517.374009365078,31.0,S_2090
2024-05-13 17:39:44,-59.83431,17.5644,-63.14286,22.150358,874.73663,0.0063828137,7522.898923409521,31.0,S_2090
2024-05-13 17:39:45,-59.794373,17.565567,-63.086906,22.1014,874.7385,0.0063288845,7528.083228773707,31.0,S_2090
2024-05-13 17:39:46,-59.754475,17.566727,-63.030952,22.05244,874.7385,0.006274956,7528.423729854418,31.0,S_2090
2024-05-13 17:39:47,-59.714615,17.567886,-62.981995,22.003483,874.7329,0.0062210266,7537.12529720227,31.0,S_2090
2024-05-13 17:39:48,-59.674797,17.569046,-62.92604,21.954523,874.7348,0.006167098,7541.287825064581,31.0,S_2090
2024-05-13 17:39:49,-59.635017,17.570198,-62.87009,21.905565,874.7552,0.006113169,7549.578002238843,31.0,S_2090
2024-05-13 17:39:50,-59.595276,17.571358,-62.80714,21.856606,874.76447,0.00605924,7548.116056472412,31.0,S_2090
2024-05-13 17:39:51,-59.555573,17.57251,-62.75119,21.81464,874.7144,0.006005311,7551.794333668877,31.0,S_2090
2024-05-13 17:39:52,-59.515907,17.573654,-62.695236,21.765682,874.607,0.0059513818,7550.340369336467,31.0,S_2090
2024-05-13 17:39:53,-59.476284,17.574806,-62.64628,21.716722,874.5292,0.005897453,7556.999716828781,31.0,S_2090
2024-05-13 17:39:54,-59.436695,17.57595,-62.590324,21.667765,874.5274,0.005843524,7559.128506901448,31.0,S_2090
2024-05-13 17:39:55,-59.39715,17.577095,-62.53437,21.618805,874.5459,0.005789595,7560.914897561946,31.0,S_2090
2024-05-13 17:39:56,-59.357643,17.578232,-62.47842,21.569847,874.5459,0.005735666,7561.637236672206,31.0,S_2090
2024-05-13 17:39:57,-59.318172,17.579376,-62.422466,21.527882,874.5422,0.0056817373,7563.268421403991,31.0,S_2090
2024-05-13 17:39:58,-59.27874,17.580513,-62.366512,21.478924,874.5403,0.005627808,7564.037248711975,31.0,S_2090
2024-05-13 17:39:59,-59.23935,17.581642,-62.31056,21.429964,874.5422,0.0055738795,7563.7472208770705,31.0,S_2090
2024-05-13 17:40:00,-59.199997,17.582779,-62.25461,21.388,874.544,0.0055199503,7564.358212076018,31.0,S_2090
2024-05-13 17:40:01,-59.161095,17.5839,-62.198654,21.33904,874.544,0.0054660216,7564.105436349913,31.0,S_2090
2024-05-13 17:40:02,-59.122215,17.585022,-62.1427,21.290083,874.5385,0.0054120924,7562.807775329493,31.0,S_2090
2024-05-13 17:40:03,-59.08336,17.586143,-62.08675,21.248117,874.5385,0.0053581637,7558.5698453372825,31.0,S_2090
2024-05-13 17:40:04,-59.04453,17.587265,-62.03779,21.19916,874.5589,0.0053042346,7560.774496750892,31.0,S_2090
2024-05-13 17:40:05,-59.005726,17.588379,-61.98184,21.157194,874.5533,0.0052503054,7558.987498811053,31.0,S_2090
2024-05-13 17:40:06,-58.966946,17.589493,-61.925884,21.115229,874.4718,0.0051963767,7557.544791014276,31.0,S_2090
2024-05-13 17:40:07,-58.928192,17.590607,-61.86993,21.06627,874.3663,0.0051424475,7555.244490278157,31.0,S_2090
2024-05-13 17:40:08,-58.889465,17.59172,-61.813976,21.017311,874.31995,0.005088519,7548.218233800253,31.0,S_2090
2024-05-13 17:40:09,-58.85076,17.592827,-61.76502,20.975348,874.33105,0.0050345897,7549.252021177243,31.0,S_2090
2024-05-13 17:40:10,-58.81208,17.593933,-61.709064,20.933382,874.35144,0.004980661,7545.772114456609,31.0,S_2090
2024-05-13 17:40:11,-58.773426,17.59504,-61.653114,20.891418,874.35144,0.004926732,7542.618290822378,31.0,S_2090
2024-05-13 17:40:12,-58.7348,17.596146,-61.59716,20.842459,874.3459,0.004872803,7534.402754459748,31.0,S_2090
2024-05-13 17:40:13,-58.696194,17.597244,-61.548203,20.800495,874.3459,0.004818874,7534.72844805105,31.0,S_2090
2024-05-13 17:40:14,-58.657616,17.598343,-61.49225,20.751535,874.3478,0.0047649452,7529.38669355039,31.0,S_2090
2024-05-13 17:40:15,-58.61906,17.599442,-61.436295,20.709572,874.34955,0.004711016,7524.217187890332,31.0,S_2090
2024-05-13 17:40:16,-58.580532,17.60054,-61.380344,20.667606,874.3459,0.004657087,7519.346982105788,31.0,S_2090
2024-05-13 17:40:17,-58.542027,17.601631,-61.32439,20.618647,874.34216,0.004603158,7512.993530255779,31.0,S_2090
2024-05-13 17:40:18,-58.503548,17.60273,-61.268436,20.576683,874.3533,0.004549229,7506.812010654066,31.0,S_2090
2024-05-13 17:40:19,-58.465096,17.60382,-61.212482,20.534718,874.3736,0.0044953004,7500.2900602141235,31.0,S_2090
2024-05-13 17:40:20,-58.426666,17.604904,-61.156532,20.492754,874.3607,0.004441371,7493.43425305008,31.0,S_2090
2024-05-13 17:40:21,-58.38826,17.605995,-61.10058,20.450788,874.2736,0.0043874425,7486.237787683458,31.0,S_2090
2024-05-13 17:40:22,-58.34988,17.607079,-61.044624,20.408825,874.1699,0.0043335133,7479.302624776086,31.0,S_2090
2024-05-13 17:40:23,-58.311527,17.608162,-60.988674,20.359865,874.1329,0.0042795846,7470.925580827003,31.0,S_2090
2024-05-13 17:40:24,-58.273197,17.609245,-60.93272,20.3179,874.14954,0.0042256555,7459.643931435719,31.0,S_2090
2024-05-13 17:40:25,-58.234894,17.610321,-60.883762,20.275936,874.1588,0.0041717268,7455.246116357128,31.0,S_2090
2024-05-13 17:40:26,-58.196617,17.611404,-60.82781,20.23397,874.15515,0.0041177976,7446.354452213105,31.0,S_2090
2024-05-13 17:40:27,-58.15836,17.61248,-60.771854,20.192007,874.1514,0.0040638684,7440.116984710163,31.0,S_2090
2024-05-13 17:40:28,-58.120132,17.613548,-60.708908,20.150042,874.1514,0.0040099397,7426.967858328164,31.0,S_2090
2024-05-13 17:40:29,-58.08193,17.614624,-60.652954,20.101084,874.15326,0.0039560106,7416.075005664214,31.0,S_2090
2024-05-13 17:40:30,-58.043747,17.615692,-60.597,20.066113,874.15515,0.0039020819,7403.500624743043,31.0,S_2090
2024-05-13 17:40:31,-58.005596,17.61676,-60.548042,20.024147,874.1514,0.003848153,7397.060639848438,31.0,S_2090
2024-05-13 17:40:32,-57.967464,17.617828,-60.49209,19.982183,874.1477,0.003794224,7386.132947981823,31.0,S_2090
2024-05-13 17:40:33,-57.929363,17.618896,-60.43614,19.940218,874.1588,0.0037402948,7374.869258164064,31.0,S_2090
2024-05-13 17:40:34,-57.89128,17.619957,-60.380184,19.898254,874.17365,0.003686366,7363.264055925691,31.0,S_2090
2024-05-13 17:40:35,-57.85323,17.621017,-60.32423,19.856289,874.1329,0.003632437,7351.317946869298,31.0,S_2090
2024-05-13 17:40:36,-57.8152,17.622078,-60.26828,19.814323,874.0273,0.003578508,7339.036046484522,31.0,S_2090
2024-05-13 17:40:37,-57.777195,17.62313,-60.212326,19.77236,873.944,0.003524579,7326.412287582549,31.0,S_2090
2024-05-13 17:40:38,-57.739216,17.624191,-60.156372,19.730394,873.93286,0.0034706502,7313.448069098937,31.0,S_2090
2024-05-13 17:40:39,-57.701263,17.625244,-60.100418,19.68843,873.95514,0.0034167212,7299.710407183018,31.0,S_2090
2024-05-13 17:40:40,-57.663334,17.626297,-60.044468,19.65346,873.96436,0.0033627923,7286.563127890884,31.0,S_2090
2024-05-13 17:40:41,-57.625427,17.627342,-59.988514,19.611496,873.9588,0.0033088634,7272.578418461562,31.0,S_2090
2024-05-13 17:40:42,-57.58755,17.628395,-59.93256,19.56953,873.9588,0.0032549344,7255.899257610079,31.0,S_2090
2024-05-13 17:40:43,-57.549694,17.62944,-59.883602,19.527565,873.9588,0.0032010055,7245.36348460451,31.0,S_2090
2024-05-13 17:40:44,-57.511868,17.630486,-59.82765,19.485601,873.95514,0.0031470763,7229.950406009004,31.0,S_2090
2024-05-13 17:40:45,-57.47406,17.631523,-59.771698,19.45063,873.95514,0.0030931474,7215.095969825183,31.0,S_2090
2024-05-13 17:40:46,-57.436283,17.632568,-59.715744,19.408667,873.97546,0.0030392185,7199.406732819894,31.0,S_2090
2024-05-13 17:40:47,-57.39853,17.633606,-59.65979,19.366701,873.9866,0.0029852896,7183.376773303033,31.0,S_2090
2024-05-13 17:40:48,-57.360798,17.634644,-59.603836,19.324736,873.9366,0.0029313606,7166.623660902689,31.0,S_2090
2024-05-13 17:40:49,-57.323097,17.635681,-59.547886,19.289766,873.82916,0.0028774317,7150.404017841713,31.0,S_2090
2024-05-13 17:40:50,-57.285416,17.636711,-59.491932,19.2478,873.7514,0.0028235028,7132.98153398974,31.0,S_2090
2024-05-13 17:40:51,-57.24776,17.637741,-59.435978,19.212831,873.7495,0.0027695738,7116.074221965042,31.0,S_2090
2024-05-13 17:40:52,-57.210133,17.638771,-59.380028,19.170866,873.76807,0.002715645,7098.340538440803,31.0,S_2090
2024-05-13 17:40:53,-57.172527,17.639801,-59.324074,19.1289,873.76807,0.002661716,7080.263417250753,31.0,S_2090
2024-05-13 17:40:54,-57.13495,17.640823,-59.26812,19.086937,873.7625,0.002607787,7061.499529922541,31.0,S_2090
2024-05-13 17:40:55,-57.097397,17.641853,-59.212166,19.051966,873.7643,0.002553858,7045.095267877914,31.0,S_2090
2024-05-13 17:40:56,-57.059868,17.642868,-59.14922,19.010002,873.7625,0.002499929,7021.550304822798,31.0,S_2090
2024-05-13 17:40:57,-57.02236,17.64389,-59.093266,18.97503,873.75696,0.002446,7000.830044406248,31.0,S_2090
2024-05-13 17:40:58,-56.984882,17.644913,-59.044308,18.933065,873.7606,0.002392071,6983.431701129921,31.0,S_2090
2024-05-13 17:40:59,-56.94743,17.645927,-58.99535,18.891102,873.781,0.0023381421,6967.097433496412,31.0,S_2090
2024-05-13 17:41:00,-56.91,17.646942,-58.939396,18.85613,873.77545,0.0022842132,6948.77931772275,31.0,S_2090
2024-05-13 17:41:01,-56.87276,17.64795,-58.87645,18.814167,873.69214,0.0022302843,6925.22291435182,31.0,S_2090
2024-05-13 17:41:02,-56.835537,17.648956,-58.813503,18.779196,873.58655,0.002281294,6900.840642635725,31.0,S_2090
2024-05-13 17:41:03,-56.798336,17.649963,-58.75755,18.744225,873.5476,0.0023323037,6879.1945650490525,31.0,S_2090
2024-05-13 17:41:04,-56.761154,17.650963,-58.70859,18.709255,873.56433,0.0023406097,6863.75743888328,31.0,S_2090
2024-05-13 17:41:05,-56.72399,17.65197,-58.652637,18.66729,873.57544,0.0023489157,6843.490319295182,31.0,S_2090
2024-05-13 17:41:06,-56.68685,17.65297,-58.596684,18.632318,873.5699,0.0023523273,6824.064368515668,31.0,S_2090
2024-05-13 17:41:07,-56.649727,17.653969,-58.540733,18.590355,873.568,0.002361155,6803.915479743788,31.0,S_2090
2024-05-13 17:41:08,-56.61262,17.65496,-58.48478,18.555384,873.5699,0.002369983,6786.081140112794,31.0,S_2090
2024-05-13 17:41:09,-56.57554,17.65596,-58.421833,18.520412,873.568,0.0023775934,6761.080476840791,31.0,S_2090
2024-05-13 17:41:10,-56.53847,17.656952,-58.372875,18.478449,873.56433,0.0022229035,6744.169106069297,31.0,S_2090
2024-05-13 17:41:11,-56.501427,17.657944,-58.31692,18.443478,873.57355,0.0020682137,6722.641946079784,31.0,S_2090
2024-05-13 17:41:12,-56.4644,17.658936,-58.260967,18.408508,873.5903,0.0021559768,6702.00965876141,31.0,S_2090
2024-05-13 17:41:13,-56.42739,17.65992,-58.205013,18.366543,873.5495,0.00224374,6681.194027429017,31.0,S_2090
2024-05-13 17:41:14,-56.390404,17.660904,-58.149063,18.331572,873.4421,0.0023315034,6661.777675563979,31.0,S_2090
2024-05-13 17:41:15,-56.353436,17.661888,-58.09311,18.289608,873.35876,0.0024192666,6642.151887204913,31.0,S_2090
2024-05-13 17:41:16,-56.31649,17.662872,-58.037155,18.254637,873.3476,0.0025070298,6623.591134223432,31.0,S_2090
2024-05-13 17:41:17,-56.27956,17.663857,-57.981205,18.219666,873.3699,0.0024681354,6604.795347057472,31.0,S_2090
2024-05-13 17:41:18,-56.24265,17.664833,-57.92525,18.184696,873.37915,0.002429241,6585.759562287858,31.0,S_2090
2024-05-13 17:41:19,-56.20576,17.66581,-57.869297,18.149725,873.3754,0.0023903467,6566.827239585662,31.0,S_2090
2024-05-13 17:41:20,-56.168888,17.666786,-57.813343,18.107761,873.37354,0.0023514526,6546.845225058212,31.0,S_2090
2024-05-13 17:41:21,-56.13204,17.667763,-57.757393,18.07279,873.3754,0.0023125582,6525.401519228908,31.0,S_2090
2024-05-13 17:41:22,-56.095203,17.66874,-57.70843,18.037819,873.3717,0.0022736639,6509.4846081309515,31.0,S_2090
2024-05-13 17:41:23,-56.05839,17.669708,-57.65248,18.00285,873.3717,0.0022347695,6490.918861559141,31.0,S_2090
2024-05-13 17:41:24,-56.0216,17.670677,-57.589535,17.967878,873.3865,0.0021524027,6466.098060477365,31.0,S_2090
2024-05-13 17:41:25,-55.984825,17.671646,-57.53358,17.932907,873.3828,0.0020700356,6444.823708414544,31.0,S_2090
2024-05-13 17:41:26,-55.94807,17.672615,-57.477627,17.897938,873.3217,0.0019876687,6423.315508114407,31.0,S_2090
2024-05-13 17:41:27,-55.91134,17.673576,-57.421673,17.855972,873.2291,0.0019053018,6399.131520940071,31.0,S_2090
2024-05-13 17:41:28,-55.874622,17.674538,-57.372715,17.821001,873.16986,0.0018229348,6381.702641610704,31.0,S_2090
2024-05-13 17:41:29,-55.837925,17.675499,-57.30977,17.786032,873.168,0.0017405679,6355.559664184628,31.0,S_2090
2024-05-13 17:41:30,-55.80125,17.67646,-57.246822,17.75106,873.1828,0.001658201,6327.603641193375,31.0,S_2090
2024-05-13 17:41:31,-55.76459,17.677414,-57.19087,17.716091,873.1828,0.001575834,6302.029822785036,31.0,S_2090
2024-05-13 17:41:32,-55.727955,17.678375,-57.14191,17.68112,873.17914,0.0014934671,6281.14380745704,31.0,S_2090
2024-05-13 17:41:33,-55.691338,17.679329,-57.085957,17.646149,873.1809,0.0014111002,6255.672228710348,31.0,S_2090
2024-05-13 17:41:34,-55.65474,17.680275,-57.030003,17.61118,873.17914,0.0014344996,6230.37139892167,31.0,S_2090
2024-05-13 17:41:35,-55.61816,17.681229,-56.974052,17.576208,873.1736,0.0014578992,6205.2444651312835,31.0,S_2090
2024-05-13 17:41:36,-55.5816,17.682175,-56.9181,17.541237,873.17725,0.0014812987,6180.286517273846,31.0,S_2090
2024-05-13 17:41:37,-55.54506,17.683128,-56.862144,17.506268,873.19574,0.0015046983,6155.500060290025,31.0,S_2090
2024-05-13 17:41:38,-55.508537,17.684074,-56.80619,17.471296,873.1921,0.0015280978,6130.884442667892,31.0,S_2090
2024-05-13 17:41:39,-55.47204,17.685013,-56.75024,17.436325,873.10876,0.0015514973,6106.44353805697,31.0,S_2090
2024-05-13 17:41:40,-55.435555,17.685959,-56.694286,17.401356,873.00134,0.0015748969,6082.172367169027,31.0,S_2090
2024-05-13 17:41:41,-55.399094,17.686897,-56.638332,17.366385,872.96423,0.0015982963,6058.0717989998375,31.0,S_2090
2024-05-13 17:41:42,-55.362648,17.687836,-56.582382,17.331413,872.98096,0.0016216959,6034.14555158755,31.0,S_2090
2024-05-13 17:41:43,-55.326225,17.688774,-56.52643,17.296444,872.99207,0.0016450954,6011.418436553562,31.0,S_2090
2024-05-13 17:41:44,-55.28982,17.689713,-56.46348,17.268467,872.9865,0.0016558175,5984.166626258775,31.0,S_2090
2024-05-13 17:41:45,-55.253437,17.690643,-56.407528,17.233496,872.97906,0.0016611384,5959.338809233348,31.0,S_2090
2024-05-13 17:41:46,-55.21707,17.691574,-56.35857,17.198526,872.97723,0.0016664593,5939.814132929336,31.0,S_2090
2024-05-13 17:41:47,-55.180725,17.692505,-56.302616,17.163555,872.99207,0.0017705093,5916.955250419123,31.0,S_2090
2024-05-13 17:41:48,-55.144398,17.693436,-56.246662,17.128584,873.0069,0.0018745594,5896.187740826805,31.0,S_2090
2024-05-13 17:41:49,-55.108093,17.694359,-56.183716,17.093615,872.96423,0.0019786095,5870.451591943907,31.0,S_2090
2024-05-13 17:41:50,-55.071804,17.69529,-56.12776,17.065638,872.8569,0.0021144236,5850.367959606345,31.0,S_2090
2024-05-13 17:41:51,-55.035538,17.696213,-56.07181,17.030666,872.7772,0.0022502374,5829.110215817716,31.0,S_2090
2024-05-13 17:41:52,-54.999287,17.697128,-56.02285,16.995697,872.7754,0.0023860515,5814.117199920307,31.0,S_2090
2024-05-13 17:41:53,-54.96306,17.698051,-55.9669,16.96772,872.7939,0.0023933323,5796.30490873583,31.0,S_2090
2024-05-13 17:41:54,-54.92685,17.698967,-55.910946,16.925755,872.7939,0.0023960616,5777.254992387076,31.0,S_2090
2024-05-13 17:41:55,-54.89066,17.69989,-55.854992,16.890785,872.79016,0.002403305,5758.401995385902,31.0,S_2090
2024-05-13 17:41:56,-54.85449,17.700798,-55.799038,16.862808,872.79016,0.0024878832,5742.728613417625,31.0,S_2090
2024-05-13 17:41:57,-54.818336,17.701714,-55.73609,16.827837,872.79205,0.0024926946,5718.987439148819,31.0,S_2090
2024-05-13 17:41:58,-54.782204,17.70263,-55.687134,16.792868,872.7865,0.0024975059,5704.8165667059875,31.0,S_2090
2024-05-13 17:41:59,-54.746094,17.703537,-55.63118,16.76489,872.7883,0.002503011,5689.307942140753,31.0,S_2090
2024-05-13 17:42:00,-54.71,17.704445,-55.568233,16.72992,872.8069,0.0025125365,5667.576410184272,31.0,S_2090
2024-05-13 17:42:01,-54.674007,17.705338,-55.51228,16.69495,872.80133,0.0025195542,5651.480285532911,31.0,S_2090
2024-05-13 17:42:02,-54.63803,17.70623,-55.449333,16.666973,872.7217,0.0025230772,5628.467372076746,31.0,S_2090
2024-05-13 17:42:03,-54.602074,17.707123,-55.400375,16.632002,872.61426,0.0025274553,5614.573882530596,31.0,S_2090
2024-05-13 17:42:04,-54.56613,17.708015,-55.34442,16.604027,872.56793,0.0025358442,5599.398890635988,31.0,S_2090
2024-05-13 17:42:05,-54.53021,17.708908,-55.281475,16.569056,872.57904,0.0025438427,5577.9797804152695,31.0,S_2090
2024-05-13 17:42:06,-54.494297,17.709793,-55.22552,16.534084,872.5994,0.0022439146,5558.293428516758,31.0,S_2090
2024-05-13 17:42:07,-54.45841,17.710686,-55.16957,16.50611,872.6013,0.002249575,5537.7759387918995,31.0,S_2090
2024-05-13 17:42:08,-54.42253,17.71157,-55.12061,16.471138,872.5939,0.0022586782,5522.219335034308,31.0,S_2090
2024-05-13 17:42:09,-54.386673,17.712456,-55.06466,16.443161,872.5902,0.0022643062,5503.469419389046,31.0,S_2090
2024-05-13 17:42:10,-54.350834,17.713333,-55.008705,16.408192,872.6013,0.002347912,5484.528417773203,31.0,S_2090
2024-05-13 17:42:11,-54.315006,17.714218,-54.95275,16.380215,872.61615,0.0023533728,5466.401585552441,31.0,S_2090
2024-05-13 17:42:12,-54.279198,17.715096,-54.8968,16.345243,872.5754,0.0020811786,5447.593005490402,31.0,S_2090
2024-05-13 17:42:13,-54.24341,17.71598,-54.83385,16.310274,872.4698,0.002089452,5423.329194890044,31.0,S_2090
2024-05-13 17:42:14,-54.20763,17.716858,-54.7779,16.275303,872.3864,0.0020921703,5402.807550507707,31.0,S_2090
2024-05-13 17:42:15,-54.171875,17.717735,-54.721947,16.247326,872.3753,0.0020978367,5382.772006408137,31.0,S_2090
2024-05-13 17:42:16,-54.13613,17.718605,-54.665993,16.21935,872.3976,0.0021797782,5363.590409152239,31.0,S_2090
2024-05-13 17:42:17,-54.100407,17.719482,-54.61004,16.18438,872.4068,0.0021868218,5343.733202108546,31.0,S_2090
2024-05-13 17:42:18,-54.064697,17.720352,-54.55409,16.156403,872.40314,0.0021893713,5324.654130699055,31.0,S_2090
2024-05-13 17:42:19,-54.029007,17.72123,-54.498135,16.121431,872.3976,0.0021963771,5304.896339647479,31.0,S_2090
2024-05-13 17:42:20,-53.993332,17.7221,-54.44218,16.093456,872.3994,0.0022047723,5285.953312022051,31.0,S_2090
2024-05-13 17:42:21,-53.957672,17.72297,-54.38623,16.058485,872.41425,0.0022102122,5266.32411285078,31.0,S_2090
2024-05-13 17:42:22,-53.92203,17.723831,-54.330276,16.030508,872.4105,0.0022127077,5247.156756683937,31.0,S_2090
2024-05-13 17:42:23,-53.886406,17.7247,-54.274323,16.002533,872.34753,0.0022196532,5228.368985421948,31.0,S_2090
2024-05-13 17:42:24,-53.8508,17.725563,-54.21837,15.967562,872.25684,0.002155634,5208.437840893079,31.0,S_2090
2024-05-13 17:42:25,-53.81521,17.726425,-54.16242,15.939586,872.1976,0.0021611382,5188.991380893756,31.0,S_2090
2024-05-13 17:42:26,-53.779633,17.727287,-54.106464,15.911609,872.1957,0.0021652388,5169.897668766338,31.0,S_2090
2024-05-13 17:42:27,-53.744072,17.72815,-54.05051,15.876638,872.2087,0.002170716,5152.029107957947,31.0,S_2090
2024-05-13 17:42:28,-53.70853,17.729012,-53.987564,15.841668,872.2105,0.0022519599,5128.83427807776,31.0,S_2090
2024-05-13 17:42:29,-53.673008,17.729866,-53.93161,15.813691,872.20496,0.0022588247,5110.419360811575,31.0,S_2090
2024-05-13 17:42:30,-53.637497,17.730728,-53.87566,15.778721,872.20123,0.0022612046,5091.289672284474,31.0,S_2090
2024-05-13 17:42:31,-53.602005,17.731583,-53.819706,15.750744,872.2105,0.0022665025,5070.951293449267,31.0,S_2090
2024-05-13 17:42:32,-53.566532,17.732437,-53.77075,15.722768,872.2216,0.0022752227,5056.329272375937,31.0,S_2090
2024-05-13 17:42:33,-53.531075,17.733292,-53.714794,15.694792,872.192,0.0022804867,5039.807904789879,31.0,S_2090
2024-05-13 17:42:34,-53.495632,17.734138,-53.651848,15.659821,872.1068,0.0022838255,5016.942418561972,31.0,S_2090
2024-05-13 17:42:35,-53.460205,17.734993,-53.595894,15.6318445,872.02344,0.002290599,4998.516019325136,31.0,S_2090
2024-05-13 17:42:36,-53.424797,17.73584,-53.53994,15.603868,871.99567,0.0022987314,4978.454189278651,31.0,S_2090
2024-05-13 17:42:37,-53.38941,17.736687,-53.490982,15.5758915,872.0086,0.00230294,4966.124790469257,31.0,S_2090
2024-05-13 17:42:38,-53.35403,17.737534,-53.428036,15.540921,872.0179,0.0023077612,4945.225220347056,31.0,S_2090
2024-05-13 17:42:39,-53.318672,17.73838,-53.36509,15.512944,872.01416,0.002313937,4923.0781250638975,31.0,S_2090
2024-05-13 17:42:40,-53.283333,17.739227,-53.309135,15.484968,872.00684,0.002322005,4904.94781981103,31.0,S_2090
2024-05-13 17:42:41,-53.248005,17.740067,-53.25318,15.456991,872.0086,0.0023271558,4887.215512942712,31.0,S_2090
2024-05-13 17:42:42,-53.2127,17.740906,-53.19723,15.422021,872.029,0.0023309365,4868.765134813642,31.0,S_2090
2024-05-13 17:42:43,-53.177406,17.741745,-53.141277,15.394045,872.0401,0.002336056,4851.131543959535,31.0,S_2090
2024-05-13 17:42:44,-53.14213,17.742584,-53.085323,15.359074,871.9901,0.0023440646,4832.522959874928,31.0,S_2090
2024-05-13 17:42:45,-53.106873,17.743423,-53.02937,15.338092,871.8827,0.0023506982,4815.084801355013,31.0,S_2090
2024-05-13 17:42:46,-53.071632,17.744263,-52.97342,15.310115,871.80493,0.0023528975,4797.622918056601,31.0,S_2090
2024-05-13 17:42:47,-53.036407,17.745094,-52.917465,15.275145,871.8013,0.0023579649,4781.205869319005,31.0,S_2090
2024-05-13 17:42:48,-53.001198,17.745926,-52.85452,15.247169,871.82153,0.0026401102,4761.764862219541,31.0,S_2090
2024-05-13 17:42:49,-52.966007,17.746765,-52.798565,15.212197,871.8234,0.002644924,4745.490835440985,31.0,S_2090
2024-05-13 17:42:50,-52.930832,17.74759,-52.74261,15.184221,871.8142,0.0026468392,4727.699720343386,31.0,S_2090
2024-05-13 17:42:51,-52.89567,17.74842,-52.693653,15.156244,871.8105,0.0026521909,4715.847077792365,31.0,S_2090
2024-05-13 17:42:52,-52.86053,17.749252,-52.6377,15.128268,871.8234,0.002389096,4700.160757076999,31.0,S_2090
2024-05-13 17:42:53,-52.825405,17.750076,-52.574753,15.100291,871.8438,0.002395066,4678.825278494362,31.0,S_2090
2024-05-13 17:42:54,-52.7903,17.7509,-52.5188,15.072315,871.8309,0.0023971684,4661.442291422791,31.0,S_2090
2024-05-13 17:42:55,-52.755207,17.751724,-52.46285,15.044339,871.74384,0.002403669,4642.345473595953,31.0,S_2090
2024-05-13 17:42:56,-52.72013,17.752548,-52.413887,15.016362,871.63824,0.0024105445,4630.804113984283,31.0,S_2090
2024-05-13 17:42:57,-52.685074,17.753372,-52.35094,14.988386,871.6012,0.0024164591,4611.496150061779,31.0,S_2090
2024-05-13 17:42:58,-52.650032,17.754189,-52.287994,14.960409,871.61786,0.002419484,4590.423464936568,31.0,S_2090
2024-05-13 17:42:59,-52.615005,17.755013,-52.23204,14.932433,871.629,0.0024259402,4573.701111163449,31.0,S_2090
2024-05-13 17:43:00,-52.579998,17.755829,-52.17609,14.897463,871.62524,0.0024337226,4554.468865656992,31.0,S_2090
2024-05-13 17:43:01,-52.545498,17.756638,-52.12713,14.869486,871.61786,0.0024376651,4541.386519938285,31.0,S_2090
2024-05-13 17:43:02,-52.510998,17.757439,-52.07118,14.84151,871.61975,0.0024412214,4524.442742890373,31.0,S_2090
2024-05-13 17:43:03,-52.476498,17.75824,-52.015224,14.813533,871.64014,0.002446108,4509.374832237445,31.0,S_2090
2024-05-13 17:43:04,-52.441998,17.75904,-51.95228,14.785557,871.6512,0.0024547933,4488.655778329659,31.0,S_2090
2024-05-13 17:43:05,-52.407497,17.759842,-51.896324,14.75758,871.6012,0.002461181,4470.079070177875,31.0,S_2090
2024-05-13 17:43:06,-52.372997,17.760643,-51.847366,14.729604,871.49194,0.0024622108,4457.2449890518765,31.0,S_2090
2024-05-13 17:43:07,-52.338497,17.761444,-51.791412,14.701627,871.416,0.0024670474,4442.4040000245295,31.0,S_2090
2024-05-13 17:43:08,-52.303997,17.762245,-51.728466,14.673651,871.4123,0.0024756812,4423.752375046795,31.0,S_2090
2024-05-13 17:43:09,-52.269497,17.763039,-51.66552,14.645675,871.4327,0.002482972,4401.489104147258,31.0,S_2090
2024-05-13 17:43:10,-52.234997,17.76384,-51.616558,14.617698,871.4345,0.0024839675,4388.862954187527,31.0,S_2090
2024-05-13 17:43:11,-52.200497,17.764633,-51.560608,14.589722,871.42523,0.0024887575,4374.2583550798445,31.0,S_2090
2024-05-13 17:43:12,-52.165997,17.765427,-51.49766,14.561745,871.4197,0.002498868,4353.9944444996945,31.0,S_2090
2024-05-13 17:43:13,-52.131496,17.76622,-51.441708,14.533769,871.42346,0.0025036335,4337.666783525114,31.0,S_2090
2024-05-13 17:43:14,-52.096996,17.767014,-51.385754,14.505792,871.4456,0.002505538,4319.520557712429,31.0,S_2090
2024-05-13 17:43:15,-52.0625,17.767807,-51.336796,14.477816,871.44006,0.002509345,4309.021382438674,31.0,S_2090
2024-05-13 17:43:16,-52.028,17.7686,-51.27385,14.449839,871.35675,0.0025194024,4290.564418445734,31.0,S_2090
2024-05-13 17:43:17,-51.9935,17.769394,-51.2109,14.428857,871.2493,0.0025250618,4270.969101110299,31.0,S_2090
2024-05-13 17:43:18,-51.959,17.77018,-51.15495,14.40088,871.2141,0.0025974687,4253.436150194873,31.0,S_2090
2024-05-13 17:43:19,-51.9245,17.770966,-51.10599,14.372904,871.22894,0.0026011157,4241.733480682902,31.0,S_2090
2024-05-13 17:43:20,-51.89,17.771759,-51.050037,14.344928,871.2345,0.0026756725,4226.6617815482605,31.0,S_2090
2024-05-13 17:43:21,-51.8555,17.772545,-50.994083,14.316951,871.23083,0.0026801166,4211.638328645553,31.0,S_2090
2024-05-13 17:43:22,-51.821,17.77333,-50.93813,14.288975,871.2493,0.0026817098,4196.643502361723,31.0,S_2090
2024-05-13 17:43:23,-51.7865,17.774117,-50.88218,14.260998,871.26044,0.002687669,4183.714909317816,31.0,S_2090
2024-05-13 17:43:24,-51.752,17.774895,-50.81923,14.233022,871.21234,0.0026958506,4164.632678888054,31.0,S_2090
2024-05-13 17:43:25,-51.7175,17.77568,-50.76328,14.212039,871.103,0.002700255,4152.223864046071,31.0,S_2090
2024-05-13 17:43:26,-51.683,17.776459,-50.700333,14.184063,871.02527,0.002702736,4133.5893112099,31.0,S_2090
2024-05-13 17:43:27,-51.6485,17.777245,-50.64438,14.156086,871.0234,0.002708656,4116.875797785542,31.0,S_2090
2024-05-13 17:43:28,-51.614,17.778023,-50.59542,14.12811,871.0419,0.0027149497,4106.075054662782,31.0,S_2090
2024-05-13 17:43:29,-51.5795,17.778801,-50.539467,14.100133,871.04376,0.002719311,4091.464264848866,31.0,S_2090
2024-05-13 17:43:30,-51.545,17.77958,-50.483513,14.072157,871.0363,0.0027208435,4076.883123761014,31.0,S_2090
2024-05-13 17:43:31,-51.510498,17.780357,-50.42756,14.044181,871.02893,0.0027267297,4064.3911459156516,31.0,S_2090
2024-05-13 17:43:32,-51.475998,17.781136,-50.364613,14.016204,871.0345,0.0027348157,4046.093994830764,31.0,S_2090
2024-05-13 17:43:33,-51.441498,17.781906,-50.30866,13.988228,871.0567,0.0027391475,4033.4029947095114,31.0,S_2090
2024-05-13 17:43:34,-51.406998,17.782684,-50.245712,13.967245,871.0512,0.002741553,4015.576506851474,31.0,S_2090
2024-05-13 17:43:35,-51.372498,17.783455,-50.189762,13.939269,870.96594,0.002747402,4001.2730858336145,31.0,S_2090
2024-05-13 17:43:36,-51.337997,17.784233,-50.13381,13.911292,870.86035,0.0027545325,3984.5847498393996,31.0,S_2090
2024-05-13 17:43:37,-51.303497,17.785004,-50.08485,13.89031,870.8252,0.0027579225,3974.606312341042,31.0,S_2090
2024-05-13 17:43:38,-51.268997,17.785774,-50.028896,13.862333,870.84,0.0027593882,3962.488688831203,31.0,S_2090
2024-05-13 17:43:39,-51.234497,17.786545,-49.96595,13.834357,870.8456,0.0027661084,3944.171065368646,31.0,S_2090
2024-05-13 17:43:40,-51.199997,17.787315,-49.909996,13.8133745,870.84186,0.0027732092,3932.5739574332983,31.0,S_2090
2024-05-13 17:43:41,-51.165497,17.788078,-49.84705,13.7853985,870.8586,0.0027783664,3914.7587444764504,31.0,S_2090
2024-05-13 17:43:42,-51.130997,17.788849,-49.791096,13.7574215,870.8697,0.002779801,3900.803580735752,31.0,S_2090
2024-05-13 17:43:43,-51.096497,17.789612,-49.73514,13.729445,870.82336,0.002785585,3886.90542615921,31.0,S_2090
2024-05-13 17:43:44,-51.061996,17.790382,-49.67919,13.701468,870.7141,0.0027926408,3873.076777778537,31.0,S_2090
2024-05-13 17:43:45,-51.027496,17.791145,-49.623238,13.673492,870.6363,0.0027968716,3856.8006178900687,31.0,S_2090
2024-05-13 17:43:46,-50.993,17.791908,-49.57428,13.65251,870.63446,0.0027989221,3849.328664321627,31.0,S_2090
2024-05-13 17:43:47,-50.9585,17.792671,-49.51133,13.624534,870.653,0.0028040325,3831.808275071613,31.0,S_2090
2024-05-13 17:43:48,-50.924,17.793434,-49.45538,13.596558,870.6548,0.0028110538,3820.2687319754914,31.0,S_2090
2024-05-13 17:43:49,-50.8895,17.79419,-49.392433,13.568581,870.64746,0.0028161434,3802.4843222682393,31.0,S_2090
2024-05-13 17:43:50,-50.855,17.794952,-49.33648,13.547599,870.64374,0.002819061,3787.2481326396955,31.0,S_2090
2024-05-13 17:43:51,-50.8205,17.795708,-49.28752,13.519622,870.6548,0.0028223603,3779.308025939885,31.0,S_2090
2024-05-13 17:43:52,-50.786,17.79647,-49.22457,13.49864,870.67706,0.002830234,3762.441290760544,31.0,S_2090
2024-05-13 17:43:53,-50.7515,17.797226,-49.16862,13.470663,870.66223,0.0028343976,3749.0656785549218,31.0,S_2090
2024-05-13 17:43:54,-50.717,17.797981,-49.112667,13.442687,870.5752,0.0029034913,3735.751774604316,31.0,S_2090
2024-05-13 17:43:55,-50.6825,17.798737,-49.056713,13.421704,870.4715,0.0029075309,3723.261434106171,31.0,S_2090
2024-05-13 17:43:56,-50.648,17.799492,-49.000763,13.393728,870.43634,0.0029143698,3712.265816551502,31.0,S_2090
2024-05-13 17:43:57,-50.6135,17.800247,-48.937813,13.3727455,870.4511,0.0029192735,3696.0906257667957,31.0,S_2090
2024-05-13 17:43:58,-50.579,17.800995,-48.881863,13.3447695,870.45667,0.0029220274,3682.9751266988897,31.0,S_2090
2024-05-13 17:43:59,-50.5445,17.80175,-48.82591,13.323787,870.45294,0.0029260386,3670.68600785773,31.0,S_2090
2024-05-13 17:44:00,-50.51,17.802498,-48.769955,13.295811,870.4696,0.0029939734,3658.49562507699,31.0,S_2090
2024-05-13 17:44:01,-50.4755,17.803253,-48.714,13.267834,870.4808,0.0029978636,3646.3498530167562,31.0,S_2090
2024-05-13 17:44:02,-50.440998,17.804008,-48.65805,13.239858,870.43256,0.003000489,3633.8148229559447,31.0,S_2090
2024-05-13 17:44:03,-50.406498,17.804756,-48.602097,13.218875,870.3252,0.0030043684,3622.1177888081147,31.0,S_2090
2024-05-13 17:44:04,-50.371998,17.805511,-48.546143,13.190899,870.2474,0.0030110413,3611.9664392946142,31.0,S_2090
2024-05-13 17:44:05,-50.337498,17.80626,-48.483196,13.169916,870.24554,0.0030157748,3596.6007591759553,31.0,S_2090
2024-05-13 17:44:06,-50.302998,17.807007,-48.427242,13.14194,870.2622,0.0030183813,3584.2556289545464,31.0,S_2090
2024-05-13 17:44:07,-50.268497,17.807755,-48.371292,13.120957,870.2604,0.0030222356,3572.7574447285006,31.0,S_2090
2024-05-13 17:44:08,-50.233997,17.808502,-48.31534,13.092981,870.26404,0.003284852,3559.692385718474,31.0,S_2090
2024-05-13 17:44:09,-50.199497,17.80925,-48.26638,13.071999,870.2752,0.003287665,3553.7486091432947,31.0,S_2090
2024-05-13 17:44:10,-50.164997,17.80999,-48.210426,13.044023,870.24554,0.0032900895,3543.2230555143906,31.0,S_2090
2024-05-13 17:44:11,-50.130497,17.810738,-48.154472,13.02304,870.1604,0.0032937701,3536.023751555913,31.0,S_2090
2024-05-13 17:44:12,-50.095997,17.811478,-48.091526,12.995064,870.077,0.0033010917,3521.8396717660653,31.0,S_2090
2024-05-13 17:44:13,-50.061497,17.812218,-48.035572,12.974081,870.0511,0.0033047567,3514.7615897342766,31.0,S_2090
2024-05-13 17:44:14,-50.026997,17.812958,-47.972626,12.946105,870.0622,0.0033064797,3500.6567789031833,31.0,S_2090
2024-05-13 17:44:15,-49.9925,17.813698,-47.91667,12.925122,870.06586,0.003311682,3491.214381879283,31.0,S_2090
2024-05-13 17:44:16,-49.958,17.814438,-47.86072,12.897146,870.0641,0.0033181221,3480.991587510478,31.0,S_2090
2024-05-13 17:44:17,-49.9235,17.81517,-47.804768,12.8761635,870.077,0.0033217676,3474.1182062762236,31.0,S_2090
2024-05-13 17:44:18,-49.889,17.81591,-47.74182,12.848187,870.0733,0.0033234716,3460.210865000947,31.0,S_2090
2024-05-13 17:44:19,-49.8545,17.816643,-47.685867,12.827205,870.0122,0.0033286645,3453.4298393453937,31.0,S_2090
2024-05-13 17:44:20,-49.82,17.817375,-47.62292,12.799229,869.92145,0.0033359262,3437.1435555036733,31.0,S_2090
2024-05-13 17:44:21,-49.7855,17.818108,-47.573963,12.778246,869.8603,0.0033387134,3431.7561370563635,31.0,S_2090
2024-05-13 17:44:22,-49.751,17.81884,-47.51801,12.75027,869.8585,0.0033395463,3421.7884682608565,31.0,S_2090
2024-05-13 17:44:23,-49.7165,17.819572,-47.462055,12.729287,869.8733,0.0033431675,3412.7146507527505,31.0,S_2090
2024-05-13 17:44:24,-49.682,17.820297,-47.406105,12.701311,869.8751,0.003351123,3402.8626808874105,31.0,S_2090
2024-05-13 17:44:25,-49.6475,17.82103,-47.35015,12.680328,869.86957,0.0033547422,3396.390520605695,31.0,S_2090
2024-05-13 17:44:26,-49.613,17.821754,-47.287205,12.652351,869.86584,0.0036901985,3385.013235287377,31.0,S_2090
2024-05-13 17:44:27,-49.5785,17.82248,-47.23125,12.63137,869.8751,0.0036935369,3378.3263691655156,31.0,S_2090
2024-05-13 17:44:28,-49.544,17.823204,-47.175297,12.603393,869.8862,0.0037012077,3370.801438643204,31.0,S_2090
2024-05-13 17:44:29,-49.5095,17.823929,-47.119343,12.582411,869.8566,0.003704541,3363.663454297057,31.0,S_2090
2024-05-13 17:44:30,-49.475,17.824654,-47.063393,12.561428,869.7714,0.0036430086,3356.7075999072695,31.0,S_2090
2024-05-13 17:44:31,-49.4405,17.82537,-47.00744,12.533452,869.68805,0.0036464478,3348.890953450027,31.0,S_2090
2024-05-13 17:44:32,-49.406,17.826096,-46.951485,12.512469,869.6622,0.0036542206,3342.0457415863348,31.0,S_2090
2024-05-13 17:44:33,-49.3715,17.826813,-46.895535,12.484493,869.6733,0.0036576556,3334.3425116252038,31.0,S_2090
2024-05-13 17:44:34,-49.336998,17.82753,-46.83958,12.4635105,869.677,0.0037199506,3330.2113467222807,31.0,S_2090
2024-05-13 17:44:35,-49.302498,17.828247,-46.776634,12.442529,869.6751,0.0037240998,3319.5939365144295,31.0,S_2090
2024-05-13 17:44:36,-49.267998,17.828964,-46.72068,12.421546,869.6863,0.0037301956,3313.333274780758,31.0,S_2090
2024-05-13 17:44:37,-49.233498,17.829681,-46.664726,12.39357,869.6844,0.0037350706,3306.782147933409,31.0,S_2090
2024-05-13 17:44:38,-49.198997,17.830399,-46.608776,12.365593,869.6232,0.0037356156,3299.6819624422205,31.0,S_2090
2024-05-13 17:44:39,-49.164497,17.831108,-46.552822,12.344611,869.5307,0.0037389223,3295.785450364463,31.0,S_2090
2024-05-13 17:44:40,-49.129997,17.831818,-46.489876,12.323628,869.4714,0.0037458306,3285.4170812047378,31.0,S_2090
2024-05-13 17:44:41,-49.095497,17.832535,-46.43392,12.302646,869.4714,0.003750702,3282.168464479706,31.0,S_2090
2024-05-13 17:44:42,-49.060997,17.833244,-46.370975,12.27467,869.4825,0.0034224293,3269.427904205848,31.0,S_2090
2024-05-13 17:44:43,-49.026497,17.833946,-46.31502,12.253687,869.4788,0.0034259865,3258.8140215967433,31.0,S_2090
2024-05-13 17:44:44,-48.991997,17.834656,-46.266064,12.225711,869.48627,0.0034314971,3253.5862851456477,31.0,S_2090
2024-05-13 17:44:45,-48.957497,17.835365,-46.21011,12.204728,869.50104,0.0034366157,3245.040507313024,31.0,S_2090
2024-05-13 17:44:46,-48.923,17.836067,-46.154156,12.183746,869.4621,0.0034373945,3239.5989401229454,31.0,S_2090
2024-05-13 17:44:47,-48.8885,17.836777,-46.09121,12.155769,869.35474,0.0034417575,3229.69125111177,31.0,S_2090
2024-05-13 17:44:48,-48.854,17.837479,-46.028263,12.134788,869.27136,0.0031987533,3215.982335520661,31.0,S_2090
2024-05-13 17:44:49,-48.8195,17.83818,-45.97231,12.113805,869.26215,0.0032024314,3206.0112733315327,31.0,S_2090
2024-05-13 17:44:50,-48.785,17.838882,-45.91636,12.092823,869.28436,0.003203324,3196.576117441611,31.0,S_2090
2024-05-13 17:44:51,-48.7505,17.839584,-45.860405,12.064846,869.2881,0.0032085595,3183.9487774856534,31.0,S_2090
2024-05-13 17:44:52,-48.716,17.840279,-45.811447,12.043864,869.28436,0.0031584625,3180.2784138027637,31.0,S_2090
2024-05-13 17:44:53,-48.6815,17.84098,-45.748497,12.015887,869.301,0.0031630301,3168.4991433757386,31.0,S_2090
2024-05-13 17:44:54,-48.647,17.841675,-45.68555,11.994905,869.2973,0.0028976444,3152.983848119722,31.0,S_2090
2024-05-13 17:44:55,-48.6125,17.84237,-45.629597,11.973923,869.2158,0.0029031036,3141.2064177237335,31.0,S_2090
2024-05-13 17:44:56,-48.578,17.843063,-45.573647,11.952941,869.10846,0.0026606391,3127.891998514897,31.0,S_2090
2024-05-13 17:44:57,-48.5435,17.843758,-45.517693,11.931958,869.07135,0.0026646433,3117.014096803192,31.0,S_2090
2024-05-13 17:44:58,-48.509,17.844452,-45.454746,11.903981,869.0881,0.0026076012,3099.3921348205768,31.0,S_2090
2024-05-13 17:44:59,-48.4745,17.845146,-45.398792,11.882999,869.09546,0.0026117016,3085.8201489818166,31.0,S_2090
2024-05-13 17:45:00,-48.44,17.845833,-45.34284,11.862017,869.0899,0.0026201466,3072.744025635373,31.0,S_2090
2024-05-13 17:45:01,-48.4064,17.846504,-45.28689,11.834041,869.0973,0.00262426,3058.9673103605746,31.0,S_2090
2024-05-13 17:45:02,-48.372772,17.847168,-45.230934,11.813058,869.1121,0.0023594731,3043.830133602547,31.0,S_2090
2024-05-13 17:45:03,-48.33911,17.84784,-45.17498,11.792076,869.07324,0.0023637014,3028.739566963486,31.0,S_2090
2024-05-13 17:45:04,-48.30542,17.848503,-45.119026,11.771093,868.9658,0.002069548,3011.7746363468905,31.0,S_2090
2024-05-13 17:45:05,-48.2717,17.849174,-45.063076,11.750112,868.88245,0.0020739825,2995.198416076484,31.0,S_2090
2024-05-13 17:45:06,-48.23795,17.849838,-45.007122,11.722135,868.87695,0.0020174016,2979.134437056724,31.0,S_2090
2024-05-13 17:45:07,-48.204166,17.85051,-44.944176,11.701153,868.90656,0.002022709,2958.270357059344,31.0,S_2090
2024-05-13 17:45:08,-48.170353,17.851173,-44.88822,11.68017,868.9306,0.0020299894,2941.129583162605,31.0,S_2090
2024-05-13 17:45:09,-48.136513,17.851837,-44.832268,11.659187,868.9121,0.002036083,2924.381205821439,31.0,S_2090
2024-05-13 17:45:10,-48.10264,17.8525,-44.776318,11.631211,868.8232,0.0020378234,2907.0117538424965,31.0,S_2090
2024-05-13 17:45:11,-48.068733,17.853165,-44.720364,11.610229,868.7195,0.0020423224,2890.008659141502,31.0,S_2090
2024-05-13 17:45:12,-48.034798,17.853836,-44.66441,11.589247,868.6843,0.0020495786,2874.615402792275,31.0,S_2090
2024-05-13 17:45:13,-48.00083,17.8545,-44.601463,11.568264,868.6991,0.0020548485,2854.087641213482,31.0,S_2090
2024-05-13 17:45:14,-47.96684,17.855164,-44.54551,11.547282,868.7047,0.0020581528,2837.2444158124854,31.0,S_2090
2024-05-13 17:45:15,-47.93281,17.855827,-44.48956,11.526299,868.7028,0.002062627,2820.4519136497547,31.0,S_2090
2024-05-13 17:45:16,-47.898754,17.856483,-44.433605,11.505317,868.7139,0.002069859,2804.0678354484844,31.0,S_2090
2024-05-13 17:45:17,-47.864666,17.857147,-44.37765,11.477341,868.71027,0.002074322,2787.0716892694327,31.0,S_2090
2024-05-13 17:45:18,-47.830547,17.857811,-44.321697,11.456358,868.6491,0.0020760177,2771.9853516669828,31.0,S_2090
2024-05-13 17:45:19,-47.796402,17.858475,-44.25875,11.435376,868.55835,0.0020828373,2753.3372533791116,31.0,S_2090
2024-05-13 17:45:20,-47.762222,17.859138,-44.195805,11.414393,868.49915,0.0020908196,2733.195307237009,31.0,S_2090
2024-05-13 17:45:21,-47.728012,17.859795,-44.13985,11.393412,868.49915,0.002095259,2715.165696537806,31.0,S_2090
2024-05-13 17:45:22,-47.69377,17.860458,-44.090893,11.372429,868.5102,0.0020961575,2702.351633467435,31.0,S_2090
2024-05-13 17:45:23,-47.6595,17.861115,-44.03494,11.351447,868.5065,0.0021005934,2686.311479815922,31.0,S_2090
2024-05-13 17:45:24,-47.6252,17.861778,-43.97899,11.32347,868.5121,0.002109371,2671.272699020701,31.0,S_2090
2024-05-13 17:45:25,-47.590866,17.862434,-43.916042,11.302488,868.5232,0.00211456,2652.9832165958214,31.0,S_2090
2024-05-13 17:45:26,-47.556503,17.863098,-43.853092,11.281506,868.4936,0.0021169842,2633.1377140127297,31.0,S_2090
2024-05-13 17:45:27,-47.52211,17.863754,-43.797142,11.260523,868.4084,0.0021213852,2616.962149318526,31.0,S_2090
2024-05-13 17:45:28,-47.487686,17.86441,-43.741188,11.239541,868.325,0.0020762389,2600.513079291937,31.0,S_2090
2024-05-13 17:45:29,-47.45323,17.865074,-43.685234,11.218558,868.2991,0.002082329,2582.567727789501,31.0,S_2090
2024-05-13 17:45:30,-47.418747,17.86573,-43.636276,11.1975765,868.3121,0.0020832876,2571.698405954594,31.0,S_2090
2024-05-13 17:45:31,-47.384235,17.866386,-43.57333,11.1696,868.3139,0.0020885295,2553.0447277099593,31.0,S_2090
2024-05-13 17:45:32,-47.34969,17.867043,-43.510384,11.148618,868.3121,0.002096524,2533.201545870659,31.0,S_2090
2024-05-13 17:45:33,-47.315113,17.867699,-43.45443,11.127635,868.32874,0.0021009892,2517.010831226813,31.0,S_2090
2024-05-13 17:45:34,-47.280506,17.868355,-43.398476,11.106652,868.325,0.0021042991,2500.8608980222634,31.0,S_2090
2024-05-13 17:45:35,-47.24587,17.86901,-43.34252,11.08567,868.2435,0.0021087565,2486.3460364957573,31.0,S_2090
2024-05-13 17:45:36,-47.2112,17.869667,-43.279575,11.064688,868.1361,0.0021167258,2466.721929357358,31.0,S_2090
2024-05-13 17:45:37,-47.1765,17.870323,-43.22362,11.043706,868.0917,0.002121172,2450.740616614421,31.0,S_2090
2024-05-13 17:45:38,-47.14177,17.870972,-43.16767,11.022723,868.1046,0.0020677724,2434.436881574933,31.0,S_2090
2024-05-13 17:45:39,-47.10701,17.871628,-43.111717,11.001741,868.12134,0.002073919,2418.1903118448536,31.0,S_2090
2024-05-13 17:45:40,-47.07222,17.872284,-43.055763,10.980759,868.11755,0.0020812063,2402.0094022046833,31.0,S_2090
2024-05-13 17:45:41,-47.0374,17.87294,-42.999813,10.959776,868.1231,0.00208573,2387.449154978589,31.0,S_2090
2024-05-13 17:45:42,-47.00255,17.873589,-42.936863,10.938794,868.13794,0.0020882383,2367.769708978667,31.0,S_2090
2024-05-13 17:45:43,-46.967667,17.874245,-42.880913,10.917811,868.09906,0.0020927566,2351.7268702368165,31.0,S_2090
2024-05-13 17:45:44,-46.932755,17.874893,-42.82496,10.89683,867.9935,0.0021000174,2335.7488745342853,31.0,S_2090
2024-05-13 17:45:45,-46.89781,17.87555,-42.769005,10.875847,867.9083,0.0021061408,2319.828839781505,31.0,S_2090
2024-05-13 17:45:46,-46.86284,17.876198,-42.713055,10.854865,867.8916,0.0021078796,2303.9420689519466,31.0,S_2090
2024-05-13 17:45:47,-46.827835,17.876846,-42.6571,10.833882,867.91754,0.0021123807,2288.4739598125016,31.0,S_2090
2024-05-13 17:45:48,-46.792797,17.877502,-42.601147,10.805905,867.9472,0.0021196243,2272.40489206207,31.0,S_2090
2024-05-13 17:45:49,-46.757732,17.87815,-42.545193,10.784924,867.9361,0.0021257354,2258.0425417952065,31.0,S_2090
2024-05-13 17:45:50,-46.722637,17.8788,-42.482246,10.770935,867.8509,0.0021281985,2239.0940598328016,31.0,S_2090
2024-05-13 17:45:51,-46.68751,17.879448,-42.426292,10.749953,867.7453,0.0021326737,2223.465048218277,31.0,S_2090
2024-05-13 17:45:52,-46.652355,17.880096,-42.370342,10.728971,867.71014,0.0021399062,2207.9047074884584,31.0,S_2090
2024-05-13 17:45:53,-46.61717,17.880745,-42.31439,10.707988,867.7268,0.0021443737,2192.772452666846,31.0,S_2090
2024-05-13 17:45:54,-46.581947,17.881393,-42.258434,10.680012,867.7305,0.002147708,2178.6222950264346,31.0,S_2090
2024-05-13 17:45:55,-46.5467,17.882042,-42.195488,10.659029,867.7287,0.0021529042,2161.2678484125645,31.0,S_2090
2024-05-13 17:45:56,-46.51142,17.88269,-42.13254,10.638047,867.7453,0.002160854,2142.0884715536085,31.0,S_2090
2024-05-13 17:45:57,-46.476112,17.883339,-42.076588,10.624059,867.7564,0.0021653043,2127.0813800302567,31.0,S_2090
2024-05-13 17:45:58,-46.440773,17.883987,-42.020638,10.603077,867.7083,0.0021669953,2110.2057308040676,31.0,S_2090
2024-05-13 17:45:59,-46.4054,17.884628,-41.971676,10.582094,867.599,0.0021706985,2100.1592577791307,31.0,S_2090
2024-05-13 17:46:00,-46.37,17.885277,-41.90873,10.561111,867.52313,0.0021786347,2081.464947592336,31.0,S_2090
2024-05-13 17:46:01,-46.334568,17.88594,-41.852776,10.54013,867.52124,0.00218473,2068.014223353006,31.0,S_2090
2024-05-13 17:46:02,-46.299103,17.886604,-41.78983,10.519147,867.53796,0.0021871547,2049.4206778383377,31.0,S_2090
2024-05-13 17:46:03,-46.26361,17.887268,-41.733875,10.498165,867.5361,0.0021916057,2034.414615832633,31.0,S_2090
2024-05-13 17:46:04,-46.22809,17.887924,-41.677925,10.477182,867.53796,0.0021988144,2019.4776680271898,31.0,S_2090
2024-05-13 17:46:05,-46.192535,17.888588,-41.62197,10.4562,867.549,0.0022032578,2006.241298131572,31.0,S_2090
2024-05-13 17:46:06,-46.156948,17.889244,-41.559025,10.435218,867.52124,0.0022073057,1987.5741925582406,31.0,S_2090
2024-05-13 17:46:07,-46.121334,17.8899,-41.50307,10.421229,867.4379,0.0022117335,1973.0635407210211,31.0,S_2090
2024-05-13 17:46:08,-46.08569,17.890556,-41.447117,10.400248,867.35266,0.0021701031,1958.0198225740605,31.0,S_2090
2024-05-13 17:46:09,-46.05001,17.891212,-41.391167,10.379265,867.3212,0.0021746114,1943.4255648787512,31.0,S_2090
2024-05-13 17:46:10,-46.014305,17.891869,-41.335213,10.351289,867.33417,0.0021763532,1927.8895766340283,31.0,S_2090
2024-05-13 17:46:11,-45.978565,17.892525,-41.27926,10.3373,867.3601,0.0021808513,1914.8923103027337,31.0,S_2090
2024-05-13 17:46:12,-45.9428,17.893173,-41.216312,10.316318,867.35266,0.002190484,1896.544590826874,31.0,S_2090
2024-05-13 17:46:13,-45.907,17.89383,-41.16036,10.295336,867.26935,0.0021949739,1881.7631990507361,31.0,S_2090
2024-05-13 17:46:14,-45.87117,17.894478,-41.10441,10.274353,867.1619,0.0021966966,1867.015736004978,31.0,S_2090
2024-05-13 17:46:15,-45.83531,17.895126,-41.048454,10.253371,867.1194,0.0022011842,1852.315015742497,31.0,S_2090
2024-05-13 17:46:16,-45.79942,17.895775,-40.9925,10.2323885,867.1323,0.0022084198,1837.680655262855,31.0,S_2090
2024-05-13 17:46:17,-45.7635,17.896423,-40.936546,10.211406,867.1471,0.002214557,1824.7670774312428,31.0,S_2090
2024-05-13 17:46:18,-45.72755,17.897072,-40.8736,10.190424,867.14343,0.0022169736,1808.3885696460202,31.0,S_2090
2024-05-13 17:46:19,-45.691566,17.89772,-40.810654,10.169441,867.1509,0.002222149,1788.7533637383312,31.0,S_2090
2024-05-13 17:46:20,-45.655556,17.898361,-40.761696,10.148459,867.1657,0.0022286633,1777.8340848729713,31.0,S_2090
2024-05-13 17:46:21,-45.61951,17.89901,-40.70574,10.127477,867.12494,0.0022331197,1765.1365462321846,31.0,S_2090
2024-05-13 17:46:22,-45.58344,17.89965,-40.642796,10.106495,867.0175,0.0022371926,1748.7211627111246,31.0,S_2090
2024-05-13 17:46:23,-45.547333,17.900291,-40.57985,10.092506,866.93787,0.0022423412,1729.5667822086252,31.0,S_2090
2024-05-13 17:46:24,-45.5112,17.900932,-40.530888,10.071524,866.936,0.0022488516,1718.8480700226355,31.0,S_2090
2024-05-13 17:46:25,-45.475033,17.901573,-40.474937,10.050542,866.9546,0.0022532856,1704.3795033327042,31.0,S_2090
2024-05-13 17:46:26,-45.43884,17.902214,-40.418983,10.036553,866.9508,0.0022549557,1692.2108822140435,31.0,S_2090
2024-05-13 17:46:27,-45.40261,17.902847,-40.356037,10.015571,866.949,0.0022600896,1674.65168798159,31.0,S_2090
2024-05-13 17:46:28,-45.366356,17.903488,-40.300083,9.994589,866.96564,0.0022672904,1662.728216626856,31.0,S_2090
2024-05-13 17:46:29,-45.330067,17.904121,-40.237137,9.966612,866.9619,0.002274092,1645.038556612999,31.0,S_2090
2024-05-13 17:46:30,-45.293747,17.904755,-40.181183,9.94563,866.88043,0.0022757435,1630.8123406063387,31.0,S_2090
2024-05-13 17:46:31,-45.2574,17.905388,-40.125233,9.931642,866.7731,0.0022801608,1617.2205102437874,31.0,S_2090
2024-05-13 17:46:32,-45.22102,17.906021,-40.06928,9.910659,866.7304,0.0022873413,1605.139579453622,31.0,S_2090
2024-05-13 17:46:33,-45.184612,17.906654,-40.006332,9.889677,866.74896,0.0022924463,1587.6087499744317,31.0,S_2090
2024-05-13 17:46:34,-45.14817,17.907288,-39.95038,9.875689,866.7823,0.002294082,1574.1645496388082,31.0,S_2090
2024-05-13 17:46:35,-45.111702,17.907913,-39.894424,9.854707,866.7879,0.002300183,1560.5146649727685,31.0,S_2090
2024-05-13 17:46:36,-45.0752,17.908546,-39.83847,9.833724,866.73413,0.0023073435,1546.9307058485283,31.0,S_2090
2024-05-13 17:46:37,-45.038666,17.909172,-39.78252,9.812741,866.6249,0.0023117387,1533.3985287701653,31.0,S_2090
2024-05-13 17:46:38,-45.002106,17.909798,-39.726566,9.7917595,866.54895,0.0023133606,1521.3369560259453,31.0,S_2090
2024-05-13 17:46:39,-44.96551,17.910423,-39.66362,9.777771,866.54895,0.0023184435,1504.6922116762871,31.0,S_2090
2024-05-13 17:46:40,-44.928886,17.911049,-39.607666,9.756789,866.5637,0.002325591,1491.3095528562408,31.0,S_2090
2024-05-13 17:46:41,-44.892235,17.911674,-39.551712,9.735806,866.56195,0.002331674,1477.985674872485,31.0,S_2090
2024-05-13 17:46:42,-44.85555,17.912292,-39.49576,9.714824,866.5656,0.0023332809,1466.4434885617811,31.0,S_2090
2024-05-13 17:46:43,-44.818832,17.912918,-39.43281,9.693842,866.5767,0.0023383407,1451.506683623753,31.0,S_2090
2024-05-13 17:46:44,-44.78209,17.913536,-39.369865,9.672859,866.5471,0.0023461676,1434.5625089966052,31.0,S_2090
2024-05-13 17:46:45,-44.74531,17.914154,-39.313915,9.658871,866.46375,0.0023505348,1421.7075735464168,31.0,S_2090
2024-05-13 17:46:46,-44.708504,17.914772,-39.25796,9.637889,866.38043,0.0023521234,1408.6230810331326,31.0,S_2090
2024-05-13 17:46:47,-44.671665,17.91539,-39.202007,9.616906,866.34705,0.0023581963,1393.8491007829143,31.0,S_2090
2024-05-13 17:46:48,-44.6348,17.916008,-39.15305,9.595924,866.3619,0.0023646473,1386.0932981830556,31.0,S_2090
2024-05-13 17:46:49,-44.5979,17.916626,-39.090103,9.574942,866.3878,0.0023696825,1371.5210318216123,31.0,S_2090
2024-05-13 17:46:50,-44.56097,17.917244,-39.027157,9.55396,866.37854,0.002066246,1352.9400623015536,31.0,S_2090
2024-05-13 17:46:51,-44.52401,17.917854,-38.971203,9.539971,866.2934,0.0020707233,1336.8568733385328,31.0,S_2090
2024-05-13 17:46:52,-44.487022,17.918465,-38.922245,9.518989,866.1878,0.0020772964,1327.101065540366,31.0,S_2090
2024-05-13 17:46:53,-44.45,17.919075,-38.859295,9.498007,866.15265,0.0020841658,1310.557151088913,31.0,S_2090
2024-05-13 17:46:54,-44.41295,17.919685,-38.79635,9.477024,866.1693,0.0023432344,1293.8195333213807,31.0,S_2090
2024-05-13 17:46:55,-44.375866,17.920296,-38.740395,9.463036,866.1748,0.0023476493,1281.1434203219687,31.0,S_2090
2024-05-13 17:46:56,-44.338753,17.920906,-38.684444,9.442054,866.1693,0.0023548366,1267.9446039919858,31.0,S_2090
2024-05-13 17:46:57,-44.301613,17.921516,-38.62849,9.428065,866.1767,0.0023592445,1255.3836215562042,31.0,S_2090
2024-05-13 17:46:58,-44.26444,17.92212,-38.572536,9.4070835,866.19336,0.0023608708,1242.6021111086739,31.0,S_2090
2024-05-13 17:46:59,-44.227234,17.92273,-38.516586,9.386101,866.15265,0.0023670061,1231.3475414051645,31.0,S_2090
2024-05-13 17:47:00,-44.19,17.923332,-38.453636,9.372112,866.04517,0.0023748535,1215.536103701641,31.0,S_2090
2024-05-13 17:47:01,-44.153145,17.923935,-38.397686,9.3511305,865.9637,0.0023793066,1202.9405846982118,31.0,S_2090
2024-05-13 17:47:02,-44.11624,17.924538,-38.341732,9.330148,865.9563,0.002380976,1190.3741271537583,31.0,S_2090
2024-05-13 17:47:03,-44.0793,17.925133,-38.285778,9.309165,865.9878,0.0023854189,1177.855781358463,31.0,S_2090
2024-05-13 17:47:04,-44.04231,17.925735,-38.229828,9.288183,866.0119,0.0023926385,1165.057137486001,31.0,S_2090
2024-05-13 17:47:05,-44.005276,17.92633,-38.173874,9.274195,865.9915,0.0023970716,1154.6936645099922,31.0,S_2090
2024-05-13 17:47:06,-43.968197,17.926926,-38.110928,9.253213,865.90265,0.002144942,1137.2853015870205,31.0,S_2090
2024-05-13 17:47:07,-43.931076,17.92752,-38.054974,9.23223,865.7989,0.0021494043,1123.3236283452861,31.0,S_2090
2024-05-13 17:47:08,-43.89391,17.928116,-37.99902,9.211247,865.7637,0.0021566444,1109.1110106061387,31.0,S_2090
2024-05-13 17:47:09,-43.856697,17.92871,-37.943066,9.19726,865.7804,0.0021611056,1097.1230160060222,31.0,S_2090
2024-05-13 17:47:10,-43.819443,17.929306,-37.88012,9.176277,865.78595,0.002163421,1079.9258015743544,31.0,S_2090
2024-05-13 17:47:11,-43.782143,17.929893,-37.82417,9.155295,865.7822,0.0021678642,1067.502746848244,31.0,S_2090
2024-05-13 17:47:12,-43.744797,17.930489,-37.76122,9.141307,865.79333,0.002177503,1049.0726821923745,31.0,S_2090
2024-05-13 17:47:13,-43.70741,17.931076,-37.71226,9.120324,865.7915,0.0021812827,1038.5002919824474,31.0,S_2090
2024-05-13 17:47:14,-43.669975,17.931671,-37.656307,9.106337,865.73035,0.0021829277,1025.1386621138663,31.0,S_2090
2024-05-13 17:47:15,-43.6325,17.932259,-37.600357,9.085354,865.63776,0.0021873522,1013.2248406170693,31.0,S_2090
2024-05-13 17:47:16,-43.594975,17.932846,-37.537407,9.064371,865.5785,0.0021952123,998.0113388514146,31.0,S_2090
2024-05-13 17:47:17,-43.557407,17.933434,-37.47446,9.043389,865.5785,0.0022002787,981.2167381209438,31.0,S_2090
2024-05-13 17:47:18,-43.5198,17.934013,-37.41851,9.022407,865.5896,0.0024594425,969.1294146941946,31.0,S_2090
2024-05-13 17:47:19,-43.482143,17.9346,-37.362556,9.008419,865.58777,0.0024638146,957.6931977919448,31.0,S_2090
2024-05-13 17:47:20,-43.444443,17.935188,-37.306602,8.987436,865.59143,0.0024709795,945.7169585236697,31.0,S_2090
2024-05-13 17:47:21,-43.406696,17.935768,-37.25065,8.973448,865.60254,0.0024753362,936.2436998047488,31.0,S_2090
2024-05-13 17:47:22,-43.368908,17.936348,-37.187702,8.952466,865.5748,0.0024775541,920.989698385878,31.0,S_2090
2024-05-13 17:47:23,-43.331074,17.936928,-37.131752,8.9384775,865.49146,0.00248191,909.7547641702404,31.0,S_2090
2024-05-13 17:47:24,-43.293198,17.937508,-37.075798,8.917495,865.40625,0.002489051,898.3512934277242,31.0,S_2090
2024-05-13 17:47:25,-43.255276,17.938087,-37.019844,8.896513,865.37476,0.002495186,887.0082450110349,31.0,S_2090
2024-05-13 17:47:26,-43.217308,17.938667,-36.96389,8.87553,865.38776,0.0022412299,875.408316390618,31.0,S_2090
2024-05-13 17:47:27,-43.1793,17.939247,-36.900944,8.861542,865.4137,0.0022462432,859.3753442609304,31.0,S_2090
2024-05-13 17:47:28,-43.141243,17.93982,-36.84499,8.84056,865.40625,0.002253401,846.184779802541,31.0,S_2090
2024-05-13 17:47:29,-43.10314,17.9404,-36.78904,8.826571,865.32104,0.002257762,833.6179179950559,31.0,S_2090
2024-05-13 17:47:30,-43.065,17.940971,-36.733086,8.80559,865.2155,0.002514712,822.5072509219171,31.0,S_2090
2024-05-13 17:47:31,-43.02681,17.941544,-36.67713,8.784607,865.1803,0.0025190336,813.3252622055006,31.0,S_2090
2024-05-13 17:47:32,-42.988575,17.942116,-36.614185,8.763624,865.1951,0.0025285883,800.5516153571662,31.0,S_2090
2024-05-13 17:47:33,-42.9503,17.942688,-36.55124,8.749637,865.2026,0.0025335401,786.5210128484468,31.0,S_2090
2024-05-13 17:47:34,-42.911976,17.94326,-36.495285,8.728654,865.197,0.0025350542,775.2408707042923,31.0,S_2090
2024-05-13 17:47:35,-42.873608,17.943832,-36.43933,8.714665,865.20435,0.0025393593,766.5180308529089,31.0,S_2090
2024-05-13 17:47:36,-42.835197,17.944397,-36.376385,8.693684,865.2192,0.0025470909,752.4186306212941,31.0,S_2090
2024-05-13 17:47:37,-42.79674,17.94497,-36.320435,8.672701,865.17847,0.0025513892,741.6995358798304,31.0,S_2090
2024-05-13 17:47:38,-42.758244,17.945534,-36.26448,8.651719,865.0729,0.0025547012,730.6278007870424,31.0,S_2090
2024-05-13 17:47:39,-42.719696,17.946098,-36.208527,8.637731,864.98956,0.002558991,720.2210062183731,31.0,S_2090
2024-05-13 17:47:40,-42.68111,17.94667,-36.152573,8.616748,864.984,0.002566077,711.2167135639611,31.0,S_2090
2024-05-13 17:47:41,-42.642475,17.947235,-36.089626,8.60276,865.0136,0.0025709881,699.1741683287837,31.0,S_2090
2024-05-13 17:47:42,-42.603798,17.947792,-36.02668,8.588772,865.03766,0.0025730925,683.7089657667238,31.0,S_2090
2024-05-13 17:47:43,-42.565075,17.948357,-35.977722,8.567789,865.01917,0.0025767381,676.5926619784004,31.0,S_2090
2024-05-13 17:47:44,-42.52631,17.948921,-35.92177,8.546807,864.92847,0.0025838083,665.8282884830987,31.0,S_2090
2024-05-13 17:47:45,-42.4875,17.949478,-35.865814,8.532819,864.82477,0.0025880754,657.663026639435,31.0,S_2090
2024-05-13 17:47:46,-42.448643,17.950043,-35.802868,8.511836,864.7914,0.0023370455,642.4361884258979,31.0,S_2090
2024-05-13 17:47:47,-42.40974,17.9506,-35.746914,8.490854,864.8062,0.0023413296,630.1968401428021,31.0,S_2090
2024-05-13 17:47:48,-42.370796,17.951157,-35.690964,8.476866,864.81177,0.0023484128,618.6094892131514,31.0,S_2090
2024-05-13 17:47:49,-42.33181,17.951714,-35.63501,8.455884,864.80994,0.002352688,606.483521857881,31.0,S_2090
2024-05-13 17:47:50,-42.292774,17.95227,-35.579056,8.4418955,864.821,0.0023541618,596.726722669031,31.0,S_2090
2024-05-13 17:47:51,-42.253696,17.952827,-35.51611,8.420913,864.8173,0.0023590396,583.5185510848096,31.0,S_2090
2024-05-13 17:47:52,-42.214577,17.953377,-35.453163,8.399931,864.75806,0.0023685761,568.26785307315,31.0,S_2090
2024-05-13 17:47:53,-42.175407,17.953934,-35.39721,8.385942,864.6673,0.0023728358,556.9432210805098,31.0,S_2090
2024-05-13 17:47:54,-42.136196,17.954483,-35.341255,8.36496,864.6044,0.0023742835,543.6835497438296,31.0,S_2090
2024-05-13 17:47:55,-42.096943,17.955032,-35.292297,8.343978,864.5988,0.002377918,536.9395719007007,31.0,S_2090
2024-05-13 17:47:56,-42.057644,17.95559,-35.22935,8.329989,864.62286,0.0023855881,522.4753174696816,31.0,S_2090
2024-05-13 17:47:57,-42.0183,17.956139,-35.173397,8.309008,864.6396,0.0023898308,512.5721172892518,31.0,S_2090
2024-05-13 17:47:58,-41.97891,17.956688,-35.11045,8.295019,864.59326,0.002391872,498.19658945774427,31.0,S_2090
2024-05-13 17:47:59,-41.939476,17.95723,-35.054497,8.274036,864.48584,0.0023979733,486.56715935429384,31.0,S_2090
2024-05-13 17:48:00,-41.899998,17.957779,-34.998547,8.260048,864.4081,0.002405016,475.5967204619228,31.0,S_2090
2024-05-13 17:48:01,-41.860558,17.95832,-34.942593,8.239066,864.4062,0.002409319,465.9151533016993,31.0,S_2090
2024-05-13 17:48:02,-41.82107,17.958862,-34.879646,8.225078,864.42285,0.002666003,453.4128488405113,31.0,S_2090
2024-05-13 17:48:03,-41.781536,17.959404,-34.823692,8.204096,864.421,0.0026702723,443.5933708149678,31.0,S_2090
2024-05-13 17:48:04,-41.741955,17.959938,-34.76774,8.190107,864.4191,0.0026773487,436.46765944259823,31.0,S_2090
2024-05-13 17:48:05,-41.702324,17.96048,-34.704792,8.169125,864.4358,0.0026822113,423.9349342733767,31.0,S_2090
2024-05-13 17:48:06,-41.662647,17.961014,-34.648838,8.148143,864.4321,0.0024290925,412.6493603932031,31.0,S_2090
2024-05-13 17:48:07,-41.622925,17.961555,-34.592888,8.134154,864.35065,0.0024352402,401.63096711867547,31.0,S_2090
2024-05-13 17:48:08,-41.583153,17.96209,-34.536934,8.120166,864.24316,0.0024423082,392.88609898264986,31.0,S_2090
2024-05-13 17:48:09,-41.543335,17.962624,-34.473988,8.099184,864.2006,0.0024471579,378.5275894745864,31.0,S_2090
2024-05-13 17:48:10,-41.50347,17.963158,-34.418034,8.085196,864.2191,0.0024485819,369.8701150249981,31.0,S_2090
2024-05-13 17:48:11,-41.46356,17.963692,-34.355087,8.064213,864.2506,0.002453415,355.99456246475165,31.0,S_2090
2024-05-13 17:48:12,-41.4236,17.964226,-34.299133,8.043231,864.258,0.0024604683,345.0357393366867,31.0,S_2090
2024-05-13 17:48:13,-41.38359,17.96476,-34.24318,8.0292425,864.20245,0.0024646823,334.7228821241879,31.0,S_2090
2024-05-13 17:48:14,-41.343536,17.965286,-34.18723,8.008261,864.0951,0.002467988,323.85503100465576,31.0,S_2090
2024-05-13 17:48:15,-41.303436,17.96582,-34.131275,7.994272,864.0191,0.0024721986,315.11376479358296,31.0,S_2090
2024-05-13 17:48:16,-41.263287,17.966347,-34.06833,7.9802837,864.0173,0.0024398263,301.4677887408616,31.0,S_2090
2024-05-13 17:48:17,-41.22309,17.966873,-34.012375,7.9593015,864.03394,0.002444081,290.9065667766845,31.0,S_2090
2024-05-13 17:48:18,-41.18285,17.967407,-33.95642,7.938319,864.03204,0.0024455066,279.97685697925044,31.0,S_2090
2024-05-13 17:48:19,-41.14256,17.967934,-33.90047,7.9243307,864.03394,0.002449747,269.6935807452537,31.0,S_2090
2024-05-13 17:48:20,-41.102222,17.96846,-33.844517,7.9033484,864.04504,0.0024965801,261.0297528067167,31.0,S_2090
2024-05-13 17:48:21,-41.061836,17.968987,-33.78157,7.8893604,864.0173,0.0025013443,247.90004205598962,31.0,S_2090
2024-05-13 17:48:22,-41.021404,17.969513,-33.725616,7.868378,863.93396,0.0027589796,239.043866410153,31.0,S_2090
2024-05-13 17:48:23,-40.980927,17.970032,-33.669662,7.8543897,863.8506,0.0027631319,232.53167437168304,31.0,S_2090
2024-05-13 17:48:24,-40.9404,17.970558,-33.606716,7.8404016,863.81726,0.0027706914,221.22465798347548,31.0,S_2090
2024-05-13 17:48:25,-40.899826,17.971085,-33.550762,7.8194194,863.8302,0.0027748388,214.64363848084759,31.0,S_2090
2024-05-13 17:48:26,-40.859207,17.971603,-33.487816,7.805431,863.85614,0.0025224069,199.91338873600762,31.0,S_2090
2024-05-13 17:48:27,-40.81854,17.972122,-33.438858,7.7844486,863.84875,0.0025259606,195.18936976327677,31.0,S_2090
2024-05-13 17:48:28,-40.77782,17.972641,-33.37591,7.7634664,863.7654,0.0024941608,181.5748125352111,31.0,S_2090
2024-05-13 17:48:29,-40.73706,17.973167,-33.319958,7.749478,863.6598,0.002498339,173.30572751593718,31.0,S_2090
2024-05-13 17:48:30,-40.69625,17.973686,-33.25701,7.73549,863.61536,0.0025002633,160.38107178233622,31.0,S_2090
2024-05-13 17:48:31,-40.65539,17.974205,-33.201057,7.7145076,863.6283,0.002506386,150.52921763871564,31.0,S_2090
2024-05-13 17:48:32,-40.61449,17.974716,-33.145103,7.6935253,863.645,0.0025133768,140.3265264662623,31.0,S_2090
2024-05-13 17:48:33,-40.573536,17.975235,-33.089153,7.679537,863.6413,0.0025175319,130.3614670244133,31.0,S_2090
2024-05-13 17:48:34,-40.53254,17.975754,-33.0332,7.665549,863.64685,0.0025188492,122.33888280313113,31.0,S_2090
2024-05-13 17:48:35,-40.491493,17.976265,-32.970253,7.6515603,863.6617,0.0025235678,109.68173698511964,31.0,S_2090
2024-05-13 17:48:36,-40.4504,17.976784,-32.9143,7.630578,863.6228,0.002530536,100.09502124803839,31.0,S_2090
2024-05-13 17:48:37,-40.40926,17.977295,-32.858345,7.609596,863.5154,0.0025366417,90.14566030490096,31.0,S_2090
2024-05-13 17:48:38,-40.368073,17.977806,-32.802395,7.5956078,863.432,0.0027921181,82.49130885189516,31.0,S_2090
2024-05-13 17:48:39,-40.32684,17.978317,-32.74644,7.574625,863.4265,0.0027962187,76.3570591241587,31.0,S_2090
2024-05-13 17:48:40,-40.285557,17.978828,-32.683495,7.560637,863.45795,0.0028037273,65.64084898179863,31.0,S_2090
2024-05-13 17:48:41,-40.24423,17.97934,-32.62754,7.5396547,863.48206,0.002807823,57.49698852583242,31.0,S_2090
2024-05-13 17:48:42,-40.20285,17.97985,-32.571587,7.525666,863.4617,0.002809082,52.12281502268161,31.0,S_2090
2024-05-13 17:48:43,-40.161427,17.980362,-32.50864,7.504684,863.37274,0.0028137246,43.02927464079403,31.0,S_2090
2024-05-13 17:48:44,-40.119957,17.980865,-32.445694,7.490696,863.26904,0.002821204,32.049821270105895,31.0,S_2090
2024-05-13 17:48:45,-40.078438,17.981377,-32.38974,7.4767075,863.2339,0.0028252709,22.685151761674206,31.0,S_2090
2024-05-13 17:48:46,-40.036873,17.98188,-32.340782,7.455725,863.25055,0.0025738408,0.0,31.0,S_2090
