datetime,mlat,mlt,glat,glon,alt,Ex,pot,cpcp_kV,pass_id
2024-05-10 18:50:53,40.02059,18.203606,43.412464,337.52194,853.3257,-0.02142604,-138.10401125639493,96.0,N_739
2024-05-10 18:50:54,40.1036,18.203491,43.46842,337.50095,853.3257,-0.021444583,-264.82569632535166,96.0,N_739
2024-05-10 18:50:55,40.186527,18.20337,43.52437,337.47998,853.3257,-0.021463051,-407.84281382346694,96.0,N_739
2024-05-10 18:50:56,40.269375,18.203255,43.58732,337.45898,853.3257,-0.021609088,-550.5445708687189,96.0,N_739
2024-05-10 18:50:57,40.35215,18.203133,43.650265,337.43802,853.3257,-0.021874307,-678.6989779530387,96.0,N_739
2024-05-10 18:50:58,40.43484,18.20301,43.70622,337.41702,853.3257,-0.021900646,-808.3303512660669,96.0,N_739
2024-05-10 18:50:59,40.51746,18.202896,43.76217,337.39606,853.3257,-0.02216836,-939.704182365399,96.0,N_739
2024-05-10 18:51:00,40.6,18.202774,43.818123,337.37506,853.3257,-0.021937894,-1086.0843493247628,96.0,N_739
2024-05-10 18:51:01,40.681805,18.202644,43.88107,337.3541,853.3257,-0.021815507,-1213.8310655142302,96.0,N_739
2024-05-10 18:51:02,40.763554,18.202515,43.937023,337.3331,853.3257,-0.021833768,-1346.713397404967,96.0,N_739
2024-05-10 18:51:03,40.84525,18.202385,43.992977,337.3051,853.3257,-0.02209961,-1477.3310648976135,96.0,N_739
2024-05-10 18:51:04,40.926888,18.202255,44.048927,337.28415,853.3257,-0.021977574,-1607.4384688584619,96.0,N_739
2024-05-10 18:51:05,41.008472,18.202126,44.10488,337.26315,853.3257,-0.022256874,-1739.3217319223568,96.0,N_739
2024-05-10 18:51:06,41.09,18.201996,44.160835,337.2422,853.3257,-0.022406034,-1889.0463264942716,96.0,N_739
2024-05-10 18:51:07,41.17147,18.201866,44.22378,337.2212,853.3257,-0.022814991,-2023.1737768787411,96.0,N_739
2024-05-10 18:51:08,41.252888,18.201736,44.279736,337.20023,853.3257,-0.02231078,-2155.3877686467913,96.0,N_739
2024-05-10 18:51:09,41.334248,18.2016,44.335686,337.17923,853.3257,-0.022588618,-2293.159542693807,96.0,N_739
2024-05-10 18:51:10,41.415554,18.20147,44.39164,337.15125,853.3257,-0.022869145,-2445.9142701887677,96.0,N_739
2024-05-10 18:51:11,41.496803,18.20134,44.454586,337.13028,853.3257,-0.022229994,-2576.2613124479626,96.0,N_739
2024-05-10 18:51:12,41.578,18.20121,44.51054,337.10928,853.3257,-0.022379521,-2725.7433076334064,96.0,N_739
2024-05-10 18:51:13,41.659138,18.20108,44.573486,337.08832,853.3238,-0.022922643,-2864.326868898864,96.0,N_739
2024-05-10 18:51:14,41.740223,18.200943,44.62944,337.06033,853.3238,-0.022543268,-2997.7390520807853,96.0,N_739
2024-05-10 18:51:15,41.821247,18.200813,44.685394,337.03934,853.32935,-0.022439476,-3113.946706519965,96.0,N_739
2024-05-10 18:51:16,41.90222,18.200684,44.734352,337.01837,853.33124,-0.022976886,-3269.047340655642,96.0,N_739
2024-05-10 18:51:17,41.98314,18.200554,44.7973,336.99738,853.31647,-0.023126086,-3408.8979163823356,96.0,N_739
2024-05-10 18:51:18,42.064,18.200417,44.853252,336.96942,853.3071,-0.02300936,-3562.6217569523483,96.0,N_739
2024-05-10 18:51:19,42.144806,18.200287,44.9162,336.94843,853.3682,-0.023026505,-3680.8168733375282,96.0,N_739
2024-05-10 18:51:20,42.225555,18.200157,44.965157,336.92743,853.4794,-0.023311332,-3838.2818128416957,96.0,N_739
2024-05-10 18:51:21,42.306248,18.20002,45.028103,336.90646,853.5405,-0.023461452,-3976.4817020469477,96.0,N_739
2024-05-10 18:51:22,42.386887,18.19989,45.084057,336.88547,853.53125,-0.023612676,-4134.76630091565,96.0,N_739
2024-05-10 18:51:23,42.467472,18.199753,45.147003,336.8645,853.5146,-0.023627399,-4277.8530313462525,96.0,N_739
2024-05-10 18:51:24,42.548,18.199623,45.202957,336.83652,853.5146,-0.023512565,-4417.4128336789045,96.0,N_739
2024-05-10 18:51:25,42.62847,18.199486,45.25891,336.81555,853.52014,-0.023520496,-4561.097841477069,96.0,N_739
2024-05-10 18:51:26,42.70889,18.199356,45.314865,336.78757,853.522,-0.023815745,-4702.5963478358635,96.0,N_739
2024-05-10 18:51:27,42.78925,18.199219,45.370815,336.76657,853.52014,-0.023543831,-4842.5977292657635,96.0,N_739
2024-05-10 18:51:28,42.869556,18.19909,45.42677,336.7456,853.52014,-0.02355151,-5000.418110423395,96.0,N_739
2024-05-10 18:51:29,42.949806,18.198952,45.489716,336.7246,853.52014,-0.023836028,-5140.950298575228,96.0,N_739
2024-05-10 18:51:30,43.03,18.198822,45.54567,336.70364,853.52014,-0.024008617,-5287.777526642639,96.0,N_739
2024-05-10 18:51:31,43.110138,18.198685,45.601624,336.67566,853.52014,-0.024140917,-5431.328805102785,96.0,N_739
2024-05-10 18:51:32,43.19022,18.198555,45.657574,336.65466,853.52014,-0.02415664,-5575.232369479031,96.0,N_739
2024-05-10 18:51:33,43.27025,18.198418,45.713528,336.6337,853.52014,-0.02417476,-5737.498503808245,96.0,N_739
2024-05-10 18:51:34,43.35022,18.19828,45.776474,336.6127,853.52014,-0.024056459,-5879.409132301229,96.0,N_739
2024-05-10 18:51:35,43.430138,18.19815,45.832428,336.59174,853.52014,-0.023939325,-6025.702615775272,96.0,N_739
2024-05-10 18:51:36,43.51,18.198013,45.888382,336.56375,853.52014,-0.024102215,-6168.966176883209,96.0,N_739
2024-05-10 18:51:37,43.589806,18.197876,45.944332,336.54276,853.52014,-0.024242701,-6317.209170839697,96.0,N_739
2024-05-10 18:51:38,43.669556,18.197739,46.000286,336.5148,853.52014,-0.024124727,-6478.819876822412,96.0,N_739
2024-05-10 18:51:39,43.74925,18.197609,46.063232,336.4938,853.52014,-0.024140935,-6639.4579642980925,96.0,N_739
2024-05-10 18:51:40,43.828888,18.197472,46.12618,336.47284,853.52014,-0.024303326,-6769.030971460831,96.0,N_739
2024-05-10 18:51:41,43.90847,18.197334,46.17514,336.44485,853.52014,-0.024309374,-6914.91712117073,96.0,N_739
2024-05-10 18:51:42,43.988,18.197197,46.23109,336.42386,853.52014,-0.024473377,-7060.777581345918,96.0,N_739
2024-05-10 18:51:43,44.06747,18.19706,46.287045,336.4029,853.52014,-0.024344126,-7224.193769346306,96.0,N_739
2024-05-10 18:51:44,44.14689,18.19693,46.34999,336.3819,853.52014,-0.024360089,-7371.787252725486,96.0,N_739
2024-05-10 18:51:45,44.22625,18.196793,46.405945,336.3539,853.52014,-0.024377264,-7535.151845300701,96.0,N_739
2024-05-10 18:51:46,44.305553,18.196655,46.46889,336.33295,853.52014,-0.024664478,-7684.717748057701,96.0,N_739
2024-05-10 18:51:47,44.384804,18.196518,46.524845,336.30496,853.52014,-0.024681807,-7831.614091952955,96.0,N_739
2024-05-10 18:51:48,44.464,18.19638,46.5808,336.284,853.52014,-0.02483591,-7965.481747349064,96.0,N_739
2024-05-10 18:51:49,44.54314,18.196243,46.629757,336.256,853.5238,-0.024717553,-8113.937290475462,96.0,N_739
2024-05-10 18:51:50,44.622223,18.196106,46.68571,336.23502,853.52014,-0.024732172,-8280.07986067392,96.0,N_739
2024-05-10 18:51:51,44.70125,18.195969,46.748657,336.21405,853.5072,-0.024885187,-8449.425712532182,96.0,N_739
2024-05-10 18:51:52,44.780224,18.195831,46.811604,336.18607,853.52014,-0.024487762,-8593.706175645062,96.0,N_739
2024-05-10 18:51:53,44.85914,18.195694,46.867558,336.1651,853.5942,-0.024504319,-8743.429784427677,96.0,N_739
2024-05-10 18:51:54,44.938,18.195557,46.923508,336.13712,853.68494,-0.024510479,-8889.1849926804,96.0,N_739
2024-05-10 18:51:55,45.016804,18.19542,46.97946,336.11612,853.7294,-0.024396392,-9034.446939203666,96.0,N_739
2024-05-10 18:51:56,45.095554,18.195282,47.035416,336.09515,853.7239,-0.024412565,-9179.820142984052,96.0,N_739
2024-05-10 18:51:57,45.17425,18.195145,47.09137,336.07416,853.7109,-0.024428662,-9347.072407808031,96.0,N_739
2024-05-10 18:51:58,45.252888,18.195,47.154316,336.04617,853.71277,-0.024443345,-9494.717418616376,96.0,N_739
2024-05-10 18:51:59,45.33147,18.194862,47.21027,336.01822,853.71643,-0.02459574,-9640.971216350676,96.0,N_739
2024-05-10 18:52:00,45.41,18.194725,47.26622,335.99722,853.71643,-0.024611756,-9791.301979964306,96.0,N_739
2024-05-10 18:52:01,45.488472,18.194603,47.322174,335.96924,853.71454,-0.02503464,-9940.353040449067,96.0,N_739
2024-05-10 18:52:02,45.566887,18.19448,47.378128,335.94827,853.71454,-0.025050947,-10093.52950915373,96.0,N_739
2024-05-10 18:52:03,45.64525,18.194351,47.43408,335.9203,853.71454,-0.02534294,-10263.716993543741,96.0,N_739
2024-05-10 18:52:04,45.723557,18.19423,47.49703,335.89932,853.71454,-0.025229134,-10416.70235633974,96.0,N_739
2024-05-10 18:52:05,45.801804,18.1941,47.55298,335.87134,853.71454,-0.025374409,-10567.917256594266,96.0,N_739
2024-05-10 18:52:06,45.88,18.193977,47.608932,335.85034,853.71454,-0.02540108,-10723.319583779352,96.0,N_739
2024-05-10 18:52:07,45.958138,18.193848,47.664886,335.8224,853.71454,-0.025135364,-10891.993341654344,96.0,N_739
2024-05-10 18:52:08,46.03622,18.193718,47.727833,335.8014,853.71454,-0.025429595,-11046.240714207896,96.0,N_739
2024-05-10 18:52:09,46.11425,18.193588,47.783787,335.7734,853.71454,-0.025585998,-11198.755452228235,96.0,N_739
2024-05-10 18:52:10,46.192223,18.193466,47.839737,335.75244,853.71454,-0.02532147,-11353.59073764923,96.0,N_739
2024-05-10 18:52:11,46.270138,18.193329,47.89569,335.72446,853.71454,-0.025477547,-11505.418412069908,96.0,N_739
2024-05-10 18:52:12,46.348,18.1932,47.951645,335.70346,853.71454,-0.025350422,-11660.392243341596,96.0,N_739
2024-05-10 18:52:13,46.425804,18.19307,48.0076,335.6755,853.71454,-0.025506645,-11831.689435878674,96.0,N_739
2024-05-10 18:52:14,46.503555,18.19294,48.070545,335.6545,853.71643,-0.025239412,-12003.307208997754,96.0,N_739
2024-05-10 18:52:15,46.58125,18.192802,48.13349,335.62653,853.71643,-0.024971088,-12150.511790622435,96.0,N_739
2024-05-10 18:52:16,46.65889,18.192673,48.189445,335.60556,853.71454,-0.024842046,-12302.092891877826,96.0,N_739
2024-05-10 18:52:17,46.736473,18.192535,48.245396,335.57758,853.71454,-0.025139999,-12432.807708189053,96.0,N_739
2024-05-10 18:52:18,46.814,18.192406,48.294357,335.5566,853.7183,-0.02516676,-12587.816502112764,96.0,N_739
2024-05-10 18:52:19,46.89147,18.192268,48.350307,335.52863,853.72015,-0.024745401,-12734.884835542289,96.0,N_739
2024-05-10 18:52:20,46.968887,18.192131,48.40626,335.50763,853.7053,-0.024334455,-12883.06948806867,96.0,N_739
2024-05-10 18:52:21,47.04625,18.191994,48.462215,335.47968,853.6868,-0.024061171,-13043.948711712996,96.0,N_739
2024-05-10 18:52:22,47.123554,18.191856,48.52516,335.45868,853.71454,-0.023330359,-13184.209207636071,96.0,N_739
2024-05-10 18:52:23,47.200806,18.19172,48.581116,335.4307,853.81464,-0.023638444,-13345.070178955144,96.0,N_739
2024-05-10 18:52:24,47.278,18.191582,48.644062,335.40274,853.90906,-0.023953544,-13489.126738757854,96.0,N_739
2024-05-10 18:52:25,47.35514,18.191437,48.700016,335.37476,853.92944,-0.026005076,-13644.2135275525,96.0,N_739
2024-05-10 18:52:26,47.432224,18.1913,48.755966,335.35376,853.9109,-0.027882906,-13815.561198986798,96.0,N_739
2024-05-10 18:52:27,47.50925,18.191154,48.81192,335.3258,853.90533,-0.024323052,-13978.279908937562,96.0,N_739
2024-05-10 18:52:28,47.586224,18.191017,48.874866,335.3048,853.9109,-0.032782804,-14180.393328400625,96.0,N_739
2024-05-10 18:52:29,47.66314,18.190872,48.93082,335.27682,853.9109,-0.025507608,-14332.255461889348,96.0,N_739
2024-05-10 18:52:30,47.74,18.190727,48.986774,335.25586,853.9109,-0.029222285,-14512.315231175959,96.0,N_739
2024-05-10 18:52:31,47.816807,18.19059,49.042725,335.22787,853.90906,-0.02730507,-14679.548985137062,96.0,N_739
2024-05-10 18:52:32,47.893555,18.190445,49.09868,335.1999,853.90906,-0.025387857,-14834.189284364282,96.0,N_739
2024-05-10 18:52:33,47.97025,18.1903,49.154633,335.17194,853.9109,-0.025790825,-15007.389931876782,96.0,N_739
2024-05-10 18:52:34,48.04689,18.190147,49.21758,335.15094,853.9109,-0.02666103,-15169.288658833353,96.0,N_739
2024-05-10 18:52:35,48.123474,18.190002,49.273533,335.12296,853.90906,-0.020408554,-15291.284629973317,96.0,N_739
2024-05-10 18:52:36,48.2,18.189857,49.329483,335.09497,853.90906,-0.018086784,-15398.062964329692,96.0,N_739
2024-05-10 18:52:37,48.276474,18.189705,49.385437,335.06702,853.9109,-0.02419875,-15541.490118164307,96.0,N_739
2024-05-10 18:52:38,48.35289,18.18956,49.44139,335.04602,853.9109,-0.028769348,-15718.44951715092,96.0,N_739
2024-05-10 18:52:39,48.42925,18.189407,49.497345,335.01804,853.90906,-0.026109347,-15893.879363603262,96.0,N_739
2024-05-10 18:52:40,48.505554,18.189262,49.56029,334.99707,853.90906,-0.018672733,-16003.390525996983,96.0,N_739
2024-05-10 18:52:41,48.581806,18.18911,49.61624,334.9691,853.9109,-0.022227103,-16151.004823384377,96.0,N_739
2024-05-10 18:52:42,48.658,18.188957,49.67919,334.94812,853.9109,-0.021384338,-16262.519260574669,96.0,N_739
2024-05-10 18:52:43,48.73414,18.188805,49.72815,334.92014,853.9109,-0.02335844,-16405.049858658116,96.0,N_739
2024-05-10 18:52:44,48.810223,18.188652,49.784103,334.89215,853.90906,-0.020642668,-16528.466951073144,96.0,N_739
2024-05-10 18:52:45,48.88625,18.1885,49.840054,334.86417,853.9109,-0.018969536,-16655.045936453025,96.0,N_739
2024-05-10 18:52:46,48.962223,18.188347,49.903004,334.8362,853.9146,-0.015818018,-16743.40294122998,96.0,N_739
2024-05-10 18:52:47,49.03814,18.188187,49.958954,334.81522,853.9109,-0.024044432,-16889.297996373603,96.0,N_739
2024-05-10 18:52:48,49.114002,18.188034,50.014908,334.78723,853.89606,-0.024415325,-17037.328075936588,96.0,N_739
2024-05-10 18:52:49,49.189804,18.187874,50.07086,334.75928,853.90906,-0.02252673,-17173.002643841657,96.0,N_739
2024-05-10 18:52:50,49.265556,18.187721,50.126812,334.7313,853.98315,-0.02308911,-17329.547175052063,96.0,N_739
2024-05-10 18:52:51,49.34125,18.187561,50.189762,334.7033,854.07385,-0.017498584,-17415.449887152714,96.0,N_739
2024-05-10 18:52:52,49.41689,18.1874,50.23872,334.68234,854.1183,-0.020779286,-17541.251790230057,96.0,N_739
2024-05-10 18:52:53,49.492474,18.187248,50.294674,334.65436,854.11273,-0.021940954,-17689.390999458894,96.0,N_739
2024-05-10 18:52:54,49.568,18.187088,50.35762,334.62637,854.1016,-0.020625006,-17811.246700134372,96.0,N_739
2024-05-10 18:52:55,49.643475,18.186928,50.41357,334.5984,854.1016,-0.01928381,-17940.016214106694,96.0,N_739
2024-05-10 18:52:56,49.71889,18.18676,50.47652,334.57043,854.10535,-0.021919714,-18050.866463276103,96.0,N_739
2024-05-10 18:52:57,49.79425,18.1866,50.52548,334.54944,854.10535,-0.02889702,-18229.640926364937,96.0,N_739
2024-05-10 18:52:58,49.869556,18.18644,50.581432,334.52145,854.1035,-0.018504864,-18352.70439658299,96.0,N_739
2024-05-10 18:52:59,49.944805,18.186272,50.64438,334.4935,854.10535,-0.020034753,-18485.582406570313,96.0,N_739
2024-05-10 18:53:00,50.02,18.186111,50.707325,334.4655,854.10535,-0.018131616,-18591.08667717029,96.0,N_739
2024-05-10 18:53:01,50.09473,18.185936,50.76328,334.43753,854.10535,-0.02218932,-18724.37739960379,96.0,N_739
2024-05-10 18:53:02,50.16942,18.185753,50.81923,334.40958,854.10535,-0.015050637,-18811.064264620796,96.0,N_739
2024-05-10 18:53:03,50.244064,18.185577,50.875183,334.3816,854.10535,-0.013424564,-18887.12363276221,96.0,N_739
2024-05-10 18:53:04,50.31867,18.185394,50.931137,334.3536,854.10535,-0.01444632,-18959.192847928975,96.0,N_739
2024-05-10 18:53:05,50.39323,18.185219,50.980095,334.32562,854.10535,-0.015468077,-19047.873207286393,96.0,N_739
2024-05-10 18:53:06,50.46775,18.185036,51.03605,334.30466,854.10535,-0.016959935,-19159.896082336356,96.0,N_739
2024-05-10 18:53:07,50.54223,18.18486,51.098995,334.27667,854.10535,-0.013464421,-19244.909523882772,96.0,N_739
2024-05-10 18:53:08,50.61667,18.184677,51.16194,334.2487,854.10535,-0.016481237,-19339.550026299232,96.0,N_739
2024-05-10 18:53:09,50.691063,18.184502,51.217896,334.22073,854.10535,-0.01621878,-19433.79954992534,96.0,N_739
2024-05-10 18:53:10,50.76542,18.184319,51.27385,334.19275,854.10535,-0.01418998,-19514.795748259232,96.0,N_739
2024-05-10 18:53:11,50.83973,18.184135,51.3298,334.16476,854.10535,-0.01716909,-19615.226731200823,96.0,N_739
2024-05-10 18:53:12,50.914,18.18396,51.385754,334.13678,854.10535,-0.01966716,-19731.93093565263,96.0,N_739
2024-05-10 18:53:13,50.988228,18.183777,51.441708,334.10883,854.1035,-0.020584028,-19869.980527973963,96.0,N_739
2024-05-10 18:53:14,51.062416,18.183594,51.504654,334.08084,854.1035,-0.028651696,-20043.952873823073,96.0,N_739
2024-05-10 18:53:15,51.136562,18.18341,51.560608,334.05286,854.1072,-0.0251208,-20196.18967594851,96.0,N_739
2024-05-10 18:53:16,51.210667,18.183228,51.616558,334.02487,854.1091,-0.023950512,-20340.77641706348,96.0,N_739
2024-05-10 18:53:17,51.28473,18.183052,51.672512,333.99692,854.0961,-0.024345778,-20469.955862743605,96.0,N_739
2024-05-10 18:53:18,51.35875,18.182869,51.72147,333.96893,854.0906,-0.022411872,-20609.38193043891,96.0,N_739
2024-05-10 18:53:19,51.43273,18.182686,51.777424,333.93396,854.135,-0.0184498,-20731.6053079612,96.0,N_739
2024-05-10 18:53:20,51.506668,18.182503,51.84037,333.90598,854.22577,-0.020703906,-20853.659021061143,96.0,N_739
2024-05-10 18:53:21,51.580563,18.18232,51.896324,333.87802,854.2998,-0.023325749,-21011.54354184554,96.0,N_739
2024-05-10 18:53:22,51.65442,18.182137,51.95927,333.85004,854.3128,-0.021671403,-21139.890244578444,96.0,N_739
2024-05-10 18:53:23,51.72823,18.181953,52.015224,333.82205,854.2998,-0.0208616,-21261.64923751111,96.0,N_739
2024-05-10 18:53:24,51.802002,18.18177,52.07118,333.8011,854.29614,-0.022354912,-21395.989892215417,96.0,N_739
2024-05-10 18:53:25,51.87573,18.181587,52.12713,333.7731,854.2998,-0.022321982,-21533.34469728402,96.0,N_739
2024-05-10 18:53:26,51.949417,18.181404,52.183083,333.73813,854.2998,-0.018803861,-21644.02184046824,96.0,N_739
2024-05-10 18:53:27,52.023064,18.181213,52.239037,333.71014,854.2998,-0.018714895,-21754.35434883218,96.0,N_739
2024-05-10 18:53:28,52.09667,18.18103,52.29499,333.6822,854.2998,-0.018625928,-21878.033506476917,96.0,N_739
2024-05-10 18:53:29,52.17023,18.180847,52.357937,333.6542,854.2998,-0.018536963,-21985.873661637404,96.0,N_739
2024-05-10 18:53:30,52.24375,18.180664,52.413887,333.62622,854.2998,-0.021244401,-22112.656581683364,96.0,N_739
2024-05-10 18:53:31,52.31723,18.180473,52.46984,333.59824,854.2998,-0.021698564,-22242.370609704496,96.0,N_739
2024-05-10 18:53:32,52.390667,18.18029,52.525795,333.57028,854.2998,-0.019207168,-22358.8189733583,96.0,N_739
2024-05-10 18:53:33,52.46406,18.180107,52.58175,333.5353,854.2998,-0.01671577,-22455.82259290045,96.0,N_739
2024-05-10 18:53:34,52.53742,18.179916,52.6377,333.50732,854.2998,-0.017315768,-22556.986411530113,96.0,N_739
2024-05-10 18:53:35,52.61073,18.179733,52.693653,333.47934,854.2998,-0.017108634,-22656.791989604062,96.0,N_739
2024-05-10 18:53:36,52.684002,18.17955,52.749607,333.45135,854.2998,-0.0169015,-22767.877139565673,96.0,N_739
2024-05-10 18:53:37,52.75723,18.17936,52.812553,333.4234,854.2998,-0.017807368,-22870.89678669495,96.0,N_739
2024-05-10 18:53:38,52.830418,18.179176,52.868507,333.39542,854.2979,-0.013470176,-22946.995121048145,96.0,N_739
2024-05-10 18:53:39,52.903564,18.178986,52.924458,333.36743,854.2979,-0.014127485,-23027.360548309513,96.0,N_739
2024-05-10 18:53:40,52.976665,18.178802,52.98041,333.33948,854.2998,-0.016771492,-23127.453558438603,96.0,N_739
2024-05-10 18:53:41,53.04973,18.178612,53.036366,333.3045,854.30536,-0.013418164,-23202.94271501768,96.0,N_739
2024-05-10 18:53:42,53.12275,18.178421,53.09232,333.27652,854.2998,-0.014713831,-23287.101386198563,96.0,N_739
2024-05-10 18:53:43,53.19573,18.178238,53.14827,333.24854,854.2794,-0.013638641,-23366.306913238634,96.0,N_739
2024-05-10 18:53:44,53.26867,18.178047,53.204224,333.21356,854.2998,-0.01256345,-23436.21065989197,96.0,N_739
2024-05-10 18:53:45,53.341564,18.177856,53.260178,333.1856,854.3961,-0.0133845555,-23521.73521153093,96.0,N_739
2024-05-10 18:53:46,53.414417,18.177673,53.323124,333.15762,854.49426,-0.012906058,-23594.71928304722,96.0,N_739
2024-05-10 18:53:47,53.48723,18.177483,53.379078,333.12265,854.51465,-0.013158254,-23668.472252760243,96.0,N_739
2024-05-10 18:53:48,53.56,18.177292,53.435028,333.09467,854.49426,-0.012080879,-23735.477573822747,96.0,N_739
2024-05-10 18:53:49,53.63273,18.177101,53.490982,333.06668,854.4869,-0.011368454,-23799.52068158041,96.0,N_739
2024-05-10 18:53:50,53.705418,18.17691,53.546936,333.0317,854.49054,-0.011840476,-23864.684282831895,96.0,N_739
2024-05-10 18:53:51,53.778065,18.17672,53.602886,333.00375,854.49615,-0.012607883,-23936.945293329867,96.0,N_739
2024-05-10 18:53:52,53.850666,18.176529,53.65884,332.96878,854.49426,-0.011727626,-24001.375996231614,96.0,N_739
2024-05-10 18:53:53,53.92323,18.176346,53.714794,332.9408,854.49426,-0.01102544,-24069.75934808071,96.0,N_739
2024-05-10 18:53:54,53.99575,18.176155,53.77774,332.9128,854.49426,-0.012072693,-24135.35783049351,96.0,N_739
2024-05-10 18:53:55,54.06823,18.175964,53.833694,332.88486,854.49426,-0.012402127,-24206.207175768657,96.0,N_739
2024-05-10 18:53:56,54.140667,18.175766,53.88965,332.84988,854.49426,-0.012876957,-24278.074362053565,96.0,N_739
2024-05-10 18:53:57,54.213062,18.175575,53.9456,332.8219,854.49426,-0.013308496,-24354.918894159793,96.0,N_739
2024-05-10 18:53:58,54.285416,18.175385,54.001553,332.78693,854.49426,-0.013658857,-24431.855902323965,96.0,N_739
2024-05-10 18:53:59,54.35773,18.175194,54.057507,332.75894,854.49426,-0.01352868,-24508.182777245933,96.0,N_739
2024-05-10 18:54:00,54.43,18.175003,54.113457,332.731,854.49426,-0.013398503,-24585.5913358798,96.0,N_739
2024-05-10 18:54:01,54.50182,18.174942,54.16941,332.696,854.49426,-0.013247657,-24669.777964951227,96.0,N_739
2024-05-10 18:54:02,54.573612,18.174866,54.232357,332.66803,854.49426,-0.014047228,-24748.15423007631,96.0,N_739
2024-05-10 18:54:03,54.645374,18.174797,54.28831,332.64005,854.49426,-0.014223313,-24830.995119713767,96.0,N_739
2024-05-10 18:54:04,54.71711,18.174713,54.344265,332.60507,854.49243,-0.014218324,-24913.536420309065,96.0,N_739
2024-05-10 18:54:05,54.78882,18.174637,54.40022,332.5701,854.49426,-0.0140918465,-24993.22208404636,96.0,N_739
2024-05-10 18:54:06,54.8605,18.174545,54.45617,332.54214,854.4998,-0.013618251,-25070.097901370333,96.0,N_739
2024-05-10 18:54:07,54.93215,18.174454,54.512123,332.51416,854.49426,-0.01343349,-25147.654953838566,96.0,N_739
2024-05-10 18:54:08,55.003777,18.174355,54.568077,332.4792,854.47205,-0.012453689,-25216.702238324426,96.0,N_739
2024-05-10 18:54:09,55.075375,18.174255,54.624027,332.4512,854.4702,-0.014371081,-25300.44967969957,96.0,N_739
2024-05-10 18:54:10,55.146946,18.174149,54.67998,332.41623,854.53687,-0.015070546,-25386.453859084184,96.0,N_739
2024-05-10 18:54:11,55.218487,18.174042,54.735935,332.38828,854.648,-0.01577001,-25479.443543949914,96.0,N_739
2024-05-10 18:54:12,55.29,18.173927,54.79189,332.3533,854.7073,-0.01681609,-25591.48535284953,96.0,N_739
2024-05-10 18:54:13,55.361485,18.173805,54.854836,332.31833,854.698,-0.016227277,-25683.661636127854,96.0,N_739
2024-05-10 18:54:14,55.432945,18.173683,54.910786,332.29034,854.68317,-0.0154920025,-25774.767594982994,96.0,N_739
2024-05-10 18:54:15,55.504375,18.173553,54.96674,332.25537,854.68506,-0.013998246,-25853.791299009183,96.0,N_739
2024-05-10 18:54:16,55.57578,18.173416,55.022694,332.2274,854.69055,-0.014549044,-25938.618976788453,96.0,N_739
2024-05-10 18:54:17,55.647152,18.173279,55.078648,332.19244,854.69055,-0.015099843,-26026.830530911855,96.0,N_739
2024-05-10 18:54:18,55.7185,18.173141,55.134598,332.15747,854.6887,-0.015650641,-26116.543113448686,96.0,N_739
2024-05-10 18:54:19,55.789818,18.172997,55.19055,332.1295,854.6887,-0.016345967,-26213.231579125564,96.0,N_739
2024-05-10 18:54:20,55.86111,18.172844,55.246506,332.0945,854.6887,-0.017086308,-26325.074778558006,96.0,N_739
2024-05-10 18:54:21,55.932373,18.172684,55.309452,332.06653,854.6887,-0.020420823,-26447.378970238366,96.0,N_739
2024-05-10 18:54:22,56.003613,18.172523,55.365406,332.03156,854.6887,-0.01440543,-26528.97977307806,96.0,N_739
2024-05-10 18:54:23,56.074818,18.172363,55.421356,332.0036,854.6887,-0.015572349,-26620.49679949295,96.0,N_739
2024-05-10 18:54:24,56.146,18.172188,55.47731,331.96863,854.6887,-0.016739266,-26719.46009603314,96.0,N_739
2024-05-10 18:54:25,56.21715,18.17202,55.533264,331.93365,854.6887,-0.018456139,-26827.285859178515,96.0,N_739
2024-05-10 18:54:26,56.288277,18.171837,55.58922,331.90567,854.6887,-0.010568307,-26885.68661411674,96.0,N_739
2024-05-10 18:54:27,56.359375,18.171654,55.64517,331.8707,854.6887,-0.014990207,-26973.050302224045,96.0,N_739
2024-05-10 18:54:28,56.430443,18.17147,55.701122,331.83572,854.6887,-0.019412106,-27089.615251975894,96.0,N_739
2024-05-10 18:54:29,56.501484,18.171272,55.757076,331.80075,854.6869,-0.015879573,-27180.71019682534,96.0,N_739
2024-05-10 18:54:30,56.5725,18.171082,55.813026,331.7728,854.6869,-0.0152524635,-27270.02215698398,96.0,N_739
2024-05-10 18:54:31,56.643486,18.170876,55.86898,331.73782,854.69055,-0.017060231,-27383.614776967348,96.0,N_739
2024-05-10 18:54:32,56.714443,18.17067,55.931927,331.70285,854.69434,-0.012770133,-27454.953698358524,96.0,N_739
2024-05-10 18:54:33,56.785374,18.170464,55.98788,331.66788,854.6776,-0.015679633,-27546.791601662524,96.0,N_739
2024-05-10 18:54:34,56.856277,18.170242,56.043835,331.6329,854.6702,-0.013194215,-27622.205569420363,96.0,N_739
2024-05-10 18:54:35,56.92715,18.170029,56.099785,331.59793,854.7295,-0.010999946,-27673.494098158575,96.0,N_739
2024-05-10 18:54:36,56.998,18.1698,56.148746,331.56995,854.83875,-0.013080042,-27759.367819328923,96.0,N_739
2024-05-10 18:54:37,57.068817,18.16957,56.211693,331.53497,854.90546,-0.013200335,-27833.495427125144,96.0,N_739
2024-05-10 18:54:38,57.13961,18.169342,56.267647,331.5,854.90546,-0.013320629,-27909.700908314167,96.0,N_739
2024-05-10 18:54:39,57.210373,18.169098,56.323597,331.46503,854.8832,-0.013440921,-27986.68689763883,96.0,N_739
2024-05-10 18:54:40,57.28111,18.168861,56.37955,331.43008,854.8776,-0.013561214,-28064.46413882127,96.0,N_739
2024-05-10 18:54:41,57.351818,18.16861,56.435505,331.3951,854.8832,-0.016293047,-28158.156196244698,96.0,N_739
2024-05-10 18:54:42,57.4225,18.168358,56.49146,331.36713,854.8851,-0.019825058,-28292.136814349222,96.0,N_739
2024-05-10 18:54:43,57.493153,18.168106,56.554405,331.33215,854.8832,-0.020537572,-28414.5583838212,96.0,N_739
2024-05-10 18:54:44,57.563778,18.167847,56.610355,331.29718,854.8832,-0.022149138,-28548.891384782313,96.0,N_739
2024-05-10 18:54:45,57.634373,18.16758,56.66631,331.2622,854.8832,-0.025704155,-28706.63121759633,96.0,N_739
2024-05-10 18:54:46,57.704945,18.167313,56.722263,331.22723,854.8832,-0.029259171,-28887.771647715123,96.0,N_739
2024-05-10 18:54:47,57.775486,18.167038,56.778217,331.19226,854.8832,-0.029527152,-29070.639505429455,96.0,N_739
2024-05-10 18:54:48,57.846,18.166756,56.834167,331.1573,854.8832,-0.029795133,-29255.258737666336,96.0,N_739
2024-05-10 18:54:49,57.916485,18.166473,56.89012,331.1223,854.8832,-0.030063111,-29441.597486363247,96.0,N_739
2024-05-10 18:54:50,57.986942,18.166183,56.946075,331.08737,854.8832,-0.030331092,-29607.492917478903,96.0,N_739
2024-05-10 18:54:51,58.057373,18.165894,56.995033,331.0524,854.8832,-0.02682922,-29793.695241779234,96.0,N_739
2024-05-10 18:54:52,58.127777,18.165596,57.05798,331.01743,854.8832,-0.02332735,-29934.334652218062,96.0,N_739
2024-05-10 18:54:53,58.19815,18.16529,57.113934,330.98245,854.88135,-0.019825479,-30067.903773444483,96.0,N_739
2024-05-10 18:54:54,58.268497,18.164986,57.17688,330.94748,854.8851,-0.025161033,-30220.568067337794,96.0,N_739
2024-05-10 18:54:55,58.338818,18.16468,57.232834,330.9125,854.88873,-0.02716569,-30367.79409707091,96.0,N_739
2024-05-10 18:54:56,58.40911,18.16436,57.28179,330.87753,854.8721,-0.02423447,-30534.89368275552,96.0,N_739
2024-05-10 18:54:57,58.479374,18.16404,57.344738,330.84256,854.8554,-0.029721105,-30721.8385465897,96.0,N_739
2024-05-10 18:54:58,58.54961,18.16372,57.400692,330.8006,854.8832,-0.03520774,-30941.537530618923,96.0,N_739
2024-05-10 18:54:59,58.61982,18.163391,57.456646,330.76562,854.9832,-0.04069438,-31197.519157770064,96.0,N_739
2024-05-10 18:55:00,58.69,18.163055,57.512596,330.73065,855.0777,-0.042553976,-31434.519638504207,96.0,N_739
2024-05-10 18:55:01,58.76007,18.162643,57.561558,330.69568,855.0962,-0.044413578,-31716.175027702746,96.0,N_739
2024-05-10 18:55:02,58.830116,18.16224,57.617508,330.6607,855.0777,-0.029455625,-31898.19357686118,96.0,N_739
2024-05-10 18:55:03,58.900135,18.161827,57.673462,330.62573,855.07214,-0.017629806,-32005.000154323294,96.0,N_739
2024-05-10 18:55:04,58.97013,18.161407,57.729416,330.58377,855.0777,-0.0058039855,-32031.295056926458,96.0,N_739
2024-05-10 18:55:05,59.040104,18.160988,57.78537,330.5488,855.0795,-0.0126463715,-32102.781546302034,96.0,N_739
2024-05-10 18:55:06,59.11005,18.160568,57.84132,330.51385,855.0795,-0.019488757,-32219.22263896206,96.0,N_739
2024-05-10 18:55:07,59.17997,18.160149,57.897274,330.47888,855.0777,-0.018099904,-32326.52338883971,96.0,N_739
2024-05-10 18:55:08,59.249866,18.159729,57.953228,330.4439,855.0777,-0.01671105,-32424.68155698679,96.0,N_739
2024-05-10 18:55:09,59.319736,18.159302,58.00918,330.40894,855.0777,-0.015322197,-32527.060023517348,96.0,N_739
2024-05-10 18:55:10,59.389584,18.158875,58.07213,330.36697,855.0777,-0.022483299,-32661.54326943236,96.0,N_739
2024-05-10 18:55:11,59.459404,18.15844,58.12808,330.332,855.0777,-0.028052565,-32834.11755181597,96.0,N_739
2024-05-10 18:55:12,59.529198,18.158012,58.184032,330.29703,855.0777,-0.021667691,-32967.79535626948,96.0,N_739
2024-05-10 18:55:13,59.59897,18.157578,58.239986,330.25507,855.0777,-0.022000596,-33100.34657775256,96.0,N_739
2024-05-10 18:55:14,59.668716,18.157143,58.295937,330.2201,855.0777,-0.022333499,-33238.4326824333,96.0,N_739
2024-05-10 18:55:15,59.738438,18.1567,58.35189,330.17813,855.0777,-0.025716275,-33395.33337801999,96.0,N_739
2024-05-10 18:55:16,59.808132,18.156258,58.407845,330.14316,855.0777,-0.018874189,-33507.58036806608,96.0,N_739
2024-05-10 18:55:17,59.877804,18.155815,58.4638,330.1082,855.0777,-0.012032101,-33576.59300611319,96.0,N_739
2024-05-10 18:55:18,59.94745,18.155373,58.51975,330.06622,855.0758,-0.0051900144,-33598.82483487464,96.0,N_739
2024-05-10 18:55:19,60.01707,18.154922,58.575703,330.03125,855.0777,-0.021295838,-33729.82565086629,96.0,N_739
2024-05-10 18:55:20,60.086666,18.154472,58.631657,329.9893,855.0832,-0.018608633,-33840.02230646703,96.0,N_739
2024-05-10 18:55:21,60.156235,18.154022,58.68761,329.9543,855.0777,-0.01592143,-33935.003490408206,96.0,N_739
2024-05-10 18:55:22,60.22578,18.153572,58.74356,329.91235,855.05914,-0.013234227,-34019.80566073397,96.0,N_739
2024-05-10 18:55:23,60.295303,18.153114,58.806507,329.87738,855.0777,0.025063252,-33839.350557820624,96.0,N_739
2024-05-10 18:55:24,60.3648,18.152657,58.86246,329.83542,855.17395,-0.0036209607,-33851.28987193504,96.0,N_739
2024-05-10 18:55:25,60.43427,18.152191,58.918415,329.80045,855.2721,-0.032305174,-34032.47362866383,96.0,N_739
2024-05-10 18:55:26,60.503716,18.151733,58.967373,329.75848,855.30176,-0.017559707,-34124.060020826684,96.0,N_739
2024-05-10 18:55:27,60.573135,18.151268,59.01633,329.7235,855.28326,-0.0028142396,-34134.68732123836,96.0,N_739
2024-05-10 18:55:28,60.642532,18.150803,59.07928,329.68155,855.26843,0.0119312275,-34043.506357765546,96.0,N_739
2024-05-10 18:55:29,60.711903,18.15033,59.13523,329.64658,855.27026,-0.0011098341,-34040.21261794372,96.0,N_739
2024-05-10 18:55:30,60.78125,18.149857,59.198177,329.6046,855.274,0.029622033,-33829.324940761195,96.0,N_739
2024-05-10 18:55:31,60.85057,18.149384,59.25413,329.56265,855.274,0.022176169,-33688.7697593276,96.0,N_739
2024-05-10 18:55:32,60.919865,18.14891,59.30309,329.52768,855.2721,0.014730304,-33580.20007899321,96.0,N_739
2024-05-10 18:55:33,60.989136,18.14843,59.359043,329.48572,855.2721,0.007284439,-33520.77824358956,96.0,N_739
2024-05-10 18:55:34,61.05838,18.147957,59.414997,329.45074,855.2721,-0.0068207183,-33554.79075080866,96.0,N_739
2024-05-10 18:55:35,61.1276,18.147469,59.47095,329.40878,855.2721,-0.006684788,-33592.54291015558,96.0,N_739
2024-05-10 18:55:36,61.1968,18.146988,59.533897,329.36682,855.2721,-0.0065488582,-33623.203115205455,96.0,N_739
2024-05-10 18:55:37,61.26597,18.1465,59.58985,329.32483,855.2721,-0.006412928,-33648.65808306106,96.0,N_739
2024-05-10 18:55:38,61.335114,18.146011,59.63881,329.2899,855.2721,-0.0062769977,-33680.305570122866,96.0,N_739
2024-05-10 18:55:39,61.404236,18.145523,59.69476,329.2479,855.2721,-0.004151817,-33695.71192183247,96.0,N_739
2024-05-10 18:55:40,61.47333,18.145027,59.750713,329.21292,855.2721,-0.00775345,-33735.90543775563,96.0,N_739
2024-05-10 18:55:41,61.542404,18.144531,59.806667,329.17096,855.2721,-0.004393026,-33753.450417764754,96.0,N_739
2024-05-10 18:55:42,61.61145,18.144035,59.86262,329.129,855.2721,9.733559e-05,-33741.07497234736,96.0,N_739
2024-05-10 18:55:43,61.68047,18.14354,59.91857,329.08704,855.27026,0.0039751264,-33699.95202020287,96.0,N_739
2024-05-10 18:55:44,61.749466,18.143036,59.98152,329.04507,855.2721,0.000526819,-33683.44381229025,96.0,N_739
2024-05-10 18:55:45,61.818436,18.142532,60.03747,329.0031,855.2777,-0.0002843925,-33673.41607093609,96.0,N_739
2024-05-10 18:55:46,61.887383,18.142029,60.086433,328.96115,855.2795,-0.00058764766,-33666.89323469885,96.0,N_739
2024-05-10 18:55:47,61.956303,18.141518,60.142384,328.9192,855.261,-0.00089090277,-33660.46893696651,96.0,N_739
2024-05-10 18:55:48,62.0252,18.141006,60.19134,328.87723,855.2536,-0.0006958731,-33655.18317310144,96.0,N_739
2024-05-10 18:55:49,62.09407,18.140495,60.25429,328.83527,855.3147,-0.0009923717,-33649.42279636425,96.0,N_739
2024-05-10 18:55:50,62.162914,18.139984,60.317238,328.8003,855.42584,-0.0019737661,-33649.822302129105,96.0,N_739
2024-05-10 18:55:51,62.231735,18.139465,60.37319,328.75833,855.48694,-0.0063607395,-33680.429831425085,96.0,N_739
2024-05-10 18:55:52,62.300533,18.138947,60.429142,328.71634,855.47766,-0.008418863,-33718.616986863635,96.0,N_739
2024-05-10 18:55:53,62.3693,18.138428,60.478104,328.67438,855.461,-0.0031204862,-33728.947733466855,96.0,N_739
2024-05-10 18:55:54,62.43805,18.137901,60.534054,328.63242,855.461,3.1339558e-05,-33717.077334443275,96.0,N_739
2024-05-10 18:55:55,62.50677,18.137375,60.583015,328.59045,855.46655,-0.00930765,-33775.37442030687,96.0,N_739
2024-05-10 18:55:56,62.575466,18.136848,60.64596,328.5485,855.46844,-0.0045977808,-33796.35350003489,96.0,N_739
2024-05-10 18:55:57,62.644135,18.136322,60.708908,328.50653,855.46655,-0.0022018473,-33798.03040298937,96.0,N_739
2024-05-10 18:55:58,62.71278,18.135788,60.764862,328.46457,855.46655,-0.003631872,-33807.84340066373,96.0,N_739
2024-05-10 18:55:59,62.781403,18.135254,60.81382,328.4226,855.46655,-0.0050618965,-33831.770276941505,96.0,N_739
2024-05-10 18:56:00,62.85,18.13472,60.869774,328.37366,855.46655,-0.0045296033,-33849.932073150936,96.0,N_739
2024-05-10 18:56:01,62.91865,18.134163,60.925724,328.33167,855.46655,-0.005881564,-33877.30983728205,96.0,N_739
2024-05-10 18:56:02,62.987278,18.133614,60.981678,328.2897,855.46655,0.00041284942,-33862.91360052786,96.0,N_739
2024-05-10 18:56:03,63.055874,18.133049,61.037632,328.24774,855.46655,0.001468868,-33841.51572621335,96.0,N_739
2024-05-10 18:56:04,63.124443,18.132492,61.093582,328.20578,855.46655,-0.00073921477,-33834.77079995379,96.0,N_739
2024-05-10 18:56:05,63.192986,18.131935,61.149536,328.16382,855.46655,-0.0022055695,-33838.05577028417,96.0,N_739
2024-05-10 18:56:06,63.261497,18.13137,61.20549,328.11487,855.46655,-0.0011696072,-33833.92418885338,96.0,N_739
2024-05-10 18:56:07,63.329983,18.130806,61.261444,328.0729,855.46655,-0.00015858981,-33823.33760376146,96.0,N_739
2024-05-10 18:56:08,63.39844,18.130241,61.317394,328.03094,855.46844,-0.00063883385,-33815.9388225914,96.0,N_739
2024-05-10 18:56:09,63.466873,18.129677,61.37335,327.98895,855.47034,-0.00091749616,-33810.51180349716,96.0,N_739
2024-05-10 18:56:10,63.535275,18.129105,61.429302,327.94,855.45917,-0.00023072294,-33800.00098683825,96.0,N_739
2024-05-10 18:56:11,63.603653,18.128532,61.47826,327.89804,855.4536,0.00010011984,-33788.98418874803,96.0,N_739
2024-05-10 18:56:12,63.671997,18.127968,61.534214,327.85608,855.49805,0.0002887893,-33775.20405941216,96.0,N_739
2024-05-10 18:56:13,63.74032,18.127388,61.59716,327.80713,855.5869,-0.00046057976,-33765.187879427554,96.0,N_739
2024-05-10 18:56:14,63.80861,18.126816,61.653114,327.75815,855.6611,-0.0012099488,-33761.34085649068,96.0,N_739
2024-05-10 18:56:15,63.876873,18.126236,61.709064,327.7162,855.6759,-0.0013541671,-33757.71139150219,96.0,N_739
2024-05-10 18:56:16,63.94511,18.125664,61.758026,327.67422,855.6611,-0.0010547134,-33754.3540884401,96.0,N_739
2024-05-10 18:56:17,64.01332,18.125084,61.813976,327.63226,855.6573,-0.0010047839,-33749.5358640963,96.0,N_739
2024-05-10 18:56:18,64.0815,18.124496,61.86993,327.5833,855.6611,-0.00047417273,-33740.83249897789,96.0,N_739
2024-05-10 18:56:19,64.14965,18.123917,61.925884,327.54135,855.6629,-0.0013140299,-33738.10470031505,96.0,N_739
2024-05-10 18:56:20,64.21777,18.12333,61.98184,327.49237,855.6611,-0.0016501333,-33737.398325612536,96.0,N_739
2024-05-10 18:56:21,64.28587,18.122742,62.03779,327.44342,855.6611,-0.00058499293,-33729.43876572065,96.0,N_739
2024-05-10 18:56:22,64.35394,18.122154,62.093742,327.40146,855.6611,0.0012035636,-33709.747257882176,96.0,N_739
2024-05-10 18:56:23,64.42198,18.121567,62.149696,327.3525,855.6611,0.0021666843,-33683.32914389618,96.0,N_739
2024-05-10 18:56:24,64.49,18.120972,62.205647,327.30356,855.6611,0.0037041747,-33647.03673035513,96.0,N_739
2024-05-10 18:56:25,64.55798,18.120384,62.2616,327.26157,855.6611,0.0044186697,-33605.71014533676,96.0,N_739
2024-05-10 18:56:26,64.625946,18.11979,62.317554,327.21262,855.6611,0.004302757,-33564.933057548515,96.0,N_739
2024-05-10 18:56:27,64.69387,18.119194,62.37351,327.16367,855.6611,0.0038070583,-33530.77176374895,96.0,N_739
2024-05-10 18:56:28,64.76177,18.118591,62.422466,327.1217,855.6611,0.004499707,-33490.19431140371,96.0,N_739
2024-05-10 18:56:29,64.82965,18.117996,62.47842,327.07272,855.6611,0.0047129383,-33446.69196781223,96.0,N_739
2024-05-10 18:56:30,64.8975,18.117393,62.53437,327.02377,855.6611,0.005603028,-33397.921777594696,96.0,N_739
2024-05-10 18:56:31,64.96532,18.11679,62.590324,326.9818,855.6629,0.0056225904,-33348.569936054395,96.0,N_739
2024-05-10 18:56:32,65.03311,18.116188,62.64628,326.93286,855.6629,0.005437293,-33300.23653839198,96.0,N_739
2024-05-10 18:56:33,65.100876,18.115578,62.70223,326.8839,855.6611,0.005470248,-33251.690715366174,96.0,N_739
2024-05-10 18:56:34,65.16861,18.114975,62.758183,326.83493,855.6592,0.004594185,-33209.04664596411,96.0,N_739
2024-05-10 18:56:35,65.23632,18.114365,62.814137,326.78598,855.6611,0.004711481,-33165.62796838786,96.0,N_739
2024-05-10 18:56:36,65.304,18.113754,62.87009,326.73703,855.6666,0.004828777,-33121.433158727574,96.0,N_739
2024-05-10 18:56:37,65.37165,18.113144,62.92604,326.68805,855.6611,0.0052094525,-33075.336547136045,96.0,N_739
2024-05-10 18:56:38,65.43928,18.112526,62.981995,326.6461,855.6425,0.005590128,-33026.300174677905,96.0,N_739
2024-05-10 18:56:39,65.506874,18.111908,63.03795,326.59714,855.6611,0.005970803,-32974.482769701,96.0,N_739
2024-05-10 18:56:40,65.57444,18.111298,63.0939,326.5482,855.7573,0.005817594,-32927.877976935495,96.0,N_739
2024-05-10 18:56:41,65.64198,18.110672,63.14286,326.4992,855.8555,0.0054917214,-32880.55579315513,96.0,N_739
2024-05-10 18:56:42,65.709496,18.110054,63.19881,326.45026,855.88513,0.0053264936,-32836.92479418758,96.0,N_739
2024-05-10 18:56:43,65.776985,18.109436,63.247772,326.4013,855.86664,0.0058639236,-32787.13357553378,96.0,N_739
2024-05-10 18:56:44,65.844444,18.10881,63.303722,326.35236,855.8518,0.00504216,-32740.920521295302,96.0,N_739
2024-05-10 18:56:45,65.91187,18.108185,63.359676,326.2964,855.85364,0.005063383,-32695.022760035536,96.0,N_739
2024-05-10 18:56:46,65.97928,18.10756,63.41563,326.24744,855.85736,0.006283879,-32641.205135605,96.0,N_739
2024-05-10 18:56:47,66.04665,18.106926,63.471584,326.1985,855.85736,0.0075142905,-32579.160780933926,96.0,N_739
2024-05-10 18:56:48,66.114,18.1063,63.527534,326.1495,855.8555,0.0071764505,-32524.559471948483,96.0,N_739
2024-05-10 18:56:49,66.18132,18.105667,63.576496,326.10056,855.8555,0.0068386104,-32468.326301062494,96.0,N_739
2024-05-10 18:56:50,66.24861,18.105034,63.632446,326.0516,855.85736,0.008465738,-32398.83462177126,96.0,N_739
2024-05-10 18:56:51,66.31587,18.1044,63.6884,325.99564,855.85736,0.009642659,-32322.37493933004,96.0,N_739
2024-05-10 18:56:52,66.38311,18.10376,63.744354,325.9467,855.8555,0.010205961,-32241.067192005794,96.0,N_739
2024-05-10 18:56:53,66.45032,18.103127,63.800304,325.89075,855.8555,0.009252059,-32167.2586152217,96.0,N_739
2024-05-10 18:56:54,66.5175,18.102486,63.85626,325.84177,855.85736,0.008298158,-32100.09315230926,96.0,N_739
2024-05-10 18:56:55,66.58465,18.101845,63.912212,325.79282,855.85736,0.008506433,-32030.439147265948,96.0,N_739
2024-05-10 18:56:56,66.65178,18.101196,63.968166,325.73685,855.85736,0.0079825595,-31965.1819870578,96.0,N_739
2024-05-10 18:56:57,66.71887,18.100555,64.02412,325.6879,855.8555,0.008723391,-31894.102607587112,96.0,N_739
2024-05-10 18:56:58,66.78594,18.099907,64.08007,325.63196,855.85736,0.0077501256,-31830.42837674512,96.0,N_739
2024-05-10 18:56:59,66.85298,18.099258,64.136024,325.58298,855.85736,0.007063108,-31770.695096707936,96.0,N_739
2024-05-10 18:57:00,66.92,18.09861,64.19198,325.52704,855.85736,0.0062144133,-31721.802241943886,96.0,N_739
2024-05-10 18:57:01,66.98641,18.098305,64.24094,325.4781,855.8555,0.005185835,-31676.120355218583,96.0,N_739
2024-05-10 18:57:02,67.05282,18.097984,64.29689,325.42212,855.8555,0.005381855,-31632.211746102068,96.0,N_739
2024-05-10 18:57:03,67.11921,18.097656,64.34585,325.37317,855.8592,0.0052266545,-31586.947756302474,96.0,N_739
2024-05-10 18:57:04,67.1856,18.097313,64.4018,325.32422,855.8611,0.00561797,-31537.129475402242,96.0,N_739
2024-05-10 18:57:05,67.251976,18.096954,64.457756,325.26825,855.84625,0.0061633755,-31483.389177235367,96.0,N_739
2024-05-10 18:57:06,67.31835,18.09658,64.5137,325.2123,855.837,0.007207614,-31422.56828742388,96.0,N_739
2024-05-10 18:57:07,67.38471,18.096191,64.56966,325.15634,855.89813,0.0077421423,-31359.10779650627,96.0,N_739
2024-05-10 18:57:08,67.451065,18.095795,64.62561,325.1074,856.0092,0.0073896814,-31302.57548619915,96.0,N_739
2024-05-10 18:57:09,67.51741,18.095383,64.67457,325.05145,856.0703,0.008295718,-31235.669602177513,96.0,N_739
2024-05-10 18:57:10,67.58375,18.094955,64.73052,324.99548,856.0629,0.009180643,-31161.545947054263,96.0,N_739
2024-05-10 18:57:11,67.65008,18.09452,64.786476,324.93954,856.0444,0.00745271,-31094.595773647932,96.0,N_739
2024-05-10 18:57:12,67.7164,18.09407,64.84943,324.89056,856.0444,0.0069523104,-31034.636670287804,96.0,N_739
2024-05-10 18:57:13,67.78271,18.093605,64.90537,324.83463,856.0518,0.007847402,-30969.623768887686,96.0,N_739
2024-05-10 18:57:14,67.849014,18.093124,64.96133,324.77866,856.0518,0.008489525,-30906.317745226814,96.0,N_739
2024-05-10 18:57:15,67.91531,18.092628,65.010284,324.72272,856.0518,0.009431735,-30831.85109122486,96.0,N_739
2024-05-10 18:57:16,67.9816,18.092125,65.06624,324.66675,856.0499,0.012229943,-30737.229304635905,96.0,N_739
2024-05-10 18:57:17,68.047874,18.091606,65.12219,324.6108,856.0518,0.01311784,-30645.96182908003,96.0,N_739
2024-05-10 18:57:18,68.11415,18.091072,65.17115,324.55487,856.0518,0.013316091,-30554.753813054675,96.0,N_739
2024-05-10 18:57:19,68.18041,18.09053,65.22011,324.4989,856.0518,0.013336752,-30453.96577971964,96.0,N_739
2024-05-10 18:57:20,68.246666,18.089973,65.27606,324.44296,856.0518,0.013886673,-30348.249907333244,96.0,N_739
2024-05-10 18:57:21,68.31291,18.089401,65.332016,324.387,856.0518,0.013504213,-30245.16109418851,96.0,N_739
2024-05-10 18:57:22,68.37915,18.088814,65.38797,324.33105,856.0518,0.013911097,-30139.34944873096,96.0,N_739
2024-05-10 18:57:23,68.44538,18.088211,65.443924,324.2751,856.0518,0.014311299,-30030.874884787983,96.0,N_739
2024-05-10 18:57:24,68.5116,18.0876,65.49988,324.21915,856.0518,0.012440807,-29933.443590322084,96.0,N_739
2024-05-10 18:57:25,68.57781,18.086975,65.55583,324.1562,856.0518,0.012091361,-29839.801372620823,96.0,N_739
2024-05-10 18:57:26,68.64401,18.086334,65.61178,324.10025,856.0518,0.010181945,-29757.98955728691,96.0,N_739
2024-05-10 18:57:27,68.71021,18.085686,65.66773,324.0373,856.0518,0.010452019,-29682.92491589508,96.0,N_739
2024-05-10 18:57:28,68.7764,18.085022,65.71669,323.98135,856.0518,0.010494536,-29609.08572530284,96.0,N_739
2024-05-10 18:57:29,68.842575,18.084343,65.765656,323.92538,856.0518,0.0110559845,-29522.589277450887,96.0,N_739
2024-05-10 18:57:30,68.90875,18.083649,65.8216,323.86243,856.0499,0.010739888,-29438.198956707383,96.0,N_739
2024-05-10 18:57:31,68.974915,18.082947,65.877556,323.8065,856.0499,0.01143085,-29347.961064306903,96.0,N_739
2024-05-10 18:57:32,69.04107,18.082222,65.93351,323.74353,856.0518,0.011830989,-29256.27310049274,96.0,N_739
2024-05-10 18:57:33,69.10721,18.08149,65.98946,323.6876,856.0574,0.011491856,-29167.133416240307,96.0,N_739
2024-05-10 18:57:34,69.17335,18.08075,66.04542,323.63162,856.0518,0.0106544895,-29082.332747089484,96.0,N_739
2024-05-10 18:57:35,69.23948,18.079987,66.10137,323.5687,856.03143,0.0098071825,-29003.13323155114,96.0,N_739
2024-05-10 18:57:36,69.305595,18.079216,66.157326,323.50574,856.0518,0.00983047,-28932.07168501698,96.0,N_739
2024-05-10 18:57:37,69.37171,18.07843,66.20628,323.4498,856.14813,0.01039163,-28857.68090849185,96.0,N_739
2024-05-10 18:57:38,69.43781,18.07763,66.25524,323.38684,856.2463,0.010401808,-28784.453722513023,96.0,N_739
2024-05-10 18:57:39,69.503914,18.07682,66.3042,323.33087,856.2666,0.009704197,-28700.573569165375,96.0,N_739
2024-05-10 18:57:40,69.57,18.075989,66.36715,323.26794,856.2463,0.009739005,-28620.774610752123,96.0,N_739
2024-05-10 18:57:41,69.63608,18.07515,66.423096,323.205,856.2389,0.009219363,-28545.783099553726,96.0,N_739
2024-05-10 18:57:42,69.70215,18.074303,66.47905,323.14206,856.24255,0.009077235,-28471.78819395897,96.0,N_739
2024-05-10 18:57:43,69.76821,18.073433,66.535,323.0791,856.2463,0.00893209,-28405.09893492159,96.0,N_739
2024-05-10 18:57:44,69.83427,18.072556,66.58396,323.01614,856.2463,0.007722026,-28347.08224896156,96.0,N_739
2024-05-10 18:57:45,69.900314,18.071663,66.63292,322.95322,856.2463,0.007910026,-28282.363888606793,96.0,N_739
2024-05-10 18:57:46,69.96635,18.070755,66.68887,322.89026,856.2463,0.008098027,-28215.167800116255,96.0,N_739
2024-05-10 18:57:47,70.03238,18.06984,66.74483,322.8273,856.2463,0.009207509,-28140.427308672966,96.0,N_739
2024-05-10 18:57:48,70.0984,18.068901,66.80078,322.76437,856.2463,0.009053242,-28073.148553361978,96.0,N_739
2024-05-10 18:57:49,70.16441,18.067955,66.84974,322.70142,856.2463,0.007829498,-28009.078683086645,96.0,N_739
2024-05-10 18:57:50,70.230415,18.067001,66.90569,322.63846,856.2463,0.0069387294,-27954.795574136537,96.0,N_739
2024-05-10 18:57:51,70.29641,18.066025,66.95465,322.57553,856.2463,0.0068871025,-27897.20128416632,96.0,N_739
2024-05-10 18:57:52,70.3624,18.06504,67.010605,322.51257,856.2463,0.0068354756,-27838.7671498837,96.0,N_739
2024-05-10 18:57:53,70.428375,18.064041,67.06656,322.44962,856.2463,0.007059242,-27777.936012454502,96.0,N_739
2024-05-10 18:57:54,70.49435,18.063026,67.12251,322.3797,856.2463,0.008126221,-27710.528247684873,96.0,N_739
2024-05-10 18:57:55,70.56031,18.062004,67.17846,322.31674,856.2463,0.00833891,-27641.929613773555,96.0,N_739
2024-05-10 18:57:56,70.62627,18.060959,67.23441,322.25378,856.2463,0.008172146,-27574.496655036233,96.0,N_739
2024-05-10 18:57:57,70.692215,18.059906,67.29037,322.19086,856.2463,0.007124053,-27519.26063927834,96.0,N_739
2024-05-10 18:57:58,70.75815,18.058846,67.339325,322.1279,856.2463,0.0060695056,-27466.62881117509,96.0,N_739
2024-05-10 18:57:59,70.82408,18.057762,67.39528,322.05795,856.2463,0.0057339743,-27414.899994742835,96.0,N_739
2024-05-10 18:58:00,70.89,18.056671,67.45123,321.988,856.2463,0.0061135394,-27365.660706221064,96.0,N_739
2024-05-10 18:58:01,70.956406,18.055305,67.50019,321.92508,856.2463,0.006234331,-27311.960189383568,96.0,N_739
2024-05-10 18:58:02,71.02278,18.053932,67.556145,321.85513,856.2463,0.006355122,-27256.786710234308,96.0,N_739
2024-05-10 18:58:03,71.089134,18.052551,67.6121,321.79218,856.2463,0.0063543525,-27205.518267285646,96.0,N_739
2024-05-10 18:58:04,71.155464,18.05117,67.66106,321.72223,856.24445,0.0062069017,-27156.164807921446,96.0,N_739
2024-05-10 18:58:05,71.22177,18.04979,67.710014,321.6523,856.24445,0.005863543,-27104.88420590423,96.0,N_739
2024-05-10 18:58:06,71.28805,18.048393,67.76597,321.58237,856.2481,0.0055201845,-27055.460780737052,96.0,N_739
2024-05-10 18:58:07,71.3543,18.046997,67.82192,321.5194,856.25,0.005223631,-27007.675903119372,96.0,N_739
2024-05-10 18:58:08,71.42053,18.0456,67.87788,321.44946,856.23517,0.0049270773,-26965.158775249034,96.0,N_739
2024-05-10 18:58:09,71.48674,18.044197,67.926834,321.37952,856.2166,0.004630524,-26922.475721156574,96.0,N_739
2024-05-10 18:58:10,71.55292,18.042786,67.98279,321.3096,856.2463,0.0043339706,-26884.25302597296,96.0,N_739
2024-05-10 18:58:11,71.61907,18.041374,68.031746,321.24664,856.3444,0.0027433562,-26854.84356174905,96.0,N_739
2024-05-10 18:58:12,71.6852,18.039955,68.0877,321.1767,856.44073,0.002404009,-26826.352519299377,96.0,N_739
2024-05-10 18:58:13,71.751305,18.038536,68.143654,321.10675,856.4592,0.0011980846,-26806.02657992444,96.0,N_739
2024-05-10 18:58:14,71.81738,18.03711,68.1996,321.02982,856.44073,0.0019164318,-26782.02542969148,96.0,N_739
2024-05-10 18:58:15,71.88344,18.035683,68.248566,320.95987,856.4352,0.0024644905,-26756.08118304094,96.0,N_739
2024-05-10 18:58:16,71.94947,18.034248,68.29752,320.88995,856.44073,0.00214525,-26730.62209926276,96.0,N_739
2024-05-10 18:58:17,72.01547,18.032806,68.35348,320.82,856.44257,0.0018826949,-26705.550840427517,96.0,N_739
2024-05-10 18:58:18,72.08145,18.031364,68.409424,320.74307,856.44073,0.0016201397,-26683.431709010387,96.0,N_739
2024-05-10 18:58:19,72.14741,18.029915,68.45839,320.67313,856.44073,0.0010965165,-26665.21214694951,96.0,N_739
2024-05-10 18:58:20,72.21333,18.028458,68.514336,320.60318,856.44073,0.0012974765,-26644.27250102673,96.0,N_739
2024-05-10 18:58:21,72.279236,18.027,68.57029,320.52625,856.44073,0.0016795498,-26620.64819347718,96.0,N_739
2024-05-10 18:58:22,72.345116,18.025543,68.62624,320.4563,856.44073,0.0019992932,-26596.480240603792,96.0,N_739
2024-05-10 18:58:23,72.41097,18.02407,68.6752,320.38635,856.44073,0.0023190365,-26571.232339555005,96.0,N_739
2024-05-10 18:58:24,72.4768,18.022606,68.72416,320.30942,856.44073,0.00263878,-26544.11114351217,96.0,N_739
2024-05-10 18:58:25,72.5426,18.021126,68.773125,320.2395,856.44073,0.0033696552,-26509.97112262332,96.0,N_739
2024-05-10 18:58:26,72.60838,18.019646,68.82907,320.16257,856.44073,0.005199715,-26461.674791520123,96.0,N_739
2024-05-10 18:58:27,72.67414,18.018166,68.885025,320.08563,856.44073,0.004871339,-26416.27521023713,96.0,N_739
2024-05-10 18:58:28,72.73987,18.01667,68.94098,320.0157,856.44073,0.0045241006,-26372.9672377012,96.0,N_739
2024-05-10 18:58:29,72.80557,18.015182,68.99693,319.93875,856.44073,0.0041768616,-26334.750373306364,96.0,N_739
2024-05-10 18:58:30,72.871254,18.01368,69.04589,319.86182,856.44073,0.004015251,-26295.977567397513,96.0,N_739
2024-05-10 18:58:31,72.936905,18.012177,69.101845,319.78488,856.44073,0.0043190457,-26256.916680026407,96.0,N_739
2024-05-10 18:58:32,73.00253,18.010674,69.1508,319.70795,856.44073,0.0046228403,-26217.15856209209,96.0,N_739
2024-05-10 18:58:33,73.06814,18.009163,69.19976,319.631,856.44073,0.004653531,-26174.011223100882,96.0,N_739
2024-05-10 18:58:34,73.13372,18.007645,69.255714,319.55408,856.44073,0.003598357,-26137.033876664518,96.0,N_739
2024-05-10 18:58:35,73.19927,18.006126,69.31167,319.47714,856.44073,0.0039714333,-26100.239271589922,96.0,N_739
2024-05-10 18:58:36,73.2648,18.0046,69.36063,319.4002,856.44073,0.004535292,-26061.123210247657,96.0,N_739
2024-05-10 18:58:37,73.33031,18.003075,69.409584,319.32327,856.44073,0.004736499,-26020.773584822004,96.0,N_739
2024-05-10 18:58:38,73.39578,18.001541,69.45854,319.24634,856.44073,0.004757104,-25976.430369446618,96.0,N_739
2024-05-10 18:58:39,73.461235,18.0,69.514496,319.16238,856.44073,0.004777709,-25934.46415544366,96.0,N_739
2024-05-10 18:58:40,73.526665,17.998459,69.56345,319.08545,856.44073,0.0055246055,-25885.44005842098,96.0,N_739
2024-05-10 18:58:41,73.59207,17.99691,69.61941,319.0085,856.44073,0.005543881,-25834.46299075226,96.0,N_739
2024-05-10 18:58:42,73.65745,17.995361,69.67536,318.9246,856.44073,0.0055547017,-25783.88015005629,96.0,N_739
2024-05-10 18:58:43,73.72281,17.993805,69.731316,318.84766,856.44073,0.0062930994,-25727.694698942727,96.0,N_739
2024-05-10 18:58:44,73.78813,17.99224,69.78727,318.76373,856.4389,0.0064975913,-25678.581869880018,96.0,N_739
2024-05-10 18:58:45,73.85344,17.990677,69.82923,318.6798,856.4389,0.0066977236,-25622.518650622293,96.0,N_739
2024-05-10 18:58:46,73.91872,17.989105,69.885185,318.60287,856.44257,0.0067202975,-25564.224484894366,96.0,N_739
2024-05-10 18:58:47,73.98397,17.987534,69.94114,318.52594,856.4463,0.0067428853,-25509.61704331921,96.0,N_739
2024-05-10 18:58:48,74.0492,17.985954,69.9901,318.442,856.4296,0.0067632347,-25455.852946827923,96.0,N_739
2024-05-10 18:58:49,74.1144,17.984375,70.039055,318.35806,856.41113,0.00714762,-25399.69053237871,96.0,N_739
2024-05-10 18:58:50,74.17959,17.982788,70.08801,318.27414,856.44073,0.007566327,-25335.731531733858,96.0,N_739
2024-05-10 18:58:51,74.244736,17.981194,70.14397,318.19022,856.5389,0.00773784,-25269.44587374451,96.0,N_739
2024-05-10 18:58:52,74.30987,17.979599,70.19992,318.1063,856.6352,0.008136608,-25205.98391498661,96.0,N_739
2024-05-10 18:58:53,74.37497,17.977997,70.24888,318.02234,856.6537,0.007964031,-25144.815792808236,96.0,N_739
2024-05-10 18:58:54,74.44005,17.976395,70.29784,317.93842,856.6352,0.0079847975,-25078.072953745625,96.0,N_739
2024-05-10 18:58:55,74.505104,17.974785,70.35379,317.8545,856.62964,0.008201336,-25008.69695698275,96.0,N_739
2024-05-10 18:58:56,74.57014,17.973167,70.409744,317.77057,856.6352,0.00822444,-24944.85536192598,96.0,N_739
2024-05-10 18:58:57,74.63514,17.97155,70.4587,317.68665,856.6371,0.007880095,-24878.003383986612,96.0,N_739
2024-05-10 18:58:58,74.70012,17.969925,70.514656,317.5957,856.6352,0.0077090436,-24817.258692135834,96.0,N_739
2024-05-10 18:58:59,74.765076,17.9683,70.563614,317.51178,856.6352,0.008471779,-24752.019956911194,96.0,N_739
2024-05-10 18:59:00,74.83,17.966667,70.61257,317.42087,856.6352,0.008664103,-24680.534067776396,96.0,N_739
2024-05-10 18:59:01,74.894905,17.966057,70.668526,317.33694,856.6352,0.008687396,-24612.85040536173,96.0,N_739
2024-05-10 18:59:02,74.959785,17.965416,70.71748,317.246,856.6352,0.008548063,-24542.251876976094,96.0,N_739
2024-05-10 18:59:03,75.02464,17.96473,70.77344,317.16208,856.6352,0.009292085,-24470.801143337238,96.0,N_739
2024-05-10 18:59:04,75.08947,17.964005,70.822395,317.07117,856.6352,0.008935899,-24402.59286273947,96.0,N_739
2024-05-10 18:59:05,75.154274,17.963234,70.87135,316.98022,856.6352,0.009323368,-24331.957794619964,96.0,N_739
2024-05-10 18:59:06,75.219055,17.962433,70.92031,316.8893,856.6352,0.009355735,-24261.15289983695,96.0,N_739
2024-05-10 18:59:07,75.283806,17.961586,70.96928,316.79837,856.6352,0.0095820995,-24183.564389335934,96.0,N_739
2024-05-10 18:59:08,75.34853,17.960701,71.02522,316.71445,856.6352,0.009239362,-24112.703827018777,96.0,N_739
2024-05-10 18:59:09,75.41324,17.959785,71.07418,316.62354,856.6352,0.009432828,-24034.007201622007,96.0,N_739
2024-05-10 18:59:10,75.47792,17.958824,71.130135,316.5256,856.6352,0.009619712,-23953.819941651407,96.0,N_739
2024-05-10 18:59:11,75.54257,17.957817,71.18609,316.4347,856.6352,0.009471298,-23881.412368579986,96.0,N_739
2024-05-10 18:59:12,75.6072,17.95678,71.23505,316.34378,856.6352,0.010064567,-23806.4142106374,96.0,N_739
2024-05-10 18:59:13,75.67181,17.955696,71.284004,316.25284,856.6352,0.010247048,-23730.304145271082,96.0,N_739
2024-05-10 18:59:14,75.73638,17.954582,71.33297,316.16193,856.6352,0.010474297,-23651.43153516655,96.0,N_739
2024-05-10 18:59:15,75.80094,17.953423,71.38193,316.064,856.6352,0.010679504,-23571.06560258824,96.0,N_739
2024-05-10 18:59:16,75.86547,17.952225,71.430885,315.9661,856.6352,0.010149912,-23488.56948523905,96.0,N_739
2024-05-10 18:59:17,75.92997,17.950989,71.48684,315.87515,856.6352,0.010724993,-23407.132509840674,96.0,N_739
2024-05-10 18:59:18,75.99445,17.949707,71.5358,315.77725,856.6352,0.010378911,-23323.130262949642,96.0,N_739
2024-05-10 18:59:19,76.05891,17.948395,71.59175,315.6863,856.6352,0.0104027,-23243.90656939411,96.0,N_739
2024-05-10 18:59:20,76.12334,17.947037,71.64071,315.5884,856.6352,0.0104267225,-23165.484554047875,96.0,N_739
2024-05-10 18:59:21,76.18774,17.94564,71.68967,315.49048,856.6352,0.010621226,-23085.87150450484,96.0,N_739
2024-05-10 18:59:22,76.25212,17.944206,71.738625,315.39258,856.6352,0.010469721,-23000.239210543754,96.0,N_739
2024-05-10 18:59:23,76.316475,17.942734,71.79458,315.29465,856.6352,0.010309405,-22914.6874703906,96.0,N_739
2024-05-10 18:59:24,76.3808,17.941223,71.85053,315.19675,856.6352,0.010333162,-22835.994240528387,96.0,N_739
2024-05-10 18:59:25,76.44511,17.939674,71.89949,315.09882,856.6352,0.010170711,-22759.528290690527,96.0,N_739
2024-05-10 18:59:26,76.509384,17.93808,71.94845,315.0009,856.6352,0.010010675,-22682.848952323824,96.0,N_739
2024-05-10 18:59:27,76.57364,17.936447,71.997406,314.896,856.6352,0.009826117,-22608.48462896641,96.0,N_739
2024-05-10 18:59:28,76.63787,17.934776,72.046364,314.79807,856.6352,0.010215491,-22525.000752826214,96.0,N_739
2024-05-10 18:59:29,76.70207,17.933067,72.10232,314.70016,856.6352,0.011518288,-22439.014340904003,96.0,N_739
2024-05-10 18:59:30,76.76625,17.93132,72.151276,314.60223,856.6352,0.0119086,-22342.26306680809,96.0,N_739
2024-05-10 18:59:31,76.83041,17.929535,72.20723,314.4973,856.6352,0.011748392,-22253.218637519894,96.0,N_739
2024-05-10 18:59:32,76.89453,17.927704,72.25619,314.3924,856.6352,0.01121995,-22168.81616897438,96.0,N_739
2024-05-10 18:59:33,76.95864,17.925842,72.305145,314.2875,856.6352,0.011241684,-22085.745564655423,96.0,N_739
2024-05-10 18:59:34,77.02272,17.923935,72.35411,314.18958,856.6352,0.01144805,-22000.21442717479,96.0,N_739
2024-05-10 18:59:35,77.08677,17.92199,72.40307,314.08466,856.6352,0.011469489,-21914.394597242674,96.0,N_739
2024-05-10 18:59:36,77.1508,17.919998,72.45203,313.97977,856.6352,0.011667353,-21827.35266934982,96.0,N_739
2024-05-10 18:59:37,77.214806,17.917976,72.500984,313.87485,856.6352,0.012221937,-21728.604791861417,96.0,N_739
2024-05-10 18:59:38,77.278786,17.915916,72.55694,313.76993,856.6352,0.012799393,-21631.60522731513,96.0,N_739
2024-05-10 18:59:39,77.342735,17.91381,72.605896,313.65802,856.6352,0.0122708855,-21540.64398278714,96.0,N_739
2024-05-10 18:59:40,77.40667,17.911667,72.654854,313.5531,856.6352,0.01230373,-21449.777199013533,96.0,N_739
2024-05-10 18:59:41,77.47057,17.909485,72.70381,313.4482,856.6352,0.012162324,-21359.895039059375,96.0,N_739
2024-05-10 18:59:42,77.534454,17.907265,72.75277,313.3433,856.6352,0.0127385,-21256.342133858707,96.0,N_739
2024-05-10 18:59:43,77.598305,17.905006,72.80872,313.23138,856.6352,0.012754723,-21159.853013339332,96.0,N_739
2024-05-10 18:59:44,77.66213,17.902702,72.85768,313.11948,856.6352,0.013168092,-21061.824210291605,96.0,N_739
2024-05-10 18:59:45,77.72594,17.900368,72.90664,313.00757,856.6352,0.012635737,-20975.36199986799,96.0,N_739
2024-05-10 18:59:46,77.78972,17.897987,72.94861,312.89566,856.6352,0.014311292,-20871.068947424246,96.0,N_739
2024-05-10 18:59:47,77.85347,17.895569,72.99757,312.78375,856.6352,0.014518378,-20766.219986070035,96.0,N_739
2024-05-10 18:59:48,77.9172,17.893112,73.046524,312.67886,856.6352,0.015095864,-20646.094199047584,96.0,N_739
2024-05-10 18:59:49,77.9809,17.890617,73.10248,312.56696,856.6352,0.015493625,-20532.155802379908,96.0,N_739
2024-05-10 18:59:50,78.044586,17.888084,73.151436,312.45505,856.6352,0.015156898,-20421.613191878143,96.0,N_739
2024-05-10 18:59:51,78.10824,17.885506,73.20039,312.34314,856.6352,0.01481013,-20311.56161242009,96.0,N_739
2024-05-10 18:59:52,78.17187,17.882889,73.24935,312.22424,856.6352,0.0144858565,-20205.378916837748,96.0,N_739
2024-05-10 18:59:53,78.23547,17.880234,73.29831,312.11234,856.6352,0.014127314,-20100.07540978733,96.0,N_739
2024-05-10 18:59:54,78.29905,17.87754,73.347275,311.99344,856.6352,0.013792753,-19998.60569020673,96.0,N_739
2024-05-10 18:59:55,78.3626,17.87481,73.39623,311.88153,856.6352,0.013608209,-19896.964267991112,96.0,N_739
2024-05-10 18:59:56,78.42613,17.87204,73.44519,311.76263,856.6333,0.0136516495,-19796.59541760671,96.0,N_739
2024-05-10 18:59:57,78.48964,17.869225,73.49415,311.65073,856.6333,0.013862141,-19693.4623782599,96.0,N_739
2024-05-10 18:59:58,78.553116,17.866379,73.543106,311.53183,856.6371,0.013894978,-19588.205753562885,96.0,N_739
2024-05-10 18:59:59,78.61657,17.863487,73.592064,311.4059,856.64075,0.013909236,-19484.50761948053,96.0,N_739
2024-05-10 19:00:00,78.68,17.860558,73.64102,311.28702,856.6241,0.0139315175,-19380.986250609774,96.0,N_739
2024-05-10 19:00:01,78.7439,17.860588,73.68998,311.16812,856.6167,0.0138019305,-19278.41090395939,96.0,N_739
2024-05-10 19:00:02,78.80775,17.860481,73.738945,311.04922,856.67596,0.013441673,-19178.322126350966,96.0,N_739
2024-05-10 19:00:03,78.87156,17.860237,73.7879,310.93033,856.7852,0.01325717,-19079.54802214714,96.0,N_739
2024-05-10 19:00:04,78.93533,17.859848,73.83686,310.81143,856.85187,0.014025699,-18974.05598728582,96.0,N_739
2024-05-10 19:00:05,78.99906,17.859314,73.88582,310.68552,856.85187,0.014047977,-18868.305214517346,96.0,N_739
2024-05-10 19:00:06,79.06275,17.858643,73.93478,310.55963,856.82965,0.01276016,-18771.2981614485,96.0,N_739
2024-05-10 19:00:07,79.126396,17.857826,73.983734,310.43375,856.8241,0.013329675,-18670.575801691994,96.0,N_739
2024-05-10 19:00:08,79.19,17.856873,74.03269,310.30786,856.82965,0.013561044,-18570.047469129204,96.0,N_739
2024-05-10 19:00:09,79.25356,17.855782,74.08165,310.18893,856.8315,0.013769487,-18466.804147190276,96.0,N_739
2024-05-10 19:00:10,79.317085,17.854546,74.130615,310.06305,856.82965,0.013421835,-18372.27815499402,96.0,N_739
2024-05-10 19:00:11,79.38056,17.853165,74.17258,309.93018,856.82965,0.0136304805,-18270.768513592302,96.0,N_739
2024-05-10 19:00:12,79.444,17.851646,74.221535,309.80426,856.82965,0.013869749,-18165.232338038542,96.0,N_739
2024-05-10 19:00:13,79.50739,17.849983,74.27049,309.6714,856.82965,0.012196323,-18072.438558394046,96.0,N_739
2024-05-10 19:00:14,79.57075,17.848183,74.31945,309.5455,856.82965,0.01261144,-17977.19509204362,96.0,N_739
2024-05-10 19:00:15,79.63406,17.846245,74.36841,309.4196,856.82965,0.013009176,-17877.819749725913,96.0,N_739
2024-05-10 19:00:16,79.697334,17.844162,74.41737,309.2867,856.82965,0.013404079,-17775.6622462238,96.0,N_739
2024-05-10 19:00:17,79.76056,17.841934,74.46633,309.1538,856.82965,0.0134080155,-17673.597355709462,96.0,N_739
2024-05-10 19:00:18,79.823746,17.83957,74.51529,309.02094,856.82965,0.013235424,-17580.940970779633,96.0,N_739
2024-05-10 19:00:19,79.886894,17.837059,74.55725,308.88803,856.82965,0.01362832,-17478.63614763911,96.0,N_739
2024-05-10 19:00:20,79.95,17.834412,74.60621,308.75516,856.82965,0.013476676,-17384.71853784206,96.0,N_739
2024-05-10 19:00:21,80.01306,17.831627,74.64818,308.62225,856.82965,0.01369553,-17282.167201397133,96.0,N_739
2024-05-10 19:00:22,80.07608,17.828697,74.697136,308.48938,856.82965,0.013893897,-17166.80161188514,96.0,N_739
2024-05-10 19:00:23,80.13906,17.825623,74.75309,308.3495,856.82965,0.013537519,-17061.632850871585,96.0,N_739
2024-05-10 19:00:24,80.201996,17.82241,74.80205,308.20963,856.82965,0.013375408,-16968.60631693054,96.0,N_739
2024-05-10 19:00:25,80.26489,17.819061,74.84401,308.07672,856.82965,0.013384825,-16875.098721620707,96.0,N_739
2024-05-10 19:00:26,80.32774,17.815567,74.88598,307.93683,856.82965,0.013406933,-16773.199913745113,96.0,N_739
2024-05-10 19:00:27,80.39056,17.811928,74.93494,307.79697,856.82965,0.0136182,-16668.955591329515,96.0,N_739
2024-05-10 19:00:28,80.45333,17.808151,74.983894,307.65707,856.82965,0.013819459,-16563.46394267195,96.0,N_739
2024-05-10 19:00:29,80.51606,17.80423,75.03285,307.51718,856.82965,0.01401831,-16465.31386828547,96.0,N_739
2024-05-10 19:00:30,80.57875,17.80017,75.074814,307.37732,856.82965,0.013883859,-16358.943823589534,96.0,N_739
2024-05-10 19:00:31,80.641396,17.795975,75.12378,307.23044,856.82965,0.013504368,-16255.716941088294,96.0,N_739
2024-05-10 19:00:32,80.703995,17.791634,75.17274,307.09055,856.82965,0.013910384,-16148.422920275647,96.0,N_739
2024-05-10 19:00:33,80.766556,17.787148,75.221695,306.94366,856.82965,0.014112012,-16049.998010841191,96.0,N_739
2024-05-10 19:00:34,80.82908,17.782524,75.26366,306.8038,856.82965,0.014696682,-15945.438903142274,96.0,N_739
2024-05-10 19:00:35,80.891556,17.777763,75.305626,306.64993,856.82965,0.015093046,-15830.946970198427,96.0,N_739
2024-05-10 19:00:36,80.953995,17.772858,75.35458,306.50305,856.82965,0.0152890375,-15716.262992988766,96.0,N_739
2024-05-10 19:00:37,81.016396,17.767807,75.40354,306.36316,856.82965,0.015485029,-15598.80992395122,96.0,N_739
2024-05-10 19:00:38,81.07874,17.762619,75.4525,306.21628,856.82965,0.015885094,-15486.086557394097,96.0,N_739
2024-05-10 19:00:39,81.14106,17.757294,75.49446,306.0624,856.82965,0.016281812,-15371.752712114736,96.0,N_739
2024-05-10 19:00:40,81.20333,17.751823,75.53643,305.90854,856.82965,0.016491638,-15258.38419112321,96.0,N_739
2024-05-10 19:00:41,81.26556,17.746208,75.57839,305.76166,856.82965,0.016889505,-15130.652361064698,96.0,N_739
2024-05-10 19:00:42,81.32774,17.740456,75.62735,305.6078,856.82965,0.016352514,-15005.598737796956,96.0,N_739
2024-05-10 19:00:43,81.38989,17.734566,75.67631,305.45392,856.82965,0.015993487,-14883.18158582855,96.0,N_739
2024-05-10 19:00:44,81.451996,17.72853,75.72527,305.30005,856.82965,0.01583079,-14771.53843677776,96.0,N_739
2024-05-10 19:00:45,81.51406,17.722351,75.767235,305.14618,856.82965,0.015843667,-14660.942543586516,96.0,N_739
2024-05-10 19:00:46,81.57608,17.716034,75.8092,304.9923,856.82965,0.016251255,-14536.239325174523,96.0,N_739
2024-05-10 19:00:47,81.63806,17.70958,75.85816,304.83145,856.82965,0.015881654,-14422.480590765359,96.0,N_739
2024-05-10 19:00:48,81.7,17.70298,75.90012,304.6706,856.82965,0.015914025,-14311.681844239314,96.0,N_739
2024-05-10 19:00:49,81.761894,17.696236,75.942085,304.51672,856.82965,0.016489873,-14185.782079071294,96.0,N_739
2024-05-10 19:00:50,81.823746,17.689354,75.99104,304.35587,856.82965,0.016525157,-14058.601079860313,96.0,N_739
2024-05-10 19:00:51,81.88556,17.682335,76.04001,304.19498,856.82965,0.016925378,-13926.82145383078,96.0,N_739
2024-05-10 19:00:52,81.94733,17.67517,76.08897,304.02713,856.82965,0.016950622,-13806.89836672758,96.0,N_739
2024-05-10 19:00:53,82.009056,17.667862,76.13093,303.86627,856.82965,0.016588653,-13690.621977481213,96.0,N_739
2024-05-10 19:00:54,82.07075,17.660416,76.17289,303.7054,856.82965,0.017184364,-13560.467562557791,96.0,N_739
2024-05-10 19:00:55,82.13239,17.652832,76.221855,303.54453,856.82965,0.017426385,-13436.06453404994,96.0,N_739
2024-05-10 19:00:56,82.19399,17.645103,76.26382,303.37668,856.82965,0.017167116,-13314.251394985858,96.0,N_739
2024-05-10 19:00:57,82.255554,17.63723,76.30578,303.20883,856.82965,0.016907847,-13194.2654025782,96.0,N_739
2024-05-10 19:00:58,82.31708,17.62922,76.34775,303.04095,856.8315,0.017494252,-13060.406667709954,96.0,N_739
2024-05-10 19:00:59,82.378555,17.62107,76.396706,302.8731,856.8278,0.017510038,-12935.989243057978,96.0,N_739
2024-05-10 19:01:00,82.439995,17.612778,76.43867,302.70523,856.8259,0.018287217,-12805.392304651732,96.0,N_739
2024-05-10 19:01:01,82.51065,17.640526,76.48064,302.5304,856.83704,0.018874485,-12662.16417500775,96.0,N_739
2024-05-10 19:01:02,82.58095,17.666908,76.529594,302.36252,856.84265,0.018533813,-12529.457361413512,96.0,N_739
2024-05-10 19:01:03,82.650894,17.691925,76.571556,302.18768,856.7982,0.017445989,-12402.518084783713,96.0,N_739
2024-05-10 19:01:04,82.72048,17.715569,76.613525,302.00583,856.7092,0.017471846,-12277.61523032757,96.0,N_739
2024-05-10 19:01:05,82.78972,17.737846,76.65549,301.831,856.6352,0.017117942,-12155.409480894885,96.0,N_739
2024-05-10 19:01:06,82.8586,17.758759,76.69745,301.65613,856.62036,0.017140143,-12042.466225169508,96.0,N_739
2024-05-10 19:01:07,82.92712,17.778305,76.73242,301.48126,856.6352,0.01734222,-11909.932705555926,96.0,N_739
2024-05-10 19:01:08,82.995285,17.796478,76.78138,301.30643,856.63885,0.016990462,-11786.066781894366,96.0,N_739
2024-05-10 19:01:09,83.063095,17.813286,76.82335,301.12457,856.6352,0.016645757,-11665.371731854864,96.0,N_739
2024-05-10 19:01:10,83.130554,17.828728,76.86531,300.94272,856.6333,0.016290523,-11537.808186617232,96.0,N_739
2024-05-10 19:01:11,83.19765,17.842796,76.91427,300.7609,856.6352,0.016589377,-11416.97577038252,96.0,N_739
2024-05-10 19:01:12,83.2644,17.8555,76.95624,300.57904,856.6352,0.016888233,-11295.292142909522,96.0,N_739
2024-05-10 19:01:13,83.33078,17.866837,76.9982,300.3972,856.6352,0.01692032,-11171.501693127586,96.0,N_739
2024-05-10 19:01:14,83.39682,17.876808,77.04016,300.20834,856.6352,0.017321823,-11054.093333524372,96.0,N_739
2024-05-10 19:01:15,83.462494,17.885414,77.075134,300.0195,856.6352,0.01542719,-10941.272627579903,96.0,N_739
2024-05-10 19:01:16,83.52782,17.892647,77.117096,299.83066,856.6352,0.0154862935,-10818.489229292125,96.0,N_739
2024-05-10 19:01:17,83.59278,17.898514,77.16605,299.6418,856.6352,0.016267996,-10698.709163303087,96.0,N_739
2024-05-10 19:01:18,83.657394,17.903008,77.20802,299.45297,856.6352,0.016884185,-10575.950559289577,96.0,N_739
2024-05-10 19:01:19,83.72165,17.906143,77.249985,299.26413,856.6352,0.016144644,-10456.292011949286,96.0,N_739
2024-05-10 19:01:20,83.78555,17.907906,77.291954,299.0683,856.6352,0.014653251,-10346.637029786616,96.0,N_739
2024-05-10 19:01:21,83.8491,17.908302,77.333916,298.87247,856.6352,0.014664192,-10244.714581037742,96.0,N_739
2024-05-10 19:01:22,83.912285,17.907326,77.36889,298.67664,856.6352,0.014675134,-10137.899404035645,96.0,N_739
2024-05-10 19:01:23,83.97512,17.904991,77.41085,298.4878,856.6352,0.014686075,-10026.970384733346,96.0,N_739
2024-05-10 19:01:24,84.0376,17.901283,77.45282,298.28497,856.6352,0.014711052,-9917.431131742447,96.0,N_739
2024-05-10 19:01:25,84.09972,17.89621,77.49478,298.08914,856.6352,0.014009301,-9811.26612145604,96.0,N_739
2024-05-10 19:01:26,84.16148,17.889763,77.53674,297.8863,856.6352,0.01609167,-9692.917901016921,96.0,N_739
2024-05-10 19:01:27,84.22289,17.88195,77.57871,297.69046,856.6352,0.01732622,-9573.663587231025,96.0,N_739
2024-05-10 19:01:28,84.28395,17.872772,77.61368,297.48764,856.6352,0.01856077,-9445.108898440965,96.0,N_739
2024-05-10 19:01:29,84.34465,17.862228,77.64865,297.2778,856.6352,0.019357858,-9304.039827272609,96.0,N_739
2024-05-10 19:01:30,84.405,17.850319,77.69061,297.07498,856.6352,0.018824277,-9166.164841691814,96.0,N_739
2024-05-10 19:01:31,84.46498,17.837036,77.73258,296.87216,856.6352,0.01942534,-9011.363650103627,96.0,N_739
2024-05-10 19:01:32,84.52462,17.822388,77.78154,296.66232,856.6352,0.0200264,-8862.542214574452,96.0,N_739
2024-05-10 19:01:33,84.58389,17.806374,77.8235,296.4525,856.6352,0.01911443,-8730.787849207787,96.0,N_739
2024-05-10 19:01:34,84.642815,17.788986,77.858475,296.24268,856.6352,0.018389039,-8595.257070997905,96.0,N_739
2024-05-10 19:01:35,84.701385,17.770233,77.90044,296.03287,856.6352,0.017084986,-8474.540641864078,96.0,N_739
2024-05-10 19:01:36,84.7596,17.750114,77.93541,295.81604,856.6352,0.017494755,-8345.303732983584,96.0,N_739
2024-05-10 19:01:37,84.81745,17.72863,77.97737,295.60623,856.6352,0.01733015,-8223.50571951395,96.0,N_739
2024-05-10 19:01:38,84.874954,17.705772,78.012344,295.3894,856.6352,0.015644915,-8105.333235808141,96.0,N_739
2024-05-10 19:01:39,84.9321,17.68155,78.05431,295.17258,856.6352,0.016609306,-7988.401085474402,96.0,N_739
2024-05-10 19:01:40,84.988884,17.65596,78.08928,294.95578,856.6352,0.01739026,-7856.637869168113,96.0,N_739
2024-05-10 19:01:41,85.04532,17.629005,78.13125,294.73196,856.6352,0.017217176,-7727.345437041814,96.0,N_739
2024-05-10 19:01:42,85.101395,17.600677,78.17321,294.51514,856.6352,0.017074034,-7606.034087733018,96.0,N_739
2024-05-10 19:01:43,85.15712,17.570984,78.20818,294.29132,856.6352,0.016892483,-7484.559667621845,96.0,N_739
2024-05-10 19:01:44,85.21249,17.539925,78.24315,294.06052,856.6352,0.017277375,-7370.4071721422315,96.0,N_739
2024-05-10 19:01:45,85.267494,17.5075,78.271126,293.8367,856.6352,0.01805652,-7235.72282976585,96.0,N_739
2024-05-10 19:01:46,85.32215,17.473701,78.313095,293.61288,856.6352,0.018097544,-7108.591155313887,96.0,N_739
2024-05-10 19:01:47,85.37645,17.438538,78.34806,293.3891,856.6352,0.018293655,-6969.849393341434,96.0,N_739
2024-05-10 19:01:48,85.4304,17.402008,78.39003,293.1583,856.6352,0.018888166,-6835.629750705254,96.0,N_739
2024-05-10 19:01:49,85.483986,17.364105,78.424995,292.92746,856.6352,0.018723562,-6694.185631690167,96.0,N_739
2024-05-10 19:01:50,85.53722,17.324837,78.466965,292.69666,856.6352,0.019686697,-6552.931276349423,96.0,N_739
2024-05-10 19:01:51,85.590096,17.284203,78.50193,292.45886,856.6352,0.02005887,-6400.2033185110995,96.0,N_739
2024-05-10 19:01:52,85.64262,17.242203,78.5439,292.22107,856.6352,0.01991106,-6257.879880846148,96.0,N_739
2024-05-10 19:01:53,85.694786,17.19883,78.578865,291.98328,856.6352,0.019901546,-6125.2560123967905,96.0,N_739
2024-05-10 19:01:54,85.7466,17.154099,78.60684,291.74548,856.6352,0.019354306,-5988.561249067656,96.0,N_739
2024-05-10 19:01:55,85.79805,17.107986,78.641815,291.50766,856.6352,0.020303499,-5845.207500353361,96.0,N_739
2024-05-10 19:01:56,85.84915,17.060516,78.67679,291.26987,856.6352,0.020311195,-5689.711544200355,96.0,N_739
2024-05-10 19:01:57,85.899895,17.011673,78.71875,291.0251,856.6352,0.020332597,-5543.3449617519045,96.0,N_739
2024-05-10 19:01:58,85.95029,16.961472,78.75372,290.78027,856.6352,0.020353999,-5409.257516985736,96.0,N_739
2024-05-10 19:01:59,86.00032,16.90989,78.7817,290.54248,856.6352,0.01979917,-5266.193663970597,96.0,N_739
2024-05-10 19:02:00,86.049995,16.856949,78.816666,290.29068,856.6352,0.020400189,-5108.414316585454,96.0,N_739
2024-05-10 19:02:01,86.12997,16.744965,78.858635,290.0389,856.6352,0.020615434,-4961.187337517112,96.0,N_739
2024-05-10 19:02:02,86.20854,16.633575,78.8936,289.7941,856.6352,0.021219391,-4817.653262317157,96.0,N_739
2024-05-10 19:02:03,86.28572,16.522766,78.92158,289.54233,856.6352,0.02045924,-4670.9331593437555,96.0,N_739
2024-05-10 19:02:04,86.3615,16.412544,78.95655,289.29053,856.6352,0.0206796,-4522.357024310073,96.0,N_739
2024-05-10 19:02:05,86.4359,16.30291,78.99152,289.03876,856.6352,0.020719988,-4361.4055292643825,96.0,N_739
2024-05-10 19:02:06,86.508896,16.193863,79.033485,288.77997,856.6352,0.020752776,-4209.616230361752,96.0,N_739
2024-05-10 19:02:07,86.5805,16.085403,79.06846,288.52118,856.6371,0.02114922,-4065.0627302442626,96.0,N_739
2024-05-10 19:02:08,86.6507,15.977539,79.096436,288.2624,856.6352,0.021566454,-3907.1843722468557,96.0,N_739
2024-05-10 19:02:09,86.71952,15.8702545,79.1314,287.9966,856.62964,0.022352995,-3746.075851221087,96.0,N_739
2024-05-10 19:02:10,86.78694,15.76355,79.166374,287.73785,856.6352,0.021990607,-3594.4296690139136,96.0,N_739
2024-05-10 19:02:11,86.85297,15.65744,79.19435,287.47208,856.6574,0.022013677,-3443.393099656829,96.0,N_739
2024-05-10 19:02:12,86.917595,15.551926,79.22233,287.2063,856.6574,0.022036735,-3283.340502726809,96.0,N_739
2024-05-10 19:02:13,86.980835,15.446991,79.25729,286.94052,856.59076,0.022447756,-3120.185547431807,96.0,N_739
2024-05-10 19:02:14,87.04267,15.342636,79.29227,286.67474,856.4796,0.022480316,-2954.5018749178535,96.0,N_739
2024-05-10 19:02:15,87.10312,15.238876,79.32724,286.40198,856.4222,0.022519765,-2797.961423710756,96.0,N_739
2024-05-10 19:02:16,87.16217,15.135712,79.35522,286.12918,856.4296,0.022549592,-2642.199564673904,96.0,N_739
2024-05-10 19:02:17,87.21983,15.033127,79.383194,285.8564,856.44446,0.023142826,-2482.9424729824414,96.0,N_739
2024-05-10 19:02:18,87.2761,14.931122,79.41117,285.58365,856.44257,0.02298265,-2312.822383446526,96.0,N_739
2024-05-10 19:02:19,87.33096,14.829712,79.44614,285.3039,856.4389,0.023184296,-2153.1815092803436,96.0,N_739
2024-05-10 19:02:20,87.38444,14.728882,79.47411,285.03113,856.4389,0.023397202,-1980.8678056756644,96.0,N_739
2024-05-10 19:02:21,87.43652,14.628647,79.50909,284.75134,856.44073,0.02419082,-1802.6607292330755,96.0,N_739
2024-05-10 19:02:22,87.487206,14.529007,79.54406,284.4716,856.44073,0.024025716,-1632.8736059754838,96.0,N_739
2024-05-10 19:02:23,87.5365,14.429932,79.57203,284.18484,856.44073,0.024232637,-1465.4553315369521,96.0,N_739
2024-05-10 19:02:24,87.5844,14.331467,79.600006,283.90506,856.44073,0.023461418,-1300.6736877712901,96.0,N_739
2024-05-10 19:02:25,87.6309,14.233582,79.62798,283.61832,856.44073,0.024444945,-1137.695724750858,96.0,N_739
2024-05-10 19:02:26,87.67601,14.136276,79.64897,283.33154,856.44073,0.02408173,-969.8457668067986,96.0,N_739
2024-05-10 19:02:27,87.71972,14.039566,79.67694,283.0448,856.44073,0.023975281,-789.9163277553198,96.0,N_739
2024-05-10 19:02:28,87.76204,13.943436,79.711914,282.75104,856.44073,0.023868835,-613.1399670493356,96.0,N_739
2024-05-10 19:02:29,87.80296,13.8479,79.74689,282.4643,856.44073,0.023762386,-444.517755964921,96.0,N_739
2024-05-10 19:02:30,87.8425,13.752945,79.774864,282.17053,856.44073,0.024159584,-281.9636912469514,96.0,N_739
2024-05-10 19:02:31,87.88063,13.658585,79.795845,281.87677,856.44073,0.024570059,-106.56846297987977,96.0,N_739
2024-05-10 19:02:32,87.91737,13.564804,79.82382,281.57602,856.44073,0.02479272,70.70549131407279,96.0,N_739
2024-05-10 19:02:33,87.95272,13.471619,79.8518,281.27527,856.44073,0.024244858,243.92034834646256,96.0,N_739
2024-05-10 19:02:34,87.98667,13.379013,79.879776,280.97455,856.44073,0.024466787,418.2519763843302,96.0,N_739
2024-05-10 19:02:35,88.01923,13.287003,79.90775,280.6738,856.44073,0.024852639,594.7740775294587,96.0,N_739
2024-05-10 19:02:36,88.0504,13.195572,79.93573,280.37305,856.44073,0.023919156,764.7006957096073,96.0,N_739
2024-05-10 19:02:37,88.08017,13.104736,79.9637,280.0723,856.44073,0.02373935,935.9242363468111,96.0,N_739
2024-05-10 19:02:38,88.10854,13.014481,79.99168,279.76456,856.44073,0.02582019,1112.6557365141061,96.0,N_739
2024-05-10 19:02:39,88.13552,12.92482,80.012665,279.45682,856.44073,0.026467804,1292.6914370946688,96.0,N_739
2024-05-10 19:02:40,88.16111,12.835739,80.033646,279.14908,856.44073,0.027288144,1489.7692140873987,96.0,N_739
2024-05-10 19:02:41,88.1853,12.747238,80.06162,278.83432,856.44073,0.028079709,1692.496625152501,96.0,N_739
2024-05-10 19:02:42,88.2081,12.659332,80.0896,278.5196,856.44073,0.027723426,1892.344370568856,96.0,N_739
2024-05-10 19:02:43,88.2295,12.5720215,80.11758,278.20486,856.44073,0.027183374,2079.3675204370256,96.0,N_739
2024-05-10 19:02:44,88.24951,12.485291,80.13856,277.89014,856.44073,0.027575035,2276.9429337522133,96.0,N_739
2024-05-10 19:02:45,88.26812,12.399155,80.166534,277.5754,856.44257,0.026850477,2461.0249386333126,96.0,N_739
2024-05-10 19:02:46,88.28534,12.313599,80.187515,277.26065,856.44073,0.026689677,2646.5578649535164,96.0,N_739
2024-05-10 19:02:47,88.30117,12.228622,80.208496,276.93893,856.4352,0.026739119,2832.2886371793466,96.0,N_739
2024-05-10 19:02:48,88.3156,12.144241,80.22948,276.6172,856.44073,0.026737766,3017.6585597611165,96.0,N_739
2024-05-10 19:02:49,88.328636,12.060455,80.250465,276.29547,856.46295,0.027146524,3205.3358649454885,96.0,N_739
2024-05-10 19:02:50,88.34028,11.977249,80.27145,275.97375,856.46295,0.026423525,3391.2256265799933,96.0,N_739
2024-05-10 19:02:51,88.350525,11.894623,80.29243,275.64502,856.3963,0.026432239,3582.2061292380376,96.0,N_739
2024-05-10 19:02:52,88.359375,11.812592,80.320404,275.3233,856.2852,0.026831757,3773.6852332148055,96.0,N_739
2024-05-10 19:02:53,88.36684,11.731155,80.341385,274.98758,856.2277,0.026681485,3960.5143923620262,96.0,N_739
2024-05-10 19:02:54,88.372894,11.650299,80.362366,274.65884,856.23517,0.02670916,4150.22543419617,96.0,N_739
2024-05-10 19:02:55,88.37756,11.570023,80.38335,274.32312,856.25,0.02720455,4339.767156510006,96.0,N_739
2024-05-10 19:02:56,88.380844,11.490341,80.404335,273.99442,856.2481,0.027699944,4535.355803712779,96.0,N_739
2024-05-10 19:02:57,88.38272,11.411255,80.425316,273.6587,856.24445,0.027354345,4736.991962947441,96.0,N_739
2024-05-10 19:02:58,88.38321,11.332748,80.45329,273.32297,856.24445,0.026796827,4920.08245384982,96.0,N_739
2024-05-10 19:02:59,88.3823,11.254822,80.46728,272.98724,856.2463,0.026819373,5108.514627334659,96.0,N_739
2024-05-10 19:03:00,88.38,11.17749,80.48826,272.65155,856.2463,0.02721396,5296.660691933891,96.0,N_739
2024-05-10 19:03:01,88.34254,11.093231,80.50225,272.30884,856.2463,0.026845373,5488.1166897085495,96.0,N_739
2024-05-10 19:03:02,88.30483,11.009811,80.52323,271.96613,856.2463,0.02686586,5687.98553816728,96.0,N_739
2024-05-10 19:03:03,88.26687,10.927246,80.55121,271.6234,856.2463,0.027272826,5875.873999266307,96.0,N_739
2024-05-10 19:03:04,88.22866,10.845505,80.56519,271.2807,856.2463,0.027659263,6065.3161092485825,96.0,N_739
2024-05-10 19:03:05,88.19021,10.764618,80.579185,270.938,856.2463,0.028081797,6263.676572470458,96.0,N_739
2024-05-10 19:03:06,88.1515,10.68457,80.60017,270.59528,856.2463,0.028119441,6459.223979499391,96.0,N_739
2024-05-10 19:03:07,88.11254,10.605362,80.61416,270.24557,856.2463,0.028910298,6659.572969402372,96.0,N_739
2024-05-10 19:03:08,88.073326,10.527008,80.62814,269.89584,856.2463,0.028742457,6868.475583481043,96.0,N_739
2024-05-10 19:03:09,88.033875,10.449478,80.649124,269.53915,856.2463,0.028770871,7067.705219463686,96.0,N_739
2024-05-10 19:03:10,87.99416,10.372803,80.66312,269.18945,856.2463,0.029544726,7277.916663370691,96.0,N_739
2024-05-10 19:03:11,87.95421,10.296967,80.6841,268.83975,856.2463,0.029556843,7484.976267591192,96.0,N_739
2024-05-10 19:03:12,87.913994,10.22197,80.69808,268.48303,856.2463,0.030150494,7698.779700470786,96.0,N_739
2024-05-10 19:03:13,87.873535,10.147812,80.71907,268.13333,856.2463,0.03035849,7906.19386717688,96.0,N_739
2024-05-10 19:03:14,87.83283,10.074493,80.72606,267.77664,856.2463,0.031954065,8127.844593515708,96.0,N_739
2024-05-10 19:03:15,87.79187,10.002029,80.74005,267.41995,856.2463,0.029871223,8335.714621790103,96.0,N_739
2024-05-10 19:03:16,87.75066,9.930405,80.754036,267.06323,856.2463,0.02969571,8545.737589524415,96.0,N_739
2024-05-10 19:03:17,87.709206,9.859619,80.76803,266.69955,856.2463,0.030059619,8764.77125842452,96.0,N_739
2024-05-10 19:03:18,87.667496,9.789673,80.78901,266.33585,856.2463,0.029346477,8968.570113708774,96.0,N_739
2024-05-10 19:03:19,87.625534,9.720566,80.80299,265.97916,856.2481,0.029213415,9170.347388296672,96.0,N_739
2024-05-10 19:03:20,87.58333,9.652298,80.80999,265.61545,856.2463,0.030153751,9382.194023911783,96.0,N_739
2024-05-10 19:03:21,87.54087,9.584885,80.82398,265.25177,856.24066,0.030968022,9595.152421113586,96.0,N_739
2024-05-10 19:03:22,87.49816,9.518311,80.83097,264.88806,856.2463,0.030205753,9806.891300466825,96.0,N_739
2024-05-10 19:03:23,87.4552,9.452576,80.84496,264.52438,856.26483,0.031378753,10026.321785858414,96.0,N_739
2024-05-10 19:03:24,87.411995,9.38768,80.85895,264.16068,856.24445,0.03122345,10243.953133154593,96.0,N_739
2024-05-10 19:03:25,87.36854,9.323624,80.865944,263.79,856.14813,0.031617895,10468.313311263842,96.0,N_739
2024-05-10 19:03:26,87.32483,9.260422,80.87993,263.4193,856.0499,0.03087347,10679.553075441978,96.0,N_739
2024-05-10 19:03:27,87.28087,9.198044,80.886925,263.0556,856.03143,0.0322379,10907.390020574445,96.0,N_739
2024-05-10 19:03:28,87.236664,9.13652,80.90092,262.68494,856.0518,0.032084756,11129.89830425993,96.0,N_739
2024-05-10 19:03:29,87.19221,9.075836,80.907906,262.31424,856.05927,0.03220056,11352.85213524314,96.0,N_739
2024-05-10 19:03:30,87.14749,9.015991,80.9149,261.94354,856.0537,0.032316364,11580.751347238416,96.0,N_739
2024-05-10 19:03:31,87.10254,8.957001,80.928894,261.57288,856.0499,0.032919474,11812.06460647591,96.0,N_739
2024-05-10 19:03:32,87.05733,8.898834,80.93588,261.1952,856.0499,0.032181237,12038.77348366978,96.0,N_739
2024-05-10 19:03:33,87.01187,8.841522,80.949875,260.8245,856.0518,0.032395728,12264.641109077213,96.0,N_739
2024-05-10 19:03:34,86.96616,8.785049,80.949875,260.4468,856.0518,0.032610223,12489.349791713721,96.0,N_739
2024-05-10 19:03:35,86.920204,8.729416,80.95686,260.0761,856.0518,0.03243852,12712.64536714572,96.0,N_739
2024-05-10 19:03:36,86.87399,8.674622,80.96386,259.70544,856.0518,0.032260075,12938.5400664827,96.0,N_739
2024-05-10 19:03:37,86.82754,8.620682,80.970856,259.32776,856.0518,0.033245526,13171.026270916978,96.0,N_739
2024-05-10 19:03:38,86.78083,8.567566,80.97785,258.95007,856.0518,0.034227405,13409.86446818398,96.0,N_739
2024-05-10 19:03:39,86.73387,8.515305,80.98484,258.5724,856.0518,0.03499919,13653.65311484961,96.0,N_739
2024-05-10 19:03:40,86.68666,8.463882,80.99184,258.1947,856.0518,0.034269135,13892.39481116683,96.0,N_739
2024-05-10 19:03:41,86.639206,8.4133,80.99883,257.81702,856.0518,0.032957867,14120.79925143297,96.0,N_739
2024-05-10 19:03:42,86.59149,8.363556,80.99883,257.43933,856.0518,0.0327898,14348.049196121938,96.0,N_739
2024-05-10 19:03:43,86.54353,8.314667,80.99883,257.06165,856.0518,0.034335226,14586.976208845854,96.0,N_739
2024-05-10 19:03:44,86.49533,8.266602,81.00583,256.684,856.0499,0.031501852,14809.434673561162,96.0,N_739
2024-05-10 19:03:45,86.44687,8.219391,81.00583,256.2993,856.0518,0.032474067,15036.028192400492,96.0,N_739
2024-05-10 19:03:46,86.39816,8.173019,81.01282,255.92162,856.0518,0.03364371,15270.020098920775,96.0,N_739
2024-05-10 19:03:47,86.349205,8.127487,81.01981,255.54393,856.0518,0.033668406,15502.507936110056,96.0,N_739
2024-05-10 19:03:48,86.299995,8.082794,81.01981,255.16626,856.0444,0.03197106,15727.733087262237,96.0,N_739
2024-05-10 19:03:49,86.250534,8.038956,81.01981,254.78157,856.0444,0.03199596,15949.406428094579,96.0,N_739
2024-05-10 19:03:50,86.20083,7.9959564,81.01981,254.4039,856.0629,0.03181831,16169.714011594388,96.0,N_739
2024-05-10 19:03:51,86.15087,7.953781,81.01981,254.02621,856.0703,0.032419637,16393.9773803796,96.0,N_739
2024-05-10 19:03:52,86.10066,7.9124756,81.01981,253.64853,856.0074,0.032635305,16621.081032896447,96.0,N_739
2024-05-10 19:03:53,86.0502,7.871994,81.02681,253.27084,855.89813,0.032662187,16852.07741130433,96.0,N_739
2024-05-10 19:03:54,85.9995,7.8323517,81.033806,252.88617,855.837,0.032491058,17076.583779426954,96.0,N_739
2024-05-10 19:03:55,85.94854,7.793564,81.033806,252.50848,855.84625,0.035181876,17324.609029423827,96.0,N_739
2024-05-10 19:03:56,85.89733,7.7556,81.02681,252.12381,855.8611,0.033111785,17555.116916790834,96.0,N_739
2024-05-10 19:03:57,85.84587,7.7184906,81.01981,251.74612,855.8592,0.027384952,17746.27047664955,96.0,N_739
2024-05-10 19:03:58,85.79416,7.6822205,81.01981,251.36845,855.8555,0.029133998,17948.853026704,96.0,N_739
2024-05-10 19:03:59,85.7422,7.646805,81.01981,250.99077,855.8555,0.02819551,18148.68347871845,96.0,N_739
2024-05-10 19:04:00,85.689995,7.612213,81.01981,250.6061,855.85736,0.028225146,18350.255288633565,96.0,N_739
2024-05-10 19:04:01,85.63155,7.600525,81.01282,250.22142,855.85736,0.02920569,18555.17938900824,96.0,N_739
2024-05-10 19:04:02,85.57307,7.5889435,81.00583,249.84373,855.85736,0.030377666,18766.37134634606,96.0,N_739
2024-05-10 19:04:03,85.514534,7.5774384,81.00583,249.46605,855.8555,0.029827472,18977.43561681842,96.0,N_739
2024-05-10 19:04:04,85.45595,7.56604,81.00583,249.08138,855.85736,0.02927728,19181.418686705674,96.0,N_739
2024-05-10 19:04:05,85.39732,7.5547333,81.00583,248.70369,855.85736,0.027759738,19376.534890267518,96.0,N_739
2024-05-10 19:04:06,85.338646,7.543518,80.99883,248.326,855.85736,0.026242197,19561.853126069887,96.0,N_739
2024-05-10 19:04:07,85.27992,7.5323944,80.99184,247.94833,855.85736,0.026845222,19746.742498854088,96.0,N_739
2024-05-10 19:04:08,85.22115,7.5213776,80.99184,247.57764,855.85736,0.025902674,19929.56638360367,96.0,N_739
2024-05-10 19:04:09,85.16233,7.510437,80.98484,247.19995,855.8555,0.025347859,20112.28380239545,96.0,N_739
2024-05-10 19:04:10,85.10347,7.4996033,80.97785,246.81528,855.8555,0.02517562,20288.03521613226,96.0,N_739
2024-05-10 19:04:11,85.044556,7.488861,80.970856,246.4446,855.85736,0.025776181,20469.34624227961,96.0,N_739
2024-05-10 19:04:12,84.985596,7.4782104,80.970856,246.06691,855.85736,0.026181074,20655.082329296016,96.0,N_739
2024-05-10 19:04:13,84.92659,7.4676666,80.95686,245.69623,855.85364,0.027742539,20851.25702600648,96.0,N_739
2024-05-10 19:04:14,84.86754,7.457199,80.949875,245.31854,855.85364,0.029206086,21057.337397737836,96.0,N_739
2024-05-10 19:04:15,84.80843,7.4468384,80.94288,244.94086,855.86475,0.030669631,21269.604585315075,96.0,N_739
2024-05-10 19:04:16,84.74928,7.436554,80.93588,244.57018,855.8703,0.031267326,21485.760634704908,96.0,N_739
2024-05-10 19:04:17,84.69009,7.4263763,80.928894,244.19948,855.824,0.029753402,21692.1097069295,96.0,N_739
2024-05-10 19:04:18,84.630844,7.4163055,80.9219,243.8288,855.7351,0.02920016,21902.565790839337,96.0,N_739
2024-05-10 19:04:19,84.571556,7.406311,80.907906,243.45111,855.6611,0.029988997,22111.376118790417,96.0,N_739
2024-05-10 19:04:20,84.51222,7.396408,80.90092,243.08043,855.6481,0.03020374,22325.521561601265,96.0,N_739
2024-05-10 19:04:21,84.452835,7.386612,80.886925,242.70973,855.6611,0.029839579,22529.9540683006,96.0,N_739
2024-05-10 19:04:22,84.3934,7.3769073,80.87993,242.34604,855.66473,0.028901769,22735.54479907229,96.0,N_739
2024-05-10 19:04:23,84.33392,7.3672943,80.865944,241.97536,855.6611,0.028922528,22934.470892955178,96.0,N_739
2024-05-10 19:04:24,84.2744,7.357773,80.85895,241.61166,855.6611,0.029133486,23138.536707726606,96.0,N_739
2024-05-10 19:04:25,84.21482,7.348343,80.84496,241.24797,855.6611,0.028196068,23336.96402555047,96.0,N_739
2024-05-10 19:04:26,84.155205,7.33902,80.83097,240.88428,855.6629,0.027640559,23535.318199844663,96.0,N_739
2024-05-10 19:04:27,84.095535,7.329773,80.816986,240.51358,855.6611,0.027085047,23727.08609370559,96.0,N_739
2024-05-10 19:04:28,84.03582,7.320633,80.80299,240.14989,855.6611,0.028644307,23921.75265962843,96.0,N_739
2024-05-10 19:04:29,83.97606,7.3115845,80.796005,239.7932,855.6611,0.02809082,24119.913590323456,96.0,N_739
2024-05-10 19:04:30,83.916245,7.3026276,80.78201,239.4295,855.6611,0.028687289,24318.859751235752,96.0,N_739
2024-05-10 19:04:31,83.85639,7.2937775,80.77502,239.0658,855.6611,0.027553828,24514.010275206965,96.0,N_739
2024-05-10 19:04:32,83.796486,7.2850037,80.76103,238.7021,855.6611,0.028924176,24722.09933435529,96.0,N_739
2024-05-10 19:04:33,83.736534,7.2763367,80.74005,238.34541,855.6611,0.030091159,24931.85850520162,96.0,N_739
2024-05-10 19:04:34,83.67654,7.267761,80.72606,237.98871,855.6629,0.027230745,25122.613379939794,96.0,N_739
2024-05-10 19:04:35,83.61649,7.2592773,80.712074,237.632,855.6629,0.028499682,25322.03070382827,96.0,N_739
2024-05-10 19:04:36,83.5564,7.250885,80.69808,237.27531,855.6592,0.029768618,25526.486818245074,96.0,N_739
2024-05-10 19:04:37,83.496254,7.242584,80.6841,236.9256,855.6536,0.02998016,25736.08745507288,96.0,N_739
2024-05-10 19:04:38,83.43607,7.2343903,80.670105,236.56891,855.6611,0.031156301,25957.382802638822,96.0,N_739
2024-05-10 19:04:39,83.37584,7.2262726,80.649124,236.2192,855.68146,0.031367186,26173.48638617529,96.0,N_739
2024-05-10 19:04:40,83.31555,7.2182617,80.63514,235.86949,855.6611,0.028309586,26369.445542169113,96.0,N_739
2024-05-10 19:04:41,83.255226,7.2103424,80.62115,235.51979,855.56287,0.027943863,26566.37822967067,96.0,N_739
2024-05-10 19:04:42,83.19485,7.20253,80.60017,235.17708,855.46655,0.027772129,26766.103365634073,96.0,N_739
2024-05-10 19:04:43,83.13442,7.1947937,80.579185,234.82738,855.44806,0.029335856,26973.54697213106,96.0,N_739
2024-05-10 19:04:44,83.07395,7.187149,80.558205,234.48466,855.46655,0.030321842,27191.465151018165,96.0,N_739
2024-05-10 19:04:45,83.013435,7.179611,80.537224,234.13495,855.474,0.031296488,27405.59391748591,96.0,N_739
2024-05-10 19:04:46,82.95287,7.172165,80.52323,233.79224,855.47034,0.031129936,27618.266955490253,96.0,N_739
2024-05-10 19:04:47,82.89226,7.16481,80.50925,233.44952,855.46655,0.032120347,27841.259637705265,96.0,N_739
2024-05-10 19:04:48,82.8316,7.157547,80.48826,233.11382,855.46655,0.030790402,28048.85539815398,96.0,N_739
2024-05-10 19:04:49,82.77089,7.1503906,80.47427,232.77809,855.46655,0.028689237,28258.628474402176,96.0,N_739
2024-05-10 19:04:50,82.71014,7.1433105,80.4463,232.44238,855.46655,0.026208982,28447.491770372333,96.0,N_739
2024-05-10 19:04:51,82.64934,7.1363373,80.425316,232.09967,855.46655,0.025452286,28628.17141814825,96.0,N_739
2024-05-10 19:04:52,82.588486,7.1294556,80.404335,231.76395,855.46655,0.02682265,28814.885684005683,96.0,N_739
2024-05-10 19:04:53,82.52759,7.1226654,80.38335,231.43523,855.46655,0.027811103,29005.136743763225,96.0,N_739
2024-05-10 19:04:54,82.46665,7.115967,80.36936,231.0995,855.46655,0.029177913,29207.399460326298,96.0,N_739
2024-05-10 19:04:55,82.405655,7.1093597,80.34838,230.77078,855.46655,0.028231263,29404.119934171093,96.0,N_739
2024-05-10 19:04:56,82.34462,7.1028595,80.3274,230.44206,855.46655,0.028447839,29602.642052184237,96.0,N_739
2024-05-10 19:04:57,82.28354,7.096451,80.30641,230.11334,855.46655,0.029054392,29805.54278563479,96.0,N_739
2024-05-10 19:04:58,82.222404,7.0901337,80.28543,229.7846,855.46844,0.029834673,30010.297618884928,96.0,N_739
2024-05-10 19:04:59,82.161224,7.083908,80.26445,229.46289,855.46655,0.02937144,30221.67027707454,96.0,N_739
2024-05-10 19:05:00,82.1,7.077774,80.23647,229.14116,855.4629,0.02890821,30430.890698739553,96.0,N_739
2024-05-10 19:05:01,82.03799,7.0736847,80.208496,228.81943,855.46655,0.028735118,30639.389591292886,96.0,N_739
2024-05-10 19:05:02,81.97595,7.069626,80.18052,228.4977,855.48694,0.029338937,30836.13828337947,96.0,N_739
2024-05-10 19:05:03,81.913895,7.0655823,80.166534,228.17596,855.46655,0.028967105,31042.340991779332,96.0,N_739
2024-05-10 19:05:04,81.85182,7.0615845,80.13856,227.86124,855.37024,0.029758861,31245.692196992255,96.0,N_739
2024-05-10 19:05:05,81.78972,7.057602,80.11758,227.5465,855.2721,0.030549537,31453.950264356827,96.0,N_739
2024-05-10 19:05:06,81.7276,7.05365,80.09659,227.23177,855.2443,0.02961001,31662.50718550702,96.0,N_739
2024-05-10 19:05:07,81.66545,7.0497284,80.06861,226.92403,855.2629,0.029627673,31875.574275437033,96.0,N_739
2024-05-10 19:05:08,81.60329,7.0458374,80.04064,226.60928,855.2777,0.029645337,32085.863706352535,96.0,N_739
2024-05-10 19:05:09,81.5411,7.041977,80.012665,226.30154,855.2758,0.029472465,32295.251739079795,96.0,N_739
2024-05-10 19:05:10,81.47889,7.038147,79.98469,225.9938,855.27026,0.028723497,32490.678131122408,96.0,N_739
2024-05-10 19:05:11,81.41666,7.0343323,79.9637,225.68607,855.2721,0.028553655,32684.72890759031,96.0,N_739
2024-05-10 19:05:12,81.3544,7.030548,79.94272,225.37833,855.2721,0.028383814,32883.8123815254,96.0,N_739
2024-05-10 19:05:13,81.29212,7.0267944,79.91474,225.07758,855.2721,0.028397659,33083.84498409029,96.0,N_739
2024-05-10 19:05:14,81.22982,7.0230713,79.886765,224.77682,855.2721,0.02860627,33285.68646718386,96.0,N_739
2024-05-10 19:05:15,81.167496,7.0193787,79.85879,224.47609,855.2721,0.027859194,33479.56361429654,96.0,N_739
2024-05-10 19:05:16,81.105156,7.0157166,79.83082,224.18233,855.2721,0.02826187,33679.76186890301,96.0,N_739
2024-05-10 19:05:17,81.042786,7.0120697,79.80284,223.88158,855.2721,0.026348213,33875.1499158348,96.0,N_739
2024-05-10 19:05:18,80.9804,7.0084534,79.76787,223.58783,855.2721,0.026373897,34060.97622180986,96.0,N_739
2024-05-10 19:05:19,80.917984,7.004883,79.73989,223.29408,855.274,0.026399579,34246.705901830646,96.0,N_739
2024-05-10 19:05:20,80.85555,7.0013275,79.711914,223.00032,855.2721,0.025451254,34426.50687962261,96.0,N_739
2024-05-10 19:05:21,80.7931,6.9978027,79.68394,222.70657,855.26843,0.0264365,34613.24661026394,96.0,N_739
2024-05-10 19:05:22,80.73062,6.994293,79.65596,222.41281,855.2721,0.026071616,34794.70095768953,96.0,N_739
2024-05-10 19:05:23,80.66812,6.9908295,79.62798,222.12605,855.2869,0.027254585,34980.72849105054,96.0,N_739
2024-05-10 19:05:24,80.6056,6.987381,79.600006,221.8463,855.2721,0.027855711,35174.27574956708,96.0,N_739
2024-05-10 19:05:25,80.54305,6.983963,79.57203,221.55954,855.19806,0.027095875,35360.01552597904,96.0,N_739
2024-05-10 19:05:26,80.480484,6.980591,79.54406,221.27977,855.10913,0.027109042,35560.38928252846,96.0,N_739
2024-05-10 19:05:27,80.4179,6.9772186,79.50909,220.99301,855.0647,0.026945895,35757.779771607056,96.0,N_739
2024-05-10 19:05:28,80.355286,6.973892,79.47411,220.71324,855.07025,0.027157396,35942.343877414314,96.0,N_739
2024-05-10 19:05:29,80.292656,6.9705963,79.44614,220.44048,855.08136,0.027172906,36129.87743017265,96.0,N_739
2024-05-10 19:05:30,80.229996,6.9673157,79.41816,220.16072,855.0795,0.025839474,36306.005449617296,96.0,N_739
2024-05-10 19:05:31,80.16732,6.964081,79.39018,219.88794,855.0777,0.026633913,36498.438105133784,96.0,N_739
2024-05-10 19:05:32,80.10462,6.960861,79.35522,219.61517,855.0777,0.028195385,36702.730473209,96.0,N_739
2024-05-10 19:05:33,80.04189,6.957672,79.320244,219.3424,855.0777,0.028981032,36900.89134483962,96.0,N_739
2024-05-10 19:05:34,79.97915,6.9545135,79.29227,219.06963,855.0777,0.029571157,37098.76691520179,96.0,N_739
2024-05-10 19:05:35,79.91638,6.9513702,79.26429,218.80385,855.0777,0.029207556,37310.253825098785,96.0,N_739
2024-05-10 19:05:36,79.8536,6.9482727,79.229324,218.53108,855.0777,0.028450625,37511.096737824606,96.0,N_739
2024-05-10 19:05:37,79.79079,6.9451904,79.19435,218.27231,855.0777,0.029049538,37707.334913067534,96.0,N_739
2024-05-10 19:05:38,79.72795,6.942154,79.166374,218.00653,855.0795,0.029265007,37913.455638480904,96.0,N_739
2024-05-10 19:05:39,79.6651,6.9391327,79.1314,217.74774,855.0777,0.029085035,38119.3405675894,96.0,N_739
2024-05-10 19:05:40,79.60222,6.936142,79.096436,217.48897,855.0739,0.028718824,38326.683763698,96.0,N_739
2024-05-10 19:05:41,79.53932,6.9331665,79.06146,217.22319,855.0777,0.03066053,38531.31207605083,96.0,N_739
2024-05-10 19:05:42,79.476395,6.930237,79.033485,216.9644,855.0925,0.030672546,38748.357379321336,96.0,N_739
2024-05-10 19:05:43,79.41345,6.9273376,78.99851,216.70563,855.0777,0.030311845,38960.49611995156,96.0,N_739
2024-05-10 19:05:44,79.35049,6.9244537,78.96355,216.45383,855.00354,0.029367477,39166.597660587344,96.0,N_739
2024-05-10 19:05:45,79.2875,6.9216003,78.92857,216.20204,854.91284,0.029387826,39373.25199519054,96.0,N_739
2024-05-10 19:05:46,79.22449,6.9187775,78.8936,215.95026,854.86835,0.028442182,39573.98731036369,96.0,N_739
2024-05-10 19:05:47,79.16145,6.915985,78.858635,215.69847,854.8758,0.028066814,39769.19710551527,96.0,N_739
2024-05-10 19:05:48,79.0984,6.9132233,78.82366,215.45367,854.8869,0.028284425,39966.04120909973,96.0,N_739
2024-05-10 19:05:49,79.03532,6.9104767,78.78869,215.20888,854.8851,0.02830571,40166.885806645834,96.0,N_739
2024-05-10 19:05:50,78.97222,6.907776,78.75372,214.95709,854.88135,0.031791262,40387.89132559513,96.0,N_739
2024-05-10 19:05:51,78.909096,6.9050903,78.71875,214.7123,854.8832,0.030825427,40598.94535249204,96.0,N_739
2024-05-10 19:05:52,78.845955,6.9024353,78.68378,214.4745,854.8832,0.02891695,40815.468945387984,96.0,N_739
2024-05-10 19:05:53,78.78278,6.899811,78.641815,214.2297,854.8832,0.028351236,41012.05900398546,96.0,N_739
2024-05-10 19:05:54,78.7196,6.897217,78.60684,213.99191,854.8832,0.027608996,41206.60317198993,96.0,N_739
2024-05-10 19:05:55,78.65639,6.894638,78.57188,213.74712,854.8832,0.026274674,41389.517358987614,96.0,N_739
2024-05-10 19:05:56,78.593155,6.892105,78.5369,213.50931,854.8832,0.026485087,41570.6797310016,96.0,N_739
2024-05-10 19:05:57,78.5299,6.8895874,78.50193,213.2785,854.8832,0.02688545,41742.71691360953,96.0,N_739
2024-05-10 19:05:58,78.46662,6.8871,78.47395,213.0477,854.8832,0.027277276,41942.23704115584,96.0,N_739
2024-05-10 19:05:59,78.40332,6.8846436,78.43199,212.8169,854.8851,0.02728483,42130.24418661619,96.0,N_739
2024-05-10 19:06:00,78.34,6.8822174,78.39702,212.58609,854.8832,0.026053283,42322.74244222453,96.0,N_739
2024-05-10 19:06:01,78.27657,6.8802643,78.35506,212.35529,854.8776,0.024821738,42495.48208611058,96.0,N_739
2024-05-10 19:06:02,78.21313,6.8783264,78.32008,212.12448,854.8832,0.023482997,42670.61789072,96.0,N_739
2024-05-10 19:06:03,78.14966,6.876404,78.27812,211.89368,854.90546,0.023503503,42844.31318949582,96.0,N_739
2024-05-10 19:06:04,78.086174,6.8744965,78.23616,211.66986,854.90546,0.023322383,43005.16483496203,96.0,N_739
2024-05-10 19:06:05,78.02267,6.8726044,78.20119,211.44604,854.83875,0.02295005,43163.059402213454,96.0,N_739
2024-05-10 19:06:06,77.959145,6.8707123,78.166214,211.22223,854.7295,0.022798413,43310.175690096694,96.0,N_739
2024-05-10 19:06:07,77.89561,6.8688354,78.13824,210.99843,854.6702,0.022825198,43475.64787583471,96.0,N_739
2024-05-10 19:06:08,77.83204,6.866989,78.096275,210.7816,854.6795,0.023027606,43644.337987964784,96.0,N_739
2024-05-10 19:06:09,77.76846,6.865143,78.05431,210.56479,854.69434,0.022637162,43810.66696194313,96.0,N_739
2024-05-10 19:06:10,77.70486,6.8632965,78.012344,210.34798,854.69055,0.022077022,43973.438186335945,96.0,N_739
2024-05-10 19:06:11,77.641235,6.8614807,77.97038,210.13115,854.6869,0.022504412,44139.457856871646,96.0,N_739
2024-05-10 19:06:12,77.5776,6.85968,77.92841,209.91434,854.6869,0.022909425,44294.035593710636,96.0,N_739
2024-05-10 19:06:13,77.51394,6.8578796,77.89345,209.70451,854.6887,0.023125,44461.07343289525,96.0,N_739
2024-05-10 19:06:14,77.45026,6.8560944,77.85148,209.49469,854.6887,0.023132782,44629.32266923573,96.0,N_739
2024-05-10 19:06:15,77.38656,6.8543243,77.80952,209.28487,854.6887,0.023358576,44787.457236000766,96.0,N_739
2024-05-10 19:06:16,77.322845,6.8525696,77.77454,209.07504,854.6887,0.023380507,44957.05674535825,96.0,N_739
2024-05-10 19:06:17,77.2591,6.85083,77.73258,208.86522,854.6887,0.023011643,45113.58333620348,96.0,N_739
2024-05-10 19:06:18,77.19535,6.8490906,77.69761,208.6554,854.69055,0.023029372,45278.54073428693,96.0,N_739
2024-05-10 19:06:19,77.13157,6.8473816,77.65565,208.45256,854.6887,0.023251556,45433.93920463744,96.0,N_739
2024-05-10 19:06:20,77.06778,6.8456726,77.620674,208.24974,854.68317,0.022688748,45596.92406950419,96.0,N_739
2024-05-10 19:06:21,77.00396,6.843979,77.57871,208.0469,854.6887,0.022122925,45757.25972130311,96.0,N_739
2024-05-10 19:06:22,76.940125,6.8423004,77.53674,207.84409,854.71094,0.021360619,45910.1107599395,96.0,N_739
2024-05-10 19:06:23,76.876274,6.840637,77.49478,207.64824,854.71094,0.021569725,46067.039049098,96.0,N_739
2024-05-10 19:06:24,76.8124,6.8389893,77.45282,207.44542,854.6443,0.021394147,46220.625050515875,96.0,N_739
2024-05-10 19:06:25,76.748505,6.8373413,77.41085,207.24957,854.5332,0.021229798,46362.075684653144,96.0,N_739
2024-05-10 19:06:26,76.68459,6.835724,77.37588,207.05374,854.47577,0.021818455,46530.26132208278,96.0,N_739
2024-05-10 19:06:27,76.62066,6.8341064,77.32692,206.85791,854.4832,0.021263206,46684.433273854855,96.0,N_739
2024-05-10 19:06:28,76.55671,6.8325043,77.28496,206.66208,854.498,0.021074072,46825.728539055126,96.0,N_739
2024-05-10 19:06:29,76.49274,6.8309174,77.249985,206.46623,854.49615,0.021465233,46977.245532183995,96.0,N_739
2024-05-10 19:06:30,76.42875,6.8293457,77.20802,206.2774,854.49243,0.020914268,47126.10805200451,96.0,N_739
2024-05-10 19:06:31,76.36474,6.827774,77.16605,206.08856,854.49243,0.021125268,47276.59179038224,96.0,N_739
2024-05-10 19:06:32,76.30071,6.8262177,77.12409,205.89972,854.49426,0.021135962,47427.38112744587,96.0,N_739
2024-05-10 19:06:33,76.236664,6.824692,77.08213,205.71088,854.49426,0.020766808,47575.962974709924,96.0,N_739
2024-05-10 19:06:34,76.17259,6.823166,77.04016,205.52203,854.49426,0.02020443,47718.5228153755,96.0,N_739
2024-05-10 19:06:35,76.108505,6.8216553,76.9982,205.34018,854.49426,0.019837737,47861.17107058635,96.0,N_739
2024-05-10 19:06:36,76.0444,6.82016,76.95624,205.15135,854.49426,0.020245768,48004.44135977768,96.0,N_739
2024-05-10 19:06:37,75.98027,6.8186646,76.91427,204.9695,854.49426,0.020652711,48162.35882061801,96.0,N_739
2024-05-10 19:06:38,75.91613,6.8171997,76.86531,204.78766,854.49426,0.02018132,48306.417920019725,96.0,N_739
2024-05-10 19:06:39,75.85196,6.815735,76.82335,204.6058,854.49615,0.01970993,48446.652771713445,96.0,N_739
2024-05-10 19:06:40,75.78778,6.8142853,76.78138,204.42397,854.49426,0.019740699,48584.83272112764,96.0,N_739
2024-05-10 19:06:41,75.72357,6.812851,76.73942,204.2491,854.4888,0.01975165,48725.58434066832,96.0,N_739
2024-05-10 19:06:42,75.65935,6.811432,76.69745,204.06726,854.4869,0.01996642,48854.84936775764,96.0,N_739
2024-05-10 19:06:43,75.59511,6.810028,76.66248,203.89241,854.5054,0.02073837,49011.060462003275,96.0,N_739
2024-05-10 19:06:44,75.530846,6.8086243,76.613525,203.71756,854.5128,0.02114077,49159.94242533301,96.0,N_739
2024-05-10 19:06:45,75.46656,6.807251,76.571556,203.5427,854.45166,0.021543166,49310.69459674423,96.0,N_739
2024-05-10 19:06:46,75.40226,6.8058777,76.529594,203.36784,854.3406,0.02039296,49463.655284893306,96.0,N_739
2024-05-10 19:06:47,75.33794,6.8045197,76.48064,203.19998,854.2794,0.020517819,49608.955194938644,96.0,N_739
2024-05-10 19:06:48,75.2736,6.803177,76.43867,203.02513,854.2887,0.02064268,49754.49037586443,96.0,N_739
2024-05-10 19:06:49,75.20924,6.8018494,76.396706,202.85028,854.3035,0.01951122,49899.587640012105,96.0,N_739
2024-05-10 19:06:50,75.14486,6.800522,76.34775,202.68942,854.3017,0.019162817,50034.0035675056,96.0,N_739
2024-05-10 19:06:51,75.08046,6.799225,76.30578,202.52156,854.2979,0.020526286,50176.61256925296,96.0,N_739
2024-05-10 19:06:52,75.016045,6.797928,76.26382,202.3537,854.2979,0.021113222,50323.21192998948,96.0,N_739
2024-05-10 19:06:53,74.95161,6.796646,76.221855,202.18584,854.2998,0.021420378,50484.56964498784,96.0,N_739
2024-05-10 19:06:54,74.88715,6.7953796,76.17289,202.01799,854.2998,0.021727532,50633.784121454446,96.0,N_739
2024-05-10 19:06:55,74.82267,6.7941284,76.13093,201.85712,854.2998,0.02234595,50799.28314819049,96.0,N_739
2024-05-10 19:06:56,74.75818,6.7928925,76.08197,201.69626,854.2979,0.02157161,50960.576036873106,96.0,N_739
2024-05-10 19:06:57,74.693665,6.7916565,76.03301,201.53539,854.2998,0.020823983,51119.33599345388,96.0,N_739
2024-05-10 19:06:58,74.62913,6.790451,75.984055,201.36752,854.2998,0.015638726,51230.481723829704,96.0,N_739
2024-05-10 19:06:59,74.564575,6.7892456,75.942085,201.20667,854.2998,0.016642412,51347.03771832877,96.0,N_739
2024-05-10 19:07:00,74.5,6.7880554,75.90012,201.0458,854.29425,0.017643945,51467.90046241729,96.0,N_739
2024-05-10 19:07:01,74.4345,6.787277,75.85816,200.89194,854.2998,0.019795232,51604.853255501854,96.0,N_739
2024-05-10 19:07:02,74.36902,6.786484,75.81619,200.73106,854.3221,0.02194652,51766.32449614345,96.0,N_739
2024-05-10 19:07:03,74.30355,6.7857056,75.767235,200.5772,854.3221,0.0213532,51911.88576130039,96.0,N_739
2024-05-10 19:07:04,74.23809,6.7849274,75.72527,200.42332,854.2554,0.022098094,52088.57670815625,96.0,N_739
2024-05-10 19:07:05,74.17264,6.784134,75.66932,200.26945,854.1442,0.022491192,52242.7703747789,96.0,N_739
2024-05-10 19:07:06,74.1072,6.7833557,75.62735,200.11559,854.0868,0.021531511,52401.95085439833,96.0,N_739
2024-05-10 19:07:07,74.04177,6.7825623,75.57839,199.96172,854.09424,0.022137057,52550.43682523526,96.0,N_739
2024-05-10 19:07:08,73.97636,6.781784,75.53643,199.81483,854.1091,0.022144517,52700.87749662009,96.0,N_739
2024-05-10 19:07:09,73.91095,6.7809906,75.49446,199.66096,854.1072,0.02312297,52868.901787367075,96.0,N_739
2024-05-10 19:07:10,73.84555,6.7802124,75.4455,199.51408,854.1035,0.024690602,53051.64627940293,96.0,N_739
2024-05-10 19:07:11,73.780174,6.779419,75.396545,199.36021,854.1035,0.026258234,53242.55161224726,96.0,N_739
2024-05-10 19:07:12,73.7148,6.7786407,75.34759,199.21335,854.10535,0.022051524,53391.29731720401,96.0,N_739
2024-05-10 19:07:13,73.64944,6.7778473,75.305626,199.06647,854.10535,0.020129653,53527.183302971185,96.0,N_739
2024-05-10 19:07:14,73.58408,6.777054,75.26366,198.91959,854.10535,0.02073332,53677.03940944259,96.0,N_739
2024-05-10 19:07:15,73.518745,6.7762756,75.2147,198.77971,854.1035,0.019785253,53823.83938200581,96.0,N_739
2024-05-10 19:07:16,73.45342,6.775482,75.16574,198.63283,854.10535,0.020765563,53977.73962980049,96.0,N_739
2024-05-10 19:07:17,73.38811,6.7746887,75.11678,198.48596,854.10535,0.023078898,54130.88902271224,96.0,N_739
2024-05-10 19:07:18,73.3228,6.7738953,75.074814,198.34607,854.10535,0.022314023,54291.93494993543,96.0,N_739
2024-05-10 19:07:19,73.2575,6.773102,75.025856,198.20619,854.0998,0.021756176,54453.031661442044,96.0,N_739
2024-05-10 19:07:20,73.19222,6.7723236,74.9769,198.05931,854.10535,0.021198211,54595.08084523703,96.0,N_739
2024-05-10 19:07:21,73.126945,6.77153,74.93494,197.91943,854.12756,0.020827569,54733.81849125077,96.0,N_739
2024-05-10 19:07:22,73.06168,6.7707367,74.89297,197.77956,854.12756,0.023738882,54902.38873338545,96.0,N_739
2024-05-10 19:07:23,72.99644,6.769943,74.84401,197.64667,854.0591,0.02337634,55072.36150513217,96.0,N_739
2024-05-10 19:07:24,72.9312,6.76915,74.79505,197.50677,853.9498,0.023188397,55238.59524380229,96.0,N_739
2024-05-10 19:07:25,72.86597,6.7683563,74.74609,197.37389,853.8924,0.024173273,55429.83656402562,96.0,N_739
2024-05-10 19:07:26,72.80075,6.767563,74.69014,197.23401,853.89984,0.024367936,55593.60963851509,96.0,N_739
2024-05-10 19:07:27,72.73555,6.7667694,74.64818,197.09413,853.9146,0.019370176,55721.67925575641,96.0,N_739
2024-05-10 19:07:28,72.67035,6.765976,74.60621,196.96124,853.9127,0.015186115,55833.4399818931,96.0,N_739
2024-05-10 19:07:29,72.60517,6.765167,74.55725,196.82835,853.90906,0.020242125,55980.44943559855,96.0,N_739
2024-05-10 19:07:30,72.53999,6.764374,74.50829,196.69547,853.90906,0.020665098,56130.466438879695,96.0,N_739
2024-05-10 19:07:31,72.47484,6.7635803,74.459335,196.56258,853.9109,0.021088071,56283.49717668914,96.0,N_739
2024-05-10 19:07:32,72.40968,6.762787,74.41038,196.42969,853.9109,0.02245449,56443.199309664604,96.0,N_739
2024-05-10 19:07:33,72.34454,6.7619934,74.36142,196.30379,853.90906,0.02225151,56604.25570829121,96.0,N_739
2024-05-10 19:07:34,72.27942,6.7611847,74.31246,196.1709,853.90906,0.021137768,56755.48779123307,96.0,N_739
2024-05-10 19:07:35,72.2143,6.760391,74.263504,196.04501,853.9109,0.01938543,56885.56778387898,96.0,N_739
2024-05-10 19:07:36,72.1492,6.759598,74.221535,195.91212,853.9109,0.017711382,57013.18313990322,96.0,N_739
2024-05-10 19:07:37,72.0841,6.758789,74.17258,195.78622,853.90906,0.018347291,57146.01796263778,96.0,N_739
2024-05-10 19:07:38,72.01902,6.7579956,74.12362,195.66034,853.90533,0.019122552,57284.16727048894,96.0,N_739
2024-05-10 19:07:39,71.95395,6.757187,74.07466,195.53444,853.9109,0.01873426,57419.84988435425,96.0,N_739
2024-05-10 19:07:40,71.888885,6.7563934,74.0257,195.40854,853.9331,0.018470868,57553.9049695951,96.0,N_739
2024-05-10 19:07:41,71.82384,6.7555847,73.97674,195.28265,853.9331,0.01820748,57686.314218287946,96.0,N_739
2024-05-10 19:07:42,71.7588,6.7547913,73.92778,195.15675,853.8646,0.01457692,57792.67600809029,96.0,N_739
2024-05-10 19:07:43,71.69377,6.7539825,73.87882,195.03786,853.7553,0.015752891,57908.67177707312,96.0,N_739
2024-05-10 19:07:44,71.62875,6.753189,73.829865,194.91196,853.69604,0.016705034,58029.2677195257,96.0,N_739
2024-05-10 19:07:45,71.56374,6.7523804,73.78091,194.79306,853.7053,0.015564049,58142.25981714463,96.0,N_739
2024-05-10 19:07:46,71.49875,6.7515717,73.73195,194.67416,853.72015,0.015393755,58256.1650208748,96.0,N_739
2024-05-10 19:07:47,71.43377,6.750778,73.68299,194.54826,853.7183,0.014832392,58364.68269627384,96.0,N_739
2024-05-10 19:07:48,71.3688,6.7499695,73.63403,194.42937,853.71454,0.0144560365,58470.64108949939,96.0,N_739
2024-05-10 19:07:49,71.30383,6.749161,73.58507,194.31047,853.71454,0.015431407,58583.15162403111,96.0,N_739
2024-05-10 19:07:50,71.238884,6.748352,73.53611,194.19157,853.71643,0.017193252,58707.459616386055,96.0,N_739
2024-05-10 19:07:51,71.17394,6.7475586,73.48715,194.07266,853.71454,0.017682038,58835.120373199556,96.0,N_739
2024-05-10 19:07:52,71.10902,6.74675,73.438194,193.95377,853.71454,0.018170826,58966.14399703333,96.0,N_739
2024-05-10 19:07:53,71.044106,6.745941,73.38924,193.83487,853.71643,0.016636942,59084.993061832436,96.0,N_739
2024-05-10 19:07:54,70.979195,6.7451324,73.34028,193.72296,853.71454,0.01552047,59198.420296840995,96.0,N_739
2024-05-10 19:07:55,70.9143,6.7443237,73.29132,193.60406,853.7109,0.013603069,59297.61221066586,96.0,N_739
2024-05-10 19:07:56,70.84942,6.743515,73.24236,193.49216,853.71454,0.011133764,59380.552649206606,96.0,N_739
2024-05-10 19:07:57,70.784546,6.7427063,73.1934,193.38025,853.7294,0.010975696,59462.51617720588,96.0,N_739
2024-05-10 19:07:58,70.71969,6.7418976,73.14444,193.26834,853.71454,0.012538921,59554.79758961263,96.0,N_739
2024-05-10 19:07:59,70.65484,6.741089,73.09548,193.15643,853.6405,0.01258793,59647.47099893203,96.0,N_739
2024-05-10 19:08:00,70.59,6.74028,73.046524,193.04454,853.55164,0.013946881,59750.957669896925,96.0,N_739
2024-05-10 19:08:01,70.52525,6.739319,72.99757,192.92563,853.5072,0.0150648225,59860.23646542788,96.0,N_739
2024-05-10 19:08:02,70.46051,6.738373,72.94861,192.81374,853.51276,0.014486567,59965.63233236273,96.0,N_739
2024-05-10 19:08:03,70.39578,6.7374268,72.89965,192.70183,853.5238,0.013379139,60062.138063406164,96.0,N_739
2024-05-10 19:08:04,70.33106,6.736496,72.85069,192.59691,853.522,0.011068568,60145.00747986074,96.0,N_739
2024-05-10 19:08:05,70.26635,6.73555,72.80173,192.485,853.52014,0.012854893,60238.259346180734,96.0,N_739
2024-05-10 19:08:06,70.201645,6.734619,72.75277,192.3801,853.52014,0.012083493,60327.95562260278,96.0,N_739
2024-05-10 19:08:07,70.136955,6.7336884,72.70381,192.26819,853.52014,0.015167064,60436.33530408694,96.0,N_739
2024-05-10 19:08:08,70.072266,6.732773,72.654854,192.16327,853.52014,0.013876258,60547.1713489097,96.0,N_739
2024-05-10 19:08:09,70.00758,6.7318573,72.5989,192.05138,853.52014,0.012558054,60639.83539078536,96.0,N_739
2024-05-10 19:08:10,69.94292,6.730942,72.54994,191.94646,853.52014,0.013874284,60749.18122057107,96.0,N_739
2024-05-10 19:08:11,69.87825,6.7300262,72.49399,191.84155,853.52014,0.015428495,60860.4944493163,96.0,N_739
2024-05-10 19:08:12,69.8136,6.729126,72.44503,191.73663,853.522,0.014875265,60967.228193172676,96.0,N_739
2024-05-10 19:08:13,69.748955,6.7282257,72.39607,191.63173,853.52014,0.01320591,61063.168873985735,96.0,N_739
2024-05-10 19:08:14,69.68432,6.7273254,72.347115,191.52681,853.5164,0.010010359,61138.3418923063,96.0,N_739
2024-05-10 19:08:15,69.61968,6.726425,72.29816,191.4219,853.52014,0.007791432,61198.101786982785,96.0,N_739
2024-05-10 19:08:16,69.55506,6.72554,72.2492,191.32399,853.5349,0.009260655,61268.32947418679,96.0,N_739
2024-05-10 19:08:17,69.490456,6.724655,72.20023,191.21907,853.52014,0.010181699,61350.37640107878,96.0,N_739
2024-05-10 19:08:18,69.42585,6.7237854,72.14429,191.12115,853.44604,0.011340591,61435.37884739494,96.0,N_739
2024-05-10 19:08:19,69.36125,6.7229004,72.09532,191.01624,853.3571,0.010013787,61517.50317286473,96.0,N_739
2024-05-10 19:08:20,69.29667,6.7220306,72.039375,190.91133,853.3127,0.0083494,61582.11382466275,96.0,N_739
2024-05-10 19:08:21,69.232086,6.721161,71.99041,190.81342,853.31824,0.007124934,61637.664070446546,96.0,N_739
2024-05-10 19:08:22,69.16752,6.7203064,71.94145,190.7155,853.32935,0.005900468,61685.37227933625,96.0,N_739
2024-05-10 19:08:23,69.10295,6.719452,71.892494,190.61758,853.3275,0.004676002,61725.22946307431,96.0,N_739
2024-05-10 19:08:24,69.0384,6.7185974,71.84354,190.51965,853.3257,0.0034515362,61759.55024540196,96.0,N_739
2024-05-10 19:08:25,68.973854,6.717743,71.78758,190.42174,853.3257,0.00402563,61799.04140114483,96.0,N_739
2024-05-10 19:08:26,68.90932,6.7169037,71.73163,190.32382,853.3257,0.0012183029,61817.729912220064,96.0,N_739
2024-05-10 19:08:27,68.84479,6.7160645,71.68267,190.2259,853.3257,0.0012151351,61835.34065457981,96.0,N_739
2024-05-10 19:08:28,68.780266,6.715225,71.63371,190.12799,853.3257,-0.003343821,61821.251562514626,96.0,N_739
2024-05-10 19:08:29,68.71575,6.7144012,71.57776,190.03008,853.3257,-0.0046368744,61802.69605091055,96.0,N_739
2024-05-10 19:08:30,68.65125,6.7135773,71.5288,189.93915,853.3257,-0.0049686143,61780.1459201084,96.0,N_739
2024-05-10 19:08:31,68.586754,6.7127533,71.47984,189.84123,853.3275,-0.00055852474,61786.29922406506,96.0,N_739
2024-05-10 19:08:32,68.52227,6.7119293,71.430885,189.74332,853.3257,-4.673202e-07,61796.06781585993,96.0,N_739
2024-05-10 19:08:33,68.45779,6.7111206,71.38193,189.65239,853.32196,-0.00261655,61788.70596692148,96.0,N_739
2024-05-10 19:08:34,68.39332,6.710312,71.33297,189.55447,853.3257,-0.0043133325,61768.10786135332,96.0,N_739
2024-05-10 19:08:35,68.32886,6.709503,71.277016,189.46355,853.3405,-0.0031440498,61756.63580414131,96.0,N_739
2024-05-10 19:08:36,68.2644,6.7087097,71.22106,189.37262,853.3257,-0.0022048196,61752.98315590547,96.0,N_739
2024-05-10 19:08:37,68.19995,6.7079163,71.172104,189.2747,853.2516,-0.004282722,61735.467649805,96.0,N_739
2024-05-10 19:08:38,68.13552,6.707123,71.123146,189.18378,853.16266,-0.009893781,61681.985513218686,96.0,N_739
2024-05-10 19:08:39,68.07109,6.7063293,71.07418,189.09286,853.1182,-0.014312058,61590.54987911804,96.0,N_739
2024-05-10 19:08:40,68.00667,6.705551,71.018234,189.00194,853.12384,-0.0032048263,61578.591858934895,96.0,N_739
2024-05-10 19:08:41,67.94225,6.704773,70.96228,188.91101,853.13495,0.0009174935,61595.14452531072,96.0,N_739
2024-05-10 19:08:42,67.87785,6.7039948,70.91332,188.82008,853.13306,-0.0049352744,61573.84006586713,96.0,N_739
2024-05-10 19:08:43,67.81345,6.703232,70.864365,188.73616,853.13116,-0.0060315933,61544.69419436517,96.0,N_739
2024-05-10 19:08:44,67.74907,6.702469,70.8154,188.64523,853.13116,-0.01164925,61479.72268537921,96.0,N_739
2024-05-10 19:08:45,67.684685,6.701706,70.76644,188.55432,853.13116,-0.0112583,61409.573789385715,96.0,N_739
2024-05-10 19:08:46,67.620316,6.700943,70.71049,188.4634,853.13116,-0.0110191535,61343.46030457393,96.0,N_739
2024-05-10 19:08:47,67.555954,6.7001953,70.65454,188.37946,853.13116,-0.01100234,61275.943158276306,96.0,N_739
2024-05-10 19:08:48,67.4916,6.6994476,70.59859,188.28854,853.13116,-0.010600784,61219.962984553305,96.0,N_739
2024-05-10 19:08:49,67.42725,6.6987,70.54963,188.2046,853.13116,-0.010762183,61161.68792866133,96.0,N_739
2024-05-10 19:08:50,67.362915,6.6979675,70.50066,188.12068,853.13306,-0.009141554,61112.36225351467,96.0,N_739
2024-05-10 19:08:51,67.29859,6.697235,70.451706,188.02975,853.13116,-0.0075209253,61069.42617550983,96.0,N_739
2024-05-10 19:08:52,67.23427,6.6965027,70.39575,187.94583,853.1256,-0.007821466,61025.27714524341,96.0,N_739
2024-05-10 19:08:53,67.16995,6.6957855,70.339806,187.8619,853.13116,-0.0098415995,60973.715325364064,96.0,N_739
2024-05-10 19:08:54,67.10565,6.695053,70.29084,187.77797,853.1498,-0.010818888,60913.40574284164,96.0,N_739
2024-05-10 19:08:55,67.04136,6.694336,70.24188,187.68704,853.13116,-0.008173234,60865.794482446494,96.0,N_739
2024-05-10 19:08:56,66.977066,6.693634,70.18593,187.60312,853.03485,-0.0068102796,60828.62002707541,96.0,N_739
2024-05-10 19:08:57,66.91279,6.692917,70.12998,187.51918,852.93677,-0.010159909,60774.88889672673,96.0,N_739
2024-05-10 19:08:58,66.84852,6.692215,70.08102,187.43526,852.90894,-0.009584268,60718.261546633046,96.0,N_739
2024-05-10 19:08:59,66.784256,6.6915283,70.02507,187.35832,852.9256,-0.011423066,60656.28414476557,96.0,N_739
2024-05-10 19:09:00,66.72,6.6908264,69.976105,187.27438,852.9423,-0.011191253,60594.831019217,96.0,N_739
2024-05-10 19:09:01,66.65633,6.6902466,69.92715,187.19046,852.9386,-0.010192822,60532.70192718624,96.0,N_739
2024-05-10 19:09:02,66.59264,6.6896667,69.8712,187.10654,852.9349,-0.009251687,60485.75911901306,96.0,N_739
2024-05-10 19:09:03,66.52895,6.689087,69.822235,187.0296,852.93677,-0.010170617,60423.550003850934,96.0,N_739
2024-05-10 19:09:04,66.46525,6.688507,69.76629,186.94566,852.93677,-0.01052401,60368.6290932352,96.0,N_739
2024-05-10 19:09:05,66.40153,6.6879272,69.71732,186.86873,852.93677,-0.010306553,60312.41571573451,96.0,N_739
2024-05-10 19:09:06,66.3378,6.6873474,69.668365,186.7848,852.93677,-0.012544925,60235.052786943095,96.0,N_739
2024-05-10 19:09:07,66.27406,6.6867676,69.61241,186.70787,852.9386,-0.012536543,60165.634229655516,96.0,N_739
2024-05-10 19:09:08,66.21031,6.6861877,69.56345,186.62393,852.93677,-0.013982223,60078.235064068824,96.0,N_739
2024-05-10 19:09:09,66.14655,6.685608,69.5075,186.547,852.9312,-0.015247029,59982.95344268116,96.0,N_739
2024-05-10 19:09:10,66.08278,6.685028,69.45155,186.47006,852.93677,-0.01629682,59891.6203142087,96.0,N_739
2024-05-10 19:09:11,66.019,6.6844635,69.40259,186.39313,852.95715,-0.020163659,59772.246477865476,96.0,N_739
2024-05-10 19:09:12,65.9552,6.6838837,69.35363,186.3092,852.93677,-0.019059649,59649.42926781983,96.0,N_739
2024-05-10 19:09:13,65.891396,6.683319,69.297676,186.23227,852.83856,-0.021426396,59511.05040983862,96.0,N_739
2024-05-10 19:09:14,65.827576,6.6827393,69.24173,186.15533,852.7423,-0.018983418,59389.55327203521,96.0,N_739
2024-05-10 19:09:15,65.76375,6.6821747,69.185776,186.0784,852.7219,-0.019513339,59264.309485619226,96.0,N_739
2024-05-10 19:09:16,65.69991,6.681595,69.12982,186.00146,852.7423,-0.020216838,59148.08589107014,96.0,N_739
2024-05-10 19:09:17,65.63606,6.6810303,69.080864,185.92453,852.7497,-0.017795252,59033.58910204974,96.0,N_739
2024-05-10 19:09:18,65.5722,6.6804504,69.02491,185.8476,852.74414,-0.015558054,58946.43043319445,96.0,N_739
2024-05-10 19:09:19,65.50832,6.679886,68.97595,185.77066,852.7404,-0.015178556,58862.53773331341,96.0,N_739
2024-05-10 19:09:20,65.44444,6.6793213,68.926994,185.70071,852.7404,-0.015899727,58771.87918010697,96.0,N_739
2024-05-10 19:09:21,65.38055,6.6787567,68.87803,185.62378,852.7423,-0.017691297,58660.0319822659,96.0,N_739
2024-05-10 19:09:22,65.31664,6.678192,68.82208,185.55383,852.7423,-0.018210035,58543.28129021093,96.0,N_739
2024-05-10 19:09:23,65.25272,6.6776276,68.76613,185.4769,852.7423,-0.021486023,58406.39157424069,96.0,N_739
2024-05-10 19:09:24,65.1888,6.6770477,68.710175,185.40697,852.7423,-0.022389377,58260.34452594879,96.0,N_739
2024-05-10 19:09:25,65.12486,6.6764984,68.65422,185.33003,852.7423,-0.02199152,58117.155712482956,96.0,N_739
2024-05-10 19:09:26,65.06091,6.675934,68.59827,185.2531,852.74414,-0.020493994,57998.44831094416,96.0,N_739
2024-05-10 19:09:27,64.99695,6.6753693,68.54931,185.17616,852.7423,-0.018996468,57890.64036426905,96.0,N_739
2024-05-10 19:09:28,64.932976,6.6748047,68.50035,185.10622,852.73676,-0.017498942,57791.856930311464,96.0,N_739
2024-05-10 19:09:29,64.868996,6.67424,68.45139,185.03627,852.7423,-0.017076772,57683.668703621195,96.0,N_739
2024-05-10 19:09:30,64.805,6.6736755,68.39544,184.96634,852.7627,-0.016852306,57578.05082145604,96.0,N_739
2024-05-10 19:09:31,64.74099,6.673126,68.339485,184.8964,852.7423,-0.017386507,57466.52033850787,96.0,N_739
2024-05-10 19:09:32,64.67698,6.6725616,68.28353,184.81946,852.6441,-0.017358974,57369.61693210348,96.0,N_739
2024-05-10 19:09:33,64.612946,6.6720123,68.23457,184.74951,852.5478,-0.016587993,57276.19586493116,96.0,N_739
2024-05-10 19:09:34,64.54891,6.6714478,68.185616,184.67958,852.52747,-0.014876271,57182.912050626626,96.0,N_739
2024-05-10 19:09:35,64.484856,6.6708984,68.12966,184.60963,852.5478,-0.012454004,57107.3517066355,96.0,N_739
2024-05-10 19:09:36,64.4208,6.670334,68.07371,184.53969,852.55524,-0.012162646,57033.76493272768,96.0,N_739
2024-05-10 19:09:37,64.35673,6.6697845,68.01775,184.46976,852.5497,-0.011871289,56962.15559210215,96.0,N_739
2024-05-10 19:09:38,64.29264,6.66922,67.96181,184.39981,852.546,-0.013211993,56890.46037852888,96.0,N_739
2024-05-10 19:09:39,64.228546,6.6686707,67.91284,184.32986,852.546,-0.014552696,56809.34408052455,96.0,N_739
2024-05-10 19:09:40,64.164444,6.6681213,67.863884,184.25993,852.5478,-0.014332141,56719.55789700392,96.0,N_739
2024-05-10 19:09:41,64.10033,6.667572,67.80793,184.18999,852.5478,-0.01503402,56627.799785337666,96.0,N_739
2024-05-10 19:09:42,64.0362,6.6670227,67.75198,184.12704,852.5478,-0.013538729,56544.33493615355,96.0,N_739
2024-05-10 19:09:43,63.972057,6.6664734,67.69603,184.0571,852.5478,-0.015546649,56460.04616330897,96.0,N_739
2024-05-10 19:09:44,63.90791,6.665924,67.64707,183.99416,852.5441,-0.016080404,56357.84927060245,96.0,N_739
2024-05-10 19:09:45,63.843746,6.6653748,67.59112,183.92421,852.54224,-0.015862059,56258.35222099497,96.0,N_739
2024-05-10 19:09:46,63.779575,6.6648254,67.535164,183.85426,852.55896,-0.016201798,56169.949589106356,96.0,N_739
2024-05-10 19:09:47,63.715393,6.664276,67.486206,183.79132,852.5756,-0.016348656,56065.754488936625,96.0,N_739
2024-05-10 19:09:48,63.6512,6.663727,67.43025,183.72137,852.5478,-0.016495515,55961.7352379483,96.0,N_739
2024-05-10 19:09:49,63.58699,6.6631775,67.3743,183.65144,852.4478,-0.016806686,55857.606609572016,96.0,N_739
2024-05-10 19:09:50,63.522774,6.662628,67.318344,183.58849,852.3515,-0.016814858,55765.13359380156,96.0,N_739
2024-05-10 19:09:51,63.458546,6.662094,67.26939,183.52554,852.333,-0.016819412,55671.506640956526,96.0,N_739
2024-05-10 19:09:52,63.39431,6.661545,67.22043,183.4626,852.3534,-0.014236902,55581.720667467845,96.0,N_739
2024-05-10 19:09:53,63.33006,6.6610107,67.164474,183.39265,852.35895,-0.013836622,55497.668378423026,96.0,N_739
2024-05-10 19:09:54,63.265797,6.6604614,67.10852,183.32971,852.3534,-0.017455364,55401.103045443764,96.0,N_739
2024-05-10 19:09:55,63.201527,6.6599274,67.05956,183.26677,852.3515,-0.016114267,55300.21522409799,96.0,N_739
2024-05-10 19:09:56,63.13724,6.659378,67.00361,183.20381,852.3515,-0.013872062,55223.47639198816,96.0,N_739
2024-05-10 19:09:57,63.07295,6.658844,66.95465,183.13388,852.3534,-0.011629857,55153.2553421201,96.0,N_739
2024-05-10 19:09:58,63.00864,6.6582947,66.8987,183.07092,852.3534,-0.010923731,55088.757291079644,96.0,N_739
2024-05-10 19:09:59,62.944324,6.6577606,66.84274,183.00798,852.3534,-0.01617707,54988.367842017906,96.0,N_739
2024-05-10 19:10:00,62.879997,6.6572266,66.78679,182.94504,852.3534,-0.015388762,54893.327647852035,96.0,N_739
2024-05-10 19:10:01,62.814594,6.6566772,66.73084,182.88208,852.3515,-0.018108362,54779.659484590484,96.0,N_739
2024-05-10 19:10:02,62.749214,6.6561127,66.67489,182.81914,852.3497,-0.021345126,54643.824637811216,96.0,N_739
2024-05-10 19:10:03,62.68386,6.6555634,66.618935,182.7562,852.3608,-0.02211729,54518.229306608344,96.0,N_739
2024-05-10 19:10:04,62.61853,6.655014,66.56998,182.69325,852.36633,-0.022889454,54370.638670823726,96.0,N_739
2024-05-10 19:10:05,62.553226,6.6544647,66.51402,182.6303,852.3219,-0.02267781,54228.28433961508,96.0,N_739
2024-05-10 19:10:06,62.48795,6.6539154,66.45807,182.57434,852.23114,-0.022248909,54101.54462416344,96.0,N_739
2024-05-10 19:10:07,62.422695,6.653366,66.40911,182.5114,852.15704,-0.022599354,53955.77529385172,96.0,N_739
2024-05-10 19:10:08,62.357464,6.652832,66.35316,182.44846,852.14404,-0.026519628,53784.1746385469,96.0,N_739
2024-05-10 19:10:09,62.29226,6.6522827,66.2972,182.3855,852.15894,-0.023614012,53632.41988876521,96.0,N_739
2024-05-10 19:10:10,62.22708,6.6517334,66.24125,182.32256,852.1626,-0.023770982,53479.52713025438,96.0,N_739
2024-05-10 19:10:11,62.161926,6.6511993,66.185295,182.25961,852.15894,-0.028954145,53315.3799583611,96.0,N_739
2024-05-10 19:10:12,62.096798,6.6506653,66.13634,182.20366,852.15704,-0.026970353,53139.192251527624,96.0,N_739
2024-05-10 19:10:13,62.031693,6.650116,66.08038,182.14072,852.15894,-0.025125386,52980.00022164078,96.0,N_739
2024-05-10 19:10:14,61.966614,6.649582,66.02444,182.08476,852.15894,-0.026528789,52826.37136728774,96.0,N_739
2024-05-10 19:10:15,61.90156,6.649048,65.97548,182.0218,852.15894,-0.026817149,52654.58139409626,96.0,N_739
2024-05-10 19:10:16,61.836533,6.648514,65.919525,181.96587,852.15704,-0.023750836,52504.33200816617,96.0,N_739
2024-05-10 19:10:17,61.771526,6.6479797,65.86357,181.90991,852.15704,-0.024632476,52344.93965321446,96.0,N_739
2024-05-10 19:10:18,61.706547,6.6474457,65.80762,181.84695,852.15894,-0.024768403,52184.70539510332,96.0,N_739
2024-05-10 19:10:19,61.641594,6.646927,65.75166,181.78401,852.15894,-0.02600058,52037.84563025077,96.0,N_739
2024-05-10 19:10:20,61.576664,6.646393,65.702705,181.72806,852.1552,-0.025057629,51877.496055155934,96.0,N_739
2024-05-10 19:10:21,61.51176,6.645859,65.64675,181.6721,852.1552,-0.02770556,51700.298216999465,96.0,N_739
2024-05-10 19:10:22,61.44688,6.64534,65.5908,181.61615,852.1663,-0.029596215,51506.425372569516,96.0,N_739
2024-05-10 19:10:23,61.382027,6.644821,65.53484,181.5532,852.1719,-0.024936233,51347.98694864924,96.0,N_739
2024-05-10 19:10:24,61.3172,6.644287,65.4789,181.49725,852.12555,-0.032556042,51161.01971407819,96.0,N_739
2024-05-10 19:10:25,61.252396,6.6437683,65.42993,181.4413,852.0367,-0.031967625,50953.72413615238,96.0,N_739
2024-05-10 19:10:26,61.187614,6.6432495,65.373985,181.38535,851.96265,-0.030123472,50755.91010727379,96.0,N_739
2024-05-10 19:10:27,61.12286,6.6427307,65.31803,181.3224,851.94965,-0.030591588,50558.99019637723,96.0,N_739
2024-05-10 19:10:28,61.058132,6.642212,65.26208,181.26645,851.9644,-0.029612951,50389.56319778339,96.0,N_739
2024-05-10 19:10:29,60.993427,6.641693,65.21312,181.2105,851.96814,-0.02646091,50222.41888273773,96.0,N_739
2024-05-10 19:10:30,60.92875,6.6411743,65.157166,181.16153,851.96265,-0.011943783,50149.656925043375,96.0,N_739
2024-05-10 19:10:31,60.864094,6.640671,65.10121,181.09859,851.96265,-0.00595705,50119.30723313439,96.0,N_739
2024-05-10 19:10:32,60.799465,6.640152,65.04526,181.04263,851.9644,-0.0151398685,50037.35403950314,96.0,N_739
2024-05-10 19:10:33,60.734863,6.6396484,64.9963,180.98668,851.96265,-0.015436527,49941.51329869562,96.0,N_739
2024-05-10 19:10:34,60.670284,6.6391296,64.940346,180.93073,851.96265,-0.017042845,49837.92105131527,96.0,N_739
2024-05-10 19:10:35,60.60573,6.638626,64.88439,180.88177,851.9644,-0.023573648,49687.773755754686,96.0,N_739
2024-05-10 19:10:36,60.5412,6.6381226,64.82844,180.82582,851.9644,-0.012583816,49621.194898764836,96.0,N_739
2024-05-10 19:10:37,60.476696,6.637619,64.77948,180.76987,851.96075,-0.029267095,49431.39063121697,96.0,N_739
2024-05-10 19:10:38,60.412216,6.6371155,64.723526,180.71391,851.95886,-0.02299524,49285.185000493926,96.0,N_739
2024-05-10 19:10:39,60.347763,6.636612,64.66758,180.65796,851.9737,-0.019501574,49162.62591347592,96.0,N_739
2024-05-10 19:10:40,60.283333,6.6361084,64.611626,180.602,851.98114,-0.025290536,49003.88428397281,96.0,N_739
2024-05-10 19:10:41,60.21893,6.635605,64.55567,180.55305,851.9219,-0.025793651,48838.351568546896,96.0,N_739
2024-05-10 19:10:42,60.15455,6.6351166,64.49972,180.4971,851.81256,-0.018531473,48724.59040640268,96.0,N_739
2024-05-10 19:10:43,60.090195,6.634613,64.44376,180.44814,851.7459,-0.021347737,48589.16281203661,96.0,N_739
2024-05-10 19:10:44,60.025867,6.6341248,64.38781,180.39218,851.7459,-0.025375642,48429.67764824133,96.0,N_739
2024-05-10 19:10:45,59.961563,6.6336365,64.331856,180.34323,851.7681,-0.027463399,48252.58156394557,96.0,N_739
2024-05-10 19:10:46,59.89728,6.633133,64.27591,180.28728,851.7737,-0.02356637,48102.06156698263,96.0,N_739
2024-05-10 19:10:47,59.833027,6.6326447,64.219955,180.23132,851.7681,-0.025100727,47941.04771736887,96.0,N_739
2024-05-10 19:10:48,59.7688,6.6321564,64.164,180.17537,851.7681,-0.024342906,47805.856484825345,96.0,N_739
2024-05-10 19:10:49,59.704597,6.631668,64.11504,180.1264,851.7681,-0.025383923,47644.8731475502,96.0,N_739
2024-05-10 19:10:50,59.640415,6.63118,64.05909,180.07745,851.7681,-0.025380874,47481.643204721644,96.0,N_739
2024-05-10 19:10:51,59.576263,6.6306915,64.003136,180.0215,851.7681,-0.030091513,47286.40432365528,96.0,N_739
2024-05-10 19:10:52,59.512135,6.6302185,63.94718,179.96555,851.77,-0.040287532,47026.87166265714,96.0,N_739
2024-05-10 19:10:53,59.44803,6.62973,63.891228,179.91658,851.7681,-0.047227353,46754.79135925512,96.0,N_739
2024-05-10 19:10:54,59.38395,6.629242,63.84227,179.86763,851.7626,-0.03746721,46512.76594079347,96.0,N_739
2024-05-10 19:10:55,59.319897,6.628769,63.786316,179.81866,851.7626,-0.04374869,46223.96461960133,96.0,N_739
2024-05-10 19:10:56,59.255867,6.628296,63.730366,179.76271,851.77924,-0.050030176,45935.02945269884,96.0,N_739
2024-05-10 19:10:57,59.191864,6.6278076,63.681408,179.71376,851.7885,-0.056311656,45559.19007772046,96.0,N_739
2024-05-10 19:10:58,59.127884,6.6273346,63.625454,179.6578,851.7256,0.025730591,45741.23976434163,96.0,N_739
2024-05-10 19:10:59,59.06393,6.6268616,63.5695,179.60884,851.6163,0.013077844,45838.45196683753,96.0,N_739
2024-05-10 19:11:00,59.0,6.6263885,63.513546,179.55989,851.5551,0.000425096,45850.935287525426,96.0,N_739
2024-05-10 19:11:01,58.936504,6.6259613,63.457596,179.51093,851.56256,-0.012227652,45778.64368215167,96.0,N_739
2024-05-10 19:11:02,58.873024,6.6255493,63.40164,179.46196,851.58105,-0.053040564,45432.82905325187,96.0,N_739
2024-05-10 19:11:03,58.80955,6.625122,63.345688,179.41301,851.5792,-0.053092696,45086.55746677634,96.0,N_739
2024-05-10 19:11:04,58.74609,6.624695,63.289734,179.36404,851.57367,-0.05314483,44739.88000478416,96.0,N_739
2024-05-10 19:11:05,58.68264,6.624283,63.233784,179.3151,851.57367,-0.053196963,44392.72325739441,96.0,N_739
2024-05-10 19:11:06,58.6192,6.6238556,63.17783,179.26613,851.57367,-0.053249095,44037.80201626873,96.0,N_739
2024-05-10 19:11:07,58.55577,6.6234283,63.121876,179.21017,851.57367,-0.05330123,43689.93978873791,96.0,N_739
2024-05-10 19:11:08,58.492355,6.623001,63.065926,179.16122,851.57367,-0.05335336,43347.98438020081,96.0,N_739
2024-05-10 19:11:09,58.42895,6.622589,63.00997,179.11925,851.5755,-0.020607548,43233.90355726781,96.0,N_739
2024-05-10 19:11:10,58.365555,6.622162,62.961014,179.0703,851.57367,-0.05742961,42856.793160292786,96.0,N_739
2024-05-10 19:11:11,58.302174,6.6217346,62.90506,179.02133,851.57,-0.051835526,42518.24844310381,96.0,N_739
2024-05-10 19:11:12,58.2388,6.6213074,62.849106,178.97238,851.57367,-0.066128045,42083.572303165594,96.0,N_739
2024-05-10 19:11:13,58.175438,6.62088,62.79315,178.92342,851.5959,-0.060052726,41689.64922691609,96.0,N_739
2024-05-10 19:11:14,58.112087,6.620453,62.7372,178.87447,851.5978,-0.0050956346,41661.283451922616,96.0,N_739
2024-05-10 19:11:15,58.048748,6.620041,62.674255,178.8255,851.52924,-0.019386513,41558.22256558032,96.0,N_739
2024-05-10 19:11:16,57.98542,6.6196136,62.625294,178.78354,851.4199,-0.06329205,41140.9623595061,96.0,N_739
2024-05-10 19:11:17,57.922104,6.6191864,62.569344,178.73457,851.3607,-0.043811485,40855.843723792976,96.0,N_739
2024-05-10 19:11:18,57.8588,6.618759,62.51339,178.68562,851.36993,-0.049383894,40533.13830741192,96.0,N_739
2024-05-10 19:11:19,57.795506,6.618332,62.457436,178.63666,851.38477,-0.0549563,40172.85591193791,96.0,N_739
2024-05-10 19:11:20,57.732224,6.6179047,62.40148,178.5877,851.38293,-0.060528707,39782.696574247326,96.0,N_739
2024-05-10 19:11:21,57.66895,6.6174774,62.34553,178.54573,851.3774,-0.06610111,39347.03036336765,96.0,N_739
2024-05-10 19:11:22,57.60569,6.61705,62.289577,178.49678,851.3774,-0.07167352,38873.83425048353,96.0,N_739
2024-05-10 19:11:23,57.54244,6.616623,62.233624,178.44781,851.3792,-0.07094724,38414.60561924624,96.0,N_739
2024-05-10 19:11:24,57.4792,6.6161957,62.177673,178.40585,851.3792,-0.07022095,37950.824101868915,96.0,N_739
2024-05-10 19:11:25,57.415974,6.615753,62.12172,178.3569,851.3792,-0.069494665,37491.933970782266,96.0,N_739
2024-05-10 19:11:26,57.352757,6.615326,62.065765,178.30794,851.38104,-0.068768375,37096.995798445816,96.0,N_739
2024-05-10 19:11:27,57.28955,6.6148987,62.016808,178.26598,851.3792,-0.06804209,36646.45603520656,96.0,N_739
2024-05-10 19:11:28,57.226357,6.6144714,61.960854,178.21701,851.3755,-0.0673158,36210.75924602057,96.0,N_739
2024-05-10 19:11:29,57.16317,6.614044,61.9049,178.17505,851.3792,-0.06658952,35770.87791003908,96.0,N_739
2024-05-10 19:11:30,57.1,6.613617,61.84895,178.12608,851.394,-0.06586324,35344.61235312323,96.0,N_739
2024-05-10 19:11:31,57.03684,6.6131744,61.792995,178.08412,851.3792,-0.06513695,34914.29338823494,96.0,N_739
2024-05-10 19:11:32,56.97369,6.612747,61.73704,178.03517,851.3051,-0.064410664,34497.47532535868,96.0,N_739
2024-05-10 19:11:33,56.91055,6.61232,61.68109,177.9932,851.21625,-0.063684374,34085.231121879624,96.0,N_739
2024-05-10 19:11:34,56.84742,6.6118927,61.625137,177.95123,851.1718,-0.06295809,33669.28247161981,96.0,N_739
2024-05-10 19:11:35,56.784306,6.61145,61.569183,177.90228,851.17737,-0.062231805,33258.24874741274,96.0,N_739
2024-05-10 19:11:36,56.7212,6.611023,61.51323,177.85332,851.1884,-0.06150552,32860.346628699874,96.0,N_739
2024-05-10 19:11:37,56.658104,6.6105957,61.45728,177.81136,851.18665,-0.060779233,32467.009209202297,96.0,N_739
2024-05-10 19:11:38,56.59502,6.610153,61.401325,177.7694,851.18475,-0.060052946,32078.40367907929,96.0,N_739
2024-05-10 19:11:39,56.531948,6.609726,61.34537,177.72743,851.18475,-0.059997983,31724.5692309019,96.0,N_739
2024-05-10 19:11:40,56.468887,6.6092834,61.296413,177.67847,851.18475,-0.057644565,31350.847083142915,96.0,N_739
2024-05-10 19:11:41,56.405838,6.608856,61.24046,177.6365,851.18475,-0.05510615,30994.833022830288,96.0,N_739
2024-05-10 19:11:42,56.3428,6.608429,61.18451,177.59454,851.18475,-0.05256774,30648.31515858064,96.0,N_739
2024-05-10 19:11:43,56.27977,6.6079865,61.128555,177.54558,851.18665,-0.057146754,30236.59165879688,96.0,N_739
2024-05-10 19:11:44,56.216755,6.607559,61.06561,177.50362,851.18475,-0.05461026,29924.34927102614,96.0,N_739
2024-05-10 19:11:45,56.153748,6.6071167,61.016647,177.46165,851.1792,-0.05207377,29593.326988744913,96.0,N_739
2024-05-10 19:11:46,56.090755,6.6066895,60.960697,177.42668,851.18475,-0.049008746,29270.408216769647,96.0,N_739
2024-05-10 19:11:47,56.02777,6.606247,60.904743,177.37772,851.20325,-0.045943722,28974.88942900893,96.0,N_739
2024-05-10 19:11:48,55.964798,6.6058044,60.84879,177.33575,851.18475,-0.05647249,28609.25226440229,96.0,N_739
2024-05-10 19:11:49,55.901836,6.605377,60.792835,177.2938,851.08844,-0.06783654,28158.52234220758,96.0,N_739
2024-05-10 19:11:50,55.838886,6.6049347,60.736885,177.24483,850.9903,-0.066830866,27724.054273053334,96.0,N_739
2024-05-10 19:11:51,55.775948,6.6045074,60.68093,177.20287,850.9625,-0.067556694,27284.534989322652,96.0,N_739
2024-05-10 19:11:52,55.71302,6.604065,60.624977,177.1609,850.9792,-0.063624986,26878.879120707337,96.0,N_739
2024-05-10 19:11:53,55.650105,6.6036224,60.569027,177.12593,850.99585,-0.059693277,26491.306800418817,96.0,N_739
2024-05-10 19:11:54,55.5872,6.603195,60.513073,177.08397,850.9921,-0.05821104,26113.64437215517,96.0,N_739
2024-05-10 19:11:55,55.524303,6.6027527,60.45712,177.042,850.98846,-0.053238407,25807.543578689583,96.0,N_739
2024-05-10 19:11:56,55.461422,6.60231,60.40816,177.00003,850.9903,-0.05521078,25408.01024865701,96.0,N_739
2024-05-10 19:11:57,55.39855,6.6018677,60.345215,176.95807,850.9903,-0.053576846,25015.624853727884,96.0,N_739
2024-05-10 19:11:58,55.33569,6.6014404,60.28227,176.90912,850.9903,-0.049989793,24693.535904810822,96.0,N_739
2024-05-10 19:11:59,55.27284,6.600998,60.226315,176.86716,850.9903,-0.048931986,24377.20121494959,96.0,N_739
2024-05-10 19:12:00,55.21,6.6005554,60.17036,176.82518,850.9921,-0.045760017,24121.536150768887,96.0,N_739
2024-05-10 19:12:01,55.147255,6.6000977,60.121403,176.7902,850.9866,-0.040918395,23857.23988457745,96.0,N_739
2024-05-10 19:12:02,55.084515,6.599655,60.06545,176.74825,850.98285,-0.037792888,23642.249335841017,96.0,N_739
2024-05-10 19:12:03,55.021786,6.5991974,60.01649,176.70628,850.9903,-0.04018885,23357.910739364925,96.0,N_739
2024-05-10 19:12:04,54.959064,6.5987396,59.953545,176.67131,851.0107,-0.041788947,23059.083232538655,96.0,N_739
2024-05-10 19:12:05,54.896355,6.598282,59.8906,176.62935,850.9903,-0.036912996,22823.501956186265,96.0,N_739
2024-05-10 19:12:06,54.83365,6.5978394,59.834644,176.58739,850.89215,-0.041305363,22587.39182000931,96.0,N_739
2024-05-10 19:12:07,54.770954,6.5973816,59.785686,176.54543,850.79584,-0.044543214,22298.70903466623,96.0,N_739
2024-05-10 19:12:08,54.708267,6.596924,59.729733,176.50345,850.77545,-0.047781065,21989.45295765567,96.0,N_739
2024-05-10 19:12:09,54.645588,6.5964813,59.67378,176.46149,850.79584,-0.036075007,21758.191891024668,96.0,N_739
2024-05-10 19:12:10,54.582916,6.5960236,59.617825,176.41953,850.8032,-0.03800772,21518.941060656587,96.0,N_739
2024-05-10 19:12:11,54.520252,6.595566,59.561874,176.38455,850.79767,-0.048960652,21201.477729419155,96.0,N_739
2024-05-10 19:12:12,54.4576,6.5951233,59.50592,176.34259,850.794,-0.051347017,20874.869465498043,96.0,N_739
2024-05-10 19:12:13,54.394955,6.5946655,59.449966,176.30762,850.794,-0.056069233,20509.825882684396,96.0,N_739
2024-05-10 19:12:14,54.332317,6.594223,59.394012,176.26566,850.79584,-0.052052833,20171.668869279947,96.0,N_739
2024-05-10 19:12:15,54.269688,6.5937653,59.338062,176.2237,850.79767,-0.04803643,19860.23317706841,96.0,N_739
2024-05-10 19:12:16,54.207066,6.5933075,59.28211,176.18173,850.794,-0.047786538,19556.724154845746,96.0,N_739
2024-05-10 19:12:17,54.144455,6.592865,59.226154,176.14676,850.7921,-0.04684355,19253.00513866452,96.0,N_739
2024-05-10 19:12:18,54.08185,6.592407,59.170204,176.1048,850.8032,-0.0434906,18945.07952859174,96.0,N_739
2024-05-10 19:12:19,54.019253,6.5919647,59.107254,176.06982,850.80884,-0.044259198,18659.547236369093,96.0,N_739
2024-05-10 19:12:20,53.956665,6.591507,59.051304,176.02786,850.7644,-0.04462306,18409.42760246616,96.0,N_739
2024-05-10 19:12:21,53.894085,6.5910645,59.002342,175.99289,850.67365,-0.04498692,18116.793251049163,96.0,N_739
2024-05-10 19:12:22,53.831516,6.5906067,58.946392,175.95093,850.6014,-0.04396092,17838.05564385698,96.0,N_739
2024-05-10 19:12:23,53.768955,6.590164,58.890438,175.91595,850.58655,-0.045977693,17506.071710504435,96.0,N_739
2024-05-10 19:12:24,53.706398,6.5897064,58.82749,175.874,850.6014,-0.04244147,17238.254598372063,96.0,N_739
2024-05-10 19:12:25,53.643852,6.589264,58.771538,175.83902,850.60504,-0.037402235,16997.12856693382,96.0,N_739
2024-05-10 19:12:26,53.581314,6.588806,58.715584,175.79704,850.6014,-0.039348472,16748.46856066028,96.0,N_739
2024-05-10 19:12:27,53.518787,6.5883636,58.659634,175.76208,850.5995,-0.039983377,16518.695493838888,96.0,N_739
2024-05-10 19:12:28,53.456264,6.587906,58.610672,175.72011,850.6014,-0.038940534,16271.576744345908,96.0,N_739
2024-05-10 19:12:29,53.393753,6.5874634,58.55472,175.68515,850.6014,-0.039395012,16016.895263067549,96.0,N_739
2024-05-10 19:12:30,53.33125,6.5870056,58.498768,175.64317,850.6014,-0.045396782,15728.391757241634,96.0,N_739
2024-05-10 19:12:31,53.268753,6.586563,58.442814,175.60822,850.6033,-0.03964029,15471.968951108314,96.0,N_739
2024-05-10 19:12:32,53.206264,6.5861206,58.386864,175.56624,850.6033,-0.029747715,15263.889885439643,96.0,N_739
2024-05-10 19:12:33,53.143787,6.585663,58.323914,175.53128,850.5977,-0.033634774,15078.064328438659,96.0,N_739
2024-05-10 19:12:34,53.081314,6.5852203,58.274956,175.4963,850.5958,-0.03520375,14855.069128177265,96.0,N_739
2024-05-10 19:12:35,53.018852,6.5847626,58.219,175.46133,850.6106,-0.03675786,14617.751557487605,96.0,N_739
2024-05-10 19:12:36,52.956398,6.58432,58.16305,175.41937,850.6199,-0.031072915,14422.985956010509,96.0,N_739
2024-05-10 19:12:37,52.893955,6.5838776,58.107098,175.3844,850.5588,-0.031357713,14202.869983642446,96.0,N_739
2024-05-10 19:12:38,52.831516,6.58342,58.04415,175.34943,850.4495,-0.029395457,14019.972794853848,96.0,N_739
2024-05-10 19:12:39,52.769085,6.5829773,57.988197,175.31445,850.3828,-0.031451073,13840.577943355613,96.0,N_739
2024-05-10 19:12:40,52.706665,6.582535,57.93924,175.27249,850.3847,-0.028997881,13658.256238605682,96.0,N_739
2024-05-10 19:12:41,52.644253,6.582077,57.883286,175.23752,850.4069,-0.03667628,13399.127217437874,96.0,N_739
2024-05-10 19:12:42,52.58185,6.5816345,57.82034,175.20255,850.4125,-0.035056237,13178.917467474601,96.0,N_739
2024-05-10 19:12:43,52.519455,6.581192,57.764385,175.16759,850.4069,-0.03567121,12948.431379959895,96.0,N_739
2024-05-10 19:12:44,52.457066,6.5807343,57.70843,175.12561,850.4051,-0.030976908,12754.039099402838,96.0,N_739
2024-05-10 19:12:45,52.394688,6.5802917,57.65248,175.09064,850.4069,-0.03159161,12555.43879993094,96.0,N_739
2024-05-10 19:12:46,52.332317,6.5798492,57.596527,175.05568,850.40875,-0.028230317,12378.894659710602,96.0,N_739
2024-05-10 19:12:47,52.269955,6.5793915,57.540573,175.0207,850.4069,-0.024176065,12207.865707457024,96.0,N_739
2024-05-10 19:12:48,52.2076,6.578949,57.477627,174.97874,850.40137,-0.02251676,12070.011944741838,96.0,N_739
2024-05-10 19:12:49,52.145252,6.5785065,57.421673,174.94377,850.4069,-0.020921968,11941.451671862771,96.0,N_739
2024-05-10 19:12:50,52.082916,6.578064,57.365723,174.9088,850.42914,-0.020431314,11831.053688864064,96.0,N_739
2024-05-10 19:12:51,52.020588,6.5776215,57.31676,174.87383,850.42914,-0.025099678,11673.914480915002,96.0,N_739
2024-05-10 19:12:52,51.958267,6.5771637,57.26081,174.83885,850.3624,-0.022671556,11516.934734667546,96.0,N_739
2024-05-10 19:12:53,51.895954,6.576721,57.19786,174.80388,850.2514,-0.023495382,11372.400089986888,96.0,N_739
2024-05-10 19:12:54,51.83365,6.5762787,57.14191,174.76892,850.1939,-0.02153694,11239.663967169115,96.0,N_739
2024-05-10 19:12:55,51.771355,6.575836,57.085957,174.73395,850.2013,-0.025530262,11080.614742312653,96.0,N_739
2024-05-10 19:12:56,51.709064,6.5753937,57.030003,174.69897,850.2162,-0.026140152,10917.531994690313,96.0,N_739
2024-05-10 19:12:57,51.646786,6.574936,56.974052,174.664,850.2143,-0.025794007,10756.688713596353,96.0,N_739
2024-05-10 19:12:58,51.584515,6.5744934,56.9181,174.62903,850.21063,-0.02366564,10606.286452369588,96.0,N_739
2024-05-10 19:12:59,51.522255,6.574051,56.862144,174.58707,850.20874,-0.023319488,10464.750790104345,96.0,N_739
2024-05-10 19:13:00,51.46,6.5736084,56.80619,174.5591,850.21246,-0.023129292,10321.259590168458,96.0,N_739
2024-05-10 19:13:01,51.39759,6.573181,56.75024,174.52412,850.2143,-0.023093704,10178.094753370593,96.0,N_739
2024-05-10 19:13:02,51.335194,6.572754,56.694286,174.48915,850.21246,-0.024493337,10025.680477690941,96.0,N_739
2024-05-10 19:13:03,51.27281,6.5723114,56.638332,174.45418,850.20685,-0.024452506,9855.396797921116,96.0,N_739
2024-05-10 19:13:04,51.21044,6.571884,56.575386,174.4192,850.21246,-0.024742074,9702.329454601455,96.0,N_739
2024-05-10 19:13:05,51.14809,6.571457,56.519432,174.38423,850.231,-0.026307823,9541.247392692407,96.0,N_739
2024-05-10 19:13:06,51.08575,6.5710144,56.46348,174.35626,850.21063,-0.027067574,9386.731644501686,96.0,N_739
2024-05-10 19:13:07,51.023422,6.570587,56.41452,174.3143,850.11615,-0.026242554,9221.736432658567,96.0,N_739
2024-05-10 19:13:08,50.96111,6.57016,56.35857,174.27933,850.0161,-0.02525544,9048.365745031619,96.0,N_739
2024-05-10 19:13:09,50.89881,6.5697174,56.295624,174.25136,849.9884,-0.025217758,8891.892956377224,96.0,N_739
2024-05-10 19:13:10,50.836525,6.56929,56.23967,174.21638,850.0069,-0.025021331,8735.77120383078,96.0,N_739
2024-05-10 19:13:11,50.774254,6.568863,56.183716,174.18141,850.02167,-0.022900503,8593.617093403996,96.0,N_739
2024-05-10 19:13:12,50.711998,6.5684204,56.12776,174.14644,850.0199,-0.0242937,8442.251175097383,96.0,N_739
2024-05-10 19:13:13,50.649757,6.567993,56.07181,174.11147,850.0161,-0.025370633,8264.9657799784,96.0,N_739
2024-05-10 19:13:14,50.587524,6.5675507,56.00886,174.07649,850.0161,-0.02454484,8116.15171762747,96.0,N_739
2024-05-10 19:13:15,50.52531,6.5671234,55.95291,174.04852,850.018,-0.024035295,7966.270258464563,96.0,N_739
2024-05-10 19:13:16,50.463108,6.566681,55.896957,174.01355,850.018,-0.02526625,7808.358144063248,96.0,N_739
2024-05-10 19:13:17,50.40092,6.5662537,55.841003,173.97858,850.0143,-0.025864614,7646.475439114884,96.0,N_739
2024-05-10 19:13:18,50.33875,6.565811,55.785053,173.9436,850.0087,-0.026306119,7485.131672748102,96.0,N_739
2024-05-10 19:13:19,50.27659,6.5653687,55.7291,173.91563,850.018,-0.02564698,7324.493156147623,96.0,N_739
2024-05-10 19:13:20,50.214443,6.5649414,55.673145,173.88066,850.0365,-0.02466288,7170.453959842207,96.0,N_739
2024-05-10 19:13:21,50.15231,6.564499,55.61719,173.84569,850.0161,-0.024309,7040.109069258229,96.0,N_739
2024-05-10 19:13:22,50.09019,6.5640717,55.568233,173.81772,849.918,-0.024114022,6888.481186114354,96.0,N_739
2024-05-10 19:13:23,50.028088,6.563629,55.51228,173.78275,849.8217,-0.02407453,6720.474077798733,96.0,N_739
2024-05-10 19:13:24,49.966,6.5631866,55.449333,173.74777,849.80316,-0.024668049,6549.11449070605,96.0,N_739
2024-05-10 19:13:25,49.903923,6.5627594,55.386387,173.7128,849.8217,-0.024638345,6399.469367348769,96.0,N_739
2024-05-10 19:13:26,49.841858,6.562317,55.330433,173.68483,849.8273,-0.023819435,6268.053039185917,96.0,N_739
2024-05-10 19:13:27,49.77981,6.5618744,55.281475,173.64986,849.8217,-0.023154644,6122.756991752916,96.0,N_739
2024-05-10 19:13:28,49.717777,6.561432,55.22552,173.61488,849.8198,-0.022178346,5968.567284451039,96.0,N_739
2024-05-10 19:13:29,49.655754,6.5610046,55.162575,173.57991,849.8217,-0.02182681,5837.0639225804425,96.0,N_739
2024-05-10 19:13:30,49.59375,6.560562,55.10662,173.55194,849.82355,-0.021015584,5709.64407510747,96.0,N_739
2024-05-10 19:13:31,49.531754,6.5601196,55.05067,173.52396,849.82355,-0.020199727,5599.4019913715365,96.0,N_739
2024-05-10 19:13:32,49.469776,6.559677,55.00171,173.489,849.8198,-0.020007104,5477.575648089814,96.0,N_739
2024-05-10 19:13:33,49.40781,6.5592346,54.94576,173.46101,849.818,-0.018722957,5348.572741112745,96.0,N_739
2024-05-10 19:13:34,49.34586,6.558792,54.882812,173.42604,849.8328,-0.018378254,5236.788867687814,96.0,N_739
2024-05-10 19:13:35,49.28392,6.5583496,54.82686,173.39107,849.8402,-0.017874544,5116.34495931542,96.0,N_739
2024-05-10 19:13:36,49.221996,6.557907,54.763912,173.3631,849.78094,-0.018160947,5019.018740879001,96.0,N_739
2024-05-10 19:13:37,49.160088,6.55748,54.71495,173.32812,849.6698,-0.01798284,4910.243660002961,96.0,N_739
2024-05-10 19:13:38,49.098194,6.5570374,54.659,173.30016,849.605,-0.017167792,4805.2351185764455,96.0,N_739
2024-05-10 19:13:39,49.036312,6.556595,54.603046,173.26518,849.605,-0.018547973,4677.519949345326,96.0,N_739
2024-05-10 19:13:40,48.97444,6.5561523,54.5401,173.23021,849.62726,-0.018048495,4583.754462458894,96.0,N_739
2024-05-10 19:13:41,48.91259,6.55571,54.491142,173.20224,849.63275,-0.017858554,4475.592121057312,96.0,N_739
2024-05-10 19:13:42,48.850746,6.555252,54.43519,173.17426,849.62726,-0.016895752,4359.866032460148,96.0,N_739
2024-05-10 19:13:43,48.78892,6.5548096,54.372242,173.13928,849.62537,-0.014043699,4268.071617519767,96.0,N_739
2024-05-10 19:13:44,48.727108,6.554367,54.30929,173.11131,849.62726,-0.013401033,4188.95380629968,96.0,N_739
2024-05-10 19:13:45,48.66531,6.5539246,54.25334,173.07634,849.6291,-0.013530641,4120.029446654267,96.0,N_739
2024-05-10 19:13:46,48.603527,6.553482,54.20438,173.04837,849.62726,-0.013817301,4036.0572054950317,96.0,N_739
2024-05-10 19:13:47,48.541756,6.5530396,54.14843,173.0134,849.6217,-0.013318312,3948.440814577307,96.0,N_739
2024-05-10 19:13:48,48.48,6.552597,54.085484,172.98541,849.6217,-0.0143937515,3862.6592366360073,96.0,N_739
2024-05-10 19:13:49,48.418255,6.5521545,54.02953,172.95044,849.6383,-0.014519613,3787.9992103169316,96.0,N_739
2024-05-10 19:13:50,48.356525,6.551697,53.98057,172.92247,849.64764,-0.013718062,3696.2988983964387,96.0,N_739
2024-05-10 19:13:51,48.29481,6.5512543,53.91762,172.89449,849.5846,-0.0136921955,3615.1306717645402,96.0,N_739
2024-05-10 19:13:52,48.23311,6.550812,53.86167,172.85953,849.4735,-0.013045963,3529.4298138472714,96.0,N_739
2024-05-10 19:13:53,48.17142,6.5503693,53.798725,172.83154,849.41425,-0.013329426,3452.5674566739635,96.0,N_739
2024-05-10 19:13:54,48.10975,6.5499115,53.74277,172.80357,849.4235,-0.013301467,3384.71844682719,96.0,N_739
2024-05-10 19:13:55,48.048088,6.549469,53.693813,172.77559,849.4383,-0.012656104,3308.2985947247926,96.0,N_739
2024-05-10 19:13:56,47.986443,6.5490265,53.63786,172.74062,849.43646,-0.012319107,3237.058601607303,96.0,N_739
2024-05-10 19:13:57,47.92481,6.5485687,53.581905,172.71265,849.4309,-0.011827577,3167.1385607438006,96.0,N_739
2024-05-10 19:13:58,47.863194,6.548126,53.52595,172.67767,849.4309,-0.010873728,3097.1205598246797,96.0,N_739
2024-05-10 19:13:59,47.80159,6.5476685,53.463005,172.6497,849.43274,-0.0111626405,3034.262922438953,96.0,N_739
2024-05-10 19:14:00,47.739998,6.547226,53.40705,172.62172,849.43463,-0.011135744,2960.7191390893495,96.0,N_739
2024-05-10 19:14:01,47.678257,6.546768,53.344105,172.58675,849.43274,-0.011113604,2898.283364102277,96.0,N_739
2024-05-10 19:14:02,47.616535,6.5463104,53.288155,172.55878,849.4291,-0.011090116,2834.8381252929576,96.0,N_739
2024-05-10 19:14:03,47.554836,6.545868,53.2322,172.53079,849.43274,-0.011063676,2777.903649215923,96.0,N_739
2024-05-10 19:14:04,47.493153,6.54541,53.183243,172.49583,849.4476,-0.0105753755,2716.8811659642706,96.0,N_739
2024-05-10 19:14:05,47.43149,6.5449524,53.12729,172.46785,849.43274,-0.010088702,2659.9215768133763,96.0,N_739
2024-05-10 19:14:06,47.369846,6.5444946,53.071335,172.43988,849.3587,-0.010067678,2603.085272919465,96.0,N_739
2024-05-10 19:14:07,47.308224,6.544037,53.01538,172.4119,849.26984,-0.010199872,2537.7463873677552,96.0,N_739
2024-05-10 19:14:08,47.24662,6.5435944,52.952435,172.38393,849.22534,-0.010332066,2471.0516171587587,96.0,N_739
2024-05-10 19:14:09,47.185036,6.5431366,52.88949,172.34895,849.2309,-0.009229028,2420.777914982835,96.0,N_739
2024-05-10 19:14:10,47.12347,6.542679,52.833534,172.32097,849.242,-0.008898285,2371.514566519796,96.0,N_739
2024-05-10 19:14:11,47.061924,6.542221,52.777584,172.293,849.2401,-0.008724505,2329.8273339851094,96.0,N_739
2024-05-10 19:14:12,47.000397,6.5417633,52.728622,172.26503,849.23834,-0.008550725,2281.785637716168,96.0,N_739
2024-05-10 19:14:13,46.938892,6.5413055,52.672672,172.23705,849.2401,-0.008221777,2230.739915215161,96.0,N_739
2024-05-10 19:14:14,46.877403,6.540848,52.609722,172.20908,849.23645,-0.008506036,2183.7027181657522,96.0,N_739
2024-05-10 19:14:15,46.815937,6.5404053,52.553772,172.1741,849.2327,-0.008027839,2134.1648508088183,96.0,N_739
2024-05-10 19:14:16,46.754486,6.5399475,52.490826,172.14612,849.24945,-0.0080085825,2091.6506471681278,96.0,N_739
2024-05-10 19:14:17,46.693058,6.5394897,52.43487,172.11815,849.26605,-0.007984179,2048.2657912474497,96.0,N_739
2024-05-10 19:14:18,46.63165,6.539032,52.378918,172.09016,849.23834,-0.007507718,2007.9774827412257,96.0,N_739
2024-05-10 19:14:19,46.57026,6.538574,52.322964,172.0622,849.1383,-0.0077924053,1965.8268751415217,96.0,N_739
2024-05-10 19:14:20,46.50889,6.5381165,52.267014,172.03421,849.0438,-0.007465279,1925.7971367055961,96.0,N_739
2024-05-10 19:14:21,46.447536,6.5376587,52.21106,172.00624,849.0253,-0.007445364,1879.2762699548057,96.0,N_739
2024-05-10 19:14:22,46.386204,6.537201,52.148113,171.97127,849.0438,-0.0074238945,1840.6298922011938,96.0,N_739
2024-05-10 19:14:23,46.324894,6.536743,52.09216,171.9433,849.0494,-0.0072501465,1802.8793602612004,96.0,N_739
2024-05-10 19:14:24,46.2636,6.5362854,52.036205,171.92232,849.0438,-0.0073816814,1762.083107607963,96.0,N_739
2024-05-10 19:14:25,46.202324,6.5358276,51.980255,171.88734,849.0438,-0.007361875,1728.2360500372906,96.0,N_739
2024-05-10 19:14:26,46.14107,6.53537,51.931293,171.85936,849.0438,-0.0073436676,1687.936788149791,96.0,N_739
2024-05-10 19:14:27,46.079838,6.534912,51.875343,171.83139,849.0383,-0.0073213936,1643.3103132666183,96.0,N_739
2024-05-10 19:14:28,46.018623,6.5344543,51.812393,171.8034,849.0383,-0.007301459,1605.295615829873,96.0,N_739
2024-05-10 19:14:29,45.957424,6.5339966,51.756443,171.77544,849.05493,-0.007056184,1562.582433767553,96.0,N_739
2024-05-10 19:14:30,45.896248,6.533539,51.693497,171.74745,849.0624,-0.006810909,1527.7437303219504,96.0,N_739
2024-05-10 19:14:31,45.83509,6.533081,51.637543,171.71948,849.0012,-0.0067891954,1492.0236566022813,96.0,N_739
2024-05-10 19:14:32,45.773956,6.5326233,51.58159,171.6915,848.89014,-0.0070714047,1454.4572323742632,96.0,N_739
2024-05-10 19:14:33,45.712837,6.5321655,51.525635,171.66353,848.829,-0.0072018257,1416.0344728595664,96.0,N_739
2024-05-10 19:14:34,45.651737,6.531708,51.469685,171.63556,848.83826,-0.0070300205,1378.718224243481,96.0,N_739
2024-05-10 19:14:35,45.59066,6.53125,51.41373,171.60757,848.8549,-0.006711491,1343.4744952000274,96.0,N_739
2024-05-10 19:14:36,45.5296,6.530777,51.357777,171.5796,848.8549,-0.0066924286,1308.3472185894261,96.0,N_739
2024-05-10 19:14:37,45.46856,6.530319,51.301826,171.55162,848.84937,-0.0069707297,1266.1909023977678,96.0,N_739
2024-05-10 19:14:38,45.40754,6.5298615,51.238876,171.52365,848.8475,-0.006651649,1232.3217940799168,96.0,N_739
2024-05-10 19:14:39,45.34654,6.5294037,51.182926,171.49567,848.84937,-0.006633977,1197.54945611119,96.0,N_739
2024-05-10 19:14:40,45.285557,6.528946,51.126972,171.4677,848.85126,-0.0066150236,1162.8907957219017,96.0,N_739
2024-05-10 19:14:41,45.224594,6.528488,51.07102,171.43971,848.84937,-0.0065948763,1123.4392164469482,96.0,N_739
2024-05-10 19:14:42,45.16365,6.5280304,51.00807,171.41174,848.8457,-0.0061275144,1092.9531197560373,96.0,N_739
2024-05-10 19:14:43,45.102726,6.5275574,50.952118,171.38376,848.84937,-0.0061091003,1061.5768170270658,96.0,N_739
2024-05-10 19:14:44,45.04182,6.5270996,50.896168,171.35579,848.8642,-0.006090714,1031.1083316752956,96.0,N_739
2024-05-10 19:14:45,44.980938,6.526642,50.840214,171.33481,848.84937,-0.0060698455,999.855427298,96.0,N_739
2024-05-10 19:14:46,44.92007,6.526184,50.78426,171.30682,848.7753,-0.0060527967,968.8207175301723,96.0,N_739
2024-05-10 19:14:47,44.859226,6.5257263,50.728306,171.27885,848.6846,-0.0060332175,937.9062181264999,96.0,N_739
2024-05-10 19:14:48,44.7984,6.5252533,50.672356,171.25087,848.64014,-0.006012438,907.11886362716,96.0,N_739
2024-05-10 19:14:49,44.737595,6.5247955,50.6164,171.2229,848.6475,-0.005995466,876.4329188090869,96.0,N_739
2024-05-10 19:14:50,44.676804,6.524338,50.560448,171.19492,848.6586,-0.005684941,843.5343526788638,96.0,N_739
2024-05-10 19:14:51,44.616035,6.52388,50.4975,171.16695,848.65674,-0.0055182865,816.9551389562603,96.0,N_739
2024-05-10 19:14:52,44.55529,6.523407,50.441547,171.13898,848.6549,-0.005498077,790.2326239194663,96.0,N_739
2024-05-10 19:14:53,44.49456,6.522949,50.385597,171.11798,848.6549,-0.0054778885,762.7872709685744,96.0,N_739
2024-05-10 19:14:54,44.43385,6.5224915,50.329643,171.09001,848.65125,-0.005168275,737.4697729171276,96.0,N_739
2024-05-10 19:14:55,44.373158,6.5220337,50.27369,171.06204,848.6475,-0.0050038737,709.4918428288893,96.0,N_739
2024-05-10 19:14:56,44.31249,6.5215607,50.210743,171.03406,848.6549,-0.0049827634,687.0452837948269,96.0,N_739
2024-05-10 19:14:57,44.25184,6.521103,50.15479,171.01308,848.6753,-0.004965675,659.2218621970715,96.0,N_739
2024-05-10 19:14:58,44.191204,6.520645,50.091843,170.9851,848.6549,-0.0049471385,636.3180934556476,96.0,N_739
2024-05-10 19:14:59,44.130592,6.520172,50.03589,170.95712,848.55493,-0.00493135,612.5137411695287,96.0,N_739
2024-05-10 19:15:00,44.07,6.5197144,49.97994,170.92915,848.4586,-0.0049143094,592.4231108692311,96.0,N_739
2024-05-10 19:15:01,44.009426,6.519272,49.930977,170.90117,848.44006,-0.0044600186,570.6887700970183,96.0,N_739
2024-05-10 19:15:02,43.94887,6.518814,49.875027,170.8732,848.46045,-0.0044447435,547.2794494059417,96.0,N_739
2024-05-10 19:15:03,43.888336,6.5183716,49.812077,170.85222,848.4642,-0.0044268053,527.6341393116618,96.0,N_739
2024-05-10 19:15:04,43.82782,6.517914,49.756126,170.82423,848.46045,-0.004407865,504.479929563282,96.0,N_739
2024-05-10 19:15:05,43.767326,6.517456,49.69318,170.80325,848.4586,-0.0043899985,485.05948909584913,96.0,N_739
2024-05-10 19:15:06,43.70685,6.5170135,49.637226,170.77528,848.46045,-0.0043736272,464.8501519272304,96.0,N_739
2024-05-10 19:15:07,43.646393,6.516556,49.581272,170.7473,848.4567,-0.004066651,446.6447565784965,96.0,N_739
2024-05-10 19:15:08,43.585957,6.516098,49.52532,170.71933,848.45496,-0.0039029967,429.5038610692791,96.0,N_739
2024-05-10 19:15:09,43.525536,6.5156555,49.469368,170.69135,848.4697,-0.0038883993,410.04452264900283,96.0,N_739
2024-05-10 19:15:10,43.465137,6.5151978,49.40642,170.67036,848.479,-0.0038711778,393.9840951094975,96.0,N_739
2024-05-10 19:15:11,43.40476,6.51474,49.350468,170.6424,848.41785,-0.0038541416,377.6793054791051,96.0,N_739
2024-05-10 19:15:12,43.3444,6.514282,49.294514,170.6214,848.30865,-0.003838427,360.82545581324666,96.0,N_739
2024-05-10 19:15:13,43.284058,6.5138245,49.23856,170.59343,848.24194,-0.0038239518,344.1699064200984,96.0,N_739
2024-05-10 19:15:14,43.22374,6.5133667,49.18261,170.56546,848.2438,-0.003808303,327.60693983089186,96.0,N_739
2024-05-10 19:15:15,43.163437,6.512909,49.126656,170.53748,848.266,-0.0033588968,311.91146209388717,96.0,N_739
2024-05-10 19:15:16,43.103153,6.512451,49.06371,170.5165,848.2697,-0.003342359,299.2734131229554,96.0,N_739
2024-05-10 19:15:17,43.042892,6.5119934,49.007755,170.48853,848.266,-0.0033272847,285.84225308711393,96.0,N_739
2024-05-10 19:15:18,42.982647,6.5115356,48.9518,170.46054,848.2641,-0.0033122422,272.9756892868718,96.0,N_739
2024-05-10 19:15:19,42.922424,6.511078,48.89585,170.43956,848.266,-0.0032972335,257.1707810612079,96.0,N_739
2024-05-10 19:15:20,42.86222,6.51062,48.8329,170.41158,848.2623,-0.0032783477,245.03495840394316,96.0,N_739
2024-05-10 19:15:21,42.802036,6.510147,48.77695,170.3836,848.266,-0.0032634079,232.46313490076682,96.0,N_739
2024-05-10 19:15:22,42.74187,6.5096893,48.720997,170.36263,848.27893,-0.003248499,219.40931461400578,96.0,N_739
2024-05-10 19:15:23,42.681725,6.5092316,48.665043,170.33464,848.2641,-0.003231133,207.03615340996294,96.0,N_739
2024-05-10 19:15:24,42.621597,6.5087585,48.609093,170.31366,848.19006,-0.0027893065,196.98137199063967,96.0,N_739
2024-05-10 19:15:25,42.561493,6.508301,48.55314,170.28569,848.1012,-0.002773807,187.12878787962836,96.0,N_739
2024-05-10 19:15:26,42.501404,6.5078278,48.497185,170.2577,848.05676,-0.002761849,177.74831783639274,96.0,N_739
2024-05-10 19:15:27,42.441338,6.50737,48.44123,170.23672,848.0623,-0.0027452428,167.96694978865162,96.0,N_739
2024-05-10 19:15:28,42.381287,6.506897,48.38528,170.20876,848.07336,-0.002730859,156.70627643054831,96.0,N_739
2024-05-10 19:15:29,42.32126,6.506439,48.32233,170.18777,848.07153,-0.0027129345,148.1110512398027,96.0,N_739
2024-05-10 19:15:30,42.26125,6.505966,48.26638,170.15979,848.0697,-0.002702267,139.0915795247056,96.0,N_739
2024-05-10 19:15:31,42.20126,6.5055084,48.210426,170.13881,848.07153,-0.0026869718,129.66778982888172,96.0,N_739
2024-05-10 19:15:32,42.141285,6.5050354,48.154472,170.11084,848.0678,-0.0026715489,118.463134119791,96.0,N_739
2024-05-10 19:15:33,42.081337,6.5045624,48.091526,170.08286,848.066,-0.0022330694,111.73411800289068,96.0,N_739
2024-05-10 19:15:34,42.021404,6.5040894,48.02858,170.06187,848.0808,-0.0022181426,106.67895757129008,96.0,N_739
2024-05-10 19:15:35,41.96149,6.5036316,47.972626,170.0409,848.0993,-0.0022046247,100.39702357645001,96.0,N_739
2024-05-10 19:15:36,41.901596,6.5031586,47.91667,170.01292,848.0697,-0.0021886674,94.64252764305638,96.0,N_739
2024-05-10 19:15:37,41.841724,6.5026855,47.86072,169.99193,847.96967,-0.0021752222,88.54233776852197,96.0,N_739
2024-05-10 19:15:38,41.78187,6.5022125,47.804768,169.96396,847.87524,-0.0021618118,82.63003015258982,96.0,N_739
2024-05-10 19:15:39,41.722034,6.5017395,47.748814,169.93599,847.8567,-0.0021484348,75.49322562099223,96.0,N_739
2024-05-10 19:15:40,41.66222,6.5012665,47.685867,169.915,847.87524,-0.0021312495,70.64737332369077,96.0,N_739
2024-05-10 19:15:41,41.602425,6.5007935,47.629913,169.88702,847.8808,-0.002117944,65.32237593568243,96.0,N_739
2024-05-10 19:15:42,41.54265,6.5003204,47.573963,169.86604,847.87524,-0.0021046726,61.19580771029359,96.0,N_739
2024-05-10 19:15:43,41.48289,6.4998474,47.525,169.83806,847.87524,-0.0020927852,53.45953310332334,96.0,N_739
2024-05-10 19:15:44,41.423153,6.499359,47.462055,169.81708,847.8771,-0.0020757494,48.95552998812673,96.0,N_739
2024-05-10 19:15:45,41.363434,6.498886,47.406105,169.78911,847.87335,-0.0020625812,42.40476803490674,96.0,N_739
2024-05-10 19:15:46,41.303738,6.498413,47.343155,169.76813,847.8715,-0.002048102,38.06988389727485,96.0,N_739
2024-05-10 19:15:47,41.244057,6.49794,47.287205,169.74014,847.8863,-0.0017567873,35.0328174165752,96.0,N_739
2024-05-10 19:15:48,41.1844,6.497452,47.23125,169.71916,847.89374,-0.001605111,32.61915085356304,96.0,N_739
2024-05-10 19:15:49,41.124756,6.4969788,47.175297,169.6912,847.83264,-0.001590085,29.441431475646823,96.0,N_739
2024-05-10 19:15:50,41.065136,6.4964905,47.11235,169.67021,847.7234,-0.001714863,27.532944540984317,96.0,N_739
2024-05-10 19:15:51,41.005535,6.4960175,47.056396,169.64923,847.66223,-0.0019791392,22.945633746972817,96.0,N_739
2024-05-10 19:15:52,40.945953,6.4955444,47.000446,169.62823,847.6715,-0.0019662143,18.13648160834782,96.0,N_739
2024-05-10 19:15:53,40.88639,6.495056,46.944492,169.60027,847.6882,-0.0019508477,13.824096301854297,96.0,N_739
2024-05-10 19:15:54,40.826847,6.494568,46.88854,169.57928,847.68634,-0.0015240847,11.911717002252772,96.0,N_739
2024-05-10 19:15:55,40.767323,6.494095,46.832584,169.5513,847.6807,-0.00151175,9.060420382953453,96.0,N_739
2024-05-10 19:15:56,40.70782,6.4936066,46.769638,169.52333,847.6807,-0.001498134,7.4838317410612945,96.0,N_739
2024-05-10 19:15:57,40.648335,6.4931183,46.70669,169.50235,847.6807,-0.0017570453,5.267662969066805,96.0,N_739
2024-05-10 19:15:58,40.58887,6.4926453,46.650738,169.48137,847.67706,-0.0017444921,3.4615511744759715,96.0,N_739
2024-05-10 19:15:59,40.529423,6.492157,46.60178,169.46039,847.6807,-0.0017332745,-0.8267985223246797,96.0,N_739
2024-05-10 19:16:00,40.469997,6.4916687,46.545826,169.4324,847.69556,-0.0014456721,-1.9269550319240807,96.0,N_739
2024-05-10 19:16:01,40.41092,6.491165,46.489876,169.41142,847.6807,-0.0014346809,-4.347998514913343,96.0,N_739
2024-05-10 19:16:02,40.35185,6.4906616,46.426926,169.38345,847.6067,-0.001417667,-5.377391508183791,96.0,N_739
2024-05-10 19:16:03,40.292786,6.4901733,46.36398,169.36247,847.5178,-0.0014054592,-5.584507368617778,96.0,N_739
2024-05-10 19:16:04,40.23373,6.48967,46.30803,169.33449,847.4734,-0.001392288,-6.362754224381206,96.0,N_739
2024-05-10 19:16:05,40.174686,6.4891663,46.252075,169.3135,847.4789,-0.0013814481,-7.176673865884368,96.0,N_739
2024-05-10 19:16:06,40.115646,6.4886627,46.19612,169.29253,847.49,-0.0013670209,-9.127177453805416,96.0,N_739
2024-05-10 19:16:07,40.056618,6.488159,46.133175,169.26454,847.48816,-0.0013538252,0.0,96.0,N_739
